time,halfW01,d0,d1,d2,d3
2.943,0.8582,2,5,5,2
0.333,0.8678,2,5,5,2
0.365,0.8684,2,5,5,2
0.397,0.8695,2,5,5,2
0.429,0.8700,2,5,5,2
0.463,0.8711,2,5,5,2
0.496,0.8722,2,5,5,2
0.530,0.8727,2,5,5,2
0.562,0.8738,2,5,5,2
0.596,0.8748,2,5,5,2
0.630,0.8754,2,5,5,2
0.662,0.8764,2,5,5,2
0.696,0.8774,2,5,5,2
0.730,0.8780,2,5,5,2
0.764,0.8790,2,5,5,2
0.797,0.8800,2,5,5,2
0.832,0.8805,2,5,5,2
0.863,0.8816,2,5,5,2
0.897,0.8826,2,5,5,2
0.930,0.8831,2,5,5,2
0.964,0.8841,2,5,5,2
0.997,0.8851,2,5,5,2
1.031,0.8856,2,5,5,2
1.062,0.8866,2,5,5,2
1.095,0.8875,2,5,5,2
1.129,0.8880,2,5,5,2
1.164,0.8890,2,5,5,2
1.197,0.8900,2,5,5,2
1.231,0.8905,2,5,5,2
1.263,0.8914,2,5,5,2
1.297,0.8924,2,5,5,2
1.329,0.8929,2,5,5,2
1.364,0.8938,0,0,0,0
1.395,0.8948,0,0,0,0
1.430,0.8952,0,0,0,0
1.462,0.8962,0,0,0,0
1.497,0.8971,0,0,0,0
1.530,0.8975,0,0,0,0
1.562,0.8985,0,0,0,0
1.595,0.8994,0,0,0,0
1.631,0.8998,0,0,0,0
1.663,0.9007,0,0,0,0
1.697,0.9016,0,0,0,0
1.729,0.9021,0,0,0,0
1.763,0.9029,0,0,0,0
1.797,0.9038,0,0,0,0
1.830,0.9042,0,0,0,0
1.863,0.9051,0,0,0,0
1.897,0.9060,0,0,0,0
1.930,0.9064,0,0,0,0
1.964,0.9072,0,0,0,0
1.998,0.9081,0,0,0,0
2.031,0.9085,0,0,0,0
2.063,0.9093,0,0,0,0
2.097,0.9101,0,0,0,0
2.131,0.9105,0,0,0,0
2.167,0.9113,0,0,0,0
2.197,0.9121,0,0,0,0
2.229,0.9125,0,0,0,0
2.263,0.9133,0,0,0,0
2.295,0.9141,0,0,0,0
2.330,0.9145,0,0,0,0
2.363,0.9152,0,0,0,0
2.399,0.9160,0,0,0,0
2.431,0.9164,0,0,0,0
2.464,0.9171,0,0,0,0
2.500,0.9179,0,0,0,0
2.531,0.9182,0,0,0,0
2.563,0.9190,0,0,0,0
2.596,0.9197,0,0,0,0
2.629,0.9200,0,0,0,0
2.662,0.9207,0,0,0,0
2.698,0.9215,0,0,0,0
2.731,0.9218,0,0,0,0
2.766,0.9225,0,0,0,0
2.796,0.9232,0,0,0,0
2.829,0.9235,0,0,0,0
2.863,0.9242,0,0,0,0
2.896,0.9249,0,0,0,0
2.929,0.9252,0,0,0,0
2.965,0.9259,0,0,0,0
2.998,0.9265,0,0,0,0
3.029,0.9268,0,0,0,0
3.065,0.9275,0,0,0,0
3.097,0.9281,0,0,0,0
3.129,0.9285,0,0,0,0
3.163,0.9291,0,0,0,0
3.197,0.9297,0,0,0,0
3.229,0.9300,0,0,0,0
3.264,0.9306,0,0,0,0
3.297,0.9312,0,0,0,0
3.331,0.9315,0,0,0,0
3.364,0.9322,0,0,0,0
3.398,0.9327,0,0,0,0
3.430,0.9330,0,0,0,0
3.462,0.9336,0,0,0,0
3.495,0.9342,0,0,0,0
3.531,0.9345,0,0,0,0
3.564,0.9351,0,0,0,0
3.596,0.9357,0,0,0,0
3.631,0.9359,0,0,0,0
3.664,0.9365,0,0,0,0
3.696,0.9371,0,0,0,0
3.731,0.9373,0,0,0,0
3.764,0.9379,0,0,0,0
3.797,0.9384,0,0,0,0
3.831,0.9387,0,0,0,0
3.862,0.9392,0,0,0,0
3.896,0.9398,0,0,0,0
3.929,0.9400,0,0,0,0
3.964,0.9405,0,0,0,0
3.997,0.9411,0,0,0,0
4.031,0.9413,0,0,0,0
4.063,0.9418,0,0,0,0
4.097,0.9423,0,0,0,0
4.129,0.9426,0,0,0,0
4.164,0.9431,0,0,0,0
4.197,0.9436,0,0,0,0
4.231,0.9438,0,0,0,0
4.265,0.9443,0,0,0,0
4.298,0.9448,0,0,0,0
4.331,0.9451,0,0,0,0
4.362,0.9455,0,0,0,0
4.396,0.9460,0,0,0,0
4.430,0.9462,0,0,0,0
4.464,0.9467,0,0,0,0
4.495,0.9472,0,0,0,0
4.531,0.9474,0,0,0,0
4.565,0.9479,0,0,0,0
4.595,0.9483,0,0,0,0
4.628,0.9486,0,0,0,0
4.662,0.9490,0,0,0,0
4.698,0.9494,0,0,0,0
4.730,0.9497,0,0,0,0
4.765,0.9501,0,0,0,0
4.797,0.9505,0,0,0,0
4.830,0.9508,0,0,0,0
4.864,0.9512,0,0,0,0
4.896,0.9516,0,0,0,0
4.931,0.9518,0,0,0,0
4.962,0.9523,0,0,0,0
4.996,0.9527,0,0,0,0
5.031,0.9529,0,0,0,0
5.064,0.9533,0,0,0,0
5.096,0.9537,0,0,0,0
5.129,0.9539,0,0,0,0
5.165,0.9543,0,0,0,0
5.197,0.9547,0,0,0,0
5.231,0.9549,0,0,0,0
5.263,0.9553,0,0,0,0
5.296,0.9557,0,0,0,0
5.332,0.9559,0,0,0,0
5.363,0.9563,0,0,0,0
5.397,0.9567,0,0,0,0
5.433,0.9571,0,0,0,0
5.463,0.9572,0,0,0,0
5.496,0.9576,0,0,0,0
5.530,0.9578,0,0,0,0
5.562,0.9582,0,0,0,0
5.597,0.9586,0,0,0,0
5.631,0.9588,0,0,0,0
5.665,0.9591,0,0,0,0
5.696,0.9595,0,0,0,0
5.728,0.9597,0,0,0,0
5.763,0.9600,0,0,0,0
5.796,0.9604,0,0,0,0
5.830,0.9606,0,0,0,0
5.864,0.9609,0,0,0,0
5.897,0.9613,0,0,0,0
5.926,0.9614,0,0,0,0
5.964,0.9618,0,0,0,0
5.997,0.9621,0,0,0,0
6.028,0.9623,0,0,0,0
6.063,0.9627,0,0,0,0
6.096,0.9630,0,0,0,0
6.130,0.9632,0,0,0,0
6.163,0.9635,0,0,0,0
6.199,0.9638,0,0,0,0
6.230,0.9640,0,0,0,0
6.264,0.9643,0,0,0,0
6.297,0.9647,0,0,0,0
6.329,0.9648,0,0,0,0
6.364,0.9652,0,0,0,0
6.397,0.9655,0,0,0,0
6.429,0.9656,0,0,0,0
6.464,0.9660,0,0,0,0
6.498,0.9663,0,0,0,0
6.529,0.9664,0,0,0,0
6.563,0.9668,0,0,0,0
6.597,0.9671,0,0,0,0
6.631,0.9672,0,0,0,0
6.663,0.9676,0,0,0,0
6.696,0.9679,0,0,0,0
6.729,0.9680,0,0,0,0
6.764,0.9683,0,0,0,0
6.797,0.9686,0,0,0,0
6.829,0.9688,0,0,0,0
6.866,0.9691,0,0,0,0
6.896,0.9694,0,0,0,0
6.929,0.9695,0,0,0,0
6.963,0.9698,0,0,0,0
7.000,0.9701,0,0,0,0
7.030,0.9703,0,0,0,0
7.064,0.9706,0,0,0,0
7.096,0.9709,0,0,0,0
7.131,0.9710,0,0,0,0
7.162,0.9713,0,0,0,0
7.196,0.9716,0,0,0,0
7.228,0.9717,0,0,0,0
7.259,0.9720,0,0,0,0
7.296,0.9723,0,0,0,0
7.329,0.9725,0,0,0,0
7.362,0.9727,0,0,0,0
7.397,0.9730,0,0,0,0
7.427,0.9732,0,0,0,0
7.464,0.9734,0,0,0,0
7.497,0.9737,0,0,0,0
7.530,0.9739,0,0,0,0
7.564,0.9741,0,0,0,0
7.596,0.9744,0,0,0,0
7.630,0.9745,0,0,0,0
7.663,0.9748,0,0,0,0
7.696,0.9751,0,0,0,0
7.730,0.9752,0,0,0,0
7.762,0.9755,0,0,0,0
7.795,0.9757,0,0,0,0
7.829,0.9759,0,0,0,0
7.862,0.9761,0,0,0,0
7.894,0.9764,0,0,0,0
7.929,0.9765,0,0,0,0
7.962,0.9768,0,0,0,0
7.995,0.9771,0,0,0,0
8.029,0.9772,0,0,0,0
8.061,0.9774,0,0,0,0
8.097,0.9777,0,0,0,0
8.135,0.9780,0,0,0,0
8.162,0.9781,0,0,0,0
8.197,0.9783,0,0,0,0
8.230,0.9785,0,0,0,0
8.265,0.9787,0,0,0,0
8.297,0.9790,0,0,0,0
8.332,0.9792,0,0,0,0
8.364,0.9794,0,0,0,0
8.398,0.9796,0,0,0,0
8.429,0.9797,0,0,0,0
8.461,0.9800,0,0,0,0
8.495,0.9802,0,0,0,0
8.531,0.9804,0,0,0,0
8.564,0.9806,0,0,0,0
8.598,0.9808,0,0,0,0
8.630,0.9810,0,0,0,0
8.665,0.9812,0,0,0,0
8.696,0.9814,0,0,0,0
8.729,0.9816,0,0,0,0
8.763,0.9818,0,0,0,0
8.798,0.9821,0,0,0,0
8.834,0.9823,0,0,0,0
8.862,0.9824,0,0,0,0
8.899,0.9826,0,0,0,0
8.930,0.9828,0,0,0,0
8.965,0.9830,0,0,0,0
8.995,0.9832,0,0,0,0
9.031,0.9834,0,0,0,0
9.065,0.9836,0,0,0,0
9.095,0.9838,0,0,0,0
9.132,0.9841,0,0,0,0
9.162,0.9842,0,0,0,0
9.198,0.9844,0,0,0,0
9.230,0.9845,0,0,0,0
9.265,0.9847,0,0,0,0
9.295,0.9850,0,0,0,0
9.330,0.9851,0,0,0,0
9.365,0.9853,0,0,0,0
9.398,0.9855,0,0,0,0
9.430,0.9857,0,0,0,0
9.464,0.9859,0,0,0,0
9.495,0.9861,0,0,0,0
9.528,0.9862,0,0,0,0
9.563,0.9864,0,0,0,0
9.597,0.9867,0,0,0,0
9.629,0.9868,0,0,0,0
9.662,0.9870,0,0,0,0
9.698,0.9872,0,0,0,0
9.730,0.9873,0,0,0,0
9.764,0.9876,0,0,0,0
9.795,0.9878,0,0,0,0
9.829,0.9879,0,0,0,0
9.862,0.9881,0,0,0,0
9.896,0.9883,0,0,0,0
9.932,0.9885,0,0,0,0
9.964,0.9886,0,0,0,0
9.998,0.9889,0,0,0,0
10.028,0.9890,0,0,0,0
10.065,0.9892,0,0,0,0
10.096,0.9894,0,0,0,0
10.130,0.9895,0,0,0,0
10.164,0.9897,0,0,0,0
10.196,0.9899,0,0,0,0
10.229,0.9900,0,0,0,0
10.264,0.9903,0,0,0,0
10.296,0.9905,0,0,0,0
10.331,0.9906,0,0,0,0
10.364,0.9908,0,0,0,0
10.405,0.9910,0,0,0,0
10.429,0.9911,0,0,0,0
10.462,0.9913,0,0,0,0
10.497,0.9915,0,0,0,0
10.530,0.9916,0,0,0,0
10.564,0.9918,0,0,0,0
10.597,0.9920,0,0,0,0
10.631,0.9921,0,0,0,0
10.664,0.9923,0,0,0,0
10.697,0.9925,0,0,0,0
10.729,0.9926,0,0,0,0
10.762,0.9928,0,0,0,0
10.797,0.9930,0,0,0,0
10.829,0.9931,0,0,0,0
10.865,0.9934,0,0,0,0
10.897,0.9936,0,0,0,0
10.931,0.9937,0,0,0,0
10.963,0.9939,0,0,0,0
10.998,0.9941,0,0,0,0
11.031,0.9942,0,0,0,0
11.064,0.9944,0,0,0,0
11.096,0.9946,0,0,0,0
11.129,0.9947,0,0,0,0
11.164,0.9948,0,0,0,0
11.195,0.9950,0,0,0,0
11.230,0.9951,0,0,0,0
11.264,0.9953,0,0,0,0
11.297,0.9955,0,0,0,0
11.329,0.9956,0,0,0,0
11.362,0.9958,0,0,0,0
11.398,0.9960,0,0,0,0
11.430,0.9961,0,0,0,0
11.464,0.9963,0,0,0,0
11.495,0.9965,0,0,0,0
11.529,0.9966,0,0,0,0
11.564,0.9968,0,0,0,0
11.596,0.9970,0,0,0,0
11.630,0.9971,0,0,0,0
11.665,0.9973,0,0,0,0
11.698,0.9974,0,0,0,0
11.731,0.9975,0,0,0,0
11.765,0.9977,0,0,0,0
11.798,0.9979,0,0,0,0
11.830,0.9980,0,0,0,0
11.865,0.9982,0,0,0,0
11.897,0.9984,0,0,0,0
11.930,0.9985,0,0,0,0
11.960,0.9987,0,0,0,0
11.996,0.9988,0,0,0,0
12.029,0.9989,0,0,0,0
12.062,0.9991,0,0,0,0
12.095,0.9993,0,0,0,0
12.129,0.9994,0,0,0,0
12.163,0.9996,0,0,0,0
12.197,0.9998,0,0,0,0
12.230,0.9998,0,0,0,0
12.262,1.0000,0,0,0,0
12.296,1.0000,0,0,0,0
12.329,1.0000,0,0,0,0
12.365,1.0000,0,0,0,0
12.397,1.0000,0,0,0,0
12.428,1.0000,0,0,0,0
12.462,1.0000,0,0,0,0
12.496,1.0000,0,0,0,0
12.532,1.0000,0,0,0,0
12.564,1.0000,0,0,0,0
12.597,1.0000,0,0,0,0
12.628,1.0000,0,0,0,0
12.664,1.0000,0,0,0,0
12.697,1.0000,0,0,0,0
12.729,1.0000,0,0,0,0
12.765,1.0000,0,0,0,0
12.797,1.0000,0,0,0,0
12.830,1.0000,0,0,0,0
12.864,1.0000,0,0,0,0
12.897,1.0000,0,0,0,0
12.929,1.0000,0,0,0,0
12.962,1.0000,0,0,0,0
12.996,1.0000,0,0,0,0
13.031,1.0000,0,0,0,0
13.064,1.0000,0,0,0,0
13.097,1.0000,0,0,0,0
13.131,1.0000,0,0,0,0
13.162,1.0000,0,0,0,0
13.201,1.0000,0,0,0,0
13.238,1.0000,0,0,0,0
13.267,1.0000,0,0,0,0
13.303,1.0000,0,0,0,0
13.337,1.0000,0,0,0,0
13.369,1.0000,0,0,0,0
13.402,1.0000,0,0,0,0
13.436,1.0000,0,0,0,0
13.468,1.0000,0,0,0,0
13.502,1.0000,0,0,0,0
13.538,1.0000,0,0,0,0
13.568,1.0000,0,0,0,0
13.605,1.0000,0,0,0,0
13.634,1.0000,0,0,0,0
13.670,1.0000,0,0,0,0
13.705,1.0000,0,0,0,0
13.738,1.0000,0,0,0,0
13.771,1.0000,0,0,0,0
13.802,1.0000,0,0,0,0
13.834,1.0000,0,0,0,0
13.867,1.0000,0,0,0,0
13.901,1.0000,0,0,0,0
13.934,1.0000,0,0,0,0
13.969,1.0000,0,0,0,0
14.000,1.0000,0,0,0,0
14.041,1.0000,0,0,0,0
14.071,1.0000,0,0,0,0
14.104,1.0000,0,0,0,0
14.137,1.0000,0,0,0,0
14.170,1.0000,0,0,0,0
14.201,1.0000,0,0,0,0
14.234,1.0000,0,0,0,0
14.267,1.0000,0,0,0,0
14.306,1.0000,0,0,0,0
14.338,1.0000,0,0,0,0
14.370,1.0000,0,0,0,0
14.401,1.0000,0,0,0,0
14.434,1.0000,0,0,0,0
14.471,1.0000,0,0,0,0
14.507,1.0000,0,0,0,0
14.535,1.0000,0,0,0,0
14.568,1.0000,0,0,0,0
14.600,1.0000,0,0,0,0
14.636,1.0000,0,0,0,0
14.667,1.0000,0,0,0,0
14.702,1.0000,0,0,0,0
14.735,1.0000,0,0,0,0
14.770,1.0000,0,0,0,0
14.807,1.0000,0,0,0,0
14.836,1.0000,0,0,0,0
14.872,1.0000,0,0,0,0
14.902,1.0000,0,0,0,0
14.934,1.0000,0,0,0,0
14.971,1.0000,0,0,0,0
15.002,1.0000,0,0,0,0
15.035,1.0000,0,0,0,0
15.071,1.0000,0,0,0,0
15.100,1.0000,0,0,0,0
15.139,1.0000,0,0,0,0
15.172,1.0000,0,0,0,0
15.201,1.0000,0,0,0,0
15.238,1.0000,0,0,0,0
15.270,1.0000,0,0,0,0
15.304,1.0000,0,0,0,0
15.335,1.0000,0,0,0,0
15.374,1.0000,0,0,0,0
15.402,1.0000,0,0,0,0
15.439,1.0000,0,0,0,0
15.470,1.0000,0,0,0,0
15.505,1.0000,0,0,0,0
15.539,1.0000,0,0,0,0
15.572,1.0000,0,0,0,0
15.602,1.0000,0,0,0,0
15.639,1.0000,0,0,0,0
15.667,1.0000,0,0,0,0
15.705,1.0000,0,0,0,0
15.737,1.0000,0,0,0,0
15.765,1.0000,0,0,0,0
15.802,1.0000,0,0,0,0
15.837,1.0000,0,0,0,0
15.869,1.0000,0,0,0,0
15.901,1.0000,0,0,0,0
15.938,1.0000,0,0,0,0
15.970,1.0000,0,0,0,0
16.002,1.0000,0,0,0,0
16.038,1.0000,0,0,0,0
16.067,1.0000,0,0,0,0
16.104,1.0000,0,0,0,0
16.134,1.0000,0,0,0,0
16.167,1.0000,0,0,0,0
16.203,1.0000,0,0,0,0
16.237,1.0000,0,0,0,0
16.270,1.0000,0,0,0,0
16.300,1.0000,0,0,0,0
16.338,1.0000,0,0,0,0
16.372,1.0000,0,0,0,0
16.404,1.0000,0,0,0,0
16.434,1.0000,0,0,0,0
16.477,1.0000,0,0,0,0
16.504,1.0000,0,0,0,0
16.539,1.0000,0,0,0,0
16.568,1.0000,0,0,0,0
16.605,1.0000,0,0,0,0
16.634,1.0000,0,0,0,0
16.669,1.0000,0,0,0,0
16.703,1.0000,0,0,0,0
16.736,1.0000,0,0,0,0
16.771,1.0000,0,0,0,0
16.801,1.0000,0,0,0,0
16.838,1.0000,0,0,0,0
16.871,1.0000,0,0,0,0
16.904,1.0000,0,0,0,0
16.937,1.0000,0,0,0,0
16.970,1.0000,0,0,0,0
17.003,1.0000,0,0,0,0
17.034,1.0000,0,0,0,0
17.071,1.0000,0,0,0,0
17.104,1.0000,0,0,0,0
17.138,1.0000,0,0,0,0
17.166,1.0000,0,0,0,0
17.204,1.0000,0,0,0,0
17.238,1.0000,0,0,0,0
17.268,1.0000,0,0,0,0
17.301,1.0000,0,0,0,0
17.335,1.0000,0,0,0,0
17.371,1.0000,0,0,0,0
17.403,1.0000,0,0,0,0
17.434,1.0000,0,0,0,0
17.472,1.0000,0,0,0,0
17.505,1.0000,0,0,0,0
17.536,1.0000,0,0,0,0
17.570,1.0000,0,0,0,0
17.601,1.0000,0,0,0,0
17.639,1.0000,0,0,0,0
17.671,1.0000,0,0,0,0
17.701,1.0000,0,0,0,0
17.738,1.0000,0,0,0,0
17.769,1.0000,0,0,0,0
17.804,1.0000,0,0,0,0
17.836,1.0000,0,0,0,0
17.878,1.0000,0,0,0,0
17.900,1.0000,0,0,0,0
17.936,1.0000,0,0,0,0
17.971,1.0000,0,0,0,0
18.005,1.0000,0,0,0,0
18.038,1.0000,0,0,0,0
18.070,1.0000,0,0,0,0
18.100,1.0000,0,0,0,0
18.138,1.0000,0,0,0,0
18.167,1.0000,0,0,0,0
18.204,1.0000,0,0,0,0
18.236,1.0000,0,0,0,0
18.269,1.0000,0,0,0,0
18.305,1.0000,0,0,0,0
18.337,1.0000,0,0,0,0
18.371,1.0000,0,0,0,0
18.405,1.0000,0,0,0,0
18.437,1.0000,0,0,0,0
18.471,1.0000,0,0,0,0
18.502,1.0000,0,0,0,0
18.539,1.0000,0,0,0,0
18.574,1.0000,0,0,0,0
18.596,1.0000,0,0,0,0
18.639,1.0000,0,0,0,0
18.667,1.0000,0,0,0,0
18.704,1.0000,0,0,0,0
18.738,1.0000,0,0,0,0
18.767,1.0000,0,0,0,0
18.804,1.0000,0,0,0,0
18.838,1.0000,0,0,0,0
18.871,1.0000,0,0,0,0
18.901,1.0000,0,0,0,0
18.936,1.0000,0,0,0,0
18.970,1.0000,0,0,0,0
19.001,1.0000,0,0,0,0
19.039,1.0000,0,0,0,0
19.068,1.0000,0,0,0,0
19.104,1.0000,0,0,0,0
19.134,1.0000,0,0,0,0
19.168,1.0000,0,0,0,0
19.204,1.0000,0,0,0,0
19.236,1.0000,0,0,0,0
19.271,1.0000,0,0,0,0
19.305,1.0000,0,0,0,0
19.334,1.0000,0,0,0,0
19.369,1.0000,0,0,0,0
19.404,1.0000,0,0,0,0
19.426,1.0000,0,0,0,0
19.467,1.0000,0,0,0,0
19.503,1.0000,0,0,0,0
19.538,1.0000,0,0,0,0
19.567,1.0000,0,0,0,0
19.601,1.0000,0,0,0,0
19.635,1.0000,0,0,0,0
19.668,1.0000,0,0,0,0
19.703,1.0000,0,0,0,0
19.737,1.0000,0,0,0,0
19.767,1.0000,0,0,0,0
19.801,1.0000,0,0,0,0
19.839,1.0000,0,0,0,0
19.871,1.0000,0,0,0,0
19.901,1.0000,0,0,0,0
19.936,1.0000,0,0,0,0
19.968,1.0000,0,0,0,0
20.005,1.0000,0,0,0,0
20.038,1.0000,0,0,0,0
20.060,1.0000,0,0,0,0
20.102,1.0000,0,0,0,0
20.135,1.0000,0,0,0,0
20.168,1.0000,0,0,0,0
20.201,1.0000,0,0,0,0
20.237,1.0000,0,0,0,0
20.268,1.0000,0,0,0,0
20.302,1.0000,0,0,0,0
20.335,1.0000,0,0,0,0
20.367,1.0000,0,0,0,0
20.404,1.0000,0,0,0,0
20.436,1.0000,0,0,0,0
20.467,1.0000,0,0,0,0
20.504,1.0000,0,0,0,0
20.534,1.0000,0,0,0,0
20.571,1.0000,0,0,0,0
20.604,1.0000,0,0,0,0
20.636,1.0000,0,0,0,0
20.671,1.0000,0,0,0,0
20.700,1.0000,0,0,0,0
20.735,1.0000,0,0,0,0
20.766,1.0000,0,0,0,0
20.804,1.0000,0,0,0,0
20.836,1.0000,0,0,0,0
20.869,1.0000,0,0,0,0
20.904,1.0000,0,0,0,0
20.934,1.0000,0,0,0,0
20.967,1.0000,0,0,0,0
21.000,1.0000,0,0,0,0
21.036,1.0000,0,0,0,0
21.068,1.0000,0,0,0,0
21.104,1.0000,0,0,0,0
21.137,1.0000,0,0,0,0
21.171,1.0000,0,0,0,0
21.204,1.0000,0,0,0,0
21.236,1.0000,0,0,0,0
21.271,1.0000,0,0,0,0
21.302,1.0000,0,0,0,0
21.334,1.0000,0,0,0,0
21.368,1.0000,0,0,0,0
21.404,1.0000,0,0,0,0
21.436,1.0000,0,0,0,0
21.467,1.0000,0,0,0,0
21.499,1.0000,0,0,0,0
21.538,1.0000,0,0,0,0
21.569,1.0000,0,0,0,0
21.602,1.0000,0,0,0,0
21.639,1.0000,0,0,0,0
21.671,1.0000,0,0,0,0
21.702,1.0000,0,0,0,0
21.737,1.0000,0,0,0,0
21.772,1.0000,0,0,0,0
21.804,1.0000,0,0,0,0
21.834,1.0000,0,0,0,0
21.869,1.0000,0,0,0,0
21.902,1.0000,0,0,0,0
21.936,1.0000,0,0,0,0
21.968,1.0000,0,0,0,0
22.004,1.0000,0,0,0,0
22.039,1.0000,0,0,0,0
22.071,1.0000,0,0,0,0
22.102,1.0000,0,0,0,0
22.134,1.0000,0,0,0,0
22.171,1.0000,0,0,0,0
22.202,1.0000,0,0,0,0
22.238,1.0000,0,0,0,0
22.270,1.0000,0,0,0,0
22.292,1.0000,0,0,0,0
22.334,1.0000,0,0,0,0
22.371,1.0000,0,0,0,0
22.405,1.0000,0,0,0,0
22.436,1.0000,0,0,0,0
22.471,1.0000,0,0,0,0
22.504,1.0000,0,0,0,0
22.536,1.0000,0,0,0,0
22.569,1.0000,0,0,0,0
22.605,1.0000,0,0,0,0
22.637,1.0000,0,0,0,0
22.669,1.0000,0,0,0,0
22.703,1.0000,0,0,0,0
22.736,1.0000,0,0,0,0
22.770,1.0000,0,0,0,0
22.801,1.0000,0,0,0,0
22.834,1.0000,0,0,0,0
22.868,1.0000,0,0,0,0
22.904,1.0000,0,0,0,0
22.938,1.0000,0,0,0,0
22.970,1.0000,0,0,0,0
23.003,1.0000,0,0,0,0
23.036,1.0000,0,0,0,0
23.067,1.0000,0,0,0,0
23.100,1.0000,0,0,0,0
23.139,1.0000,0,0,0,0
23.168,1.0000,0,0,0,0
23.201,1.0000,0,0,0,0
23.238,1.0000,0,0,0,0
23.268,1.0000,0,0,0,0
23.303,1.0000,0,0,0,0
23.336,1.0000,0,0,0,0
23.371,1.0000,0,0,0,0
23.403,1.0000,0,0,0,0
23.434,1.0000,0,0,0,0
23.468,1.0000,0,0,0,0
23.505,1.0000,0,0,0,0
23.538,1.0000,0,0,0,0
23.571,1.0000,0,0,0,0
23.601,1.0000,0,0,0,0
23.637,1.0000,0,0,0,0
23.670,1.0000,0,0,0,0
23.702,1.0000,0,0,0,0
23.737,1.0000,0,0,0,0
23.772,1.0000,0,0,0,0
23.800,1.0000,0,0,0,0
23.838,1.0000,0,0,0,0
23.869,1.0000,0,0,0,0
23.902,1.0000,0,0,0,0
23.939,1.0000,0,0,0,0
23.969,1.0000,0,0,0,0
24.000,1.0000,0,0,0,0
24.033,1.0000,0,0,0,0
24.069,1.0000,0,0,0,0
24.104,1.0000,0,0,0,0
24.137,1.0000,0,0,0,0
24.171,1.0000,0,0,0,0
24.202,1.0000,0,0,0,0
24.234,1.0000,0,0,0,0
24.271,1.0000,0,0,0,0
24.303,1.0000,0,0,0,0
24.338,1.0000,0,0,0,0
24.370,1.0000,0,0,0,0
24.400,1.0000,0,0,0,0
24.435,1.0000,0,0,0,0
24.470,1.0000,0,0,0,0
24.505,1.0000,0,0,0,0
24.537,1.0000,0,0,0,0
24.567,1.0000,0,0,0,0
24.600,1.0000,0,0,0,0
24.636,1.0000,0,0,0,0
24.670,1.0000,0,0,0,0
24.703,1.0000,0,0,0,0
24.737,1.0000,0,0,0,0
24.769,1.0000,0,0,0,0
24.800,1.0000,0,0,0,0
24.834,1.0000,0,0,0,0
24.869,1.0000,0,0,0,0
24.900,1.0000,0,0,0,0
24.939,1.0000,0,0,0,0
24.972,1.0000,0,0,0,0
25.004,1.0000,0,0,0,0
25.034,1.0000,0,0,0,0
25.068,1.0000,0,0,0,0
25.105,1.0000,0,0,0,0
25.135,1.0000,0,0,0,0
25.169,1.0000,0,0,0,0
25.200,1.0000,0,0,0,0
25.238,1.0000,0,0,0,0
25.270,1.0000,0,0,0,0
25.304,1.0000,0,0,0,0
25.336,1.0000,0,0,0,0
25.359,1.0000,0,0,0,0
25.401,1.0000,0,0,0,0
25.437,1.0000,0,0,0,0
25.468,1.0000,0,0,0,0
25.502,1.0000,0,0,0,0
25.537,1.0000,0,0,0,0
25.572,1.0000,0,0,0,0
25.600,1.0000,0,0,0,0
25.637,1.0000,0,0,0,0
25.667,1.0000,0,0,0,0
25.704,1.0000,0,0,0,0
25.737,1.0000,0,0,0,0
25.770,1.0000,0,0,0,0
25.804,1.0000,0,0,0,0
25.836,1.0000,0,0,0,0
25.867,1.0000,0,0,0,0
25.904,1.0000,0,0,0,0
25.937,1.0000,0,0,0,0
25.970,1.0000,0,0,0,0
26.001,1.0000,0,0,0,0
26.039,1.0000,0,0,0,0
26.072,1.0000,0,0,0,0
26.099,1.0000,0,0,0,0
26.136,1.0000,0,0,0,0
26.172,1.0000,0,0,0,0
26.205,1.0000,0,0,0,0
26.236,1.0000,0,0,0,0
26.270,1.0000,0,0,0,0
26.303,1.0000,0,0,0,0
26.338,1.0000,0,0,0,0
26.371,1.0000,0,0,0,0
26.401,1.0000,0,0,0,0
26.434,1.0000,0,0,0,0
26.471,1.0000,0,0,0,0
26.501,1.0000,0,0,0,0
26.535,1.0000,0,0,0,0
26.571,1.0000,0,0,0,0
26.604,1.0000,0,0,0,0
26.637,1.0000,0,0,0,0
26.670,1.0000,0,0,0,0
26.704,1.0000,0,0,0,0
26.735,1.0000,0,0,0,0
26.768,1.0000,0,0,0,0
26.801,1.0000,0,0,0,0
26.834,1.0000,0,0,0,0
26.867,1.0000,0,0,0,0
26.899,1.0000,0,0,0,0
26.936,1.0000,0,0,0,0
26.968,1.0000,0,0,0,0
27.001,1.0000,0,0,0,0
27.037,1.0000,0,0,0,0
27.072,1.0000,0,0,0,0
27.103,1.0000,0,0,0,0
27.137,1.0000,0,0,0,0
27.167,1.0000,0,0,0,0
27.204,1.0000,0,0,0,0
27.238,1.0000,0,0,0,0
27.272,1.0000,0,0,0,0
27.304,1.0000,0,0,0,0
27.337,1.0000,0,0,0,0
27.367,1.0000,0,0,0,0
27.403,1.0000,0,0,0,0
27.438,1.0000,0,0,0,0
27.469,1.0000,0,0,0,0
27.505,1.0000,0,0,0,0
27.537,1.0000,0,0,0,0
27.568,1.0000,0,0,0,0
27.605,1.0000,0,0,0,0
27.637,1.0000,0,0,0,0
27.669,1.0000,0,0,0,0
27.697,1.0000,0,0,0,0
27.739,1.0000,0,0,0,0
27.768,1.0000,0,0,0,0
27.801,1.0000,0,0,0,0
27.836,1.0000,0,0,0,0
27.870,1.0000,0,0,0,0
27.905,1.0000,0,0,0,0
27.938,1.0000,0,0,0,0
27.967,1.0000,0,0,0,0
28.001,1.0000,0,0,0,0
28.035,1.0000,0,0,0,0
28.068,1.0000,0,0,0,0
28.105,1.0000,0,0,0,0
28.135,1.0000,0,0,0,0
28.171,1.0000,0,0,0,0
28.200,1.0000,0,0,0,0
28.233,1.0000,0,0,0,0
28.270,1.0000,0,0,0,0
28.301,1.0000,0,0,0,0
28.337,1.0000,0,0,0,0
28.368,1.0000,0,0,0,0
28.404,1.0000,0,0,0,0
28.438,1.0000,0,0,0,0
28.467,1.0000,0,0,0,0
28.505,1.0000,0,0,0,0
28.537,1.0000,0,0,0,0
28.568,1.0000,0,0,0,0
28.600,1.0000,0,0,0,0
28.639,1.0000,0,0,0,0
28.672,1.0000,0,0,0,0
28.704,1.0000,0,0,0,0
28.737,1.0000,0,0,0,0
28.770,1.0000,0,0,0,0
28.803,1.0000,0,0,0,0
28.834,1.0000,0,0,0,0
28.872,1.0000,0,0,0,0
28.904,1.0000,0,0,0,0
28.934,1.0000,0,0,0,0
28.968,1.0000,0,0,0,0
29.005,1.0000,0,0,0,0
29.037,1.0000,0,0,0,0
29.069,1.0000,0,0,0,0
29.103,1.0000,0,0,0,0
29.136,1.0000,0,0,0,0
29.169,1.0000,0,0,0,0
29.205,1.0000,0,0,0,0
29.239,1.0000,0,0,0,0
29.269,1.0000,0,0,0,0
29.304,1.0000,0,0,0,0
29.334,1.0000,0,0,0,0
29.368,1.0000,0,0,0,0
29.400,1.0000,0,0,0,0
29.434,1.0000,0,0,0,0
29.469,1.0000,0,0,0,0
29.503,1.0000,0,0,0,0
29.538,1.0000,0,0,0,0
29.568,1.0000,0,0,0,0
29.604,1.0000,0,0,0,0
29.635,1.0000,0,0,0,0
29.667,1.0000,0,0,0,0
29.704,1.0000,0,0,0,0
29.734,1.0000,0,0,0,0
29.771,1.0000,0,0,0,0
29.805,1.0000,0,0,0,0
29.836,1.0000,0,0,0,0
29.868,1.0000,0,0,0,0
29.905,1.0000,0,0,0,0
29.938,1.0000,0,0,0,0
29.971,1.0000,0,0,0,0
30.002,1.0000,0,0,0,0
30.034,1.0000,0,0,0,0
30.071,1.0000,0,0,0,0
30.103,1.0000,0,0,0,0
30.130,1.0000,0,0,0,0
30.171,1.0000,0,0,0,0
30.205,1.0000,0,0,0,0
30.234,1.0000,0,0,0,0
30.272,1.0000,0,0,0,0
30.305,1.0000,0,0,0,0
30.335,1.0000,0,0,0,0
30.371,1.0000,0,0,0,0
30.405,1.0000,0,0,0,0
30.433,1.0000,0,0,0,0
30.467,1.0000,0,0,0,0
30.500,1.0000,0,0,0,0
30.535,1.0000,0,0,0,0
30.568,1.0000,0,0,0,0
30.605,1.0000,0,0,0,0
30.636,1.0000,0,0,0,0
30.671,1.0000,0,0,0,0
30.704,1.0000,0,0,0,0
30.734,1.0000,0,0,0,0
30.768,1.0000,0,0,0,0
30.805,1.0000,0,0,0,0
30.837,1.0000,0,0,0,0
30.868,1.0000,0,0,0,0
30.904,1.0000,0,0,0,0
30.936,1.0000,0,0,0,0
30.966,1.0000,0,0,0,0
31.009,1.0000,0,0,0,0
31.034,1.0000,0,0,0,0
31.073,1.0000,0,0,0,0
31.104,1.0000,0,0,0,0
31.134,1.0000,0,0,0,0
31.171,1.0000,0,0,0,0
31.201,1.0000,0,0,0,0
31.237,1.0000,0,0,0,0
31.272,1.0000,0,0,0,0
31.301,1.0000,0,0,0,0
31.338,1.0000,0,0,0,0
31.370,1.0000,0,0,0,0
31.402,1.0000,0,0,0,0
31.436,1.0000,0,0,0,0
31.469,1.0000,0,0,0,0
31.503,1.0000,0,0,0,0
31.537,1.0000,0,0,0,0
31.572,1.0000,0,0,0,0
31.605,1.0000,0,0,0,0
31.638,1.0000,0,0,0,0
31.670,1.0000,0,0,0,0
31.699,1.0000,0,0,0,0
31.737,1.0000,0,0,0,0
31.771,1.0000,0,0,0,0
31.805,1.0000,0,0,0,0
31.836,1.0000,0,0,0,0
31.871,1.0000,0,0,0,0
31.903,1.0000,0,0,0,0
31.936,1.0000,0,0,0,0
31.973,1.0000,0,0,0,0
32.002,1.0000,0,0,0,0
32.038,1.0000,0,0,0,0
32.068,1.0000,0,0,0,0
32.100,1.0000,0,0,0,0
32.135,1.0000,0,0,0,0
32.169,1.0000,0,0,0,0
32.204,1.0000,0,0,0,0
32.236,1.0000,0,0,0,0
32.270,1.0000,0,0,0,0
32.302,1.0000,0,0,0,0
32.335,1.0000,0,0,0,0
32.370,1.0000,0,0,0,0
32.406,1.0000,0,0,0,0
32.435,1.0000,0,0,0,0
32.469,1.0000,0,0,0,0
32.502,1.0000,0,0,0,0
32.537,1.0000,0,0,0,0
32.568,1.0000,0,0,0,0
32.601,1.0000,0,0,0,0
32.636,1.0000,0,0,0,0
32.667,1.0000,0,0,0,0
32.700,1.0000,0,0,0,0
32.738,1.0000,0,0,0,0
32.770,1.0000,0,0,0,0
32.803,1.0000,0,0,0,0
32.837,1.0000,0,0,0,0
32.871,1.0000,0,0,0,0
32.902,1.0000,0,0,0,0
32.935,1.0000,0,0,0,0
32.968,1.0000,0,0,0,0
33.001,1.0000,0,0,0,0
33.036,1.0000,0,0,0,0
33.069,1.0000,0,0,0,0
33.100,1.0000,0,0,0,0
33.139,1.0000,0,0,0,0
33.170,0.9999,0,0,0,0
33.201,0.9990,0,0,0,0
33.239,0.9980,0,0,0,0
33.272,0.9975,0,0,0,0
33.304,0.9965,0,0,0,0
33.336,0.9956,0,0,0,0
33.367,0.9951,0,0,0,0
33.403,0.9944,0,0,0,0
33.436,0.9938,0,0,0,0
33.468,0.9936,0,0,0,0
33.501,0.9933,0,0,0,0
33.534,0.9931,0,0,0,0
33.570,0.9930,0,0,0,0
33.603,0.9929,0,0,0,0
33.637,0.9928,0,0,0,0
33.670,0.9928,0,0,0,0
33.700,0.9928,0,0,0,0
33.734,0.9927,0,0,0,0
33.769,0.9927,0,0,0,0
33.802,0.9927,0,0,0,0
33.835,0.9927,0,0,0,0
33.872,0.9927,0,0,0,0
33.907,0.9928,0,0,0,0
33.937,0.9928,0,0,0,0
33.972,0.9928,0,0,0,0
34.003,0.9928,0,0,0,0
34.037,0.9928,0,0,0,0
34.067,0.9928,0,0,0,0
34.105,0.9929,0,0,0,0
34.137,0.9929,0,0,0,0
34.169,0.9929,0,0,0,0
34.207,0.9929,0,0,0,0
34.234,0.9929,0,0,0,0
34.268,0.9929,0,0,0,0
34.303,0.9929,0,0,0,0
34.334,0.9928,0,0,0,0
34.368,0.9928,0,0,0,0
34.405,0.9928,0,0,0,0
34.434,0.9928,0,0,0,0
34.467,0.9927,0,0,0,0
34.503,0.9927,0,0,0,0
34.536,0.9926,0,0,0,0
34.568,0.9926,0,0,0,0
34.601,0.9926,0,0,0,0
34.634,0.9925,0,0,0,0
34.668,0.9925,0,0,0,0
34.701,0.9924,0,0,0,0
34.734,0.9923,0,0,0,0
34.769,0.9923,0,0,0,0
34.803,0.9922,0,0,0,0
34.838,0.9921,0,0,0,0
34.873,0.9920,0,0,0,0
34.902,0.9919,0,0,0,0
34.933,0.9918,0,0,0,0
34.966,0.9918,0,0,0,0
35.003,0.9916,0,0,0,0
35.036,0.9915,0,0,0,0
35.067,0.9915,0,0,0,0
35.105,0.9913,0,0,0,0
35.136,0.9912,0,0,0,0
35.170,0.9911,0,0,0,0
35.203,0.9910,0,0,0,0
35.233,0.9908,0,0,0,0
35.270,0.9908,0,0,0,0
35.301,0.9906,0,0,0,0
35.333,0.9905,0,0,0,0
35.358,0.9904,0,0,0,0
35.403,0.9902,0,0,0,0
35.435,0.9900,0,0,0,0
35.467,0.9900,0,0,0,0
35.503,0.9898,0,0,0,0
35.538,0.9896,0,0,0,0
35.570,0.9895,0,0,0,0
35.601,0.9893,0,0,0,0
35.634,0.9891,0,0,0,0
35.670,0.9891,0,0,0,0
35.700,0.9889,0,0,0,0
35.738,0.9887,0,0,0,0
35.772,0.9886,0,0,0,0
35.803,0.9884,0,0,0,0
35.835,0.9882,0,0,0,0
35.867,0.9881,0,0,0,0
35.902,0.9879,0,0,0,0
35.934,0.9879,0,0,0,0
35.971,0.9880,0,0,0,0
36.003,0.9881,0,0,0,0
36.037,0.9882,0,0,0,0
36.070,0.9882,0,0,0,0
36.100,0.9882,0,0,0,0
36.137,0.9881,0,0,0,0
36.170,0.9880,0,0,0,0
36.204,0.9879,0,0,0,0
36.236,0.9877,0,0,0,0
36.272,0.9876,0,0,0,0
36.305,0.9874,0,0,0,0
36.336,0.9872,0,0,0,0
36.369,0.9871,0,0,0,0
36.400,0.9868,0,0,0,0
36.434,0.9866,0,0,0,0
36.470,0.9864,0,0,0,0
36.505,0.9862,0,0,0,0
36.533,0.9859,0,0,0,0
36.571,0.9858,0,0,0,0
36.601,0.9855,0,0,0,0
36.638,0.9852,0,0,0,0
36.669,0.9851,0,0,0,0
36.704,0.9848,0,0,0,0
36.735,0.9845,0,0,0,0
36.768,0.9843,0,0,0,0
36.800,0.9840,0,0,0,0
36.839,0.9837,0,0,0,0
36.861,0.9836,0,0,0,0
36.904,0.9832,0,0,0,0
36.934,0.9829,0,0,0,0
36.968,0.9828,0,0,0,0
37.001,0.9825,0,0,0,0
37.036,0.9822,0,0,0,0
37.069,0.9820,0,0,0,0
37.103,0.9817,0,0,0,0
37.134,0.9814,0,0,0,0
37.171,0.9812,0,0,0,0
37.203,0.9809,0,0,0,0
37.239,0.9806,0,0,0,0
37.273,0.9803,0,0,0,0
37.305,0.9801,0,0,0,0
37.336,0.9798,0,0,0,0
37.370,0.9797,0,0,0,0
37.401,0.9794,0,0,0,0
37.434,0.9790,0,0,0,0
37.473,0.9787,0,0,0,0
37.504,0.9786,0,0,0,0
37.535,0.9783,0,0,0,0
37.572,0.9781,0,0,0,0
37.603,0.9778,0,0,0,0
37.637,0.9775,0,0,0,0
37.668,0.9773,0,0,0,0
37.702,0.9770,0,0,0,0
37.738,0.9767,0,0,0,0
37.770,0.9765,0,0,0,0
37.803,0.9762,0,0,0,0
37.838,0.9759,0,0,0,0
37.870,0.9757,0,0,0,0
37.902,0.9754,0,0,0,0
37.936,0.9751,0,0,0,0
37.968,0.9749,0,0,0,0
38.000,0.9746,0,0,0,0
38.038,0.9743,0,0,0,0
38.067,0.9742,0,0,0,0
38.103,0.9738,0,0,0,0
38.135,0.9735,0,0,0,0
38.168,0.9734,0,0,0,0
38.204,0.9731,0,0,0,0
38.238,0.9727,0,0,0,0
38.270,0.9726,0,0,0,0
38.301,0.9723,0,0,0,0
38.335,0.9720,0,0,0,0
38.370,0.9718,0,0,0,0
38.404,0.9715,0,0,0,0
38.435,0.9712,0,0,0,0
38.471,0.9711,0,0,0,0
38.502,0.9708,0,0,0,0
38.535,0.9705,0,0,0,0
38.569,0.9703,0,0,0,0
38.603,0.9700,0,0,0,0
38.637,0.9697,0,0,0,0
38.668,0.9696,0,0,0,0
38.704,0.9693,0,0,0,0
38.734,0.9690,0,0,0,0
38.767,0.9688,0,0,0,0
38.804,0.9685,0,0,0,0
38.834,0.9682,0,0,0,0
38.871,0.9681,0,0,0,0
38.902,0.9678,0,0,0,0
38.939,0.9675,0,0,0,0
38.967,0.9674,0,0,0,0
39.001,0.9671,0,0,0,0
39.039,0.9668,0,0,0,0
39.069,0.9667,0,0,0,0
39.103,0.9664,0,0,0,0
39.135,0.9662,0,0,0,0
39.167,0.9660,0,0,0,0
39.201,0.9658,0,0,0,0
39.236,0.9655,0,0,0,0
39.266,0.9654,0,0,0,0
39.304,0.9651,0,0,0,0
39.336,0.9648,0,0,0,0
39.367,0.9647,0,0,0,0
39.404,0.9645,0,0,0,0
39.438,0.9642,0,0,0,0
39.468,0.9641,0,0,0,0
39.503,0.9639,0,0,0,0
39.538,0.9636,0,0,0,0
39.571,0.9635,0,0,0,0
39.603,0.9633,0,0,0,0
39.638,0.9630,0,0,0,0
39.667,0.9629,0,0,0,0
39.707,0.9627,0,0,0,0
39.737,0.9624,0,0,0,0
39.772,0.9622,0,0,0,0
39.802,0.9621,0,0,0,0
39.835,0.9619,0,0,0,0
39.858,0.9618,0,0,0,0
39.903,0.9616,0,0,0,0
39.934,0.9614,0,0,0,0
39.969,0.9613,0,0,0,0
40.003,0.9610,0,0,0,0
40.038,0.9608,0,0,0,0
40.070,0.9607,0,0,0,0
40.109,0.9605,0,0,0,0
40.135,0.9603,0,0,0,0
40.168,0.9603,0,0,0,0
40.203,0.9601,0,0,0,0
40.234,0.9600,0,0,0,0
40.270,0.9601,0,0,0,0
40.301,0.9605,0,0,0,0
40.337,0.9608,0,0,0,0
40.370,0.9610,0,0,0,0
40.400,0.9614,0,0,0,0
40.434,0.9617,0,0,0,0
40.467,0.9619,0,0,0,0
40.504,0.9622,0,0,0,0
40.538,0.9625,0,0,0,0
40.570,0.9627,0,0,0,0
40.603,0.9630,0,0,0,0
40.638,0.9633,0,0,0,0
40.668,0.9635,0,0,0,0
40.703,0.9638,0,0,0,0
40.734,0.9641,0,0,0,0
40.767,0.9642,0,0,0,0
40.804,0.9645,0,0,0,0
40.834,0.9648,0,0,0,0
40.871,0.9649,0,0,0,0
40.905,0.9652,0,0,0,0
40.933,0.9655,0,0,0,0
40.974,0.9658,0,0,0,0
41.000,0.9659,0,0,0,0
41.034,0.9662,0,0,0,0
41.071,0.9663,0,0,0,0
41.103,0.9666,0,0,0,0
41.135,0.9668,0,0,0,0
41.169,0.9669,0,0,0,0
41.201,0.9672,0,0,0,0
41.239,0.9674,0,0,0,0
41.269,0.9676,0,0,0,0
41.302,0.9678,0,0,0,0
41.336,0.9680,0,0,0,0
41.370,0.9681,0,0,0,0
41.404,0.9684,0,0,0,0
41.439,0.9686,0,0,0,0
41.466,0.9687,0,0,0,0
41.496,0.9689,0,0,0,0
41.534,0.9691,0,0,0,0
41.569,0.9692,0,0,0,0
41.601,0.9695,0,0,0,0
41.637,0.9697,0,0,0,0
41.670,0.9698,0,0,0,0
41.702,0.9700,0,0,0,0
41.738,0.9702,0,0,0,0
41.769,0.9703,0,0,0,0
41.804,0.9705,0,0,0,0
41.838,0.9706,0,0,0,0
41.870,0.9707,0,0,0,0
41.900,0.9709,0,0,0,0
41.935,0.9711,0,0,0,0
41.971,0.9712,0,0,0,0
42.001,0.9714,0,0,0,0
42.035,0.9715,0,0,0,0
42.068,0.9716,0,0,0,0
42.104,0.9718,0,0,0,0
42.138,0.9720,0,0,0,0
42.172,0.9720,0,0,0,0
42.201,0.9722,0,0,0,0
42.237,0.9724,0,0,0,0
42.270,0.9724,0,0,0,0
42.296,0.9726,0,0,0,0
42.334,0.9728,0,0,0,0
42.371,0.9728,0,0,0,0
42.400,0.9730,0,0,0,0
42.438,0.9731,0,0,0,0
42.471,0.9732,0,0,0,0
42.504,0.9733,0,0,0,0
42.538,0.9735,0,0,0,0
42.570,0.9735,0,0,0,0
42.604,0.9737,0,0,0,0
42.639,0.9738,0,0,0,0
42.672,0.9739,0,0,0,0
42.704,0.9740,0,0,0,0
42.736,0.9741,0,0,0,0
42.770,0.9742,0,0,0,0
42.801,0.9743,0,0,0,0
42.835,0.9745,0,0,0,0
42.868,0.9745,0,0,0,0
42.904,0.9746,0,0,0,0
42.937,0.9748,0,0,0,0
42.971,0.9748,0,0,0,0
43.003,0.9749,0,0,0,0
43.034,0.9750,0,0,0,0
43.066,0.9751,0,0,0,0
43.110,0.9752,0,0,0,0
43.134,0.9753,0,0,0,0
43.170,0.9754,0,0,0,0
43.205,0.9755,0,0,0,0
43.238,0.9756,0,0,0,0
43.268,0.9756,0,0,0,0
43.301,0.9757,0,0,0,0
43.334,0.9758,0,0,0,0
43.374,0.9759,0,0,0,0
43.405,0.9760,0,0,0,0
43.438,0.9761,0,0,0,0
43.471,0.9761,0,0,0,0
43.503,0.9762,0,0,0,0
43.535,0.9763,0,0,0,0
43.566,0.9764,0,0,0,0
43.601,0.9764,0,0,0,0
43.636,0.9765,0,0,0,0
43.670,0.9766,0,0,0,0
43.702,0.9767,0,0,0,0
43.736,0.9768,0,0,0,0
43.767,0.9768,0,0,0,0
43.804,0.9769,0,0,0,0
43.839,0.9770,0,0,0,0
43.868,0.9770,0,0,0,0
43.903,0.9771,0,0,0,0
43.932,0.9772,0,0,0,0
43.965,0.9772,0,0,0,0
43.999,0.9773,0,0,0,0
44.037,0.9773,0,0,0,0
44.070,0.9774,0,0,0,0
44.100,0.9775,0,0,0,0
44.135,0.9775,0,0,0,0
44.171,0.9776,0,0,0,0
44.200,0.9776,0,0,0,0
44.236,0.9777,0,0,0,0
44.268,0.9777,0,0,0,0
44.304,0.9778,0,0,0,0
44.336,0.9779,0,0,0,0
44.369,0.9779,0,0,0,0
44.403,0.9780,0,0,0,0
44.438,0.9780,0,0,0,0
44.473,0.9781,0,0,0,0
44.503,0.9781,0,0,0,0
44.534,0.9782,0,0,0,0
44.568,0.9782,0,0,0,0
44.603,0.9783,0,0,0,0
44.638,0.9783,0,0,0,0
44.671,0.9784,0,0,0,0
44.703,0.9784,0,0,0,0
44.736,0.9785,0,0,0,0
44.770,0.9785,0,0,0,0
44.801,0.9786,0,0,0,0
44.844,0.9786,0,0,0,0
44.867,0.9787,0,0,0,0
44.905,0.9787,0,0,0,0
44.934,0.9788,0,0,0,0
44.968,0.9788,0,0,0,0
45.002,0.9788,0,0,0,0
45.037,0.9789,0,0,0,0
45.067,0.9789,0,0,0,0
45.104,0.9790,0,0,0,0
45.138,0.9790,0,0,0,0
45.171,0.9790,0,0,0,0
45.204,0.9791,0,0,0,0
45.236,0.9791,0,0,0,0
45.268,0.9792,0,0,0,0
45.305,0.9792,0,0,0,0
45.333,0.9792,0,0,0,0
45.368,0.9793,0,0,0,0
45.401,0.9793,0,0,0,0
45.434,0.9794,0,0,0,0
45.469,0.9794,0,0,0,0
45.505,0.9794,0,0,0,0
45.539,0.9795,0,0,0,0
45.572,0.9795,0,0,0,0
45.601,0.9795,0,0,0,0
45.638,0.9796,0,0,0,0
45.660,0.9796,0,0,0,0
45.703,0.9796,0,0,0,0
45.737,0.9797,0,0,0,0
45.768,0.9797,0,0,0,0
45.803,0.9797,0,0,0,0
45.836,0.9798,0,0,0,0
45.869,0.9798,0,0,0,0
45.900,0.9798,0,0,0,0
45.938,0.9798,0,0,0,0
45.970,0.9799,0,0,0,0
46.004,0.9799,0,0,0,0
46.035,0.9799,0,0,0,0
46.068,0.9800,0,0,0,0
46.101,0.9800,0,0,0,0
46.137,0.9800,0,0,0,0
46.171,0.9800,0,0,0,0
46.205,0.9801,0,0,0,0
46.239,0.9801,0,0,0,0
46.272,0.9801,0,0,0,0
46.302,0.9802,0,0,0,0
46.336,0.9802,0,0,0,0
46.369,0.9802,0,0,0,0
46.401,0.9802,0,0,0,0
46.435,0.9803,0,0,0,0
46.470,0.9803,0,0,0,0
46.499,0.9803,0,0,0,0
46.535,0.9803,0,0,0,0
46.564,0.9803,0,0,0,0
46.605,0.9804,0,0,0,0
46.637,0.9804,0,0,0,0
46.671,0.9804,0,0,0,0
46.705,0.9804,0,0,0,0
46.734,0.9805,0,0,0,0
46.768,0.9805,0,0,0,0
46.801,0.9805,0,0,0,0
46.837,0.9805,0,0,0,0
46.871,0.9806,0,0,0,0
46.900,0.9806,0,0,0,0
46.934,0.9806,0,0,0,0
46.972,0.9806,0,0,0,0
47.003,0.9806,0,0,0,0
47.035,0.9807,0,0,0,0
47.068,0.9807,0,0,0,0
47.103,0.9807,0,0,0,0
47.136,0.9807,0,0,0,0
47.167,0.9807,0,0,0,0
47.201,0.9808,0,0,0,0
47.237,0.9808,0,0,0,0
47.277,0.9808,0,0,0,0
47.306,0.9808,0,0,0,0
47.335,0.9808,0,0,0,0
47.369,0.9809,0,0,0,0
47.404,0.9809,0,0,0,0
47.433,0.9809,0,0,0,0
47.470,0.9809,0,0,0,0
47.503,0.9809,0,0,0,0
47.535,0.9810,0,0,0,0
47.570,0.9810,0,0,0,0
47.603,0.9810,0,0,0,0
47.633,0.9810,0,0,0,0
47.669,0.9810,0,0,0,0
47.702,0.9810,0,0,0,0
47.734,0.9811,0,0,0,0
47.772,0.9811,0,0,0,0
47.805,0.9811,0,0,0,0
47.834,0.9811,0,0,0,0
47.867,0.9811,0,0,0,0
47.903,0.9811,0,0,0,0
47.936,0.9811,0,0,0,0
47.968,0.9812,0,0,0,0
47.996,0.9812,0,0,0,0
48.034,0.9812,0,0,0,0
48.068,0.9812,0,0,0,0
48.101,0.9812,0,0,0,0
48.135,0.9812,0,0,0,0
48.172,0.9812,0,0,0,0
48.204,0.9813,0,0,0,0
48.235,0.9813,0,0,0,0
48.268,0.9813,0,0,0,0
48.305,0.9813,0,0,0,0
48.339,0.9813,0,0,0,0
48.372,0.9813,0,0,0,0
48.402,0.9813,0,0,0,0
48.439,0.9814,0,0,0,0
48.470,0.9814,0,0,0,0
48.504,0.9814,0,0,0,0
48.535,0.9814,0,0,0,0
48.568,0.9814,0,0,0,0
48.605,0.9814,0,0,0,0
48.636,0.9814,0,0,0,0
48.668,0.9814,0,0,0,0
48.700,0.9815,0,0,0,0
48.738,0.9815,0,0,0,0
48.767,0.9815,0,0,0,0
48.802,0.9815,0,0,0,0
48.837,0.9815,0,0,0,0
48.869,0.9815,0,0,0,0
48.904,0.9815,0,0,0,0
48.938,0.9815,0,0,0,0
48.967,0.9815,0,0,0,0
49.005,0.9816,0,0,0,0
49.038,0.9816,0,0,0,0
49.070,0.9816,0,0,0,0
49.101,0.9816,0,0,0,0
49.135,0.9816,0,0,0,0
49.167,0.9816,0,0,0,0
49.201,0.9816,0,0,0,0
49.237,0.9816,0,0,0,0
49.270,0.9816,0,0,0,0
49.302,0.9816,0,0,0,0
49.337,0.9817,0,0,0,0
49.372,0.9817,0,0,0,0
49.400,0.9817,0,0,0,0
49.441,0.9817,0,0,0,0
49.468,0.9817,0,0,0,0
49.504,0.9817,0,0,0,0
49.534,0.9817,0,0,0,0
49.571,0.9817,0,0,0,0
49.601,0.9817,0,0,0,0
49.639,0.9817,0,0,0,0
49.668,0.9818,0,0,0,0
49.700,0.9818,0,0,0,0
49.734,0.9818,0,0,0,0
49.767,0.9818,0,0,0,0
49.801,0.9818,0,0,0,0
49.834,0.9818,0,0,0,0
49.868,0.9818,0,0,0,0
49.905,0.9818,0,0,0,0
49.938,0.9818,0,0,0,0
49.970,0.9818,0,0,0,0
50.001,0.9818,0,0,0,0
50.035,0.9819,0,0,0,0
50.071,0.9819,0,0,0,0
50.101,0.9819,0,0,0,0
50.139,0.9819,0,0,0,0
50.168,0.9819,0,0,0,0
50.202,0.9819,0,0,0,0
50.236,0.9819,0,0,0,0
50.268,0.9819,0,0,0,0
50.301,0.9819,0,0,0,0
50.339,0.9819,0,0,0,0
50.372,0.9819,0,0,0,0
50.404,0.9819,0,0,0,0
50.434,0.9819,0,0,0,0
50.468,0.9819,0,0,0,0
50.501,0.9820,0,0,0,0
50.539,0.9820,0,0,0,0
50.572,0.9820,0,0,0,0
50.604,0.9820,0,0,0,0
50.637,0.9820,0,0,0,0
50.673,0.9820,0,0,0,0
50.705,0.9820,0,0,0,0
50.736,0.9820,0,0,0,0
50.771,0.9820,0,0,0,0
50.801,0.9820,0,0,0,0
50.838,0.9820,0,0,0,0
50.871,0.9820,0,0,0,0
50.903,0.9820,0,0,0,0
50.933,0.9820,0,0,0,0
50.972,0.9820,0,0,0,0
51.005,0.9821,0,0,0,0
51.037,0.9821,0,0,0,0
51.071,0.9821,0,0,0,0
51.103,0.9821,0,0,0,0
51.137,0.9821,0,0,0,0
51.167,0.9821,0,0,0,0
51.203,0.9821,0,0,0,0
51.236,0.9821,0,0,0,0
51.271,0.9821,0,0,0,0
51.300,0.9821,0,0,0,0
51.338,0.9821,0,0,0,0
51.368,0.9821,0,0,0,0
51.405,0.9821,0,0,0,0
51.434,0.9821,0,0,0,0
51.467,0.9821,0,0,0,0
51.500,0.9821,0,0,0,0
51.537,0.9822,0,0,0,0
51.570,0.9822,0,0,0,0
51.603,0.9822,0,0,0,0
51.634,0.9822,0,0,0,0
51.676,0.9822,0,0,0,0
51.704,0.9822,0,0,0,0
51.737,0.9822,0,0,0,0
51.768,0.9822,0,0,0,0
51.800,0.9822,0,0,0,0
51.839,0.9822,0,0,0,0
51.871,0.9822,0,0,0,0
51.904,0.9822,0,0,0,0
51.938,0.9822,0,0,0,0
51.968,0.9822,0,0,0,0
52.004,0.9822,0,0,0,0
52.035,0.9822,0,0,0,0
52.067,0.9822,0,0,0,0
52.101,0.9822,0,0,0,0
52.136,0.9822,0,0,0,0
52.169,0.9823,0,0,0,0
52.204,0.9823,0,0,0,0
52.235,0.9823,0,0,0,0
52.270,0.9823,0,0,0,0
52.303,0.9823,0,0,0,0
52.333,0.9823,0,0,0,0
52.368,0.9823,0,0,0,0
52.403,0.9823,0,0,0,0
52.435,0.9823,0,0,0,0
52.458,0.9823,0,0,0,0
52.507,0.9823,0,0,0,0
52.538,0.9823,0,0,0,0
52.571,0.9823,0,0,0,0
52.605,0.9823,0,0,0,0
52.634,0.9823,0,0,0,0
52.670,0.9823,0,0,0,0
52.701,0.9823,0,0,0,0
52.737,0.9823,0,0,0,0
52.767,0.9823,0,0,0,0
52.805,0.9823,0,0,0,0
52.838,0.9823,0,0,0,0
52.872,0.9823,0,0,0,0
52.903,0.9824,0,0,0,0
52.934,0.9824,0,0,0,0
52.968,0.9824,0,0,0,0
53.002,0.9824,0,0,0,0
53.037,0.9824,0,0,0,0
53.067,0.9824,0,0,0,0
53.104,0.9824,0,0,0,0
53.134,0.9824,0,0,0,0
53.171,0.9824,0,0,0,0
53.200,0.9824,0,0,0,0
53.237,0.9824,0,0,0,0
53.268,0.9824,0,0,0,0
53.301,0.9824,0,0,0,0
53.338,0.9824,0,0,0,0
53.369,0.9824,0,0,0,0
53.403,0.9824,0,0,0,0
53.435,0.9824,0,0,0,0
53.467,0.9824,0,0,0,0
53.505,0.9824,0,0,0,0
53.534,0.9824,0,0,0,0
53.570,0.9824,0,0,0,0
53.604,0.9824,0,0,0,0
53.636,0.9824,0,0,0,0
53.669,0.9824,0,0,0,0
53.701,0.9824,0,0,0,0
53.734,0.9824,0,0,0,0
53.771,0.9825,0,0,0,0
53.804,0.9825,0,0,0,0
53.835,0.9825,0,0,0,0
53.867,0.9825,0,0,0,0
53.904,0.9825,0,0,0,0
53.934,0.9825,0,0,0,0
53.978,0.9825,0,0,0,0
54.001,0.9825,0,0,0,0
54.039,0.9825,0,0,0,0
54.068,0.9825,0,0,0,0
54.100,0.9825,0,0,0,0
54.137,0.9825,0,0,0,0
54.172,0.9825,0,0,0,0
54.205,0.9825,0,0,0,0
54.236,0.9825,0,0,0,0
54.269,0.9825,0,0,0,0
54.300,0.9825,0,0,0,0
54.335,0.9825,0,0,0,0
54.368,0.9825,0,0,0,0
54.401,0.9825,0,0,0,0
54.436,0.9825,0,0,0,0
54.469,0.9825,0,0,0,0
54.500,0.9825,0,0,0,0
54.537,0.9825,0,0,0,0
54.570,0.9825,0,0,0,0
54.605,0.9825,0,0,0,0
54.637,0.9825,0,0,0,0
54.667,0.9825,0,0,0,0
54.704,0.9825,0,0,0,0
54.734,0.9826,0,0,0,0
54.768,0.9826,0,0,0,0
54.802,0.9826,0,0,0,0
54.836,0.9826,0,0,0,0
54.871,0.9826,0,0,0,0
54.904,0.9826,0,0,0,0
54.934,0.9826,0,0,0,0
54.969,0.9826,0,0,0,0
55.000,0.9826,0,0,0,0
55.039,0.9826,0,0,0,0
55.068,0.9826,0,0,0,0
55.100,0.9826,0,0,0,0
55.136,0.9826,0,0,0,0
55.172,0.9826,0,0,0,0
55.203,0.9826,0,0,0,0
55.235,0.9826,0,0,0,0
55.271,0.9826,0,0,0,0
55.304,0.9826,0,0,0,0
55.334,0.9826,0,0,0,0
55.371,0.9826,0,0,0,0
55.405,0.9826,0,0,0,0
55.433,0.9826,0,0,0,0
55.467,0.9826,0,0,0,0
55.504,0.9826,0,0,0,0
55.536,0.9826,0,0,0,0
55.565,0.9826,0,0,0,0
55.605,0.9826,0,0,0,0
55.636,0.9826,0,0,0,0
55.670,0.9826,0,0,0,0
55.702,0.9826,0,0,0,0
55.738,0.9826,0,0,0,0
55.769,0.9826,0,0,0,0
55.803,0.9826,0,0,0,0
55.836,0.9826,0,0,0,0
55.870,0.9826,0,0,0,0
55.901,0.9826,0,0,0,0
55.937,0.9827,0,0,0,0
55.969,0.9827,0,0,0,0
56.002,0.9827,0,0,0,0
56.038,0.9827,0,0,0,0
56.071,0.9827,0,0,0,0
56.105,0.9827,0,0,0,0
56.135,0.9827,0,0,0,0
56.173,0.9827,0,0,0,0
56.204,0.9827,0,0,0,0
56.236,0.9827,0,0,0,0
56.272,0.9827,0,0,0,0
56.304,0.9827,0,0,0,0
56.334,0.9827,0,0,0,0
56.370,0.9827,0,0,0,0
56.401,0.9827,0,0,0,0
56.434,0.9827,0,0,0,0
56.467,0.9827,0,0,0,0
56.504,0.9827,0,0,0,0
56.538,0.9827,0,0,0,0
56.569,0.9827,0,0,0,0
56.603,0.9827,0,0,0,0
56.638,0.9827,0,0,0,0
56.668,0.9827,0,0,0,0
56.705,0.9827,0,0,0,0
56.738,0.9827,0,0,0,0
56.768,0.9827,0,0,0,0
56.801,0.9827,0,0,0,0
56.834,0.9827,0,0,0,0
56.867,0.9827,0,0,0,0
56.904,0.9827,0,0,0,0
56.934,0.9827,0,0,0,0
56.968,0.9827,0,0,0,0
57.000,0.9827,0,0,0,0
57.036,0.9827,0,0,0,0
57.069,0.9827,0,0,0,0
57.104,0.9827,0,0,0,0
57.135,0.9827,0,0,0,0
57.167,0.9827,0,0,0,0
57.203,0.9827,0,0,0,0
57.238,0.9827,0,0,0,0
57.270,0.9828,0,0,0,0
57.303,0.9828,0,0,0,0
57.334,0.9828,0,0,0,0
57.369,0.9828,0,0,0,0
57.403,0.9828,0,0,0,0
57.434,0.9828,0,0,0,0
57.470,0.9828,0,0,0,0
57.506,0.9828,0,0,0,0
57.534,0.9828,0,0,0,0
57.570,0.9828,0,0,0,0
57.604,0.9828,0,0,0,0
57.638,0.9828,0,0,0,0
57.668,0.9828,0,0,0,0
57.705,0.9828,0,0,0,0
57.736,0.9828,0,0,0,0
57.771,0.9828,0,0,0,0
57.803,0.9828,0,0,0,0
57.839,0.9828,0,0,0,0
57.869,0.9828,0,0,0,0
57.900,0.9828,0,0,0,0
57.946,0.9828,0,0,0,0
57.967,0.9828,0,0,0,0
58.000,0.9828,0,0,0,0
58.034,0.9828,0,0,0,0
58.068,0.9828,0,0,0,0
58.102,0.9828,0,0,0,0
58.136,0.9828,0,0,0,0
58.168,0.9828,0,0,0,0
58.203,0.9828,0,0,0,0
58.236,0.9828,0,0,0,0
58.267,0.9828,0,0,0,0
58.301,0.9828,0,0,0,0
58.337,0.9828,0,0,0,0
58.370,0.9828,0,0,0,0
58.404,0.9828,0,0,0,0
58.438,0.9828,0,0,0,0
58.472,0.9828,0,0,0,0
58.505,0.9828,0,0,0,0
58.534,0.9828,0,0,0,0
58.573,0.9828,0,0,0,0
58.603,0.9828,0,0,0,0
58.639,0.9828,0,0,0,0
58.668,0.9828,0,0,0,0
58.704,0.9828,0,0,0,0
58.740,0.9828,0,0,0,0
58.772,0.9828,0,0,0,0
58.806,0.9828,0,0,0,0
58.838,0.9829,0,0,0,0
58.872,0.9829,0,0,0,0
58.902,0.9829,0,0,0,0
58.934,0.9829,0,0,0,0
58.969,0.9829,0,0,0,0
59.000,0.9829,0,0,0,0
59.034,0.9829,0,0,0,0
59.071,0.9829,0,0,0,0
59.107,0.9829,0,0,0,0
59.137,0.9829,0,0,0,0
59.167,0.9829,0,0,0,0
59.205,0.9829,0,0,0,0
59.236,0.9829,0,0,0,0
59.269,0.9829,0,0,0,0
59.301,0.9829,0,0,0,0
59.335,0.9829,0,0,0,0
59.372,0.9829,0,0,0,0
59.400,0.9829,0,0,0,0
59.434,0.9829,0,0,0,0
59.469,0.9829,0,0,0,0
59.500,0.9829,0,0,0,0
59.533,0.9829,0,0,0,0
59.570,0.9829,0,0,0,0
59.606,0.9829,0,0,0,0
59.638,0.9829,0,0,0,0
59.669,0.9829,0,0,0,0
59.700,0.9829,0,0,0,0
59.735,0.9829,0,0,0,0
59.772,0.9829,0,0,0,0
59.804,0.9829,0,0,0,0
59.836,0.9829,0,0,0,0
59.871,0.9829,0,0,0,0
59.903,0.9829,0,0,0,0
59.936,0.9829,0,0,0,0
59.971,0.9829,0,0,0,0
60.005,0.9829,0,0,0,0
60.037,0.9829,0,0,0,0
60.067,0.9829,0,0,0,0
60.101,0.9829,0,0,0,0
60.136,0.9829,0,0,0,0
60.170,0.9829,0,0,0,0
60.203,0.9829,0,0,0,0
60.236,0.9829,0,0,0,0
60.269,0.9829,0,0,0,0
60.301,0.9829,0,0,0,0
60.338,0.9829,0,0,0,0
60.371,0.9829,0,0,0,0
60.408,0.9829,0,0,0,0
60.440,0.9829,0,0,0,0
60.469,0.9829,0,0,0,0
60.504,0.9829,0,0,0,0
60.534,0.9829,0,0,0,0
60.569,0.9829,0,0,0,0
60.600,0.9830,0,0,0,0
60.639,0.9830,0,0,0,0
60.667,0.9830,0,0,0,0
60.706,0.9830,0,0,0,0
60.739,0.9830,0,0,0,0
60.771,0.9830,0,0,0,0
60.801,0.9830,0,0,0,0
60.835,0.9830,0,0,0,0
60.869,0.9830,0,0,0,0
60.903,0.9830,0,0,0,0
60.934,0.9830,0,0,0,0
60.969,0.9830,0,0,0,0
61.004,0.9830,0,0,0,0
61.034,0.9830,0,0,0,0
61.070,0.9830,0,0,0,0
61.104,0.9830,0,0,0,0
61.134,0.9830,0,0,0,0
61.169,0.9830,0,0,0,0
61.204,0.9830,0,0,0,0
61.234,0.9830,0,0,0,0
61.270,0.9830,0,0,0,0
61.303,0.9830,0,0,0,0
61.338,0.9830,0,0,0,0
61.369,0.9830,0,0,0,0
61.402,0.9830,0,0,0,0
61.436,0.9830,0,0,0,0
61.468,0.9830,0,0,0,0
61.502,0.9830,0,0,0,0
61.536,0.9830,0,0,0,0
61.571,0.9830,0,0,0,0
61.603,0.9830,0,0,0,0
61.638,0.9830,0,0,0,0
61.667,0.9830,0,0,0,0
61.704,0.9830,0,0,0,0
61.736,0.9830,0,0,0,0
61.767,0.9830,0,0,0,0
61.802,0.9830,0,0,0,0
61.835,0.9830,0,0,0,0
61.868,0.9830,0,0,0,0
61.904,0.9830,0,0,0,0
61.942,0.9830,0,0,0,0
61.971,0.9830,0,0,0,0
62.003,0.9830,0,0,0,0
62.035,0.9830,0,0,0,0
62.069,0.9830,0,0,0,0
62.102,0.9830,0,0,0,0
62.136,0.9830,0,0,0,0
62.172,0.9830,0,0,0,0
62.201,0.9830,0,0,0,0
62.238,0.9830,0,0,0,0
62.270,0.9830,0,0,0,0
62.301,0.9830,0,0,0,0
62.334,0.9830,0,0,0,0
62.369,0.9830,0,0,0,0
62.403,0.9830,0,0,0,0
62.435,0.9830,0,0,0,0
62.470,0.9830,0,0,0,0
62.506,0.9830,0,0,0,0
62.535,0.9830,0,0,0,0
62.569,0.9830,0,0,0,0
62.605,0.9831,0,0,0,0
62.636,0.9831,0,0,0,0
62.669,0.9831,0,0,0,0
62.702,0.9831,0,0,0,0
62.737,0.9831,0,0,0,0
62.768,0.9831,0,0,0,0
62.803,0.9831,0,0,0,0
62.835,0.9831,0,0,0,0
62.870,0.9831,0,0,0,0
62.903,0.9831,0,0,0,0
62.936,0.9831,0,0,0,0
62.971,0.9831,0,0,0,0
63.001,0.9831,0,0,0,0
63.037,0.9831,0,0,0,0
63.070,0.9831,0,0,0,0
63.103,0.9831,0,0,0,0
63.135,0.9831,0,0,0,0
63.169,0.9831,0,0,0,0
63.201,0.9831,0,0,0,0
63.236,0.9831,0,0,0,0
63.268,0.9831,0,0,0,0
63.301,0.9831,0,0,0,0
63.338,0.9831,0,0,0,0
63.369,0.9831,0,0,0,0
63.403,0.9831,0,0,0,0
63.435,0.9831,0,0,0,0
63.470,0.9831,0,0,0,0
63.503,0.9831,0,0,0,0
63.536,0.9831,0,0,0,0
63.568,0.9831,0,0,0,0
63.601,0.9831,0,0,0,0
63.635,0.9831,0,0,0,0
63.669,0.9831,0,0,0,0
63.702,0.9831,0,0,0,0
63.735,0.9831,0,0,0,0
63.768,0.9831,0,0,0,0
63.802,0.9831,0,0,0,0
63.834,0.9831,0,0,0,0
63.870,0.9831,0,0,0,0
63.902,0.9831,0,0,0,0
63.936,0.9831,0,0,0,0
63.970,0.9831,0,0,0,0
64.004,0.9831,0,0,0,0
64.036,0.9831,0,0,0,0
64.068,0.9831,0,0,0,0
64.103,0.9831,0,0,0,0
64.137,0.9831,0,0,0,0
64.170,0.9831,0,0,0,0
64.204,0.9831,0,0,0,0
64.236,0.9831,0,0,0,0
64.269,0.9831,0,0,0,0
64.302,0.9831,0,0,0,0
64.334,0.9831,0,0,0,0
64.368,0.9831,0,0,0,0
64.403,0.9831,0,0,0,0
64.438,0.9831,0,0,0,0
64.467,0.9831,0,0,0,0
64.501,0.9831,0,0,0,0
64.534,0.9831,0,0,0,0
64.571,0.9831,0,0,0,0
64.601,0.9831,0,0,0,0
64.637,0.9831,0,0,0,0
64.668,0.9831,0,0,0,0
64.702,0.9831,0,0,0,0
64.737,0.9831,0,0,0,0
64.769,0.9831,0,0,0,0
64.801,0.9831,0,0,0,0
64.838,0.9832,0,0,0,0
64.869,0.9832,0,0,0,0
64.901,0.9832,0,0,0,0
64.936,0.9832,0,0,0,0
64.968,0.9832,0,0,0,0
65.004,0.9832,0,0,0,0
65.036,0.9832,0,0,0,0
65.069,0.9832,0,0,0,0
65.103,0.9832,0,0,0,0
65.133,0.9832,0,0,0,0
65.171,0.9832,0,0,0,0
65.205,0.9832,0,0,0,0
65.237,0.9832,0,0,0,0
65.272,0.9832,0,0,0,0
65.305,0.9832,0,0,0,0
65.338,0.9832,0,0,0,0
65.367,0.9832,0,0,0,0
65.404,0.9832,0,0,0,0
65.438,0.9832,0,0,0,0
65.468,0.9832,0,0,0,0
65.506,0.9832,0,0,0,0
65.537,0.9832,0,0,0,0
65.570,0.9832,0,0,0,0
65.601,0.9832,0,0,0,0
65.639,0.9832,0,0,0,0
65.671,0.9832,0,0,0,0
65.705,0.9832,0,0,0,0
65.734,0.9832,0,0,0,0
65.771,0.9832,0,0,0,0
65.802,0.9832,0,0,0,0
65.835,0.9832,0,0,0,0
65.868,0.9832,0,0,0,0
65.905,0.9832,0,0,0,0
65.937,0.9832,0,0,0,0
65.969,0.9832,0,0,0,0
66.001,0.9832,0,0,0,0
66.036,0.9832,0,0,0,0
66.068,0.9832,0,0,0,0
66.103,0.9832,0,0,0,0
66.135,0.9832,0,0,0,0
66.167,0.9832,0,0,0,0
66.203,0.9832,0,0,0,0
66.236,0.9832,0,0,0,0
66.268,0.9832,0,0,0,0
66.305,0.9832,0,0,0,0
66.335,0.9832,0,0,0,0
66.368,0.9832,0,0,0,0
66.402,0.9832,0,0,0,0
66.437,0.9832,0,0,0,0
66.469,0.9832,0,0,0,0
66.503,0.9832,0,0,0,0
66.536,0.9832,0,0,0,0
66.568,0.9832,0,0,0,0
66.603,0.9832,0,0,0,0
66.636,0.9832,0,0,0,0
66.671,0.9832,0,0,0,0
66.704,0.9832,0,0,0,0
66.738,0.9832,0,0,0,0
66.771,0.9832,0,0,0,0
66.806,0.9832,0,0,0,0
66.837,0.9832,0,0,0,0
66.868,0.9832,0,0,0,0
66.902,0.9832,0,0,0,0
66.936,0.9832,0,0,0,0
66.968,0.9832,0,0,0,0
67.002,0.9832,0,0,0,0
67.037,0.9832,0,0,0,0
67.069,0.9832,0,0,0,0
67.104,0.9832,0,0,0,0
67.138,0.9832,0,0,0,0
67.168,0.9832,0,0,0,0
67.201,0.9832,0,0,0,0
67.238,0.9832,0,0,0,0
67.267,0.9832,0,0,0,0
67.301,0.9832,0,0,0,0
67.334,0.9832,0,0,0,0
67.367,0.9832,0,0,0,0
67.403,0.9833,0,0,0,0
67.436,0.9833,0,0,0,0
67.467,0.9833,0,0,0,0
67.504,0.9833,0,0,0,0
67.538,0.9833,0,0,0,0
67.569,0.9833,0,0,0,0
67.603,0.9833,0,0,0,0
67.638,0.9833,0,0,0,0
67.667,0.9833,0,0,0,0
67.703,0.9833,0,0,0,0
67.736,0.9833,0,0,0,0
67.770,0.9833,0,0,0,0
67.804,0.9833,0,0,0,0
67.834,0.9833,0,0,0,0
67.869,0.9833,0,0,0,0
67.904,0.9833,0,0,0,0
67.935,0.9833,0,0,0,0
67.971,0.9833,0,0,0,0
68.001,0.9833,0,0,0,0
68.038,0.9833,0,0,0,0
68.068,0.9833,0,0,0,0
68.102,0.9833,0,0,0,0
68.135,0.9833,0,0,0,0
68.167,0.9833,0,0,0,0
68.200,0.9833,0,0,0,0
68.236,0.9833,0,0,0,0
68.269,0.9833,0,0,0,0
68.302,0.9833,0,0,0,0
68.337,0.9833,0,0,0,0
68.369,0.9833,0,0,0,0
68.406,0.9833,0,0,0,0
68.439,0.9833,0,0,0,0
68.471,0.9833,0,0,0,0
68.501,0.9833,0,0,0,0
68.536,0.9833,0,0,0,0
68.569,0.9833,0,0,0,0
68.604,0.9833,0,0,0,0
68.635,0.9833,0,0,0,0
68.668,0.9833,0,0,0,0
68.701,0.9833,0,0,0,0
68.734,0.9833,0,0,0,0
68.771,0.9833,0,0,0,0
68.804,0.9833,0,0,0,0
68.838,0.9833,0,0,0,0
68.867,0.9833,0,0,0,0
68.901,0.9833,0,0,0,0
68.938,0.9833,0,0,0,0
68.970,0.9833,0,0,0,0
69.004,0.9833,0,0,0,0
69.038,0.9833,0,0,0,0
69.071,0.9833,0,0,0,0
69.103,0.9833,0,0,0,0
69.136,0.9833,0,0,0,0
69.168,0.9833,0,0,0,0
69.207,0.9833,0,0,0,0
69.236,0.9833,0,0,0,0
69.266,0.9833,0,0,0,0
69.306,0.9833,0,0,0,0
69.335,0.9833,0,0,0,0
69.369,0.9833,0,0,0,0
69.401,0.9833,0,0,0,0
69.435,0.9833,0,0,0,0
69.468,0.9833,0,0,0,0
69.503,0.9833,0,0,0,0
69.541,0.9833,0,0,0,0
69.567,0.9833,0,0,0,0
69.600,0.9833,0,0,0,0
69.640,0.9833,0,0,0,0
69.661,0.9833,0,0,0,0
69.705,0.9833,0,0,0,0
69.734,0.9833,0,0,0,0
69.772,0.9833,0,0,0,0
69.805,0.9833,0,0,0,0
69.835,0.9833,0,0,0,0
69.868,0.9833,0,0,0,0
69.901,0.9833,0,0,0,0
69.937,0.9833,0,0,0,0
69.970,0.9833,0,0,0,0
70.004,0.9833,0,0,0,0
70.034,0.9833,0,0,0,0
70.072,0.9833,0,0,0,0
70.106,0.9833,0,0,0,0
70.139,0.9833,0,0,0,0
70.167,0.9833,0,0,0,0
70.201,0.9833,0,0,0,0
70.234,0.9833,0,0,0,0
70.271,0.9834,0,0,0,0
70.306,0.9834,0,0,0,0
70.339,0.9834,0,0,0,0
70.372,0.9834,0,0,0,0
70.402,0.9834,0,0,0,0
70.438,0.9834,0,0,0,0
70.471,0.9834,0,0,0,0
70.501,0.9834,0,0,0,0
70.538,0.9834,0,0,0,0
70.571,0.9834,0,0,0,0
70.602,0.9834,0,0,0,0
70.635,0.9834,0,0,0,0
70.668,0.9834,0,0,0,0
70.701,0.9834,0,0,0,0
70.738,0.9834,0,0,0,0
70.774,0.9834,0,0,0,0
70.819,0.9834,0,0,0,0
70.841,0.9834,0,0,0,0
70.873,0.9834,0,0,0,0
70.902,0.9834,0,0,0,0
70.938,0.9834,0,0,0,0
70.974,0.9834,0,0,0,0
71.002,0.9834,0,0,0,0
71.031,0.9834,0,0,0,0
71.071,0.9834,0,0,0,0
71.105,0.9834,0,0,0,0
71.150,0.9834,0,0,0,0
71.167,0.9834,0,0,0,0
71.204,0.9834,0,0,0,0
71.240,0.9834,0,0,0,0
71.272,0.9834,0,0,0,0
71.305,0.9834,0,0,0,0
71.338,0.9834,0,0,0,0
71.371,0.9834,0,0,0,0
71.404,0.9834,0,0,0,0
71.439,0.9834,0,0,0,0
71.471,0.9834,0,0,0,0
71.504,0.9834,0,0,0,0
71.538,0.9834,0,0,0,0
71.569,0.9834,0,0,0,0
71.605,0.9834,0,0,0,0
71.638,0.9834,0,0,0,0
71.667,0.9834,0,0,0,0
71.704,0.9834,0,0,0,0
71.733,0.9834,0,0,0,0
71.773,0.9834,0,0,0,0
71.807,0.9834,0,0,0,0
71.837,0.9834,0,0,0,0
71.871,0.9834,0,0,0,0
71.905,0.9834,0,0,0,0
71.938,0.9834,0,0,0,0
71.971,0.9834,0,0,0,0
72.004,0.9834,0,0,0,0
72.038,0.9834,0,0,0,0
72.068,0.9834,0,0,0,0
72.104,0.9834,0,0,0,0
72.137,0.9834,0,0,0,0
72.167,0.9834,0,0,0,0
72.202,0.9834,0,0,0,0
72.240,0.9834,0,0,0,0
72.269,0.9834,0,0,0,0
72.305,0.9834,0,0,0,0
72.336,0.9834,0,0,0,0
72.369,0.9834,0,0,0,0
72.401,0.9834,0,0,0,0
72.434,0.9834,0,0,0,0
72.472,0.9834,0,0,0,0
72.505,0.9834,0,0,0,0
72.534,0.9834,0,0,0,0
72.571,0.9834,0,0,0,0
72.610,0.9834,0,0,0,0
72.638,0.9834,0,0,0,0
72.667,0.9834,0,0,0,0
72.702,0.9834,0,0,0,0
72.734,0.9834,0,0,0,0
72.769,0.9834,0,0,0,0
72.805,0.9834,0,0,0,0
72.838,0.9834,0,0,0,0
72.873,0.9834,0,0,0,0
72.905,0.9834,0,0,0,0
72.938,0.9834,0,0,0,0
72.971,0.9834,0,0,0,0
73.005,0.9834,0,0,0,0
73.040,0.9834,0,0,0,0
73.067,0.9834,0,0,0,0
73.105,0.9834,0,0,0,0
73.138,0.9834,0,0,0,0
73.172,0.9834,0,0,0,0
73.205,0.9834,0,0,0,0
73.238,0.9834,0,0,0,0
73.267,0.9834,0,0,0,0
73.302,0.9834,0,0,0,0
73.338,0.9834,0,0,0,0
73.372,0.9834,0,0,0,0
73.405,0.9834,0,0,0,0
73.438,0.9834,0,0,0,0
73.469,0.9834,0,0,0,0
73.505,0.9834,0,0,0,0
73.538,0.9834,0,0,0,0
73.572,0.9834,0,0,0,0
73.605,0.9835,0,0,0,0
73.636,0.9835,0,0,0,0
73.667,0.9835,0,0,0,0
73.705,0.9835,0,0,0,0
73.739,0.9835,0,0,0,0
73.771,0.9835,0,0,0,0
73.805,0.9835,0,0,0,0
73.834,0.9835,0,0,0,0
73.871,0.9835,0,0,0,0
73.905,0.9835,0,0,0,0
73.939,0.9835,0,0,0,0
73.972,0.9835,0,0,0,0
74.005,0.9835,0,0,0,0
74.036,0.9835,0,0,0,0
74.069,0.9835,0,0,0,0
74.101,0.9835,0,0,0,0
74.139,0.9835,0,0,0,0
74.169,0.9835,0,0,0,0
74.204,0.9835,0,0,0,0
74.236,0.9835,0,0,0,0
74.268,0.9835,0,0,0,0
74.303,0.9835,0,0,0,0
74.338,0.9835,0,0,0,0
74.368,0.9835,0,0,0,0
74.402,0.9835,0,0,0,0
74.435,0.9835,0,0,0,0
74.470,0.9835,0,0,0,0
74.505,0.9835,0,0,0,0
74.535,0.9835,0,0,0,0
74.572,0.9835,0,0,0,0
74.605,0.9835,0,0,0,0
74.638,0.9835,0,0,0,0
74.668,0.9835,0,0,0,0
74.705,0.9835,0,0,0,0
74.738,0.9835,0,0,0,0
74.767,0.9835,0,0,0,0
74.804,0.9835,0,0,0,0
74.836,0.9835,0,0,0,0
74.867,0.9835,0,0,0,0
74.903,0.9835,0,0,0,0
74.936,0.9835,0,0,0,0
74.968,0.9835,0,0,0,0
75.000,0.9835,0,0,0,0
75.037,0.9835,0,0,0,0
75.066,0.9835,0,0,0,0
75.103,0.9835,0,0,0,0
75.133,0.9835,0,0,0,0
75.169,0.9835,0,0,0,0
75.203,0.9835,0,0,0,0
75.238,0.9835,0,0,0,0
75.271,0.9835,0,0,0,0
75.300,0.9835,0,0,0,0
75.334,0.9835,0,0,0,0
75.368,0.9835,0,0,0,0
75.401,0.9835,0,0,0,0
75.435,0.9835,0,0,0,0
75.469,0.9835,0,0,0,0
75.501,0.9835,0,0,0,0
75.536,0.9835,0,0,0,0
75.569,0.9835,0,0,0,0
75.604,0.9835,0,0,0,0
75.634,0.9835,0,0,0,0
75.667,0.9835,0,0,0,0
75.707,0.9835,0,0,0,0
75.727,0.9835,0,0,0,0
75.771,0.9835,0,0,0,0
75.805,0.9835,0,0,0,0
75.834,0.9835,0,0,0,0
75.868,0.9835,0,0,0,0
75.902,0.9835,0,0,0,0
75.937,0.9835,0,0,0,0
75.969,0.9835,0,0,0,0
76.002,0.9835,0,0,0,0
76.037,0.9835,0,0,0,0
76.067,0.9835,0,0,0,0
76.100,0.9835,0,0,0,0
76.139,0.9835,0,0,0,0
76.167,0.9835,0,0,0,0
76.203,0.9835,0,0,0,0
76.236,0.9835,0,0,0,0
76.269,0.9835,0,0,0,0
76.302,0.9835,0,0,0,0
76.338,0.9835,0,0,0,0
76.368,0.9835,0,0,0,0
76.404,0.9835,0,0,0,0
76.434,0.9835,0,0,0,0
76.471,0.9835,0,0,0,0
76.500,0.9835,0,0,0,0
76.536,0.9835,0,0,0,0
76.569,0.9835,0,0,0,0
76.606,0.9835,0,0,0,0
76.634,0.9835,0,0,0,0
76.670,0.9835,0,0,0,0
76.704,0.9835,0,0,0,0
76.736,0.9835,0,0,0,0
76.769,0.9835,0,0,0,0
76.803,0.9835,0,0,0,0
76.838,0.9835,0,0,0,0
76.869,0.9835,0,0,0,0
76.904,0.9835,0,0,0,0
76.938,0.9835,0,0,0,0
76.959,0.9835,0,0,0,0
77.001,0.9835,0,0,0,0
77.038,0.9835,0,0,0,0
77.067,0.9835,0,0,0,0
77.103,0.9835,0,0,0,0
77.136,0.9835,0,0,0,0
77.169,0.9835,0,0,0,0
77.203,0.9835,0,0,0,0
77.239,0.9835,0,0,0,0
77.269,0.9835,0,0,0,0
77.301,0.9835,0,0,0,0
77.333,0.9835,0,0,0,0
77.369,0.9835,0,0,0,0
77.402,0.9835,0,0,0,0
77.436,0.9836,0,0,0,0
77.469,0.9836,0,0,0,0
77.501,0.9836,0,0,0,0
77.535,0.9836,0,0,0,0
77.570,0.9836,0,0,0,0
77.605,0.9836,0,0,0,0
77.636,0.9836,0,0,0,0
77.667,0.9836,0,0,0,0
77.697,0.9836,0,0,0,0
77.735,0.9836,0,0,0,0
77.768,0.9836,0,0,0,0
77.801,0.9836,0,0,0,0
77.835,0.9836,0,0,0,0
77.868,0.9836,0,0,0,0
77.903,0.9836,0,0,0,0
77.940,0.9836,0,0,0,0
77.972,0.9836,0,0,0,0
78.003,0.9836,0,0,0,0
78.034,0.9836,0,0,0,0
78.072,0.9836,0,0,0,0
78.101,0.9836,0,0,0,0
78.136,0.9836,0,0,0,0
78.172,0.9836,0,0,0,0
78.202,0.9836,0,0,0,0
78.237,0.9836,0,0,0,0
78.268,0.9836,0,0,0,0
78.301,0.9836,0,0,0,0
78.336,0.9836,0,0,0,0
78.373,0.9836,0,0,0,0
78.401,0.9836,0,0,0,0
78.438,0.9836,0,0,0,0
78.467,0.9836,0,0,0,0
78.504,0.9836,0,0,0,0
78.533,0.9836,0,0,0,0
78.561,0.9836,0,0,0,0
78.599,0.9836,0,0,0,0
78.637,0.9836,0,0,0,0
78.669,0.9836,0,0,0,0
78.700,0.9836,0,0,0,0
78.736,0.9836,0,0,0,0
78.768,0.9836,0,0,0,0
78.801,0.9836,0,0,0,0
78.835,0.9836,0,0,0,0
78.867,0.9836,0,0,0,0
78.901,0.9836,0,0,0,0
78.933,0.9836,0,0,0,0
78.968,0.9836,0,0,0,0
79.004,0.9836,0,0,0,0
79.036,0.9836,0,0,0,0
79.068,0.9836,0,0,0,0
79.103,0.9836,0,0,0,0
79.136,0.9836,0,0,0,0
79.170,0.9836,0,0,0,0
79.203,0.9836,0,0,0,0
79.236,0.9836,0,0,0,0
79.268,0.9836,0,0,0,0
79.303,0.9836,0,0,0,0
79.346,0.9836,0,0,0,0
79.362,0.9836,0,0,0,0
79.402,0.9836,0,0,0,0
79.438,0.9836,0,0,0,0
79.470,0.9836,0,0,0,0
79.501,0.9836,0,0,0,0
79.534,0.9836,0,0,0,0
79.571,0.9836,0,0,0,0
79.601,0.9836,0,0,0,0
79.638,0.9836,0,0,0,0
79.671,0.9836,0,0,0,0
79.701,0.9836,0,0,0,0
79.733,0.9836,0,0,0,0
79.770,0.9836,0,0,0,0
79.805,0.9836,0,0,0,0
79.834,0.9836,0,0,0,0
79.867,0.9836,0,0,0,0
79.905,0.9836,0,0,0,0
79.933,0.9836,0,0,0,0
79.970,0.9836,0,0,0,0
80.004,0.9836,0,0,0,0
80.036,0.9836,0,0,0,0
80.071,0.9836,0,0,0,0
80.105,0.9836,0,0,0,0
80.136,0.9836,0,0,0,0
80.169,0.9836,0,0,0,0
80.201,0.9836,0,0,0,0
80.235,0.9836,0,0,0,0
80.271,0.9836,0,0,0,0
80.306,0.9836,0,0,0,0
80.334,0.9836,0,0,0,0
80.368,0.9836,0,0,0,0
80.402,0.9836,0,0,0,0
80.436,0.9836,0,0,0,0
80.470,0.9836,0,0,0,0
80.502,0.9836,0,0,0,0
80.536,0.9836,0,0,0,0
80.567,0.9836,0,0,0,0
80.605,0.9836,0,0,0,0
80.638,0.9836,0,0,0,0
80.672,0.9836,0,0,0,0
80.704,0.9836,0,0,0,0
80.739,0.9836,0,0,0,0
80.768,0.9836,0,0,0,0
80.801,0.9836,0,0,0,0
80.837,0.9836,0,0,0,0
80.867,0.9836,0,0,0,0
80.903,0.9836,0,0,0,0
80.934,0.9836,0,0,0,0
80.968,0.9836,0,0,0,0
81.005,0.9836,0,0,0,0
81.036,0.9836,0,0,0,0
81.066,0.9836,0,0,0,0
81.103,0.9836,0,0,0,0
81.136,0.9836,0,0,0,0
81.167,0.9836,0,0,0,0
81.201,0.9836,0,0,0,0
81.237,0.9836,0,0,0,0
81.271,0.9836,0,0,0,0
81.304,0.9836,0,0,0,0
81.333,0.9836,0,0,0,0
81.367,0.9836,0,0,0,0
81.403,0.9836,0,0,0,0
81.436,0.9836,0,0,0,0
81.469,0.9836,0,0,0,0
81.503,0.9836,0,0,0,0
81.536,0.9836,0,0,0,0
81.568,0.9836,0,0,0,0
81.601,0.9836,0,0,0,0
81.636,0.9836,0,0,0,0
81.670,0.9836,0,0,0,0
81.701,0.9836,0,0,0,0
81.733,0.9836,0,0,0,0
81.768,0.9836,0,0,0,0
81.804,0.9836,0,0,0,0
81.839,0.9836,0,0,0,0
81.869,0.9836,0,0,0,0
81.903,0.9836,0,0,0,0
81.933,0.9836,0,0,0,0
81.967,0.9836,0,0,0,0
82.000,0.9837,0,0,0,0
82.033,0.9837,0,0,0,0
82.070,0.9837,0,0,0,0
82.101,0.9837,0,0,0,0
82.136,0.9837,0,0,0,0
82.167,0.9837,0,0,0,0
82.201,0.9837,0,0,0,0
82.240,0.9837,0,0,0,0
82.268,0.9837,0,0,0,0
82.299,0.9837,0,0,0,0
82.336,0.9837,0,0,0,0
82.367,0.9837,0,0,0,0
82.403,0.9837,0,0,0,0
82.438,0.9837,0,0,0,0
82.467,0.9837,0,0,0,0
82.505,0.9837,0,0,0,0
82.542,0.9837,0,0,0,0
82.570,0.9837,0,0,0,0
82.606,0.9837,0,0,0,0
82.637,0.9837,0,0,0,0
82.668,0.9837,0,0,0,0
82.702,0.9837,0,0,0,0
82.734,0.9837,0,0,0,0
82.772,0.9837,0,0,0,0
82.800,0.9837,0,0,0,0
82.834,0.9837,0,0,0,0
82.871,0.9837,0,0,0,0
82.904,0.9837,0,0,0,0
82.938,0.9837,0,0,0,0
82.967,0.9837,0,0,0,0
83.002,0.9837,0,0,0,0
83.036,0.9837,0,0,0,0
83.069,0.9837,0,0,0,0
83.103,0.9837,0,0,0,0
83.136,0.9837,0,0,0,0
83.172,0.9837,0,0,0,0
83.205,0.9837,0,0,0,0
83.238,0.9837,0,0,0,0
83.266,0.9837,0,0,0,0
83.299,0.9837,0,0,0,0
83.332,0.9837,0,0,0,0
83.367,0.9837,0,0,0,0
83.401,0.9837,0,0,0,0
83.435,0.9837,0,0,0,0
83.470,0.9837,0,0,0,0
83.501,0.9837,0,0,0,0
83.537,0.9837,0,0,0,0
83.568,0.9837,0,0,0,0
83.603,0.9837,0,0,0,0
83.636,0.9837,0,0,0,0
83.671,0.9837,0,0,0,0
83.706,0.9837,0,0,0,0
83.734,0.9837,0,0,0,0
83.768,0.9837,0,0,0,0
83.801,0.9837,0,0,0,0
83.836,0.9837,0,0,0,0
83.869,0.9837,0,0,0,0
83.900,0.9837,0,0,0,0
83.936,0.9837,0,0,0,0
83.968,0.9837,0,0,0,0
84.001,0.9837,0,0,0,0
84.041,0.9837,0,0,0,0
84.067,0.9837,0,0,0,0
84.102,0.9837,0,0,0,0
84.135,0.9837,0,0,0,0
84.171,0.9837,0,0,0,0
84.202,0.9837,0,0,0,0
84.240,0.9837,0,0,0,0
84.268,0.9837,0,0,0,0
84.300,0.9837,0,0,0,0
84.336,0.9837,0,0,0,0
84.371,0.9837,0,0,0,0
84.403,0.9837,0,0,0,0
84.436,0.9837,0,0,0,0
84.470,0.9837,0,0,0,0
84.501,0.9837,0,0,0,0
84.536,0.9837,0,0,0,0
84.568,0.9837,0,0,0,0
84.603,0.9837,0,0,0,0
84.637,0.9837,0,0,0,0
84.672,0.9837,0,0,0,0
84.705,0.9837,0,0,0,0
84.733,0.9837,0,0,0,0
84.765,0.9837,0,0,0,0
84.801,0.9837,0,0,0,0
84.836,0.9837,0,0,0,0
84.873,0.9837,0,0,0,0
84.902,0.9837,0,0,0,0
84.934,0.9837,0,0,0,0
84.971,0.9837,0,0,0,0
85.003,0.9837,0,0,0,0
85.039,0.9837,0,0,0,0
85.069,0.9837,0,0,0,0
85.104,0.9837,0,0,0,0
85.135,0.9837,0,0,0,0
85.168,0.9837,0,0,0,0
85.201,0.9837,0,0,0,0
85.236,0.9837,0,0,0,0
85.267,0.9837,0,0,0,0
85.303,0.9837,0,0,0,0
85.338,0.9837,0,0,0,0
85.367,0.9837,0,0,0,0
85.401,0.9837,0,0,0,0
85.437,0.9837,0,0,0,0
85.468,0.9837,0,0,0,0
85.503,0.9837,0,0,0,0
85.536,0.9837,0,0,0,0
85.565,0.9837,0,0,0,0
85.602,0.9837,0,0,0,0
85.637,0.9837,0,0,0,0
85.666,0.9837,0,0,0,0
85.701,0.9837,0,0,0,0
85.735,0.9837,0,0,0,0
85.769,0.9837,0,0,0,0
85.803,0.9837,0,0,0,0
85.835,0.9837,0,0,0,0
85.868,0.9837,0,0,0,0
85.901,0.9837,0,0,0,0
85.932,0.9837,0,0,0,0
85.970,0.9837,0,0,0,0
86.004,0.9837,0,0,0,0
86.033,0.9837,0,0,0,0
86.068,0.9837,0,0,0,0
86.102,0.9837,0,0,0,0
86.136,0.9837,0,0,0,0
86.170,0.9837,0,0,0,0
86.204,0.9837,0,0,0,0
86.236,0.9837,0,0,0,0
86.271,0.9837,0,0,0,0
86.301,0.9837,0,0,0,0
86.334,0.9837,0,0,0,0
86.372,0.9837,0,0,0,0
86.403,0.9837,0,0,0,0
86.434,0.9837,0,0,0,0
86.471,0.9837,0,0,0,0
86.504,0.9837,0,0,0,0
86.545,0.9837,0,0,0,0
86.566,0.9837,0,0,0,0
86.602,0.9837,0,0,0,0
86.818,0.9837,0,0,0,0
86.831,0.9837,0,0,0,0
86.860,0.9837,0,0,0,0
86.894,0.9837,0,0,0,0
86.927,0.9837,0,0,0,0
86.961,0.9837,0,0,0,0
86.994,0.9837,0,0,0,0
87.029,0.9837,0,0,0,0
87.061,0.9837,0,0,0,0
87.095,0.9837,0,0,0,0
87.127,0.9837,0,0,0,0
87.162,0.9837,0,0,0,0
87.194,0.9837,0,0,0,0
87.228,0.9837,0,0,0,0
87.261,0.9837,0,0,0,0
87.296,0.9837,0,0,0,0
87.326,0.9837,0,0,0,0
87.357,0.9838,0,0,0,0
87.393,0.9838,0,0,0,0
87.427,0.9838,0,0,0,0
87.460,0.9838,0,0,0,0
87.497,0.9838,0,0,0,0
87.525,0.9838,0,0,0,0
87.562,0.9838,0,0,0,0
87.593,0.9838,0,0,0,0
87.630,0.9838,0,0,0,0
87.659,0.9838,0,0,0,0
87.696,0.9838,0,0,0,0
87.728,0.9838,0,0,0,0
87.762,0.9838,0,0,0,0
87.792,0.9838,0,0,0,0
87.827,0.9838,0,0,0,0
87.859,0.9838,0,0,0,0
87.895,0.9838,0,0,0,0
87.925,0.9838,0,0,0,0
87.959,0.9838,0,0,0,0
87.996,0.9838,0,0,0,0
88.028,0.9838,0,0,0,0
88.061,0.9838,0,0,0,0
88.094,0.9838,0,0,0,0
88.129,0.9838,0,0,0,0
88.163,0.9838,0,0,0,0
88.203,0.9838,0,0,0,0
88.228,0.9838,0,0,0,0
88.259,0.9838,0,0,0,0
88.294,0.9838,0,0,0,0
88.326,0.9838,0,0,0,0
88.358,0.9838,0,0,0,0
88.393,0.9838,0,0,0,0
88.425,0.9838,0,0,0,0
88.462,0.9838,0,0,0,0
88.493,0.9838,0,0,0,0
88.525,0.9838,0,0,0,0
88.562,0.9838,0,0,0,0
88.597,0.9838,0,0,0,0
88.629,0.9838,0,0,0,0
88.661,0.9838,0,0,0,0
88.695,0.9838,0,0,0,0
88.725,0.9838,0,0,0,0
88.763,0.9838,0,0,0,0
88.796,0.9838,0,0,0,0
88.827,0.9838,0,0,0,0
88.859,0.9838,0,0,0,0
88.895,0.9838,0,0,0,0
88.927,0.9838,0,0,0,0
88.962,0.9838,0,0,0,0
88.994,0.9838,0,0,0,0
89.030,0.9838,0,0,0,0
89.061,0.9838,0,0,0,0
89.092,0.9838,0,0,0,0
89.126,0.9838,0,0,0,0
89.160,0.9838,0,0,0,0
89.195,0.9838,0,0,0,0
89.226,0.9838,0,0,0,0
89.258,0.9838,0,0,0,0
89.294,0.9838,0,0,0,0
89.326,0.9838,0,0,0,0
89.360,0.9838,0,0,0,0
89.397,0.9838,0,0,0,0
89.428,0.9838,0,0,0,0
89.460,0.9838,0,0,0,0
89.494,0.9838,0,0,0,0
89.530,0.9838,0,0,0,0
89.562,0.9838,0,0,0,0
89.594,0.9838,0,0,0,0
89.627,0.9838,0,0,0,0
89.660,0.9838,0,0,0,0
89.697,0.9838,0,0,0,0
89.728,0.9838,0,0,0,0
89.763,0.9838,0,0,0,0
89.793,0.9838,0,0,0,0
89.826,0.9838,0,0,0,0
89.861,0.9838,0,0,0,0
89.896,0.9838,0,0,0,0
89.929,0.9838,0,0,0,0
89.963,0.9838,0,0,0,0
89.995,0.9838,0,0,0,0
90.033,0.9838,0,0,0,0
90.061,0.9838,0,0,0,0
90.093,0.9838,0,0,0,0
90.126,0.9838,0,0,0,0
90.159,0.9838,0,0,0,0
90.195,0.9838,0,0,0,0
90.228,0.9838,0,0,0,0
90.265,0.9838,0,0,0,0
90.299,0.9838,0,0,0,0
90.328,0.9838,0,0,0,0
90.367,0.9838,0,0,0,0
90.395,0.9838,0,0,0,0
90.427,0.9838,0,0,0,0
90.462,0.9838,0,0,0,0
90.495,0.9838,0,0,0,0
90.527,0.9838,0,0,0,0
90.561,0.9838,0,0,0,0
90.594,0.9838,0,0,0,0
90.628,0.9838,0,0,0,0
90.662,0.9838,0,0,0,0
90.695,0.9838,0,0,0,0
90.727,0.9838,0,0,0,0
90.763,0.9838,0,0,0,0
90.793,0.9838,0,0,0,0
90.827,0.9838,0,0,0,0
90.860,0.9838,0,0,0,0
90.895,0.9838,0,0,0,0
90.925,0.9838,0,0,0,0
90.958,0.9838,0,0,0,0
90.997,0.9838,0,0,0,0
91.027,0.9838,0,0,0,0
91.060,0.9838,0,0,0,0
91.094,0.9838,0,0,0,0
91.128,0.9838,0,0,0,0
91.220,0.9838,0,0,0,0
91.422,0.9838,0,0,0,0
91.443,0.9838,0,0,0,0
91.462,0.9838,0,0,0,0
91.496,0.9838,0,0,0,0
91.527,0.9838,0,0,0,0
91.562,0.9838,0,0,0,0
91.594,0.9838,0,0,0,0
91.626,0.9838,0,0,0,0
91.660,0.9838,0,0,0,0
91.694,0.9838,0,0,0,0
91.726,0.9838,0,0,0,0
91.761,0.9838,0,0,0,0
91.792,0.9838,0,0,0,0
91.825,0.9838,0,0,0,0
91.859,0.9838,0,0,0,0
91.895,0.9838,0,0,0,0
91.930,0.9838,0,0,0,0
91.965,0.9838,0,0,0,0
91.993,0.9838,0,0,0,0
92.030,0.9838,0,0,0,0
92.063,0.9838,0,0,0,0
92.092,0.9838,0,0,0,0
92.127,0.9838,0,0,0,0
92.158,0.9838,0,0,0,0
92.193,0.9838,0,0,0,0
92.231,0.9838,0,0,0,0
92.264,0.9838,0,0,0,0
92.295,0.9838,0,0,0,0
92.328,0.9838,0,0,0,0
92.360,0.9838,0,0,0,0
92.395,0.9838,0,0,0,0
92.428,0.9838,0,0,0,0
92.457,0.9838,0,0,0,0
92.495,0.9838,0,0,0,0
92.529,0.9838,0,0,0,0
92.563,0.9838,0,0,0,0
92.595,0.9838,0,0,0,0
92.631,0.9838,0,0,0,0
92.665,0.9838,0,0,0,0
92.690,0.9838,0,0,0,0
92.727,0.9838,0,0,0,0
92.760,0.9838,0,0,0,0
92.795,0.9838,0,0,0,0
92.826,0.9838,0,0,0,0
92.859,0.9838,0,0,0,0
92.895,0.9838,0,0,0,0
92.927,0.9838,0,0,0,0
92.960,0.9838,0,0,0,0
92.994,0.9838,0,0,0,0
93.028,0.9838,0,0,0,0
93.062,0.9838,0,0,0,0
93.093,0.9838,0,0,0,0
93.126,0.9838,0,0,0,0
93.162,0.9838,0,0,0,0
93.194,0.9838,0,0,0,0
93.228,0.9838,0,0,0,0
93.262,0.9838,0,0,0,0
93.295,0.9838,0,0,0,0
93.329,0.9838,0,0,0,0
93.361,0.9838,0,0,0,0
93.393,0.9838,0,0,0,0
93.422,0.9838,0,0,0,0
93.461,0.9838,0,0,0,0
93.493,0.9839,0,0,0,0
93.527,0.9839,0,0,0,0
93.560,0.9839,0,0,0,0
93.594,0.9839,0,0,0,0
93.626,0.9839,0,0,0,0
93.659,0.9839,0,0,0,0
93.695,0.9839,0,0,0,0
93.729,0.9839,0,0,0,0
93.759,0.9839,0,0,0,0
93.791,0.9839,0,0,0,0
93.824,0.9839,0,0,0,0
93.868,0.9839,0,0,0,0
93.892,0.9839,0,0,0,0
93.931,0.9839,0,0,0,0
93.964,0.9839,0,0,0,0
93.998,0.9839,0,0,0,0
94.031,0.9839,0,0,0,0
94.064,0.9839,0,0,0,0
94.098,0.9839,0,0,0,0
94.125,0.9839,0,0,0,0
94.169,0.9839,0,0,0,0
94.199,0.9839,0,0,0,0
94.235,0.9839,0,0,0,0
94.266,0.9839,0,0,0,0
94.303,0.9839,0,0,0,0
94.325,0.9839,0,0,0,0
94.367,0.9839,0,0,0,0
94.396,0.9839,0,0,0,0
94.429,0.9839,0,0,0,0
94.464,0.9839,0,0,0,0
94.497,0.9839,0,0,0,0
94.531,0.9839,0,0,0,0
94.565,0.9839,0,0,0,0
94.596,0.9839,0,0,0,0
94.627,0.9839,0,0,0,0
94.665,0.9839,0,0,0,0
94.693,0.9839,0,0,0,0
94.724,0.9839,0,0,0,0
94.764,0.9839,0,0,0,0
94.798,0.9839,0,0,0,0
94.831,0.9839,0,0,0,0
94.864,0.9839,0,0,0,0
94.891,0.9839,0,0,0,0
94.932,0.9839,0,0,0,0
94.965,0.9839,0,0,0,0
94.992,0.9839,0,0,0,0
95.030,0.9839,0,0,0,0
95.060,0.9839,0,0,0,0
95.093,0.9839,0,0,0,0
95.127,0.9839,0,0,0,0
95.160,0.9839,0,0,0,0
95.194,0.9839,0,0,0,0
95.227,0.9839,0,0,0,0
95.261,0.9839,0,0,0,0
95.293,0.9839,0,0,0,0
95.328,0.9839,0,0,0,0
95.361,0.9839,0,0,0,0
95.396,0.9839,0,0,0,0
95.426,0.9839,0,0,0,0
95.460,0.9839,0,0,0,0
95.493,0.9839,0,0,0,0
95.527,0.9839,0,0,0,0
95.561,0.9839,0,0,0,0
95.595,0.9839,0,0,0,0
95.626,0.9839,0,0,0,0
95.661,0.9839,0,0,0,0
95.695,0.9839,0,0,0,0
95.728,0.9839,0,0,0,0
95.756,0.9839,0,0,0,0
95.802,0.9839,0,0,0,0
95.832,0.9839,0,0,0,0
95.856,0.9839,0,0,0,0
95.889,0.9839,0,0,0,0
95.932,0.9839,0,0,0,0
95.957,0.9839,0,0,0,0
95.990,0.9839,0,0,0,0
96.027,0.9839,0,0,0,0
96.059,0.9839,0,0,0,0
96.093,0.9839,0,0,0,0
96.126,0.9839,0,0,0,0
96.161,0.9839,0,0,0,0
96.194,0.9839,0,0,0,0
96.226,0.9839,0,0,0,0
96.260,0.9839,0,0,0,0
96.293,0.9839,0,0,0,0
96.327,0.9839,0,0,0,0
96.360,0.9839,0,0,0,0
96.393,0.9839,0,0,0,0
96.425,0.9839,0,0,0,0
96.457,0.9839,0,0,0,0
96.490,0.9839,0,0,0,0
96.524,0.9839,0,0,0,0
96.560,0.9839,0,0,0,0
96.596,0.9839,0,0,0,0
96.622,0.9839,0,0,0,0
96.660,0.9839,0,0,0,0
96.695,0.9839,0,0,0,0
96.726,0.9839,0,0,0,0
96.761,0.9839,0,0,0,0
96.795,0.9839,0,0,0,0
96.826,0.9839,0,0,0,0
96.862,0.9839,0,0,0,0
96.893,0.9839,0,0,0,0
96.926,0.9839,0,0,0,0
96.962,0.9839,0,0,0,0
96.994,0.9839,0,0,0,0
97.028,0.9839,0,0,0,0
97.060,0.9839,0,0,0,0
97.094,0.9839,0,0,0,0
97.124,0.9839,0,0,0,0
97.167,0.9839,0,0,0,0
97.192,0.9839,0,0,0,0
97.232,0.9839,0,0,0,0
97.264,0.9839,0,0,0,0
97.298,0.9839,0,0,0,0
97.331,0.9839,0,0,0,0
97.365,0.9839,0,0,0,0
97.396,0.9839,0,0,0,0
97.426,0.9839,0,0,0,0
97.464,0.9839,0,0,0,0
97.491,0.9839,0,0,0,0
97.532,0.9839,0,0,0,0
97.560,0.9839,0,0,0,0
97.598,0.9839,0,0,0,0
97.630,0.9839,0,0,0,0
97.664,0.9839,0,0,0,0
97.698,0.9839,0,0,0,0
97.725,0.9839,0,0,0,0
97.763,0.9839,0,0,0,0
97.799,0.9839,0,0,0,0
97.833,0.9839,0,0,0,0
97.857,0.9839,0,0,0,0
97.898,0.9839,0,0,0,0
97.933,0.9839,0,0,0,0
97.965,0.9839,0,0,0,0
97.999,0.9839,0,0,0,0
98.038,0.9839,0,0,0,0
98.062,0.9839,0,0,0,0
98.093,0.9839,0,0,0,0
98.127,0.9839,0,0,0,0
98.160,0.9839,0,0,0,0
98.193,0.9839,0,0,0,0
98.226,0.9839,0,0,0,0
98.262,0.9839,0,0,0,0
98.301,0.9839,0,0,0,0
98.322,0.9839,0,0,0,0
98.368,0.9839,0,0,0,0
98.391,0.9839,0,0,0,0
98.421,0.9839,0,0,0,0
98.460,0.9839,0,0,0,0
98.495,0.9839,0,0,0,0
98.527,0.9839,0,0,0,0
98.560,0.9839,0,0,0,0
98.594,0.9839,0,0,0,0
98.625,0.9839,0,0,0,0
98.660,0.9839,0,0,0,0
98.694,0.9839,0,0,0,0
98.724,0.9839,0,0,0,0
98.762,0.9839,0,0,0,0
98.794,0.9839,0,0,0,0
98.825,0.9839,0,0,0,0
98.859,0.9839,0,0,0,0
98.893,0.9839,0,0,0,0
98.926,0.9839,0,0,0,0
98.961,0.9839,0,0,0,0
98.993,0.9839,0,0,0,0
99.028,0.9839,0,0,0,0
99.061,0.9839,0,0,0,0
99.095,0.9839,0,0,0,0
99.126,0.9839,0,0,0,0
99.161,0.9839,0,0,0,0
99.195,0.9839,0,0,0,0
99.234,0.9839,0,0,0,0
99.261,0.9839,0,0,0,0
99.292,0.9839,0,0,0,0
99.325,0.9839,0,0,0,0
99.358,0.9839,0,0,0,0
99.392,0.9839,0,0,0,0
99.426,0.9839,0,0,0,0
99.460,0.9839,0,0,0,0
99.494,0.9839,0,0,0,0
99.527,0.9839,0,0,0,0
99.561,0.9839,0,0,0,0
99.593,0.9839,0,0,0,0
99.627,0.9839,0,0,0,0
99.660,0.9839,0,0,0,0
99.695,0.9839,0,0,0,0
99.727,0.9839,0,0,0,0
99.759,0.9839,0,0,0,0
99.795,0.9839,0,0,0,0
99.828,0.9839,0,0,0,0
99.861,0.9839,0,0,0,0
99.893,0.9839,0,0,0,0
99.927,0.9839,0,0,0,0
99.961,0.9839,0,0,0,0
99.992,0.9839,0,0,0,0
100.029,0.9839,0,0,0,0
100.061,0.9839,0,0,0,0
100.094,0.9839,0,0,0,0
100.126,0.9839,0,0,0,0
100.160,0.9839,0,0,0,0
100.194,0.9839,0,0,0,0
100.226,0.9840,0,0,0,0
100.259,0.9840,0,0,0,0
100.294,0.9840,0,0,0,0
100.327,0.9840,0,0,0,0
100.359,0.9840,0,0,0,0
100.393,0.9840,0,0,0,0
100.423,0.9840,0,0,0,0
100.460,0.9840,0,0,0,0
100.493,0.9840,0,0,0,0
100.526,0.9840,0,0,0,0
100.560,0.9840,0,0,0,0
100.593,0.9840,0,0,0,0
100.628,0.9840,0,0,0,0
100.661,0.9840,0,0,0,0
100.697,0.9840,0,0,0,0
100.730,0.9840,0,0,0,0
100.761,0.9840,0,0,0,0
100.793,0.9840,0,0,0,0
100.828,0.9840,0,0,0,0
100.860,0.9840,0,0,0,0
100.895,0.9840,0,0,0,0
100.930,0.9840,0,0,0,0
100.960,0.9840,0,0,0,0
100.993,0.9840,0,0,0,0
101.027,0.9840,0,0,0,0
101.061,0.9840,0,0,0,0
101.094,0.9840,0,0,0,0
101.130,0.9840,0,0,0,0
101.160,0.9840,0,0,0,0
101.193,0.9840,0,0,0,0
101.226,0.9840,0,0,0,0
101.261,0.9840,0,0,0,0
101.294,0.9840,0,0,0,0
101.333,0.9840,0,0,0,0
101.362,0.9840,0,0,0,0
101.460,0.9840,0,0,0,0
101.486,0.9840,0,0,0,0
101.495,0.9840,0,0,0,0
101.531,0.9840,0,0,0,0
101.564,0.9840,0,0,0,0
101.598,0.9840,0,0,0,0
101.631,0.9840,0,0,0,0
101.664,0.9840,0,0,0,0
101.697,0.9840,0,0,0,0
101.732,0.9840,0,0,0,0
101.765,0.9840,0,0,0,0
101.794,0.9840,0,0,0,0
101.828,0.9840,0,0,0,0
101.865,0.9840,0,0,0,0
101.896,0.9840,0,0,0,0
101.931,0.9840,0,0,0,0
101.965,0.9840,0,0,0,0
101.998,0.9840,0,0,0,0
102.031,0.9840,0,0,0,0
102.064,0.9840,0,0,0,0
102.098,0.9840,0,0,0,0
102.130,0.9840,0,0,0,0
102.164,0.9840,0,0,0,0
102.198,0.9840,0,0,0,0
102.233,0.9840,0,0,0,0
102.265,0.9840,0,0,0,0
102.296,0.9840,0,0,0,0
102.330,0.9840,0,0,0,0
102.364,0.9840,0,0,0,0
102.400,0.9840,0,0,0,0
102.432,0.9840,0,0,0,0
102.463,0.9840,0,0,0,0
102.558,0.9840,0,0,0,0
102.579,0.9840,0,0,0,0
102.613,0.9840,0,0,0,0
102.646,0.9840,0,0,0,0
102.680,0.9840,0,0,0,0
102.714,0.9840,0,0,0,0
102.746,0.9840,0,0,0,0
102.780,0.9840,0,0,0,0
102.813,0.9840,0,0,0,0
102.847,0.9840,0,0,0,0
102.878,0.9840,0,0,0,0
102.913,0.9840,0,0,0,0
102.947,0.9840,0,0,0,0
102.979,0.9840,0,0,0,0
103.014,0.9840,0,0,0,0
103.045,0.9840,0,0,0,0
103.076,0.9840,0,0,0,0
103.112,0.9840,0,0,0,0
103.147,0.9840,0,0,0,0
103.180,0.9840,0,0,0,0
103.213,0.9840,0,0,0,0
103.246,0.9840,0,0,0,0
103.279,0.9840,0,0,0,0
103.319,0.9840,0,0,0,0
103.350,0.9840,0,0,0,0
103.384,0.9840,0,0,0,0
103.413,0.9840,0,0,0,0
103.447,0.9840,0,0,0,0
103.481,0.9840,0,0,0,0
103.514,0.9840,0,0,0,0
103.546,0.9840,0,0,0,0
103.579,0.9840,0,0,0,0
103.613,0.9840,0,0,0,0
103.648,0.9840,0,0,0,0
103.678,0.9840,0,0,0,0
103.713,0.9840,0,0,0,0
103.745,0.9840,0,0,0,0
103.779,0.9840,0,0,0,0
103.813,0.9840,0,0,0,0
103.845,0.9840,0,0,0,0
103.880,0.9840,0,0,0,0
103.913,0.9840,0,0,0,0
103.947,0.9840,0,0,0,0
103.979,0.9840,0,0,0,0
104.012,0.9840,0,0,0,0
104.045,0.9840,0,0,0,0
104.079,0.9840,0,0,0,0
104.114,0.9840,0,0,0,0
104.147,0.9840,0,0,0,0
104.180,0.9840,0,0,0,0
104.212,0.9840,0,0,0,0
104.246,0.9840,0,0,0,0
104.280,0.9840,0,0,0,0
104.314,0.9840,0,0,0,0
104.345,0.9840,0,0,0,0
104.381,0.9840,0,0,0,0
104.414,0.9840,0,0,0,0
104.446,0.9840,0,0,0,0
104.479,0.9840,0,0,0,0
104.512,0.9840,0,0,0,0
104.546,0.9840,0,0,0,0
104.583,0.9840,0,0,0,0
104.613,0.9840,0,0,0,0
104.646,0.9840,0,0,0,0
104.680,0.9840,0,0,0,0
104.712,0.9840,0,0,0,0
104.745,0.9840,0,0,0,0
104.779,0.9840,0,0,0,0
104.814,0.9840,0,0,0,0
104.848,0.9840,0,0,0,0
104.879,0.9840,0,0,0,0
104.912,0.9840,0,0,0,0
104.946,0.9840,0,0,0,0
104.980,0.9840,0,0,0,0
105.014,0.9840,0,0,0,0
105.045,0.9840,0,0,0,0
105.080,0.9840,0,0,0,0
105.112,0.9840,0,0,0,0
105.146,0.9840,0,0,0,0
105.180,0.9840,0,0,0,0
105.212,0.9840,0,0,0,0
105.246,0.9840,0,0,0,0
105.278,0.9840,0,0,0,0
105.313,0.9840,0,0,0,0
105.345,0.9840,0,0,0,0
105.379,0.9840,0,0,0,0
105.414,0.9840,0,0,0,0
105.446,0.9840,0,0,0,0
105.479,0.9840,0,0,0,0
105.513,0.9840,0,0,0,0
105.547,0.9840,0,0,0,0
105.580,0.9840,0,0,0,0
105.612,0.9840,0,0,0,0
105.647,0.9840,0,0,0,0
105.679,0.9840,0,0,0,0
105.714,0.9840,0,0,0,0
105.746,0.9840,0,0,0,0
105.780,0.9840,0,0,0,0
105.812,0.9840,0,0,0,0
105.847,0.9840,0,0,0,0
105.881,0.9840,0,0,0,0
105.912,0.9840,0,0,0,0
105.945,0.9840,0,0,0,0
105.980,0.9840,0,0,0,0
106.013,0.9840,0,0,0,0
106.045,0.9840,0,0,0,0
106.079,0.9840,0,0,0,0
106.114,0.9840,0,0,0,0
106.146,0.9840,0,0,0,0
106.183,0.9840,0,0,0,0
106.213,0.9840,0,0,0,0
106.246,0.9840,0,0,0,0
106.279,0.9840,0,0,0,0
106.313,0.9840,0,0,0,0
106.346,0.9840,0,0,0,0
106.379,0.9840,0,0,0,0
106.414,0.9840,0,0,0,0
106.447,0.9840,0,0,0,0
106.478,0.9840,0,0,0,0
106.513,0.9840,0,0,0,0
106.546,0.9840,0,0,0,0
106.580,0.9840,0,0,0,0
106.614,0.9840,0,0,0,0
106.647,0.9840,0,0,0,0
106.679,0.9840,0,0,0,0
106.714,0.9840,0,0,0,0
106.747,0.9840,0,0,0,0
106.780,0.9840,0,0,0,0
106.813,0.9840,0,0,0,0
106.846,0.9840,0,0,0,0
106.879,0.9840,0,0,0,0
106.912,0.9840,0,0,0,0
106.946,0.9840,0,0,0,0
106.979,0.9840,0,0,0,0
107.012,0.9841,0,0,0,0
107.047,0.9841,0,0,0,0
107.082,0.9841,0,0,0,0
107.114,0.9841,0,0,0,0
107.147,0.9841,0,0,0,0
107.179,0.9841,0,0,0,0
107.212,0.9841,0,0,0,0
107.245,0.9841,0,0,0,0
107.280,0.9841,0,0,0,0
107.312,0.9841,0,0,0,0
107.346,0.9841,0,0,0,0
107.381,0.9841,0,0,0,0
107.413,0.9841,0,0,0,0
107.447,0.9841,0,0,0,0
107.481,0.9841,0,0,0,0
107.514,0.9841,0,0,0,0
107.546,0.9841,0,0,0,0
107.580,0.9841,0,0,0,0
107.613,0.9841,0,0,0,0
107.646,0.9841,0,0,0,0
107.680,0.9841,0,0,0,0
107.712,0.9841,0,0,0,0
107.745,0.9841,0,0,0,0
107.780,0.9841,0,0,0,0
107.812,0.9841,0,0,0,0
107.846,0.9841,0,0,0,0
107.880,0.9841,0,0,0,0
107.912,0.9841,0,0,0,0
107.946,0.9841,0,0,0,0
107.979,0.9841,0,0,0,0
108.013,0.9841,0,0,0,0
108.046,0.9841,0,0,0,0
108.078,0.9841,0,0,0,0
108.114,0.9841,0,0,0,0
108.145,0.9841,0,0,0,0
108.180,0.9841,0,0,0,0
108.214,0.9841,0,0,0,0
108.245,0.9841,0,0,0,0
108.280,0.9841,0,0,0,0
108.312,0.9841,0,0,0,0
108.345,0.9841,0,0,0,0
108.381,0.9841,0,0,0,0
108.413,0.9841,0,0,0,0
108.445,0.9841,0,0,0,0
108.479,0.9841,0,0,0,0
108.513,0.9841,0,0,0,0
108.548,0.9841,0,0,0,0
108.580,0.9841,0,0,0,0
108.612,0.9841,0,0,0,0
108.645,0.9841,0,0,0,0
108.680,0.9841,0,0,0,0
108.712,0.9841,0,0,0,0
108.746,0.9841,0,0,0,0
108.779,0.9841,0,0,0,0
108.814,0.9841,0,0,0,0
108.847,0.9841,0,0,0,0
108.880,0.9841,0,0,0,0
108.913,0.9841,0,0,0,0
108.946,0.9841,0,0,0,0
108.979,0.9841,0,0,0,0
109.013,0.9841,0,0,0,0
109.046,0.9841,0,0,0,0
109.079,0.9841,0,0,0,0
109.113,0.9841,0,0,0,0
109.147,0.9841,0,0,0,0
109.179,0.9841,0,0,0,0
109.213,0.9841,0,0,0,0
109.247,0.9841,0,0,0,0
109.280,0.9841,0,0,0,0
109.314,0.9841,0,0,0,0
109.345,0.9841,0,0,0,0
109.381,0.9841,0,0,0,0
109.413,0.9841,0,0,0,0
109.446,0.9841,0,0,0,0
109.480,0.9841,0,0,0,0
109.513,0.9841,0,0,0,0
109.547,0.9841,0,0,0,0
109.580,0.9841,0,0,0,0
109.609,0.9841,0,0,0,0
109.644,0.9841,0,0,0,0
109.679,0.9841,0,0,0,0
109.712,0.9841,0,0,0,0
109.747,0.9841,0,0,0,0
109.779,0.9841,0,0,0,0
109.812,0.9841,0,0,0,0
109.846,0.9841,0,0,0,0
109.878,0.9841,0,0,0,0
109.913,0.9841,0,0,0,0
109.945,0.9841,0,0,0,0
109.979,0.9841,0,0,0,0
110.014,0.9841,0,0,0,0
110.046,0.9841,0,0,0,0
110.080,0.9841,0,0,0,0
110.114,0.9841,0,0,0,0
110.147,0.9841,0,0,0,0
110.180,0.9841,0,0,0,0
110.214,0.9841,0,0,0,0
110.246,0.9841,0,0,0,0
110.280,0.9841,0,0,0,0
110.312,0.9841,0,0,0,0
110.347,0.9841,0,0,0,0
110.381,0.9841,0,0,0,0
110.413,0.9841,0,0,0,0
110.446,0.9841,0,0,0,0
110.480,0.9841,0,0,0,0
110.526,0.9841,0,0,0,0
110.546,0.9841,0,0,0,0
110.578,0.9841,0,0,0,0
110.613,0.9841,0,0,0,0
110.646,0.9841,0,0,0,0
110.679,0.9841,0,0,0,0
110.712,0.9841,0,0,0,0
110.747,0.9841,0,0,0,0
110.780,0.9841,0,0,0,0
110.814,0.9841,0,0,0,0
110.846,0.9841,0,0,0,0
110.881,0.9841,0,0,0,0
110.914,0.9841,0,0,0,0
110.946,0.9841,0,0,0,0
110.980,0.9841,0,0,0,0
111.012,0.9841,0,0,0,0
111.047,0.9841,0,0,0,0
111.081,0.9841,0,0,0,0
111.114,0.9841,0,0,0,0
111.146,0.9841,0,0,0,0
111.180,0.9841,0,0,0,0
111.214,0.9841,0,0,0,0
111.246,0.9841,0,0,0,0
111.279,0.9841,0,0,0,0
111.314,0.9841,0,0,0,0
111.346,0.9841,0,0,0,0
111.380,0.9841,0,0,0,0
111.416,0.9841,0,0,0,0
111.446,0.9841,0,0,0,0
111.480,0.9841,0,0,0,0
111.514,0.9841,0,0,0,0
111.547,0.9841,0,0,0,0
111.583,0.9841,0,0,0,0
111.613,0.9841,0,0,0,0
111.645,0.9841,0,0,0,0
111.679,0.9841,0,0,0,0
111.714,0.9841,0,0,0,0
111.746,0.9841,0,0,0,0
111.782,0.9841,0,0,0,0
111.812,0.9841,0,0,0,0
111.846,0.9841,0,0,0,0
111.881,0.9841,0,0,0,0
111.914,0.9841,0,0,0,0
111.950,0.9841,0,0,0,0
111.982,0.9841,0,0,0,0
112.011,0.9841,0,0,0,0
112.047,0.9841,0,0,0,0
112.079,0.9841,0,0,0,0
112.113,0.9841,0,0,0,0
112.146,0.9841,0,0,0,0
112.179,0.9841,0,0,0,0
112.212,0.9841,0,0,0,0
112.247,0.9841,0,0,0,0
112.279,0.9841,0,0,0,0
112.314,0.9841,0,0,0,0
112.345,0.9841,0,0,0,0
112.380,0.9841,0,0,0,0
112.414,0.9841,0,0,0,0
112.446,0.9841,0,0,0,0
112.478,0.9841,0,0,0,0
112.512,0.9841,0,0,0,0
112.546,0.9841,0,0,0,0
112.579,0.9841,0,0,0,0
112.612,0.9841,0,0,0,0
112.646,0.9841,0,0,0,0
112.678,0.9841,0,0,0,0
112.714,0.9841,0,0,0,0
112.746,0.9841,0,0,0,0
112.780,0.9841,0,0,0,0
112.813,0.9841,0,0,0,0
112.846,0.9841,0,0,0,0
112.878,0.9841,0,0,0,0
112.913,0.9841,0,0,0,0
112.944,0.9841,0,0,0,0
112.981,0.9841,0,0,0,0
113.012,0.9841,0,0,0,0
113.045,0.9841,0,0,0,0
113.079,0.9841,0,0,0,0
113.112,0.9841,0,0,0,0
113.146,0.9841,0,0,0,0
113.179,0.9841,0,0,0,0
113.217,0.9841,0,0,0,0
113.244,0.9841,0,0,0,0
113.278,0.9841,0,0,0,0
113.313,0.9841,0,0,0,0
113.345,0.9841,0,0,0,0
113.380,0.9841,0,0,0,0
113.412,0.9841,0,0,0,0
113.445,0.9841,0,0,0,0
113.480,0.9841,0,0,0,0
113.514,0.9841,0,0,0,0
113.548,0.9841,0,0,0,0
113.581,0.9841,0,0,0,0
113.615,0.9841,0,0,0,0
113.647,0.9841,0,0,0,0
113.679,0.9842,0,0,0,0
113.712,0.9842,0,0,0,0
113.747,0.9842,0,0,0,0
113.779,0.9842,0,0,0,0
113.813,0.9842,0,0,0,0
113.846,0.9842,0,0,0,0
113.879,0.9842,0,0,0,0
113.913,0.9842,0,0,0,0
113.947,0.9842,0,0,0,0
113.981,0.9842,0,0,0,0
114.013,0.9842,0,0,0,0
114.045,0.9842,0,0,0,0
114.080,0.9842,0,0,0,0
114.114,0.9842,0,0,0,0
114.145,0.9842,0,0,0,0
114.180,0.9842,0,0,0,0
114.215,0.9842,0,0,0,0
114.248,0.9842,0,0,0,0
114.279,0.9842,0,0,0,0
114.313,0.9842,0,0,0,0
114.346,0.9842,0,0,0,0
114.379,0.9842,0,0,0,0
114.414,0.9842,0,0,0,0
114.446,0.9842,0,0,0,0
114.478,0.9842,0,0,0,0
114.513,0.9842,0,0,0,0
114.547,0.9842,0,0,0,0
114.585,0.9842,0,0,0,0
114.613,0.9842,0,0,0,0
114.647,0.9842,0,0,0,0
114.674,0.9842,0,0,0,0
114.712,0.9842,0,0,0,0
114.746,0.9842,0,0,0,0
114.779,0.9842,0,0,0,0
114.813,0.9842,0,0,0,0
114.849,0.9842,0,0,0,0
114.880,0.9842,0,0,0,0
114.914,0.9842,0,0,0,0
114.946,0.9842,0,0,0,0
114.978,0.9842,0,0,0,0
115.014,0.9842,0,0,0,0
115.046,0.9842,0,0,0,0
115.080,0.9842,0,0,0,0
115.112,0.9842,0,0,0,0
115.147,0.9842,0,0,0,0
115.179,0.9842,0,0,0,0
115.261,0.9842,0,0,0,0
115.305,0.9842,0,0,0,0
115.342,0.9842,0,0,0,0
115.369,0.9842,0,0,0,0
115.395,0.9842,0,0,0,0
115.429,0.9842,0,0,0,0
115.473,0.9842,0,0,0,0
115.489,0.9842,0,0,0,0
115.523,0.9842,0,0,0,0
115.554,0.9842,0,0,0,0
115.587,0.9842,0,0,0,0
115.621,0.9842,0,0,0,0
115.655,0.9842,0,0,0,0
115.688,0.9842,0,0,0,0
115.721,0.9842,0,0,0,0
115.756,0.9842,0,0,0,0
115.785,0.9842,0,0,0,0
115.821,0.9842,0,0,0,0
115.854,0.9842,0,0,0,0
115.889,0.9842,0,0,0,0
115.920,0.9842,0,0,0,0
115.954,0.9842,0,0,0,0
115.991,0.9842,0,0,0,0
116.022,0.9842,0,0,0,0
116.054,0.9842,0,0,0,0
116.087,0.9842,0,0,0,0
116.122,0.9842,0,0,0,0
116.156,0.9842,0,0,0,0
116.185,0.9842,0,0,0,0
116.221,0.9842,0,0,0,0
116.257,0.9842,0,0,0,0
116.290,0.9842,0,0,0,0
116.319,0.9842,0,0,0,0
116.357,0.9842,0,0,0,0
116.396,0.9842,0,0,0,0
116.420,0.9842,0,0,0,0
116.458,0.9842,0,0,0,0
116.488,0.9842,0,0,0,0
116.518,0.9842,0,0,0,0
116.551,0.9842,0,0,0,0
116.587,0.9842,0,0,0,0
116.620,0.9842,0,0,0,0
116.654,0.9842,0,0,0,0
116.687,0.9842,0,0,0,0
116.720,0.9842,0,0,0,0
116.752,0.9842,0,0,0,0
116.787,0.9842,0,0,0,0
116.822,0.9842,0,0,0,0
116.853,0.9842,0,0,0,0
116.888,0.9842,0,0,0,0
116.925,0.9842,0,0,0,0
116.949,0.9842,0,0,0,0
116.991,0.9842,0,0,0,0
117.019,0.9842,0,0,0,0
117.054,0.9842,0,0,0,0
117.087,0.9842,0,0,0,0
117.118,0.9842,0,0,0,0
117.156,0.9842,0,0,0,0
117.192,0.9843,0,0,0,0
117.221,0.9843,0,0,0,0
117.253,0.9843,0,0,0,0
117.287,0.9843,0,0,0,0
117.320,0.9843,0,0,0,0
117.353,0.9844,0,0,0,0
117.388,0.9844,0,0,0,0
117.422,0.9844,0,0,0,0
117.454,0.9844,0,0,0,0
117.487,0.9844,0,0,0,0
117.522,0.9844,0,0,0,0
117.554,0.9844,0,0,0,0
117.589,0.9844,0,0,0,0
117.623,0.9844,0,0,0,0
117.654,0.9844,0,0,0,0
117.690,0.9844,0,0,0,0
117.721,0.9844,0,0,0,0
117.754,0.9844,0,0,0,0
117.789,0.9844,0,0,0,0
117.817,0.9844,0,0,0,0
117.853,0.9844,0,0,0,0
117.891,0.9844,0,0,0,0
117.919,0.9844,0,0,0,0
117.953,0.9844,0,0,0,0
117.985,0.9844,0,0,0,0
118.021,0.9844,0,0,0,0
118.056,0.9844,0,0,0,0
118.088,0.9844,0,0,0,0
118.118,0.9844,0,0,0,0
118.153,0.9844,0,0,0,0
118.188,0.9843,0,0,0,0
118.221,0.9843,0,0,0,0
118.253,0.9843,0,0,0,0
118.286,0.9843,0,0,0,0
118.320,0.9843,0,0,0,0
118.356,0.9843,0,0,0,0
118.389,0.9843,0,0,0,0
118.417,0.9843,0,0,0,0
118.454,0.9843,0,0,0,0
118.482,0.9843,0,0,0,0
118.520,0.9843,0,0,0,0
118.553,0.9843,0,0,0,0
118.586,0.9843,0,0,0,0
118.620,0.9843,0,0,0,0
118.654,0.9843,0,0,0,0
118.685,0.9843,0,0,0,0
118.721,0.9843,0,0,0,0
118.752,0.9843,0,0,0,0
118.785,0.9843,0,0,0,0
118.822,0.9843,0,0,0,0
118.856,0.9843,0,0,0,0
118.886,0.9843,0,0,0,0
118.919,0.9843,0,0,0,0
118.956,0.9843,0,0,0,0
118.986,0.9843,0,0,0,0
119.025,0.9843,0,0,0,0
119.056,0.9843,0,0,0,0
119.092,0.9843,0,0,0,0
119.121,0.9843,0,0,0,0
119.154,0.9843,0,0,0,0
119.186,0.9843,0,0,0,0
119.218,0.9843,0,0,0,0
119.253,0.9843,0,0,0,0
119.294,0.9843,0,0,0,0
119.317,0.9843,0,0,0,0
119.354,0.9843,0,0,0,0
119.387,0.9843,0,0,0,0
119.420,0.9843,0,0,0,0
119.455,0.9843,0,0,0,0
119.488,0.9843,0,0,0,0
119.520,0.9843,0,0,0,0
119.558,0.9843,0,0,0,0
119.587,0.9843,0,0,0,0
119.623,0.9843,0,0,0,0
119.654,0.9843,0,0,0,0
119.688,0.9843,0,0,0,0
119.722,0.9843,0,0,0,0
119.755,0.9843,0,0,0,0
119.788,0.9843,0,0,0,0
119.820,0.9843,0,0,0,0
119.853,0.9843,0,0,0,0
119.897,0.9843,0,0,0,0
119.926,0.9843,0,0,0,0
119.953,0.9843,0,0,0,0
119.988,0.9843,0,0,0,0
120.020,0.9843,0,0,0,0
120.054,0.9843,0,0,0,0
120.088,0.9843,0,0,0,0
120.121,0.9843,0,0,0,0
120.153,0.9843,0,0,0,0
120.187,0.9843,0,0,0,0
120.220,0.9843,0,0,0,0
120.253,0.9843,0,0,0,0
120.289,0.9843,0,0,0,0
120.323,0.9843,0,0,0,0
120.356,0.9843,0,0,0,0
120.388,0.9843,0,0,0,0
120.420,0.9843,0,0,0,0
120.453,0.9843,0,0,0,0
120.489,0.9843,0,0,0,0
120.522,0.9843,0,0,0,0
120.553,0.9843,0,0,0,0
120.587,0.9843,0,0,0,0
120.620,0.9843,0,0,0,0
120.654,0.9843,0,0,0,0
120.688,0.9843,0,0,0,0
120.720,0.9843,0,0,0,0
120.755,0.9843,0,0,0,0
120.787,0.9843,0,0,0,0
120.823,0.9843,0,0,0,0
120.854,0.9843,0,0,0,0
120.887,0.9843,0,0,0,0
120.922,0.9843,0,0,0,0
120.953,0.9843,0,0,0,0
120.989,0.9843,0,0,0,0
121.021,0.9843,0,0,0,0
121.055,0.9843,0,0,0,0
121.087,0.9843,0,0,0,0
121.120,0.9843,0,0,0,0
121.154,0.9843,0,0,0,0
121.187,0.9843,0,0,0,0
121.222,0.9843,0,0,0,0
121.255,0.9843,0,0,0,0
121.287,0.9843,0,0,0,0
121.320,0.9843,0,0,0,0
121.355,0.9843,0,0,0,0
121.389,0.9843,0,0,0,0
121.420,0.9843,0,0,0,0
121.454,0.9843,0,0,0,0
121.486,0.9843,0,0,0,0
121.521,0.9843,0,0,0,0
121.554,0.9843,0,0,0,0
121.588,0.9843,0,0,0,0
121.622,0.9843,0,0,0,0
121.653,0.9843,0,0,0,0
121.687,0.9843,0,0,0,0
121.721,0.9843,0,0,0,0
121.753,0.9843,0,0,0,0
121.786,0.9843,0,0,0,0
121.820,0.9843,0,0,0,0
121.878,0.9843,0,0,0,0
121.895,0.9843,0,0,0,0
121.921,0.9843,0,0,0,0
121.954,0.9843,0,0,0,0
121.987,0.9843,0,0,0,0
122.021,0.9843,0,0,0,0
122.055,0.9843,0,0,0,0
122.092,0.9843,0,0,0,0
122.124,0.9843,0,0,0,0
122.153,0.9843,0,0,0,0
122.188,0.9843,0,0,0,0
122.224,0.9843,0,0,0,0
122.256,0.9843,0,0,0,0
122.288,0.9843,0,0,0,0
122.320,0.9843,0,0,0,0
122.355,0.9843,0,0,0,0
122.388,0.9843,0,0,0,0
122.422,0.9843,0,0,0,0
122.454,0.9843,0,0,0,0
122.489,0.9843,0,0,0,0
122.520,0.9843,0,0,0,0
122.553,0.9843,0,0,0,0
122.587,0.9843,0,0,0,0
122.621,0.9843,0,0,0,0
122.656,0.9843,0,0,0,0
122.687,0.9843,0,0,0,0
122.721,0.9843,0,0,0,0
122.754,0.9843,0,0,0,0
122.786,0.9843,0,0,0,0
122.820,0.9843,0,0,0,0
122.856,0.9843,0,0,0,0
122.887,0.9843,0,0,0,0
122.919,0.9843,0,0,0,0
122.955,0.9843,0,0,0,0
122.988,0.9843,0,0,0,0
123.022,0.9843,0,0,0,0
123.053,0.9843,0,0,0,0
123.087,0.9843,0,0,0,0
123.121,0.9843,0,0,0,0
123.153,0.9843,0,0,0,0
123.187,0.9843,0,0,0,0
123.221,0.9843,0,0,0,0
123.256,0.9843,0,0,0,0
123.289,0.9843,0,0,0,0
123.319,0.9843,0,0,0,0
123.354,0.9843,0,0,0,0
123.386,0.9843,0,0,0,0
123.423,0.9843,0,0,0,0
123.454,0.9843,0,0,0,0
123.487,0.9843,0,0,0,0
123.513,0.9843,0,0,0,0
123.547,0.9843,0,0,0,0
123.585,0.9843,0,0,0,0
123.627,0.9843,0,0,0,0
123.655,0.9843,0,0,0,0
123.687,0.9843,0,0,0,0
123.720,0.9843,0,0,0,0
123.755,0.9843,0,0,0,0
123.788,0.9843,0,0,0,0
123.821,0.9843,0,0,0,0
123.853,0.9843,0,0,0,0
123.888,0.9843,0,0,0,0
123.920,0.9843,0,0,0,0
123.957,0.9843,0,0,0,0
123.997,0.9843,0,0,0,0
124.020,0.9843,0,0,0,0
124.056,0.9843,0,0,0,0
124.087,0.9843,0,0,0,0
124.120,0.9843,0,0,0,0
124.153,0.9843,0,0,0,0
124.187,0.9843,0,0,0,0
124.221,0.9843,0,0,0,0
124.253,0.9843,0,0,0,0
124.289,0.9843,0,0,0,0
124.321,0.9843,0,0,0,0
124.354,0.9843,0,0,0,0
124.387,0.9843,0,0,0,0
124.421,0.9843,0,0,0,0
124.455,0.9843,0,0,0,0
124.486,0.9843,0,0,0,0
124.521,0.9843,0,0,0,0
124.554,0.9843,0,0,0,0
124.586,0.9843,0,0,0,0
124.621,0.9843,0,0,0,0
124.654,0.9843,0,0,0,0
124.689,0.9843,0,0,0,0
124.722,0.9843,0,0,0,0
124.753,0.9843,0,0,0,0
124.788,0.9843,0,0,0,0
124.821,0.9843,0,0,0,0
124.854,0.9843,0,0,0,0
124.888,0.9843,0,0,0,0
124.921,0.9843,0,0,0,0
124.953,0.9843,0,0,0,0
124.987,0.9843,0,0,0,0
125.020,0.9843,0,0,0,0
125.054,0.9843,0,0,0,0
125.087,0.9843,0,0,0,0
125.121,0.9843,0,0,0,0
125.156,0.9843,0,0,0,0
125.187,0.9843,0,0,0,0
125.222,0.9843,0,0,0,0
125.256,0.9843,0,0,0,0
125.287,0.9843,0,0,0,0
125.320,0.9843,0,0,0,0
125.356,0.9843,0,0,0,0
125.388,0.9843,0,0,0,0
125.421,0.9843,0,0,0,0
125.455,0.9843,0,0,0,0
125.490,0.9843,0,0,0,0
125.528,0.9843,0,0,0,0
125.554,0.9843,0,0,0,0
125.587,0.9843,0,0,0,0
125.621,0.9843,0,0,0,0
125.655,0.9843,0,0,0,0
125.687,0.9843,0,0,0,0
125.721,0.9843,0,0,0,0
125.755,0.9843,0,0,0,0
125.787,0.9843,0,0,0,0
125.821,0.9843,0,0,0,0
125.868,0.9843,0,0,0,0
125.882,0.9843,0,0,0,0
125.918,0.9843,0,0,0,0
125.966,0.9843,0,0,0,0
125.986,0.9843,0,0,0,0
126.020,0.9843,0,0,0,0
126.053,0.9843,0,0,0,0
126.089,0.9843,0,0,0,0
126.121,0.9843,0,0,0,0
126.155,0.9843,0,0,0,0
126.188,0.9843,0,0,0,0
126.220,0.9843,0,0,0,0
126.254,0.9843,0,0,0,0
126.288,0.9843,0,0,0,0
126.321,0.9843,0,0,0,0
126.353,0.9843,0,0,0,0
126.387,0.9843,0,0,0,0
126.427,0.9843,0,0,0,0
126.454,0.9843,0,0,0,0
126.489,0.9843,0,0,0,0
126.521,0.9843,0,0,0,0
126.561,0.9843,0,0,0,0
126.585,0.9843,0,0,0,0
126.621,0.9844,0,0,0,0
126.655,0.9844,0,0,0,0
126.689,0.9844,0,0,0,0
126.722,0.9844,0,0,0,0
126.756,0.9844,0,0,0,0
126.790,0.9844,0,0,0,0
126.822,0.9844,0,0,0,0
126.853,0.9845,0,0,0,0
126.890,0.9845,0,0,0,0
126.923,0.9845,0,0,0,0
126.953,0.9845,0,0,0,0
126.988,0.9845,0,0,0,0
127.020,0.9845,0,0,0,0
127.051,0.9846,0,0,0,0
127.094,0.9846,0,0,0,0
127.114,0.9846,0,0,0,0
127.152,0.9846,0,0,0,0
127.189,0.9846,0,0,0,0
127.221,0.9846,0,0,0,0
127.256,0.9846,0,0,0,0
127.288,0.9846,0,0,0,0
127.322,0.9846,0,0,0,0
127.355,0.9846,0,0,0,0
127.385,0.9846,0,0,0,0
127.419,0.9846,0,0,0,0
127.456,0.9846,0,0,0,0
127.478,0.9846,0,0,0,0
127.523,0.9845,0,0,0,0
127.553,0.9845,0,0,0,0
127.588,0.9845,0,0,0,0
127.620,0.9845,0,0,0,0
127.655,0.9845,0,0,0,0
127.689,0.9845,0,0,0,0
127.721,0.9845,0,0,0,0
127.752,0.9845,0,0,0,0
127.791,0.9845,0,0,0,0
127.824,0.9845,0,0,0,0
127.853,0.9845,0,0,0,0
127.887,0.9845,0,0,0,0
127.922,0.9845,0,0,0,0
127.954,0.9845,0,0,0,0
127.986,0.9845,0,0,0,0
128.021,0.9845,0,0,0,0
128.055,0.9845,0,0,0,0
128.088,0.9845,0,0,0,0
128.121,0.9844,0,0,0,0
128.156,0.9844,0,0,0,0
128.186,0.9844,0,0,0,0
128.223,0.9844,0,0,0,0
128.255,0.9844,0,0,0,0
128.289,0.9844,0,0,0,0
128.322,0.9844,0,0,0,0
128.357,0.9844,0,0,0,0
128.388,0.9844,0,0,0,0
128.422,0.9844,0,0,0,0
128.458,0.9844,0,0,0,0
128.489,0.9844,0,0,0,0
128.522,0.9844,0,0,0,0
128.557,0.9844,0,0,0,0
128.587,0.9844,0,0,0,0
128.620,0.9844,0,0,0,0
128.655,0.9844,0,0,0,0
128.690,0.9844,0,0,0,0
128.723,0.9844,0,0,0,0
128.756,0.9844,0,0,0,0
128.788,0.9844,0,0,0,0
128.820,0.9844,0,0,0,0
128.856,0.9844,0,0,0,0
128.888,0.9844,0,0,0,0
128.923,0.9844,0,0,0,0
128.957,0.9844,0,0,0,0
128.987,0.9844,0,0,0,0
129.021,0.9844,0,0,0,0
129.054,0.9844,0,0,0,0
129.089,0.9844,0,0,0,0
129.120,0.9844,0,0,0,0
129.156,0.9844,0,0,0,0
129.188,0.9844,0,0,0,0
129.219,0.9844,0,0,0,0
129.253,0.9844,0,0,0,0
129.290,0.9844,0,0,0,0
129.323,0.9844,0,0,0,0
129.353,0.9844,0,0,0,0
129.388,0.9844,0,0,0,0
129.422,0.9844,0,0,0,0
129.458,0.9844,0,0,0,0
129.486,0.9844,0,0,0,0
129.520,0.9844,0,0,0,0
129.554,0.9844,0,0,0,0
129.587,0.9844,0,0,0,0
129.622,0.9844,0,0,0,0
129.654,0.9844,0,0,0,0
129.690,0.9844,0,0,0,0
129.723,0.9844,0,0,0,0
129.755,0.9844,0,0,0,0
129.786,0.9844,0,0,0,0
129.822,0.9844,0,0,0,0
129.853,0.9844,0,0,0,0
129.888,0.9844,0,0,0,0
129.921,0.9844,0,0,0,0
129.954,0.9844,0,0,0,0
129.990,0.9844,0,0,0,0
130.022,0.9844,0,0,0,0
130.054,0.9844,0,0,0,0
130.089,0.9844,0,0,0,0
130.123,0.9844,0,0,0,0
130.153,0.9844,0,0,0,0
130.187,0.9844,0,0,0,0
130.221,0.9844,0,0,0,0
130.255,0.9844,0,0,0,0
130.287,0.9844,0,0,0,0
130.321,0.9844,0,0,0,0
130.357,0.9844,0,0,0,0
130.388,0.9844,0,0,0,0
130.422,0.9844,0,0,0,0
130.452,0.9844,0,0,0,0
130.489,0.9844,0,0,0,0
130.519,0.9844,0,0,0,0
130.556,0.9844,0,0,0,0
130.588,0.9844,0,0,0,0
130.622,0.9844,0,0,0,0
130.654,0.9844,0,0,0,0
130.687,0.9844,0,0,0,0
130.722,0.9844,0,0,0,0
130.753,0.9844,0,0,0,0
130.788,0.9844,0,0,0,0
130.822,0.9844,0,0,0,0
130.854,0.9844,0,0,0,0
130.891,0.9844,0,0,0,0
130.923,0.9844,0,0,0,0
130.953,0.9844,0,0,0,0
130.989,0.9844,0,0,0,0
131.022,0.9844,0,0,0,0
131.055,0.9844,0,0,0,0
131.088,0.9844,0,0,0,0
131.122,0.9844,0,0,0,0
131.154,0.9844,0,0,0,0
131.188,0.9844,0,0,0,0
131.222,0.9844,0,0,0,0
131.255,0.9844,0,0,0,0
131.289,0.9844,0,0,0,0
131.322,0.9844,0,0,0,0
131.353,0.9844,0,0,0,0
131.391,0.9844,0,0,0,0
131.425,0.9844,0,0,0,0
131.457,0.9844,0,0,0,0
131.489,0.9844,0,0,0,0
131.522,0.9844,0,0,0,0
131.555,0.9844,0,0,0,0
131.589,0.9844,0,0,0,0
131.621,0.9844,0,0,0,0
131.654,0.9844,0,0,0,0
131.687,0.9844,0,0,0,0
131.722,0.9844,0,0,0,0
131.760,0.9844,0,0,0,0
131.786,0.9844,0,0,0,0
131.824,0.9844,0,0,0,0
131.858,0.9844,0,0,0,0
131.889,0.9844,0,0,0,0
131.925,0.9844,0,0,0,0
131.955,0.9844,0,0,0,0
131.989,0.9844,0,0,0,0
132.023,0.9844,0,0,0,0
132.054,0.9844,0,0,0,0
132.089,0.9844,0,0,0,0
132.123,0.9844,0,0,0,0
132.155,0.9844,0,0,0,0
132.186,0.9844,0,0,0,0
132.222,0.9844,0,0,0,0
132.255,0.9844,0,0,0,0
132.287,0.9844,0,0,0,0
132.322,0.9844,0,0,0,0
132.357,0.9844,0,0,0,0
132.389,0.9844,0,0,0,0
132.423,0.9844,0,0,0,0
132.454,0.9844,0,0,0,0
132.487,0.9844,0,0,0,0
132.521,0.9844,0,0,0,0
132.556,0.9844,0,0,0,0
132.590,0.9844,0,0,0,0
132.619,0.9844,0,0,0,0
132.653,0.9844,0,0,0,0
132.687,0.9844,0,0,0,0
132.722,0.9844,0,0,0,0
132.754,0.9844,0,0,0,0
132.786,0.9844,0,0,0,0
132.823,0.9844,0,0,0,0
132.856,0.9844,0,0,0,0
132.888,0.9844,0,0,0,0
132.921,0.9844,0,0,0,0
132.955,0.9844,0,0,0,0
132.988,0.9844,0,0,0,0
133.023,0.9844,0,0,0,0
133.056,0.9844,0,0,0,0
133.086,0.9844,0,0,0,0
133.119,0.9844,0,0,0,0
133.153,0.9845,0,0,0,0
133.188,0.9845,0,0,0,0
133.221,0.9845,0,0,0,0
133.256,0.9845,0,0,0,0
133.288,0.9845,0,0,0,0
133.321,0.9845,0,0,0,0
133.362,0.9845,0,0,0,0
133.389,0.9845,0,0,0,0
133.423,0.9845,0,0,0,0
133.455,0.9845,0,0,0,0
133.489,0.9845,0,0,0,0
133.521,0.9845,0,0,0,0
133.553,0.9845,0,0,0,0
133.590,0.9845,0,0,0,0
133.619,0.9845,0,0,0,0
133.655,0.9845,0,0,0,0
133.694,0.9845,0,0,0,0
133.722,0.9845,0,0,0,0
133.755,0.9845,0,0,0,0
133.778,0.9845,0,0,0,0
133.820,0.9845,0,0,0,0
133.854,0.9845,0,0,0,0
133.888,0.9845,0,0,0,0
133.920,0.9845,0,0,0,0
133.956,0.9845,0,0,0,0
133.990,0.9845,0,0,0,0
134.020,0.9845,0,0,0,0
134.054,0.9845,0,0,0,0
134.088,0.9845,0,0,0,0
134.120,0.9845,0,0,0,0
134.154,0.9845,0,0,0,0
134.190,0.9845,0,0,0,0
134.220,0.9845,0,0,0,0
134.255,0.9845,0,0,0,0
134.287,0.9845,0,0,0,0
134.320,0.9845,0,0,0,0
134.358,0.9845,0,0,0,0
134.389,0.9845,0,0,0,0
134.421,0.9845,0,0,0,0
134.457,0.9845,0,0,0,0
134.487,0.9845,0,0,0,0
134.519,0.9845,0,0,0,0
134.557,0.9845,0,0,0,0
134.587,0.9845,0,0,0,0
134.620,0.9845,0,0,0,0
134.656,0.9845,0,0,0,0
134.689,0.9845,0,0,0,0
134.720,0.9845,0,0,0,0
134.755,0.9845,0,0,0,0
134.788,0.9845,0,0,0,0
134.820,0.9845,0,0,0,0
134.858,0.9845,0,0,0,0
134.890,0.9845,0,0,0,0
134.923,0.9845,0,0,0,0
134.956,0.9845,0,0,0,0
134.987,0.9845,0,0,0,0
135.024,0.9845,0,0,0,0
135.053,0.9845,0,0,0,0
135.089,0.9845,0,0,0,0
135.121,0.9845,0,0,0,0
135.153,0.9845,0,0,0,0
135.186,0.9845,0,0,0,0
135.221,0.9845,0,0,0,0
135.257,0.9845,0,0,0,0
135.288,0.9845,0,0,0,0
135.319,0.9845,0,0,0,0
135.357,0.9845,0,0,0,0
135.386,0.9845,0,0,0,0
135.424,0.9845,0,0,0,0
135.456,0.9845,0,0,0,0
135.488,0.9845,0,0,0,0
135.522,0.9845,0,0,0,0
135.555,0.9845,0,0,0,0
135.585,0.9845,0,0,0,0
135.620,0.9845,0,0,0,0
135.658,0.9845,0,0,0,0
135.694,0.9845,0,0,0,0
135.722,0.9845,0,0,0,0
135.753,0.9845,0,0,0,0
135.788,0.9845,0,0,0,0
135.819,0.9845,0,0,0,0
135.856,0.9845,0,0,0,0
135.878,0.9845,0,0,0,0
135.916,0.9845,0,0,0,0
135.973,0.9845,0,0,0,0
135.988,0.9845,0,0,0,0
136.020,0.9845,0,0,0,0
136.055,0.9845,0,0,0,0
136.086,0.9845,0,0,0,0
136.122,0.9845,0,0,0,0
136.154,0.9845,0,0,0,0
136.190,0.9845,0,0,0,0
136.222,0.9845,0,0,0,0
136.256,0.9845,0,0,0,0
136.291,0.9845,0,0,0,0
136.324,0.9845,0,0,0,0
136.356,0.9845,0,0,0,0
136.389,0.9845,0,0,0,0
136.421,0.9845,0,0,0,0
136.455,0.9845,0,0,0,0
136.489,0.9845,0,0,0,0
136.521,0.9845,0,0,0,0
136.553,0.9845,0,0,0,0
136.586,0.9845,0,0,0,0
136.622,0.9845,0,0,0,0
136.656,0.9845,0,0,0,0
136.689,0.9845,0,0,0,0
136.720,0.9845,0,0,0,0
136.756,0.9845,0,0,0,0
136.789,0.9845,0,0,0,0
136.823,0.9845,0,0,0,0
136.855,0.9845,0,0,0,0
136.887,0.9845,0,0,0,0
136.923,0.9845,0,0,0,0
136.954,0.9845,0,0,0,0
136.989,0.9845,0,0,0,0
137.021,0.9845,0,0,0,0
137.053,0.9845,0,0,0,0
137.089,0.9845,0,0,0,0
137.122,0.9845,0,0,0,0
137.154,0.9845,0,0,0,0
137.190,0.9845,0,0,0,0
137.220,0.9845,0,0,0,0
137.255,0.9845,0,0,0,0
137.287,0.9845,0,0,0,0
137.323,0.9845,0,0,0,0
137.357,0.9845,0,0,0,0
137.389,0.9845,0,0,0,0
137.422,0.9845,0,0,0,0
137.454,0.9845,0,0,0,0
137.488,0.9845,0,0,0,0
137.522,0.9845,0,0,0,0
137.553,0.9845,0,0,0,0
137.585,0.9845,0,0,0,0
137.622,0.9845,0,0,0,0
137.655,0.9845,0,0,0,0
137.686,0.9845,0,0,0,0
137.719,0.9845,0,0,0,0
137.757,0.9845,0,0,0,0
137.787,0.9845,0,0,0,0
137.819,0.9845,0,0,0,0
137.852,0.9845,0,0,0,0
137.890,0.9845,0,0,0,0
137.921,0.9845,0,0,0,0
137.957,0.9845,0,0,0,0
137.986,0.9845,0,0,0,0
138.020,0.9845,0,0,0,0
138.056,0.9845,0,0,0,0
138.090,0.9845,0,0,0,0
138.117,0.9845,0,0,0,0
138.155,0.9845,0,0,0,0
138.189,0.9845,0,0,0,0
138.220,0.9845,0,0,0,0
138.256,0.9845,0,0,0,0
138.286,0.9845,0,0,0,0
138.321,0.9845,0,0,0,0
138.354,0.9845,0,0,0,0
138.386,0.9846,0,0,0,0
138.423,0.9846,0,0,0,0
138.456,0.9846,0,0,0,0
138.491,0.9846,0,0,0,0
138.520,0.9846,0,0,0,0
138.555,0.9847,0,0,0,0
138.590,0.9847,0,0,0,0
138.619,0.9847,0,0,0,0
138.653,0.9847,0,0,0,0
138.689,0.9847,0,0,0,0
138.722,0.9847,0,0,0,0
138.756,0.9848,0,0,0,0
138.789,0.9848,0,0,0,0
138.821,0.9849,0,0,0,0
138.853,0.9850,0,0,0,0
138.888,0.9850,0,0,0,0
138.924,0.9851,0,0,0,0
138.956,0.9853,0,0,0,0
138.987,0.9853,0,0,0,0
139.021,0.9855,0,0,0,0
139.056,0.9856,0,0,0,0
139.088,0.9857,0,0,0,0
139.122,0.9858,0,0,0,0
139.154,0.9859,0,0,0,0
139.189,0.9860,0,0,0,0
139.220,0.9861,0,0,0,0
139.256,0.9862,0,0,0,0
139.287,0.9863,0,0,0,0
139.322,0.9864,0,0,0,0
139.353,0.9865,0,0,0,0
139.389,0.9865,0,0,0,0
139.422,0.9866,0,0,0,0
139.455,0.9867,0,0,0,0
139.489,0.9867,0,0,0,0
139.519,0.9868,0,0,0,0
139.556,0.9869,0,0,0,0
139.589,0.9869,0,0,0,0
139.620,0.9869,0,0,0,0
139.656,0.9869,0,0,0,0
139.686,0.9870,0,0,0,0
139.723,0.9870,0,0,0,0
139.753,0.9869,0,0,0,0
139.787,0.9869,0,0,0,0
139.819,0.9869,0,0,0,0
139.854,0.9868,0,0,0,0
139.886,0.9868,0,0,0,0
139.922,0.9867,0,0,0,0
139.954,0.9867,0,0,0,0
139.988,0.9866,0,0,0,0
140.023,0.9865,0,0,0,0
140.053,0.9865,0,0,0,0
140.088,0.9864,0,0,0,0
140.123,0.9863,0,0,0,0
140.154,0.9863,0,0,0,0
140.187,0.9862,0,0,0,0
140.224,0.9861,0,0,0,0
140.252,0.9861,0,0,0,0
140.290,0.9860,0,0,0,0
140.323,0.9860,0,0,0,0
140.356,0.9859,0,0,0,0
140.387,0.9859,0,0,0,0
140.422,0.9858,0,0,0,0
140.456,0.9857,0,0,0,0
140.489,0.9857,0,0,0,0
140.522,0.9857,0,0,0,0
140.553,0.9856,0,0,0,0
140.591,0.9856,0,0,0,0
140.620,0.9855,0,0,0,0
140.654,0.9855,0,0,0,0
140.688,0.9855,0,0,0,0
140.721,0.9854,0,0,0,0
140.756,0.9854,0,0,0,0
140.789,0.9854,0,0,0,0
140.822,0.9854,0,0,0,0
140.854,0.9853,0,0,0,0
140.889,0.9853,0,0,0,0
140.921,0.9853,0,0,0,0
140.955,0.9853,0,0,0,0
140.990,0.9853,0,0,0,0
141.020,0.9852,0,0,0,0
141.056,0.9852,0,0,0,0
141.090,0.9852,0,0,0,0
141.120,0.9852,0,0,0,0
141.153,0.9852,0,0,0,0
141.187,0.9852,0,0,0,0
141.220,0.9852,0,0,0,0
141.255,0.9851,0,0,0,0
141.290,0.9851,0,0,0,0
141.323,0.9851,0,0,0,0
141.355,0.9851,0,0,0,0
141.388,0.9851,0,0,0,0
141.420,0.9851,0,0,0,0
141.453,0.9851,0,0,0,0
141.489,0.9851,0,0,0,0
141.519,0.9851,0,0,0,0
141.552,0.9851,0,0,0,0
141.586,0.9851,0,0,0,0
141.620,0.9851,0,0,0,0
141.654,0.9851,0,0,0,0
141.690,0.9851,0,0,0,0
141.722,0.9851,0,0,0,0
141.755,0.9850,0,0,0,0
141.790,0.9850,0,0,0,0
141.820,0.9850,0,0,0,0
141.856,0.9850,0,0,0,0
141.889,0.9850,0,0,0,0
141.923,0.9850,0,0,0,0
141.954,0.9850,0,0,0,0
141.988,0.9850,0,0,0,0
142.020,0.9850,0,0,0,0
142.052,0.9850,0,0,0,0
142.089,0.9850,0,0,0,0
142.122,0.9850,0,0,0,0
142.152,0.9850,0,0,0,0
142.189,0.9850,0,0,0,0
142.223,0.9850,0,0,0,0
142.254,0.9850,0,0,0,0
142.287,0.9850,0,0,0,0
142.319,0.9850,0,0,0,0
142.353,0.9850,0,0,0,0
142.389,0.9850,0,0,0,0
142.419,0.9850,0,0,0,0
142.456,0.9850,0,0,0,0
142.487,0.9850,0,0,0,0
142.522,0.9850,0,0,0,0
142.555,0.9850,0,0,0,0
142.586,0.9850,0,0,0,0
142.620,0.9850,0,0,0,0
142.657,0.9850,0,0,0,0
142.689,0.9850,0,0,0,0
142.723,0.9850,0,0,0,0
142.753,0.9850,0,0,0,0
142.787,0.9851,0,0,0,0
142.820,0.9852,0,0,0,0
142.853,0.9854,0,0,0,0
142.889,0.9856,0,0,0,0
142.922,0.9861,0,0,0,0
142.956,0.9868,0,0,0,0
142.987,0.9872,0,0,0,0
143.020,0.9883,0,0,0,0
143.056,0.9896,0,0,0,0
143.087,0.9904,0,0,0,0
143.122,0.9920,2,5,5,2
143.155,0.9938,2,5,5,2
143.189,0.9948,2,5,5,2
143.221,0.9968,2,5,5,2
143.256,0.9988,2,5,5,2
143.289,0.9998,2,5,5,2
143.323,1.0000,2,5,5,2
143.356,1.0000,2,5,5,2
143.389,1.0000,2,5,5,2
143.419,1.0000,2,5,5,2
143.455,1.0000,2,5,5,2
143.487,1.0000,2,5,5,2
143.524,1.0000,2,5,5,2
143.556,1.0000,2,5,5,2
143.586,1.0000,2,5,5,2
143.619,1.0000,2,5,5,2
143.654,1.0000,2,5,5,2
143.686,1.0000,2,5,5,2
143.720,1.0000,2,5,5,2
143.753,1.0000,2,5,5,2
143.789,1.0000,2,5,5,2
143.821,1.0000,2,5,5,2
143.854,1.0000,2,5,5,2
143.888,1.0000,2,5,5,2
143.921,1.0000,2,5,5,2
143.957,1.0000,2,5,5,2
143.986,1.0000,2,5,5,2
144.020,1.0000,2,5,5,2
144.055,1.0000,2,5,5,2
144.087,1.0000,2,5,5,2
144.120,1.0000,2,5,5,2
144.156,1.0000,2,5,5,2
144.189,1.0000,2,5,5,2
144.221,1.0000,2,5,5,2
144.253,1.0000,2,5,5,2
144.289,1.0000,0,0,0,0
144.321,1.0000,0,0,0,0
144.357,1.0000,0,0,0,0
144.388,1.0000,0,0,0,0
144.420,1.0000,0,0,0,0
144.454,1.0000,0,0,0,0
144.488,1.0000,0,0,0,0
144.522,0.9993,0,0,0,0
144.554,0.9986,0,0,0,0
144.590,0.9983,0,0,0,0
144.623,0.9977,0,0,0,0
144.658,0.9970,0,0,0,0
144.686,0.9967,0,0,0,0
144.720,0.9962,0,0,0,0
144.755,0.9957,0,0,0,0
144.787,0.9954,0,0,0,0
144.820,0.9949,0,0,0,0
144.854,0.9945,0,0,0,0
144.886,0.9942,0,0,0,0
144.924,0.9938,0,0,0,0
144.952,0.9934,0,0,0,0
144.989,0.9933,0,0,0,0
145.021,0.9929,0,0,0,0
145.053,0.9926,0,0,0,0
145.090,0.9924,0,0,0,0
145.120,0.9921,0,0,0,0
145.153,0.9918,0,0,0,0
145.186,0.9917,0,0,0,0
145.223,0.9915,0,0,0,0
145.255,0.9912,0,0,0,0
145.286,0.9911,0,0,0,0
145.323,0.9909,0,0,0,0
145.354,0.9907,0,0,0,0
145.388,0.9906,0,0,0,0
145.422,0.9905,0,0,0,0
145.453,0.9903,0,0,0,0
145.488,0.9903,0,0,0,0
145.522,0.9901,0,0,0,0
145.554,0.9900,0,0,0,0
145.590,0.9899,0,0,0,0
145.623,0.9898,0,0,0,0
145.653,0.9897,0,0,0,0
145.689,0.9897,0,0,0,0
145.722,0.9896,0,0,0,0
145.754,0.9895,0,0,0,0
145.789,0.9894,0,0,0,0
145.820,0.9893,0,0,0,0
145.855,0.9893,0,0,0,0
145.887,0.9892,0,0,0,0
145.920,0.9893,0,0,0,0
145.955,0.9894,0,0,0,0
145.990,0.9895,0,0,0,0
146.020,0.9897,0,0,0,0
146.054,0.9898,0,0,0,0
146.089,0.9899,0,0,0,0
146.123,0.9901,0,0,0,0
146.155,0.9903,0,0,0,0
146.189,0.9905,0,0,0,0
146.220,0.9907,0,0,0,0
146.255,0.9909,0,0,0,0
146.289,0.9910,0,0,0,0
146.322,0.9912,0,0,0,0
146.356,0.9914,0,0,0,0
146.389,0.9915,0,0,0,0
146.424,0.9917,0,0,0,0
146.456,0.9919,0,0,0,0
146.488,0.9920,0,0,0,0
146.523,0.9921,0,0,0,0
146.557,0.9923,0,0,0,0
146.587,0.9923,0,0,0,0
146.622,0.9925,0,0,0,0
146.654,0.9926,0,0,0,0
146.691,0.9927,0,0,0,0
146.723,0.9928,0,0,0,0
146.754,0.9929,0,0,0,0
146.786,0.9929,0,0,0,0
146.821,0.9930,0,0,0,0
146.854,0.9930,0,0,0,0
146.890,0.9930,0,0,0,0
146.922,0.9930,0,0,0,0
146.946,0.9930,0,0,0,0
146.989,0.9929,0,0,0,0
147.022,0.9929,0,0,0,0
147.055,0.9928,0,0,0,0
147.089,0.9928,0,0,0,0
147.121,0.9927,0,0,0,0
147.157,0.9926,0,0,0,0
147.189,0.9926,0,0,0,0
147.220,0.9925,0,0,0,0
147.254,0.9923,0,0,0,0
147.285,0.9923,0,0,0,0
147.320,0.9922,0,0,0,0
147.352,0.9921,0,0,0,0
147.388,0.9920,0,0,0,0
147.422,0.9920,0,0,0,0
147.454,0.9919,0,0,0,0
147.486,0.9918,0,0,0,0
147.522,0.9917,0,0,0,0
147.557,0.9917,0,0,0,0
147.589,0.9916,0,0,0,0
147.620,0.9916,0,0,0,0
147.655,0.9915,0,0,0,0
147.688,0.9915,0,0,0,0
147.723,0.9914,0,0,0,0
147.754,0.9914,0,0,0,0
147.789,0.9913,0,0,0,0
147.819,0.9913,0,0,0,0
147.852,0.9912,0,0,0,0
147.887,0.9912,0,0,0,0
147.923,0.9912,0,0,0,0
147.955,0.9912,0,0,0,0
147.986,0.9911,0,0,0,0
148.019,0.9911,0,0,0,0
148.052,0.9911,0,0,0,0
148.090,0.9911,0,0,0,0
148.121,0.9911,0,0,0,0
148.157,0.9911,0,0,0,0
148.188,0.9910,0,0,0,0
148.221,0.9910,0,0,0,0
148.255,0.9910,0,0,0,0
148.286,0.9910,0,0,0,0
148.319,0.9910,0,0,0,0
148.354,0.9910,0,0,0,0
148.388,0.9910,0,0,0,0
148.420,0.9910,0,0,0,0
148.455,0.9910,0,0,0,0
148.489,0.9910,0,0,0,0
148.521,0.9910,0,0,0,0
148.554,0.9910,0,0,0,0
148.586,0.9910,0,0,0,0
148.624,0.9910,0,0,0,0
148.654,0.9910,0,0,0,0
148.688,0.9910,0,0,0,0
148.722,0.9910,0,0,0,0
148.755,0.9910,0,0,0,0
148.787,0.9910,0,0,0,0
148.824,0.9910,0,0,0,0
148.853,0.9910,0,0,0,0
148.889,0.9910,0,0,0,0
148.920,0.9911,0,0,0,0
148.953,0.9911,0,0,0,0
148.986,0.9911,0,0,0,0
149.021,0.9911,0,0,0,0
149.054,0.9911,0,0,0,0
149.090,0.9911,0,0,0,0
149.123,0.9911,0,0,0,0
149.156,0.9911,0,0,0,0
149.188,0.9911,0,0,0,0
149.221,0.9911,0,0,0,0
149.267,0.9911,0,0,0,0
149.288,0.9911,0,0,0,0
149.322,0.9912,0,0,0,0
149.354,0.9912,0,0,0,0
149.388,0.9912,0,0,0,0
149.421,0.9912,0,0,0,0
149.457,0.9912,0,0,0,0
149.489,0.9912,0,0,0,0
149.521,0.9912,0,0,0,0
149.558,0.9912,0,0,0,0
149.588,0.9912,0,0,0,0
149.624,0.9913,0,0,0,0
149.656,0.9913,0,0,0,0
149.689,0.9913,0,0,0,0
149.722,0.9913,0,0,0,0
149.755,0.9913,0,0,0,0
149.788,0.9913,0,0,0,0
149.819,0.9913,0,0,0,0
149.853,0.9913,0,0,0,0
149.889,0.9913,0,0,0,0
149.923,0.9913,0,0,0,0
149.954,0.9914,0,0,0,0
149.987,0.9914,0,0,0,0
150.022,0.9914,0,0,0,0
150.059,0.9914,0,0,0,0
150.090,0.9914,0,0,0,0
150.124,0.9914,0,0,0,0
150.158,0.9914,0,0,0,0
150.189,0.9914,0,0,0,0
150.222,0.9914,0,0,0,0
150.254,0.9914,0,0,0,0
150.288,0.9915,0,0,0,0
150.322,0.9915,0,0,0,0
150.355,0.9915,0,0,0,0
150.388,0.9915,0,0,0,0
150.423,0.9915,0,0,0,0
150.456,0.9915,0,0,0,0
150.527,0.9915,0,0,0,0
150.602,0.9915,0,0,0,0
150.619,0.9915,0,0,0,0
150.640,0.9916,0,0,0,0
150.674,0.9916,0,0,0,0
150.707,0.9916,0,0,0,0
150.738,0.9916,0,0,0,0
150.773,0.9916,0,0,0,0
150.807,0.9916,0,0,0,0
150.839,0.9916,0,0,0,0
150.872,0.9916,0,0,0,0
150.905,0.9916,0,0,0,0
150.942,0.9916,0,0,0,0
150.979,0.9916,0,0,0,0
151.007,0.9916,0,0,0,0
151.041,0.9916,0,0,0,0
151.071,0.9916,0,0,0,0
151.109,0.9917,0,0,0,0
151.140,0.9917,0,0,0,0
151.184,0.9917,0,0,0,0
151.204,0.9917,0,0,0,0
151.241,0.9917,0,0,0,0
151.270,0.9917,0,0,0,0
151.306,0.9917,0,0,0,0
151.341,0.9917,0,0,0,0
151.373,0.9917,0,0,0,0
151.405,0.9917,0,0,0,0
151.438,0.9917,0,0,0,0
151.474,0.9917,0,0,0,0
151.507,0.9917,0,0,0,0
151.542,0.9917,0,0,0,0
151.572,0.9917,0,0,0,0
151.607,0.9917,0,0,0,0
151.640,0.9918,0,0,0,0
151.674,0.9918,0,0,0,0
151.705,0.9918,0,0,0,0
151.740,0.9918,0,0,0,0
151.772,0.9918,0,0,0,0
151.806,0.9918,0,0,0,0
151.840,0.9918,0,0,0,0
151.874,0.9918,0,0,0,0
151.907,0.9918,0,0,0,0
151.940,0.9918,0,0,0,0
151.973,0.9918,0,0,0,0
152.005,0.9918,0,0,0,0
152.042,0.9918,0,0,0,0
152.072,0.9918,0,0,0,0
152.105,0.9918,0,0,0,0
152.169,0.9918,0,0,0,0
152.180,0.9918,0,0,0,0
152.215,0.9918,0,0,0,0
152.250,0.9918,0,0,0,0
152.284,0.9918,0,0,0,0
152.314,0.9919,0,0,0,0
152.349,0.9919,0,0,0,0
152.381,0.9919,0,0,0,0
152.414,0.9919,0,0,0,0
152.449,0.9919,0,0,0,0
152.484,0.9919,0,0,0,0
152.515,0.9919,0,0,0,0
152.549,0.9919,0,0,0,0
152.583,0.9919,0,0,0,0
152.617,0.9919,0,0,0,0
152.651,0.9919,0,0,0,0
152.683,0.9919,0,0,0,0
152.717,0.9919,0,0,0,0
152.749,0.9919,0,0,0,0
152.783,0.9919,0,0,0,0
152.815,0.9919,0,0,0,0
152.849,0.9919,0,0,0,0
152.882,0.9919,0,0,0,0
152.917,0.9919,0,0,0,0
152.948,0.9919,0,0,0,0
152.981,0.9919,0,0,0,0
153.015,0.9919,0,0,0,0
153.050,0.9919,0,0,0,0
153.083,0.9919,0,0,0,0
153.121,0.9919,0,0,0,0
153.148,0.9919,0,0,0,0
153.183,0.9919,0,0,0,0
153.217,0.9919,0,0,0,0
153.249,0.9919,0,0,0,0
153.283,0.9919,0,0,0,0
153.315,0.9919,0,0,0,0
153.348,0.9919,0,0,0,0
153.382,0.9919,0,0,0,0
153.416,0.9920,0,0,0,0
153.450,0.9920,0,0,0,0
153.484,0.9920,0,0,0,0
153.515,0.9920,0,0,0,0
153.548,0.9920,0,0,0,0
153.583,0.9920,0,0,0,0
153.611,0.9920,0,0,0,0
153.648,0.9920,0,0,0,0
153.683,0.9920,0,0,0,0
153.715,0.9920,0,0,0,0
153.748,0.9920,0,0,0,0
153.783,0.9920,0,0,0,0
153.815,0.9920,0,0,0,0
153.848,0.9920,0,0,0,0
153.883,0.9920,0,0,0,0
153.916,0.9920,0,0,0,0
153.950,0.9920,0,0,0,0
153.982,0.9920,0,0,0,0
154.014,0.9920,0,0,0,0
154.048,0.9920,0,0,0,0
154.082,0.9920,0,0,0,0
154.115,0.9920,0,0,0,0
154.150,0.9920,0,0,0,0
154.183,0.9920,0,0,0,0
154.217,0.9920,0,0,0,0
154.250,0.9920,0,0,0,0
154.281,0.9920,0,0,0,0
154.315,0.9920,0,0,0,0
154.349,0.9920,0,0,0,0
154.382,0.9920,0,0,0,0
154.415,0.9920,0,0,0,0
154.448,0.9920,0,0,0,0
154.481,0.9920,0,0,0,0
154.517,0.9920,0,0,0,0
154.550,0.9920,0,0,0,0
154.583,0.9920,0,0,0,0
154.617,0.9920,0,0,0,0
154.650,0.9920,0,0,0,0
154.683,0.9920,0,0,0,0
154.717,0.9920,0,0,0,0
154.749,0.9920,0,0,0,0
154.783,0.9920,0,0,0,0
154.816,0.9920,0,0,0,0
154.848,0.9920,0,0,0,0
154.883,0.9920,0,0,0,0
154.917,0.9920,0,0,0,0
154.950,0.9920,0,0,0,0
154.988,0.9920,0,0,0,0
155.016,0.9920,0,0,0,0
155.048,0.9920,0,0,0,0
155.083,0.9920,0,0,0,0
155.116,0.9920,0,0,0,0
155.148,0.9920,0,0,0,0
155.182,0.9920,0,0,0,0
155.215,0.9920,0,0,0,0
155.250,0.9920,0,0,0,0
155.282,0.9920,0,0,0,0
155.317,0.9920,0,0,0,0
155.350,0.9920,0,0,0,0
155.382,0.9920,0,0,0,0
155.417,0.9920,0,0,0,0
155.448,0.9920,0,0,0,0
155.484,0.9920,0,0,0,0
155.515,0.9920,0,0,0,0
155.548,0.9920,0,0,0,0
155.580,0.9920,0,0,0,0
155.620,0.9920,0,0,0,0
155.648,0.9920,0,0,0,0
155.683,0.9920,0,0,0,0
155.715,0.9920,0,0,0,0
155.748,0.9920,0,0,0,0
155.781,0.9920,0,0,0,0
155.815,0.9920,0,0,0,0
155.849,0.9920,0,0,0,0
155.884,0.9920,0,0,0,0
155.915,0.9920,0,0,0,0
155.950,0.9920,0,0,0,0
155.982,0.9920,0,0,0,0
156.017,0.9920,0,0,0,0
156.050,0.9920,0,0,0,0
156.083,0.9920,0,0,0,0
156.114,0.9920,0,0,0,0
156.148,0.9920,0,0,0,0
156.183,0.9920,0,0,0,0
156.217,0.9920,0,0,0,0
156.250,0.9920,0,0,0,0
156.284,0.9920,0,0,0,0
156.316,0.9920,0,0,0,0
156.348,0.9920,0,0,0,0
156.383,0.9920,0,0,0,0
156.416,0.9920,0,0,0,0
156.449,0.9920,0,0,0,0
156.483,0.9920,0,0,0,0
156.516,0.9920,0,0,0,0
156.549,0.9920,0,0,0,0
156.584,0.9920,0,0,0,0
156.614,0.9920,0,0,0,0
156.650,0.9920,0,0,0,0
156.683,0.9920,0,0,0,0
156.715,0.9920,0,0,0,0
156.749,0.9920,0,0,0,0
156.783,0.9920,0,0,0,0
156.817,0.9920,0,0,0,0
156.850,0.9920,0,0,0,0
156.882,0.9920,0,0,0,0
156.918,0.9920,0,0,0,0
156.950,0.9920,0,0,0,0
156.983,0.9920,0,0,0,0
157.016,0.9920,0,0,0,0
157.050,0.9920,0,0,0,0
157.081,0.9920,0,0,0,0
157.117,0.9920,0,0,0,0
157.149,0.9920,0,0,0,0
157.183,0.9920,0,0,0,0
157.217,0.9920,0,0,0,0
157.250,0.9920,0,0,0,0
157.283,0.9920,0,0,0,0
157.317,0.9920,0,0,0,0
157.348,0.9920,0,0,0,0
157.383,0.9920,0,0,0,0
157.415,0.9920,0,0,0,0
157.448,0.9920,0,0,0,0
157.483,0.9920,0,0,0,0
157.514,0.9920,0,0,0,0
157.550,0.9920,0,0,0,0
157.581,0.9920,0,0,0,0
157.617,0.9920,0,0,0,0
157.648,0.9920,0,0,0,0
157.682,0.9920,0,0,0,0
157.716,0.9920,0,0,0,0
157.749,0.9920,0,0,0,0
157.781,0.9920,0,0,0,0
157.817,0.9920,0,0,0,0
157.849,0.9920,0,0,0,0
157.884,0.9920,0,0,0,0
157.915,0.9920,0,0,0,0
157.950,0.9920,0,0,0,0
157.982,0.9920,0,0,0,0
158.017,0.9920,0,0,0,0
158.051,0.9920,0,0,0,0
158.083,0.9920,0,0,0,0
158.117,0.9920,0,0,0,0
158.150,0.9920,0,0,0,0
158.182,0.9920,0,0,0,0
158.214,0.9920,0,0,0,0
158.250,0.9920,0,0,0,0
158.284,0.9920,0,0,0,0
158.317,0.9920,0,0,0,0
158.348,0.9920,0,0,0,0
158.384,0.9920,0,0,0,0
158.415,0.9920,0,0,0,0
158.448,0.9920,0,0,0,0
158.484,0.9920,0,0,0,0
158.517,0.9920,0,0,0,0
158.549,0.9920,0,0,0,0
158.582,0.9920,0,0,0,0
158.617,0.9920,0,0,0,0
158.650,0.9920,0,0,0,0
158.681,0.9920,0,0,0,0
158.716,0.9920,0,0,0,0
158.750,0.9920,0,0,0,0
158.782,0.9920,0,0,0,0
158.817,0.9920,0,0,0,0
158.850,0.9920,0,0,0,0
158.882,0.9920,0,0,0,0
158.915,0.9920,0,0,0,0
158.949,0.9920,0,0,0,0
158.983,0.9920,0,0,0,0
159.017,0.9920,0,0,0,0
159.044,0.9920,0,0,0,0
159.084,0.9920,0,0,0,0
159.117,0.9920,0,0,0,0
159.148,0.9920,0,0,0,0
159.194,0.9920,0,0,0,0
159.212,0.9920,0,0,0,0
159.250,0.9920,0,0,0,0
159.282,0.9920,0,0,0,0
159.315,0.9920,0,0,0,0
159.349,0.9920,0,0,0,0
159.383,0.9920,0,0,0,0
159.416,0.9920,0,0,0,0
159.450,0.9920,0,0,0,0
159.482,0.9920,0,0,0,0
159.515,0.9920,0,0,0,0
159.546,0.9920,0,0,0,0
159.581,0.9920,0,0,0,0
159.615,0.9921,0,0,0,0
159.649,0.9921,0,0,0,0
159.682,0.9921,0,0,0,0
159.715,0.9921,0,0,0,0
159.750,0.9921,0,0,0,0
159.782,0.9922,0,0,0,0
159.816,0.9922,0,0,0,0
159.850,0.9922,0,0,0,0
159.882,0.9922,0,0,0,0
159.917,0.9922,0,0,0,0
159.948,0.9922,0,0,0,0
159.983,0.9923,0,0,0,0
160.017,0.9923,0,0,0,0
160.050,0.9923,0,0,0,0
160.081,0.9923,0,0,0,0
160.115,0.9923,0,0,0,0
160.148,0.9923,0,0,0,0
160.181,0.9923,0,0,0,0
160.217,0.9923,0,0,0,0
160.250,0.9923,0,0,0,0
160.282,0.9923,0,0,0,0
160.315,0.9923,0,0,0,0
160.348,0.9922,0,0,0,0
160.382,0.9922,0,0,0,0
160.415,0.9922,0,0,0,0
160.449,0.9922,0,0,0,0
160.484,0.9922,0,0,0,0
160.516,0.9922,0,0,0,0
160.549,0.9922,0,0,0,0
160.582,0.9922,0,0,0,0
160.615,0.9922,0,0,0,0
160.648,0.9922,0,0,0,0
160.682,0.9922,0,0,0,0
160.715,0.9922,0,0,0,0
160.751,0.9922,0,0,0,0
160.783,0.9922,0,0,0,0
160.816,0.9921,0,0,0,0
160.849,0.9921,0,0,0,0
160.883,0.9921,0,0,0,0
160.915,0.9921,0,0,0,0
160.949,0.9921,0,0,0,0
160.983,0.9921,0,0,0,0
161.017,0.9921,0,0,0,0
161.048,0.9921,0,0,0,0
161.082,0.9921,0,0,0,0
161.116,0.9921,0,0,0,0
161.150,0.9921,0,0,0,0
161.184,0.9921,0,0,0,0
161.215,0.9921,0,0,0,0
161.249,0.9921,0,0,0,0
161.284,0.9921,0,0,0,0
161.317,0.9921,0,0,0,0
161.348,0.9921,0,0,0,0
161.384,0.9921,0,0,0,0
161.416,0.9921,0,0,0,0
161.450,0.9921,0,0,0,0
161.482,0.9921,0,0,0,0
161.517,0.9921,0,0,0,0
161.548,0.9921,0,0,0,0
161.582,0.9921,0,0,0,0
161.615,0.9921,0,0,0,0
161.650,0.9921,0,0,0,0
161.684,0.9921,0,0,0,0
161.716,0.9921,0,0,0,0
161.750,0.9921,0,0,0,0
161.782,0.9921,0,0,0,0
161.815,0.9921,0,0,0,0
161.849,0.9921,0,0,0,0
161.883,0.9921,0,0,0,0
161.917,0.9921,0,0,0,0
161.948,0.9921,0,0,0,0
161.983,0.9921,0,0,0,0
162.016,0.9920,0,0,0,0
162.050,0.9920,0,0,0,0
162.083,0.9920,0,0,0,0
162.117,0.9920,0,0,0,0
162.148,0.9920,0,0,0,0
162.182,0.9920,0,0,0,0
162.216,0.9920,0,0,0,0
162.250,0.9920,0,0,0,0
162.281,0.9920,0,0,0,0
162.314,0.9920,0,0,0,0
162.350,0.9920,0,0,0,0
162.383,0.9920,0,0,0,0
162.418,0.9920,0,0,0,0
162.450,0.9920,0,0,0,0
162.482,0.9920,0,0,0,0
162.516,0.9920,0,0,0,0
162.549,0.9920,0,0,0,0
162.583,0.9920,0,0,0,0
162.617,0.9920,0,0,0,0
162.651,0.9920,0,0,0,0
162.683,0.9920,0,0,0,0
162.715,0.9920,0,0,0,0
162.748,0.9920,0,0,0,0
162.783,0.9920,0,0,0,0
162.817,0.9920,0,0,0,0
162.850,0.9920,0,0,0,0
162.882,0.9920,0,0,0,0
162.915,0.9920,0,0,0,0
162.948,0.9920,0,0,0,0
162.983,0.9920,0,0,0,0
163.017,0.9920,0,0,0,0
163.048,0.9920,0,0,0,0
163.082,0.9920,0,0,0,0
163.115,0.9920,0,0,0,0
163.150,0.9920,0,0,0,0
163.183,0.9920,0,0,0,0
163.217,0.9920,0,0,0,0
163.251,0.9920,0,0,0,0
163.281,0.9920,0,0,0,0
163.318,0.9920,0,0,0,0
163.349,0.9920,0,0,0,0
163.383,0.9920,0,0,0,0
163.416,0.9920,0,0,0,0
163.450,0.9920,0,0,0,0
163.483,0.9920,0,0,0,0
163.514,0.9920,0,0,0,0
163.549,0.9920,0,0,0,0
163.582,0.9920,0,0,0,0
163.616,0.9920,0,0,0,0
163.651,0.9920,0,0,0,0
163.678,0.9920,0,0,0,0
163.715,0.9920,0,0,0,0
163.750,0.9920,0,0,0,0
163.783,0.9920,0,0,0,0
163.816,0.9920,0,0,0,0
163.849,0.9920,0,0,0,0
163.883,0.9920,0,0,0,0
163.917,0.9920,0,0,0,0
163.950,0.9920,0,0,0,0
163.983,0.9920,0,0,0,0
164.014,0.9920,0,0,0,0
164.049,0.9920,0,0,0,0
164.081,0.9920,0,0,0,0
164.117,0.9920,0,0,0,0
164.149,0.9920,0,0,0,0
164.184,0.9920,0,0,0,0
164.215,0.9920,0,0,0,0
164.250,0.9920,0,0,0,0
164.282,0.9920,0,0,0,0
164.314,0.9920,0,0,0,0
164.350,0.9920,0,0,0,0
164.384,0.9920,0,0,0,0
164.415,0.9920,0,0,0,0
164.450,0.9920,0,0,0,0
164.483,0.9920,0,0,0,0
164.514,0.9920,0,0,0,0
164.551,0.9920,0,0,0,0
164.583,0.9920,0,0,0,0
164.617,0.9920,0,0,0,0
164.648,0.9920,0,0,0,0
164.682,0.9920,0,0,0,0
164.715,0.9920,0,0,0,0
164.748,0.9920,0,0,0,0
164.781,0.9920,0,0,0,0
164.817,0.9920,0,0,0,0
164.848,0.9920,0,0,0,0
164.883,0.9920,0,0,0,0
164.917,0.9920,0,0,0,0
164.950,0.9920,0,0,0,0
164.983,0.9920,0,0,0,0
165.018,0.9920,0,0,0,0
165.050,0.9920,0,0,0,0
165.083,0.9920,0,0,0,0
165.115,0.9920,0,0,0,0
165.149,0.9920,0,0,0,0
165.184,0.9920,0,0,0,0
165.217,0.9920,0,0,0,0
165.250,0.9920,0,0,0,0
165.281,0.9920,0,0,0,0
165.317,0.9920,0,0,0,0
165.349,0.9920,0,0,0,0
165.392,0.9920,0,0,0,0
165.420,0.9920,0,0,0,0
165.450,0.9920,0,0,0,0
165.482,0.9920,0,0,0,0
165.515,0.9920,0,0,0,0
165.549,0.9920,0,0,0,0
165.583,0.9920,0,0,0,0
165.617,0.9920,0,0,0,0
165.648,0.9920,0,0,0,0
165.682,0.9920,0,0,0,0
165.716,0.9920,0,0,0,0
165.749,0.9920,0,0,0,0
165.782,0.9920,0,0,0,0
165.815,0.9920,0,0,0,0
165.846,0.9920,0,0,0,0
165.884,0.9920,0,0,0,0
165.915,0.9920,0,0,0,0
165.948,0.9920,0,0,0,0
165.984,0.9920,0,0,0,0
166.017,0.9920,0,0,0,0
166.051,0.9920,0,0,0,0
166.083,0.9920,0,0,0,0
166.117,0.9920,0,0,0,0
166.148,0.9920,0,0,0,0
166.182,0.9920,0,0,0,0
166.216,0.9920,0,0,0,0
166.249,0.9920,0,0,0,0
166.284,0.9920,0,0,0,0
166.313,0.9920,0,0,0,0
166.349,0.9920,0,0,0,0
166.380,0.9920,0,0,0,0
166.417,0.9920,0,0,0,0
166.449,0.9920,0,0,0,0
166.482,0.9920,0,0,0,0
166.514,0.9920,0,0,0,0
166.550,0.9920,0,0,0,0
166.581,0.9920,0,0,0,0
166.616,0.9920,0,0,0,0
166.650,0.9920,0,0,0,0
166.682,0.9920,0,0,0,0
166.717,0.9920,0,0,0,0
166.750,0.9920,0,0,0,0
166.781,0.9920,0,0,0,0
166.815,0.9920,0,0,0,0
166.848,0.9920,0,0,0,0
166.882,0.9920,0,0,0,0
166.918,0.9920,0,0,0,0
166.949,0.9920,0,0,0,0
166.982,0.9920,0,0,0,0
167.016,0.9920,0,0,0,0
167.049,0.9920,0,0,0,0
167.082,0.9920,0,0,0,0
167.117,0.9920,0,0,0,0
167.150,0.9920,0,0,0,0
167.183,0.9920,0,0,0,0
167.217,0.9920,0,0,0,0
167.250,0.9920,0,0,0,0
167.283,0.9920,0,0,0,0
167.316,0.9920,0,0,0,0
167.349,0.9920,0,0,0,0
167.383,0.9920,0,0,0,0
167.415,0.9920,0,0,0,0
167.449,0.9920,0,0,0,0
167.482,0.9920,0,0,0,0
167.515,0.9920,0,0,0,0
167.548,0.9920,0,0,0,0
167.582,0.9920,0,0,0,0
167.618,0.9920,0,0,0,0
167.650,0.9920,0,0,0,0
167.682,0.9920,0,0,0,0
167.715,0.9920,0,0,0,0
167.748,0.9920,0,0,0,0
167.782,0.9920,0,0,0,0
167.818,0.9920,0,0,0,0
167.845,0.9920,0,0,0,0
167.882,0.9920,0,0,0,0
167.916,0.9920,0,0,0,0
167.949,0.9920,0,0,0,0
167.984,0.9920,0,0,0,0
168.016,0.9920,0,0,0,0
168.052,0.9920,0,0,0,0
168.080,0.9920,0,0,0,0
168.117,0.9920,0,0,0,0
168.149,0.9920,0,0,0,0
168.182,0.9920,0,0,0,0
168.216,0.9920,0,0,0,0
168.250,0.9920,0,0,0,0
168.282,0.9920,0,0,0,0
168.314,0.9920,0,0,0,0
168.349,0.9920,0,0,0,0
168.383,0.9920,0,0,0,0
168.415,0.9920,0,0,0,0
168.449,0.9920,0,0,0,0
168.483,0.9920,0,0,0,0
168.516,0.9920,0,0,0,0
168.549,0.9920,0,0,0,0
168.591,0.9920,0,0,0,0
168.615,0.9920,0,0,0,0
168.652,0.9920,0,0,0,0
168.681,0.9920,0,0,0,0
168.714,0.9920,0,0,0,0
168.747,0.9920,0,0,0,0
168.781,0.9920,0,0,0,0
168.812,0.9920,0,0,0,0
168.848,0.9920,0,0,0,0
168.882,0.9920,0,0,0,0
168.917,0.9920,0,0,0,0
168.949,0.9920,0,0,0,0
168.983,0.9920,0,0,0,0
169.018,0.9920,0,0,0,0
169.050,0.9920,0,0,0,0
169.084,0.9920,0,0,0,0
169.114,0.9920,0,0,0,0
169.148,0.9920,0,0,0,0
169.182,0.9920,0,0,0,0
169.216,0.9920,0,0,0,0
169.252,0.9920,0,0,0,0
169.284,0.9920,0,0,0,0
169.315,0.9920,0,0,0,0
169.348,0.9920,0,0,0,0
169.382,0.9920,0,0,0,0
169.416,0.9920,0,0,0,0
169.449,0.9920,0,0,0,0
169.483,0.9920,0,0,0,0
169.516,0.9920,0,0,0,0
169.550,0.9920,0,0,0,0
169.582,0.9920,0,0,0,0
169.617,0.9920,0,0,0,0
169.649,0.9920,0,0,0,0
169.681,0.9920,0,0,0,0
169.716,0.9920,0,0,0,0
169.751,0.9920,0,0,0,0
169.780,0.9920,0,0,0,0
169.815,0.9920,0,0,0,0
169.847,0.9920,0,0,0,0
169.884,0.9920,0,0,0,0
169.915,0.9920,0,0,0,0
169.948,0.9920,0,0,0,0
169.983,0.9920,0,0,0,0
170.015,0.9920,0,0,0,0
170.050,0.9920,0,0,0,0
170.082,0.9920,0,0,0,0
170.116,0.9920,0,0,0,0
170.148,0.9920,0,0,0,0
170.183,0.9920,0,0,0,0
170.216,0.9920,0,0,0,0
170.251,0.9920,0,0,0,0
170.281,0.9920,0,0,0,0
170.316,0.9920,0,0,0,0
170.349,0.9920,0,0,0,0
170.381,0.9920,0,0,0,0
170.417,0.9920,0,0,0,0
170.450,0.9920,0,0,0,0
170.482,0.9920,0,0,0,0
170.516,0.9920,0,0,0,0
170.547,0.9920,0,0,0,0
170.578,0.9920,0,0,0,0
170.614,0.9920,0,0,0,0
170.648,0.9920,0,0,0,0
170.681,0.9920,0,0,0,0
170.714,0.9920,0,0,0,0
170.747,0.9920,0,0,0,0
170.783,0.9920,0,0,0,0
170.815,0.9920,0,0,0,0
170.849,0.9920,0,0,0,0
170.884,0.9920,0,0,0,0
170.914,0.9920,0,0,0,0
170.949,0.9920,0,0,0,0
170.983,0.9920,0,0,0,0
171.014,0.9920,0,0,0,0
171.047,0.9920,0,0,0,0
171.085,0.9920,0,0,0,0
171.114,0.9920,0,0,0,0
171.151,0.9920,0,0,0,0
171.181,0.9920,0,0,0,0
171.217,0.9920,0,0,0,0
171.250,0.9920,0,0,0,0
171.283,0.9920,0,0,0,0
171.315,0.9920,0,0,0,0
171.350,0.9920,0,0,0,0
171.380,0.9920,0,0,0,0
171.416,0.9920,0,0,0,0
171.450,0.9920,0,0,0,0
171.482,0.9920,0,0,0,0
171.514,0.9920,0,0,0,0
171.549,0.9920,0,0,0,0
171.581,0.9920,0,0,0,0
171.616,0.9920,0,0,0,0
171.648,0.9920,0,0,0,0
171.681,0.9920,0,0,0,0
171.718,0.9920,0,0,0,0
171.750,0.9920,0,0,0,0
171.783,0.9920,0,0,0,0
171.817,0.9920,0,0,0,0
171.851,0.9920,0,0,0,0
171.880,0.9920,0,0,0,0
171.923,0.9920,0,0,0,0
171.941,0.9920,0,0,0,0
171.990,0.9920,0,0,0,0
172.017,0.9920,0,0,0,0
172.047,0.9920,0,0,0,0
172.083,0.9920,0,0,0,0
172.117,0.9920,0,0,0,0
172.151,0.9920,0,0,0,0
172.180,0.9920,0,0,0,0
172.215,0.9920,0,0,0,0
172.247,0.9920,0,0,0,0
172.283,0.9920,0,0,0,0
172.314,0.9920,0,0,0,0
172.351,0.9920,0,0,0,0
172.385,0.9920,0,0,0,0
172.417,0.9920,0,0,0,0
172.448,0.9920,0,0,0,0
172.481,0.9920,0,0,0,0
172.517,0.9920,0,0,0,0
172.550,0.9920,0,0,0,0
172.583,0.9920,0,0,0,0
172.618,0.9920,0,0,0,0
172.647,0.9920,0,0,0,0
172.686,0.9920,0,0,0,0
172.716,0.9920,0,0,0,0
172.752,0.9920,0,0,0,0
172.781,0.9920,0,0,0,0
172.814,0.9920,0,0,0,0
172.847,0.9920,0,0,0,0
172.881,0.9920,0,0,0,0
172.914,0.9920,0,0,0,0
172.948,0.9920,0,0,0,0
172.978,0.9920,0,0,0,0
173.023,0.9920,0,0,0,0
173.048,0.9920,0,0,0,0
173.085,0.9920,0,0,0,0
173.113,0.9920,0,0,0,0
173.147,0.9920,0,0,0,0
173.179,0.9920,0,0,0,0
173.213,0.9920,0,0,0,0
173.248,0.9920,0,0,0,0
173.284,0.9920,0,0,0,0
173.316,0.9920,0,0,0,0
173.346,0.9920,0,0,0,0
173.381,0.9920,0,0,0,0
173.411,0.9920,0,0,0,0
173.450,0.9920,0,0,0,0
173.484,0.9920,0,0,0,0
173.515,0.9920,0,0,0,0
173.550,0.9920,0,0,0,0
173.584,0.9920,0,0,0,0
173.614,0.9920,0,0,0,0
173.646,0.9920,0,0,0,0
173.680,0.9920,0,0,0,0
173.713,0.9920,0,0,0,0
173.755,0.9920,0,0,0,0
173.782,0.9920,0,0,0,0
173.817,0.9920,0,0,0,0
173.848,0.9920,0,0,0,0
173.881,0.9920,0,0,0,0
173.915,0.9920,0,0,0,0
173.948,0.9920,0,0,0,0
173.985,0.9920,0,0,0,0
174.016,0.9920,0,0,0,0
174.047,0.9920,0,0,0,0
174.081,0.9920,0,0,0,0
174.116,0.9920,0,0,0,0
174.149,0.9920,0,0,0,0
174.181,0.9920,0,0,0,0
174.214,0.9920,0,0,0,0
174.247,0.9920,0,0,0,0
174.285,0.9920,0,0,0,0
174.317,0.9920,0,0,0,0
174.349,0.9920,0,0,0,0
174.382,0.9920,0,0,0,0
174.416,0.9920,0,0,0,0
174.452,0.9920,0,0,0,0
174.480,0.9920,0,0,0,0
174.514,0.9920,0,0,0,0
174.549,0.9920,0,0,0,0
174.583,0.9920,0,0,0,0
174.614,0.9920,0,0,0,0
174.648,0.9920,0,0,0,0
174.683,0.9920,0,0,0,0
174.714,0.9920,0,0,0,0
174.750,0.9920,0,0,0,0
174.783,0.9920,0,0,0,0
174.816,0.9920,0,0,0,0
174.850,0.9920,0,0,0,0
174.881,0.9920,0,0,0,0
174.917,0.9920,0,0,0,0
174.947,0.9920,0,0,0,0
174.980,0.9920,0,0,0,0
175.019,0.9920,0,0,0,0
175.047,0.9920,0,0,0,0
175.083,0.9920,0,0,0,0
175.117,0.9920,0,0,0,0
175.150,0.9920,0,0,0,0
175.184,0.9920,0,0,0,0
175.214,0.9920,0,0,0,0
175.249,0.9920,0,0,0,0
175.280,0.9920,0,0,0,0
175.318,0.9920,0,0,0,0
175.356,0.9920,0,0,0,0
175.375,0.9920,0,0,0,0
175.413,0.9920,0,0,0,0
175.451,0.9920,0,0,0,0
175.480,0.9920,0,0,0,0
175.514,0.9920,0,0,0,0
175.551,0.9920,0,0,0,0
175.586,0.9920,0,0,0,0
175.613,0.9920,0,0,0,0
175.650,0.9920,0,0,0,0
175.684,0.9920,0,0,0,0
175.714,0.9920,0,0,0,0
175.747,0.9920,0,0,0,0
175.783,0.9920,0,0,0,0
175.817,0.9920,0,0,0,0
175.850,0.9920,0,0,0,0
175.884,0.9920,0,0,0,0
175.917,0.9920,0,0,0,0
175.951,0.9920,0,0,0,0
175.981,0.9920,0,0,0,0
176.018,0.9920,0,0,0,0
176.046,0.9920,0,0,0,0
176.080,0.9920,0,0,0,0
176.114,0.9920,0,0,0,0
176.147,0.9920,0,0,0,0
176.181,0.9920,0,0,0,0
176.217,0.9920,0,0,0,0
176.249,0.9920,0,0,0,0
176.281,0.9920,0,0,0,0
176.314,0.9920,0,0,0,0
176.351,0.9920,0,0,0,0
176.380,0.9920,0,0,0,0
176.418,0.9920,0,0,0,0
176.451,0.9920,0,0,0,0
176.488,0.9920,0,0,0,0
176.515,0.9920,0,0,0,0
176.546,0.9920,0,0,0,0
176.581,0.9920,0,0,0,0
176.613,0.9920,0,0,0,0
176.651,0.9921,0,0,0,0
176.684,0.9921,0,0,0,0
176.716,0.9921,0,0,0,0
176.751,0.9921,0,0,0,0
176.783,0.9921,0,0,0,0
176.816,0.9921,0,0,0,0
176.851,0.9921,0,0,0,0
176.884,0.9921,0,0,0,0
176.919,0.9921,0,0,0,0
176.955,0.9921,0,0,0,0
176.983,0.9921,0,0,0,0
177.014,0.9921,0,0,0,0
177.053,0.9921,0,0,0,0
177.085,0.9921,0,0,0,0
177.118,0.9921,0,0,0,0
177.151,0.9921,0,0,0,0
177.181,0.9921,0,0,0,0
177.216,0.9921,0,0,0,0
177.250,0.9921,0,0,0,0
177.283,0.9921,0,0,0,0
177.317,0.9921,0,0,0,0
177.350,0.9921,0,0,0,0
177.384,0.9921,0,0,0,0
177.414,0.9921,0,0,0,0
177.448,0.9921,0,0,0,0
177.485,0.9921,0,0,0,0
177.513,0.9921,0,0,0,0
177.555,0.9921,0,0,0,0
177.583,0.9921,0,0,0,0
177.615,0.9921,0,0,0,0
177.647,0.9921,0,0,0,0
177.682,0.9921,0,0,0,0
177.714,0.9921,0,0,0,0
177.747,0.9921,0,0,0,0
177.780,0.9921,0,0,0,0
177.813,0.9921,0,0,0,0
177.851,0.9921,0,0,0,0
177.884,0.9921,0,0,0,0
177.917,0.9921,0,0,0,0
177.947,0.9921,0,0,0,0
177.981,0.9921,0,0,0,0
178.018,0.9921,0,0,0,0
178.052,0.9921,0,0,0,0
178.084,0.9921,0,0,0,0
178.118,0.9921,0,0,0,0
178.147,0.9921,0,0,0,0
178.180,0.9921,0,0,0,0
178.213,0.9921,0,0,0,0
178.247,0.9921,0,0,0,0
178.284,0.9921,0,0,0,0
178.314,0.9921,0,0,0,0
178.349,0.9921,0,0,0,0
178.381,0.9921,0,0,0,0
178.414,0.9921,0,0,0,0
178.447,0.9921,0,0,0,0
178.481,0.9921,0,0,0,0
178.514,0.9921,0,0,0,0
178.548,0.9921,0,0,0,0
178.580,0.9921,0,0,0,0
178.614,0.9921,0,0,0,0
178.648,0.9921,0,0,0,0
178.681,0.9921,0,0,0,0
178.714,0.9921,0,0,0,0
178.755,0.9921,0,0,0,0
178.782,0.9921,0,0,0,0
178.818,0.9921,0,0,0,0
178.848,0.9921,0,0,0,0
178.880,0.9921,0,0,0,0
178.918,0.9921,0,0,0,0
178.948,0.9921,0,0,0,0
178.983,0.9922,0,0,0,0
179.014,0.9922,0,0,0,0
179.049,0.9922,0,0,0,0
179.084,0.9922,0,0,0,0
179.113,0.9922,0,0,0,0
179.151,0.9923,0,0,0,0
179.184,0.9923,0,0,0,0
179.217,0.9923,0,0,0,0
179.251,0.9923,0,0,0,0
179.281,0.9923,0,0,0,0
179.314,0.9923,0,0,0,0
179.347,0.9923,0,0,0,0
179.385,0.9923,0,0,0,0
179.414,0.9923,0,0,0,0
179.451,0.9923,0,0,0,0
179.484,0.9923,0,0,0,0
179.518,0.9923,0,0,0,0
179.548,0.9923,0,0,0,0
179.580,0.9923,0,0,0,0
179.614,0.9923,0,0,0,0
179.647,0.9923,0,0,0,0
179.681,0.9923,0,0,0,0
179.714,0.9922,0,0,0,0
179.748,0.9922,0,0,0,0
179.781,0.9922,0,0,0,0
179.817,0.9922,0,0,0,0
179.848,0.9922,0,0,0,0
179.880,0.9922,0,0,0,0
179.914,0.9922,0,0,0,0
179.947,0.9922,0,0,0,0
179.984,0.9922,0,0,0,0
180.014,0.9922,0,0,0,0
180.048,0.9922,0,0,0,0
180.081,0.9922,0,0,0,0
180.114,0.9922,0,0,0,0
180.149,0.9922,0,0,0,0
180.185,0.9922,0,0,0,0
180.215,0.9922,0,0,0,0
180.250,0.9922,0,0,0,0
180.281,0.9921,0,0,0,0
180.318,0.9921,0,0,0,0
180.347,0.9921,0,0,0,0
180.380,0.9921,0,0,0,0
180.414,0.9921,0,0,0,0
180.451,0.9921,0,0,0,0
180.484,0.9921,0,0,0,0
180.517,0.9921,0,0,0,0
180.548,0.9921,0,0,0,0
180.580,0.9921,0,0,0,0
180.623,0.9921,0,0,0,0
180.651,0.9921,0,0,0,0
180.681,0.9921,0,0,0,0
180.717,0.9921,0,0,0,0
180.751,0.9921,0,0,0,0
180.784,0.9921,0,0,0,0
180.813,0.9921,0,0,0,0
180.851,0.9921,0,0,0,0
180.884,0.9921,0,0,0,0
180.914,0.9921,0,0,0,0
180.948,0.9921,0,0,0,0
180.981,0.9921,0,0,0,0
181.014,0.9921,0,0,0,0
181.048,0.9921,0,0,0,0
181.081,0.9921,0,0,0,0
181.114,0.9921,0,0,0,0
181.147,0.9921,0,0,0,0
181.181,0.9921,0,0,0,0
181.214,0.9921,0,0,0,0
181.247,0.9921,0,0,0,0
181.284,0.9921,0,0,0,0
181.314,0.9921,0,0,0,0
181.347,0.9921,0,0,0,0
181.381,0.9921,0,0,0,0
181.414,0.9921,0,0,0,0
181.455,0.9921,0,0,0,0
181.482,0.9921,0,0,0,0
181.514,0.9921,0,0,0,0
181.550,0.9921,0,0,0,0
181.581,0.9921,0,0,0,0
181.618,0.9921,0,0,0,0
181.652,0.9921,0,0,0,0
181.684,0.9921,0,0,0,0
181.718,0.9921,0,0,0,0
181.748,0.9921,0,0,0,0
181.780,0.9921,0,0,0,0
181.816,0.9921,0,0,0,0
181.846,0.9921,0,0,0,0
181.885,0.9921,0,0,0,0
181.916,0.9921,0,0,0,0
181.946,0.9921,0,0,0,0
181.984,0.9921,0,0,0,0
182.018,0.9921,0,0,0,0
182.051,0.9921,0,0,0,0
182.081,0.9921,0,0,0,0
182.115,0.9921,0,0,0,0
182.152,0.9921,0,0,0,0
182.181,0.9921,0,0,0,0
182.214,0.9921,0,0,0,0
182.248,0.9921,0,0,0,0
182.281,0.9921,0,0,0,0
182.314,0.9921,0,0,0,0
182.347,0.9921,0,0,0,0
182.381,0.9921,0,0,0,0
182.414,0.9921,0,0,0,0
182.448,0.9921,0,0,0,0
182.482,0.9921,0,0,0,0
182.516,0.9921,0,0,0,0
182.548,0.9921,0,0,0,0
182.585,0.9921,0,0,0,0
182.612,0.9921,0,0,0,0
182.655,0.9921,0,0,0,0
182.685,0.9921,0,0,0,0
182.713,0.9921,0,0,0,0
182.747,0.9921,0,0,0,0
182.782,0.9921,0,0,0,0
182.817,0.9921,0,0,0,0
182.849,0.9921,0,0,0,0
182.880,0.9921,0,0,0,0
182.918,0.9921,0,0,0,0
182.952,0.9921,0,0,0,0
182.985,0.9921,0,0,0,0
183.013,0.9921,0,0,0,0
183.051,0.9921,0,0,0,0
183.082,0.9921,0,0,0,0
183.118,0.9921,0,0,0,0
183.151,0.9921,0,0,0,0
183.184,0.9921,0,0,0,0
183.218,0.9921,0,0,0,0
183.251,0.9921,0,0,0,0
183.282,0.9921,0,0,0,0
183.314,0.9921,0,0,0,0
183.347,0.9921,0,0,0,0
183.379,0.9921,0,0,0,0
183.415,0.9921,0,0,0,0
183.447,0.9921,0,0,0,0
183.481,0.9921,0,0,0,0
183.514,0.9921,0,0,0,0
183.547,0.9921,0,0,0,0
183.579,0.9921,0,0,0,0
183.614,0.9921,0,0,0,0
183.651,0.9921,0,0,0,0
183.683,0.9921,0,0,0,0
183.718,0.9921,0,0,0,0
183.750,0.9921,0,0,0,0
183.784,0.9921,0,0,0,0
183.817,0.9921,0,0,0,0
183.848,0.9921,0,0,0,0
183.881,0.9921,0,0,0,0
183.914,0.9921,0,0,0,0
183.947,0.9921,0,0,0,0
183.985,0.9921,0,0,0,0
184.016,0.9921,0,0,0,0
184.049,0.9921,0,0,0,0
184.081,0.9921,0,0,0,0
184.114,0.9921,0,0,0,0
184.148,0.9921,0,0,0,0
184.181,0.9921,0,0,0,0
184.218,0.9921,0,0,0,0
184.249,0.9921,0,0,0,0
184.280,0.9921,0,0,0,0
184.318,0.9921,0,0,0,0
184.353,0.9921,0,0,0,0
184.384,0.9921,0,0,0,0
184.413,0.9921,0,0,0,0
184.452,0.9921,0,0,0,0
184.485,0.9921,0,0,0,0
184.517,0.9921,0,0,0,0
184.547,0.9921,0,0,0,0
184.581,0.9921,0,0,0,0
184.618,0.9921,0,0,0,0
184.651,0.9921,0,0,0,0
184.680,0.9921,0,0,0,0
184.714,0.9921,0,0,0,0
184.741,0.9921,0,0,0,0
184.782,0.9921,0,0,0,0
184.814,0.9921,0,0,0,0
184.847,0.9921,0,0,0,0
184.880,0.9921,0,0,0,0
184.918,0.9921,0,0,0,0
184.952,0.9921,0,0,0,0
184.979,0.9921,0,0,0,0
185.019,0.9921,0,0,0,0
185.048,0.9921,0,0,0,0
185.081,0.9921,0,0,0,0
185.117,0.9921,0,0,0,0
185.151,0.9921,0,0,0,0
185.183,0.9921,0,0,0,0
185.214,0.9921,0,0,0,0
185.247,0.9921,0,0,0,0
185.280,0.9921,0,0,0,0
185.319,0.9921,0,0,0,0
185.347,0.9921,0,0,0,0
185.379,0.9921,0,0,0,0
185.417,0.9921,0,0,0,0
185.446,0.9921,0,0,0,0
185.481,0.9921,0,0,0,0
185.516,0.9921,0,0,0,0
185.550,0.9921,0,0,0,0
185.583,0.9921,0,0,0,0
185.617,0.9921,0,0,0,0
185.650,0.9921,0,0,0,0
185.683,0.9921,0,0,0,0
185.714,0.9921,0,0,0,0
185.750,0.9921,0,0,0,0
185.783,0.9921,0,0,0,0
185.815,0.9921,0,0,0,0
185.848,0.9921,0,0,0,0
185.881,0.9921,0,0,0,0
185.914,0.9921,0,0,0,0
185.948,0.9921,0,0,0,0
185.981,0.9921,0,0,0,0
186.014,0.9921,0,0,0,0
186.048,0.9921,0,0,0,0
186.084,0.9921,0,0,0,0
186.121,0.9921,0,0,0,0
186.147,0.9921,0,0,0,0
186.180,0.9921,0,0,0,0
186.214,0.9921,0,0,0,0
186.247,0.9921,0,0,0,0
186.285,0.9921,0,0,0,0
186.314,0.9921,0,0,0,0
186.346,0.9921,0,0,0,0
186.385,0.9921,0,0,0,0
186.413,0.9921,0,0,0,0
186.446,0.9921,0,0,0,0
186.483,0.9921,0,0,0,0
186.517,0.9921,0,0,0,0
186.549,0.9921,0,0,0,0
186.584,0.9921,0,0,0,0
186.613,0.9921,0,0,0,0
186.646,0.9921,0,0,0,0
186.688,0.9921,0,0,0,0
186.715,0.9921,0,0,0,0
186.748,0.9921,0,0,0,0
186.780,0.9921,0,0,0,0
186.813,0.9921,0,0,0,0
186.850,0.9921,0,0,0,0
186.883,0.9921,0,0,0,0
186.916,0.9921,0,0,0,0
186.950,0.9921,0,0,0,0
186.983,0.9921,0,0,0,0
187.016,0.9921,0,0,0,0
187.049,0.9921,0,0,0,0
187.082,0.9921,0,0,0,0
187.115,0.9921,0,0,0,0
187.149,0.9921,0,0,0,0
187.182,0.9921,0,0,0,0
187.216,0.9921,0,0,0,0
187.249,0.9921,0,0,0,0
187.282,0.9921,0,0,0,0
187.318,0.9921,0,0,0,0
187.355,0.9921,0,0,0,0
187.383,0.9921,0,0,0,0
187.413,0.9921,0,0,0,0
187.447,0.9921,0,0,0,0
187.480,0.9921,0,0,0,0
187.514,0.9921,0,0,0,0
187.547,0.9921,0,0,0,0
187.580,0.9921,0,0,0,0
187.621,0.9921,0,0,0,0
187.647,0.9921,0,0,0,0
187.684,0.9921,0,0,0,0
187.715,0.9921,0,0,0,0
187.746,0.9921,0,0,0,0
187.784,0.9921,0,0,0,0
187.813,0.9921,0,0,0,0
187.847,0.9921,0,0,0,0
187.885,0.9921,0,0,0,0
187.914,0.9921,0,0,0,0
187.949,0.9921,0,0,0,0
187.984,0.9921,0,0,0,0
188.014,0.9921,0,0,0,0
188.051,0.9921,0,0,0,0
188.083,0.9921,0,0,0,0
188.115,0.9921,0,0,0,0
188.150,0.9921,0,0,0,0
188.180,0.9921,0,0,0,0
188.218,0.9921,0,0,0,0
188.249,0.9921,0,0,0,0
188.279,0.9921,0,0,0,0
188.315,0.9921,0,0,0,0
188.348,0.9921,0,0,0,0
188.383,0.9921,0,0,0,0
188.417,0.9921,0,0,0,0
188.450,0.9921,0,0,0,0
188.482,0.9921,0,0,0,0
188.516,0.9921,0,0,0,0
188.550,0.9921,0,0,0,0
188.582,0.9921,0,0,0,0
188.616,0.9921,0,0,0,0
188.646,0.9921,0,0,0,0
188.680,0.9921,0,0,0,0
188.714,0.9921,0,0,0,0
188.747,0.9921,0,0,0,0
188.781,0.9921,0,0,0,0
188.814,0.9921,0,0,0,0
188.851,0.9921,0,0,0,0
188.880,0.9921,0,0,0,0
188.914,0.9921,0,0,0,0
188.947,0.9921,0,0,0,0
188.981,0.9921,0,0,0,0
189.017,0.9921,0,0,0,0
189.050,0.9921,0,0,0,0
189.080,0.9921,0,0,0,0
189.118,0.9921,0,0,0,0
189.151,0.9921,0,0,0,0
189.181,0.9921,0,0,0,0
189.221,0.9921,0,0,0,0
189.254,0.9921,0,0,0,0
189.284,0.9921,0,0,0,0
189.317,0.9921,0,0,0,0
189.347,0.9921,0,0,0,0
189.380,0.9921,0,0,0,0
189.413,0.9921,0,0,0,0
189.447,0.9921,0,0,0,0
189.480,0.9921,0,0,0,0
189.514,0.9921,0,0,0,0
189.546,0.9921,0,0,0,0
189.580,0.9921,0,0,0,0
189.615,0.9921,0,0,0,0
189.647,0.9921,0,0,0,0
189.681,0.9921,0,0,0,0
189.714,0.9921,0,0,0,0
189.750,0.9921,0,0,0,0
189.783,0.9921,0,0,0,0
189.817,0.9921,0,0,0,0
189.847,0.9921,0,0,0,0
189.884,0.9921,0,0,0,0
189.918,0.9921,0,0,0,0
189.946,0.9921,0,0,0,0
189.985,0.9921,0,0,0,0
190.015,0.9921,0,0,0,0
190.048,0.9921,0,0,0,0
190.081,0.9921,0,0,0,0
190.120,0.9921,0,0,0,0
190.148,0.9921,0,0,0,0
190.185,0.9921,0,0,0,0
190.217,0.9921,0,0,0,0
190.250,0.9921,0,0,0,0
190.283,0.9921,0,0,0,0
190.316,0.9921,0,0,0,0
190.350,0.9921,0,0,0,0
190.383,0.9921,0,0,0,0
190.417,0.9921,0,0,0,0
190.447,0.9921,0,0,0,0
190.482,0.9921,0,0,0,0
190.515,0.9921,0,0,0,0
190.549,0.9921,0,0,0,0
190.581,0.9921,0,0,0,0
190.614,0.9921,0,0,0,0
190.647,0.9921,0,0,0,0
190.682,0.9921,0,0,0,0
190.714,0.9921,0,0,0,0
190.751,0.9921,0,0,0,0
190.780,0.9921,0,0,0,0
190.817,0.9921,0,0,0,0
190.851,0.9921,0,0,0,0
190.885,0.9921,0,0,0,0
190.916,0.9921,0,0,0,0
190.946,0.9921,0,0,0,0
190.984,0.9921,0,0,0,0
191.014,0.9921,0,0,0,0
191.053,0.9921,0,0,0,0
191.084,0.9921,0,0,0,0
191.113,0.9921,0,0,0,0
191.151,0.9921,0,0,0,0
191.184,0.9921,0,0,0,0
191.214,0.9921,0,0,0,0
191.251,0.9921,0,0,0,0
191.280,0.9921,0,0,0,0
191.314,0.9921,0,0,0,0
191.351,0.9921,0,0,0,0
191.389,0.9921,0,0,0,0
191.415,0.9921,0,0,0,0
191.448,0.9921,0,0,0,0
191.479,0.9921,0,0,0,0
191.515,0.9921,0,0,0,0
191.551,0.9921,0,0,0,0
191.583,0.9921,0,0,0,0
191.614,0.9921,0,0,0,0
191.648,0.9921,0,0,0,0
191.684,0.9921,0,0,0,0
191.717,0.9921,0,0,0,0
191.747,0.9921,0,0,0,0
191.782,0.9921,0,0,0,0
191.816,0.9921,0,0,0,0
191.863,0.9921,0,0,0,0
191.883,0.9921,0,0,0,0
191.916,0.9921,0,0,0,0
191.949,0.9921,0,0,0,0
191.982,0.9921,0,0,0,0
192.015,0.9921,0,0,0,0
192.048,0.9921,0,0,0,0
192.082,0.9921,0,0,0,0
192.115,0.9921,0,0,0,0
192.148,0.9921,0,0,0,0
192.181,0.9921,0,0,0,0
192.214,0.9921,0,0,0,0
192.250,0.9921,0,0,0,0
192.286,0.9921,0,0,0,0
192.315,0.9921,0,0,0,0
192.349,0.9921,0,0,0,0
192.383,0.9921,0,0,0,0
192.416,0.9921,0,0,0,0
192.449,0.9921,0,0,0,0
192.484,0.9921,0,0,0,0
192.514,0.9921,0,0,0,0
192.549,0.9921,0,0,0,0
192.588,0.9921,0,0,0,0
192.615,0.9921,0,0,0,0
192.647,0.9921,0,0,0,0
192.683,0.9921,0,0,0,0
192.718,0.9921,0,0,0,0
192.751,0.9921,0,0,0,0
192.784,0.9921,0,0,0,0
192.817,0.9921,0,0,0,0
192.849,0.9921,0,0,0,0
192.883,0.9921,0,0,0,0
192.917,0.9921,0,0,0,0
192.948,0.9921,0,0,0,0
192.982,0.9921,0,0,0,0
193.016,0.9921,0,0,0,0
193.048,0.9921,0,0,0,0
193.083,0.9921,0,0,0,0
193.115,0.9921,0,0,0,0
193.148,0.9921,0,0,0,0
193.182,0.9921,0,0,0,0
193.216,0.9921,0,0,0,0
193.249,0.9921,0,0,0,0
193.284,0.9921,0,0,0,0
193.317,0.9921,0,0,0,0
193.351,0.9921,0,0,0,0
193.382,0.9921,0,0,0,0
193.415,0.9921,0,0,0,0
193.451,0.9921,0,0,0,0
193.477,0.9921,0,0,0,0
193.517,0.9921,0,0,0,0
193.550,0.9921,0,0,0,0
193.582,0.9921,0,0,0,0
193.615,0.9921,0,0,0,0
193.648,0.9921,0,0,0,0
193.683,0.9921,0,0,0,0
193.716,0.9921,0,0,0,0
193.749,0.9921,0,0,0,0
193.784,0.9921,0,0,0,0
193.817,0.9921,0,0,0,0
193.849,0.9921,0,0,0,0
193.884,0.9921,0,0,0,0
193.915,0.9921,0,0,0,0
193.948,0.9921,0,0,0,0
193.984,0.9921,0,0,0,0
194.015,0.9921,0,0,0,0
194.049,0.9921,0,0,0,0
194.082,0.9921,0,0,0,0
194.115,0.9921,0,0,0,0
194.149,0.9921,0,0,0,0
194.181,0.9921,0,0,0,0
194.217,0.9921,0,0,0,0
194.248,0.9921,0,0,0,0
194.282,0.9921,0,0,0,0
194.316,0.9921,0,0,0,0
194.349,0.9921,0,0,0,0
194.384,0.9921,0,0,0,0
194.416,0.9921,0,0,0,0
194.450,0.9921,0,0,0,0
194.484,0.9921,0,0,0,0
194.516,0.9921,0,0,0,0
194.549,0.9921,0,0,0,0
194.582,0.9921,0,0,0,0
194.616,0.9921,0,0,0,0
194.650,0.9921,0,0,0,0
194.685,0.9921,0,0,0,0
194.714,0.9921,0,0,0,0
194.753,0.9921,0,0,0,0
194.783,0.9921,0,0,0,0
194.815,0.9921,0,0,0,0
194.850,0.9921,0,0,0,0
194.878,0.9921,0,0,0,0
194.916,0.9921,0,0,0,0
194.949,0.9921,0,0,0,0
194.982,0.9921,0,0,0,0
195.014,0.9921,0,0,0,0
195.048,0.9921,0,0,0,0
195.083,0.9921,0,0,0,0
195.116,0.9921,0,0,0,0
195.150,0.9921,0,0,0,0
195.182,0.9921,0,0,0,0
195.214,0.9921,0,0,0,0
195.249,0.9921,0,0,0,0
195.282,0.9921,0,0,0,0
195.317,0.9921,0,0,0,0
195.349,0.9921,0,0,0,0
195.381,0.9921,0,0,0,0
195.416,0.9921,0,0,0,0
195.448,0.9921,0,0,0,0
195.483,0.9921,0,0,0,0
195.515,0.9921,0,0,0,0
195.548,0.9921,0,0,0,0
195.591,0.9921,0,0,0,0
195.612,0.9921,0,0,0,0
195.649,0.9921,0,0,0,0
195.683,0.9921,0,0,0,0
195.715,0.9921,0,0,0,0
195.748,0.9921,0,0,0,0
195.784,0.9921,0,0,0,0
195.816,0.9921,0,0,0,0
195.849,0.9921,0,0,0,0
195.883,0.9921,0,0,0,0
195.918,0.9921,0,0,0,0
195.950,0.9921,0,0,0,0
195.982,0.9921,0,0,0,0
196.015,0.9921,0,0,0,0
196.049,0.9921,0,0,0,0
196.082,0.9921,0,0,0,0
196.116,0.9921,0,0,0,0
196.150,0.9921,0,0,0,0
196.184,0.9921,0,0,0,0
196.213,0.9921,0,0,0,0
196.249,0.9921,0,0,0,0
196.284,0.9921,0,0,0,0
196.317,0.9921,0,0,0,0
196.347,0.9921,0,0,0,0
196.382,0.9921,0,0,0,0
196.416,0.9921,0,0,0,0
196.450,0.9921,0,0,0,0
196.483,0.9921,0,0,0,0
196.517,0.9921,0,0,0,0
196.550,0.9921,0,0,0,0
196.584,0.9921,0,0,0,0
196.614,0.9921,0,0,0,0
196.650,0.9921,0,0,0,0
196.683,0.9921,0,0,0,0
196.715,0.9921,0,0,0,0
196.749,0.9921,0,0,0,0
196.783,0.9921,0,0,0,0
196.816,0.9921,0,0,0,0
196.848,0.9921,0,0,0,0
196.884,0.9921,0,0,0,0
196.916,0.9921,0,0,0,0
196.950,0.9921,0,0,0,0
196.988,0.9921,0,0,0,0
197.017,0.9922,0,0,0,0
197.049,0.9922,0,0,0,0
197.081,0.9922,0,0,0,0
197.115,0.9921,0,0,0,0
197.147,0.9922,0,0,0,0
197.183,0.9922,0,0,0,0
197.214,0.9922,0,0,0,0
197.247,0.9922,0,0,0,0
197.282,0.9922,0,0,0,0
197.316,0.9922,0,0,0,0
197.349,0.9922,0,0,0,0
197.384,0.9922,0,0,0,0
197.416,0.9922,0,0,0,0
197.450,0.9922,0,0,0,0
197.482,0.9922,0,0,0,0
197.518,0.9922,0,0,0,0
197.549,0.9922,0,0,0,0
197.584,0.9922,0,0,0,0
197.616,0.9922,0,0,0,0
197.651,0.9922,0,0,0,0
197.683,0.9922,0,0,0,0
197.714,0.9922,0,0,0,0
197.749,0.9922,0,0,0,0
197.781,0.9922,0,0,0,0
197.815,0.9922,0,0,0,0
197.848,0.9922,0,0,0,0
197.881,0.9922,0,0,0,0
197.914,0.9922,0,0,0,0
197.948,0.9922,0,0,0,0
197.981,0.9922,0,0,0,0
198.014,0.9922,0,0,0,0
198.048,0.9922,0,0,0,0
198.081,0.9922,0,0,0,0
198.113,0.9922,0,0,0,0
198.147,0.9922,0,0,0,0
198.195,0.9922,0,0,0,0
198.211,0.9922,0,0,0,0
198.249,0.9922,0,0,0,0
198.283,0.9922,0,0,0,0
198.316,0.9922,0,0,0,0
198.350,0.9922,0,0,0,0
198.382,0.9922,0,0,0,0
198.416,0.9922,0,0,0,0
198.446,0.9922,0,0,0,0
198.483,0.9922,0,0,0,0
198.515,0.9922,0,0,0,0
198.550,0.9922,0,0,0,0
198.585,0.9922,0,0,0,0
198.617,0.9922,0,0,0,0
198.648,0.9922,0,0,0,0
198.680,0.9922,0,0,0,0
198.715,0.9922,0,0,0,0
198.748,0.9922,0,0,0,0
198.783,0.9922,0,0,0,0
198.816,0.9922,0,0,0,0
198.850,0.9922,0,0,0,0
198.884,0.9922,0,0,0,0
198.914,0.9922,0,0,0,0
198.948,0.9922,0,0,0,0
198.981,0.9922,0,0,0,0
199.016,0.9922,0,0,0,0
199.048,0.9922,0,0,0,0
199.082,0.9922,0,0,0,0
199.117,0.9922,0,0,0,0
199.149,0.9922,0,0,0,0
199.182,0.9922,0,0,0,0
199.217,0.9922,0,0,0,0
199.250,0.9922,0,0,0,0
199.282,0.9922,0,0,0,0
199.315,0.9922,0,0,0,0
199.349,0.9922,0,0,0,0
199.383,0.9922,0,0,0,0
199.415,0.9922,0,0,0,0
199.446,0.9922,0,0,0,0
199.487,0.9922,0,0,0,0
199.515,0.9922,0,0,0,0
199.548,0.9922,0,0,0,0
199.582,0.9922,0,0,0,0
199.615,0.9922,0,0,0,0
199.649,0.9922,0,0,0,0
199.682,0.9922,0,0,0,0
199.717,0.9922,0,0,0,0
199.749,0.9922,0,0,0,0
199.784,0.9922,0,0,0,0
199.815,0.9922,0,0,0,0
199.850,0.9922,0,0,0,0
199.881,0.9922,0,0,0,0
199.917,0.9922,0,0,0,0
199.949,0.9922,0,0,0,0
199.983,0.9922,0,0,0,0
200.015,0.9922,0,0,0,0
200.049,0.9922,0,0,0,0
200.082,0.9922,0,0,0,0
200.115,0.9922,0,0,0,0
200.147,0.9922,0,0,0,0
200.182,0.9922,0,0,0,0
200.215,0.9922,0,0,0,0
200.248,0.9922,0,0,0,0
200.281,0.9922,0,0,0,0
200.317,0.9922,0,0,0,0
200.350,0.9922,0,0,0,0
200.381,0.9922,0,0,0,0
200.416,0.9922,0,0,0,0
200.450,0.9922,0,0,0,0
200.483,0.9922,0,0,0,0
200.514,0.9922,0,0,0,0
200.549,0.9922,0,0,0,0
200.583,0.9922,0,0,0,0
200.614,0.9922,0,0,0,0
200.649,0.9922,0,0,0,0
200.683,0.9922,0,0,0,0
200.714,0.9922,0,0,0,0
200.748,0.9922,0,0,0,0
200.783,0.9922,0,0,0,0
200.817,0.9922,0,0,0,0
200.850,0.9922,0,0,0,0
200.882,0.9922,0,0,0,0
200.916,0.9922,0,0,0,0
200.948,0.9922,0,0,0,0
200.984,0.9922,0,0,0,0
201.017,0.9922,0,0,0,0
201.050,0.9922,0,0,0,0
201.082,0.9922,0,0,0,0
201.117,0.9922,0,0,0,0
201.149,0.9922,0,0,0,0
201.182,0.9922,0,0,0,0
201.215,0.9922,0,0,0,0
201.251,0.9922,0,0,0,0
201.282,0.9922,0,0,0,0
201.315,0.9922,0,0,0,0
201.349,0.9922,0,0,0,0
201.381,0.9922,0,0,0,0
201.415,0.9922,0,0,0,0
201.449,0.9922,0,0,0,0
201.483,0.9922,0,0,0,0
201.514,0.9922,0,0,0,0
201.548,0.9922,0,0,0,0
201.583,0.9922,0,0,0,0
201.615,0.9922,0,0,0,0
201.649,0.9922,0,0,0,0
201.683,0.9922,0,0,0,0
201.717,0.9922,0,0,0,0
201.751,0.9922,0,0,0,0
201.783,0.9922,0,0,0,0
201.816,0.9922,0,0,0,0
201.849,0.9922,0,0,0,0
201.886,0.9922,0,0,0,0
201.915,0.9922,0,0,0,0
201.945,0.9922,0,0,0,0
201.982,0.9922,0,0,0,0
202.015,0.9922,0,0,0,0
202.048,0.9922,0,0,0,0
202.082,0.9922,0,0,0,0
202.117,0.9922,0,0,0,0
202.148,0.9922,0,0,0,0
202.184,0.9922,0,0,0,0
202.214,0.9922,0,0,0,0
202.251,0.9922,0,0,0,0
202.283,0.9922,0,0,0,0
202.315,0.9922,0,0,0,0
202.347,0.9922,0,0,0,0
202.380,0.9922,0,0,0,0
202.415,0.9922,0,0,0,0
202.451,0.9922,0,0,0,0
202.484,0.9922,0,0,0,0
202.516,0.9922,0,0,0,0
202.547,0.9922,0,0,0,0
202.581,0.9922,0,0,0,0
202.614,0.9922,0,0,0,0
202.648,0.9922,0,0,0,0
202.685,0.9922,0,0,0,0
202.717,0.9922,0,0,0,0
202.741,0.9922,0,0,0,0
202.783,0.9922,0,0,0,0
202.814,0.9922,0,0,0,0
202.847,0.9922,0,0,0,0
202.882,0.9922,0,0,0,0
202.914,0.9922,0,0,0,0
202.950,0.9922,0,0,0,0
202.983,0.9922,0,0,0,0
203.015,0.9922,0,0,0,0
203.052,0.9922,0,0,0,0
203.081,0.9922,0,0,0,0
203.118,0.9922,0,0,0,0
203.145,0.9922,0,0,0,0
203.182,0.9922,0,0,0,0
203.219,0.9922,0,0,0,0
203.248,0.9922,0,0,0,0
203.283,0.9922,0,0,0,0
203.315,0.9922,0,0,0,0
203.349,0.9922,0,0,0,0
203.384,0.9922,0,0,0,0
203.416,0.9922,0,0,0,0
203.447,0.9922,0,0,0,0
203.482,0.9922,0,0,0,0
203.516,0.9922,0,0,0,0
203.550,0.9922,0,0,0,0
203.579,0.9922,0,0,0,0
203.616,0.9922,0,0,0,0
203.649,0.9922,0,0,0,0
203.681,0.9922,0,0,0,0
203.714,0.9922,0,0,0,0
203.749,0.9922,0,0,0,0
203.784,0.9922,0,0,0,0
203.814,0.9922,0,0,0,0
203.851,0.9922,0,0,0,0
203.885,0.9922,0,0,0,0
203.918,0.9922,0,0,0,0
203.953,0.9922,0,0,0,0
203.983,0.9922,0,0,0,0
204.015,0.9922,0,0,0,0
204.048,0.9922,0,0,0,0
204.083,0.9922,0,0,0,0
204.115,0.9922,0,0,0,0
204.150,0.9922,0,0,0,0
204.183,0.9922,0,0,0,0
204.215,0.9922,0,0,0,0
204.248,0.9922,0,0,0,0
204.282,0.9922,0,0,0,0
204.318,0.9922,0,0,0,0
204.351,0.9922,0,0,0,0
204.382,0.9922,0,0,0,0
204.417,0.9922,0,0,0,0
204.450,0.9922,0,0,0,0
204.484,0.9922,0,0,0,0
204.515,0.9922,0,0,0,0
204.549,0.9922,0,0,0,0
204.584,0.9922,0,0,0,0
204.617,0.9922,0,0,0,0
204.647,0.9922,0,0,0,0
204.686,0.9922,0,0,0,0
204.716,0.9922,0,0,0,0
204.739,0.9922,0,0,0,0
204.785,0.9922,0,0,0,0
204.817,0.9922,0,0,0,0
204.850,0.9922,0,0,0,0
204.884,0.9922,0,0,0,0
204.913,0.9922,0,0,0,0
204.948,0.9922,0,0,0,0
204.985,0.9922,0,0,0,0
205.014,0.9922,0,0,0,0
205.051,0.9922,0,0,0,0
205.084,0.9922,0,0,0,0
205.115,0.9922,0,0,0,0
205.148,0.9922,0,0,0,0
205.181,0.9922,0,0,0,0
205.217,0.9922,0,0,0,0
205.249,0.9922,0,0,0,0
205.283,0.9922,0,0,0,0
205.314,0.9922,0,0,0,0
205.347,0.9922,0,0,0,0
205.380,0.9922,0,0,0,0
205.417,0.9922,0,0,0,0
205.453,0.9922,0,0,0,0
205.484,0.9922,0,0,0,0
205.514,0.9922,0,0,0,0
205.546,0.9922,0,0,0,0
205.576,0.9922,0,0,0,0
205.617,0.9922,0,0,0,0
205.650,0.9922,0,0,0,0
205.684,0.9922,0,0,0,0
205.718,0.9922,0,0,0,0
205.750,0.9922,0,0,0,0
205.784,0.9922,0,0,0,0
205.815,0.9922,0,0,0,0
205.848,0.9922,0,0,0,0
205.883,0.9922,0,0,0,0
205.914,0.9922,0,0,0,0
205.947,0.9922,0,0,0,0
205.983,0.9922,0,0,0,0
206.014,0.9922,0,0,0,0
206.051,0.9922,0,0,0,0
206.080,0.9922,0,0,0,0
206.114,0.9922,0,0,0,0
206.148,0.9922,0,0,0,0
206.181,0.9922,0,0,0,0
206.215,0.9922,0,0,0,0
206.250,0.9922,0,0,0,0
206.281,0.9922,0,0,0,0
206.316,0.9922,0,0,0,0
206.353,0.9922,0,0,0,0
206.375,0.9922,0,0,0,0
206.417,0.9922,0,0,0,0
206.449,0.9922,0,0,0,0
206.481,0.9922,0,0,0,0
206.514,0.9922,0,0,0,0
206.548,0.9922,0,0,0,0
206.584,0.9922,0,0,0,0
206.618,0.9922,0,0,0,0
206.651,0.9922,0,0,0,0
206.681,0.9922,0,0,0,0
206.714,0.9922,0,0,0,0
206.747,0.9922,0,0,0,0
206.783,0.9922,0,0,0,0
206.815,0.9922,0,0,0,0
206.848,0.9922,0,0,0,0
206.885,0.9922,0,0,0,0
206.916,0.9922,0,0,0,0
206.948,0.9922,0,0,0,0
206.983,0.9922,0,0,0,0
207.015,0.9922,0,0,0,0
207.051,0.9922,0,0,0,0
207.081,0.9922,0,0,0,0
207.116,0.9922,0,0,0,0
207.151,0.9922,0,0,0,0
207.181,0.9922,0,0,0,0
207.215,0.9922,0,0,0,0
207.248,0.9922,0,0,0,0
207.281,0.9922,0,0,0,0
207.318,0.9922,0,0,0,0
207.349,0.9922,0,0,0,0
207.381,0.9922,0,0,0,0
207.415,0.9922,0,0,0,0
207.448,0.9922,0,0,0,0
207.482,0.9922,0,0,0,0
207.516,0.9922,0,0,0,0
207.547,0.9922,0,0,0,0
207.584,0.9922,0,0,0,0
207.615,0.9922,0,0,0,0
207.649,0.9922,0,0,0,0
207.682,0.9922,0,0,0,0
207.714,0.9922,0,0,0,0
207.750,0.9922,0,0,0,0
207.782,0.9922,0,0,0,0
207.815,0.9922,0,0,0,0
207.847,0.9922,0,0,0,0
207.884,0.9922,0,0,0,0
207.916,0.9922,0,0,0,0
207.950,0.9922,0,0,0,0
207.984,0.9922,0,0,0,0
208.015,0.9922,0,0,0,0
208.044,0.9922,0,0,0,0
208.082,0.9922,0,0,0,0
208.116,0.9922,0,0,0,0
208.148,0.9922,0,0,0,0
208.181,0.9922,0,0,0,0
208.215,0.9922,0,0,0,0
208.249,0.9922,0,0,0,0
208.284,0.9922,0,0,0,0
208.315,0.9922,0,0,0,0
208.350,0.9922,0,0,0,0
208.381,0.9922,0,0,0,0
208.417,0.9922,0,0,0,0
208.450,0.9922,0,0,0,0
208.481,0.9922,0,0,0,0
208.515,0.9922,0,0,0,0
208.549,0.9922,0,0,0,0
208.582,0.9922,0,0,0,0
208.617,0.9922,0,0,0,0
208.639,0.9922,0,0,0,0
208.681,0.9922,0,0,0,0
208.716,0.9922,0,0,0,0
208.747,0.9922,0,0,0,0
208.783,0.9922,0,0,0,0
208.818,0.9922,0,0,0,0
208.848,0.9922,0,0,0,0
208.885,0.9922,0,0,0,0
208.908,0.9922,0,0,0,0
208.948,0.9922,0,0,0,0
208.982,0.9922,0,0,0,0
209.016,0.9922,0,0,0,0
209.048,0.9922,0,0,0,0
209.083,0.9922,0,0,0,0
209.116,0.9922,0,0,0,0
209.146,0.9922,0,0,0,0
209.186,0.9922,0,0,0,0
209.216,0.9922,0,0,0,0
209.252,0.9922,0,0,0,0
209.284,0.9922,0,0,0,0
209.315,0.9922,0,0,0,0
209.350,0.9922,0,0,0,0
209.382,0.9922,0,0,0,0
209.417,0.9922,0,0,0,0
209.451,0.9922,0,0,0,0
209.483,0.9922,0,0,0,0
209.514,0.9922,0,0,0,0
209.550,0.9922,0,0,0,0
209.583,0.9922,0,0,0,0
209.616,0.9922,0,0,0,0
209.650,0.9922,0,0,0,0
209.681,0.9922,0,0,0,0
209.719,0.9922,0,0,0,0
209.749,0.9922,0,0,0,0
209.783,0.9922,0,0,0,0
209.814,0.9922,0,0,0,0
209.850,0.9922,0,0,0,0
209.883,0.9922,0,0,0,0
209.914,0.9922,0,0,0,0
209.950,0.9922,0,0,0,0
209.981,0.9922,0,0,0,0
210.017,0.9922,0,0,0,0
210.048,0.9922,0,0,0,0
210.089,0.9922,0,0,0,0
210.115,0.9922,0,0,0,0
210.150,0.9922,0,0,0,0
210.182,0.9922,0,0,0,0
210.217,0.9922,0,0,0,0
210.248,0.9922,0,0,0,0
210.283,0.9922,0,0,0,0
210.316,0.9922,0,0,0,0
210.350,0.9922,0,0,0,0
210.382,0.9922,0,0,0,0
210.418,0.9922,0,0,0,0
210.447,0.9922,0,0,0,0
210.482,0.9922,0,0,0,0
210.521,0.9922,0,0,0,0
210.556,0.9922,0,0,0,0
210.593,0.9922,0,0,0,0
210.621,0.9922,0,0,0,0
210.655,0.9922,0,0,0,0
210.689,0.9922,0,0,0,0
210.724,0.9922,0,0,0,0
210.756,0.9922,0,0,0,0
210.788,0.9922,0,0,0,0
210.825,0.9922,0,0,0,0
210.856,0.9922,0,0,0,0
210.887,0.9922,0,0,0,0
210.922,0.9922,0,0,0,0
210.954,0.9922,0,0,0,0
210.990,0.9922,0,0,0,0
211.021,0.9922,0,0,0,0
211.057,0.9922,0,0,0,0
211.086,0.9922,0,0,0,0
211.123,0.9922,0,0,0,0
211.154,0.9922,0,0,0,0
211.188,0.9922,0,0,0,0
211.223,0.9922,0,0,0,0
211.256,0.9922,0,0,0,0
211.289,0.9922,0,0,0,0
211.322,0.9922,0,0,0,0
211.355,0.9922,0,0,0,0
211.390,0.9922,0,0,0,0
211.423,0.9922,0,0,0,0
211.458,0.9922,0,0,0,0
211.489,0.9922,0,0,0,0
211.521,0.9922,0,0,0,0
211.556,0.9922,0,0,0,0
211.592,0.9922,0,0,0,0
211.624,0.9922,0,0,0,0
211.658,0.9922,0,0,0,0
211.690,0.9922,0,0,0,0
211.722,0.9922,0,0,0,0
211.756,0.9922,0,0,0,0
211.791,0.9922,0,0,0,0
211.821,0.9922,0,0,0,0
211.855,0.9922,0,0,0,0
211.890,0.9922,0,0,0,0
211.921,0.9922,0,0,0,0
211.955,0.9922,0,0,0,0
211.991,0.9922,0,0,0,0
212.024,0.9922,0,0,0,0
212.058,0.9922,0,0,0,0
212.092,0.9922,0,0,0,0
212.125,0.9922,0,0,0,0
212.155,0.9922,0,0,0,0
212.192,0.9922,0,0,0,0
212.223,0.9922,0,0,0,0
212.257,0.9922,0,0,0,0
212.287,0.9922,0,0,0,0
212.323,0.9922,0,0,0,0
212.353,0.9922,0,0,0,0
212.395,0.9922,0,0,0,0
212.422,0.9922,0,0,0,0
212.456,0.9922,0,0,0,0
212.488,0.9922,0,0,0,0
212.523,0.9922,0,0,0,0
212.556,0.9922,0,0,0,0
212.592,0.9922,0,0,0,0
212.622,0.9922,0,0,0,0
212.654,0.9922,0,0,0,0
212.688,0.9922,0,0,0,0
212.721,0.9922,0,0,0,0
212.758,0.9922,0,0,0,0
212.788,0.9922,0,0,0,0
212.823,0.9922,0,0,0,0
212.856,0.9922,0,0,0,0
212.890,0.9922,0,0,0,0
212.922,0.9922,0,0,0,0
212.960,0.9922,0,0,0,0
212.987,0.9922,0,0,0,0
213.022,0.9922,0,0,0,0
213.055,0.9922,0,0,0,0
213.091,0.9942,2,5,5,2
213.122,0.9992,2,5,5,2
213.155,1.0000,2,5,5,2
213.189,1.0000,2,5,5,2
213.223,1.0000,2,5,5,2
213.255,1.0000,2,5,5,2
213.288,1.0000,2,5,5,2
213.322,1.0000,2,5,5,2
213.355,1.0000,2,5,5,2
213.387,1.0000,2,5,5,2
213.422,1.0000,2,5,5,2
213.457,1.0000,2,5,5,2
213.489,1.0000,2,5,5,2
213.522,1.0000,2,5,5,2
213.556,1.0000,2,5,5,2
213.589,1.0000,2,5,5,2
213.621,1.0000,2,5,5,2
213.657,1.0000,2,5,5,2
213.688,1.0000,2,5,5,2
213.721,1.0000,2,5,5,2
213.756,1.0000,2,5,5,2
213.789,1.0000,2,5,5,2
213.823,1.0000,2,5,5,2
213.857,1.0000,2,5,5,2
213.889,1.0000,2,5,5,2
213.923,1.0000,2,5,5,2
213.954,1.0000,2,5,5,2
213.991,1.0000,2,5,5,2
214.022,1.0000,2,5,5,2
214.055,0.9987,2,5,5,2
214.088,0.9924,2,5,5,2
214.124,0.9845,2,5,5,2
214.158,0.9818,2,5,5,2
214.190,0.9818,2,5,5,2
214.221,0.9818,2,5,5,2
214.256,0.9818,2,5,5,2
214.289,0.9818,2,5,5,2
214.324,0.9818,2,5,5,2
214.355,0.9818,2,5,5,2
214.391,0.9818,2,5,5,2
214.424,0.9818,2,5,5,2
214.456,0.9818,2,5,5,2
214.490,0.9818,2,5,5,2
214.522,0.9818,2,5,5,2
214.555,0.9818,2,5,5,2
214.587,0.9818,2,5,5,2
214.624,0.9818,2,5,5,2
214.656,0.9818,2,5,5,2
214.691,0.9818,2,5,5,2
214.724,0.9818,2,5,5,2
214.757,0.9818,2,5,5,2
214.789,0.9818,2,5,5,2
214.824,0.9818,2,5,5,2
214.856,0.9818,2,5,5,2
214.887,0.9818,2,5,5,2
214.923,0.9818,2,5,5,2
214.955,0.9818,2,5,5,2
214.988,0.9818,2,5,5,2
215.024,0.9818,2,5,5,2
215.056,0.9818,2,5,5,2
215.092,0.9818,2,5,5,2
215.123,0.9818,2,5,5,2
215.157,0.9818,2,5,5,2
215.189,0.9818,0,0,0,0
215.221,0.9818,0,0,0,0
215.258,0.9818,0,0,0,0
215.291,0.9818,0,0,0,0
215.325,0.9818,0,0,0,0
215.356,0.9818,0,0,0,0
215.389,0.9818,0,0,0,0
215.423,0.9818,0,0,0,0
215.458,0.9818,0,0,0,0
215.490,0.9818,0,0,0,0
215.523,0.9818,0,0,0,0
215.554,0.9818,0,0,0,0
215.588,0.9818,0,0,0,0
215.622,0.9818,0,0,0,0
215.657,0.9820,0,0,0,0
215.688,0.9824,0,0,0,0
215.723,0.9833,0,0,0,0
215.755,0.9844,0,0,0,0
215.792,0.9866,2,5,5,2
215.823,0.9887,2,5,5,2
215.857,0.9910,2,5,5,2
215.891,0.9934,2,5,5,2
215.923,0.9958,2,5,5,2
215.956,0.9983,2,5,5,2
215.990,1.0000,2,5,5,2
216.021,1.0000,2,5,5,2
216.054,1.0000,2,5,5,2
216.089,1.0000,2,5,5,2
216.122,1.0000,2,5,5,2
216.154,1.0000,2,5,5,2
216.190,1.0000,2,5,5,2
216.222,1.0000,2,5,5,2
216.257,1.0000,2,5,5,2
216.291,1.0000,2,5,5,2
216.322,1.0000,2,5,5,2
216.354,1.0000,2,5,5,2
216.391,1.0000,2,5,5,2
216.422,1.0000,2,5,5,2
216.458,1.0000,2,5,5,2
216.487,1.0000,2,5,5,2
216.521,1.0000,2,5,5,2
216.555,1.0000,2,5,5,2
216.590,1.0000,2,5,5,2
216.622,1.0000,2,5,5,2
216.658,1.0000,2,5,5,2
216.689,1.0000,2,5,5,2
216.722,1.0000,2,5,5,2
216.755,1.0000,2,5,5,2
216.791,1.0000,2,5,5,2
216.823,1.0000,2,5,5,2
216.855,1.0000,2,5,5,2
216.890,1.0000,2,5,5,2
216.921,1.0000,2,5,5,2
216.958,1.0000,2,5,5,2
216.992,1.0000,0,0,0,0
217.025,1.0000,0,0,0,0
217.054,1.0000,0,0,0,0
217.090,1.0000,0,0,0,0
217.122,1.0000,0,0,0,0
217.155,1.0000,0,0,0,0
217.189,1.0000,0,0,0,0
217.223,1.0000,0,0,0,0
217.256,1.0000,0,0,0,0
217.290,1.0000,0,0,0,0
217.322,1.0000,0,0,0,0
217.359,1.0000,0,0,0,0
217.387,1.0000,0,0,0,0
217.422,1.0000,0,0,0,0
217.455,1.0000,0,0,0,0
217.488,0.9993,0,0,0,0
217.522,0.9979,0,0,0,0
217.557,0.9962,2,5,5,2
217.591,0.9941,2,5,5,2
217.622,0.9924,2,5,5,2
217.655,0.9913,2,5,5,2
217.689,0.9908,2,5,5,2
217.725,0.9907,2,5,5,2
217.756,0.9907,2,5,5,2
217.789,0.9907,2,5,5,2
217.820,0.9907,2,5,5,2
217.855,0.9907,2,5,5,2
217.888,0.9907,2,5,5,2
217.924,0.9907,2,5,5,2
217.956,0.9907,2,5,5,2
217.988,0.9907,2,5,5,2
218.023,0.9907,2,5,5,2
218.055,0.9907,2,5,5,2
218.089,0.9907,2,5,5,2
218.123,0.9907,2,5,5,2
218.155,0.9907,2,5,5,2
218.189,0.9907,2,5,5,2
218.222,0.9907,2,5,5,2
218.255,0.9907,2,5,5,2
218.289,0.9907,2,5,5,2
218.322,0.9907,2,5,5,2
218.355,0.9907,2,5,5,2
218.389,0.9907,2,5,5,2
218.421,0.9907,2,5,5,2
218.455,0.9907,2,5,5,2
218.491,0.9907,2,5,5,2
218.521,0.9907,2,5,5,2
218.555,0.9907,2,5,5,2
218.590,0.9907,2,5,5,2
218.620,0.9907,2,5,5,2
218.657,0.9907,0,0,0,0
218.688,0.9907,0,0,0,0
218.724,0.9907,0,0,0,0
218.756,0.9907,0,0,0,0
218.789,0.9907,0,0,0,0
218.825,0.9907,0,0,0,0
218.857,0.9907,0,0,0,0
218.890,0.9907,0,0,0,0
218.925,0.9907,0,0,0,0
218.954,0.9907,0,0,0,0
218.990,0.9907,0,0,0,0
219.024,0.9907,0,0,0,0
219.055,0.9907,0,0,0,0
219.088,0.9907,0,0,0,0
219.122,0.9907,0,0,0,0
219.155,0.9907,0,0,0,0
219.191,0.9907,0,0,0,0
219.222,0.9907,0,0,0,0
219.257,0.9907,0,0,0,0
219.288,0.9907,0,0,0,0
219.322,0.9907,0,0,0,0
219.356,0.9907,0,0,0,0
219.391,0.9907,0,0,0,0
219.424,0.9907,0,0,0,0
219.455,0.9907,0,0,0,0
219.490,0.9907,0,0,0,0
219.523,0.9907,0,0,0,0
219.555,0.9907,0,0,0,0
219.589,0.9907,0,0,0,0
219.624,0.9907,0,0,0,0
219.656,0.9907,0,0,0,0
219.688,0.9907,0,0,0,0
219.722,0.9907,0,0,0,0
219.755,0.9907,0,0,0,0
219.788,0.9907,0,0,0,0
219.821,0.9907,0,0,0,0
219.856,0.9908,0,0,0,0
219.890,0.9911,0,0,0,0
219.924,0.9918,0,0,0,0
219.959,0.9924,0,0,0,0
219.990,0.9925,0,0,0,0
220.023,0.9925,0,0,0,0
220.056,0.9925,0,0,0,0
220.090,0.9925,0,0,0,0
220.124,0.9925,0,0,0,0
220.155,0.9925,0,0,0,0
220.189,0.9925,0,0,0,0
220.222,0.9925,0,0,0,0
220.257,0.9925,0,0,0,0
220.287,0.9925,0,0,0,0
220.323,0.9925,0,0,0,0
220.354,0.9925,0,0,0,0
220.392,0.9925,0,0,0,0
220.424,0.9925,0,0,0,0
220.455,0.9925,0,0,0,0
220.489,0.9925,0,0,0,0
220.524,0.9925,0,0,0,0
220.556,0.9925,0,0,0,0
220.589,0.9925,0,0,0,0
220.622,0.9925,0,0,0,0
220.655,0.9925,0,0,0,0
220.690,0.9925,0,0,0,0
220.725,0.9925,0,0,0,0
220.754,0.9925,0,0,0,0
220.790,0.9925,0,0,0,0
220.823,0.9925,0,0,0,0
220.855,0.9925,0,0,0,0
220.887,0.9925,0,0,0,0
220.921,0.9925,0,0,0,0
220.955,0.9925,0,0,0,0
220.990,0.9925,0,0,0,0
221.026,0.9925,0,0,0,0
221.055,0.9925,0,0,0,0
221.090,0.9927,0,0,0,0
221.121,0.9932,0,0,0,0
221.156,0.9938,0,0,0,0
221.192,0.9945,0,0,0,0
221.223,0.9952,0,0,0,0
221.256,0.9957,0,0,0,0
221.289,0.9957,0,0,0,0
221.321,0.9957,0,0,0,0
221.356,0.9957,0,0,0,0
221.390,0.9957,0,0,0,0
221.421,0.9957,0,0,0,0
221.456,0.9957,0,0,0,0
221.489,0.9957,0,0,0,0
221.523,0.9957,0,0,0,0
221.556,0.9957,0,0,0,0
221.588,0.9957,0,0,0,0
221.623,0.9957,0,0,0,0
221.655,0.9957,0,0,0,0
221.689,0.9957,0,0,0,0
221.731,0.9957,0,0,0,0
221.754,0.9957,0,0,0,0
221.790,0.9957,0,0,0,0
221.822,0.9957,0,0,0,0
221.857,0.9958,0,0,0,0
221.889,0.9958,0,0,0,0
221.923,0.9958,0,0,0,0
221.956,0.9958,0,0,0,0
221.987,0.9958,0,0,0,0
222.023,0.9958,0,0,0,0
222.056,0.9957,0,0,0,0
222.089,0.9956,0,0,0,0
222.122,0.9953,0,0,0,0
222.156,0.9949,0,0,0,0
222.188,0.9947,0,0,0,0
222.224,0.9942,0,0,0,0
222.260,0.9937,0,0,0,0
222.293,0.9932,0,0,0,0
222.322,0.9929,0,0,0,0
222.355,0.9924,0,0,0,0
222.388,0.9922,0,0,0,0
222.422,0.9899,2,5,5,2
222.456,0.9874,2,5,5,2
222.489,0.9848,2,5,5,2
222.522,0.9817,2,5,5,2
222.557,0.9790,2,5,5,2
222.588,0.9770,2,5,5,2
222.621,0.9761,2,5,5,2
222.656,0.9759,2,5,5,2
222.689,0.9759,2,5,5,2
222.722,0.9758,2,5,5,2
222.756,0.9757,2,5,5,2
222.788,0.9756,2,5,5,2
222.822,0.9755,2,5,5,2
222.856,0.9747,2,5,5,2
222.891,0.9728,2,5,5,2
222.921,0.9707,2,5,5,2
222.956,0.9682,2,5,5,2
222.989,0.9661,2,5,5,2
223.025,0.9647,2,5,5,2
223.055,0.9639,2,5,5,2
223.089,0.9633,2,5,5,2
223.123,0.9628,2,5,5,2
223.155,0.9625,2,5,5,2
223.190,0.9624,2,5,5,2
223.224,0.9624,2,5,5,2
223.256,0.9624,2,5,5,2
223.287,0.9624,2,5,5,2
223.321,0.9623,2,5,5,2
223.355,0.9632,2,5,5,2
223.390,0.9650,2,5,5,2
223.421,0.9672,2,5,5,2
223.455,0.9701,2,5,5,2
223.487,0.9729,2,5,5,2
223.522,0.9756,2,5,5,2
223.557,0.9779,2,5,5,2
223.589,0.9796,2,5,5,2
223.621,0.9796,2,5,5,2
223.655,0.9796,2,5,5,2
223.690,0.9796,2,5,5,2
223.722,0.9796,2,5,5,2
223.756,0.9796,2,5,5,2
223.790,0.9796,2,5,5,2
223.822,0.9796,2,5,5,2
223.857,0.9796,2,5,5,2
223.888,0.9801,2,5,5,2
223.923,0.9811,2,5,5,2
223.957,0.9821,2,5,5,2
223.991,0.9832,2,5,5,2
224.022,0.9842,2,5,5,2
224.056,0.9853,2,5,5,2
224.090,0.9860,2,5,5,2
224.123,0.9862,2,5,5,2
224.155,0.9862,2,5,5,2
224.190,0.9862,2,5,5,2
224.222,0.9862,2,5,5,2
224.257,0.9862,2,5,5,2
224.289,0.9862,2,5,5,2
224.321,0.9862,2,5,5,2
224.356,0.9862,2,5,5,2
224.389,0.9862,2,5,5,2
224.422,0.9862,2,5,5,2
224.455,0.9862,2,5,5,2
224.490,0.9862,2,5,5,2
224.521,0.9862,2,5,5,2
224.555,0.9862,2,5,5,2
224.589,0.9862,0,0,0,0
224.623,0.9862,0,0,0,0
224.655,0.9862,0,0,0,0
224.690,0.9862,0,0,0,0
224.723,0.9862,0,0,0,0
224.755,0.9862,0,0,0,0
224.790,0.9862,0,0,0,0
224.822,0.9861,0,0,0,0
224.856,0.9861,0,0,0,0
224.890,0.9861,0,0,0,0
224.921,0.9861,0,0,0,0
224.957,0.9861,0,0,0,0
224.990,0.9861,0,0,0,0
225.022,0.9861,0,0,0,0
225.056,0.9861,0,0,0,0
225.090,0.9861,0,0,0,0
225.119,0.9861,0,0,0,0
225.156,0.9861,0,0,0,0
225.189,0.9861,0,0,0,0
225.222,0.9861,0,0,0,0
225.255,0.9861,0,0,0,0
225.290,0.9861,0,0,0,0
225.322,0.9861,0,0,0,0
225.356,0.9861,0,0,0,0
225.389,0.9861,0,0,0,0
225.423,0.9861,0,0,0,0
225.456,0.9861,0,0,0,0
225.492,0.9861,0,0,0,0
225.521,0.9861,0,0,0,0
225.557,0.9861,0,0,0,0
225.589,0.9861,0,0,0,0
225.625,0.9861,0,0,0,0
225.655,0.9861,0,0,0,0
225.689,0.9861,0,0,0,0
225.724,0.9861,0,0,0,0
225.757,0.9861,0,0,0,0
225.787,0.9861,0,0,0,0
225.821,0.9861,0,0,0,0
225.855,0.9861,0,0,0,0
225.891,0.9861,0,0,0,0
225.922,0.9861,0,0,0,0
225.959,0.9861,0,0,0,0
225.989,0.9861,0,0,0,0
226.022,0.9861,0,0,0,0
226.057,0.9861,0,0,0,0
226.089,0.9861,0,0,0,0
226.122,0.9861,0,0,0,0
226.155,0.9861,0,0,0,0
226.190,0.9861,0,0,0,0
226.222,0.9861,0,0,0,0
226.255,0.9861,0,0,0,0
226.289,0.9861,0,0,0,0
226.322,0.9861,0,0,0,0
226.357,0.9861,0,0,0,0
226.387,0.9861,0,0,0,0
226.422,0.9861,0,0,0,0
226.454,0.9861,0,0,0,0
226.489,0.9861,0,0,0,0
226.522,0.9861,0,0,0,0
226.557,0.9861,0,0,0,0
226.589,0.9861,0,0,0,0
226.622,0.9861,0,0,0,0
226.656,0.9861,0,0,0,0
226.689,0.9861,0,0,0,0
226.722,0.9861,0,0,0,0
226.756,0.9861,0,0,0,0
226.790,0.9861,0,0,0,0
226.822,0.9861,0,0,0,0
226.856,0.9861,0,0,0,0
226.889,0.9861,0,0,0,0
226.923,0.9861,0,0,0,0
226.957,0.9861,0,0,0,0
226.988,0.9861,0,0,0,0
227.022,0.9861,0,0,0,0
227.056,0.9861,0,0,0,0
227.089,0.9861,0,0,0,0
227.124,0.9861,0,0,0,0
227.156,0.9861,0,0,0,0
227.189,0.9861,0,0,0,0
227.225,0.9861,0,0,0,0
227.256,0.9861,0,0,0,0
227.288,0.9861,0,0,0,0
227.323,0.9861,0,0,0,0
227.357,0.9861,0,0,0,0
227.391,0.9861,0,0,0,0
227.425,0.9861,0,0,0,0
227.456,0.9861,0,0,0,0
227.488,0.9861,0,0,0,0
227.523,0.9861,0,0,0,0
227.556,0.9861,0,0,0,0
227.590,0.9861,0,0,0,0
227.622,0.9861,0,0,0,0
227.656,0.9861,0,0,0,0
227.690,0.9861,0,0,0,0
227.724,0.9861,0,0,0,0
227.753,0.9861,0,0,0,0
227.790,0.9861,0,0,0,0
227.823,0.9861,0,0,0,0
227.856,0.9861,0,0,0,0
227.889,0.9861,0,0,0,0
227.923,0.9861,0,0,0,0
227.955,0.9861,0,0,0,0
227.989,0.9861,0,0,0,0
228.025,0.9861,0,0,0,0
228.054,0.9861,0,0,0,0
228.091,0.9861,0,0,0,0
228.122,0.9861,0,0,0,0
228.157,0.9861,0,0,0,0
228.189,0.9861,0,0,0,0
228.221,0.9861,0,0,0,0
228.256,0.9861,0,0,0,0
228.290,0.9861,0,0,0,0
228.325,0.9861,0,0,0,0
228.355,0.9861,0,0,0,0
228.390,0.9861,0,0,0,0
228.423,0.9861,0,0,0,0
228.455,0.9861,0,0,0,0
228.490,0.9861,0,0,0,0
228.523,0.9861,0,0,0,0
228.555,0.9861,0,0,0,0
228.588,0.9861,0,0,0,0
228.622,0.9861,0,0,0,0
228.655,0.9861,0,0,0,0
228.692,0.9861,0,0,0,0
228.723,0.9861,0,0,0,0
228.757,0.9861,0,0,0,0
228.788,0.9861,0,0,0,0
228.821,0.9861,0,0,0,0
228.856,0.9861,0,0,0,0
228.890,0.9861,0,0,0,0
228.923,0.9861,0,0,0,0
228.957,0.9861,0,0,0,0
228.990,0.9861,0,0,0,0
229.024,0.9861,0,0,0,0
229.054,0.9861,0,0,0,0
229.090,0.9861,0,0,0,0
229.123,0.9861,0,0,0,0
229.155,0.9861,0,0,0,0
229.189,0.9858,0,0,0,0
229.223,0.9854,0,0,0,0
229.259,0.9848,0,0,0,0
229.291,0.9841,0,0,0,0
229.322,0.9833,0,0,0,0
229.355,0.9825,0,0,0,0
229.389,0.9817,0,0,0,0
229.422,0.9813,0,0,0,0
229.455,0.9813,0,0,0,0
229.489,0.9813,0,0,0,0
229.521,0.9813,0,0,0,0
229.556,0.9813,0,0,0,0
229.589,0.9813,0,0,0,0
229.626,0.9813,0,0,0,0
229.655,0.9813,0,0,0,0
229.688,0.9813,0,0,0,0
229.723,0.9813,0,0,0,0
229.757,0.9813,0,0,0,0
229.789,0.9813,0,0,0,0
229.824,0.9813,0,0,0,0
229.857,0.9813,0,0,0,0
229.889,0.9813,0,0,0,0
229.922,0.9813,0,0,0,0
229.955,0.9813,0,0,0,0
229.992,0.9813,0,0,0,0
230.025,0.9813,0,0,0,0
230.057,0.9813,0,0,0,0
230.090,0.9813,0,0,0,0
230.122,0.9813,0,0,0,0
230.156,0.9813,0,0,0,0
230.188,0.9813,0,0,0,0
230.224,0.9813,0,0,0,0
230.256,0.9813,0,0,0,0
230.288,0.9813,0,0,0,0
230.322,0.9813,0,0,0,0
230.359,0.9813,0,0,0,0
230.388,0.9813,0,0,0,0
230.421,0.9813,0,0,0,0
230.456,0.9813,0,0,0,0
230.488,0.9813,0,0,0,0
230.524,0.9813,0,0,0,0
230.556,0.9813,0,0,0,0
230.589,0.9813,0,0,0,0
230.623,0.9813,0,0,0,0
230.656,0.9813,0,0,0,0
230.690,0.9813,0,0,0,0
230.722,0.9813,0,0,0,0
230.754,0.9813,0,0,0,0
230.787,0.9813,0,0,0,0
230.824,0.9813,0,0,0,0
230.854,0.9813,0,0,0,0
230.887,0.9813,0,0,0,0
230.924,0.9813,0,0,0,0
230.956,0.9813,0,0,0,0
230.988,0.9813,0,0,0,0
231.022,0.9813,0,0,0,0
231.057,0.9813,0,0,0,0
231.088,0.9813,0,0,0,0
231.129,0.9813,0,0,0,0
231.155,0.9813,0,0,0,0
231.188,0.9813,0,0,0,0
231.223,0.9813,0,0,0,0
231.256,0.9813,0,0,0,0
231.290,0.9813,0,0,0,0
231.322,0.9813,0,0,0,0
231.356,0.9813,0,0,0,0
231.390,0.9813,0,0,0,0
231.421,0.9813,0,0,0,0
231.455,0.9813,0,0,0,0
231.492,0.9813,0,0,0,0
231.523,0.9813,0,0,0,0
231.556,0.9813,0,0,0,0
231.589,0.9813,0,0,0,0
231.623,0.9813,0,0,0,0
231.655,0.9813,0,0,0,0
231.688,0.9813,0,0,0,0
231.724,0.9813,0,0,0,0
231.756,0.9813,0,0,0,0
231.790,0.9813,0,0,0,0
231.821,0.9813,0,0,0,0
231.855,0.9813,0,0,0,0
231.890,0.9813,0,0,0,0
231.923,0.9813,0,0,0,0
231.957,0.9813,0,0,0,0
231.988,0.9813,0,0,0,0
232.022,0.9813,0,0,0,0
232.057,0.9813,0,0,0,0
232.089,0.9813,0,0,0,0
232.123,0.9813,0,0,0,0
232.155,0.9813,0,0,0,0
232.189,0.9813,0,0,0,0
232.224,0.9813,0,0,0,0
232.256,0.9813,0,0,0,0
232.291,0.9813,0,0,0,0
232.324,0.9813,0,0,0,0
232.356,0.9813,0,0,0,0
232.391,0.9813,0,0,0,0
232.422,0.9813,0,0,0,0
232.455,0.9813,0,0,0,0
232.490,0.9813,0,0,0,0
232.523,0.9813,0,0,0,0
232.555,0.9813,0,0,0,0
232.589,0.9813,0,0,0,0
232.623,0.9813,0,0,0,0
232.655,0.9813,0,0,0,0
232.688,0.9813,0,0,0,0
232.723,0.9813,0,0,0,0
232.756,0.9813,0,0,0,0
232.789,0.9813,0,0,0,0
232.823,0.9813,0,0,0,0
232.857,0.9813,0,0,0,0
232.889,0.9813,0,0,0,0
232.921,0.9813,0,0,0,0
232.957,0.9813,0,0,0,0
232.990,0.9813,0,0,0,0
233.024,0.9813,0,0,0,0
233.054,0.9813,0,0,0,0
233.088,0.9813,0,0,0,0
233.124,0.9813,0,0,0,0
233.155,0.9813,0,0,0,0
233.190,0.9813,0,0,0,0
233.223,0.9813,0,0,0,0
233.255,0.9813,0,0,0,0
233.290,0.9813,0,0,0,0
233.321,0.9813,0,0,0,0
233.355,0.9813,0,0,0,0
233.390,0.9813,0,0,0,0
233.422,0.9813,0,0,0,0
233.455,0.9813,0,0,0,0
233.489,0.9813,0,0,0,0
233.521,0.9813,0,0,0,0
233.556,0.9813,0,0,0,0
233.588,0.9813,0,0,0,0
233.623,0.9813,0,0,0,0
233.654,0.9813,0,0,0,0
233.690,0.9813,0,0,0,0
233.723,0.9815,0,0,0,0
233.756,0.9817,0,0,0,0
233.788,0.9823,0,0,0,0
233.823,0.9831,0,0,0,0
233.855,0.9838,0,0,0,0
233.889,0.9846,0,0,0,0
233.923,0.9854,0,0,0,0
233.956,0.9862,0,0,0,0
233.988,0.9869,0,0,0,0
234.022,0.9877,0,0,0,0
234.055,0.9885,0,0,0,0
234.090,0.9892,0,0,0,0
234.121,0.9899,0,0,0,0
234.155,0.9906,0,0,0,0
234.189,0.9912,0,0,0,0
234.223,0.9919,0,0,0,0
234.253,0.9924,0,0,0,0
234.290,0.9930,0,0,0,0
234.323,0.9930,0,0,0,0
234.355,0.9930,0,0,0,0
234.390,0.9930,0,0,0,0
234.423,0.9930,0,0,0,0
234.456,0.9930,0,0,0,0
234.491,0.9930,0,0,0,0
234.522,0.9930,0,0,0,0
234.555,0.9930,0,0,0,0
234.588,0.9930,0,0,0,0
234.622,0.9930,0,0,0,0
234.657,0.9930,0,0,0,0
234.688,0.9930,0,0,0,0
234.722,0.9930,0,0,0,0
234.757,0.9930,0,0,0,0
234.788,0.9930,0,0,0,0
234.828,0.9930,0,0,0,0
234.857,0.9930,0,0,0,0
234.888,0.9930,0,0,0,0
234.923,0.9930,0,0,0,0
234.957,0.9930,0,0,0,0
234.990,0.9930,0,0,0,0
235.023,0.9930,0,0,0,0
235.056,0.9930,0,0,0,0
235.091,0.9930,0,0,0,0
235.122,0.9930,0,0,0,0
235.157,0.9930,0,0,0,0
235.190,0.9930,0,0,0,0
235.223,0.9930,0,0,0,0
235.256,0.9930,0,0,0,0
235.289,0.9930,0,0,0,0
235.325,0.9930,0,0,0,0
235.359,0.9930,0,0,0,0
235.388,0.9930,0,0,0,0
235.423,0.9930,0,0,0,0
235.457,0.9930,0,0,0,0
235.488,0.9930,0,0,0,0
235.522,0.9930,0,0,0,0
235.556,0.9930,0,0,0,0
235.592,0.9930,0,0,0,0
235.622,0.9930,0,0,0,0
235.654,0.9930,0,0,0,0
235.688,0.9930,0,0,0,0
235.725,0.9930,0,0,0,0
235.755,0.9930,0,0,0,0
235.788,0.9930,0,0,0,0
235.824,0.9930,0,0,0,0
235.855,0.9930,0,0,0,0
235.889,0.9930,0,0,0,0
235.924,0.9930,0,0,0,0
235.954,0.9930,0,0,0,0
235.989,0.9930,0,0,0,0
236.023,0.9930,0,0,0,0
236.056,0.9930,0,0,0,0
236.090,0.9930,0,0,0,0
236.121,0.9930,0,0,0,0
236.157,0.9930,0,0,0,0
236.190,0.9930,0,0,0,0
236.223,0.9930,0,0,0,0
236.257,0.9930,0,0,0,0
236.290,0.9930,0,0,0,0
236.322,0.9930,0,0,0,0
236.356,0.9930,0,0,0,0
236.390,0.9930,0,0,0,0
236.422,0.9930,0,0,0,0
236.456,0.9930,0,0,0,0
236.489,0.9930,0,0,0,0
236.524,0.9930,0,0,0,0
236.558,0.9930,0,0,0,0
236.591,0.9930,0,0,0,0
236.622,0.9930,0,0,0,0
236.657,0.9930,0,0,0,0
236.690,0.9930,0,0,0,0
236.721,0.9930,0,0,0,0
236.756,0.9930,0,0,0,0
236.789,0.9930,0,0,0,0
236.822,0.9930,0,0,0,0
236.857,0.9930,0,0,0,0
236.889,0.9930,0,0,0,0
236.922,0.9930,0,0,0,0
236.955,0.9930,0,0,0,0
236.990,0.9930,0,0,0,0
237.023,0.9930,0,0,0,0
237.056,0.9930,0,0,0,0
237.091,0.9930,0,0,0,0
237.123,0.9930,0,0,0,0
237.155,0.9930,0,0,0,0
237.190,0.9930,0,0,0,0
237.222,0.9930,0,0,0,0
237.257,0.9930,0,0,0,0
237.292,0.9930,0,0,0,0
237.323,0.9930,0,0,0,0
237.357,0.9930,0,0,0,0
237.389,0.9930,0,0,0,0
237.422,0.9930,0,0,0,0
237.457,0.9930,0,0,0,0
237.489,0.9930,0,0,0,0
237.521,0.9930,0,0,0,0
237.557,0.9930,0,0,0,0
237.589,0.9930,0,0,0,0
237.621,0.9930,0,0,0,0
237.658,0.9930,0,0,0,0
237.687,0.9930,0,0,0,0
237.722,0.9930,0,0,0,0
237.758,0.9930,0,0,0,0
237.790,0.9930,0,0,0,0
237.823,0.9930,0,0,0,0
237.855,0.9930,0,0,0,0
237.889,0.9930,0,0,0,0
237.922,0.9930,0,0,0,0
237.958,0.9930,0,0,0,0
237.989,0.9930,0,0,0,0
238.023,0.9930,0,0,0,0
238.055,0.9930,0,0,0,0
238.088,0.9930,0,0,0,0
238.121,0.9930,0,0,0,0
238.155,0.9930,0,0,0,0
238.189,0.9930,0,0,0,0
238.224,0.9930,0,0,0,0
238.256,0.9930,0,0,0,0
238.289,0.9930,0,0,0,0
238.323,0.9930,0,0,0,0
238.355,0.9930,0,0,0,0
238.389,0.9930,0,0,0,0
238.425,0.9930,0,0,0,0
238.459,0.9930,0,0,0,0
238.489,0.9930,0,0,0,0
238.521,0.9930,0,0,0,0
238.557,0.9930,0,0,0,0
238.588,0.9930,0,0,0,0
238.624,0.9930,0,0,0,0
238.657,0.9930,0,0,0,0
238.688,0.9930,0,0,0,0
238.721,0.9930,0,0,0,0
238.756,0.9930,0,0,0,0
238.790,0.9930,0,0,0,0
238.823,0.9930,0,0,0,0
238.855,0.9930,0,0,0,0
238.892,0.9930,0,0,0,0
238.925,0.9930,0,0,0,0
238.957,0.9930,0,0,0,0
238.989,0.9930,0,0,0,0
239.022,0.9930,0,0,0,0
239.057,0.9930,0,0,0,0
239.090,0.9930,0,0,0,0
239.123,0.9930,0,0,0,0
239.156,0.9930,0,0,0,0
239.189,0.9930,0,0,0,0
239.223,0.9930,0,0,0,0
239.257,0.9930,0,0,0,0
239.288,0.9930,0,0,0,0
239.324,0.9930,0,0,0,0
239.353,0.9930,0,0,0,0
239.390,0.9930,0,0,0,0
239.422,0.9930,0,0,0,0
239.456,0.9930,0,0,0,0
239.488,0.9930,0,0,0,0
239.523,0.9930,0,0,0,0
239.557,0.9930,0,0,0,0
239.588,0.9930,0,0,0,0
239.623,0.9930,0,0,0,0
239.654,0.9930,0,0,0,0
239.690,0.9930,0,0,0,0
239.725,0.9930,0,0,0,0
239.754,0.9930,0,0,0,0
239.787,0.9930,0,0,0,0
239.822,0.9930,0,0,0,0
239.855,0.9930,0,0,0,0
239.889,0.9930,0,0,0,0
239.924,0.9930,0,0,0,0
239.955,0.9930,0,0,0,0
239.989,0.9930,0,0,0,0
240.021,0.9930,0,0,0,0
240.055,0.9930,0,0,0,0
240.088,0.9930,0,0,0,0
240.124,0.9930,0,0,0,0
240.156,0.9930,0,0,0,0
240.190,0.9930,0,0,0,0
240.223,0.9930,0,0,0,0
240.257,0.9930,0,0,0,0
240.291,0.9930,0,0,0,0
240.324,0.9930,0,0,0,0
240.356,0.9930,0,0,0,0
240.389,0.9930,0,0,0,0
240.420,0.9930,0,0,0,0
240.457,0.9930,0,0,0,0
240.488,0.9930,0,0,0,0
240.525,0.9930,0,0,0,0
240.557,0.9930,0,0,0,0
240.589,0.9930,0,0,0,0
240.621,0.9930,0,0,0,0
240.654,0.9930,0,0,0,0
240.692,0.9930,0,0,0,0
240.725,0.9930,0,0,0,0
240.756,0.9930,0,0,0,0
240.790,0.9930,0,0,0,0
240.823,0.9930,0,0,0,0
240.854,0.9930,0,0,0,0
240.892,0.9930,0,0,0,0
240.913,0.9930,0,0,0,0
240.958,0.9930,0,0,0,0
240.991,0.9930,0,0,0,0
241.022,0.9930,0,0,0,0
241.057,0.9930,0,0,0,0
241.097,0.9930,0,0,0,0
241.122,0.9930,0,0,0,0
241.154,0.9930,0,0,0,0
241.188,0.9930,0,0,0,0
241.225,0.9930,0,0,0,0
241.255,0.9930,0,0,0,0
241.292,0.9930,0,0,0,0
241.324,0.9930,0,0,0,0
241.358,0.9930,0,0,0,0
241.391,0.9930,0,0,0,0
241.421,0.9930,0,0,0,0
241.458,0.9930,0,0,0,0
241.491,0.9930,0,0,0,0
241.524,0.9930,0,0,0,0
241.558,0.9930,0,0,0,0
241.591,0.9930,0,0,0,0
241.621,0.9930,0,0,0,0
241.656,0.9930,0,0,0,0
241.691,0.9930,0,0,0,0
241.724,0.9930,0,0,0,0
241.754,0.9930,0,0,0,0
241.788,0.9930,0,0,0,0
241.812,0.9930,0,0,0,0
241.854,0.9930,0,0,0,0
241.889,0.9930,0,0,0,0
241.925,0.9930,0,0,0,0
241.954,0.9930,0,0,0,0
241.989,0.9930,0,0,0,0
242.023,0.9930,0,0,0,0
242.054,0.9930,0,0,0,0
242.092,0.9930,0,0,0,0
242.120,0.9930,0,0,0,0
242.158,0.9930,0,0,0,0
242.191,0.9930,0,0,0,0
242.221,0.9930,0,0,0,0
242.256,0.9930,0,0,0,0
242.288,0.9930,0,0,0,0
242.322,0.9930,0,0,0,0
242.354,0.9930,0,0,0,0
242.389,0.9930,0,0,0,0
242.422,0.9930,0,0,0,0
242.456,0.9930,0,0,0,0
242.489,0.9930,0,0,0,0
242.523,0.9930,0,0,0,0
242.555,0.9930,0,0,0,0
242.589,0.9930,0,0,0,0
242.622,0.9930,0,0,0,0
242.655,0.9930,0,0,0,0
242.693,0.9930,0,0,0,0
242.723,0.9930,0,0,0,0
242.756,0.9930,0,0,0,0
242.800,0.9930,0,0,0,0
242.823,0.9930,0,0,0,0
242.856,0.9930,0,0,0,0
242.888,0.9930,0,0,0,0
242.921,0.9930,0,0,0,0
242.956,0.9930,0,0,0,0
242.990,0.9930,0,0,0,0
243.022,0.9930,0,0,0,0
243.057,0.9930,0,0,0,0
243.089,0.9930,0,0,0,0
243.124,0.9930,0,0,0,0
243.155,0.9930,0,0,0,0
243.190,0.9930,0,0,0,0
243.224,0.9930,0,0,0,0
243.256,0.9930,0,0,0,0
243.290,0.9930,0,0,0,0
243.321,0.9930,0,0,0,0
243.356,0.9930,0,0,0,0
243.390,0.9930,0,0,0,0
243.423,0.9930,0,0,0,0
243.455,0.9930,0,0,0,0
243.490,0.9930,0,0,0,0
243.523,0.9930,0,0,0,0
243.556,0.9930,0,0,0,0
243.588,0.9930,0,0,0,0
243.621,0.9930,0,0,0,0
243.655,0.9930,0,0,0,0
243.690,0.9930,0,0,0,0
243.723,0.9930,0,0,0,0
243.757,0.9930,0,0,0,0
243.789,0.9930,0,0,0,0
243.821,0.9930,0,0,0,0
243.855,0.9930,0,0,0,0
243.890,0.9930,0,0,0,0
243.922,0.9930,0,0,0,0
243.957,0.9930,0,0,0,0
243.989,0.9930,0,0,0,0
244.024,0.9930,0,0,0,0
244.056,0.9930,0,0,0,0
244.089,0.9930,0,0,0,0
244.122,0.9930,0,0,0,0
244.156,0.9930,0,0,0,0
244.190,0.9930,0,0,0,0
244.223,0.9930,0,0,0,0
244.254,0.9930,0,0,0,0
244.290,0.9930,0,0,0,0
244.324,0.9930,0,0,0,0
244.356,0.9930,0,0,0,0
244.389,0.9930,0,0,0,0
244.423,0.9930,0,0,0,0
244.462,0.9930,0,0,0,0
244.487,0.9930,0,0,0,0
244.523,0.9930,0,0,0,0
244.556,0.9930,0,0,0,0
244.590,0.9930,0,0,0,0
244.624,0.9930,0,0,0,0
244.655,0.9930,0,0,0,0
244.690,0.9930,0,0,0,0
244.724,0.9930,0,0,0,0
244.757,0.9930,0,0,0,0
244.788,0.9930,0,0,0,0
244.822,0.9930,0,0,0,0
244.857,0.9930,0,0,0,0
244.890,0.9930,0,0,0,0
244.923,0.9930,0,0,0,0
244.956,0.9930,0,0,0,0
244.991,0.9930,0,0,0,0
245.022,0.9930,0,0,0,0
245.058,0.9930,0,0,0,0
245.089,0.9930,0,0,0,0
245.123,0.9930,0,0,0,0
245.156,0.9930,0,0,0,0
245.190,0.9930,0,0,0,0
245.221,0.9930,0,0,0,0
245.257,0.9930,0,0,0,0
245.288,0.9930,0,0,0,0
245.321,0.9930,0,0,0,0
245.356,0.9930,0,0,0,0
245.387,0.9930,0,0,0,0
245.424,0.9930,0,0,0,0
245.456,0.9930,0,0,0,0
245.489,0.9930,0,0,0,0
245.524,0.9930,0,0,0,0
245.555,0.9930,0,0,0,0
245.589,0.9930,0,0,0,0
245.623,0.9930,0,0,0,0
245.658,0.9930,0,0,0,0
245.690,0.9930,0,0,0,0
245.722,0.9930,0,0,0,0
245.755,0.9930,0,0,0,0
245.788,0.9930,0,0,0,0
245.821,0.9930,0,0,0,0
245.856,0.9930,0,0,0,0
245.890,0.9930,0,0,0,0
245.924,0.9930,0,0,0,0
245.956,0.9930,0,0,0,0
245.988,0.9930,0,0,0,0
246.023,0.9930,0,0,0,0
246.057,0.9930,0,0,0,0
246.090,0.9930,0,0,0,0
246.124,0.9930,0,0,0,0
246.156,0.9930,0,0,0,0
246.189,0.9930,0,0,0,0
246.223,0.9930,0,0,0,0
246.255,0.9930,0,0,0,0
246.289,0.9930,0,0,0,0
246.323,0.9930,0,0,0,0
246.357,0.9930,0,0,0,0
246.390,0.9930,0,0,0,0
246.426,0.9930,0,0,0,0
246.454,0.9930,0,0,0,0
246.490,0.9930,0,0,0,0
246.522,0.9930,0,0,0,0
246.556,0.9930,0,0,0,0
246.589,0.9930,0,0,0,0
246.622,0.9930,0,0,0,0
246.657,0.9930,0,0,0,0
246.690,0.9930,0,0,0,0
246.724,0.9930,0,0,0,0
246.753,0.9930,0,0,0,0
246.790,0.9930,0,0,0,0
246.823,0.9930,0,0,0,0
246.856,0.9930,0,0,0,0
246.890,0.9930,0,0,0,0
246.922,0.9930,0,0,0,0
246.957,0.9930,0,0,0,0
246.988,0.9930,0,0,0,0
247.022,0.9930,0,0,0,0
247.056,0.9930,0,0,0,0
247.089,0.9930,0,0,0,0
247.121,0.9930,0,0,0,0
247.155,0.9930,0,0,0,0
247.188,0.9930,0,0,0,0
247.224,0.9930,0,0,0,0
247.256,0.9930,0,0,0,0
247.288,0.9930,0,0,0,0
247.323,0.9930,0,0,0,0
247.357,0.9930,0,0,0,0
247.390,0.9930,0,0,0,0
247.422,0.9930,0,0,0,0
247.460,0.9930,0,0,0,0
247.489,0.9930,0,0,0,0
247.523,0.9930,0,0,0,0
247.559,0.9930,0,0,0,0
247.589,0.9930,0,0,0,0
247.622,0.9930,0,0,0,0
247.654,0.9930,0,0,0,0
247.688,0.9930,0,0,0,0
247.724,0.9930,0,0,0,0
247.755,0.9930,0,0,0,0
247.790,0.9930,0,0,0,0
247.824,0.9930,0,0,0,0
247.855,0.9930,0,0,0,0
247.890,0.9930,0,0,0,0
247.922,0.9931,0,0,0,0
247.955,0.9931,0,0,0,0
247.990,0.9931,0,0,0,0
248.023,0.9931,0,0,0,0
248.057,0.9931,0,0,0,0
248.090,0.9931,0,0,0,0
248.123,0.9931,0,0,0,0
248.153,0.9931,0,0,0,0
248.189,0.9931,0,0,0,0
248.222,0.9931,0,0,0,0
248.255,0.9931,0,0,0,0
248.285,0.9931,0,0,0,0
248.322,0.9931,0,0,0,0
248.358,0.9931,0,0,0,0
248.390,0.9931,0,0,0,0
248.422,0.9931,0,0,0,0
248.455,0.9931,0,0,0,0
248.490,0.9931,0,0,0,0
248.524,0.9931,0,0,0,0
248.557,0.9931,0,0,0,0
248.590,0.9931,0,0,0,0
248.623,0.9931,0,0,0,0
248.657,0.9931,0,0,0,0
248.690,0.9931,0,0,0,0
248.724,0.9931,0,0,0,0
248.755,0.9931,0,0,0,0
248.788,0.9931,0,0,0,0
248.825,0.9931,0,0,0,0
248.857,0.9931,0,0,0,0
248.890,0.9931,0,0,0,0
248.922,0.9931,0,0,0,0
248.956,0.9931,0,0,0,0
248.989,0.9931,0,0,0,0
249.024,0.9931,0,0,0,0
249.056,0.9931,0,0,0,0
249.090,0.9931,0,0,0,0
249.123,0.9931,0,0,0,0
249.156,0.9931,0,0,0,0
249.189,0.9931,0,0,0,0
249.224,0.9931,0,0,0,0
249.257,0.9931,0,0,0,0
249.290,0.9931,0,0,0,0
249.321,0.9931,0,0,0,0
249.356,0.9931,0,0,0,0
249.390,0.9931,0,0,0,0
249.422,0.9931,0,0,0,0
249.455,0.9931,0,0,0,0
249.490,0.9931,0,0,0,0
249.524,0.9931,0,0,0,0
249.556,0.9931,0,0,0,0
249.589,0.9931,0,0,0,0
249.621,0.9931,0,0,0,0
249.657,0.9931,0,0,0,0
249.690,0.9931,0,0,0,0
249.721,0.9931,0,0,0,0
249.757,0.9931,0,0,0,0
249.789,0.9931,0,0,0,0
249.822,0.9931,0,0,0,0
249.855,0.9931,0,0,0,0
249.890,0.9931,0,0,0,0
249.922,0.9931,0,0,0,0
249.954,0.9931,0,0,0,0
249.990,0.9931,0,0,0,0
250.022,0.9931,0,0,0,0
250.055,0.9931,0,0,0,0
250.089,0.9931,0,0,0,0
250.123,0.9931,0,0,0,0
250.156,0.9931,0,0,0,0
250.189,0.9931,0,0,0,0
250.223,0.9931,0,0,0,0
250.255,0.9931,0,0,0,0
250.290,0.9931,0,0,0,0
250.323,0.9931,0,0,0,0
250.357,0.9931,0,0,0,0
250.390,0.9931,0,0,0,0
250.422,0.9931,0,0,0,0
250.456,0.9931,0,0,0,0
250.488,0.9931,0,0,0,0
250.523,0.9931,0,0,0,0
250.555,0.9931,0,0,0,0
250.590,0.9931,0,0,0,0
250.621,0.9931,0,0,0,0
250.655,0.9931,0,0,0,0
250.688,0.9931,0,0,0,0
250.724,0.9931,0,0,0,0
250.755,0.9931,0,0,0,0
250.798,0.9931,0,0,0,0
250.822,0.9931,0,0,0,0
250.854,0.9931,0,0,0,0
250.888,0.9931,0,0,0,0
250.922,0.9931,0,0,0,0
250.956,0.9931,0,0,0,0
250.990,0.9931,0,0,0,0
251.024,0.9931,0,0,0,0
251.057,0.9931,0,0,0,0
251.088,0.9931,0,0,0,0
251.122,0.9931,0,0,0,0
251.157,0.9931,0,0,0,0
251.189,0.9931,0,0,0,0
251.222,0.9931,0,0,0,0
251.255,0.9931,0,0,0,0
251.288,0.9931,0,0,0,0
251.321,0.9931,0,0,0,0
251.355,0.9931,0,0,0,0
251.388,0.9931,0,0,0,0
251.423,0.9931,0,0,0,0
251.455,0.9931,0,0,0,0
251.489,0.9931,0,0,0,0
251.524,0.9931,0,0,0,0
251.555,0.9931,0,0,0,0
251.591,0.9931,0,0,0,0
251.623,0.9931,0,0,0,0
251.655,0.9931,0,0,0,0
251.690,0.9931,0,0,0,0
251.723,0.9931,0,0,0,0
251.755,0.9931,0,0,0,0
251.789,0.9931,0,0,0,0
251.823,0.9931,0,0,0,0
251.857,0.9931,0,0,0,0
251.889,0.9931,0,0,0,0
251.923,0.9931,0,0,0,0
251.957,0.9931,0,0,0,0
251.989,0.9931,0,0,0,0
252.023,0.9931,0,0,0,0
252.057,0.9931,0,0,0,0
252.090,0.9931,0,0,0,0
252.122,0.9931,0,0,0,0
252.154,0.9931,0,0,0,0
252.189,0.9931,0,0,0,0
252.221,0.9931,0,0,0,0
252.257,0.9931,0,0,0,0
252.290,0.9931,0,0,0,0
252.324,0.9931,0,0,0,0
252.356,0.9931,0,0,0,0
252.389,0.9931,0,0,0,0
252.423,0.9931,0,0,0,0
252.456,0.9931,0,0,0,0
252.498,0.9931,0,0,0,0
252.524,0.9931,0,0,0,0
252.555,0.9931,0,0,0,0
252.590,0.9931,0,0,0,0
252.621,0.9931,0,0,0,0
252.656,0.9931,0,0,0,0
252.689,0.9931,0,0,0,0
252.724,0.9931,0,0,0,0
252.757,0.9931,0,0,0,0
252.791,0.9931,0,0,0,0
252.822,0.9931,0,0,0,0
252.857,0.9931,0,0,0,0
252.889,0.9931,0,0,0,0
252.922,0.9931,0,0,0,0
252.957,0.9931,0,0,0,0
252.990,0.9931,0,0,0,0
253.022,0.9931,0,0,0,0
253.057,0.9931,0,0,0,0
253.089,0.9931,0,0,0,0
253.120,0.9931,0,0,0,0
253.155,0.9931,0,0,0,0
253.189,0.9931,0,0,0,0
253.222,0.9931,0,0,0,0
253.257,0.9931,0,0,0,0
253.288,0.9931,0,0,0,0
253.322,0.9931,0,0,0,0
253.354,0.9931,0,0,0,0
253.389,0.9931,0,0,0,0
253.424,0.9931,0,0,0,0
253.457,0.9931,0,0,0,0
253.489,0.9931,0,0,0,0
253.521,0.9931,0,0,0,0
253.557,0.9931,0,0,0,0
253.590,0.9931,0,0,0,0
253.622,0.9931,0,0,0,0
253.656,0.9931,0,0,0,0
253.689,0.9931,0,0,0,0
253.722,0.9931,0,0,0,0
253.755,0.9931,0,0,0,0
253.790,0.9931,0,0,0,0
253.823,0.9931,0,0,0,0
253.856,0.9931,0,0,0,0
253.891,0.9931,0,0,0,0
253.921,0.9931,0,0,0,0
253.957,0.9931,0,0,0,0
253.990,0.9931,0,0,0,0
254.024,0.9931,0,0,0,0
254.055,0.9931,0,0,0,0
254.089,0.9931,0,0,0,0
254.123,0.9931,0,0,0,0
254.155,0.9931,0,0,0,0
254.188,0.9931,0,0,0,0
254.224,0.9931,0,0,0,0
254.255,0.9931,0,0,0,0
254.290,0.9931,0,0,0,0
254.322,0.9931,0,0,0,0
254.356,0.9931,0,0,0,0
254.389,0.9931,0,0,0,0
254.423,0.9931,0,0,0,0
254.456,0.9931,0,0,0,0
254.489,0.9931,0,0,0,0
254.523,0.9931,0,0,0,0
254.556,0.9931,0,0,0,0
254.589,0.9931,0,0,0,0
254.624,0.9931,0,0,0,0
254.657,0.9931,0,0,0,0
254.690,0.9931,0,0,0,0
254.724,0.9931,0,0,0,0
254.756,0.9931,0,0,0,0
254.789,0.9931,0,0,0,0
254.824,0.9931,0,0,0,0
254.857,0.9931,0,0,0,0
254.889,0.9931,0,0,0,0
254.922,0.9931,0,0,0,0
254.955,0.9931,0,0,0,0
254.989,0.9931,0,0,0,0
255.022,0.9931,0,0,0,0
255.056,0.9931,0,0,0,0
255.087,0.9931,0,0,0,0
255.124,0.9931,0,0,0,0
255.160,0.9931,0,0,0,0
255.188,0.9931,0,0,0,0
255.221,0.9931,0,0,0,0
255.253,0.9931,0,0,0,0
255.290,0.9931,0,0,0,0
255.322,0.9931,0,0,0,0
255.359,0.9931,0,0,0,0
255.388,0.9931,0,0,0,0
255.423,0.9931,0,0,0,0
255.456,0.9931,0,0,0,0
255.490,0.9931,0,0,0,0
255.523,0.9931,0,0,0,0
255.556,0.9931,0,0,0,0
255.589,0.9931,0,0,0,0
255.623,0.9931,0,0,0,0
255.656,0.9931,0,0,0,0
255.690,0.9931,0,0,0,0
255.722,0.9931,0,0,0,0
255.756,0.9931,0,0,0,0
255.788,0.9931,0,0,0,0
255.823,0.9931,0,0,0,0
255.853,0.9931,0,0,0,0
255.889,0.9931,0,0,0,0
255.922,0.9931,0,0,0,0
255.955,0.9931,0,0,0,0
255.992,0.9931,0,0,0,0
256.022,0.9931,0,0,0,0
256.055,0.9931,0,0,0,0
256.088,0.9931,0,0,0,0
256.121,0.9931,0,0,0,0
256.155,0.9931,0,0,0,0
256.188,0.9931,0,0,0,0
256.223,0.9931,0,0,0,0
256.255,0.9931,0,0,0,0
256.288,0.9931,0,0,0,0
256.321,0.9931,0,0,0,0
256.359,0.9931,0,0,0,0
256.390,0.9931,0,0,0,0
256.424,0.9931,0,0,0,0
256.458,0.9931,0,0,0,0
256.491,0.9931,0,0,0,0
256.523,0.9931,0,0,0,0
256.554,0.9931,0,0,0,0
256.589,0.9931,0,0,0,0
256.623,0.9931,0,0,0,0
256.658,0.9931,0,0,0,0
256.689,0.9931,0,0,0,0
256.723,0.9931,0,0,0,0
256.754,0.9931,0,0,0,0
256.792,0.9931,0,0,0,0
256.820,0.9931,0,0,0,0
256.855,0.9931,0,0,0,0
256.890,0.9931,0,0,0,0
256.922,0.9931,0,0,0,0
256.955,0.9931,0,0,0,0
256.987,0.9931,0,0,0,0
257.021,0.9931,0,0,0,0
257.055,0.9931,0,0,0,0
257.090,0.9931,0,0,0,0
257.123,0.9931,0,0,0,0
257.156,0.9931,0,0,0,0
257.187,0.9931,0,0,0,0
257.224,0.9931,0,0,0,0
257.258,0.9931,0,0,0,0
257.287,0.9931,0,0,0,0
257.320,0.9931,0,0,0,0
257.355,0.9931,0,0,0,0
257.391,0.9931,0,0,0,0
257.424,0.9931,0,0,0,0
257.455,0.9931,0,0,0,0
257.488,0.9931,0,0,0,0
257.523,0.9931,0,0,0,0
257.555,0.9931,0,0,0,0
257.588,0.9931,0,0,0,0
257.624,0.9931,0,0,0,0
257.655,0.9931,0,0,0,0
257.691,0.9931,0,0,0,0
257.723,0.9931,0,0,0,0
257.755,0.9931,0,0,0,0
257.791,0.9931,0,0,0,0
257.826,0.9931,0,0,0,0
257.860,0.9931,0,0,0,0
257.893,0.9931,0,0,0,0
257.928,0.9931,0,0,0,0
257.958,0.9931,0,0,0,0
257.990,0.9931,0,0,0,0
258.022,0.9931,0,0,0,0
258.058,0.9931,0,0,0,0
258.091,0.9931,0,0,0,0
258.123,0.9931,0,0,0,0
258.154,0.9931,0,0,0,0
258.187,0.9931,0,0,0,0
258.221,0.9931,0,0,0,0
258.255,0.9931,0,0,0,0
258.289,0.9931,0,0,0,0
258.325,0.9931,0,0,0,0
258.355,0.9931,0,0,0,0
258.389,0.9931,0,0,0,0
258.423,0.9931,0,0,0,0
258.454,0.9931,0,0,0,0
258.478,0.9931,0,0,0,0
258.522,0.9931,0,0,0,0
258.554,0.9931,0,0,0,0
258.588,0.9931,0,0,0,0
258.625,0.9931,0,0,0,0
258.657,0.9931,0,0,0,0
258.690,0.9931,0,0,0,0
258.722,0.9931,0,0,0,0
258.757,0.9931,0,0,0,0
258.791,0.9931,0,0,0,0
258.822,0.9931,0,0,0,0
258.859,0.9931,0,0,0,0
258.892,0.9931,0,0,0,0
258.925,0.9931,0,0,0,0
258.954,0.9931,0,0,0,0
258.987,0.9931,0,0,0,0
259.023,0.9931,0,0,0,0
259.058,0.9931,0,0,0,0
259.088,0.9931,0,0,0,0
259.122,0.9931,0,0,0,0
259.155,0.9931,0,0,0,0
259.191,0.9931,0,0,0,0
259.225,0.9931,0,0,0,0
259.256,0.9931,0,0,0,0
259.291,0.9931,0,0,0,0
259.326,0.9931,0,0,0,0
259.359,0.9931,0,0,0,0
259.393,0.9931,0,0,0,0
259.425,0.9931,0,0,0,0
259.456,0.9931,0,0,0,0
259.488,0.9931,0,0,0,0
259.524,0.9931,0,0,0,0
259.555,0.9931,0,0,0,0
259.589,0.9931,0,0,0,0
259.621,0.9931,0,0,0,0
259.657,0.9931,0,0,0,0
259.690,0.9931,0,0,0,0
259.723,0.9931,0,0,0,0
259.757,0.9931,0,0,0,0
259.790,0.9931,0,0,0,0
259.822,0.9931,0,0,0,0
259.855,0.9931,0,0,0,0
259.888,0.9931,0,0,0,0
259.922,0.9931,0,0,0,0
259.954,0.9931,0,0,0,0
259.988,0.9931,0,0,0,0
260.022,0.9931,0,0,0,0
260.053,0.9931,0,0,0,0
260.087,0.9931,0,0,0,0
260.121,0.9931,0,0,0,0
260.158,0.9931,0,0,0,0
260.188,0.9931,0,0,0,0
260.221,0.9931,0,0,0,0
260.259,0.9931,0,0,0,0
260.288,0.9931,0,0,0,0
260.322,0.9931,0,0,0,0
260.356,0.9931,0,0,0,0
260.388,0.9931,0,0,0,0
260.422,0.9931,0,0,0,0
260.457,0.9931,0,0,0,0
260.490,0.9931,0,0,0,0
260.523,0.9931,0,0,0,0
260.556,0.9931,0,0,0,0
260.588,0.9931,0,0,0,0
260.625,0.9931,0,0,0,0
260.655,0.9931,0,0,0,0
260.690,0.9931,0,0,0,0
260.722,0.9931,0,0,0,0
260.758,0.9931,0,0,0,0
260.792,0.9931,0,0,0,0
260.820,0.9931,0,0,0,0
260.856,0.9931,0,0,0,0
260.890,0.9931,0,0,0,0
260.922,0.9931,0,0,0,0
260.956,0.9931,0,0,0,0
260.990,0.9931,0,0,0,0
261.021,0.9931,0,0,0,0
261.058,0.9931,0,0,0,0
261.089,0.9931,0,0,0,0
261.123,0.9931,0,0,0,0
261.154,0.9931,0,0,0,0
261.188,0.9931,0,0,0,0
261.225,0.9931,0,0,0,0
261.254,0.9931,0,0,0,0
261.289,0.9931,0,0,0,0
261.326,0.9931,0,0,0,0
261.357,0.9931,0,0,0,0
261.387,0.9931,0,0,0,0
261.420,0.9931,0,0,0,0
261.456,0.9931,0,0,0,0
261.489,0.9931,0,0,0,0
261.522,0.9931,0,0,0,0
261.559,0.9931,0,0,0,0
261.589,0.9931,0,0,0,0
261.624,0.9931,0,0,0,0
261.656,0.9931,0,0,0,0
261.688,0.9931,0,0,0,0
261.723,0.9931,0,0,0,0
261.757,0.9931,0,0,0,0
261.791,0.9931,0,0,0,0
261.825,0.9931,0,0,0,0
261.855,0.9931,0,0,0,0
261.888,0.9931,0,0,0,0
261.920,0.9931,0,0,0,0
261.956,0.9931,0,0,0,0
261.988,0.9931,0,0,0,0
262.020,0.9931,0,0,0,0
262.055,0.9931,0,0,0,0
262.090,0.9931,0,0,0,0
262.125,0.9931,0,0,0,0
262.154,0.9931,0,0,0,0
262.189,0.9915,2,5,5,2
262.221,0.9898,2,5,5,2
262.256,0.9876,2,5,5,2
262.288,0.9853,2,5,5,2
262.323,0.9853,2,5,5,2
262.354,0.9853,2,5,5,2
262.390,0.9853,2,5,5,2
262.422,0.9853,2,5,5,2
262.457,0.9853,2,5,5,2
262.488,0.9853,2,5,5,2
262.528,0.9853,2,5,5,2
262.556,0.9853,2,5,5,2
262.585,0.9853,2,5,5,2
262.621,0.9853,2,5,5,2
262.656,0.9853,2,5,5,2
262.688,0.9853,2,5,5,2
262.720,0.9853,2,5,5,2
262.757,0.9853,2,5,5,2
262.789,0.9853,2,5,5,2
262.822,0.9853,2,5,5,2
262.856,0.9853,2,5,5,2
262.890,0.9853,2,5,5,2
262.923,0.9853,2,5,5,2
262.954,0.9853,2,5,5,2
262.988,0.9853,2,5,5,2
263.025,0.9853,2,5,5,2
263.056,0.9853,2,5,5,2
263.089,0.9858,2,5,5,2
263.123,0.9865,2,5,5,2
263.155,0.9872,2,5,5,2
263.191,0.9879,2,5,5,2
263.226,0.9879,2,5,5,2
263.253,0.9879,2,5,5,2
263.289,0.9879,0,0,0,0
263.321,0.9879,0,0,0,0
263.355,0.9879,0,0,0,0
263.388,0.9879,0,0,0,0
263.421,0.9879,0,0,0,0
263.455,0.9879,0,0,0,0
263.488,0.9879,0,0,0,0
263.520,0.9879,0,0,0,0
263.544,0.9879,0,0,0,0
263.587,0.9879,0,0,0,0
263.623,0.9879,0,0,0,0
263.654,0.9879,0,0,0,0
263.690,0.9879,0,0,0,0
263.722,0.9879,0,0,0,0
263.754,0.9879,0,0,0,0
263.788,0.9879,0,0,0,0
263.821,0.9879,0,0,0,0
263.859,0.9879,0,0,0,0
263.889,0.9879,0,0,0,0
263.921,0.9879,0,0,0,0
263.957,0.9879,0,0,0,0
263.991,0.9879,0,0,0,0
264.023,0.9879,0,0,0,0
264.055,0.9879,0,0,0,0
264.089,0.9879,0,0,0,0
264.123,0.9879,0,0,0,0
264.158,0.9879,0,0,0,0
264.187,0.9879,0,0,0,0
264.223,0.9879,0,0,0,0
264.256,0.9879,0,0,0,0
264.288,0.9879,0,0,0,0
264.320,0.9879,0,0,0,0
264.354,0.9879,0,0,0,0
264.389,0.9879,0,0,0,0
264.421,0.9879,0,0,0,0
264.455,0.9879,0,0,0,0
264.487,0.9879,0,0,0,0
264.520,0.9881,0,0,0,0
264.556,0.9884,0,0,0,0
264.594,0.9890,0,0,0,0
264.621,0.9894,0,0,0,0
264.656,0.9900,0,0,0,0
264.691,0.9906,0,0,0,0
264.724,0.9912,0,0,0,0
264.757,0.9918,0,0,0,0
264.789,0.9924,0,0,0,0
264.821,0.9931,0,0,0,0
264.856,0.9938,0,0,0,0
264.887,0.9946,0,0,0,0
264.921,0.9954,0,0,0,0
264.956,0.9964,0,0,0,0
264.990,0.9973,0,0,0,0
265.022,0.9981,0,0,0,0
265.055,0.9989,0,0,0,0
265.089,0.9998,0,0,0,0
265.124,1.0000,0,0,0,0
265.158,1.0000,0,0,0,0
265.192,1.0000,0,0,0,0
265.221,1.0000,0,0,0,0
265.257,1.0000,0,0,0,0
265.290,1.0000,0,0,0,0
265.325,1.0000,0,0,0,0
265.356,1.0000,0,0,0,0
265.388,1.0000,0,0,0,0
265.425,1.0000,0,0,0,0
265.447,1.0000,0,0,0,0
265.492,0.9960,2,5,5,2
265.524,0.9925,2,5,5,2
265.555,0.9906,2,5,5,2
265.592,0.9897,2,5,5,2
265.621,0.9895,2,5,5,2
265.657,0.9896,2,5,5,2
265.692,0.9893,2,5,5,2
265.725,0.9884,2,5,5,2
265.757,0.9861,2,5,5,2
265.792,0.9850,2,5,5,2
265.825,0.9848,2,5,5,2
265.856,0.9849,2,5,5,2
265.891,0.9845,2,5,5,2
265.923,0.9822,2,5,5,2
265.957,0.9811,2,5,5,2
265.987,0.9810,2,5,5,2
266.021,0.9808,2,5,5,2
266.057,0.9807,2,5,5,2
266.093,0.9805,2,5,5,2
266.125,0.9804,2,5,5,2
266.156,0.9803,2,5,5,2
266.191,0.9803,2,5,5,2
266.222,0.9802,2,5,5,2
266.255,0.9801,2,5,5,2
266.290,0.9801,2,5,5,2
266.322,0.9801,2,5,5,2
266.349,0.9801,2,5,5,2
266.387,0.9801,2,5,5,2
266.423,0.9801,2,5,5,2
266.456,0.9801,2,5,5,2
266.489,0.9801,2,5,5,2
266.522,0.9800,2,5,5,2
266.558,0.9799,2,5,5,2
266.591,0.9798,2,5,5,2
266.624,0.9796,2,5,5,2
266.659,0.9794,2,5,5,2
266.692,0.9794,2,5,5,2
266.724,0.9794,2,5,5,2
266.754,0.9794,2,5,5,2
266.788,0.9793,2,5,5,2
266.820,0.9792,2,5,5,2
266.854,0.9792,2,5,5,2
266.888,0.9792,2,5,5,2
266.921,0.9793,2,5,5,2
266.956,0.9793,0,0,0,0
266.989,0.9793,0,0,0,0
267.022,0.9793,0,0,0,0
267.056,0.9793,0,0,0,0
267.091,0.9794,0,0,0,0
267.122,0.9795,0,0,0,0
267.155,0.9796,0,0,0,0
267.187,0.9796,0,0,0,0
267.217,0.9798,0,0,0,0
267.256,0.9799,0,0,0,0
267.288,0.9800,0,0,0,0
267.322,0.9801,0,0,0,0
267.355,0.9803,0,0,0,0
267.388,0.9803,0,0,0,0
267.422,0.9801,0,0,0,0
267.456,0.9813,0,0,0,0
267.491,0.9818,0,0,0,0
267.522,0.9828,0,0,0,0
267.556,0.9837,0,0,0,0
267.587,0.9842,0,0,0,0
267.624,0.9851,0,0,0,0
267.656,0.9860,0,0,0,0
267.691,0.9864,0,0,0,0
267.723,0.9873,0,0,0,0
267.756,0.9894,2,5,5,2
267.791,0.9911,2,5,5,2
267.825,0.9943,2,5,5,2
267.855,0.9966,2,5,5,2
267.888,0.9983,2,5,5,2
267.921,0.9995,2,5,5,2
267.954,1.0000,2,5,5,2
267.991,1.0000,2,5,5,2
268.024,1.0000,2,5,5,2
268.055,1.0000,2,5,5,2
268.088,1.0000,2,5,5,2
268.122,1.0000,2,5,5,2
268.156,1.0000,2,5,5,2
268.188,1.0000,2,5,5,2
268.222,1.0000,2,5,5,2
268.255,0.9971,2,5,5,2
268.291,0.9948,2,5,5,2
268.325,0.9894,2,5,5,2
268.354,0.9834,2,5,5,2
268.389,0.9802,2,5,5,2
268.423,0.9771,2,5,5,2
268.457,0.9772,2,5,5,2
268.491,0.9772,2,5,5,2
268.521,0.9772,2,5,5,2
268.554,0.9774,2,5,5,2
268.588,0.9775,2,5,5,2
268.623,0.9778,2,5,5,2
268.658,0.9780,2,5,5,2
268.689,0.9780,2,5,5,2
268.721,0.9781,2,5,5,2
268.754,0.9782,2,5,5,2
268.788,0.9783,2,5,5,2
268.821,0.9785,2,5,5,2
268.855,0.9788,2,5,5,2
268.883,0.9789,2,5,5,2
268.925,0.9792,2,5,5,2
268.952,0.9794,2,5,5,2
268.989,0.9792,2,5,5,2
269.013,0.9794,2,5,5,2
269.054,0.9795,2,5,5,2
269.088,0.9797,2,5,5,2
269.121,0.9800,2,5,5,2
269.155,0.9804,2,5,5,2
269.187,0.9805,2,5,5,2
269.223,0.9809,2,5,5,2
269.256,0.9812,2,5,5,2
269.286,0.9813,2,5,5,2
269.320,0.9816,2,5,5,2
269.358,0.9819,2,5,5,2
269.391,0.9820,2,5,5,2
269.423,0.9823,2,5,5,2
269.455,0.9827,0,0,0,0
269.489,0.9834,0,0,0,0
269.522,0.9848,0,0,0,0
269.557,0.9862,0,0,0,0
269.588,0.9868,0,0,0,0
269.621,0.9880,0,0,0,0
269.658,0.9890,0,0,0,0
269.688,0.9894,0,0,0,0
269.720,0.9902,0,0,0,0
269.755,0.9908,0,0,0,0
269.788,0.9911,0,0,0,0
269.821,0.9915,0,0,0,0
269.856,0.9920,0,0,0,0
269.888,0.9922,0,0,0,0
269.916,0.9926,0,0,0,0
269.956,0.9930,0,0,0,0
269.989,0.9933,0,0,0,0
270.023,0.9939,0,0,0,0
270.055,0.9943,0,0,0,0
270.088,0.9946,0,0,0,0
270.120,0.9949,0,0,0,0
270.156,0.9953,0,0,0,0
270.187,0.9956,0,0,0,0
270.225,0.9960,0,0,0,0
270.254,0.9963,0,0,0,0
270.288,0.9965,0,0,0,0
270.325,0.9969,0,0,0,0
270.357,0.9973,0,0,0,0
270.391,0.9975,0,0,0,0
270.424,0.9978,0,0,0,0
270.456,0.9980,0,0,0,0
270.487,0.9981,0,0,0,0
270.523,0.9983,0,0,0,0
270.556,0.9985,0,0,0,0
270.591,0.9985,0,0,0,0
270.624,0.9986,0,0,0,0
270.658,0.9987,0,0,0,0
270.687,0.9987,0,0,0,0
270.724,0.9987,0,0,0,0
270.756,0.9987,0,0,0,0
270.786,0.9988,0,0,0,0
270.824,0.9989,0,0,0,0
270.856,0.9989,0,0,0,0
270.889,0.9990,0,0,0,0
270.924,0.9991,0,0,0,0
270.956,0.9992,0,0,0,0
270.987,0.9993,0,0,0,0
271.025,0.9994,0,0,0,0
271.055,0.9994,0,0,0,0
271.090,0.9995,0,0,0,0
271.122,0.9996,0,0,0,0
271.155,0.9997,0,0,0,0
271.190,0.9998,0,0,0,0
271.224,0.9999,0,0,0,0
271.258,1.0000,0,0,0,0
271.288,1.0000,0,0,0,0
271.324,1.0000,0,0,0,0
271.358,1.0000,0,0,0,0
271.388,1.0000,0,0,0,0
271.424,1.0000,0,0,0,0
271.456,1.0000,0,0,0,0
271.490,1.0000,0,0,0,0
271.522,1.0000,0,0,0,0
271.557,1.0000,0,0,0,0
271.587,1.0000,0,0,0,0
271.622,1.0000,0,0,0,0
271.665,1.0000,0,0,0,0
271.688,1.0000,0,0,0,0
271.722,1.0000,0,0,0,0
271.758,1.0000,0,0,0,0
271.790,1.0000,0,0,0,0
271.823,1.0000,0,0,0,0
271.855,1.0000,0,0,0,0
271.891,1.0000,0,0,0,0
271.922,1.0000,0,0,0,0
271.957,1.0000,0,0,0,0
271.992,1.0000,0,0,0,0
272.021,1.0000,0,0,0,0
272.053,1.0000,0,0,0,0
272.091,1.0000,0,0,0,0
272.123,1.0000,0,0,0,0
272.156,1.0000,0,0,0,0
272.190,1.0000,0,0,0,0
272.222,1.0000,0,0,0,0
272.255,1.0000,0,0,0,0
272.290,1.0000,0,0,0,0
272.323,1.0000,0,0,0,0
272.356,1.0000,0,0,0,0
272.387,1.0000,0,0,0,0
272.420,1.0000,0,0,0,0
272.456,1.0000,0,0,0,0
272.489,1.0000,0,0,0,0
272.520,0.9998,0,0,0,0
272.556,0.9982,2,5,5,2
272.587,0.9966,2,5,5,2
272.622,0.9947,2,5,5,2
272.654,0.9930,2,5,5,2
272.690,0.9913,2,5,5,2
272.720,0.9904,2,5,5,2
272.756,0.9897,2,5,5,2
272.788,0.9893,2,5,5,2
272.822,0.9890,2,5,5,2
272.856,0.9853,2,5,5,2
272.890,0.9803,2,5,5,2
272.922,0.9747,2,5,5,2
272.958,0.9663,2,5,5,2
272.988,0.9593,2,5,5,2
273.025,0.9553,2,5,5,2
273.054,0.9531,2,5,5,2
273.091,0.9515,2,5,5,2
273.123,0.9515,2,5,5,2
273.154,0.9516,2,5,5,2
273.190,0.9516,2,5,5,2
273.222,0.9516,2,5,5,2
273.255,0.9516,2,5,5,2
273.291,0.9517,2,5,5,2
273.323,0.9517,2,5,5,2
273.356,0.9517,2,5,5,2
273.388,0.9517,2,5,5,2
273.416,0.9517,2,5,5,2
273.456,0.9518,2,5,5,2
273.489,0.9518,2,5,5,2
273.522,0.9518,2,5,5,2
273.559,0.9518,2,5,5,2
273.590,0.9518,2,5,5,2
273.622,0.9518,2,5,5,2
273.658,0.9519,2,5,5,2
273.691,0.9550,2,5,5,2
273.723,0.9551,2,5,5,2
273.756,0.9551,2,5,5,2
273.790,0.9551,2,5,5,2
273.825,0.9552,2,5,5,2
273.853,0.9552,2,5,5,2
273.892,0.9553,2,5,5,2
273.921,0.9553,2,5,5,2
273.958,0.9553,2,5,5,2
273.991,0.9553,2,5,5,2
274.023,0.9554,2,5,5,2
274.056,0.9554,2,5,5,2
274.092,0.9554,2,5,5,2
274.121,0.9554,2,5,5,2
274.158,0.9555,2,5,5,2
274.192,0.9555,2,5,5,2
274.225,0.9555,2,5,5,2
274.255,0.9555,2,5,5,2
274.281,0.9555,2,5,5,2
274.321,0.9555,2,5,5,2
274.358,0.9555,2,5,5,2
274.389,0.9555,2,5,5,2
274.422,0.9555,2,5,5,2
274.457,0.9555,2,5,5,2
274.489,0.9555,2,5,5,2
274.523,0.9555,2,5,5,2
274.554,0.9555,2,5,5,2
274.588,0.9555,2,5,5,2
274.622,0.9555,2,5,5,2
274.657,0.9555,2,5,5,2
274.687,0.9555,2,5,5,2
274.725,0.9555,0,0,0,0
274.756,0.9555,0,0,0,0
274.791,0.9555,0,0,0,0
274.823,0.9555,0,0,0,0
274.856,0.9555,0,0,0,0
274.888,0.9555,0,0,0,0
274.924,0.9555,0,0,0,0
274.958,0.9555,0,0,0,0
274.990,0.9555,0,0,0,0
275.021,0.9555,0,0,0,0
275.056,0.9555,0,0,0,0
275.090,0.9555,0,0,0,0
275.121,0.9554,0,0,0,0
275.153,0.9554,0,0,0,0
275.196,0.9552,0,0,0,0
275.222,0.9551,0,0,0,0
275.256,0.9547,0,0,0,0
275.292,0.9546,0,0,0,0
275.324,0.9543,0,0,0,0
275.355,0.9542,0,0,0,0
275.391,0.9541,0,0,0,0
275.420,0.9540,0,0,0,0
275.455,0.9540,0,0,0,0
275.490,0.9539,0,0,0,0
275.523,0.9538,0,0,0,0
275.555,0.9537,0,0,0,0
275.590,0.9536,0,0,0,0
275.623,0.9536,0,0,0,0
275.656,0.9536,0,0,0,0
275.690,0.9536,0,0,0,0
275.722,0.9536,0,0,0,0
275.755,0.9536,0,0,0,0
275.790,0.9536,0,0,0,0
275.822,0.9537,0,0,0,0
275.858,0.9537,0,0,0,0
275.891,0.9537,0,0,0,0
275.921,0.9537,0,0,0,0
275.954,0.9538,0,0,0,0
275.988,0.9538,0,0,0,0
276.023,0.9538,0,0,0,0
276.058,0.9538,0,0,0,0
276.090,0.9538,0,0,0,0
276.119,0.9538,0,0,0,0
276.156,0.9539,0,0,0,0
276.191,0.9539,0,0,0,0
276.222,0.9539,0,0,0,0
276.257,0.9539,0,0,0,0
276.290,0.9539,0,0,0,0
276.322,0.9539,0,0,0,0
276.358,0.9539,0,0,0,0
276.392,0.9539,0,0,0,0
276.425,0.9539,0,0,0,0
276.458,0.9539,0,0,0,0
276.488,0.9539,0,0,0,0
276.524,0.9539,0,0,0,0
276.555,0.9539,0,0,0,0
276.591,0.9539,0,0,0,0
276.624,0.9539,0,0,0,0
276.658,0.9539,0,0,0,0
276.691,0.9539,0,0,0,0
276.721,0.9538,0,0,0,0
276.755,0.9532,0,0,0,0
276.791,0.9520,0,0,0,0
276.823,0.9486,2,5,5,2
276.857,0.9448,2,5,5,2
276.888,0.9435,2,5,5,2
276.923,0.9411,2,5,5,2
276.953,0.9375,2,5,5,2
276.987,0.9355,2,5,5,2
277.020,0.9309,2,5,5,2
277.058,0.9259,2,5,5,2
277.089,0.9234,2,5,5,2
277.124,0.9226,2,5,5,2
277.155,0.9224,2,5,5,2
277.190,0.9222,2,5,5,2
277.224,0.9221,2,5,5,2
277.259,0.9220,2,5,5,2
277.288,0.9219,2,5,5,2
277.325,0.9218,2,5,5,2
277.355,0.9217,2,5,5,2
277.390,0.9217,2,5,5,2
277.424,0.9217,2,5,5,2
277.456,0.9217,2,5,5,2
277.491,0.9217,2,5,5,2
277.522,0.9217,2,5,5,2
277.557,0.9218,2,5,5,2
277.590,0.9218,2,5,5,2
277.623,0.9218,2,5,5,2
277.656,0.9219,2,5,5,2
277.691,0.9219,2,5,5,2
277.723,0.9220,2,5,5,2
277.755,0.9220,2,5,5,2
277.787,0.9221,2,5,5,2
277.824,0.9222,2,5,5,2
277.856,0.9223,2,5,5,2
277.890,0.9223,2,5,5,2
277.922,0.9223,2,5,5,2
277.955,0.9224,2,5,5,2
277.990,0.9225,2,5,5,2
278.024,0.9226,2,5,5,2
278.055,0.9227,2,5,5,2
278.091,0.9228,0,0,0,0
278.125,0.9229,0,0,0,0
278.154,0.9231,0,0,0,0
278.187,0.9232,0,0,0,0
278.225,0.9233,0,0,0,0
278.254,0.9235,0,0,0,0
278.289,0.9235,0,0,0,0
278.320,0.9237,0,0,0,0
278.359,0.9238,0,0,0,0
278.390,0.9239,0,0,0,0
278.424,0.9241,0,0,0,0
278.458,0.9242,0,0,0,0
278.488,0.9243,0,0,0,0
278.524,0.9244,0,0,0,0
278.554,0.9245,0,0,0,0
278.588,0.9245,0,0,0,0
278.621,0.9247,0,0,0,0
278.654,0.9248,0,0,0,0
278.687,0.9248,0,0,0,0
278.724,0.9251,0,0,0,0
278.754,0.9260,0,0,0,0
278.787,0.9264,0,0,0,0
278.825,0.9272,0,0,0,0
278.854,0.9280,0,0,0,0
278.891,0.9283,0,0,0,0
278.926,0.9290,0,0,0,0
278.947,0.9294,0,0,0,0
278.989,0.9300,0,0,0,0
279.023,0.9306,0,0,0,0
279.054,0.9312,0,0,0,0
279.089,0.9315,0,0,0,0
279.124,0.9320,0,0,0,0
279.155,0.9326,0,0,0,0
279.189,0.9328,0,0,0,0
279.223,0.9333,0,0,0,0
279.257,0.9337,0,0,0,0
279.291,0.9340,0,0,0,0
279.321,0.9344,0,0,0,0
279.355,0.9348,0,0,0,0
279.390,0.9350,0,0,0,0
279.422,0.9354,0,0,0,0
279.456,0.9358,0,0,0,0
279.489,0.9359,0,0,0,0
279.521,0.9363,0,0,0,0
279.554,0.9366,0,0,0,0
279.587,0.9368,0,0,0,0
279.625,0.9371,0,0,0,0
279.655,0.9374,0,0,0,0
279.690,0.9375,0,0,0,0
279.723,0.9378,0,0,0,0
279.757,0.9380,0,0,0,0
279.791,0.9382,0,0,0,0
279.824,0.9384,0,0,0,0
279.856,0.9387,0,0,0,0
279.880,0.9411,2,5,5,2
279.924,0.9527,2,5,5,2
279.955,0.9607,2,5,5,2
279.990,0.9690,2,5,5,2
280.022,0.9763,2,5,5,2
280.058,0.9831,2,5,5,2
280.089,0.9877,2,5,5,2
280.120,0.9896,2,5,5,2
280.158,0.9908,2,5,5,2
280.190,0.9910,2,5,5,2
280.222,0.9911,2,5,5,2
280.256,0.9912,2,5,5,2
280.291,0.9913,2,5,5,2
280.325,0.9914,2,5,5,2
280.354,0.9916,2,5,5,2
280.389,0.9916,2,5,5,2
280.424,0.9917,2,5,5,2
280.458,0.9918,2,5,5,2
280.487,0.9919,2,5,5,2
280.524,0.9920,2,5,5,2
280.556,0.9908,2,5,5,2
280.592,0.9892,2,5,5,2
280.623,0.9878,2,5,5,2
280.656,0.9865,2,5,5,2
280.689,0.9859,2,5,5,2
280.721,0.9860,2,5,5,2
280.754,0.9861,2,5,5,2
280.790,0.9862,2,5,5,2
280.821,0.9862,2,5,5,2
280.855,0.9863,2,5,5,2
280.887,0.9864,2,5,5,2
280.921,0.9864,2,5,5,2
280.957,0.9865,2,5,5,2
280.989,0.9844,2,5,5,2
281.020,0.9821,2,5,5,2
281.056,0.9789,2,5,5,2
281.091,0.9755,2,5,5,2
281.120,0.9725,2,5,5,2
281.157,0.9692,2,5,5,2
281.186,0.9668,2,5,5,2
281.220,0.9651,2,5,5,2
281.258,0.9645,2,5,5,2
281.288,0.9644,2,5,5,2
281.322,0.9645,2,5,5,2
281.356,0.9646,2,5,5,2
281.390,0.9646,2,5,5,2
281.422,0.9646,2,5,5,2
281.454,0.9647,2,5,5,2
281.489,0.9615,2,5,5,2
281.522,0.9579,2,5,5,2
281.556,0.9540,2,5,5,2
281.589,0.9495,2,5,5,2
281.624,0.9450,2,5,5,2
281.653,0.9415,2,5,5,2
281.689,0.9398,2,5,5,2
281.722,0.9396,2,5,5,2
281.753,0.9397,2,5,5,2
281.787,0.9397,2,5,5,2
281.825,0.9398,2,5,5,2
281.847,0.9398,2,5,5,2
281.888,0.9398,2,5,5,2
281.925,0.9399,2,5,5,2
281.957,0.9390,2,5,5,2
281.989,0.9374,2,5,5,2
282.022,0.9360,2,5,5,2
282.055,0.9361,2,5,5,2
282.087,0.9361,2,5,5,2
282.121,0.9361,2,5,5,2
282.158,0.9362,2,5,5,2
282.187,0.9362,2,5,5,2
282.222,0.9362,2,5,5,2
282.255,0.9363,2,5,5,2
282.288,0.9363,2,5,5,2
282.323,0.9366,2,5,5,2
282.359,0.9373,2,5,5,2
282.387,0.9380,2,5,5,2
282.423,0.9389,2,5,5,2
282.455,0.9398,2,5,5,2
282.488,0.9409,2,5,5,2
282.523,0.9433,2,5,5,2
282.556,0.9509,2,5,5,2
282.587,0.9588,2,5,5,2
282.622,0.9675,2,5,5,2
282.655,0.9761,2,5,5,2
282.687,0.9839,2,5,5,2
282.722,0.9914,2,5,5,2
282.758,0.9973,2,5,5,2
282.787,0.9994,2,5,5,2
282.821,1.0000,2,5,5,2
282.851,1.0000,2,5,5,2
282.888,1.0000,2,5,5,2
282.922,1.0000,2,5,5,2
282.954,1.0000,2,5,5,2
282.991,1.0000,2,5,5,2
283.021,1.0000,2,5,5,2
283.055,1.0000,2,5,5,2
283.091,1.0000,2,5,5,2
283.124,1.0000,2,5,5,2
283.158,1.0000,2,5,5,2
283.188,1.0000,2,5,5,2
283.222,1.0000,2,5,5,2
283.258,1.0000,2,5,5,2
283.292,1.0000,2,5,5,2
283.321,1.0000,2,5,5,2
283.355,1.0000,2,5,5,2
283.387,1.0000,2,5,5,2
283.424,1.0000,2,5,5,2
283.455,1.0000,2,5,5,2
283.491,1.0000,2,5,5,2
283.525,1.0000,2,5,5,2
283.557,1.0000,2,5,5,2
283.590,1.0000,2,5,5,2
283.621,1.0000,2,5,5,2
283.653,1.0000,2,5,5,2
283.687,1.0000,2,5,5,2
283.725,1.0000,2,5,5,2
283.757,1.0000,2,5,5,2
283.788,1.0000,0,0,0,0
283.824,1.0000,0,0,0,0
283.857,1.0000,0,0,0,0
283.893,0.9999,0,0,0,0
283.920,0.9982,2,5,5,2
283.957,0.9930,2,5,5,2
283.987,0.9898,2,5,5,2
284.023,0.9823,2,5,5,2
284.058,0.9756,2,5,5,2
284.094,0.9748,2,5,5,2
284.124,0.9744,2,5,5,2
284.155,0.9737,2,5,5,2
284.188,0.9733,2,5,5,2
284.223,0.9725,2,5,5,2
284.258,0.9718,2,5,5,2
284.287,0.9715,2,5,5,2
284.322,0.9708,2,5,5,2
284.359,0.9704,2,5,5,2
284.391,0.9703,2,5,5,2
284.423,0.9702,2,5,5,2
284.454,0.9702,2,5,5,2
284.492,0.9703,2,5,5,2
284.521,0.9704,2,5,5,2
284.556,0.9706,2,5,5,2
284.587,0.9707,2,5,5,2
284.623,0.9709,2,5,5,2
284.655,0.9711,2,5,5,2
284.688,0.9713,2,5,5,2
284.721,0.9715,2,5,5,2
284.758,0.9705,2,5,5,2
284.790,0.9689,2,5,5,2
284.821,0.9669,2,5,5,2
284.856,0.9635,2,5,5,2
284.891,0.9596,2,5,5,2
284.923,0.9590,2,5,5,2
284.955,0.9586,2,5,5,2
284.991,0.9587,2,5,5,2
285.021,0.9589,2,5,5,2
285.055,0.9591,2,5,5,2
285.089,0.9592,2,5,5,2
285.120,0.9594,2,5,5,2
285.156,0.9595,2,5,5,2
285.187,0.9596,2,5,5,2
285.222,0.9598,2,5,5,2
285.254,0.9576,2,5,5,2
285.298,0.9536,2,5,5,2
285.321,0.9509,2,5,5,2
285.358,0.9463,2,5,5,2
285.390,0.9463,2,5,5,2
285.422,0.9464,2,5,5,2
285.456,0.9465,2,5,5,2
285.491,0.9465,2,5,5,2
285.521,0.9466,2,5,5,2
285.559,0.9467,2,5,5,2
285.587,0.9467,2,5,5,2
285.622,0.9476,2,5,5,2
285.660,0.9485,2,5,5,2
285.690,0.9489,2,5,5,2
285.726,0.9497,2,5,5,2
285.757,0.9505,2,5,5,2
285.788,0.9502,2,5,5,2
285.824,0.9483,2,5,5,2
285.854,0.9461,2,5,5,2
285.891,0.9436,2,5,5,2
285.925,0.9442,2,5,5,2
285.957,0.9448,2,5,5,2
285.989,0.9451,2,5,5,2
286.023,0.9457,2,5,5,2
286.054,0.9462,2,5,5,2
286.091,0.9465,2,5,5,2
286.122,0.9470,2,5,5,2
286.153,0.9474,2,5,5,2
286.179,0.9477,2,5,5,2
286.224,0.9481,2,5,5,2
286.259,0.9485,2,5,5,2
286.287,0.9487,2,5,5,2
286.321,0.9491,2,5,5,2
286.360,0.9495,2,5,5,2
286.387,0.9497,2,5,5,2
286.421,0.9501,2,5,5,2
286.454,0.9504,2,5,5,2
286.491,0.9506,2,5,5,2
286.520,0.9509,2,5,5,2
286.556,0.9512,2,5,5,2
286.592,0.9515,2,5,5,2
286.623,0.9516,2,5,5,2
286.657,0.9519,2,5,5,2
286.689,0.9520,2,5,5,2
286.723,0.9523,2,5,5,2
286.756,0.9525,2,5,5,2
286.791,0.9526,2,5,5,2
286.821,0.9529,2,5,5,2
286.857,0.9531,2,5,5,2
286.889,0.9532,2,5,5,2
286.924,0.9534,0,0,0,0
286.960,0.9536,0,0,0,0
286.991,0.9537,0,0,0,0
287.021,0.9539,0,0,0,0
287.063,0.9541,0,0,0,0
287.089,0.9542,0,0,0,0
287.123,0.9543,0,0,0,0
287.156,0.9545,0,0,0,0
287.187,0.9546,0,0,0,0
287.225,0.9547,0,0,0,0
287.255,0.9549,0,0,0,0
287.292,0.9550,0,0,0,0
287.323,0.9551,0,0,0,0
287.354,0.9552,0,0,0,0
287.387,0.9553,0,0,0,0
287.421,0.9554,0,0,0,0
287.456,0.9556,0,0,0,0
287.488,0.9556,0,0,0,0
287.521,0.9557,0,0,0,0
287.558,0.9558,0,0,0,0
287.588,0.9559,0,0,0,0
287.621,0.9560,0,0,0,0
287.656,0.9561,0,0,0,0
287.696,0.9562,0,0,0,0
287.724,0.9563,0,0,0,0
287.754,0.9564,0,0,0,0
287.791,0.9564,0,0,0,0
287.822,0.9565,0,0,0,0
287.858,0.9566,0,0,0,0
287.890,0.9566,0,0,0,0
287.919,0.9567,0,0,0,0
287.957,0.9568,0,0,0,0
287.987,0.9568,0,0,0,0
288.022,0.9569,0,0,0,0
288.058,0.9570,0,0,0,0
288.089,0.9570,0,0,0,0
288.122,0.9571,0,0,0,0
288.155,0.9572,0,0,0,0
288.191,0.9572,0,0,0,0
288.227,0.9573,0,0,0,0
288.256,0.9574,0,0,0,0
288.292,0.9574,0,0,0,0
288.321,0.9574,0,0,0,0
288.356,0.9575,0,0,0,0
288.392,0.9569,0,0,0,0
288.420,0.9556,0,0,0,0
288.455,0.9517,2,5,5,2
288.495,0.9464,2,5,5,2
288.521,0.9435,2,5,5,2
288.555,0.9380,2,5,5,2
288.587,0.9378,2,5,5,2
288.621,0.9375,2,5,5,2
288.658,0.9373,2,5,5,2
288.691,0.9373,2,5,5,2
288.723,0.9371,2,5,5,2
288.758,0.9369,2,5,5,2
288.791,0.9369,2,5,5,2
288.825,0.9368,2,5,5,2
288.859,0.9368,2,5,5,2
288.891,0.9368,2,5,5,2
288.921,0.9369,2,5,5,2
288.958,0.9369,2,5,5,2
288.990,0.9370,2,5,5,2
289.024,0.9371,2,5,5,2
289.056,0.9371,2,5,5,2
289.090,0.9372,2,5,5,2
289.121,0.9380,2,5,5,2
289.158,0.9393,2,5,5,2
289.188,0.9399,2,5,5,2
289.221,0.9411,2,5,5,2
289.255,0.9422,2,5,5,2
289.287,0.9427,2,5,5,2
289.322,0.9437,2,5,5,2
289.356,0.9446,2,5,5,2
289.388,0.9450,2,5,5,2
289.422,0.9458,2,5,5,2
289.454,0.9465,2,5,5,2
289.490,0.9469,2,5,5,2
289.523,0.9476,2,5,5,2
289.554,0.9482,2,5,5,2
289.591,0.9485,0,0,0,0
289.618,0.9490,0,0,0,0
289.658,0.9496,0,0,0,0
289.688,0.9498,0,0,0,0
289.724,0.9503,0,0,0,0
289.756,0.9508,0,0,0,0
289.787,0.9510,0,0,0,0
289.821,0.9514,0,0,0,0
289.857,0.9518,0,0,0,0
289.887,0.9520,0,0,0,0
289.923,0.9523,0,0,0,0
289.955,0.9527,0,0,0,0
289.987,0.9528,0,0,0,0
290.022,0.9532,0,0,0,0
290.054,0.9535,0,0,0,0
290.090,0.9536,0,0,0,0
290.123,0.9539,0,0,0,0
290.159,0.9541,0,0,0,0
290.187,0.9543,0,0,0,0
290.222,0.9545,0,0,0,0
290.256,0.9547,0,0,0,0
290.292,0.9550,0,0,0,0
290.324,0.9551,0,0,0,0
290.358,0.9553,0,0,0,0
290.388,0.9554,0,0,0,0
290.426,0.9556,0,0,0,0
290.455,0.9557,0,0,0,0
290.484,0.9558,0,0,0,0
290.523,0.9560,0,0,0,0
290.557,0.9561,0,0,0,0
290.589,0.9562,0,0,0,0
290.623,0.9564,0,0,0,0
290.655,0.9565,0,0,0,0
290.691,0.9566,0,0,0,0
290.722,0.9567,0,0,0,0
290.756,0.9568,0,0,0,0
290.788,0.9569,0,0,0,0
290.821,0.9570,0,0,0,0
290.857,0.9571,0,0,0,0
290.887,0.9572,0,0,0,0
290.925,0.9573,0,0,0,0
290.954,0.9574,0,0,0,0
290.990,0.9574,0,0,0,0
291.022,0.9575,0,0,0,0
291.058,0.9576,0,0,0,0
291.090,0.9577,0,0,0,0
291.125,0.9577,0,0,0,0
291.154,0.9578,0,0,0,0
291.190,0.9579,0,0,0,0
291.225,0.9579,0,0,0,0
291.256,0.9580,0,0,0,0
291.290,0.9580,0,0,0,0
291.324,0.9581,0,0,0,0
291.356,0.9582,0,0,0,0
291.386,0.9582,0,0,0,0
291.422,0.9583,0,0,0,0
291.455,0.9583,0,0,0,0
291.489,0.9584,0,0,0,0
291.525,0.9584,0,0,0,0
291.556,0.9585,0,0,0,0
291.588,0.9585,0,0,0,0
291.626,0.9585,0,0,0,0
291.659,0.9586,0,0,0,0
291.688,0.9586,0,0,0,0
291.725,0.9587,0,0,0,0
291.756,0.9587,0,0,0,0
291.786,0.9587,0,0,0,0
291.823,0.9588,0,0,0,0
291.859,0.9588,0,0,0,0
291.888,0.9588,0,0,0,0
291.922,0.9589,0,0,0,0
291.956,0.9589,0,0,0,0
291.991,0.9589,0,0,0,0
292.025,0.9590,0,0,0,0
292.058,0.9590,0,0,0,0
292.092,0.9590,0,0,0,0
292.121,0.9590,0,0,0,0
292.155,0.9591,0,0,0,0
292.191,0.9591,0,0,0,0
292.225,0.9591,0,0,0,0
292.256,0.9592,0,0,0,0
292.288,0.9592,0,0,0,0
292.324,0.9592,0,0,0,0
292.355,0.9592,0,0,0,0
292.392,0.9593,0,0,0,0
292.424,0.9593,0,0,0,0
292.456,0.9593,0,0,0,0
292.488,0.9593,0,0,0,0
292.524,0.9593,0,0,0,0
292.555,0.9594,0,0,0,0
292.588,0.9594,0,0,0,0
292.624,0.9594,0,0,0,0
292.656,0.9594,0,0,0,0
292.689,0.9594,0,0,0,0
292.721,0.9594,0,0,0,0
292.758,0.9595,0,0,0,0
292.790,0.9595,0,0,0,0
292.821,0.9595,0,0,0,0
292.857,0.9595,0,0,0,0
292.889,0.9595,0,0,0,0
292.923,0.9595,0,0,0,0
292.955,0.9596,0,0,0,0
292.988,0.9596,0,0,0,0
293.022,0.9596,0,0,0,0
293.054,0.9596,0,0,0,0
293.078,0.9596,0,0,0,0
293.123,0.9590,0,0,0,0
293.157,0.9580,0,0,0,0
293.189,0.9577,0,0,0,0
293.223,0.9572,0,0,0,0
293.254,0.9570,0,0,0,0
293.290,0.9569,0,0,0,0
293.324,0.9569,0,0,0,0
293.355,0.9569,0,0,0,0
293.387,0.9570,0,0,0,0
293.424,0.9571,0,0,0,0
293.455,0.9572,0,0,0,0
293.489,0.9573,0,0,0,0
293.523,0.9574,0,0,0,0
293.557,0.9576,0,0,0,0
293.591,0.9577,0,0,0,0
293.625,0.9578,0,0,0,0
293.655,0.9561,2,5,5,2
293.687,0.9545,2,5,5,2
293.721,0.9511,2,5,5,2
293.758,0.9490,2,5,5,2
293.789,0.9484,2,5,5,2
293.822,0.9476,2,5,5,2
293.857,0.9473,2,5,5,2
293.891,0.9474,2,5,5,2
293.925,0.9470,2,5,5,2
293.953,0.9454,2,5,5,2
293.991,0.9449,2,5,5,2
294.021,0.9444,2,5,5,2
294.056,0.9444,2,5,5,2
294.092,0.9446,2,5,5,2
294.122,0.9450,2,5,5,2
294.154,0.9455,2,5,5,2
294.190,0.9459,2,5,5,2
294.222,0.9465,2,5,5,2
294.256,0.9472,2,5,5,2
294.291,0.9475,2,5,5,2
294.324,0.9482,2,5,5,2
294.358,0.9488,2,5,5,2
294.387,0.9491,2,5,5,2
294.421,0.9497,2,5,5,2
294.456,0.9503,2,5,5,2
294.490,0.9505,2,5,5,2
294.522,0.9510,2,5,5,2
294.557,0.9515,2,5,5,2
294.591,0.9517,2,5,5,2
294.622,0.9521,2,5,5,2
294.657,0.9525,2,5,5,2
294.689,0.9526,2,5,5,2
294.721,0.9530,2,5,5,2
294.757,0.9533,2,5,5,2
294.790,0.9534,2,5,5,2
294.822,0.9537,2,5,5,2
294.854,0.9540,2,5,5,2
294.887,0.9541,2,5,5,2
294.924,0.9544,2,5,5,2
294.954,0.9546,0,0,0,0
294.989,0.9547,0,0,0,0
295.023,0.9549,0,0,0,0
295.056,0.9551,0,0,0,0
295.088,0.9552,0,0,0,0
295.121,0.9554,0,0,0,0
295.154,0.9555,0,0,0,0
295.188,0.9556,0,0,0,0
295.221,0.9558,0,0,0,0
295.254,0.9559,0,0,0,0
295.289,0.9560,0,0,0,0
295.324,0.9561,0,0,0,0
295.359,0.9563,0,0,0,0
295.390,0.9563,0,0,0,0
295.424,0.9565,0,0,0,0
295.454,0.9566,0,0,0,0
295.490,0.9566,0,0,0,0
295.520,0.9567,0,0,0,0
295.554,0.9564,0,0,0,0
295.589,0.9556,0,0,0,0
295.622,0.9531,2,5,5,2
295.655,0.9512,2,5,5,2
295.687,0.9505,2,5,5,2
295.721,0.9484,2,5,5,2
295.755,0.9469,2,5,5,2
295.791,0.9464,2,5,5,2
295.822,0.9455,2,5,5,2
295.854,0.9439,2,5,5,2
295.892,0.9435,2,5,5,2
295.922,0.9431,2,5,5,2
295.957,0.9427,2,5,5,2
295.989,0.9420,2,5,5,2
296.024,0.9413,2,5,5,2
296.057,0.9411,2,5,5,2
296.087,0.9412,2,5,5,2
296.124,0.9411,2,5,5,2
296.155,0.9403,2,5,5,2
296.188,0.9401,2,5,5,2
296.223,0.9401,2,5,5,2
296.258,0.9404,2,5,5,2
296.289,0.9406,2,5,5,2
296.321,0.9407,2,5,5,2
296.355,0.9401,2,5,5,2
296.391,0.9400,2,5,5,2
296.423,0.9400,2,5,5,2
296.459,0.9403,2,5,5,2
296.490,0.9405,2,5,5,2
296.525,0.9411,2,5,5,2
296.556,0.9413,2,5,5,2
296.590,0.9413,2,5,5,2
296.622,0.9415,2,5,5,2
296.657,0.9418,2,5,5,2
296.688,0.9417,2,5,5,2
296.720,0.9416,2,5,5,2
296.754,0.9418,2,5,5,2
296.787,0.9420,2,5,5,2
296.824,0.9424,2,5,5,2
296.855,0.9429,0,0,0,0
296.889,0.9428,0,0,0,0
296.924,0.9427,0,0,0,0
296.955,0.9429,0,0,0,0
296.990,0.9431,0,0,0,0
297.025,0.9434,0,0,0,0
297.054,0.9439,0,0,0,0
297.087,0.9437,0,0,0,0
297.124,0.9436,0,0,0,0
297.158,0.9438,0,0,0,0
297.188,0.9439,0,0,0,0
297.221,0.9442,0,0,0,0
297.255,0.9446,0,0,0,0
297.289,0.9448,0,0,0,0
297.321,0.9448,0,0,0,0
297.354,0.9447,0,0,0,0
297.390,0.9447,0,0,0,0
297.422,0.9449,0,0,0,0
297.456,0.9451,0,0,0,0
297.491,0.9453,0,0,0,0
297.523,0.9456,0,0,0,0
297.557,0.9460,0,0,0,0
297.591,0.9461,0,0,0,0
297.623,0.9459,0,0,0,0
297.657,0.9458,0,0,0,0
297.689,0.9458,0,0,0,0
297.725,0.9460,0,0,0,0
297.759,0.9462,0,0,0,0
297.790,0.9463,0,0,0,0
297.824,0.9466,0,0,0,0
297.856,0.9470,0,0,0,0
297.887,0.9471,0,0,0,0
297.922,0.9471,0,0,0,0
297.955,0.9469,0,0,0,0
297.992,0.9468,0,0,0,0
298.025,0.9469,0,0,0,0
298.054,0.9460,0,0,0,0
298.088,0.9455,0,0,0,0
298.124,0.9450,0,0,0,0
298.154,0.9437,0,0,0,0
298.188,0.9431,0,0,0,0
298.221,0.9424,0,0,0,0
298.254,0.9410,0,0,0,0
298.290,0.9404,0,0,0,0
298.323,0.9397,0,0,0,0
298.356,0.9395,0,0,0,0
298.389,0.9395,0,0,0,0
298.422,0.9397,0,0,0,0
298.457,0.9401,0,0,0,0
298.490,0.9403,0,0,0,0
298.524,0.9408,0,0,0,0
298.556,0.9414,0,0,0,0
298.590,0.9417,0,0,0,0
298.623,0.9422,0,0,0,0
298.656,0.9427,0,0,0,0
298.688,0.9430,0,0,0,0
298.716,0.9435,0,0,0,0
298.756,0.9440,0,0,0,0
298.791,0.9442,0,0,0,0
298.823,0.9447,0,0,0,0
298.854,0.9451,0,0,0,0
298.890,0.9453,0,0,0,0
298.924,0.9457,0,0,0,0
298.958,0.9461,0,0,0,0
298.990,0.9462,0,0,0,0
299.022,0.9466,0,0,0,0
299.055,0.9469,0,0,0,0
299.089,0.9470,0,0,0,0
299.121,0.9473,0,0,0,0
299.156,0.9476,0,0,0,0
299.189,0.9477,0,0,0,0
299.224,0.9480,0,0,0,0
299.258,0.9482,0,0,0,0
299.287,0.9483,0,0,0,0
299.325,0.9485,0,0,0,0
299.356,0.9487,0,0,0,0
299.391,0.9488,0,0,0,0
299.424,0.9490,0,0,0,0
299.457,0.9492,0,0,0,0
299.491,0.9493,0,0,0,0
299.522,0.9495,0,0,0,0
299.555,0.9497,0,0,0,0
299.590,0.9497,0,0,0,0
299.621,0.9499,0,0,0,0
299.653,0.9500,0,0,0,0
299.684,0.9501,0,0,0,0
299.724,0.9503,0,0,0,0
299.755,0.9504,0,0,0,0
299.790,0.9505,0,0,0,0
299.824,0.9506,0,0,0,0
299.857,0.9507,0,0,0,0
299.887,0.9508,0,0,0,0
299.921,0.9509,0,0,0,0
299.955,0.9510,0,0,0,0
299.989,0.9511,0,0,0,0
300.023,0.9512,0,0,0,0
300.058,0.9513,0,0,0,0
300.089,0.9514,0,0,0,0
300.120,0.9515,0,0,0,0
300.155,0.9515,0,0,0,0
300.188,0.9516,0,0,0,0
300.220,0.9517,0,0,0,0
300.256,0.9518,0,0,0,0
300.289,0.9518,0,0,0,0
300.322,0.9519,0,0,0,0
300.354,0.9520,0,0,0,0
300.388,0.9520,0,0,0,0
300.421,0.9521,0,0,0,0
300.456,0.9522,0,0,0,0
300.489,0.9522,0,0,0,0
300.521,0.9523,0,0,0,0
300.554,0.9524,0,0,0,0
300.588,0.9524,0,0,0,0
300.620,0.9525,0,0,0,0
300.655,0.9526,0,0,0,0
300.688,0.9526,0,0,0,0
300.723,0.9527,0,0,0,0
300.745,0.9527,0,0,0,0
300.791,0.9527,0,0,0,0
300.821,0.9528,0,0,0,0
300.855,0.9529,0,0,0,0
300.890,0.9529,0,0,0,0
300.924,0.9530,0,0,0,0
300.958,0.9530,0,0,0,0
300.987,0.9530,0,0,0,0
301.024,0.9531,0,0,0,0
301.058,0.9531,0,0,0,0
301.091,0.9532,0,0,0,0
301.123,0.9532,0,0,0,0
301.157,0.9533,0,0,0,0
301.189,0.9533,0,0,0,0
301.222,0.9533,0,0,0,0
301.256,0.9534,0,0,0,0
301.291,0.9534,0,0,0,0
301.323,0.9535,0,0,0,0
301.355,0.9535,0,0,0,0
301.390,0.9535,0,0,0,0
301.422,0.9536,0,0,0,0
301.454,0.9536,0,0,0,0
301.488,0.9536,0,0,0,0
301.525,0.9537,0,0,0,0
301.556,0.9537,0,0,0,0
301.586,0.9537,0,0,0,0
301.624,0.9538,0,0,0,0
301.654,0.9538,0,0,0,0
301.689,0.9538,0,0,0,0
301.722,0.9538,0,0,0,0
301.758,0.9539,0,0,0,0
301.789,0.9539,0,0,0,0
301.820,0.9539,0,0,0,0
301.855,0.9540,0,0,0,0
301.889,0.9540,0,0,0,0
301.923,0.9540,0,0,0,0
301.954,0.9540,0,0,0,0
301.988,0.9541,0,0,0,0
302.023,0.9541,0,0,0,0
302.056,0.9541,0,0,0,0
302.089,0.9541,0,0,0,0
302.120,0.9542,0,0,0,0
302.157,0.9542,0,0,0,0
302.190,0.9542,0,0,0,0
302.225,0.9542,0,0,0,0
302.254,0.9543,0,0,0,0
302.288,0.9543,0,0,0,0
302.321,0.9543,0,0,0,0
302.358,0.9543,0,0,0,0
302.388,0.9543,0,0,0,0
302.424,0.9544,0,0,0,0
302.458,0.9544,0,0,0,0
302.489,0.9544,0,0,0,0
302.523,0.9544,0,0,0,0
302.558,0.9544,0,0,0,0
302.589,0.9545,0,0,0,0
302.625,0.9545,0,0,0,0
302.655,0.9545,0,0,0,0
302.688,0.9545,0,0,0,0
302.721,0.9545,0,0,0,0
302.756,0.9546,0,0,0,0
302.790,0.9546,0,0,0,0
302.822,0.9546,0,0,0,0
302.856,0.9546,0,0,0,0
302.889,0.9546,0,0,0,0
302.923,0.9546,0,0,0,0
302.957,0.9547,0,0,0,0
302.991,0.9547,0,0,0,0
303.020,0.9547,0,0,0,0
303.058,0.9547,0,0,0,0
303.090,0.9547,0,0,0,0
303.120,0.9547,0,0,0,0
303.159,0.9547,0,0,0,0
303.187,0.9548,0,0,0,0
303.221,0.9548,0,0,0,0
303.252,0.9548,0,0,0,0
303.288,0.9548,0,0,0,0
303.324,0.9548,0,0,0,0
303.355,0.9548,0,0,0,0
303.391,0.9548,0,0,0,0
303.423,0.9549,0,0,0,0
303.457,0.9549,0,0,0,0
303.489,0.9549,0,0,0,0
303.520,0.9549,0,0,0,0
303.555,0.9549,0,0,0,0
303.590,0.9549,0,0,0,0
303.624,0.9549,0,0,0,0
303.653,0.9549,0,0,0,0
303.687,0.9549,0,0,0,0
303.724,0.9550,0,0,0,0
303.756,0.9550,0,0,0,0
303.789,0.9550,0,0,0,0
303.821,0.9550,0,0,0,0
303.854,0.9550,0,0,0,0
303.887,0.9550,0,0,0,0
303.925,0.9550,0,0,0,0
303.954,0.9550,0,0,0,0
303.990,0.9550,0,0,0,0
304.022,0.9551,0,0,0,0
304.054,0.9551,0,0,0,0
304.087,0.9551,0,0,0,0
304.122,0.9551,0,0,0,0
304.155,0.9551,0,0,0,0
304.190,0.9551,0,0,0,0
304.224,0.9551,0,0,0,0
304.257,0.9551,0,0,0,0
304.290,0.9551,0,0,0,0
304.321,0.9551,0,0,0,0
304.356,0.9552,0,0,0,0
304.389,0.9552,0,0,0,0
304.423,0.9552,0,0,0,0
304.456,0.9552,0,0,0,0
304.489,0.9552,0,0,0,0
304.521,0.9552,0,0,0,0
304.556,0.9552,0,0,0,0
304.589,0.9552,0,0,0,0
304.624,0.9552,0,0,0,0
304.654,0.9552,0,0,0,0
304.687,0.9552,0,0,0,0
304.725,0.9553,0,0,0,0
304.754,0.9553,0,0,0,0
304.792,0.9553,0,0,0,0
304.823,0.9553,0,0,0,0
304.855,0.9553,0,0,0,0
304.888,0.9553,0,0,0,0
304.923,0.9553,0,0,0,0
304.954,0.9553,0,0,0,0
304.989,0.9553,0,0,0,0
305.023,0.9553,0,0,0,0
305.056,0.9553,0,0,0,0
305.091,0.9553,0,0,0,0
305.122,0.9553,0,0,0,0
305.155,0.9553,0,0,0,0
305.189,0.9553,0,0,0,0
305.221,0.9554,0,0,0,0
305.254,0.9554,0,0,0,0
305.289,0.9554,0,0,0,0
305.325,0.9554,0,0,0,0
305.353,0.9554,0,0,0,0
305.392,0.9554,0,0,0,0
305.422,0.9554,0,0,0,0
305.456,0.9554,0,0,0,0
305.487,0.9554,0,0,0,0
305.525,0.9554,0,0,0,0
305.556,0.9554,0,0,0,0
305.589,0.9554,0,0,0,0
305.623,0.9554,0,0,0,0
305.655,0.9554,0,0,0,0
305.690,0.9554,0,0,0,0
305.724,0.9554,0,0,0,0
305.758,0.9555,0,0,0,0
305.790,0.9555,0,0,0,0
305.821,0.9555,0,0,0,0
305.853,0.9555,0,0,0,0
305.887,0.9555,0,0,0,0
305.923,0.9555,0,0,0,0
305.955,0.9555,0,0,0,0
305.987,0.9555,0,0,0,0
306.024,0.9555,0,0,0,0
306.056,0.9555,0,0,0,0
306.087,0.9555,0,0,0,0
306.125,0.9555,0,0,0,0
306.155,0.9555,0,0,0,0
306.189,0.9555,0,0,0,0
306.222,0.9555,0,0,0,0
306.258,0.9555,0,0,0,0
306.289,0.9555,0,0,0,0
306.322,0.9555,0,0,0,0
306.355,0.9555,0,0,0,0
306.391,0.9555,0,0,0,0
306.423,0.9556,0,0,0,0
306.456,0.9556,0,0,0,0
306.489,0.9556,0,0,0,0
306.523,0.9556,0,0,0,0
306.559,0.9556,0,0,0,0
306.587,0.9556,0,0,0,0
306.622,0.9556,0,0,0,0
306.657,0.9556,0,0,0,0
306.688,0.9556,0,0,0,0
306.720,0.9556,0,0,0,0
306.756,0.9556,0,0,0,0
306.791,0.9556,0,0,0,0
306.823,0.9556,0,0,0,0
306.858,0.9556,0,0,0,0
306.889,0.9556,0,0,0,0
306.923,0.9556,0,0,0,0
306.956,0.9556,0,0,0,0
306.990,0.9556,0,0,0,0
307.025,0.9556,0,0,0,0
307.054,0.9555,0,0,0,0
307.088,0.9554,0,0,0,0
307.121,0.9552,0,0,0,0
307.157,0.9548,0,0,0,0
307.187,0.9546,0,0,0,0
307.224,0.9540,0,0,0,0
307.258,0.9535,0,0,0,0
307.291,0.9531,0,0,0,0
307.324,0.9525,0,0,0,0
307.356,0.9519,0,0,0,0
307.392,0.9516,0,0,0,0
307.423,0.9511,0,0,0,0
307.459,0.9507,0,0,0,0
307.490,0.9505,0,0,0,0
307.525,0.9503,0,0,0,0
307.557,0.9502,0,0,0,0
307.592,0.9502,0,0,0,0
307.621,0.9503,0,0,0,0
307.654,0.9506,0,0,0,0
307.690,0.9509,0,0,0,0
307.724,0.9517,0,0,0,0
307.759,0.9528,0,0,0,0
307.788,0.9533,0,0,0,0
307.825,0.9544,0,0,0,0
307.855,0.9556,0,0,0,0
307.889,0.9563,0,0,0,0
307.921,0.9577,0,0,0,0
307.955,0.9590,0,0,0,0
307.987,0.9596,0,0,0,0
308.023,0.9606,0,0,0,0
308.058,0.9616,0,0,0,0
308.087,0.9621,0,0,0,0
308.124,0.9631,0,0,0,0
308.154,0.9639,0,0,0,0
308.192,0.9643,0,0,0,0
308.222,0.9651,0,0,0,0
308.258,0.9658,0,0,0,0
308.287,0.9661,0,0,0,0
308.325,0.9667,0,0,0,0
308.355,0.9671,0,0,0,0
308.391,0.9672,0,0,0,0
308.423,0.9674,0,0,0,0
308.455,0.9675,0,0,0,0
308.486,0.9675,0,0,0,0
308.522,0.9675,0,0,0,0
308.557,0.9673,0,0,0,0
308.589,0.9672,0,0,0,0
308.623,0.9669,0,0,0,0
308.656,0.9666,0,0,0,0
308.692,0.9665,0,0,0,0
308.722,0.9661,0,0,0,0
308.759,0.9657,0,0,0,0
308.789,0.9655,0,0,0,0
308.821,0.9651,0,0,0,0
308.857,0.9646,0,0,0,0
308.889,0.9644,0,0,0,0
308.921,0.9640,0,0,0,0
308.954,0.9635,0,0,0,0
308.990,0.9633,0,0,0,0
309.024,0.9629,0,0,0,0
309.059,0.9625,0,0,0,0
309.088,0.9623,0,0,0,0
309.122,0.9619,0,0,0,0
309.154,0.9615,0,0,0,0
309.191,0.9613,0,0,0,0
309.221,0.9610,0,0,0,0
309.254,0.9606,0,0,0,0
309.290,0.9605,0,0,0,0
309.322,0.9602,0,0,0,0
309.354,0.9599,0,0,0,0
309.378,0.9597,0,0,0,0
309.422,0.9594,0,0,0,0
309.458,0.9592,0,0,0,0
309.489,0.9590,0,0,0,0
309.523,0.9588,0,0,0,0
309.558,0.9586,0,0,0,0
309.591,0.9585,0,0,0,0
309.623,0.9583,0,0,0,0
309.656,0.9581,0,0,0,0
309.691,0.9580,0,0,0,0
309.724,0.9578,0,0,0,0
309.757,0.9576,0,0,0,0
309.791,0.9575,0,0,0,0
309.823,0.9574,0,0,0,0
309.859,0.9572,0,0,0,0
309.889,0.9594,2,5,5,2
309.922,0.9626,2,5,5,2
309.956,0.9669,2,5,5,2
309.990,0.9716,2,5,5,2
310.022,0.9758,2,5,5,2
310.055,0.9793,2,5,5,2
310.092,0.9824,2,5,5,2
310.124,0.9823,2,5,5,2
310.156,0.9822,2,5,5,2
310.191,0.9821,2,5,5,2
310.223,0.9821,2,5,5,2
310.254,0.9820,2,5,5,2
310.286,0.9819,2,5,5,2
310.323,0.9819,2,5,5,2
310.356,0.9818,2,5,5,2
310.387,0.9818,2,5,5,2
310.422,0.9817,2,5,5,2
310.458,0.9817,2,5,5,2
310.491,0.9817,2,5,5,2
310.523,0.9816,2,5,5,2
310.556,0.9816,2,5,5,2
310.591,0.9815,2,5,5,2
310.624,0.9815,2,5,5,2
310.658,0.9815,2,5,5,2
310.689,0.9814,2,5,5,2
310.722,0.9814,2,5,5,2
310.756,0.9814,2,5,5,2
310.790,0.9814,2,5,5,2
310.822,0.9813,2,5,5,2
310.858,0.9813,2,5,5,2
310.891,0.9813,2,5,5,2
310.925,0.9813,2,5,5,2
310.956,0.9813,2,5,5,2
310.989,0.9812,2,5,5,2
311.021,0.9812,2,5,5,2
311.054,0.9812,2,5,5,2
311.088,0.9812,2,5,5,2
311.121,0.9812,0,0,0,0
311.155,0.9812,0,0,0,0
311.196,0.9811,0,0,0,0
311.223,0.9811,0,0,0,0
311.256,0.9811,0,0,0,0
311.288,0.9811,0,0,0,0
311.322,0.9811,0,0,0,0
311.358,0.9811,0,0,0,0
311.387,0.9811,0,0,0,0
311.425,0.9811,0,0,0,0
311.454,0.9811,0,0,0,0
311.487,0.9811,0,0,0,0
311.521,0.9810,0,0,0,0
311.558,0.9810,0,0,0,0
311.589,0.9810,0,0,0,0
311.622,0.9810,0,0,0,0
311.656,0.9810,0,0,0,0
311.689,0.9810,0,0,0,0
311.723,0.9810,0,0,0,0
311.754,0.9810,0,0,0,0
311.789,0.9810,0,0,0,0
311.825,0.9810,0,0,0,0
311.856,0.9810,0,0,0,0
311.892,0.9810,0,0,0,0
311.922,0.9810,0,0,0,0
311.955,0.9810,0,0,0,0
311.989,0.9810,0,0,0,0
312.021,0.9809,0,0,0,0
312.054,0.9809,0,0,0,0
312.090,0.9809,0,0,0,0
312.119,0.9809,0,0,0,0
312.144,0.9809,0,0,0,0
312.189,0.9809,0,0,0,0
312.222,0.9809,0,0,0,0
312.258,0.9809,0,0,0,0
312.292,0.9809,0,0,0,0
312.323,0.9809,0,0,0,0
312.357,0.9809,0,0,0,0
312.388,0.9809,0,0,0,0
312.422,0.9809,0,0,0,0
312.461,0.9809,0,0,0,0
312.493,0.9809,0,0,0,0
312.527,0.9809,0,0,0,0
312.560,0.9809,0,0,0,0
312.591,0.9809,0,0,0,0
312.621,0.9809,0,0,0,0
312.657,0.9809,0,0,0,0
312.692,0.9809,0,0,0,0
312.720,0.9809,0,0,0,0
312.755,0.9809,0,0,0,0
312.789,0.9809,0,0,0,0
312.822,0.9809,0,0,0,0
312.855,0.9807,0,0,0,0
312.889,0.9797,0,0,0,0
312.922,0.9783,0,0,0,0
312.955,0.9768,0,0,0,0
312.987,0.9758,0,0,0,0
313.024,0.9755,0,0,0,0
313.059,0.9755,0,0,0,0
313.090,0.9755,0,0,0,0
313.121,0.9755,0,0,0,0
313.156,0.9755,0,0,0,0
313.188,0.9755,0,0,0,0
313.223,0.9724,2,5,5,2
313.254,0.9695,2,5,5,2
313.288,0.9648,2,5,5,2
313.323,0.9587,2,5,5,2
313.355,0.9587,2,5,5,2
313.391,0.9587,2,5,5,2
313.423,0.9587,2,5,5,2
313.458,0.9587,2,5,5,2
313.492,0.9587,2,5,5,2
313.521,0.9586,2,5,5,2
313.557,0.9586,2,5,5,2
313.593,0.9586,2,5,5,2
313.621,0.9586,2,5,5,2
313.658,0.9586,2,5,5,2
313.692,0.9586,2,5,5,2
313.722,0.9586,2,5,5,2
313.754,0.9586,2,5,5,2
313.790,0.9586,2,5,5,2
313.822,0.9586,2,5,5,2
313.861,0.9586,2,5,5,2
313.891,0.9586,2,5,5,2
313.919,0.9586,2,5,5,2
313.955,0.9586,2,5,5,2
313.991,0.9586,2,5,5,2
314.024,0.9586,2,5,5,2
314.055,0.9586,2,5,5,2
314.090,0.9586,2,5,5,2
314.123,0.9586,2,5,5,2
314.156,0.9586,2,5,5,2
314.190,0.9600,2,5,5,2
314.222,0.9621,2,5,5,2
314.257,0.9663,2,5,5,2
314.291,0.9712,2,5,5,2
314.323,0.9758,2,5,5,2
314.355,0.9803,2,5,5,2
314.392,0.9841,2,5,5,2
314.423,0.9841,2,5,5,2
314.454,0.9841,2,5,5,2
314.488,0.9841,2,5,5,2
314.521,0.9841,2,5,5,2
314.554,0.9841,2,5,5,2
314.589,0.9841,2,5,5,2
314.621,0.9841,2,5,5,2
314.659,0.9841,2,5,5,2
314.690,0.9841,2,5,5,2
314.723,0.9841,2,5,5,2
314.757,0.9840,2,5,5,2
314.791,0.9839,2,5,5,2
314.820,0.9835,2,5,5,2
314.857,0.9830,2,5,5,2
314.887,0.9828,2,5,5,2
314.921,0.9823,2,5,5,2
314.957,0.9820,2,5,5,2
314.988,0.9819,2,5,5,2
315.023,0.9819,2,5,5,2
315.056,0.9821,2,5,5,2
315.089,0.9823,2,5,5,2
315.121,0.9827,2,5,5,2
315.156,0.9832,2,5,5,2
315.191,0.9835,2,5,5,2
315.223,0.9841,2,5,5,2
315.257,0.9846,2,5,5,2
315.291,0.9849,2,5,5,2
315.325,0.9854,2,5,5,2
315.355,0.9858,2,5,5,2
315.392,0.9860,2,5,5,2
315.420,0.9863,0,0,0,0
315.458,0.9865,0,0,0,0
315.491,0.9866,0,0,0,0
315.523,0.9868,0,0,0,0
315.554,0.9869,0,0,0,0
315.589,0.9869,0,0,0,0
315.622,0.9870,0,0,0,0
315.656,0.9870,0,0,0,0
315.690,0.9869,0,0,0,0
315.722,0.9869,0,0,0,0
315.756,0.9868,0,0,0,0
315.787,0.9868,0,0,0,0
315.820,0.9867,0,0,0,0
315.855,0.9866,0,0,0,0
315.890,0.9865,0,0,0,0
315.923,0.9864,0,0,0,0
315.956,0.9863,0,0,0,0
315.989,0.9862,0,0,0,0
316.023,0.9861,0,0,0,0
316.058,0.9860,0,0,0,0
316.089,0.9860,0,0,0,0
316.122,0.9852,0,0,0,0
316.154,0.9820,2,5,5,2
316.192,0.9782,2,5,5,2
316.222,0.9768,2,5,5,2
316.254,0.9750,2,5,5,2
316.290,0.9744,2,5,5,2
316.321,0.9737,2,5,5,2
316.357,0.9735,2,5,5,2
316.390,0.9735,2,5,5,2
316.422,0.9737,2,5,5,2
316.455,0.9741,2,5,5,2
316.490,0.9743,2,5,5,2
316.523,0.9748,2,5,5,2
316.555,0.9754,2,5,5,2
316.588,0.9756,2,5,5,2
316.622,0.9761,2,5,5,2
316.656,0.9766,2,5,5,2
316.688,0.9769,2,5,5,2
316.725,0.9773,2,5,5,2
316.757,0.9778,2,5,5,2
316.789,0.9780,2,5,5,2
316.821,0.9784,2,5,5,2
316.858,0.9787,2,5,5,2
316.889,0.9789,2,5,5,2
316.923,0.9792,2,5,5,2
316.956,0.9795,2,5,5,2
316.991,0.9797,2,5,5,2
317.022,0.9800,2,5,5,2
317.056,0.9802,2,5,5,2
317.092,0.9804,2,5,5,2
317.122,0.9805,2,5,5,2
317.157,0.9807,2,5,5,2
317.192,0.9809,2,5,5,2
317.221,0.9810,2,5,5,2
317.254,0.9811,2,5,5,2
317.289,0.9812,0,0,0,0
317.320,0.9814,0,0,0,0
317.356,0.9815,0,0,0,0
317.388,0.9816,0,0,0,0
317.421,0.9817,0,0,0,0
317.456,0.9818,0,0,0,0
317.488,0.9818,0,0,0,0
317.525,0.9819,0,0,0,0
317.555,0.9820,0,0,0,0
317.588,0.9821,0,0,0,0
317.622,0.9821,0,0,0,0
317.656,0.9822,0,0,0,0
317.691,0.9822,0,0,0,0
317.720,0.9823,0,0,0,0
317.755,0.9824,0,0,0,0
317.791,0.9824,0,0,0,0
317.823,0.9825,0,0,0,0
317.858,0.9825,0,0,0,0
317.889,0.9826,0,0,0,0
317.923,0.9826,0,0,0,0
317.956,0.9827,0,0,0,0
317.989,0.9827,0,0,0,0
318.022,0.9827,0,0,0,0
318.056,0.9828,0,0,0,0
318.090,0.9828,0,0,0,0
318.125,0.9828,0,0,0,0
318.155,0.9829,0,0,0,0
318.188,0.9829,0,0,0,0
318.221,0.9829,0,0,0,0
318.255,0.9830,0,0,0,0
318.290,0.9830,0,0,0,0
318.320,0.9830,0,0,0,0
318.357,0.9830,0,0,0,0
318.392,0.9831,0,0,0,0
318.423,0.9831,0,0,0,0
318.457,0.9831,0,0,0,0
318.489,0.9831,0,0,0,0
318.523,0.9831,0,0,0,0
318.558,0.9832,0,0,0,0
318.589,0.9832,0,0,0,0
318.623,0.9832,0,0,0,0
318.658,0.9832,0,0,0,0
318.691,0.9832,0,0,0,0
318.724,0.9833,0,0,0,0
318.759,0.9833,0,0,0,0
318.797,0.9833,0,0,0,0
318.824,0.9833,0,0,0,0
318.856,0.9833,0,0,0,0
318.890,0.9833,0,0,0,0
318.922,0.9833,0,0,0,0
318.956,0.9834,0,0,0,0
318.992,0.9834,0,0,0,0
319.024,0.9834,0,0,0,0
319.053,0.9834,0,0,0,0
319.088,0.9834,0,0,0,0
319.121,0.9834,0,0,0,0
319.155,0.9834,0,0,0,0
319.190,0.9834,0,0,0,0
319.223,0.9834,0,0,0,0
319.255,0.9834,0,0,0,0
319.288,0.9834,0,0,0,0
319.324,0.9835,0,0,0,0
319.355,0.9835,0,0,0,0
319.387,0.9835,0,0,0,0
319.424,0.9835,0,0,0,0
319.458,0.9835,0,0,0,0
319.492,0.9835,0,0,0,0
319.523,0.9835,0,0,0,0
319.556,0.9835,0,0,0,0
319.587,0.9835,0,0,0,0
319.632,0.9835,0,0,0,0
319.655,0.9835,0,0,0,0
319.688,0.9835,0,0,0,0
319.722,0.9835,0,0,0,0
319.757,0.9835,0,0,0,0
319.790,0.9835,0,0,0,0
319.821,0.9835,0,0,0,0
319.854,0.9836,0,0,0,0
319.888,0.9836,0,0,0,0
319.921,0.9836,0,0,0,0
319.954,0.9836,0,0,0,0
319.989,0.9836,0,0,0,0
320.024,0.9836,0,0,0,0
320.054,0.9836,0,0,0,0
320.091,0.9836,0,0,0,0
320.123,0.9836,0,0,0,0
320.157,0.9836,0,0,0,0
320.190,0.9836,0,0,0,0
320.221,0.9836,0,0,0,0
320.255,0.9836,0,0,0,0
320.288,0.9836,0,0,0,0
320.323,0.9836,0,0,0,0
320.358,0.9836,0,0,0,0
320.387,0.9836,0,0,0,0
320.423,0.9836,0,0,0,0
320.454,0.9836,0,0,0,0
320.490,0.9836,0,0,0,0
320.521,0.9836,0,0,0,0
320.556,0.9836,0,0,0,0
320.589,0.9836,0,0,0,0
320.621,0.9836,0,0,0,0
320.658,0.9836,0,0,0,0
320.689,0.9836,0,0,0,0
320.722,0.9836,0,0,0,0
320.758,0.9836,0,0,0,0
320.787,0.9836,0,0,0,0
320.824,0.9836,0,0,0,0
320.854,0.9836,0,0,0,0
320.889,0.9836,0,0,0,0
320.921,0.9836,0,0,0,0
320.955,0.9836,0,0,0,0
320.989,0.9836,0,0,0,0
321.021,0.9836,0,0,0,0
321.057,0.9836,0,0,0,0
321.091,0.9836,0,0,0,0
321.121,0.9836,0,0,0,0
321.157,0.9837,0,0,0,0
321.191,0.9837,0,0,0,0
321.222,0.9837,0,0,0,0
321.256,0.9837,0,0,0,0
321.288,0.9837,0,0,0,0
321.323,0.9837,0,0,0,0
321.354,0.9837,0,0,0,0
321.391,0.9837,0,0,0,0
321.425,0.9837,0,0,0,0
321.455,0.9837,0,0,0,0
321.491,0.9837,0,0,0,0
321.525,0.9837,0,0,0,0
321.556,0.9837,0,0,0,0
321.591,0.9837,0,0,0,0
321.624,0.9837,0,0,0,0
321.658,0.9837,0,0,0,0
321.687,0.9837,0,0,0,0
321.723,0.9837,0,0,0,0
321.756,0.9837,0,0,0,0
321.789,0.9837,0,0,0,0
321.821,0.9837,0,0,0,0
321.854,0.9837,0,0,0,0
321.887,0.9837,0,0,0,0
321.925,0.9837,0,0,0,0
321.954,0.9837,0,0,0,0
321.991,0.9837,0,0,0,0
322.024,0.9837,0,0,0,0
322.059,0.9837,0,0,0,0
322.090,0.9837,0,0,0,0
322.120,0.9837,0,0,0,0
322.162,0.9837,0,0,0,0
322.191,0.9837,0,0,0,0
322.224,0.9837,0,0,0,0
322.254,0.9837,0,0,0,0
322.289,0.9837,0,0,0,0
322.327,0.9837,0,0,0,0
322.358,0.9837,0,0,0,0
322.391,0.9837,0,0,0,0
322.420,0.9837,0,0,0,0
322.454,0.9837,0,0,0,0
322.488,0.9837,0,0,0,0
322.521,0.9837,0,0,0,0
322.555,0.9837,0,0,0,0
322.590,0.9837,0,0,0,0
322.621,0.9837,0,0,0,0
322.654,0.9837,0,0,0,0
322.691,0.9837,0,0,0,0
322.723,0.9837,0,0,0,0
322.755,0.9837,0,0,0,0
322.788,0.9837,0,0,0,0
322.824,0.9837,0,0,0,0
322.855,0.9837,0,0,0,0
322.888,0.9837,0,0,0,0
322.920,0.9837,0,0,0,0
322.956,0.9837,0,0,0,0
322.986,0.9837,0,0,0,0
323.023,0.9837,0,0,0,0
323.054,0.9837,0,0,0,0
323.089,0.9837,0,0,0,0
323.124,0.9837,0,0,0,0
323.158,0.9837,0,0,0,0
323.189,0.9837,0,0,0,0
323.220,0.9837,0,0,0,0
323.255,0.9837,0,0,0,0
323.289,0.9837,0,0,0,0
323.321,0.9837,0,0,0,0
323.355,0.9837,0,0,0,0
323.389,0.9837,0,0,0,0
323.423,0.9837,0,0,0,0
323.456,0.9837,0,0,0,0
323.490,0.9837,0,0,0,0
323.520,0.9837,0,0,0,0
323.554,0.9837,0,0,0,0
323.587,0.9837,0,0,0,0
323.623,0.9837,0,0,0,0
323.654,0.9837,0,0,0,0
323.688,0.9837,0,0,0,0
323.721,0.9837,0,0,0,0
323.754,0.9837,0,0,0,0
323.787,0.9837,0,0,0,0
323.823,0.9837,0,0,0,0
323.854,0.9837,0,0,0,0
323.888,0.9837,0,0,0,0
323.922,0.9837,0,0,0,0
323.957,0.9837,0,0,0,0
323.988,0.9837,0,0,0,0
324.023,0.9837,0,0,0,0
324.054,0.9837,0,0,0,0
324.087,0.9837,0,0,0,0
324.124,0.9837,0,0,0,0
324.158,0.9837,0,0,0,0
324.192,0.9837,0,0,0,0
324.221,0.9837,0,0,0,0
324.254,0.9837,0,0,0,0
324.289,0.9837,0,0,0,0
324.321,0.9837,0,0,0,0
324.354,0.9837,0,0,0,0
324.389,0.9837,0,0,0,0
324.422,0.9837,0,0,0,0
324.456,0.9837,0,0,0,0
324.487,0.9837,0,0,0,0
324.523,0.9837,0,0,0,0
324.554,0.9837,0,0,0,0
324.587,0.9837,0,0,0,0
324.622,0.9837,0,0,0,0
324.655,0.9837,0,0,0,0
324.688,0.9837,0,0,0,0
324.723,0.9837,0,0,0,0
324.755,0.9837,0,0,0,0
324.789,0.9837,0,0,0,0
324.823,0.9837,0,0,0,0
324.858,0.9837,0,0,0,0
324.891,0.9837,0,0,0,0
324.921,0.9837,0,0,0,0
324.957,0.9837,0,0,0,0
324.988,0.9837,0,0,0,0
325.022,0.9837,0,0,0,0
325.055,0.9837,0,0,0,0
325.089,0.9837,0,0,0,0
325.121,0.9837,0,0,0,0
325.154,0.9837,0,0,0,0
325.188,0.9837,0,0,0,0
325.221,0.9837,0,0,0,0
325.255,0.9837,0,0,0,0
325.287,0.9837,0,0,0,0
325.324,0.9837,0,0,0,0
325.353,0.9837,0,0,0,0
325.388,0.9837,0,0,0,0
325.422,0.9837,0,0,0,0
325.455,0.9837,0,0,0,0
325.489,0.9837,0,0,0,0
325.522,0.9837,0,0,0,0
325.556,0.9837,0,0,0,0
325.588,0.9837,0,0,0,0
325.624,0.9837,0,0,0,0
325.658,0.9837,0,0,0,0
325.689,0.9837,0,0,0,0
325.722,0.9837,0,0,0,0
325.754,0.9837,0,0,0,0
325.789,0.9837,0,0,0,0
325.822,0.9837,0,0,0,0
325.855,0.9837,0,0,0,0
325.889,0.9837,0,0,0,0
325.922,0.9837,0,0,0,0
325.958,0.9837,0,0,0,0
325.988,0.9837,0,0,0,0
326.024,0.9837,0,0,0,0
326.054,0.9837,0,0,0,0
326.088,0.9837,0,0,0,0
326.121,0.9837,0,0,0,0
326.157,0.9837,0,0,0,0
326.190,0.9837,0,0,0,0
326.222,0.9837,0,0,0,0
326.255,0.9837,0,0,0,0
326.290,0.9837,0,0,0,0
326.320,0.9837,0,0,0,0
326.355,0.9837,0,0,0,0
326.387,0.9837,0,0,0,0
326.421,0.9837,0,0,0,0
326.455,0.9837,0,0,0,0
326.492,0.9837,0,0,0,0
326.513,0.9837,0,0,0,0
326.557,0.9837,0,0,0,0
326.589,0.9837,0,0,0,0
326.622,0.9837,0,0,0,0
326.655,0.9837,0,0,0,0
326.689,0.9837,0,0,0,0
326.722,0.9837,0,0,0,0
326.756,0.9837,0,0,0,0
326.790,0.9837,0,0,0,0
326.823,0.9837,0,0,0,0
326.858,0.9837,0,0,0,0
326.888,0.9837,0,0,0,0
326.925,0.9837,0,0,0,0
326.954,0.9837,0,0,0,0
326.990,0.9837,0,0,0,0
327.024,0.9837,0,0,0,0
327.055,0.9837,0,0,0,0
327.089,0.9837,0,0,0,0
327.124,0.9837,0,0,0,0
327.155,0.9837,0,0,0,0
327.188,0.9837,0,0,0,0
327.225,0.9837,0,0,0,0
327.255,0.9837,0,0,0,0
327.290,0.9837,0,0,0,0
327.323,0.9837,0,0,0,0
327.355,0.9837,0,0,0,0
327.388,0.9837,0,0,0,0
327.417,0.9837,0,0,0,0
327.454,0.9837,0,0,0,0
327.490,0.9837,0,0,0,0
327.523,0.9837,0,0,0,0
327.556,0.9837,0,0,0,0
327.587,0.9837,0,0,0,0
327.625,0.9837,0,0,0,0
327.659,0.9837,0,0,0,0
327.688,0.9837,0,0,0,0
327.724,0.9837,0,0,0,0
327.757,0.9837,0,0,0,0
327.789,0.9837,0,0,0,0
327.823,0.9837,0,0,0,0
327.854,0.9837,0,0,0,0
327.889,0.9837,0,0,0,0
327.922,0.9837,0,0,0,0
327.955,0.9837,0,0,0,0
327.990,0.9837,0,0,0,0
328.025,0.9837,0,0,0,0
328.057,0.9837,0,0,0,0
328.092,0.9837,0,0,0,0
328.121,0.9837,0,0,0,0
328.156,0.9837,0,0,0,0
328.190,0.9838,0,0,0,0
328.221,0.9838,0,0,0,0
328.254,0.9838,0,0,0,0
328.288,0.9838,0,0,0,0
328.325,0.9838,0,0,0,0
328.356,0.9838,0,0,0,0
328.390,0.9838,0,0,0,0
328.424,0.9838,0,0,0,0
328.455,0.9838,0,0,0,0
328.492,0.9838,0,0,0,0
328.522,0.9838,0,0,0,0
328.555,0.9838,0,0,0,0
328.589,0.9838,0,0,0,0
328.623,0.9838,0,0,0,0
328.654,0.9838,0,0,0,0
328.688,0.9838,0,0,0,0
328.725,0.9838,0,0,0,0
328.754,0.9838,0,0,0,0
328.787,0.9838,0,0,0,0
328.822,0.9838,0,0,0,0
328.856,0.9838,0,0,0,0
328.889,0.9838,0,0,0,0
328.921,0.9838,0,0,0,0
328.956,0.9838,0,0,0,0
328.989,0.9838,0,0,0,0
329.023,0.9838,0,0,0,0
329.063,0.9838,0,0,0,0
329.090,0.9838,0,0,0,0
329.121,0.9838,0,0,0,0
329.159,0.9838,0,0,0,0
329.191,0.9838,0,0,0,0
329.222,0.9838,0,0,0,0
329.252,0.9838,0,0,0,0
329.290,0.9838,0,0,0,0
329.324,0.9838,0,0,0,0
329.355,0.9838,0,0,0,0
329.390,0.9838,0,0,0,0
329.424,0.9838,0,0,0,0
329.455,0.9838,0,0,0,0
329.492,0.9838,0,0,0,0
329.521,0.9838,0,0,0,0
329.555,0.9838,0,0,0,0
329.592,0.9838,0,0,0,0
329.622,0.9838,0,0,0,0
329.655,0.9838,0,0,0,0
329.691,0.9838,0,0,0,0
329.721,0.9838,0,0,0,0
329.759,0.9838,0,0,0,0
329.787,0.9838,0,0,0,0
329.824,0.9838,0,0,0,0
329.856,0.9838,0,0,0,0
329.891,0.9838,0,0,0,0
329.923,0.9838,0,0,0,0
329.953,0.9838,0,0,0,0
329.991,0.9838,0,0,0,0
330.026,0.9838,0,0,0,0
330.059,0.9838,0,0,0,0
330.090,0.9838,0,0,0,0
330.120,0.9838,0,0,0,0
330.155,0.9838,0,0,0,0
330.190,0.9838,0,0,0,0
330.221,0.9838,0,0,0,0
330.254,0.9838,0,0,0,0
330.288,0.9838,0,0,0,0
330.321,0.9838,0,0,0,0
330.356,0.9838,0,0,0,0
330.389,0.9838,0,0,0,0
330.722,0.9838,0,0,0,0
330.739,0.9838,0,0,0,0
330.767,0.9838,0,0,0,0
330.802,0.9838,0,0,0,0
330.834,0.9838,0,0,0,0
330.870,0.9838,0,0,0,0
330.900,0.9838,0,0,0,0
330.933,0.9838,0,0,0,0
330.971,0.9838,0,0,0,0
331.000,0.9838,0,0,0,0
331.040,0.9838,0,0,0,0
331.065,0.9838,0,0,0,0
331.099,0.9838,0,0,0,0
331.138,0.9838,0,0,0,0
331.167,0.9838,0,0,0,0
331.203,0.9838,0,0,0,0
331.233,0.9838,0,0,0,0
331.269,0.9838,0,0,0,0
331.300,0.9838,0,0,0,0
331.334,0.9838,0,0,0,0
331.367,0.9838,0,0,0,0
331.400,0.9838,0,0,0,0
331.437,0.9838,0,0,0,0
331.468,0.9838,0,0,0,0
331.501,0.9838,0,0,0,0
331.539,0.9838,0,0,0,0
331.567,0.9838,0,0,0,0
331.599,0.9838,0,0,0,0
331.635,0.9838,0,0,0,0
331.673,0.9838,0,0,0,0
331.702,0.9838,0,0,0,0
331.733,0.9838,0,0,0,0
331.769,0.9838,0,0,0,0
331.806,0.9838,0,0,0,0
331.837,0.9838,0,0,0,0
331.866,0.9838,0,0,0,0
331.900,0.9838,0,0,0,0
331.935,0.9838,0,0,0,0
331.968,0.9838,0,0,0,0
332.002,0.9838,0,0,0,0
332.034,0.9838,0,0,0,0
332.068,0.9838,0,0,0,0
332.102,0.9838,0,0,0,0
332.134,0.9838,0,0,0,0
332.168,0.9838,0,0,0,0
332.202,0.9838,0,0,0,0
332.235,0.9838,0,0,0,0
332.268,0.9838,0,0,0,0
332.300,0.9838,0,0,0,0
332.337,0.9838,0,0,0,0
332.365,0.9838,0,0,0,0
332.401,0.9838,0,0,0,0
332.436,0.9838,0,0,0,0
332.467,0.9838,0,0,0,0
332.500,0.9838,0,0,0,0
332.535,0.9838,0,0,0,0
332.567,0.9838,0,0,0,0
332.604,0.9838,0,0,0,0
332.634,0.9838,0,0,0,0
332.668,0.9838,0,0,0,0
332.702,0.9838,0,0,0,0
332.735,0.9838,0,0,0,0
332.769,0.9838,0,0,0,0
332.801,0.9838,0,0,0,0
332.835,0.9838,0,0,0,0
332.872,0.9838,0,0,0,0
332.903,0.9838,0,0,0,0
332.937,0.9838,0,0,0,0
332.967,0.9838,0,0,0,0
333.000,0.9838,0,0,0,0
333.034,0.9838,0,0,0,0
333.067,0.9838,0,0,0,0
333.100,0.9838,0,0,0,0
333.134,0.9838,0,0,0,0
333.167,0.9838,0,0,0,0
333.201,0.9838,0,0,0,0
333.235,0.9838,0,0,0,0
333.266,0.9838,0,0,0,0
333.301,0.9838,0,0,0,0
333.336,0.9838,0,0,0,0
333.367,0.9838,0,0,0,0
333.399,0.9838,0,0,0,0
333.436,0.9838,0,0,0,0
333.469,0.9838,0,0,0,0
333.501,0.9838,0,0,0,0
333.533,0.9838,0,0,0,0
333.569,0.9838,0,0,0,0
333.601,0.9838,0,0,0,0
333.633,0.9838,0,0,0,0
333.670,0.9838,0,0,0,0
333.703,0.9838,0,0,0,0
333.736,0.9838,0,0,0,0
333.768,0.9838,0,0,0,0
333.801,0.9838,0,0,0,0
333.834,0.9838,0,0,0,0
333.867,0.9838,0,0,0,0
333.900,0.9838,0,0,0,0
333.941,0.9838,0,0,0,0
333.967,0.9838,0,0,0,0
334.001,0.9838,0,0,0,0
334.034,0.9838,0,0,0,0
334.074,0.9838,0,0,0,0
334.101,0.9838,0,0,0,0
334.134,0.9838,0,0,0,0
334.170,0.9838,0,0,0,0
334.203,0.9838,0,0,0,0
334.234,0.9838,0,0,0,0
334.267,0.9838,0,0,0,0
334.301,0.9838,0,0,0,0
334.335,0.9838,0,0,0,0
334.368,0.9838,0,0,0,0
334.401,0.9838,0,0,0,0
334.435,0.9838,0,0,0,0
334.467,0.9838,0,0,0,0
334.500,0.9838,0,0,0,0
334.536,0.9838,0,0,0,0
334.568,0.9838,0,0,0,0
334.601,0.9838,0,0,0,0
334.637,0.9838,0,0,0,0
334.667,0.9838,0,0,0,0
334.701,0.9838,0,0,0,0
334.735,0.9838,0,0,0,0
334.767,0.9838,0,0,0,0
334.799,0.9838,0,0,0,0
334.833,0.9838,0,0,0,0
334.867,0.9838,0,0,0,0
334.901,0.9838,0,0,0,0
334.943,0.9838,0,0,0,0
334.969,0.9838,0,0,0,0
335.001,0.9838,0,0,0,0
335.034,0.9838,0,0,0,0
335.069,0.9838,0,0,0,0
335.102,0.9838,0,0,0,0
335.135,0.9838,0,0,0,0
335.168,0.9838,0,0,0,0
335.201,0.9838,0,0,0,0
335.236,0.9838,0,0,0,0
335.270,0.9838,0,0,0,0
335.301,0.9839,0,0,0,0
335.334,0.9839,0,0,0,0
335.374,0.9839,0,0,0,0
335.398,0.9839,0,0,0,0
335.436,0.9839,0,0,0,0
335.467,0.9839,0,0,0,0
335.503,0.9839,0,0,0,0
335.535,0.9839,0,0,0,0
335.569,0.9839,0,0,0,0
335.602,0.9839,0,0,0,0
335.635,0.9839,0,0,0,0
335.669,0.9839,0,0,0,0
335.702,0.9839,0,0,0,0
335.733,0.9839,0,0,0,0
335.767,0.9839,0,0,0,0
335.800,0.9839,0,0,0,0
335.836,0.9839,0,0,0,0
335.869,0.9839,0,0,0,0
335.901,0.9839,0,0,0,0
335.933,0.9839,0,0,0,0
335.964,0.9839,0,0,0,0
336.000,0.9839,0,0,0,0
336.033,0.9839,0,0,0,0
336.069,0.9839,0,0,0,0
336.100,0.9839,0,0,0,0
336.133,0.9839,0,0,0,0
336.169,0.9839,0,0,0,0
336.209,0.9839,0,0,0,0
336.235,0.9839,0,0,0,0
336.268,0.9839,0,0,0,0
336.301,0.9839,0,0,0,0
336.333,0.9839,0,0,0,0
336.369,0.9839,0,0,0,0
336.400,0.9839,0,0,0,0
336.435,0.9839,0,0,0,0
336.469,0.9839,0,0,0,0
336.501,0.9839,0,0,0,0
336.534,0.9839,0,0,0,0
336.568,0.9839,0,0,0,0
336.601,0.9839,0,0,0,0
336.635,0.9839,0,0,0,0
336.664,0.9839,0,0,0,0
336.703,0.9839,0,0,0,0
336.738,0.9839,0,0,0,0
336.766,0.9839,0,0,0,0
336.802,0.9839,0,0,0,0
336.835,0.9839,0,0,0,0
336.866,0.9839,0,0,0,0
336.899,0.9839,0,0,0,0
336.932,0.9839,0,0,0,0
336.971,0.9839,0,0,0,0
336.998,0.9839,0,0,0,0
337.034,0.9839,0,0,0,0
337.061,0.9839,0,0,0,0
337.101,0.9839,0,0,0,0
337.133,0.9839,0,0,0,0
337.170,0.9839,0,0,0,0
337.204,0.9839,0,0,0,0
337.235,0.9839,0,0,0,0
337.266,0.9839,0,0,0,0
337.299,0.9839,0,0,0,0
337.332,0.9839,0,0,0,0
337.367,0.9839,0,0,0,0
337.403,0.9839,0,0,0,0
337.438,0.9839,0,0,0,0
337.467,0.9839,0,0,0,0
337.502,0.9839,0,0,0,0
337.534,0.9839,0,0,0,0
337.570,0.9839,0,0,0,0
337.602,0.9839,0,0,0,0
337.636,0.9839,0,0,0,0
337.665,0.9839,0,0,0,0
337.701,0.9839,0,0,0,0
337.735,0.9839,0,0,0,0
337.770,0.9839,0,0,0,0
337.803,0.9839,0,0,0,0
337.834,0.9839,0,0,0,0
337.868,0.9839,0,0,0,0
337.902,0.9839,0,0,0,0
337.934,0.9839,0,0,0,0
337.969,0.9839,0,0,0,0
338.001,0.9839,0,0,0,0
338.032,0.9839,0,0,0,0
338.067,0.9839,0,0,0,0
338.099,0.9839,0,0,0,0
338.135,0.9839,0,0,0,0
338.171,0.9839,0,0,0,0
338.206,0.9839,0,0,0,0
338.235,0.9835,0,0,0,0
338.270,0.9818,2,5,5,2
338.299,0.9800,2,5,5,2
338.336,0.9774,2,5,5,2
338.368,0.9774,2,5,5,2
338.404,0.9774,2,5,5,2
338.436,0.9774,2,5,5,2
338.468,0.9774,2,5,5,2
338.502,0.9774,2,5,5,2
338.538,0.9750,2,5,5,2
338.568,0.9726,2,5,5,2
338.602,0.9696,2,5,5,2
338.633,0.9662,2,5,5,2
338.667,0.9622,2,5,5,2
338.700,0.9622,2,5,5,2
338.732,0.9622,2,5,5,2
338.778,0.9622,2,5,5,2
338.801,0.9622,2,5,5,2
338.834,0.9622,2,5,5,2
338.869,0.9622,2,5,5,2
338.903,0.9622,2,5,5,2
338.934,0.9616,2,5,5,2
338.970,0.9599,2,5,5,2
339.002,0.9595,2,5,5,2
339.035,0.9595,2,5,5,2
339.067,0.9595,2,5,5,2
339.099,0.9595,2,5,5,2
339.137,0.9595,2,5,5,2
339.166,0.9595,2,5,5,2
339.200,0.9595,2,5,5,2
339.237,0.9595,2,5,5,2
339.269,0.9595,2,5,5,2
339.302,0.9595,2,5,5,2
339.336,0.9595,2,5,5,2
339.368,0.9595,2,5,5,2
339.402,0.9595,2,5,5,2
339.434,0.9595,2,5,5,2
339.466,0.9595,2,5,5,2
339.503,0.9595,2,5,5,2
339.537,0.9595,2,5,5,2
339.570,0.9595,2,5,5,2
339.602,0.9595,2,5,5,2
339.624,0.9595,2,5,5,2
339.668,0.9595,2,5,5,2
339.701,0.9595,2,5,5,2
339.733,0.9595,2,5,5,2
339.766,0.9595,2,5,5,2
339.804,0.9595,2,5,5,2
339.834,0.9595,2,5,5,2
339.872,0.9595,2,5,5,2
339.904,0.9595,2,5,5,2
339.932,0.9595,2,5,5,2
339.967,0.9595,2,5,5,2
340.000,0.9595,0,0,0,0
340.033,0.9595,0,0,0,0
340.066,0.9595,0,0,0,0
340.103,0.9595,0,0,0,0
340.132,0.9595,0,0,0,0
340.170,0.9595,0,0,0,0
340.201,0.9595,0,0,0,0
340.237,0.9595,0,0,0,0
340.267,0.9588,0,0,0,0
340.304,0.9558,2,5,5,2
340.333,0.9513,2,5,5,2
340.370,0.9494,2,5,5,2
340.401,0.9468,2,5,5,2
340.436,0.9454,2,5,5,2
340.468,0.9451,2,5,5,2
340.501,0.9448,2,5,5,2
340.536,0.9449,2,5,5,2
340.570,0.9451,2,5,5,2
340.603,0.9457,2,5,5,2
340.637,0.9463,2,5,5,2
340.668,0.9467,2,5,5,2
340.700,0.9474,2,5,5,2
340.736,0.9482,2,5,5,2
340.770,0.9485,2,5,5,2
340.803,0.9492,2,5,5,2
340.836,0.9499,2,5,5,2
340.868,0.9502,2,5,5,2
340.903,0.9509,2,5,5,2
340.936,0.9514,2,5,5,2
340.968,0.9517,2,5,5,2
340.999,0.9522,2,5,5,2
341.034,0.9527,2,5,5,2
341.067,0.9529,2,5,5,2
341.103,0.9533,2,5,5,2
341.137,0.9537,2,5,5,2
341.170,0.9539,2,5,5,2
341.201,0.9543,2,5,5,2
341.234,0.9546,2,5,5,2
341.265,0.9547,2,5,5,2
341.302,0.9550,2,5,5,2
341.334,0.9552,2,5,5,2
341.367,0.9554,2,5,5,2
341.404,0.9556,0,0,0,0
341.434,0.9558,0,0,0,0
341.469,0.9559,0,0,0,0
341.503,0.9561,0,0,0,0
341.532,0.9563,0,0,0,0
341.569,0.9563,0,0,0,0
341.602,0.9565,0,0,0,0
341.634,0.9566,0,0,0,0
341.665,0.9567,0,0,0,0
341.702,0.9568,0,0,0,0
341.732,0.9570,0,0,0,0
341.770,0.9570,0,0,0,0
341.802,0.9571,0,0,0,0
341.834,0.9573,0,0,0,0
341.869,0.9573,0,0,0,0
341.902,0.9574,0,0,0,0
341.934,0.9575,0,0,0,0
341.967,0.9575,0,0,0,0
341.999,0.9576,0,0,0,0
342.035,0.9577,0,0,0,0
342.068,0.9577,0,0,0,0
342.103,0.9578,0,0,0,0
342.135,0.9579,0,0,0,0
342.164,0.9579,0,0,0,0
342.202,0.9580,0,0,0,0
342.236,0.9581,0,0,0,0
342.266,0.9581,0,0,0,0
342.300,0.9581,0,0,0,0
342.335,0.9582,0,0,0,0
342.369,0.9582,0,0,0,0
342.402,0.9583,0,0,0,0
342.435,0.9587,0,0,0,0
342.466,0.9595,0,0,0,0
342.503,0.9617,2,5,5,2
342.532,0.9637,2,5,5,2
342.570,0.9665,2,5,5,2
342.602,0.9690,2,5,5,2
342.635,0.9712,2,5,5,2
342.669,0.9729,2,5,5,2
342.701,0.9739,2,5,5,2
342.734,0.9744,2,5,5,2
342.770,0.9744,2,5,5,2
342.803,0.9744,2,5,5,2
342.836,0.9743,2,5,5,2
342.866,0.9743,2,5,5,2
342.901,0.9741,2,5,5,2
342.939,0.9738,2,5,5,2
342.970,0.9737,2,5,5,2
343.002,0.9734,2,5,5,2
343.043,0.9731,2,5,5,2
343.069,0.9731,2,5,5,2
343.101,0.9731,2,5,5,2
343.136,0.9733,2,5,5,2
343.166,0.9734,2,5,5,2
343.203,0.9738,2,5,5,2
343.234,0.9740,2,5,5,2
343.266,0.9741,2,5,5,2
343.299,0.9743,2,5,5,2
343.334,0.9747,2,5,5,2
343.369,0.9749,2,5,5,2
343.403,0.9755,2,5,5,2
343.433,0.9760,2,5,5,2
343.471,0.9763,2,5,5,2
343.499,0.9769,2,5,5,2
343.532,0.9776,2,5,5,2
343.568,0.9779,2,5,5,2
343.603,0.9785,2,5,5,2
343.634,0.9791,2,5,5,2
343.669,0.9793,0,0,0,0
343.699,0.9798,0,0,0,0
343.733,0.9802,0,0,0,0
343.766,0.9803,0,0,0,0
343.804,0.9806,0,0,0,0
343.833,0.9807,0,0,0,0
343.870,0.9808,0,0,0,0
343.900,0.9809,0,0,0,0
343.934,0.9809,0,0,0,0
343.969,0.9809,0,0,0,0
344.002,0.9808,0,0,0,0
344.036,0.9807,0,0,0,0
344.069,0.9807,0,0,0,0
344.103,0.9805,0,0,0,0
344.134,0.9804,0,0,0,0
344.171,0.9803,0,0,0,0
344.201,0.9782,2,5,5,2
344.235,0.9740,2,5,5,2
344.268,0.9713,2,5,5,2
344.300,0.9653,2,5,5,2
344.335,0.9588,2,5,5,2
344.367,0.9556,2,5,5,2
344.401,0.9513,2,5,5,2
344.434,0.9490,2,5,5,2
344.467,0.9484,2,5,5,2
344.504,0.9480,2,5,5,2
344.533,0.9473,2,5,5,2
344.567,0.9472,2,5,5,2
344.599,0.9471,2,5,5,2
344.633,0.9469,2,5,5,2
344.665,0.9468,2,5,5,2
344.700,0.9468,2,5,5,2
344.732,0.9468,2,5,5,2
344.770,0.9468,2,5,5,2
344.800,0.9468,2,5,5,2
344.833,0.9467,2,5,5,2
344.867,0.9468,2,5,5,2
344.903,0.9469,2,5,5,2
344.932,0.9470,2,5,5,2
344.964,0.9471,2,5,5,2
345.004,0.9472,2,5,5,2
345.036,0.9473,2,5,5,2
345.067,0.9473,2,5,5,2
345.100,0.9475,2,5,5,2
345.131,0.9476,2,5,5,2
345.166,0.9477,2,5,5,2
345.200,0.9478,2,5,5,2
345.233,0.9480,2,5,5,2
345.259,0.9480,2,5,5,2
345.299,0.9481,2,5,5,2
345.331,0.9481,2,5,5,2
345.365,0.9483,2,5,5,2
345.401,0.9485,2,5,5,2
345.435,0.9486,0,0,0,0
345.468,0.9486,0,0,0,0
345.500,0.9487,0,0,0,0
345.533,0.9488,0,0,0,0
345.568,0.9489,0,0,0,0
345.601,0.9490,0,0,0,0
345.633,0.9491,0,0,0,0
345.669,0.9491,0,0,0,0
345.707,0.9492,0,0,0,0
345.742,0.9493,0,0,0,0
345.771,0.9494,0,0,0,0
345.800,0.9495,0,0,0,0
345.836,0.9495,0,0,0,0
345.869,0.9495,0,0,0,0
345.902,0.9496,0,0,0,0
345.934,0.9498,0,0,0,0
345.973,0.9507,0,0,0,0
346.000,0.9512,0,0,0,0
346.037,0.9510,0,0,0,0
346.070,0.9510,0,0,0,0
346.103,0.9514,0,0,0,0
346.136,0.9520,0,0,0,0
346.167,0.9524,0,0,0,0
346.203,0.9532,0,0,0,0
346.238,0.9541,0,0,0,0
346.269,0.9538,0,0,0,0
346.307,0.9537,0,0,0,0
346.332,0.9539,0,0,0,0
346.368,0.9541,0,0,0,0
346.400,0.9547,0,0,0,0
346.433,0.9554,0,0,0,0
346.466,0.9558,0,0,0,0
346.503,0.9558,0,0,0,0
346.535,0.9556,0,0,0,0
346.568,0.9556,0,0,0,0
346.604,0.9559,0,0,0,0
346.626,0.9561,0,0,0,0
346.671,0.9567,0,0,0,0
346.700,0.9573,0,0,0,0
346.735,0.9580,0,0,0,0
346.768,0.9584,0,0,0,0
346.802,0.9578,0,0,0,0
346.835,0.9577,0,0,0,0
346.867,0.9578,0,0,0,0
346.901,0.9581,0,0,0,0
346.935,0.9585,0,0,0,0
346.968,0.9588,0,0,0,0
347.001,0.9594,0,0,0,0
347.034,0.9600,0,0,0,0
347.067,0.9603,0,0,0,0
347.101,0.9597,0,0,0,0
347.134,0.9595,0,0,0,0
347.167,0.9595,0,0,0,0
347.202,0.9597,0,0,0,0
347.234,0.9601,0,0,0,0
347.267,0.9603,0,0,0,0
347.300,0.9609,0,0,0,0
347.333,0.9614,0,0,0,0
347.368,0.9617,0,0,0,0
347.403,0.9622,0,0,0,0
347.435,0.9615,0,0,0,0
347.470,0.9613,0,0,0,0
347.500,0.9612,0,0,0,0
347.536,0.9614,0,0,0,0
347.568,0.9615,0,0,0,0
347.600,0.9619,0,0,0,0
347.635,0.9623,0,0,0,0
347.670,0.9625,0,0,0,0
347.700,0.9630,0,0,0,0
347.734,0.9635,0,0,0,0
347.768,0.9638,0,0,0,0
347.800,0.9630,0,0,0,0
347.833,0.9627,0,0,0,0
347.867,0.9626,0,0,0,0
347.901,0.9627,0,0,0,0
347.936,0.9629,0,0,0,0
347.968,0.9631,0,0,0,0
348.001,0.9635,0,0,0,0
348.035,0.9639,0,0,0,0
348.069,0.9641,0,0,0,0
348.103,0.9645,0,0,0,0
348.136,0.9650,0,0,0,0
348.168,0.9652,0,0,0,0
348.201,0.9649,0,0,0,0
348.233,0.9643,0,0,0,0
348.266,0.9642,0,0,0,0
348.303,0.9641,0,0,0,0
348.335,0.9642,0,0,0,0
348.370,0.9643,0,0,0,0
348.402,0.9645,0,0,0,0
348.436,0.9649,0,0,0,0
348.466,0.9651,0,0,0,0
348.504,0.9654,0,0,0,0
348.535,0.9658,0,0,0,0
348.568,0.9660,0,0,0,0
348.602,0.9664,0,0,0,0
348.636,0.9668,0,0,0,0
348.669,0.9670,0,0,0,0
348.705,0.9666,0,0,0,0
348.736,0.9659,0,0,0,0
348.768,0.9657,0,0,0,0
348.803,0.9655,0,0,0,0
348.833,0.9656,0,0,0,0
348.867,0.9656,0,0,0,0
348.903,0.9658,0,0,0,0
348.934,0.9661,0,0,0,0
348.967,0.9663,0,0,0,0
348.998,0.9666,0,0,0,0
349.033,0.9669,0,0,0,0
349.071,0.9671,0,0,0,0
349.102,0.9674,0,0,0,0
349.137,0.9678,0,0,0,0
349.171,0.9679,0,0,0,0
349.204,0.9682,0,0,0,0
349.236,0.9685,0,0,0,0
349.266,0.9686,0,0,0,0
349.299,0.9682,0,0,0,0
349.336,0.9674,0,0,0,0
349.370,0.9672,0,0,0,0
349.402,0.9669,0,0,0,0
349.433,0.9669,0,0,0,0
349.471,0.9669,0,0,0,0
349.497,0.9671,0,0,0,0
349.534,0.9673,0,0,0,0
349.560,0.9674,0,0,0,0
349.602,0.9677,0,0,0,0
349.635,0.9680,0,0,0,0
349.667,0.9681,0,0,0,0
349.703,0.9684,0,0,0,0
349.737,0.9687,0,0,0,0
349.770,0.9688,0,0,0,0
349.802,0.9691,0,0,0,0
349.838,0.9693,0,0,0,0
349.859,0.9694,0,0,0,0
349.902,0.9697,0,0,0,0
349.937,0.9699,0,0,0,0
349.968,0.9700,0,0,0,0
350.001,0.9702,0,0,0,0
350.033,0.9691,0,0,0,0
350.070,0.9687,0,0,0,0
350.101,0.9676,0,0,0,0
350.133,0.9651,2,5,5,2
350.170,0.9642,2,5,5,2
350.202,0.9632,2,5,5,2
350.236,0.9627,2,5,5,2
350.265,0.9626,2,5,5,2
350.303,0.9627,2,5,5,2
350.334,0.9629,2,5,5,2
350.367,0.9631,2,5,5,2
350.401,0.9636,2,5,5,2
350.433,0.9641,2,5,5,2
350.469,0.9643,2,5,5,2
350.498,0.9649,2,5,5,2
350.529,0.9651,2,5,5,2
350.569,0.9656,2,5,5,2
350.600,0.9661,2,5,5,2
350.634,0.9666,2,5,5,2
350.668,0.9668,2,5,5,2
350.701,0.9672,2,5,5,2
350.737,0.9676,2,5,5,2
350.766,0.9678,2,5,5,2
350.802,0.9681,2,5,5,2
350.835,0.9685,2,5,5,2
350.870,0.9686,2,5,5,2
350.903,0.9689,2,5,5,2
350.935,0.9692,2,5,5,2
350.967,0.9693,2,5,5,2
351.002,0.9695,2,5,5,2
351.033,0.9697,2,5,5,2
351.070,0.9698,2,5,5,2
351.100,0.9700,2,5,5,2
351.135,0.9702,0,0,0,0
351.167,0.9703,0,0,0,0
351.200,0.9705,0,0,0,0
351.236,0.9707,0,0,0,0
351.268,0.9707,0,0,0,0
351.304,0.9709,0,0,0,0
351.336,0.9710,0,0,0,0
351.367,0.9711,0,0,0,0
351.403,0.9712,0,0,0,0
351.435,0.9713,0,0,0,0
351.464,0.9713,0,0,0,0
351.500,0.9712,0,0,0,0
351.535,0.9709,0,0,0,0
351.570,0.9707,0,0,0,0
351.603,0.9704,0,0,0,0
351.634,0.9702,0,0,0,0
351.667,0.9702,0,0,0,0
351.703,0.9702,0,0,0,0
351.737,0.9704,0,0,0,0
351.766,0.9705,0,0,0,0
351.802,0.9707,0,0,0,0
351.833,0.9710,0,0,0,0
351.870,0.9711,0,0,0,0
351.902,0.9713,0,0,0,0
351.937,0.9717,0,0,0,0
351.966,0.9718,0,0,0,0
352.000,0.9721,0,0,0,0
352.034,0.9723,0,0,0,0
352.068,0.9743,2,5,5,2
352.102,0.9769,2,5,5,2
352.133,0.9803,2,5,5,2
352.170,0.9843,2,5,5,2
352.202,0.9871,2,5,5,2
352.232,0.9874,2,5,5,2
352.270,0.9875,2,5,5,2
352.303,0.9878,2,5,5,2
352.337,0.9879,2,5,5,2
352.369,0.9880,2,5,5,2
352.398,0.9882,2,5,5,2
352.423,0.9882,2,5,5,2
352.467,0.9883,2,5,5,2
352.503,0.9884,2,5,5,2
352.533,0.9884,2,5,5,2
352.567,0.9884,2,5,5,2
352.602,0.9884,2,5,5,2
352.636,0.9884,2,5,5,2
352.666,0.9884,2,5,5,2
352.701,0.9883,2,5,5,2
352.733,0.9883,2,5,5,2
352.766,0.9883,2,5,5,2
352.804,0.9882,2,5,5,2
352.836,0.9882,2,5,5,2
352.868,0.9882,2,5,5,2
352.901,0.9881,2,5,5,2
352.936,0.9881,2,5,5,2
352.968,0.9880,2,5,5,2
353.003,0.9880,2,5,5,2
353.033,0.9879,2,5,5,2
353.066,0.9879,2,5,5,2
353.103,0.9879,2,5,5,2
353.132,0.9878,2,5,5,2
353.169,0.9878,2,5,5,2
353.203,0.9878,0,0,0,0
353.237,0.9877,0,0,0,0
353.267,0.9877,0,0,0,0
353.302,0.9877,0,0,0,0
353.337,0.9876,0,0,0,0
353.369,0.9876,0,0,0,0
353.399,0.9876,0,0,0,0
353.435,0.9876,0,0,0,0
353.466,0.9876,0,0,0,0
353.502,0.9876,0,0,0,0
353.536,0.9875,0,0,0,0
353.566,0.9875,0,0,0,0
353.602,0.9875,0,0,0,0
353.635,0.9875,0,0,0,0
353.666,0.9875,0,0,0,0
353.701,0.9875,0,0,0,0
353.737,0.9875,0,0,0,0
353.770,0.9875,0,0,0,0
353.801,0.9874,0,0,0,0
353.833,0.9874,0,0,0,0
353.867,0.9874,0,0,0,0
353.903,0.9874,0,0,0,0
353.932,0.9874,0,0,0,0
353.969,0.9874,0,0,0,0
354.003,0.9874,0,0,0,0
354.034,0.9874,0,0,0,0
354.068,0.9874,0,0,0,0
354.099,0.9874,0,0,0,0
354.136,0.9874,0,0,0,0
354.169,0.9874,0,0,0,0
354.201,0.9874,0,0,0,0
354.237,0.9874,0,0,0,0
354.266,0.9874,0,0,0,0
354.301,0.9874,0,0,0,0
354.332,0.9874,0,0,0,0
354.366,0.9874,0,0,0,0
354.399,0.9874,0,0,0,0
354.434,0.9874,0,0,0,0
354.466,0.9874,0,0,0,0
354.500,0.9874,0,0,0,0
354.537,0.9874,0,0,0,0
354.570,0.9874,0,0,0,0
354.601,0.9874,0,0,0,0
354.637,0.9874,0,0,0,0
354.664,0.9872,0,0,0,0
354.703,0.9860,0,0,0,0
354.733,0.9846,0,0,0,0
354.770,0.9825,2,5,5,2
354.802,0.9808,2,5,5,2
354.836,0.9803,2,5,5,2
354.869,0.9803,2,5,5,2
354.900,0.9803,2,5,5,2
354.933,0.9803,2,5,5,2
354.969,0.9803,2,5,5,2
355.001,0.9803,2,5,5,2
355.034,0.9803,2,5,5,2
355.068,0.9803,2,5,5,2
355.100,0.9804,2,5,5,2
355.136,0.9801,2,5,5,2
355.166,0.9791,2,5,5,2
355.202,0.9769,2,5,5,2
355.237,0.9752,2,5,5,2
355.267,0.9746,2,5,5,2
355.299,0.9746,2,5,5,2
355.339,0.9746,2,5,5,2
355.367,0.9746,2,5,5,2
355.402,0.9746,2,5,5,2
355.437,0.9746,2,5,5,2
355.469,0.9746,2,5,5,2
355.502,0.9746,2,5,5,2
355.532,0.9746,2,5,5,2
355.566,0.9746,2,5,5,2
355.600,0.9746,2,5,5,2
355.634,0.9746,2,5,5,2
355.669,0.9746,2,5,5,2
355.699,0.9746,2,5,5,2
355.735,0.9745,2,5,5,2
355.771,0.9745,2,5,5,2
355.798,0.9745,2,5,5,2
355.837,0.9745,2,5,5,2
355.867,0.9745,2,5,5,2
355.903,0.9745,2,5,5,2
355.936,0.9745,2,5,5,2
355.967,0.9745,2,5,5,2
356.001,0.9745,2,5,5,2
356.036,0.9745,2,5,5,2
356.070,0.9745,2,5,5,2
356.102,0.9745,2,5,5,2
356.133,0.9745,2,5,5,2
356.167,0.9745,2,5,5,2
356.200,0.9746,2,5,5,2
356.236,0.9746,2,5,5,2
356.266,0.9746,0,0,0,0
356.296,0.9746,0,0,0,0
356.336,0.9746,0,0,0,0
356.366,0.9746,0,0,0,0
356.400,0.9746,0,0,0,0
356.434,0.9746,0,0,0,0
356.469,0.9746,0,0,0,0
356.504,0.9746,0,0,0,0
356.532,0.9746,0,0,0,0
356.569,0.9746,0,0,0,0
356.603,0.9746,0,0,0,0
356.637,0.9746,0,0,0,0
356.666,0.9746,0,0,0,0
356.702,0.9746,0,0,0,0
356.733,0.9746,0,0,0,0
356.767,0.9746,0,0,0,0
356.804,0.9746,0,0,0,0
356.835,0.9746,0,0,0,0
356.866,0.9746,0,0,0,0
356.899,0.9746,0,0,0,0
356.936,0.9746,0,0,0,0
356.966,0.9746,0,0,0,0
356.999,0.9746,0,0,0,0
357.033,0.9746,0,0,0,0
357.067,0.9746,0,0,0,0
357.099,0.9746,0,0,0,0
357.132,0.9746,0,0,0,0
357.171,0.9746,0,0,0,0
357.201,0.9746,0,0,0,0
357.235,0.9746,0,0,0,0
357.269,0.9746,0,0,0,0
357.303,0.9746,0,0,0,0
357.334,0.9746,0,0,0,0
357.367,0.9746,0,0,0,0
357.399,0.9746,0,0,0,0
357.437,0.9722,2,5,5,2
357.467,0.9699,2,5,5,2
357.502,0.9630,2,5,5,2
357.535,0.9539,2,5,5,2
357.569,0.9499,2,5,5,2
357.601,0.9490,2,5,5,2
357.634,0.9482,2,5,5,2
357.667,0.9477,2,5,5,2
357.703,0.9468,2,5,5,2
357.733,0.9460,2,5,5,2
357.770,0.9456,2,5,5,2
357.802,0.9448,2,5,5,2
357.835,0.9441,2,5,5,2
357.865,0.9438,2,5,5,2
357.902,0.9433,2,5,5,2
357.935,0.9428,2,5,5,2
357.966,0.9426,2,5,5,2
358.006,0.9422,2,5,5,2
358.033,0.9418,2,5,5,2
358.068,0.9416,2,5,5,2
358.101,0.9412,2,5,5,2
358.135,0.9409,2,5,5,2
358.171,0.9408,2,5,5,2
358.200,0.9405,2,5,5,2
358.237,0.9403,2,5,5,2
358.266,0.9402,2,5,5,2
358.300,0.9400,2,5,5,2
358.334,0.9399,2,5,5,2
358.367,0.9399,2,5,5,2
358.401,0.9400,2,5,5,2
358.434,0.9402,2,5,5,2
358.467,0.9404,2,5,5,2
358.502,0.9407,2,5,5,2
358.537,0.9411,2,5,5,2
358.570,0.9414,0,0,0,0
358.601,0.9418,0,0,0,0
358.635,0.9422,0,0,0,0
358.665,0.9425,0,0,0,0
358.702,0.9429,0,0,0,0
358.736,0.9433,0,0,0,0
358.769,0.9435,0,0,0,0
358.799,0.9440,0,0,0,0
358.832,0.9444,0,0,0,0
358.869,0.9446,0,0,0,0
358.901,0.9449,0,0,0,0
358.936,0.9453,0,0,0,0
358.966,0.9455,0,0,0,0
358.999,0.9458,0,0,0,0
359.035,0.9461,0,0,0,0
359.069,0.9462,0,0,0,0
359.101,0.9465,0,0,0,0
359.134,0.9468,0,0,0,0
359.169,0.9469,0,0,0,0
359.202,0.9472,0,0,0,0
359.234,0.9474,0,0,0,0
359.267,0.9475,0,0,0,0
359.304,0.9477,0,0,0,0
359.333,0.9479,0,0,0,0
359.370,0.9480,0,0,0,0
359.403,0.9482,0,0,0,0
359.433,0.9483,0,0,0,0
359.466,0.9484,0,0,0,0
359.500,0.9486,0,0,0,0
359.534,0.9487,0,0,0,0
359.567,0.9488,0,0,0,0
359.599,0.9489,0,0,0,0
359.635,0.9490,0,0,0,0
359.667,0.9491,0,0,0,0
359.699,0.9492,0,0,0,0
359.731,0.9493,0,0,0,0
359.767,0.9494,0,0,0,0
359.800,0.9495,0,0,0,0
359.837,0.9504,0,0,0,0
359.869,0.9510,0,0,0,0
359.903,0.9520,0,0,0,0
359.937,0.9530,0,0,0,0
359.966,0.9535,0,0,0,0
360.000,0.9544,0,0,0,0
360.030,0.9548,0,0,0,0
360.069,0.9557,0,0,0,0
360.102,0.9565,0,0,0,0
360.133,0.9573,0,0,0,0
360.169,0.9576,0,0,0,0
360.200,0.9584,0,0,0,0
360.237,0.9590,0,0,0,0
360.269,0.9594,0,0,0,0
360.299,0.9600,0,0,0,0
360.336,0.9606,0,0,0,0
360.371,0.9609,0,0,0,0
360.404,0.9615,0,0,0,0
360.437,0.9620,0,0,0,0
360.468,0.9623,0,0,0,0
360.500,0.9628,0,0,0,0
360.535,0.9633,0,0,0,0
360.569,0.9635,0,0,0,0
360.603,0.9623,0,0,0,0
360.633,0.9609,0,0,0,0
360.663,0.9591,2,5,5,2
360.700,0.9567,2,5,5,2
360.736,0.9547,2,5,5,2
360.767,0.9542,2,5,5,2
360.801,0.9545,2,5,5,2
360.833,0.9548,2,5,5,2
360.869,0.9550,2,5,5,2
360.901,0.9553,2,5,5,2
360.936,0.9556,2,5,5,2
360.968,0.9558,2,5,5,2
361.000,0.9560,2,5,5,2
361.034,0.9563,2,5,5,2
361.069,0.9564,2,5,5,2
361.103,0.9567,2,5,5,2
361.137,0.9569,2,5,5,2
361.166,0.9570,2,5,5,2
361.201,0.9572,2,5,5,2
361.236,0.9574,2,5,5,2
361.269,0.9576,2,5,5,2
361.302,0.9577,2,5,5,2
361.336,0.9579,2,5,5,2
361.367,0.9580,2,5,5,2
361.400,0.9582,2,5,5,2
361.436,0.9584,2,5,5,2
361.468,0.9585,2,5,5,2
361.500,0.9586,2,5,5,2
361.537,0.9588,2,5,5,2
361.569,0.9588,2,5,5,2
361.603,0.9590,2,5,5,2
361.634,0.9591,2,5,5,2
361.668,0.9592,2,5,5,2
361.703,0.9593,2,5,5,2
361.732,0.9594,2,5,5,2
361.766,0.9595,0,0,0,0
361.803,0.9596,0,0,0,0
361.832,0.9597,0,0,0,0
361.866,0.9598,0,0,0,0
361.903,0.9599,0,0,0,0
361.936,0.9600,0,0,0,0
361.970,0.9600,0,0,0,0
362.003,0.9601,0,0,0,0
362.036,0.9602,0,0,0,0
362.066,0.9603,0,0,0,0
362.100,0.9604,0,0,0,0
362.136,0.9604,0,0,0,0
362.170,0.9605,0,0,0,0
362.202,0.9606,0,0,0,0
362.234,0.9606,0,0,0,0
362.266,0.9607,0,0,0,0
362.299,0.9608,0,0,0,0
362.332,0.9608,0,0,0,0
362.368,0.9602,0,0,0,0
362.399,0.9590,0,0,0,0
362.436,0.9570,2,5,5,2
362.467,0.9550,2,5,5,2
362.500,0.9531,2,5,5,2
362.535,0.9519,2,5,5,2
362.569,0.9520,2,5,5,2
362.599,0.9520,2,5,5,2
362.633,0.9521,2,5,5,2
362.666,0.9521,2,5,5,2
362.703,0.9521,2,5,5,2
362.735,0.9522,2,5,5,2
362.768,0.9522,2,5,5,2
362.803,0.9523,2,5,5,2
362.837,0.9523,2,5,5,2
362.866,0.9521,2,5,5,2
362.900,0.9512,2,5,5,2
362.933,0.9489,2,5,5,2
362.967,0.9458,2,5,5,2
363.002,0.9437,2,5,5,2
363.034,0.9427,2,5,5,2
363.067,0.9427,2,5,5,2
363.100,0.9427,2,5,5,2
363.138,0.9427,2,5,5,2
363.170,0.9428,2,5,5,2
363.203,0.9428,2,5,5,2
363.235,0.9428,2,5,5,2
363.269,0.9428,2,5,5,2
363.299,0.9429,2,5,5,2
363.335,0.9429,2,5,5,2
363.368,0.9429,2,5,5,2
363.402,0.9430,2,5,5,2
363.435,0.9430,2,5,5,2
363.470,0.9430,2,5,5,2
363.500,0.9430,2,5,5,2
363.534,0.9430,2,5,5,2
363.569,0.9431,2,5,5,2
363.603,0.9434,2,5,5,2
363.633,0.9435,2,5,5,2
363.668,0.9435,2,5,5,2
363.698,0.9435,2,5,5,2
363.735,0.9435,2,5,5,2
363.766,0.9435,2,5,5,2
363.803,0.9435,2,5,5,2
363.835,0.9436,2,5,5,2
363.869,0.9436,2,5,5,2
363.903,0.9436,2,5,5,2
363.937,0.9436,2,5,5,2
363.968,0.9436,2,5,5,2
364.003,0.9437,0,0,0,0
364.037,0.9437,0,0,0,0
364.066,0.9437,0,0,0,0
364.101,0.9437,0,0,0,0
364.134,0.9437,0,0,0,0
364.178,0.9437,0,0,0,0
364.200,0.9437,0,0,0,0
364.236,0.9438,0,0,0,0
364.267,0.9438,0,0,0,0
364.299,0.9438,0,0,0,0
364.334,0.9438,0,0,0,0
364.366,0.9438,0,0,0,0
364.428,0.9438,0,0,0,0
364.447,0.9439,0,0,0,0
364.469,0.9439,0,0,0,0
364.504,0.9439,0,0,0,0
364.539,0.9439,0,0,0,0
364.569,0.9439,0,0,0,0
364.605,0.9439,0,0,0,0
364.637,0.9439,0,0,0,0
364.671,0.9439,0,0,0,0
364.702,0.9440,0,0,0,0
364.735,0.9440,0,0,0,0
364.772,0.9440,0,0,0,0
364.802,0.9440,0,0,0,0
364.839,0.9440,0,0,0,0
364.869,0.9440,0,0,0,0
364.902,0.9440,0,0,0,0
364.935,0.9440,0,0,0,0
364.969,0.9440,0,0,0,0
365.003,0.9441,0,0,0,0
365.036,0.9441,0,0,0,0
365.071,0.9441,0,0,0,0
365.112,0.9441,0,0,0,0
365.136,0.9441,0,0,0,0
365.170,0.9441,0,0,0,0
365.203,0.9441,0,0,0,0
365.238,0.9441,0,0,0,0
365.269,0.9441,0,0,0,0
365.306,0.9441,0,0,0,0
365.335,0.9442,0,0,0,0
365.374,0.9442,0,0,0,0
365.405,0.9442,0,0,0,0
365.438,0.9442,0,0,0,0
365.469,0.9442,0,0,0,0
365.501,0.9442,0,0,0,0
365.539,0.9442,0,0,0,0
365.570,0.9442,0,0,0,0
365.603,0.9442,0,0,0,0
365.635,0.9442,0,0,0,0
365.672,0.9442,0,0,0,0
365.704,0.9443,0,0,0,0
365.738,0.9443,0,0,0,0
365.769,0.9443,0,0,0,0
365.805,0.9443,0,0,0,0
365.837,0.9443,0,0,0,0
365.872,0.9443,0,0,0,0
365.904,0.9443,0,0,0,0
365.937,0.9443,0,0,0,0
365.970,0.9443,0,0,0,0
366.002,0.9443,0,0,0,0
366.035,0.9443,0,0,0,0
366.071,0.9443,0,0,0,0
366.104,0.9443,0,0,0,0
366.138,0.9444,0,0,0,0
366.169,0.9444,0,0,0,0
366.205,0.9444,0,0,0,0
366.236,0.9444,0,0,0,0
366.269,0.9444,0,0,0,0
366.302,0.9444,0,0,0,0
366.337,0.9444,0,0,0,0
366.372,0.9444,0,0,0,0
366.404,0.9444,0,0,0,0
366.436,0.9444,0,0,0,0
366.472,0.9444,0,0,0,0
366.503,0.9444,0,0,0,0
366.535,0.9444,0,0,0,0
366.571,0.9444,0,0,0,0
366.606,0.9444,0,0,0,0
366.637,0.9445,0,0,0,0
366.671,0.9445,0,0,0,0
366.706,0.9445,0,0,0,0
366.737,0.9445,0,0,0,0
366.770,0.9445,0,0,0,0
366.802,0.9445,0,0,0,0
366.836,0.9445,0,0,0,0
366.870,0.9445,0,0,0,0
366.903,0.9445,0,0,0,0
366.933,0.9445,0,0,0,0
366.968,0.9445,0,0,0,0
367.004,0.9445,0,0,0,0
367.037,0.9445,0,0,0,0
367.069,0.9481,2,5,5,2
367.102,0.9525,2,5,5,2
367.137,0.9574,2,5,5,2
367.169,0.9619,2,5,5,2
367.206,0.9670,2,5,5,2
367.239,0.9707,2,5,5,2
367.268,0.9708,2,5,5,2
367.306,0.9708,2,5,5,2
367.336,0.9708,2,5,5,2
367.370,0.9708,2,5,5,2
367.405,0.9708,2,5,5,2
367.436,0.9708,2,5,5,2
367.470,0.9708,2,5,5,2
367.505,0.9708,2,5,5,2
367.537,0.9708,2,5,5,2
367.572,0.9708,2,5,5,2
367.604,0.9708,2,5,5,2
367.638,0.9708,2,5,5,2
367.670,0.9708,2,5,5,2
367.703,0.9708,2,5,5,2
367.736,0.9708,2,5,5,2
367.769,0.9708,2,5,5,2
367.805,0.9708,2,5,5,2
367.834,0.9708,2,5,5,2
367.869,0.9708,2,5,5,2
367.903,0.9709,2,5,5,2
367.937,0.9709,2,5,5,2
367.972,0.9709,2,5,5,2
368.006,0.9709,2,5,5,2
368.037,0.9709,2,5,5,2
368.072,0.9708,2,5,5,2
368.104,0.9707,2,5,5,2
368.136,0.9706,2,5,5,2
368.170,0.9706,2,5,5,2
368.202,0.9706,2,5,5,2
368.236,0.9705,2,5,5,2
368.270,0.9705,0,0,0,0
368.303,0.9705,0,0,0,0
368.339,0.9705,0,0,0,0
368.371,0.9705,0,0,0,0
368.402,0.9704,0,0,0,0
368.439,0.9704,0,0,0,0
368.471,0.9703,0,0,0,0
368.505,0.9701,0,0,0,0
368.537,0.9698,0,0,0,0
368.572,0.9696,0,0,0,0
368.604,0.9695,0,0,0,0
368.638,0.9695,0,0,0,0
368.668,0.9694,0,0,0,0
368.703,0.9695,0,0,0,0
368.734,0.9696,0,0,0,0
368.772,0.9698,0,0,0,0
368.803,0.9698,0,0,0,0
368.835,0.9699,0,0,0,0
368.871,0.9700,0,0,0,0
368.905,0.9702,0,0,0,0
368.936,0.9704,0,0,0,0
368.970,0.9706,0,0,0,0
369.005,0.9707,0,0,0,0
369.038,0.9709,0,0,0,0
369.071,0.9710,0,0,0,0
369.103,0.9712,0,0,0,0
369.138,0.9715,0,0,0,0
369.173,0.9717,0,0,0,0
369.206,0.9718,0,0,0,0
369.235,0.9721,0,0,0,0
369.270,0.9722,0,0,0,0
369.305,0.9749,2,5,5,2
369.337,0.9775,2,5,5,2
369.372,0.9806,2,5,5,2
369.401,0.9832,2,5,5,2
369.436,0.9863,2,5,5,2
369.469,0.9893,2,5,5,2
369.505,0.9917,2,5,5,2
369.537,0.9917,2,5,5,2
369.572,0.9916,2,5,5,2
369.605,0.9916,2,5,5,2
369.637,0.9916,2,5,5,2
369.669,0.9915,2,5,5,2
369.698,0.9915,2,5,5,2
369.738,0.9908,2,5,5,2
369.772,0.9874,2,5,5,2
369.804,0.9846,2,5,5,2
369.838,0.9778,2,5,5,2
369.870,0.9729,2,5,5,2
369.904,0.9642,2,5,5,2
369.936,0.9566,2,5,5,2
369.970,0.9562,2,5,5,2
370.002,0.9561,2,5,5,2
370.035,0.9561,2,5,5,2
370.070,0.9561,2,5,5,2
370.106,0.9562,2,5,5,2
370.136,0.9563,2,5,5,2
370.172,0.9564,2,5,5,2
370.206,0.9566,2,5,5,2
370.238,0.9568,2,5,5,2
370.273,0.9570,2,5,5,2
370.302,0.9571,2,5,5,2
370.338,0.9583,2,5,5,2
370.370,0.9592,2,5,5,2
370.405,0.9608,2,5,5,2
370.435,0.9623,2,5,5,2
370.472,0.9637,2,5,5,2
370.503,0.9644,2,5,5,2
370.538,0.9656,2,5,5,2
370.571,0.9662,2,5,5,2
370.601,0.9653,2,5,5,2
370.626,0.9638,2,5,5,2
370.668,0.9591,2,5,5,2
370.705,0.9578,2,5,5,2
370.736,0.9573,2,5,5,2
370.770,0.9570,2,5,5,2
370.804,0.9563,2,5,5,2
370.836,0.9555,2,5,5,2
370.872,0.9551,2,5,5,2
370.902,0.9543,2,5,5,2
370.939,0.9535,2,5,5,2
370.972,0.9527,2,5,5,2
371.002,0.9524,2,5,5,2
371.036,0.9517,2,5,5,2
371.070,0.9514,2,5,5,2
371.102,0.9509,2,5,5,2
371.138,0.9504,2,5,5,2
371.170,0.9502,2,5,5,2
371.206,0.9498,2,5,5,2
371.237,0.9494,2,5,5,2
371.271,0.9492,2,5,5,2
371.306,0.9489,2,5,5,2
371.335,0.9487,2,5,5,2
371.372,0.9485,2,5,5,2
371.402,0.9483,2,5,5,2
371.437,0.9481,2,5,5,2
371.469,0.9480,2,5,5,2
371.504,0.9479,2,5,5,2
371.536,0.9478,2,5,5,2
371.565,0.9477,2,5,5,2
371.605,0.9476,2,5,5,2
371.635,0.9476,2,5,5,2
371.671,0.9476,0,0,0,0
371.704,0.9475,0,0,0,0
371.736,0.9475,0,0,0,0
371.772,0.9475,0,0,0,0
371.806,0.9475,0,0,0,0
371.838,0.9476,0,0,0,0
371.870,0.9477,0,0,0,0
371.902,0.9478,0,0,0,0
371.934,0.9479,0,0,0,0
371.970,0.9479,0,0,0,0
372.004,0.9479,0,0,0,0
372.037,0.9480,0,0,0,0
372.072,0.9482,0,0,0,0
372.105,0.9482,0,0,0,0
372.138,0.9483,0,0,0,0
372.169,0.9483,0,0,0,0
372.202,0.9484,0,0,0,0
372.238,0.9485,0,0,0,0
372.272,0.9486,0,0,0,0
372.306,0.9486,0,0,0,0
372.336,0.9487,0,0,0,0
372.371,0.9487,0,0,0,0
372.404,0.9489,0,0,0,0
372.437,0.9491,0,0,0,0
372.471,0.9491,0,0,0,0
372.500,0.9492,0,0,0,0
372.531,0.9492,0,0,0,0
372.569,0.9493,0,0,0,0
372.604,0.9494,0,0,0,0
372.637,0.9494,0,0,0,0
372.671,0.9494,0,0,0,0
372.702,0.9495,0,0,0,0
372.739,0.9496,0,0,0,0
372.768,0.9496,0,0,0,0
372.806,0.9498,0,0,0,0
372.837,0.9499,0,0,0,0
372.873,0.9500,0,0,0,0
372.902,0.9501,0,0,0,0
372.935,0.9503,0,0,0,0
372.973,0.9504,0,0,0,0
373.004,0.9504,0,0,0,0
373.036,0.9506,0,0,0,0
373.069,0.9507,0,0,0,0
373.105,0.9508,0,0,0,0
373.137,0.9509,0,0,0,0
373.170,0.9510,0,0,0,0
373.202,0.9512,0,0,0,0
373.238,0.9494,2,5,5,2
373.272,0.9470,2,5,5,2
373.303,0.9438,2,5,5,2
373.335,0.9402,2,5,5,2
373.372,0.9353,2,5,5,2
373.405,0.9303,2,5,5,2
373.438,0.9256,2,5,5,2
373.472,0.9214,2,5,5,2
373.505,0.9210,2,5,5,2
373.537,0.9213,2,5,5,2
373.575,0.9216,2,5,5,2
373.605,0.9218,2,5,5,2
373.640,0.9221,2,5,5,2
373.671,0.9222,2,5,5,2
373.704,0.9225,2,5,5,2
373.737,0.9228,2,5,5,2
373.770,0.9229,2,5,5,2
373.805,0.9231,2,5,5,2
373.835,0.9234,2,5,5,2
373.873,0.9236,2,5,5,2
373.902,0.9238,2,5,5,2
373.940,0.9240,2,5,5,2
373.970,0.9241,2,5,5,2
374.002,0.9243,2,5,5,2
374.035,0.9245,2,5,5,2
374.069,0.9246,2,5,5,2
374.102,0.9248,2,5,5,2
374.139,0.9250,2,5,5,2
374.171,0.9251,2,5,5,2
374.202,0.9252,2,5,5,2
374.235,0.9253,2,5,5,2
374.270,0.9252,2,5,5,2
374.305,0.9251,2,5,5,2
374.338,0.9250,2,5,5,2
374.370,0.9250,2,5,5,2
374.397,0.9250,2,5,5,2
374.437,0.9251,2,5,5,2
374.471,0.9251,2,5,5,2
374.504,0.9252,0,0,0,0
374.538,0.9252,0,0,0,0
374.569,0.9252,0,0,0,0
374.602,0.9252,0,0,0,0
374.635,0.9253,0,0,0,0
374.669,0.9253,0,0,0,0
374.705,0.9253,0,0,0,0
374.735,0.9253,0,0,0,0
374.769,0.9254,0,0,0,0
374.802,0.9254,0,0,0,0
374.836,0.9253,0,0,0,0
374.872,0.9252,0,0,0,0
374.902,0.9251,0,0,0,0
374.940,0.9249,0,0,0,0
374.972,0.9248,0,0,0,0
375.002,0.9245,0,0,0,0
375.037,0.9243,0,0,0,0
375.069,0.9241,0,0,0,0
375.104,0.9239,0,0,0,0
375.138,0.9238,0,0,0,0
375.171,0.9238,0,0,0,0
375.204,0.9237,0,0,0,0
375.236,0.9236,0,0,0,0
375.263,0.9236,0,0,0,0
375.303,0.9235,0,0,0,0
375.338,0.9235,0,0,0,0
375.372,0.9235,0,0,0,0
375.405,0.9234,0,0,0,0
375.436,0.9234,0,0,0,0
375.471,0.9235,0,0,0,0
375.505,0.9235,0,0,0,0
375.539,0.9235,0,0,0,0
375.569,0.9235,0,0,0,0
375.601,0.9235,0,0,0,0
375.636,0.9236,0,0,0,0
375.672,0.9237,0,0,0,0
375.706,0.9237,0,0,0,0
375.736,0.9238,0,0,0,0
375.771,0.9238,0,0,0,0
375.802,0.9238,0,0,0,0
375.837,0.9239,0,0,0,0
375.868,0.9239,0,0,0,0
375.902,0.9240,0,0,0,0
375.938,0.9241,0,0,0,0
375.970,0.9241,0,0,0,0
376.006,0.9241,0,0,0,0
376.035,0.9242,0,0,0,0
376.068,0.9242,0,0,0,0
376.103,0.9242,0,0,0,0
376.135,0.9243,0,0,0,0
376.170,0.9243,0,0,0,0
376.204,0.9244,0,0,0,0
376.239,0.9245,0,0,0,0
376.270,0.9245,0,0,0,0
376.306,0.9245,0,0,0,0
376.338,0.9245,0,0,0,0
376.373,0.9246,0,0,0,0
376.405,0.9246,0,0,0,0
376.439,0.9247,0,0,0,0
376.473,0.9247,0,0,0,0
376.505,0.9247,0,0,0,0
376.535,0.9247,0,0,0,0
376.572,0.9247,0,0,0,0
376.604,0.9248,0,0,0,0
376.636,0.9248,0,0,0,0
376.672,0.9248,0,0,0,0
376.701,0.9248,0,0,0,0
376.736,0.9248,0,0,0,0
376.773,0.9249,0,0,0,0
376.801,0.9249,0,0,0,0
376.837,0.9249,0,0,0,0
376.873,0.9249,0,0,0,0
376.903,0.9249,0,0,0,0
376.931,0.9249,0,0,0,0
376.971,0.9249,0,0,0,0
377.002,0.9249,0,0,0,0
377.036,0.9249,0,0,0,0
377.071,0.9249,0,0,0,0
377.103,0.9249,0,0,0,0
377.137,0.9249,0,0,0,0
377.171,0.9249,0,0,0,0
377.203,0.9249,0,0,0,0
377.238,0.9249,0,0,0,0
377.268,0.9249,0,0,0,0
377.304,0.9249,0,0,0,0
377.336,0.9248,0,0,0,0
377.373,0.9249,0,0,0,0
377.402,0.9249,0,0,0,0
377.439,0.9249,0,0,0,0
377.469,0.9249,0,0,0,0
377.503,0.9249,0,0,0,0
377.535,0.9249,0,0,0,0
377.572,0.9249,0,0,0,0
377.603,0.9219,2,5,5,2
377.638,0.9177,2,5,5,2
377.671,0.9068,2,5,5,2
377.706,0.8888,2,5,5,2
377.737,0.8693,2,5,5,2
377.768,0.8864,2,5,5,2
377.805,0.9106,2,5,5,2
377.839,0.9307,2,5,5,2
377.869,0.9469,2,5,5,2
377.905,0.9638,2,5,5,2
377.938,0.9769,2,5,5,2
377.969,0.9876,2,5,5,2
378.004,0.9975,2,5,5,2
378.036,1.0000,2,5,5,2
378.073,1.0000,2,5,5,2
378.106,1.0000,2,5,5,2
378.139,1.0000,2,5,5,2
378.168,1.0000,2,5,5,2
378.202,1.0000,2,5,5,2
378.235,1.0000,2,5,5,2
378.271,0.9978,2,5,5,2
378.301,0.9923,2,5,5,2
378.338,0.9833,2,5,5,2
378.370,0.9733,2,5,5,2
378.404,0.9605,2,5,5,2
378.436,0.9467,2,5,5,2
378.472,0.9287,2,5,5,2
378.503,0.9111,2,5,5,2
378.539,0.8890,2,5,5,2
378.571,0.8895,2,5,5,2
378.607,0.9050,2,5,5,2
378.639,0.9130,2,5,5,2
378.669,0.9167,2,5,5,2
378.704,0.9201,2,5,5,2
378.739,0.9219,2,5,5,2
378.769,0.9228,2,5,5,2
378.803,0.9234,2,5,5,2
378.838,0.9233,2,5,5,2
378.870,0.9233,2,5,5,2
378.904,0.9233,2,5,5,2
378.936,0.9232,2,5,5,2
378.968,0.9257,2,5,5,2
379.006,0.9257,2,5,5,2
379.036,0.9256,2,5,5,2
379.070,0.9014,2,5,5,2
379.103,0.9139,2,5,5,2
379.136,0.9242,2,5,5,2
379.169,0.9327,2,5,5,2
379.206,0.9369,2,5,5,2
379.238,0.9395,2,5,5,2
379.269,0.9403,2,5,5,2
379.304,0.9409,2,5,5,2
379.337,0.9411,2,5,5,2
379.372,0.9410,2,5,5,2
379.404,0.9410,2,5,5,2
379.438,0.9410,2,5,5,2
379.472,0.9409,2,5,5,2
379.502,0.9409,2,5,5,2
379.530,0.9409,2,5,5,2
379.570,0.9408,2,5,5,2
379.606,0.9408,2,5,5,2
379.637,0.9407,2,5,5,2
379.669,0.9407,2,5,5,2
379.704,0.9407,2,5,5,2
379.735,0.9406,2,5,5,2
379.770,0.9406,2,5,5,2
379.806,0.9406,2,5,5,2
379.838,0.9405,2,5,5,2
379.871,0.9405,2,5,5,2
379.902,0.9405,2,5,5,2
379.937,0.9405,2,5,5,2
379.971,0.9404,2,5,5,2
380.001,0.9390,2,5,5,2
380.039,0.9364,2,5,5,2
380.072,0.9331,2,5,5,2
380.104,0.9286,2,5,5,2
380.138,0.9222,2,5,5,2
380.172,0.9141,2,5,5,2
380.202,0.9030,2,5,5,2
380.237,0.8881,2,5,5,2
380.269,0.8865,2,5,5,2
380.304,0.9081,2,5,5,2
380.337,0.9268,2,5,5,2
380.369,0.9434,2,5,5,2
380.398,0.9563,2,5,5,2
380.435,0.9710,2,5,5,2
380.468,0.9818,2,5,5,2
380.505,0.9912,2,5,5,2
380.539,0.9975,2,5,5,2
380.569,1.0000,2,5,5,2
380.603,1.0000,2,5,5,2
380.635,1.0000,2,5,5,2
380.670,1.0000,2,5,5,2
380.705,1.0000,2,5,5,2
380.737,1.0000,2,5,5,2
380.772,1.0000,2,5,5,2
380.802,0.9979,2,5,5,2
380.837,0.9880,2,5,5,2
380.869,0.9766,2,5,5,2
380.903,0.9626,2,5,5,2
380.935,0.9475,2,5,5,2
380.971,0.9279,2,5,5,2
381.005,0.9076,2,5,5,2
381.038,0.8860,2,5,5,2
381.069,0.8741,2,5,5,2
381.104,0.8982,2,5,5,2
381.136,0.9178,2,5,5,2
381.171,0.9367,2,5,5,2
381.203,0.9506,2,5,5,2
381.237,0.9634,2,5,5,2
381.271,0.9695,2,5,5,2
381.302,0.9741,2,5,5,2
381.336,0.9779,2,5,5,2
381.372,0.9808,2,5,5,2
381.403,0.9826,2,5,5,2
381.435,0.9831,2,5,5,2
381.471,0.9832,2,5,5,2
381.502,0.9830,2,5,5,2
381.539,0.9829,2,5,5,2
381.573,0.9829,2,5,5,2
381.602,0.9829,2,5,5,2
381.636,0.9829,2,5,5,2
381.670,0.9830,2,5,5,2
381.704,0.9831,2,5,5,2
381.738,0.9632,2,5,5,2
381.770,0.9648,2,5,5,2
381.805,0.9669,2,5,5,2
381.838,0.9681,2,5,5,2
381.869,0.9682,2,5,5,2
381.905,0.9683,2,5,5,2
381.937,0.9684,2,5,5,2
381.972,0.9685,2,5,5,2
382.005,0.9686,2,5,5,2
382.036,0.9687,2,5,5,2
382.070,0.9664,2,5,5,2
382.105,0.9634,2,5,5,2
382.136,0.9606,2,5,5,2
382.167,0.9572,2,5,5,2
382.202,0.9573,2,5,5,2
382.237,0.9574,2,5,5,2
382.271,0.9574,2,5,5,2
382.302,0.9575,2,5,5,2
382.337,0.9576,2,5,5,2
382.369,0.9576,2,5,5,2
382.401,0.9565,2,5,5,2
382.435,0.9544,2,5,5,2
382.470,0.9534,2,5,5,2
382.504,0.9511,2,5,5,2
382.538,0.9482,2,5,5,2
382.568,0.9468,2,5,5,2
382.606,0.9447,2,5,5,2
382.639,0.9433,2,5,5,2
382.669,0.9425,2,5,5,2
382.703,0.9408,2,5,5,2
382.738,0.9400,2,5,5,2
382.770,0.9399,2,5,5,2
382.805,0.9396,2,5,5,2
382.837,0.9387,2,5,5,2
382.871,0.9384,2,5,5,2
382.905,0.9383,2,5,5,2
382.938,0.9384,2,5,5,2
382.969,0.9386,2,5,5,2
383.004,0.9389,2,5,5,2
383.035,0.9387,2,5,5,2
383.059,0.9387,2,5,5,2
383.105,0.9390,2,5,5,2
383.135,0.9393,2,5,5,2
383.169,0.9394,2,5,5,2
383.205,0.9397,2,5,5,2
383.236,0.9400,2,5,5,2
383.269,0.9401,2,5,5,2
383.305,0.9404,2,5,5,2
383.339,0.9409,2,5,5,2
383.368,0.9409,2,5,5,2
383.406,0.9408,2,5,5,2
383.435,0.9408,2,5,5,2
383.472,0.9405,2,5,5,2
383.503,0.9398,2,5,5,2
383.539,0.9388,2,5,5,2
383.571,0.9383,2,5,5,2
383.604,0.9379,2,5,5,2
383.638,0.9377,2,5,5,2
383.671,0.9377,2,5,5,2
383.706,0.9375,0,0,0,0
383.738,0.9373,0,0,0,0
383.768,0.9372,0,0,0,0
383.804,0.9370,0,0,0,0
383.837,0.9368,0,0,0,0
383.869,0.9367,0,0,0,0
383.904,0.9364,0,0,0,0
383.936,0.9361,0,0,0,0
383.966,0.9360,0,0,0,0
384.005,0.9357,0,0,0,0
384.036,0.9354,0,0,0,0
384.070,0.9352,0,0,0,0
384.102,0.9349,0,0,0,0
384.137,0.9346,0,0,0,0
384.168,0.9345,0,0,0,0
384.202,0.9342,0,0,0,0
384.239,0.9339,0,0,0,0
384.271,0.9338,0,0,0,0
384.302,0.9335,0,0,0,0
384.337,0.9333,0,0,0,0
384.368,0.9332,0,0,0,0
384.404,0.9329,0,0,0,0
384.438,0.9327,0,0,0,0
384.471,0.9326,0,0,0,0
384.505,0.9323,0,0,0,0
384.537,0.9321,0,0,0,0
384.572,0.9320,0,0,0,0
384.604,0.9319,0,0,0,0
384.640,0.9317,0,0,0,0
384.671,0.9316,0,0,0,0
384.705,0.9314,0,0,0,0
384.739,0.9313,0,0,0,0
384.772,0.9311,0,0,0,0
384.804,0.9310,0,0,0,0
384.834,0.9309,0,0,0,0
384.878,0.9307,0,0,0,0
384.901,0.9306,0,0,0,0
384.936,0.9305,0,0,0,0
384.971,0.9304,0,0,0,0
385.005,0.9301,0,0,0,0
385.037,0.9299,0,0,0,0
385.071,0.9298,0,0,0,0
385.103,0.9295,0,0,0,0
385.138,0.9292,0,0,0,0
385.173,0.9289,0,0,0,0
385.203,0.9287,0,0,0,0
385.239,0.9284,0,0,0,0
385.272,0.9280,0,0,0,0
385.303,0.9279,0,0,0,0
385.336,0.9275,0,0,0,0
385.372,0.9271,0,0,0,0
385.401,0.9268,0,0,0,0
385.436,0.9262,0,0,0,0
385.467,0.9259,0,0,0,0
385.503,0.9251,0,0,0,0
385.537,0.9243,0,0,0,0
385.570,0.9239,0,0,0,0
385.605,0.9230,0,0,0,0
385.637,0.9221,0,0,0,0
385.672,0.9212,0,0,0,0
385.705,0.9207,0,0,0,0
385.738,0.9198,0,0,0,0
385.769,0.9194,0,0,0,0
385.798,0.9186,0,0,0,0
385.839,0.9177,0,0,0,0
385.869,0.9172,0,0,0,0
385.903,0.9162,0,0,0,0
385.937,0.9152,0,0,0,0
385.970,0.9146,0,0,0,0
386.005,0.9136,0,0,0,0
386.037,0.9126,0,0,0,0
386.068,0.9122,0,0,0,0
386.105,0.9114,0,0,0,0
386.135,0.9107,0,0,0,0
386.169,0.9105,0,0,0,0
386.202,0.9101,0,0,0,0
386.237,0.9099,0,0,0,0
386.270,0.9099,0,0,0,0
386.302,0.9100,0,0,0,0
386.338,0.9103,0,0,0,0
386.370,0.9105,0,0,0,0
386.402,0.9109,0,0,0,0
386.438,0.9113,0,0,0,0
386.470,0.9116,0,0,0,0
386.504,0.9121,0,0,0,0
386.536,0.9127,0,0,0,0
386.570,0.9130,0,0,0,0
386.606,0.9135,0,0,0,0
386.638,0.9141,0,0,0,0
386.669,0.9144,0,0,0,0
386.711,0.9149,0,0,0,0
386.738,0.9154,0,0,0,0
386.769,0.9156,0,0,0,0
386.803,0.9160,0,0,0,0
386.835,0.9164,0,0,0,0
386.870,0.9166,0,0,0,0
386.905,0.9169,0,0,0,0
386.938,0.9172,0,0,0,0
386.970,0.9174,0,0,0,0
387.006,0.9177,0,0,0,0
387.039,0.9180,0,0,0,0
387.068,0.9182,0,0,0,0
387.102,0.9185,0,0,0,0
387.135,0.9188,0,0,0,0
387.172,0.9189,0,0,0,0
387.203,0.9192,0,0,0,0
387.239,0.9194,0,0,0,0
387.271,0.9195,0,0,0,0
387.303,0.9198,0,0,0,0
387.336,0.9200,0,0,0,0
387.371,0.9202,0,0,0,0
387.404,0.9204,0,0,0,0
387.435,0.9207,0,0,0,0
387.471,0.9208,0,0,0,0
387.506,0.9210,0,0,0,0
387.536,0.9212,0,0,0,0
387.572,0.9215,0,0,0,0
387.601,0.9216,0,0,0,0
387.638,0.9218,0,0,0,0
387.661,0.9219,0,0,0,0
387.704,0.9221,0,0,0,0
387.735,0.9223,0,0,0,0
387.771,0.9224,0,0,0,0
387.804,0.9226,0,0,0,0
387.837,0.9228,0,0,0,0
387.870,0.9229,0,0,0,0
387.905,0.9231,0,0,0,0
387.935,0.9232,0,0,0,0
387.968,0.9233,0,0,0,0
388.003,0.9234,0,0,0,0
388.038,0.9236,0,0,0,0
388.072,0.9237,0,0,0,0
388.101,0.9237,0,0,0,0
388.135,0.9239,0,0,0,0
388.170,0.9239,0,0,0,0
388.205,0.9240,0,0,0,0
388.237,0.9241,0,0,0,0
388.272,0.9241,0,0,0,0
388.304,0.9241,0,0,0,0
388.337,0.9244,0,0,0,0
388.370,0.9246,0,0,0,0
388.405,0.9251,0,0,0,0
388.437,0.9257,0,0,0,0
388.470,0.9261,0,0,0,0
388.506,0.9268,0,0,0,0
388.533,0.9276,0,0,0,0
388.568,0.9280,0,0,0,0
388.602,0.9287,0,0,0,0
388.629,0.9290,0,0,0,0
388.671,0.9298,0,0,0,0
388.702,0.9305,0,0,0,0
388.737,0.9313,0,0,0,0
388.772,0.9318,0,0,0,0
388.803,0.9329,0,0,0,0
388.839,0.9341,0,0,0,0
388.871,0.9348,0,0,0,0
388.902,0.9362,0,0,0,0
388.937,0.9376,0,0,0,0
388.969,0.9382,0,0,0,0
389.002,0.9395,0,0,0,0
389.037,0.9407,0,0,0,0
389.071,0.9412,0,0,0,0
389.106,0.9422,0,0,0,0
389.138,0.9430,0,0,0,0
389.170,0.9433,0,0,0,0
389.205,0.9437,0,0,0,0
389.238,0.9438,0,0,0,0
389.269,0.9437,0,0,0,0
389.304,0.9435,0,0,0,0
389.338,0.9431,0,0,0,0
389.369,0.9430,0,0,0,0
389.404,0.9428,0,0,0,0
389.436,0.9428,0,0,0,0
389.472,0.9425,0,0,0,0
389.505,0.9424,0,0,0,0
389.538,0.9418,0,0,0,0
389.562,0.9415,0,0,0,0
389.605,0.9409,0,0,0,0
389.635,0.9402,0,0,0,0
389.671,0.9398,0,0,0,0
389.704,0.9391,0,0,0,0
389.736,0.9384,0,0,0,0
389.771,0.9381,0,0,0,0
389.803,0.9374,0,0,0,0
389.839,0.9368,0,0,0,0
389.872,0.9362,0,0,0,0
389.905,0.9360,0,0,0,0
389.938,0.9355,0,0,0,0
389.970,0.9352,0,0,0,0
390.004,0.9348,0,0,0,0
390.038,0.9343,0,0,0,0
390.070,0.9341,0,0,0,0
390.105,0.9338,0,0,0,0
390.138,0.9334,0,0,0,0
390.169,0.9333,0,0,0,0
390.204,0.9329,0,0,0,0
390.237,0.9327,0,0,0,0
390.269,0.9325,0,0,0,0
390.305,0.9323,0,0,0,0
390.337,0.9320,0,0,0,0
390.369,0.9319,0,0,0,0
390.406,0.9317,0,0,0,0
390.438,0.9315,0,0,0,0
390.469,0.9314,0,0,0,0
390.503,0.9312,0,0,0,0
390.539,0.9310,0,0,0,0
390.569,0.9309,0,0,0,0
390.605,0.9307,0,0,0,0
390.635,0.9303,0,0,0,0
390.671,0.9300,0,0,0,0
390.705,0.9292,0,0,0,0
390.739,0.9281,0,0,0,0
390.771,0.9275,0,0,0,0
390.801,0.9263,0,0,0,0
390.835,0.9250,0,0,0,0
390.869,0.9244,0,0,0,0
390.902,0.9233,0,0,0,0
390.936,0.9221,0,0,0,0
390.969,0.9215,0,0,0,0
391.005,0.9201,0,0,0,0
391.035,0.9186,0,0,0,0
391.071,0.9178,0,0,0,0
391.104,0.9159,2,5,5,2
391.138,0.9138,2,5,5,2
391.168,0.9127,2,5,5,2
391.203,0.9106,2,5,5,2
391.237,0.9086,2,5,5,2
391.272,0.9068,2,5,5,2
391.303,0.9059,2,5,5,2
391.335,0.9045,2,5,5,2
391.368,0.9039,2,5,5,2
391.404,0.9029,2,5,5,2
391.435,0.9021,2,5,5,2
391.469,0.9018,2,5,5,2
391.502,0.9014,2,5,5,2
391.533,0.9012,2,5,5,2
391.571,0.9011,2,5,5,2
391.605,0.9012,2,5,5,2
391.635,0.9012,2,5,5,2
391.671,0.9012,2,5,5,2
391.705,0.9012,2,5,5,2
391.737,0.9013,2,5,5,2
391.770,0.9013,2,5,5,2
391.802,0.9016,2,5,5,2
391.837,0.9018,2,5,5,2
391.872,0.9018,2,5,5,2
391.903,0.9018,2,5,5,2
391.939,0.9021,2,5,5,2
391.968,0.9023,2,5,5,2
392.004,0.9027,2,5,5,2
392.037,0.9032,2,5,5,2
392.070,0.9035,2,5,5,2
392.105,0.9042,2,5,5,2
392.136,0.9047,2,5,5,2
392.172,0.9054,2,5,5,2
392.203,0.9057,2,5,5,2
392.238,0.9064,2,5,5,2
392.272,0.9070,0,0,0,0
392.304,0.9073,0,0,0,0
392.335,0.9082,0,0,0,0
392.371,0.9093,0,0,0,0
392.404,0.9118,2,5,5,2
392.437,0.9136,2,5,5,2
392.472,0.9159,2,5,5,2
392.503,0.9171,2,5,5,2
392.537,0.9188,2,5,5,2
392.571,0.9198,2,5,5,2
392.604,0.9217,2,5,5,2
392.637,0.9235,2,5,5,2
392.672,0.9257,2,5,5,2
392.705,0.9264,2,5,5,2
392.739,0.9281,2,5,5,2
392.771,0.9290,2,5,5,2
392.805,0.9303,2,5,5,2
392.837,0.9321,2,5,5,2
392.871,0.9331,2,5,5,2
392.906,0.9339,2,5,5,2
392.937,0.9350,2,5,5,2
392.969,0.9358,2,5,5,2
393.003,0.9377,2,5,5,2
393.039,0.9398,2,5,5,2
393.070,0.9404,2,5,5,2
393.106,0.9411,2,5,5,2
393.138,0.9424,2,5,5,2
393.169,0.9432,2,5,5,2
393.205,0.9446,2,5,5,2
393.236,0.9450,2,5,5,2
393.270,0.9455,2,5,5,2
393.305,0.9469,2,5,5,2
393.337,0.9488,2,5,5,2
393.372,0.9494,2,5,5,2
393.403,0.9497,2,5,5,2
393.438,0.9508,2,5,5,2
393.470,0.9515,2,5,5,2
393.506,0.9528,2,5,5,2
393.537,0.9530,2,5,5,2
393.571,0.9534,2,5,5,2
393.605,0.9548,2,5,5,2
393.637,0.9559,2,5,5,2
393.668,0.9559,2,5,5,2
393.704,0.9565,2,5,5,2
393.738,0.9578,2,5,5,2
393.770,0.9586,2,5,5,2
393.804,0.9589,2,5,5,2
393.835,0.9595,2,5,5,2
393.871,0.9601,2,5,5,2
393.902,0.9616,2,5,5,2
393.935,0.9633,2,5,5,2
393.969,0.9643,2,5,5,2
394.013,0.9674,2,5,5,2
394.036,0.9686,2,5,5,2
394.068,0.9697,2,5,5,2
394.102,0.9723,2,5,5,2
394.135,0.9754,2,5,5,2
394.172,0.9789,2,5,5,2
394.203,0.9810,2,5,5,2
394.235,0.9855,2,5,5,2
394.272,0.9907,2,5,5,2
394.306,0.9936,2,5,5,2
394.339,0.9996,2,5,5,2
394.370,1.0000,2,5,5,2
394.404,1.0000,2,5,5,2
394.438,1.0000,2,5,5,2
394.472,1.0000,2,5,5,2
394.504,1.0000,2,5,5,2
394.538,1.0000,2,5,5,2
394.570,1.0000,2,5,5,2
394.604,1.0000,2,5,5,2
394.638,1.0000,2,5,5,2
394.670,1.0000,2,5,5,2
394.702,1.0000,2,5,5,2
394.737,1.0000,2,5,5,2
394.770,1.0000,2,5,5,2
394.805,1.0000,2,5,5,2
394.837,1.0000,2,5,5,2
394.870,1.0000,2,5,5,2
394.901,1.0000,2,5,5,2
394.937,1.0000,2,5,5,2
394.972,1.0000,2,5,5,2
395.002,1.0000,2,5,5,2
395.037,0.9975,2,5,5,2
395.070,0.9952,2,5,5,2
395.104,0.9905,2,5,5,2
395.135,0.9851,2,5,5,2
395.169,0.9824,2,5,5,2
395.203,0.9770,2,5,5,2
395.239,0.9720,2,5,5,2
395.270,0.9697,2,5,5,2
395.304,0.9655,2,5,5,2
395.337,0.9620,2,5,5,2
395.369,0.9604,2,5,5,2
395.404,0.9576,2,5,5,2
395.437,0.9553,2,5,5,2
395.470,0.9543,2,5,5,2
395.505,0.9525,2,5,5,2
395.537,0.9509,2,5,5,2
395.569,0.9501,2,5,5,2
395.606,0.9486,2,5,5,2
395.639,0.9472,2,5,5,2
395.673,0.9459,2,5,5,2
395.702,0.9452,2,5,5,2
395.731,0.9445,2,5,5,2
395.771,0.9433,2,5,5,2
395.802,0.9420,2,5,5,2
395.836,0.9406,2,5,5,2
395.870,0.9402,2,5,5,2
395.905,0.9405,2,5,5,2
395.937,0.9418,2,5,5,2
395.971,0.9428,2,5,5,2
396.002,0.9446,2,5,5,2
396.038,0.9453,2,5,5,2
396.070,0.9453,2,5,5,2
396.101,0.9460,2,5,5,2
396.136,0.9475,2,5,5,2
396.171,0.9484,2,5,5,2
396.203,0.9494,2,5,5,2
396.239,0.9505,2,5,5,2
396.272,0.9508,2,5,5,2
396.304,0.9515,2,5,5,2
396.336,0.9522,2,5,5,2
396.372,0.9531,2,5,5,2
396.404,0.9534,2,5,5,2
396.436,0.9538,2,5,5,2
396.469,0.9542,2,5,5,2
396.506,0.9548,2,5,5,2
396.541,0.9556,2,5,5,2
396.571,0.9557,2,5,5,2
396.602,0.9564,2,5,5,2
396.637,0.9578,2,5,5,2
396.671,0.9582,2,5,5,2
396.705,0.9587,2,5,5,2
396.737,0.9598,2,5,5,2
396.769,0.9601,2,5,5,2
396.803,0.9605,2,5,5,2
396.836,0.9616,2,5,5,2
396.872,0.9632,2,5,5,2
396.904,0.9636,2,5,5,2
396.938,0.9636,2,5,5,2
396.972,0.9642,2,5,5,2
397.003,0.9647,2,5,5,2
397.036,0.9661,2,5,5,2
397.072,0.9675,2,5,5,2
397.105,0.9676,2,5,5,2
397.135,0.9685,2,5,5,2
397.172,0.9697,2,5,5,2
397.204,0.9700,2,5,5,2
397.237,0.9701,2,5,5,2
397.271,0.9706,2,5,5,2
397.302,0.9718,2,5,5,2
397.337,0.9728,2,5,5,2
397.369,0.9728,2,5,5,2
397.404,0.9733,2,5,5,2
397.436,0.9744,2,5,5,2
397.467,0.9752,2,5,5,2
397.502,0.9754,2,5,5,2
397.537,0.9759,2,5,5,2
397.572,0.9770,2,5,5,2
397.605,0.9777,2,5,5,2
397.639,0.9783,2,5,5,2
397.671,0.9783,2,5,5,2
397.705,0.9789,2,5,5,2
397.737,0.9799,2,5,5,2
397.770,0.9806,2,5,5,2
397.803,0.9807,2,5,5,2
397.835,0.9810,2,5,5,2
397.870,0.9814,2,5,5,2
397.902,0.9825,0,0,0,0
397.935,0.9830,0,0,0,0
397.972,0.9834,0,0,0,0
398.005,0.9836,0,0,0,0
398.035,0.9845,0,0,0,0
398.070,0.9850,0,0,0,0
398.105,0.9853,0,0,0,0
398.137,0.9856,0,0,0,0
398.169,0.9858,0,0,0,0
398.205,0.9865,0,0,0,0
398.237,0.9871,0,0,0,0
398.269,0.9873,0,0,0,0
398.306,0.9881,0,0,0,0
398.335,0.9883,0,0,0,0
398.372,0.9890,0,0,0,0
398.403,0.9890,0,0,0,0
398.438,0.9894,0,0,0,0
398.470,0.9899,0,0,0,0
398.505,0.9910,0,0,0,0
398.536,0.9923,0,0,0,0
398.569,0.9930,0,0,0,0
398.605,0.9947,2,5,5,2
398.638,0.9963,2,5,5,2
398.670,0.9972,2,5,5,2
398.702,0.9989,2,5,5,2
398.738,1.0000,2,5,5,2
398.771,1.0000,2,5,5,2
398.805,1.0000,2,5,5,2
398.838,1.0000,2,5,5,2
398.868,1.0000,2,5,5,2
398.905,1.0000,2,5,5,2
398.937,1.0000,2,5,5,2
398.969,1.0000,2,5,5,2
399.004,1.0000,2,5,5,2
399.038,1.0000,2,5,5,2
399.070,1.0000,2,5,5,2
399.105,1.0000,2,5,5,2
399.139,1.0000,2,5,5,2
399.177,1.0000,2,5,5,2
399.203,1.0000,2,5,5,2
399.236,1.0000,2,5,5,2
399.272,1.0000,2,5,5,2
399.303,1.0000,2,5,5,2
399.337,1.0000,2,5,5,2
399.369,1.0000,2,5,5,2
399.405,1.0000,2,5,5,2
399.437,1.0000,2,5,5,2
399.469,1.0000,2,5,5,2
399.506,1.0000,2,5,5,2
399.538,0.9961,2,5,5,2
399.571,0.9942,2,5,5,2
399.604,0.9905,2,5,5,2
399.636,0.9866,2,5,5,2
399.669,0.9846,2,5,5,2
399.704,0.9809,2,5,5,2
399.735,0.9775,2,5,5,2
399.772,0.9742,2,5,5,2
399.804,0.9727,2,5,5,2
399.838,0.9697,2,5,5,2
399.872,0.9668,2,5,5,2
399.904,0.9655,2,5,5,2
399.939,0.9630,2,5,5,2
399.971,0.9618,2,5,5,2
400.005,0.9596,2,5,5,2
400.035,0.9576,2,5,5,2
400.067,0.9566,2,5,5,2
400.102,0.9549,2,5,5,2
400.138,0.9533,2,5,5,2
400.171,0.9518,2,5,5,2
400.205,0.9480,2,5,5,2
400.234,0.9437,2,5,5,2
400.270,0.9384,2,5,5,2
400.303,0.9327,2,5,5,2
400.339,0.9259,2,5,5,2
400.368,0.9205,2,5,5,2
400.403,0.9145,2,5,5,2
400.438,0.9089,2,5,5,2
400.469,0.9067,2,5,5,2
400.502,0.9054,2,5,5,2
400.536,0.9049,2,5,5,2
400.572,0.9046,2,5,5,2
400.602,0.9045,2,5,5,2
400.636,0.9043,2,5,5,2
400.668,0.9042,2,5,5,2
400.701,0.9041,2,5,5,2
400.739,0.9040,2,5,5,2
400.771,0.9040,2,5,5,2
400.802,0.9040,2,5,5,2
400.838,0.9041,2,5,5,2
400.869,0.9041,2,5,5,2
400.905,0.9041,2,5,5,2
400.934,0.9041,2,5,5,2
400.964,0.9041,2,5,5,2
401.003,0.9041,2,5,5,2
401.039,0.9041,2,5,5,2
401.071,0.9040,2,5,5,2
401.105,0.9039,2,5,5,2
401.136,0.9035,2,5,5,2
401.172,0.9031,2,5,5,2
401.202,0.9029,2,5,5,2
401.236,0.9023,2,5,5,2
401.270,0.9020,2,5,5,2
401.303,0.9013,2,5,5,2
401.334,0.9007,2,5,5,2
401.368,0.9003,2,5,5,2
401.402,0.8997,2,5,5,2
401.438,0.8991,2,5,5,2
401.469,0.8988,0,0,0,0
401.504,0.8983,0,0,0,0
401.537,0.8978,0,0,0,0
401.570,0.8975,0,0,0,0
401.605,0.8971,0,0,0,0
401.638,0.8969,0,0,0,0
401.671,0.8968,0,0,0,0
401.702,0.8967,0,0,0,0
401.738,0.8965,0,0,0,0
401.769,0.8964,0,0,0,0
401.805,0.8962,0,0,0,0
401.836,0.8959,0,0,0,0
401.866,0.8958,0,0,0,0
401.905,0.8955,0,0,0,0
401.938,0.8952,0,0,0,0
401.968,0.8950,0,0,0,0
402.003,0.8947,0,0,0,0
402.038,0.8944,0,0,0,0
402.070,0.8943,0,0,0,0
402.105,0.8943,0,0,0,0
402.136,0.8941,0,0,0,0
402.168,0.8952,0,0,0,0
402.205,0.8975,2,5,5,2
402.235,0.8999,2,5,5,2
402.270,0.9037,2,5,5,2
402.303,0.9076,2,5,5,2
402.337,0.9114,2,5,5,2
402.369,0.9143,2,5,5,2
402.404,0.9166,2,5,5,2
402.437,0.9172,2,5,5,2
402.471,0.9174,2,5,5,2
402.502,0.9180,2,5,5,2
402.538,0.9186,2,5,5,2
402.570,0.9189,2,5,5,2
402.604,0.9194,2,5,5,2
402.636,0.9199,2,5,5,2
402.669,0.9202,2,5,5,2
402.703,0.9206,2,5,5,2
402.735,0.9211,2,5,5,2
402.773,0.9214,2,5,5,2
402.797,0.9216,2,5,5,2
402.839,0.9219,2,5,5,2
402.868,0.9221,2,5,5,2
402.905,0.9223,2,5,5,2
402.939,0.9226,2,5,5,2
402.972,0.9228,2,5,5,2
402.994,0.9241,2,5,5,2
403.038,0.9274,2,5,5,2
403.071,0.9310,2,5,5,2
403.103,0.9350,2,5,5,2
403.136,0.9392,2,5,5,2
403.168,0.9421,2,5,5,2
403.204,0.9422,2,5,5,2
403.238,0.9423,2,5,5,2
403.272,0.9423,2,5,5,2
403.301,0.9424,2,5,5,2
403.335,0.9424,2,5,5,2
403.370,0.9424,2,5,5,2
403.403,0.9425,2,5,5,2
403.437,0.9425,2,5,5,2
403.470,0.9425,2,5,5,2
403.501,0.9426,2,5,5,2
403.535,0.9426,2,5,5,2
403.571,0.9426,2,5,5,2
403.603,0.9426,2,5,5,2
403.636,0.9426,2,5,5,2
403.670,0.9425,2,5,5,2
403.702,0.9425,2,5,5,2
403.745,0.9425,2,5,5,2
403.771,0.9425,2,5,5,2
403.804,0.9425,2,5,5,2
403.838,0.9424,2,5,5,2
403.870,0.9428,2,5,5,2
403.905,0.9434,2,5,5,2
403.935,0.9439,2,5,5,2
403.970,0.9439,2,5,5,2
404.003,0.9439,2,5,5,2
404.038,0.9438,2,5,5,2
404.072,0.9438,2,5,5,2
404.106,0.9437,2,5,5,2
404.138,0.9437,2,5,5,2
404.170,0.9437,0,0,0,0
404.205,0.9436,0,0,0,0
404.237,0.9435,0,0,0,0
404.272,0.9435,0,0,0,0
404.303,0.9434,0,0,0,0
404.338,0.9434,0,0,0,0
404.372,0.9434,0,0,0,0
404.403,0.9433,0,0,0,0
404.435,0.9432,0,0,0,0
404.472,0.9432,0,0,0,0
404.503,0.9431,0,0,0,0
404.538,0.9431,0,0,0,0
404.570,0.9430,0,0,0,0
404.604,0.9429,0,0,0,0
404.636,0.9429,0,0,0,0
404.671,0.9428,0,0,0,0
404.703,0.9428,0,0,0,0
404.738,0.9427,0,0,0,0
404.768,0.9427,0,0,0,0
404.802,0.9426,0,0,0,0
404.836,0.9425,0,0,0,0
404.869,0.9427,0,0,0,0
404.902,0.9430,0,0,0,0
404.936,0.9433,0,0,0,0
404.972,0.9436,0,0,0,0
405.002,0.9437,0,0,0,0
405.035,0.9440,0,0,0,0
405.070,0.9442,0,0,0,0
405.104,0.9444,0,0,0,0
405.141,0.9447,0,0,0,0
405.168,0.9448,0,0,0,0
405.202,0.9451,0,0,0,0
405.237,0.9453,0,0,0,0
405.270,0.9454,0,0,0,0
405.302,0.9456,0,0,0,0
405.336,0.9459,0,0,0,0
405.369,0.9460,0,0,0,0
405.405,0.9462,0,0,0,0
405.438,0.9464,0,0,0,0
405.468,0.9465,0,0,0,0
405.505,0.9467,0,0,0,0
405.538,0.9469,0,0,0,0
405.572,0.9471,0,0,0,0
405.603,0.9472,0,0,0,0
405.632,0.9473,0,0,0,0
405.671,0.9474,0,0,0,0
405.703,0.9476,0,0,0,0
405.737,0.9478,0,0,0,0
405.768,0.9478,0,0,0,0
405.802,0.9480,0,0,0,0
405.836,0.9482,0,0,0,0
405.868,0.9482,0,0,0,0
405.906,0.9484,0,0,0,0
405.935,0.9485,0,0,0,0
405.971,0.9486,0,0,0,0
406.004,0.9487,0,0,0,0
406.038,0.9489,0,0,0,0
406.072,0.9490,0,0,0,0
406.103,0.9491,0,0,0,0
406.135,0.9492,0,0,0,0
406.172,0.9492,0,0,0,0
406.202,0.9494,0,0,0,0
406.238,0.9495,0,0,0,0
406.270,0.9495,0,0,0,0
406.304,0.9497,0,0,0,0
406.339,0.9498,0,0,0,0
406.371,0.9498,0,0,0,0
406.406,0.9499,0,0,0,0
406.439,0.9500,0,0,0,0
406.468,0.9501,0,0,0,0
406.505,0.9502,0,0,0,0
406.540,0.9503,0,0,0,0
406.573,0.9503,0,0,0,0
406.604,0.9503,0,0,0,0
406.638,0.9500,0,0,0,0
406.668,0.9498,0,0,0,0
406.704,0.9487,0,0,0,0
406.737,0.9469,2,5,5,2
406.769,0.9457,2,5,5,2
406.805,0.9426,2,5,5,2
406.838,0.9386,2,5,5,2
406.873,0.9339,2,5,5,2
406.903,0.9313,2,5,5,2
406.936,0.9254,2,5,5,2
406.970,0.9222,2,5,5,2
407.003,0.9153,2,5,5,2
407.035,0.9079,2,5,5,2
407.070,0.9040,2,5,5,2
407.105,0.8958,2,5,5,2
407.137,0.8873,2,5,5,2
407.169,0.8820,2,5,5,2
407.203,0.8712,2,5,5,2
407.237,0.8595,2,5,5,2
407.272,0.8475,2,5,5,2
407.306,0.8399,2,5,5,2
407.339,0.8275,2,5,5,2
407.372,0.8198,2,5,5,2
407.403,0.8077,2,5,5,2
407.437,0.7953,2,5,5,2
407.473,0.7831,2,5,5,2
407.506,0.7755,2,5,5,2
407.528,0.7690,2,5,5,2
407.570,0.7561,2,5,5,2
407.604,0.7440,2,5,5,2
407.636,0.7320,2,5,5,2
407.671,0.7240,2,5,5,2
407.702,0.7121,2,5,5,2
407.739,0.6999,2,5,5,2
407.771,0.6938,2,5,5,2
407.803,0.6892,2,5,5,2
407.836,0.6849,2,5,5,2
407.870,0.6846,2,5,5,2
407.902,0.6803,1,6,6,1
407.938,0.6764,1,6,6,1
407.968,0.6758,1,6,6,1
408.004,0.6717,1,6,6,1
408.038,0.6672,1,6,6,1
408.072,0.6626,1,6,6,1
408.103,0.6617,1,6,6,1
408.138,0.6566,1,6,6,1
408.171,0.6554,1,6,6,1
408.202,0.6486,1,6,6,1
408.236,0.6411,1,6,6,1
408.272,0.6370,1,6,6,1
408.302,0.6276,1,6,6,1
408.336,0.6185,1,6,6,1
408.368,0.6141,1,6,6,1
408.403,0.6057,1,6,6,1
408.436,0.5971,1,6,6,1
408.469,0.5913,1,6,6,1
408.497,0.5813,1,6,6,1
408.537,0.5699,1,6,6,1
408.568,0.5617,1,6,6,1
408.605,0.5478,1,6,6,1
408.637,0.5347,1,6,6,1
408.669,0.5243,1,6,6,1
408.704,0.5173,1,6,6,1
408.737,0.5160,1,6,6,1
408.772,0.5121,1,6,6,1
408.801,0.5103,1,6,6,1
408.840,0.5071,1,6,6,1
408.869,0.5058,1,6,6,1
408.905,0.5033,1,6,6,1
408.938,0.5013,1,6,6,1
408.969,0.5004,1,6,6,1
409.004,0.4989,1,6,6,1
409.038,0.4976,1,6,6,1
409.070,0.4971,1,6,6,1
409.105,0.4961,1,6,6,1
409.138,0.4965,1,6,6,1
409.171,0.4988,1,6,6,1
409.206,0.5015,1,6,6,1
409.238,0.5039,1,6,6,1
409.269,0.5059,1,6,6,1
409.304,0.5070,1,6,6,1
409.339,0.5069,1,6,6,1
409.372,0.5067,1,6,6,1
409.402,0.5060,1,6,6,1
409.438,0.5053,1,6,6,1
409.467,0.5050,1,6,6,1
409.501,0.5042,1,6,6,1
409.536,0.5034,1,6,6,1
409.570,0.5030,1,6,6,1
409.605,0.5021,1,6,6,1
409.637,0.5012,1,6,6,1
409.670,0.5007,1,6,6,1
409.702,0.4993,1,6,6,1
409.739,0.4961,1,6,6,1
409.768,0.4936,1,6,6,1
409.806,0.4886,1,6,6,1
409.838,0.4830,1,6,6,1
409.869,0.4788,1,6,6,1
409.902,0.4724,1,6,6,1
409.936,0.4669,1,6,6,1
409.970,0.4642,1,6,6,1
410.001,0.4587,1,6,6,1
410.037,0.4532,1,6,6,1
410.068,0.4505,0,7,7,0
410.102,0.4452,0,7,7,0
410.136,0.4403,0,7,7,0
410.173,0.4360,0,7,7,0
410.204,0.4341,0,7,7,0
410.236,0.4308,0,7,7,0
410.270,0.4293,0,7,7,0
410.303,0.4269,0,7,7,0
410.336,0.4250,0,7,7,0
410.372,0.4236,0,7,7,0
410.403,0.4230,0,7,7,0
410.438,0.4222,0,7,7,0
410.469,0.4219,0,7,7,0
410.503,0.4215,0,7,7,0
410.538,0.4212,0,7,7,0
410.568,0.4211,0,7,7,0
410.601,0.4211,0,7,7,0
410.639,0.4210,0,7,7,0
410.671,0.4211,0,7,7,0
410.702,0.4212,0,7,7,0
410.739,0.4213,0,7,7,0
410.769,0.4214,0,7,7,0
410.802,0.4215,0,7,7,0
410.838,0.4216,0,7,7,0
410.869,0.4216,0,7,7,0
410.903,0.4217,0,7,7,0
410.936,0.4217,0,7,7,0
410.968,0.4217,0,7,7,0
411.004,0.4218,0,7,7,0
411.035,0.4218,0,7,7,0
411.071,0.4218,0,7,7,0
411.103,0.4217,0,7,7,0
411.138,0.4217,0,7,7,0
411.168,0.4217,0,7,7,0
411.197,0.4217,0,7,7,0
411.236,0.4217,0,7,7,0
411.271,0.4216,0,7,7,0
411.304,0.4216,0,7,7,0
411.336,0.4216,0,0,0,0
411.369,0.4216,0,0,0,0
411.404,0.4215,0,0,0,0
411.436,0.4215,0,0,0,0
411.472,0.4215,0,0,0,0
411.502,0.4215,0,0,0,0
411.537,0.4214,0,0,0,0
411.570,0.4214,0,0,0,0
411.603,0.4216,0,0,0,0
411.638,0.4219,0,0,0,0
411.670,0.4219,0,0,0,0
411.705,0.4218,0,0,0,0
411.737,0.4218,0,0,0,0
411.769,0.4218,0,0,0,0
411.805,0.4218,0,0,0,0
411.836,0.4218,0,0,0,0
411.868,0.4218,0,0,0,0
411.901,0.4217,0,0,0,0
411.939,0.4225,0,0,0,0
411.969,0.4237,0,0,0,0
412.008,0.4260,0,7,7,0
412.038,0.4279,0,7,7,0
412.061,0.4293,0,7,7,0
412.104,0.4313,0,7,7,0
412.139,0.4321,0,7,7,0
412.169,0.4325,0,7,7,0
412.203,0.4328,0,7,7,0
412.236,0.4337,0,7,7,0
412.272,0.4373,0,7,7,0
412.305,0.4407,0,7,7,0
412.337,0.4440,0,7,7,0
412.370,0.4469,0,7,7,0
412.402,0.4492,0,7,7,0
412.439,0.4491,0,7,7,0
412.472,0.4491,0,7,7,0
412.502,0.4491,0,7,7,0
412.539,0.4491,0,7,7,0
412.572,0.4491,0,7,7,0
412.603,0.4491,0,7,7,0
412.635,0.4491,0,7,7,0
412.671,0.4491,0,7,7,0
412.703,0.4491,0,7,7,0
412.735,0.4491,0,7,7,0
412.772,0.4491,0,7,7,0
412.804,0.4491,0,7,7,0
412.836,0.4490,0,7,7,0
412.872,0.4490,0,7,7,0
412.906,0.4490,0,7,7,0
412.936,0.4478,0,7,7,0
412.970,0.4436,0,7,7,0
413.004,0.4389,0,7,7,0
413.038,0.4339,0,7,7,0
413.070,0.4283,0,7,7,0
413.106,0.4213,0,7,7,0
413.137,0.4146,0,7,7,0
413.170,0.4167,0,7,7,0
413.205,0.4201,0,7,7,0
413.238,0.4220,0,7,7,0
413.272,0.4232,0,7,7,0
413.305,0.4240,0,7,7,0
413.335,0.4240,0,7,7,0
413.369,0.4240,0,7,7,0
413.404,0.4240,0,7,7,0
413.438,0.4239,0,7,7,0
413.470,0.4239,0,7,7,0
413.501,0.4239,0,7,7,0
413.538,0.4239,0,7,7,0
413.570,0.4238,0,7,7,0
413.602,0.4238,0,7,7,0
413.639,0.4238,0,7,7,0
413.671,0.4292,0,7,7,0
413.706,0.4355,0,7,7,0
413.740,0.4434,0,7,7,0
413.770,0.4503,0,7,7,0
413.805,0.4573,0,7,7,0
413.836,0.4625,0,7,7,0
413.868,0.4671,0,7,7,0
413.903,0.4708,0,7,7,0
413.937,0.4734,0,7,7,0
413.970,0.4736,0,7,7,0
414.005,0.4736,0,7,7,0
414.038,0.4736,0,7,7,0
414.070,0.4736,0,7,7,0
414.102,0.4736,0,7,7,0
414.139,0.4736,0,7,7,0
414.171,0.4736,0,7,7,0
414.202,0.4736,0,7,7,0
414.239,0.4747,0,7,7,0
414.271,0.4754,0,7,7,0
414.301,0.4757,0,7,7,0
414.338,0.4756,0,7,7,0
414.368,0.4754,0,7,7,0
414.402,0.4751,0,7,7,0
414.439,0.4752,0,7,7,0
414.471,0.4752,0,7,7,0
414.505,0.4752,0,7,7,0
414.537,0.4752,0,7,7,0
414.572,0.4751,0,7,7,0
414.603,0.4751,0,7,7,0
414.633,0.4751,0,7,7,0
414.670,0.4751,0,7,7,0
414.703,0.4750,0,7,7,0
414.735,0.4750,0,7,7,0
414.771,0.4750,0,7,7,0
414.804,0.4750,0,7,7,0
414.836,0.4750,0,7,7,0
414.871,0.4750,0,7,7,0
414.904,0.4749,0,7,7,0
414.935,0.4749,0,7,7,0
414.968,0.4749,0,0,0,0
415.006,0.4749,0,0,0,0
415.036,0.4748,0,0,0,0
415.068,0.4748,0,0,0,0
415.104,0.4748,0,0,0,0
415.139,0.4748,0,0,0,0
415.171,0.4748,0,0,0,0
415.203,0.4748,0,0,0,0
415.235,0.4747,0,0,0,0
415.271,0.4747,0,0,0,0
415.303,0.4747,0,0,0,0
415.337,0.4747,0,0,0,0
415.370,0.4747,0,0,0,0
415.403,0.4747,0,0,0,0
415.436,0.4747,0,0,0,0
415.470,0.4747,0,0,0,0
415.501,0.4747,0,0,0,0
415.538,0.4744,0,0,0,0
415.569,0.4743,0,0,0,0
415.604,0.4740,0,0,0,0
415.635,0.4735,0,0,0,0
415.670,0.4732,0,0,0,0
415.704,0.4726,0,0,0,0
415.737,0.4720,0,0,0,0
415.769,0.4717,0,0,0,0
415.804,0.4710,0,0,0,0
415.838,0.4703,0,0,0,0
415.872,0.4697,0,0,0,0
415.901,0.4693,0,0,0,0
415.938,0.4687,0,0,0,0
415.969,0.4684,0,0,0,0
416.005,0.4678,0,0,0,0
416.037,0.4673,0,0,0,0
416.069,0.4671,0,0,0,0
416.101,0.4667,0,0,0,0
416.138,0.4664,0,0,0,0
416.172,0.4664,0,0,0,0
416.202,0.4664,0,0,0,0
416.236,0.4667,0,0,0,0
416.268,0.4668,0,0,0,0
416.302,0.4672,0,0,0,0
416.335,0.4674,0,0,0,0
416.372,0.4678,0,0,0,0
416.394,0.4680,0,0,0,0
416.438,0.4684,0,0,0,0
416.469,0.4686,0,0,0,0
416.503,0.4690,0,0,0,0
416.536,0.4694,0,0,0,0
416.572,0.4698,0,0,0,0
416.601,0.4699,0,0,0,0
416.638,0.4703,0,0,0,0
416.672,0.4704,0,0,0,0
416.701,0.4708,0,0,0,0
416.735,0.4710,0,0,0,0
416.769,0.4712,0,0,0,0
416.805,0.4714,0,0,0,0
416.837,0.4716,0,0,0,0
416.871,0.4717,0,0,0,0
416.902,0.4719,0,0,0,0
416.935,0.4721,0,0,0,0
416.973,0.4723,0,0,0,0
417.002,0.4723,0,0,0,0
417.039,0.4724,0,0,0,0
417.072,0.4726,0,0,0,0
417.102,0.4726,0,0,0,0
417.138,0.4727,0,0,0,0
417.171,0.4727,0,0,0,0
417.204,0.4728,0,0,0,0
417.233,0.4728,0,0,0,0
417.270,0.4729,0,0,0,0
417.304,0.4729,0,0,0,0
417.335,0.4729,0,0,0,0
417.369,0.4729,0,0,0,0
417.404,0.4729,0,0,0,0
417.435,0.4729,0,0,0,0
417.471,0.4729,0,0,0,0
417.503,0.4729,0,0,0,0
417.537,0.4729,0,0,0,0
417.572,0.4729,0,0,0,0
417.606,0.4729,0,0,0,0
417.636,0.4729,0,0,0,0
417.671,0.4729,0,0,0,0
417.703,0.4729,0,0,0,0
417.738,0.4728,0,0,0,0
417.772,0.4728,0,0,0,0
417.804,0.4728,0,0,0,0
417.838,0.4728,0,0,0,0
417.871,0.4727,0,0,0,0
417.902,0.4727,0,0,0,0
417.937,0.4727,0,0,0,0
417.972,0.4726,0,0,0,0
418.005,0.4726,0,0,0,0
418.035,0.4723,0,0,0,0
418.073,0.4717,0,0,0,0
418.101,0.4713,0,0,0,0
418.137,0.4705,0,0,0,0
418.172,0.4696,0,0,0,0
418.203,0.4689,0,0,0,0
418.235,0.4672,0,7,7,0
418.272,0.4650,0,7,7,0
418.302,0.4632,0,7,7,0
418.336,0.4602,0,7,7,0
418.368,0.4586,0,7,7,0
418.404,0.4564,0,7,7,0
418.435,0.4544,0,7,7,0
418.471,0.4530,0,7,7,0
418.503,0.4509,0,7,7,0
418.536,0.4473,0,7,7,0
418.570,0.4434,0,7,7,0
418.602,0.4385,0,7,7,0
418.636,0.4323,0,7,7,0
418.672,0.4247,0,7,7,0
418.703,0.4179,0,7,7,0
418.738,0.4123,0,7,7,0
418.770,0.4093,0,7,7,0
418.803,0.4154,0,7,7,0
418.836,0.4206,0,7,7,0
418.872,0.4248,0,7,7,0
418.902,0.4290,0,7,7,0
418.938,0.4376,0,7,7,0
418.970,0.4444,0,7,7,0
419.002,0.4514,0,7,7,0
419.039,0.4589,0,7,7,0
419.063,0.4634,0,7,7,0
419.104,0.4699,0,7,7,0
419.136,0.4720,0,7,7,0
419.169,0.4735,0,7,7,0
419.204,0.4739,0,7,7,0
419.235,0.4734,0,7,7,0
419.270,0.4730,0,7,7,0
419.302,0.4721,0,7,7,0
419.334,0.4712,0,7,7,0
419.367,0.4707,0,7,7,0
419.404,0.4721,0,7,7,0
419.439,0.4737,0,7,7,0
419.468,0.4756,0,7,7,0
419.503,0.4772,0,7,7,0
419.538,0.4782,0,7,7,0
419.572,0.4772,0,7,7,0
419.606,0.4768,0,7,7,0
419.635,0.4757,0,7,7,0
419.669,0.4751,0,7,7,0
419.704,0.4739,0,7,7,0
419.737,0.4728,0,7,7,0
419.771,0.4723,0,7,7,0
419.805,0.4712,0,7,7,0
419.839,0.4701,0,7,7,0
419.873,0.4689,0,7,7,0
419.902,0.4684,0,7,7,0
419.937,0.4673,0,7,7,0
419.970,0.4668,0,7,7,0
420.004,0.4657,0,7,7,0
420.038,0.4647,0,7,7,0
420.072,0.4636,0,7,7,0
420.106,0.4631,0,7,7,0
420.134,0.4620,0,7,7,0
420.171,0.4614,0,7,7,0
420.202,0.4604,0,7,7,0
420.240,0.4593,0,7,7,0
420.270,0.4587,0,7,7,0
420.305,0.4576,0,7,7,0
420.335,0.4565,0,7,7,0
420.372,0.4554,0,7,7,0
420.401,0.4548,0,7,7,0
420.435,0.4537,0,7,7,0
420.472,0.4526,0,7,7,0
420.502,0.4521,0,7,7,0
420.537,0.4511,0,0,0,0
420.568,0.4509,0,0,0,0
420.605,0.4508,0,0,0,0
420.639,0.4507,0,0,0,0
420.670,0.4506,0,0,0,0
420.705,0.4505,0,0,0,0
420.735,0.4505,0,0,0,0
420.770,0.4504,0,0,0,0
420.805,0.4503,0,0,0,0
420.835,0.4503,0,0,0,0
420.870,0.4502,0,0,0,0
420.902,0.4502,0,0,0,0
420.937,0.4501,0,0,0,0
420.970,0.4501,0,0,0,0
421.005,0.4501,0,0,0,0
421.037,0.4501,0,0,0,0
421.069,0.4500,0,0,0,0
421.105,0.4500,0,0,0,0
421.138,0.4500,0,0,0,0
421.170,0.4500,0,0,0,0
421.204,0.4500,0,0,0,0
421.239,0.4500,0,0,0,0
421.270,0.4500,0,0,0,0
421.305,0.4500,0,0,0,0
421.335,0.4499,0,0,0,0
421.371,0.4499,0,0,0,0
421.406,0.4499,0,0,0,0
421.438,0.4499,0,0,0,0
421.469,0.4499,0,0,0,0
421.505,0.4499,0,0,0,0
421.539,0.4499,0,0,0,0
421.571,0.4499,0,0,0,0
421.605,0.4499,0,0,0,0
421.638,0.4498,0,0,0,0
421.671,0.4498,0,0,0,0
421.699,0.4498,0,0,0,0
421.735,0.4498,0,0,0,0
421.770,0.4498,0,0,0,0
421.805,0.4497,0,0,0,0
421.838,0.4497,0,0,0,0
421.870,0.4497,0,0,0,0
421.905,0.4497,0,0,0,0
421.938,0.4496,0,0,0,0
421.969,0.4496,0,0,0,0
422.006,0.4496,0,0,0,0
422.038,0.4495,0,0,0,0
422.068,0.4495,0,0,0,0
422.106,0.4494,0,0,0,0
422.135,0.4494,0,0,0,0
422.171,0.4494,0,0,0,0
422.202,0.4493,0,0,0,0
422.239,0.4493,0,0,0,0
422.271,0.4492,0,0,0,0
422.305,0.4492,0,0,0,0
422.335,0.4491,0,0,0,0
422.372,0.4491,0,0,0,0
422.402,0.4491,0,0,0,0
422.439,0.4490,0,0,0,0
422.472,0.4489,0,0,0,0
422.503,0.4489,0,0,0,0
422.539,0.4488,0,0,0,0
422.572,0.4488,0,0,0,0
422.603,0.4488,0,0,0,0
422.632,0.4487,0,0,0,0
422.669,0.4487,0,0,0,0
422.701,0.4486,0,0,0,0
422.736,0.4485,0,0,0,0
422.768,0.4485,0,0,0,0
422.802,0.4484,0,0,0,0
422.839,0.4484,0,0,0,0
422.871,0.4483,0,0,0,0
422.901,0.4483,0,0,0,0
422.935,0.4482,0,0,0,0
422.972,0.4482,0,0,0,0
423.006,0.4481,0,0,0,0
423.038,0.4480,0,0,0,0
423.071,0.4480,0,0,0,0
423.102,0.4479,0,0,0,0
423.138,0.4479,0,0,0,0
423.170,0.4478,0,0,0,0
423.206,0.4478,0,0,0,0
423.238,0.4477,0,0,0,0
423.268,0.4477,0,0,0,0
423.303,0.4476,0,0,0,0
423.337,0.4475,0,0,0,0
423.370,0.4475,0,0,0,0
423.405,0.4475,0,0,0,0
423.437,0.4474,0,0,0,0
423.472,0.4473,0,0,0,0
423.503,0.4473,0,0,0,0
423.539,0.4472,0,0,0,0
423.560,0.4472,0,0,0,0
423.602,0.4471,0,0,0,0
423.637,0.4471,0,0,0,0
423.669,0.4470,0,0,0,0
423.702,0.4470,0,0,0,0
423.738,0.4469,0,0,0,0
423.770,0.4469,0,0,0,0
423.801,0.4468,0,0,0,0
423.835,0.4468,0,0,0,0
423.871,0.4467,0,0,0,0
423.904,0.4467,0,0,0,0
423.938,0.4466,0,0,0,0
423.972,0.4465,0,0,0,0
424.004,0.4465,0,0,0,0
424.039,0.4465,0,0,0,0
424.070,0.4464,0,0,0,0
424.104,0.4464,0,0,0,0
424.136,0.4463,0,0,0,0
424.172,0.4463,0,0,0,0
424.203,0.4462,0,0,0,0
424.237,0.4462,0,0,0,0
424.268,0.4462,0,0,0,0
424.303,0.4461,0,0,0,0
424.336,0.4460,0,0,0,0
424.369,0.4460,0,0,0,0
424.405,0.4460,0,0,0,0
424.438,0.4459,0,0,0,0
424.471,0.4459,0,0,0,0
424.499,0.4458,0,0,0,0
424.538,0.4458,0,0,0,0
424.571,0.4458,0,0,0,0
424.604,0.4457,0,0,0,0
424.635,0.4457,0,0,0,0
424.671,0.4456,0,0,0,0
424.703,0.4456,0,0,0,0
424.737,0.4455,0,0,0,0
424.771,0.4455,0,0,0,0
424.804,0.4455,0,0,0,0
424.838,0.4454,0,0,0,0
424.872,0.4454,0,0,0,0
424.903,0.4454,0,0,0,0
424.937,0.4453,0,0,0,0
424.971,0.4453,0,0,0,0
425.003,0.4452,0,0,0,0
425.036,0.4452,0,0,0,0
425.072,0.4452,0,0,0,0
425.105,0.4451,0,0,0,0
425.138,0.4451,0,0,0,0
425.172,0.4451,0,0,0,0
425.202,0.4450,0,0,0,0
425.239,0.4450,0,0,0,0
425.271,0.4450,0,0,0,0
425.305,0.4449,0,0,0,0
425.338,0.4449,0,0,0,0
425.370,0.4449,0,0,0,0
425.401,0.4448,0,0,0,0
425.435,0.4448,0,0,0,0
425.471,0.4448,0,0,0,0
425.502,0.4447,0,0,0,0
425.535,0.4447,0,0,0,0
425.571,0.4447,0,0,0,0
425.603,0.4447,0,0,0,0
425.635,0.4446,0,0,0,0
425.669,0.4446,0,0,0,0
425.702,0.4446,0,0,0,0
425.739,0.4445,0,0,0,0
425.768,0.4445,0,0,0,0
425.806,0.4445,0,0,0,0
425.836,0.4445,0,0,0,0
425.868,0.4444,0,0,0,0
425.905,0.4444,0,0,0,0
425.935,0.4444,0,0,0,0
425.973,0.4443,0,0,0,0
426.005,0.4443,0,0,0,0
426.036,0.4443,0,0,0,0
426.072,0.4443,0,0,0,0
426.101,0.4443,0,0,0,0
426.136,0.4442,0,0,0,0
426.172,0.4442,0,0,0,0
426.205,0.4442,0,0,0,0
426.239,0.4442,0,0,0,0
426.268,0.4441,0,0,0,0
426.301,0.4441,0,0,0,0
426.338,0.4441,0,0,0,0
426.372,0.4441,0,0,0,0
426.405,0.4440,0,0,0,0
426.435,0.4440,0,0,0,0
426.472,0.4440,0,0,0,0
426.495,0.4440,0,0,0,0
426.536,0.4440,0,0,0,0
426.569,0.4439,0,0,0,0
426.603,0.4439,0,0,0,0
426.637,0.4439,0,0,0,0
426.670,0.4439,0,0,0,0
426.702,0.4439,0,0,0,0
426.737,0.4438,0,0,0,0
426.769,0.4438,0,0,0,0
426.805,0.4438,0,0,0,0
426.838,0.4438,0,0,0,0
426.871,0.4438,0,0,0,0
426.905,0.4437,0,0,0,0
426.933,0.4437,0,0,0,0
426.971,0.4437,0,0,0,0
427.002,0.4437,0,0,0,0
427.037,0.4437,0,0,0,0
427.068,0.4437,0,0,0,0
427.104,0.4436,0,0,0,0
427.136,0.4436,0,0,0,0
427.171,0.4436,0,0,0,0
427.207,0.4436,0,0,0,0
427.239,0.4436,0,0,0,0
427.272,0.4436,0,0,0,0
427.305,0.4435,0,0,0,0
427.338,0.4435,0,0,0,0
427.365,0.4435,0,0,0,0
427.406,0.4435,0,0,0,0
427.436,0.4435,0,0,0,0
427.468,0.4435,0,0,0,0
427.503,0.4434,0,0,0,0
427.534,0.4434,0,0,0,0
427.571,0.4434,0,0,0,0
427.605,0.4434,0,0,0,0
427.638,0.4434,0,0,0,0
427.672,0.4434,0,0,0,0
427.703,0.4434,0,0,0,0
427.736,0.4433,0,0,0,0
427.769,0.4433,0,0,0,0
427.800,0.4433,0,0,0,0
427.838,0.4433,0,0,0,0
427.872,0.4433,0,0,0,0
427.906,0.4433,0,0,0,0
427.935,0.4433,0,0,0,0
427.969,0.4433,0,0,0,0
428.004,0.4432,0,0,0,0
428.039,0.4432,0,0,0,0
428.071,0.4432,0,0,0,0
428.102,0.4432,0,0,0,0
428.139,0.4432,0,0,0,0
428.172,0.4432,0,0,0,0
428.202,0.4432,0,0,0,0
428.238,0.4432,0,0,0,0
428.271,0.4431,0,0,0,0
428.302,0.4431,0,0,0,0
428.339,0.4431,0,0,0,0
428.370,0.4431,0,0,0,0
428.403,0.4431,0,0,0,0
428.435,0.4431,0,0,0,0
428.472,0.4431,0,0,0,0
428.502,0.4431,0,0,0,0
428.539,0.4431,0,0,0,0
428.571,0.4431,0,0,0,0
428.606,0.4434,0,0,0,0
428.639,0.4454,0,7,7,0
428.670,0.4474,0,7,7,0
428.702,0.4493,0,7,7,0
428.736,0.4512,0,7,7,0
428.772,0.4528,0,7,7,0
428.804,0.4537,0,7,7,0
428.837,0.4539,0,7,7,0
428.869,0.4540,0,7,7,0
428.904,0.4541,0,7,7,0
428.937,0.4543,0,7,7,0
428.971,0.4544,0,7,7,0
429.002,0.4540,0,7,7,0
429.035,0.4528,0,7,7,0
429.073,0.4511,0,7,7,0
429.105,0.4509,0,7,7,0
429.136,0.4506,0,7,7,0
429.171,0.4504,0,7,7,0
429.203,0.4502,0,7,7,0
429.236,0.4500,0,7,7,0
429.268,0.4492,0,7,7,0
429.303,0.4478,0,7,7,0
429.338,0.4457,0,7,7,0
429.369,0.4432,0,7,7,0
429.405,0.4395,0,7,7,0
429.438,0.4386,0,7,7,0
429.470,0.4379,0,7,7,0
429.505,0.4375,0,7,7,0
429.537,0.4375,0,7,7,0
429.568,0.4375,0,7,7,0
429.606,0.4375,0,7,7,0
429.636,0.4359,0,7,7,0
429.670,0.4322,0,7,7,0
429.703,0.4279,0,7,7,0
429.735,0.4229,0,7,7,0
429.771,0.4164,0,7,7,0
429.805,0.4097,0,7,7,0
429.838,0.4059,0,7,7,0
429.870,0.4025,0,7,7,0
429.906,0.3998,0,7,7,0
429.938,0.3982,0,7,7,0
429.970,0.3982,0,7,7,0
430.003,0.3981,0,7,7,0
430.036,0.3980,0,7,7,0
430.072,0.4201,0,7,7,0
430.103,0.4199,0,7,7,0
430.145,0.4192,0,7,7,0
430.169,0.4187,0,7,7,0
430.203,0.4177,0,7,7,0
430.237,0.4164,0,7,7,0
430.268,0.4156,0,7,7,0
430.303,0.4152,0,7,7,0
430.337,0.4173,0,7,7,0
430.370,0.4202,0,7,7,0
430.405,0.4220,0,7,7,0
430.435,0.4225,0,7,7,0
430.469,0.4245,0,7,7,0
430.502,0.4237,0,7,7,0
430.539,0.4216,0,7,7,0
430.570,0.4207,0,7,7,0
430.602,0.4188,0,7,7,0
430.638,0.4172,0,7,7,0
430.671,0.4166,0,7,7,0
430.702,0.4165,0,7,7,0
430.739,0.4170,0,7,7,0
430.771,0.4178,0,7,7,0
430.806,0.4185,0,7,7,0
430.835,0.4189,0,7,7,0
430.871,0.4190,0,7,7,0
430.905,0.4189,0,7,7,0
430.935,0.4186,0,7,7,0
430.980,0.4176,0,7,7,0
431.002,0.4170,0,7,7,0
431.036,0.4161,0,7,7,0
431.070,0.4149,0,7,7,0
431.102,0.4137,0,7,7,0
431.138,0.4119,0,7,7,0
431.170,0.4083,0,7,7,0
431.202,0.4042,0,7,7,0
431.239,0.3987,0,7,7,0
431.268,0.4019,0,7,7,0
431.302,0.4124,0,7,7,0
431.338,0.4185,0,7,7,0
431.372,0.4220,0,7,7,0
431.404,0.4258,0,7,7,0
431.439,0.4277,0,7,7,0
431.472,0.4302,0,7,7,0
431.506,0.4315,0,7,7,0
431.538,0.4363,0,7,7,0
431.572,0.4424,0,7,7,0
431.603,0.4470,0,7,7,0
431.635,0.4516,0,7,7,0
431.671,0.4576,0,7,7,0
431.703,0.4612,0,7,7,0
431.737,0.4640,0,7,7,0
431.769,0.4655,0,7,7,0
431.805,0.4657,0,7,7,0
431.829,0.4648,0,7,7,0
431.869,0.4632,0,7,7,0
431.905,0.4617,0,7,7,0
431.935,0.4345,0,7,7,0
431.971,0.4393,0,7,7,0
432.004,0.4431,0,7,7,0
432.037,0.4467,0,7,7,0
432.069,0.4506,0,7,7,0
432.105,0.4539,0,7,7,0
432.139,0.4564,0,7,7,0
432.169,0.4582,0,7,7,0
432.206,0.4594,0,7,7,0
432.239,0.4600,0,7,7,0
432.269,0.4606,0,7,7,0
432.302,0.4606,0,7,7,0
432.337,0.4604,0,7,7,0
432.370,0.4605,0,7,7,0
432.402,0.4599,0,7,7,0
432.436,0.4593,0,7,7,0
432.468,0.4591,0,7,7,0
432.502,0.4586,0,7,7,0
432.536,0.4581,0,7,7,0
432.569,0.4580,0,7,7,0
432.604,0.4578,0,7,7,0
432.636,0.4576,0,7,7,0
432.668,0.4575,0,7,7,0
432.698,0.4572,0,7,7,0
432.739,0.4569,0,7,7,0
432.769,0.4567,0,7,7,0
432.803,0.4562,0,7,7,0
432.838,0.4556,0,7,7,0
432.871,0.4553,0,7,7,0
432.902,0.4546,0,7,7,0
432.939,0.4538,0,7,7,0
432.972,0.4534,0,7,7,0
433.001,0.4526,0,7,7,0
433.034,0.4516,0,7,7,0
433.070,0.4511,0,7,7,0
433.104,0.4500,0,7,7,0
433.138,0.4486,0,7,7,0
433.168,0.4479,0,7,7,0
433.204,0.4464,0,7,7,0
433.236,0.4448,0,7,7,0
433.268,0.4440,0,7,7,0
433.302,0.4425,0,7,7,0
433.338,0.4412,0,7,7,0
433.369,0.4406,0,7,7,0
433.405,0.4398,0,7,7,0
433.437,0.4393,0,7,7,0
433.472,0.4390,0,7,7,0
433.502,0.4390,0,7,7,0
433.539,0.4390,0,7,7,0
433.572,0.4391,0,7,7,0
433.605,0.4392,0,7,7,0
433.635,0.4394,0,7,7,0
433.670,0.4396,0,7,7,0
433.703,0.4400,0,7,7,0
433.735,0.4406,0,7,7,0
433.770,0.4409,0,7,7,0
433.805,0.4415,0,7,7,0
433.836,0.4421,0,7,7,0
433.870,0.4424,0,7,7,0
433.902,0.4431,0,7,7,0
433.936,0.4438,0,7,7,0
433.971,0.4441,0,7,7,0
434.005,0.4448,0,7,7,0
434.035,0.4454,0,7,7,0
434.069,0.4458,0,7,7,0
434.106,0.4464,0,7,7,0
434.139,0.4469,0,7,7,0
434.171,0.4470,0,7,7,0
434.203,0.4472,0,7,7,0
434.238,0.4474,0,7,7,0
434.270,0.4475,0,7,7,0
434.304,0.4476,0,0,0,0
434.336,0.4476,0,0,0,0
434.370,0.4476,0,0,0,0
434.405,0.4476,0,0,0,0
434.434,0.4476,0,0,0,0
434.469,0.4476,0,0,0,0
434.502,0.4477,0,0,0,0
434.537,0.4479,0,0,0,0
434.571,0.4479,0,0,0,0
434.605,0.4481,0,0,0,0
434.638,0.4483,0,0,0,0
434.671,0.4485,0,0,0,0
434.705,0.4487,0,0,0,0
434.736,0.4489,0,0,0,0
434.770,0.4490,0,0,0,0
434.804,0.4492,0,0,0,0
434.838,0.4494,0,0,0,0
434.868,0.4495,0,0,0,0
434.903,0.4497,0,0,0,0
434.935,0.4499,0,0,0,0
434.971,0.4500,0,0,0,0
435.004,0.4501,0,0,0,0
435.035,0.4502,0,0,0,0
435.071,0.4503,0,0,0,0
435.104,0.4504,0,0,0,0
435.136,0.4504,0,0,0,0
435.168,0.4505,0,0,0,0
435.203,0.4505,0,0,0,0
435.239,0.4506,0,0,0,0
435.270,0.4506,0,0,0,0
435.304,0.4506,0,0,0,0
435.338,0.4506,0,0,0,0
435.374,0.4505,0,0,0,0
435.395,0.4504,0,0,0,0
435.438,0.4503,0,0,0,0
435.470,0.4503,0,0,0,0
435.505,0.4502,0,0,0,0
435.537,0.4501,0,0,0,0
435.572,0.4500,0,0,0,0
435.602,0.4500,0,0,0,0
435.639,0.4498,0,0,0,0
435.669,0.4498,0,0,0,0
435.702,0.4497,0,0,0,0
435.739,0.4496,0,0,0,0
435.768,0.4494,0,0,0,0
435.804,0.4491,0,0,0,0
435.836,0.4487,0,0,0,0
435.872,0.4485,0,0,0,0
435.902,0.4480,0,0,0,0
435.938,0.4477,0,0,0,0
435.971,0.4476,0,0,0,0
436.003,0.4475,0,0,0,0
436.037,0.4475,0,0,0,0
436.070,0.4475,0,0,0,0
436.104,0.4475,0,0,0,0
436.136,0.4474,0,0,0,0
436.172,0.4473,0,0,0,0
436.202,0.4472,0,0,0,0
436.242,0.4472,0,0,0,0
436.271,0.4471,0,0,0,0
436.298,0.4471,0,0,0,0
436.335,0.4471,0,0,0,0
436.370,0.4471,0,0,0,0
436.404,0.4470,0,0,0,0
436.439,0.4470,0,0,0,0
436.470,0.4469,0,0,0,0
436.505,0.4465,0,0,0,0
436.537,0.4460,0,0,0,0
436.570,0.4452,0,0,0,0
436.603,0.4453,0,0,0,0
436.637,0.4454,0,0,0,0
436.672,0.4453,0,0,0,0
436.701,0.4454,0,0,0,0
436.737,0.4454,0,0,0,0
436.770,0.4454,0,0,0,0
436.804,0.4455,0,0,0,0
436.837,0.4456,0,0,0,0
436.870,0.4456,0,0,0,0
436.906,0.4456,0,0,0,0
436.935,0.4456,0,0,0,0
436.972,0.4457,0,0,0,0
437.003,0.4457,0,0,0,0
437.036,0.4458,0,0,0,0
437.072,0.4458,0,0,0,0
437.106,0.4458,0,0,0,0
437.137,0.4458,0,0,0,0
437.169,0.4458,0,0,0,0
437.201,0.4459,0,0,0,0
437.238,0.4459,0,0,0,0
437.270,0.4459,0,0,0,0
437.302,0.4459,0,0,0,0
437.337,0.4459,0,0,0,0
437.371,0.4459,0,0,0,0
437.403,0.4459,0,0,0,0
437.437,0.4459,0,0,0,0
437.471,0.4460,0,0,0,0
437.503,0.4460,0,0,0,0
437.538,0.4460,0,0,0,0
437.571,0.4460,0,0,0,0
437.604,0.4460,0,0,0,0
437.637,0.4460,0,0,0,0
437.672,0.4460,0,0,0,0
437.705,0.4460,0,0,0,0
437.737,0.4460,0,0,0,0
437.768,0.4460,0,0,0,0
437.805,0.4460,0,0,0,0
437.838,0.4460,0,0,0,0
437.868,0.4460,0,0,0,0
437.906,0.4460,0,0,0,0
437.936,0.4459,0,0,0,0
437.971,0.4459,0,0,0,0
438.004,0.4459,0,0,0,0
438.038,0.4459,0,0,0,0
438.072,0.4459,0,0,0,0
438.105,0.4459,0,0,0,0
438.142,0.4459,0,0,0,0
438.170,0.4459,0,0,0,0
438.205,0.4459,0,0,0,0
438.238,0.4460,0,0,0,0
438.269,0.4460,0,0,0,0
438.303,0.4459,0,0,0,0
438.338,0.4458,0,0,0,0
438.370,0.4458,0,0,0,0
438.404,0.4458,0,0,0,0
438.439,0.4458,0,0,0,0
438.471,0.4458,0,0,0,0
438.503,0.4458,0,0,0,0
438.538,0.4458,0,0,0,0
438.571,0.4458,0,0,0,0
438.604,0.4458,0,0,0,0
438.638,0.4458,0,0,0,0
438.669,0.4458,0,0,0,0
438.702,0.4458,0,0,0,0
438.739,0.4458,0,0,0,0
438.780,0.4457,0,0,0,0
438.799,0.4457,0,0,0,0
438.835,0.4456,0,0,0,0
438.870,0.4456,0,0,0,0
438.904,0.4456,0,0,0,0
438.938,0.4456,0,0,0,0
438.972,0.4456,0,0,0,0
439.003,0.4456,0,0,0,0
439.035,0.4456,0,0,0,0
439.060,0.4456,0,0,0,0
439.103,0.4456,0,0,0,0
439.137,0.4456,0,0,0,0
439.171,0.4456,0,0,0,0
439.205,0.4456,0,0,0,0
439.238,0.4456,0,0,0,0
439.271,0.4456,0,0,0,0
439.306,0.4456,0,0,0,0
439.337,0.4456,0,0,0,0
439.369,0.4456,0,0,0,0
439.405,0.4455,0,0,0,0
439.439,0.4454,0,0,0,0
439.472,0.4454,0,0,0,0
439.501,0.4454,0,0,0,0
439.535,0.4454,0,0,0,0
439.570,0.4454,0,0,0,0
439.605,0.4454,0,0,0,0
439.637,0.4453,0,0,0,0
439.672,0.4453,0,0,0,0
439.701,0.4453,0,0,0,0
439.738,0.4453,0,0,0,0
439.768,0.4453,0,0,0,0
439.802,0.4453,0,0,0,0
439.835,0.4453,0,0,0,0
439.869,0.4453,0,0,0,0
439.902,0.4453,0,0,0,0
439.935,0.4453,0,0,0,0
439.968,0.4453,0,0,0,0
439.996,0.4453,0,0,0,0
440.038,0.4453,0,0,0,0
440.071,0.4453,0,0,0,0
440.105,0.4453,0,0,0,0
440.137,0.4453,0,0,0,0
440.169,0.4453,0,0,0,0
440.204,0.4453,0,0,0,0
440.234,0.4453,0,0,0,0
440.269,0.4452,0,0,0,0
440.302,0.4452,0,0,0,0
440.338,0.4451,0,0,0,0
440.372,0.4450,0,0,0,0
440.402,0.4446,0,0,0,0
440.437,0.4442,0,0,0,0
440.469,0.4440,0,0,0,0
440.502,0.4435,0,0,0,0
440.539,0.4431,0,0,0,0
440.569,0.4428,0,0,0,0
440.605,0.4424,0,0,0,0
440.638,0.4422,0,0,0,0
440.671,0.4422,0,0,0,0
440.703,0.4420,0,0,0,0
440.739,0.4417,0,0,0,0
440.771,0.4417,0,0,0,0
440.802,0.4414,0,0,0,0
440.839,0.4410,0,0,0,0
440.870,0.4408,0,0,0,0
440.901,0.4404,0,0,0,0
440.936,0.4401,0,0,0,0
440.971,0.4400,0,0,0,0
441.004,0.4399,0,0,0,0
441.035,0.4399,0,0,0,0
441.069,0.4399,0,0,0,0
441.105,0.4399,0,0,0,0
441.135,0.4400,0,0,0,0
441.171,0.4401,0,0,0,0
441.202,0.4403,0,0,0,0
441.237,0.4405,0,0,0,0
441.271,0.4407,0,0,0,0
441.304,0.4410,0,0,0,0
441.335,0.4412,0,0,0,0
441.372,0.4415,0,0,0,0
441.403,0.4417,0,0,0,0
441.438,0.4419,0,0,0,0
441.469,0.4420,0,0,0,0
441.502,0.4423,0,0,0,0
441.535,0.4425,0,0,0,0
441.570,0.4427,0,0,0,0
441.605,0.4429,0,0,0,0
441.637,0.4431,0,0,0,0
441.671,0.4432,0,0,0,0
441.704,0.4434,0,0,0,0
441.736,0.4436,0,0,0,0
441.770,0.4436,0,0,0,0
441.804,0.4438,0,0,0,0
441.838,0.4440,0,0,0,0
441.871,0.4440,0,0,0,0
441.903,0.4442,0,0,0,0
441.937,0.4443,0,0,0,0
441.970,0.4443,0,0,0,0
442.002,0.4444,0,0,0,0
442.037,0.4445,0,0,0,0
442.071,0.4446,0,0,0,0
442.101,0.4447,0,0,0,0
442.138,0.4447,0,0,0,0
442.169,0.4448,0,0,0,0
442.201,0.4448,0,0,0,0
442.238,0.4449,0,0,0,0
442.267,0.4449,0,0,0,0
442.305,0.4450,0,0,0,0
442.338,0.4450,0,0,0,0
442.372,0.4450,0,0,0,0
442.402,0.4451,0,0,0,0
442.438,0.4451,0,0,0,0
442.472,0.4451,0,0,0,0
442.504,0.4451,0,0,0,0
442.535,0.4451,0,0,0,0
442.568,0.4451,0,0,0,0
442.605,0.4452,0,0,0,0
442.640,0.4452,0,0,0,0
442.668,0.4452,0,0,0,0
442.704,0.4452,0,0,0,0
442.738,0.4452,0,0,0,0
442.769,0.4452,0,0,0,0
442.804,0.4452,0,0,0,0
442.837,0.4452,0,0,0,0
442.869,0.4452,0,0,0,0
442.904,0.4452,0,0,0,0
442.936,0.4452,0,0,0,0
442.971,0.4452,0,0,0,0
443.003,0.4452,0,0,0,0
443.037,0.4451,0,0,0,0
443.069,0.4451,0,0,0,0
443.105,0.4451,0,0,0,0
443.135,0.4451,0,0,0,0
443.169,0.4451,0,0,0,0
443.205,0.4451,0,0,0,0
443.239,0.4451,0,0,0,0
443.270,0.4451,0,0,0,0
443.304,0.4451,0,0,0,0
443.337,0.4451,0,0,0,0
443.371,0.4450,0,0,0,0
443.403,0.4450,0,0,0,0
443.436,0.4450,0,0,0,0
443.471,0.4450,0,0,0,0
443.505,0.4450,0,0,0,0
443.536,0.4450,0,0,0,0
443.569,0.4450,0,0,0,0
443.601,0.4450,0,0,0,0
443.636,0.4449,0,0,0,0
443.667,0.4449,0,0,0,0
443.703,0.4449,0,0,0,0
443.738,0.4449,0,0,0,0
443.769,0.4449,0,0,0,0
443.805,0.4449,0,0,0,0
443.835,0.4449,0,0,0,0
443.871,0.4449,0,0,0,0
443.905,0.4449,0,0,0,0
443.937,0.4448,0,0,0,0
443.968,0.4448,0,0,0,0
444.005,0.4448,0,0,0,0
444.037,0.4448,0,0,0,0
444.069,0.4448,0,0,0,0
444.103,0.4448,0,0,0,0
444.136,0.4448,0,0,0,0
444.172,0.4448,0,0,0,0
444.204,0.4448,0,0,0,0
444.239,0.4447,0,0,0,0
444.272,0.4447,0,0,0,0
444.306,0.4447,0,0,0,0
444.336,0.4447,0,0,0,0
444.372,0.4447,0,0,0,0
444.403,0.4447,0,0,0,0
444.438,0.4447,0,0,0,0
444.470,0.4447,0,0,0,0
444.503,0.4447,0,0,0,0
444.538,0.4447,0,0,0,0
444.571,0.4446,0,0,0,0
444.604,0.4446,0,0,0,0
444.641,0.4446,0,0,0,0
444.669,0.4446,0,0,0,0
444.698,0.4446,0,0,0,0
444.746,0.4446,0,0,0,0
444.771,0.4446,0,0,0,0
444.804,0.4446,0,0,0,0
444.837,0.4446,0,0,0,0
444.869,0.4446,0,0,0,0
444.905,0.4446,0,0,0,0
444.937,0.4445,0,0,0,0
444.970,0.4445,0,0,0,0
445.004,0.4445,0,0,0,0
445.038,0.4445,0,0,0,0
445.069,0.4445,0,0,0,0
445.101,0.4445,0,0,0,0
445.137,0.4445,0,0,0,0
445.169,0.4445,0,0,0,0
445.202,0.4445,0,0,0,0
445.238,0.4445,0,0,0,0
445.270,0.4445,0,0,0,0
445.303,0.4445,0,0,0,0
445.337,0.4445,0,0,0,0
445.369,0.4445,0,0,0,0
445.406,0.4445,0,0,0,0
445.437,0.4444,0,0,0,0
445.471,0.4444,0,0,0,0
445.503,0.4444,0,0,0,0
445.539,0.4444,0,0,0,0
445.571,0.4444,0,0,0,0
445.601,0.4444,0,0,0,0
445.635,0.4444,0,0,0,0
445.670,0.4444,0,0,0,0
445.703,0.4444,0,0,0,0
445.737,0.4444,0,0,0,0
445.767,0.4444,0,0,0,0
445.802,0.4444,0,0,0,0
445.837,0.4444,0,0,0,0
445.871,0.4444,0,0,0,0
445.902,0.4444,0,0,0,0
445.937,0.4444,0,0,0,0
445.970,0.4444,0,0,0,0
446.003,0.4444,0,0,0,0
446.040,0.4443,0,0,0,0
446.069,0.4443,0,0,0,0
446.102,0.4443,0,0,0,0
446.137,0.4443,0,0,0,0
446.171,0.4443,0,0,0,0
446.204,0.4443,0,0,0,0
446.240,0.4443,0,0,0,0
446.271,0.4443,0,0,0,0
446.301,0.4443,0,0,0,0
446.336,0.4443,0,0,0,0
446.373,0.4443,0,0,0,0
446.402,0.4443,0,0,0,0
446.437,0.4443,0,0,0,0
446.471,0.4443,0,0,0,0
446.505,0.4443,0,0,0,0
446.536,0.4443,0,0,0,0
446.570,0.4443,0,0,0,0
446.604,0.4443,0,0,0,0
446.635,0.4443,0,0,0,0
446.671,0.4443,0,0,0,0
446.706,0.4443,0,0,0,0
446.735,0.4443,0,0,0,0
446.769,0.4443,0,0,0,0
446.803,0.4443,0,0,0,0
446.836,0.4442,0,0,0,0
446.872,0.4442,0,0,0,0
446.903,0.4442,0,0,0,0
446.939,0.4442,0,0,0,0
446.970,0.4442,0,0,0,0
447.004,0.4442,0,0,0,0
447.038,0.4442,0,0,0,0
447.069,0.4442,0,0,0,0
447.103,0.4442,0,0,0,0
447.138,0.4442,0,0,0,0
447.170,0.4442,0,0,0,0
447.202,0.4442,0,0,0,0
447.238,0.4442,0,0,0,0
447.272,0.4442,0,0,0,0
447.307,0.4442,0,0,0,0
447.336,0.4442,0,0,0,0
447.370,0.4442,0,0,0,0
447.404,0.4442,0,0,0,0
447.436,0.4442,0,0,0,0
447.470,0.4442,0,0,0,0
447.505,0.4442,0,0,0,0
447.537,0.4442,0,0,0,0
447.570,0.4442,0,0,0,0
447.610,0.4442,0,0,0,0
447.635,0.4442,0,0,0,0
447.675,0.4442,0,0,0,0
447.703,0.4442,0,0,0,0
447.736,0.4442,0,0,0,0
447.769,0.4442,0,0,0,0
447.801,0.4442,0,0,0,0
447.836,0.4442,0,0,0,0
447.871,0.4442,0,0,0,0
447.902,0.4442,0,0,0,0
447.936,0.4442,0,0,0,0
447.969,0.4442,0,0,0,0
448.003,0.4441,0,0,0,0
448.037,0.4441,0,0,0,0
448.070,0.4441,0,0,0,0
448.103,0.4441,0,0,0,0
448.136,0.4441,0,0,0,0
448.171,0.4441,0,0,0,0
448.203,0.4441,0,0,0,0
448.237,0.4441,0,0,0,0
448.270,0.4441,0,0,0,0
448.305,0.4441,0,0,0,0
448.340,0.4441,0,0,0,0
448.360,0.4441,0,0,0,0
448.472,0.4441,0,0,0,0
448.530,0.4441,0,0,0,0
448.563,0.4441,0,0,0,0
448.585,0.4441,0,0,0,0
448.617,0.4441,0,0,0,0
448.666,0.4441,0,0,0,0
448.685,0.4441,0,0,0,0
448.726,0.4441,0,0,0,0
448.737,0.4441,0,0,0,0
448.770,0.4441,0,0,0,0
448.807,0.4441,0,0,0,0
448.841,0.4441,0,0,0,0
448.873,0.4441,0,0,0,0
448.908,0.4441,0,0,0,0
448.941,0.4441,0,0,0,0
448.977,0.4441,0,0,0,0
449.008,0.4441,0,0,0,0
449.041,0.4441,0,0,0,0
449.071,0.4441,0,0,0,0
449.104,0.4441,0,0,0,0
449.142,0.4441,0,0,0,0
449.174,0.4441,0,0,0,0
449.208,0.4441,0,0,0,0
449.240,0.4441,0,0,0,0
449.276,0.4441,0,0,0,0
449.309,0.4441,0,0,0,0
449.340,0.4441,0,0,0,0
449.373,0.4441,0,0,0,0
449.403,0.4441,0,0,0,0
449.439,0.4441,0,0,0,0
449.473,0.4441,0,0,0,0
449.507,0.4441,0,0,0,0
449.540,0.4441,0,0,0,0
449.575,0.4441,0,0,0,0
449.605,0.4441,0,0,0,0
449.638,0.4441,0,0,0,0
449.670,0.4441,0,0,0,0
449.703,0.4441,0,0,0,0
449.741,0.4441,0,0,0,0
449.771,0.4441,0,0,0,0
449.807,0.4441,0,0,0,0
449.841,0.4441,0,0,0,0
449.874,0.4440,0,0,0,0
449.905,0.4440,0,0,0,0
449.940,0.4440,0,0,0,0
449.970,0.4440,0,0,0,0
450.007,0.4440,0,0,0,0
450.039,0.4440,0,0,0,0
450.072,0.4440,0,0,0,0
450.106,0.4440,0,0,0,0
450.142,0.4440,0,0,0,0
450.173,0.4440,0,0,0,0
450.206,0.4440,0,0,0,0
450.242,0.4440,0,0,0,0
450.274,0.4440,0,0,0,0
450.307,0.4440,0,0,0,0
450.340,0.4440,0,0,0,0
450.375,0.4440,0,0,0,0
450.407,0.4440,0,0,0,0
450.439,0.4440,0,0,0,0
450.474,0.4440,0,0,0,0
450.508,0.4440,0,0,0,0
450.541,0.4440,0,0,0,0
450.576,0.4440,0,0,0,0
450.609,0.4440,0,0,0,0
450.642,0.4440,0,0,0,0
450.683,0.4440,0,0,0,0
450.706,0.4440,0,0,0,0
450.740,0.4440,0,0,0,0
450.773,0.4440,0,0,0,0
450.808,0.4440,0,0,0,0
450.844,0.4440,0,0,0,0
450.876,0.4440,0,0,0,0
450.907,0.4440,0,0,0,0
450.941,0.4440,0,0,0,0
450.975,0.4440,0,0,0,0
451.008,0.4440,0,0,0,0
451.042,0.4440,0,0,0,0
451.075,0.4440,0,0,0,0
451.108,0.4440,0,0,0,0
451.139,0.4440,0,0,0,0
451.175,0.4440,0,0,0,0
451.207,0.4440,0,0,0,0
451.242,0.4440,0,0,0,0
451.274,0.4440,0,0,0,0
451.307,0.4440,0,0,0,0
451.341,0.4440,0,0,0,0
451.375,0.4440,0,0,0,0
451.408,0.4440,0,0,0,0
451.439,0.4440,0,0,0,0
451.473,0.4440,0,0,0,0
451.507,0.4440,0,0,0,0
451.540,0.4440,0,0,0,0
451.574,0.4440,0,0,0,0
451.605,0.4440,0,0,0,0
451.641,0.4440,0,0,0,0
451.674,0.4440,0,0,0,0
451.708,0.4440,0,0,0,0
451.743,0.4440,0,0,0,0
451.773,0.4440,0,0,0,0
451.815,0.4440,0,0,0,0
451.843,0.4440,0,0,0,0
451.873,0.4440,0,0,0,0
451.907,0.4440,0,0,0,0
451.942,0.4440,0,0,0,0
451.974,0.4440,0,0,0,0
452.008,0.4440,0,0,0,0
452.040,0.4440,0,0,0,0
452.073,0.4440,0,0,0,0
452.106,0.4440,0,0,0,0
452.142,0.4440,0,0,0,0
452.173,0.4440,0,0,0,0
452.207,0.4440,0,0,0,0
452.240,0.4440,0,0,0,0
452.272,0.4440,0,0,0,0
452.309,0.4440,0,0,0,0
452.342,0.4440,0,0,0,0
452.374,0.4440,0,0,0,0
452.406,0.4440,0,0,0,0
452.440,0.4440,0,0,0,0
452.474,0.4440,0,0,0,0
452.509,0.4440,0,0,0,0
452.542,0.4440,0,0,0,0
452.573,0.4440,0,0,0,0
452.608,0.4440,0,0,0,0
452.641,0.4440,0,0,0,0
452.675,0.4440,0,0,0,0
452.707,0.4440,0,0,0,0
452.740,0.4440,0,0,0,0
452.772,0.4440,0,0,0,0
452.807,0.4440,0,0,0,0
452.842,0.4440,0,0,0,0
452.874,0.4440,0,0,0,0
452.909,0.4440,0,0,0,0
452.941,0.4440,0,0,0,0
452.973,0.4440,0,0,0,0
453.008,0.4440,0,0,0,0
453.040,0.4440,0,0,0,0
453.075,0.4440,0,0,0,0
453.107,0.4440,0,0,0,0
453.142,0.4440,0,0,0,0
453.173,0.4440,0,0,0,0
453.207,0.4440,0,0,0,0
453.240,0.4440,0,0,0,0
453.275,0.4440,0,0,0,0
453.306,0.4440,0,0,0,0
453.342,0.4440,0,0,0,0
453.374,0.4440,0,0,0,0
453.409,0.4440,0,0,0,0
453.439,0.4440,0,0,0,0
453.473,0.4440,0,0,0,0
453.508,0.4440,0,0,0,0
453.540,0.4440,0,0,0,0
453.573,0.4440,0,0,0,0
453.606,0.4440,0,0,0,0
453.641,0.4440,0,0,0,0
453.674,0.4440,0,0,0,0
453.707,0.4440,0,0,0,0
453.739,0.4440,0,0,0,0
453.776,0.4440,0,0,0,0
453.798,0.4440,0,0,0,0
453.840,0.4440,0,0,0,0
453.874,0.4440,0,0,0,0
453.908,0.4440,0,0,0,0
453.942,0.4440,0,0,0,0
453.973,0.4440,0,0,0,0
454.007,0.4440,0,0,0,0
454.041,0.4440,0,0,0,0
454.074,0.4440,0,0,0,0
454.107,0.4440,0,0,0,0
454.140,0.4440,0,0,0,0
454.173,0.4440,0,0,0,0
454.207,0.4440,0,0,0,0
454.240,0.4440,0,0,0,0
454.273,0.4440,0,0,0,0
454.307,0.4440,0,0,0,0
454.341,0.4440,0,0,0,0
454.372,0.4440,0,0,0,0
454.408,0.4440,0,0,0,0
454.439,0.4440,0,0,0,0
454.476,0.4440,0,0,0,0
454.509,0.4440,0,0,0,0
454.540,0.4440,0,0,0,0
454.573,0.4440,0,0,0,0
454.608,0.4440,0,0,0,0
454.640,0.4440,0,0,0,0
454.675,0.4440,0,0,0,0
454.707,0.4440,0,0,0,0
454.740,0.4440,0,0,0,0
454.774,0.4440,0,0,0,0
454.808,0.4440,0,0,0,0
454.847,0.4440,0,0,0,0
454.869,0.4440,0,0,0,0
454.904,0.4440,0,0,0,0
454.943,0.4440,0,0,0,0
454.975,0.4440,0,0,0,0
455.008,0.4440,0,0,0,0
455.039,0.4440,0,0,0,0
455.075,0.4440,0,0,0,0
455.108,0.4440,0,0,0,0
455.140,0.4440,0,0,0,0
455.174,0.4440,0,0,0,0
455.206,0.4440,0,0,0,0
455.243,0.4440,0,0,0,0
455.274,0.4440,0,0,0,0
455.319,0.4440,0,0,0,0
455.338,0.4440,0,0,0,0
455.375,0.4440,0,0,0,0
455.407,0.4440,0,0,0,0
455.442,0.4440,0,0,0,0
455.475,0.4440,0,0,0,0
455.508,0.4440,0,0,0,0
455.540,0.4440,0,0,0,0
455.576,0.4440,0,0,0,0
455.609,0.4440,0,0,0,0
455.643,0.4440,0,0,0,0
455.675,0.4440,0,0,0,0
455.707,0.4440,0,0,0,0
455.741,0.4440,0,0,0,0
455.772,0.4440,0,0,0,0
455.807,0.4440,0,0,0,0
455.841,0.4440,0,0,0,0
455.875,0.4440,0,0,0,0
455.908,0.4440,0,0,0,0
455.942,0.4440,0,0,0,0
455.973,0.4440,0,0,0,0
456.007,0.4440,0,0,0,0
456.040,0.4440,0,0,0,0
456.072,0.4440,0,0,0,0
456.108,0.4440,0,0,0,0
456.140,0.4440,0,0,0,0
456.174,0.4440,0,0,0,0
456.208,0.4440,0,0,0,0
456.242,0.4440,0,0,0,0
456.275,0.4440,0,0,0,0
456.307,0.4440,0,0,0,0
456.347,0.4440,0,0,0,0
456.374,0.4440,0,0,0,0
456.408,0.4440,0,0,0,0
456.441,0.4440,0,0,0,0
456.488,0.4440,0,0,0,0
456.510,0.4440,0,0,0,0
456.541,0.4440,0,0,0,0
456.573,0.4440,0,0,0,0
456.607,0.4440,0,0,0,0
456.641,0.4440,0,0,0,0
456.673,0.4440,0,0,0,0
456.707,0.4440,0,0,0,0
456.741,0.4440,0,0,0,0
456.774,0.4440,0,0,0,0
456.808,0.4440,0,0,0,0
456.840,0.4440,0,0,0,0
456.872,0.4440,0,0,0,0
456.908,0.4440,0,0,0,0
456.941,0.4440,0,0,0,0
456.973,0.4440,0,0,0,0
457.010,0.4440,0,0,0,0
457.040,0.4440,0,0,0,0
457.076,0.4440,0,0,0,0
457.107,0.4440,0,0,0,0
457.140,0.4440,0,0,0,0
457.174,0.4440,0,0,0,0
457.210,0.4440,0,0,0,0
457.240,0.4440,0,0,0,0
457.273,0.4440,0,0,0,0
457.308,0.4440,0,0,0,0
457.341,0.4440,0,0,0,0
457.375,0.4440,0,0,0,0
457.408,0.4440,0,0,0,0
457.440,0.4440,0,0,0,0
457.474,0.4440,0,0,0,0
457.508,0.4440,0,0,0,0
457.541,0.4440,0,0,0,0
457.573,0.4440,0,0,0,0
457.608,0.4440,0,0,0,0
457.642,0.4440,0,0,0,0
457.673,0.4440,0,0,0,0
457.708,0.4440,0,0,0,0
457.741,0.4440,0,0,0,0
457.775,0.4440,0,0,0,0
457.807,0.4440,0,0,0,0
457.844,0.4440,0,0,0,0
457.874,0.4440,0,0,0,0
457.903,0.4440,0,0,0,0
457.940,0.4440,0,0,0,0
457.974,0.4440,0,0,0,0
458.006,0.4440,0,0,0,0
458.039,0.4440,0,0,0,0
458.077,0.4440,0,0,0,0
458.108,0.4440,0,0,0,0
458.139,0.4440,0,0,0,0
458.174,0.4440,0,0,0,0
458.208,0.4440,0,0,0,0
458.240,0.4440,0,0,0,0
458.275,0.4440,0,0,0,0
458.308,0.4440,0,0,0,0
458.340,0.4440,0,0,0,0
458.375,0.4440,0,0,0,0
458.410,0.4440,0,0,0,0
458.441,0.4440,0,0,0,0
458.473,0.4440,0,0,0,0
458.506,0.4440,0,0,0,0
458.543,0.4440,0,0,0,0
458.575,0.4440,0,0,0,0
458.608,0.4440,0,0,0,0
458.640,0.4440,0,0,0,0
458.675,0.4440,0,0,0,0
458.708,0.4440,0,0,0,0
458.740,0.4440,0,0,0,0
458.775,0.4440,0,0,0,0
458.807,0.4440,0,0,0,0
458.843,0.4440,0,0,0,0
458.874,0.4440,0,0,0,0
458.907,0.4440,0,0,0,0
458.942,0.4440,0,0,0,0
458.973,0.4440,0,0,0,0
459.006,0.4440,0,0,0,0
459.040,0.4440,0,0,0,0
459.075,0.4440,0,0,0,0
459.108,0.4440,0,0,0,0
459.142,0.4440,0,0,0,0
459.175,0.4440,0,0,0,0
459.209,0.4440,0,0,0,0
459.242,0.4440,0,0,0,0
459.277,0.4440,0,0,0,0
459.307,0.4440,0,0,0,0
459.339,0.4440,0,0,0,0
459.387,0.4440,0,0,0,0
459.408,0.4440,0,0,0,0
459.440,0.4440,0,0,0,0
459.474,0.4440,0,0,0,0
459.507,0.4440,0,0,0,0
459.540,0.4440,0,0,0,0
459.575,0.4440,0,0,0,0
459.606,0.4440,0,0,0,0
459.641,0.4440,0,0,0,0
459.673,0.4440,0,0,0,0
459.710,0.4440,0,0,0,0
459.739,0.4440,0,0,0,0
459.774,0.4440,0,0,0,0
459.806,0.4440,0,0,0,0
459.840,0.4440,0,0,0,0
459.875,0.4440,0,0,0,0
459.909,0.4440,0,0,0,0
459.941,0.4440,0,0,0,0
459.974,0.4440,0,0,0,0
460.006,0.4440,0,0,0,0
460.041,0.4440,0,0,0,0
460.073,0.4440,0,0,0,0
460.107,0.4440,0,0,0,0
460.140,0.4440,0,0,0,0
460.176,0.4440,0,0,0,0
460.207,0.4440,0,0,0,0
460.243,0.4440,0,0,0,0
460.274,0.4440,0,0,0,0
460.309,0.4440,0,0,0,0
460.342,0.4440,0,0,0,0
460.376,0.4440,0,0,0,0
460.406,0.4440,0,0,0,0
460.442,0.4440,0,0,0,0
460.475,0.4440,0,0,0,0
460.506,0.4440,0,0,0,0
460.540,0.4440,0,0,0,0
460.576,0.4440,0,0,0,0
460.606,0.4440,0,0,0,0
460.640,0.4440,0,0,0,0
460.678,0.4440,0,0,0,0
460.706,0.4440,0,0,0,0
460.741,0.4440,0,0,0,0
460.775,0.4440,0,0,0,0
460.806,0.4440,0,0,0,0
460.840,0.4440,0,0,0,0
460.874,0.4440,0,0,0,0
460.908,0.4440,0,0,0,0
460.940,0.4440,0,0,0,0
460.975,0.4440,0,0,0,0
461.010,0.4440,0,0,0,0
461.043,0.4440,0,0,0,0
461.074,0.4440,0,0,0,0
461.109,0.4440,0,0,0,0
461.140,0.4440,0,0,0,0
461.175,0.4441,0,0,0,0
461.207,0.4441,0,0,0,0
461.241,0.4441,0,0,0,0
461.274,0.4441,0,0,0,0
461.307,0.4441,0,0,0,0
461.341,0.4441,0,0,0,0
461.373,0.4441,0,0,0,0
461.406,0.4441,0,0,0,0
461.442,0.4441,0,0,0,0
461.474,0.4441,0,0,0,0
461.508,0.4441,0,0,0,0
461.544,0.4441,0,0,0,0
461.574,0.4441,0,0,0,0
461.607,0.4441,0,0,0,0
461.640,0.4441,0,0,0,0
461.674,0.4441,0,0,0,0
461.708,0.4441,0,0,0,0
461.742,0.4441,0,0,0,0
461.774,0.4441,0,0,0,0
461.806,0.4441,0,0,0,0
461.840,0.4441,0,0,0,0
461.873,0.4441,0,0,0,0
461.906,0.4441,0,0,0,0
461.941,0.4441,0,0,0,0
461.976,0.4441,0,0,0,0
462.008,0.4441,0,0,0,0
462.040,0.4441,0,0,0,0
462.074,0.4441,0,0,0,0
462.109,0.4441,0,0,0,0
462.135,0.4441,0,0,0,0
462.174,0.4441,0,0,0,0
462.207,0.4441,0,0,0,0
462.240,0.4441,0,0,0,0
462.272,0.4441,0,0,0,0
462.307,0.4441,0,0,0,0
462.341,0.4441,0,0,0,0
462.373,0.4441,0,0,0,0
462.409,0.4441,0,0,0,0
462.440,0.4441,0,0,0,0
462.475,0.4441,0,0,0,0
462.509,0.4441,0,0,0,0
462.540,0.4441,0,0,0,0
462.575,0.4441,0,0,0,0
462.607,0.4441,0,0,0,0
462.640,0.4441,0,0,0,0
462.675,0.4441,0,0,0,0
462.707,0.4441,0,0,0,0
462.740,0.4441,0,0,0,0
462.775,0.4441,0,0,0,0
462.808,0.4441,0,0,0,0
462.840,0.4441,0,0,0,0
462.875,0.4441,0,0,0,0
462.908,0.4441,0,0,0,0
462.943,0.4441,0,0,0,0
462.975,0.4441,0,0,0,0
463.006,0.4441,0,0,0,0
463.040,0.4441,0,0,0,0
463.075,0.4441,0,0,0,0
463.109,0.4441,0,0,0,0
463.141,0.4441,0,0,0,0
463.174,0.4441,0,0,0,0
463.203,0.4441,0,0,0,0
463.240,0.4441,0,0,0,0
463.273,0.4441,0,0,0,0
463.308,0.4441,0,0,0,0
463.340,0.4441,0,0,0,0
463.375,0.4441,0,0,0,0
463.408,0.4441,0,0,0,0
463.441,0.4441,0,0,0,0
463.474,0.4441,0,0,0,0
463.507,0.4441,0,0,0,0
463.542,0.4441,0,0,0,0
463.574,0.4441,0,0,0,0
463.607,0.4441,0,0,0,0
463.641,0.4441,0,0,0,0
463.674,0.4441,0,0,0,0
463.706,0.4441,0,0,0,0
463.742,0.4441,0,0,0,0
463.775,0.4441,0,0,0,0
463.815,0.4441,0,0,0,0
463.842,0.4441,0,0,0,0
463.873,0.4441,0,0,0,0
463.907,0.4441,0,0,0,0
463.940,0.4441,0,0,0,0
463.975,0.4441,0,0,0,0
464.009,0.4441,0,0,0,0
464.041,0.4441,0,0,0,0
464.073,0.4441,0,0,0,0
464.110,0.4442,0,0,0,0
464.140,0.4442,0,0,0,0
464.175,0.4442,0,0,0,0
464.207,0.4442,0,0,0,0
464.241,0.4442,0,0,0,0
464.273,0.4442,0,0,0,0
464.308,0.4442,0,0,0,0
464.342,0.4442,0,0,0,0
464.373,0.4442,0,0,0,0
464.407,0.4442,0,0,0,0
464.442,0.4442,0,0,0,0
464.473,0.4442,0,0,0,0
464.507,0.4442,0,0,0,0
464.540,0.4442,0,0,0,0
464.575,0.4442,0,0,0,0
464.608,0.4442,0,0,0,0
464.641,0.4442,0,0,0,0
464.672,0.4442,0,0,0,0
464.709,0.4442,0,0,0,0
464.739,0.4442,0,0,0,0
464.775,0.4442,0,0,0,0
464.807,0.4442,0,0,0,0
464.840,0.4442,0,0,0,0
464.873,0.4442,0,0,0,0
464.908,0.4442,0,0,0,0
464.941,0.4442,0,0,0,0
464.975,0.4442,0,0,0,0
465.008,0.4442,0,0,0,0
465.041,0.4442,0,0,0,0
465.075,0.4442,0,0,0,0
465.106,0.4442,0,0,0,0
465.140,0.4442,0,0,0,0
465.174,0.4442,0,0,0,0
465.208,0.4442,0,0,0,0
465.241,0.4442,0,0,0,0
465.274,0.4442,0,0,0,0
465.306,0.4442,0,0,0,0
465.339,0.4442,0,0,0,0
465.372,0.4442,0,0,0,0
465.408,0.4442,0,0,0,0
465.439,0.4442,0,0,0,0
465.473,0.4442,0,0,0,0
465.508,0.4442,0,0,0,0
465.541,0.4442,0,0,0,0
465.573,0.4442,0,0,0,0
465.607,0.4442,0,0,0,0
465.640,0.4442,0,0,0,0
465.674,0.4442,0,0,0,0
465.707,0.4442,0,0,0,0
465.742,0.4442,0,0,0,0
465.776,0.4442,0,0,0,0
465.808,0.4442,0,0,0,0
465.840,0.4442,0,0,0,0
465.875,0.4442,0,0,0,0
465.907,0.4442,0,0,0,0
465.940,0.4442,0,0,0,0
465.976,0.4442,0,0,0,0
466.007,0.4442,0,0,0,0
466.041,0.4442,0,0,0,0
466.073,0.4442,0,0,0,0
466.106,0.4442,0,0,0,0
466.144,0.4442,0,0,0,0
466.172,0.4442,0,0,0,0
466.208,0.4442,0,0,0,0
466.240,0.4442,0,0,0,0
466.274,0.4442,0,0,0,0
466.307,0.4442,0,0,0,0
466.339,0.4442,0,0,0,0
466.373,0.4443,0,0,0,0
466.409,0.4443,0,0,0,0
466.441,0.4443,0,0,0,0
466.477,0.4443,0,0,0,0
466.506,0.4443,0,0,0,0
466.539,0.4443,0,0,0,0
466.575,0.4443,0,0,0,0
466.607,0.4443,0,0,0,0
466.640,0.4443,0,0,0,0
466.675,0.4443,0,0,0,0
466.706,0.4443,0,0,0,0
466.740,0.4443,0,0,0,0
466.775,0.4443,0,0,0,0
466.806,0.4443,0,0,0,0
466.839,0.4443,0,0,0,0
466.873,0.4443,0,0,0,0
466.907,0.4443,0,0,0,0
466.941,0.4443,0,0,0,0
466.975,0.4443,0,0,0,0
467.006,0.4443,0,0,0,0
467.041,0.4443,0,0,0,0
467.074,0.4443,0,0,0,0
467.108,0.4443,0,0,0,0
467.142,0.4443,0,0,0,0
467.175,0.4443,0,0,0,0
467.206,0.4443,0,0,0,0
467.240,0.4443,0,0,0,0
467.273,0.4443,0,0,0,0
467.306,0.4443,0,0,0,0
467.341,0.4443,0,0,0,0
467.376,0.4443,0,0,0,0
467.408,0.4443,0,0,0,0
467.441,0.4443,0,0,0,0
467.473,0.4443,0,0,0,0
467.507,0.4443,0,0,0,0
467.539,0.4443,0,0,0,0
467.574,0.4443,0,0,0,0
467.608,0.4443,0,0,0,0
467.643,0.4443,0,0,0,0
467.674,0.4443,0,0,0,0
467.707,0.4443,0,0,0,0
467.740,0.4443,0,0,0,0
467.774,0.4443,0,0,0,0
467.807,0.4443,0,0,0,0
467.841,0.4443,0,0,0,0
467.874,0.4443,0,0,0,0
467.909,0.4443,0,0,0,0
467.939,0.4443,0,0,0,0
467.973,0.4443,0,0,0,0
468.006,0.4443,0,0,0,0
468.041,0.4443,0,0,0,0
468.073,0.4443,0,0,0,0
468.107,0.4443,0,0,0,0
468.141,0.4443,0,0,0,0
468.176,0.4443,0,0,0,0
468.207,0.4443,0,0,0,0
468.241,0.4443,0,0,0,0
468.274,0.4443,0,0,0,0
468.306,0.4443,0,0,0,0
468.340,0.4443,0,0,0,0
468.375,0.4444,0,0,0,0
468.406,0.4444,0,0,0,0
468.452,0.4444,0,0,0,0
468.473,0.4444,0,0,0,0
468.506,0.4444,0,0,0,0
468.541,0.4444,0,0,0,0
468.573,0.4444,0,0,0,0
468.608,0.4444,0,0,0,0
468.647,0.4444,0,0,0,0
468.675,0.4444,0,0,0,0
468.709,0.4444,0,0,0,0
468.740,0.4444,0,0,0,0
468.775,0.4444,0,0,0,0
468.808,0.4444,0,0,0,0
468.838,0.4444,0,0,0,0
468.873,0.4444,0,0,0,0
468.907,0.4444,0,0,0,0
468.942,0.4444,0,0,0,0
468.974,0.4444,0,0,0,0
469.009,0.4444,0,0,0,0
469.043,0.4444,0,0,0,0
469.073,0.4444,0,0,0,0
469.106,0.4444,0,0,0,0
469.142,0.4444,0,0,0,0
469.175,0.4444,0,0,0,0
469.208,0.4444,0,0,0,0
469.241,0.4444,0,0,0,0
469.277,0.4444,0,0,0,0
469.308,0.4444,0,0,0,0
469.341,0.4444,0,0,0,0
469.373,0.4444,0,0,0,0
469.407,0.4444,0,0,0,0
469.441,0.4444,0,0,0,0
469.473,0.4444,0,0,0,0
469.509,0.4444,0,0,0,0
469.540,0.4444,0,0,0,0
469.573,0.4444,0,0,0,0
469.607,0.4444,0,0,0,0
469.642,0.4444,0,0,0,0
469.673,0.4444,0,0,0,0
469.709,0.4444,0,0,0,0
469.741,0.4444,0,0,0,0
469.773,0.4444,0,0,0,0
469.806,0.4444,0,0,0,0
469.842,0.4444,0,0,0,0
469.873,0.4444,0,0,0,0
469.907,0.4444,0,0,0,0
469.940,0.4444,0,0,0,0
469.973,0.4444,0,0,0,0
470.012,0.4444,0,0,0,0
470.039,0.4444,0,0,0,0
470.070,0.4444,0,0,0,0
470.108,0.4444,0,0,0,0
470.142,0.4445,0,0,0,0
470.175,0.4445,0,0,0,0
470.207,0.4445,0,0,0,0
470.241,0.4445,0,0,0,0
470.283,0.4445,0,0,0,0
470.308,0.4445,0,0,0,0
470.343,0.4445,0,0,0,0
470.373,0.4445,0,0,0,0
470.418,0.4445,0,0,0,0
470.442,0.4445,0,0,0,0
470.474,0.4445,0,0,0,0
470.506,0.4445,0,0,0,0
470.541,0.4445,0,0,0,0
470.576,0.4445,0,0,0,0
470.607,0.4445,0,0,0,0
470.640,0.4445,0,0,0,0
470.677,0.4445,0,0,0,0
470.708,0.4445,0,0,0,0
470.741,0.4445,0,0,0,0
470.774,0.4445,0,0,0,0
470.808,0.4445,0,0,0,0
470.839,0.4445,0,0,0,0
470.875,0.4445,0,0,0,0
470.910,0.4445,0,0,0,0
470.940,0.4445,0,0,0,0
470.974,0.4445,0,0,0,0
471.009,0.4445,0,0,0,0
471.041,0.4445,0,0,0,0
471.075,0.4445,0,0,0,0
471.111,0.4445,0,0,0,0
471.142,0.4445,0,0,0,0
471.185,0.4445,0,0,0,0
471.206,0.4445,0,0,0,0
471.240,0.4445,0,0,0,0
471.273,0.4445,0,0,0,0
471.309,0.4445,0,0,0,0
471.341,0.4445,0,0,0,0
471.373,0.4445,0,0,0,0
471.407,0.4445,0,0,0,0
471.440,0.4445,0,0,0,0
471.476,0.4445,0,0,0,0
471.514,0.4445,0,0,0,0
471.540,0.4445,0,0,0,0
471.573,0.4445,0,0,0,0
471.607,0.4445,0,0,0,0
471.643,0.4445,0,0,0,0
471.672,0.4445,0,0,0,0
471.706,0.4445,0,0,0,0
471.740,0.4445,0,0,0,0
471.776,0.4445,0,0,0,0
471.808,0.4446,0,0,0,0
471.843,0.4446,0,0,0,0
471.876,0.4446,0,0,0,0
471.909,0.4446,0,0,0,0
471.938,0.4446,0,0,0,0
471.979,0.4446,0,0,0,0
472.008,0.4446,0,0,0,0
472.041,0.4446,0,0,0,0
472.073,0.4446,0,0,0,0
472.108,0.4446,0,0,0,0
472.136,0.4446,0,0,0,0
472.172,0.4446,0,0,0,0
472.208,0.4446,0,0,0,0
472.241,0.4446,0,0,0,0
472.274,0.4446,0,0,0,0
472.308,0.4446,0,0,0,0
472.340,0.4446,0,0,0,0
472.372,0.4446,0,0,0,0
472.406,0.4446,0,0,0,0
472.440,0.4446,0,0,0,0
472.483,0.4446,0,0,0,0
472.507,0.4446,0,0,0,0
472.546,0.4446,0,0,0,0
472.575,0.4446,0,0,0,0
472.607,0.4446,0,0,0,0
472.641,0.4446,0,0,0,0
472.673,0.4446,0,0,0,0
472.707,0.4446,0,0,0,0
472.741,0.4446,0,0,0,0
472.773,0.4446,0,0,0,0
472.808,0.4446,0,0,0,0
472.842,0.4446,0,0,0,0
472.873,0.4446,0,0,0,0
472.906,0.4446,0,0,0,0
472.942,0.4446,0,0,0,0
472.973,0.4446,0,0,0,0
473.008,0.4446,0,0,0,0
473.041,0.4446,0,0,0,0
473.075,0.4446,0,0,0,0
473.108,0.4446,0,0,0,0
473.141,0.4446,0,0,0,0
473.174,0.4446,0,0,0,0
473.206,0.4446,0,0,0,0
473.242,0.4446,0,0,0,0
473.275,0.4446,0,0,0,0
473.307,0.4447,0,0,0,0
473.339,0.4447,0,0,0,0
473.375,0.4447,0,0,0,0
473.407,0.4447,0,0,0,0
473.440,0.4447,0,0,0,0
473.473,0.4447,0,0,0,0
473.507,0.4447,0,0,0,0
473.539,0.4447,0,0,0,0
473.576,0.4447,0,0,0,0
473.609,0.4447,0,0,0,0
473.641,0.4447,0,0,0,0
473.675,0.4447,0,0,0,0
473.709,0.4447,0,0,0,0
473.743,0.4447,0,0,0,0
473.773,0.4447,0,0,0,0
473.808,0.4447,0,0,0,0
473.842,0.4447,0,0,0,0
473.874,0.4447,0,0,0,0
473.909,0.4447,0,0,0,0
473.939,0.4447,0,0,0,0
473.975,0.4447,0,0,0,0
474.009,0.4447,0,0,0,0
474.042,0.4447,0,0,0,0
474.073,0.4447,0,0,0,0
474.107,0.4447,0,0,0,0
474.140,0.4447,0,0,0,0
474.175,0.4447,0,0,0,0
474.209,0.4447,0,0,0,0
474.240,0.4447,0,0,0,0
474.276,0.4447,0,0,0,0
474.306,0.4447,0,0,0,0
474.341,0.4447,0,0,0,0
474.373,0.4447,0,0,0,0
474.408,0.4447,0,0,0,0
474.440,0.4447,0,0,0,0
474.475,0.4447,0,0,0,0
474.507,0.4447,0,0,0,0
474.540,0.4447,0,0,0,0
474.576,0.4447,0,0,0,0
474.599,0.4447,0,0,0,0
474.641,0.4447,0,0,0,0
474.675,0.4447,0,0,0,0
474.709,0.4447,0,0,0,0
474.742,0.4448,0,0,0,0
474.775,0.4448,0,0,0,0
474.807,0.4448,0,0,0,0
474.843,0.4448,0,0,0,0
474.873,0.4448,0,0,0,0
474.909,0.4448,0,0,0,0
474.939,0.4448,0,0,0,0
474.975,0.4448,0,0,0,0
475.006,0.4448,0,0,0,0
475.042,0.4448,0,0,0,0
475.075,0.4448,0,0,0,0
475.107,0.4448,0,0,0,0
475.140,0.4448,0,0,0,0
475.175,0.4448,0,0,0,0
475.207,0.4448,0,0,0,0
475.241,0.4448,0,0,0,0
475.273,0.4448,0,0,0,0
475.306,0.4448,0,0,0,0
475.340,0.4448,0,0,0,0
475.374,0.4448,0,0,0,0
475.408,0.4448,0,0,0,0
475.441,0.4448,0,0,0,0
475.473,0.4448,0,0,0,0
475.506,0.4448,0,0,0,0
475.541,0.4448,0,0,0,0
475.575,0.4448,0,0,0,0
475.608,0.4448,0,0,0,0
475.640,0.4448,0,0,0,0
475.676,0.4448,0,0,0,0
475.706,0.4448,0,0,0,0
475.742,0.4448,0,0,0,0
475.774,0.4448,0,0,0,0
475.806,0.4448,0,0,0,0
475.841,0.4448,0,0,0,0
475.874,0.4448,0,0,0,0
475.907,0.4448,0,0,0,0
475.940,0.4448,0,0,0,0
475.979,0.4448,0,0,0,0
476.000,0.4448,0,0,0,0
476.046,0.4449,0,0,0,0
476.073,0.4449,0,0,0,0
476.113,0.4449,0,0,0,0
476.140,0.4449,0,0,0,0
476.173,0.4449,0,0,0,0
476.208,0.4449,0,0,0,0
476.240,0.4449,0,0,0,0
476.273,0.4449,0,0,0,0
476.310,0.4449,0,0,0,0
476.345,0.4449,0,0,0,0
476.376,0.4449,0,0,0,0
476.409,0.4449,0,0,0,0
476.442,0.4449,0,0,0,0
476.475,0.4449,0,0,0,0
476.521,0.4449,0,0,0,0
476.541,0.4449,0,0,0,0
476.574,0.4449,0,0,0,0
476.608,0.4449,0,0,0,0
476.640,0.4449,0,0,0,0
476.681,0.4449,0,0,0,0
476.708,0.4449,0,0,0,0
476.741,0.4449,0,0,0,0
476.783,0.4449,0,0,0,0
476.808,0.4449,0,0,0,0
476.841,0.4449,0,0,0,0
476.873,0.4449,0,0,0,0
476.909,0.4449,0,0,0,0
476.940,0.4449,0,0,0,0
476.973,0.4449,0,0,0,0
477.010,0.4449,0,0,0,0
477.040,0.4449,0,0,0,0
477.075,0.4449,0,0,0,0
477.107,0.4449,0,0,0,0
477.141,0.4449,0,0,0,0
477.173,0.4449,0,0,0,0
477.208,0.4449,0,0,0,0
477.239,0.4449,0,0,0,0
477.273,0.4449,0,0,0,0
477.309,0.4450,0,0,0,0
477.341,0.4450,0,0,0,0
477.376,0.4450,0,0,0,0
477.408,0.4450,0,0,0,0
477.442,0.4450,0,0,0,0
477.473,0.4450,0,0,0,0
477.506,0.4450,0,0,0,0
477.540,0.4450,0,0,0,0
477.574,0.4450,0,0,0,0
477.607,0.4450,0,0,0,0
477.641,0.4450,0,0,0,0
477.673,0.4450,0,0,0,0
477.703,0.4450,0,0,0,0
477.741,0.4450,0,0,0,0
477.775,0.4450,0,0,0,0
477.809,0.4450,0,0,0,0
477.841,0.4450,0,0,0,0
477.875,0.4450,0,0,0,0
477.911,0.4450,0,0,0,0
477.940,0.4450,0,0,0,0
477.974,0.4450,0,0,0,0
478.009,0.4450,0,0,0,0
478.042,0.4450,0,0,0,0
478.076,0.4450,0,0,0,0
478.106,0.4450,0,0,0,0
478.139,0.4450,0,0,0,0
478.174,0.4450,0,0,0,0
478.207,0.4450,0,0,0,0
478.240,0.4450,0,0,0,0
478.273,0.4450,0,0,0,0
478.306,0.4450,0,0,0,0
478.340,0.4450,0,0,0,0
478.376,0.4450,0,0,0,0
478.406,0.4450,0,0,0,0
478.442,0.4450,0,0,0,0
478.474,0.4450,0,0,0,0
478.506,0.4451,0,0,0,0
478.541,0.4451,0,0,0,0
478.574,0.4451,0,0,0,0
478.606,0.4451,0,0,0,0
478.641,0.4451,0,0,0,0
478.674,0.4451,0,0,0,0
478.709,0.4451,0,0,0,0
478.740,0.4451,0,0,0,0
478.773,0.4451,0,0,0,0
478.807,0.4451,0,0,0,0
478.840,0.4451,0,0,0,0
478.873,0.4451,0,0,0,0
478.908,0.4451,0,0,0,0
478.939,0.4451,0,0,0,0
478.973,0.4451,0,0,0,0
479.007,0.4451,0,0,0,0
479.040,0.4451,0,0,0,0
479.087,0.4451,0,0,0,0
479.120,0.4451,0,0,0,0
479.140,0.4451,0,0,0,0
479.178,0.4451,0,0,0,0
479.212,0.4451,0,0,0,0
479.240,0.4451,0,0,0,0
479.273,0.4451,0,0,0,0
479.307,0.4451,0,0,0,0
479.341,0.4451,0,0,0,0
479.374,0.4451,0,0,0,0
479.408,0.4451,0,0,0,0
479.439,0.4451,0,0,0,0
479.475,0.4451,0,0,0,0
479.507,0.4451,0,0,0,0
479.542,0.4451,0,0,0,0
479.574,0.4451,0,0,0,0
479.607,0.4451,0,0,0,0
479.640,0.4451,0,0,0,0
479.674,0.4452,0,0,0,0
479.705,0.4452,0,0,0,0
479.742,0.4452,0,0,0,0
479.773,0.4452,0,0,0,0
479.807,0.4452,0,0,0,0
479.840,0.4452,0,0,0,0
479.874,0.4452,0,0,0,0
479.907,0.4452,0,0,0,0
479.941,0.4452,0,0,0,0
479.974,0.4452,0,0,0,0
480.007,0.4452,0,0,0,0
480.041,0.4452,0,0,0,0
480.075,0.4452,0,0,0,0
480.109,0.4452,0,0,0,0
480.140,0.4452,0,0,0,0
480.173,0.4452,0,0,0,0
480.208,0.4452,0,0,0,0
480.242,0.4452,0,0,0,0
480.272,0.4452,0,0,0,0
480.307,0.4452,0,0,0,0
480.340,0.4452,0,0,0,0
480.375,0.4452,0,0,0,0
480.408,0.4452,0,0,0,0
480.441,0.4452,0,0,0,0
480.473,0.4452,0,0,0,0
480.504,0.4452,0,0,0,0
480.543,0.4452,0,0,0,0
480.573,0.4452,0,0,0,0
480.606,0.4452,0,0,0,0
480.640,0.4452,0,0,0,0
480.673,0.4452,0,0,0,0
480.706,0.4452,0,0,0,0
480.743,0.4452,0,0,0,0
480.773,0.4452,0,0,0,0
480.807,0.4453,0,0,0,0
480.839,0.4453,0,0,0,0
480.868,0.4453,0,0,0,0
480.909,0.4453,0,0,0,0
480.939,0.4453,0,0,0,0
480.975,0.4453,0,0,0,0
481.007,0.4453,0,0,0,0
481.043,0.4453,0,0,0,0
481.075,0.4453,0,0,0,0
481.110,0.4453,0,0,0,0
481.138,0.4453,0,0,0,0
481.175,0.4453,0,0,0,0
481.206,0.4453,0,0,0,0
481.251,0.4453,0,0,0,0
481.273,0.4453,0,0,0,0
481.308,0.4453,0,0,0,0
481.342,0.4453,0,0,0,0
481.386,0.4453,0,0,0,0
481.419,0.4453,0,0,0,0
481.438,0.4453,0,0,0,0
481.474,0.4453,0,0,0,0
481.506,0.4453,0,0,0,0
481.542,0.4453,0,0,0,0
481.576,0.4453,0,0,0,0
481.613,0.4453,0,0,0,0
481.639,0.4453,0,0,0,0
481.674,0.4453,0,0,0,0
481.706,0.4453,0,0,0,0
481.749,0.4453,0,0,0,0
481.767,0.4453,0,0,0,0
481.809,0.4453,0,0,0,0
481.839,0.4453,0,0,0,0
481.874,0.4454,0,0,0,0
481.906,0.4454,0,0,0,0
481.941,0.4454,0,0,0,0
481.971,0.4454,0,0,0,0
482.010,0.4454,0,0,0,0
482.041,0.4454,0,0,0,0
482.069,0.4454,0,0,0,0
482.106,0.4454,0,0,0,0
482.141,0.4454,0,0,0,0
482.174,0.4454,0,0,0,0
482.208,0.4454,0,0,0,0
482.243,0.4454,0,0,0,0
482.273,0.4454,0,0,0,0
482.309,0.4454,0,0,0,0
482.343,0.4454,0,0,0,0
482.377,0.4454,0,0,0,0
482.406,0.4454,0,0,0,0
482.440,0.4454,0,0,0,0
482.476,0.4454,0,0,0,0
482.508,0.4454,0,0,0,0
482.540,0.4454,0,0,0,0
482.574,0.4454,0,0,0,0
482.609,0.4454,0,0,0,0
482.639,0.4454,0,0,0,0
482.673,0.4454,0,0,0,0
482.709,0.4454,0,0,0,0
482.741,0.4454,0,0,0,0
482.776,0.4454,0,0,0,0
482.808,0.4454,0,0,0,0
482.841,0.4454,0,0,0,0
482.877,0.4454,0,0,0,0
482.909,0.4454,0,0,0,0
482.941,0.4454,0,0,0,0
482.973,0.4455,0,0,0,0
483.006,0.4455,0,0,0,0
483.040,0.4455,0,0,0,0
483.075,0.4455,0,0,0,0
483.115,0.4455,0,0,0,0
483.142,0.4455,0,0,0,0
483.173,0.4455,0,0,0,0
483.206,0.4455,0,0,0,0
483.243,0.4455,0,0,0,0
483.272,0.4455,0,0,0,0
483.306,0.4455,0,0,0,0
483.341,0.4455,0,0,0,0
483.374,0.4455,0,0,0,0
483.408,0.4455,0,0,0,0
483.440,0.4455,0,0,0,0
483.475,0.4455,0,0,0,0
483.506,0.4455,0,0,0,0
483.540,0.4455,0,0,0,0
483.577,0.4455,0,0,0,0
483.607,0.4455,0,0,0,0
483.640,0.4455,0,0,0,0
483.676,0.4455,0,0,0,0
483.709,0.4455,0,0,0,0
483.739,0.4455,0,0,0,0
483.773,0.4455,0,0,0,0
483.807,0.4455,0,0,0,0
483.842,0.4455,0,0,0,0
483.877,0.4455,0,0,0,0
483.907,0.4455,0,0,0,0
483.941,0.4455,0,0,0,0
483.976,0.4455,0,0,0,0
484.007,0.4456,0,0,0,0
484.041,0.4456,0,0,0,0
484.075,0.4456,0,0,0,0
484.106,0.4456,0,0,0,0
484.142,0.4456,0,0,0,0
484.181,0.4456,0,0,0,0
484.209,0.4456,0,0,0,0
484.242,0.4456,0,0,0,0
484.274,0.4456,0,0,0,0
484.306,0.4456,0,0,0,0
484.343,0.4456,0,0,0,0
484.374,0.4456,0,0,0,0
484.408,0.4456,0,0,0,0
484.439,0.4456,0,0,0,0
484.475,0.4456,0,0,0,0
484.506,0.4456,0,0,0,0
484.540,0.4456,0,0,0,0
484.575,0.4456,0,0,0,0
484.607,0.4456,0,0,0,0
484.642,0.4456,0,0,0,0
484.674,0.4456,0,0,0,0
484.708,0.4456,0,0,0,0
484.743,0.4456,0,0,0,0
484.773,0.4456,0,0,0,0
484.807,0.4456,0,0,0,0
484.843,0.4456,0,0,0,0
484.873,0.4456,0,0,0,0
484.908,0.4456,0,0,0,0
484.944,0.4456,0,0,0,0
484.973,0.4456,0,0,0,0
485.007,0.4457,0,0,0,0
485.041,0.4457,0,0,0,0
485.073,0.4457,0,0,0,0
485.106,0.4457,0,0,0,0
485.140,0.4457,0,0,0,0
485.180,0.4457,0,0,0,0
485.210,0.4457,0,0,0,0
485.239,0.4457,0,0,0,0
485.273,0.4457,0,0,0,0
485.312,0.4457,0,0,0,0
485.340,0.4457,0,0,0,0
485.375,0.4457,0,0,0,0
485.406,0.4457,0,0,0,0
485.439,0.4457,0,0,0,0
485.474,0.4457,0,0,0,0
485.507,0.4457,0,0,0,0
485.541,0.4457,0,0,0,0
485.574,0.4457,0,0,0,0
485.609,0.4457,0,0,0,0
485.640,0.4457,0,0,0,0
485.674,0.4457,0,0,0,0
485.709,0.4457,0,0,0,0
485.743,0.4457,0,0,0,0
485.773,0.4457,0,0,0,0
485.809,0.4457,0,0,0,0
485.839,0.4457,0,0,0,0
485.869,0.4457,0,0,0,0
485.909,0.4457,0,0,0,0
485.940,0.4457,0,0,0,0
485.973,0.4458,0,0,0,0
486.010,0.4458,0,0,0,0
486.041,0.4458,0,0,0,0
486.073,0.4458,0,0,0,0
486.108,0.4458,0,0,0,0
486.140,0.4458,0,0,0,0
486.176,0.4458,0,0,0,0
486.207,0.4458,0,0,0,0
486.239,0.4458,0,0,0,0
486.274,0.4458,0,0,0,0
486.307,0.4458,0,0,0,0
486.340,0.4458,0,0,0,0
486.378,0.4458,0,0,0,0
486.399,0.4458,0,0,0,0
486.441,0.4458,0,0,0,0
486.478,0.4458,0,0,0,0
486.507,0.4458,0,0,0,0
486.543,0.4458,0,0,0,0
486.573,0.4458,0,0,0,0
486.606,0.4458,0,0,0,0
486.639,0.4458,0,0,0,0
486.675,0.4458,0,0,0,0
486.707,0.4458,0,0,0,0
486.741,0.4458,0,0,0,0
486.773,0.4458,0,0,0,0
486.808,0.4458,0,0,0,0
486.839,0.4458,0,0,0,0
486.876,0.4458,0,0,0,0
486.908,0.4458,0,0,0,0
486.941,0.4458,0,0,0,0
486.976,0.4459,0,0,0,0
487.009,0.4459,0,0,0,0
487.043,0.4459,0,0,0,0
487.070,0.4459,0,0,0,0
487.105,0.4459,0,0,0,0
487.139,0.4459,0,0,0,0
487.175,0.4459,0,0,0,0
487.209,0.4459,0,0,0,0
487.241,0.4459,0,0,0,0
487.275,0.4459,0,0,0,0
487.309,0.4459,0,0,0,0
487.341,0.4459,0,0,0,0
487.373,0.4459,0,0,0,0
487.407,0.4459,0,0,0,0
487.439,0.4459,0,0,0,0
487.478,0.4459,0,0,0,0
487.509,0.4459,0,0,0,0
487.541,0.4459,0,0,0,0
487.574,0.4459,0,0,0,0
487.606,0.4459,0,0,0,0
487.644,0.4459,0,0,0,0
487.673,0.4459,0,0,0,0
487.709,0.4459,0,0,0,0
487.740,0.4459,0,0,0,0
487.776,0.4459,0,0,0,0
487.807,0.4459,0,0,0,0
487.843,0.4459,0,0,0,0
487.873,0.4459,0,0,0,0
487.907,0.4460,0,0,0,0
487.941,0.4460,0,0,0,0
487.973,0.4460,0,0,0,0
488.006,0.4460,0,0,0,0
488.040,0.4460,0,0,0,0
488.074,0.4460,0,0,0,0
488.109,0.4460,0,0,0,0
488.140,0.4460,0,0,0,0
488.171,0.4460,0,0,0,0
488.207,0.4460,0,0,0,0
488.242,0.4460,0,0,0,0
488.273,0.4460,0,0,0,0
488.308,0.4460,0,0,0,0
488.341,0.4460,0,0,0,0
488.375,0.4460,0,0,0,0
488.406,0.4460,0,0,0,0
488.440,0.4460,0,0,0,0
488.476,0.4460,0,0,0,0
488.507,0.4460,0,0,0,0
488.539,0.4460,0,0,0,0
488.573,0.4460,0,0,0,0
488.607,0.4460,0,0,0,0
488.641,0.4460,0,0,0,0
488.675,0.4460,0,0,0,0
488.710,0.4460,0,0,0,0
488.740,0.4460,0,0,0,0
488.776,0.4460,0,0,0,0
488.806,0.4460,0,0,0,0
488.839,0.4461,0,0,0,0
488.872,0.4461,0,0,0,0
488.920,0.4461,0,0,0,0
488.940,0.4461,0,0,0,0
488.975,0.4461,0,0,0,0
489.009,0.4461,0,0,0,0
489.040,0.4461,0,0,0,0
489.072,0.4461,0,0,0,0
489.107,0.4461,0,0,0,0
489.139,0.4461,0,0,0,0
489.178,0.4461,0,0,0,0
489.204,0.4461,0,0,0,0
489.240,0.4461,0,0,0,0
489.275,0.4461,0,0,0,0
489.308,0.4461,0,0,0,0
489.342,0.4461,0,0,0,0
489.374,0.4461,0,0,0,0
489.407,0.4461,0,0,0,0
489.448,0.4461,0,0,0,0
489.472,0.4461,0,0,0,0
489.506,0.4461,0,0,0,0
489.539,0.4461,0,0,0,0
489.572,0.4461,0,0,0,0
489.607,0.4461,0,0,0,0
489.640,0.4461,0,0,0,0
489.675,0.4461,0,0,0,0
489.708,0.4461,0,0,0,0
489.743,0.4461,0,0,0,0
489.774,0.4462,0,0,0,0
489.808,0.4462,0,0,0,0
489.840,0.4462,0,0,0,0
489.874,0.4462,0,0,0,0
489.906,0.4462,0,0,0,0
489.940,0.4462,0,0,0,0
489.973,0.4462,0,0,0,0
490.007,0.4462,0,0,0,0
490.047,0.4462,0,0,0,0
490.073,0.4462,0,0,0,0
490.109,0.4462,0,0,0,0
490.144,0.4462,0,0,0,0
490.175,0.4462,0,0,0,0
490.207,0.4462,0,0,0,0
490.241,0.4462,0,0,0,0
490.274,0.4462,0,0,0,0
490.308,0.4462,0,0,0,0
490.340,0.4462,0,0,0,0
490.375,0.4462,0,0,0,0
490.407,0.4462,0,0,0,0
490.439,0.4462,0,0,0,0
490.473,0.4462,0,0,0,0
490.509,0.4462,0,0,0,0
490.539,0.4462,0,0,0,0
490.574,0.4462,0,0,0,0
490.609,0.4462,0,0,0,0
490.642,0.4463,0,0,0,0
490.672,0.4463,0,0,0,0
490.706,0.4463,0,0,0,0
490.740,0.4463,0,0,0,0
490.775,0.4463,0,0,0,0
490.810,0.4463,0,0,0,0
490.840,0.4463,0,0,0,0
490.877,0.4463,0,0,0,0
490.913,0.4463,0,0,0,0
490.941,0.4463,0,0,0,0
490.972,0.4463,0,0,0,0
491.008,0.4463,0,0,0,0
491.044,0.4463,0,0,0,0
491.074,0.4463,0,0,0,0
491.107,0.4463,0,0,0,0
491.140,0.4463,0,0,0,0
491.173,0.4463,0,0,0,0
491.206,0.4463,0,0,0,0
491.240,0.4463,0,0,0,0
491.275,0.4463,0,0,0,0
491.308,0.4463,0,0,0,0
491.343,0.4463,0,0,0,0
491.374,0.4463,0,0,0,0
491.410,0.4463,0,0,0,0
491.440,0.4463,0,0,0,0
491.475,0.4463,0,0,0,0
491.509,0.4463,0,0,0,0
491.539,0.4463,0,0,0,0
491.574,0.4464,0,0,0,0
491.609,0.4464,0,0,0,0
491.642,0.4464,0,0,0,0
491.673,0.4464,0,0,0,0
491.707,0.4464,0,0,0,0
491.742,0.4464,0,0,0,0
491.773,0.4464,0,0,0,0
491.807,0.4464,0,0,0,0
491.842,0.4464,0,0,0,0
491.872,0.4464,0,0,0,0
491.907,0.4464,0,0,0,0
491.941,0.4464,0,0,0,0
491.975,0.4464,0,0,0,0
492.009,0.4464,0,0,0,0
492.040,0.4464,0,0,0,0
492.073,0.4464,0,0,0,0
492.108,0.4464,0,0,0,0
492.143,0.4464,0,0,0,0
492.173,0.4464,0,0,0,0
492.208,0.4464,0,0,0,0
492.241,0.4464,0,0,0,0
492.276,0.4464,0,0,0,0
492.306,0.4464,0,0,0,0
492.338,0.4464,0,0,0,0
492.374,0.4464,0,0,0,0
492.407,0.4464,0,0,0,0
492.440,0.4465,0,0,0,0
492.474,0.4465,0,0,0,0
492.507,0.4465,0,0,0,0
492.541,0.4465,0,0,0,0
492.576,0.4465,0,0,0,0
492.615,0.4465,0,0,0,0
492.640,0.4465,0,0,0,0
492.674,0.4465,0,0,0,0
492.708,0.4465,0,0,0,0
492.743,0.4465,0,0,0,0
492.774,0.4465,0,0,0,0
492.808,0.4465,0,0,0,0
492.839,0.4465,0,0,0,0
492.873,0.4465,0,0,0,0
492.906,0.4465,0,0,0,0
492.939,0.4465,0,0,0,0
492.975,0.4465,0,0,0,0
493.007,0.4465,0,0,0,0
493.040,0.4465,0,0,0,0
493.075,0.4465,0,0,0,0
493.107,0.4465,0,0,0,0
493.139,0.4465,0,0,0,0
493.173,0.4465,0,0,0,0
493.206,0.4465,0,0,0,0
493.242,0.4465,0,0,0,0
493.275,0.4465,0,0,0,0
493.307,0.4465,0,0,0,0
493.340,0.4466,0,0,0,0
493.375,0.4466,0,0,0,0
493.405,0.4466,0,0,0,0
493.440,0.4466,0,0,0,0
493.474,0.4466,0,0,0,0
493.508,0.4466,0,0,0,0
493.542,0.4466,0,0,0,0
493.576,0.4466,0,0,0,0
493.606,0.4466,0,0,0,0
493.640,0.4466,0,0,0,0
493.674,0.4466,0,0,0,0
493.705,0.4466,0,0,0,0
493.739,0.4466,0,0,0,0
493.773,0.4466,0,0,0,0
493.806,0.4466,0,0,0,0
493.839,0.4466,0,0,0,0
493.873,0.4466,0,0,0,0
493.906,0.4466,0,0,0,0
493.942,0.4466,0,0,0,0
493.975,0.4466,0,0,0,0
494.006,0.4466,0,0,0,0
494.041,0.4466,0,0,0,0
494.076,0.4466,0,0,0,0
494.107,0.4466,0,0,0,0
494.142,0.4466,0,0,0,0
494.174,0.4466,0,0,0,0
494.209,0.4466,0,0,0,0
494.241,0.4467,0,0,0,0
494.278,0.4467,0,0,0,0
494.302,0.4467,0,0,0,0
494.342,0.4467,0,0,0,0
494.374,0.4467,0,0,0,0
494.409,0.4467,0,0,0,0
494.440,0.4467,0,0,0,0
494.475,0.4467,0,0,0,0
494.508,0.4467,0,0,0,0
494.539,0.4467,0,0,0,0
494.573,0.4467,0,0,0,0
494.606,0.4467,0,0,0,0
494.639,0.4467,0,0,0,0
494.672,0.4467,0,0,0,0
494.709,0.4467,0,0,0,0
494.737,0.4467,0,0,0,0
494.775,0.4467,0,0,0,0
494.811,0.4467,0,0,0,0
494.840,0.4467,0,0,0,0
494.875,0.4467,0,0,0,0
494.907,0.4467,0,0,0,0
494.940,0.4467,0,0,0,0
494.973,0.4467,0,0,0,0
495.006,0.4467,0,0,0,0
495.043,0.4467,0,0,0,0
495.073,0.4467,0,0,0,0
495.107,0.4467,0,0,0,0
495.142,0.4468,0,0,0,0
495.176,0.4468,0,0,0,0
495.209,0.4468,0,0,0,0
495.239,0.4468,0,0,0,0
495.276,0.4468,0,0,0,0
495.299,0.4468,0,0,0,0
495.341,0.4468,0,0,0,0
495.375,0.4468,0,0,0,0
495.406,0.4468,0,0,0,0
495.443,0.4468,0,0,0,0
495.473,0.4468,0,0,0,0
495.509,0.4468,0,0,0,0
495.541,0.4468,0,0,0,0
495.572,0.4468,0,0,0,0
495.607,0.4468,0,0,0,0
495.639,0.4468,0,0,0,0
495.676,0.4468,0,0,0,0
495.707,0.4468,0,0,0,0
495.742,0.4468,0,0,0,0
495.774,0.4468,0,0,0,0
495.808,0.4468,0,0,0,0
495.841,0.4468,0,0,0,0
495.877,0.4468,0,0,0,0
495.907,0.4468,0,0,0,0
495.941,0.4468,0,0,0,0
495.975,0.4468,0,0,0,0
496.010,0.4469,0,0,0,0
496.040,0.4469,0,0,0,0
496.074,0.4469,0,0,0,0
496.110,0.4469,0,0,0,0
496.139,0.4469,0,0,0,0
496.174,0.4469,0,0,0,0
496.207,0.4469,0,0,0,0
496.239,0.4469,0,0,0,0
496.274,0.4469,0,0,0,0
496.310,0.4469,0,0,0,0
496.339,0.4469,0,0,0,0
496.373,0.4469,0,0,0,0
496.408,0.4469,0,0,0,0
496.443,0.4469,0,0,0,0
496.472,0.4469,0,0,0,0
496.506,0.4469,0,0,0,0
496.540,0.4469,0,0,0,0
496.575,0.4469,0,0,0,0
496.610,0.4469,0,0,0,0
496.640,0.4469,0,0,0,0
496.674,0.4469,0,0,0,0
496.708,0.4469,0,0,0,0
496.742,0.4469,0,0,0,0
496.773,0.4469,0,0,0,0
496.809,0.4469,0,0,0,0
496.841,0.4469,0,0,0,0
496.875,0.4470,0,0,0,0
496.908,0.4470,0,0,0,0
496.940,0.4470,0,0,0,0
496.975,0.4470,0,0,0,0
497.006,0.4470,0,0,0,0
497.040,0.4470,0,0,0,0
497.075,0.4470,0,0,0,0
497.106,0.4470,0,0,0,0
497.141,0.4470,0,0,0,0
497.172,0.4470,0,0,0,0
497.207,0.4470,0,0,0,0
497.241,0.4470,0,0,0,0
497.272,0.4470,0,0,0,0
497.306,0.4470,0,0,0,0
497.341,0.4470,0,0,0,0
497.376,0.4470,0,0,0,0
497.406,0.4470,0,0,0,0
497.440,0.4470,0,0,0,0
497.475,0.4470,0,0,0,0
497.506,0.4470,0,0,0,0
497.541,0.4470,0,0,0,0
497.575,0.4470,0,0,0,0
497.609,0.4470,0,0,0,0
497.640,0.4470,0,0,0,0
497.674,0.4470,0,0,0,0
497.709,0.4470,0,0,0,0
497.742,0.4470,0,0,0,0
497.772,0.4471,0,0,0,0
497.806,0.4471,0,0,0,0
497.841,0.4471,0,0,0,0
497.875,0.4471,0,0,0,0
497.910,0.4471,0,0,0,0
497.940,0.4471,0,0,0,0
497.975,0.4471,0,0,0,0
498.009,0.4471,0,0,0,0
498.040,0.4471,0,0,0,0
498.075,0.4471,0,0,0,0
498.106,0.4471,0,0,0,0
498.142,0.4471,0,0,0,0
498.176,0.4471,0,0,0,0
498.209,0.4471,0,0,0,0
498.239,0.4471,0,0,0,0
498.273,0.4471,0,0,0,0
498.311,0.4471,0,0,0,0
498.340,0.4471,0,0,0,0
498.373,0.4471,0,0,0,0
498.406,0.4471,0,0,0,0
498.440,0.4471,0,0,0,0
498.474,0.4471,0,0,0,0
498.507,0.4471,0,0,0,0
498.540,0.4471,0,0,0,0
498.576,0.4471,0,0,0,0
498.607,0.4471,0,0,0,0
498.643,0.4471,0,0,0,0
498.673,0.4472,0,0,0,0
498.708,0.4472,0,0,0,0
498.742,0.4472,0,0,0,0
498.773,0.4472,0,0,0,0
498.807,0.4472,0,0,0,0
498.841,0.4472,0,0,0,0
498.872,0.4472,0,0,0,0
498.909,0.4472,0,0,0,0
498.939,0.4472,0,0,0,0
498.974,0.4472,0,0,0,0
499.010,0.4472,0,0,0,0
499.043,0.4472,0,0,0,0
499.073,0.4472,0,0,0,0
499.107,0.4472,0,0,0,0
499.140,0.4472,0,0,0,0
499.172,0.4472,0,0,0,0
499.209,0.4472,0,0,0,0
499.239,0.4472,0,0,0,0
499.274,0.4472,0,0,0,0
499.308,0.4472,0,0,0,0
499.343,0.4472,0,0,0,0
499.373,0.4472,0,0,0,0
499.407,0.4472,0,0,0,0
499.443,0.4472,0,0,0,0
499.473,0.4472,0,0,0,0
499.507,0.4472,0,0,0,0
499.542,0.4472,0,0,0,0
499.573,0.4473,0,0,0,0
499.606,0.4473,0,0,0,0
499.640,0.4473,0,0,0,0
499.674,0.4473,0,0,0,0
499.709,0.4473,0,0,0,0
499.739,0.4473,0,0,0,0
499.773,0.4473,0,0,0,0
499.808,0.4473,0,0,0,0
499.848,0.4473,0,0,0,0
499.876,0.4473,0,0,0,0
499.910,0.4473,0,0,0,0
499.940,0.4473,0,0,0,0
499.977,0.4473,0,0,0,0
500.009,0.4473,0,0,0,0
500.042,0.4473,0,0,0,0
500.075,0.4473,0,0,0,0
500.110,0.4473,0,0,0,0
500.141,0.4473,0,0,0,0
500.172,0.4473,0,0,0,0
500.206,0.4473,0,0,0,0
500.241,0.4473,0,0,0,0
500.272,0.4473,0,0,0,0
500.307,0.4473,0,0,0,0
500.341,0.4473,0,0,0,0
500.376,0.4473,0,0,0,0
500.406,0.4473,0,0,0,0
500.440,0.4473,0,0,0,0
500.475,0.4474,0,0,0,0
500.506,0.4474,0,0,0,0
500.540,0.4474,0,0,0,0
500.574,0.4474,0,0,0,0
500.609,0.4474,0,0,0,0
500.643,0.4474,0,0,0,0
500.673,0.4474,0,0,0,0
500.708,0.4474,0,0,0,0
500.743,0.4474,0,0,0,0
500.772,0.4474,0,0,0,0
500.807,0.4474,0,0,0,0
500.843,0.4474,0,0,0,0
500.873,0.4474,0,0,0,0
500.906,0.4474,0,0,0,0
500.941,0.4474,0,0,0,0
500.975,0.4474,0,0,0,0
501.010,0.4474,0,0,0,0
501.040,0.4474,0,0,0,0
501.075,0.4474,0,0,0,0
501.106,0.4474,0,0,0,0
501.140,0.4474,0,0,0,0
501.175,0.4474,0,0,0,0
501.210,0.4474,0,0,0,0
501.240,0.4474,0,0,0,0
501.275,0.4474,0,0,0,0
501.306,0.4474,0,0,0,0
501.341,0.4474,0,0,0,0
501.384,0.4474,0,0,0,0
501.408,0.4475,0,0,0,0
501.440,0.4475,0,0,0,0
501.473,0.4475,0,0,0,0
501.507,0.4475,0,0,0,0
501.540,0.4475,0,0,0,0
501.573,0.4475,0,0,0,0
501.608,0.4475,0,0,0,0
501.643,0.4475,0,0,0,0
501.674,0.4475,0,0,0,0
501.709,0.4475,0,0,0,0
501.740,0.4475,0,0,0,0
501.775,0.4475,0,0,0,0
501.807,0.4475,0,0,0,0
501.843,0.4475,0,0,0,0
501.877,0.4475,0,0,0,0
501.908,0.4475,0,0,0,0
501.944,0.4475,0,0,0,0
501.973,0.4475,0,0,0,0
502.006,0.4475,0,0,0,0
502.041,0.4475,0,0,0,0
502.076,0.4475,0,0,0,0
502.106,0.4475,0,0,0,0
502.140,0.4475,0,0,0,0
502.175,0.4475,0,0,0,0
502.208,0.4475,0,0,0,0
502.239,0.4475,0,0,0,0
502.274,0.4475,0,0,0,0
502.308,0.4475,0,0,0,0
502.342,0.4475,0,0,0,0
502.376,0.4476,0,0,0,0
502.407,0.4476,0,0,0,0
502.442,0.4476,0,0,0,0
502.473,0.4476,0,0,0,0
502.506,0.4476,0,0,0,0
502.540,0.4476,0,0,0,0
502.576,0.4476,0,0,0,0
502.609,0.4476,0,0,0,0
502.639,0.4476,0,0,0,0
502.673,0.4476,0,0,0,0
502.707,0.4476,0,0,0,0
502.742,0.4476,0,0,0,0
502.772,0.4476,0,0,0,0
502.808,0.4476,0,0,0,0
502.839,0.4476,0,0,0,0
502.875,0.4476,0,0,0,0
502.905,0.4476,0,0,0,0
502.941,0.4476,0,0,0,0
502.975,0.4476,0,0,0,0
503.007,0.4476,0,0,0,0
503.042,0.4476,0,0,0,0
503.076,0.4476,0,0,0,0
503.107,0.4476,0,0,0,0
503.141,0.4476,0,0,0,0
503.172,0.4476,0,0,0,0
503.207,0.4476,0,0,0,0
503.239,0.4476,0,0,0,0
503.274,0.4476,0,0,0,0
503.306,0.4476,0,0,0,0
503.342,0.4477,0,0,0,0
503.375,0.4477,0,0,0,0
503.406,0.4477,0,0,0,0
503.440,0.4477,0,0,0,0
503.475,0.4477,0,0,0,0
503.509,0.4477,0,0,0,0
503.539,0.4477,0,0,0,0
503.573,0.4477,0,0,0,0
503.607,0.4477,0,0,0,0
503.643,0.4477,0,0,0,0
503.673,0.4477,0,0,0,0
503.707,0.4477,0,0,0,0
503.741,0.4477,0,0,0,0
503.775,0.4477,0,0,0,0
503.807,0.4477,0,0,0,0
503.841,0.4477,0,0,0,0
503.875,0.4477,0,0,0,0
503.906,0.4477,0,0,0,0
503.939,0.4477,0,0,0,0
503.973,0.4477,0,0,0,0
504.007,0.4477,0,0,0,0
504.043,0.4477,0,0,0,0
504.073,0.4477,0,0,0,0
504.107,0.4477,0,0,0,0
504.141,0.4477,0,0,0,0
504.175,0.4477,0,0,0,0
504.207,0.4477,0,0,0,0
504.240,0.4477,0,0,0,0
504.273,0.4477,0,0,0,0
504.307,0.4477,0,0,0,0
504.343,0.4477,0,0,0,0
504.372,0.4478,0,0,0,0
504.408,0.4478,0,0,0,0
504.439,0.4478,0,0,0,0
504.468,0.4478,0,0,0,0
504.508,0.4478,0,0,0,0
504.541,0.4478,0,0,0,0
504.572,0.4478,0,0,0,0
504.608,0.4478,0,0,0,0
504.641,0.4478,0,0,0,0
504.673,0.4478,0,0,0,0
504.707,0.4478,0,0,0,0
504.739,0.4478,0,0,0,0
504.773,0.4478,0,0,0,0
504.807,0.4478,0,0,0,0
504.839,0.4478,0,0,0,0
504.874,0.4478,0,0,0,0
504.910,0.4478,0,0,0,0
504.940,0.4478,0,0,0,0
504.975,0.4478,0,0,0,0
505.010,0.4478,0,0,0,0
505.039,0.4478,0,0,0,0
505.073,0.4478,0,0,0,0
505.109,0.4478,0,0,0,0
505.143,0.4478,0,0,0,0
505.174,0.4478,0,0,0,0
505.208,0.4478,0,0,0,0
505.242,0.4478,0,0,0,0
505.273,0.4478,0,0,0,0
505.307,0.4478,0,0,0,0
505.341,0.4478,0,0,0,0
505.373,0.4478,0,0,0,0
505.407,0.4478,0,0,0,0
505.443,0.4478,0,0,0,0
505.473,0.4479,0,0,0,0
505.508,0.4479,0,0,0,0
505.543,0.4479,0,0,0,0
505.573,0.4479,0,0,0,0
505.607,0.4479,0,0,0,0
505.642,0.4479,0,0,0,0
505.676,0.4479,0,0,0,0
505.706,0.4479,0,0,0,0
505.741,0.4479,0,0,0,0
505.776,0.4479,0,0,0,0
505.806,0.4479,0,0,0,0
505.840,0.4479,0,0,0,0
505.875,0.4479,0,0,0,0
505.908,0.4479,0,0,0,0
505.939,0.4479,0,0,0,0
505.973,0.4479,0,0,0,0
506.007,0.4479,0,0,0,0
506.038,0.4479,0,0,0,0
506.075,0.4479,0,0,0,0
506.110,0.4479,0,0,0,0
506.142,0.4479,0,0,0,0
506.175,0.4479,0,0,0,0
506.206,0.4479,0,0,0,0
506.239,0.4479,0,0,0,0
506.273,0.4479,0,0,0,0
506.308,0.4479,0,0,0,0
506.340,0.4479,0,0,0,0
506.375,0.4479,0,0,0,0
506.406,0.4479,0,0,0,0
506.440,0.4479,0,0,0,0
506.476,0.4479,0,0,0,0
506.507,0.4479,0,0,0,0
506.541,0.4479,0,0,0,0
506.574,0.4479,0,0,0,0
506.606,0.4479,0,0,0,0
506.641,0.4480,0,0,0,0
506.672,0.4480,0,0,0,0
506.709,0.4480,0,0,0,0
506.739,0.4480,0,0,0,0
506.773,0.4480,0,0,0,0
506.807,0.4480,0,0,0,0
506.843,0.4480,0,0,0,0
506.873,0.4480,0,0,0,0
506.907,0.4480,0,0,0,0
506.941,0.4480,0,0,0,0
506.976,0.4480,0,0,0,0
507.007,0.4480,0,0,0,0
507.040,0.4480,0,0,0,0
507.075,0.4480,0,0,0,0
507.109,0.4480,0,0,0,0
507.140,0.4480,0,0,0,0
507.174,0.4480,0,0,0,0
507.210,0.4480,0,0,0,0
507.242,0.4480,0,0,0,0
507.272,0.4480,0,0,0,0
507.307,0.4480,0,0,0,0
507.341,0.4480,0,0,0,0
507.372,0.4480,0,0,0,0
507.406,0.4480,0,0,0,0
507.440,0.4480,0,0,0,0
507.474,0.4480,0,0,0,0
507.509,0.4480,0,0,0,0
507.539,0.4480,0,0,0,0
507.574,0.4480,0,0,0,0
507.606,0.4480,0,0,0,0
507.643,0.4480,0,0,0,0
507.674,0.4480,0,0,0,0
507.710,0.4480,0,0,0,0
507.739,0.4480,0,0,0,0
507.774,0.4480,0,0,0,0
507.808,0.4480,0,0,0,0
507.844,0.4480,0,0,0,0
507.876,0.4481,0,0,0,0
507.910,0.4481,0,0,0,0
507.941,0.4481,0,0,0,0
507.973,0.4481,0,0,0,0
508.008,0.4481,0,0,0,0
508.039,0.4481,0,0,0,0
508.074,0.4481,0,0,0,0
508.107,0.4481,0,0,0,0
508.153,0.4481,0,0,0,0
508.175,0.4481,0,0,0,0
508.207,0.4481,0,0,0,0
508.241,0.4481,0,0,0,0
508.277,0.4481,0,0,0,0
508.306,0.4481,0,0,0,0
508.340,0.4481,0,0,0,0
508.373,0.4481,0,0,0,0
508.411,0.4481,0,0,0,0
508.445,0.4481,0,0,0,0
508.475,0.4481,0,0,0,0
508.506,0.4481,0,0,0,0
508.540,0.4481,0,0,0,0
508.573,0.4481,0,0,0,0
508.608,0.4481,0,0,0,0
508.642,0.4481,0,0,0,0
508.675,0.4481,0,0,0,0
508.714,0.4481,0,0,0,0
508.751,0.4481,0,0,0,0
508.777,0.4481,0,0,0,0
508.812,0.4481,0,0,0,0
508.845,0.4481,0,0,0,0
508.878,0.4481,0,0,0,0
508.912,0.4481,0,0,0,0
508.945,0.4481,0,0,0,0
508.979,0.4481,0,0,0,0
509.014,0.4481,0,0,0,0
509.047,0.4481,0,0,0,0
509.078,0.4481,0,0,0,0
509.112,0.4481,0,0,0,0
509.148,0.4481,0,0,0,0
509.181,0.4481,0,0,0,0
509.213,0.4481,0,0,0,0
509.247,0.4481,0,0,0,0
509.277,0.4482,0,0,0,0
509.314,0.4482,0,0,0,0
509.348,0.4482,0,0,0,0
509.378,0.4482,0,0,0,0
509.412,0.4482,0,0,0,0
509.449,0.4482,0,0,0,0
509.481,0.4482,0,0,0,0
509.514,0.4482,0,0,0,0
509.545,0.4482,0,0,0,0
509.578,0.4482,0,0,0,0
509.617,0.4482,0,0,0,0
509.643,0.4482,0,0,0,0
509.678,0.4482,0,0,0,0
509.714,0.4482,0,0,0,0
509.747,0.4482,0,0,0,0
509.780,0.4482,0,0,0,0
509.815,0.4482,0,0,0,0
509.850,0.4482,0,0,0,0
509.878,0.4482,0,0,0,0
509.914,0.4482,0,0,0,0
509.945,0.4482,0,0,0,0
509.978,0.4482,0,0,0,0
510.013,0.4482,0,0,0,0
510.045,0.4482,0,0,0,0
510.080,0.4482,0,0,0,0
510.114,0.4482,0,0,0,0
510.145,0.4482,0,0,0,0
510.179,0.4482,0,0,0,0
510.211,0.4482,0,0,0,0
510.248,0.4482,0,0,0,0
510.283,0.4482,0,0,0,0
510.310,0.4482,0,0,0,0
510.348,0.4482,0,0,0,0
510.381,0.4482,0,0,0,0
510.411,0.4482,0,0,0,0
510.445,0.4482,0,0,0,0
510.480,0.4482,0,0,0,0
510.514,0.4482,0,0,0,0
510.545,0.4482,0,0,0,0
510.577,0.4482,0,0,0,0
510.614,0.4482,0,0,0,0
510.650,0.4482,0,0,0,0
510.675,0.4482,0,0,0,0
510.715,0.4482,0,0,0,0
510.744,0.4482,0,0,0,0
510.778,0.4482,0,0,0,0
510.814,0.4482,0,0,0,0
510.847,0.4482,0,0,0,0
510.877,0.4482,0,0,0,0
510.911,0.4482,0,0,0,0
510.946,0.4482,0,0,0,0
510.980,0.4482,0,0,0,0
511.010,0.4482,0,0,0,0
511.046,0.4483,0,0,0,0
511.080,0.4483,0,0,0,0
511.112,0.4483,0,0,0,0
511.144,0.4483,0,0,0,0
511.178,0.4483,0,0,0,0
511.213,0.4483,0,0,0,0
511.244,0.4483,0,0,0,0
511.283,0.4483,0,0,0,0
511.316,0.4483,0,0,0,0
511.344,0.4483,0,0,0,0
511.378,0.4483,0,0,0,0
511.411,0.4483,0,0,0,0
511.445,0.4483,0,0,0,0
511.481,0.4483,0,0,0,0
511.512,0.4483,0,0,0,0
511.544,0.4483,0,0,0,0
511.582,0.4483,0,0,0,0
511.612,0.4483,0,0,0,0
511.646,0.4483,0,0,0,0
511.681,0.4483,0,0,0,0
511.715,0.4483,0,0,0,0
511.746,0.4483,0,0,0,0
511.778,0.4483,0,0,0,0
511.813,0.4483,0,0,0,0
511.844,0.4483,0,0,0,0
511.877,0.4483,0,0,0,0
511.913,0.4483,0,0,0,0
511.947,0.4483,0,0,0,0
511.978,0.4483,0,0,0,0
512.013,0.4483,0,0,0,0
512.047,0.4483,0,0,0,0
512.078,0.4483,0,0,0,0
512.115,0.4483,0,0,0,0
512.145,0.4483,0,0,0,0
512.181,0.4483,0,0,0,0
512.211,0.4483,0,0,0,0
512.245,0.4483,0,0,0,0
512.280,0.4483,0,0,0,0
512.315,0.4483,0,0,0,0
512.348,0.4483,0,0,0,0
512.380,0.4483,0,0,0,0
512.414,0.4483,0,0,0,0
512.446,0.4483,0,0,0,0
512.479,0.4483,0,0,0,0
512.515,0.4483,0,0,0,0
512.544,0.4483,0,0,0,0
512.582,0.4483,0,0,0,0
512.613,0.4483,0,0,0,0
512.653,0.4483,0,0,0,0
512.680,0.4483,0,0,0,0
512.714,0.4459,0,7,7,0
512.746,0.4428,0,7,7,0
512.780,0.4468,0,7,7,0
512.812,0.4499,0,7,7,0
512.844,0.4531,0,7,7,0
512.879,0.4554,0,7,7,0
512.911,0.4559,0,7,7,0
512.945,0.4578,0,7,7,0
512.980,0.4589,0,7,7,0
513.011,0.4601,0,7,7,0
513.044,0.4626,0,7,7,0
513.081,0.4654,0,7,7,0
513.111,0.4668,0,7,7,0
513.148,0.4694,0,7,7,0
513.178,0.4717,0,7,7,0
513.213,0.4737,0,7,7,0
513.245,0.4746,0,7,7,0
513.280,0.4761,0,7,7,0
513.313,0.4772,0,7,7,0
513.346,0.4777,0,7,7,0
513.379,0.4784,0,7,7,0
513.413,0.4789,0,7,7,0
513.447,0.4791,0,7,7,0
513.480,0.4794,0,7,7,0
513.513,0.4795,0,7,7,0
513.549,0.4796,0,7,7,0
513.582,0.4796,0,7,7,0
513.610,0.4796,0,7,7,0
513.645,0.4795,0,7,7,0
513.679,0.4794,0,7,7,0
513.712,0.4794,0,7,7,0
513.745,0.4793,0,7,7,0
513.782,0.4792,0,7,7,0
513.813,0.4792,0,7,7,0
513.846,0.4791,0,7,7,0
513.881,0.4791,0,7,7,0
513.910,0.4790,0,7,7,0
513.944,0.4790,0,7,7,0
513.984,0.4789,0,7,7,0
514.012,0.4789,0,7,7,0
514.047,0.4789,0,7,7,0
514.082,0.4789,0,7,7,0
514.114,0.4789,0,7,7,0
514.146,0.4789,0,7,7,0
514.181,0.4789,0,7,7,0
514.213,0.4790,0,0,0,0
514.247,0.4791,0,0,0,0
514.280,0.4795,0,0,0,0
514.314,0.4804,0,0,0,0
514.346,0.4811,0,0,0,0
514.379,0.4834,1,6,6,1
514.415,0.4867,1,6,6,1
514.445,0.4887,1,6,6,1
514.478,0.4937,1,6,6,1
514.513,0.4995,1,6,6,1
514.546,0.5028,1,6,6,1
514.577,0.5099,1,6,6,1
514.615,0.5175,1,6,6,1
514.649,0.5214,1,6,6,1
514.679,0.5292,1,6,6,1
514.714,0.5367,1,6,6,1
514.743,0.5403,1,6,6,1
514.782,0.5467,1,6,6,1
514.812,0.5523,1,6,6,1
514.846,0.5548,1,6,6,1
514.882,0.5591,1,6,6,1
514.913,0.5625,1,6,6,1
514.946,0.5640,1,6,6,1
514.978,0.5670,1,6,6,1
515.016,0.5700,1,6,6,1
515.045,0.5718,1,6,6,1
515.078,0.5755,1,6,6,1
515.112,0.5777,1,6,6,1
515.145,0.5825,1,6,6,1
515.179,0.5878,1,6,6,1
515.215,0.5933,1,6,6,1
515.245,0.5961,1,6,6,1
515.280,0.6015,1,6,6,1
515.311,0.6040,1,6,6,1
515.344,0.6087,1,6,6,1
515.381,0.6128,1,6,6,1
515.415,0.6163,1,6,6,1
515.444,0.6178,1,6,6,1
515.480,0.6204,1,6,6,1
515.513,0.6222,1,6,6,1
515.544,0.6230,1,6,6,1
515.578,0.6242,1,6,6,1
515.613,0.6251,1,6,6,1
515.648,0.6256,1,6,6,1
515.682,0.6268,1,6,6,1
515.713,0.6286,1,6,6,1
515.746,0.6298,1,6,6,1
515.780,0.6328,1,6,6,1
515.813,0.6367,1,6,6,1
515.849,0.6389,1,6,6,1
515.877,0.6440,1,6,6,1
515.913,0.6497,1,6,6,1
515.949,0.6528,1,6,6,1
515.979,0.6595,1,6,6,1
516.015,0.6667,1,6,6,1
516.049,0.6704,1,6,6,1
516.079,0.6782,1,6,6,1
516.115,0.6862,1,6,6,1
516.145,0.6902,1,6,6,1
516.178,0.6982,1,6,6,1
516.213,0.7057,1,6,6,1
516.247,0.7092,1,6,6,1
516.282,0.7156,2,5,5,2
516.312,0.7186,2,5,5,2
516.344,0.7238,2,5,5,2
516.377,0.7283,2,5,5,2
516.414,0.7320,2,5,5,2
516.448,0.7337,2,5,5,2
516.479,0.7365,2,5,5,2
516.512,0.7376,2,5,5,2
516.545,0.7396,2,5,5,2
516.582,0.7400,2,5,5,2
516.615,0.7388,2,5,5,2
516.646,0.7377,2,5,5,2
516.676,0.7345,2,5,5,2
516.715,0.7304,2,5,5,2
516.745,0.7280,2,5,5,2
516.779,0.7229,2,5,5,2
516.811,0.7202,2,5,5,2
516.848,0.7148,2,5,5,2
516.880,0.7096,2,5,5,2
516.913,0.7047,2,5,5,2
516.947,0.7024,2,5,5,2
516.981,0.6983,2,5,5,2
517.015,0.6959,2,5,5,2
517.048,0.6953,2,5,5,2
517.081,0.6949,2,5,5,2
517.111,0.6951,2,5,5,2
517.149,0.6958,2,5,5,2
517.182,0.6969,2,5,5,2
517.216,0.6983,2,5,5,2
517.244,0.6991,2,5,5,2
517.280,0.7006,2,5,5,2
517.313,0.7021,2,5,5,2
517.346,0.7029,2,5,5,2
517.382,0.7044,2,5,5,2
517.411,0.7052,2,5,5,2
517.447,0.7067,2,5,5,2
517.479,0.7082,2,5,5,2
517.513,0.7096,2,5,5,2
517.548,0.7103,2,5,5,2
517.580,0.7116,2,5,5,2
517.613,0.7130,2,5,5,2
517.646,0.7137,2,5,5,2
517.681,0.7150,2,5,5,2
517.715,0.7163,2,5,5,2
517.746,0.7169,2,5,5,2
517.782,0.7181,2,5,5,2
517.815,0.7193,2,5,5,2
517.848,0.7198,2,5,5,2
517.879,0.7209,2,5,5,2
517.911,0.7215,2,5,5,2
517.944,0.7225,2,5,5,2
517.978,0.7236,2,5,5,2
518.016,0.7247,2,5,5,2
518.055,0.7257,2,5,5,2
518.078,0.7262,2,5,5,2
518.112,0.7271,2,5,5,2
518.147,0.7276,2,5,5,2
518.181,0.7285,2,5,5,2
518.214,0.7295,2,5,5,2
518.245,0.7300,2,5,5,2
518.280,0.7312,2,5,5,2
518.313,0.7324,2,5,5,2
518.344,0.7329,2,5,5,2
518.377,0.7339,2,5,5,2
518.412,0.7348,2,5,5,2
518.447,0.7352,0,0,0,0
518.478,0.7361,0,0,0,0
518.514,0.7369,0,0,0,0
518.548,0.7373,0,0,0,0
518.580,0.7380,0,0,0,0
518.612,0.7387,0,0,0,0
518.648,0.7391,0,0,0,0
518.681,0.7397,0,0,0,0
518.715,0.7404,0,0,0,0
518.744,0.7407,0,0,0,0
518.779,0.7413,0,0,0,0
518.811,0.7416,0,0,0,0
518.848,0.7421,0,0,0,0
518.877,0.7427,0,0,0,0
518.915,0.7432,0,0,0,0
518.945,0.7435,0,0,0,0
518.977,0.7440,0,0,0,0
519.011,0.7442,0,0,0,0
519.044,0.7447,0,0,0,0
519.079,0.7452,0,0,0,0
519.111,0.7454,0,0,0,0
519.148,0.7458,0,0,0,0
519.177,0.7462,0,0,0,0
519.211,0.7465,0,0,0,0
519.247,0.7469,0,0,0,0
519.278,0.7472,0,0,0,0
519.313,0.7476,0,0,0,0
519.346,0.7478,0,0,0,0
519.381,0.7482,0,0,0,0
519.413,0.7485,0,0,0,0
519.448,0.7487,0,0,0,0
519.482,0.7490,0,0,0,0
519.514,0.7493,0,0,0,0
519.545,0.7495,0,0,0,0
519.580,0.7498,0,0,0,0
519.611,0.7499,0,0,0,0
519.648,0.7502,0,0,0,0
519.682,0.7505,0,0,0,0
519.713,0.7508,0,0,0,0
519.747,0.7509,0,0,0,0
519.780,0.7512,0,0,0,0
519.813,0.7514,0,0,0,0
519.847,0.7515,0,0,0,0
519.880,0.7518,0,0,0,0
519.915,0.7520,0,0,0,0
519.945,0.7521,0,0,0,0
519.982,0.7523,0,0,0,0
520.010,0.7524,0,0,0,0
520.045,0.7526,0,0,0,0
520.077,0.7528,0,0,0,0
520.115,0.7530,0,0,0,0
520.144,0.7531,0,0,0,0
520.182,0.7533,0,0,0,0
520.211,0.7534,0,0,0,0
520.245,0.7536,0,0,0,0
520.281,0.7538,0,0,0,0
520.315,0.7539,0,0,0,0
520.348,0.7540,0,0,0,0
520.379,0.7542,0,0,0,0
520.415,0.7543,0,0,0,0
520.448,0.7544,0,0,0,0
520.478,0.7546,0,0,0,0
520.511,0.7546,0,0,0,0
520.548,0.7548,0,0,0,0
520.580,0.7549,0,0,0,0
520.619,0.7550,0,0,0,0
520.645,0.7551,0,0,0,0
520.683,0.7552,0,0,0,0
520.715,0.7553,0,0,0,0
520.746,0.7554,0,0,0,0
520.780,0.7555,0,0,0,0
520.811,0.7556,0,0,0,0
520.844,0.7553,0,0,0,0
520.878,0.7551,0,0,0,0
520.913,0.7550,0,0,0,0
520.944,0.7550,0,0,0,0
520.981,0.7551,0,0,0,0
521.011,0.7551,0,0,0,0
521.048,0.7552,0,0,0,0
521.080,0.7553,0,0,0,0
521.112,0.7554,0,0,0,0
521.145,0.7555,0,0,0,0
521.182,0.7556,0,0,0,0
521.214,0.7557,0,0,0,0
521.245,0.7557,0,0,0,0
521.278,0.7559,0,0,0,0
521.311,0.7559,0,0,0,0
521.347,0.7560,0,0,0,0
521.379,0.7557,0,0,0,0
521.414,0.7555,0,0,0,0
521.448,0.7555,0,0,0,0
521.481,0.7555,0,0,0,0
521.511,0.7555,0,0,0,0
521.546,0.7555,0,0,0,0
521.580,0.7556,0,0,0,0
521.613,0.7557,0,0,0,0
521.644,0.7557,0,0,0,0
521.677,0.7558,0,0,0,0
521.712,0.7557,0,0,0,0
521.744,0.7556,0,0,0,0
521.781,0.7549,0,0,0,0
521.814,0.7537,0,0,0,0
521.845,0.7528,0,0,0,0
521.880,0.7504,2,5,5,2
521.913,0.7471,2,5,5,2
521.943,0.7451,2,5,5,2
521.980,0.7406,2,5,5,2
522.013,0.7353,2,5,5,2
522.048,0.7324,2,5,5,2
522.077,0.7260,2,5,5,2
522.112,0.7190,2,5,5,2
522.145,0.7154,2,5,5,2
522.179,0.7076,1,6,6,1
522.212,0.6994,1,6,6,1
522.247,0.6951,1,6,6,1
522.282,0.6863,1,6,6,1
522.314,0.6773,1,6,6,1
522.345,0.6726,1,6,6,1
522.379,0.6631,1,6,6,1
522.411,0.6583,1,6,6,1
522.448,0.6485,1,6,6,1
522.478,0.6385,1,6,6,1
522.511,0.6334,1,6,6,1
522.546,0.6232,1,6,6,1
522.579,0.6130,1,6,6,1
522.614,0.6027,1,6,6,1
522.645,0.5976,1,6,6,1
522.678,0.5874,1,6,6,1
522.714,0.5772,1,6,6,1
522.748,0.5720,1,6,6,1
522.781,0.5617,1,6,6,1
522.811,0.5566,1,6,6,1
522.845,0.5461,1,6,6,1
522.879,0.5357,1,6,6,1
522.913,0.5253,1,6,6,1
522.947,0.5202,1,6,6,1
522.982,0.5099,1,6,6,1
523.012,0.4996,1,6,6,1
523.045,0.4944,1,6,6,1
523.082,0.4841,1,6,6,1
523.114,0.4739,0,7,7,0
523.143,0.4688,0,7,7,0
523.180,0.4585,0,7,7,0
523.215,0.4482,0,7,7,0
523.244,0.4431,0,7,7,0
523.281,0.4328,0,7,7,0
523.311,0.4276,0,7,7,0
523.347,0.4171,0,7,7,0
523.377,0.4066,0,7,7,0
523.408,0.4013,0,7,7,0
523.448,0.3908,0,7,7,0
523.479,0.3803,0,7,7,0
523.515,0.3699,0,7,7,0
523.547,0.3648,0,7,7,0
523.582,0.3545,0,7,7,0
523.610,0.3494,0,7,7,0
523.647,0.3392,0,7,7,0
523.678,0.3290,0,7,7,0
523.713,0.3191,0,7,7,0
523.743,0.3142,0,7,7,0
523.780,0.3044,0,7,7,0
523.814,0.2949,0,7,7,0
523.848,0.2902,0,7,7,0
523.877,0.2811,0,7,7,0
523.911,0.2767,0,7,7,0
523.944,0.2686,0,7,7,0
523.982,0.2614,0,7,7,0
524.011,0.2583,0,7,7,0
524.048,0.2528,0,7,7,0
524.081,0.2486,0,7,7,0
524.115,0.2456,0,7,7,0
524.148,0.2446,0,7,7,0
524.179,0.2432,0,7,7,0
524.211,0.2428,0,7,7,0
524.248,0.2426,0,7,7,0
524.282,0.2428,0,7,7,0
524.310,0.2431,0,7,7,0
524.348,0.2438,0,7,7,0
524.381,0.2446,0,7,7,0
524.414,0.2453,0,7,7,0
524.448,0.2457,0,7,7,0
524.480,0.2463,0,7,7,0
524.512,0.2468,0,7,7,0
524.545,0.2470,0,7,7,0
524.580,0.2473,0,7,7,0
524.616,0.2475,0,7,7,0
524.644,0.2476,0,7,7,0
524.680,0.2480,0,7,7,0
524.715,0.2491,0,7,7,0
524.748,0.2500,0,7,7,0
524.778,0.2533,0,7,7,0
524.813,0.2579,0,7,7,0
524.847,0.2607,0,7,7,0
524.878,0.2675,0,7,7,0
524.904,0.2714,0,7,7,0
524.946,0.2797,0,7,7,0
524.982,0.2887,0,7,7,0
525.014,0.2980,0,7,7,0
525.046,0.3026,0,7,7,0
525.078,0.3121,0,7,7,0
525.116,0.3213,0,7,7,0
525.149,0.3259,0,7,7,0
525.179,0.3351,0,7,7,0
525.211,0.3397,0,7,7,0
525.245,0.3489,0,7,7,0
525.277,0.3579,0,7,7,0
525.312,0.3664,0,7,7,0
525.346,0.3704,0,7,7,0
525.378,0.3778,0,7,7,0
525.414,0.3841,0,7,7,0
525.448,0.3868,0,7,7,0
525.481,0.3912,0,7,7,0
525.513,0.3946,0,7,7,0
525.546,0.3958,0,7,7,0
525.582,0.3977,0,7,7,0
525.612,0.3988,0,7,7,0
525.645,0.3991,0,7,7,0
525.677,0.3994,0,7,7,0
525.713,0.3994,0,7,7,0
525.749,0.3994,0,7,7,0
525.781,0.3992,0,7,7,0
525.814,0.3989,0,7,7,0
525.844,0.3987,0,7,7,0
525.882,0.3981,0,7,7,0
525.912,0.3976,0,7,7,0
525.948,0.3972,0,7,7,0
525.978,0.3968,0,7,7,0
526.013,0.3965,0,7,7,0
526.046,0.3964,0,7,7,0
526.078,0.3962,0,7,7,0
526.111,0.3961,0,7,7,0
526.144,0.3960,0,7,7,0
526.180,0.3959,0,7,7,0
526.213,0.3959,0,7,7,0
526.246,0.3959,0,7,7,0
526.278,0.3959,0,7,7,0
526.313,0.3959,0,7,7,0
526.344,0.3959,0,7,7,0
526.381,0.3959,0,7,7,0
526.412,0.3959,0,7,7,0
526.447,0.3959,0,7,7,0
526.480,0.3960,0,7,7,0
526.511,0.3960,0,7,7,0
526.546,0.3960,0,7,7,0
526.580,0.3960,0,7,7,0
526.611,0.3960,0,0,0,0
526.646,0.3961,0,0,0,0
526.681,0.3961,0,0,0,0
526.711,0.3961,0,0,0,0
526.744,0.3961,0,0,0,0
526.779,0.3961,0,0,0,0
526.813,0.3961,0,0,0,0
526.845,0.3961,0,0,0,0
526.878,0.3961,0,0,0,0
526.913,0.3961,0,0,0,0
526.947,0.3961,0,0,0,0
526.980,0.3962,0,0,0,0
527.011,0.3964,0,0,0,0
527.048,0.3965,0,0,0,0
527.081,0.3964,0,0,0,0
527.115,0.3960,0,0,0,0
527.145,0.3954,0,0,0,0
527.179,0.3950,0,0,0,0
527.213,0.3950,0,0,0,0
527.246,0.3950,0,0,0,0
527.278,0.3950,0,0,0,0
527.310,0.3950,0,0,0,0
527.344,0.3950,0,0,0,0
527.378,0.3950,0,0,0,0
527.412,0.3950,0,0,0,0
527.445,0.3950,0,0,0,0
527.478,0.3950,0,0,0,0
527.511,0.3950,0,0,0,0
527.545,0.3950,0,0,0,0
527.579,0.3948,0,0,0,0
527.612,0.3947,0,0,0,0
527.648,0.3947,0,0,0,0
527.680,0.3946,0,0,0,0
527.714,0.3945,0,0,0,0
527.747,0.3944,0,0,0,0
527.778,0.3944,0,0,0,0
527.816,0.3944,0,0,0,0
527.849,0.3944,0,0,0,0
527.880,0.3944,0,0,0,0
527.915,0.3944,0,0,0,0
527.948,0.3944,0,0,0,0
527.979,0.3945,0,0,0,0
528.011,0.3945,0,0,0,0
528.044,0.3945,0,0,0,0
528.081,0.3949,0,0,0,0
528.112,0.3952,0,0,0,0
528.146,0.3956,0,0,0,0
528.180,0.3960,0,0,0,0
528.214,0.3963,0,0,0,0
528.244,0.3965,0,0,0,0
528.277,0.3964,0,0,0,0
528.310,0.3962,0,0,0,0
528.344,0.3960,0,0,0,0
528.379,0.3959,0,0,0,0
528.414,0.3959,0,0,0,0
528.447,0.3959,0,0,0,0
528.477,0.3959,0,0,0,0
528.512,0.3959,0,0,0,0
528.545,0.3951,0,0,0,0
528.577,0.3914,0,7,7,0
528.613,0.3852,0,7,7,0
528.646,0.3813,0,7,7,0
528.678,0.3725,0,7,7,0
528.715,0.3629,0,7,7,0
528.745,0.3581,0,7,7,0
528.781,0.3558,0,7,7,0
528.815,0.3552,0,7,7,0
528.846,0.3550,0,7,7,0
528.882,0.3546,0,7,7,0
528.911,0.3545,0,7,7,0
528.947,0.3544,0,7,7,0
528.980,0.3545,0,7,7,0
529.013,0.3548,0,7,7,0
529.046,0.3549,0,7,7,0
529.078,0.3552,0,7,7,0
529.112,0.3556,0,7,7,0
529.149,0.3558,0,7,7,0
529.182,0.3561,0,7,7,0
529.215,0.3565,0,7,7,0
529.243,0.3567,0,7,7,0
529.282,0.3570,0,7,7,0
529.313,0.3573,0,7,7,0
529.344,0.3575,0,7,7,0
529.379,0.3578,0,7,7,0
529.411,0.3579,0,7,7,0
529.444,0.3588,0,7,7,0
529.480,0.3611,0,7,7,0
529.513,0.3632,0,7,7,0
529.546,0.3642,0,7,7,0
529.582,0.3661,0,7,7,0
529.611,0.3671,0,7,7,0
529.644,0.3688,0,7,7,0
529.678,0.3705,0,7,7,0
529.713,0.3721,0,7,7,0
529.747,0.3728,0,7,7,0
529.780,0.3743,0,7,7,0
529.812,0.3756,0,7,7,0
529.847,0.3763,0,7,7,0
529.879,0.3775,0,7,7,0
529.912,0.3787,0,7,7,0
529.945,0.3793,0,7,7,0
529.982,0.3804,0,7,7,0
530.011,0.3809,0,7,7,0
530.048,0.3819,0,7,7,0
530.078,0.3828,0,7,7,0
530.112,0.3832,0,7,7,0
530.144,0.3841,0,7,7,0
530.179,0.3848,0,7,7,0
530.214,0.3856,0,7,7,0
530.248,0.3859,0,7,7,0
530.280,0.3866,0,7,7,0
530.312,0.3872,0,7,7,0
530.344,0.3875,0,7,7,0
530.377,0.3881,0,7,7,0
530.411,0.3883,0,7,7,0
530.445,0.3889,0,7,7,0
530.478,0.3893,0,7,7,0
530.511,0.3896,0,7,7,0
530.545,0.3900,0,7,7,0
530.579,0.3904,0,7,7,0
530.611,0.3906,0,7,7,0
530.647,0.3910,0,7,7,0
530.680,0.3913,0,7,7,0
530.714,0.3916,0,0,0,0
530.750,0.3918,0,0,0,0
530.778,0.3921,0,0,0,0
530.815,0.3923,0,0,0,0
530.845,0.3925,0,0,0,0
530.880,0.3927,0,0,0,0
530.912,0.3930,0,0,0,0
530.948,0.3931,0,0,0,0
530.978,0.3933,0,0,0,0
531.014,0.3935,0,0,0,0
531.046,0.3936,0,0,0,0
531.082,0.3937,0,0,0,0
531.114,0.3939,0,0,0,0
531.147,0.3940,0,0,0,0
531.180,0.3942,0,0,0,0
531.213,0.3943,0,0,0,0
531.247,0.3944,0,0,0,0
531.280,0.3945,0,0,0,0
531.311,0.3946,0,0,0,0
531.345,0.3947,0,0,0,0
531.379,0.3948,0,0,0,0
531.413,0.3949,0,0,0,0
531.446,0.3950,0,0,0,0
531.481,0.3951,0,0,0,0
531.515,0.3951,0,0,0,0
531.548,0.3952,0,0,0,0
531.578,0.3953,0,0,0,0
531.614,0.3954,0,0,0,0
531.648,0.3954,0,0,0,0
531.681,0.3955,0,0,0,0
531.715,0.3955,0,0,0,0
531.746,0.3956,0,0,0,0
531.781,0.3956,0,0,0,0
531.815,0.3957,0,0,0,0
531.848,0.3957,0,0,0,0
531.880,0.3958,0,0,0,0
531.915,0.3958,0,0,0,0
531.949,0.3959,0,0,0,0
531.982,0.3959,0,0,0,0
532.010,0.3959,0,0,0,0
532.044,0.3960,0,0,0,0
532.078,0.3960,0,0,0,0
532.115,0.3961,0,0,0,0
532.147,0.3961,0,0,0,0
532.180,0.3961,0,0,0,0
532.210,0.3961,0,0,0,0
532.247,0.3962,0,0,0,0
532.280,0.3962,0,0,0,0
532.311,0.3962,0,0,0,0
532.346,0.3963,0,0,0,0
532.381,0.3963,0,0,0,0
532.413,0.3963,0,0,0,0
532.448,0.3963,0,0,0,0
532.480,0.3964,0,0,0,0
532.514,0.3964,0,0,0,0
532.549,0.3964,0,0,0,0
532.581,0.3964,0,0,0,0
532.612,0.3964,0,0,0,0
532.646,0.3965,0,0,0,0
532.680,0.3965,0,0,0,0
532.715,0.3965,0,0,0,0
532.744,0.3965,0,0,0,0
532.780,0.3965,0,0,0,0
532.813,0.3966,0,0,0,0
532.847,0.3966,0,0,0,0
532.880,0.3966,0,0,0,0
532.913,0.3966,0,0,0,0
532.946,0.3966,0,0,0,0
532.979,0.3966,0,0,0,0
533.013,0.3967,0,0,0,0
533.047,0.3967,0,0,0,0
533.078,0.3946,0,7,7,0
533.113,0.3905,0,7,7,0
533.146,0.3880,0,7,7,0
533.177,0.3825,0,7,7,0
533.211,0.3804,0,7,7,0
533.246,0.3776,0,7,7,0
533.279,0.3763,0,7,7,0
533.313,0.3761,0,7,7,0
533.346,0.3762,0,7,7,0
533.378,0.3768,0,7,7,0
533.412,0.3778,0,7,7,0
533.447,0.3783,0,7,7,0
533.479,0.3795,0,7,7,0
533.512,0.3807,0,7,7,0
533.548,0.3813,0,7,7,0
533.581,0.3824,0,7,7,0
533.614,0.3835,0,7,7,0
533.648,0.3840,0,7,7,0
533.680,0.3850,0,7,7,0
533.716,0.3859,0,7,7,0
533.747,0.3863,0,7,7,0
533.777,0.3871,0,7,7,0
533.812,0.3878,0,7,7,0
533.848,0.3881,0,7,7,0
533.880,0.3887,0,7,7,0
533.915,0.3893,0,7,7,0
533.947,0.3896,0,7,7,0
533.979,0.3901,0,7,7,0
534.013,0.3906,0,7,7,0
534.045,0.3908,0,7,7,0
534.078,0.3912,0,7,7,0
534.113,0.3916,0,7,7,0
534.145,0.3918,0,7,7,0
534.178,0.3921,0,7,7,0
534.212,0.3925,0,7,7,0
534.246,0.3926,0,0,0,0
534.278,0.3929,0,0,0,0
534.311,0.3931,0,0,0,0
534.346,0.3933,0,0,0,0
534.379,0.3936,0,0,0,0
534.412,0.3937,0,0,0,0
534.444,0.3939,0,0,0,0
534.478,0.3942,0,0,0,0
534.512,0.3944,0,0,0,0
534.546,0.3944,0,0,0,0
534.579,0.3946,0,0,0,0
534.614,0.3948,0,0,0,0
534.649,0.3949,0,0,0,0
534.677,0.3950,0,0,0,0
534.712,0.3952,0,0,0,0
534.747,0.3952,0,0,0,0
534.780,0.3954,0,0,0,0
534.813,0.3955,0,0,0,0
534.849,0.3955,0,0,0,0
534.882,0.3956,0,0,0,0
534.915,0.3957,0,0,0,0
534.944,0.3958,0,0,0,0
534.980,0.3959,0,0,0,0
535.015,0.3960,0,0,0,0
535.045,0.3960,0,0,0,0
535.080,0.3961,0,0,0,0
535.115,0.3961,0,0,0,0
535.145,0.3962,0,0,0,0
535.182,0.3962,0,0,0,0
535.213,0.3963,0,0,0,0
535.246,0.3963,0,0,0,0
535.280,0.3964,0,0,0,0
535.310,0.3964,0,0,0,0
535.353,0.3965,0,0,0,0
535.378,0.3965,0,0,0,0
535.414,0.3965,0,0,0,0
535.448,0.3966,0,0,0,0
535.479,0.3966,0,0,0,0
535.513,0.3966,0,0,0,0
535.549,0.3967,0,0,0,0
535.580,0.3967,0,0,0,0
535.611,0.3967,0,0,0,0
535.646,0.3967,0,0,0,0
535.679,0.3968,0,0,0,0
535.713,0.3968,0,0,0,0
535.747,0.3968,0,0,0,0
535.779,0.3968,0,0,0,0
535.811,0.3969,0,0,0,0
535.846,0.3969,0,0,0,0
535.882,0.3969,0,0,0,0
535.911,0.3969,0,0,0,0
535.944,0.3969,0,0,0,0
535.980,0.3970,0,0,0,0
536.015,0.3970,0,0,0,0
536.045,0.3970,0,0,0,0
536.082,0.3970,0,0,0,0
536.113,0.3970,0,0,0,0
536.146,0.3970,0,0,0,0
536.179,0.3971,0,0,0,0
536.212,0.3971,0,0,0,0
536.247,0.3971,0,0,0,0
536.280,0.3971,0,0,0,0
536.313,0.3971,0,0,0,0
536.346,0.3971,0,0,0,0
536.379,0.3971,0,0,0,0
536.413,0.3971,0,0,0,0
536.447,0.3971,0,0,0,0
536.480,0.3972,0,0,0,0
536.512,0.3972,0,0,0,0
536.544,0.3972,0,0,0,0
536.583,0.3972,0,0,0,0
536.616,0.3972,0,0,0,0
536.649,0.3972,0,0,0,0
536.678,0.3972,0,0,0,0
536.715,0.3973,0,0,0,0
536.747,0.3973,0,0,0,0
536.777,0.3973,0,0,0,0
536.812,0.3973,0,0,0,0
536.847,0.3973,0,0,0,0
536.879,0.3973,0,0,0,0
536.914,0.3973,0,0,0,0
536.946,0.3973,0,0,0,0
536.980,0.3973,0,0,0,0
537.015,0.3973,0,0,0,0
537.045,0.3973,0,0,0,0
537.079,0.3973,0,0,0,0
537.113,0.3973,0,0,0,0
537.147,0.3973,0,0,0,0
537.180,0.3973,0,0,0,0
537.212,0.3973,0,0,0,0
537.247,0.3973,0,0,0,0
537.280,0.3974,0,0,0,0
537.313,0.3974,0,0,0,0
537.348,0.3974,0,0,0,0
537.380,0.3974,0,0,0,0
537.414,0.3974,0,0,0,0
537.448,0.3974,0,0,0,0
537.480,0.3974,0,0,0,0
537.513,0.3974,0,0,0,0
537.544,0.3974,0,0,0,0
537.577,0.3974,0,0,0,0
537.612,0.3974,0,0,0,0
537.644,0.3974,0,0,0,0
537.679,0.3974,0,0,0,0
537.711,0.3974,0,0,0,0
537.746,0.3974,0,0,0,0
537.779,0.3974,0,0,0,0
537.815,0.3974,0,0,0,0
537.849,0.3974,0,0,0,0
537.879,0.3974,0,0,0,0
537.915,0.3974,0,0,0,0
537.946,0.3974,0,0,0,0
537.980,0.3974,0,0,0,0
538.011,0.3974,0,0,0,0
538.043,0.3974,0,0,0,0
538.078,0.3975,0,0,0,0
538.115,0.3975,0,0,0,0
538.145,0.3975,0,0,0,0
538.179,0.3975,0,0,0,0
538.213,0.3975,0,0,0,0
538.246,0.3975,0,0,0,0
538.278,0.3975,0,0,0,0
538.313,0.3975,0,0,0,0
538.346,0.3975,0,0,0,0
538.378,0.3975,0,0,0,0
538.412,0.3975,0,0,0,0
538.447,0.3975,0,0,0,0
538.479,0.3975,0,0,0,0
538.514,0.3975,0,0,0,0
538.549,0.3975,0,0,0,0
538.580,0.3975,0,0,0,0
538.613,0.3975,0,0,0,0
538.645,0.3975,0,0,0,0
538.682,0.3975,0,0,0,0
538.710,0.3975,0,0,0,0
538.748,0.3975,0,0,0,0
538.782,0.3975,0,0,0,0
538.810,0.3975,0,0,0,0
538.847,0.3975,0,0,0,0
538.880,0.3975,0,0,0,0
538.913,0.3975,0,0,0,0
538.948,0.3975,0,0,0,0
538.981,0.3975,0,0,0,0
539.015,0.3975,0,0,0,0
539.045,0.3975,0,0,0,0
539.076,0.3975,0,0,0,0
539.120,0.3975,0,0,0,0
539.147,0.3975,0,0,0,0
539.180,0.3975,0,0,0,0
539.211,0.3975,0,0,0,0
539.245,0.3975,0,0,0,0
539.281,0.3975,0,0,0,0
539.314,0.3976,0,0,0,0
539.344,0.3976,0,0,0,0
539.382,0.3976,0,0,0,0
539.412,0.3976,0,0,0,0
539.447,0.3976,0,0,0,0
539.480,0.3976,0,0,0,0
539.510,0.3976,0,0,0,0
539.549,0.3976,0,0,0,0
539.578,0.3976,0,0,0,0
539.611,0.3976,0,0,0,0
539.645,0.3976,0,0,0,0
539.679,0.3976,0,0,0,0
539.713,0.3969,0,0,0,0
539.746,0.3956,0,0,0,0
539.780,0.3914,0,7,7,0
539.813,0.3853,0,7,7,0
539.848,0.3817,0,7,7,0
539.881,0.3738,0,7,7,0
539.915,0.3653,0,7,7,0
539.944,0.3611,0,7,7,0
539.982,0.3604,0,7,7,0
540.011,0.3600,0,7,7,0
540.044,0.3595,0,7,7,0
540.082,0.3589,0,7,7,0
540.114,0.3584,0,7,7,0
540.144,0.3582,0,7,7,0
540.180,0.3577,0,7,7,0
540.216,0.3574,0,7,7,0
540.245,0.3572,0,7,7,0
540.278,0.3569,0,7,7,0
540.312,0.3568,0,7,7,0
540.344,0.3564,0,7,7,0
540.383,0.3560,0,7,7,0
540.417,0.3558,0,7,7,0
540.448,0.3557,0,7,7,0
540.480,0.3557,0,7,7,0
540.513,0.3558,0,7,7,0
540.548,0.3559,0,7,7,0
540.580,0.3562,0,7,7,0
540.611,0.3564,0,7,7,0
540.648,0.3566,0,7,7,0
540.678,0.3568,0,7,7,0
540.713,0.3572,0,7,7,0
540.743,0.3575,0,7,7,0
540.778,0.3579,0,7,7,0
540.815,0.3583,0,7,7,0
540.845,0.3585,0,7,7,0
540.881,0.3589,0,7,7,0
540.915,0.3592,0,7,7,0
540.948,0.3594,0,0,0,0
540.982,0.3597,0,0,0,0
541.011,0.3599,0,0,0,0
541.047,0.3602,0,0,0,0
541.081,0.3605,0,0,0,0
541.114,0.3608,0,0,0,0
541.146,0.3609,0,0,0,0
541.178,0.3611,0,0,0,0
541.211,0.3613,0,0,0,0
541.248,0.3615,0,0,0,0
541.281,0.3617,0,0,0,0
541.313,0.3619,0,0,0,0
541.346,0.3621,0,0,0,0
541.378,0.3623,0,0,0,0
541.412,0.3625,0,0,0,0
541.444,0.3628,0,0,0,0
541.477,0.3631,0,0,0,0
541.511,0.3632,0,0,0,0
541.548,0.3635,0,0,0,0
541.577,0.3638,0,0,0,0
541.613,0.3640,0,0,0,0
541.644,0.3641,0,0,0,0
541.683,0.3644,0,0,0,0
541.714,0.3646,0,0,0,0
541.746,0.3647,0,0,0,0
541.779,0.3648,0,0,0,0
541.814,0.3650,0,0,0,0
541.844,0.3651,0,0,0,0
541.880,0.3652,0,0,0,0
541.911,0.3653,0,0,0,0
541.944,0.3654,0,0,0,0
541.979,0.3655,0,0,0,0
542.011,0.3656,0,0,0,0
542.049,0.3657,0,0,0,0
542.080,0.3658,0,0,0,0
542.114,0.3658,0,0,0,0
542.144,0.3659,0,0,0,0
542.182,0.3660,0,0,0,0
542.211,0.3663,0,0,0,0
542.248,0.3668,0,0,0,0
542.281,0.3675,0,0,0,0
542.311,0.3681,0,0,0,0
542.346,0.3690,0,0,0,0
542.377,0.3698,0,0,0,0
542.413,0.3707,0,0,0,0
542.445,0.3713,0,0,0,0
542.477,0.3719,0,0,0,0
542.511,0.3723,0,0,0,0
542.546,0.3726,0,0,0,0
542.580,0.3727,0,0,0,0
542.613,0.3726,0,0,0,0
542.647,0.3722,0,0,0,0
542.679,0.3716,0,0,0,0
542.714,0.3706,0,0,0,0
542.748,0.3693,0,0,0,0
542.780,0.3677,0,7,7,0
542.814,0.3656,0,7,7,0
542.848,0.3632,0,7,7,0
542.880,0.3603,0,7,7,0
542.913,0.3570,0,7,7,0
542.945,0.3534,0,7,7,0
542.979,0.3529,0,7,7,0
543.012,0.3589,0,7,7,0
543.047,0.3649,0,7,7,0
543.079,0.3701,0,7,7,0
543.110,0.3747,0,7,7,0
543.145,0.3793,0,7,7,0
543.181,0.3835,0,7,7,0
543.212,0.3867,0,7,7,0
543.245,0.3898,0,7,7,0
543.280,0.3924,0,7,7,0
543.314,0.3944,0,7,7,0
543.348,0.3960,0,7,7,0
543.381,0.3970,0,7,7,0
543.411,0.3975,0,7,7,0
543.445,0.3975,0,7,7,0
543.479,0.3970,0,7,7,0
543.511,0.3961,0,7,7,0
543.548,0.3944,0,7,7,0
543.579,0.3925,0,7,7,0
543.612,0.3901,0,7,7,0
543.645,0.3871,0,7,7,0
543.677,0.3838,0,7,7,0
543.715,0.3818,0,7,7,0
543.748,0.3816,0,7,7,0
543.780,0.3810,0,7,7,0
543.814,0.3799,0,7,7,0
543.848,0.3784,0,7,7,0
543.881,0.3766,0,7,7,0
543.911,0.3750,0,7,7,0
543.948,0.3730,0,7,7,0
543.982,0.3715,0,7,7,0
544.013,0.3704,0,7,7,0
544.047,0.3695,0,7,7,0
544.078,0.3695,0,7,7,0
544.113,0.3695,0,7,7,0
544.145,0.3695,0,7,7,0
544.181,0.3801,0,7,7,0
544.215,0.3801,0,7,7,0
544.247,0.3801,0,7,7,0
544.280,0.3801,0,7,7,0
544.302,0.3801,0,7,7,0
544.345,0.3803,0,7,7,0
544.378,0.3805,0,7,7,0
544.412,0.3812,0,7,7,0
544.447,0.3817,0,7,7,0
544.479,0.3821,0,7,7,0
544.512,0.3821,0,7,7,0
544.546,0.3854,0,7,7,0
544.579,0.3894,0,7,7,0
544.615,0.3929,0,7,7,0
544.649,0.3953,0,7,7,0
544.678,0.3966,0,7,7,0
544.714,0.3973,0,7,7,0
544.748,0.3971,0,7,7,0
544.781,0.3960,0,7,7,0
544.815,0.3940,0,7,7,0
544.846,0.3914,0,7,7,0
544.877,0.3880,0,7,7,0
544.911,0.3835,0,7,7,0
544.944,0.3783,0,7,7,0
544.981,0.3716,0,7,7,0
545.013,0.3650,0,7,7,0
545.048,0.3568,0,7,7,0
545.081,0.3495,0,7,7,0
545.112,0.3546,0,7,7,0
545.146,0.3594,0,7,7,0
545.179,0.3634,0,7,7,0
545.213,0.3664,0,7,7,0
545.246,0.3688,0,7,7,0
545.280,0.3710,0,7,7,0
545.315,0.3728,0,7,7,0
545.344,0.3740,0,7,7,0
545.381,0.3750,0,7,7,0
545.412,0.3758,0,7,7,0
545.449,0.3766,0,7,7,0
545.479,0.3771,0,7,7,0
545.511,0.3777,0,7,7,0
545.546,0.3785,0,7,7,0
545.578,0.3794,0,7,7,0
545.614,0.3825,0,7,7,0
545.636,0.3845,0,7,7,0
545.679,0.3895,0,7,7,0
545.712,0.3927,0,7,7,0
545.746,0.3951,0,7,7,0
545.781,0.3968,0,7,7,0
545.812,0.3974,0,7,7,0
545.847,0.3972,0,7,7,0
545.877,0.3962,0,7,7,0
545.912,0.3943,0,7,7,0
545.947,0.3917,0,7,7,0
545.977,0.3899,0,7,7,0
546.012,0.3876,0,7,7,0
546.046,0.3853,0,7,7,0
546.079,0.3831,0,7,7,0
546.113,0.3810,0,7,7,0
546.147,0.3788,0,7,7,0
546.181,0.3766,0,7,7,0
546.213,0.3744,0,7,7,0
546.249,0.3744,0,7,7,0
546.280,0.3744,0,7,7,0
546.314,0.3925,0,7,7,0
546.347,0.3891,0,7,7,0
546.378,0.3852,0,7,7,0
546.413,0.3800,0,7,7,0
546.445,0.3742,0,7,7,0
546.481,0.3683,0,7,7,0
546.511,0.3666,0,7,7,0
546.548,0.3641,0,7,7,0
546.577,0.3617,0,7,7,0
546.615,0.3586,0,7,7,0
546.648,0.3559,0,7,7,0
546.680,0.3532,0,7,7,0
546.713,0.3509,0,7,7,0
546.745,0.3488,0,7,7,0
546.777,0.3467,0,7,7,0
546.812,0.3444,0,7,7,0
546.846,0.3420,0,7,7,0
546.879,0.3415,0,7,7,0
546.910,0.3442,0,7,7,0
546.948,0.3470,0,7,7,0
546.980,0.3495,0,7,7,0
547.011,0.3511,0,7,7,0
547.045,0.3522,0,7,7,0
547.079,0.3526,0,7,7,0
547.110,0.3521,0,7,7,0
547.144,0.3509,0,7,7,0
547.181,0.3487,0,7,7,0
547.211,0.3463,0,7,7,0
547.245,0.3431,0,7,7,0
547.280,0.3396,0,7,7,0
547.312,0.3398,0,7,7,0
547.347,0.3411,0,7,7,0
547.380,0.3445,0,7,7,0
547.415,0.3475,0,7,7,0
547.444,0.3499,0,7,7,0
547.481,0.3522,0,7,7,0
547.514,0.3539,0,7,7,0
547.548,0.3554,0,7,7,0
547.582,0.3567,0,7,7,0
547.615,0.3579,0,7,7,0
547.645,0.3589,0,7,7,0
547.679,0.3601,0,7,7,0
547.712,0.3611,0,7,7,0
547.748,0.3621,0,7,7,0
547.778,0.3630,0,7,7,0
547.811,0.3639,0,7,7,0
547.849,0.3650,0,7,7,0
547.878,0.3659,0,7,7,0
547.913,0.3659,0,7,7,0
547.946,0.3659,0,7,7,0
547.979,0.3557,0,7,7,0
548.013,0.3588,0,7,7,0
548.046,0.3614,0,7,7,0
548.077,0.3618,0,7,7,0
548.113,0.3619,0,7,7,0
548.149,0.3619,0,7,7,0
548.178,0.3619,0,7,7,0
548.215,0.3618,0,7,7,0
548.246,0.3618,0,7,7,0
548.278,0.3618,0,7,7,0
548.312,0.3618,0,7,7,0
548.345,0.3618,0,7,7,0
548.379,0.3618,0,7,7,0
548.413,0.3618,0,7,7,0
548.448,0.3618,0,7,7,0
548.480,0.3618,0,7,7,0
548.514,0.3618,0,7,7,0
548.545,0.3618,0,7,7,0
548.579,0.3618,0,7,7,0
548.615,0.3618,0,7,7,0
548.644,0.3618,0,7,7,0
548.680,0.3618,0,7,7,0
548.714,0.3618,0,7,7,0
548.748,0.3617,0,7,7,0
548.780,0.3617,0,7,7,0
548.812,0.3617,0,7,7,0
548.847,0.3617,0,7,7,0
548.879,0.3617,0,7,7,0
548.911,0.3617,0,7,7,0
548.948,0.3617,0,7,7,0
548.981,0.3617,0,7,7,0
549.015,0.3617,0,7,7,0
549.044,0.3617,0,7,7,0
549.081,0.3617,0,0,0,0
549.115,0.3617,0,0,0,0
549.148,0.3617,0,0,0,0
549.179,0.3617,0,0,0,0
549.213,0.3617,0,0,0,0
549.246,0.3617,0,0,0,0
549.277,0.3617,0,0,0,0
549.312,0.3617,0,0,0,0
549.345,0.3617,0,0,0,0
549.381,0.3613,0,0,0,0
549.415,0.3606,0,0,0,0
549.446,0.3593,0,0,0,0
549.481,0.3559,0,7,7,0
549.511,0.3526,0,7,7,0
549.553,0.3470,0,7,7,0
549.578,0.3429,0,7,7,0
549.612,0.3398,0,7,7,0
549.644,0.3407,0,7,7,0
549.677,0.3439,0,7,7,0
549.714,0.3455,0,7,7,0
549.747,0.3460,0,7,7,0
549.780,0.3463,0,7,7,0
549.813,0.3463,0,7,7,0
549.848,0.3463,0,7,7,0
549.877,0.3463,0,7,7,0
549.912,0.3463,0,7,7,0
549.947,0.3463,0,7,7,0
549.981,0.3463,0,7,7,0
550.015,0.3463,0,7,7,0
550.045,0.3463,0,7,7,0
550.080,0.3463,0,7,7,0
550.113,0.3463,0,7,7,0
550.148,0.3463,0,7,7,0
550.180,0.3463,0,7,7,0
550.213,0.3463,0,7,7,0
550.246,0.3463,0,7,7,0
550.277,0.3463,0,7,7,0
550.312,0.3463,0,7,7,0
550.345,0.3463,0,7,7,0
550.381,0.3463,0,7,7,0
550.413,0.3464,0,7,7,0
550.446,0.3465,0,7,7,0
550.479,0.3467,0,7,7,0
550.511,0.3470,0,7,7,0
550.546,0.3474,0,7,7,0
550.580,0.3479,0,7,7,0
550.611,0.3484,0,7,7,0
550.647,0.3497,0,7,7,0
550.681,0.3507,0,7,7,0
550.713,0.3515,0,7,7,0
550.748,0.3521,0,0,0,0
550.781,0.3522,0,0,0,0
550.815,0.3515,0,0,0,0
550.844,0.3503,0,0,0,0
550.882,0.3478,0,7,7,0
550.912,0.3452,0,7,7,0
550.951,0.3409,0,7,7,0
550.980,0.3433,0,7,7,0
551.010,0.3488,0,7,7,0
551.044,0.3541,0,7,7,0
551.080,0.3589,0,7,7,0
551.111,0.3624,0,7,7,0
551.144,0.3653,0,7,7,0
551.177,0.3675,0,7,7,0
551.211,0.3710,0,7,7,0
551.246,0.3776,0,7,7,0
551.283,0.3836,0,7,7,0
551.312,0.3875,0,7,7,0
551.345,0.3913,0,7,7,0
551.381,0.3945,0,7,7,0
551.410,0.3963,0,7,7,0
551.448,0.3977,0,7,7,0
551.478,0.3981,0,7,7,0
551.513,0.3976,0,7,7,0
551.548,0.3961,0,7,7,0
551.581,0.3938,0,7,7,0
551.615,0.3907,0,7,7,0
551.645,0.3871,0,7,7,0
551.677,0.3826,0,7,7,0
551.711,0.3770,0,7,7,0
551.748,0.3771,0,7,7,0
551.778,0.3771,0,7,7,0
551.811,0.3981,0,7,7,0
551.844,0.3975,0,7,7,0
551.877,0.3961,0,7,7,0
551.912,0.3937,0,7,7,0
551.945,0.3907,0,7,7,0
551.981,0.3882,0,7,7,0
552.015,0.3857,0,7,7,0
552.044,0.3838,0,7,7,0
552.080,0.3827,0,7,7,0
552.114,0.3822,0,7,7,0
552.146,0.3820,0,7,7,0
552.179,0.3820,0,7,7,0
552.212,0.3820,0,7,7,0
552.245,0.3820,0,7,7,0
552.279,0.3820,0,7,7,0
552.316,0.3820,0,7,7,0
552.341,0.3809,0,7,7,0
552.381,0.3770,0,7,7,0
552.412,0.3733,0,7,7,0
552.447,0.3685,0,7,7,0
552.481,0.3636,0,7,7,0
552.512,0.3599,0,7,7,0
552.547,0.3550,0,7,7,0
552.578,0.3497,0,7,7,0
552.613,0.3556,0,7,7,0
552.644,0.3630,0,7,7,0
552.678,0.3703,0,7,7,0
552.714,0.3770,0,7,7,0
552.745,0.3822,0,7,7,0
552.780,0.3870,0,7,7,0
552.813,0.3908,0,7,7,0
552.847,0.3938,0,7,7,0
552.879,0.3958,0,7,7,0
552.911,0.3970,0,7,7,0
552.944,0.3975,0,7,7,0
552.977,0.3971,0,7,7,0
553.011,0.3958,0,7,7,0
553.048,0.3934,0,7,7,0
553.078,0.3909,0,7,7,0
553.111,0.3888,0,7,7,0
553.148,0.3867,0,7,7,0
553.177,0.3859,0,7,7,0
553.212,0.3859,0,7,7,0
553.246,0.3859,0,7,7,0
553.277,0.3859,0,7,7,0
553.315,0.3859,0,7,7,0
553.344,0.3859,0,7,7,0
553.377,0.3859,0,7,7,0
553.411,0.3859,0,7,7,0
553.447,0.3859,0,7,7,0
553.482,0.3859,0,7,7,0
553.511,0.3859,0,7,7,0
553.548,0.3859,0,7,7,0
553.581,0.3859,0,7,7,0
553.614,0.3847,0,7,7,0
553.644,0.3820,0,7,7,0
553.685,0.3815,0,7,7,0
553.714,0.3807,0,7,7,0
553.743,0.3807,0,7,7,0
553.781,0.3807,0,7,7,0
553.812,0.3807,0,7,7,0
553.844,0.3841,0,7,7,0
553.880,0.3816,0,7,7,0
553.911,0.3808,0,7,7,0
553.945,0.3791,0,7,7,0
553.980,0.3765,0,7,7,0
554.011,0.3746,0,7,7,0
554.046,0.3725,0,7,7,0
554.078,0.3704,0,7,7,0
554.113,0.3685,0,7,7,0
554.144,0.3672,0,7,7,0
554.179,0.3668,0,7,7,0
554.214,0.3667,0,7,7,0
554.247,0.3666,0,7,7,0
554.279,0.3666,0,7,7,0
554.312,0.3666,0,7,7,0
554.347,0.3666,0,7,7,0
554.378,0.3666,0,7,7,0
554.410,0.3666,0,7,7,0
554.448,0.3666,0,7,7,0
554.482,0.3666,0,7,7,0
554.511,0.3666,0,7,7,0
554.545,0.3666,0,7,7,0
554.579,0.3666,0,7,7,0
554.615,0.3666,0,7,7,0
554.649,0.3666,0,7,7,0
554.680,0.3666,0,7,7,0
554.714,0.3675,0,7,7,0
554.746,0.3699,0,7,7,0
554.777,0.3723,0,7,7,0
554.812,0.3749,0,7,7,0
554.844,0.3771,0,7,7,0
554.881,0.3792,0,7,7,0
554.915,0.3801,0,7,7,0
554.944,0.3804,0,7,7,0
554.979,0.3804,0,7,7,0
555.011,0.3804,0,7,7,0
555.047,0.3804,0,7,7,0
555.078,0.3804,0,7,7,0
555.110,0.3804,0,7,7,0
555.143,0.3804,0,7,7,0
555.169,0.3804,0,7,7,0
555.212,0.3804,0,7,7,0
555.247,0.3804,0,7,7,0
555.282,0.3804,0,7,7,0
555.314,0.3804,0,7,7,0
555.348,0.3804,0,7,7,0
555.378,0.3804,0,7,7,0
555.415,0.3804,0,7,7,0
555.445,0.3804,0,7,7,0
555.480,0.3804,0,7,7,0
555.511,0.3804,0,7,7,0
555.547,0.3804,0,7,7,0
555.579,0.3804,0,7,7,0
555.611,0.3804,0,7,7,0
555.645,0.3804,0,7,7,0
555.678,0.3804,0,7,7,0
555.710,0.3804,0,7,7,0
555.748,0.3804,0,7,7,0
555.778,0.3804,0,7,7,0
555.813,0.3804,0,7,7,0
555.847,0.3804,0,7,7,0
555.877,0.3804,0,7,7,0
555.913,0.3804,0,0,0,0
555.945,0.3804,0,0,0,0
555.980,0.3804,0,0,0,0
556.012,0.3804,0,0,0,0
556.045,0.3804,0,0,0,0
556.079,0.3804,0,0,0,0
556.112,0.3804,0,0,0,0
556.145,0.3804,0,0,0,0
556.181,0.3804,0,0,0,0
556.211,0.3804,0,0,0,0
556.248,0.3804,0,0,0,0
556.279,0.3804,0,0,0,0
556.311,0.3804,0,0,0,0
556.347,0.3804,0,0,0,0
556.378,0.3804,0,0,0,0
556.413,0.3804,0,0,0,0
556.449,0.3804,0,0,0,0
556.482,0.3804,0,0,0,0
556.511,0.3804,0,0,0,0
556.544,0.3804,0,0,0,0
556.581,0.3803,0,0,0,0
556.611,0.3803,0,0,0,0
556.643,0.3803,0,0,0,0
556.678,0.3803,0,0,0,0
556.713,0.3803,0,0,0,0
556.744,0.3803,0,0,0,0
556.778,0.3803,0,0,0,0
556.811,0.3803,0,0,0,0
556.846,0.3803,0,0,0,0
556.882,0.3803,0,0,0,0
556.912,0.3803,0,0,0,0
556.946,0.3803,0,0,0,0
556.982,0.3803,0,0,0,0
557.014,0.3803,0,0,0,0
557.045,0.3803,0,0,0,0
557.078,0.3803,0,0,0,0
557.111,0.3803,0,0,0,0
557.150,0.3803,0,0,0,0
557.181,0.3803,0,0,0,0
557.213,0.3803,0,0,0,0
557.245,0.3803,0,0,0,0
557.277,0.3803,0,0,0,0
557.313,0.3803,0,0,0,0
557.344,0.3803,0,0,0,0
557.379,0.3803,0,0,0,0
557.412,0.3803,0,0,0,0
557.447,0.3803,0,0,0,0
557.478,0.3803,0,0,0,0
557.514,0.3803,0,0,0,0
557.544,0.3803,0,0,0,0
557.578,0.3803,0,0,0,0
557.615,0.3803,0,0,0,0
557.647,0.3803,0,0,0,0
557.680,0.3803,0,0,0,0
557.713,0.3803,0,0,0,0
557.747,0.3803,0,0,0,0
557.782,0.3803,0,0,0,0
557.814,0.3803,0,0,0,0
557.848,0.3803,0,0,0,0
557.879,0.3803,0,0,0,0
557.911,0.3803,0,0,0,0
557.943,0.3803,0,0,0,0
557.977,0.3803,0,0,0,0
558.013,0.3803,0,0,0,0
558.048,0.3803,0,0,0,0
558.081,0.3803,0,0,0,0
558.110,0.3803,0,0,0,0
558.147,0.3803,0,0,0,0
558.179,0.3803,0,0,0,0
558.215,0.3803,0,0,0,0
558.244,0.3803,0,0,0,0
558.281,0.3803,0,0,0,0
558.314,0.3803,0,0,0,0
558.347,0.3803,0,0,0,0
558.381,0.3803,0,0,0,0
558.412,0.3803,0,0,0,0
558.445,0.3803,0,0,0,0
558.480,0.3803,0,0,0,0
558.511,0.3803,0,0,0,0
558.548,0.3805,0,0,0,0
558.580,0.3811,0,0,0,0
558.613,0.3815,0,0,0,0
558.647,0.3828,0,0,0,0
558.679,0.3861,0,7,7,0
558.712,0.3861,0,7,7,0
558.744,0.3861,0,7,7,0
558.778,0.3861,0,7,7,0
558.813,0.3861,0,7,7,0
558.846,0.3861,0,7,7,0
558.881,0.3861,0,7,7,0
558.911,0.3861,0,7,7,0
558.948,0.3861,0,7,7,0
558.978,0.3861,0,7,7,0
559.011,0.3861,0,7,7,0
559.044,0.3868,0,7,7,0
559.078,0.3876,0,7,7,0
559.112,0.3884,0,7,7,0
559.145,0.3889,0,7,7,0
559.177,0.3889,0,7,7,0
559.213,0.3889,0,7,7,0
559.245,0.3889,0,7,7,0
559.281,0.3889,0,7,7,0
559.311,0.3889,0,7,7,0
559.348,0.3889,0,7,7,0
559.382,0.3889,0,7,7,0
559.415,0.3887,0,7,7,0
559.447,0.3869,0,7,7,0
559.479,0.3847,0,7,7,0
559.514,0.3818,0,7,7,0
559.548,0.3814,0,7,7,0
559.578,0.3809,0,7,7,0
559.610,0.3800,0,7,7,0
559.656,0.3800,0,7,7,0
559.681,0.3800,0,7,7,0
559.713,0.3800,0,7,7,0
559.747,0.3800,0,7,7,0
559.780,0.3800,0,7,7,0
559.815,0.3800,0,7,7,0
559.846,0.3798,0,7,7,0
559.877,0.3790,0,7,7,0
559.914,0.3775,0,7,7,0
559.943,0.3760,0,7,7,0
559.980,0.3735,0,7,7,0
560.011,0.3713,0,7,7,0
560.048,0.3687,0,7,7,0
560.078,0.3678,0,7,7,0
560.115,0.3678,0,7,7,0
560.144,0.3678,0,7,7,0
560.181,0.3666,0,7,7,0
560.215,0.3632,0,7,7,0
560.244,0.3598,0,7,7,0
560.281,0.3545,0,7,7,0
560.312,0.3494,0,7,7,0
560.345,0.3438,0,7,7,0
560.379,0.3438,0,7,7,0
560.412,0.3438,0,7,7,0
560.446,0.3438,0,7,7,0
560.477,0.3438,0,7,7,0
560.511,0.3438,0,7,7,0
560.545,0.3437,0,7,7,0
560.578,0.3426,0,7,7,0
560.611,0.3406,0,7,7,0
560.645,0.3404,0,7,7,0
560.679,0.3422,0,7,7,0
560.714,0.3454,0,7,7,0
560.748,0.3477,0,7,7,0
560.780,0.3494,0,7,7,0
560.811,0.3504,0,7,7,0
560.847,0.3517,0,7,7,0
560.880,0.3530,0,7,7,0
560.915,0.3549,0,7,7,0
560.944,0.3563,0,7,7,0
560.981,0.3577,0,7,7,0
561.015,0.3582,0,7,7,0
561.046,0.3577,0,7,7,0
561.081,0.3568,0,7,7,0
561.104,0.3561,0,7,7,0
561.146,0.3558,0,7,7,0
561.179,0.3556,0,7,7,0
561.214,0.3555,0,7,7,0
561.245,0.3555,0,7,7,0
561.279,0.3547,0,7,7,0
561.313,0.3537,0,7,7,0
561.347,0.3514,0,7,7,0
561.379,0.3485,0,7,7,0
561.414,0.3446,0,7,7,0
561.447,0.3466,0,7,7,0
561.482,0.3487,0,7,7,0
561.512,0.3487,0,7,7,0
561.546,0.3486,0,7,7,0
561.579,0.3485,0,7,7,0
561.612,0.3484,0,7,7,0
561.647,0.3484,0,7,7,0
561.680,0.3483,0,7,7,0
561.713,0.3483,0,7,7,0
561.746,0.3482,0,7,7,0
561.781,0.3482,0,7,7,0
561.814,0.3481,0,7,7,0
561.848,0.3481,0,7,7,0
561.877,0.3488,0,7,7,0
561.914,0.3520,0,7,7,0
561.948,0.3548,0,7,7,0
561.979,0.3583,0,7,7,0
562.015,0.3619,0,7,7,0
562.048,0.3646,0,7,7,0
562.081,0.3664,0,7,7,0
562.115,0.3678,0,7,7,0
562.144,0.3692,0,7,7,0
562.179,0.3691,0,7,7,0
562.214,0.3690,0,7,7,0
562.246,0.3689,0,7,7,0
562.277,0.3689,0,7,7,0
562.313,0.3730,0,7,7,0
562.347,0.3771,0,7,7,0
562.379,0.3826,0,7,7,0
562.411,0.3871,0,7,7,0
562.447,0.3914,0,7,7,0
562.480,0.3945,0,7,7,0
562.511,0.3966,0,7,7,0
562.546,0.3981,0,7,7,0
562.582,0.3980,0,7,7,0
562.611,0.3980,0,7,7,0
562.653,0.3818,0,7,7,0
562.681,0.3858,0,7,7,0
562.713,0.3899,0,7,7,0
562.747,0.3933,0,7,7,0
562.781,0.3957,0,7,7,0
562.814,0.3972,0,7,7,0
562.846,0.3981,0,7,7,0
562.878,0.3983,0,7,7,0
562.915,0.3983,0,7,7,0
562.945,0.3982,0,7,7,0
562.979,0.3982,0,7,7,0
563.015,0.3982,0,7,7,0
563.047,0.3982,0,7,7,0
563.077,0.3982,0,7,7,0
563.113,0.3981,0,7,7,0
563.146,0.3981,0,7,7,0
563.182,0.3981,0,7,7,0
563.213,0.3981,0,7,7,0
563.245,0.3981,0,7,7,0
563.282,0.3977,0,7,7,0
563.314,0.3968,0,7,7,0
563.347,0.3953,0,7,7,0
563.379,0.3933,0,7,7,0
563.411,0.3926,0,7,7,0
563.447,0.3926,0,7,7,0
563.479,0.3926,0,7,7,0
563.514,0.3926,0,7,7,0
563.548,0.3926,0,7,7,0
563.582,0.3926,0,7,7,0
563.610,0.3920,0,7,7,0
563.646,0.3898,0,7,7,0
563.679,0.3856,0,7,7,0
563.715,0.3802,0,7,7,0
563.745,0.3748,0,7,7,0
563.777,0.3685,0,7,7,0
563.815,0.3665,0,7,7,0
563.847,0.3645,0,7,7,0
563.881,0.3615,0,7,7,0
563.923,0.3567,0,7,7,0
563.944,0.3538,0,7,7,0
563.981,0.3480,0,7,7,0
564.015,0.3418,0,7,7,0
564.045,0.3424,0,7,7,0
564.078,0.3459,0,7,7,0
564.113,0.3487,0,7,7,0
564.146,0.3507,0,7,7,0
564.179,0.3519,0,7,7,0
564.213,0.3523,0,7,7,0
564.247,0.3520,0,7,7,0
564.278,0.3509,0,7,7,0
564.313,0.3490,0,7,7,0
564.348,0.3462,0,7,7,0
564.380,0.3429,0,7,7,0
564.413,0.3389,0,7,7,0
564.446,0.3396,0,7,7,0
564.482,0.3477,0,7,7,0
564.515,0.3545,0,7,7,0
564.547,0.3603,0,7,7,0
564.578,0.3654,0,7,7,0
564.612,0.3700,0,7,7,0
564.644,0.3736,0,7,7,0
564.678,0.3766,0,7,7,0
564.712,0.3788,0,7,7,0
564.744,0.3801,0,7,7,0
564.782,0.3818,0,7,7,0
564.812,0.3857,0,7,7,0
564.846,0.3893,0,7,7,0
564.879,0.3920,0,7,7,0
564.913,0.3938,0,7,7,0
564.946,0.3948,0,7,7,0
564.979,0.3949,0,7,7,0
565.012,0.3942,0,7,7,0
565.045,0.3926,0,7,7,0
565.082,0.3899,0,7,7,0
565.112,0.3869,0,7,7,0
565.143,0.3833,0,7,7,0
565.179,0.3779,0,7,7,0
565.204,0.3737,0,7,7,0
565.247,0.3654,0,7,7,0
565.280,0.3582,0,7,7,0
565.314,0.3497,0,7,7,0
565.345,0.3468,0,7,7,0
565.378,0.3522,0,7,7,0
565.412,0.3570,0,7,7,0
565.444,0.3609,0,7,7,0
565.478,0.3670,0,7,7,0
565.512,0.3735,0,7,7,0
565.547,0.3793,0,7,7,0
565.578,0.3836,0,7,7,0
565.611,0.3875,0,7,7,0
565.648,0.3909,0,7,7,0
565.679,0.3929,0,7,7,0
565.710,0.3942,0,7,7,0
565.748,0.3947,0,7,7,0
565.782,0.3946,0,7,7,0
565.811,0.3943,0,7,7,0
565.847,0.3940,0,7,7,0
565.880,0.3937,0,7,7,0
565.913,0.3935,0,7,7,0
565.947,0.3934,0,7,7,0
565.980,0.3933,0,7,7,0
566.013,0.3932,0,7,7,0
566.047,0.3920,0,7,7,0
566.079,0.3905,0,7,7,0
566.113,0.3881,0,7,7,0
566.148,0.3852,0,7,7,0
566.180,0.3818,0,7,7,0
566.213,0.3783,0,7,7,0
566.246,0.3783,0,7,7,0
566.279,0.3783,0,7,7,0
566.313,0.3928,0,7,7,0
566.346,0.3923,0,7,7,0
566.377,0.3920,0,7,7,0
566.414,0.3916,0,7,7,0
566.444,0.3914,0,7,7,0
566.480,0.3914,0,7,7,0
566.512,0.3914,0,7,7,0
566.546,0.3914,0,7,7,0
566.580,0.3914,0,7,7,0
566.612,0.3914,0,7,7,0
566.646,0.3914,0,7,7,0
566.678,0.3914,0,7,7,0
566.714,0.3914,0,7,7,0
566.748,0.3910,0,7,7,0
566.777,0.3905,0,7,7,0
566.815,0.3894,0,7,7,0
566.844,0.3883,0,7,7,0
566.877,0.3867,0,7,7,0
566.912,0.3848,0,7,7,0
566.945,0.3829,0,7,7,0
566.977,0.3811,0,7,7,0
567.011,0.3794,0,7,7,0
567.049,0.3775,0,7,7,0
567.077,0.3760,0,7,7,0
567.111,0.3737,0,7,7,0
567.144,0.3709,0,7,7,0
567.177,0.3672,0,7,7,0
567.212,0.3642,0,7,7,0
567.245,0.3632,0,7,7,0
567.278,0.3627,0,7,7,0
567.311,0.3622,0,7,7,0
567.347,0.3616,0,7,7,0
567.380,0.3613,0,7,7,0
567.414,0.3612,0,7,7,0
567.446,0.3612,0,7,7,0
567.477,0.3612,0,7,7,0
567.514,0.3611,0,7,7,0
567.546,0.3611,0,7,7,0
567.578,0.3611,0,7,7,0
567.611,0.3611,0,7,7,0
567.647,0.3611,0,7,7,0
567.679,0.3611,0,7,7,0
567.713,0.3611,0,7,7,0
567.749,0.3614,0,7,7,0
567.777,0.3624,0,7,7,0
567.817,0.3643,0,7,7,0
567.845,0.3694,0,7,7,0
567.879,0.3755,0,7,7,0
567.914,0.3810,0,7,7,0
567.948,0.3854,0,7,7,0
567.978,0.3885,0,7,7,0
568.012,0.3912,0,7,7,0
568.045,0.3924,0,7,7,0
568.081,0.3928,0,7,7,0
568.115,0.3932,0,7,7,0
568.146,0.3935,0,7,7,0
568.180,0.3937,0,7,7,0
568.212,0.3942,0,7,7,0
568.244,0.3944,0,7,7,0
568.280,0.3941,0,7,7,0
568.313,0.3928,0,7,7,0
568.345,0.3909,0,7,7,0
568.377,0.3881,0,7,7,0
568.410,0.3844,0,7,7,0
568.446,0.3796,0,7,7,0
568.479,0.3743,0,7,7,0
568.512,0.3681,0,7,7,0
568.548,0.3609,0,7,7,0
568.578,0.3574,0,7,7,0
568.611,0.3530,0,7,7,0
568.648,0.3469,0,7,7,0
568.680,0.3487,0,7,7,0
568.712,0.3566,0,7,7,0
568.746,0.3641,0,7,7,0
568.779,0.3705,0,7,7,0
568.812,0.3763,0,7,7,0
568.845,0.3812,0,7,7,0
568.877,0.3852,0,7,7,0
568.903,0.3879,0,7,7,0
568.949,0.3904,0,7,7,0
568.970,0.3912,0,7,7,0
569.013,0.3920,0,7,7,0
569.045,0.3924,0,7,7,0
569.080,0.3927,0,7,7,0
569.112,0.3928,0,7,7,0
569.156,0.3929,0,7,7,0
569.178,0.3929,0,7,7,0
569.212,0.3929,0,7,7,0
569.247,0.3929,0,7,7,0
569.281,0.3929,0,7,7,0
569.312,0.3929,0,7,7,0
569.345,0.3929,0,7,7,0
569.379,0.3929,0,7,7,0
569.414,0.3929,0,7,7,0
569.443,0.3929,0,7,7,0
569.478,0.3929,0,7,7,0
569.514,0.3929,0,7,7,0
569.546,0.3929,0,7,7,0
569.580,0.3929,0,7,7,0
569.612,0.3929,0,7,7,0
569.644,0.3929,0,7,7,0
569.681,0.3923,0,7,7,0
569.716,0.3923,0,7,7,0
569.748,0.3923,0,7,7,0
569.779,0.3923,0,7,7,0
569.812,0.3923,0,7,7,0
569.845,0.3923,0,7,7,0
569.882,0.3923,0,7,7,0
569.915,0.3923,0,7,7,0
569.947,0.3923,0,7,7,0
569.980,0.3923,0,0,0,0
570.013,0.3923,0,0,0,0
570.047,0.3923,0,0,0,0
570.081,0.3923,0,0,0,0
570.111,0.3923,0,0,0,0
570.148,0.3923,0,0,0,0
570.181,0.3923,0,0,0,0
570.213,0.3923,0,0,0,0
570.245,0.3923,0,0,0,0
570.278,0.3923,0,0,0,0
570.311,0.3923,0,0,0,0
570.348,0.3923,0,0,0,0
570.381,0.3923,0,0,0,0
570.412,0.3923,0,0,0,0
570.447,0.3919,0,0,0,0
570.487,0.3908,0,0,0,0
570.514,0.3897,0,0,0,0
570.546,0.3880,0,7,7,0
570.579,0.3862,0,7,7,0
570.611,0.3862,0,7,7,0
570.645,0.3862,0,7,7,0
570.678,0.3862,0,7,7,0
570.714,0.3862,0,7,7,0
570.745,0.3862,0,7,7,0
570.780,0.3862,0,7,7,0
570.814,0.3862,0,7,7,0
570.847,0.3862,0,7,7,0
570.878,0.3862,0,7,7,0
570.915,0.3862,0,7,7,0
570.945,0.3862,0,7,7,0
570.981,0.3862,0,7,7,0
571.015,0.3862,0,7,7,0
571.045,0.3862,0,7,7,0
571.080,0.3862,0,7,7,0
571.113,0.3862,0,7,7,0
571.145,0.3862,0,7,7,0
571.181,0.3862,0,7,7,0
571.210,0.3862,0,7,7,0
571.247,0.3862,0,7,7,0
571.279,0.3862,0,7,7,0
571.313,0.3866,0,7,7,0
571.346,0.3872,0,7,7,0
571.378,0.3879,0,7,7,0
571.411,0.3887,0,7,7,0
571.444,0.3895,0,7,7,0
571.478,0.3902,0,7,7,0
571.511,0.3908,0,7,7,0
571.544,0.3911,0,7,7,0
571.577,0.3914,0,7,7,0
571.610,0.3914,0,0,0,0
571.646,0.3914,0,0,0,0
571.679,0.3914,0,0,0,0
571.713,0.3914,0,0,0,0
571.747,0.3914,0,0,0,0
571.776,0.3914,0,0,0,0
571.815,0.3914,0,0,0,0
571.846,0.3914,0,0,0,0
571.880,0.3914,0,0,0,0
571.915,0.3914,0,0,0,0
571.945,0.3914,0,0,0,0
571.978,0.3914,0,0,0,0
572.013,0.3914,0,0,0,0
572.047,0.3914,0,0,0,0
572.080,0.3914,0,0,0,0
572.113,0.3914,0,0,0,0
572.144,0.3914,0,0,0,0
572.177,0.3914,0,0,0,0
572.213,0.3914,0,0,0,0
572.246,0.3914,0,0,0,0
572.280,0.3914,0,0,0,0
572.313,0.3914,0,0,0,0
572.346,0.3914,0,0,0,0
572.377,0.3914,0,0,0,0
572.415,0.3914,0,0,0,0
572.445,0.3914,0,0,0,0
572.478,0.3914,0,0,0,0
572.512,0.3914,0,0,0,0
572.546,0.3914,0,0,0,0
572.578,0.3914,0,0,0,0
572.611,0.3914,0,0,0,0
572.644,0.3914,0,0,0,0
572.678,0.3915,0,0,0,0
572.713,0.3915,0,0,0,0
572.744,0.3915,0,0,0,0
572.782,0.3925,0,0,0,0
572.812,0.3933,0,0,0,0
572.844,0.3937,0,0,0,0
572.877,0.3932,0,0,0,0
572.913,0.3918,0,0,0,0
572.947,0.3895,0,7,7,0
572.977,0.3867,0,7,7,0
573.014,0.3824,0,7,7,0
573.047,0.3783,0,7,7,0
573.077,0.3778,0,7,7,0
573.112,0.3764,0,7,7,0
573.152,0.3736,0,7,7,0
573.179,0.3711,0,7,7,0
573.217,0.3667,0,7,7,0
573.245,0.3628,0,7,7,0
573.279,0.3573,0,7,7,0
573.314,0.3509,0,7,7,0
573.349,0.3436,0,7,7,0
573.381,0.3365,0,7,7,0
573.414,0.3365,0,7,7,0
573.448,0.3405,0,7,7,0
573.480,0.3435,0,7,7,0
573.510,0.3452,0,7,7,0
573.544,0.3466,0,7,7,0
573.582,0.3472,0,7,7,0
573.611,0.3475,0,7,7,0
573.647,0.3478,0,7,7,0
573.680,0.3480,0,7,7,0
573.715,0.3482,0,7,7,0
573.745,0.3482,0,7,7,0
573.777,0.3482,0,7,7,0
573.813,0.3482,0,7,7,0
573.848,0.3407,0,7,7,0
573.881,0.3438,0,7,7,0
573.913,0.3461,0,7,7,0
573.946,0.3477,0,7,7,0
573.978,0.3483,0,7,7,0
574.013,0.3487,0,7,7,0
574.047,0.3488,0,7,7,0
574.080,0.3488,0,7,7,0
574.113,0.3488,0,7,7,0
574.147,0.3488,0,7,7,0
574.179,0.3487,0,7,7,0
574.211,0.3485,0,7,7,0
574.248,0.3483,0,7,7,0
574.281,0.3478,0,7,7,0
574.313,0.3470,0,7,7,0
574.344,0.3459,0,7,7,0
574.380,0.3441,0,7,7,0
574.412,0.3419,0,7,7,0
574.443,0.3394,0,7,7,0
574.481,0.3375,0,7,7,0
574.513,0.3424,0,7,7,0
574.547,0.3471,0,7,7,0
574.581,0.3511,0,7,7,0
574.614,0.3542,0,7,7,0
574.647,0.3566,0,7,7,0
574.677,0.3577,0,7,7,0
574.712,0.3587,0,7,7,0
574.745,0.3594,0,7,7,0
574.782,0.3601,0,7,7,0
574.812,0.3605,0,7,7,0
574.848,0.3608,0,7,7,0
574.880,0.3611,0,7,7,0
574.912,0.3612,0,7,7,0
574.945,0.3614,0,7,7,0
574.977,0.3615,0,7,7,0
575.015,0.3616,0,7,7,0
575.048,0.3617,0,7,7,0
575.080,0.3617,0,7,7,0
575.112,0.3617,0,7,7,0
575.146,0.3617,0,7,7,0
575.179,0.3583,0,7,7,0
575.213,0.3583,0,7,7,0
575.247,0.3583,0,7,7,0
575.280,0.3583,0,7,7,0
575.314,0.3583,0,7,7,0
575.348,0.3583,0,7,7,0
575.381,0.3583,0,7,7,0
575.414,0.3583,0,7,7,0
575.449,0.3583,0,7,7,0
575.481,0.3583,0,7,7,0
575.514,0.3583,0,7,7,0
575.548,0.3583,0,7,7,0
575.580,0.3583,0,7,7,0
575.612,0.3583,0,7,7,0
575.644,0.3583,0,7,7,0
575.678,0.3583,0,7,7,0
575.712,0.3583,0,7,7,0
575.745,0.3583,0,7,7,0
575.780,0.3583,0,7,7,0
575.812,0.3583,0,7,7,0
575.853,0.3583,0,7,7,0
575.881,0.3583,0,7,7,0
575.915,0.3583,0,7,7,0
575.945,0.3583,0,7,7,0
575.980,0.3583,0,7,7,0
576.012,0.3583,0,7,7,0
576.046,0.3583,0,7,7,0
576.078,0.3583,0,7,7,0
576.112,0.3583,0,7,7,0
576.146,0.3583,0,7,7,0
576.181,0.3577,0,0,0,0
576.213,0.3562,0,7,7,0
576.248,0.3541,0,7,7,0
576.281,0.3515,0,7,7,0
576.315,0.3484,0,7,7,0
576.349,0.3449,0,7,7,0
576.382,0.3412,0,7,7,0
576.413,0.3392,0,7,7,0
576.446,0.3374,0,7,7,0
576.480,0.3365,0,7,7,0
576.512,0.3370,0,7,7,0
576.544,0.3372,0,7,7,0
576.581,0.3372,0,7,7,0
576.614,0.3372,0,7,7,0
576.648,0.3372,0,7,7,0
576.679,0.3372,0,7,7,0
576.713,0.3372,0,7,7,0
576.745,0.3372,0,7,7,0
576.779,0.3372,0,7,7,0
576.813,0.3372,0,7,7,0
576.846,0.3372,0,7,7,0
576.881,0.3372,0,7,7,0
576.912,0.3372,0,7,7,0
576.948,0.3372,0,7,7,0
576.982,0.3372,0,7,7,0
577.014,0.3372,0,7,7,0
577.049,0.3372,0,7,7,0
577.077,0.3372,0,7,7,0
577.115,0.3372,0,7,7,0
577.148,0.3372,0,7,7,0
577.181,0.3372,0,7,7,0
577.213,0.3372,0,7,7,0
577.245,0.3372,0,7,7,0
577.280,0.3372,0,7,7,0
577.315,0.3372,0,7,7,0
577.345,0.3372,0,7,7,0
577.379,0.3372,0,7,7,0
577.414,0.3372,0,7,7,0
577.448,0.3372,0,0,0,0
577.481,0.3372,0,0,0,0
577.513,0.3372,0,0,0,0
577.544,0.3372,0,0,0,0
577.580,0.3372,0,0,0,0
577.611,0.3372,0,0,0,0
577.648,0.3372,0,0,0,0
577.681,0.3372,0,0,0,0
577.712,0.3372,0,0,0,0
577.744,0.3372,0,0,0,0
577.778,0.3372,0,0,0,0
577.815,0.3372,0,0,0,0
577.848,0.3372,0,0,0,0
577.880,0.3372,0,0,0,0
577.912,0.3372,0,0,0,0
577.946,0.3372,0,0,0,0
577.977,0.3372,0,0,0,0
578.014,0.3372,0,0,0,0
578.048,0.3372,0,0,0,0
578.079,0.3372,0,0,0,0
578.111,0.3372,0,0,0,0
578.148,0.3372,0,0,0,0
578.178,0.3372,0,0,0,0
578.211,0.3372,0,0,0,0
578.247,0.3372,0,0,0,0
578.282,0.3371,0,0,0,0
578.311,0.3371,0,0,0,0
578.347,0.3370,0,0,0,0
578.381,0.3368,0,0,0,0
578.413,0.3367,0,0,0,0
578.447,0.3366,0,0,0,0
578.478,0.3365,0,0,0,0
578.511,0.3364,0,0,0,0
578.548,0.3364,0,0,0,0
578.586,0.3364,0,0,0,0
578.614,0.3364,0,0,0,0
578.644,0.3364,0,0,0,0
578.682,0.3364,0,0,0,0
578.712,0.3364,0,0,0,0
578.744,0.3364,0,0,0,0
578.778,0.3364,0,0,0,0
578.814,0.3364,0,0,0,0
578.848,0.3364,0,0,0,0
578.880,0.3364,0,0,0,0
578.913,0.3364,0,0,0,0
578.944,0.3364,0,0,0,0
578.980,0.3364,0,0,0,0
579.014,0.3364,0,0,0,0
579.048,0.3364,0,0,0,0
579.080,0.3364,0,0,0,0
579.112,0.3364,0,0,0,0
579.146,0.3364,0,0,0,0
579.178,0.3364,0,0,0,0
579.214,0.3364,0,0,0,0
579.247,0.3364,0,0,0,0
579.280,0.3364,0,0,0,0
579.313,0.3364,0,0,0,0
579.345,0.3364,0,0,0,0
579.382,0.3364,0,0,0,0
579.412,0.3364,0,0,0,0
579.444,0.3364,0,0,0,0
579.481,0.3364,0,0,0,0
579.514,0.3364,0,0,0,0
579.547,0.3364,0,0,0,0
579.581,0.3364,0,0,0,0
579.615,0.3364,0,0,0,0
579.647,0.3364,0,0,0,0
579.677,0.3364,0,0,0,0
579.715,0.3364,0,0,0,0
579.748,0.3364,0,0,0,0
579.780,0.3364,0,0,0,0
579.812,0.3364,0,0,0,0
579.844,0.3364,0,0,0,0
579.881,0.3364,0,0,0,0
579.910,0.3364,0,0,0,0
579.946,0.3364,0,0,0,0
579.978,0.3371,0,0,0,0
580.013,0.3403,0,7,7,0
580.047,0.3435,0,7,7,0
580.082,0.3461,0,7,7,0
580.112,0.3476,0,7,7,0
580.148,0.3486,0,7,7,0
580.178,0.3488,0,7,7,0
580.211,0.3484,0,7,7,0
580.244,0.3477,0,7,7,0
580.279,0.3473,0,7,7,0
580.311,0.3471,0,7,7,0
580.344,0.3469,0,7,7,0
580.380,0.3469,0,7,7,0
580.414,0.3469,0,7,7,0
580.444,0.3469,0,7,7,0
580.481,0.3469,0,7,7,0
580.515,0.3469,0,7,7,0
580.548,0.3462,0,7,7,0
580.580,0.3455,0,7,7,0
580.611,0.3438,0,7,7,0
580.644,0.3415,0,7,7,0
580.679,0.3382,0,7,7,0
580.715,0.3365,0,7,7,0
580.747,0.3390,0,7,7,0
580.779,0.3450,0,7,7,0
580.813,0.3484,0,7,7,0
580.846,0.3498,0,7,7,0
580.877,0.3507,0,7,7,0
580.915,0.3514,0,7,7,0
580.946,0.3519,0,7,7,0
580.981,0.3526,0,7,7,0
581.013,0.3551,0,7,7,0
581.046,0.3595,0,7,7,0
581.079,0.3637,0,7,7,0
581.113,0.3676,0,7,7,0
581.146,0.3712,0,7,7,0
581.178,0.3742,0,7,7,0
581.213,0.3758,0,7,7,0
581.246,0.3768,0,7,7,0
581.277,0.3772,0,7,7,0
581.314,0.3776,0,7,7,0
581.344,0.3777,0,7,7,0
581.391,0.3778,0,7,7,0
581.413,0.3778,0,7,7,0
581.447,0.3778,0,7,7,0
581.481,0.3778,0,7,7,0
581.512,0.3778,0,7,7,0
581.546,0.3778,0,7,7,0
581.580,0.3778,0,7,7,0
581.613,0.3778,0,7,7,0
581.646,0.3778,0,7,7,0
581.679,0.3759,0,7,7,0
581.712,0.3736,0,7,7,0
581.747,0.3702,0,7,7,0
581.781,0.3661,0,7,7,0
581.815,0.3612,0,7,7,0
581.847,0.3558,0,7,7,0
581.878,0.3499,0,7,7,0
581.910,0.3430,0,7,7,0
581.947,0.3368,0,7,7,0
581.980,0.3375,0,7,7,0
582.013,0.3412,0,7,7,0
582.046,0.3441,0,7,7,0
582.078,0.3463,0,7,7,0
582.115,0.3480,0,7,7,0
582.148,0.3488,0,7,7,0
582.177,0.3488,0,7,7,0
582.210,0.3481,0,7,7,0
582.247,0.3465,0,7,7,0
582.277,0.3445,0,7,7,0
582.311,0.3415,0,7,7,0
582.348,0.3372,0,7,7,0
582.382,0.3412,0,7,7,0
582.413,0.3447,0,7,7,0
582.449,0.3483,0,7,7,0
582.477,0.3496,0,7,7,0
582.511,0.3509,0,7,7,0
582.546,0.3522,0,7,7,0
582.579,0.3531,0,7,7,0
582.613,0.3540,0,7,7,0
582.644,0.3548,0,7,7,0
582.678,0.3557,0,7,7,0
582.712,0.3568,0,7,7,0
582.743,0.3587,0,7,7,0
582.776,0.3605,0,7,7,0
582.811,0.3622,0,7,7,0
582.845,0.3635,0,7,7,0
582.880,0.3656,0,7,7,0
582.915,0.3705,0,7,7,0
582.945,0.3744,0,7,7,0
582.977,0.3779,0,7,7,0
583.010,0.3811,0,7,7,0
583.048,0.3826,0,7,7,0
583.082,0.3826,0,7,7,0
583.112,0.3826,0,7,7,0
583.149,0.3632,0,7,7,0
583.177,0.3634,0,7,7,0
583.211,0.3634,0,7,7,0
583.248,0.3634,0,7,7,0
583.281,0.3634,0,7,7,0
583.315,0.3634,0,7,7,0
583.344,0.3634,0,7,7,0
583.380,0.3634,0,7,7,0
583.413,0.3634,0,7,7,0
583.446,0.3634,0,7,7,0
583.478,0.3630,0,7,7,0
583.515,0.3617,0,7,7,0
583.545,0.3604,0,7,7,0
583.582,0.3580,0,7,7,0
583.615,0.3552,0,7,7,0
583.644,0.3523,0,7,7,0
583.682,0.3484,0,7,7,0
583.712,0.3463,0,7,7,0
583.746,0.3444,0,7,7,0
583.778,0.3440,0,7,7,0
583.815,0.3437,0,7,7,0
583.848,0.3437,0,7,7,0
583.879,0.3437,0,7,7,0
583.913,0.3437,0,7,7,0
583.946,0.3437,0,7,7,0
583.977,0.3437,0,7,7,0
584.011,0.3437,0,7,7,0
584.044,0.3437,0,7,7,0
584.078,0.3437,0,7,7,0
584.111,0.3437,0,7,7,0
584.148,0.3437,0,7,7,0
584.179,0.3437,0,7,7,0
584.210,0.3437,0,7,7,0
584.248,0.3437,0,7,7,0
584.278,0.3437,0,7,7,0
584.313,0.3437,0,7,7,0
584.345,0.3437,0,7,7,0
584.379,0.3437,0,7,7,0
584.413,0.3437,0,7,7,0
584.447,0.3437,0,7,7,0
584.478,0.3437,0,7,7,0
584.513,0.3437,0,7,7,0
584.548,0.3437,0,7,7,0
584.581,0.3437,0,7,7,0
584.610,0.3437,0,7,7,0
584.643,0.3437,0,7,7,0
584.677,0.3437,0,7,7,0
584.712,0.3437,0,7,7,0
584.746,0.3437,0,0,0,0
584.779,0.3437,0,0,0,0
584.813,0.3437,0,0,0,0
584.846,0.3437,0,0,0,0
584.882,0.3437,0,0,0,0
584.913,0.3437,0,0,0,0
584.946,0.3437,0,0,0,0
584.979,0.3437,0,0,0,0
585.012,0.3437,0,0,0,0
585.047,0.3437,0,0,0,0
585.079,0.3437,0,0,0,0
585.111,0.3437,0,0,0,0
585.148,0.3437,0,0,0,0
585.180,0.3437,0,0,0,0
585.215,0.3437,0,0,0,0
585.251,0.3437,0,0,0,0
585.280,0.3437,0,0,0,0
585.311,0.3437,0,0,0,0
585.348,0.3437,0,0,0,0
585.380,0.3437,0,0,0,0
585.416,0.3437,0,0,0,0
585.445,0.3437,0,0,0,0
585.483,0.3437,0,0,0,0
585.510,0.3437,0,0,0,0
585.547,0.3437,0,0,0,0
585.578,0.3437,0,0,0,0
585.615,0.3437,0,0,0,0
585.645,0.3437,0,0,0,0
585.678,0.3437,0,0,0,0
585.715,0.3438,0,0,0,0
585.743,0.3438,0,0,0,0
585.776,0.3439,0,0,0,0
585.814,0.3441,0,0,0,0
585.843,0.3442,0,0,0,0
585.881,0.3444,0,0,0,0
585.912,0.3447,0,0,0,0
585.948,0.3449,0,0,0,0
585.979,0.3452,0,0,0,0
586.016,0.3455,0,0,0,0
586.049,0.3457,0,0,0,0
586.077,0.3460,0,0,0,0
586.113,0.3462,0,0,0,0
586.144,0.3463,0,0,0,0
586.179,0.3464,0,0,0,0
586.212,0.3465,0,0,0,0
586.245,0.3465,0,0,0,0
586.279,0.3465,0,0,0,0
586.313,0.3465,0,0,0,0
586.344,0.3465,0,0,0,0
586.377,0.3464,0,0,0,0
586.414,0.3462,0,0,0,0
586.444,0.3462,0,0,0,0
586.476,0.3460,0,0,0,0
586.515,0.3459,0,0,0,0
586.547,0.3458,0,0,0,0
586.579,0.3457,0,0,0,0
586.614,0.3455,0,0,0,0
586.644,0.3454,0,0,0,0
586.682,0.3453,0,0,0,0
586.713,0.3452,0,0,0,0
586.749,0.3451,0,0,0,0
586.779,0.3460,0,0,0,0
586.811,0.3471,0,0,0,0
586.846,0.3490,0,7,7,0
586.880,0.3513,0,7,7,0
586.911,0.3530,0,7,7,0
586.946,0.3559,0,7,7,0
586.979,0.3589,0,7,7,0
587.013,0.3622,0,7,7,0
587.046,0.3638,0,7,7,0
587.080,0.3670,0,7,7,0
587.112,0.3701,0,7,7,0
587.144,0.3715,0,7,7,0
587.177,0.3724,0,7,7,0
587.212,0.3708,0,7,7,0
587.245,0.3690,0,7,7,0
587.288,0.3640,0,7,7,0
587.311,0.3608,0,7,7,0
587.345,0.3534,0,7,7,0
587.380,0.3452,0,7,7,0
587.411,0.3411,0,7,7,0
587.447,0.3390,0,7,7,0
587.481,0.3387,0,7,7,0
587.514,0.3357,0,7,7,0
587.548,0.3449,0,7,7,0
587.577,0.3534,0,7,7,0
587.611,0.3630,0,7,7,0
587.648,0.3730,0,7,7,0
587.678,0.3801,0,7,7,0
587.711,0.3849,0,7,7,0
587.744,0.3866,0,7,7,0
587.779,0.3882,0,7,7,0
587.813,0.3882,0,7,7,0
587.843,0.3882,0,7,7,0
587.880,0.3885,0,7,7,0
587.914,0.3887,0,7,7,0
587.947,0.3888,0,7,7,0
587.979,0.3879,0,7,7,0
588.011,0.3850,0,7,7,0
588.048,0.3792,0,7,7,0
588.082,0.3705,0,7,7,0
588.111,0.3625,0,7,7,0
588.146,0.3518,0,7,7,0
588.180,0.3411,0,7,7,0
588.212,0.3401,0,7,7,0
588.244,0.3454,0,7,7,0
588.277,0.3503,0,7,7,0
588.311,0.3545,0,7,7,0
588.348,0.3582,0,7,7,0
588.382,0.3607,0,7,7,0
588.411,0.3622,0,7,7,0
588.444,0.3631,0,7,7,0
588.481,0.3638,0,7,7,0
588.511,0.3659,0,7,7,0
588.547,0.3674,0,7,7,0
588.580,0.3688,0,7,7,0
588.612,0.3701,0,7,7,0
588.645,0.3707,0,7,7,0
588.681,0.3707,0,7,7,0
588.720,0.3698,0,7,7,0
588.747,0.3691,0,7,7,0
588.778,0.3687,0,7,7,0
588.813,0.3682,0,7,7,0
588.845,0.3678,0,7,7,0
588.878,0.3676,0,7,7,0
588.911,0.3673,0,7,7,0
588.948,0.3668,0,7,7,0
588.978,0.3667,0,7,7,0
589.014,0.3729,0,7,7,0
589.044,0.3776,0,7,7,0
589.079,0.3825,0,7,7,0
589.113,0.3865,0,7,7,0
589.147,0.3886,0,7,7,0
589.180,0.3894,0,7,7,0
589.215,0.3901,0,7,7,0
589.248,0.3907,0,7,7,0
589.281,0.3911,0,7,7,0
589.315,0.3914,0,7,7,0
589.348,0.3916,0,7,7,0
589.379,0.3918,0,7,7,0
589.413,0.3918,0,7,7,0
589.446,0.3918,0,7,7,0
589.478,0.3918,0,7,7,0
589.512,0.3845,0,7,7,0
589.545,0.3845,0,7,7,0
589.578,0.3845,0,7,7,0
589.612,0.3845,0,7,7,0
589.646,0.3846,0,7,7,0
589.678,0.3846,0,7,7,0
589.712,0.3846,0,7,7,0
589.745,0.3846,0,7,7,0
589.781,0.3846,0,7,7,0
589.814,0.3846,0,7,7,0
589.848,0.3846,0,7,7,0
589.880,0.3846,0,7,7,0
589.913,0.3846,0,7,7,0
589.946,0.3846,0,7,7,0
589.978,0.3847,0,7,7,0
590.012,0.3847,0,7,7,0
590.046,0.3847,0,7,7,0
590.079,0.3847,0,7,7,0
590.113,0.3847,0,7,7,0
590.146,0.3847,0,7,7,0
590.178,0.3847,0,7,7,0
590.213,0.3847,0,7,7,0
590.243,0.3847,0,7,7,0
590.279,0.3848,0,7,7,0
590.312,0.3848,0,7,7,0
590.346,0.3848,0,7,7,0
590.379,0.3848,0,7,7,0
590.413,0.3848,0,7,7,0
590.445,0.3848,0,7,7,0
590.481,0.3848,0,7,7,0
590.515,0.3848,0,0,0,0
590.544,0.3848,0,0,0,0
590.581,0.3849,0,0,0,0
590.610,0.3849,0,0,0,0
590.644,0.3849,0,0,0,0
590.682,0.3849,0,0,0,0
590.714,0.3849,0,0,0,0
590.747,0.3849,0,0,0,0
590.778,0.3849,0,0,0,0
590.811,0.3849,0,0,0,0
590.846,0.3850,0,0,0,0
590.881,0.3850,0,0,0,0
590.911,0.3850,0,0,0,0
590.948,0.3850,0,0,0,0
590.979,0.3850,0,0,0,0
591.012,0.3850,0,0,0,0
591.047,0.3850,0,0,0,0
591.078,0.3850,0,0,0,0
591.112,0.3851,0,0,0,0
591.148,0.3851,0,0,0,0
591.180,0.3851,0,0,0,0
591.215,0.3851,0,0,0,0
591.244,0.3851,0,0,0,0
591.281,0.3851,0,0,0,0
591.313,0.3851,0,0,0,0
591.346,0.3851,0,0,0,0
591.380,0.3852,0,0,0,0
591.413,0.3852,0,0,0,0
591.446,0.3852,0,0,0,0
591.478,0.3852,0,0,0,0
591.511,0.3852,0,0,0,0
591.548,0.3852,0,0,0,0
591.572,0.3852,0,0,0,0
591.612,0.3853,0,0,0,0
591.644,0.3853,0,0,0,0
591.678,0.3853,0,0,0,0
591.714,0.3853,0,0,0,0
591.745,0.3853,0,0,0,0
591.777,0.3853,0,0,0,0
591.810,0.3854,0,0,0,0
591.848,0.3854,0,0,0,0
591.877,0.3854,0,0,0,0
591.913,0.3854,0,0,0,0
591.945,0.3854,0,0,0,0
591.981,0.3854,0,0,0,0
592.010,0.3855,0,0,0,0
592.044,0.3855,0,0,0,0
592.078,0.3855,0,0,0,0
592.111,0.3855,0,0,0,0
592.149,0.3855,0,0,0,0
592.177,0.3855,0,0,0,0
592.215,0.3856,0,0,0,0
592.246,0.3856,0,0,0,0
592.278,0.3856,0,0,0,0
592.313,0.3856,0,0,0,0
592.346,0.3856,0,0,0,0
592.378,0.3857,0,0,0,0
592.411,0.3857,0,0,0,0
592.445,0.3857,0,0,0,0
592.479,0.3857,0,0,0,0
592.513,0.3857,0,0,0,0
592.546,0.3857,0,0,0,0
592.578,0.3858,0,0,0,0
592.612,0.3858,0,0,0,0
592.646,0.3858,0,0,0,0
592.679,0.3858,0,0,0,0
592.713,0.3858,0,0,0,0
592.747,0.3859,0,0,0,0
592.779,0.3859,0,0,0,0
592.810,0.3859,0,0,0,0
592.847,0.3859,0,0,0,0
592.879,0.3859,0,0,0,0
592.911,0.3859,0,0,0,0
592.945,0.3860,0,0,0,0
592.978,0.3860,0,0,0,0
593.013,0.3860,0,0,0,0
593.044,0.3860,0,0,0,0
593.079,0.3861,0,0,0,0
593.115,0.3861,0,0,0,0
593.144,0.3861,0,0,0,0
593.178,0.3861,0,0,0,0
593.213,0.3861,0,0,0,0
593.248,0.3861,0,0,0,0
593.281,0.3862,0,0,0,0
593.311,0.3862,0,0,0,0
593.346,0.3862,0,0,0,0
593.380,0.3862,0,0,0,0
593.414,0.3863,0,0,0,0
593.444,0.3863,0,0,0,0
593.480,0.3863,0,0,0,0
593.511,0.3863,0,0,0,0
593.548,0.3863,0,0,0,0
593.582,0.3864,0,0,0,0
593.615,0.3864,0,0,0,0
593.647,0.3864,0,0,0,0
593.679,0.3864,0,0,0,0
593.713,0.3864,0,0,0,0
593.746,0.3865,0,0,0,0
593.779,0.3865,0,0,0,0
593.812,0.3858,0,0,0,0
593.848,0.3827,0,7,7,0
593.882,0.3782,0,7,7,0
593.911,0.3758,0,7,7,0
593.948,0.3716,0,7,7,0
593.981,0.3697,0,7,7,0
594.012,0.3697,0,7,7,0
594.048,0.3703,0,7,7,0
594.082,0.3724,0,7,7,0
594.114,0.3754,0,7,7,0
594.146,0.3772,0,7,7,0
594.181,0.3810,0,7,7,0
594.212,0.3849,0,7,7,0
594.247,0.3868,0,7,7,0
594.281,0.3905,0,7,7,0
594.312,0.3938,0,7,7,0
594.349,0.3952,0,7,7,0
594.381,0.3975,0,7,7,0
594.415,0.3994,0,7,7,0
594.444,0.4002,0,7,7,0
594.481,0.4016,0,7,7,0
594.515,0.4026,0,7,7,0
594.545,0.4030,0,7,7,0
594.577,0.4037,0,7,7,0
594.613,0.4041,0,7,7,0
594.649,0.4042,0,7,7,0
594.679,0.4044,0,7,7,0
594.713,0.4044,0,7,7,0
594.746,0.4044,0,7,7,0
594.781,0.4042,0,7,7,0
594.812,0.4040,0,7,7,0
594.845,0.4038,0,7,7,0
594.879,0.4035,0,7,7,0
594.913,0.4031,0,7,7,0
594.945,0.4029,0,7,7,0
594.979,0.4025,0,7,7,0
595.011,0.4023,0,7,7,0
595.044,0.4019,0,7,7,0
595.079,0.4015,0,7,7,0
595.113,0.4011,0,7,7,0
595.145,0.4009,0,7,7,0
595.177,0.4005,0,7,7,0
595.211,0.4003,0,7,7,0
595.246,0.4000,0,7,7,0
595.279,0.3997,0,7,7,0
595.314,0.3994,0,7,7,0
595.343,0.3992,0,7,7,0
595.378,0.3989,0,7,7,0
595.410,0.3988,0,7,7,0
595.444,0.3985,0,0,0,0
595.481,0.3983,0,0,0,0
595.513,0.3981,0,0,0,0
595.544,0.3980,0,0,0,0
595.579,0.3978,0,0,0,0
595.615,0.3976,0,0,0,0
595.645,0.3975,0,0,0,0
595.677,0.3973,0,0,0,0
595.711,0.3973,0,0,0,0
595.745,0.3971,0,0,0,0
595.777,0.3969,0,0,0,0
595.811,0.3969,0,0,0,0
595.844,0.3967,0,0,0,0
595.877,0.3966,0,0,0,0
595.912,0.3965,0,0,0,0
595.948,0.3964,0,0,0,0
595.979,0.3963,0,0,0,0
596.014,0.3962,0,0,0,0
596.045,0.3961,0,0,0,0
596.080,0.3960,0,0,0,0
596.114,0.3960,0,0,0,0
596.148,0.3959,0,0,0,0
596.180,0.3958,0,0,0,0
596.213,0.3957,0,0,0,0
596.246,0.3957,0,0,0,0
596.278,0.3956,0,0,0,0
596.315,0.3956,0,0,0,0
596.348,0.3955,0,0,0,0
596.380,0.3955,0,0,0,0
596.411,0.3954,0,0,0,0
596.448,0.3954,0,0,0,0
596.477,0.3953,0,0,0,0
596.515,0.3952,0,0,0,0
596.547,0.3952,0,0,0,0
596.578,0.3955,0,0,0,0
596.611,0.3960,0,0,0,0
596.646,0.3973,0,0,0,0
596.678,0.3984,0,0,0,0
596.718,0.3996,0,0,0,0
596.745,0.4001,0,0,0,0
596.778,0.4004,0,0,0,0
596.814,0.4003,0,0,0,0
596.846,0.4011,0,0,0,0
596.880,0.4018,0,0,0,0
596.910,0.4022,0,0,0,0
596.945,0.4023,0,0,0,0
596.979,0.4024,0,0,0,0
597.014,0.4024,0,0,0,0
597.044,0.4025,0,0,0,0
597.077,0.4046,0,7,7,0
597.112,0.4081,0,7,7,0
597.147,0.4113,0,7,7,0
597.180,0.4140,0,7,7,0
597.215,0.4161,0,7,7,0
597.249,0.4175,0,7,7,0
597.280,0.4180,0,7,7,0
597.313,0.4181,0,7,7,0
597.345,0.4181,0,7,7,0
597.378,0.4181,0,7,7,0
597.411,0.4180,0,7,7,0
597.447,0.4179,0,7,7,0
597.479,0.4179,0,7,7,0
597.515,0.4178,0,7,7,0
597.549,0.4172,0,7,7,0
597.580,0.4165,0,7,7,0
597.613,0.4152,0,7,7,0
597.647,0.4135,0,7,7,0
597.679,0.4115,0,7,7,0
597.711,0.4091,0,7,7,0
597.747,0.4076,0,7,7,0
597.781,0.4063,0,7,7,0
597.814,0.4054,0,7,7,0
597.844,0.4048,0,7,7,0
597.882,0.4046,0,7,7,0
597.911,0.4045,0,7,7,0
597.947,0.4045,0,7,7,0
597.985,0.4045,0,7,7,0
598.012,0.4045,0,7,7,0
598.054,0.4045,0,7,7,0
598.077,0.4045,0,7,7,0
598.115,0.4044,0,7,7,0
598.145,0.4044,0,7,7,0
598.179,0.4044,0,7,7,0
598.215,0.4044,0,7,7,0
598.245,0.4044,0,7,7,0
598.281,0.4044,0,7,7,0
598.315,0.4044,0,7,7,0
598.344,0.4044,0,7,7,0
598.382,0.4043,0,7,7,0
598.414,0.4043,0,7,7,0
598.447,0.4043,0,7,7,0
598.479,0.4043,0,7,7,0
598.512,0.4043,0,7,7,0
598.546,0.4043,0,7,7,0
598.579,0.4042,0,7,7,0
598.611,0.4042,0,7,7,0
598.645,0.4042,0,7,7,0
598.679,0.4042,0,7,7,0
598.712,0.4042,0,7,7,0
598.744,0.4042,0,7,7,0
598.777,0.4042,0,0,0,0
598.810,0.4041,0,0,0,0
598.847,0.4041,0,0,0,0
598.881,0.4041,0,0,0,0
598.914,0.4026,0,7,7,0
598.946,0.4007,0,7,7,0
598.977,0.3970,0,7,7,0
599.012,0.3922,0,7,7,0
599.046,0.3870,0,7,7,0
599.081,0.3809,0,7,7,0
599.115,0.3747,0,7,7,0
599.145,0.3716,0,7,7,0
599.182,0.3684,0,7,7,0
599.210,0.3693,0,7,7,0
599.247,0.3704,0,7,7,0
599.281,0.3710,0,7,7,0
599.312,0.3715,0,7,7,0
599.343,0.3719,0,7,7,0
599.381,0.3729,0,7,7,0
599.414,0.3756,0,7,7,0
599.448,0.3787,0,7,7,0
599.482,0.3819,0,7,7,0
599.513,0.3846,0,7,7,0
599.544,0.3875,0,7,7,0
599.583,0.3941,0,7,7,0
599.613,0.3984,0,7,7,0
599.646,0.4011,0,7,7,0
599.679,0.4030,0,7,7,0
599.714,0.4045,0,7,7,0
599.744,0.4057,0,7,7,0
599.776,0.4065,0,7,7,0
599.810,0.4071,0,7,7,0
599.844,0.4076,0,7,7,0
599.879,0.4081,0,7,7,0
599.913,0.4081,0,7,7,0
599.946,0.4081,0,7,7,0
599.977,0.4082,0,7,7,0
600.011,0.3979,0,7,7,0
600.049,0.4013,0,7,7,0
600.080,0.4041,0,7,7,0
600.111,0.4067,0,7,7,0
600.144,0.4092,0,7,7,0
600.179,0.4102,0,7,7,0
600.211,0.4109,0,7,7,0
600.249,0.4112,0,7,7,0
600.280,0.4114,0,7,7,0
600.310,0.4114,0,7,7,0
600.344,0.4114,0,7,7,0
600.377,0.4114,0,7,7,0
600.411,0.4114,0,7,7,0
600.448,0.4114,0,7,7,0
600.479,0.4114,0,7,7,0
600.510,0.4114,0,7,7,0
600.546,0.4115,0,7,7,0
600.582,0.4115,0,7,7,0
600.611,0.4115,0,7,7,0
600.648,0.4115,0,7,7,0
600.678,0.4115,0,7,7,0
600.723,0.4115,0,7,7,0
600.744,0.4115,0,7,7,0
600.778,0.4115,0,7,7,0
600.811,0.4115,0,7,7,0
600.845,0.4115,0,7,7,0
600.881,0.4115,0,7,7,0
600.913,0.4115,0,7,7,0
600.946,0.4116,0,7,7,0
600.981,0.4116,0,7,7,0
601.015,0.4116,0,7,7,0
601.044,0.4116,0,7,7,0
601.077,0.4116,0,7,7,0
601.113,0.4115,0,7,7,0
601.144,0.4115,0,7,7,0
601.181,0.4111,0,0,0,0
601.213,0.4107,0,0,0,0
601.246,0.4104,0,0,0,0
601.278,0.4098,0,0,0,0
601.310,0.4095,0,0,0,0
601.347,0.4087,0,0,0,0
601.380,0.4080,0,0,0,0
601.410,0.4077,0,0,0,0
601.445,0.4070,0,0,0,0
601.482,0.4063,0,0,0,0
601.515,0.4057,0,0,0,0
601.547,0.4055,0,0,0,0
601.577,0.4049,0,0,0,0
601.612,0.4046,0,0,0,0
601.646,0.4040,0,0,0,0
601.680,0.4034,0,0,0,0
601.715,0.4030,0,0,0,0
601.748,0.4028,0,0,0,0
601.779,0.4027,0,0,0,0
601.814,0.4027,0,0,0,0
601.846,0.4028,0,0,0,0
601.877,0.4031,0,0,0,0
601.912,0.4033,0,0,0,0
601.944,0.4038,0,0,0,0
601.979,0.4043,0,0,0,0
602.015,0.4049,0,0,0,0
602.046,0.4052,0,0,0,0
602.084,0.4057,0,0,0,0
602.112,0.4063,0,0,0,0
602.147,0.4066,0,0,0,0
602.181,0.4071,0,0,0,0
602.213,0.4076,0,0,0,0
602.247,0.4078,0,0,0,0
602.279,0.4083,0,0,0,0
602.315,0.4088,0,0,0,0
602.344,0.4090,0,0,0,0
602.377,0.4094,0,0,0,0
602.413,0.4098,0,0,0,0
602.445,0.4100,0,0,0,0
602.478,0.4103,0,0,0,0
602.514,0.4106,0,0,0,0
602.549,0.4108,0,0,0,0
602.581,0.4111,0,0,0,0
602.614,0.4113,0,0,0,0
602.645,0.4114,0,0,0,0
602.682,0.4116,0,0,0,0
602.711,0.4117,0,0,0,0
602.746,0.4119,0,0,0,0
602.780,0.4121,0,0,0,0
602.816,0.4122,0,0,0,0
602.845,0.4123,0,0,0,0
602.881,0.4117,0,0,0,0
602.911,0.4101,0,7,7,0
602.948,0.4040,0,7,7,0
602.979,0.3934,0,7,7,0
603.012,0.3863,0,7,7,0
603.049,0.3692,0,7,7,0
603.077,0.3680,0,7,7,0
603.112,0.3672,0,7,7,0
603.144,0.3652,0,7,7,0
603.177,0.3630,0,7,7,0
603.211,0.3619,0,7,7,0
603.244,0.3595,0,7,7,0
603.277,0.3575,0,7,7,0
603.313,0.3561,0,7,7,0
603.346,0.3555,0,7,7,0
603.380,0.3547,0,7,7,0
603.416,0.3542,0,7,7,0
603.456,0.3539,0,7,7,0
603.478,0.3539,0,7,7,0
603.512,0.3539,0,7,7,0
603.546,0.3539,0,7,7,0
603.579,0.3543,0,7,7,0
603.613,0.3548,0,7,7,0
603.644,0.3552,0,7,7,0
603.680,0.3562,0,7,7,0
603.715,0.3576,0,7,7,0
603.745,0.3584,0,7,7,0
603.782,0.3599,0,7,7,0
603.812,0.3607,0,7,7,0
603.848,0.3623,0,7,7,0
603.882,0.3637,0,7,7,0
603.913,0.3650,0,7,7,0
603.947,0.3657,0,7,7,0
603.979,0.3668,0,7,7,0
604.013,0.3679,0,7,7,0
604.046,0.3684,0,7,7,0
604.077,0.3693,0,7,7,0
604.111,0.3698,0,7,7,0
604.148,0.3707,0,7,7,0
604.178,0.3715,0,7,7,0
604.212,0.3723,0,7,7,0
604.246,0.3727,0,7,7,0
604.278,0.3735,0,7,7,0
604.312,0.3739,0,7,7,0
604.347,0.3746,0,7,7,0
604.379,0.3754,0,7,7,0
604.411,0.3757,0,7,7,0
604.444,0.3764,0,7,7,0
604.481,0.3771,0,7,7,0
604.515,0.3778,0,7,7,0
604.546,0.3782,0,7,7,0
604.578,0.3788,0,7,7,0
604.614,0.3794,0,7,7,0
604.649,0.3797,0,7,7,0
604.679,0.3803,0,7,7,0
604.713,0.3809,0,7,7,0
604.745,0.3812,0,7,7,0
604.776,0.3817,0,7,7,0
604.820,0.3822,0,7,7,0
604.844,0.3824,0,7,7,0
604.879,0.3829,0,0,0,0
604.914,0.3833,0,0,0,0
604.945,0.3835,0,0,0,0
604.979,0.3839,0,0,0,0
605.014,0.3842,0,0,0,0
605.048,0.3844,0,0,0,0
605.077,0.3847,0,0,0,0
605.112,0.3850,0,0,0,0
605.146,0.3852,0,0,0,0
605.179,0.3854,0,0,0,0
605.215,0.3857,0,0,0,0
605.246,0.3858,0,0,0,0
605.282,0.3860,0,0,0,0
605.310,0.3861,0,0,0,0
605.344,0.3863,0,0,0,0
605.379,0.3865,0,0,0,0
605.411,0.3866,0,0,0,0
605.447,0.3868,0,0,0,0
605.479,0.3869,0,0,0,0
605.511,0.3870,0,0,0,0
605.546,0.3871,0,0,0,0
605.580,0.3872,0,0,0,0
605.614,0.3873,0,0,0,0
605.644,0.3874,0,0,0,0
605.680,0.3875,0,0,0,0
605.711,0.3875,0,0,0,0
605.749,0.3876,0,0,0,0
605.780,0.3877,0,0,0,0
605.813,0.3877,0,0,0,0
605.846,0.3878,0,0,0,0
605.879,0.3878,0,0,0,0
605.914,0.3879,0,0,0,0
605.945,0.3879,0,0,0,0
605.981,0.3879,0,0,0,0
606.013,0.3880,0,0,0,0
606.048,0.3880,0,0,0,0
606.078,0.3880,0,0,0,0
606.111,0.3880,0,0,0,0
606.144,0.3880,0,0,0,0
606.178,0.3881,0,0,0,0
606.212,0.3881,0,0,0,0
606.245,0.3881,0,0,0,0
606.280,0.3881,0,0,0,0
606.311,0.3881,0,0,0,0
606.346,0.3881,0,0,0,0
606.377,0.3881,0,0,0,0
606.414,0.3881,0,0,0,0
606.447,0.3881,0,0,0,0
606.481,0.3881,0,0,0,0
606.514,0.3881,0,0,0,0
606.548,0.3881,0,0,0,0
606.583,0.3881,0,0,0,0
606.616,0.3881,0,0,0,0
606.644,0.3881,0,0,0,0
606.677,0.3881,0,0,0,0
606.712,0.3881,0,0,0,0
606.749,0.3881,0,0,0,0
606.779,0.3881,0,0,0,0
606.814,0.3881,0,0,0,0
606.846,0.3881,0,0,0,0
606.879,0.3881,0,0,0,0
606.914,0.3881,0,0,0,0
606.944,0.3881,0,0,0,0
606.979,0.3881,0,0,0,0
607.011,0.3881,0,0,0,0
607.049,0.3881,0,0,0,0
607.079,0.3881,0,0,0,0
607.114,0.3881,0,0,0,0
607.145,0.3881,0,0,0,0
607.177,0.3881,0,0,0,0
607.213,0.3881,0,0,0,0
607.247,0.3881,0,0,0,0
607.280,0.3880,0,0,0,0
607.312,0.3880,0,0,0,0
607.348,0.3880,0,0,0,0
607.379,0.3880,0,0,0,0
607.411,0.3880,0,0,0,0
607.447,0.3880,0,0,0,0
607.482,0.3880,0,0,0,0
607.515,0.3880,0,0,0,0
607.547,0.3880,0,0,0,0
607.580,0.3880,0,0,0,0
607.614,0.3881,0,0,0,0
607.643,0.3882,0,0,0,0
607.688,0.3884,0,0,0,0
607.712,0.3886,0,0,0,0
607.749,0.3886,0,0,0,0
607.780,0.3888,0,0,0,0
607.812,0.3889,0,0,0,0
607.846,0.3891,0,0,0,0
607.882,0.3892,0,0,0,0
607.914,0.3894,0,0,0,0
607.952,0.3895,0,0,0,0
607.979,0.3896,0,0,0,0
608.012,0.3897,0,0,0,0
