time,halfW01,d0,d1,d2,d3
2.955,0.7159,2,5,5,2
0.333,0.7167,2,5,5,2
0.364,0.7168,2,5,5,2
0.396,0.7169,2,5,5,2
0.431,0.7171,2,5,5,2
0.465,0.7172,2,5,5,2
0.498,0.7173,2,5,5,2
0.530,0.7175,2,5,5,2
0.565,0.7176,2,5,5,2
0.598,0.7178,2,5,5,2
0.631,0.7180,2,5,5,2
0.670,0.7182,2,5,5,2
0.699,0.7184,2,5,5,2
0.732,0.7186,2,5,5,2
0.764,0.7188,2,5,5,2
0.798,0.7190,2,5,5,2
0.831,0.7193,2,5,5,2
0.866,0.7195,2,5,5,2
0.897,0.7198,2,5,5,2
0.932,0.7201,2,5,5,2
0.965,0.7203,2,5,5,2
0.996,0.7207,2,5,5,2
1.034,0.7211,0,0,0,0
1.063,0.7213,0,0,0,0
1.098,0.7217,0,0,0,0
1.129,0.7221,0,0,0,0
1.164,0.7223,0,0,0,0
1.196,0.7228,0,0,0,0
1.229,0.7233,0,0,0,0
1.264,0.7235,0,0,0,0
1.299,0.7240,0,0,0,0
1.333,0.7245,0,0,0,0
1.366,0.7248,0,0,0,0
1.397,0.7253,0,0,0,0
1.431,0.7259,0,0,0,0
1.463,0.7262,0,0,0,0
1.498,0.7268,0,0,0,0
1.532,0.7274,0,0,0,0
1.566,0.7277,0,0,0,0
1.597,0.7283,0,0,0,0
1.630,0.7290,0,0,0,0
1.665,0.7293,0,0,0,0
1.697,0.7300,0,0,0,0
1.731,0.7307,0,0,0,0
1.766,0.7311,0,0,0,0
1.799,0.7318,0,0,0,0
1.831,0.7325,0,0,0,0
1.864,0.7329,0,0,0,0
1.897,0.7336,0,0,0,0
1.930,0.7344,0,0,0,0
1.964,0.7348,0,0,0,0
1.997,0.7356,0,0,0,0
2.031,0.7364,0,0,0,0
2.066,0.7368,0,0,0,0
2.099,0.7376,0,0,0,0
2.131,0.7385,0,0,0,0
2.164,0.7389,0,0,0,0
2.198,0.7398,0,0,0,0
2.232,0.7407,0,0,0,0
2.263,0.7411,0,0,0,0
2.299,0.7421,0,0,0,0
2.332,0.7430,0,0,0,0
2.363,0.7435,0,0,0,0
2.398,0.7445,0,0,0,0
2.429,0.7454,0,0,0,0
2.464,0.7456,0,0,0,0
2.499,0.7456,0,0,0,0
2.532,0.7454,0,0,0,0
2.564,0.7446,0,0,0,0
2.599,0.7441,0,0,0,0
2.632,0.7440,0,0,0,0
2.666,0.7445,0,0,0,0
2.698,0.7456,0,0,0,0
2.733,0.7467,0,0,0,0
2.766,0.7472,0,0,0,0
2.799,0.7483,0,0,0,0
2.834,0.7494,0,0,0,0
2.866,0.7500,0,0,0,0
2.900,0.7511,0,0,0,0
2.930,0.7522,0,0,0,0
2.961,0.7527,0,0,0,0
2.998,0.7538,0,0,0,0
3.030,0.7550,0,0,0,0
3.065,0.7555,0,0,0,0
3.098,0.7567,0,0,0,0
3.130,0.7578,0,0,0,0
3.166,0.7584,0,0,0,0
3.196,0.7595,0,0,0,0
3.230,0.7606,0,0,0,0
3.263,0.7612,0,0,0,0
3.298,0.7623,0,0,0,0
3.333,0.7635,0,0,0,0
3.363,0.7640,0,0,0,0
3.398,0.7652,0,0,0,0
3.432,0.7663,0,0,0,0
3.462,0.7669,0,0,0,0
3.496,0.7680,0,0,0,0
3.529,0.7691,0,0,0,0
3.560,0.7697,0,0,0,0
3.596,0.7708,0,0,0,0
3.631,0.7720,0,0,0,0
3.663,0.7725,0,0,0,0
3.697,0.7737,0,0,0,0
3.732,0.7748,0,0,0,0
3.767,0.7753,0,0,0,0
3.800,0.7759,0,0,0,0
3.833,0.7749,0,0,0,0
3.866,0.7729,2,5,5,2
3.897,0.7716,2,5,5,2
3.931,0.7704,2,5,5,2
3.965,0.7701,2,5,5,2
3.997,0.7712,2,5,5,2
4.032,0.7724,2,5,5,2
4.066,0.7729,2,5,5,2
4.099,0.7740,2,5,5,2
4.130,0.7751,2,5,5,2
4.162,0.7757,2,5,5,2
4.197,0.7748,2,5,5,2
4.232,0.7731,2,5,5,2
4.264,0.7706,2,5,5,2
4.296,0.7683,2,5,5,2
4.330,0.7667,2,5,5,2
4.365,0.7672,2,5,5,2
4.399,0.7683,2,5,5,2
4.431,0.7694,2,5,5,2
4.466,0.7699,2,5,5,2
4.497,0.7710,2,5,5,2
4.532,0.7721,2,5,5,2
4.563,0.7727,2,5,5,2
4.601,0.7738,2,5,5,2
4.631,0.7749,2,5,5,2
4.663,0.7754,2,5,5,2
4.696,0.7765,2,5,5,2
4.734,0.7776,2,5,5,2
4.763,0.7782,2,5,5,2
4.798,0.7793,2,5,5,2
4.831,0.7803,2,5,5,2
4.863,0.7809,2,5,5,2
4.899,0.7820,2,5,5,2
4.931,0.7830,2,5,5,2
4.962,0.7836,2,5,5,2
4.997,0.7847,2,5,5,2
5.032,0.7857,2,5,5,2
5.067,0.7863,2,5,5,2
5.100,0.7873,2,5,5,2
5.134,0.7884,2,5,5,2
5.167,0.7889,2,5,5,2
5.199,0.7900,2,5,5,2
5.232,0.7910,2,5,5,2
5.267,0.7915,2,5,5,2
5.297,0.7924,2,5,5,2
5.334,0.7932,0,0,0,0
5.362,0.7936,0,0,0,0
5.398,0.7943,0,0,0,0
5.430,0.7950,0,0,0,0
5.463,0.7954,0,0,0,0
5.498,0.7960,0,0,0,0
5.533,0.7967,0,0,0,0
5.563,0.7970,0,0,0,0
5.597,0.7976,0,0,0,0
5.633,0.7982,0,0,0,0
5.664,0.7985,0,0,0,0
5.698,0.7991,0,0,0,0
5.733,0.7997,0,0,0,0
5.763,0.8000,0,0,0,0
5.798,0.8006,0,0,0,0
5.834,0.8012,0,0,0,0
5.866,0.8015,0,0,0,0
5.898,0.8022,0,0,0,0
5.931,0.8029,0,0,0,0
5.963,0.8032,0,0,0,0
5.998,0.8041,0,0,0,0
6.032,0.8049,0,0,0,0
6.063,0.8053,0,0,0,0
6.099,0.8061,0,0,0,0
6.123,0.8065,0,0,0,0
6.164,0.8072,0,0,0,0
6.200,0.8080,0,0,0,0
6.230,0.8089,0,0,0,0
6.266,0.8093,0,0,0,0
6.300,0.8102,0,0,0,0
6.330,0.8112,0,0,0,0
6.366,0.8118,0,0,0,0
6.400,0.8128,0,0,0,0
6.434,0.8139,0,0,0,0
6.464,0.8145,0,0,0,0
6.498,0.8157,0,0,0,0
6.533,0.8168,0,0,0,0
6.563,0.8174,0,0,0,0
6.596,0.8187,0,0,0,0
6.634,0.8199,0,0,0,0
6.665,0.8205,0,0,0,0
6.696,0.8217,0,0,0,0
6.730,0.8230,0,0,0,0
6.767,0.8236,0,0,0,0
6.799,0.8248,0,0,0,0
6.832,0.8260,0,0,0,0
6.865,0.8267,0,0,0,0
6.898,0.8279,0,0,0,0
6.932,0.8291,0,0,0,0
6.964,0.8297,0,0,0,0
7.000,0.8310,0,0,0,0
7.033,0.8322,0,0,0,0
7.065,0.8328,0,0,0,0
7.097,0.8340,0,0,0,0
7.133,0.8353,0,0,0,0
7.164,0.8359,0,0,0,0
7.198,0.8371,0,0,0,0
7.231,0.8383,0,0,0,0
7.266,0.8389,0,0,0,0
7.300,0.8401,0,0,0,0
7.330,0.8413,0,0,0,0
7.365,0.8419,0,0,0,0
7.400,0.8431,0,0,0,0
7.429,0.8443,0,0,0,0
7.465,0.8449,0,0,0,0
7.496,0.8460,0,0,0,0
7.531,0.8504,2,5,5,2
7.565,0.8543,2,5,5,2
7.600,0.8614,2,5,5,2
7.631,0.8681,2,5,5,2
7.666,0.8752,2,5,5,2
7.698,0.8813,2,5,5,2
7.732,0.8824,2,5,5,2
7.763,0.8830,2,5,5,2
7.797,0.8840,2,5,5,2
7.829,0.8850,2,5,5,2
7.864,0.8855,2,5,5,2
7.897,0.8865,2,5,5,2
7.930,0.8875,2,5,5,2
7.965,0.8913,2,5,5,2
7.999,0.8957,2,5,5,2
8.033,0.9011,2,5,5,2
8.063,0.9054,2,5,5,2
8.095,0.9102,2,5,5,2
8.120,0.9137,2,5,5,2
8.165,0.9146,2,5,5,2
8.198,0.9154,2,5,5,2
8.231,0.9163,2,5,5,2
8.265,0.9167,2,5,5,2
8.298,0.9176,2,5,5,2
8.329,0.9184,2,5,5,2
8.367,0.9188,2,5,5,2
8.398,0.9197,2,5,5,2
8.430,0.9205,2,5,5,2
8.463,0.9209,2,5,5,2
8.496,0.9217,2,5,5,2
8.534,0.9226,2,5,5,2
8.564,0.9230,2,5,5,2
8.600,0.9238,2,5,5,2
8.633,0.9246,2,5,5,2
8.663,0.9240,2,5,5,2
8.697,0.9232,2,5,5,2
8.729,0.9216,2,5,5,2
8.766,0.9183,2,5,5,2
8.800,0.9148,2,5,5,2
8.831,0.9113,2,5,5,2
8.865,0.9065,2,5,5,2
8.899,0.9024,2,5,5,2
8.931,0.9001,2,5,5,2
8.965,0.8982,2,5,5,2
8.998,0.8983,2,5,5,2
9.032,0.8992,2,5,5,2
9.065,0.8996,2,5,5,2
9.098,0.9005,2,5,5,2
9.133,0.9014,2,5,5,2
9.165,0.9018,2,5,5,2
9.199,0.9027,2,5,5,2
9.233,0.9036,2,5,5,2
9.266,0.9040,2,5,5,2
9.298,0.9049,2,5,5,2
9.332,0.9033,2,5,5,2
9.365,0.9004,2,5,5,2
9.399,0.8964,2,5,5,2
9.431,0.8919,2,5,5,2
9.464,0.8866,2,5,5,2
9.496,0.8813,2,5,5,2
9.532,0.8762,2,5,5,2
9.564,0.8737,2,5,5,2
9.600,0.8746,2,5,5,2
9.633,0.8756,2,5,5,2
9.664,0.8761,2,5,5,2
9.697,0.8771,2,5,5,2
9.733,0.8780,2,5,5,2
9.763,0.8785,2,5,5,2
9.798,0.8795,2,5,5,2
9.830,0.8804,2,5,5,2
9.865,0.8809,2,5,5,2
9.899,0.8819,2,5,5,2
9.932,0.8829,2,5,5,2
9.964,0.8834,2,5,5,2
10.002,0.8843,2,5,5,2
10.033,0.8853,2,5,5,2
10.066,0.8858,2,5,5,2
10.099,0.8868,2,5,5,2
10.130,0.8877,2,5,5,2
10.166,0.8911,2,5,5,2
10.197,0.8920,2,5,5,2
10.230,0.8930,2,5,5,2
10.264,0.8935,2,5,5,2
10.296,0.8945,2,5,5,2
10.332,0.8954,2,5,5,2
10.364,0.8959,2,5,5,2
10.397,0.8969,2,5,5,2
10.431,0.8979,2,5,5,2
10.465,0.8983,2,5,5,2
10.497,0.8993,2,5,5,2
10.529,0.9003,2,5,5,2
10.566,0.9008,2,5,5,2
10.597,0.9017,2,5,5,2
10.631,0.9027,2,5,5,2
10.664,0.9032,2,5,5,2
10.698,0.9042,2,5,5,2
10.732,0.9076,2,5,5,2
10.763,0.9119,2,5,5,2
10.800,0.9197,2,5,5,2
10.829,0.9265,2,5,5,2
10.867,0.9344,2,5,5,2
10.899,0.9366,2,5,5,2
10.932,0.9377,2,5,5,2
10.964,0.9382,2,5,5,2
10.998,0.9391,2,5,5,2
11.031,0.9400,2,5,5,2
11.065,0.9404,2,5,5,2
11.098,0.9413,2,5,5,2
11.132,0.9422,2,5,5,2
11.163,0.9427,2,5,5,2
11.199,0.9436,2,5,5,2
11.231,0.9444,2,5,5,2
11.263,0.9449,2,5,5,2
11.295,0.9499,2,5,5,2
11.332,0.9567,2,5,5,2
11.366,0.9630,2,5,5,2
11.398,0.9688,2,5,5,2
11.429,0.9733,2,5,5,2
11.466,0.9769,2,5,5,2
11.497,0.9794,2,5,5,2
11.531,0.9813,2,5,5,2
11.563,0.9821,2,5,5,2
11.599,0.9830,2,5,5,2
11.629,0.9839,2,5,5,2
11.664,0.9842,2,5,5,2
11.701,0.9850,2,5,5,2
11.729,0.9857,2,5,5,2
11.766,0.9861,2,5,5,2
11.797,0.9868,2,5,5,2
11.831,0.9876,2,5,5,2
11.864,0.9879,2,5,5,2
11.896,0.9887,2,5,5,2
11.933,0.9894,2,5,5,2
11.967,0.9898,2,5,5,2
11.996,0.9905,2,5,5,2
12.031,0.9912,2,5,5,2
12.063,0.9916,2,5,5,2
12.099,0.9923,2,5,5,2
12.131,0.9930,2,5,5,2
12.164,0.9934,2,5,5,2
12.198,0.9941,2,5,5,2
12.233,0.9949,2,5,5,2
12.267,0.9952,2,5,5,2
12.298,0.9959,2,5,5,2
12.332,0.9967,2,5,5,2
12.363,0.9970,2,5,5,2
12.396,0.9977,2,5,5,2
12.432,0.9984,2,5,5,2
12.465,0.9988,2,5,5,2
12.498,0.9995,2,5,5,2
12.532,1.0000,0,0,0,0
12.565,1.0000,0,0,0,0
12.596,1.0000,0,0,0,0
12.633,1.0000,0,0,0,0
12.667,1.0000,0,0,0,0
12.699,1.0000,0,0,0,0
12.730,1.0000,0,0,0,0
12.765,1.0000,0,0,0,0
12.798,1.0000,0,0,0,0
12.830,1.0000,0,0,0,0
12.865,1.0000,0,0,0,0
12.896,1.0000,0,0,0,0
12.931,1.0000,0,0,0,0
12.965,1.0000,0,0,0,0
12.998,1.0000,0,0,0,0
13.030,1.0000,0,0,0,0
13.063,1.0000,0,0,0,0
13.099,1.0000,0,0,0,0
13.134,1.0000,0,0,0,0
13.163,1.0000,0,0,0,0
13.199,1.0000,0,0,0,0
13.233,1.0000,0,0,0,0
13.265,0.9992,0,0,0,0
13.300,0.9961,2,5,5,2
13.331,0.9932,2,5,5,2
13.366,0.9899,2,5,5,2
13.396,0.9879,2,5,5,2
13.431,0.9854,2,5,5,2
13.456,0.9836,2,5,5,2
13.498,0.9805,2,5,5,2
13.530,0.9779,2,5,5,2
13.567,0.9739,2,5,5,2
13.598,0.9705,2,5,5,2
13.633,0.9671,2,5,5,2
13.667,0.9637,2,5,5,2
13.700,0.9645,2,5,5,2
13.730,0.9654,2,5,5,2
13.763,0.9658,2,5,5,2
13.800,0.9666,2,5,5,2
13.833,0.9674,2,5,5,2
13.863,0.9678,2,5,5,2
13.900,0.9686,2,5,5,2
13.933,0.9693,2,5,5,2
13.963,0.9697,2,5,5,2
13.998,0.9705,2,5,5,2
14.033,0.9713,2,5,5,2
14.065,0.9717,2,5,5,2
14.099,0.9725,2,5,5,2
14.131,0.9732,2,5,5,2
14.164,0.9736,2,5,5,2
14.192,0.9744,2,5,5,2
14.232,0.9751,2,5,5,2
14.265,0.9755,2,5,5,2
14.296,0.9762,2,5,5,2
14.329,0.9770,2,5,5,2
14.363,0.9773,2,5,5,2
14.396,0.9781,2,5,5,2
14.433,0.9788,2,5,5,2
14.466,0.9792,2,5,5,2
14.498,0.9799,2,5,5,2
14.530,0.9806,2,5,5,2
14.564,0.9810,2,5,5,2
14.600,0.9817,2,5,5,2
14.630,0.9824,2,5,5,2
14.665,0.9827,2,5,5,2
14.697,0.9834,0,0,0,0
14.732,0.9841,0,0,0,0
14.764,0.9845,0,0,0,0
14.798,0.9852,0,0,0,0
14.832,0.9858,0,0,0,0
14.864,0.9862,0,0,0,0
14.900,0.9869,0,0,0,0
14.930,0.9875,0,0,0,0
14.966,0.9879,0,0,0,0
14.999,0.9885,0,0,0,0
15.030,0.9892,0,0,0,0
15.063,0.9895,0,0,0,0
15.098,0.9902,0,0,0,0
15.133,0.9908,0,0,0,0
15.163,0.9911,0,0,0,0
15.198,0.9918,0,0,0,0
15.234,0.9924,0,0,0,0
15.265,0.9927,0,0,0,0
15.297,0.9934,0,0,0,0
15.331,0.9940,0,0,0,0
15.367,0.9943,0,0,0,0
15.398,0.9949,0,0,0,0
15.431,0.9955,0,0,0,0
15.465,0.9958,0,0,0,0
15.500,0.9964,0,0,0,0
15.531,0.9970,0,0,0,0
15.565,0.9973,0,0,0,0
15.597,0.9979,0,0,0,0
15.629,0.9985,0,0,0,0
15.662,0.9988,0,0,0,0
15.700,0.9994,0,0,0,0
15.729,1.0000,0,0,0,0
15.767,1.0000,0,0,0,0
15.796,1.0000,0,0,0,0
15.832,1.0000,0,0,0,0
15.865,1.0000,0,0,0,0
15.896,1.0000,0,0,0,0
15.929,1.0000,0,0,0,0
15.964,1.0000,0,0,0,0
15.997,1.0000,0,0,0,0
16.029,1.0000,0,0,0,0
16.067,1.0000,0,0,0,0
16.099,1.0000,0,0,0,0
16.133,1.0000,0,0,0,0
16.165,1.0000,0,0,0,0
16.199,1.0000,0,0,0,0
16.232,1.0000,0,0,0,0
16.262,1.0000,0,0,0,0
16.296,1.0000,0,0,0,0
16.334,1.0000,0,0,0,0
16.366,1.0000,0,0,0,0
16.396,1.0000,0,0,0,0
16.432,1.0000,0,0,0,0
16.465,1.0000,0,0,0,0
16.499,1.0000,0,0,0,0
16.531,1.0000,0,0,0,0
16.567,1.0000,0,0,0,0
16.596,1.0000,0,0,0,0
16.630,1.0000,0,0,0,0
16.664,1.0000,0,0,0,0
16.697,1.0000,0,0,0,0
16.732,1.0000,0,0,0,0
16.763,1.0000,0,0,0,0
16.799,1.0000,0,0,0,0
16.832,1.0000,0,0,0,0
16.865,1.0000,0,0,0,0
16.895,1.0000,0,0,0,0
16.933,1.0000,0,0,0,0
16.955,0.9986,0,0,0,0
16.999,0.9934,2,5,5,2
17.033,0.9875,2,5,5,2
17.066,0.9844,2,5,5,2
17.096,0.9781,2,5,5,2
17.130,0.9717,2,5,5,2
17.164,0.9685,2,5,5,2
17.197,0.9625,2,5,5,2
17.234,0.9568,2,5,5,2
17.266,0.9541,2,5,5,2
17.297,0.9492,2,5,5,2
17.332,0.9448,2,5,5,2
17.366,0.9428,2,5,5,2
17.398,0.9392,2,5,5,2
17.430,0.9361,2,5,5,2
17.465,0.9348,2,5,5,2
17.497,0.9324,2,5,5,2
17.532,0.9305,2,5,5,2
17.563,0.9297,2,5,5,2
17.599,0.9283,2,5,5,2
17.631,0.9272,2,5,5,2
17.666,0.9267,2,5,5,2
17.699,0.9260,2,5,5,2
17.729,0.9254,2,5,5,2
17.767,0.9252,2,5,5,2
17.798,0.9249,2,5,5,2
17.832,0.9247,2,5,5,2
17.865,0.9246,2,5,5,2
17.899,0.9245,2,5,5,2
17.934,0.9245,2,5,5,2
17.967,0.9245,2,5,5,2
17.996,0.9245,2,5,5,2
18.033,0.9245,2,5,5,2
18.066,0.9245,2,5,5,2
18.097,0.9241,2,5,5,2
18.131,0.9231,2,5,5,2
18.163,0.9223,2,5,5,2
18.196,0.9201,2,5,5,2
18.229,0.9169,2,5,5,2
18.264,0.9149,2,5,5,2
18.296,0.9102,2,5,5,2
18.330,0.9046,2,5,5,2
18.364,0.9014,2,5,5,2
18.398,0.8945,2,5,5,2
18.429,0.8868,2,5,5,2
18.462,0.8828,2,5,5,2
18.501,0.8745,2,5,5,2
18.528,0.8662,2,5,5,2
18.562,0.8622,2,5,5,2
18.595,0.8545,2,5,5,2
18.630,0.8473,2,5,5,2
18.666,0.8440,2,5,5,2
18.697,0.8380,2,5,5,2
18.729,0.8327,2,5,5,2
18.762,0.8304,2,5,5,2
18.798,0.8262,2,5,5,2
18.830,0.8227,2,5,5,2
18.853,0.8212,2,5,5,2
18.896,0.8186,2,5,5,2
18.931,0.8165,2,5,5,2
18.966,0.8156,2,5,5,2
18.996,0.8142,2,5,5,2
19.030,0.8130,2,5,5,2
19.065,0.8126,2,5,5,2
19.098,0.8118,2,5,5,2
19.132,0.8113,2,5,5,2
19.166,0.8111,2,5,5,2
19.199,0.8107,2,5,5,2
19.231,0.8105,2,5,5,2
19.263,0.8104,2,5,5,2
19.299,0.8103,2,5,5,2
19.329,0.8102,2,5,5,2
19.365,0.8102,2,5,5,2
19.397,0.8101,2,5,5,2
19.432,0.8101,2,5,5,2
19.463,0.8101,2,5,5,2
19.497,0.8101,2,5,5,2
19.530,0.8101,2,5,5,2
19.565,0.8101,2,5,5,2
19.600,0.8101,2,5,5,2
19.633,0.8100,2,5,5,2
19.666,0.8100,2,5,5,2
19.700,0.8100,2,5,5,2
19.729,0.8099,2,5,5,2
19.766,0.8099,2,5,5,2
19.798,0.8099,2,5,5,2
19.830,0.8098,2,5,5,2
19.865,0.8098,2,5,5,2
19.897,0.8098,2,5,5,2
19.933,0.8097,0,0,0,0
19.966,0.8097,0,0,0,0
19.997,0.8097,0,0,0,0
20.033,0.8096,0,0,0,0
20.066,0.8096,0,0,0,0
20.098,0.8095,0,0,0,0
20.133,0.8095,0,0,0,0
20.163,0.8095,0,0,0,0
20.197,0.8094,0,0,0,0
20.231,0.8094,0,0,0,0
20.265,0.8093,0,0,0,0
20.297,0.8093,0,0,0,0
20.332,0.8092,0,0,0,0
20.366,0.8092,0,0,0,0
20.397,0.8092,0,0,0,0
20.433,0.8091,0,0,0,0
20.463,0.8091,0,0,0,0
20.500,0.8091,0,0,0,0
20.532,0.8090,0,0,0,0
20.566,0.8090,0,0,0,0
20.599,0.8089,0,0,0,0
20.634,0.8089,0,0,0,0
20.662,0.8089,0,0,0,0
20.696,0.8088,0,0,0,0
20.733,0.8088,0,0,0,0
20.765,0.8088,0,0,0,0
20.799,0.8087,0,0,0,0
20.830,0.8087,0,0,0,0
20.868,0.8087,0,0,0,0
20.889,0.8086,0,0,0,0
20.931,0.8086,0,0,0,0
20.965,0.8086,0,0,0,0
20.996,0.8085,0,0,0,0
21.029,0.8085,0,0,0,0
21.063,0.8085,0,0,0,0
21.099,0.8084,0,0,0,0
21.133,0.8084,0,0,0,0
21.166,0.8084,0,0,0,0
21.198,0.8083,0,0,0,0
21.232,0.8083,0,0,0,0
21.266,0.8083,0,0,0,0
21.296,0.8082,0,0,0,0
21.332,0.8082,0,0,0,0
21.366,0.8082,0,0,0,0
21.399,0.8081,0,0,0,0
21.431,0.8081,0,0,0,0
21.466,0.8081,0,0,0,0
21.497,0.8080,0,0,0,0
21.531,0.8080,0,0,0,0
21.565,0.8080,0,0,0,0
21.596,0.8079,0,0,0,0
21.629,0.8079,0,0,0,0
21.664,0.8079,0,0,0,0
21.699,0.8078,0,0,0,0
21.730,0.8078,0,0,0,0
21.765,0.8078,0,0,0,0
21.798,0.8077,0,0,0,0
21.833,0.8077,0,0,0,0
21.862,0.8077,0,0,0,0
21.896,0.8076,0,0,0,0
21.930,0.8076,0,0,0,0
21.964,0.8076,0,0,0,0
21.996,0.8075,0,0,0,0
22.033,0.8075,0,0,0,0
22.065,0.8075,0,0,0,0
22.096,0.8074,0,0,0,0
22.133,0.8074,0,0,0,0
22.163,0.8074,0,0,0,0
22.196,0.8073,0,0,0,0
22.229,0.8073,0,0,0,0
22.263,0.8073,0,0,0,0
22.298,0.8072,0,0,0,0
22.332,0.8072,0,0,0,0
22.364,0.8072,0,0,0,0
22.398,0.8071,0,0,0,0
22.429,0.8071,0,0,0,0
22.465,0.8071,0,0,0,0
22.497,0.8070,0,0,0,0
22.529,0.8070,0,0,0,0
22.566,0.8070,0,0,0,0
22.600,0.8069,0,0,0,0
22.633,0.8069,0,0,0,0
22.663,0.8069,0,0,0,0
22.699,0.8068,0,0,0,0
22.732,0.8068,0,0,0,0
22.764,0.8068,0,0,0,0
22.799,0.8067,0,0,0,0
22.835,0.8067,0,0,0,0
22.863,0.8067,0,0,0,0
22.898,0.8066,0,0,0,0
22.931,0.8066,0,0,0,0
22.966,0.8066,0,0,0,0
22.996,0.8066,0,0,0,0
23.030,0.8065,0,0,0,0
23.063,0.8065,0,0,0,0
23.099,0.8065,0,0,0,0
23.130,0.8064,0,0,0,0
23.163,0.8064,0,0,0,0
23.197,0.8064,0,0,0,0
23.231,0.8063,0,0,0,0
23.266,0.8063,0,0,0,0
23.298,0.8063,0,0,0,0
23.333,0.8062,0,0,0,0
23.364,0.8062,0,0,0,0
23.397,0.8062,0,0,0,0
23.432,0.8062,0,0,0,0
23.465,0.8061,0,0,0,0
23.499,0.8061,0,0,0,0
23.533,0.8061,0,0,0,0
23.579,0.8060,0,0,0,0
23.613,0.8060,0,0,0,0
23.642,0.8060,0,0,0,0
23.677,0.8060,0,0,0,0
23.712,0.8059,0,0,0,0
23.746,0.8059,0,0,0,0
23.778,0.8059,0,0,0,0
23.813,0.8058,0,0,0,0
23.845,0.8058,0,0,0,0
23.878,0.8058,0,0,0,0
23.912,0.8058,0,0,0,0
23.948,0.8057,0,0,0,0
23.981,0.8057,0,0,0,0
24.013,0.8057,0,0,0,0
24.035,0.8057,0,0,0,0
24.077,0.8056,0,0,0,0
24.110,0.8056,0,0,0,0
24.143,0.8056,0,0,0,0
24.181,0.8055,0,0,0,0
24.213,0.8055,0,0,0,0
24.246,0.8055,0,0,0,0
24.277,0.8055,0,0,0,0
24.309,0.8054,0,0,0,0
24.345,0.8054,0,0,0,0
24.380,0.8054,0,0,0,0
24.410,0.8054,0,0,0,0
24.445,0.8053,0,0,0,0
24.480,0.8053,0,0,0,0
24.511,0.8053,0,0,0,0
24.548,0.8053,0,0,0,0
24.578,0.8052,0,0,0,0
24.614,0.8052,0,0,0,0
24.646,0.8052,0,0,0,0
24.680,0.8052,0,0,0,0
24.713,0.8051,0,0,0,0
24.746,0.8051,0,0,0,0
24.780,0.8051,0,0,0,0
24.814,0.8051,0,0,0,0
24.843,0.8051,0,0,0,0
24.880,0.8050,0,0,0,0
24.910,0.8050,0,0,0,0
24.944,0.8050,0,0,0,0
24.980,0.8050,0,0,0,0
25.014,0.8049,0,0,0,0
25.046,0.8049,0,0,0,0
25.076,0.8049,0,0,0,0
25.108,0.8049,0,0,0,0
25.150,0.8048,0,0,0,0
25.177,0.8048,0,0,0,0
25.214,0.8048,0,0,0,0
25.235,0.8048,0,0,0,0
25.276,0.8048,0,0,0,0
25.312,0.8047,0,0,0,0
25.343,0.8047,0,0,0,0
25.380,0.8047,0,0,0,0
25.411,0.8047,0,0,0,0
25.444,0.8046,0,0,0,0
25.479,0.8046,0,0,0,0
25.514,0.8046,0,0,0,0
25.546,0.8046,0,0,0,0
25.581,0.8046,0,0,0,0
25.611,0.8045,0,0,0,0
25.643,0.8045,0,0,0,0
25.679,0.8045,0,0,0,0
25.712,0.8045,0,0,0,0
25.745,0.8045,0,0,0,0
25.777,0.8044,0,0,0,0
25.809,0.8044,0,0,0,0
25.844,0.8044,0,0,0,0
25.877,0.8044,0,0,0,0
25.911,0.8043,0,0,0,0
25.947,0.8043,0,0,0,0
25.976,0.8043,0,0,0,0
26.017,0.8043,0,0,0,0
26.046,0.8043,0,0,0,0
26.076,0.8042,0,0,0,0
26.111,0.8042,0,0,0,0
26.146,0.8042,0,0,0,0
26.181,0.8042,0,0,0,0
26.211,0.8042,0,0,0,0
26.242,0.8042,0,0,0,0
26.279,0.8041,0,0,0,0
26.310,0.8041,0,0,0,0
26.344,0.8041,0,0,0,0
26.380,0.8041,0,0,0,0
26.412,0.8041,0,0,0,0
26.444,0.8040,0,0,0,0
26.478,0.8040,0,0,0,0
26.510,0.8040,0,0,0,0
26.546,0.8040,0,0,0,0
26.579,0.8040,0,0,0,0
26.612,0.8039,0,0,0,0
26.645,0.8039,0,0,0,0
26.676,0.8039,0,0,0,0
26.713,0.8039,0,0,0,0
26.743,0.8039,0,0,0,0
26.778,0.8039,0,0,0,0
26.810,0.8038,0,0,0,0
26.846,0.8038,0,0,0,0
26.880,0.8038,0,0,0,0
26.912,0.8038,0,0,0,0
26.944,0.8038,0,0,0,0
26.977,0.8038,0,0,0,0
27.010,0.8037,0,0,0,0
27.046,0.8037,0,0,0,0
27.078,0.8037,0,0,0,0
27.112,0.8037,0,0,0,0
27.145,0.8037,0,0,0,0
27.180,0.8037,0,0,0,0
27.206,0.8036,0,0,0,0
27.247,0.8036,0,0,0,0
27.278,0.8036,0,0,0,0
27.309,0.8036,0,0,0,0
27.345,0.8036,0,0,0,0
27.375,0.8036,0,0,0,0
27.414,0.8035,0,0,0,0
27.435,0.8035,0,0,0,0
27.475,0.8035,0,0,0,0
27.511,0.8035,0,0,0,0
27.543,0.8035,0,0,0,0
27.580,0.8035,0,0,0,0
27.614,0.8034,0,0,0,0
27.642,0.8034,0,0,0,0
27.680,0.8034,0,0,0,0
27.713,0.8034,0,0,0,0
27.745,0.8034,0,0,0,0
27.776,0.8034,0,0,0,0
27.813,0.8034,0,0,0,0
27.847,0.8033,0,0,0,0
27.880,0.8033,0,0,0,0
27.914,0.8033,0,0,0,0
27.944,0.8033,0,0,0,0
27.977,0.8033,0,0,0,0
28.011,0.8033,0,0,0,0
28.048,0.8032,0,0,0,0
28.079,0.8032,0,0,0,0
28.111,0.8032,0,0,0,0
28.146,0.8032,0,0,0,0
28.179,0.8032,0,0,0,0
28.210,0.8032,0,0,0,0
28.246,0.8032,0,0,0,0
28.277,0.8032,0,0,0,0
28.307,0.8031,0,0,0,0
28.343,0.8031,0,0,0,0
28.377,0.8031,0,0,0,0
28.410,0.8031,0,0,0,0
28.442,0.8031,0,0,0,0
28.480,0.8031,0,0,0,0
28.513,0.8031,0,0,0,0
28.542,0.8030,0,0,0,0
28.578,0.8030,0,0,0,0
28.612,0.8030,0,0,0,0
28.646,0.8030,0,0,0,0
28.678,0.8030,0,0,0,0
28.712,0.8030,0,0,0,0
28.747,0.8030,0,0,0,0
28.776,0.8029,0,0,0,0
28.811,0.8029,0,0,0,0
28.846,0.8029,0,0,0,0
28.878,0.8029,0,0,0,0
28.909,0.8029,0,0,0,0
28.945,0.8029,0,0,0,0
28.978,0.8029,0,0,0,0
29.009,0.8029,0,0,0,0
29.045,0.8029,0,0,0,0
29.080,0.8028,0,0,0,0
29.109,0.8028,0,0,0,0
29.145,0.8028,0,0,0,0
29.177,0.8028,0,0,0,0
29.212,0.8028,0,0,0,0
29.248,0.8028,0,0,0,0
29.276,0.8028,0,0,0,0
29.310,0.8027,0,0,0,0
29.343,0.8027,0,0,0,0
29.377,0.8027,0,0,0,0
29.410,0.8027,0,0,0,0
29.445,0.8027,0,0,0,0
29.479,0.8027,0,0,0,0
29.513,0.8027,0,0,0,0
29.543,0.8027,0,0,0,0
29.576,0.8027,0,0,0,0
29.613,0.8026,0,0,0,0
29.646,0.8026,0,0,0,0
29.676,0.8026,0,0,0,0
29.709,0.8026,0,0,0,0
29.743,0.8026,0,0,0,0
29.779,0.8026,0,0,0,0
29.811,0.8026,0,0,0,0
29.843,0.8026,0,0,0,0
29.877,0.8026,0,0,0,0
29.901,0.8025,0,0,0,0
29.946,0.8025,0,0,0,0
29.977,0.8025,0,0,0,0
30.012,0.8025,0,0,0,0
30.045,0.8025,0,0,0,0
30.077,0.8025,0,0,0,0
30.111,0.8025,0,0,0,0
30.146,0.8025,0,0,0,0
30.176,0.8025,0,0,0,0
30.210,0.8024,0,0,0,0
30.247,0.8024,0,0,0,0
30.276,0.8024,0,0,0,0
30.310,0.8024,0,0,0,0
30.344,0.8024,0,0,0,0
30.380,0.8024,0,0,0,0
30.409,0.8024,0,0,0,0
30.446,0.8024,0,0,0,0
30.478,0.8024,0,0,0,0
30.511,0.8024,0,0,0,0
30.542,0.8023,0,0,0,0
30.576,0.8023,0,0,0,0
30.613,0.8023,0,0,0,0
30.643,0.8023,0,0,0,0
30.680,0.8023,0,0,0,0
30.714,0.8023,0,0,0,0
30.746,0.8023,0,0,0,0
30.777,0.8023,0,0,0,0
30.816,0.8023,0,0,0,0
30.847,0.8023,0,0,0,0
30.876,0.8022,0,0,0,0
30.910,0.8022,0,0,0,0
30.943,0.8022,0,0,0,0
30.977,0.8022,0,0,0,0
31.010,0.8022,0,0,0,0
31.043,0.8022,0,0,0,0
31.076,0.8022,0,0,0,0
31.113,0.8022,0,0,0,0
31.146,0.8022,0,0,0,0
31.175,0.8022,0,0,0,0
31.211,0.8022,0,0,0,0
31.242,0.8021,0,0,0,0
31.277,0.8021,0,0,0,0
31.313,0.8021,0,0,0,0
31.344,0.8021,0,0,0,0
31.377,0.8021,0,0,0,0
31.413,0.8021,0,0,0,0
31.445,0.8021,0,0,0,0
31.478,0.8021,0,0,0,0
31.513,0.8021,0,0,0,0
31.543,0.8021,0,0,0,0
31.579,0.8021,0,0,0,0
31.613,0.8020,0,0,0,0
31.643,0.8020,0,0,0,0
31.680,0.8020,0,0,0,0
31.711,0.8020,0,0,0,0
31.744,0.8020,0,0,0,0
31.780,0.8020,0,0,0,0
31.809,0.8020,0,0,0,0
31.850,0.8020,0,0,0,0
31.876,0.8020,0,0,0,0
31.910,0.8020,0,0,0,0
31.945,0.8020,0,0,0,0
31.977,0.8020,0,0,0,0
32.011,0.8019,0,0,0,0
32.043,0.8019,0,0,0,0
32.077,0.8019,0,0,0,0
32.110,0.8019,0,0,0,0
32.144,0.8019,0,0,0,0
32.177,0.8019,0,0,0,0
32.210,0.8019,0,0,0,0
32.246,0.8019,0,0,0,0
32.280,0.8019,0,0,0,0
32.310,0.8019,0,0,0,0
32.342,0.8019,0,0,0,0
32.379,0.8019,0,0,0,0
32.410,0.8018,0,0,0,0
32.445,0.8018,0,0,0,0
32.482,0.8018,0,0,0,0
32.512,0.8018,0,0,0,0
32.546,0.8018,0,0,0,0
32.577,0.8018,0,0,0,0
32.614,0.8018,0,0,0,0
32.642,0.8018,0,0,0,0
32.680,0.8018,0,0,0,0
32.712,0.8018,0,0,0,0
32.743,0.8018,0,0,0,0
32.782,0.8018,0,0,0,0
32.810,0.8017,0,0,0,0
32.845,0.8017,0,0,0,0
32.878,0.8017,0,0,0,0
32.910,0.8017,0,0,0,0
32.945,0.8017,0,0,0,0
32.980,0.8017,0,0,0,0
33.009,0.8017,0,0,0,0
33.044,0.8017,0,0,0,0
33.078,0.8017,0,0,0,0
33.110,0.8017,0,0,0,0
33.146,0.8017,0,0,0,0
33.177,0.8017,0,0,0,0
33.212,0.8017,0,0,0,0
33.244,0.8017,0,0,0,0
33.277,0.8016,0,0,0,0
33.311,0.8016,0,0,0,0
33.345,0.8016,0,0,0,0
33.378,0.8016,0,0,0,0
33.411,0.8016,0,0,0,0
33.443,0.8016,0,0,0,0
33.476,0.8016,0,0,0,0
33.509,0.8016,0,0,0,0
33.544,0.8016,0,0,0,0
33.580,0.8016,0,0,0,0
33.610,0.8016,0,0,0,0
33.645,0.8016,0,0,0,0
33.677,0.8016,0,0,0,0
33.710,0.8016,0,0,0,0
33.744,0.8015,0,0,0,0
33.778,0.8015,0,0,0,0
33.813,0.8015,0,0,0,0
33.844,0.8015,0,0,0,0
33.880,0.8015,0,0,0,0
33.911,0.8015,0,0,0,0
33.944,0.8015,0,0,0,0
33.978,0.8015,0,0,0,0
34.010,0.8015,0,0,0,0
34.042,0.8015,0,0,0,0
34.077,0.8015,0,0,0,0
34.111,0.8015,0,0,0,0
34.146,0.8015,0,0,0,0
34.180,0.8015,0,0,0,0
34.210,0.8015,0,0,0,0
34.247,0.8014,0,0,0,0
34.277,0.8014,0,0,0,0
34.310,0.8014,0,0,0,0
34.343,0.8014,0,0,0,0
34.376,0.8014,0,0,0,0
34.413,0.8014,0,0,0,0
34.447,0.8014,0,0,0,0
34.478,0.8014,0,0,0,0
34.508,0.8014,0,0,0,0
34.544,0.8014,0,0,0,0
34.579,0.8014,0,0,0,0
34.610,0.8014,0,0,0,0
34.646,0.8014,0,0,0,0
34.679,0.8014,0,0,0,0
34.710,0.8014,0,0,0,0
34.745,0.8014,0,0,0,0
34.776,0.8013,0,0,0,0
34.811,0.8013,0,0,0,0
34.846,0.8013,0,0,0,0
34.880,0.8013,0,0,0,0
34.910,0.8013,0,0,0,0
34.942,0.8013,0,0,0,0
34.977,0.8013,0,0,0,0
35.011,0.8013,0,0,0,0
35.046,0.8013,0,0,0,0
35.080,0.8013,0,0,0,0
35.109,0.8013,0,0,0,0
35.143,0.8013,0,0,0,0
35.178,0.8013,0,0,0,0
35.209,0.8013,0,0,0,0
35.244,0.8013,0,0,0,0
35.279,0.8013,0,0,0,0
35.314,0.8012,0,0,0,0
35.344,0.8012,0,0,0,0
35.379,0.8012,0,0,0,0
35.413,0.8012,0,0,0,0
35.444,0.8012,0,0,0,0
35.477,0.8012,0,0,0,0
35.512,0.8012,0,0,0,0
35.547,0.8012,0,0,0,0
35.578,0.8012,0,0,0,0
35.612,0.8012,0,0,0,0
35.643,0.8012,0,0,0,0
35.680,0.8012,0,0,0,0
35.710,0.8012,0,0,0,0
35.747,0.8012,0,0,0,0
35.777,0.8012,0,0,0,0
35.813,0.8012,0,0,0,0
35.844,0.8012,0,0,0,0
35.878,0.8011,0,0,0,0
35.910,0.8011,0,0,0,0
35.933,0.8011,0,0,0,0
35.978,0.8011,0,0,0,0
36.013,0.8011,0,0,0,0
36.045,0.8011,0,0,0,0
36.080,0.8011,0,0,0,0
36.112,0.8011,0,0,0,0
36.146,0.8011,0,0,0,0
36.176,0.8011,0,0,0,0
36.211,0.8011,0,0,0,0
36.245,0.8011,0,0,0,0
36.279,0.8011,0,0,0,0
36.311,0.8011,0,0,0,0
36.345,0.8011,0,0,0,0
36.379,0.8011,0,0,0,0
36.411,0.8011,0,0,0,0
36.446,0.8011,0,0,0,0
36.478,0.8010,0,0,0,0
36.509,0.8010,0,0,0,0
36.547,0.8010,0,0,0,0
36.577,0.8010,0,0,0,0
36.614,0.8010,0,0,0,0
36.645,0.8010,0,0,0,0
36.679,0.8010,0,0,0,0
36.713,0.8010,0,0,0,0
36.746,0.8010,0,0,0,0
36.779,0.8010,0,0,0,0
36.811,0.8010,0,0,0,0
36.846,0.8010,0,0,0,0
36.876,0.8010,0,0,0,0
36.912,0.8010,0,0,0,0
36.943,0.8010,0,0,0,0
36.980,0.8010,0,0,0,0
37.010,0.8010,0,0,0,0
37.045,0.8010,0,0,0,0
37.078,0.8009,0,0,0,0
37.110,0.8009,0,0,0,0
37.146,0.8009,0,0,0,0
37.178,0.8009,0,0,0,0
37.211,0.8009,0,0,0,0
37.246,0.8009,0,0,0,0
37.279,0.8009,0,0,0,0
37.313,0.8009,0,0,0,0
37.334,0.8009,0,0,0,0
37.377,0.8009,0,0,0,0
37.413,0.8009,0,0,0,0
37.444,0.8009,0,0,0,0
37.479,0.8009,0,0,0,0
37.510,0.8009,0,0,0,0
37.545,0.8009,0,0,0,0
37.580,0.8009,0,0,0,0
37.612,0.8009,0,0,0,0
37.647,0.8009,0,0,0,0
37.677,0.8009,0,0,0,0
37.711,0.8009,0,0,0,0
37.743,0.8008,0,0,0,0
37.780,0.8008,0,0,0,0
37.810,0.8008,0,0,0,0
37.843,0.8008,0,0,0,0
37.878,0.8008,0,0,0,0
37.909,0.8008,0,0,0,0
37.944,0.8008,0,0,0,0
37.976,0.8008,0,0,0,0
38.020,0.8008,0,0,0,0
38.042,0.8008,0,0,0,0
38.079,0.8008,0,0,0,0
38.112,0.8008,0,0,0,0
38.146,0.8008,0,0,0,0
38.177,0.8008,0,0,0,0
38.212,0.8008,0,0,0,0
38.244,0.8008,0,0,0,0
38.278,0.8008,0,0,0,0
38.313,0.8008,0,0,0,0
38.344,0.8008,0,0,0,0
38.380,0.8008,0,0,0,0
38.411,0.8007,0,0,0,0
38.445,0.8007,0,0,0,0
38.478,0.8007,0,0,0,0
38.510,0.8007,0,0,0,0
38.544,0.8007,0,0,0,0
38.579,0.8007,0,0,0,0
38.610,0.8007,0,0,0,0
38.648,0.8007,0,0,0,0
38.676,0.8007,0,0,0,0
38.712,0.8007,0,0,0,0
38.736,0.8007,0,0,0,0
38.776,0.8007,0,0,0,0
38.812,0.8007,0,0,0,0
38.843,0.8007,0,0,0,0
38.879,0.8007,0,0,0,0
38.911,0.8007,0,0,0,0
38.946,0.8007,0,0,0,0
38.979,0.8007,0,0,0,0
39.011,0.8007,0,0,0,0
39.046,0.8007,0,0,0,0
39.079,0.8007,0,0,0,0
39.111,0.8006,0,0,0,0
39.146,0.8006,0,0,0,0
39.180,0.8006,0,0,0,0
39.212,0.8006,0,0,0,0
39.246,0.8006,0,0,0,0
39.276,0.8006,0,0,0,0
39.312,0.8006,0,0,0,0
39.343,0.8006,0,0,0,0
39.377,0.8006,0,0,0,0
39.409,0.8006,0,0,0,0
39.442,0.8006,0,0,0,0
39.472,0.8006,0,0,0,0
39.513,0.8006,0,0,0,0
39.545,0.8006,0,0,0,0
39.578,0.8006,0,0,0,0
39.610,0.8006,0,0,0,0
39.643,0.8006,0,0,0,0
39.678,0.8006,0,0,0,0
39.709,0.8006,0,0,0,0
39.744,0.8006,0,0,0,0
39.778,0.8006,0,0,0,0
39.810,0.8006,0,0,0,0
39.843,0.8006,0,0,0,0
39.878,0.8005,0,0,0,0
39.912,0.8005,0,0,0,0
39.947,0.8005,0,0,0,0
39.978,0.8005,0,0,0,0
40.009,0.8005,0,0,0,0
40.043,0.8005,0,0,0,0
40.078,0.8005,0,0,0,0
40.110,0.8005,0,0,0,0
40.142,0.8005,0,0,0,0
40.178,0.8005,0,0,0,0
40.213,0.8005,0,0,0,0
40.245,0.8005,0,0,0,0
40.278,0.8005,0,0,0,0
40.310,0.8005,0,0,0,0
40.345,0.8005,0,0,0,0
40.377,0.8005,0,0,0,0
40.412,0.8005,0,0,0,0
40.444,0.8005,0,0,0,0
40.477,0.8005,0,0,0,0
40.510,0.8005,0,0,0,0
40.543,0.8005,0,0,0,0
40.577,0.8005,0,0,0,0
40.609,0.8004,0,0,0,0
40.643,0.8004,0,0,0,0
40.678,0.8004,0,0,0,0
40.713,0.8004,0,0,0,0
40.743,0.8004,0,0,0,0
40.776,0.8004,0,0,0,0
40.812,0.8004,0,0,0,0
40.845,0.8004,0,0,0,0
40.881,0.8004,0,0,0,0
40.909,0.8004,0,0,0,0
40.943,0.8004,0,0,0,0
40.977,0.8004,0,0,0,0
41.009,0.8004,0,0,0,0
41.044,0.8004,0,0,0,0
41.079,0.8004,0,0,0,0
41.111,0.8004,0,0,0,0
41.144,0.8004,0,0,0,0
41.179,0.8004,0,0,0,0
41.212,0.8004,0,0,0,0
41.245,0.8004,0,0,0,0
41.280,0.8004,0,0,0,0
41.312,0.8004,0,0,0,0
41.345,0.8004,0,0,0,0
41.378,0.8004,0,0,0,0
41.411,0.8003,0,0,0,0
41.442,0.8003,0,0,0,0
41.479,0.8003,0,0,0,0
41.510,0.8003,0,0,0,0
41.546,0.8003,0,0,0,0
41.576,0.8003,0,0,0,0
41.611,0.8003,0,0,0,0
41.644,0.8003,0,0,0,0
41.680,0.8003,0,0,0,0
41.713,0.8003,0,0,0,0
41.747,0.8003,0,0,0,0
41.777,0.8003,0,0,0,0
41.813,0.8003,0,0,0,0
41.846,0.8003,0,0,0,0
41.880,0.8003,0,0,0,0
41.911,0.8003,0,0,0,0
41.947,0.8003,0,0,0,0
41.980,0.8003,0,0,0,0
42.010,0.8003,0,0,0,0
42.045,0.8003,0,0,0,0
42.078,0.8003,0,0,0,0
42.111,0.8003,0,0,0,0
42.146,0.8003,0,0,0,0
42.177,0.8003,0,0,0,0
42.211,0.8002,0,0,0,0
42.243,0.8002,0,0,0,0
42.280,0.8002,0,0,0,0
42.313,0.8002,0,0,0,0
42.343,0.8002,0,0,0,0
42.381,0.8002,0,0,0,0
42.412,0.8002,0,0,0,0
42.446,0.8002,0,0,0,0
42.477,0.8002,0,0,0,0
42.510,0.8002,0,0,0,0
42.545,0.8002,0,0,0,0
42.579,0.8002,0,0,0,0
42.612,0.8002,0,0,0,0
42.644,0.8002,0,0,0,0
42.677,0.8002,0,0,0,0
42.710,0.8002,0,0,0,0
42.745,0.8002,0,0,0,0
42.777,0.8002,0,0,0,0
42.811,0.8002,0,0,0,0
42.846,0.8002,0,0,0,0
42.879,0.8002,0,0,0,0
42.913,0.8002,0,0,0,0
42.947,0.8002,0,0,0,0
42.979,0.8002,0,0,0,0
43.010,0.8002,0,0,0,0
43.042,0.8001,0,0,0,0
43.079,0.8001,0,0,0,0
43.112,0.8001,0,0,0,0
43.143,0.8001,0,0,0,0
43.178,0.8001,0,0,0,0
43.212,0.8001,0,0,0,0
43.245,0.8001,0,0,0,0
43.276,0.8001,0,0,0,0
43.311,0.8001,0,0,0,0
43.342,0.8001,0,0,0,0
43.379,0.8001,0,0,0,0
43.409,0.8001,0,0,0,0
43.442,0.8001,0,0,0,0
43.477,0.8001,0,0,0,0
43.514,0.8001,0,0,0,0
43.546,0.8001,0,0,0,0
43.576,0.8001,0,0,0,0
43.610,0.8001,0,0,0,0
43.646,0.8001,0,0,0,0
43.679,0.8001,0,0,0,0
43.716,0.8001,0,0,0,0
43.744,0.8001,0,0,0,0
43.777,0.8001,0,0,0,0
43.810,0.8001,0,0,0,0
43.844,0.8001,0,0,0,0
43.880,0.8001,0,0,0,0
43.911,0.8000,0,0,0,0
43.946,0.8000,0,0,0,0
43.976,0.8000,0,0,0,0
44.012,0.8000,0,0,0,0
44.045,0.8000,0,0,0,0
44.079,0.8000,0,0,0,0
44.112,0.8000,0,0,0,0
44.142,0.8000,0,0,0,0
44.178,0.8000,0,0,0,0
44.212,0.8000,0,0,0,0
44.245,0.8000,0,0,0,0
44.277,0.8000,0,0,0,0
44.309,0.8000,0,0,0,0
44.346,0.8000,0,0,0,0
44.378,0.8000,0,0,0,0
44.409,0.8000,0,0,0,0
44.443,0.8000,0,0,0,0
44.476,0.8000,0,0,0,0
44.513,0.8000,0,0,0,0
44.545,0.8000,0,0,0,0
44.580,0.8000,0,0,0,0
44.610,0.8000,0,0,0,0
44.646,0.8000,0,0,0,0
44.676,0.8000,0,0,0,0
44.710,0.8000,0,0,0,0
44.746,0.8000,0,0,0,0
44.776,0.7999,0,0,0,0
44.811,0.7999,0,0,0,0
44.843,0.7999,0,0,0,0
44.876,0.7999,0,0,0,0
44.910,0.7999,0,0,0,0
44.945,0.7999,0,0,0,0
44.977,0.7999,0,0,0,0
45.011,0.7999,0,0,0,0
45.046,0.7999,0,0,0,0
45.076,0.7999,0,0,0,0
45.110,0.7999,0,0,0,0
45.145,0.7999,0,0,0,0
45.178,0.7999,0,0,0,0
45.211,0.7999,0,0,0,0
45.247,0.7999,0,0,0,0
45.269,0.7999,0,0,0,0
45.313,0.7999,0,0,0,0
45.344,0.7999,0,0,0,0
45.377,0.7999,0,0,0,0
45.412,0.7999,0,0,0,0
45.444,0.7999,0,0,0,0
45.478,0.7999,0,0,0,0
45.512,0.7999,0,0,0,0
45.547,0.7999,0,0,0,0
45.577,0.7999,0,0,0,0
45.610,0.7999,0,0,0,0
45.645,0.7999,0,0,0,0
45.677,0.7999,0,0,0,0
45.712,0.7998,0,0,0,0
45.746,0.7998,0,0,0,0
45.779,0.7998,0,0,0,0
45.812,0.7998,0,0,0,0
45.842,0.7998,0,0,0,0
45.878,0.7998,0,0,0,0
45.911,0.7998,0,0,0,0
45.936,0.7998,0,0,0,0
45.979,0.7998,0,0,0,0
46.011,0.7998,0,0,0,0
46.046,0.7998,0,0,0,0
46.076,0.7998,0,0,0,0
46.112,0.7998,0,0,0,0
46.143,0.7998,0,0,0,0
46.179,0.7998,0,0,0,0
46.214,0.7998,0,0,0,0
46.244,0.7998,0,0,0,0
46.276,0.7998,0,0,0,0
46.311,0.7998,0,0,0,0
46.346,0.7998,0,0,0,0
46.379,0.7998,0,0,0,0
46.413,0.7998,0,0,0,0
46.442,0.7998,0,0,0,0
46.477,0.7998,0,0,0,0
46.510,0.7998,0,0,0,0
46.545,0.7998,0,0,0,0
46.581,0.7998,0,0,0,0
46.608,0.7998,0,0,0,0
46.644,0.7997,0,0,0,0
46.678,0.7997,0,0,0,0
46.709,0.7997,0,0,0,0
46.746,0.7997,0,0,0,0
46.776,0.7997,0,0,0,0
46.810,0.7997,0,0,0,0
46.847,0.7997,0,0,0,0
46.880,0.7997,0,0,0,0
46.910,0.7997,0,0,0,0
46.942,0.7997,0,0,0,0
46.979,0.7997,0,0,0,0
47.011,0.7997,0,0,0,0
47.046,0.7997,0,0,0,0
47.077,0.7997,0,0,0,0
47.113,0.7997,0,0,0,0
47.145,0.7997,0,0,0,0
47.179,0.7997,0,0,0,0
47.210,0.7997,0,0,0,0
47.243,0.7997,0,0,0,0
47.278,0.7997,0,0,0,0
47.310,0.7997,0,0,0,0
47.344,0.7997,0,0,0,0
47.379,0.7997,0,0,0,0
47.412,0.7997,0,0,0,0
47.444,0.7997,0,0,0,0
47.479,0.7997,0,0,0,0
47.511,0.7997,0,0,0,0
47.544,0.7997,0,0,0,0
47.578,0.7997,0,0,0,0
47.610,0.7996,0,0,0,0
47.643,0.7996,0,0,0,0
47.676,0.7996,0,0,0,0
47.709,0.7996,0,0,0,0
47.744,0.7996,0,0,0,0
47.777,0.7996,0,0,0,0
47.811,0.7996,0,0,0,0
47.843,0.7996,0,0,0,0
47.876,0.7996,0,0,0,0
47.911,0.7996,0,0,0,0
47.942,0.7996,0,0,0,0
47.977,0.7996,0,0,0,0
48.011,0.7996,0,0,0,0
48.044,0.7996,0,0,0,0
48.076,0.7996,0,0,0,0
48.113,0.7996,0,0,0,0
48.146,0.7996,0,0,0,0
48.180,0.7996,0,0,0,0
48.210,0.7996,0,0,0,0
48.246,0.7996,0,0,0,0
48.280,0.7996,0,0,0,0
48.309,0.7996,0,0,0,0
48.344,0.7996,0,0,0,0
48.377,0.7996,0,0,0,0
48.413,0.7996,0,0,0,0
48.446,0.7996,0,0,0,0
48.479,0.7996,0,0,0,0
48.513,0.7996,0,0,0,0
48.544,0.7996,0,0,0,0
48.580,0.7996,0,0,0,0
48.610,0.7995,0,0,0,0
48.646,0.7995,0,0,0,0
48.678,0.7995,0,0,0,0
48.711,0.7995,0,0,0,0
48.747,0.7995,0,0,0,0
48.777,0.7995,0,0,0,0
48.813,0.7995,0,0,0,0
48.846,0.7995,0,0,0,0
48.876,0.7995,0,0,0,0
48.909,0.7995,0,0,0,0
48.943,0.7995,0,0,0,0
48.977,0.7995,0,0,0,0
49.011,0.7995,0,0,0,0
49.042,0.7995,0,0,0,0
49.076,0.7995,0,0,0,0
49.113,0.7995,0,0,0,0
49.145,0.7995,0,0,0,0
49.176,0.7995,0,0,0,0
49.212,0.7995,0,0,0,0
49.242,0.7995,0,0,0,0
49.278,0.7995,0,0,0,0
49.310,0.7995,0,0,0,0
49.346,0.7995,0,0,0,0
49.376,0.7995,0,0,0,0
49.410,0.7995,0,0,0,0
49.443,0.7995,0,0,0,0
49.477,0.7995,0,0,0,0
49.509,0.7995,0,0,0,0
49.545,0.7995,0,0,0,0
49.577,0.7995,0,0,0,0
49.613,0.7994,0,0,0,0
49.644,0.7994,0,0,0,0
49.676,0.7994,0,0,0,0
49.712,0.7994,0,0,0,0
49.745,0.7994,0,0,0,0
49.777,0.7994,0,0,0,0
49.813,0.7994,0,0,0,0
49.844,0.7994,0,0,0,0
49.878,0.7994,0,0,0,0
49.912,0.7994,0,0,0,0
49.944,0.7994,0,0,0,0
49.975,0.7994,0,0,0,0
50.010,0.7994,0,0,0,0
50.045,0.7994,0,0,0,0
50.079,0.7994,0,0,0,0
50.112,0.7994,0,0,0,0
50.146,0.7994,0,0,0,0
50.177,0.7994,0,0,0,0
50.212,0.7994,0,0,0,0
50.246,0.7994,0,0,0,0
50.278,0.7994,0,0,0,0
50.310,0.7994,0,0,0,0
50.346,0.7994,0,0,0,0
50.376,0.7994,0,0,0,0
50.410,0.7994,0,0,0,0
50.444,0.7994,0,0,0,0
50.477,0.7994,0,0,0,0
50.509,0.7994,0,0,0,0
50.546,0.7994,0,0,0,0
50.577,0.7994,0,0,0,0
50.612,0.7994,0,0,0,0
50.642,0.7993,0,0,0,0
50.679,0.7993,0,0,0,0
50.711,0.7993,0,0,0,0
50.745,0.7993,0,0,0,0
50.776,0.7993,0,0,0,0
50.811,0.7993,0,0,0,0
50.843,0.7993,0,0,0,0
50.879,0.7993,0,0,0,0
50.909,0.7993,0,0,0,0
50.947,0.7993,0,0,0,0
50.980,0.7993,0,0,0,0
51.010,0.7993,0,0,0,0
51.044,0.7993,0,0,0,0
51.079,0.7993,0,0,0,0
51.112,0.7993,0,0,0,0
51.146,0.7993,0,0,0,0
51.177,0.7993,0,0,0,0
51.212,0.7993,0,0,0,0
51.247,0.7993,0,0,0,0
51.279,0.7993,0,0,0,0
51.312,0.7993,0,0,0,0
51.342,0.7993,0,0,0,0
51.378,0.7993,0,0,0,0
51.410,0.7993,0,0,0,0
51.445,0.7993,0,0,0,0
51.479,0.7993,0,0,0,0
51.511,0.7993,0,0,0,0
51.546,0.7993,0,0,0,0
51.576,0.7993,0,0,0,0
51.611,0.7993,0,0,0,0
51.643,0.7993,0,0,0,0
51.676,0.7993,0,0,0,0
51.711,0.7992,0,0,0,0
51.747,0.7992,0,0,0,0
51.776,0.7992,0,0,0,0
51.810,0.7992,0,0,0,0
51.843,0.7992,0,0,0,0
51.878,0.7992,0,0,0,0
51.912,0.7992,0,0,0,0
51.943,0.7992,0,0,0,0
51.978,0.7992,0,0,0,0
52.010,0.7992,0,0,0,0
52.046,0.7992,0,0,0,0
52.074,0.7992,0,0,0,0
52.113,0.7992,0,0,0,0
52.144,0.7992,0,0,0,0
52.177,0.7992,0,0,0,0
52.213,0.7992,0,0,0,0
52.246,0.7992,0,0,0,0
52.276,0.7992,0,0,0,0
52.312,0.7992,0,0,0,0
52.345,0.7992,0,0,0,0
52.376,0.7992,0,0,0,0
52.410,0.7992,0,0,0,0
52.446,0.7992,0,0,0,0
52.479,0.7992,0,0,0,0
52.510,0.7992,0,0,0,0
52.547,0.7992,0,0,0,0
52.575,0.7992,0,0,0,0
52.611,0.7992,0,0,0,0
52.643,0.7992,0,0,0,0
52.677,0.7992,0,0,0,0
52.710,0.7992,0,0,0,0
52.741,0.7992,0,0,0,0
52.779,0.7992,0,0,0,0
52.811,0.7991,0,0,0,0
52.846,0.7991,0,0,0,0
52.877,0.7991,0,0,0,0
52.912,0.7991,0,0,0,0
52.944,0.7991,0,0,0,0
52.978,0.7991,0,0,0,0
53.012,0.7991,0,0,0,0
53.047,0.7991,0,0,0,0
53.080,0.7991,0,0,0,0
53.113,0.7991,0,0,0,0
53.143,0.7991,0,0,0,0
53.180,0.7991,0,0,0,0
53.213,0.7991,0,0,0,0
53.243,0.7991,0,0,0,0
53.276,0.7991,0,0,0,0
53.313,0.7991,0,0,0,0
53.343,0.7991,0,0,0,0
53.377,0.7991,0,0,0,0
53.411,0.7991,0,0,0,0
53.444,0.7991,0,0,0,0
53.480,0.7991,0,0,0,0
53.501,0.7991,0,0,0,0
53.544,0.7991,0,0,0,0
53.577,0.7991,0,0,0,0
53.611,0.7991,0,0,0,0
53.643,0.7991,0,0,0,0
53.676,0.7991,0,0,0,0
53.713,0.7991,0,0,0,0
53.745,0.7991,0,0,0,0
53.779,0.7991,0,0,0,0
53.811,0.7991,0,0,0,0
53.843,0.7991,0,0,0,0
53.878,0.7991,0,0,0,0
53.911,0.7991,0,0,0,0
53.947,0.7991,0,0,0,0
53.977,0.7990,0,0,0,0
54.011,0.7990,0,0,0,0
54.045,0.7990,0,0,0,0
54.078,0.7990,0,0,0,0
54.110,0.7990,0,0,0,0
54.143,0.7990,0,0,0,0
54.176,0.7990,0,0,0,0
54.208,0.7990,0,0,0,0
54.242,0.7990,0,0,0,0
54.277,0.7990,0,0,0,0
54.310,0.7990,0,0,0,0
54.344,0.7990,0,0,0,0
54.377,0.7990,0,0,0,0
54.410,0.7990,0,0,0,0
54.443,0.7990,0,0,0,0
54.476,0.7990,0,0,0,0
54.512,0.7990,0,0,0,0
54.545,0.7990,0,0,0,0
54.578,0.7990,0,0,0,0
54.613,0.7990,0,0,0,0
54.643,0.7990,0,0,0,0
54.680,0.7990,0,0,0,0
54.712,0.7990,0,0,0,0
54.744,0.7990,0,0,0,0
54.776,0.7990,0,0,0,0
54.810,0.7990,0,0,0,0
54.842,0.7990,0,0,0,0
54.877,0.7990,0,0,0,0
54.911,0.7990,0,0,0,0
54.944,0.7990,0,0,0,0
54.979,0.7990,0,0,0,0
55.011,0.7990,0,0,0,0
55.046,0.7990,0,0,0,0
55.079,0.7990,0,0,0,0
55.110,0.7990,0,0,0,0
55.143,0.7989,0,0,0,0
55.177,0.7989,0,0,0,0
55.213,0.7989,0,0,0,0
55.245,0.7989,0,0,0,0
55.280,0.7989,0,0,0,0
55.309,0.7989,0,0,0,0
55.346,0.7989,0,0,0,0
55.379,0.7989,0,0,0,0
55.410,0.7989,0,0,0,0
55.445,0.7989,0,0,0,0
55.477,0.7989,0,0,0,0
55.512,0.7989,0,0,0,0
55.544,0.7989,0,0,0,0
55.576,0.7989,0,0,0,0
55.612,0.7989,0,0,0,0
55.645,0.7989,0,0,0,0
55.680,0.7989,0,0,0,0
55.702,0.7989,0,0,0,0
55.745,0.7989,0,0,0,0
55.780,0.7989,0,0,0,0
55.809,0.7989,0,0,0,0
55.845,0.7989,0,0,0,0
55.876,0.7989,0,0,0,0
55.912,0.7989,0,0,0,0
55.946,0.7989,0,0,0,0
55.978,0.7989,0,0,0,0
56.010,0.7989,0,0,0,0
56.044,0.7989,0,0,0,0
56.076,0.7989,0,0,0,0
56.112,0.7989,0,0,0,0
56.146,0.7989,0,0,0,0
56.177,0.7989,0,0,0,0
56.213,0.7989,0,0,0,0
56.246,0.7989,0,0,0,0
56.277,0.7989,0,0,0,0
56.310,0.7989,0,0,0,0
56.345,0.7989,0,0,0,0
56.377,0.7988,0,0,0,0
56.408,0.7988,0,0,0,0
56.445,0.7988,0,0,0,0
56.477,0.7988,0,0,0,0
56.514,0.7988,0,0,0,0
56.543,0.7988,0,0,0,0
56.578,0.7988,0,0,0,0
56.610,0.7988,0,0,0,0
56.646,0.7988,0,0,0,0
56.680,0.7988,0,0,0,0
56.710,0.7988,0,0,0,0
56.743,0.7988,0,0,0,0
56.779,0.7988,0,0,0,0
56.809,0.7988,0,0,0,0
56.845,0.7988,0,0,0,0
56.880,0.7988,0,0,0,0
56.913,0.7988,0,0,0,0
56.946,0.7988,0,0,0,0
56.978,0.7988,0,0,0,0
57.013,0.7988,0,0,0,0
57.046,0.7988,0,0,0,0
57.080,0.7988,0,0,0,0
57.112,0.7988,0,0,0,0
57.143,0.7988,0,0,0,0
57.179,0.7988,0,0,0,0
57.212,0.7988,0,0,0,0
57.244,0.7988,0,0,0,0
57.279,0.7988,0,0,0,0
57.312,0.7988,0,0,0,0
57.345,0.7988,0,0,0,0
57.379,0.7988,0,0,0,0
57.409,0.7988,0,0,0,0
57.446,0.7988,0,0,0,0
57.476,0.7988,0,0,0,0
57.512,0.7988,0,0,0,0
57.545,0.7988,0,0,0,0
57.577,0.7988,0,0,0,0
57.610,0.7987,0,0,0,0
57.645,0.7987,0,0,0,0
57.677,0.7987,0,0,0,0
57.712,0.7987,0,0,0,0
57.745,0.7987,0,0,0,0
57.776,0.7987,0,0,0,0
57.809,0.7987,0,0,0,0
57.846,0.7987,0,0,0,0
57.875,0.7987,0,0,0,0
57.912,0.7987,0,0,0,0
57.945,0.7987,0,0,0,0
57.979,0.7987,0,0,0,0
58.009,0.7987,0,0,0,0
58.046,0.7987,0,0,0,0
58.077,0.7987,0,0,0,0
58.112,0.7987,0,0,0,0
58.145,0.7987,0,0,0,0
58.180,0.7987,0,0,0,0
58.211,0.7987,0,0,0,0
58.244,0.7987,0,0,0,0
58.277,0.7987,0,0,0,0
58.313,0.7987,0,0,0,0
58.344,0.7987,0,0,0,0
58.380,0.7987,0,0,0,0
58.411,0.7987,0,0,0,0
58.444,0.7987,0,0,0,0
58.480,0.7987,0,0,0,0
58.512,0.7987,0,0,0,0
58.544,0.7987,0,0,0,0
58.581,0.7987,0,0,0,0
58.611,0.7987,0,0,0,0
58.646,0.7987,0,0,0,0
58.678,0.7987,0,0,0,0
58.712,0.7987,0,0,0,0
58.744,0.7987,0,0,0,0
58.776,0.7987,0,0,0,0
58.813,0.7987,0,0,0,0
58.843,0.7987,0,0,0,0
58.877,0.7987,0,0,0,0
58.913,0.7986,0,0,0,0
58.943,0.7986,0,0,0,0
58.976,0.7986,0,0,0,0
59.012,0.7986,0,0,0,0
59.042,0.7986,0,0,0,0
59.077,0.7986,0,0,0,0
59.112,0.7986,0,0,0,0
59.145,0.7986,0,0,0,0
59.178,0.7986,0,0,0,0
59.209,0.7986,0,0,0,0
59.247,0.7986,0,0,0,0
59.275,0.7986,0,0,0,0
59.313,0.7986,0,0,0,0
59.345,0.7986,0,0,0,0
59.379,0.7986,0,0,0,0
59.411,0.7986,0,0,0,0
59.443,0.7986,0,0,0,0
59.479,0.7986,0,0,0,0
59.509,0.7986,0,0,0,0
59.543,0.7986,0,0,0,0
59.579,0.7986,0,0,0,0
59.612,0.7986,0,0,0,0
59.643,0.7986,0,0,0,0
59.678,0.7986,0,0,0,0
59.712,0.7986,0,0,0,0
59.745,0.7986,0,0,0,0
59.778,0.7986,0,0,0,0
59.811,0.7986,0,0,0,0
59.844,0.7986,0,0,0,0
59.878,0.7986,0,0,0,0
59.912,0.7986,0,0,0,0
59.946,0.7986,0,0,0,0
59.977,0.7986,0,0,0,0
60.013,0.7986,0,0,0,0
60.045,0.7986,0,0,0,0
60.078,0.7986,0,0,0,0
60.112,0.7986,0,0,0,0
60.148,0.7986,0,0,0,0
60.177,0.7986,0,0,0,0
60.212,0.7986,0,0,0,0
60.245,0.7986,0,0,0,0
60.276,0.7986,0,0,0,0
60.312,0.7985,0,0,0,0
60.346,0.7985,0,0,0,0
60.378,0.7985,0,0,0,0
60.411,0.7985,0,0,0,0
60.443,0.7985,0,0,0,0
60.480,0.7985,0,0,0,0
60.513,0.7985,0,0,0,0
60.545,0.7985,0,0,0,0
60.576,0.7985,0,0,0,0
60.620,0.7985,0,0,0,0
60.644,0.7985,0,0,0,0
60.677,0.7985,0,0,0,0
60.709,0.7985,0,0,0,0
60.743,0.7985,0,0,0,0
60.778,0.7985,0,0,0,0
60.812,0.7985,0,0,0,0
60.844,0.7985,0,0,0,0
60.879,0.7985,0,0,0,0
60.910,0.7985,0,0,0,0
60.945,0.7985,0,0,0,0
60.977,0.7985,0,0,0,0
61.013,0.7985,0,0,0,0
61.044,0.7985,0,0,0,0
61.080,0.7985,0,0,0,0
61.111,0.7985,0,0,0,0
61.144,0.7985,0,0,0,0
61.177,0.7985,0,0,0,0
61.212,0.7985,0,0,0,0
61.244,0.7985,0,0,0,0
61.286,0.7985,0,0,0,0
61.313,0.7985,0,0,0,0
61.344,0.7985,0,0,0,0
61.376,0.7985,0,0,0,0
61.410,0.7985,0,0,0,0
61.442,0.7985,0,0,0,0
61.480,0.7985,0,0,0,0
61.513,0.7985,0,0,0,0
61.546,0.7985,0,0,0,0
61.580,0.7985,0,0,0,0
61.613,0.7985,0,0,0,0
61.646,0.7985,0,0,0,0
61.680,0.7985,0,0,0,0
61.710,0.7984,0,0,0,0
61.744,0.7984,0,0,0,0
61.776,0.7984,0,0,0,0
61.813,0.7984,0,0,0,0
61.845,0.7984,0,0,0,0
61.879,0.7984,0,0,0,0
61.911,0.7984,0,0,0,0
61.943,0.7984,0,0,0,0
61.978,0.7984,0,0,0,0
62.012,0.7984,0,0,0,0
62.045,0.7984,0,0,0,0
62.079,0.7984,0,0,0,0
62.115,0.7984,0,0,0,0
62.146,0.7984,0,0,0,0
62.176,0.7984,0,0,0,0
62.209,0.7984,0,0,0,0
62.245,0.7984,0,0,0,0
62.276,0.7984,0,0,0,0
62.312,0.7984,0,0,0,0
62.346,0.7984,0,0,0,0
62.379,0.7984,0,0,0,0
62.412,0.7984,0,0,0,0
62.444,0.7984,0,0,0,0
62.478,0.7984,0,0,0,0
62.509,0.7984,0,0,0,0
62.545,0.7984,0,0,0,0
62.577,0.7984,0,0,0,0
62.609,0.7984,0,0,0,0
62.645,0.7984,0,0,0,0
62.676,0.7984,0,0,0,0
62.711,0.7984,0,0,0,0
62.745,0.7984,0,0,0,0
62.776,0.7984,0,0,0,0
62.813,0.7984,0,0,0,0
62.845,0.7984,0,0,0,0
62.876,0.7984,0,0,0,0
62.912,0.7984,0,0,0,0
62.947,0.7984,0,0,0,0
62.976,0.7984,0,0,0,0
63.010,0.7984,0,0,0,0
63.045,0.7984,0,0,0,0
63.076,0.7984,0,0,0,0
63.111,0.7984,0,0,0,0
63.143,0.7984,0,0,0,0
63.177,0.7984,0,0,0,0
63.213,0.7983,0,0,0,0
63.246,0.7983,0,0,0,0
63.275,0.7983,0,0,0,0
63.320,0.7983,0,0,0,0
63.345,0.7983,0,0,0,0
63.379,0.7983,0,0,0,0
63.411,0.7983,0,0,0,0
63.444,0.7983,0,0,0,0
63.478,0.7983,0,0,0,0
63.512,0.7983,0,0,0,0
63.542,0.7983,0,0,0,0
63.576,0.7983,0,0,0,0
63.612,0.7983,0,0,0,0
63.646,0.7983,0,0,0,0
63.680,0.7983,0,0,0,0
63.712,0.7983,0,0,0,0
63.744,0.7983,0,0,0,0
63.777,0.7983,0,0,0,0
63.813,0.7983,0,0,0,0
63.841,0.7983,0,0,0,0
63.878,0.7983,0,0,0,0
63.911,0.7983,0,0,0,0
63.945,0.7983,0,0,0,0
63.980,0.7983,0,0,0,0
64.012,0.7983,0,0,0,0
64.044,0.7983,0,0,0,0
64.077,0.7983,0,0,0,0
64.109,0.7983,0,0,0,0
64.144,0.7983,0,0,0,0
64.177,0.7983,0,0,0,0
64.216,0.7983,0,0,0,0
64.245,0.7983,0,0,0,0
64.277,0.7983,0,0,0,0
64.310,0.7983,0,0,0,0
64.346,0.7983,0,0,0,0
64.376,0.7983,0,0,0,0
64.411,0.7983,0,0,0,0
64.445,0.7983,0,0,0,0
64.479,0.7983,0,0,0,0
64.512,0.7983,0,0,0,0
64.542,0.7983,0,0,0,0
64.576,0.7983,0,0,0,0
64.614,0.7983,0,0,0,0
64.635,0.7983,0,0,0,0
64.679,0.7983,0,0,0,0
64.711,0.7983,0,0,0,0
64.743,0.7982,0,0,0,0
64.780,0.7982,0,0,0,0
64.813,0.7982,0,0,0,0
64.844,0.7982,0,0,0,0
64.876,0.7982,0,0,0,0
64.913,0.7982,0,0,0,0
64.942,0.7982,0,0,0,0
64.977,0.7982,0,0,0,0
65.014,0.7982,0,0,0,0
65.042,0.7982,0,0,0,0
65.079,0.7982,0,0,0,0
65.111,0.7982,0,0,0,0
65.144,0.7982,0,0,0,0
65.177,0.7982,0,0,0,0
65.211,0.7982,0,0,0,0
65.244,0.7982,0,0,0,0
65.277,0.7982,0,0,0,0
65.314,0.7982,0,0,0,0
65.335,0.7982,0,0,0,0
65.376,0.7982,0,0,0,0
65.412,0.7982,0,0,0,0
65.442,0.7982,0,0,0,0
65.480,0.7982,0,0,0,0
65.509,0.7982,0,0,0,0
65.544,0.7982,0,0,0,0
65.582,0.7982,0,0,0,0
65.611,0.7982,0,0,0,0
65.643,0.7982,0,0,0,0
65.676,0.7982,0,0,0,0
65.709,0.7982,0,0,0,0
65.743,0.7982,0,0,0,0
65.781,0.7982,0,0,0,0
65.813,0.7982,0,0,0,0
65.843,0.7982,0,0,0,0
65.878,0.7982,0,0,0,0
65.916,0.7982,0,0,0,0
65.945,0.7982,0,0,0,0
65.976,0.7982,0,0,0,0
66.013,0.7982,0,0,0,0
66.046,0.7982,0,0,0,0
66.080,0.7982,0,0,0,0
66.111,0.7982,0,0,0,0
66.146,0.7982,0,0,0,0
66.177,0.7982,0,0,0,0
66.212,0.7982,0,0,0,0
66.244,0.7982,0,0,0,0
66.276,0.7982,0,0,0,0
66.310,0.7982,0,0,0,0
66.344,0.7982,0,0,0,0
66.376,0.7981,0,0,0,0
66.410,0.7981,0,0,0,0
66.447,0.7981,0,0,0,0
66.479,0.7981,0,0,0,0
66.511,0.7981,0,0,0,0
66.543,0.7981,0,0,0,0
66.579,0.7981,0,0,0,0
66.612,0.7981,0,0,0,0
66.644,0.7981,0,0,0,0
66.677,0.7981,0,0,0,0
66.713,0.7981,0,0,0,0
66.742,0.7981,0,0,0,0
66.780,0.7981,0,0,0,0
66.812,0.7981,0,0,0,0
66.848,0.7981,0,0,0,0
66.879,0.7981,0,0,0,0
66.909,0.7981,0,0,0,0
66.948,0.7981,0,0,0,0
66.981,0.7981,0,0,0,0
67.013,0.7981,0,0,0,0
67.045,0.7981,0,0,0,0
67.078,0.7981,0,0,0,0
67.111,0.7981,0,0,0,0
67.143,0.7981,0,0,0,0
67.181,0.7981,0,0,0,0
67.213,0.7981,0,0,0,0
67.245,0.7981,0,0,0,0
67.276,0.7981,0,0,0,0
67.312,0.7981,0,0,0,0
67.346,0.7981,0,0,0,0
67.380,0.7981,0,0,0,0
67.412,0.7981,0,0,0,0
67.443,0.7981,0,0,0,0
67.481,0.7981,0,0,0,0
67.511,0.7981,0,0,0,0
67.543,0.7981,0,0,0,0
67.577,0.7981,0,0,0,0
67.614,0.7981,0,0,0,0
67.646,0.7981,0,0,0,0
67.676,0.7981,0,0,0,0
67.712,0.7981,0,0,0,0
67.745,0.7981,0,0,0,0
67.775,0.7981,0,0,0,0
67.810,0.7981,0,0,0,0
67.843,0.7981,0,0,0,0
67.879,0.7981,0,0,0,0
67.910,0.7981,0,0,0,0
67.946,0.7981,0,0,0,0
67.977,0.7981,0,0,0,0
68.010,0.7981,0,0,0,0
68.044,0.7981,0,0,0,0
68.078,0.7980,0,0,0,0
68.112,0.7980,0,0,0,0
68.143,0.7980,0,0,0,0
68.179,0.7980,0,0,0,0
68.212,0.7980,0,0,0,0
68.245,0.7980,0,0,0,0
68.279,0.7980,0,0,0,0
68.309,0.7980,0,0,0,0
68.343,0.7980,0,0,0,0
68.379,0.7980,0,0,0,0
68.412,0.7980,0,0,0,0
68.444,0.7980,0,0,0,0
68.482,0.7980,0,0,0,0
68.514,0.7980,0,0,0,0
68.546,0.7980,0,0,0,0
68.578,0.7980,0,0,0,0
68.613,0.7980,0,0,0,0
68.643,0.7980,0,0,0,0
68.676,0.7980,0,0,0,0
68.714,0.7980,0,0,0,0
68.748,0.7980,0,0,0,0
68.778,0.7980,0,0,0,0
68.810,0.7980,0,0,0,0
68.847,0.7980,0,0,0,0
68.879,0.7980,0,0,0,0
68.911,0.7980,0,0,0,0
68.944,0.7980,0,0,0,0
68.976,0.7980,0,0,0,0
69.010,0.7980,0,0,0,0
69.043,0.7980,0,0,0,0
69.076,0.7980,0,0,0,0
69.114,0.7980,0,0,0,0
69.146,0.7980,0,0,0,0
69.177,0.7980,0,0,0,0
69.212,0.7980,0,0,0,0
69.245,0.7980,0,0,0,0
69.276,0.7980,0,0,0,0
69.311,0.7980,0,0,0,0
69.348,0.7980,0,0,0,0
69.379,0.7980,0,0,0,0
69.417,0.7980,0,0,0,0
69.445,0.7980,0,0,0,0
69.477,0.7980,0,0,0,0
69.513,0.7980,0,0,0,0
69.544,0.7980,0,0,0,0
69.577,0.7980,0,0,0,0
69.613,0.7980,0,0,0,0
69.645,0.7980,0,0,0,0
69.676,0.7980,0,0,0,0
69.715,0.7980,0,0,0,0
69.742,0.7980,0,0,0,0
69.781,0.7980,0,0,0,0
69.814,0.7980,0,0,0,0
69.846,0.7980,0,0,0,0
69.878,0.7979,0,0,0,0
69.909,0.7979,0,0,0,0
69.948,0.7979,0,0,0,0
69.981,0.7979,0,0,0,0
70.013,0.7979,0,0,0,0
70.044,0.7979,0,0,0,0
70.077,0.7979,0,0,0,0
70.109,0.7979,0,0,0,0
70.149,0.7979,0,0,0,0
70.177,0.7979,0,0,0,0
70.212,0.7979,0,0,0,0
70.243,0.7979,0,0,0,0
70.280,0.7979,0,0,0,0
70.312,0.7979,0,0,0,0
70.344,0.7979,0,0,0,0
70.377,0.7979,0,0,0,0
70.411,0.7979,0,0,0,0
70.444,0.7979,0,0,0,0
70.478,0.7979,0,0,0,0
70.510,0.7979,0,0,0,0
70.543,0.7979,0,0,0,0
70.579,0.7979,0,0,0,0
70.613,0.7979,0,0,0,0
70.645,0.7979,0,0,0,0
70.682,0.7979,0,0,0,0
70.712,0.7979,0,0,0,0
70.746,0.7979,0,0,0,0
70.778,0.7979,0,0,0,0
70.813,0.7979,0,0,0,0
70.847,0.7979,0,0,0,0
70.880,0.7979,0,0,0,0
70.914,0.7979,0,0,0,0
70.946,0.7979,0,0,0,0
70.978,0.7979,0,0,0,0
71.013,0.7979,0,0,0,0
71.048,0.7979,0,0,0,0
71.076,0.7979,0,0,0,0
71.110,0.7979,0,0,0,0
71.145,0.7979,0,0,0,0
71.177,0.7979,0,0,0,0
71.213,0.7979,0,0,0,0
71.246,0.7979,0,0,0,0
71.279,0.7979,0,0,0,0
71.309,0.7979,0,0,0,0
71.345,0.7979,0,0,0,0
71.377,0.7979,0,0,0,0
71.413,0.7979,0,0,0,0
71.446,0.7979,0,0,0,0
71.475,0.7979,0,0,0,0
71.510,0.7979,0,0,0,0
71.544,0.7979,0,0,0,0
71.578,0.7979,0,0,0,0
71.611,0.7979,0,0,0,0
71.644,0.7979,0,0,0,0
71.678,0.7979,0,0,0,0
71.713,0.7979,0,0,0,0
71.745,0.7979,0,0,0,0
71.776,0.7979,0,0,0,0
71.812,0.7978,0,0,0,0
71.850,0.7978,0,0,0,0
71.878,0.7978,0,0,0,0
71.912,0.7978,0,0,0,0
71.945,0.7978,0,0,0,0
71.976,0.7978,0,0,0,0
72.017,0.7978,0,0,0,0
72.044,0.7978,0,0,0,0
72.077,0.7978,0,0,0,0
72.111,0.7978,0,0,0,0
72.143,0.7978,0,0,0,0
72.178,0.7978,0,0,0,0
72.212,0.7978,0,0,0,0
72.246,0.7978,0,0,0,0
72.278,0.7978,0,0,0,0
72.310,0.7978,0,0,0,0
72.343,0.7978,0,0,0,0
72.378,0.7978,0,0,0,0
72.410,0.7978,0,0,0,0
72.445,0.7978,0,0,0,0
72.476,0.7978,0,0,0,0
72.513,0.7978,0,0,0,0
72.545,0.7978,0,0,0,0
72.577,0.7978,0,0,0,0
72.610,0.7978,0,0,0,0
72.646,0.7978,0,0,0,0
72.680,0.7978,0,0,0,0
72.711,0.7978,0,0,0,0
72.746,0.7978,0,0,0,0
72.780,0.7978,0,0,0,0
72.809,0.7978,0,0,0,0
72.845,0.7978,0,0,0,0
72.876,0.7978,0,0,0,0
72.913,0.7978,0,0,0,0
72.949,0.7978,0,0,0,0
72.976,0.7978,0,0,0,0
73.012,0.7978,0,0,0,0
73.046,0.7978,0,0,0,0
73.076,0.7978,0,0,0,0
73.113,0.7978,0,0,0,0
73.143,0.7978,0,0,0,0
73.181,0.7978,0,0,0,0
73.212,0.7978,0,0,0,0
73.243,0.7978,0,0,0,0
73.276,0.7978,0,0,0,0
73.309,0.7978,0,0,0,0
73.341,0.7978,0,0,0,0
73.377,0.7978,0,0,0,0
73.410,0.7978,0,0,0,0
73.444,0.7978,0,0,0,0
73.480,0.7978,0,0,0,0
73.511,0.7978,0,0,0,0
73.547,0.7978,0,0,0,0
73.578,0.7978,0,0,0,0
73.610,0.7978,0,0,0,0
73.643,0.7978,0,0,0,0
73.677,0.7978,0,0,0,0
73.713,0.7978,0,0,0,0
73.745,0.7978,0,0,0,0
73.779,0.7978,0,0,0,0
73.811,0.7978,0,0,0,0
73.846,0.7978,0,0,0,0
73.877,0.7978,0,0,0,0
73.914,0.7977,0,0,0,0
73.946,0.7977,0,0,0,0
73.977,0.7977,0,0,0,0
74.014,0.7977,0,0,0,0
74.046,0.7977,0,0,0,0
74.079,0.7977,0,0,0,0
74.114,0.7977,0,0,0,0
74.143,0.7977,0,0,0,0
74.178,0.7977,0,0,0,0
74.212,0.7977,0,0,0,0
74.246,0.7977,0,0,0,0
74.277,0.7977,0,0,0,0
74.314,0.7977,0,0,0,0
74.346,0.7977,0,0,0,0
74.377,0.7977,0,0,0,0
74.411,0.7977,0,0,0,0
74.445,0.7977,0,0,0,0
74.479,0.7977,0,0,0,0
74.513,0.7977,0,0,0,0
74.548,0.7977,0,0,0,0
74.584,0.7977,0,0,0,0
74.612,0.7977,0,0,0,0
74.648,0.7977,0,0,0,0
74.680,0.7977,0,0,0,0
74.713,0.7977,0,0,0,0
74.742,0.7977,0,0,0,0
74.777,0.7977,0,0,0,0
74.810,0.7977,0,0,0,0
74.844,0.7977,0,0,0,0
74.877,0.7977,0,0,0,0
74.910,0.7977,0,0,0,0
74.945,0.7977,0,0,0,0
74.980,0.7977,0,0,0,0
75.014,0.7977,0,0,0,0
75.042,0.7977,0,0,0,0
75.079,0.7977,0,0,0,0
75.114,0.7977,0,0,0,0
75.143,0.7977,0,0,0,0
75.177,0.7977,0,0,0,0
75.211,0.7977,0,0,0,0
75.245,0.7977,0,0,0,0
75.279,0.7977,0,0,0,0
75.314,0.7977,0,0,0,0
75.346,0.7977,0,0,0,0
75.376,0.7977,0,0,0,0
75.411,0.7977,0,0,0,0
75.444,0.7977,0,0,0,0
75.479,0.7977,0,0,0,0
75.512,0.7977,0,0,0,0
75.544,0.7977,0,0,0,0
75.579,0.7977,0,0,0,0
75.613,0.7977,0,0,0,0
75.646,0.7977,0,0,0,0
75.680,0.7977,0,0,0,0
75.712,0.7977,0,0,0,0
75.743,0.7977,0,0,0,0
75.778,0.7977,0,0,0,0
75.813,0.7977,0,0,0,0
75.843,0.7977,0,0,0,0
75.877,0.7977,0,0,0,0
75.910,0.7977,0,0,0,0
75.944,0.7977,0,0,0,0
75.980,0.7977,0,0,0,0
76.012,0.7977,0,0,0,0
76.045,0.7976,0,0,0,0
76.079,0.7976,0,0,0,0
76.114,0.7976,0,0,0,0
76.142,0.7976,0,0,0,0
76.182,0.7976,0,0,0,0
76.209,0.7976,0,0,0,0
76.248,0.7976,0,0,0,0
76.277,0.7976,0,0,0,0
76.310,0.7976,0,0,0,0
76.348,0.7976,0,0,0,0
76.379,0.7976,0,0,0,0
76.412,0.7976,0,0,0,0
76.446,0.7976,0,0,0,0
76.477,0.7976,0,0,0,0
76.512,0.7976,0,0,0,0
76.547,0.7976,0,0,0,0
76.579,0.7976,0,0,0,0
76.612,0.7976,0,0,0,0
76.646,0.7976,0,0,0,0
76.678,0.7976,0,0,0,0
76.710,0.7976,0,0,0,0
76.743,0.7976,0,0,0,0
76.780,0.7976,0,0,0,0
76.811,0.7976,0,0,0,0
76.845,0.7976,0,0,0,0
76.877,0.7976,0,0,0,0
76.910,0.7976,0,0,0,0
76.943,0.7976,0,0,0,0
76.977,0.7976,0,0,0,0
77.013,0.7976,0,0,0,0
77.045,0.7976,0,0,0,0
77.077,0.7976,0,0,0,0
77.112,0.7976,0,0,0,0
77.147,0.7976,0,0,0,0
77.178,0.7976,0,0,0,0
77.211,0.7976,0,0,0,0
77.245,0.7976,0,0,0,0
77.277,0.7976,0,0,0,0
77.312,0.7976,0,0,0,0
77.345,0.7976,0,0,0,0
77.378,0.7976,0,0,0,0
77.414,0.7976,0,0,0,0
77.448,0.7976,0,0,0,0
77.479,0.7976,0,0,0,0
77.509,0.7976,0,0,0,0
77.548,0.7976,0,0,0,0
77.576,0.7976,0,0,0,0
77.611,0.7976,0,0,0,0
77.644,0.7976,0,0,0,0
77.676,0.7976,0,0,0,0
77.709,0.7976,0,0,0,0
77.747,0.7976,0,0,0,0
77.782,0.7976,0,0,0,0
77.811,0.7976,0,0,0,0
77.846,0.7976,0,0,0,0
77.879,0.7976,0,0,0,0
77.913,0.7976,0,0,0,0
77.943,0.7976,0,0,0,0
77.981,0.7976,0,0,0,0
78.010,0.7976,0,0,0,0
78.043,0.7976,0,0,0,0
78.080,0.7976,0,0,0,0
78.110,0.7976,0,0,0,0
78.142,0.7976,0,0,0,0
78.176,0.7976,0,0,0,0
78.211,0.7976,0,0,0,0
78.243,0.7976,0,0,0,0
78.279,0.7976,0,0,0,0
78.312,0.7976,0,0,0,0
78.346,0.7976,0,0,0,0
78.380,0.7976,0,0,0,0
78.410,0.7976,0,0,0,0
78.448,0.7976,0,0,0,0
78.476,0.7976,0,0,0,0
78.514,0.7975,0,0,0,0
78.547,0.7975,0,0,0,0
78.578,0.7975,0,0,0,0
78.614,0.7975,0,0,0,0
78.647,0.7975,0,0,0,0
78.681,0.7975,0,0,0,0
78.712,0.7975,0,0,0,0
78.748,0.7975,0,0,0,0
78.779,0.7975,0,0,0,0
78.812,0.7975,0,0,0,0
78.847,0.7975,0,0,0,0
78.877,0.7975,0,0,0,0
78.912,0.7975,0,0,0,0
78.944,0.7975,0,0,0,0
78.976,0.7975,0,0,0,0
79.014,0.7975,0,0,0,0
79.046,0.7975,0,0,0,0
79.077,0.7975,0,0,0,0
79.112,0.7975,0,0,0,0
79.145,0.7975,0,0,0,0
79.181,0.7975,0,0,0,0
79.209,0.7975,0,0,0,0
79.247,0.7975,0,0,0,0
79.279,0.7975,0,0,0,0
79.309,0.7975,0,0,0,0
79.342,0.7975,0,0,0,0
79.380,0.7975,0,0,0,0
79.413,0.7975,0,0,0,0
79.445,0.7975,0,0,0,0
79.477,0.7975,0,0,0,0
79.512,0.7975,0,0,0,0
79.543,0.7975,0,0,0,0
79.577,0.7975,0,0,0,0
79.609,0.7975,0,0,0,0
79.646,0.7975,0,0,0,0
79.676,0.7975,0,0,0,0
79.710,0.7975,0,0,0,0
79.743,0.7975,0,0,0,0
79.777,0.7975,0,0,0,0
79.811,0.7975,0,0,0,0
79.842,0.7975,0,0,0,0
79.880,0.7975,0,0,0,0
79.912,0.7975,0,0,0,0
79.943,0.7975,0,0,0,0
79.979,0.7975,0,0,0,0
80.013,0.7975,0,0,0,0
80.045,0.7975,0,0,0,0
80.078,0.7975,0,0,0,0
80.113,0.7975,0,0,0,0
80.142,0.7975,0,0,0,0
80.178,0.7975,0,0,0,0
80.215,0.7975,0,0,0,0
80.247,0.7975,0,0,0,0
80.278,0.7975,0,0,0,0
80.310,0.7975,0,0,0,0
80.342,0.7975,0,0,0,0
80.379,0.7975,0,0,0,0
80.413,0.7975,0,0,0,0
80.443,0.7975,0,0,0,0
80.478,0.7975,0,0,0,0
80.512,0.7975,0,0,0,0
80.546,0.7975,0,0,0,0
80.579,0.7975,0,0,0,0
80.613,0.7975,0,0,0,0
80.643,0.7975,0,0,0,0
80.680,0.7975,0,0,0,0
80.716,0.7975,0,0,0,0
80.746,0.7975,0,0,0,0
80.782,0.7975,0,0,0,0
80.811,0.7975,0,0,0,0
80.844,0.7975,0,0,0,0
80.877,0.7975,0,0,0,0
80.911,0.7975,0,0,0,0
80.947,0.7975,0,0,0,0
80.977,0.7975,0,0,0,0
81.009,0.7975,0,0,0,0
81.042,0.7975,0,0,0,0
81.080,0.7975,0,0,0,0
81.111,0.7974,0,0,0,0
81.143,0.7974,0,0,0,0
81.177,0.7974,0,0,0,0
81.217,0.7974,0,0,0,0
81.245,0.7974,0,0,0,0
81.277,0.7974,0,0,0,0
81.313,0.7974,0,0,0,0
81.345,0.7974,0,0,0,0
81.376,0.7974,0,0,0,0
81.411,0.7974,0,0,0,0
81.443,0.7974,0,0,0,0
81.476,0.7974,0,0,0,0
81.511,0.7974,0,0,0,0
81.543,0.7974,0,0,0,0
81.580,0.7974,0,0,0,0
81.612,0.7974,0,0,0,0
81.643,0.7974,0,0,0,0
81.678,0.7974,0,0,0,0
81.708,0.7974,0,0,0,0
81.743,0.7974,0,0,0,0
81.779,0.7974,0,0,0,0
81.810,0.7974,0,0,0,0
81.843,0.7974,0,0,0,0
81.879,0.7974,0,0,0,0
81.911,0.7974,0,0,0,0
81.944,0.7974,0,0,0,0
81.978,0.7974,0,0,0,0
82.010,0.7974,0,0,0,0
82.042,0.7974,0,0,0,0
82.080,0.7974,0,0,0,0
82.111,0.7974,0,0,0,0
82.146,0.7974,0,0,0,0
82.180,0.7974,0,0,0,0
82.210,0.7974,0,0,0,0
82.243,0.7974,0,0,0,0
82.280,0.7974,0,0,0,0
82.311,0.7974,0,0,0,0
82.346,0.7974,0,0,0,0
82.383,0.7974,0,0,0,0
82.411,0.7974,0,0,0,0
82.445,0.7974,0,0,0,0
82.481,0.7974,0,0,0,0
82.513,0.7974,0,0,0,0
82.543,0.7974,0,0,0,0
82.575,0.7974,0,0,0,0
82.611,0.7974,0,0,0,0
82.647,0.7974,0,0,0,0
82.677,0.7974,0,0,0,0
82.715,0.7974,0,0,0,0
82.747,0.7974,0,0,0,0
82.776,0.7974,0,0,0,0
82.818,0.7974,0,0,0,0
82.843,0.7974,0,0,0,0
82.880,0.7974,0,0,0,0
82.910,0.7974,0,0,0,0
82.945,0.7974,0,0,0,0
82.982,0.7974,0,0,0,0
83.013,0.7974,0,0,0,0
83.046,0.7974,0,0,0,0
83.080,0.7974,0,0,0,0
83.111,0.7974,0,0,0,0
83.144,0.7974,0,0,0,0
83.178,0.7974,0,0,0,0
83.215,0.7974,0,0,0,0
83.244,0.7974,0,0,0,0
83.281,0.7974,0,0,0,0
83.314,0.7974,0,0,0,0
83.343,0.7974,0,0,0,0
83.380,0.7974,0,0,0,0
83.414,0.7974,0,0,0,0
83.443,0.7974,0,0,0,0
83.477,0.7974,0,0,0,0
83.510,0.7974,0,0,0,0
83.544,0.7974,0,0,0,0
83.576,0.7974,0,0,0,0
83.609,0.7974,0,0,0,0
83.644,0.7974,0,0,0,0
83.680,0.7974,0,0,0,0
83.711,0.7974,0,0,0,0
83.745,0.7974,0,0,0,0
83.781,0.7974,0,0,0,0
83.813,0.7974,0,0,0,0
83.844,0.7974,0,0,0,0
83.876,0.7974,0,0,0,0
83.916,0.7974,0,0,0,0
83.944,0.7974,0,0,0,0
83.977,0.7973,0,0,0,0
84.017,0.7973,0,0,0,0
84.045,0.7973,0,0,0,0
84.077,0.7973,0,0,0,0
84.110,0.7973,0,0,0,0
84.145,0.7973,0,0,0,0
84.180,0.7973,0,0,0,0
84.215,0.7973,0,0,0,0
84.245,0.7973,0,0,0,0
84.281,0.7973,0,0,0,0
84.311,0.7973,0,0,0,0
84.344,0.7973,0,0,0,0
84.377,0.7973,0,0,0,0
84.411,0.7973,0,0,0,0
84.446,0.7973,0,0,0,0
84.478,0.7973,0,0,0,0
84.514,0.7973,0,0,0,0
84.543,0.7973,0,0,0,0
84.577,0.7973,0,0,0,0
84.611,0.7973,0,0,0,0
84.643,0.7973,0,0,0,0
84.679,0.7973,0,0,0,0
84.714,0.7973,0,0,0,0
84.746,0.7973,0,0,0,0
84.779,0.7973,0,0,0,0
84.814,0.7973,0,0,0,0
84.843,0.7973,0,0,0,0
84.879,0.7973,0,0,0,0
84.909,0.7973,0,0,0,0
84.945,0.7973,0,0,0,0
84.979,0.7973,0,0,0,0
85.014,0.7973,0,0,0,0
85.045,0.7973,0,0,0,0
85.082,0.7973,0,0,0,0
85.114,0.7973,0,0,0,0
85.148,0.7973,0,0,0,0
85.179,0.7973,0,0,0,0
85.210,0.7973,0,0,0,0
85.247,0.7973,0,0,0,0
85.279,0.7973,0,0,0,0
85.310,0.7973,0,0,0,0
85.346,0.7973,0,0,0,0
85.378,0.7973,0,0,0,0
85.413,0.7973,0,0,0,0
85.446,0.7973,0,0,0,0
85.484,0.7973,0,0,0,0
85.512,0.7973,0,0,0,0
85.547,0.7973,0,0,0,0
85.583,0.7973,0,0,0,0
85.609,0.7973,0,0,0,0
85.648,0.7973,0,0,0,0
85.681,0.7973,0,0,0,0
85.712,0.7973,0,0,0,0
85.744,0.7973,0,0,0,0
85.780,0.7973,0,0,0,0
85.813,0.7973,0,0,0,0
85.844,0.7973,0,0,0,0
85.881,0.7973,0,0,0,0
85.913,0.7973,0,0,0,0
85.944,0.7973,0,0,0,0
85.979,0.7973,0,0,0,0
86.010,0.7973,0,0,0,0
86.044,0.7973,0,0,0,0
86.076,0.7973,0,0,0,0
86.112,0.7973,0,0,0,0
86.149,0.7973,0,0,0,0
86.180,0.7973,0,0,0,0
86.211,0.7973,0,0,0,0
86.247,0.7973,0,0,0,0
86.282,0.7973,0,0,0,0
86.313,0.7973,0,0,0,0
86.345,0.7973,0,0,0,0
86.376,0.7973,0,0,0,0
86.413,0.7973,0,0,0,0
86.447,0.7973,0,0,0,0
86.477,0.7973,0,0,0,0
86.510,0.7973,0,0,0,0
86.543,0.7973,0,0,0,0
86.574,0.7973,0,0,0,0
86.609,0.7973,0,0,0,0
86.646,0.7973,0,0,0,0
86.677,0.7973,0,0,0,0
86.713,0.7973,0,0,0,0
86.746,0.7973,0,0,0,0
86.776,0.7973,0,0,0,0
86.813,0.7973,0,0,0,0
86.845,0.7973,0,0,0,0
86.879,0.7973,0,0,0,0
86.913,0.7973,0,0,0,0
86.946,0.7973,0,0,0,0
86.976,0.7973,0,0,0,0
87.010,0.7973,0,0,0,0
87.043,0.7973,0,0,0,0
87.077,0.7973,0,0,0,0
87.109,0.7973,0,0,0,0
87.147,0.7973,0,0,0,0
87.178,0.7972,0,0,0,0
87.212,0.7972,0,0,0,0
87.245,0.7972,0,0,0,0
87.277,0.7972,0,0,0,0
87.311,0.7972,0,0,0,0
87.343,0.7972,0,0,0,0
87.377,0.7972,0,0,0,0
87.411,0.7972,0,0,0,0
87.445,0.7972,0,0,0,0
87.476,0.7972,0,0,0,0
87.510,0.7972,0,0,0,0
87.543,0.7972,0,0,0,0
87.579,0.7972,0,0,0,0
87.612,0.7972,0,0,0,0
87.644,0.7972,0,0,0,0
87.679,0.7972,0,0,0,0
87.714,0.7972,0,0,0,0
87.743,0.7972,0,0,0,0
87.778,0.7972,0,0,0,0
87.812,0.7972,0,0,0,0
87.845,0.7972,0,0,0,0
87.881,0.7972,0,0,0,0
87.911,0.7972,0,0,0,0
87.944,0.7972,0,0,0,0
87.978,0.7972,0,0,0,0
88.011,0.7972,0,0,0,0
88.043,0.7972,0,0,0,0
88.077,0.7972,0,0,0,0
88.110,0.7972,0,0,0,0
88.146,0.7972,0,0,0,0
88.176,0.7972,0,0,0,0
88.210,0.7972,0,0,0,0
88.246,0.7972,0,0,0,0
88.280,0.7972,0,0,0,0
88.311,0.7972,0,0,0,0
88.346,0.7972,0,0,0,0
88.377,0.7972,0,0,0,0
88.412,0.7990,2,5,5,2
88.443,0.8039,2,5,5,2
88.478,0.8108,2,5,5,2
88.513,0.8172,2,5,5,2
88.543,0.8210,2,5,5,2
88.576,0.8212,2,5,5,2
88.613,0.8215,2,5,5,2
88.644,0.8216,2,5,5,2
88.678,0.8220,2,5,5,2
88.710,0.8223,2,5,5,2
88.745,0.8225,2,5,5,2
88.777,0.8228,2,5,5,2
88.813,0.8231,2,5,5,2
88.846,0.8233,2,5,5,2
88.879,0.8235,2,5,5,2
88.913,0.8237,2,5,5,2
88.945,0.8238,2,5,5,2
88.978,0.8240,2,5,5,2
89.011,0.8241,2,5,5,2
89.045,0.8242,2,5,5,2
89.077,0.8242,2,5,5,2
89.110,0.8243,2,5,5,2
89.144,0.8243,2,5,5,2
89.177,0.8244,2,5,5,2
89.216,0.8244,2,5,5,2
89.245,0.8244,2,5,5,2
89.272,0.8244,2,5,5,2
89.311,0.8245,2,5,5,2
89.346,0.8245,2,5,5,2
89.379,0.8245,2,5,5,2
89.409,0.8245,2,5,5,2
89.443,0.8245,2,5,5,2
89.479,0.8245,2,5,5,2
89.510,0.8245,2,5,5,2
89.546,0.8245,0,0,0,0
89.580,0.8245,0,0,0,0
89.612,0.8245,0,0,0,0
89.645,0.8245,0,0,0,0
89.677,0.8245,0,0,0,0
89.713,0.8245,0,0,0,0
89.743,0.8245,0,0,0,0
89.779,0.8245,0,0,0,0
89.812,0.8245,0,0,0,0
89.845,0.8245,0,0,0,0
89.876,0.8245,0,0,0,0
89.913,0.8245,0,0,0,0
89.944,0.8245,0,0,0,0
89.976,0.8245,0,0,0,0
90.011,0.8245,0,0,0,0
90.044,0.8245,0,0,0,0
90.078,0.8245,0,0,0,0
90.111,0.8245,0,0,0,0
90.144,0.8245,0,0,0,0
90.179,0.8245,0,0,0,0
90.212,0.8245,0,0,0,0
90.243,0.8245,0,0,0,0
90.277,0.8245,0,0,0,0
90.312,0.8245,0,0,0,0
90.346,0.8245,0,0,0,0
90.376,0.8245,0,0,0,0
90.413,0.8245,0,0,0,0
90.446,0.8245,0,0,0,0
90.476,0.8245,0,0,0,0
90.509,0.8245,0,0,0,0
90.546,0.8245,0,0,0,0
90.577,0.8245,0,0,0,0
90.613,0.8245,0,0,0,0
90.645,0.8245,0,0,0,0
90.676,0.8245,0,0,0,0
90.712,0.8245,0,0,0,0
90.745,0.8245,0,0,0,0
90.779,0.8245,0,0,0,0
90.813,0.8245,0,0,0,0
90.842,0.8245,0,0,0,0
90.877,0.8245,0,0,0,0
90.910,0.8245,0,0,0,0
90.943,0.8245,0,0,0,0
90.980,0.8245,0,0,0,0
91.012,0.8245,0,0,0,0
91.044,0.8245,0,0,0,0
91.079,0.8245,0,0,0,0
91.109,0.8245,0,0,0,0
91.146,0.8245,0,0,0,0
91.177,0.8245,0,0,0,0
91.213,0.8245,0,0,0,0
91.242,0.8245,0,0,0,0
91.277,0.8245,0,0,0,0
91.313,0.8245,0,0,0,0
91.345,0.8245,0,0,0,0
91.376,0.8245,0,0,0,0
91.412,0.8245,0,0,0,0
91.444,0.8245,0,0,0,0
91.479,0.8245,0,0,0,0
91.512,0.8245,0,0,0,0
91.546,0.8245,0,0,0,0
91.577,0.8245,0,0,0,0
91.613,0.8245,0,0,0,0
91.646,0.8245,0,0,0,0
91.677,0.8245,0,0,0,0
91.712,0.8245,0,0,0,0
91.743,0.8245,0,0,0,0
91.780,0.8244,0,0,0,0
91.812,0.8244,0,0,0,0
91.846,0.8244,0,0,0,0
91.876,0.8244,0,0,0,0
91.912,0.8244,0,0,0,0
91.946,0.8244,0,0,0,0
91.977,0.8244,0,0,0,0
92.013,0.8244,0,0,0,0
92.048,0.8244,0,0,0,0
92.078,0.8244,0,0,0,0
92.109,0.8244,0,0,0,0
92.146,0.8244,0,0,0,0
92.177,0.8244,0,0,0,0
92.212,0.8244,0,0,0,0
92.244,0.8244,0,0,0,0
92.276,0.8244,0,0,0,0
92.311,0.8244,0,0,0,0
92.346,0.8244,0,0,0,0
92.376,0.8244,0,0,0,0
92.413,0.8244,0,0,0,0
92.445,0.8244,0,0,0,0
92.478,0.8244,0,0,0,0
92.513,0.8244,0,0,0,0
92.546,0.8244,0,0,0,0
92.577,0.8244,0,0,0,0
92.613,0.8244,0,0,0,0
92.643,0.8244,0,0,0,0
92.677,0.8244,0,0,0,0
92.712,0.8244,0,0,0,0
92.744,0.8244,0,0,0,0
92.778,0.8244,0,0,0,0
92.808,0.8244,0,0,0,0
92.847,0.8244,0,0,0,0
92.879,0.8244,0,0,0,0
92.910,0.8244,0,0,0,0
92.944,0.8244,0,0,0,0
92.980,0.8244,0,0,0,0
93.010,0.8244,0,0,0,0
93.047,0.8244,0,0,0,0
93.080,0.8244,0,0,0,0
93.111,0.8244,0,0,0,0
93.142,0.8244,0,0,0,0
93.177,0.8244,0,0,0,0
93.214,0.8244,0,0,0,0
93.243,0.8244,0,0,0,0
93.277,0.8244,0,0,0,0
93.312,0.8244,0,0,0,0
93.344,0.8244,0,0,0,0
93.377,0.8244,0,0,0,0
93.412,0.8244,0,0,0,0
93.446,0.8244,0,0,0,0
93.478,0.8244,0,0,0,0
93.511,0.8244,0,0,0,0
93.543,0.8244,0,0,0,0
93.572,0.8244,0,0,0,0
93.612,0.8244,0,0,0,0
93.644,0.8244,0,0,0,0
93.678,0.8244,0,0,0,0
93.713,0.8244,0,0,0,0
93.744,0.8244,0,0,0,0
93.776,0.8244,0,0,0,0
93.810,0.8244,0,0,0,0
93.842,0.8244,0,0,0,0
93.879,0.8244,0,0,0,0
93.910,0.8244,0,0,0,0
93.944,0.8244,0,0,0,0
93.977,0.8244,0,0,0,0
94.011,0.8244,0,0,0,0
94.045,0.8244,0,0,0,0
94.077,0.8244,0,0,0,0
94.109,0.8244,0,0,0,0
94.148,0.8244,0,0,0,0
94.180,0.8244,0,0,0,0
94.210,0.8244,0,0,0,0
94.246,0.8244,0,0,0,0
94.277,0.8244,0,0,0,0
94.312,0.8244,0,0,0,0
94.347,0.8244,0,0,0,0
94.381,0.8244,0,0,0,0
94.410,0.8244,0,0,0,0
94.447,0.8244,0,0,0,0
94.479,0.8244,0,0,0,0
94.511,0.8244,0,0,0,0
94.546,0.8244,0,0,0,0
94.577,0.8244,0,0,0,0
94.613,0.8244,0,0,0,0
94.643,0.8244,0,0,0,0
94.677,0.8244,0,0,0,0
94.709,0.8244,0,0,0,0
94.746,0.8244,0,0,0,0
94.775,0.8244,0,0,0,0
94.812,0.8244,0,0,0,0
94.845,0.8244,0,0,0,0
94.876,0.8244,0,0,0,0
94.910,0.8244,0,0,0,0
94.944,0.8244,0,0,0,0
94.980,0.8244,0,0,0,0
95.011,0.8244,0,0,0,0
95.034,0.8244,0,0,0,0
95.079,0.8244,0,0,0,0
95.112,0.8244,0,0,0,0
95.142,0.8244,0,0,0,0
95.177,0.8244,0,0,0,0
95.213,0.8244,0,0,0,0
95.246,0.8244,0,0,0,0
95.277,0.8244,0,0,0,0
95.310,0.8244,0,0,0,0
95.345,0.8244,0,0,0,0
95.377,0.8244,0,0,0,0
95.414,0.8244,0,0,0,0
95.446,0.8244,0,0,0,0
95.480,0.8244,0,0,0,0
95.510,0.8244,0,0,0,0
95.546,0.8244,0,0,0,0
95.575,0.8244,0,0,0,0
95.613,0.8244,0,0,0,0
95.644,0.8244,0,0,0,0
95.676,0.8244,0,0,0,0
95.713,0.8244,0,0,0,0
95.745,0.8244,0,0,0,0
95.778,0.8244,0,0,0,0
95.813,0.8244,0,0,0,0
95.842,0.8244,0,0,0,0
95.877,0.8244,0,0,0,0
95.910,0.8244,0,0,0,0
95.944,0.8244,0,0,0,0
95.976,0.8244,0,0,0,0
96.010,0.8244,0,0,0,0
96.050,0.8244,0,0,0,0
96.069,0.8244,0,0,0,0
96.112,0.8244,0,0,0,0
96.144,0.8244,0,0,0,0
96.176,0.8244,0,0,0,0
96.213,0.8244,0,0,0,0
96.246,0.8244,0,0,0,0
96.277,0.8244,0,0,0,0
96.311,0.8244,0,0,0,0
96.349,0.8243,0,0,0,0
96.380,0.8243,0,0,0,0
96.411,0.8243,0,0,0,0
96.445,0.8243,0,0,0,0
96.475,0.8243,0,0,0,0
96.513,0.8243,0,0,0,0
96.540,0.8243,0,0,0,0
96.578,0.8243,0,0,0,0
96.611,0.8243,0,0,0,0
96.644,0.8243,0,0,0,0
96.677,0.8243,0,0,0,0
96.710,0.8243,0,0,0,0
96.755,0.8243,0,0,0,0
96.777,0.8243,0,0,0,0
96.812,0.8243,0,0,0,0
96.846,0.8243,0,0,0,0
96.878,0.8243,0,0,0,0
96.912,0.8243,0,0,0,0
96.945,0.8243,0,0,0,0
96.977,0.8243,0,0,0,0
97.015,0.8243,0,0,0,0
97.048,0.8243,0,0,0,0
97.075,0.8243,0,0,0,0
97.111,0.8243,0,0,0,0
97.135,0.8243,0,0,0,0
97.176,0.8243,0,0,0,0
97.214,0.8243,0,0,0,0
97.245,0.8243,0,0,0,0
97.278,0.8243,0,0,0,0
97.311,0.8243,0,0,0,0
97.342,0.8243,0,0,0,0
97.379,0.8243,0,0,0,0
97.412,0.8243,0,0,0,0
97.446,0.8243,0,0,0,0
97.477,0.8243,0,0,0,0
97.509,0.8243,0,0,0,0
97.546,0.8243,0,0,0,0
97.575,0.8243,0,0,0,0
97.610,0.8243,0,0,0,0
97.645,0.8243,0,0,0,0
97.679,0.8243,0,0,0,0
97.711,0.8243,0,0,0,0
97.743,0.8243,0,0,0,0
97.778,0.8243,0,0,0,0
97.811,0.8243,0,0,0,0
97.843,0.8243,0,0,0,0
97.876,0.8243,0,0,0,0
97.900,0.8243,0,0,0,0
97.947,0.8243,0,0,0,0
97.978,0.8243,0,0,0,0
98.011,0.8243,0,0,0,0
98.045,0.8243,0,0,0,0
98.078,0.8243,0,0,0,0
98.114,0.8243,0,0,0,0
98.144,0.8243,0,0,0,0
98.180,0.8243,0,0,0,0
98.210,0.8243,0,0,0,0
98.247,0.8243,0,0,0,0
98.276,0.8243,0,0,0,0
98.310,0.8243,0,0,0,0
98.344,0.8243,0,0,0,0
98.380,0.8243,0,0,0,0
98.414,0.8243,0,0,0,0
98.447,0.8243,0,0,0,0
98.478,0.8243,0,0,0,0
98.513,0.8243,0,0,0,0
98.544,0.8243,0,0,0,0
98.579,0.8243,0,0,0,0
98.613,0.8243,0,0,0,0
98.647,0.8243,0,0,0,0
98.677,0.8243,0,0,0,0
98.712,0.8243,0,0,0,0
98.743,0.8243,0,0,0,0
98.778,0.8243,0,0,0,0
98.810,0.8243,0,0,0,0
98.846,0.8243,0,0,0,0
98.877,0.8243,0,0,0,0
98.911,0.8243,0,0,0,0
98.945,0.8243,0,0,0,0
98.979,0.8243,0,0,0,0
99.011,0.8243,0,0,0,0
99.046,0.8243,0,0,0,0
99.077,0.8243,0,0,0,0
99.112,0.8243,0,0,0,0
99.143,0.8243,0,0,0,0
99.180,0.8243,0,0,0,0
99.211,0.8243,0,0,0,0
99.244,0.8243,0,0,0,0
99.277,0.8243,0,0,0,0
99.311,0.8243,0,0,0,0
99.344,0.8243,0,0,0,0
99.375,0.8243,0,0,0,0
99.416,0.8243,0,0,0,0
99.445,0.8243,0,0,0,0
99.479,0.8243,0,0,0,0
99.510,0.8243,0,0,0,0
99.544,0.8243,0,0,0,0
99.579,0.8243,0,0,0,0
99.610,0.8243,0,0,0,0
99.646,0.8243,0,0,0,0
99.680,0.8243,0,0,0,0
99.709,0.8243,0,0,0,0
99.746,0.8243,0,0,0,0
99.780,0.8243,0,0,0,0
99.816,0.8243,0,0,0,0
99.844,0.8243,0,0,0,0
99.877,0.8243,0,0,0,0
99.910,0.8243,0,0,0,0
99.945,0.8243,0,0,0,0
99.977,0.8243,0,0,0,0
100.011,0.8243,0,0,0,0
100.047,0.8243,0,0,0,0
100.077,0.8243,0,0,0,0
100.110,0.8243,0,0,0,0
100.147,0.8243,0,0,0,0
100.177,0.8243,0,0,0,0
100.210,0.8243,0,0,0,0
100.245,0.8243,0,0,0,0
100.278,0.8243,0,0,0,0
100.314,0.8243,0,0,0,0
100.348,0.8243,0,0,0,0
100.377,0.8243,0,0,0,0
100.410,0.8243,0,0,0,0
100.443,0.8243,0,0,0,0
100.478,0.8243,0,0,0,0
100.511,0.8243,0,0,0,0
100.546,0.8243,0,0,0,0
100.579,0.8243,0,0,0,0
100.612,0.8243,0,0,0,0
100.642,0.8243,0,0,0,0
100.680,0.8243,0,0,0,0
100.712,0.8243,0,0,0,0
100.744,0.8243,0,0,0,0
100.778,0.8243,0,0,0,0
100.802,0.8243,0,0,0,0
100.844,0.8243,0,0,0,0
100.877,0.8243,0,0,0,0
100.913,0.8243,0,0,0,0
100.945,0.8243,0,0,0,0
100.978,0.8243,0,0,0,0
101.009,0.8243,0,0,0,0
101.044,0.8243,0,0,0,0
101.077,0.8243,0,0,0,0
101.111,0.8243,0,0,0,0
101.143,0.8243,0,0,0,0
101.176,0.8243,0,0,0,0
101.213,0.8243,0,0,0,0
101.246,0.8243,0,0,0,0
101.280,0.8243,0,0,0,0
101.312,0.8243,0,0,0,0
101.342,0.8243,0,0,0,0
101.378,0.8243,0,0,0,0
101.412,0.8243,0,0,0,0
101.444,0.8243,0,0,0,0
101.477,0.8243,0,0,0,0
101.508,0.8243,0,0,0,0
101.545,0.8243,0,0,0,0
101.576,0.8243,0,0,0,0
101.610,0.8243,0,0,0,0
101.643,0.8243,0,0,0,0
101.676,0.8243,0,0,0,0
101.711,0.8243,0,0,0,0
101.746,0.8243,0,0,0,0
101.780,0.8243,0,0,0,0
101.814,0.8243,0,0,0,0
101.847,0.8243,0,0,0,0
101.877,0.8243,0,0,0,0
101.909,0.8242,0,0,0,0
101.943,0.8242,0,0,0,0
101.976,0.8242,0,0,0,0
102.009,0.8242,0,0,0,0
102.043,0.8242,0,0,0,0
102.079,0.8242,0,0,0,0
102.112,0.8242,0,0,0,0
102.144,0.8242,0,0,0,0
102.192,0.8242,0,0,0,0
102.214,0.8242,0,0,0,0
102.238,0.8242,0,0,0,0
102.277,0.8242,0,0,0,0
102.310,0.8242,0,0,0,0
102.345,0.8242,0,0,0,0
102.380,0.8242,0,0,0,0
102.410,0.8242,0,0,0,0
102.444,0.8242,0,0,0,0
102.476,0.8242,0,0,0,0
102.509,0.8242,0,0,0,0
102.547,0.8242,0,0,0,0
102.575,0.8242,0,0,0,0
102.609,0.8242,0,0,0,0
102.642,0.8242,0,0,0,0
102.676,0.8242,0,0,0,0
102.711,0.8242,0,0,0,0
102.747,0.8242,0,0,0,0
102.775,0.8242,0,0,0,0
102.813,0.8242,0,0,0,0
102.849,0.8242,0,0,0,0
102.879,0.8242,0,0,0,0
102.911,0.8242,0,0,0,0
102.947,0.8242,0,0,0,0
102.980,0.8242,0,0,0,0
103.011,0.8242,0,0,0,0
103.042,0.8242,0,0,0,0
103.079,0.8242,0,0,0,0
103.109,0.8242,0,0,0,0
103.146,0.8242,0,0,0,0
103.179,0.8242,0,0,0,0
103.212,0.8242,0,0,0,0
103.244,0.8242,0,0,0,0
103.277,0.8242,0,0,0,0
103.310,0.8242,0,0,0,0
103.341,0.8242,0,0,0,0
103.380,0.8242,0,0,0,0
103.411,0.8242,0,0,0,0
103.444,0.8242,0,0,0,0
103.479,0.8242,0,0,0,0
103.511,0.8242,0,0,0,0
103.544,0.8242,0,0,0,0
103.580,0.8242,0,0,0,0
103.613,0.8242,0,0,0,0
103.643,0.8242,0,0,0,0
103.676,0.8242,0,0,0,0
103.712,0.8242,0,0,0,0
103.740,0.8242,0,0,0,0
103.776,0.8242,0,0,0,0
103.812,0.8242,0,0,0,0
103.845,0.8242,0,0,0,0
103.882,0.8242,0,0,0,0
103.910,0.8242,0,0,0,0
103.945,0.8242,0,0,0,0
103.979,0.8242,0,0,0,0
104.010,0.8242,0,0,0,0
104.045,0.8242,0,0,0,0
104.079,0.8242,0,0,0,0
104.112,0.8242,0,0,0,0
104.147,0.8242,0,0,0,0
104.177,0.8242,0,0,0,0
104.216,0.8242,0,0,0,0
104.246,0.8242,0,0,0,0
104.279,0.8242,0,0,0,0
104.312,0.8242,0,0,0,0
104.344,0.8242,0,0,0,0
104.379,0.8242,0,0,0,0
104.410,0.8242,0,0,0,0
104.446,0.8242,0,0,0,0
104.481,0.8242,0,0,0,0
104.512,0.8242,0,0,0,0
104.546,0.8242,0,0,0,0
104.576,0.8242,0,0,0,0
104.612,0.8242,0,0,0,0
104.647,0.8242,0,0,0,0
104.676,0.8242,0,0,0,0
104.710,0.8242,0,0,0,0
104.744,0.8242,0,0,0,0
104.778,0.8242,0,0,0,0
104.809,0.8242,0,0,0,0
104.846,0.8242,0,0,0,0
104.880,0.8242,0,0,0,0
104.910,0.8242,0,0,0,0
104.942,0.8242,0,0,0,0
104.977,0.8242,0,0,0,0
105.014,0.8242,0,0,0,0
105.043,0.8242,0,0,0,0
105.079,0.8242,0,0,0,0
105.110,0.8242,0,0,0,0
105.146,0.8242,0,0,0,0
105.177,0.8242,0,0,0,0
105.210,0.8242,0,0,0,0
105.246,0.8242,0,0,0,0
105.277,0.8242,0,0,0,0
105.313,0.8242,0,0,0,0
105.343,0.8242,0,0,0,0
105.379,0.8242,0,0,0,0
105.410,0.8242,0,0,0,0
105.442,0.8242,0,0,0,0
105.477,0.8242,0,0,0,0
105.509,0.8242,0,0,0,0
105.547,0.8242,0,0,0,0
105.578,0.8242,0,0,0,0
105.612,0.8242,0,0,0,0
105.643,0.8242,0,0,0,0
105.682,0.8242,0,0,0,0
105.710,0.8242,0,0,0,0
105.742,0.8242,0,0,0,0
105.776,0.8242,0,0,0,0
105.813,0.8242,0,0,0,0
105.843,0.8242,0,0,0,0
105.879,0.8242,0,0,0,0
105.910,0.8242,0,0,0,0
105.945,0.8242,0,0,0,0
105.980,0.8242,0,0,0,0
106.009,0.8242,0,0,0,0
106.044,0.8242,0,0,0,0
106.079,0.8242,0,0,0,0
106.111,0.8242,0,0,0,0
106.143,0.8242,0,0,0,0
106.178,0.8242,0,0,0,0
106.211,0.8242,0,0,0,0
106.244,0.8242,0,0,0,0
106.288,0.8242,0,0,0,0
106.313,0.8242,0,0,0,0
106.343,0.8242,0,0,0,0
106.376,0.8242,0,0,0,0
106.406,0.8242,0,0,0,0
106.446,0.8242,0,0,0,0
106.478,0.8242,0,0,0,0
106.509,0.8242,0,0,0,0
106.546,0.8242,0,0,0,0
106.575,0.8242,0,0,0,0
106.613,0.8242,0,0,0,0
106.644,0.8242,0,0,0,0
106.681,0.8242,0,0,0,0
106.715,0.8242,0,0,0,0
106.745,0.8242,0,0,0,0
106.779,0.8242,0,0,0,0
106.811,0.8242,0,0,0,0
106.843,0.8242,0,0,0,0
106.878,0.8242,0,0,0,0
106.914,0.8242,0,0,0,0
106.943,0.8242,0,0,0,0
106.977,0.8242,0,0,0,0
107.009,0.8242,0,0,0,0
107.047,0.8242,0,0,0,0
107.079,0.8242,0,0,0,0
107.110,0.8242,0,0,0,0
107.147,0.8242,0,0,0,0
107.177,0.8242,0,0,0,0
107.211,0.8242,0,0,0,0
107.245,0.8242,0,0,0,0
107.279,0.8242,0,0,0,0
107.313,0.8242,0,0,0,0
107.344,0.8242,0,0,0,0
107.377,0.8242,0,0,0,0
107.411,0.8242,0,0,0,0
107.444,0.8242,0,0,0,0
107.485,0.8242,0,0,0,0
107.509,0.8242,0,0,0,0
107.541,0.8242,0,0,0,0
107.578,0.8242,0,0,0,0
107.613,0.8242,0,0,0,0
107.644,0.8242,0,0,0,0
107.681,0.8242,0,0,0,0
107.710,0.8242,0,0,0,0
107.750,0.8242,0,0,0,0
107.780,0.8242,0,0,0,0
107.810,0.8242,0,0,0,0
107.841,0.8242,0,0,0,0
107.882,0.8242,0,0,0,0
107.904,0.8242,0,0,0,0
107.944,0.8242,0,0,0,0
107.978,0.8242,0,0,0,0
108.015,0.8242,0,0,0,0
108.041,0.8242,0,0,0,0
108.077,0.8242,0,0,0,0
108.113,0.8242,0,0,0,0
108.143,0.8242,0,0,0,0
108.179,0.8242,0,0,0,0
108.211,0.8242,0,0,0,0
108.244,0.8242,0,0,0,0
108.278,0.8242,0,0,0,0
108.309,0.8242,0,0,0,0
108.345,0.8242,0,0,0,0
108.380,0.8242,0,0,0,0
108.411,0.8242,0,0,0,0
108.445,0.8242,0,0,0,0
108.479,0.8242,0,0,0,0
108.509,0.8242,0,0,0,0
108.553,0.8242,0,0,0,0
108.575,0.8242,0,0,0,0
108.610,0.8242,0,0,0,0
108.640,0.8242,0,0,0,0
108.678,0.8242,0,0,0,0
108.710,0.8242,0,0,0,0
108.745,0.8242,0,0,0,0
108.779,0.8242,0,0,0,0
108.812,0.8242,0,0,0,0
108.843,0.8242,0,0,0,0
108.880,0.8242,0,0,0,0
108.910,0.8241,0,0,0,0
108.935,0.8241,0,0,0,0
108.978,0.8241,0,0,0,0
109.002,0.8241,0,0,0,0
109.044,0.8241,0,0,0,0
109.077,0.8241,0,0,0,0
109.111,0.8241,0,0,0,0
109.145,0.8241,0,0,0,0
109.178,0.8241,0,0,0,0
109.214,0.8241,0,0,0,0
109.242,0.8241,0,0,0,0
109.280,0.8241,0,0,0,0
109.309,0.8241,0,0,0,0
109.342,0.8241,0,0,0,0
109.381,0.8241,0,0,0,0
109.410,0.8241,0,0,0,0
109.444,0.8241,0,0,0,0
109.476,0.8241,0,0,0,0
109.510,0.8241,0,0,0,0
109.544,0.8241,0,0,0,0
109.577,0.8241,0,0,0,0
109.613,0.8241,0,0,0,0
109.642,0.8241,0,0,0,0
109.677,0.8241,0,0,0,0
109.714,0.8241,0,0,0,0
109.742,0.8241,0,0,0,0
109.778,0.8241,0,0,0,0
109.816,0.8241,0,0,0,0
109.847,0.8241,0,0,0,0
109.878,0.8241,0,0,0,0
109.912,0.8241,0,0,0,0
109.942,0.8241,0,0,0,0
109.978,0.8241,0,0,0,0
110.012,0.8241,0,0,0,0
110.045,0.8241,0,0,0,0
110.079,0.8241,0,0,0,0
110.116,0.8241,0,0,0,0
110.143,0.8241,0,0,0,0
110.178,0.8241,0,0,0,0
110.213,0.8241,0,0,0,0
110.247,0.8241,0,0,0,0
110.280,0.8241,0,0,0,0
110.313,0.8241,0,0,0,0
110.343,0.8241,0,0,0,0
110.378,0.8241,0,0,0,0
110.410,0.8241,0,0,0,0
110.447,0.8241,0,0,0,0
110.478,0.8241,0,0,0,0
110.515,0.8241,0,0,0,0
110.543,0.8241,0,0,0,0
110.576,0.8241,0,0,0,0
110.610,0.8241,0,0,0,0
110.646,0.8241,0,0,0,0
110.677,0.8241,0,0,0,0
110.712,0.8241,0,0,0,0
110.746,0.8241,0,0,0,0
110.780,0.8241,0,0,0,0
110.814,0.8241,0,0,0,0
110.842,0.8241,0,0,0,0
110.877,0.8241,0,0,0,0
110.911,0.8241,0,0,0,0
110.951,0.8241,0,0,0,0
110.977,0.8241,0,0,0,0
111.013,0.8241,0,0,0,0
111.034,0.8241,0,0,0,0
111.078,0.8241,0,0,0,0
111.113,0.8241,0,0,0,0
111.147,0.8241,0,0,0,0
111.177,0.8241,0,0,0,0
111.212,0.8241,0,0,0,0
111.246,0.8241,0,0,0,0
111.277,0.8241,0,0,0,0
111.310,0.8241,0,0,0,0
111.344,0.8241,0,0,0,0
111.379,0.8241,0,0,0,0
111.410,0.8241,0,0,0,0
111.443,0.8241,0,0,0,0
111.475,0.8241,0,0,0,0
111.510,0.8241,0,0,0,0
111.544,0.8241,0,0,0,0
111.577,0.8241,0,0,0,0
111.610,0.8241,0,0,0,0
111.646,0.8241,0,0,0,0
111.678,0.8241,0,0,0,0
111.712,0.8241,0,0,0,0
111.746,0.8241,0,0,0,0
111.776,0.8241,0,0,0,0
111.809,0.8241,0,0,0,0
111.844,0.8241,0,0,0,0
111.879,0.8241,0,0,0,0
111.912,0.8241,0,0,0,0
111.947,0.8241,0,0,0,0
111.980,0.8241,0,0,0,0
112.009,0.8241,0,0,0,0
112.045,0.8241,0,0,0,0
112.076,0.8241,0,0,0,0
112.115,0.8241,0,0,0,0
112.143,0.8241,0,0,0,0
112.178,0.8241,0,0,0,0
112.214,0.8241,0,0,0,0
112.243,0.8241,0,0,0,0
112.277,0.8241,0,0,0,0
112.313,0.8241,0,0,0,0
112.344,0.8241,0,0,0,0
112.376,0.8241,0,0,0,0
112.412,0.8241,0,0,0,0
112.446,0.8241,0,0,0,0
112.480,0.8241,0,0,0,0
112.502,0.8241,0,0,0,0
112.542,0.8241,0,0,0,0
112.675,0.8241,0,0,0,0
112.689,0.8241,0,0,0,0
112.706,0.8241,0,0,0,0
112.740,0.8241,0,0,0,0
112.771,0.8241,0,0,0,0
112.806,0.8241,0,0,0,0
112.840,0.8241,0,0,0,0
112.871,0.8241,0,0,0,0
112.907,0.8241,0,0,0,0
112.941,0.8241,0,0,0,0
112.972,0.8241,0,0,0,0
113.007,0.8241,0,0,0,0
113.040,0.8241,0,0,0,0
113.068,0.8241,0,0,0,0
113.106,0.8241,0,0,0,0
113.135,0.8241,0,0,0,0
113.170,0.8241,0,0,0,0
113.204,0.8241,0,0,0,0
113.243,0.8241,0,0,0,0
113.276,0.8241,0,0,0,0
113.307,0.8241,0,0,0,0
113.337,0.8241,0,0,0,0
113.374,0.8241,0,0,0,0
113.404,0.8241,0,0,0,0
113.441,0.8241,0,0,0,0
113.472,0.8241,0,0,0,0
113.504,0.8241,0,0,0,0
113.542,0.8241,0,0,0,0
113.576,0.8241,0,0,0,0
113.609,0.8241,0,0,0,0
113.641,0.8241,0,0,0,0
113.672,0.8241,0,0,0,0
113.705,0.8241,0,0,0,0
113.742,0.8241,0,0,0,0
113.772,0.8241,0,0,0,0
113.805,0.8241,0,0,0,0
113.837,0.8241,0,0,0,0
113.870,0.8241,0,0,0,0
113.906,0.8241,0,0,0,0
113.938,0.8241,0,0,0,0
113.976,0.8241,0,0,0,0
114.005,0.8241,0,0,0,0
114.042,0.8241,0,0,0,0
114.093,0.8241,0,0,0,0
114.165,0.8241,0,0,0,0
114.178,0.8241,0,0,0,0
114.215,0.8241,0,0,0,0
114.250,0.8241,0,0,0,0
114.282,0.8241,0,0,0,0
114.315,0.8241,0,0,0,0
114.347,0.8241,0,0,0,0
114.380,0.8241,0,0,0,0
114.417,0.8241,0,0,0,0
114.449,0.8241,0,0,0,0
114.482,0.8241,0,0,0,0
114.518,0.8241,0,0,0,0
114.552,0.8241,0,0,0,0
114.581,0.8241,0,0,0,0
114.614,0.8241,0,0,0,0
114.645,0.8241,0,0,0,0
114.679,0.8241,0,0,0,0
114.717,0.8241,0,0,0,0
114.749,0.8241,0,0,0,0
114.781,0.8241,0,0,0,0
114.815,0.8241,0,0,0,0
114.850,0.8241,0,0,0,0
114.882,0.8241,0,0,0,0
114.915,0.8241,0,0,0,0
114.950,0.8241,0,0,0,0
114.980,0.8241,0,0,0,0
115.013,0.8241,0,0,0,0
115.049,0.8241,0,0,0,0
115.086,0.8241,0,0,0,0
115.117,0.8241,0,0,0,0
115.147,0.8241,0,0,0,0
115.184,0.8241,0,0,0,0
115.214,0.8241,0,0,0,0
115.248,0.8241,0,0,0,0
115.281,0.8241,0,0,0,0
115.313,0.8241,0,0,0,0
115.350,0.8241,0,0,0,0
115.382,0.8241,0,0,0,0
115.416,0.8241,0,0,0,0
115.450,0.8241,0,0,0,0
115.484,0.8241,0,0,0,0
115.513,0.8241,0,0,0,0
115.550,0.8241,0,0,0,0
115.580,0.8241,0,0,0,0
115.617,0.8241,0,0,0,0
115.649,0.8241,0,0,0,0
115.681,0.8241,0,0,0,0
115.714,0.8241,0,0,0,0
115.750,0.8241,0,0,0,0
115.783,0.8241,0,0,0,0
115.815,0.8241,0,0,0,0
115.849,0.8241,0,0,0,0
115.883,0.8241,0,0,0,0
115.916,0.8241,0,0,0,0
115.949,0.8241,0,0,0,0
115.982,0.8241,0,0,0,0
116.015,0.8241,0,0,0,0
116.054,0.8241,0,0,0,0
116.081,0.8241,0,0,0,0
116.116,0.8241,0,0,0,0
116.149,0.8241,0,0,0,0
116.183,0.8241,0,0,0,0
116.217,0.8241,0,0,0,0
116.248,0.8241,0,0,0,0
116.283,0.8241,0,0,0,0
116.316,0.8241,0,0,0,0
116.347,0.8241,0,0,0,0
116.383,0.8241,0,0,0,0
116.414,0.8241,0,0,0,0
116.448,0.8241,0,0,0,0
116.483,0.8241,0,0,0,0
116.514,0.8241,0,0,0,0
116.549,0.8241,0,0,0,0
116.583,0.8241,0,0,0,0
116.617,0.8241,0,0,0,0
116.652,0.8241,0,0,0,0
116.682,0.8241,0,0,0,0
116.716,0.8241,0,0,0,0
116.750,0.8241,0,0,0,0
116.783,0.8241,0,0,0,0
116.816,0.8241,0,0,0,0
116.849,0.8241,0,0,0,0
116.882,0.8241,0,0,0,0
116.915,0.8241,0,0,0,0
116.947,0.8241,0,0,0,0
116.984,0.8241,0,0,0,0
117.016,0.8241,0,0,0,0
117.049,0.8241,0,0,0,0
117.082,0.8241,0,0,0,0
117.115,0.8241,0,0,0,0
117.154,0.8241,0,0,0,0
117.182,0.8241,0,0,0,0
117.214,0.8241,0,0,0,0
117.249,0.8241,0,0,0,0
117.284,0.8241,0,0,0,0
117.316,0.8241,0,0,0,0
117.351,0.8241,0,0,0,0
117.382,0.8241,0,0,0,0
117.416,0.8241,0,0,0,0
117.448,0.8241,0,0,0,0
117.482,0.8241,0,0,0,0
117.514,0.8241,0,0,0,0
117.548,0.8241,0,0,0,0
117.581,0.8241,0,0,0,0
117.615,0.8241,0,0,0,0
117.648,0.8241,0,0,0,0
117.683,0.8241,0,0,0,0
117.714,0.8241,0,0,0,0
117.750,0.8241,0,0,0,0
117.784,0.8241,0,0,0,0
117.815,0.8241,0,0,0,0
117.848,0.8241,0,0,0,0
117.883,0.8241,0,0,0,0
117.916,0.8241,0,0,0,0
117.956,0.8241,0,0,0,0
117.983,0.8241,0,0,0,0
118.015,0.8241,0,0,0,0
118.047,0.8241,0,0,0,0
118.081,0.8241,0,0,0,0
118.116,0.8241,0,0,0,0
118.150,0.8241,0,0,0,0
118.182,0.8241,0,0,0,0
118.214,0.8241,0,0,0,0
118.248,0.8241,0,0,0,0
118.283,0.8241,0,0,0,0
118.314,0.8240,0,0,0,0
118.349,0.8240,0,0,0,0
118.383,0.8240,0,0,0,0
118.417,0.8240,0,0,0,0
118.450,0.8240,0,0,0,0
118.483,0.8240,0,0,0,0
118.516,0.8240,0,0,0,0
118.548,0.8240,0,0,0,0
118.581,0.8240,0,0,0,0
118.614,0.8240,0,0,0,0
118.651,0.8240,0,0,0,0
118.683,0.8240,0,0,0,0
118.717,0.8240,0,0,0,0
118.747,0.8240,0,0,0,0
118.783,0.8240,0,0,0,0
118.815,0.8240,0,0,0,0
118.848,0.8240,0,0,0,0
118.882,0.8240,0,0,0,0
118.917,0.8240,0,0,0,0
118.949,0.8240,0,0,0,0
118.982,0.8240,0,0,0,0
119.015,0.8240,0,0,0,0
119.047,0.8240,0,0,0,0
119.081,0.8240,0,0,0,0
119.114,0.8240,0,0,0,0
119.148,0.8240,0,0,0,0
119.182,0.8240,0,0,0,0
119.215,0.8240,0,0,0,0
119.249,0.8240,0,0,0,0
119.282,0.8240,0,0,0,0
119.315,0.8240,0,0,0,0
119.347,0.8240,0,0,0,0
119.381,0.8240,0,0,0,0
119.417,0.8240,0,0,0,0
119.450,0.8240,0,0,0,0
119.484,0.8240,0,0,0,0
119.517,0.8240,0,0,0,0
119.556,0.8240,0,0,0,0
119.582,0.8240,0,0,0,0
119.615,0.8240,0,0,0,0
119.648,0.8240,0,0,0,0
119.682,0.8240,0,0,0,0
119.714,0.8240,0,0,0,0
119.747,0.8240,0,0,0,0
119.780,0.8240,0,0,0,0
119.817,0.8240,0,0,0,0
119.847,0.8240,0,0,0,0
119.884,0.8240,0,0,0,0
119.930,0.8240,0,0,0,0
119.944,0.8240,0,0,0,0
119.983,0.8240,0,0,0,0
120.016,0.8240,0,0,0,0
120.048,0.8240,0,0,0,0
120.082,0.8240,0,0,0,0
120.116,0.8240,0,0,0,0
120.149,0.8240,0,0,0,0
120.183,0.8240,0,0,0,0
120.216,0.8240,0,0,0,0
120.249,0.8240,0,0,0,0
120.283,0.8240,0,0,0,0
120.316,0.8240,0,0,0,0
120.347,0.8240,0,0,0,0
120.383,0.8240,0,0,0,0
120.417,0.8240,0,0,0,0
120.448,0.8240,0,0,0,0
120.483,0.8240,0,0,0,0
120.518,0.8240,0,0,0,0
120.548,0.8240,0,0,0,0
120.583,0.8240,0,0,0,0
120.616,0.8240,0,0,0,0
120.649,0.8240,0,0,0,0
120.683,0.8240,0,0,0,0
120.717,0.8240,0,0,0,0
120.751,0.8240,0,0,0,0
120.784,0.8240,0,0,0,0
120.814,0.8240,0,0,0,0
120.847,0.8240,0,0,0,0
120.884,0.8240,0,0,0,0
120.917,0.8240,0,0,0,0
120.949,0.8240,0,0,0,0
120.982,0.8240,0,0,0,0
121.014,0.8240,0,0,0,0
121.047,0.8240,0,0,0,0
121.080,0.8240,0,0,0,0
121.116,0.8240,0,0,0,0
121.147,0.8240,0,0,0,0
121.180,0.8240,0,0,0,0
121.216,0.8240,0,0,0,0
121.251,0.8240,0,0,0,0
121.283,0.8240,0,0,0,0
121.314,0.8240,0,0,0,0
121.350,0.8240,0,0,0,0
121.382,0.8240,0,0,0,0
121.415,0.8240,0,0,0,0
121.448,0.8240,0,0,0,0
121.482,0.8240,0,0,0,0
121.515,0.8240,0,0,0,0
121.548,0.8240,0,0,0,0
121.582,0.8240,0,0,0,0
121.615,0.8240,0,0,0,0
121.648,0.8240,0,0,0,0
121.681,0.8240,0,0,0,0
121.714,0.8240,0,0,0,0
121.747,0.8240,0,0,0,0
121.783,0.8240,0,0,0,0
121.816,0.8240,0,0,0,0
121.849,0.8240,0,0,0,0
121.882,0.8240,0,0,0,0
121.915,0.8240,0,0,0,0
121.947,0.8240,0,0,0,0
121.980,0.8240,0,0,0,0
122.015,0.8240,0,0,0,0
122.050,0.8240,0,0,0,0
122.082,0.8240,0,0,0,0
122.114,0.8240,0,0,0,0
122.147,0.8240,0,0,0,0
122.180,0.8240,0,0,0,0
122.217,0.8240,0,0,0,0
122.250,0.8240,0,0,0,0
122.288,0.8240,0,0,0,0
122.315,0.8240,0,0,0,0
122.356,0.8240,0,0,0,0
122.382,0.8240,0,0,0,0
122.415,0.8240,0,0,0,0
122.448,0.8240,0,0,0,0
122.482,0.8240,0,0,0,0
122.515,0.8240,0,0,0,0
122.549,0.8240,0,0,0,0
122.583,0.8240,0,0,0,0
122.617,0.8240,0,0,0,0
122.650,0.8240,0,0,0,0
122.684,0.8240,0,0,0,0
122.717,0.8240,0,0,0,0
122.749,0.8240,0,0,0,0
122.791,0.8240,0,0,0,0
122.815,0.8240,0,0,0,0
122.848,0.8240,0,0,0,0
122.882,0.8240,0,0,0,0
122.914,0.8240,0,0,0,0
122.950,0.8240,0,0,0,0
122.983,0.8240,0,0,0,0
123.015,0.8240,0,0,0,0
123.049,0.8240,0,0,0,0
123.082,0.8240,0,0,0,0
123.115,0.8240,0,0,0,0
123.149,0.8240,0,0,0,0
123.183,0.8240,0,0,0,0
123.216,0.8240,0,0,0,0
123.248,0.8240,0,0,0,0
123.281,0.8240,0,0,0,0
123.318,0.8240,0,0,0,0
123.350,0.8240,0,0,0,0
123.381,0.8240,0,0,0,0
123.416,0.8240,0,0,0,0
123.450,0.8240,0,0,0,0
123.482,0.8240,0,0,0,0
123.516,0.8240,0,0,0,0
123.549,0.8240,0,0,0,0
123.584,0.8240,0,0,0,0
123.614,0.8240,0,0,0,0
123.650,0.8240,0,0,0,0
123.683,0.8240,0,0,0,0
123.715,0.8240,0,0,0,0
123.748,0.8240,0,0,0,0
123.782,0.8240,0,0,0,0
123.816,0.8240,0,0,0,0
123.849,0.8240,0,0,0,0
123.882,0.8240,0,0,0,0
123.916,0.8240,0,0,0,0
123.950,0.8240,0,0,0,0
123.980,0.8240,0,0,0,0
124.015,0.8240,0,0,0,0
124.048,0.8240,0,0,0,0
124.082,0.8240,0,0,0,0
124.115,0.8240,0,0,0,0
124.149,0.8240,0,0,0,0
124.181,0.8240,0,0,0,0
124.215,0.8240,0,0,0,0
124.247,0.8240,0,0,0,0
124.284,0.8240,0,0,0,0
124.316,0.8240,0,0,0,0
124.349,0.8240,0,0,0,0
124.381,0.8240,0,0,0,0
124.414,0.8240,0,0,0,0
124.449,0.8240,0,0,0,0
124.482,0.8240,0,0,0,0
124.515,0.8240,0,0,0,0
124.549,0.8240,0,0,0,0
124.583,0.8240,0,0,0,0
124.616,0.8240,0,0,0,0
124.650,0.8240,0,0,0,0
124.681,0.8240,0,0,0,0
124.714,0.8240,0,0,0,0
124.747,0.8240,0,0,0,0
124.781,0.8240,0,0,0,0
124.814,0.8240,0,0,0,0
124.848,0.8240,0,0,0,0
124.881,0.8240,0,0,0,0
124.916,0.8240,0,0,0,0
124.953,0.8240,0,0,0,0
124.983,0.8240,0,0,0,0
125.018,0.8240,0,0,0,0
125.047,0.8240,0,0,0,0
125.082,0.8240,0,0,0,0
125.114,0.8240,0,0,0,0
125.149,0.8240,0,0,0,0
125.182,0.8240,0,0,0,0
125.215,0.8240,0,0,0,0
125.248,0.8240,0,0,0,0
125.282,0.8240,0,0,0,0
125.316,0.8240,0,0,0,0
125.349,0.8240,0,0,0,0
125.383,0.8240,0,0,0,0
125.415,0.8240,0,0,0,0
125.449,0.8240,0,0,0,0
125.484,0.8240,0,0,0,0
125.514,0.8240,0,0,0,0
125.550,0.8240,0,0,0,0
125.583,0.8240,0,0,0,0
125.617,0.8240,0,0,0,0
125.648,0.8240,0,0,0,0
125.684,0.8240,0,0,0,0
125.713,0.8240,0,0,0,0
125.750,0.8240,0,0,0,0
125.783,0.8240,0,0,0,0
125.816,0.8240,0,0,0,0
125.849,0.8240,0,0,0,0
125.880,0.8240,0,0,0,0
125.916,0.8240,0,0,0,0
125.950,0.8240,0,0,0,0
125.982,0.8240,0,0,0,0
126.020,0.8240,0,0,0,0
126.049,0.8240,0,0,0,0
126.083,0.8240,0,0,0,0
126.115,0.8240,0,0,0,0
126.151,0.8240,0,0,0,0
126.184,0.8240,0,0,0,0
126.216,0.8240,0,0,0,0
126.249,0.8240,0,0,0,0
126.283,0.8240,0,0,0,0
126.314,0.8240,0,0,0,0
126.349,0.8240,0,0,0,0
126.381,0.8240,0,0,0,0
126.414,0.8240,0,0,0,0
126.449,0.8240,0,0,0,0
126.481,0.8240,0,0,0,0
126.515,0.8240,0,0,0,0
126.549,0.8240,0,0,0,0
126.583,0.8240,0,0,0,0
126.616,0.8240,0,0,0,0
126.649,0.8240,0,0,0,0
126.681,0.8240,0,0,0,0
126.714,0.8240,0,0,0,0
126.750,0.8240,0,0,0,0
126.783,0.8240,0,0,0,0
126.816,0.8240,0,0,0,0
126.849,0.8240,0,0,0,0
126.882,0.8240,0,0,0,0
126.915,0.8240,0,0,0,0
126.948,0.8240,0,0,0,0
126.985,0.8240,0,0,0,0
127.016,0.8240,0,0,0,0
127.048,0.8240,0,0,0,0
127.082,0.8240,0,0,0,0
127.116,0.8240,0,0,0,0
127.148,0.8240,0,0,0,0
127.184,0.8240,0,0,0,0
127.217,0.8240,0,0,0,0
127.250,0.8240,0,0,0,0
127.283,0.8240,0,0,0,0
127.317,0.8240,0,0,0,0
127.350,0.8240,0,0,0,0
127.403,0.8240,0,0,0,0
127.416,0.8240,0,0,0,0
127.447,0.8240,0,0,0,0
127.482,0.8240,0,0,0,0
127.516,0.8240,0,0,0,0
127.549,0.8240,0,0,0,0
127.581,0.8240,0,0,0,0
127.616,0.8240,0,0,0,0
127.649,0.8240,0,0,0,0
127.682,0.8240,0,0,0,0
127.717,0.8240,0,0,0,0
127.752,0.8240,0,0,0,0
127.782,0.8240,0,0,0,0
127.817,0.8240,0,0,0,0
127.848,0.8240,0,0,0,0
127.882,0.8240,0,0,0,0
127.916,0.8240,0,0,0,0
127.949,0.8240,0,0,0,0
127.983,0.8240,0,0,0,0
128.016,0.8240,0,0,0,0
128.047,0.8240,0,0,0,0
128.082,0.8240,0,0,0,0
128.116,0.8240,0,0,0,0
128.148,0.8240,0,0,0,0
128.183,0.8240,0,0,0,0
128.214,0.8240,0,0,0,0
128.247,0.8240,0,0,0,0
128.280,0.8240,0,0,0,0
128.315,0.8240,0,0,0,0
128.348,0.8240,0,0,0,0
128.383,0.8240,0,0,0,0
128.416,0.8240,0,0,0,0
128.450,0.8240,0,0,0,0
128.483,0.8240,0,0,0,0
128.517,0.8240,0,0,0,0
128.547,0.8240,0,0,0,0
128.582,0.8240,0,0,0,0
128.616,0.8240,0,0,0,0
128.648,0.8240,0,0,0,0
128.690,0.8240,0,0,0,0
128.715,0.8240,0,0,0,0
128.748,0.8240,0,0,0,0
128.782,0.8240,0,0,0,0
128.816,0.8240,0,0,0,0
128.851,0.8240,0,0,0,0
128.881,0.8240,0,0,0,0
128.917,0.8240,0,0,0,0
128.947,0.8240,0,0,0,0
128.981,0.8240,0,0,0,0
129.015,0.8240,0,0,0,0
129.048,0.8240,0,0,0,0
129.082,0.8240,0,0,0,0
129.115,0.8240,0,0,0,0
129.149,0.8240,0,0,0,0
129.181,0.8240,0,0,0,0
129.216,0.8240,0,0,0,0
129.248,0.8240,0,0,0,0
129.283,0.8240,0,0,0,0
129.315,0.8240,0,0,0,0
129.348,0.8240,0,0,0,0
129.382,0.8240,0,0,0,0
129.415,0.8240,0,0,0,0
129.448,0.8240,0,0,0,0
129.482,0.8240,0,0,0,0
129.515,0.8240,0,0,0,0
129.549,0.8240,0,0,0,0
129.583,0.8240,0,0,0,0
129.616,0.8240,0,0,0,0
129.648,0.8240,0,0,0,0
129.683,0.8240,0,0,0,0
129.714,0.8240,0,0,0,0
129.749,0.8240,0,0,0,0
129.783,0.8240,0,0,0,0
129.816,0.8240,0,0,0,0
129.848,0.8240,0,0,0,0
129.882,0.8240,0,0,0,0
129.917,0.8240,0,0,0,0
129.948,0.8240,0,0,0,0
129.981,0.8240,0,0,0,0
130.015,0.8240,0,0,0,0
130.047,0.8240,0,0,0,0
130.083,0.8240,0,0,0,0
130.114,0.8240,0,0,0,0
130.148,0.8240,0,0,0,0
130.183,0.8240,0,0,0,0
130.214,0.8240,0,0,0,0
130.249,0.8240,0,0,0,0
130.283,0.8240,0,0,0,0
130.317,0.8240,0,0,0,0
130.350,0.8240,0,0,0,0
130.382,0.8240,0,0,0,0
130.418,0.8240,0,0,0,0
130.450,0.8240,0,0,0,0
130.481,0.8240,0,0,0,0
130.517,0.8240,0,0,0,0
130.549,0.8240,0,0,0,0
130.583,0.8240,0,0,0,0
130.617,0.8240,0,0,0,0
130.649,0.8240,0,0,0,0
130.682,0.8240,0,0,0,0
130.716,0.8240,0,0,0,0
130.750,0.8240,0,0,0,0
130.782,0.8240,0,0,0,0
130.814,0.8240,0,0,0,0
130.850,0.8240,0,0,0,0
130.881,0.8240,0,0,0,0
130.914,0.8240,0,0,0,0
130.949,0.8240,0,0,0,0
130.983,0.8240,0,0,0,0
131.016,0.8240,0,0,0,0
131.051,0.8240,0,0,0,0
131.083,0.8240,0,0,0,0
131.116,0.8240,0,0,0,0
131.150,0.8240,0,0,0,0
131.187,0.8240,0,0,0,0
131.214,0.8240,0,0,0,0
131.249,0.8240,0,0,0,0
131.283,0.8240,0,0,0,0
131.317,0.8240,0,0,0,0
131.349,0.8240,0,0,0,0
131.383,0.8240,0,0,0,0
131.414,0.8240,0,0,0,0
131.447,0.8240,0,0,0,0
131.482,0.8240,0,0,0,0
131.516,0.8240,0,0,0,0
131.550,0.8240,0,0,0,0
131.583,0.8240,0,0,0,0
131.616,0.8240,0,0,0,0
131.649,0.8240,0,0,0,0
131.683,0.8240,0,0,0,0
131.716,0.8240,0,0,0,0
131.749,0.8240,0,0,0,0
131.782,0.8240,0,0,0,0
131.815,0.8240,0,0,0,0
131.849,0.8240,0,0,0,0
131.882,0.8240,0,0,0,0
131.915,0.8240,0,0,0,0
131.952,0.8240,0,0,0,0
131.981,0.8240,0,0,0,0
132.015,0.8240,0,0,0,0
132.050,0.8240,0,0,0,0
132.082,0.8240,0,0,0,0
132.115,0.8240,0,0,0,0
132.150,0.8240,0,0,0,0
132.183,0.8240,0,0,0,0
132.216,0.8240,0,0,0,0
132.248,0.8240,0,0,0,0
132.283,0.8240,0,0,0,0
132.315,0.8240,0,0,0,0
132.348,0.8240,0,0,0,0
132.383,0.8240,0,0,0,0
132.415,0.8240,0,0,0,0
132.448,0.8240,0,0,0,0
132.481,0.8240,0,0,0,0
132.517,0.8240,0,0,0,0
132.550,0.8240,0,0,0,0
132.583,0.8240,0,0,0,0
132.617,0.8240,0,0,0,0
132.650,0.8240,0,0,0,0
132.682,0.8240,0,0,0,0
132.715,0.8240,0,0,0,0
132.747,0.8240,0,0,0,0
132.783,0.8240,0,0,0,0
132.816,0.8240,0,0,0,0
132.848,0.8240,0,0,0,0
132.882,0.8240,0,0,0,0
132.917,0.8240,0,0,0,0
132.951,0.8240,0,0,0,0
132.982,0.8240,0,0,0,0
133.015,0.8240,0,0,0,0
133.048,0.8240,0,0,0,0
133.083,0.8240,0,0,0,0
133.114,0.8240,0,0,0,0
133.149,0.8240,0,0,0,0
133.183,0.8240,0,0,0,0
133.215,0.8240,0,0,0,0
133.250,0.8240,0,0,0,0
133.281,0.8240,0,0,0,0
133.317,0.8240,0,0,0,0
133.348,0.8240,0,0,0,0
133.383,0.8240,0,0,0,0
133.414,0.8240,0,0,0,0
133.450,0.8239,0,0,0,0
133.481,0.8239,0,0,0,0
133.517,0.8239,0,0,0,0
133.549,0.8239,0,0,0,0
133.584,0.8239,0,0,0,0
133.616,0.8239,0,0,0,0
133.649,0.8239,0,0,0,0
133.682,0.8239,0,0,0,0
133.715,0.8239,0,0,0,0
133.749,0.8239,0,0,0,0
133.783,0.8239,0,0,0,0
133.813,0.8239,0,0,0,0
133.847,0.8239,0,0,0,0
133.880,0.8239,0,0,0,0
133.917,0.8239,0,0,0,0
133.950,0.8239,0,0,0,0
133.983,0.8239,0,0,0,0
134.016,0.8239,0,0,0,0
134.048,0.8239,0,0,0,0
134.081,0.8239,0,0,0,0
134.117,0.8239,0,0,0,0
134.150,0.8239,0,0,0,0
134.182,0.8239,0,0,0,0
134.216,0.8239,0,0,0,0
134.249,0.8239,0,0,0,0
134.288,0.8239,0,0,0,0
134.317,0.8239,0,0,0,0
134.349,0.8239,0,0,0,0
134.384,0.8239,0,0,0,0
134.414,0.8239,0,0,0,0
134.450,0.8239,0,0,0,0
134.483,0.8239,0,0,0,0
134.516,0.8239,0,0,0,0
134.550,0.8239,0,0,0,0
134.583,0.8239,0,0,0,0
134.617,0.8239,0,0,0,0
134.649,0.8239,0,0,0,0
134.684,0.8239,0,0,0,0
134.714,0.8239,0,0,0,0
134.747,0.8239,0,0,0,0
134.784,0.8239,0,0,0,0
134.817,0.8239,0,0,0,0
134.849,0.8239,0,0,0,0
134.882,0.8239,0,0,0,0
134.914,0.8239,0,0,0,0
134.947,0.8239,0,0,0,0
134.984,0.8239,0,0,0,0
135.016,0.8239,0,0,0,0
135.049,0.8239,0,0,0,0
135.083,0.8239,0,0,0,0
135.117,0.8239,0,0,0,0
135.148,0.8239,0,0,0,0
135.184,0.8239,0,0,0,0
135.217,0.8239,0,0,0,0
135.246,0.8239,0,0,0,0
135.282,0.8239,0,0,0,0
135.318,0.8239,0,0,0,0
135.349,0.8239,0,0,0,0
135.383,0.8239,0,0,0,0
135.413,0.8239,0,0,0,0
135.449,0.8239,0,0,0,0
135.481,0.8239,0,0,0,0
135.516,0.8239,0,0,0,0
135.550,0.8239,0,0,0,0
135.584,0.8239,0,0,0,0
135.617,0.8239,0,0,0,0
135.650,0.8239,0,0,0,0
135.683,0.8239,0,0,0,0
135.716,0.8239,0,0,0,0
135.750,0.8239,0,0,0,0
135.783,0.8239,0,0,0,0
135.815,0.8239,0,0,0,0
135.856,0.8239,0,0,0,0
135.882,0.8239,0,0,0,0
135.915,0.8239,0,0,0,0
135.949,0.8239,0,0,0,0
135.981,0.8239,0,0,0,0
136.016,0.8239,0,0,0,0
136.047,0.8239,0,0,0,0
136.081,0.8239,0,0,0,0
136.118,0.8239,0,0,0,0
136.151,0.8239,0,0,0,0
136.182,0.8239,0,0,0,0
136.214,0.8239,0,0,0,0
136.249,0.8239,0,0,0,0
136.282,0.8239,0,0,0,0
136.316,0.8239,0,0,0,0
136.349,0.8239,0,0,0,0
136.381,0.8239,0,0,0,0
136.414,0.8239,0,0,0,0
136.447,0.8239,0,0,0,0
136.483,0.8239,0,0,0,0
136.516,0.8239,0,0,0,0
136.549,0.8239,0,0,0,0
136.581,0.8239,0,0,0,0
136.618,0.8239,0,0,0,0
136.647,0.8239,0,0,0,0
136.683,0.8239,0,0,0,0
136.716,0.8239,0,0,0,0
136.750,0.8239,0,0,0,0
136.782,0.8239,0,0,0,0
136.815,0.8239,0,0,0,0
136.848,0.8239,0,0,0,0
136.881,0.8239,0,0,0,0
136.915,0.8239,0,0,0,0
136.948,0.8239,0,0,0,0
136.981,0.8239,0,0,0,0
137.014,0.8239,0,0,0,0
137.047,0.8239,0,0,0,0
137.080,0.8239,0,0,0,0
137.117,0.8239,0,0,0,0
137.149,0.8239,0,0,0,0
137.182,0.8239,0,0,0,0
137.215,0.8239,0,0,0,0
137.247,0.8239,0,0,0,0
137.284,0.8239,0,0,0,0
137.316,0.8239,0,0,0,0
137.349,0.8239,0,0,0,0
137.382,0.8239,0,0,0,0
137.415,0.8239,0,0,0,0
137.450,0.8239,0,0,0,0
137.482,0.8239,0,0,0,0
137.516,0.8239,0,0,0,0
137.549,0.8239,0,0,0,0
137.581,0.8239,0,0,0,0
137.615,0.8239,0,0,0,0
137.648,0.8239,0,0,0,0
137.681,0.8239,0,0,0,0
137.715,0.8239,0,0,0,0
137.748,0.8239,0,0,0,0
137.781,0.8239,0,0,0,0
137.814,0.8239,0,0,0,0
137.848,0.8239,0,0,0,0
137.881,0.8239,0,0,0,0
137.914,0.8239,0,0,0,0
137.947,0.8239,0,0,0,0
137.984,0.8239,0,0,0,0
138.017,0.8239,0,0,0,0
138.049,0.8239,0,0,0,0
138.083,0.8239,0,0,0,0
138.115,0.8239,0,0,0,0
138.148,0.8239,0,0,0,0
138.182,0.8239,0,0,0,0
138.219,0.8239,0,0,0,0
138.248,0.8239,0,0,0,0
138.282,0.8239,0,0,0,0
138.316,0.8239,0,0,0,0
138.348,0.8239,0,0,0,0
138.383,0.8239,0,0,0,0
138.416,0.8239,0,0,0,0
138.448,0.8239,0,0,0,0
138.482,0.8239,0,0,0,0
138.515,0.8239,0,0,0,0
138.549,0.8239,0,0,0,0
138.583,0.8239,0,0,0,0
138.616,0.8239,0,0,0,0
138.650,0.8239,0,0,0,0
138.684,0.8239,0,0,0,0
138.716,0.8239,0,0,0,0
138.749,0.8239,0,0,0,0
138.783,0.8239,0,0,0,0
138.816,0.8239,0,0,0,0
138.849,0.8239,0,0,0,0
138.881,0.8239,0,0,0,0
138.914,0.8239,0,0,0,0
138.947,0.8239,0,0,0,0
138.984,0.8239,0,0,0,0
139.016,0.8239,0,0,0,0
139.050,0.8239,0,0,0,0
139.081,0.8239,0,0,0,0
139.115,0.8239,0,0,0,0
139.147,0.8239,0,0,0,0
139.183,0.8239,0,0,0,0
139.216,0.8239,0,0,0,0
139.249,0.8239,0,0,0,0
139.282,0.8239,0,0,0,0
139.316,0.8239,0,0,0,0
139.349,0.8239,0,0,0,0
139.382,0.8239,0,0,0,0
139.416,0.8239,0,0,0,0
139.449,0.8239,0,0,0,0
139.482,0.8239,0,0,0,0
139.515,0.8239,0,0,0,0
139.549,0.8239,0,0,0,0
139.582,0.8239,0,0,0,0
139.615,0.8239,0,0,0,0
139.648,0.8239,0,0,0,0
139.680,0.8239,0,0,0,0
139.716,0.8239,0,0,0,0
139.750,0.8239,0,0,0,0
139.783,0.8239,0,0,0,0
139.817,0.8239,0,0,0,0
139.849,0.8239,0,0,0,0
139.883,0.8239,0,0,0,0
139.915,0.8239,0,0,0,0
139.948,0.8239,0,0,0,0
139.982,0.8239,0,0,0,0
140.017,0.8239,0,0,0,0
140.048,0.8239,0,0,0,0
140.081,0.8239,0,0,0,0
140.114,0.8239,0,0,0,0
140.147,0.8239,0,0,0,0
140.180,0.8239,0,0,0,0
140.214,0.8239,0,0,0,0
140.250,0.8239,0,0,0,0
140.284,0.8239,0,0,0,0
140.316,0.8239,0,0,0,0
140.350,0.8239,0,0,0,0
140.383,0.8239,0,0,0,0
140.416,0.8239,0,0,0,0
140.449,0.8239,0,0,0,0
140.481,0.8239,0,0,0,0
140.515,0.8239,0,0,0,0
140.548,0.8239,0,0,0,0
140.581,0.8239,0,0,0,0
140.617,0.8239,0,0,0,0
140.650,0.8239,0,0,0,0
140.682,0.8239,0,0,0,0
140.716,0.8239,0,0,0,0
140.748,0.8239,0,0,0,0
140.783,0.8239,0,0,0,0
140.815,0.8239,0,0,0,0
140.848,0.8239,0,0,0,0
140.881,0.8239,0,0,0,0
140.914,0.8239,0,0,0,0
140.947,0.8239,0,0,0,0
140.984,0.8239,0,0,0,0
141.014,0.8239,0,0,0,0
141.047,0.8239,0,0,0,0
141.083,0.8239,0,0,0,0
141.113,0.8239,0,0,0,0
141.149,0.8239,0,0,0,0
141.182,0.8239,0,0,0,0
141.215,0.8239,0,0,0,0
141.247,0.8239,0,0,0,0
141.283,0.8239,0,0,0,0
141.317,0.8239,0,0,0,0
141.349,0.8239,0,0,0,0
141.384,0.8239,0,0,0,0
141.416,0.8239,0,0,0,0
141.451,0.8239,0,0,0,0
141.482,0.8239,0,0,0,0
141.515,0.8239,0,0,0,0
141.550,0.8239,0,0,0,0
141.582,0.8239,0,0,0,0
141.617,0.8239,0,0,0,0
141.647,0.8239,0,0,0,0
141.682,0.8239,0,0,0,0
141.716,0.8239,0,0,0,0
141.749,0.8239,0,0,0,0
141.781,0.8239,0,0,0,0
141.815,0.8239,0,0,0,0
141.848,0.8239,0,0,0,0
141.881,0.8239,0,0,0,0
141.914,0.8239,0,0,0,0
141.947,0.8239,0,0,0,0
141.980,0.8239,0,0,0,0
142.017,0.8239,0,0,0,0
142.049,0.8239,0,0,0,0
142.082,0.8239,0,0,0,0
142.115,0.8239,0,0,0,0
142.148,0.8239,0,0,0,0
142.181,0.8239,0,0,0,0
142.216,0.8239,0,0,0,0
142.250,0.8239,0,0,0,0
142.284,0.8239,0,0,0,0
142.316,0.8239,0,0,0,0
142.348,0.8239,0,0,0,0
142.383,0.8239,0,0,0,0
142.414,0.8239,0,0,0,0
142.450,0.8239,0,0,0,0
142.483,0.8239,0,0,0,0
142.516,0.8239,0,0,0,0
142.549,0.8239,0,0,0,0
142.583,0.8239,0,0,0,0
142.616,0.8239,0,0,0,0
142.649,0.8239,0,0,0,0
142.682,0.8239,0,0,0,0
142.716,0.8239,0,0,0,0
142.749,0.8239,0,0,0,0
142.781,0.8239,0,0,0,0
142.815,0.8239,0,0,0,0
142.848,0.8239,0,0,0,0
142.883,0.8239,0,0,0,0
142.914,0.8239,0,0,0,0
142.950,0.8239,0,0,0,0
142.983,0.8239,0,0,0,0
143.015,0.8239,0,0,0,0
143.048,0.8239,0,0,0,0
143.081,0.8239,0,0,0,0
143.117,0.8239,0,0,0,0
143.149,0.8239,0,0,0,0
143.183,0.8239,0,0,0,0
143.214,0.8239,0,0,0,0
143.250,0.8239,0,0,0,0
143.281,0.8239,0,0,0,0
143.316,0.8239,0,0,0,0
143.349,0.8239,0,0,0,0
143.382,0.8239,0,0,0,0
143.416,0.8239,0,0,0,0
143.450,0.8239,0,0,0,0
143.483,0.8239,0,0,0,0
143.517,0.8239,0,0,0,0
143.550,0.8239,0,0,0,0
143.583,0.8239,0,0,0,0
143.616,0.8239,0,0,0,0
143.649,0.8239,0,0,0,0
143.681,0.8239,0,0,0,0
143.714,0.8239,0,0,0,0
143.747,0.8239,0,0,0,0
143.783,0.8239,0,0,0,0
143.816,0.8239,0,0,0,0
143.848,0.8239,0,0,0,0
143.881,0.8239,0,0,0,0
143.915,0.8239,0,0,0,0
143.951,0.8239,0,0,0,0
143.986,0.8239,0,0,0,0
144.018,0.8239,0,0,0,0
144.049,0.8239,0,0,0,0
144.081,0.8239,0,0,0,0
144.114,0.8239,0,0,0,0
144.148,0.8239,0,0,0,0
144.181,0.8239,0,0,0,0
144.214,0.8239,0,0,0,0
144.248,0.8239,0,0,0,0
144.281,0.8239,0,0,0,0
144.314,0.8239,0,0,0,0
144.348,0.8239,0,0,0,0
144.381,0.8239,0,0,0,0
144.414,0.8239,0,0,0,0
144.447,0.8239,0,0,0,0
144.484,0.8239,0,0,0,0
144.516,0.8239,0,0,0,0
144.549,0.8239,0,0,0,0
144.582,0.8239,0,0,0,0
144.614,0.8239,0,0,0,0
144.647,0.8239,0,0,0,0
144.680,0.8239,0,0,0,0
144.717,0.8239,0,0,0,0
144.750,0.8239,0,0,0,0
144.782,0.8239,0,0,0,0
144.814,0.8239,0,0,0,0
144.848,0.8239,0,0,0,0
144.883,0.8239,0,0,0,0
144.917,0.8239,0,0,0,0
144.950,0.8239,0,0,0,0
144.982,0.8239,0,0,0,0
145.015,0.8239,0,0,0,0
145.047,0.8239,0,0,0,0
145.080,0.8239,0,0,0,0
145.117,0.8239,0,0,0,0
145.150,0.8239,0,0,0,0
145.183,0.8239,0,0,0,0
145.216,0.8239,0,0,0,0
145.248,0.8239,0,0,0,0
145.280,0.8239,0,0,0,0
145.317,0.8239,0,0,0,0
145.346,0.8239,0,0,0,0
145.383,0.8239,0,0,0,0
145.417,0.8239,0,0,0,0
145.449,0.8239,0,0,0,0
145.484,0.8239,0,0,0,0
145.516,0.8239,0,0,0,0
145.550,0.8239,0,0,0,0
145.582,0.8239,0,0,0,0
145.614,0.8239,0,0,0,0
145.649,0.8239,0,0,0,0
145.681,0.8239,0,0,0,0
145.714,0.8239,0,0,0,0
145.747,0.8239,0,0,0,0
145.782,0.8239,0,0,0,0
145.816,0.8239,0,0,0,0
145.849,0.8239,0,0,0,0
145.882,0.8239,0,0,0,0
145.915,0.8239,0,0,0,0
145.949,0.8239,0,0,0,0
145.983,0.8239,0,0,0,0
146.014,0.8239,0,0,0,0
146.051,0.8239,0,0,0,0
146.083,0.8239,0,0,0,0
146.114,0.8239,0,0,0,0
146.147,0.8239,0,0,0,0
146.182,0.8239,0,0,0,0
146.216,0.8239,0,0,0,0
146.248,0.8239,0,0,0,0
146.283,0.8239,0,0,0,0
146.316,0.8239,0,0,0,0
146.348,0.8239,0,0,0,0
146.384,0.8239,0,0,0,0
146.416,0.8239,0,0,0,0
146.448,0.8239,0,0,0,0
146.482,0.8239,0,0,0,0
146.517,0.8239,0,0,0,0
146.550,0.8239,0,0,0,0
146.583,0.8239,0,0,0,0
146.615,0.8239,0,0,0,0
146.649,0.8239,0,0,0,0
146.682,0.8239,0,0,0,0
146.715,0.8239,0,0,0,0
146.748,0.8239,0,0,0,0
146.782,0.8239,0,0,0,0
146.816,0.8239,0,0,0,0
146.850,0.8239,0,0,0,0
146.883,0.8239,0,0,0,0
146.917,0.8239,0,0,0,0
146.950,0.8239,0,0,0,0
146.983,0.8239,0,0,0,0
147.016,0.8239,0,0,0,0
147.049,0.8239,0,0,0,0
147.082,0.8239,0,0,0,0
147.114,0.8239,0,0,0,0
147.147,0.8239,0,0,0,0
147.183,0.8239,0,0,0,0
147.216,0.8239,0,0,0,0
147.250,0.8239,0,0,0,0
147.284,0.8239,0,0,0,0
147.314,0.8239,0,0,0,0
147.347,0.8239,0,0,0,0
147.384,0.8239,0,0,0,0
147.415,0.8239,0,0,0,0
147.448,0.8239,0,0,0,0
147.481,0.8239,0,0,0,0
147.515,0.8239,0,0,0,0
147.549,0.8239,0,0,0,0
147.583,0.8239,0,0,0,0
147.617,0.8239,0,0,0,0
147.651,0.8239,0,0,0,0
147.684,0.8239,0,0,0,0
147.713,0.8239,0,0,0,0
147.750,0.8239,0,0,0,0
147.783,0.8239,0,0,0,0
147.815,0.8239,0,0,0,0
147.848,0.8239,0,0,0,0
147.881,0.8239,0,0,0,0
147.917,0.8239,0,0,0,0
147.947,0.8239,0,0,0,0
147.983,0.8239,0,0,0,0
148.016,0.8239,0,0,0,0
148.052,0.8239,0,0,0,0
148.082,0.8239,0,0,0,0
148.115,0.8239,0,0,0,0
148.150,0.8239,0,0,0,0
148.182,0.8239,0,0,0,0
148.217,0.8239,0,0,0,0
148.249,0.8239,0,0,0,0
148.282,0.8239,0,0,0,0
148.316,0.8239,0,0,0,0
148.349,0.8239,0,0,0,0
148.384,0.8239,0,0,0,0
148.417,0.8239,0,0,0,0
148.451,0.8239,0,0,0,0
148.484,0.8239,0,0,0,0
148.514,0.8239,0,0,0,0
148.547,0.8239,0,0,0,0
148.584,0.8239,0,0,0,0
148.617,0.8239,0,0,0,0
148.649,0.8239,0,0,0,0
148.682,0.8239,0,0,0,0
148.715,0.8239,0,0,0,0
148.748,0.8239,0,0,0,0
148.781,0.8239,0,0,0,0
148.818,0.8239,0,0,0,0
148.848,0.8239,0,0,0,0
148.881,0.8239,0,0,0,0
148.916,0.8239,0,0,0,0
148.951,0.8239,0,0,0,0
148.983,0.8239,0,0,0,0
149.016,0.8239,0,0,0,0
149.049,0.8239,0,0,0,0
149.083,0.8239,0,0,0,0
149.116,0.8239,0,0,0,0
149.150,0.8239,0,0,0,0
149.184,0.8239,0,0,0,0
149.217,0.8239,0,0,0,0
149.250,0.8239,0,0,0,0
149.283,0.8239,0,0,0,0
149.316,0.8239,0,0,0,0
149.349,0.8239,0,0,0,0
149.382,0.8239,0,0,0,0
149.415,0.8239,0,0,0,0
149.447,0.8239,0,0,0,0
149.480,0.8239,0,0,0,0
149.515,0.8239,0,0,0,0
149.550,0.8239,0,0,0,0
149.581,0.8239,0,0,0,0
149.618,0.8239,0,0,0,0
149.648,0.8239,0,0,0,0
149.683,0.8239,0,0,0,0
149.714,0.8239,0,0,0,0
149.750,0.8239,0,0,0,0
149.783,0.8239,0,0,0,0
149.817,0.8239,0,0,0,0
149.848,0.8239,0,0,0,0
149.884,0.8239,0,0,0,0
149.914,0.8239,0,0,0,0
149.948,0.8239,0,0,0,0
149.982,0.8239,0,0,0,0
150.015,0.8239,0,0,0,0
150.048,0.8239,0,0,0,0
150.081,0.8239,0,0,0,0
150.115,0.8239,0,0,0,0
150.147,0.8239,0,0,0,0
150.184,0.8239,0,0,0,0
150.217,0.8239,0,0,0,0
150.249,0.8239,0,0,0,0
150.282,0.8239,0,0,0,0
150.315,0.8239,0,0,0,0
150.351,0.8239,0,0,0,0
150.383,0.8239,0,0,0,0
150.415,0.8239,0,0,0,0
150.450,0.8239,0,0,0,0
150.482,0.8239,0,0,0,0
150.515,0.8239,0,0,0,0
150.548,0.8239,0,0,0,0
150.581,0.8239,0,0,0,0
150.615,0.8239,0,0,0,0
150.648,0.8239,0,0,0,0
150.681,0.8239,0,0,0,0
150.715,0.8239,0,0,0,0
150.748,0.8239,0,0,0,0
150.781,0.8239,0,0,0,0
150.814,0.8239,0,0,0,0
150.847,0.8239,0,0,0,0
150.883,0.8239,0,0,0,0
150.917,0.8239,0,0,0,0
150.949,0.8239,0,0,0,0
150.982,0.8239,0,0,0,0
151.015,0.8239,0,0,0,0
151.048,0.8239,0,0,0,0
151.083,0.8239,0,0,0,0
151.116,0.8239,0,0,0,0
151.150,0.8239,0,0,0,0
151.181,0.8239,0,0,0,0
151.215,0.8239,0,0,0,0
151.251,0.8239,0,0,0,0
151.283,0.8239,0,0,0,0
151.317,0.8239,0,0,0,0
151.349,0.8239,0,0,0,0
151.383,0.8239,0,0,0,0
151.416,0.8239,0,0,0,0
151.450,0.8239,0,0,0,0
151.483,0.8239,0,0,0,0
151.517,0.8239,0,0,0,0
151.550,0.8239,0,0,0,0
151.583,0.8239,0,0,0,0
151.616,0.8239,0,0,0,0
151.649,0.8239,0,0,0,0
151.682,0.8239,0,0,0,0
151.715,0.8239,0,0,0,0
151.747,0.8239,0,0,0,0
151.783,0.8239,0,0,0,0
151.817,0.8239,0,0,0,0
151.849,0.8239,0,0,0,0
151.882,0.8239,0,0,0,0
151.915,0.8239,0,0,0,0
151.950,0.8239,0,0,0,0
151.981,0.8239,0,0,0,0
152.016,0.8239,0,0,0,0
152.049,0.8239,0,0,0,0
152.081,0.8239,0,0,0,0
152.114,0.8239,0,0,0,0
152.148,0.8239,0,0,0,0
152.184,0.8239,0,0,0,0
152.217,0.8239,0,0,0,0
152.249,0.8239,0,0,0,0
152.282,0.8239,0,0,0,0
152.315,0.8239,0,0,0,0
152.348,0.8239,0,0,0,0
152.381,0.8239,0,0,0,0
152.417,0.8239,0,0,0,0
152.448,0.8239,0,0,0,0
152.483,0.8239,0,0,0,0
152.516,0.8239,0,0,0,0
152.548,0.8239,0,0,0,0
152.581,0.8239,0,0,0,0
152.615,0.8239,0,0,0,0
152.647,0.8239,0,0,0,0
152.684,0.8239,0,0,0,0
152.719,0.8239,0,0,0,0
152.746,0.8239,0,0,0,0
152.781,0.8239,0,0,0,0
152.815,0.8239,0,0,0,0
152.848,0.8239,0,0,0,0
152.882,0.8239,0,0,0,0
152.914,0.8239,0,0,0,0
152.950,0.8239,0,0,0,0
152.983,0.8239,0,0,0,0
153.016,0.8239,0,0,0,0
153.049,0.8239,0,0,0,0
153.082,0.8239,0,0,0,0
153.116,0.8239,0,0,0,0
153.149,0.8239,0,0,0,0
153.183,0.8239,0,0,0,0
153.216,0.8239,0,0,0,0
153.250,0.8239,0,0,0,0
153.282,0.8239,0,0,0,0
153.316,0.8239,0,0,0,0
153.348,0.8239,0,0,0,0
153.383,0.8239,0,0,0,0
153.417,0.8239,0,0,0,0
153.450,0.8239,0,0,0,0
153.482,0.8239,0,0,0,0
153.518,0.8239,0,0,0,0
153.548,0.8239,0,0,0,0
153.583,0.8239,0,0,0,0
153.615,0.8239,0,0,0,0
153.648,0.8239,0,0,0,0
153.681,0.8239,0,0,0,0
153.716,0.8239,0,0,0,0
153.749,0.8239,0,0,0,0
153.784,0.8239,0,0,0,0
153.817,0.8239,0,0,0,0
153.847,0.8239,0,0,0,0
153.881,0.8239,0,0,0,0
153.915,0.8239,0,0,0,0
153.949,0.8239,0,0,0,0
153.983,0.8239,0,0,0,0
154.016,0.8239,0,0,0,0
154.050,0.8239,0,0,0,0
154.083,0.8239,0,0,0,0
154.116,0.8239,0,0,0,0
154.148,0.8239,0,0,0,0
154.181,0.8239,0,0,0,0
154.214,0.8239,0,0,0,0
154.247,0.8239,0,0,0,0
154.283,0.8239,0,0,0,0
154.316,0.8239,0,0,0,0
154.348,0.8239,0,0,0,0
154.381,0.8239,0,0,0,0
154.414,0.8239,0,0,0,0
154.448,0.8239,0,0,0,0
154.482,0.8239,0,0,0,0
154.514,0.8239,0,0,0,0
154.550,0.8239,0,0,0,0
154.582,0.8239,0,0,0,0
154.616,0.8239,0,0,0,0
154.649,0.8239,0,0,0,0
154.683,0.8239,0,0,0,0
154.716,0.8239,0,0,0,0
154.750,0.8239,0,0,0,0
154.783,0.8239,0,0,0,0
154.817,0.8239,0,0,0,0
154.848,0.8239,0,0,0,0
154.884,0.8239,0,0,0,0
154.917,0.8239,0,0,0,0
154.950,0.8239,0,0,0,0
154.983,0.8239,0,0,0,0
155.016,0.8239,0,0,0,0
155.048,0.8239,0,0,0,0
155.085,0.8239,0,0,0,0
155.117,0.8239,0,0,0,0
155.149,0.8239,0,0,0,0
155.181,0.8239,0,0,0,0
155.215,0.8239,0,0,0,0
155.250,0.8239,0,0,0,0
155.283,0.8239,0,0,0,0
155.315,0.8239,0,0,0,0
155.350,0.8239,0,0,0,0
155.381,0.8239,0,0,0,0
155.415,0.8239,0,0,0,0
155.448,0.8239,0,0,0,0
155.483,0.8239,0,0,0,0
155.516,0.8239,0,0,0,0
155.550,0.8239,0,0,0,0
155.583,0.8239,0,0,0,0
155.617,0.8239,0,0,0,0
155.650,0.8239,0,0,0,0
155.680,0.8239,0,0,0,0
155.717,0.8239,0,0,0,0
155.750,0.8239,0,0,0,0
155.783,0.8239,0,0,0,0
155.816,0.8239,0,0,0,0
155.849,0.8239,0,0,0,0
155.882,0.8239,0,0,0,0
155.914,0.8239,0,0,0,0
155.947,0.8239,0,0,0,0
155.983,0.8239,0,0,0,0
156.016,0.8239,0,0,0,0
156.047,0.8239,0,0,0,0
156.083,0.8239,0,0,0,0
156.115,0.8239,0,0,0,0
156.149,0.8239,0,0,0,0
156.181,0.8239,0,0,0,0
156.215,0.8239,0,0,0,0
156.248,0.8239,0,0,0,0
156.282,0.8239,0,0,0,0
156.315,0.8239,0,0,0,0
156.349,0.8239,0,0,0,0
156.383,0.8239,0,0,0,0
156.417,0.8239,0,0,0,0
156.450,0.8239,0,0,0,0
156.483,0.8239,0,0,0,0
156.516,0.8239,0,0,0,0
156.549,0.8239,0,0,0,0
156.582,0.8239,0,0,0,0
156.615,0.8239,0,0,0,0
156.647,0.8239,0,0,0,0
156.683,0.8239,0,0,0,0
156.716,0.8239,0,0,0,0
156.749,0.8239,0,0,0,0
156.778,0.8239,0,0,0,0
156.816,0.8239,0,0,0,0
156.849,0.8239,0,0,0,0
156.882,0.8239,0,0,0,0
156.917,0.8239,0,0,0,0
156.949,0.8239,0,0,0,0
156.982,0.8239,0,0,0,0
157.016,0.8239,0,0,0,0
157.049,0.8239,0,0,0,0
157.082,0.8239,0,0,0,0
157.116,0.8239,0,0,0,0
157.149,0.8239,0,0,0,0
157.183,0.8239,0,0,0,0
157.216,0.8239,0,0,0,0
157.249,0.8239,0,0,0,0
157.282,0.8239,0,0,0,0
157.316,0.8239,0,0,0,0
157.349,0.8239,0,0,0,0
157.382,0.8239,0,0,0,0
157.415,0.8239,0,0,0,0
157.448,0.8239,0,0,0,0
157.484,0.8239,0,0,0,0
157.514,0.8239,0,0,0,0
157.550,0.8239,0,0,0,0
157.583,0.8239,0,0,0,0
157.616,0.8239,0,0,0,0
157.651,0.8239,0,0,0,0
157.683,0.8239,0,0,0,0
157.718,0.8239,0,0,0,0
157.750,0.8239,0,0,0,0
157.783,0.8239,0,0,0,0
157.816,0.8239,0,0,0,0
157.849,0.8239,0,0,0,0
157.882,0.8239,0,0,0,0
157.915,0.8239,0,0,0,0
157.949,0.8239,0,0,0,0
157.983,0.8239,0,0,0,0
158.016,0.8239,0,0,0,0
158.049,0.8239,0,0,0,0
158.082,0.8239,0,0,0,0
158.115,0.8239,0,0,0,0
158.151,0.8239,0,0,0,0
158.184,0.8239,0,0,0,0
158.215,0.8239,0,0,0,0
158.248,0.8239,0,0,0,0
158.281,0.8239,0,0,0,0
158.314,0.8239,0,0,0,0
158.350,0.8239,0,0,0,0
158.380,0.8239,0,0,0,0
158.416,0.8239,0,0,0,0
158.446,0.8239,0,0,0,0
158.483,0.8239,0,0,0,0
158.514,0.8239,0,0,0,0
158.549,0.8239,0,0,0,0
158.584,0.8239,0,0,0,0
158.617,0.8239,0,0,0,0
158.649,0.8239,0,0,0,0
158.683,0.8239,0,0,0,0
158.716,0.8239,0,0,0,0
158.750,0.8239,0,0,0,0
158.783,0.8239,0,0,0,0
158.816,0.8239,0,0,0,0
158.850,0.8239,0,0,0,0
158.883,0.8239,0,0,0,0
158.917,0.8239,0,0,0,0
158.950,0.8239,0,0,0,0
158.983,0.8239,0,0,0,0
159.016,0.8239,0,0,0,0
159.049,0.8239,0,0,0,0
159.082,0.8239,0,0,0,0
159.115,0.8239,0,0,0,0
159.147,0.8239,0,0,0,0
159.183,0.8239,0,0,0,0
159.215,0.8239,0,0,0,0
159.249,0.8239,0,0,0,0
159.284,0.8239,0,0,0,0
159.317,0.8239,0,0,0,0
159.348,0.8239,0,0,0,0
159.383,0.8239,0,0,0,0
159.415,0.8239,0,0,0,0
159.448,0.8239,0,0,0,0
159.481,0.8239,0,0,0,0
159.515,0.8239,0,0,0,0
159.548,0.8239,0,0,0,0
159.582,0.8239,0,0,0,0
159.615,0.8239,0,0,0,0
159.649,0.8239,0,0,0,0
159.682,0.8239,0,0,0,0
159.715,0.8239,0,0,0,0
159.748,0.8239,0,0,0,0
159.781,0.8239,0,0,0,0
159.815,0.8239,0,0,0,0
159.848,0.8239,0,0,0,0
159.881,0.8239,0,0,0,0
159.914,0.8239,0,0,0,0
159.947,0.8239,0,0,0,0
159.983,0.8239,0,0,0,0
160.016,0.8239,0,0,0,0
160.049,0.8239,0,0,0,0
160.081,0.8239,0,0,0,0
160.120,0.8239,0,0,0,0
160.150,0.8239,0,0,0,0
160.182,0.8239,0,0,0,0
160.214,0.8239,0,0,0,0
160.249,0.8239,0,0,0,0
160.282,0.8239,0,0,0,0
160.314,0.8239,0,0,0,0
160.347,0.8239,0,0,0,0
160.381,0.8239,0,0,0,0
160.414,0.8239,0,0,0,0
160.448,0.8239,0,0,0,0
160.482,0.8239,0,0,0,0
160.515,0.8239,0,0,0,0
160.548,0.8239,0,0,0,0
160.581,0.8239,0,0,0,0
160.615,0.8239,0,0,0,0
160.648,0.8239,0,0,0,0
160.683,0.8239,0,0,0,0
160.716,0.8239,0,0,0,0
160.751,0.8239,0,0,0,0
160.781,0.8239,0,0,0,0
160.815,0.8239,0,0,0,0
160.848,0.8239,0,0,0,0
160.881,0.8239,0,0,0,0
160.914,0.8239,0,0,0,0
160.950,0.8239,0,0,0,0
160.977,0.8239,0,0,0,0
161.016,0.8239,0,0,0,0
161.050,0.8239,0,0,0,0
161.083,0.8239,0,0,0,0
161.114,0.8239,0,0,0,0
161.147,0.8239,0,0,0,0
161.182,0.8239,0,0,0,0
161.215,0.8239,0,0,0,0
161.249,0.8239,0,0,0,0
161.283,0.8239,0,0,0,0
161.317,0.8239,0,0,0,0
161.350,0.8239,0,0,0,0
161.382,0.8239,0,0,0,0
161.417,0.8239,0,0,0,0
161.447,0.8239,0,0,0,0
161.484,0.8239,0,0,0,0
161.517,0.8239,0,0,0,0
161.550,0.8239,0,0,0,0
161.582,0.8239,0,0,0,0
161.615,0.8239,0,0,0,0
161.647,0.8239,0,0,0,0
161.684,0.8239,0,0,0,0
161.717,0.8239,0,0,0,0
161.749,0.8239,0,0,0,0
161.782,0.8239,0,0,0,0
161.817,0.8239,0,0,0,0
161.849,0.8239,0,0,0,0
161.882,0.8239,0,0,0,0
161.917,0.8239,0,0,0,0
161.948,0.8239,0,0,0,0
161.981,0.8239,0,0,0,0
162.016,0.8239,0,0,0,0
162.050,0.8239,0,0,0,0
162.083,0.8239,0,0,0,0
162.117,0.8239,0,0,0,0
162.152,0.8239,0,0,0,0
162.181,0.8239,0,0,0,0
162.215,0.8239,0,0,0,0
162.249,0.8239,0,0,0,0
162.281,0.8239,0,0,0,0
162.314,0.8239,0,0,0,0
162.347,0.8239,0,0,0,0
162.381,0.8239,0,0,0,0
162.414,0.8239,0,0,0,0
162.450,0.8239,0,0,0,0
162.483,0.8239,0,0,0,0
162.515,0.8239,0,0,0,0
162.548,0.8239,0,0,0,0
162.581,0.8239,0,0,0,0
162.619,0.8239,0,0,0,0
162.648,0.8239,0,0,0,0
162.681,0.8239,0,0,0,0
162.715,0.8239,0,0,0,0
162.749,0.8239,0,0,0,0
162.784,0.8239,0,0,0,0
162.816,0.8239,0,0,0,0
162.848,0.8239,0,0,0,0
162.881,0.8239,0,0,0,0
162.915,0.8239,0,0,0,0
162.949,0.8239,0,0,0,0
162.984,0.8239,0,0,0,0
163.014,0.8239,0,0,0,0
163.048,0.8239,0,0,0,0
163.081,0.8239,0,0,0,0
163.114,0.8239,0,0,0,0
163.148,0.8239,0,0,0,0
163.180,0.8239,0,0,0,0
163.217,0.8239,0,0,0,0
163.250,0.8239,0,0,0,0
163.282,0.8239,0,0,0,0
163.315,0.8239,0,0,0,0
163.348,0.8239,0,0,0,0
163.385,0.8239,0,0,0,0
163.414,0.8239,0,0,0,0
163.450,0.8239,0,0,0,0
163.482,0.8239,0,0,0,0
163.516,0.8239,0,0,0,0
163.552,0.8239,0,0,0,0
163.584,0.8239,0,0,0,0
163.620,0.8239,0,0,0,0
163.650,0.8239,0,0,0,0
163.681,0.8239,0,0,0,0
163.716,0.8239,0,0,0,0
163.748,0.8239,0,0,0,0
163.784,0.8239,0,0,0,0
163.815,0.8239,0,0,0,0
163.848,0.8239,0,0,0,0
163.883,0.8239,0,0,0,0
163.914,0.8239,0,0,0,0
163.949,0.8239,0,0,0,0
163.983,0.8239,0,0,0,0
164.017,0.8239,0,0,0,0
164.050,0.8239,0,0,0,0
164.083,0.8239,0,0,0,0
164.115,0.8239,0,0,0,0
164.149,0.8239,0,0,0,0
164.188,0.8239,0,0,0,0
164.215,0.8239,0,0,0,0
164.248,0.8239,0,0,0,0
164.282,0.8239,0,0,0,0
164.314,0.8239,0,0,0,0
164.351,0.8239,0,0,0,0
164.382,0.8239,0,0,0,0
164.415,0.8239,0,0,0,0
164.449,0.8239,0,0,0,0
164.483,0.8239,0,0,0,0
164.518,0.8239,0,0,0,0
164.548,0.8239,0,0,0,0
164.582,0.8239,0,0,0,0
164.615,0.8239,0,0,0,0
164.648,0.8239,0,0,0,0
164.681,0.8239,0,0,0,0
164.714,0.8239,0,0,0,0
164.750,0.8239,0,0,0,0
164.783,0.8239,0,0,0,0
164.816,0.8239,0,0,0,0
164.849,0.8239,0,0,0,0
164.881,0.8239,0,0,0,0
164.914,0.8239,0,0,0,0
164.950,0.8239,0,0,0,0
164.983,0.8239,0,0,0,0
165.015,0.8239,0,0,0,0
165.047,0.8239,0,0,0,0
165.081,0.8239,0,0,0,0
165.116,0.8239,0,0,0,0
165.148,0.8239,0,0,0,0
165.184,0.8239,0,0,0,0
165.217,0.8239,0,0,0,0
165.251,0.8239,0,0,0,0
165.280,0.8239,0,0,0,0
165.314,0.8239,0,0,0,0
165.348,0.8239,0,0,0,0
165.383,0.8239,0,0,0,0
165.416,0.8239,0,0,0,0
165.450,0.8239,0,0,0,0
165.483,0.8239,0,0,0,0
165.516,0.8239,0,0,0,0
165.549,0.8239,0,0,0,0
165.583,0.8239,0,0,0,0
165.616,0.8239,0,0,0,0
165.649,0.8239,0,0,0,0
165.681,0.8239,0,0,0,0
165.716,0.8239,0,0,0,0
165.747,0.8239,0,0,0,0
165.782,0.8239,0,0,0,0
165.815,0.8239,0,0,0,0
165.850,0.8239,0,0,0,0
165.881,0.8239,0,0,0,0
165.915,0.8239,0,0,0,0
165.948,0.8239,0,0,0,0
165.981,0.8239,0,0,0,0
166.016,0.8239,0,0,0,0
166.051,0.8239,0,0,0,0
166.081,0.8239,0,0,0,0
166.115,0.8239,0,0,0,0
166.150,0.8239,0,0,0,0
166.183,0.8239,0,0,0,0
166.216,0.8239,0,0,0,0
166.249,0.8239,0,0,0,0
166.282,0.8239,0,0,0,0
166.314,0.8239,0,0,0,0
166.351,0.8239,0,0,0,0
166.384,0.8239,0,0,0,0
166.416,0.8239,0,0,0,0
166.450,0.8239,0,0,0,0
166.480,0.8239,0,0,0,0
166.516,0.8239,0,0,0,0
166.550,0.8239,0,0,0,0
166.580,0.8239,0,0,0,0
166.615,0.8239,0,0,0,0
166.650,0.8239,0,0,0,0
166.682,0.8239,0,0,0,0
166.715,0.8239,0,0,0,0
166.749,0.8239,0,0,0,0
166.783,0.8239,0,0,0,0
166.817,0.8239,0,0,0,0
166.848,0.8239,0,0,0,0
166.881,0.8239,0,0,0,0
166.915,0.8239,0,0,0,0
166.949,0.8239,0,0,0,0
166.982,0.8239,0,0,0,0
167.015,0.8239,0,0,0,0
167.049,0.8239,0,0,0,0
167.083,0.8239,0,0,0,0
167.114,0.8239,0,0,0,0
167.149,0.8239,0,0,0,0
167.181,0.8239,0,0,0,0
167.215,0.8239,0,0,0,0
167.250,0.8239,0,0,0,0
167.281,0.8239,0,0,0,0
167.316,0.8239,0,0,0,0
167.348,0.8239,0,0,0,0
167.381,0.8239,0,0,0,0
167.415,0.8239,0,0,0,0
167.449,0.8239,0,0,0,0
167.483,0.8239,0,0,0,0
167.517,0.8239,0,0,0,0
167.550,0.8239,0,0,0,0
167.584,0.8239,0,0,0,0
167.614,0.8239,0,0,0,0
167.648,0.8239,0,0,0,0
167.682,0.8239,0,0,0,0
167.716,0.8239,0,0,0,0
167.750,0.8239,0,0,0,0
167.783,0.8239,0,0,0,0
167.817,0.8239,0,0,0,0
167.850,0.8239,0,0,0,0
167.883,0.8239,0,0,0,0
167.915,0.8239,0,0,0,0
167.948,0.8239,0,0,0,0
167.981,0.8239,0,0,0,0
168.017,0.8239,0,0,0,0
168.048,0.8239,0,0,0,0
168.085,0.8239,0,0,0,0
168.116,0.8239,0,0,0,0
168.149,0.8239,0,0,0,0
168.182,0.8239,0,0,0,0
168.214,0.8239,0,0,0,0
168.248,0.8239,0,0,0,0
168.284,0.8239,0,0,0,0
168.314,0.8239,0,0,0,0
168.347,0.8239,0,0,0,0
168.385,0.8239,0,0,0,0
168.415,0.8239,0,0,0,0
168.449,0.8239,0,0,0,0
168.483,0.8239,0,0,0,0
168.516,0.8239,0,0,0,0
168.550,0.8239,0,0,0,0
168.583,0.8239,0,0,0,0
168.616,0.8239,0,0,0,0
168.649,0.8239,0,0,0,0
168.681,0.8239,0,0,0,0
168.714,0.8239,0,0,0,0
168.747,0.8239,0,0,0,0
168.784,0.8239,0,0,0,0
168.816,0.8239,0,0,0,0
168.849,0.8239,0,0,0,0
168.888,0.8239,0,0,0,0
168.917,0.8239,0,0,0,0
168.947,0.8239,0,0,0,0
168.982,0.8239,0,0,0,0
169.015,0.8239,0,0,0,0
169.047,0.8239,0,0,0,0
169.083,0.8239,0,0,0,0
169.116,0.8239,0,0,0,0
169.149,0.8239,0,0,0,0
169.183,0.8239,0,0,0,0
169.216,0.8239,0,0,0,0
169.250,0.8239,0,0,0,0
169.284,0.8239,0,0,0,0
169.317,0.8239,0,0,0,0
169.350,0.8239,0,0,0,0
169.383,0.8239,0,0,0,0
169.416,0.8239,0,0,0,0
169.449,0.8239,0,0,0,0
169.482,0.8239,0,0,0,0
169.515,0.8239,0,0,0,0
169.548,0.8239,0,0,0,0
169.584,0.8239,0,0,0,0
169.614,0.8239,0,0,0,0
169.650,0.8239,0,0,0,0
169.680,0.8239,0,0,0,0
169.714,0.8239,0,0,0,0
169.748,0.8239,0,0,0,0
169.783,0.8239,0,0,0,0
169.818,0.8239,0,0,0,0
169.851,0.8239,0,0,0,0
169.884,0.8239,0,0,0,0
169.914,0.8239,0,0,0,0
169.950,0.8239,0,0,0,0
169.983,0.8239,0,0,0,0
170.017,0.8239,0,0,0,0
170.050,0.8239,0,0,0,0
170.083,0.8239,0,0,0,0
170.116,0.8239,0,0,0,0
170.149,0.8239,0,0,0,0
170.181,0.8239,0,0,0,0
170.215,0.8239,0,0,0,0
170.248,0.8239,0,0,0,0
170.281,0.8239,0,0,0,0
170.315,0.8239,0,0,0,0
170.348,0.8239,0,0,0,0
170.381,0.8239,0,0,0,0
170.415,0.8239,0,0,0,0
170.448,0.8239,0,0,0,0
170.482,0.8239,0,0,0,0
170.517,0.8239,0,0,0,0
170.549,0.8239,0,0,0,0
170.583,0.8239,0,0,0,0
170.615,0.8239,0,0,0,0
170.650,0.8239,0,0,0,0
170.683,0.8239,0,0,0,0
170.716,0.8239,0,0,0,0
170.749,0.8239,0,0,0,0
170.783,0.8239,0,0,0,0
170.816,0.8239,0,0,0,0
170.850,0.8239,0,0,0,0
170.883,0.8239,0,0,0,0
170.916,0.8239,0,0,0,0
170.949,0.8239,0,0,0,0
170.983,0.8239,0,0,0,0
171.016,0.8239,0,0,0,0
171.049,0.8239,0,0,0,0
171.082,0.8239,0,0,0,0
171.115,0.8239,0,0,0,0
171.147,0.8239,0,0,0,0
171.181,0.8239,0,0,0,0
171.214,0.8239,0,0,0,0
171.249,0.8239,0,0,0,0
171.279,0.8239,0,0,0,0
171.316,0.8239,0,0,0,0
171.348,0.8239,0,0,0,0
171.382,0.8239,0,0,0,0
171.414,0.8239,0,0,0,0
171.448,0.8239,0,0,0,0
171.481,0.8239,0,0,0,0
171.515,0.8239,0,0,0,0
171.549,0.8239,0,0,0,0
171.582,0.8239,0,0,0,0
171.616,0.8239,0,0,0,0
171.649,0.8239,0,0,0,0
171.682,0.8239,0,0,0,0
171.715,0.8239,0,0,0,0
171.748,0.8239,0,0,0,0
171.780,0.8239,0,0,0,0
171.817,0.8239,0,0,0,0
171.849,0.8239,0,0,0,0
171.882,0.8239,0,0,0,0
171.914,0.8239,0,0,0,0
171.947,0.8239,0,0,0,0
171.983,0.8239,0,0,0,0
172.016,0.8239,0,0,0,0
172.048,0.8239,0,0,0,0
172.078,0.8239,0,0,0,0
172.115,0.8239,0,0,0,0
172.149,0.8239,0,0,0,0
172.181,0.8239,0,0,0,0
172.216,0.8239,0,0,0,0
172.249,0.8239,0,0,0,0
172.283,0.8239,0,0,0,0
172.316,0.8239,0,0,0,0
172.350,0.8239,0,0,0,0
172.383,0.8239,0,0,0,0
172.416,0.8239,0,0,0,0
172.450,0.8239,0,0,0,0
172.483,0.8239,0,0,0,0
172.516,0.8239,0,0,0,0
172.549,0.8239,0,0,0,0
172.582,0.8239,0,0,0,0
172.615,0.8239,0,0,0,0
172.648,0.8239,0,0,0,0
172.681,0.8239,0,0,0,0
172.714,0.8239,0,0,0,0
172.751,0.8239,0,0,0,0
172.783,0.8239,0,0,0,0
172.816,0.8239,0,0,0,0
172.848,0.8239,0,0,0,0
172.880,0.8239,0,0,0,0
172.917,0.8239,0,0,0,0
172.947,0.8239,0,0,0,0
172.984,0.8239,0,0,0,0
173.016,0.8239,0,0,0,0
173.049,0.8239,0,0,0,0
173.081,0.8239,0,0,0,0
173.114,0.8239,0,0,0,0
173.150,0.8239,0,0,0,0
173.184,0.8239,0,0,0,0
173.217,0.8239,0,0,0,0
173.250,0.8239,0,0,0,0
173.283,0.8239,0,0,0,0
173.316,0.8239,0,0,0,0
173.350,0.8239,0,0,0,0
173.383,0.8239,0,0,0,0
173.417,0.8239,0,0,0,0
173.450,0.8239,0,0,0,0
173.482,0.8239,0,0,0,0
173.516,0.8239,0,0,0,0
173.549,0.8239,0,0,0,0
173.581,0.8239,0,0,0,0
173.614,0.8239,0,0,0,0
173.650,0.8239,0,0,0,0
173.683,0.8239,0,0,0,0
173.718,0.8239,0,0,0,0
173.750,0.8239,0,0,0,0
173.782,0.8239,0,0,0,0
173.815,0.8239,0,0,0,0
173.850,0.8239,0,0,0,0
173.882,0.8239,0,0,0,0
173.914,0.8239,0,0,0,0
173.948,0.8239,0,0,0,0
173.982,0.8239,0,0,0,0
174.015,0.8239,0,0,0,0
174.049,0.8239,0,0,0,0
174.082,0.8239,0,0,0,0
174.115,0.8239,0,0,0,0
174.149,0.8239,0,0,0,0
174.182,0.8239,0,0,0,0
174.214,0.8239,0,0,0,0
174.247,0.8239,0,0,0,0
174.284,0.8239,0,0,0,0
174.314,0.8239,0,0,0,0
174.349,0.8239,0,0,0,0
174.382,0.8239,0,0,0,0
174.415,0.8239,0,0,0,0
174.449,0.8239,0,0,0,0
174.482,0.8239,0,0,0,0
174.514,0.8239,0,0,0,0
174.550,0.8239,0,0,0,0
174.582,0.8239,0,0,0,0
174.617,0.8239,0,0,0,0
174.648,0.8239,0,0,0,0
174.681,0.8239,0,0,0,0
174.714,0.8239,0,0,0,0
174.747,0.8239,0,0,0,0
174.784,0.8239,0,0,0,0
174.818,0.8239,0,0,0,0
174.852,0.8239,0,0,0,0
174.882,0.8239,0,0,0,0
174.915,0.8239,0,0,0,0
174.948,0.8239,0,0,0,0
174.981,0.8239,0,0,0,0
175.014,0.8239,0,0,0,0
175.050,0.8239,0,0,0,0
175.081,0.8239,0,0,0,0
175.115,0.8239,0,0,0,0
175.151,0.8239,0,0,0,0
175.180,0.8239,0,0,0,0
175.216,0.8239,0,0,0,0
175.249,0.8239,0,0,0,0
175.281,0.8239,0,0,0,0
175.316,0.8239,0,0,0,0
175.351,0.8239,0,0,0,0
175.381,0.8239,0,0,0,0
175.415,0.8239,0,0,0,0
175.451,0.8239,0,0,0,0
175.482,0.8239,0,0,0,0
175.514,0.8239,0,0,0,0
175.549,0.8239,0,0,0,0
175.583,0.8239,0,0,0,0
175.616,0.8239,0,0,0,0
175.651,0.8239,0,0,0,0
175.680,0.8239,0,0,0,0
175.715,0.8239,0,0,0,0
175.749,0.8239,0,0,0,0
175.783,0.8239,0,0,0,0
175.816,0.8238,0,0,0,0
175.850,0.8238,0,0,0,0
175.883,0.8238,0,0,0,0
175.916,0.8238,0,0,0,0
175.948,0.8238,0,0,0,0
175.982,0.8238,0,0,0,0
176.015,0.8238,0,0,0,0
176.049,0.8238,0,0,0,0
176.082,0.8238,0,0,0,0
176.116,0.8238,0,0,0,0
176.148,0.8238,0,0,0,0
176.183,0.8238,0,0,0,0
176.217,0.8238,0,0,0,0
176.248,0.8238,0,0,0,0
176.283,0.8238,0,0,0,0
176.315,0.8238,0,0,0,0
176.349,0.8238,0,0,0,0
176.381,0.8238,0,0,0,0
176.416,0.8238,0,0,0,0
176.449,0.8238,0,0,0,0
176.482,0.8238,0,0,0,0
176.516,0.8238,0,0,0,0
176.549,0.8238,0,0,0,0
176.582,0.8238,0,0,0,0
176.614,0.8238,0,0,0,0
176.648,0.8238,0,0,0,0
176.683,0.8238,0,0,0,0
176.714,0.8238,0,0,0,0
176.749,0.8238,0,0,0,0
176.782,0.8238,0,0,0,0
176.815,0.8238,0,0,0,0
176.847,0.8238,0,0,0,0
176.883,0.8238,0,0,0,0
176.916,0.8238,0,0,0,0
176.948,0.8238,0,0,0,0
176.981,0.8238,0,0,0,0
177.013,0.8238,0,0,0,0
177.050,0.8238,0,0,0,0
177.081,0.8238,0,0,0,0
177.114,0.8238,0,0,0,0
177.149,0.8238,0,0,0,0
177.182,0.8238,0,0,0,0
177.215,0.8238,0,0,0,0
177.250,0.8238,0,0,0,0
177.281,0.8238,0,0,0,0
177.315,0.8238,0,0,0,0
177.349,0.8238,0,0,0,0
177.382,0.8238,0,0,0,0
177.416,0.8238,0,0,0,0
177.450,0.8238,0,0,0,0
177.484,0.8238,0,0,0,0
177.514,0.8238,0,0,0,0
177.548,0.8238,0,0,0,0
177.581,0.8238,0,0,0,0
177.615,0.8238,0,0,0,0
177.647,0.8238,0,0,0,0
177.680,0.8238,0,0,0,0
177.717,0.8238,0,0,0,0
177.750,0.8238,0,0,0,0
177.782,0.8238,0,0,0,0
177.815,0.8238,0,0,0,0
177.848,0.8238,0,0,0,0
177.880,0.8238,0,0,0,0
177.913,0.8238,0,0,0,0
177.948,0.8238,0,0,0,0
177.982,0.8238,0,0,0,0
178.017,0.8238,0,0,0,0
178.049,0.8238,0,0,0,0
178.083,0.8238,0,0,0,0
178.115,0.8238,0,0,0,0
178.148,0.8238,0,0,0,0
178.181,0.8238,0,0,0,0
178.215,0.8238,0,0,0,0
178.248,0.8238,0,0,0,0
178.282,0.8238,0,0,0,0
178.316,0.8238,0,0,0,0
178.348,0.8238,0,0,0,0
178.383,0.8238,0,0,0,0
178.416,0.8238,0,0,0,0
178.449,0.8238,0,0,0,0
178.482,0.8238,0,0,0,0
178.516,0.8238,0,0,0,0
178.549,0.8238,0,0,0,0
178.581,0.8238,0,0,0,0
178.615,0.8238,0,0,0,0
178.648,0.8238,0,0,0,0
178.681,0.8238,0,0,0,0
178.714,0.8238,0,0,0,0
178.750,0.8238,0,0,0,0
178.784,0.8238,0,0,0,0
178.814,0.8238,0,0,0,0
178.847,0.8238,0,0,0,0
178.882,0.8238,0,0,0,0
178.915,0.8238,0,0,0,0
178.948,0.8238,0,0,0,0
178.981,0.8238,0,0,0,0
179.014,0.8238,0,0,0,0
179.047,0.8238,0,0,0,0
179.081,0.8238,0,0,0,0
179.115,0.8238,0,0,0,0
179.149,0.8238,0,0,0,0
179.183,0.8238,0,0,0,0
179.216,0.8238,0,0,0,0
179.249,0.8238,0,0,0,0
179.282,0.8238,0,0,0,0
179.315,0.8238,0,0,0,0
179.348,0.8238,0,0,0,0
179.381,0.8238,0,0,0,0
179.414,0.8238,0,0,0,0
179.448,0.8238,0,0,0,0
179.481,0.8238,0,0,0,0
179.516,0.8238,0,0,0,0
179.549,0.8238,0,0,0,0
179.584,0.8238,0,0,0,0
179.615,0.8238,0,0,0,0
179.650,0.8238,0,0,0,0
179.684,0.8238,0,0,0,0
179.715,0.8238,0,0,0,0
179.750,0.8238,0,0,0,0
179.782,0.8238,0,0,0,0
179.814,0.8238,0,0,0,0
179.848,0.8238,0,0,0,0
179.882,0.8238,0,0,0,0
179.916,0.8238,0,0,0,0
179.950,0.8238,0,0,0,0
179.983,0.8238,0,0,0,0
180.017,0.8238,0,0,0,0
180.050,0.8238,0,0,0,0
180.083,0.8238,0,0,0,0
180.114,0.8238,0,0,0,0
180.148,0.8238,0,0,0,0
180.182,0.8238,0,0,0,0
180.215,0.8238,0,0,0,0
180.248,0.8238,0,0,0,0
180.286,0.8238,0,0,0,0
180.315,0.8238,0,0,0,0
180.349,0.8238,0,0,0,0
180.384,0.8238,0,0,0,0
180.414,0.8238,0,0,0,0
180.449,0.8238,0,0,0,0
180.482,0.8238,0,0,0,0
180.515,0.8238,0,0,0,0
180.549,0.8238,0,0,0,0
180.581,0.8238,0,0,0,0
180.617,0.8238,0,0,0,0
180.648,0.8238,0,0,0,0
180.680,0.8238,0,0,0,0
180.715,0.8238,0,0,0,0
180.741,0.8238,0,0,0,0
180.776,0.8238,0,0,0,0
180.817,0.8238,0,0,0,0
180.850,0.8238,0,0,0,0
180.881,0.8238,0,0,0,0
180.917,0.8238,0,0,0,0
180.949,0.8238,0,0,0,0
180.983,0.8238,0,0,0,0
181.015,0.8238,0,0,0,0
181.048,0.8238,0,0,0,0
181.082,0.8238,0,0,0,0
181.277,0.8238,0,0,0,0
181.298,0.8238,0,0,0,0
181.333,0.8238,0,0,0,0
181.350,0.8238,0,0,0,0
181.384,0.8238,0,0,0,0
181.416,0.8238,0,0,0,0
181.451,0.8238,0,0,0,0
181.485,0.8238,0,0,0,0
181.518,0.8238,0,0,0,0
181.549,0.8238,0,0,0,0
181.583,0.8238,0,0,0,0
181.617,0.8238,0,0,0,0
181.651,0.8238,0,0,0,0
181.682,0.8238,0,0,0,0
181.718,0.8238,0,0,0,0
181.752,0.8238,0,0,0,0
181.784,0.8238,0,0,0,0
181.816,0.8238,0,0,0,0
181.852,0.8238,0,0,0,0
181.882,0.8238,0,0,0,0
181.918,0.8238,0,0,0,0
181.950,0.8238,0,0,0,0
182.008,0.8238,0,0,0,0
182.029,0.8238,0,0,0,0
182.065,0.8238,0,0,0,0
182.091,0.8238,0,0,0,0
182.124,0.8238,0,0,0,0
182.159,0.8238,0,0,0,0
182.192,0.8238,0,0,0,0
182.226,0.8238,0,0,0,0
182.264,0.8238,0,0,0,0
182.307,0.8238,0,0,0,0
182.326,0.8238,0,0,0,0
182.357,0.8238,0,0,0,0
182.391,0.8238,0,0,0,0
182.424,0.8238,0,0,0,0
182.462,0.8238,0,0,0,0
182.491,0.8238,0,0,0,0
182.528,0.8238,0,0,0,0
182.565,0.8238,0,0,0,0
182.591,0.8238,0,0,0,0
182.640,0.8238,0,0,0,0
182.657,0.8238,0,0,0,0
182.695,0.8238,0,0,0,0
182.724,0.8238,0,0,0,0
182.774,0.8238,0,0,0,0
182.796,0.8238,0,0,0,0
182.832,0.8238,0,0,0,0
182.857,0.8238,0,0,0,0
182.899,0.8238,0,0,0,0
183.093,0.8238,0,0,0,0
183.143,0.8238,0,0,0,0
183.159,0.8238,0,0,0,0
183.191,0.8238,0,0,0,0
183.224,0.8238,0,0,0,0
183.261,0.8238,0,0,0,0
183.292,0.8238,0,0,0,0
183.328,0.8238,0,0,0,0
183.358,0.8238,0,0,0,0
183.395,0.8238,0,0,0,0
183.423,0.8238,0,0,0,0
183.461,0.8238,0,0,0,0
183.494,0.8238,0,0,0,0
183.525,0.8238,0,0,0,0
183.561,0.8238,0,0,0,0
183.595,0.8238,0,0,0,0
183.626,0.8238,0,0,0,0
183.960,0.8238,0,0,0,0
183.989,0.8238,0,0,0,0
184.015,0.8238,0,0,0,0
184.052,0.8238,0,0,0,0
184.086,0.8238,0,0,0,0
184.118,0.8238,0,0,0,0
184.153,0.8238,0,0,0,0
184.185,0.8238,0,0,0,0
184.254,0.8238,0,0,0,0
184.260,0.8238,0,0,0,0
184.294,0.8238,0,0,0,0
184.327,0.8238,0,0,0,0
184.361,0.8238,0,0,0,0
184.405,0.8238,0,0,0,0
184.438,0.8238,0,0,0,0
184.471,0.8238,0,0,0,0
184.503,0.8238,0,0,0,0
184.537,0.8238,0,0,0,0
184.562,0.8238,0,0,0,0
184.594,0.8238,0,0,0,0
184.637,0.8238,0,0,0,0
184.670,0.8238,0,0,0,0
184.694,0.8238,0,0,0,0
184.737,0.8238,0,0,0,0
184.761,0.8238,0,0,0,0
184.804,0.8238,0,0,0,0
184.837,0.8238,0,0,0,0
184.871,0.8238,0,0,0,0
184.904,0.8238,0,0,0,0
184.937,0.8238,0,0,0,0
184.971,0.8238,0,0,0,0
185.004,0.8238,0,0,0,0
185.038,0.8238,0,0,0,0
185.071,0.8238,0,0,0,0
185.098,0.8238,0,0,0,0
185.128,0.8238,0,0,0,0
185.161,0.8238,0,0,0,0
185.194,0.8238,0,0,0,0
185.229,0.8238,0,0,0,0
185.262,0.8238,0,0,0,0
185.304,0.8238,0,0,0,0
185.328,0.8238,0,0,0,0
185.462,0.8238,0,0,0,0
185.495,0.8238,0,0,0,0
185.528,0.8238,0,0,0,0
185.560,0.8238,0,0,0,0
185.596,0.8238,0,0,0,0
185.628,0.8238,0,0,0,0
185.661,0.8238,0,0,0,0
185.695,0.8238,0,0,0,0
185.725,0.8238,0,0,0,0
185.759,0.8238,0,0,0,0
185.792,0.8238,0,0,0,0
185.826,0.8238,0,0,0,0
185.864,0.8238,0,0,0,0
185.898,0.8238,0,0,0,0
185.929,0.8238,0,0,0,0
185.962,0.8238,0,0,0,0
185.996,0.8238,0,0,0,0
186.027,0.8238,0,0,0,0
186.060,0.8238,0,0,0,0
186.094,0.8238,0,0,0,0
186.127,0.8238,0,0,0,0
186.162,0.8238,0,0,0,0
186.194,0.8238,0,0,0,0
186.230,0.8238,0,0,0,0
186.261,0.8238,0,0,0,0
186.299,0.8238,0,0,0,0
186.328,0.8238,0,0,0,0
186.360,0.8238,0,0,0,0
186.396,0.8238,0,0,0,0
186.427,0.8238,0,0,0,0
186.464,0.8238,0,0,0,0
186.495,0.8238,0,0,0,0
186.529,0.8238,0,0,0,0
186.562,0.8238,0,0,0,0
186.596,0.8238,0,0,0,0
186.628,0.8238,0,0,0,0
186.660,0.8238,0,0,0,0
186.695,0.8238,0,0,0,0
186.729,0.8238,0,0,0,0
186.761,0.8238,0,0,0,0
186.793,0.8238,0,0,0,0
186.830,0.8238,0,0,0,0
186.861,0.8238,0,0,0,0
186.895,0.8238,0,0,0,0
186.931,0.8238,0,0,0,0
186.966,0.8238,0,0,0,0
187.005,0.8238,0,0,0,0
187.027,0.8238,0,0,0,0
187.061,0.8238,0,0,0,0
187.095,0.8238,0,0,0,0
187.127,0.8238,0,0,0,0
187.160,0.8238,0,0,0,0
187.194,0.8238,0,0,0,0
187.226,0.8238,0,0,0,0
187.261,0.8238,0,0,0,0
187.294,0.8238,0,0,0,0
187.329,0.8238,0,0,0,0
187.363,0.8238,0,0,0,0
187.397,0.8238,0,0,0,0
187.429,0.8238,0,0,0,0
187.461,0.8238,0,0,0,0
187.496,0.8238,0,0,0,0
187.530,0.8238,0,0,0,0
187.562,0.8238,0,0,0,0
187.594,0.8238,0,0,0,0
187.628,0.8238,0,0,0,0
187.660,0.8238,0,0,0,0
187.695,0.8238,0,0,0,0
187.729,0.8238,0,0,0,0
187.761,0.8238,0,0,0,0
187.796,0.8238,0,0,0,0
187.826,0.8238,0,0,0,0
187.862,0.8238,0,0,0,0
187.893,0.8238,0,0,0,0
187.928,0.8238,0,0,0,0
187.961,0.8238,0,0,0,0
187.997,0.8238,0,0,0,0
188.029,0.8238,0,0,0,0
188.062,0.8238,0,0,0,0
188.094,0.8238,0,0,0,0
188.130,0.8238,0,0,0,0
188.162,0.8238,0,0,0,0
188.197,0.8238,0,0,0,0
188.227,0.8238,0,0,0,0
188.260,0.8238,0,0,0,0
188.294,0.8238,0,0,0,0
188.327,0.8238,0,0,0,0
188.362,0.8238,0,0,0,0
188.395,0.8238,0,0,0,0
188.429,0.8238,0,0,0,0
188.463,0.8238,0,0,0,0
188.496,0.8238,0,0,0,0
188.530,0.8238,0,0,0,0
188.562,0.8238,0,0,0,0
188.595,0.8238,0,0,0,0
188.628,0.8238,0,0,0,0
188.663,0.8238,0,0,0,0
188.694,0.8238,0,0,0,0
188.727,0.8238,0,0,0,0
188.761,0.8238,0,0,0,0
188.794,0.8238,0,0,0,0
188.828,0.8238,0,0,0,0
188.863,0.8238,0,0,0,0
188.894,0.8238,0,0,0,0
188.928,0.8238,0,0,0,0
188.961,0.8238,0,0,0,0
188.996,0.8238,0,0,0,0
189.031,0.8238,0,0,0,0
189.061,0.8238,0,0,0,0
189.094,0.8238,0,0,0,0
189.130,0.8238,0,0,0,0
189.164,0.8238,0,0,0,0
189.195,0.8238,0,0,0,0
189.227,0.8238,0,0,0,0
189.262,0.8238,0,0,0,0
189.295,0.8238,0,0,0,0
189.328,0.8238,0,0,0,0
189.362,0.8238,0,0,0,0
189.395,0.8238,0,0,0,0
189.429,0.8238,0,0,0,0
189.462,0.8238,0,0,0,0
189.495,0.8238,0,0,0,0
189.529,0.8238,0,0,0,0
189.561,0.8238,0,0,0,0
189.594,0.8238,0,0,0,0
189.628,0.8238,0,0,0,0
189.662,0.8238,0,0,0,0
189.694,0.8238,0,0,0,0
189.727,0.8238,0,0,0,0
189.760,0.8238,0,0,0,0
189.796,0.8238,0,0,0,0
189.829,0.8238,0,0,0,0
189.864,0.8238,0,0,0,0
189.896,0.8238,0,0,0,0
189.926,0.8238,0,0,0,0
189.962,0.8238,0,0,0,0
189.995,0.8238,0,0,0,0
190.028,0.8238,0,0,0,0
190.062,0.8238,0,0,0,0
190.093,0.8238,0,0,0,0
190.127,0.8238,0,0,0,0
190.164,0.8238,0,0,0,0
190.198,0.8238,0,0,0,0
190.229,0.8238,0,0,0,0
190.262,0.8238,0,0,0,0
190.294,0.8238,0,0,0,0
190.328,0.8238,0,0,0,0
190.363,0.8238,0,0,0,0
190.402,0.8238,0,0,0,0
190.434,0.8238,0,0,0,0
190.457,0.8238,0,0,0,0
190.492,0.8238,0,0,0,0
190.528,0.8238,0,0,0,0
190.562,0.8238,0,0,0,0
190.596,0.8238,0,0,0,0
190.629,0.8238,0,0,0,0
190.663,0.8238,0,0,0,0
190.695,0.8238,0,0,0,0
190.728,0.8238,0,0,0,0
190.761,0.8238,0,0,0,0
190.796,0.8238,0,0,0,0
190.827,0.8238,0,0,0,0
190.862,0.8238,0,0,0,0
190.894,0.8238,0,0,0,0
190.929,0.8238,0,0,0,0
190.963,0.8238,0,0,0,0
190.995,0.8238,0,0,0,0
191.030,0.8238,0,0,0,0
191.063,0.8238,0,0,0,0
191.095,0.8238,0,0,0,0
191.129,0.8238,0,0,0,0
191.162,0.8238,0,0,0,0
191.196,0.8238,0,0,0,0
191.230,0.8238,0,0,0,0
191.263,0.8238,0,0,0,0
191.296,0.8238,0,0,0,0
191.330,0.8238,0,0,0,0
191.360,0.8238,0,0,0,0
191.396,0.8238,0,0,0,0
191.427,0.8238,0,0,0,0
191.460,0.8238,0,0,0,0
191.496,0.8238,0,0,0,0
191.528,0.8238,0,0,0,0
191.563,0.8238,0,0,0,0
191.596,0.8238,0,0,0,0
191.630,0.8238,0,0,0,0
191.661,0.8238,0,0,0,0
191.696,0.8238,0,0,0,0
191.729,0.8238,0,0,0,0
191.761,0.8238,0,0,0,0
191.796,0.8238,0,0,0,0
191.830,0.8238,0,0,0,0
191.860,0.8238,0,0,0,0
191.894,0.8238,0,0,0,0
191.927,0.8238,0,0,0,0
191.962,0.8238,0,0,0,0
191.995,0.8238,0,0,0,0
192.028,0.8238,0,0,0,0
192.061,0.8238,0,0,0,0
192.095,0.8238,0,0,0,0
192.128,0.8238,0,0,0,0
192.160,0.8238,0,0,0,0
192.196,0.8238,0,0,0,0
192.226,0.8238,0,0,0,0
192.264,0.8238,0,0,0,0
192.296,0.8238,0,0,0,0
192.337,0.8238,0,0,0,0
192.362,0.8238,0,0,0,0
192.393,0.8238,0,0,0,0
192.429,0.8238,0,0,0,0
192.461,0.8238,0,0,0,0
192.494,0.8238,0,0,0,0
192.528,0.8238,0,0,0,0
192.562,0.8238,0,0,0,0
192.595,0.8238,0,0,0,0
192.629,0.8238,0,0,0,0
192.661,0.8238,0,0,0,0
192.694,0.8238,0,0,0,0
192.729,0.8238,0,0,0,0
192.762,0.8238,0,0,0,0
192.795,0.8238,0,0,0,0
192.827,0.8238,0,0,0,0
192.862,0.8238,0,0,0,0
192.893,0.8238,0,0,0,0
192.928,0.8238,0,0,0,0
192.961,0.8238,0,0,0,0
192.994,0.8238,0,0,0,0
193.029,0.8238,0,0,0,0
193.061,0.8238,0,0,0,0
193.095,0.8238,0,0,0,0
193.129,0.8238,0,0,0,0
193.160,0.8238,0,0,0,0
193.194,0.8238,0,0,0,0
193.229,0.8238,0,0,0,0
193.260,0.8238,0,0,0,0
193.294,0.8238,0,0,0,0
193.329,0.8238,0,0,0,0
193.361,0.8238,0,0,0,0
193.394,0.8238,0,0,0,0
193.428,0.8238,0,0,0,0
193.461,0.8238,0,0,0,0
193.496,0.8238,0,0,0,0
193.528,0.8238,0,0,0,0
193.561,0.8238,0,0,0,0
193.597,0.8238,0,0,0,0
193.629,0.8238,0,0,0,0
193.660,0.8238,0,0,0,0
193.694,0.8238,0,0,0,0
193.730,0.8238,0,0,0,0
193.763,0.8238,0,0,0,0
193.794,0.8238,0,0,0,0
193.827,0.8238,0,0,0,0
193.862,0.8238,0,0,0,0
193.895,0.8238,0,0,0,0
193.929,0.8238,0,0,0,0
193.962,0.8238,0,0,0,0
193.997,0.8238,0,0,0,0
194.027,0.8238,0,0,0,0
194.061,0.8238,0,0,0,0
194.094,0.8238,0,0,0,0
194.128,0.8238,0,0,0,0
194.160,0.8238,0,0,0,0
194.196,0.8238,0,0,0,0
194.228,0.8238,0,0,0,0
194.260,0.8238,0,0,0,0
194.293,0.8238,0,0,0,0
194.328,0.8238,0,0,0,0
194.361,0.8238,0,0,0,0
194.394,0.8238,0,0,0,0
194.429,0.8238,0,0,0,0
194.462,0.8238,0,0,0,0
194.495,0.8238,0,0,0,0
194.529,0.8238,0,0,0,0
194.560,0.8238,0,0,0,0
194.595,0.8238,0,0,0,0
194.630,0.8238,0,0,0,0
194.662,0.8238,0,0,0,0
194.694,0.8238,0,0,0,0
194.729,0.8238,0,0,0,0
194.761,0.8238,0,0,0,0
194.796,0.8238,0,0,0,0
194.830,0.8238,0,0,0,0
194.861,0.8238,0,0,0,0
194.896,0.8238,0,0,0,0
194.928,0.8238,0,0,0,0
194.961,0.8238,0,0,0,0
194.994,0.8238,0,0,0,0
195.027,0.8238,0,0,0,0
195.060,0.8238,0,0,0,0
195.094,0.8238,0,0,0,0
195.128,0.8238,0,0,0,0
195.160,0.8238,0,0,0,0
195.193,0.8238,0,0,0,0
195.228,0.8238,0,0,0,0
195.261,0.8238,0,0,0,0
195.293,0.8238,0,0,0,0
195.330,0.8238,0,0,0,0
195.361,0.8238,0,0,0,0
195.395,0.8238,0,0,0,0
195.428,0.8238,0,0,0,0
195.462,0.8238,0,0,0,0
195.493,0.8238,0,0,0,0
195.528,0.8238,0,0,0,0
195.559,0.8238,0,0,0,0
195.595,0.8238,0,0,0,0
195.630,0.8238,0,0,0,0
195.661,0.8238,0,0,0,0
195.696,0.8238,0,0,0,0
195.729,0.8238,0,0,0,0
195.761,0.8238,0,0,0,0
195.794,0.8238,0,0,0,0
195.826,0.8238,0,0,0,0
195.863,0.8238,0,0,0,0
195.895,0.8238,0,0,0,0
195.927,0.8238,0,0,0,0
195.961,0.8238,0,0,0,0
196.002,0.8238,0,0,0,0
196.029,0.8238,0,0,0,0
196.062,0.8238,0,0,0,0
196.094,0.8238,0,0,0,0
196.127,0.8238,0,0,0,0
196.163,0.8238,0,0,0,0
196.194,0.8238,0,0,0,0
196.230,0.8238,0,0,0,0
196.260,0.8238,0,0,0,0
196.295,0.8238,0,0,0,0
196.330,0.8238,0,0,0,0
196.360,0.8238,0,0,0,0
196.393,0.8238,0,0,0,0
196.427,0.8238,0,0,0,0
196.460,0.8238,0,0,0,0
196.496,0.8238,0,0,0,0
196.529,0.8238,0,0,0,0
196.562,0.8238,0,0,0,0
196.595,0.8238,0,0,0,0
196.627,0.8238,0,0,0,0
196.660,0.8238,0,0,0,0
196.696,0.8238,0,0,0,0
196.729,0.8238,0,0,0,0
196.762,0.8238,0,0,0,0
196.789,0.8238,0,0,0,0
196.829,0.8238,0,0,0,0
196.863,0.8238,0,0,0,0
196.895,0.8238,0,0,0,0
196.929,0.8238,0,0,0,0
196.962,0.8238,0,0,0,0
196.997,0.8238,0,0,0,0
197.027,0.8238,0,0,0,0
197.061,0.8238,0,0,0,0
197.093,0.8238,0,0,0,0
197.127,0.8238,0,0,0,0
197.161,0.8238,0,0,0,0
197.196,0.8238,0,0,0,0
197.229,0.8238,0,0,0,0
197.263,0.8238,0,0,0,0
197.296,0.8238,0,0,0,0
197.327,0.8238,0,0,0,0
197.363,0.8238,0,0,0,0
197.395,0.8238,0,0,0,0
197.429,0.8238,0,0,0,0
197.462,0.8238,0,0,0,0
197.495,0.8238,0,0,0,0
197.528,0.8238,0,0,0,0
197.569,0.8238,0,0,0,0
197.596,0.8238,0,0,0,0
197.627,0.8238,0,0,0,0
197.661,0.8238,0,0,0,0
197.694,0.8238,0,0,0,0
197.727,0.8238,0,0,0,0
197.760,0.8238,0,0,0,0
197.796,0.8238,0,0,0,0
197.830,0.8238,0,0,0,0
197.860,0.8238,0,0,0,0
197.894,0.8238,0,0,0,0
197.929,0.8238,0,0,0,0
197.963,0.8238,0,0,0,0
197.996,0.8238,0,0,0,0
198.030,0.8238,0,0,0,0
198.063,0.8238,0,0,0,0
198.096,0.8238,0,0,0,0
198.129,0.8238,0,0,0,0
198.161,0.8238,0,0,0,0
198.194,0.8238,0,0,0,0
198.227,0.8238,0,0,0,0
198.260,0.8238,0,0,0,0
198.297,0.8238,0,0,0,0
198.329,0.8238,0,0,0,0
198.369,0.8238,0,0,0,0
198.394,0.8238,0,0,0,0
198.428,0.8238,0,0,0,0
198.463,0.8238,0,0,0,0
198.496,0.8238,0,0,0,0
198.528,0.8238,0,0,0,0
198.561,0.8238,0,0,0,0
198.594,0.8238,0,0,0,0
198.628,0.8238,0,0,0,0
198.661,0.8238,0,0,0,0
198.695,0.8238,0,0,0,0
198.729,0.8238,0,0,0,0
198.762,0.8238,0,0,0,0
198.795,0.8238,0,0,0,0
198.829,0.8238,0,0,0,0
198.862,0.8238,0,0,0,0
198.896,0.8238,0,0,0,0
198.929,0.8238,0,0,0,0
198.962,0.8238,0,0,0,0
198.995,0.8238,0,0,0,0
199.028,0.8238,0,0,0,0
199.062,0.8238,0,0,0,0
199.095,0.8238,0,0,0,0
199.128,0.8238,0,0,0,0
199.163,0.8238,0,0,0,0
199.196,0.8238,0,0,0,0
199.227,0.8238,0,0,0,0
199.263,0.8238,0,0,0,0
199.295,0.8238,0,0,0,0
199.327,0.8238,0,0,0,0
199.360,0.8238,0,0,0,0
199.393,0.8238,0,0,0,0
199.426,0.8238,0,0,0,0
199.460,0.8238,0,0,0,0
199.494,0.8238,0,0,0,0
199.527,0.8238,0,0,0,0
199.561,0.8238,0,0,0,0
199.594,0.8238,0,0,0,0
199.627,0.8238,0,0,0,0
199.660,0.8238,0,0,0,0
199.693,0.8238,0,0,0,0
199.726,0.8238,0,0,0,0
199.763,0.8238,0,0,0,0
199.796,0.8238,0,0,0,0
199.829,0.8238,0,0,0,0
199.862,0.8238,0,0,0,0
199.895,0.8238,0,0,0,0
199.928,0.8238,0,0,0,0
199.969,0.8238,0,0,0,0
199.996,0.8238,0,0,0,0
200.029,0.8238,0,0,0,0
200.063,0.8238,0,0,0,0
200.095,0.8238,0,0,0,0
200.127,0.8238,0,0,0,0
200.160,0.8238,0,0,0,0
200.193,0.8238,0,0,0,0
200.230,0.8238,0,0,0,0
200.261,0.8238,0,0,0,0
200.294,0.8238,0,0,0,0
200.328,0.8238,0,0,0,0
200.362,0.8238,0,0,0,0
200.396,0.8238,0,0,0,0
200.429,0.8238,0,0,0,0
200.462,0.8238,0,0,0,0
200.495,0.8238,0,0,0,0
200.528,0.8238,0,0,0,0
200.561,0.8238,0,0,0,0
200.594,0.8238,0,0,0,0
200.627,0.8238,0,0,0,0
200.660,0.8238,0,0,0,0
200.696,0.8238,0,0,0,0
200.729,0.8238,0,0,0,0
200.759,0.8238,0,0,0,0
200.796,0.8238,0,0,0,0
200.827,0.8238,0,0,0,0
200.861,0.8238,0,0,0,0
200.897,0.8238,0,0,0,0
200.929,0.8238,0,0,0,0
200.962,0.8238,0,0,0,0
200.995,0.8238,0,0,0,0
201.028,0.8238,0,0,0,0
201.061,0.8238,0,0,0,0
201.095,0.8238,0,0,0,0
201.129,0.8238,0,0,0,0
201.163,0.8238,0,0,0,0
201.196,0.8238,0,0,0,0
201.227,0.8238,0,0,0,0
201.260,0.8238,0,0,0,0
201.294,0.8238,0,0,0,0
201.327,0.8238,0,0,0,0
201.363,0.8238,0,0,0,0
201.396,0.8238,0,0,0,0
201.428,0.8238,0,0,0,0
201.462,0.8238,0,0,0,0
201.494,0.8238,0,0,0,0
201.527,0.8238,0,0,0,0
201.563,0.8238,0,0,0,0
201.591,0.8238,0,0,0,0
201.627,0.8238,0,0,0,0
201.661,0.8238,0,0,0,0
201.696,0.8238,0,0,0,0
201.729,0.8238,0,0,0,0
201.759,0.8238,0,0,0,0
201.796,0.8238,0,0,0,0
201.830,0.8238,0,0,0,0
201.863,0.8238,0,0,0,0
201.896,0.8238,0,0,0,0
201.930,0.8238,0,0,0,0
201.959,0.8238,0,0,0,0
201.996,0.8238,0,0,0,0
202.029,0.8238,0,0,0,0
202.062,0.8238,0,0,0,0
202.094,0.8238,0,0,0,0
202.128,0.8238,0,0,0,0
202.160,0.8238,0,0,0,0
202.193,0.8238,0,0,0,0
202.227,0.8238,0,0,0,0
202.263,0.8238,0,0,0,0
202.296,0.8238,0,0,0,0
202.329,0.8238,0,0,0,0
202.360,0.8238,0,0,0,0
202.395,0.8238,0,0,0,0
202.428,0.8238,0,0,0,0
202.463,0.8238,0,0,0,0
202.494,0.8238,0,0,0,0
202.529,0.8238,0,0,0,0
202.561,0.8238,0,0,0,0
202.593,0.8238,0,0,0,0
202.627,0.8238,0,0,0,0
202.661,0.8238,0,0,0,0
202.694,0.8238,0,0,0,0
202.728,0.8238,0,0,0,0
202.762,0.8238,0,0,0,0
202.796,0.8238,0,0,0,0
202.827,0.8238,0,0,0,0
202.860,0.8238,0,0,0,0
202.894,0.8238,0,0,0,0
202.929,0.8238,0,0,0,0
202.961,0.8238,0,0,0,0
202.993,0.8238,0,0,0,0
203.029,0.8238,0,0,0,0
203.061,0.8238,0,0,0,0
203.094,0.8238,0,0,0,0
203.128,0.8238,0,0,0,0
203.161,0.8238,0,0,0,0
203.195,0.8238,0,0,0,0
203.238,0.8238,0,0,0,0
203.261,0.8238,0,0,0,0
203.294,0.8238,0,0,0,0
203.328,0.8238,0,0,0,0
203.361,0.8238,0,0,0,0
203.394,0.8238,0,0,0,0
203.457,0.8238,0,0,0,0
203.473,0.8238,0,0,0,0
203.507,0.8238,0,0,0,0
203.543,0.8238,0,0,0,0
203.578,0.8238,0,0,0,0
203.609,0.8238,0,0,0,0
203.643,0.8238,0,0,0,0
203.674,0.8238,0,0,0,0
203.736,0.8238,0,0,0,0
203.763,0.8238,0,0,0,0
203.775,0.8238,0,0,0,0
203.812,0.8238,0,0,0,0
203.848,0.8238,0,0,0,0
203.869,0.8238,0,0,0,0
203.912,0.8238,0,0,0,0
203.946,0.8238,0,0,0,0
203.981,0.8238,0,0,0,0
204.010,0.8238,0,0,0,0
204.046,0.8238,0,0,0,0
204.081,0.8238,0,0,0,0
204.113,0.8238,0,0,0,0
204.144,0.8238,0,0,0,0
204.178,0.8238,0,0,0,0
204.201,0.8238,0,0,0,0
204.243,0.8238,0,0,0,0
204.278,0.8238,0,0,0,0
204.304,0.8238,0,0,0,0
204.343,0.8238,0,0,0,0
204.387,0.8238,0,0,0,0
204.424,0.8238,0,0,0,0
204.457,0.8238,0,0,0,0
204.492,0.8238,0,0,0,0
204.524,0.8238,0,0,0,0
204.555,0.8238,0,0,0,0
204.590,0.8238,0,0,0,0
204.624,0.8238,0,0,0,0
204.658,0.8238,0,0,0,0
204.690,0.8238,0,0,0,0
204.723,0.8238,0,0,0,0
204.756,0.8238,0,0,0,0
204.788,0.8238,0,0,0,0
204.824,0.8238,0,0,0,0
204.858,0.8238,0,0,0,0
204.890,0.8238,0,0,0,0
204.924,0.8238,0,0,0,0
204.955,0.8238,0,0,0,0
204.990,0.8238,0,0,0,0
205.023,0.8238,0,0,0,0
205.056,0.8238,0,0,0,0
205.089,0.8238,0,0,0,0
205.123,0.8238,0,0,0,0
205.157,0.8238,0,0,0,0
205.192,0.8238,0,0,0,0
205.224,0.8238,0,0,0,0
205.258,0.8238,0,0,0,0
205.288,0.8238,0,0,0,0
205.322,0.8238,0,0,0,0
205.357,0.8238,0,0,0,0
205.389,0.8238,0,0,0,0
205.423,0.8238,0,0,0,0
205.455,0.8238,0,0,0,0
205.492,0.8238,0,0,0,0
205.526,0.8238,0,0,0,0
205.557,0.8238,0,0,0,0
205.588,0.8238,0,0,0,0
205.624,0.8238,0,0,0,0
205.657,0.8238,0,0,0,0
205.689,0.8238,0,0,0,0
205.723,0.8238,0,0,0,0
205.755,0.8238,0,0,0,0
205.792,0.8238,0,0,0,0
205.822,0.8238,0,0,0,0
205.858,0.8238,0,0,0,0
205.889,0.8238,0,0,0,0
205.924,0.8238,0,0,0,0
205.957,0.8238,0,0,0,0
205.989,0.8238,0,0,0,0
206.025,0.8238,0,0,0,0
206.055,0.8238,0,0,0,0
206.089,0.8238,0,0,0,0
206.123,0.8238,0,0,0,0
206.157,0.8238,0,0,0,0
206.189,0.8238,0,0,0,0
206.224,0.8238,0,0,0,0
206.256,0.8238,0,0,0,0
206.290,0.8238,0,0,0,0
206.324,0.8238,0,0,0,0
206.359,0.8238,0,0,0,0
206.388,0.8238,0,0,0,0
206.423,0.8238,0,0,0,0
206.457,0.8238,0,0,0,0
206.490,0.8238,0,0,0,0
206.525,0.8238,0,0,0,0
206.558,0.8238,0,0,0,0
206.592,0.8238,0,0,0,0
206.625,0.8238,0,0,0,0
206.658,0.8238,0,0,0,0
206.690,0.8238,0,0,0,0
206.722,0.8238,0,0,0,0
206.757,0.8238,0,0,0,0
206.792,0.8238,0,0,0,0
206.824,0.8238,0,0,0,0
206.857,0.8238,0,0,0,0
206.889,0.8238,0,0,0,0
206.924,0.8238,0,0,0,0
206.959,0.8238,0,0,0,0
206.997,0.8238,0,0,0,0
207.023,0.8238,0,0,0,0
207.056,0.8238,0,0,0,0
207.089,0.8238,0,0,0,0
207.125,0.8238,0,0,0,0
207.158,0.8238,0,0,0,0
207.188,0.8238,0,0,0,0
207.225,0.8238,0,0,0,0
207.258,0.8238,0,0,0,0
207.289,0.8238,0,0,0,0
207.324,0.8238,0,0,0,0
207.358,0.8238,0,0,0,0
207.391,0.8238,0,0,0,0
207.424,0.8238,0,0,0,0
207.456,0.8238,0,0,0,0
207.490,0.8238,0,0,0,0
207.523,0.8238,0,0,0,0
207.558,0.8238,0,0,0,0
207.589,0.8238,0,0,0,0
207.623,0.8238,0,0,0,0
207.657,0.8238,0,0,0,0
207.689,0.8238,0,0,0,0
207.723,0.8238,0,0,0,0
207.757,0.8238,0,0,0,0
207.789,0.8238,0,0,0,0
207.824,0.8238,0,0,0,0
207.855,0.8238,0,0,0,0
207.891,0.8238,0,0,0,0
207.922,0.8238,0,0,0,0
207.957,0.8238,0,0,0,0
207.989,0.8238,0,0,0,0
208.025,0.8238,0,0,0,0
208.055,0.8238,0,0,0,0
208.092,0.8238,0,0,0,0
208.124,0.8238,0,0,0,0
208.158,0.8238,0,0,0,0
208.191,0.8238,0,0,0,0
208.222,0.8238,0,0,0,0
208.258,0.8238,0,0,0,0
208.290,0.8238,0,0,0,0
208.323,0.8238,0,0,0,0
208.356,0.8238,0,0,0,0
208.389,0.8238,0,0,0,0
208.423,0.8238,0,0,0,0
208.456,0.8238,0,0,0,0
208.490,0.8238,0,0,0,0
208.526,0.8238,0,0,0,0
208.559,0.8238,0,0,0,0
208.591,0.8238,0,0,0,0
208.626,0.8238,0,0,0,0
208.655,0.8238,0,0,0,0
208.690,0.8238,0,0,0,0
208.732,0.8238,0,0,0,0
208.755,0.8238,0,0,0,0
208.790,0.8238,0,0,0,0
208.824,0.8238,0,0,0,0
208.856,0.8238,0,0,0,0
208.889,0.8238,0,0,0,0
208.923,0.8238,0,0,0,0
208.956,0.8238,0,0,0,0
208.991,0.8238,0,0,0,0
209.022,0.8238,0,0,0,0
209.056,0.8238,0,0,0,0
209.089,0.8238,0,0,0,0
209.123,0.8238,0,0,0,0
209.158,0.8238,0,0,0,0
209.191,0.8238,0,0,0,0
209.223,0.8238,0,0,0,0
209.255,0.8238,0,0,0,0
209.289,0.8238,0,0,0,0
209.322,0.8238,0,0,0,0
209.357,0.8238,0,0,0,0
209.391,0.8238,0,0,0,0
209.423,0.8238,0,0,0,0
209.456,0.8238,0,0,0,0
209.491,0.8238,0,0,0,0
209.523,0.8238,0,0,0,0
209.557,0.8238,0,0,0,0
209.593,0.8238,0,0,0,0
209.622,0.8238,0,0,0,0
209.656,0.8238,0,0,0,0
209.690,0.8238,0,0,0,0
209.725,0.8238,0,0,0,0
209.758,0.8238,0,0,0,0
209.791,0.8238,0,0,0,0
209.823,0.8238,0,0,0,0
209.858,0.8238,0,0,0,0
209.889,0.8238,0,0,0,0
209.925,0.8238,0,0,0,0
209.958,0.8238,0,0,0,0
209.989,0.8238,0,0,0,0
210.022,0.8238,0,0,0,0
210.058,0.8238,0,0,0,0
210.089,0.8238,0,0,0,0
210.122,0.8238,0,0,0,0
210.155,0.8238,0,0,0,0
210.190,0.8238,0,0,0,0
210.225,0.8238,0,0,0,0
210.258,0.8238,0,0,0,0
210.291,0.8238,0,0,0,0
210.323,0.8238,0,0,0,0
210.358,0.8238,0,0,0,0
210.390,0.8238,0,0,0,0
210.423,0.8238,0,0,0,0
210.456,0.8238,0,0,0,0
210.494,0.8238,0,0,0,0
210.524,0.8238,0,0,0,0
210.558,0.8238,0,0,0,0
210.589,0.8238,0,0,0,0
210.622,0.8238,0,0,0,0
210.657,0.8238,0,0,0,0
210.691,0.8238,0,0,0,0
210.724,0.8238,0,0,0,0
210.756,0.8238,0,0,0,0
210.791,0.8238,0,0,0,0
210.824,0.8238,0,0,0,0
210.856,0.8238,0,0,0,0
210.888,0.8238,0,0,0,0
210.922,0.8238,0,0,0,0
210.956,0.8238,0,0,0,0
210.990,0.8238,0,0,0,0
211.025,0.8238,0,0,0,0
211.056,0.8238,0,0,0,0
211.092,0.8238,0,0,0,0
211.124,0.8238,0,0,0,0
211.156,0.8238,0,0,0,0
211.189,0.8238,0,0,0,0
211.224,0.8238,0,0,0,0
211.258,0.8238,0,0,0,0
211.291,0.8238,0,0,0,0
211.323,0.8238,0,0,0,0
211.356,0.8238,0,0,0,0
211.392,0.8238,0,0,0,0
211.424,0.8238,0,0,0,0
211.456,0.8238,0,0,0,0
211.490,0.8238,0,0,0,0
211.522,0.8238,0,0,0,0
211.556,0.8238,0,0,0,0
211.589,0.8238,0,0,0,0
211.625,0.8238,0,0,0,0
211.657,0.8238,0,0,0,0
211.689,0.8238,0,0,0,0
211.723,0.8238,0,0,0,0
211.755,0.8238,0,0,0,0
211.793,0.8238,0,0,0,0
211.825,0.8238,0,0,0,0
211.858,0.8238,0,0,0,0
211.891,0.8238,0,0,0,0
211.924,0.8238,0,0,0,0
211.955,0.8238,0,0,0,0
211.988,0.8238,0,0,0,0
212.022,0.8238,0,0,0,0
212.057,0.8238,0,0,0,0
212.089,0.8238,0,0,0,0
212.124,0.8238,0,0,0,0
212.158,0.8238,0,0,0,0
212.191,0.8238,0,0,0,0
212.222,0.8238,0,0,0,0
212.257,0.8238,0,0,0,0
212.290,0.8238,0,0,0,0
212.323,0.8238,0,0,0,0
212.358,0.8238,0,0,0,0
212.388,0.8238,0,0,0,0
212.429,0.8238,0,0,0,0
212.457,0.8238,0,0,0,0
212.491,0.8238,0,0,0,0
212.524,0.8238,0,0,0,0
212.555,0.8238,0,0,0,0
212.589,0.8238,0,0,0,0
212.623,0.8238,0,0,0,0
212.657,0.8238,0,0,0,0
212.689,0.8238,0,0,0,0
212.724,0.8238,0,0,0,0
212.757,0.8238,0,0,0,0
212.788,0.8238,0,0,0,0
212.825,0.8238,0,0,0,0
212.857,0.8238,0,0,0,0
212.892,0.8238,0,0,0,0
212.924,0.8238,0,0,0,0
212.958,0.8238,0,0,0,0
212.991,0.8238,0,0,0,0
213.022,0.8238,0,0,0,0
213.056,0.8238,0,0,0,0
213.091,0.8238,0,0,0,0
213.125,0.8238,0,0,0,0
213.157,0.8238,0,0,0,0
213.190,0.8238,0,0,0,0
213.224,0.8238,0,0,0,0
213.257,0.8238,0,0,0,0
213.291,0.8238,0,0,0,0
213.325,0.8238,0,0,0,0
213.356,0.8238,0,0,0,0
213.391,0.8238,0,0,0,0
213.424,0.8238,0,0,0,0
213.456,0.8238,0,0,0,0
213.490,0.8238,0,0,0,0
213.523,0.8238,0,0,0,0
213.558,0.8238,0,0,0,0
213.592,0.8238,0,0,0,0
213.622,0.8238,0,0,0,0
213.656,0.8238,0,0,0,0
213.690,0.8238,0,0,0,0
213.723,0.8238,0,0,0,0
213.756,0.8238,0,0,0,0
213.792,0.8238,0,0,0,0
213.824,0.8238,0,0,0,0
213.856,0.8238,0,0,0,0
213.891,0.8238,0,0,0,0
213.923,0.8238,0,0,0,0
213.956,0.8238,0,0,0,0
213.991,0.8238,0,0,0,0
214.025,0.8238,0,0,0,0
214.057,0.8238,0,0,0,0
214.090,0.8238,0,0,0,0
214.125,0.8238,0,0,0,0
214.155,0.8238,0,0,0,0
214.191,0.8238,0,0,0,0
214.224,0.8238,0,0,0,0
214.257,0.8238,0,0,0,0
214.290,0.8238,0,0,0,0
214.325,0.8238,0,0,0,0
214.356,0.8238,0,0,0,0
214.389,0.8238,0,0,0,0
214.425,0.8238,0,0,0,0
214.455,0.8238,0,0,0,0
214.489,0.8238,0,0,0,0
214.524,0.8238,0,0,0,0
214.557,0.8238,0,0,0,0
214.589,0.8238,0,0,0,0
214.624,0.8238,0,0,0,0
214.658,0.8238,0,0,0,0
214.688,0.8238,0,0,0,0
214.723,0.8238,0,0,0,0
214.757,0.8238,0,0,0,0
214.789,0.8238,0,0,0,0
214.822,0.8238,0,0,0,0
214.857,0.8238,0,0,0,0
214.888,0.8238,0,0,0,0
214.923,0.8238,0,0,0,0
214.957,0.8238,0,0,0,0
214.990,0.8238,0,0,0,0
215.022,0.8238,0,0,0,0
215.056,0.8238,0,0,0,0
215.091,0.8238,0,0,0,0
215.125,0.8238,0,0,0,0
215.158,0.8238,0,0,0,0
215.189,0.8238,0,0,0,0
215.224,0.8238,0,0,0,0
215.255,0.8238,0,0,0,0
215.290,0.8238,0,0,0,0
215.324,0.8238,0,0,0,0
215.357,0.8238,0,0,0,0
215.391,0.8238,0,0,0,0
215.425,0.8238,0,0,0,0
215.457,0.8238,0,0,0,0
215.490,0.8238,0,0,0,0
215.523,0.8238,0,0,0,0
215.555,0.8238,0,0,0,0
215.589,0.8238,0,0,0,0
215.624,0.8238,0,0,0,0
215.657,0.8238,0,0,0,0
215.690,0.8238,0,0,0,0
215.724,0.8238,0,0,0,0
215.757,0.8238,0,0,0,0
215.791,0.8238,0,0,0,0
215.822,0.8238,0,0,0,0
215.858,0.8238,0,0,0,0
215.889,0.8238,0,0,0,0
215.924,0.8238,0,0,0,0
215.955,0.8238,0,0,0,0
215.990,0.8238,0,0,0,0
216.022,0.8238,0,0,0,0
216.056,0.8238,0,0,0,0
216.090,0.8238,0,0,0,0
216.124,0.8238,0,0,0,0
216.156,0.8238,0,0,0,0
216.190,0.8238,0,0,0,0
216.224,0.8238,0,0,0,0
216.258,0.8238,0,0,0,0
216.288,0.8238,0,0,0,0
216.325,0.8238,0,0,0,0
216.357,0.8238,0,0,0,0
216.390,0.8238,0,0,0,0
216.423,0.8238,0,0,0,0
216.457,0.8238,0,0,0,0
216.492,0.8238,0,0,0,0
216.524,0.8238,0,0,0,0
216.557,0.8238,0,0,0,0
216.589,0.8238,0,0,0,0
216.624,0.8238,0,0,0,0
216.655,0.8238,0,0,0,0
216.689,0.8238,0,0,0,0
216.722,0.8238,0,0,0,0
216.757,0.8238,0,0,0,0
216.790,0.8238,0,0,0,0
216.823,0.8238,0,0,0,0
216.856,0.8238,0,0,0,0
216.891,0.8238,0,0,0,0
216.923,0.8238,0,0,0,0
216.958,0.8238,0,0,0,0
216.992,0.8238,0,0,0,0
217.022,0.8238,0,0,0,0
217.057,0.8238,0,0,0,0
217.090,0.8238,0,0,0,0
217.130,0.8238,0,0,0,0
217.161,0.8238,0,0,0,0
217.196,0.8238,0,0,0,0
217.230,0.8238,0,0,0,0
217.263,0.8238,0,0,0,0
217.298,0.8238,0,0,0,0
217.328,0.8238,0,0,0,0
217.361,0.8238,0,0,0,0
217.394,0.8238,0,0,0,0
217.431,0.8238,0,0,0,0
217.464,0.8238,0,0,0,0
217.497,0.8238,0,0,0,0
217.526,0.8238,0,0,0,0
217.562,0.8238,0,0,0,0
217.597,0.8238,0,0,0,0
217.629,0.8238,0,0,0,0
217.662,0.8238,0,0,0,0
217.696,0.8238,0,0,0,0
217.731,0.8238,0,0,0,0
217.764,0.8238,0,0,0,0
217.796,0.8238,0,0,0,0
217.829,0.8238,0,0,0,0
217.861,0.8238,0,0,0,0
217.896,0.8238,0,0,0,0
217.920,0.8238,0,0,0,0
217.962,0.8238,0,0,0,0
217.997,0.8238,0,0,0,0
218.029,0.8238,0,0,0,0
218.058,0.8238,0,0,0,0
218.096,0.8238,0,0,0,0
218.127,0.8238,0,0,0,0
218.162,0.8238,0,0,0,0
218.196,0.8238,0,0,0,0
218.227,0.8238,0,0,0,0
218.262,0.8238,0,0,0,0
218.296,0.8238,0,0,0,0
218.377,0.8238,0,0,0,0
218.391,0.8238,0,0,0,0
218.423,0.8238,0,0,0,0
218.456,0.8238,0,0,0,0
218.489,0.8238,0,0,0,0
218.521,0.8238,0,0,0,0
218.556,0.8238,0,0,0,0
218.589,0.8238,0,0,0,0
218.623,0.8238,0,0,0,0
218.656,0.8238,0,0,0,0
218.691,0.8238,0,0,0,0
218.723,0.8238,0,0,0,0
218.758,0.8238,0,0,0,0
218.792,0.8238,0,0,0,0
218.828,0.8238,0,0,0,0
218.858,0.8238,0,0,0,0
218.890,0.8238,0,0,0,0
218.923,0.8238,0,0,0,0
218.956,0.8238,0,0,0,0
218.989,0.8238,0,0,0,0
219.022,0.8238,0,0,0,0
219.055,0.8238,0,0,0,0
219.089,0.8238,0,0,0,0
219.122,0.8238,0,0,0,0
219.156,0.8238,0,0,0,0
219.189,0.8238,0,0,0,0
219.223,0.8238,0,0,0,0
219.256,0.8238,0,0,0,0
219.290,0.8238,0,0,0,0
219.327,0.8238,0,0,0,0
219.362,0.8238,0,0,0,0
219.392,0.8238,0,0,0,0
219.425,0.8238,0,0,0,0
219.464,0.8238,0,0,0,0
219.488,0.8238,0,0,0,0
219.525,0.8238,0,0,0,0
219.563,0.8238,0,0,0,0
219.594,0.8238,0,0,0,0
219.628,0.8238,0,0,0,0
219.662,0.8238,0,0,0,0
219.694,0.8238,0,0,0,0
219.740,0.8238,0,0,0,0
219.770,0.8238,0,0,0,0
219.804,0.8238,0,0,0,0
219.838,0.8238,0,0,0,0
219.874,0.8238,0,0,0,0
219.906,0.8238,0,0,0,0
219.939,0.8238,0,0,0,0
219.986,0.8238,0,0,0,0
220.014,0.8238,0,0,0,0
220.051,0.8238,0,0,0,0
220.085,0.8238,0,0,0,0
220.122,0.8238,0,0,0,0
220.152,0.8238,0,0,0,0
220.188,0.8238,0,0,0,0
220.217,0.8238,0,0,0,0
220.250,0.8238,0,0,0,0
220.284,0.8238,0,0,0,0
220.314,0.8238,0,0,0,0
220.353,0.8238,0,0,0,0
220.393,0.8238,0,0,0,0
220.421,0.8238,0,0,0,0
220.456,0.8238,0,0,0,0
220.491,0.8238,0,0,0,0
220.517,0.8238,0,0,0,0
220.585,0.8238,0,0,0,0
220.628,0.8238,0,0,0,0
220.704,0.8238,0,0,0,0
220.732,0.8238,0,0,0,0
220.753,0.8238,0,0,0,0
220.777,0.8238,0,0,0,0
220.806,0.8238,0,0,0,0
220.841,0.8238,0,0,0,0
220.874,0.8238,0,0,0,0
220.908,0.8238,0,0,0,0
220.940,0.8238,0,0,0,0
220.977,0.8238,0,0,0,0
221.008,0.8238,0,0,0,0
221.043,0.8238,0,0,0,0
221.071,0.8238,0,0,0,0
221.405,0.8238,0,0,0,0
221.423,0.8238,0,0,0,0
221.448,0.8238,0,0,0,0
221.477,0.8238,0,0,0,0
221.510,0.8238,0,0,0,0
221.545,0.8238,0,0,0,0
221.578,0.8238,0,0,0,0
221.611,0.8238,0,0,0,0
221.643,0.8238,0,0,0,0
221.678,0.8238,0,0,0,0
221.712,0.8238,0,0,0,0
221.749,0.8238,0,0,0,0
221.780,0.8238,0,0,0,0
221.810,0.8238,0,0,0,0
221.843,0.8238,0,0,0,0
221.881,0.8238,0,0,0,0
221.906,0.8238,0,0,0,0
221.945,0.8238,0,0,0,0
221.975,0.8238,0,0,0,0
222.012,0.8238,0,0,0,0
222.051,0.8238,0,0,0,0
222.077,0.8238,0,0,0,0
222.114,0.8238,0,0,0,0
222.148,0.8238,0,0,0,0
222.178,0.8238,0,0,0,0
222.209,0.8238,0,0,0,0
222.244,0.8238,0,0,0,0
222.278,0.8238,0,0,0,0
222.311,0.8238,0,0,0,0
222.343,0.8238,0,0,0,0
222.381,0.8238,0,0,0,0
222.415,0.8238,0,0,0,0
222.445,0.8238,0,0,0,0
222.477,0.8238,0,0,0,0
222.511,0.8238,0,0,0,0
222.545,0.8238,0,0,0,0
222.577,0.8238,0,0,0,0
222.607,0.8238,0,0,0,0
222.646,0.8238,0,0,0,0
222.680,0.8238,0,0,0,0
222.709,0.8238,0,0,0,0
222.748,0.8238,0,0,0,0
222.781,0.8238,0,0,0,0
222.818,0.8238,0,0,0,0
222.840,0.8238,0,0,0,0
222.874,0.8238,0,0,0,0
222.914,0.8238,0,0,0,0
222.943,0.8238,0,0,0,0
222.978,0.8238,0,0,0,0
223.011,0.8238,0,0,0,0
223.044,0.8238,0,0,0,0
223.067,0.8238,0,0,0,0
223.112,0.8238,0,0,0,0
223.145,0.8238,0,0,0,0
223.177,0.8238,0,0,0,0
223.212,0.8238,0,0,0,0
223.244,0.8238,0,0,0,0
223.277,0.8238,0,0,0,0
223.311,0.8238,0,0,0,0
223.345,0.8238,0,0,0,0
223.380,0.8238,0,0,0,0
223.414,0.8238,0,0,0,0
223.445,0.8238,0,0,0,0
223.477,0.8238,0,0,0,0
223.510,0.8238,0,0,0,0
223.544,0.8238,0,0,0,0
223.577,0.8238,0,0,0,0
223.610,0.8238,0,0,0,0
223.647,0.8238,0,0,0,0
223.683,0.8238,0,0,0,0
223.710,0.8238,0,0,0,0
223.743,0.8238,0,0,0,0
223.779,0.8238,0,0,0,0
223.820,0.8238,0,0,0,0
223.847,0.8238,0,0,0,0
223.882,0.8238,0,0,0,0
223.915,0.8238,0,0,0,0
223.948,0.8238,0,0,0,0
223.980,0.8238,0,0,0,0
224.015,0.8238,0,0,0,0
224.043,0.8238,0,0,0,0
224.079,0.8238,0,0,0,0
224.118,0.8238,0,0,0,0
224.150,0.8238,0,0,0,0
224.182,0.8238,0,0,0,0
224.213,0.8238,0,0,0,0
224.249,0.8238,0,0,0,0
224.280,0.8238,0,0,0,0
224.318,0.8238,0,0,0,0
224.346,0.8238,0,0,0,0
224.380,0.8238,0,0,0,0
224.413,0.8238,0,0,0,0
224.446,0.8238,0,0,0,0
224.483,0.8238,0,0,0,0
224.504,0.8238,0,0,0,0
224.547,0.8238,0,0,0,0
224.584,0.8238,0,0,0,0
224.616,0.8238,0,0,0,0
224.639,0.8238,0,0,0,0
224.683,0.8238,0,0,0,0
224.714,0.8238,0,0,0,0
224.751,0.8238,0,0,0,0
224.781,0.8238,0,0,0,0
224.817,0.8238,0,0,0,0
224.846,0.8238,0,0,0,0
224.881,0.8238,0,0,0,0
224.916,0.8238,0,0,0,0
224.946,0.8238,0,0,0,0
224.983,0.8238,0,0,0,0
225.016,0.8238,0,0,0,0
225.049,0.8238,0,0,0,0
225.081,0.8238,0,0,0,0
225.113,0.8238,0,0,0,0
225.148,0.8238,0,0,0,0
225.182,0.8238,0,0,0,0
225.214,0.8238,0,0,0,0
225.248,0.8238,0,0,0,0
225.281,0.8238,0,0,0,0
225.313,0.8238,0,0,0,0
225.347,0.8238,0,0,0,0
225.382,0.8238,0,0,0,0
225.414,0.8238,0,0,0,0
225.447,0.8238,0,0,0,0
225.482,0.8238,0,0,0,0
225.515,0.8238,0,0,0,0
225.548,0.8238,0,0,0,0
225.581,0.8238,0,0,0,0
225.615,0.8238,0,0,0,0
225.647,0.8238,0,0,0,0
225.680,0.8238,0,0,0,0
225.713,0.8238,0,0,0,0
225.750,0.8238,0,0,0,0
225.781,0.8238,0,0,0,0
225.813,0.8238,0,0,0,0
225.849,0.8238,0,0,0,0
225.880,0.8238,0,0,0,0
225.916,0.8238,0,0,0,0
225.948,0.8238,0,0,0,0
225.982,0.8238,0,0,0,0
226.014,0.8238,0,0,0,0
226.037,0.8238,0,0,0,0
226.082,0.8238,0,0,0,0
226.113,0.8238,0,0,0,0
226.148,0.8238,0,0,0,0
226.183,0.8238,0,0,0,0
226.218,0.8238,0,0,0,0
226.251,0.8238,0,0,0,0
226.282,0.8238,0,0,0,0
226.315,0.8238,0,0,0,0
226.346,0.8238,0,0,0,0
226.380,0.8238,0,0,0,0
226.414,0.8238,0,0,0,0
226.448,0.8238,0,0,0,0
226.481,0.8238,0,0,0,0
226.523,0.8238,0,0,0,0
226.549,0.8238,0,0,0,0
226.580,0.8238,0,0,0,0
226.616,0.8238,0,0,0,0
226.648,0.8238,0,0,0,0
226.680,0.8238,0,0,0,0
226.714,0.8238,0,0,0,0
226.750,0.8238,0,0,0,0
226.781,0.8238,0,0,0,0
226.817,0.8238,0,0,0,0
226.849,0.8238,0,0,0,0
226.882,0.8238,0,0,0,0
226.914,0.8238,0,0,0,0
226.948,0.8238,0,0,0,0
226.982,0.8238,0,0,0,0
227.013,0.8238,0,0,0,0
227.047,0.8238,0,0,0,0
227.082,0.8238,0,0,0,0
227.116,0.8238,0,0,0,0
227.148,0.8238,0,0,0,0
227.181,0.8238,0,0,0,0
227.214,0.8238,0,0,0,0
227.247,0.8238,0,0,0,0
227.280,0.8238,0,0,0,0
227.316,0.8238,0,0,0,0
227.350,0.8238,0,0,0,0
227.382,0.8238,0,0,0,0
227.417,0.8238,0,0,0,0
227.443,0.8238,0,0,0,0
227.481,0.8238,0,0,0,0
227.514,0.8238,0,0,0,0
227.548,0.8238,0,0,0,0
227.580,0.8238,0,0,0,0
227.613,0.8238,0,0,0,0
227.649,0.8238,0,0,0,0
227.681,0.8238,0,0,0,0
227.716,0.8238,0,0,0,0
227.747,0.8238,0,0,0,0
227.783,0.8238,0,0,0,0
227.815,0.8238,0,0,0,0
227.848,0.8238,0,0,0,0
227.880,0.8238,0,0,0,0
227.914,0.8238,0,0,0,0
227.948,0.8238,0,0,0,0
227.983,0.8238,0,0,0,0
228.014,0.8238,0,0,0,0
228.046,0.8238,0,0,0,0
228.077,0.8238,0,0,0,0
228.113,0.8238,0,0,0,0
228.149,0.8238,0,0,0,0
228.180,0.8238,0,0,0,0
228.216,0.8238,0,0,0,0
228.248,0.8238,0,0,0,0
228.283,0.8238,0,0,0,0
228.316,0.8238,0,0,0,0
228.347,0.8238,0,0,0,0
228.382,0.8238,0,0,0,0
228.413,0.8238,0,0,0,0
228.448,0.8238,0,0,0,0
228.480,0.8238,0,0,0,0
228.514,0.8238,0,0,0,0
228.549,0.8238,0,0,0,0
228.579,0.8238,0,0,0,0
228.616,0.8238,0,0,0,0
228.649,0.8238,0,0,0,0
228.682,0.8238,0,0,0,0
228.714,0.8238,0,0,0,0
228.748,0.8238,0,0,0,0
228.783,0.8238,0,0,0,0
228.813,0.8238,0,0,0,0
228.847,0.8238,0,0,0,0
228.881,0.8238,0,0,0,0
228.914,0.8238,0,0,0,0
228.949,0.8238,0,0,0,0
228.982,0.8238,0,0,0,0
229.015,0.8238,0,0,0,0
229.049,0.8238,0,0,0,0
229.080,0.8238,0,0,0,0
229.113,0.8238,0,0,0,0
229.148,0.8238,0,0,0,0
229.181,0.8238,0,0,0,0
229.216,0.8238,0,0,0,0
229.248,0.8238,0,0,0,0
229.282,0.8238,0,0,0,0
229.314,0.8238,0,0,0,0
229.349,0.8238,0,0,0,0
229.380,0.8238,0,0,0,0
229.414,0.8238,0,0,0,0
229.446,0.8238,0,0,0,0
229.480,0.8238,0,0,0,0
229.513,0.8238,0,0,0,0
229.548,0.8238,0,0,0,0
229.582,0.8238,0,0,0,0
229.613,0.8238,0,0,0,0
229.647,0.8238,0,0,0,0
229.684,0.8238,0,0,0,0
229.717,0.8238,0,0,0,0
229.746,0.8238,0,0,0,0
229.781,0.8238,0,0,0,0
229.808,0.8238,0,0,0,0
229.846,0.8238,0,0,0,0
229.887,0.8238,0,0,0,0
229.917,0.8238,0,0,0,0
229.948,0.8238,0,0,0,0
229.979,0.8238,0,0,0,0
230.017,0.8238,0,0,0,0
230.051,0.8238,0,0,0,0
230.086,0.8238,0,0,0,0
230.105,0.8238,0,0,0,0
230.146,0.8238,0,0,0,0
230.182,0.8238,0,0,0,0
230.221,0.8238,0,0,0,0
230.249,0.8238,0,0,0,0
230.288,0.8238,0,0,0,0
230.321,0.8238,0,0,0,0
230.359,0.8238,0,0,0,0
230.389,0.8238,0,0,0,0
230.496,0.8238,0,0,0,0
230.547,0.8238,0,0,0,0
230.602,0.8238,0,0,0,0
230.612,0.8238,0,0,0,0
230.646,0.8238,0,0,0,0
230.679,0.8238,0,0,0,0
230.713,0.8238,0,0,0,0
230.743,0.8238,0,0,0,0
230.781,0.8238,0,0,0,0
230.809,0.8238,0,0,0,0
230.843,0.8238,0,0,0,0
230.874,0.8238,0,0,0,0
230.913,0.8238,0,0,0,0
230.938,0.8238,0,0,0,0
230.978,0.8238,0,0,0,0
231.015,0.8238,0,0,0,0
231.049,0.8238,0,0,0,0
231.080,0.8238,0,0,0,0
231.143,0.8238,0,0,0,0
231.163,0.8238,0,0,0,0
231.181,0.8238,0,0,0,0
231.216,0.8238,0,0,0,0
231.250,0.8238,0,0,0,0
231.283,0.8238,0,0,0,0
231.316,0.8238,0,0,0,0
231.353,0.8238,0,0,0,0
231.384,0.8238,0,0,0,0
231.417,0.8238,0,0,0,0
231.450,0.8238,0,0,0,0
231.489,0.8238,0,0,0,0
231.509,0.8238,0,0,0,0
231.551,0.8238,0,0,0,0
231.583,0.8238,0,0,0,0
231.617,0.8238,0,0,0,0
231.649,0.8238,0,0,0,0
231.683,0.8238,0,0,0,0
231.716,0.8238,0,0,0,0
231.750,0.8238,0,0,0,0
231.781,0.8238,0,0,0,0
231.817,0.8238,0,0,0,0
231.848,0.8238,0,0,0,0
231.882,0.8238,0,0,0,0
231.915,0.8238,0,0,0,0
231.951,0.8238,0,0,0,0
231.983,0.8238,0,0,0,0
232.017,0.8238,0,0,0,0
232.048,0.8238,0,0,0,0
232.082,0.8238,0,0,0,0
232.115,0.8238,0,0,0,0
232.151,0.8238,0,0,0,0
232.182,0.8238,0,0,0,0
232.216,0.8238,0,0,0,0
232.250,0.8238,0,0,0,0
232.283,0.8238,0,0,0,0
232.316,0.8238,0,0,0,0
232.351,0.8238,0,0,0,0
232.384,0.8238,0,0,0,0
232.415,0.8238,0,0,0,0
232.448,0.8238,0,0,0,0
232.481,0.8238,0,0,0,0
232.515,0.8238,0,0,0,0
232.548,0.8238,0,0,0,0
232.583,0.8238,0,0,0,0
232.615,0.8238,0,0,0,0
232.650,0.8238,0,0,0,0
232.683,0.8238,0,0,0,0
232.717,0.8238,0,0,0,0
232.749,0.8238,0,0,0,0
232.781,0.8238,0,0,0,0
232.814,0.8238,0,0,0,0
232.851,0.8238,0,0,0,0
232.882,0.8238,0,0,0,0
232.916,0.8238,0,0,0,0
232.950,0.8238,0,0,0,0
232.980,0.8238,0,0,0,0
233.015,0.8238,0,0,0,0
233.048,0.8238,0,0,0,0
233.084,0.8238,0,0,0,0
233.116,0.8238,0,0,0,0
233.150,0.8238,0,0,0,0
233.183,0.8238,0,0,0,0
233.214,0.8238,0,0,0,0
233.250,0.8238,0,0,0,0
233.284,0.8238,0,0,0,0
233.316,0.8238,0,0,0,0
233.350,0.8238,0,0,0,0
233.384,0.8238,0,0,0,0
233.417,0.8238,0,0,0,0
233.450,0.8238,0,0,0,0
233.481,0.8238,0,0,0,0
233.516,0.8238,0,0,0,0
233.551,0.8238,0,0,0,0
233.583,0.8238,0,0,0,0
233.616,0.8238,0,0,0,0
233.650,0.8238,0,0,0,0
233.681,0.8238,0,0,0,0
233.715,0.8238,0,0,0,0
233.751,0.8238,0,0,0,0
233.782,0.8238,0,0,0,0
233.815,0.8238,0,0,0,0
233.839,0.8238,0,0,0,0
233.882,0.8238,0,0,0,0
233.917,0.8238,0,0,0,0
233.951,0.8238,0,0,0,0
233.982,0.8238,0,0,0,0
234.016,0.8238,0,0,0,0
234.049,0.8238,0,0,0,0
234.083,0.8238,0,0,0,0
234.118,0.8238,0,0,0,0
234.151,0.8238,0,0,0,0
234.183,0.8238,0,0,0,0
234.217,0.8238,0,0,0,0
234.250,0.8238,0,0,0,0
234.284,0.8238,0,0,0,0
234.315,0.8238,0,0,0,0
234.348,0.8238,0,0,0,0
234.382,0.8238,0,0,0,0
234.416,0.8238,0,0,0,0
234.449,0.8238,0,0,0,0
234.484,0.8238,0,0,0,0
234.518,0.8238,0,0,0,0
234.550,0.8238,0,0,0,0
234.581,0.8238,0,0,0,0
234.618,0.8238,0,0,0,0
234.651,0.8238,0,0,0,0
234.687,0.8238,0,0,0,0
234.717,0.8238,0,0,0,0
234.751,0.8238,0,0,0,0
234.784,0.8238,0,0,0,0
234.816,0.8238,0,0,0,0
234.850,0.8238,0,0,0,0
234.884,0.8238,0,0,0,0
234.917,0.8238,0,0,0,0
234.949,0.8238,0,0,0,0
234.983,0.8238,0,0,0,0
235.018,0.8238,0,0,0,0
235.048,0.8238,0,0,0,0
235.085,0.8238,0,0,0,0
235.115,0.8238,0,0,0,0
235.150,0.8238,0,0,0,0
235.184,0.8238,0,0,0,0
235.217,0.8238,0,0,0,0
235.250,0.8238,0,0,0,0
235.284,0.8238,0,0,0,0
235.315,0.8238,0,0,0,0
235.348,0.8238,0,0,0,0
235.382,0.8238,0,0,0,0
235.415,0.8238,0,0,0,0
235.448,0.8238,0,0,0,0
235.482,0.8238,0,0,0,0
235.514,0.8238,0,0,0,0
235.550,0.8238,0,0,0,0
235.584,0.8238,0,0,0,0
235.618,0.8238,0,0,0,0
235.649,0.8238,0,0,0,0
235.682,0.8238,0,0,0,0
235.715,0.8238,0,0,0,0
235.750,0.8238,0,0,0,0
235.782,0.8238,0,0,0,0
235.817,0.8238,0,0,0,0
235.851,0.8238,0,0,0,0
235.883,0.8238,0,0,0,0
235.916,0.8238,0,0,0,0
235.949,0.8238,0,0,0,0
235.983,0.8238,0,0,0,0
236.015,0.8238,0,0,0,0
236.050,0.8238,0,0,0,0
236.082,0.8238,0,0,0,0
236.117,0.8238,0,0,0,0
236.150,0.8238,0,0,0,0
236.184,0.8238,0,0,0,0
236.217,0.8238,0,0,0,0
236.249,0.8238,0,0,0,0
236.284,0.8238,0,0,0,0
236.313,0.8238,0,0,0,0
236.351,0.8238,0,0,0,0
236.385,0.8238,0,0,0,0
236.417,0.8238,0,0,0,0
236.449,0.8238,0,0,0,0
236.482,0.8238,0,0,0,0
236.516,0.8238,0,0,0,0
236.549,0.8238,0,0,0,0
236.584,0.8238,0,0,0,0
236.615,0.8238,0,0,0,0
236.648,0.8238,0,0,0,0
236.681,0.8238,0,0,0,0
236.716,0.8238,0,0,0,0
236.749,0.8238,0,0,0,0
236.784,0.8238,0,0,0,0
236.815,0.8238,0,0,0,0
236.851,0.8238,0,0,0,0
236.884,0.8238,0,0,0,0
236.917,0.8238,0,0,0,0
236.950,0.8238,0,0,0,0
236.982,0.8238,0,0,0,0
237.017,0.8238,0,0,0,0
237.048,0.8238,0,0,0,0
237.083,0.8238,0,0,0,0
237.115,0.8238,0,0,0,0
237.148,0.8238,0,0,0,0
237.181,0.8238,0,0,0,0
237.216,0.8238,0,0,0,0
237.240,0.8238,0,0,0,0
237.284,0.8238,0,0,0,0
237.316,0.8238,0,0,0,0
237.349,0.8238,0,0,0,0
237.383,0.8238,0,0,0,0
237.417,0.8238,0,0,0,0
237.448,0.8238,0,0,0,0
237.485,0.8238,0,0,0,0
237.515,0.8238,0,0,0,0
237.551,0.8238,0,0,0,0
237.582,0.8238,0,0,0,0
237.615,0.8238,0,0,0,0
237.650,0.8238,0,0,0,0
237.684,0.8238,0,0,0,0
237.717,0.8238,0,0,0,0
237.747,0.8238,0,0,0,0
237.785,0.8238,0,0,0,0
237.815,0.8238,0,0,0,0
237.851,0.8238,0,0,0,0
237.884,0.8238,0,0,0,0
237.915,0.8238,0,0,0,0
237.948,0.8238,0,0,0,0
237.982,0.8238,0,0,0,0
238.015,0.8238,0,0,0,0
238.051,0.8238,0,0,0,0
238.082,0.8238,0,0,0,0
238.124,0.8238,0,0,0,0
238.150,0.8238,0,0,0,0
238.182,0.8238,0,0,0,0
238.216,0.8238,0,0,0,0
238.250,0.8238,0,0,0,0
238.283,0.8238,0,0,0,0
238.317,0.8238,0,0,0,0
238.351,0.8238,0,0,0,0
238.384,0.8238,0,0,0,0
238.415,0.8238,0,0,0,0
238.451,0.8238,0,0,0,0
238.483,0.8238,0,0,0,0
238.518,0.8238,0,0,0,0
238.548,0.8238,0,0,0,0
238.584,0.8238,0,0,0,0
238.617,0.8238,0,0,0,0
238.650,0.8238,0,0,0,0
238.683,0.8238,0,0,0,0
238.716,0.8238,0,0,0,0
238.750,0.8238,0,0,0,0
238.785,0.8238,0,0,0,0
238.816,0.8238,0,0,0,0
238.848,0.8238,0,0,0,0
238.884,0.8238,0,0,0,0
238.917,0.8238,0,0,0,0
238.947,0.8238,0,0,0,0
238.983,0.8238,0,0,0,0
239.017,0.8238,0,0,0,0
239.049,0.8238,0,0,0,0
239.083,0.8238,0,0,0,0
239.117,0.8238,0,0,0,0
239.149,0.8238,0,0,0,0
239.182,0.8238,0,0,0,0
239.217,0.8238,0,0,0,0
239.249,0.8238,0,0,0,0
239.283,0.8238,0,0,0,0
239.315,0.8238,0,0,0,0
239.348,0.8238,0,0,0,0
239.384,0.8238,0,0,0,0
239.416,0.8238,0,0,0,0
239.448,0.8238,0,0,0,0
239.483,0.8238,0,0,0,0
239.517,0.8238,0,0,0,0
239.549,0.8238,0,0,0,0
239.583,0.8238,0,0,0,0
239.614,0.8238,0,0,0,0
239.649,0.8238,0,0,0,0
239.681,0.8238,0,0,0,0
239.716,0.8238,0,0,0,0
239.750,0.8238,0,0,0,0
239.786,0.8238,0,0,0,0
239.817,0.8238,0,0,0,0
239.851,0.8238,0,0,0,0
239.884,0.8238,0,0,0,0
239.917,0.8238,0,0,0,0
239.951,0.8238,0,0,0,0
239.982,0.8238,0,0,0,0
240.017,0.8238,0,0,0,0
240.049,0.8238,0,0,0,0
240.085,0.8238,0,0,0,0
240.117,0.8238,0,0,0,0
240.148,0.8238,0,0,0,0
240.185,0.8238,0,0,0,0
240.217,0.8238,0,0,0,0
240.250,0.8238,0,0,0,0
240.282,0.8238,0,0,0,0
240.315,0.8238,0,0,0,0
240.350,0.8238,0,0,0,0
240.382,0.8238,0,0,0,0
240.416,0.8238,0,0,0,0
240.450,0.8238,0,0,0,0
240.484,0.8238,0,0,0,0
240.515,0.8238,0,0,0,0
240.548,0.8238,0,0,0,0
240.582,0.8238,0,0,0,0
240.615,0.8238,0,0,0,0
240.649,0.8238,0,0,0,0
240.681,0.8238,0,0,0,0
240.715,0.8238,0,0,0,0
240.748,0.8238,0,0,0,0
240.784,0.8238,0,0,0,0
240.817,0.8238,0,0,0,0
240.850,0.8238,0,0,0,0
240.883,0.8238,0,0,0,0
240.917,0.8238,0,0,0,0
240.950,0.8238,0,0,0,0
240.985,0.8238,0,0,0,0
241.017,0.8238,0,0,0,0
241.050,0.8238,0,0,0,0
241.082,0.8238,0,0,0,0
241.119,0.8238,0,0,0,0
241.149,0.8238,0,0,0,0
241.183,0.8238,0,0,0,0
241.215,0.8238,0,0,0,0
241.250,0.8238,0,0,0,0
241.284,0.8238,0,0,0,0
241.316,0.8238,0,0,0,0
241.351,0.8238,0,0,0,0
241.382,0.8238,0,0,0,0
241.416,0.8238,0,0,0,0
241.448,0.8238,0,0,0,0
241.482,0.8238,0,0,0,0
241.514,0.8238,0,0,0,0
241.551,0.8238,0,0,0,0
241.583,0.8238,0,0,0,0
241.617,0.8238,0,0,0,0
241.651,0.8238,0,0,0,0
241.685,0.8238,0,0,0,0
241.716,0.8238,0,0,0,0
241.750,0.8238,0,0,0,0
241.784,0.8238,0,0,0,0
241.817,0.8238,0,0,0,0
241.850,0.8238,0,0,0,0
241.882,0.8238,0,0,0,0
241.922,0.8238,0,0,0,0
241.949,0.8238,0,0,0,0
241.993,0.8238,0,0,0,0
242.012,0.8238,0,0,0,0
242.056,0.8238,0,0,0,0
242.084,0.8238,0,0,0,0
242.115,0.8238,0,0,0,0
242.150,0.8238,0,0,0,0
242.184,0.8238,0,0,0,0
242.217,0.8238,0,0,0,0
242.250,0.8238,0,0,0,0
242.285,0.8238,0,0,0,0
242.315,0.8238,0,0,0,0
242.354,0.8238,0,0,0,0
242.383,0.8238,0,0,0,0
242.416,0.8238,0,0,0,0
242.448,0.8238,0,0,0,0
242.481,0.8238,0,0,0,0
242.516,0.8238,0,0,0,0
242.549,0.8238,0,0,0,0
242.584,0.8238,0,0,0,0
242.617,0.8238,0,0,0,0
242.651,0.8238,0,0,0,0
242.683,0.8238,0,0,0,0
242.714,0.8238,0,0,0,0
242.748,0.8238,0,0,0,0
242.784,0.8238,0,0,0,0
242.814,0.8238,0,0,0,0
242.850,0.8238,0,0,0,0
242.884,0.8238,0,0,0,0
242.916,0.8238,0,0,0,0
242.951,0.8238,0,0,0,0
242.985,0.8238,0,0,0,0
243.017,0.8238,0,0,0,0
243.049,0.8238,0,0,0,0
243.082,0.8238,0,0,0,0
243.116,0.8238,0,0,0,0
243.150,0.8238,0,0,0,0
243.183,0.8238,0,0,0,0
243.217,0.8238,0,0,0,0
243.248,0.8238,0,0,0,0
243.284,0.8238,0,0,0,0
243.317,0.8238,0,0,0,0
243.350,0.8238,0,0,0,0
243.384,0.8238,0,0,0,0
243.411,0.8238,0,0,0,0
243.448,0.8238,0,0,0,0
243.483,0.8238,0,0,0,0
243.515,0.8238,0,0,0,0
243.549,0.8238,0,0,0,0
243.582,0.8238,0,0,0,0
243.617,0.8238,0,0,0,0
243.651,0.8238,0,0,0,0
243.682,0.8238,0,0,0,0
243.714,0.8238,0,0,0,0
243.751,0.8238,0,0,0,0
243.782,0.8238,0,0,0,0
243.816,0.8238,0,0,0,0
243.849,0.8238,0,0,0,0
243.881,0.8238,0,0,0,0
243.915,0.8238,0,0,0,0
243.951,0.8238,0,0,0,0
243.982,0.8238,0,0,0,0
244.016,0.8238,0,0,0,0
244.050,0.8238,0,0,0,0
244.082,0.8238,0,0,0,0
244.117,0.8238,0,0,0,0
244.149,0.8238,0,0,0,0
244.183,0.8238,0,0,0,0
244.217,0.8238,0,0,0,0
244.248,0.8238,0,0,0,0
244.281,0.8238,0,0,0,0
244.315,0.8238,0,0,0,0
244.351,0.8238,0,0,0,0
244.383,0.8238,0,0,0,0
244.417,0.8238,0,0,0,0
244.450,0.8238,0,0,0,0
244.483,0.8238,0,0,0,0
244.515,0.8238,0,0,0,0
244.551,0.8238,0,0,0,0
244.584,0.8238,0,0,0,0
244.617,0.8238,0,0,0,0
244.647,0.8238,0,0,0,0
244.682,0.8238,0,0,0,0
244.715,0.8238,0,0,0,0
244.748,0.8238,0,0,0,0
244.783,0.8238,0,0,0,0
244.816,0.8238,0,0,0,0
244.849,0.8238,0,0,0,0
244.883,0.8238,0,0,0,0
244.915,0.8238,0,0,0,0
244.950,0.8238,0,0,0,0
244.983,0.8238,0,0,0,0
245.016,0.8238,0,0,0,0
245.048,0.8238,0,0,0,0
245.084,0.8238,0,0,0,0
245.115,0.8238,0,0,0,0
245.148,0.8238,0,0,0,0
245.184,0.8238,0,0,0,0
245.215,0.8238,0,0,0,0
245.249,0.8238,0,0,0,0
245.286,0.8238,0,0,0,0
245.322,0.8238,0,0,0,0
245.349,0.8238,0,0,0,0
245.382,0.8238,0,0,0,0
245.416,0.8238,0,0,0,0
245.449,0.8238,0,0,0,0
245.482,0.8238,0,0,0,0
245.515,0.8238,0,0,0,0
245.551,0.8238,0,0,0,0
245.584,0.8238,0,0,0,0
245.615,0.8238,0,0,0,0
245.648,0.8238,0,0,0,0
245.682,0.8238,0,0,0,0
245.716,0.8238,0,0,0,0
245.749,0.8238,0,0,0,0
245.784,0.8238,0,0,0,0
245.815,0.8238,0,0,0,0
245.848,0.8238,0,0,0,0
245.884,0.8238,0,0,0,0
245.916,0.8238,0,0,0,0
245.951,0.8238,0,0,0,0
245.984,0.8238,0,0,0,0
246.018,0.8238,0,0,0,0
246.049,0.8238,0,0,0,0
246.084,0.8238,0,0,0,0
246.116,0.8238,0,0,0,0
246.150,0.8238,0,0,0,0
246.183,0.8238,0,0,0,0
246.215,0.8238,0,0,0,0
246.249,0.8238,0,0,0,0
246.284,0.8238,0,0,0,0
246.316,0.8238,0,0,0,0
246.348,0.8238,0,0,0,0
246.381,0.8238,0,0,0,0
246.415,0.8238,0,0,0,0
246.448,0.8238,0,0,0,0
246.481,0.8238,0,0,0,0
246.517,0.8238,0,0,0,0
246.548,0.8238,0,0,0,0
246.582,0.8238,0,0,0,0
246.617,0.8238,0,0,0,0
246.651,0.8238,0,0,0,0
246.682,0.8238,0,0,0,0
246.718,0.8238,0,0,0,0
246.751,0.8238,0,0,0,0
246.783,0.8238,0,0,0,0
246.818,0.8238,0,0,0,0
246.850,0.8238,0,0,0,0
246.884,0.8238,0,0,0,0
246.916,0.8238,0,0,0,0
246.982,0.8238,0,0,0,0
246.998,0.8238,0,0,0,0
247.033,0.8238,0,0,0,0
247.068,0.8238,0,0,0,0
247.100,0.8238,0,0,0,0
247.134,0.8238,0,0,0,0
247.169,0.8238,0,0,0,0
247.201,0.8238,0,0,0,0
247.233,0.8238,0,0,0,0
247.267,0.8238,0,0,0,0
247.299,0.8238,0,0,0,0
247.334,0.8238,0,0,0,0
247.367,0.8238,0,0,0,0
247.401,0.8238,0,0,0,0
247.433,0.8238,0,0,0,0
247.465,0.8238,0,0,0,0
247.501,0.8238,0,0,0,0
247.534,0.8238,0,0,0,0
247.567,0.8238,0,0,0,0
247.599,0.8238,0,0,0,0
247.634,0.8238,0,0,0,0
247.666,0.8238,0,0,0,0
247.700,0.8238,0,0,0,0
247.734,0.8238,0,0,0,0
247.768,0.8238,0,0,0,0
247.802,0.8238,0,0,0,0
247.836,0.8238,0,0,0,0
247.866,0.8238,0,0,0,0
247.900,0.8238,0,0,0,0
247.934,0.8238,0,0,0,0
247.967,0.8238,0,0,0,0
248.001,0.8238,0,0,0,0
248.033,0.8238,0,0,0,0
248.069,0.8238,0,0,0,0
248.101,0.8238,0,0,0,0
248.133,0.8238,0,0,0,0
248.214,0.8238,0,0,0,0
248.242,0.8238,0,0,0,0
248.249,0.8238,0,0,0,0
248.286,0.8238,0,0,0,0
248.317,0.8238,0,0,0,0
248.350,0.8238,0,0,0,0
248.385,0.8238,0,0,0,0
248.416,0.8238,0,0,0,0
248.450,0.8238,0,0,0,0
248.485,0.8238,0,0,0,0
248.520,0.8238,0,0,0,0
248.553,0.8238,0,0,0,0
248.587,0.8238,0,0,0,0
248.608,0.8238,0,0,0,0
248.649,0.8238,0,0,0,0
248.685,0.8238,0,0,0,0
248.718,0.8238,0,0,0,0
248.750,0.8238,0,0,0,0
248.787,0.8238,0,0,0,0
248.819,0.8238,0,0,0,0
248.852,0.8238,0,0,0,0
248.886,0.8238,0,0,0,0
248.916,0.8238,0,0,0,0
248.953,0.8238,0,0,0,0
248.986,0.8238,0,0,0,0
249.020,0.8238,0,0,0,0
249.051,0.8238,0,0,0,0
249.085,0.8238,0,0,0,0
249.118,0.8238,0,0,0,0
249.151,0.8238,0,0,0,0
249.185,0.8238,0,0,0,0
249.218,0.8238,0,0,0,0
249.250,0.8238,0,0,0,0
249.285,0.8238,0,0,0,0
249.317,0.8238,0,0,0,0
249.352,0.8238,0,0,0,0
249.384,0.8238,0,0,0,0
249.417,0.8238,0,0,0,0
249.458,0.8238,0,0,0,0
249.484,0.8238,0,0,0,0
249.522,0.8238,0,0,0,0
249.555,0.8238,0,0,0,0
249.584,0.8238,0,0,0,0
249.619,0.8238,0,0,0,0
249.652,0.8238,0,0,0,0
249.684,0.8238,0,0,0,0
249.726,0.8238,0,0,0,0
249.750,0.8238,0,0,0,0
249.845,0.8238,0,0,0,0
249.860,0.8238,0,0,0,0
249.900,0.8238,0,0,0,0
249.935,0.8238,0,0,0,0
249.966,0.8238,0,0,0,0
250.003,0.8238,0,0,0,0
250.036,0.8238,0,0,0,0
250.068,0.8238,0,0,0,0
250.102,0.8238,0,0,0,0
250.135,0.8238,0,0,0,0
250.168,0.8238,0,0,0,0
250.198,0.8238,0,0,0,0
250.236,0.8238,0,0,0,0
250.266,0.8238,0,0,0,0
250.299,0.8238,0,0,0,0
250.336,0.8238,0,0,0,0
250.367,0.8238,0,0,0,0
250.402,0.8238,0,0,0,0
250.432,0.8238,0,0,0,0
250.469,0.8238,0,0,0,0
250.502,0.8238,0,0,0,0
250.536,0.8238,0,0,0,0
250.567,0.8238,0,0,0,0
250.603,0.8238,0,0,0,0
250.634,0.8238,0,0,0,0
250.669,0.8238,0,0,0,0
250.698,0.8238,0,0,0,0
250.733,0.8238,0,0,0,0
250.794,0.8238,0,0,0,0
250.804,0.8238,0,0,0,0
250.834,0.8238,0,0,0,0
250.866,0.8238,0,0,0,0
250.919,0.8238,0,0,0,0
250.948,0.8238,0,0,0,0
250.976,0.8238,0,0,0,0
251.009,0.8238,0,0,0,0
251.041,0.8238,0,0,0,0
251.075,0.8238,0,0,0,0
251.109,0.8238,0,0,0,0
251.144,0.8238,0,0,0,0
251.176,0.8238,0,0,0,0
251.207,0.8238,0,0,0,0
251.242,0.8238,0,0,0,0
251.277,0.8238,0,0,0,0
251.308,0.8238,0,0,0,0
251.342,0.8238,0,0,0,0
251.374,0.8238,0,0,0,0
251.411,0.8238,0,0,0,0
251.442,0.8238,0,0,0,0
251.476,0.8238,0,0,0,0
251.508,0.8238,0,0,0,0
251.542,0.8238,0,0,0,0
251.574,0.8238,0,0,0,0
251.607,0.8238,0,0,0,0
251.643,0.8238,0,0,0,0
251.675,0.8238,0,0,0,0
251.710,0.8238,0,0,0,0
251.743,0.8238,0,0,0,0
251.775,0.8238,0,0,0,0
251.810,0.8238,0,0,0,0
251.843,0.8238,0,0,0,0
251.875,0.8238,0,0,0,0
251.910,0.8238,0,0,0,0
251.941,0.8238,0,0,0,0
251.975,0.8238,0,0,0,0
252.011,0.8238,0,0,0,0
252.041,0.8238,0,0,0,0
252.076,0.8238,0,0,0,0
252.108,0.8238,0,0,0,0
252.141,0.8238,0,0,0,0
252.177,0.8238,0,0,0,0
252.210,0.8238,0,0,0,0
252.244,0.8238,0,0,0,0
252.276,0.8238,0,0,0,0
252.311,0.8238,0,0,0,0
252.340,0.8238,0,0,0,0
252.377,0.8238,0,0,0,0
252.409,0.8238,0,0,0,0
252.442,0.8238,0,0,0,0
252.475,0.8238,0,0,0,0
252.507,0.8238,0,0,0,0
252.542,0.8238,0,0,0,0
252.577,0.8238,0,0,0,0
252.610,0.8238,0,0,0,0
252.643,0.8238,0,0,0,0
252.675,0.8238,0,0,0,0
252.709,0.8238,0,0,0,0
252.744,0.8238,0,0,0,0
252.776,0.8238,0,0,0,0
252.811,0.8238,0,0,0,0
252.842,0.8238,0,0,0,0
252.875,0.8238,0,0,0,0
252.909,0.8238,0,0,0,0
252.941,0.8238,0,0,0,0
252.974,0.8238,0,0,0,0
253.007,0.8238,0,0,0,0
253.041,0.8238,0,0,0,0
253.076,0.8238,0,0,0,0
253.110,0.8238,0,0,0,0
253.142,0.8238,0,0,0,0
253.175,0.8238,0,0,0,0
253.209,0.8238,0,0,0,0
253.241,0.8238,0,0,0,0
253.276,0.8238,0,0,0,0
253.308,0.8238,0,0,0,0
253.343,0.8238,0,0,0,0
253.383,0.8238,0,0,0,0
253.421,0.8238,0,0,0,0
253.449,0.8238,0,0,0,0
253.482,0.8238,0,0,0,0
253.514,0.8238,0,0,0,0
253.550,0.8238,0,0,0,0
253.580,0.8238,0,0,0,0
253.615,0.8238,0,0,0,0
253.647,0.8238,0,0,0,0
253.682,0.8238,0,0,0,0
253.715,0.8238,0,0,0,0
253.749,0.8238,0,0,0,0
253.780,0.8238,0,0,0,0
253.815,0.8238,0,0,0,0
253.849,0.8238,0,0,0,0
253.880,0.8238,0,0,0,0
253.913,0.8238,0,0,0,0
253.947,0.8238,0,0,0,0
253.980,0.8238,0,0,0,0
254.013,0.8238,0,0,0,0
254.049,0.8238,0,0,0,0
254.083,0.8238,0,0,0,0
254.113,0.8238,0,0,0,0
254.147,0.8238,0,0,0,0
254.180,0.8238,0,0,0,0
254.214,0.8238,0,0,0,0
254.246,0.8238,0,0,0,0
254.280,0.8238,0,0,0,0
254.317,0.8238,0,0,0,0
254.348,0.8238,0,0,0,0
254.381,0.8238,0,0,0,0
254.415,0.8238,0,0,0,0
254.446,0.8238,0,0,0,0
254.480,0.8238,0,0,0,0
254.513,0.8238,0,0,0,0
254.548,0.8238,0,0,0,0
254.582,0.8238,0,0,0,0
254.614,0.8238,0,0,0,0
254.650,0.8238,0,0,0,0
254.680,0.8238,0,0,0,0
254.715,0.8238,0,0,0,0
254.748,0.8238,0,0,0,0
254.780,0.8238,0,0,0,0
254.814,0.8238,0,0,0,0
254.846,0.8238,0,0,0,0
254.880,0.8238,0,0,0,0
254.915,0.8238,0,0,0,0
254.946,0.8238,0,0,0,0
254.981,0.8238,0,0,0,0
255.013,0.8238,0,0,0,0
255.049,0.8238,0,0,0,0
255.081,0.8238,0,0,0,0
255.115,0.8238,0,0,0,0
255.146,0.8238,0,0,0,0
255.182,0.8238,0,0,0,0
255.217,0.8238,0,0,0,0
255.247,0.8238,0,0,0,0
255.281,0.8238,0,0,0,0
255.315,0.8238,0,0,0,0
255.346,0.8238,0,0,0,0
255.382,0.8238,0,0,0,0
255.414,0.8238,0,0,0,0
255.448,0.8238,0,0,0,0
255.480,0.8238,0,0,0,0
255.515,0.8238,0,0,0,0
255.547,0.8238,0,0,0,0
255.582,0.8238,0,0,0,0
255.616,0.8238,0,0,0,0
255.647,0.8238,0,0,0,0
255.680,0.8238,0,0,0,0
255.713,0.8238,0,0,0,0
255.746,0.8238,0,0,0,0
255.783,0.8238,0,0,0,0
255.815,0.8238,0,0,0,0
255.846,0.8238,0,0,0,0
255.880,0.8238,0,0,0,0
255.916,0.8238,0,0,0,0
255.951,0.8238,0,0,0,0
255.981,0.8238,0,0,0,0
256.013,0.8238,0,0,0,0
256.049,0.8238,0,0,0,0
256.082,0.8238,0,0,0,0
256.109,0.8238,0,0,0,0
256.147,0.8238,0,0,0,0
256.182,0.8238,0,0,0,0
256.215,0.8238,0,0,0,0
256.249,0.8238,0,0,0,0
256.281,0.8238,0,0,0,0
256.314,0.8238,0,0,0,0
256.347,0.8238,0,0,0,0
256.381,0.8238,0,0,0,0
256.415,0.8238,0,0,0,0
256.448,0.8238,0,0,0,0
256.480,0.8238,0,0,0,0
256.514,0.8238,0,0,0,0
256.549,0.8238,0,0,0,0
256.580,0.8238,0,0,0,0
256.613,0.8238,0,0,0,0
256.646,0.8238,0,0,0,0
256.682,0.8238,0,0,0,0
256.718,0.8238,0,0,0,0
256.749,0.8238,0,0,0,0
256.783,0.8238,0,0,0,0
256.816,0.8238,0,0,0,0
256.848,0.8238,0,0,0,0
256.883,0.8238,0,0,0,0
256.916,0.8238,0,0,0,0
256.996,0.8238,0,0,0,0
257.073,0.8238,0,0,0,0
257.092,0.8238,0,0,0,0
257.107,0.8238,0,0,0,0
257.146,0.8238,0,0,0,0
257.181,0.8238,0,0,0,0
257.213,0.8238,0,0,0,0
257.246,0.8238,0,0,0,0
257.282,0.8238,0,0,0,0
257.315,0.8238,0,0,0,0
257.348,0.8238,0,0,0,0
257.412,0.8238,0,0,0,0
257.453,0.8238,0,0,0,0
257.488,0.8238,0,0,0,0
257.519,0.8238,0,0,0,0
257.553,0.8238,0,0,0,0
257.586,0.8238,0,0,0,0
257.617,0.8238,0,0,0,0
257.651,0.8238,0,0,0,0
257.692,0.8238,0,0,0,0
257.713,0.8238,0,0,0,0
257.752,0.8238,0,0,0,0
257.776,0.8238,0,0,0,0
257.814,0.8238,0,0,0,0
257.857,0.8238,0,0,0,0
257.884,0.8238,0,0,0,0
257.911,0.8238,0,0,0,0
257.958,0.8238,0,0,0,0
257.992,0.8238,0,0,0,0
258.150,0.8238,0,0,0,0
258.213,0.8238,0,0,0,0
258.237,0.8238,0,0,0,0
258.281,0.8238,0,0,0,0
258.325,0.8238,0,0,0,0
258.349,0.8238,0,0,0,0
258.397,0.8238,0,0,0,0
258.424,0.8238,0,0,0,0
258.454,0.8238,0,0,0,0
258.483,0.8238,0,0,0,0
258.518,0.8238,0,0,0,0
258.553,0.8238,0,0,0,0
258.587,0.8238,0,0,0,0
258.616,0.8238,0,0,0,0
258.676,0.8238,0,0,0,0
258.696,0.8238,0,0,0,0
258.745,0.8238,0,0,0,0
258.766,0.8238,0,0,0,0
258.798,0.8238,0,0,0,0
258.831,0.8238,0,0,0,0
258.867,0.8238,0,0,0,0
258.898,0.8238,0,0,0,0
259.010,0.8238,0,0,0,0
259.093,0.8238,0,0,0,0
259.110,0.8238,0,0,0,0
259.142,0.8238,0,0,0,0
259.174,0.8238,0,0,0,0
259.209,0.8238,0,0,0,0
259.242,0.8238,0,0,0,0
259.323,0.8238,0,0,0,0
259.451,0.8238,0,0,0,0
259.472,0.8238,0,0,0,0
259.497,0.8238,0,0,0,0
259.528,0.8238,0,0,0,0
259.561,0.8238,0,0,0,0
259.595,0.8238,0,0,0,0
259.626,0.8238,0,0,0,0
259.661,0.8238,0,0,0,0
259.722,0.8238,0,0,0,0
259.768,0.8238,0,0,0,0
259.807,0.8238,0,0,0,0
259.849,0.8238,0,0,0,0
259.881,0.8238,0,0,0,0
259.909,0.8238,0,0,0,0
259.945,0.8238,0,0,0,0
259.979,0.8238,0,0,0,0
260.013,0.8238,0,0,0,0
260.059,0.8238,0,0,0,0
260.147,0.8238,0,0,0,0
260.169,0.8238,0,0,0,0
260.208,0.8238,0,0,0,0
260.244,0.8238,0,0,0,0
260.278,0.8238,0,0,0,0
260.309,0.8238,0,0,0,0
260.490,0.8238,0,0,0,0
260.579,0.8238,0,0,0,0
260.611,0.8238,0,0,0,0
260.627,0.8238,0,0,0,0
260.669,0.8238,0,0,0,0
260.695,0.8238,0,0,0,0
260.730,0.8238,0,0,0,0
260.761,0.8238,0,0,0,0
260.800,0.8238,0,0,0,0
260.838,0.8238,0,0,0,0
260.884,0.8238,0,0,0,0
260.941,0.8238,0,0,0,0
260.964,0.8238,0,0,0,0
260.982,0.8238,0,0,0,0
261.024,0.8238,0,0,0,0
261.054,0.8238,0,0,0,0
261.090,0.8238,0,0,0,0
261.122,0.8238,0,0,0,0
261.157,0.8238,0,0,0,0
261.188,0.8238,0,0,0,0
261.227,0.8238,0,0,0,0
261.255,0.8238,0,0,0,0
261.292,0.8238,0,0,0,0
261.322,0.8238,0,0,0,0
261.355,0.8238,0,0,0,0
261.380,0.8238,0,0,0,0
261.421,0.8238,0,0,0,0
261.455,0.8238,0,0,0,0
261.488,0.8238,0,0,0,0
261.521,0.8238,0,0,0,0
261.555,0.8238,0,0,0,0
261.588,0.8238,0,0,0,0
261.623,0.8238,0,0,0,0
261.656,0.8238,0,0,0,0
261.687,0.8238,0,0,0,0
261.721,0.8238,0,0,0,0
261.762,0.8238,0,0,0,0
261.781,0.8238,0,0,0,0
261.826,0.8238,0,0,0,0
261.856,0.8238,0,0,0,0
261.892,0.8238,0,0,0,0
261.924,0.8238,0,0,0,0
261.960,0.8238,0,0,0,0
261.986,0.8238,0,0,0,0
262.022,0.8238,0,0,0,0
262.056,0.8238,0,0,0,0
262.090,0.8238,0,0,0,0
262.121,0.8238,0,0,0,0
262.155,0.8238,0,0,0,0
262.189,0.8238,0,0,0,0
262.223,0.8238,0,0,0,0
262.257,0.8238,0,0,0,0
262.289,0.8238,0,0,0,0
262.322,0.8238,0,0,0,0
262.357,0.8238,0,0,0,0
262.390,0.8238,0,0,0,0
262.423,0.8238,0,0,0,0
262.456,0.8238,0,0,0,0
262.488,0.8238,0,0,0,0
262.523,0.8238,0,0,0,0
262.558,0.8238,0,0,0,0
262.588,0.8238,0,0,0,0
262.621,0.8238,0,0,0,0
262.657,0.8238,0,0,0,0
262.689,0.8238,0,0,0,0
262.728,0.8238,0,0,0,0
262.758,0.8238,0,0,0,0
262.788,0.8238,0,0,0,0
262.822,0.8238,0,0,0,0
262.858,0.8238,0,0,0,0
262.888,0.8238,0,0,0,0
262.921,0.8238,0,0,0,0
262.956,0.8238,0,0,0,0
262.988,0.8238,0,0,0,0
263.021,0.8238,0,0,0,0
263.057,0.8238,0,0,0,0
263.089,0.8238,0,0,0,0
263.121,0.8238,0,0,0,0
263.155,0.8238,0,0,0,0
263.188,0.8238,0,0,0,0
263.223,0.8238,0,0,0,0
263.256,0.8238,0,0,0,0
263.290,0.8238,0,0,0,0
263.324,0.8238,0,0,0,0
263.358,0.8238,0,0,0,0
263.389,0.8238,0,0,0,0
263.421,0.8238,0,0,0,0
263.454,0.8238,0,0,0,0
263.488,0.8238,0,0,0,0
263.521,0.8238,0,0,0,0
263.551,0.8238,0,0,0,0
263.579,0.8238,0,0,0,0
263.623,0.8238,0,0,0,0
263.661,0.8238,0,0,0,0
263.688,0.8238,0,0,0,0
263.723,0.8238,0,0,0,0
263.756,0.8238,0,0,0,0
263.791,0.8238,0,0,0,0
263.823,0.8238,0,0,0,0
263.855,0.8238,0,0,0,0
263.891,0.8238,0,0,0,0
263.925,0.8238,0,0,0,0
263.960,0.8238,0,0,0,0
263.991,0.8238,0,0,0,0
264.023,0.8238,0,0,0,0
264.056,0.8238,0,0,0,0
264.090,0.8238,0,0,0,0
264.122,0.8238,0,0,0,0
264.157,0.8238,0,0,0,0
264.190,0.8238,0,0,0,0
264.221,0.8238,0,0,0,0
264.259,0.8238,0,0,0,0
264.289,0.8238,0,0,0,0
264.321,0.8238,0,0,0,0
264.355,0.8238,0,0,0,0
264.390,0.8238,0,0,0,0
264.424,0.8238,0,0,0,0
264.458,0.8238,0,0,0,0
264.489,0.8238,0,0,0,0
264.519,0.8238,0,0,0,0
264.563,0.8238,0,0,0,0
264.589,0.8238,0,0,0,0
264.622,0.8238,0,0,0,0
264.655,0.8238,0,0,0,0
264.690,0.8238,0,0,0,0
264.723,0.8238,0,0,0,0
264.758,0.8238,0,0,0,0
264.788,0.8238,0,0,0,0
264.823,0.8238,0,0,0,0
264.857,0.8238,0,0,0,0
264.889,0.8238,0,0,0,0
264.922,0.8238,0,0,0,0
264.956,0.8238,0,0,0,0
264.988,0.8238,0,0,0,0
265.074,0.8238,0,0,0,0
265.096,0.8238,0,0,0,0
265.114,0.8238,0,0,0,0
265.147,0.8238,0,0,0,0
265.181,0.8238,0,0,0,0
265.213,0.8238,0,0,0,0
265.247,0.8238,0,0,0,0
265.282,0.8238,0,0,0,0
265.315,0.8238,0,0,0,0
265.347,0.8238,0,0,0,0
265.381,0.8238,0,0,0,0
265.417,0.8238,0,0,0,0
265.445,0.8238,0,0,0,0
265.480,0.8238,0,0,0,0
265.515,0.8238,0,0,0,0
265.546,0.8238,0,0,0,0
265.580,0.8238,0,0,0,0
265.613,0.8238,0,0,0,0
265.646,0.8238,0,0,0,0
265.681,0.8238,0,0,0,0
265.715,0.8238,0,0,0,0
265.745,0.8238,0,0,0,0
265.780,0.8238,0,0,0,0
265.813,0.8238,0,0,0,0
265.847,0.8238,0,0,0,0
265.880,0.8238,0,0,0,0
265.913,0.8238,0,0,0,0
265.948,0.8238,0,0,0,0
265.983,0.8238,0,0,0,0
266.014,0.8238,0,0,0,0
266.049,0.8238,0,0,0,0
266.082,0.8238,0,0,0,0
266.113,0.8238,0,0,0,0
266.149,0.8238,0,0,0,0
266.180,0.8238,0,0,0,0
266.214,0.8238,0,0,0,0
266.246,0.8238,0,0,0,0
266.279,0.8238,0,0,0,0
266.313,0.8238,0,0,0,0
266.349,0.8238,0,0,0,0
266.372,0.8238,0,0,0,0
266.413,0.8238,0,0,0,0
266.450,0.8238,0,0,0,0
266.477,0.8238,0,0,0,0
266.515,0.8238,0,0,0,0
266.547,0.8238,0,0,0,0
266.581,0.8238,0,0,0,0
266.614,0.8238,0,0,0,0
266.648,0.8238,0,0,0,0
266.680,0.8238,0,0,0,0
266.713,0.8238,0,0,0,0
266.748,0.8238,0,0,0,0
266.778,0.8238,0,0,0,0
266.814,0.8238,0,0,0,0
266.848,0.8238,0,0,0,0
266.882,0.8238,0,0,0,0
266.915,0.8238,0,0,0,0
266.945,0.8238,0,0,0,0
266.980,0.8238,0,0,0,0
267.014,0.8238,0,0,0,0
267.046,0.8238,0,0,0,0
267.081,0.8238,0,0,0,0
267.114,0.8238,0,0,0,0
267.147,0.8238,0,0,0,0
267.181,0.8238,0,0,0,0
267.214,0.8238,0,0,0,0
267.246,0.8238,0,0,0,0
267.278,0.8238,0,0,0,0
267.312,0.8238,0,0,0,0
267.348,0.8238,0,0,0,0
267.379,0.8238,0,0,0,0
267.413,0.8238,0,0,0,0
267.447,0.8238,0,0,0,0
267.482,0.8238,0,0,0,0
267.514,0.8238,0,0,0,0
267.548,0.8238,0,0,0,0
267.579,0.8238,0,0,0,0
267.614,0.8238,0,0,0,0
267.648,0.8238,0,0,0,0
267.681,0.8238,0,0,0,0
267.713,0.8238,0,0,0,0
267.751,0.8238,0,0,0,0
267.780,0.8238,0,0,0,0
267.814,0.8238,0,0,0,0
267.848,0.8238,0,0,0,0
267.882,0.8238,0,0,0,0
267.912,0.8238,0,0,0,0
267.947,0.8238,0,0,0,0
267.981,0.8238,0,0,0,0
268.015,0.8238,0,0,0,0
268.046,0.8238,0,0,0,0
268.081,0.8238,0,0,0,0
268.115,0.8238,0,0,0,0
268.149,0.8238,0,0,0,0
268.181,0.8238,0,0,0,0
268.213,0.8238,0,0,0,0
268.245,0.8238,0,0,0,0
268.279,0.8238,0,0,0,0
268.316,0.8238,0,0,0,0
268.346,0.8238,0,0,0,0
268.381,0.8238,0,0,0,0
268.414,0.8238,0,0,0,0
268.447,0.8238,0,0,0,0
268.480,0.8238,0,0,0,0
268.514,0.8238,0,0,0,0
268.546,0.8238,0,0,0,0
268.581,0.8238,0,0,0,0
268.614,0.8238,0,0,0,0
268.648,0.8238,0,0,0,0
268.678,0.8238,0,0,0,0
268.714,0.8238,0,0,0,0
268.749,0.8238,0,0,0,0
268.781,0.8238,0,0,0,0
268.813,0.8238,0,0,0,0
268.846,0.8238,0,0,0,0
268.882,0.8238,0,0,0,0
268.914,0.8238,0,0,0,0
268.948,0.8238,0,0,0,0
268.981,0.8238,0,0,0,0
269.019,0.8238,0,0,0,0
269.040,0.8238,0,0,0,0
269.081,0.8238,0,0,0,0
269.115,0.8238,0,0,0,0
269.146,0.8238,0,0,0,0
269.186,0.8238,0,0,0,0
269.214,0.8238,0,0,0,0
269.246,0.8238,0,0,0,0
269.279,0.8238,0,0,0,0
269.314,0.8238,0,0,0,0
269.346,0.8238,0,0,0,0
269.380,0.8238,0,0,0,0
269.412,0.8238,0,0,0,0
269.447,0.8238,0,0,0,0
269.478,0.8238,0,0,0,0
269.512,0.8238,0,0,0,0
269.548,0.8238,0,0,0,0
269.580,0.8238,0,0,0,0
269.616,0.8238,0,0,0,0
269.647,0.8238,0,0,0,0
269.682,0.8238,0,0,0,0
269.716,0.8238,0,0,0,0
269.747,0.8238,0,0,0,0
269.780,0.8238,0,0,0,0
269.814,0.8238,0,0,0,0
269.848,0.8238,0,0,0,0
269.882,0.8238,0,0,0,0
269.914,0.8238,0,0,0,0
269.947,0.8238,0,0,0,0
269.978,0.8238,0,0,0,0
270.012,0.8238,0,0,0,0
270.036,0.8238,0,0,0,0
270.080,0.8238,0,0,0,0
270.114,0.8238,0,0,0,0
270.145,0.8238,0,0,0,0
270.179,0.8238,0,0,0,0
270.214,0.8238,0,0,0,0
270.248,0.8238,0,0,0,0
270.280,0.8238,0,0,0,0
270.314,0.8238,0,0,0,0
270.347,0.8238,0,0,0,0
270.379,0.8238,0,0,0,0
270.415,0.8238,0,0,0,0
270.447,0.8238,0,0,0,0
270.480,0.8238,0,0,0,0
270.515,0.8238,0,0,0,0
270.545,0.8238,0,0,0,0
270.579,0.8238,0,0,0,0
270.613,0.8238,0,0,0,0
270.649,0.8238,0,0,0,0
270.690,0.8238,0,0,0,0
270.709,0.8238,0,0,0,0
270.741,0.8238,0,0,0,0
270.780,0.8238,0,0,0,0
270.811,0.8238,0,0,0,0
270.846,0.8238,0,0,0,0
270.879,0.8238,0,0,0,0
270.912,0.8238,0,0,0,0
270.947,0.8238,0,0,0,0
270.980,0.8238,0,0,0,0
271.015,0.8238,0,0,0,0
271.046,0.8238,0,0,0,0
271.096,0.8238,0,0,0,0
271.114,0.8238,0,0,0,0
271.144,0.8238,0,0,0,0
271.182,0.8238,0,0,0,0
271.216,0.8238,0,0,0,0
271.245,0.8238,0,0,0,0
271.282,0.8238,0,0,0,0
271.314,0.8238,0,0,0,0
271.347,0.8238,0,0,0,0
271.379,0.8238,0,0,0,0
271.413,0.8238,0,0,0,0
271.447,0.8238,0,0,0,0
271.481,0.8238,0,0,0,0
271.513,0.8238,0,0,0,0
271.548,0.8238,0,0,0,0
271.582,0.8238,0,0,0,0
271.613,0.8238,0,0,0,0
271.646,0.8238,0,0,0,0
271.679,0.8238,0,0,0,0
271.714,0.8238,0,0,0,0
271.745,0.8238,0,0,0,0
271.779,0.8238,0,0,0,0
271.814,0.8238,0,0,0,0
271.847,0.8238,0,0,0,0
271.881,0.8238,0,0,0,0
271.915,0.8238,0,0,0,0
271.946,0.8238,0,0,0,0
271.980,0.8238,0,0,0,0
272.015,0.8238,0,0,0,0
272.047,0.8238,0,0,0,0
272.080,0.8238,0,0,0,0
272.115,0.8238,0,0,0,0
272.148,0.8238,0,0,0,0
272.181,0.8238,0,0,0,0
272.215,0.8238,0,0,0,0
272.246,0.8238,0,0,0,0
272.279,0.8238,0,0,0,0
272.313,0.8238,0,0,0,0
272.346,0.8238,0,0,0,0
272.380,0.8238,0,0,0,0
272.415,0.8238,0,0,0,0
272.447,0.8238,0,0,0,0
272.480,0.8238,0,0,0,0
272.513,0.8238,0,0,0,0
272.549,0.8238,0,0,0,0
272.588,0.8238,0,0,0,0
272.613,0.8238,0,0,0,0
272.647,0.8238,0,0,0,0
272.682,0.8238,0,0,0,0
272.714,0.8238,0,0,0,0
272.747,0.8238,0,0,0,0
272.779,0.8238,0,0,0,0
272.815,0.8238,0,0,0,0
272.847,0.8238,0,0,0,0
272.880,0.8238,0,0,0,0
272.912,0.8238,0,0,0,0
272.948,0.8238,0,0,0,0
272.979,0.8238,0,0,0,0
273.015,0.8238,0,0,0,0
273.046,0.8238,0,0,0,0
273.079,0.8238,0,0,0,0
273.115,0.8238,0,0,0,0
273.147,0.8238,0,0,0,0
273.182,0.8238,0,0,0,0
273.214,0.8238,0,0,0,0
273.245,0.8238,0,0,0,0
273.281,0.8238,0,0,0,0
273.313,0.8238,0,0,0,0
273.348,0.8238,0,0,0,0
273.378,0.8238,0,0,0,0
273.416,0.8238,0,0,0,0
273.447,0.8238,0,0,0,0
273.480,0.8238,0,0,0,0
273.515,0.8238,0,0,0,0
273.545,0.8238,0,0,0,0
273.580,0.8238,0,0,0,0
273.612,0.8238,0,0,0,0
273.647,0.8238,0,0,0,0
273.679,0.8238,0,0,0,0
273.714,0.8238,0,0,0,0
273.746,0.8238,0,0,0,0
273.782,0.8238,0,0,0,0
273.813,0.8238,0,0,0,0
273.848,0.8238,0,0,0,0
273.879,0.8238,0,0,0,0
273.914,0.8238,0,0,0,0
273.945,0.8238,0,0,0,0
273.980,0.8238,0,0,0,0
274.016,0.8238,0,0,0,0
274.047,0.8238,0,0,0,0
274.079,0.8238,0,0,0,0
274.112,0.8238,0,0,0,0
274.149,0.8238,0,0,0,0
274.180,0.8238,0,0,0,0
274.212,0.8238,0,0,0,0
274.246,0.8238,0,0,0,0
274.280,0.8238,0,0,0,0
274.312,0.8238,0,0,0,0
274.342,0.8238,0,0,0,0
274.380,0.8238,0,0,0,0
274.414,0.8238,0,0,0,0
274.447,0.8238,0,0,0,0
274.480,0.8238,0,0,0,0
274.513,0.8238,0,0,0,0
274.545,0.8238,0,0,0,0
274.582,0.8238,0,0,0,0
274.612,0.8238,0,0,0,0
274.645,0.8238,0,0,0,0
274.682,0.8238,0,0,0,0
274.714,0.8238,0,0,0,0
274.747,0.8238,0,0,0,0
274.780,0.8238,0,0,0,0
274.815,0.8238,0,0,0,0
274.847,0.8238,0,0,0,0
274.881,0.8238,0,0,0,0
274.913,0.8238,0,0,0,0
274.948,0.8238,0,0,0,0
274.980,0.8238,0,0,0,0
275.015,0.8238,0,0,0,0
275.046,0.8238,0,0,0,0
275.078,0.8238,0,0,0,0
275.113,0.8238,0,0,0,0
275.148,0.8238,0,0,0,0
275.179,0.8238,0,0,0,0
275.214,0.8238,0,0,0,0
275.247,0.8238,0,0,0,0
275.282,0.8238,0,0,0,0
275.314,0.8238,0,0,0,0
275.346,0.8238,0,0,0,0
275.379,0.8238,0,0,0,0
275.411,0.8238,0,0,0,0
275.448,0.8238,0,0,0,0
275.480,0.8238,0,0,0,0
275.513,0.8238,0,0,0,0
275.548,0.8238,0,0,0,0
275.579,0.8238,0,0,0,0
275.615,0.8238,0,0,0,0
275.647,0.8238,0,0,0,0
275.678,0.8238,0,0,0,0
275.714,0.8238,0,0,0,0
275.749,0.8238,0,0,0,0
275.780,0.8238,0,0,0,0
275.812,0.8238,0,0,0,0
275.843,0.8238,0,0,0,0
275.880,0.8238,0,0,0,0
275.914,0.8238,0,0,0,0
275.946,0.8238,0,0,0,0
275.979,0.8238,0,0,0,0
276.015,0.8238,0,0,0,0
276.046,0.8238,0,0,0,0
276.082,0.8238,0,0,0,0
276.114,0.8238,0,0,0,0
276.146,0.8238,0,0,0,0
276.183,0.8238,0,0,0,0
276.214,0.8238,0,0,0,0
276.246,0.8238,0,0,0,0
276.282,0.8238,0,0,0,0
276.313,0.8238,0,0,0,0
276.348,0.8238,0,0,0,0
276.379,0.8238,0,0,0,0
276.414,0.8238,0,0,0,0
276.449,0.8238,0,0,0,0
276.480,0.8238,0,0,0,0
276.515,0.8238,0,0,0,0
276.546,0.8238,0,0,0,0
276.581,0.8238,0,0,0,0
276.613,0.8238,0,0,0,0
276.642,0.8238,0,0,0,0
276.679,0.8238,0,0,0,0
276.714,0.8238,0,0,0,0
276.747,0.8238,0,0,0,0
276.778,0.8238,0,0,0,0
276.814,0.8238,0,0,0,0
276.845,0.8238,0,0,0,0
276.882,0.8238,0,0,0,0
276.913,0.8238,0,0,0,0
276.950,0.8238,0,0,0,0
276.981,0.8238,0,0,0,0
277.016,0.8238,0,0,0,0
277.047,0.8238,0,0,0,0
277.078,0.8238,0,0,0,0
277.114,0.8238,0,0,0,0
277.149,0.8238,0,0,0,0
277.181,0.8238,0,0,0,0
277.212,0.8238,0,0,0,0
277.247,0.8238,0,0,0,0
277.279,0.8238,0,0,0,0
277.315,0.8238,0,0,0,0
277.346,0.8238,0,0,0,0
277.381,0.8238,0,0,0,0
277.413,0.8238,0,0,0,0
277.450,0.8238,0,0,0,0
277.480,0.8238,0,0,0,0
277.513,0.8238,0,0,0,0
277.548,0.8238,0,0,0,0
277.581,0.8238,0,0,0,0
277.614,0.8238,0,0,0,0
277.648,0.8238,0,0,0,0
277.680,0.8238,0,0,0,0
277.712,0.8238,0,0,0,0
277.748,0.8238,0,0,0,0
277.779,0.8238,0,0,0,0
277.814,0.8238,0,0,0,0
277.847,0.8238,0,0,0,0
277.882,0.8238,0,0,0,0
277.911,0.8238,0,0,0,0
277.947,0.8238,0,0,0,0
277.980,0.8238,0,0,0,0
278.016,0.8238,0,0,0,0
278.048,0.8238,0,0,0,0
278.079,0.8238,0,0,0,0
278.113,0.8238,0,0,0,0
278.147,0.8238,0,0,0,0
278.183,0.8238,0,0,0,0
278.219,0.8238,0,0,0,0
278.252,0.8238,0,0,0,0
278.282,0.8238,0,0,0,0
278.315,0.8238,0,0,0,0
278.346,0.8238,0,0,0,0
278.380,0.8238,0,0,0,0
278.417,0.8238,0,0,0,0
278.446,0.8238,0,0,0,0
278.484,0.8238,0,0,0,0
278.515,0.8238,0,0,0,0
278.550,0.8238,0,0,0,0
278.581,0.8238,0,0,0,0
278.616,0.8238,0,0,0,0
278.649,0.8238,0,0,0,0
278.680,0.8238,0,0,0,0
278.714,0.8238,0,0,0,0
278.748,0.8238,0,0,0,0
278.780,0.8238,0,0,0,0
278.812,0.8238,0,0,0,0
278.848,0.8238,0,0,0,0
278.882,0.8238,0,0,0,0
278.913,0.8238,0,0,0,0
278.946,0.8238,0,0,0,0
278.980,0.8238,0,0,0,0
279.013,0.8238,0,0,0,0
279.049,0.8238,0,0,0,0
279.081,0.8238,0,0,0,0
279.114,0.8238,0,0,0,0
279.148,0.8238,0,0,0,0
279.181,0.8238,0,0,0,0
279.215,0.8238,0,0,0,0
279.246,0.8238,0,0,0,0
279.279,0.8238,0,0,0,0
279.314,0.8238,0,0,0,0
279.346,0.8238,0,0,0,0
279.381,0.8238,0,0,0,0
279.415,0.8238,0,0,0,0
279.447,0.8238,0,0,0,0
279.482,0.8238,0,0,0,0
279.515,0.8238,0,0,0,0
279.548,0.8238,0,0,0,0
279.581,0.8238,0,0,0,0
279.615,0.8238,0,0,0,0
279.648,0.8238,0,0,0,0
279.681,0.8238,0,0,0,0
279.714,0.8238,0,0,0,0
279.746,0.8238,0,0,0,0
279.782,0.8238,0,0,0,0
279.815,0.8238,0,0,0,0
279.847,0.8238,0,0,0,0
279.883,0.8238,0,0,0,0
279.914,0.8238,0,0,0,0
279.949,0.8238,0,0,0,0
279.981,0.8238,0,0,0,0
280.014,0.8238,0,0,0,0
280.048,0.8238,0,0,0,0
280.081,0.8238,0,0,0,0
280.114,0.8238,0,0,0,0
280.148,0.8238,0,0,0,0
280.183,0.8238,0,0,0,0
280.214,0.8238,0,0,0,0
280.246,0.8238,0,0,0,0
280.280,0.8238,0,0,0,0
280.313,0.8238,0,0,0,0
280.346,0.8238,0,0,0,0
280.379,0.8238,0,0,0,0
280.414,0.8238,0,0,0,0
280.449,0.8238,0,0,0,0
280.481,0.8238,0,0,0,0
280.513,0.8238,0,0,0,0
280.548,0.8238,0,0,0,0
280.581,0.8238,0,0,0,0
280.614,0.8238,0,0,0,0
280.649,0.8238,0,0,0,0
280.680,0.8238,0,0,0,0
280.715,0.8238,0,0,0,0
280.748,0.8238,0,0,0,0
280.781,0.8238,0,0,0,0
280.813,0.8238,0,0,0,0
280.848,0.8238,0,0,0,0
280.880,0.8238,0,0,0,0
280.916,0.8238,0,0,0,0
280.948,0.8238,0,0,0,0
280.979,0.8238,0,0,0,0
281.013,0.8238,0,0,0,0
281.049,0.8238,0,0,0,0
281.078,0.8238,0,0,0,0
281.114,0.8238,0,0,0,0
281.148,0.8238,0,0,0,0
281.180,0.8238,0,0,0,0
281.215,0.8238,0,0,0,0
281.249,0.8238,0,0,0,0
281.280,0.8238,0,0,0,0
281.313,0.8238,0,0,0,0
281.349,0.8238,0,0,0,0
281.380,0.8238,0,0,0,0
281.413,0.8238,0,0,0,0
281.447,0.8238,0,0,0,0
281.482,0.8238,0,0,0,0
281.514,0.8238,0,0,0,0
281.549,0.8238,0,0,0,0
281.581,0.8238,0,0,0,0
281.616,0.8238,0,0,0,0
281.648,0.8238,0,0,0,0
281.680,0.8238,0,0,0,0
281.713,0.8238,0,0,0,0
281.747,0.8238,0,0,0,0
281.781,0.8238,0,0,0,0
281.814,0.8238,0,0,0,0
281.847,0.8238,0,0,0,0
281.895,0.8238,0,0,0,0
281.911,0.8238,0,0,0,0
281.946,0.8238,0,0,0,0
281.986,0.8238,0,0,0,0
282.015,0.8238,0,0,0,0
282.049,0.8238,0,0,0,0
282.083,0.8238,0,0,0,0
282.115,0.8238,0,0,0,0
282.148,0.8238,0,0,0,0
282.180,0.8238,0,0,0,0
282.215,0.8238,0,0,0,0
282.247,0.8238,0,0,0,0
282.280,0.8238,0,0,0,0
282.313,0.8238,0,0,0,0
282.345,0.8238,0,0,0,0
282.381,0.8238,0,0,0,0
282.413,0.8238,0,0,0,0
282.447,0.8238,0,0,0,0
282.481,0.8238,0,0,0,0
282.514,0.8238,0,0,0,0
282.547,0.8238,0,0,0,0
282.582,0.8238,0,0,0,0
282.615,0.8238,0,0,0,0
282.649,0.8238,0,0,0,0
282.682,0.8238,0,0,0,0
282.725,0.8238,0,0,0,0
282.740,0.8238,0,0,0,0
282.780,0.8238,0,0,0,0
282.849,0.8238,0,0,0,0
282.866,0.8238,0,0,0,0
282.892,0.8238,0,0,0,0
282.924,0.8238,0,0,0,0
282.957,0.8238,0,0,0,0
282.989,0.8238,0,0,0,0
283.023,0.8238,0,0,0,0
283.058,0.8238,0,0,0,0
283.091,0.8238,0,0,0,0
283.125,0.8238,0,0,0,0
283.160,0.8238,0,0,0,0
283.192,0.8238,0,0,0,0
283.225,0.8238,0,0,0,0
283.260,0.8238,0,0,0,0
283.291,0.8238,0,0,0,0
283.325,0.8238,0,0,0,0
283.359,0.8238,0,0,0,0
283.393,0.8238,0,0,0,0
283.426,0.8238,0,0,0,0
283.457,0.8238,0,0,0,0
283.490,0.8238,0,0,0,0
283.525,0.8238,0,0,0,0
283.560,0.8238,0,0,0,0
283.592,0.8238,0,0,0,0
283.624,0.8238,0,0,0,0
283.657,0.8238,0,0,0,0
283.692,0.8238,0,0,0,0
283.724,0.8238,0,0,0,0
283.760,0.8238,0,0,0,0
283.793,0.8238,0,0,0,0
283.826,0.8238,0,0,0,0
283.859,0.8238,0,0,0,0
283.891,0.8238,0,0,0,0
283.925,0.8238,0,0,0,0
283.958,0.8238,0,0,0,0
283.993,0.8238,0,0,0,0
284.026,0.8238,0,0,0,0
284.057,0.8238,0,0,0,0
284.091,0.8238,0,0,0,0
284.125,0.8238,0,0,0,0
284.159,0.8238,0,0,0,0
284.190,0.8238,0,0,0,0
284.223,0.8238,0,0,0,0
284.258,0.8238,0,0,0,0
284.292,0.8238,0,0,0,0
284.324,0.8238,0,0,0,0
284.357,0.8238,0,0,0,0
284.391,0.8238,0,0,0,0
284.423,0.8238,0,0,0,0
284.459,0.8238,0,0,0,0
284.491,0.8238,0,0,0,0
284.524,0.8238,0,0,0,0
284.559,0.8238,0,0,0,0
284.593,0.8238,0,0,0,0
284.624,0.8238,0,0,0,0
284.660,0.8238,0,0,0,0
284.692,0.8238,0,0,0,0
284.725,0.8238,0,0,0,0
284.760,0.8238,0,0,0,0
284.792,0.8238,0,0,0,0
284.824,0.8238,0,0,0,0
284.857,0.8238,0,0,0,0
284.892,0.8238,0,0,0,0
284.926,0.8238,0,0,0,0
284.959,0.8238,0,0,0,0
284.992,0.8238,0,0,0,0
285.025,0.8238,0,0,0,0
285.058,0.8238,0,0,0,0
285.091,0.8238,0,0,0,0
285.125,0.8238,0,0,0,0
285.159,0.8238,0,0,0,0
285.191,0.8238,0,0,0,0
285.223,0.8238,0,0,0,0
285.259,0.8238,0,0,0,0
285.291,0.8238,0,0,0,0
285.326,0.8238,0,0,0,0
285.358,0.8238,0,0,0,0
285.390,0.8238,0,0,0,0
285.425,0.8238,0,0,0,0
285.459,0.8238,0,0,0,0
285.490,0.8238,0,0,0,0
285.524,0.8238,0,0,0,0
285.560,0.8238,0,0,0,0
285.589,0.8238,0,0,0,0
285.627,0.8238,0,0,0,0
285.658,0.8238,0,0,0,0
285.697,0.8238,0,0,0,0
285.725,0.8238,0,0,0,0
285.758,0.8238,0,0,0,0
285.790,0.8238,0,0,0,0
285.825,0.8238,0,0,0,0
285.859,0.8238,0,0,0,0
285.893,0.8238,0,0,0,0
285.924,0.8238,0,0,0,0
285.957,0.8238,0,0,0,0
285.993,0.8238,0,0,0,0
286.026,0.8238,0,0,0,0
286.059,0.8238,0,0,0,0
286.091,0.8238,0,0,0,0
286.123,0.8238,0,0,0,0
286.159,0.8238,0,0,0,0
286.191,0.8238,0,0,0,0
286.226,0.8238,0,0,0,0
286.257,0.8238,0,0,0,0
286.290,0.8238,0,0,0,0
286.324,0.8238,0,0,0,0
286.360,0.8238,0,0,0,0
286.391,0.8238,0,0,0,0
286.427,0.8238,0,0,0,0
286.459,0.8238,0,0,0,0
286.493,0.8238,0,0,0,0
286.530,0.8238,0,0,0,0
286.558,0.8238,0,0,0,0
286.594,0.8238,0,0,0,0
286.625,0.8238,0,0,0,0
286.661,0.8238,0,0,0,0
286.690,0.8238,0,0,0,0
286.724,0.8238,0,0,0,0
286.757,0.8238,0,0,0,0
286.790,0.8238,0,0,0,0
286.824,0.8238,0,0,0,0
286.857,0.8238,0,0,0,0
286.890,0.8238,0,0,0,0
286.924,0.8238,0,0,0,0
286.957,0.8238,0,0,0,0
286.990,0.8238,0,0,0,0
287.027,0.8238,0,0,0,0
287.057,0.8238,0,0,0,0
287.092,0.8238,0,0,0,0
287.125,0.8238,0,0,0,0
287.158,0.8238,0,0,0,0
287.190,0.8238,0,0,0,0
287.226,0.8238,0,0,0,0
287.259,0.8238,0,0,0,0
287.293,0.8238,0,0,0,0
287.333,0.8238,0,0,0,0
287.357,0.8238,0,0,0,0
287.390,0.8238,0,0,0,0
287.423,0.8238,0,0,0,0
287.457,0.8238,0,0,0,0
287.489,0.8238,0,0,0,0
287.524,0.8238,0,0,0,0
287.560,0.8238,0,0,0,0
287.592,0.8238,0,0,0,0
287.625,0.8238,0,0,0,0
287.659,0.8238,0,0,0,0
287.692,0.8238,0,0,0,0
287.726,0.8238,0,0,0,0
287.759,0.8238,0,0,0,0
287.792,0.8238,0,0,0,0
287.825,0.8238,0,0,0,0
287.857,0.8238,0,0,0,0
287.893,0.8238,0,0,0,0
287.926,0.8238,0,0,0,0
287.958,0.8238,0,0,0,0
287.991,0.8238,0,0,0,0
288.027,0.8238,0,0,0,0
288.059,0.8238,0,0,0,0
288.092,0.8238,0,0,0,0
288.130,0.8238,0,0,0,0
288.158,0.8238,0,0,0,0
288.193,0.8238,0,0,0,0
288.224,0.8238,0,0,0,0
288.257,0.8238,0,0,0,0
288.292,0.8238,0,0,0,0
288.324,0.8238,0,0,0,0
288.358,0.8238,0,0,0,0
288.407,0.8238,0,0,0,0
288.439,0.8238,0,0,0,0
288.472,0.8238,0,0,0,0
288.504,0.8238,0,0,0,0
288.539,0.8238,0,0,0,0
288.572,0.8238,0,0,0,0
288.605,0.8238,0,0,0,0
288.639,0.8238,0,0,0,0
288.672,0.8238,0,0,0,0
288.706,0.8238,0,0,0,0
288.738,0.8238,0,0,0,0
288.772,0.8238,0,0,0,0
288.805,0.8238,0,0,0,0
288.838,0.8238,0,0,0,0
288.872,0.8238,0,0,0,0
288.906,0.8238,0,0,0,0
288.946,0.8238,0,0,0,0
288.971,0.8238,0,0,0,0
289.006,0.8238,0,0,0,0
289.053,0.8238,0,0,0,0
289.072,0.8238,0,0,0,0
289.105,0.8238,0,0,0,0
289.138,0.8238,0,0,0,0
289.174,0.8238,0,0,0,0
289.205,0.8238,0,0,0,0
289.238,0.8238,0,0,0,0
289.271,0.8238,0,0,0,0
289.306,0.8238,0,0,0,0
289.339,0.8238,0,0,0,0
289.370,0.8238,0,0,0,0
289.407,0.8238,0,0,0,0
289.441,0.8238,0,0,0,0
289.474,0.8238,0,0,0,0
289.507,0.8238,0,0,0,0
289.540,0.8238,0,0,0,0
289.572,0.8238,0,0,0,0
289.605,0.8238,0,0,0,0
289.641,0.8238,0,0,0,0
289.673,0.8238,0,0,0,0
289.705,0.8238,0,0,0,0
289.743,0.8238,0,0,0,0
289.771,0.8238,0,0,0,0
289.804,0.8238,0,0,0,0
289.838,0.8238,0,0,0,0
289.872,0.8238,0,0,0,0
289.905,0.8238,0,0,0,0
289.940,0.8238,0,0,0,0
289.973,0.8238,0,0,0,0
290.005,0.8238,0,0,0,0
290.039,0.8238,0,0,0,0
290.073,0.8238,0,0,0,0
290.106,0.8238,0,0,0,0
290.140,0.8238,0,0,0,0
290.173,0.8238,0,0,0,0
290.206,0.8238,0,0,0,0
290.239,0.8238,0,0,0,0
290.272,0.8238,0,0,0,0
290.305,0.8238,0,0,0,0
290.337,0.8238,0,0,0,0
290.373,0.8238,0,0,0,0
290.405,0.8238,0,0,0,0
290.441,0.8238,0,0,0,0
290.474,0.8238,0,0,0,0
290.507,0.8238,0,0,0,0
290.547,0.8238,0,0,0,0
290.572,0.8238,0,0,0,0
290.606,0.8238,0,0,0,0
290.639,0.8238,0,0,0,0
290.674,0.8238,0,0,0,0
290.705,0.8238,0,0,0,0
290.737,0.8238,0,0,0,0
290.774,0.8238,0,0,0,0
290.805,0.8238,0,0,0,0
290.841,0.8238,0,0,0,0
290.874,0.8238,0,0,0,0
290.904,0.8238,0,0,0,0
290.937,0.8238,0,0,0,0
291.020,0.8238,0,0,0,0
291.051,0.8238,0,0,0,0
291.066,0.8238,0,0,0,0
291.099,0.8238,0,0,0,0
291.132,0.8238,0,0,0,0
291.165,0.8238,0,0,0,0
291.198,0.8238,0,0,0,0
291.234,0.8238,0,0,0,0
291.267,0.8238,0,0,0,0
291.302,0.8238,0,0,0,0
291.334,0.8238,0,0,0,0
291.366,0.8238,0,0,0,0
291.398,0.8238,0,0,0,0
291.433,0.8238,0,0,0,0
291.467,0.8238,0,0,0,0
291.502,0.8238,0,0,0,0
291.531,0.8238,0,0,0,0
291.564,0.8238,0,0,0,0
291.602,0.8238,0,0,0,0
291.634,0.8238,0,0,0,0
291.666,0.8238,0,0,0,0
291.706,0.8238,0,0,0,0
291.732,0.8238,0,0,0,0
291.768,0.8238,0,0,0,0
291.798,0.8238,0,0,0,0
291.833,0.8238,0,0,0,0
291.867,0.8238,0,0,0,0
291.898,0.8238,0,0,0,0
291.934,0.8238,0,0,0,0
291.967,0.8238,0,0,0,0
291.999,0.8238,0,0,0,0
292.032,0.8238,0,0,0,0
292.068,0.8238,0,0,0,0
292.100,0.8238,0,0,0,0
292.135,0.8238,0,0,0,0
292.167,0.8238,0,0,0,0
292.205,0.8238,0,0,0,0
292.234,0.8238,0,0,0,0
292.265,0.8238,0,0,0,0
292.300,0.8238,0,0,0,0
292.332,0.8238,0,0,0,0
292.367,0.8238,0,0,0,0
292.399,0.8238,0,0,0,0
292.432,0.8238,0,0,0,0
292.469,0.8238,0,0,0,0
292.498,0.8238,0,0,0,0
292.535,0.8238,0,0,0,0
292.565,0.8238,0,0,0,0
292.601,0.8238,0,0,0,0
292.633,0.8238,0,0,0,0
292.667,0.8238,0,0,0,0
292.699,0.8238,0,0,0,0
292.735,0.8238,0,0,0,0
292.767,0.8238,0,0,0,0
292.800,0.8238,0,0,0,0
292.833,0.8238,0,0,0,0
292.867,0.8238,0,0,0,0
292.898,0.8238,0,0,0,0
292.934,0.8238,0,0,0,0
292.967,0.8238,0,0,0,0
292.999,0.8238,0,0,0,0
293.034,0.8238,0,0,0,0
293.068,0.8238,0,0,0,0
293.100,0.8238,0,0,0,0
293.133,0.8238,0,0,0,0
293.165,0.8238,0,0,0,0
293.201,0.8238,0,0,0,0
293.233,0.8238,0,0,0,0
293.266,0.8238,0,0,0,0
293.299,0.8238,0,0,0,0
293.333,0.8238,0,0,0,0
293.366,0.8238,0,0,0,0
293.400,0.8238,0,0,0,0
293.433,0.8238,0,0,0,0
293.466,0.8238,0,0,0,0
293.498,0.8238,0,0,0,0
293.532,0.8238,0,0,0,0
293.567,0.8238,0,0,0,0
293.600,0.8238,0,0,0,0
293.632,0.8238,0,0,0,0
293.667,0.8238,0,0,0,0
293.700,0.8238,0,0,0,0
293.731,0.8238,0,0,0,0
293.767,0.8238,0,0,0,0
293.800,0.8238,0,0,0,0
293.834,0.8238,0,0,0,0
293.866,0.8238,0,0,0,0
293.898,0.8238,0,0,0,0
293.933,0.8238,0,0,0,0
293.967,0.8238,0,0,0,0
294.001,0.8238,0,0,0,0
294.033,0.8238,0,0,0,0
294.065,0.8238,0,0,0,0
294.098,0.8238,0,0,0,0
294.131,0.8238,0,0,0,0
294.165,0.8238,0,0,0,0
294.198,0.8238,0,0,0,0
294.235,0.8238,0,0,0,0
294.268,0.8238,0,0,0,0
294.300,0.8238,0,0,0,0
294.334,0.8238,0,0,0,0
294.365,0.8238,0,0,0,0
294.399,0.8238,0,0,0,0
294.432,0.8238,0,0,0,0
294.467,0.8238,0,0,0,0
294.500,0.8238,0,0,0,0
294.533,0.8238,0,0,0,0
294.567,0.8238,0,0,0,0
294.599,0.8238,0,0,0,0
294.631,0.8238,0,0,0,0
294.671,0.8238,0,0,0,0
294.708,0.8238,0,0,0,0
294.735,0.8238,0,0,0,0
294.766,0.8238,0,0,0,0
294.803,0.8238,0,0,0,0
294.832,0.8238,0,0,0,0
294.868,0.8238,0,0,0,0
294.901,0.8238,0,0,0,0
294.934,0.8238,0,0,0,0
294.967,0.8238,0,0,0,0
295.000,0.8238,0,0,0,0
295.034,0.8238,0,0,0,0
295.065,0.8238,0,0,0,0
295.099,0.8238,0,0,0,0
295.133,0.8238,0,0,0,0
295.166,0.8238,0,0,0,0
295.199,0.8238,0,0,0,0
295.232,0.8238,0,0,0,0
295.268,0.8238,0,0,0,0
295.300,0.8238,0,0,0,0
295.333,0.8238,0,0,0,0
295.368,0.8238,0,0,0,0
295.400,0.8238,0,0,0,0
295.433,0.8238,0,0,0,0
295.465,0.8238,0,0,0,0
295.501,0.8238,0,0,0,0
295.531,0.8238,0,0,0,0
295.568,0.8238,0,0,0,0
295.601,0.8238,0,0,0,0
295.633,0.8238,0,0,0,0
295.667,0.8238,0,0,0,0
295.701,0.8238,0,0,0,0
295.732,0.8238,0,0,0,0
295.768,0.8238,0,0,0,0
295.800,0.8238,0,0,0,0
295.833,0.8238,0,0,0,0
295.869,0.8238,0,0,0,0
295.901,0.8238,0,0,0,0
295.935,0.8238,0,0,0,0
295.964,0.8238,0,0,0,0
296.001,0.8238,0,0,0,0
296.034,0.8238,0,0,0,0
296.066,0.8238,0,0,0,0
296.099,0.8238,0,0,0,0
296.135,0.8238,0,0,0,0
296.165,0.8238,0,0,0,0
296.200,0.8238,0,0,0,0
296.232,0.8238,0,0,0,0
296.265,0.8238,0,0,0,0
296.300,0.8238,0,0,0,0
296.333,0.8238,0,0,0,0
296.364,0.8238,0,0,0,0
296.401,0.8238,0,0,0,0
296.432,0.8238,0,0,0,0
296.466,0.8238,0,0,0,0
296.502,0.8238,0,0,0,0
296.532,0.8238,0,0,0,0
296.566,0.8238,0,0,0,0
296.600,0.8238,0,0,0,0
296.633,0.8238,0,0,0,0
296.667,0.8238,0,0,0,0
296.699,0.8238,0,0,0,0
296.732,0.8238,0,0,0,0
296.769,0.8238,0,0,0,0
296.801,0.8238,0,0,0,0
296.834,0.8238,0,0,0,0
296.866,0.8238,0,0,0,0
296.901,0.8238,0,0,0,0
296.932,0.8238,0,0,0,0
296.967,0.8238,0,0,0,0
297.001,0.8238,0,0,0,0
297.035,0.8238,0,0,0,0
297.066,0.8238,0,0,0,0
297.101,0.8238,0,0,0,0
297.132,0.8238,0,0,0,0
297.166,0.8238,0,0,0,0
297.199,0.8238,0,0,0,0
297.234,0.8238,0,0,0,0
297.265,0.8238,0,0,0,0
297.300,0.8238,0,0,0,0
297.332,0.8238,0,0,0,0
297.367,0.8238,0,0,0,0
297.399,0.8238,0,0,0,0
297.433,0.8238,0,0,0,0
297.467,0.8238,0,0,0,0
297.500,0.8238,0,0,0,0
297.533,0.8238,0,0,0,0
297.567,0.8238,0,0,0,0
297.600,0.8238,0,0,0,0
297.635,0.8238,0,0,0,0
297.668,0.8238,0,0,0,0
297.700,0.8238,0,0,0,0
297.734,0.8238,0,0,0,0
297.765,0.8238,0,0,0,0
297.799,0.8238,0,0,0,0
297.833,0.8238,0,0,0,0
297.868,0.8238,0,0,0,0
297.898,0.8238,0,0,0,0
297.933,0.8238,0,0,0,0
297.967,0.8238,0,0,0,0
297.999,0.8238,0,0,0,0
298.036,0.8238,0,0,0,0
298.067,0.8238,0,0,0,0
298.098,0.8238,0,0,0,0
298.135,0.8238,0,0,0,0
298.168,0.8238,0,0,0,0
298.200,0.8238,0,0,0,0
298.235,0.8238,0,0,0,0
298.267,0.8238,0,0,0,0
298.299,0.8238,0,0,0,0
298.332,0.8238,0,0,0,0
298.368,0.8238,0,0,0,0
298.400,0.8238,0,0,0,0
298.434,0.8238,0,0,0,0
298.467,0.8238,0,0,0,0
298.501,0.8238,0,0,0,0
298.532,0.8238,0,0,0,0
298.568,0.8238,0,0,0,0
298.599,0.8238,0,0,0,0
298.633,0.8238,0,0,0,0
298.668,0.8238,0,0,0,0
298.700,0.8238,0,0,0,0
298.734,0.8238,0,0,0,0
298.765,0.8238,0,0,0,0
298.800,0.8238,0,0,0,0
298.832,0.8238,0,0,0,0
298.867,0.8238,0,0,0,0
298.900,0.8238,0,0,0,0
298.935,0.8238,0,0,0,0
298.968,0.8238,0,0,0,0
299.002,0.8238,0,0,0,0
299.034,0.8238,0,0,0,0
299.065,0.8238,0,0,0,0
299.101,0.8238,0,0,0,0
299.133,0.8238,0,0,0,0
299.168,0.8238,0,0,0,0
299.200,0.8238,0,0,0,0
299.231,0.8238,0,0,0,0
299.266,0.8238,0,0,0,0
299.298,0.8238,0,0,0,0
299.334,0.8238,0,0,0,0
299.365,0.8238,0,0,0,0
299.401,0.8238,0,0,0,0
299.435,0.8238,0,0,0,0
299.466,0.8238,0,0,0,0
299.501,0.8238,0,0,0,0
299.532,0.8238,0,0,0,0
299.567,0.8238,0,0,0,0
299.599,0.8238,0,0,0,0
299.633,0.8238,0,0,0,0
299.668,0.8238,0,0,0,0
299.697,0.8238,0,0,0,0
299.732,0.8238,0,0,0,0
299.767,0.8238,0,0,0,0
299.801,0.8238,0,0,0,0
299.832,0.8238,0,0,0,0
299.866,0.8238,0,0,0,0
299.901,0.8238,0,0,0,0
299.932,0.8238,0,0,0,0
299.968,0.8238,0,0,0,0
300.001,0.8238,0,0,0,0
300.032,0.8238,0,0,0,0
300.068,0.8238,0,0,0,0
300.099,0.8238,0,0,0,0
300.134,0.8238,0,0,0,0
300.166,0.8238,0,0,0,0
300.201,0.8238,0,0,0,0
300.236,0.8238,0,0,0,0
300.267,0.8238,0,0,0,0
300.299,0.8238,0,0,0,0
300.334,0.8238,0,0,0,0
300.365,0.8238,0,0,0,0
300.400,0.8238,0,0,0,0
300.435,0.8238,0,0,0,0
300.466,0.8238,0,0,0,0
300.502,0.8238,0,0,0,0
300.534,0.8238,0,0,0,0
300.568,0.8238,0,0,0,0
300.599,0.8238,0,0,0,0
300.633,0.8238,0,0,0,0
300.667,0.8238,0,0,0,0
300.701,0.8238,0,0,0,0
300.733,0.8238,0,0,0,0
300.765,0.8238,0,0,0,0
300.800,0.8238,0,0,0,0
300.832,0.8238,0,0,0,0
300.867,0.8238,0,0,0,0
300.902,0.8238,0,0,0,0
300.933,0.8238,0,0,0,0
300.965,0.8238,0,0,0,0
301.000,0.8238,0,0,0,0
301.032,0.8238,0,0,0,0
301.067,0.8238,0,0,0,0
301.098,0.8238,0,0,0,0
301.134,0.8238,0,0,0,0
301.166,0.8238,0,0,0,0
301.201,0.8238,0,0,0,0
301.232,0.8238,0,0,0,0
301.267,0.8238,0,0,0,0
301.299,0.8238,0,0,0,0
301.335,0.8238,0,0,0,0
301.366,0.8238,0,0,0,0
301.399,0.8238,0,0,0,0
301.433,0.8238,0,0,0,0
301.468,0.8238,0,0,0,0
301.501,0.8238,0,0,0,0
301.534,0.8238,0,0,0,0
301.566,0.8238,0,0,0,0
301.601,0.8238,0,0,0,0
301.633,0.8238,0,0,0,0
301.666,0.8238,0,0,0,0
301.701,0.8238,0,0,0,0
301.733,0.8238,0,0,0,0
301.768,0.8238,0,0,0,0
301.799,0.8238,0,0,0,0
301.834,0.8238,0,0,0,0
301.866,0.8238,0,0,0,0
301.901,0.8238,0,0,0,0
301.932,0.8238,0,0,0,0
301.966,0.8238,0,0,0,0
302.001,0.8238,0,0,0,0
302.033,0.8238,0,0,0,0
302.067,0.8238,0,0,0,0
302.099,0.8238,0,0,0,0
302.134,0.8238,0,0,0,0
302.166,0.8238,0,0,0,0
302.201,0.8238,0,0,0,0
302.232,0.8238,0,0,0,0
302.265,0.8238,0,0,0,0
302.300,0.8238,0,0,0,0
302.331,0.8238,0,0,0,0
302.368,0.8238,0,0,0,0
302.401,0.8238,0,0,0,0
302.435,0.8238,0,0,0,0
302.468,0.8238,0,0,0,0
302.501,0.8238,0,0,0,0
302.534,0.8238,0,0,0,0
302.567,0.8238,0,0,0,0
302.599,0.8238,0,0,0,0
302.635,0.8238,0,0,0,0
302.667,0.8238,0,0,0,0
302.699,0.8238,0,0,0,0
302.734,0.8238,0,0,0,0
302.765,0.8238,0,0,0,0
302.801,0.8238,0,0,0,0
302.833,0.8238,0,0,0,0
302.867,0.8238,0,0,0,0
302.899,0.8238,0,0,0,0
302.934,0.8238,0,0,0,0
302.966,0.8238,0,0,0,0
303.001,0.8238,0,0,0,0
303.032,0.8238,0,0,0,0
303.067,0.8238,0,0,0,0
303.096,0.8238,0,0,0,0
303.133,0.8238,0,0,0,0
303.166,0.8238,0,0,0,0
303.200,0.8238,0,0,0,0
303.234,0.8238,0,0,0,0
303.266,0.8238,0,0,0,0
303.301,0.8238,0,0,0,0
303.334,0.8238,0,0,0,0
303.366,0.8238,0,0,0,0
303.398,0.8238,0,0,0,0
303.434,0.8238,0,0,0,0
303.466,0.8238,0,0,0,0
303.501,0.8238,0,0,0,0
303.533,0.8238,0,0,0,0
303.567,0.8238,0,0,0,0
303.599,0.8238,0,0,0,0
303.633,0.8238,0,0,0,0
303.668,0.8238,0,0,0,0
303.702,0.8238,0,0,0,0
303.732,0.8238,0,0,0,0
303.767,0.8238,0,0,0,0
303.798,0.8238,0,0,0,0
303.833,0.8238,0,0,0,0
303.866,0.8238,0,0,0,0
303.900,0.8238,0,0,0,0
303.936,0.8238,0,0,0,0
303.967,0.8238,0,0,0,0
303.999,0.8238,0,0,0,0
304.035,0.8238,0,0,0,0
304.067,0.8238,0,0,0,0
304.099,0.8238,0,0,0,0
304.135,0.8238,0,0,0,0
304.167,0.8238,0,0,0,0
304.199,0.8238,0,0,0,0
304.233,0.8238,0,0,0,0
304.268,0.8238,0,0,0,0
304.299,0.8238,0,0,0,0
304.333,0.8238,0,0,0,0
304.366,0.8238,0,0,0,0
304.399,0.8238,0,0,0,0
304.431,0.8238,0,0,0,0
304.468,0.8238,0,0,0,0
304.500,0.8238,0,0,0,0
304.532,0.8238,0,0,0,0
304.568,0.8238,0,0,0,0
304.599,0.8238,0,0,0,0
304.633,0.8238,0,0,0,0
304.667,0.8238,0,0,0,0
304.699,0.8238,0,0,0,0
304.734,0.8238,0,0,0,0
304.766,0.8238,0,0,0,0
304.801,0.8238,0,0,0,0
304.833,0.8238,0,0,0,0
304.868,0.8238,0,0,0,0
304.899,0.8238,0,0,0,0
304.935,0.8238,0,0,0,0
304.966,0.8238,0,0,0,0
304.998,0.8238,0,0,0,0
305.034,0.8238,0,0,0,0
305.065,0.8238,0,0,0,0
305.100,0.8238,0,0,0,0
305.132,0.8238,0,0,0,0
305.167,0.8238,0,0,0,0
305.198,0.8238,0,0,0,0
305.233,0.8238,0,0,0,0
305.268,0.8238,0,0,0,0
305.298,0.8238,0,0,0,0
305.333,0.8238,0,0,0,0
305.368,0.8238,0,0,0,0
305.404,0.8238,0,0,0,0
305.433,0.8238,0,0,0,0
305.466,0.8238,0,0,0,0
305.500,0.8238,0,0,0,0
305.534,0.8238,0,0,0,0
305.567,0.8238,0,0,0,0
305.600,0.8238,0,0,0,0
305.632,0.8238,0,0,0,0
305.667,0.8238,0,0,0,0
305.699,0.8238,0,0,0,0
305.735,0.8238,0,0,0,0
305.766,0.8238,0,0,0,0
305.798,0.8238,0,0,0,0
305.834,0.8238,0,0,0,0
305.865,0.8238,0,0,0,0
305.902,0.8238,0,0,0,0
305.932,0.8238,0,0,0,0
305.968,0.8238,0,0,0,0
306.002,0.8238,0,0,0,0
306.033,0.8238,0,0,0,0
306.069,0.8238,0,0,0,0
306.100,0.8238,0,0,0,0
306.135,0.8238,0,0,0,0
306.169,0.8238,0,0,0,0
306.203,0.8238,0,0,0,0
306.234,0.8238,0,0,0,0
306.267,0.8238,0,0,0,0
306.300,0.8238,0,0,0,0
306.334,0.8238,0,0,0,0
306.365,0.8238,0,0,0,0
306.399,0.8238,0,0,0,0
306.431,0.8238,0,0,0,0
306.466,0.8238,0,0,0,0
306.498,0.8238,0,0,0,0
306.535,0.8238,0,0,0,0
306.567,0.8238,0,0,0,0
306.601,0.8238,0,0,0,0
306.633,0.8238,0,0,0,0
306.668,0.8238,0,0,0,0
306.701,0.8238,0,0,0,0
306.731,0.8238,0,0,0,0
306.766,0.8238,0,0,0,0
306.800,0.8238,0,0,0,0
306.835,0.8238,0,0,0,0
306.866,0.8238,0,0,0,0
306.902,0.8238,0,0,0,0
306.932,0.8238,0,0,0,0
306.967,0.8238,0,0,0,0
307.005,0.8238,0,0,0,0
307.032,0.8238,0,0,0,0
307.066,0.8238,0,0,0,0
307.099,0.8238,0,0,0,0
307.132,0.8238,0,0,0,0
307.167,0.8238,0,0,0,0
307.199,0.8238,0,0,0,0
307.235,0.8238,0,0,0,0
307.266,0.8238,0,0,0,0
307.298,0.8238,0,0,0,0
307.334,0.8238,0,0,0,0
307.366,0.8238,0,0,0,0
307.401,0.8238,0,0,0,0
307.433,0.8238,0,0,0,0
307.466,0.8238,0,0,0,0
307.500,0.8238,0,0,0,0
307.535,0.8238,0,0,0,0
307.566,0.8238,0,0,0,0
307.601,0.8238,0,0,0,0
307.635,0.8238,0,0,0,0
307.666,0.8238,0,0,0,0
307.701,0.8238,0,0,0,0
307.733,0.8238,0,0,0,0
307.770,0.8238,0,0,0,0
307.800,0.8238,0,0,0,0
307.834,0.8238,0,0,0,0
307.867,0.8238,0,0,0,0
307.898,0.8238,0,0,0,0
307.933,0.8238,0,0,0,0
307.965,0.8238,0,0,0,0
308.001,0.8238,0,0,0,0
308.033,0.8238,0,0,0,0
308.065,0.8238,0,0,0,0
308.102,0.8238,0,0,0,0
308.131,0.8238,0,0,0,0
308.166,0.8238,0,0,0,0
308.198,0.8238,0,0,0,0
308.234,0.8238,0,0,0,0
308.266,0.8238,0,0,0,0
308.301,0.8238,0,0,0,0
308.335,0.8238,0,0,0,0
308.367,0.8238,0,0,0,0
308.402,0.8238,0,0,0,0
308.433,0.8238,0,0,0,0
308.468,0.8238,0,0,0,0
308.499,0.8238,0,0,0,0
308.535,0.8238,0,0,0,0
308.566,0.8238,0,0,0,0
308.599,0.8238,0,0,0,0
308.635,0.8238,0,0,0,0
308.668,0.8238,0,0,0,0
308.699,0.8238,0,0,0,0
308.735,0.8238,0,0,0,0
308.767,0.8238,0,0,0,0
308.799,0.8238,0,0,0,0
308.835,0.8238,0,0,0,0
308.868,0.8238,0,0,0,0
308.900,0.8238,0,0,0,0
308.932,0.8238,0,0,0,0
308.968,0.8238,0,0,0,0
308.999,0.8238,0,0,0,0
309.035,0.8238,0,0,0,0
309.066,0.8238,0,0,0,0
309.098,0.8238,0,0,0,0
309.134,0.8238,0,0,0,0
309.167,0.8238,0,0,0,0
309.199,0.8238,0,0,0,0
309.233,0.8238,0,0,0,0
309.268,0.8238,0,0,0,0
309.300,0.8238,0,0,0,0
309.335,0.8238,0,0,0,0
309.367,0.8238,0,0,0,0
309.400,0.8238,0,0,0,0
309.432,0.8238,0,0,0,0
309.466,0.8238,0,0,0,0
309.501,0.8238,0,0,0,0
309.532,0.8238,0,0,0,0
309.567,0.8238,0,0,0,0
309.600,0.8238,0,0,0,0
309.635,0.8238,0,0,0,0
309.667,0.8238,0,0,0,0
309.703,0.8238,0,0,0,0
309.734,0.8238,0,0,0,0
309.766,0.8238,0,0,0,0
309.802,0.8238,0,0,0,0
309.832,0.8238,0,0,0,0
309.868,0.8238,0,0,0,0
309.899,0.8238,0,0,0,0
309.934,0.8238,0,0,0,0
309.965,0.8238,0,0,0,0
310.000,0.8238,0,0,0,0
310.035,0.8238,0,0,0,0
310.066,0.8238,0,0,0,0
310.102,0.8238,0,0,0,0
310.133,0.8238,0,0,0,0
310.165,0.8238,0,0,0,0
310.209,0.8238,0,0,0,0
310.233,0.8238,0,0,0,0
310.266,0.8238,0,0,0,0
310.298,0.8238,0,0,0,0
310.332,0.8238,0,0,0,0
310.366,0.8238,0,0,0,0
310.401,0.8238,0,0,0,0
310.433,0.8238,0,0,0,0
310.469,0.8238,0,0,0,0
310.501,0.8238,0,0,0,0
310.533,0.8238,0,0,0,0
310.569,0.8238,0,0,0,0
310.601,0.8238,0,0,0,0
310.633,0.8238,0,0,0,0
310.668,0.8238,0,0,0,0
310.699,0.8238,0,0,0,0
310.735,0.8238,0,0,0,0
310.766,0.8238,0,0,0,0
310.800,0.8238,0,0,0,0
310.835,0.8238,0,0,0,0
310.867,0.8238,0,0,0,0
310.901,0.8238,0,0,0,0
310.932,0.8238,0,0,0,0
310.967,0.8238,0,0,0,0
310.999,0.8238,0,0,0,0
311.032,0.8238,0,0,0,0
311.066,0.8238,0,0,0,0
311.099,0.8238,0,0,0,0
311.133,0.8238,0,0,0,0
311.169,0.8238,0,0,0,0
311.200,0.8238,0,0,0,0
311.233,0.8238,0,0,0,0
311.269,0.8238,0,0,0,0
311.301,0.8238,0,0,0,0
311.332,0.8238,0,0,0,0
311.368,0.8238,0,0,0,0
311.400,0.8238,0,0,0,0
311.435,0.8238,0,0,0,0
311.467,0.8238,0,0,0,0
311.501,0.8238,0,0,0,0
311.532,0.8238,0,0,0,0
311.567,0.8238,0,0,0,0
311.598,0.8238,0,0,0,0
311.632,0.8238,0,0,0,0
311.665,0.8238,0,0,0,0
311.698,0.8238,0,0,0,0
311.734,0.8238,0,0,0,0
311.765,0.8238,0,0,0,0
311.799,0.8238,0,0,0,0
311.831,0.8238,0,0,0,0
311.867,0.8238,0,0,0,0
311.900,0.8238,0,0,0,0
311.934,0.8238,0,0,0,0
311.969,0.8238,0,0,0,0
311.999,0.8238,0,0,0,0
312.033,0.8238,0,0,0,0
312.068,0.8238,0,0,0,0
312.098,0.8238,0,0,0,0
312.131,0.8238,0,0,0,0
312.167,0.8238,0,0,0,0
312.199,0.8238,0,0,0,0
312.234,0.8238,0,0,0,0
312.267,0.8238,0,0,0,0
312.298,0.8238,0,0,0,0
312.334,0.8238,0,0,0,0
312.365,0.8238,0,0,0,0
312.400,0.8238,0,0,0,0
312.432,0.8238,0,0,0,0
312.467,0.8238,0,0,0,0
312.502,0.8238,0,0,0,0
312.532,0.8238,0,0,0,0
312.567,0.8238,0,0,0,0
312.598,0.8238,0,0,0,0
312.634,0.8238,0,0,0,0
312.665,0.8238,0,0,0,0
312.701,0.8238,0,0,0,0
312.734,0.8238,0,0,0,0
312.766,0.8238,0,0,0,0
312.799,0.8238,0,0,0,0
312.834,0.8238,0,0,0,0
312.867,0.8238,0,0,0,0
312.899,0.8238,0,0,0,0
312.934,0.8238,0,0,0,0
312.966,0.8238,0,0,0,0
313.001,0.8238,0,0,0,0
313.033,0.8238,0,0,0,0
313.065,0.8238,0,0,0,0
313.101,0.8238,0,0,0,0
313.133,0.8238,0,0,0,0
313.165,0.8238,0,0,0,0
313.201,0.8238,0,0,0,0
313.232,0.8238,0,0,0,0
313.267,0.8238,0,0,0,0
313.299,0.8238,0,0,0,0
313.334,0.8238,0,0,0,0
313.366,0.8238,0,0,0,0
313.401,0.8238,0,0,0,0
313.432,0.8238,0,0,0,0
313.468,0.8238,0,0,0,0
313.499,0.8238,0,0,0,0
313.531,0.8238,0,0,0,0
313.567,0.8238,0,0,0,0
313.599,0.8238,0,0,0,0
313.633,0.8238,0,0,0,0
313.667,0.8238,0,0,0,0
313.700,0.8238,0,0,0,0
313.736,0.8238,0,0,0,0
313.768,0.8238,0,0,0,0
313.801,0.8238,0,0,0,0
313.835,0.8238,0,0,0,0
313.867,0.8238,0,0,0,0
313.899,0.8238,0,0,0,0
313.935,0.8238,0,0,0,0
313.966,0.8238,0,0,0,0
314.001,0.8238,0,0,0,0
314.032,0.8238,0,0,0,0
314.067,0.8238,0,0,0,0
314.102,0.8238,0,0,0,0
314.134,0.8238,0,0,0,0
314.168,0.8238,0,0,0,0
314.199,0.8238,0,0,0,0
314.234,0.8238,0,0,0,0
314.268,0.8238,0,0,0,0
314.299,0.8238,0,0,0,0
314.333,0.8238,0,0,0,0
314.374,0.8238,0,0,0,0
314.400,0.8238,0,0,0,0
314.435,0.8238,0,0,0,0
314.467,0.8238,0,0,0,0
314.500,0.8238,0,0,0,0
314.535,0.8238,0,0,0,0
314.566,0.8238,0,0,0,0
314.602,0.8238,0,0,0,0
314.635,0.8238,0,0,0,0
314.667,0.8238,0,0,0,0
314.700,0.8238,0,0,0,0
314.732,0.8238,0,0,0,0
314.768,0.8238,0,0,0,0
314.799,0.8238,0,0,0,0
314.835,0.8238,0,0,0,0
314.865,0.8238,0,0,0,0
314.902,0.8238,0,0,0,0
314.932,0.8238,0,0,0,0
314.968,0.8238,0,0,0,0
315.000,0.8238,0,0,0,0
315.032,0.8238,0,0,0,0
315.067,0.8238,0,0,0,0
315.099,0.8238,0,0,0,0
315.134,0.8238,0,0,0,0
315.165,0.8238,0,0,0,0
315.201,0.8238,0,0,0,0
315.234,0.8238,0,0,0,0
315.268,0.8238,0,0,0,0
315.299,0.8238,0,0,0,0
315.334,0.8238,0,0,0,0
315.365,0.8238,0,0,0,0
315.401,0.8238,0,0,0,0
315.433,0.8238,0,0,0,0
315.465,0.8238,0,0,0,0
315.502,0.8238,0,0,0,0
315.532,0.8238,0,0,0,0
315.565,0.8238,0,0,0,0
315.601,0.8238,0,0,0,0
315.633,0.8238,0,0,0,0
315.668,0.8238,0,0,0,0
315.699,0.8238,0,0,0,0
315.734,0.8238,0,0,0,0
315.769,0.8238,0,0,0,0
315.799,0.8238,0,0,0,0
315.834,0.8238,0,0,0,0
315.866,0.8238,0,0,0,0
315.900,0.8238,0,0,0,0
315.935,0.8238,0,0,0,0
315.967,0.8238,0,0,0,0
316.002,0.8238,0,0,0,0
316.032,0.8238,0,0,0,0
316.067,0.8238,0,0,0,0
316.101,0.8238,0,0,0,0
316.132,0.8238,0,0,0,0
316.168,0.8238,0,0,0,0
316.200,0.8238,0,0,0,0
316.235,0.8238,0,0,0,0
316.267,0.8238,0,0,0,0
316.299,0.8238,0,0,0,0
316.331,0.8238,0,0,0,0
316.368,0.8238,0,0,0,0
316.400,0.8238,0,0,0,0
316.431,0.8238,0,0,0,0
316.467,0.8238,0,0,0,0
316.502,0.8238,0,0,0,0
316.534,0.8238,0,0,0,0
316.565,0.8238,0,0,0,0
316.600,0.8238,0,0,0,0
316.634,0.8238,0,0,0,0
316.665,0.8238,0,0,0,0
316.698,0.8238,0,0,0,0
316.732,0.8238,0,0,0,0
316.767,0.8238,0,0,0,0
316.802,0.8238,0,0,0,0
316.834,0.8238,0,0,0,0
316.866,0.8238,0,0,0,0
316.900,0.8238,0,0,0,0
316.932,0.8238,0,0,0,0
316.965,0.8238,0,0,0,0
317.001,0.8238,0,0,0,0
317.034,0.8238,0,0,0,0
317.068,0.8238,0,0,0,0
317.099,0.8238,0,0,0,0
317.135,0.8238,0,0,0,0
317.167,0.8238,0,0,0,0
317.198,0.8238,0,0,0,0
317.234,0.8238,0,0,0,0
317.269,0.8238,0,0,0,0
317.301,0.8238,0,0,0,0
317.335,0.8238,0,0,0,0
317.367,0.8238,0,0,0,0
317.399,0.8238,0,0,0,0
317.433,0.8238,0,0,0,0
317.466,0.8238,0,0,0,0
317.501,0.8238,0,0,0,0
317.533,0.8238,0,0,0,0
317.566,0.8238,0,0,0,0
317.600,0.8238,0,0,0,0
317.631,0.8238,0,0,0,0
317.666,0.8238,0,0,0,0
317.699,0.8238,0,0,0,0
317.734,0.8238,0,0,0,0
317.766,0.8238,0,0,0,0
317.802,0.8238,0,0,0,0
317.835,0.8238,0,0,0,0
317.865,0.8238,0,0,0,0
317.899,0.8238,0,0,0,0
317.932,0.8238,0,0,0,0
317.967,0.8238,0,0,0,0
317.999,0.8238,0,0,0,0
318.033,0.8238,0,0,0,0
318.066,0.8238,0,0,0,0
318.104,0.8238,0,0,0,0
318.132,0.8238,0,0,0,0
318.166,0.8238,0,0,0,0
318.199,0.8238,0,0,0,0
318.234,0.8238,0,0,0,0
318.266,0.8238,0,0,0,0
318.301,0.8238,0,0,0,0
318.334,0.8238,0,0,0,0
318.365,0.8238,0,0,0,0
318.399,0.8238,0,0,0,0
318.433,0.8238,0,0,0,0
318.466,0.8238,0,0,0,0
318.499,0.8238,0,0,0,0
318.533,0.8238,0,0,0,0
318.565,0.8238,0,0,0,0
318.601,0.8238,0,0,0,0
318.632,0.8238,0,0,0,0
318.668,0.8238,0,0,0,0
318.699,0.8238,0,0,0,0
318.732,0.8238,0,0,0,0
318.765,0.8238,0,0,0,0
318.801,0.8238,0,0,0,0
318.835,0.8238,0,0,0,0
318.867,0.8238,0,0,0,0
318.900,0.8238,0,0,0,0
318.931,0.8238,0,0,0,0
318.967,0.8238,0,0,0,0
319.000,0.8238,0,0,0,0
319.032,0.8238,0,0,0,0
319.066,0.8238,0,0,0,0
319.099,0.8238,0,0,0,0
319.132,0.8238,0,0,0,0
319.169,0.8238,0,0,0,0
319.200,0.8238,0,0,0,0
319.232,0.8238,0,0,0,0
319.267,0.8238,0,0,0,0
319.299,0.8238,0,0,0,0
319.334,0.8238,0,0,0,0
319.365,0.8238,0,0,0,0
319.400,0.8238,0,0,0,0
319.431,0.8238,0,0,0,0
319.466,0.8238,0,0,0,0
319.501,0.8238,0,0,0,0
319.535,0.8238,0,0,0,0
319.568,0.8238,0,0,0,0
319.601,0.8238,0,0,0,0
319.632,0.8238,0,0,0,0
319.669,0.8238,0,0,0,0
319.700,0.8238,0,0,0,0
319.732,0.8238,0,0,0,0
319.767,0.8238,0,0,0,0
319.800,0.8238,0,0,0,0
319.835,0.8238,0,0,0,0
319.866,0.8238,0,0,0,0
319.902,0.8238,0,0,0,0
319.932,0.8238,0,0,0,0
319.967,0.8238,0,0,0,0
320.002,0.8238,0,0,0,0
320.033,0.8238,0,0,0,0
320.065,0.8238,0,0,0,0
320.100,0.8238,0,0,0,0
320.133,0.8238,0,0,0,0
320.165,0.8238,0,0,0,0
320.200,0.8238,0,0,0,0
320.235,0.8238,0,0,0,0
320.266,0.8238,0,0,0,0
320.300,0.8238,0,0,0,0
320.335,0.8238,0,0,0,0
320.367,0.8238,0,0,0,0
320.399,0.8238,0,0,0,0
320.434,0.8238,0,0,0,0
320.466,0.8238,0,0,0,0
320.502,0.8238,0,0,0,0
320.534,0.8238,0,0,0,0
320.565,0.8238,0,0,0,0
320.602,0.8238,0,0,0,0
320.634,0.8238,0,0,0,0
320.667,0.8238,0,0,0,0
320.702,0.8238,0,0,0,0
320.732,0.8238,0,0,0,0
320.768,0.8238,0,0,0,0
320.801,0.8238,0,0,0,0
320.833,0.8238,0,0,0,0
320.868,0.8238,0,0,0,0
320.898,0.8238,0,0,0,0
320.934,0.8238,0,0,0,0
320.966,0.8238,0,0,0,0
320.998,0.8238,0,0,0,0
321.034,0.8238,0,0,0,0
321.068,0.8238,0,0,0,0
321.100,0.8238,0,0,0,0
321.133,0.8238,0,0,0,0
321.167,0.8238,0,0,0,0
321.201,0.8238,0,0,0,0
321.232,0.8238,0,0,0,0
321.268,0.8238,0,0,0,0
321.300,0.8238,0,0,0,0
321.335,0.8238,0,0,0,0
321.366,0.8238,0,0,0,0
321.398,0.8238,0,0,0,0
321.432,0.8238,0,0,0,0
321.467,0.8238,0,0,0,0
321.499,0.8238,0,0,0,0
321.534,0.8238,0,0,0,0
321.567,0.8238,0,0,0,0
321.599,0.8238,0,0,0,0
321.636,0.8238,0,0,0,0
321.668,0.8238,0,0,0,0
321.698,0.8238,0,0,0,0
321.732,0.8238,0,0,0,0
321.766,0.8238,0,0,0,0
321.798,0.8238,0,0,0,0
322.132,0.8238,0,0,0,0
322.164,0.8238,0,0,0,0
322.189,0.8238,0,0,0,0
322.223,0.8238,0,0,0,0
322.255,0.8238,0,0,0,0
322.290,0.8238,0,0,0,0
322.322,0.8238,0,0,0,0
322.356,0.8238,0,0,0,0
322.389,0.8238,0,0,0,0
322.423,0.8238,0,0,0,0
322.455,0.8238,0,0,0,0
322.490,0.8238,0,0,0,0
322.522,0.8238,0,0,0,0
322.557,0.8238,0,0,0,0
322.589,0.8238,0,0,0,0
322.623,0.8238,0,0,0,0
322.655,0.8238,0,0,0,0
322.687,0.8238,0,0,0,0
322.722,0.8238,0,0,0,0
322.754,0.8238,0,0,0,0
322.789,0.8238,0,0,0,0
322.822,0.8238,0,0,0,0
322.856,0.8238,0,0,0,0
322.889,0.8238,0,0,0,0
322.921,0.8238,0,0,0,0
322.956,0.8238,0,0,0,0
322.989,0.8238,0,0,0,0
323.023,0.8238,0,0,0,0
323.057,0.8238,0,0,0,0
323.089,0.8238,0,0,0,0
323.123,0.8238,0,0,0,0
323.157,0.8238,0,0,0,0
323.188,0.8238,0,0,0,0
323.222,0.8238,0,0,0,0
323.254,0.8238,0,0,0,0
323.289,0.8238,0,0,0,0
323.320,0.8238,0,0,0,0
323.354,0.8238,0,0,0,0
323.387,0.8238,0,0,0,0
323.422,0.8238,0,0,0,0
323.456,0.8238,0,0,0,0
323.488,0.8238,0,0,0,0
323.520,0.8238,0,0,0,0
323.555,0.8238,0,0,0,0
323.590,0.8238,0,0,0,0
323.621,0.8238,0,0,0,0
323.656,0.8238,0,0,0,0
323.687,0.8238,0,0,0,0
323.723,0.8238,0,0,0,0
323.755,0.8238,0,0,0,0
323.788,0.8238,0,0,0,0
323.822,0.8238,0,0,0,0
323.855,0.8238,0,0,0,0
323.889,0.8238,0,0,0,0
323.923,0.8238,0,0,0,0
323.957,0.8238,0,0,0,0
323.990,0.8238,0,0,0,0
324.022,0.8238,0,0,0,0
324.055,0.8238,0,0,0,0
324.091,0.8238,0,0,0,0
324.122,0.8238,0,0,0,0
324.154,0.8238,0,0,0,0
324.190,0.8238,0,0,0,0
324.221,0.8238,0,0,0,0
324.257,0.8238,0,0,0,0
324.289,0.8238,0,0,0,0
324.322,0.8238,0,0,0,0
324.354,0.8238,0,0,0,0
324.389,0.8238,0,0,0,0
324.420,0.8238,0,0,0,0
324.458,0.8238,0,0,0,0
324.491,0.8238,0,0,0,0
324.523,0.8238,0,0,0,0
324.555,0.8238,0,0,0,0
324.588,0.8238,0,0,0,0
324.621,0.8238,0,0,0,0
324.658,0.8238,0,0,0,0
324.689,0.8238,0,0,0,0
324.722,0.8238,0,0,0,0
324.754,0.8238,0,0,0,0
324.790,0.8238,0,0,0,0
324.821,0.8238,0,0,0,0
324.854,0.8238,0,0,0,0
324.890,0.8238,0,0,0,0
324.922,0.8238,0,0,0,0
324.954,0.8238,0,0,0,0
324.992,0.8238,0,0,0,0
325.024,0.8238,0,0,0,0
325.057,0.8238,0,0,0,0
325.089,0.8238,0,0,0,0
325.121,0.8238,0,0,0,0
325.158,0.8238,0,0,0,0
325.187,0.8238,0,0,0,0
325.222,0.8238,0,0,0,0
325.256,0.8238,0,0,0,0
325.290,0.8238,0,0,0,0
325.327,0.8238,0,0,0,0
325.359,0.8238,0,0,0,0
325.391,0.8238,0,0,0,0
325.424,0.8238,0,0,0,0
325.457,0.8238,0,0,0,0
325.491,0.8238,0,0,0,0
325.523,0.8238,0,0,0,0
325.557,0.8238,0,0,0,0
325.590,0.8238,0,0,0,0
325.624,0.8238,0,0,0,0
325.657,0.8238,0,0,0,0
325.690,0.8238,0,0,0,0
325.722,0.8238,0,0,0,0
325.755,0.8238,0,0,0,0
325.791,0.8238,0,0,0,0
325.824,0.8238,0,0,0,0
325.856,0.8238,0,0,0,0
325.889,0.8238,0,0,0,0
325.921,0.8238,0,0,0,0
325.957,0.8238,0,0,0,0
325.989,0.8238,0,0,0,0
326.023,0.8238,0,0,0,0
326.055,0.8238,0,0,0,0
326.087,0.8238,0,0,0,0
326.123,0.8238,0,0,0,0
326.154,0.8238,0,0,0,0
326.190,0.8238,0,0,0,0
326.222,0.8238,0,0,0,0
326.254,0.8238,0,0,0,0
326.290,0.8238,0,0,0,0
326.323,0.8238,0,0,0,0
326.355,0.8238,0,0,0,0
326.388,0.8238,0,0,0,0
326.420,0.8238,0,0,0,0
326.457,0.8238,0,0,0,0
326.488,0.8238,0,0,0,0
326.523,0.8238,0,0,0,0
326.556,0.8238,0,0,0,0
326.587,0.8238,0,0,0,0
326.620,0.8238,0,0,0,0
326.656,0.8238,0,0,0,0
326.688,0.8238,0,0,0,0
326.720,0.8238,0,0,0,0
326.755,0.8238,0,0,0,0
326.789,0.8238,0,0,0,0
326.827,0.8238,0,0,0,0
326.852,0.8238,0,0,0,0
326.890,0.8238,0,0,0,0
326.923,0.8238,0,0,0,0
326.954,0.8238,0,0,0,0
326.991,0.8238,0,0,0,0
327.022,0.8238,0,0,0,0
327.055,0.8238,0,0,0,0
327.088,0.8238,0,0,0,0
327.121,0.8238,0,0,0,0
327.154,0.8238,0,0,0,0
327.187,0.8238,0,0,0,0
327.220,0.8238,0,0,0,0
327.254,0.8238,0,0,0,0
327.291,0.8238,0,0,0,0
327.322,0.8238,0,0,0,0
327.355,0.8238,0,0,0,0
327.388,0.8238,0,0,0,0
327.421,0.8238,0,0,0,0
327.455,0.8238,0,0,0,0
327.488,0.8238,0,0,0,0
327.521,0.8238,0,0,0,0
327.554,0.8238,0,0,0,0
327.589,0.8238,0,0,0,0
327.622,0.8238,0,0,0,0
327.656,0.8238,0,0,0,0
327.692,0.8238,0,0,0,0
327.728,0.8238,0,0,0,0
327.754,0.8238,0,0,0,0
327.787,0.8238,0,0,0,0
327.822,0.8238,0,0,0,0
327.857,0.8238,0,0,0,0
327.888,0.8238,0,0,0,0
327.922,0.8238,0,0,0,0
327.954,0.8238,0,0,0,0
327.990,0.8238,0,0,0,0
328.025,0.8238,0,0,0,0
328.055,0.8238,0,0,0,0
328.088,0.8238,0,0,0,0
328.124,0.8238,0,0,0,0
328.155,0.8238,0,0,0,0
328.191,0.8238,0,0,0,0
328.221,0.8238,0,0,0,0
328.257,0.8238,0,0,0,0
328.288,0.8238,0,0,0,0
328.323,0.8238,0,0,0,0
328.356,0.8238,0,0,0,0
328.392,0.8238,0,0,0,0
328.424,0.8238,0,0,0,0
328.457,0.8238,0,0,0,0
328.489,0.8238,0,0,0,0
328.522,0.8238,0,0,0,0
328.555,0.8238,0,0,0,0
328.589,0.8238,0,0,0,0
328.623,0.8238,0,0,0,0
328.656,0.8238,0,0,0,0
328.688,0.8238,0,0,0,0
328.724,0.8238,0,0,0,0
328.756,0.8238,0,0,0,0
328.787,0.8238,0,0,0,0
328.824,0.8238,0,0,0,0
328.854,0.8238,0,0,0,0
328.887,0.8238,0,0,0,0
328.920,0.8238,0,0,0,0
328.954,0.8238,0,0,0,0
328.987,0.8238,0,0,0,0
329.021,0.8238,0,0,0,0
329.057,0.8238,0,0,0,0
329.090,0.8238,0,0,0,0
329.122,0.8238,0,0,0,0
329.154,0.8238,0,0,0,0
329.190,0.8238,0,0,0,0
329.222,0.8238,0,0,0,0
329.254,0.8238,0,0,0,0
329.290,0.8238,0,0,0,0
329.322,0.8238,0,0,0,0
329.354,0.8238,0,0,0,0
329.391,0.8238,0,0,0,0
329.424,0.8238,0,0,0,0
329.457,0.8238,0,0,0,0
329.488,0.8238,0,0,0,0
329.522,0.8238,0,0,0,0
329.556,0.8238,0,0,0,0
329.591,0.8238,0,0,0,0
329.622,0.8238,0,0,0,0
329.657,0.8238,0,0,0,0
329.688,0.8238,0,0,0,0
329.721,0.8238,0,0,0,0
329.758,0.8238,0,0,0,0
329.791,0.8238,0,0,0,0
329.823,0.8238,0,0,0,0
329.855,0.8238,0,0,0,0
329.887,0.8238,0,0,0,0
329.921,0.8238,0,0,0,0
329.956,0.8238,0,0,0,0
329.990,0.8238,0,0,0,0
330.021,0.8238,0,0,0,0
330.054,0.8238,0,0,0,0
330.090,0.8238,0,0,0,0
330.121,0.8238,0,0,0,0
330.157,0.8238,0,0,0,0
330.188,0.8238,0,0,0,0
330.222,0.8238,0,0,0,0
330.255,0.8238,0,0,0,0
330.288,0.8238,0,0,0,0
330.322,0.8238,0,0,0,0
330.357,0.8238,0,0,0,0
330.389,0.8238,0,0,0,0
330.420,0.8238,0,0,0,0
330.456,0.8238,0,0,0,0
330.487,0.8238,0,0,0,0
330.523,0.8238,0,0,0,0
330.554,0.8238,0,0,0,0
330.591,0.8238,0,0,0,0
330.621,0.8238,0,0,0,0
330.657,0.8238,0,0,0,0
330.688,0.8238,0,0,0,0
330.723,0.8238,0,0,0,0
330.755,0.8238,0,0,0,0
330.790,0.8238,0,0,0,0
330.820,0.8238,0,0,0,0
330.856,0.8238,0,0,0,0
330.891,0.8238,0,0,0,0
330.922,0.8238,0,0,0,0
330.957,0.8238,0,0,0,0
330.989,0.8238,0,0,0,0
331.020,0.8238,0,0,0,0
331.056,0.8238,0,0,0,0
331.090,0.8238,0,0,0,0
331.121,0.8238,0,0,0,0
331.156,0.8238,0,0,0,0
331.190,0.8238,0,0,0,0
331.224,0.8238,0,0,0,0
331.255,0.8238,0,0,0,0
331.289,0.8238,0,0,0,0
331.321,0.8238,0,0,0,0
331.357,0.8238,0,0,0,0
331.388,0.8238,0,0,0,0
331.423,0.8238,0,0,0,0
331.456,0.8238,0,0,0,0
331.487,0.8238,0,0,0,0
331.523,0.8238,0,0,0,0
331.554,0.8238,0,0,0,0
331.590,0.8238,0,0,0,0
331.621,0.8238,0,0,0,0
331.656,0.8238,0,0,0,0
331.689,0.8238,0,0,0,0
331.724,0.8238,0,0,0,0
331.757,0.8238,0,0,0,0
331.788,0.8238,0,0,0,0
331.823,0.8238,0,0,0,0
331.855,0.8238,0,0,0,0
331.891,0.8238,0,0,0,0
331.924,0.8238,0,0,0,0
331.956,0.8238,0,0,0,0
331.986,0.8238,0,0,0,0
332.022,0.8238,0,0,0,0
332.055,0.8238,0,0,0,0
332.089,0.8238,0,0,0,0
332.122,0.8238,0,0,0,0
332.156,0.8238,0,0,0,0
332.191,0.8238,0,0,0,0
332.223,0.8238,0,0,0,0
332.254,0.8238,0,0,0,0
332.290,0.8238,0,0,0,0
332.322,0.8238,0,0,0,0
332.358,0.8238,0,0,0,0
332.390,0.8238,0,0,0,0
332.421,0.8238,0,0,0,0
332.457,0.8238,0,0,0,0
332.488,0.8238,0,0,0,0
332.520,0.8238,0,0,0,0
332.555,0.8238,0,0,0,0
332.590,0.8238,0,0,0,0
332.621,0.8238,0,0,0,0
332.657,0.8238,0,0,0,0
332.688,0.8238,0,0,0,0
332.724,0.8238,0,0,0,0
332.754,0.8238,0,0,0,0
332.789,0.8238,0,0,0,0
332.820,0.8238,0,0,0,0
332.857,0.8238,0,0,0,0
332.889,0.8238,0,0,0,0
332.923,0.8238,0,0,0,0
332.954,0.8238,0,0,0,0
332.989,0.8238,0,0,0,0
333.020,0.8238,0,0,0,0
333.057,0.8238,0,0,0,0
333.088,0.8238,0,0,0,0
333.124,0.8238,0,0,0,0
333.155,0.8238,0,0,0,0
333.190,0.8238,0,0,0,0
333.222,0.8238,0,0,0,0
333.254,0.8238,0,0,0,0
333.289,0.8238,0,0,0,0
333.324,0.8238,0,0,0,0
333.355,0.8238,0,0,0,0
333.389,0.8238,0,0,0,0
333.424,0.8238,0,0,0,0
333.455,0.8238,0,0,0,0
333.491,0.8238,0,0,0,0
333.522,0.8238,0,0,0,0
333.557,0.8238,0,0,0,0
333.589,0.8238,0,0,0,0
333.624,0.8238,0,0,0,0
333.655,0.8238,0,0,0,0
333.688,0.8238,0,0,0,0
333.721,0.8238,0,0,0,0
333.755,0.8238,0,0,0,0
333.789,0.8238,0,0,0,0
333.824,0.8238,0,0,0,0
333.857,0.8238,0,0,0,0
333.890,0.8238,0,0,0,0
333.922,0.8238,0,0,0,0
333.955,0.8238,0,0,0,0
333.987,0.8238,0,0,0,0
334.024,0.8238,0,0,0,0
334.055,0.8238,0,0,0,0
334.087,0.8238,0,0,0,0
334.123,0.8238,0,0,0,0
334.157,0.8238,0,0,0,0
334.189,0.8238,0,0,0,0
334.223,0.8238,0,0,0,0
334.254,0.8238,0,0,0,0
334.289,0.8238,0,0,0,0
334.324,0.8238,0,0,0,0
334.355,0.8238,0,0,0,0
334.387,0.8238,0,0,0,0
334.421,0.8238,0,0,0,0
334.458,0.8238,0,0,0,0
334.488,0.8238,0,0,0,0
334.520,0.8238,0,0,0,0
334.554,0.8238,0,0,0,0
334.589,0.8238,0,0,0,0
334.624,0.8238,0,0,0,0
334.654,0.8238,0,0,0,0
334.689,0.8238,0,0,0,0
334.724,0.8238,0,0,0,0
334.755,0.8238,0,0,0,0
334.791,0.8238,0,0,0,0
334.823,0.8238,0,0,0,0
334.855,0.8238,0,0,0,0
334.887,0.8238,0,0,0,0
334.923,0.8238,0,0,0,0
334.954,0.8238,0,0,0,0
334.990,0.8238,0,0,0,0
335.021,0.8238,0,0,0,0
335.056,0.8238,0,0,0,0
335.087,0.8238,0,0,0,0
335.122,0.8238,0,0,0,0
335.157,0.8238,0,0,0,0
335.188,0.8238,0,0,0,0
335.223,0.8238,0,0,0,0
335.255,0.8238,0,0,0,0
335.290,0.8238,0,0,0,0
335.321,0.8238,0,0,0,0
335.357,0.8238,0,0,0,0
335.388,0.8238,0,0,0,0
335.422,0.8238,0,0,0,0
335.454,0.8238,0,0,0,0
335.489,0.8238,0,0,0,0
335.522,0.8238,0,0,0,0
335.556,0.8238,0,0,0,0
335.589,0.8238,0,0,0,0
335.623,0.8238,0,0,0,0
335.654,0.8238,0,0,0,0
335.690,0.8238,0,0,0,0
335.723,0.8238,0,0,0,0
335.754,0.8238,0,0,0,0
335.791,0.8238,0,0,0,0
335.823,0.8238,0,0,0,0
335.856,0.8238,0,0,0,0
335.888,0.8238,0,0,0,0
335.922,0.8238,0,0,0,0
335.954,0.8238,0,0,0,0
335.989,0.8238,0,0,0,0
336.020,0.8238,0,0,0,0
336.054,0.8238,0,0,0,0
336.090,0.8238,0,0,0,0
336.122,0.8238,0,0,0,0
336.157,0.8238,0,0,0,0
336.189,0.8238,0,0,0,0
336.222,0.8238,0,0,0,0
336.256,0.8238,0,0,0,0
336.291,0.8238,0,0,0,0
336.322,0.8238,0,0,0,0
336.354,0.8238,0,0,0,0
336.388,0.8238,0,0,0,0
336.421,0.8238,0,0,0,0
336.457,0.8238,0,0,0,0
336.488,0.8238,0,0,0,0
336.523,0.8238,0,0,0,0
336.554,0.8238,0,0,0,0
336.590,0.8238,0,0,0,0
336.622,0.8238,0,0,0,0
336.656,0.8238,0,0,0,0
336.687,0.8238,0,0,0,0
336.724,0.8238,0,0,0,0
336.755,0.8238,0,0,0,0
336.790,0.8238,0,0,0,0
336.821,0.8238,0,0,0,0
336.856,0.8238,0,0,0,0
336.887,0.8238,0,0,0,0
336.923,0.8238,0,0,0,0
336.954,0.8238,0,0,0,0
336.986,0.8238,0,0,0,0
337.021,0.8238,0,0,0,0
337.054,0.8238,0,0,0,0
337.088,0.8238,0,0,0,0
337.122,0.8238,0,0,0,0
337.157,0.8238,0,0,0,0
337.188,0.8238,0,0,0,0
337.223,0.8238,0,0,0,0
337.255,0.8238,0,0,0,0
337.287,0.8238,0,0,0,0
337.323,0.8238,0,0,0,0
337.355,0.8238,0,0,0,0
337.391,0.8238,0,0,0,0
337.422,0.8238,0,0,0,0
337.455,0.8238,0,0,0,0
337.489,0.8238,0,0,0,0
337.521,0.8238,0,0,0,0
337.556,0.8238,0,0,0,0
337.587,0.8238,0,0,0,0
337.622,0.8238,0,0,0,0
337.656,0.8238,0,0,0,0
337.687,0.8238,0,0,0,0
337.722,0.8238,0,0,0,0
337.761,0.8238,0,0,0,0
337.791,0.8238,0,0,0,0
337.821,0.8238,0,0,0,0
337.855,0.8238,0,0,0,0
337.890,0.8238,0,0,0,0
337.922,0.8238,0,0,0,0
337.957,0.8238,0,0,0,0
337.989,0.8238,0,0,0,0
338.021,0.8238,0,0,0,0
338.057,0.8238,0,0,0,0
338.089,0.8238,0,0,0,0
338.125,0.8238,0,0,0,0
338.156,0.8238,0,0,0,0
338.191,0.8238,0,0,0,0
338.223,0.8238,0,0,0,0
338.255,0.8238,0,0,0,0
338.291,0.8238,0,0,0,0
338.321,0.8238,0,0,0,0
338.356,0.8238,0,0,0,0
338.389,0.8238,0,0,0,0
338.424,0.8238,0,0,0,0
338.455,0.8238,0,0,0,0
338.490,0.8238,0,0,0,0
338.523,0.8238,0,0,0,0
338.557,0.8238,0,0,0,0
338.590,0.8238,0,0,0,0
338.623,0.8238,0,0,0,0
338.654,0.8238,0,0,0,0
338.689,0.8238,0,0,0,0
338.721,0.8238,0,0,0,0
338.757,0.8238,0,0,0,0
338.789,0.8238,0,0,0,0
338.824,0.8238,0,0,0,0
338.856,0.8238,0,0,0,0
338.887,0.8238,0,0,0,0
338.923,0.8238,0,0,0,0
338.955,0.8238,0,0,0,0
338.990,0.8238,0,0,0,0
339.021,0.8238,0,0,0,0
339.056,0.8238,0,0,0,0
339.087,0.8238,0,0,0,0
339.124,0.8238,0,0,0,0
339.155,0.8238,0,0,0,0
339.189,0.8238,0,0,0,0
339.221,0.8238,0,0,0,0
339.255,0.8238,0,0,0,0
339.290,0.8238,0,0,0,0
339.323,0.8238,0,0,0,0
339.356,0.8238,0,0,0,0
339.388,0.8238,0,0,0,0
339.424,0.8238,0,0,0,0
339.454,0.8238,0,0,0,0
339.489,0.8238,0,0,0,0
339.521,0.8238,0,0,0,0
339.556,0.8238,0,0,0,0
339.588,0.8238,0,0,0,0
339.623,0.8238,0,0,0,0
339.654,0.8238,0,0,0,0
339.687,0.8238,0,0,0,0
339.723,0.8238,0,0,0,0
339.754,0.8238,0,0,0,0
339.789,0.8238,0,0,0,0
339.821,0.8238,0,0,0,0
339.857,0.8238,0,0,0,0
339.889,0.8238,0,0,0,0
339.924,0.8238,0,0,0,0
339.955,0.8238,0,0,0,0
339.991,0.8238,0,0,0,0
340.022,0.8238,0,0,0,0
340.054,0.8238,0,0,0,0
340.088,0.8238,0,0,0,0
340.122,0.8238,0,0,0,0
340.156,0.8238,0,0,0,0
340.188,0.8238,0,0,0,0
340.221,0.8238,0,0,0,0
340.256,0.8238,0,0,0,0
340.288,0.8238,0,0,0,0
340.323,0.8238,0,0,0,0
340.354,0.8238,0,0,0,0
340.389,0.8238,0,0,0,0
340.421,0.8238,0,0,0,0
340.457,0.8238,0,0,0,0
340.488,0.8238,0,0,0,0
340.520,0.8238,0,0,0,0
340.555,0.8238,0,0,0,0
340.590,0.8238,0,0,0,0
340.622,0.8238,0,0,0,0
340.657,0.8238,0,0,0,0
340.687,0.8238,0,0,0,0
340.723,0.8238,0,0,0,0
340.754,0.8238,0,0,0,0
340.790,0.8238,0,0,0,0
340.822,0.8238,0,0,0,0
340.857,0.8238,0,0,0,0
340.887,0.8238,0,0,0,0
340.921,0.8238,0,0,0,0
340.956,0.8238,0,0,0,0
340.989,0.8238,0,0,0,0
341.023,0.8238,0,0,0,0
341.055,0.8238,0,0,0,0
341.091,0.8238,0,0,0,0
341.122,0.8238,0,0,0,0
341.154,0.8238,0,0,0,0
341.190,0.8238,0,0,0,0
341.225,0.8238,0,0,0,0
341.256,0.8238,0,0,0,0
341.287,0.8238,0,0,0,0
341.324,0.8238,0,0,0,0
341.358,0.8238,0,0,0,0
341.389,0.8238,0,0,0,0
341.423,0.8238,0,0,0,0
341.454,0.8238,0,0,0,0
341.489,0.8238,0,0,0,0
341.521,0.8238,0,0,0,0
341.556,0.8238,0,0,0,0
341.587,0.8238,0,0,0,0
341.622,0.8238,0,0,0,0
341.654,0.8238,0,0,0,0
341.690,0.8238,0,0,0,0
341.721,0.8238,0,0,0,0
341.758,0.8238,0,0,0,0
341.789,0.8238,0,0,0,0
341.821,0.8238,0,0,0,0
341.857,0.8238,0,0,0,0
341.888,0.8238,0,0,0,0
341.922,0.8238,0,0,0,0
341.954,0.8238,0,0,0,0
341.990,0.8238,0,0,0,0
342.021,0.8238,0,0,0,0
342.056,0.8238,0,0,0,0
342.087,0.8238,0,0,0,0
342.122,0.8238,0,0,0,0
342.154,0.8238,0,0,0,0
342.189,0.8238,0,0,0,0
342.221,0.8238,0,0,0,0
342.256,0.8238,0,0,0,0
342.287,0.8238,0,0,0,0
342.323,0.8238,0,0,0,0
342.354,0.8238,0,0,0,0
342.389,0.8238,0,0,0,0
342.420,0.8238,0,0,0,0
342.458,0.8238,0,0,0,0
342.490,0.8238,0,0,0,0
342.524,0.8238,0,0,0,0
342.556,0.8238,0,0,0,0
342.589,0.8238,0,0,0,0
342.622,0.8238,0,0,0,0
342.655,0.8238,0,0,0,0
342.688,0.8238,0,0,0,0
342.721,0.8238,0,0,0,0
342.756,0.8238,0,0,0,0
342.788,0.8238,0,0,0,0
342.822,0.8238,0,0,0,0
342.855,0.8238,0,0,0,0
342.887,0.8238,0,0,0,0
342.923,0.8238,0,0,0,0
342.955,0.8238,0,0,0,0
342.988,0.8238,0,0,0,0
343.021,0.8238,0,0,0,0
343.055,0.8238,0,0,0,0
343.090,0.8238,0,0,0,0
343.123,0.8238,0,0,0,0
343.156,0.8238,0,0,0,0
343.190,0.8238,0,0,0,0
343.221,0.8238,0,0,0,0
343.256,0.8238,0,0,0,0
343.287,0.8238,0,0,0,0
343.323,0.8238,0,0,0,0
343.355,0.8238,0,0,0,0
343.390,0.8238,0,0,0,0
343.423,0.8238,0,0,0,0
343.455,0.8238,0,0,0,0
343.490,0.8238,0,0,0,0
343.522,0.8238,0,0,0,0
343.555,0.8238,0,0,0,0
343.588,0.8238,0,0,0,0
343.622,0.8238,0,0,0,0
343.658,0.8238,0,0,0,0
343.689,0.8238,0,0,0,0
343.721,0.8238,0,0,0,0
343.754,0.8238,0,0,0,0
343.789,0.8238,0,0,0,0
343.821,0.8238,0,0,0,0
343.856,0.8238,0,0,0,0
343.889,0.8238,0,0,0,0
343.922,0.8238,0,0,0,0
343.954,0.8238,0,0,0,0
343.989,0.8238,0,0,0,0
344.022,0.8238,0,0,0,0
344.056,0.8238,0,0,0,0
344.087,0.8238,0,0,0,0
344.123,0.8238,0,0,0,0
344.156,0.8238,0,0,0,0
344.191,0.8238,0,0,0,0
344.222,0.8238,0,0,0,0
344.255,0.8238,0,0,0,0
344.290,0.8238,0,0,0,0
344.321,0.8238,0,0,0,0
344.355,0.8238,0,0,0,0
344.390,0.8238,0,0,0,0
344.421,0.8238,0,0,0,0
344.457,0.8238,0,0,0,0
344.489,0.8238,0,0,0,0
344.521,0.8238,0,0,0,0
344.554,0.8238,0,0,0,0
344.590,0.8238,0,0,0,0
344.622,0.8238,0,0,0,0
344.654,0.8238,0,0,0,0
344.690,0.8238,0,0,0,0
344.720,0.8238,0,0,0,0
344.755,0.8238,0,0,0,0
344.787,0.8238,0,0,0,0
344.822,0.8238,0,0,0,0
344.854,0.8238,0,0,0,0
344.889,0.8238,0,0,0,0
344.920,0.8238,0,0,0,0
344.955,0.8238,0,0,0,0
344.990,0.8238,0,0,0,0
345.021,0.8238,0,0,0,0
345.056,0.8238,0,0,0,0
345.088,0.8238,0,0,0,0
345.121,0.8238,0,0,0,0
345.156,0.8238,0,0,0,0
345.187,0.8238,0,0,0,0
345.223,0.8238,0,0,0,0
345.255,0.8238,0,0,0,0
345.290,0.8238,0,0,0,0
345.321,0.8238,0,0,0,0
345.356,0.8238,0,0,0,0
345.389,0.8238,0,0,0,0
345.423,0.8238,0,0,0,0
345.454,0.8238,0,0,0,0
345.490,0.8238,0,0,0,0
345.522,0.8238,0,0,0,0
345.557,0.8238,0,0,0,0
345.589,0.8238,0,0,0,0
345.621,0.8238,0,0,0,0
345.656,0.8238,0,0,0,0
345.687,0.8238,0,0,0,0
345.723,0.8238,0,0,0,0
345.756,0.8238,0,0,0,0
345.791,0.8238,0,0,0,0
345.823,0.8238,0,0,0,0
345.854,0.8238,0,0,0,0
345.889,0.8238,0,0,0,0
345.923,0.8238,0,0,0,0
345.955,0.8238,0,0,0,0
345.988,0.8238,0,0,0,0
346.023,0.8238,0,0,0,0
346.057,0.8238,0,0,0,0
346.091,0.8238,0,0,0,0
346.121,0.8238,0,0,0,0
346.155,0.8238,0,0,0,0
346.188,0.8238,0,0,0,0
346.221,0.8238,0,0,0,0
346.255,0.8238,0,0,0,0
346.287,0.8238,0,0,0,0
346.320,0.8238,0,0,0,0
346.357,0.8238,0,0,0,0
346.391,0.8238,0,0,0,0
346.423,0.8238,0,0,0,0
346.455,0.8238,0,0,0,0
346.487,0.8238,0,0,0,0
346.524,0.8238,0,0,0,0
346.557,0.8238,0,0,0,0
346.589,0.8238,0,0,0,0
346.622,0.8238,0,0,0,0
346.658,0.8238,0,0,0,0
346.691,0.8238,0,0,0,0
346.723,0.8238,0,0,0,0
346.760,0.8238,0,0,0,0
346.787,0.8238,0,0,0,0
346.821,0.8238,0,0,0,0
346.855,0.8238,0,0,0,0
346.888,0.8238,0,0,0,0
346.922,0.8238,0,0,0,0
346.957,0.8238,0,0,0,0
346.989,0.8238,0,0,0,0
347.021,0.8238,0,0,0,0
347.058,0.8238,0,0,0,0
347.088,0.8238,0,0,0,0
347.124,0.8238,0,0,0,0
347.158,0.8238,0,0,0,0
347.189,0.8238,0,0,0,0
347.225,0.8238,0,0,0,0
347.255,0.8238,0,0,0,0
347.288,0.8238,0,0,0,0
347.324,0.8238,0,0,0,0
347.357,0.8238,0,0,0,0
347.390,0.8238,0,0,0,0
347.422,0.8238,0,0,0,0
347.455,0.8238,0,0,0,0
347.491,0.8238,0,0,0,0
347.523,0.8238,0,0,0,0
347.556,0.8238,0,0,0,0
347.588,0.8238,0,0,0,0
347.624,0.8238,0,0,0,0
347.657,0.8238,0,0,0,0
347.688,0.8238,0,0,0,0
347.721,0.8238,0,0,0,0
347.756,0.8238,0,0,0,0
347.790,0.8238,0,0,0,0
347.821,0.8238,0,0,0,0
347.857,0.8238,0,0,0,0
347.890,0.8238,0,0,0,0
347.923,0.8238,0,0,0,0
347.955,0.8238,0,0,0,0
347.989,0.8238,0,0,0,0
348.021,0.8238,0,0,0,0
348.054,0.8238,0,0,0,0
348.091,0.8238,0,0,0,0
348.124,0.8238,0,0,0,0
348.155,0.8238,0,0,0,0
348.188,0.8238,0,0,0,0
348.224,0.8238,0,0,0,0
348.254,0.8238,0,0,0,0
348.290,0.8238,0,0,0,0
348.322,0.8238,0,0,0,0
348.355,0.8238,0,0,0,0
348.389,0.8238,0,0,0,0
348.421,0.8238,0,0,0,0
348.457,0.8238,0,0,0,0
348.490,0.8238,0,0,0,0
348.531,0.8238,0,0,0,0
348.557,0.8238,0,0,0,0
348.590,0.8238,0,0,0,0
348.623,0.8238,0,0,0,0
348.657,0.8238,0,0,0,0
348.690,0.8238,0,0,0,0
348.722,0.8238,0,0,0,0
348.757,0.8238,0,0,0,0
348.789,0.8238,0,0,0,0
348.823,0.8238,0,0,0,0
348.857,0.8238,0,0,0,0
348.891,0.8238,0,0,0,0
348.924,0.8238,0,0,0,0
348.958,0.8238,0,0,0,0
348.989,0.8238,0,0,0,0
349.024,0.8238,0,0,0,0
349.058,0.8238,0,0,0,0
349.091,0.8238,0,0,0,0
349.123,0.8238,0,0,0,0
349.155,0.8238,0,0,0,0
349.191,0.8238,0,0,0,0
349.224,0.8238,0,0,0,0
349.256,0.8238,0,0,0,0
349.288,0.8238,0,0,0,0
349.324,0.8238,0,0,0,0
349.358,0.8238,0,0,0,0
349.387,0.8238,0,0,0,0
349.422,0.8238,0,0,0,0
349.455,0.8238,0,0,0,0
349.488,0.8238,0,0,0,0
349.522,0.8238,0,0,0,0
349.557,0.8238,0,0,0,0
349.589,0.8238,0,0,0,0
349.621,0.8238,0,0,0,0
349.654,0.8238,0,0,0,0
349.691,0.8238,0,0,0,0
349.723,0.8238,0,0,0,0
349.754,0.8238,0,0,0,0
349.788,0.8238,0,0,0,0
349.822,0.8238,0,0,0,0
349.855,0.8238,0,0,0,0
349.888,0.8238,0,0,0,0
349.921,0.8238,0,0,0,0
349.958,0.8238,0,0,0,0
349.990,0.8238,0,0,0,0
350.022,0.8238,0,0,0,0
350.054,0.8238,0,0,0,0
350.087,0.8238,0,0,0,0
350.125,0.8238,0,0,0,0
350.157,0.8238,0,0,0,0
350.190,0.8238,0,0,0,0
350.223,0.8238,0,0,0,0
350.255,0.8238,0,0,0,0
350.297,0.8238,0,0,0,0
350.323,0.8238,0,0,0,0
350.354,0.8238,0,0,0,0
350.388,0.8238,0,0,0,0
350.422,0.8238,0,0,0,0
350.457,0.8238,0,0,0,0
350.489,0.8238,0,0,0,0
350.521,0.8238,0,0,0,0
350.558,0.8238,0,0,0,0
350.591,0.8238,0,0,0,0
350.624,0.8238,0,0,0,0
350.658,0.8238,0,0,0,0
350.691,0.8238,0,0,0,0
350.724,0.8238,0,0,0,0
350.757,0.8238,0,0,0,0
350.791,0.8238,0,0,0,0
350.823,0.8238,0,0,0,0
350.856,0.8238,0,0,0,0
350.888,0.8238,0,0,0,0
350.921,0.8238,0,0,0,0
350.954,0.8238,0,0,0,0
350.990,0.8238,0,0,0,0
351.022,0.8238,0,0,0,0
351.055,0.8238,0,0,0,0
351.087,0.8238,0,0,0,0
351.123,0.8238,0,0,0,0
351.156,0.8238,0,0,0,0
351.190,0.8238,0,0,0,0
351.222,0.8238,0,0,0,0
351.254,0.8238,0,0,0,0
351.288,0.8238,0,0,0,0
351.324,0.8238,0,0,0,0
351.356,0.8238,0,0,0,0
351.389,0.8238,0,0,0,0
351.421,0.8238,0,0,0,0
351.454,0.8238,0,0,0,0
351.491,0.8238,0,0,0,0
351.524,0.8238,0,0,0,0
351.557,0.8238,0,0,0,0
351.590,0.8238,0,0,0,0
351.624,0.8238,0,0,0,0
351.657,0.8238,0,0,0,0
351.690,0.8238,0,0,0,0
351.722,0.8238,0,0,0,0
351.755,0.8238,0,0,0,0
351.791,0.8238,0,0,0,0
351.821,0.8238,0,0,0,0
351.857,0.8238,0,0,0,0
351.889,0.8238,0,0,0,0
351.921,0.8238,0,0,0,0
351.955,0.8238,0,0,0,0
351.987,0.8238,0,0,0,0
352.021,0.8238,0,0,0,0
352.055,0.8238,0,0,0,0
352.086,0.8238,0,0,0,0
352.122,0.8238,0,0,0,0
352.155,0.8238,0,0,0,0
352.188,0.8238,0,0,0,0
352.223,0.8238,0,0,0,0
352.254,0.8238,0,0,0,0
352.289,0.8238,0,0,0,0
352.321,0.8238,0,0,0,0
352.357,0.8238,0,0,0,0
352.390,0.8238,0,0,0,0
352.422,0.8238,0,0,0,0
352.454,0.8238,0,0,0,0
352.491,0.8238,0,0,0,0
352.522,0.8238,0,0,0,0
352.554,0.8238,0,0,0,0
352.588,0.8238,0,0,0,0
352.620,0.8238,0,0,0,0
352.654,0.8238,0,0,0,0
352.690,0.8238,0,0,0,0
352.722,0.8238,0,0,0,0
352.756,0.8238,0,0,0,0
352.787,0.8238,0,0,0,0
352.823,0.8238,0,0,0,0
352.856,0.8238,0,0,0,0
352.888,0.8238,0,0,0,0
352.922,0.8238,0,0,0,0
352.954,0.8238,0,0,0,0
352.989,0.8238,0,0,0,0
353.025,0.8238,0,0,0,0
353.057,0.8238,0,0,0,0
353.089,0.8238,0,0,0,0
353.121,0.8238,0,0,0,0
353.157,0.8238,0,0,0,0
353.189,0.8238,0,0,0,0
353.225,0.8238,0,0,0,0
353.256,0.8238,0,0,0,0
353.288,0.8238,0,0,0,0
353.323,0.8238,0,0,0,0
353.354,0.8238,0,0,0,0
353.389,0.8238,0,0,0,0
353.420,0.8238,0,0,0,0
353.454,0.8238,0,0,0,0
353.491,0.8238,0,0,0,0
353.523,0.8238,0,0,0,0
353.554,0.8238,0,0,0,0
353.590,0.8238,0,0,0,0
353.631,0.8238,0,0,0,0
353.655,0.8238,0,0,0,0
353.690,0.8238,0,0,0,0
353.722,0.8238,0,0,0,0
353.754,0.8238,0,0,0,0
353.789,0.8238,0,0,0,0
353.824,0.8238,0,0,0,0
353.856,0.8238,0,0,0,0
353.888,0.8238,0,0,0,0
353.921,0.8238,0,0,0,0
353.957,0.8238,0,0,0,0
353.990,0.8238,0,0,0,0
354.022,0.8238,0,0,0,0
354.054,0.8238,0,0,0,0
354.090,0.8238,0,0,0,0
354.121,0.8238,0,0,0,0
354.156,0.8238,0,0,0,0
354.190,0.8238,0,0,0,0
354.221,0.8238,0,0,0,0
354.257,0.8238,0,0,0,0
354.287,0.8238,0,0,0,0
354.322,0.8238,0,0,0,0
354.358,0.8238,0,0,0,0
354.389,0.8238,0,0,0,0
354.423,0.8238,0,0,0,0
354.457,0.8238,0,0,0,0
354.488,0.8238,0,0,0,0
354.522,0.8238,0,0,0,0
354.557,0.8238,0,0,0,0
354.589,0.8238,0,0,0,0
354.621,0.8238,0,0,0,0
354.657,0.8238,0,0,0,0
354.690,0.8238,0,0,0,0
354.722,0.8238,0,0,0,0
354.754,0.8238,0,0,0,0
354.791,0.8238,0,0,0,0
354.823,0.8238,0,0,0,0
354.854,0.8238,0,0,0,0
354.889,0.8238,0,0,0,0
354.920,0.8238,0,0,0,0
354.956,0.8238,0,0,0,0
354.991,0.8238,0,0,0,0
355.024,0.8238,0,0,0,0
355.054,0.8238,0,0,0,0
355.089,0.8238,0,0,0,0
355.121,0.8238,0,0,0,0
355.156,0.8238,0,0,0,0
355.192,0.8238,0,0,0,0
355.222,0.8238,0,0,0,0
355.256,0.8238,0,0,0,0
355.292,0.8238,0,0,0,0
355.322,0.8238,0,0,0,0
355.355,0.8238,0,0,0,0
355.390,0.8238,0,0,0,0
355.421,0.8238,0,0,0,0
355.458,0.8238,0,0,0,0
355.490,0.8238,0,0,0,0
355.523,0.8238,0,0,0,0
355.557,0.8238,0,0,0,0
355.589,0.8238,0,0,0,0
355.621,0.8238,0,0,0,0
355.654,0.8238,0,0,0,0
355.690,0.8238,0,0,0,0
355.721,0.8238,0,0,0,0
355.756,0.8238,0,0,0,0
355.787,0.8238,0,0,0,0
355.823,0.8238,0,0,0,0
355.857,0.8238,0,0,0,0
355.888,0.8238,0,0,0,0
355.923,0.8238,0,0,0,0
355.954,0.8238,0,0,0,0
355.990,0.8238,0,0,0,0
356.022,0.8238,0,0,0,0
356.057,0.8238,0,0,0,0
356.088,0.8238,0,0,0,0
356.124,0.8238,0,0,0,0
356.156,0.8238,0,0,0,0
356.187,0.8238,0,0,0,0
356.222,0.8238,0,0,0,0
356.255,0.8238,0,0,0,0
356.288,0.8238,0,0,0,0
356.322,0.8238,0,0,0,0
356.355,0.8238,0,0,0,0
356.389,0.8238,0,0,0,0
356.420,0.8238,0,0,0,0
356.456,0.8238,0,0,0,0
356.487,0.8238,0,0,0,0
356.522,0.8238,0,0,0,0
356.557,0.8238,0,0,0,0
356.588,0.8238,0,0,0,0
356.620,0.8238,0,0,0,0
356.654,0.8238,0,0,0,0
356.690,0.8238,0,0,0,0
356.721,0.8238,0,0,0,0
356.757,0.8238,0,0,0,0
356.788,0.8238,0,0,0,0
356.821,0.8238,0,0,0,0
356.855,0.8238,0,0,0,0
356.890,0.8238,0,0,0,0
356.921,0.8238,0,0,0,0
356.956,0.8238,0,0,0,0
356.990,0.8238,0,0,0,0
357.023,0.8238,0,0,0,0
357.055,0.8238,0,0,0,0
357.090,0.8238,0,0,0,0
357.123,0.8238,0,0,0,0
357.154,0.8238,0,0,0,0
357.189,0.8238,0,0,0,0
357.223,0.8238,0,0,0,0
357.254,0.8238,0,0,0,0
357.291,0.8238,0,0,0,0
357.322,0.8238,0,0,0,0
357.355,0.8238,0,0,0,0
357.390,0.8238,0,0,0,0
357.422,0.8238,0,0,0,0
357.454,0.8238,0,0,0,0
357.489,0.8238,0,0,0,0
357.524,0.8238,0,0,0,0
357.556,0.8238,0,0,0,0
357.594,0.8238,0,0,0,0
357.622,0.8238,0,0,0,0
357.656,0.8238,0,0,0,0
357.689,0.8238,0,0,0,0
357.724,0.8238,0,0,0,0
357.757,0.8238,0,0,0,0
357.787,0.8238,0,0,0,0
357.822,0.8238,0,0,0,0
357.856,0.8238,0,0,0,0
357.888,0.8238,0,0,0,0
357.922,0.8238,0,0,0,0
357.955,0.8238,0,0,0,0
357.990,0.8238,0,0,0,0
358.021,0.8238,0,0,0,0
358.055,0.8238,0,0,0,0
358.090,0.8238,0,0,0,0
358.121,0.8238,0,0,0,0
358.155,0.8238,0,0,0,0
358.190,0.8238,0,0,0,0
358.221,0.8238,0,0,0,0
358.257,0.8238,0,0,0,0
358.288,0.8238,0,0,0,0
358.323,0.8238,0,0,0,0
358.354,0.8238,0,0,0,0
358.393,0.8238,0,0,0,0
358.423,0.8238,0,0,0,0
358.455,0.8238,0,0,0,0
358.488,0.8238,0,0,0,0
358.521,0.8238,0,0,0,0
358.555,0.8238,0,0,0,0
358.590,0.8238,0,0,0,0
358.621,0.8238,0,0,0,0
358.657,0.8238,0,0,0,0
358.688,0.8238,0,0,0,0
358.721,0.8238,0,0,0,0
358.757,0.8238,0,0,0,0
358.788,0.8238,0,0,0,0
358.820,0.8238,0,0,0,0
358.856,0.8238,0,0,0,0
358.888,0.8238,0,0,0,0
358.923,0.8238,0,0,0,0
358.954,0.8238,0,0,0,0
358.990,0.8238,0,0,0,0
359.021,0.8238,0,0,0,0
359.056,0.8238,0,0,0,0
359.088,0.8238,0,0,0,0
359.122,0.8238,0,0,0,0
359.154,0.8238,0,0,0,0
359.189,0.8238,0,0,0,0
359.222,0.8238,0,0,0,0
359.257,0.8238,0,0,0,0
359.288,0.8238,0,0,0,0
359.320,0.8238,0,0,0,0
359.355,0.8238,0,0,0,0
359.390,0.8238,0,0,0,0
359.423,0.8238,0,0,0,0
359.455,0.8238,0,0,0,0
359.489,0.8238,0,0,0,0
359.521,0.8238,0,0,0,0
359.555,0.8238,0,0,0,0
359.587,0.8238,0,0,0,0
359.623,0.8238,0,0,0,0
359.657,0.8238,0,0,0,0
359.689,0.8238,0,0,0,0
359.720,0.8238,0,0,0,0
359.756,0.8238,0,0,0,0
359.787,0.8238,0,0,0,0
359.822,0.8238,0,0,0,0
359.857,0.8238,0,0,0,0
359.888,0.8238,0,0,0,0
359.924,0.8238,0,0,0,0
359.955,0.8238,0,0,0,0
359.988,0.8238,0,0,0,0
360.023,0.8238,0,0,0,0
360.056,0.8238,0,0,0,0
360.087,0.8238,0,0,0,0
360.123,0.8238,0,0,0,0
360.155,0.8238,0,0,0,0
360.190,0.8238,0,0,0,0
360.222,0.8238,0,0,0,0
360.257,0.8238,0,0,0,0
360.288,0.8238,0,0,0,0
360.324,0.8238,0,0,0,0
360.355,0.8238,0,0,0,0
360.389,0.8238,0,0,0,0
360.421,0.8238,0,0,0,0
360.456,0.8238,0,0,0,0
360.487,0.8238,0,0,0,0
360.522,0.8238,0,0,0,0
360.555,0.8238,0,0,0,0
360.589,0.8238,0,0,0,0
360.620,0.8238,0,0,0,0
360.655,0.8238,0,0,0,0
360.687,0.8238,0,0,0,0
360.723,0.8238,0,0,0,0
360.754,0.8238,0,0,0,0
360.789,0.8238,0,0,0,0
360.819,0.8238,0,0,0,0
360.856,0.8238,0,0,0,0
360.888,0.8238,0,0,0,0
360.922,0.8238,0,0,0,0
360.956,0.8238,0,0,0,0
360.990,0.8238,0,0,0,0
361.020,0.8238,0,0,0,0
361.056,0.8238,0,0,0,0
361.088,0.8238,0,0,0,0
361.124,0.8238,0,0,0,0
361.156,0.8238,0,0,0,0
361.188,0.8238,0,0,0,0
361.220,0.8238,0,0,0,0
361.256,0.8238,0,0,0,0
361.287,0.8238,0,0,0,0
361.323,0.8238,0,0,0,0
361.354,0.8238,0,0,0,0
361.390,0.8238,0,0,0,0
361.422,0.8238,0,0,0,0
361.457,0.8238,0,0,0,0
361.487,0.8238,0,0,0,0
361.522,0.8238,0,0,0,0
361.557,0.8238,0,0,0,0
361.589,0.8238,0,0,0,0
361.620,0.8238,0,0,0,0
361.657,0.8238,0,0,0,0
361.687,0.8238,0,0,0,0
361.723,0.8238,0,0,0,0
361.754,0.8238,0,0,0,0
361.788,0.8238,0,0,0,0
361.823,0.8238,0,0,0,0
361.855,0.8238,0,0,0,0
361.889,0.8238,0,0,0,0
361.924,0.8238,0,0,0,0
361.954,0.8238,0,0,0,0
361.989,0.8238,0,0,0,0
362.023,0.8238,0,0,0,0
362.057,0.8238,0,0,0,0
362.089,0.8238,0,0,0,0
362.123,0.8238,0,0,0,0
362.157,0.8238,0,0,0,0
362.190,0.8238,0,0,0,0
362.222,0.8238,0,0,0,0
362.257,0.8238,0,0,0,0
362.289,0.8238,0,0,0,0
362.323,0.8238,0,0,0,0
362.357,0.8238,0,0,0,0
362.391,0.8238,0,0,0,0
362.421,0.8238,0,0,0,0
362.456,0.8238,0,0,0,0
362.489,0.8238,0,0,0,0
362.522,0.8238,0,0,0,0
362.555,0.8238,0,0,0,0
362.590,0.8238,0,0,0,0
362.624,0.8238,0,0,0,0
362.656,0.8238,0,0,0,0
362.689,0.8238,0,0,0,0
362.721,0.8238,0,0,0,0
362.756,0.8238,0,0,0,0
362.788,0.8238,0,0,0,0
362.824,0.8238,0,0,0,0
362.854,0.8238,0,0,0,0
362.889,0.8238,0,0,0,0
362.923,0.8238,0,0,0,0
362.955,0.8238,0,0,0,0
362.989,0.8238,0,0,0,0
363.024,0.8238,0,0,0,0
363.056,0.8238,0,0,0,0
363.090,0.8238,0,0,0,0
363.123,0.8238,0,0,0,0
363.155,0.8238,0,0,0,0
363.189,0.8238,0,0,0,0
363.222,0.8238,0,0,0,0
363.255,0.8238,0,0,0,0
363.287,0.8238,0,0,0,0
363.321,0.8238,0,0,0,0
363.357,0.8238,0,0,0,0
363.388,0.8238,0,0,0,0
363.427,0.8238,0,0,0,0
363.455,0.8238,0,0,0,0
363.489,0.8238,0,0,0,0
363.521,0.8238,0,0,0,0
363.557,0.8238,0,0,0,0
363.590,0.8238,0,0,0,0
363.624,0.8238,0,0,0,0
363.655,0.8238,0,0,0,0
363.690,0.8238,0,0,0,0
363.722,0.8238,0,0,0,0
363.756,0.8238,0,0,0,0
363.790,0.8238,0,0,0,0
363.823,0.8238,0,0,0,0
363.858,0.8238,0,0,0,0
363.890,0.8238,0,0,0,0
363.923,0.8238,0,0,0,0
363.955,0.8238,0,0,0,0
363.987,0.8238,0,0,0,0
364.023,0.8238,0,0,0,0
364.055,0.8238,0,0,0,0
364.089,0.8238,0,0,0,0
364.121,0.8238,0,0,0,0
364.154,0.8238,0,0,0,0
364.189,0.8238,0,0,0,0
364.221,0.8238,0,0,0,0
364.255,0.8238,0,0,0,0
364.289,0.8238,0,0,0,0
364.322,0.8238,0,0,0,0
364.356,0.8238,0,0,0,0
364.388,0.8238,0,0,0,0
364.423,0.8238,0,0,0,0
364.455,0.8238,0,0,0,0
364.491,0.8238,0,0,0,0
364.523,0.8238,0,0,0,0
364.555,0.8238,0,0,0,0
364.587,0.8238,0,0,0,0
364.622,0.8238,0,0,0,0
364.654,0.8238,0,0,0,0
364.690,0.8238,0,0,0,0
364.722,0.8238,0,0,0,0
364.758,0.8238,0,0,0,0
364.788,0.8238,0,0,0,0
364.823,0.8238,0,0,0,0
364.854,0.8238,0,0,0,0
364.889,0.8238,0,0,0,0
364.920,0.8238,0,0,0,0
364.955,0.8238,0,0,0,0
364.987,0.8238,0,0,0,0
365.022,0.8238,0,0,0,0
365.054,0.8238,0,0,0,0
365.088,0.8238,0,0,0,0
365.121,0.8238,0,0,0,0
365.155,0.8238,0,0,0,0
365.189,0.8238,0,0,0,0
365.224,0.8238,0,0,0,0
365.255,0.8238,0,0,0,0
365.287,0.8238,0,0,0,0
365.323,0.8238,0,0,0,0
365.355,0.8238,0,0,0,0
365.391,0.8238,0,0,0,0
365.422,0.8238,0,0,0,0
365.455,0.8238,0,0,0,0
365.491,0.8238,0,0,0,0
365.521,0.8238,0,0,0,0
365.554,0.8238,0,0,0,0
365.589,0.8238,0,0,0,0
365.624,0.8238,0,0,0,0
365.657,0.8238,0,0,0,0
365.688,0.8238,0,0,0,0
365.722,0.8238,0,0,0,0
365.755,0.8238,0,0,0,0
365.789,0.8238,0,0,0,0
365.822,0.8238,0,0,0,0
365.857,0.8238,0,0,0,0
365.888,0.8238,0,0,0,0
365.923,0.8238,0,0,0,0
365.956,0.8238,0,0,0,0
365.988,0.8238,0,0,0,0
366.023,0.8238,0,0,0,0
366.057,0.8238,0,0,0,0
366.089,0.8238,0,0,0,0
366.124,0.8238,0,0,0,0
366.156,0.8238,0,0,0,0
366.188,0.8238,0,0,0,0
366.224,0.8238,0,0,0,0
366.255,0.8238,0,0,0,0
366.288,0.8238,0,0,0,0
366.321,0.8238,0,0,0,0
366.356,0.8238,0,0,0,0
366.387,0.8238,0,0,0,0
366.423,0.8238,0,0,0,0
366.454,0.8238,0,0,0,0
366.489,0.8238,0,0,0,0
366.524,0.8238,0,0,0,0
366.555,0.8238,0,0,0,0
366.589,0.8238,0,0,0,0
366.620,0.8238,0,0,0,0
366.655,0.8238,0,0,0,0
366.692,0.8238,0,0,0,0
366.722,0.8238,0,0,0,0
366.757,0.8238,0,0,0,0
366.789,0.8238,0,0,0,0
366.818,0.8238,0,0,0,0
366.855,0.8238,0,0,0,0
366.888,0.8238,0,0,0,0
366.923,0.8238,0,0,0,0
366.957,0.8238,0,0,0,0
366.988,0.8238,0,0,0,0
367.024,0.8238,0,0,0,0
367.055,0.8238,0,0,0,0
367.091,0.8238,0,0,0,0
367.123,0.8238,0,0,0,0
367.155,0.8238,0,0,0,0
367.187,0.8238,0,0,0,0
367.223,0.8238,0,0,0,0
367.254,0.8238,0,0,0,0
367.290,0.8238,0,0,0,0
367.321,0.8238,0,0,0,0
367.356,0.8238,0,0,0,0
367.387,0.8238,0,0,0,0
367.422,0.8238,0,0,0,0
367.455,0.8238,0,0,0,0
367.490,0.8238,0,0,0,0
367.524,0.8238,0,0,0,0
367.555,0.8238,0,0,0,0
367.590,0.8238,0,0,0,0
367.622,0.8238,0,0,0,0
367.654,0.8238,0,0,0,0
367.690,0.8238,0,0,0,0
367.724,0.8238,0,0,0,0
367.754,0.8238,0,0,0,0
367.790,0.8238,0,0,0,0
367.821,0.8238,0,0,0,0
367.857,0.8238,0,0,0,0
367.889,0.8238,0,0,0,0
367.925,0.8238,0,0,0,0
367.955,0.8238,0,0,0,0
367.990,0.8238,0,0,0,0
368.021,0.8238,0,0,0,0
368.054,0.8238,0,0,0,0
368.089,0.8238,0,0,0,0
368.121,0.8238,0,0,0,0
368.156,0.8238,0,0,0,0
368.191,0.8238,0,0,0,0
368.222,0.8238,0,0,0,0
368.257,0.8238,0,0,0,0
368.288,0.8238,0,0,0,0
368.323,0.8238,0,0,0,0
368.354,0.8238,0,0,0,0
368.389,0.8238,0,0,0,0
368.421,0.8238,0,0,0,0
368.454,0.8238,0,0,0,0
368.491,0.8238,0,0,0,0
368.522,0.8238,0,0,0,0
368.557,0.8238,0,0,0,0
368.592,0.8238,0,0,0,0
368.623,0.8238,0,0,0,0
368.656,0.8238,0,0,0,0
368.688,0.8238,0,0,0,0
368.721,0.8238,0,0,0,0
368.756,0.8238,0,0,0,0
368.791,0.8238,0,0,0,0
368.823,0.8238,0,0,0,0
368.855,0.8238,0,0,0,0
368.887,0.8238,0,0,0,0
368.923,0.8238,0,0,0,0
368.955,0.8238,0,0,0,0
368.987,0.8238,0,0,0,0
369.022,0.8238,0,0,0,0
369.055,0.8238,0,0,0,0
369.090,0.8238,0,0,0,0
369.121,0.8238,0,0,0,0
369.157,0.8238,0,0,0,0
369.188,0.8238,0,0,0,0
369.221,0.8238,0,0,0,0
369.255,0.8238,0,0,0,0
369.291,0.8238,0,0,0,0
369.322,0.8238,0,0,0,0
369.355,0.8238,0,0,0,0
369.388,0.8238,0,0,0,0
369.422,0.8238,0,0,0,0
369.456,0.8238,0,0,0,0
369.489,0.8238,0,0,0,0
369.520,0.8238,0,0,0,0
369.557,0.8238,0,0,0,0
369.589,0.8238,0,0,0,0
369.622,0.8238,0,0,0,0
369.654,0.8238,0,0,0,0
369.689,0.8238,0,0,0,0
369.725,0.8238,0,0,0,0
369.756,0.8238,0,0,0,0
369.787,0.8238,0,0,0,0
369.823,0.8238,0,0,0,0
369.858,0.8238,0,0,0,0
369.889,0.8238,0,0,0,0
369.924,0.8238,0,0,0,0
369.954,0.8238,0,0,0,0
369.990,0.8238,0,0,0,0
370.021,0.8238,0,0,0,0
370.057,0.8238,0,0,0,0
370.087,0.8238,0,0,0,0
370.123,0.8238,0,0,0,0
370.154,0.8238,0,0,0,0
370.187,0.8238,0,0,0,0
370.223,0.8238,0,0,0,0
370.257,0.8238,0,0,0,0
370.290,0.8238,0,0,0,0
370.322,0.8238,0,0,0,0
370.357,0.8238,0,0,0,0
370.388,0.8238,0,0,0,0
370.420,0.8238,0,0,0,0
370.455,0.8238,0,0,0,0
370.491,0.8238,0,0,0,0
370.521,0.8238,0,0,0,0
370.557,0.8238,0,0,0,0
370.588,0.8238,0,0,0,0
370.622,0.8238,0,0,0,0
370.654,0.8238,0,0,0,0
370.690,0.8238,0,0,0,0
370.721,0.8238,0,0,0,0
370.755,0.8238,0,0,0,0
370.787,0.8238,0,0,0,0
370.822,0.8238,0,0,0,0
370.857,0.8238,0,0,0,0
370.887,0.8238,0,0,0,0
370.921,0.8238,0,0,0,0
370.955,0.8238,0,0,0,0
370.990,0.8238,0,0,0,0
371.021,0.8238,0,0,0,0
371.056,0.8238,0,0,0,0
371.088,0.8238,0,0,0,0
371.123,0.8238,0,0,0,0
371.155,0.8238,0,0,0,0
371.187,0.8238,0,0,0,0
371.222,0.8238,0,0,0,0
371.254,0.8238,0,0,0,0
371.289,0.8238,0,0,0,0
371.321,0.8238,0,0,0,0
371.356,0.8238,0,0,0,0
371.387,0.8238,0,0,0,0
371.424,0.8238,0,0,0,0
371.455,0.8238,0,0,0,0
371.490,0.8238,0,0,0,0
371.520,0.8238,0,0,0,0
371.555,0.8238,0,0,0,0
371.590,0.8238,0,0,0,0
371.621,0.8238,0,0,0,0
371.657,0.8238,0,0,0,0
371.688,0.8238,0,0,0,0
371.721,0.8238,0,0,0,0
371.755,0.8238,0,0,0,0
371.788,0.8238,0,0,0,0
371.824,0.8238,0,0,0,0
371.855,0.8238,0,0,0,0
371.887,0.8238,0,0,0,0
371.923,0.8238,0,0,0,0
371.956,0.8238,0,0,0,0
371.988,0.8238,0,0,0,0
372.020,0.8238,0,0,0,0
372.056,0.8238,0,0,0,0
372.088,0.8238,0,0,0,0
372.120,0.8238,0,0,0,0
372.155,0.8238,0,0,0,0
372.187,0.8238,0,0,0,0
372.222,0.8238,0,0,0,0
372.257,0.8238,0,0,0,0
372.288,0.8238,0,0,0,0
372.323,0.8238,0,0,0,0
372.354,0.8238,0,0,0,0
372.389,0.8238,0,0,0,0
372.420,0.8238,0,0,0,0
372.457,0.8238,0,0,0,0
372.489,0.8238,0,0,0,0
372.523,0.8238,0,0,0,0
372.554,0.8238,0,0,0,0
372.588,0.8238,0,0,0,0
372.621,0.8238,0,0,0,0
372.657,0.8238,0,0,0,0
372.688,0.8238,0,0,0,0
372.721,0.8238,0,0,0,0
372.756,0.8238,0,0,0,0
372.788,0.8238,0,0,0,0
372.823,0.8238,0,0,0,0
372.854,0.8238,0,0,0,0
372.890,0.8238,0,0,0,0
372.924,0.8238,0,0,0,0
372.955,0.8238,0,0,0,0
372.990,0.8238,0,0,0,0
373.021,0.8238,0,0,0,0
373.055,0.8238,0,0,0,0
373.090,0.8238,0,0,0,0
373.121,0.8238,0,0,0,0
373.154,0.8238,0,0,0,0
373.190,0.8238,0,0,0,0
373.222,0.8238,0,0,0,0
373.255,0.8238,0,0,0,0
373.297,0.8238,0,0,0,0
373.323,0.8238,0,0,0,0
373.354,0.8238,0,0,0,0
373.389,0.8238,0,0,0,0
373.424,0.8238,0,0,0,0
373.454,0.8238,0,0,0,0
373.490,0.8238,0,0,0,0
373.521,0.8238,0,0,0,0
373.557,0.8238,0,0,0,0
373.590,0.8238,0,0,0,0
373.622,0.8238,0,0,0,0
373.654,0.8238,0,0,0,0
373.691,0.8238,0,0,0,0
373.723,0.8238,0,0,0,0
373.756,0.8238,0,0,0,0
373.790,0.8238,0,0,0,0
373.822,0.8238,0,0,0,0
373.855,0.8238,0,0,0,0
373.887,0.8238,0,0,0,0
373.924,0.8238,0,0,0,0
373.956,0.8238,0,0,0,0
373.987,0.8238,0,0,0,0
374.023,0.8238,0,0,0,0
374.054,0.8238,0,0,0,0
374.089,0.8238,0,0,0,0
374.121,0.8238,0,0,0,0
374.157,0.8238,0,0,0,0
374.190,0.8238,0,0,0,0
374.223,0.8238,0,0,0,0
374.254,0.8238,0,0,0,0
374.287,0.8238,0,0,0,0
374.324,0.8238,0,0,0,0
374.355,0.8238,0,0,0,0
374.387,0.8238,0,0,0,0
374.424,0.8238,0,0,0,0
374.456,0.8238,0,0,0,0
374.488,0.8238,0,0,0,0
374.520,0.8238,0,0,0,0
374.556,0.8238,0,0,0,0
374.589,0.8238,0,0,0,0
374.624,0.8238,0,0,0,0
374.654,0.8238,0,0,0,0
374.690,0.8238,0,0,0,0
374.723,0.8238,0,0,0,0
374.757,0.8238,0,0,0,0
374.789,0.8238,0,0,0,0
374.823,0.8238,0,0,0,0
374.854,0.8238,0,0,0,0
374.888,0.8238,0,0,0,0
374.921,0.8238,0,0,0,0
374.957,0.8238,0,0,0,0
374.990,0.8238,0,0,0,0
375.024,0.8238,0,0,0,0
375.056,0.8238,0,0,0,0
375.088,0.8238,0,0,0,0
375.124,0.8238,0,0,0,0
375.155,0.8238,0,0,0,0
375.188,0.8238,0,0,0,0
375.222,0.8238,0,0,0,0
375.254,0.8238,0,0,0,0
375.289,0.8238,0,0,0,0
375.320,0.8238,0,0,0,0
375.355,0.8238,0,0,0,0
375.390,0.8238,0,0,0,0
375.421,0.8238,0,0,0,0
375.456,0.8238,0,0,0,0
375.491,0.8238,0,0,0,0
375.522,0.8238,0,0,0,0
375.554,0.8238,0,0,0,0
375.590,0.8238,0,0,0,0
375.621,0.8238,0,0,0,0
375.657,0.8238,0,0,0,0
375.691,0.8238,0,0,0,0
375.723,0.8238,0,0,0,0
375.755,0.8238,0,0,0,0
375.791,0.8238,0,0,0,0
375.824,0.8238,0,0,0,0
375.857,0.8238,0,0,0,0
375.887,0.8238,0,0,0,0
375.922,0.8238,0,0,0,0
375.957,0.8238,0,0,0,0
375.988,0.8238,0,0,0,0
376.020,0.8238,0,0,0,0
376.056,0.8238,0,0,0,0
376.089,0.8238,0,0,0,0
376.124,0.8238,0,0,0,0
376.156,0.8238,0,0,0,0
376.188,0.8238,0,0,0,0
376.223,0.8238,0,0,0,0
376.254,0.8238,0,0,0,0
376.289,0.8238,0,0,0,0
376.324,0.8238,0,0,0,0
376.357,0.8238,0,0,0,0
376.388,0.8238,0,0,0,0
376.422,0.8238,0,0,0,0
376.457,0.8238,0,0,0,0
376.488,0.8238,0,0,0,0
376.524,0.8238,0,0,0,0
376.555,0.8238,0,0,0,0
376.589,0.8238,0,0,0,0
376.624,0.8238,0,0,0,0
376.656,0.8238,0,0,0,0
376.688,0.8238,0,0,0,0
376.723,0.8238,0,0,0,0
376.754,0.8238,0,0,0,0
376.790,0.8238,0,0,0,0
376.821,0.8238,0,0,0,0
376.854,0.8238,0,0,0,0
376.890,0.8238,0,0,0,0
376.922,0.8238,0,0,0,0
376.958,0.8238,0,0,0,0
376.988,0.8238,0,0,0,0
377.024,0.8238,0,0,0,0
377.055,0.8238,0,0,0,0
377.090,0.8238,0,0,0,0
377.121,0.8238,0,0,0,0
377.154,0.8238,0,0,0,0
377.188,0.8238,0,0,0,0
377.223,0.8238,0,0,0,0
377.255,0.8238,0,0,0,0
377.289,0.8238,0,0,0,0
377.322,0.8238,0,0,0,0
377.358,0.8238,0,0,0,0
377.389,0.8238,0,0,0,0
377.421,0.8238,0,0,0,0
377.456,0.8238,0,0,0,0
377.488,0.8238,0,0,0,0
377.522,0.8238,0,0,0,0
377.554,0.8238,0,0,0,0
377.591,0.8238,0,0,0,0
377.621,0.8238,0,0,0,0
377.657,0.8238,0,0,0,0
377.688,0.8238,0,0,0,0
377.723,0.8238,0,0,0,0
377.755,0.8238,0,0,0,0
377.790,0.8238,0,0,0,0
377.821,0.8238,0,0,0,0
377.856,0.8238,0,0,0,0
377.888,0.8238,0,0,0,0
377.924,0.8238,0,0,0,0
377.955,0.8238,0,0,0,0
377.989,0.8238,0,0,0,0
378.021,0.8238,0,0,0,0
378.057,0.8238,0,0,0,0
378.088,0.8238,0,0,0,0
378.124,0.8238,0,0,0,0
378.158,0.8238,0,0,0,0
378.190,0.8238,0,0,0,0
378.223,0.8238,0,0,0,0
378.257,0.8238,0,0,0,0
378.287,0.8238,0,0,0,0
378.324,0.8238,0,0,0,0
378.356,0.8238,0,0,0,0
378.388,0.8238,0,0,0,0
378.423,0.8238,0,0,0,0
378.455,0.8238,0,0,0,0
378.490,0.8238,0,0,0,0
378.522,0.8238,0,0,0,0
378.554,0.8238,0,0,0,0
378.589,0.8238,0,0,0,0
378.625,0.8238,0,0,0,0
378.656,0.8238,0,0,0,0
378.687,0.8238,0,0,0,0
378.722,0.8238,0,0,0,0
378.757,0.8238,0,0,0,0
378.788,0.8238,0,0,0,0
378.823,0.8238,0,0,0,0
378.854,0.8238,0,0,0,0
378.890,0.8238,0,0,0,0
378.920,0.8238,0,0,0,0
378.956,0.8238,0,0,0,0
378.991,0.8238,0,0,0,0
379.028,0.8238,0,0,0,0
379.054,0.8238,0,0,0,0
379.091,0.8238,0,0,0,0
379.121,0.8238,0,0,0,0
379.155,0.8238,0,0,0,0
379.190,0.8238,0,0,0,0
379.224,0.8238,0,0,0,0
379.255,0.8238,0,0,0,0
379.291,0.8238,0,0,0,0
379.322,0.8238,0,0,0,0
379.356,0.8238,0,0,0,0
379.388,0.8238,0,0,0,0
379.424,0.8238,0,0,0,0
379.455,0.8238,0,0,0,0
379.488,0.8238,0,0,0,0
379.524,0.8238,0,0,0,0
379.558,0.8238,0,0,0,0
379.591,0.8238,0,0,0,0
379.624,0.8238,0,0,0,0
379.657,0.8238,0,0,0,0
379.690,0.8238,0,0,0,0
379.721,0.8238,0,0,0,0
379.754,0.8238,0,0,0,0
379.789,0.8238,0,0,0,0
379.823,0.8238,0,0,0,0
379.857,0.8238,0,0,0,0
379.889,0.8238,0,0,0,0
379.924,0.8238,0,0,0,0
379.954,0.8238,0,0,0,0
379.990,0.8238,0,0,0,0
380.025,0.8238,0,0,0,0
380.057,0.8238,0,0,0,0
380.090,0.8238,0,0,0,0
380.123,0.8238,0,0,0,0
380.157,0.8238,0,0,0,0
380.188,0.8238,0,0,0,0
380.225,0.8238,0,0,0,0
380.257,0.8238,0,0,0,0
380.290,0.8238,0,0,0,0
380.321,0.8238,0,0,0,0
380.356,0.8238,0,0,0,0
380.389,0.8238,0,0,0,0
380.421,0.8238,0,0,0,0
380.458,0.8238,0,0,0,0
380.490,0.8238,0,0,0,0
380.524,0.8238,0,0,0,0
380.555,0.8238,0,0,0,0
380.588,0.8238,0,0,0,0
380.624,0.8238,0,0,0,0
380.657,0.8238,0,0,0,0
380.689,0.8238,0,0,0,0
380.721,0.8238,0,0,0,0
380.754,0.8238,0,0,0,0
380.790,0.8238,0,0,0,0
380.822,0.8238,0,0,0,0
380.857,0.8238,0,0,0,0
380.888,0.8238,0,0,0,0
380.924,0.8238,0,0,0,0
380.956,0.8238,0,0,0,0
380.991,0.8238,0,0,0,0
381.024,0.8238,0,0,0,0
381.055,0.8238,0,0,0,0
381.088,0.8238,0,0,0,0
381.121,0.8238,0,0,0,0
381.154,0.8238,0,0,0,0
381.188,0.8238,0,0,0,0
381.224,0.8238,0,0,0,0
381.257,0.8238,0,0,0,0
381.290,0.8238,0,0,0,0
381.322,0.8238,0,0,0,0
381.355,0.8238,0,0,0,0
381.391,0.8238,0,0,0,0
381.421,0.8238,0,0,0,0
381.456,0.8238,0,0,0,0
381.489,0.8238,0,0,0,0
381.521,0.8238,0,0,0,0
381.558,0.8238,0,0,0,0
381.591,0.8238,0,0,0,0
381.617,0.8238,0,0,0,0
381.656,0.8238,0,0,0,0
381.688,0.8238,0,0,0,0
381.721,0.8238,0,0,0,0
381.755,0.8238,0,0,0,0
381.791,0.8238,0,0,0,0
381.823,0.8238,0,0,0,0
381.856,0.8238,0,0,0,0
381.889,0.8238,0,0,0,0
381.922,0.8238,0,0,0,0
381.956,0.8238,0,0,0,0
381.990,0.8238,0,0,0,0
382.023,0.8238,0,0,0,0
382.057,0.8238,0,0,0,0
382.089,0.8238,0,0,0,0
382.124,0.8238,0,0,0,0
382.156,0.8238,0,0,0,0
382.189,0.8238,0,0,0,0
382.222,0.8238,0,0,0,0
382.258,0.8238,0,0,0,0
382.291,0.8238,0,0,0,0
382.323,0.8238,0,0,0,0
382.356,0.8238,0,0,0,0
382.388,0.8238,0,0,0,0
382.424,0.8238,0,0,0,0
382.457,0.8238,0,0,0,0
382.496,0.8238,0,0,0,0
382.523,0.8238,0,0,0,0
382.555,0.8238,0,0,0,0
382.588,0.8238,0,0,0,0
382.622,0.8238,0,0,0,0
382.654,0.8238,0,0,0,0
382.689,0.8238,0,0,0,0
382.721,0.8238,0,0,0,0
382.758,0.8238,0,0,0,0
382.791,0.8238,0,0,0,0
382.824,0.8238,0,0,0,0
382.857,0.8238,0,0,0,0
382.891,0.8238,0,0,0,0
382.922,0.8238,0,0,0,0
382.958,0.8238,0,0,0,0
382.991,0.8238,0,0,0,0
383.024,0.8238,0,0,0,0
383.057,0.8238,0,0,0,0
383.090,0.8238,0,0,0,0
383.122,0.8238,0,0,0,0
383.155,0.8238,0,0,0,0
383.191,0.8238,0,0,0,0
383.224,0.8238,0,0,0,0
383.256,0.8238,0,0,0,0
383.288,0.8238,0,0,0,0
383.324,0.8238,0,0,0,0
383.356,0.8238,0,0,0,0
383.390,0.8238,0,0,0,0
383.421,0.8238,0,0,0,0
383.454,0.8238,0,0,0,0
383.488,0.8238,0,0,0,0
383.524,0.8238,0,0,0,0
383.555,0.8238,0,0,0,0
383.593,0.8238,0,0,0,0
383.622,0.8238,0,0,0,0
383.657,0.8238,0,0,0,0
383.689,0.8238,0,0,0,0
383.723,0.8238,0,0,0,0
383.758,0.8238,0,0,0,0
383.790,0.8238,0,0,0,0
383.823,0.8238,0,0,0,0
383.856,0.8238,0,0,0,0
383.891,0.8238,0,0,0,0
383.921,0.8238,0,0,0,0
383.955,0.8238,0,0,0,0
383.990,0.8238,0,0,0,0
384.022,0.8238,0,0,0,0
384.055,0.8238,0,0,0,0
384.088,0.8238,0,0,0,0
384.121,0.8238,0,0,0,0
384.157,0.8238,0,0,0,0
384.188,0.8238,0,0,0,0
384.222,0.8238,0,0,0,0
384.259,0.8238,0,0,0,0
384.289,0.8238,0,0,0,0
384.324,0.8238,0,0,0,0
384.357,0.8238,0,0,0,0
384.390,0.8238,0,0,0,0
384.421,0.8238,0,0,0,0
384.455,0.8238,0,0,0,0
384.488,0.8238,0,0,0,0
384.521,0.8238,0,0,0,0
384.555,0.8238,0,0,0,0
384.589,0.8238,0,0,0,0
384.622,0.8238,0,0,0,0
384.656,0.8238,0,0,0,0
384.689,0.8238,0,0,0,0
384.722,0.8238,0,0,0,0
384.756,0.8238,0,0,0,0
384.789,0.8238,0,0,0,0
384.822,0.8238,0,0,0,0
384.854,0.8238,0,0,0,0
384.890,0.8238,0,0,0,0
384.922,0.8238,0,0,0,0
384.954,0.8238,0,0,0,0
384.990,0.8238,0,0,0,0
385.022,0.8238,0,0,0,0
385.054,0.8238,0,0,0,0
385.090,0.8238,0,0,0,0
385.123,0.8238,0,0,0,0
385.154,0.8238,0,0,0,0
385.188,0.8238,0,0,0,0
385.221,0.8238,0,0,0,0
385.255,0.8238,0,0,0,0
385.290,0.8238,0,0,0,0
385.322,0.8238,0,0,0,0
385.354,0.8238,0,0,0,0
385.387,0.8238,0,0,0,0
385.424,0.8238,0,0,0,0
385.456,0.8238,0,0,0,0
385.490,0.8238,0,0,0,0
385.522,0.8238,0,0,0,0
385.555,0.8238,0,0,0,0
385.588,0.8238,0,0,0,0
385.621,0.8238,0,0,0,0
385.657,0.8238,0,0,0,0
385.690,0.8238,0,0,0,0
385.722,0.8238,0,0,0,0
385.755,0.8238,0,0,0,0
385.791,0.8238,0,0,0,0
385.822,0.8238,0,0,0,0
385.856,0.8238,0,0,0,0
385.888,0.8238,0,0,0,0
385.924,0.8238,0,0,0,0
385.956,0.8238,0,0,0,0
385.988,0.8238,0,0,0,0
386.024,0.8238,0,0,0,0
386.056,0.8238,0,0,0,0
386.088,0.8238,0,0,0,0
386.122,0.8238,0,0,0,0
386.158,0.8238,0,0,0,0
386.191,0.8238,0,0,0,0
386.223,0.8238,0,0,0,0
386.256,0.8238,0,0,0,0
386.289,0.8238,0,0,0,0
386.322,0.8238,0,0,0,0
386.354,0.8238,0,0,0,0
386.390,0.8238,0,0,0,0
386.422,0.8238,0,0,0,0
386.455,0.8238,0,0,0,0
386.488,0.8238,0,0,0,0
386.524,0.8238,0,0,0,0
386.555,0.8238,0,0,0,0
386.592,0.8238,0,0,0,0
386.624,0.8238,0,0,0,0
386.656,0.8238,0,0,0,0
386.687,0.8238,0,0,0,0
386.721,0.8238,0,0,0,0
386.756,0.8238,0,0,0,0
386.792,0.8238,0,0,0,0
386.822,0.8238,0,0,0,0
386.857,0.8238,0,0,0,0
386.888,0.8238,0,0,0,0
386.924,0.8238,0,0,0,0
386.956,0.8238,0,0,0,0
386.989,0.8238,0,0,0,0
387.021,0.8238,0,0,0,0
387.055,0.8238,0,0,0,0
387.088,0.8238,0,0,0,0
387.122,0.8238,0,0,0,0
387.154,0.8238,0,0,0,0
387.191,0.8238,0,0,0,0
387.223,0.8238,0,0,0,0
387.256,0.8238,0,0,0,0
387.288,0.8238,0,0,0,0
387.323,0.8238,0,0,0,0
387.356,0.8238,0,0,0,0
387.388,0.8238,0,0,0,0
387.424,0.8238,0,0,0,0
387.456,0.8238,0,0,0,0
387.488,0.8238,0,0,0,0
387.521,0.8238,0,0,0,0
387.555,0.8238,0,0,0,0
387.587,0.8238,0,0,0,0
387.623,0.8238,0,0,0,0
387.655,0.8238,0,0,0,0
387.690,0.8238,0,0,0,0
387.722,0.8238,0,0,0,0
387.755,0.8238,0,0,0,0
387.791,0.8238,0,0,0,0
387.823,0.8238,0,0,0,0
387.856,0.8238,0,0,0,0
387.888,0.8238,0,0,0,0
387.921,0.8238,0,0,0,0
387.958,0.8238,0,0,0,0
387.989,0.8238,0,0,0,0
388.023,0.8238,0,0,0,0
388.055,0.8238,0,0,0,0
388.088,0.8238,0,0,0,0
388.124,0.8238,0,0,0,0
388.158,0.8238,0,0,0,0
388.188,0.8238,0,0,0,0
388.223,0.8238,0,0,0,0
388.256,0.8238,0,0,0,0
388.287,0.8238,0,0,0,0
388.324,0.8238,0,0,0,0
388.356,0.8238,0,0,0,0
388.388,0.8238,0,0,0,0
388.422,0.8238,0,0,0,0
388.456,0.8238,0,0,0,0
388.490,0.8238,0,0,0,0
388.523,0.8238,0,0,0,0
388.558,0.8238,0,0,0,0
388.589,0.8238,0,0,0,0
388.620,0.8238,0,0,0,0
388.657,0.8238,0,0,0,0
388.690,0.8238,0,0,0,0
388.722,0.8238,0,0,0,0
388.754,0.8238,0,0,0,0
388.791,0.8238,0,0,0,0
388.822,0.8238,0,0,0,0
388.854,0.8238,0,0,0,0
388.889,0.8238,0,0,0,0
388.920,0.8238,0,0,0,0
388.956,0.8238,0,0,0,0
388.988,0.8238,0,0,0,0
389.023,0.8238,0,0,0,0
389.057,0.8238,0,0,0,0
389.089,0.8238,0,0,0,0
389.123,0.8238,0,0,0,0
389.153,0.8238,0,0,0,0
389.189,0.8238,0,0,0,0
389.224,0.8238,0,0,0,0
389.255,0.8238,0,0,0,0
389.289,0.8238,0,0,0,0
389.320,0.8238,0,0,0,0
389.355,0.8238,0,0,0,0
389.391,0.8238,0,0,0,0
389.423,0.8238,0,0,0,0
389.454,0.8238,0,0,0,0
389.490,0.8238,0,0,0,0
389.521,0.8238,0,0,0,0
389.557,0.8238,0,0,0,0
389.588,0.8238,0,0,0,0
389.621,0.8238,0,0,0,0
389.654,0.8238,0,0,0,0
389.689,0.8238,0,0,0,0
389.720,0.8238,0,0,0,0
389.755,0.8238,0,0,0,0
389.790,0.8238,0,0,0,0
389.822,0.8238,0,0,0,0
389.857,0.8238,0,0,0,0
389.891,0.8238,0,0,0,0
389.922,0.8238,0,0,0,0
389.956,0.8238,0,0,0,0
389.988,0.8238,0,0,0,0
390.021,0.8238,0,0,0,0
390.056,0.8238,0,0,0,0
390.089,0.8238,0,0,0,0
390.122,0.8238,0,0,0,0
390.156,0.8238,0,0,0,0
390.189,0.8238,0,0,0,0
390.221,0.8238,0,0,0,0
390.254,0.8238,0,0,0,0
390.291,0.8238,0,0,0,0
390.323,0.8238,0,0,0,0
390.355,0.8238,0,0,0,0
390.389,0.8238,0,0,0,0
390.421,0.8238,0,0,0,0
390.457,0.8238,0,0,0,0
390.488,0.8238,0,0,0,0
390.526,0.8238,0,0,0,0
390.556,0.8238,0,0,0,0
390.588,0.8238,0,0,0,0
390.623,0.8238,0,0,0,0
390.655,0.8238,0,0,0,0
390.691,0.8238,0,0,0,0
390.723,0.8238,0,0,0,0
390.755,0.8238,0,0,0,0
390.785,0.8238,0,0,0,0
390.821,0.8238,0,0,0,0
390.855,0.8238,0,0,0,0
390.890,0.8238,0,0,0,0
390.922,0.8238,0,0,0,0
390.954,0.8238,0,0,0,0
390.990,0.8238,0,0,0,0
391.021,0.8238,0,0,0,0
391.057,0.8238,0,0,0,0
391.088,0.8238,0,0,0,0
391.123,0.8238,0,0,0,0
391.156,0.8238,0,0,0,0
391.191,0.8238,0,0,0,0
391.223,0.8238,0,0,0,0
391.258,0.8238,0,0,0,0
391.289,0.8238,0,0,0,0
391.322,0.8238,0,0,0,0
391.356,0.8238,0,0,0,0
391.388,0.8238,0,0,0,0
391.423,0.8238,0,0,0,0
391.454,0.8238,0,0,0,0
391.490,0.8238,0,0,0,0
391.521,0.8238,0,0,0,0
391.556,0.8238,0,0,0,0
391.588,0.8238,0,0,0,0
391.623,0.8238,0,0,0,0
391.655,0.8238,0,0,0,0
391.688,0.8238,0,0,0,0
391.723,0.8238,0,0,0,0
391.754,0.8238,0,0,0,0
391.789,0.8238,0,0,0,0
391.822,0.8238,0,0,0,0
391.857,0.8238,0,0,0,0
391.889,0.8238,0,0,0,0
391.923,0.8238,0,0,0,0
391.956,0.8238,0,0,0,0
391.989,0.8238,0,0,0,0
392.021,0.8238,0,0,0,0
392.057,0.8238,0,0,0,0
392.088,0.8238,0,0,0,0
392.123,0.8238,0,0,0,0
392.154,0.8238,0,0,0,0
392.187,0.8238,0,0,0,0
392.222,0.8238,0,0,0,0
392.257,0.8238,0,0,0,0
392.289,0.8238,0,0,0,0
392.320,0.8238,0,0,0,0
392.356,0.8238,0,0,0,0
392.388,0.8238,0,0,0,0
392.421,0.8238,0,0,0,0
392.454,0.8238,0,0,0,0
392.489,0.8238,0,0,0,0
392.523,0.8238,0,0,0,0
392.557,0.8238,0,0,0,0
392.588,0.8238,0,0,0,0
392.624,0.8238,0,0,0,0
392.655,0.8238,0,0,0,0
392.688,0.8238,0,0,0,0
392.723,0.8238,0,0,0,0
392.756,0.8238,0,0,0,0
392.787,0.8238,0,0,0,0
392.823,0.8238,0,0,0,0
392.856,0.8238,0,0,0,0
392.887,0.8238,0,0,0,0
392.922,0.8238,0,0,0,0
392.954,0.8238,0,0,0,0
392.989,0.8238,0,0,0,0
393.024,0.8238,0,0,0,0
393.056,0.8238,0,0,0,0
393.091,0.8238,0,0,0,0
393.123,0.8238,0,0,0,0
393.154,0.8238,0,0,0,0
393.191,0.8238,0,0,0,0
393.223,0.8238,0,0,0,0
393.255,0.8238,0,0,0,0
393.289,0.8238,0,0,0,0
393.320,0.8238,0,0,0,0
393.354,0.8238,0,0,0,0
393.390,0.8238,0,0,0,0
393.423,0.8238,0,0,0,0
393.454,0.8238,0,0,0,0
393.490,0.8238,0,0,0,0
393.521,0.8238,0,0,0,0
393.555,0.8238,0,0,0,0
393.587,0.8238,0,0,0,0
393.622,0.8238,0,0,0,0
393.654,0.8238,0,0,0,0
393.689,0.8238,0,0,0,0
393.723,0.8238,0,0,0,0
393.758,0.8238,0,0,0,0
393.790,0.8238,0,0,0,0
393.821,0.8238,0,0,0,0
393.854,0.8238,0,0,0,0
393.887,0.8238,0,0,0,0
393.920,0.8238,0,0,0,0
393.954,0.8238,0,0,0,0
393.990,0.8238,0,0,0,0
394.023,0.8238,0,0,0,0
394.060,0.8238,0,0,0,0
394.090,0.8238,0,0,0,0
394.121,0.8238,0,0,0,0
394.155,0.8238,0,0,0,0
394.188,0.8238,0,0,0,0
394.223,0.8238,0,0,0,0
394.254,0.8238,0,0,0,0
394.289,0.8238,0,0,0,0
394.324,0.8238,0,0,0,0
394.355,0.8238,0,0,0,0
394.387,0.8238,0,0,0,0
394.422,0.8238,0,0,0,0
394.454,0.8238,0,0,0,0
394.490,0.8238,0,0,0,0
394.521,0.8238,0,0,0,0
394.557,0.8238,0,0,0,0
394.588,0.8238,0,0,0,0
394.624,0.8238,0,0,0,0
394.655,0.8238,0,0,0,0
394.690,0.8238,0,0,0,0
394.721,0.8238,0,0,0,0
394.756,0.8238,0,0,0,0
394.788,0.8238,0,0,0,0
394.824,0.8238,0,0,0,0
394.858,0.8238,0,0,0,0
394.888,0.8238,0,0,0,0
394.924,0.8238,0,0,0,0
394.954,0.8238,0,0,0,0
394.988,0.8238,0,0,0,0
395.022,0.8238,0,0,0,0
395.058,0.8238,0,0,0,0
395.089,0.8238,0,0,0,0
395.121,0.8238,0,0,0,0
395.157,0.8238,0,0,0,0
395.189,0.8238,0,0,0,0
395.223,0.8238,0,0,0,0
395.257,0.8238,0,0,0,0
395.290,0.8238,0,0,0,0
395.322,0.8238,0,0,0,0
395.354,0.8238,0,0,0,0
395.389,0.8238,0,0,0,0
395.421,0.8238,0,0,0,0
395.455,0.8238,0,0,0,0
395.487,0.8238,0,0,0,0
395.522,0.8238,0,0,0,0
395.557,0.8238,0,0,0,0
395.587,0.8238,0,0,0,0
395.622,0.8238,0,0,0,0
395.654,0.8238,0,0,0,0
395.690,0.8238,0,0,0,0
395.724,0.8238,0,0,0,0
395.757,0.8238,0,0,0,0
395.790,0.8238,0,0,0,0
395.821,0.8238,0,0,0,0
395.855,0.8238,0,0,0,0
395.887,0.8238,0,0,0,0
395.923,0.8238,0,0,0,0
395.955,0.8238,0,0,0,0
395.987,0.8238,0,0,0,0
396.023,0.8238,0,0,0,0
396.054,0.8238,0,0,0,0
396.091,0.8238,0,0,0,0
396.122,0.8238,0,0,0,0
396.154,0.8238,0,0,0,0
396.189,0.8238,0,0,0,0
396.221,0.8238,0,0,0,0
396.256,0.8238,0,0,0,0
396.287,0.8238,0,0,0,0
396.322,0.8238,0,0,0,0
396.357,0.8238,0,0,0,0
396.388,0.8238,0,0,0,0
396.420,0.8238,0,0,0,0
396.454,0.8238,0,0,0,0
396.490,0.8238,0,0,0,0
396.521,0.8238,0,0,0,0
396.555,0.8238,0,0,0,0
396.588,0.8238,0,0,0,0
396.623,0.8238,0,0,0,0
396.658,0.8238,0,0,0,0
396.689,0.8238,0,0,0,0
396.721,0.8238,0,0,0,0
396.754,0.8238,0,0,0,0
396.790,0.8238,0,0,0,0
396.822,0.8238,0,0,0,0
396.854,0.8238,0,0,0,0
396.890,0.8238,0,0,0,0
396.923,0.8238,0,0,0,0
396.957,0.8238,0,0,0,0
396.988,0.8238,0,0,0,0
397.020,0.8238,0,0,0,0
397.056,0.8238,0,0,0,0
397.090,0.8238,0,0,0,0
397.122,0.8238,0,0,0,0
397.157,0.8238,0,0,0,0
397.187,0.8238,0,0,0,0
397.224,0.8238,0,0,0,0
397.255,0.8238,0,0,0,0
397.290,0.8238,0,0,0,0
397.322,0.8238,0,0,0,0
397.356,0.8238,0,0,0,0
397.389,0.8238,0,0,0,0
397.421,0.8238,0,0,0,0
397.456,0.8238,0,0,0,0
397.489,0.8238,0,0,0,0
397.521,0.8238,0,0,0,0
397.557,0.8238,0,0,0,0
397.590,0.8238,0,0,0,0
397.622,0.8238,0,0,0,0
397.655,0.8238,0,0,0,0
397.687,0.8238,0,0,0,0
397.723,0.8238,0,0,0,0
397.755,0.8238,0,0,0,0
397.791,0.8238,0,0,0,0
397.823,0.8238,0,0,0,0
397.854,0.8238,0,0,0,0
397.889,0.8238,0,0,0,0
397.920,0.8238,0,0,0,0
397.956,0.8238,0,0,0,0
397.988,0.8238,0,0,0,0
398.024,0.8238,0,0,0,0
398.054,0.8238,0,0,0,0
398.089,0.8238,0,0,0,0
398.121,0.8238,0,0,0,0
398.156,0.8238,0,0,0,0
398.187,0.8238,0,0,0,0
398.223,0.8238,0,0,0,0
398.256,0.8238,0,0,0,0
398.288,0.8238,0,0,0,0
398.322,0.8238,0,0,0,0
398.356,0.8238,0,0,0,0
398.388,0.8238,0,0,0,0
398.423,0.8238,0,0,0,0
398.454,0.8238,0,0,0,0
398.490,0.8238,0,0,0,0
398.521,0.8238,0,0,0,0
398.557,0.8238,0,0,0,0
398.588,0.8238,0,0,0,0
398.621,0.8238,0,0,0,0
398.656,0.8238,0,0,0,0
398.687,0.8238,0,0,0,0
398.722,0.8238,0,0,0,0
398.758,0.8238,0,0,0,0
398.788,0.8238,0,0,0,0
398.824,0.8238,0,0,0,0
398.855,0.8238,0,0,0,0
398.890,0.8238,0,0,0,0
398.922,0.8238,0,0,0,0
398.957,0.8238,0,0,0,0
398.988,0.8238,0,0,0,0
399.023,0.8238,0,0,0,0
399.055,0.8238,0,0,0,0
399.088,0.8238,0,0,0,0
399.123,0.8238,0,0,0,0
399.156,0.8238,0,0,0,0
399.189,0.8238,0,0,0,0
399.224,0.8238,0,0,0,0
399.255,0.8238,0,0,0,0
399.290,0.8238,0,0,0,0
399.321,0.8238,0,0,0,0
399.357,0.8238,0,0,0,0
399.390,0.8238,0,0,0,0
399.421,0.8238,0,0,0,0
399.457,0.8238,0,0,0,0
399.490,0.8238,0,0,0,0
399.522,0.8238,0,0,0,0
399.557,0.8238,0,0,0,0
399.590,0.8238,0,0,0,0
399.621,0.8238,0,0,0,0
399.656,0.8238,0,0,0,0
399.688,0.8238,0,0,0,0
399.723,0.8238,0,0,0,0
399.754,0.8238,0,0,0,0
399.789,0.8238,0,0,0,0
399.820,0.8238,0,0,0,0
399.856,0.8238,0,0,0,0
399.890,0.8238,0,0,0,0
399.921,0.8238,0,0,0,0
399.957,0.8238,0,0,0,0
399.988,0.8238,0,0,0,0
400.021,0.8238,0,0,0,0
400.055,0.8238,0,0,0,0
400.090,0.8238,0,0,0,0
400.121,0.8238,0,0,0,0
400.157,0.8238,0,0,0,0
400.188,0.8238,0,0,0,0
400.220,0.8238,0,0,0,0
400.256,0.8238,0,0,0,0
400.288,0.8238,0,0,0,0
400.322,0.8238,0,0,0,0
400.354,0.8238,0,0,0,0
400.389,0.8238,0,0,0,0
400.421,0.8238,0,0,0,0
400.456,0.8238,0,0,0,0
400.489,0.8238,0,0,0,0
400.525,0.8238,0,0,0,0
400.557,0.8238,0,0,0,0
400.590,0.8238,0,0,0,0
400.624,0.8238,0,0,0,0
400.655,0.8238,0,0,0,0
400.688,0.8238,0,0,0,0
400.723,0.8238,0,0,0,0
400.757,0.8238,0,0,0,0
400.789,0.8238,0,0,0,0
400.821,0.8238,0,0,0,0
400.857,0.8238,0,0,0,0
400.889,0.8238,0,0,0,0
400.921,0.8238,0,0,0,0
400.955,0.8238,0,0,0,0
400.989,0.8238,0,0,0,0
401.022,0.8238,0,0,0,0
401.057,0.8238,0,0,0,0
401.089,0.8238,0,0,0,0
401.122,0.8238,0,0,0,0
401.156,0.8238,0,0,0,0
401.190,0.8238,0,0,0,0
401.223,0.8238,0,0,0,0
401.256,0.8238,0,0,0,0
401.289,0.8238,0,0,0,0
401.322,0.8238,0,0,0,0
401.355,0.8238,0,0,0,0
401.388,0.8238,0,0,0,0
401.425,0.8238,0,0,0,0
401.456,0.8238,0,0,0,0
401.490,0.8238,0,0,0,0
401.522,0.8238,0,0,0,0
401.556,0.8238,0,0,0,0
401.589,0.8238,0,0,0,0
401.623,0.8238,0,0,0,0
401.654,0.8238,0,0,0,0
401.688,0.8238,0,0,0,0
401.720,0.8238,0,0,0,0
401.756,0.8238,0,0,0,0
401.789,0.8238,0,0,0,0
401.821,0.8238,0,0,0,0
401.855,0.8238,0,0,0,0
401.891,0.8238,0,0,0,0
401.924,0.8238,0,0,0,0
401.955,0.8238,0,0,0,0
401.991,0.8238,0,0,0,0
402.022,0.8238,0,0,0,0
402.055,0.8238,0,0,0,0
402.088,0.8238,0,0,0,0
402.121,0.8238,0,0,0,0
402.154,0.8238,0,0,0,0
402.190,0.8238,0,0,0,0
402.221,0.8238,0,0,0,0
402.256,0.8238,0,0,0,0
402.288,0.8238,0,0,0,0
402.323,0.8238,0,0,0,0
402.354,0.8238,0,0,0,0
402.391,0.8238,0,0,0,0
402.423,0.8238,0,0,0,0
402.455,0.8238,0,0,0,0
402.487,0.8238,0,0,0,0
402.523,0.8238,0,0,0,0
402.564,0.8238,0,0,0,0
402.589,0.8238,0,0,0,0
402.625,0.8238,0,0,0,0
402.657,0.8238,0,0,0,0
402.690,0.8238,0,0,0,0
402.722,0.8238,0,0,0,0
402.754,0.8238,0,0,0,0
402.788,0.8238,0,0,0,0
402.823,0.8238,0,0,0,0
402.855,0.8238,0,0,0,0
402.887,0.8238,0,0,0,0
402.925,0.8238,0,0,0,0
402.954,0.8238,0,0,0,0
402.988,0.8238,0,0,0,0
403.023,0.8238,0,0,0,0
403.054,0.8238,0,0,0,0
403.090,0.8238,0,0,0,0
403.122,0.8238,0,0,0,0
403.154,0.8238,0,0,0,0
403.189,0.8238,0,0,0,0
403.221,0.8238,0,0,0,0
403.256,0.8238,0,0,0,0
403.287,0.8238,0,0,0,0
403.322,0.8238,0,0,0,0
403.363,0.8238,0,0,0,0
403.390,0.8238,0,0,0,0
403.424,0.8238,0,0,0,0
403.457,0.8238,0,0,0,0
403.490,0.8238,0,0,0,0
403.523,0.8238,0,0,0,0
403.557,0.8238,0,0,0,0
403.589,0.8238,0,0,0,0
403.623,0.8238,0,0,0,0
403.656,0.8238,0,0,0,0
403.689,0.8238,0,0,0,0
403.721,0.8238,0,0,0,0
403.755,0.8238,0,0,0,0
403.787,0.8238,0,0,0,0
403.824,0.8238,0,0,0,0
403.857,0.8238,0,0,0,0
403.889,0.8238,0,0,0,0
403.923,0.8238,0,0,0,0
403.955,0.8238,0,0,0,0
403.991,0.8238,0,0,0,0
404.023,0.8238,0,0,0,0
404.054,0.8238,0,0,0,0
404.090,0.8238,0,0,0,0
404.121,0.8238,0,0,0,0
404.155,0.8238,0,0,0,0
404.189,0.8238,0,0,0,0
404.222,0.8238,0,0,0,0
404.254,0.8238,0,0,0,0
404.291,0.8238,0,0,0,0
404.324,0.8238,0,0,0,0
404.354,0.8238,0,0,0,0
404.390,0.8238,0,0,0,0
404.422,0.8238,0,0,0,0
404.454,0.8238,0,0,0,0
404.487,0.8238,0,0,0,0
404.524,0.8238,0,0,0,0
404.556,0.8238,0,0,0,0
404.589,0.8238,0,0,0,0
404.621,0.8238,0,0,0,0
404.657,0.8238,0,0,0,0
404.688,0.8238,0,0,0,0
404.724,0.8238,0,0,0,0
404.754,0.8238,0,0,0,0
404.789,0.8238,0,0,0,0
404.821,0.8238,0,0,0,0
404.856,0.8238,0,0,0,0
404.891,0.8238,0,0,0,0
404.923,0.8238,0,0,0,0
404.957,0.8238,0,0,0,0
404.989,0.8238,0,0,0,0
405.023,0.8238,0,0,0,0
405.058,0.8238,0,0,0,0
405.089,0.8238,0,0,0,0
405.122,0.8238,0,0,0,0
405.156,0.8238,0,0,0,0
405.188,0.8238,0,0,0,0
405.220,0.8238,0,0,0,0
405.256,0.8238,0,0,0,0
405.291,0.8238,0,0,0,0
405.323,0.8238,0,0,0,0
405.354,0.8238,0,0,0,0
405.389,0.8238,0,0,0,0
405.421,0.8238,0,0,0,0
405.456,0.8238,0,0,0,0
405.490,0.8238,0,0,0,0
405.521,0.8238,0,0,0,0
405.557,0.8238,0,0,0,0
405.589,0.8238,0,0,0,0
405.620,0.8238,0,0,0,0
405.656,0.8238,0,0,0,0
405.688,0.8238,0,0,0,0
405.724,0.8238,0,0,0,0
405.756,0.8238,0,0,0,0
405.789,0.8238,0,0,0,0
405.821,0.8238,0,0,0,0
405.857,0.8238,0,0,0,0
405.888,0.8238,0,0,0,0
405.923,0.8238,0,0,0,0
405.954,0.8238,0,0,0,0
405.989,0.8238,0,0,0,0
406.021,0.8238,0,0,0,0
406.056,0.8238,0,0,0,0
406.087,0.8238,0,0,0,0
406.124,0.8238,0,0,0,0
406.155,0.8238,0,0,0,0
406.190,0.8238,0,0,0,0
406.222,0.8238,0,0,0,0
406.257,0.8238,0,0,0,0
406.288,0.8238,0,0,0,0
406.323,0.8238,0,0,0,0
406.354,0.8238,0,0,0,0
406.390,0.8238,0,0,0,0
406.422,0.8238,0,0,0,0
406.457,0.8238,0,0,0,0
406.488,0.8238,0,0,0,0
406.523,0.8238,0,0,0,0
406.555,0.8238,0,0,0,0
406.590,0.8238,0,0,0,0
406.624,0.8238,0,0,0,0
406.655,0.8238,0,0,0,0
406.687,0.8238,0,0,0,0
406.723,0.8238,0,0,0,0
406.754,0.8238,0,0,0,0
406.791,0.8238,0,0,0,0
406.822,0.8238,0,0,0,0
406.857,0.8238,0,0,0,0
406.889,0.8238,0,0,0,0
406.920,0.8238,0,0,0,0
406.957,0.8238,0,0,0,0
406.988,0.8238,0,0,0,0
407.022,0.8238,0,0,0,0
407.058,0.8238,0,0,0,0
407.089,0.8238,0,0,0,0
407.124,0.8238,0,0,0,0
407.154,0.8238,0,0,0,0
407.190,0.8238,0,0,0,0
407.220,0.8238,0,0,0,0
407.255,0.8238,0,0,0,0
407.288,0.8238,0,0,0,0
407.322,0.8238,0,0,0,0
407.356,0.8238,0,0,0,0
407.389,0.8238,0,0,0,0
407.424,0.8238,0,0,0,0
407.455,0.8238,0,0,0,0
407.487,0.8238,0,0,0,0
407.523,0.8238,0,0,0,0
407.554,0.8238,0,0,0,0
407.589,0.8238,0,0,0,0
407.622,0.8238,0,0,0,0
407.654,0.8238,0,0,0,0
407.689,0.8238,0,0,0,0
407.720,0.8238,0,0,0,0
407.756,0.8238,0,0,0,0
407.787,0.8238,0,0,0,0
407.822,0.8238,0,0,0,0
407.857,0.8238,0,0,0,0
407.888,0.8238,0,0,0,0
407.923,0.8238,0,0,0,0
407.954,0.8238,0,0,0,0
407.990,0.8238,0,0,0,0
408.021,0.8238,0,0,0,0
408.057,0.8238,0,0,0,0
408.088,0.8238,0,0,0,0
408.122,0.8238,0,0,0,0
408.156,0.8238,0,0,0,0
408.190,0.8238,0,0,0,0
408.222,0.8238,0,0,0,0
408.255,0.8238,0,0,0,0
408.289,0.8238,0,0,0,0
408.324,0.8238,0,0,0,0
408.356,0.8238,0,0,0,0
408.388,0.8238,0,0,0,0
408.421,0.8238,0,0,0,0
408.454,0.8238,0,0,0,0
408.490,0.8238,0,0,0,0
408.522,0.8238,0,0,0,0
408.554,0.8238,0,0,0,0
408.590,0.8238,0,0,0,0
408.621,0.8238,0,0,0,0
408.656,0.8238,0,0,0,0
408.687,0.8238,0,0,0,0
408.723,0.8238,0,0,0,0
408.754,0.8238,0,0,0,0
408.790,0.8238,0,0,0,0
408.821,0.8238,0,0,0,0
408.855,0.8238,0,0,0,0
408.891,0.8238,0,0,0,0
408.923,0.8238,0,0,0,0
408.956,0.8238,0,0,0,0
408.990,0.8238,0,0,0,0
409.023,0.8238,0,0,0,0
409.054,0.8238,0,0,0,0
409.089,0.8238,0,0,0,0
409.121,0.8238,0,0,0,0
409.157,0.8238,0,0,0,0
409.188,0.8238,0,0,0,0
409.223,0.8238,0,0,0,0
409.255,0.8238,0,0,0,0
409.287,0.8238,0,0,0,0
409.321,0.8238,0,0,0,0
409.357,0.8238,0,0,0,0
409.388,0.8238,0,0,0,0
409.423,0.8238,0,0,0,0
409.456,0.8238,0,0,0,0
409.491,0.8238,0,0,0,0
409.522,0.8238,0,0,0,0
409.556,0.8238,0,0,0,0
409.588,0.8238,0,0,0,0
409.623,0.8238,0,0,0,0
409.654,0.8238,0,0,0,0
409.689,0.8238,0,0,0,0
409.721,0.8238,0,0,0,0
409.755,0.8238,0,0,0,0
409.789,0.8238,0,0,0,0
409.822,0.8238,0,0,0,0
409.855,0.8238,0,0,0,0
409.889,0.8238,0,0,0,0
409.921,0.8238,0,0,0,0
409.955,0.8238,0,0,0,0
409.990,0.8238,0,0,0,0
410.022,0.8238,0,0,0,0
410.055,0.8238,0,0,0,0
410.091,0.8238,0,0,0,0
410.122,0.8238,0,0,0,0
410.154,0.8238,0,0,0,0
410.189,0.8238,0,0,0,0
410.222,0.8238,0,0,0,0
410.257,0.8238,0,0,0,0
410.288,0.8238,0,0,0,0
410.324,0.8238,0,0,0,0
410.355,0.8238,0,0,0,0
410.390,0.8238,0,0,0,0
410.422,0.8238,0,0,0,0
410.457,0.8238,0,0,0,0
410.488,0.8238,0,0,0,0
410.520,0.8238,0,0,0,0
410.556,0.8238,0,0,0,0
410.589,0.8238,0,0,0,0
410.623,0.8238,0,0,0,0
410.658,0.8238,0,0,0,0
410.690,0.8238,0,0,0,0
410.721,0.8238,0,0,0,0
410.757,0.8238,0,0,0,0
410.790,0.8238,0,0,0,0
410.821,0.8238,0,0,0,0
410.857,0.8238,0,0,0,0
410.889,0.8238,0,0,0,0
410.920,0.8238,0,0,0,0
410.957,0.8238,0,0,0,0
410.988,0.8238,0,0,0,0
411.024,0.8238,0,0,0,0
411.055,0.8238,0,0,0,0
411.087,0.8238,0,0,0,0
411.122,0.8238,0,0,0,0
411.156,0.8238,0,0,0,0
411.188,0.8238,0,0,0,0
411.223,0.8238,0,0,0,0
411.254,0.8238,0,0,0,0
411.289,0.8238,0,0,0,0
411.321,0.8238,0,0,0,0
411.354,0.8238,0,0,0,0
411.385,0.8238,0,0,0,0
411.423,0.8238,0,0,0,0
411.457,0.8238,0,0,0,0
411.488,0.8238,0,0,0,0
411.522,0.8238,0,0,0,0
411.556,0.8238,0,0,0,0
411.590,0.8238,0,0,0,0
411.623,0.8238,0,0,0,0
411.654,0.8238,0,0,0,0
411.690,0.8238,0,0,0,0
411.723,0.8238,0,0,0,0
411.755,0.8238,0,0,0,0
411.791,0.8238,0,0,0,0
411.823,0.8238,0,0,0,0
411.854,0.8238,0,0,0,0
411.890,0.8238,0,0,0,0
411.921,0.8238,0,0,0,0
411.957,0.8238,0,0,0,0
411.988,0.8238,0,0,0,0
412.023,0.8238,0,0,0,0
412.054,0.8238,0,0,0,0
412.089,0.8238,0,0,0,0
412.123,0.8238,0,0,0,0
412.154,0.8238,0,0,0,0
412.189,0.8238,0,0,0,0
412.218,0.8238,0,0,0,0
412.257,0.8238,0,0,0,0
412.289,0.8238,0,0,0,0
412.323,0.8238,0,0,0,0
412.357,0.8238,0,0,0,0
412.390,0.8238,0,0,0,0
412.424,0.8238,0,0,0,0
412.456,0.8238,0,0,0,0
412.488,0.8238,0,0,0,0
412.524,0.8238,0,0,0,0
412.554,0.8238,0,0,0,0
412.588,0.8238,0,0,0,0
412.623,0.8238,0,0,0,0
412.654,0.8238,0,0,0,0
412.690,0.8238,0,0,0,0
412.721,0.8238,0,0,0,0
412.756,0.8238,0,0,0,0
412.787,0.8238,0,0,0,0
412.822,0.8238,0,0,0,0
412.854,0.8238,0,0,0,0
412.889,0.8238,0,0,0,0
412.923,0.8238,0,0,0,0
412.955,0.8238,0,0,0,0
412.990,0.8238,0,0,0,0
413.021,0.8238,0,0,0,0
413.055,0.8238,0,0,0,0
413.089,0.8238,0,0,0,0
413.124,0.8238,0,0,0,0
413.156,0.8238,0,0,0,0
413.188,0.8238,0,0,0,0
413.224,0.8238,0,0,0,0
413.256,0.8238,0,0,0,0
413.288,0.8238,0,0,0,0
413.321,0.8238,0,0,0,0
413.357,0.8238,0,0,0,0
413.388,0.8238,0,0,0,0
413.423,0.8238,0,0,0,0
413.454,0.8238,0,0,0,0
413.489,0.8238,0,0,0,0
413.520,0.8238,0,0,0,0
413.555,0.8238,0,0,0,0
413.590,0.8238,0,0,0,0
413.624,0.8238,0,0,0,0
413.655,0.8238,0,0,0,0
413.689,0.8238,0,0,0,0
413.724,0.8238,0,0,0,0
413.757,0.8238,0,0,0,0
413.789,0.8238,0,0,0,0
413.824,0.8238,0,0,0,0
413.858,0.8238,0,0,0,0
413.887,0.8238,0,0,0,0
413.923,0.8238,0,0,0,0
413.956,0.8238,0,0,0,0
413.989,0.8238,0,0,0,0
414.023,0.8238,0,0,0,0
414.054,0.8238,0,0,0,0
414.088,0.8238,0,0,0,0
414.123,0.8238,0,0,0,0
414.154,0.8238,0,0,0,0
414.190,0.8238,0,0,0,0
414.222,0.8238,0,0,0,0
414.255,0.8238,0,0,0,0
414.287,0.8238,0,0,0,0
414.323,0.8238,0,0,0,0
414.355,0.8238,0,0,0,0
414.390,0.8238,0,0,0,0
414.421,0.8238,0,0,0,0
414.455,0.8238,0,0,0,0
414.489,0.8238,0,0,0,0
414.525,0.8238,0,0,0,0
414.556,0.8238,0,0,0,0
414.587,0.8238,0,0,0,0
414.624,0.8238,0,0,0,0
414.656,0.8238,0,0,0,0
414.688,0.8238,0,0,0,0
414.721,0.8238,0,0,0,0
414.757,0.8238,0,0,0,0
414.788,0.8238,0,0,0,0
414.821,0.8238,0,0,0,0
414.854,0.8238,0,0,0,0
414.889,0.8238,0,0,0,0
414.924,0.8238,0,0,0,0
414.954,0.8238,0,0,0,0
414.989,0.8238,0,0,0,0
415.021,0.8238,0,0,0,0
415.057,0.8238,0,0,0,0
415.090,0.8238,0,0,0,0
415.121,0.8238,0,0,0,0
415.157,0.8238,0,0,0,0
415.189,0.8238,0,0,0,0
415.221,0.8238,0,0,0,0
415.256,0.8238,0,0,0,0
415.288,0.8238,0,0,0,0
415.323,0.8238,0,0,0,0
415.354,0.8238,0,0,0,0
415.389,0.8238,0,0,0,0
415.421,0.8238,0,0,0,0
415.456,0.8238,0,0,0,0
415.491,0.8238,0,0,0,0
415.521,0.8238,0,0,0,0
415.556,0.8238,0,0,0,0
415.593,0.8238,0,0,0,0
415.623,0.8238,0,0,0,0
415.654,0.8238,0,0,0,0
415.689,0.8238,0,0,0,0
415.723,0.8238,0,0,0,0
415.754,0.8238,0,0,0,0
415.790,0.8238,0,0,0,0
415.821,0.8238,0,0,0,0
415.856,0.8238,0,0,0,0
415.888,0.8238,0,0,0,0
415.923,0.8238,0,0,0,0
415.954,0.8238,0,0,0,0
415.991,0.8238,0,0,0,0
416.023,0.8238,0,0,0,0
416.058,0.8238,0,0,0,0
416.089,0.8238,0,0,0,0
416.121,0.8238,0,0,0,0
416.156,0.8238,0,0,0,0
416.187,0.8238,0,0,0,0
416.222,0.8238,0,0,0,0
416.256,0.8238,0,0,0,0
416.289,0.8238,0,0,0,0
416.320,0.8238,0,0,0,0
416.356,0.8238,0,0,0,0
416.391,0.8238,0,0,0,0
416.424,0.8238,0,0,0,0
416.456,0.8238,0,0,0,0
416.489,0.8238,0,0,0,0
416.523,0.8238,0,0,0,0
416.557,0.8238,0,0,0,0
416.589,0.8238,0,0,0,0
416.621,0.8238,0,0,0,0
416.657,0.8238,0,0,0,0
416.689,0.8238,0,0,0,0
416.720,0.8238,0,0,0,0
416.756,0.8238,0,0,0,0
416.787,0.8238,0,0,0,0
416.824,0.8238,0,0,0,0
416.855,0.8238,0,0,0,0
416.889,0.8238,0,0,0,0
416.922,0.8238,0,0,0,0
416.956,0.8238,0,0,0,0
416.987,0.8238,0,0,0,0
417.022,0.8238,0,0,0,0
417.054,0.8238,0,0,0,0
417.090,0.8238,0,0,0,0
417.121,0.8238,0,0,0,0
417.155,0.8238,0,0,0,0
417.187,0.8238,0,0,0,0
417.221,0.8238,0,0,0,0
417.254,0.8238,0,0,0,0
417.289,0.8238,0,0,0,0
417.324,0.8238,0,0,0,0
417.354,0.8238,0,0,0,0
417.388,0.8238,0,0,0,0
417.422,0.8238,0,0,0,0
417.454,0.8238,0,0,0,0
417.489,0.8238,0,0,0,0
417.522,0.8238,0,0,0,0
417.555,0.8238,0,0,0,0
417.587,0.8238,0,0,0,0
417.623,0.8238,0,0,0,0
417.654,0.8238,0,0,0,0
417.691,0.8238,0,0,0,0
417.723,0.8238,0,0,0,0
417.755,0.8238,0,0,0,0
417.791,0.8238,0,0,0,0
417.824,0.8238,0,0,0,0
417.854,0.8238,0,0,0,0
417.887,0.8238,0,0,0,0
417.922,0.8238,0,0,0,0
417.957,0.8238,0,0,0,0
417.988,0.8238,0,0,0,0
418.022,0.8238,0,0,0,0
418.054,0.8238,0,0,0,0
418.089,0.8238,0,0,0,0
418.121,0.8238,0,0,0,0
418.154,0.8238,0,0,0,0
418.191,0.8238,0,0,0,0
418.223,0.8238,0,0,0,0
418.256,0.8238,0,0,0,0
418.287,0.8238,0,0,0,0
418.321,0.8238,0,0,0,0
418.354,0.8238,0,0,0,0
418.390,0.8238,0,0,0,0
418.421,0.8238,0,0,0,0
418.457,0.8238,0,0,0,0
418.489,0.8238,0,0,0,0
418.521,0.8238,0,0,0,0
418.554,0.8238,0,0,0,0
418.590,0.8238,0,0,0,0
418.622,0.8238,0,0,0,0
418.655,0.8238,0,0,0,0
418.689,0.8238,0,0,0,0
418.724,0.8238,0,0,0,0
418.754,0.8238,0,0,0,0
418.790,0.8238,0,0,0,0
418.823,0.8238,0,0,0,0
418.856,0.8238,0,0,0,0
418.889,0.8238,0,0,0,0
418.921,0.8238,0,0,0,0
418.957,0.8238,0,0,0,0
418.990,0.8238,0,0,0,0
419.023,0.8238,0,0,0,0
419.055,0.8238,0,0,0,0
419.088,0.8238,0,0,0,0
419.123,0.8238,0,0,0,0
419.155,0.8238,0,0,0,0
419.188,0.8238,0,0,0,0
419.223,0.8238,0,0,0,0
419.254,0.8238,0,0,0,0
419.290,0.8238,0,0,0,0
419.323,0.8238,0,0,0,0
419.356,0.8238,0,0,0,0
419.388,0.8238,0,0,0,0
419.424,0.8238,0,0,0,0
419.457,0.8238,0,0,0,0
419.489,0.8238,0,0,0,0
419.521,0.8238,0,0,0,0
419.556,0.8238,0,0,0,0
419.587,0.8238,0,0,0,0
419.623,0.8238,0,0,0,0
419.656,0.8238,0,0,0,0
419.692,0.8238,0,0,0,0
419.722,0.8238,0,0,0,0
419.754,0.8238,0,0,0,0
419.788,0.8238,0,0,0,0
419.824,0.8238,0,0,0,0
419.854,0.8238,0,0,0,0
419.888,0.8238,0,0,0,0
419.922,0.8238,0,0,0,0
419.956,0.8238,0,0,0,0
419.987,0.8238,0,0,0,0
420.022,0.8238,0,0,0,0
420.054,0.8238,0,0,0,0
420.091,0.8238,0,0,0,0
420.122,0.8238,0,0,0,0
420.157,0.8238,0,0,0,0
420.189,0.8238,0,0,0,0
420.220,0.8238,0,0,0,0
420.256,0.8238,0,0,0,0
420.288,0.8238,0,0,0,0
420.323,0.8238,0,0,0,0
420.354,0.8238,0,0,0,0
420.387,0.8238,0,0,0,0
420.421,0.8238,0,0,0,0
420.456,0.8238,0,0,0,0
420.487,0.8238,0,0,0,0
420.523,0.8238,0,0,0,0
420.555,0.8238,0,0,0,0
420.588,0.8238,0,0,0,0
420.624,0.8238,0,0,0,0
420.655,0.8238,0,0,0,0
420.690,0.8238,0,0,0,0
420.724,0.8238,0,0,0,0
420.756,0.8238,0,0,0,0
420.788,0.8238,0,0,0,0
420.824,0.8238,0,0,0,0
420.855,0.8238,0,0,0,0
420.888,0.8238,0,0,0,0
420.923,0.8238,0,0,0,0
420.955,0.8238,0,0,0,0
420.990,0.8238,0,0,0,0
421.022,0.8238,0,0,0,0
421.055,0.8238,0,0,0,0
421.089,0.8238,0,0,0,0
421.125,0.8238,0,0,0,0
421.157,0.8238,0,0,0,0
421.188,0.8238,0,0,0,0
421.223,0.8238,0,0,0,0
421.254,0.8238,0,0,0,0
421.290,0.8238,0,0,0,0
421.321,0.8238,0,0,0,0
421.355,0.8238,0,0,0,0
421.390,0.8238,0,0,0,0
421.424,0.8238,0,0,0,0
421.455,0.8238,0,0,0,0
421.491,0.8238,0,0,0,0
421.522,0.8238,0,0,0,0
421.554,0.8238,0,0,0,0
421.591,0.8238,0,0,0,0
421.622,0.8238,0,0,0,0
421.655,0.8238,0,0,0,0
421.691,0.8238,0,0,0,0
421.721,0.8238,0,0,0,0
421.754,0.8238,0,0,0,0
421.787,0.8238,0,0,0,0
421.822,0.8238,0,0,0,0
421.858,0.8238,0,0,0,0
421.890,0.8238,0,0,0,0
421.921,0.8238,0,0,0,0
421.956,0.8238,0,0,0,0
421.989,0.8238,0,0,0,0
422.024,0.8238,0,0,0,0
422.055,0.8238,0,0,0,0
422.087,0.8238,0,0,0,0
422.122,0.8238,0,0,0,0
422.156,0.8238,0,0,0,0
422.190,0.8238,0,0,0,0
422.221,0.8238,0,0,0,0
422.256,0.8238,0,0,0,0
422.288,0.8238,0,0,0,0
422.324,0.8238,0,0,0,0
422.356,0.8238,0,0,0,0
422.387,0.8238,0,0,0,0
422.422,0.8238,0,0,0,0
422.454,0.8238,0,0,0,0
422.490,0.8238,0,0,0,0
422.521,0.8238,0,0,0,0
422.556,0.8238,0,0,0,0
422.588,0.8238,0,0,0,0
422.623,0.8238,0,0,0,0
422.654,0.8238,0,0,0,0
422.690,0.8238,0,0,0,0
422.722,0.8238,0,0,0,0
422.757,0.8238,0,0,0,0
422.787,0.8238,0,0,0,0
422.823,0.8238,0,0,0,0
422.854,0.8238,0,0,0,0
422.889,0.8238,0,0,0,0
422.925,0.8238,0,0,0,0
422.954,0.8238,0,0,0,0
422.988,0.8238,0,0,0,0
423.022,0.8238,0,0,0,0
423.055,0.8238,0,0,0,0
423.089,0.8238,0,0,0,0
423.123,0.8238,0,0,0,0
423.154,0.8238,0,0,0,0
423.187,0.8238,0,0,0,0
423.223,0.8238,0,0,0,0
423.254,0.8238,0,0,0,0
423.290,0.8238,0,0,0,0
423.322,0.8238,0,0,0,0
423.354,0.8238,0,0,0,0
423.389,0.8238,0,0,0,0
423.421,0.8238,0,0,0,0
423.457,0.8238,0,0,0,0
423.488,0.8238,0,0,0,0
423.523,0.8238,0,0,0,0
423.554,0.8238,0,0,0,0
423.589,0.8238,0,0,0,0
423.620,0.8238,0,0,0,0
423.654,0.8238,0,0,0,0
423.689,0.8238,0,0,0,0
423.720,0.8238,0,0,0,0
423.754,0.8238,0,0,0,0
423.789,0.8238,0,0,0,0
423.823,0.8238,0,0,0,0
423.854,0.8238,0,0,0,0
423.888,0.8238,0,0,0,0
423.923,0.8238,0,0,0,0
423.954,0.8238,0,0,0,0
423.990,0.8238,0,0,0,0
424.023,0.8238,0,0,0,0
424.054,0.8238,0,0,0,0
424.091,0.8238,0,0,0,0
424.123,0.8238,0,0,0,0
424.155,0.8238,0,0,0,0
424.190,0.8238,0,0,0,0
424.223,0.8238,0,0,0,0
424.254,0.8238,0,0,0,0
424.289,0.8238,0,0,0,0
424.324,0.8238,0,0,0,0
424.355,0.8238,0,0,0,0
424.391,0.8238,0,0,0,0
424.422,0.8238,0,0,0,0
424.456,0.8238,0,0,0,0
424.488,0.8238,0,0,0,0
424.523,0.8238,0,0,0,0
424.557,0.8238,0,0,0,0
424.588,0.8238,0,0,0,0
424.621,0.8238,0,0,0,0
424.656,0.8238,0,0,0,0
424.687,0.8238,0,0,0,0
424.722,0.8238,0,0,0,0
424.754,0.8238,0,0,0,0
424.790,0.8238,0,0,0,0
424.822,0.8238,0,0,0,0
424.855,0.8238,0,0,0,0
424.887,0.8238,0,0,0,0
424.923,0.8238,0,0,0,0
424.955,0.8238,0,0,0,0
424.991,0.8238,0,0,0,0
425.023,0.8238,0,0,0,0
425.054,0.8238,0,0,0,0
425.090,0.8238,0,0,0,0
425.121,0.8238,0,0,0,0
425.156,0.8238,0,0,0,0
425.187,0.8238,0,0,0,0
425.222,0.8238,0,0,0,0
425.254,0.8238,0,0,0,0
425.289,0.8238,0,0,0,0
425.324,0.8238,0,0,0,0
425.357,0.8238,0,0,0,0
425.389,0.8238,0,0,0,0
425.420,0.8238,0,0,0,0
425.454,0.8238,0,0,0,0
425.488,0.8238,0,0,0,0
425.522,0.8238,0,0,0,0
425.555,0.8238,0,0,0,0
425.590,0.8238,0,0,0,0
425.621,0.8238,0,0,0,0
425.657,0.8238,0,0,0,0
425.688,0.8238,0,0,0,0
425.724,0.8238,0,0,0,0
425.756,0.8238,0,0,0,0
425.788,0.8238,0,0,0,0
425.823,0.8238,0,0,0,0
425.854,0.8238,0,0,0,0
425.889,0.8238,0,0,0,0
425.921,0.8238,0,0,0,0
425.956,0.8238,0,0,0,0
425.989,0.8238,0,0,0,0
426.023,0.8238,0,0,0,0
426.057,0.8238,0,0,0,0
426.090,0.8238,0,0,0,0
426.120,0.8238,0,0,0,0
426.156,0.8238,0,0,0,0
426.188,0.8238,0,0,0,0
426.222,0.8238,0,0,0,0
426.256,0.8238,0,0,0,0
426.287,0.8238,0,0,0,0
426.323,0.8238,0,0,0,0
426.355,0.8238,0,0,0,0
426.387,0.8238,0,0,0,0
426.420,0.8238,0,0,0,0
426.454,0.8238,0,0,0,0
426.489,0.8238,0,0,0,0
426.523,0.8238,0,0,0,0
426.554,0.8238,0,0,0,0
426.591,0.8238,0,0,0,0
426.623,0.8238,0,0,0,0
426.654,0.8238,0,0,0,0
426.689,0.8238,0,0,0,0
426.720,0.8238,0,0,0,0
426.755,0.8238,0,0,0,0
426.790,0.8238,0,0,0,0
426.821,0.8238,0,0,0,0
426.857,0.8238,0,0,0,0
426.888,0.8238,0,0,0,0
426.924,0.8238,0,0,0,0
426.954,0.8238,0,0,0,0
426.994,0.8238,0,0,0,0
427.021,0.8238,0,0,0,0
427.057,0.8238,0,0,0,0
427.087,0.8238,0,0,0,0
427.122,0.8238,0,0,0,0
427.155,0.8238,0,0,0,0
427.190,0.8238,0,0,0,0
427.221,0.8238,0,0,0,0
427.257,0.8238,0,0,0,0
427.289,0.8238,0,0,0,0
427.321,0.8238,0,0,0,0
427.356,0.8238,0,0,0,0
427.388,0.8238,0,0,0,0
427.423,0.8238,0,0,0,0
427.454,0.8238,0,0,0,0
427.490,0.8238,0,0,0,0
427.522,0.8238,0,0,0,0
427.557,0.8238,0,0,0,0
427.589,0.8238,0,0,0,0
427.623,0.8238,0,0,0,0
427.656,0.8238,0,0,0,0
427.691,0.8238,0,0,0,0
427.722,0.8238,0,0,0,0
427.755,0.8238,0,0,0,0
427.790,0.8238,0,0,0,0
427.823,0.8238,0,0,0,0
427.855,0.8238,0,0,0,0
427.888,0.8238,0,0,0,0
427.923,0.8238,0,0,0,0
427.954,0.8238,0,0,0,0
427.987,0.8238,0,0,0,0
428.023,0.8238,0,0,0,0
428.056,0.8238,0,0,0,0
428.089,0.8238,0,0,0,0
428.122,0.8238,0,0,0,0
428.154,0.8238,0,0,0,0
428.488,0.8238,0,0,0,0
428.519,0.8238,0,0,0,0
428.544,0.8238,0,0,0,0
428.578,0.8238,0,0,0,0
428.613,0.8238,0,0,0,0
428.646,0.8238,0,0,0,0
428.677,0.8238,0,0,0,0
428.710,0.8238,0,0,0,0
428.743,0.8238,0,0,0,0
428.777,0.8238,0,0,0,0
428.811,0.8238,0,0,0,0
428.844,0.8238,0,0,0,0
428.878,0.8238,0,0,0,0
428.911,0.8238,0,0,0,0
428.943,0.8238,0,0,0,0
428.978,0.8238,0,0,0,0
429.010,0.8238,0,0,0,0
429.044,0.8238,0,0,0,0
429.076,0.8238,0,0,0,0
429.109,0.8238,0,0,0,0
429.143,0.8238,0,0,0,0
429.178,0.8238,0,0,0,0
429.210,0.8238,0,0,0,0
429.243,0.8238,0,0,0,0
429.277,0.8238,0,0,0,0
429.313,0.8238,0,0,0,0
429.342,0.8238,0,0,0,0
429.378,0.8238,0,0,0,0
429.409,0.8238,0,0,0,0
429.443,0.8238,0,0,0,0
429.475,0.8238,0,0,0,0
429.511,0.8238,0,0,0,0
429.544,0.8238,0,0,0,0
429.576,0.8238,0,0,0,0
429.613,0.8238,0,0,0,0
429.644,0.8238,0,0,0,0
429.678,0.8238,0,0,0,0
429.711,0.8238,0,0,0,0
429.743,0.8238,0,0,0,0
429.775,0.8238,0,0,0,0
429.811,0.8238,0,0,0,0
429.843,0.8238,0,0,0,0
429.878,0.8238,0,0,0,0
429.909,0.8238,0,0,0,0
429.944,0.8238,0,0,0,0
429.979,0.8238,0,0,0,0
430.010,0.8238,0,0,0,0
430.167,0.8238,0,0,0,0
430.182,0.8238,0,0,0,0
430.214,0.8238,0,0,0,0
430.250,0.8238,0,0,0,0
430.282,0.8238,0,0,0,0
430.316,0.8238,0,0,0,0
430.349,0.8238,0,0,0,0
430.381,0.8238,0,0,0,0
430.415,0.8238,0,0,0,0
430.451,0.8238,0,0,0,0
430.484,0.8238,0,0,0,0
430.517,0.8238,0,0,0,0
430.549,0.8238,0,0,0,0
430.582,0.8238,0,0,0,0
430.617,0.8238,0,0,0,0
430.648,0.8238,0,0,0,0
430.681,0.8238,0,0,0,0
430.715,0.8238,0,0,0,0
430.748,0.8238,0,0,0,0
430.780,0.8238,0,0,0,0
430.817,0.8238,0,0,0,0
430.849,0.8238,0,0,0,0
430.881,0.8238,0,0,0,0
430.914,0.8238,0,0,0,0
430.951,0.8238,0,0,0,0
430.983,0.8238,0,0,0,0
431.015,0.8238,0,0,0,0
431.047,0.8238,0,0,0,0
431.082,0.8238,0,0,0,0
431.116,0.8238,0,0,0,0
431.150,0.8238,0,0,0,0
431.182,0.8238,0,0,0,0
431.215,0.8238,0,0,0,0
431.250,0.8238,0,0,0,0
431.281,0.8238,0,0,0,0
431.315,0.8238,0,0,0,0
431.347,0.8238,0,0,0,0
431.384,0.8238,0,0,0,0
431.415,0.8238,0,0,0,0
431.456,0.8238,0,0,0,0
431.481,0.8238,0,0,0,0
431.514,0.8238,0,0,0,0
431.548,0.8238,0,0,0,0
431.582,0.8238,0,0,0,0
431.615,0.8238,0,0,0,0
431.647,0.8238,0,0,0,0
431.681,0.8238,0,0,0,0
431.715,0.8238,0,0,0,0
431.750,0.8238,0,0,0,0
431.781,0.8238,0,0,0,0
431.816,0.8238,0,0,0,0
431.849,0.8238,0,0,0,0
431.882,0.8238,0,0,0,0
431.914,0.8238,0,0,0,0
431.950,0.8238,0,0,0,0
431.980,0.8238,0,0,0,0
432.014,0.8238,0,0,0,0
432.048,0.8238,0,0,0,0
432.083,0.8238,0,0,0,0
432.116,0.8238,0,0,0,0
432.149,0.8238,0,0,0,0
432.182,0.8238,0,0,0,0
432.217,0.8238,0,0,0,0
432.248,0.8238,0,0,0,0
432.281,0.8238,0,0,0,0
432.322,0.8238,0,0,0,0
432.347,0.8238,0,0,0,0
432.382,0.8238,0,0,0,0
432.415,0.8238,0,0,0,0
432.448,0.8238,0,0,0,0
432.483,0.8238,0,0,0,0
432.516,0.8238,0,0,0,0
432.549,0.8238,0,0,0,0
432.584,0.8238,0,0,0,0
432.616,0.8238,0,0,0,0
432.652,0.8238,0,0,0,0
432.687,0.8238,0,0,0,0
432.715,0.8238,0,0,0,0
432.748,0.8238,0,0,0,0
432.782,0.8238,0,0,0,0
432.819,0.8238,0,0,0,0
432.847,0.8238,0,0,0,0
432.881,0.8238,0,0,0,0
432.914,0.8238,0,0,0,0
432.948,0.8238,0,0,0,0
432.984,0.8238,0,0,0,0
433.014,0.8238,0,0,0,0
433.049,0.8238,0,0,0,0
433.084,0.8238,0,0,0,0
433.113,0.8238,0,0,0,0
433.151,0.8238,0,0,0,0
433.182,0.8238,0,0,0,0
433.223,0.8238,0,0,0,0
433.249,0.8238,0,0,0,0
433.281,0.8238,0,0,0,0
433.314,0.8238,0,0,0,0
433.348,0.8238,0,0,0,0
433.383,0.8238,0,0,0,0
433.417,0.8238,0,0,0,0
433.450,0.8238,0,0,0,0
433.483,0.8238,0,0,0,0
433.518,0.8238,0,0,0,0
433.551,0.8238,0,0,0,0
433.581,0.8238,0,0,0,0
433.616,0.8238,0,0,0,0
433.707,0.8238,0,0,0,0
433.730,0.8238,0,0,0,0
433.752,0.8238,0,0,0,0
433.785,0.8238,0,0,0,0
433.817,0.8238,0,0,0,0
433.852,0.8238,0,0,0,0
433.884,0.8238,0,0,0,0
433.918,0.8238,0,0,0,0
433.950,0.8238,0,0,0,0
433.985,0.8238,0,0,0,0
434.019,0.8238,0,0,0,0
434.052,0.8238,0,0,0,0
434.088,0.8238,0,0,0,0
434.120,0.8238,0,0,0,0
434.150,0.8238,0,0,0,0
434.186,0.8238,0,0,0,0
434.219,0.8238,0,0,0,0
434.253,0.8238,0,0,0,0
434.285,0.8238,0,0,0,0
434.318,0.8238,0,0,0,0
434.352,0.8238,0,0,0,0
434.386,0.8238,0,0,0,0
434.417,0.8238,0,0,0,0
434.451,0.8238,0,0,0,0
434.484,0.8238,0,0,0,0
434.519,0.8238,0,0,0,0
434.551,0.8238,0,0,0,0
434.584,0.8238,0,0,0,0
434.617,0.8238,0,0,0,0
434.652,0.8238,0,0,0,0
434.684,0.8238,0,0,0,0
434.716,0.8238,0,0,0,0
434.751,0.8238,0,0,0,0
434.785,0.8238,0,0,0,0
434.820,0.8238,0,0,0,0
434.849,0.8238,0,0,0,0
434.883,0.8238,0,0,0,0
434.917,0.8238,0,0,0,0
434.952,0.8238,0,0,0,0
434.983,0.8238,0,0,0,0
435.019,0.8238,0,0,0,0
435.051,0.8238,0,0,0,0
435.084,0.8238,0,0,0,0
435.119,0.8238,0,0,0,0
435.151,0.8238,0,0,0,0
435.186,0.8238,0,0,0,0
435.218,0.8238,0,0,0,0
435.254,0.8238,0,0,0,0
435.286,0.8238,0,0,0,0
435.317,0.8238,0,0,0,0
435.353,0.8238,0,0,0,0
435.385,0.8238,0,0,0,0
435.419,0.8238,0,0,0,0
435.450,0.8238,0,0,0,0
435.484,0.8238,0,0,0,0
435.520,0.8238,0,0,0,0
435.551,0.8238,0,0,0,0
435.585,0.8238,0,0,0,0
435.617,0.8238,0,0,0,0
435.650,0.8238,0,0,0,0
435.684,0.8238,0,0,0,0
435.717,0.8238,0,0,0,0
435.747,0.8238,0,0,0,0
435.784,0.8238,0,0,0,0
435.818,0.8238,0,0,0,0
435.851,0.8238,0,0,0,0
435.885,0.8238,0,0,0,0
435.918,0.8238,0,0,0,0
435.952,0.8238,0,0,0,0
435.984,0.8238,0,0,0,0
436.020,0.8238,0,0,0,0
436.051,0.8238,0,0,0,0
436.083,0.8238,0,0,0,0
436.119,0.8238,0,0,0,0
436.153,0.8238,0,0,0,0
436.186,0.8238,0,0,0,0
436.220,0.8238,0,0,0,0
436.250,0.8238,0,0,0,0
436.285,0.8238,0,0,0,0
436.320,0.8238,0,0,0,0
436.352,0.8238,0,0,0,0
436.384,0.8238,0,0,0,0
436.417,0.8238,0,0,0,0
436.451,0.8238,0,0,0,0
436.484,0.8238,0,0,0,0
436.519,0.8238,0,0,0,0
436.551,0.8238,0,0,0,0
436.587,0.8238,0,0,0,0
436.620,0.8238,0,0,0,0
436.653,0.8238,0,0,0,0
436.686,0.8238,0,0,0,0
436.717,0.8238,0,0,0,0
436.751,0.8238,0,0,0,0
436.784,0.8238,0,0,0,0
436.817,0.8238,0,0,0,0
436.910,0.8238,0,0,0,0
436.925,0.8238,0,0,0,0
436.957,0.8238,0,0,0,0
436.991,0.8238,0,0,0,0
437.026,0.8238,0,0,0,0
437.058,0.8238,0,0,0,0
437.092,0.8238,0,0,0,0
437.124,0.8238,0,0,0,0
437.160,0.8238,0,0,0,0
437.193,0.8238,0,0,0,0
437.226,0.8238,0,0,0,0
437.259,0.8238,0,0,0,0
437.291,0.8238,0,0,0,0
437.324,0.8238,0,0,0,0
437.359,0.8238,0,0,0,0
437.392,0.8238,0,0,0,0
437.433,0.8238,0,0,0,0
437.458,0.8238,0,0,0,0
437.493,0.8238,0,0,0,0
437.524,0.8238,0,0,0,0
437.558,0.8238,0,0,0,0
437.591,0.8238,0,0,0,0
437.624,0.8238,0,0,0,0
437.657,0.8238,0,0,0,0
437.691,0.8238,0,0,0,0
437.728,0.8238,0,0,0,0
437.759,0.8238,0,0,0,0
437.792,0.8238,0,0,0,0
437.826,0.8238,0,0,0,0
437.859,0.8238,0,0,0,0
437.891,0.8238,0,0,0,0
437.924,0.8238,0,0,0,0
437.958,0.8238,0,0,0,0
437.991,0.8238,0,0,0,0
438.024,0.8238,0,0,0,0
438.058,0.8238,0,0,0,0
438.089,0.8238,0,0,0,0
438.126,0.8238,0,0,0,0
438.161,0.8238,0,0,0,0
438.192,0.8238,0,0,0,0
438.232,0.8238,0,0,0,0
438.265,0.8238,0,0,0,0
438.290,0.8238,0,0,0,0
438.326,0.8238,0,0,0,0
438.360,0.8238,0,0,0,0
438.393,0.8238,0,0,0,0
438.427,0.8238,0,0,0,0
438.456,0.8238,0,0,0,0
438.490,0.8238,0,0,0,0
438.528,0.8238,0,0,0,0
438.558,0.8238,0,0,0,0
438.592,0.8238,0,0,0,0
438.624,0.8238,0,0,0,0
438.657,0.8238,0,0,0,0
438.693,0.8238,0,0,0,0
438.724,0.8238,0,0,0,0
438.759,0.8238,0,0,0,0
438.793,0.8238,0,0,0,0
438.824,0.8238,0,0,0,0
438.857,0.8238,0,0,0,0
438.892,0.8238,0,0,0,0
438.927,0.8238,0,0,0,0
438.960,0.8238,0,0,0,0
438.991,0.8238,0,0,0,0
439.026,0.8238,0,0,0,0
439.058,0.8238,0,0,0,0
439.094,0.8238,0,0,0,0
439.122,0.8238,0,0,0,0
439.159,0.8238,0,0,0,0
439.192,0.8238,0,0,0,0
439.223,0.8238,0,0,0,0
439.261,0.8238,0,0,0,0
439.291,0.8238,0,0,0,0
439.325,0.8238,0,0,0,0
439.358,0.8238,0,0,0,0
439.392,0.8238,0,0,0,0
439.427,0.8238,0,0,0,0
439.460,0.8238,0,0,0,0
439.490,0.8238,0,0,0,0
439.526,0.8238,0,0,0,0
439.556,0.8238,0,0,0,0
439.592,0.8238,0,0,0,0
439.626,0.8238,0,0,0,0
439.659,0.8238,0,0,0,0
439.692,0.8238,0,0,0,0
439.725,0.8238,0,0,0,0
439.757,0.8238,0,0,0,0
439.791,0.8238,0,0,0,0
439.825,0.8238,0,0,0,0
439.859,0.8238,0,0,0,0
439.891,0.8238,0,0,0,0
439.923,0.8238,0,0,0,0
439.957,0.8238,0,0,0,0
439.992,0.8238,0,0,0,0
440.025,0.8238,0,0,0,0
440.059,0.8238,0,0,0,0
440.091,0.8238,0,0,0,0
440.125,0.8238,0,0,0,0
440.160,0.8238,0,0,0,0
440.192,0.8238,0,0,0,0
440.226,0.8238,0,0,0,0
440.260,0.8238,0,0,0,0
440.292,0.8238,0,0,0,0
440.325,0.8238,0,0,0,0
440.361,0.8238,0,0,0,0
440.392,0.8238,0,0,0,0
440.426,0.8238,0,0,0,0
440.460,0.8238,0,0,0,0
440.491,0.8238,0,0,0,0
440.524,0.8238,0,0,0,0
440.557,0.8238,0,0,0,0
440.591,0.8238,0,0,0,0
440.624,0.8238,0,0,0,0
440.660,0.8238,0,0,0,0
440.691,0.8238,0,0,0,0
440.725,0.8238,0,0,0,0
440.757,0.8238,0,0,0,0
440.785,0.8238,0,0,0,0
440.827,0.8238,0,0,0,0
440.859,0.8238,0,0,0,0
440.892,0.8238,0,0,0,0
440.926,0.8238,0,0,0,0
440.957,0.8238,0,0,0,0
440.991,0.8238,0,0,0,0
441.024,0.8238,0,0,0,0
441.059,0.8238,0,0,0,0
441.091,0.8238,0,0,0,0
441.126,0.8238,0,0,0,0
441.160,0.8238,0,0,0,0
441.192,0.8238,0,0,0,0
441.226,0.8238,0,0,0,0
441.259,0.8238,0,0,0,0
441.292,0.8238,0,0,0,0
441.326,0.8238,0,0,0,0
441.359,0.8238,0,0,0,0
441.391,0.8238,0,0,0,0
441.427,0.8238,0,0,0,0
441.457,0.8238,0,0,0,0
441.491,0.8238,0,0,0,0
441.525,0.8238,0,0,0,0
441.557,0.8238,0,0,0,0
441.592,0.8238,0,0,0,0
441.626,0.8238,0,0,0,0
441.657,0.8238,0,0,0,0
441.696,0.8238,0,0,0,0
441.729,0.8238,0,0,0,0
441.759,0.8238,0,0,0,0
441.792,0.8238,0,0,0,0
441.825,0.8238,0,0,0,0
441.858,0.8238,0,0,0,0
441.893,0.8238,0,0,0,0
441.924,0.8238,0,0,0,0
441.959,0.8238,0,0,0,0
441.992,0.8238,0,0,0,0
442.027,0.8238,0,0,0,0
442.058,0.8238,0,0,0,0
442.093,0.8238,0,0,0,0
442.125,0.8238,0,0,0,0
442.159,0.8238,0,0,0,0
442.194,0.8238,0,0,0,0
442.224,0.8238,0,0,0,0
442.259,0.8238,0,0,0,0
442.292,0.8238,0,0,0,0
442.325,0.8238,0,0,0,0
442.360,0.8238,0,0,0,0
442.391,0.8238,0,0,0,0
442.426,0.8238,0,0,0,0
442.453,0.8238,0,0,0,0
442.492,0.8238,0,0,0,0
442.525,0.8238,0,0,0,0
442.559,0.8238,0,0,0,0
442.592,0.8238,0,0,0,0
442.626,0.8238,0,0,0,0
442.659,0.8238,0,0,0,0
442.692,0.8238,0,0,0,0
442.725,0.8238,0,0,0,0
442.760,0.8238,0,0,0,0
442.792,0.8238,0,0,0,0
442.825,0.8238,0,0,0,0
442.860,0.8238,0,0,0,0
442.892,0.8238,0,0,0,0
442.924,0.8238,0,0,0,0
442.958,0.8238,0,0,0,0
442.993,0.8238,0,0,0,0
443.025,0.8238,0,0,0,0
443.060,0.8238,0,0,0,0
443.092,0.8238,0,0,0,0
443.124,0.8238,0,0,0,0
443.157,0.8238,0,0,0,0
443.194,0.8238,0,0,0,0
443.226,0.8238,0,0,0,0
443.258,0.8238,0,0,0,0
443.299,0.8238,0,0,0,0
443.324,0.8238,0,0,0,0
443.359,0.8238,0,0,0,0
443.392,0.8238,0,0,0,0
443.425,0.8238,0,0,0,0
443.459,0.8238,0,0,0,0
443.491,0.8238,0,0,0,0
443.524,0.8238,0,0,0,0
443.558,0.8238,0,0,0,0
443.594,0.8238,0,0,0,0
443.623,0.8238,0,0,0,0
443.658,0.8238,0,0,0,0
443.692,0.8238,0,0,0,0
443.724,0.8238,0,0,0,0
443.760,0.8238,0,0,0,0
443.793,0.8238,0,0,0,0
443.825,0.8238,0,0,0,0
443.860,0.8238,0,0,0,0
443.892,0.8238,0,0,0,0
443.924,0.8238,0,0,0,0
443.957,0.8238,0,0,0,0
443.993,0.8238,0,0,0,0
444.026,0.8238,0,0,0,0
444.060,0.8238,0,0,0,0
444.093,0.8238,0,0,0,0
444.124,0.8238,0,0,0,0
444.158,0.8238,0,0,0,0
444.191,0.8238,0,0,0,0
444.226,0.8238,0,0,0,0
444.256,0.8238,0,0,0,0
444.290,0.8238,0,0,0,0
444.327,0.8238,0,0,0,0
444.357,0.8238,0,0,0,0
444.390,0.8238,0,0,0,0
444.424,0.8238,0,0,0,0
444.460,0.8238,0,0,0,0
444.494,0.8238,0,0,0,0
444.530,0.8238,0,0,0,0
444.559,0.8238,0,0,0,0
444.593,0.8238,0,0,0,0
444.622,0.8238,0,0,0,0
444.660,0.8238,0,0,0,0
444.691,0.8238,0,0,0,0
444.726,0.8238,0,0,0,0
444.759,0.8238,0,0,0,0
444.794,0.8238,0,0,0,0
444.823,0.8238,0,0,0,0
444.858,0.8238,0,0,0,0
444.893,0.8238,0,0,0,0
444.925,0.8238,0,0,0,0
444.958,0.8238,0,0,0,0
444.995,0.8238,0,0,0,0
445.016,0.8238,0,0,0,0
445.059,0.8238,0,0,0,0
445.093,0.8238,0,0,0,0
445.126,0.8238,0,0,0,0
445.157,0.8238,0,0,0,0
445.191,0.8238,0,0,0,0
445.225,0.8238,0,0,0,0
445.258,0.8238,0,0,0,0
445.291,0.8238,0,0,0,0
445.324,0.8238,0,0,0,0
445.359,0.8238,0,0,0,0
445.393,0.8238,0,0,0,0
445.427,0.8238,0,0,0,0
445.458,0.8238,0,0,0,0
445.491,0.8238,0,0,0,0
445.524,0.8238,0,0,0,0
445.559,0.8238,0,0,0,0
445.593,0.8238,0,0,0,0
445.624,0.8238,0,0,0,0
445.658,0.8238,0,0,0,0
445.692,0.8238,0,0,0,0
445.724,0.8238,0,0,0,0
445.760,0.8238,0,0,0,0
445.792,0.8238,0,0,0,0
445.825,0.8238,0,0,0,0
445.861,0.8238,0,0,0,0
445.889,0.8238,0,0,0,0
445.923,0.8238,0,0,0,0
445.958,0.8238,0,0,0,0
445.989,0.8238,0,0,0,0
446.029,0.8238,0,0,0,0
446.057,0.8238,0,0,0,0
446.089,0.8238,0,0,0,0
446.125,0.8238,0,0,0,0
446.160,0.8238,0,0,0,0
446.190,0.8238,0,0,0,0
446.226,0.8238,0,0,0,0
446.262,0.8238,0,0,0,0
446.292,0.8238,0,0,0,0
446.327,0.8238,0,0,0,0
446.360,0.8238,0,0,0,0
446.391,0.8238,0,0,0,0
446.426,0.8238,0,0,0,0
446.461,0.8238,0,0,0,0
446.493,0.8238,0,0,0,0
446.527,0.8238,0,0,0,0
446.558,0.8238,0,0,0,0
446.594,0.8238,0,0,0,0
446.625,0.8238,0,0,0,0
446.656,0.8238,0,0,0,0
446.695,0.8238,0,0,0,0
446.726,0.8238,0,0,0,0
446.756,0.8238,0,0,0,0
446.793,0.8238,0,0,0,0
446.825,0.8238,0,0,0,0
446.856,0.8238,0,0,0,0
446.891,0.8238,0,0,0,0
446.924,0.8238,0,0,0,0
446.958,0.8238,0,0,0,0
446.990,0.8238,0,0,0,0
447.024,0.8238,0,0,0,0
447.061,0.8238,0,0,0,0
447.090,0.8238,0,0,0,0
447.126,0.8238,0,0,0,0
447.160,0.8238,0,0,0,0
447.191,0.8238,0,0,0,0
447.226,0.8238,0,0,0,0
447.260,0.8238,0,0,0,0
447.293,0.8238,0,0,0,0
447.325,0.8238,0,0,0,0
447.357,0.8238,0,0,0,0
447.392,0.8238,0,0,0,0
447.427,0.8238,0,0,0,0
447.457,0.8238,0,0,0,0
447.490,0.8238,0,0,0,0
447.525,0.8238,0,0,0,0
447.558,0.8238,0,0,0,0
447.593,0.8238,0,0,0,0
447.626,0.8238,0,0,0,0
447.659,0.8238,0,0,0,0
447.694,0.8238,0,0,0,0
447.727,0.8238,0,0,0,0
447.761,0.8238,0,0,0,0
447.792,0.8238,0,0,0,0
447.829,0.8238,0,0,0,0
447.859,0.8238,0,0,0,0
447.893,0.8238,0,0,0,0
447.927,0.8238,0,0,0,0
447.960,0.8238,0,0,0,0
447.995,0.8238,0,0,0,0
448.028,0.8238,0,0,0,0
448.059,0.8238,0,0,0,0
448.090,0.8238,0,0,0,0
448.126,0.8238,0,0,0,0
448.157,0.8238,0,0,0,0
448.191,0.8238,0,0,0,0
448.224,0.8238,0,0,0,0
448.259,0.8238,0,0,0,0
448.300,0.8238,0,0,0,0
448.319,0.8238,0,0,0,0
448.361,0.8238,0,0,0,0
448.390,0.8238,0,0,0,0
448.427,0.8238,0,0,0,0
448.458,0.8238,0,0,0,0
448.493,0.8238,0,0,0,0
448.523,0.8238,0,0,0,0
448.558,0.8238,0,0,0,0
448.593,0.8238,0,0,0,0
448.624,0.8238,0,0,0,0
448.657,0.8238,0,0,0,0
448.692,0.8238,0,0,0,0
448.725,0.8238,0,0,0,0
448.760,0.8238,0,0,0,0
448.792,0.8238,0,0,0,0
448.824,0.8238,0,0,0,0
448.857,0.8238,0,0,0,0
448.891,0.8238,0,0,0,0
448.927,0.8238,0,0,0,0
448.959,0.8238,0,0,0,0
448.991,0.8238,0,0,0,0
449.025,0.8238,0,0,0,0
449.060,0.8238,0,0,0,0
449.093,0.8238,0,0,0,0
449.124,0.8238,0,0,0,0
449.159,0.8238,0,0,0,0
449.191,0.8238,0,0,0,0
449.225,0.8238,0,0,0,0
449.259,0.8238,0,0,0,0
449.292,0.8238,0,0,0,0
449.325,0.8238,0,0,0,0
449.359,0.8238,0,0,0,0
449.390,0.8238,0,0,0,0
449.425,0.8238,0,0,0,0
449.459,0.8238,0,0,0,0
449.491,0.8238,0,0,0,0
449.525,0.8238,0,0,0,0
449.558,0.8238,0,0,0,0
449.591,0.8238,0,0,0,0
449.626,0.8238,0,0,0,0
449.659,0.8238,0,0,0,0
449.694,0.8238,0,0,0,0
449.726,0.8238,0,0,0,0
449.757,0.8238,0,0,0,0
449.794,0.8238,0,0,0,0
449.826,0.8238,0,0,0,0
449.858,0.8238,0,0,0,0
449.894,0.8238,0,0,0,0
449.926,0.8238,0,0,0,0
449.959,0.8238,0,0,0,0
449.993,0.8238,0,0,0,0
450.024,0.8238,0,0,0,0
450.061,0.8238,0,0,0,0
450.090,0.8238,0,0,0,0
450.125,0.8238,0,0,0,0
450.159,0.8238,0,0,0,0
450.191,0.8238,0,0,0,0
450.225,0.8238,0,0,0,0
450.257,0.8238,0,0,0,0
450.292,0.8238,0,0,0,0
450.328,0.8238,0,0,0,0
450.357,0.8238,0,0,0,0
450.391,0.8238,0,0,0,0
450.426,0.8238,0,0,0,0
450.459,0.8238,0,0,0,0
450.492,0.8238,0,0,0,0
450.524,0.8238,0,0,0,0
450.558,0.8238,0,0,0,0
450.593,0.8238,0,0,0,0
450.643,0.8238,0,0,0,0
450.672,0.8238,0,0,0,0
450.734,0.8238,0,0,0,0
450.759,0.8238,0,0,0,0
450.802,0.8238,0,0,0,0
450.836,0.8238,0,0,0,0
450.871,0.8238,0,0,0,0
451.205,0.8238,0,0,0,0
451.227,0.8238,0,0,0,0
451.249,0.8238,0,0,0,0
451.286,0.8238,0,0,0,0
451.317,0.8238,0,0,0,0
451.352,0.8238,0,0,0,0
451.384,0.8238,0,0,0,0
451.419,0.8238,0,0,0,0
451.451,0.8238,0,0,0,0
451.485,0.8238,0,0,0,0
451.517,0.8238,0,0,0,0
451.552,0.8238,0,0,0,0
451.584,0.8238,0,0,0,0
451.619,0.8238,0,0,0,0
451.651,0.8238,0,0,0,0
451.685,0.8238,0,0,0,0
451.718,0.8238,0,0,0,0
451.752,0.8238,0,0,0,0
451.784,0.8238,0,0,0,0
451.819,0.8238,0,0,0,0
451.851,0.8238,0,0,0,0
451.886,0.8238,0,0,0,0
451.918,0.8238,0,0,0,0
451.953,0.8238,0,0,0,0
451.985,0.8238,0,0,0,0
452.019,0.8238,0,0,0,0
452.051,0.8238,0,0,0,0
452.084,0.8238,0,0,0,0
452.118,0.8238,0,0,0,0
452.153,0.8238,0,0,0,0
452.183,0.8238,0,0,0,0
452.218,0.8238,0,0,0,0
452.250,0.8238,0,0,0,0
452.288,0.8238,0,0,0,0
452.317,0.8238,0,0,0,0
452.351,0.8238,0,0,0,0
452.384,0.8238,0,0,0,0
452.418,0.8238,0,0,0,0
452.452,0.8238,0,0,0,0
452.485,0.8238,0,0,0,0
452.519,0.8238,0,0,0,0
452.554,0.8238,0,0,0,0
452.584,0.8238,0,0,0,0
452.617,0.8238,0,0,0,0
452.651,0.8238,0,0,0,0
452.684,0.8238,0,0,0,0
452.718,0.8238,0,0,0,0
452.750,0.8238,0,0,0,0
452.788,0.8238,0,0,0,0
452.819,0.8238,0,0,0,0
452.854,0.8238,0,0,0,0
452.884,0.8238,0,0,0,0
452.920,0.8238,0,0,0,0
452.953,0.8238,0,0,0,0
452.988,0.8238,0,0,0,0
453.019,0.8238,0,0,0,0
453.048,0.8238,0,0,0,0
453.086,0.8238,0,0,0,0
453.118,0.8238,0,0,0,0
453.153,0.8238,0,0,0,0
453.188,0.8238,0,0,0,0
453.221,0.8238,0,0,0,0
453.251,0.8238,0,0,0,0
453.285,0.8238,0,0,0,0
453.320,0.8238,0,0,0,0
453.353,0.8238,0,0,0,0
453.384,0.8238,0,0,0,0
453.418,0.8238,0,0,0,0
453.451,0.8238,0,0,0,0
453.486,0.8238,0,0,0,0
453.521,0.8238,0,0,0,0
453.553,0.8238,0,0,0,0
453.585,0.8238,0,0,0,0
453.618,0.8238,0,0,0,0
453.651,0.8238,0,0,0,0
453.686,0.8238,0,0,0,0
453.719,0.8238,0,0,0,0
453.752,0.8238,0,0,0,0
453.786,0.8238,0,0,0,0
453.820,0.8238,0,0,0,0
453.849,0.8238,0,0,0,0
453.887,0.8238,0,0,0,0
453.916,0.8238,0,0,0,0
453.951,0.8238,0,0,0,0
453.985,0.8238,0,0,0,0
454.019,0.8238,0,0,0,0
454.053,0.8238,0,0,0,0
454.085,0.8238,0,0,0,0
454.120,0.8238,0,0,0,0
454.153,0.8238,0,0,0,0
454.184,0.8238,0,0,0,0
454.218,0.8238,0,0,0,0
454.251,0.8238,0,0,0,0
454.284,0.8238,0,0,0,0
454.319,0.8238,0,0,0,0
454.353,0.8238,0,0,0,0
454.384,0.8238,0,0,0,0
454.418,0.8238,0,0,0,0
454.453,0.8238,0,0,0,0
454.484,0.8238,0,0,0,0
454.519,0.8238,0,0,0,0
454.554,0.8238,0,0,0,0
454.585,0.8238,0,0,0,0
454.619,0.8238,0,0,0,0
454.651,0.8238,0,0,0,0
454.685,0.8238,0,0,0,0
454.718,0.8238,0,0,0,0
454.752,0.8238,0,0,0,0
454.786,0.8238,0,0,0,0
454.820,0.8238,0,0,0,0
454.852,0.8238,0,0,0,0
454.886,0.8238,0,0,0,0
454.918,0.8238,0,0,0,0
454.951,0.8238,0,0,0,0
454.986,0.8238,0,0,0,0
455.020,0.8238,0,0,0,0
455.050,0.8238,0,0,0,0
455.084,0.8238,0,0,0,0
455.119,0.8238,0,0,0,0
455.150,0.8238,0,0,0,0
455.184,0.8238,0,0,0,0
455.217,0.8238,0,0,0,0
455.253,0.8238,0,0,0,0
455.285,0.8238,0,0,0,0
455.319,0.8238,0,0,0,0
455.351,0.8238,0,0,0,0
455.386,0.8238,0,0,0,0
455.420,0.8238,0,0,0,0
455.451,0.8238,0,0,0,0
455.486,0.8238,0,0,0,0
455.520,0.8238,0,0,0,0
455.553,0.8238,0,0,0,0
455.586,0.8238,0,0,0,0
455.619,0.8238,0,0,0,0
455.657,0.8238,0,0,0,0
455.687,0.8238,0,0,0,0
455.718,0.8238,0,0,0,0
455.751,0.8238,0,0,0,0
455.822,0.8238,0,0,0,0
455.855,0.8238,0,0,0,0
455.890,0.8238,0,0,0,0
455.922,0.8238,0,0,0,0
455.955,0.8238,0,0,0,0
455.988,0.8238,0,0,0,0
456.024,0.8238,0,0,0,0
456.056,0.8238,0,0,0,0
456.091,0.8238,0,0,0,0
456.125,0.8238,0,0,0,0
456.156,0.8238,0,0,0,0
456.189,0.8238,0,0,0,0
456.221,0.8238,0,0,0,0
456.255,0.8238,0,0,0,0
456.289,0.8238,0,0,0,0
456.324,0.8238,0,0,0,0
456.356,0.8238,0,0,0,0
456.388,0.8238,0,0,0,0
456.424,0.8238,0,0,0,0
456.456,0.8238,0,0,0,0
456.489,0.8238,0,0,0,0
456.520,0.8238,0,0,0,0
456.552,0.8238,0,0,0,0
456.589,0.8238,0,0,0,0
456.622,0.8238,0,0,0,0
456.655,0.8238,0,0,0,0
456.689,0.8238,0,0,0,0
456.724,0.8238,0,0,0,0
456.756,0.8238,0,0,0,0
456.791,0.8238,0,0,0,0
456.824,0.8238,0,0,0,0
456.857,0.8238,0,0,0,0
456.888,0.8238,0,0,0,0
456.924,0.8238,0,0,0,0
456.956,0.8238,0,0,0,0
456.989,0.8238,0,0,0,0
457.023,0.8238,0,0,0,0
457.055,0.8238,0,0,0,0
457.090,0.8238,0,0,0,0
457.123,0.8238,0,0,0,0
457.155,0.8238,0,0,0,0
457.188,0.8238,0,0,0,0
457.224,0.8238,0,0,0,0
457.257,0.8238,0,0,0,0
457.288,0.8238,0,0,0,0
457.322,0.8238,0,0,0,0
457.360,0.8238,0,0,0,0
457.397,0.8238,0,0,0,0
457.423,0.8238,0,0,0,0
457.455,0.8238,0,0,0,0
457.489,0.8238,0,0,0,0
457.524,0.8238,0,0,0,0
457.557,0.8238,0,0,0,0
457.588,0.8238,0,0,0,0
457.622,0.8238,0,0,0,0
457.655,0.8238,0,0,0,0
457.687,0.8238,0,0,0,0
457.720,0.8238,0,0,0,0
457.756,0.8238,0,0,0,0
457.790,0.8238,0,0,0,0
457.824,0.8238,0,0,0,0
457.857,0.8238,0,0,0,0
457.893,0.8238,0,0,0,0
457.914,0.8238,0,0,0,0
457.958,0.8238,0,0,0,0
457.990,0.8238,0,0,0,0
458.021,0.8238,0,0,0,0
458.056,0.8238,0,0,0,0
458.089,0.8238,0,0,0,0
458.121,0.8238,0,0,0,0
458.157,0.8238,0,0,0,0
458.190,0.8238,0,0,0,0
458.221,0.8238,0,0,0,0
458.255,0.8238,0,0,0,0
458.288,0.8238,0,0,0,0
458.324,0.8238,0,0,0,0
458.354,0.8238,0,0,0,0
458.392,0.8238,0,0,0,0
458.422,0.8238,0,0,0,0
458.458,0.8238,0,0,0,0
458.490,0.8238,0,0,0,0
458.523,0.8238,0,0,0,0
458.557,0.8238,0,0,0,0
458.591,0.8238,0,0,0,0
458.622,0.8238,0,0,0,0
458.654,0.8238,0,0,0,0
458.691,0.8238,0,0,0,0
458.720,0.8238,0,0,0,0
458.757,0.8238,0,0,0,0
458.789,0.8238,0,0,0,0
458.822,0.8238,0,0,0,0
458.855,0.8238,0,0,0,0
458.889,0.8238,0,0,0,0
458.921,0.8238,0,0,0,0
458.958,0.8238,0,0,0,0
458.988,0.8238,0,0,0,0
459.022,0.8238,0,0,0,0
459.055,0.8238,0,0,0,0
459.088,0.8238,0,0,0,0
459.120,0.8238,0,0,0,0
459.158,0.8238,0,0,0,0
459.191,0.8238,0,0,0,0
459.224,0.8238,0,0,0,0
459.257,0.8238,0,0,0,0
459.289,0.8238,0,0,0,0
459.326,0.8238,0,0,0,0
459.355,0.8238,0,0,0,0
459.389,0.8238,0,0,0,0
459.422,0.8238,0,0,0,0
459.458,0.8238,0,0,0,0
459.491,0.8238,0,0,0,0
459.525,0.8238,0,0,0,0
459.555,0.8238,0,0,0,0
459.590,0.8238,0,0,0,0
459.623,0.8238,0,0,0,0
459.655,0.8238,0,0,0,0
459.690,0.8238,0,0,0,0
459.722,0.8238,0,0,0,0
459.757,0.8238,0,0,0,0
459.790,0.8238,0,0,0,0
459.821,0.8238,0,0,0,0
459.855,0.8238,0,0,0,0
459.891,0.8238,0,0,0,0
459.922,0.8238,0,0,0,0
459.955,0.8238,0,0,0,0
459.991,0.8238,0,0,0,0
460.024,0.8238,0,0,0,0
460.056,0.8238,0,0,0,0
460.090,0.8238,0,0,0,0
460.122,0.8238,0,0,0,0
460.156,0.8238,0,0,0,0
460.189,0.8238,0,0,0,0
460.224,0.8238,0,0,0,0
460.255,0.8238,0,0,0,0
460.288,0.8238,0,0,0,0
460.323,0.8238,0,0,0,0
460.357,0.8238,0,0,0,0
460.478,0.8238,0,0,0,0
460.521,0.8238,0,0,0,0
460.553,0.8238,0,0,0,0
460.585,0.8238,0,0,0,0
460.618,0.8238,0,0,0,0
460.655,0.8238,0,0,0,0
460.685,0.8238,0,0,0,0
460.719,0.8238,0,0,0,0
460.753,0.8238,0,0,0,0
460.785,0.8238,0,0,0,0
460.821,0.8238,0,0,0,0
460.855,0.8238,0,0,0,0
460.886,0.8238,0,0,0,0
460.919,0.8238,0,0,0,0
460.952,0.8238,0,0,0,0
460.988,0.8238,0,0,0,0
461.021,0.8238,0,0,0,0
461.054,0.8238,0,0,0,0
461.086,0.8238,0,0,0,0
461.119,0.8238,0,0,0,0
461.152,0.8238,0,0,0,0
461.187,0.8238,0,0,0,0
461.218,0.8238,0,0,0,0
461.252,0.8238,0,0,0,0
461.286,0.8238,0,0,0,0
461.318,0.8238,0,0,0,0
461.352,0.8238,0,0,0,0
461.388,0.8238,0,0,0,0
461.420,0.8238,0,0,0,0
461.454,0.8238,0,0,0,0
461.488,0.8238,0,0,0,0
461.519,0.8238,0,0,0,0
461.553,0.8238,0,0,0,0
461.586,0.8238,0,0,0,0
461.620,0.8238,0,0,0,0
461.654,0.8238,0,0,0,0
461.687,0.8238,0,0,0,0
461.721,0.8238,0,0,0,0
461.754,0.8238,0,0,0,0
461.786,0.8238,0,0,0,0
461.818,0.8238,0,0,0,0
461.856,0.8238,0,0,0,0
461.888,0.8238,0,0,0,0
461.919,0.8238,0,0,0,0
461.956,0.8238,0,0,0,0
461.988,0.8238,0,0,0,0
462.019,0.8238,0,0,0,0
462.053,0.8238,0,0,0,0
462.086,0.8238,0,0,0,0
462.119,0.8238,0,0,0,0
462.156,0.8238,0,0,0,0
462.186,0.8238,0,0,0,0
462.220,0.8238,0,0,0,0
462.252,0.8238,0,0,0,0
462.289,0.8238,0,0,0,0
462.320,0.8238,0,0,0,0
462.352,0.8238,0,0,0,0
462.387,0.8238,0,0,0,0
462.419,0.8238,0,0,0,0
462.453,0.8238,0,0,0,0
462.485,0.8238,0,0,0,0
462.521,0.8238,0,0,0,0
462.552,0.8238,0,0,0,0
462.585,0.8238,0,0,0,0
462.620,0.8238,0,0,0,0
462.653,0.8238,0,0,0,0
462.687,0.8238,0,0,0,0
462.719,0.8238,0,0,0,0
462.752,0.8238,0,0,0,0
462.788,0.8238,0,0,0,0
462.822,0.8238,0,0,0,0
462.852,0.8238,0,0,0,0
462.888,0.8238,0,0,0,0
462.920,0.8238,0,0,0,0
462.955,0.8238,0,0,0,0
462.986,0.8238,0,0,0,0
463.020,0.8238,0,0,0,0
463.053,0.8238,0,0,0,0
463.086,0.8238,0,0,0,0
463.120,0.8238,0,0,0,0
463.152,0.8238,0,0,0,0
463.186,0.8238,0,0,0,0
463.220,0.8238,0,0,0,0
463.255,0.8238,0,0,0,0
463.286,0.8238,0,0,0,0
463.321,0.8238,0,0,0,0
463.352,0.8238,0,0,0,0
463.386,0.8238,0,0,0,0
463.420,0.8238,0,0,0,0
463.453,0.8238,0,0,0,0
463.485,0.8238,0,0,0,0
463.521,0.8238,0,0,0,0
463.554,0.8238,0,0,0,0
463.585,0.8238,0,0,0,0
463.619,0.8238,0,0,0,0
463.654,0.8238,0,0,0,0
463.686,0.8238,0,0,0,0
463.720,0.8238,0,0,0,0
463.752,0.8238,0,0,0,0
463.785,0.8238,0,0,0,0
463.821,0.8238,0,0,0,0
463.852,0.8238,0,0,0,0
463.887,0.8238,0,0,0,0
463.921,0.8238,0,0,0,0
463.952,0.8238,0,0,0,0
463.987,0.8238,0,0,0,0
464.020,0.8238,0,0,0,0
464.052,0.8238,0,0,0,0
464.086,0.8238,0,0,0,0
464.118,0.8238,0,0,0,0
464.156,0.8238,0,0,0,0
464.187,0.8238,0,0,0,0
464.221,0.8238,0,0,0,0
464.252,0.8238,0,0,0,0
464.286,0.8238,0,0,0,0
464.320,0.8238,0,0,0,0
464.352,0.8238,0,0,0,0
464.384,0.8238,0,0,0,0
464.421,0.8238,0,0,0,0
464.452,0.8238,0,0,0,0
464.486,0.8238,0,0,0,0
464.519,0.8238,0,0,0,0
464.553,0.8238,0,0,0,0
464.586,0.8238,0,0,0,0
464.619,0.8238,0,0,0,0
464.654,0.8238,0,0,0,0
464.679,0.8238,0,0,0,0
464.718,0.8238,0,0,0,0
464.753,0.8238,0,0,0,0
464.788,0.8238,0,0,0,0
464.819,0.8238,0,0,0,0
464.854,0.8238,0,0,0,0
464.888,0.8238,0,0,0,0
464.922,0.8238,0,0,0,0
464.954,0.8238,0,0,0,0
464.990,0.8238,0,0,0,0
465.018,0.8238,0,0,0,0
465.055,0.8238,0,0,0,0
465.088,0.8238,0,0,0,0
465.121,0.8238,0,0,0,0
465.152,0.8238,0,0,0,0
465.186,0.8238,0,0,0,0
465.219,0.8238,0,0,0,0
465.252,0.8238,0,0,0,0
465.285,0.8238,0,0,0,0
465.319,0.8238,0,0,0,0
465.354,0.8238,0,0,0,0
465.388,0.8238,0,0,0,0
465.420,0.8238,0,0,0,0
465.452,0.8238,0,0,0,0
465.485,0.8238,0,0,0,0
465.521,0.8238,0,0,0,0
465.552,0.8238,0,0,0,0
465.585,0.8238,0,0,0,0
465.621,0.8238,0,0,0,0
465.652,0.8238,0,0,0,0
465.685,0.8238,0,0,0,0
465.720,0.8238,0,0,0,0
465.753,0.8238,0,0,0,0
465.786,0.8238,0,0,0,0
465.820,0.8238,0,0,0,0
465.853,0.8238,0,0,0,0
465.887,0.8238,0,0,0,0
465.920,0.8238,0,0,0,0
465.953,0.8238,0,0,0,0
465.987,0.8238,0,0,0,0
466.018,0.8238,0,0,0,0
466.052,0.8238,0,0,0,0
466.088,0.8238,0,0,0,0
466.119,0.8238,0,0,0,0
466.152,0.8238,0,0,0,0
466.188,0.8238,0,0,0,0
466.218,0.8238,0,0,0,0
466.253,0.8238,0,0,0,0
466.285,0.8238,0,0,0,0
466.320,0.8238,0,0,0,0
466.352,0.8238,0,0,0,0
466.388,0.8238,0,0,0,0
466.419,0.8238,0,0,0,0
466.454,0.8238,0,0,0,0
466.484,0.8238,0,0,0,0
466.519,0.8238,0,0,0,0
466.552,0.8238,0,0,0,0
466.586,0.8238,0,0,0,0
466.619,0.8238,0,0,0,0
466.654,0.8238,0,0,0,0
466.685,0.8238,0,0,0,0
466.721,0.8238,0,0,0,0
466.755,0.8238,0,0,0,0
466.785,0.8238,0,0,0,0
466.820,0.8238,0,0,0,0
466.854,0.8238,0,0,0,0
466.888,0.8238,0,0,0,0
466.920,0.8238,0,0,0,0
466.952,0.8238,0,0,0,0
466.988,0.8238,0,0,0,0
467.019,0.8238,0,0,0,0
467.054,0.8238,0,0,0,0
467.085,0.8238,0,0,0,0
467.121,0.8238,0,0,0,0
467.152,0.8238,0,0,0,0
467.188,0.8238,0,0,0,0
467.221,0.8238,0,0,0,0
467.254,0.8238,0,0,0,0
467.287,0.8238,0,0,0,0
467.321,0.8238,0,0,0,0
467.354,0.8238,0,0,0,0
467.386,0.8238,0,0,0,0
467.420,0.8238,0,0,0,0
467.453,0.8238,0,0,0,0
467.485,0.8238,0,0,0,0
467.521,0.8238,0,0,0,0
467.553,0.8238,0,0,0,0
467.587,0.8238,0,0,0,0
467.621,0.8238,0,0,0,0
467.653,0.8238,0,0,0,0
467.688,0.8238,0,0,0,0
467.721,0.8238,0,0,0,0
467.752,0.8238,0,0,0,0
467.787,0.8238,0,0,0,0
467.819,0.8238,0,0,0,0
467.854,0.8238,0,0,0,0
467.885,0.8238,0,0,0,0
467.920,0.8238,0,0,0,0
467.953,0.8238,0,0,0,0
467.986,0.8238,0,0,0,0
468.020,0.8238,0,0,0,0
468.054,0.8238,0,0,0,0
468.086,0.8238,0,0,0,0
468.122,0.8238,0,0,0,0
468.195,0.8238,0,0,0,0
468.226,0.8238,0,0,0,0
468.259,0.8238,0,0,0,0
468.294,0.8238,0,0,0,0
468.326,0.8238,0,0,0,0
468.361,0.8238,0,0,0,0
468.393,0.8238,0,0,0,0
468.424,0.8238,0,0,0,0
468.461,0.8238,0,0,0,0
468.491,0.8238,0,0,0,0
468.526,0.8238,0,0,0,0
468.558,0.8238,0,0,0,0
468.594,0.8238,0,0,0,0
468.624,0.8238,0,0,0,0
468.659,0.8238,0,0,0,0
468.692,0.8238,0,0,0,0
468.728,0.8238,0,0,0,0
468.759,0.8238,0,0,0,0
468.793,0.8238,0,0,0,0
468.824,0.8238,0,0,0,0
468.860,0.8238,0,0,0,0
468.891,0.8238,0,0,0,0
468.926,0.8238,0,0,0,0
468.961,0.8238,0,0,0,0
468.992,0.8238,0,0,0,0
469.025,0.8238,0,0,0,0
469.061,0.8238,0,0,0,0
469.093,0.8238,0,0,0,0
469.126,0.8238,0,0,0,0
469.161,0.8238,0,0,0,0
469.193,0.8238,0,0,0,0
469.227,0.8238,0,0,0,0
469.259,0.8238,0,0,0,0
469.294,0.8238,0,0,0,0
469.326,0.8238,0,0,0,0
469.361,0.8238,0,0,0,0
469.395,0.8238,0,0,0,0
469.427,0.8238,0,0,0,0
469.459,0.8238,0,0,0,0
469.492,0.8238,0,0,0,0
469.528,0.8238,0,0,0,0
469.561,0.8238,0,0,0,0
469.592,0.8238,0,0,0,0
469.630,0.8238,0,0,0,0
469.658,0.8238,0,0,0,0
469.693,0.8238,0,0,0,0
469.726,0.8238,0,0,0,0
469.758,0.8238,0,0,0,0
469.794,0.8238,0,0,0,0
469.826,0.8238,0,0,0,0
469.858,0.8238,0,0,0,0
469.893,0.8238,0,0,0,0
469.925,0.8238,0,0,0,0
469.959,0.8238,0,0,0,0
469.993,0.8238,0,0,0,0
470.028,0.8238,0,0,0,0
470.060,0.8238,0,0,0,0
470.091,0.8238,0,0,0,0
470.126,0.8238,0,0,0,0
470.160,0.8238,0,0,0,0
470.191,0.8238,0,0,0,0
470.227,0.8238,0,0,0,0
470.260,0.8238,0,0,0,0
470.291,0.8238,0,0,0,0
470.327,0.8238,0,0,0,0
470.360,0.8238,0,0,0,0
470.392,0.8238,0,0,0,0
470.427,0.8238,0,0,0,0
470.459,0.8238,0,0,0,0
470.494,0.8238,0,0,0,0
470.523,0.8238,0,0,0,0
470.561,0.8238,0,0,0,0
470.593,0.8238,0,0,0,0
470.628,0.8238,0,0,0,0
470.659,0.8238,0,0,0,0
470.693,0.8238,0,0,0,0
470.727,0.8238,0,0,0,0
470.759,0.8238,0,0,0,0
470.792,0.8238,0,0,0,0
470.832,0.8238,0,0,0,0
470.859,0.8238,0,0,0,0
470.894,0.8238,0,0,0,0
470.927,0.8238,0,0,0,0
470.960,0.8238,0,0,0,0
470.992,0.8238,0,0,0,0
471.026,0.8238,0,0,0,0
471.057,0.8238,0,0,0,0
471.094,0.8238,0,0,0,0
471.128,0.8238,0,0,0,0
471.161,0.8238,0,0,0,0
471.194,0.8238,0,0,0,0
471.227,0.8238,0,0,0,0
471.260,0.8238,0,0,0,0
471.292,0.8238,0,0,0,0
471.325,0.8238,0,0,0,0
471.360,0.8238,0,0,0,0
471.392,0.8238,0,0,0,0
471.427,0.8238,0,0,0,0
471.457,0.8238,0,0,0,0
471.493,0.8238,0,0,0,0
471.529,0.8238,0,0,0,0
471.560,0.8238,0,0,0,0
471.592,0.8238,0,0,0,0
471.627,0.8238,0,0,0,0
471.661,0.8238,0,0,0,0
471.694,0.8238,0,0,0,0
471.728,0.8238,0,0,0,0
471.760,0.8238,0,0,0,0
471.792,0.8238,0,0,0,0
471.824,0.8238,0,0,0,0
471.863,0.8238,0,0,0,0
471.893,0.8238,0,0,0,0
471.925,0.8238,0,0,0,0
471.960,0.8238,0,0,0,0
471.991,0.8238,0,0,0,0
472.027,0.8238,0,0,0,0
472.058,0.8238,0,0,0,0
472.093,0.8238,0,0,0,0
472.125,0.8238,0,0,0,0
472.160,0.8238,0,0,0,0
472.191,0.8238,0,0,0,0
472.226,0.8238,0,0,0,0
472.259,0.8238,0,0,0,0
472.294,0.8238,0,0,0,0
472.326,0.8238,0,0,0,0
472.361,0.8238,0,0,0,0
472.391,0.8238,0,0,0,0
472.425,0.8238,0,0,0,0
472.459,0.8238,0,0,0,0
472.494,0.8238,0,0,0,0
472.525,0.8238,0,0,0,0
472.562,0.8238,0,0,0,0
472.591,0.8238,0,0,0,0
472.627,0.8238,0,0,0,0
472.658,0.8238,0,0,0,0
472.692,0.8238,0,0,0,0
472.725,0.8238,0,0,0,0
472.761,0.8238,0,0,0,0
472.792,0.8238,0,0,0,0
472.825,0.8238,0,0,0,0
472.860,0.8238,0,0,0,0
472.894,0.8238,0,0,0,0
472.925,0.8238,0,0,0,0
472.961,0.8238,0,0,0,0
472.993,0.8238,0,0,0,0
473.025,0.8238,0,0,0,0
473.060,0.8238,0,0,0,0
473.093,0.8238,0,0,0,0
473.127,0.8238,0,0,0,0
473.157,0.8238,0,0,0,0
473.193,0.8238,0,0,0,0
473.225,0.8238,0,0,0,0
473.259,0.8238,0,0,0,0
473.293,0.8238,0,0,0,0
473.328,0.8238,0,0,0,0
473.359,0.8238,0,0,0,0
473.394,0.8238,0,0,0,0
473.428,0.8238,0,0,0,0
473.458,0.8238,0,0,0,0
473.491,0.8238,0,0,0,0
473.526,0.8238,0,0,0,0
473.561,0.8238,0,0,0,0
473.593,0.8238,0,0,0,0
473.627,0.8238,0,0,0,0
473.660,0.8238,0,0,0,0
473.694,0.8238,0,0,0,0
473.726,0.8238,0,0,0,0
473.759,0.8238,0,0,0,0
473.794,0.8238,0,0,0,0
473.826,0.8238,0,0,0,0
473.861,0.8238,0,0,0,0
473.892,0.8238,0,0,0,0
473.925,0.8238,0,0,0,0
473.956,0.8238,0,0,0,0
473.992,0.8238,0,0,0,0
474.026,0.8238,0,0,0,0
474.061,0.8238,0,0,0,0
474.091,0.8238,0,0,0,0
474.126,0.8238,0,0,0,0
474.159,0.8238,0,0,0,0
474.194,0.8238,0,0,0,0
474.225,0.8238,0,0,0,0
474.258,0.8238,0,0,0,0
474.294,0.8238,0,0,0,0
474.326,0.8238,0,0,0,0
474.361,0.8238,0,0,0,0
474.393,0.8238,0,0,0,0
474.425,0.8238,0,0,0,0
474.460,0.8238,0,0,0,0
474.490,0.8238,0,0,0,0
474.524,0.8238,0,0,0,0
474.559,0.8238,0,0,0,0
474.593,0.8238,0,0,0,0
474.628,0.8238,0,0,0,0
474.659,0.8238,0,0,0,0
474.693,0.8238,0,0,0,0
474.727,0.8238,0,0,0,0
474.757,0.8238,0,0,0,0
474.793,0.8238,0,0,0,0
474.826,0.8238,0,0,0,0
474.859,0.8238,0,0,0,0
474.892,0.8238,0,0,0,0
474.926,0.8238,0,0,0,0
474.960,0.8238,0,0,0,0
474.992,0.8238,0,0,0,0
475.028,0.8238,0,0,0,0
475.059,0.8238,0,0,0,0
475.091,0.8238,0,0,0,0
475.125,0.8238,0,0,0,0
475.160,0.8238,0,0,0,0
475.192,0.8238,0,0,0,0
475.225,0.8238,0,0,0,0
475.260,0.8238,0,0,0,0
475.294,0.8238,0,0,0,0
475.328,0.8238,0,0,0,0
475.358,0.8238,0,0,0,0
475.393,0.8238,0,0,0,0
475.425,0.8238,0,0,0,0
475.460,0.8238,0,0,0,0
475.491,0.8238,0,0,0,0
475.526,0.8238,0,0,0,0
475.558,0.8238,0,0,0,0
475.592,0.8238,0,0,0,0
475.627,0.8238,0,0,0,0
475.662,0.8238,0,0,0,0
475.693,0.8238,0,0,0,0
475.725,0.8238,0,0,0,0
475.759,0.8238,0,0,0,0
475.794,0.8238,0,0,0,0
475.826,0.8238,0,0,0,0
475.861,0.8238,0,0,0,0
475.892,0.8238,0,0,0,0
475.925,0.8238,0,0,0,0
475.959,0.8238,0,0,0,0
475.993,0.8238,0,0,0,0
476.025,0.8238,0,0,0,0
476.060,0.8238,0,0,0,0
476.091,0.8238,0,0,0,0
476.125,0.8238,0,0,0,0
476.159,0.8238,0,0,0,0
476.193,0.8238,0,0,0,0
476.226,0.8238,0,0,0,0
476.261,0.8238,0,0,0,0
476.293,0.8238,0,0,0,0
476.326,0.8238,0,0,0,0
476.360,0.8238,0,0,0,0
476.393,0.8238,0,0,0,0
476.426,0.8238,0,0,0,0
476.458,0.8238,0,0,0,0
476.495,0.8238,0,0,0,0
476.525,0.8238,0,0,0,0
476.560,0.8238,0,0,0,0
476.593,0.8238,0,0,0,0
476.626,0.8238,0,0,0,0
476.661,0.8238,0,0,0,0
476.693,0.8238,0,0,0,0
476.727,0.8238,0,0,0,0
476.761,0.8238,0,0,0,0
476.795,0.8238,0,0,0,0
476.825,0.8238,0,0,0,0
476.860,0.8238,0,0,0,0
476.892,0.8238,0,0,0,0
476.925,0.8238,0,0,0,0
476.959,0.8238,0,0,0,0
476.994,0.8238,0,0,0,0
477.025,0.8238,0,0,0,0
477.059,0.8238,0,0,0,0
477.093,0.8238,0,0,0,0
477.127,0.8238,0,0,0,0
477.159,0.8238,0,0,0,0
477.192,0.8238,0,0,0,0
477.226,0.8238,0,0,0,0
477.268,0.8238,0,0,0,0
477.294,0.8238,0,0,0,0
477.328,0.8238,0,0,0,0
477.360,0.8238,0,0,0,0
477.394,0.8238,0,0,0,0
477.426,0.8238,0,0,0,0
477.458,0.8238,0,0,0,0
477.493,0.8238,0,0,0,0
477.524,0.8238,0,0,0,0
477.558,0.8238,0,0,0,0
477.591,0.8238,0,0,0,0
477.628,0.8238,0,0,0,0
477.658,0.8238,0,0,0,0
477.694,0.8238,0,0,0,0
477.726,0.8238,0,0,0,0
477.760,0.8238,0,0,0,0
477.792,0.8238,0,0,0,0
477.828,0.8238,0,0,0,0
477.859,0.8238,0,0,0,0
477.894,0.8238,0,0,0,0
477.927,0.8238,0,0,0,0
477.958,0.8238,0,0,0,0
477.992,0.8238,0,0,0,0
478.027,0.8238,0,0,0,0
478.059,0.8238,0,0,0,0
478.096,0.8238,0,0,0,0
478.130,0.8238,0,0,0,0
478.161,0.8238,0,0,0,0
478.192,0.8238,0,0,0,0
478.225,0.8238,0,0,0,0
478.260,0.8238,0,0,0,0
478.291,0.8238,0,0,0,0
478.328,0.8238,0,0,0,0
478.361,0.8238,0,0,0,0
478.394,0.8238,0,0,0,0
478.426,0.8238,0,0,0,0
478.459,0.8238,0,0,0,0
478.495,0.8238,0,0,0,0
478.528,0.8238,0,0,0,0
478.558,0.8238,0,0,0,0
478.593,0.8238,0,0,0,0
478.627,0.8238,0,0,0,0
478.659,0.8238,0,0,0,0
478.693,0.8238,0,0,0,0
478.726,0.8238,0,0,0,0
478.760,0.8238,0,0,0,0
478.793,0.8238,0,0,0,0
478.825,0.8238,0,0,0,0
478.861,0.8238,0,0,0,0
478.894,0.8238,0,0,0,0
478.928,0.8238,0,0,0,0
478.961,0.8238,0,0,0,0
478.993,0.8238,0,0,0,0
479.027,0.8238,0,0,0,0
479.060,0.8238,0,0,0,0
479.092,0.8238,0,0,0,0
479.126,0.8238,0,0,0,0
479.160,0.8238,0,0,0,0
479.194,0.8238,0,0,0,0
479.226,0.8238,0,0,0,0
479.258,0.8238,0,0,0,0
479.294,0.8238,0,0,0,0
479.326,0.8238,0,0,0,0
479.357,0.8238,0,0,0,0
479.392,0.8238,0,0,0,0
479.426,0.8238,0,0,0,0
479.458,0.8238,0,0,0,0
479.493,0.8238,0,0,0,0
479.528,0.8238,0,0,0,0
479.558,0.8238,0,0,0,0
479.595,0.8238,0,0,0,0
479.627,0.8238,0,0,0,0
479.659,0.8238,0,0,0,0
479.692,0.8238,0,0,0,0
479.727,0.8238,0,0,0,0
479.761,0.8238,0,0,0,0
479.793,0.8238,0,0,0,0
479.827,0.8238,0,0,0,0
479.860,0.8238,0,0,0,0
479.894,0.8238,0,0,0,0
479.928,0.8238,0,0,0,0
479.956,0.8238,0,0,0,0
479.993,0.8238,0,0,0,0
480.025,0.8238,0,0,0,0
480.062,0.8238,0,0,0,0
480.092,0.8238,0,0,0,0
480.128,0.8238,0,0,0,0
480.160,0.8238,0,0,0,0
480.194,0.8238,0,0,0,0
480.226,0.8238,0,0,0,0
480.261,0.8238,0,0,0,0
480.292,0.8238,0,0,0,0
480.325,0.8238,0,0,0,0
480.359,0.8238,0,0,0,0
480.394,0.8238,0,0,0,0
480.425,0.8238,0,0,0,0
480.460,0.8238,0,0,0,0
480.493,0.8238,0,0,0,0
480.528,0.8238,0,0,0,0
480.558,0.8238,0,0,0,0
480.594,0.8238,0,0,0,0
480.627,0.8238,0,0,0,0
480.657,0.8238,0,0,0,0
480.693,0.8238,0,0,0,0
480.727,0.8238,0,0,0,0
480.761,0.8238,0,0,0,0
480.792,0.8238,0,0,0,0
480.826,0.8238,0,0,0,0
480.858,0.8238,0,0,0,0
480.893,0.8238,0,0,0,0
480.926,0.8238,0,0,0,0
480.960,0.8238,0,0,0,0
480.991,0.8238,0,0,0,0
481.028,0.8238,0,0,0,0
481.061,0.8238,0,0,0,0
481.093,0.8238,0,0,0,0
481.127,0.8238,0,0,0,0
481.160,0.8238,0,0,0,0
481.193,0.8238,0,0,0,0
481.227,0.8238,0,0,0,0
481.259,0.8238,0,0,0,0
481.293,0.8238,0,0,0,0
481.325,0.8238,0,0,0,0
481.361,0.8238,0,0,0,0
481.393,0.8238,0,0,0,0
481.427,0.8238,0,0,0,0
481.460,0.8238,0,0,0,0
481.494,0.8238,0,0,0,0
481.528,0.8238,0,0,0,0
481.560,0.8238,0,0,0,0
481.592,0.8238,0,0,0,0
481.625,0.8238,0,0,0,0
481.658,0.8238,0,0,0,0
481.693,0.8238,0,0,0,0
481.728,0.8238,0,0,0,0
481.759,0.8238,0,0,0,0
481.795,0.8238,0,0,0,0
481.826,0.8238,0,0,0,0
481.861,0.8238,0,0,0,0
481.893,0.8238,0,0,0,0
481.925,0.8238,0,0,0,0
481.958,0.8238,0,0,0,0
481.989,0.8238,0,0,0,0
482.025,0.8238,0,0,0,0
482.095,0.8238,0,0,0,0
482.130,0.8238,0,0,0,0
482.162,0.8238,0,0,0,0
482.198,0.8238,0,0,0,0
482.231,0.8238,0,0,0,0
482.266,0.8238,0,0,0,0
482.350,0.8238,0,0,0,0
482.390,0.8238,0,0,0,0
482.416,0.8238,0,0,0,0
482.454,0.8238,0,0,0,0
482.488,0.8238,0,0,0,0
482.518,0.8238,0,0,0,0
482.555,0.8238,0,0,0,0
482.605,0.8238,0,0,0,0
482.638,0.8238,0,0,0,0
482.677,0.8238,0,0,0,0
482.700,0.8238,0,0,0,0
482.743,0.8238,0,0,0,0
482.775,0.8238,0,0,0,0
482.814,0.8238,0,0,0,0
482.839,0.8238,0,0,0,0
482.880,0.8238,0,0,0,0
482.913,0.8238,0,0,0,0
482.946,0.8238,0,0,0,0
482.979,0.8238,0,0,0,0
483.016,0.8238,0,0,0,0
483.052,0.8238,0,0,0,0
483.072,0.8238,0,0,0,0
483.118,0.8238,0,0,0,0
483.147,0.8238,0,0,0,0
483.182,0.8238,0,0,0,0
483.215,0.8238,0,0,0,0
483.249,0.8238,0,0,0,0
483.281,0.8238,0,0,0,0
483.315,0.8238,0,0,0,0
483.347,0.8238,0,0,0,0
483.384,0.8238,0,0,0,0
483.414,0.8238,0,0,0,0
483.447,0.8238,0,0,0,0
483.479,0.8238,0,0,0,0
483.512,0.8238,0,0,0,0
483.547,0.8238,0,0,0,0
483.581,0.8238,0,0,0,0
483.615,0.8238,0,0,0,0
483.646,0.8238,0,0,0,0
483.679,0.8238,0,0,0,0
483.712,0.8238,0,0,0,0
483.754,0.8238,0,0,0,0
483.780,0.8238,0,0,0,0
483.813,0.8238,0,0,0,0
483.848,0.8238,0,0,0,0
483.883,0.8238,0,0,0,0
483.915,0.8238,0,0,0,0
483.947,0.8238,0,0,0,0
483.983,0.8238,0,0,0,0
484.017,0.8238,0,0,0,0
484.046,0.8238,0,0,0,0
484.080,0.8238,0,0,0,0
484.114,0.8238,0,0,0,0
484.147,0.8238,0,0,0,0
484.180,0.8238,0,0,0,0
484.215,0.8238,0,0,0,0
484.245,0.8238,0,0,0,0
484.281,0.8238,0,0,0,0
484.314,0.8238,0,0,0,0
484.346,0.8238,0,0,0,0
484.379,0.8238,0,0,0,0
484.416,0.8238,0,0,0,0
484.447,0.8238,0,0,0,0
484.480,0.8238,0,0,0,0
484.515,0.8238,0,0,0,0
484.548,0.8238,0,0,0,0
484.582,0.8238,0,0,0,0
484.615,0.8238,0,0,0,0
484.646,0.8238,0,0,0,0
484.681,0.8238,0,0,0,0
484.715,0.8238,0,0,0,0
484.746,0.8238,0,0,0,0
484.784,0.8238,0,0,0,0
484.814,0.8238,0,0,0,0
484.847,0.8238,0,0,0,0
484.881,0.8238,0,0,0,0
484.915,0.8238,0,0,0,0
484.949,0.8238,0,0,0,0
484.980,0.8238,0,0,0,0
485.015,0.8238,0,0,0,0
485.046,0.8238,0,0,0,0
485.082,0.8238,0,0,0,0
485.117,0.8238,0,0,0,0
485.146,0.8238,0,0,0,0
485.179,0.8238,0,0,0,0
485.215,0.8238,0,0,0,0
485.249,0.8238,0,0,0,0
485.281,0.8238,0,0,0,0
485.313,0.8238,0,0,0,0
485.347,0.8238,0,0,0,0
485.380,0.8238,0,0,0,0
485.415,0.8238,0,0,0,0
485.447,0.8238,0,0,0,0
485.482,0.8238,0,0,0,0
485.515,0.8238,0,0,0,0
485.546,0.8238,0,0,0,0
485.580,0.8238,0,0,0,0
485.615,0.8238,0,0,0,0
485.649,0.8238,0,0,0,0
485.682,0.8238,0,0,0,0
485.716,0.8238,0,0,0,0
485.745,0.8238,0,0,0,0
485.781,0.8238,0,0,0,0
485.814,0.8238,0,0,0,0
485.846,0.8238,0,0,0,0
485.881,0.8238,0,0,0,0
485.913,0.8238,0,0,0,0
485.947,0.8238,0,0,0,0
485.982,0.8238,0,0,0,0
486.014,0.8238,0,0,0,0
486.049,0.8238,0,0,0,0
486.084,0.8238,0,0,0,0
486.115,0.8238,0,0,0,0
486.150,0.8238,0,0,0,0
486.181,0.8238,0,0,0,0
486.214,0.8238,0,0,0,0
486.247,0.8238,0,0,0,0
486.282,0.8238,0,0,0,0
486.313,0.8238,0,0,0,0
486.346,0.8238,0,0,0,0
486.379,0.8238,0,0,0,0
486.413,0.8238,0,0,0,0
486.448,0.8238,0,0,0,0
486.480,0.8238,0,0,0,0
486.514,0.8238,0,0,0,0
486.548,0.8238,0,0,0,0
486.582,0.8238,0,0,0,0
486.613,0.8238,0,0,0,0
486.649,0.8238,0,0,0,0
486.684,0.8238,0,0,0,0
486.711,0.8238,0,0,0,0
486.749,0.8238,0,0,0,0
486.779,0.8238,0,0,0,0
486.816,0.8238,0,0,0,0
486.849,0.8238,0,0,0,0
486.881,0.8238,0,0,0,0
486.914,0.8238,0,0,0,0
486.948,0.8238,0,0,0,0
486.982,0.8238,0,0,0,0
487.015,0.8238,0,0,0,0
487.048,0.8238,0,0,0,0
487.083,0.8238,0,0,0,0
487.113,0.8238,0,0,0,0
487.149,0.8238,0,0,0,0
487.180,0.8238,0,0,0,0
487.212,0.8238,0,0,0,0
487.247,0.8238,0,0,0,0
487.284,0.8238,0,0,0,0
487.313,0.8238,0,0,0,0
487.348,0.8238,0,0,0,0
487.379,0.8238,0,0,0,0
487.414,0.8238,0,0,0,0
487.449,0.8238,0,0,0,0
487.479,0.8238,0,0,0,0
487.562,0.8238,0,0,0,0
487.578,0.8238,0,0,0,0
487.603,0.8238,0,0,0,0
487.639,0.8238,0,0,0,0
487.669,0.8238,0,0,0,0
487.704,0.8238,0,0,0,0
487.737,0.8238,0,0,0,0
487.769,0.8238,0,0,0,0
487.802,0.8238,0,0,0,0
487.837,0.8238,0,0,0,0
487.870,0.8238,0,0,0,0
487.903,0.8238,0,0,0,0
487.937,0.8238,0,0,0,0
487.970,0.8238,0,0,0,0
488.002,0.8238,0,0,0,0
488.038,0.8238,0,0,0,0
488.070,0.8238,0,0,0,0
488.105,0.8238,0,0,0,0
488.137,0.8238,0,0,0,0
488.169,0.8238,0,0,0,0
488.204,0.8238,0,0,0,0
488.234,0.8238,0,0,0,0
488.269,0.8238,0,0,0,0
488.302,0.8238,0,0,0,0
488.335,0.8238,0,0,0,0
488.369,0.8238,0,0,0,0
488.702,0.8238,0,0,0,0
488.735,0.8238,0,0,0,0
488.743,0.8238,0,0,0,0
488.779,0.8238,0,0,0,0
488.811,0.8238,0,0,0,0
488.844,0.8238,0,0,0,0
488.878,0.8238,0,0,0,0
488.910,0.8238,0,0,0,0
488.944,0.8238,0,0,0,0
488.978,0.8238,0,0,0,0
489.012,0.8238,0,0,0,0
489.043,0.8238,0,0,0,0
489.078,0.8238,0,0,0,0
489.111,0.8238,0,0,0,0
489.144,0.8238,0,0,0,0
489.179,0.8238,0,0,0,0
489.211,0.8238,0,0,0,0
489.243,0.8238,0,0,0,0
489.278,0.8238,0,0,0,0
489.311,0.8238,0,0,0,0
489.344,0.8238,0,0,0,0
489.379,0.8238,0,0,0,0
489.413,0.8238,0,0,0,0
489.444,0.8238,0,0,0,0
489.476,0.8238,0,0,0,0
489.514,0.8238,0,0,0,0
489.547,0.8238,0,0,0,0
489.577,0.8238,0,0,0,0
489.911,0.8238,0,0,0,0
489.959,0.8238,0,0,0,0
