time,halfW01,d0,d1,d2,d3
2.948,0.7598,2,5,5,2
0.333,0.7694,2,5,5,2
0.367,0.7706,2,5,5,2
0.400,0.7712,2,5,5,2
0.432,0.7724,2,5,5,2
0.467,0.7736,2,5,5,2
0.499,0.7742,2,5,5,2
0.534,0.7754,2,5,5,2
0.566,0.7766,2,5,5,2
0.600,0.7772,2,5,5,2
0.632,0.7784,2,5,5,2
0.667,0.7796,2,5,5,2
0.701,0.7803,2,5,5,2
0.733,0.7815,2,5,5,2
0.768,0.7827,2,5,5,2
0.800,0.7833,2,5,5,2
0.833,0.7845,2,5,5,2
0.864,0.7851,2,5,5,2
0.899,0.7863,2,5,5,2
0.933,0.7875,2,5,5,2
0.967,0.7888,2,5,5,2
1.000,0.7894,2,5,5,2
1.033,0.7906,2,5,5,2
1.065,0.7918,2,5,5,2
1.101,0.7924,2,5,5,2
1.134,0.7936,2,5,5,2
1.168,0.7948,2,5,5,2
1.199,0.7954,2,5,5,2
1.234,0.7966,2,5,5,2
1.265,0.7972,2,5,5,2
1.298,0.7983,2,5,5,2
1.332,0.7995,2,5,5,2
1.365,0.8001,0,0,0,0
1.400,0.8013,0,0,0,0
1.434,0.8025,0,0,0,0
1.467,0.8036,0,0,0,0
1.499,0.8042,0,0,0,0
1.533,0.8054,0,0,0,0
1.565,0.8059,0,0,0,0
1.601,0.8071,0,0,0,0
1.632,0.8082,0,0,0,0
1.668,0.8094,0,0,0,0
1.699,0.8099,0,0,0,0
1.732,0.8111,0,0,0,0
1.766,0.8122,0,0,0,0
1.799,0.8128,0,0,0,0
1.832,0.8139,0,0,0,0
1.868,0.8150,0,0,0,0
1.892,0.8155,0,0,0,0
1.935,0.8166,0,0,0,0
1.965,0.8172,0,0,0,0
2.000,0.8183,0,0,0,0
2.040,0.8194,0,0,0,0
2.068,0.8204,0,0,0,0
2.100,0.8210,0,0,0,0
2.133,0.8221,0,0,0,0
2.168,0.8231,0,0,0,0
2.201,0.8237,0,0,0,0
2.232,0.8247,0,0,0,0
2.267,0.8258,0,0,0,0
2.299,0.8263,0,0,0,0
2.333,0.8273,0,0,0,0
2.366,0.8283,0,0,0,0
2.398,0.8289,0,0,0,0
2.434,0.8299,0,0,0,0
2.465,0.8309,0,0,0,0
2.499,0.8314,0,0,0,0
2.534,0.8324,0,0,0,0
2.567,0.8334,0,0,0,0
2.599,0.8339,0,0,0,0
2.632,0.8349,0,0,0,0
2.668,0.8358,0,0,0,0
2.700,0.8363,0,0,0,0
2.733,0.8373,0,0,0,0
2.768,0.8382,0,0,0,0
2.800,0.8387,0,0,0,0
2.832,0.8397,0,0,0,0
2.868,0.8406,0,0,0,0
2.901,0.8411,0,0,0,0
2.932,0.8420,0,0,0,0
2.966,0.8429,0,0,0,0
3.000,0.8434,0,0,0,0
3.032,0.8443,0,0,0,0
3.068,0.8452,0,0,0,0
3.102,0.8456,0,0,0,0
3.132,0.8465,0,0,0,0
3.167,0.8474,0,0,0,0
3.201,0.8478,0,0,0,0
3.234,0.8487,0,0,0,0
3.268,0.8495,0,0,0,0
3.301,0.8499,0,0,0,0
3.333,0.8508,0,0,0,0
3.366,0.8516,0,0,0,0
3.400,0.8520,0,0,0,0
3.431,0.8529,0,0,0,0
3.467,0.8537,0,0,0,0
3.499,0.8541,0,0,0,0
3.535,0.8549,0,0,0,0
3.565,0.8553,0,0,0,0
3.601,0.8560,0,0,0,0
3.635,0.8568,0,0,0,0
3.665,0.8576,0,0,0,0
3.699,0.8579,0,0,0,0
3.734,0.8587,0,0,0,0
3.767,0.8594,0,0,0,0
3.801,0.8598,0,0,0,0
3.834,0.8605,0,0,0,0
3.866,0.8612,0,0,0,0
3.900,0.8616,0,0,0,0
3.933,0.8623,0,0,0,0
3.968,0.8630,0,0,0,0
3.999,0.8633,0,0,0,0
4.032,0.8640,0,0,0,0
4.068,0.8647,0,0,0,0
4.098,0.8650,0,0,0,0
4.134,0.8657,0,0,0,0
4.167,0.8663,0,0,0,0
4.200,0.8666,0,0,0,0
4.233,0.8672,0,0,0,0
4.269,0.8679,0,0,0,0
4.300,0.8682,0,0,0,0
4.332,0.8688,0,0,0,0
4.368,0.8694,0,0,0,0
4.398,0.8696,0,0,0,0
4.435,0.8702,0,0,0,0
4.465,0.8705,0,0,0,0
4.502,0.8711,0,0,0,0
4.532,0.8716,0,0,0,0
4.567,0.8722,0,0,0,0
4.598,0.8724,0,0,0,0
4.633,0.8730,0,0,0,0
4.668,0.8735,0,0,0,0
4.702,0.8738,0,0,0,0
4.735,0.8743,0,0,0,0
4.768,0.8748,0,0,0,0
4.800,0.8750,0,0,0,0
4.835,0.8755,0,0,0,0
4.867,0.8760,0,0,0,0
4.900,0.8762,0,0,0,0
4.931,0.8767,0,0,0,0
4.967,0.8771,0,0,0,0
4.998,0.8773,0,0,0,0
5.033,0.8778,0,0,0,0
5.067,0.8782,0,0,0,0
5.099,0.8784,0,0,0,0
5.133,0.8789,0,0,0,0
5.167,0.8793,0,0,0,0
5.198,0.8795,0,0,0,0
5.232,0.8799,0,0,0,0
5.264,0.8801,0,0,0,0
5.299,0.8805,0,0,0,0
5.334,0.8808,0,0,0,0
5.375,0.8812,0,0,0,0
5.401,0.8814,0,0,0,0
5.431,0.8818,0,0,0,0
5.465,0.8820,0,0,0,0
5.502,0.8823,0,0,0,0
5.532,0.8827,0,0,0,0
5.566,0.8830,0,0,0,0
5.599,0.8832,0,0,0,0
5.635,0.8835,0,0,0,0
5.667,0.8838,0,0,0,0
5.698,0.8840,0,0,0,0
5.731,0.8843,0,0,0,0
5.765,0.8845,0,0,0,0
5.803,0.8848,0,0,0,0
5.833,0.8851,0,0,0,0
5.868,0.8854,0,0,0,0
5.898,0.8856,0,0,0,0
5.931,0.8859,0,0,0,0
5.969,0.8861,0,0,0,0
6.000,0.8863,0,0,0,0
6.032,0.8866,0,0,0,0
6.065,0.8869,0,0,0,0
6.099,0.8870,0,0,0,0
6.135,0.8873,0,0,0,0
6.168,0.8875,0,0,0,0
6.199,0.8877,0,0,0,0
6.234,0.8879,0,0,0,0
6.266,0.8882,0,0,0,0
6.301,0.8883,0,0,0,0
6.333,0.8886,0,0,0,0
6.365,0.8888,0,0,0,0
6.399,0.8890,0,0,0,0
6.432,0.8892,0,0,0,0
6.465,0.8893,0,0,0,0
6.501,0.8896,0,0,0,0
6.534,0.8898,0,0,0,0
6.567,0.8901,0,0,0,0
6.598,0.8902,0,0,0,0
6.636,0.8904,0,0,0,0
6.658,0.8905,0,0,0,0
6.698,0.8908,0,0,0,0
6.731,0.8910,0,0,0,0
6.766,0.8912,0,0,0,0
6.800,0.8914,0,0,0,0
6.833,0.8916,0,0,0,0
6.866,0.8918,0,0,0,0
6.900,0.8919,0,0,0,0
6.934,0.8921,0,0,0,0
6.965,0.8923,0,0,0,0
7.001,0.8925,0,0,0,0
7.032,0.8927,0,0,0,0
7.067,0.8929,0,0,0,0
7.097,0.8930,0,0,0,0
7.134,0.8932,0,0,0,0
7.165,0.8933,0,0,0,0
7.202,0.8968,2,5,5,2
7.233,0.9009,2,5,5,2
7.265,0.9097,2,5,5,2
7.298,0.9186,2,5,5,2
7.332,0.9270,2,5,5,2
7.368,0.9343,2,5,5,2
7.398,0.9357,2,5,5,2
7.431,0.9358,2,5,5,2
7.465,0.9358,2,5,5,2
7.498,0.9359,2,5,5,2
7.535,0.9361,2,5,5,2
7.565,0.9362,2,5,5,2
7.599,0.9362,2,5,5,2
7.632,0.9363,2,5,5,2
7.667,0.9364,2,5,5,2
7.702,0.9365,2,5,5,2
7.731,0.9366,2,5,5,2
7.769,0.9367,2,5,5,2
7.800,0.9367,2,5,5,2
7.833,0.9360,2,5,5,2
7.868,0.9348,2,5,5,2
7.902,0.9339,2,5,5,2
7.934,0.9340,2,5,5,2
7.968,0.9341,2,5,5,2
7.999,0.9342,2,5,5,2
8.034,0.9343,2,5,5,2
8.064,0.9343,2,5,5,2
8.101,0.9344,2,5,5,2
8.135,0.9346,2,5,5,2
8.166,0.9347,2,5,5,2
8.201,0.9347,2,5,5,2
8.234,0.9348,2,5,5,2
8.268,0.9349,2,5,5,2
8.298,0.9350,2,5,5,2
8.334,0.9351,2,5,5,2
8.365,0.9352,2,5,5,2
8.398,0.9353,0,0,0,0
8.432,0.9354,0,0,0,0
8.466,0.9355,0,0,0,0
8.501,0.9355,0,0,0,0
8.534,0.9356,0,0,0,0
8.565,0.9357,0,0,0,0
8.602,0.9358,0,0,0,0
8.634,0.9359,0,0,0,0
8.664,0.9360,0,0,0,0
8.701,0.9361,0,0,0,0
8.731,0.9362,0,0,0,0
8.768,0.9363,0,0,0,0
8.799,0.9363,0,0,0,0
8.835,0.9365,0,0,0,0
8.865,0.9365,0,0,0,0
8.900,0.9366,0,0,0,0
8.934,0.9367,0,0,0,0
8.968,0.9368,0,0,0,0
8.999,0.9369,0,0,0,0
9.032,0.9370,0,0,0,0
9.066,0.9371,0,0,0,0
9.102,0.9371,0,0,0,0
9.135,0.9372,0,0,0,0
9.166,0.9374,0,0,0,0
9.206,0.9375,0,0,0,0
9.233,0.9375,0,0,0,0
9.266,0.9376,0,0,0,0
9.302,0.9377,0,0,0,0
9.335,0.9378,0,0,0,0
9.368,0.9379,0,0,0,0
9.400,0.9379,0,0,0,0
9.433,0.9380,0,0,0,0
9.469,0.9381,0,0,0,0
9.499,0.9382,0,0,0,0
9.532,0.9383,0,0,0,0
9.567,0.9384,0,0,0,0
9.598,0.9384,0,0,0,0
9.635,0.9385,0,0,0,0
9.665,0.9386,0,0,0,0
9.698,0.9387,0,0,0,0
9.734,0.9388,0,0,0,0
9.769,0.9389,0,0,0,0
9.798,0.9389,0,0,0,0
9.835,0.9390,0,0,0,0
9.867,0.9391,0,0,0,0
9.902,0.9392,0,0,0,0
9.931,0.9393,0,0,0,0
9.965,0.9393,0,0,0,0
9.998,0.9394,0,0,0,0
10.032,0.9395,0,0,0,0
10.068,0.9396,0,0,0,0
10.099,0.9396,0,0,0,0
10.135,0.9397,0,0,0,0
10.166,0.9398,0,0,0,0
10.199,0.9399,0,0,0,0
10.232,0.9400,0,0,0,0
10.265,0.9400,0,0,0,0
10.301,0.9401,0,0,0,0
10.332,0.9402,0,0,0,0
10.368,0.9403,0,0,0,0
10.398,0.9403,0,0,0,0
10.435,0.9404,0,0,0,0
10.467,0.9405,0,0,0,0
10.500,0.9405,0,0,0,0
10.532,0.9406,0,0,0,0
10.565,0.9407,0,0,0,0
10.600,0.9408,0,0,0,0
10.634,0.9408,0,0,0,0
10.667,0.9409,0,0,0,0
10.701,0.9410,0,0,0,0
10.734,0.9411,0,0,0,0
10.768,0.9411,0,0,0,0
10.798,0.9412,0,0,0,0
10.834,0.9413,0,0,0,0
10.868,0.9413,0,0,0,0
10.900,0.9414,0,0,0,0
10.933,0.9415,0,0,0,0
10.968,0.9415,0,0,0,0
11.000,0.9416,0,0,0,0
11.031,0.9416,0,0,0,0
11.067,0.9417,0,0,0,0
11.098,0.9418,0,0,0,0
11.135,0.9418,0,0,0,0
11.165,0.9419,0,0,0,0
11.198,0.9419,0,0,0,0
11.233,0.9420,0,0,0,0
11.268,0.9421,0,0,0,0
11.300,0.9421,0,0,0,0
11.332,0.9422,0,0,0,0
11.367,0.9423,0,0,0,0
11.402,0.9423,0,0,0,0
11.432,0.9424,0,0,0,0
11.466,0.9424,0,0,0,0
11.501,0.9425,0,0,0,0
11.532,0.9425,0,0,0,0
11.567,0.9426,0,0,0,0
11.600,0.9426,0,0,0,0
11.633,0.9427,0,0,0,0
11.667,0.9427,0,0,0,0
11.698,0.9428,0,0,0,0
11.731,0.9428,0,0,0,0
11.765,0.9429,0,0,0,0
11.801,0.9429,0,0,0,0
11.823,0.9430,0,0,0,0
11.865,0.9430,0,0,0,0
11.901,0.9431,0,0,0,0
11.935,0.9431,0,0,0,0
11.966,0.9432,0,0,0,0
11.999,0.9432,0,0,0,0
12.035,0.9433,0,0,0,0
12.068,0.9433,0,0,0,0
12.099,0.9433,0,0,0,0
12.133,0.9434,0,0,0,0
12.168,0.9434,0,0,0,0
12.200,0.9435,0,0,0,0
12.232,0.9435,0,0,0,0
12.265,0.9435,0,0,0,0
12.301,0.9436,0,0,0,0
12.333,0.9436,0,0,0,0
12.365,0.9437,0,0,0,0
12.400,0.9437,0,0,0,0
12.435,0.9437,0,0,0,0
12.466,0.9438,0,0,0,0
12.501,0.9438,0,0,0,0
12.531,0.9438,0,0,0,0
12.566,0.9439,0,0,0,0
12.598,0.9439,0,0,0,0
12.631,0.9439,0,0,0,0
12.665,0.9440,0,0,0,0
12.699,0.9440,0,0,0,0
12.734,0.9440,0,0,0,0
12.768,0.9441,0,0,0,0
12.799,0.9441,0,0,0,0
12.833,0.9441,0,0,0,0
12.865,0.9441,0,0,0,0
12.898,0.9442,0,0,0,0
12.933,0.9442,0,0,0,0
12.968,0.9442,0,0,0,0
13.000,0.9442,0,0,0,0
13.034,0.9443,0,0,0,0
13.065,0.9443,0,0,0,0
13.102,0.9443,0,0,0,0
13.132,0.9443,0,0,0,0
13.168,0.9443,0,0,0,0
13.200,0.9444,0,0,0,0
13.231,0.9444,0,0,0,0
13.265,0.9444,0,0,0,0
13.300,0.9444,0,0,0,0
13.332,0.9444,0,0,0,0
13.367,0.9444,0,0,0,0
13.398,0.9444,0,0,0,0
13.435,0.9445,0,0,0,0
13.466,0.9445,0,0,0,0
13.499,0.9445,0,0,0,0
13.533,0.9445,0,0,0,0
13.565,0.9445,0,0,0,0
13.599,0.9445,0,0,0,0
13.633,0.9445,0,0,0,0
13.668,0.9445,0,0,0,0
13.700,0.9445,0,0,0,0
13.734,0.9445,0,0,0,0
13.765,0.9445,0,0,0,0
13.802,0.9445,0,0,0,0
13.832,0.9445,0,0,0,0
13.869,0.9445,0,0,0,0
13.901,0.9445,0,0,0,0
13.935,0.9445,0,0,0,0
13.966,0.9445,0,0,0,0
14.002,0.9445,0,0,0,0
14.031,0.9445,0,0,0,0
14.068,0.9445,0,0,0,0
14.099,0.9445,0,0,0,0
14.135,0.9445,0,0,0,0
14.165,0.9445,0,0,0,0
14.199,0.9445,0,0,0,0
14.233,0.9445,0,0,0,0
14.267,0.9445,0,0,0,0
14.298,0.9445,0,0,0,0
14.336,0.9445,0,0,0,0
14.366,0.9445,0,0,0,0
14.400,0.9445,0,0,0,0
14.434,0.9445,0,0,0,0
14.467,0.9444,0,0,0,0
14.499,0.9444,0,0,0,0
14.531,0.9444,0,0,0,0
14.566,0.9444,0,0,0,0
14.600,0.9444,0,0,0,0
14.633,0.9444,0,0,0,0
14.665,0.9444,0,0,0,0
14.698,0.9443,0,0,0,0
14.734,0.9443,0,0,0,0
14.765,0.9443,0,0,0,0
14.798,0.9443,0,0,0,0
14.833,0.9443,0,0,0,0
14.868,0.9442,0,0,0,0
14.901,0.9442,0,0,0,0
14.932,0.9442,0,0,0,0
14.965,0.9442,0,0,0,0
15.002,0.9441,0,0,0,0
15.024,0.9441,0,0,0,0
15.060,0.9441,0,0,0,0
15.098,0.9441,0,0,0,0
15.132,0.9440,0,0,0,0
15.168,0.9440,0,0,0,0
15.201,0.9440,0,0,0,0
15.233,0.9439,0,0,0,0
15.266,0.9439,0,0,0,0
15.300,0.9439,0,0,0,0
15.334,0.9438,0,0,0,0
15.364,0.9438,0,0,0,0
15.401,0.9438,0,0,0,0
15.426,0.9437,0,0,0,0
15.466,0.9437,0,0,0,0
15.499,0.9437,0,0,0,0
15.533,0.9436,0,0,0,0
15.566,0.9436,0,0,0,0
15.598,0.9435,0,0,0,0
15.631,0.9435,0,0,0,0
15.665,0.9435,0,0,0,0
15.697,0.9434,0,0,0,0
15.733,0.9434,0,0,0,0
15.764,0.9433,0,0,0,0
15.802,0.9433,0,0,0,0
15.832,0.9432,0,0,0,0
15.866,0.9432,0,0,0,0
15.900,0.9431,0,0,0,0
15.931,0.9431,0,0,0,0
15.968,0.9430,0,0,0,0
16.003,0.9430,0,0,0,0
16.034,0.9429,0,0,0,0
16.056,0.9429,0,0,0,0
16.098,0.9428,0,0,0,0
16.133,0.9428,0,0,0,0
16.166,0.9427,0,0,0,0
16.198,0.9427,0,0,0,0
16.232,0.9426,0,0,0,0
16.264,0.9426,0,0,0,0
16.298,0.9425,0,0,0,0
16.335,0.9424,0,0,0,0
16.366,0.9424,0,0,0,0
16.401,0.9423,0,0,0,0
16.431,0.9423,0,0,0,0
16.465,0.9422,0,0,0,0
16.499,0.9422,0,0,0,0
16.533,0.9421,0,0,0,0
16.567,0.9420,0,0,0,0
16.601,0.9420,0,0,0,0
16.634,0.9419,0,0,0,0
16.665,0.9419,0,0,0,0
16.699,0.9418,0,0,0,0
16.732,0.9417,0,0,0,0
16.766,0.9416,0,0,0,0
16.798,0.9416,0,0,0,0
16.835,0.9415,0,0,0,0
16.867,0.9414,0,0,0,0
16.902,0.9414,0,0,0,0
16.932,0.9413,0,0,0,0
16.968,0.9412,0,0,0,0
17.003,0.9412,0,0,0,0
17.040,0.9411,0,0,0,0
17.065,0.9410,0,0,0,0
17.101,0.9409,0,0,0,0
17.134,0.9409,0,0,0,0
17.166,0.9408,0,0,0,0
17.200,0.9407,0,0,0,0
17.231,0.9406,0,0,0,0
17.266,0.9405,0,0,0,0
17.298,0.9405,0,0,0,0
17.332,0.9404,0,0,0,0
17.366,0.9403,0,0,0,0
17.401,0.9402,0,0,0,0
17.432,0.9401,0,0,0,0
17.467,0.9400,0,0,0,0
17.500,0.9400,0,0,0,0
17.532,0.9399,0,0,0,0
17.568,0.9398,0,0,0,0
17.600,0.9397,0,0,0,0
17.632,0.9396,0,0,0,0
17.667,0.9395,0,0,0,0
17.701,0.9395,0,0,0,0
17.731,0.9394,0,0,0,0
17.766,0.9393,0,0,0,0
17.801,0.9392,0,0,0,0
17.835,0.9391,0,0,0,0
17.868,0.9390,0,0,0,0
17.901,0.9390,0,0,0,0
17.931,0.9388,0,0,0,0
17.965,0.9388,0,0,0,0
18.002,0.9387,0,0,0,0
18.028,0.9386,0,0,0,0
18.065,0.9385,0,0,0,0
18.098,0.9384,0,0,0,0
18.132,0.9383,0,0,0,0
18.167,0.9382,0,0,0,0
18.199,0.9381,0,0,0,0
18.233,0.9380,0,0,0,0
18.268,0.9379,0,0,0,0
18.299,0.9378,0,0,0,0
18.332,0.9377,0,0,0,0
18.366,0.9376,0,0,0,0
18.399,0.9375,0,0,0,0
18.435,0.9374,0,0,0,0
18.466,0.9373,0,0,0,0
18.500,0.9372,0,0,0,0
18.534,0.9371,0,0,0,0
18.565,0.9370,0,0,0,0
18.602,0.9369,0,0,0,0
18.634,0.9368,0,0,0,0
18.668,0.9367,0,0,0,0
18.699,0.9366,0,0,0,0
18.732,0.9365,0,0,0,0
18.767,0.9363,0,0,0,0
18.801,0.9363,0,0,0,0
18.835,0.9362,0,0,0,0
18.865,0.9361,0,0,0,0
18.899,0.9360,0,0,0,0
18.933,0.9358,0,0,0,0
18.970,0.9357,0,0,0,0
18.991,0.9356,0,0,0,0
19.033,0.9355,0,0,0,0
19.067,0.9354,0,0,0,0
19.099,0.9353,0,0,0,0
19.132,0.9352,0,0,0,0
19.166,0.9350,0,0,0,0
19.201,0.9350,0,0,0,0
19.235,0.9348,0,0,0,0
19.267,0.9347,0,0,0,0
19.299,0.9346,0,0,0,0
19.333,0.9345,0,0,0,0
19.365,0.9344,0,0,0,0
19.398,0.9343,0,0,0,0
19.435,0.9341,0,0,0,0
19.467,0.9340,0,0,0,0
19.502,0.9339,0,0,0,0
19.536,0.9338,0,0,0,0
19.565,0.9337,0,0,0,0
19.600,0.9336,0,0,0,0
19.632,0.9334,0,0,0,0
19.665,0.9334,0,0,0,0
19.698,0.9332,0,0,0,0
19.735,0.9331,0,0,0,0
19.765,0.9330,0,0,0,0
19.799,0.9329,0,0,0,0
19.832,0.9327,0,0,0,0
19.867,0.9326,0,0,0,0
19.901,0.9325,0,0,0,0
19.932,0.9323,0,0,0,0
19.968,0.9322,0,0,0,0
20.001,0.9321,0,0,0,0
20.039,0.9320,0,0,0,0
20.065,0.9319,0,0,0,0
20.101,0.9317,0,0,0,0
20.134,0.9316,0,0,0,0
20.165,0.9315,0,0,0,0
20.201,0.9314,0,0,0,0
20.232,0.9312,0,0,0,0
20.266,0.9311,0,0,0,0
20.298,0.9310,0,0,0,0
20.335,0.9308,0,0,0,0
20.369,0.9307,0,0,0,0
20.400,0.9306,0,0,0,0
20.433,0.9304,0,0,0,0
20.466,0.9303,0,0,0,0
20.500,0.9302,0,0,0,0
20.533,0.9301,0,0,0,0
20.565,0.9300,0,0,0,0
20.599,0.9298,0,0,0,0
20.631,0.9297,0,0,0,0
20.666,0.9295,0,0,0,0
20.702,0.9294,0,0,0,0
20.735,0.9293,0,0,0,0
20.766,0.9291,0,0,0,0
20.802,0.9290,0,0,0,0
20.834,0.9289,0,0,0,0
20.866,0.9287,0,0,0,0
20.898,0.9286,0,0,0,0
20.936,0.9285,0,0,0,0
20.965,0.9284,0,0,0,0
20.999,0.9282,0,0,0,0
21.032,0.9281,0,0,0,0
21.063,0.9280,0,0,0,0
21.098,0.9278,0,0,0,0
21.132,0.9277,0,0,0,0
21.168,0.9275,0,0,0,0
21.199,0.9274,0,0,0,0
21.231,0.9273,0,0,0,0
21.270,0.9271,0,0,0,0
21.298,0.9270,0,0,0,0
21.335,0.9269,0,0,0,0
21.365,0.9267,0,0,0,0
21.402,0.9266,0,0,0,0
21.432,0.9265,0,0,0,0
21.472,0.9263,0,0,0,0
21.500,0.9262,0,0,0,0
21.535,0.9260,0,0,0,0
21.569,0.9259,0,0,0,0
21.602,0.9258,0,0,0,0
21.630,0.9256,0,0,0,0
21.665,0.9255,0,0,0,0
21.699,0.9254,0,0,0,0
21.733,0.9252,0,0,0,0
21.767,0.9250,0,0,0,0
21.800,0.9250,0,0,0,0
21.834,0.9248,0,0,0,0
21.867,0.9246,0,0,0,0
21.901,0.9245,0,0,0,0
21.933,0.9244,0,0,0,0
21.966,0.9242,0,0,0,0
21.999,0.9241,0,0,0,0
22.033,0.9240,0,0,0,0
22.067,0.9238,0,0,0,0
22.101,0.9237,0,0,0,0
22.131,0.9235,0,0,0,0
22.166,0.9234,0,0,0,0
22.197,0.9233,0,0,0,0
22.233,0.9231,0,0,0,0
22.263,0.9230,0,0,0,0
22.300,0.9229,0,0,0,0
22.331,0.9227,0,0,0,0
22.366,0.9225,0,0,0,0
22.401,0.9225,0,0,0,0
22.435,0.9223,0,0,0,0
22.464,0.9222,0,0,0,0
22.498,0.9220,0,0,0,0
22.533,0.9219,0,0,0,0
22.566,0.9217,0,0,0,0
22.599,0.9216,0,0,0,0
22.631,0.9214,0,0,0,0
22.669,0.9213,0,0,0,0
22.699,0.9212,0,0,0,0
22.733,0.9210,0,0,0,0
22.768,0.9209,0,0,0,0
22.799,0.9208,0,0,0,0
22.835,0.9206,0,0,0,0
22.865,0.9205,0,0,0,0
22.901,0.9204,0,0,0,0
22.933,0.9202,0,0,0,0
22.965,0.9201,0,0,0,0
22.999,0.9199,0,0,0,0
23.034,0.9198,0,0,0,0
23.065,0.9197,0,0,0,0
23.098,0.9195,0,0,0,0
23.134,0.9193,0,0,0,0
23.167,0.9192,0,0,0,0
23.200,0.9191,0,0,0,0
23.231,0.9189,0,0,0,0
23.266,0.9188,0,0,0,0
23.301,0.9187,0,0,0,0
23.334,0.9185,0,0,0,0
23.366,0.9183,0,0,0,0
23.401,0.9183,0,0,0,0
23.435,0.9181,0,0,0,0
23.466,0.9179,0,0,0,0
23.502,0.9178,0,0,0,0
23.533,0.9177,0,0,0,0
23.568,0.9175,0,0,0,0
23.598,0.9174,0,0,0,0
23.632,0.9173,0,0,0,0
23.666,0.9171,0,0,0,0
23.702,0.9170,0,0,0,0
23.733,0.9169,0,0,0,0
23.766,0.9167,0,0,0,0
23.801,0.9167,0,0,0,0
23.834,0.9165,0,0,0,0
23.867,0.9163,0,0,0,0
23.901,0.9163,0,0,0,0
23.934,0.9161,0,0,0,0
23.967,0.9160,0,0,0,0
24.000,0.9159,0,0,0,0
24.033,0.9157,0,0,0,0
24.068,0.9156,0,0,0,0
24.099,0.9155,0,0,0,0
24.134,0.9153,0,0,0,0
24.169,0.9152,0,0,0,0
24.200,0.9151,0,0,0,0
24.235,0.9149,0,0,0,0
24.266,0.9148,0,0,0,0
24.302,0.9147,0,0,0,0
24.332,0.9146,0,0,0,0
24.366,0.9144,0,0,0,0
24.402,0.9143,0,0,0,0
24.435,0.9142,0,0,0,0
24.466,0.9140,0,0,0,0
24.498,0.9140,0,0,0,0
24.535,0.9138,0,0,0,0
24.566,0.9137,0,0,0,0
24.599,0.9136,0,0,0,0
24.633,0.9134,0,0,0,0
24.668,0.9133,0,0,0,0
24.698,0.9132,0,0,0,0
24.731,0.9131,0,0,0,0
24.766,0.9129,0,0,0,0
24.799,0.9128,0,0,0,0
24.832,0.9127,0,0,0,0
24.866,0.9125,0,0,0,0
24.901,0.9125,0,0,0,0
24.935,0.9123,0,0,0,0
24.962,0.9122,0,0,0,0
24.999,0.9121,0,0,0,0
25.033,0.9120,0,0,0,0
25.065,0.9119,0,0,0,0
25.098,0.9117,0,0,0,0
25.134,0.9116,0,0,0,0
25.166,0.9114,0,0,0,0
25.201,0.9114,0,0,0,0
25.235,0.9112,0,0,0,0
25.267,0.9111,0,0,0,0
25.299,0.9110,0,0,0,0
25.333,0.9109,0,0,0,0
25.368,0.9107,0,0,0,0
25.399,0.9107,0,0,0,0
25.432,0.9105,0,0,0,0
25.467,0.9104,0,0,0,0
25.500,0.9103,0,0,0,0
25.533,0.9102,0,0,0,0
25.565,0.9101,0,0,0,0
25.598,0.9100,0,0,0,0
25.635,0.9098,0,0,0,0
25.665,0.9097,0,0,0,0
25.702,0.9096,0,0,0,0
25.734,0.9095,0,0,0,0
25.766,0.9093,0,0,0,0
25.802,0.9093,0,0,0,0
25.832,0.9091,0,0,0,0
25.867,0.9090,0,0,0,0
25.902,0.9089,0,0,0,0
25.932,0.9088,0,0,0,0
25.967,0.9086,0,0,0,0
26.006,0.9085,0,0,0,0
26.024,0.9085,0,0,0,0
26.066,0.9083,0,0,0,0
26.101,0.9082,0,0,0,0
26.132,0.9081,0,0,0,0
26.168,0.9080,0,0,0,0
26.200,0.9079,0,0,0,0
26.233,0.9078,0,0,0,0
26.266,0.9076,0,0,0,0
26.298,0.9076,0,0,0,0
26.335,0.9075,0,0,0,0
26.365,0.9074,0,0,0,0
26.400,0.9073,0,0,0,0
26.433,0.9071,0,0,0,0
26.465,0.9071,0,0,0,0
26.500,0.9069,0,0,0,0
26.532,0.9068,0,0,0,0
26.565,0.9067,0,0,0,0
26.601,0.9066,0,0,0,0
26.633,0.9065,0,0,0,0
26.665,0.9064,0,0,0,0
26.699,0.9063,0,0,0,0
26.735,0.9062,0,0,0,0
26.769,0.9061,0,0,0,0
26.801,0.9060,0,0,0,0
26.831,0.9059,0,0,0,0
26.865,0.9058,0,0,0,0
26.902,0.9057,0,0,0,0
26.934,0.9056,0,0,0,0
26.966,0.9054,0,0,0,0
27.001,0.9054,0,0,0,0
27.035,0.9053,0,0,0,0
27.057,0.9052,0,0,0,0
27.103,0.9051,0,0,0,0
27.133,0.9050,0,0,0,0
27.167,0.9048,0,0,0,0
27.200,0.9048,0,0,0,0
27.234,0.9047,0,0,0,0
27.268,0.9045,0,0,0,0
27.299,0.9045,0,0,0,0
27.332,0.9044,0,0,0,0
27.364,0.9043,0,0,0,0
27.401,0.9042,0,0,0,0
27.434,0.9041,0,0,0,0
27.467,0.9040,0,0,0,0
27.501,0.9039,0,0,0,0
27.534,0.9038,0,0,0,0
27.566,0.9037,0,0,0,0
27.598,0.9036,0,0,0,0
27.633,0.9035,0,0,0,0
27.668,0.9034,0,0,0,0
27.700,0.9033,0,0,0,0
27.732,0.9032,0,0,0,0
27.767,0.9031,0,0,0,0
27.799,0.9031,0,0,0,0
27.833,0.9029,0,0,0,0
27.865,0.9029,0,0,0,0
27.902,0.9028,0,0,0,0
27.935,0.9027,0,0,0,0
27.966,0.9026,0,0,0,0
27.999,0.9025,0,0,0,0
28.033,0.9024,0,0,0,0
28.065,0.9023,0,0,0,0
28.099,0.9022,0,0,0,0
28.133,0.9021,0,0,0,0
28.166,0.9020,0,0,0,0
28.198,0.9020,0,0,0,0
28.235,0.9019,0,0,0,0
28.266,0.9018,0,0,0,0
28.298,0.9017,0,0,0,0
28.335,0.9016,0,0,0,0
28.368,0.9015,0,0,0,0
28.398,0.9015,0,0,0,0
28.432,0.9014,0,0,0,0
28.467,0.9013,0,0,0,0
28.499,0.9012,0,0,0,0
28.533,0.9011,0,0,0,0
28.566,0.9010,0,0,0,0
28.601,0.9009,0,0,0,0
28.636,0.9008,0,0,0,0
28.669,0.9007,0,0,0,0
28.702,0.9007,0,0,0,0
28.733,0.9006,0,0,0,0
28.767,0.9005,0,0,0,0
28.800,0.9005,0,0,0,0
28.834,0.9004,0,0,0,0
28.865,0.9003,0,0,0,0
28.902,0.9002,0,0,0,0
28.933,0.9001,0,0,0,0
28.967,0.9000,0,0,0,0
28.998,0.9000,0,0,0,0
29.034,0.8999,0,0,0,0
29.067,0.8998,0,0,0,0
29.099,0.8997,0,0,0,0
29.131,0.8996,0,0,0,0
29.168,0.8996,0,0,0,0
29.200,0.8995,0,0,0,0
29.234,0.8994,0,0,0,0
29.258,0.8994,0,0,0,0
29.300,0.8993,0,0,0,0
29.334,0.8992,0,0,0,0
29.368,0.8991,0,0,0,0
29.399,0.8991,0,0,0,0
29.432,0.8990,0,0,0,0
29.467,0.8989,0,0,0,0
29.498,0.8988,0,0,0,0
29.532,0.8987,0,0,0,0
29.565,0.8987,0,0,0,0
29.599,0.8986,0,0,0,0
29.634,0.8985,0,0,0,0
29.665,0.8985,0,0,0,0
29.700,0.8984,0,0,0,0
29.734,0.8983,0,0,0,0
29.769,0.8982,0,0,0,0
29.798,0.8982,0,0,0,0
29.831,0.8981,0,0,0,0
29.866,0.8980,0,0,0,0
29.901,0.8980,0,0,0,0
29.934,0.8979,0,0,0,0
29.966,0.8970,0,0,0,0
30.000,0.8958,0,0,0,0
30.035,0.8943,2,5,5,2
30.066,0.8926,2,5,5,2
30.101,0.8912,2,5,5,2
30.135,0.8899,2,5,5,2
30.164,0.8895,2,5,5,2
30.200,0.8894,2,5,5,2
30.234,0.8893,2,5,5,2
30.267,0.8892,2,5,5,2
30.299,0.8892,2,5,5,2
30.331,0.8890,2,5,5,2
30.366,0.8882,2,5,5,2
30.392,0.8872,2,5,5,2
30.434,0.8823,2,5,5,2
30.468,0.8778,2,5,5,2
30.499,0.8737,2,5,5,2
30.532,0.8729,2,5,5,2
30.568,0.8726,2,5,5,2
30.599,0.8726,2,5,5,2
30.636,0.8725,2,5,5,2
30.664,0.8725,2,5,5,2
30.702,0.8724,2,5,5,2
30.732,0.8723,2,5,5,2
30.766,0.8722,2,5,5,2
30.800,0.8722,2,5,5,2
30.831,0.8721,2,5,5,2
30.868,0.8720,2,5,5,2
30.899,0.8719,2,5,5,2
30.931,0.8719,2,5,5,2
30.967,0.8718,2,5,5,2
31.002,0.8717,2,5,5,2
31.033,0.8717,2,5,5,2
31.068,0.8716,2,5,5,2
31.099,0.8715,2,5,5,2
31.133,0.8714,2,5,5,2
31.166,0.8727,2,5,5,2
31.201,0.8727,2,5,5,2
31.232,0.8726,2,5,5,2
31.265,0.8726,2,5,5,2
31.299,0.8725,2,5,5,2
31.332,0.8724,2,5,5,2
31.366,0.8723,2,5,5,2
31.398,0.8723,2,5,5,2
31.431,0.8722,2,5,5,2
31.459,0.8722,2,5,5,2
31.500,0.8721,0,0,0,0
31.533,0.8720,0,0,0,0
31.568,0.8719,0,0,0,0
31.599,0.8719,0,0,0,0
31.635,0.8718,0,0,0,0
31.666,0.8717,0,0,0,0
31.701,0.8717,0,0,0,0
31.732,0.8716,0,0,0,0
31.767,0.8715,0,0,0,0
31.802,0.8715,0,0,0,0
31.835,0.8714,0,0,0,0
31.865,0.8714,0,0,0,0
31.898,0.8713,0,0,0,0
31.932,0.8712,0,0,0,0
31.965,0.8712,0,0,0,0
31.998,0.8711,0,0,0,0
32.033,0.8710,0,0,0,0
32.067,0.8709,0,0,0,0
32.101,0.8709,0,0,0,0
32.131,0.8708,0,0,0,0
32.167,0.8704,0,0,0,0
32.202,0.8701,0,0,0,0
32.231,0.8688,0,0,0,0
32.266,0.8669,2,5,5,2
32.302,0.8657,2,5,5,2
32.334,0.8627,2,5,5,2
32.367,0.8590,2,5,5,2
32.399,0.8570,2,5,5,2
32.434,0.8524,2,5,5,2
32.467,0.8473,2,5,5,2
32.500,0.8446,2,5,5,2
32.534,0.8388,2,5,5,2
32.568,0.8327,2,5,5,2
32.607,0.8265,2,5,5,2
32.633,0.8235,2,5,5,2
32.666,0.8177,2,5,5,2
32.700,0.8149,2,5,5,2
32.733,0.8098,2,5,5,2
32.764,0.8074,2,5,5,2
32.800,0.8030,2,5,5,2
32.834,0.7987,2,5,5,2
32.864,0.7965,2,5,5,2
32.901,0.7921,2,5,5,2
32.931,0.7874,2,5,5,2
32.966,0.7825,2,5,5,2
33.002,0.7799,2,5,5,2
33.033,0.7744,2,5,5,2
33.068,0.7687,2,5,5,2
33.100,0.7657,2,5,5,2
33.133,0.7594,2,5,5,2
33.165,0.7562,2,5,5,2
33.199,0.7494,2,5,5,2
33.233,0.7424,2,5,5,2
33.269,0.7352,2,5,5,2
33.300,0.7316,2,5,5,2
33.334,0.7241,2,5,5,2
33.366,0.7165,2,5,5,2
33.398,0.7126,2,5,5,2
33.432,0.7048,2,5,5,2
33.468,0.6968,2,5,5,2
33.501,0.6928,2,5,5,2
33.534,0.6847,2,5,5,2
33.566,0.6764,2,5,5,2
33.600,0.6723,1,6,6,1
33.632,0.6642,1,6,6,1
33.666,0.6562,1,6,6,1
33.703,0.6523,1,6,6,1
33.732,0.6447,1,6,6,1
33.767,0.6372,1,6,6,1
33.801,0.6336,1,6,6,1
33.833,0.6262,1,6,6,1
33.865,0.6225,1,6,6,1
33.902,0.6149,1,6,6,1
33.933,0.6073,1,6,6,1
33.968,0.5996,1,6,6,1
33.999,0.5957,1,6,6,1
34.035,0.5878,1,6,6,1
34.065,0.5838,1,6,6,1
34.101,0.5756,1,6,6,1
34.135,0.5673,1,6,6,1
34.166,0.5588,1,6,6,1
34.201,0.5546,1,6,6,1
34.232,0.5459,1,6,6,1
34.266,0.5372,1,6,6,1
34.302,0.5328,1,6,6,1
34.332,0.5238,1,6,6,1
34.366,0.5148,1,6,6,1
34.398,0.5103,1,6,6,1
34.435,0.5016,1,6,6,1
34.466,0.4933,1,6,6,1
34.501,0.4893,1,6,6,1
34.533,0.4813,0,7,7,0
34.566,0.4733,0,7,7,0
34.600,0.4694,0,7,7,0
34.636,0.4613,0,7,7,0
34.666,0.4532,0,7,7,0
34.701,0.4490,0,7,7,0
34.734,0.4406,0,7,7,0
34.760,0.4363,0,7,7,0
34.799,0.4275,0,7,7,0
34.834,0.4185,0,7,7,0
34.870,0.4095,0,7,7,0
34.901,0.4049,0,7,7,0
34.934,0.3955,0,7,7,0
34.965,0.3908,0,7,7,0
35.001,0.3809,0,7,7,0
35.031,0.3703,0,7,7,0
35.065,0.3646,0,7,7,0
35.102,0.3526,0,7,7,0
35.133,0.3402,0,7,7,0
35.168,0.3278,0,7,7,0
35.202,0.3216,0,7,7,0
35.234,0.3092,0,7,7,0
35.268,0.2971,0,7,7,0
35.300,0.2911,0,7,7,0
35.335,0.2793,0,7,7,0
35.367,0.2677,0,7,7,0
35.398,0.2621,0,7,7,0
35.435,0.2512,0,7,7,0
35.466,0.2413,0,7,7,0
35.500,0.2369,0,7,7,0
35.533,0.2292,0,7,7,0
35.565,0.2260,0,7,7,0
35.598,0.2208,0,7,7,0
35.633,0.2172,0,7,7,0
35.664,0.2159,0,7,7,0
35.700,0.2141,0,7,7,0
35.736,0.2133,0,7,7,0
35.759,0.2131,0,7,7,0
35.800,0.2130,0,7,7,0
35.832,0.2132,0,7,7,0
35.866,0.2134,0,7,7,0
35.899,0.2135,0,7,7,0
35.935,0.2137,0,7,7,0
35.967,0.2137,0,7,7,0
35.998,0.2136,0,7,7,0
36.032,0.2134,0,7,7,0
36.068,0.2131,0,7,7,0
36.101,0.2129,0,7,7,0
36.132,0.2124,0,7,7,0
36.167,0.2119,0,7,7,0
36.200,0.2116,0,7,7,0
36.232,0.2111,0,7,7,0
36.266,0.2106,0,7,7,0
36.299,0.2103,0,7,7,0
36.332,0.2099,0,7,7,0
36.364,0.2096,0,7,7,0
36.398,0.2092,0,7,7,0
36.433,0.2088,0,7,7,0
36.465,0.2086,0,7,7,0
36.502,0.2083,0,7,7,0
36.534,0.2080,0,7,7,0
36.565,0.2077,0,7,7,0
36.601,0.2076,0,7,7,0
36.634,0.2073,0,7,7,0
36.666,0.2071,0,7,7,0
36.702,0.2070,0,0,0,0
36.732,0.2068,0,0,0,0
36.767,0.2066,0,0,0,0
36.793,0.2065,0,0,0,0
36.832,0.2063,0,0,0,0
36.868,0.2061,0,0,0,0
36.898,0.2060,0,0,0,0
36.931,0.2059,0,0,0,0
36.967,0.2058,0,0,0,0
36.998,0.2057,0,0,0,0
37.033,0.2056,0,0,0,0
37.065,0.2055,0,0,0,0
37.099,0.2054,0,0,0,0
37.132,0.2053,0,0,0,0
37.165,0.2053,0,0,0,0
37.199,0.2052,0,0,0,0
37.231,0.2051,0,0,0,0
37.266,0.2051,0,0,0,0
37.298,0.2050,0,0,0,0
37.331,0.2050,0,0,0,0
37.368,0.2049,0,0,0,0
37.400,0.2049,0,0,0,0
37.434,0.2049,0,0,0,0
37.467,0.2048,0,0,0,0
37.499,0.2048,0,0,0,0
37.534,0.2048,0,0,0,0
37.567,0.2047,0,0,0,0
37.598,0.2047,0,0,0,0
37.634,0.2047,0,0,0,0
37.667,0.2047,0,0,0,0
37.699,0.2047,0,0,0,0
37.735,0.2047,0,0,0,0
37.769,0.2047,0,0,0,0
37.800,0.2046,0,0,0,0
37.830,0.2046,0,0,0,0
37.868,0.2046,0,0,0,0
37.898,0.2046,0,0,0,0
37.932,0.2046,0,0,0,0
37.967,0.2046,0,0,0,0
38.002,0.2046,0,0,0,0
38.035,0.2046,0,0,0,0
38.065,0.2046,0,0,0,0
38.101,0.2046,0,0,0,0
38.133,0.2046,0,0,0,0
38.167,0.2046,0,0,0,0
38.198,0.2046,0,0,0,0
38.231,0.2046,0,0,0,0
38.265,0.2046,0,0,0,0
38.299,0.2046,0,0,0,0
38.333,0.2046,0,0,0,0
38.368,0.2046,0,0,0,0
38.399,0.2046,0,0,0,0
38.432,0.2046,0,0,0,0
38.467,0.2046,0,0,0,0
38.499,0.2046,0,0,0,0
38.532,0.2046,0,0,0,0
38.567,0.2046,0,0,0,0
38.598,0.2046,0,0,0,0
38.633,0.2046,0,0,0,0
38.669,0.2046,0,0,0,0
38.699,0.2046,0,0,0,0
38.732,0.2046,0,0,0,0
38.764,0.2046,0,0,0,0
38.799,0.2047,0,0,0,0
38.832,0.2047,0,0,0,0
38.866,0.2047,0,0,0,0
38.898,0.2047,0,0,0,0
38.931,0.2047,0,0,0,0
38.966,0.2047,0,0,0,0
39.001,0.2047,0,0,0,0
39.035,0.2047,0,0,0,0
39.066,0.2047,0,0,0,0
39.098,0.2047,0,0,0,0
39.134,0.2047,0,0,0,0
39.168,0.2047,0,0,0,0
39.201,0.2047,0,0,0,0
39.235,0.2047,0,0,0,0
39.266,0.2047,0,0,0,0
39.302,0.2047,0,0,0,0
39.331,0.2047,0,0,0,0
39.366,0.2047,0,0,0,0
39.400,0.2047,0,0,0,0
39.435,0.2047,0,0,0,0
39.466,0.2048,0,0,0,0
39.500,0.2048,0,0,0,0
39.533,0.2048,0,0,0,0
39.567,0.2048,0,0,0,0
39.598,0.2048,0,0,0,0
39.635,0.2048,0,0,0,0
39.667,0.2048,0,0,0,0
39.698,0.2048,0,0,0,0
39.732,0.2048,0,0,0,0
39.766,0.2048,0,0,0,0
39.800,0.2048,0,0,0,0
39.830,0.2048,0,0,0,0
39.866,0.2048,0,0,0,0
39.901,0.2048,0,0,0,0
39.931,0.2048,0,0,0,0
39.965,0.2048,0,0,0,0
39.999,0.2048,0,0,0,0
40.035,0.2049,0,0,0,0
40.066,0.2049,0,0,0,0
40.100,0.2049,0,0,0,0
40.134,0.2049,0,0,0,0
40.164,0.2049,0,0,0,0
40.200,0.2049,0,0,0,0
40.233,0.2049,0,0,0,0
40.266,0.2049,0,0,0,0
40.301,0.2049,0,0,0,0
40.335,0.2049,0,0,0,0
40.365,0.2049,0,0,0,0
40.402,0.2049,0,0,0,0
40.434,0.2049,0,0,0,0
40.467,0.2049,0,0,0,0
40.502,0.2049,0,0,0,0
40.535,0.2049,0,0,0,0
40.567,0.2049,0,0,0,0
40.599,0.2050,0,0,0,0
40.632,0.2050,0,0,0,0
40.666,0.2050,0,0,0,0
40.698,0.2050,0,0,0,0
40.731,0.2050,0,0,0,0
40.765,0.2050,0,0,0,0
40.800,0.2050,0,0,0,0
40.834,0.2050,0,0,0,0
40.861,0.2050,0,0,0,0
40.901,0.2050,0,0,0,0
40.932,0.2050,0,0,0,0
40.967,0.2050,0,0,0,0
40.998,0.2050,0,0,0,0
41.032,0.2050,0,0,0,0
41.066,0.2050,0,0,0,0
41.102,0.2050,0,0,0,0
41.131,0.2050,0,0,0,0
41.167,0.2051,0,0,0,0
41.198,0.2051,0,0,0,0
41.232,0.2051,0,0,0,0
41.266,0.2051,0,0,0,0
41.302,0.2051,0,0,0,0
41.331,0.2051,0,0,0,0
41.366,0.2051,0,0,0,0
41.402,0.2051,0,0,0,0
41.433,0.2051,0,0,0,0
41.467,0.2051,0,0,0,0
41.499,0.2051,0,0,0,0
41.532,0.2051,0,0,0,0
41.568,0.2051,0,0,0,0
41.600,0.2051,0,0,0,0
41.634,0.2051,0,0,0,0
41.665,0.2051,0,0,0,0
41.698,0.2051,0,0,0,0
41.734,0.2052,0,0,0,0
41.769,0.2052,0,0,0,0
41.801,0.2052,0,0,0,0
41.834,0.2052,0,0,0,0
41.868,0.2059,0,0,0,0
41.901,0.2066,0,0,0,0
41.934,0.2094,0,7,7,0
41.964,0.2115,0,7,7,0
41.999,0.2169,0,7,7,0
42.034,0.2236,0,7,7,0
42.065,0.2274,0,7,7,0
42.099,0.2357,0,7,7,0
42.133,0.2444,0,7,7,0
42.168,0.2532,0,7,7,0
42.201,0.2577,0,7,7,0
42.232,0.2665,0,7,7,0
42.264,0.2710,0,7,7,0
42.298,0.2793,0,7,7,0
42.334,0.2867,0,7,7,0
42.368,0.2926,0,7,7,0
42.401,0.2948,0,7,7,0
42.432,0.2972,0,7,7,0
42.466,0.2973,0,7,7,0
42.503,0.2955,0,7,7,0
42.535,0.2922,0,7,7,0
42.568,0.2885,0,7,7,0
42.599,0.2867,0,7,7,0
42.634,0.2839,0,7,7,0
42.665,0.2826,0,7,7,0
42.702,0.2826,0,7,7,0
42.734,0.2842,0,7,7,0
42.767,0.2877,0,7,7,0
42.802,0.2901,0,7,7,0
42.835,0.2961,0,7,7,0
42.872,0.3034,0,7,7,0
42.900,0.3074,0,7,7,0
42.930,0.3159,0,7,7,0
42.966,0.3247,0,7,7,0
43.002,0.3292,0,7,7,0
43.030,0.3383,0,7,7,0
43.066,0.3473,0,7,7,0
43.102,0.3517,0,7,7,0
43.130,0.3606,0,7,7,0
43.166,0.3693,0,7,7,0
43.202,0.3736,0,7,7,0
43.231,0.3821,0,7,7,0
43.267,0.3905,0,7,7,0
43.297,0.3946,0,7,7,0
43.332,0.4029,0,7,7,0
43.366,0.4111,0,7,7,0
43.400,0.4151,0,7,7,0
43.434,0.4234,0,7,7,0
43.464,0.4275,0,7,7,0
43.498,0.4358,0,7,7,0
43.533,0.4442,0,7,7,0
43.567,0.4524,1,6,6,1
43.602,0.4565,1,6,6,1
43.633,0.4648,1,6,6,1
43.665,0.4690,1,6,6,1
43.699,0.4774,1,6,6,1
43.736,0.4858,1,6,6,1
43.768,0.4941,1,6,6,1
43.801,0.4983,1,6,6,1
43.834,0.5067,1,6,6,1
43.867,0.5150,1,6,6,1
43.900,0.5191,1,6,6,1
43.934,0.5275,1,6,6,1
43.966,0.5358,1,6,6,1
44.000,0.5399,1,6,6,1
44.035,0.5483,1,6,6,1
44.067,0.5567,1,6,6,1
44.101,0.5609,1,6,6,1
44.135,0.5693,1,6,6,1
44.169,0.5779,1,6,6,1
44.201,0.5822,1,6,6,1
44.234,0.5908,1,6,6,1
44.267,0.5994,1,6,6,1
44.298,0.6038,1,6,6,1
44.335,0.6124,1,6,6,1
44.369,0.6211,1,6,6,1
44.401,0.6255,1,6,6,1
44.432,0.6342,1,6,6,1
44.465,0.6386,1,6,6,1
44.503,0.6475,1,6,6,1
44.534,0.6564,1,6,6,1
44.565,0.6652,1,6,6,1
44.599,0.6697,1,6,6,1
44.632,0.6785,1,6,6,1
44.665,0.6831,2,5,5,2
44.701,0.6922,2,5,5,2
44.733,0.7012,2,5,5,2
44.765,0.7059,2,5,5,2
44.803,0.7151,2,5,5,2
44.834,0.7243,2,5,5,2
44.867,0.7334,2,5,5,2
44.898,0.7381,2,5,5,2
44.932,0.7472,2,5,5,2
44.968,0.7563,2,5,5,2
45.001,0.7610,2,5,5,2
45.031,0.7698,2,5,5,2
45.068,0.7781,2,5,5,2
45.102,0.7821,2,5,5,2
45.134,0.7897,2,5,5,2
45.166,0.7967,2,5,5,2
45.201,0.8000,2,5,5,2
45.234,0.8061,2,5,5,2
45.268,0.8115,2,5,5,2
45.298,0.8139,2,5,5,2
45.331,0.8184,2,5,5,2
45.366,0.8224,2,5,5,2
45.402,0.8242,2,5,5,2
45.435,0.8274,2,5,5,2
45.468,0.8303,2,5,5,2
45.498,0.8315,2,5,5,2
45.534,0.8338,2,5,5,2
45.565,0.8348,2,5,5,2
45.598,0.8366,2,5,5,2
45.635,0.8382,2,5,5,2
45.668,0.8396,2,5,5,2
45.702,0.8402,2,5,5,2
45.732,0.8413,2,5,5,2
45.767,0.8423,2,5,5,2
45.800,0.8427,2,5,5,2
45.835,0.8436,2,5,5,2
45.865,0.8439,2,5,5,2
45.898,0.8446,2,5,5,2
45.931,0.8452,2,5,5,2
45.967,0.8457,2,5,5,2
46.000,0.8460,2,5,5,2
46.033,0.8464,2,5,5,2
46.066,0.8468,2,5,5,2
46.099,0.8470,2,5,5,2
46.132,0.8474,2,5,5,2
46.166,0.8477,2,5,5,2
46.201,0.8479,2,5,5,2
46.234,0.8482,2,5,5,2
46.268,0.8485,2,5,5,2
46.301,0.8486,2,5,5,2
46.333,0.8489,2,5,5,2
46.365,0.8490,2,5,5,2
46.401,0.8493,2,5,5,2
46.434,0.8495,2,5,5,2
46.468,0.8497,2,5,5,2
46.500,0.8498,2,5,5,2
46.533,0.8500,2,5,5,2
46.565,0.8501,2,5,5,2
46.598,0.8503,2,5,5,2
46.634,0.8505,2,5,5,2
46.665,0.8506,0,0,0,0
46.699,0.8508,0,0,0,0
46.735,0.8509,0,0,0,0
46.765,0.8510,0,0,0,0
46.798,0.8512,0,0,0,0
46.832,0.8513,0,0,0,0
46.867,0.8515,0,0,0,0
46.901,0.8515,0,0,0,0
46.939,0.8517,0,0,0,0
46.966,0.8518,0,0,0,0
46.999,0.8519,0,0,0,0
47.032,0.8520,0,0,0,0
47.068,0.8522,0,0,0,0
47.098,0.8522,0,0,0,0
47.134,0.8524,0,0,0,0
47.166,0.8525,0,0,0,0
47.200,0.8525,0,0,0,0
47.232,0.8527,0,0,0,0
47.265,0.8527,0,0,0,0
47.300,0.8528,0,0,0,0
47.331,0.8529,0,0,0,0
47.369,0.8530,0,0,0,0
47.401,0.8531,0,0,0,0
47.434,0.8532,0,0,0,0
47.467,0.8533,0,0,0,0
47.501,0.8533,0,0,0,0
47.535,0.8534,0,0,0,0
47.565,0.8535,0,0,0,0
47.599,0.8536,0,0,0,0
47.634,0.8537,0,0,0,0
47.665,0.8537,0,0,0,0
47.699,0.8538,0,0,0,0
47.734,0.8539,0,0,0,0
47.765,0.8539,0,0,0,0
47.798,0.8540,0,0,0,0
47.834,0.8541,0,0,0,0
47.868,0.8541,0,0,0,0
47.899,0.8542,0,0,0,0
47.934,0.8542,0,0,0,0
47.970,0.8543,0,0,0,0
47.993,0.8543,0,0,0,0
48.032,0.8544,0,0,0,0
48.067,0.8545,0,0,0,0
48.103,0.8545,0,0,0,0
48.133,0.8546,0,0,0,0
48.168,0.8546,0,0,0,0
48.199,0.8547,0,0,0,0
48.234,0.8547,0,0,0,0
48.266,0.8548,0,0,0,0
48.298,0.8548,0,0,0,0
48.333,0.8549,0,0,0,0
48.365,0.8549,0,0,0,0
48.398,0.8550,0,0,0,0
48.434,0.8550,0,0,0,0
48.465,0.8551,0,0,0,0
48.501,0.8551,0,0,0,0
48.532,0.8551,0,0,0,0
48.566,0.8552,0,0,0,0
48.598,0.8552,0,0,0,0
48.635,0.8553,0,0,0,0
48.668,0.8553,0,0,0,0
48.699,0.8553,0,0,0,0
48.731,0.8554,0,0,0,0
48.765,0.8554,0,0,0,0
48.801,0.8554,0,0,0,0
48.832,0.8555,0,0,0,0
48.868,0.8555,0,0,0,0
48.898,0.8555,0,0,0,0
48.935,0.8556,0,0,0,0
48.966,0.8556,0,0,0,0
49.001,0.8556,0,0,0,0
49.031,0.8557,0,0,0,0
49.070,0.8557,0,0,0,0
49.093,0.8557,0,0,0,0
49.135,0.8558,0,0,0,0
49.165,0.8558,0,0,0,0
49.200,0.8558,0,0,0,0
49.232,0.8559,0,0,0,0
49.266,0.8559,0,0,0,0
49.299,0.8559,0,0,0,0
49.333,0.8559,0,0,0,0
49.368,0.8560,0,0,0,0
49.399,0.8560,0,0,0,0
49.435,0.8560,0,0,0,0
49.468,0.8560,0,0,0,0
49.499,0.8561,0,0,0,0
49.535,0.8561,0,0,0,0
49.557,0.8561,0,0,0,0
49.599,0.8561,0,0,0,0
49.635,0.8562,0,0,0,0
49.667,0.8562,0,0,0,0
49.700,0.8562,0,0,0,0
49.732,0.8565,0,0,0,0
49.766,0.8572,0,0,0,0
49.801,0.8577,0,0,0,0
49.831,0.8594,2,5,5,2
49.868,0.8618,2,5,5,2
49.898,0.8633,2,5,5,2
49.935,0.8667,2,5,5,2
49.968,0.8709,2,5,5,2
50.000,0.8732,2,5,5,2
50.031,0.8781,2,5,5,2
50.066,0.8831,2,5,5,2
50.100,0.8856,2,5,5,2
50.134,0.8904,2,5,5,2
50.165,0.8928,2,5,5,2
50.201,0.8973,2,5,5,2
50.231,0.9014,2,5,5,2
50.265,0.9033,2,5,5,2
50.298,0.9069,2,5,5,2
50.332,0.9101,2,5,5,2
50.364,0.9116,2,5,5,2
50.400,0.9143,2,5,5,2
50.434,0.9167,2,5,5,2
50.469,0.9188,2,5,5,2
50.499,0.9198,2,5,5,2
50.533,0.9215,2,5,5,2
50.565,0.9223,2,5,5,2
50.598,0.9237,2,5,5,2
50.634,0.9249,2,5,5,2
50.665,0.9255,2,5,5,2
50.699,0.9264,2,5,5,2
50.735,0.9273,2,5,5,2
50.768,0.9280,2,5,5,2
50.802,0.9284,2,5,5,2
50.835,0.9290,2,5,5,2
50.869,0.9294,2,5,5,2
50.901,0.9297,2,5,5,2
50.932,0.9300,2,5,5,2
50.966,0.9303,2,5,5,2
50.999,0.9305,2,5,5,2
51.031,0.9307,2,5,5,2
51.066,0.9309,2,5,5,2
51.098,0.9310,2,5,5,2
51.135,0.9312,2,5,5,2
51.166,0.9313,2,5,5,2
51.198,0.9314,2,5,5,2
51.232,0.9315,2,5,5,2
51.258,0.9316,2,5,5,2
51.300,0.9317,2,5,5,2
51.331,0.9317,2,5,5,2
51.367,0.9318,2,5,5,2
51.398,0.9319,2,5,5,2
51.435,0.9319,2,5,5,2
51.467,0.9320,2,5,5,2
51.498,0.9320,2,5,5,2
51.535,0.9321,0,0,0,0
51.566,0.9321,0,0,0,0
51.598,0.9321,0,0,0,0
51.632,0.9322,0,0,0,0
51.668,0.9322,0,0,0,0
51.700,0.9323,0,0,0,0
51.734,0.9323,0,0,0,0
51.768,0.9323,0,0,0,0
51.799,0.9323,0,0,0,0
51.835,0.9324,0,0,0,0
51.867,0.9324,0,0,0,0
51.898,0.9324,0,0,0,0
51.932,0.9324,0,0,0,0
51.964,0.9325,0,0,0,0
52.002,0.9325,0,0,0,0
52.032,0.9325,0,0,0,0
52.068,0.9325,0,0,0,0
52.100,0.9325,0,0,0,0
52.134,0.9326,0,0,0,0
52.165,0.9326,0,0,0,0
52.199,0.9326,0,0,0,0
52.235,0.9326,0,0,0,0
52.268,0.9326,0,0,0,0
52.296,0.9326,0,0,0,0
52.335,0.9326,0,0,0,0
52.367,0.9326,0,0,0,0
52.400,0.9326,0,0,0,0
52.434,0.9327,0,0,0,0
52.466,0.9327,0,0,0,0
52.500,0.9327,0,0,0,0
52.533,0.9327,0,0,0,0
52.568,0.9327,0,0,0,0
52.599,0.9327,0,0,0,0
52.632,0.9327,0,0,0,0
52.665,0.9327,0,0,0,0
52.701,0.9327,0,0,0,0
52.734,0.9327,0,0,0,0
52.765,0.9327,0,0,0,0
52.799,0.9327,0,0,0,0
52.834,0.9327,0,0,0,0
52.866,0.9327,0,0,0,0
52.901,0.9327,0,0,0,0
52.931,0.9327,0,0,0,0
52.967,0.9327,0,0,0,0
52.999,0.9327,0,0,0,0
53.032,0.9327,0,0,0,0
53.068,0.9327,0,0,0,0
53.101,0.9327,0,0,0,0
53.133,0.9327,0,0,0,0
53.164,0.9327,0,0,0,0
53.201,0.9327,0,0,0,0
53.232,0.9327,0,0,0,0
53.265,0.9327,0,0,0,0
53.301,0.9327,0,0,0,0
53.333,0.9327,0,0,0,0
53.365,0.9327,0,0,0,0
53.398,0.9327,0,0,0,0
53.430,0.9327,0,0,0,0
53.465,0.9327,0,0,0,0
53.498,0.9327,0,0,0,0
53.534,0.9327,0,0,0,0
53.564,0.9327,0,0,0,0
53.601,0.9327,0,0,0,0
53.633,0.9327,0,0,0,0
53.665,0.9326,0,0,0,0
53.702,0.9326,0,0,0,0
53.733,0.9326,0,0,0,0
53.764,0.9326,0,0,0,0
53.798,0.9326,0,0,0,0
53.832,0.9326,0,0,0,0
53.866,0.9326,0,0,0,0
53.900,0.9326,0,0,0,0
53.931,0.9326,0,0,0,0
53.968,0.9326,0,0,0,0
54.001,0.9326,0,0,0,0
54.031,0.9326,0,0,0,0
54.065,0.9325,0,0,0,0
54.099,0.9325,0,0,0,0
54.133,0.9325,0,0,0,0
54.166,0.9325,0,0,0,0
54.201,0.9325,0,0,0,0
54.235,0.9325,0,0,0,0
54.268,0.9325,0,0,0,0
54.302,0.9325,0,0,0,0
54.333,0.9325,0,0,0,0
54.366,0.9324,0,0,0,0
54.398,0.9324,0,0,0,0
54.431,0.9324,0,0,0,0
54.466,0.9324,0,0,0,0
54.499,0.9324,0,0,0,0
54.531,0.9324,0,0,0,0
54.565,0.9324,0,0,0,0
54.602,0.9324,0,0,0,0
54.633,0.9323,0,0,0,0
54.668,0.9323,0,0,0,0
54.701,0.9323,0,0,0,0
54.731,0.9323,0,0,0,0
54.768,0.9323,0,0,0,0
54.801,0.9323,0,0,0,0
54.835,0.9323,0,0,0,0
54.867,0.9322,0,0,0,0
54.898,0.9322,0,0,0,0
54.932,0.9322,0,0,0,0
54.966,0.9322,0,0,0,0
54.999,0.9322,0,0,0,0
55.035,0.9322,0,0,0,0
55.066,0.9322,0,0,0,0
55.101,0.9321,0,0,0,0
55.135,0.9321,0,0,0,0
55.166,0.9321,0,0,0,0
55.197,0.9321,0,0,0,0
55.232,0.9321,0,0,0,0
55.265,0.9321,0,0,0,0
55.299,0.9320,0,0,0,0
55.334,0.9320,0,0,0,0
55.366,0.9320,0,0,0,0
55.401,0.9320,0,0,0,0
55.432,0.9320,0,0,0,0
55.467,0.9320,0,0,0,0
55.502,0.9319,0,0,0,0
55.533,0.9319,0,0,0,0
55.565,0.9319,0,0,0,0
55.598,0.9319,0,0,0,0
55.634,0.9319,0,0,0,0
55.667,0.9318,0,0,0,0
55.699,0.9318,0,0,0,0
55.735,0.9318,0,0,0,0
55.768,0.9318,0,0,0,0
55.800,0.9318,0,0,0,0
55.833,0.9317,0,0,0,0
55.865,0.9317,0,0,0,0
55.899,0.9317,0,0,0,0
55.932,0.9317,0,0,0,0
55.965,0.9317,0,0,0,0
56.000,0.9316,0,0,0,0
56.032,0.9316,0,0,0,0
56.067,0.9316,0,0,0,0
56.098,0.9316,0,0,0,0
56.135,0.9316,0,0,0,0
56.168,0.9315,0,0,0,0
56.197,0.9315,0,0,0,0
56.234,0.9315,0,0,0,0
56.267,0.9315,0,0,0,0
56.298,0.9314,0,0,0,0
56.334,0.9314,0,0,0,0
56.367,0.9314,0,0,0,0
56.400,0.9314,0,0,0,0
56.433,0.9313,0,0,0,0
56.467,0.9313,0,0,0,0
56.491,0.9313,0,0,0,0
56.531,0.9313,0,0,0,0
56.566,0.9312,0,0,0,0
56.597,0.9312,0,0,0,0
56.632,0.9312,0,0,0,0
56.668,0.9312,0,0,0,0
56.700,0.9312,0,0,0,0
56.733,0.9311,0,0,0,0
56.766,0.9311,0,0,0,0
56.800,0.9311,0,0,0,0
56.835,0.9310,0,0,0,0
56.866,0.9310,0,0,0,0
56.898,0.9310,0,0,0,0
56.935,0.9310,0,0,0,0
56.967,0.9309,0,0,0,0
56.998,0.9309,0,0,0,0
57.032,0.9309,0,0,0,0
57.067,0.9308,0,0,0,0
57.100,0.9308,0,0,0,0
57.133,0.9308,0,0,0,0
57.166,0.9308,0,0,0,0
57.201,0.9307,0,0,0,0
57.231,0.9307,0,0,0,0
57.265,0.9307,0,0,0,0
57.299,0.9306,0,0,0,0
57.332,0.9306,0,0,0,0
57.368,0.9306,0,0,0,0
57.399,0.9306,0,0,0,0
57.432,0.9305,0,0,0,0
57.459,0.9305,0,0,0,0
57.498,0.9305,0,0,0,0
57.534,0.9304,0,0,0,0
57.565,0.9304,0,0,0,0
57.600,0.9304,0,0,0,0
57.633,0.9303,0,0,0,0
57.667,0.9303,0,0,0,0
57.699,0.9303,0,0,0,0
57.732,0.9302,0,0,0,0
57.765,0.9302,0,0,0,0
57.800,0.9302,0,0,0,0
57.832,0.9301,0,0,0,0
57.866,0.9301,0,0,0,0
57.902,0.9301,0,0,0,0
57.931,0.9300,0,0,0,0
57.966,0.9300,0,0,0,0
57.998,0.9299,0,0,0,0
58.032,0.9299,0,0,0,0
58.068,0.9299,0,0,0,0
58.100,0.9298,0,0,0,0
58.133,0.9298,0,0,0,0
58.168,0.9298,0,0,0,0
58.199,0.9297,0,0,0,0
58.231,0.9297,0,0,0,0
58.267,0.9296,0,0,0,0
58.298,0.9296,0,0,0,0
58.332,0.9296,0,0,0,0
58.369,0.9295,0,0,0,0
58.390,0.9295,0,0,0,0
58.432,0.9294,0,0,0,0
58.467,0.9294,0,0,0,0
58.500,0.9294,0,0,0,0
58.535,0.9293,0,0,0,0
58.567,0.9293,0,0,0,0
58.598,0.9293,0,0,0,0
58.633,0.9292,0,0,0,0
58.665,0.9292,0,0,0,0
58.699,0.9291,0,0,0,0
58.735,0.9291,0,0,0,0
58.769,0.9290,0,0,0,0
58.801,0.9290,0,0,0,0
58.834,0.9289,0,0,0,0
58.867,0.9289,0,0,0,0
58.902,0.9289,0,0,0,0
58.931,0.9288,0,0,0,0
58.968,0.9288,0,0,0,0
59.001,0.9287,0,0,0,0
59.033,0.9287,0,0,0,0
59.065,0.9286,0,0,0,0
59.098,0.9286,0,0,0,0
59.133,0.9285,0,0,0,0
59.166,0.9285,0,0,0,0
59.198,0.9285,0,0,0,0
59.233,0.9284,0,0,0,0
59.267,0.9283,0,0,0,0
59.301,0.9283,0,0,0,0
59.333,0.9283,0,0,0,0
59.365,0.9282,0,0,0,0
59.404,0.9282,0,0,0,0
59.424,0.9281,0,0,0,0
59.469,0.9280,0,0,0,0
59.501,0.9280,0,0,0,0
59.533,0.9280,0,0,0,0
59.568,0.9279,0,0,0,0
59.599,0.9279,0,0,0,0
59.632,0.9278,0,0,0,0
59.665,0.9278,0,0,0,0
59.698,0.9277,0,0,0,0
59.735,0.9276,0,0,0,0
59.768,0.9276,0,0,0,0
59.800,0.9275,0,0,0,0
59.834,0.9275,0,0,0,0
59.867,0.9274,0,0,0,0
59.900,0.9274,0,0,0,0
59.931,0.9273,0,0,0,0
59.967,0.9273,0,0,0,0
59.998,0.9272,0,0,0,0
60.031,0.9272,0,0,0,0
60.068,0.9271,0,0,0,0
60.098,0.9271,0,0,0,0
60.131,0.9270,0,0,0,0
60.167,0.9269,0,0,0,0
60.199,0.9269,0,0,0,0
60.234,0.9268,0,0,0,0
60.265,0.9268,0,0,0,0
60.300,0.9267,0,0,0,0
60.333,0.9266,0,0,0,0
60.365,0.9266,0,0,0,0
60.398,0.9265,0,0,0,0
60.428,0.9265,0,0,0,0
60.461,0.9264,0,0,0,0
60.499,0.9264,0,0,0,0
60.534,0.9263,0,0,0,0
60.569,0.9262,0,0,0,0
60.598,0.9262,0,0,0,0
60.632,0.9261,0,0,0,0
60.666,0.9260,0,0,0,0
60.702,0.9260,0,0,0,0
60.733,0.9259,0,0,0,0
60.765,0.9259,0,0,0,0
60.798,0.9258,0,0,0,0
60.833,0.9257,0,0,0,0
60.868,0.9256,0,0,0,0
60.902,0.9256,0,0,0,0
60.933,0.9255,0,0,0,0
60.967,0.9254,0,0,0,0
61.001,0.9254,0,0,0,0
61.032,0.9253,0,0,0,0
61.069,0.9252,0,0,0,0
61.100,0.9252,0,0,0,0
61.132,0.9251,0,0,0,0
61.167,0.9250,0,0,0,0
61.202,0.9250,0,0,0,0
61.232,0.9249,0,0,0,0
61.266,0.9248,0,0,0,0
61.298,0.9248,0,0,0,0
61.331,0.9247,0,0,0,0
61.365,0.9246,0,0,0,0
61.399,0.9246,0,0,0,0
61.435,0.9245,0,0,0,0
61.458,0.9245,0,0,0,0
61.501,0.9244,0,0,0,0
61.532,0.9243,0,0,0,0
61.566,0.9242,0,0,0,0
61.601,0.9242,0,0,0,0
61.636,0.9241,0,0,0,0
61.667,0.9240,0,0,0,0
61.698,0.9239,0,0,0,0
61.732,0.9239,0,0,0,0
61.768,0.9238,0,0,0,0
61.800,0.9237,0,0,0,0
61.835,0.9236,0,0,0,0
61.865,0.9236,0,0,0,0
61.900,0.9235,0,0,0,0
61.935,0.9234,0,0,0,0
61.965,0.9234,0,0,0,0
62.000,0.9233,0,0,0,0
62.033,0.9232,0,0,0,0
62.067,0.9231,0,0,0,0
62.098,0.9230,0,0,0,0
62.135,0.9229,0,0,0,0
62.167,0.9229,0,0,0,0
62.200,0.9228,0,0,0,0
62.234,0.9227,0,0,0,0
62.265,0.9227,0,0,0,0
62.299,0.9226,0,0,0,0
62.331,0.9225,0,0,0,0
62.365,0.9224,0,0,0,0
62.398,0.9223,0,0,0,0
62.432,0.9222,0,0,0,0
62.468,0.9221,0,0,0,0
62.490,0.9221,0,0,0,0
62.535,0.9220,0,0,0,0
62.568,0.9219,0,0,0,0
62.599,0.9218,0,0,0,0
62.632,0.9217,0,0,0,0
62.668,0.9216,0,0,0,0
62.699,0.9216,0,0,0,0
62.735,0.9215,0,0,0,0
62.766,0.9214,0,0,0,0
62.799,0.9213,0,0,0,0
62.834,0.9212,0,0,0,0
62.868,0.9211,0,0,0,0
62.897,0.9211,0,0,0,0
62.935,0.9210,0,0,0,0
62.969,0.9209,0,0,0,0
62.998,0.9208,0,0,0,0
63.034,0.9207,0,0,0,0
63.067,0.9206,0,0,0,0
63.100,0.9206,0,0,0,0
63.133,0.9205,0,0,0,0
63.165,0.9204,0,0,0,0
63.198,0.9203,0,0,0,0
63.233,0.9202,0,0,0,0
63.269,0.9201,0,0,0,0
63.300,0.9200,0,0,0,0
63.333,0.9199,0,0,0,0
63.365,0.9199,0,0,0,0
63.399,0.9198,0,0,0,0
63.433,0.9197,0,0,0,0
63.465,0.9196,0,0,0,0
63.498,0.9195,0,0,0,0
63.531,0.9194,0,0,0,0
63.568,0.9193,0,0,0,0
63.591,0.9192,0,0,0,0
63.638,0.9191,0,0,0,0
63.665,0.9191,0,0,0,0
63.699,0.9190,0,0,0,0
63.734,0.9188,0,0,0,0
63.766,0.9187,0,0,0,0
63.801,0.9187,0,0,0,0
63.833,0.9186,0,0,0,0
63.865,0.9185,0,0,0,0
63.898,0.9184,0,0,0,0
63.930,0.9183,0,0,0,0
63.966,0.9182,0,0,0,0
64.000,0.9181,0,0,0,0
64.034,0.9180,0,0,0,0
64.067,0.9179,0,0,0,0
64.099,0.9178,0,0,0,0
64.130,0.9177,0,0,0,0
64.167,0.9176,0,0,0,0
64.202,0.9175,0,0,0,0
64.235,0.9174,0,0,0,0
64.264,0.9174,0,0,0,0
64.298,0.9172,0,0,0,0
64.332,0.9171,0,0,0,0
64.365,0.9170,0,0,0,0
64.399,0.9170,0,0,0,0
64.432,0.9168,0,0,0,0
64.466,0.9167,0,0,0,0
64.499,0.9167,0,0,0,0
64.531,0.9165,0,0,0,0
64.565,0.9165,0,0,0,0
64.599,0.9164,0,0,0,0
64.633,0.9162,0,0,0,0
64.664,0.9162,0,0,0,0
64.697,0.9161,0,0,0,0
64.731,0.9159,0,0,0,0
64.767,0.9158,0,0,0,0
64.802,0.9158,0,0,0,0
64.835,0.9156,0,0,0,0
64.868,0.9155,0,0,0,0
64.901,0.9155,0,0,0,0
64.932,0.9153,0,0,0,0
64.966,0.9152,0,0,0,0
65.001,0.9152,0,0,0,0
65.032,0.9150,0,0,0,0
65.064,0.9150,0,0,0,0
65.100,0.9148,0,0,0,0
65.131,0.9147,0,0,0,0
65.167,0.9146,0,0,0,0
65.200,0.9145,0,0,0,0
65.234,0.9144,0,0,0,0
65.266,0.9143,0,0,0,0
65.301,0.9142,0,0,0,0
65.332,0.9141,0,0,0,0
65.366,0.9140,0,0,0,0
65.400,0.9139,0,0,0,0
65.428,0.9138,0,0,0,0
65.467,0.9137,0,0,0,0
65.501,0.9136,0,0,0,0
65.534,0.9135,0,0,0,0
65.565,0.9134,0,0,0,0
65.602,0.9133,0,0,0,0
65.633,0.9132,0,0,0,0
65.669,0.9130,0,0,0,0
65.700,0.9130,0,0,0,0
65.734,0.9128,0,0,0,0
65.767,0.9127,0,0,0,0
65.798,0.9126,0,0,0,0
65.832,0.9125,0,0,0,0
65.868,0.9124,0,0,0,0
65.899,0.9123,0,0,0,0
65.933,0.9122,0,0,0,0
65.965,0.9121,0,0,0,0
65.998,0.9120,0,0,0,0
66.035,0.9119,0,0,0,0
66.057,0.9118,0,0,0,0
66.101,0.9117,0,0,0,0
66.134,0.9115,0,0,0,0
66.165,0.9115,0,0,0,0
66.201,0.9114,0,0,0,0
66.234,0.9112,0,0,0,0
66.265,0.9112,0,0,0,0
66.298,0.9110,0,0,0,0
66.333,0.9109,0,0,0,0
66.368,0.9108,0,0,0,0
66.409,0.9106,0,0,0,0
66.427,0.9106,0,0,0,0
66.467,0.9104,0,0,0,0
66.489,0.9104,0,0,0,0
66.534,0.9102,0,0,0,0
66.566,0.9101,0,0,0,0
66.600,0.9100,0,0,0,0
66.635,0.9099,0,0,0,0
66.667,0.9098,0,0,0,0
66.701,0.9097,0,0,0,0
66.735,0.9096,0,0,0,0
66.769,0.9094,0,0,0,0
66.792,0.9094,0,0,0,0
66.832,0.9092,0,0,0,0
66.865,0.9092,0,0,0,0
66.898,0.9090,0,0,0,0
66.933,0.9089,0,0,0,0
66.966,0.9088,0,0,0,0
67.001,0.9087,0,0,0,0
67.034,0.9086,0,0,0,0
67.067,0.9084,0,0,0,0
67.099,0.9084,0,0,0,0
67.132,0.9082,0,0,0,0
67.164,0.9082,0,0,0,0
67.202,0.9080,0,0,0,0
67.233,0.9079,0,0,0,0
67.266,0.9078,0,0,0,0
67.302,0.9077,0,0,0,0
67.331,0.9076,0,0,0,0
67.369,0.9074,0,0,0,0
67.398,0.9074,0,0,0,0
67.435,0.9072,0,0,0,0
67.467,0.9071,0,0,0,0
67.489,0.9070,0,0,0,0
67.538,0.9069,0,0,0,0
67.565,0.9068,0,0,0,0
67.602,0.9067,0,0,0,0
67.633,0.9065,0,0,0,0
67.665,0.9064,0,0,0,0
67.700,0.9063,0,0,0,0
67.732,0.9062,0,0,0,0
67.765,0.9061,0,0,0,0
67.802,0.9060,0,0,0,0
67.834,0.9059,0,0,0,0
67.868,0.9057,0,0,0,0
67.901,0.9057,0,0,0,0
67.932,0.9055,0,0,0,0
67.965,0.9054,0,0,0,0
68.001,0.9053,0,0,0,0
68.033,0.9052,0,0,0,0
68.065,0.9051,0,0,0,0
68.100,0.9050,0,0,0,0
68.131,0.9048,0,0,0,0
68.167,0.9047,0,0,0,0
68.202,0.9046,0,0,0,0
68.235,0.9045,0,0,0,0
68.268,0.9043,0,0,0,0
68.292,0.9043,0,0,0,0
68.334,0.9041,0,0,0,0
68.365,0.9041,0,0,0,0
68.399,0.9039,0,0,0,0
68.435,0.9038,0,0,0,0
68.466,0.9037,0,0,0,0
68.500,0.9036,0,0,0,0
68.533,0.9034,0,0,0,0
68.567,0.9033,0,0,0,0
68.590,0.9032,0,0,0,0
68.634,0.9031,0,0,0,0
68.665,0.9030,0,0,0,0
68.699,0.9029,0,0,0,0
68.734,0.9028,0,0,0,0
68.765,0.9027,0,0,0,0
68.798,0.9025,0,0,0,0
68.832,0.9024,0,0,0,0
68.867,0.9023,0,0,0,0
68.900,0.9022,0,0,0,0
68.933,0.9021,0,0,0,0
68.968,0.9019,0,0,0,0
68.998,0.9019,0,0,0,0
69.031,0.9017,0,0,0,0
69.067,0.9016,0,0,0,0
69.101,0.9015,0,0,0,0
69.135,0.9014,0,0,0,0
69.165,0.9013,0,0,0,0
69.200,0.9012,0,0,0,0
69.232,0.9010,0,0,0,0
69.268,0.9009,0,0,0,0
69.298,0.9008,0,0,0,0
69.332,0.9007,0,0,0,0
69.365,0.9006,0,0,0,0
69.401,0.9005,0,0,0,0
69.433,0.9003,0,0,0,0
69.466,0.9002,0,0,0,0
69.500,0.9001,0,0,0,0
69.532,0.9000,0,0,0,0
69.565,0.8999,0,0,0,0
69.599,0.8998,0,0,0,0
69.632,0.8996,0,0,0,0
69.672,0.8995,0,0,0,0
69.697,0.8994,0,0,0,0
69.734,0.8993,0,0,0,0
69.766,0.8991,0,0,0,0
69.798,0.8991,0,0,0,0
69.833,0.8989,0,0,0,0
69.864,0.8989,0,0,0,0
69.898,0.8987,0,0,0,0
69.934,0.8986,0,0,0,0
69.967,0.8984,0,0,0,0
69.999,0.8984,0,0,0,0
70.035,0.8982,0,0,0,0
70.067,0.8981,0,0,0,0
70.099,0.8980,0,0,0,0
70.135,0.8979,0,0,0,0
70.168,0.8977,0,0,0,0
70.200,0.8977,0,0,0,0
70.231,0.8975,0,0,0,0
70.266,0.8974,0,0,0,0
70.298,0.8973,0,0,0,0
70.335,0.8972,0,0,0,0
70.369,0.8970,0,0,0,0
70.400,0.8970,0,0,0,0
70.433,0.8968,0,0,0,0
70.468,0.8967,0,0,0,0
70.498,0.8966,0,0,0,0
70.535,0.8965,0,0,0,0
70.567,0.8963,0,0,0,0
70.598,0.8963,0,0,0,0
70.631,0.8961,0,0,0,0
70.665,0.8961,0,0,0,0
70.701,0.8959,0,0,0,0
70.733,0.8958,0,0,0,0
70.769,0.8956,0,0,0,0
70.796,0.8956,0,0,0,0
70.834,0.8954,0,0,0,0
70.866,0.8953,0,0,0,0
70.899,0.8952,0,0,0,0
70.932,0.8951,0,0,0,0
70.968,0.8949,0,0,0,0
71.000,0.8949,0,0,0,0
71.032,0.8947,0,0,0,0
71.068,0.8946,0,0,0,0
71.101,0.8945,0,0,0,0
71.131,0.8944,0,0,0,0
71.165,0.8943,0,0,0,0
71.199,0.8942,0,0,0,0
71.233,0.8940,0,0,0,0
71.267,0.8939,0,0,0,0
71.300,0.8938,0,0,0,0
71.332,0.8937,0,0,0,0
71.366,0.8935,0,0,0,0
71.399,0.8935,0,0,0,0
71.433,0.8933,0,0,0,0
71.465,0.8932,0,0,0,0
71.500,0.8931,0,0,0,0
71.532,0.8930,0,0,0,0
71.569,0.8928,0,0,0,0
71.602,0.8928,0,0,0,0
71.631,0.8926,0,0,0,0
71.656,0.8926,0,0,0,0
71.699,0.8924,0,0,0,0
71.735,0.8923,0,0,0,0
71.766,0.8921,0,0,0,0
71.802,0.8921,0,0,0,0
71.832,0.8919,0,0,0,0
71.866,0.8918,0,0,0,0
71.897,0.8917,0,0,0,0
71.933,0.8916,0,0,0,0
71.965,0.8915,0,0,0,0
72.001,0.8914,0,0,0,0
72.033,0.8912,0,0,0,0
72.068,0.8911,0,0,0,0
72.099,0.8910,0,0,0,0
72.132,0.8909,0,0,0,0
72.167,0.8907,0,0,0,0
72.200,0.8907,0,0,0,0
72.232,0.8905,0,0,0,0
72.265,0.8905,0,0,0,0
72.298,0.8903,0,0,0,0
72.333,0.8902,0,0,0,0
72.366,0.8900,0,0,0,0
72.402,0.8900,0,0,0,0
72.434,0.8898,0,0,0,0
72.469,0.8897,0,0,0,0
72.493,0.8896,0,0,0,0
72.532,0.8895,0,0,0,0
72.569,0.8893,0,0,0,0
72.603,0.8893,0,0,0,0
72.633,0.8891,0,0,0,0
72.664,0.8891,0,0,0,0
72.699,0.8889,0,0,0,0
72.732,0.8888,0,0,0,0
72.768,0.8886,0,0,0,0
72.799,0.8886,0,0,0,0
72.836,0.8884,0,0,0,0
72.856,0.8883,0,0,0,0
72.901,0.8882,0,0,0,0
72.932,0.8881,0,0,0,0
72.965,0.8880,0,0,0,0
73.004,0.8879,0,0,0,0
73.036,0.8877,0,0,0,0
73.068,0.8876,0,0,0,0
73.091,0.8875,0,0,0,0
73.134,0.8874,0,0,0,0
73.166,0.8872,0,0,0,0
73.199,0.8872,0,0,0,0
73.231,0.8870,0,0,0,0
73.264,0.8869,0,0,0,0
73.298,0.8868,0,0,0,0
73.335,0.8867,0,0,0,0
73.369,0.8865,0,0,0,0
73.401,0.8864,0,0,0,0
73.431,0.8863,0,0,0,0
73.468,0.8862,0,0,0,0
73.499,0.8861,0,0,0,0
73.530,0.8860,0,0,0,0
73.568,0.8858,0,0,0,0
73.591,0.8857,0,0,0,0
73.633,0.8856,0,0,0,0
73.668,0.8855,0,0,0,0
73.698,0.8854,0,0,0,0
73.731,0.8852,0,0,0,0
73.765,0.8852,0,0,0,0
73.796,0.8850,0,0,0,0
73.834,0.8849,0,0,0,0
73.865,0.8848,0,0,0,0
73.902,0.8847,0,0,0,0
73.935,0.8845,0,0,0,0
73.965,0.8845,0,0,0,0
74.002,0.8843,0,0,0,0
74.029,0.8842,0,0,0,0
74.067,0.8840,0,0,0,0
74.101,0.8840,0,0,0,0
74.136,0.8838,0,0,0,0
74.167,0.8837,0,0,0,0
74.201,0.8836,0,0,0,0
74.236,0.8835,0,0,0,0
74.258,0.8834,0,0,0,0
74.304,0.8833,0,0,0,0
74.336,0.8831,0,0,0,0
74.370,0.8830,0,0,0,0
74.403,0.8829,0,0,0,0
74.434,0.8828,0,0,0,0
74.464,0.8827,0,0,0,0
74.502,0.8825,0,0,0,0
74.537,0.8824,0,0,0,0
74.567,0.8823,0,0,0,0
74.602,0.8822,0,0,0,0
74.635,0.8820,0,0,0,0
74.668,0.8819,0,0,0,0
74.700,0.8818,0,0,0,0
74.733,0.8817,0,0,0,0
74.769,0.8815,0,0,0,0
74.800,0.8815,0,0,0,0
74.836,0.8813,0,0,0,0
74.870,0.8812,0,0,0,0
74.895,0.8811,0,0,0,0
74.932,0.8810,0,0,0,0
74.968,0.8808,0,0,0,0
75.002,0.8807,0,0,0,0
75.033,0.8806,0,0,0,0
75.070,0.8805,0,0,0,0
75.092,0.8804,0,0,0,0
75.132,0.8802,0,0,0,0
75.166,0.8801,0,0,0,0
75.202,0.8800,0,0,0,0
75.240,0.8799,0,0,0,0
75.269,0.8797,0,0,0,0
75.302,0.8797,0,0,0,0
75.335,0.8795,0,0,0,0
75.362,0.8794,0,0,0,0
75.399,0.8793,0,0,0,0
75.428,0.8791,0,0,0,0
75.468,0.8790,0,0,0,0
75.496,0.8789,0,0,0,0
75.536,0.8788,0,0,0,0
75.566,0.8786,0,0,0,0
75.601,0.8786,0,0,0,0
75.640,0.8784,0,0,0,0
75.673,0.8783,0,0,0,0
75.702,0.8782,0,0,0,0
75.734,0.8780,0,0,0,0
75.768,0.8779,0,0,0,0
75.804,0.8778,0,0,0,0
75.837,0.8777,0,0,0,0
76.145,0.8765,0,0,0,0
76.178,0.8764,0,0,0,0
76.210,0.8763,0,0,0,0
76.244,0.8762,0,0,0,0
76.275,0.8760,0,0,0,0
76.309,0.8759,0,0,0,0
76.343,0.8758,0,0,0,0
76.378,0.8757,0,0,0,0
76.410,0.8755,0,0,0,0
76.444,0.8754,0,0,0,0
76.475,0.8753,0,0,0,0
76.510,0.8751,0,0,0,0
76.542,0.8751,0,0,0,0
76.578,0.8749,0,0,0,0
76.608,0.8748,0,0,0,0
76.645,0.8747,0,0,0,0
76.680,0.8745,0,0,0,0
76.709,0.8744,0,0,0,0
76.746,0.8742,0,0,0,0
76.775,0.8742,0,0,0,0
76.812,0.8740,0,0,0,0
76.845,0.8739,0,0,0,0
76.876,0.8738,0,0,0,0
76.911,0.8736,0,0,0,0
76.941,0.8736,0,0,0,0
76.974,0.8734,0,0,0,0
77.013,0.8732,0,0,0,0
77.043,0.8732,0,0,0,0
77.079,0.8730,0,0,0,0
77.111,0.8729,0,0,0,0
77.142,0.8728,0,0,0,0
77.179,0.8726,0,0,0,0
77.211,0.8725,0,0,0,0
77.246,0.8724,0,0,0,0
77.278,0.8723,0,0,0,0
77.309,0.8722,0,0,0,0
77.343,0.8722,0,0,0,0
77.379,0.8721,0,0,0,0
77.409,0.8720,0,0,0,0
77.441,0.8719,0,0,0,0
77.474,0.8718,0,0,0,0
77.507,0.8717,0,0,0,0
77.542,0.8716,0,0,0,0
77.573,0.8715,0,0,0,0
77.610,0.8714,0,0,0,0
77.644,0.8714,0,0,0,0
77.675,0.8713,0,0,0,0
77.709,0.8712,0,0,0,0
77.745,0.8711,0,0,0,0
77.776,0.8710,0,0,0,0
77.809,0.8709,0,0,0,0
77.833,0.8709,0,0,0,0
77.877,0.8708,0,0,0,0
77.908,0.8707,0,0,0,0
77.942,0.8706,0,0,0,0
77.975,0.8705,0,0,0,0
78.015,0.8704,0,0,0,0
78.044,0.8704,0,0,0,0
78.078,0.8703,0,0,0,0
78.108,0.8702,0,0,0,0
78.146,0.8701,0,0,0,0
78.177,0.8700,0,0,0,0
78.212,0.8700,0,0,0,0
78.244,0.8699,0,0,0,0
78.275,0.8698,0,0,0,0
78.309,0.8697,0,0,0,0
78.343,0.8697,0,0,0,0
78.374,0.8696,0,0,0,0
78.410,0.8695,0,0,0,0
78.446,0.8694,0,0,0,0
78.468,0.8693,0,0,0,0
78.510,0.8692,0,0,0,0
78.545,0.8692,0,0,0,0
78.577,0.8691,0,0,0,0
78.609,0.8690,0,0,0,0
78.643,0.8689,0,0,0,0
78.675,0.8688,0,0,0,0
78.710,0.8687,0,0,0,0
78.741,0.8687,0,0,0,0
78.779,0.8686,0,0,0,0
78.809,0.8685,0,0,0,0
78.843,0.8685,0,0,0,0
78.880,0.8684,0,0,0,0
78.908,0.8683,0,0,0,0
78.942,0.8682,0,0,0,0
78.979,0.8681,0,0,0,0
79.012,0.8680,0,0,0,0
79.044,0.8680,0,0,0,0
79.075,0.8679,0,0,0,0
79.112,0.8678,0,0,0,0
79.145,0.8678,0,0,0,0
79.175,0.8677,0,0,0,0
79.210,0.8676,0,0,0,0
79.244,0.8675,0,0,0,0
79.277,0.8674,0,0,0,0
79.310,0.8673,0,0,0,0
79.342,0.8673,0,0,0,0
79.375,0.8672,0,0,0,0
79.408,0.8671,0,0,0,0
79.463,0.8670,0,0,0,0
79.489,0.8669,0,0,0,0
79.509,0.8669,0,0,0,0
79.546,0.8668,0,0,0,0
79.579,0.8668,0,0,0,0
79.613,0.8667,0,0,0,0
79.644,0.8666,0,0,0,0
79.677,0.8665,0,0,0,0
79.709,0.8664,0,0,0,0
79.742,0.8664,0,0,0,0
79.776,0.8663,0,0,0,0
79.810,0.8662,0,0,0,0
79.845,0.8662,0,0,0,0
79.876,0.8661,0,0,0,0
79.909,0.8660,0,0,0,0
79.948,0.8659,0,0,0,0
79.982,0.8659,0,0,0,0
80.011,0.8658,0,0,0,0
80.044,0.8658,0,0,0,0
80.081,0.8657,0,0,0,0
80.111,0.8656,0,0,0,0
80.145,0.8655,0,0,0,0
80.179,0.8655,0,0,0,0
80.211,0.8654,0,0,0,0
80.246,0.8653,0,0,0,0
80.280,0.8653,0,0,0,0
80.315,0.8652,0,0,0,0
80.337,0.8651,0,0,0,0
80.381,0.8651,0,0,0,0
80.411,0.8650,0,0,0,0
80.446,0.8649,0,0,0,0
80.469,0.8649,0,0,0,0
80.511,0.8648,0,0,0,0
80.544,0.8646,0,0,0,0
80.580,0.8638,0,0,0,0
80.612,0.8624,0,0,0,0
80.645,0.8614,0,0,0,0
80.682,0.8589,2,5,5,2
80.712,0.8559,2,5,5,2
80.747,0.8529,2,5,5,2
80.781,0.8513,2,5,5,2
80.812,0.8484,2,5,5,2
80.848,0.8456,2,5,5,2
80.871,0.8443,2,5,5,2
80.910,0.8420,2,5,5,2
80.944,0.8409,2,5,5,2
80.978,0.8390,2,5,5,2
81.009,0.8373,2,5,5,2
81.044,0.8365,2,5,5,2
81.079,0.8349,2,5,5,2
81.113,0.8331,2,5,5,2
81.143,0.8320,2,5,5,2
81.181,0.8293,2,5,5,2
81.211,0.8261,2,5,5,2
81.245,0.8242,2,5,5,2
81.278,0.8201,2,5,5,2
81.312,0.8153,2,5,5,2
81.345,0.8128,2,5,5,2
81.381,0.8072,2,5,5,2
81.414,0.8012,2,5,5,2
81.448,0.7949,2,5,5,2
81.470,0.7916,2,5,5,2
81.514,0.7849,2,5,5,2
81.545,0.7782,2,5,5,2
81.577,0.7750,2,5,5,2
81.614,0.7690,2,5,5,2
81.647,0.7636,2,5,5,2
81.678,0.7611,2,5,5,2
81.710,0.7565,2,5,5,2
81.747,0.7526,2,5,5,2
81.778,0.7509,2,5,5,2
81.811,0.7478,2,5,5,2
81.847,0.7453,2,5,5,2
81.878,0.7442,2,5,5,2
81.914,0.7423,2,5,5,2
81.945,0.7415,2,5,5,2
81.979,0.7401,2,5,5,2
82.011,0.7390,2,5,5,2
82.045,0.7385,2,5,5,2
82.078,0.7377,2,5,5,2
82.113,0.7371,2,5,5,2
82.143,0.7369,2,5,5,2
82.177,0.7364,2,5,5,2
82.212,0.7361,2,5,5,2
82.243,0.7359,2,5,5,2
82.281,0.7357,2,5,5,2
82.312,0.7355,2,5,5,2
82.346,0.7353,2,5,5,2
82.381,0.7352,2,5,5,2
82.414,0.7351,2,5,5,2
82.435,0.7350,2,5,5,2
82.482,0.7349,2,5,5,2
82.512,0.7348,2,5,5,2
82.545,0.7347,2,5,5,2
82.580,0.7346,2,5,5,2
82.610,0.7345,2,5,5,2
82.646,0.7344,2,5,5,2
82.682,0.7343,2,5,5,2
82.709,0.7342,2,5,5,2
82.745,0.7342,2,5,5,2
82.779,0.7341,2,5,5,2
82.812,0.7340,2,5,5,2
82.845,0.7340,2,5,5,2
82.881,0.7339,2,5,5,2
82.913,0.7338,2,5,5,2
82.943,0.7337,0,0,0,0
82.979,0.7337,0,0,0,0
83.014,0.7336,0,0,0,0
83.044,0.7336,0,0,0,0
83.080,0.7335,0,0,0,0
83.111,0.7334,0,0,0,0
83.145,0.7334,0,0,0,0
83.177,0.7333,0,0,0,0
83.213,0.7333,0,0,0,0
83.244,0.7333,0,0,0,0
83.277,0.7332,0,0,0,0
83.313,0.7332,0,0,0,0
83.344,0.7332,0,0,0,0
83.382,0.7331,0,0,0,0
83.414,0.7331,0,0,0,0
83.445,0.7331,0,0,0,0
83.479,0.7331,0,0,0,0
83.513,0.7330,0,0,0,0
83.544,0.7330,0,0,0,0
83.578,0.7330,0,0,0,0
83.611,0.7330,0,0,0,0
83.647,0.7330,0,0,0,0
83.677,0.7330,0,0,0,0
83.715,0.7330,0,0,0,0
83.748,0.7373,2,5,5,2
83.780,0.7414,2,5,5,2
83.813,0.7440,2,5,5,2
83.843,0.7495,2,5,5,2
83.881,0.7559,2,5,5,2
83.910,0.7593,2,5,5,2
83.945,0.7600,2,5,5,2
83.980,0.7599,2,5,5,2
84.013,0.7598,2,5,5,2
84.047,0.7597,2,5,5,2
84.079,0.7596,2,5,5,2
84.114,0.7595,2,5,5,2
84.146,0.7593,2,5,5,2
84.177,0.7593,2,5,5,2
84.212,0.7592,2,5,5,2
84.246,0.7590,2,5,5,2
84.279,0.7590,2,5,5,2
84.310,0.7589,2,5,5,2
84.343,0.7588,2,5,5,2
84.378,0.7587,2,5,5,2
84.412,0.7586,2,5,5,2
84.444,0.7585,2,5,5,2
84.478,0.7584,2,5,5,2
84.511,0.7583,2,5,5,2
84.547,0.7582,2,5,5,2
84.579,0.7582,2,5,5,2
84.612,0.7581,2,5,5,2
84.643,0.7580,2,5,5,2
84.676,0.7579,2,5,5,2
84.712,0.7578,2,5,5,2
84.744,0.7577,2,5,5,2
84.778,0.7576,2,5,5,2
84.810,0.7575,2,5,5,2
84.846,0.7574,2,5,5,2
84.876,0.7574,2,5,5,2
84.910,0.7573,2,5,5,2
84.945,0.7573,0,0,0,0
84.978,0.7572,0,0,0,0
85.010,0.7571,0,0,0,0
85.046,0.7570,0,0,0,0
85.079,0.7553,2,5,5,2
85.113,0.7527,2,5,5,2
85.146,0.7496,2,5,5,2
85.179,0.7457,2,5,5,2
85.214,0.7452,2,5,5,2
85.245,0.7453,2,5,5,2
85.281,0.7453,2,5,5,2
85.313,0.7453,2,5,5,2
85.344,0.7453,2,5,5,2
85.381,0.7454,2,5,5,2
85.411,0.7454,2,5,5,2
85.445,0.7454,2,5,5,2
85.475,0.7455,2,5,5,2
85.514,0.7455,2,5,5,2
85.546,0.7456,2,5,5,2
85.580,0.7456,2,5,5,2
85.613,0.7456,2,5,5,2
85.644,0.7457,2,5,5,2
85.680,0.7457,2,5,5,2
85.712,0.7458,2,5,5,2
85.743,0.7458,2,5,5,2
85.781,0.7458,2,5,5,2
85.813,0.7459,2,5,5,2
85.844,0.7459,2,5,5,2
85.878,0.7460,2,5,5,2
85.911,0.7460,2,5,5,2
85.948,0.7461,2,5,5,2
85.976,0.7461,2,5,5,2
86.010,0.7461,2,5,5,2
86.047,0.7462,2,5,5,2
86.079,0.7462,2,5,5,2
86.114,0.7463,2,5,5,2
86.145,0.7463,2,5,5,2
86.179,0.7464,2,5,5,2
86.210,0.7464,0,0,0,0
86.246,0.7465,0,0,0,0
86.278,0.7465,0,0,0,0
86.311,0.7466,0,0,0,0
86.346,0.7466,0,0,0,0
86.379,0.7467,0,0,0,0
86.413,0.7467,0,0,0,0
86.446,0.7468,0,0,0,0
86.477,0.7464,0,0,0,0
86.510,0.7449,0,0,0,0
86.544,0.7420,2,5,5,2
86.581,0.7374,2,5,5,2
86.612,0.7324,2,5,5,2
86.647,0.7286,2,5,5,2
86.678,0.7270,2,5,5,2
86.712,0.7257,2,5,5,2
86.746,0.7249,2,5,5,2
86.780,0.7250,2,5,5,2
86.810,0.7251,2,5,5,2
86.843,0.7252,2,5,5,2
86.881,0.7253,2,5,5,2
86.912,0.7255,2,5,5,2
86.946,0.7256,2,5,5,2
86.978,0.7257,2,5,5,2
87.012,0.7258,2,5,5,2
87.044,0.7259,2,5,5,2
87.079,0.7260,2,5,5,2
87.111,0.7262,2,5,5,2
87.145,0.7262,2,5,5,2
87.179,0.7264,2,5,5,2
87.210,0.7265,2,5,5,2
87.243,0.7266,2,5,5,2
87.279,0.7268,2,5,5,2
87.312,0.7269,2,5,5,2
87.346,0.7270,2,5,5,2
87.378,0.7271,2,5,5,2
87.413,0.7273,2,5,5,2
87.444,0.7274,2,5,5,2
87.480,0.7275,2,5,5,2
87.510,0.7277,2,5,5,2
87.546,0.7272,2,5,5,2
87.578,0.7232,2,5,5,2
87.610,0.7164,2,5,5,2
87.644,0.7053,2,5,5,2
87.677,0.7006,2,5,5,2
87.713,0.7228,2,5,5,2
87.745,0.7413,2,5,5,2
87.779,0.7599,2,5,5,2
87.812,0.7759,2,5,5,2
87.845,0.7894,2,5,5,2
87.880,0.7991,2,5,5,2
87.913,0.8037,2,5,5,2
87.944,0.8048,2,5,5,2
87.980,0.8049,2,5,5,2
88.012,0.8051,2,5,5,2
88.047,0.8053,2,5,5,2
88.080,0.8053,2,5,5,2
88.114,0.8055,2,5,5,2
88.147,0.8057,2,5,5,2
88.179,0.8057,2,5,5,2
88.213,0.8059,2,5,5,2
88.245,0.8092,2,5,5,2
88.281,0.8171,2,5,5,2
88.310,0.8252,2,5,5,2
88.346,0.8330,2,5,5,2
88.379,0.8384,2,5,5,2
88.412,0.8420,2,5,5,2
88.448,0.8435,2,5,5,2
88.478,0.8440,2,5,5,2
88.510,0.8443,2,5,5,2
88.546,0.8444,2,5,5,2
88.580,0.8445,2,5,5,2
88.611,0.8447,2,5,5,2
88.643,0.8448,2,5,5,2
88.678,0.8450,2,5,5,2
88.713,0.8440,2,5,5,2
88.743,0.8416,2,5,5,2
88.779,0.8368,2,5,5,2
88.817,0.8293,2,5,5,2
88.848,0.8218,2,5,5,2
88.878,0.8129,2,5,5,2
88.912,0.8018,2,5,5,2
88.948,0.7894,2,5,5,2
88.979,0.7773,2,5,5,2
89.017,0.7602,2,5,5,2
89.047,0.7455,2,5,5,2
89.077,0.7355,2,5,5,2
89.113,0.7300,2,5,5,2
89.147,0.7259,2,5,5,2
89.177,0.7261,2,5,5,2
89.214,0.7265,2,5,5,2
89.247,0.7269,2,5,5,2
89.278,0.7270,2,5,5,2
89.313,0.7243,2,5,5,2
89.347,0.7336,2,5,5,2
89.379,0.7513,2,5,5,2
89.416,0.7705,2,5,5,2
89.443,0.7830,2,5,5,2
89.481,0.7987,2,5,5,2
89.515,0.8108,2,5,5,2
89.536,0.8174,2,5,5,2
89.580,0.8261,2,5,5,2
89.613,0.8296,2,5,5,2
89.643,0.8304,2,5,5,2
89.678,0.8306,2,5,5,2
89.714,0.8308,2,5,5,2
89.744,0.7853,2,5,5,2
89.781,0.7854,2,5,5,2
89.812,0.7856,2,5,5,2
89.843,0.7857,2,5,5,2
89.878,0.7858,2,5,5,2
89.910,0.7860,2,5,5,2
89.944,0.7861,2,5,5,2
89.978,0.7862,2,5,5,2
90.014,0.7864,2,5,5,2
90.045,0.7864,2,5,5,2
90.079,0.7866,2,5,5,2
90.114,0.7867,2,5,5,2
90.143,0.7868,2,5,5,2
90.180,0.7869,2,5,5,2
90.213,0.7871,2,5,5,2
90.247,0.7872,2,5,5,2
90.277,0.7873,2,5,5,2
90.313,0.7875,2,5,5,2
90.347,0.7876,2,5,5,2
90.380,0.7877,2,5,5,2
90.410,0.7878,2,5,5,2
90.444,0.7879,2,5,5,2
90.480,0.7881,2,5,5,2
90.512,0.7882,2,5,5,2
90.543,0.7883,2,5,5,2
90.579,0.7884,2,5,5,2
90.603,0.7865,2,5,5,2
90.647,0.7743,2,5,5,2
90.679,0.7580,2,5,5,2
90.714,0.7390,2,5,5,2
90.743,0.7342,2,5,5,2
90.780,0.7538,2,5,5,2
90.812,0.7696,2,5,5,2
90.843,0.7858,2,5,5,2
90.879,0.8023,2,5,5,2
90.914,0.8165,2,5,5,2
90.947,0.8278,2,5,5,2
90.980,0.8377,2,5,5,2
91.012,0.8456,2,5,5,2
91.045,0.8518,2,5,5,2
91.081,0.8566,2,5,5,2
91.110,0.8589,2,5,5,2
91.145,0.8598,2,5,5,2
91.178,0.8587,2,5,5,2
91.214,0.8555,2,5,5,2
91.246,0.8509,2,5,5,2
91.280,0.8439,2,5,5,2
91.311,0.8361,2,5,5,2
91.346,0.8251,2,5,5,2
91.377,0.8140,2,5,5,2
91.411,0.7999,2,5,5,2
91.444,0.7847,2,5,5,2
91.478,0.7671,2,5,5,2
91.513,0.7471,2,5,5,2
91.547,0.7256,2,5,5,2
91.578,0.7236,2,5,5,2
91.610,0.7338,2,5,5,2
91.637,0.7409,2,5,5,2
91.677,0.7497,2,5,5,2
91.711,0.7552,2,5,5,2
91.747,0.7592,2,5,5,2
91.777,0.7610,2,5,5,2
91.811,0.7614,2,5,5,2
91.843,0.7602,2,5,5,2
91.877,0.7573,2,5,5,2
91.914,0.7603,2,5,5,2
91.945,0.7647,2,5,5,2
91.979,0.7678,2,5,5,2
92.010,0.7692,2,5,5,2
92.046,0.7691,2,5,5,2
92.079,0.7672,2,5,5,2
92.109,0.7641,2,5,5,2
92.143,0.7589,2,5,5,2
92.178,0.7520,2,5,5,2
92.213,0.7433,2,5,5,2
92.244,0.7430,2,5,5,2
92.279,0.7623,2,5,5,2
92.310,0.7778,2,5,5,2
92.346,0.7938,2,5,5,2
92.380,0.8069,2,5,5,2
92.413,0.8184,2,5,5,2
92.445,0.8274,2,5,5,2
92.475,0.8348,2,5,5,2
92.511,0.8415,2,5,5,2
92.545,0.8457,2,5,5,2
92.580,0.8476,2,5,5,2
92.613,0.8487,2,5,5,2
92.648,0.8490,2,5,5,2
92.669,0.8490,2,5,5,2
92.712,0.8490,2,5,5,2
92.748,0.8490,2,5,5,2
92.780,0.8237,2,5,5,2
92.814,0.8231,2,5,5,2
92.845,0.8198,2,5,5,2
92.877,0.8127,2,5,5,2
92.912,0.7996,2,5,5,2
92.944,0.7864,2,5,5,2
92.979,0.7698,2,5,5,2
93.010,0.7534,2,5,5,2
93.044,0.7406,2,5,5,2
93.079,0.7504,2,5,5,2
93.110,0.7575,2,5,5,2
93.147,0.7640,2,5,5,2
93.179,0.7665,2,5,5,2
93.211,0.7674,2,5,5,2
93.246,0.7675,2,5,5,2
93.277,0.7676,2,5,5,2
93.311,0.7676,2,5,5,2
93.346,0.7686,2,5,5,2
93.381,0.7705,2,5,5,2
93.410,0.7717,2,5,5,2
93.446,0.7713,2,5,5,2
93.480,0.7690,2,5,5,2
93.513,0.7653,2,5,5,2
93.545,0.7600,2,5,5,2
93.581,0.7567,2,5,5,2
93.610,0.7595,2,5,5,2
93.647,0.7613,2,5,5,2
93.680,0.7612,2,5,5,2
93.711,0.7597,2,5,5,2
93.747,0.7577,2,5,5,2
93.780,0.7555,2,5,5,2
93.813,0.7542,2,5,5,2
93.845,0.7534,2,5,5,2
93.877,0.7534,2,5,5,2
93.911,0.7534,2,5,5,2
93.946,0.7534,2,5,5,2
93.977,0.7534,2,5,5,2
94.011,0.7534,2,5,5,2
94.047,0.7535,2,5,5,2
94.077,0.7535,2,5,5,2
94.115,0.7535,2,5,5,2
94.145,0.7535,2,5,5,2
94.177,0.7535,2,5,5,2
94.215,0.7539,2,5,5,2
94.246,0.7543,2,5,5,2
94.277,0.7547,2,5,5,2
94.314,0.7547,2,5,5,2
94.344,0.7547,2,5,5,2
94.377,0.7547,2,5,5,2
94.416,0.7547,2,5,5,2
94.443,0.7547,2,5,5,2
94.477,0.7548,2,5,5,2
94.514,0.7548,2,5,5,2
94.547,0.7548,2,5,5,2
94.582,0.7555,2,5,5,2
94.610,0.7555,2,5,5,2
94.646,0.7555,2,5,5,2
94.677,0.7555,2,5,5,2
94.710,0.7555,2,5,5,2
94.748,0.7555,2,5,5,2
94.780,0.7555,2,5,5,2
94.811,0.7555,0,0,0,0
94.842,0.7555,0,0,0,0
94.879,0.7555,0,0,0,0
94.912,0.7555,0,0,0,0
94.946,0.7555,0,0,0,0
94.977,0.7555,0,0,0,0
95.011,0.7555,0,0,0,0
95.043,0.7555,0,0,0,0
95.077,0.7555,0,0,0,0
95.114,0.7554,0,0,0,0
95.145,0.7554,0,0,0,0
95.179,0.7554,0,0,0,0
95.214,0.7554,0,0,0,0
95.245,0.7554,0,0,0,0
95.279,0.7554,0,0,0,0
95.311,0.7554,0,0,0,0
95.345,0.7554,0,0,0,0
95.377,0.7554,0,0,0,0
95.413,0.7554,0,0,0,0
95.444,0.7554,0,0,0,0
95.477,0.7554,0,0,0,0
95.512,0.7554,0,0,0,0
95.544,0.7554,0,0,0,0
95.578,0.7554,0,0,0,0
95.613,0.7554,0,0,0,0
95.645,0.7554,0,0,0,0
95.680,0.7554,0,0,0,0
95.710,0.7554,0,0,0,0
95.746,0.7554,0,0,0,0
95.777,0.7553,0,0,0,0
95.810,0.7553,0,0,0,0
95.843,0.7553,0,0,0,0
95.876,0.7553,0,0,0,0
95.913,0.7553,0,0,0,0
95.947,0.7553,0,0,0,0
95.977,0.7553,0,0,0,0
96.011,0.7553,0,0,0,0
96.046,0.7553,0,0,0,0
96.077,0.7553,0,0,0,0
96.111,0.7553,0,0,0,0
96.147,0.7553,0,0,0,0
96.180,0.7553,0,0,0,0
96.214,0.7553,0,0,0,0
96.245,0.7553,0,0,0,0
96.281,0.7552,0,0,0,0
96.312,0.7552,0,0,0,0
96.346,0.7552,0,0,0,0
96.377,0.7552,0,0,0,0
96.412,0.7552,0,0,0,0
96.448,0.7552,0,0,0,0
96.478,0.7552,0,0,0,0
96.513,0.7552,0,0,0,0
96.544,0.7552,0,0,0,0
96.577,0.7552,0,0,0,0
96.613,0.7552,0,0,0,0
96.648,0.7551,0,0,0,0
96.677,0.7551,0,0,0,0
96.711,0.7551,0,0,0,0
96.748,0.7551,0,0,0,0
96.779,0.7551,0,0,0,0
96.815,0.7551,0,0,0,0
96.846,0.7551,0,0,0,0
96.879,0.7551,0,0,0,0
96.911,0.7551,0,0,0,0
96.945,0.7551,0,0,0,0
96.982,0.7551,0,0,0,0
97.010,0.7551,0,0,0,0
97.045,0.7550,0,0,0,0
97.077,0.7550,0,0,0,0
97.111,0.7550,0,0,0,0
97.146,0.7550,0,0,0,0
97.177,0.7550,0,0,0,0
97.216,0.7550,0,0,0,0
97.245,0.7550,0,0,0,0
97.279,0.7550,0,0,0,0
97.311,0.7550,0,0,0,0
97.346,0.7550,0,0,0,0
97.378,0.7550,0,0,0,0
97.412,0.7549,0,0,0,0
97.444,0.7549,0,0,0,0
97.479,0.7549,0,0,0,0
97.513,0.7549,0,0,0,0
97.545,0.7549,0,0,0,0
97.579,0.7549,0,0,0,0
97.611,0.7547,0,0,0,0
97.646,0.7541,0,0,0,0
97.678,0.7536,0,0,0,0
97.713,0.7519,2,5,5,2
97.744,0.7507,2,5,5,2
97.777,0.7477,2,5,5,2
97.812,0.7438,2,5,5,2
97.838,0.7416,2,5,5,2
97.877,0.7365,2,5,5,2
97.913,0.7311,2,5,5,2
97.944,0.7283,2,5,5,2
97.977,0.7226,2,5,5,2
98.010,0.7171,2,5,5,2
98.045,0.7144,2,5,5,2
98.077,0.7092,2,5,5,2
98.113,0.7041,2,5,5,2
98.147,0.6988,2,5,5,2
98.170,0.6961,2,5,5,2
98.210,0.6904,2,5,5,2
98.245,0.6875,2,5,5,2
98.280,0.6814,2,5,5,2
98.311,0.6755,2,5,5,2
98.347,0.6698,2,5,5,2
98.379,0.6671,1,6,6,1
98.415,0.6620,1,6,6,1
98.446,0.6574,1,6,6,1
98.477,0.6553,1,6,6,1
98.512,0.6516,1,6,6,1
98.544,0.6500,1,6,6,1
98.578,0.6471,1,6,6,1
98.610,0.6448,1,6,6,1
98.646,0.6429,1,6,6,1
98.679,0.6421,1,6,6,1
98.713,0.6408,1,6,6,1
98.746,0.6397,1,6,6,1
98.779,0.6393,1,6,6,1
98.811,0.6387,1,6,6,1
98.847,0.6382,1,6,6,1
98.879,0.6380,1,6,6,1
98.912,0.6377,1,6,6,1
98.947,0.6375,1,6,6,1
98.976,0.6374,1,6,6,1
99.010,0.6373,1,6,6,1
99.043,0.6373,1,6,6,1
99.078,0.6373,1,6,6,1
99.110,0.6372,1,6,6,1
99.145,0.6372,1,6,6,1
99.181,0.6372,1,6,6,1
99.211,0.6372,1,6,6,1
99.248,0.6372,1,6,6,1
99.279,0.6372,1,6,6,1
99.314,0.6372,1,6,6,1
99.346,0.6371,1,6,6,1
99.379,0.6371,1,6,6,1
99.412,0.6371,1,6,6,1
99.445,0.6371,1,6,6,1
99.479,0.6371,1,6,6,1
99.511,0.6371,1,6,6,1
99.546,0.6370,1,6,6,1
99.577,0.6370,1,6,6,1
99.614,0.6370,1,6,6,1
99.643,0.6370,1,6,6,1
99.678,0.6370,0,0,0,0
99.715,0.6369,0,0,0,0
99.740,0.6369,0,0,0,0
99.780,0.6369,0,0,0,0
99.812,0.6369,0,0,0,0
99.846,0.6369,0,0,0,0
99.876,0.6369,0,0,0,0
99.910,0.6368,0,0,0,0
99.945,0.6368,0,0,0,0
99.980,0.6368,0,0,0,0
100.010,0.6368,0,0,0,0
100.048,0.6368,0,0,0,0
100.081,0.6368,0,0,0,0
100.112,0.6368,0,0,0,0
100.144,0.6367,0,0,0,0
100.179,0.6367,0,0,0,0
100.212,0.6367,0,0,0,0
100.247,0.6367,0,0,0,0
100.277,0.6367,0,0,0,0
100.310,0.6367,0,0,0,0
100.346,0.6367,0,0,0,0
100.378,0.6367,0,0,0,0
100.412,0.6367,0,0,0,0
100.444,0.6367,0,0,0,0
100.477,0.6366,0,0,0,0
100.510,0.6366,0,0,0,0
100.547,0.6366,0,0,0,0
100.577,0.6366,0,0,0,0
100.611,0.6366,0,0,0,0
100.646,0.6366,0,0,0,0
100.677,0.6366,0,0,0,0
100.713,0.6366,0,0,0,0
100.744,0.6366,0,0,0,0
100.777,0.6366,0,0,0,0
100.813,0.6366,0,0,0,0
100.847,0.6366,0,0,0,0
100.880,0.6366,0,0,0,0
100.915,0.6366,0,0,0,0
100.946,0.6365,0,0,0,0
100.977,0.6365,0,0,0,0
101.012,0.6365,0,0,0,0
101.043,0.6365,0,0,0,0
101.079,0.6365,0,0,0,0
101.112,0.6365,0,0,0,0
101.143,0.6365,0,0,0,0
101.178,0.6365,0,0,0,0
101.213,0.6366,0,0,0,0
101.246,0.6367,0,0,0,0
101.280,0.6368,0,0,0,0
101.313,0.6373,0,0,0,0
101.347,0.6382,0,0,0,0
101.378,0.6388,0,0,0,0
101.415,0.6406,1,6,6,1
101.445,0.6418,1,6,6,1
101.483,0.6450,1,6,6,1
101.511,0.6489,1,6,6,1
101.547,0.6534,1,6,6,1
101.579,0.6557,1,6,6,1
101.615,0.6604,1,6,6,1
101.643,0.6627,1,6,6,1
101.678,0.6670,2,5,5,2
101.711,0.6708,2,5,5,2
101.745,0.6726,2,5,5,2
101.778,0.6758,2,5,5,2
101.811,0.6785,2,5,5,2
101.846,0.6807,2,5,5,2
101.877,0.6816,2,5,5,2
101.913,0.6833,2,5,5,2
101.945,0.6840,2,5,5,2
101.978,0.6851,2,5,5,2
102.014,0.6860,2,5,5,2
102.047,0.6867,2,5,5,2
102.077,0.6870,2,5,5,2
102.111,0.6875,2,5,5,2
102.143,0.6877,2,5,5,2
102.178,0.6880,2,5,5,2
102.211,0.6882,2,5,5,2
102.246,0.6884,2,5,5,2
102.281,0.6884,2,5,5,2
102.310,0.6885,2,5,5,2
102.345,0.6886,2,5,5,2
102.378,0.6887,2,5,5,2
102.414,0.6887,2,5,5,2
102.444,0.6887,2,5,5,2
102.480,0.6888,2,5,5,2
102.510,0.6890,2,5,5,2
102.546,0.6894,2,5,5,2
102.576,0.6897,2,5,5,2
102.611,0.6909,2,5,5,2
102.643,0.6917,2,5,5,2
102.678,0.6942,2,5,5,2
102.711,0.6975,2,5,5,2
102.746,0.7015,2,5,5,2
102.769,0.7036,2,5,5,2
102.813,0.7082,2,5,5,2
102.846,0.7129,2,5,5,2
102.876,0.7152,2,5,5,2
102.911,0.7196,2,5,5,2
102.946,0.7236,2,5,5,2
102.976,0.7254,2,5,5,2
103.011,0.7287,2,5,5,2
103.048,0.7316,2,5,5,2
103.080,0.7328,2,5,5,2
103.111,0.7350,2,5,5,2
103.178,0.7376,2,5,5,2
103.215,0.7389,2,5,5,2
103.246,0.7400,2,5,5,2
103.279,0.7405,2,5,5,2
103.314,0.7412,2,5,5,2
103.648,0.7440,2,5,5,2
103.680,0.7449,2,5,5,2
103.711,0.7484,2,5,5,2
103.745,0.7538,2,5,5,2
103.780,0.7570,2,5,5,2
103.813,0.7644,2,5,5,2
103.847,0.7725,2,5,5,2
103.881,0.7767,2,5,5,2
103.912,0.7856,2,5,5,2
103.947,0.7946,2,5,5,2
103.979,0.7992,2,5,5,2
104.013,0.8083,2,5,5,2
104.047,0.8174,2,5,5,2
104.081,0.8219,2,5,5,2
104.111,0.8304,2,5,5,2
104.146,0.8383,2,5,5,2
104.181,0.8420,2,5,5,2
104.214,0.8487,2,5,5,2
104.244,0.8518,2,5,5,2
104.283,0.8573,2,5,5,2
104.313,0.8621,2,5,5,2
104.345,0.8646,2,5,5,2
104.384,0.8689,2,5,5,2
104.412,0.8724,2,5,5,2
104.445,0.8744,2,5,5,2
104.479,0.8773,2,5,5,2
104.514,0.8798,2,5,5,2
104.544,0.8811,2,5,5,2
104.579,0.8827,2,5,5,2
104.614,0.8839,2,5,5,2
104.645,0.8845,2,5,5,2
104.678,0.8855,2,5,5,2
104.714,0.8864,2,5,5,2
104.745,0.8871,2,5,5,2
104.781,0.8874,2,5,5,2
104.814,0.8880,2,5,5,2
104.847,0.8885,2,5,5,2
104.878,0.8888,2,5,5,2
104.915,0.8892,2,5,5,2
104.945,0.8895,2,5,5,2
104.978,0.8899,2,5,5,2
105.012,0.8902,2,5,5,2
105.046,0.8906,2,5,5,2
105.080,0.8907,2,5,5,2
105.111,0.8911,2,5,5,2
105.146,0.8914,2,5,5,2
105.179,0.8915,2,5,5,2
105.212,0.8918,2,5,5,2
105.246,0.8921,2,5,5,2
105.281,0.8922,2,5,5,2
105.313,0.8923,2,5,5,2
105.344,0.8922,2,5,5,2
105.381,0.8917,2,5,5,2
105.412,0.8903,2,5,5,2
105.447,0.8882,2,5,5,2
105.479,0.8867,2,5,5,2
105.512,0.8834,2,5,5,2
105.546,0.8799,2,5,5,2
105.580,0.8781,2,5,5,2
105.614,0.8746,2,5,5,2
105.645,0.8728,2,5,5,2
105.678,0.8694,2,5,5,2
105.711,0.8662,2,5,5,2
105.745,0.8648,2,5,5,2
105.780,0.8621,2,5,5,2
105.815,0.8598,2,5,5,2
105.848,0.8578,2,5,5,2
105.881,0.8570,2,5,5,2
105.915,0.8559,2,5,5,2
105.946,0.8555,2,5,5,2
105.979,0.8556,2,5,5,2
106.014,0.8567,2,5,5,2
106.036,0.8576,2,5,5,2
106.077,0.8602,2,5,5,2
106.102,0.8617,2,5,5,2
106.148,0.8669,2,5,5,2
106.181,0.8687,2,5,5,2
106.212,0.8722,2,5,5,2
106.246,0.8753,2,5,5,2
106.279,0.8767,2,5,5,2
106.312,0.8788,2,5,5,2
106.349,0.8798,2,5,5,2
106.382,0.8800,2,5,5,2
106.413,0.8793,2,5,5,2
106.445,0.8785,2,5,5,2
106.482,0.8761,2,5,5,2
106.511,0.8726,2,5,5,2
106.548,0.8683,2,5,5,2
106.581,0.8659,2,5,5,2
106.613,0.8604,2,5,5,2
106.644,0.8574,2,5,5,2
106.681,0.8509,2,5,5,2
106.714,0.8438,2,5,5,2
106.747,0.8364,2,5,5,2
106.782,0.8325,2,5,5,2
106.811,0.8245,2,5,5,2
106.845,0.8204,2,5,5,2
106.878,0.8120,2,5,5,2
106.916,0.8034,2,5,5,2
106.947,0.7949,2,5,5,2
106.980,0.7907,2,5,5,2
107.013,0.7826,2,5,5,2
107.046,0.7748,2,5,5,2
107.080,0.7712,2,5,5,2
107.111,0.7642,2,5,5,2
107.147,0.7579,2,5,5,2
107.178,0.7550,2,5,5,2
107.211,0.7498,2,5,5,2
107.246,0.7453,2,5,5,2
107.281,0.7434,2,5,5,2
107.315,0.7399,2,5,5,2
107.345,0.7384,2,5,5,2
107.381,0.7358,2,5,5,2
107.415,0.7337,2,5,5,2
107.448,0.7321,2,5,5,2
107.478,0.7314,2,5,5,2
107.512,0.7303,2,5,5,2
107.546,0.7294,2,5,5,2
107.579,0.7290,2,5,5,2
107.612,0.7284,2,5,5,2
107.646,0.7280,2,5,5,2
107.680,0.7278,2,5,5,2
107.712,0.7275,2,5,5,2
107.747,0.7273,2,5,5,2
107.778,0.7272,2,5,5,2
107.812,0.7271,2,5,5,2
107.836,0.7270,2,5,5,2
107.882,0.7269,2,5,5,2
107.915,0.7269,2,5,5,2
107.944,0.7268,2,5,5,2
107.980,0.7268,2,5,5,2
108.014,0.7267,2,5,5,2
108.047,0.7266,2,5,5,2
108.081,0.7266,2,5,5,2
108.112,0.7266,2,5,5,2
108.148,0.7265,2,5,5,2
108.181,0.7265,2,5,5,2
108.213,0.7264,2,5,5,2
108.244,0.7264,2,5,5,2
108.279,0.7263,2,5,5,2
108.315,0.7263,2,5,5,2
108.347,0.7262,2,5,5,2
108.378,0.7262,2,5,5,2
108.412,0.7261,2,5,5,2
108.447,0.7261,2,5,5,2
108.478,0.7260,0,0,0,0
108.511,0.7260,0,0,0,0
108.546,0.7259,0,0,0,0
108.578,0.7259,0,0,0,0
108.614,0.7259,0,0,0,0
108.644,0.7258,0,0,0,0
108.682,0.7258,0,0,0,0
108.716,0.7257,0,0,0,0
108.744,0.7257,0,0,0,0
108.781,0.7257,0,0,0,0
108.814,0.7256,0,0,0,0
108.847,0.7256,0,0,0,0
108.882,0.7256,0,0,0,0
108.912,0.7255,0,0,0,0
108.947,0.7255,0,0,0,0
108.979,0.7255,0,0,0,0
109.014,0.7254,0,0,0,0
109.048,0.7254,0,0,0,0
109.080,0.7254,0,0,0,0
109.113,0.7254,0,0,0,0
109.145,0.7253,0,0,0,0
109.180,0.7253,0,0,0,0
109.212,0.7253,0,0,0,0
109.248,0.7252,0,0,0,0
109.280,0.7252,0,0,0,0
109.315,0.7252,0,0,0,0
109.346,0.7252,0,0,0,0
109.380,0.7252,0,0,0,0
109.414,0.7251,0,0,0,0
109.447,0.7251,0,0,0,0
109.481,0.7251,0,0,0,0
109.512,0.7251,0,0,0,0
109.550,0.7250,0,0,0,0
109.581,0.7250,0,0,0,0
109.614,0.7250,0,0,0,0
109.647,0.7250,0,0,0,0
109.680,0.7250,0,0,0,0
109.713,0.7250,0,0,0,0
109.748,0.7249,0,0,0,0
109.779,0.7249,0,0,0,0
109.811,0.7249,0,0,0,0
109.847,0.7249,0,0,0,0
109.880,0.7249,0,0,0,0
109.921,0.7248,0,0,0,0
109.945,0.7248,0,0,0,0
109.979,0.7248,0,0,0,0
110.015,0.7248,0,0,0,0
110.048,0.7248,0,0,0,0
110.080,0.7248,0,0,0,0
110.111,0.7247,0,0,0,0
110.146,0.7247,0,0,0,0
110.181,0.7247,0,0,0,0
110.212,0.7247,0,0,0,0
110.247,0.7247,0,0,0,0
110.280,0.7247,0,0,0,0
110.314,0.7246,0,0,0,0
110.349,0.7246,0,0,0,0
110.380,0.7246,0,0,0,0
110.414,0.7246,0,0,0,0
110.448,0.7246,0,0,0,0
110.478,0.7246,0,0,0,0
110.515,0.7245,0,0,0,0
110.546,0.7245,0,0,0,0
110.580,0.7245,0,0,0,0
110.614,0.7245,0,0,0,0
110.645,0.7245,0,0,0,0
110.681,0.7245,0,0,0,0
110.714,0.7245,0,0,0,0
110.748,0.7244,0,0,0,0
110.780,0.7244,0,0,0,0
110.814,0.7244,0,0,0,0
110.848,0.7244,0,0,0,0
110.879,0.7244,0,0,0,0
110.914,0.7244,0,0,0,0
110.947,0.7243,0,0,0,0
110.981,0.7243,0,0,0,0
111.013,0.7243,0,0,0,0
111.046,0.7243,0,0,0,0
111.079,0.7243,0,0,0,0
111.113,0.7243,0,0,0,0
111.145,0.7243,0,0,0,0
111.179,0.7243,0,0,0,0
111.215,0.7242,0,0,0,0
111.245,0.7242,0,0,0,0
111.280,0.7242,0,0,0,0
111.315,0.7242,0,0,0,0
111.347,0.7242,0,0,0,0
111.379,0.7242,0,0,0,0
111.412,0.7242,0,0,0,0
111.447,0.7241,0,0,0,0
111.480,0.7241,0,0,0,0
111.514,0.7241,0,0,0,0
111.544,0.7241,0,0,0,0
111.582,0.7241,0,0,0,0
111.612,0.7241,0,0,0,0
111.647,0.7241,0,0,0,0
111.679,0.7241,0,0,0,0
111.712,0.7240,0,0,0,0
111.747,0.7240,0,0,0,0
111.781,0.7240,0,0,0,0
111.811,0.7240,0,0,0,0
111.848,0.7240,0,0,0,0
111.879,0.7240,0,0,0,0
111.913,0.7240,0,0,0,0
111.948,0.7240,0,0,0,0
111.978,0.7239,0,0,0,0
112.014,0.7239,0,0,0,0
112.045,0.7239,0,0,0,0
112.079,0.7239,0,0,0,0
112.111,0.7239,0,0,0,0
112.148,0.7239,0,0,0,0
112.180,0.7239,0,0,0,0
112.215,0.7239,0,0,0,0
112.247,0.7238,0,0,0,0
112.282,0.7238,0,0,0,0
112.313,0.7238,0,0,0,0
112.347,0.7238,0,0,0,0
112.381,0.7238,0,0,0,0
112.412,0.7238,0,0,0,0
112.446,0.7238,0,0,0,0
112.479,0.7238,0,0,0,0
112.512,0.7237,0,0,0,0
112.545,0.7237,0,0,0,0
112.581,0.7237,0,0,0,0
112.612,0.7237,0,0,0,0
112.646,0.7237,0,0,0,0
112.680,0.7237,0,0,0,0
112.712,0.7237,0,0,0,0
112.745,0.7237,0,0,0,0
112.781,0.7236,0,0,0,0
112.814,0.7236,0,0,0,0
112.847,0.7236,0,0,0,0
112.879,0.7236,0,0,0,0
112.912,0.7236,0,0,0,0
112.944,0.7236,0,0,0,0
112.978,0.7236,0,0,0,0
113.012,0.7236,0,0,0,0
113.047,0.7235,0,0,0,0
113.078,0.7235,0,0,0,0
113.113,0.7235,0,0,0,0
113.136,0.7235,0,0,0,0
113.178,0.7235,0,0,0,0
113.213,0.7235,0,0,0,0
113.246,0.7235,0,0,0,0
113.278,0.7235,0,0,0,0
113.313,0.7235,0,0,0,0
113.345,0.7234,0,0,0,0
113.381,0.7234,0,0,0,0
113.412,0.7234,0,0,0,0
113.446,0.7234,0,0,0,0
113.478,0.7234,0,0,0,0
113.511,0.7234,0,0,0,0
113.548,0.7234,0,0,0,0
113.579,0.7234,0,0,0,0
113.612,0.7234,0,0,0,0
113.647,0.7233,0,0,0,0
113.680,0.7233,0,0,0,0
113.713,0.7233,0,0,0,0
113.746,0.7233,0,0,0,0
113.779,0.7233,0,0,0,0
113.811,0.7233,0,0,0,0
113.845,0.7233,0,0,0,0
113.881,0.7233,0,0,0,0
113.911,0.7232,0,0,0,0
113.945,0.7232,0,0,0,0
113.980,0.7232,0,0,0,0
114.015,0.7232,0,0,0,0
114.043,0.7232,0,0,0,0
114.078,0.7232,0,0,0,0
114.115,0.7232,0,0,0,0
114.148,0.7232,0,0,0,0
114.179,0.7232,0,0,0,0
114.216,0.7231,0,0,0,0
114.242,0.7231,0,0,0,0
114.278,0.7231,0,0,0,0
114.312,0.7231,0,0,0,0
114.346,0.7231,0,0,0,0
114.380,0.7231,0,0,0,0
114.415,0.7231,0,0,0,0
114.444,0.7231,0,0,0,0
114.480,0.7231,0,0,0,0
114.515,0.7230,0,0,0,0
114.546,0.7230,0,0,0,0
114.583,0.7230,0,0,0,0
114.612,0.7230,0,0,0,0
114.648,0.7230,0,0,0,0
114.681,0.7230,0,0,0,0
114.715,0.7230,0,0,0,0
114.748,0.7230,0,0,0,0
114.778,0.7230,0,0,0,0
114.811,0.7230,0,0,0,0
114.846,0.7229,0,0,0,0
114.879,0.7229,0,0,0,0
114.913,0.7229,0,0,0,0
114.948,0.7229,0,0,0,0
114.978,0.7229,0,0,0,0
115.012,0.7229,0,0,0,0
115.047,0.7229,0,0,0,0
115.080,0.7229,0,0,0,0
115.115,0.7229,0,0,0,0
115.145,0.7228,0,0,0,0
115.181,0.7228,0,0,0,0
115.214,0.7228,0,0,0,0
115.244,0.7228,0,0,0,0
115.277,0.7228,0,0,0,0
115.303,0.7228,0,0,0,0
115.348,0.7228,0,0,0,0
115.378,0.7228,0,0,0,0
115.412,0.7228,0,0,0,0
115.445,0.7228,0,0,0,0
115.479,0.7227,0,0,0,0
115.513,0.7227,0,0,0,0
115.547,0.7227,0,0,0,0
115.580,0.7227,0,0,0,0
115.614,0.7227,0,0,0,0
115.645,0.7227,0,0,0,0
115.681,0.7227,0,0,0,0
115.713,0.7227,0,0,0,0
115.748,0.7226,0,0,0,0
115.779,0.7226,0,0,0,0
115.815,0.7226,0,0,0,0
115.848,0.7226,0,0,0,0
115.878,0.7226,0,0,0,0
115.915,0.7226,0,0,0,0
115.948,0.7226,0,0,0,0
115.981,0.7226,0,0,0,0
116.014,0.7226,0,0,0,0
116.046,0.7226,0,0,0,0
116.082,0.7225,0,0,0,0
116.114,0.7225,0,0,0,0
116.144,0.7225,0,0,0,0
116.181,0.7225,0,0,0,0
116.215,0.7225,0,0,0,0
116.245,0.7225,0,0,0,0
116.281,0.7225,0,0,0,0
116.311,0.7225,0,0,0,0
116.346,0.7225,0,0,0,0
116.381,0.7225,0,0,0,0
116.415,0.7224,0,0,0,0
116.440,0.7224,0,0,0,0
116.478,0.7224,0,0,0,0
116.514,0.7224,0,0,0,0
116.547,0.7224,0,0,0,0
116.578,0.7224,0,0,0,0
116.614,0.7224,0,0,0,0
116.647,0.7224,0,0,0,0
116.678,0.7224,0,0,0,0
116.714,0.7224,0,0,0,0
116.749,0.7223,0,0,0,0
116.781,0.7223,0,0,0,0
116.810,0.7223,0,0,0,0
116.847,0.7223,0,0,0,0
116.882,0.7223,0,0,0,0
116.915,0.7223,0,0,0,0
116.945,0.7223,0,0,0,0
116.978,0.7223,0,0,0,0
117.012,0.7223,0,0,0,0
117.047,0.7222,0,0,0,0
117.078,0.7222,0,0,0,0
117.115,0.7222,0,0,0,0
117.146,0.7222,0,0,0,0
117.180,0.7222,0,0,0,0
117.214,0.7222,0,0,0,0
117.248,0.7222,0,0,0,0
117.278,0.7222,0,0,0,0
117.311,0.7222,0,0,0,0
117.347,0.7222,0,0,0,0
117.382,0.7222,0,0,0,0
117.413,0.7221,0,0,0,0
117.446,0.7221,0,0,0,0
117.478,0.7221,0,0,0,0
117.512,0.7221,0,0,0,0
117.550,0.7221,0,0,0,0
117.581,0.7221,0,0,0,0
117.613,0.7221,0,0,0,0
117.646,0.7221,0,0,0,0
117.680,0.7221,0,0,0,0
117.716,0.7221,0,0,0,0
117.745,0.7220,0,0,0,0
117.779,0.7220,0,0,0,0
117.815,0.7220,0,0,0,0
117.846,0.7220,0,0,0,0
117.878,0.7220,0,0,0,0
117.912,0.7220,0,0,0,0
117.946,0.7220,0,0,0,0
117.979,0.7220,0,0,0,0
118.012,0.7220,0,0,0,0
118.044,0.7220,0,0,0,0
118.081,0.7219,0,0,0,0
118.111,0.7219,0,0,0,0
118.147,0.7219,0,0,0,0
118.182,0.7219,0,0,0,0
118.215,0.7219,0,0,0,0
118.248,0.7219,0,0,0,0
118.279,0.7219,0,0,0,0
118.312,0.7219,0,0,0,0
118.346,0.7219,0,0,0,0
118.371,0.7219,0,0,0,0
118.411,0.7218,0,0,0,0
118.448,0.7218,0,0,0,0
118.482,0.7218,0,0,0,0
118.513,0.7218,0,0,0,0
118.545,0.7218,0,0,0,0
118.579,0.7218,0,0,0,0
118.613,0.7218,0,0,0,0
118.646,0.7218,0,0,0,0
118.680,0.7218,0,0,0,0
118.714,0.7218,0,0,0,0
118.746,0.7217,0,0,0,0
118.777,0.7217,0,0,0,0
118.813,0.7217,0,0,0,0
118.846,0.7217,0,0,0,0
118.881,0.7217,0,0,0,0
118.913,0.7217,0,0,0,0
118.944,0.7217,0,0,0,0
118.984,0.7217,0,0,0,0
119.006,0.7217,0,0,0,0
119.048,0.7217,0,0,0,0
119.078,0.7217,0,0,0,0
119.112,0.7216,0,0,0,0
119.146,0.7216,0,0,0,0
119.182,0.7216,0,0,0,0
119.214,0.7216,0,0,0,0
119.247,0.7216,0,0,0,0
119.278,0.7216,0,0,0,0
119.313,0.7216,0,0,0,0
119.349,0.7216,0,0,0,0
119.376,0.7216,0,0,0,0
119.415,0.7216,0,0,0,0
119.445,0.7216,0,0,0,0
119.479,0.7215,0,0,0,0
119.515,0.7215,0,0,0,0
119.547,0.7215,0,0,0,0
119.579,0.7215,0,0,0,0
119.611,0.7215,0,0,0,0
119.647,0.7215,0,0,0,0
119.677,0.7215,0,0,0,0
119.712,0.7215,0,0,0,0
119.744,0.7215,0,0,0,0
119.781,0.7215,0,0,0,0
119.814,0.7214,0,0,0,0
119.845,0.7214,0,0,0,0
119.881,0.7214,0,0,0,0
119.912,0.7214,0,0,0,0
119.945,0.7214,0,0,0,0
119.979,0.7214,0,0,0,0
120.013,0.7214,0,0,0,0
120.047,0.7214,0,0,0,0
120.077,0.7214,0,0,0,0
120.113,0.7214,0,0,0,0
120.147,0.7214,0,0,0,0
120.181,0.7213,0,0,0,0
120.212,0.7213,0,0,0,0
120.250,0.7213,0,0,0,0
120.281,0.7213,0,0,0,0
120.313,0.7213,0,0,0,0
120.347,0.7213,0,0,0,0
120.381,0.7213,0,0,0,0
120.412,0.7213,0,0,0,0
120.449,0.7213,0,0,0,0
120.480,0.7213,0,0,0,0
120.513,0.7213,0,0,0,0
120.547,0.7212,0,0,0,0
120.578,0.7212,0,0,0,0
120.611,0.7212,0,0,0,0
120.647,0.7212,0,0,0,0
120.682,0.7212,0,0,0,0
120.715,0.7212,0,0,0,0
120.746,0.7212,0,0,0,0
120.781,0.7212,0,0,0,0
120.814,0.7212,0,0,0,0
120.848,0.7212,0,0,0,0
120.880,0.7212,0,0,0,0
120.913,0.7211,0,0,0,0
120.948,0.7211,0,0,0,0
120.979,0.7211,0,0,0,0
121.010,0.7211,0,0,0,0
121.047,0.7211,0,0,0,0
121.080,0.7211,0,0,0,0
121.113,0.7211,0,0,0,0
121.147,0.7211,0,0,0,0
121.182,0.7211,0,0,0,0
121.215,0.7211,0,0,0,0
121.244,0.7211,0,0,0,0
121.282,0.7210,0,0,0,0
121.304,0.7210,0,0,0,0
121.347,0.7210,0,0,0,0
121.379,0.7210,0,0,0,0
121.411,0.7210,0,0,0,0
121.448,0.7210,0,0,0,0
121.478,0.7210,0,0,0,0
121.513,0.7210,0,0,0,0
121.548,0.7210,0,0,0,0
121.582,0.7210,0,0,0,0
121.612,0.7210,0,0,0,0
121.647,0.7209,0,0,0,0
121.680,0.7209,0,0,0,0
121.712,0.7209,0,0,0,0
121.749,0.7209,0,0,0,0
121.781,0.7209,0,0,0,0
121.815,0.7209,0,0,0,0
121.849,0.7209,0,0,0,0
121.880,0.7209,0,0,0,0
121.913,0.7209,0,0,0,0
121.947,0.7209,0,0,0,0
121.981,0.7209,0,0,0,0
122.011,0.7208,0,0,0,0
122.047,0.7208,0,0,0,0
122.082,0.7208,0,0,0,0
122.111,0.7208,0,0,0,0
122.143,0.7208,0,0,0,0
122.179,0.7208,0,0,0,0
122.213,0.7208,0,0,0,0
122.246,0.7208,0,0,0,0
122.280,0.7208,0,0,0,0
122.313,0.7208,0,0,0,0
122.340,0.7208,0,0,0,0
122.381,0.7208,0,0,0,0
122.411,0.7207,0,0,0,0
122.447,0.7207,0,0,0,0
122.478,0.7207,0,0,0,0
122.514,0.7207,0,0,0,0
122.547,0.7207,0,0,0,0
122.578,0.7207,0,0,0,0
122.612,0.7207,0,0,0,0
122.647,0.7207,0,0,0,0
122.676,0.7207,0,0,0,0
122.712,0.7207,0,0,0,0
122.744,0.7207,0,0,0,0
122.782,0.7206,0,0,0,0
122.814,0.7206,0,0,0,0
122.847,0.7206,0,0,0,0
122.878,0.7206,0,0,0,0
122.911,0.7206,0,0,0,0
122.948,0.7206,0,0,0,0
122.979,0.7206,0,0,0,0
123.011,0.7206,0,0,0,0
123.048,0.7206,0,0,0,0
123.078,0.7206,0,0,0,0
123.114,0.7206,0,0,0,0
123.146,0.7206,0,0,0,0
123.178,0.7205,0,0,0,0
123.212,0.7205,0,0,0,0
123.246,0.7205,0,0,0,0
123.279,0.7205,0,0,0,0
123.312,0.7205,0,0,0,0
123.345,0.7205,0,0,0,0
123.376,0.7205,0,0,0,0
123.415,0.7205,0,0,0,0
123.448,0.7205,0,0,0,0
123.481,0.7205,0,0,0,0
123.512,0.7205,0,0,0,0
123.546,0.7204,0,0,0,0
123.581,0.7204,0,0,0,0
123.612,0.7204,0,0,0,0
123.644,0.7204,0,0,0,0
123.680,0.7204,0,0,0,0
123.711,0.7204,0,0,0,0
123.744,0.7204,0,0,0,0
123.779,0.7204,0,0,0,0
123.815,0.7204,0,0,0,0
123.847,0.7204,0,0,0,0
123.878,0.7204,0,0,0,0
123.911,0.7204,0,0,0,0
123.947,0.7203,0,0,0,0
123.981,0.7203,0,0,0,0
124.014,0.7203,0,0,0,0
124.048,0.7203,0,0,0,0
124.081,0.7203,0,0,0,0
124.113,0.7203,0,0,0,0
124.148,0.7203,0,0,0,0
124.180,0.7203,0,0,0,0
124.215,0.7203,0,0,0,0
124.244,0.7203,0,0,0,0
124.278,0.7203,0,0,0,0
124.315,0.7203,0,0,0,0
124.348,0.7202,0,0,0,0
124.379,0.7202,0,0,0,0
124.410,0.7202,0,0,0,0
124.448,0.7202,0,0,0,0
124.478,0.7202,0,0,0,0
124.514,0.7202,0,0,0,0
124.546,0.7202,0,0,0,0
124.580,0.7202,0,0,0,0
124.614,0.7202,0,0,0,0
124.648,0.7202,0,0,0,0
124.679,0.7202,0,0,0,0
124.714,0.7202,0,0,0,0
124.746,0.7201,0,0,0,0
124.782,0.7201,0,0,0,0
124.814,0.7201,0,0,0,0
124.848,0.7201,0,0,0,0
124.882,0.7201,0,0,0,0
124.914,0.7201,0,0,0,0
124.946,0.7201,0,0,0,0
124.981,0.7201,0,0,0,0
125.014,0.7201,0,0,0,0
125.048,0.7201,0,0,0,0
125.078,0.7201,0,0,0,0
125.114,0.7201,0,0,0,0
125.147,0.7200,0,0,0,0
125.179,0.7200,0,0,0,0
125.213,0.7200,0,0,0,0
125.248,0.7200,0,0,0,0
125.279,0.7200,0,0,0,0
125.311,0.7200,0,0,0,0
125.347,0.7200,0,0,0,0
125.380,0.7200,0,0,0,0
125.416,0.7200,0,0,0,0
125.438,0.7200,0,0,0,0
125.477,0.7200,0,0,0,0
125.511,0.7200,0,0,0,0
125.547,0.7199,0,0,0,0
125.580,0.7199,0,0,0,0
125.615,0.7199,0,0,0,0
125.646,0.7199,0,0,0,0
125.680,0.7199,0,0,0,0
125.714,0.7199,0,0,0,0
125.744,0.7199,0,0,0,0
125.782,0.7199,0,0,0,0
125.803,0.7199,0,0,0,0
125.847,0.7199,0,0,0,0
125.880,0.7199,0,0,0,0
125.911,0.7199,0,0,0,0
125.947,0.7198,0,0,0,0
125.979,0.7198,0,0,0,0
126.014,0.7198,0,0,0,0
126.047,0.7198,0,0,0,0
126.080,0.7198,0,0,0,0
126.113,0.7198,0,0,0,0
126.147,0.7198,0,0,0,0
126.181,0.7198,0,0,0,0
126.214,0.7198,0,0,0,0
126.246,0.7198,0,0,0,0
126.278,0.7198,0,0,0,0
126.311,0.7198,0,0,0,0
126.346,0.7198,0,0,0,0
126.378,0.7197,0,0,0,0
126.416,0.7197,0,0,0,0
126.449,0.7197,0,0,0,0
126.480,0.7197,0,0,0,0
126.513,0.7197,0,0,0,0
126.545,0.7197,0,0,0,0
126.579,0.7197,0,0,0,0
126.616,0.7197,0,0,0,0
126.641,0.7197,0,0,0,0
126.682,0.7197,0,0,0,0
126.714,0.7197,0,0,0,0
126.746,0.7197,0,0,0,0
126.781,0.7196,0,0,0,0
126.816,0.7196,0,0,0,0
126.846,0.7196,0,0,0,0
126.880,0.7196,0,0,0,0
126.912,0.7196,0,0,0,0
126.946,0.7196,0,0,0,0
126.980,0.7196,0,0,0,0
127.012,0.7196,0,0,0,0
127.046,0.7196,0,0,0,0
127.077,0.7196,0,0,0,0
127.114,0.7196,0,0,0,0
127.148,0.7196,0,0,0,0
127.182,0.7196,0,0,0,0
127.211,0.7195,0,0,0,0
127.244,0.7195,0,0,0,0
127.282,0.7195,0,0,0,0
127.314,0.7195,0,0,0,0
127.349,0.7195,0,0,0,0
127.380,0.7195,0,0,0,0
127.415,0.7195,0,0,0,0
127.446,0.7195,0,0,0,0
127.478,0.7195,0,0,0,0
127.516,0.7195,0,0,0,0
127.545,0.7195,0,0,0,0
127.581,0.7195,0,0,0,0
127.606,0.7194,0,0,0,0
127.646,0.7194,0,0,0,0
127.681,0.7194,0,0,0,0
127.711,0.7194,0,0,0,0
127.745,0.7194,0,0,0,0
127.778,0.7194,0,0,0,0
127.812,0.7194,0,0,0,0
127.848,0.7194,0,0,0,0
127.879,0.7194,0,0,0,0
127.914,0.7194,0,0,0,0
127.945,0.7194,0,0,0,0
127.979,0.7194,0,0,0,0
128.014,0.7194,0,0,0,0
128.042,0.7194,0,0,0,0
128.078,0.7193,0,0,0,0
128.112,0.7193,0,0,0,0
128.146,0.7193,0,0,0,0
128.179,0.7193,0,0,0,0
128.214,0.7193,0,0,0,0
128.248,0.7193,0,0,0,0
128.279,0.7193,0,0,0,0
128.311,0.7193,0,0,0,0
128.347,0.7193,0,0,0,0
128.377,0.7193,0,0,0,0
128.413,0.7193,0,0,0,0
128.447,0.7193,0,0,0,0
128.483,0.7192,0,0,0,0
128.513,0.7192,0,0,0,0
128.543,0.7192,0,0,0,0
128.579,0.7192,0,0,0,0
128.618,0.7192,0,0,0,0
128.645,0.7192,0,0,0,0
128.681,0.7192,0,0,0,0
128.712,0.7192,0,0,0,0
128.751,0.7192,0,0,0,0
128.780,0.7192,0,0,0,0
128.812,0.7192,0,0,0,0
128.846,0.7192,0,0,0,0
128.879,0.7192,0,0,0,0
128.910,0.7191,0,0,0,0
128.945,0.7191,0,0,0,0
128.982,0.7191,0,0,0,0
129.010,0.7191,0,0,0,0
129.045,0.7191,0,0,0,0
129.081,0.7191,0,0,0,0
129.114,0.7191,0,0,0,0
129.148,0.7191,0,0,0,0
129.178,0.7191,0,0,0,0
129.212,0.7191,0,0,0,0
129.246,0.7191,0,0,0,0
129.280,0.7191,0,0,0,0
129.309,0.7191,0,0,0,0
129.349,0.7190,0,0,0,0
129.377,0.7190,0,0,0,0
129.410,0.7190,0,0,0,0
129.435,0.7190,0,0,0,0
129.479,0.7190,0,0,0,0
129.516,0.7190,0,0,0,0
129.548,0.7190,0,0,0,0
129.582,0.7190,0,0,0,0
129.616,0.7190,0,0,0,0
129.646,0.7190,0,0,0,0
129.681,0.7190,0,0,0,0
129.710,0.7190,0,0,0,0
129.746,0.7190,0,0,0,0
129.774,0.7189,0,0,0,0
129.815,0.7189,0,0,0,0
129.847,0.7189,0,0,0,0
129.881,0.7189,0,0,0,0
129.911,0.7189,0,0,0,0
129.946,0.7189,0,0,0,0
129.980,0.7189,0,0,0,0
130.012,0.7189,0,0,0,0
130.046,0.7189,0,0,0,0
130.078,0.7189,0,0,0,0
130.112,0.7189,0,0,0,0
130.146,0.7189,0,0,0,0
130.182,0.7189,0,0,0,0
130.214,0.7188,0,0,0,0
130.247,0.7188,0,0,0,0
130.280,0.7188,0,0,0,0
130.315,0.7188,0,0,0,0
130.344,0.7188,0,0,0,0
130.380,0.7188,0,0,0,0
130.416,0.7188,0,0,0,0
130.444,0.7188,0,0,0,0
130.484,0.7188,0,0,0,0
130.513,0.7188,0,0,0,0
130.546,0.7188,0,0,0,0
130.581,0.7188,0,0,0,0
130.610,0.7188,0,0,0,0
130.646,0.7188,0,0,0,0
130.681,0.7187,0,0,0,0
130.714,0.7187,0,0,0,0
130.746,0.7187,0,0,0,0
130.778,0.7187,0,0,0,0
130.812,0.7187,0,0,0,0
130.837,0.7187,0,0,0,0
130.878,0.7187,0,0,0,0
130.911,0.7187,0,0,0,0
130.947,0.7187,0,0,0,0
130.981,0.7187,0,0,0,0
131.014,0.7187,0,0,0,0
131.047,0.7187,0,0,0,0
131.080,0.7187,0,0,0,0
131.110,0.7186,0,0,0,0
131.144,0.7186,0,0,0,0
131.180,0.7186,0,0,0,0
131.202,0.7186,0,0,0,0
131.245,0.7186,0,0,0,0
131.281,0.7186,0,0,0,0
131.313,0.7186,0,0,0,0
131.347,0.7186,0,0,0,0
131.381,0.7186,0,0,0,0
131.411,0.7186,0,0,0,0
131.449,0.7186,0,0,0,0
131.479,0.7186,0,0,0,0
131.510,0.7186,0,0,0,0
131.546,0.7186,0,0,0,0
131.586,0.7185,0,0,0,0
131.618,0.7185,0,0,0,0
131.651,0.7185,0,0,0,0
131.684,0.7185,0,0,0,0
131.720,0.7185,0,0,0,0
131.755,0.7185,0,0,0,0
131.788,0.7185,0,0,0,0
131.815,0.7185,0,0,0,0
131.857,0.7185,0,0,0,0
131.895,0.7185,0,0,0,0
131.915,0.7185,0,0,0,0
131.960,0.7185,0,0,0,0
131.986,0.7185,0,0,0,0
132.029,0.7184,0,0,0,0
132.069,0.7184,0,0,0,0
132.089,0.7184,0,0,0,0
132.127,0.7184,0,0,0,0
132.163,0.7184,0,0,0,0
132.198,0.7184,0,0,0,0
132.235,0.7184,0,0,0,0
132.264,0.7184,0,0,0,0
132.292,0.7184,0,0,0,0
132.328,0.7184,0,0,0,0
132.367,0.7184,0,0,0,0
132.398,0.7184,0,0,0,0
132.435,0.7184,0,0,0,0
132.462,0.7184,0,0,0,0
132.504,0.7183,0,0,0,0
132.540,0.7183,0,0,0,0
132.577,0.7183,0,0,0,0
132.603,0.7183,0,0,0,0
132.643,0.7183,0,0,0,0
132.673,0.7183,0,0,0,0
132.704,0.7183,0,0,0,0
132.736,0.7183,0,0,0,0
132.764,0.7183,0,0,0,0
132.983,0.7182,0,0,0,0
133.018,0.7182,0,0,0,0
133.062,0.7182,0,0,0,0
133.092,0.7182,0,0,0,0
133.126,0.7182,0,0,0,0
133.176,0.7182,0,0,0,0
133.209,0.7182,0,0,0,0
133.243,0.7182,0,0,0,0
133.268,0.7182,0,0,0,0
133.316,0.7182,0,0,0,0
133.367,0.7182,0,0,0,0
133.399,0.7182,0,0,0,0
133.438,0.7181,0,0,0,0
133.479,0.7181,0,0,0,0
133.502,0.7181,0,0,0,0
133.540,0.7181,0,0,0,0
133.589,0.7181,0,0,0,0
133.694,0.7181,0,0,0,0
133.739,0.7181,0,0,0,0
133.772,0.7181,0,0,0,0
133.901,0.7180,0,0,0,0
133.929,0.7180,0,0,0,0
133.950,0.7180,0,0,0,0
133.990,0.7180,0,0,0,0
134.012,0.7180,0,0,0,0
134.055,0.7180,0,0,0,0
134.088,0.7180,0,0,0,0
134.125,0.7180,0,0,0,0
134.153,0.7180,0,0,0,0
134.190,0.7180,0,0,0,0
134.212,0.7180,0,0,0,0
134.255,0.7180,0,0,0,0
134.278,0.7180,0,0,0,0
134.319,0.7180,0,0,0,0
134.356,0.7179,0,0,0,0
134.389,0.7179,0,0,0,0
134.424,0.7179,0,0,0,0
134.446,0.7179,0,0,0,0
134.486,0.7179,0,0,0,0
134.516,0.7179,0,0,0,0
134.690,0.7179,0,0,0,0
134.721,0.7179,0,0,0,0
134.732,0.7179,0,0,0,0
134.766,0.7179,0,0,0,0
134.799,0.7179,0,0,0,0
134.833,0.7178,0,0,0,0
134.866,0.7178,0,0,0,0
134.895,0.7178,0,0,0,0
134.934,0.7178,0,0,0,0
134.960,0.7178,0,0,0,0
134.996,0.7178,0,0,0,0
135.064,0.7178,0,0,0,0
135.090,0.7178,0,0,0,0
135.149,0.7178,0,0,0,0
135.163,0.7178,0,0,0,0
135.200,0.7178,0,0,0,0
135.231,0.7178,0,0,0,0
135.263,0.7178,0,0,0,0
135.298,0.7178,0,0,0,0
135.331,0.7177,0,0,0,0
135.366,0.7177,0,0,0,0
135.429,0.7177,0,0,0,0
135.453,0.7177,0,0,0,0
135.495,0.7177,0,0,0,0
135.530,0.7177,0,0,0,0
135.564,0.7177,0,0,0,0
135.599,0.7177,0,0,0,0
135.631,0.7177,0,0,0,0
135.665,0.7177,0,0,0,0
135.693,0.7177,0,0,0,0
135.728,0.7177,0,0,0,0
135.758,0.7177,0,0,0,0
135.800,0.7177,0,0,0,0
135.829,0.7176,0,0,0,0
135.862,0.7176,0,0,0,0
135.898,0.7176,0,0,0,0
135.931,0.7176,0,0,0,0
135.965,0.7176,0,0,0,0
135.995,0.7176,0,0,0,0
136.030,0.7176,0,0,0,0
136.064,0.7176,0,0,0,0
136.099,0.7176,0,0,0,0
136.129,0.7176,0,0,0,0
136.167,0.7176,0,0,0,0
136.198,0.7176,0,0,0,0
136.226,0.7176,0,0,0,0
136.261,0.7176,0,0,0,0
136.294,0.7175,0,0,0,0
136.327,0.7175,0,0,0,0
136.366,0.7175,0,0,0,0
136.398,0.7175,0,0,0,0
136.431,0.7175,0,0,0,0
136.461,0.7175,0,0,0,0
136.497,0.7175,0,0,0,0
136.530,0.7175,0,0,0,0
136.565,0.7175,0,0,0,0
136.596,0.7175,0,0,0,0
136.631,0.7175,0,0,0,0
136.664,0.7175,0,0,0,0
136.697,0.7175,0,0,0,0
136.728,0.7175,0,0,0,0
136.763,0.7175,0,0,0,0
136.798,0.7174,0,0,0,0
136.829,0.7174,0,0,0,0
136.863,0.7174,0,0,0,0
136.900,0.7174,0,0,0,0
136.931,0.7174,0,0,0,0
136.953,0.7174,0,0,0,0
136.998,0.7174,0,0,0,0
137.030,0.7174,0,0,0,0
137.063,0.7174,0,0,0,0
137.095,0.7174,0,0,0,0
137.130,0.7174,0,0,0,0
137.162,0.7174,0,0,0,0
137.199,0.7174,0,0,0,0
137.231,0.7174,0,0,0,0
137.263,0.7174,0,0,0,0
137.299,0.7173,0,0,0,0
137.323,0.7173,0,0,0,0
137.363,0.7173,0,0,0,0
137.395,0.7173,0,0,0,0
137.428,0.7173,0,0,0,0
137.461,0.7173,0,0,0,0
137.498,0.7173,0,0,0,0
137.532,0.7173,0,0,0,0
137.555,0.7173,0,0,0,0
137.598,0.7173,0,0,0,0
137.631,0.7173,0,0,0,0
137.662,0.7173,0,0,0,0
137.698,0.7173,0,0,0,0
137.730,0.7173,0,0,0,0
137.762,0.7173,0,0,0,0
137.794,0.7172,0,0,0,0
137.828,0.7172,0,0,0,0
137.861,0.7172,0,0,0,0
137.907,0.7172,0,0,0,0
137.940,0.7172,0,0,0,0
137.975,0.7172,0,0,0,0
138.007,0.7172,0,0,0,0
138.042,0.7172,0,0,0,0
138.078,0.7172,0,0,0,0
138.119,0.7172,0,0,0,0
138.138,0.7172,0,0,0,0
138.176,0.7172,0,0,0,0
138.207,0.7172,0,0,0,0
138.231,0.7172,0,0,0,0
138.276,0.7172,0,0,0,0
138.299,0.7172,0,0,0,0
138.340,0.7171,0,0,0,0
138.376,0.7171,0,0,0,0
138.409,0.7171,0,0,0,0
138.440,0.7171,0,0,0,0
138.474,0.7171,0,0,0,0
138.508,0.7171,0,0,0,0
138.544,0.7171,0,0,0,0
138.575,0.7171,0,0,0,0
138.608,0.7171,0,0,0,0
138.642,0.7171,0,0,0,0
138.676,0.7171,0,0,0,0
138.711,0.7171,0,0,0,0
138.745,0.7171,0,0,0,0
138.776,0.7171,0,0,0,0
138.808,0.7170,0,0,0,0
138.841,0.7170,0,0,0,0
138.876,0.7170,0,0,0,0
138.908,0.7170,0,0,0,0
138.942,0.7170,0,0,0,0
138.973,0.7170,0,0,0,0
139.008,0.7170,0,0,0,0
139.041,0.7170,0,0,0,0
139.078,0.7170,0,0,0,0
139.109,0.7170,0,0,0,0
139.140,0.7170,0,0,0,0
139.174,0.7170,0,0,0,0
139.212,0.7170,0,0,0,0
139.244,0.7170,0,0,0,0
139.277,0.7170,0,0,0,0
139.309,0.7170,0,0,0,0
139.344,0.7169,0,0,0,0
139.378,0.7169,0,0,0,0
139.410,0.7169,0,0,0,0
139.441,0.7169,0,0,0,0
139.475,0.7169,0,0,0,0
139.511,0.7169,0,0,0,0
139.543,0.7169,0,0,0,0
139.573,0.7169,0,0,0,0
139.611,0.7169,0,0,0,0
139.643,0.7169,0,0,0,0
139.675,0.7169,0,0,0,0
139.710,0.7169,0,0,0,0
139.741,0.7169,0,0,0,0
139.777,0.7169,0,0,0,0
139.808,0.7169,0,0,0,0
139.846,0.7168,0,0,0,0
139.876,0.7168,0,0,0,0
139.910,0.7168,0,0,0,0
139.945,0.7168,0,0,0,0
139.974,0.7168,0,0,0,0
140.008,0.7168,0,0,0,0
140.044,0.7168,0,0,0,0
140.074,0.7168,0,0,0,0
140.109,0.7168,0,0,0,0
140.142,0.7168,0,0,0,0
140.176,0.7168,0,0,0,0
140.211,0.7168,0,0,0,0
140.244,0.7168,0,0,0,0
140.275,0.7168,0,0,0,0
140.310,0.7168,0,0,0,0
140.342,0.7168,0,0,0,0
140.378,0.7168,0,0,0,0
140.410,0.7167,0,0,0,0
140.441,0.7167,0,0,0,0
140.477,0.7167,0,0,0,0
140.509,0.7167,0,0,0,0
140.545,0.7167,0,0,0,0
140.574,0.7167,0,0,0,0
140.609,0.7167,0,0,0,0
140.641,0.7167,0,0,0,0
140.677,0.7167,0,0,0,0
140.710,0.7167,0,0,0,0
140.741,0.7167,0,0,0,0
140.777,0.7167,0,0,0,0
140.809,0.7167,0,0,0,0
140.845,0.7167,0,0,0,0
140.875,0.7167,0,0,0,0
140.910,0.7166,0,0,0,0
140.941,0.7166,0,0,0,0
140.978,0.7166,0,0,0,0
141.008,0.7166,0,0,0,0
141.043,0.7166,0,0,0,0
141.076,0.7166,0,0,0,0
141.112,0.7166,0,0,0,0
141.143,0.7166,0,0,0,0
141.176,0.7166,0,0,0,0
141.209,0.7166,0,0,0,0
141.241,0.7166,0,0,0,0
141.276,0.7166,0,0,0,0
141.304,0.7166,0,0,0,0
141.345,0.7166,0,0,0,0
141.375,0.7166,0,0,0,0
141.409,0.7166,0,0,0,0
141.442,0.7166,0,0,0,0
141.474,0.7165,0,0,0,0
141.509,0.7165,0,0,0,0
141.544,0.7165,0,0,0,0
141.577,0.7165,0,0,0,0
141.608,0.7165,0,0,0,0
141.642,0.7165,0,0,0,0
141.674,0.7165,0,0,0,0
141.708,0.7165,0,0,0,0
141.744,0.7165,0,0,0,0
141.778,0.7165,0,0,0,0
141.809,0.7165,0,0,0,0
141.841,0.7165,0,0,0,0
141.874,0.7165,0,0,0,0
141.910,0.7165,0,0,0,0
141.943,0.7165,0,0,0,0
141.978,0.7165,0,0,0,0
142.010,0.7164,0,0,0,0
142.045,0.7164,0,0,0,0
142.074,0.7164,0,0,0,0
142.109,0.7164,0,0,0,0
142.144,0.7164,0,0,0,0
142.173,0.7164,0,0,0,0
142.207,0.7164,0,0,0,0
142.242,0.7164,0,0,0,0
142.279,0.7164,0,0,0,0
142.301,0.7164,0,0,0,0
142.343,0.7164,0,0,0,0
142.378,0.7164,0,0,0,0
142.407,0.7164,0,0,0,0
142.441,0.7164,0,0,0,0
142.476,0.7164,0,0,0,0
142.508,0.7164,0,0,0,0
142.543,0.7164,0,0,0,0
142.574,0.7163,0,0,0,0
142.611,0.7163,0,0,0,0
142.642,0.7163,0,0,0,0
142.674,0.7163,0,0,0,0
142.708,0.7163,0,0,0,0
142.743,0.7163,0,0,0,0
142.773,0.7163,0,0,0,0
142.809,0.7163,0,0,0,0
142.843,0.7163,0,0,0,0
142.878,0.7163,0,0,0,0
142.910,0.7163,0,0,0,0
142.940,0.7163,0,0,0,0
142.978,0.7163,0,0,0,0
143.014,0.7163,0,0,0,0
143.044,0.7163,0,0,0,0
143.077,0.7163,0,0,0,0
143.111,0.7162,0,0,0,0
143.145,0.7162,0,0,0,0
143.177,0.7162,0,0,0,0
143.211,0.7162,0,0,0,0
143.241,0.7162,0,0,0,0
143.275,0.7162,0,0,0,0
143.311,0.7162,0,0,0,0
143.343,0.7162,0,0,0,0
143.366,0.7162,0,0,0,0
143.409,0.7162,0,0,0,0
143.433,0.7162,0,0,0,0
143.479,0.7162,0,0,0,0
143.512,0.7162,0,0,0,0
143.545,0.7162,0,0,0,0
143.577,0.7162,0,0,0,0
143.609,0.7162,0,0,0,0
143.642,0.7162,0,0,0,0
143.680,0.7162,0,0,0,0
143.709,0.7161,0,0,0,0
143.733,0.7161,0,0,0,0
143.766,0.7161,0,0,0,0
143.795,0.7161,0,0,0,0
143.841,0.7161,0,0,0,0
143.875,0.7161,0,0,0,0
143.909,0.7161,0,0,0,0
143.939,0.7161,0,0,0,0
143.976,0.7161,0,0,0,0
144.013,0.7161,0,0,0,0
144.045,0.7161,0,0,0,0
144.074,0.7161,0,0,0,0
144.110,0.7161,0,0,0,0
144.144,0.7161,0,0,0,0
144.178,0.7161,0,0,0,0
144.208,0.7161,0,0,0,0
144.245,0.7160,0,0,0,0
144.277,0.7160,0,0,0,0
144.313,0.7160,0,0,0,0
144.345,0.7160,0,0,0,0
144.377,0.7160,0,0,0,0
144.409,0.7160,0,0,0,0
144.442,0.7160,0,0,0,0
144.477,0.7160,0,0,0,0
144.508,0.7160,0,0,0,0
144.542,0.7160,0,0,0,0
144.575,0.7160,0,0,0,0
144.610,0.7160,0,0,0,0
144.641,0.7160,0,0,0,0
144.676,0.7160,0,0,0,0
144.708,0.7160,0,0,0,0
144.743,0.7160,0,0,0,0
144.780,0.7160,0,0,0,0
144.800,0.7160,0,0,0,0
144.844,0.7159,0,0,0,0
144.878,0.7159,0,0,0,0
144.909,0.7159,0,0,0,0
144.944,0.7159,0,0,0,0
144.977,0.7159,0,0,0,0
145.008,0.7159,0,0,0,0
145.042,0.7159,0,0,0,0
145.074,0.7159,0,0,0,0
145.111,0.7159,0,0,0,0
145.144,0.7159,0,0,0,0
145.175,0.7159,0,0,0,0
145.211,0.7159,0,0,0,0
145.241,0.7159,0,0,0,0
145.277,0.7159,0,0,0,0
145.311,0.7159,0,0,0,0
145.344,0.7159,0,0,0,0
145.376,0.7159,0,0,0,0
145.412,0.7158,0,0,0,0
145.443,0.7158,0,0,0,0
145.475,0.7158,0,0,0,0
145.498,0.7158,0,0,0,0
145.551,0.7158,0,0,0,0
145.574,0.7158,0,0,0,0
145.605,0.7158,0,0,0,0
145.643,0.7158,0,0,0,0
145.675,0.7158,0,0,0,0
145.710,0.7158,0,0,0,0
145.734,0.7158,0,0,0,0
145.775,0.7158,0,0,0,0
145.818,0.7158,0,0,0,0
145.851,0.7158,0,0,0,0
145.886,0.7158,0,0,0,0
145.917,0.7158,0,0,0,0
145.959,0.7158,0,0,0,0
146.009,0.7157,0,0,0,0
146.081,0.7157,0,0,0,0
146.141,0.7157,0,0,0,0
146.225,0.7157,0,0,0,0
146.244,0.7157,0,0,0,0
146.286,0.7157,0,0,0,0
146.319,0.7157,0,0,0,0
146.349,0.7157,0,0,0,0
146.384,0.7157,0,0,0,0
146.409,0.7157,0,0,0,0
146.450,0.7157,0,0,0,0
146.553,0.7157,0,0,0,0
146.633,0.7156,0,0,0,0
146.678,0.7156,0,0,0,0
146.714,0.7156,0,0,0,0
146.745,0.7156,0,0,0,0
146.781,0.7156,0,0,0,0
146.813,0.7156,0,0,0,0
146.847,0.7156,0,0,0,0
146.881,0.7156,0,0,0,0
146.913,0.7156,0,0,0,0
146.944,0.7156,0,0,0,0
146.979,0.7156,0,0,0,0
147.010,0.7156,0,0,0,0
147.046,0.7156,0,0,0,0
147.080,0.7156,0,0,0,0
147.113,0.7156,0,0,0,0
147.144,0.7156,0,0,0,0
147.180,0.7156,0,0,0,0
147.214,0.7155,0,0,0,0
147.246,0.7155,0,0,0,0
147.280,0.7155,0,0,0,0
147.314,0.7155,0,0,0,0
147.349,0.7155,0,0,0,0
147.379,0.7155,0,0,0,0
147.414,0.7155,0,0,0,0
147.447,0.7155,0,0,0,0
147.481,0.7155,0,0,0,0
147.512,0.7155,0,0,0,0
147.545,0.7155,0,0,0,0
147.582,0.7155,0,0,0,0
147.616,0.7155,0,0,0,0
147.648,0.7155,0,0,0,0
147.681,0.7155,0,0,0,0
147.714,0.7155,0,0,0,0
147.748,0.7155,0,0,0,0
147.787,0.7155,0,0,0,0
147.819,0.7155,0,0,0,0
147.848,0.7154,0,0,0,0
147.881,0.7154,0,0,0,0
147.916,0.7154,0,0,0,0
147.946,0.7154,0,0,0,0
147.980,0.7154,0,0,0,0
148.013,0.7154,0,0,0,0
148.048,0.7154,0,0,0,0
148.082,0.7154,0,0,0,0
148.111,0.7154,0,0,0,0
148.148,0.7154,0,0,0,0
148.178,0.7154,0,0,0,0
148.215,0.7154,0,0,0,0
148.244,0.7154,0,0,0,0
148.285,0.7154,0,0,0,0
148.306,0.7154,0,0,0,0
148.344,0.7154,0,0,0,0
148.378,0.7154,0,0,0,0
148.412,0.7154,0,0,0,0
148.448,0.7153,0,0,0,0
148.482,0.7153,0,0,0,0
148.514,0.7153,0,0,0,0
148.545,0.7153,0,0,0,0
148.581,0.7153,0,0,0,0
148.619,0.7153,0,0,0,0
148.647,0.7153,0,0,0,0
148.682,0.7153,0,0,0,0
148.714,0.7153,0,0,0,0
148.770,0.7153,0,0,0,0
148.801,0.7153,0,0,0,0
148.839,0.7153,0,0,0,0
148.871,0.7153,0,0,0,0
148.903,0.7153,0,0,0,0
148.940,0.7153,0,0,0,0
148.983,0.7153,0,0,0,0
149.009,0.7153,0,0,0,0
149.049,0.7153,0,0,0,0
149.083,0.7153,0,0,0,0
149.123,0.7152,0,0,0,0
149.145,0.7152,0,0,0,0
149.178,0.7152,0,0,0,0
149.217,0.7152,0,0,0,0
149.249,0.7152,0,0,0,0
149.583,0.7152,0,0,0,0
149.615,0.7152,0,0,0,0
149.648,0.7152,0,0,0,0
149.681,0.7152,0,0,0,0
149.715,0.7152,0,0,0,0
149.750,0.7151,0,0,0,0
149.783,0.7151,0,0,0,0
149.813,0.7151,0,0,0,0
149.847,0.7151,0,0,0,0
149.879,0.7151,0,0,0,0
149.918,0.7151,0,0,0,0
149.939,0.7151,0,0,0,0
149.979,0.7151,0,0,0,0
150.015,0.7151,0,0,0,0
150.039,0.7151,0,0,0,0
150.087,0.7151,0,0,0,0
150.146,0.7151,0,0,0,0
150.173,0.7151,0,0,0,0
150.208,0.7151,0,0,0,0
150.237,0.7151,0,0,0,0
150.272,0.7151,0,0,0,0
150.306,0.7151,0,0,0,0
150.339,0.7151,0,0,0,0
150.370,0.7151,0,0,0,0
150.402,0.7150,0,0,0,0
150.438,0.7150,0,0,0,0
150.463,0.7150,0,0,0,0
150.510,0.7150,0,0,0,0
150.534,0.7150,0,0,0,0
150.572,0.7150,0,0,0,0
150.604,0.7150,0,0,0,0
150.640,0.7150,0,0,0,0
150.672,0.7150,0,0,0,0
150.705,0.7150,0,0,0,0
150.738,0.7150,0,0,0,0
150.773,0.7150,0,0,0,0
150.797,0.7150,0,0,0,0
150.838,0.7150,0,0,0,0
150.872,0.7150,0,0,0,0
150.905,0.7150,0,0,0,0
150.940,0.7150,0,0,0,0
150.974,0.7150,0,0,0,0
151.006,0.7150,0,0,0,0
151.041,0.7150,0,0,0,0
151.073,0.7149,0,0,0,0
151.107,0.7149,0,0,0,0
151.137,0.7149,0,0,0,0
151.174,0.7149,0,0,0,0
151.206,0.7149,0,0,0,0
151.240,0.7149,0,0,0,0
151.274,0.7149,0,0,0,0
151.296,0.7149,0,0,0,0
151.335,0.7149,0,0,0,0
151.379,0.7149,0,0,0,0
151.413,0.7149,0,0,0,0
151.697,0.7149,0,0,0,0
151.742,0.7148,0,0,0,0
151.771,0.7148,0,0,0,0
151.804,0.7148,0,0,0,0
151.839,0.7148,0,0,0,0
151.867,0.7148,0,0,0,0
151.905,0.7148,0,0,0,0
151.937,0.7148,0,0,0,0
151.972,0.7148,0,0,0,0
152.011,0.7148,0,0,0,0
152.039,0.7148,0,0,0,0
152.069,0.7148,0,0,0,0
152.107,0.7148,0,0,0,0
152.137,0.7148,0,0,0,0
152.168,0.7148,0,0,0,0
152.202,0.7148,0,0,0,0
152.238,0.7148,0,0,0,0
152.272,0.7148,0,0,0,0
152.304,0.7148,0,0,0,0
152.337,0.7148,0,0,0,0
152.370,0.7148,0,0,0,0
152.402,0.7148,0,0,0,0
152.439,0.7147,0,0,0,0
152.476,0.7147,0,0,0,0
152.503,0.7147,0,0,0,0
152.537,0.7147,0,0,0,0
152.573,0.7147,0,0,0,0
152.608,0.7147,0,0,0,0
152.636,0.7147,0,0,0,0
152.666,0.7147,0,0,0,0
152.702,0.7147,0,0,0,0
152.737,0.7147,0,0,0,0
152.768,0.7147,0,0,0,0
152.806,0.7147,0,0,0,0
152.845,0.7147,0,0,0,0
152.878,0.7147,0,0,0,0
152.905,0.7147,0,0,0,0
152.939,0.7147,0,0,0,0
152.972,0.7147,0,0,0,0
153.005,0.7147,0,0,0,0
153.038,0.7147,0,0,0,0
153.071,0.7147,0,0,0,0
153.104,0.7147,0,0,0,0
153.138,0.7146,0,0,0,0
153.172,0.7146,0,0,0,0
153.206,0.7146,0,0,0,0
153.240,0.7146,0,0,0,0
153.275,0.7146,0,0,0,0
153.309,0.7146,0,0,0,0
153.342,0.7146,0,0,0,0
153.374,0.7146,0,0,0,0
153.407,0.7146,0,0,0,0
153.438,0.7146,0,0,0,0
153.471,0.7146,0,0,0,0
153.505,0.7146,0,0,0,0
153.539,0.7146,0,0,0,0
153.572,0.7146,0,0,0,0
153.604,0.7146,0,0,0,0
153.641,0.7146,0,0,0,0
153.671,0.7146,0,0,0,0
153.708,0.7146,0,0,0,0
153.738,0.7146,0,0,0,0
153.774,0.7146,0,0,0,0
153.805,0.7146,0,0,0,0
153.837,0.7146,0,0,0,0
153.870,0.7145,0,0,0,0
153.908,0.7145,0,0,0,0
153.938,0.7145,0,0,0,0
153.972,0.7145,0,0,0,0
154.004,0.7145,0,0,0,0
154.041,0.7145,0,0,0,0
154.071,0.7145,0,0,0,0
154.107,0.7145,0,0,0,0
154.137,0.7145,0,0,0,0
154.174,0.7145,0,0,0,0
154.205,0.7145,0,0,0,0
154.240,0.7145,0,0,0,0
154.275,0.7145,0,0,0,0
154.305,0.7145,0,0,0,0
154.336,0.7145,0,0,0,0
154.370,0.7145,0,0,0,0
154.407,0.7145,0,0,0,0
154.439,0.7145,0,0,0,0
154.474,0.7145,0,0,0,0
154.507,0.7145,0,0,0,0
154.538,0.7145,0,0,0,0
154.569,0.7144,0,0,0,0
154.607,0.7144,0,0,0,0
154.637,0.7144,0,0,0,0
154.671,0.7144,0,0,0,0
154.706,0.7144,0,0,0,0
154.738,0.7144,0,0,0,0
154.773,0.7144,0,0,0,0
154.805,0.7144,0,0,0,0
154.838,0.7144,0,0,0,0
154.870,0.7144,0,0,0,0
154.904,0.7144,0,0,0,0
154.940,0.7144,0,0,0,0
154.973,0.7144,0,0,0,0
155.004,0.7144,0,0,0,0
155.040,0.7144,0,0,0,0
155.069,0.7144,0,0,0,0
155.105,0.7144,0,0,0,0
155.140,0.7144,0,0,0,0
155.169,0.7144,0,0,0,0
155.208,0.7144,0,0,0,0
155.240,0.7144,0,0,0,0
155.271,0.7144,0,0,0,0
155.306,0.7144,0,0,0,0
155.340,0.7143,0,0,0,0
155.372,0.7143,0,0,0,0
155.405,0.7143,0,0,0,0
155.438,0.7143,0,0,0,0
155.472,0.7143,0,0,0,0
155.497,0.7143,0,0,0,0
155.540,0.7143,0,0,0,0
155.563,0.7143,0,0,0,0
155.605,0.7143,0,0,0,0
155.638,0.7143,0,0,0,0
155.672,0.7143,0,0,0,0
155.704,0.7143,0,0,0,0
155.739,0.7143,0,0,0,0
155.764,0.7143,0,0,0,0
155.805,0.7143,0,0,0,0
155.839,0.7143,0,0,0,0
155.870,0.7143,0,0,0,0
155.907,0.7143,0,0,0,0
155.939,0.7143,0,0,0,0
155.974,0.7143,0,0,0,0
156.005,0.7143,0,0,0,0
156.039,0.7143,0,0,0,0
156.070,0.7143,0,0,0,0
156.106,0.7142,0,0,0,0
156.139,0.7142,0,0,0,0
156.172,0.7142,0,0,0,0
156.205,0.7142,0,0,0,0
156.241,0.7142,0,0,0,0
156.273,0.7142,0,0,0,0
156.307,0.7142,0,0,0,0
156.337,0.7142,0,0,0,0
156.372,0.7142,0,0,0,0
156.404,0.7142,0,0,0,0
156.438,0.7142,0,0,0,0
156.470,0.7142,0,0,0,0
156.508,0.7142,0,0,0,0
156.538,0.7142,0,0,0,0
156.571,0.7142,0,0,0,0
156.606,0.7142,0,0,0,0
156.639,0.7142,0,0,0,0
156.669,0.7142,0,0,0,0
156.702,0.7142,0,0,0,0
156.739,0.7142,0,0,0,0
156.777,0.7142,0,0,0,0
156.801,0.7142,0,0,0,0
156.839,0.7142,0,0,0,0
156.872,0.7142,0,0,0,0
156.904,0.7141,0,0,0,0
156.936,0.7141,0,0,0,0
156.971,0.7141,0,0,0,0
157.006,0.7141,0,0,0,0
157.029,0.7141,0,0,0,0
157.073,0.7141,0,0,0,0
157.104,0.7141,0,0,0,0
157.137,0.7141,0,0,0,0
157.171,0.7141,0,0,0,0
157.198,0.7141,0,0,0,0
157.242,0.7141,0,0,0,0
157.275,0.7141,0,0,0,0
157.302,0.7141,0,0,0,0
157.342,0.7141,0,0,0,0
157.371,0.7141,0,0,0,0
157.404,0.7141,0,0,0,0
157.433,0.7141,0,0,0,0
157.466,0.7141,0,0,0,0
157.504,0.7141,0,0,0,0
157.538,0.7141,0,0,0,0
157.571,0.7141,0,0,0,0
157.607,0.7141,0,0,0,0
157.640,0.7141,0,0,0,0
157.674,0.7141,0,0,0,0
157.707,0.7140,0,0,0,0
157.739,0.7140,0,0,0,0
157.773,0.7140,0,0,0,0
157.797,0.7140,0,0,0,0
157.837,0.7140,0,0,0,0
157.874,0.7140,0,0,0,0
157.906,0.7140,0,0,0,0
157.938,0.7140,0,0,0,0
157.973,0.7140,0,0,0,0
158.005,0.7140,0,0,0,0
158.041,0.7140,0,0,0,0
158.072,0.7140,0,0,0,0
158.108,0.7140,0,0,0,0
158.129,0.7140,0,0,0,0
158.168,0.7140,0,0,0,0
158.193,0.7140,0,0,0,0
158.236,0.7140,0,0,0,0
158.269,0.7140,0,0,0,0
158.306,0.7140,0,0,0,0
158.342,0.7140,0,0,0,0
158.363,0.7140,0,0,0,0
158.408,0.7140,0,0,0,0
158.439,0.7140,0,0,0,0
158.472,0.7140,0,0,0,0
158.506,0.7139,0,0,0,0
158.537,0.7139,0,0,0,0
158.573,0.7139,0,0,0,0
158.605,0.7139,0,0,0,0
158.636,0.7139,0,0,0,0
158.671,0.7139,0,0,0,0
158.703,0.7139,0,0,0,0
158.735,0.7139,0,0,0,0
158.775,0.7139,0,0,0,0
158.799,0.7139,0,0,0,0
158.841,0.7139,0,0,0,0
158.870,0.7139,0,0,0,0
158.904,0.7139,0,0,0,0
158.940,0.7139,0,0,0,0
158.971,0.7139,0,0,0,0
159.006,0.7139,0,0,0,0
159.038,0.7139,0,0,0,0
159.074,0.7139,0,0,0,0
159.111,0.7139,0,0,0,0
159.132,0.7139,0,0,0,0
159.175,0.7139,0,0,0,0
159.205,0.7139,0,0,0,0
159.237,0.7139,0,0,0,0
159.272,0.7139,0,0,0,0
159.306,0.7139,0,0,0,0
159.338,0.7138,0,0,0,0
159.371,0.7138,0,0,0,0
159.412,0.7138,0,0,0,0
159.447,0.7138,0,0,0,0
159.486,0.7138,0,0,0,0
159.513,0.7138,0,0,0,0
159.546,0.7138,0,0,0,0
159.579,0.7138,0,0,0,0
159.612,0.7138,0,0,0,0
159.647,0.7138,0,0,0,0
159.680,0.7138,0,0,0,0
159.725,0.7138,0,0,0,0
159.771,0.7138,0,0,0,0
159.803,0.7138,0,0,0,0
159.821,0.7138,0,0,0,0
159.852,0.7138,0,0,0,0
159.886,0.7138,0,0,0,0
159.922,0.7138,0,0,0,0
159.956,0.7138,0,0,0,0
159.986,0.7138,0,0,0,0
160.022,0.7138,0,0,0,0
160.054,0.7138,0,0,0,0
160.087,0.7138,0,0,0,0
160.123,0.7138,0,0,0,0
160.155,0.7138,0,0,0,0
160.187,0.7137,0,0,0,0
160.222,0.7137,0,0,0,0
160.255,0.7137,0,0,0,0
160.284,0.7137,0,0,0,0
160.317,0.7137,0,0,0,0
160.352,0.7137,0,0,0,0
160.391,0.7137,0,0,0,0
160.419,0.7137,0,0,0,0
160.456,0.7137,0,0,0,0
160.479,0.7137,0,0,0,0
160.524,0.7137,0,0,0,0
160.553,0.7137,0,0,0,0
160.588,0.7137,0,0,0,0
160.623,0.7137,0,0,0,0
160.653,0.7137,0,0,0,0
160.696,0.7137,0,0,0,0
160.716,0.7137,0,0,0,0
160.752,0.7137,0,0,0,0
160.789,0.7137,0,0,0,0
160.821,0.7137,0,0,0,0
160.856,0.7137,0,0,0,0
160.888,0.7137,0,0,0,0
160.922,0.7137,0,0,0,0
160.954,0.7137,0,0,0,0
160.984,0.7137,0,0,0,0
161.032,0.7137,0,0,0,0
161.058,0.7137,0,0,0,0
161.087,0.7136,0,0,0,0
161.121,0.7136,0,0,0,0
161.152,0.7136,0,0,0,0
161.191,0.7136,0,0,0,0
161.222,0.7136,0,0,0,0
161.256,0.7136,0,0,0,0
161.288,0.7136,0,0,0,0
161.322,0.7136,0,0,0,0
161.356,0.7136,0,0,0,0
161.388,0.7136,0,0,0,0
161.422,0.7136,0,0,0,0
161.455,0.7136,0,0,0,0
161.488,0.7136,0,0,0,0
161.520,0.7136,0,0,0,0
161.556,0.7136,0,0,0,0
161.585,0.7136,0,0,0,0
161.622,0.7136,0,0,0,0
161.656,0.7136,0,0,0,0
161.689,0.7136,0,0,0,0
161.723,0.7136,0,0,0,0
161.757,0.7136,0,0,0,0
161.795,0.7136,0,0,0,0
161.821,0.7136,0,0,0,0
161.852,0.7136,0,0,0,0
161.888,0.7136,0,0,0,0
161.922,0.7136,0,0,0,0
161.954,0.7136,0,0,0,0
161.991,0.7135,0,0,0,0
162.013,0.7135,0,0,0,0
162.054,0.7135,0,0,0,0
162.087,0.7135,0,0,0,0
162.123,0.7135,0,0,0,0
162.153,0.7135,0,0,0,0
162.187,0.7135,0,0,0,0
162.223,0.7135,0,0,0,0
162.256,0.7135,0,0,0,0
162.286,0.7135,0,0,0,0
162.321,0.7135,0,0,0,0
162.360,0.7135,0,0,0,0
162.381,0.7135,0,0,0,0
162.425,0.7135,0,0,0,0
162.447,0.7135,0,0,0,0
162.487,0.7135,0,0,0,0
162.515,0.7135,0,0,0,0
162.555,0.7135,0,0,0,0
162.588,0.7135,0,0,0,0
162.621,0.7135,0,0,0,0
162.656,0.7135,0,0,0,0
162.679,0.7135,0,0,0,0
162.722,0.7135,0,0,0,0
162.757,0.7135,0,0,0,0
162.786,0.7135,0,0,0,0
162.820,0.7135,0,0,0,0
162.854,0.7135,0,0,0,0
162.888,0.7135,0,0,0,0
162.923,0.7135,0,0,0,0
162.955,0.7134,0,0,0,0
162.989,0.7134,0,0,0,0
163.021,0.7134,0,0,0,0
163.055,0.7134,0,0,0,0
163.089,0.7134,0,0,0,0
163.121,0.7134,0,0,0,0
163.154,0.7134,0,0,0,0
163.187,0.7134,0,0,0,0
163.220,0.7134,0,0,0,0
163.252,0.7134,0,0,0,0
163.287,0.7134,0,0,0,0
163.322,0.7134,0,0,0,0
163.357,0.7134,0,0,0,0
163.386,0.7134,0,0,0,0
163.420,0.7134,0,0,0,0
163.455,0.7134,0,0,0,0
163.486,0.7134,0,0,0,0
163.524,0.7134,0,0,0,0
163.554,0.7134,0,0,0,0
163.586,0.7134,0,0,0,0
163.623,0.7134,0,0,0,0
163.654,0.7134,0,0,0,0
163.688,0.7134,0,0,0,0
163.720,0.7134,0,0,0,0
163.753,0.7134,0,0,0,0
163.788,0.7134,0,0,0,0
163.821,0.7134,0,0,0,0
163.856,0.7134,0,0,0,0
163.890,0.7133,0,0,0,0
163.921,0.7133,0,0,0,0
163.952,0.7133,0,0,0,0
163.985,0.7133,0,0,0,0
164.020,0.7133,0,0,0,0
164.055,0.7133,0,0,0,0
164.085,0.7133,0,0,0,0
164.122,0.7133,0,0,0,0
164.154,0.7133,0,0,0,0
164.187,0.7133,0,0,0,0
164.221,0.7133,0,0,0,0
164.255,0.7133,0,0,0,0
164.290,0.7133,0,0,0,0
164.320,0.7133,0,0,0,0
164.353,0.7133,0,0,0,0
164.387,0.7133,0,0,0,0
164.421,0.7133,0,0,0,0
164.455,0.7133,0,0,0,0
164.492,0.7133,0,0,0,0
164.517,0.7133,0,0,0,0
164.555,0.7133,0,0,0,0
164.587,0.7133,0,0,0,0
164.622,0.7133,0,0,0,0
164.654,0.7133,0,0,0,0
164.689,0.7133,0,0,0,0
164.723,0.7133,0,0,0,0
164.755,0.7133,0,0,0,0
164.789,0.7133,0,0,0,0
