time,halfW01,d0,d1,d2,d3
2.949,0.8907,2,5,5,2
0.344,0.9022,2,5,5,2
0.380,0.9028,2,5,5,2
0.410,0.9040,2,5,5,2
0.446,0.9053,2,5,5,2
0.477,0.9058,2,5,5,2
0.512,0.9070,2,5,5,2
0.545,0.9082,2,5,5,2
0.577,0.9088,2,5,5,2
0.612,0.9099,2,5,5,2
0.647,0.9110,2,5,5,2
0.680,0.9115,2,5,5,2
0.713,0.9126,2,5,5,2
0.745,0.9136,2,5,5,2
0.779,0.9142,2,5,5,2
0.813,0.9152,2,5,5,2
0.845,0.9162,2,5,5,2
0.881,0.9171,2,5,5,2
0.911,0.9176,2,5,5,2
0.944,0.9186,2,5,5,2
0.981,0.9195,2,5,5,2
1.014,0.9199,2,5,5,2
1.044,0.9208,2,5,5,2
1.077,0.9212,2,5,5,2
1.112,0.9221,2,5,5,2
1.144,0.9229,2,5,5,2
1.177,0.9234,2,5,5,2
1.208,0.9242,2,5,5,2
1.243,0.9249,2,5,5,2
1.277,0.9253,2,5,5,2
1.310,0.9261,2,5,5,2
1.344,0.9268,2,5,5,2
1.377,0.9272,0,0,0,0
1.413,0.9279,0,0,0,0
1.446,0.9286,0,0,0,0
1.480,0.9289,0,0,0,0
1.512,0.9296,0,0,0,0
1.544,0.9302,0,0,0,0
1.579,0.9306,0,0,0,0
1.613,0.9312,0,0,0,0
1.644,0.9318,0,0,0,0
1.677,0.9321,0,0,0,0
1.713,0.9327,0,0,0,0
1.747,0.9332,0,0,0,0
1.781,0.9338,0,0,0,0
1.811,0.9341,0,0,0,0
1.847,0.9346,0,0,0,0
1.877,0.9349,0,0,0,0
1.912,0.9354,0,0,0,0
1.946,0.9359,0,0,0,0
1.980,0.9361,0,0,0,0
2.011,0.9366,0,0,0,0
2.047,0.9371,0,0,0,0
2.080,0.9375,0,0,0,0
2.114,0.9377,0,0,0,0
2.143,0.9382,0,0,0,0
2.184,0.9386,0,0,0,0
2.212,0.9388,0,0,0,0
2.246,0.9393,0,0,0,0
2.277,0.9395,0,0,0,0
2.313,0.9399,0,0,0,0
2.346,0.9403,0,0,0,0
2.379,0.9405,0,0,0,0
2.411,0.9408,0,0,0,0
2.443,0.9412,0,0,0,0
2.477,0.9414,0,0,0,0
2.511,0.9418,0,0,0,0
2.547,0.9421,0,0,0,0
2.578,0.9423,0,0,0,0
2.611,0.9426,0,0,0,0
2.646,0.9430,0,0,0,0
2.678,0.9431,0,0,0,0
2.711,0.9435,0,0,0,0
2.747,0.9438,0,0,0,0
2.781,0.9441,0,0,0,0
2.813,0.9443,0,0,0,0
2.844,0.9446,0,0,0,0
2.880,0.9447,0,0,0,0
2.913,0.9450,0,0,0,0
2.947,0.9453,0,0,0,0
2.980,0.9456,0,0,0,0
3.014,0.9458,0,0,0,0
3.046,0.9461,0,0,0,0
3.079,0.9462,0,0,0,0
3.108,0.9465,0,0,0,0
3.144,0.9468,0,0,0,0
3.179,0.9469,0,0,0,0
3.211,0.9472,0,0,0,0
3.247,0.9474,0,0,0,0
3.281,0.9477,0,0,0,0
3.311,0.9478,0,0,0,0
3.347,0.9481,0,0,0,0
3.380,0.9484,0,0,0,0
3.414,0.9485,0,0,0,0
3.444,0.9487,0,0,0,0
3.477,0.9489,0,0,0,0
3.510,0.9491,0,0,0,0
3.545,0.9494,0,0,0,0
3.581,0.9496,0,0,0,0
3.614,0.9497,0,0,0,0
3.646,0.9500,0,0,0,0
3.679,0.9501,0,0,0,0
3.711,0.9503,0,0,0,0
3.745,0.9505,0,0,0,0
3.779,0.9506,0,0,0,0
3.812,0.9509,0,0,0,0
3.845,0.9511,0,0,0,0
3.880,0.9513,0,0,0,0
3.911,0.9514,0,0,0,0
3.947,0.9517,0,0,0,0
3.980,0.9518,0,0,0,0
4.009,0.9520,0,0,0,0
4.046,0.9522,0,0,0,0
4.077,0.9523,0,0,0,0
4.117,0.9525,0,0,0,0
4.145,0.9527,0,0,0,0
4.178,0.9528,0,0,0,0
4.211,0.9530,0,0,0,0
4.246,0.9532,0,0,0,0
4.281,0.9534,0,0,0,0
4.312,0.9535,0,0,0,0
4.344,0.9537,0,0,0,0
4.381,0.9539,0,0,0,0
4.410,0.9540,0,0,0,0
4.446,0.9542,0,0,0,0
4.478,0.9543,0,0,0,0
4.512,0.9545,0,0,0,0
4.545,0.9547,0,0,0,0
4.580,0.9548,0,0,0,0
4.611,0.9550,0,0,0,0
4.643,0.9552,0,0,0,0
4.680,0.9554,0,0,0,0
4.713,0.9555,0,0,0,0
4.746,0.9556,0,0,0,0
4.771,0.9557,0,0,0,0
4.812,0.9559,0,0,0,0
4.844,0.9561,0,0,0,0
4.880,0.9562,0,0,0,0
4.912,0.9564,0,0,0,0
4.945,0.9565,0,0,0,0
4.979,0.9566,0,0,0,0
5.011,0.9568,0,0,0,0
5.047,0.9570,0,0,0,0
5.079,0.9571,0,0,0,0
5.112,0.9572,0,0,0,0
5.144,0.9574,0,0,0,0
5.179,0.9575,0,0,0,0
5.241,0.9578,0,0,0,0
5.270,0.9579,0,0,0,0
5.284,0.9580,0,0,0,0
5.314,0.9581,0,0,0,0
5.349,0.9582,0,0,0,0
5.380,0.9583,0,0,0,0
5.414,0.9585,0,0,0,0
5.445,0.9586,0,0,0,0
5.481,0.9588,0,0,0,0
5.514,0.9588,0,0,0,0
5.547,0.9590,0,0,0,0
5.581,0.9592,0,0,0,0
5.615,0.9592,0,0,0,0
5.649,0.9594,0,0,0,0
5.680,0.9595,0,0,0,0
5.715,0.9596,0,0,0,0
5.747,0.9598,0,0,0,0
5.781,0.9599,0,0,0,0
5.816,0.9600,0,0,0,0
5.848,0.9601,0,0,0,0
5.880,0.9603,0,0,0,0
5.915,0.9603,0,0,0,0
5.948,0.9605,0,0,0,0
5.981,0.9606,0,0,0,0
6.013,0.9607,0,0,0,0
6.047,0.9608,0,0,0,0
6.083,0.9610,0,0,0,0
6.113,0.9610,0,0,0,0
6.149,0.9612,0,0,0,0
6.181,0.9613,0,0,0,0
6.215,0.9614,0,0,0,0
6.249,0.9615,0,0,0,0
6.280,0.9616,0,0,0,0
6.315,0.9617,0,0,0,0
6.349,0.9618,0,0,0,0
6.379,0.9619,0,0,0,0
6.413,0.9620,0,0,0,0
6.448,0.9621,0,0,0,0
6.479,0.9622,0,0,0,0
6.515,0.9623,0,0,0,0
6.549,0.9624,0,0,0,0
6.583,0.9625,0,0,0,0
6.613,0.9626,0,0,0,0
6.646,0.9627,0,0,0,0
6.684,0.9628,0,0,0,0
6.715,0.9629,0,0,0,0
6.748,0.9630,0,0,0,0
6.783,0.9631,0,0,0,0
6.808,0.9632,0,0,0,0
6.849,0.9633,0,0,0,0
6.881,0.9634,0,0,0,0
6.916,0.9635,0,0,0,0
6.946,0.9636,0,0,0,0
6.980,0.9636,0,0,0,0
7.016,0.9637,0,0,0,0
7.046,0.9638,0,0,0,0
7.079,0.9639,0,0,0,0
7.114,0.9640,0,0,0,0
7.150,0.9641,0,0,0,0
7.180,0.9641,0,0,0,0
7.214,0.9642,0,0,0,0
7.250,0.9643,0,0,0,0
7.282,0.9644,0,0,0,0
7.313,0.9645,0,0,0,0
7.347,0.9646,0,0,0,0
7.381,0.9647,0,0,0,0
7.413,0.9647,0,0,0,0
7.446,0.9648,0,0,0,0
7.481,0.9649,0,0,0,0
7.515,0.9649,0,0,0,0
7.549,0.9650,0,0,0,0
7.581,0.9651,0,0,0,0
7.614,0.9652,0,0,0,0
7.649,0.9653,0,0,0,0
7.680,0.9653,0,0,0,0
7.715,0.9654,0,0,0,0
7.746,0.9655,0,0,0,0
7.781,0.9656,0,0,0,0
7.815,0.9656,0,0,0,0
7.848,0.9657,0,0,0,0
7.879,0.9657,0,0,0,0
7.913,0.9658,0,0,0,0
7.948,0.9659,0,0,0,0
7.980,0.9660,0,0,0,0
8.014,0.9660,0,0,0,0
8.047,0.9661,0,0,0,0
8.081,0.9662,0,0,0,0
8.115,0.9662,0,0,0,0
8.147,0.9663,0,0,0,0
8.181,0.9663,0,0,0,0
8.215,0.9664,0,0,0,0
8.249,0.9664,0,0,0,0
8.280,0.9665,0,0,0,0
8.316,0.9666,0,0,0,0
8.349,0.9666,0,0,0,0
8.381,0.9667,0,0,0,0
8.413,0.9667,0,0,0,0
8.447,0.9668,0,0,0,0
8.482,0.9669,0,0,0,0
8.513,0.9669,0,0,0,0
8.546,0.9670,0,0,0,0
8.581,0.9670,0,0,0,0
8.615,0.9671,0,0,0,0
8.646,0.9671,0,0,0,0
8.681,0.9672,0,0,0,0
8.715,0.9672,0,0,0,0
8.746,0.9673,0,0,0,0
8.782,0.9673,0,0,0,0
8.815,0.9674,0,0,0,0
8.846,0.9674,0,0,0,0
8.883,0.9675,0,0,0,0
8.914,0.9675,0,0,0,0
8.948,0.9676,0,0,0,0
8.979,0.9676,0,0,0,0
9.016,0.9677,0,0,0,0
9.046,0.9677,0,0,0,0
9.081,0.9678,0,0,0,0
9.116,0.9678,0,0,0,0
9.149,0.9679,0,0,0,0
9.183,0.9679,0,0,0,0
9.212,0.9680,0,0,0,0
9.247,0.9680,0,0,0,0
9.280,0.9681,0,0,0,0
9.316,0.9681,0,0,0,0
9.346,0.9681,0,0,0,0
9.379,0.9682,0,0,0,0
9.413,0.9682,0,0,0,0
9.446,0.9683,0,0,0,0
9.479,0.9683,0,0,0,0
9.516,0.9684,0,0,0,0
9.549,0.9684,0,0,0,0
9.580,0.9685,0,0,0,0
9.617,0.9685,0,0,0,0
9.646,0.9685,0,0,0,0
9.680,0.9686,0,0,0,0
9.713,0.9686,0,0,0,0
9.746,0.9687,0,0,0,0
9.781,0.9687,0,0,0,0
9.812,0.9687,0,0,0,0
9.847,0.9688,0,0,0,0
9.882,0.9688,0,0,0,0
9.916,0.9688,0,0,0,0
9.947,0.9689,0,0,0,0
9.982,0.9689,0,0,0,0
10.014,0.9690,0,0,0,0
10.047,0.9690,0,0,0,0
10.080,0.9691,0,0,0,0
10.115,0.9691,0,0,0,0
10.148,0.9691,0,0,0,0
10.181,0.9692,0,0,0,0
10.216,0.9692,0,0,0,0
10.249,0.9692,0,0,0,0
10.281,0.9693,0,0,0,0
10.315,0.9693,0,0,0,0
10.350,0.9693,0,0,0,0
10.380,0.9694,0,0,0,0
10.416,0.9694,0,0,0,0
10.449,0.9695,0,0,0,0
10.482,0.9695,0,0,0,0
10.517,0.9695,0,0,0,0
10.546,0.9696,0,0,0,0
10.581,0.9696,0,0,0,0
10.616,0.9696,0,0,0,0
10.649,0.9697,0,0,0,0
10.679,0.9697,0,0,0,0
10.716,0.9697,0,0,0,0
10.749,0.9698,0,0,0,0
10.780,0.9698,0,0,0,0
10.814,0.9698,0,0,0,0
10.848,0.9699,0,0,0,0
10.882,0.9699,0,0,0,0
10.915,0.9699,0,0,0,0
10.949,0.9700,0,0,0,0
10.983,0.9700,0,0,0,0
11.015,0.9700,0,0,0,0
11.046,0.9701,0,0,0,0
11.081,0.9701,0,0,0,0
11.112,0.9701,0,0,0,0
11.150,0.9702,0,0,0,0
11.181,0.9702,0,0,0,0
11.215,0.9702,0,0,0,0
11.248,0.9703,0,0,0,0
11.282,0.9703,0,0,0,0
11.313,0.9703,0,0,0,0
11.347,0.9704,0,0,0,0
11.382,0.9704,0,0,0,0
11.413,0.9704,0,0,0,0
11.446,0.9705,0,0,0,0
11.479,0.9705,0,0,0,0
11.515,0.9705,0,0,0,0
11.547,0.9706,0,0,0,0
11.580,0.9706,0,0,0,0
11.611,0.9706,0,0,0,0
11.648,0.9707,0,0,0,0
11.681,0.9707,0,0,0,0
11.712,0.9707,0,0,0,0
11.749,0.9708,0,0,0,0
11.780,0.9708,0,0,0,0
11.815,0.9708,0,0,0,0
11.848,0.9709,0,0,0,0
11.882,0.9709,0,0,0,0
11.916,0.9709,0,0,0,0
11.946,0.9710,0,0,0,0
11.981,0.9710,0,0,0,0
12.013,0.9710,0,0,0,0
12.050,0.9711,0,0,0,0
12.080,0.9711,0,0,0,0
12.112,0.9711,0,0,0,0
12.146,0.9712,0,0,0,0
12.181,0.9712,0,0,0,0
12.213,0.9712,0,0,0,0
12.250,0.9712,0,0,0,0
12.281,0.9713,0,0,0,0
12.316,0.9713,0,0,0,0
12.349,0.9713,0,0,0,0
12.380,0.9714,0,0,0,0
12.412,0.9714,0,0,0,0
12.448,0.9714,0,0,0,0
12.482,0.9715,0,0,0,0
12.513,0.9715,0,0,0,0
12.549,0.9715,0,0,0,0
12.581,0.9715,0,0,0,0
12.615,0.9716,0,0,0,0
12.646,0.9716,0,0,0,0
12.682,0.9716,0,0,0,0
12.714,0.9717,0,0,0,0
12.745,0.9717,0,0,0,0
12.782,0.9717,0,0,0,0
12.813,0.9717,0,0,0,0
12.847,0.9718,0,0,0,0
12.880,0.9718,0,0,0,0
12.912,0.9718,0,0,0,0
12.949,0.9719,0,0,0,0
12.983,0.9719,0,0,0,0
13.015,0.9719,0,0,0,0
13.049,0.9719,0,0,0,0
13.081,0.9720,0,0,0,0
13.113,0.9720,0,0,0,0
13.149,0.9720,0,0,0,0
13.181,0.9720,0,0,0,0
13.213,0.9721,0,0,0,0
13.248,0.9721,0,0,0,0
13.279,0.9721,0,0,0,0
13.312,0.9721,0,0,0,0
13.349,0.9722,0,0,0,0
13.380,0.9722,0,0,0,0
13.413,0.9722,0,0,0,0
13.448,0.9722,0,0,0,0
13.479,0.9723,0,0,0,0
13.516,0.9723,0,0,0,0
13.548,0.9723,0,0,0,0
13.581,0.9723,0,0,0,0
13.616,0.9724,0,0,0,0
13.649,0.9724,0,0,0,0
13.680,0.9724,0,0,0,0
13.713,0.9724,0,0,0,0
13.746,0.9725,0,0,0,0
13.780,0.9725,0,0,0,0
13.814,0.9725,0,0,0,0
13.849,0.9725,0,0,0,0
13.879,0.9725,0,0,0,0
13.913,0.9726,0,0,0,0
13.947,0.9726,0,0,0,0
13.982,0.9726,0,0,0,0
14.016,0.9726,0,0,0,0
14.049,0.9726,0,0,0,0
14.079,0.9727,0,0,0,0
14.116,0.9727,0,0,0,0
14.146,0.9727,0,0,0,0
14.182,0.9727,0,0,0,0
14.215,0.9727,0,0,0,0
14.248,0.9728,0,0,0,0
14.279,0.9728,0,0,0,0
14.313,0.9728,0,0,0,0
14.347,0.9728,0,0,0,0
14.381,0.9728,0,0,0,0
14.415,0.9728,0,0,0,0
14.448,0.9729,0,0,0,0
14.482,0.9729,0,0,0,0
14.515,0.9729,0,0,0,0
14.544,0.9729,0,0,0,0
14.582,0.9729,0,0,0,0
14.613,0.9729,0,0,0,0
14.649,0.9730,0,0,0,0
14.679,0.9730,0,0,0,0
14.715,0.9730,0,0,0,0
14.747,0.9730,0,0,0,0
14.781,0.9730,0,0,0,0
14.815,0.9730,0,0,0,0
14.849,0.9731,0,0,0,0
14.883,0.9731,0,0,0,0
14.914,0.9731,0,0,0,0
14.946,0.9731,0,0,0,0
14.981,0.9731,0,0,0,0
15.015,0.9731,0,0,0,0
15.045,0.9731,0,0,0,0
15.081,0.9732,0,0,0,0
15.113,0.9732,0,0,0,0
15.149,0.9732,0,0,0,0
15.179,0.9732,0,0,0,0
15.214,0.9732,0,0,0,0
15.248,0.9732,0,0,0,0
15.271,0.9732,0,0,0,0
15.314,0.9732,0,0,0,0
15.350,0.9732,0,0,0,0
15.384,0.9733,0,0,0,0
15.414,0.9733,0,0,0,0
15.448,0.9733,0,0,0,0
15.483,0.9733,0,0,0,0
15.513,0.9733,0,0,0,0
15.547,0.9733,0,0,0,0
15.581,0.9733,0,0,0,0
15.612,0.9733,0,0,0,0
15.647,0.9733,0,0,0,0
15.682,0.9733,0,0,0,0
15.714,0.9733,0,0,0,0
15.746,0.9734,0,0,0,0
15.780,0.9734,0,0,0,0
15.814,0.9734,0,0,0,0
15.848,0.9734,0,0,0,0
15.881,0.9734,0,0,0,0
15.915,0.9734,0,0,0,0
15.949,0.9734,0,0,0,0
15.979,0.9734,0,0,0,0
16.014,0.9734,0,0,0,0
16.047,0.9734,0,0,0,0
16.083,0.9734,0,0,0,0
16.116,0.9734,0,0,0,0
16.150,0.9734,0,0,0,0
16.180,0.9735,0,0,0,0
16.215,0.9735,0,0,0,0
16.248,0.9735,0,0,0,0
16.280,0.9735,0,0,0,0
16.313,0.9735,0,0,0,0
16.346,0.9735,0,0,0,0
16.381,0.9735,0,0,0,0
16.414,0.9735,0,0,0,0
16.446,0.9735,0,0,0,0
16.479,0.9735,0,0,0,0
16.515,0.9735,0,0,0,0
16.548,0.9735,0,0,0,0
16.581,0.9735,0,0,0,0
16.612,0.9735,0,0,0,0
16.647,0.9735,0,0,0,0
16.682,0.9736,0,0,0,0
16.716,0.9736,0,0,0,0
16.746,0.9736,0,0,0,0
16.789,0.9736,0,0,0,0
16.806,0.9736,0,0,0,0
16.849,0.9736,0,0,0,0
16.878,0.9736,0,0,0,0
16.915,0.9736,0,0,0,0
16.947,0.9736,0,0,0,0
16.983,0.9736,0,0,0,0
17.015,0.9736,0,0,0,0
17.046,0.9736,0,0,0,0
17.081,0.9736,0,0,0,0
17.116,0.9736,0,0,0,0
17.146,0.9736,0,0,0,0
17.180,0.9736,0,0,0,0
17.214,0.9736,0,0,0,0
17.248,0.9736,0,0,0,0
17.280,0.9737,0,0,0,0
17.314,0.9737,0,0,0,0
17.346,0.9737,0,0,0,0
17.379,0.9737,0,0,0,0
17.417,0.9737,0,0,0,0
17.446,0.9737,0,0,0,0
17.479,0.9737,0,0,0,0
17.516,0.9737,0,0,0,0
17.550,0.9737,0,0,0,0
17.574,0.9737,0,0,0,0
17.614,0.9737,0,0,0,0
17.650,0.9737,0,0,0,0
17.680,0.9737,0,0,0,0
17.712,0.9737,0,0,0,0
17.746,0.9737,0,0,0,0
17.782,0.9737,0,0,0,0
17.813,0.9737,0,0,0,0
17.848,0.9738,0,0,0,0
17.881,0.9738,0,0,0,0
17.913,0.9738,0,0,0,0
17.946,0.9738,0,0,0,0
17.980,0.9738,0,0,0,0
18.014,0.9738,0,0,0,0
18.047,0.9738,0,0,0,0
18.080,0.9738,0,0,0,0
18.115,0.9738,0,0,0,0
18.147,0.9738,0,0,0,0
18.180,0.9738,0,0,0,0
18.216,0.9738,0,0,0,0
18.248,0.9738,0,0,0,0
18.282,0.9738,0,0,0,0
18.315,0.9739,0,0,0,0
18.350,0.9739,0,0,0,0
18.383,0.9739,0,0,0,0
18.414,0.9739,0,0,0,0
18.446,0.9739,0,0,0,0
18.481,0.9739,0,0,0,0
18.515,0.9739,0,0,0,0
18.548,0.9739,0,0,0,0
18.583,0.9739,0,0,0,0
18.614,0.9739,0,0,0,0
18.646,0.9739,0,0,0,0
18.680,0.9739,0,0,0,0
18.714,0.9740,0,0,0,0
18.749,0.9740,0,0,0,0
18.779,0.9740,0,0,0,0
18.813,0.9740,0,0,0,0
18.848,0.9740,0,0,0,0
18.882,0.9740,0,0,0,0
18.916,0.9740,0,0,0,0
18.949,0.9740,0,0,0,0
18.983,0.9740,0,0,0,0
19.012,0.9740,0,0,0,0
19.047,0.9741,0,0,0,0
19.082,0.9741,0,0,0,0
19.115,0.9741,0,0,0,0
19.146,0.9741,0,0,0,0
19.179,0.9741,0,0,0,0
19.214,0.9741,0,0,0,0
19.246,0.9741,0,0,0,0
19.281,0.9741,0,0,0,0
19.316,0.9741,0,0,0,0
19.348,0.9742,0,0,0,0
19.381,0.9742,0,0,0,0
19.416,0.9742,0,0,0,0
19.449,0.9742,0,0,0,0
19.480,0.9742,0,0,0,0
19.512,0.9742,0,0,0,0
19.546,0.9742,0,0,0,0
19.580,0.9743,0,0,0,0
19.615,0.9743,0,0,0,0
19.647,0.9743,0,0,0,0
19.680,0.9743,0,0,0,0
19.714,0.9743,0,0,0,0
19.748,0.9743,0,0,0,0
19.782,0.9743,0,0,0,0
19.812,0.9744,0,0,0,0
19.848,0.9744,0,0,0,0
19.882,0.9744,0,0,0,0
19.913,0.9744,0,0,0,0
19.946,0.9744,0,0,0,0
19.982,0.9744,0,0,0,0
20.012,0.9745,0,0,0,0
20.049,0.9745,0,0,0,0
20.079,0.9745,0,0,0,0
20.116,0.9745,0,0,0,0
20.150,0.9745,0,0,0,0
20.181,0.9746,0,0,0,0
20.215,0.9746,0,0,0,0
20.248,0.9746,0,0,0,0
20.282,0.9746,0,0,0,0
20.316,0.9746,0,0,0,0
20.349,0.9746,0,0,0,0
20.371,0.9746,0,0,0,0
20.413,0.9747,0,0,0,0
20.448,0.9747,0,0,0,0
20.483,0.9747,0,0,0,0
20.513,0.9747,0,0,0,0
20.547,0.9747,0,0,0,0
20.583,0.9748,0,0,0,0
20.617,0.9748,0,0,0,0
20.646,0.9748,0,0,0,0
20.682,0.9748,0,0,0,0
20.716,0.9748,0,0,0,0
20.750,0.9749,0,0,0,0
20.780,0.9749,0,0,0,0
20.814,0.9749,0,0,0,0
20.847,0.9749,0,0,0,0
20.881,0.9749,0,0,0,0
20.913,0.9750,0,0,0,0
20.947,0.9750,0,0,0,0
20.982,0.9750,0,0,0,0
21.013,0.9750,0,0,0,0
21.046,0.9750,0,0,0,0
21.082,0.9751,0,0,0,0
21.114,0.9751,0,0,0,0
21.147,0.9751,0,0,0,0
21.182,0.9751,0,0,0,0
21.212,0.9751,0,0,0,0
21.249,0.9752,0,0,0,0
21.279,0.9752,0,0,0,0
21.314,0.9752,0,0,0,0
21.346,0.9752,0,0,0,0
21.380,0.9753,0,0,0,0
21.413,0.9753,0,0,0,0
21.446,0.9753,0,0,0,0
21.478,0.9753,0,0,0,0
21.514,0.9754,0,0,0,0
21.549,0.9754,0,0,0,0
21.583,0.9754,0,0,0,0
21.616,0.9754,0,0,0,0
21.647,0.9755,0,0,0,0
21.679,0.9755,0,0,0,0
21.716,0.9755,0,0,0,0
21.748,0.9755,0,0,0,0
21.781,0.9756,0,0,0,0
21.816,0.9756,0,0,0,0
21.848,0.9756,0,0,0,0
21.882,0.9756,0,0,0,0
21.916,0.9757,0,0,0,0
21.949,0.9757,0,0,0,0
21.981,0.9757,0,0,0,0
22.014,0.9757,0,0,0,0
22.046,0.9758,0,0,0,0
22.080,0.9758,0,0,0,0
22.116,0.9758,0,0,0,0
22.148,0.9759,0,0,0,0
22.181,0.9759,0,0,0,0
22.218,0.9759,0,0,0,0
22.252,0.9759,0,0,0,0
22.280,0.9760,0,0,0,0
22.314,0.9760,0,0,0,0
22.350,0.9760,0,0,0,0
22.381,0.9761,0,0,0,0
22.416,0.9761,0,0,0,0
22.449,0.9761,0,0,0,0
22.483,0.9762,0,0,0,0
22.513,0.9762,0,0,0,0
22.549,0.9762,0,0,0,0
22.581,0.9763,0,0,0,0
22.616,0.9763,0,0,0,0
22.646,0.9763,0,0,0,0
22.680,0.9763,0,0,0,0
22.713,0.9764,0,0,0,0
22.749,0.9764,0,0,0,0
22.780,0.9764,0,0,0,0
22.815,0.9765,0,0,0,0
22.848,0.9765,0,0,0,0
22.880,0.9765,0,0,0,0
22.915,0.9766,0,0,0,0
22.946,0.9766,0,0,0,0
22.981,0.9766,0,0,0,0
23.014,0.9766,0,0,0,0
23.046,0.9767,0,0,0,0
23.081,0.9767,0,0,0,0
23.114,0.9767,0,0,0,0
23.147,0.9768,0,0,0,0
23.180,0.9768,0,0,0,0
23.216,0.9768,0,0,0,0
23.249,0.9769,0,0,0,0
23.283,0.9769,0,0,0,0
23.314,0.9769,0,0,0,0
23.346,0.9770,0,0,0,0
23.381,0.9770,0,0,0,0
23.412,0.9770,0,0,0,0
23.450,0.9771,0,0,0,0
23.480,0.9771,0,0,0,0
23.516,0.9772,0,0,0,0
23.547,0.9772,0,0,0,0
23.580,0.9772,0,0,0,0
23.614,0.9773,0,0,0,0
23.644,0.9773,0,0,0,0
23.683,0.9773,0,0,0,0
23.714,0.9774,0,0,0,0
23.748,0.9774,0,0,0,0
23.782,0.9774,0,0,0,0
23.816,0.9775,0,0,0,0
23.849,0.9775,0,0,0,0
23.882,0.9776,0,0,0,0
23.916,0.9776,0,0,0,0
23.949,0.9776,0,0,0,0
23.980,0.9777,0,0,0,0
24.013,0.9777,0,0,0,0
24.050,0.9777,0,0,0,0
24.079,0.9777,0,0,0,0
24.114,0.9778,0,0,0,0
24.148,0.9778,0,0,0,0
24.183,0.9779,0,0,0,0
24.213,0.9779,0,0,0,0
24.246,0.9779,0,0,0,0
24.280,0.9780,0,0,0,0
24.314,0.9780,0,0,0,0
24.344,0.9780,0,0,0,0
24.383,0.9781,0,0,0,0
24.413,0.9781,0,0,0,0
24.447,0.9781,0,0,0,0
24.482,0.9782,0,0,0,0
24.516,0.9782,0,0,0,0
24.549,0.9782,0,0,0,0
24.580,0.9783,0,0,0,0
24.614,0.9783,0,0,0,0
24.649,0.9784,0,0,0,0
24.679,0.9784,0,0,0,0
24.716,0.9784,0,0,0,0
24.747,0.9785,0,0,0,0
24.782,0.9785,0,0,0,0
24.814,0.9785,0,0,0,0
24.849,0.9786,0,0,0,0
24.880,0.9786,0,0,0,0
24.913,0.9786,0,0,0,0
24.949,0.9787,0,0,0,0
24.980,0.9787,0,0,0,0
25.015,0.9788,0,0,0,0
25.049,0.9788,0,0,0,0
25.080,0.9788,0,0,0,0
25.113,0.9789,0,0,0,0
25.147,0.9789,0,0,0,0
25.182,0.9790,0,0,0,0
25.216,0.9790,0,0,0,0
25.249,0.9790,0,0,0,0
25.282,0.9791,0,0,0,0
25.313,0.9791,0,0,0,0
25.346,0.9791,0,0,0,0
25.383,0.9792,0,0,0,0
25.414,0.9792,0,0,0,0
25.446,0.9793,0,0,0,0
25.481,0.9793,0,0,0,0
25.515,0.9793,0,0,0,0
25.546,0.9794,0,0,0,0
25.582,0.9794,0,0,0,0
25.613,0.9795,0,0,0,0
25.646,0.9795,0,0,0,0
25.682,0.9795,0,0,0,0
25.713,0.9796,0,0,0,0
25.746,0.9796,0,0,0,0
25.780,0.9797,0,0,0,0
25.813,0.9797,0,0,0,0
25.849,0.9797,0,0,0,0
25.881,0.9798,0,0,0,0
25.914,0.9798,0,0,0,0
25.948,0.9799,0,0,0,0
25.980,0.9799,0,0,0,0
26.016,0.9799,0,0,0,0
26.047,0.9800,0,0,0,0
26.080,0.9800,0,0,0,0
26.115,0.9801,0,0,0,0
26.149,0.9801,0,0,0,0
26.180,0.9801,0,0,0,0
26.216,0.9802,0,0,0,0
26.248,0.9802,0,0,0,0
26.281,0.9803,0,0,0,0
26.313,0.9803,0,0,0,0
26.348,0.9804,0,0,0,0
26.381,0.9804,0,0,0,0
26.417,0.9804,0,0,0,0
26.448,0.9805,0,0,0,0
26.482,0.9805,0,0,0,0
26.514,0.9805,0,0,0,0
26.550,0.9806,0,0,0,0
26.580,0.9806,0,0,0,0
26.613,0.9807,0,0,0,0
26.648,0.9807,0,0,0,0
26.679,0.9807,0,0,0,0
26.716,0.9808,0,0,0,0
26.750,0.9808,0,0,0,0
26.780,0.9809,0,0,0,0
26.812,0.9809,0,0,0,0
26.847,0.9810,0,0,0,0
26.882,0.9810,0,0,0,0
26.914,0.9810,0,0,0,0
26.947,0.9811,0,0,0,0
26.982,0.9811,0,0,0,0
27.013,0.9812,0,0,0,0
27.050,0.9812,0,0,0,0
27.080,0.9812,0,0,0,0
27.116,0.9813,0,0,0,0
27.147,0.9813,0,0,0,0
27.180,0.9813,0,0,0,0
27.213,0.9814,0,0,0,0
27.248,0.9814,0,0,0,0
27.283,0.9815,0,0,0,0
27.313,0.9815,0,0,0,0
27.346,0.9816,0,0,0,0
27.381,0.9816,0,0,0,0
27.416,0.9816,0,0,0,0
27.447,0.9817,0,0,0,0
27.481,0.9817,0,0,0,0
27.515,0.9818,0,0,0,0
27.546,0.9818,0,0,0,0
27.579,0.9818,0,0,0,0
27.616,0.9819,0,0,0,0
27.647,0.9819,0,0,0,0
27.681,0.9820,0,0,0,0
27.712,0.9820,0,0,0,0
27.748,0.9821,0,0,0,0
27.783,0.9821,0,0,0,0
27.815,0.9821,0,0,0,0
27.848,0.9822,0,0,0,0
27.882,0.9822,0,0,0,0
27.914,0.9823,0,0,0,0
27.949,0.9823,0,0,0,0
27.982,0.9824,0,0,0,0
28.015,0.9824,0,0,0,0
28.050,0.9824,0,0,0,0
28.081,0.9825,0,0,0,0
28.114,0.9825,0,0,0,0
28.148,0.9826,0,0,0,0
28.181,0.9826,0,0,0,0
28.215,0.9826,0,0,0,0
28.246,0.9827,0,0,0,0
28.282,0.9827,0,0,0,0
28.313,0.9828,0,0,0,0
28.351,0.9828,0,0,0,0
28.381,0.9829,0,0,0,0
28.415,0.9829,0,0,0,0
28.451,0.9829,0,0,0,0
28.480,0.9830,0,0,0,0
28.514,0.9830,0,0,0,0
28.549,0.9831,0,0,0,0
28.582,0.9831,0,0,0,0
28.612,0.9831,0,0,0,0
28.649,0.9832,0,0,0,0
28.681,0.9832,0,0,0,0
28.714,0.9833,0,0,0,0
28.747,0.9833,0,0,0,0
28.780,0.9834,0,0,0,0
28.815,0.9834,0,0,0,0
28.848,0.9834,0,0,0,0
28.882,0.9835,0,0,0,0
28.914,0.9835,0,0,0,0
28.947,0.9836,0,0,0,0
28.982,0.9836,0,0,0,0
29.013,0.9837,0,0,0,0
29.046,0.9837,0,0,0,0
29.082,0.9838,0,0,0,0
29.116,0.9838,0,0,0,0
29.146,0.9838,0,0,0,0
29.180,0.9839,0,0,0,0
29.216,0.9839,0,0,0,0
29.249,0.9840,0,0,0,0
29.281,0.9840,0,0,0,0
29.314,0.9840,0,0,0,0
29.346,0.9841,0,0,0,0
29.370,0.9841,0,0,0,0
29.414,0.9842,0,0,0,0
29.448,0.9842,0,0,0,0
29.482,0.9843,0,0,0,0
29.513,0.9843,0,0,0,0
29.546,0.9843,0,0,0,0
29.580,0.9844,0,0,0,0
29.615,0.9844,0,0,0,0
29.648,0.9845,0,0,0,0
29.679,0.9845,0,0,0,0
29.714,0.9845,0,0,0,0
29.749,0.9846,0,0,0,0
29.780,0.9846,0,0,0,0
29.812,0.9847,0,0,0,0
29.847,0.9847,0,0,0,0
29.882,0.9848,0,0,0,0
29.916,0.9848,0,0,0,0
29.947,0.9848,0,0,0,0
29.980,0.9849,0,0,0,0
30.014,0.9849,0,0,0,0
30.050,0.9850,0,0,0,0
30.078,0.9850,0,0,0,0
30.115,0.9850,0,0,0,0
30.149,0.9851,0,0,0,0
30.183,0.9852,0,0,0,0
30.214,0.9852,0,0,0,0
30.246,0.9852,0,0,0,0
30.280,0.9853,0,0,0,0
30.316,0.9853,0,0,0,0
30.349,0.9854,0,0,0,0
30.380,0.9854,0,0,0,0
30.416,0.9854,0,0,0,0
30.449,0.9855,0,0,0,0
30.480,0.9855,0,0,0,0
30.513,0.9856,0,0,0,0
30.548,0.9856,0,0,0,0
30.579,0.9856,0,0,0,0
30.613,0.9857,0,0,0,0
30.647,0.9857,0,0,0,0
30.681,0.9858,0,0,0,0
30.716,0.9858,0,0,0,0
30.746,0.9859,0,0,0,0
30.780,0.9859,0,0,0,0
30.818,0.9859,0,0,0,0
30.848,0.9860,0,0,0,0
30.880,0.9860,0,0,0,0
30.915,0.9861,0,0,0,0
30.950,0.9861,0,0,0,0
30.983,0.9862,0,0,0,0
31.016,0.9862,0,0,0,0
31.049,0.9863,0,0,0,0
31.081,0.9863,0,0,0,0
31.115,0.9863,0,0,0,0
31.146,0.9864,0,0,0,0
31.180,0.9864,0,0,0,0
31.216,0.9865,0,0,0,0
31.246,0.9865,0,0,0,0
31.282,0.9866,0,0,0,0
31.314,0.9866,0,0,0,0
31.349,0.9866,0,0,0,0
31.383,0.9867,0,0,0,0
31.413,0.9867,0,0,0,0
31.447,0.9868,0,0,0,0
31.483,0.9868,0,0,0,0
31.514,0.9869,0,0,0,0
31.547,0.9869,0,0,0,0
31.581,0.9870,0,0,0,0
31.613,0.9870,0,0,0,0
31.648,0.9870,0,0,0,0
31.682,0.9871,0,0,0,0
31.715,0.9871,0,0,0,0
31.746,0.9872,0,0,0,0
31.781,0.9872,0,0,0,0
31.816,0.9872,0,0,0,0
31.848,0.9873,0,0,0,0
31.881,0.9873,0,0,0,0
31.915,0.9874,0,0,0,0
31.948,0.9874,0,0,0,0
31.982,0.9875,0,0,0,0
32.016,0.9875,0,0,0,0
32.049,0.9876,0,0,0,0
32.081,0.9876,0,0,0,0
32.118,0.9876,0,0,0,0
32.147,0.9877,0,0,0,0
32.179,0.9877,0,0,0,0
32.216,0.9878,0,0,0,0
32.246,0.9878,0,0,0,0
32.281,0.9879,0,0,0,0
32.318,0.9879,0,0,0,0
32.348,0.9879,0,0,0,0
32.385,0.9880,0,0,0,0
32.416,0.9880,0,0,0,0
32.448,0.9881,0,0,0,0
32.481,0.9881,0,0,0,0
32.514,0.9882,0,0,0,0
32.547,0.9882,0,0,0,0
32.582,0.9883,0,0,0,0
32.614,0.9883,0,0,0,0
32.649,0.9884,0,0,0,0
32.681,0.9884,0,0,0,0
32.715,0.9884,0,0,0,0
32.747,0.9885,0,0,0,0
32.781,0.9885,0,0,0,0
32.815,0.9886,0,0,0,0
32.848,0.9886,0,0,0,0
32.879,0.9886,0,0,0,0
32.916,0.9887,0,0,0,0
32.947,0.9887,0,0,0,0
32.980,0.9888,0,0,0,0
33.013,0.9888,0,0,0,0
33.048,0.9889,0,0,0,0
33.082,0.9889,0,0,0,0
33.112,0.9890,0,0,0,0
33.148,0.9890,0,0,0,0
33.179,0.9890,0,0,0,0
33.216,0.9891,0,0,0,0
33.247,0.9891,0,0,0,0
33.282,0.9892,0,0,0,0
33.312,0.9892,0,0,0,0
33.349,0.9893,0,0,0,0
33.380,0.9893,0,0,0,0
33.416,0.9893,0,0,0,0
33.446,0.9894,0,0,0,0
33.482,0.9894,0,0,0,0
33.513,0.9895,0,0,0,0
33.546,0.9895,0,0,0,0
33.580,0.9895,0,0,0,0
33.617,0.9896,0,0,0,0
33.647,0.9897,0,0,0,0
33.684,0.9897,0,0,0,0
33.714,0.9897,0,0,0,0
33.747,0.9898,0,0,0,0
33.780,0.9898,0,0,0,0
33.816,0.9899,0,0,0,0
33.847,0.9899,0,0,0,0
33.881,0.9900,0,0,0,0
33.914,0.9900,0,0,0,0
33.947,0.9900,0,0,0,0
33.981,0.9901,0,0,0,0
34.013,0.9901,0,0,0,0
34.049,0.9902,0,0,0,0
34.083,0.9902,0,0,0,0
34.114,0.9903,0,0,0,0
34.149,0.9903,0,0,0,0
34.180,0.9904,0,0,0,0
34.213,0.9904,0,0,0,0
34.247,0.9904,0,0,0,0
34.282,0.9905,0,0,0,0
34.313,0.9905,0,0,0,0
34.347,0.9906,0,0,0,0
34.382,0.9906,0,0,0,0
34.413,0.9907,0,0,0,0
34.446,0.9907,0,0,0,0
34.480,0.9907,0,0,0,0
34.513,0.9908,0,0,0,0
34.547,0.9908,0,0,0,0
34.581,0.9909,0,0,0,0
34.616,0.9909,0,0,0,0
34.649,0.9910,0,0,0,0
34.679,0.9910,0,0,0,0
34.713,0.9911,0,0,0,0
34.749,0.9911,0,0,0,0
34.779,0.9911,0,0,0,0
34.812,0.9912,0,0,0,0
34.847,0.9912,0,0,0,0
34.882,0.9913,0,0,0,0
34.916,0.9913,0,0,0,0
34.949,0.9914,0,0,0,0
34.979,0.9914,0,0,0,0
35.015,0.9915,0,0,0,0
35.047,0.9915,0,0,0,0
35.079,0.9915,0,0,0,0
35.116,0.9916,0,0,0,0
35.146,0.9917,0,0,0,0
35.180,0.9917,0,0,0,0
35.216,0.9917,0,0,0,0
35.246,0.9918,0,0,0,0
35.280,0.9918,0,0,0,0
35.315,0.9919,0,0,0,0
35.346,0.9919,0,0,0,0
35.381,0.9920,0,0,0,0
35.416,0.9920,0,0,0,0
35.449,0.9921,0,0,0,0
35.479,0.9921,0,0,0,0
35.512,0.9921,0,0,0,0
35.548,0.9922,0,0,0,0
35.583,0.9923,0,0,0,0
35.613,0.9923,0,0,0,0
35.649,0.9923,0,0,0,0
35.683,0.9924,0,0,0,0
35.706,0.9924,0,0,0,0
35.746,0.9925,0,0,0,0
35.779,0.9925,0,0,0,0
35.816,0.9926,0,0,0,0
35.847,0.9926,0,0,0,0
35.883,0.9927,0,0,0,0
35.914,0.9927,0,0,0,0
35.946,0.9927,0,0,0,0
35.983,0.9928,0,0,0,0
36.013,0.9928,0,0,0,0
36.050,0.9929,0,0,0,0
36.080,0.9929,0,0,0,0
36.114,0.9930,0,0,0,0
36.148,0.9930,0,0,0,0
36.180,0.9931,0,0,0,0
36.216,0.9931,0,0,0,0
36.246,0.9932,0,0,0,0
36.281,0.9932,0,0,0,0
36.316,0.9933,0,0,0,0
36.349,0.9933,0,0,0,0
36.380,0.9933,0,0,0,0
36.415,0.9934,0,0,0,0
36.448,0.9934,0,0,0,0
36.481,0.9935,0,0,0,0
36.516,0.9935,0,0,0,0
36.548,0.9936,0,0,0,0
36.583,0.9936,0,0,0,0
36.613,0.9937,0,0,0,0
36.647,0.9937,0,0,0,0
36.681,0.9938,0,0,0,0
36.715,0.9938,0,0,0,0
36.748,0.9939,0,0,0,0
36.781,0.9939,0,0,0,0
36.813,0.9940,0,0,0,0
36.849,0.9940,0,0,0,0
36.879,0.9940,0,0,0,0
36.916,0.9941,0,0,0,0
36.946,0.9942,0,0,0,0
36.980,0.9942,0,0,0,0
37.013,0.9943,0,0,0,0
37.049,0.9943,0,0,0,0
37.082,0.9944,0,0,0,0
37.114,0.9944,0,0,0,0
37.148,0.9945,0,0,0,0
37.183,0.9945,0,0,0,0
37.213,0.9945,0,0,0,0
37.248,0.9946,0,0,0,0
37.282,0.9947,0,0,0,0
37.313,0.9947,0,0,0,0
37.346,0.9947,0,0,0,0
37.380,0.9948,0,0,0,0
37.414,0.9948,0,0,0,0
37.449,0.9949,0,0,0,0
37.479,0.9949,0,0,0,0
37.516,0.9950,0,0,0,0
37.546,0.9950,0,0,0,0
37.580,0.9951,0,0,0,0
37.615,0.9951,0,0,0,0
37.649,0.9952,0,0,0,0
37.682,0.9953,0,0,0,0
37.713,0.9953,0,0,0,0
37.748,0.9953,0,0,0,0
37.783,0.9954,0,0,0,0
37.816,0.9954,0,0,0,0
37.846,0.9955,0,0,0,0
37.882,0.9956,0,0,0,0
37.913,0.9956,0,0,0,0
37.946,0.9956,0,0,0,0
37.981,0.9957,0,0,0,0
38.013,0.9957,0,0,0,0
38.046,0.9958,0,0,0,0
38.082,0.9959,0,0,0,0
38.114,0.9959,0,0,0,0
38.146,0.9960,0,0,0,0
38.182,0.9960,0,0,0,0
38.215,0.9960,0,0,0,0
38.247,0.9961,0,0,0,0
38.279,0.9961,0,0,0,0
38.314,0.9962,0,0,0,0
38.349,0.9963,0,0,0,0
38.382,0.9963,0,0,0,0
38.412,0.9964,0,0,0,0
38.448,0.9964,0,0,0,0
38.482,0.9965,0,0,0,0
38.513,0.9965,0,0,0,0
38.549,0.9966,0,0,0,0
38.583,0.9967,0,0,0,0
38.612,0.9967,0,0,0,0
38.646,0.9968,0,0,0,0
38.679,0.9968,0,0,0,0
38.716,0.9969,0,0,0,0
38.747,0.9969,0,0,0,0
38.781,0.9970,0,0,0,0
38.815,0.9970,0,0,0,0
38.848,0.9971,0,0,0,0
38.882,0.9971,0,0,0,0
38.913,0.9972,0,0,0,0
38.948,0.9972,0,0,0,0
38.982,0.9973,0,0,0,0
39.013,0.9973,0,0,0,0
39.049,0.9974,0,0,0,0
39.082,0.9975,0,0,0,0
39.114,0.9975,0,0,0,0
39.147,0.9976,0,0,0,0
39.183,0.9976,0,0,0,0
39.214,0.9977,0,0,0,0
39.246,0.9977,0,0,0,0
39.282,0.9978,0,0,0,0
39.313,0.9978,0,0,0,0
39.347,0.9979,0,0,0,0
39.382,0.9980,0,0,0,0
39.416,0.9980,0,0,0,0
39.449,0.9981,0,0,0,0
39.481,0.9981,0,0,0,0
39.514,0.9982,0,0,0,0
39.547,0.9982,0,0,0,0
39.580,0.9983,0,0,0,0
39.615,0.9983,0,0,0,0
39.649,0.9984,0,0,0,0
39.680,0.9984,0,0,0,0
39.715,0.9985,0,0,0,0
39.749,0.9986,0,0,0,0
39.780,0.9986,0,0,0,0
39.816,0.9987,0,0,0,0
39.850,0.9988,0,0,0,0
39.875,0.9988,0,0,0,0
39.915,0.9989,0,0,0,0
39.948,0.9989,0,0,0,0
39.982,0.9990,0,0,0,0
40.015,0.9990,0,0,0,0
40.050,0.9991,0,0,0,0
40.080,0.9992,0,0,0,0
40.115,0.9992,0,0,0,0
40.146,0.9993,0,0,0,0
40.179,0.9993,0,0,0,0
40.213,0.9994,0,0,0,0
40.247,0.9995,0,0,0,0
40.282,0.9996,0,0,0,0
40.313,0.9996,0,0,0,0
40.348,0.9997,0,0,0,0
40.379,0.9997,0,0,0,0
40.414,0.9998,0,0,0,0
40.450,0.9999,0,0,0,0
40.482,0.9999,0,0,0,0
40.514,1.0000,0,0,0,0
40.550,1.0000,0,0,0,0
40.581,1.0000,0,0,0,0
40.615,1.0000,0,0,0,0
40.650,1.0000,0,0,0,0
40.681,1.0000,0,0,0,0
40.716,1.0000,0,0,0,0
40.746,1.0000,0,0,0,0
40.781,1.0000,0,0,0,0
40.814,1.0000,0,0,0,0
40.849,1.0000,0,0,0,0
40.882,1.0000,0,0,0,0
40.912,1.0000,0,0,0,0
40.946,1.0000,0,0,0,0
40.981,1.0000,0,0,0,0
41.016,1.0000,0,0,0,0
41.049,1.0000,0,0,0,0
41.079,1.0000,0,0,0,0
41.116,1.0000,0,0,0,0
41.146,1.0000,0,0,0,0
41.183,1.0000,0,0,0,0
41.216,1.0000,0,0,0,0
41.247,1.0000,0,0,0,0
41.283,1.0000,0,0,0,0
41.316,1.0000,0,0,0,0
41.347,1.0000,0,0,0,0
41.382,1.0000,0,0,0,0
41.413,1.0000,0,0,0,0
41.446,1.0000,0,0,0,0
41.480,1.0000,0,0,0,0
41.513,1.0000,0,0,0,0
41.546,1.0000,0,0,0,0
41.578,1.0000,0,0,0,0
41.612,1.0000,0,0,0,0
41.646,1.0000,0,0,0,0
41.679,1.0000,0,0,0,0
41.715,1.0000,0,0,0,0
41.748,1.0000,0,0,0,0
41.781,1.0000,0,0,0,0
41.816,1.0000,0,0,0,0
41.847,1.0000,0,0,0,0
41.883,1.0000,0,0,0,0
41.912,1.0000,0,0,0,0
41.947,1.0000,0,0,0,0
41.982,1.0000,0,0,0,0
42.011,1.0000,0,0,0,0
42.047,1.0000,0,0,0,0
42.086,1.0000,0,0,0,0
42.115,1.0000,0,0,0,0
42.148,1.0000,0,0,0,0
42.181,1.0000,0,0,0,0
42.214,1.0000,0,0,0,0
42.246,1.0000,0,0,0,0
42.278,1.0000,0,0,0,0
42.313,1.0000,0,0,0,0
42.347,1.0000,0,0,0,0
42.380,1.0000,0,0,0,0
42.416,1.0000,0,0,0,0
42.448,1.0000,0,0,0,0
42.480,1.0000,0,0,0,0
42.514,1.0000,0,0,0,0
42.550,1.0000,0,0,0,0
42.583,1.0000,0,0,0,0
42.614,1.0000,0,0,0,0
42.646,1.0000,0,0,0,0
42.683,1.0000,0,0,0,0
42.716,1.0000,0,0,0,0
42.749,1.0000,0,0,0,0
42.782,1.0000,0,0,0,0
42.814,1.0000,0,0,0,0
42.848,1.0000,0,0,0,0
42.882,1.0000,0,0,0,0
42.913,1.0000,0,0,0,0
42.948,1.0000,0,0,0,0
42.982,1.0000,0,0,0,0
43.012,1.0000,0,0,0,0
43.047,1.0000,0,0,0,0
43.081,1.0000,0,0,0,0
43.116,1.0000,0,0,0,0
43.148,1.0000,0,0,0,0
43.182,1.0000,0,0,0,0
43.215,1.0000,0,0,0,0
43.248,1.0000,0,0,0,0
43.283,1.0000,0,0,0,0
43.313,1.0000,0,0,0,0
43.347,1.0000,0,0,0,0
43.380,1.0000,0,0,0,0
43.412,1.0000,0,0,0,0
43.448,1.0000,0,0,0,0
43.483,1.0000,0,0,0,0
43.516,1.0000,0,0,0,0
43.547,1.0000,0,0,0,0
43.579,1.0000,0,0,0,0
43.615,1.0000,0,0,0,0
43.649,1.0000,0,0,0,0
43.680,1.0000,0,0,0,0
43.714,1.0000,0,0,0,0
43.746,1.0000,0,0,0,0
43.783,1.0000,0,0,0,0
43.813,1.0000,0,0,0,0
43.847,1.0000,0,0,0,0
43.880,1.0000,0,0,0,0
43.915,1.0000,0,0,0,0
43.946,1.0000,0,0,0,0
43.981,1.0000,0,0,0,0
44.016,1.0000,0,0,0,0
44.046,1.0000,0,0,0,0
44.080,1.0000,0,0,0,0
44.112,1.0000,0,0,0,0
44.148,1.0000,0,0,0,0
44.183,1.0000,0,0,0,0
44.213,1.0000,0,0,0,0
44.246,1.0000,0,0,0,0
44.281,1.0000,0,0,0,0
44.316,1.0000,0,0,0,0
44.349,1.0000,0,0,0,0
44.380,1.0000,0,0,0,0
44.416,1.0000,0,0,0,0
44.448,1.0000,0,0,0,0
44.483,1.0000,0,0,0,0
44.515,1.0000,0,0,0,0
44.547,1.0000,0,0,0,0
44.582,1.0000,0,0,0,0
44.614,1.0000,0,0,0,0
44.649,1.0000,0,0,0,0
44.682,1.0000,0,0,0,0
44.715,1.0000,0,0,0,0
44.747,1.0000,0,0,0,0
44.783,1.0000,0,0,0,0
44.813,1.0000,0,0,0,0
44.846,1.0000,0,0,0,0
44.880,1.0000,0,0,0,0
44.917,1.0000,0,0,0,0
44.948,1.0000,0,0,0,0
44.980,1.0000,0,0,0,0
45.016,1.0000,0,0,0,0
45.051,1.0000,0,0,0,0
45.083,1.0000,0,0,0,0
45.113,1.0000,0,0,0,0
45.147,1.0000,0,0,0,0
45.180,1.0000,0,0,0,0
45.215,1.0000,0,0,0,0
45.247,1.0000,0,0,0,0
45.281,1.0000,0,0,0,0
45.312,1.0000,0,0,0,0
45.345,1.0000,0,0,0,0
45.382,1.0000,0,0,0,0
45.414,1.0000,0,0,0,0
45.446,1.0000,0,0,0,0
45.473,1.0000,0,0,0,0
45.513,1.0000,0,0,0,0
45.547,1.0000,0,0,0,0
45.581,1.0000,0,0,0,0
45.616,1.0000,0,0,0,0
45.649,1.0000,0,0,0,0
45.682,1.0000,0,0,0,0
45.713,1.0000,0,0,0,0
45.746,1.0000,0,0,0,0
45.780,1.0000,0,0,0,0
45.816,1.0000,0,0,0,0
45.846,1.0000,0,0,0,0
45.880,1.0000,0,0,0,0
45.913,1.0000,0,0,0,0
45.948,1.0000,0,0,0,0
45.979,1.0000,0,0,0,0
46.013,1.0000,0,0,0,0
46.047,1.0000,0,0,0,0
46.083,1.0000,0,0,0,0
46.116,1.0000,0,0,0,0
46.146,1.0000,0,0,0,0
46.180,1.0000,0,0,0,0
46.218,1.0000,0,0,0,0
46.239,1.0000,0,0,0,0
46.280,1.0000,0,0,0,0
46.313,1.0000,0,0,0,0
46.348,1.0000,0,0,0,0
46.380,1.0000,0,0,0,0
46.413,1.0000,0,0,0,0
46.446,1.0000,0,0,0,0
46.479,1.0000,0,0,0,0
46.514,1.0000,0,0,0,0
46.545,1.0000,0,0,0,0
46.582,1.0000,0,0,0,0
46.615,1.0000,0,0,0,0
46.649,1.0000,0,0,0,0
46.682,1.0000,0,0,0,0
46.716,1.0000,0,0,0,0
46.746,1.0000,0,0,0,0
46.779,1.0000,0,0,0,0
46.812,1.0000,0,0,0,0
46.850,1.0000,0,0,0,0
46.879,1.0000,0,0,0,0
46.915,1.0000,0,0,0,0
46.949,1.0000,0,0,0,0
46.971,1.0000,0,0,0,0
47.016,1.0000,0,0,0,0
47.049,1.0000,0,0,0,0
47.083,1.0000,0,0,0,0
47.113,1.0000,0,0,0,0
47.148,1.0000,0,0,0,0
47.183,1.0000,0,0,0,0
47.214,1.0000,0,0,0,0
47.246,1.0000,0,0,0,0
47.282,1.0000,0,0,0,0
47.313,1.0000,0,0,0,0
47.346,1.0000,0,0,0,0
47.382,1.0000,0,0,0,0
47.413,1.0000,0,0,0,0
47.450,1.0000,0,0,0,0
47.480,1.0000,0,0,0,0
47.516,1.0000,0,0,0,0
47.548,1.0000,0,0,0,0
47.581,1.0000,0,0,0,0
47.615,1.0000,0,0,0,0
47.648,1.0000,0,0,0,0
47.683,1.0000,0,0,0,0
47.716,1.0000,0,0,0,0
47.749,1.0000,0,0,0,0
47.780,1.0000,0,0,0,0
47.814,1.0000,0,0,0,0
47.847,1.0000,0,0,0,0
47.879,1.0000,0,0,0,0
47.915,1.0000,0,0,0,0
47.947,1.0000,0,0,0,0
47.981,1.0000,0,0,0,0
48.016,1.0000,0,0,0,0
48.049,1.0000,0,0,0,0
48.081,1.0000,0,0,0,0
48.115,1.0000,0,0,0,0
48.146,1.0000,0,0,0,0
48.180,1.0000,0,0,0,0
48.216,1.0000,0,0,0,0
48.246,1.0000,0,0,0,0
48.280,1.0000,0,0,0,0
48.314,1.0000,0,0,0,0
48.349,1.0000,0,0,0,0
48.381,1.0000,0,0,0,0
48.412,1.0000,0,0,0,0
48.446,1.0000,0,0,0,0
48.479,1.0000,0,0,0,0
48.515,1.0000,0,0,0,0
48.547,1.0000,0,0,0,0
48.583,1.0000,0,0,0,0
48.613,1.0000,0,0,0,0
48.647,1.0000,0,0,0,0
48.679,1.0000,0,0,0,0
48.716,1.0000,0,0,0,0
48.748,1.0000,0,0,0,0
48.783,1.0000,0,0,0,0
48.816,1.0000,0,0,0,0
48.847,1.0000,0,0,0,0
48.880,1.0000,0,0,0,0
48.914,1.0000,0,0,0,0
48.950,1.0000,0,0,0,0
48.971,1.0000,0,0,0,0
49.012,1.0000,0,0,0,0
49.050,1.0000,0,0,0,0
49.082,1.0000,0,0,0,0
49.113,1.0000,0,0,0,0
49.148,1.0000,0,0,0,0
49.180,1.0000,0,0,0,0
49.213,1.0000,0,0,0,0
49.249,1.0000,0,0,0,0
49.281,1.0000,0,0,0,0
49.315,1.0000,0,0,0,0
49.349,1.0000,0,0,0,0
49.383,1.0000,0,0,0,0
49.414,1.0000,0,0,0,0
49.450,1.0000,0,0,0,0
49.481,1.0000,0,0,0,0
49.515,1.0000,0,0,0,0
49.547,1.0000,0,0,0,0
49.580,1.0000,0,0,0,0
49.615,1.0000,0,0,0,0
49.649,1.0000,0,0,0,0
49.683,1.0000,0,0,0,0
49.713,1.0000,0,0,0,0
49.746,1.0000,0,0,0,0
49.781,1.0000,0,0,0,0
49.815,1.0000,0,0,0,0
49.849,1.0000,0,0,0,0
49.880,1.0000,0,0,0,0
49.916,1.0000,0,0,0,0
49.947,1.0000,0,0,0,0
49.979,1.0000,0,0,0,0
50.012,1.0000,0,0,0,0
50.046,1.0000,0,0,0,0
50.082,1.0000,0,0,0,0
50.114,1.0000,0,0,0,0
50.147,1.0000,0,0,0,0
50.183,1.0000,0,0,0,0
50.214,1.0000,0,0,0,0
50.247,1.0000,0,0,0,0
50.280,1.0000,0,0,0,0
50.314,1.0000,0,0,0,0
50.346,1.0000,0,0,0,0
50.379,1.0000,0,0,0,0
50.413,1.0000,0,0,0,0
50.448,1.0000,0,0,0,0
50.480,1.0000,0,0,0,0
50.513,1.0000,0,0,0,0
50.547,1.0000,0,0,0,0
50.582,1.0000,0,0,0,0
50.614,1.0000,0,0,0,0
50.649,1.0000,0,0,0,0
50.682,1.0000,0,0,0,0
50.713,1.0000,0,0,0,0
50.746,1.0000,0,0,0,0
50.781,1.0000,0,0,0,0
50.814,1.0000,0,0,0,0
50.847,0.9999,0,0,0,0
50.881,0.9998,0,0,0,0
50.912,0.9997,0,0,0,0
50.952,0.9996,0,0,0,0
50.973,0.9996,0,0,0,0
51.015,0.9994,0,0,0,0
51.046,0.9993,0,0,0,0
51.081,0.9992,0,0,0,0
51.114,0.9992,0,0,0,0
51.147,0.9991,0,0,0,0
51.182,0.9990,0,0,0,0
51.213,0.9989,0,0,0,0
51.247,0.9988,0,0,0,0
51.282,0.9987,0,0,0,0
51.316,0.9986,0,0,0,0
51.347,0.9985,0,0,0,0
51.379,0.9985,0,0,0,0
51.414,0.9984,0,0,0,0
51.449,0.9983,0,0,0,0
51.480,0.9982,0,0,0,0
51.516,0.9981,0,0,0,0
51.547,0.9980,0,0,0,0
51.580,0.9980,0,0,0,0
51.613,0.9979,0,0,0,0
51.647,0.9978,0,0,0,0
51.683,0.9977,0,0,0,0
51.706,0.9977,0,0,0,0
51.749,0.9976,0,0,0,0
51.780,0.9975,0,0,0,0
51.814,0.9974,0,0,0,0
51.847,0.9973,0,0,0,0
51.879,0.9973,0,0,0,0
51.916,0.9972,0,0,0,0
51.947,0.9971,0,0,0,0
51.982,0.9970,0,0,0,0
52.014,0.9970,0,0,0,0
52.047,0.9969,0,0,0,0
52.082,0.9968,0,0,0,0
52.113,0.9968,0,0,0,0
52.149,0.9967,0,0,0,0
52.181,0.9966,0,0,0,0
52.214,0.9965,0,0,0,0
52.248,0.9965,0,0,0,0
52.281,0.9964,0,0,0,0
52.313,0.9963,0,0,0,0
52.347,0.9963,0,0,0,0
52.380,0.9962,0,0,0,0
52.416,0.9961,0,0,0,0
52.448,0.9961,0,0,0,0
52.481,0.9960,0,0,0,0
52.516,0.9959,0,0,0,0
52.546,0.9959,0,0,0,0
52.580,0.9958,0,0,0,0
52.612,0.9957,0,0,0,0
52.646,0.9957,0,0,0,0
52.680,0.9956,0,0,0,0
52.715,0.9956,0,0,0,0
52.747,0.9955,0,0,0,0
52.780,0.9954,0,0,0,0
52.815,0.9954,0,0,0,0
52.847,0.9953,0,0,0,0
52.883,0.9952,0,0,0,0
52.914,0.9952,0,0,0,0
52.947,0.9951,0,0,0,0
52.983,0.9950,0,0,0,0
53.014,0.9950,0,0,0,0
53.050,0.9949,0,0,0,0
53.084,0.9949,0,0,0,0
53.109,0.9948,0,0,0,0
53.146,0.9948,0,0,0,0
53.181,0.9947,0,0,0,0
53.216,0.9947,0,0,0,0
53.246,0.9946,0,0,0,0
53.279,0.9946,0,0,0,0
53.314,0.9945,0,0,0,0
53.350,0.9944,0,0,0,0
53.381,0.9944,0,0,0,0
53.415,0.9943,0,0,0,0
53.449,0.9943,0,0,0,0
53.480,0.9942,0,0,0,0
53.514,0.9942,0,0,0,0
53.549,0.9941,0,0,0,0
53.579,0.9941,0,0,0,0
53.616,0.9940,0,0,0,0
53.650,0.9940,0,0,0,0
53.681,0.9939,0,0,0,0
53.716,0.9939,0,0,0,0
53.749,0.9938,0,0,0,0
53.780,0.9937,0,0,0,0
53.811,0.9937,0,0,0,0
53.845,0.9936,0,0,0,0
53.880,0.9936,0,0,0,0
53.913,0.9936,0,0,0,0
53.946,0.9935,0,0,0,0
53.980,0.9934,0,0,0,0
54.016,0.9934,0,0,0,0
54.049,0.9934,0,0,0,0
54.080,0.9933,0,0,0,0
54.115,0.9933,0,0,0,0
54.147,0.9932,0,0,0,0
54.182,0.9932,0,0,0,0
54.213,0.9931,0,0,0,0
54.246,0.9931,0,0,0,0
54.281,0.9930,0,0,0,0
54.316,0.9930,0,0,0,0
54.348,0.9929,0,0,0,0
54.383,0.9929,0,0,0,0
54.413,0.9929,0,0,0,0
54.449,0.9928,0,0,0,0
54.480,0.9928,0,0,0,0
54.513,0.9927,0,0,0,0
54.538,0.9927,0,0,0,0
54.581,0.9926,0,0,0,0
54.616,0.9926,0,0,0,0
54.649,0.9925,0,0,0,0
54.681,0.9925,0,0,0,0
54.715,0.9925,0,0,0,0
54.747,0.9924,0,0,0,0
54.781,0.9924,0,0,0,0
54.816,0.9923,0,0,0,0
54.848,0.9923,0,0,0,0
54.882,0.9922,0,0,0,0
54.913,0.9922,0,0,0,0
54.946,0.9922,0,0,0,0
54.981,0.9921,0,0,0,0
55.013,0.9921,0,0,0,0
55.048,0.9921,0,0,0,0
55.080,0.9920,0,0,0,0
55.112,0.9920,0,0,0,0
55.149,0.9919,0,0,0,0
55.183,0.9919,0,0,0,0
55.212,0.9919,0,0,0,0
55.247,0.9918,0,0,0,0
55.283,0.9918,0,0,0,0
55.315,0.9917,0,0,0,0
55.348,0.9917,0,0,0,0
55.381,0.9917,0,0,0,0
55.415,0.9916,0,0,0,0
55.448,0.9916,0,0,0,0
55.479,0.9916,0,0,0,0
55.516,0.9915,0,0,0,0
55.548,0.9915,0,0,0,0
55.582,0.9914,0,0,0,0
55.613,0.9914,0,0,0,0
55.649,0.9914,0,0,0,0
55.681,0.9913,0,0,0,0
55.715,0.9913,0,0,0,0
55.748,0.9913,0,0,0,0
55.782,0.9912,0,0,0,0
55.814,0.9912,0,0,0,0
55.847,0.9911,0,0,0,0
55.881,0.9911,0,0,0,0
55.916,0.9911,0,0,0,0
55.947,0.9910,0,0,0,0
55.980,0.9910,0,0,0,0
56.015,0.9910,0,0,0,0
56.047,0.9909,0,0,0,0
56.082,0.9909,0,0,0,0
56.112,0.9909,0,0,0,0
56.149,0.9908,0,0,0,0
56.179,0.9908,0,0,0,0
56.216,0.9908,0,0,0,0
56.247,0.9907,0,0,0,0
56.282,0.9907,0,0,0,0
56.314,0.9907,0,0,0,0
56.347,0.9906,0,0,0,0
56.381,0.9906,0,0,0,0
56.416,0.9906,0,0,0,0
56.449,0.9905,0,0,0,0
56.483,0.9905,0,0,0,0
56.513,0.9905,0,0,0,0
56.547,0.9904,0,0,0,0
56.581,0.9904,0,0,0,0
56.616,0.9904,0,0,0,0
56.646,0.9903,0,0,0,0
56.681,0.9903,0,0,0,0
56.712,0.9903,0,0,0,0
56.748,0.9902,0,0,0,0
56.781,0.9902,0,0,0,0
56.815,0.9902,0,0,0,0
56.849,0.9901,0,0,0,0
56.880,0.9901,0,0,0,0
56.914,0.9901,0,0,0,0
56.947,0.9901,0,0,0,0
56.982,0.9900,0,0,0,0
57.016,0.9900,0,0,0,0
57.048,0.9900,0,0,0,0
57.081,0.9899,0,0,0,0
57.114,0.9899,0,0,0,0
57.149,0.9899,0,0,0,0
57.183,0.9898,0,0,0,0
57.213,0.9898,0,0,0,0
57.249,0.9898,0,0,0,0
57.282,0.9897,0,0,0,0
57.315,0.9897,0,0,0,0
57.349,0.9897,0,0,0,0
57.383,0.9897,0,0,0,0
57.414,0.9896,0,0,0,0
57.446,0.9896,0,0,0,0
57.482,0.9896,0,0,0,0
57.514,0.9896,0,0,0,0
57.548,0.9895,0,0,0,0
57.583,0.9895,0,0,0,0
57.613,0.9895,0,0,0,0
57.648,0.9894,0,0,0,0
57.683,0.9894,0,0,0,0
57.713,0.9894,0,0,0,0
57.747,0.9893,0,0,0,0
57.783,0.9893,0,0,0,0
57.813,0.9893,0,0,0,0
57.849,0.9893,0,0,0,0
57.880,0.9892,0,0,0,0
57.915,0.9892,0,0,0,0
57.948,0.9892,0,0,0,0
57.981,0.9891,0,0,0,0
58.016,0.9891,0,0,0,0
58.049,0.9891,0,0,0,0
58.080,0.9891,0,0,0,0
58.112,0.9890,0,0,0,0
58.149,0.9890,0,0,0,0
58.180,0.9890,0,0,0,0
58.214,0.9890,0,0,0,0
58.246,0.9889,0,0,0,0
58.282,0.9889,0,0,0,0
58.312,0.9889,0,0,0,0
58.349,0.9888,0,0,0,0
58.381,0.9888,0,0,0,0
58.416,0.9888,0,0,0,0
58.449,0.9888,0,0,0,0
58.479,0.9887,0,0,0,0
58.516,0.9887,0,0,0,0
58.548,0.9887,0,0,0,0
58.583,0.9887,0,0,0,0
58.613,0.9886,0,0,0,0
58.649,0.9886,0,0,0,0
58.679,0.9886,0,0,0,0
58.715,0.9886,0,0,0,0
58.748,0.9885,0,0,0,0
58.780,0.9885,0,0,0,0
58.814,0.9885,0,0,0,0
58.846,0.9884,0,0,0,0
58.882,0.9884,0,0,0,0
58.914,0.9884,0,0,0,0
58.947,0.9884,0,0,0,0
58.983,0.9883,0,0,0,0
59.014,0.9883,0,0,0,0
59.047,0.9883,0,0,0,0
59.080,0.9883,0,0,0,0
59.112,0.9882,0,0,0,0
59.146,0.9882,0,0,0,0
59.182,0.9882,0,0,0,0
59.216,0.9882,0,0,0,0
59.249,0.9881,0,0,0,0
59.280,0.9881,0,0,0,0
59.313,0.9881,0,0,0,0
59.346,0.9881,0,0,0,0
59.382,0.9880,0,0,0,0
59.413,0.9880,0,0,0,0
59.448,0.9880,0,0,0,0
59.480,0.9880,0,0,0,0
59.514,0.9879,0,0,0,0
59.547,0.9879,0,0,0,0
59.581,0.9879,0,0,0,0
59.616,0.9879,0,0,0,0
59.649,0.9878,0,0,0,0
59.681,0.9878,0,0,0,0
59.713,0.9878,0,0,0,0
59.750,0.9878,0,0,0,0
59.783,0.9877,0,0,0,0
59.813,0.9877,0,0,0,0
59.846,0.9877,0,0,0,0
59.880,0.9877,0,0,0,0
59.915,0.9877,0,0,0,0
59.949,0.9876,0,0,0,0
59.982,0.9876,0,0,0,0
60.016,0.9876,0,0,0,0
60.049,0.9875,0,0,0,0
60.081,0.9875,0,0,0,0
60.115,0.9875,0,0,0,0
60.147,0.9875,0,0,0,0
60.181,0.9874,0,0,0,0
60.218,0.9874,0,0,0,0
60.248,0.9874,0,0,0,0
60.283,0.9874,0,0,0,0
60.315,0.9874,0,0,0,0
60.350,0.9873,0,0,0,0
60.381,0.9873,0,0,0,0
60.414,0.9873,0,0,0,0
60.446,0.9873,0,0,0,0
60.482,0.9872,0,0,0,0
60.515,0.9872,0,0,0,0
60.549,0.9872,0,0,0,0
60.580,0.9872,0,0,0,0
60.612,0.9872,0,0,0,0
60.648,0.9871,0,0,0,0
60.682,0.9871,0,0,0,0
60.713,0.9871,0,0,0,0
60.749,0.9871,0,0,0,0
60.779,0.9870,0,0,0,0
60.813,0.9870,0,0,0,0
60.848,0.9870,0,0,0,0
60.879,0.9870,0,0,0,0
60.913,0.9870,0,0,0,0
60.948,0.9869,0,0,0,0
60.982,0.9869,0,0,0,0
61.013,0.9869,0,0,0,0
61.049,0.9869,0,0,0,0
61.081,0.9868,0,0,0,0
61.116,0.9868,0,0,0,0
61.147,0.9868,0,0,0,0
61.171,0.9868,0,0,0,0
61.215,0.9867,0,0,0,0
61.249,0.9867,0,0,0,0
61.282,0.9867,0,0,0,0
61.314,0.9867,0,0,0,0
61.346,0.9867,0,0,0,0
61.382,0.9866,0,0,0,0
61.416,0.9866,0,0,0,0
61.449,0.9866,0,0,0,0
61.480,0.9866,0,0,0,0
61.516,0.9865,0,0,0,0
61.549,0.9865,0,0,0,0
61.580,0.9865,0,0,0,0
61.612,0.9865,0,0,0,0
61.650,0.9865,0,0,0,0
61.680,0.9864,0,0,0,0
61.716,0.9864,0,0,0,0
61.749,0.9864,0,0,0,0
61.779,0.9864,0,0,0,0
61.813,0.9864,0,0,0,0
61.840,0.9863,0,0,0,0
61.881,0.9863,0,0,0,0
61.914,0.9863,0,0,0,0
61.949,0.9863,0,0,0,0
61.981,0.9862,0,0,0,0
62.012,0.9862,0,0,0,0
62.046,0.9862,0,0,0,0
62.081,0.9862,0,0,0,0
62.115,0.9862,0,0,0,0
62.149,0.9861,0,0,0,0
62.180,0.9861,0,0,0,0
62.216,0.9861,0,0,0,0
62.246,0.9861,0,0,0,0
62.281,0.9860,0,0,0,0
62.316,0.9860,0,0,0,0
62.349,0.9860,0,0,0,0
62.379,0.9860,0,0,0,0
62.413,0.9860,0,0,0,0
62.448,0.9859,0,0,0,0
62.481,0.9859,0,0,0,0
62.504,0.9859,0,0,0,0
62.550,0.9859,0,0,0,0
62.580,0.9859,0,0,0,0
62.613,0.9858,0,0,0,0
62.648,0.9858,0,0,0,0
62.683,0.9858,0,0,0,0
62.713,0.9858,0,0,0,0
62.746,0.9858,0,0,0,0
62.781,0.9857,0,0,0,0
62.816,0.9857,0,0,0,0
62.846,0.9857,0,0,0,0
62.883,0.9857,0,0,0,0
62.913,0.9857,0,0,0,0
62.948,0.9856,0,0,0,0
62.980,0.9856,0,0,0,0
63.017,0.9856,0,0,0,0
63.047,0.9856,0,0,0,0
63.082,0.9856,0,0,0,0
63.112,0.9855,0,0,0,0
63.146,0.9855,0,0,0,0
63.181,0.9855,0,0,0,0
63.216,0.9855,0,0,0,0
63.247,0.9855,0,0,0,0
63.279,0.9854,0,0,0,0
63.316,0.9854,0,0,0,0
63.349,0.9854,0,0,0,0
63.383,0.9854,0,0,0,0
63.412,0.9854,0,0,0,0
63.447,0.9853,0,0,0,0
63.481,0.9853,0,0,0,0
63.515,0.9853,0,0,0,0
63.548,0.9853,0,0,0,0
63.581,0.9853,0,0,0,0
63.615,0.9852,0,0,0,0
63.648,0.9852,0,0,0,0
63.680,0.9852,0,0,0,0
63.715,0.9852,0,0,0,0
63.747,0.9852,0,0,0,0
63.780,0.9851,0,0,0,0
63.813,0.9851,0,0,0,0
63.846,0.9851,0,0,0,0
63.880,0.9851,0,0,0,0
63.913,0.9851,0,0,0,0
63.946,0.9850,0,0,0,0
63.980,0.9850,0,0,0,0
64.014,0.9850,0,0,0,0
64.047,0.9850,0,0,0,0
64.080,0.9850,0,0,0,0
64.114,0.9850,0,0,0,0
64.147,0.9849,0,0,0,0
64.180,0.9849,0,0,0,0
64.214,0.9849,0,0,0,0
64.249,0.9849,0,0,0,0
64.282,0.9849,0,0,0,0
64.317,0.9848,0,0,0,0
64.347,0.9848,0,0,0,0
64.382,0.9848,0,0,0,0
64.413,0.9848,0,0,0,0
64.445,0.9848,0,0,0,0
64.482,0.9847,0,0,0,0
64.514,0.9847,0,0,0,0
64.546,0.9847,0,0,0,0
64.579,0.9847,0,0,0,0
64.616,0.9847,0,0,0,0
64.649,0.9846,0,0,0,0
64.683,0.9846,0,0,0,0
64.716,0.9846,0,0,0,0
64.749,0.9846,0,0,0,0
64.782,0.9846,0,0,0,0
64.815,0.9846,0,0,0,0
64.848,0.9845,0,0,0,0
64.880,0.9845,0,0,0,0
64.913,0.9845,0,0,0,0
64.949,0.9845,0,0,0,0
64.982,0.9845,0,0,0,0
65.015,0.9844,0,0,0,0
65.048,0.9844,0,0,0,0
65.083,0.9844,0,0,0,0
65.116,0.9844,0,0,0,0
65.147,0.9844,0,0,0,0
65.180,0.9844,0,0,0,0
65.212,0.9843,0,0,0,0
65.246,0.9843,0,0,0,0
65.283,0.9843,0,0,0,0
65.315,0.9843,0,0,0,0
65.348,0.9843,0,0,0,0
65.381,0.9842,0,0,0,0
65.415,0.9842,0,0,0,0
65.450,0.9842,0,0,0,0
65.481,0.9842,0,0,0,0
65.511,0.9842,0,0,0,0
65.549,0.9842,0,0,0,0
65.580,0.9841,0,0,0,0
65.612,0.9841,0,0,0,0
65.646,0.9841,0,0,0,0
65.680,0.9841,0,0,0,0
65.713,0.9841,0,0,0,0
65.746,0.9840,0,0,0,0
65.779,0.9840,0,0,0,0
65.816,0.9840,0,0,0,0
65.849,0.9840,0,0,0,0
65.879,0.9840,0,0,0,0
65.912,0.9840,0,0,0,0
65.946,0.9839,0,0,0,0
65.981,0.9839,0,0,0,0
66.015,0.9839,0,0,0,0
66.048,0.9839,0,0,0,0
66.079,0.9839,0,0,0,0
66.113,0.9839,0,0,0,0
66.148,0.9838,0,0,0,0
66.184,0.9838,0,0,0,0
66.216,0.9838,0,0,0,0
66.250,0.9838,0,0,0,0
66.282,0.9838,0,0,0,0
66.315,0.9837,0,0,0,0
66.347,0.9837,0,0,0,0
66.380,0.9837,0,0,0,0
66.416,0.9837,0,0,0,0
66.447,0.9837,0,0,0,0
66.480,0.9837,0,0,0,0
66.515,0.9836,0,0,0,0
66.545,0.9836,0,0,0,0
66.582,0.9836,0,0,0,0
66.616,0.9836,0,0,0,0
66.650,0.9836,0,0,0,0
66.682,0.9836,0,0,0,0
66.716,0.9835,0,0,0,0
66.750,0.9835,0,0,0,0
66.779,0.9835,0,0,0,0
66.813,0.9835,0,0,0,0
66.847,0.9835,0,0,0,0
66.883,0.9835,0,0,0,0
66.914,0.9834,0,0,0,0
66.947,0.9834,0,0,0,0
66.980,0.9834,0,0,0,0
67.012,0.9834,0,0,0,0
67.046,0.9834,0,0,0,0
67.079,0.9834,0,0,0,0
67.112,0.9833,0,0,0,0
67.146,0.9833,0,0,0,0
67.180,0.9833,0,0,0,0
67.213,0.9833,0,0,0,0
67.246,0.9833,0,0,0,0
67.283,0.9833,0,0,0,0
67.316,0.9832,0,0,0,0
67.347,0.9832,0,0,0,0
67.379,0.9832,0,0,0,0
67.416,0.9832,0,0,0,0
67.448,0.9832,0,0,0,0
67.480,0.9832,0,0,0,0
67.513,0.9831,0,0,0,0
67.550,0.9831,0,0,0,0
67.583,0.9831,0,0,0,0
67.615,0.9831,0,0,0,0
67.648,0.9831,0,0,0,0
67.682,0.9831,0,0,0,0
67.716,0.9830,0,0,0,0
67.745,0.9830,0,0,0,0
67.781,0.9830,0,0,0,0
67.816,0.9830,0,0,0,0
67.848,0.9830,0,0,0,0
67.883,0.9830,0,0,0,0
67.913,0.9829,0,0,0,0
67.946,0.9829,0,0,0,0
67.980,0.9829,0,0,0,0
68.012,0.9829,0,0,0,0
68.047,0.9829,0,0,0,0
68.079,0.9829,0,0,0,0
68.114,0.9829,0,0,0,0
68.150,0.9828,0,0,0,0
68.181,0.9828,0,0,0,0
68.216,0.9828,0,0,0,0
68.249,0.9828,0,0,0,0
68.281,0.9828,0,0,0,0
68.315,0.9828,0,0,0,0
68.347,0.9827,0,0,0,0
68.380,0.9827,0,0,0,0
68.412,0.9827,0,0,0,0
68.450,0.9827,0,0,0,0
68.483,0.9827,0,0,0,0
68.514,0.9827,0,0,0,0
68.547,0.9826,0,0,0,0
68.582,0.9826,0,0,0,0
68.615,0.9826,0,0,0,0
68.646,0.9826,0,0,0,0
68.682,0.9826,0,0,0,0
68.716,0.9826,0,0,0,0
68.746,0.9825,0,0,0,0
68.780,0.9825,0,0,0,0
68.817,0.9825,0,0,0,0
68.848,0.9825,0,0,0,0
68.880,0.9825,0,0,0,0
68.915,0.9825,0,0,0,0
68.948,0.9825,0,0,0,0
68.979,0.9824,0,0,0,0
69.015,0.9824,0,0,0,0
69.047,0.9824,0,0,0,0
69.079,0.9824,0,0,0,0
69.114,0.9824,0,0,0,0
69.148,0.9824,0,0,0,0
69.180,0.9823,0,0,0,0
69.215,0.9823,0,0,0,0
69.250,0.9823,0,0,0,0
69.280,0.9823,0,0,0,0
69.317,0.9823,0,0,0,0
69.348,0.9823,0,0,0,0
69.379,0.9823,0,0,0,0
69.416,0.9822,0,0,0,0
69.445,0.9822,0,0,0,0
69.481,0.9822,0,0,0,0
69.517,0.9822,0,0,0,0
69.547,0.9822,0,0,0,0
69.582,0.9822,0,0,0,0
69.615,0.9822,0,0,0,0
69.648,0.9821,0,0,0,0
69.681,0.9821,0,0,0,0
69.714,0.9821,0,0,0,0
69.747,0.9821,0,0,0,0
69.780,0.9821,0,0,0,0
69.812,0.9821,0,0,0,0
69.845,0.9820,0,0,0,0
69.878,0.9820,0,0,0,0
69.915,0.9820,0,0,0,0
69.946,0.9820,0,0,0,0
69.978,0.9820,0,0,0,0
70.015,0.9820,0,0,0,0
70.048,0.9820,0,0,0,0
70.080,0.9819,0,0,0,0
70.115,0.9819,0,0,0,0
70.147,0.9819,0,0,0,0
70.181,0.9819,0,0,0,0
70.213,0.9819,0,0,0,0
70.250,0.9819,0,0,0,0
70.282,0.9819,0,0,0,0
70.314,0.9818,0,0,0,0
70.344,0.9818,0,0,0,0
70.383,0.9818,0,0,0,0
70.415,0.9818,0,0,0,0
70.448,0.9818,0,0,0,0
70.481,0.9818,0,0,0,0
70.515,0.9818,0,0,0,0
70.546,0.9817,0,0,0,0
70.579,0.9817,0,0,0,0
70.613,0.9817,0,0,0,0
70.647,0.9817,0,0,0,0
70.681,0.9817,0,0,0,0
70.714,0.9817,0,0,0,0
70.749,0.9817,0,0,0,0
70.780,0.9816,0,0,0,0
70.816,0.9816,0,0,0,0
70.849,0.9816,0,0,0,0
70.882,0.9816,0,0,0,0
70.915,0.9816,0,0,0,0
70.949,0.9816,0,0,0,0
70.983,0.9816,0,0,0,0
71.012,0.9815,0,0,0,0
71.050,0.9815,0,0,0,0
71.082,0.9815,0,0,0,0
71.116,0.9815,0,0,0,0
71.146,0.9815,0,0,0,0
71.180,0.9815,0,0,0,0
71.215,0.9815,0,0,0,0
71.246,0.9814,0,0,0,0
71.282,0.9814,0,0,0,0
71.315,0.9814,0,0,0,0
71.349,0.9814,0,0,0,0
71.382,0.9814,0,0,0,0
71.416,0.9814,0,0,0,0
71.450,0.9814,0,0,0,0
71.483,0.9813,0,0,0,0
71.514,0.9813,0,0,0,0
71.550,0.9813,0,0,0,0
71.583,0.9813,0,0,0,0
71.614,0.9813,0,0,0,0
71.647,0.9813,0,0,0,0
71.684,0.9813,0,0,0,0
71.716,0.9813,0,0,0,0
71.749,0.9812,0,0,0,0
71.781,0.9812,0,0,0,0
71.814,0.9812,0,0,0,0
71.848,0.9812,0,0,0,0
71.883,0.9812,0,0,0,0
71.916,0.9812,0,0,0,0
71.949,0.9812,0,0,0,0
71.981,0.9811,0,0,0,0
72.015,0.9811,0,0,0,0
72.049,0.9811,0,0,0,0
72.079,0.9811,0,0,0,0
72.114,0.9811,0,0,0,0
72.149,0.9811,0,0,0,0
72.181,0.9811,0,0,0,0
72.213,0.9811,0,0,0,0
72.249,0.9810,0,0,0,0
72.281,0.9810,0,0,0,0
72.316,0.9810,0,0,0,0
72.348,0.9810,0,0,0,0
72.383,0.9810,0,0,0,0
72.413,0.9810,0,0,0,0
72.449,0.9810,0,0,0,0
72.482,0.9809,0,0,0,0
72.513,0.9809,0,0,0,0
72.547,0.9809,0,0,0,0
72.582,0.9809,0,0,0,0
72.614,0.9809,0,0,0,0
72.650,0.9809,0,0,0,0
72.682,0.9809,0,0,0,0
72.713,0.9809,0,0,0,0
72.747,0.9808,0,0,0,0
72.783,0.9808,0,0,0,0
72.814,0.9808,0,0,0,0
72.855,0.9808,0,0,0,0
72.885,0.9808,0,0,0,0
72.916,0.9808,0,0,0,0
72.948,0.9808,0,0,0,0
72.981,0.9807,0,0,0,0
73.007,0.9807,0,0,0,0
73.046,0.9807,0,0,0,0
73.083,0.9807,0,0,0,0
73.114,0.9807,0,0,0,0
73.147,0.9807,0,0,0,0
73.181,0.9807,0,0,0,0
73.395,0.9806,0,0,0,0
73.442,0.9806,0,0,0,0
73.456,0.9806,0,0,0,0
73.462,0.9806,0,0,0,0
73.469,0.9806,0,0,0,0
73.502,0.9805,0,0,0,0
73.536,0.9805,0,0,0,0
73.571,0.9805,0,0,0,0
73.603,0.9805,0,0,0,0
73.635,0.9805,0,0,0,0
73.669,0.9805,0,0,0,0
73.705,0.9805,0,0,0,0
73.740,0.9805,0,0,0,0
73.766,0.9804,0,0,0,0
73.811,0.9804,0,0,0,0
73.835,0.9804,0,0,0,0
73.875,0.9804,0,0,0,0
73.904,0.9804,0,0,0,0
73.935,0.9804,0,0,0,0
73.973,0.9804,0,0,0,0
74.013,0.9804,0,0,0,0
74.041,0.9803,0,0,0,0
74.076,0.9803,0,0,0,0
74.102,0.9803,0,0,0,0
74.141,0.9803,0,0,0,0
74.169,0.9803,0,0,0,0
74.203,0.9803,0,0,0,0
74.238,0.9803,0,0,0,0
74.272,0.9803,0,0,0,0
74.305,0.9802,0,0,0,0
74.338,0.9802,0,0,0,0
74.371,0.9802,0,0,0,0
74.403,0.9802,0,0,0,0
74.435,0.9802,0,0,0,0
74.469,0.9802,0,0,0,0
74.502,0.9802,0,0,0,0
74.535,0.9802,0,0,0,0
74.568,0.9802,0,0,0,0
74.606,0.9801,0,0,0,0
74.640,0.9801,0,0,0,0
74.668,0.9801,0,0,0,0
74.706,0.9801,0,0,0,0
74.739,0.9801,0,0,0,0
74.771,0.9801,0,0,0,0
74.803,0.9801,0,0,0,0
74.841,0.9801,0,0,0,0
74.868,0.9800,0,0,0,0
74.906,0.9800,0,0,0,0
74.937,0.9800,0,0,0,0
74.968,0.9800,0,0,0,0
75.005,0.9800,0,0,0,0
75.037,0.9800,0,0,0,0
75.069,0.9800,0,0,0,0
75.104,0.9800,0,0,0,0
75.134,0.9800,0,0,0,0
75.169,0.9799,0,0,0,0
75.200,0.9799,0,0,0,0
75.235,0.9799,0,0,0,0
75.272,0.9799,0,0,0,0
75.303,0.9799,0,0,0,0
75.335,0.9799,0,0,0,0
75.368,0.9799,0,0,0,0
75.404,0.9799,0,0,0,0
75.439,0.9798,0,0,0,0
75.469,0.9798,0,0,0,0
75.505,0.9798,0,0,0,0
75.539,0.9798,0,0,0,0
75.570,0.9798,0,0,0,0
75.602,0.9798,0,0,0,0
75.637,0.9798,0,0,0,0
75.671,0.9798,0,0,0,0
75.701,0.9798,0,0,0,0
75.737,0.9797,0,0,0,0
75.772,0.9797,0,0,0,0
75.804,0.9797,0,0,0,0
75.838,0.9797,0,0,0,0
75.871,0.9797,0,0,0,0
75.902,0.9797,0,0,0,0
75.935,0.9797,0,0,0,0
75.970,0.9797,0,0,0,0
76.002,0.9796,0,0,0,0
76.037,0.9796,0,0,0,0
76.070,0.9796,0,0,0,0
76.102,0.9796,0,0,0,0
76.138,0.9796,0,0,0,0
76.173,0.9796,0,0,0,0
76.204,0.9796,0,0,0,0
76.237,0.9796,0,0,0,0
76.271,0.9796,0,0,0,0
76.301,0.9795,0,0,0,0
76.336,0.9795,0,0,0,0
76.372,0.9795,0,0,0,0
76.405,0.9795,0,0,0,0
76.437,0.9795,0,0,0,0
76.468,0.9795,0,0,0,0
76.502,0.9795,0,0,0,0
76.535,0.9795,0,0,0,0
76.570,0.9795,0,0,0,0
76.602,0.9794,0,0,0,0
76.638,0.9794,0,0,0,0
76.672,0.9794,0,0,0,0
76.702,0.9794,0,0,0,0
76.735,0.9794,0,0,0,0
76.769,0.9794,0,0,0,0
76.806,0.9794,0,0,0,0
76.835,0.9794,0,0,0,0
76.868,0.9794,0,0,0,0
76.902,0.9793,0,0,0,0
76.937,0.9793,0,0,0,0
76.971,0.9793,0,0,0,0
77.002,0.9793,0,0,0,0
77.039,0.9793,0,0,0,0
77.070,0.9793,0,0,0,0
77.101,0.9793,0,0,0,0
77.135,0.9793,0,0,0,0
77.172,0.9793,0,0,0,0
77.198,0.9793,0,0,0,0
77.237,0.9792,0,0,0,0
77.266,0.9792,0,0,0,0
77.299,0.9792,0,0,0,0
77.338,0.9792,0,0,0,0
77.371,0.9792,0,0,0,0
77.402,0.9792,0,0,0,0
77.438,0.9792,0,0,0,0
77.471,0.9792,0,0,0,0
77.502,0.9792,0,0,0,0
77.535,0.9791,0,0,0,0
77.572,0.9791,0,0,0,0
77.596,0.9791,0,0,0,0
77.636,0.9791,0,0,0,0
77.671,0.9791,0,0,0,0
77.705,0.9791,0,0,0,0
77.737,0.9791,0,0,0,0
77.769,0.9791,0,0,0,0
77.804,0.9791,0,0,0,0
77.837,0.9791,0,0,0,0
77.868,0.9790,0,0,0,0
77.904,0.9790,0,0,0,0
77.938,0.9790,0,0,0,0
77.968,0.9790,0,0,0,0
78.005,0.9790,0,0,0,0
78.038,0.9790,0,0,0,0
78.068,0.9790,0,0,0,0
78.104,0.9790,0,0,0,0
78.139,0.9790,0,0,0,0
78.171,0.9789,0,0,0,0
78.205,0.9789,0,0,0,0
78.239,0.9789,0,0,0,0
78.269,0.9789,0,0,0,0
78.293,0.9789,0,0,0,0
78.335,0.9789,0,0,0,0
78.368,0.9789,0,0,0,0
78.402,0.9789,0,0,0,0
78.440,0.9789,0,0,0,0
78.470,0.9789,0,0,0,0
78.504,0.9788,0,0,0,0
78.535,0.9788,0,0,0,0
78.571,0.9788,0,0,0,0
78.604,0.9788,0,0,0,0
78.634,0.9788,0,0,0,0
78.672,0.9788,0,0,0,0
78.695,0.9788,0,0,0,0
78.738,0.9788,0,0,0,0
78.760,0.9788,0,0,0,0
78.804,0.9787,0,0,0,0
78.836,0.9787,0,0,0,0
78.870,0.9787,0,0,0,0
78.902,0.9787,0,0,0,0
78.937,0.9787,0,0,0,0
78.972,0.9787,0,0,0,0
78.996,0.9787,0,0,0,0
79.038,0.9787,0,0,0,0
79.064,0.9787,0,0,0,0
79.095,0.9787,0,0,0,0
79.137,0.9787,0,0,0,0
79.169,0.9786,0,0,0,0
79.201,0.9786,0,0,0,0
79.235,0.9786,0,0,0,0
79.269,0.9786,0,0,0,0
79.302,0.9786,0,0,0,0
79.336,0.9786,0,0,0,0
79.371,0.9786,0,0,0,0
79.404,0.9786,0,0,0,0
79.438,0.9786,0,0,0,0
79.473,0.9786,0,0,0,0
79.496,0.9785,0,0,0,0
79.533,0.9785,0,0,0,0
79.572,0.9785,0,0,0,0
79.604,0.9785,0,0,0,0
79.637,0.9785,0,0,0,0
79.670,0.9785,0,0,0,0
79.707,0.9785,0,0,0,0
79.738,0.9785,0,0,0,0
79.770,0.9785,0,0,0,0
79.806,0.9785,0,0,0,0
79.839,0.9784,0,0,0,0
79.871,0.9784,0,0,0,0
79.901,0.9784,0,0,0,0
79.939,0.9784,0,0,0,0
79.973,0.9784,0,0,0,0
80.001,0.9784,0,0,0,0
80.036,0.9784,0,0,0,0
80.070,0.9784,0,0,0,0
80.104,0.9784,0,0,0,0
80.129,0.9784,0,0,0,0
80.169,0.9783,0,0,0,0
80.204,0.9783,0,0,0,0
80.238,0.9783,0,0,0,0
80.269,0.9783,0,0,0,0
80.305,0.9783,0,0,0,0
80.336,0.9783,0,0,0,0
80.370,0.9783,0,0,0,0
80.404,0.9783,0,0,0,0
80.440,0.9783,0,0,0,0
80.468,0.9783,0,0,0,0
80.497,0.9783,0,0,0,0
80.528,0.9782,0,0,0,0
80.567,0.9782,0,0,0,0
80.603,0.9782,0,0,0,0
80.636,0.9782,0,0,0,0
80.668,0.9782,0,0,0,0
80.703,0.9782,0,0,0,0
80.737,0.9782,0,0,0,0
80.773,0.9782,0,0,0,0
80.795,0.9782,0,0,0,0
80.837,0.9782,0,0,0,0
80.872,0.9781,0,0,0,0
80.904,0.9781,0,0,0,0
80.936,0.9781,0,0,0,0
80.968,0.9781,0,0,0,0
81.002,0.9781,0,0,0,0
81.036,0.9781,0,0,0,0
81.069,0.9781,0,0,0,0
81.105,0.9781,0,0,0,0
81.136,0.9781,0,0,0,0
81.171,0.9781,0,0,0,0
81.194,0.9781,0,0,0,0
81.234,0.9780,0,0,0,0
81.270,0.9780,0,0,0,0
81.305,0.9780,0,0,0,0
81.331,0.9780,0,0,0,0
81.369,0.9780,0,0,0,0
81.404,0.9780,0,0,0,0
81.435,0.9780,0,0,0,0
81.470,0.9780,0,0,0,0
81.502,0.9780,0,0,0,0
81.537,0.9780,0,0,0,0
81.568,0.9780,0,0,0,0
81.603,0.9779,0,0,0,0
81.635,0.9779,0,0,0,0
81.669,0.9779,0,0,0,0
81.704,0.9779,0,0,0,0
81.736,0.9779,0,0,0,0
81.768,0.9779,0,0,0,0
81.801,0.9779,0,0,0,0
81.838,0.9779,0,0,0,0
81.868,0.9779,0,0,0,0
81.904,0.9779,0,0,0,0
81.937,0.9779,0,0,0,0
81.970,0.9778,0,0,0,0
82.001,0.9778,0,0,0,0
82.037,0.9778,0,0,0,0
82.071,0.9778,0,0,0,0
82.097,0.9778,0,0,0,0
82.136,0.9778,0,0,0,0
82.173,0.9778,0,0,0,0
82.203,0.9778,0,0,0,0
82.238,0.9778,0,0,0,0
82.261,0.9778,0,0,0,0
82.309,0.9778,0,0,0,0
82.400,0.9777,0,0,0,0
82.423,0.9777,0,0,0,0
82.462,0.9777,0,0,0,0
82.493,0.9777,0,0,0,0
82.527,0.9777,0,0,0,0
82.560,0.9777,0,0,0,0
82.594,0.9777,0,0,0,0
82.629,0.9777,0,0,0,0
82.660,0.9777,0,0,0,0
82.692,0.9777,0,0,0,0
82.730,0.9776,0,0,0,0
82.763,0.9776,0,0,0,0
82.795,0.9776,0,0,0,0
82.827,0.9776,0,0,0,0
82.850,0.9776,0,0,0,0
82.897,0.9776,0,0,0,0
82.931,0.9776,0,0,0,0
82.953,0.9776,0,0,0,0
82.993,0.9776,0,0,0,0
83.026,0.9776,0,0,0,0
83.060,0.9776,0,0,0,0
83.098,0.9776,0,0,0,0
83.129,0.9775,0,0,0,0
83.153,0.9775,0,0,0,0
83.196,0.9775,0,0,0,0
83.222,0.9775,0,0,0,0
83.251,0.9775,0,0,0,0
83.281,0.9775,0,0,0,0
83.331,0.9775,0,0,0,0
83.362,0.9775,0,0,0,0
83.393,0.9775,0,0,0,0
83.430,0.9775,0,0,0,0
83.462,0.9775,0,0,0,0
83.496,0.9775,0,0,0,0
83.531,0.9774,0,0,0,0
83.562,0.9774,0,0,0,0
83.590,0.9774,0,0,0,0
83.625,0.9774,0,0,0,0
83.650,0.9774,0,0,0,0
83.692,0.9774,0,0,0,0
83.716,0.9774,0,0,0,0
83.761,0.9774,0,0,0,0
83.797,0.9774,0,0,0,0
83.829,0.9774,0,0,0,0
83.861,0.9774,0,0,0,0
83.895,0.9773,0,0,0,0
83.928,0.9773,0,0,0,0
83.964,0.9773,0,0,0,0
83.993,0.9773,0,0,0,0
84.029,0.9773,0,0,0,0
84.051,0.9773,0,0,0,0
84.100,0.9773,0,0,0,0
84.129,0.9773,0,0,0,0
84.164,0.9773,0,0,0,0
84.190,0.9773,0,0,0,0
84.232,0.9773,0,0,0,0
84.267,0.9773,0,0,0,0
84.290,0.9773,0,0,0,0
84.331,0.9772,0,0,0,0
84.353,0.9772,0,0,0,0
84.402,0.9772,0,0,0,0
84.435,0.9772,0,0,0,0
84.461,0.9772,0,0,0,0
84.497,0.9772,0,0,0,0
84.531,0.9772,0,0,0,0
84.566,0.9772,0,0,0,0
84.593,0.9772,0,0,0,0
84.628,0.9772,0,0,0,0
84.663,0.9772,0,0,0,0
84.695,0.9772,0,0,0,0
84.731,0.9771,0,0,0,0
84.755,0.9771,0,0,0,0
84.799,0.9771,0,0,0,0
84.828,0.9771,0,0,0,0
84.869,0.9771,0,0,0,0
84.893,0.9771,0,0,0,0
84.930,0.9771,0,0,0,0
84.964,0.9771,0,0,0,0
84.997,0.9771,0,0,0,0
85.028,0.9771,0,0,0,0
85.066,0.9771,0,0,0,0
85.100,0.9771,0,0,0,0
85.127,0.9770,0,0,0,0
85.163,0.9770,0,0,0,0
85.186,0.9770,0,0,0,0
85.232,0.9770,0,0,0,0
85.264,0.9770,0,0,0,0
85.297,0.9770,0,0,0,0
85.331,0.9770,0,0,0,0
85.356,0.9770,0,0,0,0
85.393,0.9770,0,0,0,0
85.431,0.9770,0,0,0,0
85.457,0.9770,0,0,0,0
85.498,0.9770,0,0,0,0
85.531,0.9770,0,0,0,0
85.561,0.9769,0,0,0,0
85.600,0.9769,0,0,0,0
85.630,0.9769,0,0,0,0
85.661,0.9769,0,0,0,0
85.699,0.9769,0,0,0,0
85.732,0.9769,0,0,0,0
85.764,0.9769,0,0,0,0
85.793,0.9769,0,0,0,0
85.834,0.9769,0,0,0,0
85.864,0.9769,0,0,0,0
85.898,0.9769,0,0,0,0
85.928,0.9769,0,0,0,0
85.965,0.9768,0,0,0,0
85.990,0.9768,0,0,0,0
86.031,0.9768,0,0,0,0
86.053,0.9768,0,0,0,0
86.111,0.9768,0,0,0,0
86.173,0.9768,0,0,0,0
86.200,0.9768,0,0,0,0
86.224,0.9768,0,0,0,0
86.258,0.9768,0,0,0,0
86.290,0.9768,0,0,0,0
86.328,0.9768,0,0,0,0
86.359,0.9768,0,0,0,0
86.396,0.9768,0,0,0,0
86.424,0.9767,0,0,0,0
86.462,0.9767,0,0,0,0
86.494,0.9767,0,0,0,0
86.525,0.9767,0,0,0,0
86.564,0.9767,0,0,0,0
86.593,0.9767,0,0,0,0
86.623,0.9767,0,0,0,0
86.654,0.9767,0,0,0,0
86.691,0.9767,0,0,0,0
86.727,0.9767,0,0,0,0
86.757,0.9767,0,0,0,0
86.795,0.9767,0,0,0,0
86.827,0.9767,0,0,0,0
86.858,0.9767,0,0,0,0
86.889,0.9766,0,0,0,0
86.926,0.9766,0,0,0,0
86.962,0.9766,0,0,0,0
86.987,0.9766,0,0,0,0
87.022,0.9766,0,0,0,0
87.060,0.9766,0,0,0,0
87.091,0.9766,0,0,0,0
87.125,0.9766,0,0,0,0
87.151,0.9766,0,0,0,0
87.188,0.9766,0,0,0,0
87.215,0.9766,0,0,0,0
87.260,0.9766,0,0,0,0
87.291,0.9766,0,0,0,0
87.325,0.9765,0,0,0,0
87.360,0.9765,0,0,0,0
87.392,0.9765,0,0,0,0
87.423,0.9765,0,0,0,0
87.458,0.9765,0,0,0,0
87.494,0.9765,0,0,0,0
87.517,0.9765,0,0,0,0
87.559,0.9765,0,0,0,0
87.590,0.9765,0,0,0,0
87.626,0.9765,0,0,0,0
87.659,0.9765,0,0,0,0
87.696,0.9765,0,0,0,0
87.725,0.9765,0,0,0,0
87.760,0.9765,0,0,0,0
87.792,0.9764,0,0,0,0
87.826,0.9764,0,0,0,0
87.858,0.9764,0,0,0,0
87.892,0.9764,0,0,0,0
87.924,0.9764,0,0,0,0
87.958,0.9764,0,0,0,0
87.994,0.9764,0,0,0,0
88.027,0.9764,0,0,0,0
88.062,0.9764,0,0,0,0
88.093,0.9764,0,0,0,0
88.129,0.9764,0,0,0,0
88.160,0.9764,0,0,0,0
88.190,0.9764,0,0,0,0
88.224,0.9763,0,0,0,0
88.257,0.9763,0,0,0,0
88.292,0.9763,0,0,0,0
88.331,0.9763,0,0,0,0
88.356,0.9763,0,0,0,0
88.388,0.9763,0,0,0,0
88.424,0.9763,0,0,0,0
88.463,0.9763,0,0,0,0
88.491,0.9763,0,0,0,0
88.529,0.9763,0,0,0,0
88.556,0.9763,0,0,0,0
88.594,0.9763,0,0,0,0
88.624,0.9763,0,0,0,0
88.658,0.9763,0,0,0,0
88.693,0.9763,0,0,0,0
88.725,0.9762,0,0,0,0
88.749,0.9762,0,0,0,0
88.794,0.9762,0,0,0,0
88.816,0.9762,0,0,0,0
88.860,0.9762,0,0,0,0
88.891,0.9762,0,0,0,0
88.923,0.9762,0,0,0,0
88.957,0.9762,0,0,0,0
88.994,0.9762,0,0,0,0
89.029,0.9762,0,0,0,0
89.058,0.9762,0,0,0,0
89.090,0.9762,0,0,0,0
89.127,0.9762,0,0,0,0
89.160,0.9762,0,0,0,0
89.191,0.9761,0,0,0,0
89.227,0.9761,0,0,0,0
89.261,0.9761,0,0,0,0
89.293,0.9761,0,0,0,0
89.325,0.9761,0,0,0,0
89.357,0.9761,0,0,0,0
89.392,0.9761,0,0,0,0
89.427,0.9761,0,0,0,0
89.457,0.9761,0,0,0,0
89.486,0.9761,0,0,0,0
89.526,0.9761,0,0,0,0
89.559,0.9761,0,0,0,0
89.590,0.9761,0,0,0,0
89.626,0.9761,0,0,0,0
89.658,0.9761,0,0,0,0
89.693,0.9760,0,0,0,0
89.722,0.9760,0,0,0,0
89.758,0.9760,0,0,0,0
89.793,0.9760,0,0,0,0
89.828,0.9760,0,0,0,0
89.852,0.9760,0,0,0,0
89.891,0.9760,0,0,0,0
89.923,0.9760,0,0,0,0
89.961,0.9760,0,0,0,0
89.993,0.9760,0,0,0,0
90.026,0.9760,0,0,0,0
90.057,0.9760,0,0,0,0
90.090,0.9760,0,0,0,0
90.126,0.9760,0,0,0,0
90.158,0.9760,0,0,0,0
90.190,0.9759,0,0,0,0
90.226,0.9759,0,0,0,0
90.263,0.9759,0,0,0,0
90.294,0.9759,0,0,0,0
90.326,0.9759,0,0,0,0
90.356,0.9759,0,0,0,0
90.392,0.9759,0,0,0,0
90.432,0.9759,0,0,0,0
90.453,0.9759,0,0,0,0
90.489,0.9759,0,0,0,0
90.527,0.9759,0,0,0,0
90.557,0.9759,0,0,0,0
90.594,0.9759,0,0,0,0
90.623,0.9759,0,0,0,0
90.659,0.9759,0,0,0,0
90.695,0.9758,0,0,0,0
90.723,0.9758,0,0,0,0
90.757,0.9758,0,0,0,0
90.796,0.9758,0,0,0,0
90.820,0.9758,0,0,0,0
90.858,0.9758,0,0,0,0
90.893,0.9758,0,0,0,0
90.925,0.9758,0,0,0,0
90.956,0.9758,0,0,0,0
90.991,0.9758,0,0,0,0
91.025,0.9758,0,0,0,0
91.055,0.9758,0,0,0,0
91.090,0.9758,0,0,0,0
91.128,0.9758,0,0,0,0
91.154,0.9758,0,0,0,0
91.180,0.9757,0,0,0,0
91.227,0.9757,0,0,0,0
91.260,0.9757,0,0,0,0
91.292,0.9757,0,0,0,0
91.326,0.9757,0,0,0,0
91.359,0.9757,0,0,0,0
91.395,0.9757,0,0,0,0
91.427,0.9757,0,0,0,0
91.458,0.9757,0,0,0,0
91.491,0.9757,0,0,0,0
91.528,0.9757,0,0,0,0
91.561,0.9757,0,0,0,0
91.595,0.9757,0,0,0,0
91.624,0.9757,0,0,0,0
91.657,0.9757,0,0,0,0
91.686,0.9757,0,0,0,0
91.725,0.9756,0,0,0,0
91.757,0.9756,0,0,0,0
91.794,0.9756,0,0,0,0
91.828,0.9756,0,0,0,0
91.857,0.9756,0,0,0,0
91.894,0.9756,0,0,0,0
91.925,0.9756,0,0,0,0
91.958,0.9756,0,0,0,0
91.993,0.9756,0,0,0,0
92.026,0.9756,0,0,0,0
92.060,0.9756,0,0,0,0
92.090,0.9756,0,0,0,0
92.129,0.9756,0,0,0,0
92.160,0.9756,0,0,0,0
92.194,0.9756,0,0,0,0
92.225,0.9756,0,0,0,0
92.261,0.9755,0,0,0,0
92.290,0.9755,0,0,0,0
92.327,0.9755,0,0,0,0
92.361,0.9755,0,0,0,0
92.393,0.9755,0,0,0,0
92.427,0.9755,0,0,0,0
92.457,0.9755,0,0,0,0
92.496,0.9755,0,0,0,0
92.517,0.9755,0,0,0,0
92.560,0.9755,0,0,0,0
92.594,0.9755,0,0,0,0
92.628,0.9755,0,0,0,0
92.660,0.9755,0,0,0,0
92.694,0.9755,0,0,0,0
92.727,0.9755,0,0,0,0
92.757,0.9755,0,0,0,0
92.793,0.9754,0,0,0,0
92.828,0.9754,0,0,0,0
92.860,0.9754,0,0,0,0
92.890,0.9754,0,0,0,0
92.926,0.9754,0,0,0,0
92.963,0.9754,0,0,0,0
92.989,0.9754,0,0,0,0
93.028,0.9754,0,0,0,0
93.067,0.9754,0,0,0,0
93.095,0.9754,0,0,0,0
93.134,0.9754,0,0,0,0
93.167,0.9754,0,0,0,0
93.197,0.9754,0,0,0,0
93.231,0.9754,0,0,0,0
93.267,0.9754,0,0,0,0
93.297,0.9754,0,0,0,0
93.334,0.9754,0,0,0,0
93.364,0.9753,0,0,0,0
93.396,0.9753,0,0,0,0
93.433,0.9753,0,0,0,0
93.465,0.9753,0,0,0,0
93.496,0.9753,0,0,0,0
93.534,0.9753,0,0,0,0
93.567,0.9753,0,0,0,0
93.597,0.9753,0,0,0,0
93.632,0.9753,0,0,0,0
93.665,0.9753,0,0,0,0
93.698,0.9753,0,0,0,0
93.731,0.9753,0,0,0,0
93.765,0.9753,0,0,0,0
93.790,0.9753,0,0,0,0
93.831,0.9753,0,0,0,0
93.865,0.9753,0,0,0,0
93.898,0.9753,0,0,0,0
93.930,0.9752,0,0,0,0
93.966,0.9752,0,0,0,0
94.001,0.9752,0,0,0,0
94.031,0.9752,0,0,0,0
94.066,0.9752,0,0,0,0
94.097,0.9752,0,0,0,0
94.133,0.9752,0,0,0,0
94.167,0.9752,0,0,0,0
94.198,0.9752,0,0,0,0
94.232,0.9752,0,0,0,0
94.267,0.9752,0,0,0,0
94.299,0.9752,0,0,0,0
94.332,0.9752,0,0,0,0
94.367,0.9752,0,0,0,0
94.399,0.9752,0,0,0,0
94.440,0.9752,0,0,0,0
94.466,0.9751,0,0,0,0
94.500,0.9751,0,0,0,0
94.530,0.9751,0,0,0,0
94.567,0.9751,0,0,0,0
94.599,0.9751,0,0,0,0
94.632,0.9751,0,0,0,0
94.666,0.9751,0,0,0,0
94.699,0.9751,0,0,0,0
94.732,0.9751,0,0,0,0
94.765,0.9751,0,0,0,0
94.799,0.9751,0,0,0,0
94.830,0.9751,0,0,0,0
94.864,0.9751,0,0,0,0
94.900,0.9751,0,0,0,0
94.932,0.9751,0,0,0,0
94.964,0.9751,0,0,0,0
94.999,0.9751,0,0,0,0
95.031,0.9751,0,0,0,0
95.063,0.9750,0,0,0,0
95.100,0.9750,0,0,0,0
95.133,0.9750,0,0,0,0
95.166,0.9750,0,0,0,0
95.197,0.9750,0,0,0,0
95.232,0.9750,0,0,0,0
95.266,0.9750,0,0,0,0
95.300,0.9750,0,0,0,0
95.331,0.9750,0,0,0,0
95.367,0.9750,0,0,0,0
95.400,0.9750,0,0,0,0
95.431,0.9750,0,0,0,0
95.464,0.9750,0,0,0,0
95.500,0.9750,0,0,0,0
95.534,0.9750,0,0,0,0
95.565,0.9750,0,0,0,0
95.599,0.9750,0,0,0,0
95.631,0.9750,0,0,0,0
95.665,0.9749,0,0,0,0
95.700,0.9749,0,0,0,0
95.732,0.9749,0,0,0,0
95.768,0.9749,0,0,0,0
95.798,0.9749,0,0,0,0
95.833,0.9749,0,0,0,0
95.867,0.9749,0,0,0,0
95.900,0.9749,0,0,0,0
95.932,0.9749,0,0,0,0
95.965,0.9749,0,0,0,0
96.000,0.9749,0,0,0,0
96.033,0.9749,0,0,0,0
96.065,0.9749,0,0,0,0
96.099,0.9749,0,0,0,0
96.132,0.9749,0,0,0,0
96.164,0.9749,0,0,0,0
96.198,0.9749,0,0,0,0
96.233,0.9749,0,0,0,0
96.265,0.9748,0,0,0,0
96.299,0.9748,0,0,0,0
96.331,0.9748,0,0,0,0
96.365,0.9748,0,0,0,0
96.399,0.9748,0,0,0,0
96.432,0.9748,0,0,0,0
96.465,0.9748,0,0,0,0
96.501,0.9748,0,0,0,0
96.531,0.9748,0,0,0,0
96.563,0.9748,0,0,0,0
96.599,0.9748,0,0,0,0
96.633,0.9748,0,0,0,0
96.667,0.9748,0,0,0,0
96.697,0.9748,0,0,0,0
96.731,0.9748,0,0,0,0
96.764,0.9748,0,0,0,0
96.800,0.9748,0,0,0,0
96.834,0.9748,0,0,0,0
96.867,0.9747,0,0,0,0
96.899,0.9747,0,0,0,0
96.933,0.9747,0,0,0,0
96.994,0.9747,0,0,0,0
97.016,0.9747,0,0,0,0
97.031,0.9747,0,0,0,0
97.068,0.9747,0,0,0,0
97.100,0.9747,0,0,0,0
97.135,0.9747,0,0,0,0
97.170,0.9747,0,0,0,0
97.202,0.9747,0,0,0,0
97.233,0.9747,0,0,0,0
97.270,0.9747,0,0,0,0
97.302,0.9747,0,0,0,0
97.336,0.9747,0,0,0,0
97.370,0.9747,0,0,0,0
97.402,0.9747,0,0,0,0
97.438,0.9747,0,0,0,0
97.468,0.9747,0,0,0,0
97.503,0.9746,0,0,0,0
97.538,0.9746,0,0,0,0
97.570,0.9746,0,0,0,0
97.599,0.9746,0,0,0,0
97.635,0.9746,0,0,0,0
97.667,0.9746,0,0,0,0
97.707,0.9746,0,0,0,0
97.736,0.9746,0,0,0,0
97.771,0.9746,0,0,0,0
97.798,0.9746,0,0,0,0
97.844,0.9746,0,0,0,0
97.868,0.9746,0,0,0,0
97.903,0.9746,0,0,0,0
97.939,0.9746,0,0,0,0
97.973,0.9746,0,0,0,0
97.994,0.9746,0,0,0,0
98.036,0.9746,0,0,0,0
98.067,0.9746,0,0,0,0
98.103,0.9746,0,0,0,0
98.129,0.9745,0,0,0,0
98.156,0.9745,0,0,0,0
98.199,0.9745,0,0,0,0
98.237,0.9745,0,0,0,0
98.263,0.9745,0,0,0,0
98.301,0.9745,0,0,0,0
98.337,0.9745,0,0,0,0
98.367,0.9745,0,0,0,0
98.402,0.9745,0,0,0,0
98.436,0.9745,0,0,0,0
98.471,0.9745,0,0,0,0
98.502,0.9745,0,0,0,0
98.536,0.9745,0,0,0,0
98.567,0.9745,0,0,0,0
98.602,0.9745,0,0,0,0
98.626,0.9745,0,0,0,0
98.667,0.9745,0,0,0,0
98.704,0.9745,0,0,0,0
98.734,0.9745,0,0,0,0
98.768,0.9745,0,0,0,0
98.801,0.9744,0,0,0,0
98.836,0.9744,0,0,0,0
98.869,0.9744,0,0,0,0
98.902,0.9744,0,0,0,0
98.933,0.9744,0,0,0,0
98.970,0.9744,0,0,0,0
99.004,0.9744,0,0,0,0
99.034,0.9744,0,0,0,0
99.069,0.9744,0,0,0,0
99.104,0.9744,0,0,0,0
99.134,0.9744,0,0,0,0
99.169,0.9744,0,0,0,0
99.202,0.9744,0,0,0,0
99.235,0.9744,0,0,0,0
99.270,0.9744,0,0,0,0
99.304,0.9744,0,0,0,0
99.335,0.9744,0,0,0,0
99.369,0.9744,0,0,0,0
99.404,0.9744,0,0,0,0
99.436,0.9744,0,0,0,0
99.469,0.9743,0,0,0,0
99.504,0.9743,0,0,0,0
99.533,0.9743,0,0,0,0
99.567,0.9743,0,0,0,0
99.604,0.9743,0,0,0,0
99.636,0.9743,0,0,0,0
99.669,0.9743,0,0,0,0
99.702,0.9743,0,0,0,0
99.735,0.9743,0,0,0,0
99.771,0.9743,0,0,0,0
99.802,0.9743,0,0,0,0
99.835,0.9743,0,0,0,0
99.870,0.9743,0,0,0,0
99.901,0.9743,0,0,0,0
99.934,0.9743,0,0,0,0
99.966,0.9743,0,0,0,0
100.005,0.9743,0,0,0,0
100.032,0.9743,0,0,0,0
100.070,0.9743,0,0,0,0
100.104,0.9743,0,0,0,0
100.136,0.9742,0,0,0,0
100.170,0.9742,0,0,0,0
100.203,0.9742,0,0,0,0
100.234,0.9742,0,0,0,0
100.268,0.9742,0,0,0,0
100.302,0.9742,0,0,0,0
100.335,0.9742,0,0,0,0
100.371,0.9742,0,0,0,0
100.400,0.9742,0,0,0,0
100.435,0.9742,0,0,0,0
100.471,0.9742,0,0,0,0
100.504,0.9742,0,0,0,0
100.535,0.9742,0,0,0,0
100.571,0.9742,0,0,0,0
100.592,0.9742,0,0,0,0
100.634,0.9742,0,0,0,0
100.657,0.9742,0,0,0,0
100.700,0.9742,0,0,0,0
100.734,0.9742,0,0,0,0
100.766,0.9742,0,0,0,0
100.806,0.9741,0,0,0,0
100.825,0.9741,0,0,0,0
100.870,0.9741,0,0,0,0
100.904,0.9741,0,0,0,0
100.936,0.9741,0,0,0,0
100.968,0.9741,0,0,0,0
101.002,0.9741,0,0,0,0
101.038,0.9741,0,0,0,0
101.070,0.9741,0,0,0,0
101.103,0.9741,0,0,0,0
101.136,0.9741,0,0,0,0
101.167,0.9741,0,0,0,0
101.202,0.9741,0,0,0,0
101.235,0.9741,0,0,0,0
101.270,0.9741,0,0,0,0
101.303,0.9741,0,0,0,0
101.335,0.9741,0,0,0,0
101.369,0.9741,0,0,0,0
101.402,0.9741,0,0,0,0
101.435,0.9741,0,0,0,0
101.470,0.9741,0,0,0,0
101.504,0.9741,0,0,0,0
101.535,0.9740,0,0,0,0
101.569,0.9740,0,0,0,0
101.605,0.9740,0,0,0,0
101.626,0.9740,0,0,0,0
101.669,0.9740,0,0,0,0
101.702,0.9740,0,0,0,0
101.734,0.9740,0,0,0,0
101.769,0.9740,0,0,0,0
101.802,0.9740,0,0,0,0
101.834,0.9740,0,0,0,0
101.867,0.9740,0,0,0,0
101.903,0.9740,0,0,0,0
101.937,0.9740,0,0,0,0
101.969,0.9740,0,0,0,0
102.003,0.9740,0,0,0,0
102.037,0.9740,0,0,0,0
102.070,0.9740,0,0,0,0
102.102,0.9740,0,0,0,0
102.138,0.9740,0,0,0,0
102.170,0.9740,0,0,0,0
102.203,0.9740,0,0,0,0
102.235,0.9740,0,0,0,0
102.269,0.9739,0,0,0,0
102.307,0.9739,0,0,0,0
102.337,0.9739,0,0,0,0
102.367,0.9739,0,0,0,0
102.400,0.9739,0,0,0,0
102.436,0.9739,0,0,0,0
102.467,0.9739,0,0,0,0
102.505,0.9739,0,0,0,0
102.538,0.9739,0,0,0,0
102.568,0.9739,0,0,0,0
102.602,0.9739,0,0,0,0
102.638,0.9739,0,0,0,0
102.670,0.9739,0,0,0,0
102.704,0.9739,0,0,0,0
102.737,0.9739,0,0,0,0
102.767,0.9739,0,0,0,0
102.800,0.9739,0,0,0,0
102.837,0.9739,0,0,0,0
102.870,0.9739,0,0,0,0
102.900,0.9739,0,0,0,0
102.938,0.9739,0,0,0,0
102.971,0.9738,0,0,0,0
103.001,0.9738,0,0,0,0
103.035,0.9738,0,0,0,0
103.067,0.9738,0,0,0,0
103.101,0.9738,0,0,0,0
103.135,0.9738,0,0,0,0
103.170,0.9738,0,0,0,0
103.202,0.9738,0,0,0,0
103.236,0.9738,0,0,0,0
103.268,0.9738,0,0,0,0
103.301,0.9738,0,0,0,0
103.336,0.9738,0,0,0,0
103.368,0.9738,0,0,0,0
103.402,0.9738,0,0,0,0
103.434,0.9738,0,0,0,0
103.471,0.9738,0,0,0,0
103.502,0.9738,0,0,0,0
103.535,0.9738,0,0,0,0
103.571,0.9738,0,0,0,0
103.601,0.9738,0,0,0,0
103.636,0.9738,0,0,0,0
103.669,0.9738,0,0,0,0
103.703,0.9738,0,0,0,0
103.739,0.9737,0,0,0,0
103.768,0.9737,0,0,0,0
103.805,0.9737,0,0,0,0
103.836,0.9737,0,0,0,0
103.865,0.9737,0,0,0,0
103.900,0.9737,0,0,0,0
103.932,0.9737,0,0,0,0
103.968,0.9737,0,0,0,0
103.993,0.9737,0,0,0,0
104.032,0.9737,0,0,0,0
104.070,0.9737,0,0,0,0
104.094,0.9737,0,0,0,0
104.133,0.9737,0,0,0,0
104.169,0.9737,0,0,0,0
104.195,0.9737,0,0,0,0
104.238,0.9737,0,0,0,0
104.260,0.9737,0,0,0,0
104.303,0.9737,0,0,0,0
104.334,0.9737,0,0,0,0
104.367,0.9737,0,0,0,0
104.403,0.9737,0,0,0,0
104.435,0.9737,0,0,0,0
104.466,0.9737,0,0,0,0
104.490,0.9736,0,0,0,0
104.532,0.9736,0,0,0,0
104.570,0.9736,0,0,0,0
104.603,0.9736,0,0,0,0
104.635,0.9736,0,0,0,0
104.669,0.9736,0,0,0,0
104.700,0.9736,0,0,0,0
104.739,0.9736,0,0,0,0
104.763,0.9736,0,0,0,0
104.801,0.9736,0,0,0,0
104.827,0.9736,0,0,0,0
104.866,0.9736,0,0,0,0
104.892,0.9736,0,0,0,0
104.937,0.9736,0,0,0,0
104.965,0.9736,0,0,0,0
105.000,0.9736,0,0,0,0
105.035,0.9736,0,0,0,0
105.070,0.9736,0,0,0,0
105.103,0.9736,0,0,0,0
105.134,0.9736,0,0,0,0
105.170,0.9736,0,0,0,0
105.202,0.9736,0,0,0,0
105.235,0.9736,0,0,0,0
105.266,0.9735,0,0,0,0
105.300,0.9735,0,0,0,0
105.335,0.9735,0,0,0,0
105.369,0.9735,0,0,0,0
105.402,0.9735,0,0,0,0
105.434,0.9735,0,0,0,0
105.471,0.9735,0,0,0,0
105.501,0.9735,0,0,0,0
105.538,0.9735,0,0,0,0
105.569,0.9735,0,0,0,0
105.604,0.9735,0,0,0,0
105.634,0.9735,0,0,0,0
105.670,0.9735,0,0,0,0
105.704,0.9735,0,0,0,0
105.735,0.9735,0,0,0,0
105.768,0.9735,0,0,0,0
105.802,0.9735,0,0,0,0
105.835,0.9735,0,0,0,0
105.866,0.9735,0,0,0,0
105.899,0.9735,0,0,0,0
105.935,0.9735,0,0,0,0
105.969,0.9735,0,0,0,0
106.002,0.9735,0,0,0,0
106.035,0.9735,0,0,0,0
106.068,0.9734,0,0,0,0
106.102,0.9734,0,0,0,0
106.136,0.9734,0,0,0,0
106.170,0.9734,0,0,0,0
106.200,0.9734,0,0,0,0
106.237,0.9734,0,0,0,0
106.268,0.9734,0,0,0,0
106.300,0.9734,0,0,0,0
106.336,0.9734,0,0,0,0
106.368,0.9734,0,0,0,0
106.401,0.9734,0,0,0,0
106.436,0.9734,0,0,0,0
106.471,0.9734,0,0,0,0
106.500,0.9734,0,0,0,0
106.535,0.9734,0,0,0,0
106.568,0.9734,0,0,0,0
106.601,0.9734,0,0,0,0
106.635,0.9734,0,0,0,0
106.669,0.9734,0,0,0,0
106.703,0.9734,0,0,0,0
106.737,0.9734,0,0,0,0
106.767,0.9734,0,0,0,0
106.801,0.9734,0,0,0,0
106.835,0.9734,0,0,0,0
106.868,0.9734,0,0,0,0
106.903,0.9733,0,0,0,0
106.934,0.9733,0,0,0,0
106.971,0.9733,0,0,0,0
107.004,0.9733,0,0,0,0
107.035,0.9733,0,0,0,0
107.068,0.9733,0,0,0,0
107.102,0.9733,0,0,0,0
107.135,0.9733,0,0,0,0
107.167,0.9733,0,0,0,0
107.202,0.9733,0,0,0,0
107.233,0.9733,0,0,0,0
107.267,0.9733,0,0,0,0
107.302,0.9733,0,0,0,0
107.338,0.9733,0,0,0,0
107.369,0.9733,0,0,0,0
107.400,0.9733,0,0,0,0
107.433,0.9733,0,0,0,0
107.469,0.9733,0,0,0,0
107.499,0.9733,0,0,0,0
107.533,0.9733,0,0,0,0
107.569,0.9733,0,0,0,0
107.592,0.9733,0,0,0,0
107.637,0.9733,0,0,0,0
107.660,0.9733,0,0,0,0
107.700,0.9732,0,0,0,0
107.734,0.9732,0,0,0,0
107.771,0.9732,0,0,0,0
107.799,0.9732,0,0,0,0
107.838,0.9732,0,0,0,0
107.860,0.9732,0,0,0,0
107.904,0.9732,0,0,0,0
107.928,0.9732,0,0,0,0
107.972,0.9732,0,0,0,0
108.002,0.9732,0,0,0,0
108.028,0.9732,0,0,0,0
108.067,0.9732,0,0,0,0
108.092,0.9732,0,0,0,0
108.136,0.9732,0,0,0,0
108.171,0.9732,0,0,0,0
108.202,0.9732,0,0,0,0
108.234,0.9732,0,0,0,0
108.267,0.9732,0,0,0,0
108.302,0.9732,0,0,0,0
108.335,0.9732,0,0,0,0
108.373,0.9732,0,0,0,0
108.394,0.9732,0,0,0,0
108.440,0.9732,0,0,0,0
108.463,0.9732,0,0,0,0
108.499,0.9732,0,0,0,0
108.536,0.9732,0,0,0,0
108.569,0.9731,0,0,0,0
108.599,0.9731,0,0,0,0
108.632,0.9731,0,0,0,0
108.670,0.9731,0,0,0,0
108.699,0.9731,0,0,0,0
108.733,0.9731,0,0,0,0
108.769,0.9731,0,0,0,0
108.803,0.9731,0,0,0,0
108.833,0.9731,0,0,0,0
108.868,0.9731,0,0,0,0
108.903,0.9731,0,0,0,0
108.933,0.9731,0,0,0,0
108.969,0.9731,0,0,0,0
109.004,0.9731,0,0,0,0
109.036,0.9731,0,0,0,0
109.068,0.9731,0,0,0,0
109.100,0.9731,0,0,0,0
109.136,0.9731,0,0,0,0
109.167,0.9731,0,0,0,0
109.204,0.9731,0,0,0,0
109.237,0.9731,0,0,0,0
109.269,0.9731,0,0,0,0
109.303,0.9731,0,0,0,0
109.334,0.9731,0,0,0,0
109.370,0.9731,0,0,0,0
109.402,0.9731,0,0,0,0
109.432,0.9730,0,0,0,0
109.457,0.9730,0,0,0,0
109.500,0.9730,0,0,0,0
109.532,0.9730,0,0,0,0
109.569,0.9730,0,0,0,0
109.603,0.9730,0,0,0,0
109.637,0.9730,0,0,0,0
109.668,0.9730,0,0,0,0
109.704,0.9730,0,0,0,0
109.737,0.9730,0,0,0,0
109.770,0.9730,0,0,0,0
109.800,0.9730,0,0,0,0
109.838,0.9730,0,0,0,0
109.870,0.9730,0,0,0,0
109.902,0.9730,0,0,0,0
109.935,0.9730,0,0,0,0
109.970,0.9730,0,0,0,0
110.004,0.9730,0,0,0,0
110.074,0.9730,0,0,0,0
110.100,0.9730,0,0,0,0
110.138,0.9730,0,0,0,0
110.173,0.9730,0,0,0,0
110.204,0.9730,0,0,0,0
110.241,0.9730,0,0,0,0
110.270,0.9730,0,0,0,0
110.304,0.9729,0,0,0,0
110.340,0.9729,0,0,0,0
110.374,0.9729,0,0,0,0
110.411,0.9729,0,0,0,0
110.440,0.9729,0,0,0,0
110.470,0.9729,0,0,0,0
110.514,0.9729,0,0,0,0
110.537,0.9729,0,0,0,0
110.573,0.9729,0,0,0,0
110.612,0.9729,0,0,0,0
110.640,0.9729,0,0,0,0
110.676,0.9729,0,0,0,0
110.706,0.9729,0,0,0,0
110.740,0.9729,0,0,0,0
110.771,0.9729,0,0,0,0
110.811,0.9729,0,0,0,0
110.839,0.9729,0,0,0,0
110.872,0.9729,0,0,0,0
110.905,0.9729,0,0,0,0
110.928,0.9729,0,0,0,0
110.971,0.9729,0,0,0,0
111.007,0.9729,0,0,0,0
111.043,0.9729,0,0,0,0
111.074,0.9729,0,0,0,0
111.107,0.9729,0,0,0,0
111.145,0.9729,0,0,0,0
111.173,0.9729,0,0,0,0
111.205,0.9728,0,0,0,0
111.240,0.9728,0,0,0,0
111.262,0.9728,0,0,0,0
111.307,0.9728,0,0,0,0
111.330,0.9728,0,0,0,0
111.371,0.9728,0,0,0,0
111.409,0.9728,0,0,0,0
111.441,0.9728,0,0,0,0
111.471,0.9728,0,0,0,0
111.508,0.9728,0,0,0,0
111.542,0.9728,0,0,0,0
111.575,0.9728,0,0,0,0
111.607,0.9728,0,0,0,0
111.640,0.9728,0,0,0,0
111.671,0.9728,0,0,0,0
111.712,0.9728,0,0,0,0
111.741,0.9728,0,0,0,0
111.771,0.9728,0,0,0,0
111.806,0.9728,0,0,0,0
111.842,0.9728,0,0,0,0
111.875,0.9728,0,0,0,0
111.908,0.9728,0,0,0,0
111.939,0.9728,0,0,0,0
111.970,0.9728,0,0,0,0
112.004,0.9728,0,0,0,0
112.041,0.9728,0,0,0,0
112.080,0.9728,0,0,0,0
112.103,0.9728,0,0,0,0
112.142,0.9727,0,0,0,0
112.172,0.9727,0,0,0,0
112.213,0.9727,0,0,0,0
112.241,0.9727,0,0,0,0
112.277,0.9727,0,0,0,0
112.304,0.9727,0,0,0,0
112.343,0.9727,0,0,0,0
112.372,0.9727,0,0,0,0
112.408,0.9727,0,0,0,0
112.439,0.9727,0,0,0,0
112.472,0.9727,0,0,0,0
112.509,0.9727,0,0,0,0
112.530,0.9727,0,0,0,0
112.571,0.9727,0,0,0,0
112.605,0.9727,0,0,0,0
112.638,0.9727,0,0,0,0
112.675,0.9727,0,0,0,0
112.705,0.9727,0,0,0,0
112.740,0.9727,0,0,0,0
112.771,0.9727,0,0,0,0
112.809,0.9727,0,0,0,0
112.838,0.9727,0,0,0,0
112.873,0.9727,0,0,0,0
112.907,0.9727,0,0,0,0
112.945,0.9727,0,0,0,0
112.972,0.9727,0,0,0,0
113.006,0.9727,0,0,0,0
113.043,0.9727,0,0,0,0
113.064,0.9727,0,0,0,0
113.106,0.9726,0,0,0,0
113.139,0.9726,0,0,0,0
113.174,0.9726,0,0,0,0
113.207,0.9726,0,0,0,0
113.242,0.9726,0,0,0,0
113.272,0.9726,0,0,0,0
113.305,0.9726,0,0,0,0
113.339,0.9726,0,0,0,0
113.372,0.9726,0,0,0,0
113.407,0.9726,0,0,0,0
113.437,0.9726,0,0,0,0
113.471,0.9726,0,0,0,0
113.504,0.9726,0,0,0,0
113.539,0.9726,0,0,0,0
113.570,0.9726,0,0,0,0
113.606,0.9726,0,0,0,0
113.642,0.9726,0,0,0,0
113.675,0.9726,0,0,0,0
113.706,0.9726,0,0,0,0
113.740,0.9726,0,0,0,0
113.775,0.9726,0,0,0,0
113.804,0.9726,0,0,0,0
113.838,0.9726,0,0,0,0
113.875,0.9726,0,0,0,0
113.910,0.9726,0,0,0,0
113.940,0.9726,0,0,0,0
113.970,0.9726,0,0,0,0
114.007,0.9726,0,0,0,0
114.042,0.9725,0,0,0,0
114.071,0.9725,0,0,0,0
114.108,0.9725,0,0,0,0
114.140,0.9725,0,0,0,0
114.174,0.9725,0,0,0,0
114.196,0.9725,0,0,0,0
114.236,0.9725,0,0,0,0
114.275,0.9725,0,0,0,0
114.306,0.9725,0,0,0,0
114.339,0.9725,0,0,0,0
114.373,0.9725,0,0,0,0
114.404,0.9725,0,0,0,0
114.438,0.9725,0,0,0,0
114.473,0.9725,0,0,0,0
114.507,0.9725,0,0,0,0
114.539,0.9725,0,0,0,0
114.575,0.9725,0,0,0,0
114.610,0.9725,0,0,0,0
114.641,0.9725,0,0,0,0
114.672,0.9725,0,0,0,0
114.708,0.9725,0,0,0,0
114.741,0.9725,0,0,0,0
114.773,0.9725,0,0,0,0
114.807,0.9725,0,0,0,0
114.840,0.9725,0,0,0,0
114.873,0.9725,0,0,0,0
114.905,0.9725,0,0,0,0
114.938,0.9725,0,0,0,0
114.974,0.9725,0,0,0,0
115.007,0.9725,0,0,0,0
115.040,0.9724,0,0,0,0
115.073,0.9724,0,0,0,0
115.104,0.9724,0,0,0,0
115.138,0.9724,0,0,0,0
115.172,0.9724,0,0,0,0
115.205,0.9724,0,0,0,0
115.237,0.9724,0,0,0,0
115.276,0.9724,0,0,0,0
115.312,0.9724,0,0,0,0
115.338,0.9724,0,0,0,0
115.372,0.9724,0,0,0,0
115.409,0.9724,0,0,0,0
115.440,0.9724,0,0,0,0
115.473,0.9724,0,0,0,0
115.505,0.9724,0,0,0,0
115.540,0.9724,0,0,0,0
115.572,0.9724,0,0,0,0
115.607,0.9724,0,0,0,0
115.639,0.9724,0,0,0,0
115.671,0.9724,0,0,0,0
115.706,0.9724,0,0,0,0
115.729,0.9724,0,0,0,0
115.776,0.9724,0,0,0,0
115.806,0.9724,0,0,0,0
115.838,0.9724,0,0,0,0
115.871,0.9724,0,0,0,0
115.906,0.9724,0,0,0,0
115.942,0.9724,0,0,0,0
115.971,0.9724,0,0,0,0
116.004,0.9724,0,0,0,0
116.042,0.9723,0,0,0,0
116.075,0.9723,0,0,0,0
116.105,0.9723,0,0,0,0
116.153,0.9723,0,0,0,0
116.171,0.9723,0,0,0,0
116.204,0.9723,0,0,0,0
116.237,0.9723,0,0,0,0
116.271,0.9723,0,0,0,0
116.304,0.9723,0,0,0,0
116.337,0.9723,0,0,0,0
116.370,0.9723,0,0,0,0
116.403,0.9723,0,0,0,0
116.437,0.9723,0,0,0,0
116.470,0.9723,0,0,0,0
116.503,0.9723,0,0,0,0
116.536,0.9723,0,0,0,0
116.569,0.9723,0,0,0,0
116.604,0.9723,0,0,0,0
116.636,0.9723,0,0,0,0
116.670,0.9723,0,0,0,0
116.863,0.9723,0,0,0,0
116.918,0.9723,0,0,0,0
116.931,0.9723,0,0,0,0
116.960,0.9723,0,0,0,0
116.993,0.9723,0,0,0,0
117.031,0.9723,0,0,0,0
117.068,0.9723,0,0,0,0
117.095,0.9722,0,0,0,0
117.130,0.9722,0,0,0,0
117.162,0.9722,0,0,0,0
117.196,0.9722,0,0,0,0
117.228,0.9722,0,0,0,0
117.263,0.9722,0,0,0,0
117.297,0.9722,0,0,0,0
117.331,0.9722,0,0,0,0
117.364,0.9722,0,0,0,0
117.395,0.9722,0,0,0,0
117.427,0.9722,0,0,0,0
117.470,0.9722,0,0,0,0
117.494,0.9722,0,0,0,0
117.532,0.9722,0,0,0,0
117.564,0.9722,0,0,0,0
117.598,0.9722,0,0,0,0
117.629,0.9722,0,0,0,0
117.662,0.9722,0,0,0,0
117.691,0.9722,0,0,0,0
117.730,0.9722,0,0,0,0
117.763,0.9722,0,0,0,0
117.795,0.9722,0,0,0,0
117.832,0.9722,0,0,0,0
117.860,0.9722,0,0,0,0
117.894,0.9722,0,0,0,0
117.931,0.9722,0,0,0,0
117.965,0.9722,0,0,0,0
117.994,0.9722,0,0,0,0
118.030,0.9722,0,0,0,0
118.061,0.9722,0,0,0,0
118.096,0.9722,0,0,0,0
118.128,0.9722,0,0,0,0
118.164,0.9721,0,0,0,0
118.195,0.9721,0,0,0,0
118.227,0.9721,0,0,0,0
118.264,0.9721,0,0,0,0
118.294,0.9721,0,0,0,0
118.327,0.9721,0,0,0,0
118.364,0.9721,0,0,0,0
118.394,0.9721,0,0,0,0
118.431,0.9721,0,0,0,0
118.462,0.9721,0,0,0,0
118.497,0.9721,0,0,0,0
118.530,0.9721,0,0,0,0
118.566,0.9721,0,0,0,0
118.899,0.9721,0,0,0,0
118.937,0.9721,0,0,0,0
118.955,0.9721,0,0,0,0
118.979,0.9721,0,0,0,0
119.016,0.9721,0,0,0,0
119.046,0.9721,0,0,0,0
119.083,0.9721,0,0,0,0
119.112,0.9721,0,0,0,0
119.150,0.9721,0,0,0,0
119.183,0.9721,0,0,0,0
119.216,0.9721,0,0,0,0
119.248,0.9720,0,0,0,0
119.278,0.9720,0,0,0,0
119.311,0.9720,0,0,0,0
119.349,0.9720,0,0,0,0
119.381,0.9720,0,0,0,0
119.414,0.9720,0,0,0,0
119.445,0.9720,0,0,0,0
119.482,0.9720,0,0,0,0
119.515,0.9720,0,0,0,0
119.547,0.9720,0,0,0,0
119.583,0.9720,0,0,0,0
119.615,0.9720,0,0,0,0
119.645,0.9720,0,0,0,0
119.681,0.9720,0,0,0,0
119.718,0.9720,0,0,0,0
119.748,0.9720,0,0,0,0
119.780,0.9720,0,0,0,0
119.817,0.9720,0,0,0,0
119.846,0.9720,0,0,0,0
119.878,0.9720,0,0,0,0
119.912,0.9720,0,0,0,0
119.946,0.9720,0,0,0,0
119.984,0.9720,0,0,0,0
120.013,0.9720,0,0,0,0
120.046,0.9720,0,0,0,0
120.080,0.9720,0,0,0,0
120.115,0.9720,0,0,0,0
120.147,0.9720,0,0,0,0
120.178,0.9720,0,0,0,0
120.212,0.9720,0,0,0,0
120.245,0.9720,0,0,0,0
120.280,0.9720,0,0,0,0
120.315,0.9720,0,0,0,0
120.345,0.9719,0,0,0,0
120.383,0.9719,0,0,0,0
120.412,0.9719,0,0,0,0
120.448,0.9719,0,0,0,0
120.481,0.9719,0,0,0,0
120.515,0.9719,0,0,0,0
120.546,0.9719,0,0,0,0
120.579,0.9719,0,0,0,0
120.615,0.9719,0,0,0,0
120.647,0.9719,0,0,0,0
120.681,0.9719,0,0,0,0
120.716,0.9719,0,0,0,0
120.747,0.9719,0,0,0,0
120.780,0.9719,0,0,0,0
120.813,0.9719,0,0,0,0
120.841,0.9719,0,0,0,0
120.881,0.9719,0,0,0,0
120.915,0.9719,0,0,0,0
120.945,0.9719,0,0,0,0
120.981,0.9719,0,0,0,0
121.013,0.9719,0,0,0,0
121.045,0.9719,0,0,0,0
121.081,0.9719,0,0,0,0
121.115,0.9719,0,0,0,0
121.149,0.9719,0,0,0,0
121.179,0.9719,0,0,0,0
121.213,0.9719,0,0,0,0
121.247,0.9719,0,0,0,0
121.280,0.9719,0,0,0,0
121.316,0.9719,0,0,0,0
121.347,0.9719,0,0,0,0
121.379,0.9719,0,0,0,0
121.416,0.9719,0,0,0,0
121.449,0.9719,0,0,0,0
121.479,0.9719,0,0,0,0
121.514,0.9718,0,0,0,0
121.549,0.9718,0,0,0,0
121.581,0.9718,0,0,0,0
121.614,0.9718,0,0,0,0
121.646,0.9718,0,0,0,0
121.679,0.9718,0,0,0,0
121.716,0.9718,0,0,0,0
121.748,0.9718,0,0,0,0
121.781,0.9718,0,0,0,0
121.818,0.9718,0,0,0,0
121.849,0.9718,0,0,0,0
121.879,0.9718,0,0,0,0
121.916,0.9718,0,0,0,0
121.950,0.9718,0,0,0,0
121.982,0.9718,0,0,0,0
122.018,0.9718,0,0,0,0
122.048,0.9718,0,0,0,0
122.080,0.9718,0,0,0,0
122.116,0.9718,0,0,0,0
122.148,0.9718,0,0,0,0
122.181,0.9718,0,0,0,0
122.213,0.9718,0,0,0,0
122.249,0.9718,0,0,0,0
122.281,0.9718,0,0,0,0
122.313,0.9718,0,0,0,0
122.347,0.9718,0,0,0,0
122.380,0.9718,0,0,0,0
122.416,0.9718,0,0,0,0
122.448,0.9718,0,0,0,0
122.480,0.9718,0,0,0,0
122.513,0.9718,0,0,0,0
122.548,0.9718,0,0,0,0
122.579,0.9718,0,0,0,0
122.614,0.9718,0,0,0,0
122.648,0.9717,0,0,0,0
122.682,0.9717,0,0,0,0
122.715,0.9717,0,0,0,0
122.747,0.9717,0,0,0,0
122.794,0.9717,0,0,0,0
122.813,0.9717,0,0,0,0
122.849,0.9717,0,0,0,0
122.881,0.9717,0,0,0,0
122.919,0.9717,0,0,0,0
122.953,0.9717,0,0,0,0
122.975,0.9717,0,0,0,0
123.019,0.9717,0,0,0,0
123.052,0.9717,0,0,0,0
123.083,0.9717,0,0,0,0
123.118,0.9717,0,0,0,0
123.150,0.9717,0,0,0,0
123.184,0.9717,0,0,0,0
123.217,0.9717,0,0,0,0
123.251,0.9717,0,0,0,0
123.283,0.9717,0,0,0,0
123.319,0.9717,0,0,0,0
123.352,0.9717,0,0,0,0
123.375,0.9717,0,0,0,0
123.415,0.9717,0,0,0,0
123.446,0.9717,0,0,0,0
123.483,0.9717,0,0,0,0
123.519,0.9717,0,0,0,0
123.551,0.9717,0,0,0,0
123.585,0.9717,0,0,0,0
123.616,0.9717,0,0,0,0
123.653,0.9717,0,0,0,0
123.687,0.9717,0,0,0,0
123.717,0.9717,0,0,0,0
123.752,0.9717,0,0,0,0
123.784,0.9717,0,0,0,0
123.818,0.9717,0,0,0,0
123.852,0.9716,0,0,0,0
123.883,0.9716,0,0,0,0
123.919,0.9716,0,0,0,0
123.952,0.9716,0,0,0,0
123.984,0.9716,0,0,0,0
124.019,0.9716,0,0,0,0
124.051,0.9716,0,0,0,0
124.087,0.9716,0,0,0,0
124.119,0.9716,0,0,0,0
124.151,0.9716,0,0,0,0
124.187,0.9716,0,0,0,0
124.217,0.9716,0,0,0,0
124.250,0.9716,0,0,0,0
124.287,0.9716,0,0,0,0
124.319,0.9716,0,0,0,0
124.352,0.9716,0,0,0,0
124.384,0.9716,0,0,0,0
124.419,0.9716,0,0,0,0
124.452,0.9716,0,0,0,0
124.487,0.9716,0,0,0,0
124.519,0.9716,0,0,0,0
124.553,0.9716,0,0,0,0
124.584,0.9716,0,0,0,0
124.617,0.9716,0,0,0,0
124.650,0.9716,0,0,0,0
124.686,0.9716,0,0,0,0
124.717,0.9716,0,0,0,0
124.754,0.9716,0,0,0,0
124.777,0.9716,0,0,0,0
124.819,0.9716,0,0,0,0
124.852,0.9716,0,0,0,0
124.884,0.9716,0,0,0,0
124.919,0.9716,0,0,0,0
124.953,0.9716,0,0,0,0
124.986,0.9716,0,0,0,0
125.016,0.9716,0,0,0,0
125.052,0.9716,0,0,0,0
125.086,0.9715,0,0,0,0
125.118,0.9715,0,0,0,0
125.152,0.9715,0,0,0,0
125.186,0.9715,0,0,0,0
125.216,0.9715,0,0,0,0
125.249,0.9715,0,0,0,0
125.286,0.9715,0,0,0,0
125.318,0.9715,0,0,0,0
125.350,0.9715,0,0,0,0
125.385,0.9715,0,0,0,0
125.418,0.9715,0,0,0,0
125.451,0.9715,0,0,0,0
125.484,0.9715,0,0,0,0
125.519,0.9715,0,0,0,0
125.552,0.9715,0,0,0,0
125.585,0.9715,0,0,0,0
125.618,0.9715,0,0,0,0
125.651,0.9715,0,0,0,0
125.684,0.9715,0,0,0,0
125.718,0.9715,0,0,0,0
125.752,0.9715,0,0,0,0
125.785,0.9715,0,0,0,0
125.818,0.9715,0,0,0,0
125.853,0.9715,0,0,0,0
125.883,0.9715,0,0,0,0
125.918,0.9715,0,0,0,0
125.952,0.9715,0,0,0,0
125.983,0.9715,0,0,0,0
126.019,0.9715,0,0,0,0
126.053,0.9715,0,0,0,0
126.085,0.9715,0,0,0,0
126.118,0.9715,0,0,0,0
126.150,0.9715,0,0,0,0
126.184,0.9715,0,0,0,0
126.216,0.9715,0,0,0,0
126.251,0.9715,0,0,0,0
126.286,0.9715,0,0,0,0
126.317,0.9715,0,0,0,0
126.350,0.9714,0,0,0,0
126.387,0.9714,0,0,0,0
126.418,0.9714,0,0,0,0
126.450,0.9714,0,0,0,0
126.484,0.9714,0,0,0,0
126.520,0.9714,0,0,0,0
126.552,0.9714,0,0,0,0
126.583,0.9714,0,0,0,0
126.618,0.9714,0,0,0,0
126.652,0.9714,0,0,0,0
126.683,0.9714,0,0,0,0
126.718,0.9714,0,0,0,0
126.753,0.9714,0,0,0,0
126.784,0.9714,0,0,0,0
126.819,0.9714,0,0,0,0
126.847,0.9714,0,0,0,0
126.883,0.9714,0,0,0,0
126.917,0.9714,0,0,0,0
126.951,0.9714,0,0,0,0
126.982,0.9714,0,0,0,0
127.015,0.9714,0,0,0,0
127.050,0.9714,0,0,0,0
127.084,0.9714,0,0,0,0
127.117,0.9714,0,0,0,0
127.153,0.9714,0,0,0,0
127.184,0.9714,0,0,0,0
127.219,0.9714,0,0,0,0
127.251,0.9714,0,0,0,0
127.285,0.9714,0,0,0,0
127.318,0.9714,0,0,0,0
127.355,0.9714,0,0,0,0
127.379,0.9714,0,0,0,0
127.421,0.9714,0,0,0,0
127.456,0.9714,0,0,0,0
127.485,0.9714,0,0,0,0
127.521,0.9714,0,0,0,0
127.554,0.9714,0,0,0,0
127.585,0.9714,0,0,0,0
127.619,0.9713,0,0,0,0
127.651,0.9713,0,0,0,0
127.686,0.9713,0,0,0,0
127.720,0.9713,0,0,0,0
127.751,0.9713,0,0,0,0
127.785,0.9713,0,0,0,0
127.808,0.9713,0,0,0,0
127.852,0.9713,0,0,0,0
127.888,0.9713,0,0,0,0
127.919,0.9713,0,0,0,0
127.952,0.9713,0,0,0,0
127.986,0.9713,0,0,0,0
128.018,0.9713,0,0,0,0
128.054,0.9713,0,0,0,0
128.088,0.9713,0,0,0,0
128.118,0.9713,0,0,0,0
128.151,0.9713,0,0,0,0
128.185,0.9713,0,0,0,0
128.220,0.9713,0,0,0,0
128.253,0.9713,0,0,0,0
128.287,0.9713,0,0,0,0
128.321,0.9713,0,0,0,0
128.352,0.9713,0,0,0,0
128.387,0.9713,0,0,0,0
128.417,0.9713,0,0,0,0
128.454,0.9713,0,0,0,0
128.485,0.9713,0,0,0,0
128.519,0.9713,0,0,0,0
128.554,0.9713,0,0,0,0
128.588,0.9713,0,0,0,0
128.618,0.9713,0,0,0,0
128.654,0.9713,0,0,0,0
128.688,0.9713,0,0,0,0
128.718,0.9713,0,0,0,0
128.755,0.9713,0,0,0,0
128.791,0.9713,0,0,0,0
128.818,0.9713,0,0,0,0
128.852,0.9713,0,0,0,0
128.885,0.9713,0,0,0,0
128.918,0.9712,0,0,0,0
128.953,0.9712,0,0,0,0
128.985,0.9712,0,0,0,0
129.018,0.9712,0,0,0,0
129.051,0.9712,0,0,0,0
129.084,0.9712,0,0,0,0
129.119,0.9712,0,0,0,0
129.153,0.9712,0,0,0,0
129.187,0.9712,0,0,0,0
129.219,0.9712,0,0,0,0
129.252,0.9712,0,0,0,0
129.287,0.9712,0,0,0,0
129.318,0.9712,0,0,0,0
129.352,0.9712,0,0,0,0
129.386,0.9712,0,0,0,0
129.418,0.9712,0,0,0,0
129.454,0.9712,0,0,0,0
129.486,0.9712,0,0,0,0
129.519,0.9712,0,0,0,0
129.552,0.9712,0,0,0,0
129.584,0.9712,0,0,0,0
129.617,0.9712,0,0,0,0
129.652,0.9712,0,0,0,0
129.687,0.9712,0,0,0,0
129.719,0.9712,0,0,0,0
129.753,0.9712,0,0,0,0
129.785,0.9712,0,0,0,0
129.817,0.9712,0,0,0,0
129.851,0.9712,0,0,0,0
129.887,0.9712,0,0,0,0
129.919,0.9712,0,0,0,0
129.952,0.9712,0,0,0,0
129.988,0.9712,0,0,0,0
130.018,0.9712,0,0,0,0
130.051,0.9712,0,0,0,0
130.082,0.9712,0,0,0,0
130.117,0.9712,0,0,0,0
130.153,0.9712,0,0,0,0
130.188,0.9712,0,0,0,0
130.219,0.9712,0,0,0,0
130.251,0.9711,0,0,0,0
130.286,0.9711,0,0,0,0
130.318,0.9711,0,0,0,0
130.352,0.9711,0,0,0,0
130.388,0.9711,0,0,0,0
130.419,0.9711,0,0,0,0
130.453,0.9711,0,0,0,0
130.486,0.9711,0,0,0,0
130.517,0.9711,0,0,0,0
130.554,0.9711,0,0,0,0
130.587,0.9711,0,0,0,0
130.618,0.9711,0,0,0,0
130.654,0.9711,0,0,0,0
130.684,0.9711,0,0,0,0
130.720,0.9711,0,0,0,0
130.752,0.9711,0,0,0,0
130.787,0.9711,0,0,0,0
130.821,0.9711,0,0,0,0
130.854,0.9711,0,0,0,0
130.888,0.9711,0,0,0,0
130.920,0.9711,0,0,0,0
130.951,0.9711,0,0,0,0
130.984,0.9711,0,0,0,0
131.020,0.9711,0,0,0,0
131.053,0.9711,0,0,0,0
131.085,0.9711,0,0,0,0
131.120,0.9711,0,0,0,0
131.152,0.9711,0,0,0,0
131.188,0.9711,0,0,0,0
131.219,0.9711,0,0,0,0
131.252,0.9711,0,0,0,0
131.286,0.9711,0,0,0,0
131.321,0.9711,0,0,0,0
131.354,0.9711,0,0,0,0
131.388,0.9711,0,0,0,0
131.422,0.9711,0,0,0,0
131.454,0.9711,0,0,0,0
131.488,0.9711,0,0,0,0
131.524,0.9711,0,0,0,0
131.552,0.9711,0,0,0,0
131.585,0.9711,0,0,0,0
131.619,0.9711,0,0,0,0
131.652,0.9710,0,0,0,0
131.688,0.9710,0,0,0,0
131.720,0.9710,0,0,0,0
131.753,0.9710,0,0,0,0
131.783,0.9710,0,0,0,0
131.817,0.9710,0,0,0,0
131.853,0.9710,0,0,0,0
131.886,0.9710,0,0,0,0
131.918,0.9710,0,0,0,0
131.952,0.9710,0,0,0,0
131.984,0.9710,0,0,0,0
132.017,0.9710,0,0,0,0
132.051,0.9710,0,0,0,0
132.088,0.9710,0,0,0,0
132.119,0.9710,0,0,0,0
132.151,0.9710,0,0,0,0
132.187,0.9710,0,0,0,0
132.221,0.9710,0,0,0,0
132.253,0.9710,0,0,0,0
132.287,0.9710,0,0,0,0
132.321,0.9710,0,0,0,0
132.351,0.9710,0,0,0,0
132.384,0.9710,0,0,0,0
132.421,0.9710,0,0,0,0
132.451,0.9710,0,0,0,0
132.486,0.9710,0,0,0,0
132.518,0.9710,0,0,0,0
132.551,0.9710,0,0,0,0
132.584,0.9710,0,0,0,0
132.620,0.9710,0,0,0,0
132.654,0.9710,0,0,0,0
132.688,0.9710,0,0,0,0
132.719,0.9710,0,0,0,0
132.751,0.9710,0,0,0,0
132.787,0.9710,0,0,0,0
132.809,0.9710,0,0,0,0
132.854,0.9710,0,0,0,0
132.886,0.9710,0,0,0,0
132.921,0.9710,0,0,0,0
132.951,0.9710,0,0,0,0
132.986,0.9710,0,0,0,0
133.018,0.9710,0,0,0,0
133.051,0.9710,0,0,0,0
133.086,0.9709,0,0,0,0
133.120,0.9709,0,0,0,0
133.163,0.9709,0,0,0,0
133.184,0.9709,0,0,0,0
133.218,0.9709,0,0,0,0
133.253,0.9709,0,0,0,0
133.285,0.9709,0,0,0,0
133.321,0.9709,0,0,0,0
133.354,0.9709,0,0,0,0
133.388,0.9709,0,0,0,0
133.421,0.9709,0,0,0,0
133.455,0.9709,0,0,0,0
133.487,0.9709,0,0,0,0
133.521,0.9709,0,0,0,0
133.554,0.9709,0,0,0,0
133.585,0.9709,0,0,0,0
133.617,0.9709,0,0,0,0
133.651,0.9709,0,0,0,0
133.684,0.9709,0,0,0,0
133.721,0.9709,0,0,0,0
133.751,0.9709,0,0,0,0
133.787,0.9709,0,0,0,0
133.819,0.9709,0,0,0,0
133.854,0.9709,0,0,0,0
133.887,0.9709,0,0,0,0
133.919,0.9709,0,0,0,0
133.951,0.9709,0,0,0,0
133.985,0.9709,0,0,0,0
134.010,0.9709,0,0,0,0
134.053,0.9709,0,0,0,0
134.087,0.9709,0,0,0,0
134.119,0.9709,0,0,0,0
134.153,0.9709,0,0,0,0
134.187,0.9709,0,0,0,0
134.220,0.9709,0,0,0,0
134.252,0.9709,0,0,0,0
134.285,0.9709,0,0,0,0
134.319,0.9709,0,0,0,0
134.354,0.9709,0,0,0,0
134.387,0.9709,0,0,0,0
134.418,0.9709,0,0,0,0
134.451,0.9709,0,0,0,0
134.487,0.9709,0,0,0,0
134.520,0.9708,0,0,0,0
134.552,0.9708,0,0,0,0
134.584,0.9708,0,0,0,0
134.618,0.9708,0,0,0,0
134.651,0.9708,0,0,0,0
134.687,0.9708,0,0,0,0
134.719,0.9708,0,0,0,0
134.752,0.9708,0,0,0,0
134.784,0.9708,0,0,0,0
134.820,0.9708,0,0,0,0
134.853,0.9708,0,0,0,0
134.884,0.9708,0,0,0,0
134.919,0.9708,0,0,0,0
134.955,0.9708,0,0,0,0
134.986,0.9708,0,0,0,0
135.018,0.9708,0,0,0,0
135.051,0.9708,0,0,0,0
135.085,0.9708,0,0,0,0
135.121,0.9708,0,0,0,0
135.161,0.9708,0,0,0,0
135.185,0.9708,0,0,0,0
135.219,0.9708,0,0,0,0
135.251,0.9708,0,0,0,0
135.285,0.9708,0,0,0,0
135.319,0.9708,0,0,0,0
135.353,0.9708,0,0,0,0
135.385,0.9708,0,0,0,0
135.421,0.9708,0,0,0,0
135.451,0.9708,0,0,0,0
135.484,0.9708,0,0,0,0
135.521,0.9708,0,0,0,0
135.554,0.9708,0,0,0,0
135.585,0.9708,0,0,0,0
135.618,0.9708,0,0,0,0
135.652,0.9708,0,0,0,0
135.688,0.9708,0,0,0,0
135.719,0.9708,0,0,0,0
135.754,0.9708,0,0,0,0
135.785,0.9708,0,0,0,0
135.818,0.9708,0,0,0,0
135.852,0.9708,0,0,0,0
135.877,0.9708,0,0,0,0
135.920,0.9708,0,0,0,0
135.944,0.9708,0,0,0,0
135.988,0.9708,0,0,0,0
136.013,0.9707,0,0,0,0
136.054,0.9707,0,0,0,0
136.088,0.9707,0,0,0,0
136.120,0.9707,0,0,0,0
136.154,0.9707,0,0,0,0
136.187,0.9707,0,0,0,0
136.217,0.9707,0,0,0,0
136.251,0.9707,0,0,0,0
136.285,0.9707,0,0,0,0
136.317,0.9707,0,0,0,0
136.351,0.9707,0,0,0,0
136.376,0.9707,0,0,0,0
136.421,0.9707,0,0,0,0
136.445,0.9707,0,0,0,0
136.486,0.9707,0,0,0,0
136.519,0.9707,0,0,0,0
136.554,0.9707,0,0,0,0
136.584,0.9707,0,0,0,0
136.620,0.9707,0,0,0,0
136.653,0.9707,0,0,0,0
136.687,0.9707,0,0,0,0
136.721,0.9707,0,0,0,0
136.754,0.9707,0,0,0,0
136.786,0.9707,0,0,0,0
136.820,0.9707,0,0,0,0
136.855,0.9707,0,0,0,0
136.887,0.9707,0,0,0,0
136.927,0.9707,0,0,0,0
136.953,0.9707,0,0,0,0
136.985,0.9707,0,0,0,0
137.019,0.9707,0,0,0,0
137.054,0.9707,0,0,0,0
137.086,0.9707,0,0,0,0
137.121,0.9707,0,0,0,0
137.152,0.9707,0,0,0,0
137.187,0.9707,0,0,0,0
137.221,0.9707,0,0,0,0
137.250,0.9707,0,0,0,0
137.287,0.9707,0,0,0,0
137.320,0.9707,0,0,0,0
137.353,0.9707,0,0,0,0
137.384,0.9707,0,0,0,0
137.418,0.9707,0,0,0,0
137.452,0.9707,0,0,0,0
137.486,0.9707,0,0,0,0
137.517,0.9707,0,0,0,0
137.550,0.9707,0,0,0,0
137.588,0.9706,0,0,0,0
137.619,0.9706,0,0,0,0
137.653,0.9706,0,0,0,0
137.688,0.9706,0,0,0,0
137.721,0.9706,0,0,0,0
137.754,0.9706,0,0,0,0
137.784,0.9706,0,0,0,0
137.818,0.9706,0,0,0,0
137.851,0.9706,0,0,0,0
137.884,0.9706,0,0,0,0
137.919,0.9706,0,0,0,0
137.952,0.9706,0,0,0,0
137.985,0.9706,0,0,0,0
138.020,0.9706,0,0,0,0
138.055,0.9706,0,0,0,0
138.086,0.9706,0,0,0,0
138.122,0.9706,0,0,0,0
138.154,0.9706,0,0,0,0
138.187,0.9706,0,0,0,0
138.222,0.9706,0,0,0,0
138.253,0.9706,0,0,0,0
138.288,0.9706,0,0,0,0
138.320,0.9706,0,0,0,0
138.352,0.9706,0,0,0,0
138.388,0.9706,0,0,0,0
138.418,0.9706,0,0,0,0
138.452,0.9706,0,0,0,0
138.485,0.9706,0,0,0,0
138.520,0.9706,0,0,0,0
138.553,0.9706,0,0,0,0
138.586,0.9706,0,0,0,0
138.618,0.9706,0,0,0,0
138.652,0.9706,0,0,0,0
138.685,0.9706,0,0,0,0
138.718,0.9706,0,0,0,0
138.751,0.9706,0,0,0,0
138.787,0.9706,0,0,0,0
138.820,0.9706,0,0,0,0
138.853,0.9706,0,0,0,0
138.887,0.9706,0,0,0,0
138.920,0.9706,0,0,0,0
138.952,0.9706,0,0,0,0
138.986,0.9706,0,0,0,0
139.018,0.9706,0,0,0,0
139.052,0.9706,0,0,0,0
139.085,0.9706,0,0,0,0
139.118,0.9706,0,0,0,0
139.150,0.9706,0,0,0,0
139.184,0.9705,0,0,0,0
139.219,0.9705,0,0,0,0
139.253,0.9705,0,0,0,0
139.287,0.9705,0,0,0,0
139.319,0.9705,0,0,0,0
139.354,0.9705,0,0,0,0
139.385,0.9705,0,0,0,0
139.420,0.9705,0,0,0,0
139.455,0.9705,0,0,0,0
139.484,0.9705,0,0,0,0
139.520,0.9705,0,0,0,0
139.555,0.9705,0,0,0,0
139.585,0.9705,0,0,0,0
139.618,0.9705,0,0,0,0
139.654,0.9705,0,0,0,0
139.687,0.9705,0,0,0,0
139.720,0.9705,0,0,0,0
139.743,0.9705,0,0,0,0
139.784,0.9705,0,0,0,0
139.819,0.9705,0,0,0,0
139.854,0.9705,0,0,0,0
139.884,0.9705,0,0,0,0
139.920,0.9705,0,0,0,0
139.954,0.9705,0,0,0,0
139.984,0.9705,0,0,0,0
140.018,0.9705,0,0,0,0
140.052,0.9705,0,0,0,0
140.087,0.9705,0,0,0,0
140.122,0.9705,0,0,0,0
140.153,0.9705,0,0,0,0
140.184,0.9705,0,0,0,0
140.220,0.9705,0,0,0,0
140.252,0.9705,0,0,0,0
140.275,0.9705,0,0,0,0
140.322,0.9705,0,0,0,0
140.344,0.9705,0,0,0,0
140.384,0.9705,0,0,0,0
140.420,0.9705,0,0,0,0
140.454,0.9705,0,0,0,0
140.488,0.9705,0,0,0,0
140.520,0.9705,0,0,0,0
140.553,0.9705,0,0,0,0
140.583,0.9705,0,0,0,0
140.619,0.9705,0,0,0,0
140.654,0.9705,0,0,0,0
140.684,0.9705,0,0,0,0
140.719,0.9705,0,0,0,0
140.754,0.9705,0,0,0,0
140.787,0.9704,0,0,0,0
140.821,0.9704,0,0,0,0
140.851,0.9704,0,0,0,0
140.885,0.9704,0,0,0,0
140.921,0.9704,0,0,0,0
140.952,0.9704,0,0,0,0
140.984,0.9704,0,0,0,0
141.020,0.9704,0,0,0,0
141.042,0.9704,0,0,0,0
141.082,0.9704,0,0,0,0
141.120,0.9704,0,0,0,0
141.156,0.9704,0,0,0,0
141.187,0.9704,0,0,0,0
141.217,0.9704,0,0,0,0
141.253,0.9704,0,0,0,0
141.285,0.9704,0,0,0,0
141.319,0.9704,0,0,0,0
141.354,0.9704,0,0,0,0
141.386,0.9704,0,0,0,0
141.418,0.9704,0,0,0,0
141.453,0.9704,0,0,0,0
141.485,0.9704,0,0,0,0
141.518,0.9704,0,0,0,0
141.552,0.9704,0,0,0,0
141.586,0.9704,0,0,0,0
141.620,0.9704,0,0,0,0
141.651,0.9704,0,0,0,0
141.688,0.9704,0,0,0,0
141.718,0.9704,0,0,0,0
141.752,0.9704,0,0,0,0
141.784,0.9704,0,0,0,0
141.821,0.9704,0,0,0,0
141.851,0.9704,0,0,0,0
141.885,0.9704,0,0,0,0
141.920,0.9704,0,0,0,0
141.952,0.9704,0,0,0,0
141.986,0.9704,0,0,0,0
142.021,0.9704,0,0,0,0
142.052,0.9704,0,0,0,0
142.084,0.9704,0,0,0,0
142.119,0.9704,0,0,0,0
142.151,0.9704,0,0,0,0
142.184,0.9704,0,0,0,0
142.220,0.9704,0,0,0,0
142.252,0.9704,0,0,0,0
142.287,0.9704,0,0,0,0
142.318,0.9704,0,0,0,0
142.354,0.9704,0,0,0,0
142.386,0.9704,0,0,0,0
142.418,0.9704,0,0,0,0
142.451,0.9703,0,0,0,0
142.489,0.9703,0,0,0,0
142.518,0.9703,0,0,0,0
142.551,0.9703,0,0,0,0
142.587,0.9703,0,0,0,0
142.618,0.9703,0,0,0,0
142.654,0.9703,0,0,0,0
142.685,0.9703,0,0,0,0
142.720,0.9703,0,0,0,0
142.755,0.9703,0,0,0,0
142.784,0.9703,0,0,0,0
142.818,0.9703,0,0,0,0
142.855,0.9703,0,0,0,0
142.885,0.9703,0,0,0,0
142.918,0.9703,0,0,0,0
142.951,0.9703,0,0,0,0
142.987,0.9703,0,0,0,0
143.019,0.9703,0,0,0,0
143.054,0.9703,0,0,0,0
143.084,0.9703,0,0,0,0
143.118,0.9703,0,0,0,0
143.153,0.9703,0,0,0,0
143.179,0.9703,0,0,0,0
143.218,0.9703,0,0,0,0
143.252,0.9703,0,0,0,0
143.286,0.9703,0,0,0,0
143.319,0.9703,0,0,0,0
143.351,0.9703,0,0,0,0
143.386,0.9703,0,0,0,0
143.416,0.9703,0,0,0,0
143.451,0.9703,0,0,0,0
143.488,0.9703,0,0,0,0
143.520,0.9703,0,0,0,0
143.553,0.9703,0,0,0,0
143.586,0.9703,0,0,0,0
143.620,0.9703,0,0,0,0
143.653,0.9703,0,0,0,0
143.687,0.9703,0,0,0,0
143.718,0.9703,0,0,0,0
143.752,0.9703,0,0,0,0
143.788,0.9703,0,0,0,0
143.821,0.9703,0,0,0,0
143.855,0.9703,0,0,0,0
143.886,0.9703,0,0,0,0
143.918,0.9703,0,0,0,0
143.951,0.9703,0,0,0,0
143.984,0.9703,0,0,0,0
144.017,0.9703,0,0,0,0
144.053,0.9703,0,0,0,0
144.087,0.9703,0,0,0,0
144.118,0.9703,0,0,0,0
144.155,0.9702,0,0,0,0
144.185,0.9702,0,0,0,0
144.217,0.9702,0,0,0,0
144.251,0.9702,0,0,0,0
144.286,0.9702,0,0,0,0
144.320,0.9702,0,0,0,0
144.355,0.9702,0,0,0,0
144.387,0.9702,0,0,0,0
144.418,0.9702,0,0,0,0
144.454,0.9702,0,0,0,0
144.485,0.9702,0,0,0,0
144.519,0.9702,0,0,0,0
144.554,0.9702,0,0,0,0
144.587,0.9702,0,0,0,0
144.623,0.9702,0,0,0,0
144.644,0.9702,0,0,0,0
144.686,0.9702,0,0,0,0
144.720,0.9702,0,0,0,0
144.753,0.9702,0,0,0,0
144.785,0.9702,0,0,0,0
144.817,0.9702,0,0,0,0
144.852,0.9702,0,0,0,0
144.885,0.9702,0,0,0,0
144.921,0.9702,0,0,0,0
144.951,0.9702,0,0,0,0
144.987,0.9702,0,0,0,0
145.017,0.9702,0,0,0,0
145.054,0.9702,0,0,0,0
145.085,0.9702,0,0,0,0
145.121,0.9702,0,0,0,0
145.153,0.9702,0,0,0,0
145.187,0.9702,0,0,0,0
145.218,0.9702,0,0,0,0
145.252,0.9702,0,0,0,0
145.586,0.9702,0,0,0,0
145.618,0.9702,0,0,0,0
145.626,0.9702,0,0,0,0
145.659,0.9702,0,0,0,0
145.700,0.9702,0,0,0,0
145.725,0.9702,0,0,0,0
145.760,0.9702,0,0,0,0
145.790,0.9702,0,0,0,0
145.824,0.9702,0,0,0,0
145.866,0.9702,0,0,0,0
145.892,0.9702,0,0,0,0
145.928,0.9701,0,0,0,0
145.961,0.9701,0,0,0,0
145.996,0.9701,0,0,0,0
146.026,0.9701,0,0,0,0
146.059,0.9701,0,0,0,0
146.095,0.9701,0,0,0,0
146.126,0.9701,0,0,0,0
146.160,0.9701,0,0,0,0
146.193,0.9701,0,0,0,0
146.226,0.9701,0,0,0,0
146.261,0.9701,0,0,0,0
146.292,0.9701,0,0,0,0
146.327,0.9701,0,0,0,0
146.358,0.9701,0,0,0,0
146.393,0.9701,0,0,0,0
146.425,0.9701,0,0,0,0
146.462,0.9701,0,0,0,0
146.495,0.9701,0,0,0,0
146.528,0.9701,0,0,0,0
146.561,0.9701,0,0,0,0
146.593,0.9701,0,0,0,0
146.627,0.9701,0,0,0,0
146.660,0.9701,0,0,0,0
146.692,0.9701,0,0,0,0
146.725,0.9701,0,0,0,0
146.759,0.9701,0,0,0,0
146.792,0.9701,0,0,0,0
146.826,0.9701,0,0,0,0
146.859,0.9701,0,0,0,0
146.892,0.9701,0,0,0,0
146.925,0.9701,0,0,0,0
146.958,0.9701,0,0,0,0
146.995,0.9701,0,0,0,0
147.028,0.9701,0,0,0,0
147.059,0.9701,0,0,0,0
147.092,0.9701,0,0,0,0
147.125,0.9701,0,0,0,0
147.158,0.9701,0,0,0,0
147.195,0.9701,0,0,0,0
147.228,0.9701,0,0,0,0
147.259,0.9701,0,0,0,0
147.296,0.9701,0,0,0,0
147.331,0.9701,0,0,0,0
147.360,0.9701,0,0,0,0
147.392,0.9701,0,0,0,0
147.425,0.9701,0,0,0,0
147.462,0.9701,0,0,0,0
147.495,0.9701,0,0,0,0
147.527,0.9701,0,0,0,0
147.559,0.9701,0,0,0,0
147.595,0.9701,0,0,0,0
147.627,0.9701,0,0,0,0
147.659,0.9701,0,0,0,0
147.694,0.9701,0,0,0,0
147.725,0.9701,0,0,0,0
147.762,0.9700,0,0,0,0
147.793,0.9700,0,0,0,0
147.826,0.9700,0,0,0,0
147.860,0.9700,0,0,0,0
147.895,0.9700,0,0,0,0
147.929,0.9700,0,0,0,0
147.962,0.9700,0,0,0,0
147.993,0.9700,0,0,0,0
148.027,0.9700,0,0,0,0
148.058,0.9700,0,0,0,0
148.092,0.9700,0,0,0,0
148.127,0.9700,0,0,0,0
148.162,0.9700,0,0,0,0
148.195,0.9700,0,0,0,0
148.229,0.9700,0,0,0,0
148.263,0.9700,0,0,0,0
148.295,0.9700,0,0,0,0
148.326,0.9700,0,0,0,0
148.360,0.9700,0,0,0,0
148.392,0.9700,0,0,0,0
148.428,0.9700,0,0,0,0
148.459,0.9700,0,0,0,0
148.492,0.9700,0,0,0,0
148.529,0.9700,0,0,0,0
148.560,0.9700,0,0,0,0
148.592,0.9700,0,0,0,0
148.626,0.9700,0,0,0,0
148.662,0.9700,0,0,0,0
148.693,0.9700,0,0,0,0
148.729,0.9700,0,0,0,0
148.762,0.9700,0,0,0,0
148.793,0.9700,0,0,0,0
148.829,0.9700,0,0,0,0
148.859,0.9700,0,0,0,0
148.894,0.9700,0,0,0,0
148.927,0.9700,0,0,0,0
148.960,0.9700,0,0,0,0
148.993,0.9700,0,0,0,0
149.025,0.9700,0,0,0,0
149.059,0.9700,0,0,0,0
149.094,0.9700,0,0,0,0
149.130,0.9700,0,0,0,0
149.160,0.9700,0,0,0,0
149.193,0.9700,0,0,0,0
149.229,0.9700,0,0,0,0
149.261,0.9700,0,0,0,0
149.296,0.9700,0,0,0,0
149.327,0.9700,0,0,0,0
149.361,0.9700,0,0,0,0
149.392,0.9700,0,0,0,0
149.427,0.9700,0,0,0,0
149.460,0.9700,0,0,0,0
149.495,0.9700,0,0,0,0
149.527,0.9700,0,0,0,0
149.561,0.9700,0,0,0,0
149.592,0.9700,0,0,0,0
149.630,0.9699,0,0,0,0
149.661,0.9699,0,0,0,0
149.692,0.9699,0,0,0,0
149.727,0.9699,0,0,0,0
149.759,0.9699,0,0,0,0
149.793,0.9699,0,0,0,0
149.827,0.9699,0,0,0,0
150.054,0.9699,0,0,0,0
150.102,0.9699,0,0,0,0
150.117,0.9699,0,0,0,0
150.141,0.9699,0,0,0,0
150.173,0.9699,0,0,0,0
150.208,0.9699,0,0,0,0
150.240,0.9699,0,0,0,0
150.272,0.9699,0,0,0,0
150.305,0.9699,0,0,0,0
150.341,0.9699,0,0,0,0
150.373,0.9699,0,0,0,0
150.406,0.9699,0,0,0,0
150.439,0.9699,0,0,0,0
150.471,0.9699,0,0,0,0
150.507,0.9699,0,0,0,0
150.542,0.9699,0,0,0,0
150.571,0.9699,0,0,0,0
150.609,0.9699,0,0,0,0
150.643,0.9699,0,0,0,0
150.674,0.9699,0,0,0,0
150.707,0.9699,0,0,0,0
150.743,0.9699,0,0,0,0
150.774,0.9699,0,0,0,0
150.807,0.9699,0,0,0,0
150.841,0.9699,0,0,0,0
150.875,0.9699,0,0,0,0
150.909,0.9699,0,0,0,0
150.939,0.9699,0,0,0,0
150.976,0.9699,0,0,0,0
151.008,0.9699,0,0,0,0
151.042,0.9699,0,0,0,0
151.073,0.9699,0,0,0,0
151.104,0.9699,0,0,0,0
151.141,0.9699,0,0,0,0
151.173,0.9699,0,0,0,0
151.206,0.9699,0,0,0,0
151.239,0.9699,0,0,0,0
151.276,0.9699,0,0,0,0
151.306,0.9699,0,0,0,0
151.342,0.9699,0,0,0,0
151.375,0.9699,0,0,0,0
151.406,0.9699,0,0,0,0
151.440,0.9699,0,0,0,0
151.476,0.9699,0,0,0,0
151.507,0.9698,0,0,0,0
151.542,0.9698,0,0,0,0
151.573,0.9698,0,0,0,0
151.608,0.9698,0,0,0,0
151.641,0.9698,0,0,0,0
151.674,0.9698,0,0,0,0
151.707,0.9698,0,0,0,0
151.741,0.9698,0,0,0,0
151.772,0.9698,0,0,0,0
151.806,0.9698,0,0,0,0
151.840,0.9698,0,0,0,0
151.875,0.9698,0,0,0,0
151.905,0.9698,0,0,0,0
151.942,0.9698,0,0,0,0
151.974,0.9698,0,0,0,0
152.007,0.9698,0,0,0,0
152.039,0.9698,0,0,0,0
152.072,0.9698,0,0,0,0
152.107,0.9698,0,0,0,0
152.142,0.9698,0,0,0,0
152.172,0.9698,0,0,0,0
152.207,0.9698,0,0,0,0
152.242,0.9698,0,0,0,0
152.273,0.9698,0,0,0,0
152.309,0.9698,0,0,0,0
152.342,0.9698,0,0,0,0
152.373,0.9698,0,0,0,0
152.408,0.9698,0,0,0,0
152.439,0.9698,0,0,0,0
152.473,0.9698,0,0,0,0
152.510,0.9698,0,0,0,0
152.540,0.9698,0,0,0,0
152.575,0.9698,0,0,0,0
152.606,0.9698,0,0,0,0
152.639,0.9698,0,0,0,0
152.672,0.9698,0,0,0,0
152.707,0.9698,0,0,0,0
152.741,0.9698,0,0,0,0
152.772,0.9698,0,0,0,0
152.806,0.9698,0,0,0,0
152.839,0.9698,0,0,0,0
152.875,0.9698,0,0,0,0
152.907,0.9698,0,0,0,0
152.939,0.9698,0,0,0,0
152.973,0.9698,0,0,0,0
153.005,0.9698,0,0,0,0
153.040,0.9698,0,0,0,0
153.075,0.9698,0,0,0,0
153.105,0.9698,0,0,0,0
153.142,0.9698,0,0,0,0
153.173,0.9698,0,0,0,0
153.207,0.9698,0,0,0,0
153.239,0.9698,0,0,0,0
153.272,0.9698,0,0,0,0
153.306,0.9698,0,0,0,0
153.339,0.9698,0,0,0,0
153.376,0.9698,0,0,0,0
153.408,0.9698,0,0,0,0
153.441,0.9698,0,0,0,0
153.472,0.9698,0,0,0,0
153.509,0.9697,0,0,0,0
153.540,0.9697,0,0,0,0
153.574,0.9697,0,0,0,0
153.605,0.9697,0,0,0,0
153.638,0.9697,0,0,0,0
153.673,0.9697,0,0,0,0
153.708,0.9697,0,0,0,0
153.740,0.9697,0,0,0,0
153.775,0.9697,0,0,0,0
153.805,0.9697,0,0,0,0
153.842,0.9697,0,0,0,0
153.875,0.9697,0,0,0,0
153.906,0.9697,0,0,0,0
153.940,0.9697,0,0,0,0
153.973,0.9697,0,0,0,0
154.007,0.9697,0,0,0,0
154.040,0.9697,0,0,0,0
154.076,0.9697,0,0,0,0
154.106,0.9697,0,0,0,0
154.138,0.9697,0,0,0,0
154.172,0.9697,0,0,0,0
154.207,0.9697,0,0,0,0
154.240,0.9697,0,0,0,0
154.274,0.9697,0,0,0,0
154.307,0.9697,0,0,0,0
154.338,0.9697,0,0,0,0
154.373,0.9697,0,0,0,0
154.407,0.9697,0,0,0,0
154.443,0.9697,0,0,0,0
154.472,0.9697,0,0,0,0
154.506,0.9697,0,0,0,0
154.539,0.9697,0,0,0,0
154.573,0.9697,0,0,0,0
154.605,0.9697,0,0,0,0
154.641,0.9697,0,0,0,0
154.674,0.9697,0,0,0,0
154.709,0.9697,0,0,0,0
154.742,0.9697,0,0,0,0
154.772,0.9697,0,0,0,0
154.805,0.9697,0,0,0,0
154.839,0.9697,0,0,0,0
154.873,0.9697,0,0,0,0
154.907,0.9697,0,0,0,0
154.940,0.9697,0,0,0,0
154.974,0.9697,0,0,0,0
155.005,0.9697,0,0,0,0
155.039,0.9697,0,0,0,0
155.074,0.9697,0,0,0,0
155.108,0.9697,0,0,0,0
155.138,0.9697,0,0,0,0
155.173,0.9697,0,0,0,0
155.205,0.9697,0,0,0,0
155.243,0.9697,0,0,0,0
155.275,0.9697,0,0,0,0
155.307,0.9697,0,0,0,0
155.339,0.9697,0,0,0,0
155.375,0.9697,0,0,0,0
155.405,0.9697,0,0,0,0
155.439,0.9697,0,0,0,0
155.474,0.9697,0,0,0,0
155.506,0.9697,0,0,0,0
155.545,0.9697,0,0,0,0
155.574,0.9696,0,0,0,0
155.605,0.9696,0,0,0,0
155.639,0.9696,0,0,0,0
155.674,0.9696,0,0,0,0
155.706,0.9696,0,0,0,0
155.741,0.9696,0,0,0,0
155.773,0.9696,0,0,0,0
155.806,0.9696,0,0,0,0
155.838,0.9696,0,0,0,0
155.875,0.9696,0,0,0,0
155.908,0.9696,0,0,0,0
155.938,0.9696,0,0,0,0
155.976,0.9696,0,0,0,0
156.008,0.9696,0,0,0,0
156.042,0.9696,0,0,0,0
156.074,0.9696,0,0,0,0
156.106,0.9696,0,0,0,0
156.142,0.9696,0,0,0,0
156.174,0.9696,0,0,0,0
156.210,0.9696,0,0,0,0
156.241,0.9696,0,0,0,0
156.274,0.9696,0,0,0,0
156.307,0.9696,0,0,0,0
156.341,0.9696,0,0,0,0
156.372,0.9696,0,0,0,0
156.406,0.9696,0,0,0,0
156.441,0.9696,0,0,0,0
156.474,0.9696,0,0,0,0
156.506,0.9696,0,0,0,0
156.540,0.9696,0,0,0,0
156.572,0.9696,0,0,0,0
156.609,0.9696,0,0,0,0
156.641,0.9696,0,0,0,0
156.674,0.9696,0,0,0,0
156.708,0.9696,0,0,0,0
156.739,0.9696,0,0,0,0
156.771,0.9696,0,0,0,0
156.805,0.9696,0,0,0,0
156.842,0.9696,0,0,0,0
156.872,0.9696,0,0,0,0
156.909,0.9696,0,0,0,0
156.940,0.9696,0,0,0,0
156.972,0.9696,0,0,0,0
157.008,0.9696,0,0,0,0
157.039,0.9696,0,0,0,0
157.075,0.9696,0,0,0,0
157.107,0.9696,0,0,0,0
157.141,0.9696,0,0,0,0
157.174,0.9696,0,0,0,0
157.207,0.9696,0,0,0,0
157.241,0.9696,0,0,0,0
157.274,0.9696,0,0,0,0
157.307,0.9696,0,0,0,0
157.339,0.9696,0,0,0,0
157.375,0.9696,0,0,0,0
157.406,0.9696,0,0,0,0
157.440,0.9696,0,0,0,0
157.476,0.9696,0,0,0,0
157.509,0.9696,0,0,0,0
157.539,0.9696,0,0,0,0
157.576,0.9696,0,0,0,0
157.609,0.9696,0,0,0,0
157.641,0.9695,0,0,0,0
157.674,0.9695,0,0,0,0
157.707,0.9695,0,0,0,0
157.742,0.9695,0,0,0,0
157.776,0.9695,0,0,0,0
157.805,0.9695,0,0,0,0
157.841,0.9695,0,0,0,0
157.874,0.9695,0,0,0,0
157.905,0.9695,0,0,0,0
157.940,0.9695,0,0,0,0
157.973,0.9695,0,0,0,0
158.010,0.9695,0,0,0,0
158.039,0.9695,0,0,0,0
158.072,0.9695,0,0,0,0
158.108,0.9695,0,0,0,0
158.140,0.9695,0,0,0,0
158.172,0.9695,0,0,0,0
158.208,0.9695,0,0,0,0
158.239,0.9695,0,0,0,0
158.275,0.9695,0,0,0,0
158.308,0.9695,0,0,0,0
158.338,0.9695,0,0,0,0
158.371,0.9695,0,0,0,0
158.409,0.9695,0,0,0,0
158.442,0.9695,0,0,0,0
158.473,0.9695,0,0,0,0
158.508,0.9695,0,0,0,0
158.539,0.9695,0,0,0,0
158.573,0.9695,0,0,0,0
158.605,0.9695,0,0,0,0
158.641,0.9695,0,0,0,0
158.674,0.9695,0,0,0,0
158.705,0.9695,0,0,0,0
158.740,0.9695,0,0,0,0
158.776,0.9695,0,0,0,0
158.808,0.9695,0,0,0,0
158.839,0.9695,0,0,0,0
158.876,0.9695,0,0,0,0
158.907,0.9695,0,0,0,0
158.940,0.9695,0,0,0,0
158.975,0.9695,0,0,0,0
159.006,0.9695,0,0,0,0
159.040,0.9695,0,0,0,0
159.074,0.9695,0,0,0,0
159.108,0.9695,0,0,0,0
159.141,0.9695,0,0,0,0
159.173,0.9695,0,0,0,0
159.205,0.9695,0,0,0,0
159.240,0.9695,0,0,0,0
159.274,0.9695,0,0,0,0
159.305,0.9695,0,0,0,0
159.339,0.9695,0,0,0,0
159.373,0.9695,0,0,0,0
159.409,0.9695,0,0,0,0
159.442,0.9695,0,0,0,0
159.474,0.9695,0,0,0,0
159.508,0.9695,0,0,0,0
159.540,0.9695,0,0,0,0
159.575,0.9695,0,0,0,0
159.606,0.9695,0,0,0,0
159.638,0.9695,0,0,0,0
159.672,0.9695,0,0,0,0
159.709,0.9695,0,0,0,0
159.741,0.9695,0,0,0,0
159.774,0.9694,0,0,0,0
159.807,0.9694,0,0,0,0
159.843,0.9694,0,0,0,0
159.873,0.9694,0,0,0,0
159.908,0.9694,0,0,0,0
159.939,0.9694,0,0,0,0
159.974,0.9694,0,0,0,0
160.007,0.9694,0,0,0,0
160.039,0.9694,0,0,0,0
160.075,0.9694,0,0,0,0
160.108,0.9694,0,0,0,0
160.140,0.9694,0,0,0,0
160.172,0.9694,0,0,0,0
160.206,0.9694,0,0,0,0
160.241,0.9694,0,0,0,0
160.271,0.9694,0,0,0,0
160.309,0.9694,0,0,0,0
160.340,0.9694,0,0,0,0
160.372,0.9694,0,0,0,0
160.407,0.9694,0,0,0,0
160.441,0.9694,0,0,0,0
160.475,0.9694,0,0,0,0
160.506,0.9694,0,0,0,0
160.541,0.9694,0,0,0,0
160.572,0.9694,0,0,0,0
160.610,0.9694,0,0,0,0
160.640,0.9694,0,0,0,0
160.676,0.9694,0,0,0,0
160.706,0.9694,0,0,0,0
160.743,0.9694,0,0,0,0
160.772,0.9694,0,0,0,0
160.808,0.9694,0,0,0,0
160.840,0.9694,0,0,0,0
160.872,0.9694,0,0,0,0
160.909,0.9694,0,0,0,0
160.939,0.9694,0,0,0,0
160.974,0.9694,0,0,0,0
161.000,0.9694,0,0,0,0
161.042,0.9694,0,0,0,0
161.064,0.9694,0,0,0,0
161.107,0.9694,0,0,0,0
161.140,0.9694,0,0,0,0
161.173,0.9694,0,0,0,0
161.206,0.9694,0,0,0,0
161.238,0.9694,0,0,0,0
161.274,0.9694,0,0,0,0
161.308,0.9694,0,0,0,0
161.341,0.9694,0,0,0,0
161.375,0.9694,0,0,0,0
161.408,0.9694,0,0,0,0
161.438,0.9694,0,0,0,0
161.475,0.9694,0,0,0,0
161.508,0.9694,0,0,0,0
161.539,0.9694,0,0,0,0
161.573,0.9694,0,0,0,0
161.607,0.9694,0,0,0,0
161.640,0.9694,0,0,0,0
161.674,0.9694,0,0,0,0
161.706,0.9694,0,0,0,0
161.738,0.9694,0,0,0,0
161.772,0.9694,0,0,0,0
161.809,0.9694,0,0,0,0
161.841,0.9694,0,0,0,0
161.874,0.9694,0,0,0,0
161.904,0.9694,0,0,0,0
161.938,0.9694,0,0,0,0
161.973,0.9694,0,0,0,0
162.005,0.9693,0,0,0,0
162.041,0.9693,0,0,0,0
162.075,0.9693,0,0,0,0
162.108,0.9693,0,0,0,0
162.140,0.9693,0,0,0,0
162.173,0.9693,0,0,0,0
162.209,0.9693,0,0,0,0
162.240,0.9693,0,0,0,0
162.272,0.9693,0,0,0,0
162.307,0.9693,0,0,0,0
162.340,0.9693,0,0,0,0
162.372,0.9693,0,0,0,0
162.408,0.9693,0,0,0,0
162.440,0.9693,0,0,0,0
162.474,0.9693,0,0,0,0
162.505,0.9693,0,0,0,0
162.540,0.9693,0,0,0,0
162.575,0.9693,0,0,0,0
162.607,0.9693,0,0,0,0
162.640,0.9693,0,0,0,0
162.675,0.9693,0,0,0,0
162.707,0.9693,0,0,0,0
162.739,0.9693,0,0,0,0
162.777,0.9693,0,0,0,0
162.807,0.9693,0,0,0,0
162.843,0.9693,0,0,0,0
162.874,0.9693,0,0,0,0
162.906,0.9693,0,0,0,0
162.943,0.9693,0,0,0,0
162.974,0.9693,0,0,0,0
163.009,0.9693,0,0,0,0
163.040,0.9693,0,0,0,0
163.074,0.9693,0,0,0,0
163.106,0.9693,0,0,0,0
163.139,0.9693,0,0,0,0
163.172,0.9693,0,0,0,0
163.204,0.9693,0,0,0,0
163.243,0.9693,0,0,0,0
163.274,0.9693,0,0,0,0
163.309,0.9693,0,0,0,0
163.341,0.9693,0,0,0,0
163.374,0.9693,0,0,0,0
163.406,0.9693,0,0,0,0
163.431,0.9693,0,0,0,0
163.475,0.9693,0,0,0,0
163.507,0.9693,0,0,0,0
163.541,0.9693,0,0,0,0
163.575,0.9693,0,0,0,0
163.607,0.9693,0,0,0,0
163.640,0.9693,0,0,0,0
163.672,0.9693,0,0,0,0
163.707,0.9693,0,0,0,0
163.742,0.9693,0,0,0,0
163.773,0.9693,0,0,0,0
163.805,0.9693,0,0,0,0
163.842,0.9693,0,0,0,0
163.872,0.9693,0,0,0,0
163.905,0.9693,0,0,0,0
163.941,0.9693,0,0,0,0
163.973,0.9693,0,0,0,0
164.005,0.9693,0,0,0,0
164.043,0.9693,0,0,0,0
164.074,0.9693,0,0,0,0
164.105,0.9693,0,0,0,0
164.138,0.9693,0,0,0,0
164.174,0.9693,0,0,0,0
164.207,0.9693,0,0,0,0
164.240,0.9692,0,0,0,0
164.273,0.9692,0,0,0,0
164.308,0.9692,0,0,0,0
164.339,0.9692,0,0,0,0
164.376,0.9692,0,0,0,0
164.408,0.9692,0,0,0,0
164.441,0.9692,0,0,0,0
164.473,0.9692,0,0,0,0
164.507,0.9692,0,0,0,0
164.540,0.9692,0,0,0,0
164.571,0.9692,0,0,0,0
164.605,0.9692,0,0,0,0
164.638,0.9692,0,0,0,0
164.676,0.9692,0,0,0,0
164.709,0.9692,0,0,0,0
164.740,0.9692,0,0,0,0
164.774,0.9692,0,0,0,0
164.805,0.9692,0,0,0,0
164.840,0.9692,0,0,0,0
164.874,0.9692,0,0,0,0
164.909,0.9692,0,0,0,0
164.939,0.9692,0,0,0,0
164.974,0.9692,0,0,0,0
165.005,0.9692,0,0,0,0
165.040,0.9692,0,0,0,0
165.073,0.9692,0,0,0,0
165.109,0.9692,0,0,0,0
165.139,0.9692,0,0,0,0
165.173,0.9692,0,0,0,0
165.208,0.9692,0,0,0,0
165.239,0.9692,0,0,0,0
165.272,0.9692,0,0,0,0
165.305,0.9692,0,0,0,0
165.340,0.9692,0,0,0,0
165.372,0.9692,0,0,0,0
165.406,0.9692,0,0,0,0
165.440,0.9692,0,0,0,0
165.472,0.9692,0,0,0,0
165.505,0.9692,0,0,0,0
165.542,0.9692,0,0,0,0
165.575,0.9692,0,0,0,0
165.606,0.9692,0,0,0,0
165.641,0.9692,0,0,0,0
165.673,0.9692,0,0,0,0
165.707,0.9692,0,0,0,0
165.740,0.9692,0,0,0,0
165.775,0.9692,0,0,0,0
165.807,0.9692,0,0,0,0
165.842,0.9692,0,0,0,0
165.878,0.9692,0,0,0,0
165.908,0.9692,0,0,0,0
165.942,0.9692,0,0,0,0
165.975,0.9692,0,0,0,0
166.008,0.9692,0,0,0,0
166.042,0.9692,0,0,0,0
166.073,0.9692,0,0,0,0
166.109,0.9692,0,0,0,0
166.140,0.9692,0,0,0,0
166.176,0.9692,0,0,0,0
166.204,0.9692,0,0,0,0
166.243,0.9692,0,0,0,0
166.273,0.9692,0,0,0,0
166.308,0.9692,0,0,0,0
166.341,0.9692,0,0,0,0
166.373,0.9692,0,0,0,0
166.407,0.9692,0,0,0,0
166.440,0.9692,0,0,0,0
166.475,0.9692,0,0,0,0
166.508,0.9692,0,0,0,0
166.542,0.9691,0,0,0,0
166.576,0.9691,0,0,0,0
166.609,0.9691,0,0,0,0
166.640,0.9691,0,0,0,0
166.675,0.9691,0,0,0,0
166.706,0.9691,0,0,0,0
166.740,0.9691,0,0,0,0
166.775,0.9691,0,0,0,0
166.808,0.9691,0,0,0,0
166.842,0.9691,0,0,0,0
166.875,0.9691,0,0,0,0
166.905,0.9691,0,0,0,0
166.942,0.9691,0,0,0,0
166.974,0.9691,0,0,0,0
167.008,0.9691,0,0,0,0
167.039,0.9691,0,0,0,0
167.075,0.9691,0,0,0,0
167.106,0.9691,0,0,0,0
167.142,0.9691,0,0,0,0
167.175,0.9691,0,0,0,0
167.209,0.9691,0,0,0,0
167.239,0.9691,0,0,0,0
167.274,0.9691,0,0,0,0
167.305,0.9691,0,0,0,0
167.342,0.9691,0,0,0,0
167.373,0.9691,0,0,0,0
167.405,0.9691,0,0,0,0
167.442,0.9691,0,0,0,0
167.475,0.9691,0,0,0,0
167.509,0.9691,0,0,0,0
167.539,0.9691,0,0,0,0
167.574,0.9691,0,0,0,0
167.606,0.9691,0,0,0,0
167.642,0.9691,0,0,0,0
167.672,0.9691,0,0,0,0
167.709,0.9691,0,0,0,0
167.742,0.9691,0,0,0,0
167.773,0.9691,0,0,0,0
167.808,0.9691,0,0,0,0
167.840,0.9691,0,0,0,0
167.873,0.9691,0,0,0,0
167.905,0.9691,0,0,0,0
167.940,0.9691,0,0,0,0
167.972,0.9691,0,0,0,0
168.008,0.9691,0,0,0,0
168.041,0.9691,0,0,0,0
168.072,0.9691,0,0,0,0
168.116,0.9691,0,0,0,0
168.139,0.9691,0,0,0,0
168.176,0.9691,0,0,0,0
168.207,0.9691,0,0,0,0
168.243,0.9691,0,0,0,0
168.273,0.9691,0,0,0,0
168.304,0.9691,0,0,0,0
168.340,0.9691,0,0,0,0
168.372,0.9691,0,0,0,0
168.409,0.9691,0,0,0,0
168.441,0.9691,0,0,0,0
168.473,0.9691,0,0,0,0
168.507,0.9691,0,0,0,0
168.539,0.9691,0,0,0,0
168.571,0.9691,0,0,0,0
168.608,0.9691,0,0,0,0
168.641,0.9691,0,0,0,0
168.672,0.9691,0,0,0,0
168.705,0.9691,0,0,0,0
168.738,0.9691,0,0,0,0
168.774,0.9691,0,0,0,0
168.805,0.9691,0,0,0,0
168.839,0.9691,0,0,0,0
168.874,0.9691,0,0,0,0
168.907,0.9691,0,0,0,0
168.939,0.9691,0,0,0,0
168.976,0.9691,0,0,0,0
169.009,0.9690,0,0,0,0
169.041,0.9690,0,0,0,0
169.073,0.9690,0,0,0,0
169.108,0.9690,0,0,0,0
169.141,0.9690,0,0,0,0
169.171,0.9690,0,0,0,0
169.204,0.9690,0,0,0,0
169.242,0.9690,0,0,0,0
169.273,0.9690,0,0,0,0
169.309,0.9690,0,0,0,0
169.341,0.9690,0,0,0,0
169.374,0.9690,0,0,0,0
169.404,0.9690,0,0,0,0
169.442,0.9690,0,0,0,0
169.473,0.9690,0,0,0,0
169.507,0.9690,0,0,0,0
169.543,0.9690,0,0,0,0
169.573,0.9690,0,0,0,0
169.606,0.9690,0,0,0,0
169.641,0.9690,0,0,0,0
169.674,0.9690,0,0,0,0
169.709,0.9690,0,0,0,0
169.741,0.9690,0,0,0,0
169.775,0.9690,0,0,0,0
169.807,0.9690,0,0,0,0
169.840,0.9690,0,0,0,0
169.875,0.9690,0,0,0,0
169.909,0.9690,0,0,0,0
169.942,0.9690,0,0,0,0
169.973,0.9690,0,0,0,0
170.009,0.9690,0,0,0,0
170.043,0.9690,0,0,0,0
170.065,0.9690,0,0,0,0
170.105,0.9690,0,0,0,0
170.138,0.9690,0,0,0,0
170.171,0.9690,0,0,0,0
170.205,0.9690,0,0,0,0
170.238,0.9690,0,0,0,0
170.277,0.9690,0,0,0,0
170.300,0.9690,0,0,0,0
170.338,0.9690,0,0,0,0
170.375,0.9690,0,0,0,0
170.411,0.9690,0,0,0,0
170.431,0.9690,0,0,0,0
170.471,0.9690,0,0,0,0
170.506,0.9690,0,0,0,0
170.539,0.9690,0,0,0,0
170.563,0.9690,0,0,0,0
170.608,0.9690,0,0,0,0
170.639,0.9690,0,0,0,0
170.673,0.9690,0,0,0,0
170.709,0.9690,0,0,0,0
170.740,0.9690,0,0,0,0
170.774,0.9690,0,0,0,0
170.806,0.9690,0,0,0,0
170.840,0.9690,0,0,0,0
170.874,0.9690,0,0,0,0
170.909,0.9690,0,0,0,0
170.934,0.9690,0,0,0,0
170.973,0.9690,0,0,0,0
171.007,0.9690,0,0,0,0
171.040,0.9690,0,0,0,0
171.072,0.9690,0,0,0,0
171.109,0.9690,0,0,0,0
171.141,0.9690,0,0,0,0
171.173,0.9690,0,0,0,0
171.204,0.9690,0,0,0,0
171.240,0.9690,0,0,0,0
171.273,0.9690,0,0,0,0
171.306,0.9690,0,0,0,0
171.339,0.9690,0,0,0,0
171.372,0.9690,0,0,0,0
171.405,0.9690,0,0,0,0
171.439,0.9690,0,0,0,0
171.476,0.9690,0,0,0,0
171.509,0.9689,0,0,0,0
171.542,0.9689,0,0,0,0
171.571,0.9689,0,0,0,0
171.606,0.9689,0,0,0,0
171.639,0.9689,0,0,0,0
171.671,0.9689,0,0,0,0
171.708,0.9689,0,0,0,0
171.742,0.9689,0,0,0,0
171.775,0.9689,0,0,0,0
171.805,0.9689,0,0,0,0
171.840,0.9689,0,0,0,0
171.874,0.9689,0,0,0,0
171.906,0.9689,0,0,0,0
171.938,0.9689,0,0,0,0
171.975,0.9689,0,0,0,0
172.008,0.9689,0,0,0,0
172.038,0.9689,0,0,0,0
172.072,0.9689,0,0,0,0
172.106,0.9689,0,0,0,0
172.141,0.9689,0,0,0,0
172.175,0.9689,0,0,0,0
172.208,0.9689,0,0,0,0
172.244,0.9689,0,0,0,0
172.272,0.9689,0,0,0,0
172.309,0.9689,0,0,0,0
172.342,0.9689,0,0,0,0
172.374,0.9689,0,0,0,0
172.407,0.9689,0,0,0,0
172.440,0.9689,0,0,0,0
172.474,0.9689,0,0,0,0
172.508,0.9689,0,0,0,0
172.542,0.9689,0,0,0,0
172.571,0.9689,0,0,0,0
172.605,0.9689,0,0,0,0
172.638,0.9689,0,0,0,0
172.672,0.9689,0,0,0,0
172.706,0.9689,0,0,0,0
172.740,0.9689,0,0,0,0
172.773,0.9689,0,0,0,0
172.807,0.9689,0,0,0,0
172.846,0.9689,0,0,0,0
172.871,0.9689,0,0,0,0
172.908,0.9689,0,0,0,0
172.941,0.9689,0,0,0,0
172.973,0.9689,0,0,0,0
173.006,0.9689,0,0,0,0
173.040,0.9689,0,0,0,0
173.070,0.9689,0,0,0,0
173.110,0.9689,0,0,0,0
173.138,0.9689,0,0,0,0
173.173,0.9689,0,0,0,0
173.207,0.9689,0,0,0,0
173.241,0.9689,0,0,0,0
173.271,0.9689,0,0,0,0
173.307,0.9689,0,0,0,0
173.340,0.9689,0,0,0,0
173.374,0.9689,0,0,0,0
173.407,0.9689,0,0,0,0
173.441,0.9689,0,0,0,0
173.473,0.9689,0,0,0,0
173.507,0.9689,0,0,0,0
173.542,0.9689,0,0,0,0
173.573,0.9689,0,0,0,0
173.607,0.9689,0,0,0,0
173.642,0.9689,0,0,0,0
173.672,0.9689,0,0,0,0
173.707,0.9689,0,0,0,0
173.740,0.9689,0,0,0,0
173.775,0.9689,0,0,0,0
173.809,0.9689,0,0,0,0
173.841,0.9689,0,0,0,0
173.874,0.9689,0,0,0,0
173.909,0.9689,0,0,0,0
173.940,0.9689,0,0,0,0
173.973,0.9689,0,0,0,0
174.008,0.9689,0,0,0,0
174.039,0.9689,0,0,0,0
174.080,0.9688,0,0,0,0
174.106,0.9688,0,0,0,0
174.137,0.9688,0,0,0,0
174.170,0.9688,0,0,0,0
174.204,0.9688,0,0,0,0
174.244,0.9688,0,0,0,0
174.272,0.9688,0,0,0,0
174.305,0.9688,0,0,0,0
174.338,0.9688,0,0,0,0
174.374,0.9688,0,0,0,0
174.409,0.9688,0,0,0,0
174.439,0.9688,0,0,0,0
174.474,0.9688,0,0,0,0
174.505,0.9688,0,0,0,0
174.539,0.9688,0,0,0,0
174.573,0.9688,0,0,0,0
174.609,0.9688,0,0,0,0
174.638,0.9688,0,0,0,0
174.674,0.9688,0,0,0,0
174.705,0.9688,0,0,0,0
174.741,0.9688,0,0,0,0
174.775,0.9688,0,0,0,0
174.807,0.9688,0,0,0,0
174.842,0.9688,0,0,0,0
174.872,0.9688,0,0,0,0
174.907,0.9688,0,0,0,0
174.942,0.9688,0,0,0,0
174.976,0.9688,0,0,0,0
175.005,0.9688,0,0,0,0
175.039,0.9688,0,0,0,0
175.074,0.9688,0,0,0,0
175.106,0.9688,0,0,0,0
175.138,0.9688,0,0,0,0
175.175,0.9688,0,0,0,0
175.206,0.9688,0,0,0,0
175.239,0.9688,0,0,0,0
175.276,0.9688,0,0,0,0
175.306,0.9688,0,0,0,0
175.339,0.9688,0,0,0,0
175.376,0.9688,0,0,0,0
175.407,0.9688,0,0,0,0
175.442,0.9688,0,0,0,0
175.475,0.9688,0,0,0,0
175.506,0.9688,0,0,0,0
175.541,0.9688,0,0,0,0
175.573,0.9688,0,0,0,0
175.608,0.9688,0,0,0,0
175.643,0.9688,0,0,0,0
175.673,0.9688,0,0,0,0
175.709,0.9688,0,0,0,0
175.742,0.9688,0,0,0,0
175.775,0.9688,0,0,0,0
175.804,0.9688,0,0,0,0
175.842,0.9688,0,0,0,0
175.874,0.9688,0,0,0,0
175.911,0.9688,0,0,0,0
175.941,0.9688,0,0,0,0
175.972,0.9688,0,0,0,0
176.009,0.9688,0,0,0,0
176.040,0.9688,0,0,0,0
176.072,0.9688,0,0,0,0
176.109,0.9688,0,0,0,0
176.142,0.9688,0,0,0,0
176.175,0.9688,0,0,0,0
176.209,0.9688,0,0,0,0
176.239,0.9688,0,0,0,0
176.272,0.9688,0,0,0,0
176.308,0.9688,0,0,0,0
176.341,0.9688,0,0,0,0
176.375,0.9688,0,0,0,0
176.404,0.9688,0,0,0,0
176.438,0.9688,0,0,0,0
176.474,0.9688,0,0,0,0
176.505,0.9688,0,0,0,0
176.541,0.9688,0,0,0,0
176.573,0.9688,0,0,0,0
176.608,0.9688,0,0,0,0
176.641,0.9688,0,0,0,0
176.671,0.9688,0,0,0,0
176.710,0.9688,0,0,0,0
176.743,0.9687,0,0,0,0
176.775,0.9687,0,0,0,0
176.807,0.9687,0,0,0,0
176.838,0.9687,0,0,0,0
176.873,0.9687,0,0,0,0
176.909,0.9687,0,0,0,0
176.939,0.9687,0,0,0,0
176.976,0.9687,0,0,0,0
177.007,0.9687,0,0,0,0
177.042,0.9687,0,0,0,0
177.072,0.9687,0,0,0,0
177.108,0.9687,0,0,0,0
177.140,0.9687,0,0,0,0
177.173,0.9687,0,0,0,0
177.207,0.9687,0,0,0,0
177.242,0.9687,0,0,0,0
177.275,0.9687,0,0,0,0
177.310,0.9687,0,0,0,0
177.341,0.9687,0,0,0,0
177.373,0.9687,0,0,0,0
177.407,0.9687,0,0,0,0
177.439,0.9687,0,0,0,0
177.475,0.9687,0,0,0,0
177.507,0.9687,0,0,0,0
177.539,0.9687,0,0,0,0
177.581,0.9687,0,0,0,0
177.600,0.9687,0,0,0,0
177.640,0.9687,0,0,0,0
177.673,0.9687,0,0,0,0
177.707,0.9687,0,0,0,0
177.738,0.9687,0,0,0,0
177.773,0.9687,0,0,0,0
177.809,0.9687,0,0,0,0
177.839,0.9687,0,0,0,0
177.873,0.9687,0,0,0,0
177.908,0.9687,0,0,0,0
177.938,0.9687,0,0,0,0
177.969,0.9687,0,0,0,0
178.004,0.9687,0,0,0,0
178.040,0.9687,0,0,0,0
178.071,0.9687,0,0,0,0
178.109,0.9687,0,0,0,0
178.142,0.9687,0,0,0,0
178.174,0.9687,0,0,0,0
178.207,0.9687,0,0,0,0
178.241,0.9687,0,0,0,0
178.276,0.9687,0,0,0,0
178.306,0.9687,0,0,0,0
178.342,0.9687,0,0,0,0
178.375,0.9687,0,0,0,0
178.408,0.9687,0,0,0,0
178.439,0.9687,0,0,0,0
178.472,0.9687,0,0,0,0
178.508,0.9687,0,0,0,0
178.539,0.9687,0,0,0,0
178.573,0.9687,0,0,0,0
178.608,0.9687,0,0,0,0
178.641,0.9687,0,0,0,0
178.674,0.9687,0,0,0,0
178.706,0.9687,0,0,0,0
178.739,0.9687,0,0,0,0
178.777,0.9687,0,0,0,0
178.805,0.9687,0,0,0,0
178.840,0.9687,0,0,0,0
178.871,0.9687,0,0,0,0
178.907,0.9687,0,0,0,0
178.938,0.9687,0,0,0,0
178.975,0.9687,0,0,0,0
179.009,0.9687,0,0,0,0
179.040,0.9687,0,0,0,0
179.076,0.9687,0,0,0,0
179.104,0.9687,0,0,0,0
179.138,0.9687,0,0,0,0
179.175,0.9687,0,0,0,0
179.210,0.9687,0,0,0,0
179.238,0.9687,0,0,0,0
179.274,0.9687,0,0,0,0
179.307,0.9687,0,0,0,0
179.342,0.9687,0,0,0,0
179.373,0.9687,0,0,0,0
179.408,0.9687,0,0,0,0
179.439,0.9687,0,0,0,0
179.475,0.9687,0,0,0,0
179.506,0.9686,0,0,0,0
179.540,0.9686,0,0,0,0
179.576,0.9686,0,0,0,0
179.604,0.9686,0,0,0,0
179.641,0.9686,0,0,0,0
179.672,0.9686,0,0,0,0
179.706,0.9686,0,0,0,0
179.741,0.9686,0,0,0,0
179.774,0.9686,0,0,0,0
179.803,0.9686,0,0,0,0
179.838,0.9686,0,0,0,0
179.875,0.9686,0,0,0,0
179.907,0.9686,0,0,0,0
179.941,0.9686,0,0,0,0
179.973,0.9686,0,0,0,0
180.007,0.9686,0,0,0,0
180.041,0.9686,0,0,0,0
180.072,0.9686,0,0,0,0
180.105,0.9686,0,0,0,0
180.142,0.9686,0,0,0,0
180.171,0.9686,0,0,0,0
180.209,0.9686,0,0,0,0
180.237,0.9686,0,0,0,0
180.271,0.9686,0,0,0,0
180.305,0.9686,0,0,0,0
180.339,0.9686,0,0,0,0
180.373,0.9686,0,0,0,0
180.412,0.9686,0,0,0,0
180.441,0.9686,0,0,0,0
180.472,0.9686,0,0,0,0
180.506,0.9686,0,0,0,0
180.542,0.9686,0,0,0,0
180.571,0.9686,0,0,0,0
180.610,0.9686,0,0,0,0
180.642,0.9686,0,0,0,0
180.674,0.9686,0,0,0,0
180.706,0.9686,0,0,0,0
180.737,0.9686,0,0,0,0
180.776,0.9686,0,0,0,0
180.807,0.9686,0,0,0,0
180.841,0.9686,0,0,0,0
180.874,0.9686,0,0,0,0
180.907,0.9686,0,0,0,0
180.942,0.9686,0,0,0,0
180.974,0.9686,0,0,0,0
181.008,0.9686,0,0,0,0
181.042,0.9686,0,0,0,0
181.075,0.9686,0,0,0,0
181.107,0.9686,0,0,0,0
181.141,0.9686,0,0,0,0
181.171,0.9686,0,0,0,0
181.212,0.9686,0,0,0,0
181.239,0.9686,0,0,0,0
181.272,0.9686,0,0,0,0
181.308,0.9686,0,0,0,0
181.342,0.9686,0,0,0,0
181.373,0.9686,0,0,0,0
181.409,0.9686,0,0,0,0
181.438,0.9686,0,0,0,0
181.472,0.9686,0,0,0,0
181.510,0.9686,0,0,0,0
181.539,0.9686,0,0,0,0
181.572,0.9686,0,0,0,0
181.609,0.9686,0,0,0,0
181.640,0.9686,0,0,0,0
181.676,0.9686,0,0,0,0
181.707,0.9686,0,0,0,0
181.739,0.9686,0,0,0,0
181.772,0.9686,0,0,0,0
181.805,0.9686,0,0,0,0
181.841,0.9686,0,0,0,0
181.872,0.9686,0,0,0,0
181.908,0.9686,0,0,0,0
181.942,0.9686,0,0,0,0
181.975,0.9686,0,0,0,0
182.009,0.9686,0,0,0,0
182.038,0.9686,0,0,0,0
182.076,0.9686,0,0,0,0
182.109,0.9686,0,0,0,0
182.141,0.9686,0,0,0,0
182.177,0.9686,0,0,0,0
182.209,0.9686,0,0,0,0
182.241,0.9686,0,0,0,0
182.274,0.9686,0,0,0,0
182.310,0.9686,0,0,0,0
182.341,0.9686,0,0,0,0
182.373,0.9685,0,0,0,0
182.407,0.9685,0,0,0,0
182.442,0.9685,0,0,0,0
182.474,0.9685,0,0,0,0
182.509,0.9685,0,0,0,0
182.536,0.9685,0,0,0,0
182.576,0.9685,0,0,0,0
182.607,0.9685,0,0,0,0
182.639,0.9685,0,0,0,0
182.671,0.9685,0,0,0,0
182.707,0.9685,0,0,0,0
182.741,0.9685,0,0,0,0
182.776,0.9685,0,0,0,0
182.806,0.9685,0,0,0,0
182.838,0.9685,0,0,0,0
182.877,0.9685,0,0,0,0
182.906,0.9685,0,0,0,0
182.937,0.9685,0,0,0,0
182.972,0.9685,0,0,0,0
183.007,0.9685,0,0,0,0
183.040,0.9685,0,0,0,0
183.076,0.9685,0,0,0,0
183.110,0.9685,0,0,0,0
183.137,0.9685,0,0,0,0
183.174,0.9685,0,0,0,0
183.209,0.9685,0,0,0,0
183.239,0.9685,0,0,0,0
183.273,0.9685,0,0,0,0
183.310,0.9685,0,0,0,0
183.341,0.9685,0,0,0,0
183.373,0.9685,0,0,0,0
183.409,0.9685,0,0,0,0
183.441,0.9685,0,0,0,0
183.471,0.9685,0,0,0,0
183.509,0.9685,0,0,0,0
183.542,0.9685,0,0,0,0
183.571,0.9685,0,0,0,0
183.609,0.9685,0,0,0,0
183.641,0.9685,0,0,0,0
183.672,0.9685,0,0,0,0
183.707,0.9685,0,0,0,0
183.741,0.9685,0,0,0,0
183.774,0.9685,0,0,0,0
183.809,0.9685,0,0,0,0
183.842,0.9685,0,0,0,0
183.871,0.9685,0,0,0,0
183.907,0.9685,0,0,0,0
183.943,0.9685,0,0,0,0
183.973,0.9685,0,0,0,0
184.004,0.9685,0,0,0,0
184.040,0.9685,0,0,0,0
184.076,0.9685,0,0,0,0
184.105,0.9685,0,0,0,0
184.140,0.9685,0,0,0,0
184.171,0.9685,0,0,0,0
184.208,0.9685,0,0,0,0
184.240,0.9685,0,0,0,0
184.275,0.9685,0,0,0,0
184.307,0.9685,0,0,0,0
184.338,0.9685,0,0,0,0
184.374,0.9685,0,0,0,0
184.409,0.9685,0,0,0,0
184.439,0.9685,0,0,0,0
184.474,0.9685,0,0,0,0
184.506,0.9685,0,0,0,0
184.541,0.9685,0,0,0,0
184.572,0.9685,0,0,0,0
184.606,0.9685,0,0,0,0
184.639,0.9685,0,0,0,0
184.672,0.9685,0,0,0,0
184.708,0.9685,0,0,0,0
184.738,0.9685,0,0,0,0
184.775,0.9685,0,0,0,0
184.809,0.9685,0,0,0,0
184.839,0.9685,0,0,0,0
184.872,0.9685,0,0,0,0
184.907,0.9685,0,0,0,0
184.942,0.9685,0,0,0,0
184.971,0.9685,0,0,0,0
185.007,0.9685,0,0,0,0
185.038,0.9685,0,0,0,0
185.074,0.9685,0,0,0,0
185.105,0.9685,0,0,0,0
185.141,0.9685,0,0,0,0
185.176,0.9685,0,0,0,0
185.209,0.9685,0,0,0,0
185.239,0.9685,0,0,0,0
185.274,0.9684,0,0,0,0
185.305,0.9684,0,0,0,0
185.338,0.9684,0,0,0,0
185.373,0.9684,0,0,0,0
185.404,0.9684,0,0,0,0
185.440,0.9684,0,0,0,0
185.475,0.9684,0,0,0,0
185.508,0.9684,0,0,0,0
185.540,0.9684,0,0,0,0
185.574,0.9684,0,0,0,0
185.608,0.9684,0,0,0,0
185.638,0.9684,0,0,0,0
185.672,0.9684,0,0,0,0
185.705,0.9684,0,0,0,0
185.741,0.9684,0,0,0,0
185.775,0.9684,0,0,0,0
185.808,0.9684,0,0,0,0
185.839,0.9684,0,0,0,0
185.876,0.9684,0,0,0,0
185.906,0.9684,0,0,0,0
185.939,0.9684,0,0,0,0
185.973,0.9684,0,0,0,0
186.005,0.9684,0,0,0,0
186.042,0.9684,0,0,0,0
186.073,0.9684,0,0,0,0
186.107,0.9684,0,0,0,0
186.141,0.9684,0,0,0,0
186.171,0.9684,0,0,0,0
186.209,0.9684,0,0,0,0
186.241,0.9684,0,0,0,0
186.274,0.9684,0,0,0,0
186.310,0.9684,0,0,0,0
186.341,0.9684,0,0,0,0
186.375,0.9684,0,0,0,0
186.407,0.9684,0,0,0,0
186.440,0.9684,0,0,0,0
186.474,0.9684,0,0,0,0
186.508,0.9684,0,0,0,0
186.543,0.9684,0,0,0,0
186.573,0.9684,0,0,0,0
186.609,0.9684,0,0,0,0
186.641,0.9684,0,0,0,0
186.673,0.9684,0,0,0,0
186.708,0.9684,0,0,0,0
186.740,0.9684,0,0,0,0
186.772,0.9684,0,0,0,0
186.809,0.9684,0,0,0,0
186.841,0.9684,0,0,0,0
186.875,0.9684,0,0,0,0
186.907,0.9684,0,0,0,0
186.939,0.9684,0,0,0,0
186.975,0.9684,0,0,0,0
187.008,0.9684,0,0,0,0
187.041,0.9684,0,0,0,0
187.074,0.9684,0,0,0,0
187.105,0.9684,0,0,0,0
187.143,0.9684,0,0,0,0
187.176,0.9684,0,0,0,0
187.206,0.9684,0,0,0,0
187.242,0.9684,0,0,0,0
187.273,0.9684,0,0,0,0
187.306,0.9684,0,0,0,0
187.342,0.9684,0,0,0,0
187.371,0.9684,0,0,0,0
187.409,0.9684,0,0,0,0
187.436,0.9684,0,0,0,0
187.475,0.9684,0,0,0,0
187.507,0.9684,0,0,0,0
187.540,0.9684,0,0,0,0
187.573,0.9684,0,0,0,0
187.602,0.9684,0,0,0,0
187.645,0.9684,0,0,0,0
187.667,0.9684,0,0,0,0
187.709,0.9684,0,0,0,0
187.739,0.9684,0,0,0,0
187.771,0.9684,0,0,0,0
187.810,0.9684,0,0,0,0
187.839,0.9684,0,0,0,0
187.875,0.9684,0,0,0,0
187.908,0.9684,0,0,0,0
187.940,0.9684,0,0,0,0
187.975,0.9684,0,0,0,0
188.007,0.9684,0,0,0,0
188.040,0.9684,0,0,0,0
188.071,0.9684,0,0,0,0
188.110,0.9684,0,0,0,0
188.141,0.9684,0,0,0,0
188.179,0.9684,0,0,0,0
188.207,0.9684,0,0,0,0
188.241,0.9684,0,0,0,0
188.271,0.9684,0,0,0,0
188.308,0.9683,0,0,0,0
188.339,0.9683,0,0,0,0
188.374,0.9683,0,0,0,0
188.407,0.9683,0,0,0,0
188.440,0.9683,0,0,0,0
188.472,0.9683,0,0,0,0
188.504,0.9683,0,0,0,0
188.543,0.9683,0,0,0,0
188.571,0.9683,0,0,0,0
188.609,0.9683,0,0,0,0
188.638,0.9683,0,0,0,0
188.676,0.9683,0,0,0,0
188.708,0.9683,0,0,0,0
188.739,0.9683,0,0,0,0
188.771,0.9683,0,0,0,0
188.809,0.9683,0,0,0,0
188.840,0.9683,0,0,0,0
188.871,0.9683,0,0,0,0
188.905,0.9683,0,0,0,0
188.939,0.9683,0,0,0,0
188.974,0.9683,0,0,0,0
189.006,0.9683,0,0,0,0
189.038,0.9683,0,0,0,0
189.075,0.9683,0,0,0,0
189.105,0.9683,0,0,0,0
189.138,0.9683,0,0,0,0
189.172,0.9683,0,0,0,0
189.208,0.9683,0,0,0,0
189.242,0.9683,0,0,0,0
189.272,0.9683,0,0,0,0
189.309,0.9683,0,0,0,0
189.337,0.9683,0,0,0,0
189.373,0.9683,0,0,0,0
189.412,0.9683,0,0,0,0
189.443,0.9683,0,0,0,0
189.475,0.9683,0,0,0,0
189.506,0.9683,0,0,0,0
189.543,0.9683,0,0,0,0
189.575,0.9683,0,0,0,0
189.606,0.9683,0,0,0,0
189.639,0.9683,0,0,0,0
189.675,0.9683,0,0,0,0
189.707,0.9683,0,0,0,0
189.741,0.9683,0,0,0,0
189.775,0.9683,0,0,0,0
189.807,0.9683,0,0,0,0
189.839,0.9683,0,0,0,0
189.875,0.9683,0,0,0,0
189.906,0.9683,0,0,0,0
189.939,0.9683,0,0,0,0
189.974,0.9683,0,0,0,0
190.006,0.9683,0,0,0,0
190.041,0.9683,0,0,0,0
190.075,0.9683,0,0,0,0
190.113,0.9683,0,0,0,0
190.140,0.9683,0,0,0,0
190.173,0.9683,0,0,0,0
190.208,0.9683,0,0,0,0
190.242,0.9683,0,0,0,0
190.272,0.9683,0,0,0,0
190.306,0.9683,0,0,0,0
190.342,0.9683,0,0,0,0
190.371,0.9683,0,0,0,0
190.405,0.9683,0,0,0,0
190.441,0.9683,0,0,0,0
190.472,0.9683,0,0,0,0
190.505,0.9683,0,0,0,0
190.539,0.9683,0,0,0,0
190.574,0.9683,0,0,0,0
190.607,0.9683,0,0,0,0
190.639,0.9683,0,0,0,0
190.676,0.9683,0,0,0,0
190.707,0.9683,0,0,0,0
190.738,0.9683,0,0,0,0
190.773,0.9683,0,0,0,0
190.807,0.9683,0,0,0,0
190.841,0.9683,0,0,0,0
190.875,0.9683,0,0,0,0
190.909,0.9683,0,0,0,0
190.940,0.9683,0,0,0,0
190.974,0.9683,0,0,0,0
191.006,0.9683,0,0,0,0
191.043,0.9683,0,0,0,0
191.073,0.9683,0,0,0,0
191.107,0.9683,0,0,0,0
191.142,0.9683,0,0,0,0
191.175,0.9683,0,0,0,0
191.205,0.9683,0,0,0,0
191.246,0.9683,0,0,0,0
191.276,0.9683,0,0,0,0
191.305,0.9683,0,0,0,0
191.340,0.9683,0,0,0,0
191.374,0.9683,0,0,0,0
191.409,0.9683,0,0,0,0
191.437,0.9682,0,0,0,0
191.474,0.9682,0,0,0,0
191.504,0.9682,0,0,0,0
191.538,0.9682,0,0,0,0
191.573,0.9682,0,0,0,0
191.609,0.9682,0,0,0,0
191.638,0.9682,0,0,0,0
191.675,0.9682,0,0,0,0
191.709,0.9682,0,0,0,0
191.738,0.9682,0,0,0,0
191.773,0.9682,0,0,0,0
191.809,0.9682,0,0,0,0
191.842,0.9682,0,0,0,0
191.876,0.9682,0,0,0,0
191.907,0.9682,0,0,0,0
191.937,0.9682,0,0,0,0
191.973,0.9682,0,0,0,0
192.010,0.9682,0,0,0,0
192.038,0.9682,0,0,0,0
192.074,0.9682,0,0,0,0
192.106,0.9682,0,0,0,0
192.138,0.9682,0,0,0,0
192.173,0.9682,0,0,0,0
192.207,0.9682,0,0,0,0
192.240,0.9682,0,0,0,0
192.276,0.9682,0,0,0,0
192.307,0.9682,0,0,0,0
192.338,0.9682,0,0,0,0
192.374,0.9682,0,0,0,0
192.406,0.9682,0,0,0,0
192.438,0.9682,0,0,0,0
192.471,0.9682,0,0,0,0
192.508,0.9682,0,0,0,0
192.541,0.9682,0,0,0,0
192.572,0.9682,0,0,0,0
192.604,0.9682,0,0,0,0
192.638,0.9682,0,0,0,0
192.676,0.9682,0,0,0,0
192.708,0.9682,0,0,0,0
192.737,0.9682,0,0,0,0
192.773,0.9682,0,0,0,0
192.808,0.9682,0,0,0,0
192.838,0.9682,0,0,0,0
192.873,0.9682,0,0,0,0
192.905,0.9682,0,0,0,0
192.942,0.9682,0,0,0,0
192.974,0.9682,0,0,0,0
193.005,0.9682,0,0,0,0
193.043,0.9682,0,0,0,0
193.074,0.9682,0,0,0,0
193.107,0.9682,0,0,0,0
193.142,0.9682,0,0,0,0
193.173,0.9682,0,0,0,0
193.209,0.9682,0,0,0,0
193.240,0.9682,0,0,0,0
193.278,0.9682,0,0,0,0
193.306,0.9682,0,0,0,0
193.338,0.9682,0,0,0,0
193.371,0.9682,0,0,0,0
193.408,0.9682,0,0,0,0
193.437,0.9682,0,0,0,0
193.471,0.9682,0,0,0,0
193.509,0.9682,0,0,0,0
193.542,0.9682,0,0,0,0
193.571,0.9682,0,0,0,0
193.605,0.9682,0,0,0,0
193.642,0.9682,0,0,0,0
193.671,0.9682,0,0,0,0
193.709,0.9682,0,0,0,0
193.740,0.9682,0,0,0,0
193.775,0.9682,0,0,0,0
193.807,0.9682,0,0,0,0
193.839,0.9682,0,0,0,0
193.875,0.9682,0,0,0,0
193.907,0.9682,0,0,0,0
193.938,0.9682,0,0,0,0
193.974,0.9682,0,0,0,0
194.006,0.9682,0,0,0,0
194.041,0.9682,0,0,0,0
194.072,0.9682,0,0,0,0
194.108,0.9682,0,0,0,0
194.140,0.9682,0,0,0,0
194.175,0.9682,0,0,0,0
194.208,0.9682,0,0,0,0
194.239,0.9682,0,0,0,0
194.272,0.9682,0,0,0,0
194.308,0.9682,0,0,0,0
194.340,0.9682,0,0,0,0
194.375,0.9682,0,0,0,0
194.408,0.9682,0,0,0,0
194.439,0.9682,0,0,0,0
194.475,0.9682,0,0,0,0
194.507,0.9682,0,0,0,0
194.539,0.9682,0,0,0,0
194.576,0.9682,0,0,0,0
194.611,0.9682,0,0,0,0
194.641,0.9682,0,0,0,0
194.673,0.9682,0,0,0,0
194.704,0.9681,0,0,0,0
194.739,0.9681,0,0,0,0
194.775,0.9681,0,0,0,0
194.807,0.9681,0,0,0,0
194.838,0.9681,0,0,0,0
194.878,0.9681,0,0,0,0
194.906,0.9681,0,0,0,0
194.942,0.9681,0,0,0,0
194.972,0.9681,0,0,0,0
195.008,0.9681,0,0,0,0
195.041,0.9681,0,0,0,0
195.075,0.9681,0,0,0,0
195.107,0.9681,0,0,0,0
195.140,0.9681,0,0,0,0
195.173,0.9681,0,0,0,0
195.205,0.9681,0,0,0,0
195.238,0.9681,0,0,0,0
195.276,0.9681,0,0,0,0
195.306,0.9681,0,0,0,0
195.342,0.9681,0,0,0,0
195.375,0.9681,0,0,0,0
195.407,0.9681,0,0,0,0
195.441,0.9681,0,0,0,0
195.471,0.9681,0,0,0,0
195.508,0.9681,0,0,0,0
195.542,0.9681,0,0,0,0
195.575,0.9681,0,0,0,0
195.606,0.9681,0,0,0,0
195.640,0.9681,0,0,0,0
195.673,0.9681,0,0,0,0
195.706,0.9681,0,0,0,0
195.741,0.9681,0,0,0,0
195.780,0.9681,0,0,0,0
195.806,0.9681,0,0,0,0
195.839,0.9681,0,0,0,0
195.874,0.9681,0,0,0,0
195.906,0.9681,0,0,0,0
195.940,0.9681,0,0,0,0
195.974,0.9681,0,0,0,0
196.008,0.9681,0,0,0,0
196.040,0.9681,0,0,0,0
196.075,0.9681,0,0,0,0
196.107,0.9681,0,0,0,0
196.141,0.9681,0,0,0,0
196.175,0.9681,0,0,0,0
196.205,0.9681,0,0,0,0
196.242,0.9681,0,0,0,0
196.273,0.9681,0,0,0,0
196.305,0.9681,0,0,0,0
196.340,0.9681,0,0,0,0
196.373,0.9681,0,0,0,0
196.408,0.9681,0,0,0,0
196.441,0.9681,0,0,0,0
196.475,0.9681,0,0,0,0
196.509,0.9681,0,0,0,0
196.538,0.9681,0,0,0,0
196.573,0.9681,0,0,0,0
196.604,0.9681,0,0,0,0
196.642,0.9681,0,0,0,0
196.674,0.9681,0,0,0,0
196.709,0.9681,0,0,0,0
196.740,0.9681,0,0,0,0
196.775,0.9681,0,0,0,0
196.808,0.9681,0,0,0,0
196.834,0.9681,0,0,0,0
196.871,0.9681,0,0,0,0
196.905,0.9681,0,0,0,0
196.940,0.9681,0,0,0,0
196.976,0.9681,0,0,0,0
197.007,0.9681,0,0,0,0
197.042,0.9681,0,0,0,0
197.074,0.9681,0,0,0,0
197.106,0.9681,0,0,0,0
197.139,0.9681,0,0,0,0
197.171,0.9681,0,0,0,0
197.206,0.9681,0,0,0,0
197.241,0.9681,0,0,0,0
197.272,0.9681,0,0,0,0
197.312,0.9681,0,0,0,0
197.340,0.9681,0,0,0,0
197.372,0.9681,0,0,0,0
197.404,0.9681,0,0,0,0
197.440,0.9681,0,0,0,0
197.473,0.9681,0,0,0,0
197.511,0.9681,0,0,0,0
197.540,0.9681,0,0,0,0
197.575,0.9681,0,0,0,0
197.608,0.9681,0,0,0,0
197.641,0.9681,0,0,0,0
197.674,0.9681,0,0,0,0
197.711,0.9681,0,0,0,0
197.741,0.9681,0,0,0,0
197.773,0.9681,0,0,0,0
197.804,0.9681,0,0,0,0
197.838,0.9681,0,0,0,0
197.872,0.9681,0,0,0,0
197.905,0.9681,0,0,0,0
197.938,0.9681,0,0,0,0
197.976,0.9681,0,0,0,0
198.008,0.9681,0,0,0,0
198.041,0.9680,0,0,0,0
198.075,0.9680,0,0,0,0
198.106,0.9680,0,0,0,0
198.141,0.9680,0,0,0,0
198.176,0.9680,0,0,0,0
198.206,0.9680,0,0,0,0
198.240,0.9680,0,0,0,0
198.275,0.9680,0,0,0,0
198.306,0.9680,0,0,0,0
198.340,0.9680,0,0,0,0
198.374,0.9680,0,0,0,0
198.404,0.9680,0,0,0,0
198.438,0.9680,0,0,0,0
198.473,0.9680,0,0,0,0
198.509,0.9680,0,0,0,0
198.541,0.9680,0,0,0,0
198.573,0.9680,0,0,0,0
198.607,0.9680,0,0,0,0
198.642,0.9680,0,0,0,0
198.676,0.9680,0,0,0,0
198.710,0.9680,0,0,0,0
198.739,0.9680,0,0,0,0
198.772,0.9680,0,0,0,0
198.805,0.9680,0,0,0,0
198.842,0.9680,0,0,0,0
198.874,0.9680,0,0,0,0
198.906,0.9680,0,0,0,0
198.942,0.9680,0,0,0,0
198.973,0.9680,0,0,0,0
199.008,0.9680,0,0,0,0
199.040,0.9680,0,0,0,0
199.074,0.9680,0,0,0,0
199.105,0.9680,0,0,0,0
199.140,0.9680,0,0,0,0
199.174,0.9680,0,0,0,0
199.205,0.9680,0,0,0,0
199.241,0.9680,0,0,0,0
199.276,0.9680,0,0,0,0
199.308,0.9680,0,0,0,0
199.338,0.9680,0,0,0,0
199.374,0.9680,0,0,0,0
199.405,0.9680,0,0,0,0
199.441,0.9680,0,0,0,0
199.474,0.9680,0,0,0,0
199.505,0.9680,0,0,0,0
199.538,0.9680,0,0,0,0
199.575,0.9680,0,0,0,0
199.607,0.9680,0,0,0,0
199.639,0.9680,0,0,0,0
199.675,0.9680,0,0,0,0
199.707,0.9680,0,0,0,0
199.741,0.9680,0,0,0,0
199.773,0.9680,0,0,0,0
199.808,0.9680,0,0,0,0
199.840,0.9680,0,0,0,0
199.874,0.9680,0,0,0,0
199.906,0.9680,0,0,0,0
199.942,0.9680,0,0,0,0
199.974,0.9680,0,0,0,0
200.009,0.9680,0,0,0,0
200.042,0.9680,0,0,0,0
200.075,0.9680,0,0,0,0
200.108,0.9680,0,0,0,0
200.141,0.9680,0,0,0,0
200.171,0.9680,0,0,0,0
200.207,0.9680,0,0,0,0
200.242,0.9680,0,0,0,0
200.272,0.9680,0,0,0,0
200.306,0.9680,0,0,0,0
200.340,0.9680,0,0,0,0
200.372,0.9680,0,0,0,0
200.408,0.9680,0,0,0,0
200.441,0.9680,0,0,0,0
200.473,0.9680,0,0,0,0
200.505,0.9680,0,0,0,0
200.538,0.9680,0,0,0,0
200.575,0.9680,0,0,0,0
200.607,0.9680,0,0,0,0
200.640,0.9680,0,0,0,0
200.675,0.9680,0,0,0,0
200.706,0.9680,0,0,0,0
200.738,0.9680,0,0,0,0
200.773,0.9680,0,0,0,0
200.808,0.9680,0,0,0,0
200.839,0.9680,0,0,0,0
200.875,0.9680,0,0,0,0
200.907,0.9680,0,0,0,0
200.941,0.9680,0,0,0,0
200.972,0.9680,0,0,0,0
201.008,0.9680,0,0,0,0
201.041,0.9680,0,0,0,0
201.071,0.9680,0,0,0,0
201.107,0.9680,0,0,0,0
201.139,0.9680,0,0,0,0
201.172,0.9680,0,0,0,0
201.205,0.9680,0,0,0,0
201.241,0.9680,0,0,0,0
201.273,0.9680,0,0,0,0
201.308,0.9680,0,0,0,0
201.341,0.9680,0,0,0,0
201.373,0.9680,0,0,0,0
201.409,0.9680,0,0,0,0
201.443,0.9680,0,0,0,0
201.473,0.9680,0,0,0,0
201.508,0.9679,0,0,0,0
201.542,0.9679,0,0,0,0
201.575,0.9679,0,0,0,0
201.607,0.9679,0,0,0,0
201.642,0.9679,0,0,0,0
201.672,0.9679,0,0,0,0
201.709,0.9679,0,0,0,0
201.742,0.9679,0,0,0,0
201.774,0.9679,0,0,0,0
201.807,0.9679,0,0,0,0
201.841,0.9679,0,0,0,0
201.874,0.9679,0,0,0,0
201.907,0.9679,0,0,0,0
201.943,0.9679,0,0,0,0
201.972,0.9679,0,0,0,0
202.007,0.9679,0,0,0,0
202.041,0.9679,0,0,0,0
202.073,0.9679,0,0,0,0
202.107,0.9679,0,0,0,0
202.142,0.9679,0,0,0,0
202.173,0.9679,0,0,0,0
202.210,0.9679,0,0,0,0
202.241,0.9679,0,0,0,0
202.274,0.9679,0,0,0,0
202.306,0.9679,0,0,0,0
202.343,0.9679,0,0,0,0
202.375,0.9679,0,0,0,0
202.409,0.9679,0,0,0,0
202.442,0.9679,0,0,0,0
202.475,0.9679,0,0,0,0
202.505,0.9679,0,0,0,0
202.540,0.9679,0,0,0,0
202.575,0.9679,0,0,0,0
202.606,0.9679,0,0,0,0
202.642,0.9679,0,0,0,0
202.673,0.9679,0,0,0,0
202.708,0.9679,0,0,0,0
202.737,0.9679,0,0,0,0
202.778,0.9679,0,0,0,0
202.806,0.9679,0,0,0,0
202.839,0.9679,0,0,0,0
202.874,0.9679,0,0,0,0
202.909,0.9679,0,0,0,0
202.940,0.9679,0,0,0,0
202.976,0.9679,0,0,0,0
203.007,0.9679,0,0,0,0
203.041,0.9679,0,0,0,0
203.075,0.9679,0,0,0,0
203.108,0.9679,0,0,0,0
203.139,0.9679,0,0,0,0
203.172,0.9679,0,0,0,0
203.209,0.9679,0,0,0,0
203.242,0.9679,0,0,0,0
203.276,0.9679,0,0,0,0
203.308,0.9679,0,0,0,0
203.340,0.9679,0,0,0,0
203.373,0.9679,0,0,0,0
203.408,0.9679,0,0,0,0
203.438,0.9679,0,0,0,0
203.475,0.9679,0,0,0,0
203.505,0.9679,0,0,0,0
203.542,0.9679,0,0,0,0
203.574,0.9679,0,0,0,0
203.607,0.9679,0,0,0,0
203.642,0.9679,0,0,0,0
203.673,0.9679,0,0,0,0
203.709,0.9679,0,0,0,0
203.741,0.9679,0,0,0,0
203.774,0.9679,0,0,0,0
203.806,0.9679,0,0,0,0
203.839,0.9679,0,0,0,0
203.875,0.9679,0,0,0,0
203.905,0.9679,0,0,0,0
203.939,0.9679,0,0,0,0
203.980,0.9679,0,0,0,0
204.008,0.9679,0,0,0,0
204.040,0.9679,0,0,0,0
204.072,0.9679,0,0,0,0
204.105,0.9679,0,0,0,0
204.140,0.9679,0,0,0,0
204.175,0.9679,0,0,0,0
204.205,0.9679,0,0,0,0
204.242,0.9679,0,0,0,0
204.275,0.9679,0,0,0,0
204.308,0.9679,0,0,0,0
204.338,0.9679,0,0,0,0
204.375,0.9679,0,0,0,0
204.405,0.9679,0,0,0,0
204.443,0.9679,0,0,0,0
204.474,0.9679,0,0,0,0
204.506,0.9679,0,0,0,0
204.539,0.9679,0,0,0,0
204.575,0.9679,0,0,0,0
204.605,0.9679,0,0,0,0
204.640,0.9679,0,0,0,0
204.674,0.9679,0,0,0,0
204.706,0.9679,0,0,0,0
204.741,0.9679,0,0,0,0
204.774,0.9679,0,0,0,0
204.807,0.9679,0,0,0,0
204.841,0.9679,0,0,0,0
204.873,0.9679,0,0,0,0
204.909,0.9679,0,0,0,0
204.940,0.9679,0,0,0,0
204.972,0.9679,0,0,0,0
205.006,0.9679,0,0,0,0
205.041,0.9679,0,0,0,0
205.073,0.9679,0,0,0,0
205.105,0.9678,0,0,0,0
205.142,0.9678,0,0,0,0
205.172,0.9678,0,0,0,0
205.205,0.9678,0,0,0,0
205.242,0.9678,0,0,0,0
205.275,0.9678,0,0,0,0
205.307,0.9678,0,0,0,0
205.339,0.9678,0,0,0,0
205.377,0.9678,0,0,0,0
205.407,0.9678,0,0,0,0
205.438,0.9678,0,0,0,0
205.474,0.9678,0,0,0,0
205.508,0.9678,0,0,0,0
205.542,0.9678,0,0,0,0
205.574,0.9678,0,0,0,0
205.605,0.9678,0,0,0,0
205.642,0.9678,0,0,0,0
205.676,0.9678,0,0,0,0
205.705,0.9678,0,0,0,0
205.739,0.9678,0,0,0,0
205.775,0.9678,0,0,0,0
205.808,0.9678,0,0,0,0
205.841,0.9678,0,0,0,0
205.876,0.9678,0,0,0,0
205.909,0.9678,0,0,0,0
205.942,0.9678,0,0,0,0
205.973,0.9678,0,0,0,0
206.008,0.9678,0,0,0,0
206.040,0.9678,0,0,0,0
206.072,0.9678,0,0,0,0
206.107,0.9678,0,0,0,0
206.142,0.9678,0,0,0,0
206.176,0.9678,0,0,0,0
206.205,0.9678,0,0,0,0
206.241,0.9678,0,0,0,0
206.274,0.9678,0,0,0,0
206.309,0.9678,0,0,0,0
206.339,0.9678,0,0,0,0
206.372,0.9678,0,0,0,0
206.406,0.9678,0,0,0,0
206.441,0.9678,0,0,0,0
206.474,0.9678,0,0,0,0
206.506,0.9678,0,0,0,0
206.541,0.9678,0,0,0,0
206.574,0.9678,0,0,0,0
206.609,0.9678,0,0,0,0
206.642,0.9678,0,0,0,0
206.676,0.9678,0,0,0,0
206.706,0.9678,0,0,0,0
206.738,0.9678,0,0,0,0
206.773,0.9678,0,0,0,0
206.806,0.9678,0,0,0,0
206.839,0.9678,0,0,0,0
206.874,0.9678,0,0,0,0
206.909,0.9678,0,0,0,0
206.939,0.9678,0,0,0,0
206.973,0.9678,0,0,0,0
207.005,0.9678,0,0,0,0
207.042,0.9678,0,0,0,0
207.075,0.9678,0,0,0,0
207.109,0.9678,0,0,0,0
207.139,0.9678,0,0,0,0
207.175,0.9678,0,0,0,0
207.208,0.9678,0,0,0,0
207.240,0.9678,0,0,0,0
207.274,0.9678,0,0,0,0
207.305,0.9678,0,0,0,0
207.340,0.9678,0,0,0,0
207.376,0.9678,0,0,0,0
207.407,0.9678,0,0,0,0
207.439,0.9678,0,0,0,0
207.473,0.9678,0,0,0,0
207.505,0.9678,0,0,0,0
207.540,0.9678,0,0,0,0
207.575,0.9678,0,0,0,0
207.604,0.9678,0,0,0,0
207.645,0.9678,0,0,0,0
207.672,0.9678,0,0,0,0
207.706,0.9678,0,0,0,0
207.739,0.9678,0,0,0,0
207.772,0.9678,0,0,0,0
207.806,0.9678,0,0,0,0
207.841,0.9678,0,0,0,0
207.874,0.9678,0,0,0,0
207.906,0.9678,0,0,0,0
207.940,0.9678,0,0,0,0
207.975,0.9678,0,0,0,0
208.006,0.9678,0,0,0,0
208.041,0.9678,0,0,0,0
208.071,0.9678,0,0,0,0
208.110,0.9678,0,0,0,0
208.143,0.9678,0,0,0,0
208.175,0.9678,0,0,0,0
208.208,0.9678,0,0,0,0
208.240,0.9678,0,0,0,0
208.272,0.9678,0,0,0,0
208.306,0.9678,0,0,0,0
208.340,0.9678,0,0,0,0
208.376,0.9678,0,0,0,0
208.408,0.9678,0,0,0,0
208.440,0.9678,0,0,0,0
208.474,0.9678,0,0,0,0
208.508,0.9678,0,0,0,0
208.540,0.9678,0,0,0,0
208.573,0.9678,0,0,0,0
208.606,0.9678,0,0,0,0
208.642,0.9678,0,0,0,0
208.674,0.9678,0,0,0,0
208.709,0.9678,0,0,0,0
208.740,0.9678,0,0,0,0
208.773,0.9678,0,0,0,0
208.805,0.9677,0,0,0,0
208.842,0.9677,0,0,0,0
208.874,0.9677,0,0,0,0
208.906,0.9677,0,0,0,0
208.941,0.9677,0,0,0,0
208.974,0.9677,0,0,0,0
209.007,0.9677,0,0,0,0
209.040,0.9677,0,0,0,0
209.074,0.9677,0,0,0,0
209.106,0.9677,0,0,0,0
209.138,0.9677,0,0,0,0
209.175,0.9677,0,0,0,0
209.209,0.9677,0,0,0,0
209.239,0.9677,0,0,0,0
209.275,0.9677,0,0,0,0
209.306,0.9677,0,0,0,0
209.342,0.9677,0,0,0,0
209.375,0.9677,0,0,0,0
209.408,0.9677,0,0,0,0
209.440,0.9677,0,0,0,0
209.475,0.9677,0,0,0,0
209.508,0.9677,0,0,0,0
209.540,0.9677,0,0,0,0
209.573,0.9677,0,0,0,0
209.607,0.9677,0,0,0,0
209.639,0.9677,0,0,0,0
209.675,0.9677,0,0,0,0
209.708,0.9677,0,0,0,0
209.742,0.9677,0,0,0,0
209.775,0.9677,0,0,0,0
209.808,0.9677,0,0,0,0
209.840,0.9677,0,0,0,0
209.875,0.9677,0,0,0,0
209.906,0.9677,0,0,0,0
209.940,0.9677,0,0,0,0
209.975,0.9677,0,0,0,0
210.005,0.9677,0,0,0,0
210.042,0.9677,0,0,0,0
210.074,0.9677,0,0,0,0
210.105,0.9677,0,0,0,0
210.140,0.9677,0,0,0,0
210.176,0.9677,0,0,0,0
210.205,0.9677,0,0,0,0
210.240,0.9677,0,0,0,0
210.272,0.9677,0,0,0,0
210.308,0.9677,0,0,0,0
210.341,0.9677,0,0,0,0
210.376,0.9677,0,0,0,0
210.406,0.9677,0,0,0,0
210.442,0.9677,0,0,0,0
210.472,0.9677,0,0,0,0
210.506,0.9677,0,0,0,0
210.541,0.9677,0,0,0,0
210.574,0.9677,0,0,0,0
210.606,0.9677,0,0,0,0
210.641,0.9677,0,0,0,0
210.675,0.9677,0,0,0,0
210.705,0.9677,0,0,0,0
210.741,0.9677,0,0,0,0
210.772,0.9677,0,0,0,0
210.807,0.9677,0,0,0,0
210.839,0.9677,0,0,0,0
210.875,0.9677,0,0,0,0
210.907,0.9677,0,0,0,0
210.940,0.9677,0,0,0,0
210.973,0.9677,0,0,0,0
211.007,0.9677,0,0,0,0
211.042,0.9677,0,0,0,0
211.072,0.9677,0,0,0,0
211.109,0.9677,0,0,0,0
211.142,0.9677,0,0,0,0
211.175,0.9677,0,0,0,0
211.206,0.9677,0,0,0,0
211.242,0.9677,0,0,0,0
211.274,0.9677,0,0,0,0
211.308,0.9677,0,0,0,0
211.341,0.9677,0,0,0,0
211.375,0.9677,0,0,0,0
211.407,0.9677,0,0,0,0
211.438,0.9677,0,0,0,0
211.472,0.9677,0,0,0,0
211.505,0.9677,0,0,0,0
211.541,0.9677,0,0,0,0
211.572,0.9677,0,0,0,0
211.607,0.9677,0,0,0,0
211.639,0.9677,0,0,0,0
211.675,0.9677,0,0,0,0
211.708,0.9677,0,0,0,0
211.743,0.9677,0,0,0,0
211.775,0.9677,0,0,0,0
211.805,0.9677,0,0,0,0
211.844,0.9677,0,0,0,0
211.873,0.9677,0,0,0,0
211.908,0.9677,0,0,0,0
211.942,0.9677,0,0,0,0
211.973,0.9677,0,0,0,0
212.009,0.9677,0,0,0,0
212.039,0.9677,0,0,0,0
212.071,0.9677,0,0,0,0
212.106,0.9677,0,0,0,0
212.142,0.9677,0,0,0,0
212.173,0.9677,0,0,0,0
212.206,0.9677,0,0,0,0
212.242,0.9677,0,0,0,0
212.272,0.9677,0,0,0,0
212.308,0.9677,0,0,0,0
212.341,0.9677,0,0,0,0
212.375,0.9677,0,0,0,0
212.410,0.9677,0,0,0,0
212.442,0.9677,0,0,0,0
212.474,0.9677,0,0,0,0
212.506,0.9677,0,0,0,0
212.540,0.9677,0,0,0,0
212.573,0.9677,0,0,0,0
212.609,0.9676,0,0,0,0
212.637,0.9676,0,0,0,0
212.674,0.9676,0,0,0,0
212.698,0.9676,0,0,0,0
212.739,0.9676,0,0,0,0
212.775,0.9676,0,0,0,0
212.807,0.9676,0,0,0,0
212.839,0.9676,0,0,0,0
212.874,0.9676,0,0,0,0
212.906,0.9676,0,0,0,0
212.938,0.9676,0,0,0,0
212.978,0.9676,0,0,0,0
213.008,0.9676,0,0,0,0
213.040,0.9676,0,0,0,0
213.073,0.9676,0,0,0,0
213.108,0.9676,0,0,0,0
213.141,0.9676,0,0,0,0
213.174,0.9676,0,0,0,0
213.209,0.9676,0,0,0,0
213.240,0.9676,0,0,0,0
213.275,0.9676,0,0,0,0
213.308,0.9676,0,0,0,0
213.341,0.9676,0,0,0,0
213.377,0.9676,0,0,0,0
213.409,0.9676,0,0,0,0
213.442,0.9676,0,0,0,0
213.472,0.9676,0,0,0,0
213.509,0.9676,0,0,0,0
213.541,0.9676,0,0,0,0
213.572,0.9676,0,0,0,0
213.608,0.9676,0,0,0,0
213.640,0.9676,0,0,0,0
213.674,0.9676,0,0,0,0
213.705,0.9676,0,0,0,0
213.739,0.9676,0,0,0,0
213.776,0.9676,0,0,0,0
213.805,0.9676,0,0,0,0
213.840,0.9676,0,0,0,0
213.874,0.9676,0,0,0,0
213.906,0.9676,0,0,0,0
213.939,0.9676,0,0,0,0
213.974,0.9676,0,0,0,0
214.009,0.9676,0,0,0,0
214.039,0.9676,0,0,0,0
214.073,0.9676,0,0,0,0
214.105,0.9676,0,0,0,0
214.140,0.9676,0,0,0,0
214.175,0.9676,0,0,0,0
214.208,0.9676,0,0,0,0
214.243,0.9676,0,0,0,0
214.275,0.9676,0,0,0,0
214.309,0.9676,0,0,0,0
214.339,0.9676,0,0,0,0
214.376,0.9676,0,0,0,0
214.409,0.9676,0,0,0,0
214.441,0.9676,0,0,0,0
214.475,0.9676,0,0,0,0
214.507,0.9676,0,0,0,0
214.543,0.9676,0,0,0,0
214.576,0.9676,0,0,0,0
214.606,0.9676,0,0,0,0
214.638,0.9676,0,0,0,0
214.673,0.9676,0,0,0,0
214.707,0.9676,0,0,0,0
214.740,0.9676,0,0,0,0
214.773,0.9676,0,0,0,0
214.806,0.9676,0,0,0,0
214.839,0.9676,0,0,0,0
214.873,0.9676,0,0,0,0
214.907,0.9676,0,0,0,0
214.938,0.9676,0,0,0,0
214.973,0.9676,0,0,0,0
215.006,0.9676,0,0,0,0
215.038,0.9676,0,0,0,0
215.073,0.9676,0,0,0,0
215.105,0.9676,0,0,0,0
215.138,0.9676,0,0,0,0
215.175,0.9676,0,0,0,0
215.209,0.9676,0,0,0,0
215.242,0.9676,0,0,0,0
215.274,0.9676,0,0,0,0
215.310,0.9676,0,0,0,0
215.340,0.9676,0,0,0,0
215.375,0.9676,0,0,0,0
215.409,0.9676,0,0,0,0
215.440,0.9676,0,0,0,0
215.473,0.9676,0,0,0,0
215.510,0.9676,0,0,0,0
215.541,0.9676,0,0,0,0
215.575,0.9676,0,0,0,0
215.608,0.9676,0,0,0,0
215.642,0.9676,0,0,0,0
215.673,0.9676,0,0,0,0
215.708,0.9676,0,0,0,0
215.740,0.9676,0,0,0,0
215.773,0.9676,0,0,0,0
215.807,0.9676,0,0,0,0
215.841,0.9676,0,0,0,0
215.872,0.9676,0,0,0,0
215.909,0.9676,0,0,0,0
215.939,0.9676,0,0,0,0
215.976,0.9676,0,0,0,0
216.005,0.9676,0,0,0,0
216.038,0.9676,0,0,0,0
216.079,0.9676,0,0,0,0
216.105,0.9676,0,0,0,0
216.139,0.9676,0,0,0,0
216.172,0.9676,0,0,0,0
216.208,0.9676,0,0,0,0
216.241,0.9676,0,0,0,0
216.275,0.9676,0,0,0,0
216.309,0.9676,0,0,0,0
216.339,0.9676,0,0,0,0
216.375,0.9676,0,0,0,0
216.406,0.9676,0,0,0,0
216.438,0.9676,0,0,0,0
216.473,0.9676,0,0,0,0
216.506,0.9675,0,0,0,0
216.539,0.9675,0,0,0,0
216.575,0.9675,0,0,0,0
216.606,0.9675,0,0,0,0
216.639,0.9675,0,0,0,0
216.672,0.9675,0,0,0,0
216.708,0.9675,0,0,0,0
216.740,0.9675,0,0,0,0
216.773,0.9675,0,0,0,0
216.810,0.9675,0,0,0,0
216.839,0.9675,0,0,0,0
216.873,0.9675,0,0,0,0
216.905,0.9675,0,0,0,0
216.939,0.9675,0,0,0,0
216.974,0.9675,0,0,0,0
217.006,0.9675,0,0,0,0
217.039,0.9675,0,0,0,0
217.075,0.9675,0,0,0,0
217.107,0.9675,0,0,0,0
217.146,0.9675,0,0,0,0
217.176,0.9675,0,0,0,0
217.208,0.9675,0,0,0,0
217.241,0.9675,0,0,0,0
217.273,0.9675,0,0,0,0
217.309,0.9675,0,0,0,0
217.342,0.9675,0,0,0,0
217.374,0.9675,0,0,0,0
217.406,0.9675,0,0,0,0
217.438,0.9675,0,0,0,0
217.474,0.9675,0,0,0,0
217.508,0.9675,0,0,0,0
217.539,0.9675,0,0,0,0
217.580,0.9675,0,0,0,0
217.598,0.9675,0,0,0,0
217.641,0.9675,0,0,0,0
217.672,0.9675,0,0,0,0
217.706,0.9675,0,0,0,0
217.738,0.9675,0,0,0,0
217.773,0.9675,0,0,0,0
217.809,0.9675,0,0,0,0
217.841,0.9675,0,0,0,0
217.872,0.9675,0,0,0,0
217.905,0.9675,0,0,0,0
217.943,0.9675,0,0,0,0
217.974,0.9675,0,0,0,0
218.008,0.9675,0,0,0,0
218.041,0.9675,0,0,0,0
218.074,0.9675,0,0,0,0
218.105,0.9675,0,0,0,0
218.139,0.9675,0,0,0,0
218.175,0.9675,0,0,0,0
218.207,0.9675,0,0,0,0
218.540,0.9675,0,0,0,0
218.588,0.9675,0,0,0,0
218.600,0.9675,0,0,0,0
218.933,0.9675,0,0,0,0
218.977,0.9675,0,0,0,0
218.987,0.9675,0,0,0,0
219.014,0.9675,0,0,0,0
219.049,0.9675,0,0,0,0
219.084,0.9675,0,0,0,0
219.116,0.9675,0,0,0,0
219.148,0.9675,0,0,0,0
219.183,0.9675,0,0,0,0
219.216,0.9675,0,0,0,0
219.248,0.9675,0,0,0,0
219.283,0.9675,0,0,0,0
219.316,0.9675,0,0,0,0
219.347,0.9675,0,0,0,0
219.382,0.9675,0,0,0,0
219.414,0.9675,0,0,0,0
219.478,0.9675,0,0,0,0
219.501,0.9675,0,0,0,0
219.534,0.9675,0,0,0,0
219.568,0.9675,0,0,0,0
219.602,0.9675,0,0,0,0
219.638,0.9675,0,0,0,0
219.666,0.9675,0,0,0,0
219.701,0.9675,0,0,0,0
219.734,0.9675,0,0,0,0
219.768,0.9675,0,0,0,0
219.804,0.9675,0,0,0,0
219.836,0.9675,0,0,0,0
219.867,0.9675,0,0,0,0
219.899,0.9675,0,0,0,0
219.933,0.9675,0,0,0,0
220.137,0.9675,0,0,0,0
220.183,0.9675,0,0,0,0
220.198,0.9675,0,0,0,0
220.234,0.9675,0,0,0,0
220.268,0.9675,0,0,0,0
220.301,0.9675,0,0,0,0
220.333,0.9675,0,0,0,0
220.366,0.9675,0,0,0,0
220.402,0.9675,0,0,0,0
220.432,0.9675,0,0,0,0
220.469,0.9675,0,0,0,0
220.504,0.9675,0,0,0,0
220.535,0.9675,0,0,0,0
220.567,0.9675,0,0,0,0
220.600,0.9674,0,0,0,0
220.642,0.9674,0,0,0,0
220.667,0.9674,0,0,0,0
220.705,0.9674,0,0,0,0
220.737,0.9674,0,0,0,0
220.769,0.9674,0,0,0,0
220.801,0.9674,0,0,0,0
220.836,0.9674,0,0,0,0
220.867,0.9674,0,0,0,0
220.903,0.9674,0,0,0,0
220.933,0.9674,0,0,0,0
220.968,0.9674,0,0,0,0
221.000,0.9674,0,0,0,0
221.034,0.9674,0,0,0,0
221.071,0.9674,0,0,0,0
221.101,0.9674,0,0,0,0
221.139,0.9674,0,0,0,0
221.172,0.9674,0,0,0,0
221.199,0.9674,0,0,0,0
221.238,0.9674,0,0,0,0
221.266,0.9674,0,0,0,0
221.304,0.9674,0,0,0,0
221.335,0.9674,0,0,0,0
221.372,0.9674,0,0,0,0
221.407,0.9674,0,0,0,0
221.436,0.9674,0,0,0,0
221.467,0.9674,0,0,0,0
221.499,0.9674,0,0,0,0
221.535,0.9674,0,0,0,0
221.568,0.9674,0,0,0,0
221.599,0.9674,0,0,0,0
221.633,0.9674,0,0,0,0
221.670,0.9674,0,0,0,0
221.702,0.9674,0,0,0,0
221.733,0.9674,0,0,0,0
221.769,0.9674,0,0,0,0
221.801,0.9674,0,0,0,0
221.834,0.9674,0,0,0,0
221.868,0.9674,0,0,0,0
221.891,0.9674,0,0,0,0
221.936,0.9674,0,0,0,0
221.967,0.9674,0,0,0,0
222.000,0.9674,0,0,0,0
222.035,0.9674,0,0,0,0
222.069,0.9674,0,0,0,0
222.099,0.9674,0,0,0,0
222.138,0.9674,0,0,0,0
222.172,0.9674,0,0,0,0
222.191,0.9674,0,0,0,0
222.236,0.9674,0,0,0,0
222.267,0.9674,0,0,0,0
222.302,0.9674,0,0,0,0
222.333,0.9674,0,0,0,0
222.366,0.9674,0,0,0,0
222.400,0.9674,0,0,0,0
222.438,0.9674,0,0,0,0
222.461,0.9674,0,0,0,0
222.500,0.9674,0,0,0,0
222.535,0.9674,0,0,0,0
222.567,0.9674,0,0,0,0
222.600,0.9674,0,0,0,0
222.634,0.9674,0,0,0,0
222.668,0.9674,0,0,0,0
222.702,0.9674,0,0,0,0
222.737,0.9674,0,0,0,0
222.770,0.9674,0,0,0,0
222.804,0.9674,0,0,0,0
222.833,0.9674,0,0,0,0
222.866,0.9674,0,0,0,0
222.901,0.9674,0,0,0,0
222.932,0.9674,0,0,0,0
222.970,0.9674,0,0,0,0
222.999,0.9674,0,0,0,0
223.033,0.9674,0,0,0,0
223.235,0.9674,0,0,0,0
223.261,0.9674,0,0,0,0
223.283,0.9674,0,0,0,0
223.317,0.9674,0,0,0,0
223.352,0.9674,0,0,0,0
223.385,0.9674,0,0,0,0
223.419,0.9674,0,0,0,0
223.451,0.9674,0,0,0,0
223.484,0.9674,0,0,0,0
223.517,0.9674,0,0,0,0
223.553,0.9674,0,0,0,0
223.582,0.9674,0,0,0,0
223.623,0.9674,0,0,0,0
223.653,0.9674,0,0,0,0
223.689,0.9674,0,0,0,0
223.720,0.9674,0,0,0,0
223.749,0.9674,0,0,0,0
223.784,0.9674,0,0,0,0
223.822,0.9674,0,0,0,0
223.851,0.9674,0,0,0,0
223.888,0.9674,0,0,0,0
223.917,0.9674,0,0,0,0
223.952,0.9674,0,0,0,0
223.983,0.9674,0,0,0,0
224.018,0.9674,0,0,0,0
224.056,0.9674,0,0,0,0
224.086,0.9674,0,0,0,0
224.118,0.9674,0,0,0,0
224.151,0.9674,0,0,0,0
224.184,0.9674,0,0,0,0
224.217,0.9674,0,0,0,0
224.259,0.9674,0,0,0,0
224.285,0.9674,0,0,0,0
224.317,0.9674,0,0,0,0
224.355,0.9674,0,0,0,0
224.388,0.9674,0,0,0,0
224.419,0.9674,0,0,0,0
224.453,0.9674,0,0,0,0
224.488,0.9674,0,0,0,0
224.522,0.9674,0,0,0,0
224.551,0.9674,0,0,0,0
224.585,0.9674,0,0,0,0
224.619,0.9674,0,0,0,0
224.653,0.9674,0,0,0,0
224.683,0.9674,0,0,0,0
224.717,0.9674,0,0,0,0
224.752,0.9674,0,0,0,0
224.785,0.9673,0,0,0,0
224.820,0.9673,0,0,0,0
224.853,0.9673,0,0,0,0
224.887,0.9673,0,0,0,0
224.920,0.9673,0,0,0,0
224.953,0.9673,0,0,0,0
224.987,0.9673,0,0,0,0
225.019,0.9673,0,0,0,0
225.053,0.9673,0,0,0,0
225.087,0.9673,0,0,0,0
225.121,0.9673,0,0,0,0
225.150,0.9673,0,0,0,0
225.184,0.9673,0,0,0,0
225.219,0.9673,0,0,0,0
225.252,0.9673,0,0,0,0
225.284,0.9673,0,0,0,0
225.321,0.9673,0,0,0,0
225.351,0.9673,0,0,0,0
225.385,0.9673,0,0,0,0
225.420,0.9673,0,0,0,0
225.450,0.9673,0,0,0,0
225.484,0.9673,0,0,0,0
225.519,0.9673,0,0,0,0
225.552,0.9673,0,0,0,0
225.586,0.9673,0,0,0,0
225.619,0.9673,0,0,0,0
225.652,0.9673,0,0,0,0
225.689,0.9673,0,0,0,0
225.720,0.9673,0,0,0,0
225.753,0.9673,0,0,0,0
225.786,0.9673,0,0,0,0
225.820,0.9673,0,0,0,0
225.850,0.9673,0,0,0,0
225.885,0.9673,0,0,0,0
225.921,0.9673,0,0,0,0
225.951,0.9673,0,0,0,0
225.987,0.9673,0,0,0,0
226.016,0.9673,0,0,0,0
226.051,0.9673,0,0,0,0
226.084,0.9673,0,0,0,0
226.118,0.9673,0,0,0,0
226.151,0.9673,0,0,0,0
226.184,0.9673,0,0,0,0
226.216,0.9673,0,0,0,0
226.255,0.9673,0,0,0,0
226.286,0.9673,0,0,0,0
226.319,0.9673,0,0,0,0
226.351,0.9673,0,0,0,0
226.385,0.9673,0,0,0,0
226.419,0.9673,0,0,0,0
226.452,0.9673,0,0,0,0
226.486,0.9673,0,0,0,0
226.523,0.9673,0,0,0,0
226.552,0.9673,0,0,0,0
226.586,0.9673,0,0,0,0
226.617,0.9673,0,0,0,0
226.652,0.9673,0,0,0,0
226.688,0.9673,0,0,0,0
226.723,0.9673,0,0,0,0
226.753,0.9673,0,0,0,0
226.786,0.9673,0,0,0,0
226.820,0.9673,0,0,0,0
226.849,0.9673,0,0,0,0
226.884,0.9673,0,0,0,0
226.919,0.9673,0,0,0,0
226.954,0.9673,0,0,0,0
226.988,0.9673,0,0,0,0
227.021,0.9673,0,0,0,0
227.054,0.9673,0,0,0,0
227.085,0.9673,0,0,0,0
227.121,0.9673,0,0,0,0
227.155,0.9673,0,0,0,0
227.187,0.9673,0,0,0,0
227.220,0.9673,0,0,0,0
227.254,0.9673,0,0,0,0
227.287,0.9673,0,0,0,0
227.316,0.9673,0,0,0,0
227.352,0.9673,0,0,0,0
227.386,0.9673,0,0,0,0
227.422,0.9673,0,0,0,0
227.451,0.9673,0,0,0,0
227.486,0.9673,0,0,0,0
227.517,0.9673,0,0,0,0
227.553,0.9673,0,0,0,0
227.588,0.9673,0,0,0,0
227.617,0.9673,0,0,0,0
227.650,0.9673,0,0,0,0
227.686,0.9673,0,0,0,0
227.720,0.9673,0,0,0,0
227.755,0.9673,0,0,0,0
227.787,0.9673,0,0,0,0
227.819,0.9673,0,0,0,0
227.853,0.9673,0,0,0,0
227.885,0.9673,0,0,0,0
227.919,0.9673,0,0,0,0
227.953,0.9673,0,0,0,0
227.986,0.9673,0,0,0,0
228.020,0.9673,0,0,0,0
228.050,0.9673,0,0,0,0
228.088,0.9673,0,0,0,0
228.120,0.9673,0,0,0,0
228.156,0.9673,0,0,0,0
228.187,0.9673,0,0,0,0
228.220,0.9673,0,0,0,0
228.254,0.9673,0,0,0,0
228.285,0.9673,0,0,0,0
228.317,0.9673,0,0,0,0
228.352,0.9673,0,0,0,0
228.387,0.9673,0,0,0,0
228.421,0.9673,0,0,0,0
228.451,0.9673,0,0,0,0
228.485,0.9673,0,0,0,0
228.519,0.9673,0,0,0,0
228.560,0.9673,0,0,0,0
228.583,0.9673,0,0,0,0
228.618,0.9673,0,0,0,0
228.651,0.9673,0,0,0,0
228.685,0.9673,0,0,0,0
228.719,0.9673,0,0,0,0
228.752,0.9673,0,0,0,0
228.785,0.9673,0,0,0,0
228.819,0.9673,0,0,0,0
228.851,0.9673,0,0,0,0
228.886,0.9673,0,0,0,0
228.919,0.9673,0,0,0,0
228.953,0.9673,0,0,0,0
228.990,0.9673,0,0,0,0
229.021,0.9673,0,0,0,0
229.053,0.9673,0,0,0,0
229.087,0.9673,0,0,0,0
229.120,0.9673,0,0,0,0
229.152,0.9672,0,0,0,0
229.187,0.9672,0,0,0,0
229.222,0.9672,0,0,0,0
229.253,0.9672,0,0,0,0
229.284,0.9672,0,0,0,0
229.318,0.9672,0,0,0,0
229.353,0.9672,0,0,0,0
229.386,0.9672,0,0,0,0
229.417,0.9672,0,0,0,0
229.456,0.9672,0,0,0,0
229.476,0.9672,0,0,0,0
229.519,0.9672,0,0,0,0
229.552,0.9672,0,0,0,0
229.589,0.9672,0,0,0,0
229.620,0.9672,0,0,0,0
229.656,0.9672,0,0,0,0
229.686,0.9672,0,0,0,0
229.720,0.9672,0,0,0,0
229.753,0.9672,0,0,0,0
229.788,0.9672,0,0,0,0
229.821,0.9672,0,0,0,0
229.851,0.9672,0,0,0,0
229.885,0.9672,0,0,0,0
229.918,0.9672,0,0,0,0
229.955,0.9672,0,0,0,0
229.985,0.9672,0,0,0,0
230.019,0.9672,0,0,0,0
230.048,0.9672,0,0,0,0
230.087,0.9672,0,0,0,0
230.120,0.9672,0,0,0,0
230.155,0.9672,0,0,0,0
230.183,0.9672,0,0,0,0
230.218,0.9672,0,0,0,0
230.252,0.9672,0,0,0,0
230.287,0.9672,0,0,0,0
230.319,0.9672,0,0,0,0
230.354,0.9672,0,0,0,0
230.385,0.9672,0,0,0,0
230.419,0.9672,0,0,0,0
230.452,0.9672,0,0,0,0
230.487,0.9672,0,0,0,0
230.520,0.9672,0,0,0,0
230.552,0.9672,0,0,0,0
230.585,0.9672,0,0,0,0
230.619,0.9672,0,0,0,0
230.654,0.9672,0,0,0,0
230.688,0.9672,0,0,0,0
230.718,0.9672,0,0,0,0
230.752,0.9672,0,0,0,0
230.787,0.9672,0,0,0,0
230.822,0.9672,0,0,0,0
230.854,0.9672,0,0,0,0
230.887,0.9672,0,0,0,0
230.921,0.9672,0,0,0,0
230.954,0.9672,0,0,0,0
230.984,0.9672,0,0,0,0
231.019,0.9672,0,0,0,0
231.054,0.9672,0,0,0,0
231.084,0.9672,0,0,0,0
231.120,0.9672,0,0,0,0
231.154,0.9672,0,0,0,0
231.184,0.9672,0,0,0,0
231.217,0.9672,0,0,0,0
231.250,0.9672,0,0,0,0
231.286,0.9672,0,0,0,0
231.317,0.9672,0,0,0,0
231.353,0.9672,0,0,0,0
231.387,0.9672,0,0,0,0
231.419,0.9672,0,0,0,0
231.451,0.9672,0,0,0,0
231.487,0.9672,0,0,0,0
231.517,0.9672,0,0,0,0
231.551,0.9672,0,0,0,0
231.588,0.9672,0,0,0,0
231.618,0.9672,0,0,0,0
231.654,0.9672,0,0,0,0
231.683,0.9672,0,0,0,0
231.721,0.9672,0,0,0,0
231.753,0.9672,0,0,0,0
231.787,0.9672,0,0,0,0
231.817,0.9672,0,0,0,0
231.853,0.9672,0,0,0,0
231.885,0.9672,0,0,0,0
231.918,0.9672,0,0,0,0
231.954,0.9672,0,0,0,0
231.984,0.9672,0,0,0,0
232.021,0.9672,0,0,0,0
232.054,0.9672,0,0,0,0
232.084,0.9672,0,0,0,0
232.121,0.9672,0,0,0,0
232.151,0.9672,0,0,0,0
232.185,0.9672,0,0,0,0
232.219,0.9672,0,0,0,0
232.255,0.9672,0,0,0,0
232.285,0.9672,0,0,0,0
232.318,0.9672,0,0,0,0
232.352,0.9672,0,0,0,0
232.385,0.9672,0,0,0,0
232.419,0.9672,0,0,0,0
232.450,0.9672,0,0,0,0
232.486,0.9672,0,0,0,0
232.520,0.9672,0,0,0,0
232.553,0.9672,0,0,0,0
232.587,0.9672,0,0,0,0
232.616,0.9672,0,0,0,0
232.650,0.9672,0,0,0,0
232.685,0.9672,0,0,0,0
232.717,0.9672,0,0,0,0
232.752,0.9672,0,0,0,0
232.787,0.9672,0,0,0,0
232.820,0.9672,0,0,0,0
232.853,0.9672,0,0,0,0
232.886,0.9672,0,0,0,0
232.920,0.9672,0,0,0,0
232.951,0.9672,0,0,0,0
232.986,0.9672,0,0,0,0
233.019,0.9672,0,0,0,0
233.054,0.9672,0,0,0,0
233.084,0.9672,0,0,0,0
233.117,0.9672,0,0,0,0
233.151,0.9672,0,0,0,0
233.187,0.9672,0,0,0,0
233.219,0.9672,0,0,0,0
233.249,0.9672,0,0,0,0
233.286,0.9672,0,0,0,0
233.318,0.9672,0,0,0,0
233.353,0.9672,0,0,0,0
233.388,0.9672,0,0,0,0
233.421,0.9672,0,0,0,0
233.450,0.9672,0,0,0,0
233.486,0.9672,0,0,0,0
233.518,0.9672,0,0,0,0
233.552,0.9672,0,0,0,0
233.586,0.9672,0,0,0,0
233.618,0.9672,0,0,0,0
233.652,0.9671,0,0,0,0
233.688,0.9671,0,0,0,0
233.717,0.9671,0,0,0,0
233.751,0.9671,0,0,0,0
233.787,0.9671,0,0,0,0
233.819,0.9671,0,0,0,0
233.852,0.9671,0,0,0,0
233.887,0.9671,0,0,0,0
233.923,0.9671,0,0,0,0
233.951,0.9671,0,0,0,0
233.983,0.9671,0,0,0,0
234.022,0.9671,0,0,0,0
234.054,0.9671,0,0,0,0
234.088,0.9671,0,0,0,0
234.121,0.9671,0,0,0,0
234.154,0.9671,0,0,0,0
234.214,0.9671,0,0,0,0
234.234,0.9671,0,0,0,0
234.247,0.9671,0,0,0,0
234.281,0.9671,0,0,0,0
234.317,0.9671,0,0,0,0
234.350,0.9671,0,0,0,0
234.383,0.9671,0,0,0,0
234.415,0.9671,0,0,0,0
234.448,0.9671,0,0,0,0
234.481,0.9671,0,0,0,0
234.515,0.9671,0,0,0,0
234.554,0.9671,0,0,0,0
234.586,0.9671,0,0,0,0
234.620,0.9671,0,0,0,0
234.648,0.9671,0,0,0,0
234.681,0.9671,0,0,0,0
234.714,0.9671,0,0,0,0
234.862,0.9671,0,0,0,0
234.894,0.9671,0,0,0,0
234.905,0.9671,0,0,0,0
234.943,0.9671,0,0,0,0
234.976,0.9671,0,0,0,0
235.009,0.9671,0,0,0,0
235.046,0.9671,0,0,0,0
235.079,0.9671,0,0,0,0
235.108,0.9671,0,0,0,0
235.150,0.9671,0,0,0,0
235.177,0.9671,0,0,0,0
235.212,0.9671,0,0,0,0
235.246,0.9671,0,0,0,0
235.277,0.9671,0,0,0,0
235.312,0.9671,0,0,0,0
235.346,0.9671,0,0,0,0
235.379,0.9671,0,0,0,0
235.410,0.9671,0,0,0,0
235.443,0.9671,0,0,0,0
235.481,0.9671,0,0,0,0
235.509,0.9671,0,0,0,0
235.547,0.9671,0,0,0,0
235.580,0.9671,0,0,0,0
235.612,0.9671,0,0,0,0
235.647,0.9671,0,0,0,0
235.676,0.9671,0,0,0,0
235.712,0.9671,0,0,0,0
235.745,0.9671,0,0,0,0
235.971,0.9671,0,0,0,0
236.016,0.9671,0,0,0,0
236.048,0.9671,0,0,0,0
236.057,0.9671,0,0,0,0
236.065,0.9671,0,0,0,0
236.071,0.9671,0,0,0,0
236.095,0.9671,0,0,0,0
236.126,0.9671,0,0,0,0
236.162,0.9671,0,0,0,0
236.194,0.9671,0,0,0,0
236.228,0.9671,0,0,0,0
236.261,0.9671,0,0,0,0
236.296,0.9671,0,0,0,0
236.326,0.9671,0,0,0,0
236.362,0.9671,0,0,0,0
236.392,0.9671,0,0,0,0
236.429,0.9671,0,0,0,0
236.463,0.9671,0,0,0,0
236.495,0.9671,0,0,0,0
236.528,0.9671,0,0,0,0
236.559,0.9671,0,0,0,0
236.593,0.9671,0,0,0,0
236.625,0.9671,0,0,0,0
236.662,0.9671,0,0,0,0
236.695,0.9671,0,0,0,0
236.727,0.9671,0,0,0,0
236.761,0.9671,0,0,0,0
236.797,0.9671,0,0,0,0
236.834,0.9671,0,0,0,0
236.869,0.9671,0,0,0,0
236.934,0.9671,0,0,0,0
236.964,0.9671,0,0,0,0
236.994,0.9671,0,0,0,0
237.029,0.9671,0,0,0,0
237.062,0.9671,0,0,0,0
237.093,0.9671,0,0,0,0
237.126,0.9671,0,0,0,0
237.160,0.9671,0,0,0,0
237.184,0.9671,0,0,0,0
237.226,0.9671,0,0,0,0
237.261,0.9671,0,0,0,0
237.293,0.9671,0,0,0,0
237.330,0.9671,0,0,0,0
237.357,0.9671,0,0,0,0
237.394,0.9671,0,0,0,0
237.427,0.9671,0,0,0,0
237.466,0.9671,0,0,0,0
237.494,0.9671,0,0,0,0
237.527,0.9671,0,0,0,0
237.560,0.9671,0,0,0,0
237.592,0.9671,0,0,0,0
237.629,0.9671,0,0,0,0
237.658,0.9671,0,0,0,0
237.696,0.9671,0,0,0,0
237.724,0.9671,0,0,0,0
237.752,0.9671,0,0,0,0
237.793,0.9671,0,0,0,0
237.820,0.9671,0,0,0,0
237.860,0.9671,0,0,0,0
237.884,0.9671,0,0,0,0
237.925,0.9671,0,0,0,0
237.960,0.9671,0,0,0,0
237.993,0.9671,0,0,0,0
238.029,0.9671,0,0,0,0
238.064,0.9671,0,0,0,0
238.097,0.9671,0,0,0,0
238.129,0.9671,0,0,0,0
238.152,0.9671,0,0,0,0
238.193,0.9671,0,0,0,0
238.217,0.9671,0,0,0,0
238.259,0.9671,0,0,0,0
238.294,0.9670,0,0,0,0
238.327,0.9670,0,0,0,0
238.361,0.9670,0,0,0,0
238.393,0.9670,0,0,0,0
238.430,0.9670,0,0,0,0
238.462,0.9670,0,0,0,0
238.496,0.9670,0,0,0,0
238.520,0.9670,0,0,0,0
238.560,0.9670,0,0,0,0
238.595,0.9670,0,0,0,0
238.621,0.9670,0,0,0,0
238.660,0.9670,0,0,0,0
238.699,0.9670,0,0,0,0
238.719,0.9670,0,0,0,0
238.762,0.9670,0,0,0,0
238.797,0.9670,0,0,0,0
238.832,0.9670,0,0,0,0
238.863,0.9670,0,0,0,0
238.896,0.9670,0,0,0,0
238.925,0.9670,0,0,0,0
238.950,0.9670,0,0,0,0
238.999,0.9670,0,0,0,0
239.040,0.9670,0,0,0,0
239.073,0.9670,0,0,0,0
239.102,0.9670,0,0,0,0
239.138,0.9670,0,0,0,0
239.172,0.9670,0,0,0,0
239.203,0.9670,0,0,0,0
239.236,0.9670,0,0,0,0
239.268,0.9670,0,0,0,0
239.303,0.9670,0,0,0,0
239.338,0.9670,0,0,0,0
239.368,0.9670,0,0,0,0
239.401,0.9670,0,0,0,0
239.438,0.9670,0,0,0,0
239.471,0.9670,0,0,0,0
239.503,0.9670,0,0,0,0
239.533,0.9670,0,0,0,0
239.568,0.9670,0,0,0,0
239.603,0.9670,0,0,0,0
239.634,0.9670,0,0,0,0
239.666,0.9670,0,0,0,0
239.700,0.9670,0,0,0,0
239.732,0.9670,0,0,0,0
239.769,0.9670,0,0,0,0
239.796,0.9670,0,0,0,0
239.838,0.9670,0,0,0,0
239.866,0.9670,0,0,0,0
239.902,0.9670,0,0,0,0
239.934,0.9670,0,0,0,0
239.971,0.9670,0,0,0,0
240.004,0.9670,0,0,0,0
240.040,0.9670,0,0,0,0
240.069,0.9670,0,0,0,0
240.102,0.9670,0,0,0,0
240.131,0.9670,0,0,0,0
240.171,0.9670,0,0,0,0
240.201,0.9670,0,0,0,0
240.232,0.9670,0,0,0,0
240.267,0.9670,0,0,0,0
240.302,0.9670,0,0,0,0
240.339,0.9670,0,0,0,0
240.367,0.9670,0,0,0,0
240.406,0.9670,0,0,0,0
240.438,0.9670,0,0,0,0
240.471,0.9670,0,0,0,0
240.501,0.9670,0,0,0,0
240.543,0.9670,0,0,0,0
240.569,0.9670,0,0,0,0
240.603,0.9670,0,0,0,0
240.637,0.9670,0,0,0,0
240.668,0.9670,0,0,0,0
240.704,0.9670,0,0,0,0
240.738,0.9670,0,0,0,0
240.771,0.9670,0,0,0,0
240.804,0.9670,0,0,0,0
240.834,0.9670,0,0,0,0
240.868,0.9670,0,0,0,0
240.901,0.9670,0,0,0,0
240.938,0.9670,0,0,0,0
240.967,0.9670,0,0,0,0
241.004,0.9670,0,0,0,0
241.032,0.9670,0,0,0,0
241.071,0.9670,0,0,0,0
241.103,0.9670,0,0,0,0
241.129,0.9670,0,0,0,0
241.157,0.9670,0,0,0,0
241.205,0.9670,0,0,0,0
241.234,0.9670,0,0,0,0
241.257,0.9670,0,0,0,0
241.301,0.9670,0,0,0,0
241.341,0.9670,0,0,0,0
241.360,0.9670,0,0,0,0
241.400,0.9670,0,0,0,0
241.436,0.9670,0,0,0,0
241.464,0.9670,0,0,0,0
241.503,0.9670,0,0,0,0
241.534,0.9670,0,0,0,0
241.575,0.9670,0,0,0,0
241.597,0.9670,0,0,0,0
241.633,0.9670,0,0,0,0
241.669,0.9670,0,0,0,0
241.701,0.9670,0,0,0,0
241.740,0.9670,0,0,0,0
241.769,0.9670,0,0,0,0
241.800,0.9670,0,0,0,0
241.839,0.9670,0,0,0,0
241.869,0.9670,0,0,0,0
241.902,0.9670,0,0,0,0
241.936,0.9670,0,0,0,0
241.966,0.9670,0,0,0,0
242.007,0.9670,0,0,0,0
242.033,0.9670,0,0,0,0
242.066,0.9670,0,0,0,0
242.096,0.9670,0,0,0,0
242.135,0.9670,0,0,0,0
242.168,0.9670,0,0,0,0
242.206,0.9670,0,0,0,0
242.236,0.9670,0,0,0,0
242.269,0.9670,0,0,0,0
242.300,0.9670,0,0,0,0
242.333,0.9670,0,0,0,0
242.360,0.9670,0,0,0,0
242.432,0.9670,0,0,0,0
242.490,0.9670,0,0,0,0
242.520,0.9670,0,0,0,0
242.540,0.9670,0,0,0,0
242.576,0.9670,0,0,0,0
242.608,0.9670,0,0,0,0
242.642,0.9670,0,0,0,0
242.672,0.9670,0,0,0,0
242.711,0.9670,0,0,0,0
242.743,0.9670,0,0,0,0
242.775,0.9670,0,0,0,0
242.805,0.9670,0,0,0,0
242.842,0.9670,0,0,0,0
242.870,0.9670,0,0,0,0
242.905,0.9670,0,0,0,0
242.935,0.9670,0,0,0,0
242.969,0.9670,0,0,0,0
242.999,0.9670,0,0,0,0
243.041,0.9670,0,0,0,0
243.073,0.9670,0,0,0,0
243.111,0.9669,0,0,0,0
243.136,0.9669,0,0,0,0
243.176,0.9669,0,0,0,0
243.207,0.9669,0,0,0,0
243.242,0.9669,0,0,0,0
243.265,0.9669,0,0,0,0
243.314,0.9669,0,0,0,0
243.340,0.9669,0,0,0,0
243.364,0.9669,0,0,0,0
243.409,0.9669,0,0,0,0
243.433,0.9669,0,0,0,0
243.479,0.9669,0,0,0,0
243.507,0.9669,0,0,0,0
243.531,0.9669,0,0,0,0
243.579,0.9669,0,0,0,0
243.601,0.9669,0,0,0,0
243.644,0.9669,0,0,0,0
243.675,0.9669,0,0,0,0
243.707,0.9669,0,0,0,0
243.742,0.9669,0,0,0,0
243.767,0.9669,0,0,0,0
243.813,0.9669,0,0,0,0
243.843,0.9669,0,0,0,0
243.876,0.9669,0,0,0,0
243.903,0.9669,0,0,0,0
243.933,0.9669,0,0,0,0
243.977,0.9669,0,0,0,0
244.010,0.9669,0,0,0,0
244.040,0.9669,0,0,0,0
244.075,0.9669,0,0,0,0
244.107,0.9669,0,0,0,0
244.146,0.9669,0,0,0,0
244.174,0.9669,0,0,0,0
244.203,0.9669,0,0,0,0
244.231,0.9669,0,0,0,0
244.275,0.9669,0,0,0,0
244.316,0.9669,0,0,0,0
244.342,0.9669,0,0,0,0
244.375,0.9669,0,0,0,0
244.411,0.9669,0,0,0,0
244.435,0.9669,0,0,0,0
244.475,0.9669,0,0,0,0
244.499,0.9669,0,0,0,0
244.541,0.9669,0,0,0,0
244.575,0.9669,0,0,0,0
244.608,0.9669,0,0,0,0
244.640,0.9669,0,0,0,0
244.669,0.9669,0,0,0,0
244.709,0.9669,0,0,0,0
244.740,0.9669,0,0,0,0
244.767,0.9669,0,0,0,0
244.800,0.9669,0,0,0,0
244.846,0.9669,0,0,0,0
244.873,0.9669,0,0,0,0
244.906,0.9669,0,0,0,0
244.942,0.9669,0,0,0,0
244.975,0.9669,0,0,0,0
245.010,0.9669,0,0,0,0
245.038,0.9669,0,0,0,0
245.075,0.9669,0,0,0,0
245.104,0.9669,0,0,0,0
245.130,0.9669,0,0,0,0
245.175,0.9669,0,0,0,0
245.199,0.9669,0,0,0,0
245.249,0.9669,0,0,0,0
245.275,0.9669,0,0,0,0
245.307,0.9669,0,0,0,0
245.341,0.9669,0,0,0,0
245.376,0.9669,0,0,0,0
245.406,0.9669,0,0,0,0
245.442,0.9669,0,0,0,0
245.475,0.9669,0,0,0,0
245.511,0.9669,0,0,0,0
245.537,0.9669,0,0,0,0
245.576,0.9669,0,0,0,0
245.598,0.9669,0,0,0,0
245.644,0.9669,0,0,0,0
245.668,0.9669,0,0,0,0
245.706,0.9669,0,0,0,0
245.742,0.9669,0,0,0,0
245.777,0.9669,0,0,0,0
245.810,0.9669,0,0,0,0
245.844,0.9669,0,0,0,0
245.865,0.9669,0,0,0,0
245.911,0.9669,0,0,0,0
245.954,0.9669,0,0,0,0
245.984,0.9669,0,0,0,0
246.008,0.9669,0,0,0,0
246.049,0.9669,0,0,0,0
246.075,0.9669,0,0,0,0
246.117,0.9669,0,0,0,0
246.150,0.9669,0,0,0,0
246.190,0.9669,0,0,0,0
246.256,0.9669,0,0,0,0
246.295,0.9669,0,0,0,0
246.324,0.9669,0,0,0,0
246.355,0.9669,0,0,0,0
246.391,0.9669,0,0,0,0
246.423,0.9669,0,0,0,0
246.457,0.9669,0,0,0,0
246.489,0.9669,0,0,0,0
246.522,0.9669,0,0,0,0
246.556,0.9669,0,0,0,0
246.592,0.9669,0,0,0,0
246.626,0.9669,0,0,0,0
246.657,0.9669,0,0,0,0
246.688,0.9669,0,0,0,0
246.720,0.9669,0,0,0,0
246.753,0.9669,0,0,0,0
246.793,0.9669,0,0,0,0
246.831,0.9669,0,0,0,0
246.853,0.9669,0,0,0,0
246.896,0.9669,0,0,0,0
246.929,0.9669,0,0,0,0
246.962,0.9669,0,0,0,0
246.996,0.9669,0,0,0,0
247.031,0.9669,0,0,0,0
247.052,0.9669,0,0,0,0
247.093,0.9669,0,0,0,0
247.125,0.9669,0,0,0,0
247.159,0.9669,0,0,0,0
247.193,0.9669,0,0,0,0
247.225,0.9669,0,0,0,0
247.261,0.9669,0,0,0,0
247.287,0.9669,0,0,0,0
247.329,0.9669,0,0,0,0
247.358,0.9669,0,0,0,0
247.394,0.9669,0,0,0,0
247.427,0.9669,0,0,0,0
247.459,0.9669,0,0,0,0
247.493,0.9669,0,0,0,0
247.527,0.9669,0,0,0,0
247.561,0.9669,0,0,0,0
247.594,0.9669,0,0,0,0
247.626,0.9669,0,0,0,0
247.660,0.9669,0,0,0,0
247.696,0.9669,0,0,0,0
247.729,0.9669,0,0,0,0
247.759,0.9669,0,0,0,0
247.793,0.9669,0,0,0,0
247.827,0.9669,0,0,0,0
247.861,0.9669,0,0,0,0
247.895,0.9669,0,0,0,0
247.926,0.9669,0,0,0,0
247.959,0.9669,0,0,0,0
247.994,0.9669,0,0,0,0
248.027,0.9669,0,0,0,0
248.059,0.9669,0,0,0,0
248.092,0.9669,0,0,0,0
248.126,0.9669,0,0,0,0
248.159,0.9669,0,0,0,0
248.194,0.9669,0,0,0,0
248.227,0.9669,0,0,0,0
248.259,0.9669,0,0,0,0
248.295,0.9668,0,0,0,0
248.329,0.9668,0,0,0,0
248.359,0.9668,0,0,0,0
248.394,0.9668,0,0,0,0
248.429,0.9668,0,0,0,0
248.460,0.9668,0,0,0,0
248.492,0.9668,0,0,0,0
248.529,0.9668,0,0,0,0
248.558,0.9668,0,0,0,0
248.596,0.9668,0,0,0,0
248.629,0.9668,0,0,0,0
248.659,0.9668,0,0,0,0
248.696,0.9668,0,0,0,0
248.729,0.9668,0,0,0,0
248.763,0.9668,0,0,0,0
248.796,0.9668,0,0,0,0
248.828,0.9668,0,0,0,0
248.861,0.9668,0,0,0,0
248.892,0.9668,0,0,0,0
248.929,0.9668,0,0,0,0
248.961,0.9668,0,0,0,0
248.994,0.9668,0,0,0,0
249.024,0.9668,0,0,0,0
249.059,0.9668,0,0,0,0
249.092,0.9668,0,0,0,0
249.127,0.9668,0,0,0,0
249.159,0.9668,0,0,0,0
249.192,0.9668,0,0,0,0
249.226,0.9668,0,0,0,0
249.264,0.9668,0,0,0,0
249.294,0.9668,0,0,0,0
249.327,0.9668,0,0,0,0
249.361,0.9668,0,0,0,0
249.387,0.9668,0,0,0,0
249.425,0.9668,0,0,0,0
249.452,0.9668,0,0,0,0
249.491,0.9668,0,0,0,0
249.526,0.9668,0,0,0,0
249.549,0.9668,0,0,0,0
249.594,0.9668,0,0,0,0
249.621,0.9668,0,0,0,0
249.662,0.9668,0,0,0,0
249.693,0.9668,0,0,0,0
249.727,0.9668,0,0,0,0
249.758,0.9668,0,0,0,0
249.794,0.9668,0,0,0,0
249.822,0.9668,0,0,0,0
249.856,0.9668,0,0,0,0
249.906,0.9668,0,0,0,0
249.945,0.9668,0,0,0,0
249.981,0.9668,0,0,0,0
250.012,0.9668,0,0,0,0
250.045,0.9668,0,0,0,0
250.077,0.9668,0,0,0,0
250.110,0.9668,0,0,0,0
250.146,0.9668,0,0,0,0
250.177,0.9668,0,0,0,0
250.211,0.9668,0,0,0,0
250.246,0.9668,0,0,0,0
250.280,0.9668,0,0,0,0
250.311,0.9668,0,0,0,0
250.345,0.9668,0,0,0,0
250.379,0.9668,0,0,0,0
250.410,0.9668,0,0,0,0
250.447,0.9668,0,0,0,0
250.479,0.9668,0,0,0,0
250.513,0.9668,0,0,0,0
250.544,0.9668,0,0,0,0
250.580,0.9668,0,0,0,0
250.610,0.9668,0,0,0,0
250.645,0.9668,0,0,0,0
250.679,0.9668,0,0,0,0
250.712,0.9668,0,0,0,0
250.745,0.9668,0,0,0,0
250.779,0.9668,0,0,0,0
250.814,0.9668,0,0,0,0
250.846,0.9668,0,0,0,0
250.880,0.9668,0,0,0,0
250.913,0.9668,0,0,0,0
250.946,0.9668,0,0,0,0
250.982,0.9668,0,0,0,0
251.012,0.9668,0,0,0,0
251.049,0.9668,0,0,0,0
251.076,0.9668,0,0,0,0
251.112,0.9668,0,0,0,0
251.137,0.9668,0,0,0,0
251.178,0.9668,0,0,0,0
251.202,0.9668,0,0,0,0
251.243,0.9668,0,0,0,0
251.279,0.9668,0,0,0,0
251.313,0.9668,0,0,0,0
251.335,0.9668,0,0,0,0
251.377,0.9668,0,0,0,0
251.413,0.9668,0,0,0,0
251.440,0.9668,0,0,0,0
251.474,0.9668,0,0,0,0
251.512,0.9668,0,0,0,0
251.547,0.9668,0,0,0,0
251.572,0.9668,0,0,0,0
251.612,0.9668,0,0,0,0
251.645,0.9668,0,0,0,0
251.677,0.9668,0,0,0,0
251.713,0.9668,0,0,0,0
251.744,0.9668,0,0,0,0
251.778,0.9668,0,0,0,0
251.812,0.9668,0,0,0,0
251.847,0.9668,0,0,0,0
251.876,0.9668,0,0,0,0
251.913,0.9668,0,0,0,0
251.936,0.9668,0,0,0,0
251.980,0.9668,0,0,0,0
252.005,0.9668,0,0,0,0
252.048,0.9668,0,0,0,0
252.076,0.9668,0,0,0,0
252.114,0.9668,0,0,0,0
252.135,0.9668,0,0,0,0
252.177,0.9668,0,0,0,0
252.213,0.9668,0,0,0,0
252.243,0.9668,0,0,0,0
252.280,0.9668,0,0,0,0
252.313,0.9668,0,0,0,0
252.347,0.9668,0,0,0,0
252.377,0.9668,0,0,0,0
252.410,0.9668,0,0,0,0
252.443,0.9668,0,0,0,0
252.477,0.9668,0,0,0,0
252.510,0.9668,0,0,0,0
252.547,0.9668,0,0,0,0
252.580,0.9668,0,0,0,0
252.610,0.9668,0,0,0,0
252.653,0.9668,0,0,0,0
252.678,0.9668,0,0,0,0
252.713,0.9668,0,0,0,0
252.744,0.9668,0,0,0,0
252.777,0.9668,0,0,0,0
252.811,0.9668,0,0,0,0
252.846,0.9668,0,0,0,0
252.881,0.9668,0,0,0,0
252.911,0.9668,0,0,0,0
252.948,0.9668,0,0,0,0
252.977,0.9668,0,0,0,0
253.010,0.9668,0,0,0,0
253.044,0.9668,0,0,0,0
253.077,0.9668,0,0,0,0
253.114,0.9668,0,0,0,0
253.143,0.9668,0,0,0,0
253.178,0.9668,0,0,0,0
253.214,0.9668,0,0,0,0
253.244,0.9668,0,0,0,0
253.281,0.9668,0,0,0,0
253.313,0.9668,0,0,0,0
253.347,0.9668,0,0,0,0
253.381,0.9668,0,0,0,0
253.412,0.9668,0,0,0,0
253.444,0.9668,0,0,0,0
253.479,0.9668,0,0,0,0
253.511,0.9668,0,0,0,0
253.546,0.9668,0,0,0,0
253.579,0.9668,0,0,0,0
253.610,0.9667,0,0,0,0
253.647,0.9667,0,0,0,0
253.676,0.9667,0,0,0,0
253.710,0.9667,0,0,0,0
253.744,0.9667,0,0,0,0
253.777,0.9667,0,0,0,0
253.801,0.9667,0,0,0,0
253.847,0.9667,0,0,0,0
253.869,0.9667,0,0,0,0
253.912,0.9667,0,0,0,0
253.940,0.9667,0,0,0,0
253.977,0.9667,0,0,0,0
254.016,0.9667,0,0,0,0
254.050,0.9667,0,0,0,0
254.072,0.9667,0,0,0,0
254.113,0.9667,0,0,0,0
254.146,0.9667,0,0,0,0
254.184,0.9667,0,0,0,0
254.211,0.9667,0,0,0,0
254.248,0.9667,0,0,0,0
254.281,0.9667,0,0,0,0
254.315,0.9667,0,0,0,0
254.347,0.9667,0,0,0,0
254.385,0.9667,0,0,0,0
254.418,0.9667,0,0,0,0
254.447,0.9667,0,0,0,0
254.483,0.9667,0,0,0,0
254.512,0.9667,0,0,0,0
254.547,0.9667,0,0,0,0
254.581,0.9667,0,0,0,0
254.614,0.9667,0,0,0,0
254.650,0.9667,0,0,0,0
254.681,0.9667,0,0,0,0
254.715,0.9667,0,0,0,0
254.747,0.9667,0,0,0,0
254.784,0.9667,0,0,0,0
254.814,0.9667,0,0,0,0
254.850,0.9667,0,0,0,0
254.881,0.9667,0,0,0,0
254.915,0.9667,0,0,0,0
254.951,0.9667,0,0,0,0
254.982,0.9667,0,0,0,0
255.014,0.9667,0,0,0,0
255.048,0.9667,0,0,0,0
255.083,0.9667,0,0,0,0
255.114,0.9667,0,0,0,0
255.148,0.9667,0,0,0,0
255.182,0.9667,0,0,0,0
255.205,0.9667,0,0,0,0
255.251,0.9667,0,0,0,0
255.284,0.9667,0,0,0,0
255.316,0.9667,0,0,0,0
255.347,0.9667,0,0,0,0
255.381,0.9667,0,0,0,0
255.414,0.9667,0,0,0,0
255.451,0.9667,0,0,0,0
255.481,0.9667,0,0,0,0
255.515,0.9667,0,0,0,0
255.550,0.9667,0,0,0,0
255.576,0.9667,0,0,0,0
255.616,0.9667,0,0,0,0
255.641,0.9667,0,0,0,0
255.680,0.9667,0,0,0,0
255.718,0.9667,0,0,0,0
255.748,0.9667,0,0,0,0
255.781,0.9667,0,0,0,0
255.805,0.9667,0,0,0,0
255.849,0.9667,0,0,0,0
255.872,0.9667,0,0,0,0
255.914,0.9667,0,0,0,0
255.939,0.9667,0,0,0,0
255.982,0.9667,0,0,0,0
256.007,0.9667,0,0,0,0
256.048,0.9667,0,0,0,0
256.072,0.9667,0,0,0,0
256.115,0.9667,0,0,0,0
256.149,0.9667,0,0,0,0
256.183,0.9667,0,0,0,0
256.217,0.9667,0,0,0,0
256.249,0.9667,0,0,0,0
256.283,0.9667,0,0,0,0
256.315,0.9667,0,0,0,0
256.352,0.9667,0,0,0,0
256.381,0.9667,0,0,0,0
256.412,0.9667,0,0,0,0
256.451,0.9667,0,0,0,0
256.481,0.9667,0,0,0,0
256.517,0.9667,0,0,0,0
256.548,0.9667,0,0,0,0
256.583,0.9667,0,0,0,0
256.606,0.9667,0,0,0,0
256.664,0.9667,0,0,0,0
256.701,0.9667,0,0,0,0
256.718,0.9667,0,0,0,0
256.757,0.9667,0,0,0,0
256.784,0.9667,0,0,0,0
256.818,0.9667,0,0,0,0
256.854,0.9667,0,0,0,0
256.887,0.9667,0,0,0,0
256.918,0.9667,0,0,0,0
256.952,0.9667,0,0,0,0
256.984,0.9667,0,0,0,0
257.018,0.9667,0,0,0,0
257.053,0.9667,0,0,0,0
257.077,0.9667,0,0,0,0
257.119,0.9667,0,0,0,0
257.144,0.9667,0,0,0,0
257.185,0.9667,0,0,0,0
257.217,0.9667,0,0,0,0
257.252,0.9667,0,0,0,0
257.286,0.9667,0,0,0,0
257.317,0.9667,0,0,0,0
257.351,0.9667,0,0,0,0
257.384,0.9667,0,0,0,0
257.417,0.9667,0,0,0,0
257.453,0.9667,0,0,0,0
257.489,0.9667,0,0,0,0
257.523,0.9667,0,0,0,0
257.551,0.9667,0,0,0,0
257.585,0.9667,0,0,0,0
257.618,0.9667,0,0,0,0
257.654,0.9667,0,0,0,0
257.687,0.9667,0,0,0,0
257.718,0.9667,0,0,0,0
257.751,0.9667,0,0,0,0
257.786,0.9667,0,0,0,0
257.817,0.9667,0,0,0,0
257.853,0.9667,0,0,0,0
257.883,0.9667,0,0,0,0
257.918,0.9667,0,0,0,0
257.951,0.9667,0,0,0,0
257.987,0.9667,0,0,0,0
258.019,0.9667,0,0,0,0
258.051,0.9667,0,0,0,0
258.085,0.9667,0,0,0,0
258.120,0.9667,0,0,0,0
258.154,0.9667,0,0,0,0
258.187,0.9667,0,0,0,0
258.221,0.9667,0,0,0,0
258.255,0.9667,0,0,0,0
258.283,0.9667,0,0,0,0
258.331,0.9667,0,0,0,0
258.369,0.9667,0,0,0,0
258.393,0.9667,0,0,0,0
258.427,0.9667,0,0,0,0
258.459,0.9667,0,0,0,0
258.491,0.9667,0,0,0,0
258.525,0.9667,0,0,0,0
258.560,0.9667,0,0,0,0
258.593,0.9667,0,0,0,0
258.626,0.9667,0,0,0,0
258.657,0.9667,0,0,0,0
258.689,0.9667,0,0,0,0
258.728,0.9667,0,0,0,0
258.760,0.9667,0,0,0,0
258.790,0.9667,0,0,0,0
258.826,0.9667,0,0,0,0
258.858,0.9667,0,0,0,0
258.890,0.9667,0,0,0,0
258.925,0.9667,0,0,0,0
258.958,0.9667,0,0,0,0
258.993,0.9667,0,0,0,0
259.027,0.9667,0,0,0,0
259.060,0.9667,0,0,0,0
259.093,0.9667,0,0,0,0
259.126,0.9667,0,0,0,0
259.160,0.9667,0,0,0,0
259.191,0.9667,0,0,0,0
259.223,0.9666,0,0,0,0
259.259,0.9666,0,0,0,0
259.292,0.9666,0,0,0,0
259.325,0.9666,0,0,0,0
259.359,0.9666,0,0,0,0
259.391,0.9666,0,0,0,0
259.427,0.9666,0,0,0,0
259.460,0.9666,0,0,0,0
259.493,0.9666,0,0,0,0
259.525,0.9666,0,0,0,0
259.560,0.9666,0,0,0,0
259.595,0.9666,0,0,0,0
259.624,0.9666,0,0,0,0
259.659,0.9666,0,0,0,0
259.690,0.9666,0,0,0,0
259.726,0.9666,0,0,0,0
259.759,0.9666,0,0,0,0
259.792,0.9666,0,0,0,0
259.825,0.9666,0,0,0,0
259.858,0.9666,0,0,0,0
259.891,0.9666,0,0,0,0
259.925,0.9666,0,0,0,0
259.960,0.9666,0,0,0,0
259.992,0.9666,0,0,0,0
260.025,0.9666,0,0,0,0
260.061,0.9666,0,0,0,0
260.092,0.9666,0,0,0,0
260.123,0.9666,0,0,0,0
260.157,0.9666,0,0,0,0
260.191,0.9666,0,0,0,0
260.225,0.9666,0,0,0,0
260.260,0.9666,0,0,0,0
260.291,0.9666,0,0,0,0
260.325,0.9666,0,0,0,0
260.361,0.9666,0,0,0,0
260.391,0.9666,0,0,0,0
260.425,0.9666,0,0,0,0
260.459,0.9666,0,0,0,0
260.494,0.9666,0,0,0,0
260.524,0.9666,0,0,0,0
260.559,0.9666,0,0,0,0
260.591,0.9666,0,0,0,0
260.627,0.9666,0,0,0,0
260.651,0.9666,0,0,0,0
260.681,0.9666,0,0,0,0
260.724,0.9666,0,0,0,0
260.753,0.9666,0,0,0,0
260.794,0.9666,0,0,0,0
260.821,0.9666,0,0,0,0
260.860,0.9666,0,0,0,0
260.883,0.9666,0,0,0,0
260.927,0.9666,0,0,0,0
260.952,0.9666,0,0,0,0
260.991,0.9666,0,0,0,0
261.017,0.9666,0,0,0,0
261.058,0.9666,0,0,0,0
261.094,0.9666,0,0,0,0
261.127,0.9666,0,0,0,0
261.159,0.9666,0,0,0,0
261.194,0.9666,0,0,0,0
261.217,0.9666,0,0,0,0
261.259,0.9666,0,0,0,0
261.284,0.9666,0,0,0,0
261.324,0.9666,0,0,0,0
261.357,0.9666,0,0,0,0
261.393,0.9666,0,0,0,0
261.428,0.9666,0,0,0,0
261.458,0.9666,0,0,0,0
261.490,0.9666,0,0,0,0
261.527,0.9666,0,0,0,0
261.560,0.9666,0,0,0,0
261.592,0.9666,0,0,0,0
261.626,0.9666,0,0,0,0
261.660,0.9666,0,0,0,0
261.695,0.9666,0,0,0,0
261.726,0.9666,0,0,0,0
261.757,0.9666,0,0,0,0
261.792,0.9666,0,0,0,0
261.826,0.9666,0,0,0,0
261.857,0.9666,0,0,0,0
261.893,0.9666,0,0,0,0
261.929,0.9666,0,0,0,0
261.959,0.9666,0,0,0,0
261.990,0.9666,0,0,0,0
262.028,0.9666,0,0,0,0
262.059,0.9666,0,0,0,0
262.091,0.9666,0,0,0,0
262.124,0.9666,0,0,0,0
262.161,0.9666,0,0,0,0
262.192,0.9666,0,0,0,0
262.225,0.9666,0,0,0,0
262.259,0.9666,0,0,0,0
262.293,0.9666,0,0,0,0
262.326,0.9666,0,0,0,0
262.357,0.9666,0,0,0,0
262.390,0.9666,0,0,0,0
262.416,0.9666,0,0,0,0
262.457,0.9666,0,0,0,0
262.481,0.9666,0,0,0,0
262.524,0.9666,0,0,0,0
262.557,0.9666,0,0,0,0
262.593,0.9666,0,0,0,0
262.627,0.9666,0,0,0,0
262.661,0.9666,0,0,0,0
262.694,0.9666,0,0,0,0
262.725,0.9666,0,0,0,0
262.757,0.9666,0,0,0,0
262.793,0.9666,0,0,0,0
262.826,0.9666,0,0,0,0
262.859,0.9666,0,0,0,0
262.895,0.9666,0,0,0,0
262.928,0.9666,0,0,0,0
262.959,0.9666,0,0,0,0
262.994,0.9666,0,0,0,0
263.025,0.9666,0,0,0,0
263.058,0.9666,0,0,0,0
263.094,0.9666,0,0,0,0
263.125,0.9666,0,0,0,0
263.158,0.9666,0,0,0,0
263.195,0.9666,0,0,0,0
263.229,0.9666,0,0,0,0
263.257,0.9666,0,0,0,0
263.291,0.9666,0,0,0,0
263.325,0.9666,0,0,0,0
263.357,0.9666,0,0,0,0
263.394,0.9666,0,0,0,0
263.427,0.9666,0,0,0,0
263.458,0.9666,0,0,0,0
263.495,0.9666,0,0,0,0
263.525,0.9666,0,0,0,0
263.559,0.9666,0,0,0,0
263.593,0.9666,0,0,0,0
263.625,0.9666,0,0,0,0
263.659,0.9666,0,0,0,0
263.693,0.9666,0,0,0,0
263.724,0.9666,0,0,0,0
263.760,0.9666,0,0,0,0
263.795,0.9666,0,0,0,0
263.827,0.9666,0,0,0,0
263.858,0.9666,0,0,0,0
263.892,0.9666,0,0,0,0
263.926,0.9666,0,0,0,0
263.960,0.9666,0,0,0,0
263.991,0.9666,0,0,0,0
264.026,0.9666,0,0,0,0
264.058,0.9666,0,0,0,0
264.091,0.9666,0,0,0,0
264.126,0.9666,0,0,0,0
264.158,0.9666,0,0,0,0
264.192,0.9666,0,0,0,0
264.226,0.9666,0,0,0,0
264.263,0.9666,0,0,0,0
264.291,0.9666,0,0,0,0
264.325,0.9666,0,0,0,0
264.391,0.9666,0,0,0,0
264.422,0.9666,0,0,0,0
264.437,0.9666,0,0,0,0
264.466,0.9666,0,0,0,0
264.500,0.9666,0,0,0,0
264.533,0.9666,0,0,0,0
264.569,0.9666,0,0,0,0
264.602,0.9666,0,0,0,0
264.631,0.9666,0,0,0,0
264.666,0.9666,0,0,0,0
264.698,0.9666,0,0,0,0
264.734,0.9666,0,0,0,0
264.768,0.9666,0,0,0,0
264.798,0.9666,0,0,0,0
264.831,0.9666,0,0,0,0
264.866,0.9666,0,0,0,0
264.901,0.9666,0,0,0,0
264.931,0.9666,0,0,0,0
264.966,0.9666,0,0,0,0
264.998,0.9666,0,0,0,0
265.032,0.9665,0,0,0,0
265.067,0.9665,0,0,0,0
265.099,0.9665,0,0,0,0
265.131,0.9665,0,0,0,0
265.163,0.9665,0,0,0,0
265.197,0.9665,0,0,0,0
265.232,0.9665,0,0,0,0
265.265,0.9665,0,0,0,0
265.299,0.9665,0,0,0,0
265.332,0.9665,0,0,0,0
265.365,0.9665,0,0,0,0
265.399,0.9665,0,0,0,0
265.432,0.9665,0,0,0,0
265.466,0.9665,0,0,0,0
265.498,0.9665,0,0,0,0
265.534,0.9665,0,0,0,0
265.566,0.9665,0,0,0,0
265.600,0.9665,0,0,0,0
265.633,0.9665,0,0,0,0
265.667,0.9665,0,0,0,0
265.698,0.9665,0,0,0,0
265.881,0.9665,0,0,0,0
265.915,0.9665,0,0,0,0
265.925,0.9665,0,0,0,0
265.968,0.9665,0,0,0,0
265.994,0.9665,0,0,0,0
266.027,0.9665,0,0,0,0
266.059,0.9665,0,0,0,0
266.092,0.9665,0,0,0,0
266.128,0.9665,0,0,0,0
266.159,0.9665,0,0,0,0
266.193,0.9665,0,0,0,0
266.225,0.9665,0,0,0,0
266.260,0.9665,0,0,0,0
266.292,0.9665,0,0,0,0
266.328,0.9665,0,0,0,0
266.540,0.9665,0,0,0,0
266.595,0.9665,0,0,0,0
266.625,0.9665,0,0,0,0
266.660,0.9665,0,0,0,0
266.693,0.9665,0,0,0,0
266.727,0.9665,0,0,0,0
266.759,0.9665,0,0,0,0
266.795,0.9665,0,0,0,0
266.825,0.9665,0,0,0,0
266.858,0.9665,0,0,0,0
266.892,0.9665,0,0,0,0
266.925,0.9665,0,0,0,0
266.960,0.9665,0,0,0,0
266.992,0.9665,0,0,0,0
267.027,0.9665,0,0,0,0
267.058,0.9665,0,0,0,0
267.095,0.9665,0,0,0,0
267.124,0.9665,0,0,0,0
267.155,0.9665,0,0,0,0
267.192,0.9665,0,0,0,0
267.228,0.9665,0,0,0,0
267.258,0.9665,0,0,0,0
267.295,0.9665,0,0,0,0
267.327,0.9665,0,0,0,0
267.358,0.9665,0,0,0,0
267.393,0.9665,0,0,0,0
267.427,0.9665,0,0,0,0
267.459,0.9665,0,0,0,0
267.492,0.9665,0,0,0,0
267.524,0.9665,0,0,0,0
267.558,0.9665,0,0,0,0
267.593,0.9665,0,0,0,0
267.627,0.9665,0,0,0,0
267.659,0.9665,0,0,0,0
267.693,0.9665,0,0,0,0
267.725,0.9665,0,0,0,0
267.758,0.9665,0,0,0,0
267.791,0.9665,0,0,0,0
267.824,0.9665,0,0,0,0
267.858,0.9665,0,0,0,0
267.893,0.9665,0,0,0,0
267.928,0.9665,0,0,0,0
267.959,0.9665,0,0,0,0
267.991,0.9665,0,0,0,0
268.026,0.9665,0,0,0,0
268.061,0.9665,0,0,0,0
268.095,0.9665,0,0,0,0
268.124,0.9665,0,0,0,0
268.160,0.9665,0,0,0,0
268.196,0.9665,0,0,0,0
268.228,0.9665,0,0,0,0
268.258,0.9665,0,0,0,0
268.292,0.9665,0,0,0,0
268.325,0.9665,0,0,0,0
268.359,0.9665,0,0,0,0
268.391,0.9665,0,0,0,0
268.424,0.9665,0,0,0,0
268.460,0.9665,0,0,0,0
268.494,0.9665,0,0,0,0
268.526,0.9665,0,0,0,0
268.560,0.9665,0,0,0,0
268.593,0.9665,0,0,0,0
268.629,0.9665,0,0,0,0
268.658,0.9665,0,0,0,0
268.693,0.9665,0,0,0,0
268.726,0.9665,0,0,0,0
268.758,0.9665,0,0,0,0
268.791,0.9665,0,0,0,0
268.826,0.9665,0,0,0,0
268.861,0.9665,0,0,0,0
268.895,0.9665,0,0,0,0
268.924,0.9665,0,0,0,0
268.958,0.9665,0,0,0,0
268.995,0.9665,0,0,0,0
269.025,0.9665,0,0,0,0
269.057,0.9665,0,0,0,0
269.094,0.9665,0,0,0,0
269.129,0.9665,0,0,0,0
269.159,0.9665,0,0,0,0
269.195,0.9665,0,0,0,0
269.221,0.9665,0,0,0,0
269.261,0.9665,0,0,0,0
269.295,0.9665,0,0,0,0
269.324,0.9665,0,0,0,0
269.359,0.9665,0,0,0,0
269.393,0.9665,0,0,0,0
269.429,0.9665,0,0,0,0
269.453,0.9665,0,0,0,0
269.489,0.9665,0,0,0,0
269.515,0.9665,0,0,0,0
269.561,0.9665,0,0,0,0
269.592,0.9665,0,0,0,0
269.627,0.9665,0,0,0,0
269.660,0.9665,0,0,0,0
269.695,0.9665,0,0,0,0
269.728,0.9665,0,0,0,0
269.761,0.9665,0,0,0,0
269.792,0.9665,0,0,0,0
269.825,0.9665,0,0,0,0
269.859,0.9665,0,0,0,0
269.895,0.9665,0,0,0,0
269.926,0.9665,0,0,0,0
269.960,0.9665,0,0,0,0
269.992,0.9665,0,0,0,0
270.025,0.9665,0,0,0,0
270.059,0.9665,0,0,0,0
270.094,0.9665,0,0,0,0
270.125,0.9665,0,0,0,0
270.161,0.9665,0,0,0,0
270.183,0.9665,0,0,0,0
270.222,0.9665,0,0,0,0
270.247,0.9665,0,0,0,0
270.291,0.9665,0,0,0,0
270.329,0.9665,0,0,0,0
270.359,0.9665,0,0,0,0
270.392,0.9665,0,0,0,0
270.426,0.9665,0,0,0,0
270.461,0.9665,0,0,0,0
270.492,0.9665,0,0,0,0
270.519,0.9665,0,0,0,0
270.558,0.9665,0,0,0,0
270.591,0.9665,0,0,0,0
270.625,0.9665,0,0,0,0
270.660,0.9665,0,0,0,0
270.698,0.9665,0,0,0,0
270.717,0.9665,0,0,0,0
270.761,0.9665,0,0,0,0
270.784,0.9665,0,0,0,0
270.825,0.9665,0,0,0,0
270.860,0.9665,0,0,0,0
270.892,0.9665,0,0,0,0
270.926,0.9665,0,0,0,0
270.962,0.9664,0,0,0,0
270.992,0.9664,0,0,0,0
271.026,0.9664,0,0,0,0
271.062,0.9664,0,0,0,0
271.092,0.9664,0,0,0,0
271.129,0.9664,0,0,0,0
271.158,0.9664,0,0,0,0
271.193,0.9664,0,0,0,0
271.229,0.9664,0,0,0,0
271.262,0.9664,0,0,0,0
271.291,0.9664,0,0,0,0
271.325,0.9664,0,0,0,0
271.358,0.9664,0,0,0,0
271.394,0.9664,0,0,0,0
271.427,0.9664,0,0,0,0
271.459,0.9664,0,0,0,0
271.491,0.9664,0,0,0,0
271.525,0.9664,0,0,0,0
271.560,0.9664,0,0,0,0
271.594,0.9664,0,0,0,0
271.628,0.9664,0,0,0,0
271.660,0.9664,0,0,0,0
271.695,0.9664,0,0,0,0
271.728,0.9664,0,0,0,0
271.760,0.9664,0,0,0,0
271.793,0.9664,0,0,0,0
271.828,0.9664,0,0,0,0
271.861,0.9664,0,0,0,0
271.892,0.9664,0,0,0,0
271.928,0.9664,0,0,0,0
271.961,0.9664,0,0,0,0
271.993,0.9664,0,0,0,0
272.026,0.9664,0,0,0,0
272.058,0.9664,0,0,0,0
272.092,0.9664,0,0,0,0
272.125,0.9664,0,0,0,0
272.162,0.9664,0,0,0,0
272.191,0.9664,0,0,0,0
272.229,0.9664,0,0,0,0
272.258,0.9664,0,0,0,0
272.292,0.9664,0,0,0,0
272.327,0.9664,0,0,0,0
272.360,0.9664,0,0,0,0
272.394,0.9664,0,0,0,0
272.428,0.9664,0,0,0,0
272.462,0.9664,0,0,0,0
272.492,0.9664,0,0,0,0
272.525,0.9664,0,0,0,0
272.559,0.9664,0,0,0,0
272.593,0.9664,0,0,0,0
272.626,0.9664,0,0,0,0
272.668,0.9664,0,0,0,0
272.694,0.9664,0,0,0,0
272.727,0.9664,0,0,0,0
272.758,0.9664,0,0,0,0
272.794,0.9664,0,0,0,0
272.829,0.9664,0,0,0,0
272.862,0.9664,0,0,0,0
272.893,0.9664,0,0,0,0
272.927,0.9664,0,0,0,0
272.961,0.9664,0,0,0,0
272.993,0.9664,0,0,0,0
273.028,0.9664,0,0,0,0
273.059,0.9664,0,0,0,0
273.092,0.9664,0,0,0,0
273.127,0.9664,0,0,0,0
273.158,0.9664,0,0,0,0
273.191,0.9664,0,0,0,0
273.228,0.9664,0,0,0,0
273.259,0.9664,0,0,0,0
273.295,0.9664,0,0,0,0
273.325,0.9664,0,0,0,0
273.359,0.9664,0,0,0,0
273.393,0.9664,0,0,0,0
273.428,0.9664,0,0,0,0
273.458,0.9664,0,0,0,0
273.491,0.9664,0,0,0,0
273.527,0.9664,0,0,0,0
273.559,0.9664,0,0,0,0
273.591,0.9664,0,0,0,0
273.626,0.9664,0,0,0,0
273.660,0.9664,0,0,0,0
273.692,0.9664,0,0,0,0
273.726,0.9664,0,0,0,0
273.759,0.9664,0,0,0,0
273.795,0.9664,0,0,0,0
273.830,0.9664,0,0,0,0
273.858,0.9664,0,0,0,0
273.892,0.9664,0,0,0,0
273.928,0.9664,0,0,0,0
273.958,0.9664,0,0,0,0
273.995,0.9664,0,0,0,0
274.027,0.9664,0,0,0,0
274.058,0.9664,0,0,0,0
274.091,0.9664,0,0,0,0
274.128,0.9664,0,0,0,0
274.159,0.9664,0,0,0,0
274.192,0.9664,0,0,0,0
274.225,0.9664,0,0,0,0
274.260,0.9664,0,0,0,0
274.291,0.9664,0,0,0,0
274.326,0.9664,0,0,0,0
274.358,0.9664,0,0,0,0
274.392,0.9664,0,0,0,0
274.427,0.9664,0,0,0,0
274.460,0.9664,0,0,0,0
274.494,0.9664,0,0,0,0
274.526,0.9664,0,0,0,0
274.559,0.9664,0,0,0,0
274.591,0.9664,0,0,0,0
274.627,0.9664,0,0,0,0
274.659,0.9664,0,0,0,0
274.695,0.9664,0,0,0,0
274.727,0.9664,0,0,0,0
274.762,0.9664,0,0,0,0
274.795,0.9664,0,0,0,0
274.825,0.9664,0,0,0,0
274.858,0.9664,0,0,0,0
274.894,0.9664,0,0,0,0
274.927,0.9664,0,0,0,0
274.961,0.9664,0,0,0,0
274.994,0.9664,0,0,0,0
275.024,0.9664,0,0,0,0
275.058,0.9664,0,0,0,0
275.095,0.9664,0,0,0,0
275.119,0.9664,0,0,0,0
275.158,0.9664,0,0,0,0
275.193,0.9664,0,0,0,0
275.226,0.9664,0,0,0,0
275.260,0.9664,0,0,0,0
275.292,0.9664,0,0,0,0
275.325,0.9664,0,0,0,0
275.358,0.9664,0,0,0,0
275.393,0.9664,0,0,0,0
275.428,0.9664,0,0,0,0
275.459,0.9664,0,0,0,0
275.491,0.9664,0,0,0,0
275.530,0.9664,0,0,0,0
275.561,0.9664,0,0,0,0
275.591,0.9664,0,0,0,0
275.626,0.9664,0,0,0,0
275.660,0.9664,0,0,0,0
275.693,0.9664,0,0,0,0
275.726,0.9664,0,0,0,0
275.761,0.9664,0,0,0,0
275.791,0.9664,0,0,0,0
275.827,0.9664,0,0,0,0
275.858,0.9664,0,0,0,0
275.894,0.9664,0,0,0,0
275.928,0.9664,0,0,0,0
275.959,0.9664,0,0,0,0
275.991,0.9664,0,0,0,0
276.029,0.9664,0,0,0,0
276.058,0.9664,0,0,0,0
276.091,0.9664,0,0,0,0
276.127,0.9664,0,0,0,0
276.159,0.9664,0,0,0,0
276.195,0.9664,0,0,0,0
276.226,0.9664,0,0,0,0
276.259,0.9664,0,0,0,0
276.296,0.9664,0,0,0,0
276.326,0.9664,0,0,0,0
276.362,0.9664,0,0,0,0
276.391,0.9664,0,0,0,0
276.427,0.9664,0,0,0,0
276.460,0.9664,0,0,0,0
276.491,0.9664,0,0,0,0
276.526,0.9664,0,0,0,0
276.559,0.9664,0,0,0,0
276.592,0.9664,0,0,0,0
276.625,0.9664,0,0,0,0
276.658,0.9664,0,0,0,0
276.692,0.9664,0,0,0,0
276.725,0.9664,0,0,0,0
276.761,0.9664,0,0,0,0
276.793,0.9664,0,0,0,0
276.828,0.9664,0,0,0,0
276.859,0.9664,0,0,0,0
276.894,0.9664,0,0,0,0
276.926,0.9664,0,0,0,0
276.960,0.9664,0,0,0,0
276.994,0.9664,0,0,0,0
277.025,0.9664,0,0,0,0
277.059,0.9663,0,0,0,0
277.093,0.9663,0,0,0,0
277.127,0.9663,0,0,0,0
277.162,0.9663,0,0,0,0
277.194,0.9663,0,0,0,0
277.224,0.9663,0,0,0,0
277.259,0.9663,0,0,0,0
277.294,0.9663,0,0,0,0
277.327,0.9663,0,0,0,0
277.361,0.9663,0,0,0,0
277.394,0.9663,0,0,0,0
277.425,0.9663,0,0,0,0
277.460,0.9663,0,0,0,0
277.491,0.9663,0,0,0,0
277.526,0.9663,0,0,0,0
277.562,0.9663,0,0,0,0
277.591,0.9663,0,0,0,0
277.629,0.9663,0,0,0,0
277.660,0.9663,0,0,0,0
277.694,0.9663,0,0,0,0
277.726,0.9663,0,0,0,0
277.758,0.9663,0,0,0,0
277.790,0.9663,0,0,0,0
277.825,0.9663,0,0,0,0
277.862,0.9663,0,0,0,0
277.892,0.9663,0,0,0,0
277.927,0.9663,0,0,0,0
277.959,0.9663,0,0,0,0
277.992,0.9663,0,0,0,0
278.025,0.9663,0,0,0,0
278.062,0.9663,0,0,0,0
278.091,0.9663,0,0,0,0
278.125,0.9663,0,0,0,0
278.161,0.9663,0,0,0,0
278.193,0.9663,0,0,0,0
278.225,0.9663,0,0,0,0
278.259,0.9663,0,0,0,0
278.295,0.9663,0,0,0,0
278.329,0.9663,0,0,0,0
278.362,0.9663,0,0,0,0
278.391,0.9663,0,0,0,0
278.427,0.9663,0,0,0,0
278.462,0.9663,0,0,0,0
278.493,0.9663,0,0,0,0
278.527,0.9663,0,0,0,0
278.561,0.9663,0,0,0,0
278.594,0.9663,0,0,0,0
278.626,0.9663,0,0,0,0
278.659,0.9663,0,0,0,0
278.693,0.9663,0,0,0,0
278.725,0.9663,0,0,0,0
278.761,0.9663,0,0,0,0
278.793,0.9663,0,0,0,0
278.829,0.9663,0,0,0,0
278.858,0.9663,0,0,0,0
278.894,0.9663,0,0,0,0
278.926,0.9663,0,0,0,0
278.959,0.9663,0,0,0,0
278.993,0.9663,0,0,0,0
279.026,0.9663,0,0,0,0
279.059,0.9663,0,0,0,0
279.095,0.9663,0,0,0,0
279.128,0.9663,0,0,0,0
279.160,0.9663,0,0,0,0
279.192,0.9663,0,0,0,0
279.226,0.9663,0,0,0,0
279.260,0.9663,0,0,0,0
279.291,0.9663,0,0,0,0
279.325,0.9663,0,0,0,0
279.358,0.9663,0,0,0,0
279.393,0.9663,0,0,0,0
279.428,0.9663,0,0,0,0
279.458,0.9663,0,0,0,0
279.495,0.9663,0,0,0,0
279.524,0.9663,0,0,0,0
279.560,0.9663,0,0,0,0
279.593,0.9663,0,0,0,0
279.628,0.9663,0,0,0,0
279.658,0.9663,0,0,0,0
279.696,0.9663,0,0,0,0
279.728,0.9663,0,0,0,0
279.761,0.9663,0,0,0,0
279.794,0.9663,0,0,0,0
279.825,0.9663,0,0,0,0
279.860,0.9663,0,0,0,0
279.894,0.9663,0,0,0,0
279.929,0.9663,0,0,0,0
279.958,0.9663,0,0,0,0
279.993,0.9663,0,0,0,0
280.025,0.9663,0,0,0,0
280.058,0.9663,0,0,0,0
280.093,0.9663,0,0,0,0
280.127,0.9663,0,0,0,0
280.160,0.9663,0,0,0,0
280.196,0.9663,0,0,0,0
280.219,0.9663,0,0,0,0
280.260,0.9663,0,0,0,0
280.293,0.9663,0,0,0,0
280.326,0.9663,0,0,0,0
280.357,0.9663,0,0,0,0
280.392,0.9663,0,0,0,0
280.427,0.9663,0,0,0,0
280.462,0.9663,0,0,0,0
280.493,0.9663,0,0,0,0
280.525,0.9663,0,0,0,0
280.560,0.9663,0,0,0,0
280.592,0.9663,0,0,0,0
280.627,0.9663,0,0,0,0
280.661,0.9663,0,0,0,0
280.695,0.9663,0,0,0,0
280.726,0.9663,0,0,0,0
280.759,0.9663,0,0,0,0
280.793,0.9663,0,0,0,0
280.827,0.9663,0,0,0,0
280.858,0.9663,0,0,0,0
280.892,0.9663,0,0,0,0
280.928,0.9663,0,0,0,0
280.959,0.9663,0,0,0,0
280.991,0.9663,0,0,0,0
281.025,0.9663,0,0,0,0
281.059,0.9663,0,0,0,0
281.093,0.9663,0,0,0,0
281.126,0.9663,0,0,0,0
281.160,0.9663,0,0,0,0
281.191,0.9663,0,0,0,0
281.225,0.9663,0,0,0,0
281.260,0.9663,0,0,0,0
281.294,0.9663,0,0,0,0
281.328,0.9663,0,0,0,0
281.359,0.9663,0,0,0,0
281.395,0.9663,0,0,0,0
281.426,0.9663,0,0,0,0
281.458,0.9663,0,0,0,0
281.494,0.9663,0,0,0,0
281.528,0.9663,0,0,0,0
281.562,0.9663,0,0,0,0
281.590,0.9663,0,0,0,0
281.628,0.9663,0,0,0,0
281.660,0.9663,0,0,0,0
281.695,0.9663,0,0,0,0
281.725,0.9663,0,0,0,0
281.757,0.9663,0,0,0,0
281.793,0.9663,0,0,0,0
281.824,0.9663,0,0,0,0
281.862,0.9663,0,0,0,0
281.891,0.9663,0,0,0,0
281.927,0.9663,0,0,0,0
281.960,0.9663,0,0,0,0
281.991,0.9663,0,0,0,0
282.027,0.9663,0,0,0,0
282.059,0.9663,0,0,0,0
282.092,0.9663,0,0,0,0
282.126,0.9663,0,0,0,0
282.159,0.9663,0,0,0,0
282.192,0.9663,0,0,0,0
282.228,0.9663,0,0,0,0
282.261,0.9663,0,0,0,0
282.292,0.9663,0,0,0,0
282.328,0.9663,0,0,0,0
282.358,0.9663,0,0,0,0
282.393,0.9663,0,0,0,0
282.427,0.9663,0,0,0,0
282.460,0.9663,0,0,0,0
282.491,0.9663,0,0,0,0
282.528,0.9663,0,0,0,0
282.560,0.9663,0,0,0,0
282.592,0.9663,0,0,0,0
282.625,0.9663,0,0,0,0
282.659,0.9663,0,0,0,0
282.695,0.9663,0,0,0,0
282.726,0.9663,0,0,0,0
282.759,0.9663,0,0,0,0
282.790,0.9663,0,0,0,0
282.824,0.9663,0,0,0,0
282.861,0.9663,0,0,0,0
282.893,0.9663,0,0,0,0
282.925,0.9663,0,0,0,0
282.962,0.9663,0,0,0,0
282.991,0.9663,0,0,0,0
283.027,0.9663,0,0,0,0
283.059,0.9663,0,0,0,0
283.094,0.9663,0,0,0,0
283.125,0.9663,0,0,0,0
283.158,0.9663,0,0,0,0
283.193,0.9663,0,0,0,0
283.227,0.9663,0,0,0,0
283.261,0.9662,0,0,0,0
283.291,0.9662,0,0,0,0
283.329,0.9662,0,0,0,0
283.360,0.9662,0,0,0,0
283.394,0.9662,0,0,0,0
283.425,0.9662,0,0,0,0
283.459,0.9662,0,0,0,0
283.495,0.9662,0,0,0,0
283.528,0.9662,0,0,0,0
283.561,0.9662,0,0,0,0
283.592,0.9662,0,0,0,0
283.628,0.9662,0,0,0,0
283.662,0.9662,0,0,0,0
283.691,0.9662,0,0,0,0
283.728,0.9662,0,0,0,0
283.762,0.9662,0,0,0,0
283.793,0.9662,0,0,0,0
283.828,0.9662,0,0,0,0
283.858,0.9662,0,0,0,0
283.895,0.9662,0,0,0,0
283.925,0.9662,0,0,0,0
283.958,0.9662,0,0,0,0
283.992,0.9662,0,0,0,0
284.025,0.9662,0,0,0,0
284.058,0.9662,0,0,0,0
284.094,0.9662,0,0,0,0
284.129,0.9662,0,0,0,0
284.151,0.9662,0,0,0,0
284.204,0.9662,0,0,0,0
284.226,0.9662,0,0,0,0
284.260,0.9662,0,0,0,0
284.291,0.9662,0,0,0,0
284.329,0.9662,0,0,0,0
284.359,0.9662,0,0,0,0
284.391,0.9662,0,0,0,0
284.425,0.9662,0,0,0,0
284.457,0.9662,0,0,0,0
284.491,0.9662,0,0,0,0
284.524,0.9662,0,0,0,0
284.560,0.9662,0,0,0,0
284.592,0.9662,0,0,0,0
284.625,0.9662,0,0,0,0
284.658,0.9662,0,0,0,0
284.694,0.9662,0,0,0,0
284.726,0.9662,0,0,0,0
284.761,0.9662,0,0,0,0
284.793,0.9662,0,0,0,0
284.828,0.9662,0,0,0,0
284.859,0.9662,0,0,0,0
284.893,0.9662,0,0,0,0
284.929,0.9662,0,0,0,0
284.950,0.9662,0,0,0,0
284.992,0.9662,0,0,0,0
285.022,0.9662,0,0,0,0
285.059,0.9662,0,0,0,0
285.082,0.9662,0,0,0,0
285.124,0.9662,0,0,0,0
285.158,0.9662,0,0,0,0
285.191,0.9662,0,0,0,0
285.225,0.9662,0,0,0,0
285.258,0.9662,0,0,0,0
285.291,0.9662,0,0,0,0
285.324,0.9662,0,0,0,0
285.358,0.9662,0,0,0,0
285.395,0.9662,0,0,0,0
285.426,0.9662,0,0,0,0
285.460,0.9662,0,0,0,0
285.491,0.9662,0,0,0,0
285.524,0.9662,0,0,0,0
285.558,0.9662,0,0,0,0
285.591,0.9662,0,0,0,0
285.622,0.9662,0,0,0,0
285.657,0.9662,0,0,0,0
285.687,0.9662,0,0,0,0
285.727,0.9662,0,0,0,0
285.760,0.9662,0,0,0,0
285.793,0.9662,0,0,0,0
285.825,0.9662,0,0,0,0
285.861,0.9662,0,0,0,0
285.894,0.9662,0,0,0,0
285.924,0.9662,0,0,0,0
285.957,0.9662,0,0,0,0
285.993,0.9662,0,0,0,0
286.019,0.9662,0,0,0,0
286.062,0.9662,0,0,0,0
286.085,0.9662,0,0,0,0
286.129,0.9662,0,0,0,0
286.162,0.9662,0,0,0,0
286.194,0.9662,0,0,0,0
286.226,0.9662,0,0,0,0
286.258,0.9662,0,0,0,0
286.291,0.9662,0,0,0,0
286.326,0.9662,0,0,0,0
286.358,0.9662,0,0,0,0
286.392,0.9662,0,0,0,0
286.424,0.9662,0,0,0,0
286.458,0.9662,0,0,0,0
286.492,0.9662,0,0,0,0
286.528,0.9662,0,0,0,0
286.558,0.9662,0,0,0,0
286.594,0.9662,0,0,0,0
286.626,0.9662,0,0,0,0
286.658,0.9662,0,0,0,0
286.695,0.9662,0,0,0,0
286.728,0.9662,0,0,0,0
286.759,0.9662,0,0,0,0
286.795,0.9662,0,0,0,0
286.824,0.9662,0,0,0,0
286.859,0.9662,0,0,0,0
286.894,0.9662,0,0,0,0
286.924,0.9662,0,0,0,0
286.960,0.9662,0,0,0,0
286.995,0.9662,0,0,0,0
287.028,0.9662,0,0,0,0
287.066,0.9662,0,0,0,0
287.094,0.9662,0,0,0,0
287.122,0.9662,0,0,0,0
287.160,0.9662,0,0,0,0
287.193,0.9662,0,0,0,0
287.226,0.9662,0,0,0,0
287.260,0.9662,0,0,0,0
287.295,0.9662,0,0,0,0
287.326,0.9662,0,0,0,0
287.359,0.9662,0,0,0,0
287.393,0.9662,0,0,0,0
287.427,0.9662,0,0,0,0
287.458,0.9662,0,0,0,0
287.493,0.9662,0,0,0,0
287.527,0.9662,0,0,0,0
287.562,0.9662,0,0,0,0
287.592,0.9662,0,0,0,0
287.627,0.9662,0,0,0,0
287.661,0.9662,0,0,0,0
287.694,0.9662,0,0,0,0
287.726,0.9662,0,0,0,0
287.759,0.9662,0,0,0,0
287.791,0.9662,0,0,0,0
287.824,0.9662,0,0,0,0
287.858,0.9662,0,0,0,0
287.892,0.9662,0,0,0,0
287.926,0.9662,0,0,0,0
287.960,0.9662,0,0,0,0
287.993,0.9662,0,0,0,0
288.026,0.9662,0,0,0,0
288.060,0.9662,0,0,0,0
288.093,0.9662,0,0,0,0
288.128,0.9662,0,0,0,0
288.158,0.9662,0,0,0,0
288.190,0.9662,0,0,0,0
288.225,0.9662,0,0,0,0
288.260,0.9662,0,0,0,0
288.296,0.9662,0,0,0,0
288.328,0.9662,0,0,0,0
288.361,0.9662,0,0,0,0
288.393,0.9662,0,0,0,0
288.421,0.9662,0,0,0,0
288.458,0.9662,0,0,0,0
288.492,0.9662,0,0,0,0
288.527,0.9662,0,0,0,0
288.558,0.9662,0,0,0,0
288.595,0.9662,0,0,0,0
288.624,0.9662,0,0,0,0
288.662,0.9662,0,0,0,0
288.691,0.9662,0,0,0,0
288.726,0.9662,0,0,0,0
288.760,0.9662,0,0,0,0
288.792,0.9662,0,0,0,0
288.826,0.9662,0,0,0,0
288.862,0.9662,0,0,0,0
288.893,0.9662,0,0,0,0
288.926,0.9662,0,0,0,0
288.958,0.9662,0,0,0,0
288.994,0.9662,0,0,0,0
289.025,0.9662,0,0,0,0
289.062,0.9662,0,0,0,0
289.091,0.9662,0,0,0,0
289.124,0.9662,0,0,0,0
289.159,0.9662,0,0,0,0
289.193,0.9662,0,0,0,0
289.227,0.9662,0,0,0,0
289.258,0.9662,0,0,0,0
289.291,0.9662,0,0,0,0
289.324,0.9662,0,0,0,0
289.358,0.9662,0,0,0,0
289.392,0.9662,0,0,0,0
289.424,0.9662,0,0,0,0
289.459,0.9662,0,0,0,0
289.492,0.9662,0,0,0,0
289.529,0.9662,0,0,0,0
289.562,0.9662,0,0,0,0
289.591,0.9662,0,0,0,0
289.628,0.9662,0,0,0,0
289.658,0.9662,0,0,0,0
289.695,0.9662,0,0,0,0
289.725,0.9662,0,0,0,0
289.761,0.9662,0,0,0,0
289.798,0.9662,0,0,0,0
289.828,0.9661,0,0,0,0
289.859,0.9661,0,0,0,0
289.893,0.9661,0,0,0,0
289.927,0.9661,0,0,0,0
289.959,0.9661,0,0,0,0
289.993,0.9661,0,0,0,0
290.027,0.9661,0,0,0,0
290.058,0.9661,0,0,0,0
290.093,0.9661,0,0,0,0
290.128,0.9661,0,0,0,0
290.157,0.9661,0,0,0,0
290.196,0.9661,0,0,0,0
290.217,0.9661,0,0,0,0
290.261,0.9661,0,0,0,0
290.284,0.9661,0,0,0,0
290.325,0.9661,0,0,0,0
290.360,0.9661,0,0,0,0
290.394,0.9661,0,0,0,0
290.427,0.9661,0,0,0,0
290.459,0.9661,0,0,0,0
290.493,0.9661,0,0,0,0
290.526,0.9661,0,0,0,0
290.562,0.9661,0,0,0,0
290.583,0.9661,0,0,0,0
290.625,0.9661,0,0,0,0
290.654,0.9661,0,0,0,0
290.695,0.9661,0,0,0,0
290.726,0.9661,0,0,0,0
290.758,0.9661,0,0,0,0
290.792,0.9661,0,0,0,0
290.826,0.9661,0,0,0,0
290.858,0.9661,0,0,0,0
290.891,0.9661,0,0,0,0
290.927,0.9661,0,0,0,0
290.960,0.9661,0,0,0,0
290.992,0.9661,0,0,0,0
291.024,0.9661,0,0,0,0
291.062,0.9661,0,0,0,0
291.093,0.9661,0,0,0,0
291.128,0.9661,0,0,0,0
291.160,0.9661,0,0,0,0
291.193,0.9661,0,0,0,0
291.226,0.9661,0,0,0,0
291.261,0.9661,0,0,0,0
291.294,0.9661,0,0,0,0
291.325,0.9661,0,0,0,0
291.359,0.9661,0,0,0,0
291.393,0.9661,0,0,0,0
291.425,0.9661,0,0,0,0
291.459,0.9661,0,0,0,0
291.495,0.9661,0,0,0,0
291.523,0.9661,0,0,0,0
291.563,0.9661,0,0,0,0
291.593,0.9661,0,0,0,0
291.625,0.9661,0,0,0,0
291.657,0.9661,0,0,0,0
291.693,0.9661,0,0,0,0
291.724,0.9661,0,0,0,0
291.758,0.9661,0,0,0,0
291.792,0.9661,0,0,0,0
291.825,0.9661,0,0,0,0
291.860,0.9661,0,0,0,0
291.891,0.9661,0,0,0,0
291.924,0.9661,0,0,0,0
291.962,0.9661,0,0,0,0
291.994,0.9661,0,0,0,0
292.025,0.9661,0,0,0,0
292.059,0.9661,0,0,0,0
292.094,0.9661,0,0,0,0
292.125,0.9661,0,0,0,0
292.160,0.9661,0,0,0,0
292.192,0.9661,0,0,0,0
292.228,0.9661,0,0,0,0
292.259,0.9661,0,0,0,0
292.291,0.9661,0,0,0,0
292.327,0.9661,0,0,0,0
292.362,0.9661,0,0,0,0
292.393,0.9661,0,0,0,0
292.427,0.9661,0,0,0,0
292.461,0.9661,0,0,0,0
292.491,0.9661,0,0,0,0
292.525,0.9661,0,0,0,0
292.561,0.9661,0,0,0,0
292.592,0.9661,0,0,0,0
292.624,0.9661,0,0,0,0
292.657,0.9661,0,0,0,0
292.690,0.9661,0,0,0,0
292.727,0.9661,0,0,0,0
292.760,0.9661,0,0,0,0
292.792,0.9661,0,0,0,0
292.828,0.9661,0,0,0,0
292.850,0.9661,0,0,0,0
292.891,0.9661,0,0,0,0
292.915,0.9661,0,0,0,0
292.957,0.9661,0,0,0,0
292.992,0.9661,0,0,0,0
293.027,0.9661,0,0,0,0
293.057,0.9661,0,0,0,0
293.091,0.9661,0,0,0,0
293.127,0.9661,0,0,0,0
293.158,0.9661,0,0,0,0
293.196,0.9661,0,0,0,0
293.227,0.9661,0,0,0,0
293.262,0.9661,0,0,0,0
293.294,0.9661,0,0,0,0
293.324,0.9661,0,0,0,0
293.358,0.9661,0,0,0,0
293.391,0.9661,0,0,0,0
293.424,0.9661,0,0,0,0
293.458,0.9661,0,0,0,0
293.495,0.9661,0,0,0,0
293.524,0.9661,0,0,0,0
293.558,0.9661,0,0,0,0
293.591,0.9661,0,0,0,0
293.627,0.9661,0,0,0,0
293.660,0.9661,0,0,0,0
293.692,0.9661,0,0,0,0
293.730,0.9661,0,0,0,0
293.759,0.9661,0,0,0,0
293.792,0.9661,0,0,0,0
293.825,0.9661,0,0,0,0
293.861,0.9661,0,0,0,0
293.893,0.9661,0,0,0,0
293.925,0.9661,0,0,0,0
293.960,0.9661,0,0,0,0
293.993,0.9661,0,0,0,0
294.028,0.9661,0,0,0,0
294.061,0.9661,0,0,0,0
294.093,0.9661,0,0,0,0
294.125,0.9661,0,0,0,0
294.158,0.9661,0,0,0,0
294.192,0.9661,0,0,0,0
294.226,0.9661,0,0,0,0
294.258,0.9661,0,0,0,0
294.293,0.9661,0,0,0,0
294.325,0.9661,0,0,0,0
294.362,0.9661,0,0,0,0
294.392,0.9661,0,0,0,0
294.427,0.9661,0,0,0,0
294.459,0.9661,0,0,0,0
294.493,0.9661,0,0,0,0
294.524,0.9661,0,0,0,0
294.559,0.9661,0,0,0,0
294.594,0.9661,0,0,0,0
294.625,0.9661,0,0,0,0
294.659,0.9661,0,0,0,0
294.691,0.9661,0,0,0,0
294.726,0.9661,0,0,0,0
294.760,0.9661,0,0,0,0
294.792,0.9661,0,0,0,0
294.826,0.9661,0,0,0,0
294.859,0.9661,0,0,0,0
294.893,0.9661,0,0,0,0
294.927,0.9661,0,0,0,0
294.960,0.9661,0,0,0,0
294.992,0.9661,0,0,0,0
295.019,0.9661,0,0,0,0
295.060,0.9661,0,0,0,0
295.092,0.9661,0,0,0,0
295.126,0.9661,0,0,0,0
295.160,0.9661,0,0,0,0
295.191,0.9661,0,0,0,0
295.227,0.9661,0,0,0,0
295.261,0.9661,0,0,0,0
295.293,0.9661,0,0,0,0
295.327,0.9661,0,0,0,0
295.360,0.9661,0,0,0,0
295.393,0.9661,0,0,0,0
295.426,0.9661,0,0,0,0
295.460,0.9661,0,0,0,0
295.492,0.9661,0,0,0,0
295.526,0.9661,0,0,0,0
295.558,0.9661,0,0,0,0
295.592,0.9661,0,0,0,0
295.626,0.9661,0,0,0,0
295.660,0.9661,0,0,0,0
295.694,0.9661,0,0,0,0
295.727,0.9661,0,0,0,0
295.762,0.9661,0,0,0,0
295.793,0.9661,0,0,0,0
295.826,0.9661,0,0,0,0
295.860,0.9661,0,0,0,0
295.893,0.9661,0,0,0,0
295.926,0.9661,0,0,0,0
295.962,0.9661,0,0,0,0
295.993,0.9661,0,0,0,0
296.026,0.9661,0,0,0,0
296.062,0.9661,0,0,0,0
296.091,0.9661,0,0,0,0
296.129,0.9661,0,0,0,0
296.150,0.9661,0,0,0,0
296.193,0.9661,0,0,0,0
296.225,0.9661,0,0,0,0
296.261,0.9661,0,0,0,0
296.284,0.9661,0,0,0,0
296.326,0.9661,0,0,0,0
296.358,0.9661,0,0,0,0
296.391,0.9661,0,0,0,0
296.424,0.9661,0,0,0,0
296.458,0.9661,0,0,0,0
296.491,0.9661,0,0,0,0
296.525,0.9661,0,0,0,0
296.562,0.9661,0,0,0,0
296.592,0.9661,0,0,0,0
296.629,0.9661,0,0,0,0
296.658,0.9661,0,0,0,0
296.693,0.9661,0,0,0,0
296.726,0.9660,0,0,0,0
296.758,0.9660,0,0,0,0
296.791,0.9660,0,0,0,0
296.827,0.9660,0,0,0,0
296.859,0.9660,0,0,0,0
296.894,0.9660,0,0,0,0
296.927,0.9660,0,0,0,0
296.959,0.9660,0,0,0,0
296.991,0.9660,0,0,0,0
297.026,0.9660,0,0,0,0
297.058,0.9660,0,0,0,0
297.095,0.9660,0,0,0,0
297.126,0.9660,0,0,0,0
297.157,0.9660,0,0,0,0
297.195,0.9660,0,0,0,0
297.216,0.9660,0,0,0,0
297.257,0.9660,0,0,0,0
297.291,0.9660,0,0,0,0
297.324,0.9660,0,0,0,0
297.361,0.9660,0,0,0,0
297.394,0.9660,0,0,0,0
297.425,0.9660,0,0,0,0
297.459,0.9660,0,0,0,0
297.492,0.9660,0,0,0,0
297.527,0.9660,0,0,0,0
297.559,0.9660,0,0,0,0
297.591,0.9660,0,0,0,0
297.638,0.9660,0,0,0,0
297.655,0.9660,0,0,0,0
297.691,0.9660,0,0,0,0
297.727,0.9660,0,0,0,0
297.758,0.9660,0,0,0,0
297.793,0.9660,0,0,0,0
297.826,0.9660,0,0,0,0
297.859,0.9660,0,0,0,0
297.891,0.9660,0,0,0,0
297.927,0.9660,0,0,0,0
297.960,0.9660,0,0,0,0
297.992,0.9660,0,0,0,0
298.026,0.9660,0,0,0,0
298.059,0.9660,0,0,0,0
298.091,0.9660,0,0,0,0
298.127,0.9660,0,0,0,0
298.162,0.9660,0,0,0,0
298.192,0.9660,0,0,0,0
298.227,0.9660,0,0,0,0
298.258,0.9660,0,0,0,0
298.295,0.9660,0,0,0,0
298.326,0.9660,0,0,0,0
298.359,0.9660,0,0,0,0
298.396,0.9660,0,0,0,0
298.427,0.9660,0,0,0,0
298.458,0.9660,0,0,0,0
298.494,0.9660,0,0,0,0
298.529,0.9660,0,0,0,0
298.558,0.9660,0,0,0,0
298.594,0.9660,0,0,0,0
298.627,0.9660,0,0,0,0
298.660,0.9660,0,0,0,0
298.696,0.9660,0,0,0,0
298.725,0.9660,0,0,0,0
298.758,0.9660,0,0,0,0
298.792,0.9660,0,0,0,0
298.826,0.9660,0,0,0,0
298.860,0.9660,0,0,0,0
298.892,0.9660,0,0,0,0
298.925,0.9660,0,0,0,0
298.972,0.9660,0,0,0,0
298.992,0.9660,0,0,0,0
299.027,0.9660,0,0,0,0
299.061,0.9660,0,0,0,0
299.093,0.9660,0,0,0,0
299.128,0.9660,0,0,0,0
299.160,0.9660,0,0,0,0
299.194,0.9660,0,0,0,0
299.223,0.9660,0,0,0,0
299.258,0.9660,0,0,0,0
299.292,0.9660,0,0,0,0
299.326,0.9660,0,0,0,0
299.360,0.9660,0,0,0,0
299.395,0.9660,0,0,0,0
299.429,0.9660,0,0,0,0
299.450,0.9660,0,0,0,0
299.495,0.9660,0,0,0,0
299.528,0.9660,0,0,0,0
299.559,0.9660,0,0,0,0
299.591,0.9660,0,0,0,0
299.628,0.9660,0,0,0,0
299.660,0.9660,0,0,0,0
299.695,0.9660,0,0,0,0
299.729,0.9660,0,0,0,0
299.751,0.9660,0,0,0,0
299.793,0.9660,0,0,0,0
299.817,0.9660,0,0,0,0
299.860,0.9660,0,0,0,0
299.884,0.9660,0,0,0,0
299.925,0.9660,0,0,0,0
299.948,0.9660,0,0,0,0
299.993,0.9660,0,0,0,0
300.016,0.9660,0,0,0,0
300.062,0.9660,0,0,0,0
300.085,0.9660,0,0,0,0
300.127,0.9660,0,0,0,0
300.160,0.9660,0,0,0,0
300.193,0.9660,0,0,0,0
300.224,0.9660,0,0,0,0
300.258,0.9660,0,0,0,0
300.292,0.9660,0,0,0,0
300.334,0.9660,0,0,0,0
300.354,0.9660,0,0,0,0
300.391,0.9660,0,0,0,0
300.427,0.9660,0,0,0,0
300.458,0.9660,0,0,0,0
300.492,0.9660,0,0,0,0
300.527,0.9660,0,0,0,0
300.559,0.9660,0,0,0,0
300.594,0.9660,0,0,0,0
300.625,0.9660,0,0,0,0
300.659,0.9660,0,0,0,0
300.694,0.9660,0,0,0,0
300.716,0.9660,0,0,0,0
300.759,0.9660,0,0,0,0
300.792,0.9660,0,0,0,0
300.827,0.9660,0,0,0,0
300.858,0.9660,0,0,0,0
300.893,0.9660,0,0,0,0
300.927,0.9660,0,0,0,0
300.959,0.9660,0,0,0,0
300.992,0.9660,0,0,0,0
301.027,0.9660,0,0,0,0
301.052,0.9660,0,0,0,0
301.090,0.9660,0,0,0,0
301.126,0.9660,0,0,0,0
301.159,0.9660,0,0,0,0
301.190,0.9660,0,0,0,0
301.225,0.9660,0,0,0,0
301.249,0.9660,0,0,0,0
301.294,0.9660,0,0,0,0
301.324,0.9660,0,0,0,0
301.358,0.9660,0,0,0,0
301.393,0.9660,0,0,0,0
301.428,0.9660,0,0,0,0
301.460,0.9660,0,0,0,0
301.492,0.9660,0,0,0,0
301.525,0.9660,0,0,0,0
301.556,0.9660,0,0,0,0
301.595,0.9660,0,0,0,0
301.626,0.9660,0,0,0,0
301.659,0.9660,0,0,0,0
301.693,0.9660,0,0,0,0
301.728,0.9660,0,0,0,0
301.760,0.9660,0,0,0,0
301.795,0.9660,0,0,0,0
301.827,0.9660,0,0,0,0
301.862,0.9660,0,0,0,0
301.895,0.9660,0,0,0,0
301.929,0.9660,0,0,0,0
301.961,0.9660,0,0,0,0
301.995,0.9660,0,0,0,0
302.026,0.9660,0,0,0,0
302.061,0.9660,0,0,0,0
302.085,0.9660,0,0,0,0
302.125,0.9660,0,0,0,0
302.160,0.9660,0,0,0,0
302.192,0.9660,0,0,0,0
302.230,0.9660,0,0,0,0
302.262,0.9660,0,0,0,0
302.293,0.9660,0,0,0,0
302.328,0.9660,0,0,0,0
302.357,0.9660,0,0,0,0
302.398,0.9660,0,0,0,0
302.423,0.9660,0,0,0,0
302.462,0.9660,0,0,0,0
302.493,0.9660,0,0,0,0
302.527,0.9660,0,0,0,0
302.560,0.9660,0,0,0,0
302.594,0.9660,0,0,0,0
302.626,0.9660,0,0,0,0
302.659,0.9660,0,0,0,0
302.687,0.9660,0,0,0,0
302.713,0.9660,0,0,0,0
302.762,0.9660,0,0,0,0
302.786,0.9660,0,0,0,0
302.824,0.9660,0,0,0,0
302.860,0.9660,0,0,0,0
302.895,0.9660,0,0,0,0
302.926,0.9660,0,0,0,0
302.961,0.9660,0,0,0,0
302.983,0.9660,0,0,0,0
303.027,0.9660,0,0,0,0
303.059,0.9660,0,0,0,0
303.090,0.9660,0,0,0,0
303.124,0.9660,0,0,0,0
303.154,0.9660,0,0,0,0
303.191,0.9660,0,0,0,0
303.225,0.9660,0,0,0,0
303.261,0.9660,0,0,0,0
303.296,0.9660,0,0,0,0
303.327,0.9660,0,0,0,0
303.361,0.9660,0,0,0,0
303.393,0.9660,0,0,0,0
303.427,0.9660,0,0,0,0
303.461,0.9660,0,0,0,0
303.496,0.9660,0,0,0,0
303.520,0.9660,0,0,0,0
303.561,0.9660,0,0,0,0
303.587,0.9660,0,0,0,0
303.629,0.9660,0,0,0,0
303.653,0.9660,0,0,0,0
303.692,0.9660,0,0,0,0
303.728,0.9660,0,0,0,0
303.752,0.9660,0,0,0,0
303.792,0.9659,0,0,0,0
303.826,0.9659,0,0,0,0
303.860,0.9659,0,0,0,0
303.884,0.9659,0,0,0,0
303.927,0.9659,0,0,0,0
303.958,0.9659,0,0,0,0
303.993,0.9659,0,0,0,0
304.025,0.9659,0,0,0,0
304.060,0.9659,0,0,0,0
304.092,0.9659,0,0,0,0
304.126,0.9659,0,0,0,0
304.151,0.9659,0,0,0,0
304.195,0.9659,0,0,0,0
304.219,0.9659,0,0,0,0
304.260,0.9659,0,0,0,0
304.293,0.9659,0,0,0,0
304.325,0.9659,0,0,0,0
304.359,0.9659,0,0,0,0
304.394,0.9659,0,0,0,0
304.428,0.9659,0,0,0,0
304.458,0.9659,0,0,0,0
304.492,0.9659,0,0,0,0
304.518,0.9659,0,0,0,0
304.568,0.9659,0,0,0,0
304.603,0.9659,0,0,0,0
304.623,0.9659,0,0,0,0
304.659,0.9659,0,0,0,0
304.693,0.9659,0,0,0,0
304.725,0.9659,0,0,0,0
304.759,0.9659,0,0,0,0
304.791,0.9659,0,0,0,0
304.822,0.9659,0,0,0,0
304.859,0.9659,0,0,0,0
304.893,0.9659,0,0,0,0
304.927,0.9659,0,0,0,0
304.958,0.9659,0,0,0,0
304.983,0.9659,0,0,0,0
305.026,0.9659,0,0,0,0
305.058,0.9659,0,0,0,0
305.093,0.9659,0,0,0,0
305.127,0.9659,0,0,0,0
305.159,0.9659,0,0,0,0
305.195,0.9659,0,0,0,0
305.223,0.9659,0,0,0,0
305.256,0.9659,0,0,0,0
305.291,0.9659,0,0,0,0
305.325,0.9659,0,0,0,0
305.360,0.9659,0,0,0,0
305.393,0.9659,0,0,0,0
305.426,0.9659,0,0,0,0
305.461,0.9659,0,0,0,0
305.494,0.9659,0,0,0,0
305.527,0.9659,0,0,0,0
305.560,0.9659,0,0,0,0
305.590,0.9659,0,0,0,0
305.626,0.9659,0,0,0,0
305.656,0.9659,0,0,0,0
305.687,0.9659,0,0,0,0
305.716,0.9659,0,0,0,0
305.761,0.9659,0,0,0,0
305.792,0.9659,0,0,0,0
305.824,0.9659,0,0,0,0
305.860,0.9659,0,0,0,0
305.894,0.9659,0,0,0,0
305.927,0.9659,0,0,0,0
305.959,0.9659,0,0,0,0
305.994,0.9659,0,0,0,0
306.028,0.9659,0,0,0,0
306.059,0.9659,0,0,0,0
306.094,0.9659,0,0,0,0
306.127,0.9659,0,0,0,0
306.162,0.9659,0,0,0,0
306.194,0.9659,0,0,0,0
306.227,0.9659,0,0,0,0
306.265,0.9659,0,0,0,0
306.287,0.9659,0,0,0,0
306.333,0.9659,0,0,0,0
306.356,0.9659,0,0,0,0
306.395,0.9659,0,0,0,0
306.419,0.9659,0,0,0,0
306.462,0.9659,0,0,0,0
306.485,0.9659,0,0,0,0
306.530,0.9659,0,0,0,0
306.564,0.9659,0,0,0,0
306.596,0.9659,0,0,0,0
306.627,0.9659,0,0,0,0
306.660,0.9659,0,0,0,0
306.696,0.9659,0,0,0,0
306.728,0.9659,0,0,0,0
306.760,0.9659,0,0,0,0
306.796,0.9659,0,0,0,0
306.826,0.9659,0,0,0,0
306.863,0.9659,0,0,0,0
306.886,0.9659,0,0,0,0
306.934,0.9659,0,0,0,0
306.958,0.9659,0,0,0,0
306.989,0.9659,0,0,0,0
307.026,0.9659,0,0,0,0
307.062,0.9659,0,0,0,0
307.095,0.9659,0,0,0,0
307.128,0.9659,0,0,0,0
307.164,0.9659,0,0,0,0
307.195,0.9659,0,0,0,0
307.224,0.9659,0,0,0,0
307.264,0.9659,0,0,0,0
307.289,0.9659,0,0,0,0
307.326,0.9659,0,0,0,0
307.360,0.9659,0,0,0,0
307.393,0.9659,0,0,0,0
307.429,0.9659,0,0,0,0
307.462,0.9659,0,0,0,0
307.496,0.9659,0,0,0,0
307.519,0.9659,0,0,0,0
307.560,0.9659,0,0,0,0
307.598,0.9659,0,0,0,0
307.630,0.9659,0,0,0,0
307.662,0.9659,0,0,0,0
307.696,0.9659,0,0,0,0
307.730,0.9659,0,0,0,0
307.774,0.9659,0,0,0,0
307.800,0.9659,0,0,0,0
307.838,0.9659,0,0,0,0
307.874,0.9659,0,0,0,0
307.896,0.9659,0,0,0,0
307.940,0.9659,0,0,0,0
307.970,0.9659,0,0,0,0
308.004,0.9659,0,0,0,0
308.038,0.9659,0,0,0,0
308.073,0.9659,0,0,0,0
308.096,0.9659,0,0,0,0
308.141,0.9659,0,0,0,0
308.171,0.9659,0,0,0,0
308.207,0.9659,0,0,0,0
308.239,0.9659,0,0,0,0
308.272,0.9659,0,0,0,0
308.304,0.9659,0,0,0,0
308.489,0.9659,0,0,0,0
308.522,0.9659,0,0,0,0
308.532,0.9659,0,0,0,0
308.537,0.9659,0,0,0,0
308.549,0.9659,0,0,0,0
308.583,0.9659,0,0,0,0
308.618,0.9659,0,0,0,0
308.650,0.9659,0,0,0,0
308.686,0.9659,0,0,0,0
308.718,0.9659,0,0,0,0
308.749,0.9659,0,0,0,0
308.787,0.9659,0,0,0,0
308.820,0.9659,0,0,0,0
308.856,0.9659,0,0,0,0
308.888,0.9659,0,0,0,0
308.918,0.9659,0,0,0,0
308.949,0.9659,0,0,0,0
308.984,0.9659,0,0,0,0
309.190,0.9659,0,0,0,0
309.243,0.9659,0,0,0,0
309.261,0.9659,0,0,0,0
309.269,0.9659,0,0,0,0
309.273,0.9659,0,0,0,0
309.296,0.9659,0,0,0,0
309.328,0.9659,0,0,0,0
309.362,0.9659,0,0,0,0
309.395,0.9659,0,0,0,0
309.431,0.9659,0,0,0,0
309.464,0.9659,0,0,0,0
309.496,0.9659,0,0,0,0
309.530,0.9659,0,0,0,0
309.562,0.9659,0,0,0,0
309.605,0.9659,0,0,0,0
309.629,0.9659,0,0,0,0
309.663,0.9659,0,0,0,0
309.691,0.9659,0,0,0,0
309.722,0.9659,0,0,0,0
309.759,0.9659,0,0,0,0
309.804,0.9659,0,0,0,0
309.828,0.9659,0,0,0,0
309.866,0.9659,0,0,0,0
309.895,0.9659,0,0,0,0
309.935,0.9659,0,0,0,0
309.960,0.9659,0,0,0,0
309.993,0.9659,0,0,0,0
310.029,0.9659,0,0,0,0
310.063,0.9659,0,0,0,0
310.098,0.9659,0,0,0,0
310.127,0.9659,0,0,0,0
310.165,0.9659,0,0,0,0
310.197,0.9659,0,0,0,0
310.229,0.9659,0,0,0,0
310.260,0.9659,0,0,0,0
310.295,0.9659,0,0,0,0
310.333,0.9659,0,0,0,0
310.363,0.9659,0,0,0,0
310.391,0.9659,0,0,0,0
310.426,0.9659,0,0,0,0
310.464,0.9659,0,0,0,0
310.497,0.9659,0,0,0,0
310.527,0.9659,0,0,0,0
310.560,0.9659,0,0,0,0
310.593,0.9659,0,0,0,0
310.632,0.9659,0,0,0,0
310.665,0.9659,0,0,0,0
310.700,0.9659,0,0,0,0
310.731,0.9659,0,0,0,0
310.762,0.9659,0,0,0,0
310.796,0.9659,0,0,0,0
310.829,0.9659,0,0,0,0
310.867,0.9659,0,0,0,0
310.897,0.9659,0,0,0,0
310.931,0.9659,0,0,0,0
310.961,0.9659,0,0,0,0
311.000,0.9658,0,0,0,0
311.029,0.9658,0,0,0,0
311.062,0.9658,0,0,0,0
311.097,0.9658,0,0,0,0
311.130,0.9658,0,0,0,0
311.155,0.9658,0,0,0,0
311.191,0.9658,0,0,0,0
311.224,0.9658,0,0,0,0
311.260,0.9658,0,0,0,0
311.297,0.9658,0,0,0,0
311.327,0.9658,0,0,0,0
311.361,0.9658,0,0,0,0
311.399,0.9658,0,0,0,0
311.430,0.9658,0,0,0,0
311.461,0.9658,0,0,0,0
311.498,0.9658,0,0,0,0
311.530,0.9658,0,0,0,0
311.564,0.9658,0,0,0,0
311.598,0.9658,0,0,0,0
311.630,0.9658,0,0,0,0
311.663,0.9658,0,0,0,0
311.696,0.9658,0,0,0,0
311.729,0.9658,0,0,0,0
311.763,0.9658,0,0,0,0
311.797,0.9658,0,0,0,0
311.827,0.9658,0,0,0,0
311.861,0.9658,0,0,0,0
311.895,0.9658,0,0,0,0
311.929,0.9658,0,0,0,0
311.964,0.9658,0,0,0,0
311.993,0.9658,0,0,0,0
312.032,0.9658,0,0,0,0
312.065,0.9658,0,0,0,0
312.097,0.9658,0,0,0,0
312.128,0.9658,0,0,0,0
312.158,0.9658,0,0,0,0
312.195,0.9658,0,0,0,0
312.230,0.9658,0,0,0,0
312.262,0.9658,0,0,0,0
312.298,0.9658,0,0,0,0
312.329,0.9658,0,0,0,0
312.362,0.9658,0,0,0,0
312.385,0.9658,0,0,0,0
312.425,0.9658,0,0,0,0
312.460,0.9658,0,0,0,0
312.493,0.9658,0,0,0,0
312.530,0.9658,0,0,0,0
312.561,0.9658,0,0,0,0
312.594,0.9658,0,0,0,0
312.631,0.9658,0,0,0,0
312.665,0.9658,0,0,0,0
312.696,0.9658,0,0,0,0
312.731,0.9658,0,0,0,0
312.765,0.9658,0,0,0,0
312.789,0.9658,0,0,0,0
312.833,0.9658,0,0,0,0
312.854,0.9658,0,0,0,0
312.893,0.9658,0,0,0,0
312.929,0.9658,0,0,0,0
312.953,0.9658,0,0,0,0
312.992,0.9658,0,0,0,0
313.029,0.9658,0,0,0,0
313.064,0.9658,0,0,0,0
313.098,0.9658,0,0,0,0
313.129,0.9658,0,0,0,0
313.162,0.9658,0,0,0,0
313.197,0.9658,0,0,0,0
313.228,0.9658,0,0,0,0
313.263,0.9658,0,0,0,0
313.296,0.9658,0,0,0,0
313.334,0.9658,0,0,0,0
313.356,0.9658,0,0,0,0
313.395,0.9658,0,0,0,0
313.431,0.9658,0,0,0,0
313.453,0.9658,0,0,0,0
313.496,0.9658,0,0,0,0
313.533,0.9658,0,0,0,0
313.561,0.9658,0,0,0,0
313.595,0.9658,0,0,0,0
313.630,0.9658,0,0,0,0
313.660,0.9658,0,0,0,0
313.699,0.9658,0,0,0,0
313.729,0.9658,0,0,0,0
313.763,0.9658,0,0,0,0
313.798,0.9658,0,0,0,0
313.831,0.9658,0,0,0,0
313.859,0.9658,0,0,0,0
313.898,0.9658,0,0,0,0
313.921,0.9658,0,0,0,0
313.966,0.9658,0,0,0,0
313.993,0.9658,0,0,0,0
314.033,0.9658,0,0,0,0
314.056,0.9658,0,0,0,0
314.099,0.9658,0,0,0,0
314.120,0.9658,0,0,0,0
314.163,0.9658,0,0,0,0
314.198,0.9658,0,0,0,0
314.229,0.9658,0,0,0,0
314.265,0.9658,0,0,0,0
314.287,0.9658,0,0,0,0
314.327,0.9658,0,0,0,0
314.368,0.9658,0,0,0,0
314.388,0.9658,0,0,0,0
314.426,0.9658,0,0,0,0
314.451,0.9658,0,0,0,0
314.495,0.9658,0,0,0,0
314.531,0.9658,0,0,0,0
314.560,0.9658,0,0,0,0
314.595,0.9658,0,0,0,0
314.631,0.9658,0,0,0,0
314.661,0.9658,0,0,0,0
314.695,0.9658,0,0,0,0
314.729,0.9658,0,0,0,0
314.762,0.9658,0,0,0,0
314.798,0.9658,0,0,0,0
314.830,0.9658,0,0,0,0
314.860,0.9658,0,0,0,0
314.898,0.9658,0,0,0,0
314.928,0.9658,0,0,0,0
314.962,0.9658,0,0,0,0
314.998,0.9658,0,0,0,0
315.028,0.9658,0,0,0,0
315.062,0.9658,0,0,0,0
315.095,0.9658,0,0,0,0
315.130,0.9658,0,0,0,0
315.161,0.9658,0,0,0,0
315.196,0.9658,0,0,0,0
315.228,0.9658,0,0,0,0
315.264,0.9658,0,0,0,0
315.294,0.9658,0,0,0,0
315.331,0.9658,0,0,0,0
315.361,0.9658,0,0,0,0
315.398,0.9658,0,0,0,0
315.429,0.9658,0,0,0,0
315.464,0.9658,0,0,0,0
315.496,0.9658,0,0,0,0
315.530,0.9658,0,0,0,0
315.562,0.9658,0,0,0,0
315.597,0.9658,0,0,0,0
315.627,0.9658,0,0,0,0
315.664,0.9658,0,0,0,0
315.695,0.9658,0,0,0,0
315.731,0.9658,0,0,0,0
315.756,0.9658,0,0,0,0
315.805,0.9658,0,0,0,0
315.828,0.9658,0,0,0,0
315.863,0.9658,0,0,0,0
315.897,0.9658,0,0,0,0
315.928,0.9658,0,0,0,0
315.960,0.9658,0,0,0,0
315.996,0.9658,0,0,0,0
316.028,0.9658,0,0,0,0
316.064,0.9658,0,0,0,0
316.094,0.9658,0,0,0,0
316.129,0.9658,0,0,0,0
316.155,0.9658,0,0,0,0
316.197,0.9658,0,0,0,0
316.226,0.9658,0,0,0,0
316.261,0.9658,0,0,0,0
316.297,0.9658,0,0,0,0
316.330,0.9658,0,0,0,0
316.365,0.9658,0,0,0,0
316.396,0.9658,0,0,0,0
316.428,0.9658,0,0,0,0
316.462,0.9658,0,0,0,0
316.494,0.9658,0,0,0,0
316.527,0.9658,0,0,0,0
316.562,0.9658,0,0,0,0
316.597,0.9658,0,0,0,0
316.628,0.9658,0,0,0,0
316.661,0.9658,0,0,0,0
316.698,0.9658,0,0,0,0
316.727,0.9658,0,0,0,0
316.765,0.9658,0,0,0,0
316.787,0.9658,0,0,0,0
316.827,0.9658,0,0,0,0
316.859,0.9658,0,0,0,0
316.898,0.9658,0,0,0,0
316.931,0.9658,0,0,0,0
316.956,0.9658,0,0,0,0
316.994,0.9658,0,0,0,0
317.027,0.9658,0,0,0,0
317.063,0.9658,0,0,0,0
317.097,0.9658,0,0,0,0
317.131,0.9658,0,0,0,0
317.165,0.9658,0,0,0,0
317.187,0.9658,0,0,0,0
317.230,0.9658,0,0,0,0
317.252,0.9658,0,0,0,0
317.293,0.9658,0,0,0,0
317.332,0.9658,0,0,0,0
317.362,0.9658,0,0,0,0
317.394,0.9658,0,0,0,0
317.427,0.9658,0,0,0,0
317.463,0.9658,0,0,0,0
317.496,0.9658,0,0,0,0
317.529,0.9658,0,0,0,0
317.564,0.9658,0,0,0,0
317.597,0.9658,0,0,0,0
317.627,0.9658,0,0,0,0
317.665,0.9658,0,0,0,0
317.695,0.9658,0,0,0,0
317.730,0.9658,0,0,0,0
317.763,0.9658,0,0,0,0
317.796,0.9658,0,0,0,0
317.831,0.9658,0,0,0,0
317.853,0.9658,0,0,0,0
317.899,0.9658,0,0,0,0
317.921,0.9658,0,0,0,0
317.964,0.9658,0,0,0,0
317.997,0.9658,0,0,0,0
318.028,0.9658,0,0,0,0
318.062,0.9658,0,0,0,0
318.098,0.9658,0,0,0,0
318.131,0.9658,0,0,0,0
318.161,0.9658,0,0,0,0
318.197,0.9658,0,0,0,0
318.230,0.9658,0,0,0,0
318.254,0.9658,0,0,0,0
318.299,0.9658,0,0,0,0
318.320,0.9658,0,0,0,0
318.366,0.9658,0,0,0,0
318.387,0.9658,0,0,0,0
318.427,0.9658,0,0,0,0
318.463,0.9658,0,0,0,0
318.497,0.9658,0,0,0,0
318.531,0.9658,0,0,0,0
318.566,0.9658,0,0,0,0
318.590,0.9657,0,0,0,0
318.631,0.9657,0,0,0,0
318.658,0.9657,0,0,0,0
318.697,0.9657,0,0,0,0
318.719,0.9657,0,0,0,0
318.761,0.9657,0,0,0,0
318.797,0.9657,0,0,0,0
318.831,0.9657,0,0,0,0
318.865,0.9657,0,0,0,0
318.897,0.9657,0,0,0,0
318.931,0.9657,0,0,0,0
318.954,0.9657,0,0,0,0
318.995,0.9657,0,0,0,0
319.030,0.9657,0,0,0,0
319.061,0.9657,0,0,0,0
319.097,0.9657,0,0,0,0
319.131,0.9657,0,0,0,0
319.165,0.9657,0,0,0,0
319.196,0.9657,0,0,0,0
319.228,0.9657,0,0,0,0
319.262,0.9657,0,0,0,0
319.296,0.9657,0,0,0,0
319.327,0.9657,0,0,0,0
319.361,0.9657,0,0,0,0
319.394,0.9657,0,0,0,0
319.431,0.9657,0,0,0,0
319.453,0.9657,0,0,0,0
319.493,0.9657,0,0,0,0
319.527,0.9657,0,0,0,0
319.565,0.9657,0,0,0,0
319.587,0.9657,0,0,0,0
319.631,0.9657,0,0,0,0
319.664,0.9657,0,0,0,0
319.698,0.9657,0,0,0,0
319.727,0.9657,0,0,0,0
319.766,0.9657,0,0,0,0
319.801,0.9657,0,0,0,0
319.834,0.9657,0,0,0,0
319.867,0.9657,0,0,0,0
319.900,0.9657,0,0,0,0
319.934,0.9657,0,0,0,0
319.967,0.9657,0,0,0,0
320.000,0.9657,0,0,0,0
320.033,0.9657,0,0,0,0
320.066,0.9657,0,0,0,0
320.104,0.9657,0,0,0,0
320.134,0.9657,0,0,0,0
320.170,0.9657,0,0,0,0
320.206,0.9657,0,0,0,0
320.234,0.9657,0,0,0,0
320.265,0.9657,0,0,0,0
320.303,0.9657,0,0,0,0
320.335,0.9657,0,0,0,0
320.367,0.9657,0,0,0,0
320.403,0.9657,0,0,0,0
320.435,0.9657,0,0,0,0
320.470,0.9657,0,0,0,0
320.500,0.9657,0,0,0,0
320.536,0.9657,0,0,0,0
320.570,0.9657,0,0,0,0
320.598,0.9657,0,0,0,0
320.638,0.9657,0,0,0,0
320.670,0.9657,0,0,0,0
320.701,0.9657,0,0,0,0
320.732,0.9657,0,0,0,0
320.767,0.9657,0,0,0,0
320.802,0.9657,0,0,0,0
320.836,0.9657,0,0,0,0
320.866,0.9657,0,0,0,0
320.906,0.9657,0,0,0,0
320.933,0.9657,0,0,0,0
320.967,0.9657,0,0,0,0
321.002,0.9657,0,0,0,0
321.037,0.9657,0,0,0,0
321.069,0.9657,0,0,0,0
321.101,0.9657,0,0,0,0
321.134,0.9657,0,0,0,0
321.170,0.9657,0,0,0,0
321.201,0.9657,0,0,0,0
321.232,0.9657,0,0,0,0
321.272,0.9657,0,0,0,0
321.299,0.9657,0,0,0,0
321.333,0.9657,0,0,0,0
321.370,0.9657,0,0,0,0
321.401,0.9657,0,0,0,0
321.434,0.9657,0,0,0,0
321.469,0.9657,0,0,0,0
321.501,0.9657,0,0,0,0
321.534,0.9657,0,0,0,0
321.573,0.9657,0,0,0,0
321.592,0.9657,0,0,0,0
321.636,0.9657,0,0,0,0
321.668,0.9657,0,0,0,0
321.701,0.9657,0,0,0,0
321.724,0.9657,0,0,0,0
321.770,0.9657,0,0,0,0
321.800,0.9657,0,0,0,0
321.834,0.9657,0,0,0,0
321.866,0.9657,0,0,0,0
321.901,0.9657,0,0,0,0
321.935,0.9657,0,0,0,0
321.969,0.9657,0,0,0,0
322.002,0.9657,0,0,0,0
322.036,0.9657,0,0,0,0
322.067,0.9657,0,0,0,0
322.100,0.9657,0,0,0,0
322.135,0.9657,0,0,0,0
322.170,0.9657,0,0,0,0
322.199,0.9657,0,0,0,0
322.233,0.9657,0,0,0,0
322.269,0.9657,0,0,0,0
322.298,0.9657,0,0,0,0
322.334,0.9657,0,0,0,0
322.370,0.9657,0,0,0,0
322.404,0.9657,0,0,0,0
322.438,0.9657,0,0,0,0
322.465,0.9657,0,0,0,0
322.503,0.9657,0,0,0,0
322.533,0.9657,0,0,0,0
322.569,0.9657,0,0,0,0
322.601,0.9657,0,0,0,0
322.634,0.9657,0,0,0,0
322.669,0.9657,0,0,0,0
322.702,0.9657,0,0,0,0
322.736,0.9657,0,0,0,0
322.767,0.9657,0,0,0,0
322.801,0.9657,0,0,0,0
322.836,0.9657,0,0,0,0
322.869,0.9657,0,0,0,0
322.903,0.9657,0,0,0,0
322.937,0.9657,0,0,0,0
322.966,0.9657,0,0,0,0
323.002,0.9657,0,0,0,0
323.033,0.9657,0,0,0,0
323.066,0.9657,0,0,0,0
323.103,0.9657,0,0,0,0
323.135,0.9657,0,0,0,0
323.169,0.9657,0,0,0,0
323.199,0.9657,0,0,0,0
323.237,0.9657,0,0,0,0
323.270,0.9657,0,0,0,0
323.302,0.9657,0,0,0,0
323.335,0.9657,0,0,0,0
323.368,0.9657,0,0,0,0
323.402,0.9657,0,0,0,0
323.435,0.9657,0,0,0,0
323.467,0.9657,0,0,0,0
323.500,0.9657,0,0,0,0
323.532,0.9657,0,0,0,0
323.565,0.9657,0,0,0,0
323.602,0.9657,0,0,0,0
323.634,0.9657,0,0,0,0
323.668,0.9657,0,0,0,0
323.700,0.9657,0,0,0,0
323.732,0.9657,0,0,0,0
323.767,0.9657,0,0,0,0
323.799,0.9657,0,0,0,0
323.837,0.9657,0,0,0,0
323.870,0.9657,0,0,0,0
323.902,0.9657,0,0,0,0
323.926,0.9657,0,0,0,0
323.966,0.9657,0,0,0,0
324.000,0.9657,0,0,0,0
324.036,0.9657,0,0,0,0
324.069,0.9657,0,0,0,0
324.103,0.9657,0,0,0,0
324.132,0.9657,0,0,0,0
324.166,0.9657,0,0,0,0
324.201,0.9657,0,0,0,0
324.236,0.9657,0,0,0,0
324.269,0.9657,0,0,0,0
324.300,0.9657,0,0,0,0
324.338,0.9657,0,0,0,0
324.367,0.9657,0,0,0,0
324.400,0.9657,0,0,0,0
324.435,0.9657,0,0,0,0
324.466,0.9657,0,0,0,0
324.501,0.9657,0,0,0,0
324.533,0.9657,0,0,0,0
324.570,0.9657,0,0,0,0
324.600,0.9657,0,0,0,0
324.634,0.9657,0,0,0,0
324.669,0.9657,0,0,0,0
324.702,0.9657,0,0,0,0
324.736,0.9657,0,0,0,0
324.768,0.9657,0,0,0,0
324.800,0.9657,0,0,0,0
324.834,0.9657,0,0,0,0
324.869,0.9657,0,0,0,0
324.903,0.9657,0,0,0,0
324.932,0.9657,0,0,0,0
324.968,0.9657,0,0,0,0
325.002,0.9657,0,0,0,0
325.035,0.9657,0,0,0,0
325.069,0.9657,0,0,0,0
325.100,0.9657,0,0,0,0
325.134,0.9657,0,0,0,0
325.167,0.9657,0,0,0,0
325.198,0.9657,0,0,0,0
325.233,0.9657,0,0,0,0
325.267,0.9657,0,0,0,0
325.302,0.9657,0,0,0,0
325.337,0.9657,0,0,0,0
325.366,0.9657,0,0,0,0
325.399,0.9657,0,0,0,0
325.433,0.9657,0,0,0,0
325.468,0.9657,0,0,0,0
325.500,0.9657,0,0,0,0
325.564,0.9657,0,0,0,0
325.602,0.9657,0,0,0,0
325.617,0.9657,0,0,0,0
325.649,0.9657,0,0,0,0
325.680,0.9657,0,0,0,0
325.714,0.9657,0,0,0,0
325.749,0.9657,0,0,0,0
325.780,0.9657,0,0,0,0
325.815,0.9657,0,0,0,0
325.850,0.9657,0,0,0,0
325.881,0.9657,0,0,0,0
325.913,0.9657,0,0,0,0
325.945,0.9657,0,0,0,0
325.978,0.9657,0,0,0,0
326.012,0.9657,0,0,0,0
326.036,0.9657,0,0,0,0
326.088,0.9657,0,0,0,0
326.143,0.9657,0,0,0,0
326.161,0.9657,0,0,0,0
326.204,0.9657,0,0,0,0
326.235,0.9657,0,0,0,0
326.267,0.9657,0,0,0,0
326.302,0.9657,0,0,0,0
326.337,0.9657,0,0,0,0
326.371,0.9657,0,0,0,0
326.401,0.9657,0,0,0,0
326.434,0.9657,0,0,0,0
326.467,0.9657,0,0,0,0
326.500,0.9657,0,0,0,0
326.533,0.9657,0,0,0,0
326.568,0.9657,0,0,0,0
326.602,0.9657,0,0,0,0
326.634,0.9657,0,0,0,0
326.669,0.9657,0,0,0,0
326.704,0.9657,0,0,0,0
326.737,0.9657,0,0,0,0
326.767,0.9657,0,0,0,0
326.803,0.9656,0,0,0,0
326.834,0.9656,0,0,0,0
326.866,0.9656,0,0,0,0
326.900,0.9656,0,0,0,0
326.932,0.9656,0,0,0,0
326.970,0.9656,0,0,0,0
327.001,0.9656,0,0,0,0
327.037,0.9656,0,0,0,0
327.067,0.9656,0,0,0,0
327.100,0.9656,0,0,0,0
327.133,0.9656,0,0,0,0
327.167,0.9656,0,0,0,0
327.201,0.9656,0,0,0,0
327.236,0.9656,0,0,0,0
327.269,0.9656,0,0,0,0
327.304,0.9656,0,0,0,0
327.336,0.9656,0,0,0,0
327.374,0.9656,0,0,0,0
327.405,0.9656,0,0,0,0
327.436,0.9656,0,0,0,0
327.471,0.9656,0,0,0,0
327.500,0.9656,0,0,0,0
327.536,0.9656,0,0,0,0
327.569,0.9656,0,0,0,0
327.604,0.9656,0,0,0,0
327.637,0.9656,0,0,0,0
327.671,0.9656,0,0,0,0
327.700,0.9656,0,0,0,0
327.737,0.9656,0,0,0,0
327.768,0.9656,0,0,0,0
327.803,0.9656,0,0,0,0
327.836,0.9656,0,0,0,0
327.870,0.9656,0,0,0,0
327.905,0.9656,0,0,0,0
327.936,0.9656,0,0,0,0
327.970,0.9656,0,0,0,0
328.002,0.9656,0,0,0,0
328.034,0.9656,0,0,0,0
328.071,0.9656,0,0,0,0
328.104,0.9656,0,0,0,0
328.137,0.9656,0,0,0,0
328.168,0.9656,0,0,0,0
328.201,0.9656,0,0,0,0
328.234,0.9656,0,0,0,0
328.268,0.9656,0,0,0,0
328.303,0.9656,0,0,0,0
328.338,0.9656,0,0,0,0
328.366,0.9656,0,0,0,0
328.403,0.9656,0,0,0,0
328.437,0.9656,0,0,0,0
328.471,0.9656,0,0,0,0
328.501,0.9656,0,0,0,0
328.535,0.9656,0,0,0,0
328.570,0.9656,0,0,0,0
328.775,0.9656,0,0,0,0
328.810,0.9656,0,0,0,0
328.820,0.9656,0,0,0,0
328.828,0.9656,0,0,0,0
328.866,0.9656,0,0,0,0
328.898,0.9656,0,0,0,0
328.932,0.9656,0,0,0,0
328.964,0.9656,0,0,0,0
329.003,0.9656,0,0,0,0
329.033,0.9656,0,0,0,0
329.068,0.9656,0,0,0,0
329.104,0.9656,0,0,0,0
329.130,0.9656,0,0,0,0
329.174,0.9656,0,0,0,0
329.205,0.9656,0,0,0,0
329.234,0.9656,0,0,0,0
329.260,0.9656,0,0,0,0
329.301,0.9656,0,0,0,0
329.340,0.9656,0,0,0,0
329.362,0.9656,0,0,0,0
329.587,0.9656,0,0,0,0
329.643,0.9656,0,0,0,0
329.657,0.9656,0,0,0,0
329.663,0.9656,0,0,0,0
329.722,0.9656,0,0,0,0
329.756,0.9656,0,0,0,0
329.789,0.9656,0,0,0,0
329.823,0.9656,0,0,0,0
329.857,0.9656,0,0,0,0
329.888,0.9656,0,0,0,0
329.921,0.9656,0,0,0,0
329.954,0.9656,0,0,0,0
329.992,0.9656,0,0,0,0
330.023,0.9656,0,0,0,0
330.057,0.9656,0,0,0,0
330.096,0.9656,0,0,0,0
330.122,0.9656,0,0,0,0
330.155,0.9656,0,0,0,0
330.192,0.9656,0,0,0,0
330.249,0.9656,0,0,0,0
330.263,0.9656,0,0,0,0
330.297,0.9656,0,0,0,0
330.331,0.9656,0,0,0,0
330.364,0.9656,0,0,0,0
330.397,0.9656,0,0,0,0
330.430,0.9656,0,0,0,0
330.464,0.9656,0,0,0,0
330.497,0.9656,0,0,0,0
330.531,0.9656,0,0,0,0
330.564,0.9656,0,0,0,0
330.597,0.9656,0,0,0,0
330.631,0.9656,0,0,0,0
330.669,0.9656,0,0,0,0
330.690,0.9656,0,0,0,0
330.722,0.9656,0,0,0,0
330.754,0.9656,0,0,0,0
330.790,0.9656,0,0,0,0
330.825,0.9656,0,0,0,0
330.857,0.9656,0,0,0,0
330.890,0.9656,0,0,0,0
330.926,0.9656,0,0,0,0
331.146,0.9656,0,0,0,0
331.199,0.9656,0,0,0,0
331.220,0.9656,0,0,0,0
331.264,0.9656,0,0,0,0
331.297,0.9656,0,0,0,0
331.329,0.9656,0,0,0,0
331.361,0.9656,0,0,0,0
331.396,0.9656,0,0,0,0
331.430,0.9656,0,0,0,0
331.464,0.9656,0,0,0,0
331.495,0.9656,0,0,0,0
331.527,0.9656,0,0,0,0
331.563,0.9656,0,0,0,0
331.595,0.9656,0,0,0,0
331.631,0.9656,0,0,0,0
331.660,0.9656,0,0,0,0
331.695,0.9656,0,0,0,0
331.735,0.9656,0,0,0,0
331.755,0.9656,0,0,0,0
331.794,0.9656,0,0,0,0
331.830,0.9656,0,0,0,0
331.864,0.9656,0,0,0,0
331.895,0.9656,0,0,0,0
331.927,0.9656,0,0,0,0
331.966,0.9656,0,0,0,0
331.995,0.9656,0,0,0,0
332.030,0.9656,0,0,0,0
332.063,0.9656,0,0,0,0
332.097,0.9656,0,0,0,0
332.129,0.9656,0,0,0,0
332.162,0.9656,0,0,0,0
332.195,0.9656,0,0,0,0
332.229,0.9656,0,0,0,0
332.262,0.9656,0,0,0,0
332.295,0.9656,0,0,0,0
332.331,0.9656,0,0,0,0
332.362,0.9656,0,0,0,0
332.395,0.9656,0,0,0,0
332.432,0.9656,0,0,0,0
332.465,0.9656,0,0,0,0
332.498,0.9656,0,0,0,0
332.528,0.9656,0,0,0,0
332.566,0.9656,0,0,0,0
332.595,0.9656,0,0,0,0
332.626,0.9656,0,0,0,0
332.661,0.9656,0,0,0,0
332.696,0.9656,0,0,0,0
332.729,0.9656,0,0,0,0
332.761,0.9656,0,0,0,0
332.795,0.9656,0,0,0,0
332.832,0.9656,0,0,0,0
332.863,0.9656,0,0,0,0
332.889,0.9656,0,0,0,0
332.933,0.9656,0,0,0,0
332.968,0.9656,0,0,0,0
332.999,0.9656,0,0,0,0
333.036,0.9656,0,0,0,0
333.071,0.9656,0,0,0,0
333.100,0.9656,0,0,0,0
333.132,0.9656,0,0,0,0
333.166,0.9656,0,0,0,0
333.202,0.9656,0,0,0,0
333.236,0.9656,0,0,0,0
333.272,0.9656,0,0,0,0
333.300,0.9656,0,0,0,0
333.337,0.9656,0,0,0,0
333.370,0.9656,0,0,0,0
333.399,0.9656,0,0,0,0
333.436,0.9656,0,0,0,0
333.468,0.9656,0,0,0,0
333.504,0.9656,0,0,0,0
333.533,0.9656,0,0,0,0
333.570,0.9656,0,0,0,0
333.605,0.9656,0,0,0,0
333.634,0.9656,0,0,0,0
333.673,0.9656,0,0,0,0
333.695,0.9656,0,0,0,0
333.734,0.9656,0,0,0,0
333.767,0.9656,0,0,0,0
333.801,0.9656,0,0,0,0
333.833,0.9656,0,0,0,0
333.866,0.9656,0,0,0,0
333.901,0.9656,0,0,0,0
333.936,0.9656,0,0,0,0
333.965,0.9656,0,0,0,0
334.000,0.9656,0,0,0,0
334.029,0.9656,0,0,0,0
334.065,0.9656,0,0,0,0
334.099,0.9656,0,0,0,0
334.131,0.9656,0,0,0,0
334.165,0.9656,0,0,0,0
334.199,0.9656,0,0,0,0
334.235,0.9656,0,0,0,0
334.266,0.9656,0,0,0,0
334.301,0.9656,0,0,0,0
334.334,0.9656,0,0,0,0
334.369,0.9656,0,0,0,0
334.401,0.9656,0,0,0,0
334.432,0.9656,0,0,0,0
334.467,0.9656,0,0,0,0
334.503,0.9656,0,0,0,0
334.527,0.9656,0,0,0,0
334.566,0.9656,0,0,0,0
334.730,0.9656,0,0,0,0
334.762,0.9656,0,0,0,0
334.772,0.9656,0,0,0,0
334.805,0.9656,0,0,0,0
334.841,0.9656,0,0,0,0
334.875,0.9656,0,0,0,0
334.906,0.9656,0,0,0,0
334.942,0.9656,0,0,0,0
334.973,0.9656,0,0,0,0
335.006,0.9656,0,0,0,0
335.038,0.9656,0,0,0,0
335.073,0.9656,0,0,0,0
335.106,0.9656,0,0,0,0
335.137,0.9656,0,0,0,0
335.178,0.9656,0,0,0,0
335.388,0.9656,0,0,0,0
335.443,0.9656,0,0,0,0
335.458,0.9656,0,0,0,0
335.464,0.9656,0,0,0,0
335.505,0.9656,0,0,0,0
335.540,0.9656,0,0,0,0
335.572,0.9656,0,0,0,0
335.604,0.9656,0,0,0,0
335.637,0.9656,0,0,0,0
335.671,0.9656,0,0,0,0
335.708,0.9655,0,0,0,0
335.737,0.9655,0,0,0,0
335.772,0.9655,0,0,0,0
335.805,0.9655,0,0,0,0
335.837,0.9655,0,0,0,0
335.870,0.9655,0,0,0,0
335.906,0.9655,0,0,0,0
335.941,0.9655,0,0,0,0
335.975,0.9655,0,0,0,0
336.003,0.9655,0,0,0,0
336.041,0.9655,0,0,0,0
336.070,0.9655,0,0,0,0
336.104,0.9655,0,0,0,0
336.141,0.9655,0,0,0,0
336.174,0.9655,0,0,0,0
336.205,0.9655,0,0,0,0
336.237,0.9655,0,0,0,0
336.272,0.9655,0,0,0,0
336.304,0.9655,0,0,0,0
336.340,0.9655,0,0,0,0
336.371,0.9655,0,0,0,0
336.406,0.9655,0,0,0,0
336.439,0.9655,0,0,0,0
336.470,0.9655,0,0,0,0
336.507,0.9655,0,0,0,0
336.540,0.9655,0,0,0,0
336.575,0.9655,0,0,0,0
336.599,0.9655,0,0,0,0
336.641,0.9655,0,0,0,0
336.670,0.9655,0,0,0,0
336.705,0.9655,0,0,0,0
336.739,0.9655,0,0,0,0
336.771,0.9655,0,0,0,0
336.807,0.9655,0,0,0,0
336.839,0.9655,0,0,0,0
336.871,0.9655,0,0,0,0
336.903,0.9655,0,0,0,0
336.939,0.9655,0,0,0,0
336.975,0.9655,0,0,0,0
337.005,0.9655,0,0,0,0
337.038,0.9655,0,0,0,0
337.074,0.9655,0,0,0,0
337.106,0.9655,0,0,0,0
337.141,0.9655,0,0,0,0
337.171,0.9655,0,0,0,0
337.206,0.9655,0,0,0,0
337.240,0.9655,0,0,0,0
337.273,0.9655,0,0,0,0
337.307,0.9655,0,0,0,0
337.340,0.9655,0,0,0,0
337.371,0.9655,0,0,0,0
337.404,0.9655,0,0,0,0
337.440,0.9655,0,0,0,0
337.473,0.9655,0,0,0,0
337.507,0.9655,0,0,0,0
337.538,0.9655,0,0,0,0
337.574,0.9655,0,0,0,0
337.604,0.9655,0,0,0,0
337.638,0.9655,0,0,0,0
337.673,0.9655,0,0,0,0
337.705,0.9655,0,0,0,0
337.738,0.9655,0,0,0,0
337.771,0.9655,0,0,0,0
337.809,0.9655,0,0,0,0
337.838,0.9655,0,0,0,0
337.871,0.9655,0,0,0,0
337.904,0.9655,0,0,0,0
337.940,0.9655,0,0,0,0
337.974,0.9655,0,0,0,0
338.004,0.9655,0,0,0,0
338.041,0.9655,0,0,0,0
338.071,0.9655,0,0,0,0
338.104,0.9655,0,0,0,0
338.140,0.9655,0,0,0,0
338.174,0.9655,0,0,0,0
338.198,0.9655,0,0,0,0
338.237,0.9655,0,0,0,0
338.273,0.9655,0,0,0,0
338.304,0.9655,0,0,0,0
338.341,0.9655,0,0,0,0
338.372,0.9655,0,0,0,0
338.405,0.9655,0,0,0,0
338.441,0.9655,0,0,0,0
338.472,0.9655,0,0,0,0
338.506,0.9655,0,0,0,0
338.538,0.9655,0,0,0,0
338.572,0.9655,0,0,0,0
338.605,0.9655,0,0,0,0
338.640,0.9655,0,0,0,0
338.672,0.9655,0,0,0,0
338.703,0.9655,0,0,0,0
338.741,0.9655,0,0,0,0
338.773,0.9655,0,0,0,0
338.804,0.9655,0,0,0,0
338.840,0.9655,0,0,0,0
338.874,0.9655,0,0,0,0
338.904,0.9655,0,0,0,0
338.937,0.9655,0,0,0,0
338.972,0.9655,0,0,0,0
339.004,0.9655,0,0,0,0
339.040,0.9655,0,0,0,0
339.071,0.9655,0,0,0,0
339.106,0.9655,0,0,0,0
339.137,0.9655,0,0,0,0
339.170,0.9655,0,0,0,0
339.205,0.9655,0,0,0,0
339.240,0.9655,0,0,0,0
339.274,0.9655,0,0,0,0
339.303,0.9655,0,0,0,0
339.341,0.9655,0,0,0,0
339.372,0.9655,0,0,0,0
339.405,0.9655,0,0,0,0
339.440,0.9655,0,0,0,0
339.472,0.9655,0,0,0,0
339.507,0.9655,0,0,0,0
339.540,0.9655,0,0,0,0
339.574,0.9655,0,0,0,0
339.606,0.9655,0,0,0,0
339.641,0.9655,0,0,0,0
339.674,0.9655,0,0,0,0
339.704,0.9655,0,0,0,0
339.738,0.9655,0,0,0,0
339.770,0.9655,0,0,0,0
339.803,0.9655,0,0,0,0
339.839,0.9655,0,0,0,0
339.874,0.9655,0,0,0,0
339.904,0.9655,0,0,0,0
339.941,0.9655,0,0,0,0
339.971,0.9655,0,0,0,0
340.006,0.9655,0,0,0,0
340.039,0.9655,0,0,0,0
340.071,0.9655,0,0,0,0
340.105,0.9655,0,0,0,0
340.140,0.9655,0,0,0,0
340.172,0.9655,0,0,0,0
340.206,0.9655,0,0,0,0
340.240,0.9655,0,0,0,0
340.272,0.9655,0,0,0,0
340.303,0.9655,0,0,0,0
340.340,0.9655,0,0,0,0
340.373,0.9655,0,0,0,0
340.408,0.9655,0,0,0,0
340.439,0.9655,0,0,0,0
340.472,0.9655,0,0,0,0
340.504,0.9655,0,0,0,0
340.538,0.9655,0,0,0,0
340.571,0.9655,0,0,0,0
340.606,0.9655,0,0,0,0
340.639,0.9655,0,0,0,0
340.670,0.9655,0,0,0,0
340.702,0.9655,0,0,0,0
340.744,0.9655,0,0,0,0
340.771,0.9655,0,0,0,0
340.804,0.9655,0,0,0,0
340.840,0.9655,0,0,0,0
340.874,0.9655,0,0,0,0
340.903,0.9655,0,0,0,0
340.940,0.9655,0,0,0,0
340.973,0.9655,0,0,0,0
341.007,0.9655,0,0,0,0
341.039,0.9655,0,0,0,0
341.074,0.9655,0,0,0,0
341.107,0.9655,0,0,0,0
341.139,0.9655,0,0,0,0
341.170,0.9655,0,0,0,0
341.205,0.9655,0,0,0,0
341.239,0.9655,0,0,0,0
341.274,0.9655,0,0,0,0
341.306,0.9655,0,0,0,0
341.338,0.9655,0,0,0,0
341.374,0.9655,0,0,0,0
341.406,0.9655,0,0,0,0
341.439,0.9655,0,0,0,0
341.473,0.9655,0,0,0,0
341.507,0.9655,0,0,0,0
341.537,0.9655,0,0,0,0
341.572,0.9655,0,0,0,0
341.608,0.9655,0,0,0,0
341.640,0.9655,0,0,0,0
341.674,0.9655,0,0,0,0
341.705,0.9655,0,0,0,0
341.737,0.9655,0,0,0,0
341.771,0.9655,0,0,0,0
341.807,0.9655,0,0,0,0
341.838,0.9655,0,0,0,0
341.874,0.9655,0,0,0,0
341.906,0.9655,0,0,0,0
341.941,0.9655,0,0,0,0
341.972,0.9655,0,0,0,0
342.007,0.9655,0,0,0,0
342.041,0.9655,0,0,0,0
342.072,0.9655,0,0,0,0
342.105,0.9655,0,0,0,0
342.137,0.9655,0,0,0,0
342.175,0.9655,0,0,0,0
342.208,0.9655,0,0,0,0
342.240,0.9655,0,0,0,0
342.274,0.9655,0,0,0,0
342.307,0.9655,0,0,0,0
342.337,0.9655,0,0,0,0
342.373,0.9655,0,0,0,0
342.405,0.9655,0,0,0,0
342.440,0.9655,0,0,0,0
342.471,0.9655,0,0,0,0
342.505,0.9655,0,0,0,0
342.538,0.9655,0,0,0,0
342.574,0.9655,0,0,0,0
342.604,0.9655,0,0,0,0
342.639,0.9655,0,0,0,0
342.673,0.9655,0,0,0,0
342.705,0.9655,0,0,0,0
342.740,0.9655,0,0,0,0
342.771,0.9655,0,0,0,0
342.807,0.9655,0,0,0,0
342.839,0.9655,0,0,0,0
342.872,0.9655,0,0,0,0
342.905,0.9655,0,0,0,0
342.938,0.9655,0,0,0,0
342.975,0.9655,0,0,0,0
343.003,0.9655,0,0,0,0
343.041,0.9655,0,0,0,0
343.071,0.9655,0,0,0,0
343.108,0.9655,0,0,0,0
343.137,0.9655,0,0,0,0
343.170,0.9655,0,0,0,0
343.208,0.9655,0,0,0,0
343.240,0.9655,0,0,0,0
343.279,0.9655,0,0,0,0
343.300,0.9655,0,0,0,0
343.341,0.9655,0,0,0,0
343.372,0.9655,0,0,0,0
343.404,0.9655,0,0,0,0
343.440,0.9655,0,0,0,0
343.470,0.9655,0,0,0,0
343.505,0.9655,0,0,0,0
343.539,0.9655,0,0,0,0
343.573,0.9655,0,0,0,0
343.605,0.9655,0,0,0,0
343.642,0.9655,0,0,0,0
343.665,0.9655,0,0,0,0
343.703,0.9655,0,0,0,0
343.736,0.9655,0,0,0,0
343.772,0.9655,0,0,0,0
343.804,0.9655,0,0,0,0
343.840,0.9655,0,0,0,0
343.871,0.9655,0,0,0,0
343.905,0.9655,0,0,0,0
343.939,0.9655,0,0,0,0
343.971,0.9655,0,0,0,0
344.006,0.9655,0,0,0,0
344.039,0.9655,0,0,0,0
344.072,0.9655,0,0,0,0
344.106,0.9655,0,0,0,0
344.136,0.9655,0,0,0,0
344.175,0.9655,0,0,0,0
344.205,0.9655,0,0,0,0
344.238,0.9655,0,0,0,0
344.273,0.9655,0,0,0,0
344.305,0.9655,0,0,0,0
344.337,0.9655,0,0,0,0
344.372,0.9655,0,0,0,0
344.404,0.9655,0,0,0,0
344.438,0.9655,0,0,0,0
344.470,0.9655,0,0,0,0
344.505,0.9655,0,0,0,0
344.538,0.9655,0,0,0,0
344.571,0.9655,0,0,0,0
344.605,0.9655,0,0,0,0
344.636,0.9655,0,0,0,0
344.675,0.9655,0,0,0,0
344.704,0.9655,0,0,0,0
344.738,0.9655,0,0,0,0
344.773,0.9654,0,0,0,0
344.806,0.9654,0,0,0,0
344.838,0.9654,0,0,0,0
344.873,0.9654,0,0,0,0
344.905,0.9654,0,0,0,0
344.937,0.9654,0,0,0,0
344.972,0.9654,0,0,0,0
345.008,0.9654,0,0,0,0
345.041,0.9654,0,0,0,0
345.075,0.9654,0,0,0,0
345.107,0.9654,0,0,0,0
345.137,0.9654,0,0,0,0
345.173,0.9654,0,0,0,0
345.204,0.9654,0,0,0,0
345.237,0.9654,0,0,0,0
345.270,0.9654,0,0,0,0
345.308,0.9654,0,0,0,0
345.339,0.9654,0,0,0,0
345.374,0.9654,0,0,0,0
345.404,0.9654,0,0,0,0
345.441,0.9654,0,0,0,0
345.471,0.9654,0,0,0,0
345.507,0.9654,0,0,0,0
345.540,0.9654,0,0,0,0
345.572,0.9654,0,0,0,0
345.606,0.9654,0,0,0,0
345.637,0.9654,0,0,0,0
345.674,0.9654,0,0,0,0
345.705,0.9654,0,0,0,0
345.738,0.9654,0,0,0,0
345.769,0.9654,0,0,0,0
345.808,0.9654,0,0,0,0
345.839,0.9654,0,0,0,0
345.875,0.9654,0,0,0,0
345.908,0.9654,0,0,0,0
345.939,0.9654,0,0,0,0
345.971,0.9654,0,0,0,0
346.004,0.9654,0,0,0,0
346.038,0.9654,0,0,0,0
346.074,0.9654,0,0,0,0
346.108,0.9654,0,0,0,0
346.138,0.9654,0,0,0,0
346.172,0.9654,0,0,0,0
346.206,0.9654,0,0,0,0
346.240,0.9654,0,0,0,0
346.271,0.9654,0,0,0,0
346.306,0.9654,0,0,0,0
346.338,0.9654,0,0,0,0
346.373,0.9654,0,0,0,0
346.406,0.9654,0,0,0,0
346.438,0.9654,0,0,0,0
346.471,0.9654,0,0,0,0
346.504,0.9654,0,0,0,0
346.540,0.9654,0,0,0,0
346.570,0.9654,0,0,0,0
346.607,0.9654,0,0,0,0
346.638,0.9654,0,0,0,0
346.670,0.9654,0,0,0,0
346.705,0.9654,0,0,0,0
346.737,0.9654,0,0,0,0
346.773,0.9654,0,0,0,0
346.805,0.9654,0,0,0,0
346.838,0.9654,0,0,0,0
346.871,0.9654,0,0,0,0
346.907,0.9654,0,0,0,0
346.939,0.9654,0,0,0,0
346.971,0.9654,0,0,0,0
347.007,0.9654,0,0,0,0
347.039,0.9654,0,0,0,0
347.072,0.9654,0,0,0,0
347.117,0.9654,0,0,0,0
347.132,0.9654,0,0,0,0
347.172,0.9654,0,0,0,0
347.205,0.9654,0,0,0,0
347.237,0.9654,0,0,0,0
347.272,0.9654,0,0,0,0
347.306,0.9654,0,0,0,0
347.338,0.9654,0,0,0,0
347.372,0.9654,0,0,0,0
347.407,0.9654,0,0,0,0
347.431,0.9654,0,0,0,0
347.474,0.9654,0,0,0,0
347.504,0.9654,0,0,0,0
347.539,0.9654,0,0,0,0
347.574,0.9654,0,0,0,0
347.608,0.9654,0,0,0,0
347.638,0.9654,0,0,0,0
347.671,0.9654,0,0,0,0
347.705,0.9654,0,0,0,0
347.740,0.9654,0,0,0,0
347.772,0.9654,0,0,0,0
347.804,0.9654,0,0,0,0
347.838,0.9654,0,0,0,0
347.872,0.9654,0,0,0,0
347.904,0.9654,0,0,0,0
347.939,0.9654,0,0,0,0
347.972,0.9654,0,0,0,0
348.004,0.9654,0,0,0,0
348.037,0.9654,0,0,0,0
348.071,0.9654,0,0,0,0
348.107,0.9654,0,0,0,0
348.140,0.9654,0,0,0,0
348.170,0.9654,0,0,0,0
348.206,0.9654,0,0,0,0
348.237,0.9654,0,0,0,0
348.271,0.9654,0,0,0,0
348.308,0.9654,0,0,0,0
348.335,0.9654,0,0,0,0
348.372,0.9654,0,0,0,0
348.406,0.9654,0,0,0,0
348.439,0.9654,0,0,0,0
348.471,0.9654,0,0,0,0
348.506,0.9654,0,0,0,0
348.541,0.9654,0,0,0,0
348.574,0.9654,0,0,0,0
348.605,0.9654,0,0,0,0
348.637,0.9654,0,0,0,0
348.671,0.9654,0,0,0,0
348.704,0.9654,0,0,0,0
348.740,0.9654,0,0,0,0
348.773,0.9654,0,0,0,0
348.807,0.9654,0,0,0,0
348.839,0.9654,0,0,0,0
348.871,0.9654,0,0,0,0
348.907,0.9654,0,0,0,0
348.940,0.9654,0,0,0,0
348.971,0.9654,0,0,0,0
349.007,0.9654,0,0,0,0
349.041,0.9654,0,0,0,0
349.070,0.9654,0,0,0,0
349.106,0.9654,0,0,0,0
349.138,0.9654,0,0,0,0
349.173,0.9654,0,0,0,0
349.206,0.9654,0,0,0,0
349.240,0.9654,0,0,0,0
349.272,0.9654,0,0,0,0
349.304,0.9654,0,0,0,0
349.338,0.9654,0,0,0,0
349.374,0.9654,0,0,0,0
349.407,0.9654,0,0,0,0
349.437,0.9654,0,0,0,0
349.479,0.9654,0,0,0,0
349.507,0.9654,0,0,0,0
349.538,0.9654,0,0,0,0
349.575,0.9654,0,0,0,0
349.605,0.9654,0,0,0,0
349.637,0.9654,0,0,0,0
349.672,0.9654,0,0,0,0
349.706,0.9654,0,0,0,0
349.741,0.9654,0,0,0,0
349.772,0.9654,0,0,0,0
349.805,0.9654,0,0,0,0
349.841,0.9654,0,0,0,0
349.870,0.9654,0,0,0,0
349.907,0.9654,0,0,0,0
349.937,0.9654,0,0,0,0
349.970,0.9654,0,0,0,0
350.006,0.9654,0,0,0,0
350.041,0.9654,0,0,0,0
350.074,0.9654,0,0,0,0
350.106,0.9654,0,0,0,0
350.138,0.9654,0,0,0,0
350.175,0.9654,0,0,0,0
350.207,0.9654,0,0,0,0
350.236,0.9654,0,0,0,0
350.270,0.9654,0,0,0,0
350.307,0.9654,0,0,0,0
350.340,0.9654,0,0,0,0
350.374,0.9654,0,0,0,0
350.406,0.9654,0,0,0,0
350.438,0.9654,0,0,0,0
350.471,0.9654,0,0,0,0
350.507,0.9654,0,0,0,0
350.539,0.9654,0,0,0,0
350.571,0.9654,0,0,0,0
350.607,0.9654,0,0,0,0
350.636,0.9654,0,0,0,0
350.671,0.9654,0,0,0,0
350.706,0.9654,0,0,0,0
350.737,0.9654,0,0,0,0
350.771,0.9654,0,0,0,0
350.806,0.9654,0,0,0,0
350.837,0.9654,0,0,0,0
350.871,0.9654,0,0,0,0
350.904,0.9654,0,0,0,0
350.941,0.9654,0,0,0,0
350.973,0.9654,0,0,0,0
351.003,0.9654,0,0,0,0
351.043,0.9654,0,0,0,0
351.074,0.9654,0,0,0,0
351.104,0.9654,0,0,0,0
351.137,0.9654,0,0,0,0
351.173,0.9654,0,0,0,0
351.205,0.9654,0,0,0,0
351.237,0.9654,0,0,0,0
351.272,0.9654,0,0,0,0
351.305,0.9654,0,0,0,0
351.337,0.9654,0,0,0,0
351.370,0.9654,0,0,0,0
351.405,0.9654,0,0,0,0
351.440,0.9654,0,0,0,0
351.472,0.9654,0,0,0,0
351.503,0.9654,0,0,0,0
351.540,0.9654,0,0,0,0
351.570,0.9654,0,0,0,0
351.606,0.9654,0,0,0,0
351.638,0.9654,0,0,0,0
351.672,0.9654,0,0,0,0
351.705,0.9654,0,0,0,0
351.736,0.9654,0,0,0,0
351.773,0.9654,0,0,0,0
351.804,0.9654,0,0,0,0
351.831,0.9654,0,0,0,0
351.873,0.9654,0,0,0,0
351.906,0.9654,0,0,0,0
351.940,0.9654,0,0,0,0
351.973,0.9654,0,0,0,0
352.005,0.9654,0,0,0,0
352.037,0.9654,0,0,0,0
352.072,0.9654,0,0,0,0
352.107,0.9654,0,0,0,0
352.138,0.9654,0,0,0,0
352.173,0.9654,0,0,0,0
352.206,0.9654,0,0,0,0
352.238,0.9654,0,0,0,0
352.274,0.9654,0,0,0,0
352.306,0.9654,0,0,0,0
352.337,0.9654,0,0,0,0
352.372,0.9654,0,0,0,0
352.405,0.9654,0,0,0,0
352.437,0.9654,0,0,0,0
352.472,0.9654,0,0,0,0
352.504,0.9654,0,0,0,0
352.537,0.9654,0,0,0,0
352.571,0.9654,0,0,0,0
352.606,0.9654,0,0,0,0
352.637,0.9654,0,0,0,0
352.672,0.9654,0,0,0,0
352.707,0.9654,0,0,0,0
352.740,0.9654,0,0,0,0
352.774,0.9654,0,0,0,0
352.805,0.9654,0,0,0,0
352.837,0.9654,0,0,0,0
352.874,0.9654,0,0,0,0
352.906,0.9654,0,0,0,0
352.939,0.9654,0,0,0,0
352.970,0.9654,0,0,0,0
353.005,0.9654,0,0,0,0
353.039,0.9654,0,0,0,0
353.074,0.9654,0,0,0,0
353.106,0.9654,0,0,0,0
353.141,0.9654,0,0,0,0
353.172,0.9654,0,0,0,0
353.204,0.9654,0,0,0,0
353.239,0.9654,0,0,0,0
353.274,0.9654,0,0,0,0
353.304,0.9654,0,0,0,0
353.337,0.9654,0,0,0,0
353.373,0.9654,0,0,0,0
353.408,0.9654,0,0,0,0
353.438,0.9654,0,0,0,0
353.475,0.9654,0,0,0,0
353.507,0.9654,0,0,0,0
353.538,0.9654,0,0,0,0
353.574,0.9654,0,0,0,0
353.608,0.9654,0,0,0,0
353.639,0.9654,0,0,0,0
353.671,0.9654,0,0,0,0
353.707,0.9654,0,0,0,0
353.740,0.9654,0,0,0,0
353.773,0.9654,0,0,0,0
353.805,0.9654,0,0,0,0
353.840,0.9654,0,0,0,0
353.871,0.9654,0,0,0,0
353.905,0.9654,0,0,0,0
353.938,0.9654,0,0,0,0
353.974,0.9654,0,0,0,0
354.004,0.9654,0,0,0,0
354.037,0.9654,0,0,0,0
354.073,0.9654,0,0,0,0
354.106,0.9654,0,0,0,0
354.138,0.9654,0,0,0,0
354.174,0.9654,0,0,0,0
354.207,0.9654,0,0,0,0
354.237,0.9654,0,0,0,0
354.271,0.9654,0,0,0,0
354.307,0.9654,0,0,0,0
354.339,0.9654,0,0,0,0
354.371,0.9654,0,0,0,0
354.407,0.9654,0,0,0,0
354.437,0.9654,0,0,0,0
354.470,0.9654,0,0,0,0
354.506,0.9654,0,0,0,0
354.539,0.9653,0,0,0,0
354.574,0.9653,0,0,0,0
354.606,0.9653,0,0,0,0
354.639,0.9653,0,0,0,0
354.670,0.9653,0,0,0,0
354.707,0.9653,0,0,0,0
354.740,0.9653,0,0,0,0
354.770,0.9653,0,0,0,0
354.805,0.9653,0,0,0,0
354.838,0.9653,0,0,0,0
354.873,0.9653,0,0,0,0
354.906,0.9653,0,0,0,0
354.938,0.9653,0,0,0,0
354.971,0.9653,0,0,0,0
355.004,0.9653,0,0,0,0
355.037,0.9653,0,0,0,0
355.073,0.9653,0,0,0,0
355.108,0.9653,0,0,0,0
355.139,0.9653,0,0,0,0
355.172,0.9653,0,0,0,0
355.205,0.9653,0,0,0,0
355.239,0.9653,0,0,0,0
355.270,0.9653,0,0,0,0
355.305,0.9653,0,0,0,0
355.339,0.9653,0,0,0,0
355.372,0.9653,0,0,0,0
355.406,0.9653,0,0,0,0
355.439,0.9653,0,0,0,0
355.472,0.9653,0,0,0,0
355.504,0.9653,0,0,0,0
355.539,0.9653,0,0,0,0
355.571,0.9653,0,0,0,0
355.608,0.9653,0,0,0,0
355.640,0.9653,0,0,0,0
355.673,0.9653,0,0,0,0
355.703,0.9653,0,0,0,0
355.740,0.9653,0,0,0,0
355.775,0.9653,0,0,0,0
355.803,0.9653,0,0,0,0
355.841,0.9653,0,0,0,0
355.871,0.9653,0,0,0,0
355.906,0.9653,0,0,0,0
355.938,0.9653,0,0,0,0
355.973,0.9653,0,0,0,0
356.005,0.9653,0,0,0,0
356.039,0.9653,0,0,0,0
356.073,0.9653,0,0,0,0
356.108,0.9653,0,0,0,0
356.140,0.9653,0,0,0,0
356.175,0.9653,0,0,0,0
356.204,0.9653,0,0,0,0
356.240,0.9653,0,0,0,0
356.272,0.9653,0,0,0,0
356.307,0.9653,0,0,0,0
356.340,0.9653,0,0,0,0
356.371,0.9653,0,0,0,0
356.402,0.9653,0,0,0,0
356.435,0.9653,0,0,0,0
356.471,0.9653,0,0,0,0
356.507,0.9653,0,0,0,0
356.541,0.9653,0,0,0,0
356.572,0.9653,0,0,0,0
356.607,0.9653,0,0,0,0
356.637,0.9653,0,0,0,0
356.670,0.9653,0,0,0,0
356.706,0.9653,0,0,0,0
356.739,0.9653,0,0,0,0
356.773,0.9653,0,0,0,0
356.807,0.9653,0,0,0,0
356.840,0.9653,0,0,0,0
356.866,0.9653,0,0,0,0
356.917,0.9653,0,0,0,0
356.932,0.9653,0,0,0,0
356.980,0.9653,0,0,0,0
357.016,0.9653,0,0,0,0
357.037,0.9653,0,0,0,0
357.081,0.9653,0,0,0,0
357.115,0.9653,0,0,0,0
357.147,0.9653,0,0,0,0
357.181,0.9653,0,0,0,0
357.204,0.9653,0,0,0,0
357.246,0.9653,0,0,0,0
357.270,0.9653,0,0,0,0
357.303,0.9653,0,0,0,0
357.336,0.9653,0,0,0,0
357.379,0.9653,0,0,0,0
357.466,0.9653,0,0,0,0
357.485,0.9653,0,0,0,0
357.522,0.9653,0,0,0,0
357.555,0.9653,0,0,0,0
357.580,0.9653,0,0,0,0
357.620,0.9653,0,0,0,0
357.654,0.9653,0,0,0,0
357.680,0.9653,0,0,0,0
357.726,0.9653,0,0,0,0
357.759,0.9653,0,0,0,0
357.788,0.9653,0,0,0,0
357.818,0.9653,0,0,0,0
357.854,0.9653,0,0,0,0
357.885,0.9653,0,0,0,0
357.919,0.9653,0,0,0,0
357.952,0.9653,0,0,0,0
358.189,0.9653,0,0,0,0
358.234,0.9653,0,0,0,0
358.248,0.9653,0,0,0,0
358.254,0.9653,0,0,0,0
358.322,0.9653,0,0,0,0
358.354,0.9653,0,0,0,0
358.388,0.9653,0,0,0,0
358.420,0.9653,0,0,0,0
358.456,0.9653,0,0,0,0
358.485,0.9653,0,0,0,0
358.522,0.9653,0,0,0,0
358.555,0.9653,0,0,0,0
358.584,0.9653,0,0,0,0
358.623,0.9653,0,0,0,0
358.658,0.9653,0,0,0,0
358.684,0.9653,0,0,0,0
358.718,0.9653,0,0,0,0
358.753,0.9653,0,0,0,0
358.785,0.9653,0,0,0,0
358.820,0.9653,0,0,0,0
358.854,0.9653,0,0,0,0
358.889,0.9653,0,0,0,0
358.923,0.9653,0,0,0,0
358.952,0.9653,0,0,0,0
358.985,0.9653,0,0,0,0
359.019,0.9653,0,0,0,0
359.053,0.9653,0,0,0,0
359.086,0.9653,0,0,0,0
359.119,0.9653,0,0,0,0
359.156,0.9653,0,0,0,0
359.188,0.9653,0,0,0,0
359.221,0.9653,0,0,0,0
359.255,0.9653,0,0,0,0
359.284,0.9653,0,0,0,0
359.319,0.9653,0,0,0,0
359.361,0.9653,0,0,0,0
359.389,0.9653,0,0,0,0
359.415,0.9653,0,0,0,0
359.457,0.9653,0,0,0,0
359.492,0.9653,0,0,0,0
359.518,0.9653,0,0,0,0
359.556,0.9653,0,0,0,0
359.585,0.9653,0,0,0,0
359.619,0.9653,0,0,0,0
359.655,0.9653,0,0,0,0
359.685,0.9653,0,0,0,0
359.721,0.9653,0,0,0,0
359.751,0.9653,0,0,0,0
359.786,0.9653,0,0,0,0
359.821,0.9653,0,0,0,0
359.851,0.9653,0,0,0,0
359.887,0.9653,0,0,0,0
359.921,0.9653,0,0,0,0
359.954,0.9653,0,0,0,0
359.991,0.9653,0,0,0,0
360.016,0.9653,0,0,0,0
360.054,0.9653,0,0,0,0
360.094,0.9653,0,0,0,0
360.123,0.9653,0,0,0,0
360.153,0.9653,0,0,0,0
360.192,0.9653,0,0,0,0
360.227,0.9653,0,0,0,0
360.252,0.9653,0,0,0,0
360.294,0.9653,0,0,0,0
360.324,0.9653,0,0,0,0
360.345,0.9653,0,0,0,0
360.386,0.9653,0,0,0,0
360.412,0.9653,0,0,0,0
360.460,0.9653,0,0,0,0
360.488,0.9653,0,0,0,0
360.524,0.9653,0,0,0,0
360.555,0.9653,0,0,0,0
360.589,0.9653,0,0,0,0
360.622,0.9653,0,0,0,0
360.654,0.9653,0,0,0,0
360.695,0.9653,0,0,0,0
360.720,0.9653,0,0,0,0
360.754,0.9653,0,0,0,0
360.790,0.9653,0,0,0,0
360.811,0.9653,0,0,0,0
360.853,0.9653,0,0,0,0
360.878,0.9653,0,0,0,0
360.920,0.9653,0,0,0,0
360.950,0.9653,0,0,0,0
360.991,0.9653,0,0,0,0
361.022,0.9653,0,0,0,0
361.054,0.9653,0,0,0,0
361.085,0.9653,0,0,0,0
361.119,0.9653,0,0,0,0
361.151,0.9653,0,0,0,0
361.187,0.9653,0,0,0,0
361.219,0.9653,0,0,0,0
361.255,0.9653,0,0,0,0
361.286,0.9653,0,0,0,0
361.311,0.9653,0,0,0,0
361.354,0.9653,0,0,0,0
361.380,0.9653,0,0,0,0
361.422,0.9653,0,0,0,0
361.453,0.9653,0,0,0,0
361.488,0.9653,0,0,0,0
361.521,0.9653,0,0,0,0
361.554,0.9653,0,0,0,0
361.587,0.9653,0,0,0,0
361.623,0.9653,0,0,0,0
361.652,0.9653,0,0,0,0
361.690,0.9653,0,0,0,0
361.722,0.9653,0,0,0,0
361.754,0.9653,0,0,0,0
361.787,0.9653,0,0,0,0
361.823,0.9653,0,0,0,0
361.853,0.9653,0,0,0,0
361.886,0.9653,0,0,0,0
361.922,0.9653,0,0,0,0
361.956,0.9653,0,0,0,0
361.987,0.9653,0,0,0,0
362.020,0.9653,0,0,0,0
362.052,0.9653,0,0,0,0
362.086,0.9653,0,0,0,0
362.134,0.9653,0,0,0,0
362.150,0.9653,0,0,0,0
362.184,0.9653,0,0,0,0
362.218,0.9653,0,0,0,0
362.254,0.9653,0,0,0,0
362.289,0.9653,0,0,0,0
362.322,0.9653,0,0,0,0
362.344,0.9653,0,0,0,0
362.388,0.9653,0,0,0,0
362.410,0.9653,0,0,0,0
362.452,0.9653,0,0,0,0
362.485,0.9653,0,0,0,0
362.521,0.9653,0,0,0,0
362.552,0.9653,0,0,0,0
362.590,0.9653,0,0,0,0
362.612,0.9653,0,0,0,0
362.657,0.9653,0,0,0,0
362.686,0.9653,0,0,0,0
362.720,0.9653,0,0,0,0
362.754,0.9653,0,0,0,0
362.786,0.9653,0,0,0,0
362.822,0.9653,0,0,0,0
362.853,0.9653,0,0,0,0
362.886,0.9653,0,0,0,0
363.094,0.9653,0,0,0,0
363.126,0.9653,0,0,0,0
363.147,0.9653,0,0,0,0
363.176,0.9653,0,0,0,0
363.211,0.9653,0,0,0,0
363.246,0.9653,0,0,0,0
363.276,0.9653,0,0,0,0
363.311,0.9653,0,0,0,0
363.345,0.9653,0,0,0,0
363.379,0.9653,0,0,0,0
363.410,0.9653,0,0,0,0
363.444,0.9653,0,0,0,0
363.476,0.9653,0,0,0,0
363.514,0.9653,0,0,0,0
363.543,0.9653,0,0,0,0
363.575,0.9653,0,0,0,0
363.605,0.9653,0,0,0,0
363.638,0.9653,0,0,0,0
363.671,0.9653,0,0,0,0
363.706,0.9653,0,0,0,0
363.742,0.9653,0,0,0,0
363.773,0.9653,0,0,0,0
363.818,0.9653,0,0,0,0
363.845,0.9653,0,0,0,0
363.879,0.9653,0,0,0,0
363.911,0.9653,0,0,0,0
363.943,0.9653,0,0,0,0
363.979,0.9653,0,0,0,0
364.012,0.9653,0,0,0,0
364.046,0.9653,0,0,0,0
364.080,0.9653,0,0,0,0
364.113,0.9653,0,0,0,0
364.146,0.9653,0,0,0,0
364.175,0.9653,0,0,0,0
364.210,0.9653,0,0,0,0
364.245,0.9653,0,0,0,0
364.278,0.9653,0,0,0,0
364.312,0.9653,0,0,0,0
364.345,0.9653,0,0,0,0
364.379,0.9653,0,0,0,0
364.411,0.9653,0,0,0,0
364.445,0.9653,0,0,0,0
364.478,0.9653,0,0,0,0
364.511,0.9653,0,0,0,0
364.544,0.9653,0,0,0,0
364.577,0.9653,0,0,0,0
364.610,0.9653,0,0,0,0
364.643,0.9653,0,0,0,0
364.676,0.9653,0,0,0,0
364.710,0.9653,0,0,0,0
364.744,0.9653,0,0,0,0
364.777,0.9653,0,0,0,0
364.810,0.9653,0,0,0,0
364.843,0.9653,0,0,0,0
364.877,0.9653,0,0,0,0
364.910,0.9653,0,0,0,0
364.944,0.9653,0,0,0,0
364.978,0.9653,0,0,0,0
365.012,0.9653,0,0,0,0
365.046,0.9653,0,0,0,0
365.075,0.9653,0,0,0,0
365.111,0.9653,0,0,0,0
365.147,0.9652,0,0,0,0
365.178,0.9652,0,0,0,0
365.209,0.9652,0,0,0,0
365.244,0.9652,0,0,0,0
365.278,0.9652,0,0,0,0
365.309,0.9652,0,0,0,0
365.345,0.9652,0,0,0,0
365.383,0.9652,0,0,0,0
365.407,0.9652,0,0,0,0
365.442,0.9652,0,0,0,0
365.481,0.9652,0,0,0,0
365.512,0.9652,0,0,0,0
365.542,0.9652,0,0,0,0
365.577,0.9652,0,0,0,0
365.611,0.9652,0,0,0,0
365.645,0.9652,0,0,0,0
365.678,0.9652,0,0,0,0
365.711,0.9652,0,0,0,0
365.744,0.9652,0,0,0,0
365.777,0.9652,0,0,0,0
365.810,0.9652,0,0,0,0
365.844,0.9652,0,0,0,0
365.878,0.9652,0,0,0,0
365.912,0.9652,0,0,0,0
365.946,0.9652,0,0,0,0
365.978,0.9652,0,0,0,0
366.010,0.9652,0,0,0,0
366.047,0.9652,0,0,0,0
366.078,0.9652,0,0,0,0
366.113,0.9652,0,0,0,0
366.144,0.9652,0,0,0,0
366.179,0.9652,0,0,0,0
366.210,0.9652,0,0,0,0
366.246,0.9652,0,0,0,0
366.280,0.9652,0,0,0,0
366.310,0.9652,0,0,0,0
366.346,0.9652,0,0,0,0
366.378,0.9652,0,0,0,0
366.410,0.9652,0,0,0,0
366.443,0.9652,0,0,0,0
366.478,0.9652,0,0,0,0
366.510,0.9652,0,0,0,0
366.543,0.9652,0,0,0,0
366.576,0.9652,0,0,0,0
366.613,0.9652,0,0,0,0
366.644,0.9652,0,0,0,0
366.677,0.9652,0,0,0,0
366.709,0.9652,0,0,0,0
366.745,0.9652,0,0,0,0
366.777,0.9652,0,0,0,0
366.812,0.9652,0,0,0,0
366.842,0.9652,0,0,0,0
366.880,0.9652,0,0,0,0
366.911,0.9652,0,0,0,0
366.945,0.9652,0,0,0,0
366.978,0.9652,0,0,0,0
367.013,0.9652,0,0,0,0
367.046,0.9652,0,0,0,0
367.079,0.9652,0,0,0,0
367.112,0.9652,0,0,0,0
367.145,0.9652,0,0,0,0
367.178,0.9652,0,0,0,0
367.210,0.9652,0,0,0,0
367.243,0.9652,0,0,0,0
367.281,0.9652,0,0,0,0
367.310,0.9652,0,0,0,0
367.344,0.9652,0,0,0,0
367.376,0.9652,0,0,0,0
367.412,0.9652,0,0,0,0
367.446,0.9652,0,0,0,0
367.476,0.9652,0,0,0,0
367.509,0.9652,0,0,0,0
367.544,0.9652,0,0,0,0
367.576,0.9652,0,0,0,0
367.612,0.9652,0,0,0,0
367.643,0.9652,0,0,0,0
367.677,0.9652,0,0,0,0
367.712,0.9652,0,0,0,0
367.746,0.9652,0,0,0,0
367.778,0.9652,0,0,0,0
367.809,0.9652,0,0,0,0
367.842,0.9652,0,0,0,0
367.878,0.9652,0,0,0,0
367.913,0.9652,0,0,0,0
367.942,0.9652,0,0,0,0
367.979,0.9652,0,0,0,0
368.014,0.9652,0,0,0,0
368.043,0.9652,0,0,0,0
368.077,0.9652,0,0,0,0
368.112,0.9652,0,0,0,0
368.146,0.9652,0,0,0,0
368.179,0.9652,0,0,0,0
368.214,0.9652,0,0,0,0
368.246,0.9652,0,0,0,0
368.279,0.9652,0,0,0,0
368.313,0.9652,0,0,0,0
368.345,0.9652,0,0,0,0
368.380,0.9652,0,0,0,0
368.412,0.9652,0,0,0,0
368.445,0.9652,0,0,0,0
368.480,0.9652,0,0,0,0
368.509,0.9652,0,0,0,0
368.545,0.9652,0,0,0,0
368.580,0.9652,0,0,0,0
368.614,0.9652,0,0,0,0
368.647,0.9652,0,0,0,0
368.679,0.9652,0,0,0,0
368.710,0.9652,0,0,0,0
368.747,0.9652,0,0,0,0
368.776,0.9652,0,0,0,0
368.813,0.9652,0,0,0,0
368.842,0.9652,0,0,0,0
368.879,0.9652,0,0,0,0
368.913,0.9652,0,0,0,0
368.942,0.9652,0,0,0,0
368.978,0.9652,0,0,0,0
369.012,0.9652,0,0,0,0
369.043,0.9652,0,0,0,0
369.077,0.9652,0,0,0,0
369.112,0.9652,0,0,0,0
369.145,0.9652,0,0,0,0
369.176,0.9652,0,0,0,0
369.211,0.9652,0,0,0,0
369.242,0.9652,0,0,0,0
369.280,0.9652,0,0,0,0
369.310,0.9652,0,0,0,0
369.342,0.9652,0,0,0,0
369.378,0.9652,0,0,0,0
369.411,0.9652,0,0,0,0
369.444,0.9652,0,0,0,0
369.477,0.9652,0,0,0,0
369.513,0.9652,0,0,0,0
369.544,0.9652,0,0,0,0
369.579,0.9652,0,0,0,0
369.613,0.9652,0,0,0,0
369.644,0.9652,0,0,0,0
369.676,0.9652,0,0,0,0
369.712,0.9652,0,0,0,0
369.745,0.9652,0,0,0,0
369.781,0.9652,0,0,0,0
369.811,0.9652,0,0,0,0
369.842,0.9652,0,0,0,0
369.877,0.9652,0,0,0,0
369.910,0.9652,0,0,0,0
369.945,0.9652,0,0,0,0
369.976,0.9652,0,0,0,0
370.013,0.9652,0,0,0,0
370.048,0.9652,0,0,0,0
370.070,0.9652,0,0,0,0
370.109,0.9652,0,0,0,0
370.148,0.9652,0,0,0,0
370.182,0.9652,0,0,0,0
370.214,0.9652,0,0,0,0
370.246,0.9652,0,0,0,0
370.277,0.9652,0,0,0,0
370.313,0.9652,0,0,0,0
370.344,0.9652,0,0,0,0
370.379,0.9652,0,0,0,0
370.411,0.9652,0,0,0,0
370.444,0.9652,0,0,0,0
370.480,0.9652,0,0,0,0
370.514,0.9652,0,0,0,0
370.535,0.9652,0,0,0,0
370.581,0.9652,0,0,0,0
370.603,0.9652,0,0,0,0
370.643,0.9652,0,0,0,0
370.681,0.9652,0,0,0,0
370.712,0.9652,0,0,0,0
370.743,0.9652,0,0,0,0
370.776,0.9652,0,0,0,0
370.809,0.9652,0,0,0,0
370.844,0.9652,0,0,0,0
370.876,0.9652,0,0,0,0
370.913,0.9652,0,0,0,0
370.946,0.9652,0,0,0,0
370.981,0.9652,0,0,0,0
371.010,0.9652,0,0,0,0
371.047,0.9652,0,0,0,0
371.076,0.9652,0,0,0,0
371.110,0.9652,0,0,0,0
371.145,0.9652,0,0,0,0
371.178,0.9652,0,0,0,0
371.211,0.9652,0,0,0,0
371.245,0.9652,0,0,0,0
371.276,0.9652,0,0,0,0
371.312,0.9652,0,0,0,0
371.348,0.9652,0,0,0,0
371.375,0.9652,0,0,0,0
371.409,0.9652,0,0,0,0
371.443,0.9652,0,0,0,0
371.479,0.9652,0,0,0,0
371.513,0.9652,0,0,0,0
371.545,0.9652,0,0,0,0
371.578,0.9652,0,0,0,0
371.609,0.9652,0,0,0,0
371.646,0.9652,0,0,0,0
371.676,0.9652,0,0,0,0
371.709,0.9652,0,0,0,0
371.743,0.9652,0,0,0,0
371.776,0.9652,0,0,0,0
371.809,0.9652,0,0,0,0
371.844,0.9652,0,0,0,0
371.878,0.9652,0,0,0,0
371.912,0.9652,0,0,0,0
371.947,0.9652,0,0,0,0
371.976,0.9652,0,0,0,0
372.011,0.9652,0,0,0,0
372.044,0.9652,0,0,0,0
372.079,0.9652,0,0,0,0
372.110,0.9652,0,0,0,0
372.145,0.9652,0,0,0,0
372.179,0.9652,0,0,0,0
372.212,0.9652,0,0,0,0
372.245,0.9652,0,0,0,0
372.278,0.9652,0,0,0,0
372.313,0.9652,0,0,0,0
372.342,0.9652,0,0,0,0
372.378,0.9652,0,0,0,0
372.411,0.9652,0,0,0,0
372.445,0.9652,0,0,0,0
372.479,0.9652,0,0,0,0
372.513,0.9652,0,0,0,0
372.545,0.9652,0,0,0,0
372.577,0.9652,0,0,0,0
372.612,0.9652,0,0,0,0
372.642,0.9652,0,0,0,0
372.675,0.9652,0,0,0,0
372.711,0.9652,0,0,0,0
372.745,0.9652,0,0,0,0
372.780,0.9652,0,0,0,0
372.813,0.9652,0,0,0,0
372.844,0.9652,0,0,0,0
372.879,0.9652,0,0,0,0
372.910,0.9652,0,0,0,0
372.943,0.9652,0,0,0,0
372.982,0.9652,0,0,0,0
373.011,0.9652,0,0,0,0
373.044,0.9652,0,0,0,0
373.076,0.9652,0,0,0,0
373.109,0.9652,0,0,0,0
373.145,0.9652,0,0,0,0
373.180,0.9652,0,0,0,0
373.212,0.9652,0,0,0,0
373.246,0.9652,0,0,0,0
373.277,0.9652,0,0,0,0
373.313,0.9652,0,0,0,0
373.344,0.9652,0,0,0,0
373.376,0.9652,0,0,0,0
373.412,0.9652,0,0,0,0
373.443,0.9652,0,0,0,0
373.478,0.9652,0,0,0,0
373.512,0.9652,0,0,0,0
373.545,0.9652,0,0,0,0
373.577,0.9652,0,0,0,0
373.612,0.9652,0,0,0,0
373.644,0.9652,0,0,0,0
373.679,0.9652,0,0,0,0
373.713,0.9652,0,0,0,0
373.746,0.9652,0,0,0,0
373.778,0.9652,0,0,0,0
373.813,0.9652,0,0,0,0
373.847,0.9652,0,0,0,0
373.880,0.9652,0,0,0,0
373.902,0.9652,0,0,0,0
373.954,0.9652,0,0,0,0
373.972,0.9652,0,0,0,0
374.013,0.9652,0,0,0,0
374.043,0.9652,0,0,0,0
374.077,0.9652,0,0,0,0
374.113,0.9652,0,0,0,0
374.143,0.9652,0,0,0,0
374.176,0.9652,0,0,0,0
374.213,0.9652,0,0,0,0
374.244,0.9652,0,0,0,0
374.280,0.9652,0,0,0,0
374.309,0.9652,0,0,0,0
374.343,0.9652,0,0,0,0
374.378,0.9652,0,0,0,0
374.412,0.9652,0,0,0,0
374.444,0.9652,0,0,0,0
374.476,0.9652,0,0,0,0
374.510,0.9652,0,0,0,0
374.546,0.9652,0,0,0,0
374.576,0.9652,0,0,0,0
374.613,0.9652,0,0,0,0
374.644,0.9652,0,0,0,0
374.677,0.9652,0,0,0,0
374.711,0.9652,0,0,0,0
374.744,0.9652,0,0,0,0
374.776,0.9652,0,0,0,0
374.810,0.9652,0,0,0,0
374.843,0.9652,0,0,0,0
374.876,0.9652,0,0,0,0
374.912,0.9652,0,0,0,0
374.947,0.9652,0,0,0,0
374.977,0.9652,0,0,0,0
375.011,0.9652,0,0,0,0
375.044,0.9652,0,0,0,0
375.080,0.9652,0,0,0,0
375.111,0.9652,0,0,0,0
375.143,0.9652,0,0,0,0
375.179,0.9652,0,0,0,0
375.212,0.9652,0,0,0,0
375.247,0.9652,0,0,0,0
375.279,0.9652,0,0,0,0
375.310,0.9652,0,0,0,0
375.350,0.9652,0,0,0,0
375.369,0.9652,0,0,0,0
375.409,0.9652,0,0,0,0
375.443,0.9652,0,0,0,0
375.480,0.9652,0,0,0,0
375.513,0.9652,0,0,0,0
375.547,0.9652,0,0,0,0
375.576,0.9652,0,0,0,0
375.613,0.9652,0,0,0,0
375.643,0.9652,0,0,0,0
375.678,0.9652,0,0,0,0
375.713,0.9652,0,0,0,0
375.746,0.9652,0,0,0,0
375.778,0.9652,0,0,0,0
375.811,0.9652,0,0,0,0
375.844,0.9652,0,0,0,0
375.878,0.9652,0,0,0,0
375.912,0.9652,0,0,0,0
375.943,0.9652,0,0,0,0
375.980,0.9652,0,0,0,0
376.013,0.9652,0,0,0,0
376.045,0.9652,0,0,0,0
376.076,0.9652,0,0,0,0
376.111,0.9652,0,0,0,0
376.146,0.9651,0,0,0,0
376.179,0.9651,0,0,0,0
376.211,0.9651,0,0,0,0
376.247,0.9651,0,0,0,0
376.277,0.9651,0,0,0,0
376.310,0.9651,0,0,0,0
376.345,0.9651,0,0,0,0
376.380,0.9651,0,0,0,0
376.410,0.9651,0,0,0,0
376.454,0.9651,0,0,0,0
376.478,0.9651,0,0,0,0
376.511,0.9651,0,0,0,0
376.545,0.9651,0,0,0,0
376.577,0.9651,0,0,0,0
376.614,0.9651,0,0,0,0
376.644,0.9651,0,0,0,0
376.677,0.9651,0,0,0,0
376.713,0.9651,0,0,0,0
376.746,0.9651,0,0,0,0
376.777,0.9651,0,0,0,0
376.811,0.9651,0,0,0,0
376.842,0.9651,0,0,0,0
376.877,0.9651,0,0,0,0
376.911,0.9651,0,0,0,0
376.942,0.9651,0,0,0,0
376.977,0.9651,0,0,0,0
377.015,0.9651,0,0,0,0
377.046,0.9651,0,0,0,0
377.072,0.9651,0,0,0,0
377.112,0.9651,0,0,0,0
377.146,0.9651,0,0,0,0
377.176,0.9651,0,0,0,0
377.211,0.9651,0,0,0,0
377.245,0.9651,0,0,0,0
377.277,0.9651,0,0,0,0
377.311,0.9651,0,0,0,0
377.345,0.9651,0,0,0,0
377.378,0.9651,0,0,0,0
377.412,0.9651,0,0,0,0
377.444,0.9651,0,0,0,0
377.479,0.9651,0,0,0,0
377.512,0.9651,0,0,0,0
377.535,0.9651,0,0,0,0
377.575,0.9651,0,0,0,0
377.611,0.9651,0,0,0,0
377.647,0.9651,0,0,0,0
377.676,0.9651,0,0,0,0
377.712,0.9651,0,0,0,0
377.744,0.9651,0,0,0,0
377.779,0.9651,0,0,0,0
377.809,0.9651,0,0,0,0
377.835,0.9651,0,0,0,0
377.866,0.9651,0,0,0,0
377.911,0.9651,0,0,0,0
377.945,0.9651,0,0,0,0
377.978,0.9651,0,0,0,0
378.013,0.9651,0,0,0,0
378.042,0.9651,0,0,0,0
378.081,0.9651,0,0,0,0
378.110,0.9651,0,0,0,0
378.146,0.9651,0,0,0,0
378.181,0.9651,0,0,0,0
378.211,0.9651,0,0,0,0
378.245,0.9651,0,0,0,0
378.277,0.9651,0,0,0,0
378.309,0.9651,0,0,0,0
378.346,0.9651,0,0,0,0
378.376,0.9651,0,0,0,0
378.412,0.9651,0,0,0,0
378.444,0.9651,0,0,0,0
378.478,0.9651,0,0,0,0
378.513,0.9651,0,0,0,0
378.543,0.9651,0,0,0,0
378.579,0.9651,0,0,0,0
378.610,0.9651,0,0,0,0
378.642,0.9651,0,0,0,0
378.680,0.9651,0,0,0,0
378.710,0.9651,0,0,0,0
378.746,0.9651,0,0,0,0
378.779,0.9651,0,0,0,0
378.811,0.9651,0,0,0,0
378.844,0.9651,0,0,0,0
378.880,0.9651,0,0,0,0
378.913,0.9651,0,0,0,0
378.942,0.9651,0,0,0,0
378.977,0.9651,0,0,0,0
379.013,0.9651,0,0,0,0
379.046,0.9651,0,0,0,0
379.076,0.9651,0,0,0,0
379.110,0.9651,0,0,0,0
379.142,0.9651,0,0,0,0
379.175,0.9651,0,0,0,0
379.209,0.9651,0,0,0,0
379.244,0.9651,0,0,0,0
379.278,0.9651,0,0,0,0
379.310,0.9651,0,0,0,0
379.345,0.9651,0,0,0,0
379.380,0.9651,0,0,0,0
379.413,0.9651,0,0,0,0
379.445,0.9651,0,0,0,0
379.481,0.9651,0,0,0,0
379.515,0.9651,0,0,0,0
379.544,0.9651,0,0,0,0
379.577,0.9651,0,0,0,0
379.614,0.9651,0,0,0,0
379.643,0.9651,0,0,0,0
379.680,0.9651,0,0,0,0
379.712,0.9651,0,0,0,0
379.744,0.9651,0,0,0,0
379.778,0.9651,0,0,0,0
379.810,0.9651,0,0,0,0
379.844,0.9651,0,0,0,0
379.875,0.9651,0,0,0,0
379.911,0.9651,0,0,0,0
379.942,0.9651,0,0,0,0
379.981,0.9651,0,0,0,0
380.002,0.9651,0,0,0,0
380.046,0.9651,0,0,0,0
380.076,0.9651,0,0,0,0
380.109,0.9651,0,0,0,0
380.142,0.9651,0,0,0,0
380.181,0.9651,0,0,0,0
380.212,0.9651,0,0,0,0
380.244,0.9651,0,0,0,0
380.281,0.9651,0,0,0,0
380.311,0.9651,0,0,0,0
380.343,0.9651,0,0,0,0
380.378,0.9651,0,0,0,0
380.412,0.9651,0,0,0,0
380.443,0.9651,0,0,0,0
380.475,0.9651,0,0,0,0
380.513,0.9651,0,0,0,0
380.544,0.9651,0,0,0,0
380.578,0.9651,0,0,0,0
380.613,0.9651,0,0,0,0
380.645,0.9651,0,0,0,0
380.678,0.9651,0,0,0,0
380.712,0.9651,0,0,0,0
380.745,0.9651,0,0,0,0
380.777,0.9651,0,0,0,0
380.812,0.9651,0,0,0,0
380.844,0.9651,0,0,0,0
380.877,0.9651,0,0,0,0
380.909,0.9651,0,0,0,0
380.943,0.9651,0,0,0,0
380.976,0.9651,0,0,0,0
381.014,0.9651,0,0,0,0
381.042,0.9651,0,0,0,0
381.077,0.9651,0,0,0,0
381.113,0.9651,0,0,0,0
381.147,0.9651,0,0,0,0
381.179,0.9651,0,0,0,0
381.211,0.9651,0,0,0,0
381.246,0.9651,0,0,0,0
381.276,0.9651,0,0,0,0
381.311,0.9651,0,0,0,0
381.343,0.9651,0,0,0,0
381.377,0.9651,0,0,0,0
381.409,0.9651,0,0,0,0
381.443,0.9651,0,0,0,0
381.479,0.9651,0,0,0,0
381.511,0.9651,0,0,0,0
381.544,0.9651,0,0,0,0
381.577,0.9651,0,0,0,0
381.613,0.9651,0,0,0,0
381.646,0.9651,0,0,0,0
381.681,0.9651,0,0,0,0
381.714,0.9651,0,0,0,0
381.746,0.9651,0,0,0,0
381.777,0.9651,0,0,0,0
381.810,0.9651,0,0,0,0
381.845,0.9651,0,0,0,0
381.868,0.9651,0,0,0,0
381.911,0.9651,0,0,0,0
381.941,0.9651,0,0,0,0
381.979,0.9651,0,0,0,0
382.009,0.9651,0,0,0,0
382.047,0.9651,0,0,0,0
382.079,0.9651,0,0,0,0
382.115,0.9651,0,0,0,0
382.144,0.9651,0,0,0,0
382.178,0.9651,0,0,0,0
382.213,0.9651,0,0,0,0
382.245,0.9651,0,0,0,0
382.276,0.9651,0,0,0,0
382.309,0.9651,0,0,0,0
382.343,0.9651,0,0,0,0
382.377,0.9651,0,0,0,0
382.409,0.9651,0,0,0,0
382.446,0.9651,0,0,0,0
382.480,0.9651,0,0,0,0
382.512,0.9651,0,0,0,0
382.545,0.9651,0,0,0,0
382.578,0.9651,0,0,0,0
382.611,0.9651,0,0,0,0
382.645,0.9651,0,0,0,0
382.676,0.9651,0,0,0,0
382.711,0.9651,0,0,0,0
382.744,0.9651,0,0,0,0
382.776,0.9651,0,0,0,0
382.814,0.9651,0,0,0,0
382.846,0.9651,0,0,0,0
382.876,0.9651,0,0,0,0
382.911,0.9651,0,0,0,0
382.944,0.9651,0,0,0,0
382.977,0.9651,0,0,0,0
383.011,0.9651,0,0,0,0
383.047,0.9651,0,0,0,0
383.081,0.9651,0,0,0,0
383.111,0.9651,0,0,0,0
383.143,0.9651,0,0,0,0
383.180,0.9651,0,0,0,0
383.213,0.9651,0,0,0,0
383.242,0.9651,0,0,0,0
383.284,0.9651,0,0,0,0
383.311,0.9651,0,0,0,0
383.346,0.9651,0,0,0,0
383.377,0.9651,0,0,0,0
383.411,0.9651,0,0,0,0
383.443,0.9651,0,0,0,0
383.480,0.9651,0,0,0,0
383.513,0.9651,0,0,0,0
383.542,0.9651,0,0,0,0
383.579,0.9651,0,0,0,0
383.614,0.9651,0,0,0,0
383.634,0.9651,0,0,0,0
383.680,0.9651,0,0,0,0
383.714,0.9651,0,0,0,0
383.743,0.9651,0,0,0,0
383.779,0.9651,0,0,0,0
383.812,0.9651,0,0,0,0
383.842,0.9651,0,0,0,0
383.877,0.9651,0,0,0,0
383.913,0.9651,0,0,0,0
383.945,0.9651,0,0,0,0
383.980,0.9651,0,0,0,0
384.012,0.9651,0,0,0,0
384.046,0.9651,0,0,0,0
384.080,0.9651,0,0,0,0
384.111,0.9651,0,0,0,0
384.143,0.9651,0,0,0,0
384.178,0.9651,0,0,0,0
384.213,0.9651,0,0,0,0
384.245,0.9651,0,0,0,0
384.279,0.9651,0,0,0,0
384.309,0.9651,0,0,0,0
384.345,0.9651,0,0,0,0
384.376,0.9651,0,0,0,0
384.411,0.9651,0,0,0,0
384.446,0.9651,0,0,0,0
384.476,0.9651,0,0,0,0
384.513,0.9651,0,0,0,0
384.546,0.9651,0,0,0,0
384.576,0.9651,0,0,0,0
384.610,0.9651,0,0,0,0
384.648,0.9651,0,0,0,0
384.676,0.9651,0,0,0,0
384.711,0.9651,0,0,0,0
384.743,0.9651,0,0,0,0
384.777,0.9651,0,0,0,0
384.810,0.9651,0,0,0,0
384.847,0.9651,0,0,0,0
384.876,0.9651,0,0,0,0
384.909,0.9651,0,0,0,0
384.947,0.9651,0,0,0,0
384.968,0.9651,0,0,0,0
385.013,0.9651,0,0,0,0
385.045,0.9651,0,0,0,0
385.080,0.9651,0,0,0,0
385.112,0.9651,0,0,0,0
385.146,0.9651,0,0,0,0
385.180,0.9651,0,0,0,0
385.209,0.9651,0,0,0,0
385.247,0.9651,0,0,0,0
385.277,0.9651,0,0,0,0
385.314,0.9651,0,0,0,0
385.345,0.9651,0,0,0,0
385.376,0.9651,0,0,0,0
385.413,0.9651,0,0,0,0
385.446,0.9651,0,0,0,0
385.479,0.9651,0,0,0,0
385.513,0.9651,0,0,0,0
385.545,0.9651,0,0,0,0
385.580,0.9651,0,0,0,0
385.611,0.9651,0,0,0,0
385.646,0.9651,0,0,0,0
385.679,0.9651,0,0,0,0
385.712,0.9651,0,0,0,0
385.744,0.9651,0,0,0,0
385.779,0.9651,0,0,0,0
385.813,0.9651,0,0,0,0
385.846,0.9651,0,0,0,0
385.879,0.9651,0,0,0,0
385.911,0.9651,0,0,0,0
385.943,0.9651,0,0,0,0
385.976,0.9651,0,0,0,0
386.015,0.9651,0,0,0,0
386.046,0.9651,0,0,0,0
386.078,0.9651,0,0,0,0
386.112,0.9651,0,0,0,0
386.144,0.9651,0,0,0,0
386.176,0.9651,0,0,0,0
386.213,0.9651,0,0,0,0
386.242,0.9651,0,0,0,0
386.279,0.9651,0,0,0,0
386.314,0.9651,0,0,0,0
386.344,0.9651,0,0,0,0
386.381,0.9651,0,0,0,0
386.414,0.9651,0,0,0,0
386.447,0.9651,0,0,0,0
386.478,0.9651,0,0,0,0
386.512,0.9651,0,0,0,0
386.544,0.9651,0,0,0,0
386.576,0.9651,0,0,0,0
386.610,0.9651,0,0,0,0
386.643,0.9651,0,0,0,0
386.678,0.9651,0,0,0,0
386.712,0.9651,0,0,0,0
386.746,0.9651,0,0,0,0
386.779,0.9651,0,0,0,0
386.811,0.9651,0,0,0,0
386.844,0.9651,0,0,0,0
386.880,0.9651,0,0,0,0
386.912,0.9651,0,0,0,0
386.948,0.9651,0,0,0,0
386.976,0.9651,0,0,0,0
387.012,0.9651,0,0,0,0
387.044,0.9651,0,0,0,0
387.076,0.9651,0,0,0,0
387.111,0.9651,0,0,0,0
387.145,0.9651,0,0,0,0
387.180,0.9651,0,0,0,0
387.210,0.9651,0,0,0,0
387.247,0.9651,0,0,0,0
387.275,0.9651,0,0,0,0
387.312,0.9651,0,0,0,0
387.334,0.9651,0,0,0,0
387.371,0.9651,0,0,0,0
387.410,0.9651,0,0,0,0
387.447,0.9650,0,0,0,0
387.468,0.9650,0,0,0,0
387.513,0.9650,0,0,0,0
387.545,0.9650,0,0,0,0
387.579,0.9650,0,0,0,0
387.610,0.9650,0,0,0,0
387.645,0.9650,0,0,0,0
387.676,0.9650,0,0,0,0
387.710,0.9650,0,0,0,0
387.743,0.9650,0,0,0,0
387.776,0.9650,0,0,0,0
387.809,0.9650,0,0,0,0
387.845,0.9650,0,0,0,0
387.878,0.9650,0,0,0,0
387.912,0.9650,0,0,0,0
387.946,0.9650,0,0,0,0
387.979,0.9650,0,0,0,0
388.012,0.9650,0,0,0,0
388.043,0.9650,0,0,0,0
388.077,0.9650,0,0,0,0
388.110,0.9650,0,0,0,0
388.142,0.9650,0,0,0,0
388.177,0.9650,0,0,0,0
388.209,0.9650,0,0,0,0
388.243,0.9650,0,0,0,0
388.280,0.9650,0,0,0,0
388.310,0.9650,0,0,0,0
388.343,0.9650,0,0,0,0
388.377,0.9650,0,0,0,0
388.409,0.9650,0,0,0,0
388.443,0.9650,0,0,0,0
388.478,0.9650,0,0,0,0
388.509,0.9650,0,0,0,0
388.543,0.9650,0,0,0,0
388.576,0.9650,0,0,0,0
388.610,0.9650,0,0,0,0
388.646,0.9650,0,0,0,0
388.678,0.9650,0,0,0,0
388.712,0.9650,0,0,0,0
388.743,0.9650,0,0,0,0
388.774,0.9650,0,0,0,0
388.812,0.9650,0,0,0,0
388.844,0.9650,0,0,0,0
388.878,0.9650,0,0,0,0
388.910,0.9650,0,0,0,0
388.945,0.9650,0,0,0,0
388.980,0.9650,0,0,0,0
389.010,0.9650,0,0,0,0
389.046,0.9650,0,0,0,0
389.077,0.9650,0,0,0,0
389.110,0.9650,0,0,0,0
389.144,0.9650,0,0,0,0
389.177,0.9650,0,0,0,0
389.213,0.9650,0,0,0,0
389.247,0.9650,0,0,0,0
389.276,0.9650,0,0,0,0
389.313,0.9650,0,0,0,0
389.342,0.9650,0,0,0,0
389.376,0.9650,0,0,0,0
389.413,0.9650,0,0,0,0
389.445,0.9650,0,0,0,0
389.476,0.9650,0,0,0,0
389.512,0.9650,0,0,0,0
389.543,0.9650,0,0,0,0
389.578,0.9650,0,0,0,0
389.610,0.9650,0,0,0,0
389.646,0.9650,0,0,0,0
389.679,0.9650,0,0,0,0
389.710,0.9650,0,0,0,0
389.743,0.9650,0,0,0,0
389.780,0.9650,0,0,0,0
389.812,0.9650,0,0,0,0
389.842,0.9650,0,0,0,0
389.879,0.9650,0,0,0,0
389.914,0.9650,0,0,0,0
389.934,0.9650,0,0,0,0
389.974,0.9650,0,0,0,0
390.010,0.9650,0,0,0,0
390.045,0.9650,0,0,0,0
390.079,0.9650,0,0,0,0
390.113,0.9650,0,0,0,0
390.145,0.9650,0,0,0,0
390.180,0.9650,0,0,0,0
390.212,0.9650,0,0,0,0
390.242,0.9650,0,0,0,0
390.278,0.9650,0,0,0,0
390.308,0.9650,0,0,0,0
390.344,0.9650,0,0,0,0
390.376,0.9650,0,0,0,0
390.412,0.9650,0,0,0,0
390.443,0.9650,0,0,0,0
390.476,0.9650,0,0,0,0
390.512,0.9650,0,0,0,0
390.543,0.9650,0,0,0,0
390.579,0.9650,0,0,0,0
390.612,0.9650,0,0,0,0
390.644,0.9650,0,0,0,0
390.680,0.9650,0,0,0,0
390.709,0.9650,0,0,0,0
390.746,0.9650,0,0,0,0
390.776,0.9650,0,0,0,0
390.811,0.9650,0,0,0,0
390.848,0.9650,0,0,0,0
390.879,0.9650,0,0,0,0
390.910,0.9650,0,0,0,0
390.943,0.9650,0,0,0,0
390.982,0.9650,0,0,0,0
391.014,0.9650,0,0,0,0
391.046,0.9650,0,0,0,0
391.079,0.9650,0,0,0,0
391.110,0.9650,0,0,0,0
391.144,0.9650,0,0,0,0
391.178,0.9650,0,0,0,0
391.213,0.9650,0,0,0,0
391.246,0.9650,0,0,0,0
391.279,0.9650,0,0,0,0
391.312,0.9650,0,0,0,0
391.345,0.9650,0,0,0,0
391.379,0.9650,0,0,0,0
391.416,0.9650,0,0,0,0
391.444,0.9650,0,0,0,0
391.478,0.9650,0,0,0,0
391.512,0.9650,0,0,0,0
391.545,0.9650,0,0,0,0
391.579,0.9650,0,0,0,0
391.611,0.9650,0,0,0,0
391.643,0.9650,0,0,0,0
391.679,0.9650,0,0,0,0
391.710,0.9650,0,0,0,0
391.744,0.9650,0,0,0,0
391.779,0.9650,0,0,0,0
391.812,0.9650,0,0,0,0
391.846,0.9650,0,0,0,0
391.881,0.9650,0,0,0,0
391.910,0.9650,0,0,0,0
391.943,0.9650,0,0,0,0
391.979,0.9650,0,0,0,0
392.013,0.9650,0,0,0,0
392.048,0.9650,0,0,0,0
392.079,0.9650,0,0,0,0
392.111,0.9650,0,0,0,0
392.148,0.9650,0,0,0,0
392.168,0.9650,0,0,0,0
392.210,0.9650,0,0,0,0
392.247,0.9650,0,0,0,0
392.278,0.9650,0,0,0,0
392.313,0.9650,0,0,0,0
392.343,0.9650,0,0,0,0
392.377,0.9650,0,0,0,0
392.409,0.9650,0,0,0,0
392.445,0.9650,0,0,0,0
392.479,0.9650,0,0,0,0
392.513,0.9650,0,0,0,0
392.546,0.9650,0,0,0,0
392.575,0.9650,0,0,0,0
392.612,0.9650,0,0,0,0
392.643,0.9650,0,0,0,0
392.677,0.9650,0,0,0,0
392.711,0.9650,0,0,0,0
392.746,0.9650,0,0,0,0
392.779,0.9650,0,0,0,0
392.805,0.9650,0,0,0,0
392.845,0.9650,0,0,0,0
392.880,0.9650,0,0,0,0
392.911,0.9650,0,0,0,0
392.947,0.9650,0,0,0,0
392.979,0.9650,0,0,0,0
393.010,0.9650,0,0,0,0
393.047,0.9650,0,0,0,0
393.077,0.9650,0,0,0,0
393.113,0.9650,0,0,0,0
393.144,0.9650,0,0,0,0
393.177,0.9650,0,0,0,0
393.209,0.9650,0,0,0,0
393.243,0.9650,0,0,0,0
393.277,0.9650,0,0,0,0
393.312,0.9650,0,0,0,0
393.344,0.9650,0,0,0,0
393.376,0.9650,0,0,0,0
393.415,0.9650,0,0,0,0
393.446,0.9650,0,0,0,0
393.475,0.9650,0,0,0,0
393.512,0.9650,0,0,0,0
393.543,0.9650,0,0,0,0
393.576,0.9650,0,0,0,0
393.609,0.9650,0,0,0,0
393.646,0.9650,0,0,0,0
393.668,0.9650,0,0,0,0
393.712,0.9650,0,0,0,0
393.744,0.9650,0,0,0,0
393.779,0.9650,0,0,0,0
393.814,0.9650,0,0,0,0
393.843,0.9650,0,0,0,0
393.876,0.9650,0,0,0,0
393.915,0.9650,0,0,0,0
393.936,0.9650,0,0,0,0
393.977,0.9650,0,0,0,0
394.012,0.9650,0,0,0,0
394.044,0.9650,0,0,0,0
394.079,0.9650,0,0,0,0
394.113,0.9650,0,0,0,0
394.147,0.9650,0,0,0,0
394.179,0.9650,0,0,0,0
394.212,0.9650,0,0,0,0
394.243,0.9650,0,0,0,0
394.279,0.9650,0,0,0,0
394.310,0.9650,0,0,0,0
394.343,0.9650,0,0,0,0
394.377,0.9650,0,0,0,0
394.413,0.9650,0,0,0,0
394.444,0.9650,0,0,0,0
394.480,0.9650,0,0,0,0
394.509,0.9650,0,0,0,0
394.544,0.9650,0,0,0,0
394.581,0.9650,0,0,0,0
394.613,0.9650,0,0,0,0
394.647,0.9650,0,0,0,0
394.677,0.9650,0,0,0,0
394.709,0.9650,0,0,0,0
394.747,0.9650,0,0,0,0
394.776,0.9650,0,0,0,0
394.815,0.9650,0,0,0,0
394.847,0.9650,0,0,0,0
394.876,0.9650,0,0,0,0
394.914,0.9650,0,0,0,0
394.937,0.9650,0,0,0,0
394.980,0.9650,0,0,0,0
395.003,0.9650,0,0,0,0
395.047,0.9650,0,0,0,0
395.076,0.9650,0,0,0,0
395.112,0.9650,0,0,0,0
395.141,0.9650,0,0,0,0
395.179,0.9650,0,0,0,0
395.212,0.9650,0,0,0,0
395.245,0.9650,0,0,0,0
395.276,0.9650,0,0,0,0
395.313,0.9650,0,0,0,0
395.346,0.9650,0,0,0,0
395.379,0.9650,0,0,0,0
395.411,0.9650,0,0,0,0
395.443,0.9650,0,0,0,0
395.481,0.9650,0,0,0,0
395.510,0.9650,0,0,0,0
395.545,0.9650,0,0,0,0
395.579,0.9650,0,0,0,0
395.606,0.9650,0,0,0,0
395.642,0.9650,0,0,0,0
395.678,0.9650,0,0,0,0
395.713,0.9650,0,0,0,0
395.744,0.9650,0,0,0,0
395.779,0.9650,0,0,0,0
395.812,0.9650,0,0,0,0
395.845,0.9650,0,0,0,0
395.876,0.9650,0,0,0,0
395.909,0.9650,0,0,0,0
395.945,0.9650,0,0,0,0
395.978,0.9650,0,0,0,0
396.008,0.9650,0,0,0,0
396.040,0.9650,0,0,0,0
396.076,0.9650,0,0,0,0
396.110,0.9650,0,0,0,0
396.142,0.9650,0,0,0,0
396.177,0.9650,0,0,0,0
396.214,0.9650,0,0,0,0
396.247,0.9650,0,0,0,0
396.279,0.9650,0,0,0,0
396.316,0.9650,0,0,0,0
396.337,0.9650,0,0,0,0
396.383,0.9650,0,0,0,0
396.402,0.9650,0,0,0,0
396.450,0.9650,0,0,0,0
396.476,0.9650,0,0,0,0
396.510,0.9650,0,0,0,0
396.542,0.9650,0,0,0,0
396.577,0.9650,0,0,0,0
396.612,0.9650,0,0,0,0
396.643,0.9650,0,0,0,0
396.679,0.9650,0,0,0,0
396.713,0.9650,0,0,0,0
396.747,0.9650,0,0,0,0
396.776,0.9650,0,0,0,0
396.812,0.9650,0,0,0,0
396.845,0.9650,0,0,0,0
396.874,0.9650,0,0,0,0
396.909,0.9650,0,0,0,0
396.946,0.9650,0,0,0,0
396.978,0.9650,0,0,0,0
397.010,0.9650,0,0,0,0
397.043,0.9650,0,0,0,0
397.080,0.9650,0,0,0,0
397.112,0.9650,0,0,0,0
397.144,0.9650,0,0,0,0
397.178,0.9650,0,0,0,0
397.211,0.9650,0,0,0,0
397.246,0.9650,0,0,0,0
397.278,0.9650,0,0,0,0
397.312,0.9650,0,0,0,0
397.347,0.9650,0,0,0,0
397.380,0.9650,0,0,0,0
397.412,0.9650,0,0,0,0
397.444,0.9650,0,0,0,0
397.480,0.9650,0,0,0,0
397.510,0.9650,0,0,0,0
397.544,0.9650,0,0,0,0
397.576,0.9650,0,0,0,0
397.612,0.9650,0,0,0,0
397.643,0.9650,0,0,0,0
397.678,0.9650,0,0,0,0
397.710,0.9650,0,0,0,0
397.746,0.9650,0,0,0,0
397.778,0.9650,0,0,0,0
397.811,0.9650,0,0,0,0
397.847,0.9650,0,0,0,0
397.879,0.9650,0,0,0,0
397.910,0.9650,0,0,0,0
397.946,0.9650,0,0,0,0
397.975,0.9650,0,0,0,0
398.011,0.9650,0,0,0,0
398.043,0.9650,0,0,0,0
398.079,0.9650,0,0,0,0
398.112,0.9650,0,0,0,0
398.145,0.9650,0,0,0,0
398.177,0.9650,0,0,0,0
398.213,0.9650,0,0,0,0
398.246,0.9650,0,0,0,0
398.279,0.9650,0,0,0,0
398.310,0.9650,0,0,0,0
398.342,0.9650,0,0,0,0
398.376,0.9650,0,0,0,0
398.409,0.9650,0,0,0,0
398.445,0.9650,0,0,0,0
398.476,0.9650,0,0,0,0
398.509,0.9650,0,0,0,0
398.544,0.9650,0,0,0,0
398.578,0.9650,0,0,0,0
398.613,0.9650,0,0,0,0
398.645,0.9650,0,0,0,0
398.678,0.9650,0,0,0,0
398.713,0.9650,0,0,0,0
398.745,0.9650,0,0,0,0
398.777,0.9650,0,0,0,0
398.807,0.9650,0,0,0,0
398.844,0.9650,0,0,0,0
398.878,0.9650,0,0,0,0
398.911,0.9650,0,0,0,0
398.944,0.9650,0,0,0,0
398.978,0.9650,0,0,0,0
399.013,0.9650,0,0,0,0
399.044,0.9650,0,0,0,0
399.079,0.9650,0,0,0,0
399.113,0.9649,0,0,0,0
399.148,0.9649,0,0,0,0
399.170,0.9649,0,0,0,0
399.212,0.9649,0,0,0,0
399.245,0.9649,0,0,0,0
399.276,0.9649,0,0,0,0
399.312,0.9649,0,0,0,0
399.347,0.9649,0,0,0,0
399.377,0.9649,0,0,0,0
399.410,0.9649,0,0,0,0
399.443,0.9649,0,0,0,0
399.476,0.9649,0,0,0,0
399.512,0.9649,0,0,0,0
399.543,0.9649,0,0,0,0
399.577,0.9649,0,0,0,0
399.610,0.9649,0,0,0,0
399.648,0.9649,0,0,0,0
399.674,0.9649,0,0,0,0
399.712,0.9649,0,0,0,0
399.742,0.9649,0,0,0,0
399.778,0.9649,0,0,0,0
399.812,0.9649,0,0,0,0
399.843,0.9649,0,0,0,0
399.877,0.9649,0,0,0,0
399.911,0.9649,0,0,0,0
399.946,0.9649,0,0,0,0
399.978,0.9649,0,0,0,0
400.010,0.9649,0,0,0,0
400.046,0.9649,0,0,0,0
400.076,0.9649,0,0,0,0
400.115,0.9649,0,0,0,0
400.136,0.9649,0,0,0,0
400.177,0.9649,0,0,0,0
400.214,0.9649,0,0,0,0
400.245,0.9649,0,0,0,0
400.290,0.9649,0,0,0,0
400.306,0.9649,0,0,0,0
400.343,0.9649,0,0,0,0
400.377,0.9649,0,0,0,0
400.412,0.9649,0,0,0,0
400.444,0.9649,0,0,0,0
400.478,0.9649,0,0,0,0
400.512,0.9649,0,0,0,0
400.545,0.9649,0,0,0,0
400.578,0.9649,0,0,0,0
400.610,0.9649,0,0,0,0
400.644,0.9649,0,0,0,0
400.678,0.9649,0,0,0,0
400.712,0.9649,0,0,0,0
400.743,0.9649,0,0,0,0
400.777,0.9649,0,0,0,0
400.813,0.9649,0,0,0,0
400.844,0.9649,0,0,0,0
400.880,0.9649,0,0,0,0
400.914,0.9649,0,0,0,0
400.942,0.9649,0,0,0,0
400.977,0.9649,0,0,0,0
401.011,0.9649,0,0,0,0
401.046,0.9649,0,0,0,0
401.077,0.9649,0,0,0,0
401.110,0.9649,0,0,0,0
401.145,0.9649,0,0,0,0
401.180,0.9649,0,0,0,0
401.212,0.9649,0,0,0,0
401.246,0.9649,0,0,0,0
401.279,0.9649,0,0,0,0
401.313,0.9649,0,0,0,0
401.343,0.9649,0,0,0,0
401.379,0.9649,0,0,0,0
401.411,0.9649,0,0,0,0
401.445,0.9649,0,0,0,0
401.479,0.9649,0,0,0,0
401.514,0.9649,0,0,0,0
401.546,0.9649,0,0,0,0
401.574,0.9649,0,0,0,0
401.612,0.9649,0,0,0,0
401.645,0.9649,0,0,0,0
401.677,0.9649,0,0,0,0
401.709,0.9649,0,0,0,0
401.743,0.9649,0,0,0,0
401.778,0.9649,0,0,0,0
401.811,0.9649,0,0,0,0
401.845,0.9649,0,0,0,0
401.879,0.9649,0,0,0,0
401.909,0.9649,0,0,0,0
401.945,0.9649,0,0,0,0
401.976,0.9649,0,0,0,0
402.012,0.9649,0,0,0,0
402.043,0.9649,0,0,0,0
402.079,0.9649,0,0,0,0
402.112,0.9649,0,0,0,0
402.146,0.9649,0,0,0,0
402.181,0.9649,0,0,0,0
402.209,0.9649,0,0,0,0
402.246,0.9649,0,0,0,0
402.276,0.9649,0,0,0,0
402.310,0.9649,0,0,0,0
402.347,0.9649,0,0,0,0
402.378,0.9649,0,0,0,0
402.414,0.9649,0,0,0,0
402.445,0.9649,0,0,0,0
402.476,0.9649,0,0,0,0
402.510,0.9649,0,0,0,0
402.547,0.9649,0,0,0,0
402.578,0.9649,0,0,0,0
402.610,0.9649,0,0,0,0
402.648,0.9649,0,0,0,0
402.676,0.9649,0,0,0,0
402.709,0.9649,0,0,0,0
402.748,0.9649,0,0,0,0
402.779,0.9649,0,0,0,0
402.811,0.9649,0,0,0,0
402.845,0.9649,0,0,0,0
402.876,0.9649,0,0,0,0
402.910,0.9649,0,0,0,0
402.945,0.9649,0,0,0,0
402.980,0.9649,0,0,0,0
403.010,0.9649,0,0,0,0
403.043,0.9649,0,0,0,0
403.079,0.9649,0,0,0,0
403.110,0.9649,0,0,0,0
403.146,0.9649,0,0,0,0
403.178,0.9649,0,0,0,0
403.209,0.9649,0,0,0,0
403.245,0.9649,0,0,0,0
403.277,0.9649,0,0,0,0
403.312,0.9649,0,0,0,0
403.342,0.9649,0,0,0,0
403.382,0.9649,0,0,0,0
403.413,0.9649,0,0,0,0
403.446,0.9649,0,0,0,0
403.477,0.9649,0,0,0,0
403.510,0.9649,0,0,0,0
403.545,0.9649,0,0,0,0
403.577,0.9649,0,0,0,0
403.612,0.9649,0,0,0,0
403.644,0.9649,0,0,0,0
403.679,0.9649,0,0,0,0
403.710,0.9649,0,0,0,0
403.742,0.9649,0,0,0,0
403.780,0.9649,0,0,0,0
403.809,0.9649,0,0,0,0
403.846,0.9649,0,0,0,0
403.879,0.9649,0,0,0,0
403.911,0.9649,0,0,0,0
403.944,0.9649,0,0,0,0
403.980,0.9649,0,0,0,0
404.001,0.9649,0,0,0,0
404.043,0.9649,0,0,0,0
404.075,0.9649,0,0,0,0
404.113,0.9649,0,0,0,0
404.144,0.9649,0,0,0,0
404.178,0.9649,0,0,0,0
404.210,0.9649,0,0,0,0
404.245,0.9649,0,0,0,0
404.279,0.9649,0,0,0,0
404.312,0.9649,0,0,0,0
404.345,0.9649,0,0,0,0
404.378,0.9649,0,0,0,0
404.411,0.9649,0,0,0,0
404.442,0.9649,0,0,0,0
404.478,0.9649,0,0,0,0
404.513,0.9649,0,0,0,0
404.545,0.9649,0,0,0,0
404.576,0.9649,0,0,0,0
404.612,0.9649,0,0,0,0
404.643,0.9649,0,0,0,0
404.679,0.9649,0,0,0,0
404.710,0.9649,0,0,0,0
404.746,0.9649,0,0,0,0
404.778,0.9649,0,0,0,0
404.812,0.9649,0,0,0,0
404.844,0.9649,0,0,0,0
404.879,0.9649,0,0,0,0
404.909,0.9649,0,0,0,0
404.945,0.9649,0,0,0,0
404.976,0.9649,0,0,0,0
405.013,0.9649,0,0,0,0
405.046,0.9649,0,0,0,0
405.078,0.9649,0,0,0,0
405.110,0.9649,0,0,0,0
405.142,0.9649,0,0,0,0
405.179,0.9649,0,0,0,0
405.212,0.9649,0,0,0,0
405.244,0.9649,0,0,0,0
405.281,0.9649,0,0,0,0
405.312,0.9649,0,0,0,0
405.345,0.9649,0,0,0,0
405.379,0.9649,0,0,0,0
405.412,0.9649,0,0,0,0
405.446,0.9649,0,0,0,0
405.479,0.9649,0,0,0,0
405.513,0.9649,0,0,0,0
405.544,0.9649,0,0,0,0
405.579,0.9649,0,0,0,0
405.609,0.9649,0,0,0,0
405.645,0.9649,0,0,0,0
405.675,0.9649,0,0,0,0
405.713,0.9649,0,0,0,0
405.743,0.9649,0,0,0,0
405.779,0.9649,0,0,0,0
405.811,0.9649,0,0,0,0
405.842,0.9649,0,0,0,0
405.876,0.9649,0,0,0,0
405.910,0.9649,0,0,0,0
405.946,0.9649,0,0,0,0
405.980,0.9649,0,0,0,0
406.012,0.9649,0,0,0,0
406.045,0.9649,0,0,0,0
406.080,0.9649,0,0,0,0
406.109,0.9649,0,0,0,0
406.144,0.9649,0,0,0,0
406.180,0.9649,0,0,0,0
406.209,0.9649,0,0,0,0
406.244,0.9649,0,0,0,0
406.280,0.9649,0,0,0,0
406.310,0.9649,0,0,0,0
406.346,0.9649,0,0,0,0
406.378,0.9649,0,0,0,0
406.413,0.9649,0,0,0,0
406.446,0.9649,0,0,0,0
406.474,0.9649,0,0,0,0
406.512,0.9649,0,0,0,0
406.544,0.9649,0,0,0,0
406.579,0.9649,0,0,0,0
406.610,0.9649,0,0,0,0
406.644,0.9649,0,0,0,0
406.676,0.9649,0,0,0,0
406.710,0.9649,0,0,0,0
406.747,0.9649,0,0,0,0
406.779,0.9649,0,0,0,0
406.812,0.9649,0,0,0,0
406.843,0.9649,0,0,0,0
406.876,0.9649,0,0,0,0
406.912,0.9649,0,0,0,0
406.944,0.9649,0,0,0,0
406.976,0.9649,0,0,0,0
407.013,0.9649,0,0,0,0
407.045,0.9649,0,0,0,0
407.077,0.9649,0,0,0,0
407.109,0.9649,0,0,0,0
407.147,0.9649,0,0,0,0
407.175,0.9649,0,0,0,0
407.212,0.9649,0,0,0,0
407.246,0.9649,0,0,0,0
407.277,0.9649,0,0,0,0
407.310,0.9649,0,0,0,0
407.345,0.9649,0,0,0,0
407.376,0.9649,0,0,0,0
407.409,0.9649,0,0,0,0
407.443,0.9649,0,0,0,0
407.476,0.9649,0,0,0,0
407.510,0.9649,0,0,0,0
407.543,0.9649,0,0,0,0
407.579,0.9649,0,0,0,0
407.612,0.9649,0,0,0,0
407.642,0.9649,0,0,0,0
407.679,0.9649,0,0,0,0
407.706,0.9649,0,0,0,0
407.740,0.9649,0,0,0,0
407.783,0.9649,0,0,0,0
407.815,0.9649,0,0,0,0
407.847,0.9649,0,0,0,0
407.880,0.9649,0,0,0,0
407.912,0.9649,0,0,0,0
407.945,0.9649,0,0,0,0
407.979,0.9649,0,0,0,0
408.008,0.9649,0,0,0,0
408.045,0.9649,0,0,0,0
408.079,0.9649,0,0,0,0
408.112,0.9649,0,0,0,0
408.143,0.9649,0,0,0,0
408.179,0.9649,0,0,0,0
408.214,0.9649,0,0,0,0
408.247,0.9649,0,0,0,0
408.276,0.9649,0,0,0,0
408.317,0.9649,0,0,0,0
408.337,0.9649,0,0,0,0
408.381,0.9649,0,0,0,0
408.412,0.9649,0,0,0,0
408.442,0.9649,0,0,0,0
408.480,0.9649,0,0,0,0
408.511,0.9649,0,0,0,0
408.544,0.9649,0,0,0,0
408.579,0.9649,0,0,0,0
408.614,0.9649,0,0,0,0
408.645,0.9649,0,0,0,0
408.676,0.9649,0,0,0,0
408.712,0.9649,0,0,0,0
408.743,0.9649,0,0,0,0
408.775,0.9649,0,0,0,0
408.812,0.9649,0,0,0,0
408.843,0.9649,0,0,0,0
408.877,0.9649,0,0,0,0
408.910,0.9649,0,0,0,0
408.944,0.9649,0,0,0,0
408.979,0.9649,0,0,0,0
409.013,0.9649,0,0,0,0
409.046,0.9649,0,0,0,0
409.075,0.9649,0,0,0,0
409.113,0.9649,0,0,0,0
409.146,0.9649,0,0,0,0
409.176,0.9649,0,0,0,0
409.209,0.9649,0,0,0,0
409.244,0.9649,0,0,0,0
409.277,0.9649,0,0,0,0
409.311,0.9649,0,0,0,0
409.346,0.9649,0,0,0,0
409.382,0.9649,0,0,0,0
409.410,0.9649,0,0,0,0
409.445,0.9649,0,0,0,0
409.480,0.9649,0,0,0,0
409.511,0.9649,0,0,0,0
409.546,0.9649,0,0,0,0
409.579,0.9649,0,0,0,0
409.613,0.9649,0,0,0,0
409.645,0.9649,0,0,0,0
409.677,0.9649,0,0,0,0
409.712,0.9649,0,0,0,0
409.747,0.9649,0,0,0,0
409.777,0.9649,0,0,0,0
409.810,0.9649,0,0,0,0
409.843,0.9649,0,0,0,0
409.876,0.9649,0,0,0,0
409.910,0.9649,0,0,0,0
409.944,0.9649,0,0,0,0
409.979,0.9649,0,0,0,0
410.010,0.9649,0,0,0,0
410.046,0.9649,0,0,0,0
410.079,0.9649,0,0,0,0
410.113,0.9649,0,0,0,0
410.135,0.9649,0,0,0,0
410.181,0.9649,0,0,0,0
410.212,0.9649,0,0,0,0
410.245,0.9649,0,0,0,0
410.280,0.9649,0,0,0,0
410.311,0.9649,0,0,0,0
410.348,0.9649,0,0,0,0
410.377,0.9649,0,0,0,0
410.413,0.9649,0,0,0,0
410.445,0.9649,0,0,0,0
410.480,0.9649,0,0,0,0
410.512,0.9649,0,0,0,0
410.544,0.9649,0,0,0,0
410.579,0.9649,0,0,0,0
410.611,0.9649,0,0,0,0
410.644,0.9649,0,0,0,0
410.676,0.9649,0,0,0,0
410.715,0.9649,0,0,0,0
410.743,0.9649,0,0,0,0
410.775,0.9649,0,0,0,0
410.814,0.9649,0,0,0,0
410.846,0.9649,0,0,0,0
410.883,0.9649,0,0,0,0
410.913,0.9649,0,0,0,0
410.945,0.9649,0,0,0,0
410.977,0.9649,0,0,0,0
411.009,0.9649,0,0,0,0
411.045,0.9649,0,0,0,0
411.079,0.9649,0,0,0,0
411.112,0.9649,0,0,0,0
411.147,0.9649,0,0,0,0
411.178,0.9648,0,0,0,0
411.211,0.9648,0,0,0,0
411.245,0.9648,0,0,0,0
411.280,0.9648,0,0,0,0
411.313,0.9648,0,0,0,0
411.344,0.9648,0,0,0,0
411.376,0.9648,0,0,0,0
411.414,0.9648,0,0,0,0
411.446,0.9648,0,0,0,0
411.481,0.9648,0,0,0,0
411.515,0.9648,0,0,0,0
411.547,0.9648,0,0,0,0
411.579,0.9648,0,0,0,0
411.611,0.9648,0,0,0,0
411.655,0.9648,0,0,0,0
411.671,0.9648,0,0,0,0
411.711,0.9648,0,0,0,0
411.746,0.9648,0,0,0,0
411.777,0.9648,0,0,0,0
411.813,0.9648,0,0,0,0
411.846,0.9648,0,0,0,0
411.879,0.9648,0,0,0,0
411.908,0.9648,0,0,0,0
411.946,0.9648,0,0,0,0
411.979,0.9648,0,0,0,0
412.012,0.9648,0,0,0,0
412.042,0.9648,0,0,0,0
412.081,0.9648,0,0,0,0
412.120,0.9648,0,0,0,0
412.145,0.9648,0,0,0,0
412.176,0.9648,0,0,0,0
412.209,0.9648,0,0,0,0
412.243,0.9648,0,0,0,0
412.277,0.9648,0,0,0,0
412.314,0.9648,0,0,0,0
412.345,0.9648,0,0,0,0
412.378,0.9648,0,0,0,0
412.414,0.9648,0,0,0,0
412.447,0.9648,0,0,0,0
412.472,0.9648,0,0,0,0
412.511,0.9648,0,0,0,0
412.547,0.9648,0,0,0,0
412.579,0.9648,0,0,0,0
412.609,0.9648,0,0,0,0
412.647,0.9648,0,0,0,0
412.678,0.9648,0,0,0,0
412.710,0.9648,0,0,0,0
412.748,0.9648,0,0,0,0
412.778,0.9648,0,0,0,0
412.809,0.9648,0,0,0,0
412.845,0.9648,0,0,0,0
412.876,0.9648,0,0,0,0
412.912,0.9648,0,0,0,0
412.944,0.9648,0,0,0,0
412.976,0.9648,0,0,0,0
413.009,0.9648,0,0,0,0
413.042,0.9648,0,0,0,0
413.078,0.9648,0,0,0,0
413.112,0.9648,0,0,0,0
413.147,0.9648,0,0,0,0
413.179,0.9648,0,0,0,0
413.211,0.9648,0,0,0,0
413.246,0.9648,0,0,0,0
413.279,0.9648,0,0,0,0
413.309,0.9648,0,0,0,0
413.344,0.9648,0,0,0,0
413.373,0.9648,0,0,0,0
413.408,0.9648,0,0,0,0
413.440,0.9648,0,0,0,0
413.475,0.9648,0,0,0,0
413.510,0.9648,0,0,0,0
413.545,0.9648,0,0,0,0
413.579,0.9648,0,0,0,0
413.610,0.9648,0,0,0,0
413.644,0.9648,0,0,0,0
413.679,0.9648,0,0,0,0
413.714,0.9648,0,0,0,0
413.744,0.9648,0,0,0,0
413.780,0.9648,0,0,0,0
413.813,0.9648,0,0,0,0
413.844,0.9648,0,0,0,0
413.876,0.9648,0,0,0,0
413.913,0.9648,0,0,0,0
413.946,0.9648,0,0,0,0
413.978,0.9648,0,0,0,0
414.010,0.9648,0,0,0,0
414.045,0.9648,0,0,0,0
414.080,0.9648,0,0,0,0
414.110,0.9648,0,0,0,0
414.146,0.9648,0,0,0,0
414.180,0.9648,0,0,0,0
414.209,0.9648,0,0,0,0
414.243,0.9648,0,0,0,0
414.279,0.9648,0,0,0,0
414.311,0.9648,0,0,0,0
414.343,0.9648,0,0,0,0
414.376,0.9648,0,0,0,0
414.411,0.9648,0,0,0,0
414.444,0.9648,0,0,0,0
414.476,0.9648,0,0,0,0
414.512,0.9648,0,0,0,0
414.545,0.9648,0,0,0,0
414.577,0.9648,0,0,0,0
414.610,0.9648,0,0,0,0
414.644,0.9648,0,0,0,0
414.678,0.9648,0,0,0,0
414.713,0.9648,0,0,0,0
414.745,0.9648,0,0,0,0
414.779,0.9648,0,0,0,0
414.814,0.9648,0,0,0,0
414.843,0.9648,0,0,0,0
414.879,0.9648,0,0,0,0
414.913,0.9648,0,0,0,0
414.946,0.9648,0,0,0,0
414.980,0.9648,0,0,0,0
415.013,0.9648,0,0,0,0
415.045,0.9648,0,0,0,0
415.078,0.9648,0,0,0,0
415.109,0.9648,0,0,0,0
415.146,0.9648,0,0,0,0
415.177,0.9648,0,0,0,0
415.209,0.9648,0,0,0,0
415.242,0.9648,0,0,0,0
415.275,0.9648,0,0,0,0
415.313,0.9648,0,0,0,0
415.347,0.9648,0,0,0,0
415.378,0.9648,0,0,0,0
415.413,0.9648,0,0,0,0
415.446,0.9648,0,0,0,0
415.477,0.9648,0,0,0,0
415.513,0.9648,0,0,0,0
415.547,0.9648,0,0,0,0
415.577,0.9648,0,0,0,0
415.611,0.9648,0,0,0,0
415.645,0.9648,0,0,0,0
415.676,0.9648,0,0,0,0
415.710,0.9648,0,0,0,0
415.742,0.9648,0,0,0,0
415.778,0.9648,0,0,0,0
415.811,0.9648,0,0,0,0
415.846,0.9648,0,0,0,0
415.877,0.9648,0,0,0,0
415.909,0.9648,0,0,0,0
415.943,0.9648,0,0,0,0
415.979,0.9648,0,0,0,0
416.012,0.9648,0,0,0,0
416.046,0.9648,0,0,0,0
416.076,0.9648,0,0,0,0
416.114,0.9648,0,0,0,0
416.142,0.9648,0,0,0,0
416.180,0.9648,0,0,0,0
416.211,0.9648,0,0,0,0
416.243,0.9648,0,0,0,0
416.279,0.9648,0,0,0,0
416.310,0.9648,0,0,0,0
416.345,0.9648,0,0,0,0
416.380,0.9648,0,0,0,0
416.413,0.9648,0,0,0,0
416.443,0.9648,0,0,0,0
416.478,0.9648,0,0,0,0
416.510,0.9648,0,0,0,0
416.545,0.9648,0,0,0,0
416.577,0.9648,0,0,0,0
416.609,0.9648,0,0,0,0
416.646,0.9648,0,0,0,0
416.676,0.9648,0,0,0,0
416.709,0.9648,0,0,0,0
416.746,0.9648,0,0,0,0
416.779,0.9648,0,0,0,0
416.809,0.9648,0,0,0,0
416.844,0.9648,0,0,0,0
416.880,0.9648,0,0,0,0
416.909,0.9648,0,0,0,0
416.945,0.9648,0,0,0,0
416.978,0.9648,0,0,0,0
417.010,0.9648,0,0,0,0
417.045,0.9648,0,0,0,0
417.077,0.9648,0,0,0,0
417.112,0.9648,0,0,0,0
417.144,0.9648,0,0,0,0
417.177,0.9648,0,0,0,0
417.212,0.9648,0,0,0,0
417.245,0.9648,0,0,0,0
417.279,0.9648,0,0,0,0
417.313,0.9648,0,0,0,0
417.346,0.9648,0,0,0,0
417.378,0.9648,0,0,0,0
417.413,0.9648,0,0,0,0
417.444,0.9648,0,0,0,0
417.479,0.9648,0,0,0,0
417.510,0.9648,0,0,0,0
417.546,0.9648,0,0,0,0
417.577,0.9648,0,0,0,0
417.613,0.9648,0,0,0,0
417.644,0.9648,0,0,0,0
417.677,0.9648,0,0,0,0
417.709,0.9648,0,0,0,0
417.746,0.9648,0,0,0,0
417.777,0.9648,0,0,0,0
417.810,0.9648,0,0,0,0
417.843,0.9648,0,0,0,0
417.876,0.9648,0,0,0,0
417.912,0.9648,0,0,0,0
417.945,0.9648,0,0,0,0
417.977,0.9648,0,0,0,0
418.010,0.9648,0,0,0,0
418.048,0.9648,0,0,0,0
418.075,0.9648,0,0,0,0
418.112,0.9648,0,0,0,0
418.146,0.9648,0,0,0,0
418.178,0.9648,0,0,0,0
418.210,0.9648,0,0,0,0
418.246,0.9648,0,0,0,0
418.277,0.9648,0,0,0,0
418.313,0.9648,0,0,0,0
418.345,0.9648,0,0,0,0
418.378,0.9648,0,0,0,0
418.412,0.9648,0,0,0,0
418.445,0.9648,0,0,0,0
418.468,0.9648,0,0,0,0
418.514,0.9648,0,0,0,0
418.537,0.9648,0,0,0,0
418.577,0.9648,0,0,0,0
418.612,0.9648,0,0,0,0
418.645,0.9648,0,0,0,0
418.677,0.9648,0,0,0,0
418.713,0.9648,0,0,0,0
418.745,0.9648,0,0,0,0
418.775,0.9648,0,0,0,0
418.811,0.9648,0,0,0,0
418.846,0.9648,0,0,0,0
418.875,0.9648,0,0,0,0
418.909,0.9648,0,0,0,0
418.943,0.9648,0,0,0,0
418.978,0.9648,0,0,0,0
419.009,0.9648,0,0,0,0
419.042,0.9648,0,0,0,0
419.075,0.9648,0,0,0,0
419.108,0.9648,0,0,0,0
419.142,0.9648,0,0,0,0
419.176,0.9648,0,0,0,0
419.208,0.9648,0,0,0,0
419.246,0.9648,0,0,0,0
419.275,0.9648,0,0,0,0
419.310,0.9648,0,0,0,0
419.343,0.9648,0,0,0,0
419.378,0.9648,0,0,0,0
419.413,0.9648,0,0,0,0
419.444,0.9648,0,0,0,0
419.480,0.9648,0,0,0,0
419.511,0.9648,0,0,0,0
419.543,0.9648,0,0,0,0
419.576,0.9648,0,0,0,0
419.612,0.9648,0,0,0,0
419.643,0.9648,0,0,0,0
419.679,0.9648,0,0,0,0
419.710,0.9648,0,0,0,0
419.746,0.9648,0,0,0,0
419.777,0.9648,0,0,0,0
419.813,0.9648,0,0,0,0
419.844,0.9648,0,0,0,0
419.878,0.9648,0,0,0,0
419.910,0.9648,0,0,0,0
419.943,0.9648,0,0,0,0
419.976,0.9648,0,0,0,0
420.013,0.9648,0,0,0,0
420.044,0.9648,0,0,0,0
420.077,0.9648,0,0,0,0
420.110,0.9648,0,0,0,0
420.144,0.9648,0,0,0,0
420.177,0.9648,0,0,0,0
420.212,0.9648,0,0,0,0
420.246,0.9648,0,0,0,0
420.280,0.9648,0,0,0,0
420.312,0.9648,0,0,0,0
420.345,0.9648,0,0,0,0
420.377,0.9648,0,0,0,0
420.413,0.9648,0,0,0,0
420.445,0.9648,0,0,0,0
420.479,0.9648,0,0,0,0
420.509,0.9648,0,0,0,0
420.543,0.9648,0,0,0,0
420.576,0.9648,0,0,0,0
420.612,0.9648,0,0,0,0
420.646,0.9648,0,0,0,0
420.682,0.9648,0,0,0,0
420.702,0.9648,0,0,0,0
420.747,0.9648,0,0,0,0
420.779,0.9648,0,0,0,0
420.812,0.9648,0,0,0,0
420.847,0.9648,0,0,0,0
420.877,0.9648,0,0,0,0
420.912,0.9648,0,0,0,0
420.943,0.9648,0,0,0,0
420.979,0.9648,0,0,0,0
421.012,0.9648,0,0,0,0
421.047,0.9648,0,0,0,0
421.074,0.9648,0,0,0,0
421.106,0.9648,0,0,0,0
421.134,0.9648,0,0,0,0
421.180,0.9648,0,0,0,0
421.209,0.9648,0,0,0,0
421.243,0.9648,0,0,0,0
421.270,0.9648,0,0,0,0
421.308,0.9648,0,0,0,0
421.346,0.9648,0,0,0,0
421.370,0.9648,0,0,0,0
421.414,0.9648,0,0,0,0
421.438,0.9648,0,0,0,0
421.476,0.9648,0,0,0,0
421.507,0.9648,0,0,0,0
421.546,0.9648,0,0,0,0
421.574,0.9648,0,0,0,0
421.608,0.9648,0,0,0,0
421.642,0.9648,0,0,0,0
421.681,0.9648,0,0,0,0
421.710,0.9648,0,0,0,0
421.748,0.9648,0,0,0,0
421.779,0.9648,0,0,0,0
421.809,0.9648,0,0,0,0
421.843,0.9648,0,0,0,0
421.878,0.9648,0,0,0,0
421.904,0.9648,0,0,0,0
421.934,0.9648,0,0,0,0
421.965,0.9648,0,0,0,0
422.011,0.9648,0,0,0,0
422.043,0.9648,0,0,0,0
422.078,0.9648,0,0,0,0
422.115,0.9648,0,0,0,0
422.135,0.9648,0,0,0,0
422.180,0.9648,0,0,0,0
422.206,0.9648,0,0,0,0
422.243,0.9648,0,0,0,0
422.268,0.9648,0,0,0,0
422.309,0.9648,0,0,0,0
422.345,0.9648,0,0,0,0
422.376,0.9648,0,0,0,0
422.410,0.9648,0,0,0,0
422.444,0.9648,0,0,0,0
422.479,0.9648,0,0,0,0
422.512,0.9648,0,0,0,0
422.543,0.9648,0,0,0,0
422.576,0.9648,0,0,0,0
422.613,0.9648,0,0,0,0
422.647,0.9648,0,0,0,0
422.676,0.9648,0,0,0,0
422.709,0.9648,0,0,0,0
422.742,0.9648,0,0,0,0
422.778,0.9648,0,0,0,0
422.811,0.9648,0,0,0,0
422.843,0.9648,0,0,0,0
422.878,0.9648,0,0,0,0
422.913,0.9648,0,0,0,0
422.946,0.9648,0,0,0,0
422.977,0.9648,0,0,0,0
423.009,0.9648,0,0,0,0
423.045,0.9648,0,0,0,0
423.077,0.9648,0,0,0,0
423.112,0.9648,0,0,0,0
423.144,0.9648,0,0,0,0
423.178,0.9648,0,0,0,0
423.210,0.9648,0,0,0,0
423.251,0.9648,0,0,0,0
423.279,0.9648,0,0,0,0
423.310,0.9648,0,0,0,0
423.344,0.9648,0,0,0,0
423.376,0.9648,0,0,0,0
423.413,0.9648,0,0,0,0
423.446,0.9648,0,0,0,0
423.478,0.9648,0,0,0,0
423.513,0.9648,0,0,0,0
423.546,0.9648,0,0,0,0
423.576,0.9648,0,0,0,0
423.610,0.9648,0,0,0,0
423.643,0.9648,0,0,0,0
423.679,0.9648,0,0,0,0
423.713,0.9648,0,0,0,0
423.747,0.9647,0,0,0,0
423.780,0.9647,0,0,0,0
423.810,0.9647,0,0,0,0
423.846,0.9647,0,0,0,0
423.880,0.9647,0,0,0,0
423.913,0.9647,0,0,0,0
423.943,0.9647,0,0,0,0
423.979,0.9647,0,0,0,0
424.012,0.9647,0,0,0,0
424.046,0.9647,0,0,0,0
424.079,0.9647,0,0,0,0
424.112,0.9647,0,0,0,0
424.143,0.9647,0,0,0,0
424.179,0.9647,0,0,0,0
424.213,0.9647,0,0,0,0
424.244,0.9647,0,0,0,0
424.277,0.9647,0,0,0,0
424.313,0.9647,0,0,0,0
424.344,0.9647,0,0,0,0
424.377,0.9647,0,0,0,0
424.410,0.9647,0,0,0,0
424.446,0.9647,0,0,0,0
424.479,0.9647,0,0,0,0
424.510,0.9647,0,0,0,0
424.543,0.9647,0,0,0,0
424.578,0.9647,0,0,0,0
424.612,0.9647,0,0,0,0
424.644,0.9647,0,0,0,0
424.679,0.9647,0,0,0,0
424.712,0.9647,0,0,0,0
424.742,0.9647,0,0,0,0
424.776,0.9647,0,0,0,0
424.813,0.9647,0,0,0,0
424.853,0.9647,0,0,0,0
424.872,0.9647,0,0,0,0
424.913,0.9647,0,0,0,0
424.946,0.9647,0,0,0,0
424.977,0.9647,0,0,0,0
425.010,0.9647,0,0,0,0
425.043,0.9647,0,0,0,0
425.079,0.9647,0,0,0,0
425.110,0.9647,0,0,0,0
425.145,0.9647,0,0,0,0
425.176,0.9647,0,0,0,0
425.212,0.9647,0,0,0,0
425.247,0.9647,0,0,0,0
425.280,0.9647,0,0,0,0
425.310,0.9647,0,0,0,0
425.347,0.9647,0,0,0,0
425.380,0.9647,0,0,0,0
425.409,0.9647,0,0,0,0
425.445,0.9647,0,0,0,0
425.479,0.9647,0,0,0,0
425.511,0.9647,0,0,0,0
425.546,0.9647,0,0,0,0
425.577,0.9647,0,0,0,0
425.611,0.9647,0,0,0,0
425.645,0.9647,0,0,0,0
425.667,0.9647,0,0,0,0
425.713,0.9647,0,0,0,0
425.743,0.9647,0,0,0,0
425.780,0.9647,0,0,0,0
425.810,0.9647,0,0,0,0
425.847,0.9647,0,0,0,0
425.880,0.9647,0,0,0,0
425.910,0.9647,0,0,0,0
425.945,0.9647,0,0,0,0
425.978,0.9647,0,0,0,0
426.012,0.9647,0,0,0,0
426.044,0.9647,0,0,0,0
426.079,0.9647,0,0,0,0
426.110,0.9647,0,0,0,0
426.147,0.9647,0,0,0,0
426.176,0.9647,0,0,0,0
426.213,0.9647,0,0,0,0
426.246,0.9647,0,0,0,0
426.277,0.9647,0,0,0,0
426.309,0.9647,0,0,0,0
426.347,0.9647,0,0,0,0
426.377,0.9647,0,0,0,0
426.411,0.9647,0,0,0,0
426.445,0.9647,0,0,0,0
426.478,0.9647,0,0,0,0
426.513,0.9647,0,0,0,0
426.547,0.9647,0,0,0,0
426.580,0.9647,0,0,0,0
426.613,0.9647,0,0,0,0
426.643,0.9647,0,0,0,0
426.679,0.9647,0,0,0,0
426.714,0.9647,0,0,0,0
426.744,0.9647,0,0,0,0
426.779,0.9647,0,0,0,0
426.810,0.9647,0,0,0,0
426.842,0.9647,0,0,0,0
426.880,0.9647,0,0,0,0
426.911,0.9647,0,0,0,0
426.943,0.9647,0,0,0,0
426.976,0.9647,0,0,0,0
427.014,0.9647,0,0,0,0
427.045,0.9647,0,0,0,0
427.078,0.9647,0,0,0,0
427.110,0.9647,0,0,0,0
427.145,0.9647,0,0,0,0
427.178,0.9647,0,0,0,0
427.210,0.9647,0,0,0,0
427.246,0.9647,0,0,0,0
427.279,0.9647,0,0,0,0
427.310,0.9647,0,0,0,0
427.345,0.9647,0,0,0,0
427.377,0.9647,0,0,0,0
427.411,0.9647,0,0,0,0
427.447,0.9647,0,0,0,0
427.480,0.9647,0,0,0,0
427.510,0.9647,0,0,0,0
427.546,0.9647,0,0,0,0
427.578,0.9647,0,0,0,0
427.611,0.9647,0,0,0,0
427.644,0.9647,0,0,0,0
427.680,0.9647,0,0,0,0
427.712,0.9647,0,0,0,0
427.743,0.9647,0,0,0,0
427.779,0.9647,0,0,0,0
427.809,0.9647,0,0,0,0
427.847,0.9647,0,0,0,0
427.879,0.9647,0,0,0,0
427.913,0.9647,0,0,0,0
427.946,0.9647,0,0,0,0
427.977,0.9647,0,0,0,0
428.012,0.9647,0,0,0,0
428.046,0.9647,0,0,0,0
428.083,0.9647,0,0,0,0
428.112,0.9647,0,0,0,0
428.143,0.9647,0,0,0,0
428.178,0.9647,0,0,0,0
428.210,0.9647,0,0,0,0
428.246,0.9647,0,0,0,0
428.278,0.9647,0,0,0,0
428.312,0.9647,0,0,0,0
428.347,0.9647,0,0,0,0
428.379,0.9647,0,0,0,0
428.411,0.9647,0,0,0,0
428.447,0.9647,0,0,0,0
428.479,0.9647,0,0,0,0
428.510,0.9647,0,0,0,0
428.543,0.9647,0,0,0,0
428.579,0.9647,0,0,0,0
428.610,0.9647,0,0,0,0
428.647,0.9647,0,0,0,0
428.680,0.9647,0,0,0,0
428.709,0.9647,0,0,0,0
428.738,0.9647,0,0,0,0
428.773,0.9647,0,0,0,0
428.803,0.9647,0,0,0,0
428.842,0.9647,0,0,0,0
428.878,0.9647,0,0,0,0
428.909,0.9647,0,0,0,0
428.948,0.9647,0,0,0,0
428.970,0.9647,0,0,0,0
429.013,0.9647,0,0,0,0
429.034,0.9647,0,0,0,0
429.077,0.9647,0,0,0,0
429.110,0.9647,0,0,0,0
429.143,0.9647,0,0,0,0
429.168,0.9647,0,0,0,0
429.210,0.9647,0,0,0,0
429.243,0.9647,0,0,0,0
429.277,0.9647,0,0,0,0
429.311,0.9647,0,0,0,0
429.344,0.9647,0,0,0,0
429.376,0.9647,0,0,0,0
429.401,0.9647,0,0,0,0
429.447,0.9647,0,0,0,0
429.480,0.9647,0,0,0,0
429.512,0.9647,0,0,0,0
429.546,0.9647,0,0,0,0
429.579,0.9647,0,0,0,0
429.613,0.9647,0,0,0,0
429.647,0.9647,0,0,0,0
429.680,0.9647,0,0,0,0
429.711,0.9647,0,0,0,0
429.746,0.9647,0,0,0,0
429.777,0.9647,0,0,0,0
429.814,0.9647,0,0,0,0
429.845,0.9647,0,0,0,0
429.880,0.9647,0,0,0,0
429.913,0.9647,0,0,0,0
429.944,0.9647,0,0,0,0
429.979,0.9647,0,0,0,0
430.012,0.9647,0,0,0,0
430.044,0.9647,0,0,0,0
430.077,0.9647,0,0,0,0
430.110,0.9647,0,0,0,0
430.144,0.9647,0,0,0,0
430.177,0.9647,0,0,0,0
430.213,0.9647,0,0,0,0
430.237,0.9647,0,0,0,0
430.277,0.9647,0,0,0,0
430.311,0.9647,0,0,0,0
430.342,0.9647,0,0,0,0
430.378,0.9647,0,0,0,0
430.401,0.9647,0,0,0,0
430.446,0.9647,0,0,0,0
430.477,0.9647,0,0,0,0
430.512,0.9647,0,0,0,0
430.544,0.9647,0,0,0,0
430.577,0.9647,0,0,0,0
430.611,0.9647,0,0,0,0
430.634,0.9647,0,0,0,0
430.679,0.9647,0,0,0,0
430.709,0.9647,0,0,0,0
430.744,0.9647,0,0,0,0
430.780,0.9647,0,0,0,0
430.811,0.9647,0,0,0,0
430.843,0.9647,0,0,0,0
430.879,0.9647,0,0,0,0
430.908,0.9647,0,0,0,0
430.946,0.9647,0,0,0,0
430.970,0.9647,0,0,0,0
431.013,0.9647,0,0,0,0
431.036,0.9647,0,0,0,0
431.079,0.9647,0,0,0,0
431.112,0.9647,0,0,0,0
431.145,0.9647,0,0,0,0
431.179,0.9647,0,0,0,0
431.209,0.9647,0,0,0,0
431.245,0.9647,0,0,0,0
431.277,0.9647,0,0,0,0
431.310,0.9647,0,0,0,0
431.345,0.9647,0,0,0,0
431.376,0.9647,0,0,0,0
431.413,0.9647,0,0,0,0
431.444,0.9647,0,0,0,0
431.480,0.9647,0,0,0,0
431.513,0.9647,0,0,0,0
431.546,0.9647,0,0,0,0
431.580,0.9647,0,0,0,0
431.614,0.9647,0,0,0,0
431.646,0.9647,0,0,0,0
431.679,0.9647,0,0,0,0
431.713,0.9647,0,0,0,0
431.745,0.9647,0,0,0,0
431.780,0.9647,0,0,0,0
431.810,0.9647,0,0,0,0
431.845,0.9647,0,0,0,0
431.876,0.9647,0,0,0,0
431.910,0.9647,0,0,0,0
431.947,0.9647,0,0,0,0
431.977,0.9647,0,0,0,0
432.012,0.9647,0,0,0,0
432.037,0.9647,0,0,0,0
432.079,0.9647,0,0,0,0
432.114,0.9647,0,0,0,0
432.147,0.9647,0,0,0,0
432.179,0.9647,0,0,0,0
432.212,0.9647,0,0,0,0
432.243,0.9647,0,0,0,0
432.280,0.9647,0,0,0,0
432.313,0.9647,0,0,0,0
432.344,0.9647,0,0,0,0
432.377,0.9647,0,0,0,0
432.411,0.9647,0,0,0,0
432.445,0.9647,0,0,0,0
432.477,0.9647,0,0,0,0
432.513,0.9647,0,0,0,0
432.546,0.9647,0,0,0,0
432.579,0.9647,0,0,0,0
432.610,0.9647,0,0,0,0
432.645,0.9647,0,0,0,0
432.677,0.9647,0,0,0,0
432.712,0.9647,0,0,0,0
432.746,0.9647,0,0,0,0
432.777,0.9647,0,0,0,0
432.815,0.9647,0,0,0,0
432.844,0.9647,0,0,0,0
432.876,0.9647,0,0,0,0
432.913,0.9647,0,0,0,0
432.944,0.9647,0,0,0,0
432.977,0.9647,0,0,0,0
433.012,0.9647,0,0,0,0
433.045,0.9647,0,0,0,0
433.080,0.9647,0,0,0,0
433.112,0.9647,0,0,0,0
433.143,0.9647,0,0,0,0
433.179,0.9647,0,0,0,0
433.212,0.9647,0,0,0,0
433.246,0.9647,0,0,0,0
433.277,0.9647,0,0,0,0
433.313,0.9647,0,0,0,0
433.346,0.9647,0,0,0,0
433.378,0.9647,0,0,0,0
433.411,0.9647,0,0,0,0
433.443,0.9647,0,0,0,0
433.478,0.9647,0,0,0,0
433.512,0.9647,0,0,0,0
433.543,0.9647,0,0,0,0
433.579,0.9647,0,0,0,0
433.609,0.9647,0,0,0,0
433.645,0.9647,0,0,0,0
433.680,0.9647,0,0,0,0
433.710,0.9647,0,0,0,0
433.743,0.9647,0,0,0,0
433.780,0.9647,0,0,0,0
433.811,0.9647,0,0,0,0
433.844,0.9647,0,0,0,0
433.878,0.9647,0,0,0,0
433.913,0.9647,0,0,0,0
433.946,0.9647,0,0,0,0
433.980,0.9647,0,0,0,0
434.014,0.9647,0,0,0,0
434.046,0.9647,0,0,0,0
434.077,0.9647,0,0,0,0
434.109,0.9647,0,0,0,0
434.146,0.9647,0,0,0,0
434.179,0.9647,0,0,0,0
434.211,0.9647,0,0,0,0
434.243,0.9647,0,0,0,0
434.280,0.9647,0,0,0,0
434.310,0.9647,0,0,0,0
434.343,0.9647,0,0,0,0
434.380,0.9647,0,0,0,0
434.411,0.9647,0,0,0,0
434.446,0.9647,0,0,0,0
434.479,0.9647,0,0,0,0
434.512,0.9647,0,0,0,0
434.547,0.9647,0,0,0,0
434.577,0.9647,0,0,0,0
434.612,0.9647,0,0,0,0
434.647,0.9647,0,0,0,0
434.679,0.9647,0,0,0,0
434.713,0.9647,0,0,0,0
434.745,0.9647,0,0,0,0
434.780,0.9647,0,0,0,0
434.811,0.9647,0,0,0,0
434.847,0.9647,0,0,0,0
434.879,0.9647,0,0,0,0
434.912,0.9647,0,0,0,0
434.946,0.9647,0,0,0,0
434.979,0.9647,0,0,0,0
435.010,0.9647,0,0,0,0
435.043,0.9647,0,0,0,0
435.079,0.9647,0,0,0,0
435.109,0.9647,0,0,0,0
435.145,0.9647,0,0,0,0
435.177,0.9647,0,0,0,0
435.211,0.9647,0,0,0,0
435.243,0.9647,0,0,0,0
435.277,0.9647,0,0,0,0
435.314,0.9647,0,0,0,0
435.344,0.9647,0,0,0,0
435.379,0.9647,0,0,0,0
435.413,0.9647,0,0,0,0
435.444,0.9647,0,0,0,0
435.476,0.9647,0,0,0,0
435.511,0.9647,0,0,0,0
435.543,0.9647,0,0,0,0
435.580,0.9647,0,0,0,0
435.609,0.9647,0,0,0,0
435.645,0.9647,0,0,0,0
435.676,0.9647,0,0,0,0
435.713,0.9647,0,0,0,0
435.745,0.9647,0,0,0,0
435.777,0.9647,0,0,0,0
435.812,0.9647,0,0,0,0
435.846,0.9647,0,0,0,0
435.878,0.9647,0,0,0,0
435.909,0.9647,0,0,0,0
435.947,0.9647,0,0,0,0
435.979,0.9647,0,0,0,0
436.013,0.9647,0,0,0,0
436.042,0.9647,0,0,0,0
436.080,0.9647,0,0,0,0
436.112,0.9647,0,0,0,0
436.143,0.9647,0,0,0,0
436.175,0.9647,0,0,0,0
436.206,0.9647,0,0,0,0
436.234,0.9647,0,0,0,0
436.277,0.9647,0,0,0,0
436.304,0.9647,0,0,0,0
436.345,0.9647,0,0,0,0
436.379,0.9647,0,0,0,0
436.410,0.9647,0,0,0,0
436.445,0.9647,0,0,0,0
436.468,0.9647,0,0,0,0
436.509,0.9647,0,0,0,0
436.535,0.9647,0,0,0,0
436.579,0.9647,0,0,0,0
436.603,0.9647,0,0,0,0
436.649,0.9647,0,0,0,0
436.675,0.9647,0,0,0,0
436.713,0.9646,0,0,0,0
436.743,0.9646,0,0,0,0
436.780,0.9646,0,0,0,0
436.811,0.9646,0,0,0,0
436.845,0.9646,0,0,0,0
436.878,0.9646,0,0,0,0
436.912,0.9646,0,0,0,0
436.946,0.9646,0,0,0,0
436.981,0.9646,0,0,0,0
437.012,0.9646,0,0,0,0
437.046,0.9646,0,0,0,0
437.080,0.9646,0,0,0,0
437.112,0.9646,0,0,0,0
437.146,0.9646,0,0,0,0
437.170,0.9646,0,0,0,0
437.219,0.9646,0,0,0,0
437.238,0.9646,0,0,0,0
437.278,0.9646,0,0,0,0
437.310,0.9646,0,0,0,0
437.343,0.9646,0,0,0,0
437.378,0.9646,0,0,0,0
437.410,0.9646,0,0,0,0
437.445,0.9646,0,0,0,0
437.476,0.9646,0,0,0,0
437.509,0.9646,0,0,0,0
437.543,0.9646,0,0,0,0
437.576,0.9646,0,0,0,0
437.611,0.9646,0,0,0,0
437.647,0.9646,0,0,0,0
437.677,0.9646,0,0,0,0
437.712,0.9646,0,0,0,0
437.744,0.9646,0,0,0,0
437.776,0.9646,0,0,0,0
437.811,0.9646,0,0,0,0
437.845,0.9646,0,0,0,0
437.877,0.9646,0,0,0,0
437.912,0.9646,0,0,0,0
437.945,0.9646,0,0,0,0
437.977,0.9646,0,0,0,0
438.012,0.9646,0,0,0,0
438.045,0.9646,0,0,0,0
438.078,0.9646,0,0,0,0
438.110,0.9646,0,0,0,0
438.146,0.9646,0,0,0,0
438.178,0.9646,0,0,0,0
438.210,0.9646,0,0,0,0
438.245,0.9646,0,0,0,0
438.277,0.9646,0,0,0,0
438.312,0.9646,0,0,0,0
438.343,0.9646,0,0,0,0
438.377,0.9646,0,0,0,0
438.413,0.9646,0,0,0,0
438.444,0.9646,0,0,0,0
438.481,0.9646,0,0,0,0
438.513,0.9646,0,0,0,0
438.545,0.9646,0,0,0,0
438.578,0.9646,0,0,0,0
438.613,0.9646,0,0,0,0
438.646,0.9646,0,0,0,0
438.677,0.9646,0,0,0,0
438.712,0.9646,0,0,0,0
438.745,0.9646,0,0,0,0
438.779,0.9646,0,0,0,0
438.812,0.9646,0,0,0,0
438.843,0.9646,0,0,0,0
438.880,0.9646,0,0,0,0
438.912,0.9646,0,0,0,0
438.947,0.9646,0,0,0,0
438.976,0.9646,0,0,0,0
439.010,0.9646,0,0,0,0
439.044,0.9646,0,0,0,0
439.077,0.9646,0,0,0,0
439.110,0.9646,0,0,0,0
439.146,0.9646,0,0,0,0
439.170,0.9646,0,0,0,0
439.210,0.9646,0,0,0,0
439.243,0.9646,0,0,0,0
439.279,0.9646,0,0,0,0
439.312,0.9646,0,0,0,0
439.344,0.9646,0,0,0,0
439.380,0.9646,0,0,0,0
439.412,0.9646,0,0,0,0
439.444,0.9646,0,0,0,0
439.478,0.9646,0,0,0,0
439.511,0.9646,0,0,0,0
439.545,0.9646,0,0,0,0
439.576,0.9646,0,0,0,0
439.609,0.9646,0,0,0,0
439.639,0.9646,0,0,0,0
439.675,0.9646,0,0,0,0
439.701,0.9646,0,0,0,0
439.745,0.9646,0,0,0,0
439.770,0.9646,0,0,0,0
439.812,0.9646,0,0,0,0
439.845,0.9646,0,0,0,0
439.876,0.9646,0,0,0,0
439.912,0.9646,0,0,0,0
439.942,0.9646,0,0,0,0
439.976,0.9646,0,0,0,0
440.011,0.9646,0,0,0,0
440.034,0.9646,0,0,0,0
440.076,0.9646,0,0,0,0
440.113,0.9646,0,0,0,0
440.141,0.9646,0,0,0,0
440.175,0.9646,0,0,0,0
440.213,0.9646,0,0,0,0
440.235,0.9646,0,0,0,0
440.277,0.9646,0,0,0,0
440.313,0.9646,0,0,0,0
440.343,0.9646,0,0,0,0
440.378,0.9646,0,0,0,0
440.411,0.9646,0,0,0,0
440.445,0.9646,0,0,0,0
440.479,0.9646,0,0,0,0
440.511,0.9646,0,0,0,0
440.545,0.9646,0,0,0,0
440.578,0.9646,0,0,0,0
440.613,0.9646,0,0,0,0
440.646,0.9646,0,0,0,0
440.677,0.9646,0,0,0,0
440.710,0.9646,0,0,0,0
440.745,0.9646,0,0,0,0
440.779,0.9646,0,0,0,0
440.810,0.9646,0,0,0,0
440.844,0.9646,0,0,0,0
440.879,0.9646,0,0,0,0
440.912,0.9646,0,0,0,0
440.944,0.9646,0,0,0,0
440.977,0.9646,0,0,0,0
441.010,0.9646,0,0,0,0
441.044,0.9646,0,0,0,0
441.078,0.9646,0,0,0,0
441.109,0.9646,0,0,0,0
441.143,0.9646,0,0,0,0
441.179,0.9646,0,0,0,0
441.213,0.9646,0,0,0,0
441.246,0.9646,0,0,0,0
441.277,0.9646,0,0,0,0
441.309,0.9646,0,0,0,0
441.344,0.9646,0,0,0,0
441.378,0.9646,0,0,0,0
441.414,0.9646,0,0,0,0
441.445,0.9646,0,0,0,0
441.477,0.9646,0,0,0,0
441.510,0.9646,0,0,0,0
441.543,0.9646,0,0,0,0
441.577,0.9646,0,0,0,0
441.613,0.9646,0,0,0,0
441.646,0.9646,0,0,0,0
441.679,0.9646,0,0,0,0
441.710,0.9646,0,0,0,0
441.745,0.9646,0,0,0,0
441.777,0.9646,0,0,0,0
441.811,0.9646,0,0,0,0
441.843,0.9646,0,0,0,0
441.880,0.9646,0,0,0,0
441.911,0.9646,0,0,0,0
441.946,0.9646,0,0,0,0
441.981,0.9646,0,0,0,0
442.012,0.9646,0,0,0,0
442.045,0.9646,0,0,0,0
442.077,0.9646,0,0,0,0
442.110,0.9646,0,0,0,0
442.145,0.9646,0,0,0,0
442.177,0.9646,0,0,0,0
442.210,0.9646,0,0,0,0
442.244,0.9646,0,0,0,0
442.278,0.9646,0,0,0,0
442.313,0.9646,0,0,0,0
442.343,0.9646,0,0,0,0
442.380,0.9646,0,0,0,0
442.412,0.9646,0,0,0,0
442.442,0.9646,0,0,0,0
442.478,0.9646,0,0,0,0
442.511,0.9646,0,0,0,0
442.545,0.9646,0,0,0,0
442.580,0.9646,0,0,0,0
442.613,0.9646,0,0,0,0
442.647,0.9646,0,0,0,0
442.679,0.9646,0,0,0,0
442.710,0.9646,0,0,0,0
442.743,0.9646,0,0,0,0
442.780,0.9646,0,0,0,0
442.810,0.9646,0,0,0,0
442.846,0.9646,0,0,0,0
442.876,0.9646,0,0,0,0
442.912,0.9646,0,0,0,0
442.944,0.9646,0,0,0,0
442.977,0.9646,0,0,0,0
443.011,0.9646,0,0,0,0
443.045,0.9646,0,0,0,0
443.079,0.9646,0,0,0,0
443.112,0.9646,0,0,0,0
443.143,0.9646,0,0,0,0
443.177,0.9646,0,0,0,0
443.212,0.9646,0,0,0,0
443.246,0.9646,0,0,0,0
443.277,0.9646,0,0,0,0
443.314,0.9646,0,0,0,0
443.345,0.9646,0,0,0,0
443.379,0.9646,0,0,0,0
443.409,0.9646,0,0,0,0
443.444,0.9646,0,0,0,0
443.477,0.9646,0,0,0,0
443.514,0.9646,0,0,0,0
443.544,0.9646,0,0,0,0
443.580,0.9646,0,0,0,0
443.612,0.9646,0,0,0,0
443.644,0.9646,0,0,0,0
443.679,0.9646,0,0,0,0
443.716,0.9646,0,0,0,0
443.746,0.9646,0,0,0,0
443.777,0.9646,0,0,0,0
443.812,0.9646,0,0,0,0
443.845,0.9646,0,0,0,0
443.878,0.9646,0,0,0,0
443.910,0.9646,0,0,0,0
443.945,0.9646,0,0,0,0
443.980,0.9646,0,0,0,0
444.012,0.9646,0,0,0,0
444.044,0.9646,0,0,0,0
444.077,0.9646,0,0,0,0
444.112,0.9646,0,0,0,0
444.143,0.9646,0,0,0,0
444.179,0.9646,0,0,0,0
444.210,0.9646,0,0,0,0
444.247,0.9646,0,0,0,0
444.278,0.9646,0,0,0,0
444.311,0.9646,0,0,0,0
444.346,0.9646,0,0,0,0
444.378,0.9646,0,0,0,0
444.413,0.9646,0,0,0,0
444.443,0.9646,0,0,0,0
444.480,0.9646,0,0,0,0
444.512,0.9646,0,0,0,0
444.545,0.9646,0,0,0,0
444.577,0.9646,0,0,0,0
444.610,0.9646,0,0,0,0
444.646,0.9646,0,0,0,0
444.679,0.9646,0,0,0,0
444.709,0.9646,0,0,0,0
444.745,0.9646,0,0,0,0
444.776,0.9646,0,0,0,0
444.812,0.9646,0,0,0,0
444.843,0.9646,0,0,0,0
444.879,0.9646,0,0,0,0
444.911,0.9646,0,0,0,0
444.942,0.9646,0,0,0,0
444.981,0.9646,0,0,0,0
445.011,0.9646,0,0,0,0
445.045,0.9646,0,0,0,0
445.080,0.9646,0,0,0,0
445.113,0.9646,0,0,0,0
445.139,0.9646,0,0,0,0
445.183,0.9646,0,0,0,0
445.202,0.9646,0,0,0,0
445.245,0.9646,0,0,0,0
445.277,0.9646,0,0,0,0
445.313,0.9646,0,0,0,0
445.337,0.9646,0,0,0,0
445.376,0.9646,0,0,0,0
445.400,0.9646,0,0,0,0
445.445,0.9646,0,0,0,0
445.467,0.9646,0,0,0,0
445.510,0.9646,0,0,0,0
445.545,0.9646,0,0,0,0
445.579,0.9646,0,0,0,0
445.611,0.9646,0,0,0,0
445.644,0.9646,0,0,0,0
445.679,0.9646,0,0,0,0
445.712,0.9646,0,0,0,0
445.747,0.9646,0,0,0,0
445.778,0.9646,0,0,0,0
445.811,0.9646,0,0,0,0
445.844,0.9646,0,0,0,0
445.879,0.9646,0,0,0,0
445.912,0.9646,0,0,0,0
445.947,0.9646,0,0,0,0
445.977,0.9646,0,0,0,0
446.010,0.9646,0,0,0,0
446.044,0.9646,0,0,0,0
446.079,0.9646,0,0,0,0
446.113,0.9646,0,0,0,0
446.147,0.9646,0,0,0,0
446.181,0.9646,0,0,0,0
446.210,0.9646,0,0,0,0
446.246,0.9646,0,0,0,0
446.277,0.9646,0,0,0,0
446.309,0.9646,0,0,0,0
446.346,0.9646,0,0,0,0
446.378,0.9646,0,0,0,0
446.413,0.9646,0,0,0,0
446.443,0.9646,0,0,0,0
446.477,0.9646,0,0,0,0
446.509,0.9646,0,0,0,0
446.544,0.9646,0,0,0,0
446.575,0.9646,0,0,0,0
446.614,0.9646,0,0,0,0
446.637,0.9646,0,0,0,0
446.676,0.9646,0,0,0,0
446.711,0.9646,0,0,0,0
446.748,0.9646,0,0,0,0
446.778,0.9646,0,0,0,0
446.812,0.9646,0,0,0,0
446.834,0.9646,0,0,0,0
446.880,0.9646,0,0,0,0
446.910,0.9646,0,0,0,0
446.943,0.9646,0,0,0,0
446.976,0.9646,0,0,0,0
447.008,0.9646,0,0,0,0
447.043,0.9646,0,0,0,0
447.076,0.9646,0,0,0,0
447.112,0.9646,0,0,0,0
447.146,0.9646,0,0,0,0
447.179,0.9646,0,0,0,0
447.212,0.9646,0,0,0,0
447.247,0.9646,0,0,0,0
447.281,0.9646,0,0,0,0
447.312,0.9646,0,0,0,0
447.344,0.9646,0,0,0,0
447.378,0.9646,0,0,0,0
447.409,0.9646,0,0,0,0
447.446,0.9646,0,0,0,0
447.481,0.9646,0,0,0,0
447.513,0.9646,0,0,0,0
447.547,0.9646,0,0,0,0
447.578,0.9646,0,0,0,0
447.609,0.9646,0,0,0,0
447.644,0.9646,0,0,0,0
447.677,0.9646,0,0,0,0
447.712,0.9646,0,0,0,0
447.745,0.9646,0,0,0,0
447.779,0.9646,0,0,0,0
447.813,0.9646,0,0,0,0
447.836,0.9646,0,0,0,0
447.878,0.9646,0,0,0,0
447.910,0.9646,0,0,0,0
447.946,0.9646,0,0,0,0
447.980,0.9646,0,0,0,0
448.009,0.9646,0,0,0,0
448.047,0.9646,0,0,0,0
448.079,0.9646,0,0,0,0
448.109,0.9646,0,0,0,0
448.137,0.9646,0,0,0,0
448.178,0.9646,0,0,0,0
448.203,0.9646,0,0,0,0
448.244,0.9646,0,0,0,0
448.282,0.9646,0,0,0,0
448.312,0.9646,0,0,0,0
448.343,0.9646,0,0,0,0
448.377,0.9646,0,0,0,0
448.410,0.9646,0,0,0,0
448.445,0.9646,0,0,0,0
448.480,0.9646,0,0,0,0
448.507,0.9646,0,0,0,0
448.543,0.9646,0,0,0,0
448.571,0.9646,0,0,0,0
448.615,0.9646,0,0,0,0
448.639,0.9646,0,0,0,0
448.679,0.9646,0,0,0,0
448.701,0.9646,0,0,0,0
448.747,0.9646,0,0,0,0
448.778,0.9646,0,0,0,0
448.812,0.9646,0,0,0,0
448.843,0.9646,0,0,0,0
448.877,0.9646,0,0,0,0
448.910,0.9646,0,0,0,0
448.944,0.9646,0,0,0,0
448.969,0.9646,0,0,0,0
449.024,0.9646,0,0,0,0
449.049,0.9646,0,0,0,0
449.077,0.9646,0,0,0,0
449.111,0.9646,0,0,0,0
449.142,0.9646,0,0,0,0
449.178,0.9646,0,0,0,0
449.204,0.9646,0,0,0,0
449.243,0.9646,0,0,0,0
449.269,0.9646,0,0,0,0
449.309,0.9646,0,0,0,0
449.345,0.9646,0,0,0,0
449.378,0.9646,0,0,0,0
449.410,0.9646,0,0,0,0
449.445,0.9646,0,0,0,0
449.478,0.9646,0,0,0,0
449.512,0.9646,0,0,0,0
449.544,0.9646,0,0,0,0
449.577,0.9646,0,0,0,0
449.612,0.9646,0,0,0,0
449.646,0.9646,0,0,0,0
449.676,0.9646,0,0,0,0
449.711,0.9646,0,0,0,0
449.745,0.9646,0,0,0,0
449.778,0.9646,0,0,0,0
449.813,0.9646,0,0,0,0
449.845,0.9646,0,0,0,0
449.880,0.9646,0,0,0,0
449.913,0.9646,0,0,0,0
449.946,0.9646,0,0,0,0
449.979,0.9646,0,0,0,0
450.011,0.9646,0,0,0,0
450.046,0.9646,0,0,0,0
450.079,0.9646,0,0,0,0
450.114,0.9646,0,0,0,0
450.135,0.9646,0,0,0,0
450.180,0.9646,0,0,0,0
450.214,0.9646,0,0,0,0
450.244,0.9646,0,0,0,0
450.279,0.9646,0,0,0,0
450.310,0.9646,0,0,0,0
450.344,0.9646,0,0,0,0
450.367,0.9646,0,0,0,0
450.413,0.9646,0,0,0,0
450.435,0.9646,0,0,0,0
450.475,0.9646,0,0,0,0
450.512,0.9646,0,0,0,0
450.538,0.9646,0,0,0,0
450.568,0.9646,0,0,0,0
450.609,0.9645,0,0,0,0
450.645,0.9645,0,0,0,0
450.677,0.9645,0,0,0,0
450.710,0.9645,0,0,0,0
450.744,0.9645,0,0,0,0
450.774,0.9645,0,0,0,0
450.816,0.9645,0,0,0,0
450.839,0.9645,0,0,0,0
450.876,0.9645,0,0,0,0
450.904,0.9645,0,0,0,0
450.943,0.9645,0,0,0,0
450.978,0.9645,0,0,0,0
451.012,0.9645,0,0,0,0
451.037,0.9645,0,0,0,0
451.078,0.9645,0,0,0,0
451.109,0.9645,0,0,0,0
451.143,0.9645,0,0,0,0
451.176,0.9645,0,0,0,0
451.213,0.9645,0,0,0,0
451.241,0.9645,0,0,0,0
451.279,0.9645,0,0,0,0
451.305,0.9645,0,0,0,0
451.345,0.9645,0,0,0,0
451.373,0.9645,0,0,0,0
451.410,0.9645,0,0,0,0
451.438,0.9645,0,0,0,0
451.476,0.9645,0,0,0,0
451.512,0.9645,0,0,0,0
451.546,0.9645,0,0,0,0
451.579,0.9645,0,0,0,0
451.613,0.9645,0,0,0,0
451.646,0.9645,0,0,0,0
451.688,0.9645,0,0,0,0
451.711,0.9645,0,0,0,0
451.750,0.9645,0,0,0,0
451.774,0.9645,0,0,0,0
451.810,0.9645,0,0,0,0
451.845,0.9645,0,0,0,0
451.879,0.9645,0,0,0,0
451.913,0.9645,0,0,0,0
451.945,0.9645,0,0,0,0
451.981,0.9645,0,0,0,0
452.010,0.9645,0,0,0,0
452.045,0.9645,0,0,0,0
452.079,0.9645,0,0,0,0
452.111,0.9645,0,0,0,0
452.143,0.9645,0,0,0,0
452.177,0.9645,0,0,0,0
452.216,0.9645,0,0,0,0
452.238,0.9645,0,0,0,0
452.276,0.9645,0,0,0,0
452.309,0.9645,0,0,0,0
452.343,0.9645,0,0,0,0
452.377,0.9645,0,0,0,0
452.412,0.9645,0,0,0,0
452.445,0.9645,0,0,0,0
452.479,0.9645,0,0,0,0
452.513,0.9645,0,0,0,0
452.545,0.9645,0,0,0,0
452.575,0.9645,0,0,0,0
452.612,0.9645,0,0,0,0
452.635,0.9645,0,0,0,0
452.680,0.9645,0,0,0,0
452.702,0.9645,0,0,0,0
452.746,0.9645,0,0,0,0
452.781,0.9645,0,0,0,0
452.814,0.9645,0,0,0,0
452.846,0.9645,0,0,0,0
452.879,0.9645,0,0,0,0
452.910,0.9645,0,0,0,0
452.946,0.9645,0,0,0,0
452.979,0.9645,0,0,0,0
453.012,0.9645,0,0,0,0
453.036,0.9645,0,0,0,0
453.078,0.9645,0,0,0,0
453.100,0.9645,0,0,0,0
453.143,0.9645,0,0,0,0
453.176,0.9645,0,0,0,0
453.211,0.9645,0,0,0,0
453.244,0.9645,0,0,0,0
453.270,0.9645,0,0,0,0
453.305,0.9645,0,0,0,0
453.343,0.9645,0,0,0,0
453.376,0.9645,0,0,0,0
453.411,0.9645,0,0,0,0
453.444,0.9645,0,0,0,0
453.477,0.9645,0,0,0,0
453.512,0.9645,0,0,0,0
453.542,0.9645,0,0,0,0
453.579,0.9645,0,0,0,0
453.610,0.9645,0,0,0,0
453.648,0.9645,0,0,0,0
453.670,0.9645,0,0,0,0
453.712,0.9645,0,0,0,0
453.746,0.9645,0,0,0,0
453.780,0.9645,0,0,0,0
453.811,0.9645,0,0,0,0
453.843,0.9645,0,0,0,0
453.880,0.9645,0,0,0,0
453.913,0.9645,0,0,0,0
453.943,0.9645,0,0,0,0
453.979,0.9645,0,0,0,0
454.010,0.9645,0,0,0,0
454.047,0.9645,0,0,0,0
454.080,0.9645,0,0,0,0
454.112,0.9645,0,0,0,0
454.144,0.9645,0,0,0,0
454.178,0.9645,0,0,0,0
454.210,0.9645,0,0,0,0
454.247,0.9645,0,0,0,0
454.276,0.9645,0,0,0,0
454.312,0.9645,0,0,0,0
454.347,0.9645,0,0,0,0
454.377,0.9645,0,0,0,0
454.411,0.9645,0,0,0,0
454.443,0.9645,0,0,0,0
454.478,0.9645,0,0,0,0
454.514,0.9645,0,0,0,0
454.547,0.9645,0,0,0,0
454.576,0.9645,0,0,0,0
454.610,0.9645,0,0,0,0
454.644,0.9645,0,0,0,0
454.680,0.9645,0,0,0,0
454.711,0.9645,0,0,0,0
454.744,0.9645,0,0,0,0
454.777,0.9645,0,0,0,0
454.812,0.9645,0,0,0,0
454.847,0.9645,0,0,0,0
454.880,0.9645,0,0,0,0
454.912,0.9645,0,0,0,0
454.943,0.9645,0,0,0,0
454.980,0.9645,0,0,0,0
455.010,0.9645,0,0,0,0
455.046,0.9645,0,0,0,0
455.077,0.9645,0,0,0,0
455.112,0.9645,0,0,0,0
455.145,0.9645,0,0,0,0
455.177,0.9645,0,0,0,0
455.211,0.9645,0,0,0,0
455.245,0.9645,0,0,0,0
455.277,0.9645,0,0,0,0
455.313,0.9645,0,0,0,0
455.344,0.9645,0,0,0,0
455.377,0.9645,0,0,0,0
455.412,0.9645,0,0,0,0
455.445,0.9645,0,0,0,0
455.479,0.9645,0,0,0,0
455.510,0.9645,0,0,0,0
455.547,0.9645,0,0,0,0
455.579,0.9645,0,0,0,0
455.609,0.9645,0,0,0,0
455.645,0.9645,0,0,0,0
455.677,0.9645,0,0,0,0
455.713,0.9645,0,0,0,0
455.748,0.9645,0,0,0,0
455.779,0.9645,0,0,0,0
455.810,0.9645,0,0,0,0
455.846,0.9645,0,0,0,0
455.877,0.9645,0,0,0,0
455.909,0.9645,0,0,0,0
455.944,0.9645,0,0,0,0
455.979,0.9645,0,0,0,0
456.012,0.9645,0,0,0,0
456.047,0.9645,0,0,0,0
456.076,0.9645,0,0,0,0
456.110,0.9645,0,0,0,0
456.143,0.9645,0,0,0,0
456.179,0.9645,0,0,0,0
456.210,0.9645,0,0,0,0
456.246,0.9645,0,0,0,0
456.280,0.9645,0,0,0,0
456.313,0.9645,0,0,0,0
456.344,0.9645,0,0,0,0
456.377,0.9645,0,0,0,0
456.414,0.9645,0,0,0,0
456.446,0.9645,0,0,0,0
456.478,0.9645,0,0,0,0
456.509,0.9645,0,0,0,0
456.546,0.9645,0,0,0,0
456.577,0.9645,0,0,0,0
456.612,0.9645,0,0,0,0
456.645,0.9645,0,0,0,0
456.678,0.9645,0,0,0,0
456.713,0.9645,0,0,0,0
456.743,0.9645,0,0,0,0
456.776,0.9645,0,0,0,0
456.812,0.9645,0,0,0,0
456.845,0.9645,0,0,0,0
456.877,0.9645,0,0,0,0
456.910,0.9645,0,0,0,0
456.948,0.9645,0,0,0,0
456.980,0.9645,0,0,0,0
457.017,0.9645,0,0,0,0
457.045,0.9645,0,0,0,0
457.078,0.9645,0,0,0,0
457.113,0.9645,0,0,0,0
457.146,0.9645,0,0,0,0
457.180,0.9645,0,0,0,0
457.212,0.9645,0,0,0,0
457.247,0.9645,0,0,0,0
457.277,0.9645,0,0,0,0
457.313,0.9645,0,0,0,0
457.346,0.9645,0,0,0,0
457.380,0.9645,0,0,0,0
457.407,0.9645,0,0,0,0
457.436,0.9645,0,0,0,0
457.477,0.9645,0,0,0,0
457.511,0.9645,0,0,0,0
457.538,0.9645,0,0,0,0
457.567,0.9645,0,0,0,0
457.608,0.9645,0,0,0,0
457.643,0.9645,0,0,0,0
457.678,0.9645,0,0,0,0
457.709,0.9645,0,0,0,0
457.746,0.9645,0,0,0,0
457.769,0.9645,0,0,0,0
457.809,0.9645,0,0,0,0
457.845,0.9645,0,0,0,0
457.868,0.9645,0,0,0,0
457.911,0.9645,0,0,0,0
457.935,0.9645,0,0,0,0
457.979,0.9645,0,0,0,0
458.001,0.9645,0,0,0,0
458.047,0.9645,0,0,0,0
458.076,0.9645,0,0,0,0
458.111,0.9645,0,0,0,0
458.145,0.9645,0,0,0,0
458.180,0.9645,0,0,0,0
458.211,0.9645,0,0,0,0
458.245,0.9645,0,0,0,0
458.276,0.9645,0,0,0,0
458.311,0.9645,0,0,0,0
458.344,0.9645,0,0,0,0
458.376,0.9645,0,0,0,0
458.411,0.9645,0,0,0,0
458.446,0.9645,0,0,0,0
458.477,0.9645,0,0,0,0
458.512,0.9645,0,0,0,0
458.544,0.9645,0,0,0,0
458.577,0.9645,0,0,0,0
458.614,0.9645,0,0,0,0
458.643,0.9645,0,0,0,0
458.680,0.9645,0,0,0,0
458.709,0.9645,0,0,0,0
458.745,0.9645,0,0,0,0
458.776,0.9645,0,0,0,0
458.809,0.9645,0,0,0,0
458.843,0.9645,0,0,0,0
458.876,0.9645,0,0,0,0
458.910,0.9645,0,0,0,0
458.948,0.9645,0,0,0,0
458.970,0.9645,0,0,0,0
459.014,0.9645,0,0,0,0
459.044,0.9645,0,0,0,0
459.080,0.9645,0,0,0,0
459.101,0.9645,0,0,0,0
459.147,0.9645,0,0,0,0
459.169,0.9645,0,0,0,0
459.212,0.9645,0,0,0,0
459.235,0.9645,0,0,0,0
459.278,0.9645,0,0,0,0
459.305,0.9645,0,0,0,0
459.345,0.9645,0,0,0,0
459.369,0.9645,0,0,0,0
459.412,0.9645,0,0,0,0
459.444,0.9645,0,0,0,0
459.480,0.9645,0,0,0,0
459.513,0.9645,0,0,0,0
459.545,0.9645,0,0,0,0
459.576,0.9645,0,0,0,0
459.612,0.9645,0,0,0,0
459.643,0.9645,0,0,0,0
459.677,0.9645,0,0,0,0
459.711,0.9645,0,0,0,0
459.745,0.9645,0,0,0,0
459.775,0.9645,0,0,0,0
459.803,0.9645,0,0,0,0
459.843,0.9645,0,0,0,0
459.877,0.9645,0,0,0,0
459.910,0.9645,0,0,0,0
459.944,0.9645,0,0,0,0
459.976,0.9645,0,0,0,0
460.009,0.9645,0,0,0,0
460.046,0.9645,0,0,0,0
460.072,0.9645,0,0,0,0
460.109,0.9645,0,0,0,0
460.136,0.9645,0,0,0,0
460.177,0.9645,0,0,0,0
460.204,0.9645,0,0,0,0
460.242,0.9645,0,0,0,0
460.278,0.9645,0,0,0,0
460.310,0.9645,0,0,0,0
460.343,0.9645,0,0,0,0
460.381,0.9645,0,0,0,0
460.403,0.9645,0,0,0,0
460.446,0.9645,0,0,0,0
460.481,0.9645,0,0,0,0
460.502,0.9645,0,0,0,0
460.546,0.9645,0,0,0,0
460.576,0.9645,0,0,0,0
460.610,0.9645,0,0,0,0
460.646,0.9645,0,0,0,0
460.667,0.9645,0,0,0,0
460.713,0.9645,0,0,0,0
460.736,0.9645,0,0,0,0
460.776,0.9645,0,0,0,0
460.809,0.9645,0,0,0,0
460.835,0.9645,0,0,0,0
460.879,0.9645,0,0,0,0
460.914,0.9645,0,0,0,0
460.944,0.9645,0,0,0,0
460.979,0.9645,0,0,0,0
461.011,0.9645,0,0,0,0
461.044,0.9645,0,0,0,0
461.080,0.9645,0,0,0,0
461.110,0.9645,0,0,0,0
461.145,0.9645,0,0,0,0
461.180,0.9645,0,0,0,0
461.212,0.9645,0,0,0,0
461.243,0.9645,0,0,0,0
461.269,0.9645,0,0,0,0
461.312,0.9645,0,0,0,0
461.343,0.9645,0,0,0,0
461.379,0.9645,0,0,0,0
461.411,0.9645,0,0,0,0
461.445,0.9645,0,0,0,0
461.477,0.9645,0,0,0,0
461.511,0.9645,0,0,0,0
461.543,0.9645,0,0,0,0
461.577,0.9645,0,0,0,0
461.603,0.9645,0,0,0,0
461.646,0.9645,0,0,0,0
461.669,0.9645,0,0,0,0
461.712,0.9645,0,0,0,0
461.749,0.9645,0,0,0,0
461.768,0.9645,0,0,0,0
461.810,0.9645,0,0,0,0
461.846,0.9645,0,0,0,0
461.867,0.9645,0,0,0,0
461.913,0.9645,0,0,0,0
461.935,0.9645,0,0,0,0
461.982,0.9645,0,0,0,0
462.006,0.9645,0,0,0,0
462.047,0.9645,0,0,0,0
462.069,0.9645,0,0,0,0
462.112,0.9645,0,0,0,0
462.136,0.9645,0,0,0,0
462.177,0.9645,0,0,0,0
462.203,0.9645,0,0,0,0
462.243,0.9645,0,0,0,0
462.279,0.9645,0,0,0,0
462.309,0.9645,0,0,0,0
462.345,0.9645,0,0,0,0
462.379,0.9645,0,0,0,0
462.410,0.9645,0,0,0,0
462.446,0.9645,0,0,0,0
462.480,0.9645,0,0,0,0
462.513,0.9645,0,0,0,0
462.546,0.9645,0,0,0,0
462.578,0.9645,0,0,0,0
462.608,0.9645,0,0,0,0
462.646,0.9645,0,0,0,0
462.678,0.9645,0,0,0,0
462.712,0.9645,0,0,0,0
462.745,0.9645,0,0,0,0
462.776,0.9645,0,0,0,0
462.812,0.9645,0,0,0,0
462.846,0.9645,0,0,0,0
462.877,0.9645,0,0,0,0
462.913,0.9645,0,0,0,0
462.945,0.9645,0,0,0,0
462.981,0.9645,0,0,0,0
463.012,0.9645,0,0,0,0
463.043,0.9645,0,0,0,0
463.079,0.9645,0,0,0,0
463.110,0.9645,0,0,0,0
463.146,0.9645,0,0,0,0
463.177,0.9645,0,0,0,0
463.212,0.9645,0,0,0,0
463.234,0.9645,0,0,0,0
463.279,0.9645,0,0,0,0
463.301,0.9645,0,0,0,0
463.343,0.9645,0,0,0,0
463.379,0.9645,0,0,0,0
463.414,0.9645,0,0,0,0
463.436,0.9645,0,0,0,0
463.478,0.9645,0,0,0,0
463.501,0.9645,0,0,0,0
463.543,0.9645,0,0,0,0
463.579,0.9645,0,0,0,0
463.610,0.9645,0,0,0,0
463.643,0.9645,0,0,0,0
463.676,0.9645,0,0,0,0
463.710,0.9645,0,0,0,0
463.744,0.9645,0,0,0,0
463.777,0.9645,0,0,0,0
463.812,0.9645,0,0,0,0
463.845,0.9645,0,0,0,0
463.880,0.9645,0,0,0,0
463.913,0.9645,0,0,0,0
463.944,0.9645,0,0,0,0
463.977,0.9645,0,0,0,0
464.020,0.9645,0,0,0,0
464.038,0.9645,0,0,0,0
464.077,0.9645,0,0,0,0
464.110,0.9645,0,0,0,0
464.144,0.9645,0,0,0,0
464.178,0.9645,0,0,0,0
464.209,0.9645,0,0,0,0
464.243,0.9645,0,0,0,0
464.279,0.9645,0,0,0,0
464.311,0.9645,0,0,0,0
464.343,0.9645,0,0,0,0
464.376,0.9645,0,0,0,0
464.411,0.9645,0,0,0,0
464.444,0.9645,0,0,0,0
464.476,0.9645,0,0,0,0
464.512,0.9645,0,0,0,0
464.544,0.9645,0,0,0,0
464.578,0.9645,0,0,0,0
464.614,0.9645,0,0,0,0
464.647,0.9645,0,0,0,0
464.679,0.9645,0,0,0,0
464.709,0.9645,0,0,0,0
464.746,0.9645,0,0,0,0
464.779,0.9645,0,0,0,0
464.809,0.9645,0,0,0,0
464.846,0.9645,0,0,0,0
464.876,0.9645,0,0,0,0
464.911,0.9645,0,0,0,0
464.943,0.9645,0,0,0,0
464.977,0.9644,0,0,0,0
465.012,0.9644,0,0,0,0
465.043,0.9644,0,0,0,0
465.076,0.9644,0,0,0,0
465.112,0.9644,0,0,0,0
465.144,0.9644,0,0,0,0
465.180,0.9644,0,0,0,0
465.211,0.9644,0,0,0,0
465.248,0.9644,0,0,0,0
465.280,0.9644,0,0,0,0
465.311,0.9644,0,0,0,0
465.345,0.9644,0,0,0,0
465.379,0.9644,0,0,0,0
465.410,0.9644,0,0,0,0
465.447,0.9644,0,0,0,0
465.479,0.9644,0,0,0,0
465.510,0.9644,0,0,0,0
465.543,0.9644,0,0,0,0
465.580,0.9644,0,0,0,0
465.613,0.9644,0,0,0,0
465.644,0.9644,0,0,0,0
465.676,0.9644,0,0,0,0
465.714,0.9644,0,0,0,0
465.747,0.9644,0,0,0,0
465.780,0.9644,0,0,0,0
465.813,0.9644,0,0,0,0
465.847,0.9644,0,0,0,0
465.880,0.9644,0,0,0,0
465.909,0.9644,0,0,0,0
465.945,0.9644,0,0,0,0
465.979,0.9644,0,0,0,0
466.011,0.9644,0,0,0,0
466.046,0.9644,0,0,0,0
466.078,0.9644,0,0,0,0
466.114,0.9644,0,0,0,0
466.143,0.9644,0,0,0,0
466.181,0.9644,0,0,0,0
466.213,0.9644,0,0,0,0
466.244,0.9644,0,0,0,0
466.280,0.9644,0,0,0,0
466.312,0.9644,0,0,0,0
466.346,0.9644,0,0,0,0
466.379,0.9644,0,0,0,0
466.410,0.9644,0,0,0,0
466.444,0.9644,0,0,0,0
466.468,0.9644,0,0,0,0
466.512,0.9644,0,0,0,0
466.539,0.9644,0,0,0,0
466.572,0.9644,0,0,0,0
466.611,0.9644,0,0,0,0
466.640,0.9644,0,0,0,0
466.670,0.9644,0,0,0,0
466.711,0.9644,0,0,0,0
466.745,0.9644,0,0,0,0
466.776,0.9644,0,0,0,0
466.812,0.9644,0,0,0,0
466.835,0.9644,0,0,0,0
466.880,0.9644,0,0,0,0
466.902,0.9644,0,0,0,0
466.945,0.9644,0,0,0,0
466.977,0.9644,0,0,0,0
467.008,0.9644,0,0,0,0
467.043,0.9644,0,0,0,0
467.079,0.9644,0,0,0,0
467.112,0.9644,0,0,0,0
467.148,0.9644,0,0,0,0
467.170,0.9644,0,0,0,0
467.209,0.9644,0,0,0,0
467.246,0.9644,0,0,0,0
467.270,0.9644,0,0,0,0
467.313,0.9644,0,0,0,0
467.335,0.9644,0,0,0,0
467.377,0.9644,0,0,0,0
467.403,0.9644,0,0,0,0
467.442,0.9644,0,0,0,0
467.479,0.9644,0,0,0,0
467.513,0.9644,0,0,0,0
467.544,0.9644,0,0,0,0
467.579,0.9644,0,0,0,0
467.610,0.9644,0,0,0,0
467.643,0.9644,0,0,0,0
467.679,0.9644,0,0,0,0
467.710,0.9644,0,0,0,0
467.745,0.9644,0,0,0,0
467.779,0.9644,0,0,0,0
467.811,0.9644,0,0,0,0
467.845,0.9644,0,0,0,0
467.877,0.9644,0,0,0,0
467.911,0.9644,0,0,0,0
467.941,0.9644,0,0,0,0
467.979,0.9644,0,0,0,0
468.012,0.9644,0,0,0,0
468.044,0.9644,0,0,0,0
468.088,0.9644,0,0,0,0
468.106,0.9644,0,0,0,0
468.145,0.9644,0,0,0,0
468.176,0.9644,0,0,0,0
468.212,0.9644,0,0,0,0
468.246,0.9644,0,0,0,0
468.276,0.9644,0,0,0,0
468.312,0.9644,0,0,0,0
468.343,0.9644,0,0,0,0
468.377,0.9644,0,0,0,0
468.412,0.9644,0,0,0,0
468.443,0.9644,0,0,0,0
468.477,0.9644,0,0,0,0
468.510,0.9644,0,0,0,0
468.544,0.9644,0,0,0,0
468.578,0.9644,0,0,0,0
468.613,0.9644,0,0,0,0
468.646,0.9644,0,0,0,0
468.680,0.9644,0,0,0,0
468.713,0.9644,0,0,0,0
468.743,0.9644,0,0,0,0
468.779,0.9644,0,0,0,0
468.813,0.9644,0,0,0,0
468.845,0.9644,0,0,0,0
468.877,0.9644,0,0,0,0
468.910,0.9644,0,0,0,0
468.945,0.9644,0,0,0,0
468.978,0.9644,0,0,0,0
469.014,0.9644,0,0,0,0
469.044,0.9644,0,0,0,0
469.078,0.9644,0,0,0,0
469.112,0.9644,0,0,0,0
469.146,0.9644,0,0,0,0
469.178,0.9644,0,0,0,0
469.212,0.9644,0,0,0,0
469.246,0.9644,0,0,0,0
469.278,0.9644,0,0,0,0
469.311,0.9644,0,0,0,0
469.344,0.9644,0,0,0,0
469.379,0.9644,0,0,0,0
469.410,0.9644,0,0,0,0
469.445,0.9644,0,0,0,0
469.486,0.9644,0,0,0,0
469.502,0.9644,0,0,0,0
469.543,0.9644,0,0,0,0
469.580,0.9644,0,0,0,0
469.613,0.9644,0,0,0,0
469.647,0.9644,0,0,0,0
469.680,0.9644,0,0,0,0
469.713,0.9644,0,0,0,0
469.746,0.9644,0,0,0,0
469.778,0.9644,0,0,0,0
469.814,0.9644,0,0,0,0
469.847,0.9644,0,0,0,0
469.868,0.9644,0,0,0,0
469.911,0.9644,0,0,0,0
469.943,0.9644,0,0,0,0
469.980,0.9644,0,0,0,0
470.010,0.9644,0,0,0,0
470.043,0.9644,0,0,0,0
470.080,0.9644,0,0,0,0
470.110,0.9644,0,0,0,0
470.144,0.9644,0,0,0,0
470.180,0.9644,0,0,0,0
470.212,0.9644,0,0,0,0
470.245,0.9644,0,0,0,0
470.276,0.9644,0,0,0,0
470.312,0.9644,0,0,0,0
470.343,0.9644,0,0,0,0
470.377,0.9644,0,0,0,0
470.413,0.9644,0,0,0,0
470.446,0.9644,0,0,0,0
470.478,0.9644,0,0,0,0
470.513,0.9644,0,0,0,0
470.546,0.9644,0,0,0,0
470.576,0.9644,0,0,0,0
470.611,0.9644,0,0,0,0
470.643,0.9644,0,0,0,0
470.679,0.9644,0,0,0,0
470.714,0.9644,0,0,0,0
470.743,0.9644,0,0,0,0
470.780,0.9644,0,0,0,0
470.818,0.9644,0,0,0,0
470.846,0.9644,0,0,0,0
470.878,0.9644,0,0,0,0
470.914,0.9644,0,0,0,0
470.943,0.9644,0,0,0,0
470.980,0.9644,0,0,0,0
471.013,0.9644,0,0,0,0
471.047,0.9644,0,0,0,0
471.076,0.9644,0,0,0,0
471.110,0.9644,0,0,0,0
471.143,0.9644,0,0,0,0
471.180,0.9644,0,0,0,0
471.213,0.9644,0,0,0,0
471.243,0.9644,0,0,0,0
471.277,0.9644,0,0,0,0
471.313,0.9644,0,0,0,0
471.344,0.9644,0,0,0,0
471.380,0.9644,0,0,0,0
471.412,0.9644,0,0,0,0
471.447,0.9644,0,0,0,0
471.476,0.9644,0,0,0,0
471.513,0.9644,0,0,0,0
471.543,0.9644,0,0,0,0
471.579,0.9644,0,0,0,0
471.612,0.9644,0,0,0,0
471.642,0.9644,0,0,0,0
471.676,0.9644,0,0,0,0
471.714,0.9644,0,0,0,0
471.745,0.9644,0,0,0,0
471.777,0.9644,0,0,0,0
471.810,0.9644,0,0,0,0
471.845,0.9644,0,0,0,0
471.876,0.9644,0,0,0,0
471.909,0.9644,0,0,0,0
471.946,0.9644,0,0,0,0
471.977,0.9644,0,0,0,0
472.013,0.9644,0,0,0,0
472.043,0.9644,0,0,0,0
472.078,0.9644,0,0,0,0
472.113,0.9644,0,0,0,0
472.147,0.9644,0,0,0,0
472.186,0.9644,0,0,0,0
472.213,0.9644,0,0,0,0
472.245,0.9644,0,0,0,0
472.278,0.9644,0,0,0,0
472.312,0.9644,0,0,0,0
472.345,0.9644,0,0,0,0
472.377,0.9644,0,0,0,0
472.413,0.9644,0,0,0,0
472.445,0.9644,0,0,0,0
472.479,0.9644,0,0,0,0
472.511,0.9644,0,0,0,0
472.543,0.9644,0,0,0,0
472.578,0.9644,0,0,0,0
472.612,0.9644,0,0,0,0
472.646,0.9644,0,0,0,0
472.679,0.9644,0,0,0,0
472.713,0.9644,0,0,0,0
472.745,0.9644,0,0,0,0
472.777,0.9644,0,0,0,0
472.811,0.9644,0,0,0,0
472.843,0.9644,0,0,0,0
472.881,0.9644,0,0,0,0
472.914,0.9644,0,0,0,0
472.946,0.9644,0,0,0,0
472.977,0.9644,0,0,0,0
473.010,0.9644,0,0,0,0
473.046,0.9644,0,0,0,0
473.076,0.9644,0,0,0,0
473.109,0.9644,0,0,0,0
473.144,0.9644,0,0,0,0
473.180,0.9644,0,0,0,0
473.213,0.9644,0,0,0,0
473.244,0.9644,0,0,0,0
473.279,0.9644,0,0,0,0
473.310,0.9644,0,0,0,0
473.347,0.9644,0,0,0,0
473.377,0.9644,0,0,0,0
473.412,0.9644,0,0,0,0
473.445,0.9644,0,0,0,0
473.479,0.9644,0,0,0,0
473.510,0.9644,0,0,0,0
473.543,0.9644,0,0,0,0
473.576,0.9644,0,0,0,0
473.610,0.9644,0,0,0,0
473.646,0.9644,0,0,0,0
473.679,0.9644,0,0,0,0
473.712,0.9644,0,0,0,0
473.746,0.9644,0,0,0,0
473.779,0.9644,0,0,0,0
473.813,0.9644,0,0,0,0
473.844,0.9644,0,0,0,0
473.876,0.9644,0,0,0,0
473.912,0.9644,0,0,0,0
473.944,0.9644,0,0,0,0
473.980,0.9644,0,0,0,0
474.012,0.9644,0,0,0,0
474.043,0.9644,0,0,0,0
474.079,0.9644,0,0,0,0
474.109,0.9644,0,0,0,0
474.145,0.9644,0,0,0,0
474.178,0.9644,0,0,0,0
474.212,0.9644,0,0,0,0
474.246,0.9644,0,0,0,0
474.277,0.9644,0,0,0,0
474.314,0.9644,0,0,0,0
474.343,0.9644,0,0,0,0
474.378,0.9644,0,0,0,0
474.412,0.9644,0,0,0,0
474.443,0.9644,0,0,0,0
474.476,0.9644,0,0,0,0
474.513,0.9644,0,0,0,0
474.544,0.9644,0,0,0,0
474.579,0.9644,0,0,0,0
474.612,0.9644,0,0,0,0
474.650,0.9644,0,0,0,0
474.677,0.9644,0,0,0,0
474.710,0.9644,0,0,0,0
474.745,0.9644,0,0,0,0
474.777,0.9644,0,0,0,0
474.809,0.9644,0,0,0,0
474.846,0.9644,0,0,0,0
474.876,0.9644,0,0,0,0
474.911,0.9644,0,0,0,0
474.944,0.9644,0,0,0,0
474.980,0.9644,0,0,0,0
475.010,0.9644,0,0,0,0
475.046,0.9644,0,0,0,0
475.077,0.9644,0,0,0,0
475.109,0.9644,0,0,0,0
475.147,0.9644,0,0,0,0
475.177,0.9644,0,0,0,0
475.210,0.9644,0,0,0,0
475.244,0.9644,0,0,0,0
475.278,0.9644,0,0,0,0
475.310,0.9644,0,0,0,0
475.346,0.9644,0,0,0,0
475.380,0.9644,0,0,0,0
475.414,0.9644,0,0,0,0
475.444,0.9644,0,0,0,0
475.478,0.9644,0,0,0,0
475.511,0.9644,0,0,0,0
475.545,0.9644,0,0,0,0
475.580,0.9644,0,0,0,0
475.613,0.9644,0,0,0,0
475.648,0.9644,0,0,0,0
475.678,0.9644,0,0,0,0
475.710,0.9644,0,0,0,0
475.746,0.9644,0,0,0,0
475.777,0.9644,0,0,0,0
475.812,0.9644,0,0,0,0
475.846,0.9644,0,0,0,0
475.876,0.9644,0,0,0,0
475.910,0.9644,0,0,0,0
475.944,0.9644,0,0,0,0
475.980,0.9644,0,0,0,0
476.010,0.9644,0,0,0,0
476.044,0.9644,0,0,0,0
476.076,0.9644,0,0,0,0
476.113,0.9644,0,0,0,0
476.143,0.9644,0,0,0,0
476.176,0.9644,0,0,0,0
476.212,0.9644,0,0,0,0
476.247,0.9644,0,0,0,0
476.278,0.9644,0,0,0,0
476.311,0.9644,0,0,0,0
476.346,0.9644,0,0,0,0
476.379,0.9644,0,0,0,0
476.410,0.9644,0,0,0,0
476.445,0.9644,0,0,0,0
476.478,0.9644,0,0,0,0
476.513,0.9644,0,0,0,0
476.547,0.9644,0,0,0,0
476.580,0.9644,0,0,0,0
476.611,0.9644,0,0,0,0
476.644,0.9644,0,0,0,0
476.680,0.9644,0,0,0,0
476.712,0.9644,0,0,0,0
476.743,0.9644,0,0,0,0
476.776,0.9644,0,0,0,0
476.812,0.9644,0,0,0,0
476.847,0.9644,0,0,0,0
476.877,0.9644,0,0,0,0
476.913,0.9644,0,0,0,0
476.946,0.9644,0,0,0,0
476.979,0.9644,0,0,0,0
477.012,0.9644,0,0,0,0
477.045,0.9644,0,0,0,0
477.076,0.9644,0,0,0,0
477.112,0.9644,0,0,0,0
477.145,0.9644,0,0,0,0
477.179,0.9644,0,0,0,0
477.211,0.9644,0,0,0,0
477.246,0.9644,0,0,0,0
477.277,0.9644,0,0,0,0
477.312,0.9644,0,0,0,0
477.344,0.9644,0,0,0,0
477.376,0.9644,0,0,0,0
477.411,0.9644,0,0,0,0
477.444,0.9644,0,0,0,0
477.480,0.9644,0,0,0,0
477.510,0.9644,0,0,0,0
477.544,0.9644,0,0,0,0
477.578,0.9644,0,0,0,0
477.610,0.9644,0,0,0,0
477.647,0.9644,0,0,0,0
477.680,0.9644,0,0,0,0
477.714,0.9644,0,0,0,0
477.745,0.9644,0,0,0,0
477.777,0.9644,0,0,0,0
477.809,0.9644,0,0,0,0
477.846,0.9644,0,0,0,0
477.879,0.9644,0,0,0,0
477.914,0.9644,0,0,0,0
477.944,0.9644,0,0,0,0
477.980,0.9644,0,0,0,0
478.012,0.9644,0,0,0,0
478.043,0.9644,0,0,0,0
478.076,0.9644,0,0,0,0
478.112,0.9644,0,0,0,0
478.146,0.9644,0,0,0,0
478.179,0.9644,0,0,0,0
478.210,0.9644,0,0,0,0
478.245,0.9644,0,0,0,0
478.278,0.9644,0,0,0,0
478.316,0.9644,0,0,0,0
478.346,0.9644,0,0,0,0
478.381,0.9644,0,0,0,0
478.414,0.9644,0,0,0,0
478.448,0.9644,0,0,0,0
478.481,0.9644,0,0,0,0
478.517,0.9644,0,0,0,0
478.550,0.9644,0,0,0,0
478.583,0.9644,0,0,0,0
478.616,0.9644,0,0,0,0
478.649,0.9644,0,0,0,0
478.684,0.9644,0,0,0,0
478.716,0.9644,0,0,0,0
478.750,0.9644,0,0,0,0
478.784,0.9644,0,0,0,0
478.817,0.9644,0,0,0,0
479.028,0.9644,0,0,0,0
479.065,0.9644,0,0,0,0
479.075,0.9644,0,0,0,0
479.106,0.9644,0,0,0,0
479.138,0.9644,0,0,0,0
479.172,0.9644,0,0,0,0
479.206,0.9644,0,0,0,0
479.238,0.9644,0,0,0,0
479.272,0.9644,0,0,0,0
479.305,0.9644,0,0,0,0
479.523,0.9644,0,0,0,0
479.573,0.9644,0,0,0,0
479.593,0.9644,0,0,0,0
479.628,0.9644,0,0,0,0
479.661,0.9644,0,0,0,0
479.694,0.9644,0,0,0,0
479.729,0.9643,0,0,0,0
479.761,0.9644,0,0,0,0
479.795,0.9643,0,0,0,0
479.830,0.9643,0,0,0,0
479.861,0.9644,0,0,0,0
479.898,0.9644,0,0,0,0
479.932,0.9643,0,0,0,0
479.961,0.9643,0,0,0,0
479.987,0.9643,0,0,0,0
480.024,0.9643,0,0,0,0
480.066,0.9643,0,0,0,0
480.091,0.9643,0,0,0,0
480.127,0.9643,0,0,0,0
480.152,0.9643,0,0,0,0
480.193,0.9643,0,0,0,0
480.228,0.9643,0,0,0,0
480.262,0.9643,0,0,0,0
480.297,0.9643,0,0,0,0
480.344,0.9643,0,0,0,0
480.419,0.9643,0,0,0,0
480.450,0.9643,0,0,0,0
480.483,0.9643,0,0,0,0
480.518,0.9643,0,0,0,0
480.551,0.9643,0,0,0,0
480.587,0.9643,0,0,0,0
480.615,0.9643,0,0,0,0
480.648,0.9643,0,0,0,0
480.682,0.9643,0,0,0,0
480.716,0.9643,0,0,0,0
480.754,0.9643,0,0,0,0
480.778,0.9643,0,0,0,0
480.820,0.9643,0,0,0,0
480.846,0.9643,0,0,0,0
480.886,0.9643,0,0,0,0
480.910,0.9643,0,0,0,0
480.947,0.9643,0,0,0,0
480.993,0.9643,0,0,0,0
481.010,0.9643,0,0,0,0
481.054,0.9643,0,0,0,0
481.088,0.9643,0,0,0,0
481.116,0.9643,0,0,0,0
481.151,0.9643,0,0,0,0
481.174,0.9643,0,0,0,0
481.205,0.9643,0,0,0,0
481.266,0.9643,0,0,0,0
481.316,0.9643,0,0,0,0
481.363,0.9643,0,0,0,0
481.394,0.9643,0,0,0,0
481.430,0.9643,0,0,0,0
481.463,0.9643,0,0,0,0
481.494,0.9643,0,0,0,0
481.529,0.9643,0,0,0,0
481.562,0.9643,0,0,0,0
481.597,0.9643,0,0,0,0
481.629,0.9643,0,0,0,0
481.663,0.9643,0,0,0,0
481.695,0.9643,0,0,0,0
481.730,0.9643,0,0,0,0
481.766,0.9643,0,0,0,0
481.802,0.9643,0,0,0,0
481.825,0.9643,0,0,0,0
481.861,0.9643,0,0,0,0
481.885,0.9643,0,0,0,0
481.929,0.9643,0,0,0,0
481.962,0.9643,0,0,0,0
481.995,0.9643,0,0,0,0
482.030,0.9643,0,0,0,0
482.064,0.9643,0,0,0,0
482.095,0.9643,0,0,0,0
482.128,0.9643,0,0,0,0
482.164,0.9643,0,0,0,0
482.196,0.9643,0,0,0,0
482.231,0.9643,0,0,0,0
482.265,0.9643,0,0,0,0
482.304,0.9643,0,0,0,0
482.332,0.9643,0,0,0,0
482.363,0.9643,0,0,0,0
482.395,0.9643,0,0,0,0
482.430,0.9643,0,0,0,0
482.462,0.9643,0,0,0,0
482.498,0.9643,0,0,0,0
482.519,0.9643,0,0,0,0
482.560,0.9643,0,0,0,0
482.587,0.9643,0,0,0,0
482.630,0.9643,0,0,0,0
482.665,0.9643,0,0,0,0
482.688,0.9643,0,0,0,0
482.731,0.9643,0,0,0,0
482.755,0.9643,0,0,0,0
482.799,0.9643,0,0,0,0
482.825,0.9643,0,0,0,0
482.864,0.9643,0,0,0,0
482.893,0.9643,0,0,0,0
482.931,0.9643,0,0,0,0
482.955,0.9643,0,0,0,0
482.995,0.9643,0,0,0,0
483.030,0.9643,0,0,0,0
483.064,0.9643,0,0,0,0
483.093,0.9643,0,0,0,0
483.126,0.9643,0,0,0,0
483.151,0.9643,0,0,0,0
483.194,0.9643,0,0,0,0
483.222,0.9643,0,0,0,0
483.261,0.9643,0,0,0,0
483.295,0.9643,0,0,0,0
483.329,0.9643,0,0,0,0
483.363,0.9643,0,0,0,0
483.395,0.9643,0,0,0,0
483.429,0.9643,0,0,0,0
483.462,0.9643,0,0,0,0
483.497,0.9643,0,0,0,0
483.528,0.9643,0,0,0,0
483.563,0.9643,0,0,0,0
483.595,0.9643,0,0,0,0
483.631,0.9643,0,0,0,0
483.662,0.9643,0,0,0,0
483.695,0.9643,0,0,0,0
483.729,0.9643,0,0,0,0
483.761,0.9643,0,0,0,0
483.795,0.9643,0,0,0,0
483.830,0.9643,0,0,0,0
483.860,0.9643,0,0,0,0
483.894,0.9643,0,0,0,0
483.928,0.9643,0,0,0,0
483.962,0.9643,0,0,0,0
483.997,0.9643,0,0,0,0
484.031,0.9643,0,0,0,0
484.057,0.9643,0,0,0,0
484.095,0.9643,0,0,0,0
484.128,0.9643,0,0,0,0
484.163,0.9643,0,0,0,0
484.199,0.9643,0,0,0,0
484.221,0.9643,0,0,0,0
484.264,0.9643,0,0,0,0
484.296,0.9643,0,0,0,0
484.327,0.9643,0,0,0,0
484.363,0.9643,0,0,0,0
484.394,0.9643,0,0,0,0
484.430,0.9643,0,0,0,0
484.463,0.9643,0,0,0,0
484.495,0.9643,0,0,0,0
484.531,0.9643,0,0,0,0
484.553,0.9643,0,0,0,0
484.597,0.9643,0,0,0,0
484.632,0.9643,0,0,0,0
484.655,0.9643,0,0,0,0
484.697,0.9643,0,0,0,0
484.720,0.9643,0,0,0,0
484.763,0.9643,0,0,0,0
484.794,0.9643,0,0,0,0
484.829,0.9643,0,0,0,0
484.861,0.9643,0,0,0,0
484.896,0.9643,0,0,0,0
484.930,0.9643,0,0,0,0
484.963,0.9643,0,0,0,0
484.994,0.9643,0,0,0,0
485.028,0.9643,0,0,0,0
485.059,0.9643,0,0,0,0
485.103,0.9643,0,0,0,0
485.130,0.9643,0,0,0,0
485.161,0.9643,0,0,0,0
485.197,0.9643,0,0,0,0
485.229,0.9643,0,0,0,0
485.261,0.9643,0,0,0,0
485.295,0.9643,0,0,0,0
485.329,0.9643,0,0,0,0
485.362,0.9643,0,0,0,0
485.393,0.9643,0,0,0,0
485.431,0.9643,0,0,0,0
485.462,0.9643,0,0,0,0
485.495,0.9643,0,0,0,0
485.529,0.9643,0,0,0,0
485.561,0.9643,0,0,0,0
485.599,0.9643,0,0,0,0
485.629,0.9643,0,0,0,0
485.662,0.9643,0,0,0,0
485.697,0.9643,0,0,0,0
485.731,0.9643,0,0,0,0
485.765,0.9643,0,0,0,0
485.796,0.9643,0,0,0,0
485.831,0.9643,0,0,0,0
485.855,0.9643,0,0,0,0
485.893,0.9643,0,0,0,0
485.927,0.9643,0,0,0,0
485.951,0.9643,0,0,0,0
485.996,0.9643,0,0,0,0
486.021,0.9643,0,0,0,0
486.065,0.9643,0,0,0,0
486.094,0.9643,0,0,0,0
486.130,0.9643,0,0,0,0
486.164,0.9643,0,0,0,0
486.197,0.9643,0,0,0,0
486.228,0.9643,0,0,0,0
486.265,0.9643,0,0,0,0
486.294,0.9643,0,0,0,0
486.327,0.9643,0,0,0,0
486.364,0.9643,0,0,0,0
486.393,0.9643,0,0,0,0
486.430,0.9643,0,0,0,0
486.457,0.9643,0,0,0,0
486.495,0.9643,0,0,0,0
486.528,0.9643,0,0,0,0
486.565,0.9643,0,0,0,0
486.595,0.9643,0,0,0,0
486.629,0.9643,0,0,0,0
486.663,0.9643,0,0,0,0
486.695,0.9643,0,0,0,0
486.729,0.9643,0,0,0,0
486.761,0.9643,0,0,0,0
486.796,0.9643,0,0,0,0
486.828,0.9643,0,0,0,0
486.862,0.9643,0,0,0,0
486.895,0.9643,0,0,0,0
486.931,0.9643,0,0,0,0
486.961,0.9643,0,0,0,0
486.996,0.9643,0,0,0,0
487.028,0.9643,0,0,0,0
487.110,0.9643,0,0,0,0
487.144,0.9643,0,0,0,0
487.177,0.9643,0,0,0,0
487.212,0.9643,0,0,0,0
487.245,0.9643,0,0,0,0
487.275,0.9643,0,0,0,0
487.313,0.9643,0,0,0,0
487.336,0.9643,0,0,0,0
487.379,0.9643,0,0,0,0
487.409,0.9643,0,0,0,0
487.446,0.9643,0,0,0,0
487.467,0.9643,0,0,0,0
487.510,0.9643,0,0,0,0
487.535,0.9643,0,0,0,0
487.578,0.9643,0,0,0,0
487.608,0.9643,0,0,0,0
487.644,0.9643,0,0,0,0
487.677,0.9643,0,0,0,0
487.712,0.9643,0,0,0,0
487.733,0.9643,0,0,0,0
487.776,0.9643,0,0,0,0
487.809,0.9643,0,0,0,0
487.846,0.9643,0,0,0,0
487.878,0.9643,0,0,0,0
487.910,0.9643,0,0,0,0
487.943,0.9643,0,0,0,0
487.980,0.9643,0,0,0,0
488.012,0.9643,0,0,0,0
488.043,0.9643,0,0,0,0
488.077,0.9643,0,0,0,0
488.109,0.9643,0,0,0,0
488.143,0.9643,0,0,0,0
488.181,0.9643,0,0,0,0
488.203,0.9643,0,0,0,0
488.245,0.9643,0,0,0,0
488.277,0.9643,0,0,0,0
488.309,0.9643,0,0,0,0
488.342,0.9643,0,0,0,0
488.378,0.9643,0,0,0,0
488.412,0.9643,0,0,0,0
488.435,0.9643,0,0,0,0
488.480,0.9643,0,0,0,0
488.503,0.9643,0,0,0,0
488.543,0.9643,0,0,0,0
488.573,0.9643,0,0,0,0
488.608,0.9643,0,0,0,0
488.633,0.9643,0,0,0,0
488.682,0.9643,0,0,0,0
488.711,0.9643,0,0,0,0
488.733,0.9643,0,0,0,0
488.779,0.9643,0,0,0,0
488.810,0.9643,0,0,0,0
488.846,0.9643,0,0,0,0
488.878,0.9643,0,0,0,0
488.909,0.9643,0,0,0,0
488.944,0.9643,0,0,0,0
488.975,0.9643,0,0,0,0
489.009,0.9643,0,0,0,0
489.041,0.9643,0,0,0,0
489.080,0.9643,0,0,0,0
489.107,0.9643,0,0,0,0
489.146,0.9643,0,0,0,0
489.176,0.9643,0,0,0,0
489.207,0.9643,0,0,0,0
489.243,0.9643,0,0,0,0
489.283,0.9643,0,0,0,0
489.309,0.9643,0,0,0,0
489.345,0.9643,0,0,0,0
489.375,0.9643,0,0,0,0
489.411,0.9643,0,0,0,0
489.446,0.9643,0,0,0,0
489.476,0.9643,0,0,0,0
489.512,0.9643,0,0,0,0
489.543,0.9643,0,0,0,0
489.577,0.9643,0,0,0,0
489.611,0.9643,0,0,0,0
489.645,0.9643,0,0,0,0
489.675,0.9643,0,0,0,0
489.710,0.9643,0,0,0,0
489.748,0.9643,0,0,0,0
489.769,0.9643,0,0,0,0
489.811,0.9643,0,0,0,0
489.841,0.9643,0,0,0,0
489.880,0.9643,0,0,0,0
489.912,0.9643,0,0,0,0
489.945,0.9643,0,0,0,0
489.980,0.9643,0,0,0,0
490.009,0.9643,0,0,0,0
490.045,0.9643,0,0,0,0
490.078,0.9643,0,0,0,0
490.110,0.9643,0,0,0,0
490.146,0.9643,0,0,0,0
490.176,0.9643,0,0,0,0
490.210,0.9643,0,0,0,0
490.243,0.9643,0,0,0,0
490.276,0.9643,0,0,0,0
490.309,0.9643,0,0,0,0
490.342,0.9643,0,0,0,0
490.378,0.9643,0,0,0,0
490.409,0.9643,0,0,0,0
490.444,0.9643,0,0,0,0
490.467,0.9643,0,0,0,0
490.512,0.9643,0,0,0,0
490.544,0.9643,0,0,0,0
490.578,0.9643,0,0,0,0
490.613,0.9643,0,0,0,0
490.641,0.9643,0,0,0,0
490.703,0.9643,0,0,0,0
490.766,0.9643,0,0,0,0
490.806,0.9643,0,0,0,0
490.831,0.9643,0,0,0,0
490.869,0.9643,0,0,0,0
490.902,0.9643,0,0,0,0
490.934,0.9643,0,0,0,0
490.966,0.9643,0,0,0,0
491.000,0.9643,0,0,0,0
491.038,0.9643,0,0,0,0
491.070,0.9643,0,0,0,0
491.105,0.9643,0,0,0,0
491.137,0.9643,0,0,0,0
491.172,0.9643,0,0,0,0
491.200,0.9643,0,0,0,0
491.241,0.9643,0,0,0,0
491.269,0.9643,0,0,0,0
491.304,0.9643,0,0,0,0
491.337,0.9643,0,0,0,0
491.369,0.9643,0,0,0,0
491.398,0.9643,0,0,0,0
491.434,0.9643,0,0,0,0
491.466,0.9643,0,0,0,0
491.506,0.9643,0,0,0,0
491.529,0.9643,0,0,0,0
491.569,0.9643,0,0,0,0
491.604,0.9643,0,0,0,0
491.634,0.9643,0,0,0,0
491.669,0.9643,0,0,0,0
491.702,0.9643,0,0,0,0
491.735,0.9643,0,0,0,0
491.768,0.9643,0,0,0,0
491.803,0.9643,0,0,0,0
491.826,0.9643,0,0,0,0
491.866,0.9643,0,0,0,0
491.899,0.9643,0,0,0,0
491.934,0.9643,0,0,0,0
491.965,0.9643,0,0,0,0
492.001,0.9643,0,0,0,0
492.035,0.9643,0,0,0,0
492.069,0.9643,0,0,0,0
492.102,0.9643,0,0,0,0
492.137,0.9643,0,0,0,0
492.170,0.9643,0,0,0,0
492.192,0.9643,0,0,0,0
492.236,0.9643,0,0,0,0
492.270,0.9643,0,0,0,0
492.301,0.9643,0,0,0,0
492.334,0.9643,0,0,0,0
492.370,0.9643,0,0,0,0
492.403,0.9643,0,0,0,0
492.435,0.9643,0,0,0,0
492.471,0.9643,0,0,0,0
492.500,0.9643,0,0,0,0
492.537,0.9643,0,0,0,0
492.565,0.9643,0,0,0,0
492.604,0.9643,0,0,0,0
492.635,0.9643,0,0,0,0
492.668,0.9643,0,0,0,0
492.705,0.9643,0,0,0,0
492.733,0.9643,0,0,0,0
492.770,0.9643,0,0,0,0
492.801,0.9643,0,0,0,0
492.840,0.9643,0,0,0,0
492.870,0.9643,0,0,0,0
492.903,0.9643,0,0,0,0
492.937,0.9643,0,0,0,0
492.966,0.9643,0,0,0,0
493.004,0.9643,0,0,0,0
493.033,0.9643,0,0,0,0
493.067,0.9643,0,0,0,0
493.101,0.9643,0,0,0,0
493.135,0.9643,0,0,0,0
493.170,0.9643,0,0,0,0
493.203,0.9643,0,0,0,0
493.234,0.9643,0,0,0,0
493.269,0.9643,0,0,0,0
493.303,0.9643,0,0,0,0
493.336,0.9643,0,0,0,0
493.369,0.9643,0,0,0,0
493.404,0.9643,0,0,0,0
493.437,0.9643,0,0,0,0
493.469,0.9643,0,0,0,0
493.501,0.9643,0,0,0,0
493.537,0.9643,0,0,0,0
493.568,0.9643,0,0,0,0
493.605,0.9643,0,0,0,0
493.630,0.9643,0,0,0,0
493.670,0.9643,0,0,0,0
493.703,0.9643,0,0,0,0
493.737,0.9643,0,0,0,0
493.769,0.9643,0,0,0,0
493.803,0.9643,0,0,0,0
493.837,0.9643,0,0,0,0
493.871,0.9643,0,0,0,0
493.903,0.9643,0,0,0,0
493.936,0.9643,0,0,0,0
493.969,0.9643,0,0,0,0
494.004,0.9643,0,0,0,0
494.034,0.9643,0,0,0,0
494.070,0.9643,0,0,0,0
494.102,0.9643,0,0,0,0
494.134,0.9643,0,0,0,0
494.171,0.9643,0,0,0,0
494.205,0.9643,0,0,0,0
494.235,0.9643,0,0,0,0
494.269,0.9643,0,0,0,0
494.300,0.9643,0,0,0,0
494.333,0.9643,0,0,0,0
494.369,0.9643,0,0,0,0
494.404,0.9643,0,0,0,0
494.435,0.9643,0,0,0,0
494.467,0.9643,0,0,0,0
494.502,0.9643,0,0,0,0
494.536,0.9643,0,0,0,0
494.571,0.9643,0,0,0,0
494.603,0.9643,0,0,0,0
494.636,0.9643,0,0,0,0
494.669,0.9643,0,0,0,0
494.702,0.9643,0,0,0,0
494.734,0.9643,0,0,0,0
494.768,0.9643,0,0,0,0
494.802,0.9643,0,0,0,0
494.834,0.9643,0,0,0,0
494.867,0.9643,0,0,0,0
494.901,0.9643,0,0,0,0
494.938,0.9643,0,0,0,0
494.967,0.9643,0,0,0,0
495.004,0.9643,0,0,0,0
495.036,0.9643,0,0,0,0
495.071,0.9643,0,0,0,0
495.105,0.9643,0,0,0,0
495.137,0.9643,0,0,0,0
495.169,0.9643,0,0,0,0
495.204,0.9643,0,0,0,0
495.237,0.9643,0,0,0,0
495.269,0.9643,0,0,0,0
495.301,0.9643,0,0,0,0
495.334,0.9643,0,0,0,0
495.369,0.9643,0,0,0,0
495.401,0.9643,0,0,0,0
495.436,0.9643,0,0,0,0
495.470,0.9642,0,0,0,0
495.502,0.9643,0,0,0,0
495.536,0.9642,0,0,0,0
495.571,0.9642,0,0,0,0
495.602,0.9642,0,0,0,0
495.634,0.9642,0,0,0,0
495.669,0.9642,0,0,0,0
495.704,0.9642,0,0,0,0
495.734,0.9642,0,0,0,0
495.770,0.9642,0,0,0,0
495.804,0.9642,0,0,0,0
495.837,0.9642,0,0,0,0
495.868,0.9642,0,0,0,0
495.903,0.9642,0,0,0,0
495.939,0.9642,0,0,0,0
495.969,0.9642,0,0,0,0
496.003,0.9642,0,0,0,0
496.036,0.9642,0,0,0,0
496.068,0.9642,0,0,0,0
496.100,0.9642,0,0,0,0
496.134,0.9642,0,0,0,0
496.170,0.9642,0,0,0,0
496.200,0.9642,0,0,0,0
496.234,0.9642,0,0,0,0
496.267,0.9642,0,0,0,0
496.305,0.9642,0,0,0,0
496.337,0.9642,0,0,0,0
496.370,0.9642,0,0,0,0
496.401,0.9642,0,0,0,0
496.435,0.9642,0,0,0,0
496.469,0.9642,0,0,0,0
496.503,0.9642,0,0,0,0
496.535,0.9642,0,0,0,0
496.569,0.9642,0,0,0,0
496.604,0.9642,0,0,0,0
496.636,0.9642,0,0,0,0
496.667,0.9642,0,0,0,0
496.704,0.9642,0,0,0,0
496.735,0.9642,0,0,0,0
496.769,0.9642,0,0,0,0
496.800,0.9642,0,0,0,0
496.837,0.9642,0,0,0,0
496.870,0.9642,0,0,0,0
496.901,0.9642,0,0,0,0
496.937,0.9642,0,0,0,0
496.969,0.9642,0,0,0,0
497.002,0.9642,0,0,0,0
497.035,0.9642,0,0,0,0
497.070,0.9642,0,0,0,0
497.102,0.9642,0,0,0,0
497.136,0.9642,0,0,0,0
497.166,0.9642,0,0,0,0
497.200,0.9642,0,0,0,0
497.235,0.9642,0,0,0,0
497.266,0.9642,0,0,0,0
497.298,0.9642,0,0,0,0
497.334,0.9642,0,0,0,0
497.368,0.9642,0,0,0,0
497.401,0.9642,0,0,0,0
497.434,0.9642,0,0,0,0
497.468,0.9642,0,0,0,0
497.501,0.9642,0,0,0,0
497.537,0.9642,0,0,0,0
497.568,0.9642,0,0,0,0
497.601,0.9642,0,0,0,0
497.635,0.9642,0,0,0,0
497.669,0.9642,0,0,0,0
497.691,0.9642,0,0,0,0
497.732,0.9642,0,0,0,0
497.770,0.9642,0,0,0,0
497.800,0.9642,0,0,0,0
497.920,0.9642,0,0,0,0
497.949,0.9642,0,0,0,0
497.956,0.9642,0,0,0,0
497.992,0.9642,0,0,0,0
498.023,0.9642,0,0,0,0
498.060,0.9642,0,0,0,0
498.092,0.9642,0,0,0,0
498.123,0.9642,0,0,0,0
498.161,0.9642,0,0,0,0
498.190,0.9642,0,0,0,0
498.224,0.9642,0,0,0,0
498.256,0.9642,0,0,0,0
498.287,0.9642,0,0,0,0
498.325,0.9642,0,0,0,0
498.354,0.9642,0,0,0,0
498.391,0.9642,0,0,0,0
498.426,0.9642,0,0,0,0
498.460,0.9642,0,0,0,0
498.493,0.9642,0,0,0,0
498.525,0.9642,0,0,0,0
498.558,0.9642,0,0,0,0
498.591,0.9642,0,0,0,0
498.626,0.9642,0,0,0,0
498.851,0.9642,0,0,0,0
498.901,0.9642,0,0,0,0
498.937,0.9642,0,0,0,0
498.944,0.9642,0,0,0,0
498.949,0.9642,0,0,0,0
498.953,0.9642,0,0,0,0
498.977,0.9642,0,0,0,0
499.010,0.9642,0,0,0,0
499.046,0.9642,0,0,0,0
499.079,0.9642,0,0,0,0
499.111,0.9642,0,0,0,0
499.145,0.9642,0,0,0,0
499.178,0.9642,0,0,0,0
499.212,0.9642,0,0,0,0
499.245,0.9642,0,0,0,0
499.276,0.9642,0,0,0,0
499.310,0.9642,0,0,0,0
499.345,0.9642,0,0,0,0
499.377,0.9642,0,0,0,0
499.414,0.9642,0,0,0,0
499.441,0.9642,0,0,0,0
499.471,0.9642,0,0,0,0
499.513,0.9642,0,0,0,0
499.547,0.9642,0,0,0,0
499.577,0.9642,0,0,0,0
499.614,0.9642,0,0,0,0
499.645,0.9642,0,0,0,0
499.679,0.9642,0,0,0,0
499.714,0.9642,0,0,0,0
499.744,0.9642,0,0,0,0
499.779,0.9642,0,0,0,0
499.813,0.9642,0,0,0,0
499.845,0.9642,0,0,0,0
499.880,0.9642,0,0,0,0
499.914,0.9642,0,0,0,0
499.946,0.9642,0,0,0,0
499.980,0.9642,0,0,0,0
500.013,0.9642,0,0,0,0
500.046,0.9642,0,0,0,0
500.080,0.9642,0,0,0,0
500.114,0.9642,0,0,0,0
500.144,0.9642,0,0,0,0
500.180,0.9642,0,0,0,0
500.213,0.9642,0,0,0,0
500.247,0.9642,0,0,0,0
500.277,0.9642,0,0,0,0
500.313,0.9642,0,0,0,0
500.344,0.9642,0,0,0,0
500.380,0.9642,0,0,0,0
500.412,0.9642,0,0,0,0
500.446,0.9642,0,0,0,0
500.480,0.9642,0,0,0,0
500.510,0.9642,0,0,0,0
500.546,0.9642,0,0,0,0
500.576,0.9642,0,0,0,0
500.612,0.9642,0,0,0,0
500.643,0.9642,0,0,0,0
500.680,0.9642,0,0,0,0
500.712,0.9642,0,0,0,0
500.744,0.9642,0,0,0,0
500.779,0.9642,0,0,0,0
500.810,0.9642,0,0,0,0
500.847,0.9642,0,0,0,0
500.877,0.9642,0,0,0,0
500.914,0.9642,0,0,0,0
500.944,0.9642,0,0,0,0
500.978,0.9642,0,0,0,0
501.011,0.9642,0,0,0,0
501.043,0.9642,0,0,0,0
501.078,0.9642,0,0,0,0
501.110,0.9642,0,0,0,0
501.143,0.9642,0,0,0,0
501.179,0.9642,0,0,0,0
501.210,0.9642,0,0,0,0
501.243,0.9642,0,0,0,0
501.278,0.9642,0,0,0,0
501.310,0.9642,0,0,0,0
501.343,0.9642,0,0,0,0
501.381,0.9642,0,0,0,0
501.413,0.9642,0,0,0,0
501.443,0.9642,0,0,0,0
501.477,0.9642,0,0,0,0
501.513,0.9642,0,0,0,0
501.546,0.9642,0,0,0,0
501.581,0.9642,0,0,0,0
501.614,0.9642,0,0,0,0
501.646,0.9642,0,0,0,0
501.680,0.9642,0,0,0,0
501.710,0.9642,0,0,0,0
501.747,0.9642,0,0,0,0
501.777,0.9642,0,0,0,0
501.813,0.9642,0,0,0,0
501.846,0.9642,0,0,0,0
501.880,0.9642,0,0,0,0
501.913,0.9642,0,0,0,0
501.947,0.9642,0,0,0,0
501.978,0.9642,0,0,0,0
502.010,0.9642,0,0,0,0
502.044,0.9642,0,0,0,0
502.077,0.9642,0,0,0,0
502.111,0.9642,0,0,0,0
502.143,0.9642,0,0,0,0
502.180,0.9642,0,0,0,0
502.212,0.9642,0,0,0,0
502.246,0.9642,0,0,0,0
502.276,0.9642,0,0,0,0
502.310,0.9642,0,0,0,0
502.344,0.9642,0,0,0,0
502.380,0.9642,0,0,0,0
502.413,0.9642,0,0,0,0
502.447,0.9642,0,0,0,0
502.480,0.9642,0,0,0,0
502.512,0.9642,0,0,0,0
502.545,0.9642,0,0,0,0
502.579,0.9642,0,0,0,0
502.610,0.9642,0,0,0,0
502.643,0.9642,0,0,0,0
502.678,0.9642,0,0,0,0
502.710,0.9642,0,0,0,0
502.747,0.9642,0,0,0,0
502.779,0.9642,0,0,0,0
502.812,0.9642,0,0,0,0
502.843,0.9642,0,0,0,0
502.876,0.9642,0,0,0,0
502.911,0.9642,0,0,0,0
502.945,0.9642,0,0,0,0
502.969,0.9642,0,0,0,0
503.010,0.9642,0,0,0,0
503.048,0.9642,0,0,0,0
503.070,0.9642,0,0,0,0
503.114,0.9642,0,0,0,0
503.138,0.9642,0,0,0,0
503.176,0.9642,0,0,0,0
503.214,0.9642,0,0,0,0
503.243,0.9642,0,0,0,0
503.278,0.9642,0,0,0,0
503.313,0.9642,0,0,0,0
503.346,0.9642,0,0,0,0
503.378,0.9642,0,0,0,0
503.401,0.9642,0,0,0,0
503.444,0.9642,0,0,0,0
503.479,0.9642,0,0,0,0
503.514,0.9642,0,0,0,0
503.543,0.9642,0,0,0,0
503.579,0.9642,0,0,0,0
503.612,0.9642,0,0,0,0
503.643,0.9642,0,0,0,0
503.680,0.9642,0,0,0,0
503.712,0.9642,0,0,0,0
503.743,0.9642,0,0,0,0
503.778,0.9642,0,0,0,0
503.812,0.9642,0,0,0,0
503.835,0.9642,0,0,0,0
503.879,0.9642,0,0,0,0
503.912,0.9642,0,0,0,0
503.947,0.9642,0,0,0,0
503.988,0.9642,0,0,0,0
504.013,0.9642,0,0,0,0
504.045,0.9642,0,0,0,0
504.078,0.9642,0,0,0,0
504.112,0.9642,0,0,0,0
504.145,0.9642,0,0,0,0
504.181,0.9642,0,0,0,0
504.212,0.9642,0,0,0,0
504.246,0.9642,0,0,0,0
504.276,0.9642,0,0,0,0
504.312,0.9642,0,0,0,0
504.348,0.9642,0,0,0,0
504.381,0.9642,0,0,0,0
504.412,0.9642,0,0,0,0
504.443,0.9642,0,0,0,0
504.476,0.9642,0,0,0,0
504.513,0.9642,0,0,0,0
504.546,0.9642,0,0,0,0
504.580,0.9642,0,0,0,0
504.613,0.9642,0,0,0,0
504.646,0.9642,0,0,0,0
504.677,0.9642,0,0,0,0
504.710,0.9642,0,0,0,0
504.747,0.9642,0,0,0,0
504.777,0.9642,0,0,0,0
504.814,0.9642,0,0,0,0
504.845,0.9642,0,0,0,0
504.881,0.9642,0,0,0,0
504.910,0.9642,0,0,0,0
504.944,0.9642,0,0,0,0
504.977,0.9642,0,0,0,0
505.011,0.9642,0,0,0,0
505.046,0.9642,0,0,0,0
505.079,0.9642,0,0,0,0
505.113,0.9642,0,0,0,0
505.146,0.9642,0,0,0,0
505.180,0.9642,0,0,0,0
505.216,0.9642,0,0,0,0
505.247,0.9642,0,0,0,0
505.275,0.9642,0,0,0,0
505.301,0.9642,0,0,0,0
505.346,0.9642,0,0,0,0
505.379,0.9642,0,0,0,0
505.412,0.9642,0,0,0,0
505.444,0.9642,0,0,0,0
505.478,0.9642,0,0,0,0
505.513,0.9642,0,0,0,0
505.547,0.9642,0,0,0,0
505.576,0.9642,0,0,0,0
505.610,0.9642,0,0,0,0
505.646,0.9642,0,0,0,0
505.677,0.9642,0,0,0,0
505.713,0.9642,0,0,0,0
505.746,0.9642,0,0,0,0
505.777,0.9642,0,0,0,0
505.812,0.9642,0,0,0,0
505.843,0.9642,0,0,0,0
505.879,0.9642,0,0,0,0
505.914,0.9642,0,0,0,0
505.944,0.9642,0,0,0,0
505.977,0.9642,0,0,0,0
506.012,0.9642,0,0,0,0
506.045,0.9642,0,0,0,0
506.078,0.9642,0,0,0,0
506.111,0.9642,0,0,0,0
506.145,0.9642,0,0,0,0
506.177,0.9642,0,0,0,0
506.213,0.9642,0,0,0,0
506.243,0.9642,0,0,0,0
506.280,0.9642,0,0,0,0
506.313,0.9642,0,0,0,0
506.343,0.9642,0,0,0,0
506.380,0.9642,0,0,0,0
506.413,0.9642,0,0,0,0
506.443,0.9642,0,0,0,0
506.479,0.9642,0,0,0,0
506.512,0.9642,0,0,0,0
506.543,0.9642,0,0,0,0
506.577,0.9642,0,0,0,0
506.613,0.9642,0,0,0,0
506.647,0.9642,0,0,0,0
506.679,0.9642,0,0,0,0
506.711,0.9642,0,0,0,0
506.744,0.9642,0,0,0,0
506.781,0.9642,0,0,0,0
506.812,0.9642,0,0,0,0
506.843,0.9642,0,0,0,0
506.880,0.9642,0,0,0,0
506.910,0.9642,0,0,0,0
506.943,0.9642,0,0,0,0
506.982,0.9642,0,0,0,0
507.012,0.9642,0,0,0,0
507.045,0.9642,0,0,0,0
507.080,0.9642,0,0,0,0
507.112,0.9642,0,0,0,0
507.143,0.9642,0,0,0,0
507.181,0.9642,0,0,0,0
507.215,0.9642,0,0,0,0
507.245,0.9642,0,0,0,0
507.278,0.9642,0,0,0,0
507.315,0.9642,0,0,0,0
507.346,0.9642,0,0,0,0
507.380,0.9642,0,0,0,0
507.414,0.9642,0,0,0,0
507.444,0.9642,0,0,0,0
507.477,0.9642,0,0,0,0
507.513,0.9642,0,0,0,0
507.545,0.9642,0,0,0,0
507.581,0.9642,0,0,0,0
507.613,0.9642,0,0,0,0
507.645,0.9642,0,0,0,0
507.675,0.9642,0,0,0,0
507.711,0.9642,0,0,0,0
507.744,0.9642,0,0,0,0
507.781,0.9642,0,0,0,0
507.810,0.9642,0,0,0,0
507.847,0.9642,0,0,0,0
507.877,0.9642,0,0,0,0
507.914,0.9642,0,0,0,0
507.944,0.9642,0,0,0,0
507.980,0.9642,0,0,0,0
508.014,0.9642,0,0,0,0
508.044,0.9642,0,0,0,0
508.079,0.9642,0,0,0,0
508.112,0.9642,0,0,0,0
508.145,0.9642,0,0,0,0
508.178,0.9642,0,0,0,0
508.213,0.9642,0,0,0,0
508.247,0.9642,0,0,0,0
508.279,0.9642,0,0,0,0
508.310,0.9642,0,0,0,0
508.346,0.9642,0,0,0,0
508.381,0.9642,0,0,0,0
508.413,0.9642,0,0,0,0
508.444,0.9642,0,0,0,0
508.477,0.9642,0,0,0,0
508.513,0.9642,0,0,0,0
508.545,0.9642,0,0,0,0
508.577,0.9642,0,0,0,0
508.612,0.9642,0,0,0,0
508.643,0.9642,0,0,0,0
508.677,0.9642,0,0,0,0
508.714,0.9642,0,0,0,0
508.743,0.9642,0,0,0,0
508.779,0.9642,0,0,0,0
508.813,0.9642,0,0,0,0
508.845,0.9642,0,0,0,0
508.879,0.9642,0,0,0,0
508.910,0.9642,0,0,0,0
508.948,0.9642,0,0,0,0
508.974,0.9642,0,0,0,0
509.012,0.9642,0,0,0,0
509.044,0.9642,0,0,0,0
509.079,0.9642,0,0,0,0
509.111,0.9642,0,0,0,0
509.144,0.9642,0,0,0,0
509.177,0.9642,0,0,0,0
509.213,0.9642,0,0,0,0
509.246,0.9642,0,0,0,0
509.277,0.9642,0,0,0,0
509.312,0.9642,0,0,0,0
509.343,0.9642,0,0,0,0
509.377,0.9642,0,0,0,0
509.412,0.9642,0,0,0,0
509.446,0.9642,0,0,0,0
509.479,0.9642,0,0,0,0
509.515,0.9642,0,0,0,0
509.543,0.9642,0,0,0,0
509.577,0.9642,0,0,0,0
509.612,0.9642,0,0,0,0
509.648,0.9642,0,0,0,0
509.682,0.9642,0,0,0,0
509.713,0.9642,0,0,0,0
509.744,0.9642,0,0,0,0
509.776,0.9642,0,0,0,0
509.811,0.9642,0,0,0,0
509.842,0.9642,0,0,0,0
509.879,0.9642,0,0,0,0
509.912,0.9642,0,0,0,0
509.945,0.9642,0,0,0,0
509.981,0.9642,0,0,0,0
510.002,0.9642,0,0,0,0
510.045,0.9642,0,0,0,0
510.075,0.9642,0,0,0,0
510.109,0.9642,0,0,0,0
510.145,0.9642,0,0,0,0
510.178,0.9642,0,0,0,0
510.212,0.9642,0,0,0,0
510.250,0.9642,0,0,0,0
510.281,0.9642,0,0,0,0
510.308,0.9642,0,0,0,0
510.346,0.9642,0,0,0,0
510.380,0.9642,0,0,0,0
510.413,0.9642,0,0,0,0
510.446,0.9642,0,0,0,0
510.477,0.9642,0,0,0,0
510.513,0.9642,0,0,0,0
510.546,0.9642,0,0,0,0
510.578,0.9642,0,0,0,0
510.612,0.9642,0,0,0,0
510.648,0.9642,0,0,0,0
510.677,0.9642,0,0,0,0
510.711,0.9642,0,0,0,0
510.743,0.9642,0,0,0,0
510.777,0.9642,0,0,0,0
510.810,0.9642,0,0,0,0
510.847,0.9642,0,0,0,0
510.880,0.9642,0,0,0,0
510.911,0.9642,0,0,0,0
510.946,0.9642,0,0,0,0
510.977,0.9642,0,0,0,0
511.013,0.9642,0,0,0,0
511.045,0.9642,0,0,0,0
511.077,0.9642,0,0,0,0
511.113,0.9642,0,0,0,0
511.147,0.9642,0,0,0,0
511.181,0.9642,0,0,0,0
511.212,0.9642,0,0,0,0
511.244,0.9642,0,0,0,0
511.277,0.9642,0,0,0,0
511.314,0.9642,0,0,0,0
511.345,0.9642,0,0,0,0
511.377,0.9642,0,0,0,0
511.414,0.9642,0,0,0,0
511.444,0.9642,0,0,0,0
511.478,0.9642,0,0,0,0
511.510,0.9642,0,0,0,0
511.545,0.9642,0,0,0,0
511.577,0.9642,0,0,0,0
511.612,0.9642,0,0,0,0
511.647,0.9642,0,0,0,0
511.678,0.9642,0,0,0,0
511.710,0.9642,0,0,0,0
511.745,0.9642,0,0,0,0
511.780,0.9642,0,0,0,0
511.810,0.9642,0,0,0,0
511.845,0.9642,0,0,0,0
511.880,0.9642,0,0,0,0
511.914,0.9642,0,0,0,0
511.944,0.9642,0,0,0,0
511.981,0.9642,0,0,0,0
512.013,0.9642,0,0,0,0
512.043,0.9642,0,0,0,0
512.081,0.9642,0,0,0,0
512.113,0.9642,0,0,0,0
512.146,0.9642,0,0,0,0
512.180,0.9642,0,0,0,0
512.214,0.9642,0,0,0,0
512.243,0.9642,0,0,0,0
512.277,0.9642,0,0,0,0
512.312,0.9642,0,0,0,0
512.345,0.9642,0,0,0,0
512.378,0.9642,0,0,0,0
512.414,0.9642,0,0,0,0
512.447,0.9642,0,0,0,0
512.477,0.9641,0,0,0,0
512.512,0.9641,0,0,0,0
512.545,0.9641,0,0,0,0
512.577,0.9641,0,0,0,0
512.614,0.9641,0,0,0,0
512.648,0.9641,0,0,0,0
512.679,0.9641,0,0,0,0
512.712,0.9641,0,0,0,0
512.743,0.9641,0,0,0,0
512.778,0.9641,0,0,0,0
512.814,0.9641,0,0,0,0
512.843,0.9641,0,0,0,0
512.882,0.9641,0,0,0,0
512.903,0.9641,0,0,0,0
512.943,0.9641,0,0,0,0
512.980,0.9641,0,0,0,0
513.011,0.9641,0,0,0,0
513.044,0.9641,0,0,0,0
513.080,0.9641,0,0,0,0
513.112,0.9641,0,0,0,0
513.144,0.9641,0,0,0,0
513.178,0.9641,0,0,0,0
513.210,0.9641,0,0,0,0
513.247,0.9641,0,0,0,0
513.277,0.9641,0,0,0,0
513.314,0.9641,0,0,0,0
513.343,0.9641,0,0,0,0
513.377,0.9641,0,0,0,0
513.412,0.9641,0,0,0,0
513.445,0.9641,0,0,0,0
513.480,0.9641,0,0,0,0
513.510,0.9641,0,0,0,0
513.543,0.9641,0,0,0,0
513.576,0.9641,0,0,0,0
513.613,0.9641,0,0,0,0
513.645,0.9641,0,0,0,0
513.678,0.9641,0,0,0,0
513.710,0.9641,0,0,0,0
513.745,0.9641,0,0,0,0
513.779,0.9641,0,0,0,0
513.810,0.9641,0,0,0,0
513.843,0.9641,0,0,0,0
513.880,0.9641,0,0,0,0
513.913,0.9641,0,0,0,0
513.945,0.9641,0,0,0,0
513.981,0.9641,0,0,0,0
514.012,0.9641,0,0,0,0
514.046,0.9641,0,0,0,0
514.081,0.9641,0,0,0,0
514.111,0.9641,0,0,0,0
514.140,0.9641,0,0,0,0
514.175,0.9641,0,0,0,0
514.211,0.9641,0,0,0,0
514.245,0.9641,0,0,0,0
514.278,0.9641,0,0,0,0
514.313,0.9641,0,0,0,0
514.347,0.9641,0,0,0,0
514.377,0.9641,0,0,0,0
514.414,0.9641,0,0,0,0
514.445,0.9641,0,0,0,0
514.478,0.9641,0,0,0,0
514.512,0.9641,0,0,0,0
514.547,0.9641,0,0,0,0
514.578,0.9641,0,0,0,0
514.614,0.9641,0,0,0,0
514.645,0.9641,0,0,0,0
514.681,0.9641,0,0,0,0
514.711,0.9641,0,0,0,0
514.747,0.9641,0,0,0,0
514.777,0.9641,0,0,0,0
514.812,0.9641,0,0,0,0
514.848,0.9641,0,0,0,0
514.880,0.9641,0,0,0,0
514.910,0.9641,0,0,0,0
514.944,0.9641,0,0,0,0
514.978,0.9641,0,0,0,0
515.011,0.9641,0,0,0,0
515.044,0.9641,0,0,0,0
515.081,0.9641,0,0,0,0
515.114,0.9641,0,0,0,0
515.145,0.9641,0,0,0,0
515.181,0.9641,0,0,0,0
515.210,0.9641,0,0,0,0
515.247,0.9641,0,0,0,0
515.279,0.9641,0,0,0,0
515.311,0.9641,0,0,0,0
515.343,0.9641,0,0,0,0
515.379,0.9641,0,0,0,0
515.415,0.9641,0,0,0,0
515.444,0.9641,0,0,0,0
515.481,0.9641,0,0,0,0
515.505,0.9641,0,0,0,0
515.541,0.9641,0,0,0,0
515.577,0.9641,0,0,0,0
515.612,0.9641,0,0,0,0
515.643,0.9641,0,0,0,0
515.677,0.9641,0,0,0,0
515.712,0.9641,0,0,0,0
515.744,0.9641,0,0,0,0
515.777,0.9641,0,0,0,0
515.814,0.9641,0,0,0,0
515.843,0.9641,0,0,0,0
515.877,0.9641,0,0,0,0
515.912,0.9641,0,0,0,0
515.945,0.9641,0,0,0,0
515.980,0.9641,0,0,0,0
516.010,0.9641,0,0,0,0
516.044,0.9641,0,0,0,0
516.079,0.9641,0,0,0,0
516.110,0.9641,0,0,0,0
516.147,0.9641,0,0,0,0
516.181,0.9641,0,0,0,0
516.213,0.9641,0,0,0,0
516.245,0.9641,0,0,0,0
516.279,0.9641,0,0,0,0
516.311,0.9641,0,0,0,0
516.343,0.9641,0,0,0,0
516.377,0.9641,0,0,0,0
516.414,0.9641,0,0,0,0
516.447,0.9641,0,0,0,0
516.480,0.9641,0,0,0,0
516.510,0.9641,0,0,0,0
516.548,0.9641,0,0,0,0
516.576,0.9641,0,0,0,0
516.609,0.9641,0,0,0,0
516.647,0.9641,0,0,0,0
516.680,0.9641,0,0,0,0
516.710,0.9641,0,0,0,0
516.744,0.9641,0,0,0,0
516.776,0.9641,0,0,0,0
516.810,0.9641,0,0,0,0
516.847,0.9641,0,0,0,0
516.870,0.9641,0,0,0,0
516.913,0.9641,0,0,0,0
516.946,0.9641,0,0,0,0
516.976,0.9641,0,0,0,0
517.013,0.9641,0,0,0,0
517.046,0.9641,0,0,0,0
517.078,0.9641,0,0,0,0
517.113,0.9641,0,0,0,0
517.145,0.9641,0,0,0,0
517.179,0.9641,0,0,0,0
517.214,0.9641,0,0,0,0
517.244,0.9641,0,0,0,0
517.279,0.9641,0,0,0,0
517.312,0.9641,0,0,0,0
517.335,0.9641,0,0,0,0
517.376,0.9641,0,0,0,0
517.409,0.9641,0,0,0,0
517.446,0.9641,0,0,0,0
517.478,0.9641,0,0,0,0
517.512,0.9641,0,0,0,0
517.545,0.9641,0,0,0,0
517.576,0.9641,0,0,0,0
517.612,0.9641,0,0,0,0
517.648,0.9641,0,0,0,0
517.677,0.9641,0,0,0,0
517.715,0.9641,0,0,0,0
517.745,0.9641,0,0,0,0
517.778,0.9641,0,0,0,0
517.810,0.9641,0,0,0,0
517.843,0.9641,0,0,0,0
517.876,0.9641,0,0,0,0
517.910,0.9641,0,0,0,0
517.946,0.9641,0,0,0,0
517.979,0.9641,0,0,0,0
518.014,0.9641,0,0,0,0
518.047,0.9641,0,0,0,0
518.079,0.9641,0,0,0,0
518.114,0.9641,0,0,0,0
518.144,0.9641,0,0,0,0
518.179,0.9641,0,0,0,0
518.210,0.9641,0,0,0,0
518.246,0.9641,0,0,0,0
518.280,0.9641,0,0,0,0
518.315,0.9641,0,0,0,0
518.343,0.9641,0,0,0,0
518.381,0.9641,0,0,0,0
518.411,0.9641,0,0,0,0
518.443,0.9641,0,0,0,0
518.476,0.9641,0,0,0,0
518.514,0.9641,0,0,0,0
518.547,0.9641,0,0,0,0
518.580,0.9641,0,0,0,0
518.612,0.9641,0,0,0,0
518.646,0.9641,0,0,0,0
518.677,0.9641,0,0,0,0
518.713,0.9641,0,0,0,0
518.747,0.9641,0,0,0,0
518.781,0.9641,0,0,0,0
518.813,0.9641,0,0,0,0
518.843,0.9641,0,0,0,0
518.880,0.9641,0,0,0,0
518.914,0.9641,0,0,0,0
518.946,0.9641,0,0,0,0
518.978,0.9641,0,0,0,0
519.010,0.9641,0,0,0,0
519.046,0.9641,0,0,0,0
519.077,0.9641,0,0,0,0
519.114,0.9641,0,0,0,0
519.144,0.9641,0,0,0,0
519.176,0.9641,0,0,0,0
519.214,0.9641,0,0,0,0
519.243,0.9641,0,0,0,0
519.277,0.9641,0,0,0,0
519.310,0.9641,0,0,0,0
519.344,0.9641,0,0,0,0
519.376,0.9641,0,0,0,0
519.414,0.9641,0,0,0,0
519.444,0.9641,0,0,0,0
519.481,0.9641,0,0,0,0
519.513,0.9641,0,0,0,0
519.547,0.9641,0,0,0,0
519.580,0.9641,0,0,0,0
519.602,0.9641,0,0,0,0
519.645,0.9641,0,0,0,0
519.677,0.9641,0,0,0,0
519.714,0.9641,0,0,0,0
519.743,0.9641,0,0,0,0
519.778,0.9641,0,0,0,0
519.813,0.9641,0,0,0,0
519.848,0.9641,0,0,0,0
519.878,0.9641,0,0,0,0
519.910,0.9641,0,0,0,0
519.947,0.9641,0,0,0,0
519.978,0.9641,0,0,0,0
520.010,0.9641,0,0,0,0
520.044,0.9641,0,0,0,0
520.077,0.9641,0,0,0,0
520.111,0.9641,0,0,0,0
520.148,0.9641,0,0,0,0
520.178,0.9641,0,0,0,0
520.210,0.9641,0,0,0,0
520.244,0.9641,0,0,0,0
520.278,0.9641,0,0,0,0
520.310,0.9641,0,0,0,0
520.344,0.9641,0,0,0,0
520.378,0.9641,0,0,0,0
520.410,0.9641,0,0,0,0
520.443,0.9641,0,0,0,0
520.477,0.9641,0,0,0,0
520.514,0.9641,0,0,0,0
520.545,0.9641,0,0,0,0
520.579,0.9641,0,0,0,0
520.613,0.9641,0,0,0,0
520.647,0.9641,0,0,0,0
520.678,0.9641,0,0,0,0
520.711,0.9641,0,0,0,0
520.745,0.9641,0,0,0,0
520.779,0.9641,0,0,0,0
520.814,0.9641,0,0,0,0
520.846,0.9641,0,0,0,0
520.878,0.9641,0,0,0,0
520.913,0.9641,0,0,0,0
520.945,0.9641,0,0,0,0
520.977,0.9641,0,0,0,0
521.010,0.9641,0,0,0,0
521.046,0.9641,0,0,0,0
521.079,0.9641,0,0,0,0
521.110,0.9641,0,0,0,0
521.144,0.9641,0,0,0,0
521.179,0.9641,0,0,0,0
521.212,0.9641,0,0,0,0
521.244,0.9641,0,0,0,0
521.278,0.9641,0,0,0,0
521.310,0.9641,0,0,0,0
521.345,0.9641,0,0,0,0
521.380,0.9641,0,0,0,0
521.412,0.9641,0,0,0,0
521.443,0.9641,0,0,0,0
521.479,0.9641,0,0,0,0
521.511,0.9641,0,0,0,0
521.544,0.9641,0,0,0,0
521.577,0.9641,0,0,0,0
521.613,0.9641,0,0,0,0
521.645,0.9641,0,0,0,0
521.679,0.9641,0,0,0,0
521.713,0.9641,0,0,0,0
521.747,0.9641,0,0,0,0
521.780,0.9641,0,0,0,0
521.812,0.9641,0,0,0,0
521.846,0.9641,0,0,0,0
521.876,0.9641,0,0,0,0
521.910,0.9641,0,0,0,0
521.945,0.9641,0,0,0,0
521.976,0.9641,0,0,0,0
522.011,0.9641,0,0,0,0
522.045,0.9641,0,0,0,0
522.077,0.9641,0,0,0,0
522.112,0.9641,0,0,0,0
522.145,0.9641,0,0,0,0
522.177,0.9641,0,0,0,0
522.209,0.9641,0,0,0,0
522.246,0.9641,0,0,0,0
522.276,0.9641,0,0,0,0
522.312,0.9641,0,0,0,0
522.347,0.9641,0,0,0,0
522.381,0.9641,0,0,0,0
522.414,0.9641,0,0,0,0
522.445,0.9641,0,0,0,0
522.478,0.9641,0,0,0,0
522.510,0.9641,0,0,0,0
522.544,0.9641,0,0,0,0
522.579,0.9641,0,0,0,0
522.610,0.9641,0,0,0,0
522.643,0.9641,0,0,0,0
522.679,0.9641,0,0,0,0
522.710,0.9641,0,0,0,0
522.747,0.9641,0,0,0,0
522.777,0.9641,0,0,0,0
522.813,0.9641,0,0,0,0
522.843,0.9641,0,0,0,0
522.876,0.9641,0,0,0,0
522.913,0.9641,0,0,0,0
522.945,0.9641,0,0,0,0
522.979,0.9641,0,0,0,0
523.010,0.9641,0,0,0,0
523.047,0.9641,0,0,0,0
523.076,0.9641,0,0,0,0
523.111,0.9641,0,0,0,0
523.143,0.9641,0,0,0,0
523.179,0.9641,0,0,0,0
523.213,0.9641,0,0,0,0
523.247,0.9641,0,0,0,0
523.278,0.9641,0,0,0,0
523.312,0.9641,0,0,0,0
523.344,0.9641,0,0,0,0
523.380,0.9641,0,0,0,0
523.414,0.9641,0,0,0,0
523.447,0.9641,0,0,0,0
523.478,0.9641,0,0,0,0
523.507,0.9641,0,0,0,0
523.546,0.9641,0,0,0,0
523.576,0.9641,0,0,0,0
523.614,0.9641,0,0,0,0
523.645,0.9641,0,0,0,0
523.679,0.9641,0,0,0,0
523.711,0.9641,0,0,0,0
523.745,0.9641,0,0,0,0
523.779,0.9641,0,0,0,0
523.811,0.9641,0,0,0,0
523.843,0.9641,0,0,0,0
523.878,0.9641,0,0,0,0
523.910,0.9641,0,0,0,0
523.943,0.9641,0,0,0,0
523.978,0.9641,0,0,0,0
524.012,0.9641,0,0,0,0
524.045,0.9641,0,0,0,0
524.079,0.9641,0,0,0,0
524.114,0.9641,0,0,0,0
524.144,0.9641,0,0,0,0
524.180,0.9641,0,0,0,0
524.214,0.9641,0,0,0,0
524.245,0.9641,0,0,0,0
524.277,0.9641,0,0,0,0
524.314,0.9641,0,0,0,0
524.345,0.9641,0,0,0,0
524.377,0.9641,0,0,0,0
524.412,0.9641,0,0,0,0
524.445,0.9641,0,0,0,0
524.478,0.9641,0,0,0,0
524.510,0.9641,0,0,0,0
524.546,0.9641,0,0,0,0
524.581,0.9641,0,0,0,0
524.612,0.9641,0,0,0,0
524.644,0.9641,0,0,0,0
524.678,0.9641,0,0,0,0
524.714,0.9641,0,0,0,0
524.745,0.9641,0,0,0,0
524.780,0.9641,0,0,0,0
524.814,0.9641,0,0,0,0
524.848,0.9641,0,0,0,0
524.878,0.9641,0,0,0,0
524.915,0.9641,0,0,0,0
524.937,0.9641,0,0,0,0
524.982,0.9641,0,0,0,0
525.012,0.9641,0,0,0,0
525.044,0.9641,0,0,0,0
525.078,0.9641,0,0,0,0
525.112,0.9641,0,0,0,0
525.143,0.9641,0,0,0,0
525.177,0.9641,0,0,0,0
525.214,0.9641,0,0,0,0
525.247,0.9641,0,0,0,0
525.279,0.9641,0,0,0,0
525.310,0.9641,0,0,0,0
525.343,0.9641,0,0,0,0
525.378,0.9641,0,0,0,0
525.412,0.9641,0,0,0,0
525.447,0.9641,0,0,0,0
525.480,0.9641,0,0,0,0
525.512,0.9641,0,0,0,0
525.546,0.9641,0,0,0,0
525.579,0.9641,0,0,0,0
525.614,0.9641,0,0,0,0
525.646,0.9641,0,0,0,0
525.678,0.9641,0,0,0,0
525.713,0.9641,0,0,0,0
525.745,0.9641,0,0,0,0
525.777,0.9641,0,0,0,0
525.812,0.9641,0,0,0,0
525.845,0.9641,0,0,0,0
525.877,0.9641,0,0,0,0
525.911,0.9641,0,0,0,0
525.947,0.9641,0,0,0,0
525.968,0.9641,0,0,0,0
526.010,0.9641,0,0,0,0
526.046,0.9641,0,0,0,0
526.077,0.9641,0,0,0,0
526.115,0.9641,0,0,0,0
526.144,0.9641,0,0,0,0
526.176,0.9641,0,0,0,0
526.213,0.9641,0,0,0,0
526.248,0.9641,0,0,0,0
526.277,0.9641,0,0,0,0
526.310,0.9641,0,0,0,0
526.343,0.9641,0,0,0,0
526.380,0.9641,0,0,0,0
526.410,0.9641,0,0,0,0
526.450,0.9641,0,0,0,0
526.478,0.9641,0,0,0,0
526.511,0.9641,0,0,0,0
526.545,0.9641,0,0,0,0
526.578,0.9641,0,0,0,0
526.610,0.9641,0,0,0,0
526.647,0.9641,0,0,0,0
526.680,0.9641,0,0,0,0
526.712,0.9641,0,0,0,0
526.747,0.9641,0,0,0,0
526.768,0.9641,0,0,0,0
526.809,0.9641,0,0,0,0
526.846,0.9641,0,0,0,0
526.878,0.9641,0,0,0,0
526.910,0.9641,0,0,0,0
526.943,0.9641,0,0,0,0
526.980,0.9641,0,0,0,0
527.014,0.9641,0,0,0,0
527.045,0.9641,0,0,0,0
527.081,0.9641,0,0,0,0
527.110,0.9641,0,0,0,0
527.144,0.9641,0,0,0,0
527.179,0.9641,0,0,0,0
527.210,0.9641,0,0,0,0
527.244,0.9641,0,0,0,0
527.278,0.9641,0,0,0,0
527.311,0.9641,0,0,0,0
527.348,0.9641,0,0,0,0
527.369,0.9641,0,0,0,0
527.414,0.9641,0,0,0,0
527.446,0.9641,0,0,0,0
527.478,0.9641,0,0,0,0
527.512,0.9641,0,0,0,0
527.545,0.9641,0,0,0,0
527.577,0.9641,0,0,0,0
527.612,0.9641,0,0,0,0
527.646,0.9641,0,0,0,0
527.682,0.9641,0,0,0,0
527.714,0.9641,0,0,0,0
527.745,0.9641,0,0,0,0
527.779,0.9641,0,0,0,0
527.813,0.9641,0,0,0,0
527.846,0.9641,0,0,0,0
527.877,0.9641,0,0,0,0
527.915,0.9641,0,0,0,0
527.947,0.9641,0,0,0,0
527.976,0.9641,0,0,0,0
528.010,0.9641,0,0,0,0
528.042,0.9641,0,0,0,0
528.079,0.9641,0,0,0,0
528.112,0.9641,0,0,0,0
528.145,0.9641,0,0,0,0
528.180,0.9641,0,0,0,0
528.212,0.9641,0,0,0,0
528.245,0.9641,0,0,0,0
528.281,0.9641,0,0,0,0
528.313,0.9641,0,0,0,0
528.343,0.9641,0,0,0,0
528.382,0.9641,0,0,0,0
528.412,0.9641,0,0,0,0
528.446,0.9641,0,0,0,0
528.481,0.9641,0,0,0,0
528.511,0.9641,0,0,0,0
528.546,0.9641,0,0,0,0
528.580,0.9641,0,0,0,0
528.614,0.9641,0,0,0,0
528.647,0.9641,0,0,0,0
528.678,0.9641,0,0,0,0
528.710,0.9641,0,0,0,0
528.745,0.9641,0,0,0,0
528.779,0.9641,0,0,0,0
528.812,0.9641,0,0,0,0
528.847,0.9641,0,0,0,0
528.881,0.9641,0,0,0,0
528.911,0.9641,0,0,0,0
528.946,0.9641,0,0,0,0
528.968,0.9641,0,0,0,0
529.008,0.9641,0,0,0,0
529.046,0.9641,0,0,0,0
529.077,0.9641,0,0,0,0
529.113,0.9641,0,0,0,0
529.146,0.9641,0,0,0,0
529.176,0.9641,0,0,0,0
529.209,0.9641,0,0,0,0
529.243,0.9641,0,0,0,0
529.277,0.9641,0,0,0,0
529.313,0.9641,0,0,0,0
529.347,0.9641,0,0,0,0
529.381,0.9641,0,0,0,0
529.413,0.9641,0,0,0,0
529.444,0.9641,0,0,0,0
529.477,0.9641,0,0,0,0
529.514,0.9641,0,0,0,0
529.548,0.9641,0,0,0,0
529.581,0.9641,0,0,0,0
529.610,0.9641,0,0,0,0
529.643,0.9641,0,0,0,0
529.676,0.9641,0,0,0,0
529.712,0.9641,0,0,0,0
529.746,0.9641,0,0,0,0
529.779,0.9641,0,0,0,0
529.815,0.9641,0,0,0,0
529.849,0.9641,0,0,0,0
529.877,0.9641,0,0,0,0
529.913,0.9641,0,0,0,0
529.944,0.9641,0,0,0,0
529.979,0.9641,0,0,0,0
530.010,0.9641,0,0,0,0
530.045,0.9641,0,0,0,0
530.081,0.9641,0,0,0,0
530.114,0.9641,0,0,0,0
530.143,0.9641,0,0,0,0
530.178,0.9641,0,0,0,0
530.211,0.9641,0,0,0,0
530.243,0.9641,0,0,0,0
530.277,0.9641,0,0,0,0
530.310,0.9641,0,0,0,0
530.340,0.9641,0,0,0,0
530.377,0.9641,0,0,0,0
530.410,0.9641,0,0,0,0
530.447,0.9641,0,0,0,0
530.476,0.9641,0,0,0,0
530.513,0.9641,0,0,0,0
530.547,0.9641,0,0,0,0
530.579,0.9641,0,0,0,0
530.610,0.9641,0,0,0,0
530.646,0.9640,0,0,0,0
530.681,0.9640,0,0,0,0
530.712,0.9640,0,0,0,0
530.747,0.9640,0,0,0,0
530.777,0.9640,0,0,0,0
530.814,0.9640,0,0,0,0
530.844,0.9640,0,0,0,0
530.877,0.9640,0,0,0,0
530.913,0.9640,0,0,0,0
530.946,0.9640,0,0,0,0
530.979,0.9640,0,0,0,0
531.010,0.9640,0,0,0,0
531.046,0.9640,0,0,0,0
531.079,0.9640,0,0,0,0
531.113,0.9640,0,0,0,0
531.145,0.9640,0,0,0,0
531.176,0.9640,0,0,0,0
531.210,0.9640,0,0,0,0
531.244,0.9640,0,0,0,0
531.282,0.9640,0,0,0,0
531.312,0.9640,0,0,0,0
531.346,0.9640,0,0,0,0
531.380,0.9640,0,0,0,0
531.412,0.9640,0,0,0,0
531.445,0.9640,0,0,0,0
531.479,0.9640,0,0,0,0
531.512,0.9640,0,0,0,0
531.548,0.9640,0,0,0,0
531.569,0.9640,0,0,0,0
531.612,0.9640,0,0,0,0
531.649,0.9640,0,0,0,0
531.678,0.9640,0,0,0,0
531.712,0.9640,0,0,0,0
531.744,0.9640,0,0,0,0
531.776,0.9640,0,0,0,0
531.815,0.9640,0,0,0,0
531.847,0.9640,0,0,0,0
531.881,0.9640,0,0,0,0
531.904,0.9640,0,0,0,0
531.947,0.9640,0,0,0,0
531.976,0.9640,0,0,0,0
532.010,0.9640,0,0,0,0
532.047,0.9640,0,0,0,0
532.079,0.9640,0,0,0,0
532.113,0.9640,0,0,0,0
532.143,0.9640,0,0,0,0
532.180,0.9640,0,0,0,0
532.209,0.9640,0,0,0,0
532.243,0.9640,0,0,0,0
532.277,0.9640,0,0,0,0
532.312,0.9640,0,0,0,0
532.347,0.9640,0,0,0,0
532.380,0.9640,0,0,0,0
532.410,0.9640,0,0,0,0
532.443,0.9640,0,0,0,0
532.478,0.9640,0,0,0,0
532.512,0.9640,0,0,0,0
532.545,0.9640,0,0,0,0
532.578,0.9640,0,0,0,0
532.612,0.9640,0,0,0,0
532.645,0.9640,0,0,0,0
532.677,0.9640,0,0,0,0
532.713,0.9640,0,0,0,0
532.747,0.9640,0,0,0,0
532.779,0.9640,0,0,0,0
532.812,0.9640,0,0,0,0
532.845,0.9640,0,0,0,0
532.877,0.9640,0,0,0,0
532.913,0.9640,0,0,0,0
532.935,0.9640,0,0,0,0
532.978,0.9640,0,0,0,0
533.010,0.9640,0,0,0,0
533.043,0.9640,0,0,0,0
533.078,0.9640,0,0,0,0
533.110,0.9640,0,0,0,0
533.147,0.9640,0,0,0,0
533.177,0.9640,0,0,0,0
533.214,0.9640,0,0,0,0
533.243,0.9640,0,0,0,0
533.278,0.9640,0,0,0,0
533.313,0.9640,0,0,0,0
533.345,0.9640,0,0,0,0
533.379,0.9640,0,0,0,0
533.413,0.9640,0,0,0,0
533.447,0.9640,0,0,0,0
533.476,0.9640,0,0,0,0
533.513,0.9640,0,0,0,0
533.545,0.9640,0,0,0,0
533.579,0.9640,0,0,0,0
533.612,0.9640,0,0,0,0
533.646,0.9640,0,0,0,0
533.677,0.9640,0,0,0,0
533.712,0.9640,0,0,0,0
533.746,0.9640,0,0,0,0
533.781,0.9640,0,0,0,0
533.814,0.9640,0,0,0,0
533.843,0.9640,0,0,0,0
533.877,0.9640,0,0,0,0
533.913,0.9640,0,0,0,0
533.943,0.9640,0,0,0,0
533.980,0.9640,0,0,0,0
534.011,0.9640,0,0,0,0
534.043,0.9640,0,0,0,0
534.077,0.9640,0,0,0,0
534.110,0.9640,0,0,0,0
534.135,0.9640,0,0,0,0
534.176,0.9640,0,0,0,0
534.212,0.9640,0,0,0,0
534.235,0.9640,0,0,0,0
534.280,0.9640,0,0,0,0
534.311,0.9640,0,0,0,0
534.347,0.9640,0,0,0,0
534.377,0.9640,0,0,0,0
534.410,0.9640,0,0,0,0
534.444,0.9640,0,0,0,0
534.481,0.9640,0,0,0,0
534.510,0.9640,0,0,0,0
534.546,0.9640,0,0,0,0
534.580,0.9640,0,0,0,0
534.612,0.9640,0,0,0,0
534.644,0.9640,0,0,0,0
534.676,0.9640,0,0,0,0
534.714,0.9640,0,0,0,0
534.748,0.9640,0,0,0,0
534.781,0.9640,0,0,0,0
534.814,0.9640,0,0,0,0
534.843,0.9640,0,0,0,0
534.876,0.9640,0,0,0,0
534.911,0.9640,0,0,0,0
534.944,0.9640,0,0,0,0
534.982,0.9640,0,0,0,0
535.016,0.9640,0,0,0,0
535.045,0.9640,0,0,0,0
535.078,0.9640,0,0,0,0
535.114,0.9640,0,0,0,0
535.147,0.9640,0,0,0,0
535.179,0.9640,0,0,0,0
535.213,0.9640,0,0,0,0
535.248,0.9640,0,0,0,0
535.277,0.9640,0,0,0,0
535.310,0.9640,0,0,0,0
535.346,0.9640,0,0,0,0
535.381,0.9640,0,0,0,0
535.410,0.9640,0,0,0,0
535.444,0.9640,0,0,0,0
535.477,0.9640,0,0,0,0
535.509,0.9640,0,0,0,0
535.544,0.9640,0,0,0,0
535.577,0.9640,0,0,0,0
535.611,0.9640,0,0,0,0
535.647,0.9640,0,0,0,0
535.677,0.9640,0,0,0,0
535.712,0.9640,0,0,0,0
535.746,0.9640,0,0,0,0
535.777,0.9640,0,0,0,0
535.813,0.9640,0,0,0,0
535.849,0.9640,0,0,0,0
535.880,0.9640,0,0,0,0
535.913,0.9640,0,0,0,0
535.946,0.9640,0,0,0,0
535.979,0.9640,0,0,0,0
536.011,0.9640,0,0,0,0
536.045,0.9640,0,0,0,0
536.078,0.9640,0,0,0,0
536.113,0.9640,0,0,0,0
536.144,0.9640,0,0,0,0
536.177,0.9640,0,0,0,0
536.210,0.9640,0,0,0,0
536.247,0.9640,0,0,0,0
536.280,0.9640,0,0,0,0
536.312,0.9640,0,0,0,0
536.345,0.9640,0,0,0,0
536.381,0.9640,0,0,0,0
536.413,0.9640,0,0,0,0
536.444,0.9640,0,0,0,0
536.477,0.9640,0,0,0,0
536.513,0.9640,0,0,0,0
536.543,0.9640,0,0,0,0
536.578,0.9640,0,0,0,0
536.614,0.9640,0,0,0,0
536.643,0.9640,0,0,0,0
536.680,0.9640,0,0,0,0
536.713,0.9640,0,0,0,0
536.747,0.9640,0,0,0,0
536.777,0.9640,0,0,0,0
536.811,0.9640,0,0,0,0
536.844,0.9640,0,0,0,0
536.878,0.9640,0,0,0,0
536.914,0.9640,0,0,0,0
536.947,0.9640,0,0,0,0
536.977,0.9640,0,0,0,0
537.010,0.9640,0,0,0,0
537.044,0.9640,0,0,0,0
537.081,0.9640,0,0,0,0
537.114,0.9640,0,0,0,0
537.146,0.9640,0,0,0,0
537.180,0.9640,0,0,0,0
537.212,0.9640,0,0,0,0
537.245,0.9640,0,0,0,0
537.280,0.9640,0,0,0,0
537.310,0.9640,0,0,0,0
537.347,0.9640,0,0,0,0
537.381,0.9640,0,0,0,0
537.411,0.9640,0,0,0,0
537.448,0.9640,0,0,0,0
537.477,0.9640,0,0,0,0
537.510,0.9640,0,0,0,0
537.543,0.9640,0,0,0,0
537.579,0.9640,0,0,0,0
537.612,0.9640,0,0,0,0
537.645,0.9640,0,0,0,0
537.679,0.9640,0,0,0,0
537.714,0.9640,0,0,0,0
537.743,0.9640,0,0,0,0
537.777,0.9640,0,0,0,0
537.812,0.9640,0,0,0,0
537.843,0.9640,0,0,0,0
537.876,0.9640,0,0,0,0
537.914,0.9640,0,0,0,0
537.945,0.9640,0,0,0,0
537.980,0.9640,0,0,0,0
538.012,0.9640,0,0,0,0
538.046,0.9640,0,0,0,0
538.077,0.9640,0,0,0,0
538.114,0.9640,0,0,0,0
538.144,0.9640,0,0,0,0
538.178,0.9640,0,0,0,0
538.213,0.9640,0,0,0,0
538.247,0.9640,0,0,0,0
538.276,0.9640,0,0,0,0
538.312,0.9640,0,0,0,0
538.347,0.9640,0,0,0,0
538.377,0.9640,0,0,0,0
538.411,0.9640,0,0,0,0
538.445,0.9640,0,0,0,0
538.476,0.9640,0,0,0,0
538.515,0.9640,0,0,0,0
538.545,0.9640,0,0,0,0
538.577,0.9640,0,0,0,0
538.613,0.9640,0,0,0,0
538.645,0.9640,0,0,0,0
538.678,0.9640,0,0,0,0
538.711,0.9640,0,0,0,0
538.748,0.9640,0,0,0,0
538.780,0.9640,0,0,0,0
538.813,0.9640,0,0,0,0
538.846,0.9640,0,0,0,0
538.876,0.9640,0,0,0,0
538.910,0.9640,0,0,0,0
538.945,0.9640,0,0,0,0
538.980,0.9640,0,0,0,0
539.013,0.9640,0,0,0,0
539.043,0.9640,0,0,0,0
539.078,0.9640,0,0,0,0
539.110,0.9640,0,0,0,0
539.147,0.9640,0,0,0,0
539.176,0.9640,0,0,0,0
539.212,0.9640,0,0,0,0
539.238,0.9640,0,0,0,0
539.278,0.9640,0,0,0,0
539.311,0.9640,0,0,0,0
539.346,0.9640,0,0,0,0
539.378,0.9640,0,0,0,0
539.411,0.9640,0,0,0,0
539.446,0.9640,0,0,0,0
539.477,0.9640,0,0,0,0
539.514,0.9640,0,0,0,0
539.543,0.9640,0,0,0,0
539.580,0.9640,0,0,0,0
539.614,0.9640,0,0,0,0
539.646,0.9640,0,0,0,0
539.677,0.9640,0,0,0,0
539.713,0.9640,0,0,0,0
539.747,0.9640,0,0,0,0
539.778,0.9640,0,0,0,0
539.811,0.9640,0,0,0,0
539.843,0.9640,0,0,0,0
539.878,0.9640,0,0,0,0
539.910,0.9640,0,0,0,0
539.947,0.9640,0,0,0,0
539.977,0.9640,0,0,0,0
540.013,0.9640,0,0,0,0
540.044,0.9640,0,0,0,0
540.079,0.9640,0,0,0,0
540.110,0.9640,0,0,0,0
540.148,0.9640,0,0,0,0
540.179,0.9640,0,0,0,0
540.214,0.9640,0,0,0,0
540.247,0.9640,0,0,0,0
540.280,0.9640,0,0,0,0
540.312,0.9640,0,0,0,0
540.343,0.9640,0,0,0,0
540.378,0.9640,0,0,0,0
540.413,0.9640,0,0,0,0
540.446,0.9640,0,0,0,0
540.477,0.9640,0,0,0,0
540.510,0.9640,0,0,0,0
540.544,0.9640,0,0,0,0
540.580,0.9640,0,0,0,0
540.610,0.9640,0,0,0,0
540.643,0.9640,0,0,0,0
540.677,0.9640,0,0,0,0
540.710,0.9640,0,0,0,0
540.747,0.9640,0,0,0,0
540.780,0.9640,0,0,0,0
540.812,0.9640,0,0,0,0
540.843,0.9640,0,0,0,0
540.879,0.9640,0,0,0,0
540.911,0.9640,0,0,0,0
540.943,0.9640,0,0,0,0
540.978,0.9640,0,0,0,0
541.010,0.9640,0,0,0,0
541.046,0.9640,0,0,0,0
541.081,0.9640,0,0,0,0
541.112,0.9640,0,0,0,0
541.145,0.9640,0,0,0,0
541.181,0.9640,0,0,0,0
541.210,0.9640,0,0,0,0
541.247,0.9640,0,0,0,0
541.280,0.9640,0,0,0,0
541.313,0.9640,0,0,0,0
541.347,0.9640,0,0,0,0
541.377,0.9640,0,0,0,0
541.412,0.9640,0,0,0,0
541.447,0.9640,0,0,0,0
541.477,0.9640,0,0,0,0
541.513,0.9640,0,0,0,0
541.546,0.9640,0,0,0,0
541.578,0.9640,0,0,0,0
541.611,0.9640,0,0,0,0
541.645,0.9640,0,0,0,0
541.676,0.9640,0,0,0,0
541.711,0.9640,0,0,0,0
541.743,0.9640,0,0,0,0
541.780,0.9640,0,0,0,0
541.812,0.9640,0,0,0,0
541.845,0.9640,0,0,0,0
541.878,0.9640,0,0,0,0
541.914,0.9640,0,0,0,0
541.945,0.9640,0,0,0,0
541.977,0.9640,0,0,0,0
542.012,0.9640,0,0,0,0
542.045,0.9640,0,0,0,0
542.079,0.9640,0,0,0,0
542.114,0.9640,0,0,0,0
542.145,0.9640,0,0,0,0
542.180,0.9640,0,0,0,0
542.211,0.9640,0,0,0,0
542.247,0.9640,0,0,0,0
542.280,0.9640,0,0,0,0
542.313,0.9640,0,0,0,0
542.347,0.9640,0,0,0,0
542.379,0.9640,0,0,0,0
542.413,0.9640,0,0,0,0
542.445,0.9640,0,0,0,0
542.480,0.9640,0,0,0,0
542.512,0.9640,0,0,0,0
542.544,0.9640,0,0,0,0
542.579,0.9640,0,0,0,0
542.611,0.9640,0,0,0,0
542.647,0.9640,0,0,0,0
542.680,0.9640,0,0,0,0
542.712,0.9640,0,0,0,0
542.746,0.9640,0,0,0,0
542.778,0.9640,0,0,0,0
542.811,0.9640,0,0,0,0
542.844,0.9640,0,0,0,0
542.880,0.9640,0,0,0,0
542.913,0.9640,0,0,0,0
542.946,0.9640,0,0,0,0
542.982,0.9640,0,0,0,0
543.008,0.9640,0,0,0,0
543.045,0.9640,0,0,0,0
543.078,0.9640,0,0,0,0
543.111,0.9640,0,0,0,0
543.144,0.9640,0,0,0,0
543.180,0.9640,0,0,0,0
543.210,0.9640,0,0,0,0
543.246,0.9640,0,0,0,0
543.280,0.9640,0,0,0,0
543.310,0.9640,0,0,0,0
543.344,0.9640,0,0,0,0
543.380,0.9640,0,0,0,0
543.413,0.9640,0,0,0,0
543.446,0.9640,0,0,0,0
543.480,0.9640,0,0,0,0
543.510,0.9640,0,0,0,0
543.546,0.9640,0,0,0,0
543.578,0.9640,0,0,0,0
543.608,0.9640,0,0,0,0
543.645,0.9640,0,0,0,0
543.678,0.9640,0,0,0,0
543.710,0.9640,0,0,0,0
543.745,0.9640,0,0,0,0
543.777,0.9640,0,0,0,0
543.812,0.9640,0,0,0,0
543.846,0.9640,0,0,0,0
543.881,0.9640,0,0,0,0
543.912,0.9640,0,0,0,0
543.947,0.9640,0,0,0,0
543.981,0.9640,0,0,0,0
544.013,0.9640,0,0,0,0
544.047,0.9640,0,0,0,0
544.080,0.9640,0,0,0,0
544.111,0.9640,0,0,0,0
544.147,0.9640,0,0,0,0
544.179,0.9640,0,0,0,0
544.215,0.9640,0,0,0,0
544.245,0.9640,0,0,0,0
544.279,0.9640,0,0,0,0
544.312,0.9640,0,0,0,0
544.345,0.9640,0,0,0,0
544.380,0.9640,0,0,0,0
544.415,0.9640,0,0,0,0
544.445,0.9640,0,0,0,0
544.477,0.9640,0,0,0,0
544.510,0.9640,0,0,0,0
544.545,0.9640,0,0,0,0
544.580,0.9640,0,0,0,0
544.610,0.9640,0,0,0,0
544.644,0.9640,0,0,0,0
544.677,0.9640,0,0,0,0
544.713,0.9640,0,0,0,0
544.747,0.9640,0,0,0,0
544.779,0.9640,0,0,0,0
544.812,0.9640,0,0,0,0
544.844,0.9640,0,0,0,0
544.877,0.9640,0,0,0,0
544.910,0.9640,0,0,0,0
544.945,0.9640,0,0,0,0
544.978,0.9640,0,0,0,0
545.015,0.9640,0,0,0,0
545.045,0.9640,0,0,0,0
545.080,0.9640,0,0,0,0
545.110,0.9640,0,0,0,0
545.145,0.9640,0,0,0,0
545.179,0.9640,0,0,0,0
545.210,0.9640,0,0,0,0
545.247,0.9640,0,0,0,0
545.279,0.9640,0,0,0,0
545.313,0.9640,0,0,0,0
545.346,0.9640,0,0,0,0
545.376,0.9640,0,0,0,0
545.412,0.9640,0,0,0,0
545.444,0.9640,0,0,0,0
545.476,0.9640,0,0,0,0
545.510,0.9640,0,0,0,0
545.545,0.9640,0,0,0,0
545.578,0.9640,0,0,0,0
545.611,0.9640,0,0,0,0
545.644,0.9640,0,0,0,0
545.678,0.9640,0,0,0,0
545.712,0.9640,0,0,0,0
545.743,0.9640,0,0,0,0
545.776,0.9640,0,0,0,0
545.809,0.9640,0,0,0,0
545.844,0.9640,0,0,0,0
545.878,0.9640,0,0,0,0
545.909,0.9640,0,0,0,0
545.949,0.9640,0,0,0,0
545.970,0.9640,0,0,0,0
546.016,0.9640,0,0,0,0
546.036,0.9640,0,0,0,0
546.081,0.9640,0,0,0,0
546.113,0.9640,0,0,0,0
546.148,0.9640,0,0,0,0
546.170,0.9640,0,0,0,0
546.209,0.9640,0,0,0,0
546.243,0.9640,0,0,0,0
546.279,0.9640,0,0,0,0
546.311,0.9640,0,0,0,0
546.344,0.9640,0,0,0,0
546.376,0.9640,0,0,0,0
546.412,0.9640,0,0,0,0
546.446,0.9640,0,0,0,0
546.478,0.9640,0,0,0,0
546.514,0.9640,0,0,0,0
546.548,0.9640,0,0,0,0
546.580,0.9640,0,0,0,0
546.612,0.9640,0,0,0,0
546.647,0.9640,0,0,0,0
546.677,0.9640,0,0,0,0
546.710,0.9640,0,0,0,0
546.745,0.9640,0,0,0,0
546.779,0.9640,0,0,0,0
546.810,0.9640,0,0,0,0
546.847,0.9640,0,0,0,0
546.879,0.9640,0,0,0,0
546.914,0.9640,0,0,0,0
546.943,0.9640,0,0,0,0
546.977,0.9640,0,0,0,0
547.012,0.9640,0,0,0,0
547.044,0.9640,0,0,0,0
547.078,0.9640,0,0,0,0
547.110,0.9640,0,0,0,0
547.147,0.9640,0,0,0,0
547.179,0.9640,0,0,0,0
547.214,0.9640,0,0,0,0
547.246,0.9640,0,0,0,0
547.280,0.9640,0,0,0,0
547.312,0.9640,0,0,0,0
547.344,0.9640,0,0,0,0
547.377,0.9640,0,0,0,0
547.413,0.9640,0,0,0,0
547.443,0.9640,0,0,0,0
547.479,0.9640,0,0,0,0
547.512,0.9640,0,0,0,0
547.544,0.9640,0,0,0,0
547.579,0.9640,0,0,0,0
547.610,0.9640,0,0,0,0
547.644,0.9640,0,0,0,0
547.678,0.9640,0,0,0,0
547.710,0.9640,0,0,0,0
547.743,0.9640,0,0,0,0
547.779,0.9640,0,0,0,0
547.811,0.9640,0,0,0,0
547.845,0.9640,0,0,0,0
547.881,0.9640,0,0,0,0
547.913,0.9640,0,0,0,0
547.945,0.9640,0,0,0,0
547.976,0.9640,0,0,0,0
548.014,0.9640,0,0,0,0
548.046,0.9640,0,0,0,0
548.076,0.9640,0,0,0,0
548.113,0.9640,0,0,0,0
548.145,0.9640,0,0,0,0
548.182,0.9640,0,0,0,0
548.214,0.9640,0,0,0,0
548.246,0.9640,0,0,0,0
548.277,0.9640,0,0,0,0
548.312,0.9640,0,0,0,0
548.343,0.9640,0,0,0,0
548.377,0.9640,0,0,0,0
548.414,0.9640,0,0,0,0
548.436,0.9640,0,0,0,0
548.478,0.9640,0,0,0,0
548.514,0.9640,0,0,0,0
548.544,0.9640,0,0,0,0
548.578,0.9640,0,0,0,0
548.613,0.9640,0,0,0,0
548.635,0.9640,0,0,0,0
548.679,0.9640,0,0,0,0
548.712,0.9640,0,0,0,0
548.743,0.9640,0,0,0,0
548.778,0.9640,0,0,0,0
548.810,0.9640,0,0,0,0
548.844,0.9640,0,0,0,0
548.880,0.9640,0,0,0,0
548.911,0.9640,0,0,0,0
548.947,0.9640,0,0,0,0
548.979,0.9640,0,0,0,0
549.011,0.9640,0,0,0,0
549.046,0.9640,0,0,0,0
549.076,0.9640,0,0,0,0
549.112,0.9640,0,0,0,0
549.148,0.9640,0,0,0,0
549.177,0.9640,0,0,0,0
549.213,0.9640,0,0,0,0
549.247,0.9640,0,0,0,0
549.276,0.9640,0,0,0,0
549.311,0.9640,0,0,0,0
549.344,0.9640,0,0,0,0
549.380,0.9640,0,0,0,0
549.410,0.9640,0,0,0,0
549.447,0.9640,0,0,0,0
549.476,0.9640,0,0,0,0
549.514,0.9640,0,0,0,0
549.545,0.9640,0,0,0,0
549.578,0.9640,0,0,0,0
549.610,0.9640,0,0,0,0
549.645,0.9640,0,0,0,0
549.679,0.9640,0,0,0,0
549.713,0.9640,0,0,0,0
549.747,0.9640,0,0,0,0
549.777,0.9640,0,0,0,0
549.817,0.9640,0,0,0,0
549.837,0.9640,0,0,0,0
549.878,0.9640,0,0,0,0
549.912,0.9640,0,0,0,0
549.944,0.9640,0,0,0,0
549.981,0.9640,0,0,0,0
550.002,0.9640,0,0,0,0
550.046,0.9640,0,0,0,0
550.077,0.9640,0,0,0,0
550.112,0.9640,0,0,0,0
550.136,0.9640,0,0,0,0
550.178,0.9640,0,0,0,0
550.212,0.9640,0,0,0,0
550.248,0.9640,0,0,0,0
550.278,0.9640,0,0,0,0
550.310,0.9640,0,0,0,0
550.343,0.9640,0,0,0,0
550.379,0.9640,0,0,0,0
550.414,0.9640,0,0,0,0
550.435,0.9640,0,0,0,0
550.480,0.9640,0,0,0,0
550.510,0.9640,0,0,0,0
550.544,0.9640,0,0,0,0
550.576,0.9640,0,0,0,0
550.610,0.9640,0,0,0,0
550.647,0.9640,0,0,0,0
550.680,0.9640,0,0,0,0
550.709,0.9640,0,0,0,0
550.744,0.9640,0,0,0,0
550.778,0.9640,0,0,0,0
550.812,0.9640,0,0,0,0
550.845,0.9640,0,0,0,0
550.868,0.9640,0,0,0,0
550.913,0.9640,0,0,0,0
550.946,0.9640,0,0,0,0
550.978,0.9640,0,0,0,0
551.012,0.9640,0,0,0,0
551.047,0.9639,0,0,0,0
551.070,0.9639,0,0,0,0
551.111,0.9639,0,0,0,0
551.134,0.9639,0,0,0,0
551.176,0.9639,0,0,0,0
551.212,0.9639,0,0,0,0
551.247,0.9639,0,0,0,0
551.278,0.9639,0,0,0,0
551.312,0.9639,0,0,0,0
551.343,0.9639,0,0,0,0
551.378,0.9639,0,0,0,0
551.412,0.9639,0,0,0,0
551.445,0.9639,0,0,0,0
551.479,0.9639,0,0,0,0
551.512,0.9639,0,0,0,0
551.543,0.9639,0,0,0,0
551.577,0.9639,0,0,0,0
551.609,0.9639,0,0,0,0
551.648,0.9639,0,0,0,0
551.670,0.9639,0,0,0,0
551.712,0.9639,0,0,0,0
551.745,0.9639,0,0,0,0
551.778,0.9639,0,0,0,0
551.813,0.9639,0,0,0,0
551.845,0.9639,0,0,0,0
551.878,0.9639,0,0,0,0
551.911,0.9639,0,0,0,0
551.943,0.9639,0,0,0,0
551.981,0.9639,0,0,0,0
552.009,0.9639,0,0,0,0
552.047,0.9639,0,0,0,0
552.077,0.9639,0,0,0,0
552.115,0.9639,0,0,0,0
552.147,0.9639,0,0,0,0
552.174,0.9639,0,0,0,0
552.212,0.9639,0,0,0,0
552.244,0.9639,0,0,0,0
552.279,0.9639,0,0,0,0
552.310,0.9639,0,0,0,0
552.343,0.9639,0,0,0,0
552.377,0.9639,0,0,0,0
552.413,0.9639,0,0,0,0
552.444,0.9639,0,0,0,0
552.479,0.9639,0,0,0,0
552.514,0.9639,0,0,0,0
552.547,0.9639,0,0,0,0
552.577,0.9639,0,0,0,0
552.610,0.9639,0,0,0,0
552.646,0.9639,0,0,0,0
552.678,0.9639,0,0,0,0
552.712,0.9639,0,0,0,0
552.746,0.9639,0,0,0,0
552.779,0.9639,0,0,0,0
552.810,0.9639,0,0,0,0
552.843,0.9639,0,0,0,0
552.879,0.9639,0,0,0,0
552.910,0.9639,0,0,0,0
552.946,0.9639,0,0,0,0
552.977,0.9639,0,0,0,0
553.014,0.9639,0,0,0,0
553.046,0.9639,0,0,0,0
553.077,0.9639,0,0,0,0
553.113,0.9639,0,0,0,0
553.146,0.9639,0,0,0,0
553.179,0.9639,0,0,0,0
553.213,0.9639,0,0,0,0
553.244,0.9639,0,0,0,0
553.279,0.9639,0,0,0,0
553.309,0.9639,0,0,0,0
553.347,0.9639,0,0,0,0
553.377,0.9639,0,0,0,0
553.411,0.9639,0,0,0,0
553.445,0.9639,0,0,0,0
553.477,0.9639,0,0,0,0
553.510,0.9639,0,0,0,0
553.548,0.9639,0,0,0,0
553.570,0.9639,0,0,0,0
553.616,0.9639,0,0,0,0
553.636,0.9639,0,0,0,0
553.678,0.9639,0,0,0,0
553.714,0.9639,0,0,0,0
553.747,0.9639,0,0,0,0
553.777,0.9639,0,0,0,0
553.813,0.9639,0,0,0,0
553.849,0.9639,0,0,0,0
553.869,0.9639,0,0,0,0
553.914,0.9639,0,0,0,0
553.945,0.9639,0,0,0,0
553.976,0.9639,0,0,0,0
554.010,0.9639,0,0,0,0
554.043,0.9639,0,0,0,0
554.080,0.9639,0,0,0,0
554.115,0.9639,0,0,0,0
554.146,0.9639,0,0,0,0
554.179,0.9639,0,0,0,0
554.213,0.9639,0,0,0,0
554.245,0.9639,0,0,0,0
554.277,0.9639,0,0,0,0
554.310,0.9639,0,0,0,0
554.344,0.9639,0,0,0,0
554.376,0.9639,0,0,0,0
554.410,0.9639,0,0,0,0
554.446,0.9639,0,0,0,0
554.476,0.9639,0,0,0,0
554.510,0.9639,0,0,0,0
554.544,0.9639,0,0,0,0
554.577,0.9639,0,0,0,0
554.611,0.9639,0,0,0,0
554.643,0.9639,0,0,0,0
554.679,0.9639,0,0,0,0
554.713,0.9639,0,0,0,0
554.745,0.9639,0,0,0,0
554.777,0.9639,0,0,0,0
554.812,0.9639,0,0,0,0
554.843,0.9639,0,0,0,0
554.878,0.9639,0,0,0,0
554.913,0.9639,0,0,0,0
554.945,0.9639,0,0,0,0
554.977,0.9639,0,0,0,0
555.013,0.9639,0,0,0,0
555.046,0.9639,0,0,0,0
555.076,0.9639,0,0,0,0
555.112,0.9639,0,0,0,0
555.147,0.9639,0,0,0,0
555.178,0.9639,0,0,0,0
555.213,0.9639,0,0,0,0
555.246,0.9639,0,0,0,0
555.279,0.9639,0,0,0,0
555.310,0.9639,0,0,0,0
555.344,0.9639,0,0,0,0
555.380,0.9639,0,0,0,0
555.414,0.9639,0,0,0,0
555.447,0.9639,0,0,0,0
555.481,0.9639,0,0,0,0
555.513,0.9639,0,0,0,0
555.544,0.9639,0,0,0,0
555.577,0.9639,0,0,0,0
555.612,0.9639,0,0,0,0
555.643,0.9639,0,0,0,0
555.679,0.9639,0,0,0,0
555.710,0.9639,0,0,0,0
555.743,0.9639,0,0,0,0
555.778,0.9639,0,0,0,0
555.812,0.9639,0,0,0,0
555.843,0.9639,0,0,0,0
555.876,0.9639,0,0,0,0
555.910,0.9639,0,0,0,0
555.944,0.9639,0,0,0,0
555.981,0.9639,0,0,0,0
556.003,0.9639,0,0,0,0
556.044,0.9639,0,0,0,0
556.079,0.9639,0,0,0,0
556.108,0.9639,0,0,0,0
556.133,0.9639,0,0,0,0
556.181,0.9639,0,0,0,0
556.204,0.9639,0,0,0,0
556.246,0.9639,0,0,0,0
556.276,0.9639,0,0,0,0
556.313,0.9639,0,0,0,0
556.344,0.9639,0,0,0,0
556.381,0.9639,0,0,0,0
556.402,0.9639,0,0,0,0
556.443,0.9639,0,0,0,0
556.467,0.9639,0,0,0,0
556.511,0.9639,0,0,0,0
556.545,0.9639,0,0,0,0
556.576,0.9639,0,0,0,0
556.611,0.9639,0,0,0,0
556.644,0.9639,0,0,0,0
556.678,0.9639,0,0,0,0
556.712,0.9639,0,0,0,0
556.745,0.9639,0,0,0,0
556.781,0.9639,0,0,0,0
556.814,0.9639,0,0,0,0
556.848,0.9639,0,0,0,0
556.878,0.9639,0,0,0,0
556.913,0.9639,0,0,0,0
556.946,0.9639,0,0,0,0
556.980,0.9639,0,0,0,0
557.013,0.9639,0,0,0,0
557.048,0.9639,0,0,0,0
557.077,0.9639,0,0,0,0
557.109,0.9639,0,0,0,0
557.146,0.9639,0,0,0,0
557.177,0.9639,0,0,0,0
557.216,0.9639,0,0,0,0
557.245,0.9639,0,0,0,0
557.276,0.9639,0,0,0,0
557.312,0.9639,0,0,0,0
557.335,0.9639,0,0,0,0
557.380,0.9639,0,0,0,0
557.401,0.9639,0,0,0,0
557.459,0.9639,0,0,0,0
557.490,0.9639,0,0,0,0
557.509,0.9639,0,0,0,0
557.544,0.9639,0,0,0,0
557.580,0.9639,0,0,0,0
557.611,0.9639,0,0,0,0
557.645,0.9639,0,0,0,0
557.677,0.9639,0,0,0,0
557.714,0.9639,0,0,0,0
557.743,0.9639,0,0,0,0
557.779,0.9639,0,0,0,0
557.814,0.9639,0,0,0,0
557.843,0.9639,0,0,0,0
557.871,0.9639,0,0,0,0
557.908,0.9639,0,0,0,0
557.943,0.9639,0,0,0,0
557.976,0.9639,0,0,0,0
558.013,0.9639,0,0,0,0
558.046,0.9639,0,0,0,0
558.078,0.9639,0,0,0,0
558.110,0.9639,0,0,0,0
558.146,0.9639,0,0,0,0
558.180,0.9639,0,0,0,0
558.212,0.9639,0,0,0,0
558.247,0.9639,0,0,0,0
558.279,0.9639,0,0,0,0
558.312,0.9639,0,0,0,0
558.345,0.9639,0,0,0,0
558.376,0.9639,0,0,0,0
558.414,0.9639,0,0,0,0
558.444,0.9639,0,0,0,0
558.479,0.9639,0,0,0,0
558.511,0.9639,0,0,0,0
558.546,0.9639,0,0,0,0
558.579,0.9639,0,0,0,0
558.612,0.9639,0,0,0,0
558.644,0.9639,0,0,0,0
558.679,0.9639,0,0,0,0
558.710,0.9639,0,0,0,0
558.743,0.9639,0,0,0,0
558.777,0.9639,0,0,0,0
558.813,0.9639,0,0,0,0
558.846,0.9639,0,0,0,0
558.877,0.9639,0,0,0,0
558.911,0.9639,0,0,0,0
558.946,0.9639,0,0,0,0
558.968,0.9639,0,0,0,0
559.012,0.9639,0,0,0,0
559.044,0.9639,0,0,0,0
559.080,0.9639,0,0,0,0
559.111,0.9639,0,0,0,0
559.147,0.9639,0,0,0,0
559.181,0.9639,0,0,0,0
559.213,0.9639,0,0,0,0
559.243,0.9639,0,0,0,0
559.277,0.9639,0,0,0,0
559.316,0.9639,0,0,0,0
559.347,0.9639,0,0,0,0
559.376,0.9639,0,0,0,0
559.414,0.9639,0,0,0,0
559.446,0.9639,0,0,0,0
559.477,0.9639,0,0,0,0
559.510,0.9639,0,0,0,0
559.545,0.9639,0,0,0,0
559.578,0.9639,0,0,0,0
559.613,0.9639,0,0,0,0
559.646,0.9639,0,0,0,0
559.679,0.9639,0,0,0,0
559.710,0.9639,0,0,0,0
559.746,0.9639,0,0,0,0
559.780,0.9639,0,0,0,0
559.810,0.9639,0,0,0,0
559.848,0.9639,0,0,0,0
559.879,0.9639,0,0,0,0
559.913,0.9639,0,0,0,0
559.948,0.9639,0,0,0,0
559.978,0.9639,0,0,0,0
560.012,0.9639,0,0,0,0
560.046,0.9639,0,0,0,0
560.078,0.9639,0,0,0,0
560.112,0.9639,0,0,0,0
560.144,0.9639,0,0,0,0
560.177,0.9639,0,0,0,0
560.213,0.9639,0,0,0,0
560.246,0.9639,0,0,0,0
560.278,0.9639,0,0,0,0
560.310,0.9639,0,0,0,0
560.345,0.9639,0,0,0,0
560.378,0.9639,0,0,0,0
560.410,0.9639,0,0,0,0
560.443,0.9639,0,0,0,0
560.476,0.9639,0,0,0,0
560.513,0.9639,0,0,0,0
560.546,0.9639,0,0,0,0
560.578,0.9639,0,0,0,0
560.612,0.9639,0,0,0,0
560.645,0.9639,0,0,0,0
560.679,0.9639,0,0,0,0
560.710,0.9639,0,0,0,0
560.747,0.9639,0,0,0,0
560.780,0.9639,0,0,0,0
560.812,0.9639,0,0,0,0
560.844,0.9639,0,0,0,0
560.880,0.9639,0,0,0,0
560.910,0.9639,0,0,0,0
560.943,0.9639,0,0,0,0
560.980,0.9639,0,0,0,0
561.010,0.9639,0,0,0,0
561.046,0.9639,0,0,0,0
561.078,0.9639,0,0,0,0
561.113,0.9639,0,0,0,0
561.144,0.9639,0,0,0,0
561.180,0.9639,0,0,0,0
561.210,0.9639,0,0,0,0
561.247,0.9639,0,0,0,0
561.280,0.9639,0,0,0,0
561.314,0.9639,0,0,0,0
561.346,0.9639,0,0,0,0
561.378,0.9639,0,0,0,0
561.414,0.9639,0,0,0,0
561.445,0.9639,0,0,0,0
561.478,0.9639,0,0,0,0
561.513,0.9639,0,0,0,0
561.547,0.9639,0,0,0,0
561.580,0.9639,0,0,0,0
561.610,0.9639,0,0,0,0
561.644,0.9639,0,0,0,0
561.677,0.9639,0,0,0,0
561.712,0.9639,0,0,0,0
561.745,0.9639,0,0,0,0
561.780,0.9639,0,0,0,0
561.812,0.9639,0,0,0,0
561.847,0.9639,0,0,0,0
561.879,0.9639,0,0,0,0
561.910,0.9639,0,0,0,0
561.943,0.9639,0,0,0,0
561.981,0.9639,0,0,0,0
562.013,0.9639,0,0,0,0
562.043,0.9639,0,0,0,0
562.080,0.9639,0,0,0,0
562.114,0.9639,0,0,0,0
562.146,0.9639,0,0,0,0
562.180,0.9639,0,0,0,0
562.211,0.9639,0,0,0,0
562.244,0.9639,0,0,0,0
562.278,0.9639,0,0,0,0
562.310,0.9639,0,0,0,0
562.350,0.9639,0,0,0,0
562.380,0.9639,0,0,0,0
562.410,0.9639,0,0,0,0
562.446,0.9639,0,0,0,0
562.479,0.9639,0,0,0,0
562.511,0.9639,0,0,0,0
562.546,0.9639,0,0,0,0
562.577,0.9639,0,0,0,0
562.612,0.9639,0,0,0,0
562.645,0.9639,0,0,0,0
562.681,0.9639,0,0,0,0
562.713,0.9639,0,0,0,0
562.746,0.9639,0,0,0,0
562.779,0.9639,0,0,0,0
562.812,0.9639,0,0,0,0
562.847,0.9639,0,0,0,0
562.877,0.9639,0,0,0,0
562.910,0.9639,0,0,0,0
562.946,0.9639,0,0,0,0
562.980,0.9639,0,0,0,0
563.013,0.9639,0,0,0,0
563.045,0.9639,0,0,0,0
563.077,0.9639,0,0,0,0
563.112,0.9639,0,0,0,0
563.144,0.9639,0,0,0,0
563.180,0.9639,0,0,0,0
563.212,0.9639,0,0,0,0
563.244,0.9639,0,0,0,0
563.276,0.9639,0,0,0,0
563.311,0.9639,0,0,0,0
563.347,0.9639,0,0,0,0
563.377,0.9639,0,0,0,0
563.413,0.9639,0,0,0,0
563.445,0.9639,0,0,0,0
563.476,0.9639,0,0,0,0
563.510,0.9639,0,0,0,0
563.547,0.9639,0,0,0,0
563.580,0.9639,0,0,0,0
563.613,0.9639,0,0,0,0
563.646,0.9639,0,0,0,0
563.679,0.9639,0,0,0,0
563.714,0.9639,0,0,0,0
563.745,0.9639,0,0,0,0
563.779,0.9639,0,0,0,0
563.811,0.9639,0,0,0,0
563.847,0.9639,0,0,0,0
563.878,0.9639,0,0,0,0
563.912,0.9639,0,0,0,0
563.945,0.9639,0,0,0,0
563.976,0.9639,0,0,0,0
564.013,0.9639,0,0,0,0
564.043,0.9639,0,0,0,0
564.081,0.9639,0,0,0,0
564.112,0.9639,0,0,0,0
564.146,0.9639,0,0,0,0
564.181,0.9639,0,0,0,0
564.211,0.9639,0,0,0,0
564.251,0.9639,0,0,0,0
564.278,0.9639,0,0,0,0
564.313,0.9639,0,0,0,0
564.345,0.9639,0,0,0,0
564.379,0.9639,0,0,0,0
564.410,0.9639,0,0,0,0
564.443,0.9639,0,0,0,0
564.480,0.9639,0,0,0,0
564.512,0.9639,0,0,0,0
564.545,0.9639,0,0,0,0
564.579,0.9639,0,0,0,0
564.611,0.9639,0,0,0,0
564.644,0.9639,0,0,0,0
564.677,0.9639,0,0,0,0
564.713,0.9639,0,0,0,0
564.746,0.9639,0,0,0,0
564.779,0.9639,0,0,0,0
564.812,0.9639,0,0,0,0
564.845,0.9639,0,0,0,0
564.879,0.9639,0,0,0,0
564.913,0.9639,0,0,0,0
564.947,0.9639,0,0,0,0
564.980,0.9639,0,0,0,0
565.012,0.9639,0,0,0,0
565.046,0.9639,0,0,0,0
565.076,0.9639,0,0,0,0
565.113,0.9639,0,0,0,0
565.147,0.9639,0,0,0,0
565.180,0.9639,0,0,0,0
565.214,0.9639,0,0,0,0
565.244,0.9639,0,0,0,0
565.280,0.9639,0,0,0,0
565.311,0.9639,0,0,0,0
565.349,0.9639,0,0,0,0
565.373,0.9639,0,0,0,0
565.416,0.9639,0,0,0,0
565.448,0.9639,0,0,0,0
565.478,0.9639,0,0,0,0
565.515,0.9639,0,0,0,0
565.543,0.9639,0,0,0,0
565.579,0.9639,0,0,0,0
565.612,0.9639,0,0,0,0
565.648,0.9639,0,0,0,0
565.680,0.9639,0,0,0,0
565.713,0.9639,0,0,0,0
565.748,0.9639,0,0,0,0
565.779,0.9639,0,0,0,0
565.811,0.9639,0,0,0,0
565.845,0.9639,0,0,0,0
565.880,0.9639,0,0,0,0
565.913,0.9639,0,0,0,0
565.937,0.9639,0,0,0,0
565.980,0.9639,0,0,0,0
566.010,0.9639,0,0,0,0
566.046,0.9639,0,0,0,0
566.077,0.9639,0,0,0,0
566.110,0.9639,0,0,0,0
566.146,0.9639,0,0,0,0
566.180,0.9639,0,0,0,0
566.213,0.9639,0,0,0,0
566.246,0.9639,0,0,0,0
566.281,0.9639,0,0,0,0
566.311,0.9639,0,0,0,0
566.345,0.9639,0,0,0,0
566.380,0.9639,0,0,0,0
566.413,0.9639,0,0,0,0
566.445,0.9639,0,0,0,0
566.478,0.9639,0,0,0,0
566.511,0.9639,0,0,0,0
566.545,0.9639,0,0,0,0
566.578,0.9639,0,0,0,0
566.610,0.9639,0,0,0,0
566.647,0.9639,0,0,0,0
566.678,0.9639,0,0,0,0
566.709,0.9639,0,0,0,0
566.746,0.9639,0,0,0,0
566.779,0.9639,0,0,0,0
566.810,0.9639,0,0,0,0
566.844,0.9639,0,0,0,0
566.879,0.9639,0,0,0,0
566.909,0.9639,0,0,0,0
566.947,0.9639,0,0,0,0
566.979,0.9639,0,0,0,0
567.013,0.9639,0,0,0,0
567.043,0.9639,0,0,0,0
567.081,0.9639,0,0,0,0
567.110,0.9639,0,0,0,0
567.146,0.9639,0,0,0,0
567.178,0.9639,0,0,0,0
567.211,0.9639,0,0,0,0
567.247,0.9639,0,0,0,0
567.278,0.9639,0,0,0,0
567.314,0.9639,0,0,0,0
567.343,0.9639,0,0,0,0
567.379,0.9639,0,0,0,0
567.412,0.9639,0,0,0,0
567.445,0.9639,0,0,0,0
567.478,0.9639,0,0,0,0
567.510,0.9639,0,0,0,0
567.544,0.9639,0,0,0,0
567.577,0.9639,0,0,0,0
567.613,0.9639,0,0,0,0
567.646,0.9639,0,0,0,0
567.678,0.9639,0,0,0,0
567.711,0.9639,0,0,0,0
567.744,0.9639,0,0,0,0
567.777,0.9639,0,0,0,0
567.814,0.9639,0,0,0,0
567.845,0.9639,0,0,0,0
567.876,0.9639,0,0,0,0
567.913,0.9639,0,0,0,0
567.945,0.9639,0,0,0,0
567.978,0.9639,0,0,0,0
568.010,0.9639,0,0,0,0
568.043,0.9639,0,0,0,0
568.077,0.9639,0,0,0,0
568.110,0.9639,0,0,0,0
568.146,0.9639,0,0,0,0
568.180,0.9639,0,0,0,0
568.208,0.9639,0,0,0,0
568.245,0.9639,0,0,0,0
568.278,0.9639,0,0,0,0
568.312,0.9639,0,0,0,0
568.345,0.9639,0,0,0,0
568.380,0.9639,0,0,0,0
568.412,0.9639,0,0,0,0
568.443,0.9639,0,0,0,0
568.479,0.9639,0,0,0,0
568.514,0.9639,0,0,0,0
568.545,0.9639,0,0,0,0
568.576,0.9639,0,0,0,0
568.612,0.9639,0,0,0,0
568.644,0.9639,0,0,0,0
568.678,0.9639,0,0,0,0
568.711,0.9639,0,0,0,0
568.745,0.9639,0,0,0,0
568.777,0.9639,0,0,0,0
568.810,0.9639,0,0,0,0
568.845,0.9639,0,0,0,0
568.879,0.9639,0,0,0,0
568.913,0.9639,0,0,0,0
568.946,0.9639,0,0,0,0
568.978,0.9639,0,0,0,0
569.010,0.9639,0,0,0,0
569.049,0.9639,0,0,0,0
569.070,0.9639,0,0,0,0
569.112,0.9639,0,0,0,0
569.148,0.9639,0,0,0,0
569.176,0.9639,0,0,0,0
569.212,0.9639,0,0,0,0
569.246,0.9639,0,0,0,0
569.279,0.9639,0,0,0,0
569.311,0.9639,0,0,0,0
569.347,0.9639,0,0,0,0
569.379,0.9639,0,0,0,0
569.412,0.9639,0,0,0,0
569.446,0.9639,0,0,0,0
569.479,0.9639,0,0,0,0
569.511,0.9639,0,0,0,0
569.545,0.9639,0,0,0,0
569.577,0.9639,0,0,0,0
569.612,0.9639,0,0,0,0
569.644,0.9639,0,0,0,0
569.678,0.9639,0,0,0,0
569.717,0.9639,0,0,0,0
569.737,0.9639,0,0,0,0
569.777,0.9639,0,0,0,0
569.810,0.9639,0,0,0,0
569.843,0.9639,0,0,0,0
569.877,0.9639,0,0,0,0
569.910,0.9639,0,0,0,0
569.944,0.9639,0,0,0,0
569.978,0.9639,0,0,0,0
570.010,0.9639,0,0,0,0
570.047,0.9639,0,0,0,0
570.076,0.9639,0,0,0,0
570.115,0.9639,0,0,0,0
570.139,0.9639,0,0,0,0
570.182,0.9639,0,0,0,0
570.204,0.9639,0,0,0,0
570.245,0.9639,0,0,0,0
570.279,0.9639,0,0,0,0
570.311,0.9639,0,0,0,0
570.343,0.9639,0,0,0,0
570.381,0.9639,0,0,0,0
570.412,0.9639,0,0,0,0
570.445,0.9639,0,0,0,0
570.478,0.9639,0,0,0,0
570.510,0.9639,0,0,0,0
570.543,0.9639,0,0,0,0
570.576,0.9639,0,0,0,0
570.610,0.9639,0,0,0,0
570.645,0.9639,0,0,0,0
570.680,0.9639,0,0,0,0
570.710,0.9639,0,0,0,0
570.746,0.9639,0,0,0,0
570.781,0.9639,0,0,0,0
570.812,0.9639,0,0,0,0
570.846,0.9639,0,0,0,0
570.877,0.9639,0,0,0,0
570.910,0.9639,0,0,0,0
570.943,0.9639,0,0,0,0
570.976,0.9639,0,0,0,0
571.014,0.9639,0,0,0,0
571.046,0.9639,0,0,0,0
571.080,0.9639,0,0,0,0
571.110,0.9639,0,0,0,0
571.145,0.9639,0,0,0,0
571.177,0.9639,0,0,0,0
571.210,0.9639,0,0,0,0
571.242,0.9639,0,0,0,0
571.282,0.9639,0,0,0,0
571.312,0.9639,0,0,0,0
571.346,0.9639,0,0,0,0
571.379,0.9639,0,0,0,0
571.411,0.9639,0,0,0,0
571.447,0.9639,0,0,0,0
571.479,0.9639,0,0,0,0
571.512,0.9639,0,0,0,0
571.547,0.9639,0,0,0,0
571.571,0.9639,0,0,0,0
571.613,0.9639,0,0,0,0
571.645,0.9639,0,0,0,0
571.678,0.9639,0,0,0,0
571.713,0.9639,0,0,0,0
571.744,0.9639,0,0,0,0
571.780,0.9639,0,0,0,0
571.812,0.9639,0,0,0,0
571.846,0.9639,0,0,0,0
571.877,0.9639,0,0,0,0
571.913,0.9639,0,0,0,0
571.947,0.9639,0,0,0,0
571.983,0.9639,0,0,0,0
572.011,0.9639,0,0,0,0
572.044,0.9639,0,0,0,0
572.079,0.9639,0,0,0,0
572.114,0.9639,0,0,0,0
572.143,0.9639,0,0,0,0
572.177,0.9639,0,0,0,0
572.212,0.9639,0,0,0,0
572.236,0.9639,0,0,0,0
572.276,0.9639,0,0,0,0
572.309,0.9639,0,0,0,0
572.347,0.9639,0,0,0,0
572.376,0.9639,0,0,0,0
572.411,0.9639,0,0,0,0
572.447,0.9639,0,0,0,0
572.479,0.9639,0,0,0,0
572.511,0.9639,0,0,0,0
572.547,0.9639,0,0,0,0
572.579,0.9639,0,0,0,0
572.612,0.9639,0,0,0,0
572.646,0.9639,0,0,0,0
572.676,0.9639,0,0,0,0
572.712,0.9639,0,0,0,0
572.746,0.9639,0,0,0,0
572.780,0.9639,0,0,0,0
572.813,0.9639,0,0,0,0
572.846,0.9639,0,0,0,0
572.878,0.9639,0,0,0,0
572.910,0.9639,0,0,0,0
572.943,0.9639,0,0,0,0
572.980,0.9639,0,0,0,0
573.014,0.9639,0,0,0,0
573.046,0.9639,0,0,0,0
573.081,0.9639,0,0,0,0
573.115,0.9639,0,0,0,0
573.143,0.9639,0,0,0,0
573.177,0.9639,0,0,0,0
573.212,0.9639,0,0,0,0
573.246,0.9639,0,0,0,0
573.281,0.9639,0,0,0,0
573.311,0.9639,0,0,0,0
573.343,0.9639,0,0,0,0
573.379,0.9639,0,0,0,0
573.412,0.9639,0,0,0,0
573.441,0.9639,0,0,0,0
573.477,0.9639,0,0,0,0
573.512,0.9639,0,0,0,0
573.546,0.9639,0,0,0,0
573.579,0.9639,0,0,0,0
573.612,0.9639,0,0,0,0
573.646,0.9639,0,0,0,0
573.679,0.9639,0,0,0,0
573.714,0.9639,0,0,0,0
573.745,0.9639,0,0,0,0
573.776,0.9639,0,0,0,0
573.811,0.9639,0,0,0,0
573.847,0.9639,0,0,0,0
573.879,0.9639,0,0,0,0
573.914,0.9639,0,0,0,0
573.943,0.9639,0,0,0,0
573.977,0.9639,0,0,0,0
574.013,0.9639,0,0,0,0
574.044,0.9639,0,0,0,0
574.077,0.9639,0,0,0,0
574.112,0.9639,0,0,0,0
574.145,0.9639,0,0,0,0
574.181,0.9639,0,0,0,0
574.213,0.9639,0,0,0,0
574.244,0.9639,0,0,0,0
574.277,0.9639,0,0,0,0
574.313,0.9639,0,0,0,0
574.345,0.9639,0,0,0,0
574.378,0.9639,0,0,0,0
574.413,0.9639,0,0,0,0
574.437,0.9639,0,0,0,0
574.479,0.9639,0,0,0,0
574.510,0.9639,0,0,0,0
574.543,0.9639,0,0,0,0
574.579,0.9639,0,0,0,0
574.610,0.9639,0,0,0,0
574.643,0.9639,0,0,0,0
574.681,0.9639,0,0,0,0
574.702,0.9639,0,0,0,0
574.745,0.9639,0,0,0,0
574.772,0.9639,0,0,0,0
574.807,0.9639,0,0,0,0
574.847,0.9639,0,0,0,0
574.877,0.9639,0,0,0,0
574.911,0.9639,0,0,0,0
574.945,0.9639,0,0,0,0
574.977,0.9639,0,0,0,0
575.014,0.9639,0,0,0,0
575.037,0.9639,0,0,0,0
575.076,0.9639,0,0,0,0
575.110,0.9639,0,0,0,0
575.148,0.9639,0,0,0,0
575.169,0.9639,0,0,0,0
575.215,0.9639,0,0,0,0
575.236,0.9639,0,0,0,0
575.279,0.9639,0,0,0,0
575.310,0.9639,0,0,0,0
575.346,0.9639,0,0,0,0
575.378,0.9639,0,0,0,0
575.413,0.9639,0,0,0,0
575.446,0.9639,0,0,0,0
575.479,0.9639,0,0,0,0
575.510,0.9639,0,0,0,0
575.545,0.9638,0,0,0,0
575.580,0.9639,0,0,0,0
575.611,0.9639,0,0,0,0
575.646,0.9638,0,0,0,0
575.678,0.9638,0,0,0,0
575.710,0.9638,0,0,0,0
575.745,0.9638,0,0,0,0
575.780,0.9638,0,0,0,0
575.812,0.9638,0,0,0,0
575.848,0.9638,0,0,0,0
575.877,0.9638,0,0,0,0
575.913,0.9638,0,0,0,0
575.946,0.9638,0,0,0,0
575.979,0.9638,0,0,0,0
576.012,0.9638,0,0,0,0
576.043,0.9638,0,0,0,0
576.075,0.9638,0,0,0,0
576.112,0.9638,0,0,0,0
576.138,0.9638,0,0,0,0
576.177,0.9638,0,0,0,0
576.213,0.9638,0,0,0,0
576.245,0.9638,0,0,0,0
576.280,0.9638,0,0,0,0
576.310,0.9638,0,0,0,0
576.344,0.9638,0,0,0,0
576.380,0.9638,0,0,0,0
576.413,0.9638,0,0,0,0
576.443,0.9638,0,0,0,0
576.478,0.9638,0,0,0,0
576.511,0.9638,0,0,0,0
576.545,0.9638,0,0,0,0
576.568,0.9638,0,0,0,0
576.612,0.9638,0,0,0,0
576.643,0.9638,0,0,0,0
576.677,0.9638,0,0,0,0
576.712,0.9638,0,0,0,0
576.744,0.9638,0,0,0,0
576.777,0.9638,0,0,0,0
576.814,0.9638,0,0,0,0
576.844,0.9638,0,0,0,0
576.881,0.9638,0,0,0,0
576.914,0.9638,0,0,0,0
576.947,0.9638,0,0,0,0
576.978,0.9638,0,0,0,0
577.013,0.9638,0,0,0,0
577.046,0.9638,0,0,0,0
577.080,0.9638,0,0,0,0
577.113,0.9638,0,0,0,0
577.147,0.9638,0,0,0,0
577.181,0.9638,0,0,0,0
577.211,0.9638,0,0,0,0
577.246,0.9638,0,0,0,0
577.279,0.9638,0,0,0,0
577.313,0.9638,0,0,0,0
577.345,0.9638,0,0,0,0
577.379,0.9638,0,0,0,0
577.401,0.9638,0,0,0,0
577.446,0.9638,0,0,0,0
577.477,0.9638,0,0,0,0
577.513,0.9638,0,0,0,0
577.547,0.9638,0,0,0,0
577.579,0.9638,0,0,0,0
577.613,0.9638,0,0,0,0
577.644,0.9638,0,0,0,0
577.680,0.9638,0,0,0,0
577.710,0.9638,0,0,0,0
577.743,0.9638,0,0,0,0
577.777,0.9638,0,0,0,0
577.814,0.9638,0,0,0,0
577.845,0.9638,0,0,0,0
577.879,0.9638,0,0,0,0
577.910,0.9638,0,0,0,0
577.947,0.9638,0,0,0,0
577.979,0.9638,0,0,0,0
578.010,0.9638,0,0,0,0
578.044,0.9638,0,0,0,0
578.079,0.9638,0,0,0,0
578.112,0.9638,0,0,0,0
578.146,0.9638,0,0,0,0
578.168,0.9638,0,0,0,0
578.213,0.9638,0,0,0,0
578.236,0.9638,0,0,0,0
578.277,0.9638,0,0,0,0
578.312,0.9638,0,0,0,0
578.345,0.9638,0,0,0,0
578.379,0.9638,0,0,0,0
578.410,0.9638,0,0,0,0
578.445,0.9638,0,0,0,0
578.477,0.9638,0,0,0,0
578.513,0.9638,0,0,0,0
578.535,0.9638,0,0,0,0
578.580,0.9638,0,0,0,0
578.614,0.9638,0,0,0,0
578.643,0.9638,0,0,0,0
578.677,0.9638,0,0,0,0
578.715,0.9638,0,0,0,0
578.745,0.9638,0,0,0,0
578.779,0.9638,0,0,0,0
578.813,0.9638,0,0,0,0
578.847,0.9638,0,0,0,0
578.880,0.9638,0,0,0,0
578.910,0.9638,0,0,0,0
578.945,0.9638,0,0,0,0
578.978,0.9638,0,0,0,0
579.013,0.9638,0,0,0,0
579.043,0.9638,0,0,0,0
579.077,0.9638,0,0,0,0
579.110,0.9638,0,0,0,0
579.144,0.9638,0,0,0,0
579.179,0.9638,0,0,0,0
579.214,0.9638,0,0,0,0
579.243,0.9638,0,0,0,0
579.280,0.9638,0,0,0,0
579.311,0.9638,0,0,0,0
579.346,0.9638,0,0,0,0
579.378,0.9638,0,0,0,0
579.411,0.9638,0,0,0,0
579.443,0.9638,0,0,0,0
579.480,0.9638,0,0,0,0
579.510,0.9638,0,0,0,0
579.544,0.9638,0,0,0,0
579.577,0.9638,0,0,0,0
579.614,0.9638,0,0,0,0
579.643,0.9638,0,0,0,0
579.680,0.9638,0,0,0,0
579.710,0.9638,0,0,0,0
579.747,0.9638,0,0,0,0
579.781,0.9638,0,0,0,0
579.810,0.9638,0,0,0,0
579.845,0.9638,0,0,0,0
579.879,0.9638,0,0,0,0
579.914,0.9638,0,0,0,0
579.945,0.9638,0,0,0,0
579.979,0.9638,0,0,0,0
580.010,0.9638,0,0,0,0
580.046,0.9638,0,0,0,0
580.079,0.9638,0,0,0,0
580.114,0.9638,0,0,0,0
580.135,0.9638,0,0,0,0
580.179,0.9638,0,0,0,0
580.212,0.9638,0,0,0,0
580.245,0.9638,0,0,0,0
580.279,0.9638,0,0,0,0
580.310,0.9638,0,0,0,0
580.345,0.9638,0,0,0,0
580.378,0.9638,0,0,0,0
580.413,0.9638,0,0,0,0
580.447,0.9638,0,0,0,0
580.480,0.9638,0,0,0,0
580.512,0.9638,0,0,0,0
580.547,0.9638,0,0,0,0
580.577,0.9638,0,0,0,0
580.610,0.9638,0,0,0,0
580.645,0.9638,0,0,0,0
580.678,0.9638,0,0,0,0
580.711,0.9638,0,0,0,0
580.745,0.9638,0,0,0,0
580.777,0.9638,0,0,0,0
580.810,0.9638,0,0,0,0
580.843,0.9638,0,0,0,0
580.880,0.9638,0,0,0,0
580.911,0.9638,0,0,0,0
580.947,0.9638,0,0,0,0
580.979,0.9638,0,0,0,0
581.014,0.9638,0,0,0,0
581.046,0.9638,0,0,0,0
581.079,0.9638,0,0,0,0
581.112,0.9638,0,0,0,0
581.143,0.9638,0,0,0,0
581.180,0.9638,0,0,0,0
581.209,0.9638,0,0,0,0
581.248,0.9638,0,0,0,0
581.277,0.9638,0,0,0,0
581.311,0.9638,0,0,0,0
581.344,0.9638,0,0,0,0
581.377,0.9638,0,0,0,0
581.410,0.9638,0,0,0,0
581.447,0.9638,0,0,0,0
581.479,0.9638,0,0,0,0
581.513,0.9638,0,0,0,0
581.544,0.9638,0,0,0,0
581.580,0.9638,0,0,0,0
581.610,0.9638,0,0,0,0
581.643,0.9638,0,0,0,0
581.676,0.9638,0,0,0,0
581.711,0.9638,0,0,0,0
581.743,0.9638,0,0,0,0
581.780,0.9638,0,0,0,0
581.810,0.9638,0,0,0,0
581.847,0.9638,0,0,0,0
581.879,0.9638,0,0,0,0
581.911,0.9638,0,0,0,0
581.945,0.9638,0,0,0,0
581.978,0.9638,0,0,0,0
582.012,0.9638,0,0,0,0
582.044,0.9638,0,0,0,0
582.080,0.9638,0,0,0,0
582.114,0.9638,0,0,0,0
582.146,0.9638,0,0,0,0
582.178,0.9638,0,0,0,0
582.210,0.9638,0,0,0,0
582.246,0.9638,0,0,0,0
582.280,0.9638,0,0,0,0
582.311,0.9638,0,0,0,0
582.346,0.9638,0,0,0,0
582.379,0.9638,0,0,0,0
582.414,0.9638,0,0,0,0
582.447,0.9638,0,0,0,0
582.478,0.9638,0,0,0,0
582.513,0.9638,0,0,0,0
582.547,0.9638,0,0,0,0
582.583,0.9638,0,0,0,0
582.612,0.9638,0,0,0,0
582.647,0.9638,0,0,0,0
582.676,0.9638,0,0,0,0
582.711,0.9638,0,0,0,0
582.746,0.9638,0,0,0,0
582.780,0.9638,0,0,0,0
582.812,0.9638,0,0,0,0
582.843,0.9638,0,0,0,0
582.877,0.9638,0,0,0,0
582.913,0.9638,0,0,0,0
582.947,0.9638,0,0,0,0
582.976,0.9638,0,0,0,0
583.012,0.9638,0,0,0,0
583.045,0.9638,0,0,0,0
583.080,0.9638,0,0,0,0
583.113,0.9638,0,0,0,0
583.143,0.9638,0,0,0,0
583.176,0.9638,0,0,0,0
583.210,0.9638,0,0,0,0
583.246,0.9638,0,0,0,0
583.279,0.9638,0,0,0,0
583.312,0.9638,0,0,0,0
583.346,0.9638,0,0,0,0
583.380,0.9638,0,0,0,0
583.414,0.9638,0,0,0,0
583.446,0.9638,0,0,0,0
583.478,0.9638,0,0,0,0
583.512,0.9638,0,0,0,0
583.546,0.9638,0,0,0,0
583.580,0.9638,0,0,0,0
583.613,0.9638,0,0,0,0
583.647,0.9638,0,0,0,0
583.678,0.9638,0,0,0,0
583.710,0.9638,0,0,0,0
583.747,0.9638,0,0,0,0
583.781,0.9638,0,0,0,0
583.809,0.9638,0,0,0,0
583.845,0.9638,0,0,0,0
583.879,0.9638,0,0,0,0
583.912,0.9638,0,0,0,0
583.946,0.9638,0,0,0,0
583.978,0.9638,0,0,0,0
584.012,0.9638,0,0,0,0
584.046,0.9638,0,0,0,0
584.080,0.9638,0,0,0,0
584.114,0.9638,0,0,0,0
584.143,0.9638,0,0,0,0
584.180,0.9638,0,0,0,0
584.212,0.9638,0,0,0,0
584.247,0.9638,0,0,0,0
584.276,0.9638,0,0,0,0
584.311,0.9638,0,0,0,0
584.346,0.9638,0,0,0,0
584.378,0.9638,0,0,0,0
584.413,0.9638,0,0,0,0
584.444,0.9638,0,0,0,0
584.477,0.9638,0,0,0,0
584.514,0.9638,0,0,0,0
584.544,0.9638,0,0,0,0
584.580,0.9638,0,0,0,0
584.613,0.9638,0,0,0,0
584.645,0.9638,0,0,0,0
584.678,0.9638,0,0,0,0
584.711,0.9638,0,0,0,0
584.743,0.9638,0,0,0,0
584.778,0.9638,0,0,0,0
584.810,0.9638,0,0,0,0
584.846,0.9638,0,0,0,0
584.880,0.9638,0,0,0,0
584.913,0.9638,0,0,0,0
584.943,0.9638,0,0,0,0
584.977,0.9638,0,0,0,0
585.012,0.9638,0,0,0,0
585.046,0.9638,0,0,0,0
585.068,0.9638,0,0,0,0
585.112,0.9638,0,0,0,0
585.150,0.9638,0,0,0,0
585.177,0.9638,0,0,0,0
585.211,0.9638,0,0,0,0
585.247,0.9638,0,0,0,0
585.280,0.9638,0,0,0,0
585.313,0.9638,0,0,0,0
585.343,0.9638,0,0,0,0
585.376,0.9638,0,0,0,0
585.410,0.9638,0,0,0,0
585.447,0.9638,0,0,0,0
585.479,0.9638,0,0,0,0
585.513,0.9638,0,0,0,0
585.545,0.9638,0,0,0,0
585.577,0.9638,0,0,0,0
585.614,0.9638,0,0,0,0
585.647,0.9638,0,0,0,0
585.679,0.9638,0,0,0,0
585.710,0.9638,0,0,0,0
585.743,0.9638,0,0,0,0
585.778,0.9638,0,0,0,0
585.810,0.9638,0,0,0,0
585.848,0.9638,0,0,0,0
585.881,0.9638,0,0,0,0
585.913,0.9638,0,0,0,0
585.946,0.9638,0,0,0,0
585.979,0.9638,0,0,0,0
586.011,0.9638,0,0,0,0
586.045,0.9638,0,0,0,0
586.082,0.9638,0,0,0,0
586.114,0.9638,0,0,0,0
586.145,0.9638,0,0,0,0
586.178,0.9638,0,0,0,0
586.212,0.9638,0,0,0,0
586.245,0.9638,0,0,0,0
586.278,0.9638,0,0,0,0
586.313,0.9638,0,0,0,0
586.346,0.9638,0,0,0,0
586.379,0.9638,0,0,0,0
586.412,0.9638,0,0,0,0
586.443,0.9638,0,0,0,0
586.478,0.9638,0,0,0,0
586.511,0.9638,0,0,0,0
586.544,0.9638,0,0,0,0
586.578,0.9638,0,0,0,0
586.610,0.9638,0,0,0,0
586.647,0.9638,0,0,0,0
586.680,0.9638,0,0,0,0
586.710,0.9638,0,0,0,0
586.748,0.9638,0,0,0,0
586.768,0.9638,0,0,0,0
586.810,0.9638,0,0,0,0
586.846,0.9638,0,0,0,0
586.878,0.9638,0,0,0,0
586.910,0.9638,0,0,0,0
586.945,0.9638,0,0,0,0
586.970,0.9638,0,0,0,0
587.014,0.9638,0,0,0,0
587.049,0.9638,0,0,0,0
587.070,0.9638,0,0,0,0
587.110,0.9638,0,0,0,0
587.144,0.9638,0,0,0,0
587.180,0.9638,0,0,0,0
587.211,0.9638,0,0,0,0
587.243,0.9638,0,0,0,0
587.280,0.9638,0,0,0,0
587.312,0.9638,0,0,0,0
587.345,0.9638,0,0,0,0
587.379,0.9638,0,0,0,0
587.412,0.9638,0,0,0,0
587.446,0.9638,0,0,0,0
587.479,0.9638,0,0,0,0
587.510,0.9638,0,0,0,0
587.546,0.9638,0,0,0,0
587.577,0.9638,0,0,0,0
587.612,0.9638,0,0,0,0
587.647,0.9638,0,0,0,0
587.679,0.9638,0,0,0,0
587.713,0.9638,0,0,0,0
587.745,0.9638,0,0,0,0
587.778,0.9638,0,0,0,0
587.814,0.9638,0,0,0,0
587.842,0.9638,0,0,0,0
587.878,0.9638,0,0,0,0
587.913,0.9638,0,0,0,0
587.945,0.9638,0,0,0,0
587.977,0.9638,0,0,0,0
588.013,0.9638,0,0,0,0
588.042,0.9638,0,0,0,0
588.079,0.9638,0,0,0,0
588.113,0.9638,0,0,0,0
588.145,0.9638,0,0,0,0
588.178,0.9638,0,0,0,0
588.212,0.9638,0,0,0,0
588.247,0.9638,0,0,0,0
588.279,0.9638,0,0,0,0
588.314,0.9638,0,0,0,0
588.343,0.9638,0,0,0,0
588.378,0.9638,0,0,0,0
588.413,0.9638,0,0,0,0
588.443,0.9638,0,0,0,0
588.477,0.9638,0,0,0,0
588.514,0.9638,0,0,0,0
588.545,0.9638,0,0,0,0
588.580,0.9638,0,0,0,0
588.614,0.9638,0,0,0,0
588.644,0.9638,0,0,0,0
588.677,0.9638,0,0,0,0
588.710,0.9638,0,0,0,0
588.745,0.9638,0,0,0,0
588.780,0.9638,0,0,0,0
588.807,0.9638,0,0,0,0
588.846,0.9638,0,0,0,0
588.880,0.9638,0,0,0,0
588.911,0.9638,0,0,0,0
588.945,0.9638,0,0,0,0
588.978,0.9638,0,0,0,0
589.013,0.9638,0,0,0,0
589.044,0.9638,0,0,0,0
589.079,0.9638,0,0,0,0
589.110,0.9638,0,0,0,0
589.142,0.9638,0,0,0,0
589.177,0.9638,0,0,0,0
589.213,0.9638,0,0,0,0
589.237,0.9638,0,0,0,0
589.279,0.9638,0,0,0,0
589.310,0.9638,0,0,0,0
589.346,0.9638,0,0,0,0
589.378,0.9638,0,0,0,0
589.413,0.9638,0,0,0,0
589.446,0.9638,0,0,0,0
589.479,0.9638,0,0,0,0
589.513,0.9638,0,0,0,0
589.547,0.9638,0,0,0,0
589.579,0.9638,0,0,0,0
589.612,0.9638,0,0,0,0
589.643,0.9638,0,0,0,0
589.679,0.9638,0,0,0,0
589.710,0.9638,0,0,0,0
589.746,0.9638,0,0,0,0
589.778,0.9638,0,0,0,0
589.814,0.9638,0,0,0,0
589.845,0.9638,0,0,0,0
589.877,0.9638,0,0,0,0
589.913,0.9638,0,0,0,0
589.944,0.9638,0,0,0,0
589.979,0.9638,0,0,0,0
590.012,0.9638,0,0,0,0
590.045,0.9638,0,0,0,0
590.076,0.9638,0,0,0,0
590.113,0.9638,0,0,0,0
590.136,0.9638,0,0,0,0
590.181,0.9638,0,0,0,0
590.214,0.9638,0,0,0,0
590.243,0.9638,0,0,0,0
590.277,0.9638,0,0,0,0
590.310,0.9638,0,0,0,0
590.344,0.9638,0,0,0,0
590.377,0.9638,0,0,0,0
590.412,0.9638,0,0,0,0
590.446,0.9638,0,0,0,0
590.480,0.9638,0,0,0,0
590.510,0.9638,0,0,0,0
590.547,0.9638,0,0,0,0
590.580,0.9638,0,0,0,0
590.609,0.9638,0,0,0,0
590.645,0.9638,0,0,0,0
590.677,0.9638,0,0,0,0
590.712,0.9638,0,0,0,0
590.746,0.9638,0,0,0,0
590.781,0.9638,0,0,0,0
590.813,0.9638,0,0,0,0
590.843,0.9638,0,0,0,0
590.879,0.9638,0,0,0,0
590.910,0.9638,0,0,0,0
590.947,0.9638,0,0,0,0
590.978,0.9638,0,0,0,0
591.010,0.9638,0,0,0,0
591.044,0.9638,0,0,0,0
591.079,0.9638,0,0,0,0
591.112,0.9638,0,0,0,0
591.144,0.9638,0,0,0,0
591.177,0.9638,0,0,0,0
591.214,0.9638,0,0,0,0
591.243,0.9638,0,0,0,0
591.278,0.9638,0,0,0,0
591.311,0.9638,0,0,0,0
591.347,0.9638,0,0,0,0
591.377,0.9638,0,0,0,0
591.410,0.9638,0,0,0,0
591.443,0.9638,0,0,0,0
591.477,0.9638,0,0,0,0
591.514,0.9638,0,0,0,0
591.543,0.9638,0,0,0,0
591.579,0.9638,0,0,0,0
591.613,0.9638,0,0,0,0
591.645,0.9638,0,0,0,0
591.677,0.9638,0,0,0,0
591.714,0.9638,0,0,0,0
591.744,0.9638,0,0,0,0
591.780,0.9638,0,0,0,0
591.811,0.9638,0,0,0,0
591.843,0.9638,0,0,0,0
591.879,0.9638,0,0,0,0
591.910,0.9638,0,0,0,0
591.947,0.9638,0,0,0,0
591.970,0.9638,0,0,0,0
592.011,0.9638,0,0,0,0
592.044,0.9638,0,0,0,0
592.080,0.9638,0,0,0,0
592.111,0.9638,0,0,0,0
592.143,0.9638,0,0,0,0
592.181,0.9638,0,0,0,0
592.214,0.9638,0,0,0,0
592.244,0.9638,0,0,0,0
592.277,0.9638,0,0,0,0
592.313,0.9638,0,0,0,0
592.344,0.9638,0,0,0,0
592.377,0.9638,0,0,0,0
592.412,0.9638,0,0,0,0
592.445,0.9638,0,0,0,0
592.482,0.9638,0,0,0,0
592.512,0.9638,0,0,0,0
592.546,0.9638,0,0,0,0
592.579,0.9638,0,0,0,0
592.610,0.9638,0,0,0,0
592.648,0.9638,0,0,0,0
592.678,0.9638,0,0,0,0
592.710,0.9638,0,0,0,0
592.747,0.9638,0,0,0,0
592.780,0.9638,0,0,0,0
592.813,0.9638,0,0,0,0
592.848,0.9638,0,0,0,0
592.878,0.9638,0,0,0,0
592.915,0.9638,0,0,0,0
592.945,0.9638,0,0,0,0
592.976,0.9638,0,0,0,0
593.013,0.9638,0,0,0,0
593.043,0.9638,0,0,0,0
593.077,0.9638,0,0,0,0
593.114,0.9638,0,0,0,0
593.144,0.9638,0,0,0,0
593.177,0.9638,0,0,0,0
593.213,0.9638,0,0,0,0
593.246,0.9638,0,0,0,0
593.277,0.9638,0,0,0,0
593.312,0.9638,0,0,0,0
593.345,0.9638,0,0,0,0
593.380,0.9638,0,0,0,0
593.410,0.9638,0,0,0,0
593.446,0.9638,0,0,0,0
593.477,0.9638,0,0,0,0
593.512,0.9638,0,0,0,0
593.547,0.9638,0,0,0,0
593.580,0.9638,0,0,0,0
593.613,0.9638,0,0,0,0
593.647,0.9638,0,0,0,0
593.678,0.9638,0,0,0,0
593.713,0.9638,0,0,0,0
593.743,0.9638,0,0,0,0
593.779,0.9638,0,0,0,0
593.814,0.9638,0,0,0,0
593.844,0.9638,0,0,0,0
593.879,0.9638,0,0,0,0
593.912,0.9638,0,0,0,0
593.945,0.9638,0,0,0,0
593.979,0.9638,0,0,0,0
594.010,0.9638,0,0,0,0
594.047,0.9638,0,0,0,0
594.079,0.9638,0,0,0,0
594.112,0.9638,0,0,0,0
594.146,0.9638,0,0,0,0
594.178,0.9638,0,0,0,0
594.213,0.9638,0,0,0,0
594.247,0.9638,0,0,0,0
594.277,0.9638,0,0,0,0
594.313,0.9638,0,0,0,0
594.344,0.9638,0,0,0,0
594.381,0.9638,0,0,0,0
594.410,0.9638,0,0,0,0
594.446,0.9638,0,0,0,0
594.478,0.9638,0,0,0,0
594.510,0.9638,0,0,0,0
594.544,0.9638,0,0,0,0
594.577,0.9638,0,0,0,0
594.612,0.9638,0,0,0,0
594.647,0.9638,0,0,0,0
594.680,0.9638,0,0,0,0
594.712,0.9638,0,0,0,0
594.747,0.9638,0,0,0,0
594.776,0.9638,0,0,0,0
594.812,0.9638,0,0,0,0
594.845,0.9638,0,0,0,0
594.880,0.9638,0,0,0,0
594.914,0.9638,0,0,0,0
594.944,0.9638,0,0,0,0
594.977,0.9638,0,0,0,0
595.014,0.9638,0,0,0,0
595.043,0.9638,0,0,0,0
595.076,0.9638,0,0,0,0
595.112,0.9638,0,0,0,0
595.145,0.9638,0,0,0,0
595.176,0.9638,0,0,0,0
595.213,0.9638,0,0,0,0
595.244,0.9638,0,0,0,0
595.280,0.9638,0,0,0,0
595.314,0.9638,0,0,0,0
595.345,0.9638,0,0,0,0
595.376,0.9638,0,0,0,0
595.412,0.9638,0,0,0,0
595.444,0.9638,0,0,0,0
595.477,0.9638,0,0,0,0
595.514,0.9638,0,0,0,0
595.546,0.9638,0,0,0,0
595.579,0.9638,0,0,0,0
595.610,0.9638,0,0,0,0
595.643,0.9638,0,0,0,0
595.680,0.9638,0,0,0,0
595.711,0.9638,0,0,0,0
595.744,0.9638,0,0,0,0
595.779,0.9638,0,0,0,0
595.809,0.9638,0,0,0,0
595.848,0.9638,0,0,0,0
595.878,0.9638,0,0,0,0
595.914,0.9638,0,0,0,0
595.946,0.9638,0,0,0,0
595.978,0.9638,0,0,0,0
596.011,0.9638,0,0,0,0
596.047,0.9638,0,0,0,0
596.079,0.9638,0,0,0,0
596.111,0.9638,0,0,0,0
596.144,0.9638,0,0,0,0
596.181,0.9638,0,0,0,0
596.207,0.9638,0,0,0,0
596.246,0.9638,0,0,0,0
596.276,0.9638,0,0,0,0
596.312,0.9638,0,0,0,0
596.345,0.9638,0,0,0,0
596.377,0.9638,0,0,0,0
596.411,0.9638,0,0,0,0
596.445,0.9638,0,0,0,0
596.477,0.9638,0,0,0,0
596.513,0.9638,0,0,0,0
596.546,0.9638,0,0,0,0
596.576,0.9638,0,0,0,0
596.611,0.9638,0,0,0,0
596.645,0.9638,0,0,0,0
596.680,0.9638,0,0,0,0
596.710,0.9638,0,0,0,0
596.746,0.9638,0,0,0,0
596.777,0.9638,0,0,0,0
596.810,0.9638,0,0,0,0
596.843,0.9638,0,0,0,0
596.876,0.9638,0,0,0,0
596.910,0.9638,0,0,0,0
596.944,0.9638,0,0,0,0
596.978,0.9638,0,0,0,0
597.011,0.9638,0,0,0,0
597.045,0.9638,0,0,0,0
597.078,0.9638,0,0,0,0
597.112,0.9638,0,0,0,0
597.146,0.9638,0,0,0,0
597.180,0.9638,0,0,0,0
597.213,0.9638,0,0,0,0
597.246,0.9638,0,0,0,0
597.279,0.9638,0,0,0,0
597.310,0.9638,0,0,0,0
597.347,0.9638,0,0,0,0
597.379,0.9638,0,0,0,0
597.415,0.9638,0,0,0,0
597.443,0.9638,0,0,0,0
597.478,0.9638,0,0,0,0
597.510,0.9638,0,0,0,0
597.545,0.9638,0,0,0,0
597.579,0.9638,0,0,0,0
597.612,0.9638,0,0,0,0
597.645,0.9638,0,0,0,0
597.677,0.9638,0,0,0,0
597.712,0.9638,0,0,0,0
597.746,0.9638,0,0,0,0
597.777,0.9638,0,0,0,0
597.813,0.9638,0,0,0,0
597.844,0.9638,0,0,0,0
597.878,0.9638,0,0,0,0
597.910,0.9638,0,0,0,0
597.945,0.9638,0,0,0,0
597.977,0.9638,0,0,0,0
598.012,0.9638,0,0,0,0
598.046,0.9638,0,0,0,0
598.077,0.9638,0,0,0,0
598.112,0.9638,0,0,0,0
598.144,0.9638,0,0,0,0
598.182,0.9638,0,0,0,0
598.210,0.9638,0,0,0,0
598.245,0.9638,0,0,0,0
598.278,0.9638,0,0,0,0
598.313,0.9638,0,0,0,0
598.345,0.9638,0,0,0,0
598.376,0.9638,0,0,0,0
598.413,0.9638,0,0,0,0
598.445,0.9638,0,0,0,0
598.479,0.9638,0,0,0,0
598.511,0.9638,0,0,0,0
598.545,0.9638,0,0,0,0
598.577,0.9638,0,0,0,0
598.612,0.9638,0,0,0,0
598.645,0.9638,0,0,0,0
598.679,0.9638,0,0,0,0
598.713,0.9638,0,0,0,0
598.745,0.9638,0,0,0,0
598.780,0.9638,0,0,0,0
598.810,0.9638,0,0,0,0
598.846,0.9638,0,0,0,0
598.879,0.9638,0,0,0,0
598.912,0.9638,0,0,0,0
598.944,0.9638,0,0,0,0
598.979,0.9638,0,0,0,0
599.010,0.9638,0,0,0,0
599.046,0.9638,0,0,0,0
599.079,0.9638,0,0,0,0
599.112,0.9638,0,0,0,0
599.145,0.9638,0,0,0,0
599.180,0.9638,0,0,0,0
599.214,0.9638,0,0,0,0
599.247,0.9638,0,0,0,0
599.279,0.9638,0,0,0,0
599.313,0.9638,0,0,0,0
599.347,0.9638,0,0,0,0
599.380,0.9638,0,0,0,0
599.413,0.9638,0,0,0,0
599.444,0.9638,0,0,0,0
599.480,0.9638,0,0,0,0
599.513,0.9638,0,0,0,0
599.544,0.9638,0,0,0,0
599.576,0.9638,0,0,0,0
599.612,0.9638,0,0,0,0
599.646,0.9638,0,0,0,0
599.680,0.9638,0,0,0,0
599.714,0.9638,0,0,0,0
599.746,0.9638,0,0,0,0
599.780,0.9638,0,0,0,0
599.811,0.9638,0,0,0,0
599.844,0.9638,0,0,0,0
599.880,0.9638,0,0,0,0
599.911,0.9638,0,0,0,0
599.949,0.9638,0,0,0,0
599.977,0.9638,0,0,0,0
600.011,0.9638,0,0,0,0
600.045,0.9638,0,0,0,0
600.079,0.9638,0,0,0,0
600.112,0.9638,0,0,0,0
600.145,0.9638,0,0,0,0
600.179,0.9638,0,0,0,0
600.214,0.9638,0,0,0,0
600.245,0.9638,0,0,0,0
600.280,0.9638,0,0,0,0
600.311,0.9638,0,0,0,0
600.345,0.9638,0,0,0,0
600.380,0.9638,0,0,0,0
600.410,0.9638,0,0,0,0
600.443,0.9638,0,0,0,0
600.477,0.9638,0,0,0,0
600.509,0.9638,0,0,0,0
600.546,0.9638,0,0,0,0
600.578,0.9638,0,0,0,0
600.612,0.9638,0,0,0,0
600.645,0.9638,0,0,0,0
600.678,0.9638,0,0,0,0
600.714,0.9638,0,0,0,0
600.745,0.9638,0,0,0,0
600.777,0.9638,0,0,0,0
600.812,0.9638,0,0,0,0
600.845,0.9638,0,0,0,0
600.878,0.9638,0,0,0,0
600.914,0.9638,0,0,0,0
600.946,0.9638,0,0,0,0
600.979,0.9638,0,0,0,0
601.011,0.9638,0,0,0,0
601.044,0.9638,0,0,0,0
601.085,0.9638,0,0,0,0
601.112,0.9638,0,0,0,0
601.147,0.9638,0,0,0,0
601.176,0.9638,0,0,0,0
601.212,0.9638,0,0,0,0
601.246,0.9638,0,0,0,0
601.278,0.9638,0,0,0,0
601.314,0.9638,0,0,0,0
601.344,0.9638,0,0,0,0
601.380,0.9638,0,0,0,0
601.410,0.9638,0,0,0,0
601.446,0.9638,0,0,0,0
601.477,0.9638,0,0,0,0
601.513,0.9638,0,0,0,0
601.545,0.9638,0,0,0,0
601.577,0.9638,0,0,0,0
601.613,0.9638,0,0,0,0
601.645,0.9638,0,0,0,0
601.676,0.9638,0,0,0,0
601.712,0.9638,0,0,0,0
601.744,0.9638,0,0,0,0
601.776,0.9638,0,0,0,0
601.814,0.9638,0,0,0,0
601.845,0.9638,0,0,0,0
601.878,0.9638,0,0,0,0
601.911,0.9638,0,0,0,0
601.944,0.9638,0,0,0,0
601.977,0.9638,0,0,0,0
602.010,0.9638,0,0,0,0
602.044,0.9638,0,0,0,0
602.077,0.9638,0,0,0,0
602.110,0.9638,0,0,0,0
602.143,0.9638,0,0,0,0
602.178,0.9638,0,0,0,0
602.207,0.9638,0,0,0,0
602.243,0.9638,0,0,0,0
602.280,0.9638,0,0,0,0
602.311,0.9638,0,0,0,0
602.344,0.9638,0,0,0,0
602.377,0.9638,0,0,0,0
602.413,0.9638,0,0,0,0
602.443,0.9638,0,0,0,0
602.480,0.9638,0,0,0,0
602.511,0.9638,0,0,0,0
602.546,0.9638,0,0,0,0
602.578,0.9638,0,0,0,0
602.613,0.9638,0,0,0,0
602.644,0.9638,0,0,0,0
602.679,0.9638,0,0,0,0
602.711,0.9638,0,0,0,0
602.744,0.9638,0,0,0,0
602.777,0.9638,0,0,0,0
602.812,0.9637,0,0,0,0
602.844,0.9637,0,0,0,0
602.880,0.9637,0,0,0,0
602.912,0.9637,0,0,0,0
602.944,0.9637,0,0,0,0
602.976,0.9637,0,0,0,0
603.013,0.9637,0,0,0,0
603.044,0.9637,0,0,0,0
603.076,0.9637,0,0,0,0
603.112,0.9637,0,0,0,0
603.145,0.9637,0,0,0,0
603.179,0.9637,0,0,0,0
603.212,0.9637,0,0,0,0
603.245,0.9637,0,0,0,0
603.278,0.9637,0,0,0,0
603.314,0.9637,0,0,0,0
603.345,0.9637,0,0,0,0
603.384,0.9637,0,0,0,0
603.410,0.9637,0,0,0,0
603.445,0.9637,0,0,0,0
603.480,0.9637,0,0,0,0
603.510,0.9637,0,0,0,0
603.543,0.9637,0,0,0,0
603.578,0.9637,0,0,0,0
603.608,0.9637,0,0,0,0
603.643,0.9637,0,0,0,0
603.677,0.9637,0,0,0,0
603.710,0.9637,0,0,0,0
603.743,0.9637,0,0,0,0
603.777,0.9637,0,0,0,0
603.810,0.9637,0,0,0,0
603.842,0.9637,0,0,0,0
603.880,0.9637,0,0,0,0
603.911,0.9637,0,0,0,0
603.947,0.9637,0,0,0,0
603.977,0.9637,0,0,0,0
604.013,0.9637,0,0,0,0
604.043,0.9637,0,0,0,0
604.079,0.9637,0,0,0,0
604.111,0.9637,0,0,0,0
604.145,0.9637,0,0,0,0
604.181,0.9637,0,0,0,0
604.211,0.9637,0,0,0,0
604.246,0.9637,0,0,0,0
604.276,0.9637,0,0,0,0
604.311,0.9637,0,0,0,0
604.344,0.9637,0,0,0,0
604.378,0.9637,0,0,0,0
604.410,0.9637,0,0,0,0
604.443,0.9637,0,0,0,0
604.480,0.9637,0,0,0,0
604.512,0.9637,0,0,0,0
604.542,0.9637,0,0,0,0
604.579,0.9637,0,0,0,0
604.610,0.9637,0,0,0,0
604.647,0.9637,0,0,0,0
604.678,0.9637,0,0,0,0
604.714,0.9637,0,0,0,0
604.745,0.9637,0,0,0,0
604.776,0.9637,0,0,0,0
604.814,0.9637,0,0,0,0
604.845,0.9637,0,0,0,0
604.878,0.9637,0,0,0,0
604.910,0.9637,0,0,0,0
604.943,0.9637,0,0,0,0
604.979,0.9637,0,0,0,0
605.011,0.9637,0,0,0,0
605.043,0.9637,0,0,0,0
605.080,0.9637,0,0,0,0
605.111,0.9637,0,0,0,0
605.144,0.9637,0,0,0,0
605.178,0.9637,0,0,0,0
605.211,0.9637,0,0,0,0
605.245,0.9637,0,0,0,0
605.280,0.9637,0,0,0,0
605.313,0.9637,0,0,0,0
605.345,0.9637,0,0,0,0
605.380,0.9637,0,0,0,0
605.412,0.9637,0,0,0,0
605.446,0.9637,0,0,0,0
605.482,0.9637,0,0,0,0
605.511,0.9637,0,0,0,0
605.546,0.9637,0,0,0,0
605.575,0.9637,0,0,0,0
605.613,0.9637,0,0,0,0
605.647,0.9637,0,0,0,0
605.678,0.9637,0,0,0,0
605.713,0.9637,0,0,0,0
605.751,0.9637,0,0,0,0
605.778,0.9637,0,0,0,0
605.812,0.9637,0,0,0,0
605.846,0.9637,0,0,0,0
605.881,0.9637,0,0,0,0
605.912,0.9637,0,0,0,0
605.943,0.9637,0,0,0,0
605.978,0.9637,0,0,0,0
606.009,0.9637,0,0,0,0
606.044,0.9637,0,0,0,0
606.081,0.9637,0,0,0,0
606.110,0.9637,0,0,0,0
606.146,0.9637,0,0,0,0
606.178,0.9637,0,0,0,0
606.211,0.9637,0,0,0,0
606.245,0.9637,0,0,0,0
606.279,0.9637,0,0,0,0
606.311,0.9637,0,0,0,0
606.348,0.9637,0,0,0,0
606.377,0.9637,0,0,0,0
606.412,0.9637,0,0,0,0
606.445,0.9637,0,0,0,0
606.477,0.9637,0,0,0,0
606.512,0.9637,0,0,0,0
606.546,0.9637,0,0,0,0
606.576,0.9637,0,0,0,0
606.614,0.9637,0,0,0,0
606.638,0.9637,0,0,0,0
606.679,0.9637,0,0,0,0
606.713,0.9637,0,0,0,0
606.743,0.9637,0,0,0,0
606.778,0.9637,0,0,0,0
606.812,0.9637,0,0,0,0
606.844,0.9637,0,0,0,0
606.880,0.9637,0,0,0,0
606.912,0.9637,0,0,0,0
606.944,0.9637,0,0,0,0
606.981,0.9637,0,0,0,0
607.012,0.9637,0,0,0,0
607.046,0.9637,0,0,0,0
607.080,0.9637,0,0,0,0
607.120,0.9637,0,0,0,0
607.137,0.9637,0,0,0,0
607.178,0.9637,0,0,0,0
607.210,0.9637,0,0,0,0
607.245,0.9637,0,0,0,0
607.279,0.9637,0,0,0,0
607.313,0.9637,0,0,0,0
607.345,0.9637,0,0,0,0
607.381,0.9637,0,0,0,0
607.410,0.9637,0,0,0,0
607.445,0.9637,0,0,0,0
607.477,0.9637,0,0,0,0
607.511,0.9637,0,0,0,0
607.547,0.9637,0,0,0,0
607.580,0.9637,0,0,0,0
607.612,0.9637,0,0,0,0
607.645,0.9637,0,0,0,0
607.678,0.9637,0,0,0,0
607.713,0.9637,0,0,0,0
607.743,0.9637,0,0,0,0
607.777,0.9637,0,0,0,0
607.810,0.9637,0,0,0,0
607.847,0.9637,0,0,0,0
607.881,0.9637,0,0,0,0
607.912,0.9637,0,0,0,0
607.947,0.9637,0,0,0,0
607.980,0.9637,0,0,0,0
608.011,0.9637,0,0,0,0
608.047,0.9637,0,0,0,0
608.077,0.9637,0,0,0,0
608.113,0.9637,0,0,0,0
608.146,0.9637,0,0,0,0
608.178,0.9637,0,0,0,0
608.212,0.9637,0,0,0,0
608.247,0.9637,0,0,0,0
608.278,0.9637,0,0,0,0
608.312,0.9637,0,0,0,0
608.345,0.9637,0,0,0,0
608.376,0.9637,0,0,0,0
608.409,0.9637,0,0,0,0
608.437,0.9637,0,0,0,0
608.479,0.9637,0,0,0,0
608.514,0.9637,0,0,0,0
608.546,0.9637,0,0,0,0
608.576,0.9637,0,0,0,0
608.609,0.9637,0,0,0,0
608.644,0.9637,0,0,0,0
608.681,0.9637,0,0,0,0
608.704,0.9637,0,0,0,0
608.745,0.9637,0,0,0,0
608.780,0.9637,0,0,0,0
608.813,0.9637,0,0,0,0
608.848,0.9637,0,0,0,0
608.879,0.9637,0,0,0,0
608.913,0.9637,0,0,0,0
608.935,0.9637,0,0,0,0
608.978,0.9637,0,0,0,0
609.002,0.9637,0,0,0,0
609.047,0.9637,0,0,0,0
609.078,0.9637,0,0,0,0
609.111,0.9637,0,0,0,0
609.145,0.9637,0,0,0,0
609.179,0.9637,0,0,0,0
609.209,0.9637,0,0,0,0
609.246,0.9637,0,0,0,0
609.278,0.9637,0,0,0,0
609.312,0.9637,0,0,0,0
609.343,0.9637,0,0,0,0
609.376,0.9637,0,0,0,0
609.411,0.9637,0,0,0,0
609.444,0.9637,0,0,0,0
609.480,0.9637,0,0,0,0
609.513,0.9637,0,0,0,0
609.547,0.9637,0,0,0,0
609.577,0.9637,0,0,0,0
609.613,0.9637,0,0,0,0
609.643,0.9637,0,0,0,0
609.677,0.9637,0,0,0,0
609.710,0.9637,0,0,0,0
609.748,0.9637,0,0,0,0
609.780,0.9637,0,0,0,0
609.813,0.9637,0,0,0,0
609.834,0.9637,0,0,0,0
609.877,0.9637,0,0,0,0
609.911,0.9637,0,0,0,0
609.944,0.9637,0,0,0,0
609.977,0.9637,0,0,0,0
610.013,0.9637,0,0,0,0
610.046,0.9637,0,0,0,0
610.078,0.9637,0,0,0,0
610.113,0.9637,0,0,0,0
610.144,0.9637,0,0,0,0
610.180,0.9637,0,0,0,0
610.213,0.9637,0,0,0,0
610.246,0.9637,0,0,0,0
610.280,0.9637,0,0,0,0
610.311,0.9637,0,0,0,0
610.347,0.9637,0,0,0,0
610.380,0.9637,0,0,0,0
610.412,0.9637,0,0,0,0
610.444,0.9637,0,0,0,0
610.478,0.9637,0,0,0,0
610.511,0.9637,0,0,0,0
610.542,0.9637,0,0,0,0
610.580,0.9637,0,0,0,0
610.613,0.9637,0,0,0,0
610.643,0.9637,0,0,0,0
610.671,0.9637,0,0,0,0
610.715,0.9637,0,0,0,0
610.745,0.9637,0,0,0,0
610.778,0.9637,0,0,0,0
610.813,0.9637,0,0,0,0
610.844,0.9637,0,0,0,0
610.876,0.9637,0,0,0,0
610.910,0.9637,0,0,0,0
610.945,0.9637,0,0,0,0
610.979,0.9637,0,0,0,0
611.012,0.9637,0,0,0,0
611.047,0.9637,0,0,0,0
611.080,0.9637,0,0,0,0
611.113,0.9637,0,0,0,0
611.135,0.9637,0,0,0,0
611.176,0.9637,0,0,0,0
611.208,0.9637,0,0,0,0
611.245,0.9637,0,0,0,0
611.277,0.9637,0,0,0,0
611.311,0.9637,0,0,0,0
611.344,0.9637,0,0,0,0
611.379,0.9637,0,0,0,0
611.410,0.9637,0,0,0,0
611.446,0.9637,0,0,0,0
611.481,0.9637,0,0,0,0
611.513,0.9637,0,0,0,0
611.546,0.9637,0,0,0,0
611.578,0.9637,0,0,0,0
611.613,0.9637,0,0,0,0
611.643,0.9637,0,0,0,0
611.679,0.9637,0,0,0,0
611.714,0.9637,0,0,0,0
611.746,0.9637,0,0,0,0
611.780,0.9637,0,0,0,0
611.810,0.9637,0,0,0,0
611.846,0.9637,0,0,0,0
611.877,0.9637,0,0,0,0
611.914,0.9637,0,0,0,0
611.944,0.9637,0,0,0,0
611.980,0.9637,0,0,0,0
612.009,0.9637,0,0,0,0
612.045,0.9637,0,0,0,0
612.081,0.9637,0,0,0,0
612.110,0.9637,0,0,0,0
612.147,0.9637,0,0,0,0
612.180,0.9637,0,0,0,0
612.211,0.9637,0,0,0,0
612.243,0.9637,0,0,0,0
612.277,0.9637,0,0,0,0
612.310,0.9637,0,0,0,0
612.345,0.9637,0,0,0,0
612.380,0.9637,0,0,0,0
612.413,0.9637,0,0,0,0
612.446,0.9637,0,0,0,0
612.477,0.9637,0,0,0,0
612.512,0.9637,0,0,0,0
612.544,0.9637,0,0,0,0
612.579,0.9637,0,0,0,0
612.613,0.9637,0,0,0,0
612.645,0.9637,0,0,0,0
612.678,0.9637,0,0,0,0
612.709,0.9637,0,0,0,0
612.746,0.9637,0,0,0,0
612.779,0.9637,0,0,0,0
612.811,0.9637,0,0,0,0
612.846,0.9637,0,0,0,0
612.879,0.9637,0,0,0,0
612.913,0.9637,0,0,0,0
612.947,0.9637,0,0,0,0
612.978,0.9637,0,0,0,0
613.014,0.9637,0,0,0,0
613.045,0.9637,0,0,0,0
613.078,0.9637,0,0,0,0
613.110,0.9637,0,0,0,0
613.144,0.9637,0,0,0,0
613.177,0.9637,0,0,0,0
613.212,0.9637,0,0,0,0
613.246,0.9637,0,0,0,0
613.280,0.9637,0,0,0,0
613.313,0.9637,0,0,0,0
613.346,0.9637,0,0,0,0
613.376,0.9637,0,0,0,0
613.413,0.9637,0,0,0,0
613.446,0.9637,0,0,0,0
613.480,0.9637,0,0,0,0
613.514,0.9637,0,0,0,0
613.547,0.9637,0,0,0,0
613.578,0.9637,0,0,0,0
613.614,0.9637,0,0,0,0
613.646,0.9637,0,0,0,0
613.682,0.9637,0,0,0,0
613.713,0.9637,0,0,0,0
613.744,0.9637,0,0,0,0
613.777,0.9637,0,0,0,0
613.813,0.9637,0,0,0,0
613.843,0.9637,0,0,0,0
613.881,0.9637,0,0,0,0
613.915,0.9637,0,0,0,0
613.944,0.9637,0,0,0,0
613.980,0.9637,0,0,0,0
614.010,0.9637,0,0,0,0
614.044,0.9637,0,0,0,0
614.077,0.9637,0,0,0,0
614.110,0.9637,0,0,0,0
614.145,0.9637,0,0,0,0
614.180,0.9637,0,0,0,0
614.213,0.9637,0,0,0,0
614.244,0.9637,0,0,0,0
614.277,0.9637,0,0,0,0
614.312,0.9637,0,0,0,0
614.346,0.9637,0,0,0,0
614.379,0.9637,0,0,0,0
614.413,0.9637,0,0,0,0
614.446,0.9637,0,0,0,0
614.480,0.9637,0,0,0,0
614.511,0.9637,0,0,0,0
614.546,0.9637,0,0,0,0
614.579,0.9637,0,0,0,0
614.610,0.9637,0,0,0,0
614.643,0.9637,0,0,0,0
614.679,0.9637,0,0,0,0
614.714,0.9637,0,0,0,0
614.743,0.9637,0,0,0,0
614.778,0.9637,0,0,0,0
614.814,0.9637,0,0,0,0
614.846,0.9637,0,0,0,0
614.880,0.9637,0,0,0,0
614.910,0.9637,0,0,0,0
614.944,0.9637,0,0,0,0
614.977,0.9637,0,0,0,0
615.012,0.9637,0,0,0,0
615.046,0.9637,0,0,0,0
615.081,0.9637,0,0,0,0
615.110,0.9637,0,0,0,0
615.146,0.9637,0,0,0,0
615.176,0.9637,0,0,0,0
615.213,0.9637,0,0,0,0
615.245,0.9637,0,0,0,0
615.280,0.9637,0,0,0,0
615.318,0.9637,0,0,0,0
615.335,0.9637,0,0,0,0
615.376,0.9637,0,0,0,0
615.413,0.9637,0,0,0,0
615.443,0.9637,0,0,0,0
615.477,0.9637,0,0,0,0
615.511,0.9637,0,0,0,0
615.544,0.9637,0,0,0,0
615.578,0.9637,0,0,0,0
615.613,0.9637,0,0,0,0
615.645,0.9637,0,0,0,0
615.678,0.9637,0,0,0,0
615.713,0.9637,0,0,0,0
615.748,0.9637,0,0,0,0
615.781,0.9637,0,0,0,0
615.813,0.9637,0,0,0,0
615.843,0.9637,0,0,0,0
615.877,0.9637,0,0,0,0
615.912,0.9637,0,0,0,0
615.945,0.9637,0,0,0,0
615.979,0.9637,0,0,0,0
616.014,0.9637,0,0,0,0
616.043,0.9637,0,0,0,0
616.076,0.9637,0,0,0,0
616.112,0.9637,0,0,0,0
616.146,0.9637,0,0,0,0
616.179,0.9637,0,0,0,0
616.213,0.9637,0,0,0,0
616.246,0.9637,0,0,0,0
616.279,0.9637,0,0,0,0
616.310,0.9637,0,0,0,0
616.347,0.9637,0,0,0,0
616.381,0.9637,0,0,0,0
616.404,0.9637,0,0,0,0
616.448,0.9637,0,0,0,0
616.470,0.9637,0,0,0,0
616.515,0.9637,0,0,0,0
616.540,0.9637,0,0,0,0
616.577,0.9637,0,0,0,0
616.614,0.9637,0,0,0,0
616.646,0.9637,0,0,0,0
616.681,0.9637,0,0,0,0
616.703,0.9637,0,0,0,0
616.746,0.9637,0,0,0,0
616.780,0.9637,0,0,0,0
616.811,0.9637,0,0,0,0
616.848,0.9637,0,0,0,0
616.878,0.9637,0,0,0,0
616.913,0.9637,0,0,0,0
616.937,0.9637,0,0,0,0
616.979,0.9637,0,0,0,0
617.011,0.9637,0,0,0,0
617.049,0.9637,0,0,0,0
617.075,0.9637,0,0,0,0
617.115,0.9637,0,0,0,0
617.150,0.9637,0,0,0,0
617.185,0.9637,0,0,0,0
617.215,0.9637,0,0,0,0
617.255,0.9637,0,0,0,0
617.278,0.9637,0,0,0,0
617.322,0.9637,0,0,0,0
617.347,0.9637,0,0,0,0
617.387,0.9637,0,0,0,0
617.420,0.9637,0,0,0,0
617.451,0.9637,0,0,0,0
617.481,0.9637,0,0,0,0
617.515,0.9637,0,0,0,0
617.551,0.9637,0,0,0,0
617.583,0.9637,0,0,0,0
617.621,0.9637,0,0,0,0
617.641,0.9637,0,0,0,0
617.685,0.9637,0,0,0,0
617.712,0.9637,0,0,0,0
617.751,0.9637,0,0,0,0
617.785,0.9637,0,0,0,0
617.815,0.9637,0,0,0,0
617.848,0.9637,0,0,0,0
617.880,0.9637,0,0,0,0
617.923,0.9637,0,0,0,0
617.944,0.9637,0,0,0,0
617.983,0.9637,0,0,0,0
618.016,0.9637,0,0,0,0
618.050,0.9637,0,0,0,0
618.080,0.9637,0,0,0,0
618.117,0.9637,0,0,0,0
618.149,0.9637,0,0,0,0
618.182,0.9637,0,0,0,0
618.213,0.9637,0,0,0,0
618.250,0.9637,0,0,0,0
618.281,0.9637,0,0,0,0
618.317,0.9637,0,0,0,0
618.351,0.9637,0,0,0,0
618.381,0.9637,0,0,0,0
618.414,0.9637,0,0,0,0
618.447,0.9637,0,0,0,0
618.485,0.9637,0,0,0,0
618.506,0.9637,0,0,0,0
618.552,0.9637,0,0,0,0
618.577,0.9637,0,0,0,0
618.615,0.9637,0,0,0,0
618.657,0.9637,0,0,0,0
618.684,0.9637,0,0,0,0
618.719,0.9637,0,0,0,0
618.747,0.9637,0,0,0,0
618.783,0.9637,0,0,0,0
618.815,0.9637,0,0,0,0
618.848,0.9637,0,0,0,0
618.881,0.9637,0,0,0,0
618.917,0.9637,0,0,0,0
618.951,0.9637,0,0,0,0
618.982,0.9637,0,0,0,0
619.013,0.9637,0,0,0,0
619.047,0.9637,0,0,0,0
619.073,0.9637,0,0,0,0
619.119,0.9637,0,0,0,0
619.145,0.9637,0,0,0,0
619.188,0.9637,0,0,0,0
619.211,0.9637,0,0,0,0
619.251,0.9637,0,0,0,0
619.281,0.9637,0,0,0,0
619.316,0.9637,0,0,0,0
619.352,0.9637,0,0,0,0
619.372,0.9637,0,0,0,0
619.416,0.9637,0,0,0,0
619.450,0.9637,0,0,0,0
619.481,0.9637,0,0,0,0
619.518,0.9637,0,0,0,0
619.547,0.9637,0,0,0,0
619.583,0.9637,0,0,0,0
619.615,0.9637,0,0,0,0
619.653,0.9637,0,0,0,0
619.677,0.9637,0,0,0,0
619.714,0.9637,0,0,0,0
619.751,0.9637,0,0,0,0
619.782,0.9637,0,0,0,0
619.818,0.9637,0,0,0,0
619.850,0.9637,0,0,0,0
619.881,0.9637,0,0,0,0
619.915,0.9637,0,0,0,0
619.949,0.9637,0,0,0,0
619.985,0.9637,0,0,0,0
620.016,0.9637,0,0,0,0
620.050,0.9637,0,0,0,0
620.082,0.9637,0,0,0,0
620.113,0.9637,0,0,0,0
620.148,0.9637,0,0,0,0
620.183,0.9637,0,0,0,0
620.217,0.9637,0,0,0,0
620.247,0.9637,0,0,0,0
620.283,0.9637,0,0,0,0
620.316,0.9637,0,0,0,0
620.350,0.9637,0,0,0,0
620.382,0.9637,0,0,0,0
620.416,0.9637,0,0,0,0
620.449,0.9637,0,0,0,0
620.481,0.9637,0,0,0,0
620.520,0.9637,0,0,0,0
620.540,0.9637,0,0,0,0
620.583,0.9637,0,0,0,0
620.618,0.9637,0,0,0,0
620.652,0.9637,0,0,0,0
620.682,0.9637,0,0,0,0
620.715,0.9637,0,0,0,0
620.747,0.9637,0,0,0,0
620.783,0.9637,0,0,0,0
620.816,0.9637,0,0,0,0
620.847,0.9637,0,0,0,0
620.880,0.9637,0,0,0,0
620.916,0.9637,0,0,0,0
620.952,0.9637,0,0,0,0
620.986,0.9637,0,0,0,0
621.014,0.9637,0,0,0,0
621.049,0.9637,0,0,0,0
621.083,0.9637,0,0,0,0
621.117,0.9637,0,0,0,0
621.152,0.9637,0,0,0,0
621.173,0.9637,0,0,0,0
621.215,0.9637,0,0,0,0
621.247,0.9637,0,0,0,0
621.280,0.9637,0,0,0,0
621.317,0.9637,0,0,0,0
621.351,0.9637,0,0,0,0
621.382,0.9637,0,0,0,0
621.419,0.9637,0,0,0,0
621.450,0.9637,0,0,0,0
621.483,0.9637,0,0,0,0
621.518,0.9637,0,0,0,0
621.548,0.9637,0,0,0,0
621.585,0.9637,0,0,0,0
621.609,0.9637,0,0,0,0
621.652,0.9637,0,0,0,0
621.677,0.9637,0,0,0,0
621.714,0.9637,0,0,0,0
621.745,0.9637,0,0,0,0
621.781,0.9637,0,0,0,0
621.815,0.9637,0,0,0,0
621.851,0.9637,0,0,0,0
621.881,0.9637,0,0,0,0
621.916,0.9637,0,0,0,0
621.948,0.9637,0,0,0,0
621.983,0.9637,0,0,0,0
622.016,0.9637,0,0,0,0
622.052,0.9637,0,0,0,0
622.073,0.9637,0,0,0,0
622.119,0.9637,0,0,0,0
622.144,0.9637,0,0,0,0
622.186,0.9637,0,0,0,0
622.209,0.9637,0,0,0,0
622.250,0.9637,0,0,0,0
622.281,0.9637,0,0,0,0
622.315,0.9637,0,0,0,0
622.350,0.9637,0,0,0,0
622.384,0.9637,0,0,0,0
622.416,0.9637,0,0,0,0
622.452,0.9637,0,0,0,0
622.475,0.9637,0,0,0,0
622.515,0.9637,0,0,0,0
622.549,0.9637,0,0,0,0
622.583,0.9637,0,0,0,0
622.614,0.9637,0,0,0,0
622.647,0.9637,0,0,0,0
622.682,0.9637,0,0,0,0
622.716,0.9637,0,0,0,0
622.749,0.9637,0,0,0,0
622.781,0.9637,0,0,0,0
622.820,0.9637,0,0,0,0
622.849,0.9637,0,0,0,0
622.887,0.9637,0,0,0,0
622.916,0.9637,0,0,0,0
622.949,0.9637,0,0,0,0
622.980,0.9637,0,0,0,0
623.022,0.9637,0,0,0,0
623.048,0.9637,0,0,0,0
623.082,0.9637,0,0,0,0
623.118,0.9637,0,0,0,0
623.151,0.9637,0,0,0,0
623.182,0.9637,0,0,0,0
623.217,0.9637,0,0,0,0
623.251,0.9637,0,0,0,0
623.282,0.9637,0,0,0,0
623.314,0.9637,0,0,0,0
623.350,0.9637,0,0,0,0
623.385,0.9637,0,0,0,0
623.414,0.9637,0,0,0,0
623.451,0.9637,0,0,0,0
623.472,0.9637,0,0,0,0
623.517,0.9637,0,0,0,0
623.552,0.9637,0,0,0,0
623.581,0.9637,0,0,0,0
623.615,0.9637,0,0,0,0
623.651,0.9637,0,0,0,0
623.683,0.9637,0,0,0,0
623.719,0.9637,0,0,0,0
623.747,0.9637,0,0,0,0
623.783,0.9637,0,0,0,0
623.818,0.9637,0,0,0,0
623.850,0.9637,0,0,0,0
623.881,0.9637,0,0,0,0
623.916,0.9637,0,0,0,0
623.952,0.9637,0,0,0,0
623.973,0.9637,0,0,0,0
624.014,0.9637,0,0,0,0
624.053,0.9637,0,0,0,0
624.086,0.9637,0,0,0,0
624.117,0.9637,0,0,0,0
624.148,0.9637,0,0,0,0
624.182,0.9637,0,0,0,0
624.216,0.9637,0,0,0,0
624.249,0.9637,0,0,0,0
624.286,0.9637,0,0,0,0
624.318,0.9637,0,0,0,0
624.348,0.9637,0,0,0,0
624.381,0.9637,0,0,0,0
624.414,0.9637,0,0,0,0
624.451,0.9637,0,0,0,0
624.477,0.9637,0,0,0,0
624.517,0.9637,0,0,0,0
624.552,0.9637,0,0,0,0
624.573,0.9637,0,0,0,0
624.619,0.9637,0,0,0,0
624.648,0.9637,0,0,0,0
624.683,0.9637,0,0,0,0
624.716,0.9637,0,0,0,0
624.750,0.9637,0,0,0,0
624.783,0.9637,0,0,0,0
624.817,0.9637,0,0,0,0
624.853,0.9637,0,0,0,0
624.876,0.9637,0,0,0,0
624.916,0.9637,0,0,0,0
624.951,0.9637,0,0,0,0
624.984,0.9637,0,0,0,0
625.018,0.9637,0,0,0,0
625.049,0.9637,0,0,0,0
625.081,0.9637,0,0,0,0
625.114,0.9637,0,0,0,0
625.151,0.9637,0,0,0,0
625.186,0.9637,0,0,0,0
625.215,0.9637,0,0,0,0
625.247,0.9637,0,0,0,0
625.282,0.9637,0,0,0,0
625.316,0.9637,0,0,0,0
625.350,0.9637,0,0,0,0
625.381,0.9637,0,0,0,0
625.414,0.9637,0,0,0,0
625.451,0.9637,0,0,0,0
625.483,0.9637,0,0,0,0
625.514,0.9637,0,0,0,0
625.550,0.9637,0,0,0,0
625.583,0.9637,0,0,0,0
625.621,0.9637,0,0,0,0
625.651,0.9637,0,0,0,0
625.684,0.9637,0,0,0,0
625.715,0.9637,0,0,0,0
625.751,0.9637,0,0,0,0
625.785,0.9637,0,0,0,0
625.812,0.9637,0,0,0,0
625.848,0.9637,0,0,0,0
625.885,0.9637,0,0,0,0
625.914,0.9637,0,0,0,0
625.948,0.9637,0,0,0,0
625.984,0.9637,0,0,0,0
626.016,0.9637,0,0,0,0
626.052,0.9637,0,0,0,0
626.081,0.9637,0,0,0,0
626.115,0.9637,0,0,0,0
626.151,0.9637,0,0,0,0
626.182,0.9637,0,0,0,0
626.213,0.9637,0,0,0,0
626.248,0.9637,0,0,0,0
626.284,0.9637,0,0,0,0
626.317,0.9637,0,0,0,0
626.352,0.9637,0,0,0,0
626.384,0.9637,0,0,0,0
626.417,0.9637,0,0,0,0
626.449,0.9637,0,0,0,0
626.482,0.9637,0,0,0,0
626.517,0.9637,0,0,0,0
626.549,0.9637,0,0,0,0
626.582,0.9637,0,0,0,0
626.619,0.9637,0,0,0,0
626.650,0.9637,0,0,0,0
626.680,0.9637,0,0,0,0
626.717,0.9637,0,0,0,0
626.749,0.9637,0,0,0,0
626.783,0.9637,0,0,0,0
626.815,0.9637,0,0,0,0
626.850,0.9637,0,0,0,0
626.884,0.9637,0,0,0,0
626.921,0.9637,0,0,0,0
626.950,0.9637,0,0,0,0
626.982,0.9637,0,0,0,0
627.019,0.9637,0,0,0,0
627.050,0.9637,0,0,0,0
627.081,0.9637,0,0,0,0
627.119,0.9637,0,0,0,0
627.147,0.9637,0,0,0,0
627.183,0.9637,0,0,0,0
627.218,0.9637,0,0,0,0
627.246,0.9637,0,0,0,0
627.283,0.9637,0,0,0,0
627.317,0.9637,0,0,0,0
627.348,0.9637,0,0,0,0
627.383,0.9637,0,0,0,0
627.417,0.9637,0,0,0,0
627.448,0.9637,0,0,0,0
627.482,0.9637,0,0,0,0
627.509,0.9637,0,0,0,0
627.548,0.9637,0,0,0,0
627.581,0.9637,0,0,0,0
627.621,0.9637,0,0,0,0
627.650,0.9637,0,0,0,0
627.680,0.9637,0,0,0,0
627.716,0.9637,0,0,0,0
627.749,0.9637,0,0,0,0
627.781,0.9637,0,0,0,0
627.814,0.9637,0,0,0,0
627.852,0.9637,0,0,0,0
627.876,0.9637,0,0,0,0
627.915,0.9637,0,0,0,0
627.941,0.9637,0,0,0,0
627.986,0.9637,0,0,0,0
628.015,0.9637,0,0,0,0
628.053,0.9637,0,0,0,0
628.083,0.9637,0,0,0,0
628.116,0.9637,0,0,0,0
628.151,0.9637,0,0,0,0
628.186,0.9637,0,0,0,0
628.224,0.9637,0,0,0,0
628.254,0.9637,0,0,0,0
628.285,0.9637,0,0,0,0
628.317,0.9637,0,0,0,0
628.356,0.9637,0,0,0,0
628.389,0.9637,0,0,0,0
628.420,0.9637,0,0,0,0
628.453,0.9637,0,0,0,0
628.488,0.9637,0,0,0,0
628.520,0.9637,0,0,0,0
628.556,0.9637,0,0,0,0
628.590,0.9637,0,0,0,0
628.620,0.9637,0,0,0,0
628.656,0.9637,0,0,0,0
628.688,0.9637,0,0,0,0
628.719,0.9637,0,0,0,0
628.757,0.9637,0,0,0,0
628.787,0.9637,0,0,0,0
628.823,0.9637,0,0,0,0
628.852,0.9637,0,0,0,0
628.888,0.9637,0,0,0,0
628.919,0.9637,0,0,0,0
628.956,0.9637,0,0,0,0
628.989,0.9637,0,0,0,0
629.019,0.9637,0,0,0,0
629.058,0.9637,0,0,0,0
629.081,0.9637,0,0,0,0
629.120,0.9637,0,0,0,0
629.153,0.9637,0,0,0,0
629.185,0.9637,0,0,0,0
629.219,0.9637,0,0,0,0
629.254,0.9637,0,0,0,0
629.286,0.9637,0,0,0,0
629.322,0.9637,0,0,0,0
629.351,0.9637,0,0,0,0
629.388,0.9637,0,0,0,0
629.412,0.9637,0,0,0,0
629.452,0.9637,0,0,0,0
629.491,0.9637,0,0,0,0
629.515,0.9637,0,0,0,0
629.556,0.9637,0,0,0,0
629.578,0.9637,0,0,0,0
629.621,0.9637,0,0,0,0
629.656,0.9637,0,0,0,0
629.686,0.9637,0,0,0,0
629.720,0.9637,0,0,0,0
629.753,0.9637,0,0,0,0
629.786,0.9637,0,0,0,0
629.819,0.9637,0,0,0,0
629.855,0.9637,0,0,0,0
629.889,0.9637,0,0,0,0
629.922,0.9637,0,0,0,0
629.956,0.9637,0,0,0,0
629.990,0.9637,0,0,0,0
630.020,0.9637,0,0,0,0
630.056,0.9637,0,0,0,0
630.085,0.9637,0,0,0,0
630.123,0.9637,0,0,0,0
630.145,0.9637,0,0,0,0
630.189,0.9637,0,0,0,0
630.224,0.9637,0,0,0,0
630.253,0.9637,0,0,0,0
630.289,0.9637,0,0,0,0
630.319,0.9637,0,0,0,0
630.353,0.9637,0,0,0,0
630.388,0.9637,0,0,0,0
630.420,0.9637,0,0,0,0
630.452,0.9637,0,0,0,0
630.485,0.9637,0,0,0,0
630.522,0.9637,0,0,0,0
630.554,0.9637,0,0,0,0
630.588,0.9637,0,0,0,0
630.616,0.9637,0,0,0,0
630.656,0.9637,0,0,0,0
630.684,0.9637,0,0,0,0
630.720,0.9637,0,0,0,0
630.751,0.9637,0,0,0,0
630.787,0.9637,0,0,0,0
630.814,0.9637,0,0,0,0
630.855,0.9637,0,0,0,0
630.885,0.9637,0,0,0,0
630.923,0.9637,0,0,0,0
630.955,0.9637,0,0,0,0
630.987,0.9637,0,0,0,0
631.021,0.9637,0,0,0,0
631.044,0.9637,0,0,0,0
631.086,0.9637,0,0,0,0
631.121,0.9637,0,0,0,0
631.155,0.9637,0,0,0,0
631.189,0.9637,0,0,0,0
631.222,0.9637,0,0,0,0
631.253,0.9637,0,0,0,0
631.289,0.9637,0,0,0,0
631.322,0.9637,0,0,0,0
631.355,0.9637,0,0,0,0
631.388,0.9637,0,0,0,0
631.419,0.9637,0,0,0,0
631.455,0.9637,0,0,0,0
631.488,0.9637,0,0,0,0
631.511,0.9637,0,0,0,0
631.553,0.9637,0,0,0,0
631.585,0.9637,0,0,0,0
631.619,0.9637,0,0,0,0
631.653,0.9637,0,0,0,0
631.689,0.9637,0,0,0,0
631.720,0.9637,0,0,0,0
631.753,0.9637,0,0,0,0
631.787,0.9637,0,0,0,0
631.821,0.9637,0,0,0,0
631.855,0.9637,0,0,0,0
631.888,0.9637,0,0,0,0
631.921,0.9637,0,0,0,0
631.952,0.9637,0,0,0,0
631.988,0.9637,0,0,0,0
632.019,0.9637,0,0,0,0
632.055,0.9637,0,0,0,0
632.086,0.9637,0,0,0,0
632.120,0.9637,0,0,0,0
632.155,0.9637,0,0,0,0
632.188,0.9637,0,0,0,0
632.219,0.9637,0,0,0,0
632.253,0.9637,0,0,0,0
632.286,0.9637,0,0,0,0
632.322,0.9637,0,0,0,0
632.354,0.9637,0,0,0,0
632.389,0.9637,0,0,0,0
632.418,0.9637,0,0,0,0
632.457,0.9637,0,0,0,0
632.486,0.9637,0,0,0,0
632.519,0.9637,0,0,0,0
632.555,0.9637,0,0,0,0
632.585,0.9637,0,0,0,0
632.624,0.9637,0,0,0,0
632.653,0.9637,0,0,0,0
632.688,0.9637,0,0,0,0
632.719,0.9637,0,0,0,0
632.753,0.9637,0,0,0,0
632.787,0.9637,0,0,0,0
632.822,0.9637,0,0,0,0
632.852,0.9637,0,0,0,0
632.885,0.9637,0,0,0,0
632.919,0.9637,0,0,0,0
632.954,0.9637,0,0,0,0
632.987,0.9637,0,0,0,0
633.021,0.9637,0,0,0,0
633.055,0.9637,0,0,0,0
633.087,0.9637,0,0,0,0
633.120,0.9637,0,0,0,0
633.154,0.9637,0,0,0,0
633.189,0.9637,0,0,0,0
633.221,0.9636,0,0,0,0
633.253,0.9636,0,0,0,0
633.289,0.9636,0,0,0,0
633.323,0.9636,0,0,0,0
633.354,0.9636,0,0,0,0
633.387,0.9636,0,0,0,0
633.419,0.9636,0,0,0,0
633.454,0.9636,0,0,0,0
633.487,0.9636,0,0,0,0
633.521,0.9636,0,0,0,0
633.553,0.9636,0,0,0,0
633.587,0.9636,0,0,0,0
633.619,0.9636,0,0,0,0
633.656,0.9636,0,0,0,0
633.688,0.9636,0,0,0,0
633.720,0.9636,0,0,0,0
633.753,0.9636,0,0,0,0
633.786,0.9636,0,0,0,0
633.821,0.9636,0,0,0,0
633.852,0.9636,0,0,0,0
633.890,0.9636,0,0,0,0
633.920,0.9636,0,0,0,0
633.954,0.9636,0,0,0,0
633.988,0.9636,0,0,0,0
634.019,0.9636,0,0,0,0
634.054,0.9636,0,0,0,0
634.087,0.9636,0,0,0,0
634.121,0.9636,0,0,0,0
634.155,0.9636,0,0,0,0
634.187,0.9636,0,0,0,0
634.222,0.9636,0,0,0,0
634.254,0.9636,0,0,0,0
634.286,0.9636,0,0,0,0
634.322,0.9636,0,0,0,0
634.353,0.9636,0,0,0,0
634.385,0.9636,0,0,0,0
634.422,0.9636,0,0,0,0
634.455,0.9636,0,0,0,0
634.488,0.9636,0,0,0,0
634.520,0.9636,0,0,0,0
634.557,0.9636,0,0,0,0
634.589,0.9636,0,0,0,0
634.619,0.9636,0,0,0,0
634.655,0.9636,0,0,0,0
634.688,0.9636,0,0,0,0
634.719,0.9636,0,0,0,0
634.755,0.9636,0,0,0,0
634.786,0.9636,0,0,0,0
634.823,0.9636,0,0,0,0
634.854,0.9636,0,0,0,0
634.888,0.9636,0,0,0,0
634.919,0.9636,0,0,0,0
634.952,0.9636,0,0,0,0
634.989,0.9636,0,0,0,0
635.022,0.9636,0,0,0,0
635.054,0.9636,0,0,0,0
635.088,0.9636,0,0,0,0
635.121,0.9636,0,0,0,0
635.156,0.9636,0,0,0,0
635.189,0.9636,0,0,0,0
635.222,0.9636,0,0,0,0
635.254,0.9636,0,0,0,0
635.286,0.9636,0,0,0,0
635.323,0.9636,0,0,0,0
635.353,0.9636,0,0,0,0
635.389,0.9636,0,0,0,0
635.422,0.9636,0,0,0,0
635.453,0.9636,0,0,0,0
635.486,0.9636,0,0,0,0
635.519,0.9636,0,0,0,0
635.552,0.9636,0,0,0,0
635.586,0.9636,0,0,0,0
635.620,0.9636,0,0,0,0
635.653,0.9636,0,0,0,0
635.686,0.9636,0,0,0,0
635.721,0.9636,0,0,0,0
635.753,0.9636,0,0,0,0
635.787,0.9636,0,0,0,0
635.822,0.9636,0,0,0,0
635.852,0.9636,0,0,0,0
635.888,0.9636,0,0,0,0
635.919,0.9636,0,0,0,0
635.953,0.9636,0,0,0,0
635.989,0.9636,0,0,0,0
636.022,0.9636,0,0,0,0
636.056,0.9636,0,0,0,0
636.087,0.9636,0,0,0,0
636.122,0.9636,0,0,0,0
636.152,0.9636,0,0,0,0
636.190,0.9636,0,0,0,0
636.218,0.9636,0,0,0,0
636.256,0.9636,0,0,0,0
636.289,0.9636,0,0,0,0
636.321,0.9636,0,0,0,0
636.353,0.9636,0,0,0,0
636.387,0.9636,0,0,0,0
636.421,0.9636,0,0,0,0
636.455,0.9636,0,0,0,0
636.487,0.9636,0,0,0,0
636.519,0.9636,0,0,0,0
636.554,0.9636,0,0,0,0
636.589,0.9636,0,0,0,0
636.620,0.9636,0,0,0,0
636.656,0.9636,0,0,0,0
636.689,0.9636,0,0,0,0
636.722,0.9636,0,0,0,0
636.755,0.9636,0,0,0,0
636.788,0.9636,0,0,0,0
636.822,0.9636,0,0,0,0
636.854,0.9636,0,0,0,0
636.890,0.9636,0,0,0,0
636.921,0.9636,0,0,0,0
636.953,0.9636,0,0,0,0
636.989,0.9636,0,0,0,0
637.019,0.9636,0,0,0,0
637.054,0.9636,0,0,0,0
637.087,0.9636,0,0,0,0
637.122,0.9636,0,0,0,0
637.153,0.9636,0,0,0,0
637.189,0.9636,0,0,0,0
637.222,0.9636,0,0,0,0
637.254,0.9636,0,0,0,0
637.286,0.9636,0,0,0,0
637.319,0.9636,0,0,0,0
637.355,0.9636,0,0,0,0
637.388,0.9636,0,0,0,0
637.420,0.9636,0,0,0,0
637.454,0.9636,0,0,0,0
637.489,0.9636,0,0,0,0
637.519,0.9636,0,0,0,0
637.554,0.9636,0,0,0,0
637.588,0.9636,0,0,0,0
637.625,0.9636,0,0,0,0
637.655,0.9636,0,0,0,0
637.686,0.9636,0,0,0,0
637.721,0.9636,0,0,0,0
637.755,0.9636,0,0,0,0
637.789,0.9636,0,0,0,0
637.820,0.9636,0,0,0,0
637.854,0.9636,0,0,0,0
637.886,0.9636,0,0,0,0
637.923,0.9636,0,0,0,0
637.953,0.9636,0,0,0,0
637.986,0.9636,0,0,0,0
638.022,0.9636,0,0,0,0
638.052,0.9636,0,0,0,0
638.088,0.9636,0,0,0,0
638.122,0.9636,0,0,0,0
638.154,0.9636,0,0,0,0
638.189,0.9636,0,0,0,0
638.220,0.9636,0,0,0,0
638.253,0.9636,0,0,0,0
638.288,0.9636,0,0,0,0
638.321,0.9636,0,0,0,0
638.354,0.9636,0,0,0,0
638.389,0.9636,0,0,0,0
638.422,0.9636,0,0,0,0
638.453,0.9636,0,0,0,0
638.486,0.9636,0,0,0,0
638.521,0.9636,0,0,0,0
638.555,0.9636,0,0,0,0
638.586,0.9636,0,0,0,0
638.615,0.9636,0,0,0,0
638.653,0.9636,0,0,0,0
638.686,0.9636,0,0,0,0
638.720,0.9636,0,0,0,0
638.752,0.9636,0,0,0,0
638.785,0.9636,0,0,0,0
638.823,0.9636,0,0,0,0
638.853,0.9636,0,0,0,0
638.889,0.9636,0,0,0,0
638.919,0.9636,0,0,0,0
638.953,0.9636,0,0,0,0
638.986,0.9636,0,0,0,0
639.021,0.9636,0,0,0,0
639.056,0.9636,0,0,0,0
639.088,0.9636,0,0,0,0
639.122,0.9636,0,0,0,0
639.156,0.9636,0,0,0,0
639.189,0.9636,0,0,0,0
639.221,0.9636,0,0,0,0
639.254,0.9636,0,0,0,0
639.286,0.9636,0,0,0,0
639.322,0.9636,0,0,0,0
639.355,0.9636,0,0,0,0
639.387,0.9636,0,0,0,0
639.419,0.9636,0,0,0,0
639.452,0.9636,0,0,0,0
639.488,0.9636,0,0,0,0
639.520,0.9636,0,0,0,0
639.552,0.9636,0,0,0,0
639.589,0.9636,0,0,0,0
639.620,0.9636,0,0,0,0
639.655,0.9636,0,0,0,0
639.691,0.9636,0,0,0,0
639.721,0.9636,0,0,0,0
639.753,0.9636,0,0,0,0
639.789,0.9636,0,0,0,0
639.821,0.9636,0,0,0,0
639.852,0.9636,0,0,0,0
639.879,0.9636,0,0,0,0
639.922,0.9636,0,0,0,0
639.953,0.9636,0,0,0,0
639.985,0.9636,0,0,0,0
640.020,0.9636,0,0,0,0
640.052,0.9636,0,0,0,0
640.086,0.9636,0,0,0,0
640.125,0.9636,0,0,0,0
640.145,0.9636,0,0,0,0
640.186,0.9636,0,0,0,0
640.223,0.9636,0,0,0,0
640.255,0.9636,0,0,0,0
640.286,0.9636,0,0,0,0
640.319,0.9636,0,0,0,0
640.354,0.9636,0,0,0,0
640.386,0.9636,0,0,0,0
640.421,0.9636,0,0,0,0
640.455,0.9636,0,0,0,0
640.488,0.9636,0,0,0,0
640.523,0.9636,0,0,0,0
640.555,0.9636,0,0,0,0
640.588,0.9636,0,0,0,0
640.619,0.9636,0,0,0,0
640.657,0.9636,0,0,0,0
640.689,0.9636,0,0,0,0
640.719,0.9636,0,0,0,0
640.752,0.9636,0,0,0,0
640.786,0.9636,0,0,0,0
640.818,0.9636,0,0,0,0
640.854,0.9636,0,0,0,0
640.889,0.9636,0,0,0,0
640.921,0.9636,0,0,0,0
640.955,0.9636,0,0,0,0
640.989,0.9636,0,0,0,0
641.022,0.9636,0,0,0,0
641.055,0.9636,0,0,0,0
641.086,0.9636,0,0,0,0
641.123,0.9636,0,0,0,0
641.153,0.9636,0,0,0,0
641.188,0.9636,0,0,0,0
641.221,0.9636,0,0,0,0
641.253,0.9636,0,0,0,0
641.287,0.9636,0,0,0,0
641.320,0.9636,0,0,0,0
641.356,0.9636,0,0,0,0
641.386,0.9636,0,0,0,0
641.419,0.9636,0,0,0,0
641.455,0.9636,0,0,0,0
641.487,0.9636,0,0,0,0
641.522,0.9636,0,0,0,0
641.555,0.9636,0,0,0,0
641.585,0.9636,0,0,0,0
641.620,0.9636,0,0,0,0
641.654,0.9636,0,0,0,0
641.689,0.9636,0,0,0,0
641.724,0.9636,0,0,0,0
641.756,0.9636,0,0,0,0
641.787,0.9636,0,0,0,0
641.821,0.9636,0,0,0,0
641.853,0.9636,0,0,0,0
641.887,0.9636,0,0,0,0
641.919,0.9636,0,0,0,0
641.954,0.9636,0,0,0,0
641.986,0.9636,0,0,0,0
642.020,0.9636,0,0,0,0
642.053,0.9636,0,0,0,0
642.088,0.9636,0,0,0,0
642.120,0.9636,0,0,0,0
642.156,0.9636,0,0,0,0
642.188,0.9636,0,0,0,0
642.220,0.9636,0,0,0,0
642.252,0.9636,0,0,0,0
642.287,0.9636,0,0,0,0
642.322,0.9636,0,0,0,0
642.354,0.9636,0,0,0,0
642.389,0.9636,0,0,0,0
642.422,0.9636,0,0,0,0
642.453,0.9636,0,0,0,0
642.486,0.9636,0,0,0,0
642.519,0.9636,0,0,0,0
642.553,0.9636,0,0,0,0
642.586,0.9636,0,0,0,0
642.623,0.9636,0,0,0,0
642.656,0.9636,0,0,0,0
642.687,0.9636,0,0,0,0
642.721,0.9636,0,0,0,0
642.755,0.9636,0,0,0,0
642.788,0.9636,0,0,0,0
642.823,0.9636,0,0,0,0
642.853,0.9636,0,0,0,0
642.888,0.9636,0,0,0,0
642.919,0.9636,0,0,0,0
642.956,0.9636,0,0,0,0
642.988,0.9636,0,0,0,0
643.021,0.9636,0,0,0,0
643.052,0.9636,0,0,0,0
643.091,0.9636,0,0,0,0
643.119,0.9636,0,0,0,0
643.154,0.9636,0,0,0,0
643.187,0.9636,0,0,0,0
643.221,0.9636,0,0,0,0
643.253,0.9636,0,0,0,0
643.288,0.9636,0,0,0,0
643.311,0.9636,0,0,0,0
643.354,0.9636,0,0,0,0
643.388,0.9636,0,0,0,0
643.419,0.9636,0,0,0,0
643.452,0.9636,0,0,0,0
643.487,0.9636,0,0,0,0
643.522,0.9636,0,0,0,0
643.555,0.9636,0,0,0,0
643.587,0.9636,0,0,0,0
643.622,0.9636,0,0,0,0
643.655,0.9636,0,0,0,0
643.689,0.9636,0,0,0,0
643.712,0.9636,0,0,0,0
643.754,0.9636,0,0,0,0
643.785,0.9636,0,0,0,0
643.820,0.9636,0,0,0,0
643.855,0.9636,0,0,0,0
643.886,0.9636,0,0,0,0
643.920,0.9636,0,0,0,0
643.953,0.9636,0,0,0,0
643.989,0.9636,0,0,0,0
644.019,0.9636,0,0,0,0
644.052,0.9636,0,0,0,0
644.088,0.9636,0,0,0,0
644.119,0.9636,0,0,0,0
644.153,0.9636,0,0,0,0
644.186,0.9636,0,0,0,0
644.222,0.9636,0,0,0,0
644.251,0.9636,0,0,0,0
644.287,0.9636,0,0,0,0
644.319,0.9636,0,0,0,0
644.353,0.9636,0,0,0,0
644.389,0.9636,0,0,0,0
644.419,0.9636,0,0,0,0
644.451,0.9636,0,0,0,0
644.485,0.9636,0,0,0,0
644.523,0.9636,0,0,0,0
644.555,0.9636,0,0,0,0
644.585,0.9636,0,0,0,0
644.623,0.9636,0,0,0,0
644.656,0.9636,0,0,0,0
644.690,0.9636,0,0,0,0
644.719,0.9636,0,0,0,0
644.752,0.9636,0,0,0,0
644.785,0.9636,0,0,0,0
644.820,0.9636,0,0,0,0
644.854,0.9636,0,0,0,0
644.888,0.9636,0,0,0,0
644.922,0.9636,0,0,0,0
644.955,0.9636,0,0,0,0
644.987,0.9636,0,0,0,0
645.021,0.9636,0,0,0,0
645.056,0.9636,0,0,0,0
645.090,0.9636,0,0,0,0
645.123,0.9636,0,0,0,0
645.156,0.9636,0,0,0,0
645.188,0.9636,0,0,0,0
645.222,0.9636,0,0,0,0
645.253,0.9636,0,0,0,0
645.285,0.9636,0,0,0,0
645.321,0.9636,0,0,0,0
645.353,0.9636,0,0,0,0
645.384,0.9636,0,0,0,0
645.422,0.9636,0,0,0,0
645.445,0.9636,0,0,0,0
645.485,0.9636,0,0,0,0
645.521,0.9636,0,0,0,0
645.555,0.9636,0,0,0,0
645.587,0.9636,0,0,0,0
645.621,0.9636,0,0,0,0
645.652,0.9636,0,0,0,0
645.685,0.9636,0,0,0,0
645.720,0.9636,0,0,0,0
645.754,0.9636,0,0,0,0
645.790,0.9636,0,0,0,0
645.822,0.9636,0,0,0,0
645.855,0.9636,0,0,0,0
645.886,0.9636,0,0,0,0
645.922,0.9636,0,0,0,0
645.954,0.9636,0,0,0,0
645.990,0.9636,0,0,0,0
646.019,0.9636,0,0,0,0
646.055,0.9636,0,0,0,0
646.088,0.9636,0,0,0,0
646.123,0.9636,0,0,0,0
646.152,0.9636,0,0,0,0
646.188,0.9636,0,0,0,0
646.221,0.9636,0,0,0,0
646.254,0.9636,0,0,0,0
646.286,0.9636,0,0,0,0
646.322,0.9636,0,0,0,0
646.354,0.9636,0,0,0,0
646.388,0.9636,0,0,0,0
646.420,0.9636,0,0,0,0
646.454,0.9636,0,0,0,0
646.487,0.9636,0,0,0,0
646.520,0.9636,0,0,0,0
646.554,0.9636,0,0,0,0
646.587,0.9636,0,0,0,0
646.619,0.9636,0,0,0,0
646.652,0.9636,0,0,0,0
646.689,0.9636,0,0,0,0
646.722,0.9636,0,0,0,0
646.754,0.9636,0,0,0,0
646.788,0.9636,0,0,0,0
646.821,0.9636,0,0,0,0
646.855,0.9636,0,0,0,0
646.889,0.9636,0,0,0,0
646.922,0.9636,0,0,0,0
646.952,0.9636,0,0,0,0
646.989,0.9636,0,0,0,0
647.021,0.9636,0,0,0,0
647.055,0.9636,0,0,0,0
647.089,0.9636,0,0,0,0
647.120,0.9636,0,0,0,0
647.155,0.9636,0,0,0,0
647.185,0.9636,0,0,0,0
647.220,0.9636,0,0,0,0
647.255,0.9636,0,0,0,0
647.284,0.9636,0,0,0,0
647.320,0.9636,0,0,0,0
647.354,0.9636,0,0,0,0
647.386,0.9636,0,0,0,0
647.418,0.9636,0,0,0,0
647.452,0.9636,0,0,0,0
647.487,0.9636,0,0,0,0
647.518,0.9636,0,0,0,0
647.553,0.9636,0,0,0,0
647.585,0.9636,0,0,0,0
647.622,0.9636,0,0,0,0
647.654,0.9636,0,0,0,0
647.687,0.9636,0,0,0,0
647.719,0.9636,0,0,0,0
647.754,0.9636,0,0,0,0
647.789,0.9636,0,0,0,0
647.821,0.9636,0,0,0,0
647.854,0.9636,0,0,0,0
647.888,0.9636,0,0,0,0
647.920,0.9636,0,0,0,0
647.956,0.9636,0,0,0,0
647.989,0.9636,0,0,0,0
648.025,0.9636,0,0,0,0
648.052,0.9636,0,0,0,0
648.087,0.9636,0,0,0,0
648.111,0.9636,0,0,0,0
648.155,0.9636,0,0,0,0
648.188,0.9636,0,0,0,0
648.219,0.9636,0,0,0,0
648.255,0.9636,0,0,0,0
648.285,0.9636,0,0,0,0
648.318,0.9636,0,0,0,0
648.354,0.9636,0,0,0,0
648.388,0.9636,0,0,0,0
648.422,0.9636,0,0,0,0
648.456,0.9636,0,0,0,0
648.486,0.9636,0,0,0,0
648.519,0.9636,0,0,0,0
648.552,0.9636,0,0,0,0
648.588,0.9636,0,0,0,0
648.622,0.9636,0,0,0,0
648.655,0.9636,0,0,0,0
648.689,0.9636,0,0,0,0
648.719,0.9636,0,0,0,0
648.755,0.9636,0,0,0,0
648.787,0.9636,0,0,0,0
648.821,0.9636,0,0,0,0
648.844,0.9636,0,0,0,0
648.888,0.9636,0,0,0,0
648.919,0.9636,0,0,0,0
648.953,0.9636,0,0,0,0
648.985,0.9636,0,0,0,0
649.021,0.9636,0,0,0,0
649.054,0.9636,0,0,0,0
649.086,0.9636,0,0,0,0
649.121,0.9636,0,0,0,0
649.154,0.9636,0,0,0,0
649.188,0.9636,0,0,0,0
649.219,0.9636,0,0,0,0
649.256,0.9636,0,0,0,0
649.288,0.9636,0,0,0,0
649.319,0.9636,0,0,0,0
649.353,0.9636,0,0,0,0
649.386,0.9636,0,0,0,0
649.420,0.9636,0,0,0,0
649.454,0.9636,0,0,0,0
649.490,0.9636,0,0,0,0
649.522,0.9636,0,0,0,0
649.553,0.9636,0,0,0,0
649.588,0.9636,0,0,0,0
649.621,0.9636,0,0,0,0
649.652,0.9636,0,0,0,0
649.686,0.9636,0,0,0,0
649.719,0.9636,0,0,0,0
649.754,0.9636,0,0,0,0
649.786,0.9636,0,0,0,0
649.819,0.9636,0,0,0,0
649.853,0.9636,0,0,0,0
649.885,0.9636,0,0,0,0
649.920,0.9636,0,0,0,0
649.953,0.9636,0,0,0,0
649.987,0.9636,0,0,0,0
650.019,0.9636,0,0,0,0
650.055,0.9636,0,0,0,0
650.088,0.9636,0,0,0,0
650.123,0.9636,0,0,0,0
650.155,0.9636,0,0,0,0
650.188,0.9636,0,0,0,0
650.222,0.9636,0,0,0,0
650.256,0.9636,0,0,0,0
650.286,0.9636,0,0,0,0
650.320,0.9636,0,0,0,0
650.353,0.9636,0,0,0,0
650.388,0.9636,0,0,0,0
650.423,0.9636,0,0,0,0
650.454,0.9636,0,0,0,0
650.489,0.9636,0,0,0,0
650.522,0.9636,0,0,0,0
650.553,0.9636,0,0,0,0
650.588,0.9636,0,0,0,0
650.619,0.9636,0,0,0,0
650.658,0.9636,0,0,0,0
650.687,0.9636,0,0,0,0
650.719,0.9636,0,0,0,0
650.752,0.9636,0,0,0,0
650.790,0.9636,0,0,0,0
650.821,0.9636,0,0,0,0
650.855,0.9636,0,0,0,0
650.888,0.9636,0,0,0,0
650.919,0.9636,0,0,0,0
650.954,0.9636,0,0,0,0
650.989,0.9636,0,0,0,0
651.019,0.9636,0,0,0,0
651.056,0.9636,0,0,0,0
651.087,0.9636,0,0,0,0
651.121,0.9636,0,0,0,0
651.157,0.9636,0,0,0,0
651.189,0.9636,0,0,0,0
651.219,0.9636,0,0,0,0
651.252,0.9636,0,0,0,0
651.285,0.9636,0,0,0,0
651.319,0.9636,0,0,0,0
651.354,0.9636,0,0,0,0
651.385,0.9636,0,0,0,0
651.419,0.9636,0,0,0,0
651.452,0.9636,0,0,0,0
651.489,0.9636,0,0,0,0
651.519,0.9636,0,0,0,0
651.552,0.9636,0,0,0,0
651.587,0.9636,0,0,0,0
651.623,0.9636,0,0,0,0
651.655,0.9636,0,0,0,0
651.686,0.9636,0,0,0,0
651.719,0.9636,0,0,0,0
651.754,0.9636,0,0,0,0
651.786,0.9636,0,0,0,0
651.823,0.9636,0,0,0,0
651.854,0.9636,0,0,0,0
651.889,0.9636,0,0,0,0
651.922,0.9636,0,0,0,0
651.951,0.9636,0,0,0,0
651.986,0.9636,0,0,0,0
652.022,0.9636,0,0,0,0
652.052,0.9636,0,0,0,0
652.085,0.9636,0,0,0,0
652.121,0.9636,0,0,0,0
652.153,0.9636,0,0,0,0
652.188,0.9636,0,0,0,0
652.222,0.9636,0,0,0,0
652.255,0.9636,0,0,0,0
652.288,0.9636,0,0,0,0
652.318,0.9636,0,0,0,0
652.353,0.9636,0,0,0,0
652.385,0.9636,0,0,0,0
652.419,0.9636,0,0,0,0
652.453,0.9636,0,0,0,0
652.487,0.9636,0,0,0,0
652.521,0.9636,0,0,0,0
652.555,0.9636,0,0,0,0
652.588,0.9636,0,0,0,0
652.619,0.9636,0,0,0,0
652.653,0.9636,0,0,0,0
652.688,0.9636,0,0,0,0
652.722,0.9636,0,0,0,0
652.756,0.9636,0,0,0,0
652.789,0.9636,0,0,0,0
652.822,0.9636,0,0,0,0
652.856,0.9636,0,0,0,0
652.888,0.9636,0,0,0,0
652.920,0.9636,0,0,0,0
652.953,0.9636,0,0,0,0
652.987,0.9636,0,0,0,0
653.021,0.9636,0,0,0,0
653.052,0.9636,0,0,0,0
653.089,0.9636,0,0,0,0
653.122,0.9636,0,0,0,0
653.156,0.9636,0,0,0,0
653.187,0.9636,0,0,0,0
653.219,0.9636,0,0,0,0
653.253,0.9636,0,0,0,0
653.286,0.9636,0,0,0,0
653.323,0.9636,0,0,0,0
653.353,0.9636,0,0,0,0
653.390,0.9636,0,0,0,0
653.419,0.9636,0,0,0,0
653.457,0.9636,0,0,0,0
653.489,0.9636,0,0,0,0
653.522,0.9636,0,0,0,0
653.554,0.9636,0,0,0,0
653.586,0.9636,0,0,0,0
653.622,0.9636,0,0,0,0
653.653,0.9636,0,0,0,0
653.690,0.9636,0,0,0,0
653.721,0.9636,0,0,0,0
653.753,0.9636,0,0,0,0
653.790,0.9636,0,0,0,0
653.819,0.9636,0,0,0,0
653.854,0.9636,0,0,0,0
653.886,0.9636,0,0,0,0
653.920,0.9636,0,0,0,0
653.953,0.9636,0,0,0,0
653.986,0.9636,0,0,0,0
654.022,0.9636,0,0,0,0
654.055,0.9636,0,0,0,0
654.089,0.9636,0,0,0,0
654.122,0.9636,0,0,0,0
654.154,0.9636,0,0,0,0
654.187,0.9636,0,0,0,0
654.225,0.9636,0,0,0,0
654.252,0.9636,0,0,0,0
654.287,0.9636,0,0,0,0
654.319,0.9636,0,0,0,0
654.352,0.9636,0,0,0,0
654.388,0.9636,0,0,0,0
654.418,0.9636,0,0,0,0
654.452,0.9636,0,0,0,0
654.488,0.9636,0,0,0,0
654.522,0.9636,0,0,0,0
654.555,0.9636,0,0,0,0
654.586,0.9636,0,0,0,0
654.620,0.9636,0,0,0,0
654.654,0.9636,0,0,0,0
654.687,0.9636,0,0,0,0
654.723,0.9636,0,0,0,0
654.754,0.9636,0,0,0,0
654.787,0.9636,0,0,0,0
654.819,0.9636,0,0,0,0
654.855,0.9636,0,0,0,0
654.887,0.9636,0,0,0,0
654.921,0.9636,0,0,0,0
654.954,0.9636,0,0,0,0
654.989,0.9636,0,0,0,0
655.021,0.9636,0,0,0,0
655.053,0.9636,0,0,0,0
655.086,0.9636,0,0,0,0
655.123,0.9636,0,0,0,0
655.155,0.9636,0,0,0,0
655.186,0.9636,0,0,0,0
655.221,0.9636,0,0,0,0
655.254,0.9636,0,0,0,0
655.287,0.9636,0,0,0,0
655.323,0.9636,0,0,0,0
655.355,0.9636,0,0,0,0
655.387,0.9636,0,0,0,0
655.419,0.9636,0,0,0,0
655.454,0.9636,0,0,0,0
655.488,0.9636,0,0,0,0
655.522,0.9636,0,0,0,0
655.556,0.9636,0,0,0,0
655.587,0.9636,0,0,0,0
655.620,0.9636,0,0,0,0
655.655,0.9636,0,0,0,0
655.688,0.9636,0,0,0,0
655.722,0.9636,0,0,0,0
655.753,0.9636,0,0,0,0
655.787,0.9636,0,0,0,0
655.823,0.9636,0,0,0,0
655.854,0.9636,0,0,0,0
655.890,0.9636,0,0,0,0
655.922,0.9636,0,0,0,0
655.954,0.9636,0,0,0,0
655.988,0.9636,0,0,0,0
656.023,0.9636,0,0,0,0
656.055,0.9636,0,0,0,0
656.089,0.9636,0,0,0,0
656.121,0.9636,0,0,0,0
656.154,0.9636,0,0,0,0
656.189,0.9636,0,0,0,0
656.220,0.9636,0,0,0,0
656.255,0.9636,0,0,0,0
656.288,0.9636,0,0,0,0
656.322,0.9636,0,0,0,0
656.352,0.9636,0,0,0,0
656.387,0.9636,0,0,0,0
656.422,0.9636,0,0,0,0
656.455,0.9636,0,0,0,0
656.488,0.9636,0,0,0,0
656.519,0.9636,0,0,0,0
656.556,0.9636,0,0,0,0
656.588,0.9636,0,0,0,0
656.619,0.9636,0,0,0,0
656.653,0.9636,0,0,0,0
656.686,0.9636,0,0,0,0
656.721,0.9636,0,0,0,0
656.753,0.9636,0,0,0,0
656.786,0.9636,0,0,0,0
656.820,0.9636,0,0,0,0
656.854,0.9636,0,0,0,0
656.889,0.9636,0,0,0,0
656.920,0.9636,0,0,0,0
656.953,0.9636,0,0,0,0
656.989,0.9636,0,0,0,0
657.022,0.9636,0,0,0,0
657.056,0.9636,0,0,0,0
657.088,0.9636,0,0,0,0
657.120,0.9636,0,0,0,0
657.152,0.9636,0,0,0,0
657.189,0.9636,0,0,0,0
657.219,0.9636,0,0,0,0
657.253,0.9636,0,0,0,0
657.288,0.9636,0,0,0,0
657.326,0.9636,0,0,0,0
657.352,0.9636,0,0,0,0
657.386,0.9636,0,0,0,0
657.410,0.9636,0,0,0,0
657.455,0.9636,0,0,0,0
657.490,0.9636,0,0,0,0
657.520,0.9636,0,0,0,0
657.553,0.9636,0,0,0,0
657.587,0.9636,0,0,0,0
657.621,0.9636,0,0,0,0
657.655,0.9636,0,0,0,0
657.687,0.9636,0,0,0,0
657.719,0.9636,0,0,0,0
657.754,0.9636,0,0,0,0
657.789,0.9636,0,0,0,0
657.819,0.9636,0,0,0,0
657.855,0.9636,0,0,0,0
657.887,0.9636,0,0,0,0
657.920,0.9636,0,0,0,0
657.952,0.9636,0,0,0,0
657.989,0.9636,0,0,0,0
658.022,0.9636,0,0,0,0
658.056,0.9636,0,0,0,0
658.086,0.9636,0,0,0,0
658.121,0.9636,0,0,0,0
658.154,0.9636,0,0,0,0
658.185,0.9636,0,0,0,0
658.221,0.9636,0,0,0,0
658.259,0.9636,0,0,0,0
658.286,0.9636,0,0,0,0
658.321,0.9636,0,0,0,0
658.354,0.9636,0,0,0,0
658.389,0.9636,0,0,0,0
658.422,0.9636,0,0,0,0
658.454,0.9636,0,0,0,0
658.487,0.9636,0,0,0,0
658.521,0.9636,0,0,0,0
658.554,0.9636,0,0,0,0
658.588,0.9636,0,0,0,0
658.622,0.9636,0,0,0,0
658.655,0.9636,0,0,0,0
658.690,0.9636,0,0,0,0
658.722,0.9636,0,0,0,0
658.752,0.9636,0,0,0,0
658.790,0.9636,0,0,0,0
658.819,0.9636,0,0,0,0
658.854,0.9636,0,0,0,0
658.887,0.9636,0,0,0,0
658.919,0.9636,0,0,0,0
658.954,0.9636,0,0,0,0
658.985,0.9636,0,0,0,0
659.023,0.9636,0,0,0,0
659.056,0.9636,0,0,0,0
659.086,0.9636,0,0,0,0
659.122,0.9636,0,0,0,0
659.152,0.9636,0,0,0,0
659.185,0.9636,0,0,0,0
659.219,0.9636,0,0,0,0
659.256,0.9636,0,0,0,0
659.288,0.9636,0,0,0,0
659.320,0.9636,0,0,0,0
659.352,0.9636,0,0,0,0
659.390,0.9636,0,0,0,0
659.422,0.9636,0,0,0,0
659.454,0.9636,0,0,0,0
659.485,0.9636,0,0,0,0
659.521,0.9636,0,0,0,0
659.555,0.9636,0,0,0,0
659.589,0.9636,0,0,0,0
659.619,0.9636,0,0,0,0
659.655,0.9636,0,0,0,0
659.686,0.9636,0,0,0,0
659.721,0.9636,0,0,0,0
659.752,0.9636,0,0,0,0
659.788,0.9636,0,0,0,0
659.821,0.9636,0,0,0,0
659.855,0.9636,0,0,0,0
659.886,0.9636,0,0,0,0
659.922,0.9636,0,0,0,0
659.954,0.9636,0,0,0,0
659.988,0.9636,0,0,0,0
660.022,0.9636,0,0,0,0
660.053,0.9636,0,0,0,0
660.087,0.9636,0,0,0,0
660.121,0.9636,0,0,0,0
660.153,0.9636,0,0,0,0
660.186,0.9636,0,0,0,0
660.220,0.9636,0,0,0,0
660.255,0.9636,0,0,0,0
660.288,0.9636,0,0,0,0
660.319,0.9636,0,0,0,0
660.353,0.9636,0,0,0,0
660.387,0.9636,0,0,0,0
660.422,0.9636,0,0,0,0
660.454,0.9636,0,0,0,0
660.490,0.9636,0,0,0,0
660.522,0.9636,0,0,0,0
660.555,0.9636,0,0,0,0
660.587,0.9636,0,0,0,0
660.620,0.9636,0,0,0,0
660.656,0.9636,0,0,0,0
660.686,0.9636,0,0,0,0
660.721,0.9636,0,0,0,0
660.753,0.9636,0,0,0,0
660.789,0.9636,0,0,0,0
660.821,0.9636,0,0,0,0
660.855,0.9636,0,0,0,0
660.886,0.9636,0,0,0,0
660.921,0.9636,0,0,0,0
660.954,0.9636,0,0,0,0
660.986,0.9636,0,0,0,0
661.023,0.9636,0,0,0,0
661.056,0.9636,0,0,0,0
661.089,0.9636,0,0,0,0
661.119,0.9636,0,0,0,0
661.155,0.9636,0,0,0,0
661.189,0.9636,0,0,0,0
661.220,0.9636,0,0,0,0
661.257,0.9636,0,0,0,0
661.288,0.9636,0,0,0,0
661.322,0.9636,0,0,0,0
661.354,0.9636,0,0,0,0
661.388,0.9636,0,0,0,0
661.423,0.9636,0,0,0,0
661.454,0.9636,0,0,0,0
661.487,0.9636,0,0,0,0
661.522,0.9636,0,0,0,0
661.552,0.9636,0,0,0,0
661.586,0.9636,0,0,0,0
661.621,0.9636,0,0,0,0
661.655,0.9636,0,0,0,0
661.691,0.9636,0,0,0,0
661.723,0.9636,0,0,0,0
661.755,0.9636,0,0,0,0
661.786,0.9636,0,0,0,0
661.821,0.9636,0,0,0,0
661.854,0.9636,0,0,0,0
661.888,0.9636,0,0,0,0
661.922,0.9636,0,0,0,0
661.953,0.9636,0,0,0,0
661.988,0.9636,0,0,0,0
662.020,0.9636,0,0,0,0
662.052,0.9636,0,0,0,0
662.090,0.9636,0,0,0,0
662.120,0.9636,0,0,0,0
662.154,0.9636,0,0,0,0
662.189,0.9636,0,0,0,0
662.222,0.9636,0,0,0,0
662.253,0.9636,0,0,0,0
662.288,0.9636,0,0,0,0
662.321,0.9636,0,0,0,0
662.354,0.9636,0,0,0,0
662.389,0.9636,0,0,0,0
662.420,0.9636,0,0,0,0
662.455,0.9636,0,0,0,0
662.489,0.9636,0,0,0,0
662.519,0.9636,0,0,0,0
662.555,0.9636,0,0,0,0
662.588,0.9636,0,0,0,0
662.621,0.9636,0,0,0,0
662.652,0.9636,0,0,0,0
662.689,0.9636,0,0,0,0
662.719,0.9636,0,0,0,0
662.753,0.9636,0,0,0,0
662.788,0.9636,0,0,0,0
662.822,0.9636,0,0,0,0
662.854,0.9636,0,0,0,0
662.886,0.9636,0,0,0,0
662.919,0.9636,0,0,0,0
662.955,0.9636,0,0,0,0
662.989,0.9636,0,0,0,0
663.022,0.9636,0,0,0,0
663.054,0.9636,0,0,0,0
663.087,0.9636,0,0,0,0
663.119,0.9636,0,0,0,0
663.153,0.9636,0,0,0,0
663.190,0.9636,0,0,0,0
663.219,0.9636,0,0,0,0
663.254,0.9636,0,0,0,0
663.286,0.9636,0,0,0,0
663.318,0.9636,0,0,0,0
663.356,0.9636,0,0,0,0
663.389,0.9636,0,0,0,0
663.420,0.9636,0,0,0,0
663.454,0.9636,0,0,0,0
663.486,0.9636,0,0,0,0
663.523,0.9636,0,0,0,0
663.555,0.9636,0,0,0,0
663.588,0.9636,0,0,0,0
663.620,0.9636,0,0,0,0
663.655,0.9636,0,0,0,0
663.688,0.9636,0,0,0,0
663.722,0.9636,0,0,0,0
663.755,0.9636,0,0,0,0
663.786,0.9636,0,0,0,0
663.821,0.9636,0,0,0,0
663.853,0.9636,0,0,0,0
663.888,0.9636,0,0,0,0
663.921,0.9636,0,0,0,0
663.954,0.9636,0,0,0,0
663.985,0.9636,0,0,0,0
664.020,0.9636,0,0,0,0
664.054,0.9636,0,0,0,0
664.086,0.9636,0,0,0,0
664.120,0.9636,0,0,0,0
664.154,0.9636,0,0,0,0
664.189,0.9636,0,0,0,0
664.220,0.9636,0,0,0,0
664.254,0.9636,0,0,0,0
664.286,0.9636,0,0,0,0
664.319,0.9636,0,0,0,0
664.355,0.9636,0,0,0,0
664.386,0.9636,0,0,0,0
664.420,0.9636,0,0,0,0
664.456,0.9636,0,0,0,0
664.490,0.9636,0,0,0,0
664.522,0.9636,0,0,0,0
664.555,0.9636,0,0,0,0
664.588,0.9636,0,0,0,0
664.622,0.9636,0,0,0,0
664.654,0.9636,0,0,0,0
664.686,0.9636,0,0,0,0
664.723,0.9636,0,0,0,0
664.753,0.9636,0,0,0,0
664.785,0.9636,0,0,0,0
664.823,0.9636,0,0,0,0
664.857,0.9636,0,0,0,0
664.889,0.9636,0,0,0,0
664.919,0.9636,0,0,0,0
664.953,0.9636,0,0,0,0
664.988,0.9636,0,0,0,0
665.022,0.9636,0,0,0,0
665.056,0.9636,0,0,0,0
665.088,0.9636,0,0,0,0
665.119,0.9636,0,0,0,0
665.155,0.9636,0,0,0,0
665.187,0.9636,0,0,0,0
665.220,0.9636,0,0,0,0
665.258,0.9636,0,0,0,0
665.286,0.9636,0,0,0,0
665.319,0.9636,0,0,0,0
665.352,0.9636,0,0,0,0
665.390,0.9636,0,0,0,0
665.422,0.9636,0,0,0,0
665.456,0.9635,0,0,0,0
665.486,0.9635,0,0,0,0
665.526,0.9635,0,0,0,0
665.554,0.9635,0,0,0,0
665.585,0.9635,0,0,0,0
665.621,0.9635,0,0,0,0
665.655,0.9635,0,0,0,0
665.688,0.9635,0,0,0,0
665.723,0.9635,0,0,0,0
665.755,0.9635,0,0,0,0
665.790,0.9635,0,0,0,0
665.819,0.9635,0,0,0,0
665.856,0.9635,0,0,0,0
665.887,0.9635,0,0,0,0
665.920,0.9635,0,0,0,0
665.953,0.9635,0,0,0,0
665.988,0.9635,0,0,0,0
666.022,0.9635,0,0,0,0
666.053,0.9635,0,0,0,0
666.087,0.9635,0,0,0,0
666.123,0.9635,0,0,0,0
666.154,0.9635,0,0,0,0
666.193,0.9635,0,0,0,0
666.220,0.9635,0,0,0,0
666.253,0.9635,0,0,0,0
666.289,0.9635,0,0,0,0
666.321,0.9635,0,0,0,0
666.355,0.9635,0,0,0,0
666.388,0.9635,0,0,0,0
666.420,0.9635,0,0,0,0
666.456,0.9635,0,0,0,0
666.486,0.9635,0,0,0,0
666.519,0.9635,0,0,0,0
666.555,0.9635,0,0,0,0
666.586,0.9635,0,0,0,0
666.621,0.9635,0,0,0,0
666.653,0.9635,0,0,0,0
666.689,0.9635,0,0,0,0
666.720,0.9635,0,0,0,0
666.755,0.9635,0,0,0,0
666.788,0.9635,0,0,0,0
666.821,0.9635,0,0,0,0
666.854,0.9635,0,0,0,0
666.887,0.9635,0,0,0,0
666.919,0.9635,0,0,0,0
666.956,0.9635,0,0,0,0
666.987,0.9635,0,0,0,0
667.019,0.9635,0,0,0,0
667.056,0.9635,0,0,0,0
667.086,0.9635,0,0,0,0
667.120,0.9635,0,0,0,0
667.153,0.9635,0,0,0,0
667.186,0.9635,0,0,0,0
667.221,0.9635,0,0,0,0
667.254,0.9635,0,0,0,0
667.288,0.9635,0,0,0,0
667.320,0.9635,0,0,0,0
667.352,0.9635,0,0,0,0
667.389,0.9635,0,0,0,0
667.422,0.9635,0,0,0,0
667.454,0.9635,0,0,0,0
667.495,0.9635,0,0,0,0
667.521,0.9635,0,0,0,0
667.552,0.9635,0,0,0,0
667.585,0.9635,0,0,0,0
667.619,0.9635,0,0,0,0
667.654,0.9635,0,0,0,0
667.685,0.9635,0,0,0,0
667.723,0.9635,0,0,0,0
667.752,0.9635,0,0,0,0
667.786,0.9635,0,0,0,0
667.822,0.9635,0,0,0,0
667.855,0.9635,0,0,0,0
667.887,0.9635,0,0,0,0
667.919,0.9635,0,0,0,0
667.953,0.9635,0,0,0,0
667.985,0.9635,0,0,0,0
668.023,0.9635,0,0,0,0
668.053,0.9635,0,0,0,0
668.088,0.9635,0,0,0,0
668.119,0.9635,0,0,0,0
668.153,0.9635,0,0,0,0
668.189,0.9635,0,0,0,0
668.219,0.9635,0,0,0,0
668.256,0.9635,0,0,0,0
668.291,0.9635,0,0,0,0
668.321,0.9635,0,0,0,0
668.355,0.9635,0,0,0,0
668.390,0.9635,0,0,0,0
668.420,0.9635,0,0,0,0
668.454,0.9635,0,0,0,0
668.488,0.9635,0,0,0,0
668.525,0.9635,0,0,0,0
668.556,0.9635,0,0,0,0
668.589,0.9635,0,0,0,0
668.620,0.9635,0,0,0,0
668.652,0.9635,0,0,0,0
668.689,0.9635,0,0,0,0
668.721,0.9635,0,0,0,0
668.756,0.9635,0,0,0,0
668.784,0.9635,0,0,0,0
668.819,0.9635,0,0,0,0
668.855,0.9635,0,0,0,0
668.887,0.9635,0,0,0,0
668.921,0.9635,0,0,0,0
668.953,0.9635,0,0,0,0
668.985,0.9635,0,0,0,0
669.023,0.9635,0,0,0,0
669.056,0.9635,0,0,0,0
669.086,0.9635,0,0,0,0
669.120,0.9635,0,0,0,0
669.153,0.9635,0,0,0,0
669.186,0.9635,0,0,0,0
669.220,0.9635,0,0,0,0
669.252,0.9635,0,0,0,0
669.288,0.9635,0,0,0,0
669.318,0.9635,0,0,0,0
669.353,0.9635,0,0,0,0
669.387,0.9635,0,0,0,0
669.419,0.9635,0,0,0,0
669.452,0.9635,0,0,0,0
669.489,0.9635,0,0,0,0
669.522,0.9635,0,0,0,0
669.553,0.9635,0,0,0,0
669.588,0.9635,0,0,0,0
669.621,0.9635,0,0,0,0
669.656,0.9635,0,0,0,0
669.688,0.9635,0,0,0,0
669.721,0.9635,0,0,0,0
669.753,0.9635,0,0,0,0
669.788,0.9635,0,0,0,0
669.821,0.9635,0,0,0,0
669.851,0.9635,0,0,0,0
669.887,0.9635,0,0,0,0
669.920,0.9635,0,0,0,0
669.955,0.9635,0,0,0,0
669.987,0.9635,0,0,0,0
670.022,0.9635,0,0,0,0
670.058,0.9635,0,0,0,0
670.089,0.9635,0,0,0,0
670.120,0.9635,0,0,0,0
670.152,0.9635,0,0,0,0
670.188,0.9635,0,0,0,0
670.224,0.9635,0,0,0,0
670.256,0.9635,0,0,0,0
670.288,0.9635,0,0,0,0
670.321,0.9635,0,0,0,0
670.357,0.9635,0,0,0,0
670.389,0.9635,0,0,0,0
670.421,0.9635,0,0,0,0
670.455,0.9635,0,0,0,0
670.486,0.9635,0,0,0,0
670.520,0.9635,0,0,0,0
670.554,0.9635,0,0,0,0
670.590,0.9635,0,0,0,0
670.621,0.9635,0,0,0,0
670.654,0.9635,0,0,0,0
670.686,0.9635,0,0,0,0
670.719,0.9635,0,0,0,0
670.753,0.9635,0,0,0,0
670.787,0.9635,0,0,0,0
670.819,0.9635,0,0,0,0
670.853,0.9635,0,0,0,0
670.886,0.9635,0,0,0,0
670.924,0.9635,0,0,0,0
670.955,0.9635,0,0,0,0
670.987,0.9635,0,0,0,0
671.019,0.9635,0,0,0,0
671.054,0.9635,0,0,0,0
671.088,0.9635,0,0,0,0
671.121,0.9635,0,0,0,0
671.152,0.9635,0,0,0,0
671.186,0.9635,0,0,0,0
671.219,0.9635,0,0,0,0
671.252,0.9635,0,0,0,0
671.285,0.9635,0,0,0,0
671.321,0.9635,0,0,0,0
671.355,0.9635,0,0,0,0
671.387,0.9635,0,0,0,0
671.422,0.9635,0,0,0,0
671.453,0.9635,0,0,0,0
671.485,0.9635,0,0,0,0
671.523,0.9635,0,0,0,0
671.553,0.9635,0,0,0,0
671.587,0.9635,0,0,0,0
671.620,0.9635,0,0,0,0
671.655,0.9635,0,0,0,0
671.689,0.9635,0,0,0,0
671.719,0.9635,0,0,0,0
671.752,0.9635,0,0,0,0
671.789,0.9635,0,0,0,0
671.821,0.9635,0,0,0,0
671.853,0.9635,0,0,0,0
671.890,0.9635,0,0,0,0
671.919,0.9635,0,0,0,0
671.953,0.9635,0,0,0,0
671.986,0.9635,0,0,0,0
672.019,0.9635,0,0,0,0
672.056,0.9635,0,0,0,0
672.085,0.9635,0,0,0,0
672.122,0.9635,0,0,0,0
672.152,0.9635,0,0,0,0
672.186,0.9635,0,0,0,0
672.222,0.9635,0,0,0,0
672.252,0.9635,0,0,0,0
672.289,0.9635,0,0,0,0
672.320,0.9635,0,0,0,0
672.353,0.9635,0,0,0,0
672.385,0.9635,0,0,0,0
672.421,0.9635,0,0,0,0
672.455,0.9635,0,0,0,0
672.487,0.9635,0,0,0,0
672.520,0.9635,0,0,0,0
672.555,0.9635,0,0,0,0
672.586,0.9635,0,0,0,0
672.621,0.9635,0,0,0,0
672.653,0.9635,0,0,0,0
672.683,0.9635,0,0,0,0
672.723,0.9635,0,0,0,0
672.754,0.9635,0,0,0,0
672.788,0.9635,0,0,0,0
672.821,0.9635,0,0,0,0
672.854,0.9635,0,0,0,0
672.886,0.9635,0,0,0,0
672.920,0.9635,0,0,0,0
672.956,0.9635,0,0,0,0
672.990,0.9635,0,0,0,0
673.019,0.9635,0,0,0,0
673.053,0.9635,0,0,0,0
673.088,0.9635,0,0,0,0
673.123,0.9635,0,0,0,0
673.151,0.9635,0,0,0,0
673.190,0.9635,0,0,0,0
673.223,0.9635,0,0,0,0
673.254,0.9635,0,0,0,0
673.285,0.9635,0,0,0,0
673.320,0.9635,0,0,0,0
673.352,0.9635,0,0,0,0
673.388,0.9635,0,0,0,0
673.420,0.9635,0,0,0,0
673.456,0.9635,0,0,0,0
673.487,0.9635,0,0,0,0
673.519,0.9635,0,0,0,0
673.551,0.9635,0,0,0,0
673.586,0.9635,0,0,0,0
673.620,0.9635,0,0,0,0
673.655,0.9635,0,0,0,0
673.688,0.9635,0,0,0,0
673.722,0.9635,0,0,0,0
673.756,0.9635,0,0,0,0
673.788,0.9635,0,0,0,0
673.821,0.9635,0,0,0,0
673.854,0.9635,0,0,0,0
673.886,0.9635,0,0,0,0
673.919,0.9635,0,0,0,0
673.957,0.9635,0,0,0,0
673.988,0.9635,0,0,0,0
674.020,0.9635,0,0,0,0
674.054,0.9635,0,0,0,0
674.086,0.9635,0,0,0,0
674.119,0.9635,0,0,0,0
674.153,0.9635,0,0,0,0
674.189,0.9635,0,0,0,0
674.219,0.9635,0,0,0,0
674.253,0.9635,0,0,0,0
674.287,0.9635,0,0,0,0
674.321,0.9635,0,0,0,0
674.356,0.9635,0,0,0,0
674.388,0.9635,0,0,0,0
674.423,0.9635,0,0,0,0
674.456,0.9635,0,0,0,0
674.489,0.9635,0,0,0,0
674.522,0.9635,0,0,0,0
674.553,0.9635,0,0,0,0
674.587,0.9635,0,0,0,0
674.619,0.9635,0,0,0,0
674.653,0.9635,0,0,0,0
674.689,0.9635,0,0,0,0
674.719,0.9635,0,0,0,0
674.754,0.9635,0,0,0,0
674.788,0.9635,0,0,0,0
674.819,0.9635,0,0,0,0
674.853,0.9635,0,0,0,0
674.889,0.9635,0,0,0,0
674.921,0.9635,0,0,0,0
674.954,0.9635,0,0,0,0
674.987,0.9635,0,0,0,0
675.019,0.9635,0,0,0,0
675.056,0.9635,0,0,0,0
675.087,0.9635,0,0,0,0
675.121,0.9635,0,0,0,0
675.153,0.9635,0,0,0,0
675.189,0.9635,0,0,0,0
675.220,0.9635,0,0,0,0
675.256,0.9635,0,0,0,0
675.291,0.9635,0,0,0,0
675.320,0.9635,0,0,0,0
675.354,0.9635,0,0,0,0
675.387,0.9635,0,0,0,0
675.421,0.9635,0,0,0,0
675.456,0.9635,0,0,0,0
675.488,0.9635,0,0,0,0
675.522,0.9635,0,0,0,0
675.553,0.9635,0,0,0,0
675.588,0.9635,0,0,0,0
675.623,0.9635,0,0,0,0
675.654,0.9635,0,0,0,0
675.689,0.9635,0,0,0,0
675.719,0.9635,0,0,0,0
675.754,0.9635,0,0,0,0
675.787,0.9635,0,0,0,0
675.820,0.9635,0,0,0,0
675.856,0.9635,0,0,0,0
675.887,0.9635,0,0,0,0
675.921,0.9635,0,0,0,0
675.954,0.9635,0,0,0,0
675.988,0.9635,0,0,0,0
676.022,0.9635,0,0,0,0
676.053,0.9635,0,0,0,0
676.085,0.9635,0,0,0,0
676.120,0.9635,0,0,0,0
676.158,0.9635,0,0,0,0
676.188,0.9635,0,0,0,0
676.220,0.9635,0,0,0,0
676.256,0.9635,0,0,0,0
676.287,0.9635,0,0,0,0
676.320,0.9635,0,0,0,0
676.354,0.9635,0,0,0,0
676.388,0.9635,0,0,0,0
676.420,0.9635,0,0,0,0
676.452,0.9635,0,0,0,0
676.485,0.9635,0,0,0,0
676.521,0.9635,0,0,0,0
676.553,0.9635,0,0,0,0
676.590,0.9635,0,0,0,0
676.620,0.9635,0,0,0,0
676.651,0.9635,0,0,0,0
676.688,0.9635,0,0,0,0
676.719,0.9635,0,0,0,0
676.756,0.9635,0,0,0,0
676.788,0.9635,0,0,0,0
676.821,0.9635,0,0,0,0
676.854,0.9635,0,0,0,0
676.889,0.9635,0,0,0,0
676.923,0.9635,0,0,0,0
676.953,0.9635,0,0,0,0
676.985,0.9635,0,0,0,0
677.020,0.9635,0,0,0,0
677.053,0.9635,0,0,0,0
677.088,0.9635,0,0,0,0
677.120,0.9635,0,0,0,0
677.155,0.9635,0,0,0,0
677.189,0.9635,0,0,0,0
677.220,0.9635,0,0,0,0
677.255,0.9635,0,0,0,0
677.287,0.9635,0,0,0,0
677.321,0.9635,0,0,0,0
677.354,0.9635,0,0,0,0
677.385,0.9635,0,0,0,0
677.421,0.9635,0,0,0,0
677.455,0.9635,0,0,0,0
677.486,0.9635,0,0,0,0
677.522,0.9635,0,0,0,0
677.553,0.9635,0,0,0,0
677.588,0.9635,0,0,0,0
677.623,0.9635,0,0,0,0
677.655,0.9635,0,0,0,0
677.687,0.9635,0,0,0,0
677.722,0.9635,0,0,0,0
677.756,0.9635,0,0,0,0
677.788,0.9635,0,0,0,0
677.819,0.9635,0,0,0,0
677.856,0.9635,0,0,0,0
677.886,0.9635,0,0,0,0
677.921,0.9635,0,0,0,0
677.953,0.9635,0,0,0,0
677.988,0.9635,0,0,0,0
678.021,0.9635,0,0,0,0
678.055,0.9635,0,0,0,0
678.088,0.9635,0,0,0,0
678.119,0.9635,0,0,0,0
678.153,0.9635,0,0,0,0
678.189,0.9635,0,0,0,0
678.223,0.9635,0,0,0,0
678.256,0.9635,0,0,0,0
678.288,0.9635,0,0,0,0
678.320,0.9635,0,0,0,0
678.355,0.9635,0,0,0,0
678.387,0.9635,0,0,0,0
678.422,0.9635,0,0,0,0
678.454,0.9635,0,0,0,0
678.489,0.9635,0,0,0,0
678.522,0.9635,0,0,0,0
678.554,0.9635,0,0,0,0
678.589,0.9635,0,0,0,0
678.622,0.9635,0,0,0,0
678.654,0.9635,0,0,0,0
678.686,0.9635,0,0,0,0
678.719,0.9635,0,0,0,0
678.754,0.9635,0,0,0,0
678.789,0.9635,0,0,0,0
678.820,0.9635,0,0,0,0
678.853,0.9635,0,0,0,0
678.887,0.9635,0,0,0,0
678.920,0.9635,0,0,0,0
678.954,0.9635,0,0,0,0
678.990,0.9635,0,0,0,0
679.023,0.9635,0,0,0,0
679.055,0.9635,0,0,0,0
679.085,0.9635,0,0,0,0
679.119,0.9635,0,0,0,0
679.152,0.9635,0,0,0,0
679.188,0.9635,0,0,0,0
679.217,0.9635,0,0,0,0
679.252,0.9635,0,0,0,0
679.289,0.9635,0,0,0,0
679.321,0.9635,0,0,0,0
679.352,0.9635,0,0,0,0
679.390,0.9635,0,0,0,0
679.421,0.9635,0,0,0,0
679.455,0.9635,0,0,0,0
679.490,0.9635,0,0,0,0
679.520,0.9635,0,0,0,0
679.556,0.9635,0,0,0,0
679.587,0.9635,0,0,0,0
679.622,0.9635,0,0,0,0
679.655,0.9635,0,0,0,0
679.687,0.9635,0,0,0,0
679.720,0.9635,0,0,0,0
679.756,0.9635,0,0,0,0
679.787,0.9635,0,0,0,0
679.822,0.9635,0,0,0,0
679.853,0.9635,0,0,0,0
679.886,0.9635,0,0,0,0
679.921,0.9635,0,0,0,0
679.956,0.9635,0,0,0,0
679.987,0.9635,0,0,0,0
680.019,0.9635,0,0,0,0
680.052,0.9635,0,0,0,0
680.086,0.9635,0,0,0,0
680.119,0.9635,0,0,0,0
680.155,0.9635,0,0,0,0
680.189,0.9635,0,0,0,0
680.221,0.9635,0,0,0,0
680.257,0.9635,0,0,0,0
680.286,0.9635,0,0,0,0
680.320,0.9635,0,0,0,0
680.353,0.9635,0,0,0,0
680.386,0.9635,0,0,0,0
680.419,0.9635,0,0,0,0
680.459,0.9635,0,0,0,0
680.480,0.9635,0,0,0,0
680.523,0.9635,0,0,0,0
680.553,0.9635,0,0,0,0
680.585,0.9635,0,0,0,0
680.619,0.9635,0,0,0,0
680.657,0.9635,0,0,0,0
680.687,0.9635,0,0,0,0
680.720,0.9635,0,0,0,0
680.754,0.9635,0,0,0,0
680.790,0.9635,0,0,0,0
680.820,0.9635,0,0,0,0
680.854,0.9635,0,0,0,0
680.885,0.9635,0,0,0,0
680.923,0.9635,0,0,0,0
680.954,0.9635,0,0,0,0
680.989,0.9635,0,0,0,0
681.022,0.9635,0,0,0,0
681.055,0.9635,0,0,0,0
681.089,0.9635,0,0,0,0
681.120,0.9635,0,0,0,0
681.153,0.9635,0,0,0,0
681.186,0.9635,0,0,0,0
681.221,0.9635,0,0,0,0
681.257,0.9635,0,0,0,0
681.289,0.9635,0,0,0,0
681.320,0.9635,0,0,0,0
681.353,0.9635,0,0,0,0
681.387,0.9635,0,0,0,0
681.419,0.9635,0,0,0,0
681.455,0.9635,0,0,0,0
681.489,0.9635,0,0,0,0
681.519,0.9635,0,0,0,0
681.553,0.9635,0,0,0,0
681.586,0.9635,0,0,0,0
681.620,0.9635,0,0,0,0
681.655,0.9635,0,0,0,0
681.688,0.9635,0,0,0,0
681.720,0.9635,0,0,0,0
681.752,0.9635,0,0,0,0
681.791,0.9635,0,0,0,0
681.820,0.9635,0,0,0,0
681.853,0.9635,0,0,0,0
681.890,0.9635,0,0,0,0
681.919,0.9635,0,0,0,0
681.956,0.9635,0,0,0,0
681.986,0.9635,0,0,0,0
682.021,0.9635,0,0,0,0
682.053,0.9635,0,0,0,0
682.087,0.9635,0,0,0,0
682.120,0.9635,0,0,0,0
682.154,0.9635,0,0,0,0
682.189,0.9635,0,0,0,0
682.221,0.9635,0,0,0,0
682.253,0.9635,0,0,0,0
682.289,0.9635,0,0,0,0
682.319,0.9635,0,0,0,0
682.354,0.9635,0,0,0,0
682.388,0.9635,0,0,0,0
682.422,0.9635,0,0,0,0
682.455,0.9635,0,0,0,0
682.487,0.9635,0,0,0,0
682.522,0.9635,0,0,0,0
682.556,0.9635,0,0,0,0
682.588,0.9635,0,0,0,0
682.618,0.9635,0,0,0,0
682.655,0.9635,0,0,0,0
682.686,0.9635,0,0,0,0
682.720,0.9635,0,0,0,0
682.753,0.9635,0,0,0,0
682.788,0.9635,0,0,0,0
682.820,0.9635,0,0,0,0
682.852,0.9635,0,0,0,0
682.889,0.9635,0,0,0,0
682.920,0.9635,0,0,0,0
682.957,0.9635,0,0,0,0
682.986,0.9635,0,0,0,0
683.019,0.9635,0,0,0,0
683.055,0.9635,0,0,0,0
683.088,0.9635,0,0,0,0
683.122,0.9635,0,0,0,0
683.155,0.9635,0,0,0,0
683.187,0.9635,0,0,0,0
683.218,0.9635,0,0,0,0
683.253,0.9635,0,0,0,0
683.288,0.9635,0,0,0,0
683.319,0.9635,0,0,0,0
683.353,0.9635,0,0,0,0
683.386,0.9635,0,0,0,0
683.421,0.9635,0,0,0,0
683.454,0.9635,0,0,0,0
683.489,0.9635,0,0,0,0
683.522,0.9635,0,0,0,0
683.553,0.9635,0,0,0,0
683.588,0.9635,0,0,0,0
683.619,0.9635,0,0,0,0
683.656,0.9635,0,0,0,0
683.687,0.9635,0,0,0,0
683.719,0.9635,0,0,0,0
683.753,0.9635,0,0,0,0
683.789,0.9635,0,0,0,0
683.821,0.9635,0,0,0,0
683.854,0.9635,0,0,0,0
683.887,0.9635,0,0,0,0
683.919,0.9635,0,0,0,0
683.955,0.9635,0,0,0,0
683.988,0.9635,0,0,0,0
684.020,0.9635,0,0,0,0
684.053,0.9635,0,0,0,0
684.089,0.9635,0,0,0,0
684.119,0.9635,0,0,0,0
684.155,0.9635,0,0,0,0
684.187,0.9635,0,0,0,0
684.221,0.9635,0,0,0,0
684.252,0.9635,0,0,0,0
684.287,0.9635,0,0,0,0
684.322,0.9635,0,0,0,0
684.355,0.9635,0,0,0,0
684.385,0.9635,0,0,0,0
684.422,0.9635,0,0,0,0
684.454,0.9635,0,0,0,0
684.489,0.9635,0,0,0,0
684.519,0.9635,0,0,0,0
684.552,0.9635,0,0,0,0
684.588,0.9635,0,0,0,0
684.621,0.9635,0,0,0,0
684.654,0.9635,0,0,0,0
684.690,0.9635,0,0,0,0
684.719,0.9635,0,0,0,0
684.752,0.9635,0,0,0,0
684.788,0.9635,0,0,0,0
684.822,0.9635,0,0,0,0
684.854,0.9635,0,0,0,0
684.885,0.9635,0,0,0,0
684.923,0.9635,0,0,0,0
684.954,0.9635,0,0,0,0
684.989,0.9635,0,0,0,0
685.019,0.9635,0,0,0,0
685.053,0.9635,0,0,0,0
685.088,0.9635,0,0,0,0
685.121,0.9635,0,0,0,0
685.153,0.9635,0,0,0,0
685.188,0.9635,0,0,0,0
685.222,0.9635,0,0,0,0
685.249,0.9635,0,0,0,0
685.287,0.9635,0,0,0,0
685.322,0.9635,0,0,0,0
685.354,0.9635,0,0,0,0
685.386,0.9635,0,0,0,0
685.421,0.9635,0,0,0,0
685.454,0.9635,0,0,0,0
685.486,0.9635,0,0,0,0
685.519,0.9635,0,0,0,0
685.557,0.9635,0,0,0,0
685.586,0.9635,0,0,0,0
685.625,0.9635,0,0,0,0
685.656,0.9635,0,0,0,0
685.688,0.9635,0,0,0,0
685.721,0.9635,0,0,0,0
685.754,0.9635,0,0,0,0
685.787,0.9635,0,0,0,0
685.820,0.9635,0,0,0,0
685.854,0.9635,0,0,0,0
685.885,0.9635,0,0,0,0
685.921,0.9635,0,0,0,0
685.952,0.9635,0,0,0,0
685.989,0.9635,0,0,0,0
686.021,0.9635,0,0,0,0
686.053,0.9635,0,0,0,0
686.089,0.9635,0,0,0,0
686.122,0.9635,0,0,0,0
686.153,0.9635,0,0,0,0
686.189,0.9635,0,0,0,0
686.222,0.9635,0,0,0,0
686.253,0.9635,0,0,0,0
686.286,0.9635,0,0,0,0
686.322,0.9635,0,0,0,0
686.356,0.9635,0,0,0,0
686.389,0.9635,0,0,0,0
686.420,0.9635,0,0,0,0
686.454,0.9635,0,0,0,0
686.486,0.9635,0,0,0,0
686.520,0.9635,0,0,0,0
686.553,0.9635,0,0,0,0
686.587,0.9635,0,0,0,0
686.622,0.9635,0,0,0,0
686.654,0.9635,0,0,0,0
686.690,0.9635,0,0,0,0
686.723,0.9635,0,0,0,0
686.752,0.9635,0,0,0,0
686.785,0.9635,0,0,0,0
686.822,0.9635,0,0,0,0
686.854,0.9635,0,0,0,0
686.889,0.9635,0,0,0,0
686.920,0.9635,0,0,0,0
686.953,0.9635,0,0,0,0
686.988,0.9635,0,0,0,0
687.021,0.9635,0,0,0,0
687.052,0.9635,0,0,0,0
687.087,0.9635,0,0,0,0
687.120,0.9635,0,0,0,0
687.152,0.9635,0,0,0,0
687.190,0.9635,0,0,0,0
687.221,0.9635,0,0,0,0
687.256,0.9635,0,0,0,0
687.288,0.9635,0,0,0,0
687.323,0.9635,0,0,0,0
687.355,0.9635,0,0,0,0
687.386,0.9635,0,0,0,0
687.419,0.9635,0,0,0,0
687.456,0.9635,0,0,0,0
687.488,0.9635,0,0,0,0
687.521,0.9635,0,0,0,0
687.555,0.9635,0,0,0,0
687.587,0.9635,0,0,0,0
687.619,0.9635,0,0,0,0
687.652,0.9635,0,0,0,0
687.686,0.9635,0,0,0,0
687.722,0.9635,0,0,0,0
687.753,0.9635,0,0,0,0
687.789,0.9635,0,0,0,0
687.820,0.9635,0,0,0,0
687.853,0.9635,0,0,0,0
687.887,0.9635,0,0,0,0
687.921,0.9635,0,0,0,0
687.952,0.9635,0,0,0,0
687.989,0.9635,0,0,0,0
688.020,0.9635,0,0,0,0
688.054,0.9635,0,0,0,0
688.085,0.9635,0,0,0,0
688.122,0.9635,0,0,0,0
688.155,0.9635,0,0,0,0
688.188,0.9635,0,0,0,0
688.222,0.9635,0,0,0,0
688.252,0.9635,0,0,0,0
688.285,0.9635,0,0,0,0
688.322,0.9635,0,0,0,0
688.352,0.9635,0,0,0,0
688.390,0.9635,0,0,0,0
688.423,0.9635,0,0,0,0
688.452,0.9635,0,0,0,0
688.488,0.9635,0,0,0,0
688.523,0.9635,0,0,0,0
688.555,0.9635,0,0,0,0
688.586,0.9635,0,0,0,0
688.622,0.9635,0,0,0,0
688.656,0.9635,0,0,0,0
688.686,0.9635,0,0,0,0
688.721,0.9635,0,0,0,0
688.755,0.9635,0,0,0,0
688.786,0.9635,0,0,0,0
688.819,0.9635,0,0,0,0
688.852,0.9635,0,0,0,0
688.889,0.9635,0,0,0,0
688.920,0.9635,0,0,0,0
688.953,0.9635,0,0,0,0
688.986,0.9635,0,0,0,0
689.022,0.9635,0,0,0,0
689.054,0.9635,0,0,0,0
689.089,0.9635,0,0,0,0
689.120,0.9635,0,0,0,0
689.152,0.9635,0,0,0,0
689.188,0.9635,0,0,0,0
689.222,0.9635,0,0,0,0
689.255,0.9635,0,0,0,0
689.286,0.9635,0,0,0,0
689.321,0.9635,0,0,0,0
689.354,0.9635,0,0,0,0
689.390,0.9635,0,0,0,0
689.420,0.9635,0,0,0,0
689.455,0.9635,0,0,0,0
689.487,0.9635,0,0,0,0
689.518,0.9635,0,0,0,0
689.552,0.9635,0,0,0,0
689.590,0.9635,0,0,0,0
689.622,0.9635,0,0,0,0
689.655,0.9635,0,0,0,0
689.690,0.9635,0,0,0,0
689.721,0.9635,0,0,0,0
689.753,0.9635,0,0,0,0
689.787,0.9635,0,0,0,0
689.820,0.9635,0,0,0,0
689.855,0.9635,0,0,0,0
689.886,0.9635,0,0,0,0
689.919,0.9635,0,0,0,0
689.952,0.9635,0,0,0,0
689.986,0.9635,0,0,0,0
690.023,0.9635,0,0,0,0
690.056,0.9635,0,0,0,0
690.085,0.9635,0,0,0,0
690.118,0.9635,0,0,0,0
690.152,0.9635,0,0,0,0
690.188,0.9635,0,0,0,0
690.221,0.9635,0,0,0,0
690.252,0.9635,0,0,0,0
690.289,0.9635,0,0,0,0
690.322,0.9635,0,0,0,0
690.352,0.9635,0,0,0,0
690.389,0.9635,0,0,0,0
690.422,0.9635,0,0,0,0
690.454,0.9635,0,0,0,0
690.487,0.9635,0,0,0,0
690.520,0.9635,0,0,0,0
690.555,0.9635,0,0,0,0
690.587,0.9635,0,0,0,0
690.621,0.9635,0,0,0,0
690.654,0.9635,0,0,0,0
690.686,0.9635,0,0,0,0
690.722,0.9635,0,0,0,0
690.752,0.9635,0,0,0,0
690.787,0.9635,0,0,0,0
690.819,0.9635,0,0,0,0
690.852,0.9635,0,0,0,0
690.887,0.9635,0,0,0,0
690.919,0.9635,0,0,0,0
690.952,0.9635,0,0,0,0
690.989,0.9635,0,0,0,0
691.019,0.9635,0,0,0,0
691.056,0.9635,0,0,0,0
691.089,0.9635,0,0,0,0
691.122,0.9635,0,0,0,0
691.155,0.9635,0,0,0,0
691.185,0.9635,0,0,0,0
691.221,0.9635,0,0,0,0
691.253,0.9635,0,0,0,0
691.289,0.9635,0,0,0,0
691.320,0.9635,0,0,0,0
691.354,0.9635,0,0,0,0
691.388,0.9635,0,0,0,0
691.419,0.9635,0,0,0,0
691.456,0.9635,0,0,0,0
691.489,0.9635,0,0,0,0
691.521,0.9635,0,0,0,0
691.553,0.9635,0,0,0,0
691.585,0.9635,0,0,0,0
691.622,0.9635,0,0,0,0
691.655,0.9635,0,0,0,0
691.690,0.9635,0,0,0,0
691.720,0.9635,0,0,0,0
691.757,0.9635,0,0,0,0
691.786,0.9635,0,0,0,0
691.819,0.9635,0,0,0,0
691.856,0.9635,0,0,0,0
691.888,0.9635,0,0,0,0
691.919,0.9635,0,0,0,0
691.952,0.9635,0,0,0,0
691.986,0.9635,0,0,0,0
692.019,0.9635,0,0,0,0
692.052,0.9635,0,0,0,0
692.087,0.9635,0,0,0,0
692.122,0.9635,0,0,0,0
692.155,0.9635,0,0,0,0
692.190,0.9635,0,0,0,0
692.221,0.9635,0,0,0,0
692.253,0.9635,0,0,0,0
692.288,0.9635,0,0,0,0
692.322,0.9635,0,0,0,0
692.356,0.9635,0,0,0,0
692.389,0.9635,0,0,0,0
692.419,0.9635,0,0,0,0
692.453,0.9635,0,0,0,0
692.487,0.9635,0,0,0,0
692.521,0.9635,0,0,0,0
692.556,0.9635,0,0,0,0
692.586,0.9635,0,0,0,0
692.620,0.9635,0,0,0,0
692.652,0.9635,0,0,0,0
692.689,0.9635,0,0,0,0
692.724,0.9635,0,0,0,0
692.753,0.9635,0,0,0,0
692.788,0.9635,0,0,0,0
692.820,0.9635,0,0,0,0
692.855,0.9635,0,0,0,0
692.888,0.9635,0,0,0,0
692.921,0.9635,0,0,0,0
692.953,0.9635,0,0,0,0
692.986,0.9635,0,0,0,0
693.019,0.9635,0,0,0,0
693.054,0.9635,0,0,0,0
693.088,0.9635,0,0,0,0
693.122,0.9635,0,0,0,0
693.152,0.9635,0,0,0,0
693.186,0.9635,0,0,0,0
693.222,0.9635,0,0,0,0
693.254,0.9635,0,0,0,0
693.290,0.9635,0,0,0,0
693.320,0.9635,0,0,0,0
693.356,0.9635,0,0,0,0
693.390,0.9635,0,0,0,0
693.420,0.9635,0,0,0,0
693.453,0.9635,0,0,0,0
693.487,0.9635,0,0,0,0
693.519,0.9635,0,0,0,0
693.554,0.9635,0,0,0,0
693.588,0.9635,0,0,0,0
693.616,0.9635,0,0,0,0
693.654,0.9635,0,0,0,0
693.689,0.9635,0,0,0,0
693.720,0.9635,0,0,0,0
693.753,0.9635,0,0,0,0
693.787,0.9635,0,0,0,0
693.823,0.9635,0,0,0,0
693.854,0.9635,0,0,0,0
693.888,0.9635,0,0,0,0
693.919,0.9635,0,0,0,0
693.956,0.9635,0,0,0,0
693.989,0.9635,0,0,0,0
694.019,0.9635,0,0,0,0
694.058,0.9635,0,0,0,0
694.086,0.9635,0,0,0,0
694.122,0.9635,0,0,0,0
694.151,0.9635,0,0,0,0
694.186,0.9635,0,0,0,0
694.220,0.9635,0,0,0,0
694.254,0.9635,0,0,0,0
694.288,0.9635,0,0,0,0
694.322,0.9635,0,0,0,0
694.355,0.9635,0,0,0,0
694.388,0.9635,0,0,0,0
694.420,0.9635,0,0,0,0
694.455,0.9635,0,0,0,0
694.488,0.9635,0,0,0,0
694.522,0.9635,0,0,0,0
694.552,0.9635,0,0,0,0
694.588,0.9635,0,0,0,0
694.619,0.9635,0,0,0,0
694.654,0.9635,0,0,0,0
694.687,0.9635,0,0,0,0
694.722,0.9635,0,0,0,0
694.755,0.9635,0,0,0,0
694.789,0.9635,0,0,0,0
694.816,0.9635,0,0,0,0
694.852,0.9635,0,0,0,0
694.885,0.9635,0,0,0,0
694.920,0.9635,0,0,0,0
694.953,0.9635,0,0,0,0
694.988,0.9635,0,0,0,0
695.019,0.9635,0,0,0,0
695.056,0.9635,0,0,0,0
695.087,0.9635,0,0,0,0
695.122,0.9635,0,0,0,0
695.154,0.9635,0,0,0,0
695.190,0.9635,0,0,0,0
695.221,0.9635,0,0,0,0
695.253,0.9635,0,0,0,0
695.287,0.9635,0,0,0,0
695.322,0.9635,0,0,0,0
695.355,0.9635,0,0,0,0
695.387,0.9635,0,0,0,0
695.421,0.9635,0,0,0,0
695.454,0.9635,0,0,0,0
695.489,0.9635,0,0,0,0
695.520,0.9635,0,0,0,0
695.552,0.9635,0,0,0,0
695.588,0.9635,0,0,0,0
695.622,0.9635,0,0,0,0
695.653,0.9635,0,0,0,0
695.690,0.9635,0,0,0,0
695.722,0.9635,0,0,0,0
695.755,0.9635,0,0,0,0
695.788,0.9635,0,0,0,0
695.821,0.9635,0,0,0,0
695.852,0.9635,0,0,0,0
695.888,0.9635,0,0,0,0
695.921,0.9635,0,0,0,0
695.954,0.9635,0,0,0,0
695.989,0.9635,0,0,0,0
696.019,0.9635,0,0,0,0
696.056,0.9635,0,0,0,0
696.086,0.9635,0,0,0,0
696.123,0.9635,0,0,0,0
696.152,0.9635,0,0,0,0
696.188,0.9635,0,0,0,0
696.219,0.9635,0,0,0,0
696.252,0.9635,0,0,0,0
696.287,0.9635,0,0,0,0
696.322,0.9635,0,0,0,0
696.355,0.9635,0,0,0,0
696.387,0.9635,0,0,0,0
696.421,0.9635,0,0,0,0
696.452,0.9635,0,0,0,0
696.486,0.9635,0,0,0,0
696.521,0.9635,0,0,0,0
696.552,0.9635,0,0,0,0
696.587,0.9635,0,0,0,0
696.621,0.9635,0,0,0,0
696.653,0.9635,0,0,0,0
696.687,0.9635,0,0,0,0
696.719,0.9635,0,0,0,0
696.762,0.9635,0,0,0,0
696.787,0.9635,0,0,0,0
696.820,0.9635,0,0,0,0
696.853,0.9635,0,0,0,0
696.889,0.9635,0,0,0,0
696.923,0.9635,0,0,0,0
696.955,0.9635,0,0,0,0
696.989,0.9635,0,0,0,0
697.011,0.9635,0,0,0,0
697.055,0.9635,0,0,0,0
697.090,0.9635,0,0,0,0
697.120,0.9635,0,0,0,0
697.152,0.9635,0,0,0,0
697.188,0.9635,0,0,0,0
697.221,0.9635,0,0,0,0
697.255,0.9635,0,0,0,0
697.288,0.9635,0,0,0,0
697.322,0.9635,0,0,0,0
697.356,0.9635,0,0,0,0
697.386,0.9635,0,0,0,0
697.419,0.9635,0,0,0,0
697.455,0.9635,0,0,0,0
697.487,0.9635,0,0,0,0
697.520,0.9635,0,0,0,0
697.556,0.9635,0,0,0,0
697.588,0.9635,0,0,0,0
697.621,0.9635,0,0,0,0
697.652,0.9635,0,0,0,0
697.688,0.9635,0,0,0,0
697.719,0.9635,0,0,0,0
697.753,0.9635,0,0,0,0
697.787,0.9635,0,0,0,0
697.825,0.9635,0,0,0,0
697.856,0.9635,0,0,0,0
697.886,0.9635,0,0,0,0
697.920,0.9635,0,0,0,0
697.951,0.9635,0,0,0,0
697.986,0.9635,0,0,0,0
698.012,0.9635,0,0,0,0
698.052,0.9635,0,0,0,0
698.087,0.9635,0,0,0,0
698.119,0.9635,0,0,0,0
698.153,0.9635,0,0,0,0
698.187,0.9635,0,0,0,0
698.222,0.9635,0,0,0,0
698.255,0.9635,0,0,0,0
698.289,0.9635,0,0,0,0
698.318,0.9635,0,0,0,0
698.354,0.9635,0,0,0,0
698.388,0.9635,0,0,0,0
698.422,0.9635,0,0,0,0
698.453,0.9635,0,0,0,0
698.484,0.9635,0,0,0,0
698.521,0.9635,0,0,0,0
698.553,0.9635,0,0,0,0
698.587,0.9635,0,0,0,0
698.621,0.9635,0,0,0,0
698.654,0.9635,0,0,0,0
698.687,0.9635,0,0,0,0
698.719,0.9635,0,0,0,0
698.752,0.9635,0,0,0,0
698.788,0.9635,0,0,0,0
698.819,0.9635,0,0,0,0
698.856,0.9635,0,0,0,0
698.885,0.9635,0,0,0,0
698.919,0.9635,0,0,0,0
698.955,0.9635,0,0,0,0
698.985,0.9635,0,0,0,0
699.023,0.9635,0,0,0,0
699.055,0.9635,0,0,0,0
699.088,0.9635,0,0,0,0
699.121,0.9635,0,0,0,0
699.155,0.9635,0,0,0,0
699.189,0.9635,0,0,0,0
699.219,0.9635,0,0,0,0
699.256,0.9635,0,0,0,0
699.286,0.9635,0,0,0,0
699.321,0.9635,0,0,0,0
699.353,0.9635,0,0,0,0
699.385,0.9635,0,0,0,0
699.421,0.9635,0,0,0,0
699.455,0.9635,0,0,0,0
699.488,0.9635,0,0,0,0
699.523,0.9635,0,0,0,0
699.553,0.9635,0,0,0,0
699.583,0.9635,0,0,0,0
699.619,0.9635,0,0,0,0
699.654,0.9635,0,0,0,0
699.688,0.9635,0,0,0,0
699.723,0.9635,0,0,0,0
699.753,0.9635,0,0,0,0
699.787,0.9635,0,0,0,0
699.823,0.9635,0,0,0,0
699.854,0.9635,0,0,0,0
699.885,0.9635,0,0,0,0
699.909,0.9635,0,0,0,0
699.954,0.9635,0,0,0,0
699.988,0.9635,0,0,0,0
700.021,0.9635,0,0,0,0
700.054,0.9635,0,0,0,0
700.087,0.9635,0,0,0,0
700.119,0.9635,0,0,0,0
700.155,0.9635,0,0,0,0
700.185,0.9635,0,0,0,0
700.223,0.9635,0,0,0,0
700.255,0.9635,0,0,0,0
700.286,0.9635,0,0,0,0
700.321,0.9635,0,0,0,0
700.356,0.9635,0,0,0,0
700.386,0.9635,0,0,0,0
700.419,0.9635,0,0,0,0
700.451,0.9635,0,0,0,0
700.487,0.9635,0,0,0,0
700.513,0.9635,0,0,0,0
700.554,0.9635,0,0,0,0
700.587,0.9635,0,0,0,0
700.620,0.9635,0,0,0,0
700.653,0.9635,0,0,0,0
700.688,0.9635,0,0,0,0
700.722,0.9635,0,0,0,0
700.753,0.9635,0,0,0,0
700.786,0.9635,0,0,0,0
700.822,0.9635,0,0,0,0
700.845,0.9635,0,0,0,0
700.886,0.9635,0,0,0,0
700.922,0.9635,0,0,0,0
700.955,0.9635,0,0,0,0
700.987,0.9635,0,0,0,0
701.020,0.9635,0,0,0,0
701.052,0.9635,0,0,0,0
701.088,0.9635,0,0,0,0
701.120,0.9635,0,0,0,0
701.154,0.9635,0,0,0,0
701.188,0.9635,0,0,0,0
701.221,0.9635,0,0,0,0
701.255,0.9635,0,0,0,0
701.289,0.9635,0,0,0,0
701.320,0.9635,0,0,0,0
701.351,0.9635,0,0,0,0
701.387,0.9635,0,0,0,0
701.422,0.9635,0,0,0,0
701.454,0.9635,0,0,0,0
701.489,0.9635,0,0,0,0
701.523,0.9635,0,0,0,0
701.553,0.9635,0,0,0,0
701.586,0.9634,0,0,0,0
701.619,0.9634,0,0,0,0
701.654,0.9634,0,0,0,0
701.686,0.9634,0,0,0,0
701.721,0.9634,0,0,0,0
701.755,0.9634,0,0,0,0
701.788,0.9634,0,0,0,0
701.819,0.9634,0,0,0,0
701.854,0.9634,0,0,0,0
701.888,0.9634,0,0,0,0
701.920,0.9634,0,0,0,0
701.956,0.9634,0,0,0,0
701.987,0.9634,0,0,0,0
702.022,0.9634,0,0,0,0
702.055,0.9634,0,0,0,0
702.087,0.9634,0,0,0,0
702.119,0.9634,0,0,0,0
702.155,0.9634,0,0,0,0
702.186,0.9634,0,0,0,0
702.219,0.9634,0,0,0,0
702.251,0.9634,0,0,0,0
702.289,0.9634,0,0,0,0
702.320,0.9634,0,0,0,0
702.354,0.9634,0,0,0,0
702.389,0.9634,0,0,0,0
702.420,0.9634,0,0,0,0
702.453,0.9634,0,0,0,0
702.486,0.9634,0,0,0,0
702.522,0.9634,0,0,0,0
702.553,0.9634,0,0,0,0
702.589,0.9634,0,0,0,0
702.622,0.9634,0,0,0,0
702.652,0.9634,0,0,0,0
702.689,0.9634,0,0,0,0
702.719,0.9634,0,0,0,0
702.754,0.9634,0,0,0,0
702.786,0.9634,0,0,0,0
702.822,0.9634,0,0,0,0
702.856,0.9634,0,0,0,0
702.885,0.9634,0,0,0,0
702.921,0.9634,0,0,0,0
702.953,0.9634,0,0,0,0
702.985,0.9634,0,0,0,0
703.020,0.9634,0,0,0,0
703.054,0.9634,0,0,0,0
703.087,0.9634,0,0,0,0
703.125,0.9634,0,0,0,0
703.155,0.9634,0,0,0,0
703.187,0.9634,0,0,0,0
703.219,0.9634,0,0,0,0
703.253,0.9634,0,0,0,0
703.286,0.9634,0,0,0,0
703.321,0.9634,0,0,0,0
703.353,0.9634,0,0,0,0
703.389,0.9634,0,0,0,0
703.419,0.9634,0,0,0,0
703.452,0.9634,0,0,0,0
703.486,0.9634,0,0,0,0
703.520,0.9634,0,0,0,0
703.554,0.9634,0,0,0,0
703.586,0.9634,0,0,0,0
703.622,0.9634,0,0,0,0
703.653,0.9634,0,0,0,0
703.686,0.9634,0,0,0,0
703.723,0.9634,0,0,0,0
703.754,0.9634,0,0,0,0
703.787,0.9634,0,0,0,0
703.820,0.9634,0,0,0,0
703.856,0.9634,0,0,0,0
703.882,0.9634,0,0,0,0
703.920,0.9634,0,0,0,0
703.956,0.9634,0,0,0,0
703.987,0.9634,0,0,0,0
704.019,0.9634,0,0,0,0
704.055,0.9634,0,0,0,0
704.090,0.9634,0,0,0,0
704.121,0.9634,0,0,0,0
704.153,0.9634,0,0,0,0
704.186,0.9634,0,0,0,0
704.221,0.9634,0,0,0,0
704.256,0.9634,0,0,0,0
704.289,0.9634,0,0,0,0
704.320,0.9634,0,0,0,0
704.356,0.9634,0,0,0,0
704.388,0.9634,0,0,0,0
704.419,0.9634,0,0,0,0
704.453,0.9634,0,0,0,0
704.487,0.9634,0,0,0,0
704.523,0.9634,0,0,0,0
704.554,0.9634,0,0,0,0
704.588,0.9634,0,0,0,0
704.619,0.9634,0,0,0,0
704.652,0.9634,0,0,0,0
704.690,0.9634,0,0,0,0
704.719,0.9634,0,0,0,0
704.752,0.9634,0,0,0,0
704.786,0.9634,0,0,0,0
704.820,0.9634,0,0,0,0
704.856,0.9634,0,0,0,0
704.890,0.9634,0,0,0,0
704.922,0.9634,0,0,0,0
704.955,0.9634,0,0,0,0
704.988,0.9634,0,0,0,0
705.019,0.9634,0,0,0,0
705.054,0.9634,0,0,0,0
705.085,0.9634,0,0,0,0
705.119,0.9634,0,0,0,0
705.152,0.9634,0,0,0,0
705.189,0.9634,0,0,0,0
705.221,0.9634,0,0,0,0
705.252,0.9634,0,0,0,0
705.285,0.9634,0,0,0,0
705.321,0.9634,0,0,0,0
705.354,0.9634,0,0,0,0
705.390,0.9634,0,0,0,0
705.420,0.9634,0,0,0,0
705.454,0.9634,0,0,0,0
705.488,0.9634,0,0,0,0
705.519,0.9634,0,0,0,0
705.555,0.9634,0,0,0,0
705.587,0.9634,0,0,0,0
705.622,0.9634,0,0,0,0
705.652,0.9634,0,0,0,0
705.686,0.9634,0,0,0,0
705.725,0.9634,0,0,0,0
705.753,0.9634,0,0,0,0
705.787,0.9634,0,0,0,0
705.820,0.9634,0,0,0,0
705.854,0.9634,0,0,0,0
705.887,0.9634,0,0,0,0
705.921,0.9634,0,0,0,0
705.957,0.9634,0,0,0,0
705.988,0.9634,0,0,0,0
706.020,0.9634,0,0,0,0
706.054,0.9634,0,0,0,0
706.088,0.9634,0,0,0,0
706.119,0.9634,0,0,0,0
706.153,0.9634,0,0,0,0
706.185,0.9634,0,0,0,0
706.222,0.9634,0,0,0,0
706.256,0.9634,0,0,0,0
706.287,0.9634,0,0,0,0
706.320,0.9634,0,0,0,0
706.360,0.9634,0,0,0,0
706.387,0.9634,0,0,0,0
706.422,0.9634,0,0,0,0
706.454,0.9634,0,0,0,0
706.488,0.9634,0,0,0,0
706.522,0.9634,0,0,0,0
706.555,0.9634,0,0,0,0
706.588,0.9634,0,0,0,0
706.621,0.9634,0,0,0,0
706.653,0.9634,0,0,0,0
706.687,0.9634,0,0,0,0
706.723,0.9634,0,0,0,0
706.755,0.9634,0,0,0,0
706.788,0.9634,0,0,0,0
706.819,0.9634,0,0,0,0
706.856,0.9634,0,0,0,0
706.886,0.9634,0,0,0,0
706.923,0.9634,0,0,0,0
706.952,0.9634,0,0,0,0
706.992,0.9634,0,0,0,0
707.021,0.9634,0,0,0,0
707.052,0.9634,0,0,0,0
707.090,0.9634,0,0,0,0
707.112,0.9634,0,0,0,0
707.156,0.9634,0,0,0,0
707.179,0.9634,0,0,0,0
707.223,0.9634,0,0,0,0
707.257,0.9634,0,0,0,0
707.289,0.9634,0,0,0,0
707.322,0.9634,0,0,0,0
707.352,0.9634,0,0,0,0
707.385,0.9634,0,0,0,0
707.419,0.9634,0,0,0,0
707.455,0.9634,0,0,0,0
707.487,0.9634,0,0,0,0
707.523,0.9634,0,0,0,0
707.555,0.9634,0,0,0,0
707.596,0.9634,0,0,0,0
707.622,0.9634,0,0,0,0
707.654,0.9634,0,0,0,0
707.685,0.9634,0,0,0,0
707.720,0.9634,0,0,0,0
707.756,0.9634,0,0,0,0
707.788,0.9634,0,0,0,0
707.822,0.9634,0,0,0,0
707.855,0.9634,0,0,0,0
707.886,0.9634,0,0,0,0
707.921,0.9634,0,0,0,0
707.953,0.9634,0,0,0,0
707.987,0.9634,0,0,0,0
708.021,0.9634,0,0,0,0
708.052,0.9634,0,0,0,0
708.089,0.9634,0,0,0,0
708.123,0.9634,0,0,0,0
708.153,0.9634,0,0,0,0
708.186,0.9634,0,0,0,0
708.220,0.9634,0,0,0,0
708.253,0.9634,0,0,0,0
708.287,0.9634,0,0,0,0
708.321,0.9634,0,0,0,0
708.356,0.9634,0,0,0,0
708.388,0.9634,0,0,0,0
708.420,0.9634,0,0,0,0
708.456,0.9634,0,0,0,0
708.487,0.9634,0,0,0,0
708.519,0.9634,0,0,0,0
708.555,0.9634,0,0,0,0
708.587,0.9634,0,0,0,0
708.620,0.9634,0,0,0,0
708.656,0.9634,0,0,0,0
708.686,0.9634,0,0,0,0
708.719,0.9634,0,0,0,0
708.756,0.9634,0,0,0,0
708.787,0.9634,0,0,0,0
708.819,0.9634,0,0,0,0
708.852,0.9634,0,0,0,0
708.886,0.9634,0,0,0,0
708.923,0.9634,0,0,0,0
708.953,0.9634,0,0,0,0
708.987,0.9634,0,0,0,0
709.022,0.9634,0,0,0,0
709.054,0.9634,0,0,0,0
709.086,0.9634,0,0,0,0
709.122,0.9634,0,0,0,0
709.153,0.9634,0,0,0,0
709.191,0.9634,0,0,0,0
709.222,0.9634,0,0,0,0
709.253,0.9634,0,0,0,0
709.288,0.9634,0,0,0,0
709.319,0.9634,0,0,0,0
709.356,0.9634,0,0,0,0
709.389,0.9634,0,0,0,0
709.421,0.9634,0,0,0,0
709.453,0.9634,0,0,0,0
709.488,0.9634,0,0,0,0
709.521,0.9634,0,0,0,0
709.558,0.9634,0,0,0,0
709.587,0.9634,0,0,0,0
709.623,0.9634,0,0,0,0
709.654,0.9634,0,0,0,0
709.685,0.9634,0,0,0,0
709.722,0.9634,0,0,0,0
709.753,0.9634,0,0,0,0
709.789,0.9634,0,0,0,0
709.811,0.9634,0,0,0,0
709.856,0.9634,0,0,0,0
709.887,0.9634,0,0,0,0
709.919,0.9634,0,0,0,0
709.952,0.9634,0,0,0,0
709.985,0.9634,0,0,0,0
710.022,0.9634,0,0,0,0
710.052,0.9634,0,0,0,0
710.086,0.9634,0,0,0,0
710.124,0.9634,0,0,0,0
710.156,0.9634,0,0,0,0
710.186,0.9634,0,0,0,0
710.223,0.9634,0,0,0,0
710.253,0.9634,0,0,0,0
710.290,0.9634,0,0,0,0
710.321,0.9634,0,0,0,0
710.357,0.9634,0,0,0,0
710.389,0.9634,0,0,0,0
710.419,0.9634,0,0,0,0
710.455,0.9634,0,0,0,0
710.489,0.9634,0,0,0,0
710.521,0.9634,0,0,0,0
710.553,0.9634,0,0,0,0
710.586,0.9634,0,0,0,0
710.621,0.9634,0,0,0,0
710.656,0.9634,0,0,0,0
710.685,0.9634,0,0,0,0
710.722,0.9634,0,0,0,0
710.752,0.9634,0,0,0,0
710.787,0.9634,0,0,0,0
710.819,0.9634,0,0,0,0
710.853,0.9634,0,0,0,0
710.887,0.9634,0,0,0,0
710.922,0.9634,0,0,0,0
710.956,0.9634,0,0,0,0
710.988,0.9634,0,0,0,0
711.020,0.9634,0,0,0,0
711.055,0.9634,0,0,0,0
711.088,0.9634,0,0,0,0
711.120,0.9634,0,0,0,0
711.152,0.9634,0,0,0,0
711.186,0.9634,0,0,0,0
711.225,0.9634,0,0,0,0
711.245,0.9634,0,0,0,0
711.285,0.9634,0,0,0,0
711.319,0.9634,0,0,0,0
711.354,0.9634,0,0,0,0
711.386,0.9634,0,0,0,0
711.423,0.9634,0,0,0,0
711.457,0.9634,0,0,0,0
711.486,0.9634,0,0,0,0
711.523,0.9634,0,0,0,0
711.553,0.9634,0,0,0,0
711.590,0.9634,0,0,0,0
711.619,0.9634,0,0,0,0
711.651,0.9634,0,0,0,0
711.688,0.9634,0,0,0,0
711.721,0.9634,0,0,0,0
711.753,0.9634,0,0,0,0
711.788,0.9634,0,0,0,0
711.820,0.9634,0,0,0,0
711.852,0.9634,0,0,0,0
711.888,0.9634,0,0,0,0
711.919,0.9634,0,0,0,0
711.955,0.9634,0,0,0,0
711.990,0.9634,0,0,0,0
712.020,0.9634,0,0,0,0
712.058,0.9634,0,0,0,0
712.088,0.9634,0,0,0,0
712.119,0.9634,0,0,0,0
712.154,0.9634,0,0,0,0
712.187,0.9634,0,0,0,0
712.221,0.9634,0,0,0,0
712.253,0.9634,0,0,0,0
712.289,0.9634,0,0,0,0
712.322,0.9634,0,0,0,0
712.355,0.9634,0,0,0,0
712.386,0.9634,0,0,0,0
712.421,0.9634,0,0,0,0
712.456,0.9634,0,0,0,0
712.486,0.9634,0,0,0,0
712.520,0.9634,0,0,0,0
712.555,0.9634,0,0,0,0
712.587,0.9634,0,0,0,0
712.619,0.9634,0,0,0,0
712.657,0.9634,0,0,0,0
712.690,0.9634,0,0,0,0
712.722,0.9634,0,0,0,0
712.753,0.9634,0,0,0,0
712.785,0.9634,0,0,0,0
712.820,0.9634,0,0,0,0
712.852,0.9634,0,0,0,0
712.887,0.9634,0,0,0,0
712.922,0.9634,0,0,0,0
712.956,0.9634,0,0,0,0
712.986,0.9634,0,0,0,0
713.019,0.9634,0,0,0,0
713.056,0.9634,0,0,0,0
713.087,0.9634,0,0,0,0
713.119,0.9634,0,0,0,0
713.156,0.9634,0,0,0,0
713.187,0.9634,0,0,0,0
713.219,0.9634,0,0,0,0
713.253,0.9634,0,0,0,0
713.286,0.9634,0,0,0,0
713.323,0.9634,0,0,0,0
713.353,0.9634,0,0,0,0
713.389,0.9634,0,0,0,0
713.421,0.9634,0,0,0,0
713.454,0.9634,0,0,0,0
713.489,0.9634,0,0,0,0
713.522,0.9634,0,0,0,0
713.553,0.9634,0,0,0,0
713.588,0.9634,0,0,0,0
713.621,0.9634,0,0,0,0
713.654,0.9634,0,0,0,0
713.687,0.9634,0,0,0,0
713.719,0.9634,0,0,0,0
713.753,0.9634,0,0,0,0
713.795,0.9634,0,0,0,0
713.822,0.9634,0,0,0,0
713.852,0.9634,0,0,0,0
713.890,0.9634,0,0,0,0
713.921,0.9634,0,0,0,0
713.953,0.9634,0,0,0,0
713.989,0.9634,0,0,0,0
714.019,0.9634,0,0,0,0
714.052,0.9634,0,0,0,0
714.089,0.9634,0,0,0,0
714.123,0.9634,0,0,0,0
714.154,0.9634,0,0,0,0
714.188,0.9634,0,0,0,0
714.220,0.9634,0,0,0,0
714.253,0.9634,0,0,0,0
714.290,0.9634,0,0,0,0
714.319,0.9634,0,0,0,0
714.352,0.9634,0,0,0,0
714.389,0.9634,0,0,0,0
714.422,0.9634,0,0,0,0
714.456,0.9634,0,0,0,0
714.487,0.9634,0,0,0,0
714.521,0.9634,0,0,0,0
714.558,0.9634,0,0,0,0
714.586,0.9634,0,0,0,0
714.622,0.9634,0,0,0,0
714.652,0.9634,0,0,0,0
714.688,0.9634,0,0,0,0
714.722,0.9634,0,0,0,0
714.754,0.9634,0,0,0,0
714.789,0.9634,0,0,0,0
714.819,0.9634,0,0,0,0
714.855,0.9634,0,0,0,0
714.886,0.9634,0,0,0,0
714.919,0.9634,0,0,0,0
714.954,0.9634,0,0,0,0
714.986,0.9634,0,0,0,0
715.025,0.9634,0,0,0,0
715.056,0.9634,0,0,0,0
715.087,0.9634,0,0,0,0
715.120,0.9634,0,0,0,0
715.155,0.9634,0,0,0,0
715.190,0.9634,0,0,0,0
715.219,0.9634,0,0,0,0
715.254,0.9634,0,0,0,0
715.286,0.9634,0,0,0,0
715.321,0.9634,0,0,0,0
715.354,0.9634,0,0,0,0
715.387,0.9634,0,0,0,0
715.420,0.9634,0,0,0,0
715.454,0.9634,0,0,0,0
715.488,0.9634,0,0,0,0
715.522,0.9634,0,0,0,0
715.554,0.9634,0,0,0,0
715.588,0.9634,0,0,0,0
715.621,0.9634,0,0,0,0
715.653,0.9634,0,0,0,0
715.688,0.9634,0,0,0,0
715.720,0.9634,0,0,0,0
715.752,0.9634,0,0,0,0
715.788,0.9634,0,0,0,0
715.819,0.9634,0,0,0,0
715.855,0.9634,0,0,0,0
715.889,0.9634,0,0,0,0
715.920,0.9634,0,0,0,0
715.953,0.9634,0,0,0,0
715.987,0.9634,0,0,0,0
716.019,0.9634,0,0,0,0
716.054,0.9634,0,0,0,0
716.086,0.9634,0,0,0,0
716.122,0.9634,0,0,0,0
716.154,0.9634,0,0,0,0
716.190,0.9634,0,0,0,0
716.219,0.9634,0,0,0,0
716.256,0.9634,0,0,0,0
716.286,0.9634,0,0,0,0
716.323,0.9634,0,0,0,0
716.356,0.9634,0,0,0,0
716.388,0.9634,0,0,0,0
716.417,0.9634,0,0,0,0
716.454,0.9634,0,0,0,0
716.486,0.9634,0,0,0,0
716.521,0.9634,0,0,0,0
716.552,0.9634,0,0,0,0
716.586,0.9634,0,0,0,0
716.620,0.9634,0,0,0,0
716.657,0.9634,0,0,0,0
716.686,0.9634,0,0,0,0
716.719,0.9634,0,0,0,0
716.755,0.9634,0,0,0,0
716.788,0.9634,0,0,0,0
716.819,0.9634,0,0,0,0
716.856,0.9634,0,0,0,0
716.891,0.9634,0,0,0,0
716.922,0.9634,0,0,0,0
716.956,0.9634,0,0,0,0
716.987,0.9634,0,0,0,0
717.019,0.9634,0,0,0,0
717.055,0.9634,0,0,0,0
717.086,0.9634,0,0,0,0
717.122,0.9634,0,0,0,0
717.155,0.9634,0,0,0,0
717.188,0.9634,0,0,0,0
717.220,0.9634,0,0,0,0
717.256,0.9634,0,0,0,0
717.289,0.9634,0,0,0,0
717.322,0.9634,0,0,0,0
717.353,0.9634,0,0,0,0
717.385,0.9634,0,0,0,0
717.419,0.9634,0,0,0,0
717.455,0.9634,0,0,0,0
717.488,0.9634,0,0,0,0
717.523,0.9634,0,0,0,0
717.544,0.9634,0,0,0,0
717.587,0.9634,0,0,0,0
717.621,0.9634,0,0,0,0
717.653,0.9634,0,0,0,0
717.686,0.9634,0,0,0,0
717.722,0.9634,0,0,0,0
717.754,0.9634,0,0,0,0
717.788,0.9634,0,0,0,0
717.823,0.9634,0,0,0,0
717.856,0.9634,0,0,0,0
717.886,0.9634,0,0,0,0
717.919,0.9634,0,0,0,0
717.953,0.9634,0,0,0,0
717.988,0.9634,0,0,0,0
718.021,0.9634,0,0,0,0
718.053,0.9634,0,0,0,0
718.088,0.9634,0,0,0,0
718.119,0.9634,0,0,0,0
718.156,0.9634,0,0,0,0
718.187,0.9634,0,0,0,0
718.223,0.9634,0,0,0,0
718.253,0.9634,0,0,0,0
718.289,0.9634,0,0,0,0
718.322,0.9634,0,0,0,0
718.354,0.9634,0,0,0,0
718.386,0.9634,0,0,0,0
718.420,0.9634,0,0,0,0
718.452,0.9634,0,0,0,0
718.489,0.9634,0,0,0,0
718.523,0.9634,0,0,0,0
718.555,0.9634,0,0,0,0
718.588,0.9634,0,0,0,0
718.622,0.9634,0,0,0,0
718.654,0.9634,0,0,0,0
718.689,0.9634,0,0,0,0
718.719,0.9634,0,0,0,0
718.756,0.9634,0,0,0,0
718.788,0.9634,0,0,0,0
718.819,0.9634,0,0,0,0
718.852,0.9634,0,0,0,0
718.889,0.9634,0,0,0,0
718.920,0.9634,0,0,0,0
718.953,0.9634,0,0,0,0
718.990,0.9634,0,0,0,0
719.023,0.9634,0,0,0,0
719.053,0.9634,0,0,0,0
719.087,0.9634,0,0,0,0
719.120,0.9634,0,0,0,0
719.156,0.9634,0,0,0,0
719.189,0.9634,0,0,0,0
719.221,0.9634,0,0,0,0
719.253,0.9634,0,0,0,0
719.289,0.9634,0,0,0,0
719.321,0.9634,0,0,0,0
719.353,0.9634,0,0,0,0
719.387,0.9634,0,0,0,0
719.419,0.9634,0,0,0,0
719.452,0.9634,0,0,0,0
719.487,0.9634,0,0,0,0
719.520,0.9634,0,0,0,0
719.552,0.9634,0,0,0,0
719.589,0.9634,0,0,0,0
719.622,0.9634,0,0,0,0
719.653,0.9634,0,0,0,0
719.688,0.9634,0,0,0,0
719.720,0.9634,0,0,0,0
719.755,0.9634,0,0,0,0
719.789,0.9634,0,0,0,0
719.823,0.9634,0,0,0,0
719.855,0.9634,0,0,0,0
719.890,0.9634,0,0,0,0
719.920,0.9634,0,0,0,0
719.955,0.9634,0,0,0,0
719.986,0.9634,0,0,0,0
720.019,0.9634,0,0,0,0
720.053,0.9634,0,0,0,0
720.088,0.9634,0,0,0,0
720.125,0.9634,0,0,0,0
720.147,0.9634,0,0,0,0
720.188,0.9634,0,0,0,0
720.221,0.9634,0,0,0,0
720.253,0.9634,0,0,0,0
720.288,0.9634,0,0,0,0
720.323,0.9634,0,0,0,0
720.355,0.9634,0,0,0,0
720.389,0.9634,0,0,0,0
720.421,0.9634,0,0,0,0
720.452,0.9634,0,0,0,0
720.487,0.9634,0,0,0,0
720.520,0.9634,0,0,0,0
720.553,0.9634,0,0,0,0
720.590,0.9634,0,0,0,0
720.621,0.9634,0,0,0,0
720.652,0.9634,0,0,0,0
720.687,0.9634,0,0,0,0
720.719,0.9634,0,0,0,0
720.752,0.9634,0,0,0,0
720.789,0.9634,0,0,0,0
720.820,0.9634,0,0,0,0
720.852,0.9634,0,0,0,0
720.889,0.9634,0,0,0,0
720.922,0.9634,0,0,0,0
720.953,0.9634,0,0,0,0
720.988,0.9634,0,0,0,0
721.019,0.9634,0,0,0,0
721.053,0.9634,0,0,0,0
721.089,0.9634,0,0,0,0
721.120,0.9634,0,0,0,0
721.156,0.9634,0,0,0,0
721.186,0.9634,0,0,0,0
721.223,0.9634,0,0,0,0
721.255,0.9634,0,0,0,0
721.287,0.9634,0,0,0,0
721.321,0.9634,0,0,0,0
721.353,0.9634,0,0,0,0
721.389,0.9634,0,0,0,0
721.421,0.9634,0,0,0,0
721.455,0.9634,0,0,0,0
721.488,0.9634,0,0,0,0
721.520,0.9634,0,0,0,0
721.553,0.9634,0,0,0,0
721.587,0.9634,0,0,0,0
721.621,0.9634,0,0,0,0
721.654,0.9634,0,0,0,0
721.689,0.9634,0,0,0,0
721.719,0.9634,0,0,0,0
721.756,0.9634,0,0,0,0
721.790,0.9634,0,0,0,0
721.823,0.9634,0,0,0,0
721.856,0.9634,0,0,0,0
721.889,0.9634,0,0,0,0
721.922,0.9634,0,0,0,0
721.955,0.9634,0,0,0,0
721.988,0.9634,0,0,0,0
722.021,0.9634,0,0,0,0
722.054,0.9634,0,0,0,0
722.089,0.9634,0,0,0,0
722.119,0.9634,0,0,0,0
722.153,0.9634,0,0,0,0
722.188,0.9634,0,0,0,0
722.218,0.9634,0,0,0,0
722.255,0.9634,0,0,0,0
722.286,0.9634,0,0,0,0
722.319,0.9634,0,0,0,0
722.352,0.9634,0,0,0,0
722.389,0.9634,0,0,0,0
722.418,0.9634,0,0,0,0
722.453,0.9634,0,0,0,0
722.488,0.9634,0,0,0,0
722.522,0.9634,0,0,0,0
722.552,0.9634,0,0,0,0
722.588,0.9634,0,0,0,0
722.620,0.9634,0,0,0,0
722.652,0.9634,0,0,0,0
722.688,0.9634,0,0,0,0
722.721,0.9634,0,0,0,0
722.752,0.9634,0,0,0,0
722.789,0.9634,0,0,0,0
722.821,0.9634,0,0,0,0
722.853,0.9634,0,0,0,0
722.888,0.9634,0,0,0,0
722.922,0.9634,0,0,0,0
722.952,0.9634,0,0,0,0
722.988,0.9634,0,0,0,0
723.021,0.9634,0,0,0,0
723.055,0.9634,0,0,0,0
723.086,0.9634,0,0,0,0
723.121,0.9634,0,0,0,0
723.154,0.9634,0,0,0,0
723.186,0.9634,0,0,0,0
723.222,0.9634,0,0,0,0
723.253,0.9634,0,0,0,0
723.288,0.9634,0,0,0,0
723.323,0.9634,0,0,0,0
723.352,0.9634,0,0,0,0
723.385,0.9634,0,0,0,0
723.421,0.9634,0,0,0,0
723.453,0.9634,0,0,0,0
723.486,0.9634,0,0,0,0
723.520,0.9634,0,0,0,0
723.554,0.9634,0,0,0,0
723.586,0.9634,0,0,0,0
723.621,0.9634,0,0,0,0
723.654,0.9634,0,0,0,0
723.687,0.9634,0,0,0,0
723.718,0.9634,0,0,0,0
723.754,0.9634,0,0,0,0
723.788,0.9634,0,0,0,0
723.821,0.9634,0,0,0,0
723.854,0.9634,0,0,0,0
723.889,0.9634,0,0,0,0
723.921,0.9634,0,0,0,0
723.953,0.9634,0,0,0,0
723.989,0.9634,0,0,0,0
724.023,0.9634,0,0,0,0
724.054,0.9634,0,0,0,0
724.086,0.9634,0,0,0,0
724.112,0.9634,0,0,0,0
724.154,0.9634,0,0,0,0
724.186,0.9634,0,0,0,0
724.220,0.9634,0,0,0,0
724.253,0.9634,0,0,0,0
724.289,0.9634,0,0,0,0
724.320,0.9634,0,0,0,0
724.352,0.9634,0,0,0,0
724.386,0.9634,0,0,0,0
724.424,0.9634,0,0,0,0
724.452,0.9634,0,0,0,0
724.486,0.9634,0,0,0,0
724.520,0.9634,0,0,0,0
724.555,0.9634,0,0,0,0
724.589,0.9634,0,0,0,0
724.620,0.9634,0,0,0,0
724.655,0.9634,0,0,0,0
724.686,0.9634,0,0,0,0
724.720,0.9634,0,0,0,0
724.752,0.9634,0,0,0,0
724.788,0.9634,0,0,0,0
724.822,0.9634,0,0,0,0
724.855,0.9634,0,0,0,0
724.887,0.9634,0,0,0,0
724.922,0.9634,0,0,0,0
724.954,0.9634,0,0,0,0
724.988,0.9634,0,0,0,0
725.020,0.9634,0,0,0,0
725.056,0.9634,0,0,0,0
725.089,0.9634,0,0,0,0
725.122,0.9634,0,0,0,0
725.153,0.9634,0,0,0,0
725.190,0.9634,0,0,0,0
725.221,0.9634,0,0,0,0
725.254,0.9634,0,0,0,0
725.288,0.9634,0,0,0,0
725.320,0.9634,0,0,0,0
725.352,0.9634,0,0,0,0
725.386,0.9634,0,0,0,0
725.423,0.9634,0,0,0,0
725.455,0.9634,0,0,0,0
725.487,0.9634,0,0,0,0
725.521,0.9634,0,0,0,0
725.552,0.9634,0,0,0,0
725.588,0.9634,0,0,0,0
725.619,0.9634,0,0,0,0
725.656,0.9634,0,0,0,0
725.689,0.9634,0,0,0,0
725.723,0.9634,0,0,0,0
725.756,0.9634,0,0,0,0
725.786,0.9634,0,0,0,0
725.822,0.9634,0,0,0,0
725.853,0.9634,0,0,0,0
725.890,0.9634,0,0,0,0
725.920,0.9634,0,0,0,0
725.954,0.9634,0,0,0,0
725.989,0.9634,0,0,0,0
726.022,0.9634,0,0,0,0
726.055,0.9634,0,0,0,0
726.089,0.9634,0,0,0,0
726.119,0.9634,0,0,0,0
726.155,0.9634,0,0,0,0
726.187,0.9634,0,0,0,0
726.219,0.9634,0,0,0,0
726.256,0.9634,0,0,0,0
726.286,0.9634,0,0,0,0
726.319,0.9634,0,0,0,0
726.355,0.9634,0,0,0,0
726.389,0.9634,0,0,0,0
726.424,0.9634,0,0,0,0
726.455,0.9634,0,0,0,0
726.490,0.9634,0,0,0,0
726.519,0.9634,0,0,0,0
726.554,0.9634,0,0,0,0
726.586,0.9634,0,0,0,0
726.619,0.9634,0,0,0,0
726.655,0.9634,0,0,0,0
726.689,0.9634,0,0,0,0
726.720,0.9634,0,0,0,0
726.753,0.9634,0,0,0,0
726.786,0.9634,0,0,0,0
726.822,0.9634,0,0,0,0
726.854,0.9634,0,0,0,0
726.886,0.9634,0,0,0,0
726.920,0.9634,0,0,0,0
726.953,0.9634,0,0,0,0
726.988,0.9634,0,0,0,0
727.019,0.9634,0,0,0,0
727.056,0.9634,0,0,0,0
727.087,0.9634,0,0,0,0
727.120,0.9634,0,0,0,0
727.153,0.9634,0,0,0,0
727.187,0.9634,0,0,0,0
727.222,0.9634,0,0,0,0
727.253,0.9634,0,0,0,0
727.287,0.9634,0,0,0,0
727.321,0.9634,0,0,0,0
727.352,0.9634,0,0,0,0
727.389,0.9634,0,0,0,0
727.419,0.9634,0,0,0,0
727.455,0.9634,0,0,0,0
727.485,0.9634,0,0,0,0
727.522,0.9634,0,0,0,0
727.554,0.9634,0,0,0,0
727.589,0.9634,0,0,0,0
727.626,0.9634,0,0,0,0
727.654,0.9634,0,0,0,0
727.685,0.9634,0,0,0,0
727.723,0.9634,0,0,0,0
727.754,0.9634,0,0,0,0
727.788,0.9634,0,0,0,0
727.823,0.9634,0,0,0,0
727.854,0.9634,0,0,0,0
727.887,0.9634,0,0,0,0
727.922,0.9634,0,0,0,0
727.953,0.9634,0,0,0,0
727.988,0.9634,0,0,0,0
728.021,0.9634,0,0,0,0
728.054,0.9634,0,0,0,0
728.089,0.9634,0,0,0,0
728.119,0.9634,0,0,0,0
728.154,0.9634,0,0,0,0
728.187,0.9634,0,0,0,0
728.219,0.9634,0,0,0,0
728.252,0.9634,0,0,0,0
728.276,0.9634,0,0,0,0
728.320,0.9634,0,0,0,0
728.355,0.9634,0,0,0,0
728.388,0.9634,0,0,0,0
728.421,0.9634,0,0,0,0
728.454,0.9634,0,0,0,0
728.488,0.9634,0,0,0,0
728.520,0.9634,0,0,0,0
728.553,0.9634,0,0,0,0
728.587,0.9634,0,0,0,0
728.623,0.9634,0,0,0,0
728.656,0.9634,0,0,0,0
728.689,0.9634,0,0,0,0
728.719,0.9634,0,0,0,0
728.754,0.9634,0,0,0,0
728.787,0.9634,0,0,0,0
728.821,0.9634,0,0,0,0
728.853,0.9634,0,0,0,0
728.889,0.9634,0,0,0,0
728.921,0.9634,0,0,0,0
728.952,0.9634,0,0,0,0
728.989,0.9634,0,0,0,0
729.022,0.9634,0,0,0,0
729.056,0.9634,0,0,0,0
729.087,0.9634,0,0,0,0
729.122,0.9634,0,0,0,0
729.155,0.9634,0,0,0,0
729.186,0.9634,0,0,0,0
729.219,0.9634,0,0,0,0
729.256,0.9634,0,0,0,0
729.286,0.9634,0,0,0,0
729.323,0.9634,0,0,0,0
729.355,0.9634,0,0,0,0
729.389,0.9634,0,0,0,0
729.421,0.9634,0,0,0,0
729.456,0.9634,0,0,0,0
729.490,0.9634,0,0,0,0
729.522,0.9634,0,0,0,0
729.552,0.9634,0,0,0,0
729.589,0.9634,0,0,0,0
729.623,0.9634,0,0,0,0
729.652,0.9634,0,0,0,0
729.690,0.9634,0,0,0,0
729.713,0.9634,0,0,0,0
729.755,0.9634,0,0,0,0
729.786,0.9634,0,0,0,0
729.819,0.9634,0,0,0,0
729.853,0.9634,0,0,0,0
729.890,0.9634,0,0,0,0
729.922,0.9634,0,0,0,0
729.956,0.9634,0,0,0,0
729.987,0.9634,0,0,0,0
730.019,0.9634,0,0,0,0
730.055,0.9634,0,0,0,0
730.088,0.9634,0,0,0,0
730.119,0.9634,0,0,0,0
730.153,0.9634,0,0,0,0
730.186,0.9634,0,0,0,0
730.220,0.9634,0,0,0,0
730.253,0.9634,0,0,0,0
730.289,0.9634,0,0,0,0
730.321,0.9634,0,0,0,0
730.356,0.9634,0,0,0,0
730.387,0.9634,0,0,0,0
730.423,0.9634,0,0,0,0
730.455,0.9634,0,0,0,0
730.488,0.9634,0,0,0,0
730.524,0.9634,0,0,0,0
730.553,0.9634,0,0,0,0
730.585,0.9634,0,0,0,0
730.619,0.9634,0,0,0,0
730.652,0.9634,0,0,0,0
730.689,0.9634,0,0,0,0
730.721,0.9634,0,0,0,0
730.756,0.9634,0,0,0,0
730.790,0.9634,0,0,0,0
730.822,0.9634,0,0,0,0
730.854,0.9634,0,0,0,0
730.892,0.9634,0,0,0,0
730.922,0.9634,0,0,0,0
730.958,0.9634,0,0,0,0
730.990,0.9634,0,0,0,0
731.020,0.9634,0,0,0,0
731.054,0.9634,0,0,0,0
731.087,0.9634,0,0,0,0
731.121,0.9634,0,0,0,0
731.154,0.9634,0,0,0,0
731.187,0.9634,0,0,0,0
731.218,0.9634,0,0,0,0
731.252,0.9634,0,0,0,0
731.288,0.9634,0,0,0,0
731.320,0.9634,0,0,0,0
731.355,0.9634,0,0,0,0
731.386,0.9634,0,0,0,0
731.419,0.9634,0,0,0,0
731.454,0.9634,0,0,0,0
731.487,0.9634,0,0,0,0
731.521,0.9634,0,0,0,0
731.555,0.9634,0,0,0,0
731.586,0.9634,0,0,0,0
731.622,0.9634,0,0,0,0
731.645,0.9634,0,0,0,0
731.688,0.9634,0,0,0,0
731.719,0.9634,0,0,0,0
731.755,0.9634,0,0,0,0
731.787,0.9634,0,0,0,0
731.819,0.9634,0,0,0,0
731.854,0.9634,0,0,0,0
731.888,0.9634,0,0,0,0
731.919,0.9634,0,0,0,0
731.953,0.9634,0,0,0,0
731.987,0.9634,0,0,0,0
732.022,0.9634,0,0,0,0
732.054,0.9634,0,0,0,0
732.085,0.9634,0,0,0,0
732.122,0.9634,0,0,0,0
732.155,0.9634,0,0,0,0
732.186,0.9634,0,0,0,0
732.221,0.9634,0,0,0,0
732.254,0.9634,0,0,0,0
732.285,0.9634,0,0,0,0
732.328,0.9634,0,0,0,0
732.354,0.9634,0,0,0,0
732.385,0.9634,0,0,0,0
732.422,0.9634,0,0,0,0
732.445,0.9634,0,0,0,0
732.488,0.9634,0,0,0,0
732.521,0.9634,0,0,0,0
732.554,0.9634,0,0,0,0
732.585,0.9634,0,0,0,0
732.620,0.9634,0,0,0,0
732.655,0.9634,0,0,0,0
732.688,0.9634,0,0,0,0
732.720,0.9634,0,0,0,0
732.755,0.9634,0,0,0,0
732.786,0.9634,0,0,0,0
732.821,0.9634,0,0,0,0
732.855,0.9634,0,0,0,0
732.889,0.9634,0,0,0,0
732.920,0.9634,0,0,0,0
732.953,0.9634,0,0,0,0
732.986,0.9634,0,0,0,0
733.021,0.9634,0,0,0,0
733.052,0.9634,0,0,0,0
733.088,0.9634,0,0,0,0
733.119,0.9634,0,0,0,0
733.152,0.9634,0,0,0,0
733.188,0.9634,0,0,0,0
733.222,0.9634,0,0,0,0
733.253,0.9634,0,0,0,0
733.287,0.9634,0,0,0,0
733.321,0.9634,0,0,0,0
733.356,0.9634,0,0,0,0
733.388,0.9634,0,0,0,0
733.423,0.9634,0,0,0,0
733.454,0.9634,0,0,0,0
733.488,0.9634,0,0,0,0
733.519,0.9634,0,0,0,0
733.556,0.9634,0,0,0,0
733.589,0.9634,0,0,0,0
733.621,0.9634,0,0,0,0
733.653,0.9634,0,0,0,0
733.685,0.9634,0,0,0,0
733.721,0.9634,0,0,0,0
733.754,0.9634,0,0,0,0
733.786,0.9634,0,0,0,0
733.821,0.9634,0,0,0,0
733.853,0.9634,0,0,0,0
733.888,0.9634,0,0,0,0
733.922,0.9634,0,0,0,0
733.954,0.9634,0,0,0,0
733.989,0.9634,0,0,0,0
734.020,0.9634,0,0,0,0
734.055,0.9634,0,0,0,0
734.086,0.9634,0,0,0,0
734.122,0.9634,0,0,0,0
734.154,0.9634,0,0,0,0
734.188,0.9634,0,0,0,0
734.221,0.9634,0,0,0,0
734.254,0.9634,0,0,0,0
734.285,0.9634,0,0,0,0
734.321,0.9634,0,0,0,0
734.356,0.9634,0,0,0,0
734.390,0.9634,0,0,0,0
734.417,0.9634,0,0,0,0
734.455,0.9634,0,0,0,0
734.488,0.9634,0,0,0,0
734.518,0.9634,0,0,0,0
734.555,0.9634,0,0,0,0
734.578,0.9634,0,0,0,0
734.620,0.9634,0,0,0,0
734.652,0.9634,0,0,0,0
734.688,0.9634,0,0,0,0
734.723,0.9634,0,0,0,0
734.753,0.9634,0,0,0,0
734.788,0.9634,0,0,0,0
734.819,0.9634,0,0,0,0
734.852,0.9634,0,0,0,0
734.887,0.9634,0,0,0,0
734.923,0.9634,0,0,0,0
734.955,0.9634,0,0,0,0
734.990,0.9634,0,0,0,0
735.015,0.9634,0,0,0,0
735.054,0.9634,0,0,0,0
735.088,0.9634,0,0,0,0
735.120,0.9634,0,0,0,0
735.154,0.9634,0,0,0,0
735.185,0.9634,0,0,0,0
735.219,0.9634,0,0,0,0
735.254,0.9634,0,0,0,0
735.287,0.9634,0,0,0,0
735.320,0.9634,0,0,0,0
735.353,0.9634,0,0,0,0
735.388,0.9634,0,0,0,0
735.420,0.9634,0,0,0,0
735.455,0.9634,0,0,0,0
735.486,0.9634,0,0,0,0
735.521,0.9634,0,0,0,0
735.553,0.9634,0,0,0,0
735.588,0.9634,0,0,0,0
735.621,0.9634,0,0,0,0
735.655,0.9634,0,0,0,0
735.689,0.9634,0,0,0,0
735.722,0.9634,0,0,0,0
735.755,0.9634,0,0,0,0
735.789,0.9634,0,0,0,0
735.819,0.9634,0,0,0,0
735.854,0.9634,0,0,0,0
735.887,0.9634,0,0,0,0
735.918,0.9634,0,0,0,0
735.952,0.9634,0,0,0,0
735.987,0.9634,0,0,0,0
736.021,0.9634,0,0,0,0
736.052,0.9634,0,0,0,0
736.086,0.9634,0,0,0,0
736.123,0.9634,0,0,0,0
736.154,0.9634,0,0,0,0
736.186,0.9634,0,0,0,0
736.221,0.9634,0,0,0,0
736.253,0.9634,0,0,0,0
736.287,0.9634,0,0,0,0
736.319,0.9634,0,0,0,0
736.357,0.9634,0,0,0,0
736.389,0.9634,0,0,0,0
736.420,0.9634,0,0,0,0
736.453,0.9634,0,0,0,0
736.489,0.9634,0,0,0,0
736.519,0.9634,0,0,0,0
736.556,0.9634,0,0,0,0
736.584,0.9634,0,0,0,0
736.622,0.9634,0,0,0,0
736.645,0.9634,0,0,0,0
736.686,0.9634,0,0,0,0
736.723,0.9634,0,0,0,0
736.752,0.9634,0,0,0,0
736.786,0.9634,0,0,0,0
736.822,0.9634,0,0,0,0
736.855,0.9634,0,0,0,0
736.888,0.9634,0,0,0,0
736.920,0.9634,0,0,0,0
736.956,0.9634,0,0,0,0
736.985,0.9634,0,0,0,0
737.019,0.9634,0,0,0,0
737.054,0.9634,0,0,0,0
737.087,0.9634,0,0,0,0
737.121,0.9634,0,0,0,0
737.153,0.9634,0,0,0,0
737.186,0.9634,0,0,0,0
737.222,0.9634,0,0,0,0
737.257,0.9634,0,0,0,0
737.287,0.9634,0,0,0,0
737.321,0.9634,0,0,0,0
737.346,0.9634,0,0,0,0
737.388,0.9634,0,0,0,0
737.411,0.9634,0,0,0,0
737.455,0.9634,0,0,0,0
737.490,0.9634,0,0,0,0
737.523,0.9634,0,0,0,0
737.557,0.9634,0,0,0,0
737.586,0.9634,0,0,0,0
737.619,0.9634,0,0,0,0
737.655,0.9634,0,0,0,0
737.688,0.9634,0,0,0,0
737.726,0.9634,0,0,0,0
737.754,0.9634,0,0,0,0
737.786,0.9634,0,0,0,0
737.823,0.9634,0,0,0,0
737.852,0.9634,0,0,0,0
737.890,0.9634,0,0,0,0
737.921,0.9634,0,0,0,0
737.958,0.9634,0,0,0,0
737.980,0.9634,0,0,0,0
738.018,0.9634,0,0,0,0
738.045,0.9634,0,0,0,0
738.087,0.9634,0,0,0,0
738.120,0.9634,0,0,0,0
738.155,0.9634,0,0,0,0
738.188,0.9634,0,0,0,0
738.220,0.9634,0,0,0,0
738.253,0.9634,0,0,0,0
738.289,0.9634,0,0,0,0
738.323,0.9634,0,0,0,0
738.352,0.9634,0,0,0,0
738.388,0.9634,0,0,0,0
738.420,0.9634,0,0,0,0
738.452,0.9634,0,0,0,0
738.489,0.9634,0,0,0,0
738.520,0.9634,0,0,0,0
738.556,0.9634,0,0,0,0
738.587,0.9634,0,0,0,0
738.621,0.9634,0,0,0,0
738.654,0.9634,0,0,0,0
738.688,0.9634,0,0,0,0
738.721,0.9634,0,0,0,0
738.756,0.9634,0,0,0,0
738.786,0.9634,0,0,0,0
738.823,0.9634,0,0,0,0
738.855,0.9634,0,0,0,0
738.887,0.9634,0,0,0,0
738.922,0.9634,0,0,0,0
738.945,0.9634,0,0,0,0
738.985,0.9634,0,0,0,0
739.021,0.9634,0,0,0,0
739.054,0.9634,0,0,0,0
739.091,0.9634,0,0,0,0
739.118,0.9634,0,0,0,0
739.149,0.9634,0,0,0,0
739.187,0.9634,0,0,0,0
739.220,0.9634,0,0,0,0
739.255,0.9634,0,0,0,0
739.287,0.9634,0,0,0,0
739.320,0.9634,0,0,0,0
739.352,0.9634,0,0,0,0
739.387,0.9634,0,0,0,0
739.420,0.9634,0,0,0,0
739.455,0.9634,0,0,0,0
739.488,0.9634,0,0,0,0
739.523,0.9634,0,0,0,0
739.554,0.9634,0,0,0,0
739.589,0.9634,0,0,0,0
739.621,0.9634,0,0,0,0
739.653,0.9634,0,0,0,0
739.688,0.9634,0,0,0,0
739.721,0.9634,0,0,0,0
739.754,0.9634,0,0,0,0
739.788,0.9634,0,0,0,0
739.819,0.9634,0,0,0,0
739.858,0.9634,0,0,0,0
739.890,0.9634,0,0,0,0
739.922,0.9634,0,0,0,0
739.955,0.9634,0,0,0,0
739.990,0.9634,0,0,0,0
740.021,0.9634,0,0,0,0
740.053,0.9634,0,0,0,0
740.088,0.9634,0,0,0,0
740.122,0.9634,0,0,0,0
740.153,0.9634,0,0,0,0
740.187,0.9634,0,0,0,0
740.222,0.9634,0,0,0,0
740.252,0.9634,0,0,0,0
740.288,0.9634,0,0,0,0
740.323,0.9634,0,0,0,0
740.356,0.9634,0,0,0,0
740.385,0.9634,0,0,0,0
740.420,0.9634,0,0,0,0
740.455,0.9634,0,0,0,0
740.488,0.9634,0,0,0,0
740.519,0.9634,0,0,0,0
740.555,0.9634,0,0,0,0
740.585,0.9634,0,0,0,0
740.626,0.9634,0,0,0,0
740.654,0.9634,0,0,0,0
740.685,0.9634,0,0,0,0
740.720,0.9634,0,0,0,0
740.752,0.9634,0,0,0,0
740.788,0.9634,0,0,0,0
740.821,0.9634,0,0,0,0
740.854,0.9634,0,0,0,0
740.888,0.9634,0,0,0,0
740.911,0.9634,0,0,0,0
740.955,0.9634,0,0,0,0
740.978,0.9634,0,0,0,0
741.018,0.9634,0,0,0,0
741.052,0.9634,0,0,0,0
741.088,0.9634,0,0,0,0
741.119,0.9634,0,0,0,0
741.151,0.9634,0,0,0,0
741.188,0.9634,0,0,0,0
741.222,0.9634,0,0,0,0
741.253,0.9634,0,0,0,0
741.290,0.9634,0,0,0,0
741.316,0.9634,0,0,0,0
741.357,0.9634,0,0,0,0
741.383,0.9634,0,0,0,0
741.419,0.9634,0,0,0,0
741.452,0.9634,0,0,0,0
741.490,0.9634,0,0,0,0
741.521,0.9634,0,0,0,0
741.552,0.9634,0,0,0,0
741.589,0.9634,0,0,0,0
741.621,0.9634,0,0,0,0
741.652,0.9634,0,0,0,0
741.689,0.9634,0,0,0,0
741.718,0.9634,0,0,0,0
741.751,0.9634,0,0,0,0
741.776,0.9634,0,0,0,0
741.822,0.9634,0,0,0,0
741.844,0.9634,0,0,0,0
741.886,0.9634,0,0,0,0
741.919,0.9634,0,0,0,0
741.953,0.9634,0,0,0,0
741.987,0.9634,0,0,0,0
742.022,0.9634,0,0,0,0
742.055,0.9634,0,0,0,0
742.088,0.9634,0,0,0,0
742.121,0.9634,0,0,0,0
742.152,0.9634,0,0,0,0
742.191,0.9634,0,0,0,0
742.222,0.9634,0,0,0,0
742.255,0.9634,0,0,0,0
742.285,0.9634,0,0,0,0
742.322,0.9634,0,0,0,0
742.354,0.9634,0,0,0,0
742.388,0.9634,0,0,0,0
742.419,0.9634,0,0,0,0
742.453,0.9634,0,0,0,0
742.488,0.9634,0,0,0,0
742.521,0.9634,0,0,0,0
742.552,0.9634,0,0,0,0
742.586,0.9634,0,0,0,0
742.621,0.9634,0,0,0,0
742.650,0.9634,0,0,0,0
742.689,0.9634,0,0,0,0
742.718,0.9634,0,0,0,0
742.754,0.9634,0,0,0,0
742.786,0.9634,0,0,0,0
742.820,0.9634,0,0,0,0
742.856,0.9634,0,0,0,0
742.883,0.9634,0,0,0,0
742.921,0.9634,0,0,0,0
742.950,0.9634,0,0,0,0
742.987,0.9634,0,0,0,0
743.016,0.9634,0,0,0,0
743.053,0.9634,0,0,0,0
743.088,0.9634,0,0,0,0
743.119,0.9634,0,0,0,0
743.155,0.9634,0,0,0,0
743.185,0.9634,0,0,0,0
743.216,0.9634,0,0,0,0
743.254,0.9634,0,0,0,0
743.284,0.9634,0,0,0,0
743.317,0.9634,0,0,0,0
743.353,0.9634,0,0,0,0
743.389,0.9634,0,0,0,0
743.419,0.9634,0,0,0,0
743.452,0.9634,0,0,0,0
743.489,0.9634,0,0,0,0
743.519,0.9634,0,0,0,0
743.555,0.9634,0,0,0,0
743.588,0.9634,0,0,0,0
743.619,0.9634,0,0,0,0
743.652,0.9634,0,0,0,0
743.688,0.9634,0,0,0,0
743.714,0.9634,0,0,0,0
743.757,0.9634,0,0,0,0
743.789,0.9634,0,0,0,0
743.813,0.9634,0,0,0,0
743.851,0.9634,0,0,0,0
743.890,0.9634,0,0,0,0
743.913,0.9634,0,0,0,0
743.953,0.9634,0,0,0,0
743.987,0.9634,0,0,0,0
744.022,0.9634,0,0,0,0
744.056,0.9634,0,0,0,0
744.087,0.9634,0,0,0,0
744.118,0.9634,0,0,0,0
744.151,0.9634,0,0,0,0
744.185,0.9634,0,0,0,0
744.209,0.9634,0,0,0,0
744.255,0.9634,0,0,0,0
744.288,0.9634,0,0,0,0
744.319,0.9634,0,0,0,0
744.353,0.9634,0,0,0,0
744.387,0.9634,0,0,0,0
744.419,0.9634,0,0,0,0
744.456,0.9634,0,0,0,0
744.492,0.9634,0,0,0,0
744.529,0.9634,0,0,0,0
744.561,0.9634,0,0,0,0
744.590,0.9634,0,0,0,0
744.624,0.9634,0,0,0,0
744.658,0.9634,0,0,0,0
744.688,0.9634,0,0,0,0
744.724,0.9634,0,0,0,0
744.755,0.9634,0,0,0,0
744.791,0.9634,0,0,0,0
744.822,0.9634,0,0,0,0
744.854,0.9634,0,0,0,0
744.888,0.9634,0,0,0,0
744.912,0.9634,0,0,0,0
744.948,0.9634,0,0,0,0
744.988,0.9634,0,0,0,0
745.023,0.9634,0,0,0,0
745.058,0.9634,0,0,0,0
745.091,0.9634,0,0,0,0
745.124,0.9634,0,0,0,0
745.154,0.9634,0,0,0,0
745.192,0.9634,0,0,0,0
745.224,0.9633,0,0,0,0
745.255,0.9633,0,0,0,0
745.291,0.9633,0,0,0,0
745.324,0.9633,0,0,0,0
745.358,0.9633,0,0,0,0
745.388,0.9633,0,0,0,0
745.424,0.9633,0,0,0,0
745.454,0.9633,0,0,0,0
745.489,0.9633,0,0,0,0
745.521,0.9633,0,0,0,0
745.557,0.9633,0,0,0,0
745.591,0.9633,0,0,0,0
745.624,0.9633,0,0,0,0
745.657,0.9633,0,0,0,0
745.691,0.9633,0,0,0,0
745.723,0.9633,0,0,0,0
745.755,0.9633,0,0,0,0
745.788,0.9633,0,0,0,0
745.824,0.9633,0,0,0,0
745.856,0.9633,0,0,0,0
745.889,0.9633,0,0,0,0
745.925,0.9633,0,0,0,0
745.956,0.9633,0,0,0,0
745.991,0.9633,0,0,0,0
746.025,0.9633,0,0,0,0
746.056,0.9633,0,0,0,0
746.089,0.9633,0,0,0,0
746.122,0.9633,0,0,0,0
746.155,0.9633,0,0,0,0
746.190,0.9633,0,0,0,0
746.225,0.9633,0,0,0,0
746.257,0.9633,0,0,0,0
746.289,0.9633,0,0,0,0
746.326,0.9633,0,0,0,0
746.350,0.9633,0,0,0,0
746.391,0.9633,0,0,0,0
746.419,0.9633,0,0,0,0
746.457,0.9633,0,0,0,0
746.492,0.9633,0,0,0,0
746.522,0.9633,0,0,0,0
746.556,0.9633,0,0,0,0
746.590,0.9633,0,0,0,0
746.624,0.9633,0,0,0,0
746.656,0.9633,0,0,0,0
746.689,0.9633,0,0,0,0
746.725,0.9633,0,0,0,0
746.750,0.9633,0,0,0,0
746.789,0.9633,0,0,0,0
746.819,0.9633,0,0,0,0
746.858,0.9633,0,0,0,0
746.888,0.9633,0,0,0,0
746.923,0.9633,0,0,0,0
746.958,0.9633,0,0,0,0
746.992,0.9633,0,0,0,0
747.025,0.9633,0,0,0,0
747.050,0.9633,0,0,0,0
747.088,0.9633,0,0,0,0
747.120,0.9633,0,0,0,0
747.145,0.9633,0,0,0,0
747.187,0.9633,0,0,0,0
747.224,0.9633,0,0,0,0
747.257,0.9633,0,0,0,0
747.289,0.9633,0,0,0,0
747.321,0.9633,0,0,0,0
747.355,0.9633,0,0,0,0
747.389,0.9633,0,0,0,0
747.415,0.9633,0,0,0,0
747.454,0.9633,0,0,0,0
747.485,0.9633,0,0,0,0
747.519,0.9633,0,0,0,0
747.556,0.9633,0,0,0,0
747.590,0.9633,0,0,0,0
747.623,0.9633,0,0,0,0
747.655,0.9633,0,0,0,0
747.690,0.9633,0,0,0,0
747.721,0.9633,0,0,0,0
747.754,0.9633,0,0,0,0
747.792,0.9633,0,0,0,0
747.822,0.9633,0,0,0,0
747.859,0.9633,0,0,0,0
747.886,0.9633,0,0,0,0
747.924,0.9633,0,0,0,0
747.956,0.9633,0,0,0,0
747.991,0.9633,0,0,0,0
748.021,0.9633,0,0,0,0
748.055,0.9633,0,0,0,0
748.089,0.9633,0,0,0,0
748.125,0.9633,0,0,0,0
748.157,0.9633,0,0,0,0
748.189,0.9633,0,0,0,0
748.221,0.9633,0,0,0,0
748.254,0.9633,0,0,0,0
748.289,0.9633,0,0,0,0
748.321,0.9633,0,0,0,0
748.354,0.9633,0,0,0,0
748.393,0.9633,0,0,0,0
748.424,0.9633,0,0,0,0
748.455,0.9633,0,0,0,0
748.489,0.9633,0,0,0,0
748.523,0.9633,0,0,0,0
748.556,0.9633,0,0,0,0
748.591,0.9633,0,0,0,0
748.626,0.9633,0,0,0,0
748.657,0.9633,0,0,0,0
748.687,0.9633,0,0,0,0
748.722,0.9633,0,0,0,0
748.756,0.9633,0,0,0,0
748.790,0.9633,0,0,0,0
748.823,0.9633,0,0,0,0
748.856,0.9633,0,0,0,0
748.888,0.9633,0,0,0,0
748.925,0.9633,0,0,0,0
748.956,0.9633,0,0,0,0
748.991,0.9633,0,0,0,0
749.018,0.9633,0,0,0,0
749.057,0.9633,0,0,0,0
749.089,0.9633,0,0,0,0
749.124,0.9633,0,0,0,0
749.154,0.9633,0,0,0,0
749.190,0.9633,0,0,0,0
749.222,0.9633,0,0,0,0
749.257,0.9633,0,0,0,0
749.287,0.9633,0,0,0,0
749.323,0.9633,0,0,0,0
749.347,0.9633,0,0,0,0
749.385,0.9633,0,0,0,0
749.424,0.9633,0,0,0,0
749.455,0.9633,0,0,0,0
749.489,0.9633,0,0,0,0
749.522,0.9633,0,0,0,0
749.557,0.9633,0,0,0,0
749.589,0.9633,0,0,0,0
749.623,0.9633,0,0,0,0
749.658,0.9633,0,0,0,0
749.688,0.9633,0,0,0,0
749.726,0.9633,0,0,0,0
749.757,0.9633,0,0,0,0
749.791,0.9633,0,0,0,0
749.821,0.9633,0,0,0,0
749.857,0.9633,0,0,0,0
749.889,0.9633,0,0,0,0
749.924,0.9633,0,0,0,0
749.956,0.9633,0,0,0,0
749.990,0.9633,0,0,0,0
750.024,0.9633,0,0,0,0
750.056,0.9633,0,0,0,0
750.092,0.9633,0,0,0,0
750.124,0.9633,0,0,0,0
750.148,0.9633,0,0,0,0
750.192,0.9633,0,0,0,0
750.220,0.9633,0,0,0,0
750.256,0.9633,0,0,0,0
750.291,0.9633,0,0,0,0
750.314,0.9633,0,0,0,0
750.354,0.9633,0,0,0,0
750.390,0.9633,0,0,0,0
750.422,0.9633,0,0,0,0
750.455,0.9633,0,0,0,0
750.490,0.9633,0,0,0,0
750.522,0.9633,0,0,0,0
750.559,0.9633,0,0,0,0
750.582,0.9633,0,0,0,0
750.625,0.9633,0,0,0,0
750.649,0.9633,0,0,0,0
750.693,0.9633,0,0,0,0
750.722,0.9633,0,0,0,0
750.755,0.9633,0,0,0,0
750.792,0.9633,0,0,0,0
750.822,0.9633,0,0,0,0
750.860,0.9633,0,0,0,0
750.886,0.9633,0,0,0,0
750.924,0.9633,0,0,0,0
750.955,0.9633,0,0,0,0
750.989,0.9633,0,0,0,0
751.023,0.9633,0,0,0,0
751.057,0.9633,0,0,0,0
751.089,0.9633,0,0,0,0
751.123,0.9633,0,0,0,0
751.154,0.9633,0,0,0,0
751.192,0.9633,0,0,0,0
751.213,0.9633,0,0,0,0
751.256,0.9633,0,0,0,0
751.290,0.9633,0,0,0,0
751.313,0.9633,0,0,0,0
751.354,0.9633,0,0,0,0
751.382,0.9633,0,0,0,0
751.420,0.9633,0,0,0,0
751.457,0.9633,0,0,0,0
751.487,0.9633,0,0,0,0
751.526,0.9633,0,0,0,0
751.553,0.9633,0,0,0,0
751.588,0.9633,0,0,0,0
751.624,0.9633,0,0,0,0
751.656,0.9633,0,0,0,0
751.690,0.9633,0,0,0,0
751.725,0.9633,0,0,0,0
751.755,0.9633,0,0,0,0
751.789,0.9633,0,0,0,0
751.824,0.9633,0,0,0,0
751.856,0.9633,0,0,0,0
751.889,0.9633,0,0,0,0
751.923,0.9633,0,0,0,0
751.954,0.9633,0,0,0,0
751.989,0.9633,0,0,0,0
752.022,0.9633,0,0,0,0
752.057,0.9633,0,0,0,0
752.089,0.9633,0,0,0,0
752.121,0.9633,0,0,0,0
752.156,0.9633,0,0,0,0
752.190,0.9633,0,0,0,0
752.227,0.9633,0,0,0,0
752.247,0.9633,0,0,0,0
752.291,0.9633,0,0,0,0
752.322,0.9633,0,0,0,0
752.354,0.9633,0,0,0,0
752.390,0.9633,0,0,0,0
752.417,0.9633,0,0,0,0
752.457,0.9633,0,0,0,0
752.488,0.9633,0,0,0,0
752.525,0.9633,0,0,0,0
752.552,0.9633,0,0,0,0
752.591,0.9633,0,0,0,0
752.614,0.9633,0,0,0,0
752.657,0.9633,0,0,0,0
752.686,0.9633,0,0,0,0
752.711,0.9633,0,0,0,0
752.757,0.9633,0,0,0,0
752.790,0.9633,0,0,0,0
752.821,0.9633,0,0,0,0
752.856,0.9633,0,0,0,0
752.891,0.9633,0,0,0,0
752.921,0.9633,0,0,0,0
752.955,0.9633,0,0,0,0
752.989,0.9633,0,0,0,0
753.022,0.9633,0,0,0,0
753.054,0.9633,0,0,0,0
753.090,0.9633,0,0,0,0
753.121,0.9633,0,0,0,0
753.157,0.9633,0,0,0,0
753.193,0.9633,0,0,0,0
753.223,0.9633,0,0,0,0
753.257,0.9633,0,0,0,0
753.291,0.9633,0,0,0,0
753.322,0.9633,0,0,0,0
753.357,0.9633,0,0,0,0
753.388,0.9633,0,0,0,0
753.424,0.9633,0,0,0,0
753.455,0.9633,0,0,0,0
753.488,0.9633,0,0,0,0
753.522,0.9633,0,0,0,0
753.558,0.9633,0,0,0,0
753.591,0.9633,0,0,0,0
753.622,0.9633,0,0,0,0
753.656,0.9633,0,0,0,0
753.690,0.9633,0,0,0,0
753.723,0.9633,0,0,0,0
753.756,0.9633,0,0,0,0
753.792,0.9633,0,0,0,0
753.819,0.9633,0,0,0,0
753.854,0.9633,0,0,0,0
753.889,0.9633,0,0,0,0
753.921,0.9633,0,0,0,0
753.955,0.9633,0,0,0,0
753.988,0.9633,0,0,0,0
754.019,0.9633,0,0,0,0
754.057,0.9633,0,0,0,0
754.086,0.9633,0,0,0,0
754.120,0.9633,0,0,0,0
754.155,0.9633,0,0,0,0
754.186,0.9633,0,0,0,0
754.220,0.9633,0,0,0,0
754.257,0.9633,0,0,0,0
754.286,0.9633,0,0,0,0
754.322,0.9633,0,0,0,0
754.358,0.9633,0,0,0,0
754.388,0.9633,0,0,0,0
754.422,0.9633,0,0,0,0
754.452,0.9633,0,0,0,0
754.494,0.9633,0,0,0,0
754.523,0.9633,0,0,0,0
754.558,0.9633,0,0,0,0
754.587,0.9633,0,0,0,0
754.624,0.9633,0,0,0,0
754.656,0.9633,0,0,0,0
754.689,0.9633,0,0,0,0
754.723,0.9633,0,0,0,0
754.755,0.9633,0,0,0,0
754.788,0.9633,0,0,0,0
754.821,0.9633,0,0,0,0
754.856,0.9633,0,0,0,0
754.891,0.9633,0,0,0,0
754.924,0.9633,0,0,0,0
754.958,0.9633,0,0,0,0
754.990,0.9633,0,0,0,0
755.022,0.9633,0,0,0,0
755.056,0.9633,0,0,0,0
755.089,0.9633,0,0,0,0
755.124,0.9633,0,0,0,0
755.154,0.9633,0,0,0,0
755.190,0.9633,0,0,0,0
755.222,0.9633,0,0,0,0
755.255,0.9633,0,0,0,0
755.289,0.9633,0,0,0,0
755.321,0.9633,0,0,0,0
755.357,0.9633,0,0,0,0
755.392,0.9633,0,0,0,0
755.423,0.9633,0,0,0,0
755.456,0.9633,0,0,0,0
755.489,0.9633,0,0,0,0
755.522,0.9633,0,0,0,0
755.557,0.9633,0,0,0,0
755.589,0.9633,0,0,0,0
755.621,0.9633,0,0,0,0
755.659,0.9633,0,0,0,0
755.690,0.9633,0,0,0,0
755.724,0.9633,0,0,0,0
755.757,0.9633,0,0,0,0
755.791,0.9633,0,0,0,0
755.822,0.9633,0,0,0,0
755.857,0.9633,0,0,0,0
755.891,0.9633,0,0,0,0
755.923,0.9633,0,0,0,0
755.956,0.9633,0,0,0,0
755.988,0.9633,0,0,0,0
756.024,0.9633,0,0,0,0
756.055,0.9633,0,0,0,0
756.089,0.9633,0,0,0,0
756.121,0.9633,0,0,0,0
756.157,0.9633,0,0,0,0
756.190,0.9633,0,0,0,0
756.223,0.9633,0,0,0,0
756.257,0.9633,0,0,0,0
756.291,0.9633,0,0,0,0
756.323,0.9633,0,0,0,0
756.357,0.9633,0,0,0,0
756.387,0.9633,0,0,0,0
756.425,0.9633,0,0,0,0
756.458,0.9633,0,0,0,0
756.490,0.9633,0,0,0,0
756.524,0.9633,0,0,0,0
756.554,0.9633,0,0,0,0
756.589,0.9633,0,0,0,0
756.622,0.9633,0,0,0,0
756.657,0.9633,0,0,0,0
756.690,0.9633,0,0,0,0
756.722,0.9633,0,0,0,0
756.757,0.9633,0,0,0,0
756.788,0.9633,0,0,0,0
756.823,0.9633,0,0,0,0
756.857,0.9633,0,0,0,0
756.889,0.9633,0,0,0,0
756.924,0.9633,0,0,0,0
756.957,0.9633,0,0,0,0
756.989,0.9633,0,0,0,0
757.022,0.9633,0,0,0,0
757.056,0.9633,0,0,0,0
757.089,0.9633,0,0,0,0
757.123,0.9633,0,0,0,0
757.156,0.9633,0,0,0,0
757.191,0.9633,0,0,0,0
757.224,0.9633,0,0,0,0
757.257,0.9633,0,0,0,0
757.289,0.9633,0,0,0,0
757.323,0.9633,0,0,0,0
757.357,0.9633,0,0,0,0
757.390,0.9633,0,0,0,0
757.424,0.9633,0,0,0,0
757.458,0.9633,0,0,0,0
757.489,0.9633,0,0,0,0
757.522,0.9633,0,0,0,0
757.554,0.9633,0,0,0,0
757.590,0.9633,0,0,0,0
757.621,0.9633,0,0,0,0
757.655,0.9633,0,0,0,0
757.688,0.9633,0,0,0,0
757.723,0.9633,0,0,0,0
757.757,0.9633,0,0,0,0
757.786,0.9633,0,0,0,0
757.821,0.9633,0,0,0,0
757.856,0.9633,0,0,0,0
757.889,0.9633,0,0,0,0
757.923,0.9633,0,0,0,0
757.955,0.9633,0,0,0,0
757.991,0.9633,0,0,0,0
758.023,0.9633,0,0,0,0
758.054,0.9633,0,0,0,0
758.091,0.9633,0,0,0,0
758.123,0.9633,0,0,0,0
758.156,0.9633,0,0,0,0
758.187,0.9633,0,0,0,0
758.222,0.9633,0,0,0,0
758.257,0.9633,0,0,0,0
758.289,0.9633,0,0,0,0
758.325,0.9633,0,0,0,0
758.358,0.9633,0,0,0,0
758.391,0.9633,0,0,0,0
758.425,0.9633,0,0,0,0
758.455,0.9633,0,0,0,0
758.491,0.9633,0,0,0,0
758.522,0.9633,0,0,0,0
758.557,0.9633,0,0,0,0
758.591,0.9633,0,0,0,0
758.621,0.9633,0,0,0,0
758.656,0.9633,0,0,0,0
758.687,0.9633,0,0,0,0
758.723,0.9633,0,0,0,0
758.754,0.9633,0,0,0,0
758.788,0.9633,0,0,0,0
758.822,0.9633,0,0,0,0
758.857,0.9633,0,0,0,0
758.890,0.9633,0,0,0,0
758.924,0.9633,0,0,0,0
758.957,0.9633,0,0,0,0
758.988,0.9633,0,0,0,0
759.025,0.9633,0,0,0,0
759.055,0.9633,0,0,0,0
759.091,0.9633,0,0,0,0
759.125,0.9633,0,0,0,0
759.157,0.9633,0,0,0,0
759.190,0.9633,0,0,0,0
759.221,0.9633,0,0,0,0
759.258,0.9633,0,0,0,0
759.288,0.9633,0,0,0,0
759.325,0.9633,0,0,0,0
759.357,0.9633,0,0,0,0
759.388,0.9633,0,0,0,0
759.422,0.9633,0,0,0,0
759.446,0.9633,0,0,0,0
759.489,0.9633,0,0,0,0
759.524,0.9633,0,0,0,0
759.558,0.9633,0,0,0,0
759.589,0.9633,0,0,0,0
759.624,0.9633,0,0,0,0
759.657,0.9633,0,0,0,0
759.689,0.9633,0,0,0,0
759.722,0.9633,0,0,0,0
759.758,0.9633,0,0,0,0
759.788,0.9633,0,0,0,0
759.821,0.9633,0,0,0,0
759.857,0.9633,0,0,0,0
759.888,0.9633,0,0,0,0
759.925,0.9633,0,0,0,0
759.957,0.9633,0,0,0,0
759.989,0.9633,0,0,0,0
760.024,0.9633,0,0,0,0
760.056,0.9633,0,0,0,0
760.088,0.9633,0,0,0,0
760.126,0.9633,0,0,0,0
760.146,0.9633,0,0,0,0
760.188,0.9633,0,0,0,0
760.222,0.9633,0,0,0,0
760.255,0.9633,0,0,0,0
760.290,0.9633,0,0,0,0
760.324,0.9633,0,0,0,0
760.357,0.9633,0,0,0,0
760.389,0.9633,0,0,0,0
760.424,0.9633,0,0,0,0
760.455,0.9633,0,0,0,0
760.487,0.9633,0,0,0,0
760.522,0.9633,0,0,0,0
760.557,0.9633,0,0,0,0
760.588,0.9633,0,0,0,0
760.624,0.9633,0,0,0,0
760.663,0.9633,0,0,0,0
760.689,0.9633,0,0,0,0
760.725,0.9633,0,0,0,0
760.754,0.9633,0,0,0,0
760.790,0.9633,0,0,0,0
760.823,0.9633,0,0,0,0
760.858,0.9633,0,0,0,0
760.889,0.9633,0,0,0,0
760.922,0.9633,0,0,0,0
760.956,0.9633,0,0,0,0
760.991,0.9633,0,0,0,0
761.024,0.9633,0,0,0,0
761.056,0.9633,0,0,0,0
761.088,0.9633,0,0,0,0
761.122,0.9633,0,0,0,0
761.155,0.9633,0,0,0,0
761.192,0.9633,0,0,0,0
761.225,0.9633,0,0,0,0
761.258,0.9633,0,0,0,0
761.289,0.9633,0,0,0,0
761.321,0.9633,0,0,0,0
761.355,0.9633,0,0,0,0
761.390,0.9633,0,0,0,0
761.422,0.9633,0,0,0,0
761.456,0.9633,0,0,0,0
761.492,0.9633,0,0,0,0
761.520,0.9633,0,0,0,0
761.558,0.9633,0,0,0,0
761.588,0.9633,0,0,0,0
761.622,0.9633,0,0,0,0
761.654,0.9633,0,0,0,0
761.689,0.9633,0,0,0,0
761.722,0.9633,0,0,0,0
761.755,0.9633,0,0,0,0
761.787,0.9633,0,0,0,0
761.829,0.9633,0,0,0,0
761.856,0.9633,0,0,0,0
761.891,0.9633,0,0,0,0
761.914,0.9633,0,0,0,0
761.957,0.9633,0,0,0,0
761.992,0.9633,0,0,0,0
762.024,0.9633,0,0,0,0
762.053,0.9633,0,0,0,0
762.091,0.9633,0,0,0,0
762.121,0.9633,0,0,0,0
762.156,0.9633,0,0,0,0
762.188,0.9633,0,0,0,0
762.219,0.9633,0,0,0,0
762.252,0.9633,0,0,0,0
762.290,0.9633,0,0,0,0
762.322,0.9633,0,0,0,0
762.355,0.9633,0,0,0,0
762.388,0.9633,0,0,0,0
762.422,0.9633,0,0,0,0
762.458,0.9633,0,0,0,0
762.489,0.9633,0,0,0,0
762.523,0.9633,0,0,0,0
762.553,0.9633,0,0,0,0
762.591,0.9633,0,0,0,0
762.624,0.9633,0,0,0,0
762.659,0.9633,0,0,0,0
762.692,0.9633,0,0,0,0
762.723,0.9633,0,0,0,0
762.755,0.9633,0,0,0,0
762.788,0.9633,0,0,0,0
762.824,0.9633,0,0,0,0
762.854,0.9633,0,0,0,0
762.889,0.9633,0,0,0,0
762.926,0.9633,0,0,0,0
762.957,0.9633,0,0,0,0
762.990,0.9633,0,0,0,0
763.023,0.9633,0,0,0,0
763.054,0.9633,0,0,0,0
763.089,0.9633,0,0,0,0
763.124,0.9633,0,0,0,0
763.157,0.9633,0,0,0,0
763.187,0.9633,0,0,0,0
763.224,0.9633,0,0,0,0
763.257,0.9633,0,0,0,0
763.289,0.9633,0,0,0,0
763.323,0.9633,0,0,0,0
763.357,0.9633,0,0,0,0
763.390,0.9633,0,0,0,0
763.424,0.9633,0,0,0,0
763.454,0.9633,0,0,0,0
763.491,0.9633,0,0,0,0
763.520,0.9633,0,0,0,0
763.558,0.9633,0,0,0,0
763.591,0.9633,0,0,0,0
763.626,0.9633,0,0,0,0
763.656,0.9633,0,0,0,0
763.687,0.9633,0,0,0,0
763.721,0.9633,0,0,0,0
763.754,0.9633,0,0,0,0
763.790,0.9633,0,0,0,0
763.823,0.9633,0,0,0,0
763.854,0.9633,0,0,0,0
763.890,0.9633,0,0,0,0
763.921,0.9633,0,0,0,0
763.956,0.9633,0,0,0,0
763.990,0.9633,0,0,0,0
764.022,0.9633,0,0,0,0
764.054,0.9633,0,0,0,0
764.086,0.9633,0,0,0,0
764.125,0.9633,0,0,0,0
764.154,0.9633,0,0,0,0
764.190,0.9633,0,0,0,0
764.222,0.9633,0,0,0,0
764.259,0.9633,0,0,0,0
764.287,0.9633,0,0,0,0
764.322,0.9633,0,0,0,0
764.359,0.9633,0,0,0,0
764.388,0.9633,0,0,0,0
764.424,0.9633,0,0,0,0
764.455,0.9633,0,0,0,0
764.490,0.9633,0,0,0,0
764.520,0.9633,0,0,0,0
764.557,0.9633,0,0,0,0
764.588,0.9633,0,0,0,0
764.625,0.9633,0,0,0,0
764.656,0.9633,0,0,0,0
764.691,0.9633,0,0,0,0
764.721,0.9633,0,0,0,0
764.754,0.9633,0,0,0,0
764.786,0.9633,0,0,0,0
764.821,0.9633,0,0,0,0
764.855,0.9633,0,0,0,0
764.887,0.9633,0,0,0,0
764.919,0.9633,0,0,0,0
764.956,0.9633,0,0,0,0
764.990,0.9633,0,0,0,0
765.026,0.9633,0,0,0,0
765.057,0.9633,0,0,0,0
765.090,0.9633,0,0,0,0
765.120,0.9633,0,0,0,0
765.157,0.9633,0,0,0,0
765.190,0.9633,0,0,0,0
765.221,0.9633,0,0,0,0
765.255,0.9633,0,0,0,0
765.288,0.9633,0,0,0,0
765.324,0.9633,0,0,0,0
765.355,0.9633,0,0,0,0
765.389,0.9633,0,0,0,0
765.423,0.9633,0,0,0,0
765.456,0.9633,0,0,0,0
765.487,0.9633,0,0,0,0
765.522,0.9633,0,0,0,0
765.558,0.9633,0,0,0,0
765.591,0.9633,0,0,0,0
765.624,0.9633,0,0,0,0
765.656,0.9633,0,0,0,0
765.691,0.9633,0,0,0,0
765.721,0.9633,0,0,0,0
765.756,0.9633,0,0,0,0
765.789,0.9633,0,0,0,0
765.823,0.9633,0,0,0,0
765.858,0.9633,0,0,0,0
765.889,0.9633,0,0,0,0
765.921,0.9633,0,0,0,0
765.955,0.9633,0,0,0,0
765.989,0.9633,0,0,0,0
766.024,0.9633,0,0,0,0
766.054,0.9633,0,0,0,0
766.090,0.9633,0,0,0,0
766.125,0.9633,0,0,0,0
766.158,0.9633,0,0,0,0
766.190,0.9633,0,0,0,0
766.223,0.9633,0,0,0,0
766.255,0.9633,0,0,0,0
766.290,0.9633,0,0,0,0
766.321,0.9633,0,0,0,0
766.356,0.9633,0,0,0,0
766.388,0.9633,0,0,0,0
766.424,0.9633,0,0,0,0
766.455,0.9633,0,0,0,0
766.490,0.9633,0,0,0,0
766.523,0.9633,0,0,0,0
766.555,0.9633,0,0,0,0
766.588,0.9633,0,0,0,0
766.625,0.9633,0,0,0,0
766.657,0.9633,0,0,0,0
766.690,0.9633,0,0,0,0
766.722,0.9633,0,0,0,0
766.758,0.9633,0,0,0,0
766.789,0.9633,0,0,0,0
766.821,0.9633,0,0,0,0
766.857,0.9633,0,0,0,0
766.889,0.9633,0,0,0,0
766.921,0.9633,0,0,0,0
766.954,0.9633,0,0,0,0
766.987,0.9633,0,0,0,0
767.021,0.9633,0,0,0,0
767.056,0.9633,0,0,0,0
767.090,0.9633,0,0,0,0
767.121,0.9633,0,0,0,0
767.157,0.9633,0,0,0,0
767.191,0.9633,0,0,0,0
767.221,0.9633,0,0,0,0
767.255,0.9633,0,0,0,0
767.289,0.9633,0,0,0,0
767.323,0.9633,0,0,0,0
767.357,0.9633,0,0,0,0
767.389,0.9633,0,0,0,0
767.421,0.9633,0,0,0,0
767.454,0.9633,0,0,0,0
767.489,0.9633,0,0,0,0
767.520,0.9633,0,0,0,0
767.557,0.9633,0,0,0,0
767.589,0.9633,0,0,0,0
767.624,0.9633,0,0,0,0
767.657,0.9633,0,0,0,0
767.691,0.9633,0,0,0,0
767.723,0.9633,0,0,0,0
767.756,0.9633,0,0,0,0
767.788,0.9633,0,0,0,0
767.823,0.9633,0,0,0,0
767.857,0.9633,0,0,0,0
767.891,0.9633,0,0,0,0
767.922,0.9633,0,0,0,0
767.955,0.9633,0,0,0,0
767.991,0.9633,0,0,0,0
768.023,0.9633,0,0,0,0
768.055,0.9633,0,0,0,0
768.090,0.9633,0,0,0,0
768.121,0.9633,0,0,0,0
768.157,0.9633,0,0,0,0
768.187,0.9633,0,0,0,0
768.222,0.9633,0,0,0,0
768.258,0.9633,0,0,0,0
768.289,0.9633,0,0,0,0
768.325,0.9633,0,0,0,0
768.356,0.9633,0,0,0,0
768.388,0.9633,0,0,0,0
768.421,0.9633,0,0,0,0
768.456,0.9633,0,0,0,0
768.489,0.9633,0,0,0,0
768.522,0.9633,0,0,0,0
768.554,0.9633,0,0,0,0
768.590,0.9633,0,0,0,0
768.622,0.9633,0,0,0,0
768.655,0.9633,0,0,0,0
768.687,0.9633,0,0,0,0
768.724,0.9633,0,0,0,0
768.756,0.9633,0,0,0,0
768.788,0.9633,0,0,0,0
768.821,0.9633,0,0,0,0
768.855,0.9633,0,0,0,0
768.891,0.9633,0,0,0,0
768.924,0.9633,0,0,0,0
768.957,0.9633,0,0,0,0
768.989,0.9633,0,0,0,0
769.023,0.9633,0,0,0,0
769.055,0.9633,0,0,0,0
769.090,0.9633,0,0,0,0
769.123,0.9633,0,0,0,0
769.157,0.9633,0,0,0,0
769.188,0.9633,0,0,0,0
769.221,0.9633,0,0,0,0
769.255,0.9633,0,0,0,0
769.292,0.9633,0,0,0,0
769.325,0.9633,0,0,0,0
769.358,0.9633,0,0,0,0
769.389,0.9633,0,0,0,0
769.421,0.9633,0,0,0,0
769.455,0.9633,0,0,0,0
769.487,0.9633,0,0,0,0
769.524,0.9633,0,0,0,0
769.557,0.9633,0,0,0,0
769.588,0.9633,0,0,0,0
769.621,0.9633,0,0,0,0
769.654,0.9633,0,0,0,0
769.690,0.9633,0,0,0,0
769.723,0.9633,0,0,0,0
769.756,0.9633,0,0,0,0
769.788,0.9633,0,0,0,0
769.821,0.9633,0,0,0,0
769.855,0.9633,0,0,0,0
769.889,0.9633,0,0,0,0
769.924,0.9633,0,0,0,0
769.957,0.9633,0,0,0,0
769.990,0.9633,0,0,0,0
770.023,0.9633,0,0,0,0
770.056,0.9633,0,0,0,0
770.089,0.9633,0,0,0,0
770.126,0.9633,0,0,0,0
770.157,0.9633,0,0,0,0
770.189,0.9633,0,0,0,0
770.223,0.9633,0,0,0,0
770.258,0.9633,0,0,0,0
770.290,0.9633,0,0,0,0
770.323,0.9633,0,0,0,0
770.355,0.9633,0,0,0,0
770.390,0.9633,0,0,0,0
770.422,0.9633,0,0,0,0
770.456,0.9633,0,0,0,0
770.491,0.9633,0,0,0,0
770.522,0.9633,0,0,0,0
770.557,0.9633,0,0,0,0
770.587,0.9633,0,0,0,0
770.619,0.9633,0,0,0,0
770.659,0.9633,0,0,0,0
770.689,0.9633,0,0,0,0
770.725,0.9633,0,0,0,0
770.753,0.9633,0,0,0,0
770.787,0.9633,0,0,0,0
770.825,0.9633,0,0,0,0
770.856,0.9633,0,0,0,0
770.891,0.9633,0,0,0,0
770.922,0.9633,0,0,0,0
770.954,0.9633,0,0,0,0
770.990,0.9633,0,0,0,0
771.022,0.9633,0,0,0,0
771.054,0.9633,0,0,0,0
771.090,0.9633,0,0,0,0
771.123,0.9633,0,0,0,0
771.155,0.9633,0,0,0,0
771.192,0.9633,0,0,0,0
771.223,0.9633,0,0,0,0
771.255,0.9633,0,0,0,0
771.287,0.9633,0,0,0,0
771.325,0.9633,0,0,0,0
771.357,0.9633,0,0,0,0
771.389,0.9633,0,0,0,0
771.422,0.9633,0,0,0,0
771.457,0.9633,0,0,0,0
771.488,0.9633,0,0,0,0
771.523,0.9633,0,0,0,0
771.555,0.9633,0,0,0,0
771.590,0.9633,0,0,0,0
771.623,0.9633,0,0,0,0
771.656,0.9633,0,0,0,0
771.688,0.9633,0,0,0,0
771.721,0.9633,0,0,0,0
771.754,0.9633,0,0,0,0
771.791,0.9633,0,0,0,0
771.820,0.9633,0,0,0,0
771.854,0.9633,0,0,0,0
771.888,0.9633,0,0,0,0
771.921,0.9633,0,0,0,0
771.956,0.9633,0,0,0,0
771.989,0.9633,0,0,0,0
772.023,0.9633,0,0,0,0
772.057,0.9633,0,0,0,0
772.090,0.9633,0,0,0,0
772.123,0.9633,0,0,0,0
772.157,0.9633,0,0,0,0
772.189,0.9633,0,0,0,0
772.223,0.9633,0,0,0,0
772.257,0.9633,0,0,0,0
772.290,0.9633,0,0,0,0
772.325,0.9633,0,0,0,0
772.355,0.9633,0,0,0,0
772.387,0.9633,0,0,0,0
772.421,0.9633,0,0,0,0
772.455,0.9633,0,0,0,0
772.488,0.9633,0,0,0,0
772.525,0.9633,0,0,0,0
772.557,0.9633,0,0,0,0
772.588,0.9633,0,0,0,0
772.623,0.9633,0,0,0,0
772.658,0.9633,0,0,0,0
772.691,0.9633,0,0,0,0
772.721,0.9633,0,0,0,0
772.757,0.9633,0,0,0,0
772.789,0.9633,0,0,0,0
772.822,0.9633,0,0,0,0
772.855,0.9633,0,0,0,0
772.889,0.9633,0,0,0,0
772.923,0.9633,0,0,0,0
772.957,0.9633,0,0,0,0
772.990,0.9633,0,0,0,0
773.023,0.9633,0,0,0,0
773.055,0.9633,0,0,0,0
773.091,0.9633,0,0,0,0
773.123,0.9633,0,0,0,0
773.154,0.9633,0,0,0,0
773.190,0.9633,0,0,0,0
773.222,0.9633,0,0,0,0
773.257,0.9633,0,0,0,0
773.288,0.9633,0,0,0,0
773.324,0.9633,0,0,0,0
773.356,0.9633,0,0,0,0
773.390,0.9633,0,0,0,0
773.422,0.9633,0,0,0,0
773.455,0.9633,0,0,0,0
773.488,0.9633,0,0,0,0
773.521,0.9633,0,0,0,0
773.558,0.9633,0,0,0,0
773.590,0.9633,0,0,0,0
773.622,0.9633,0,0,0,0
773.654,0.9633,0,0,0,0
773.689,0.9633,0,0,0,0
773.722,0.9633,0,0,0,0
773.758,0.9633,0,0,0,0
773.789,0.9633,0,0,0,0
773.821,0.9633,0,0,0,0
773.856,0.9633,0,0,0,0
773.895,0.9633,0,0,0,0
773.921,0.9633,0,0,0,0
773.954,0.9633,0,0,0,0
773.990,0.9633,0,0,0,0
774.023,0.9633,0,0,0,0
774.056,0.9633,0,0,0,0
774.089,0.9633,0,0,0,0
774.124,0.9633,0,0,0,0
774.158,0.9633,0,0,0,0
774.191,0.9633,0,0,0,0
774.224,0.9633,0,0,0,0
774.257,0.9633,0,0,0,0
774.289,0.9633,0,0,0,0
774.322,0.9633,0,0,0,0
774.357,0.9633,0,0,0,0
774.389,0.9633,0,0,0,0
774.422,0.9633,0,0,0,0
774.455,0.9633,0,0,0,0
774.488,0.9633,0,0,0,0
774.521,0.9633,0,0,0,0
774.556,0.9633,0,0,0,0
774.588,0.9633,0,0,0,0
774.625,0.9633,0,0,0,0
774.658,0.9633,0,0,0,0
774.689,0.9633,0,0,0,0
774.721,0.9633,0,0,0,0
774.757,0.9633,0,0,0,0
774.789,0.9633,0,0,0,0
774.824,0.9633,0,0,0,0
774.855,0.9633,0,0,0,0
774.889,0.9633,0,0,0,0
774.924,0.9633,0,0,0,0
774.955,0.9633,0,0,0,0
774.990,0.9633,0,0,0,0
775.022,0.9633,0,0,0,0
775.054,0.9633,0,0,0,0
775.091,0.9633,0,0,0,0
775.125,0.9633,0,0,0,0
775.158,0.9633,0,0,0,0
775.190,0.9633,0,0,0,0
775.223,0.9633,0,0,0,0
775.256,0.9633,0,0,0,0
775.289,0.9633,0,0,0,0
775.323,0.9633,0,0,0,0
775.356,0.9633,0,0,0,0
775.392,0.9633,0,0,0,0
775.424,0.9633,0,0,0,0
775.456,0.9633,0,0,0,0
775.487,0.9633,0,0,0,0
775.524,0.9633,0,0,0,0
775.557,0.9633,0,0,0,0
775.589,0.9633,0,0,0,0
775.622,0.9633,0,0,0,0
775.654,0.9633,0,0,0,0
775.690,0.9633,0,0,0,0
775.723,0.9633,0,0,0,0
775.756,0.9633,0,0,0,0
775.789,0.9633,0,0,0,0
775.822,0.9633,0,0,0,0
775.856,0.9633,0,0,0,0
775.888,0.9633,0,0,0,0
775.921,0.9633,0,0,0,0
775.955,0.9633,0,0,0,0
775.992,0.9633,0,0,0,0
776.021,0.9633,0,0,0,0
776.055,0.9633,0,0,0,0
776.092,0.9633,0,0,0,0
776.120,0.9633,0,0,0,0
776.158,0.9633,0,0,0,0
776.189,0.9633,0,0,0,0
776.221,0.9633,0,0,0,0
776.257,0.9633,0,0,0,0
776.289,0.9633,0,0,0,0
776.325,0.9633,0,0,0,0
776.355,0.9633,0,0,0,0
776.390,0.9633,0,0,0,0
776.421,0.9633,0,0,0,0
776.457,0.9633,0,0,0,0
776.488,0.9633,0,0,0,0
776.520,0.9633,0,0,0,0
776.557,0.9633,0,0,0,0
776.589,0.9633,0,0,0,0
776.620,0.9633,0,0,0,0
776.658,0.9633,0,0,0,0
776.690,0.9633,0,0,0,0
776.723,0.9633,0,0,0,0
776.755,0.9633,0,0,0,0
776.791,0.9633,0,0,0,0
776.823,0.9633,0,0,0,0
776.855,0.9633,0,0,0,0
776.891,0.9633,0,0,0,0
776.923,0.9633,0,0,0,0
776.955,0.9633,0,0,0,0
776.987,0.9633,0,0,0,0
777.024,0.9633,0,0,0,0
777.057,0.9633,0,0,0,0
777.092,0.9633,0,0,0,0
777.124,0.9633,0,0,0,0
777.156,0.9633,0,0,0,0
777.188,0.9633,0,0,0,0
777.221,0.9633,0,0,0,0
777.254,0.9633,0,0,0,0
777.291,0.9633,0,0,0,0
777.325,0.9633,0,0,0,0
777.358,0.9633,0,0,0,0
777.390,0.9633,0,0,0,0
777.423,0.9633,0,0,0,0
777.457,0.9633,0,0,0,0
777.489,0.9633,0,0,0,0
777.522,0.9633,0,0,0,0
777.556,0.9633,0,0,0,0
777.588,0.9633,0,0,0,0
777.621,0.9633,0,0,0,0
777.656,0.9633,0,0,0,0
777.692,0.9633,0,0,0,0
777.722,0.9633,0,0,0,0
777.756,0.9633,0,0,0,0
777.790,0.9633,0,0,0,0
777.825,0.9633,0,0,0,0
777.855,0.9633,0,0,0,0
777.890,0.9633,0,0,0,0
777.923,0.9633,0,0,0,0
777.953,0.9633,0,0,0,0
777.987,0.9633,0,0,0,0
778.022,0.9633,0,0,0,0
778.057,0.9633,0,0,0,0
778.086,0.9633,0,0,0,0
778.122,0.9633,0,0,0,0
778.154,0.9633,0,0,0,0
778.187,0.9633,0,0,0,0
778.220,0.9633,0,0,0,0
778.257,0.9633,0,0,0,0
778.290,0.9633,0,0,0,0
778.324,0.9633,0,0,0,0
778.357,0.9633,0,0,0,0
778.390,0.9633,0,0,0,0
778.424,0.9633,0,0,0,0
778.458,0.9633,0,0,0,0
778.487,0.9633,0,0,0,0
778.522,0.9633,0,0,0,0
778.557,0.9633,0,0,0,0
778.591,0.9633,0,0,0,0
778.621,0.9633,0,0,0,0
778.657,0.9633,0,0,0,0
778.687,0.9633,0,0,0,0
778.723,0.9633,0,0,0,0
778.759,0.9633,0,0,0,0
778.788,0.9633,0,0,0,0
778.824,0.9633,0,0,0,0
778.858,0.9633,0,0,0,0
778.892,0.9633,0,0,0,0
778.922,0.9633,0,0,0,0
778.957,0.9633,0,0,0,0
778.987,0.9633,0,0,0,0
779.022,0.9633,0,0,0,0
779.056,0.9633,0,0,0,0
779.090,0.9633,0,0,0,0
779.124,0.9633,0,0,0,0
779.158,0.9633,0,0,0,0
779.190,0.9633,0,0,0,0
779.222,0.9633,0,0,0,0
779.256,0.9633,0,0,0,0
779.288,0.9633,0,0,0,0
779.325,0.9633,0,0,0,0
779.357,0.9633,0,0,0,0
779.388,0.9633,0,0,0,0
779.424,0.9633,0,0,0,0
779.457,0.9633,0,0,0,0
779.489,0.9633,0,0,0,0
779.522,0.9633,0,0,0,0
779.555,0.9633,0,0,0,0
779.588,0.9633,0,0,0,0
779.623,0.9633,0,0,0,0
779.655,0.9633,0,0,0,0
779.689,0.9633,0,0,0,0
779.723,0.9633,0,0,0,0
779.756,0.9633,0,0,0,0
779.788,0.9633,0,0,0,0
779.820,0.9633,0,0,0,0
779.856,0.9633,0,0,0,0
779.888,0.9633,0,0,0,0
779.921,0.9633,0,0,0,0
779.958,0.9633,0,0,0,0
779.988,0.9633,0,0,0,0
780.022,0.9633,0,0,0,0
780.055,0.9633,0,0,0,0
780.089,0.9633,0,0,0,0
780.121,0.9633,0,0,0,0
780.156,0.9633,0,0,0,0
780.198,0.9633,0,0,0,0
780.224,0.9633,0,0,0,0
780.258,0.9633,0,0,0,0
780.288,0.9633,0,0,0,0
780.321,0.9633,0,0,0,0
780.357,0.9633,0,0,0,0
780.390,0.9633,0,0,0,0
780.422,0.9633,0,0,0,0
780.455,0.9633,0,0,0,0
780.490,0.9633,0,0,0,0
780.524,0.9633,0,0,0,0
780.556,0.9633,0,0,0,0
780.588,0.9633,0,0,0,0
780.622,0.9633,0,0,0,0
780.655,0.9633,0,0,0,0
780.687,0.9633,0,0,0,0
780.721,0.9633,0,0,0,0
780.757,0.9633,0,0,0,0
780.790,0.9633,0,0,0,0
780.822,0.9633,0,0,0,0
780.856,0.9633,0,0,0,0
780.888,0.9633,0,0,0,0
780.912,0.9633,0,0,0,0
780.957,0.9633,0,0,0,0
780.979,0.9633,0,0,0,0
781.020,0.9633,0,0,0,0
781.055,0.9633,0,0,0,0
781.091,0.9633,0,0,0,0
781.121,0.9633,0,0,0,0
781.157,0.9633,0,0,0,0
781.188,0.9633,0,0,0,0
781.224,0.9633,0,0,0,0
781.256,0.9633,0,0,0,0
781.290,0.9633,0,0,0,0
781.324,0.9633,0,0,0,0
781.354,0.9633,0,0,0,0
781.388,0.9633,0,0,0,0
781.424,0.9633,0,0,0,0
781.455,0.9633,0,0,0,0
781.490,0.9633,0,0,0,0
781.522,0.9633,0,0,0,0
781.555,0.9633,0,0,0,0
781.589,0.9633,0,0,0,0
781.622,0.9633,0,0,0,0
781.659,0.9633,0,0,0,0
781.689,0.9633,0,0,0,0
781.731,0.9633,0,0,0,0
781.754,0.9633,0,0,0,0
781.791,0.9633,0,0,0,0
781.821,0.9633,0,0,0,0
781.855,0.9633,0,0,0,0
781.890,0.9633,0,0,0,0
781.921,0.9633,0,0,0,0
781.956,0.9633,0,0,0,0
781.990,0.9633,0,0,0,0
782.023,0.9633,0,0,0,0
782.054,0.9633,0,0,0,0
782.091,0.9633,0,0,0,0
782.123,0.9633,0,0,0,0
782.153,0.9633,0,0,0,0
782.186,0.9633,0,0,0,0
782.222,0.9633,0,0,0,0
782.260,0.9633,0,0,0,0
782.280,0.9633,0,0,0,0
782.323,0.9633,0,0,0,0
782.348,0.9633,0,0,0,0
782.388,0.9633,0,0,0,0
782.422,0.9633,0,0,0,0
782.454,0.9633,0,0,0,0
782.492,0.9633,0,0,0,0
782.514,0.9633,0,0,0,0
782.555,0.9633,0,0,0,0
782.583,0.9633,0,0,0,0
782.623,0.9633,0,0,0,0
782.655,0.9633,0,0,0,0
782.690,0.9633,0,0,0,0
782.723,0.9633,0,0,0,0
782.755,0.9633,0,0,0,0
782.790,0.9633,0,0,0,0
782.824,0.9633,0,0,0,0
782.854,0.9633,0,0,0,0
782.888,0.9633,0,0,0,0
782.921,0.9633,0,0,0,0
782.955,0.9633,0,0,0,0
782.988,0.9633,0,0,0,0
783.022,0.9633,0,0,0,0
783.055,0.9633,0,0,0,0
783.089,0.9633,0,0,0,0
783.123,0.9633,0,0,0,0
783.155,0.9633,0,0,0,0
783.189,0.9633,0,0,0,0
783.223,0.9633,0,0,0,0
783.255,0.9633,0,0,0,0
783.292,0.9633,0,0,0,0
783.321,0.9633,0,0,0,0
783.358,0.9633,0,0,0,0
783.390,0.9633,0,0,0,0
783.421,0.9633,0,0,0,0
783.457,0.9633,0,0,0,0
783.491,0.9633,0,0,0,0
783.522,0.9633,0,0,0,0
783.556,0.9633,0,0,0,0
783.591,0.9633,0,0,0,0
783.624,0.9633,0,0,0,0
783.655,0.9633,0,0,0,0
783.689,0.9633,0,0,0,0
783.722,0.9633,0,0,0,0
783.756,0.9633,0,0,0,0
783.787,0.9633,0,0,0,0
783.822,0.9633,0,0,0,0
783.857,0.9633,0,0,0,0
783.889,0.9633,0,0,0,0
783.921,0.9633,0,0,0,0
783.954,0.9633,0,0,0,0
783.991,0.9633,0,0,0,0
784.022,0.9633,0,0,0,0
784.058,0.9633,0,0,0,0
784.091,0.9633,0,0,0,0
784.124,0.9633,0,0,0,0
784.155,0.9633,0,0,0,0
784.188,0.9633,0,0,0,0
784.223,0.9633,0,0,0,0
784.256,0.9633,0,0,0,0
784.287,0.9633,0,0,0,0
784.319,0.9633,0,0,0,0
784.357,0.9633,0,0,0,0
784.387,0.9633,0,0,0,0
784.425,0.9633,0,0,0,0
784.457,0.9633,0,0,0,0
784.485,0.9633,0,0,0,0
784.525,0.9633,0,0,0,0
784.551,0.9633,0,0,0,0
784.594,0.9633,0,0,0,0
784.620,0.9633,0,0,0,0
784.655,0.9633,0,0,0,0
784.688,0.9633,0,0,0,0
784.724,0.9633,0,0,0,0
784.756,0.9633,0,0,0,0
784.790,0.9633,0,0,0,0
784.823,0.9633,0,0,0,0
784.857,0.9633,0,0,0,0
784.889,0.9633,0,0,0,0
784.921,0.9633,0,0,0,0
784.957,0.9633,0,0,0,0
784.988,0.9633,0,0,0,0
785.021,0.9633,0,0,0,0
785.057,0.9633,0,0,0,0
785.088,0.9633,0,0,0,0
785.125,0.9633,0,0,0,0
785.158,0.9633,0,0,0,0
785.189,0.9633,0,0,0,0
785.224,0.9633,0,0,0,0
785.255,0.9633,0,0,0,0
785.291,0.9633,0,0,0,0
785.324,0.9633,0,0,0,0
785.356,0.9633,0,0,0,0
785.389,0.9633,0,0,0,0
785.424,0.9633,0,0,0,0
785.455,0.9633,0,0,0,0
785.489,0.9633,0,0,0,0
785.522,0.9633,0,0,0,0
785.555,0.9633,0,0,0,0
785.589,0.9633,0,0,0,0
785.624,0.9633,0,0,0,0
785.658,0.9633,0,0,0,0
785.691,0.9633,0,0,0,0
785.723,0.9633,0,0,0,0
785.758,0.9633,0,0,0,0
785.793,0.9633,0,0,0,0
785.821,0.9633,0,0,0,0
785.855,0.9633,0,0,0,0
785.891,0.9633,0,0,0,0
785.924,0.9633,0,0,0,0
785.955,0.9633,0,0,0,0
785.990,0.9633,0,0,0,0
786.024,0.9633,0,0,0,0
786.058,0.9633,0,0,0,0
786.090,0.9633,0,0,0,0
786.125,0.9633,0,0,0,0
786.158,0.9633,0,0,0,0
786.189,0.9633,0,0,0,0
786.221,0.9633,0,0,0,0
786.256,0.9633,0,0,0,0
786.288,0.9633,0,0,0,0
786.322,0.9633,0,0,0,0
786.357,0.9633,0,0,0,0
786.391,0.9633,0,0,0,0
786.421,0.9633,0,0,0,0
786.454,0.9633,0,0,0,0
786.489,0.9633,0,0,0,0
786.521,0.9633,0,0,0,0
786.556,0.9633,0,0,0,0
786.588,0.9633,0,0,0,0
786.623,0.9633,0,0,0,0
786.658,0.9633,0,0,0,0
786.688,0.9633,0,0,0,0
786.721,0.9633,0,0,0,0
786.756,0.9633,0,0,0,0
786.790,0.9633,0,0,0,0
786.824,0.9633,0,0,0,0
786.856,0.9633,0,0,0,0
786.888,0.9633,0,0,0,0
786.923,0.9633,0,0,0,0
786.955,0.9633,0,0,0,0
786.990,0.9633,0,0,0,0
787.023,0.9633,0,0,0,0
787.055,0.9633,0,0,0,0
787.088,0.9633,0,0,0,0
787.123,0.9633,0,0,0,0
787.154,0.9633,0,0,0,0
787.189,0.9633,0,0,0,0
787.222,0.9633,0,0,0,0
787.258,0.9633,0,0,0,0
787.291,0.9633,0,0,0,0
787.324,0.9633,0,0,0,0
787.357,0.9633,0,0,0,0
787.388,0.9633,0,0,0,0
787.424,0.9633,0,0,0,0
787.457,0.9633,0,0,0,0
787.488,0.9633,0,0,0,0
787.523,0.9633,0,0,0,0
787.554,0.9633,0,0,0,0
787.590,0.9633,0,0,0,0
787.623,0.9633,0,0,0,0
787.658,0.9633,0,0,0,0
787.688,0.9633,0,0,0,0
787.721,0.9633,0,0,0,0
787.757,0.9633,0,0,0,0
787.790,0.9633,0,0,0,0
787.826,0.9633,0,0,0,0
787.857,0.9633,0,0,0,0
787.887,0.9633,0,0,0,0
787.924,0.9633,0,0,0,0
787.956,0.9633,0,0,0,0
787.987,0.9633,0,0,0,0
788.023,0.9633,0,0,0,0
788.055,0.9633,0,0,0,0
788.087,0.9633,0,0,0,0
788.123,0.9633,0,0,0,0
788.158,0.9633,0,0,0,0
788.189,0.9633,0,0,0,0
788.223,0.9633,0,0,0,0
788.258,0.9633,0,0,0,0
788.289,0.9633,0,0,0,0
788.323,0.9633,0,0,0,0
788.354,0.9633,0,0,0,0
788.389,0.9633,0,0,0,0
788.422,0.9633,0,0,0,0
788.456,0.9633,0,0,0,0
788.494,0.9633,0,0,0,0
788.523,0.9633,0,0,0,0
788.557,0.9633,0,0,0,0
788.589,0.9633,0,0,0,0
788.621,0.9633,0,0,0,0
788.657,0.9633,0,0,0,0
788.689,0.9633,0,0,0,0
788.722,0.9633,0,0,0,0
788.757,0.9633,0,0,0,0
788.788,0.9633,0,0,0,0
788.821,0.9633,0,0,0,0
788.854,0.9633,0,0,0,0
788.890,0.9633,0,0,0,0
788.921,0.9633,0,0,0,0
788.954,0.9633,0,0,0,0
788.988,0.9633,0,0,0,0
789.023,0.9633,0,0,0,0
789.056,0.9633,0,0,0,0
789.091,0.9633,0,0,0,0
789.124,0.9633,0,0,0,0
789.155,0.9633,0,0,0,0
789.188,0.9633,0,0,0,0
789.223,0.9633,0,0,0,0
789.256,0.9633,0,0,0,0
789.289,0.9633,0,0,0,0
789.321,0.9633,0,0,0,0
789.354,0.9633,0,0,0,0
789.391,0.9633,0,0,0,0
789.421,0.9633,0,0,0,0
789.455,0.9633,0,0,0,0
789.488,0.9633,0,0,0,0
789.524,0.9633,0,0,0,0
789.556,0.9633,0,0,0,0
789.590,0.9633,0,0,0,0
789.624,0.9633,0,0,0,0
789.657,0.9633,0,0,0,0
789.688,0.9633,0,0,0,0
789.723,0.9633,0,0,0,0
789.758,0.9633,0,0,0,0
789.789,0.9633,0,0,0,0
789.822,0.9633,0,0,0,0
789.854,0.9633,0,0,0,0
789.891,0.9633,0,0,0,0
789.921,0.9633,0,0,0,0
789.955,0.9633,0,0,0,0
789.991,0.9633,0,0,0,0
790.022,0.9633,0,0,0,0
790.056,0.9633,0,0,0,0
790.087,0.9633,0,0,0,0
790.120,0.9633,0,0,0,0
790.155,0.9633,0,0,0,0
790.190,0.9633,0,0,0,0
790.221,0.9633,0,0,0,0
790.255,0.9633,0,0,0,0
790.291,0.9633,0,0,0,0
790.321,0.9633,0,0,0,0
790.354,0.9633,0,0,0,0
790.391,0.9633,0,0,0,0
790.422,0.9633,0,0,0,0
790.456,0.9633,0,0,0,0
790.488,0.9633,0,0,0,0
790.524,0.9633,0,0,0,0
790.554,0.9633,0,0,0,0
790.588,0.9633,0,0,0,0
790.624,0.9633,0,0,0,0
790.654,0.9633,0,0,0,0
790.691,0.9633,0,0,0,0
790.713,0.9633,0,0,0,0
790.753,0.9633,0,0,0,0
790.786,0.9633,0,0,0,0
790.822,0.9633,0,0,0,0
790.855,0.9633,0,0,0,0
790.890,0.9633,0,0,0,0
790.921,0.9633,0,0,0,0
790.954,0.9633,0,0,0,0
790.991,0.9633,0,0,0,0
791.024,0.9633,0,0,0,0
791.057,0.9633,0,0,0,0
791.092,0.9633,0,0,0,0
791.113,0.9633,0,0,0,0
791.156,0.9633,0,0,0,0
791.188,0.9633,0,0,0,0
791.223,0.9633,0,0,0,0
791.258,0.9633,0,0,0,0
791.288,0.9633,0,0,0,0
791.323,0.9633,0,0,0,0
791.355,0.9633,0,0,0,0
791.390,0.9633,0,0,0,0
791.422,0.9633,0,0,0,0
791.458,0.9633,0,0,0,0
791.489,0.9633,0,0,0,0
791.522,0.9633,0,0,0,0
791.557,0.9633,0,0,0,0
791.590,0.9633,0,0,0,0
791.621,0.9633,0,0,0,0
791.654,0.9633,0,0,0,0
791.690,0.9633,0,0,0,0
791.722,0.9633,0,0,0,0
791.758,0.9633,0,0,0,0
791.788,0.9633,0,0,0,0
791.821,0.9633,0,0,0,0
791.856,0.9633,0,0,0,0
791.888,0.9633,0,0,0,0
791.924,0.9633,0,0,0,0
791.957,0.9633,0,0,0,0
791.988,0.9633,0,0,0,0
792.023,0.9633,0,0,0,0
792.057,0.9633,0,0,0,0
792.087,0.9633,0,0,0,0
792.123,0.9633,0,0,0,0
792.155,0.9633,0,0,0,0
792.187,0.9633,0,0,0,0
792.219,0.9633,0,0,0,0
792.259,0.9633,0,0,0,0
792.288,0.9633,0,0,0,0
792.321,0.9633,0,0,0,0
792.356,0.9633,0,0,0,0
792.387,0.9633,0,0,0,0
792.423,0.9633,0,0,0,0
792.458,0.9633,0,0,0,0
792.489,0.9633,0,0,0,0
792.524,0.9633,0,0,0,0
792.555,0.9633,0,0,0,0
792.589,0.9633,0,0,0,0
792.621,0.9633,0,0,0,0
792.654,0.9633,0,0,0,0
792.688,0.9633,0,0,0,0
792.722,0.9633,0,0,0,0
792.755,0.9633,0,0,0,0
792.787,0.9633,0,0,0,0
792.824,0.9633,0,0,0,0
792.856,0.9633,0,0,0,0
792.889,0.9633,0,0,0,0
792.921,0.9633,0,0,0,0
792.955,0.9633,0,0,0,0
792.987,0.9633,0,0,0,0
793.024,0.9633,0,0,0,0
793.056,0.9633,0,0,0,0
793.091,0.9633,0,0,0,0
793.123,0.9633,0,0,0,0
793.155,0.9633,0,0,0,0
793.188,0.9633,0,0,0,0
793.221,0.9633,0,0,0,0
793.256,0.9633,0,0,0,0
793.289,0.9633,0,0,0,0
793.322,0.9633,0,0,0,0
793.355,0.9633,0,0,0,0
793.390,0.9633,0,0,0,0
793.423,0.9633,0,0,0,0
793.454,0.9633,0,0,0,0
793.487,0.9633,0,0,0,0
793.526,0.9633,0,0,0,0
793.555,0.9633,0,0,0,0
793.590,0.9633,0,0,0,0
793.623,0.9633,0,0,0,0
793.656,0.9633,0,0,0,0
793.690,0.9633,0,0,0,0
793.722,0.9633,0,0,0,0
793.757,0.9633,0,0,0,0
793.789,0.9633,0,0,0,0
793.822,0.9633,0,0,0,0
793.855,0.9633,0,0,0,0
793.889,0.9633,0,0,0,0
793.921,0.9633,0,0,0,0
793.956,0.9633,0,0,0,0
793.988,0.9633,0,0,0,0
794.023,0.9633,0,0,0,0
794.056,0.9633,0,0,0,0
794.091,0.9633,0,0,0,0
794.124,0.9633,0,0,0,0
794.157,0.9633,0,0,0,0
794.188,0.9633,0,0,0,0
794.225,0.9633,0,0,0,0
794.257,0.9633,0,0,0,0
794.289,0.9633,0,0,0,0
794.325,0.9633,0,0,0,0
794.356,0.9633,0,0,0,0
794.387,0.9633,0,0,0,0
794.424,0.9633,0,0,0,0
794.456,0.9633,0,0,0,0
794.488,0.9633,0,0,0,0
794.521,0.9633,0,0,0,0
794.559,0.9633,0,0,0,0
794.589,0.9633,0,0,0,0
794.623,0.9633,0,0,0,0
794.656,0.9633,0,0,0,0
794.692,0.9633,0,0,0,0
794.722,0.9633,0,0,0,0
794.754,0.9633,0,0,0,0
794.788,0.9633,0,0,0,0
794.822,0.9633,0,0,0,0
794.857,0.9633,0,0,0,0
794.891,0.9633,0,0,0,0
794.924,0.9633,0,0,0,0
794.956,0.9633,0,0,0,0
794.990,0.9633,0,0,0,0
795.022,0.9633,0,0,0,0
795.058,0.9633,0,0,0,0
795.090,0.9633,0,0,0,0
795.124,0.9633,0,0,0,0
795.156,0.9633,0,0,0,0
795.188,0.9633,0,0,0,0
795.221,0.9633,0,0,0,0
795.256,0.9633,0,0,0,0
795.288,0.9633,0,0,0,0
795.323,0.9633,0,0,0,0
795.355,0.9633,0,0,0,0
795.389,0.9633,0,0,0,0
795.424,0.9633,0,0,0,0
795.455,0.9633,0,0,0,0
795.490,0.9633,0,0,0,0
795.523,0.9633,0,0,0,0
795.555,0.9633,0,0,0,0
795.590,0.9633,0,0,0,0
795.623,0.9633,0,0,0,0
795.658,0.9633,0,0,0,0
795.689,0.9632,0,0,0,0
795.723,0.9632,0,0,0,0
795.757,0.9632,0,0,0,0
795.790,0.9632,0,0,0,0
795.821,0.9632,0,0,0,0
795.858,0.9632,0,0,0,0
795.888,0.9632,0,0,0,0
795.923,0.9632,0,0,0,0
795.955,0.9632,0,0,0,0
795.990,0.9632,0,0,0,0
796.026,0.9632,0,0,0,0
796.057,0.9632,0,0,0,0
796.091,0.9632,0,0,0,0
796.122,0.9632,0,0,0,0
796.155,0.9632,0,0,0,0
796.191,0.9632,0,0,0,0
796.221,0.9632,0,0,0,0
796.256,0.9632,0,0,0,0
796.290,0.9632,0,0,0,0
796.322,0.9632,0,0,0,0
796.358,0.9632,0,0,0,0
796.390,0.9632,0,0,0,0
796.425,0.9632,0,0,0,0
796.457,0.9632,0,0,0,0
796.489,0.9632,0,0,0,0
796.523,0.9632,0,0,0,0
796.555,0.9632,0,0,0,0
796.590,0.9632,0,0,0,0
796.623,0.9632,0,0,0,0
796.656,0.9632,0,0,0,0
796.688,0.9632,0,0,0,0
796.724,0.9632,0,0,0,0
796.755,0.9632,0,0,0,0
796.788,0.9632,0,0,0,0
796.825,0.9632,0,0,0,0
796.858,0.9632,0,0,0,0
796.888,0.9632,0,0,0,0
796.921,0.9632,0,0,0,0
796.953,0.9632,0,0,0,0
796.987,0.9632,0,0,0,0
797.022,0.9632,0,0,0,0
797.057,0.9632,0,0,0,0
797.088,0.9632,0,0,0,0
797.125,0.9632,0,0,0,0
797.157,0.9632,0,0,0,0
797.189,0.9632,0,0,0,0
797.222,0.9632,0,0,0,0
797.257,0.9632,0,0,0,0
797.289,0.9632,0,0,0,0
797.322,0.9632,0,0,0,0
797.357,0.9632,0,0,0,0
797.390,0.9632,0,0,0,0
797.425,0.9632,0,0,0,0
797.454,0.9632,0,0,0,0
797.488,0.9632,0,0,0,0
797.522,0.9632,0,0,0,0
797.557,0.9632,0,0,0,0
797.590,0.9632,0,0,0,0
797.622,0.9632,0,0,0,0
797.656,0.9632,0,0,0,0
797.691,0.9632,0,0,0,0
797.724,0.9632,0,0,0,0
797.757,0.9632,0,0,0,0
797.789,0.9632,0,0,0,0
797.823,0.9632,0,0,0,0
797.856,0.9632,0,0,0,0
797.891,0.9632,0,0,0,0
797.924,0.9632,0,0,0,0
797.954,0.9632,0,0,0,0
797.988,0.9632,0,0,0,0
798.022,0.9632,0,0,0,0
798.055,0.9632,0,0,0,0
798.101,0.9632,0,0,0,0
798.122,0.9632,0,0,0,0
798.157,0.9632,0,0,0,0
798.187,0.9632,0,0,0,0
798.223,0.9632,0,0,0,0
798.256,0.9632,0,0,0,0
798.291,0.9632,0,0,0,0
798.322,0.9632,0,0,0,0
798.357,0.9632,0,0,0,0
798.390,0.9632,0,0,0,0
798.425,0.9632,0,0,0,0
798.455,0.9632,0,0,0,0
798.492,0.9632,0,0,0,0
798.522,0.9632,0,0,0,0
798.555,0.9632,0,0,0,0
798.595,0.9632,0,0,0,0
798.623,0.9632,0,0,0,0
798.654,0.9632,0,0,0,0
798.691,0.9632,0,0,0,0
798.722,0.9632,0,0,0,0
798.757,0.9632,0,0,0,0
798.788,0.9632,0,0,0,0
798.822,0.9632,0,0,0,0
798.855,0.9632,0,0,0,0
798.890,0.9632,0,0,0,0
798.925,0.9632,0,0,0,0
798.957,0.9632,0,0,0,0
798.988,0.9632,0,0,0,0
799.024,0.9632,0,0,0,0
799.058,0.9632,0,0,0,0
799.091,0.9632,0,0,0,0
799.121,0.9632,0,0,0,0
799.156,0.9632,0,0,0,0
799.190,0.9632,0,0,0,0
799.223,0.9632,0,0,0,0
799.256,0.9632,0,0,0,0
799.289,0.9632,0,0,0,0
799.322,0.9632,0,0,0,0
799.355,0.9632,0,0,0,0
799.388,0.9632,0,0,0,0
799.421,0.9632,0,0,0,0
799.454,0.9632,0,0,0,0
799.490,0.9632,0,0,0,0
799.523,0.9632,0,0,0,0
799.555,0.9632,0,0,0,0
799.591,0.9632,0,0,0,0
799.623,0.9632,0,0,0,0
799.655,0.9632,0,0,0,0
799.690,0.9632,0,0,0,0
799.723,0.9632,0,0,0,0
799.756,0.9632,0,0,0,0
799.788,0.9632,0,0,0,0
799.825,0.9632,0,0,0,0
799.855,0.9632,0,0,0,0
799.889,0.9632,0,0,0,0
799.921,0.9632,0,0,0,0
799.958,0.9632,0,0,0,0
799.990,0.9632,0,0,0,0
800.022,0.9632,0,0,0,0
800.055,0.9632,0,0,0,0
800.091,0.9632,0,0,0,0
800.121,0.9632,0,0,0,0
800.153,0.9632,0,0,0,0
800.187,0.9632,0,0,0,0
800.221,0.9632,0,0,0,0
800.255,0.9632,0,0,0,0
800.288,0.9632,0,0,0,0
800.321,0.9632,0,0,0,0
800.357,0.9632,0,0,0,0
800.391,0.9632,0,0,0,0
800.424,0.9632,0,0,0,0
800.454,0.9632,0,0,0,0
800.489,0.9632,0,0,0,0
800.525,0.9632,0,0,0,0
800.557,0.9632,0,0,0,0
800.590,0.9632,0,0,0,0
800.621,0.9632,0,0,0,0
800.658,0.9632,0,0,0,0
800.692,0.9632,0,0,0,0
800.721,0.9632,0,0,0,0
800.756,0.9632,0,0,0,0
800.787,0.9632,0,0,0,0
800.819,0.9632,0,0,0,0
800.853,0.9632,0,0,0,0
800.890,0.9632,0,0,0,0
800.923,0.9632,0,0,0,0
800.956,0.9632,0,0,0,0
800.989,0.9632,0,0,0,0
801.022,0.9632,0,0,0,0
801.053,0.9632,0,0,0,0
801.092,0.9632,0,0,0,0
801.122,0.9632,0,0,0,0
801.157,0.9632,0,0,0,0
801.187,0.9632,0,0,0,0
801.222,0.9632,0,0,0,0
801.258,0.9632,0,0,0,0
801.290,0.9632,0,0,0,0
801.322,0.9632,0,0,0,0
801.356,0.9632,0,0,0,0
801.389,0.9632,0,0,0,0
801.421,0.9632,0,0,0,0
801.454,0.9632,0,0,0,0
801.490,0.9632,0,0,0,0
801.523,0.9632,0,0,0,0
801.557,0.9632,0,0,0,0
801.591,0.9632,0,0,0,0
801.625,0.9632,0,0,0,0
801.657,0.9632,0,0,0,0
801.689,0.9632,0,0,0,0
801.722,0.9632,0,0,0,0
801.755,0.9632,0,0,0,0
801.791,0.9632,0,0,0,0
801.824,0.9632,0,0,0,0
801.856,0.9632,0,0,0,0
801.888,0.9632,0,0,0,0
801.924,0.9632,0,0,0,0
801.956,0.9632,0,0,0,0
801.987,0.9632,0,0,0,0
802.025,0.9632,0,0,0,0
802.057,0.9632,0,0,0,0
802.088,0.9632,0,0,0,0
802.121,0.9632,0,0,0,0
802.155,0.9632,0,0,0,0
802.189,0.9632,0,0,0,0
802.223,0.9632,0,0,0,0
802.258,0.9632,0,0,0,0
802.290,0.9632,0,0,0,0
802.324,0.9632,0,0,0,0
802.358,0.9632,0,0,0,0
802.389,0.9632,0,0,0,0
802.423,0.9632,0,0,0,0
802.459,0.9632,0,0,0,0
802.489,0.9632,0,0,0,0
802.523,0.9632,0,0,0,0
802.555,0.9632,0,0,0,0
802.590,0.9632,0,0,0,0
802.620,0.9632,0,0,0,0
802.656,0.9632,0,0,0,0
802.690,0.9632,0,0,0,0
802.723,0.9632,0,0,0,0
802.755,0.9632,0,0,0,0
802.791,0.9632,0,0,0,0
802.823,0.9632,0,0,0,0
802.857,0.9632,0,0,0,0
802.891,0.9632,0,0,0,0
802.920,0.9632,0,0,0,0
802.956,0.9632,0,0,0,0
802.990,0.9632,0,0,0,0
803.024,0.9632,0,0,0,0
803.057,0.9632,0,0,0,0
803.090,0.9632,0,0,0,0
803.122,0.9632,0,0,0,0
803.154,0.9632,0,0,0,0
803.190,0.9632,0,0,0,0
803.222,0.9632,0,0,0,0
803.257,0.9632,0,0,0,0
803.292,0.9632,0,0,0,0
803.323,0.9632,0,0,0,0
803.358,0.9632,0,0,0,0
803.389,0.9632,0,0,0,0
803.422,0.9632,0,0,0,0
803.456,0.9632,0,0,0,0
803.490,0.9632,0,0,0,0
803.525,0.9632,0,0,0,0
803.555,0.9632,0,0,0,0
803.591,0.9632,0,0,0,0
803.622,0.9632,0,0,0,0
803.658,0.9632,0,0,0,0
803.690,0.9632,0,0,0,0
803.723,0.9632,0,0,0,0
803.756,0.9632,0,0,0,0
803.792,0.9632,0,0,0,0
803.823,0.9632,0,0,0,0
803.855,0.9632,0,0,0,0
803.892,0.9632,0,0,0,0
803.923,0.9632,0,0,0,0
803.956,0.9632,0,0,0,0
803.988,0.9632,0,0,0,0
804.021,0.9632,0,0,0,0
804.054,0.9632,0,0,0,0
804.091,0.9632,0,0,0,0
804.125,0.9632,0,0,0,0
804.154,0.9632,0,0,0,0
804.191,0.9632,0,0,0,0
804.224,0.9632,0,0,0,0
804.257,0.9632,0,0,0,0
804.289,0.9632,0,0,0,0
804.323,0.9632,0,0,0,0
804.357,0.9632,0,0,0,0
804.390,0.9632,0,0,0,0
804.423,0.9632,0,0,0,0
804.455,0.9632,0,0,0,0
804.490,0.9632,0,0,0,0
804.524,0.9632,0,0,0,0
804.555,0.9632,0,0,0,0
804.587,0.9632,0,0,0,0
804.622,0.9632,0,0,0,0
804.656,0.9632,0,0,0,0
804.691,0.9632,0,0,0,0
804.724,0.9632,0,0,0,0
804.755,0.9632,0,0,0,0
804.784,0.9632,0,0,0,0
804.824,0.9632,0,0,0,0
804.855,0.9632,0,0,0,0
804.888,0.9632,0,0,0,0
804.925,0.9632,0,0,0,0
804.957,0.9632,0,0,0,0
804.988,0.9632,0,0,0,0
805.022,0.9632,0,0,0,0
805.048,0.9632,0,0,0,0
805.091,0.9632,0,0,0,0
805.121,0.9632,0,0,0,0
805.155,0.9632,0,0,0,0
805.488,0.9632,0,0,0,0
805.533,0.9632,0,0,0,0
805.555,0.9632,0,0,0,0
805.586,0.9632,0,0,0,0
805.620,0.9632,0,0,0,0
805.654,0.9632,0,0,0,0
805.988,0.9632,0,0,0,0
806.028,0.9632,0,0,0,0
806.058,0.9632,0,0,0,0
806.093,0.9632,0,0,0,0
806.126,0.9632,0,0,0,0
806.160,0.9632,0,0,0,0
806.193,0.9632,0,0,0,0
806.225,0.9632,0,0,0,0
806.260,0.9632,0,0,0,0
806.292,0.9632,0,0,0,0
806.327,0.9632,0,0,0,0
806.358,0.9632,0,0,0,0
806.393,0.9632,0,0,0,0
806.425,0.9632,0,0,0,0
806.460,0.9632,0,0,0,0
806.493,0.9632,0,0,0,0
806.579,0.9632,0,0,0,0
806.598,0.9632,0,0,0,0
806.605,0.9632,0,0,0,0
806.643,0.9632,0,0,0,0
806.675,0.9632,0,0,0,0
806.710,0.9632,0,0,0,0
806.743,0.9632,0,0,0,0
806.774,0.9632,0,0,0,0
806.810,0.9632,0,0,0,0
806.844,0.9632,0,0,0,0
806.877,0.9632,0,0,0,0
806.911,0.9632,0,0,0,0
806.942,0.9632,0,0,0,0
806.976,0.9632,0,0,0,0
807.011,0.9632,0,0,0,0
807.045,0.9632,0,0,0,0
807.078,0.9632,0,0,0,0
807.109,0.9632,0,0,0,0
807.141,0.9632,0,0,0,0
807.177,0.9632,0,0,0,0
807.206,0.9632,0,0,0,0
807.243,0.9632,0,0,0,0
807.277,0.9632,0,0,0,0
807.309,0.9632,0,0,0,0
807.342,0.9632,0,0,0,0
807.375,0.9632,0,0,0,0
807.407,0.9632,0,0,0,0
807.441,0.9632,0,0,0,0
807.475,0.9632,0,0,0,0
807.507,0.9632,0,0,0,0
807.543,0.9632,0,0,0,0
807.574,0.9632,0,0,0,0
807.609,0.9632,0,0,0,0
807.641,0.9632,0,0,0,0
807.677,0.9632,0,0,0,0
807.708,0.9632,0,0,0,0
807.741,0.9632,0,0,0,0
807.774,0.9632,0,0,0,0
807.807,0.9632,0,0,0,0
807.842,0.9632,0,0,0,0
807.876,0.9632,0,0,0,0
807.909,0.9632,0,0,0,0
807.943,0.9632,0,0,0,0
807.967,0.9632,0,0,0,0
808.007,0.9632,0,0,0,0
808.043,0.9632,0,0,0,0
808.073,0.9632,0,0,0,0
808.110,0.9632,0,0,0,0
808.141,0.9632,0,0,0,0
808.177,0.9632,0,0,0,0
808.209,0.9632,0,0,0,0
808.241,0.9632,0,0,0,0
808.274,0.9632,0,0,0,0
808.311,0.9632,0,0,0,0
808.341,0.9632,0,0,0,0
808.373,0.9632,0,0,0,0
808.406,0.9632,0,0,0,0
808.440,0.9632,0,0,0,0
808.474,0.9632,0,0,0,0
808.509,0.9632,0,0,0,0
808.544,0.9632,0,0,0,0
808.573,0.9632,0,0,0,0
808.607,0.9632,0,0,0,0
808.643,0.9632,0,0,0,0
808.677,0.9632,0,0,0,0
808.710,0.9632,0,0,0,0
808.740,0.9632,0,0,0,0
808.775,0.9632,0,0,0,0
808.809,0.9632,0,0,0,0
808.841,0.9632,0,0,0,0
808.876,0.9632,0,0,0,0
808.910,0.9632,0,0,0,0
808.942,0.9632,0,0,0,0
808.974,0.9632,0,0,0,0
809.008,0.9632,0,0,0,0
809.040,0.9632,0,0,0,0
809.084,0.9632,0,0,0,0
809.108,0.9632,0,0,0,0
809.141,0.9632,0,0,0,0
809.176,0.9632,0,0,0,0
809.207,0.9632,0,0,0,0
809.243,0.9632,0,0,0,0
809.276,0.9632,0,0,0,0
809.320,0.9632,0,0,0,0
809.344,0.9632,0,0,0,0
809.377,0.9632,0,0,0,0
809.409,0.9632,0,0,0,0
809.442,0.9632,0,0,0,0
809.473,0.9632,0,0,0,0
809.509,0.9632,0,0,0,0
809.543,0.9632,0,0,0,0
809.573,0.9632,0,0,0,0
809.610,0.9632,0,0,0,0
809.641,0.9632,0,0,0,0
809.674,0.9632,0,0,0,0
809.706,0.9632,0,0,0,0
809.742,0.9632,0,0,0,0
809.776,0.9632,0,0,0,0
809.807,0.9632,0,0,0,0
809.842,0.9632,0,0,0,0
809.876,0.9632,0,0,0,0
809.910,0.9632,0,0,0,0
809.944,0.9632,0,0,0,0
809.977,0.9632,0,0,0,0
810.009,0.9632,0,0,0,0
810.043,0.9632,0,0,0,0
810.076,0.9632,0,0,0,0
810.108,0.9632,0,0,0,0
810.141,0.9632,0,0,0,0
810.175,0.9632,0,0,0,0
810.208,0.9632,0,0,0,0
810.242,0.9632,0,0,0,0
810.274,0.9632,0,0,0,0
810.307,0.9632,0,0,0,0
810.343,0.9632,0,0,0,0
810.378,0.9632,0,0,0,0
810.408,0.9632,0,0,0,0
810.441,0.9632,0,0,0,0
810.475,0.9632,0,0,0,0
810.518,0.9632,0,0,0,0
810.544,0.9632,0,0,0,0
810.579,0.9632,0,0,0,0
810.608,0.9632,0,0,0,0
810.641,0.9632,0,0,0,0
810.676,0.9632,0,0,0,0
810.707,0.9632,0,0,0,0
810.744,0.9632,0,0,0,0
810.774,0.9632,0,0,0,0
810.808,0.9632,0,0,0,0
810.840,0.9632,0,0,0,0
810.877,0.9632,0,0,0,0
810.906,0.9632,0,0,0,0
810.940,0.9632,0,0,0,0
810.973,0.9632,0,0,0,0
811.009,0.9632,0,0,0,0
811.042,0.9632,0,0,0,0
811.075,0.9632,0,0,0,0
811.108,0.9632,0,0,0,0
811.142,0.9632,0,0,0,0
811.176,0.9632,0,0,0,0
811.206,0.9632,0,0,0,0
811.243,0.9632,0,0,0,0
811.275,0.9632,0,0,0,0
811.307,0.9632,0,0,0,0
811.341,0.9632,0,0,0,0
811.375,0.9632,0,0,0,0
811.411,0.9632,0,0,0,0
811.441,0.9632,0,0,0,0
811.475,0.9632,0,0,0,0
811.508,0.9632,0,0,0,0
811.544,0.9632,0,0,0,0
811.576,0.9632,0,0,0,0
811.607,0.9632,0,0,0,0
811.642,0.9632,0,0,0,0
811.673,0.9632,0,0,0,0
811.836,0.9632,0,0,0,0
811.860,0.9632,0,0,0,0
811.903,0.9632,0,0,0,0
811.938,0.9632,0,0,0,0
811.969,0.9632,0,0,0,0
812.003,0.9632,0,0,0,0
812.039,0.9632,0,0,0,0
812.071,0.9632,0,0,0,0
812.106,0.9632,0,0,0,0
812.139,0.9632,0,0,0,0
812.169,0.9632,0,0,0,0
812.203,0.9632,0,0,0,0
812.235,0.9632,0,0,0,0
812.271,0.9632,0,0,0,0
812.303,0.9632,0,0,0,0
812.335,0.9632,0,0,0,0
812.370,0.9632,0,0,0,0
812.404,0.9632,0,0,0,0
812.440,0.9632,0,0,0,0
812.469,0.9632,0,0,0,0
812.502,0.9632,0,0,0,0
812.536,0.9632,0,0,0,0
812.571,0.9632,0,0,0,0
812.604,0.9632,0,0,0,0
812.636,0.9632,0,0,0,0
812.671,0.9632,0,0,0,0
812.706,0.9632,0,0,0,0
812.735,0.9632,0,0,0,0
812.773,0.9632,0,0,0,0
812.802,0.9632,0,0,0,0
812.836,0.9632,0,0,0,0
812.872,0.9632,0,0,0,0
812.904,0.9632,0,0,0,0
812.938,0.9632,0,0,0,0
812.969,0.9632,0,0,0,0
813.002,0.9632,0,0,0,0
813.040,0.9632,0,0,0,0
813.070,0.9632,0,0,0,0
813.107,0.9632,0,0,0,0
813.138,0.9632,0,0,0,0
813.171,0.9632,0,0,0,0
813.205,0.9632,0,0,0,0
813.239,0.9632,0,0,0,0
813.268,0.9632,0,0,0,0
813.302,0.9632,0,0,0,0
813.337,0.9632,0,0,0,0
813.370,0.9632,0,0,0,0
813.404,0.9632,0,0,0,0
813.438,0.9632,0,0,0,0
813.472,0.9632,0,0,0,0
813.502,0.9632,0,0,0,0
813.536,0.9632,0,0,0,0
813.570,0.9632,0,0,0,0
813.605,0.9632,0,0,0,0
813.636,0.9632,0,0,0,0
813.672,0.9632,0,0,0,0
813.703,0.9632,0,0,0,0
813.738,0.9632,0,0,0,0
813.771,0.9632,0,0,0,0
813.805,0.9632,0,0,0,0
813.839,0.9632,0,0,0,0
813.872,0.9632,0,0,0,0
813.902,0.9632,0,0,0,0
813.940,0.9632,0,0,0,0
813.971,0.9632,0,0,0,0
814.003,0.9632,0,0,0,0
814.039,0.9632,0,0,0,0
814.069,0.9632,0,0,0,0
814.102,0.9632,0,0,0,0
814.137,0.9632,0,0,0,0
814.170,0.9632,0,0,0,0
814.202,0.9632,0,0,0,0
814.235,0.9632,0,0,0,0
814.271,0.9632,0,0,0,0
814.302,0.9632,0,0,0,0
814.342,0.9632,0,0,0,0
814.371,0.9632,0,0,0,0
814.409,0.9632,0,0,0,0
814.429,0.9632,0,0,0,0
814.471,0.9632,0,0,0,0
814.502,0.9632,0,0,0,0
814.536,0.9632,0,0,0,0
814.571,0.9632,0,0,0,0
814.602,0.9632,0,0,0,0
814.639,0.9632,0,0,0,0
814.670,0.9632,0,0,0,0
814.707,0.9632,0,0,0,0
814.742,0.9632,0,0,0,0
814.775,0.9632,0,0,0,0
814.805,0.9632,0,0,0,0
814.839,0.9632,0,0,0,0
814.869,0.9632,0,0,0,0
814.909,0.9632,0,0,0,0
814.940,0.9632,0,0,0,0
814.971,0.9632,0,0,0,0
814.999,0.9632,0,0,0,0
815.034,0.9632,0,0,0,0
815.067,0.9632,0,0,0,0
815.101,0.9632,0,0,0,0
815.134,0.9632,0,0,0,0
815.167,0.9632,0,0,0,0
815.201,0.9632,0,0,0,0
815.235,0.9632,0,0,0,0
815.269,0.9632,0,0,0,0
815.303,0.9632,0,0,0,0
815.336,0.9632,0,0,0,0
815.371,0.9632,0,0,0,0
815.404,0.9632,0,0,0,0
815.437,0.9632,0,0,0,0
815.469,0.9632,0,0,0,0
815.503,0.9632,0,0,0,0
815.538,0.9632,0,0,0,0
815.570,0.9632,0,0,0,0
815.604,0.9632,0,0,0,0
815.637,0.9632,0,0,0,0
815.670,0.9632,0,0,0,0
815.704,0.9632,0,0,0,0
815.737,0.9632,0,0,0,0
815.768,0.9632,0,0,0,0
815.802,0.9632,0,0,0,0
815.834,0.9632,0,0,0,0
815.870,0.9632,0,0,0,0
815.902,0.9632,0,0,0,0
815.935,0.9632,0,0,0,0
815.971,0.9632,0,0,0,0
816.004,0.9632,0,0,0,0
816.037,0.9632,0,0,0,0
816.071,0.9632,0,0,0,0
816.101,0.9632,0,0,0,0
816.134,0.9632,0,0,0,0
816.168,0.9632,0,0,0,0
816.419,0.9632,0,0,0,0
816.458,0.9632,0,0,0,0
816.477,0.9632,0,0,0,0
816.514,0.9632,0,0,0,0
816.546,0.9632,0,0,0,0
816.578,0.9632,0,0,0,0
816.611,0.9632,0,0,0,0
816.647,0.9632,0,0,0,0
816.678,0.9632,0,0,0,0
816.715,0.9632,0,0,0,0
816.747,0.9632,0,0,0,0
816.779,0.9632,0,0,0,0
816.812,0.9632,0,0,0,0
816.848,0.9632,0,0,0,0
816.905,0.9632,0,0,0,0
816.953,0.9632,0,0,0,0
816.981,0.9632,0,0,0,0
817.022,0.9632,0,0,0,0
817.054,0.9632,0,0,0,0
817.085,0.9632,0,0,0,0
817.117,0.9632,0,0,0,0
817.149,0.9632,0,0,0,0
817.184,0.9632,0,0,0,0
817.216,0.9632,0,0,0,0
817.249,0.9632,0,0,0,0
817.283,0.9632,0,0,0,0
817.319,0.9632,0,0,0,0
817.349,0.9632,0,0,0,0
817.383,0.9632,0,0,0,0
817.407,0.9632,0,0,0,0
817.450,0.9632,0,0,0,0
817.486,0.9632,0,0,0,0
817.516,0.9632,0,0,0,0
817.550,0.9632,0,0,0,0
817.584,0.9632,0,0,0,0
817.607,0.9632,0,0,0,0
817.656,0.9632,0,0,0,0
817.688,0.9632,0,0,0,0
817.718,0.9632,0,0,0,0
817.749,0.9632,0,0,0,0
817.783,0.9632,0,0,0,0
817.818,0.9632,0,0,0,0
817.850,0.9632,0,0,0,0
817.887,0.9632,0,0,0,0
817.918,0.9632,0,0,0,0
817.952,0.9632,0,0,0,0
817.983,0.9632,0,0,0,0
818.016,0.9632,0,0,0,0
818.050,0.9632,0,0,0,0
818.083,0.9632,0,0,0,0
818.107,0.9632,0,0,0,0
818.152,0.9632,0,0,0,0
818.184,0.9632,0,0,0,0
818.216,0.9632,0,0,0,0
818.249,0.9632,0,0,0,0
818.284,0.9632,0,0,0,0
818.316,0.9632,0,0,0,0
818.349,0.9632,0,0,0,0
818.383,0.9632,0,0,0,0
818.407,0.9632,0,0,0,0
818.451,0.9632,0,0,0,0
818.486,0.9632,0,0,0,0
818.507,0.9632,0,0,0,0
818.550,0.9632,0,0,0,0
818.586,0.9632,0,0,0,0
818.607,0.9632,0,0,0,0
818.649,0.9632,0,0,0,0
818.682,0.9632,0,0,0,0
818.717,0.9632,0,0,0,0
818.745,0.9632,0,0,0,0
818.783,0.9632,0,0,0,0
818.817,0.9632,0,0,0,0
818.849,0.9632,0,0,0,0
818.882,0.9632,0,0,0,0
818.916,0.9632,0,0,0,0
818.952,0.9632,0,0,0,0
818.983,0.9632,0,0,0,0
819.016,0.9632,0,0,0,0
819.052,0.9632,0,0,0,0
819.086,0.9632,0,0,0,0
819.118,0.9632,0,0,0,0
819.149,0.9632,0,0,0,0
819.173,0.9632,0,0,0,0
819.215,0.9632,0,0,0,0
819.252,0.9632,0,0,0,0
819.286,0.9632,0,0,0,0
819.320,0.9632,0,0,0,0
819.352,0.9632,0,0,0,0
819.387,0.9632,0,0,0,0
819.408,0.9632,0,0,0,0
819.449,0.9632,0,0,0,0
819.488,0.9632,0,0,0,0
819.513,0.9632,0,0,0,0
819.549,0.9632,0,0,0,0
819.584,0.9632,0,0,0,0
819.618,0.9632,0,0,0,0
819.650,0.9632,0,0,0,0
819.684,0.9632,0,0,0,0
819.718,0.9632,0,0,0,0
819.742,0.9632,0,0,0,0
819.783,0.9632,0,0,0,0
819.817,0.9632,0,0,0,0
819.852,0.9632,0,0,0,0
819.885,0.9632,0,0,0,0
819.917,0.9632,0,0,0,0
819.952,0.9632,0,0,0,0
819.986,0.9632,0,0,0,0
820.020,0.9632,0,0,0,0
820.049,0.9632,0,0,0,0
820.086,0.9632,0,0,0,0
820.109,0.9632,0,0,0,0
820.158,0.9632,0,0,0,0
820.183,0.9632,0,0,0,0
820.219,0.9632,0,0,0,0
820.250,0.9632,0,0,0,0
820.283,0.9632,0,0,0,0
820.316,0.9632,0,0,0,0
820.350,0.9632,0,0,0,0
820.385,0.9632,0,0,0,0
820.419,0.9632,0,0,0,0
820.454,0.9632,0,0,0,0
820.483,0.9632,0,0,0,0
820.517,0.9632,0,0,0,0
820.553,0.9632,0,0,0,0
820.585,0.9632,0,0,0,0
820.619,0.9632,0,0,0,0
820.652,0.9632,0,0,0,0
820.683,0.9632,0,0,0,0
820.720,0.9632,0,0,0,0
820.750,0.9632,0,0,0,0
820.783,0.9632,0,0,0,0
820.819,0.9632,0,0,0,0
820.853,0.9632,0,0,0,0
820.884,0.9632,0,0,0,0
820.917,0.9632,0,0,0,0
820.951,0.9632,0,0,0,0
820.984,0.9632,0,0,0,0
821.019,0.9632,0,0,0,0
821.054,0.9632,0,0,0,0
821.083,0.9632,0,0,0,0
821.117,0.9632,0,0,0,0
821.154,0.9632,0,0,0,0
821.186,0.9632,0,0,0,0
821.216,0.9632,0,0,0,0
821.250,0.9632,0,0,0,0
821.287,0.9632,0,0,0,0
821.319,0.9632,0,0,0,0
821.349,0.9632,0,0,0,0
821.385,0.9632,0,0,0,0
821.420,0.9632,0,0,0,0
821.451,0.9632,0,0,0,0
821.486,0.9632,0,0,0,0
821.518,0.9632,0,0,0,0
821.550,0.9632,0,0,0,0
821.585,0.9632,0,0,0,0
821.616,0.9632,0,0,0,0
821.652,0.9632,0,0,0,0
821.686,0.9632,0,0,0,0
821.717,0.9632,0,0,0,0
821.750,0.9632,0,0,0,0
821.785,0.9632,0,0,0,0
821.807,0.9632,0,0,0,0
821.851,0.9632,0,0,0,0
821.886,0.9632,0,0,0,0
821.918,0.9632,0,0,0,0
821.950,0.9632,0,0,0,0
821.984,0.9632,0,0,0,0
822.017,0.9632,0,0,0,0
822.051,0.9632,0,0,0,0
822.086,0.9632,0,0,0,0
822.117,0.9632,0,0,0,0
822.152,0.9632,0,0,0,0
822.184,0.9632,0,0,0,0
822.217,0.9632,0,0,0,0
822.252,0.9632,0,0,0,0
822.283,0.9632,0,0,0,0
822.317,0.9632,0,0,0,0
822.353,0.9632,0,0,0,0
822.382,0.9632,0,0,0,0
822.420,0.9632,0,0,0,0
822.450,0.9632,0,0,0,0
822.483,0.9632,0,0,0,0
822.516,0.9632,0,0,0,0
822.552,0.9632,0,0,0,0
822.583,0.9632,0,0,0,0
822.618,0.9632,0,0,0,0
822.649,0.9632,0,0,0,0
822.683,0.9632,0,0,0,0
822.716,0.9632,0,0,0,0
822.748,0.9632,0,0,0,0
822.785,0.9632,0,0,0,0
822.816,0.9632,0,0,0,0
822.853,0.9632,0,0,0,0
822.886,0.9632,0,0,0,0
822.919,0.9632,0,0,0,0
822.952,0.9632,0,0,0,0
822.986,0.9632,0,0,0,0
823.019,0.9632,0,0,0,0
823.050,0.9632,0,0,0,0
823.086,0.9632,0,0,0,0
823.118,0.9632,0,0,0,0
823.153,0.9632,0,0,0,0
823.185,0.9632,0,0,0,0
823.217,0.9632,0,0,0,0
823.253,0.9632,0,0,0,0
823.284,0.9632,0,0,0,0
823.317,0.9632,0,0,0,0
823.351,0.9632,0,0,0,0
823.386,0.9632,0,0,0,0
823.418,0.9632,0,0,0,0
823.453,0.9632,0,0,0,0
823.483,0.9632,0,0,0,0
823.519,0.9632,0,0,0,0
823.552,0.9632,0,0,0,0
823.586,0.9632,0,0,0,0
823.617,0.9632,0,0,0,0
823.655,0.9632,0,0,0,0
823.684,0.9632,0,0,0,0
823.720,0.9632,0,0,0,0
823.750,0.9632,0,0,0,0
823.789,0.9632,0,0,0,0
823.816,0.9632,0,0,0,0
823.853,0.9632,0,0,0,0
823.883,0.9632,0,0,0,0
823.919,0.9632,0,0,0,0
823.950,0.9632,0,0,0,0
823.985,0.9632,0,0,0,0
824.018,0.9632,0,0,0,0
824.051,0.9632,0,0,0,0
824.086,0.9632,0,0,0,0
824.118,0.9632,0,0,0,0
824.151,0.9632,0,0,0,0
824.182,0.9632,0,0,0,0
824.221,0.9632,0,0,0,0
824.251,0.9632,0,0,0,0
824.287,0.9632,0,0,0,0
824.318,0.9632,0,0,0,0
824.353,0.9632,0,0,0,0
824.385,0.9632,0,0,0,0
824.417,0.9632,0,0,0,0
824.449,0.9632,0,0,0,0
824.485,0.9632,0,0,0,0
824.518,0.9632,0,0,0,0
824.551,0.9632,0,0,0,0
824.585,0.9632,0,0,0,0
824.618,0.9632,0,0,0,0
824.652,0.9632,0,0,0,0
824.685,0.9632,0,0,0,0
824.718,0.9632,0,0,0,0
824.753,0.9632,0,0,0,0
824.782,0.9632,0,0,0,0
824.816,0.9632,0,0,0,0
824.851,0.9632,0,0,0,0
824.882,0.9632,0,0,0,0
824.915,0.9632,0,0,0,0
824.953,0.9632,0,0,0,0
824.986,0.9632,0,0,0,0
825.016,0.9632,0,0,0,0
825.049,0.9632,0,0,0,0
825.083,0.9632,0,0,0,0
825.120,0.9632,0,0,0,0
825.149,0.9632,0,0,0,0
825.186,0.9632,0,0,0,0
825.216,0.9632,0,0,0,0
825.251,0.9632,0,0,0,0
825.284,0.9632,0,0,0,0
825.316,0.9632,0,0,0,0
825.355,0.9632,0,0,0,0
825.384,0.9632,0,0,0,0
825.421,0.9632,0,0,0,0
825.452,0.9632,0,0,0,0
825.483,0.9632,0,0,0,0
825.518,0.9632,0,0,0,0
825.553,0.9632,0,0,0,0
825.582,0.9632,0,0,0,0
825.617,0.9632,0,0,0,0
825.653,0.9632,0,0,0,0
825.683,0.9632,0,0,0,0
825.717,0.9632,0,0,0,0
825.750,0.9632,0,0,0,0
825.783,0.9632,0,0,0,0
825.818,0.9632,0,0,0,0
825.849,0.9632,0,0,0,0
825.884,0.9632,0,0,0,0
825.918,0.9632,0,0,0,0
825.952,0.9632,0,0,0,0
825.986,0.9632,0,0,0,0
826.016,0.9632,0,0,0,0
826.053,0.9632,0,0,0,0
826.075,0.9632,0,0,0,0
826.118,0.9632,0,0,0,0
826.151,0.9632,0,0,0,0
826.182,0.9632,0,0,0,0
826.218,0.9632,0,0,0,0
826.250,0.9632,0,0,0,0
826.284,0.9632,0,0,0,0
826.316,0.9632,0,0,0,0
826.350,0.9632,0,0,0,0
826.382,0.9632,0,0,0,0
826.418,0.9632,0,0,0,0
826.452,0.9632,0,0,0,0
826.483,0.9632,0,0,0,0
826.517,0.9632,0,0,0,0
826.550,0.9632,0,0,0,0
826.583,0.9632,0,0,0,0
826.620,0.9632,0,0,0,0
826.651,0.9632,0,0,0,0
826.685,0.9632,0,0,0,0
826.724,0.9632,0,0,0,0
826.744,0.9632,0,0,0,0
826.784,0.9632,0,0,0,0
826.819,0.9632,0,0,0,0
826.850,0.9632,0,0,0,0
826.884,0.9632,0,0,0,0
826.916,0.9632,0,0,0,0
826.952,0.9632,0,0,0,0
826.984,0.9632,0,0,0,0
827.017,0.9632,0,0,0,0
827.054,0.9632,0,0,0,0
827.083,0.9632,0,0,0,0
827.117,0.9632,0,0,0,0
827.153,0.9632,0,0,0,0
827.184,0.9632,0,0,0,0
827.221,0.9632,0,0,0,0
827.250,0.9632,0,0,0,0
827.286,0.9632,0,0,0,0
827.316,0.9632,0,0,0,0
827.351,0.9632,0,0,0,0
827.386,0.9632,0,0,0,0
827.407,0.9632,0,0,0,0
827.449,0.9632,0,0,0,0
827.485,0.9632,0,0,0,0
827.519,0.9632,0,0,0,0
827.552,0.9632,0,0,0,0
827.585,0.9632,0,0,0,0
827.621,0.9632,0,0,0,0
827.652,0.9632,0,0,0,0
827.682,0.9632,0,0,0,0
827.716,0.9632,0,0,0,0
827.750,0.9632,0,0,0,0
827.785,0.9632,0,0,0,0
827.815,0.9632,0,0,0,0
827.852,0.9632,0,0,0,0
827.884,0.9632,0,0,0,0
827.920,0.9632,0,0,0,0
827.950,0.9632,0,0,0,0
827.983,0.9632,0,0,0,0
828.016,0.9632,0,0,0,0
828.050,0.9632,0,0,0,0
828.086,0.9632,0,0,0,0
828.116,0.9632,0,0,0,0
828.151,0.9632,0,0,0,0
828.185,0.9632,0,0,0,0
828.219,0.9632,0,0,0,0
828.253,0.9632,0,0,0,0
828.286,0.9632,0,0,0,0
828.318,0.9632,0,0,0,0
828.351,0.9632,0,0,0,0
828.385,0.9632,0,0,0,0
828.407,0.9632,0,0,0,0
828.474,0.9632,0,0,0,0
828.518,0.9632,0,0,0,0
828.552,0.9632,0,0,0,0
828.586,0.9632,0,0,0,0
828.617,0.9632,0,0,0,0
828.650,0.9632,0,0,0,0
828.683,0.9632,0,0,0,0
828.716,0.9632,0,0,0,0
828.750,0.9632,0,0,0,0
828.785,0.9632,0,0,0,0
828.820,0.9632,0,0,0,0
828.849,0.9632,0,0,0,0
828.889,0.9632,0,0,0,0
828.920,0.9632,0,0,0,0
828.953,0.9632,0,0,0,0
828.982,0.9632,0,0,0,0
829.017,0.9632,0,0,0,0
829.054,0.9632,0,0,0,0
829.084,0.9632,0,0,0,0
829.120,0.9632,0,0,0,0
829.152,0.9632,0,0,0,0
829.185,0.9632,0,0,0,0
829.215,0.9632,0,0,0,0
829.251,0.9632,0,0,0,0
829.283,0.9632,0,0,0,0
829.318,0.9632,0,0,0,0
829.354,0.9632,0,0,0,0
829.378,0.9632,0,0,0,0
829.418,0.9632,0,0,0,0
829.441,0.9632,0,0,0,0
829.487,0.9632,0,0,0,0
829.517,0.9632,0,0,0,0
829.551,0.9632,0,0,0,0
829.585,0.9632,0,0,0,0
829.618,0.9632,0,0,0,0
829.649,0.9632,0,0,0,0
829.686,0.9632,0,0,0,0
829.718,0.9632,0,0,0,0
829.752,0.9632,0,0,0,0
829.774,0.9632,0,0,0,0
829.820,0.9632,0,0,0,0
829.849,0.9632,0,0,0,0
829.886,0.9632,0,0,0,0
829.918,0.9632,0,0,0,0
829.952,0.9632,0,0,0,0
829.986,0.9632,0,0,0,0
830.020,0.9632,0,0,0,0
830.052,0.9632,0,0,0,0
830.084,0.9632,0,0,0,0
830.120,0.9632,0,0,0,0
830.151,0.9632,0,0,0,0
830.186,0.9632,0,0,0,0
830.218,0.9632,0,0,0,0
830.250,0.9632,0,0,0,0
830.285,0.9632,0,0,0,0
830.317,0.9632,0,0,0,0
830.350,0.9632,0,0,0,0
830.387,0.9632,0,0,0,0
830.418,0.9632,0,0,0,0
830.451,0.9632,0,0,0,0
830.486,0.9632,0,0,0,0
830.515,0.9632,0,0,0,0
830.547,0.9632,0,0,0,0
830.584,0.9632,0,0,0,0
830.621,0.9632,0,0,0,0
830.657,0.9632,0,0,0,0
830.691,0.9632,0,0,0,0
830.713,0.9632,0,0,0,0
830.752,0.9632,0,0,0,0
830.777,0.9632,0,0,0,0
830.822,0.9632,0,0,0,0
830.844,0.9632,0,0,0,0
830.889,0.9632,0,0,0,0
830.924,0.9632,0,0,0,0
830.945,0.9632,0,0,0,0
830.984,0.9632,0,0,0,0
831.009,0.9632,0,0,0,0
831.055,0.9632,0,0,0,0
831.087,0.9632,0,0,0,0
831.121,0.9632,0,0,0,0
831.155,0.9632,0,0,0,0
831.187,0.9632,0,0,0,0
831.220,0.9632,0,0,0,0
831.256,0.9632,0,0,0,0
831.289,0.9632,0,0,0,0
831.320,0.9632,0,0,0,0
831.356,0.9632,0,0,0,0
831.386,0.9632,0,0,0,0
831.422,0.9632,0,0,0,0
831.453,0.9632,0,0,0,0
831.489,0.9632,0,0,0,0
831.526,0.9632,0,0,0,0
831.547,0.9632,0,0,0,0
831.590,0.9632,0,0,0,0
831.624,0.9632,0,0,0,0
831.654,0.9632,0,0,0,0
831.690,0.9632,0,0,0,0
831.719,0.9632,0,0,0,0
831.758,0.9632,0,0,0,0
831.790,0.9632,0,0,0,0
831.821,0.9632,0,0,0,0
831.857,0.9632,0,0,0,0
831.888,0.9632,0,0,0,0
831.920,0.9632,0,0,0,0
831.955,0.9632,0,0,0,0
831.988,0.9632,0,0,0,0
832.024,0.9632,0,0,0,0
832.056,0.9632,0,0,0,0
832.091,0.9632,0,0,0,0
832.124,0.9632,0,0,0,0
832.155,0.9632,0,0,0,0
832.188,0.9632,0,0,0,0
832.222,0.9632,0,0,0,0
832.253,0.9632,0,0,0,0
832.285,0.9632,0,0,0,0
832.325,0.9632,0,0,0,0
832.352,0.9632,0,0,0,0
832.390,0.9632,0,0,0,0
832.425,0.9632,0,0,0,0
832.454,0.9632,0,0,0,0
832.490,0.9632,0,0,0,0
832.524,0.9632,0,0,0,0
832.555,0.9632,0,0,0,0
832.589,0.9632,0,0,0,0
832.618,0.9632,0,0,0,0
832.654,0.9632,0,0,0,0
832.677,0.9632,0,0,0,0
832.723,0.9632,0,0,0,0
832.749,0.9632,0,0,0,0
832.789,0.9632,0,0,0,0
832.820,0.9632,0,0,0,0
832.854,0.9632,0,0,0,0
832.887,0.9632,0,0,0,0
832.920,0.9632,0,0,0,0
832.957,0.9632,0,0,0,0
832.986,0.9632,0,0,0,0
833.019,0.9632,0,0,0,0
833.055,0.9632,0,0,0,0
833.086,0.9632,0,0,0,0
833.118,0.9632,0,0,0,0
833.156,0.9632,0,0,0,0
833.187,0.9632,0,0,0,0
833.221,0.9632,0,0,0,0
833.255,0.9632,0,0,0,0
833.287,0.9632,0,0,0,0
833.322,0.9632,0,0,0,0
833.356,0.9632,0,0,0,0
833.387,0.9632,0,0,0,0
833.419,0.9632,0,0,0,0
833.453,0.9632,0,0,0,0
833.490,0.9632,0,0,0,0
833.524,0.9632,0,0,0,0
833.555,0.9632,0,0,0,0
833.589,0.9632,0,0,0,0
833.619,0.9632,0,0,0,0
833.653,0.9632,0,0,0,0
833.688,0.9632,0,0,0,0
833.719,0.9632,0,0,0,0
833.754,0.9632,0,0,0,0
833.786,0.9632,0,0,0,0
833.820,0.9632,0,0,0,0
833.846,0.9632,0,0,0,0
833.886,0.9632,0,0,0,0
833.922,0.9632,0,0,0,0
833.953,0.9632,0,0,0,0
833.987,0.9632,0,0,0,0
834.024,0.9632,0,0,0,0
834.053,0.9632,0,0,0,0
834.092,0.9632,0,0,0,0
834.120,0.9632,0,0,0,0
834.155,0.9632,0,0,0,0
834.189,0.9632,0,0,0,0
834.221,0.9632,0,0,0,0
834.253,0.9632,0,0,0,0
834.288,0.9632,0,0,0,0
834.320,0.9632,0,0,0,0
834.358,0.9632,0,0,0,0
834.389,0.9632,0,0,0,0
834.421,0.9632,0,0,0,0
834.456,0.9632,0,0,0,0
834.489,0.9632,0,0,0,0
834.519,0.9632,0,0,0,0
834.553,0.9632,0,0,0,0
834.586,0.9632,0,0,0,0
834.620,0.9632,0,0,0,0
834.657,0.9632,0,0,0,0
834.687,0.9632,0,0,0,0
834.719,0.9632,0,0,0,0
834.753,0.9632,0,0,0,0
834.790,0.9632,0,0,0,0
834.821,0.9632,0,0,0,0
834.855,0.9632,0,0,0,0
834.892,0.9632,0,0,0,0
834.919,0.9632,0,0,0,0
834.954,0.9632,0,0,0,0
834.988,0.9632,0,0,0,0
835.021,0.9632,0,0,0,0
835.054,0.9632,0,0,0,0
835.087,0.9632,0,0,0,0
835.119,0.9632,0,0,0,0
835.153,0.9632,0,0,0,0
835.193,0.9632,0,0,0,0
835.219,0.9632,0,0,0,0
835.259,0.9632,0,0,0,0
835.291,0.9632,0,0,0,0
835.329,0.9632,0,0,0,0
835.362,0.9632,0,0,0,0
835.393,0.9632,0,0,0,0
835.430,0.9632,0,0,0,0
835.452,0.9632,0,0,0,0
835.494,0.9632,0,0,0,0
835.522,0.9632,0,0,0,0
835.549,0.9632,0,0,0,0
835.596,0.9632,0,0,0,0
835.618,0.9632,0,0,0,0
835.661,0.9632,0,0,0,0
835.696,0.9632,0,0,0,0
835.725,0.9632,0,0,0,0
835.760,0.9632,0,0,0,0
835.796,0.9632,0,0,0,0
835.827,0.9632,0,0,0,0
835.859,0.9632,0,0,0,0
835.893,0.9632,0,0,0,0
835.928,0.9632,0,0,0,0
835.962,0.9632,0,0,0,0
835.995,0.9632,0,0,0,0
836.028,0.9632,0,0,0,0
836.061,0.9632,0,0,0,0
836.095,0.9632,0,0,0,0
836.127,0.9632,0,0,0,0
836.158,0.9632,0,0,0,0
836.197,0.9632,0,0,0,0
836.229,0.9632,0,0,0,0
836.261,0.9632,0,0,0,0
836.284,0.9632,0,0,0,0
836.315,0.9632,0,0,0,0
836.378,0.9632,0,0,0,0
836.426,0.9632,0,0,0,0
836.458,0.9632,0,0,0,0
836.491,0.9632,0,0,0,0
836.523,0.9632,0,0,0,0
836.559,0.9632,0,0,0,0
836.593,0.9632,0,0,0,0
836.626,0.9632,0,0,0,0
836.656,0.9632,0,0,0,0
836.689,0.9632,0,0,0,0
836.727,0.9632,0,0,0,0
836.757,0.9632,0,0,0,0
836.791,0.9632,0,0,0,0
836.816,0.9632,0,0,0,0
836.861,0.9632,0,0,0,0
836.887,0.9632,0,0,0,0
836.923,0.9632,0,0,0,0
836.951,0.9632,0,0,0,0
836.991,0.9632,0,0,0,0
837.026,0.9632,0,0,0,0
837.057,0.9632,0,0,0,0
837.092,0.9632,0,0,0,0
837.126,0.9632,0,0,0,0
837.154,0.9632,0,0,0,0
837.193,0.9632,0,0,0,0
837.225,0.9632,0,0,0,0
837.258,0.9632,0,0,0,0
837.292,0.9632,0,0,0,0
837.326,0.9632,0,0,0,0
837.358,0.9632,0,0,0,0
837.394,0.9632,0,0,0,0
837.428,0.9632,0,0,0,0
837.452,0.9632,0,0,0,0
837.494,0.9632,0,0,0,0
837.519,0.9632,0,0,0,0
837.562,0.9632,0,0,0,0
837.587,0.9632,0,0,0,0
837.624,0.9632,0,0,0,0
837.661,0.9632,0,0,0,0
837.692,0.9632,0,0,0,0
837.724,0.9632,0,0,0,0
837.755,0.9632,0,0,0,0
837.794,0.9632,0,0,0,0
837.820,0.9632,0,0,0,0
837.856,0.9632,0,0,0,0
837.890,0.9632,0,0,0,0
837.925,0.9632,0,0,0,0
837.956,0.9632,0,0,0,0
837.993,0.9632,0,0,0,0
838.023,0.9632,0,0,0,0
838.057,0.9632,0,0,0,0
838.090,0.9632,0,0,0,0
838.124,0.9632,0,0,0,0
838.160,0.9632,0,0,0,0
838.192,0.9632,0,0,0,0
838.226,0.9632,0,0,0,0
838.255,0.9632,0,0,0,0
838.290,0.9632,0,0,0,0
838.325,0.9632,0,0,0,0
838.360,0.9632,0,0,0,0
838.394,0.9632,0,0,0,0
838.426,0.9632,0,0,0,0
838.463,0.9632,0,0,0,0
838.489,0.9632,0,0,0,0
838.525,0.9632,0,0,0,0
838.555,0.9632,0,0,0,0
838.579,0.9632,0,0,0,0
838.631,0.9632,0,0,0,0
838.662,0.9632,0,0,0,0
838.688,0.9632,0,0,0,0
838.713,0.9632,0,0,0,0
838.754,0.9632,0,0,0,0
838.781,0.9632,0,0,0,0
838.828,0.9632,0,0,0,0
838.851,0.9632,0,0,0,0
838.890,0.9632,0,0,0,0
838.922,0.9632,0,0,0,0
838.959,0.9632,0,0,0,0
838.982,0.9632,0,0,0,0
839.029,0.9632,0,0,0,0
839.056,0.9632,0,0,0,0
839.098,0.9632,0,0,0,0
839.122,0.9632,0,0,0,0
839.148,0.9632,0,0,0,0
839.191,0.9632,0,0,0,0
839.214,0.9632,0,0,0,0
839.256,0.9632,0,0,0,0
839.285,0.9632,0,0,0,0
839.314,0.9632,0,0,0,0
839.359,0.9632,0,0,0,0
839.393,0.9632,0,0,0,0
839.424,0.9632,0,0,0,0
839.461,0.9632,0,0,0,0
839.494,0.9632,0,0,0,0
839.526,0.9632,0,0,0,0
839.556,0.9632,0,0,0,0
839.589,0.9632,0,0,0,0
839.625,0.9632,0,0,0,0
839.660,0.9632,0,0,0,0
839.688,0.9632,0,0,0,0
839.726,0.9632,0,0,0,0
839.757,0.9632,0,0,0,0
839.791,0.9632,0,0,0,0
839.824,0.9632,0,0,0,0
839.859,0.9632,0,0,0,0
839.893,0.9632,0,0,0,0
839.924,0.9632,0,0,0,0
839.957,0.9632,0,0,0,0
839.992,0.9632,0,0,0,0
840.027,0.9632,0,0,0,0
840.057,0.9632,0,0,0,0
840.090,0.9632,0,0,0,0
840.122,0.9632,0,0,0,0
840.161,0.9632,0,0,0,0
840.194,0.9632,0,0,0,0
840.222,0.9632,0,0,0,0
840.257,0.9632,0,0,0,0
840.294,0.9632,0,0,0,0
840.325,0.9632,0,0,0,0
840.356,0.9632,0,0,0,0
840.393,0.9632,0,0,0,0
840.422,0.9632,0,0,0,0
840.463,0.9632,0,0,0,0
840.483,0.9632,0,0,0,0
840.528,0.9632,0,0,0,0
840.551,0.9632,0,0,0,0
840.591,0.9632,0,0,0,0
840.624,0.9632,0,0,0,0
840.659,0.9632,0,0,0,0
840.690,0.9632,0,0,0,0
840.726,0.9632,0,0,0,0
840.760,0.9632,0,0,0,0
840.792,0.9632,0,0,0,0
840.825,0.9632,0,0,0,0
840.858,0.9632,0,0,0,0
840.890,0.9632,0,0,0,0
840.925,0.9632,0,0,0,0
840.957,0.9632,0,0,0,0
840.990,0.9632,0,0,0,0
841.024,0.9632,0,0,0,0
841.057,0.9632,0,0,0,0
841.090,0.9632,0,0,0,0
841.123,0.9632,0,0,0,0
841.158,0.9632,0,0,0,0
841.193,0.9632,0,0,0,0
841.226,0.9632,0,0,0,0
841.257,0.9632,0,0,0,0
841.289,0.9632,0,0,0,0
841.323,0.9632,0,0,0,0
841.359,0.9632,0,0,0,0
841.393,0.9632,0,0,0,0
841.427,0.9632,0,0,0,0
841.457,0.9632,0,0,0,0
841.492,0.9632,0,0,0,0
841.525,0.9632,0,0,0,0
841.555,0.9632,0,0,0,0
841.594,0.9632,0,0,0,0
841.624,0.9632,0,0,0,0
841.659,0.9632,0,0,0,0
841.690,0.9632,0,0,0,0
841.726,0.9632,0,0,0,0
841.760,0.9632,0,0,0,0
841.791,0.9632,0,0,0,0
841.825,0.9632,0,0,0,0
841.858,0.9632,0,0,0,0
841.890,0.9632,0,0,0,0
841.922,0.9632,0,0,0,0
841.955,0.9632,0,0,0,0
841.991,0.9632,0,0,0,0
842.025,0.9632,0,0,0,0
842.063,0.9632,0,0,0,0
842.092,0.9632,0,0,0,0
842.125,0.9632,0,0,0,0
842.156,0.9632,0,0,0,0
842.191,0.9632,0,0,0,0
842.215,0.9632,0,0,0,0
842.261,0.9632,0,0,0,0
842.284,0.9632,0,0,0,0
842.326,0.9632,0,0,0,0
842.359,0.9632,0,0,0,0
842.392,0.9632,0,0,0,0
842.424,0.9632,0,0,0,0
842.459,0.9632,0,0,0,0
842.491,0.9632,0,0,0,0
842.525,0.9632,0,0,0,0
842.558,0.9632,0,0,0,0
842.590,0.9632,0,0,0,0
842.623,0.9632,0,0,0,0
842.658,0.9632,0,0,0,0
842.691,0.9632,0,0,0,0
842.724,0.9632,0,0,0,0
842.756,0.9632,0,0,0,0
842.792,0.9632,0,0,0,0
842.826,0.9632,0,0,0,0
842.856,0.9632,0,0,0,0
842.889,0.9632,0,0,0,0
842.926,0.9632,0,0,0,0
842.959,0.9632,0,0,0,0
842.993,0.9632,0,0,0,0
843.023,0.9632,0,0,0,0
843.059,0.9632,0,0,0,0
843.092,0.9632,0,0,0,0
843.124,0.9632,0,0,0,0
843.157,0.9632,0,0,0,0
843.192,0.9632,0,0,0,0
843.224,0.9632,0,0,0,0
843.257,0.9632,0,0,0,0
843.292,0.9632,0,0,0,0
843.323,0.9632,0,0,0,0
843.358,0.9632,0,0,0,0
843.392,0.9632,0,0,0,0
843.426,0.9632,0,0,0,0
843.456,0.9632,0,0,0,0
843.492,0.9632,0,0,0,0
843.515,0.9632,0,0,0,0
843.557,0.9632,0,0,0,0
843.581,0.9632,0,0,0,0
843.632,0.9632,0,0,0,0
843.658,0.9632,0,0,0,0
843.691,0.9632,0,0,0,0
843.722,0.9632,0,0,0,0
843.761,0.9632,0,0,0,0
843.792,0.9632,0,0,0,0
843.827,0.9632,0,0,0,0
843.857,0.9632,0,0,0,0
843.894,0.9632,0,0,0,0
843.924,0.9632,0,0,0,0
843.960,0.9632,0,0,0,0
843.983,0.9632,0,0,0,0
844.022,0.9632,0,0,0,0
844.048,0.9632,0,0,0,0
844.091,0.9632,0,0,0,0
844.125,0.9632,0,0,0,0
844.157,0.9632,0,0,0,0
844.191,0.9632,0,0,0,0
844.225,0.9632,0,0,0,0
844.258,0.9632,0,0,0,0
844.290,0.9632,0,0,0,0
844.325,0.9632,0,0,0,0
844.356,0.9632,0,0,0,0
844.394,0.9632,0,0,0,0
844.427,0.9632,0,0,0,0
844.459,0.9632,0,0,0,0
844.492,0.9632,0,0,0,0
844.525,0.9632,0,0,0,0
844.558,0.9632,0,0,0,0
844.590,0.9632,0,0,0,0
844.624,0.9632,0,0,0,0
844.656,0.9632,0,0,0,0
844.692,0.9632,0,0,0,0
844.727,0.9632,0,0,0,0
844.758,0.9632,0,0,0,0
844.794,0.9632,0,0,0,0
844.823,0.9632,0,0,0,0
844.861,0.9632,0,0,0,0
844.893,0.9632,0,0,0,0
844.925,0.9632,0,0,0,0
844.956,0.9632,0,0,0,0
844.989,0.9632,0,0,0,0
845.028,0.9632,0,0,0,0
845.048,0.9632,0,0,0,0
845.094,0.9632,0,0,0,0
845.117,0.9632,0,0,0,0
845.159,0.9632,0,0,0,0
845.190,0.9632,0,0,0,0
845.226,0.9632,0,0,0,0
845.257,0.9632,0,0,0,0
845.294,0.9632,0,0,0,0
845.327,0.9632,0,0,0,0
845.359,0.9632,0,0,0,0
845.390,0.9632,0,0,0,0
845.425,0.9632,0,0,0,0
845.459,0.9632,0,0,0,0
845.490,0.9632,0,0,0,0
845.524,0.9632,0,0,0,0
845.560,0.9632,0,0,0,0
845.590,0.9632,0,0,0,0
845.622,0.9632,0,0,0,0
845.658,0.9632,0,0,0,0
845.694,0.9632,0,0,0,0
845.728,0.9632,0,0,0,0
845.760,0.9632,0,0,0,0
845.792,0.9632,0,0,0,0
845.825,0.9632,0,0,0,0
845.858,0.9632,0,0,0,0
845.891,0.9632,0,0,0,0
845.926,0.9632,0,0,0,0
845.959,0.9632,0,0,0,0
845.990,0.9632,0,0,0,0
846.027,0.9632,0,0,0,0
846.048,0.9632,0,0,0,0
846.090,0.9632,0,0,0,0
846.125,0.9632,0,0,0,0
846.157,0.9632,0,0,0,0
846.191,0.9632,0,0,0,0
846.223,0.9632,0,0,0,0
846.258,0.9632,0,0,0,0
846.289,0.9632,0,0,0,0
846.328,0.9632,0,0,0,0
846.360,0.9632,0,0,0,0
846.390,0.9632,0,0,0,0
846.424,0.9632,0,0,0,0
846.459,0.9632,0,0,0,0
846.493,0.9632,0,0,0,0
846.526,0.9632,0,0,0,0
846.559,0.9632,0,0,0,0
846.591,0.9632,0,0,0,0
846.625,0.9632,0,0,0,0
846.658,0.9632,0,0,0,0
846.692,0.9632,0,0,0,0
846.725,0.9632,0,0,0,0
846.756,0.9632,0,0,0,0
846.791,0.9632,0,0,0,0
846.827,0.9632,0,0,0,0
846.856,0.9632,0,0,0,0
846.889,0.9632,0,0,0,0
846.923,0.9632,0,0,0,0
846.956,0.9632,0,0,0,0
846.993,0.9632,0,0,0,0
847.026,0.9632,0,0,0,0
847.060,0.9632,0,0,0,0
847.092,0.9632,0,0,0,0
847.125,0.9632,0,0,0,0
847.159,0.9632,0,0,0,0
847.191,0.9632,0,0,0,0
847.224,0.9632,0,0,0,0
847.258,0.9632,0,0,0,0
847.291,0.9632,0,0,0,0
847.325,0.9632,0,0,0,0
847.373,0.9632,0,0,0,0
847.438,0.9632,0,0,0,0
847.456,0.9632,0,0,0,0
847.480,0.9632,0,0,0,0
847.525,0.9632,0,0,0,0
847.555,0.9632,0,0,0,0
847.588,0.9632,0,0,0,0
847.621,0.9632,0,0,0,0
847.660,0.9632,0,0,0,0
847.691,0.9632,0,0,0,0
847.722,0.9632,0,0,0,0
847.749,0.9632,0,0,0,0
847.786,0.9632,0,0,0,0
847.825,0.9632,0,0,0,0
847.857,0.9632,0,0,0,0
847.889,0.9632,0,0,0,0
847.920,0.9632,0,0,0,0
847.955,0.9632,0,0,0,0
847.990,0.9632,0,0,0,0
848.023,0.9632,0,0,0,0
848.055,0.9632,0,0,0,0
848.089,0.9632,0,0,0,0
848.124,0.9632,0,0,0,0
848.159,0.9632,0,0,0,0
848.184,0.9632,0,0,0,0
848.211,0.9632,0,0,0,0
848.296,0.9632,0,0,0,0
848.348,0.9632,0,0,0,0
848.362,0.9632,0,0,0,0
848.396,0.9632,0,0,0,0
848.427,0.9632,0,0,0,0
848.464,0.9632,0,0,0,0
848.494,0.9632,0,0,0,0
848.528,0.9632,0,0,0,0
848.562,0.9632,0,0,0,0
848.593,0.9632,0,0,0,0
848.626,0.9632,0,0,0,0
848.661,0.9632,0,0,0,0
848.694,0.9632,0,0,0,0
848.728,0.9632,0,0,0,0
848.760,0.9632,0,0,0,0
848.797,0.9632,0,0,0,0
848.829,0.9632,0,0,0,0
848.861,0.9632,0,0,0,0
848.897,0.9632,0,0,0,0
848.929,0.9632,0,0,0,0
848.961,0.9632,0,0,0,0
848.995,0.9632,0,0,0,0
849.026,0.9632,0,0,0,0
849.060,0.9632,0,0,0,0
849.094,0.9632,0,0,0,0
849.127,0.9632,0,0,0,0
849.161,0.9632,0,0,0,0
849.194,0.9632,0,0,0,0
849.228,0.9632,0,0,0,0
849.261,0.9632,0,0,0,0
849.293,0.9632,0,0,0,0
849.330,0.9632,0,0,0,0
849.363,0.9632,0,0,0,0
849.393,0.9632,0,0,0,0
849.426,0.9632,0,0,0,0
849.462,0.9632,0,0,0,0
849.493,0.9632,0,0,0,0
849.527,0.9632,0,0,0,0
849.561,0.9632,0,0,0,0
849.593,0.9632,0,0,0,0
849.628,0.9632,0,0,0,0
849.662,0.9632,0,0,0,0
849.700,0.9632,0,0,0,0
849.723,0.9632,0,0,0,0
849.762,0.9632,0,0,0,0
849.796,0.9632,0,0,0,0
849.828,0.9632,0,0,0,0
849.861,0.9632,0,0,0,0
849.895,0.9632,0,0,0,0
849.929,0.9632,0,0,0,0
849.960,0.9632,0,0,0,0
849.995,0.9632,0,0,0,0
850.028,0.9632,0,0,0,0
850.062,0.9632,0,0,0,0
850.093,0.9632,0,0,0,0
850.127,0.9632,0,0,0,0
850.161,0.9632,0,0,0,0
850.195,0.9632,0,0,0,0
850.226,0.9632,0,0,0,0
850.262,0.9632,0,0,0,0
850.294,0.9632,0,0,0,0
850.330,0.9632,0,0,0,0
850.364,0.9632,0,0,0,0
850.388,0.9632,0,0,0,0
850.432,0.9632,0,0,0,0
850.457,0.9632,0,0,0,0
850.491,0.9632,0,0,0,0
850.529,0.9632,0,0,0,0
850.561,0.9632,0,0,0,0
850.594,0.9632,0,0,0,0
850.630,0.9632,0,0,0,0
850.662,0.9632,0,0,0,0
850.686,0.9632,0,0,0,0
850.730,0.9632,0,0,0,0
850.752,0.9632,0,0,0,0
850.795,0.9632,0,0,0,0
850.829,0.9632,0,0,0,0
850.852,0.9632,0,0,0,0
850.895,0.9632,0,0,0,0
850.928,0.9632,0,0,0,0
850.960,0.9632,0,0,0,0
850.993,0.9632,0,0,0,0
851.026,0.9632,0,0,0,0
851.060,0.9632,0,0,0,0
851.094,0.9632,0,0,0,0
851.126,0.9632,0,0,0,0
851.162,0.9632,0,0,0,0
851.195,0.9632,0,0,0,0
851.229,0.9632,0,0,0,0
851.263,0.9632,0,0,0,0
851.295,0.9632,0,0,0,0
851.330,0.9632,0,0,0,0
851.362,0.9632,0,0,0,0
851.396,0.9632,0,0,0,0
851.427,0.9632,0,0,0,0
851.462,0.9632,0,0,0,0
851.496,0.9632,0,0,0,0
851.528,0.9632,0,0,0,0
851.563,0.9632,0,0,0,0
851.595,0.9632,0,0,0,0
851.626,0.9632,0,0,0,0
851.663,0.9632,0,0,0,0
851.694,0.9632,0,0,0,0
851.728,0.9632,0,0,0,0
851.764,0.9632,0,0,0,0
851.793,0.9632,0,0,0,0
851.831,0.9632,0,0,0,0
851.862,0.9632,0,0,0,0
851.893,0.9632,0,0,0,0
851.928,0.9632,0,0,0,0
851.963,0.9632,0,0,0,0
851.994,0.9632,0,0,0,0
852.029,0.9632,0,0,0,0
852.063,0.9632,0,0,0,0
852.093,0.9632,0,0,0,0
852.129,0.9632,0,0,0,0
852.162,0.9632,0,0,0,0
852.195,0.9632,0,0,0,0
852.227,0.9632,0,0,0,0
852.261,0.9632,0,0,0,0
852.295,0.9632,0,0,0,0
852.328,0.9632,0,0,0,0
852.363,0.9632,0,0,0,0
852.396,0.9632,0,0,0,0
852.427,0.9632,0,0,0,0
852.463,0.9632,0,0,0,0
852.497,0.9632,0,0,0,0
852.528,0.9632,0,0,0,0
852.563,0.9632,0,0,0,0
852.595,0.9632,0,0,0,0
852.626,0.9632,0,0,0,0
852.660,0.9632,0,0,0,0
852.696,0.9632,0,0,0,0
852.727,0.9632,0,0,0,0
852.760,0.9632,0,0,0,0
852.796,0.9632,0,0,0,0
852.830,0.9632,0,0,0,0
852.862,0.9632,0,0,0,0
852.895,0.9632,0,0,0,0
852.928,0.9632,0,0,0,0
852.963,0.9632,0,0,0,0
852.994,0.9632,0,0,0,0
853.029,0.9632,0,0,0,0
853.061,0.9632,0,0,0,0
853.096,0.9632,0,0,0,0
853.130,0.9632,0,0,0,0
853.156,0.9632,0,0,0,0
853.195,0.9632,0,0,0,0
853.230,0.9632,0,0,0,0
853.263,0.9632,0,0,0,0
853.296,0.9632,0,0,0,0
853.330,0.9632,0,0,0,0
853.360,0.9632,0,0,0,0
853.397,0.9632,0,0,0,0
853.427,0.9632,0,0,0,0
853.460,0.9632,0,0,0,0
853.496,0.9632,0,0,0,0
853.529,0.9632,0,0,0,0
853.563,0.9632,0,0,0,0
853.595,0.9632,0,0,0,0
853.629,0.9632,0,0,0,0
853.661,0.9632,0,0,0,0
853.695,0.9632,0,0,0,0
853.728,0.9632,0,0,0,0
853.763,0.9632,0,0,0,0
853.798,0.9632,0,0,0,0
853.829,0.9632,0,0,0,0
853.852,0.9632,0,0,0,0
853.894,0.9632,0,0,0,0
853.926,0.9632,0,0,0,0
853.959,0.9632,0,0,0,0
853.994,0.9632,0,0,0,0
854.027,0.9632,0,0,0,0
854.063,0.9632,0,0,0,0
854.087,0.9632,0,0,0,0
854.127,0.9632,0,0,0,0
854.161,0.9632,0,0,0,0
854.194,0.9632,0,0,0,0
854.229,0.9632,0,0,0,0
854.262,0.9632,0,0,0,0
854.293,0.9632,0,0,0,0
854.330,0.9632,0,0,0,0
854.362,0.9632,0,0,0,0
854.396,0.9632,0,0,0,0
854.428,0.9632,0,0,0,0
854.459,0.9632,0,0,0,0
854.495,0.9632,0,0,0,0
854.526,0.9632,0,0,0,0
854.560,0.9632,0,0,0,0
854.593,0.9632,0,0,0,0
854.627,0.9632,0,0,0,0
854.660,0.9632,0,0,0,0
854.696,0.9632,0,0,0,0
854.728,0.9632,0,0,0,0
854.763,0.9632,0,0,0,0
854.796,0.9632,0,0,0,0
854.830,0.9632,0,0,0,0
854.861,0.9632,0,0,0,0
854.893,0.9632,0,0,0,0
854.926,0.9632,0,0,0,0
854.959,0.9632,0,0,0,0
854.996,0.9632,0,0,0,0
855.030,0.9632,0,0,0,0
855.063,0.9632,0,0,0,0
855.093,0.9632,0,0,0,0
855.129,0.9632,0,0,0,0
855.162,0.9632,0,0,0,0
855.194,0.9632,0,0,0,0
855.230,0.9632,0,0,0,0
855.262,0.9632,0,0,0,0
855.293,0.9632,0,0,0,0
855.326,0.9632,0,0,0,0
855.355,0.9632,0,0,0,0
855.396,0.9632,0,0,0,0
855.419,0.9632,0,0,0,0
855.460,0.9632,0,0,0,0
855.493,0.9632,0,0,0,0
855.530,0.9632,0,0,0,0
855.563,0.9632,0,0,0,0
855.596,0.9632,0,0,0,0
855.628,0.9632,0,0,0,0
855.663,0.9632,0,0,0,0
855.696,0.9632,0,0,0,0
855.726,0.9632,0,0,0,0
855.762,0.9632,0,0,0,0
855.795,0.9632,0,0,0,0
855.830,0.9632,0,0,0,0
855.859,0.9632,0,0,0,0
855.895,0.9632,0,0,0,0
855.920,0.9632,0,0,0,0
855.967,0.9632,0,0,0,0
855.993,0.9632,0,0,0,0
856.030,0.9632,0,0,0,0
856.062,0.9632,0,0,0,0
856.095,0.9632,0,0,0,0
856.129,0.9632,0,0,0,0
856.161,0.9632,0,0,0,0
856.194,0.9632,0,0,0,0
856.227,0.9632,0,0,0,0
856.260,0.9632,0,0,0,0
856.294,0.9632,0,0,0,0
856.328,0.9632,0,0,0,0
856.359,0.9632,0,0,0,0
856.393,0.9632,0,0,0,0
856.426,0.9632,0,0,0,0
856.461,0.9632,0,0,0,0
856.496,0.9632,0,0,0,0
856.530,0.9632,0,0,0,0
856.555,0.9632,0,0,0,0
856.595,0.9632,0,0,0,0
856.618,0.9631,0,0,0,0
856.649,0.9632,0,0,0,0
856.689,0.9631,0,0,0,0
856.736,0.9632,0,0,0,0
856.768,0.9631,0,0,0,0
856.802,0.9632,0,0,0,0
856.835,0.9632,0,0,0,0
856.869,0.9631,0,0,0,0
856.900,0.9632,0,0,0,0
856.937,0.9632,0,0,0,0
856.966,0.9631,0,0,0,0
857.001,0.9632,0,0,0,0
857.035,0.9632,0,0,0,0
857.068,0.9631,0,0,0,0
857.104,0.9631,0,0,0,0
857.136,0.9631,0,0,0,0
857.167,0.9631,0,0,0,0
857.204,0.9632,0,0,0,0
857.235,0.9631,0,0,0,0
857.270,0.9631,0,0,0,0
857.302,0.9631,0,0,0,0
857.336,0.9631,0,0,0,0
857.367,0.9631,0,0,0,0
857.406,0.9631,0,0,0,0
857.436,0.9631,0,0,0,0
857.468,0.9631,0,0,0,0
857.492,0.9631,0,0,0,0
857.535,0.9631,0,0,0,0
857.569,0.9631,0,0,0,0
857.600,0.9631,0,0,0,0
857.634,0.9631,0,0,0,0
857.668,0.9631,0,0,0,0
857.703,0.9631,0,0,0,0
857.734,0.9631,0,0,0,0
857.769,0.9631,0,0,0,0
857.795,0.9631,0,0,0,0
857.834,0.9631,0,0,0,0
857.859,0.9631,0,0,0,0
857.900,0.9631,0,0,0,0
857.925,0.9631,0,0,0,0
857.968,0.9631,0,0,0,0
858.001,0.9631,0,0,0,0
858.038,0.9631,0,0,0,0
858.070,0.9631,0,0,0,0
858.104,0.9631,0,0,0,0
858.133,0.9631,0,0,0,0
858.167,0.9631,0,0,0,0
858.202,0.9631,0,0,0,0
858.232,0.9631,0,0,0,0
858.268,0.9631,0,0,0,0
858.299,0.9631,0,0,0,0
858.335,0.9631,0,0,0,0
858.364,0.9631,0,0,0,0
858.400,0.9631,0,0,0,0
858.435,0.9631,0,0,0,0
858.468,0.9631,0,0,0,0
858.503,0.9631,0,0,0,0
858.537,0.9631,0,0,0,0
858.569,0.9631,0,0,0,0
858.603,0.9631,0,0,0,0
858.638,0.9631,0,0,0,0
858.659,0.9631,0,0,0,0
858.700,0.9631,0,0,0,0
858.734,0.9631,0,0,0,0
858.763,0.9631,0,0,0,0
858.814,0.9631,0,0,0,0
858.861,0.9631,0,0,0,0
858.901,0.9631,0,0,0,0
858.932,0.9631,0,0,0,0
858.968,0.9631,0,0,0,0
859.000,0.9631,0,0,0,0
859.029,0.9631,0,0,0,0
859.069,0.9631,0,0,0,0
859.091,0.9631,0,0,0,0
859.133,0.9631,0,0,0,0
859.167,0.9631,0,0,0,0
859.191,0.9631,0,0,0,0
859.233,0.9631,0,0,0,0
859.270,0.9631,0,0,0,0
859.300,0.9631,0,0,0,0
859.335,0.9631,0,0,0,0
859.368,0.9631,0,0,0,0
859.401,0.9631,0,0,0,0
859.435,0.9631,0,0,0,0
859.466,0.9631,0,0,0,0
859.501,0.9631,0,0,0,0
859.536,0.9631,0,0,0,0
859.567,0.9631,0,0,0,0
859.600,0.9631,0,0,0,0
859.632,0.9631,0,0,0,0
859.670,0.9631,0,0,0,0
859.703,0.9631,0,0,0,0
859.725,0.9631,0,0,0,0
859.767,0.9631,0,0,0,0
859.801,0.9631,0,0,0,0
859.833,0.9631,0,0,0,0
859.867,0.9631,0,0,0,0
859.901,0.9631,0,0,0,0
859.937,0.9631,0,0,0,0
859.968,0.9631,0,0,0,0
860.000,0.9631,0,0,0,0
860.033,0.9631,0,0,0,0
860.069,0.9631,0,0,0,0
860.100,0.9631,0,0,0,0
860.133,0.9631,0,0,0,0
860.165,0.9631,0,0,0,0
860.200,0.9631,0,0,0,0
860.235,0.9631,0,0,0,0
860.269,0.9631,0,0,0,0
860.302,0.9631,0,0,0,0
860.332,0.9631,0,0,0,0
860.369,0.9631,0,0,0,0
860.401,0.9631,0,0,0,0
860.436,0.9631,0,0,0,0
860.468,0.9631,0,0,0,0
860.502,0.9631,0,0,0,0
860.535,0.9631,0,0,0,0
860.564,0.9631,0,0,0,0
860.595,0.9631,0,0,0,0
860.636,0.9631,0,0,0,0
860.667,0.9631,0,0,0,0
860.703,0.9631,0,0,0,0
860.735,0.9631,0,0,0,0
860.768,0.9631,0,0,0,0
860.802,0.9631,0,0,0,0
860.835,0.9631,0,0,0,0
860.869,0.9631,0,0,0,0
860.899,0.9631,0,0,0,0
860.934,0.9631,0,0,0,0
860.968,0.9631,0,0,0,0
861.000,0.9631,0,0,0,0
861.035,0.9631,0,0,0,0
861.069,0.9631,0,0,0,0
861.102,0.9631,0,0,0,0
861.133,0.9631,0,0,0,0
861.170,0.9631,0,0,0,0
861.201,0.9631,0,0,0,0
861.235,0.9631,0,0,0,0
861.267,0.9631,0,0,0,0
861.302,0.9631,0,0,0,0
861.335,0.9631,0,0,0,0
861.366,0.9631,0,0,0,0
861.403,0.9631,0,0,0,0
861.435,0.9631,0,0,0,0
861.469,0.9631,0,0,0,0
861.500,0.9631,0,0,0,0
861.533,0.9631,0,0,0,0
861.567,0.9631,0,0,0,0
861.601,0.9631,0,0,0,0
861.634,0.9631,0,0,0,0
861.667,0.9631,0,0,0,0
861.702,0.9631,0,0,0,0
861.734,0.9631,0,0,0,0
861.767,0.9631,0,0,0,0
861.802,0.9631,0,0,0,0
861.836,0.9631,0,0,0,0
861.877,0.9631,0,0,0,0
861.894,0.9631,0,0,0,0
861.936,0.9631,0,0,0,0
861.968,0.9631,0,0,0,0
862.004,0.9631,0,0,0,0
862.037,0.9631,0,0,0,0
862.067,0.9631,0,0,0,0
862.099,0.9631,0,0,0,0
862.135,0.9631,0,0,0,0
862.169,0.9631,0,0,0,0
862.199,0.9631,0,0,0,0
862.235,0.9631,0,0,0,0
862.265,0.9631,0,0,0,0
862.302,0.9631,0,0,0,0
862.335,0.9631,0,0,0,0
862.365,0.9631,0,0,0,0
862.399,0.9631,0,0,0,0
862.430,0.9631,0,0,0,0
862.467,0.9631,0,0,0,0
862.500,0.9631,0,0,0,0
862.532,0.9631,0,0,0,0
862.565,0.9631,0,0,0,0
862.599,0.9631,0,0,0,0
862.636,0.9631,0,0,0,0
862.665,0.9631,0,0,0,0
862.699,0.9631,0,0,0,0
862.732,0.9631,0,0,0,0
862.767,0.9631,0,0,0,0
862.798,0.9631,0,0,0,0
862.834,0.9631,0,0,0,0
862.865,0.9631,0,0,0,0
862.900,0.9631,0,0,0,0
862.932,0.9631,0,0,0,0
862.968,0.9631,0,0,0,0
862.994,0.9631,0,0,0,0
863.036,0.9631,0,0,0,0
863.068,0.9631,0,0,0,0
863.101,0.9631,0,0,0,0
863.132,0.9631,0,0,0,0
863.166,0.9631,0,0,0,0
863.200,0.9631,0,0,0,0
863.234,0.9631,0,0,0,0
863.266,0.9631,0,0,0,0
863.299,0.9631,0,0,0,0
863.334,0.9631,0,0,0,0
863.365,0.9631,0,0,0,0
863.402,0.9631,0,0,0,0
863.433,0.9631,0,0,0,0
863.466,0.9631,0,0,0,0
863.502,0.9631,0,0,0,0
863.527,0.9631,0,0,0,0
863.569,0.9631,0,0,0,0
863.612,0.9631,0,0,0,0
863.651,0.9631,0,0,0,0
863.678,0.9631,0,0,0,0
863.709,0.9631,0,0,0,0
863.742,0.9631,0,0,0,0
863.776,0.9631,0,0,0,0
863.813,0.9631,0,0,0,0
863.840,0.9631,0,0,0,0
863.866,0.9631,0,0,0,0
863.912,0.9631,0,0,0,0
863.937,0.9631,0,0,0,0
863.976,0.9631,0,0,0,0
864.011,0.9631,0,0,0,0
864.041,0.9631,0,0,0,0
864.077,0.9631,0,0,0,0
864.111,0.9631,0,0,0,0
864.142,0.9631,0,0,0,0
864.178,0.9631,0,0,0,0
864.211,0.9631,0,0,0,0
864.245,0.9631,0,0,0,0
864.278,0.9631,0,0,0,0
864.310,0.9631,0,0,0,0
864.342,0.9631,0,0,0,0
864.376,0.9631,0,0,0,0
864.409,0.9631,0,0,0,0
864.442,0.9631,0,0,0,0
864.479,0.9631,0,0,0,0
864.511,0.9631,0,0,0,0
864.544,0.9631,0,0,0,0
864.580,0.9631,0,0,0,0
864.600,0.9631,0,0,0,0
864.643,0.9631,0,0,0,0
864.677,0.9631,0,0,0,0
864.711,0.9631,0,0,0,0
864.742,0.9631,0,0,0,0
864.777,0.9631,0,0,0,0
864.808,0.9631,0,0,0,0
864.847,0.9631,0,0,0,0
864.882,0.9631,0,0,0,0
864.905,0.9631,0,0,0,0
864.945,0.9631,0,0,0,0
864.979,0.9631,0,0,0,0
865.013,0.9631,0,0,0,0
865.044,0.9631,0,0,0,0
865.078,0.9631,0,0,0,0
865.112,0.9631,0,0,0,0
865.147,0.9631,0,0,0,0
865.177,0.9631,0,0,0,0
865.212,0.9631,0,0,0,0
865.246,0.9631,0,0,0,0
865.276,0.9631,0,0,0,0
865.313,0.9631,0,0,0,0
865.343,0.9631,0,0,0,0
865.375,0.9631,0,0,0,0
865.411,0.9631,0,0,0,0
865.443,0.9631,0,0,0,0
865.480,0.9631,0,0,0,0
865.512,0.9631,0,0,0,0
865.547,0.9631,0,0,0,0
865.579,0.9631,0,0,0,0
865.610,0.9631,0,0,0,0
865.643,0.9631,0,0,0,0
865.676,0.9631,0,0,0,0
865.713,0.9631,0,0,0,0
865.744,0.9631,0,0,0,0
865.779,0.9631,0,0,0,0
865.810,0.9631,0,0,0,0
865.846,0.9631,0,0,0,0
865.879,0.9631,0,0,0,0
865.912,0.9631,0,0,0,0
865.944,0.9631,0,0,0,0
865.979,0.9631,0,0,0,0
866.011,0.9631,0,0,0,0
866.045,0.9631,0,0,0,0
866.076,0.9631,0,0,0,0
866.112,0.9631,0,0,0,0
866.144,0.9631,0,0,0,0
866.180,0.9631,0,0,0,0
866.209,0.9631,0,0,0,0
866.243,0.9631,0,0,0,0
866.276,0.9631,0,0,0,0
866.311,0.9631,0,0,0,0
866.345,0.9631,0,0,0,0
866.376,0.9631,0,0,0,0
866.410,0.9631,0,0,0,0
866.444,0.9631,0,0,0,0
866.478,0.9631,0,0,0,0
866.510,0.9631,0,0,0,0
866.543,0.9631,0,0,0,0
866.579,0.9631,0,0,0,0
866.610,0.9631,0,0,0,0
866.647,0.9631,0,0,0,0
866.678,0.9631,0,0,0,0
866.713,0.9631,0,0,0,0
866.744,0.9631,0,0,0,0
866.780,0.9631,0,0,0,0
866.812,0.9631,0,0,0,0
866.850,0.9631,0,0,0,0
866.877,0.9631,0,0,0,0
866.912,0.9631,0,0,0,0
866.945,0.9631,0,0,0,0
866.979,0.9631,0,0,0,0
867.012,0.9631,0,0,0,0
867.044,0.9631,0,0,0,0
867.077,0.9631,0,0,0,0
867.112,0.9631,0,0,0,0
867.143,0.9631,0,0,0,0
867.179,0.9631,0,0,0,0
867.213,0.9631,0,0,0,0
867.245,0.9631,0,0,0,0
867.279,0.9631,0,0,0,0
867.312,0.9631,0,0,0,0
867.345,0.9631,0,0,0,0
867.377,0.9631,0,0,0,0
867.411,0.9631,0,0,0,0
867.443,0.9631,0,0,0,0
867.476,0.9631,0,0,0,0
867.518,0.9631,0,0,0,0
867.545,0.9631,0,0,0,0
867.578,0.9631,0,0,0,0
867.612,0.9631,0,0,0,0
867.647,0.9631,0,0,0,0
867.681,0.9631,0,0,0,0
867.711,0.9631,0,0,0,0
867.745,0.9631,0,0,0,0
867.779,0.9631,0,0,0,0
867.812,0.9631,0,0,0,0
867.845,0.9631,0,0,0,0
867.877,0.9631,0,0,0,0
867.912,0.9631,0,0,0,0
867.944,0.9631,0,0,0,0
867.977,0.9631,0,0,0,0
868.013,0.9631,0,0,0,0
868.036,0.9631,0,0,0,0
868.078,0.9631,0,0,0,0
868.111,0.9631,0,0,0,0
868.145,0.9631,0,0,0,0
868.177,0.9631,0,0,0,0
868.212,0.9631,0,0,0,0
868.244,0.9631,0,0,0,0
868.277,0.9631,0,0,0,0
868.313,0.9631,0,0,0,0
868.343,0.9631,0,0,0,0
868.376,0.9631,0,0,0,0
868.412,0.9631,0,0,0,0
868.445,0.9631,0,0,0,0
868.477,0.9631,0,0,0,0
868.509,0.9631,0,0,0,0
868.542,0.9631,0,0,0,0
868.577,0.9631,0,0,0,0
868.611,0.9631,0,0,0,0
868.646,0.9631,0,0,0,0
868.678,0.9631,0,0,0,0
868.709,0.9631,0,0,0,0
868.745,0.9631,0,0,0,0
868.779,0.9631,0,0,0,0
868.814,0.9631,0,0,0,0
868.843,0.9631,0,0,0,0
868.878,0.9631,0,0,0,0
868.914,0.9631,0,0,0,0
868.943,0.9631,0,0,0,0
868.977,0.9631,0,0,0,0
869.010,0.9631,0,0,0,0
869.044,0.9631,0,0,0,0
869.077,0.9631,0,0,0,0
869.111,0.9631,0,0,0,0
869.144,0.9631,0,0,0,0
869.176,0.9631,0,0,0,0
869.210,0.9631,0,0,0,0
869.244,0.9631,0,0,0,0
869.279,0.9631,0,0,0,0
869.313,0.9631,0,0,0,0
869.346,0.9631,0,0,0,0
869.376,0.9631,0,0,0,0
869.412,0.9631,0,0,0,0
869.446,0.9631,0,0,0,0
869.479,0.9631,0,0,0,0
869.510,0.9631,0,0,0,0
869.546,0.9631,0,0,0,0
869.579,0.9631,0,0,0,0
869.610,0.9631,0,0,0,0
869.644,0.9631,0,0,0,0
869.677,0.9631,0,0,0,0
869.709,0.9631,0,0,0,0
869.744,0.9631,0,0,0,0
869.780,0.9631,0,0,0,0
869.810,0.9631,0,0,0,0
869.844,0.9631,0,0,0,0
869.880,0.9631,0,0,0,0
869.912,0.9631,0,0,0,0
869.945,0.9631,0,0,0,0
869.981,0.9631,0,0,0,0
870.010,0.9631,0,0,0,0
870.045,0.9631,0,0,0,0
870.078,0.9631,0,0,0,0
870.110,0.9631,0,0,0,0
870.143,0.9631,0,0,0,0
870.179,0.9631,0,0,0,0
870.213,0.9631,0,0,0,0
870.246,0.9631,0,0,0,0
870.277,0.9631,0,0,0,0
870.310,0.9631,0,0,0,0
870.343,0.9631,0,0,0,0
870.377,0.9631,0,0,0,0
870.411,0.9631,0,0,0,0
870.443,0.9631,0,0,0,0
870.479,0.9631,0,0,0,0
870.510,0.9631,0,0,0,0
870.545,0.9631,0,0,0,0
870.577,0.9631,0,0,0,0
870.609,0.9631,0,0,0,0
870.645,0.9631,0,0,0,0
870.678,0.9631,0,0,0,0
870.709,0.9631,0,0,0,0
870.744,0.9631,0,0,0,0
870.778,0.9631,0,0,0,0
870.813,0.9631,0,0,0,0
870.845,0.9631,0,0,0,0
870.878,0.9631,0,0,0,0
870.911,0.9631,0,0,0,0
870.943,0.9631,0,0,0,0
870.980,0.9631,0,0,0,0
871.011,0.9631,0,0,0,0
871.044,0.9631,0,0,0,0
871.076,0.9631,0,0,0,0
871.110,0.9631,0,0,0,0
871.143,0.9631,0,0,0,0
871.180,0.9631,0,0,0,0
871.211,0.9631,0,0,0,0
871.244,0.9631,0,0,0,0
871.280,0.9631,0,0,0,0
871.313,0.9631,0,0,0,0
871.343,0.9631,0,0,0,0
871.377,0.9631,0,0,0,0
871.412,0.9631,0,0,0,0
871.446,0.9631,0,0,0,0
871.479,0.9631,0,0,0,0
871.511,0.9631,0,0,0,0
871.534,0.9631,0,0,0,0
871.580,0.9631,0,0,0,0
871.609,0.9631,0,0,0,0
871.645,0.9631,0,0,0,0
871.676,0.9631,0,0,0,0
871.709,0.9631,0,0,0,0
871.745,0.9631,0,0,0,0
871.778,0.9631,0,0,0,0
871.810,0.9631,0,0,0,0
871.846,0.9631,0,0,0,0
871.876,0.9631,0,0,0,0
871.911,0.9631,0,0,0,0
871.944,0.9631,0,0,0,0
871.978,0.9631,0,0,0,0
872.012,0.9631,0,0,0,0
872.045,0.9631,0,0,0,0
872.077,0.9631,0,0,0,0
872.111,0.9631,0,0,0,0
872.143,0.9631,0,0,0,0
872.177,0.9631,0,0,0,0
872.212,0.9631,0,0,0,0
872.245,0.9631,0,0,0,0
872.278,0.9631,0,0,0,0
872.310,0.9631,0,0,0,0
872.346,0.9631,0,0,0,0
872.379,0.9631,0,0,0,0
872.410,0.9631,0,0,0,0
872.446,0.9631,0,0,0,0
872.478,0.9631,0,0,0,0
872.509,0.9631,0,0,0,0
872.545,0.9631,0,0,0,0
872.579,0.9631,0,0,0,0
872.613,0.9631,0,0,0,0
872.644,0.9631,0,0,0,0
872.677,0.9631,0,0,0,0
872.711,0.9631,0,0,0,0
872.747,0.9631,0,0,0,0
872.778,0.9631,0,0,0,0
872.812,0.9631,0,0,0,0
872.845,0.9631,0,0,0,0
872.878,0.9631,0,0,0,0
872.911,0.9631,0,0,0,0
872.943,0.9631,0,0,0,0
872.978,0.9631,0,0,0,0
873.013,0.9631,0,0,0,0
873.046,0.9631,0,0,0,0
873.078,0.9631,0,0,0,0
873.113,0.9631,0,0,0,0
873.143,0.9631,0,0,0,0
873.179,0.9631,0,0,0,0
873.209,0.9631,0,0,0,0
873.245,0.9631,0,0,0,0
873.279,0.9631,0,0,0,0
873.311,0.9631,0,0,0,0
873.347,0.9631,0,0,0,0
873.379,0.9631,0,0,0,0
873.410,0.9631,0,0,0,0
873.445,0.9631,0,0,0,0
873.479,0.9631,0,0,0,0
873.551,0.9631,0,0,0,0
873.576,0.9631,0,0,0,0
873.619,0.9631,0,0,0,0
873.653,0.9631,0,0,0,0
873.685,0.9631,0,0,0,0
873.720,0.9631,0,0,0,0
873.749,0.9631,0,0,0,0
873.786,0.9631,0,0,0,0
873.816,0.9631,0,0,0,0
873.850,0.9631,0,0,0,0
873.885,0.9631,0,0,0,0
873.916,0.9631,0,0,0,0
873.952,0.9631,0,0,0,0
873.984,0.9631,0,0,0,0
874.019,0.9631,0,0,0,0
874.050,0.9631,0,0,0,0
874.084,0.9631,0,0,0,0
874.116,0.9631,0,0,0,0
874.150,0.9631,0,0,0,0
874.184,0.9631,0,0,0,0
874.216,0.9631,0,0,0,0
874.252,0.9631,0,0,0,0
874.287,0.9631,0,0,0,0
874.317,0.9631,0,0,0,0
874.350,0.9631,0,0,0,0
874.386,0.9631,0,0,0,0
874.417,0.9631,0,0,0,0
874.458,0.9631,0,0,0,0
874.478,0.9631,0,0,0,0
874.519,0.9631,0,0,0,0
874.551,0.9631,0,0,0,0
874.585,0.9631,0,0,0,0
874.618,0.9631,0,0,0,0
874.652,0.9631,0,0,0,0
874.684,0.9631,0,0,0,0
874.716,0.9631,0,0,0,0
874.749,0.9631,0,0,0,0
874.785,0.9631,0,0,0,0
874.819,0.9631,0,0,0,0
874.855,0.9631,0,0,0,0
874.878,0.9631,0,0,0,0
874.919,0.9631,0,0,0,0
874.951,0.9631,0,0,0,0
874.984,0.9631,0,0,0,0
875.016,0.9631,0,0,0,0
875.050,0.9631,0,0,0,0
875.083,0.9631,0,0,0,0
875.121,0.9631,0,0,0,0
875.151,0.9631,0,0,0,0
875.184,0.9631,0,0,0,0
875.218,0.9631,0,0,0,0
875.250,0.9631,0,0,0,0
875.284,0.9631,0,0,0,0
875.318,0.9631,0,0,0,0
875.349,0.9631,0,0,0,0
875.382,0.9631,0,0,0,0
875.419,0.9631,0,0,0,0
875.450,0.9631,0,0,0,0
875.483,0.9631,0,0,0,0
875.516,0.9631,0,0,0,0
875.550,0.9631,0,0,0,0
875.583,0.9631,0,0,0,0
875.616,0.9631,0,0,0,0
875.650,0.9631,0,0,0,0
875.683,0.9631,0,0,0,0
875.716,0.9631,0,0,0,0
875.753,0.9631,0,0,0,0
875.783,0.9631,0,0,0,0
875.817,0.9631,0,0,0,0
875.849,0.9631,0,0,0,0
875.885,0.9631,0,0,0,0
875.916,0.9631,0,0,0,0
875.950,0.9631,0,0,0,0
875.984,0.9631,0,0,0,0
876.019,0.9631,0,0,0,0
876.050,0.9631,0,0,0,0
876.082,0.9631,0,0,0,0
876.120,0.9631,0,0,0,0
876.151,0.9631,0,0,0,0
876.184,0.9631,0,0,0,0
876.217,0.9631,0,0,0,0
876.251,0.9631,0,0,0,0
876.285,0.9631,0,0,0,0
876.318,0.9631,0,0,0,0
876.351,0.9631,0,0,0,0
876.385,0.9631,0,0,0,0
876.418,0.9631,0,0,0,0
876.452,0.9631,0,0,0,0
876.485,0.9631,0,0,0,0
876.520,0.9631,0,0,0,0
876.554,0.9631,0,0,0,0
876.575,0.9631,0,0,0,0
876.620,0.9631,0,0,0,0
876.642,0.9631,0,0,0,0
876.686,0.9631,0,0,0,0
876.717,0.9631,0,0,0,0
876.753,0.9631,0,0,0,0
876.784,0.9631,0,0,0,0
876.817,0.9631,0,0,0,0
876.849,0.9631,0,0,0,0
876.884,0.9631,0,0,0,0
876.917,0.9631,0,0,0,0
876.952,0.9631,0,0,0,0
876.985,0.9631,0,0,0,0
877.018,0.9631,0,0,0,0
877.052,0.9631,0,0,0,0
877.086,0.9631,0,0,0,0
877.118,0.9631,0,0,0,0
877.149,0.9631,0,0,0,0
877.182,0.9631,0,0,0,0
877.219,0.9631,0,0,0,0
877.250,0.9631,0,0,0,0
877.284,0.9631,0,0,0,0
877.317,0.9631,0,0,0,0
877.352,0.9631,0,0,0,0
877.384,0.9631,0,0,0,0
877.417,0.9631,0,0,0,0
877.452,0.9631,0,0,0,0
877.486,0.9631,0,0,0,0
877.516,0.9631,0,0,0,0
877.549,0.9631,0,0,0,0
877.587,0.9631,0,0,0,0
877.622,0.9631,0,0,0,0
877.649,0.9631,0,0,0,0
877.683,0.9631,0,0,0,0
877.715,0.9631,0,0,0,0
877.753,0.9631,0,0,0,0
877.787,0.9631,0,0,0,0
877.815,0.9631,0,0,0,0
877.849,0.9631,0,0,0,0
877.886,0.9631,0,0,0,0
877.917,0.9631,0,0,0,0
877.951,0.9631,0,0,0,0
877.984,0.9631,0,0,0,0
878.018,0.9631,0,0,0,0
878.049,0.9631,0,0,0,0
878.085,0.9631,0,0,0,0
878.117,0.9631,0,0,0,0
878.151,0.9631,0,0,0,0
878.183,0.9631,0,0,0,0
878.217,0.9631,0,0,0,0
878.252,0.9631,0,0,0,0
878.285,0.9631,0,0,0,0
878.316,0.9631,0,0,0,0
878.348,0.9631,0,0,0,0
878.386,0.9631,0,0,0,0
878.420,0.9631,0,0,0,0
878.449,0.9631,0,0,0,0
878.482,0.9631,0,0,0,0
878.515,0.9631,0,0,0,0
878.549,0.9631,0,0,0,0
878.583,0.9631,0,0,0,0
878.621,0.9631,0,0,0,0
878.649,0.9631,0,0,0,0
878.682,0.9631,0,0,0,0
878.715,0.9631,0,0,0,0
878.751,0.9631,0,0,0,0
878.783,0.9631,0,0,0,0
878.816,0.9631,0,0,0,0
878.849,0.9631,0,0,0,0
878.883,0.9631,0,0,0,0
878.917,0.9631,0,0,0,0
878.950,0.9631,0,0,0,0
878.986,0.9631,0,0,0,0
879.017,0.9631,0,0,0,0
879.053,0.9631,0,0,0,0
879.086,0.9631,0,0,0,0
879.119,0.9631,0,0,0,0
879.149,0.9631,0,0,0,0
879.186,0.9631,0,0,0,0
879.218,0.9631,0,0,0,0
879.250,0.9631,0,0,0,0
879.283,0.9631,0,0,0,0
879.316,0.9631,0,0,0,0
879.354,0.9631,0,0,0,0
879.384,0.9631,0,0,0,0
879.411,0.9631,0,0,0,0
879.449,0.9631,0,0,0,0
879.484,0.9631,0,0,0,0
879.517,0.9631,0,0,0,0
879.550,0.9631,0,0,0,0
879.584,0.9631,0,0,0,0
879.617,0.9631,0,0,0,0
879.652,0.9631,0,0,0,0
879.683,0.9631,0,0,0,0
879.719,0.9631,0,0,0,0
879.750,0.9631,0,0,0,0
879.785,0.9631,0,0,0,0
879.820,0.9631,0,0,0,0
879.853,0.9631,0,0,0,0
879.885,0.9631,0,0,0,0
879.917,0.9631,0,0,0,0
879.952,0.9631,0,0,0,0
879.983,0.9631,0,0,0,0
880.018,0.9631,0,0,0,0
880.049,0.9631,0,0,0,0
880.082,0.9631,0,0,0,0
880.121,0.9631,0,0,0,0
880.143,0.9631,0,0,0,0
880.187,0.9631,0,0,0,0
880.219,0.9631,0,0,0,0
880.250,0.9631,0,0,0,0
880.283,0.9631,0,0,0,0
880.320,0.9631,0,0,0,0
880.352,0.9631,0,0,0,0
880.383,0.9631,0,0,0,0
880.418,0.9631,0,0,0,0
880.452,0.9631,0,0,0,0
880.485,0.9631,0,0,0,0
880.517,0.9631,0,0,0,0
880.610,0.9631,0,0,0,0
880.640,0.9631,0,0,0,0
880.651,0.9631,0,0,0,0
880.684,0.9631,0,0,0,0
880.717,0.9631,0,0,0,0
880.749,0.9631,0,0,0,0
880.786,0.9631,0,0,0,0
880.815,0.9631,0,0,0,0
880.849,0.9631,0,0,0,0
880.885,0.9631,0,0,0,0
880.916,0.9631,0,0,0,0
880.951,0.9631,0,0,0,0
880.986,0.9631,0,0,0,0
881.018,0.9631,0,0,0,0
881.052,0.9631,0,0,0,0
881.083,0.9631,0,0,0,0
881.117,0.9631,0,0,0,0
881.148,0.9631,0,0,0,0
881.184,0.9631,0,0,0,0
881.216,0.9631,0,0,0,0
881.250,0.9631,0,0,0,0
881.283,0.9631,0,0,0,0
881.318,0.9631,0,0,0,0
881.352,0.9631,0,0,0,0
881.386,0.9631,0,0,0,0
881.415,0.9631,0,0,0,0
881.450,0.9631,0,0,0,0
881.482,0.9631,0,0,0,0
881.517,0.9631,0,0,0,0
881.539,0.9631,0,0,0,0
881.584,0.9631,0,0,0,0
881.615,0.9631,0,0,0,0
881.650,0.9631,0,0,0,0
881.685,0.9631,0,0,0,0
881.715,0.9631,0,0,0,0
881.749,0.9631,0,0,0,0
881.785,0.9631,0,0,0,0
881.818,0.9631,0,0,0,0
881.850,0.9631,0,0,0,0
881.885,0.9631,0,0,0,0
881.916,0.9631,0,0,0,0
881.949,0.9631,0,0,0,0
881.984,0.9631,0,0,0,0
882.018,0.9631,0,0,0,0
882.052,0.9631,0,0,0,0
882.082,0.9631,0,0,0,0
882.116,0.9631,0,0,0,0
882.150,0.9631,0,0,0,0
882.182,0.9631,0,0,0,0
882.218,0.9631,0,0,0,0
882.251,0.9631,0,0,0,0
882.283,0.9631,0,0,0,0
882.318,0.9631,0,0,0,0
882.352,0.9631,0,0,0,0
882.384,0.9631,0,0,0,0
882.416,0.9631,0,0,0,0
882.450,0.9631,0,0,0,0
882.483,0.9631,0,0,0,0
882.518,0.9631,0,0,0,0
882.549,0.9631,0,0,0,0
882.582,0.9631,0,0,0,0
882.618,0.9631,0,0,0,0
882.650,0.9631,0,0,0,0
882.684,0.9631,0,0,0,0
882.719,0.9631,0,0,0,0
882.749,0.9631,0,0,0,0
882.782,0.9631,0,0,0,0
882.818,0.9631,0,0,0,0
882.851,0.9631,0,0,0,0
882.888,0.9631,0,0,0,0
882.911,0.9631,0,0,0,0
882.951,0.9631,0,0,0,0
882.978,0.9631,0,0,0,0
883.017,0.9631,0,0,0,0
883.050,0.9631,0,0,0,0
883.081,0.9631,0,0,0,0
883.115,0.9631,0,0,0,0
883.151,0.9631,0,0,0,0
883.185,0.9631,0,0,0,0
883.207,0.9631,0,0,0,0
883.249,0.9631,0,0,0,0
883.283,0.9631,0,0,0,0
883.319,0.9631,0,0,0,0
883.352,0.9631,0,0,0,0
883.386,0.9631,0,0,0,0
883.415,0.9631,0,0,0,0
883.450,0.9631,0,0,0,0
883.482,0.9631,0,0,0,0
883.515,0.9631,0,0,0,0
883.548,0.9631,0,0,0,0
883.585,0.9631,0,0,0,0
883.619,0.9631,0,0,0,0
883.650,0.9631,0,0,0,0
883.682,0.9631,0,0,0,0
883.718,0.9631,0,0,0,0
883.750,0.9631,0,0,0,0
883.782,0.9631,0,0,0,0
883.816,0.9631,0,0,0,0
883.849,0.9631,0,0,0,0
883.882,0.9631,0,0,0,0
883.915,0.9631,0,0,0,0
883.951,0.9631,0,0,0,0
883.985,0.9631,0,0,0,0
884.020,0.9631,0,0,0,0
884.050,0.9631,0,0,0,0
884.083,0.9631,0,0,0,0
884.116,0.9631,0,0,0,0
884.150,0.9631,0,0,0,0
884.183,0.9631,0,0,0,0
884.219,0.9631,0,0,0,0
884.251,0.9631,0,0,0,0
884.286,0.9631,0,0,0,0
884.319,0.9631,0,0,0,0
884.352,0.9631,0,0,0,0
884.383,0.9631,0,0,0,0
884.415,0.9631,0,0,0,0
884.452,0.9631,0,0,0,0
884.479,0.9631,0,0,0,0
884.516,0.9631,0,0,0,0
884.549,0.9631,0,0,0,0
884.583,0.9631,0,0,0,0
884.615,0.9631,0,0,0,0
884.652,0.9631,0,0,0,0
884.686,0.9631,0,0,0,0
884.718,0.9631,0,0,0,0
884.752,0.9631,0,0,0,0
884.783,0.9631,0,0,0,0
884.819,0.9631,0,0,0,0
884.841,0.9631,0,0,0,0
884.883,0.9631,0,0,0,0
884.916,0.9631,0,0,0,0
884.952,0.9631,0,0,0,0
884.983,0.9631,0,0,0,0
885.016,0.9631,0,0,0,0
885.051,0.9631,0,0,0,0
885.083,0.9631,0,0,0,0
885.119,0.9631,0,0,0,0
885.152,0.9631,0,0,0,0
885.182,0.9631,0,0,0,0
885.218,0.9631,0,0,0,0
885.249,0.9631,0,0,0,0
885.275,0.9631,0,0,0,0
885.315,0.9631,0,0,0,0
885.351,0.9631,0,0,0,0
885.385,0.9631,0,0,0,0
885.416,0.9631,0,0,0,0
885.450,0.9631,0,0,0,0
885.482,0.9631,0,0,0,0
885.518,0.9631,0,0,0,0
885.551,0.9631,0,0,0,0
885.582,0.9631,0,0,0,0
885.616,0.9631,0,0,0,0
885.649,0.9631,0,0,0,0
885.683,0.9631,0,0,0,0
885.716,0.9631,0,0,0,0
885.751,0.9631,0,0,0,0
885.786,0.9631,0,0,0,0
885.813,0.9631,0,0,0,0
885.850,0.9631,0,0,0,0
885.876,0.9631,0,0,0,0
885.918,0.9631,0,0,0,0
885.949,0.9631,0,0,0,0
885.982,0.9631,0,0,0,0
886.015,0.9631,0,0,0,0
886.052,0.9631,0,0,0,0
886.083,0.9631,0,0,0,0
886.117,0.9631,0,0,0,0
886.153,0.9631,0,0,0,0
886.183,0.9631,0,0,0,0
886.216,0.9631,0,0,0,0
886.250,0.9631,0,0,0,0
886.284,0.9631,0,0,0,0
886.319,0.9631,0,0,0,0
886.349,0.9631,0,0,0,0
886.382,0.9631,0,0,0,0
886.417,0.9631,0,0,0,0
886.452,0.9631,0,0,0,0
886.483,0.9631,0,0,0,0
886.517,0.9631,0,0,0,0
886.553,0.9631,0,0,0,0
886.582,0.9631,0,0,0,0
886.618,0.9631,0,0,0,0
886.647,0.9631,0,0,0,0
886.683,0.9631,0,0,0,0
886.716,0.9631,0,0,0,0
886.751,0.9631,0,0,0,0
886.784,0.9631,0,0,0,0
886.816,0.9631,0,0,0,0
886.849,0.9631,0,0,0,0
886.885,0.9631,0,0,0,0
886.915,0.9631,0,0,0,0
886.951,0.9631,0,0,0,0
886.984,0.9631,0,0,0,0
887.017,0.9631,0,0,0,0
887.050,0.9631,0,0,0,0
887.082,0.9631,0,0,0,0
887.119,0.9631,0,0,0,0
887.149,0.9631,0,0,0,0
887.185,0.9631,0,0,0,0
887.217,0.9631,0,0,0,0
887.252,0.9631,0,0,0,0
887.276,0.9631,0,0,0,0
887.318,0.9631,0,0,0,0
887.350,0.9631,0,0,0,0
887.383,0.9631,0,0,0,0
887.417,0.9631,0,0,0,0
887.450,0.9631,0,0,0,0
887.484,0.9631,0,0,0,0
887.519,0.9631,0,0,0,0
887.550,0.9631,0,0,0,0
887.583,0.9631,0,0,0,0
887.615,0.9631,0,0,0,0
887.652,0.9631,0,0,0,0
887.683,0.9631,0,0,0,0
887.716,0.9631,0,0,0,0
887.750,0.9631,0,0,0,0
887.784,0.9631,0,0,0,0
887.817,0.9631,0,0,0,0
887.848,0.9631,0,0,0,0
887.884,0.9631,0,0,0,0
887.916,0.9631,0,0,0,0
887.951,0.9631,0,0,0,0
887.984,0.9631,0,0,0,0
888.017,0.9631,0,0,0,0
888.052,0.9631,0,0,0,0
888.084,0.9631,0,0,0,0
888.116,0.9631,0,0,0,0
888.151,0.9631,0,0,0,0
888.183,0.9631,0,0,0,0
888.219,0.9631,0,0,0,0
888.249,0.9631,0,0,0,0
888.282,0.9631,0,0,0,0
888.319,0.9631,0,0,0,0
888.353,0.9631,0,0,0,0
888.382,0.9631,0,0,0,0
888.417,0.9631,0,0,0,0
888.452,0.9631,0,0,0,0
888.483,0.9631,0,0,0,0
888.516,0.9631,0,0,0,0
888.551,0.9631,0,0,0,0
888.584,0.9631,0,0,0,0
888.621,0.9631,0,0,0,0
888.648,0.9631,0,0,0,0
888.684,0.9631,0,0,0,0
888.718,0.9631,0,0,0,0
888.749,0.9631,0,0,0,0
888.783,0.9631,0,0,0,0
888.816,0.9631,0,0,0,0
888.851,0.9631,0,0,0,0
888.885,0.9631,0,0,0,0
888.917,0.9631,0,0,0,0
888.949,0.9631,0,0,0,0
888.985,0.9631,0,0,0,0
889.017,0.9631,0,0,0,0
889.052,0.9631,0,0,0,0
889.084,0.9631,0,0,0,0
889.117,0.9631,0,0,0,0
889.150,0.9631,0,0,0,0
889.182,0.9631,0,0,0,0
889.215,0.9631,0,0,0,0
889.248,0.9631,0,0,0,0
889.286,0.9631,0,0,0,0
889.318,0.9631,0,0,0,0
889.351,0.9631,0,0,0,0
889.385,0.9631,0,0,0,0
889.416,0.9631,0,0,0,0
889.450,0.9631,0,0,0,0
889.482,0.9631,0,0,0,0
889.515,0.9631,0,0,0,0
889.551,0.9631,0,0,0,0
889.584,0.9631,0,0,0,0
889.615,0.9631,0,0,0,0
889.644,0.9631,0,0,0,0
889.683,0.9631,0,0,0,0
889.717,0.9631,0,0,0,0
889.751,0.9631,0,0,0,0
889.782,0.9631,0,0,0,0
889.818,0.9631,0,0,0,0
889.851,0.9631,0,0,0,0
889.885,0.9631,0,0,0,0
889.914,0.9631,0,0,0,0
889.959,0.9631,0,0,0,0
889.984,0.9631,0,0,0,0
890.019,0.9631,0,0,0,0
890.050,0.9631,0,0,0,0
890.084,0.9631,0,0,0,0
890.119,0.9631,0,0,0,0
890.152,0.9631,0,0,0,0
890.186,0.9631,0,0,0,0
890.216,0.9631,0,0,0,0
890.250,0.9631,0,0,0,0
890.282,0.9631,0,0,0,0
890.316,0.9631,0,0,0,0
890.351,0.9631,0,0,0,0
890.385,0.9631,0,0,0,0
890.418,0.9631,0,0,0,0
890.451,0.9631,0,0,0,0
890.482,0.9631,0,0,0,0
890.517,0.9631,0,0,0,0
890.552,0.9631,0,0,0,0
890.584,0.9631,0,0,0,0
890.619,0.9631,0,0,0,0
890.651,0.9631,0,0,0,0
890.682,0.9631,0,0,0,0
890.716,0.9631,0,0,0,0
890.749,0.9631,0,0,0,0
890.782,0.9631,0,0,0,0
890.816,0.9631,0,0,0,0
890.848,0.9631,0,0,0,0
890.881,0.9631,0,0,0,0
890.919,0.9631,0,0,0,0
890.950,0.9631,0,0,0,0
890.983,0.9631,0,0,0,0
891.019,0.9631,0,0,0,0
891.049,0.9631,0,0,0,0
891.086,0.9631,0,0,0,0
891.118,0.9631,0,0,0,0
891.149,0.9631,0,0,0,0
891.185,0.9631,0,0,0,0
891.218,0.9631,0,0,0,0
891.249,0.9631,0,0,0,0
891.285,0.9631,0,0,0,0
891.316,0.9631,0,0,0,0
891.356,0.9631,0,0,0,0
891.382,0.9631,0,0,0,0
891.417,0.9631,0,0,0,0
891.449,0.9631,0,0,0,0
891.483,0.9631,0,0,0,0
891.517,0.9631,0,0,0,0
891.549,0.9631,0,0,0,0
891.585,0.9631,0,0,0,0
891.616,0.9631,0,0,0,0
891.652,0.9631,0,0,0,0
891.683,0.9631,0,0,0,0
891.719,0.9631,0,0,0,0
891.752,0.9631,0,0,0,0
891.783,0.9631,0,0,0,0
891.816,0.9631,0,0,0,0
891.853,0.9631,0,0,0,0
891.875,0.9631,0,0,0,0
891.911,0.9631,0,0,0,0
891.947,0.9631,0,0,0,0
891.991,0.9631,0,0,0,0
892.025,0.9631,0,0,0,0
892.057,0.9631,0,0,0,0
892.094,0.9631,0,0,0,0
892.134,0.9631,0,0,0,0
892.163,0.9631,0,0,0,0
892.191,0.9631,0,0,0,0
892.229,0.9631,0,0,0,0
892.272,0.9631,0,0,0,0
892.311,0.9631,0,0,0,0
892.375,0.9631,0,0,0,0
892.399,0.9631,0,0,0,0
892.440,0.9631,0,0,0,0
892.471,0.9631,0,0,0,0
892.504,0.9631,0,0,0,0
892.543,0.9631,0,0,0,0
892.575,0.9631,0,0,0,0
892.599,0.9631,0,0,0,0
892.682,0.9631,0,0,0,0
892.709,0.9631,0,0,0,0
892.729,0.9631,0,0,0,0
892.756,0.9631,0,0,0,0
892.788,0.9631,0,0,0,0
892.820,0.9631,0,0,0,0
892.855,0.9631,0,0,0,0
892.890,0.9631,0,0,0,0
892.923,0.9631,0,0,0,0
892.954,0.9631,0,0,0,0
892.989,0.9631,0,0,0,0
893.022,0.9631,0,0,0,0
893.053,0.9631,0,0,0,0
893.089,0.9631,0,0,0,0
893.126,0.9631,0,0,0,0
893.153,0.9631,0,0,0,0
893.185,0.9631,0,0,0,0
893.221,0.9631,0,0,0,0
893.255,0.9631,0,0,0,0
893.287,0.9631,0,0,0,0
893.320,0.9631,0,0,0,0
893.353,0.9631,0,0,0,0
893.386,0.9631,0,0,0,0
893.421,0.9631,0,0,0,0
893.456,0.9631,0,0,0,0
893.491,0.9631,0,0,0,0
893.520,0.9631,0,0,0,0
893.557,0.9631,0,0,0,0
893.589,0.9631,0,0,0,0
893.624,0.9631,0,0,0,0
893.656,0.9631,0,0,0,0
893.687,0.9631,0,0,0,0
893.720,0.9631,0,0,0,0
893.757,0.9631,0,0,0,0
893.790,0.9631,0,0,0,0
893.823,0.9631,0,0,0,0
893.852,0.9631,0,0,0,0
893.885,0.9631,0,0,0,0
893.923,0.9631,0,0,0,0
893.955,0.9631,0,0,0,0
893.988,0.9631,0,0,0,0
894.020,0.9631,0,0,0,0
894.058,0.9631,0,0,0,0
894.086,0.9631,0,0,0,0
894.123,0.9631,0,0,0,0
894.157,0.9631,0,0,0,0
894.188,0.9631,0,0,0,0
894.223,0.9631,0,0,0,0
894.254,0.9631,0,0,0,0
894.289,0.9631,0,0,0,0
894.320,0.9631,0,0,0,0
894.357,0.9631,0,0,0,0
894.389,0.9631,0,0,0,0
894.421,0.9631,0,0,0,0
894.453,0.9631,0,0,0,0
894.490,0.9631,0,0,0,0
894.522,0.9631,0,0,0,0
894.557,0.9631,0,0,0,0
894.586,0.9631,0,0,0,0
894.623,0.9631,0,0,0,0
894.655,0.9631,0,0,0,0
894.688,0.9631,0,0,0,0
894.719,0.9631,0,0,0,0
894.756,0.9631,0,0,0,0
894.789,0.9631,0,0,0,0
894.822,0.9631,0,0,0,0
894.856,0.9631,0,0,0,0
894.888,0.9631,0,0,0,0
894.920,0.9631,0,0,0,0
894.954,0.9631,0,0,0,0
894.987,0.9631,0,0,0,0
895.022,0.9631,0,0,0,0
895.054,0.9631,0,0,0,0
895.088,0.9631,0,0,0,0
895.118,0.9631,0,0,0,0
895.155,0.9631,0,0,0,0
895.186,0.9631,0,0,0,0
895.221,0.9631,0,0,0,0
895.254,0.9631,0,0,0,0
895.287,0.9631,0,0,0,0
895.322,0.9631,0,0,0,0
895.352,0.9631,0,0,0,0
895.388,0.9631,0,0,0,0
895.420,0.9631,0,0,0,0
895.454,0.9631,0,0,0,0
895.488,0.9631,0,0,0,0
895.521,0.9631,0,0,0,0
895.556,0.9631,0,0,0,0
895.588,0.9631,0,0,0,0
895.623,0.9631,0,0,0,0
895.656,0.9631,0,0,0,0
895.691,0.9631,0,0,0,0
895.721,0.9631,0,0,0,0
895.753,0.9631,0,0,0,0
895.786,0.9631,0,0,0,0
895.821,0.9631,0,0,0,0
895.854,0.9631,0,0,0,0
895.891,0.9631,0,0,0,0
895.923,0.9631,0,0,0,0
895.957,0.9631,0,0,0,0
895.988,0.9631,0,0,0,0
896.023,0.9631,0,0,0,0
896.054,0.9631,0,0,0,0
896.086,0.9631,0,0,0,0
896.120,0.9631,0,0,0,0
896.153,0.9631,0,0,0,0
896.187,0.9631,0,0,0,0
896.221,0.9631,0,0,0,0
896.254,0.9631,0,0,0,0
896.290,0.9631,0,0,0,0
896.323,0.9631,0,0,0,0
896.356,0.9631,0,0,0,0
896.384,0.9631,0,0,0,0
896.422,0.9631,0,0,0,0
896.454,0.9631,0,0,0,0
896.490,0.9631,0,0,0,0
896.521,0.9631,0,0,0,0
896.553,0.9631,0,0,0,0
896.588,0.9631,0,0,0,0
896.622,0.9631,0,0,0,0
896.656,0.9631,0,0,0,0
896.688,0.9631,0,0,0,0
896.719,0.9631,0,0,0,0
896.754,0.9631,0,0,0,0
896.791,0.9631,0,0,0,0
896.825,0.9631,0,0,0,0
896.857,0.9631,0,0,0,0
896.888,0.9631,0,0,0,0
896.922,0.9631,0,0,0,0
896.956,0.9631,0,0,0,0
896.988,0.9631,0,0,0,0
897.022,0.9631,0,0,0,0
897.054,0.9631,0,0,0,0
897.088,0.9631,0,0,0,0
897.120,0.9631,0,0,0,0
897.153,0.9631,0,0,0,0
897.188,0.9631,0,0,0,0
897.224,0.9631,0,0,0,0
897.254,0.9631,0,0,0,0
897.288,0.9631,0,0,0,0
897.322,0.9631,0,0,0,0
897.356,0.9631,0,0,0,0
897.388,0.9631,0,0,0,0
897.419,0.9631,0,0,0,0
897.454,0.9631,0,0,0,0
897.488,0.9631,0,0,0,0
897.523,0.9631,0,0,0,0
897.556,0.9631,0,0,0,0
897.591,0.9631,0,0,0,0
897.622,0.9631,0,0,0,0
897.654,0.9631,0,0,0,0
897.687,0.9631,0,0,0,0
897.721,0.9631,0,0,0,0
897.758,0.9631,0,0,0,0
897.791,0.9631,0,0,0,0
897.823,0.9631,0,0,0,0
897.854,0.9631,0,0,0,0
897.890,0.9631,0,0,0,0
897.921,0.9631,0,0,0,0
897.958,0.9631,0,0,0,0
897.986,0.9631,0,0,0,0
898.023,0.9631,0,0,0,0
898.055,0.9631,0,0,0,0
898.088,0.9631,0,0,0,0
898.120,0.9631,0,0,0,0
898.156,0.9631,0,0,0,0
898.190,0.9631,0,0,0,0
898.220,0.9631,0,0,0,0
898.253,0.9631,0,0,0,0
898.290,0.9631,0,0,0,0
898.320,0.9631,0,0,0,0
898.357,0.9631,0,0,0,0
898.391,0.9631,0,0,0,0
898.424,0.9631,0,0,0,0
898.456,0.9631,0,0,0,0
898.487,0.9631,0,0,0,0
898.523,0.9631,0,0,0,0
898.555,0.9631,0,0,0,0
898.589,0.9631,0,0,0,0
898.625,0.9631,0,0,0,0
898.655,0.9631,0,0,0,0
898.690,0.9631,0,0,0,0
898.723,0.9631,0,0,0,0
898.756,0.9631,0,0,0,0
898.790,0.9631,0,0,0,0
898.820,0.9631,0,0,0,0
898.855,0.9631,0,0,0,0
898.890,0.9631,0,0,0,0
898.920,0.9631,0,0,0,0
898.956,0.9631,0,0,0,0
898.988,0.9631,0,0,0,0
899.021,0.9631,0,0,0,0
899.055,0.9631,0,0,0,0
899.087,0.9631,0,0,0,0
899.122,0.9631,0,0,0,0
899.156,0.9631,0,0,0,0
899.192,0.9631,0,0,0,0
899.220,0.9631,0,0,0,0
899.256,0.9631,0,0,0,0
899.289,0.9631,0,0,0,0
899.321,0.9631,0,0,0,0
899.356,0.9631,0,0,0,0
899.392,0.9631,0,0,0,0
899.422,0.9631,0,0,0,0
899.453,0.9631,0,0,0,0
899.489,0.9631,0,0,0,0
899.522,0.9631,0,0,0,0
899.554,0.9631,0,0,0,0
899.588,0.9631,0,0,0,0
899.622,0.9631,0,0,0,0
899.656,0.9631,0,0,0,0
899.690,0.9631,0,0,0,0
899.723,0.9631,0,0,0,0
899.754,0.9631,0,0,0,0
899.789,0.9631,0,0,0,0
899.822,0.9631,0,0,0,0
899.856,0.9631,0,0,0,0
899.887,0.9631,0,0,0,0
899.923,0.9631,0,0,0,0
899.955,0.9631,0,0,0,0
899.987,0.9631,0,0,0,0
900.023,0.9631,0,0,0,0
900.055,0.9631,0,0,0,0
900.087,0.9631,0,0,0,0
900.121,0.9631,0,0,0,0
900.153,0.9631,0,0,0,0
900.189,0.9631,0,0,0,0
900.224,0.9631,0,0,0,0
900.255,0.9631,0,0,0,0
900.288,0.9631,0,0,0,0
900.322,0.9631,0,0,0,0
900.353,0.9631,0,0,0,0
900.387,0.9631,0,0,0,0
900.423,0.9631,0,0,0,0
900.453,0.9631,0,0,0,0
900.489,0.9631,0,0,0,0
900.522,0.9631,0,0,0,0
900.556,0.9631,0,0,0,0
900.589,0.9631,0,0,0,0
900.623,0.9631,0,0,0,0
900.654,0.9631,0,0,0,0
900.687,0.9631,0,0,0,0
900.723,0.9631,0,0,0,0
900.755,0.9631,0,0,0,0
900.790,0.9631,0,0,0,0
900.823,0.9631,0,0,0,0
900.855,0.9631,0,0,0,0
900.886,0.9631,0,0,0,0
900.919,0.9631,0,0,0,0
900.957,0.9631,0,0,0,0
900.990,0.9631,0,0,0,0
901.021,0.9631,0,0,0,0
901.053,0.9631,0,0,0,0
901.088,0.9631,0,0,0,0
901.120,0.9631,0,0,0,0
901.156,0.9631,0,0,0,0
901.187,0.9631,0,0,0,0
901.219,0.9631,0,0,0,0
901.254,0.9631,0,0,0,0
901.287,0.9631,0,0,0,0
901.321,0.9631,0,0,0,0
901.353,0.9631,0,0,0,0
901.395,0.9631,0,0,0,0
901.422,0.9631,0,0,0,0
901.455,0.9631,0,0,0,0
901.486,0.9631,0,0,0,0
901.522,0.9631,0,0,0,0
901.553,0.9631,0,0,0,0
901.587,0.9631,0,0,0,0
901.622,0.9631,0,0,0,0
901.655,0.9631,0,0,0,0
901.688,0.9631,0,0,0,0
901.720,0.9631,0,0,0,0
901.753,0.9631,0,0,0,0
901.788,0.9631,0,0,0,0
901.824,0.9631,0,0,0,0
901.854,0.9631,0,0,0,0
901.888,0.9631,0,0,0,0
901.920,0.9631,0,0,0,0
901.958,0.9631,0,0,0,0
901.991,0.9631,0,0,0,0
902.019,0.9631,0,0,0,0
902.054,0.9631,0,0,0,0
902.086,0.9631,0,0,0,0
902.120,0.9631,0,0,0,0
902.153,0.9631,0,0,0,0
902.186,0.9631,0,0,0,0
902.224,0.9631,0,0,0,0
902.254,0.9631,0,0,0,0
902.290,0.9631,0,0,0,0
902.321,0.9631,0,0,0,0
902.353,0.9631,0,0,0,0
902.390,0.9631,0,0,0,0
902.421,0.9631,0,0,0,0
902.456,0.9631,0,0,0,0
902.487,0.9631,0,0,0,0
902.521,0.9631,0,0,0,0
902.553,0.9631,0,0,0,0
902.588,0.9631,0,0,0,0
902.619,0.9631,0,0,0,0
902.653,0.9631,0,0,0,0
902.687,0.9631,0,0,0,0
902.723,0.9631,0,0,0,0
902.755,0.9631,0,0,0,0
902.788,0.9631,0,0,0,0
902.822,0.9631,0,0,0,0
902.855,0.9631,0,0,0,0
902.889,0.9631,0,0,0,0
902.921,0.9631,0,0,0,0
902.954,0.9631,0,0,0,0
902.990,0.9631,0,0,0,0
903.019,0.9631,0,0,0,0
903.054,0.9631,0,0,0,0
903.087,0.9631,0,0,0,0
903.123,0.9631,0,0,0,0
903.157,0.9631,0,0,0,0
903.187,0.9631,0,0,0,0
903.221,0.9631,0,0,0,0
903.254,0.9631,0,0,0,0
903.287,0.9631,0,0,0,0
903.320,0.9631,0,0,0,0
903.355,0.9631,0,0,0,0
903.388,0.9631,0,0,0,0
903.419,0.9631,0,0,0,0
903.454,0.9631,0,0,0,0
903.489,0.9631,0,0,0,0
903.521,0.9631,0,0,0,0
903.554,0.9631,0,0,0,0
903.588,0.9631,0,0,0,0
903.619,0.9631,0,0,0,0
903.655,0.9631,0,0,0,0
903.690,0.9631,0,0,0,0
903.721,0.9631,0,0,0,0
903.755,0.9631,0,0,0,0
903.789,0.9631,0,0,0,0
903.823,0.9631,0,0,0,0
903.856,0.9631,0,0,0,0
903.887,0.9631,0,0,0,0
903.916,0.9631,0,0,0,0
903.953,0.9631,0,0,0,0
903.989,0.9631,0,0,0,0
904.022,0.9631,0,0,0,0
904.054,0.9631,0,0,0,0
904.086,0.9631,0,0,0,0
904.122,0.9631,0,0,0,0
904.155,0.9631,0,0,0,0
904.187,0.9631,0,0,0,0
904.220,0.9631,0,0,0,0
904.253,0.9631,0,0,0,0
904.287,0.9631,0,0,0,0
904.320,0.9631,0,0,0,0
904.353,0.9631,0,0,0,0
904.387,0.9631,0,0,0,0
904.422,0.9631,0,0,0,0
904.456,0.9631,0,0,0,0
904.490,0.9631,0,0,0,0
904.520,0.9631,0,0,0,0
904.556,0.9631,0,0,0,0
904.587,0.9631,0,0,0,0
904.621,0.9631,0,0,0,0
904.653,0.9631,0,0,0,0
904.688,0.9631,0,0,0,0
904.721,0.9631,0,0,0,0
904.753,0.9631,0,0,0,0
904.788,0.9631,0,0,0,0
904.822,0.9631,0,0,0,0
904.853,0.9631,0,0,0,0
904.887,0.9631,0,0,0,0
904.922,0.9631,0,0,0,0
904.955,0.9631,0,0,0,0
904.991,0.9631,0,0,0,0
905.019,0.9631,0,0,0,0
905.057,0.9631,0,0,0,0
905.089,0.9631,0,0,0,0
905.121,0.9631,0,0,0,0
905.156,0.9631,0,0,0,0
905.188,0.9631,0,0,0,0
905.221,0.9631,0,0,0,0
905.256,0.9631,0,0,0,0
905.290,0.9631,0,0,0,0
905.322,0.9631,0,0,0,0
905.358,0.9631,0,0,0,0
905.390,0.9631,0,0,0,0
905.420,0.9631,0,0,0,0
905.453,0.9631,0,0,0,0
905.487,0.9631,0,0,0,0
905.521,0.9631,0,0,0,0
905.556,0.9631,0,0,0,0
905.589,0.9631,0,0,0,0
905.624,0.9631,0,0,0,0
905.657,0.9631,0,0,0,0
905.686,0.9631,0,0,0,0
905.721,0.9631,0,0,0,0
905.758,0.9631,0,0,0,0
905.787,0.9631,0,0,0,0
905.820,0.9631,0,0,0,0
905.853,0.9631,0,0,0,0
905.890,0.9631,0,0,0,0
905.920,0.9631,0,0,0,0
905.953,0.9631,0,0,0,0
905.989,0.9631,0,0,0,0
906.023,0.9631,0,0,0,0
906.053,0.9631,0,0,0,0
906.086,0.9631,0,0,0,0
906.120,0.9631,0,0,0,0
906.153,0.9631,0,0,0,0
906.189,0.9631,0,0,0,0
906.220,0.9631,0,0,0,0
906.256,0.9631,0,0,0,0
906.289,0.9631,0,0,0,0
906.324,0.9631,0,0,0,0
906.357,0.9631,0,0,0,0
906.386,0.9631,0,0,0,0
906.423,0.9631,0,0,0,0
906.455,0.9631,0,0,0,0
906.487,0.9631,0,0,0,0
906.523,0.9631,0,0,0,0
906.556,0.9631,0,0,0,0
906.587,0.9631,0,0,0,0
906.622,0.9631,0,0,0,0
906.654,0.9631,0,0,0,0
906.686,0.9631,0,0,0,0
906.721,0.9631,0,0,0,0
906.757,0.9631,0,0,0,0
906.787,0.9631,0,0,0,0
906.820,0.9631,0,0,0,0
906.857,0.9631,0,0,0,0
906.889,0.9631,0,0,0,0
906.921,0.9631,0,0,0,0
906.956,0.9631,0,0,0,0
906.989,0.9631,0,0,0,0
907.022,0.9631,0,0,0,0
907.053,0.9631,0,0,0,0
907.088,0.9631,0,0,0,0
907.123,0.9631,0,0,0,0
907.156,0.9631,0,0,0,0
907.188,0.9631,0,0,0,0
907.220,0.9631,0,0,0,0
907.255,0.9631,0,0,0,0
907.286,0.9631,0,0,0,0
907.322,0.9631,0,0,0,0
907.356,0.9631,0,0,0,0
907.387,0.9631,0,0,0,0
907.420,0.9631,0,0,0,0
907.454,0.9631,0,0,0,0
907.487,0.9631,0,0,0,0
907.521,0.9631,0,0,0,0
907.557,0.9631,0,0,0,0
907.587,0.9631,0,0,0,0
907.620,0.9631,0,0,0,0
907.657,0.9631,0,0,0,0
907.688,0.9631,0,0,0,0
907.719,0.9631,0,0,0,0
907.760,0.9631,0,0,0,0
907.786,0.9631,0,0,0,0
907.821,0.9631,0,0,0,0
907.858,0.9631,0,0,0,0
907.890,0.9631,0,0,0,0
907.922,0.9631,0,0,0,0
907.955,0.9631,0,0,0,0
907.989,0.9631,0,0,0,0
908.020,0.9631,0,0,0,0
908.057,0.9631,0,0,0,0
908.087,0.9631,0,0,0,0
908.124,0.9631,0,0,0,0
908.155,0.9631,0,0,0,0
908.188,0.9631,0,0,0,0
908.220,0.9631,0,0,0,0
908.256,0.9631,0,0,0,0
908.287,0.9631,0,0,0,0
908.320,0.9631,0,0,0,0
908.356,0.9631,0,0,0,0
908.387,0.9631,0,0,0,0
908.424,0.9631,0,0,0,0
908.453,0.9631,0,0,0,0
908.489,0.9631,0,0,0,0
908.521,0.9631,0,0,0,0
908.554,0.9631,0,0,0,0
908.591,0.9631,0,0,0,0
908.624,0.9631,0,0,0,0
908.653,0.9631,0,0,0,0
908.689,0.9631,0,0,0,0
908.721,0.9631,0,0,0,0
908.753,0.9631,0,0,0,0
908.791,0.9631,0,0,0,0
908.823,0.9631,0,0,0,0
908.855,0.9631,0,0,0,0
908.887,0.9631,0,0,0,0
908.919,0.9631,0,0,0,0
908.953,0.9631,0,0,0,0
908.986,0.9631,0,0,0,0
909.021,0.9631,0,0,0,0
909.055,0.9631,0,0,0,0
909.087,0.9631,0,0,0,0
909.124,0.9631,0,0,0,0
909.154,0.9631,0,0,0,0
909.190,0.9631,0,0,0,0
909.223,0.9631,0,0,0,0
909.257,0.9631,0,0,0,0
909.288,0.9631,0,0,0,0
909.322,0.9631,0,0,0,0
909.352,0.9631,0,0,0,0
909.387,0.9631,0,0,0,0
909.419,0.9631,0,0,0,0
909.456,0.9631,0,0,0,0
909.488,0.9631,0,0,0,0
909.522,0.9631,0,0,0,0
909.557,0.9631,0,0,0,0
909.588,0.9631,0,0,0,0
909.622,0.9631,0,0,0,0
909.656,0.9631,0,0,0,0
909.689,0.9631,0,0,0,0
909.724,0.9631,0,0,0,0
909.755,0.9631,0,0,0,0
909.788,0.9631,0,0,0,0
909.823,0.9631,0,0,0,0
909.854,0.9631,0,0,0,0
909.886,0.9631,0,0,0,0
909.919,0.9631,0,0,0,0
909.955,0.9631,0,0,0,0
909.989,0.9631,0,0,0,0
910.021,0.9631,0,0,0,0
910.055,0.9631,0,0,0,0
910.087,0.9631,0,0,0,0
910.122,0.9631,0,0,0,0
910.155,0.9631,0,0,0,0
910.186,0.9631,0,0,0,0
910.220,0.9631,0,0,0,0
910.253,0.9631,0,0,0,0
910.286,0.9631,0,0,0,0
910.323,0.9631,0,0,0,0
910.347,0.9631,0,0,0,0
910.390,0.9631,0,0,0,0
910.421,0.9631,0,0,0,0
910.454,0.9631,0,0,0,0
910.487,0.9631,0,0,0,0
910.523,0.9631,0,0,0,0
910.554,0.9631,0,0,0,0
910.587,0.9631,0,0,0,0
910.621,0.9631,0,0,0,0
910.653,0.9631,0,0,0,0
910.687,0.9631,0,0,0,0
910.719,0.9631,0,0,0,0
910.757,0.9631,0,0,0,0
910.786,0.9631,0,0,0,0
910.823,0.9631,0,0,0,0
910.854,0.9631,0,0,0,0
910.889,0.9631,0,0,0,0
910.923,0.9631,0,0,0,0
910.955,0.9631,0,0,0,0
910.992,0.9631,0,0,0,0
911.021,0.9631,0,0,0,0
911.054,0.9631,0,0,0,0
911.089,0.9631,0,0,0,0
911.119,0.9631,0,0,0,0
911.156,0.9631,0,0,0,0
911.188,0.9631,0,0,0,0
911.221,0.9631,0,0,0,0
911.254,0.9631,0,0,0,0
911.290,0.9631,0,0,0,0
911.319,0.9631,0,0,0,0
911.357,0.9631,0,0,0,0
911.387,0.9631,0,0,0,0
911.422,0.9631,0,0,0,0
911.458,0.9631,0,0,0,0
911.490,0.9631,0,0,0,0
911.520,0.9631,0,0,0,0
911.556,0.9631,0,0,0,0
911.589,0.9631,0,0,0,0
911.621,0.9631,0,0,0,0
911.656,0.9631,0,0,0,0
911.690,0.9631,0,0,0,0
911.720,0.9631,0,0,0,0
911.754,0.9631,0,0,0,0
911.788,0.9631,0,0,0,0
911.821,0.9631,0,0,0,0
911.854,0.9631,0,0,0,0
911.887,0.9631,0,0,0,0
911.921,0.9631,0,0,0,0
911.955,0.9631,0,0,0,0
911.988,0.9631,0,0,0,0
912.021,0.9631,0,0,0,0
912.053,0.9631,0,0,0,0
912.086,0.9631,0,0,0,0
912.122,0.9631,0,0,0,0
912.156,0.9631,0,0,0,0
912.191,0.9631,0,0,0,0
912.222,0.9631,0,0,0,0
912.252,0.9631,0,0,0,0
912.286,0.9631,0,0,0,0
912.320,0.9631,0,0,0,0
912.357,0.9631,0,0,0,0
912.387,0.9631,0,0,0,0
912.422,0.9631,0,0,0,0
912.456,0.9631,0,0,0,0
912.487,0.9631,0,0,0,0
912.524,0.9631,0,0,0,0
912.553,0.9631,0,0,0,0
912.586,0.9631,0,0,0,0
912.622,0.9631,0,0,0,0
912.655,0.9631,0,0,0,0
912.689,0.9631,0,0,0,0
912.719,0.9631,0,0,0,0
912.756,0.9631,0,0,0,0
912.788,0.9631,0,0,0,0
912.821,0.9631,0,0,0,0
912.854,0.9631,0,0,0,0
912.887,0.9631,0,0,0,0
912.923,0.9631,0,0,0,0
912.953,0.9631,0,0,0,0
912.992,0.9631,0,0,0,0
913.024,0.9631,0,0,0,0
913.054,0.9631,0,0,0,0
913.088,0.9631,0,0,0,0
913.121,0.9631,0,0,0,0
913.154,0.9631,0,0,0,0
913.187,0.9631,0,0,0,0
913.224,0.9631,0,0,0,0
913.257,0.9631,0,0,0,0
913.287,0.9631,0,0,0,0
913.324,0.9631,0,0,0,0
913.356,0.9631,0,0,0,0
913.389,0.9631,0,0,0,0
913.420,0.9631,0,0,0,0
913.457,0.9631,0,0,0,0
913.494,0.9631,0,0,0,0
913.520,0.9631,0,0,0,0
913.554,0.9631,0,0,0,0
913.586,0.9631,0,0,0,0
913.620,0.9631,0,0,0,0
913.654,0.9631,0,0,0,0
913.688,0.9631,0,0,0,0
913.721,0.9631,0,0,0,0
913.754,0.9631,0,0,0,0
913.789,0.9631,0,0,0,0
913.821,0.9631,0,0,0,0
913.854,0.9631,0,0,0,0
913.886,0.9631,0,0,0,0
913.922,0.9631,0,0,0,0
913.957,0.9631,0,0,0,0
913.989,0.9631,0,0,0,0
914.022,0.9631,0,0,0,0
914.058,0.9631,0,0,0,0
914.088,0.9631,0,0,0,0
914.124,0.9631,0,0,0,0
914.153,0.9631,0,0,0,0
914.188,0.9631,0,0,0,0
914.220,0.9631,0,0,0,0
914.257,0.9631,0,0,0,0
914.289,0.9631,0,0,0,0
914.323,0.9631,0,0,0,0
914.349,0.9631,0,0,0,0
914.386,0.9631,0,0,0,0
914.423,0.9631,0,0,0,0
914.456,0.9631,0,0,0,0
914.489,0.9631,0,0,0,0
914.521,0.9631,0,0,0,0
914.553,0.9631,0,0,0,0
914.591,0.9631,0,0,0,0
914.620,0.9631,0,0,0,0
914.657,0.9631,0,0,0,0
914.690,0.9631,0,0,0,0
914.723,0.9631,0,0,0,0
914.756,0.9631,0,0,0,0
914.789,0.9631,0,0,0,0
914.822,0.9631,0,0,0,0
914.857,0.9631,0,0,0,0
914.888,0.9631,0,0,0,0
914.925,0.9631,0,0,0,0
914.955,0.9631,0,0,0,0
914.990,0.9631,0,0,0,0
915.022,0.9631,0,0,0,0
915.056,0.9631,0,0,0,0
915.086,0.9631,0,0,0,0
915.120,0.9631,0,0,0,0
915.156,0.9631,0,0,0,0
915.186,0.9631,0,0,0,0
915.221,0.9631,0,0,0,0
915.252,0.9631,0,0,0,0
915.286,0.9631,0,0,0,0
915.319,0.9631,0,0,0,0
915.352,0.9631,0,0,0,0
915.390,0.9631,0,0,0,0
915.419,0.9631,0,0,0,0
915.454,0.9631,0,0,0,0
915.489,0.9631,0,0,0,0
915.522,0.9631,0,0,0,0
915.556,0.9631,0,0,0,0
915.589,0.9631,0,0,0,0
915.623,0.9631,0,0,0,0
915.654,0.9631,0,0,0,0
915.687,0.9631,0,0,0,0
915.726,0.9631,0,0,0,0
915.754,0.9631,0,0,0,0
915.789,0.9631,0,0,0,0
915.822,0.9631,0,0,0,0
915.852,0.9631,0,0,0,0
915.887,0.9631,0,0,0,0
915.919,0.9631,0,0,0,0
915.956,0.9631,0,0,0,0
915.991,0.9631,0,0,0,0
916.020,0.9631,0,0,0,0
916.053,0.9631,0,0,0,0
916.088,0.9631,0,0,0,0
916.119,0.9631,0,0,0,0
916.155,0.9631,0,0,0,0
916.190,0.9631,0,0,0,0
916.221,0.9631,0,0,0,0
916.253,0.9631,0,0,0,0
916.291,0.9631,0,0,0,0
916.320,0.9631,0,0,0,0
916.354,0.9631,0,0,0,0
916.389,0.9631,0,0,0,0
916.423,0.9631,0,0,0,0
916.453,0.9631,0,0,0,0
916.487,0.9631,0,0,0,0
916.519,0.9631,0,0,0,0
916.555,0.9631,0,0,0,0
916.588,0.9631,0,0,0,0
916.624,0.9631,0,0,0,0
916.657,0.9631,0,0,0,0
916.688,0.9631,0,0,0,0
916.724,0.9631,0,0,0,0
916.756,0.9631,0,0,0,0
916.789,0.9631,0,0,0,0
916.821,0.9631,0,0,0,0
916.858,0.9631,0,0,0,0
916.886,0.9631,0,0,0,0
916.920,0.9631,0,0,0,0
916.953,0.9631,0,0,0,0
916.989,0.9631,0,0,0,0
917.021,0.9631,0,0,0,0
917.053,0.9631,0,0,0,0
917.086,0.9631,0,0,0,0
917.120,0.9631,0,0,0,0
917.156,0.9631,0,0,0,0
917.189,0.9631,0,0,0,0
917.221,0.9631,0,0,0,0
917.255,0.9631,0,0,0,0
917.289,0.9631,0,0,0,0
917.322,0.9631,0,0,0,0
917.357,0.9631,0,0,0,0
917.389,0.9631,0,0,0,0
917.421,0.9631,0,0,0,0
917.456,0.9631,0,0,0,0
917.487,0.9631,0,0,0,0
917.520,0.9631,0,0,0,0
917.555,0.9631,0,0,0,0
917.587,0.9631,0,0,0,0
917.623,0.9631,0,0,0,0
917.657,0.9631,0,0,0,0
917.686,0.9631,0,0,0,0
917.720,0.9631,0,0,0,0
917.754,0.9631,0,0,0,0
917.789,0.9631,0,0,0,0
917.822,0.9631,0,0,0,0
917.855,0.9631,0,0,0,0
917.891,0.9631,0,0,0,0
917.924,0.9631,0,0,0,0
917.961,0.9631,0,0,0,0
917.986,0.9631,0,0,0,0
918.030,0.9631,0,0,0,0
918.049,0.9631,0,0,0,0
918.089,0.9631,0,0,0,0
918.121,0.9631,0,0,0,0
918.156,0.9631,0,0,0,0
918.188,0.9631,0,0,0,0
918.221,0.9631,0,0,0,0
918.254,0.9631,0,0,0,0
918.287,0.9631,0,0,0,0
918.319,0.9631,0,0,0,0
918.351,0.9631,0,0,0,0
918.389,0.9631,0,0,0,0
918.423,0.9631,0,0,0,0
918.454,0.9631,0,0,0,0
918.489,0.9631,0,0,0,0
918.523,0.9631,0,0,0,0
918.557,0.9631,0,0,0,0
918.587,0.9631,0,0,0,0
918.624,0.9631,0,0,0,0
918.655,0.9631,0,0,0,0
918.686,0.9631,0,0,0,0
918.720,0.9631,0,0,0,0
918.755,0.9631,0,0,0,0
918.789,0.9631,0,0,0,0
918.819,0.9631,0,0,0,0
918.859,0.9631,0,0,0,0
918.886,0.9631,0,0,0,0
918.920,0.9631,0,0,0,0
918.958,0.9631,0,0,0,0
918.989,0.9631,0,0,0,0
919.022,0.9631,0,0,0,0
919.057,0.9631,0,0,0,0
919.087,0.9631,0,0,0,0
919.120,0.9631,0,0,0,0
919.155,0.9631,0,0,0,0
919.187,0.9631,0,0,0,0
919.222,0.9631,0,0,0,0
919.256,0.9631,0,0,0,0
919.286,0.9631,0,0,0,0
919.321,0.9631,0,0,0,0
919.354,0.9631,0,0,0,0
919.387,0.9631,0,0,0,0
919.423,0.9631,0,0,0,0
919.456,0.9631,0,0,0,0
919.487,0.9631,0,0,0,0
919.527,0.9631,0,0,0,0
919.553,0.9631,0,0,0,0
919.591,0.9631,0,0,0,0
919.622,0.9631,0,0,0,0
919.656,0.9631,0,0,0,0
919.688,0.9631,0,0,0,0
919.722,0.9631,0,0,0,0
919.756,0.9631,0,0,0,0
919.788,0.9631,0,0,0,0
919.820,0.9631,0,0,0,0
919.856,0.9631,0,0,0,0
919.886,0.9631,0,0,0,0
919.922,0.9631,0,0,0,0
919.957,0.9631,0,0,0,0
919.989,0.9631,0,0,0,0
920.020,0.9631,0,0,0,0
920.054,0.9631,0,0,0,0
920.091,0.9631,0,0,0,0
920.121,0.9631,0,0,0,0
920.156,0.9631,0,0,0,0
920.187,0.9631,0,0,0,0
920.221,0.9631,0,0,0,0
920.256,0.9631,0,0,0,0
920.289,0.9631,0,0,0,0
920.323,0.9631,0,0,0,0
920.354,0.9631,0,0,0,0
920.389,0.9631,0,0,0,0
920.422,0.9631,0,0,0,0
920.457,0.9631,0,0,0,0
920.487,0.9631,0,0,0,0
920.523,0.9631,0,0,0,0
920.556,0.9631,0,0,0,0
920.587,0.9631,0,0,0,0
920.621,0.9631,0,0,0,0
920.656,0.9631,0,0,0,0
920.688,0.9631,0,0,0,0
920.719,0.9631,0,0,0,0
920.751,0.9631,0,0,0,0
920.790,0.9631,0,0,0,0
920.819,0.9631,0,0,0,0
920.854,0.9631,0,0,0,0
920.888,0.9631,0,0,0,0
920.920,0.9631,0,0,0,0
920.954,0.9631,0,0,0,0
920.986,0.9631,0,0,0,0
921.019,0.9631,0,0,0,0
921.053,0.9631,0,0,0,0
921.089,0.9631,0,0,0,0
921.120,0.9631,0,0,0,0
921.156,0.9631,0,0,0,0
921.188,0.9631,0,0,0,0
921.221,0.9631,0,0,0,0
921.255,0.9631,0,0,0,0
921.290,0.9631,0,0,0,0
921.321,0.9631,0,0,0,0
921.358,0.9631,0,0,0,0
921.386,0.9631,0,0,0,0
921.423,0.9631,0,0,0,0
921.456,0.9631,0,0,0,0
921.487,0.9631,0,0,0,0
921.521,0.9631,0,0,0,0
921.554,0.9631,0,0,0,0
921.590,0.9631,0,0,0,0
921.624,0.9631,0,0,0,0
921.657,0.9631,0,0,0,0
921.689,0.9631,0,0,0,0
921.721,0.9631,0,0,0,0
921.754,0.9631,0,0,0,0
921.788,0.9631,0,0,0,0
921.821,0.9631,0,0,0,0
921.854,0.9631,0,0,0,0
921.887,0.9631,0,0,0,0
921.923,0.9631,0,0,0,0
921.950,0.9631,0,0,0,0
921.990,0.9631,0,0,0,0
922.020,0.9631,0,0,0,0
922.056,0.9631,0,0,0,0
922.086,0.9631,0,0,0,0
922.122,0.9631,0,0,0,0
922.155,0.9631,0,0,0,0
922.185,0.9631,0,0,0,0
922.221,0.9631,0,0,0,0
922.256,0.9631,0,0,0,0
922.291,0.9631,0,0,0,0
922.323,0.9631,0,0,0,0
922.358,0.9631,0,0,0,0
922.386,0.9631,0,0,0,0
922.422,0.9631,0,0,0,0
922.455,0.9631,0,0,0,0
922.488,0.9631,0,0,0,0
922.520,0.9631,0,0,0,0
922.555,0.9631,0,0,0,0
922.591,0.9631,0,0,0,0
922.623,0.9631,0,0,0,0
922.653,0.9631,0,0,0,0
922.687,0.9631,0,0,0,0
922.719,0.9631,0,0,0,0
922.754,0.9631,0,0,0,0
922.786,0.9631,0,0,0,0
922.821,0.9631,0,0,0,0
922.853,0.9631,0,0,0,0
922.887,0.9631,0,0,0,0
922.922,0.9631,0,0,0,0
922.957,0.9631,0,0,0,0
922.990,0.9631,0,0,0,0
923.021,0.9631,0,0,0,0
923.053,0.9631,0,0,0,0
923.088,0.9631,0,0,0,0
923.120,0.9631,0,0,0,0
923.156,0.9631,0,0,0,0
923.189,0.9631,0,0,0,0
923.220,0.9631,0,0,0,0
923.255,0.9631,0,0,0,0
923.287,0.9631,0,0,0,0
923.320,0.9631,0,0,0,0
923.357,0.9631,0,0,0,0
923.386,0.9631,0,0,0,0
923.423,0.9631,0,0,0,0
923.457,0.9631,0,0,0,0
923.488,0.9631,0,0,0,0
923.520,0.9631,0,0,0,0
923.554,0.9631,0,0,0,0
923.587,0.9631,0,0,0,0
923.622,0.9631,0,0,0,0
923.656,0.9631,0,0,0,0
923.690,0.9631,0,0,0,0
923.721,0.9631,0,0,0,0
923.754,0.9631,0,0,0,0
923.788,0.9631,0,0,0,0
923.824,0.9631,0,0,0,0
923.854,0.9631,0,0,0,0
923.893,0.9631,0,0,0,0
923.922,0.9631,0,0,0,0
923.953,0.9631,0,0,0,0
923.988,0.9631,0,0,0,0
924.021,0.9631,0,0,0,0
924.056,0.9631,0,0,0,0
924.087,0.9631,0,0,0,0
924.119,0.9631,0,0,0,0
924.155,0.9631,0,0,0,0
924.187,0.9631,0,0,0,0
924.219,0.9631,0,0,0,0
924.256,0.9631,0,0,0,0
924.289,0.9631,0,0,0,0
924.323,0.9631,0,0,0,0
924.354,0.9631,0,0,0,0
924.386,0.9631,0,0,0,0
924.422,0.9631,0,0,0,0
924.453,0.9631,0,0,0,0
924.487,0.9631,0,0,0,0
924.522,0.9631,0,0,0,0
924.553,0.9631,0,0,0,0
924.589,0.9631,0,0,0,0
924.623,0.9631,0,0,0,0
924.655,0.9631,0,0,0,0
924.686,0.9631,0,0,0,0
924.723,0.9631,0,0,0,0
924.753,0.9631,0,0,0,0
924.790,0.9631,0,0,0,0
924.823,0.9631,0,0,0,0
924.853,0.9631,0,0,0,0
924.890,0.9631,0,0,0,0
924.920,0.9631,0,0,0,0
924.954,0.9631,0,0,0,0
924.989,0.9631,0,0,0,0
925.023,0.9631,0,0,0,0
925.056,0.9631,0,0,0,0
925.087,0.9631,0,0,0,0
925.123,0.9631,0,0,0,0
925.154,0.9631,0,0,0,0
925.186,0.9631,0,0,0,0
925.222,0.9631,0,0,0,0
925.253,0.9631,0,0,0,0
925.288,0.9631,0,0,0,0
925.324,0.9631,0,0,0,0
925.357,0.9631,0,0,0,0
925.390,0.9631,0,0,0,0
925.420,0.9631,0,0,0,0
925.456,0.9631,0,0,0,0
925.492,0.9631,0,0,0,0
925.522,0.9631,0,0,0,0
925.556,0.9631,0,0,0,0
925.588,0.9631,0,0,0,0
925.620,0.9631,0,0,0,0
925.657,0.9631,0,0,0,0
925.689,0.9631,0,0,0,0
925.719,0.9631,0,0,0,0
925.755,0.9631,0,0,0,0
925.787,0.9631,0,0,0,0
925.820,0.9631,0,0,0,0
925.857,0.9631,0,0,0,0
925.890,0.9631,0,0,0,0
925.921,0.9631,0,0,0,0
925.956,0.9631,0,0,0,0
925.989,0.9631,0,0,0,0
926.024,0.9631,0,0,0,0
926.053,0.9631,0,0,0,0
926.088,0.9631,0,0,0,0
926.121,0.9631,0,0,0,0
926.153,0.9631,0,0,0,0
926.188,0.9631,0,0,0,0
926.219,0.9631,0,0,0,0
926.254,0.9631,0,0,0,0
926.286,0.9631,0,0,0,0
926.322,0.9631,0,0,0,0
926.355,0.9631,0,0,0,0
926.389,0.9631,0,0,0,0
926.419,0.9631,0,0,0,0
926.455,0.9631,0,0,0,0
926.489,0.9631,0,0,0,0
926.523,0.9631,0,0,0,0
926.553,0.9631,0,0,0,0
926.588,0.9631,0,0,0,0
926.621,0.9631,0,0,0,0
926.656,0.9631,0,0,0,0
926.689,0.9631,0,0,0,0
926.722,0.9631,0,0,0,0
926.755,0.9631,0,0,0,0
926.787,0.9631,0,0,0,0
926.824,0.9631,0,0,0,0
926.856,0.9631,0,0,0,0
926.889,0.9631,0,0,0,0
926.917,0.9631,0,0,0,0
926.952,0.9631,0,0,0,0
926.980,0.9631,0,0,0,0
927.023,0.9631,0,0,0,0
927.053,0.9631,0,0,0,0
927.089,0.9631,0,0,0,0
927.122,0.9631,0,0,0,0
927.156,0.9631,0,0,0,0
927.187,0.9631,0,0,0,0
927.224,0.9631,0,0,0,0
927.254,0.9631,0,0,0,0
927.289,0.9631,0,0,0,0
927.323,0.9631,0,0,0,0
927.354,0.9631,0,0,0,0
927.390,0.9631,0,0,0,0
927.423,0.9631,0,0,0,0
927.457,0.9631,0,0,0,0
927.490,0.9631,0,0,0,0
927.521,0.9631,0,0,0,0
927.557,0.9631,0,0,0,0
927.587,0.9631,0,0,0,0
927.624,0.9631,0,0,0,0
927.654,0.9631,0,0,0,0
927.686,0.9631,0,0,0,0
927.724,0.9631,0,0,0,0
927.754,0.9631,0,0,0,0
927.788,0.9631,0,0,0,0
927.822,0.9631,0,0,0,0
927.854,0.9631,0,0,0,0
927.890,0.9631,0,0,0,0
927.921,0.9631,0,0,0,0
927.954,0.9631,0,0,0,0
927.985,0.9631,0,0,0,0
928.019,0.9631,0,0,0,0
928.054,0.9631,0,0,0,0
928.090,0.9631,0,0,0,0
928.123,0.9631,0,0,0,0
928.157,0.9631,0,0,0,0
928.189,0.9631,0,0,0,0
928.225,0.9631,0,0,0,0
928.256,0.9631,0,0,0,0
928.286,0.9631,0,0,0,0
928.320,0.9631,0,0,0,0
928.353,0.9631,0,0,0,0
928.390,0.9631,0,0,0,0
928.422,0.9631,0,0,0,0
928.453,0.9631,0,0,0,0
928.491,0.9631,0,0,0,0
928.524,0.9631,0,0,0,0
928.556,0.9631,0,0,0,0
928.587,0.9631,0,0,0,0
928.620,0.9631,0,0,0,0
928.653,0.9631,0,0,0,0
928.690,0.9631,0,0,0,0
928.722,0.9631,0,0,0,0
928.756,0.9631,0,0,0,0
928.788,0.9631,0,0,0,0
928.825,0.9631,0,0,0,0
928.855,0.9631,0,0,0,0
928.889,0.9631,0,0,0,0
928.923,0.9631,0,0,0,0
928.953,0.9631,0,0,0,0
928.987,0.9631,0,0,0,0
929.023,0.9631,0,0,0,0
929.054,0.9631,0,0,0,0
929.089,0.9631,0,0,0,0
929.122,0.9631,0,0,0,0
929.153,0.9631,0,0,0,0
929.185,0.9631,0,0,0,0
929.221,0.9631,0,0,0,0
929.253,0.9631,0,0,0,0
929.287,0.9631,0,0,0,0
929.323,0.9631,0,0,0,0
929.354,0.9631,0,0,0,0
929.386,0.9631,0,0,0,0
929.422,0.9631,0,0,0,0
929.457,0.9631,0,0,0,0
929.489,0.9631,0,0,0,0
929.524,0.9631,0,0,0,0
929.551,0.9631,0,0,0,0
929.587,0.9631,0,0,0,0
929.622,0.9631,0,0,0,0
929.657,0.9631,0,0,0,0
929.689,0.9631,0,0,0,0
929.719,0.9631,0,0,0,0
929.755,0.9631,0,0,0,0
929.789,0.9631,0,0,0,0
929.822,0.9631,0,0,0,0
929.854,0.9631,0,0,0,0
929.887,0.9631,0,0,0,0
929.923,0.9631,0,0,0,0
929.956,0.9631,0,0,0,0
929.989,0.9631,0,0,0,0
930.021,0.9631,0,0,0,0
930.056,0.9631,0,0,0,0
930.089,0.9631,0,0,0,0
930.119,0.9631,0,0,0,0
930.155,0.9631,0,0,0,0
930.187,0.9631,0,0,0,0
930.221,0.9631,0,0,0,0
930.256,0.9631,0,0,0,0
930.290,0.9631,0,0,0,0
930.324,0.9631,0,0,0,0
930.352,0.9631,0,0,0,0
930.389,0.9631,0,0,0,0
930.420,0.9631,0,0,0,0
930.453,0.9631,0,0,0,0
930.491,0.9631,0,0,0,0
930.520,0.9631,0,0,0,0
930.555,0.9631,0,0,0,0
930.588,0.9631,0,0,0,0
930.620,0.9631,0,0,0,0
930.656,0.9631,0,0,0,0
930.687,0.9631,0,0,0,0
930.722,0.9631,0,0,0,0
930.757,0.9631,0,0,0,0
930.788,0.9631,0,0,0,0
930.823,0.9631,0,0,0,0
930.850,0.9631,0,0,0,0
930.888,0.9631,0,0,0,0
930.920,0.9631,0,0,0,0
930.954,0.9631,0,0,0,0
930.989,0.9631,0,0,0,0
931.022,0.9631,0,0,0,0
931.054,0.9631,0,0,0,0
931.088,0.9631,0,0,0,0
931.121,0.9631,0,0,0,0
931.156,0.9631,0,0,0,0
931.186,0.9631,0,0,0,0
931.221,0.9631,0,0,0,0
931.254,0.9631,0,0,0,0
931.288,0.9631,0,0,0,0
931.323,0.9631,0,0,0,0
931.355,0.9631,0,0,0,0
931.387,0.9631,0,0,0,0
931.421,0.9631,0,0,0,0
931.456,0.9631,0,0,0,0
931.489,0.9631,0,0,0,0
931.521,0.9631,0,0,0,0
931.554,0.9631,0,0,0,0
931.591,0.9631,0,0,0,0
931.623,0.9631,0,0,0,0
931.656,0.9631,0,0,0,0
931.689,0.9631,0,0,0,0
931.720,0.9631,0,0,0,0
931.754,0.9631,0,0,0,0
931.787,0.9631,0,0,0,0
931.819,0.9631,0,0,0,0
931.852,0.9631,0,0,0,0
931.889,0.9631,0,0,0,0
931.921,0.9631,0,0,0,0
931.955,0.9631,0,0,0,0
931.991,0.9631,0,0,0,0
932.020,0.9631,0,0,0,0
932.058,0.9631,0,0,0,0
932.086,0.9631,0,0,0,0
932.119,0.9631,0,0,0,0
932.154,0.9631,0,0,0,0
932.188,0.9631,0,0,0,0
932.223,0.9631,0,0,0,0
932.253,0.9631,0,0,0,0
932.289,0.9631,0,0,0,0
932.322,0.9631,0,0,0,0
932.356,0.9631,0,0,0,0
932.388,0.9631,0,0,0,0
932.420,0.9631,0,0,0,0
932.455,0.9631,0,0,0,0
932.489,0.9631,0,0,0,0
932.523,0.9631,0,0,0,0
932.556,0.9631,0,0,0,0
932.586,0.9631,0,0,0,0
932.621,0.9631,0,0,0,0
932.657,0.9631,0,0,0,0
932.690,0.9631,0,0,0,0
932.726,0.9631,0,0,0,0
932.753,0.9631,0,0,0,0
932.787,0.9631,0,0,0,0
932.823,0.9631,0,0,0,0
932.856,0.9631,0,0,0,0
932.889,0.9631,0,0,0,0
932.923,0.9631,0,0,0,0
932.957,0.9631,0,0,0,0
932.988,0.9631,0,0,0,0
933.022,0.9631,0,0,0,0
933.055,0.9631,0,0,0,0
933.090,0.9631,0,0,0,0
933.123,0.9631,0,0,0,0
933.153,0.9631,0,0,0,0
933.190,0.9631,0,0,0,0
933.222,0.9631,0,0,0,0
933.254,0.9631,0,0,0,0
933.288,0.9631,0,0,0,0
933.320,0.9631,0,0,0,0
933.353,0.9631,0,0,0,0
933.385,0.9631,0,0,0,0
933.424,0.9631,0,0,0,0
933.453,0.9631,0,0,0,0
933.490,0.9631,0,0,0,0
933.519,0.9631,0,0,0,0
933.555,0.9631,0,0,0,0
933.588,0.9631,0,0,0,0
933.621,0.9631,0,0,0,0
933.653,0.9631,0,0,0,0
933.689,0.9631,0,0,0,0
933.722,0.9631,0,0,0,0
933.753,0.9631,0,0,0,0
933.788,0.9631,0,0,0,0
933.822,0.9631,0,0,0,0
933.855,0.9631,0,0,0,0
933.886,0.9631,0,0,0,0
933.923,0.9631,0,0,0,0
933.953,0.9631,0,0,0,0
933.989,0.9631,0,0,0,0
934.019,0.9631,0,0,0,0
934.056,0.9631,0,0,0,0
934.090,0.9631,0,0,0,0
934.121,0.9631,0,0,0,0
934.155,0.9631,0,0,0,0
934.188,0.9631,0,0,0,0
934.220,0.9631,0,0,0,0
934.255,0.9631,0,0,0,0
934.290,0.9631,0,0,0,0
934.320,0.9631,0,0,0,0
934.353,0.9631,0,0,0,0
934.388,0.9631,0,0,0,0
934.419,0.9631,0,0,0,0
934.458,0.9631,0,0,0,0
934.489,0.9631,0,0,0,0
934.521,0.9631,0,0,0,0
934.555,0.9631,0,0,0,0
934.588,0.9631,0,0,0,0
934.621,0.9631,0,0,0,0
934.653,0.9631,0,0,0,0
934.685,0.9631,0,0,0,0
934.717,0.9631,0,0,0,0
934.754,0.9631,0,0,0,0
934.788,0.9631,0,0,0,0
934.823,0.9631,0,0,0,0
934.854,0.9631,0,0,0,0
934.886,0.9631,0,0,0,0
934.920,0.9631,0,0,0,0
934.956,0.9631,0,0,0,0
934.990,0.9631,0,0,0,0
935.024,0.9631,0,0,0,0
935.055,0.9631,0,0,0,0
935.086,0.9631,0,0,0,0
935.121,0.9631,0,0,0,0
935.156,0.9631,0,0,0,0
935.189,0.9631,0,0,0,0
935.219,0.9631,0,0,0,0
935.257,0.9631,0,0,0,0
935.288,0.9630,0,0,0,0
935.320,0.9630,0,0,0,0
935.354,0.9630,0,0,0,0
935.390,0.9630,0,0,0,0
935.420,0.9630,0,0,0,0
935.456,0.9630,0,0,0,0
935.486,0.9630,0,0,0,0
935.523,0.9630,0,0,0,0
935.555,0.9630,0,0,0,0
935.586,0.9630,0,0,0,0
935.622,0.9630,0,0,0,0
935.655,0.9630,0,0,0,0
935.688,0.9630,0,0,0,0
935.723,0.9630,0,0,0,0
935.756,0.9630,0,0,0,0
935.791,0.9630,0,0,0,0
935.822,0.9630,0,0,0,0
935.853,0.9630,0,0,0,0
935.889,0.9630,0,0,0,0
935.921,0.9630,0,0,0,0
935.954,0.9630,0,0,0,0
935.988,0.9630,0,0,0,0
936.021,0.9630,0,0,0,0
936.055,0.9630,0,0,0,0
936.088,0.9630,0,0,0,0
936.122,0.9630,0,0,0,0
936.152,0.9630,0,0,0,0
936.189,0.9630,0,0,0,0
936.221,0.9630,0,0,0,0
936.253,0.9630,0,0,0,0
936.287,0.9630,0,0,0,0
936.323,0.9630,0,0,0,0
936.354,0.9630,0,0,0,0
936.386,0.9630,0,0,0,0
936.423,0.9630,0,0,0,0
936.455,0.9630,0,0,0,0
936.486,0.9630,0,0,0,0
936.520,0.9630,0,0,0,0
936.556,0.9630,0,0,0,0
936.589,0.9630,0,0,0,0
936.622,0.9630,0,0,0,0
936.657,0.9630,0,0,0,0
936.690,0.9630,0,0,0,0
936.721,0.9630,0,0,0,0
936.753,0.9630,0,0,0,0
936.790,0.9630,0,0,0,0
936.820,0.9630,0,0,0,0
936.856,0.9630,0,0,0,0
936.890,0.9630,0,0,0,0
936.920,0.9630,0,0,0,0
936.954,0.9630,0,0,0,0
936.990,0.9630,0,0,0,0
937.023,0.9630,0,0,0,0
937.056,0.9630,0,0,0,0
937.089,0.9630,0,0,0,0
937.120,0.9630,0,0,0,0
937.153,0.9630,0,0,0,0
937.189,0.9630,0,0,0,0
937.223,0.9630,0,0,0,0
937.255,0.9630,0,0,0,0
937.291,0.9630,0,0,0,0
937.324,0.9630,0,0,0,0
937.353,0.9630,0,0,0,0
937.387,0.9630,0,0,0,0
937.423,0.9630,0,0,0,0
937.456,0.9630,0,0,0,0
937.488,0.9630,0,0,0,0
937.523,0.9630,0,0,0,0
937.556,0.9630,0,0,0,0
937.587,0.9630,0,0,0,0
937.620,0.9630,0,0,0,0
937.654,0.9630,0,0,0,0
937.686,0.9630,0,0,0,0
937.720,0.9630,0,0,0,0
937.754,0.9630,0,0,0,0
937.789,0.9630,0,0,0,0
937.821,0.9630,0,0,0,0
937.853,0.9630,0,0,0,0
937.888,0.9630,0,0,0,0
937.922,0.9630,0,0,0,0
937.954,0.9630,0,0,0,0
937.988,0.9630,0,0,0,0
938.020,0.9630,0,0,0,0
938.054,0.9630,0,0,0,0
938.091,0.9630,0,0,0,0
938.120,0.9630,0,0,0,0
938.156,0.9630,0,0,0,0
938.189,0.9630,0,0,0,0
938.222,0.9630,0,0,0,0
938.258,0.9630,0,0,0,0
938.287,0.9630,0,0,0,0
938.321,0.9630,0,0,0,0
938.355,0.9630,0,0,0,0
938.390,0.9630,0,0,0,0
938.421,0.9630,0,0,0,0
938.454,0.9630,0,0,0,0
938.488,0.9630,0,0,0,0
938.523,0.9630,0,0,0,0
938.554,0.9630,0,0,0,0
938.587,0.9630,0,0,0,0
938.624,0.9630,0,0,0,0
938.654,0.9630,0,0,0,0
938.686,0.9630,0,0,0,0
938.723,0.9630,0,0,0,0
938.755,0.9630,0,0,0,0
938.786,0.9630,0,0,0,0
938.822,0.9630,0,0,0,0
938.854,0.9630,0,0,0,0
938.890,0.9630,0,0,0,0
938.920,0.9630,0,0,0,0
938.955,0.9630,0,0,0,0
938.987,0.9630,0,0,0,0
939.024,0.9630,0,0,0,0
939.055,0.9630,0,0,0,0
939.086,0.9630,0,0,0,0
939.119,0.9630,0,0,0,0
939.155,0.9630,0,0,0,0
939.188,0.9630,0,0,0,0
939.223,0.9630,0,0,0,0
939.252,0.9630,0,0,0,0
939.291,0.9630,0,0,0,0
939.319,0.9630,0,0,0,0
939.352,0.9630,0,0,0,0
939.390,0.9630,0,0,0,0
939.421,0.9630,0,0,0,0
939.455,0.9630,0,0,0,0
939.486,0.9630,0,0,0,0
939.523,0.9630,0,0,0,0
939.556,0.9630,0,0,0,0
939.587,0.9630,0,0,0,0
939.620,0.9630,0,0,0,0
939.652,0.9630,0,0,0,0
939.690,0.9630,0,0,0,0
939.724,0.9630,0,0,0,0
939.754,0.9630,0,0,0,0
939.790,0.9630,0,0,0,0
939.820,0.9630,0,0,0,0
939.852,0.9630,0,0,0,0
939.890,0.9630,0,0,0,0
939.919,0.9630,0,0,0,0
939.953,0.9630,0,0,0,0
939.990,0.9630,0,0,0,0
940.021,0.9630,0,0,0,0
940.057,0.9630,0,0,0,0
940.088,0.9630,0,0,0,0
940.124,0.9630,0,0,0,0
940.153,0.9630,0,0,0,0
940.188,0.9630,0,0,0,0
940.223,0.9630,0,0,0,0
940.253,0.9630,0,0,0,0
940.289,0.9630,0,0,0,0
940.319,0.9630,0,0,0,0
940.355,0.9630,0,0,0,0
940.386,0.9630,0,0,0,0
940.425,0.9630,0,0,0,0
940.454,0.9630,0,0,0,0
940.489,0.9630,0,0,0,0
940.524,0.9630,0,0,0,0
940.557,0.9630,0,0,0,0
940.589,0.9630,0,0,0,0
940.619,0.9630,0,0,0,0
940.653,0.9630,0,0,0,0
940.686,0.9630,0,0,0,0
940.722,0.9630,0,0,0,0
940.755,0.9630,0,0,0,0
940.790,0.9630,0,0,0,0
940.820,0.9630,0,0,0,0
940.855,0.9630,0,0,0,0
940.890,0.9630,0,0,0,0
940.923,0.9630,0,0,0,0
940.953,0.9630,0,0,0,0
940.988,0.9630,0,0,0,0
941.024,0.9630,0,0,0,0
941.055,0.9630,0,0,0,0
941.089,0.9630,0,0,0,0
941.120,0.9630,0,0,0,0
941.155,0.9630,0,0,0,0
941.190,0.9630,0,0,0,0
941.224,0.9630,0,0,0,0
941.257,0.9630,0,0,0,0
941.286,0.9630,0,0,0,0
941.319,0.9630,0,0,0,0
941.355,0.9630,0,0,0,0
941.388,0.9630,0,0,0,0
941.422,0.9630,0,0,0,0
941.456,0.9630,0,0,0,0
941.490,0.9630,0,0,0,0
941.523,0.9630,0,0,0,0
941.554,0.9630,0,0,0,0
941.590,0.9630,0,0,0,0
941.623,0.9630,0,0,0,0
941.656,0.9630,0,0,0,0
941.687,0.9630,0,0,0,0
941.723,0.9630,0,0,0,0
941.753,0.9630,0,0,0,0
941.790,0.9630,0,0,0,0
941.821,0.9630,0,0,0,0
941.856,0.9630,0,0,0,0
941.888,0.9630,0,0,0,0
941.922,0.9630,0,0,0,0
941.952,0.9630,0,0,0,0
941.988,0.9630,0,0,0,0
942.024,0.9630,0,0,0,0
942.056,0.9630,0,0,0,0
942.088,0.9630,0,0,0,0
942.120,0.9630,0,0,0,0
942.154,0.9630,0,0,0,0
942.186,0.9630,0,0,0,0
942.223,0.9630,0,0,0,0
942.257,0.9630,0,0,0,0
942.286,0.9630,0,0,0,0
942.319,0.9630,0,0,0,0
942.355,0.9630,0,0,0,0
942.389,0.9630,0,0,0,0
942.422,0.9630,0,0,0,0
942.454,0.9630,0,0,0,0
942.487,0.9630,0,0,0,0
942.521,0.9630,0,0,0,0
942.554,0.9630,0,0,0,0
942.590,0.9630,0,0,0,0
942.622,0.9630,0,0,0,0
942.656,0.9630,0,0,0,0
942.688,0.9630,0,0,0,0
942.720,0.9630,0,0,0,0
942.754,0.9630,0,0,0,0
942.787,0.9630,0,0,0,0
942.820,0.9630,0,0,0,0
942.857,0.9630,0,0,0,0
942.886,0.9630,0,0,0,0
942.922,0.9630,0,0,0,0
942.953,0.9630,0,0,0,0
942.987,0.9630,0,0,0,0
943.019,0.9630,0,0,0,0
943.055,0.9630,0,0,0,0
943.087,0.9630,0,0,0,0
943.119,0.9630,0,0,0,0
943.154,0.9630,0,0,0,0
943.188,0.9630,0,0,0,0
943.223,0.9630,0,0,0,0
943.253,0.9630,0,0,0,0
943.289,0.9630,0,0,0,0
943.323,0.9630,0,0,0,0
943.352,0.9630,0,0,0,0
943.389,0.9630,0,0,0,0
943.424,0.9630,0,0,0,0
943.455,0.9630,0,0,0,0
943.491,0.9630,0,0,0,0
943.523,0.9630,0,0,0,0
943.556,0.9630,0,0,0,0
943.588,0.9630,0,0,0,0
943.624,0.9630,0,0,0,0
943.655,0.9630,0,0,0,0
943.687,0.9630,0,0,0,0
943.721,0.9630,0,0,0,0
943.756,0.9630,0,0,0,0
943.789,0.9630,0,0,0,0
943.822,0.9630,0,0,0,0
943.857,0.9630,0,0,0,0
943.888,0.9630,0,0,0,0
943.926,0.9630,0,0,0,0
943.953,0.9630,0,0,0,0
943.987,0.9630,0,0,0,0
944.020,0.9630,0,0,0,0
944.056,0.9630,0,0,0,0
944.089,0.9630,0,0,0,0
944.122,0.9630,0,0,0,0
944.157,0.9630,0,0,0,0
944.187,0.9630,0,0,0,0
944.219,0.9630,0,0,0,0
944.253,0.9630,0,0,0,0
944.287,0.9630,0,0,0,0
944.321,0.9630,0,0,0,0
944.355,0.9630,0,0,0,0
944.386,0.9630,0,0,0,0
944.423,0.9630,0,0,0,0
944.456,0.9630,0,0,0,0
944.487,0.9630,0,0,0,0
944.520,0.9630,0,0,0,0
944.554,0.9630,0,0,0,0
944.587,0.9630,0,0,0,0
944.620,0.9630,0,0,0,0
944.656,0.9630,0,0,0,0
944.688,0.9630,0,0,0,0
944.723,0.9630,0,0,0,0
944.753,0.9630,0,0,0,0
944.788,0.9630,0,0,0,0
944.820,0.9630,0,0,0,0
944.856,0.9630,0,0,0,0
944.889,0.9630,0,0,0,0
944.920,0.9630,0,0,0,0
944.954,0.9630,0,0,0,0
944.986,0.9630,0,0,0,0
945.023,0.9630,0,0,0,0
945.057,0.9630,0,0,0,0
945.086,0.9630,0,0,0,0
945.119,0.9630,0,0,0,0
945.153,0.9630,0,0,0,0
945.187,0.9630,0,0,0,0
945.219,0.9630,0,0,0,0
945.255,0.9630,0,0,0,0
945.290,0.9630,0,0,0,0
945.323,0.9630,0,0,0,0
945.356,0.9630,0,0,0,0
945.387,0.9630,0,0,0,0
945.422,0.9630,0,0,0,0
945.454,0.9630,0,0,0,0
945.487,0.9630,0,0,0,0
945.522,0.9630,0,0,0,0
945.553,0.9630,0,0,0,0
945.589,0.9630,0,0,0,0
945.623,0.9630,0,0,0,0
945.658,0.9630,0,0,0,0
945.687,0.9630,0,0,0,0
945.721,0.9630,0,0,0,0
945.757,0.9630,0,0,0,0
945.789,0.9630,0,0,0,0
945.821,0.9630,0,0,0,0
945.858,0.9630,0,0,0,0
945.887,0.9630,0,0,0,0
945.920,0.9630,0,0,0,0
945.956,0.9630,0,0,0,0
945.988,0.9630,0,0,0,0
946.023,0.9630,0,0,0,0
946.056,0.9630,0,0,0,0
946.087,0.9630,0,0,0,0
946.121,0.9630,0,0,0,0
946.154,0.9630,0,0,0,0
946.189,0.9630,0,0,0,0
946.221,0.9630,0,0,0,0
946.255,0.9630,0,0,0,0
946.286,0.9630,0,0,0,0
946.320,0.9630,0,0,0,0
946.355,0.9630,0,0,0,0
946.389,0.9630,0,0,0,0
946.422,0.9630,0,0,0,0
946.454,0.9630,0,0,0,0
946.487,0.9630,0,0,0,0
946.523,0.9630,0,0,0,0
946.555,0.9630,0,0,0,0
946.587,0.9630,0,0,0,0
946.621,0.9630,0,0,0,0
946.653,0.9630,0,0,0,0
946.686,0.9630,0,0,0,0
946.721,0.9630,0,0,0,0
946.755,0.9630,0,0,0,0
946.789,0.9630,0,0,0,0
946.821,0.9630,0,0,0,0
946.856,0.9630,0,0,0,0
946.890,0.9630,0,0,0,0
946.921,0.9630,0,0,0,0
946.956,0.9630,0,0,0,0
946.988,0.9630,0,0,0,0
947.022,0.9630,0,0,0,0
947.055,0.9630,0,0,0,0
947.086,0.9630,0,0,0,0
947.120,0.9630,0,0,0,0
947.153,0.9630,0,0,0,0
947.190,0.9630,0,0,0,0
947.225,0.9630,0,0,0,0
947.257,0.9630,0,0,0,0
947.287,0.9630,0,0,0,0
947.323,0.9630,0,0,0,0
947.356,0.9630,0,0,0,0
947.387,0.9630,0,0,0,0
947.421,0.9630,0,0,0,0
947.455,0.9630,0,0,0,0
947.485,0.9630,0,0,0,0
947.521,0.9630,0,0,0,0
947.558,0.9630,0,0,0,0
947.587,0.9630,0,0,0,0
947.620,0.9630,0,0,0,0
947.654,0.9630,0,0,0,0
947.686,0.9630,0,0,0,0
947.719,0.9630,0,0,0,0
947.754,0.9630,0,0,0,0
947.787,0.9630,0,0,0,0
947.821,0.9630,0,0,0,0
947.852,0.9630,0,0,0,0
947.889,0.9630,0,0,0,0
947.920,0.9630,0,0,0,0
947.952,0.9630,0,0,0,0
947.987,0.9630,0,0,0,0
948.023,0.9630,0,0,0,0
948.054,0.9630,0,0,0,0
948.089,0.9630,0,0,0,0
948.123,0.9630,0,0,0,0
948.153,0.9630,0,0,0,0
948.188,0.9630,0,0,0,0
948.221,0.9630,0,0,0,0
948.253,0.9630,0,0,0,0
948.286,0.9630,0,0,0,0
948.323,0.9630,0,0,0,0
948.355,0.9630,0,0,0,0
948.386,0.9630,0,0,0,0
948.421,0.9630,0,0,0,0
948.453,0.9630,0,0,0,0
948.489,0.9630,0,0,0,0
948.524,0.9630,0,0,0,0
948.556,0.9630,0,0,0,0
948.586,0.9630,0,0,0,0
948.622,0.9630,0,0,0,0
948.655,0.9630,0,0,0,0
948.689,0.9630,0,0,0,0
948.720,0.9630,0,0,0,0
948.755,0.9630,0,0,0,0
948.789,0.9630,0,0,0,0
948.820,0.9630,0,0,0,0
948.856,0.9630,0,0,0,0
948.886,0.9630,0,0,0,0
948.920,0.9630,0,0,0,0
948.954,0.9630,0,0,0,0
948.988,0.9630,0,0,0,0
949.023,0.9630,0,0,0,0
949.056,0.9630,0,0,0,0
949.088,0.9630,0,0,0,0
949.121,0.9630,0,0,0,0
949.155,0.9630,0,0,0,0
949.187,0.9630,0,0,0,0
949.219,0.9630,0,0,0,0
949.255,0.9630,0,0,0,0
949.288,0.9630,0,0,0,0
949.321,0.9630,0,0,0,0
949.356,0.9630,0,0,0,0
949.390,0.9630,0,0,0,0
949.421,0.9630,0,0,0,0
949.454,0.9630,0,0,0,0
949.488,0.9630,0,0,0,0
949.523,0.9630,0,0,0,0
949.556,0.9630,0,0,0,0
949.588,0.9630,0,0,0,0
949.622,0.9630,0,0,0,0
949.653,0.9630,0,0,0,0
949.689,0.9630,0,0,0,0
949.719,0.9630,0,0,0,0
949.755,0.9630,0,0,0,0
949.786,0.9630,0,0,0,0
949.821,0.9630,0,0,0,0
949.856,0.9630,0,0,0,0
949.889,0.9630,0,0,0,0
949.921,0.9630,0,0,0,0
949.954,0.9630,0,0,0,0
949.989,0.9630,0,0,0,0
950.020,0.9630,0,0,0,0
950.056,0.9630,0,0,0,0
950.089,0.9630,0,0,0,0
950.122,0.9630,0,0,0,0
950.157,0.9630,0,0,0,0
950.186,0.9630,0,0,0,0
950.220,0.9630,0,0,0,0
950.255,0.9630,0,0,0,0
950.286,0.9630,0,0,0,0
950.323,0.9630,0,0,0,0
950.355,0.9630,0,0,0,0
950.390,0.9630,0,0,0,0
950.423,0.9630,0,0,0,0
950.455,0.9630,0,0,0,0
950.487,0.9630,0,0,0,0
950.521,0.9630,0,0,0,0
950.557,0.9630,0,0,0,0
950.590,0.9630,0,0,0,0
950.624,0.9630,0,0,0,0
950.653,0.9630,0,0,0,0
950.689,0.9630,0,0,0,0
950.720,0.9630,0,0,0,0
950.755,0.9630,0,0,0,0
950.786,0.9630,0,0,0,0
950.823,0.9630,0,0,0,0
950.856,0.9630,0,0,0,0
950.887,0.9630,0,0,0,0
950.920,0.9630,0,0,0,0
950.957,0.9630,0,0,0,0
950.988,0.9630,0,0,0,0
951.020,0.9630,0,0,0,0
951.054,0.9630,0,0,0,0
951.087,0.9630,0,0,0,0
951.124,0.9630,0,0,0,0
951.155,0.9630,0,0,0,0
951.191,0.9630,0,0,0,0
951.222,0.9630,0,0,0,0
951.256,0.9630,0,0,0,0
951.290,0.9630,0,0,0,0
951.320,0.9630,0,0,0,0
951.352,0.9630,0,0,0,0
951.386,0.9630,0,0,0,0
951.422,0.9630,0,0,0,0
951.456,0.9630,0,0,0,0
951.489,0.9630,0,0,0,0
951.520,0.9630,0,0,0,0
951.552,0.9630,0,0,0,0
951.587,0.9630,0,0,0,0
951.622,0.9630,0,0,0,0
951.655,0.9630,0,0,0,0
951.687,0.9630,0,0,0,0
951.719,0.9630,0,0,0,0
951.754,0.9630,0,0,0,0
951.790,0.9630,0,0,0,0
951.822,0.9630,0,0,0,0
951.854,0.9630,0,0,0,0
951.886,0.9630,0,0,0,0
951.922,0.9630,0,0,0,0
951.956,0.9630,0,0,0,0
951.990,0.9630,0,0,0,0
952.020,0.9630,0,0,0,0
952.055,0.9630,0,0,0,0
952.088,0.9630,0,0,0,0
952.123,0.9630,0,0,0,0
952.157,0.9630,0,0,0,0
952.188,0.9630,0,0,0,0
952.222,0.9630,0,0,0,0
952.254,0.9630,0,0,0,0
952.290,0.9630,0,0,0,0
952.322,0.9630,0,0,0,0
952.356,0.9630,0,0,0,0
952.386,0.9630,0,0,0,0
952.419,0.9630,0,0,0,0
952.455,0.9630,0,0,0,0
952.487,0.9630,0,0,0,0
952.521,0.9630,0,0,0,0
952.555,0.9630,0,0,0,0
952.586,0.9630,0,0,0,0
952.621,0.9630,0,0,0,0
952.656,0.9630,0,0,0,0
952.688,0.9630,0,0,0,0
952.721,0.9630,0,0,0,0
952.755,0.9630,0,0,0,0
952.788,0.9630,0,0,0,0
952.820,0.9630,0,0,0,0
952.852,0.9630,0,0,0,0
952.889,0.9630,0,0,0,0
952.921,0.9630,0,0,0,0
952.954,0.9630,0,0,0,0
952.986,0.9630,0,0,0,0
953.020,0.9630,0,0,0,0
953.056,0.9630,0,0,0,0
953.088,0.9630,0,0,0,0
953.122,0.9630,0,0,0,0
953.153,0.9630,0,0,0,0
953.188,0.9630,0,0,0,0
953.222,0.9630,0,0,0,0
953.253,0.9630,0,0,0,0
953.288,0.9630,0,0,0,0
953.323,0.9630,0,0,0,0
953.355,0.9630,0,0,0,0
953.392,0.9630,0,0,0,0
953.421,0.9630,0,0,0,0
953.453,0.9630,0,0,0,0
953.489,0.9630,0,0,0,0
953.522,0.9630,0,0,0,0
953.556,0.9630,0,0,0,0
953.590,0.9630,0,0,0,0
953.621,0.9630,0,0,0,0
953.658,0.9630,0,0,0,0
953.689,0.9630,0,0,0,0
953.722,0.9630,0,0,0,0
953.755,0.9630,0,0,0,0
953.787,0.9630,0,0,0,0
953.823,0.9630,0,0,0,0
953.853,0.9630,0,0,0,0
953.888,0.9630,0,0,0,0
953.922,0.9630,0,0,0,0
953.956,0.9630,0,0,0,0
953.986,0.9630,0,0,0,0
954.023,0.9630,0,0,0,0
954.057,0.9630,0,0,0,0
954.090,0.9630,0,0,0,0
954.120,0.9630,0,0,0,0
954.156,0.9630,0,0,0,0
954.187,0.9630,0,0,0,0
954.221,0.9630,0,0,0,0
954.253,0.9630,0,0,0,0
954.289,0.9630,0,0,0,0
954.323,0.9630,0,0,0,0
954.355,0.9630,0,0,0,0
954.390,0.9630,0,0,0,0
954.420,0.9630,0,0,0,0
954.454,0.9630,0,0,0,0
954.489,0.9630,0,0,0,0
954.522,0.9630,0,0,0,0
954.557,0.9630,0,0,0,0
954.590,0.9630,0,0,0,0
954.623,0.9630,0,0,0,0
954.654,0.9630,0,0,0,0
954.687,0.9630,0,0,0,0
954.723,0.9630,0,0,0,0
954.756,0.9630,0,0,0,0
954.789,0.9630,0,0,0,0
954.823,0.9630,0,0,0,0
954.853,0.9630,0,0,0,0
954.890,0.9630,0,0,0,0
954.919,0.9630,0,0,0,0
954.953,0.9630,0,0,0,0
954.987,0.9630,0,0,0,0
955.021,0.9630,0,0,0,0
955.056,0.9630,0,0,0,0
955.089,0.9630,0,0,0,0
955.119,0.9630,0,0,0,0
955.155,0.9630,0,0,0,0
955.187,0.9630,0,0,0,0
955.220,0.9630,0,0,0,0
955.253,0.9630,0,0,0,0
955.289,0.9630,0,0,0,0
955.321,0.9630,0,0,0,0
955.354,0.9630,0,0,0,0
955.389,0.9630,0,0,0,0
955.421,0.9630,0,0,0,0
955.454,0.9630,0,0,0,0
955.491,0.9630,0,0,0,0
955.519,0.9630,0,0,0,0
955.555,0.9630,0,0,0,0
955.590,0.9630,0,0,0,0
955.623,0.9630,0,0,0,0
955.656,0.9630,0,0,0,0
955.687,0.9630,0,0,0,0
955.722,0.9630,0,0,0,0
955.753,0.9630,0,0,0,0
955.788,0.9630,0,0,0,0
955.823,0.9630,0,0,0,0
955.856,0.9630,0,0,0,0
955.890,0.9630,0,0,0,0
955.924,0.9630,0,0,0,0
955.954,0.9630,0,0,0,0
955.988,0.9630,0,0,0,0
956.021,0.9630,0,0,0,0
956.056,0.9630,0,0,0,0
956.091,0.9630,0,0,0,0
956.121,0.9630,0,0,0,0
956.156,0.9630,0,0,0,0
956.186,0.9630,0,0,0,0
956.223,0.9630,0,0,0,0
956.255,0.9630,0,0,0,0
956.285,0.9630,0,0,0,0
956.320,0.9630,0,0,0,0
956.357,0.9630,0,0,0,0
956.390,0.9630,0,0,0,0
956.423,0.9630,0,0,0,0
956.457,0.9630,0,0,0,0
956.488,0.9630,0,0,0,0
956.521,0.9630,0,0,0,0
956.554,0.9630,0,0,0,0
956.586,0.9630,0,0,0,0
956.620,0.9630,0,0,0,0
956.654,0.9630,0,0,0,0
956.688,0.9630,0,0,0,0
956.723,0.9630,0,0,0,0
956.752,0.9630,0,0,0,0
956.787,0.9630,0,0,0,0
956.823,0.9630,0,0,0,0
956.853,0.9630,0,0,0,0
956.890,0.9630,0,0,0,0
956.919,0.9630,0,0,0,0
956.954,0.9630,0,0,0,0
956.988,0.9630,0,0,0,0
957.019,0.9630,0,0,0,0
957.054,0.9630,0,0,0,0
957.091,0.9630,0,0,0,0
957.122,0.9630,0,0,0,0
957.153,0.9630,0,0,0,0
957.188,0.9630,0,0,0,0
957.223,0.9630,0,0,0,0
957.256,0.9630,0,0,0,0
957.289,0.9630,0,0,0,0
957.322,0.9630,0,0,0,0
957.353,0.9630,0,0,0,0
957.387,0.9630,0,0,0,0
957.421,0.9630,0,0,0,0
957.457,0.9630,0,0,0,0
957.490,0.9630,0,0,0,0
957.520,0.9630,0,0,0,0
957.555,0.9630,0,0,0,0
957.589,0.9630,0,0,0,0
957.623,0.9630,0,0,0,0
957.654,0.9630,0,0,0,0
957.688,0.9630,0,0,0,0
957.723,0.9630,0,0,0,0
957.756,0.9630,0,0,0,0
957.788,0.9630,0,0,0,0
957.821,0.9630,0,0,0,0
957.856,0.9630,0,0,0,0
957.888,0.9630,0,0,0,0
957.924,0.9630,0,0,0,0
957.953,0.9630,0,0,0,0
957.991,0.9630,0,0,0,0
958.021,0.9630,0,0,0,0
958.053,0.9630,0,0,0,0
958.089,0.9630,0,0,0,0
958.120,0.9630,0,0,0,0
958.156,0.9630,0,0,0,0
958.190,0.9630,0,0,0,0
958.220,0.9630,0,0,0,0
958.256,0.9630,0,0,0,0
958.286,0.9630,0,0,0,0
958.323,0.9630,0,0,0,0
958.353,0.9630,0,0,0,0
958.387,0.9630,0,0,0,0
958.423,0.9630,0,0,0,0
958.456,0.9630,0,0,0,0
958.486,0.9630,0,0,0,0
958.522,0.9630,0,0,0,0
958.554,0.9630,0,0,0,0
958.588,0.9630,0,0,0,0
958.621,0.9630,0,0,0,0
958.658,0.9630,0,0,0,0
958.688,0.9630,0,0,0,0
958.719,0.9630,0,0,0,0
958.755,0.9630,0,0,0,0
958.790,0.9630,0,0,0,0
958.821,0.9630,0,0,0,0
958.849,0.9630,0,0,0,0
958.890,0.9630,0,0,0,0
958.923,0.9630,0,0,0,0
958.957,0.9630,0,0,0,0
958.988,0.9630,0,0,0,0
959.020,0.9630,0,0,0,0
959.053,0.9630,0,0,0,0
959.086,0.9630,0,0,0,0
959.123,0.9630,0,0,0,0
959.156,0.9630,0,0,0,0
959.186,0.9630,0,0,0,0
959.220,0.9630,0,0,0,0
959.255,0.9630,0,0,0,0
959.288,0.9630,0,0,0,0
959.321,0.9630,0,0,0,0
959.355,0.9630,0,0,0,0
959.388,0.9630,0,0,0,0
959.422,0.9630,0,0,0,0
959.455,0.9630,0,0,0,0
959.488,0.9630,0,0,0,0
959.519,0.9630,0,0,0,0
959.554,0.9630,0,0,0,0
959.586,0.9630,0,0,0,0
959.622,0.9630,0,0,0,0
959.653,0.9630,0,0,0,0
959.691,0.9630,0,0,0,0
959.721,0.9630,0,0,0,0
959.753,0.9630,0,0,0,0
959.786,0.9630,0,0,0,0
959.823,0.9630,0,0,0,0
959.854,0.9630,0,0,0,0
959.888,0.9630,0,0,0,0
959.921,0.9630,0,0,0,0
959.958,0.9630,0,0,0,0
959.987,0.9630,0,0,0,0
960.023,0.9630,0,0,0,0
960.055,0.9630,0,0,0,0
960.089,0.9630,0,0,0,0
960.123,0.9630,0,0,0,0
960.154,0.9630,0,0,0,0
960.187,0.9630,0,0,0,0
960.223,0.9630,0,0,0,0
960.256,0.9630,0,0,0,0
960.287,0.9630,0,0,0,0
960.319,0.9630,0,0,0,0
960.354,0.9630,0,0,0,0
960.388,0.9630,0,0,0,0
960.420,0.9630,0,0,0,0
960.457,0.9630,0,0,0,0
960.487,0.9630,0,0,0,0
960.519,0.9630,0,0,0,0
960.554,0.9630,0,0,0,0
960.586,0.9630,0,0,0,0
960.623,0.9630,0,0,0,0
960.654,0.9630,0,0,0,0
960.690,0.9630,0,0,0,0
960.720,0.9630,0,0,0,0
960.753,0.9630,0,0,0,0
960.791,0.9630,0,0,0,0
960.823,0.9630,0,0,0,0
960.854,0.9630,0,0,0,0
960.889,0.9630,0,0,0,0
960.920,0.9630,0,0,0,0
960.954,0.9630,0,0,0,0
960.990,0.9630,0,0,0,0
961.021,0.9630,0,0,0,0
961.054,0.9630,0,0,0,0
961.088,0.9630,0,0,0,0
961.123,0.9630,0,0,0,0
961.154,0.9630,0,0,0,0
961.188,0.9630,0,0,0,0
961.223,0.9630,0,0,0,0
961.253,0.9630,0,0,0,0
961.289,0.9630,0,0,0,0
961.323,0.9630,0,0,0,0
961.353,0.9630,0,0,0,0
961.386,0.9630,0,0,0,0
961.421,0.9630,0,0,0,0
961.453,0.9630,0,0,0,0
961.489,0.9630,0,0,0,0
961.523,0.9630,0,0,0,0
961.556,0.9630,0,0,0,0
961.588,0.9630,0,0,0,0
961.623,0.9630,0,0,0,0
961.657,0.9630,0,0,0,0
961.691,0.9630,0,0,0,0
961.723,0.9630,0,0,0,0
961.755,0.9630,0,0,0,0
961.786,0.9630,0,0,0,0
961.823,0.9630,0,0,0,0
961.855,0.9630,0,0,0,0
961.890,0.9630,0,0,0,0
961.919,0.9630,0,0,0,0
961.955,0.9630,0,0,0,0
961.986,0.9630,0,0,0,0
962.024,0.9630,0,0,0,0
962.053,0.9630,0,0,0,0
962.086,0.9630,0,0,0,0
962.124,0.9630,0,0,0,0
962.156,0.9630,0,0,0,0
962.190,0.9630,0,0,0,0
962.220,0.9630,0,0,0,0
962.253,0.9630,0,0,0,0
962.289,0.9630,0,0,0,0
962.320,0.9630,0,0,0,0
962.353,0.9630,0,0,0,0
962.387,0.9630,0,0,0,0
962.420,0.9630,0,0,0,0
962.456,0.9630,0,0,0,0
962.490,0.9630,0,0,0,0
962.522,0.9630,0,0,0,0
962.556,0.9630,0,0,0,0
962.588,0.9630,0,0,0,0
962.620,0.9630,0,0,0,0
962.656,0.9630,0,0,0,0
962.688,0.9630,0,0,0,0
962.721,0.9630,0,0,0,0
962.752,0.9630,0,0,0,0
962.789,0.9630,0,0,0,0
962.820,0.9630,0,0,0,0
962.854,0.9630,0,0,0,0
962.891,0.9630,0,0,0,0
962.922,0.9630,0,0,0,0
962.956,0.9630,0,0,0,0
962.988,0.9630,0,0,0,0
963.022,0.9630,0,0,0,0
963.057,0.9630,0,0,0,0
963.086,0.9630,0,0,0,0
963.122,0.9630,0,0,0,0
963.154,0.9630,0,0,0,0
963.190,0.9630,0,0,0,0
963.222,0.9630,0,0,0,0
963.254,0.9630,0,0,0,0
963.288,0.9630,0,0,0,0
963.320,0.9630,0,0,0,0
963.356,0.9630,0,0,0,0
963.387,0.9630,0,0,0,0
963.421,0.9630,0,0,0,0
963.456,0.9630,0,0,0,0
963.487,0.9630,0,0,0,0
963.522,0.9630,0,0,0,0
963.555,0.9630,0,0,0,0
963.589,0.9630,0,0,0,0
963.622,0.9630,0,0,0,0
963.655,0.9630,0,0,0,0
963.686,0.9630,0,0,0,0
963.724,0.9630,0,0,0,0
963.753,0.9630,0,0,0,0
963.787,0.9630,0,0,0,0
963.820,0.9630,0,0,0,0
963.856,0.9630,0,0,0,0
963.892,0.9630,0,0,0,0
963.922,0.9630,0,0,0,0
963.956,0.9630,0,0,0,0
963.988,0.9630,0,0,0,0
964.023,0.9630,0,0,0,0
964.053,0.9630,0,0,0,0
964.089,0.9630,0,0,0,0
964.124,0.9630,0,0,0,0
964.155,0.9630,0,0,0,0
964.191,0.9630,0,0,0,0
964.223,0.9630,0,0,0,0
964.256,0.9630,0,0,0,0
964.288,0.9630,0,0,0,0
964.326,0.9630,0,0,0,0
964.356,0.9630,0,0,0,0
964.386,0.9630,0,0,0,0
964.420,0.9630,0,0,0,0
964.457,0.9630,0,0,0,0
964.487,0.9630,0,0,0,0
964.519,0.9630,0,0,0,0
964.557,0.9630,0,0,0,0
964.586,0.9630,0,0,0,0
964.622,0.9630,0,0,0,0
964.652,0.9630,0,0,0,0
964.687,0.9630,0,0,0,0
964.722,0.9630,0,0,0,0
964.754,0.9630,0,0,0,0
964.790,0.9630,0,0,0,0
964.820,0.9630,0,0,0,0
964.856,0.9630,0,0,0,0
964.888,0.9630,0,0,0,0
964.920,0.9630,0,0,0,0
964.956,0.9630,0,0,0,0
964.990,0.9630,0,0,0,0
965.019,0.9630,0,0,0,0
965.054,0.9630,0,0,0,0
965.087,0.9630,0,0,0,0
965.120,0.9630,0,0,0,0
965.155,0.9630,0,0,0,0
965.187,0.9630,0,0,0,0
965.225,0.9630,0,0,0,0
965.253,0.9630,0,0,0,0
965.288,0.9630,0,0,0,0
965.322,0.9630,0,0,0,0
965.354,0.9630,0,0,0,0
965.390,0.9630,0,0,0,0
965.420,0.9630,0,0,0,0
965.454,0.9630,0,0,0,0
965.489,0.9630,0,0,0,0
965.524,0.9630,0,0,0,0
965.554,0.9630,0,0,0,0
965.586,0.9630,0,0,0,0
965.621,0.9630,0,0,0,0
965.656,0.9630,0,0,0,0
965.686,0.9630,0,0,0,0
965.721,0.9630,0,0,0,0
965.754,0.9630,0,0,0,0
965.787,0.9630,0,0,0,0
965.822,0.9630,0,0,0,0
965.854,0.9630,0,0,0,0
965.888,0.9630,0,0,0,0
965.923,0.9630,0,0,0,0
965.953,0.9630,0,0,0,0
965.988,0.9630,0,0,0,0
966.024,0.9630,0,0,0,0
966.053,0.9630,0,0,0,0
966.086,0.9630,0,0,0,0
966.122,0.9630,0,0,0,0
966.152,0.9630,0,0,0,0
966.192,0.9630,0,0,0,0
966.222,0.9630,0,0,0,0
966.245,0.9630,0,0,0,0
966.284,0.9630,0,0,0,0
966.322,0.9630,0,0,0,0
966.355,0.9630,0,0,0,0
966.389,0.9630,0,0,0,0
966.422,0.9630,0,0,0,0
966.454,0.9630,0,0,0,0
966.486,0.9630,0,0,0,0
966.521,0.9630,0,0,0,0
966.552,0.9630,0,0,0,0
966.587,0.9630,0,0,0,0
966.621,0.9630,0,0,0,0
966.653,0.9630,0,0,0,0
966.688,0.9630,0,0,0,0
966.727,0.9630,0,0,0,0
966.758,0.9630,0,0,0,0
966.790,0.9630,0,0,0,0
966.822,0.9630,0,0,0,0
966.856,0.9630,0,0,0,0
966.891,0.9630,0,0,0,0
966.920,0.9630,0,0,0,0
966.953,0.9630,0,0,0,0
966.986,0.9630,0,0,0,0
967.022,0.9630,0,0,0,0
967.094,0.9630,0,0,0,0
967.124,0.9630,0,0,0,0
967.138,0.9630,0,0,0,0
967.177,0.9630,0,0,0,0
967.209,0.9630,0,0,0,0
967.245,0.9630,0,0,0,0
967.276,0.9630,0,0,0,0
967.307,0.9630,0,0,0,0
967.341,0.9630,0,0,0,0
967.377,0.9630,0,0,0,0
967.407,0.9630,0,0,0,0
967.444,0.9630,0,0,0,0
967.477,0.9630,0,0,0,0
967.509,0.9630,0,0,0,0
967.539,0.9630,0,0,0,0
967.579,0.9630,0,0,0,0
967.611,0.9630,0,0,0,0
967.644,0.9630,0,0,0,0
967.675,0.9630,0,0,0,0
967.711,0.9630,0,0,0,0
967.741,0.9630,0,0,0,0
967.775,0.9630,0,0,0,0
967.812,0.9630,0,0,0,0
967.842,0.9630,0,0,0,0
967.874,0.9630,0,0,0,0
967.911,0.9630,0,0,0,0
967.942,0.9630,0,0,0,0
967.975,0.9630,0,0,0,0
968.008,0.9630,0,0,0,0
968.043,0.9630,0,0,0,0
968.075,0.9630,0,0,0,0
968.110,0.9630,0,0,0,0
968.143,0.9630,0,0,0,0
968.174,0.9630,0,0,0,0
968.209,0.9630,0,0,0,0
968.245,0.9630,0,0,0,0
968.269,0.9630,0,0,0,0
968.308,0.9630,0,0,0,0
968.345,0.9630,0,0,0,0
968.379,0.9630,0,0,0,0
968.413,0.9630,0,0,0,0
968.442,0.9630,0,0,0,0
968.480,0.9630,0,0,0,0
968.511,0.9630,0,0,0,0
968.541,0.9630,0,0,0,0
968.578,0.9630,0,0,0,0
968.612,0.9630,0,0,0,0
968.642,0.9630,0,0,0,0
968.677,0.9630,0,0,0,0
968.710,0.9630,0,0,0,0
968.743,0.9630,0,0,0,0
968.775,0.9630,0,0,0,0
968.813,0.9630,0,0,0,0
968.844,0.9630,0,0,0,0
968.878,0.9630,0,0,0,0
968.909,0.9630,0,0,0,0
968.941,0.9630,0,0,0,0
968.976,0.9630,0,0,0,0
969.008,0.9630,0,0,0,0
969.042,0.9630,0,0,0,0
969.076,0.9630,0,0,0,0
969.108,0.9630,0,0,0,0
969.144,0.9630,0,0,0,0
969.175,0.9630,0,0,0,0
969.211,0.9630,0,0,0,0
969.245,0.9630,0,0,0,0
969.277,0.9630,0,0,0,0
969.309,0.9630,0,0,0,0
969.344,0.9630,0,0,0,0
969.375,0.9630,0,0,0,0
969.409,0.9630,0,0,0,0
969.442,0.9630,0,0,0,0
969.475,0.9630,0,0,0,0
969.511,0.9630,0,0,0,0
969.542,0.9630,0,0,0,0
969.578,0.9630,0,0,0,0
969.608,0.9630,0,0,0,0
969.642,0.9630,0,0,0,0
969.674,0.9630,0,0,0,0
969.708,0.9630,0,0,0,0
969.742,0.9630,0,0,0,0
969.775,0.9630,0,0,0,0
969.808,0.9630,0,0,0,0
969.843,0.9630,0,0,0,0
969.876,0.9630,0,0,0,0
969.911,0.9630,0,0,0,0
969.942,0.9630,0,0,0,0
969.975,0.9630,0,0,0,0
970.010,0.9630,0,0,0,0
970.043,0.9630,0,0,0,0
970.076,0.9630,0,0,0,0
970.109,0.9630,0,0,0,0
970.140,0.9630,0,0,0,0
970.177,0.9630,0,0,0,0
970.210,0.9630,0,0,0,0
970.245,0.9630,0,0,0,0
970.278,0.9630,0,0,0,0
970.310,0.9630,0,0,0,0
970.343,0.9630,0,0,0,0
970.377,0.9630,0,0,0,0
970.409,0.9630,0,0,0,0
970.441,0.9630,0,0,0,0
970.476,0.9630,0,0,0,0
970.510,0.9630,0,0,0,0
970.540,0.9630,0,0,0,0
970.575,0.9630,0,0,0,0
970.611,0.9630,0,0,0,0
970.642,0.9630,0,0,0,0
970.677,0.9630,0,0,0,0
970.709,0.9630,0,0,0,0
970.744,0.9630,0,0,0,0
970.778,0.9630,0,0,0,0
970.809,0.9630,0,0,0,0
970.842,0.9630,0,0,0,0
970.874,0.9630,0,0,0,0
970.907,0.9630,0,0,0,0
970.944,0.9630,0,0,0,0
970.976,0.9630,0,0,0,0
971.008,0.9630,0,0,0,0
971.042,0.9630,0,0,0,0
971.076,0.9630,0,0,0,0
971.109,0.9630,0,0,0,0
971.141,0.9630,0,0,0,0
971.176,0.9630,0,0,0,0
971.208,0.9630,0,0,0,0
971.245,0.9630,0,0,0,0
971.276,0.9630,0,0,0,0
971.308,0.9630,0,0,0,0
971.341,0.9630,0,0,0,0
971.375,0.9630,0,0,0,0
971.411,0.9630,0,0,0,0
971.443,0.9630,0,0,0,0
971.477,0.9630,0,0,0,0
971.508,0.9630,0,0,0,0
971.541,0.9630,0,0,0,0
971.577,0.9630,0,0,0,0
971.607,0.9630,0,0,0,0
971.641,0.9630,0,0,0,0
971.676,0.9630,0,0,0,0
971.710,0.9630,0,0,0,0
971.744,0.9630,0,0,0,0
971.779,0.9630,0,0,0,0
971.808,0.9630,0,0,0,0
971.841,0.9630,0,0,0,0
971.877,0.9630,0,0,0,0
971.908,0.9630,0,0,0,0
971.944,0.9630,0,0,0,0
971.978,0.9630,0,0,0,0
972.009,0.9630,0,0,0,0
972.043,0.9630,0,0,0,0
972.080,0.9630,0,0,0,0
972.111,0.9630,0,0,0,0
972.143,0.9630,0,0,0,0
972.177,0.9630,0,0,0,0
972.211,0.9630,0,0,0,0
972.242,0.9630,0,0,0,0
972.274,0.9630,0,0,0,0
972.309,0.9630,0,0,0,0
972.344,0.9630,0,0,0,0
972.374,0.9630,0,0,0,0
972.409,0.9630,0,0,0,0
972.443,0.9630,0,0,0,0
972.467,0.9630,0,0,0,0
972.512,0.9630,0,0,0,0
972.543,0.9630,0,0,0,0
972.576,0.9630,0,0,0,0
972.609,0.9630,0,0,0,0
972.642,0.9630,0,0,0,0
972.675,0.9630,0,0,0,0
972.710,0.9630,0,0,0,0
972.744,0.9630,0,0,0,0
972.780,0.9630,0,0,0,0
972.809,0.9630,0,0,0,0
972.841,0.9630,0,0,0,0
972.877,0.9630,0,0,0,0
972.908,0.9630,0,0,0,0
972.942,0.9630,0,0,0,0
972.976,0.9630,0,0,0,0
973.011,0.9630,0,0,0,0
973.041,0.9630,0,0,0,0
973.077,0.9630,0,0,0,0
973.109,0.9630,0,0,0,0
973.145,0.9630,0,0,0,0
973.171,0.9630,0,0,0,0
973.212,0.9630,0,0,0,0
973.244,0.9630,0,0,0,0
973.277,0.9630,0,0,0,0
973.308,0.9630,0,0,0,0
973.343,0.9630,0,0,0,0
973.376,0.9630,0,0,0,0
973.411,0.9630,0,0,0,0
973.445,0.9630,0,0,0,0
973.473,0.9630,0,0,0,0
973.510,0.9630,0,0,0,0
973.541,0.9630,0,0,0,0
973.578,0.9630,0,0,0,0
973.610,0.9630,0,0,0,0
973.644,0.9630,0,0,0,0
973.677,0.9630,0,0,0,0
973.708,0.9630,0,0,0,0
973.743,0.9630,0,0,0,0
973.774,0.9630,0,0,0,0
973.810,0.9630,0,0,0,0
973.841,0.9630,0,0,0,0
973.876,0.9630,0,0,0,0
973.908,0.9630,0,0,0,0
973.941,0.9630,0,0,0,0
973.979,0.9630,0,0,0,0
974.008,0.9630,0,0,0,0
974.033,0.9630,0,0,0,0
974.074,0.9630,0,0,0,0
974.112,0.9630,0,0,0,0
974.141,0.9630,0,0,0,0
974.176,0.9630,0,0,0,0
974.209,0.9630,0,0,0,0
974.242,0.9630,0,0,0,0
974.276,0.9630,0,0,0,0
974.310,0.9630,0,0,0,0
974.341,0.9630,0,0,0,0
974.377,0.9630,0,0,0,0
974.408,0.9630,0,0,0,0
974.440,0.9630,0,0,0,0
974.474,0.9630,0,0,0,0
974.513,0.9630,0,0,0,0
974.541,0.9630,0,0,0,0
974.574,0.9630,0,0,0,0
974.656,0.9630,0,0,0,0
974.677,0.9630,0,0,0,0
974.718,0.9630,0,0,0,0
974.751,0.9630,0,0,0,0
974.784,0.9630,0,0,0,0
974.815,0.9630,0,0,0,0
974.852,0.9630,0,0,0,0
974.882,0.9630,0,0,0,0
974.918,0.9630,0,0,0,0
974.954,0.9630,0,0,0,0
974.983,0.9630,0,0,0,0
975.020,0.9630,0,0,0,0
975.041,0.9630,0,0,0,0
975.085,0.9630,0,0,0,0
975.109,0.9630,0,0,0,0
975.149,0.9630,0,0,0,0
975.183,0.9630,0,0,0,0
975.218,0.9630,0,0,0,0
975.250,0.9630,0,0,0,0
975.284,0.9630,0,0,0,0
975.319,0.9630,0,0,0,0
975.348,0.9630,0,0,0,0
975.383,0.9630,0,0,0,0
975.415,0.9630,0,0,0,0
975.453,0.9630,0,0,0,0
975.486,0.9630,0,0,0,0
975.518,0.9630,0,0,0,0
975.548,0.9630,0,0,0,0
975.583,0.9630,0,0,0,0
975.619,0.9630,0,0,0,0
975.651,0.9630,0,0,0,0
975.684,0.9630,0,0,0,0
975.718,0.9630,0,0,0,0
975.749,0.9630,0,0,0,0
975.785,0.9630,0,0,0,0
975.817,0.9630,0,0,0,0
975.852,0.9630,0,0,0,0
975.882,0.9630,0,0,0,0
975.919,0.9630,0,0,0,0
975.950,0.9630,0,0,0,0
975.985,0.9630,0,0,0,0
976.015,0.9630,0,0,0,0
976.053,0.9630,0,0,0,0
976.083,0.9630,0,0,0,0
976.119,0.9630,0,0,0,0
976.150,0.9630,0,0,0,0
976.184,0.9630,0,0,0,0
976.217,0.9630,0,0,0,0
976.249,0.9630,0,0,0,0
976.286,0.9630,0,0,0,0
976.308,0.9630,0,0,0,0
976.352,0.9630,0,0,0,0
976.383,0.9630,0,0,0,0
976.417,0.9630,0,0,0,0
976.451,0.9630,0,0,0,0
976.483,0.9630,0,0,0,0
976.517,0.9630,0,0,0,0
976.552,0.9630,0,0,0,0
976.573,0.9630,0,0,0,0
976.617,0.9630,0,0,0,0
976.652,0.9630,0,0,0,0
976.682,0.9630,0,0,0,0
976.718,0.9630,0,0,0,0
976.750,0.9630,0,0,0,0
976.785,0.9630,0,0,0,0
976.817,0.9630,0,0,0,0
976.850,0.9630,0,0,0,0
976.883,0.9630,0,0,0,0
976.919,0.9630,0,0,0,0
976.949,0.9630,0,0,0,0
976.986,0.9630,0,0,0,0
977.016,0.9630,0,0,0,0
977.050,0.9630,0,0,0,0
977.083,0.9630,0,0,0,0
977.119,0.9630,0,0,0,0
977.151,0.9630,0,0,0,0
977.182,0.9630,0,0,0,0
977.218,0.9630,0,0,0,0
977.249,0.9630,0,0,0,0
977.283,0.9630,0,0,0,0
977.317,0.9630,0,0,0,0
977.350,0.9630,0,0,0,0
977.384,0.9630,0,0,0,0
977.419,0.9630,0,0,0,0
977.449,0.9630,0,0,0,0
977.487,0.9630,0,0,0,0
977.513,0.9630,0,0,0,0
977.549,0.9630,0,0,0,0
977.583,0.9630,0,0,0,0
977.616,0.9630,0,0,0,0
977.649,0.9630,0,0,0,0
977.688,0.9630,0,0,0,0
977.714,0.9630,0,0,0,0
977.750,0.9630,0,0,0,0
977.783,0.9630,0,0,0,0
977.817,0.9630,0,0,0,0
977.849,0.9630,0,0,0,0
977.885,0.9630,0,0,0,0
977.916,0.9630,0,0,0,0
977.953,0.9630,0,0,0,0
977.982,0.9630,0,0,0,0
978.018,0.9630,0,0,0,0
978.049,0.9630,0,0,0,0
978.082,0.9630,0,0,0,0
978.119,0.9630,0,0,0,0
978.151,0.9630,0,0,0,0
978.179,0.9630,0,0,0,0
978.219,0.9630,0,0,0,0
978.250,0.9630,0,0,0,0
978.286,0.9630,0,0,0,0
978.319,0.9630,0,0,0,0
978.350,0.9630,0,0,0,0
978.383,0.9630,0,0,0,0
978.417,0.9630,0,0,0,0
978.451,0.9630,0,0,0,0
978.486,0.9630,0,0,0,0
978.509,0.9630,0,0,0,0
978.553,0.9630,0,0,0,0
978.574,0.9630,0,0,0,0
978.618,0.9630,0,0,0,0
978.650,0.9630,0,0,0,0
978.684,0.9630,0,0,0,0
978.717,0.9630,0,0,0,0
978.752,0.9630,0,0,0,0
978.784,0.9630,0,0,0,0
978.815,0.9630,0,0,0,0
978.853,0.9630,0,0,0,0
978.886,0.9630,0,0,0,0
978.918,0.9630,0,0,0,0
978.952,0.9630,0,0,0,0
978.983,0.9630,0,0,0,0
979.017,0.9630,0,0,0,0
979.049,0.9630,0,0,0,0
979.086,0.9630,0,0,0,0
979.117,0.9630,0,0,0,0
979.152,0.9630,0,0,0,0
979.183,0.9630,0,0,0,0
979.219,0.9630,0,0,0,0
979.249,0.9630,0,0,0,0
979.284,0.9630,0,0,0,0
979.316,0.9630,0,0,0,0
979.350,0.9630,0,0,0,0
979.383,0.9630,0,0,0,0
979.417,0.9630,0,0,0,0
979.450,0.9630,0,0,0,0
979.486,0.9630,0,0,0,0
979.519,0.9630,0,0,0,0
979.549,0.9630,0,0,0,0
979.583,0.9630,0,0,0,0
979.620,0.9630,0,0,0,0
979.642,0.9630,0,0,0,0
979.683,0.9630,0,0,0,0
979.716,0.9630,0,0,0,0
979.752,0.9630,0,0,0,0
979.784,0.9630,0,0,0,0
979.817,0.9630,0,0,0,0
979.854,0.9630,0,0,0,0
979.882,0.9630,0,0,0,0
979.916,0.9630,0,0,0,0
979.951,0.9630,0,0,0,0
979.984,0.9630,0,0,0,0
980.018,0.9630,0,0,0,0
980.049,0.9630,0,0,0,0
980.086,0.9630,0,0,0,0
980.112,0.9630,0,0,0,0
980.154,0.9630,0,0,0,0
980.182,0.9630,0,0,0,0
980.218,0.9630,0,0,0,0
980.250,0.9630,0,0,0,0
980.283,0.9630,0,0,0,0
980.320,0.9630,0,0,0,0
980.350,0.9630,0,0,0,0
980.387,0.9630,0,0,0,0
980.408,0.9630,0,0,0,0
980.452,0.9630,0,0,0,0
980.487,0.9630,0,0,0,0
980.516,0.9630,0,0,0,0
980.549,0.9630,0,0,0,0
980.583,0.9630,0,0,0,0
980.616,0.9630,0,0,0,0
980.652,0.9630,0,0,0,0
980.674,0.9630,0,0,0,0
980.717,0.9630,0,0,0,0
980.751,0.9630,0,0,0,0
980.785,0.9630,0,0,0,0
980.817,0.9630,0,0,0,0
980.849,0.9630,0,0,0,0
980.882,0.9630,0,0,0,0
980.918,0.9630,0,0,0,0
980.949,0.9630,0,0,0,0
980.982,0.9630,0,0,0,0
981.018,0.9630,0,0,0,0
981.051,0.9630,0,0,0,0
981.085,0.9630,0,0,0,0
981.118,0.9630,0,0,0,0
981.151,0.9630,0,0,0,0
981.186,0.9630,0,0,0,0
981.218,0.9630,0,0,0,0
981.249,0.9630,0,0,0,0
981.282,0.9630,0,0,0,0
981.316,0.9630,0,0,0,0
981.352,0.9630,0,0,0,0
981.387,0.9630,0,0,0,0
981.418,0.9630,0,0,0,0
981.450,0.9630,0,0,0,0
981.473,0.9630,0,0,0,0
981.518,0.9630,0,0,0,0
981.551,0.9630,0,0,0,0
981.584,0.9630,0,0,0,0
981.615,0.9630,0,0,0,0
981.652,0.9630,0,0,0,0
981.684,0.9630,0,0,0,0
981.716,0.9630,0,0,0,0
981.752,0.9630,0,0,0,0
981.775,0.9630,0,0,0,0
981.820,0.9630,0,0,0,0
981.844,0.9630,0,0,0,0
981.883,0.9630,0,0,0,0
981.906,0.9630,0,0,0,0
981.952,0.9630,0,0,0,0
981.985,0.9630,0,0,0,0
982.016,0.9630,0,0,0,0
982.052,0.9630,0,0,0,0
982.083,0.9630,0,0,0,0
982.117,0.9630,0,0,0,0
982.159,0.9630,0,0,0,0
982.180,0.9630,0,0,0,0
982.218,0.9630,0,0,0,0
982.249,0.9630,0,0,0,0
982.282,0.9630,0,0,0,0
982.319,0.9630,0,0,0,0
982.351,0.9630,0,0,0,0
982.383,0.9630,0,0,0,0
982.418,0.9630,0,0,0,0
982.454,0.9630,0,0,0,0
982.482,0.9630,0,0,0,0
982.517,0.9630,0,0,0,0
982.549,0.9630,0,0,0,0
982.586,0.9630,0,0,0,0
982.615,0.9630,0,0,0,0
982.652,0.9630,0,0,0,0
982.680,0.9630,0,0,0,0
982.718,0.9630,0,0,0,0
982.752,0.9630,0,0,0,0
982.790,0.9630,0,0,0,0
982.810,0.9630,0,0,0,0
982.848,0.9630,0,0,0,0
982.879,0.9630,0,0,0,0
982.920,0.9630,0,0,0,0
982.942,0.9630,0,0,0,0
982.982,0.9630,0,0,0,0
983.019,0.9630,0,0,0,0
983.049,0.9630,0,0,0,0
983.082,0.9630,0,0,0,0
983.119,0.9630,0,0,0,0
983.150,0.9630,0,0,0,0
983.183,0.9630,0,0,0,0
983.218,0.9630,0,0,0,0
983.249,0.9630,0,0,0,0
983.282,0.9630,0,0,0,0
983.318,0.9630,0,0,0,0
983.350,0.9630,0,0,0,0
983.386,0.9630,0,0,0,0
983.419,0.9630,0,0,0,0
983.450,0.9630,0,0,0,0
983.486,0.9630,0,0,0,0
983.508,0.9630,0,0,0,0
983.552,0.9630,0,0,0,0
983.586,0.9630,0,0,0,0
983.617,0.9630,0,0,0,0
983.649,0.9630,0,0,0,0
983.682,0.9630,0,0,0,0
983.720,0.9630,0,0,0,0
983.752,0.9630,0,0,0,0
983.784,0.9630,0,0,0,0
983.818,0.9630,0,0,0,0
983.849,0.9630,0,0,0,0
983.888,0.9630,0,0,0,0
983.910,0.9630,0,0,0,0
983.949,0.9630,0,0,0,0
983.983,0.9630,0,0,0,0
984.020,0.9630,0,0,0,0
984.047,0.9630,0,0,0,0
984.083,0.9630,0,0,0,0
984.117,0.9630,0,0,0,0
984.149,0.9630,0,0,0,0
984.184,0.9630,0,0,0,0
984.207,0.9630,0,0,0,0
984.251,0.9630,0,0,0,0
984.283,0.9630,0,0,0,0
984.316,0.9630,0,0,0,0
984.351,0.9630,0,0,0,0
984.385,0.9630,0,0,0,0
984.416,0.9630,0,0,0,0
984.452,0.9630,0,0,0,0
984.485,0.9630,0,0,0,0
984.515,0.9630,0,0,0,0
984.549,0.9630,0,0,0,0
984.587,0.9630,0,0,0,0
984.610,0.9630,0,0,0,0
984.651,0.9630,0,0,0,0
984.685,0.9630,0,0,0,0
984.707,0.9630,0,0,0,0
984.751,0.9630,0,0,0,0
984.786,0.9630,0,0,0,0
984.817,0.9630,0,0,0,0
984.849,0.9630,0,0,0,0
984.884,0.9630,0,0,0,0
984.919,0.9630,0,0,0,0
984.952,0.9630,0,0,0,0
984.982,0.9630,0,0,0,0
985.018,0.9630,0,0,0,0
985.052,0.9630,0,0,0,0
985.087,0.9630,0,0,0,0
985.120,0.9630,0,0,0,0
985.150,0.9630,0,0,0,0
985.185,0.9630,0,0,0,0
985.216,0.9630,0,0,0,0
985.250,0.9630,0,0,0,0
985.284,0.9630,0,0,0,0
985.318,0.9630,0,0,0,0
985.349,0.9630,0,0,0,0
985.383,0.9630,0,0,0,0
985.419,0.9630,0,0,0,0
985.451,0.9630,0,0,0,0
985.487,0.9630,0,0,0,0
985.517,0.9630,0,0,0,0
985.549,0.9630,0,0,0,0
985.584,0.9630,0,0,0,0
985.616,0.9630,0,0,0,0
985.649,0.9630,0,0,0,0
985.687,0.9630,0,0,0,0
985.713,0.9630,0,0,0,0
985.754,0.9630,0,0,0,0
985.780,0.9630,0,0,0,0
985.818,0.9630,0,0,0,0
985.851,0.9630,0,0,0,0
985.885,0.9630,0,0,0,0
985.919,0.9630,0,0,0,0
985.952,0.9630,0,0,0,0
985.986,0.9630,0,0,0,0
986.018,0.9630,0,0,0,0
986.050,0.9630,0,0,0,0
986.084,0.9630,0,0,0,0
986.125,0.9630,0,0,0,0
986.152,0.9630,0,0,0,0
986.183,0.9630,0,0,0,0
986.217,0.9630,0,0,0,0
986.249,0.9630,0,0,0,0
986.285,0.9630,0,0,0,0
986.316,0.9630,0,0,0,0
986.352,0.9630,0,0,0,0
986.383,0.9630,0,0,0,0
986.421,0.9630,0,0,0,0
986.452,0.9630,0,0,0,0
986.482,0.9630,0,0,0,0
986.518,0.9630,0,0,0,0
986.551,0.9630,0,0,0,0
986.586,0.9630,0,0,0,0
986.615,0.9630,0,0,0,0
986.652,0.9630,0,0,0,0
986.684,0.9630,0,0,0,0
986.715,0.9630,0,0,0,0
986.752,0.9630,0,0,0,0
986.773,0.9630,0,0,0,0
986.819,0.9630,0,0,0,0
986.850,0.9630,0,0,0,0
986.882,0.9630,0,0,0,0
986.916,0.9630,0,0,0,0
986.951,0.9630,0,0,0,0
986.983,0.9630,0,0,0,0
987.021,0.9630,0,0,0,0
987.044,0.9630,0,0,0,0
987.084,0.9630,0,0,0,0
987.119,0.9630,0,0,0,0
987.151,0.9630,0,0,0,0
987.186,0.9630,0,0,0,0
987.221,0.9630,0,0,0,0
987.310,0.9630,0,0,0,0
987.338,0.9630,0,0,0,0
987.373,0.9630,0,0,0,0
987.405,0.9630,0,0,0,0
987.438,0.9630,0,0,0,0
987.474,0.9630,0,0,0,0
987.506,0.9630,0,0,0,0
987.536,0.9630,0,0,0,0
987.571,0.9630,0,0,0,0
987.605,0.9630,0,0,0,0
987.638,0.9630,0,0,0,0
987.673,0.9630,0,0,0,0
987.706,0.9630,0,0,0,0
987.730,0.9630,0,0,0,0
987.771,0.9630,0,0,0,0
987.808,0.9630,0,0,0,0
987.841,0.9630,0,0,0,0
987.875,0.9630,0,0,0,0
987.907,0.9630,0,0,0,0
987.938,0.9630,0,0,0,0
987.971,0.9630,0,0,0,0
988.009,0.9630,0,0,0,0
988.037,0.9630,0,0,0,0
988.063,0.9630,0,0,0,0
988.110,0.9630,0,0,0,0
988.131,0.9630,0,0,0,0
988.172,0.9630,0,0,0,0
988.205,0.9630,0,0,0,0
988.241,0.9630,0,0,0,0
988.275,0.9630,0,0,0,0
988.306,0.9630,0,0,0,0
988.337,0.9630,0,0,0,0
988.372,0.9630,0,0,0,0
988.408,0.9630,0,0,0,0
988.440,0.9630,0,0,0,0
988.475,0.9630,0,0,0,0
988.506,0.9630,0,0,0,0
988.541,0.9630,0,0,0,0
988.570,0.9630,0,0,0,0
988.612,0.9630,0,0,0,0
988.639,0.9630,0,0,0,0
988.673,0.9630,0,0,0,0
988.705,0.9630,0,0,0,0
988.739,0.9630,0,0,0,0
988.771,0.9630,0,0,0,0
988.806,0.9630,0,0,0,0
988.841,0.9630,0,0,0,0
988.874,0.9630,0,0,0,0
988.904,0.9630,0,0,0,0
988.940,0.9630,0,0,0,0
988.974,0.9630,0,0,0,0
989.007,0.9630,0,0,0,0
989.042,0.9630,0,0,0,0
989.071,0.9630,0,0,0,0
989.108,0.9630,0,0,0,0
989.138,0.9630,0,0,0,0
989.175,0.9630,0,0,0,0
989.198,0.9630,0,0,0,0
989.242,0.9630,0,0,0,0
989.270,0.9630,0,0,0,0
989.304,0.9630,0,0,0,0
989.342,0.9630,0,0,0,0
989.374,0.9630,0,0,0,0
989.404,0.9630,0,0,0,0
989.438,0.9630,0,0,0,0
989.472,0.9630,0,0,0,0
989.508,0.9630,0,0,0,0
989.540,0.9630,0,0,0,0
989.571,0.9630,0,0,0,0
989.609,0.9630,0,0,0,0
989.639,0.9630,0,0,0,0
989.679,0.9630,0,0,0,0
989.698,0.9630,0,0,0,0
989.742,0.9630,0,0,0,0
989.775,0.9630,0,0,0,0
989.804,0.9630,0,0,0,0
989.842,0.9630,0,0,0,0
989.872,0.9630,0,0,0,0
989.903,0.9630,0,0,0,0
989.937,0.9630,0,0,0,0
989.983,0.9630,0,0,0,0
990.005,0.9630,0,0,0,0
990.040,0.9630,0,0,0,0
990.071,0.9630,0,0,0,0
990.109,0.9630,0,0,0,0
990.140,0.9630,0,0,0,0
990.172,0.9630,0,0,0,0
990.207,0.9630,0,0,0,0
990.243,0.9630,0,0,0,0
990.272,0.9630,0,0,0,0
990.308,0.9630,0,0,0,0
990.341,0.9630,0,0,0,0
990.375,0.9630,0,0,0,0
990.404,0.9630,0,0,0,0
990.437,0.9630,0,0,0,0
990.474,0.9630,0,0,0,0
990.506,0.9630,0,0,0,0
990.540,0.9630,0,0,0,0
990.574,0.9630,0,0,0,0
990.606,0.9630,0,0,0,0
990.638,0.9630,0,0,0,0
990.671,0.9630,0,0,0,0
990.707,0.9630,0,0,0,0
990.740,0.9630,0,0,0,0
990.772,0.9630,0,0,0,0
990.806,0.9630,0,0,0,0
990.840,0.9630,0,0,0,0
990.871,0.9630,0,0,0,0
990.906,0.9630,0,0,0,0
990.940,0.9630,0,0,0,0
990.970,0.9630,0,0,0,0
991.008,0.9630,0,0,0,0
991.037,0.9630,0,0,0,0
991.072,0.9630,0,0,0,0
991.107,0.9630,0,0,0,0
991.139,0.9630,0,0,0,0
991.172,0.9630,0,0,0,0
991.205,0.9630,0,0,0,0
991.240,0.9630,0,0,0,0
991.273,0.9630,0,0,0,0
991.313,0.9630,0,0,0,0
991.331,0.9630,0,0,0,0
991.368,0.9630,0,0,0,0
991.407,0.9630,0,0,0,0
991.442,0.9630,0,0,0,0
991.471,0.9630,0,0,0,0
991.506,0.9630,0,0,0,0
991.540,0.9630,0,0,0,0
991.574,0.9630,0,0,0,0
991.604,0.9630,0,0,0,0
991.638,0.9630,0,0,0,0
991.671,0.9630,0,0,0,0
991.709,0.9630,0,0,0,0
991.737,0.9630,0,0,0,0
991.775,0.9630,0,0,0,0
991.806,0.9630,0,0,0,0
991.838,0.9630,0,0,0,0
991.874,0.9630,0,0,0,0
991.906,0.9630,0,0,0,0
991.941,0.9630,0,0,0,0
991.972,0.9630,0,0,0,0
992.006,0.9630,0,0,0,0
992.037,0.9630,0,0,0,0
992.071,0.9630,0,0,0,0
992.104,0.9630,0,0,0,0
992.140,0.9630,0,0,0,0
992.175,0.9630,0,0,0,0
992.204,0.9630,0,0,0,0
992.240,0.9630,0,0,0,0
992.271,0.9630,0,0,0,0
992.304,0.9630,0,0,0,0
992.342,0.9630,0,0,0,0
992.372,0.9630,0,0,0,0
992.405,0.9630,0,0,0,0
992.438,0.9630,0,0,0,0
992.472,0.9630,0,0,0,0
992.508,0.9630,0,0,0,0
992.542,0.9630,0,0,0,0
992.571,0.9630,0,0,0,0
992.604,0.9630,0,0,0,0
992.638,0.9630,0,0,0,0
992.671,0.9630,0,0,0,0
992.706,0.9630,0,0,0,0
992.739,0.9630,0,0,0,0
992.775,0.9630,0,0,0,0
992.804,0.9630,0,0,0,0
992.841,0.9630,0,0,0,0
992.874,0.9630,0,0,0,0
992.905,0.9630,0,0,0,0
992.940,0.9630,0,0,0,0
992.973,0.9630,0,0,0,0
993.008,0.9630,0,0,0,0
993.038,0.9630,0,0,0,0
993.070,0.9630,0,0,0,0
993.105,0.9630,0,0,0,0
993.142,0.9630,0,0,0,0
993.172,0.9630,0,0,0,0
993.206,0.9630,0,0,0,0
993.241,0.9630,0,0,0,0
993.275,0.9630,0,0,0,0
993.306,0.9630,0,0,0,0
993.337,0.9630,0,0,0,0
993.371,0.9630,0,0,0,0
993.406,0.9630,0,0,0,0
993.441,0.9630,0,0,0,0
993.472,0.9630,0,0,0,0
993.503,0.9630,0,0,0,0
993.541,0.9630,0,0,0,0
993.571,0.9630,0,0,0,0
993.605,0.9630,0,0,0,0
993.637,0.9630,0,0,0,0
993.670,0.9630,0,0,0,0
993.708,0.9630,0,0,0,0
993.737,0.9630,0,0,0,0
993.773,0.9630,0,0,0,0
993.807,0.9630,0,0,0,0
993.842,0.9630,0,0,0,0
993.871,0.9630,0,0,0,0
993.905,0.9630,0,0,0,0
993.940,0.9630,0,0,0,0
993.973,0.9630,0,0,0,0
994.005,0.9630,0,0,0,0
994.040,0.9630,0,0,0,0
994.075,0.9630,0,0,0,0
994.104,0.9630,0,0,0,0
994.138,0.9630,0,0,0,0
994.172,0.9630,0,0,0,0
994.204,0.9630,0,0,0,0
994.242,0.9630,0,0,0,0
994.273,0.9630,0,0,0,0
994.307,0.9630,0,0,0,0
994.339,0.9630,0,0,0,0
994.373,0.9630,0,0,0,0
994.406,0.9630,0,0,0,0
994.440,0.9630,0,0,0,0
994.474,0.9630,0,0,0,0
994.506,0.9630,0,0,0,0
994.541,0.9630,0,0,0,0
994.571,0.9630,0,0,0,0
994.606,0.9630,0,0,0,0
994.643,0.9630,0,0,0,0
994.674,0.9630,0,0,0,0
994.704,0.9630,0,0,0,0
994.738,0.9630,0,0,0,0
994.770,0.9630,0,0,0,0
994.806,0.9630,0,0,0,0
994.840,0.9630,0,0,0,0
994.873,0.9630,0,0,0,0
994.908,0.9630,0,0,0,0
994.941,0.9630,0,0,0,0
994.970,0.9630,0,0,0,0
995.005,0.9630,0,0,0,0
995.038,0.9630,0,0,0,0
995.074,0.9630,0,0,0,0
995.107,0.9630,0,0,0,0
995.131,0.9630,0,0,0,0
995.170,0.9630,0,0,0,0
995.208,0.9630,0,0,0,0
995.239,0.9630,0,0,0,0
995.275,0.9630,0,0,0,0
995.306,0.9630,0,0,0,0
995.339,0.9630,0,0,0,0
995.374,0.9630,0,0,0,0
995.407,0.9630,0,0,0,0
995.440,0.9630,0,0,0,0
995.471,0.9630,0,0,0,0
995.504,0.9630,0,0,0,0
995.542,0.9630,0,0,0,0
995.572,0.9630,0,0,0,0
995.604,0.9630,0,0,0,0
995.640,0.9630,0,0,0,0
995.672,0.9630,0,0,0,0
995.705,0.9630,0,0,0,0
995.738,0.9630,0,0,0,0
995.774,0.9630,0,0,0,0
995.805,0.9630,0,0,0,0
995.841,0.9630,0,0,0,0
995.874,0.9630,0,0,0,0
995.908,0.9630,0,0,0,0
995.940,0.9630,0,0,0,0
995.971,0.9630,0,0,0,0
996.008,0.9630,0,0,0,0
996.038,0.9630,0,0,0,0
996.074,0.9630,0,0,0,0
996.104,0.9630,0,0,0,0
996.142,0.9630,0,0,0,0
996.173,0.9630,0,0,0,0
996.204,0.9630,0,0,0,0
996.240,0.9630,0,0,0,0
996.273,0.9630,0,0,0,0
996.306,0.9630,0,0,0,0
996.339,0.9630,0,0,0,0
996.374,0.9630,0,0,0,0
996.407,0.9630,0,0,0,0
996.441,0.9630,0,0,0,0
996.471,0.9630,0,0,0,0
996.509,0.9630,0,0,0,0
996.541,0.9630,0,0,0,0
996.574,0.9630,0,0,0,0
996.605,0.9630,0,0,0,0
996.638,0.9630,0,0,0,0
996.673,0.9630,0,0,0,0
996.707,0.9630,0,0,0,0
996.739,0.9630,0,0,0,0
996.775,0.9630,0,0,0,0
996.808,0.9630,0,0,0,0
996.840,0.9630,0,0,0,0
996.871,0.9630,0,0,0,0
996.907,0.9630,0,0,0,0
996.939,0.9630,0,0,0,0
996.974,0.9630,0,0,0,0
997.004,0.9630,0,0,0,0
997.037,0.9630,0,0,0,0
997.072,0.9630,0,0,0,0
997.106,0.9630,0,0,0,0
997.138,0.9630,0,0,0,0
997.165,0.9630,0,0,0,0
997.205,0.9630,0,0,0,0
997.237,0.9630,0,0,0,0
997.271,0.9630,0,0,0,0
997.304,0.9630,0,0,0,0
997.336,0.9630,0,0,0,0
997.375,0.9630,0,0,0,0
997.406,0.9630,0,0,0,0
997.439,0.9630,0,0,0,0
997.473,0.9630,0,0,0,0
997.503,0.9630,0,0,0,0
997.530,0.9630,0,0,0,0
997.571,0.9630,0,0,0,0
997.601,0.9630,0,0,0,0
997.641,0.9630,0,0,0,0
997.673,0.9630,0,0,0,0
997.711,0.9630,0,0,0,0
997.740,0.9630,0,0,0,0
997.773,0.9630,0,0,0,0
997.808,0.9630,0,0,0,0
997.840,0.9630,0,0,0,0
997.871,0.9630,0,0,0,0
997.907,0.9630,0,0,0,0
997.937,0.9630,0,0,0,0
997.974,0.9630,0,0,0,0
998.007,0.9630,0,0,0,0
998.039,0.9630,0,0,0,0
998.075,0.9630,0,0,0,0
998.111,0.9630,0,0,0,0
998.132,0.9630,0,0,0,0
998.179,0.9630,0,0,0,0
998.206,0.9630,0,0,0,0
998.242,0.9630,0,0,0,0
998.271,0.9630,0,0,0,0
998.306,0.9630,0,0,0,0
998.340,0.9630,0,0,0,0
998.376,0.9630,0,0,0,0
998.399,0.9630,0,0,0,0
998.437,0.9630,0,0,0,0
998.472,0.9630,0,0,0,0
998.505,0.9630,0,0,0,0
998.539,0.9630,0,0,0,0
998.570,0.9630,0,0,0,0
998.609,0.9630,0,0,0,0
998.635,0.9630,0,0,0,0
998.673,0.9630,0,0,0,0
998.768,0.9630,0,0,0,0
998.805,0.9630,0,0,0,0
998.818,0.9630,0,0,0,0
998.842,0.9630,0,0,0,0
998.876,0.9630,0,0,0,0
998.910,0.9630,0,0,0,0
998.941,0.9630,0,0,0,0
998.974,0.9630,0,0,0,0
999.009,0.9630,0,0,0,0
999.043,0.9630,0,0,0,0
999.075,0.9630,0,0,0,0
999.108,0.9630,0,0,0,0
999.137,0.9630,0,0,0,0
999.179,0.9630,0,0,0,0
999.209,0.9630,0,0,0,0
999.242,0.9630,0,0,0,0
999.278,0.9630,0,0,0,0
999.308,0.9630,0,0,0,0
999.341,0.9630,0,0,0,0
999.374,0.9630,0,0,0,0
999.407,0.9630,0,0,0,0
999.443,0.9630,0,0,0,0
999.468,0.9630,0,0,0,0
999.507,0.9630,0,0,0,0
999.545,0.9630,0,0,0,0
999.577,0.9630,0,0,0,0
999.609,0.9630,0,0,0,0
999.643,0.9630,0,0,0,0
999.677,0.9630,0,0,0,0
999.712,0.9630,0,0,0,0
999.744,0.9630,0,0,0,0
999.776,0.9630,0,0,0,0
999.809,0.9630,0,0,0,0
999.842,0.9630,0,0,0,0
999.878,0.9630,0,0,0,0
999.910,0.9630,0,0,0,0
999.944,0.9630,0,0,0,0
999.966,0.9630,0,0,0,0
1000.010,0.9630,0,0,0,0
1000.044,0.9630,0,0,0,0
1000.077,0.9630,0,0,0,0
1000.108,0.9630,0,0,0,0
1000.141,0.9630,0,0,0,0
1000.176,0.9630,0,0,0,0
1000.208,0.9630,0,0,0,0
1000.244,0.9630,0,0,0,0
1000.278,0.9630,0,0,0,0
1000.307,0.9630,0,0,0,0
1000.344,0.9630,0,0,0,0
1000.377,0.9630,0,0,0,0
1000.408,0.9630,0,0,0,0
1000.443,0.9630,0,0,0,0
1000.475,0.9630,0,0,0,0
1000.511,0.9630,0,0,0,0
1000.534,0.9630,0,0,0,0
1000.577,0.9630,0,0,0,0
1000.606,0.9630,0,0,0,0
1000.645,0.9630,0,0,0,0
1000.676,0.9630,0,0,0,0
1000.711,0.9630,0,0,0,0
1000.744,0.9630,0,0,0,0
1000.780,0.9630,0,0,0,0
1000.812,0.9630,0,0,0,0
1000.844,0.9630,0,0,0,0
1000.878,0.9630,0,0,0,0
1000.910,0.9630,0,0,0,0
1000.946,0.9630,0,0,0,0
1000.967,0.9630,0,0,0,0
1001.008,0.9630,0,0,0,0
1001.042,0.9630,0,0,0,0
1001.075,0.9630,0,0,0,0
1001.111,0.9630,0,0,0,0
1001.145,0.9630,0,0,0,0
1001.175,0.9630,0,0,0,0
1001.207,0.9630,0,0,0,0
1001.241,0.9630,0,0,0,0
1001.277,0.9630,0,0,0,0
1001.299,0.9630,0,0,0,0
1001.342,0.9630,0,0,0,0
1001.376,0.9630,0,0,0,0
1001.410,0.9630,0,0,0,0
1001.444,0.9630,0,0,0,0
1001.474,0.9630,0,0,0,0
1001.511,0.9630,0,0,0,0
1001.543,0.9630,0,0,0,0
1001.572,0.9630,0,0,0,0
1001.607,0.9630,0,0,0,0
1001.640,0.9630,0,0,0,0
1001.674,0.9630,0,0,0,0
1001.711,0.9630,0,0,0,0
1001.744,0.9630,0,0,0,0
1001.776,0.9630,0,0,0,0
1001.809,0.9630,0,0,0,0
1001.840,0.9630,0,0,0,0
1001.876,0.9630,0,0,0,0
1001.911,0.9630,0,0,0,0
1001.941,0.9630,0,0,0,0
1001.977,0.9630,0,0,0,0
1002.008,0.9630,0,0,0,0
1002.039,0.9630,0,0,0,0
1002.076,0.9630,0,0,0,0
1002.111,0.9630,0,0,0,0
1002.141,0.9630,0,0,0,0
1002.179,0.9630,0,0,0,0
1002.211,0.9630,0,0,0,0
1002.293,0.9630,0,0,0,0
1002.328,0.9630,0,0,0,0
1002.359,0.9630,0,0,0,0
1002.392,0.9630,0,0,0,0
1002.427,0.9630,0,0,0,0
1002.460,0.9630,0,0,0,0
1002.492,0.9630,0,0,0,0
1002.527,0.9630,0,0,0,0
1002.559,0.9630,0,0,0,0
1002.592,0.9630,0,0,0,0
1002.629,0.9630,0,0,0,0
1002.662,0.9630,0,0,0,0
1002.696,0.9630,0,0,0,0
1002.725,0.9630,0,0,0,0
1002.761,0.9630,0,0,0,0
1002.797,0.9630,0,0,0,0
1002.817,0.9630,0,0,0,0
1002.858,0.9630,0,0,0,0
1002.894,0.9630,0,0,0,0
1002.928,0.9630,0,0,0,0
1002.961,0.9630,0,0,0,0
1002.994,0.9630,0,0,0,0
1003.027,0.9630,0,0,0,0
1003.061,0.9630,0,0,0,0
1003.093,0.9630,0,0,0,0
1003.130,0.9630,0,0,0,0
1003.158,0.9630,0,0,0,0
1003.195,0.9630,0,0,0,0
1003.228,0.9630,0,0,0,0
1003.258,0.9630,0,0,0,0
1003.294,0.9630,0,0,0,0
1003.327,0.9630,0,0,0,0
1003.359,0.9630,0,0,0,0
1003.394,0.9630,0,0,0,0
1003.427,0.9630,0,0,0,0
1003.461,0.9630,0,0,0,0
1003.495,0.9630,0,0,0,0
1003.525,0.9630,0,0,0,0
1003.558,0.9630,0,0,0,0
1003.593,0.9630,0,0,0,0
1003.625,0.9630,0,0,0,0
1003.660,0.9630,0,0,0,0
1003.692,0.9630,0,0,0,0
1003.727,0.9630,0,0,0,0
1003.762,0.9630,0,0,0,0
1003.794,0.9630,0,0,0,0
1003.826,0.9630,0,0,0,0
1003.862,0.9630,0,0,0,0
1003.885,0.9630,0,0,0,0
1003.927,0.9630,0,0,0,0
1003.957,0.9630,0,0,0,0
1003.991,0.9630,0,0,0,0
1004.026,0.9630,0,0,0,0
1004.061,0.9630,0,0,0,0
1004.095,0.9630,0,0,0,0
1004.132,0.9630,0,0,0,0
1004.151,0.9630,0,0,0,0
1004.192,0.9630,0,0,0,0
1004.217,0.9630,0,0,0,0
1004.260,0.9630,0,0,0,0
1004.294,0.9630,0,0,0,0
1004.325,0.9630,0,0,0,0
1004.362,0.9630,0,0,0,0
1004.392,0.9630,0,0,0,0
1004.426,0.9630,0,0,0,0
1004.456,0.9630,0,0,0,0
1004.494,0.9630,0,0,0,0
1004.528,0.9630,0,0,0,0
1004.550,0.9630,0,0,0,0
1004.594,0.9630,0,0,0,0
1004.624,0.9630,0,0,0,0
1004.659,0.9630,0,0,0,0
1004.691,0.9630,0,0,0,0
1004.727,0.9630,0,0,0,0
1004.759,0.9630,0,0,0,0
1004.792,0.9630,0,0,0,0
1004.816,0.9630,0,0,0,0
1004.859,0.9630,0,0,0,0
1004.894,0.9630,0,0,0,0
1004.926,0.9630,0,0,0,0
1004.958,0.9630,0,0,0,0
1004.991,0.9630,0,0,0,0
1005.016,0.9630,0,0,0,0
1005.062,0.9630,0,0,0,0
1005.086,0.9630,0,0,0,0
1005.126,0.9630,0,0,0,0
1005.160,0.9630,0,0,0,0
1005.195,0.9630,0,0,0,0
1005.228,0.9630,0,0,0,0
1005.259,0.9630,0,0,0,0
1005.293,0.9630,0,0,0,0
1005.326,0.9630,0,0,0,0
1005.358,0.9630,0,0,0,0
1005.393,0.9630,0,0,0,0
1005.427,0.9630,0,0,0,0
1005.458,0.9630,0,0,0,0
1005.494,0.9630,0,0,0,0
1005.525,0.9630,0,0,0,0
1005.558,0.9630,0,0,0,0
1005.591,0.9630,0,0,0,0
1005.628,0.9630,0,0,0,0
1005.658,0.9630,0,0,0,0
1005.694,0.9630,0,0,0,0
1005.729,0.9630,0,0,0,0
1005.761,0.9630,0,0,0,0
1005.795,0.9630,0,0,0,0
1005.823,0.9630,0,0,0,0
1005.859,0.9630,0,0,0,0
1005.892,0.9630,0,0,0,0
1005.927,0.9630,0,0,0,0
1005.958,0.9630,0,0,0,0
1005.995,0.9630,0,0,0,0
1006.025,0.9630,0,0,0,0
1006.061,0.9630,0,0,0,0
1006.093,0.9630,0,0,0,0
1006.126,0.9630,0,0,0,0
1006.166,0.9630,0,0,0,0
1006.185,0.9630,0,0,0,0
1006.229,0.9630,0,0,0,0
1006.262,0.9630,0,0,0,0
1006.294,0.9630,0,0,0,0
1006.328,0.9630,0,0,0,0
1006.359,0.9630,0,0,0,0
1006.394,0.9630,0,0,0,0
1006.425,0.9630,0,0,0,0
1006.460,0.9630,0,0,0,0
1006.493,0.9630,0,0,0,0
1006.527,0.9630,0,0,0,0
1006.561,0.9630,0,0,0,0
1006.595,0.9630,0,0,0,0
1006.628,0.9630,0,0,0,0
1006.658,0.9630,0,0,0,0
1006.693,0.9630,0,0,0,0
1006.725,0.9630,0,0,0,0
1006.759,0.9630,0,0,0,0
1006.794,0.9630,0,0,0,0
1006.825,0.9630,0,0,0,0
1006.862,0.9630,0,0,0,0
1006.896,0.9630,0,0,0,0
1006.926,0.9630,0,0,0,0
1006.960,0.9630,0,0,0,0
1006.993,0.9630,0,0,0,0
1007.028,0.9630,0,0,0,0
1007.061,0.9630,0,0,0,0
1007.084,0.9630,0,0,0,0
1007.126,0.9630,0,0,0,0
1007.158,0.9630,0,0,0,0
1007.192,0.9630,0,0,0,0
1007.226,0.9630,0,0,0,0
1007.259,0.9630,0,0,0,0
1007.294,0.9630,0,0,0,0
1007.326,0.9630,0,0,0,0
1007.358,0.9630,0,0,0,0
1007.395,0.9630,0,0,0,0
1007.427,0.9630,0,0,0,0
1007.460,0.9630,0,0,0,0
1007.494,0.9630,0,0,0,0
1007.525,0.9630,0,0,0,0
1007.561,0.9630,0,0,0,0
1007.593,0.9630,0,0,0,0
1007.627,0.9630,0,0,0,0
1007.662,0.9630,0,0,0,0
1007.695,0.9630,0,0,0,0
1007.728,0.9630,0,0,0,0
1007.758,0.9630,0,0,0,0
1007.795,0.9630,0,0,0,0
1007.826,0.9630,0,0,0,0
1007.860,0.9630,0,0,0,0
1007.893,0.9630,0,0,0,0
1007.925,0.9630,0,0,0,0
1007.959,0.9630,0,0,0,0
1007.993,0.9630,0,0,0,0
1008.026,0.9630,0,0,0,0
1008.060,0.9630,0,0,0,0
1008.093,0.9630,0,0,0,0
1008.127,0.9630,0,0,0,0
1008.159,0.9630,0,0,0,0
1008.192,0.9630,0,0,0,0
1008.228,0.9630,0,0,0,0
1008.258,0.9630,0,0,0,0
1008.294,0.9630,0,0,0,0
1008.328,0.9630,0,0,0,0
1008.356,0.9630,0,0,0,0
1008.394,0.9630,0,0,0,0
1008.425,0.9630,0,0,0,0
1008.461,0.9630,0,0,0,0
1008.494,0.9630,0,0,0,0
1008.526,0.9630,0,0,0,0
1008.558,0.9630,0,0,0,0
1008.594,0.9630,0,0,0,0
1008.628,0.9630,0,0,0,0
1008.660,0.9630,0,0,0,0
1008.691,0.9630,0,0,0,0
1008.727,0.9630,0,0,0,0
1008.758,0.9630,0,0,0,0
1008.795,0.9630,0,0,0,0
1008.826,0.9630,0,0,0,0
1008.861,0.9630,0,0,0,0
1008.891,0.9630,0,0,0,0
1008.927,0.9630,0,0,0,0
1008.961,0.9630,0,0,0,0
1008.992,0.9630,0,0,0,0
1009.028,0.9630,0,0,0,0
1009.053,0.9630,0,0,0,0
1009.093,0.9630,0,0,0,0
1009.125,0.9630,0,0,0,0
1009.159,0.9630,0,0,0,0
1009.194,0.9630,0,0,0,0
1009.224,0.9630,0,0,0,0
1009.261,0.9630,0,0,0,0
1009.289,0.9630,0,0,0,0
1009.328,0.9630,0,0,0,0
1009.363,0.9630,0,0,0,0
1009.386,0.9630,0,0,0,0
1009.429,0.9630,0,0,0,0
1009.456,0.9630,0,0,0,0
1009.492,0.9630,0,0,0,0
1009.527,0.9630,0,0,0,0
1009.549,0.9630,0,0,0,0
1009.592,0.9630,0,0,0,0
1009.628,0.9630,0,0,0,0
1009.659,0.9630,0,0,0,0
1009.693,0.9630,0,0,0,0
1009.720,0.9630,0,0,0,0
1009.761,0.9630,0,0,0,0
1009.783,0.9630,0,0,0,0
1009.828,0.9630,0,0,0,0
1009.855,0.9630,0,0,0,0
1009.895,0.9630,0,0,0,0
1009.927,0.9630,0,0,0,0
1009.960,0.9630,0,0,0,0
1009.994,0.9630,0,0,0,0
1010.026,0.9630,0,0,0,0
1010.060,0.9630,0,0,0,0
1010.092,0.9630,0,0,0,0
1010.128,0.9630,0,0,0,0
1010.161,0.9630,0,0,0,0
1010.192,0.9630,0,0,0,0
1010.226,0.9630,0,0,0,0
1010.262,0.9630,0,0,0,0
1010.294,0.9630,0,0,0,0
1010.324,0.9630,0,0,0,0
1010.359,0.9630,0,0,0,0
1010.392,0.9630,0,0,0,0
1010.427,0.9630,0,0,0,0
1010.460,0.9630,0,0,0,0
1010.492,0.9630,0,0,0,0
1010.528,0.9630,0,0,0,0
1010.560,0.9630,0,0,0,0
1010.595,0.9630,0,0,0,0
1010.628,0.9630,0,0,0,0
1010.661,0.9630,0,0,0,0
1010.693,0.9630,0,0,0,0
1010.729,0.9630,0,0,0,0
1010.758,0.9630,0,0,0,0
1010.790,0.9630,0,0,0,0
1010.828,0.9630,0,0,0,0
1010.862,0.9630,0,0,0,0
1010.891,0.9630,0,0,0,0
1010.930,0.9630,0,0,0,0
1010.955,0.9630,0,0,0,0
1010.996,0.9630,0,0,0,0
1011.024,0.9630,0,0,0,0
1011.059,0.9630,0,0,0,0
1011.090,0.9630,0,0,0,0
1011.128,0.9630,0,0,0,0
1011.159,0.9630,0,0,0,0
1011.195,0.9630,0,0,0,0
1011.228,0.9630,0,0,0,0
1011.252,0.9630,0,0,0,0
1011.298,0.9630,0,0,0,0
1011.317,0.9630,0,0,0,0
1011.359,0.9630,0,0,0,0
1011.392,0.9630,0,0,0,0
1011.425,0.9630,0,0,0,0
1011.461,0.9630,0,0,0,0
1011.494,0.9630,0,0,0,0
1011.525,0.9630,0,0,0,0
1011.558,0.9630,0,0,0,0
1011.594,0.9630,0,0,0,0
1011.628,0.9630,0,0,0,0
1011.661,0.9630,0,0,0,0
1011.693,0.9630,0,0,0,0
1011.729,0.9630,0,0,0,0
1011.751,0.9630,0,0,0,0
1011.791,0.9630,0,0,0,0
1011.828,0.9630,0,0,0,0
1011.860,0.9630,0,0,0,0
1011.898,0.9630,0,0,0,0
1011.925,0.9630,0,0,0,0
1011.958,0.9630,0,0,0,0
1011.993,0.9630,0,0,0,0
1012.028,0.9630,0,0,0,0
1012.060,0.9630,0,0,0,0
1012.091,0.9630,0,0,0,0
1012.126,0.9630,0,0,0,0
1012.160,0.9630,0,0,0,0
1012.193,0.9630,0,0,0,0
1012.230,0.9630,0,0,0,0
1012.258,0.9630,0,0,0,0
1012.292,0.9630,0,0,0,0
1012.327,0.9630,0,0,0,0
1012.359,0.9630,0,0,0,0
1012.394,0.9630,0,0,0,0
1012.424,0.9630,0,0,0,0
1012.458,0.9630,0,0,0,0
1012.493,0.9630,0,0,0,0
1012.529,0.9630,0,0,0,0
1012.559,0.9630,0,0,0,0
1012.593,0.9630,0,0,0,0
1012.625,0.9630,0,0,0,0
1012.660,0.9630,0,0,0,0
1012.693,0.9630,0,0,0,0
1012.726,0.9630,0,0,0,0
1012.761,0.9630,0,0,0,0
1012.794,0.9630,0,0,0,0
1012.825,0.9630,0,0,0,0
1012.849,0.9630,0,0,0,0
1012.895,0.9630,0,0,0,0
1012.927,0.9630,0,0,0,0
1012.959,0.9630,0,0,0,0
1012.994,0.9630,0,0,0,0
1013.026,0.9630,0,0,0,0
1013.058,0.9630,0,0,0,0
1013.094,0.9630,0,0,0,0
1013.125,0.9630,0,0,0,0
1013.158,0.9630,0,0,0,0
1013.194,0.9630,0,0,0,0
1013.231,0.9630,0,0,0,0
1013.261,0.9630,0,0,0,0
1013.284,0.9630,0,0,0,0
1013.330,0.9630,0,0,0,0
1013.362,0.9630,0,0,0,0
1013.392,0.9630,0,0,0,0
1013.427,0.9630,0,0,0,0
1013.460,0.9630,0,0,0,0
1013.495,0.9630,0,0,0,0
1013.527,0.9630,0,0,0,0
1013.558,0.9630,0,0,0,0
1013.593,0.9630,0,0,0,0
1013.616,0.9630,0,0,0,0
1013.661,0.9630,0,0,0,0
1013.688,0.9630,0,0,0,0
1013.725,0.9630,0,0,0,0
1013.760,0.9630,0,0,0,0
1013.793,0.9630,0,0,0,0
1013.827,0.9630,0,0,0,0
1013.858,0.9630,0,0,0,0
1013.895,0.9630,0,0,0,0
1013.928,0.9630,0,0,0,0
1013.959,0.9630,0,0,0,0
1013.993,0.9630,0,0,0,0
1014.029,0.9630,0,0,0,0
1014.059,0.9630,0,0,0,0
1014.093,0.9630,0,0,0,0
1014.126,0.9630,0,0,0,0
1014.159,0.9630,0,0,0,0
1014.194,0.9630,0,0,0,0
1014.225,0.9630,0,0,0,0
1014.258,0.9630,0,0,0,0
1014.292,0.9630,0,0,0,0
1014.329,0.9630,0,0,0,0
1014.360,0.9630,0,0,0,0
1014.392,0.9630,0,0,0,0
1014.427,0.9630,0,0,0,0
1014.458,0.9630,0,0,0,0
1014.494,0.9630,0,0,0,0
1014.525,0.9630,0,0,0,0
1014.558,0.9630,0,0,0,0
1014.595,0.9630,0,0,0,0
1014.627,0.9630,0,0,0,0
1014.661,0.9630,0,0,0,0
1014.684,0.9630,0,0,0,0
1014.725,0.9630,0,0,0,0
1014.759,0.9630,0,0,0,0
1014.795,0.9630,0,0,0,0
1014.829,0.9630,0,0,0,0
1014.859,0.9630,0,0,0,0
1014.893,0.9630,0,0,0,0
1014.926,0.9630,0,0,0,0
1014.959,0.9630,0,0,0,0
1014.993,0.9630,0,0,0,0
1015.026,0.9630,0,0,0,0
1015.058,0.9630,0,0,0,0
1015.093,0.9630,0,0,0,0
1015.128,0.9630,0,0,0,0
1015.160,0.9630,0,0,0,0
1015.193,0.9630,0,0,0,0
1015.229,0.9630,0,0,0,0
1015.259,0.9630,0,0,0,0
1015.293,0.9630,0,0,0,0
1015.325,0.9630,0,0,0,0
1015.359,0.9630,0,0,0,0
1015.392,0.9630,0,0,0,0
1015.424,0.9630,0,0,0,0
1015.461,0.9630,0,0,0,0
1015.494,0.9630,0,0,0,0
1015.528,0.9630,0,0,0,0
1015.560,0.9630,0,0,0,0
1015.594,0.9630,0,0,0,0
1015.629,0.9630,0,0,0,0
1015.658,0.9630,0,0,0,0
1015.691,0.9630,0,0,0,0
1015.728,0.9630,0,0,0,0
1015.760,0.9630,0,0,0,0
1015.793,0.9630,0,0,0,0
1015.826,0.9630,0,0,0,0
1015.861,0.9630,0,0,0,0
1015.894,0.9630,0,0,0,0
1015.927,0.9630,0,0,0,0
1015.960,0.9630,0,0,0,0
1015.995,0.9630,0,0,0,0
1016.026,0.9630,0,0,0,0
1016.066,0.9630,0,0,0,0
1016.093,0.9630,0,0,0,0
1016.127,0.9630,0,0,0,0
1016.158,0.9630,0,0,0,0
1016.191,0.9630,0,0,0,0
1016.223,0.9630,0,0,0,0
1016.259,0.9630,0,0,0,0
1016.299,0.9630,0,0,0,0
1016.319,0.9630,0,0,0,0
1016.362,0.9630,0,0,0,0
1016.394,0.9630,0,0,0,0
1016.426,0.9630,0,0,0,0
1016.460,0.9630,0,0,0,0
1016.491,0.9630,0,0,0,0
1016.527,0.9630,0,0,0,0
1016.562,0.9630,0,0,0,0
1016.590,0.9630,0,0,0,0
1016.624,0.9630,0,0,0,0
1016.662,0.9630,0,0,0,0
1016.693,0.9630,0,0,0,0
1016.725,0.9630,0,0,0,0
1016.784,0.9630,0,0,0,0
1016.834,0.9630,0,0,0,0
1016.848,0.9630,0,0,0,0
1016.883,0.9630,0,0,0,0
1016.915,0.9630,0,0,0,0
1016.950,0.9630,0,0,0,0
1016.982,0.9630,0,0,0,0
1017.015,0.9630,0,0,0,0
1017.047,0.9630,0,0,0,0
1017.084,0.9630,0,0,0,0
1017.115,0.9630,0,0,0,0
1017.149,0.9630,0,0,0,0
1017.181,0.9630,0,0,0,0
1017.217,0.9630,0,0,0,0
1017.241,0.9630,0,0,0,0
1017.282,0.9630,0,0,0,0
1017.317,0.9630,0,0,0,0
1017.349,0.9630,0,0,0,0
1017.384,0.9630,0,0,0,0
1017.416,0.9630,0,0,0,0
1017.447,0.9630,0,0,0,0
1017.493,0.9630,0,0,0,0
1017.508,0.9630,0,0,0,0
1017.547,0.9630,0,0,0,0
1017.584,0.9630,0,0,0,0
1017.617,0.9630,0,0,0,0
1017.651,0.9630,0,0,0,0
1017.684,0.9630,0,0,0,0
1017.716,0.9630,0,0,0,0
1017.746,0.9630,0,0,0,0
1017.783,0.9630,0,0,0,0
1017.818,0.9630,0,0,0,0
1017.854,0.9630,0,0,0,0
1017.881,0.9630,0,0,0,0
1017.917,0.9630,0,0,0,0
1017.949,0.9630,0,0,0,0
1017.979,0.9630,0,0,0,0
1018.015,0.9630,0,0,0,0
1018.049,0.9630,0,0,0,0
1018.082,0.9630,0,0,0,0
1018.116,0.9630,0,0,0,0
1018.148,0.9630,0,0,0,0
1018.184,0.9630,0,0,0,0
1018.217,0.9630,0,0,0,0
1018.247,0.9630,0,0,0,0
1018.286,0.9630,0,0,0,0
1018.307,0.9630,0,0,0,0
1018.349,0.9630,0,0,0,0
1018.385,0.9630,0,0,0,0
1018.418,0.9630,0,0,0,0
1018.448,0.9630,0,0,0,0
1018.483,0.9630,0,0,0,0
1018.516,0.9630,0,0,0,0
1018.551,0.9630,0,0,0,0
1018.582,0.9630,0,0,0,0
1018.614,0.9630,0,0,0,0
1018.649,0.9630,0,0,0,0
1018.682,0.9630,0,0,0,0
1018.719,0.9630,0,0,0,0
1018.750,0.9630,0,0,0,0
1018.781,0.9630,0,0,0,0
1018.818,0.9630,0,0,0,0
1018.850,0.9630,0,0,0,0
1018.880,0.9630,0,0,0,0
1018.917,0.9630,0,0,0,0
1018.948,0.9630,0,0,0,0
1018.984,0.9630,0,0,0,0
1019.017,0.9630,0,0,0,0
1019.050,0.9630,0,0,0,0
1019.083,0.9630,0,0,0,0
1019.116,0.9630,0,0,0,0
1019.148,0.9630,0,0,0,0
1019.182,0.9630,0,0,0,0
1019.217,0.9630,0,0,0,0
1019.248,0.9630,0,0,0,0
1019.282,0.9630,0,0,0,0
1019.318,0.9630,0,0,0,0
1019.345,0.9630,0,0,0,0
1019.383,0.9630,0,0,0,0
1019.405,0.9630,0,0,0,0
1019.449,0.9630,0,0,0,0
1019.480,0.9630,0,0,0,0
1019.515,0.9630,0,0,0,0
1019.551,0.9630,0,0,0,0
1019.585,0.9630,0,0,0,0
1019.618,0.9630,0,0,0,0
1019.650,0.9630,0,0,0,0
1019.684,0.9630,0,0,0,0
1019.717,0.9630,0,0,0,0
1019.739,0.9630,0,0,0,0
1019.783,0.9630,0,0,0,0
1019.816,0.9630,0,0,0,0
1019.849,0.9630,0,0,0,0
1019.882,0.9630,0,0,0,0
1019.916,0.9630,0,0,0,0
1019.950,0.9630,0,0,0,0
1019.982,0.9630,0,0,0,0
1020.015,0.9630,0,0,0,0
1020.051,0.9630,0,0,0,0
1020.087,0.9630,0,0,0,0
1020.111,0.9630,0,0,0,0
1020.149,0.9630,0,0,0,0
1020.184,0.9630,0,0,0,0
1020.214,0.9630,0,0,0,0
1020.248,0.9630,0,0,0,0
1020.284,0.9630,0,0,0,0
1020.315,0.9630,0,0,0,0
1020.350,0.9630,0,0,0,0
1020.384,0.9630,0,0,0,0
1020.416,0.9630,0,0,0,0
1020.448,0.9630,0,0,0,0
1020.483,0.9630,0,0,0,0
1020.518,0.9630,0,0,0,0
1020.547,0.9630,0,0,0,0
1020.584,0.9630,0,0,0,0
1020.618,0.9630,0,0,0,0
1020.650,0.9630,0,0,0,0
1020.680,0.9630,0,0,0,0
1020.714,0.9630,0,0,0,0
1020.750,0.9630,0,0,0,0
1020.782,0.9630,0,0,0,0
1020.817,0.9630,0,0,0,0
1020.850,0.9630,0,0,0,0
1020.884,0.9630,0,0,0,0
1020.917,0.9630,0,0,0,0
1020.948,0.9630,0,0,0,0
1020.982,0.9630,0,0,0,0
1021.019,0.9630,0,0,0,0
1021.051,0.9630,0,0,0,0
1021.084,0.9630,0,0,0,0
1021.117,0.9630,0,0,0,0
1021.151,0.9630,0,0,0,0
1021.173,0.9630,0,0,0,0
1021.214,0.9630,0,0,0,0
1021.254,0.9630,0,0,0,0
1021.276,0.9630,0,0,0,0
1021.316,0.9630,0,0,0,0
1021.349,0.9630,0,0,0,0
1021.383,0.9630,0,0,0,0
1021.415,0.9630,0,0,0,0
1021.451,0.9630,0,0,0,0
1021.480,0.9630,0,0,0,0
1021.517,0.9630,0,0,0,0
1021.549,0.9630,0,0,0,0
1021.583,0.9630,0,0,0,0
1021.615,0.9630,0,0,0,0
1021.649,0.9630,0,0,0,0
1021.682,0.9630,0,0,0,0
1021.713,0.9630,0,0,0,0
1021.749,0.9630,0,0,0,0
1021.781,0.9630,0,0,0,0
1021.814,0.9630,0,0,0,0
1021.848,0.9630,0,0,0,0
1021.871,0.9630,0,0,0,0
1021.917,0.9630,0,0,0,0
1021.943,0.9630,0,0,0,0
1021.983,0.9630,0,0,0,0
1022.016,0.9630,0,0,0,0
1022.049,0.9630,0,0,0,0
1022.082,0.9630,0,0,0,0
1022.117,0.9630,0,0,0,0
1022.151,0.9630,0,0,0,0
1022.184,0.9630,0,0,0,0
1022.216,0.9630,0,0,0,0
1022.239,0.9630,0,0,0,0
1022.287,0.9630,0,0,0,0
1022.309,0.9630,0,0,0,0
1022.347,0.9630,0,0,0,0
1022.382,0.9630,0,0,0,0
1022.417,0.9630,0,0,0,0
1022.448,0.9630,0,0,0,0
1022.483,0.9630,0,0,0,0
1022.519,0.9630,0,0,0,0
1022.549,0.9630,0,0,0,0
1022.582,0.9630,0,0,0,0
1022.614,0.9630,0,0,0,0
1022.648,0.9630,0,0,0,0
1022.683,0.9630,0,0,0,0
1022.717,0.9630,0,0,0,0
1022.753,0.9630,0,0,0,0
1022.783,0.9630,0,0,0,0
1022.815,0.9630,0,0,0,0
1022.851,0.9630,0,0,0,0
1022.882,0.9630,0,0,0,0
1022.916,0.9630,0,0,0,0
1022.949,0.9630,0,0,0,0
1022.983,0.9630,0,0,0,0
1023.013,0.9630,0,0,0,0
1023.049,0.9630,0,0,0,0
1023.081,0.9630,0,0,0,0
1023.114,0.9630,0,0,0,0
1023.147,0.9630,0,0,0,0
1023.180,0.9630,0,0,0,0
1023.214,0.9630,0,0,0,0
1023.248,0.9630,0,0,0,0
1023.280,0.9630,0,0,0,0
1023.318,0.9630,0,0,0,0
1023.347,0.9630,0,0,0,0
1023.381,0.9630,0,0,0,0
1023.415,0.9630,0,0,0,0
1023.448,0.9630,0,0,0,0
1023.482,0.9630,0,0,0,0
1023.516,0.9630,0,0,0,0
1023.550,0.9630,0,0,0,0
1023.585,0.9630,0,0,0,0
1023.615,0.9630,0,0,0,0
1023.648,0.9630,0,0,0,0
1023.682,0.9630,0,0,0,0
1023.716,0.9630,0,0,0,0
1023.750,0.9630,0,0,0,0
1023.783,0.9630,0,0,0,0
1023.814,0.9630,0,0,0,0
1023.848,0.9630,0,0,0,0
1023.884,0.9630,0,0,0,0
1023.917,0.9630,0,0,0,0
1023.948,0.9630,0,0,0,0
1023.984,0.9630,0,0,0,0
1024.016,0.9630,0,0,0,0
1024.051,0.9630,0,0,0,0
1024.085,0.9630,0,0,0,0
1024.117,0.9630,0,0,0,0
1024.151,0.9630,0,0,0,0
1024.184,0.9630,0,0,0,0
1024.219,0.9630,0,0,0,0
1024.250,0.9630,0,0,0,0
1024.281,0.9630,0,0,0,0
1024.315,0.9630,0,0,0,0
1024.351,0.9630,0,0,0,0
1024.383,0.9630,0,0,0,0
1024.414,0.9630,0,0,0,0
1024.450,0.9630,0,0,0,0
1024.484,0.9630,0,0,0,0
1024.519,0.9630,0,0,0,0
1024.539,0.9630,0,0,0,0
1024.582,0.9630,0,0,0,0
1024.617,0.9630,0,0,0,0
1024.652,0.9630,0,0,0,0
1024.682,0.9630,0,0,0,0
1024.719,0.9630,0,0,0,0
1024.752,0.9630,0,0,0,0
1024.784,0.9630,0,0,0,0
1024.815,0.9630,0,0,0,0
1024.849,0.9630,0,0,0,0
1024.881,0.9630,0,0,0,0
1024.915,0.9630,0,0,0,0
1024.949,0.9630,0,0,0,0
1024.984,0.9630,0,0,0,0
1025.016,0.9630,0,0,0,0
1025.052,0.9630,0,0,0,0
1025.075,0.9630,0,0,0,0
1025.117,0.9630,0,0,0,0
1025.151,0.9630,0,0,0,0
1025.182,0.9630,0,0,0,0
1025.214,0.9630,0,0,0,0
1025.250,0.9630,0,0,0,0
1025.280,0.9630,0,0,0,0
1025.316,0.9630,0,0,0,0
1025.348,0.9630,0,0,0,0
1025.386,0.9630,0,0,0,0
1025.412,0.9630,0,0,0,0
1025.448,0.9630,0,0,0,0
1025.482,0.9630,0,0,0,0
1025.516,0.9630,0,0,0,0
1025.549,0.9630,0,0,0,0
1025.582,0.9630,0,0,0,0
1025.615,0.9630,0,0,0,0
1025.647,0.9630,0,0,0,0
1025.681,0.9630,0,0,0,0
1025.715,0.9630,0,0,0,0
1025.751,0.9630,0,0,0,0
1025.784,0.9630,0,0,0,0
1025.813,0.9630,0,0,0,0
1025.849,0.9630,0,0,0,0
1025.875,0.9630,0,0,0,0
1025.921,0.9630,0,0,0,0
1025.940,0.9630,0,0,0,0
1025.981,0.9630,0,0,0,0
1026.014,0.9630,0,0,0,0
1026.047,0.9630,0,0,0,0
1026.082,0.9630,0,0,0,0
1026.116,0.9630,0,0,0,0
1026.148,0.9630,0,0,0,0
1026.183,0.9630,0,0,0,0
1026.216,0.9630,0,0,0,0
1026.251,0.9630,0,0,0,0
1026.282,0.9630,0,0,0,0
1026.315,0.9630,0,0,0,0
1026.352,0.9630,0,0,0,0
1026.381,0.9630,0,0,0,0
1026.418,0.9630,0,0,0,0
1026.452,0.9630,0,0,0,0
1026.476,0.9630,0,0,0,0
1026.515,0.9630,0,0,0,0
1026.549,0.9630,0,0,0,0
1026.585,0.9630,0,0,0,0
1026.615,0.9630,0,0,0,0
1026.648,0.9630,0,0,0,0
1026.682,0.9630,0,0,0,0
1026.718,0.9630,0,0,0,0
1026.748,0.9630,0,0,0,0
1026.781,0.9630,0,0,0,0
1026.815,0.9630,0,0,0,0
1026.847,0.9630,0,0,0,0
1026.883,0.9630,0,0,0,0
1026.916,0.9630,0,0,0,0
1026.947,0.9630,0,0,0,0
1026.981,0.9630,0,0,0,0
1027.017,0.9630,0,0,0,0
1027.051,0.9630,0,0,0,0
1027.084,0.9630,0,0,0,0
1027.118,0.9630,0,0,0,0
1027.150,0.9630,0,0,0,0
1027.180,0.9630,0,0,0,0
1027.218,0.9630,0,0,0,0
1027.247,0.9630,0,0,0,0
1027.284,0.9630,0,0,0,0
1027.317,0.9630,0,0,0,0
1027.347,0.9630,0,0,0,0
1027.381,0.9630,0,0,0,0
1027.416,0.9630,0,0,0,0
1027.450,0.9630,0,0,0,0
1027.483,0.9630,0,0,0,0
1027.518,0.9630,0,0,0,0
1027.550,0.9630,0,0,0,0
1027.584,0.9630,0,0,0,0
1027.616,0.9630,0,0,0,0
1027.649,0.9630,0,0,0,0
1027.684,0.9630,0,0,0,0
1027.716,0.9630,0,0,0,0
1027.747,0.9630,0,0,0,0
1027.781,0.9630,0,0,0,0
1027.815,0.9630,0,0,0,0
1027.850,0.9630,0,0,0,0
1027.878,0.9630,0,0,0,0
1027.916,0.9630,0,0,0,0
1027.947,0.9630,0,0,0,0
1027.983,0.9630,0,0,0,0
1028.019,0.9630,0,0,0,0
1028.049,0.9630,0,0,0,0
1028.082,0.9630,0,0,0,0
1028.115,0.9630,0,0,0,0
1028.152,0.9630,0,0,0,0
1028.176,0.9630,0,0,0,0
1028.218,0.9630,0,0,0,0
1028.251,0.9630,0,0,0,0
1028.282,0.9630,0,0,0,0
1028.306,0.9630,0,0,0,0
1028.352,0.9630,0,0,0,0
1028.385,0.9630,0,0,0,0
1028.406,0.9630,0,0,0,0
1028.452,0.9630,0,0,0,0
1028.479,0.9630,0,0,0,0
1028.517,0.9630,0,0,0,0
1028.549,0.9630,0,0,0,0
1028.573,0.9630,0,0,0,0
1028.616,0.9630,0,0,0,0
1028.653,0.9630,0,0,0,0
1028.681,0.9630,0,0,0,0
1028.714,0.9630,0,0,0,0
1028.748,0.9630,0,0,0,0
1028.784,0.9630,0,0,0,0
1028.817,0.9630,0,0,0,0
1028.847,0.9630,0,0,0,0
1028.880,0.9630,0,0,0,0
1028.917,0.9630,0,0,0,0
1028.949,0.9630,0,0,0,0
1028.985,0.9630,0,0,0,0
1029.018,0.9630,0,0,0,0
1029.054,0.9630,0,0,0,0
1029.078,0.9630,0,0,0,0
1029.118,0.9630,0,0,0,0
1029.152,0.9630,0,0,0,0
1029.182,0.9630,0,0,0,0
1029.216,0.9630,0,0,0,0
1029.247,0.9630,0,0,0,0
1029.283,0.9630,0,0,0,0
1029.317,0.9630,0,0,0,0
1029.348,0.9630,0,0,0,0
1029.381,0.9630,0,0,0,0
1029.417,0.9630,0,0,0,0
1029.450,0.9630,0,0,0,0
1029.485,0.9630,0,0,0,0
1029.516,0.9630,0,0,0,0
1029.548,0.9630,0,0,0,0
1029.581,0.9630,0,0,0,0
1029.617,0.9630,0,0,0,0
1029.647,0.9630,0,0,0,0
1029.683,0.9630,0,0,0,0
1029.716,0.9630,0,0,0,0
1029.751,0.9630,0,0,0,0
1029.782,0.9630,0,0,0,0
1029.816,0.9630,0,0,0,0
1029.849,0.9630,0,0,0,0
1029.882,0.9630,0,0,0,0
1029.914,0.9630,0,0,0,0
1029.951,0.9630,0,0,0,0
1029.973,0.9630,0,0,0,0
1030.014,0.9630,0,0,0,0
1030.048,0.9630,0,0,0,0
1030.083,0.9630,0,0,0,0
1030.116,0.9630,0,0,0,0
1030.152,0.9630,0,0,0,0
1030.180,0.9630,0,0,0,0
1030.215,0.9630,0,0,0,0
1030.256,0.9630,0,0,0,0
1030.277,0.9630,0,0,0,0
1030.316,0.9630,0,0,0,0
1030.347,0.9630,0,0,0,0
1030.385,0.9630,0,0,0,0
1030.414,0.9630,0,0,0,0
1030.450,0.9630,0,0,0,0
1030.483,0.9630,0,0,0,0
1030.517,0.9630,0,0,0,0
1030.548,0.9630,0,0,0,0
1030.584,0.9630,0,0,0,0
1030.618,0.9630,0,0,0,0
1030.650,0.9630,0,0,0,0
1030.684,0.9630,0,0,0,0
1030.715,0.9630,0,0,0,0
1030.750,0.9630,0,0,0,0
1030.785,0.9630,0,0,0,0
1030.814,0.9630,0,0,0,0
1030.852,0.9630,0,0,0,0
1030.882,0.9630,0,0,0,0
1030.918,0.9630,0,0,0,0
1030.952,0.9630,0,0,0,0
1030.984,0.9630,0,0,0,0
1031.015,0.9630,0,0,0,0
1031.054,0.9630,0,0,0,0
1031.075,0.9630,0,0,0,0
1031.117,0.9630,0,0,0,0
1031.147,0.9630,0,0,0,0
1031.184,0.9630,0,0,0,0
1031.216,0.9630,0,0,0,0
1031.250,0.9630,0,0,0,0
1031.272,0.9630,0,0,0,0
1031.318,0.9630,0,0,0,0
1031.341,0.9630,0,0,0,0
1031.381,0.9630,0,0,0,0
1031.416,0.9630,0,0,0,0
1031.450,0.9630,0,0,0,0
1031.484,0.9630,0,0,0,0
1031.518,0.9630,0,0,0,0
1031.549,0.9630,0,0,0,0
1031.584,0.9630,0,0,0,0
1031.607,0.9630,0,0,0,0
1031.652,0.9630,0,0,0,0
1031.672,0.9630,0,0,0,0
1031.716,0.9630,0,0,0,0
1031.747,0.9630,0,0,0,0
1031.782,0.9630,0,0,0,0
1031.814,0.9630,0,0,0,0
1031.848,0.9630,0,0,0,0
1031.881,0.9630,0,0,0,0
1031.916,0.9630,0,0,0,0
1031.938,0.9630,0,0,0,0
1031.980,0.9630,0,0,0,0
1032.018,0.9630,0,0,0,0
1032.047,0.9630,0,0,0,0
1032.081,0.9630,0,0,0,0
1032.112,0.9630,0,0,0,0
1032.151,0.9630,0,0,0,0
1032.184,0.9630,0,0,0,0
1032.218,0.9630,0,0,0,0
1032.248,0.9630,0,0,0,0
1032.285,0.9630,0,0,0,0
1032.308,0.9630,0,0,0,0
1032.348,0.9630,0,0,0,0
1032.384,0.9630,0,0,0,0
1032.416,0.9630,0,0,0,0
1032.448,0.9630,0,0,0,0
1032.480,0.9630,0,0,0,0
1032.517,0.9630,0,0,0,0
1032.551,0.9630,0,0,0,0
1032.581,0.9630,0,0,0,0
1032.618,0.9630,0,0,0,0
1032.641,0.9630,0,0,0,0
1032.682,0.9630,0,0,0,0
1032.707,0.9630,0,0,0,0
1032.749,0.9630,0,0,0,0
1032.782,0.9630,0,0,0,0
1032.816,0.9630,0,0,0,0
1032.849,0.9630,0,0,0,0
1032.886,0.9630,0,0,0,0
1032.917,0.9630,0,0,0,0
1032.948,0.9630,0,0,0,0
1032.984,0.9630,0,0,0,0
1033.018,0.9630,0,0,0,0
1033.049,0.9630,0,0,0,0
1033.082,0.9630,0,0,0,0
1033.115,0.9630,0,0,0,0
1033.148,0.9630,0,0,0,0
1033.182,0.9630,0,0,0,0
1033.215,0.9630,0,0,0,0
1033.247,0.9630,0,0,0,0
1033.284,0.9630,0,0,0,0
1033.317,0.9630,0,0,0,0
1033.352,0.9630,0,0,0,0
1033.377,0.9630,0,0,0,0
1033.415,0.9630,0,0,0,0
1033.449,0.9630,0,0,0,0
1033.485,0.9630,0,0,0,0
1033.517,0.9630,0,0,0,0
1033.548,0.9630,0,0,0,0
1033.581,0.9630,0,0,0,0
1033.616,0.9630,0,0,0,0
1033.651,0.9630,0,0,0,0
1033.684,0.9630,0,0,0,0
1033.715,0.9630,0,0,0,0
1033.750,0.9630,0,0,0,0
1033.782,0.9630,0,0,0,0
1033.817,0.9630,0,0,0,0
1033.849,0.9630,0,0,0,0
1033.884,0.9630,0,0,0,0
1033.918,0.9630,0,0,0,0
1033.948,0.9630,0,0,0,0
1033.980,0.9630,0,0,0,0
1034.017,0.9630,0,0,0,0
1034.050,0.9630,0,0,0,0
1034.083,0.9630,0,0,0,0
1034.113,0.9630,0,0,0,0
1034.154,0.9630,0,0,0,0
1034.175,0.9630,0,0,0,0
1034.215,0.9630,0,0,0,0
1034.250,0.9630,0,0,0,0
1034.282,0.9630,0,0,0,0
1034.318,0.9630,0,0,0,0
1034.349,0.9630,0,0,0,0
1034.382,0.9630,0,0,0,0
1034.414,0.9630,0,0,0,0
1034.452,0.9630,0,0,0,0
1034.473,0.9630,0,0,0,0
1034.516,0.9630,0,0,0,0
1034.543,0.9630,0,0,0,0
1034.580,0.9630,0,0,0,0
1034.617,0.9630,0,0,0,0
1034.649,0.9630,0,0,0,0
1034.684,0.9630,0,0,0,0
1034.721,0.9630,0,0,0,0
1034.740,0.9630,0,0,0,0
1034.782,0.9630,0,0,0,0
1034.815,0.9630,0,0,0,0
1034.849,0.9630,0,0,0,0
1034.882,0.9630,0,0,0,0
1034.914,0.9630,0,0,0,0
1034.950,0.9630,0,0,0,0
1034.985,0.9630,0,0,0,0
1035.014,0.9630,0,0,0,0
1035.050,0.9630,0,0,0,0
1035.083,0.9630,0,0,0,0
1035.113,0.9630,0,0,0,0
1035.148,0.9630,0,0,0,0
1035.183,0.9630,0,0,0,0
1035.218,0.9630,0,0,0,0
1035.252,0.9630,0,0,0,0
1035.284,0.9630,0,0,0,0
1035.314,0.9630,0,0,0,0
1035.348,0.9630,0,0,0,0
1035.382,0.9630,0,0,0,0
1035.416,0.9630,0,0,0,0
1035.450,0.9630,0,0,0,0
1035.484,0.9630,0,0,0,0
1035.517,0.9630,0,0,0,0
1035.559,0.9630,0,0,0,0
1035.578,0.9630,0,0,0,0
1035.614,0.9630,0,0,0,0
1035.651,0.9630,0,0,0,0
1035.684,0.9630,0,0,0,0
1035.767,0.9630,0,0,0,0
1035.799,0.9630,0,0,0,0
1035.831,0.9630,0,0,0,0
1035.865,0.9630,0,0,0,0
1035.899,0.9630,0,0,0,0
1035.932,0.9630,0,0,0,0
1035.965,0.9630,0,0,0,0
1036.000,0.9630,0,0,0,0
1036.034,0.9630,0,0,0,0
1036.070,0.9630,0,0,0,0
1036.099,0.9630,0,0,0,0
1036.133,0.9630,0,0,0,0
1036.165,0.9630,0,0,0,0
1036.197,0.9630,0,0,0,0
1036.234,0.9630,0,0,0,0
1036.259,0.9630,0,0,0,0
1036.303,0.9630,0,0,0,0
1036.331,0.9630,0,0,0,0
1036.365,0.9630,0,0,0,0
1036.399,0.9630,0,0,0,0
1036.432,0.9630,0,0,0,0
1036.466,0.9630,0,0,0,0
1036.499,0.9630,0,0,0,0
1036.533,0.9630,0,0,0,0
1036.567,0.9630,0,0,0,0
1036.592,0.9630,0,0,0,0
1036.630,0.9630,0,0,0,0
1036.665,0.9630,0,0,0,0
1036.697,0.9630,0,0,0,0
1036.734,0.9630,0,0,0,0
1036.758,0.9630,0,0,0,0
1036.800,0.9630,0,0,0,0
1036.835,0.9630,0,0,0,0
1036.868,0.9630,0,0,0,0
1036.899,0.9630,0,0,0,0
1036.930,0.9630,0,0,0,0
1036.959,0.9630,0,0,0,0
1036.999,0.9630,0,0,0,0
1037.033,0.9630,0,0,0,0
1037.066,0.9630,0,0,0,0
1037.099,0.9630,0,0,0,0
1037.130,0.9630,0,0,0,0
1037.168,0.9630,0,0,0,0
1037.201,0.9630,0,0,0,0
1037.232,0.9630,0,0,0,0
1037.264,0.9630,0,0,0,0
1037.300,0.9630,0,0,0,0
1037.322,0.9630,0,0,0,0
1037.364,0.9630,0,0,0,0
1037.397,0.9630,0,0,0,0
1037.434,0.9630,0,0,0,0
1037.465,0.9630,0,0,0,0
1037.499,0.9630,0,0,0,0
1037.532,0.9630,0,0,0,0
1037.565,0.9630,0,0,0,0
1037.598,0.9630,0,0,0,0
1037.634,0.9630,0,0,0,0
1037.666,0.9630,0,0,0,0
1037.697,0.9630,0,0,0,0
1037.731,0.9630,0,0,0,0
1037.765,0.9630,0,0,0,0
1037.800,0.9630,0,0,0,0
1037.832,0.9630,0,0,0,0
1037.867,0.9630,0,0,0,0
1037.889,0.9630,0,0,0,0
1037.934,0.9630,0,0,0,0
1037.965,0.9630,0,0,0,0
1037.998,0.9630,0,0,0,0
1038.034,0.9630,0,0,0,0
1038.066,0.9630,0,0,0,0
1038.097,0.9630,0,0,0,0
1038.133,0.9630,0,0,0,0
1038.166,0.9630,0,0,0,0
1038.199,0.9630,0,0,0,0
1038.233,0.9630,0,0,0,0
1038.267,0.9630,0,0,0,0
1038.290,0.9630,0,0,0,0
1038.332,0.9630,0,0,0,0
1038.359,0.9630,0,0,0,0
1038.400,0.9630,0,0,0,0
1038.427,0.9630,0,0,0,0
1038.466,0.9630,0,0,0,0
1038.499,0.9630,0,0,0,0
1038.533,0.9630,0,0,0,0
1038.566,0.9630,0,0,0,0
1038.600,0.9630,0,0,0,0
1038.633,0.9630,0,0,0,0
1038.666,0.9630,0,0,0,0
1038.700,0.9630,0,0,0,0
1038.735,0.9630,0,0,0,0
1038.767,0.9630,0,0,0,0
1038.799,0.9630,0,0,0,0
1038.834,0.9630,0,0,0,0
1038.866,0.9630,0,0,0,0
1038.901,0.9630,0,0,0,0
1038.933,0.9630,0,0,0,0
1038.966,0.9630,0,0,0,0
1038.997,0.9630,0,0,0,0
1039.031,0.9630,0,0,0,0
1039.064,0.9630,0,0,0,0
1039.099,0.9630,0,0,0,0
1039.131,0.9630,0,0,0,0
1039.165,0.9630,0,0,0,0
1039.200,0.9630,0,0,0,0
1039.232,0.9630,0,0,0,0
1039.265,0.9630,0,0,0,0
1039.301,0.9630,0,0,0,0
1039.334,0.9630,0,0,0,0
1039.369,0.9630,0,0,0,0
1039.399,0.9630,0,0,0,0
1039.435,0.9630,0,0,0,0
1039.467,0.9630,0,0,0,0
1039.499,0.9630,0,0,0,0
1039.533,0.9630,0,0,0,0
1039.564,0.9630,0,0,0,0
1039.599,0.9630,0,0,0,0
1039.632,0.9630,0,0,0,0
1039.664,0.9630,0,0,0,0
1039.703,0.9630,0,0,0,0
1039.727,0.9630,0,0,0,0
1039.764,0.9630,0,0,0,0
1039.798,0.9630,0,0,0,0
1039.834,0.9630,0,0,0,0
1039.869,0.9630,0,0,0,0
1039.899,0.9630,0,0,0,0
1039.931,0.9630,0,0,0,0
1039.967,0.9630,0,0,0,0
1039.999,0.9630,0,0,0,0
1040.032,0.9630,0,0,0,0
1040.064,0.9630,0,0,0,0
1040.099,0.9630,0,0,0,0
1040.133,0.9630,0,0,0,0
1040.167,0.9630,0,0,0,0
1040.198,0.9630,0,0,0,0
1040.232,0.9630,0,0,0,0
1040.268,0.9630,0,0,0,0
1040.299,0.9630,0,0,0,0
1040.333,0.9630,0,0,0,0
1040.366,0.9630,0,0,0,0
1040.398,0.9630,0,0,0,0
1040.433,0.9630,0,0,0,0
1040.466,0.9630,0,0,0,0
1040.501,0.9630,0,0,0,0
1040.534,0.9630,0,0,0,0
1040.564,0.9630,0,0,0,0
1040.600,0.9630,0,0,0,0
1040.632,0.9630,0,0,0,0
1040.666,0.9630,0,0,0,0
1040.697,0.9630,0,0,0,0
1040.734,0.9630,0,0,0,0
1040.767,0.9630,0,0,0,0
1040.800,0.9630,0,0,0,0
1040.833,0.9630,0,0,0,0
1040.865,0.9630,0,0,0,0
1040.898,0.9630,0,0,0,0
1040.934,0.9630,0,0,0,0
1040.967,0.9630,0,0,0,0
1040.998,0.9630,0,0,0,0
1041.036,0.9630,0,0,0,0
1041.062,0.9630,0,0,0,0
1041.100,0.9630,0,0,0,0
1041.131,0.9630,0,0,0,0
1041.165,0.9630,0,0,0,0
1041.199,0.9630,0,0,0,0
1041.231,0.9630,0,0,0,0
1041.267,0.9630,0,0,0,0
1041.297,0.9630,0,0,0,0
1041.332,0.9630,0,0,0,0
1041.365,0.9630,0,0,0,0
1041.397,0.9630,0,0,0,0
1041.432,0.9630,0,0,0,0
1041.464,0.9630,0,0,0,0
1041.500,0.9630,0,0,0,0
1041.531,0.9630,0,0,0,0
1041.567,0.9630,0,0,0,0
1041.599,0.9630,0,0,0,0
1041.632,0.9630,0,0,0,0
1041.665,0.9630,0,0,0,0
1041.700,0.9630,0,0,0,0
1041.733,0.9630,0,0,0,0
1041.766,0.9630,0,0,0,0
1041.798,0.9630,0,0,0,0
1041.833,0.9630,0,0,0,0
1041.867,0.9630,0,0,0,0
1041.901,0.9630,0,0,0,0
1041.933,0.9630,0,0,0,0
1041.967,0.9630,0,0,0,0
1042.001,0.9630,0,0,0,0
1042.034,0.9630,0,0,0,0
1042.066,0.9630,0,0,0,0
1042.100,0.9630,0,0,0,0
1042.134,0.9630,0,0,0,0
1042.166,0.9630,0,0,0,0
1042.197,0.9630,0,0,0,0
1042.233,0.9630,0,0,0,0
1042.268,0.9630,0,0,0,0
1042.300,0.9630,0,0,0,0
1042.335,0.9630,0,0,0,0
1042.373,0.9630,0,0,0,0
1042.399,0.9630,0,0,0,0
1042.430,0.9630,0,0,0,0
1042.464,0.9630,0,0,0,0
1042.497,0.9630,0,0,0,0
1042.532,0.9630,0,0,0,0
1042.564,0.9630,0,0,0,0
1042.601,0.9630,0,0,0,0
1042.633,0.9630,0,0,0,0
1042.664,0.9630,0,0,0,0
1042.700,0.9630,0,0,0,0
1042.733,0.9630,0,0,0,0
1042.766,0.9630,0,0,0,0
1042.799,0.9630,0,0,0,0
1042.833,0.9630,0,0,0,0
1042.865,0.9630,0,0,0,0
1042.901,0.9630,0,0,0,0
1042.931,0.9630,0,0,0,0
1042.965,0.9630,0,0,0,0
1042.997,0.9630,0,0,0,0
1043.031,0.9630,0,0,0,0
1043.065,0.9630,0,0,0,0
1043.097,0.9630,0,0,0,0
1043.131,0.9630,0,0,0,0
1043.167,0.9630,0,0,0,0
1043.201,0.9630,0,0,0,0
1043.231,0.9630,0,0,0,0
1043.264,0.9630,0,0,0,0
1043.300,0.9630,0,0,0,0
1043.334,0.9630,0,0,0,0
1043.364,0.9630,0,0,0,0
1043.397,0.9630,0,0,0,0
1043.433,0.9630,0,0,0,0
1043.467,0.9630,0,0,0,0
1043.499,0.9630,0,0,0,0
1043.533,0.9630,0,0,0,0
1043.565,0.9630,0,0,0,0
1043.597,0.9630,0,0,0,0
1043.632,0.9630,0,0,0,0
1043.664,0.9630,0,0,0,0
1043.696,0.9630,0,0,0,0
1043.733,0.9630,0,0,0,0
1043.764,0.9630,0,0,0,0
1043.799,0.9630,0,0,0,0
1043.833,0.9630,0,0,0,0
1043.864,0.9630,0,0,0,0
1043.900,0.9630,0,0,0,0
1043.934,0.9630,0,0,0,0
1043.964,0.9630,0,0,0,0
1043.997,0.9630,0,0,0,0
1044.033,0.9630,0,0,0,0
1044.067,0.9630,0,0,0,0
1044.097,0.9630,0,0,0,0
1044.130,0.9630,0,0,0,0
1044.163,0.9630,0,0,0,0
1044.199,0.9630,0,0,0,0
1044.230,0.9630,0,0,0,0
1044.265,0.9630,0,0,0,0
1044.301,0.9630,0,0,0,0
1044.334,0.9630,0,0,0,0
1044.367,0.9630,0,0,0,0
1044.400,0.9630,0,0,0,0
1044.430,0.9630,0,0,0,0
1044.466,0.9630,0,0,0,0
1044.498,0.9630,0,0,0,0
1044.531,0.9630,0,0,0,0
1044.565,0.9630,0,0,0,0
1044.597,0.9630,0,0,0,0
1044.633,0.9630,0,0,0,0
1044.664,0.9630,0,0,0,0
1044.688,0.9630,0,0,0,0
1044.730,0.9630,0,0,0,0
1044.766,0.9630,0,0,0,0
1044.797,0.9630,0,0,0,0
1044.831,0.9630,0,0,0,0
1044.866,0.9630,0,0,0,0
1044.898,0.9630,0,0,0,0
1044.932,0.9630,0,0,0,0
1044.966,0.9630,0,0,0,0
1044.999,0.9630,0,0,0,0
1045.034,0.9630,0,0,0,0
1045.066,0.9630,0,0,0,0
1045.099,0.9630,0,0,0,0
1045.134,0.9630,0,0,0,0
1045.168,0.9630,0,0,0,0
1045.200,0.9630,0,0,0,0
1045.232,0.9630,0,0,0,0
1045.267,0.9630,0,0,0,0
1045.299,0.9630,0,0,0,0
1045.332,0.9630,0,0,0,0
1045.364,0.9630,0,0,0,0
1045.401,0.9630,0,0,0,0
1045.431,0.9630,0,0,0,0
1045.466,0.9630,0,0,0,0
1045.499,0.9630,0,0,0,0
1045.530,0.9630,0,0,0,0
1045.563,0.9630,0,0,0,0
1045.600,0.9630,0,0,0,0
1045.633,0.9630,0,0,0,0
1045.665,0.9630,0,0,0,0
1045.697,0.9630,0,0,0,0
1045.733,0.9630,0,0,0,0
1045.764,0.9630,0,0,0,0
1045.801,0.9630,0,0,0,0
1045.830,0.9630,0,0,0,0
1045.866,0.9630,0,0,0,0
1045.897,0.9630,0,0,0,0
1045.933,0.9630,0,0,0,0
1045.966,0.9630,0,0,0,0
1046.000,0.9630,0,0,0,0
1046.031,0.9630,0,0,0,0
1046.068,0.9630,0,0,0,0
1046.098,0.9630,0,0,0,0
1046.134,0.9629,0,0,0,0
1046.165,0.9629,0,0,0,0
1046.197,0.9629,0,0,0,0
1046.234,0.9629,0,0,0,0
1046.266,0.9629,0,0,0,0
1046.299,0.9629,0,0,0,0
1046.330,0.9629,0,0,0,0
1046.363,0.9629,0,0,0,0
1046.400,0.9629,0,0,0,0
1046.432,0.9629,0,0,0,0
1046.463,0.9629,0,0,0,0
1046.497,0.9629,0,0,0,0
1046.535,0.9629,0,0,0,0
1046.568,0.9629,0,0,0,0
1046.600,0.9629,0,0,0,0
1046.634,0.9629,0,0,0,0
1046.665,0.9629,0,0,0,0
1046.699,0.9629,0,0,0,0
1046.732,0.9629,0,0,0,0
1046.767,0.9629,0,0,0,0
1046.798,0.9629,0,0,0,0
1046.832,0.9629,0,0,0,0
1046.868,0.9629,0,0,0,0
1046.900,0.9629,0,0,0,0
1046.932,0.9629,0,0,0,0
1046.965,0.9629,0,0,0,0
1046.997,0.9629,0,0,0,0
1047.033,0.9629,0,0,0,0
1047.067,0.9629,0,0,0,0
1047.100,0.9629,0,0,0,0
1047.123,0.9629,0,0,0,0
1047.164,0.9629,0,0,0,0
1047.199,0.9629,0,0,0,0
1047.231,0.9629,0,0,0,0
1047.265,0.9629,0,0,0,0
1047.299,0.9629,0,0,0,0
1047.330,0.9629,0,0,0,0
1047.368,0.9629,0,0,0,0
1047.401,0.9629,0,0,0,0
1047.430,0.9629,0,0,0,0
1047.465,0.9629,0,0,0,0
1047.500,0.9629,0,0,0,0
1047.535,0.9629,0,0,0,0
1047.564,0.9629,0,0,0,0
1047.598,0.9629,0,0,0,0
1047.632,0.9629,0,0,0,0
1047.663,0.9629,0,0,0,0
1047.700,0.9629,0,0,0,0
1047.730,0.9629,0,0,0,0
1047.767,0.9629,0,0,0,0
1047.797,0.9629,0,0,0,0
1047.833,0.9629,0,0,0,0
1047.864,0.9629,0,0,0,0
1047.900,0.9629,0,0,0,0
1047.932,0.9629,0,0,0,0
1047.964,0.9629,0,0,0,0
1047.996,0.9629,0,0,0,0
1048.034,0.9629,0,0,0,0
1048.066,0.9629,0,0,0,0
1048.099,0.9629,0,0,0,0
1048.133,0.9629,0,0,0,0
1048.166,0.9629,0,0,0,0
1048.200,0.9629,0,0,0,0
1048.235,0.9629,0,0,0,0
1048.265,0.9629,0,0,0,0
1048.297,0.9629,0,0,0,0
1048.332,0.9629,0,0,0,0
1048.367,0.9629,0,0,0,0
1048.398,0.9629,0,0,0,0
1048.431,0.9629,0,0,0,0
1048.467,0.9629,0,0,0,0
1048.500,0.9629,0,0,0,0
1048.534,0.9629,0,0,0,0
1048.563,0.9629,0,0,0,0
1048.597,0.9629,0,0,0,0
1048.634,0.9629,0,0,0,0
1048.664,0.9629,0,0,0,0
1048.698,0.9629,0,0,0,0
1048.732,0.9629,0,0,0,0
1048.765,0.9629,0,0,0,0
1048.800,0.9629,0,0,0,0
1048.833,0.9629,0,0,0,0
1048.865,0.9629,0,0,0,0
1048.897,0.9629,0,0,0,0
1048.931,0.9629,0,0,0,0
1048.966,0.9629,0,0,0,0
1049.000,0.9629,0,0,0,0
1049.034,0.9629,0,0,0,0
1049.068,0.9629,0,0,0,0
1049.099,0.9629,0,0,0,0
1049.134,0.9629,0,0,0,0
1049.165,0.9629,0,0,0,0
1049.200,0.9629,0,0,0,0
1049.231,0.9629,0,0,0,0
1049.266,0.9629,0,0,0,0
1049.298,0.9629,0,0,0,0
1049.330,0.9629,0,0,0,0
1049.369,0.9629,0,0,0,0
1049.397,0.9629,0,0,0,0
1049.432,0.9629,0,0,0,0
1049.464,0.9629,0,0,0,0
1049.500,0.9629,0,0,0,0
1049.533,0.9629,0,0,0,0
1049.568,0.9629,0,0,0,0
1049.600,0.9629,0,0,0,0
1049.630,0.9629,0,0,0,0
1049.666,0.9629,0,0,0,0
1049.699,0.9629,0,0,0,0
1049.732,0.9629,0,0,0,0
1049.766,0.9629,0,0,0,0
1049.800,0.9629,0,0,0,0
1049.835,0.9629,0,0,0,0
1049.866,0.9629,0,0,0,0
1049.900,0.9629,0,0,0,0
1049.933,0.9629,0,0,0,0
1049.968,0.9629,0,0,0,0
1049.997,0.9629,0,0,0,0
1050.040,0.9629,0,0,0,0
1050.065,0.9629,0,0,0,0
1050.098,0.9629,0,0,0,0
1050.130,0.9629,0,0,0,0
1050.167,0.9629,0,0,0,0
1050.201,0.9629,0,0,0,0
1050.232,0.9629,0,0,0,0
1050.267,0.9629,0,0,0,0
1050.301,0.9629,0,0,0,0
1050.336,0.9629,0,0,0,0
1050.370,0.9629,0,0,0,0
1050.448,0.9629,0,0,0,0
1050.484,0.9629,0,0,0,0
1050.503,0.9629,0,0,0,0
1050.526,0.9629,0,0,0,0
1050.558,0.9629,0,0,0,0
1050.589,0.9629,0,0,0,0
1050.623,0.9629,0,0,0,0
1050.656,0.9629,0,0,0,0
1050.690,0.9629,0,0,0,0
1050.722,0.9629,0,0,0,0
1050.756,0.9629,0,0,0,0
1050.793,0.9629,0,0,0,0
1050.826,0.9629,0,0,0,0
1050.852,0.9629,0,0,0,0
1050.884,0.9629,0,0,0,0
1050.926,0.9629,0,0,0,0
1050.955,0.9629,0,0,0,0
1050.990,0.9629,0,0,0,0
1051.022,0.9629,0,0,0,0
1051.059,0.9629,0,0,0,0
1051.092,0.9629,0,0,0,0
1051.125,0.9629,0,0,0,0
1051.159,0.9629,0,0,0,0
1051.193,0.9629,0,0,0,0
1051.223,0.9629,0,0,0,0
1051.257,0.9629,0,0,0,0
1051.293,0.9629,0,0,0,0
1051.325,0.9629,0,0,0,0
1051.355,0.9629,0,0,0,0
1051.393,0.9629,0,0,0,0
1051.423,0.9629,0,0,0,0
1051.457,0.9629,0,0,0,0
1051.490,0.9629,0,0,0,0
1051.523,0.9629,0,0,0,0
1051.556,0.9629,0,0,0,0
1051.593,0.9629,0,0,0,0
1051.622,0.9629,0,0,0,0
1051.656,0.9629,0,0,0,0
1051.690,0.9629,0,0,0,0
1051.725,0.9629,0,0,0,0
1051.756,0.9629,0,0,0,0
1051.790,0.9629,0,0,0,0
1051.825,0.9629,0,0,0,0
1051.859,0.9629,0,0,0,0
1051.891,0.9629,0,0,0,0
1051.923,0.9629,0,0,0,0
1051.959,0.9629,0,0,0,0
1051.992,0.9629,0,0,0,0
1052.022,0.9629,0,0,0,0
1052.057,0.9629,0,0,0,0
1052.093,0.9629,0,0,0,0
1052.125,0.9629,0,0,0,0
1052.156,0.9629,0,0,0,0
1052.193,0.9629,0,0,0,0
1052.226,0.9629,0,0,0,0
1052.259,0.9629,0,0,0,0
1052.291,0.9629,0,0,0,0
1052.324,0.9629,0,0,0,0
1052.358,0.9629,0,0,0,0
1052.389,0.9629,0,0,0,0
1052.427,0.9629,0,0,0,0
1052.456,0.9629,0,0,0,0
1052.490,0.9629,0,0,0,0
1052.522,0.9629,0,0,0,0
1052.555,0.9629,0,0,0,0
1052.590,0.9629,0,0,0,0
1052.623,0.9629,0,0,0,0
1052.656,0.9629,0,0,0,0
1052.688,0.9629,0,0,0,0
1052.725,0.9629,0,0,0,0
1052.758,0.9629,0,0,0,0
1052.790,0.9629,0,0,0,0
1052.823,0.9629,0,0,0,0
1052.856,0.9629,0,0,0,0
1052.891,0.9629,0,0,0,0
1052.924,0.9629,0,0,0,0
1052.957,0.9629,0,0,0,0
1052.990,0.9629,0,0,0,0
1053.025,0.9629,0,0,0,0
1053.060,0.9629,0,0,0,0
1053.092,0.9629,0,0,0,0
1053.126,0.9629,0,0,0,0
1053.160,0.9629,0,0,0,0
1053.192,0.9629,0,0,0,0
1053.224,0.9629,0,0,0,0
1053.257,0.9629,0,0,0,0
1053.293,0.9629,0,0,0,0
1053.326,0.9629,0,0,0,0
1053.359,0.9629,0,0,0,0
1053.392,0.9629,0,0,0,0
1053.425,0.9629,0,0,0,0
1053.459,0.9629,0,0,0,0
1053.491,0.9629,0,0,0,0
1053.524,0.9629,0,0,0,0
1053.557,0.9629,0,0,0,0
1053.589,0.9629,0,0,0,0
1053.623,0.9629,0,0,0,0
1053.659,0.9629,0,0,0,0
1053.691,0.9629,0,0,0,0
1053.726,0.9629,0,0,0,0
1053.758,0.9629,0,0,0,0
1053.792,0.9629,0,0,0,0
1053.826,0.9629,0,0,0,0
1053.859,0.9629,0,0,0,0
1053.889,0.9629,0,0,0,0
1053.924,0.9629,0,0,0,0
1053.955,0.9629,0,0,0,0
1053.993,0.9629,0,0,0,0
1054.027,0.9629,0,0,0,0
1054.056,0.9629,0,0,0,0
1054.089,0.9629,0,0,0,0
1054.124,0.9629,0,0,0,0
1054.159,0.9629,0,0,0,0
1054.192,0.9629,0,0,0,0
1054.224,0.9629,0,0,0,0
1054.257,0.9629,0,0,0,0
1054.293,0.9629,0,0,0,0
1054.325,0.9629,0,0,0,0
1054.359,0.9629,0,0,0,0
1054.390,0.9629,0,0,0,0
1054.425,0.9629,0,0,0,0
1054.457,0.9629,0,0,0,0
1054.492,0.9629,0,0,0,0
1054.525,0.9629,0,0,0,0
1054.557,0.9629,0,0,0,0
1054.589,0.9629,0,0,0,0
1054.625,0.9629,0,0,0,0
1054.657,0.9629,0,0,0,0
1054.689,0.9629,0,0,0,0
1054.726,0.9629,0,0,0,0
1054.756,0.9629,0,0,0,0
1054.789,0.9629,0,0,0,0
1054.825,0.9629,0,0,0,0
1054.856,0.9629,0,0,0,0
1054.892,0.9629,0,0,0,0
1054.925,0.9629,0,0,0,0
1054.959,0.9629,0,0,0,0
1054.992,0.9629,0,0,0,0
1055.025,0.9629,0,0,0,0
1055.059,0.9629,0,0,0,0
1055.092,0.9629,0,0,0,0
1055.125,0.9629,0,0,0,0
1055.159,0.9629,0,0,0,0
1055.192,0.9629,0,0,0,0
1055.225,0.9629,0,0,0,0
1055.258,0.9629,0,0,0,0
1055.289,0.9629,0,0,0,0
1055.327,0.9629,0,0,0,0
1055.359,0.9629,0,0,0,0
1055.393,0.9629,0,0,0,0
1055.426,0.9629,0,0,0,0
1055.459,0.9629,0,0,0,0
1055.491,0.9629,0,0,0,0
1055.525,0.9629,0,0,0,0
1055.558,0.9629,0,0,0,0
1055.592,0.9629,0,0,0,0
1055.622,0.9629,0,0,0,0
1055.658,0.9629,0,0,0,0
1055.690,0.9629,0,0,0,0
1055.724,0.9629,0,0,0,0
1055.757,0.9629,0,0,0,0
1055.789,0.9629,0,0,0,0
1055.826,0.9629,0,0,0,0
1055.858,0.9629,0,0,0,0
1055.889,0.9629,0,0,0,0
1055.928,0.9629,0,0,0,0
1055.957,0.9629,0,0,0,0
1055.992,0.9629,0,0,0,0
1056.024,0.9629,0,0,0,0
1056.059,0.9629,0,0,0,0
1056.090,0.9629,0,0,0,0
1056.125,0.9629,0,0,0,0
1056.156,0.9629,0,0,0,0
1056.191,0.9629,0,0,0,0
1056.223,0.9629,0,0,0,0
1056.260,0.9629,0,0,0,0
1056.291,0.9629,0,0,0,0
1056.322,0.9629,0,0,0,0
1056.355,0.9629,0,0,0,0
1056.391,0.9629,0,0,0,0
1056.422,0.9629,0,0,0,0
1056.460,0.9629,0,0,0,0
1056.493,0.9629,0,0,0,0
1056.526,0.9629,0,0,0,0
1056.559,0.9629,0,0,0,0
1056.590,0.9629,0,0,0,0
1056.623,0.9629,0,0,0,0
1056.659,0.9629,0,0,0,0
1056.690,0.9629,0,0,0,0
1056.722,0.9629,0,0,0,0
1056.758,0.9629,0,0,0,0
1056.790,0.9629,0,0,0,0
1056.826,0.9629,0,0,0,0
1056.859,0.9629,0,0,0,0
1056.890,0.9629,0,0,0,0
1056.922,0.9629,0,0,0,0
1056.959,0.9629,0,0,0,0
1056.991,0.9629,0,0,0,0
1057.025,0.9629,0,0,0,0
1057.059,0.9629,0,0,0,0
1057.091,0.9629,0,0,0,0
1057.123,0.9629,0,0,0,0
1057.160,0.9629,0,0,0,0
1057.191,0.9629,0,0,0,0
1057.222,0.9629,0,0,0,0
1057.259,0.9629,0,0,0,0
1057.290,0.9629,0,0,0,0
1057.326,0.9629,0,0,0,0
1057.359,0.9629,0,0,0,0
1057.391,0.9629,0,0,0,0
1057.424,0.9629,0,0,0,0
1057.456,0.9629,0,0,0,0
1057.489,0.9629,0,0,0,0
1057.523,0.9629,0,0,0,0
1057.557,0.9629,0,0,0,0
1057.589,0.9629,0,0,0,0
1057.622,0.9629,0,0,0,0
1057.655,0.9629,0,0,0,0
1057.692,0.9629,0,0,0,0
1057.724,0.9629,0,0,0,0
1057.756,0.9629,0,0,0,0
1057.790,0.9629,0,0,0,0
1057.826,0.9629,0,0,0,0
1057.856,0.9629,0,0,0,0
1057.891,0.9629,0,0,0,0
1057.922,0.9629,0,0,0,0
1057.959,0.9629,0,0,0,0
1057.990,0.9629,0,0,0,0
1058.022,0.9629,0,0,0,0
1058.058,0.9629,0,0,0,0
1058.091,0.9629,0,0,0,0
1058.124,0.9629,0,0,0,0
1058.156,0.9629,0,0,0,0
1058.188,0.9629,0,0,0,0
1058.225,0.9629,0,0,0,0
1058.258,0.9629,0,0,0,0
1058.289,0.9629,0,0,0,0
1058.323,0.9629,0,0,0,0
1058.358,0.9629,0,0,0,0
1058.392,0.9629,0,0,0,0
1058.425,0.9629,0,0,0,0
1058.456,0.9629,0,0,0,0
1058.492,0.9629,0,0,0,0
1058.525,0.9629,0,0,0,0
1058.557,0.9629,0,0,0,0
1058.589,0.9629,0,0,0,0
1058.622,0.9629,0,0,0,0
1058.660,0.9629,0,0,0,0
1058.693,0.9629,0,0,0,0
1058.725,0.9629,0,0,0,0
1058.759,0.9629,0,0,0,0
1058.791,0.9629,0,0,0,0
1058.825,0.9629,0,0,0,0
1058.856,0.9629,0,0,0,0
1058.893,0.9629,0,0,0,0
1058.926,0.9629,0,0,0,0
1058.959,0.9629,0,0,0,0
1058.989,0.9629,0,0,0,0
1059.024,0.9629,0,0,0,0
1059.059,0.9629,0,0,0,0
1059.091,0.9629,0,0,0,0
1059.124,0.9629,0,0,0,0
1059.156,0.9629,0,0,0,0
1059.191,0.9629,0,0,0,0
1059.226,0.9629,0,0,0,0
1059.259,0.9629,0,0,0,0
1059.292,0.9629,0,0,0,0
1059.326,0.9629,0,0,0,0
1059.357,0.9629,0,0,0,0
1059.393,0.9629,0,0,0,0
1059.422,0.9629,0,0,0,0
1059.458,0.9629,0,0,0,0
1059.489,0.9629,0,0,0,0
1059.523,0.9629,0,0,0,0
1059.555,0.9629,0,0,0,0
1059.589,0.9629,0,0,0,0
1059.623,0.9629,0,0,0,0
1059.656,0.9629,0,0,0,0
1059.689,0.9629,0,0,0,0
1059.725,0.9629,0,0,0,0
1059.759,0.9629,0,0,0,0
1059.792,0.9629,0,0,0,0
1059.826,0.9629,0,0,0,0
1059.859,0.9629,0,0,0,0
1059.891,0.9629,0,0,0,0
1059.924,0.9629,0,0,0,0
1059.956,0.9629,0,0,0,0
1059.993,0.9629,0,0,0,0
1060.025,0.9629,0,0,0,0
1060.057,0.9629,0,0,0,0
1060.089,0.9629,0,0,0,0
1060.126,0.9629,0,0,0,0
1060.159,0.9629,0,0,0,0
1060.191,0.9629,0,0,0,0
1060.224,0.9629,0,0,0,0
1060.257,0.9629,0,0,0,0
1060.288,0.9629,0,0,0,0
1060.326,0.9629,0,0,0,0
1060.359,0.9629,0,0,0,0
1060.392,0.9629,0,0,0,0
1060.426,0.9629,0,0,0,0
1060.456,0.9629,0,0,0,0
1060.491,0.9629,0,0,0,0
1060.525,0.9629,0,0,0,0
1060.558,0.9629,0,0,0,0
1060.591,0.9629,0,0,0,0
1060.625,0.9629,0,0,0,0
1060.659,0.9629,0,0,0,0
1060.691,0.9629,0,0,0,0
1060.726,0.9629,0,0,0,0
1060.757,0.9629,0,0,0,0
1060.792,0.9629,0,0,0,0
1060.822,0.9629,0,0,0,0
1060.859,0.9629,0,0,0,0
1060.890,0.9629,0,0,0,0
1060.922,0.9629,0,0,0,0
1060.956,0.9629,0,0,0,0
1060.990,0.9629,0,0,0,0
1061.025,0.9629,0,0,0,0
1061.059,0.9629,0,0,0,0
1061.090,0.9629,0,0,0,0
1061.122,0.9629,0,0,0,0
1061.156,0.9629,0,0,0,0
1061.190,0.9629,0,0,0,0
1061.226,0.9629,0,0,0,0
1061.256,0.9629,0,0,0,0
1061.289,0.9629,0,0,0,0
1061.323,0.9629,0,0,0,0
1061.357,0.9629,0,0,0,0
1061.389,0.9629,0,0,0,0
1061.422,0.9629,0,0,0,0
1061.460,0.9629,0,0,0,0
1061.491,0.9629,0,0,0,0
1061.523,0.9629,0,0,0,0
1061.559,0.9629,0,0,0,0
1061.590,0.9629,0,0,0,0
1061.621,0.9629,0,0,0,0
1061.655,0.9629,0,0,0,0
1061.691,0.9629,0,0,0,0
1061.724,0.9629,0,0,0,0
1061.755,0.9629,0,0,0,0
1061.792,0.9629,0,0,0,0
1061.824,0.9629,0,0,0,0
1061.856,0.9629,0,0,0,0
1061.892,0.9629,0,0,0,0
1061.927,0.9629,0,0,0,0
1061.957,0.9629,0,0,0,0
1061.991,0.9629,0,0,0,0
1062.024,0.9629,0,0,0,0
1062.056,0.9629,0,0,0,0
1062.092,0.9629,0,0,0,0
1062.125,0.9629,0,0,0,0
1062.157,0.9629,0,0,0,0
1062.189,0.9629,0,0,0,0
1062.227,0.9629,0,0,0,0
1062.259,0.9629,0,0,0,0
1062.291,0.9629,0,0,0,0
1062.323,0.9629,0,0,0,0
1062.356,0.9629,0,0,0,0
1062.392,0.9629,0,0,0,0
1062.424,0.9629,0,0,0,0
1062.457,0.9629,0,0,0,0
1062.489,0.9629,0,0,0,0
1062.525,0.9629,0,0,0,0
1062.555,0.9629,0,0,0,0
1062.591,0.9629,0,0,0,0
1062.625,0.9629,0,0,0,0
1062.656,0.9629,0,0,0,0
1062.689,0.9629,0,0,0,0
1062.722,0.9629,0,0,0,0
1062.760,0.9629,0,0,0,0
1062.791,0.9629,0,0,0,0
1062.826,0.9629,0,0,0,0
1062.857,0.9629,0,0,0,0
1062.893,0.9629,0,0,0,0
1062.923,0.9629,0,0,0,0
1062.956,0.9629,0,0,0,0
1062.990,0.9629,0,0,0,0
1063.023,0.9629,0,0,0,0
1063.059,0.9629,0,0,0,0
1063.091,0.9629,0,0,0,0
1063.126,0.9629,0,0,0,0
1063.157,0.9629,0,0,0,0
1063.184,0.9629,0,0,0,0
1063.224,0.9629,0,0,0,0
1063.259,0.9629,0,0,0,0
1063.289,0.9629,0,0,0,0
1063.324,0.9629,0,0,0,0
1063.356,0.9629,0,0,0,0
1063.393,0.9629,0,0,0,0
1063.426,0.9629,0,0,0,0
1063.456,0.9629,0,0,0,0
1063.493,0.9629,0,0,0,0
1063.523,0.9629,0,0,0,0
1063.559,0.9629,0,0,0,0
1063.591,0.9629,0,0,0,0
1063.627,0.9629,0,0,0,0
1063.656,0.9629,0,0,0,0
1063.689,0.9629,0,0,0,0
1063.726,0.9629,0,0,0,0
1063.758,0.9629,0,0,0,0
1063.789,0.9629,0,0,0,0
1063.826,0.9629,0,0,0,0
1063.856,0.9629,0,0,0,0
1063.893,0.9629,0,0,0,0
1063.925,0.9629,0,0,0,0
1063.956,0.9629,0,0,0,0
1063.991,0.9629,0,0,0,0
1064.023,0.9629,0,0,0,0
1064.057,0.9629,0,0,0,0
1064.093,0.9629,0,0,0,0
1064.126,0.9629,0,0,0,0
1064.157,0.9629,0,0,0,0
1064.192,0.9629,0,0,0,0
1064.223,0.9629,0,0,0,0
1064.259,0.9629,0,0,0,0
1064.290,0.9629,0,0,0,0
1064.326,0.9629,0,0,0,0
1064.359,0.9629,0,0,0,0
1064.393,0.9629,0,0,0,0
1064.423,0.9629,0,0,0,0
1064.453,0.9629,0,0,0,0
1064.490,0.9629,0,0,0,0
1064.524,0.9629,0,0,0,0
1064.557,0.9629,0,0,0,0
1064.592,0.9629,0,0,0,0
1064.624,0.9629,0,0,0,0
1064.658,0.9629,0,0,0,0
1064.690,0.9629,0,0,0,0
1064.722,0.9629,0,0,0,0
1064.755,0.9629,0,0,0,0
1064.789,0.9629,0,0,0,0
1064.823,0.9629,0,0,0,0
1064.859,0.9629,0,0,0,0
1064.891,0.9629,0,0,0,0
1064.925,0.9629,0,0,0,0
1064.960,0.9629,0,0,0,0
1064.989,0.9629,0,0,0,0
1065.024,0.9629,0,0,0,0
1065.059,0.9629,0,0,0,0
1065.091,0.9629,0,0,0,0
1065.123,0.9629,0,0,0,0
1065.156,0.9629,0,0,0,0
1065.193,0.9629,0,0,0,0
1065.225,0.9629,0,0,0,0
1065.257,0.9629,0,0,0,0
1065.292,0.9629,0,0,0,0
1065.327,0.9629,0,0,0,0
1065.357,0.9629,0,0,0,0
1065.389,0.9629,0,0,0,0
1065.427,0.9629,0,0,0,0
1065.460,0.9629,0,0,0,0
1065.491,0.9629,0,0,0,0
1065.527,0.9629,0,0,0,0
1065.558,0.9629,0,0,0,0
1065.589,0.9629,0,0,0,0
1065.625,0.9629,0,0,0,0
1065.657,0.9629,0,0,0,0
1065.691,0.9629,0,0,0,0
1065.724,0.9629,0,0,0,0
1065.759,0.9629,0,0,0,0
1065.794,0.9629,0,0,0,0
1065.825,0.9629,0,0,0,0
1065.859,0.9629,0,0,0,0
1065.890,0.9629,0,0,0,0
1065.926,0.9629,0,0,0,0
1065.958,0.9629,0,0,0,0
1065.993,0.9629,0,0,0,0
1066.023,0.9629,0,0,0,0
1066.059,0.9629,0,0,0,0
1066.091,0.9629,0,0,0,0
1066.126,0.9629,0,0,0,0
1066.157,0.9629,0,0,0,0
1066.192,0.9629,0,0,0,0
1066.223,0.9629,0,0,0,0
1066.260,0.9629,0,0,0,0
1066.291,0.9629,0,0,0,0
1066.322,0.9629,0,0,0,0
1066.358,0.9629,0,0,0,0
1066.389,0.9629,0,0,0,0
1066.426,0.9629,0,0,0,0
1066.457,0.9629,0,0,0,0
1066.490,0.9629,0,0,0,0
1066.523,0.9629,0,0,0,0
1066.559,0.9629,0,0,0,0
1066.592,0.9629,0,0,0,0
1066.624,0.9629,0,0,0,0
1066.657,0.9629,0,0,0,0
1066.694,0.9629,0,0,0,0
1066.726,0.9629,0,0,0,0
1066.758,0.9629,0,0,0,0
1066.792,0.9629,0,0,0,0
1066.823,0.9629,0,0,0,0
1066.857,0.9629,0,0,0,0
1066.892,0.9629,0,0,0,0
1066.926,0.9629,0,0,0,0
1066.958,0.9629,0,0,0,0
1066.989,0.9629,0,0,0,0
1067.022,0.9629,0,0,0,0
1067.062,0.9629,0,0,0,0
1067.093,0.9629,0,0,0,0
1067.126,0.9629,0,0,0,0
1067.159,0.9629,0,0,0,0
1067.189,0.9629,0,0,0,0
1067.226,0.9629,0,0,0,0
1067.257,0.9629,0,0,0,0
1067.291,0.9629,0,0,0,0
1067.323,0.9629,0,0,0,0
1067.358,0.9629,0,0,0,0
1067.391,0.9629,0,0,0,0
1067.425,0.9629,0,0,0,0
1067.457,0.9629,0,0,0,0
1067.491,0.9629,0,0,0,0
1067.524,0.9629,0,0,0,0
1067.557,0.9629,0,0,0,0
1067.593,0.9629,0,0,0,0
1067.626,0.9629,0,0,0,0
1067.658,0.9629,0,0,0,0
1067.690,0.9629,0,0,0,0
1067.722,0.9629,0,0,0,0
1067.758,0.9629,0,0,0,0
1067.790,0.9629,0,0,0,0
1067.826,0.9629,0,0,0,0
1067.858,0.9629,0,0,0,0
1067.889,0.9629,0,0,0,0
1067.923,0.9629,0,0,0,0
1067.958,0.9629,0,0,0,0
1067.989,0.9629,0,0,0,0
1068.025,0.9629,0,0,0,0
1068.059,0.9629,0,0,0,0
1068.089,0.9629,0,0,0,0
1068.122,0.9629,0,0,0,0
1068.159,0.9629,0,0,0,0
1068.193,0.9629,0,0,0,0
1068.224,0.9629,0,0,0,0
1068.255,0.9629,0,0,0,0
1068.291,0.9629,0,0,0,0
1068.324,0.9629,0,0,0,0
1068.355,0.9629,0,0,0,0
1068.391,0.9629,0,0,0,0
1068.422,0.9629,0,0,0,0
1068.457,0.9629,0,0,0,0
1068.490,0.9629,0,0,0,0
1068.523,0.9629,0,0,0,0
1068.556,0.9629,0,0,0,0
1068.590,0.9629,0,0,0,0
1068.622,0.9629,0,0,0,0
1068.660,0.9629,0,0,0,0
1068.692,0.9629,0,0,0,0
1068.724,0.9629,0,0,0,0
1068.757,0.9629,0,0,0,0
1068.793,0.9629,0,0,0,0
1068.825,0.9629,0,0,0,0
1068.856,0.9629,0,0,0,0
1068.892,0.9629,0,0,0,0
1068.925,0.9629,0,0,0,0
1068.957,0.9629,0,0,0,0
1068.992,0.9629,0,0,0,0
1069.023,0.9629,0,0,0,0
1069.056,0.9629,0,0,0,0
1069.092,0.9629,0,0,0,0
1069.124,0.9629,0,0,0,0
1069.156,0.9629,0,0,0,0
1069.191,0.9629,0,0,0,0
1069.224,0.9629,0,0,0,0
1069.257,0.9629,0,0,0,0
1069.291,0.9629,0,0,0,0
1069.324,0.9629,0,0,0,0
1069.357,0.9629,0,0,0,0
1069.392,0.9629,0,0,0,0
1069.424,0.9629,0,0,0,0
1069.456,0.9629,0,0,0,0
1069.491,0.9629,0,0,0,0
1069.524,0.9629,0,0,0,0
1069.557,0.9629,0,0,0,0
1069.591,0.9629,0,0,0,0
1069.626,0.9629,0,0,0,0
1069.656,0.9629,0,0,0,0
1069.694,0.9629,0,0,0,0
1069.724,0.9629,0,0,0,0
1069.757,0.9629,0,0,0,0
1069.790,0.9629,0,0,0,0
1069.825,0.9629,0,0,0,0
1069.859,0.9629,0,0,0,0
1069.889,0.9629,0,0,0,0
1069.927,0.9629,0,0,0,0
1069.956,0.9629,0,0,0,0
1069.991,0.9629,0,0,0,0
1070.026,0.9629,0,0,0,0
1070.058,0.9629,0,0,0,0
1070.092,0.9629,0,0,0,0
1070.125,0.9629,0,0,0,0
1070.158,0.9629,0,0,0,0
1070.189,0.9629,0,0,0,0
1070.227,0.9629,0,0,0,0
1070.257,0.9629,0,0,0,0
1070.293,0.9629,0,0,0,0
1070.325,0.9629,0,0,0,0
1070.357,0.9629,0,0,0,0
1070.392,0.9629,0,0,0,0
1070.426,0.9629,0,0,0,0
1070.458,0.9629,0,0,0,0
1070.492,0.9629,0,0,0,0
1070.523,0.9629,0,0,0,0
1070.557,0.9629,0,0,0,0
1070.590,0.9629,0,0,0,0
1070.625,0.9629,0,0,0,0
1070.657,0.9629,0,0,0,0
1070.692,0.9629,0,0,0,0
1070.723,0.9629,0,0,0,0
1070.756,0.9629,0,0,0,0
1070.791,0.9629,0,0,0,0
1070.824,0.9629,0,0,0,0
1070.860,0.9629,0,0,0,0
1070.893,0.9629,0,0,0,0
1070.925,0.9629,0,0,0,0
1070.961,0.9629,0,0,0,0
1070.990,0.9629,0,0,0,0
1071.022,0.9629,0,0,0,0
1071.056,0.9629,0,0,0,0
1071.092,0.9629,0,0,0,0
1071.122,0.9629,0,0,0,0
1071.156,0.9629,0,0,0,0
1071.193,0.9629,0,0,0,0
1071.222,0.9629,0,0,0,0
1071.257,0.9629,0,0,0,0
1071.292,0.9629,0,0,0,0
1071.325,0.9629,0,0,0,0
1071.356,0.9629,0,0,0,0
1071.392,0.9629,0,0,0,0
1071.423,0.9629,0,0,0,0
1071.447,0.9629,0,0,0,0
1071.492,0.9629,0,0,0,0
1071.527,0.9629,0,0,0,0
1071.558,0.9629,0,0,0,0
1071.590,0.9629,0,0,0,0
1071.623,0.9629,0,0,0,0
1071.658,0.9629,0,0,0,0
1071.686,0.9629,0,0,0,0
1071.722,0.9629,0,0,0,0
1071.758,0.9629,0,0,0,0
1071.793,0.9629,0,0,0,0
1071.824,0.9629,0,0,0,0
1071.859,0.9629,0,0,0,0
1071.892,0.9629,0,0,0,0
1071.925,0.9629,0,0,0,0
1071.958,0.9629,0,0,0,0
1071.993,0.9629,0,0,0,0
1072.023,0.9629,0,0,0,0
1072.058,0.9629,0,0,0,0
1072.092,0.9629,0,0,0,0
1072.124,0.9629,0,0,0,0
1072.158,0.9629,0,0,0,0
1072.189,0.9629,0,0,0,0
1072.225,0.9629,0,0,0,0
1072.256,0.9629,0,0,0,0
1072.291,0.9629,0,0,0,0
1072.322,0.9629,0,0,0,0
1072.356,0.9629,0,0,0,0
1072.390,0.9629,0,0,0,0
1072.423,0.9629,0,0,0,0
1072.457,0.9629,0,0,0,0
1072.489,0.9629,0,0,0,0
1072.523,0.9629,0,0,0,0
1072.559,0.9629,0,0,0,0
1072.589,0.9629,0,0,0,0
1072.623,0.9629,0,0,0,0
1072.660,0.9629,0,0,0,0
1072.693,0.9629,0,0,0,0
1072.725,0.9629,0,0,0,0
1072.757,0.9629,0,0,0,0
1072.789,0.9629,0,0,0,0
1072.822,0.9629,0,0,0,0
1072.857,0.9629,0,0,0,0
1072.889,0.9629,0,0,0,0
1072.923,0.9629,0,0,0,0
1072.956,0.9629,0,0,0,0
1072.991,0.9629,0,0,0,0
1073.024,0.9629,0,0,0,0
1073.059,0.9629,0,0,0,0
1073.093,0.9629,0,0,0,0
1073.122,0.9629,0,0,0,0
1073.159,0.9629,0,0,0,0
1073.191,0.9629,0,0,0,0
1073.226,0.9629,0,0,0,0
1073.258,0.9629,0,0,0,0
1073.290,0.9629,0,0,0,0
1073.323,0.9629,0,0,0,0
1073.358,0.9629,0,0,0,0
1073.391,0.9629,0,0,0,0
1073.424,0.9629,0,0,0,0
1073.460,0.9629,0,0,0,0
1073.492,0.9629,0,0,0,0
1073.524,0.9629,0,0,0,0
1073.558,0.9629,0,0,0,0
1073.589,0.9629,0,0,0,0
1073.624,0.9629,0,0,0,0
1073.658,0.9629,0,0,0,0
1073.689,0.9629,0,0,0,0
1073.724,0.9629,0,0,0,0
1073.760,0.9629,0,0,0,0
1073.790,0.9629,0,0,0,0
1073.826,0.9629,0,0,0,0
1073.857,0.9629,0,0,0,0
1073.890,0.9629,0,0,0,0
1073.927,0.9629,0,0,0,0
1073.956,0.9629,0,0,0,0
1073.993,0.9629,0,0,0,0
1074.026,0.9629,0,0,0,0
1074.057,0.9629,0,0,0,0
1074.092,0.9629,0,0,0,0
1074.125,0.9629,0,0,0,0
1074.161,0.9629,0,0,0,0
1074.190,0.9629,0,0,0,0
1074.226,0.9629,0,0,0,0
1074.259,0.9629,0,0,0,0
1074.289,0.9629,0,0,0,0
1074.322,0.9629,0,0,0,0
1074.359,0.9629,0,0,0,0
1074.393,0.9629,0,0,0,0
1074.424,0.9629,0,0,0,0
1074.456,0.9629,0,0,0,0
1074.490,0.9629,0,0,0,0
1074.525,0.9629,0,0,0,0
1074.559,0.9629,0,0,0,0
1074.590,0.9629,0,0,0,0
1074.626,0.9629,0,0,0,0
1074.657,0.9629,0,0,0,0
1074.692,0.9629,0,0,0,0
1074.724,0.9629,0,0,0,0
1074.757,0.9629,0,0,0,0
1074.793,0.9629,0,0,0,0
1074.824,0.9629,0,0,0,0
1074.855,0.9629,0,0,0,0
1074.891,0.9629,0,0,0,0
1074.923,0.9629,0,0,0,0
1074.956,0.9629,0,0,0,0
1074.993,0.9629,0,0,0,0
1075.024,0.9629,0,0,0,0
1075.060,0.9629,0,0,0,0
1075.091,0.9629,0,0,0,0
1075.126,0.9629,0,0,0,0
1075.158,0.9629,0,0,0,0
1075.192,0.9629,0,0,0,0
1075.226,0.9629,0,0,0,0
1075.263,0.9629,0,0,0,0
1075.292,0.9629,0,0,0,0
1075.326,0.9629,0,0,0,0
1075.357,0.9629,0,0,0,0
1075.391,0.9629,0,0,0,0
1075.425,0.9629,0,0,0,0
1075.456,0.9629,0,0,0,0
1075.493,0.9629,0,0,0,0
1075.525,0.9629,0,0,0,0
1075.556,0.9629,0,0,0,0
1075.591,0.9629,0,0,0,0
1075.625,0.9629,0,0,0,0
1075.656,0.9629,0,0,0,0
1075.692,0.9629,0,0,0,0
1075.724,0.9629,0,0,0,0
1075.757,0.9629,0,0,0,0
1075.793,0.9629,0,0,0,0
1075.824,0.9629,0,0,0,0
1075.860,0.9629,0,0,0,0
1075.893,0.9629,0,0,0,0
1075.923,0.9629,0,0,0,0
1075.960,0.9629,0,0,0,0
1075.990,0.9629,0,0,0,0
1076.025,0.9629,0,0,0,0
1076.056,0.9629,0,0,0,0
1076.091,0.9629,0,0,0,0
1076.124,0.9629,0,0,0,0
1076.155,0.9629,0,0,0,0
1076.190,0.9629,0,0,0,0
1076.224,0.9629,0,0,0,0
1076.257,0.9629,0,0,0,0
1076.289,0.9629,0,0,0,0
1076.323,0.9629,0,0,0,0
1076.357,0.9629,0,0,0,0
1076.392,0.9629,0,0,0,0
1076.424,0.9629,0,0,0,0
1076.461,0.9629,0,0,0,0
1076.495,0.9629,0,0,0,0
1076.523,0.9629,0,0,0,0
1076.556,0.9629,0,0,0,0
1076.589,0.9629,0,0,0,0
1076.626,0.9629,0,0,0,0
1076.658,0.9629,0,0,0,0
1076.689,0.9629,0,0,0,0
1076.727,0.9629,0,0,0,0
1076.759,0.9629,0,0,0,0
1076.790,0.9629,0,0,0,0
1076.823,0.9629,0,0,0,0
1076.861,0.9629,0,0,0,0
1076.889,0.9629,0,0,0,0
1076.925,0.9629,0,0,0,0
1076.957,0.9629,0,0,0,0
1076.993,0.9629,0,0,0,0
1077.026,0.9629,0,0,0,0
1077.056,0.9629,0,0,0,0
1077.089,0.9629,0,0,0,0
1077.128,0.9629,0,0,0,0
1077.156,0.9629,0,0,0,0
1077.191,0.9629,0,0,0,0
1077.226,0.9629,0,0,0,0
1077.258,0.9629,0,0,0,0
1077.290,0.9629,0,0,0,0
1077.325,0.9629,0,0,0,0
1077.358,0.9629,0,0,0,0
1077.391,0.9629,0,0,0,0
1077.423,0.9629,0,0,0,0
1077.458,0.9629,0,0,0,0
1077.494,0.9629,0,0,0,0
1077.525,0.9629,0,0,0,0
1077.558,0.9629,0,0,0,0
1077.589,0.9629,0,0,0,0
1077.626,0.9629,0,0,0,0
1077.656,0.9629,0,0,0,0
1077.689,0.9629,0,0,0,0
1077.722,0.9629,0,0,0,0
1077.757,0.9629,0,0,0,0
1077.792,0.9629,0,0,0,0
1077.824,0.9629,0,0,0,0
1077.856,0.9629,0,0,0,0
1077.891,0.9629,0,0,0,0
1077.925,0.9629,0,0,0,0
1077.959,0.9629,0,0,0,0
1077.992,0.9629,0,0,0,0
1078.026,0.9629,0,0,0,0
1078.057,0.9629,0,0,0,0
1078.091,0.9629,0,0,0,0
1078.123,0.9629,0,0,0,0
1078.158,0.9629,0,0,0,0
1078.189,0.9629,0,0,0,0
1078.223,0.9629,0,0,0,0
1078.257,0.9629,0,0,0,0
1078.289,0.9629,0,0,0,0
1078.324,0.9629,0,0,0,0
1078.357,0.9629,0,0,0,0
1078.391,0.9629,0,0,0,0
1078.424,0.9629,0,0,0,0
1078.456,0.9629,0,0,0,0
1078.491,0.9629,0,0,0,0
1078.523,0.9629,0,0,0,0
1078.560,0.9629,0,0,0,0
1078.590,0.9629,0,0,0,0
1078.622,0.9629,0,0,0,0
1078.659,0.9629,0,0,0,0
1078.693,0.9629,0,0,0,0
1078.725,0.9629,0,0,0,0
1078.756,0.9629,0,0,0,0
1078.794,0.9629,0,0,0,0
1078.826,0.9629,0,0,0,0
1078.856,0.9629,0,0,0,0
1078.888,0.9629,0,0,0,0
1078.923,0.9629,0,0,0,0
1078.959,0.9629,0,0,0,0
1078.989,0.9629,0,0,0,0
1079.023,0.9629,0,0,0,0
1079.057,0.9629,0,0,0,0
1079.093,0.9629,0,0,0,0
1079.123,0.9629,0,0,0,0
1079.156,0.9629,0,0,0,0
1079.192,0.9629,0,0,0,0
1079.226,0.9629,0,0,0,0
1079.256,0.9629,0,0,0,0
1079.289,0.9629,0,0,0,0
1079.325,0.9629,0,0,0,0
1079.356,0.9629,0,0,0,0
1079.394,0.9629,0,0,0,0
1079.427,0.9629,0,0,0,0
1079.456,0.9629,0,0,0,0
1079.490,0.9629,0,0,0,0
1079.526,0.9629,0,0,0,0
1079.560,0.9629,0,0,0,0
1079.592,0.9629,0,0,0,0
1079.627,0.9629,0,0,0,0
1079.658,0.9629,0,0,0,0
1079.690,0.9629,0,0,0,0
1079.724,0.9629,0,0,0,0
1079.756,0.9629,0,0,0,0
1079.793,0.9629,0,0,0,0
1079.825,0.9629,0,0,0,0
1079.857,0.9629,0,0,0,0
1079.893,0.9629,0,0,0,0
1079.924,0.9629,0,0,0,0
1079.956,0.9629,0,0,0,0
1079.992,0.9629,0,0,0,0
1080.025,0.9629,0,0,0,0
1080.056,0.9629,0,0,0,0
1080.089,0.9629,0,0,0,0
1080.124,0.9629,0,0,0,0
1080.156,0.9629,0,0,0,0
1080.188,0.9629,0,0,0,0
1080.226,0.9629,0,0,0,0
1080.259,0.9629,0,0,0,0
1080.289,0.9629,0,0,0,0
1080.323,0.9629,0,0,0,0
1080.357,0.9629,0,0,0,0
1080.391,0.9629,0,0,0,0
1080.423,0.9629,0,0,0,0
1080.457,0.9629,0,0,0,0
1080.493,0.9629,0,0,0,0
1080.524,0.9629,0,0,0,0
1080.558,0.9629,0,0,0,0
1080.593,0.9629,0,0,0,0
1080.624,0.9629,0,0,0,0
1080.656,0.9629,0,0,0,0
1080.691,0.9629,0,0,0,0
1080.726,0.9629,0,0,0,0
1080.757,0.9629,0,0,0,0
1080.792,0.9629,0,0,0,0
1080.824,0.9629,0,0,0,0
1080.857,0.9629,0,0,0,0
1080.889,0.9629,0,0,0,0
1080.923,0.9629,0,0,0,0
1080.958,0.9629,0,0,0,0
1080.990,0.9629,0,0,0,0
1081.026,0.9629,0,0,0,0
1081.058,0.9629,0,0,0,0
1081.091,0.9629,0,0,0,0
1081.124,0.9629,0,0,0,0
1081.157,0.9629,0,0,0,0
1081.192,0.9629,0,0,0,0
1081.226,0.9629,0,0,0,0
1081.257,0.9629,0,0,0,0
1081.292,0.9629,0,0,0,0
1081.324,0.9629,0,0,0,0
1081.357,0.9629,0,0,0,0
1081.391,0.9629,0,0,0,0
1081.426,0.9629,0,0,0,0
1081.456,0.9629,0,0,0,0
1081.489,0.9629,0,0,0,0
1081.525,0.9629,0,0,0,0
1081.558,0.9629,0,0,0,0
1081.590,0.9629,0,0,0,0
1081.622,0.9629,0,0,0,0
1081.657,0.9629,0,0,0,0
1081.691,0.9629,0,0,0,0
1081.725,0.9629,0,0,0,0
1081.757,0.9629,0,0,0,0
1081.792,0.9629,0,0,0,0
1081.823,0.9629,0,0,0,0
1081.856,0.9629,0,0,0,0
1081.892,0.9629,0,0,0,0
1081.923,0.9629,0,0,0,0
1081.956,0.9629,0,0,0,0
1081.993,0.9629,0,0,0,0
1082.022,0.9629,0,0,0,0
1082.060,0.9629,0,0,0,0
1082.092,0.9629,0,0,0,0
1082.122,0.9629,0,0,0,0
1082.160,0.9629,0,0,0,0
1082.191,0.9629,0,0,0,0
1082.225,0.9629,0,0,0,0
1082.258,0.9629,0,0,0,0
1082.292,0.9629,0,0,0,0
1082.325,0.9629,0,0,0,0
1082.358,0.9629,0,0,0,0
1082.389,0.9629,0,0,0,0
1082.422,0.9629,0,0,0,0
1082.456,0.9629,0,0,0,0
1082.491,0.9629,0,0,0,0
1082.533,0.9629,0,0,0,0
1082.561,0.9629,0,0,0,0
1082.581,0.9629,0,0,0,0
1082.629,0.9629,0,0,0,0
1082.652,0.9629,0,0,0,0
1082.692,0.9629,0,0,0,0
1082.726,0.9629,0,0,0,0
1082.759,0.9629,0,0,0,0
1082.788,0.9629,0,0,0,0
1082.823,0.9629,0,0,0,0
1082.859,0.9629,0,0,0,0
1082.889,0.9629,0,0,0,0
1082.938,0.9629,0,0,0,0
1082.997,0.9629,0,0,0,0
1083.035,0.9629,0,0,0,0
1083.073,0.9629,0,0,0,0
1083.104,0.9629,0,0,0,0
1083.137,0.9629,0,0,0,0
1083.171,0.9629,0,0,0,0
1083.206,0.9629,0,0,0,0
1083.238,0.9629,0,0,0,0
1083.271,0.9629,0,0,0,0
1083.302,0.9629,0,0,0,0
1083.339,0.9629,0,0,0,0
1083.375,0.9629,0,0,0,0
1083.407,0.9629,0,0,0,0
1083.440,0.9629,0,0,0,0
1083.475,0.9629,0,0,0,0
1083.502,0.9629,0,0,0,0
1083.538,0.9629,0,0,0,0
1083.568,0.9629,0,0,0,0
1083.606,0.9629,0,0,0,0
1083.636,0.9629,0,0,0,0
1083.671,0.9629,0,0,0,0
1083.703,0.9629,0,0,0,0
1083.739,0.9629,0,0,0,0
1083.769,0.9629,0,0,0,0
1083.804,0.9629,0,0,0,0
1083.836,0.9629,0,0,0,0
1083.869,0.9629,0,0,0,0
1083.903,0.9629,0,0,0,0
1083.935,0.9629,0,0,0,0
1083.969,0.9629,0,0,0,0
1084.002,0.9629,0,0,0,0
1084.038,0.9629,0,0,0,0
1084.069,0.9629,0,0,0,0
1084.105,0.9629,0,0,0,0
1084.139,0.9629,0,0,0,0
1084.169,0.9629,0,0,0,0
1084.206,0.9629,0,0,0,0
1084.235,0.9629,0,0,0,0
1084.271,0.9629,0,0,0,0
1084.301,0.9629,0,0,0,0
1084.339,0.9629,0,0,0,0
1084.373,0.9629,0,0,0,0
1084.403,0.9629,0,0,0,0
1084.435,0.9629,0,0,0,0
1084.470,0.9629,0,0,0,0
1084.501,0.9629,0,0,0,0
1084.540,0.9629,0,0,0,0
1084.568,0.9629,0,0,0,0
1084.604,0.9629,0,0,0,0
1084.638,0.9629,0,0,0,0
1084.670,0.9629,0,0,0,0
1084.706,0.9629,0,0,0,0
1084.734,0.9629,0,0,0,0
1084.770,0.9629,0,0,0,0
1084.802,0.9629,0,0,0,0
1084.839,0.9629,0,0,0,0
1084.871,0.9629,0,0,0,0
1084.905,0.9629,0,0,0,0
1084.938,0.9629,0,0,0,0
1084.972,0.9629,0,0,0,0
1085.001,0.9629,0,0,0,0
1085.038,0.9629,0,0,0,0
1085.072,0.9629,0,0,0,0
1085.102,0.9629,0,0,0,0
1085.137,0.9629,0,0,0,0
1085.176,0.9629,0,0,0,0
1085.203,0.9629,0,0,0,0
1085.236,0.9629,0,0,0,0
1085.268,0.9629,0,0,0,0
1085.301,0.9629,0,0,0,0
1085.334,0.9629,0,0,0,0
1085.371,0.9629,0,0,0,0
1085.403,0.9629,0,0,0,0
1085.438,0.9629,0,0,0,0
1085.469,0.9629,0,0,0,0
1085.505,0.9629,0,0,0,0
1085.535,0.9629,0,0,0,0
1085.570,0.9629,0,0,0,0
1085.601,0.9629,0,0,0,0
1085.639,0.9629,0,0,0,0
1085.671,0.9629,0,0,0,0
1085.704,0.9629,0,0,0,0
1085.737,0.9629,0,0,0,0
1085.768,0.9629,0,0,0,0
1085.800,0.9629,0,0,0,0
1085.838,0.9629,0,0,0,0
1085.870,0.9629,0,0,0,0
1085.901,0.9629,0,0,0,0
1085.939,0.9629,0,0,0,0
1085.971,0.9629,0,0,0,0
1086.004,0.9629,0,0,0,0
1086.038,0.9629,0,0,0,0
1086.071,0.9629,0,0,0,0
1086.106,0.9629,0,0,0,0
1086.135,0.9629,0,0,0,0
1086.172,0.9629,0,0,0,0
1086.204,0.9629,0,0,0,0
1086.240,0.9629,0,0,0,0
1086.270,0.9629,0,0,0,0
1086.304,0.9629,0,0,0,0
1086.338,0.9629,0,0,0,0
1086.366,0.9629,0,0,0,0
1086.404,0.9629,0,0,0,0
1086.439,0.9629,0,0,0,0
1086.472,0.9629,0,0,0,0
1086.502,0.9629,0,0,0,0
1086.536,0.9629,0,0,0,0
1086.569,0.9629,0,0,0,0
1086.606,0.9629,0,0,0,0
1086.637,0.9629,0,0,0,0
1086.671,0.9629,0,0,0,0
1086.704,0.9629,0,0,0,0
1086.736,0.9629,0,0,0,0
1086.768,0.9629,0,0,0,0
1086.805,0.9629,0,0,0,0
1086.834,0.9629,0,0,0,0
1086.869,0.9629,0,0,0,0
1086.901,0.9629,0,0,0,0
1086.937,0.9629,0,0,0,0
1086.969,0.9629,0,0,0,0
1087.005,0.9629,0,0,0,0
1087.037,0.9629,0,0,0,0
1087.072,0.9629,0,0,0,0
1087.121,0.9629,0,0,0,0
1087.140,0.9629,0,0,0,0
1087.168,0.9629,0,0,0,0
1087.202,0.9629,0,0,0,0
1087.234,0.9629,0,0,0,0
1087.268,0.9629,0,0,0,0
1087.304,0.9629,0,0,0,0
1087.335,0.9629,0,0,0,0
1087.370,0.9629,0,0,0,0
1087.402,0.9629,0,0,0,0
1087.437,0.9629,0,0,0,0
1087.470,0.9629,0,0,0,0
1087.502,0.9629,0,0,0,0
1087.535,0.9629,0,0,0,0
1087.567,0.9629,0,0,0,0
1087.603,0.9629,0,0,0,0
1087.638,0.9629,0,0,0,0
1087.672,0.9629,0,0,0,0
1087.706,0.9629,0,0,0,0
1087.738,0.9629,0,0,0,0
1087.769,0.9629,0,0,0,0
1087.805,0.9629,0,0,0,0
1087.837,0.9629,0,0,0,0
1087.871,0.9629,0,0,0,0
1087.901,0.9629,0,0,0,0
1087.937,0.9629,0,0,0,0
1087.972,0.9629,0,0,0,0
1088.005,0.9629,0,0,0,0
1088.037,0.9629,0,0,0,0
1088.070,0.9629,0,0,0,0
1088.101,0.9629,0,0,0,0
1088.140,0.9629,0,0,0,0
1088.172,0.9629,0,0,0,0
1088.206,0.9629,0,0,0,0
1088.234,0.9629,0,0,0,0
1088.271,0.9629,0,0,0,0
1088.302,0.9629,0,0,0,0
1088.334,0.9629,0,0,0,0
1088.369,0.9629,0,0,0,0
1088.405,0.9629,0,0,0,0
1088.439,0.9629,0,0,0,0
1088.472,0.9629,0,0,0,0
1088.507,0.9629,0,0,0,0
1088.536,0.9629,0,0,0,0
1088.571,0.9629,0,0,0,0
1088.606,0.9629,0,0,0,0
1088.639,0.9629,0,0,0,0
1088.673,0.9629,0,0,0,0
1088.702,0.9629,0,0,0,0
1088.739,0.9629,0,0,0,0
1088.771,0.9629,0,0,0,0
1088.802,0.9629,0,0,0,0
1088.836,0.9629,0,0,0,0
1088.867,0.9629,0,0,0,0
1088.902,0.9629,0,0,0,0
1088.934,0.9629,0,0,0,0
1088.970,0.9629,0,0,0,0
1089.005,0.9629,0,0,0,0
1089.035,0.9629,0,0,0,0
1089.069,0.9629,0,0,0,0
1089.104,0.9629,0,0,0,0
1089.138,0.9629,0,0,0,0
1089.170,0.9629,0,0,0,0
1089.203,0.9629,0,0,0,0
1089.234,0.9629,0,0,0,0
1089.270,0.9629,0,0,0,0
1089.303,0.9629,0,0,0,0
1089.339,0.9629,0,0,0,0
1089.368,0.9629,0,0,0,0
1089.405,0.9629,0,0,0,0
1089.437,0.9629,0,0,0,0
1089.474,0.9629,0,0,0,0
1089.505,0.9629,0,0,0,0
1089.535,0.9629,0,0,0,0
1089.569,0.9629,0,0,0,0
1089.601,0.9629,0,0,0,0
1089.638,0.9629,0,0,0,0
1089.671,0.9629,0,0,0,0
1089.703,0.9629,0,0,0,0
1089.741,0.9629,0,0,0,0
1089.774,0.9629,0,0,0,0
1089.807,0.9629,0,0,0,0
1089.840,0.9629,0,0,0,0
1089.874,0.9629,0,0,0,0
1089.908,0.9629,0,0,0,0
1089.943,0.9629,0,0,0,0
1089.974,0.9629,0,0,0,0
1090.006,0.9629,0,0,0,0
1090.039,0.9629,0,0,0,0
1090.072,0.9629,0,0,0,0
1090.106,0.9629,0,0,0,0
1090.140,0.9629,0,0,0,0
1090.172,0.9629,0,0,0,0
1090.206,0.9629,0,0,0,0
1090.243,0.9629,0,0,0,0
1090.276,0.9629,0,0,0,0
1090.307,0.9629,0,0,0,0
1090.344,0.9629,0,0,0,0
1090.376,0.9629,0,0,0,0
1090.406,0.9629,0,0,0,0
1090.439,0.9629,0,0,0,0
1090.474,0.9629,0,0,0,0
1090.507,0.9629,0,0,0,0
1090.540,0.9629,0,0,0,0
1090.573,0.9629,0,0,0,0
1090.606,0.9629,0,0,0,0
1090.640,0.9629,0,0,0,0
1090.677,0.9629,0,0,0,0
1090.706,0.9629,0,0,0,0
1090.744,0.9629,0,0,0,0
1090.773,0.9629,0,0,0,0
1090.809,0.9629,0,0,0,0
1090.842,0.9629,0,0,0,0
1090.875,0.9629,0,0,0,0
1090.906,0.9629,0,0,0,0
1090.939,0.9629,0,0,0,0
1090.972,0.9629,0,0,0,0
1091.008,0.9629,0,0,0,0
1091.043,0.9629,0,0,0,0
1091.075,0.9629,0,0,0,0
1091.110,0.9629,0,0,0,0
1091.141,0.9629,0,0,0,0
1091.176,0.9629,0,0,0,0
1091.205,0.9629,0,0,0,0
1091.243,0.9629,0,0,0,0
1091.273,0.9629,0,0,0,0
1091.309,0.9629,0,0,0,0
1091.340,0.9629,0,0,0,0
1091.378,0.9629,0,0,0,0
1091.406,0.9629,0,0,0,0
1091.440,0.9629,0,0,0,0
1091.475,0.9629,0,0,0,0
1091.510,0.9629,0,0,0,0
1091.539,0.9629,0,0,0,0
1091.573,0.9629,0,0,0,0
1091.606,0.9629,0,0,0,0
1091.639,0.9629,0,0,0,0
1091.677,0.9629,0,0,0,0
1091.709,0.9629,0,0,0,0
1091.740,0.9629,0,0,0,0
1091.776,0.9629,0,0,0,0
1091.807,0.9629,0,0,0,0
1091.843,0.9629,0,0,0,0
1091.874,0.9629,0,0,0,0
1091.910,0.9629,0,0,0,0
1091.941,0.9629,0,0,0,0
1091.973,0.9629,0,0,0,0
1092.010,0.9629,0,0,0,0
1092.042,0.9629,0,0,0,0
1092.074,0.9629,0,0,0,0
1092.105,0.9629,0,0,0,0
1092.142,0.9629,0,0,0,0
1092.174,0.9629,0,0,0,0
1092.206,0.9629,0,0,0,0
1092.244,0.9629,0,0,0,0
1092.276,0.9629,0,0,0,0
1092.308,0.9629,0,0,0,0
1092.340,0.9629,0,0,0,0
1092.377,0.9629,0,0,0,0
1092.408,0.9629,0,0,0,0
1092.441,0.9629,0,0,0,0
1092.475,0.9629,0,0,0,0
1092.507,0.9629,0,0,0,0
1092.539,0.9629,0,0,0,0
1092.573,0.9629,0,0,0,0
1092.606,0.9629,0,0,0,0
1092.643,0.9629,0,0,0,0
1092.676,0.9629,0,0,0,0
1092.708,0.9629,0,0,0,0
1092.741,0.9629,0,0,0,0
1092.773,0.9629,0,0,0,0
1092.806,0.9629,0,0,0,0
1092.843,0.9629,0,0,0,0
1092.876,0.9629,0,0,0,0
1092.908,0.9629,0,0,0,0
1092.942,0.9629,0,0,0,0
1092.976,0.9629,0,0,0,0
1093.009,0.9629,0,0,0,0
1093.041,0.9629,0,0,0,0
1093.075,0.9629,0,0,0,0
1093.106,0.9629,0,0,0,0
1093.139,0.9629,0,0,0,0
1093.174,0.9629,0,0,0,0
1093.207,0.9629,0,0,0,0
1093.243,0.9629,0,0,0,0
1093.275,0.9629,0,0,0,0
1093.306,0.9629,0,0,0,0
1093.341,0.9629,0,0,0,0
1093.375,0.9629,0,0,0,0
1093.406,0.9629,0,0,0,0
1093.440,0.9629,0,0,0,0
1093.473,0.9629,0,0,0,0
1093.506,0.9629,0,0,0,0
1093.541,0.9629,0,0,0,0
1093.575,0.9629,0,0,0,0
1093.606,0.9629,0,0,0,0
1093.640,0.9629,0,0,0,0
1093.675,0.9629,0,0,0,0
1093.708,0.9629,0,0,0,0
1093.744,0.9629,0,0,0,0
1093.776,0.9629,0,0,0,0
1093.809,0.9629,0,0,0,0
1093.842,0.9629,0,0,0,0
1093.875,0.9629,0,0,0,0
1093.907,0.9629,0,0,0,0
1093.944,0.9629,0,0,0,0
1093.976,0.9629,0,0,0,0
1094.008,0.9629,0,0,0,0
1094.044,0.9629,0,0,0,0
1094.077,0.9629,0,0,0,0
1094.107,0.9629,0,0,0,0
1094.144,0.9629,0,0,0,0
1094.176,0.9629,0,0,0,0
1094.207,0.9629,0,0,0,0
1094.241,0.9629,0,0,0,0
1094.276,0.9629,0,0,0,0
1094.307,0.9629,0,0,0,0
1094.341,0.9629,0,0,0,0
1094.376,0.9629,0,0,0,0
1094.408,0.9629,0,0,0,0
1094.442,0.9629,0,0,0,0
1094.474,0.9629,0,0,0,0
1094.508,0.9629,0,0,0,0
1094.539,0.9629,0,0,0,0
1094.573,0.9629,0,0,0,0
1094.608,0.9629,0,0,0,0
1094.642,0.9629,0,0,0,0
1094.675,0.9629,0,0,0,0
1094.710,0.9629,0,0,0,0
1094.742,0.9629,0,0,0,0
1094.774,0.9629,0,0,0,0
1094.808,0.9629,0,0,0,0
1094.840,0.9629,0,0,0,0
1094.873,0.9629,0,0,0,0
1094.908,0.9629,0,0,0,0
1094.942,0.9629,0,0,0,0
1094.977,0.9629,0,0,0,0
1095.006,0.9629,0,0,0,0
1095.039,0.9629,0,0,0,0
1095.073,0.9629,0,0,0,0
1095.108,0.9629,0,0,0,0
1095.141,0.9629,0,0,0,0
1095.175,0.9629,0,0,0,0
1095.207,0.9629,0,0,0,0
1095.241,0.9629,0,0,0,0
1095.273,0.9629,0,0,0,0
1095.307,0.9629,0,0,0,0
1095.341,0.9629,0,0,0,0
1095.375,0.9629,0,0,0,0
1095.407,0.9629,0,0,0,0
1095.444,0.9629,0,0,0,0
1095.473,0.9629,0,0,0,0
1095.510,0.9629,0,0,0,0
1095.542,0.9629,0,0,0,0
1095.575,0.9629,0,0,0,0
1095.609,0.9629,0,0,0,0
1095.641,0.9629,0,0,0,0
1095.673,0.9629,0,0,0,0
1095.708,0.9629,0,0,0,0
1095.740,0.9629,0,0,0,0
1095.775,0.9629,0,0,0,0
1095.807,0.9629,0,0,0,0
1095.843,0.9629,0,0,0,0
1095.873,0.9629,0,0,0,0
1095.907,0.9629,0,0,0,0
1095.942,0.9629,0,0,0,0
1095.973,0.9629,0,0,0,0
1096.009,0.9629,0,0,0,0
1096.042,0.9629,0,0,0,0
1096.077,0.9629,0,0,0,0
1096.109,0.9629,0,0,0,0
1096.143,0.9629,0,0,0,0
1096.174,0.9629,0,0,0,0
1096.209,0.9629,0,0,0,0
1096.240,0.9629,0,0,0,0
1096.276,0.9629,0,0,0,0
1096.306,0.9629,0,0,0,0
1096.341,0.9629,0,0,0,0
1096.379,0.9629,0,0,0,0
1096.406,0.9629,0,0,0,0
1096.442,0.9629,0,0,0,0
1096.472,0.9629,0,0,0,0
1096.506,0.9629,0,0,0,0
1096.542,0.9629,0,0,0,0
1096.576,0.9629,0,0,0,0
1096.611,0.9629,0,0,0,0
1096.643,0.9629,0,0,0,0
1096.675,0.9629,0,0,0,0
1096.710,0.9629,0,0,0,0
1096.740,0.9629,0,0,0,0
1096.778,0.9629,0,0,0,0
1096.806,0.9629,0,0,0,0
1096.842,0.9629,0,0,0,0
1096.875,0.9629,0,0,0,0
1096.906,0.9629,0,0,0,0
1096.940,0.9629,0,0,0,0
1096.974,0.9629,0,0,0,0
1097.009,0.9629,0,0,0,0
1097.042,0.9629,0,0,0,0
1097.076,0.9629,0,0,0,0
1097.107,0.9629,0,0,0,0
1097.143,0.9629,0,0,0,0
1097.176,0.9629,0,0,0,0
1097.204,0.9629,0,0,0,0
1097.243,0.9629,0,0,0,0
1097.274,0.9629,0,0,0,0
1097.309,0.9629,0,0,0,0
1097.342,0.9629,0,0,0,0
1097.377,0.9629,0,0,0,0
1097.409,0.9629,0,0,0,0
1097.441,0.9629,0,0,0,0
1097.473,0.9629,0,0,0,0
1097.507,0.9629,0,0,0,0
1097.542,0.9629,0,0,0,0
1097.577,0.9629,0,0,0,0
1097.608,0.9629,0,0,0,0
1097.642,0.9629,0,0,0,0
1097.675,0.9629,0,0,0,0
1097.706,0.9629,0,0,0,0
1097.741,0.9629,0,0,0,0
1097.773,0.9629,0,0,0,0
1097.806,0.9629,0,0,0,0
1097.840,0.9629,0,0,0,0
1097.877,0.9629,0,0,0,0
1097.906,0.9629,0,0,0,0
1097.942,0.9629,0,0,0,0
1097.975,0.9629,0,0,0,0
1098.009,0.9629,0,0,0,0
1098.042,0.9629,0,0,0,0
1098.078,0.9629,0,0,0,0
1098.109,0.9629,0,0,0,0
1098.140,0.9629,0,0,0,0
1098.176,0.9629,0,0,0,0
1098.209,0.9629,0,0,0,0
1098.241,0.9629,0,0,0,0
1098.274,0.9629,0,0,0,0
1098.310,0.9629,0,0,0,0
1098.340,0.9629,0,0,0,0
1098.376,0.9629,0,0,0,0
1098.406,0.9629,0,0,0,0
1098.440,0.9629,0,0,0,0
1098.479,0.9629,0,0,0,0
1098.516,0.9629,0,0,0,0
1098.547,0.9629,0,0,0,0
1098.580,0.9629,0,0,0,0
1098.612,0.9629,0,0,0,0
1098.644,0.9629,0,0,0,0
1098.678,0.9629,0,0,0,0
1098.709,0.9629,0,0,0,0
1098.745,0.9629,0,0,0,0
1098.779,0.9629,0,0,0,0
1098.811,0.9629,0,0,0,0
1098.847,0.9629,0,0,0,0
1098.878,0.9629,0,0,0,0
1098.912,0.9629,0,0,0,0
1098.946,0.9629,0,0,0,0
1098.978,0.9629,0,0,0,0
1099.010,0.9629,0,0,0,0
1099.047,0.9629,0,0,0,0
1099.078,0.9629,0,0,0,0
1099.112,0.9629,0,0,0,0
1099.144,0.9629,0,0,0,0
1099.178,0.9629,0,0,0,0
1099.214,0.9629,0,0,0,0
1099.243,0.9629,0,0,0,0
1099.278,0.9629,0,0,0,0
1099.312,0.9629,0,0,0,0
1099.343,0.9629,0,0,0,0
1099.379,0.9629,0,0,0,0
1099.415,0.9629,0,0,0,0
1099.446,0.9629,0,0,0,0
1099.479,0.9629,0,0,0,0
1099.512,0.9629,0,0,0,0
1099.545,0.9629,0,0,0,0
1099.577,0.9629,0,0,0,0
1099.612,0.9629,0,0,0,0
1099.645,0.9629,0,0,0,0
1099.679,0.9629,0,0,0,0
1099.712,0.9629,0,0,0,0
1099.744,0.9629,0,0,0,0
1099.779,0.9629,0,0,0,0
1099.813,0.9629,0,0,0,0
1099.844,0.9629,0,0,0,0
1099.880,0.9629,0,0,0,0
1099.909,0.9629,0,0,0,0
1099.945,0.9629,0,0,0,0
1099.979,0.9629,0,0,0,0
1100.011,0.9629,0,0,0,0
1100.045,0.9629,0,0,0,0
1100.079,0.9629,0,0,0,0
1100.111,0.9629,0,0,0,0
1100.145,0.9629,0,0,0,0
1100.177,0.9629,0,0,0,0
1100.211,0.9629,0,0,0,0
1100.245,0.9629,0,0,0,0
1100.276,0.9629,0,0,0,0
1100.311,0.9629,0,0,0,0
1100.345,0.9629,0,0,0,0
1100.377,0.9629,0,0,0,0
1100.410,0.9629,0,0,0,0
1100.447,0.9629,0,0,0,0
1100.477,0.9629,0,0,0,0
1100.512,0.9629,0,0,0,0
1100.545,0.9629,0,0,0,0
1100.579,0.9629,0,0,0,0
1100.612,0.9629,0,0,0,0
1100.643,0.9629,0,0,0,0
1100.679,0.9629,0,0,0,0
1100.710,0.9629,0,0,0,0
1100.743,0.9629,0,0,0,0
1100.778,0.9629,0,0,0,0
1100.813,0.9629,0,0,0,0
1100.847,0.9629,0,0,0,0
1100.879,0.9629,0,0,0,0
1100.911,0.9629,0,0,0,0
1100.947,0.9629,0,0,0,0
1100.979,0.9629,0,0,0,0
1101.009,0.9629,0,0,0,0
1101.043,0.9629,0,0,0,0
1101.077,0.9629,0,0,0,0
1101.113,0.9629,0,0,0,0
1101.145,0.9629,0,0,0,0
1101.178,0.9629,0,0,0,0
1101.213,0.9629,0,0,0,0
1101.244,0.9629,0,0,0,0
1101.280,0.9629,0,0,0,0
1101.311,0.9629,0,0,0,0
1101.345,0.9629,0,0,0,0
1101.378,0.9629,0,0,0,0
1101.410,0.9629,0,0,0,0
1101.446,0.9629,0,0,0,0
1101.477,0.9629,0,0,0,0
1101.509,0.9629,0,0,0,0
1101.543,0.9629,0,0,0,0
1101.579,0.9629,0,0,0,0
1101.612,0.9629,0,0,0,0
1101.643,0.9629,0,0,0,0
1101.679,0.9629,0,0,0,0
1101.709,0.9629,0,0,0,0
1101.742,0.9629,0,0,0,0
1101.780,0.9629,0,0,0,0
1101.811,0.9629,0,0,0,0
1101.844,0.9629,0,0,0,0
1101.879,0.9629,0,0,0,0
1101.910,0.9629,0,0,0,0
1101.943,0.9629,0,0,0,0
1101.980,0.9629,0,0,0,0
1102.011,0.9629,0,0,0,0
1102.047,0.9629,0,0,0,0
1102.079,0.9629,0,0,0,0
1102.110,0.9629,0,0,0,0
1102.145,0.9629,0,0,0,0
1102.178,0.9629,0,0,0,0
1102.213,0.9629,0,0,0,0
1102.243,0.9629,0,0,0,0
1102.280,0.9629,0,0,0,0
1102.311,0.9629,0,0,0,0
1102.344,0.9629,0,0,0,0
1102.378,0.9629,0,0,0,0
1102.413,0.9629,0,0,0,0
1102.446,0.9629,0,0,0,0
1102.479,0.9629,0,0,0,0
1102.513,0.9629,0,0,0,0
1102.543,0.9629,0,0,0,0
1102.578,0.9629,0,0,0,0
1102.613,0.9629,0,0,0,0
1102.645,0.9629,0,0,0,0
1102.679,0.9629,0,0,0,0
1102.711,0.9629,0,0,0,0
1102.743,0.9629,0,0,0,0
1102.778,0.9629,0,0,0,0
1102.813,0.9629,0,0,0,0
1102.844,0.9629,0,0,0,0
1102.877,0.9629,0,0,0,0
1102.910,0.9629,0,0,0,0
1102.943,0.9629,0,0,0,0
1102.978,0.9629,0,0,0,0
1103.013,0.9629,0,0,0,0
1103.045,0.9629,0,0,0,0
1103.080,0.9629,0,0,0,0
1103.109,0.9629,0,0,0,0
1103.144,0.9629,0,0,0,0
1103.179,0.9629,0,0,0,0
1103.213,0.9629,0,0,0,0
1103.245,0.9629,0,0,0,0
1103.279,0.9629,0,0,0,0
1103.309,0.9629,0,0,0,0
1103.345,0.9629,0,0,0,0
1103.376,0.9629,0,0,0,0
1103.414,0.9629,0,0,0,0
1103.445,0.9629,0,0,0,0
1103.480,0.9629,0,0,0,0
1103.513,0.9629,0,0,0,0
1103.544,0.9629,0,0,0,0
1103.577,0.9629,0,0,0,0
1103.610,0.9629,0,0,0,0
1103.645,0.9629,0,0,0,0
1103.678,0.9629,0,0,0,0
1103.713,0.9629,0,0,0,0
1103.745,0.9629,0,0,0,0
1103.776,0.9629,0,0,0,0
1103.817,0.9629,0,0,0,0
1103.844,0.9629,0,0,0,0
1103.878,0.9629,0,0,0,0
1103.911,0.9629,0,0,0,0
1103.946,0.9629,0,0,0,0
1103.978,0.9629,0,0,0,0
1104.010,0.9629,0,0,0,0
1104.044,0.9629,0,0,0,0
1104.078,0.9629,0,0,0,0
1104.112,0.9629,0,0,0,0
1104.145,0.9629,0,0,0,0
1104.176,0.9629,0,0,0,0
1104.210,0.9629,0,0,0,0
1104.245,0.9629,0,0,0,0
1104.279,0.9629,0,0,0,0
1104.312,0.9629,0,0,0,0
1104.343,0.9629,0,0,0,0
1104.378,0.9629,0,0,0,0
1104.415,0.9629,0,0,0,0
1104.447,0.9629,0,0,0,0
1104.480,0.9629,0,0,0,0
1104.510,0.9629,0,0,0,0
1104.543,0.9629,0,0,0,0
1104.577,0.9629,0,0,0,0
1104.610,0.9629,0,0,0,0
1104.645,0.9629,0,0,0,0
1104.678,0.9629,0,0,0,0
1104.709,0.9629,0,0,0,0
1104.745,0.9629,0,0,0,0
1104.779,0.9629,0,0,0,0
1104.810,0.9629,0,0,0,0
1104.843,0.9629,0,0,0,0
1104.879,0.9629,0,0,0,0
1104.910,0.9629,0,0,0,0
1104.945,0.9629,0,0,0,0
1104.978,0.9629,0,0,0,0
1105.014,0.9629,0,0,0,0
1105.045,0.9629,0,0,0,0
1105.077,0.9629,0,0,0,0
1105.113,0.9629,0,0,0,0
1105.147,0.9629,0,0,0,0
1105.175,0.9629,0,0,0,0
1105.215,0.9629,0,0,0,0
1105.245,0.9629,0,0,0,0
1105.276,0.9629,0,0,0,0
1105.310,0.9629,0,0,0,0
1105.345,0.9629,0,0,0,0
1105.376,0.9629,0,0,0,0
1105.411,0.9629,0,0,0,0
1105.447,0.9629,0,0,0,0
1105.477,0.9629,0,0,0,0
1105.510,0.9629,0,0,0,0
1105.545,0.9629,0,0,0,0
1105.577,0.9629,0,0,0,0
1105.611,0.9629,0,0,0,0
1105.644,0.9629,0,0,0,0
1105.676,0.9629,0,0,0,0
1105.710,0.9629,0,0,0,0
1105.741,0.9629,0,0,0,0
1105.777,0.9629,0,0,0,0
1105.809,0.9629,0,0,0,0
1105.846,0.9629,0,0,0,0
1105.877,0.9629,0,0,0,0
1105.912,0.9629,0,0,0,0
1105.943,0.9629,0,0,0,0
1105.977,0.9629,0,0,0,0
1106.010,0.9629,0,0,0,0
1106.046,0.9629,0,0,0,0
1106.078,0.9629,0,0,0,0
1106.109,0.9629,0,0,0,0
1106.144,0.9629,0,0,0,0
1106.179,0.9629,0,0,0,0
1106.210,0.9629,0,0,0,0
1106.243,0.9629,0,0,0,0
1106.279,0.9629,0,0,0,0
1106.310,0.9629,0,0,0,0
1106.343,0.9629,0,0,0,0
1106.379,0.9629,0,0,0,0
1106.411,0.9629,0,0,0,0
1106.443,0.9629,0,0,0,0
1106.480,0.9629,0,0,0,0
1106.511,0.9629,0,0,0,0
1106.545,0.9629,0,0,0,0
1106.578,0.9629,0,0,0,0
1106.600,0.9629,0,0,0,0
1106.643,0.9629,0,0,0,0
1106.679,0.9629,0,0,0,0
1106.711,0.9629,0,0,0,0
1106.744,0.9629,0,0,0,0
1106.779,0.9629,0,0,0,0
1106.813,0.9629,0,0,0,0
1106.845,0.9629,0,0,0,0
1106.877,0.9629,0,0,0,0
1106.913,0.9629,0,0,0,0
1106.945,0.9629,0,0,0,0
1106.979,0.9629,0,0,0,0
1107.009,0.9629,0,0,0,0
1107.046,0.9629,0,0,0,0
1107.080,0.9629,0,0,0,0
1107.110,0.9629,0,0,0,0
1107.145,0.9629,0,0,0,0
1107.182,0.9629,0,0,0,0
1107.203,0.9629,0,0,0,0
1107.245,0.9629,0,0,0,0
1107.278,0.9629,0,0,0,0
1107.317,0.9629,0,0,0,0
1107.337,0.9629,0,0,0,0
1107.377,0.9629,0,0,0,0
1107.412,0.9629,0,0,0,0
1107.443,0.9629,0,0,0,0
1107.477,0.9629,0,0,0,0
1107.512,0.9629,0,0,0,0
1107.547,0.9629,0,0,0,0
1107.579,0.9629,0,0,0,0
1107.610,0.9629,0,0,0,0
1107.643,0.9629,0,0,0,0
1107.677,0.9629,0,0,0,0
1107.710,0.9629,0,0,0,0
1107.744,0.9629,0,0,0,0
1107.778,0.9629,0,0,0,0
1107.812,0.9629,0,0,0,0
1107.843,0.9629,0,0,0,0
1107.878,0.9629,0,0,0,0
1107.913,0.9629,0,0,0,0
1107.944,0.9629,0,0,0,0
1107.980,0.9629,0,0,0,0
1108.012,0.9629,0,0,0,0
1108.044,0.9629,0,0,0,0
1108.077,0.9629,0,0,0,0
1108.109,0.9629,0,0,0,0
1108.145,0.9629,0,0,0,0
1108.179,0.9629,0,0,0,0
1108.212,0.9629,0,0,0,0
1108.245,0.9629,0,0,0,0
1108.277,0.9629,0,0,0,0
1108.311,0.9629,0,0,0,0
1108.344,0.9629,0,0,0,0
1108.377,0.9629,0,0,0,0
1108.411,0.9629,0,0,0,0
1108.444,0.9629,0,0,0,0
1108.476,0.9629,0,0,0,0
1108.511,0.9629,0,0,0,0
1108.543,0.9629,0,0,0,0
1108.579,0.9629,0,0,0,0
1108.612,0.9629,0,0,0,0
1108.645,0.9629,0,0,0,0
1108.678,0.9629,0,0,0,0
1108.712,0.9629,0,0,0,0
1108.743,0.9629,0,0,0,0
1108.778,0.9629,0,0,0,0
1108.814,0.9629,0,0,0,0
1108.845,0.9629,0,0,0,0
1108.877,0.9629,0,0,0,0
1108.910,0.9629,0,0,0,0
1108.944,0.9629,0,0,0,0
1108.977,0.9629,0,0,0,0
1109.013,0.9629,0,0,0,0
1109.046,0.9629,0,0,0,0
1109.076,0.9629,0,0,0,0
1109.110,0.9629,0,0,0,0
1109.146,0.9629,0,0,0,0
1109.177,0.9629,0,0,0,0
1109.210,0.9629,0,0,0,0
1109.245,0.9629,0,0,0,0
1109.277,0.9629,0,0,0,0
1109.311,0.9629,0,0,0,0
1109.343,0.9629,0,0,0,0
1109.379,0.9629,0,0,0,0
1109.410,0.9629,0,0,0,0
1109.444,0.9629,0,0,0,0
1109.478,0.9629,0,0,0,0
1109.513,0.9629,0,0,0,0
1109.544,0.9629,0,0,0,0
1109.576,0.9629,0,0,0,0
1109.611,0.9629,0,0,0,0
1109.643,0.9629,0,0,0,0
1109.676,0.9629,0,0,0,0
1109.710,0.9629,0,0,0,0
1109.745,0.9629,0,0,0,0
1109.777,0.9629,0,0,0,0
1109.809,0.9629,0,0,0,0
1109.847,0.9629,0,0,0,0
1109.880,0.9629,0,0,0,0
1109.910,0.9629,0,0,0,0
1109.946,0.9629,0,0,0,0
1109.980,0.9629,0,0,0,0
1110.010,0.9629,0,0,0,0
1110.047,0.9629,0,0,0,0
1110.078,0.9629,0,0,0,0
1110.112,0.9629,0,0,0,0
1110.144,0.9629,0,0,0,0
1110.177,0.9629,0,0,0,0
1110.211,0.9629,0,0,0,0
1110.243,0.9629,0,0,0,0
1110.280,0.9629,0,0,0,0
1110.311,0.9629,0,0,0,0
1110.345,0.9629,0,0,0,0
1110.376,0.9629,0,0,0,0
1110.410,0.9629,0,0,0,0
1110.446,0.9629,0,0,0,0
1110.479,0.9629,0,0,0,0
1110.511,0.9629,0,0,0,0
1110.548,0.9629,0,0,0,0
1110.579,0.9629,0,0,0,0
1110.611,0.9629,0,0,0,0
1110.645,0.9629,0,0,0,0
1110.678,0.9629,0,0,0,0
1110.713,0.9629,0,0,0,0
1110.745,0.9629,0,0,0,0
1110.777,0.9629,0,0,0,0
1110.809,0.9629,0,0,0,0
1110.845,0.9629,0,0,0,0
1110.880,0.9629,0,0,0,0
1110.902,0.9629,0,0,0,0
1110.943,0.9629,0,0,0,0
1110.979,0.9629,0,0,0,0
1111.015,0.9629,0,0,0,0
1111.045,0.9629,0,0,0,0
1111.078,0.9629,0,0,0,0
1111.113,0.9629,0,0,0,0
1111.144,0.9629,0,0,0,0
1111.179,0.9629,0,0,0,0
1111.213,0.9629,0,0,0,0
1111.245,0.9629,0,0,0,0
1111.279,0.9629,0,0,0,0
1111.313,0.9629,0,0,0,0
1111.344,0.9629,0,0,0,0
1111.377,0.9629,0,0,0,0
1111.413,0.9629,0,0,0,0
1111.447,0.9629,0,0,0,0
1111.479,0.9629,0,0,0,0
1111.511,0.9629,0,0,0,0
1111.545,0.9629,0,0,0,0
1111.576,0.9629,0,0,0,0
1111.611,0.9629,0,0,0,0
1111.642,0.9629,0,0,0,0
1111.679,0.9629,0,0,0,0
1111.712,0.9629,0,0,0,0
1111.744,0.9629,0,0,0,0
1111.780,0.9629,0,0,0,0
1111.813,0.9629,0,0,0,0
1111.843,0.9629,0,0,0,0
1111.878,0.9629,0,0,0,0
1111.911,0.9629,0,0,0,0
1111.944,0.9629,0,0,0,0
1111.976,0.9629,0,0,0,0
1112.012,0.9629,0,0,0,0
1112.045,0.9629,0,0,0,0
1112.079,0.9629,0,0,0,0
1112.110,0.9629,0,0,0,0
1112.143,0.9629,0,0,0,0
1112.176,0.9629,0,0,0,0
1112.210,0.9629,0,0,0,0
1112.244,0.9629,0,0,0,0
1112.280,0.9629,0,0,0,0
1112.315,0.9629,0,0,0,0
1112.343,0.9629,0,0,0,0
1112.378,0.9629,0,0,0,0
1112.413,0.9629,0,0,0,0
1112.447,0.9629,0,0,0,0
1112.479,0.9629,0,0,0,0
1112.509,0.9629,0,0,0,0
1112.544,0.9629,0,0,0,0
1112.576,0.9629,0,0,0,0
1112.609,0.9629,0,0,0,0
1112.642,0.9629,0,0,0,0
1112.677,0.9629,0,0,0,0
1112.712,0.9629,0,0,0,0
1112.743,0.9629,0,0,0,0
1112.776,0.9629,0,0,0,0
1112.810,0.9629,0,0,0,0
1112.847,0.9629,0,0,0,0
1112.875,0.9629,0,0,0,0
1112.918,0.9629,0,0,0,0
1112.949,0.9629,0,0,0,0
1112.979,0.9629,0,0,0,0
1113.007,0.9629,0,0,0,0
1113.042,0.9629,0,0,0,0
1113.077,0.9629,0,0,0,0
1113.112,0.9629,0,0,0,0
1113.145,0.9629,0,0,0,0
1113.177,0.9629,0,0,0,0
1113.209,0.9629,0,0,0,0
1113.245,0.9629,0,0,0,0
1113.276,0.9629,0,0,0,0
1113.311,0.9629,0,0,0,0
1113.343,0.9629,0,0,0,0
1113.379,0.9629,0,0,0,0
1113.410,0.9629,0,0,0,0
1113.447,0.9629,0,0,0,0
1113.480,0.9629,0,0,0,0
1113.512,0.9629,0,0,0,0
1113.547,0.9629,0,0,0,0
1113.578,0.9629,0,0,0,0
1113.612,0.9629,0,0,0,0
1113.643,0.9629,0,0,0,0
1113.680,0.9629,0,0,0,0
1113.713,0.9629,0,0,0,0
1113.745,0.9629,0,0,0,0
1113.782,0.9629,0,0,0,0
1113.811,0.9629,0,0,0,0
1113.846,0.9629,0,0,0,0
1113.879,0.9629,0,0,0,0
1113.912,0.9629,0,0,0,0
1113.943,0.9629,0,0,0,0
1113.977,0.9629,0,0,0,0
1114.011,0.9629,0,0,0,0
1114.045,0.9629,0,0,0,0
1114.078,0.9629,0,0,0,0
1114.111,0.9629,0,0,0,0
1114.144,0.9629,0,0,0,0
1114.176,0.9629,0,0,0,0
1114.212,0.9629,0,0,0,0
1114.243,0.9629,0,0,0,0
1114.279,0.9629,0,0,0,0
1114.309,0.9629,0,0,0,0
1114.347,0.9629,0,0,0,0
1114.376,0.9629,0,0,0,0
1114.411,0.9629,0,0,0,0
1114.445,0.9629,0,0,0,0
1114.476,0.9629,0,0,0,0
1114.511,0.9629,0,0,0,0
1114.546,0.9629,0,0,0,0
1114.578,0.9629,0,0,0,0
1114.610,0.9629,0,0,0,0
1114.645,0.9629,0,0,0,0
1114.676,0.9629,0,0,0,0
1114.712,0.9629,0,0,0,0
1114.745,0.9629,0,0,0,0
1114.780,0.9629,0,0,0,0
1114.812,0.9629,0,0,0,0
1114.843,0.9629,0,0,0,0
1114.880,0.9629,0,0,0,0
1114.914,0.9629,0,0,0,0
1114.943,0.9629,0,0,0,0
1114.979,0.9629,0,0,0,0
1115.010,0.9629,0,0,0,0
1115.044,0.9629,0,0,0,0
1115.080,0.9629,0,0,0,0
1115.112,0.9629,0,0,0,0
1115.143,0.9629,0,0,0,0
1115.179,0.9629,0,0,0,0
1115.213,0.9629,0,0,0,0
1115.243,0.9629,0,0,0,0
1115.278,0.9629,0,0,0,0
1115.309,0.9629,0,0,0,0
1115.344,0.9629,0,0,0,0
1115.380,0.9629,0,0,0,0
1115.410,0.9629,0,0,0,0
1115.443,0.9629,0,0,0,0
1115.476,0.9629,0,0,0,0
1115.513,0.9629,0,0,0,0
1115.545,0.9629,0,0,0,0
1115.578,0.9629,0,0,0,0
1115.613,0.9629,0,0,0,0
1115.644,0.9629,0,0,0,0
1115.678,0.9629,0,0,0,0
1115.711,0.9629,0,0,0,0
1115.744,0.9629,0,0,0,0
1115.776,0.9629,0,0,0,0
1115.813,0.9629,0,0,0,0
1115.845,0.9629,0,0,0,0
1115.877,0.9629,0,0,0,0
1115.909,0.9629,0,0,0,0
1115.944,0.9629,0,0,0,0
1115.976,0.9629,0,0,0,0
1116.010,0.9629,0,0,0,0
1116.044,0.9629,0,0,0,0
1116.080,0.9629,0,0,0,0
1116.112,0.9629,0,0,0,0
1116.144,0.9629,0,0,0,0
1116.179,0.9629,0,0,0,0
1116.212,0.9629,0,0,0,0
1116.245,0.9629,0,0,0,0
1116.280,0.9629,0,0,0,0
1116.310,0.9629,0,0,0,0
1116.343,0.9629,0,0,0,0
1116.379,0.9629,0,0,0,0
1116.410,0.9629,0,0,0,0
1116.442,0.9629,0,0,0,0
1116.477,0.9629,0,0,0,0
1116.512,0.9629,0,0,0,0
1116.544,0.9629,0,0,0,0
1116.579,0.9629,0,0,0,0
1116.612,0.9629,0,0,0,0
1116.634,0.9629,0,0,0,0
1116.679,0.9629,0,0,0,0
1116.711,0.9629,0,0,0,0
1116.743,0.9629,0,0,0,0
1116.780,0.9629,0,0,0,0
1116.810,0.9629,0,0,0,0
1116.847,0.9629,0,0,0,0
1116.876,0.9629,0,0,0,0
1116.911,0.9629,0,0,0,0
1116.944,0.9629,0,0,0,0
1116.977,0.9629,0,0,0,0
1117.013,0.9629,0,0,0,0
1117.044,0.9629,0,0,0,0
1117.078,0.9629,0,0,0,0
1117.110,0.9629,0,0,0,0
1117.142,0.9629,0,0,0,0
1117.176,0.9629,0,0,0,0
1117.213,0.9629,0,0,0,0
1117.245,0.9629,0,0,0,0
1117.279,0.9629,0,0,0,0
1117.310,0.9629,0,0,0,0
1117.345,0.9629,0,0,0,0
1117.376,0.9629,0,0,0,0
1117.411,0.9629,0,0,0,0
1117.446,0.9629,0,0,0,0
1117.480,0.9629,0,0,0,0
1117.512,0.9629,0,0,0,0
1117.543,0.9629,0,0,0,0
1117.579,0.9629,0,0,0,0
1117.610,0.9629,0,0,0,0
1117.644,0.9629,0,0,0,0
1117.677,0.9629,0,0,0,0
1117.711,0.9629,0,0,0,0
1117.743,0.9629,0,0,0,0
1117.777,0.9629,0,0,0,0
1117.813,0.9629,0,0,0,0
1117.845,0.9629,0,0,0,0
1117.878,0.9629,0,0,0,0
1117.911,0.9629,0,0,0,0
1117.947,0.9629,0,0,0,0
1117.978,0.9629,0,0,0,0
1118.010,0.9629,0,0,0,0
1118.044,0.9629,0,0,0,0
1118.078,0.9629,0,0,0,0
1118.111,0.9629,0,0,0,0
1118.145,0.9629,0,0,0,0
1118.179,0.9629,0,0,0,0
1118.212,0.9629,0,0,0,0
1118.243,0.9629,0,0,0,0
1118.278,0.9629,0,0,0,0
1118.310,0.9629,0,0,0,0
1118.347,0.9629,0,0,0,0
1118.377,0.9629,0,0,0,0
1118.410,0.9629,0,0,0,0
1118.444,0.9629,0,0,0,0
1118.480,0.9629,0,0,0,0
1118.512,0.9629,0,0,0,0
1118.545,0.9629,0,0,0,0
1118.579,0.9629,0,0,0,0
1118.613,0.9629,0,0,0,0
1118.646,0.9629,0,0,0,0
1118.677,0.9629,0,0,0,0
1118.710,0.9629,0,0,0,0
1118.743,0.9629,0,0,0,0
1118.779,0.9629,0,0,0,0
1118.813,0.9629,0,0,0,0
1118.845,0.9629,0,0,0,0
1118.879,0.9629,0,0,0,0
1118.911,0.9629,0,0,0,0
1118.944,0.9629,0,0,0,0
1118.979,0.9629,0,0,0,0
1119.013,0.9629,0,0,0,0
1119.045,0.9629,0,0,0,0
1119.079,0.9629,0,0,0,0
1119.110,0.9629,0,0,0,0
1119.146,0.9629,0,0,0,0
1119.177,0.9629,0,0,0,0
1119.209,0.9629,0,0,0,0
1119.247,0.9629,0,0,0,0
1119.278,0.9629,0,0,0,0
1119.311,0.9629,0,0,0,0
1119.347,0.9629,0,0,0,0
1119.375,0.9629,0,0,0,0
1119.411,0.9629,0,0,0,0
1119.442,0.9629,0,0,0,0
1119.480,0.9629,0,0,0,0
1119.511,0.9629,0,0,0,0
1119.546,0.9629,0,0,0,0
1119.580,0.9629,0,0,0,0
1119.611,0.9629,0,0,0,0
1119.643,0.9629,0,0,0,0
1119.678,0.9629,0,0,0,0
1119.710,0.9629,0,0,0,0
1119.742,0.9629,0,0,0,0
1119.779,0.9629,0,0,0,0
1119.810,0.9629,0,0,0,0
1119.846,0.9629,0,0,0,0
1119.879,0.9629,0,0,0,0
1119.911,0.9629,0,0,0,0
1119.943,0.9629,0,0,0,0
1119.978,0.9629,0,0,0,0
1120.010,0.9629,0,0,0,0
1120.046,0.9629,0,0,0,0
1120.077,0.9629,0,0,0,0
1120.110,0.9629,0,0,0,0
1120.146,0.9629,0,0,0,0
1120.178,0.9629,0,0,0,0
1120.209,0.9629,0,0,0,0
1120.246,0.9629,0,0,0,0
1120.277,0.9629,0,0,0,0
1120.312,0.9629,0,0,0,0
1120.343,0.9629,0,0,0,0
1120.380,0.9629,0,0,0,0
1120.413,0.9629,0,0,0,0
1120.443,0.9629,0,0,0,0
1120.479,0.9629,0,0,0,0
1120.510,0.9629,0,0,0,0
1120.544,0.9629,0,0,0,0
1120.578,0.9629,0,0,0,0
1120.611,0.9629,0,0,0,0
1120.646,0.9629,0,0,0,0
1120.678,0.9629,0,0,0,0
1120.711,0.9629,0,0,0,0
1120.746,0.9629,0,0,0,0
1120.778,0.9629,0,0,0,0
1120.811,0.9629,0,0,0,0
1120.845,0.9629,0,0,0,0
1120.877,0.9629,0,0,0,0
1120.910,0.9629,0,0,0,0
1120.945,0.9629,0,0,0,0
1120.978,0.9629,0,0,0,0
1121.012,0.9629,0,0,0,0
1121.045,0.9629,0,0,0,0
1121.080,0.9629,0,0,0,0
1121.110,0.9629,0,0,0,0
1121.144,0.9629,0,0,0,0
1121.179,0.9629,0,0,0,0
1121.212,0.9629,0,0,0,0
1121.245,0.9629,0,0,0,0
1121.276,0.9629,0,0,0,0
1121.311,0.9629,0,0,0,0
1121.343,0.9629,0,0,0,0
1121.380,0.9629,0,0,0,0
1121.410,0.9629,0,0,0,0
1121.444,0.9629,0,0,0,0
1121.478,0.9629,0,0,0,0
1121.510,0.9629,0,0,0,0
1121.545,0.9629,0,0,0,0
1121.580,0.9629,0,0,0,0
1121.612,0.9629,0,0,0,0
1121.643,0.9629,0,0,0,0
1121.677,0.9629,0,0,0,0
1121.710,0.9629,0,0,0,0
1121.746,0.9629,0,0,0,0
1121.777,0.9629,0,0,0,0
1121.809,0.9629,0,0,0,0
1121.842,0.9629,0,0,0,0
1121.876,0.9629,0,0,0,0
1121.910,0.9629,0,0,0,0
1121.945,0.9629,0,0,0,0
1121.978,0.9629,0,0,0,0
1122.012,0.9629,0,0,0,0
1122.043,0.9629,0,0,0,0
1122.078,0.9629,0,0,0,0
1122.111,0.9629,0,0,0,0
1122.143,0.9629,0,0,0,0
1122.178,0.9629,0,0,0,0
1122.211,0.9629,0,0,0,0
1122.244,0.9629,0,0,0,0
1122.278,0.9629,0,0,0,0
1122.309,0.9629,0,0,0,0
1122.344,0.9629,0,0,0,0
1122.377,0.9629,0,0,0,0
1122.411,0.9629,0,0,0,0
1122.445,0.9629,0,0,0,0
1122.480,0.9629,0,0,0,0
1122.512,0.9629,0,0,0,0
1122.545,0.9629,0,0,0,0
1122.580,0.9629,0,0,0,0
1122.610,0.9629,0,0,0,0
1122.645,0.9629,0,0,0,0
1122.680,0.9629,0,0,0,0
1122.710,0.9629,0,0,0,0
1122.744,0.9629,0,0,0,0
1122.776,0.9629,0,0,0,0
1122.811,0.9629,0,0,0,0
1122.843,0.9629,0,0,0,0
1122.876,0.9629,0,0,0,0
1122.910,0.9629,0,0,0,0
1122.947,0.9629,0,0,0,0
1122.979,0.9629,0,0,0,0
1123.012,0.9629,0,0,0,0
1123.044,0.9629,0,0,0,0
1123.076,0.9629,0,0,0,0
1123.112,0.9629,0,0,0,0
1123.144,0.9629,0,0,0,0
1123.176,0.9629,0,0,0,0
1123.210,0.9629,0,0,0,0
1123.245,0.9629,0,0,0,0
1123.282,0.9629,0,0,0,0
1123.312,0.9629,0,0,0,0
1123.345,0.9629,0,0,0,0
1123.378,0.9629,0,0,0,0
1123.413,0.9629,0,0,0,0
1123.444,0.9629,0,0,0,0
1123.479,0.9629,0,0,0,0
1123.513,0.9629,0,0,0,0
1123.545,0.9629,0,0,0,0
1123.576,0.9629,0,0,0,0
1123.611,0.9629,0,0,0,0
1123.645,0.9629,0,0,0,0
1123.678,0.9629,0,0,0,0
1123.711,0.9629,0,0,0,0
1123.744,0.9629,0,0,0,0
1123.779,0.9629,0,0,0,0
1123.810,0.9629,0,0,0,0
1123.844,0.9629,0,0,0,0
1123.880,0.9629,0,0,0,0
1123.911,0.9629,0,0,0,0
1123.944,0.9629,0,0,0,0
1123.977,0.9629,0,0,0,0
1124.014,0.9629,0,0,0,0
1124.045,0.9629,0,0,0,0
1124.077,0.9629,0,0,0,0
1124.109,0.9629,0,0,0,0
1124.144,0.9629,0,0,0,0
1124.178,0.9629,0,0,0,0
1124.213,0.9629,0,0,0,0
1124.246,0.9629,0,0,0,0
1124.280,0.9629,0,0,0,0
1124.311,0.9629,0,0,0,0
1124.346,0.9629,0,0,0,0
1124.377,0.9629,0,0,0,0
1124.412,0.9629,0,0,0,0
1124.445,0.9629,0,0,0,0
1124.476,0.9629,0,0,0,0
1124.510,0.9629,0,0,0,0
1124.550,0.9629,0,0,0,0
1124.578,0.9629,0,0,0,0
1124.610,0.9629,0,0,0,0
1124.646,0.9629,0,0,0,0
1124.678,0.9629,0,0,0,0
1124.711,0.9629,0,0,0,0
1124.743,0.9629,0,0,0,0
1124.780,0.9629,0,0,0,0
1124.812,0.9629,0,0,0,0
1124.846,0.9629,0,0,0,0
1124.877,0.9629,0,0,0,0
1124.913,0.9629,0,0,0,0
1124.946,0.9629,0,0,0,0
1124.978,0.9629,0,0,0,0
1125.012,0.9629,0,0,0,0
1125.045,0.9629,0,0,0,0
1125.078,0.9629,0,0,0,0
1125.111,0.9629,0,0,0,0
1125.143,0.9629,0,0,0,0
1125.177,0.9629,0,0,0,0
1125.213,0.9629,0,0,0,0
1125.245,0.9629,0,0,0,0
1125.276,0.9629,0,0,0,0
1125.311,0.9629,0,0,0,0
1125.346,0.9629,0,0,0,0
1125.377,0.9629,0,0,0,0
1125.413,0.9629,0,0,0,0
1125.446,0.9629,0,0,0,0
1125.477,0.9629,0,0,0,0
1125.513,0.9629,0,0,0,0
1125.543,0.9629,0,0,0,0
1125.578,0.9629,0,0,0,0
1125.610,0.9629,0,0,0,0
1125.646,0.9629,0,0,0,0
1125.679,0.9629,0,0,0,0
1125.710,0.9629,0,0,0,0
1125.744,0.9629,0,0,0,0
1125.777,0.9629,0,0,0,0
1125.813,0.9629,0,0,0,0
1125.845,0.9629,0,0,0,0
1125.880,0.9629,0,0,0,0
1125.915,0.9629,0,0,0,0
1125.939,0.9629,0,0,0,0
1125.980,0.9629,0,0,0,0
1126.010,0.9629,0,0,0,0
1126.045,0.9629,0,0,0,0
1126.078,0.9629,0,0,0,0
1126.110,0.9629,0,0,0,0
1126.143,0.9629,0,0,0,0
1126.178,0.9629,0,0,0,0
1126.211,0.9629,0,0,0,0
1126.244,0.9629,0,0,0,0
1126.276,0.9629,0,0,0,0
1126.311,0.9629,0,0,0,0
1126.347,0.9629,0,0,0,0
1126.379,0.9629,0,0,0,0
1126.411,0.9629,0,0,0,0
1126.443,0.9629,0,0,0,0
1126.479,0.9629,0,0,0,0
1126.509,0.9629,0,0,0,0
1126.544,0.9629,0,0,0,0
1126.577,0.9629,0,0,0,0
1126.611,0.9629,0,0,0,0
1126.644,0.9629,0,0,0,0
1126.680,0.9629,0,0,0,0
1126.710,0.9629,0,0,0,0
1126.745,0.9629,0,0,0,0
1126.777,0.9629,0,0,0,0
1126.813,0.9629,0,0,0,0
1126.844,0.9629,0,0,0,0
1126.876,0.9629,0,0,0,0
1126.912,0.9629,0,0,0,0
1126.944,0.9629,0,0,0,0
1126.979,0.9629,0,0,0,0
1127.012,0.9629,0,0,0,0
1127.045,0.9629,0,0,0,0
1127.077,0.9629,0,0,0,0
1127.111,0.9629,0,0,0,0
1127.144,0.9629,0,0,0,0
1127.180,0.9629,0,0,0,0
1127.209,0.9629,0,0,0,0
1127.247,0.9629,0,0,0,0
1127.280,0.9629,0,0,0,0
1127.313,0.9629,0,0,0,0
1127.347,0.9629,0,0,0,0
1127.379,0.9629,0,0,0,0
1127.411,0.9629,0,0,0,0
1127.444,0.9629,0,0,0,0
1127.476,0.9629,0,0,0,0
1127.513,0.9629,0,0,0,0
1127.547,0.9629,0,0,0,0
1127.577,0.9629,0,0,0,0
1127.613,0.9629,0,0,0,0
1127.642,0.9629,0,0,0,0
1127.678,0.9629,0,0,0,0
1127.712,0.9629,0,0,0,0
1127.745,0.9629,0,0,0,0
1127.777,0.9629,0,0,0,0
1127.813,0.9629,0,0,0,0
1127.843,0.9629,0,0,0,0
1127.878,0.9629,0,0,0,0
1127.915,0.9629,0,0,0,0
1127.944,0.9629,0,0,0,0
1127.976,0.9629,0,0,0,0
1128.013,0.9629,0,0,0,0
1128.046,0.9629,0,0,0,0
1128.077,0.9629,0,0,0,0
1128.113,0.9629,0,0,0,0
1128.145,0.9629,0,0,0,0
1128.180,0.9629,0,0,0,0
1128.212,0.9629,0,0,0,0
1128.244,0.9629,0,0,0,0
1128.279,0.9629,0,0,0,0
1128.310,0.9629,0,0,0,0
1128.345,0.9629,0,0,0,0
1128.378,0.9629,0,0,0,0
1128.411,0.9629,0,0,0,0
1128.444,0.9629,0,0,0,0
1128.477,0.9629,0,0,0,0
1128.512,0.9629,0,0,0,0
1128.547,0.9629,0,0,0,0
1128.576,0.9629,0,0,0,0
1128.613,0.9629,0,0,0,0
1128.643,0.9629,0,0,0,0
1128.678,0.9629,0,0,0,0
1128.712,0.9629,0,0,0,0
1128.745,0.9629,0,0,0,0
1128.777,0.9629,0,0,0,0
1128.810,0.9629,0,0,0,0
1128.845,0.9629,0,0,0,0
1128.879,0.9629,0,0,0,0
1128.912,0.9629,0,0,0,0
1128.946,0.9629,0,0,0,0
1128.978,0.9629,0,0,0,0
1129.013,0.9629,0,0,0,0
1129.045,0.9629,0,0,0,0
1129.076,0.9629,0,0,0,0
1129.112,0.9629,0,0,0,0
1129.143,0.9629,0,0,0,0
1129.176,0.9629,0,0,0,0
1129.211,0.9629,0,0,0,0
1129.246,0.9629,0,0,0,0
1129.279,0.9629,0,0,0,0
1129.310,0.9629,0,0,0,0
1129.344,0.9629,0,0,0,0
1129.379,0.9629,0,0,0,0
1129.414,0.9629,0,0,0,0
1129.445,0.9629,0,0,0,0
1129.479,0.9629,0,0,0,0
1129.512,0.9629,0,0,0,0
1129.545,0.9629,0,0,0,0
1129.577,0.9629,0,0,0,0
1129.612,0.9629,0,0,0,0
1129.643,0.9629,0,0,0,0
1129.680,0.9629,0,0,0,0
1129.712,0.9629,0,0,0,0
1129.745,0.9629,0,0,0,0
1129.778,0.9629,0,0,0,0
1129.810,0.9629,0,0,0,0
1129.844,0.9629,0,0,0,0
1129.879,0.9629,0,0,0,0
1129.910,0.9629,0,0,0,0
1129.939,0.9629,0,0,0,0
1129.979,0.9629,0,0,0,0
1130.013,0.9629,0,0,0,0
1130.045,0.9629,0,0,0,0
1130.079,0.9629,0,0,0,0
1130.110,0.9629,0,0,0,0
1130.144,0.9629,0,0,0,0
1130.177,0.9629,0,0,0,0
1130.211,0.9629,0,0,0,0
1130.247,0.9629,0,0,0,0
1130.280,0.9629,0,0,0,0
1130.312,0.9629,0,0,0,0
1130.346,0.9629,0,0,0,0
1130.379,0.9629,0,0,0,0
1130.413,0.9629,0,0,0,0
1130.443,0.9629,0,0,0,0
1130.477,0.9629,0,0,0,0
1130.511,0.9629,0,0,0,0
1130.543,0.9629,0,0,0,0
1130.578,0.9629,0,0,0,0
1130.610,0.9629,0,0,0,0
1130.643,0.9629,0,0,0,0
1130.680,0.9629,0,0,0,0
1130.713,0.9629,0,0,0,0
1130.745,0.9629,0,0,0,0
1130.779,0.9629,0,0,0,0
1130.812,0.9629,0,0,0,0
1130.843,0.9629,0,0,0,0
1130.879,0.9629,0,0,0,0
1130.910,0.9629,0,0,0,0
1130.946,0.9629,0,0,0,0
1130.979,0.9629,0,0,0,0
1131.012,0.9629,0,0,0,0
1131.046,0.9629,0,0,0,0
1131.079,0.9629,0,0,0,0
1131.111,0.9629,0,0,0,0
1131.144,0.9629,0,0,0,0
1131.177,0.9629,0,0,0,0
1131.210,0.9629,0,0,0,0
1131.244,0.9629,0,0,0,0
1131.280,0.9629,0,0,0,0
1131.311,0.9629,0,0,0,0
1131.343,0.9629,0,0,0,0
1131.378,0.9629,0,0,0,0
1131.413,0.9629,0,0,0,0
1131.446,0.9629,0,0,0,0
1131.479,0.9629,0,0,0,0
1131.510,0.9629,0,0,0,0
1131.545,0.9629,0,0,0,0
1131.578,0.9629,0,0,0,0
1131.613,0.9629,0,0,0,0
1131.645,0.9629,0,0,0,0
1131.678,0.9629,0,0,0,0
1131.711,0.9629,0,0,0,0
1131.743,0.9629,0,0,0,0
1131.778,0.9629,0,0,0,0
1131.813,0.9629,0,0,0,0
1131.845,0.9629,0,0,0,0
1131.876,0.9629,0,0,0,0
1131.911,0.9629,0,0,0,0
1131.944,0.9629,0,0,0,0
1131.977,0.9629,0,0,0,0
1132.011,0.9629,0,0,0,0
1132.044,0.9629,0,0,0,0
1132.078,0.9629,0,0,0,0
1132.111,0.9629,0,0,0,0
1132.146,0.9629,0,0,0,0
1132.180,0.9629,0,0,0,0
1132.212,0.9629,0,0,0,0
1132.246,0.9629,0,0,0,0
1132.276,0.9629,0,0,0,0
1132.312,0.9629,0,0,0,0
1132.343,0.9629,0,0,0,0
1132.376,0.9629,0,0,0,0
1132.414,0.9629,0,0,0,0
1132.446,0.9629,0,0,0,0
1132.479,0.9629,0,0,0,0
1132.510,0.9629,0,0,0,0
1132.546,0.9629,0,0,0,0
1132.576,0.9629,0,0,0,0
1132.614,0.9629,0,0,0,0
1132.644,0.9629,0,0,0,0
1132.672,0.9629,0,0,0,0
1132.713,0.9629,0,0,0,0
1132.744,0.9629,0,0,0,0
1132.778,0.9629,0,0,0,0
1132.813,0.9629,0,0,0,0
1132.844,0.9629,0,0,0,0
1132.880,0.9629,0,0,0,0
1132.913,0.9629,0,0,0,0
1132.944,0.9629,0,0,0,0
1132.978,0.9629,0,0,0,0
1133.010,0.9629,0,0,0,0
1133.047,0.9629,0,0,0,0
1133.076,0.9629,0,0,0,0
1133.109,0.9629,0,0,0,0
1133.146,0.9629,0,0,0,0
1133.179,0.9629,0,0,0,0
1133.213,0.9629,0,0,0,0
1133.243,0.9629,0,0,0,0
1133.278,0.9629,0,0,0,0
1133.311,0.9629,0,0,0,0
1133.343,0.9629,0,0,0,0
1133.378,0.9629,0,0,0,0
1133.413,0.9629,0,0,0,0
1133.444,0.9629,0,0,0,0
1133.476,0.9629,0,0,0,0
1133.514,0.9629,0,0,0,0
1133.546,0.9629,0,0,0,0
1133.579,0.9629,0,0,0,0
1133.612,0.9629,0,0,0,0
1133.646,0.9629,0,0,0,0
1133.679,0.9629,0,0,0,0
1133.711,0.9629,0,0,0,0
1133.744,0.9629,0,0,0,0
1133.777,0.9629,0,0,0,0
1133.813,0.9629,0,0,0,0
1133.845,0.9629,0,0,0,0
1133.876,0.9629,0,0,0,0
1133.913,0.9629,0,0,0,0
1133.944,0.9629,0,0,0,0
1133.977,0.9629,0,0,0,0
1134.010,0.9629,0,0,0,0
1134.046,0.9629,0,0,0,0
1134.077,0.9629,0,0,0,0
1134.113,0.9629,0,0,0,0
1134.145,0.9629,0,0,0,0
1134.177,0.9629,0,0,0,0
1134.214,0.9629,0,0,0,0
1134.246,0.9629,0,0,0,0
1134.278,0.9629,0,0,0,0
1134.311,0.9629,0,0,0,0
1134.344,0.9629,0,0,0,0
1134.378,0.9629,0,0,0,0
1134.411,0.9629,0,0,0,0
1134.445,0.9629,0,0,0,0
1134.479,0.9629,0,0,0,0
1134.511,0.9629,0,0,0,0
1134.544,0.9629,0,0,0,0
1134.578,0.9629,0,0,0,0
1134.610,0.9629,0,0,0,0
1134.644,0.9629,0,0,0,0
1134.677,0.9629,0,0,0,0
1134.709,0.9629,0,0,0,0
1134.747,0.9629,0,0,0,0
1134.778,0.9629,0,0,0,0
1134.814,0.9629,0,0,0,0
1134.846,0.9629,0,0,0,0
1134.877,0.9629,0,0,0,0
1134.912,0.9629,0,0,0,0
1134.946,0.9629,0,0,0,0
1134.978,0.9629,0,0,0,0
1135.013,0.9629,0,0,0,0
1135.045,0.9629,0,0,0,0
1135.078,0.9629,0,0,0,0
1135.113,0.9629,0,0,0,0
1135.145,0.9629,0,0,0,0
1135.180,0.9629,0,0,0,0
1135.213,0.9629,0,0,0,0
1135.247,0.9629,0,0,0,0
1135.277,0.9629,0,0,0,0
1135.311,0.9629,0,0,0,0
1135.344,0.9629,0,0,0,0
1135.378,0.9629,0,0,0,0
1135.414,0.9629,0,0,0,0
1135.444,0.9629,0,0,0,0
1135.478,0.9629,0,0,0,0
1135.510,0.9629,0,0,0,0
1135.544,0.9629,0,0,0,0
1135.580,0.9629,0,0,0,0
1135.610,0.9629,0,0,0,0
1135.644,0.9629,0,0,0,0
1135.681,0.9629,0,0,0,0
1135.711,0.9629,0,0,0,0
1135.747,0.9629,0,0,0,0
1135.779,0.9629,0,0,0,0
1135.813,0.9629,0,0,0,0
1135.843,0.9629,0,0,0,0
1135.879,0.9629,0,0,0,0
1135.910,0.9629,0,0,0,0
1135.947,0.9629,0,0,0,0
1135.980,0.9629,0,0,0,0
1136.010,0.9629,0,0,0,0
1136.046,0.9629,0,0,0,0
1136.080,0.9629,0,0,0,0
1136.112,0.9629,0,0,0,0
1136.146,0.9629,0,0,0,0
1136.178,0.9629,0,0,0,0
1136.210,0.9629,0,0,0,0
1136.246,0.9629,0,0,0,0
1136.278,0.9629,0,0,0,0
1136.310,0.9629,0,0,0,0
1136.346,0.9629,0,0,0,0
1136.379,0.9629,0,0,0,0
1136.410,0.9629,0,0,0,0
1136.445,0.9629,0,0,0,0
1136.477,0.9629,0,0,0,0
1136.509,0.9629,0,0,0,0
1136.545,0.9629,0,0,0,0
1136.577,0.9629,0,0,0,0
1136.612,0.9629,0,0,0,0
1136.643,0.9629,0,0,0,0
1136.680,0.9629,0,0,0,0
1136.714,0.9629,0,0,0,0
1136.747,0.9629,0,0,0,0
1136.778,0.9629,0,0,0,0
1136.813,0.9629,0,0,0,0
1136.846,0.9629,0,0,0,0
1136.876,0.9629,0,0,0,0
1136.912,0.9629,0,0,0,0
1136.945,0.9629,0,0,0,0
1136.979,0.9629,0,0,0,0
1137.014,0.9629,0,0,0,0
1137.045,0.9629,0,0,0,0
1137.079,0.9629,0,0,0,0
1137.113,0.9629,0,0,0,0
1137.143,0.9629,0,0,0,0
1137.177,0.9629,0,0,0,0
1137.213,0.9629,0,0,0,0
1137.243,0.9629,0,0,0,0
1137.279,0.9629,0,0,0,0
1137.313,0.9629,0,0,0,0
1137.344,0.9629,0,0,0,0
1137.378,0.9629,0,0,0,0
1137.413,0.9629,0,0,0,0
1137.448,0.9629,0,0,0,0
1137.472,0.9629,0,0,0,0
1137.510,0.9629,0,0,0,0
1137.545,0.9629,0,0,0,0
1137.577,0.9629,0,0,0,0
1137.610,0.9629,0,0,0,0
1137.644,0.9629,0,0,0,0
1137.679,0.9629,0,0,0,0
1137.713,0.9629,0,0,0,0
1137.745,0.9629,0,0,0,0
1137.780,0.9629,0,0,0,0
1137.813,0.9629,0,0,0,0
1137.847,0.9629,0,0,0,0
1137.879,0.9629,0,0,0,0
1137.911,0.9629,0,0,0,0
1137.945,0.9629,0,0,0,0
1137.977,0.9629,0,0,0,0
1138.013,0.9629,0,0,0,0
1138.043,0.9629,0,0,0,0
1138.079,0.9629,0,0,0,0
1138.111,0.9629,0,0,0,0
1138.145,0.9629,0,0,0,0
1138.168,0.9629,0,0,0,0
1138.209,0.9629,0,0,0,0
1138.245,0.9629,0,0,0,0
1138.276,0.9629,0,0,0,0
1138.312,0.9629,0,0,0,0
1138.344,0.9629,0,0,0,0
1138.378,0.9629,0,0,0,0
1138.411,0.9629,0,0,0,0
1138.446,0.9629,0,0,0,0
1138.478,0.9629,0,0,0,0
1138.513,0.9629,0,0,0,0
1138.545,0.9629,0,0,0,0
1138.576,0.9629,0,0,0,0
1138.612,0.9629,0,0,0,0
1138.644,0.9629,0,0,0,0
1138.677,0.9629,0,0,0,0
1138.713,0.9629,0,0,0,0
1138.743,0.9629,0,0,0,0
1138.776,0.9629,0,0,0,0
1138.810,0.9629,0,0,0,0
1138.846,0.9629,0,0,0,0
1138.877,0.9629,0,0,0,0
1138.913,0.9629,0,0,0,0
1138.943,0.9629,0,0,0,0
1138.979,0.9629,0,0,0,0
1139.013,0.9629,0,0,0,0
1139.046,0.9629,0,0,0,0
1139.078,0.9629,0,0,0,0
1139.110,0.9629,0,0,0,0
1139.145,0.9629,0,0,0,0
1139.180,0.9629,0,0,0,0
1139.211,0.9629,0,0,0,0
1139.246,0.9629,0,0,0,0
1139.278,0.9629,0,0,0,0
1139.312,0.9629,0,0,0,0
1139.344,0.9629,0,0,0,0
1139.379,0.9629,0,0,0,0
1139.410,0.9629,0,0,0,0
1139.443,0.9629,0,0,0,0
1139.480,0.9629,0,0,0,0
1139.509,0.9629,0,0,0,0
1139.543,0.9629,0,0,0,0
1139.576,0.9629,0,0,0,0
1139.612,0.9629,0,0,0,0
1139.643,0.9629,0,0,0,0
1139.679,0.9629,0,0,0,0
1139.714,0.9629,0,0,0,0
1139.735,0.9629,0,0,0,0
1139.778,0.9629,0,0,0,0
1139.810,0.9629,0,0,0,0
1139.847,0.9629,0,0,0,0
1139.876,0.9629,0,0,0,0
1139.911,0.9629,0,0,0,0
1139.946,0.9629,0,0,0,0
1139.979,0.9629,0,0,0,0
1140.013,0.9629,0,0,0,0
1140.043,0.9629,0,0,0,0
1140.077,0.9629,0,0,0,0
1140.109,0.9629,0,0,0,0
1140.146,0.9629,0,0,0,0
1140.177,0.9629,0,0,0,0
1140.210,0.9629,0,0,0,0
1140.245,0.9629,0,0,0,0
1140.276,0.9629,0,0,0,0
1140.313,0.9629,0,0,0,0
1140.345,0.9629,0,0,0,0
1140.378,0.9629,0,0,0,0
1140.411,0.9629,0,0,0,0
1140.446,0.9629,0,0,0,0
1140.478,0.9629,0,0,0,0
1140.513,0.9629,0,0,0,0
1140.544,0.9629,0,0,0,0
1140.577,0.9629,0,0,0,0
1140.613,0.9629,0,0,0,0
1140.646,0.9629,0,0,0,0
1140.679,0.9629,0,0,0,0
1140.710,0.9629,0,0,0,0
1140.743,0.9629,0,0,0,0
1140.778,0.9629,0,0,0,0
1140.811,0.9629,0,0,0,0
1140.844,0.9629,0,0,0,0
1140.878,0.9629,0,0,0,0
1140.913,0.9629,0,0,0,0
1140.945,0.9629,0,0,0,0
1140.980,0.9629,0,0,0,0
1141.013,0.9629,0,0,0,0
1141.044,0.9629,0,0,0,0
1141.077,0.9629,0,0,0,0
1141.111,0.9629,0,0,0,0
1141.144,0.9629,0,0,0,0
1141.179,0.9629,0,0,0,0
1141.213,0.9629,0,0,0,0
1141.245,0.9629,0,0,0,0
1141.277,0.9629,0,0,0,0
1141.313,0.9629,0,0,0,0
1141.346,0.9629,0,0,0,0
1141.377,0.9629,0,0,0,0
1141.410,0.9629,0,0,0,0
1141.443,0.9629,0,0,0,0
1141.477,0.9629,0,0,0,0
1141.509,0.9629,0,0,0,0
1141.544,0.9629,0,0,0,0
1141.579,0.9629,0,0,0,0
1141.610,0.9629,0,0,0,0
1141.643,0.9629,0,0,0,0
1141.680,0.9629,0,0,0,0
1141.712,0.9629,0,0,0,0
1141.745,0.9629,0,0,0,0
1141.778,0.9629,0,0,0,0
1141.814,0.9629,0,0,0,0
1141.844,0.9629,0,0,0,0
1141.880,0.9629,0,0,0,0
1141.913,0.9629,0,0,0,0
1141.945,0.9629,0,0,0,0
1141.978,0.9629,0,0,0,0
1142.013,0.9629,0,0,0,0
1142.044,0.9629,0,0,0,0
1142.078,0.9629,0,0,0,0
1142.109,0.9629,0,0,0,0
1142.145,0.9629,0,0,0,0
1142.178,0.9629,0,0,0,0
1142.213,0.9629,0,0,0,0
1142.244,0.9629,0,0,0,0
1142.280,0.9629,0,0,0,0
1142.312,0.9629,0,0,0,0
1142.346,0.9629,0,0,0,0
1142.376,0.9629,0,0,0,0
1142.413,0.9629,0,0,0,0
1142.434,0.9629,0,0,0,0
1142.477,0.9629,0,0,0,0
1142.510,0.9629,0,0,0,0
1142.546,0.9629,0,0,0,0
1142.576,0.9629,0,0,0,0
1142.612,0.9629,0,0,0,0
1142.645,0.9629,0,0,0,0
1142.678,0.9629,0,0,0,0
1142.710,0.9629,0,0,0,0
1142.742,0.9629,0,0,0,0
1142.778,0.9629,0,0,0,0
1142.810,0.9629,0,0,0,0
1142.847,0.9629,0,0,0,0
1142.879,0.9629,0,0,0,0
1142.910,0.9629,0,0,0,0
1142.944,0.9629,0,0,0,0
1142.979,0.9629,0,0,0,0
1143.014,0.9629,0,0,0,0
1143.046,0.9629,0,0,0,0
1143.078,0.9629,0,0,0,0
1143.110,0.9629,0,0,0,0
1143.146,0.9629,0,0,0,0
1143.177,0.9629,0,0,0,0
1143.211,0.9629,0,0,0,0
1143.242,0.9629,0,0,0,0
1143.278,0.9629,0,0,0,0
1143.310,0.9629,0,0,0,0
1143.343,0.9629,0,0,0,0
1143.379,0.9629,0,0,0,0
1143.410,0.9629,0,0,0,0
1143.443,0.9629,0,0,0,0
1143.478,0.9629,0,0,0,0
1143.510,0.9629,0,0,0,0
1143.546,0.9629,0,0,0,0
1143.578,0.9629,0,0,0,0
1143.609,0.9629,0,0,0,0
1143.642,0.9629,0,0,0,0
1143.678,0.9629,0,0,0,0
1143.710,0.9629,0,0,0,0
1143.743,0.9629,0,0,0,0
1143.778,0.9629,0,0,0,0
1143.812,0.9629,0,0,0,0
1143.843,0.9629,0,0,0,0
1143.871,0.9629,0,0,0,0
1143.909,0.9629,0,0,0,0
1143.944,0.9629,0,0,0,0
1143.979,0.9629,0,0,0,0
1144.011,0.9629,0,0,0,0
1144.043,0.9629,0,0,0,0
1144.078,0.9629,0,0,0,0
1144.112,0.9629,0,0,0,0
1144.145,0.9629,0,0,0,0
1144.181,0.9629,0,0,0,0
1144.210,0.9629,0,0,0,0
1144.247,0.9629,0,0,0,0
1144.279,0.9629,0,0,0,0
1144.313,0.9629,0,0,0,0
1144.344,0.9629,0,0,0,0
1144.380,0.9629,0,0,0,0
1144.413,0.9629,0,0,0,0
1144.446,0.9629,0,0,0,0
1144.479,0.9629,0,0,0,0
1144.510,0.9629,0,0,0,0
1144.544,0.9629,0,0,0,0
1144.576,0.9629,0,0,0,0
1144.612,0.9629,0,0,0,0
1144.644,0.9629,0,0,0,0
1144.678,0.9629,0,0,0,0
1144.710,0.9629,0,0,0,0
1144.744,0.9629,0,0,0,0
1144.779,0.9629,0,0,0,0
1144.815,0.9629,0,0,0,0
1144.844,0.9629,0,0,0,0
1144.877,0.9629,0,0,0,0
1144.910,0.9629,0,0,0,0
1144.947,0.9629,0,0,0,0
1144.978,0.9629,0,0,0,0
1145.010,0.9629,0,0,0,0
1145.044,0.9629,0,0,0,0
1145.080,0.9629,0,0,0,0
1145.111,0.9629,0,0,0,0
1145.143,0.9629,0,0,0,0
1145.179,0.9629,0,0,0,0
1145.210,0.9629,0,0,0,0
1145.246,0.9629,0,0,0,0
1145.279,0.9629,0,0,0,0
1145.311,0.9629,0,0,0,0
1145.349,0.9629,0,0,0,0
1145.379,0.9629,0,0,0,0
1145.410,0.9629,0,0,0,0
1145.446,0.9629,0,0,0,0
1145.477,0.9629,0,0,0,0
1145.511,0.9629,0,0,0,0
1145.545,0.9629,0,0,0,0
1145.577,0.9629,0,0,0,0
1145.610,0.9629,0,0,0,0
1145.643,0.9629,0,0,0,0
1145.677,0.9629,0,0,0,0
1145.713,0.9629,0,0,0,0
1145.745,0.9629,0,0,0,0
1145.778,0.9629,0,0,0,0
1145.813,0.9629,0,0,0,0
1145.844,0.9629,0,0,0,0
1145.876,0.9629,0,0,0,0
1145.912,0.9629,0,0,0,0
1145.946,0.9629,0,0,0,0
1145.979,0.9629,0,0,0,0
1146.013,0.9629,0,0,0,0
1146.043,0.9629,0,0,0,0
1146.076,0.9629,0,0,0,0
1146.109,0.9629,0,0,0,0
1146.145,0.9629,0,0,0,0
1146.177,0.9629,0,0,0,0
1146.213,0.9629,0,0,0,0
1146.243,0.9629,0,0,0,0
1146.278,0.9629,0,0,0,0
1146.311,0.9629,0,0,0,0
1146.344,0.9629,0,0,0,0
1146.379,0.9629,0,0,0,0
1146.410,0.9629,0,0,0,0
1146.445,0.9629,0,0,0,0
1146.476,0.9629,0,0,0,0
1146.511,0.9629,0,0,0,0
1146.543,0.9629,0,0,0,0
1146.579,0.9629,0,0,0,0
1146.612,0.9629,0,0,0,0
1146.646,0.9629,0,0,0,0
1146.679,0.9629,0,0,0,0
1146.710,0.9629,0,0,0,0
1146.744,0.9629,0,0,0,0
1146.777,0.9629,0,0,0,0
1146.810,0.9629,0,0,0,0
1146.845,0.9629,0,0,0,0
1146.877,0.9629,0,0,0,0
1146.911,0.9629,0,0,0,0
1146.946,0.9629,0,0,0,0
1146.979,0.9629,0,0,0,0
1147.012,0.9629,0,0,0,0
1147.046,0.9629,0,0,0,0
1147.079,0.9629,0,0,0,0
1147.113,0.9629,0,0,0,0
1147.144,0.9629,0,0,0,0
1147.179,0.9629,0,0,0,0
1147.213,0.9629,0,0,0,0
1147.245,0.9629,0,0,0,0
1147.277,0.9629,0,0,0,0
1147.312,0.9629,0,0,0,0
1147.344,0.9629,0,0,0,0
1147.380,0.9629,0,0,0,0
1147.412,0.9629,0,0,0,0
1147.443,0.9629,0,0,0,0
1147.478,0.9629,0,0,0,0
1147.512,0.9629,0,0,0,0
1147.543,0.9629,0,0,0,0
1147.578,0.9629,0,0,0,0
1147.613,0.9629,0,0,0,0
1147.644,0.9629,0,0,0,0
1147.677,0.9629,0,0,0,0
1147.712,0.9629,0,0,0,0
1147.746,0.9629,0,0,0,0
1147.778,0.9629,0,0,0,0
1147.815,0.9629,0,0,0,0
1147.845,0.9629,0,0,0,0
1147.876,0.9629,0,0,0,0
1147.911,0.9629,0,0,0,0
1147.945,0.9629,0,0,0,0
1147.978,0.9629,0,0,0,0
1148.011,0.9629,0,0,0,0
1148.046,0.9629,0,0,0,0
1148.077,0.9629,0,0,0,0
1148.112,0.9629,0,0,0,0
1148.143,0.9629,0,0,0,0
1148.177,0.9629,0,0,0,0
1148.212,0.9629,0,0,0,0
1148.244,0.9629,0,0,0,0
1148.280,0.9629,0,0,0,0
1148.310,0.9629,0,0,0,0
1148.343,0.9629,0,0,0,0
1148.376,0.9629,0,0,0,0
1148.413,0.9629,0,0,0,0
1148.445,0.9629,0,0,0,0
1148.479,0.9629,0,0,0,0
1148.512,0.9629,0,0,0,0
1148.544,0.9629,0,0,0,0
1148.578,0.9629,0,0,0,0
1148.613,0.9629,0,0,0,0
1148.643,0.9629,0,0,0,0
1148.677,0.9629,0,0,0,0
1148.713,0.9629,0,0,0,0
1148.747,0.9629,0,0,0,0
1148.780,0.9629,0,0,0,0
1148.811,0.9629,0,0,0,0
1148.844,0.9629,0,0,0,0
1148.879,0.9629,0,0,0,0
1148.913,0.9629,0,0,0,0
1148.946,0.9629,0,0,0,0
1148.978,0.9629,0,0,0,0
1149.011,0.9629,0,0,0,0
1149.044,0.9629,0,0,0,0
1149.077,0.9629,0,0,0,0
1149.111,0.9629,0,0,0,0
1149.144,0.9629,0,0,0,0
1149.175,0.9629,0,0,0,0
1149.211,0.9629,0,0,0,0
1149.243,0.9629,0,0,0,0
1149.279,0.9629,0,0,0,0
1149.313,0.9629,0,0,0,0
1149.345,0.9629,0,0,0,0
1149.380,0.9629,0,0,0,0
1149.409,0.9629,0,0,0,0
1149.444,0.9629,0,0,0,0
1149.478,0.9629,0,0,0,0
1149.514,0.9629,0,0,0,0
1149.547,0.9629,0,0,0,0
1149.578,0.9629,0,0,0,0
1149.612,0.9629,0,0,0,0
1149.646,0.9629,0,0,0,0
1149.679,0.9629,0,0,0,0
1149.714,0.9629,0,0,0,0
1149.745,0.9629,0,0,0,0
1149.778,0.9629,0,0,0,0
1149.812,0.9629,0,0,0,0
1149.844,0.9629,0,0,0,0
1149.879,0.9629,0,0,0,0
1149.911,0.9629,0,0,0,0
1149.943,0.9629,0,0,0,0
1149.976,0.9629,0,0,0,0
1150.012,0.9629,0,0,0,0
1150.046,0.9629,0,0,0,0
1150.078,0.9629,0,0,0,0
1150.112,0.9629,0,0,0,0
1150.146,0.9629,0,0,0,0
1150.179,0.9629,0,0,0,0
1150.211,0.9629,0,0,0,0
1150.243,0.9629,0,0,0,0
1150.280,0.9629,0,0,0,0
1150.313,0.9629,0,0,0,0
1150.345,0.9629,0,0,0,0
1150.378,0.9629,0,0,0,0
1150.413,0.9629,0,0,0,0
1150.446,0.9629,0,0,0,0
1150.476,0.9629,0,0,0,0
1150.514,0.9629,0,0,0,0
1150.544,0.9629,0,0,0,0
1150.578,0.9629,0,0,0,0
1150.611,0.9629,0,0,0,0
1150.646,0.9629,0,0,0,0
1150.677,0.9629,0,0,0,0
1150.713,0.9629,0,0,0,0
1150.745,0.9629,0,0,0,0
1150.777,0.9629,0,0,0,0
1150.812,0.9629,0,0,0,0
1150.845,0.9629,0,0,0,0
1150.877,0.9629,0,0,0,0
1150.912,0.9629,0,0,0,0
1150.943,0.9629,0,0,0,0
1150.979,0.9629,0,0,0,0
1151.012,0.9629,0,0,0,0
1151.044,0.9629,0,0,0,0
1151.077,0.9629,0,0,0,0
1151.112,0.9629,0,0,0,0
1151.143,0.9629,0,0,0,0
1151.180,0.9629,0,0,0,0
1151.213,0.9629,0,0,0,0
1151.245,0.9629,0,0,0,0
1151.276,0.9629,0,0,0,0
1151.312,0.9629,0,0,0,0
1151.345,0.9629,0,0,0,0
1151.379,0.9629,0,0,0,0
1151.410,0.9629,0,0,0,0
1151.446,0.9629,0,0,0,0
1151.478,0.9629,0,0,0,0
1151.513,0.9629,0,0,0,0
1151.546,0.9629,0,0,0,0
1151.580,0.9629,0,0,0,0
1151.610,0.9629,0,0,0,0
1151.643,0.9629,0,0,0,0
1151.680,0.9629,0,0,0,0
1151.710,0.9629,0,0,0,0
1151.744,0.9629,0,0,0,0
1151.780,0.9629,0,0,0,0
1151.811,0.9629,0,0,0,0
1151.844,0.9629,0,0,0,0
1151.880,0.9629,0,0,0,0
1151.910,0.9629,0,0,0,0
1151.945,0.9629,0,0,0,0
1151.978,0.9629,0,0,0,0
1152.013,0.9629,0,0,0,0
1152.046,0.9629,0,0,0,0
1152.078,0.9629,0,0,0,0
1152.111,0.9629,0,0,0,0
1152.143,0.9629,0,0,0,0
1152.178,0.9629,0,0,0,0
1152.213,0.9629,0,0,0,0
1152.244,0.9629,0,0,0,0
1152.278,0.9629,0,0,0,0
1152.313,0.9629,0,0,0,0
1152.345,0.9629,0,0,0,0
1152.378,0.9629,0,0,0,0
1152.412,0.9629,0,0,0,0
1152.444,0.9629,0,0,0,0
1152.477,0.9629,0,0,0,0
1152.509,0.9629,0,0,0,0
1152.545,0.9629,0,0,0,0
1152.578,0.9629,0,0,0,0
1152.609,0.9629,0,0,0,0
1152.643,0.9629,0,0,0,0
1152.679,0.9629,0,0,0,0
1152.713,0.9629,0,0,0,0
1152.745,0.9629,0,0,0,0
1152.780,0.9629,0,0,0,0
1152.811,0.9629,0,0,0,0
1152.846,0.9629,0,0,0,0
1152.877,0.9629,0,0,0,0
1152.913,0.9629,0,0,0,0
1152.947,0.9629,0,0,0,0
1152.978,0.9629,0,0,0,0
1153.010,0.9629,0,0,0,0
1153.046,0.9629,0,0,0,0
1153.076,0.9629,0,0,0,0
1153.112,0.9629,0,0,0,0
1153.134,0.9629,0,0,0,0
1153.179,0.9629,0,0,0,0
1153.210,0.9629,0,0,0,0
1153.247,0.9629,0,0,0,0
1153.279,0.9629,0,0,0,0
1153.310,0.9629,0,0,0,0
1153.344,0.9629,0,0,0,0
1153.379,0.9629,0,0,0,0
1153.411,0.9629,0,0,0,0
1153.444,0.9629,0,0,0,0
1153.479,0.9629,0,0,0,0
1153.510,0.9629,0,0,0,0
1153.543,0.9629,0,0,0,0
1153.580,0.9629,0,0,0,0
1153.611,0.9629,0,0,0,0
1153.644,0.9629,0,0,0,0
1153.679,0.9629,0,0,0,0
1153.710,0.9629,0,0,0,0
1153.743,0.9629,0,0,0,0
1153.777,0.9629,0,0,0,0
1153.811,0.9629,0,0,0,0
1153.847,0.9629,0,0,0,0
1153.876,0.9629,0,0,0,0
1153.911,0.9629,0,0,0,0
1153.945,0.9629,0,0,0,0
1153.979,0.9629,0,0,0,0
1154.010,0.9629,0,0,0,0
1154.045,0.9629,0,0,0,0
1154.080,0.9629,0,0,0,0
1154.111,0.9629,0,0,0,0
1154.147,0.9629,0,0,0,0
1154.179,0.9629,0,0,0,0
1154.212,0.9629,0,0,0,0
1154.246,0.9629,0,0,0,0
1154.279,0.9629,0,0,0,0
1154.312,0.9629,0,0,0,0
1154.344,0.9629,0,0,0,0
1154.378,0.9629,0,0,0,0
1154.406,0.9629,0,0,0,0
1154.451,0.9629,0,0,0,0
1154.479,0.9629,0,0,0,0
1154.513,0.9629,0,0,0,0
1154.543,0.9629,0,0,0,0
1154.578,0.9629,0,0,0,0
1154.611,0.9629,0,0,0,0
1154.643,0.9629,0,0,0,0
1154.677,0.9629,0,0,0,0
1154.713,0.9629,0,0,0,0
1154.745,0.9629,0,0,0,0
1154.777,0.9629,0,0,0,0
1154.809,0.9629,0,0,0,0
1154.843,0.9629,0,0,0,0
1154.877,0.9629,0,0,0,0
1154.911,0.9629,0,0,0,0
1154.945,0.9629,0,0,0,0
1154.978,0.9629,0,0,0,0
1155.011,0.9629,0,0,0,0
1155.043,0.9629,0,0,0,0
1155.080,0.9629,0,0,0,0
1155.112,0.9629,0,0,0,0
1155.143,0.9629,0,0,0,0
1155.180,0.9629,0,0,0,0
1155.210,0.9629,0,0,0,0
1155.242,0.9629,0,0,0,0
1155.279,0.9629,0,0,0,0
1155.310,0.9629,0,0,0,0
1155.347,0.9629,0,0,0,0
1155.378,0.9629,0,0,0,0
1155.413,0.9629,0,0,0,0
1155.445,0.9629,0,0,0,0
1155.477,0.9629,0,0,0,0
1155.514,0.9629,0,0,0,0
1155.546,0.9629,0,0,0,0
1155.578,0.9629,0,0,0,0
1155.610,0.9629,0,0,0,0
1155.644,0.9629,0,0,0,0
1155.678,0.9629,0,0,0,0
1155.712,0.9629,0,0,0,0
1155.743,0.9629,0,0,0,0
1155.776,0.9629,0,0,0,0
1155.813,0.9629,0,0,0,0
1155.845,0.9629,0,0,0,0
1155.878,0.9629,0,0,0,0
1155.911,0.9629,0,0,0,0
1155.945,0.9629,0,0,0,0
1155.979,0.9629,0,0,0,0
1156.012,0.9629,0,0,0,0
1156.046,0.9629,0,0,0,0
1156.078,0.9629,0,0,0,0
1156.113,0.9629,0,0,0,0
1156.145,0.9629,0,0,0,0
1156.177,0.9629,0,0,0,0
1156.211,0.9629,0,0,0,0
1156.243,0.9629,0,0,0,0
1156.277,0.9629,0,0,0,0
1156.314,0.9629,0,0,0,0
1156.345,0.9629,0,0,0,0
1156.377,0.9629,0,0,0,0
1156.413,0.9629,0,0,0,0
1156.444,0.9629,0,0,0,0
1156.480,0.9629,0,0,0,0
1156.510,0.9629,0,0,0,0
1156.546,0.9629,0,0,0,0
1156.577,0.9629,0,0,0,0
1156.613,0.9629,0,0,0,0
1156.645,0.9629,0,0,0,0
1156.679,0.9629,0,0,0,0
1156.710,0.9629,0,0,0,0
1156.746,0.9629,0,0,0,0
1156.777,0.9629,0,0,0,0
1156.809,0.9629,0,0,0,0
1156.847,0.9629,0,0,0,0
1156.877,0.9629,0,0,0,0
1156.912,0.9629,0,0,0,0
1156.947,0.9629,0,0,0,0
1156.977,0.9629,0,0,0,0
1157.008,0.9629,0,0,0,0
1157.044,0.9629,0,0,0,0
1157.079,0.9629,0,0,0,0
1157.109,0.9629,0,0,0,0
1157.143,0.9629,0,0,0,0
1157.177,0.9629,0,0,0,0
1157.212,0.9629,0,0,0,0
1157.245,0.9629,0,0,0,0
1157.276,0.9629,0,0,0,0
1157.311,0.9629,0,0,0,0
1157.343,0.9629,0,0,0,0
1157.377,0.9629,0,0,0,0
1157.412,0.9629,0,0,0,0
1157.445,0.9629,0,0,0,0
1157.477,0.9629,0,0,0,0
1157.513,0.9629,0,0,0,0
1157.545,0.9629,0,0,0,0
1157.577,0.9629,0,0,0,0
1157.613,0.9629,0,0,0,0
1157.645,0.9629,0,0,0,0
1157.679,0.9629,0,0,0,0
1157.710,0.9629,0,0,0,0
1157.743,0.9629,0,0,0,0
1157.779,0.9629,0,0,0,0
1157.812,0.9629,0,0,0,0
1157.846,0.9629,0,0,0,0
1157.877,0.9629,0,0,0,0
1157.913,0.9629,0,0,0,0
1157.943,0.9629,0,0,0,0
1157.979,0.9629,0,0,0,0
1158.010,0.9629,0,0,0,0
1158.045,0.9629,0,0,0,0
1158.078,0.9629,0,0,0,0
1158.109,0.9629,0,0,0,0
1158.145,0.9629,0,0,0,0
1158.177,0.9629,0,0,0,0
1158.212,0.9629,0,0,0,0
1158.243,0.9629,0,0,0,0
1158.279,0.9629,0,0,0,0
1158.311,0.9629,0,0,0,0
1158.351,0.9629,0,0,0,0
1158.376,0.9629,0,0,0,0
1158.411,0.9629,0,0,0,0
1158.445,0.9629,0,0,0,0
1158.478,0.9629,0,0,0,0
1158.512,0.9629,0,0,0,0
1158.543,0.9629,0,0,0,0
1158.578,0.9629,0,0,0,0
1158.613,0.9629,0,0,0,0
1158.647,0.9629,0,0,0,0
1158.672,0.9629,0,0,0,0
1158.710,0.9629,0,0,0,0
1158.744,0.9629,0,0,0,0
1158.779,0.9629,0,0,0,0
1158.811,0.9629,0,0,0,0
1158.843,0.9629,0,0,0,0
1158.879,0.9629,0,0,0,0
1158.911,0.9629,0,0,0,0
1158.944,0.9629,0,0,0,0
1158.977,0.9629,0,0,0,0
1159.011,0.9629,0,0,0,0
1159.045,0.9629,0,0,0,0
1159.077,0.9629,0,0,0,0
1159.110,0.9629,0,0,0,0
1159.143,0.9629,0,0,0,0
1159.179,0.9629,0,0,0,0
1159.212,0.9629,0,0,0,0
1159.243,0.9629,0,0,0,0
1159.279,0.9629,0,0,0,0
1159.311,0.9629,0,0,0,0
1159.345,0.9629,0,0,0,0
1159.379,0.9629,0,0,0,0
1159.410,0.9629,0,0,0,0
1159.444,0.9629,0,0,0,0
1159.477,0.9629,0,0,0,0
1159.512,0.9629,0,0,0,0
1159.546,0.9629,0,0,0,0
1159.577,0.9629,0,0,0,0
1159.611,0.9629,0,0,0,0
1159.647,0.9629,0,0,0,0
1159.678,0.9629,0,0,0,0
1159.713,0.9629,0,0,0,0
1159.746,0.9629,0,0,0,0
1159.772,0.9629,0,0,0,0
1159.810,0.9629,0,0,0,0
1159.846,0.9629,0,0,0,0
1159.877,0.9629,0,0,0,0
1159.911,0.9629,0,0,0,0
1159.946,0.9629,0,0,0,0
1159.976,0.9629,0,0,0,0
1160.010,0.9629,0,0,0,0
1160.044,0.9629,0,0,0,0
1160.079,0.9629,0,0,0,0
1160.111,0.9629,0,0,0,0
1160.145,0.9629,0,0,0,0
1160.178,0.9629,0,0,0,0
1160.209,0.9629,0,0,0,0
1160.246,0.9629,0,0,0,0
1160.278,0.9629,0,0,0,0
1160.310,0.9629,0,0,0,0
1160.345,0.9629,0,0,0,0
1160.377,0.9629,0,0,0,0
1160.413,0.9629,0,0,0,0
1160.445,0.9629,0,0,0,0
1160.480,0.9629,0,0,0,0
1160.512,0.9629,0,0,0,0
1160.547,0.9629,0,0,0,0
1160.578,0.9629,0,0,0,0
1160.612,0.9629,0,0,0,0
1160.645,0.9629,0,0,0,0
1160.675,0.9629,0,0,0,0
1160.712,0.9629,0,0,0,0
1160.744,0.9629,0,0,0,0
1160.779,0.9629,0,0,0,0
1160.810,0.9629,0,0,0,0
1160.845,0.9629,0,0,0,0
1160.880,0.9629,0,0,0,0
1160.912,0.9629,0,0,0,0
1160.944,0.9629,0,0,0,0
1160.980,0.9629,0,0,0,0
1161.010,0.9629,0,0,0,0
1161.046,0.9629,0,0,0,0
1161.076,0.9629,0,0,0,0
1161.110,0.9629,0,0,0,0
1161.147,0.9629,0,0,0,0
1161.177,0.9629,0,0,0,0
1161.212,0.9629,0,0,0,0
1161.246,0.9629,0,0,0,0
1161.280,0.9629,0,0,0,0
1161.311,0.9629,0,0,0,0
1161.346,0.9629,0,0,0,0
1161.380,0.9629,0,0,0,0
1161.412,0.9629,0,0,0,0
1161.445,0.9629,0,0,0,0
1161.477,0.9629,0,0,0,0
1161.513,0.9629,0,0,0,0
1161.545,0.9629,0,0,0,0
1161.579,0.9629,0,0,0,0
1161.609,0.9629,0,0,0,0
1161.645,0.9629,0,0,0,0
1161.679,0.9629,0,0,0,0
1161.715,0.9629,0,0,0,0
1161.746,0.9629,0,0,0,0
1161.780,0.9629,0,0,0,0
1161.813,0.9629,0,0,0,0
1161.846,0.9629,0,0,0,0
1161.880,0.9629,0,0,0,0
1161.913,0.9629,0,0,0,0
1161.946,0.9629,0,0,0,0
1161.976,0.9629,0,0,0,0
1162.012,0.9629,0,0,0,0
1162.045,0.9629,0,0,0,0
1162.078,0.9629,0,0,0,0
1162.111,0.9629,0,0,0,0
1162.144,0.9629,0,0,0,0
1162.176,0.9629,0,0,0,0
1162.212,0.9629,0,0,0,0
1162.243,0.9629,0,0,0,0
1162.279,0.9629,0,0,0,0
1162.312,0.9629,0,0,0,0
1162.346,0.9629,0,0,0,0
1162.376,0.9629,0,0,0,0
1162.411,0.9629,0,0,0,0
1162.443,0.9629,0,0,0,0
1162.479,0.9629,0,0,0,0
1162.512,0.9629,0,0,0,0
1162.542,0.9629,0,0,0,0
1162.578,0.9629,0,0,0,0
1162.610,0.9629,0,0,0,0
1162.645,0.9629,0,0,0,0
1162.676,0.9629,0,0,0,0
1162.712,0.9629,0,0,0,0
1162.745,0.9629,0,0,0,0
1162.782,0.9629,0,0,0,0
1162.811,0.9629,0,0,0,0
1162.846,0.9629,0,0,0,0
1162.878,0.9629,0,0,0,0
1162.911,0.9629,0,0,0,0
1162.945,0.9629,0,0,0,0
1162.977,0.9629,0,0,0,0
1163.012,0.9629,0,0,0,0
1163.044,0.9629,0,0,0,0
1163.076,0.9629,0,0,0,0
1163.113,0.9629,0,0,0,0
1163.145,0.9629,0,0,0,0
1163.180,0.9629,0,0,0,0
1163.213,0.9629,0,0,0,0
1163.244,0.9629,0,0,0,0
1163.276,0.9629,0,0,0,0
1163.311,0.9629,0,0,0,0
1163.345,0.9629,0,0,0,0
1163.378,0.9629,0,0,0,0
1163.410,0.9629,0,0,0,0
1163.445,0.9629,0,0,0,0
1163.479,0.9629,0,0,0,0
1163.512,0.9629,0,0,0,0
1163.546,0.9629,0,0,0,0
1163.578,0.9629,0,0,0,0
1163.611,0.9629,0,0,0,0
1163.646,0.9629,0,0,0,0
1163.680,0.9629,0,0,0,0
1163.711,0.9629,0,0,0,0
1163.746,0.9629,0,0,0,0
1163.777,0.9629,0,0,0,0
1163.812,0.9629,0,0,0,0
1163.844,0.9629,0,0,0,0
1163.879,0.9629,0,0,0,0
1163.911,0.9629,0,0,0,0
1163.944,0.9629,0,0,0,0
1163.976,0.9629,0,0,0,0
1164.010,0.9629,0,0,0,0
1164.046,0.9629,0,0,0,0
1164.078,0.9629,0,0,0,0
1164.110,0.9629,0,0,0,0
1164.143,0.9629,0,0,0,0
1164.181,0.9629,0,0,0,0
1164.212,0.9629,0,0,0,0
1164.243,0.9629,0,0,0,0
1164.278,0.9629,0,0,0,0
1164.310,0.9629,0,0,0,0
1164.344,0.9629,0,0,0,0
1164.380,0.9629,0,0,0,0
1164.412,0.9629,0,0,0,0
1164.446,0.9629,0,0,0,0
1164.477,0.9629,0,0,0,0
1164.510,0.9629,0,0,0,0
1164.546,0.9629,0,0,0,0
1164.577,0.9629,0,0,0,0
1164.610,0.9629,0,0,0,0
1164.646,0.9629,0,0,0,0
1164.679,0.9629,0,0,0,0
1164.711,0.9629,0,0,0,0
1164.745,0.9629,0,0,0,0
1164.778,0.9629,0,0,0,0
1164.811,0.9629,0,0,0,0
1164.843,0.9629,0,0,0,0
1164.877,0.9629,0,0,0,0
1164.913,0.9629,0,0,0,0
1164.945,0.9629,0,0,0,0
1164.979,0.9629,0,0,0,0
1165.010,0.9629,0,0,0,0
1165.046,0.9629,0,0,0,0
1165.078,0.9629,0,0,0,0
1165.111,0.9629,0,0,0,0
1165.145,0.9629,0,0,0,0
1165.177,0.9629,0,0,0,0
1165.210,0.9629,0,0,0,0
1165.246,0.9629,0,0,0,0
1165.278,0.9629,0,0,0,0
1165.313,0.9629,0,0,0,0
1165.344,0.9629,0,0,0,0
1165.377,0.9629,0,0,0,0
1165.413,0.9629,0,0,0,0
1165.446,0.9629,0,0,0,0
1165.478,0.9629,0,0,0,0
1165.510,0.9629,0,0,0,0
1165.545,0.9629,0,0,0,0
1165.578,0.9629,0,0,0,0
1165.613,0.9629,0,0,0,0
1165.646,0.9629,0,0,0,0
1165.679,0.9629,0,0,0,0
1165.711,0.9629,0,0,0,0
1165.743,0.9629,0,0,0,0
1165.780,0.9629,0,0,0,0
1165.810,0.9629,0,0,0,0
1165.845,0.9629,0,0,0,0
1165.879,0.9629,0,0,0,0
1165.911,0.9629,0,0,0,0
1165.943,0.9629,0,0,0,0
1165.979,0.9629,0,0,0,0
1166.011,0.9629,0,0,0,0
1166.045,0.9629,0,0,0,0
1166.076,0.9629,0,0,0,0
1166.111,0.9629,0,0,0,0
1166.143,0.9629,0,0,0,0
1166.177,0.9629,0,0,0,0
1166.214,0.9629,0,0,0,0
1166.246,0.9629,0,0,0,0
1166.276,0.9629,0,0,0,0
1166.311,0.9629,0,0,0,0
1166.343,0.9629,0,0,0,0
1166.379,0.9629,0,0,0,0
1166.411,0.9629,0,0,0,0
1166.446,0.9629,0,0,0,0
1166.478,0.9629,0,0,0,0
1166.510,0.9629,0,0,0,0
1166.543,0.9629,0,0,0,0
1166.577,0.9629,0,0,0,0
1166.612,0.9629,0,0,0,0
1166.645,0.9629,0,0,0,0
1166.678,0.9629,0,0,0,0
1166.713,0.9629,0,0,0,0
1166.743,0.9629,0,0,0,0
1166.779,0.9629,0,0,0,0
1166.811,0.9629,0,0,0,0
1166.846,0.9629,0,0,0,0
1166.880,0.9629,0,0,0,0
1166.912,0.9629,0,0,0,0
1166.943,0.9629,0,0,0,0
1166.979,0.9629,0,0,0,0
1167.010,0.9629,0,0,0,0
1167.046,0.9629,0,0,0,0
1167.077,0.9629,0,0,0,0
1167.111,0.9629,0,0,0,0
1167.144,0.9629,0,0,0,0
1167.176,0.9629,0,0,0,0
1167.211,0.9629,0,0,0,0
1167.243,0.9629,0,0,0,0
1167.276,0.9629,0,0,0,0
1167.311,0.9629,0,0,0,0
1167.346,0.9629,0,0,0,0
1167.380,0.9629,0,0,0,0
1167.412,0.9629,0,0,0,0
1167.447,0.9629,0,0,0,0
1167.479,0.9629,0,0,0,0
1167.511,0.9629,0,0,0,0
1167.543,0.9629,0,0,0,0
1167.580,0.9629,0,0,0,0
1167.612,0.9629,0,0,0,0
1167.644,0.9629,0,0,0,0
1167.680,0.9629,0,0,0,0
1167.710,0.9629,0,0,0,0
1167.743,0.9629,0,0,0,0
1167.776,0.9629,0,0,0,0
1167.811,0.9629,0,0,0,0
1167.847,0.9629,0,0,0,0
1167.877,0.9629,0,0,0,0
1167.912,0.9629,0,0,0,0
1167.944,0.9629,0,0,0,0
1167.977,0.9629,0,0,0,0
1168.011,0.9629,0,0,0,0
1168.046,0.9629,0,0,0,0
1168.077,0.9629,0,0,0,0
1168.109,0.9629,0,0,0,0
1168.144,0.9629,0,0,0,0
1168.179,0.9629,0,0,0,0
1168.217,0.9629,0,0,0,0
1168.243,0.9629,0,0,0,0
1168.278,0.9629,0,0,0,0
1168.309,0.9629,0,0,0,0
1168.345,0.9629,0,0,0,0
1168.379,0.9629,0,0,0,0
1168.410,0.9629,0,0,0,0
1168.445,0.9629,0,0,0,0
1168.478,0.9629,0,0,0,0
1168.510,0.9629,0,0,0,0
1168.544,0.9629,0,0,0,0
1168.576,0.9629,0,0,0,0
1168.608,0.9629,0,0,0,0
1168.647,0.9629,0,0,0,0
1168.678,0.9629,0,0,0,0
1168.710,0.9629,0,0,0,0
1168.745,0.9629,0,0,0,0
1168.776,0.9629,0,0,0,0
1168.809,0.9629,0,0,0,0
1168.844,0.9629,0,0,0,0
1168.877,0.9629,0,0,0,0
1168.913,0.9629,0,0,0,0
1168.943,0.9629,0,0,0,0
1168.976,0.9629,0,0,0,0
1169.010,0.9629,0,0,0,0
1169.044,0.9629,0,0,0,0
1169.077,0.9629,0,0,0,0
1169.110,0.9629,0,0,0,0
1169.144,0.9629,0,0,0,0
1169.179,0.9629,0,0,0,0
1169.213,0.9629,0,0,0,0
1169.244,0.9629,0,0,0,0
1169.279,0.9629,0,0,0,0
1169.311,0.9629,0,0,0,0
1169.344,0.9629,0,0,0,0
1169.376,0.9629,0,0,0,0
1169.413,0.9629,0,0,0,0
1169.446,0.9629,0,0,0,0
1169.476,0.9629,0,0,0,0
1169.512,0.9629,0,0,0,0
1169.543,0.9629,0,0,0,0
1169.576,0.9629,0,0,0,0
1169.609,0.9629,0,0,0,0
1169.646,0.9629,0,0,0,0
1169.677,0.9629,0,0,0,0
1169.714,0.9629,0,0,0,0
1169.743,0.9629,0,0,0,0
1169.778,0.9629,0,0,0,0
1169.810,0.9629,0,0,0,0
1169.846,0.9629,0,0,0,0
1169.877,0.9629,0,0,0,0
1169.911,0.9629,0,0,0,0
1169.943,0.9629,0,0,0,0
1169.979,0.9629,0,0,0,0
1170.010,0.9629,0,0,0,0
1170.045,0.9629,0,0,0,0
1170.081,0.9629,0,0,0,0
1170.110,0.9629,0,0,0,0
1170.145,0.9629,0,0,0,0
1170.178,0.9629,0,0,0,0
1170.211,0.9629,0,0,0,0
1170.247,0.9629,0,0,0,0
1170.278,0.9629,0,0,0,0
1170.313,0.9629,0,0,0,0
1170.346,0.9629,0,0,0,0
1170.380,0.9629,0,0,0,0
1170.411,0.9629,0,0,0,0
1170.446,0.9629,0,0,0,0
1170.479,0.9629,0,0,0,0
1170.512,0.9629,0,0,0,0
1170.543,0.9629,0,0,0,0
1170.580,0.9629,0,0,0,0
1170.613,0.9629,0,0,0,0
1170.644,0.9629,0,0,0,0
1170.680,0.9629,0,0,0,0
1170.710,0.9629,0,0,0,0
1170.743,0.9629,0,0,0,0
1170.777,0.9629,0,0,0,0
1170.813,0.9629,0,0,0,0
1170.846,0.9629,0,0,0,0
1170.879,0.9629,0,0,0,0
1170.912,0.9629,0,0,0,0
1170.946,0.9629,0,0,0,0
1170.978,0.9629,0,0,0,0
1171.009,0.9629,0,0,0,0
1171.044,0.9629,0,0,0,0
1171.079,0.9629,0,0,0,0
1171.113,0.9629,0,0,0,0
1171.143,0.9629,0,0,0,0
1171.177,0.9629,0,0,0,0
1171.210,0.9629,0,0,0,0
1171.245,0.9629,0,0,0,0
1171.278,0.9629,0,0,0,0
1171.312,0.9629,0,0,0,0
1171.343,0.9629,0,0,0,0
1171.378,0.9629,0,0,0,0
1171.413,0.9629,0,0,0,0
1171.444,0.9629,0,0,0,0
1171.477,0.9629,0,0,0,0
1171.510,0.9629,0,0,0,0
1171.547,0.9629,0,0,0,0
1171.578,0.9629,0,0,0,0
1171.613,0.9629,0,0,0,0
1171.646,0.9629,0,0,0,0
1171.678,0.9629,0,0,0,0
1171.713,0.9629,0,0,0,0
1171.743,0.9629,0,0,0,0
1171.779,0.9629,0,0,0,0
1171.809,0.9629,0,0,0,0
1171.846,0.9629,0,0,0,0
1171.877,0.9629,0,0,0,0
1171.913,0.9629,0,0,0,0
1171.945,0.9629,0,0,0,0
1171.978,0.9629,0,0,0,0
1172.014,0.9629,0,0,0,0
1172.046,0.9629,0,0,0,0
1172.077,0.9629,0,0,0,0
1172.112,0.9629,0,0,0,0
1172.144,0.9629,0,0,0,0
1172.176,0.9629,0,0,0,0
1172.213,0.9629,0,0,0,0
1172.244,0.9629,0,0,0,0
1172.278,0.9629,0,0,0,0
1172.310,0.9629,0,0,0,0
1172.344,0.9629,0,0,0,0
1172.379,0.9629,0,0,0,0
1172.413,0.9629,0,0,0,0
1172.444,0.9629,0,0,0,0
1172.478,0.9629,0,0,0,0
1172.514,0.9629,0,0,0,0
1172.547,0.9629,0,0,0,0
1172.579,0.9629,0,0,0,0
1172.610,0.9629,0,0,0,0
1172.643,0.9629,0,0,0,0
1172.677,0.9629,0,0,0,0
1172.713,0.9629,0,0,0,0
1172.746,0.9629,0,0,0,0
1172.780,0.9629,0,0,0,0
1172.810,0.9629,0,0,0,0
1172.846,0.9629,0,0,0,0
1172.880,0.9629,0,0,0,0
1172.912,0.9629,0,0,0,0
1172.944,0.9629,0,0,0,0
1172.980,0.9629,0,0,0,0
1173.009,0.9629,0,0,0,0
1173.047,0.9629,0,0,0,0
1173.077,0.9629,0,0,0,0
1173.113,0.9629,0,0,0,0
1173.146,0.9629,0,0,0,0
1173.177,0.9629,0,0,0,0
1173.211,0.9629,0,0,0,0
1173.243,0.9629,0,0,0,0
1173.276,0.9629,0,0,0,0
1173.313,0.9629,0,0,0,0
1173.344,0.9629,0,0,0,0
1173.378,0.9629,0,0,0,0
1173.414,0.9629,0,0,0,0
1173.445,0.9629,0,0,0,0
1173.477,0.9629,0,0,0,0
1173.513,0.9629,0,0,0,0
1173.546,0.9629,0,0,0,0
1173.579,0.9629,0,0,0,0
1173.612,0.9629,0,0,0,0
1173.644,0.9629,0,0,0,0
1173.677,0.9629,0,0,0,0
1173.713,0.9629,0,0,0,0
1173.743,0.9629,0,0,0,0
1173.776,0.9629,0,0,0,0
1173.811,0.9629,0,0,0,0
1173.846,0.9629,0,0,0,0
1173.878,0.9629,0,0,0,0
1173.916,0.9629,0,0,0,0
1173.944,0.9629,0,0,0,0
1173.979,0.9629,0,0,0,0
1174.010,0.9629,0,0,0,0
1174.044,0.9629,0,0,0,0
1174.077,0.9629,0,0,0,0
1174.113,0.9629,0,0,0,0
1174.146,0.9629,0,0,0,0
1174.177,0.9629,0,0,0,0
1174.213,0.9629,0,0,0,0
1174.246,0.9629,0,0,0,0
1174.276,0.9629,0,0,0,0
1174.313,0.9629,0,0,0,0
1174.345,0.9629,0,0,0,0
1174.378,0.9629,0,0,0,0
1174.411,0.9629,0,0,0,0
1174.445,0.9629,0,0,0,0
1174.477,0.9629,0,0,0,0
1174.510,0.9629,0,0,0,0
1174.546,0.9629,0,0,0,0
1174.579,0.9629,0,0,0,0
1174.613,0.9629,0,0,0,0
1174.643,0.9629,0,0,0,0
1174.679,0.9629,0,0,0,0
1174.711,0.9629,0,0,0,0
1174.746,0.9629,0,0,0,0
1174.780,0.9629,0,0,0,0
1174.810,0.9629,0,0,0,0
1174.844,0.9629,0,0,0,0
1174.878,0.9629,0,0,0,0
1174.911,0.9629,0,0,0,0
1174.945,0.9629,0,0,0,0
1174.978,0.9629,0,0,0,0
1175.013,0.9629,0,0,0,0
1175.044,0.9629,0,0,0,0
1175.078,0.9629,0,0,0,0
1175.113,0.9629,0,0,0,0
1175.145,0.9629,0,0,0,0
1175.180,0.9629,0,0,0,0
1175.212,0.9629,0,0,0,0
1175.243,0.9629,0,0,0,0
1175.279,0.9629,0,0,0,0
1175.310,0.9629,0,0,0,0
1175.344,0.9629,0,0,0,0
1175.379,0.9629,0,0,0,0
1175.413,0.9629,0,0,0,0
1175.446,0.9629,0,0,0,0
1175.476,0.9629,0,0,0,0
1175.512,0.9629,0,0,0,0
1175.546,0.9629,0,0,0,0
1175.578,0.9629,0,0,0,0
1175.610,0.9629,0,0,0,0
1175.643,0.9629,0,0,0,0
1175.679,0.9629,0,0,0,0
1175.707,0.9629,0,0,0,0
1175.745,0.9629,0,0,0,0
1175.777,0.9629,0,0,0,0
1175.813,0.9629,0,0,0,0
1175.846,0.9629,0,0,0,0
1175.877,0.9629,0,0,0,0
1175.909,0.9629,0,0,0,0
1175.945,0.9629,0,0,0,0
1175.977,0.9629,0,0,0,0
1176.012,0.9629,0,0,0,0
1176.042,0.9629,0,0,0,0
1176.079,0.9629,0,0,0,0
1176.109,0.9629,0,0,0,0
1176.144,0.9629,0,0,0,0
1176.178,0.9629,0,0,0,0
1176.211,0.9629,0,0,0,0
1176.244,0.9629,0,0,0,0
1176.276,0.9629,0,0,0,0
1176.311,0.9629,0,0,0,0
1176.347,0.9629,0,0,0,0
1176.378,0.9629,0,0,0,0
1176.413,0.9629,0,0,0,0
1176.445,0.9629,0,0,0,0
1176.480,0.9629,0,0,0,0
1176.511,0.9629,0,0,0,0
1176.542,0.9629,0,0,0,0
1176.580,0.9629,0,0,0,0
1176.612,0.9629,0,0,0,0
1176.645,0.9629,0,0,0,0
1176.678,0.9629,0,0,0,0
1176.710,0.9629,0,0,0,0
1176.743,0.9629,0,0,0,0
1176.776,0.9629,0,0,0,0
1176.812,0.9629,0,0,0,0
1176.844,0.9629,0,0,0,0
1176.876,0.9629,0,0,0,0
1176.912,0.9629,0,0,0,0
1176.944,0.9629,0,0,0,0
1176.977,0.9629,0,0,0,0
1177.014,0.9629,0,0,0,0
1177.046,0.9629,0,0,0,0
1177.078,0.9629,0,0,0,0
1177.110,0.9629,0,0,0,0
1177.144,0.9629,0,0,0,0
1177.179,0.9629,0,0,0,0
1177.212,0.9629,0,0,0,0
1177.245,0.9629,0,0,0,0
1177.279,0.9629,0,0,0,0
1177.311,0.9629,0,0,0,0
1177.344,0.9629,0,0,0,0
1177.378,0.9629,0,0,0,0
1177.412,0.9629,0,0,0,0
1177.444,0.9629,0,0,0,0
1177.478,0.9629,0,0,0,0
1177.510,0.9629,0,0,0,0
1177.544,0.9629,0,0,0,0
1177.577,0.9629,0,0,0,0
1177.612,0.9629,0,0,0,0
1177.643,0.9629,0,0,0,0
1177.677,0.9629,0,0,0,0
1177.707,0.9629,0,0,0,0
1177.747,0.9629,0,0,0,0
1177.779,0.9629,0,0,0,0
1177.812,0.9629,0,0,0,0
1177.847,0.9629,0,0,0,0
1177.880,0.9629,0,0,0,0
1177.912,0.9629,0,0,0,0
1177.944,0.9629,0,0,0,0
1177.981,0.9629,0,0,0,0
1178.003,0.9629,0,0,0,0
1178.045,0.9629,0,0,0,0
1178.068,0.9629,0,0,0,0
1178.111,0.9629,0,0,0,0
1178.145,0.9629,0,0,0,0
1178.180,0.9629,0,0,0,0
1178.214,0.9629,0,0,0,0
1178.246,0.9629,0,0,0,0
1178.279,0.9629,0,0,0,0
1178.311,0.9629,0,0,0,0
1178.346,0.9629,0,0,0,0
1178.379,0.9629,0,0,0,0
1178.411,0.9629,0,0,0,0
1178.442,0.9629,0,0,0,0
1178.479,0.9629,0,0,0,0
1178.511,0.9629,0,0,0,0
1178.544,0.9629,0,0,0,0
1178.577,0.9629,0,0,0,0
1178.613,0.9629,0,0,0,0
1178.646,0.9629,0,0,0,0
1178.677,0.9629,0,0,0,0
1178.712,0.9629,0,0,0,0
1178.744,0.9629,0,0,0,0
1178.777,0.9629,0,0,0,0
1178.810,0.9629,0,0,0,0
1178.844,0.9629,0,0,0,0
1178.876,0.9629,0,0,0,0
1178.911,0.9629,0,0,0,0
1178.943,0.9629,0,0,0,0
1178.976,0.9629,0,0,0,0
1179.016,0.9629,0,0,0,0
1179.047,0.9629,0,0,0,0
1179.073,0.9629,0,0,0,0
1179.112,0.9629,0,0,0,0
1179.144,0.9629,0,0,0,0
1179.177,0.9629,0,0,0,0
1179.213,0.9629,0,0,0,0
1179.245,0.9629,0,0,0,0
1179.278,0.9629,0,0,0,0
1179.313,0.9629,0,0,0,0
1179.346,0.9629,0,0,0,0
1179.377,0.9629,0,0,0,0
1179.411,0.9629,0,0,0,0
1179.445,0.9629,0,0,0,0
1179.479,0.9629,0,0,0,0
1179.512,0.9629,0,0,0,0
1179.545,0.9629,0,0,0,0
1179.578,0.9629,0,0,0,0
1179.612,0.9629,0,0,0,0
1179.646,0.9629,0,0,0,0
1179.676,0.9629,0,0,0,0
1179.711,0.9629,0,0,0,0
1179.745,0.9629,0,0,0,0
1179.780,0.9629,0,0,0,0
1179.813,0.9629,0,0,0,0
1179.844,0.9629,0,0,0,0
1179.879,0.9629,0,0,0,0
1179.910,0.9629,0,0,0,0
1179.946,0.9629,0,0,0,0
1179.980,0.9629,0,0,0,0
1180.012,0.9629,0,0,0,0
1180.045,0.9629,0,0,0,0
1180.076,0.9629,0,0,0,0
1180.110,0.9629,0,0,0,0
1180.144,0.9629,0,0,0,0
1180.176,0.9629,0,0,0,0
1180.209,0.9629,0,0,0,0
1180.246,0.9629,0,0,0,0
1180.279,0.9629,0,0,0,0
1180.312,0.9629,0,0,0,0
1180.344,0.9629,0,0,0,0
1180.376,0.9629,0,0,0,0
1180.414,0.9629,0,0,0,0
1180.448,0.9629,0,0,0,0
1180.478,0.9629,0,0,0,0
1180.513,0.9629,0,0,0,0
1180.546,0.9629,0,0,0,0
1180.576,0.9629,0,0,0,0
1180.611,0.9629,0,0,0,0
1180.644,0.9629,0,0,0,0
1180.680,0.9629,0,0,0,0
1180.713,0.9629,0,0,0,0
1180.745,0.9629,0,0,0,0
1180.776,0.9629,0,0,0,0
1180.812,0.9629,0,0,0,0
1180.845,0.9629,0,0,0,0
1180.878,0.9629,0,0,0,0
1180.912,0.9629,0,0,0,0
1180.945,0.9629,0,0,0,0
1180.977,0.9629,0,0,0,0
1181.013,0.9629,0,0,0,0
1181.043,0.9629,0,0,0,0
1181.078,0.9629,0,0,0,0
1181.112,0.9629,0,0,0,0
1181.146,0.9629,0,0,0,0
1181.179,0.9629,0,0,0,0
1181.209,0.9629,0,0,0,0
1181.246,0.9629,0,0,0,0
1181.279,0.9629,0,0,0,0
1181.313,0.9629,0,0,0,0
1181.345,0.9629,0,0,0,0
1181.379,0.9629,0,0,0,0
1181.411,0.9629,0,0,0,0
1181.445,0.9629,0,0,0,0
1181.476,0.9629,0,0,0,0
1181.511,0.9629,0,0,0,0
1181.545,0.9629,0,0,0,0
1181.577,0.9629,0,0,0,0
1181.613,0.9629,0,0,0,0
1181.644,0.9629,0,0,0,0
1181.677,0.9629,0,0,0,0
1181.712,0.9629,0,0,0,0
1181.743,0.9629,0,0,0,0
1181.782,0.9629,0,0,0,0
1181.813,0.9629,0,0,0,0
1181.845,0.9629,0,0,0,0
1181.876,0.9629,0,0,0,0
1181.912,0.9629,0,0,0,0
1181.946,0.9629,0,0,0,0
1181.979,0.9629,0,0,0,0
1182.010,0.9629,0,0,0,0
1182.043,0.9629,0,0,0,0
1182.077,0.9629,0,0,0,0
1182.112,0.9629,0,0,0,0
1182.146,0.9629,0,0,0,0
1182.178,0.9629,0,0,0,0
1182.212,0.9629,0,0,0,0
1182.243,0.9629,0,0,0,0
1182.279,0.9629,0,0,0,0
1182.311,0.9629,0,0,0,0
1182.344,0.9629,0,0,0,0
1182.380,0.9629,0,0,0,0
1182.414,0.9629,0,0,0,0
1182.445,0.9629,0,0,0,0
1182.479,0.9629,0,0,0,0
1182.512,0.9629,0,0,0,0
1182.544,0.9629,0,0,0,0
1182.577,0.9629,0,0,0,0
1182.612,0.9629,0,0,0,0
1182.643,0.9629,0,0,0,0
1182.676,0.9629,0,0,0,0
1182.712,0.9629,0,0,0,0
1182.743,0.9629,0,0,0,0
1182.778,0.9629,0,0,0,0
1182.810,0.9629,0,0,0,0
1182.845,0.9629,0,0,0,0
1182.877,0.9629,0,0,0,0
1182.912,0.9629,0,0,0,0
1182.945,0.9629,0,0,0,0
1182.978,0.9629,0,0,0,0
1183.011,0.9629,0,0,0,0
1183.045,0.9629,0,0,0,0
1183.077,0.9629,0,0,0,0
1183.113,0.9629,0,0,0,0
1183.144,0.9629,0,0,0,0
1183.178,0.9629,0,0,0,0
1183.212,0.9629,0,0,0,0
1183.245,0.9629,0,0,0,0
1183.279,0.9629,0,0,0,0
1183.313,0.9629,0,0,0,0
1183.344,0.9629,0,0,0,0
1183.377,0.9629,0,0,0,0
1183.412,0.9629,0,0,0,0
1183.446,0.9629,0,0,0,0
1183.477,0.9629,0,0,0,0
1183.512,0.9629,0,0,0,0
1183.545,0.9629,0,0,0,0
1183.577,0.9629,0,0,0,0
1183.613,0.9629,0,0,0,0
1183.646,0.9629,0,0,0,0
1183.677,0.9629,0,0,0,0
1183.713,0.9629,0,0,0,0
1183.744,0.9629,0,0,0,0
1183.778,0.9629,0,0,0,0
1183.813,0.9629,0,0,0,0
1183.844,0.9629,0,0,0,0
1183.878,0.9629,0,0,0,0
1183.911,0.9629,0,0,0,0
1183.941,0.9629,0,0,0,0
1183.977,0.9629,0,0,0,0
1184.011,0.9629,0,0,0,0
1184.043,0.9629,0,0,0,0
1184.076,0.9629,0,0,0,0
1184.111,0.9629,0,0,0,0
1184.146,0.9629,0,0,0,0
1184.176,0.9629,0,0,0,0
1184.211,0.9629,0,0,0,0
1184.245,0.9629,0,0,0,0
1184.278,0.9629,0,0,0,0
1184.313,0.9629,0,0,0,0
1184.344,0.9629,0,0,0,0
1184.379,0.9629,0,0,0,0
1184.411,0.9629,0,0,0,0
1184.444,0.9629,0,0,0,0
1184.479,0.9629,0,0,0,0
1184.510,0.9629,0,0,0,0
1184.545,0.9629,0,0,0,0
1184.581,0.9629,0,0,0,0
1184.611,0.9629,0,0,0,0
1184.646,0.9629,0,0,0,0
1184.677,0.9629,0,0,0,0
1184.712,0.9629,0,0,0,0
1184.746,0.9629,0,0,0,0
1184.779,0.9629,0,0,0,0
1184.809,0.9629,0,0,0,0
1184.844,0.9629,0,0,0,0
1184.877,0.9629,0,0,0,0
1184.913,0.9629,0,0,0,0
1184.944,0.9629,0,0,0,0
1184.977,0.9629,0,0,0,0
1185.014,0.9629,0,0,0,0
1185.045,0.9629,0,0,0,0
1185.077,0.9629,0,0,0,0
1185.109,0.9629,0,0,0,0
1185.141,0.9629,0,0,0,0
1185.179,0.9629,0,0,0,0
1185.211,0.9629,0,0,0,0
1185.243,0.9629,0,0,0,0
1185.280,0.9629,0,0,0,0
1185.312,0.9629,0,0,0,0
1185.346,0.9629,0,0,0,0
1185.378,0.9629,0,0,0,0
1185.412,0.9629,0,0,0,0
1185.448,0.9629,0,0,0,0
1185.480,0.9629,0,0,0,0
1185.513,0.9629,0,0,0,0
1185.543,0.9629,0,0,0,0
1185.578,0.9629,0,0,0,0
1185.612,0.9629,0,0,0,0
1185.645,0.9629,0,0,0,0
1185.677,0.9629,0,0,0,0
1185.711,0.9629,0,0,0,0
1185.743,0.9629,0,0,0,0
1185.778,0.9629,0,0,0,0
1185.813,0.9629,0,0,0,0
1185.846,0.9629,0,0,0,0
1185.878,0.9629,0,0,0,0
1185.909,0.9629,0,0,0,0
1185.943,0.9629,0,0,0,0
1185.977,0.9629,0,0,0,0
1186.010,0.9629,0,0,0,0
1186.044,0.9629,0,0,0,0
1186.077,0.9629,0,0,0,0
1186.113,0.9629,0,0,0,0
1186.146,0.9629,0,0,0,0
1186.178,0.9629,0,0,0,0
1186.212,0.9629,0,0,0,0
1186.244,0.9629,0,0,0,0
1186.276,0.9629,0,0,0,0
1186.311,0.9629,0,0,0,0
1186.345,0.9629,0,0,0,0
1186.377,0.9629,0,0,0,0
1186.411,0.9629,0,0,0,0
1186.447,0.9629,0,0,0,0
1186.477,0.9629,0,0,0,0
1186.513,0.9629,0,0,0,0
1186.546,0.9629,0,0,0,0
1186.580,0.9629,0,0,0,0
1186.613,0.9629,0,0,0,0
1186.643,0.9629,0,0,0,0
1186.678,0.9629,0,0,0,0
1186.713,0.9629,0,0,0,0
1186.744,0.9629,0,0,0,0
1186.776,0.9629,0,0,0,0
1186.813,0.9629,0,0,0,0
1186.845,0.9629,0,0,0,0
1186.877,0.9629,0,0,0,0
1186.909,0.9629,0,0,0,0
1186.948,0.9629,0,0,0,0
1186.979,0.9629,0,0,0,0
1187.009,0.9629,0,0,0,0
1187.046,0.9629,0,0,0,0
1187.079,0.9629,0,0,0,0
1187.113,0.9629,0,0,0,0
1187.144,0.9629,0,0,0,0
1187.179,0.9629,0,0,0,0
1187.213,0.9629,0,0,0,0
1187.245,0.9629,0,0,0,0
1187.280,0.9629,0,0,0,0
1187.302,0.9629,0,0,0,0
1187.343,0.9629,0,0,0,0
1187.380,0.9629,0,0,0,0
1187.413,0.9629,0,0,0,0
1187.492,0.9629,0,0,0,0
1187.527,0.9629,0,0,0,0
1187.560,0.9629,0,0,0,0
1187.591,0.9629,0,0,0,0
1187.627,0.9629,0,0,0,0
1187.660,0.9629,0,0,0,0
1187.692,0.9629,0,0,0,0
1187.724,0.9629,0,0,0,0
1187.761,0.9629,0,0,0,0
1187.795,0.9629,0,0,0,0
1187.829,0.9629,0,0,0,0
1187.851,0.9629,0,0,0,0
1187.890,0.9629,0,0,0,0
1187.924,0.9629,0,0,0,0
1187.961,0.9629,0,0,0,0
1187.992,0.9629,0,0,0,0
1188.027,0.9629,0,0,0,0
1188.058,0.9629,0,0,0,0
1188.092,0.9629,0,0,0,0
1188.127,0.9629,0,0,0,0
1188.158,0.9629,0,0,0,0
1188.194,0.9629,0,0,0,0
1188.224,0.9629,0,0,0,0
1188.261,0.9629,0,0,0,0
1188.291,0.9629,0,0,0,0
1188.325,0.9629,0,0,0,0
1188.361,0.9629,0,0,0,0
1188.391,0.9629,0,0,0,0
1188.424,0.9629,0,0,0,0
1188.459,0.9629,0,0,0,0
1188.491,0.9629,0,0,0,0
1188.527,0.9629,0,0,0,0
1188.560,0.9629,0,0,0,0
1188.591,0.9629,0,0,0,0
1188.627,0.9629,0,0,0,0
1188.658,0.9629,0,0,0,0
1188.691,0.9629,0,0,0,0
1188.726,0.9629,0,0,0,0
1188.757,0.9629,0,0,0,0
1188.791,0.9629,0,0,0,0
1188.826,0.9629,0,0,0,0
1188.859,0.9629,0,0,0,0
1188.890,0.9629,0,0,0,0
1188.924,0.9629,0,0,0,0
1188.957,0.9629,0,0,0,0
1188.995,0.9629,0,0,0,0
1189.024,0.9629,0,0,0,0
1189.061,0.9629,0,0,0,0
1189.094,0.9629,0,0,0,0
1189.127,0.9629,0,0,0,0
1189.157,0.9629,0,0,0,0
1189.190,0.9629,0,0,0,0
1189.227,0.9629,0,0,0,0
1189.261,0.9629,0,0,0,0
1189.292,0.9629,0,0,0,0
1189.324,0.9629,0,0,0,0
1189.360,0.9629,0,0,0,0
1189.391,0.9629,0,0,0,0
1189.424,0.9629,0,0,0,0
1189.460,0.9629,0,0,0,0
1189.492,0.9629,0,0,0,0
1189.528,0.9629,0,0,0,0
1189.557,0.9629,0,0,0,0
1189.591,0.9629,0,0,0,0
1189.624,0.9629,0,0,0,0
1189.659,0.9629,0,0,0,0
1189.694,0.9629,0,0,0,0
1189.725,0.9629,0,0,0,0
1189.760,0.9629,0,0,0,0
1189.791,0.9629,0,0,0,0
1189.827,0.9629,0,0,0,0
1189.857,0.9629,0,0,0,0
1189.892,0.9629,0,0,0,0
1189.926,0.9629,0,0,0,0
1189.956,0.9629,0,0,0,0
1189.995,0.9629,0,0,0,0
1190.027,0.9629,0,0,0,0
1190.060,0.9629,0,0,0,0
1190.093,0.9629,0,0,0,0
1190.128,0.9629,0,0,0,0
1190.158,0.9629,0,0,0,0
1190.192,0.9629,0,0,0,0
1190.224,0.9629,0,0,0,0
1190.261,0.9629,0,0,0,0
1190.291,0.9629,0,0,0,0
1190.327,0.9629,0,0,0,0
1190.358,0.9629,0,0,0,0
1190.391,0.9629,0,0,0,0
1190.428,0.9629,0,0,0,0
1190.458,0.9629,0,0,0,0
1190.491,0.9629,0,0,0,0
1190.524,0.9629,0,0,0,0
1190.557,0.9629,0,0,0,0
1190.595,0.9629,0,0,0,0
1190.626,0.9629,0,0,0,0
1190.660,0.9629,0,0,0,0
1190.690,0.9629,0,0,0,0
1190.727,0.9629,0,0,0,0
1190.759,0.9629,0,0,0,0
1190.793,0.9629,0,0,0,0
1190.827,0.9629,0,0,0,0
1190.860,0.9629,0,0,0,0
1190.891,0.9629,0,0,0,0
1190.927,0.9629,0,0,0,0
1190.959,0.9629,0,0,0,0
1190.990,0.9629,0,0,0,0
1191.025,0.9629,0,0,0,0
1191.059,0.9629,0,0,0,0
1191.094,0.9629,0,0,0,0
1191.125,0.9629,0,0,0,0
1191.157,0.9629,0,0,0,0
1191.195,0.9629,0,0,0,0
1191.227,0.9629,0,0,0,0
1191.263,0.9629,0,0,0,0
1191.291,0.9629,0,0,0,0
1191.329,0.9629,0,0,0,0
1191.361,0.9629,0,0,0,0
1191.393,0.9629,0,0,0,0
1191.426,0.9629,0,0,0,0
1191.459,0.9629,0,0,0,0
1191.492,0.9629,0,0,0,0
1191.527,0.9629,0,0,0,0
1191.557,0.9629,0,0,0,0
1191.593,0.9629,0,0,0,0
1191.627,0.9629,0,0,0,0
1191.659,0.9629,0,0,0,0
1191.690,0.9629,0,0,0,0
1191.728,0.9629,0,0,0,0
1191.760,0.9629,0,0,0,0
1191.794,0.9629,0,0,0,0
1191.825,0.9629,0,0,0,0
1191.858,0.9629,0,0,0,0
1191.894,0.9629,0,0,0,0
1191.923,0.9629,0,0,0,0
1191.961,0.9629,0,0,0,0
1191.993,0.9629,0,0,0,0
1192.026,0.9629,0,0,0,0
1192.058,0.9629,0,0,0,0
1192.092,0.9629,0,0,0,0
1192.125,0.9629,0,0,0,0
1192.161,0.9629,0,0,0,0
1192.192,0.9629,0,0,0,0
1192.225,0.9629,0,0,0,0
1192.260,0.9629,0,0,0,0
1192.294,0.9629,0,0,0,0
1192.330,0.9629,0,0,0,0
1192.360,0.9629,0,0,0,0
1192.394,0.9629,0,0,0,0
1192.427,0.9629,0,0,0,0
1192.457,0.9629,0,0,0,0
1192.495,0.9629,0,0,0,0
1192.527,0.9629,0,0,0,0
1192.560,0.9629,0,0,0,0
1192.591,0.9629,0,0,0,0
1192.625,0.9629,0,0,0,0
1192.658,0.9629,0,0,0,0
1192.690,0.9629,0,0,0,0
1192.727,0.9629,0,0,0,0
1192.759,0.9629,0,0,0,0
1192.792,0.9629,0,0,0,0
1192.823,0.9629,0,0,0,0
1192.857,0.9629,0,0,0,0
1192.892,0.9629,0,0,0,0
1192.927,0.9629,0,0,0,0
1192.958,0.9629,0,0,0,0
1192.994,0.9629,0,0,0,0
1193.027,0.9629,0,0,0,0
1193.059,0.9629,0,0,0,0
1193.092,0.9629,0,0,0,0
1193.125,0.9629,0,0,0,0
1193.159,0.9629,0,0,0,0
1193.194,0.9629,0,0,0,0
1193.226,0.9629,0,0,0,0
1193.258,0.9629,0,0,0,0
1193.294,0.9629,0,0,0,0
1193.325,0.9629,0,0,0,0
1193.361,0.9629,0,0,0,0
1193.382,0.9629,0,0,0,0
1193.425,0.9629,0,0,0,0
1193.459,0.9629,0,0,0,0
1193.492,0.9629,0,0,0,0
1193.528,0.9629,0,0,0,0
1193.558,0.9629,0,0,0,0
1193.590,0.9629,0,0,0,0
1193.626,0.9629,0,0,0,0
1193.658,0.9629,0,0,0,0
1193.690,0.9629,0,0,0,0
1193.726,0.9629,0,0,0,0
1193.758,0.9629,0,0,0,0
1193.795,0.9629,0,0,0,0
1193.830,0.9629,0,0,0,0
1193.850,0.9629,0,0,0,0
1193.896,0.9629,0,0,0,0
1193.916,0.9629,0,0,0,0
1193.961,0.9629,0,0,0,0
1193.991,0.9629,0,0,0,0
1194.028,0.9629,0,0,0,0
1194.060,0.9629,0,0,0,0
1194.093,0.9629,0,0,0,0
1194.124,0.9629,0,0,0,0
1194.160,0.9629,0,0,0,0
1194.192,0.9629,0,0,0,0
1194.228,0.9629,0,0,0,0
1194.258,0.9629,0,0,0,0
1194.294,0.9629,0,0,0,0
1194.326,0.9629,0,0,0,0
1194.358,0.9629,0,0,0,0
1194.393,0.9629,0,0,0,0
1194.426,0.9629,0,0,0,0
1194.457,0.9629,0,0,0,0
1194.493,0.9629,0,0,0,0
1194.524,0.9629,0,0,0,0
1194.560,0.9629,0,0,0,0
1194.593,0.9629,0,0,0,0
1194.625,0.9629,0,0,0,0
1194.659,0.9629,0,0,0,0
1194.692,0.9629,0,0,0,0
1194.726,0.9629,0,0,0,0
1194.759,0.9629,0,0,0,0
1194.793,0.9629,0,0,0,0
1194.826,0.9629,0,0,0,0
1194.859,0.9629,0,0,0,0
1194.893,0.9629,0,0,0,0
1194.926,0.9629,0,0,0,0
1194.959,0.9629,0,0,0,0
1194.993,0.9629,0,0,0,0
1195.027,0.9629,0,0,0,0
1195.059,0.9629,0,0,0,0
1195.094,0.9629,0,0,0,0
1195.126,0.9629,0,0,0,0
1195.158,0.9629,0,0,0,0
1195.193,0.9629,0,0,0,0
1195.225,0.9629,0,0,0,0
1195.258,0.9629,0,0,0,0
1195.293,0.9629,0,0,0,0
1195.325,0.9629,0,0,0,0
1195.358,0.9629,0,0,0,0
1195.394,0.9629,0,0,0,0
1195.423,0.9629,0,0,0,0
1195.460,0.9629,0,0,0,0
1195.491,0.9629,0,0,0,0
1195.525,0.9629,0,0,0,0
1195.561,0.9629,0,0,0,0
1195.590,0.9629,0,0,0,0
1195.626,0.9629,0,0,0,0
1195.661,0.9629,0,0,0,0
1195.694,0.9629,0,0,0,0
1195.724,0.9629,0,0,0,0
1195.759,0.9629,0,0,0,0
1195.792,0.9629,0,0,0,0
1195.828,0.9629,0,0,0,0
1195.859,0.9629,0,0,0,0
1195.894,0.9629,0,0,0,0
1195.927,0.9629,0,0,0,0
1195.959,0.9629,0,0,0,0
1195.994,0.9629,0,0,0,0
1196.026,0.9629,0,0,0,0
1196.060,0.9629,0,0,0,0
1196.090,0.9629,0,0,0,0
1196.126,0.9629,0,0,0,0
1196.161,0.9629,0,0,0,0
1196.192,0.9629,0,0,0,0
1196.225,0.9629,0,0,0,0
1196.257,0.9629,0,0,0,0
1196.293,0.9629,0,0,0,0
1196.324,0.9629,0,0,0,0
1196.360,0.9629,0,0,0,0
1196.393,0.9629,0,0,0,0
1196.423,0.9629,0,0,0,0
1196.461,0.9629,0,0,0,0
1196.491,0.9629,0,0,0,0
1196.526,0.9629,0,0,0,0
1196.560,0.9629,0,0,0,0
1196.593,0.9629,0,0,0,0
1196.624,0.9629,0,0,0,0
1196.661,0.9629,0,0,0,0
1196.693,0.9629,0,0,0,0
1196.724,0.9629,0,0,0,0
1196.757,0.9629,0,0,0,0
1196.793,0.9629,0,0,0,0
1196.827,0.9629,0,0,0,0
1196.860,0.9629,0,0,0,0
1196.893,0.9629,0,0,0,0
1196.925,0.9629,0,0,0,0
1196.957,0.9629,0,0,0,0
1196.991,0.9629,0,0,0,0
1197.023,0.9629,0,0,0,0
1197.061,0.9629,0,0,0,0
1197.091,0.9629,0,0,0,0
1197.125,0.9629,0,0,0,0
1197.158,0.9629,0,0,0,0
1197.193,0.9629,0,0,0,0
1197.225,0.9629,0,0,0,0
1197.257,0.9629,0,0,0,0
1197.292,0.9629,0,0,0,0
1197.326,0.9629,0,0,0,0
1197.358,0.9629,0,0,0,0
1197.391,0.9629,0,0,0,0
1197.425,0.9629,0,0,0,0
1197.458,0.9629,0,0,0,0
1197.492,0.9629,0,0,0,0
1197.526,0.9629,0,0,0,0
1197.557,0.9629,0,0,0,0
1197.593,0.9629,0,0,0,0
1197.626,0.9629,0,0,0,0
1197.659,0.9629,0,0,0,0
1197.693,0.9629,0,0,0,0
1197.727,0.9629,0,0,0,0
1197.756,0.9629,0,0,0,0
1197.795,0.9629,0,0,0,0
1197.827,0.9629,0,0,0,0
1197.859,0.9629,0,0,0,0
1197.890,0.9629,0,0,0,0
1197.927,0.9629,0,0,0,0
1197.957,0.9629,0,0,0,0
1197.991,0.9629,0,0,0,0
1198.025,0.9629,0,0,0,0
1198.058,0.9629,0,0,0,0
1198.094,0.9629,0,0,0,0
1198.126,0.9629,0,0,0,0
1198.158,0.9629,0,0,0,0
1198.194,0.9629,0,0,0,0
1198.226,0.9629,0,0,0,0
1198.258,0.9629,0,0,0,0
1198.290,0.9629,0,0,0,0
1198.327,0.9629,0,0,0,0
1198.359,0.9629,0,0,0,0
1198.390,0.9629,0,0,0,0
1198.423,0.9629,0,0,0,0
1198.457,0.9629,0,0,0,0
1198.494,0.9629,0,0,0,0
1198.526,0.9629,0,0,0,0
1198.560,0.9629,0,0,0,0
1198.592,0.9629,0,0,0,0
1198.625,0.9629,0,0,0,0
1198.659,0.9629,0,0,0,0
1198.691,0.9629,0,0,0,0
1198.724,0.9629,0,0,0,0
1198.758,0.9629,0,0,0,0
1198.790,0.9629,0,0,0,0
1198.825,0.9629,0,0,0,0
1198.860,0.9629,0,0,0,0
1198.891,0.9629,0,0,0,0
1198.927,0.9629,0,0,0,0
1198.959,0.9629,0,0,0,0
1198.992,0.9629,0,0,0,0
1199.025,0.9629,0,0,0,0
1199.059,0.9629,0,0,0,0
1199.091,0.9629,0,0,0,0
1199.125,0.9629,0,0,0,0
1199.158,0.9629,0,0,0,0
1199.193,0.9629,0,0,0,0
1199.225,0.9629,0,0,0,0
1199.257,0.9629,0,0,0,0
1199.292,0.9629,0,0,0,0
1199.324,0.9629,0,0,0,0
1199.360,0.9629,0,0,0,0
1199.391,0.9629,0,0,0,0
1199.424,0.9629,0,0,0,0
1199.458,0.9629,0,0,0,0
1199.490,0.9629,0,0,0,0
1199.525,0.9629,0,0,0,0
1199.558,0.9629,0,0,0,0
1199.591,0.9629,0,0,0,0
1199.627,0.9629,0,0,0,0
1199.659,0.9629,0,0,0,0
1199.692,0.9629,0,0,0,0
1199.726,0.9629,0,0,0,0
1199.759,0.9629,0,0,0,0
1199.792,0.9629,0,0,0,0
1199.824,0.9629,0,0,0,0
1199.861,0.9629,0,0,0,0
1199.894,0.9629,0,0,0,0
1199.926,0.9629,0,0,0,0
1199.960,0.9629,0,0,0,0
1199.994,0.9629,0,0,0,0
1200.026,0.9629,0,0,0,0
1200.061,0.9629,0,0,0,0
1200.095,0.9629,0,0,0,0
1200.128,0.9629,0,0,0,0
1200.159,0.9629,0,0,0,0
1200.193,0.9629,0,0,0,0
1200.226,0.9629,0,0,0,0
1200.261,0.9629,0,0,0,0
1200.292,0.9629,0,0,0,0
1200.325,0.9629,0,0,0,0
1200.358,0.9629,0,0,0,0
1200.393,0.9629,0,0,0,0
1200.426,0.9629,0,0,0,0
1200.458,0.9629,0,0,0,0
1200.492,0.9629,0,0,0,0
1200.526,0.9629,0,0,0,0
1200.561,0.9629,0,0,0,0
1200.594,0.9629,0,0,0,0
1200.627,0.9629,0,0,0,0
1200.659,0.9629,0,0,0,0
1200.690,0.9629,0,0,0,0
1200.725,0.9629,0,0,0,0
1200.761,0.9629,0,0,0,0
1200.790,0.9629,0,0,0,0
1200.829,0.9629,0,0,0,0
1200.852,0.9629,0,0,0,0
1200.891,0.9629,0,0,0,0
1200.926,0.9629,0,0,0,0
1200.958,0.9629,0,0,0,0
1200.993,0.9629,0,0,0,0
1201.027,0.9629,0,0,0,0
1201.057,0.9629,0,0,0,0
1201.095,0.9629,0,0,0,0
1201.116,0.9629,0,0,0,0
1201.159,0.9629,0,0,0,0
1201.186,0.9629,0,0,0,0
1201.226,0.9629,0,0,0,0
1201.261,0.9629,0,0,0,0
1201.290,0.9629,0,0,0,0
1201.323,0.9629,0,0,0,0
1201.358,0.9629,0,0,0,0
1201.391,0.9629,0,0,0,0
1201.431,0.9629,0,0,0,0
1201.455,0.9629,0,0,0,0
1201.494,0.9629,0,0,0,0
1201.516,0.9629,0,0,0,0
1201.558,0.9629,0,0,0,0
1201.593,0.9629,0,0,0,0
1201.628,0.9629,0,0,0,0
1201.656,0.9629,0,0,0,0
1201.690,0.9629,0,0,0,0
1201.725,0.9629,0,0,0,0
1201.759,0.9629,0,0,0,0
1201.792,0.9629,0,0,0,0
1201.824,0.9629,0,0,0,0
1201.857,0.9629,0,0,0,0
1201.892,0.9629,0,0,0,0
1201.926,0.9629,0,0,0,0
1201.957,0.9629,0,0,0,0
1201.994,0.9629,0,0,0,0
1202.028,0.9629,0,0,0,0
1202.059,0.9629,0,0,0,0
1202.092,0.9629,0,0,0,0
1202.127,0.9629,0,0,0,0
1202.159,0.9629,0,0,0,0
1202.192,0.9629,0,0,0,0
1202.228,0.9629,0,0,0,0
1202.258,0.9629,0,0,0,0
1202.295,0.9629,0,0,0,0
1202.327,0.9629,0,0,0,0
1202.495,0.9629,0,0,0,0
1202.520,0.9629,0,0,0,0
1202.529,0.9629,0,0,0,0
1202.536,0.9629,0,0,0,0
1202.571,0.9629,0,0,0,0
1202.603,0.9629,0,0,0,0
1202.636,0.9629,0,0,0,0
1202.670,0.9629,0,0,0,0
1202.706,0.9629,0,0,0,0
1202.738,0.9629,0,0,0,0
1202.767,0.9629,0,0,0,0
1202.804,0.9629,0,0,0,0
1203.009,0.9629,0,0,0,0
1203.044,0.9629,0,0,0,0
1203.054,0.9629,0,0,0,0
1203.061,0.9629,0,0,0,0
1203.080,0.9629,0,0,0,0
1203.111,0.9629,0,0,0,0
1203.145,0.9629,0,0,0,0
1203.179,0.9629,0,0,0,0
1203.213,0.9629,0,0,0,0
1203.245,0.9629,0,0,0,0
1203.280,0.9629,0,0,0,0
1203.313,0.9629,0,0,0,0
1203.344,0.9629,0,0,0,0
1203.377,0.9629,0,0,0,0
1203.409,0.9629,0,0,0,0
1203.446,0.9629,0,0,0,0
1203.474,0.9629,0,0,0,0
1203.511,0.9629,0,0,0,0
1203.548,0.9629,0,0,0,0
1203.575,0.9629,0,0,0,0
1203.612,0.9629,0,0,0,0
1203.647,0.9629,0,0,0,0
1203.682,0.9629,0,0,0,0
1203.711,0.9629,0,0,0,0
1203.744,0.9629,0,0,0,0
1203.777,0.9629,0,0,0,0
1203.810,0.9629,0,0,0,0
1203.844,0.9629,0,0,0,0
1203.877,0.9629,0,0,0,0
1203.915,0.9629,0,0,0,0
1203.947,0.9629,0,0,0,0
1203.982,0.9629,0,0,0,0
1204.016,0.9629,0,0,0,0
1204.049,0.9629,0,0,0,0
1204.077,0.9629,0,0,0,0
1204.110,0.9629,0,0,0,0
1204.148,0.9629,0,0,0,0
1204.178,0.9629,0,0,0,0
1204.210,0.9629,0,0,0,0
1204.243,0.9629,0,0,0,0
1204.281,0.9629,0,0,0,0
1204.311,0.9629,0,0,0,0
1204.343,0.9629,0,0,0,0
1204.377,0.9629,0,0,0,0
1204.410,0.9629,0,0,0,0
1204.446,0.9629,0,0,0,0
1204.481,0.9629,0,0,0,0
1204.514,0.9629,0,0,0,0
1204.543,0.9629,0,0,0,0
1204.579,0.9629,0,0,0,0
1204.611,0.9629,0,0,0,0
1204.644,0.9629,0,0,0,0
1204.677,0.9629,0,0,0,0
1204.715,0.9629,0,0,0,0
1204.747,0.9629,0,0,0,0
1204.776,0.9629,0,0,0,0
1204.811,0.9629,0,0,0,0
1204.847,0.9629,0,0,0,0
1204.877,0.9629,0,0,0,0
1204.913,0.9629,0,0,0,0
1204.944,0.9629,0,0,0,0
1204.976,0.9629,0,0,0,0
1205.015,0.9629,0,0,0,0
1205.045,0.9629,0,0,0,0
1205.081,0.9629,0,0,0,0
1205.111,0.9629,0,0,0,0
1205.146,0.9629,0,0,0,0
1205.181,0.9629,0,0,0,0
1205.210,0.9629,0,0,0,0
1205.245,0.9629,0,0,0,0
1205.279,0.9629,0,0,0,0
1205.313,0.9629,0,0,0,0
1205.343,0.9629,0,0,0,0
1205.379,0.9629,0,0,0,0
1205.410,0.9629,0,0,0,0
1205.447,0.9629,0,0,0,0
1205.479,0.9629,0,0,0,0
1205.510,0.9629,0,0,0,0
1205.543,0.9629,0,0,0,0
1205.580,0.9629,0,0,0,0
1205.612,0.9629,0,0,0,0
1205.645,0.9629,0,0,0,0
1205.677,0.9629,0,0,0,0
1205.711,0.9629,0,0,0,0
1205.746,0.9629,0,0,0,0
1205.778,0.9629,0,0,0,0
1205.810,0.9629,0,0,0,0
1205.843,0.9629,0,0,0,0
1205.878,0.9629,0,0,0,0
1205.912,0.9629,0,0,0,0
1205.937,0.9629,0,0,0,0
1205.966,0.9629,0,0,0,0
1206.013,0.9629,0,0,0,0
1206.048,0.9629,0,0,0,0
1206.078,0.9629,0,0,0,0
1206.111,0.9629,0,0,0,0
1206.149,0.9629,0,0,0,0
1206.169,0.9629,0,0,0,0
1206.210,0.9629,0,0,0,0
1206.247,0.9629,0,0,0,0
1206.276,0.9629,0,0,0,0
1206.315,0.9629,0,0,0,0
1206.338,0.9629,0,0,0,0
1206.379,0.9629,0,0,0,0
1206.410,0.9629,0,0,0,0
1206.444,0.9629,0,0,0,0
1206.478,0.9629,0,0,0,0
1206.513,0.9629,0,0,0,0
1206.538,0.9629,0,0,0,0
1206.580,0.9629,0,0,0,0
1206.604,0.9629,0,0,0,0
1206.647,0.9629,0,0,0,0
1206.680,0.9629,0,0,0,0
1206.712,0.9629,0,0,0,0
1206.744,0.9629,0,0,0,0
1206.779,0.9629,0,0,0,0
1206.814,0.9629,0,0,0,0
1206.844,0.9629,0,0,0,0
1206.882,0.9629,0,0,0,0
1206.905,0.9629,0,0,0,0
1206.944,0.9629,0,0,0,0
1206.978,0.9629,0,0,0,0
1207.012,0.9629,0,0,0,0
1207.045,0.9629,0,0,0,0
1207.079,0.9629,0,0,0,0
1207.115,0.9629,0,0,0,0
1207.143,0.9629,0,0,0,0
1207.179,0.9629,0,0,0,0
1207.213,0.9629,0,0,0,0
1207.247,0.9629,0,0,0,0
1207.277,0.9629,0,0,0,0
1207.315,0.9629,0,0,0,0
1207.344,0.9629,0,0,0,0
1207.377,0.9629,0,0,0,0
1207.412,0.9629,0,0,0,0
1207.444,0.9629,0,0,0,0
1207.478,0.9629,0,0,0,0
1207.514,0.9629,0,0,0,0
1207.546,0.9629,0,0,0,0
1207.579,0.9629,0,0,0,0
1207.613,0.9629,0,0,0,0
1207.645,0.9629,0,0,0,0
1207.680,0.9629,0,0,0,0
1207.711,0.9629,0,0,0,0
1207.744,0.9629,0,0,0,0
1207.778,0.9629,0,0,0,0
1207.811,0.9629,0,0,0,0
1207.844,0.9629,0,0,0,0
1207.880,0.9629,0,0,0,0
1207.911,0.9629,0,0,0,0
1207.948,0.9629,0,0,0,0
1207.978,0.9629,0,0,0,0
1208.011,0.9629,0,0,0,0
1208.045,0.9629,0,0,0,0
1208.077,0.9629,0,0,0,0
1208.112,0.9629,0,0,0,0
1208.146,0.9629,0,0,0,0
1208.181,0.9629,0,0,0,0
1208.210,0.9629,0,0,0,0
1208.245,0.9629,0,0,0,0
1208.278,0.9629,0,0,0,0
1208.311,0.9629,0,0,0,0
1208.345,0.9629,0,0,0,0
1208.381,0.9629,0,0,0,0
1208.411,0.9629,0,0,0,0
1208.446,0.9629,0,0,0,0
1208.478,0.9629,0,0,0,0
1208.512,0.9629,0,0,0,0
1208.545,0.9629,0,0,0,0
1208.578,0.9629,0,0,0,0
1208.612,0.9629,0,0,0,0
1208.645,0.9629,0,0,0,0
1208.679,0.9629,0,0,0,0
1208.712,0.9629,0,0,0,0
1208.746,0.9629,0,0,0,0
1208.777,0.9629,0,0,0,0
1208.813,0.9629,0,0,0,0
1208.845,0.9629,0,0,0,0
1208.878,0.9629,0,0,0,0
1208.911,0.9629,0,0,0,0
1208.945,0.9629,0,0,0,0
1208.979,0.9629,0,0,0,0
1209.011,0.9629,0,0,0,0
1209.046,0.9629,0,0,0,0
1209.079,0.9629,0,0,0,0
1209.111,0.9629,0,0,0,0
1209.144,0.9629,0,0,0,0
1209.181,0.9629,0,0,0,0
1209.214,0.9629,0,0,0,0
1209.246,0.9629,0,0,0,0
1209.277,0.9629,0,0,0,0
1209.313,0.9629,0,0,0,0
1209.346,0.9629,0,0,0,0
1209.377,0.9629,0,0,0,0
1209.412,0.9629,0,0,0,0
1209.443,0.9629,0,0,0,0
1209.480,0.9629,0,0,0,0
1209.513,0.9629,0,0,0,0
1209.547,0.9629,0,0,0,0
1209.580,0.9629,0,0,0,0
1209.611,0.9629,0,0,0,0
1209.644,0.9629,0,0,0,0
1209.679,0.9629,0,0,0,0
1209.712,0.9629,0,0,0,0
1209.746,0.9629,0,0,0,0
1209.780,0.9629,0,0,0,0
1209.812,0.9629,0,0,0,0
1209.845,0.9629,0,0,0,0
1209.878,0.9629,0,0,0,0
1209.913,0.9629,0,0,0,0
1209.944,0.9629,0,0,0,0
1209.984,0.9629,0,0,0,0
1210.003,0.9629,0,0,0,0
1210.044,0.9629,0,0,0,0
1210.078,0.9629,0,0,0,0
1210.112,0.9629,0,0,0,0
1210.146,0.9629,0,0,0,0
1210.181,0.9629,0,0,0,0
1210.212,0.9629,0,0,0,0
1210.249,0.9629,0,0,0,0
1210.278,0.9629,0,0,0,0
1210.313,0.9629,0,0,0,0
1210.344,0.9629,0,0,0,0
1210.379,0.9629,0,0,0,0
1210.412,0.9629,0,0,0,0
1210.445,0.9629,0,0,0,0
1210.478,0.9629,0,0,0,0
1210.511,0.9629,0,0,0,0
1210.545,0.9629,0,0,0,0
1210.578,0.9629,0,0,0,0
1210.612,0.9629,0,0,0,0
1210.644,0.9629,0,0,0,0
1210.680,0.9629,0,0,0,0
1210.711,0.9629,0,0,0,0
1210.744,0.9629,0,0,0,0
1210.779,0.9629,0,0,0,0
1210.811,0.9629,0,0,0,0
1210.848,0.9629,0,0,0,0
1210.878,0.9629,0,0,0,0
1210.910,0.9629,0,0,0,0
1210.947,0.9629,0,0,0,0
1210.978,0.9629,0,0,0,0
1211.012,0.9629,0,0,0,0
1211.047,0.9629,0,0,0,0
1211.081,0.9629,0,0,0,0
1211.110,0.9629,0,0,0,0
1211.144,0.9629,0,0,0,0
1211.180,0.9629,0,0,0,0
1211.212,0.9629,0,0,0,0
1211.245,0.9629,0,0,0,0
1211.280,0.9629,0,0,0,0
1211.312,0.9629,0,0,0,0
1211.346,0.9629,0,0,0,0
1211.380,0.9629,0,0,0,0
1211.412,0.9629,0,0,0,0
1211.446,0.9629,0,0,0,0
1211.480,0.9629,0,0,0,0
1211.513,0.9629,0,0,0,0
1211.550,0.9629,0,0,0,0
1211.580,0.9629,0,0,0,0
1211.613,0.9629,0,0,0,0
1211.647,0.9629,0,0,0,0
1211.680,0.9629,0,0,0,0
1211.713,0.9629,0,0,0,0
1211.744,0.9629,0,0,0,0
1211.779,0.9629,0,0,0,0
1211.811,0.9629,0,0,0,0
1211.845,0.9629,0,0,0,0
1211.879,0.9629,0,0,0,0
1211.912,0.9629,0,0,0,0
1211.944,0.9629,0,0,0,0
1211.978,0.9629,0,0,0,0
1212.014,0.9629,0,0,0,0
1212.047,0.9629,0,0,0,0
1212.080,0.9629,0,0,0,0
1212.114,0.9629,0,0,0,0
1212.146,0.9629,0,0,0,0
1212.180,0.9629,0,0,0,0
1212.212,0.9629,0,0,0,0
1212.246,0.9629,0,0,0,0
1212.279,0.9629,0,0,0,0
1212.313,0.9629,0,0,0,0
1212.346,0.9629,0,0,0,0
1212.379,0.9629,0,0,0,0
1212.412,0.9629,0,0,0,0
1212.446,0.9629,0,0,0,0
1212.481,0.9629,0,0,0,0
1212.512,0.9629,0,0,0,0
1212.544,0.9629,0,0,0,0
1212.581,0.9629,0,0,0,0
1212.612,0.9629,0,0,0,0
1212.647,0.9629,0,0,0,0
1212.678,0.9629,0,0,0,0
1212.713,0.9629,0,0,0,0
1212.744,0.9629,0,0,0,0
1212.779,0.9629,0,0,0,0
1212.814,0.9629,0,0,0,0
1212.844,0.9629,0,0,0,0
1212.888,0.9629,0,0,0,0
1212.906,0.9629,0,0,0,0
1212.947,0.9629,0,0,0,0
1212.979,0.9629,0,0,0,0
1213.014,0.9629,0,0,0,0
1213.046,0.9629,0,0,0,0
1213.077,0.9629,0,0,0,0
1213.111,0.9629,0,0,0,0
1213.147,0.9629,0,0,0,0
1213.179,0.9629,0,0,0,0
1213.213,0.9629,0,0,0,0
1213.247,0.9629,0,0,0,0
1213.282,0.9629,0,0,0,0
1213.311,0.9629,0,0,0,0
1213.343,0.9629,0,0,0,0
1213.377,0.9629,0,0,0,0
1213.412,0.9629,0,0,0,0
1213.447,0.9629,0,0,0,0
1213.475,0.9629,0,0,0,0
1213.511,0.9629,0,0,0,0
1213.546,0.9629,0,0,0,0
1213.578,0.9629,0,0,0,0
1213.611,0.9629,0,0,0,0
1213.644,0.9629,0,0,0,0
1213.681,0.9629,0,0,0,0
1213.715,0.9629,0,0,0,0
1213.745,0.9629,0,0,0,0
1213.777,0.9629,0,0,0,0
1213.982,0.9629,0,0,0,0
1214.017,0.9629,0,0,0,0
1214.051,0.9629,0,0,0,0
1214.084,0.9629,0,0,0,0
1214.117,0.9629,0,0,0,0
1214.152,0.9629,0,0,0,0
1214.188,0.9629,0,0,0,0
1214.221,0.9629,0,0,0,0
1214.251,0.9629,0,0,0,0
1214.284,0.9629,0,0,0,0
1214.324,0.9629,0,0,0,0
1214.351,0.9629,0,0,0,0
1214.383,0.9629,0,0,0,0
1214.418,0.9629,0,0,0,0
1214.453,0.9629,0,0,0,0
1214.485,0.9629,0,0,0,0
1214.526,0.9629,0,0,0,0
1214.553,0.9629,0,0,0,0
1214.590,0.9629,0,0,0,0
1214.624,0.9629,0,0,0,0
1214.656,0.9629,0,0,0,0
1214.687,0.9629,0,0,0,0
1214.716,0.9629,0,0,0,0
1214.755,0.9629,0,0,0,0
1214.783,0.9629,0,0,0,0
1214.821,0.9629,0,0,0,0
1214.856,0.9629,0,0,0,0
1214.886,0.9629,0,0,0,0
1214.921,0.9629,0,0,0,0
1214.951,0.9629,0,0,0,0
1214.988,0.9629,0,0,0,0
1215.025,0.9629,0,0,0,0
1215.055,0.9629,0,0,0,0
1215.086,0.9629,0,0,0,0
1215.122,0.9629,0,0,0,0
1215.152,0.9629,0,0,0,0
1215.189,0.9629,0,0,0,0
1215.220,0.9629,0,0,0,0
1215.256,0.9629,0,0,0,0
1215.286,0.9629,0,0,0,0
1215.320,0.9629,0,0,0,0
1215.354,0.9629,0,0,0,0
1215.388,0.9629,0,0,0,0
1215.420,0.9629,0,0,0,0
1215.453,0.9629,0,0,0,0
1215.486,0.9629,0,0,0,0
1215.520,0.9629,0,0,0,0
1215.553,0.9629,0,0,0,0
1215.587,0.9629,0,0,0,0
1215.621,0.9629,0,0,0,0
1215.654,0.9629,0,0,0,0
1215.689,0.9629,0,0,0,0
1215.717,0.9629,0,0,0,0
1215.751,0.9629,0,0,0,0
1215.785,0.9629,0,0,0,0
1215.818,0.9629,0,0,0,0
1215.851,0.9629,0,0,0,0
1215.885,0.9629,0,0,0,0
1215.920,0.9629,0,0,0,0
1215.952,0.9629,0,0,0,0
1215.985,0.9629,0,0,0,0
1216.020,0.9629,0,0,0,0
1216.055,0.9629,0,0,0,0
1216.084,0.9629,0,0,0,0
1216.120,0.9629,0,0,0,0
1216.154,0.9629,0,0,0,0
1216.183,0.9629,0,0,0,0
1216.218,0.9629,0,0,0,0
1216.252,0.9629,0,0,0,0
1216.286,0.9629,0,0,0,0
1216.319,0.9629,0,0,0,0
1216.352,0.9629,0,0,0,0
1216.385,0.9629,0,0,0,0
1216.417,0.9629,0,0,0,0
1216.450,0.9629,0,0,0,0
1216.488,0.9629,0,0,0,0
1216.521,0.9629,0,0,0,0
1216.555,0.9629,0,0,0,0
1216.588,0.9629,0,0,0,0
1216.622,0.9629,0,0,0,0
1216.650,0.9629,0,0,0,0
1216.688,0.9629,0,0,0,0
1216.717,0.9629,0,0,0,0
1216.755,0.9629,0,0,0,0
1216.784,0.9629,0,0,0,0
1216.820,0.9629,0,0,0,0
1216.851,0.9629,0,0,0,0
1216.887,0.9629,0,0,0,0
1216.918,0.9629,0,0,0,0
1216.953,0.9629,0,0,0,0
1216.983,0.9629,0,0,0,0
1217.019,0.9629,0,0,0,0
1217.052,0.9629,0,0,0,0
1217.088,0.9629,0,0,0,0
1217.121,0.9629,0,0,0,0
1217.153,0.9629,0,0,0,0
1217.184,0.9629,0,0,0,0
1217.218,0.9629,0,0,0,0
1217.251,0.9629,0,0,0,0
1217.283,0.9629,0,0,0,0
1217.320,0.9629,0,0,0,0
1217.351,0.9629,0,0,0,0
1217.387,0.9629,0,0,0,0
1217.421,0.9629,0,0,0,0
1217.454,0.9629,0,0,0,0
1217.488,0.9629,0,0,0,0
1217.522,0.9629,0,0,0,0
1217.553,0.9629,0,0,0,0
1217.584,0.9629,0,0,0,0
1217.620,0.9629,0,0,0,0
1217.651,0.9629,0,0,0,0
1217.687,0.9629,0,0,0,0
1217.721,0.9629,0,0,0,0
1217.755,0.9629,0,0,0,0
1217.784,0.9629,0,0,0,0
1217.820,0.9629,0,0,0,0
1217.852,0.9629,0,0,0,0
1217.888,0.9629,0,0,0,0
1217.918,0.9629,0,0,0,0
1217.954,0.9629,0,0,0,0
1217.984,0.9629,0,0,0,0
1218.020,0.9629,0,0,0,0
1218.056,0.9629,0,0,0,0
1218.084,0.9629,0,0,0,0
1218.120,0.9629,0,0,0,0
1218.152,0.9629,0,0,0,0
1218.188,0.9629,0,0,0,0
1218.220,0.9629,0,0,0,0
1218.250,0.9629,0,0,0,0
1218.285,0.9629,0,0,0,0
1218.318,0.9629,0,0,0,0
1218.352,0.9629,0,0,0,0
1218.386,0.9629,0,0,0,0
1218.421,0.9629,0,0,0,0
1218.453,0.9629,0,0,0,0
1218.490,0.9629,0,0,0,0
1218.520,0.9629,0,0,0,0
1218.553,0.9629,0,0,0,0
1218.584,0.9629,0,0,0,0
1218.619,0.9629,0,0,0,0
1218.652,0.9629,0,0,0,0
1218.687,0.9629,0,0,0,0
1218.717,0.9629,0,0,0,0
1218.751,0.9629,0,0,0,0
1218.785,0.9629,0,0,0,0
1218.826,0.9629,0,0,0,0
1218.845,0.9629,0,0,0,0
1218.884,0.9629,0,0,0,0
1218.919,0.9629,0,0,0,0
1218.952,0.9629,0,0,0,0
1218.988,0.9629,0,0,0,0
1219.019,0.9629,0,0,0,0
1219.054,0.9629,0,0,0,0
1219.086,0.9629,0,0,0,0
1219.119,0.9629,0,0,0,0
1219.153,0.9629,0,0,0,0
1219.204,0.9629,0,0,0,0
1219.224,0.9629,0,0,0,0
1219.250,0.9629,0,0,0,0
1219.287,0.9629,0,0,0,0
1219.320,0.9629,0,0,0,0
1219.353,0.9629,0,0,0,0
1219.385,0.9629,0,0,0,0
1219.420,0.9629,0,0,0,0
1219.454,0.9629,0,0,0,0
1219.486,0.9629,0,0,0,0
1219.520,0.9629,0,0,0,0
1219.552,0.9629,0,0,0,0
1219.587,0.9629,0,0,0,0
1219.620,0.9629,0,0,0,0
1219.653,0.9629,0,0,0,0
1219.687,0.9629,0,0,0,0
1219.719,0.9629,0,0,0,0
1219.752,0.9629,0,0,0,0
1219.783,0.9629,0,0,0,0
1219.818,0.9629,0,0,0,0
1219.852,0.9629,0,0,0,0
1219.884,0.9629,0,0,0,0
1219.918,0.9629,0,0,0,0
1219.951,0.9629,0,0,0,0
1219.988,0.9629,0,0,0,0
1220.021,0.9629,0,0,0,0
1220.052,0.9629,0,0,0,0
1220.086,0.9629,0,0,0,0
1220.109,0.9629,0,0,0,0
1220.153,0.9629,0,0,0,0
1220.181,0.9629,0,0,0,0
1220.208,0.9629,0,0,0,0
1220.394,0.9629,0,0,0,0
1220.434,0.9629,0,0,0,0
1220.473,0.9629,0,0,0,0
1220.505,0.9629,0,0,0,0
1220.539,0.9629,0,0,0,0
1220.573,0.9629,0,0,0,0
1220.604,0.9629,0,0,0,0
1220.639,0.9629,0,0,0,0
1220.671,0.9629,0,0,0,0
1220.705,0.9629,0,0,0,0
1220.738,0.9629,0,0,0,0
1220.774,0.9629,0,0,0,0
1220.805,0.9629,0,0,0,0
1220.837,0.9629,0,0,0,0
1220.872,0.9629,0,0,0,0
1220.907,0.9629,0,0,0,0
1220.942,0.9629,0,0,0,0
1220.969,0.9629,0,0,0,0
1221.006,0.9629,0,0,0,0
1221.036,0.9629,0,0,0,0
1221.070,0.9629,0,0,0,0
1221.105,0.9629,0,0,0,0
1221.139,0.9629,0,0,0,0
1221.170,0.9629,0,0,0,0
1221.205,0.9629,0,0,0,0
1221.237,0.9629,0,0,0,0
1221.270,0.9629,0,0,0,0
1221.306,0.9629,0,0,0,0
1221.338,0.9629,0,0,0,0
1221.373,0.9629,0,0,0,0
1221.406,0.9629,0,0,0,0
1221.439,0.9629,0,0,0,0
1221.474,0.9629,0,0,0,0
1221.503,0.9629,0,0,0,0
1221.540,0.9629,0,0,0,0
1221.573,0.9629,0,0,0,0
1221.603,0.9629,0,0,0,0
1221.638,0.9629,0,0,0,0
1221.671,0.9629,0,0,0,0
1221.707,0.9629,0,0,0,0
1221.740,0.9629,0,0,0,0
1221.771,0.9629,0,0,0,0
1221.804,0.9629,0,0,0,0
1221.837,0.9629,0,0,0,0
1221.872,0.9629,0,0,0,0
1221.905,0.9629,0,0,0,0
1221.940,0.9629,0,0,0,0
1221.972,0.9629,0,0,0,0
1222.007,0.9629,0,0,0,0
1222.037,0.9629,0,0,0,0
1222.071,0.9629,0,0,0,0
1222.103,0.9629,0,0,0,0
1222.137,0.9629,0,0,0,0
1222.174,0.9629,0,0,0,0
1222.207,0.9629,0,0,0,0
1222.236,0.9629,0,0,0,0
1222.270,0.9629,0,0,0,0
1222.308,0.9629,0,0,0,0
1222.338,0.9629,0,0,0,0
1222.371,0.9629,0,0,0,0
1222.407,0.9629,0,0,0,0
1222.439,0.9629,0,0,0,0
1222.472,0.9629,0,0,0,0
1222.505,0.9629,0,0,0,0
1222.541,0.9629,0,0,0,0
1222.570,0.9629,0,0,0,0
1222.603,0.9629,0,0,0,0
1222.638,0.9629,0,0,0,0
1222.674,0.9629,0,0,0,0
1222.705,0.9629,0,0,0,0
1222.740,0.9629,0,0,0,0
1222.770,0.9629,0,0,0,0
1222.803,0.9629,0,0,0,0
1222.839,0.9629,0,0,0,0
1222.873,0.9629,0,0,0,0
1222.907,0.9629,0,0,0,0
1222.940,0.9629,0,0,0,0
1222.972,0.9629,0,0,0,0
1223.003,0.9629,0,0,0,0
1223.039,0.9629,0,0,0,0
1223.071,0.9629,0,0,0,0
1223.105,0.9629,0,0,0,0
1223.139,0.9629,0,0,0,0
1223.170,0.9629,0,0,0,0
1223.204,0.9629,0,0,0,0
1223.238,0.9629,0,0,0,0
1223.270,0.9629,0,0,0,0
1223.304,0.9629,0,0,0,0
1223.339,0.9629,0,0,0,0
1223.371,0.9629,0,0,0,0
1223.405,0.9629,0,0,0,0
1223.441,0.9629,0,0,0,0
1223.470,0.9629,0,0,0,0
1223.503,0.9629,0,0,0,0
1223.539,0.9629,0,0,0,0
1223.572,0.9629,0,0,0,0
1223.603,0.9629,0,0,0,0
1223.639,0.9629,0,0,0,0
1223.676,0.9629,0,0,0,0
1223.706,0.9629,0,0,0,0
1223.736,0.9629,0,0,0,0
1223.770,0.9629,0,0,0,0
1223.804,0.9629,0,0,0,0
1223.841,0.9629,0,0,0,0
1223.871,0.9629,0,0,0,0
1223.905,0.9629,0,0,0,0
1223.937,0.9629,0,0,0,0
1223.971,0.9629,0,0,0,0
1224.003,0.9629,0,0,0,0
1224.037,0.9629,0,0,0,0
1224.074,0.9629,0,0,0,0
1224.103,0.9629,0,0,0,0
1224.139,0.9629,0,0,0,0
1224.173,0.9629,0,0,0,0
1224.208,0.9629,0,0,0,0
1224.238,0.9629,0,0,0,0
1224.270,0.9629,0,0,0,0
1224.303,0.9629,0,0,0,0
1224.339,0.9629,0,0,0,0
1224.371,0.9629,0,0,0,0
1224.407,0.9629,0,0,0,0
1224.439,0.9629,0,0,0,0
1224.474,0.9629,0,0,0,0
1224.503,0.9629,0,0,0,0
1224.540,0.9629,0,0,0,0
1224.572,0.9629,0,0,0,0
1224.607,0.9629,0,0,0,0
1224.637,0.9629,0,0,0,0
1224.670,0.9629,0,0,0,0
1224.704,0.9629,0,0,0,0
1224.738,0.9629,0,0,0,0
1224.772,0.9629,0,0,0,0
1224.805,0.9629,0,0,0,0
1224.836,0.9629,0,0,0,0
1224.873,0.9629,0,0,0,0
1224.904,0.9629,0,0,0,0
1224.938,0.9629,0,0,0,0
1224.971,0.9629,0,0,0,0
1225.005,0.9629,0,0,0,0
1225.038,0.9629,0,0,0,0
1225.069,0.9629,0,0,0,0
1225.104,0.9629,0,0,0,0
1225.139,0.9629,0,0,0,0
1225.172,0.9629,0,0,0,0
1225.203,0.9629,0,0,0,0
1225.236,0.9629,0,0,0,0
1225.273,0.9629,0,0,0,0
1225.303,0.9629,0,0,0,0
1225.340,0.9629,0,0,0,0
1225.370,0.9629,0,0,0,0
1225.406,0.9629,0,0,0,0
1225.440,0.9629,0,0,0,0
1225.470,0.9629,0,0,0,0
1225.505,0.9629,0,0,0,0
1225.539,0.9629,0,0,0,0
1225.573,0.9629,0,0,0,0
1225.605,0.9629,0,0,0,0
1225.636,0.9629,0,0,0,0
1225.672,0.9629,0,0,0,0
1225.706,0.9629,0,0,0,0
1225.739,0.9629,0,0,0,0
1225.774,0.9629,0,0,0,0
1225.808,0.9629,0,0,0,0
1225.829,0.9629,0,0,0,0
1225.875,0.9629,0,0,0,0
1225.900,0.9629,0,0,0,0
1225.933,0.9629,0,0,0,0
1225.969,0.9629,0,0,0,0
1226.003,0.9629,0,0,0,0
1226.038,0.9629,0,0,0,0
1226.074,0.9629,0,0,0,0
1226.104,0.9629,0,0,0,0
1226.137,0.9629,0,0,0,0
1226.171,0.9629,0,0,0,0
1226.205,0.9629,0,0,0,0
1226.238,0.9629,0,0,0,0
1226.271,0.9629,0,0,0,0
1226.305,0.9629,0,0,0,0
1226.337,0.9629,0,0,0,0
1226.369,0.9629,0,0,0,0
1226.405,0.9629,0,0,0,0
1226.440,0.9629,0,0,0,0
1226.473,0.9629,0,0,0,0
1226.504,0.9629,0,0,0,0
1226.539,0.9629,0,0,0,0
1226.573,0.9629,0,0,0,0
1226.605,0.9629,0,0,0,0
1226.641,0.9629,0,0,0,0
1226.672,0.9629,0,0,0,0
1226.708,0.9629,0,0,0,0
1226.738,0.9629,0,0,0,0
1226.773,0.9629,0,0,0,0
1226.806,0.9629,0,0,0,0
1226.837,0.9629,0,0,0,0
1226.871,0.9629,0,0,0,0
1226.907,0.9629,0,0,0,0
1226.940,0.9629,0,0,0,0
1226.976,0.9629,0,0,0,0
1227.006,0.9629,0,0,0,0
1227.037,0.9629,0,0,0,0
1227.072,0.9629,0,0,0,0
1227.105,0.9629,0,0,0,0
1227.141,0.9629,0,0,0,0
1227.170,0.9629,0,0,0,0
1227.205,0.9629,0,0,0,0
1227.240,0.9629,0,0,0,0
1227.273,0.9629,0,0,0,0
1227.306,0.9629,0,0,0,0
1227.337,0.9629,0,0,0,0
1227.373,0.9629,0,0,0,0
1227.407,0.9629,0,0,0,0
1227.438,0.9629,0,0,0,0
1227.474,0.9629,0,0,0,0
1227.509,0.9629,0,0,0,0
1227.538,0.9629,0,0,0,0
1227.570,0.9629,0,0,0,0
1227.607,0.9629,0,0,0,0
1227.639,0.9629,0,0,0,0
1227.669,0.9629,0,0,0,0
1227.703,0.9629,0,0,0,0
1227.741,0.9629,0,0,0,0
1227.773,0.9629,0,0,0,0
1227.804,0.9629,0,0,0,0
1227.838,0.9629,0,0,0,0
1227.873,0.9629,0,0,0,0
1227.904,0.9629,0,0,0,0
1227.937,0.9629,0,0,0,0
1227.972,0.9629,0,0,0,0
1228.007,0.9629,0,0,0,0
1228.037,0.9629,0,0,0,0
1228.070,0.9629,0,0,0,0
1228.104,0.9629,0,0,0,0
1228.141,0.9629,0,0,0,0
1228.172,0.9629,0,0,0,0
1228.206,0.9629,0,0,0,0
1228.240,0.9629,0,0,0,0
1228.271,0.9629,0,0,0,0
1228.305,0.9629,0,0,0,0
1228.339,0.9629,0,0,0,0
1228.371,0.9629,0,0,0,0
1228.402,0.9629,0,0,0,0
1228.440,0.9629,0,0,0,0
1228.470,0.9629,0,0,0,0
1228.507,0.9629,0,0,0,0
1228.537,0.9629,0,0,0,0
1228.573,0.9629,0,0,0,0
1228.605,0.9629,0,0,0,0
1228.635,0.9629,0,0,0,0
1228.673,0.9629,0,0,0,0
1228.703,0.9629,0,0,0,0
1228.737,0.9629,0,0,0,0
1228.769,0.9629,0,0,0,0
1228.807,0.9629,0,0,0,0
1228.836,0.9629,0,0,0,0
1228.873,0.9629,0,0,0,0
1228.905,0.9629,0,0,0,0
1228.936,0.9629,0,0,0,0
1228.970,0.9629,0,0,0,0
1229.003,0.9629,0,0,0,0
1229.038,0.9629,0,0,0,0
1229.071,0.9629,0,0,0,0
1229.105,0.9629,0,0,0,0
1229.140,0.9629,0,0,0,0
1229.173,0.9629,0,0,0,0
1229.206,0.9629,0,0,0,0
1229.241,0.9629,0,0,0,0
1229.271,0.9629,0,0,0,0
1229.303,0.9629,0,0,0,0
1229.336,0.9629,0,0,0,0
1229.372,0.9629,0,0,0,0
1229.403,0.9629,0,0,0,0
1229.438,0.9629,0,0,0,0
1229.470,0.9629,0,0,0,0
1229.505,0.9629,0,0,0,0
1229.539,0.9629,0,0,0,0
1229.570,0.9629,0,0,0,0
1229.606,0.9629,0,0,0,0
1229.639,0.9629,0,0,0,0
1229.671,0.9629,0,0,0,0
1229.706,0.9629,0,0,0,0
1229.736,0.9629,0,0,0,0
1229.773,0.9629,0,0,0,0
1229.804,0.9629,0,0,0,0
1229.838,0.9629,0,0,0,0
1229.871,0.9629,0,0,0,0
1229.906,0.9629,0,0,0,0
1229.938,0.9629,0,0,0,0
1229.971,0.9629,0,0,0,0
1230.004,0.9629,0,0,0,0
1230.037,0.9629,0,0,0,0
1230.072,0.9629,0,0,0,0
1230.104,0.9629,0,0,0,0
1230.138,0.9629,0,0,0,0
1230.172,0.9629,0,0,0,0
1230.205,0.9629,0,0,0,0
1230.241,0.9629,0,0,0,0
1230.274,0.9629,0,0,0,0
1230.296,0.9629,0,0,0,0
1230.339,0.9629,0,0,0,0
1230.373,0.9629,0,0,0,0
1230.404,0.9629,0,0,0,0
1230.440,0.9629,0,0,0,0
1230.469,0.9629,0,0,0,0
1230.506,0.9629,0,0,0,0
1230.538,0.9629,0,0,0,0
1230.574,0.9629,0,0,0,0
1230.603,0.9629,0,0,0,0
1230.638,0.9629,0,0,0,0
1230.671,0.9629,0,0,0,0
1230.706,0.9629,0,0,0,0
1230.739,0.9629,0,0,0,0
1230.772,0.9629,0,0,0,0
1230.806,0.9629,0,0,0,0
1230.838,0.9629,0,0,0,0
1230.872,0.9629,0,0,0,0
1230.903,0.9629,0,0,0,0
1230.940,0.9629,0,0,0,0
1230.972,0.9629,0,0,0,0
1231.004,0.9629,0,0,0,0
1231.040,0.9629,0,0,0,0
1231.073,0.9629,0,0,0,0
1231.104,0.9629,0,0,0,0
1231.139,0.9629,0,0,0,0
1231.174,0.9629,0,0,0,0
1231.206,0.9629,0,0,0,0
1231.236,0.9629,0,0,0,0
1231.270,0.9629,0,0,0,0
1231.308,0.9629,0,0,0,0
1231.340,0.9629,0,0,0,0
1231.373,0.9629,0,0,0,0
1231.407,0.9629,0,0,0,0
1231.437,0.9629,0,0,0,0
1231.469,0.9629,0,0,0,0
1231.503,0.9629,0,0,0,0
1231.537,0.9629,0,0,0,0
1231.574,0.9629,0,0,0,0
1231.604,0.9629,0,0,0,0
1231.640,0.9629,0,0,0,0
1231.672,0.9629,0,0,0,0
1231.704,0.9629,0,0,0,0
1231.738,0.9629,0,0,0,0
1231.774,0.9629,0,0,0,0
1231.807,0.9629,0,0,0,0
1231.836,0.9629,0,0,0,0
1231.871,0.9629,0,0,0,0
1231.903,0.9629,0,0,0,0
1231.937,0.9629,0,0,0,0
1231.971,0.9629,0,0,0,0
1232.004,0.9629,0,0,0,0
1232.039,0.9629,0,0,0,0
1232.072,0.9629,0,0,0,0
1232.104,0.9629,0,0,0,0
1232.139,0.9629,0,0,0,0
1232.170,0.9629,0,0,0,0
1232.204,0.9629,0,0,0,0
1232.241,0.9629,0,0,0,0
1232.271,0.9629,0,0,0,0
1232.303,0.9629,0,0,0,0
1232.340,0.9629,0,0,0,0
1232.374,0.9629,0,0,0,0
1232.407,0.9629,0,0,0,0
1232.441,0.9629,0,0,0,0
1232.472,0.9629,0,0,0,0
1232.508,0.9629,0,0,0,0
1232.539,0.9629,0,0,0,0
1232.573,0.9629,0,0,0,0
1232.603,0.9629,0,0,0,0
1232.638,0.9629,0,0,0,0
1232.672,0.9629,0,0,0,0
1232.703,0.9629,0,0,0,0
1232.740,0.9629,0,0,0,0
1232.770,0.9629,0,0,0,0
1232.807,0.9629,0,0,0,0
1232.838,0.9629,0,0,0,0
1232.873,0.9629,0,0,0,0
1232.904,0.9629,0,0,0,0
1232.941,0.9629,0,0,0,0
1232.974,0.9629,0,0,0,0
1233.007,0.9629,0,0,0,0
1233.038,0.9629,0,0,0,0
1233.070,0.9629,0,0,0,0
1233.106,0.9629,0,0,0,0
1233.140,0.9629,0,0,0,0
1233.171,0.9629,0,0,0,0
1233.206,0.9629,0,0,0,0
1233.240,0.9629,0,0,0,0
1233.276,0.9629,0,0,0,0
1233.303,0.9629,0,0,0,0
1233.338,0.9629,0,0,0,0
1233.370,0.9629,0,0,0,0
1233.407,0.9629,0,0,0,0
1233.439,0.9629,0,0,0,0
1233.471,0.9629,0,0,0,0
1233.508,0.9629,0,0,0,0
1233.536,0.9629,0,0,0,0
1233.573,0.9629,0,0,0,0
1233.607,0.9629,0,0,0,0
1233.639,0.9629,0,0,0,0
1233.675,0.9629,0,0,0,0
1233.705,0.9629,0,0,0,0
1233.736,0.9629,0,0,0,0
1233.771,0.9629,0,0,0,0
1233.803,0.9629,0,0,0,0
1233.839,0.9629,0,0,0,0
1233.870,0.9629,0,0,0,0
1233.904,0.9629,0,0,0,0
1233.936,0.9629,0,0,0,0
1233.971,0.9629,0,0,0,0
1234.006,0.9629,0,0,0,0
1234.039,0.9629,0,0,0,0
1234.072,0.9629,0,0,0,0
1234.103,0.9629,0,0,0,0
1234.136,0.9629,0,0,0,0
1234.172,0.9629,0,0,0,0
1234.207,0.9629,0,0,0,0
1234.240,0.9629,0,0,0,0
1234.271,0.9629,0,0,0,0
1234.306,0.9629,0,0,0,0
1234.337,0.9629,0,0,0,0
1234.372,0.9629,0,0,0,0
1234.406,0.9629,0,0,0,0
1234.438,0.9629,0,0,0,0
1234.474,0.9629,0,0,0,0
1234.503,0.9629,0,0,0,0
1234.536,0.9629,0,0,0,0
1234.574,0.9629,0,0,0,0
1234.607,0.9629,0,0,0,0
1234.640,0.9629,0,0,0,0
1234.672,0.9629,0,0,0,0
1234.704,0.9629,0,0,0,0
1234.739,0.9629,0,0,0,0
1234.773,0.9629,0,0,0,0
1234.806,0.9629,0,0,0,0
1234.836,0.9629,0,0,0,0
1234.872,0.9629,0,0,0,0
1234.903,0.9629,0,0,0,0
1234.937,0.9629,0,0,0,0
1234.972,0.9629,0,0,0,0
1235.005,0.9629,0,0,0,0
1235.038,0.9629,0,0,0,0
1235.072,0.9629,0,0,0,0
1235.106,0.9629,0,0,0,0
1235.141,0.9629,0,0,0,0
1235.169,0.9629,0,0,0,0
1235.205,0.9629,0,0,0,0
1235.239,0.9629,0,0,0,0
1235.271,0.9629,0,0,0,0
1235.304,0.9629,0,0,0,0
1235.339,0.9629,0,0,0,0
1235.370,0.9629,0,0,0,0
1235.405,0.9629,0,0,0,0
1235.439,0.9629,0,0,0,0
1235.473,0.9629,0,0,0,0
1235.504,0.9629,0,0,0,0
1235.539,0.9629,0,0,0,0
1235.572,0.9629,0,0,0,0
1235.605,0.9629,0,0,0,0
1235.639,0.9629,0,0,0,0
1235.671,0.9629,0,0,0,0
1235.704,0.9629,0,0,0,0
1235.740,0.9629,0,0,0,0
1235.770,0.9629,0,0,0,0
1235.808,0.9629,0,0,0,0
1235.839,0.9629,0,0,0,0
1235.872,0.9629,0,0,0,0
1235.908,0.9629,0,0,0,0
1235.938,0.9629,0,0,0,0
1235.973,0.9629,0,0,0,0
1236.004,0.9629,0,0,0,0
1236.036,0.9629,0,0,0,0
1236.071,0.9629,0,0,0,0
1236.107,0.9629,0,0,0,0
1236.138,0.9629,0,0,0,0
1236.171,0.9629,0,0,0,0
1236.203,0.9629,0,0,0,0
1236.237,0.9629,0,0,0,0
1236.274,0.9629,0,0,0,0
1236.304,0.9629,0,0,0,0
1236.340,0.9629,0,0,0,0
1236.373,0.9629,0,0,0,0
1236.406,0.9629,0,0,0,0
1236.436,0.9629,0,0,0,0
1236.473,0.9629,0,0,0,0
1236.505,0.9629,0,0,0,0
1236.537,0.9629,0,0,0,0
1236.573,0.9629,0,0,0,0
1236.603,0.9629,0,0,0,0
1236.639,0.9629,0,0,0,0
1236.671,0.9629,0,0,0,0
1236.705,0.9629,0,0,0,0
1236.736,0.9629,0,0,0,0
1236.772,0.9629,0,0,0,0
1236.804,0.9629,0,0,0,0
1236.836,0.9629,0,0,0,0
1236.871,0.9629,0,0,0,0
1236.905,0.9629,0,0,0,0
1236.939,0.9629,0,0,0,0
1236.971,0.9629,0,0,0,0
1237.004,0.9629,0,0,0,0
1237.038,0.9629,0,0,0,0
1237.072,0.9629,0,0,0,0
1237.107,0.9629,0,0,0,0
1237.139,0.9629,0,0,0,0
1237.172,0.9629,0,0,0,0
1237.206,0.9629,0,0,0,0
1237.240,0.9629,0,0,0,0
1237.274,0.9629,0,0,0,0
1237.306,0.9629,0,0,0,0
1237.339,0.9629,0,0,0,0
1237.372,0.9629,0,0,0,0
1237.408,0.9629,0,0,0,0
1237.440,0.9629,0,0,0,0
1237.473,0.9629,0,0,0,0
1237.508,0.9629,0,0,0,0
1237.537,0.9629,0,0,0,0
1237.573,0.9629,0,0,0,0
1237.608,0.9629,0,0,0,0
1237.640,0.9629,0,0,0,0
1237.673,0.9629,0,0,0,0
1237.706,0.9629,0,0,0,0
1237.739,0.9629,0,0,0,0
1237.773,0.9629,0,0,0,0
1237.806,0.9629,0,0,0,0
1237.839,0.9629,0,0,0,0
1237.873,0.9629,0,0,0,0
1237.904,0.9629,0,0,0,0
1237.939,0.9629,0,0,0,0
1237.973,0.9629,0,0,0,0
1238.003,0.9629,0,0,0,0
1238.037,0.9629,0,0,0,0
1238.073,0.9629,0,0,0,0
1238.105,0.9629,0,0,0,0
1238.138,0.9629,0,0,0,0
1238.170,0.9629,0,0,0,0
1238.204,0.9629,0,0,0,0
1238.238,0.9629,0,0,0,0
1238.271,0.9629,0,0,0,0
1238.307,0.9629,0,0,0,0
1238.340,0.9629,0,0,0,0
1238.371,0.9629,0,0,0,0
1238.404,0.9629,0,0,0,0
1238.440,0.9629,0,0,0,0
1238.473,0.9629,0,0,0,0
1238.506,0.9629,0,0,0,0
1238.540,0.9629,0,0,0,0
1238.572,0.9629,0,0,0,0
1238.608,0.9629,0,0,0,0
1238.638,0.9629,0,0,0,0
1238.670,0.9629,0,0,0,0
1238.703,0.9629,0,0,0,0
1238.738,0.9629,0,0,0,0
1238.773,0.9629,0,0,0,0
1238.806,0.9629,0,0,0,0
1238.837,0.9629,0,0,0,0
1238.871,0.9629,0,0,0,0
1238.905,0.9629,0,0,0,0
1238.939,0.9629,0,0,0,0
1238.974,0.9629,0,0,0,0
1239.006,0.9629,0,0,0,0
1239.043,0.9629,0,0,0,0
1239.073,0.9629,0,0,0,0
1239.107,0.9629,0,0,0,0
1239.139,0.9629,0,0,0,0
1239.172,0.9629,0,0,0,0
1239.206,0.9629,0,0,0,0
1239.237,0.9629,0,0,0,0
1239.271,0.9629,0,0,0,0
1239.307,0.9629,0,0,0,0
1239.340,0.9629,0,0,0,0
1239.370,0.9629,0,0,0,0
1239.402,0.9629,0,0,0,0
1239.438,0.9629,0,0,0,0
1239.470,0.9629,0,0,0,0
1239.507,0.9629,0,0,0,0
1239.538,0.9629,0,0,0,0
1239.569,0.9629,0,0,0,0
1239.604,0.9629,0,0,0,0
1239.638,0.9629,0,0,0,0
1239.670,0.9629,0,0,0,0
1239.707,0.9629,0,0,0,0
1239.738,0.9629,0,0,0,0
1239.774,0.9629,0,0,0,0
1239.804,0.9629,0,0,0,0
1239.837,0.9629,0,0,0,0
1239.872,0.9629,0,0,0,0
1239.903,0.9629,0,0,0,0
1239.939,0.9629,0,0,0,0
1239.972,0.9629,0,0,0,0
1240.007,0.9629,0,0,0,0
1240.039,0.9629,0,0,0,0
1240.072,0.9629,0,0,0,0
1240.107,0.9629,0,0,0,0
1240.139,0.9629,0,0,0,0
1240.171,0.9629,0,0,0,0
1240.207,0.9629,0,0,0,0
1240.237,0.9629,0,0,0,0
1240.270,0.9629,0,0,0,0
1240.308,0.9629,0,0,0,0
1240.338,0.9629,0,0,0,0
1240.371,0.9629,0,0,0,0
1240.403,0.9629,0,0,0,0
1240.439,0.9629,0,0,0,0
1240.471,0.9629,0,0,0,0
1240.503,0.9629,0,0,0,0
1240.540,0.9629,0,0,0,0
1240.573,0.9629,0,0,0,0
1240.604,0.9629,0,0,0,0
1240.639,0.9629,0,0,0,0
1240.670,0.9629,0,0,0,0
1240.706,0.9629,0,0,0,0
1240.740,0.9629,0,0,0,0
1240.772,0.9629,0,0,0,0
1240.806,0.9629,0,0,0,0
1240.838,0.9629,0,0,0,0
1240.872,0.9629,0,0,0,0
1240.908,0.9629,0,0,0,0
1240.937,0.9629,0,0,0,0
1240.974,0.9629,0,0,0,0
1241.005,0.9629,0,0,0,0
1241.039,0.9629,0,0,0,0
1241.073,0.9629,0,0,0,0
1241.105,0.9629,0,0,0,0
1241.138,0.9629,0,0,0,0
1241.174,0.9629,0,0,0,0
1241.207,0.9629,0,0,0,0
1241.237,0.9629,0,0,0,0
1241.273,0.9629,0,0,0,0
1241.305,0.9629,0,0,0,0
1241.338,0.9629,0,0,0,0
1241.371,0.9629,0,0,0,0
1241.405,0.9629,0,0,0,0
1241.439,0.9629,0,0,0,0
1241.473,0.9629,0,0,0,0
1241.504,0.9629,0,0,0,0
1241.542,0.9629,0,0,0,0
1241.570,0.9629,0,0,0,0
1241.606,0.9629,0,0,0,0
1241.641,0.9629,0,0,0,0
1241.672,0.9629,0,0,0,0
1241.706,0.9629,0,0,0,0
1241.736,0.9629,0,0,0,0
1241.772,0.9629,0,0,0,0
1241.808,0.9629,0,0,0,0
1241.837,0.9629,0,0,0,0
1241.872,0.9629,0,0,0,0
1241.906,0.9629,0,0,0,0
1241.939,0.9629,0,0,0,0
1241.975,0.9629,0,0,0,0
1242.006,0.9629,0,0,0,0
1242.039,0.9629,0,0,0,0
1242.074,0.9629,0,0,0,0
1242.106,0.9629,0,0,0,0
1242.138,0.9629,0,0,0,0
1242.170,0.9629,0,0,0,0
1242.204,0.9629,0,0,0,0
1242.240,0.9629,0,0,0,0
1242.271,0.9629,0,0,0,0
1242.305,0.9629,0,0,0,0
1242.340,0.9629,0,0,0,0
1242.373,0.9629,0,0,0,0
1242.405,0.9629,0,0,0,0
1242.437,0.9629,0,0,0,0
1242.470,0.9629,0,0,0,0
1242.506,0.9629,0,0,0,0
1242.537,0.9629,0,0,0,0
1242.573,0.9629,0,0,0,0
1242.605,0.9629,0,0,0,0
1242.639,0.9629,0,0,0,0
1242.671,0.9629,0,0,0,0
1242.707,0.9629,0,0,0,0
1242.741,0.9629,0,0,0,0
1242.772,0.9629,0,0,0,0
1242.807,0.9629,0,0,0,0
1242.837,0.9629,0,0,0,0
1242.870,0.9629,0,0,0,0
1242.903,0.9629,0,0,0,0
1242.940,0.9629,0,0,0,0
1242.972,0.9629,0,0,0,0
1243.006,0.9629,0,0,0,0
1243.040,0.9629,0,0,0,0
1243.073,0.9629,0,0,0,0
1243.106,0.9629,0,0,0,0
1243.138,0.9629,0,0,0,0
1243.172,0.9629,0,0,0,0
1243.206,0.9629,0,0,0,0
1243.238,0.9629,0,0,0,0
1243.274,0.9629,0,0,0,0
1243.305,0.9629,0,0,0,0
1243.339,0.9629,0,0,0,0
1243.372,0.9629,0,0,0,0
1243.404,0.9629,0,0,0,0
1243.436,0.9629,0,0,0,0
1243.471,0.9629,0,0,0,0
1243.506,0.9629,0,0,0,0
1243.538,0.9629,0,0,0,0
1243.569,0.9629,0,0,0,0
1243.604,0.9629,0,0,0,0
1243.640,0.9629,0,0,0,0
1243.673,0.9629,0,0,0,0
1243.707,0.9629,0,0,0,0
1243.737,0.9629,0,0,0,0
1243.769,0.9629,0,0,0,0
1243.804,0.9629,0,0,0,0
1243.839,0.9629,0,0,0,0
1243.870,0.9629,0,0,0,0
1243.906,0.9629,0,0,0,0
1243.938,0.9629,0,0,0,0
1243.971,0.9629,0,0,0,0
1244.005,0.9629,0,0,0,0
1244.040,0.9629,0,0,0,0
1244.071,0.9629,0,0,0,0
1244.104,0.9629,0,0,0,0
1244.140,0.9629,0,0,0,0
1244.170,0.9629,0,0,0,0
1244.205,0.9629,0,0,0,0
1244.236,0.9629,0,0,0,0
1244.271,0.9629,0,0,0,0
1244.306,0.9629,0,0,0,0
1244.339,0.9629,0,0,0,0
1244.371,0.9629,0,0,0,0
1244.403,0.9629,0,0,0,0
1244.438,0.9629,0,0,0,0
1244.472,0.9629,0,0,0,0
1244.503,0.9629,0,0,0,0
1244.539,0.9629,0,0,0,0
1244.572,0.9629,0,0,0,0
1244.604,0.9629,0,0,0,0
1244.639,0.9629,0,0,0,0
1244.673,0.9629,0,0,0,0
1244.706,0.9629,0,0,0,0
1244.737,0.9629,0,0,0,0
1244.771,0.9629,0,0,0,0
1244.805,0.9629,0,0,0,0
1244.840,0.9629,0,0,0,0
1244.873,0.9629,0,0,0,0
1244.904,0.9629,0,0,0,0
1244.938,0.9629,0,0,0,0
1244.971,0.9629,0,0,0,0
1245.007,0.9629,0,0,0,0
1245.036,0.9629,0,0,0,0
1245.071,0.9629,0,0,0,0
1245.103,0.9629,0,0,0,0
1245.137,0.9629,0,0,0,0
1245.175,0.9629,0,0,0,0
1245.206,0.9629,0,0,0,0
1245.240,0.9629,0,0,0,0
1245.273,0.9629,0,0,0,0
1245.306,0.9629,0,0,0,0
1245.341,0.9629,0,0,0,0
1245.372,0.9629,0,0,0,0
1245.408,0.9629,0,0,0,0
1245.437,0.9629,0,0,0,0
1245.469,0.9629,0,0,0,0
1245.505,0.9629,0,0,0,0
1245.537,0.9629,0,0,0,0
1245.575,0.9629,0,0,0,0
1245.607,0.9629,0,0,0,0
1245.640,0.9629,0,0,0,0
1245.670,0.9629,0,0,0,0
1245.705,0.9629,0,0,0,0
1245.739,0.9629,0,0,0,0
1245.774,0.9629,0,0,0,0
1245.806,0.9629,0,0,0,0
1245.838,0.9629,0,0,0,0
1245.873,0.9629,0,0,0,0
1245.905,0.9629,0,0,0,0
1245.939,0.9629,0,0,0,0
1245.973,0.9629,0,0,0,0
1246.005,0.9629,0,0,0,0
1246.036,0.9629,0,0,0,0
1246.073,0.9629,0,0,0,0
1246.103,0.9629,0,0,0,0
1246.137,0.9629,0,0,0,0
1246.171,0.9629,0,0,0,0
1246.207,0.9629,0,0,0,0
1246.241,0.9629,0,0,0,0
1246.271,0.9629,0,0,0,0
1246.305,0.9629,0,0,0,0
1246.339,0.9629,0,0,0,0
1246.372,0.9629,0,0,0,0
1246.403,0.9629,0,0,0,0
1246.440,0.9629,0,0,0,0
1246.474,0.9629,0,0,0,0
1246.507,0.9629,0,0,0,0
1246.541,0.9629,0,0,0,0
1246.572,0.9629,0,0,0,0
1246.603,0.9629,0,0,0,0
1246.641,0.9629,0,0,0,0
1246.674,0.9629,0,0,0,0
1246.703,0.9629,0,0,0,0
1246.736,0.9629,0,0,0,0
1246.773,0.9629,0,0,0,0
1246.803,0.9629,0,0,0,0
1246.840,0.9629,0,0,0,0
1246.874,0.9629,0,0,0,0
1246.904,0.9629,0,0,0,0
1246.939,0.9629,0,0,0,0
1246.973,0.9629,0,0,0,0
1247.005,0.9629,0,0,0,0
1247.037,0.9629,0,0,0,0
1247.073,0.9629,0,0,0,0
1247.104,0.9629,0,0,0,0
1247.138,0.9629,0,0,0,0
1247.170,0.9629,0,0,0,0
1247.207,0.9629,0,0,0,0
1247.237,0.9629,0,0,0,0
1247.270,0.9629,0,0,0,0
1247.306,0.9629,0,0,0,0
1247.338,0.9629,0,0,0,0
1247.372,0.9629,0,0,0,0
1247.403,0.9629,0,0,0,0
1247.436,0.9629,0,0,0,0
1247.472,0.9629,0,0,0,0
1247.508,0.9629,0,0,0,0
1247.540,0.9629,0,0,0,0
1247.573,0.9629,0,0,0,0
1247.608,0.9629,0,0,0,0
1247.639,0.9629,0,0,0,0
1247.670,0.9629,0,0,0,0
1247.706,0.9629,0,0,0,0
1247.741,0.9629,0,0,0,0
1247.772,0.9629,0,0,0,0
1247.807,0.9629,0,0,0,0
1247.839,0.9629,0,0,0,0
1247.875,0.9629,0,0,0,0
1247.906,0.9629,0,0,0,0
1247.939,0.9629,0,0,0,0
1247.972,0.9629,0,0,0,0
1248.005,0.9629,0,0,0,0
1248.036,0.9629,0,0,0,0
1248.072,0.9629,0,0,0,0
1248.106,0.9629,0,0,0,0
1248.137,0.9629,0,0,0,0
1248.173,0.9629,0,0,0,0
1248.205,0.9629,0,0,0,0
1248.240,0.9629,0,0,0,0
1248.270,0.9629,0,0,0,0
1248.304,0.9629,0,0,0,0
1248.336,0.9629,0,0,0,0
1248.373,0.9629,0,0,0,0
1248.403,0.9629,0,0,0,0
1248.438,0.9629,0,0,0,0
1248.471,0.9629,0,0,0,0
1248.508,0.9629,0,0,0,0
1248.541,0.9629,0,0,0,0
1248.570,0.9629,0,0,0,0
1248.606,0.9629,0,0,0,0
1248.638,0.9629,0,0,0,0
1248.671,0.9629,0,0,0,0
1248.702,0.9629,0,0,0,0
1248.741,0.9629,0,0,0,0
1248.771,0.9629,0,0,0,0
1248.804,0.9629,0,0,0,0
1248.839,0.9629,0,0,0,0
1248.875,0.9629,0,0,0,0
1248.905,0.9629,0,0,0,0
1248.940,0.9629,0,0,0,0
1248.973,0.9629,0,0,0,0
1249.006,0.9629,0,0,0,0
1249.038,0.9629,0,0,0,0
1249.073,0.9629,0,0,0,0
1249.095,0.9629,0,0,0,0
1249.138,0.9629,0,0,0,0
1249.172,0.9629,0,0,0,0
1249.207,0.9629,0,0,0,0
1249.239,0.9629,0,0,0,0
1249.273,0.9629,0,0,0,0
1249.304,0.9629,0,0,0,0
1249.339,0.9629,0,0,0,0
1249.374,0.9629,0,0,0,0
1249.404,0.9629,0,0,0,0
1249.437,0.9629,0,0,0,0
1249.472,0.9629,0,0,0,0
1249.507,0.9629,0,0,0,0
1249.537,0.9629,0,0,0,0
1249.572,0.9629,0,0,0,0
1249.603,0.9629,0,0,0,0
1249.639,0.9629,0,0,0,0
1249.672,0.9629,0,0,0,0
1249.707,0.9629,0,0,0,0
1249.740,0.9629,0,0,0,0
1249.770,0.9629,0,0,0,0
1249.805,0.9629,0,0,0,0
1249.836,0.9629,0,0,0,0
1249.872,0.9629,0,0,0,0
1249.906,0.9629,0,0,0,0
1249.936,0.9629,0,0,0,0
1249.972,0.9629,0,0,0,0
1250.006,0.9629,0,0,0,0
1250.038,0.9629,0,0,0,0
1250.070,0.9629,0,0,0,0
1250.105,0.9629,0,0,0,0
1250.139,0.9629,0,0,0,0
1250.174,0.9629,0,0,0,0
1250.206,0.9629,0,0,0,0
1250.239,0.9629,0,0,0,0
1250.273,0.9629,0,0,0,0
1250.306,0.9629,0,0,0,0
1250.336,0.9629,0,0,0,0
1250.370,0.9629,0,0,0,0
1250.402,0.9629,0,0,0,0
1250.438,0.9629,0,0,0,0
1250.469,0.9629,0,0,0,0
1250.503,0.9629,0,0,0,0
1250.536,0.9629,0,0,0,0
1250.573,0.9629,0,0,0,0
1250.606,0.9629,0,0,0,0
1250.637,0.9629,0,0,0,0
1250.672,0.9629,0,0,0,0
1250.703,0.9629,0,0,0,0
1250.740,0.9629,0,0,0,0
1250.773,0.9629,0,0,0,0
1250.807,0.9629,0,0,0,0
1250.837,0.9629,0,0,0,0
1250.871,0.9629,0,0,0,0
1250.904,0.9629,0,0,0,0
1250.938,0.9629,0,0,0,0
1250.973,0.9629,0,0,0,0
1251.005,0.9629,0,0,0,0
1251.040,0.9629,0,0,0,0
1251.072,0.9629,0,0,0,0
1251.105,0.9629,0,0,0,0
1251.139,0.9629,0,0,0,0
1251.173,0.9629,0,0,0,0
1251.207,0.9629,0,0,0,0
1251.238,0.9629,0,0,0,0
1251.272,0.9629,0,0,0,0
1251.303,0.9629,0,0,0,0
1251.336,0.9629,0,0,0,0
1251.372,0.9629,0,0,0,0
1251.402,0.9629,0,0,0,0
1251.438,0.9629,0,0,0,0
1251.473,0.9629,0,0,0,0
1251.504,0.9629,0,0,0,0
1251.537,0.9629,0,0,0,0
1251.571,0.9629,0,0,0,0
1251.607,0.9629,0,0,0,0
1251.639,0.9629,0,0,0,0
1251.671,0.9629,0,0,0,0
1251.706,0.9629,0,0,0,0
1251.738,0.9629,0,0,0,0
1251.772,0.9629,0,0,0,0
1251.806,0.9629,0,0,0,0
1251.839,0.9629,0,0,0,0
1251.870,0.9629,0,0,0,0
1251.894,0.9629,0,0,0,0
1251.936,0.9629,0,0,0,0
1251.970,0.9629,0,0,0,0
1252.007,0.9629,0,0,0,0
1252.039,0.9629,0,0,0,0
1252.073,0.9629,0,0,0,0
1252.105,0.9629,0,0,0,0
1252.139,0.9629,0,0,0,0
1252.172,0.9629,0,0,0,0
1252.203,0.9629,0,0,0,0
1252.239,0.9629,0,0,0,0
1252.273,0.9629,0,0,0,0
1252.305,0.9629,0,0,0,0
1252.339,0.9629,0,0,0,0
1252.372,0.9629,0,0,0,0
1252.405,0.9629,0,0,0,0
1252.439,0.9629,0,0,0,0
1252.473,0.9629,0,0,0,0
1252.507,0.9629,0,0,0,0
1252.538,0.9629,0,0,0,0
1252.571,0.9629,0,0,0,0
1252.604,0.9629,0,0,0,0
1252.640,0.9629,0,0,0,0
1252.672,0.9629,0,0,0,0
1252.706,0.9629,0,0,0,0
1252.737,0.9629,0,0,0,0
1252.770,0.9629,0,0,0,0
1252.806,0.9629,0,0,0,0
1252.839,0.9629,0,0,0,0
1252.872,0.9629,0,0,0,0
1252.906,0.9629,0,0,0,0
1252.940,0.9629,0,0,0,0
1252.972,0.9629,0,0,0,0
1253.005,0.9629,0,0,0,0
1253.040,0.9629,0,0,0,0
1253.072,0.9629,0,0,0,0
1253.103,0.9629,0,0,0,0
1253.139,0.9629,0,0,0,0
1253.173,0.9629,0,0,0,0
1253.203,0.9629,0,0,0,0
1253.240,0.9629,0,0,0,0
1253.272,0.9629,0,0,0,0
1253.304,0.9629,0,0,0,0
1253.337,0.9629,0,0,0,0
1253.370,0.9629,0,0,0,0
1253.403,0.9629,0,0,0,0
1253.437,0.9629,0,0,0,0
1253.470,0.9629,0,0,0,0
1253.503,0.9629,0,0,0,0
1253.538,0.9629,0,0,0,0
1253.571,0.9629,0,0,0,0
1253.604,0.9629,0,0,0,0
1253.636,0.9629,0,0,0,0
1253.673,0.9629,0,0,0,0
1253.707,0.9629,0,0,0,0
1253.740,0.9629,0,0,0,0
1253.771,0.9629,0,0,0,0
1253.805,0.9629,0,0,0,0
1253.838,0.9629,0,0,0,0
1253.870,0.9629,0,0,0,0
1253.907,0.9629,0,0,0,0
1253.939,0.9629,0,0,0,0
1253.971,0.9629,0,0,0,0
1254.005,0.9629,0,0,0,0
1254.039,0.9629,0,0,0,0
1254.070,0.9629,0,0,0,0
1254.106,0.9629,0,0,0,0
1254.141,0.9629,0,0,0,0
1254.173,0.9629,0,0,0,0
1254.205,0.9629,0,0,0,0
1254.241,0.9629,0,0,0,0
1254.273,0.9629,0,0,0,0
1254.306,0.9629,0,0,0,0
1254.338,0.9629,0,0,0,0
1254.371,0.9629,0,0,0,0
1254.407,0.9629,0,0,0,0
1254.437,0.9629,0,0,0,0
1254.470,0.9629,0,0,0,0
1254.508,0.9629,0,0,0,0
1254.537,0.9629,0,0,0,0
1254.572,0.9629,0,0,0,0
1254.608,0.9629,0,0,0,0
1254.637,0.9629,0,0,0,0
1254.676,0.9629,0,0,0,0
1254.702,0.9629,0,0,0,0
1254.739,0.9629,0,0,0,0
1254.768,0.9629,0,0,0,0
1254.804,0.9629,0,0,0,0
1254.837,0.9629,0,0,0,0
1254.873,0.9629,0,0,0,0
1254.903,0.9629,0,0,0,0
1254.939,0.9629,0,0,0,0
1254.970,0.9629,0,0,0,0
1255.004,0.9629,0,0,0,0
1255.036,0.9629,0,0,0,0
1255.070,0.9629,0,0,0,0
1255.104,0.9629,0,0,0,0
1255.139,0.9629,0,0,0,0
1255.170,0.9629,0,0,0,0
1255.205,0.9629,0,0,0,0
1255.238,0.9629,0,0,0,0
1255.271,0.9629,0,0,0,0
1255.305,0.9629,0,0,0,0
1255.340,0.9629,0,0,0,0
1255.372,0.9629,0,0,0,0
1255.405,0.9629,0,0,0,0
1255.438,0.9629,0,0,0,0
1255.470,0.9629,0,0,0,0
1255.507,0.9629,0,0,0,0
1255.539,0.9629,0,0,0,0
1255.570,0.9629,0,0,0,0
1255.605,0.9629,0,0,0,0
1255.637,0.9629,0,0,0,0
1255.670,0.9629,0,0,0,0
1255.706,0.9629,0,0,0,0
1255.737,0.9629,0,0,0,0
1255.772,0.9629,0,0,0,0
1255.805,0.9629,0,0,0,0
1255.836,0.9629,0,0,0,0
1255.871,0.9629,0,0,0,0
1255.906,0.9629,0,0,0,0
1255.936,0.9629,0,0,0,0
1255.974,0.9629,0,0,0,0
1256.005,0.9629,0,0,0,0
1256.036,0.9629,0,0,0,0
1256.070,0.9629,0,0,0,0
1256.106,0.9629,0,0,0,0
1256.139,0.9629,0,0,0,0
1256.172,0.9629,0,0,0,0
1256.206,0.9629,0,0,0,0
1256.238,0.9629,0,0,0,0
1256.273,0.9629,0,0,0,0
1256.308,0.9629,0,0,0,0
1256.338,0.9629,0,0,0,0
1256.370,0.9629,0,0,0,0
1256.404,0.9629,0,0,0,0
1256.439,0.9629,0,0,0,0
1256.471,0.9629,0,0,0,0
1256.504,0.9629,0,0,0,0
1256.538,0.9629,0,0,0,0
1256.574,0.9629,0,0,0,0
1256.604,0.9629,0,0,0,0
1256.636,0.9629,0,0,0,0
1256.671,0.9629,0,0,0,0
1256.703,0.9629,0,0,0,0
1256.739,0.9629,0,0,0,0
1256.772,0.9629,0,0,0,0
1256.806,0.9629,0,0,0,0
1256.838,0.9629,0,0,0,0
1256.873,0.9629,0,0,0,0
1256.906,0.9629,0,0,0,0
1256.939,0.9629,0,0,0,0
1256.970,0.9629,0,0,0,0
1257.002,0.9629,0,0,0,0
1257.038,0.9629,0,0,0,0
1257.071,0.9629,0,0,0,0
1257.104,0.9629,0,0,0,0
1257.139,0.9629,0,0,0,0
1257.174,0.9629,0,0,0,0
1257.202,0.9629,0,0,0,0
1257.237,0.9629,0,0,0,0
1257.270,0.9629,0,0,0,0
1257.304,0.9629,0,0,0,0
1257.338,0.9629,0,0,0,0
1257.370,0.9629,0,0,0,0
1257.404,0.9629,0,0,0,0
1257.439,0.9629,0,0,0,0
1257.470,0.9629,0,0,0,0
1257.503,0.9629,0,0,0,0
1257.540,0.9629,0,0,0,0
1257.577,0.9629,0,0,0,0
1257.604,0.9629,0,0,0,0
1257.636,0.9629,0,0,0,0
1257.669,0.9629,0,0,0,0
1257.703,0.9629,0,0,0,0
1257.740,0.9629,0,0,0,0
1257.773,0.9629,0,0,0,0
1257.803,0.9629,0,0,0,0
1257.839,0.9629,0,0,0,0
1257.870,0.9629,0,0,0,0
1257.904,0.9629,0,0,0,0
1257.939,0.9629,0,0,0,0
1257.971,0.9629,0,0,0,0
1258.006,0.9629,0,0,0,0
1258.039,0.9629,0,0,0,0
1258.072,0.9629,0,0,0,0
1258.107,0.9629,0,0,0,0
1258.138,0.9629,0,0,0,0
1258.172,0.9629,0,0,0,0
1258.204,0.9629,0,0,0,0
1258.240,0.9629,0,0,0,0
1258.272,0.9629,0,0,0,0
1258.306,0.9629,0,0,0,0
1258.338,0.9629,0,0,0,0
1258.373,0.9629,0,0,0,0
1258.406,0.9629,0,0,0,0
1258.436,0.9629,0,0,0,0
1258.471,0.9629,0,0,0,0
1258.504,0.9629,0,0,0,0
1258.537,0.9629,0,0,0,0
1258.570,0.9629,0,0,0,0
1258.603,0.9629,0,0,0,0
1258.639,0.9629,0,0,0,0
1258.674,0.9629,0,0,0,0
1258.702,0.9629,0,0,0,0
1258.738,0.9629,0,0,0,0
1258.771,0.9629,0,0,0,0
1258.802,0.9629,0,0,0,0
1258.842,0.9629,0,0,0,0
1258.871,0.9629,0,0,0,0
1258.906,0.9629,0,0,0,0
1258.936,0.9629,0,0,0,0
1258.970,0.9629,0,0,0,0
1259.004,0.9629,0,0,0,0
1259.040,0.9629,0,0,0,0
1259.071,0.9629,0,0,0,0
1259.107,0.9629,0,0,0,0
1259.136,0.9629,0,0,0,0
1259.172,0.9629,0,0,0,0
1259.205,0.9629,0,0,0,0
1259.237,0.9629,0,0,0,0
1259.271,0.9629,0,0,0,0
1259.308,0.9629,0,0,0,0
1259.336,0.9629,0,0,0,0
1259.370,0.9629,0,0,0,0
1259.407,0.9629,0,0,0,0
1259.440,0.9629,0,0,0,0
1259.469,0.9629,0,0,0,0
1259.506,0.9629,0,0,0,0
1259.540,0.9629,0,0,0,0
1259.572,0.9629,0,0,0,0
1259.605,0.9629,0,0,0,0
1259.636,0.9629,0,0,0,0
1259.672,0.9629,0,0,0,0
1259.709,0.9629,0,0,0,0
1259.737,0.9629,0,0,0,0
1259.770,0.9629,0,0,0,0
1259.807,0.9629,0,0,0,0
1259.839,0.9629,0,0,0,0
1259.871,0.9629,0,0,0,0
1259.904,0.9629,0,0,0,0
1259.938,0.9629,0,0,0,0
1259.969,0.9629,0,0,0,0
1260.007,0.9629,0,0,0,0
1260.039,0.9629,0,0,0,0
1260.073,0.9629,0,0,0,0
1260.107,0.9629,0,0,0,0
1260.136,0.9629,0,0,0,0
1260.173,0.9629,0,0,0,0
1260.206,0.9629,0,0,0,0
1260.241,0.9629,0,0,0,0
1260.272,0.9629,0,0,0,0
1260.305,0.9629,0,0,0,0
1260.337,0.9629,0,0,0,0
1260.374,0.9629,0,0,0,0
1260.405,0.9629,0,0,0,0
1260.440,0.9629,0,0,0,0
1260.470,0.9629,0,0,0,0
1260.504,0.9629,0,0,0,0
1260.541,0.9629,0,0,0,0
1260.572,0.9629,0,0,0,0
1260.606,0.9629,0,0,0,0
1260.637,0.9629,0,0,0,0
1260.670,0.9629,0,0,0,0
1260.708,0.9629,0,0,0,0
1260.739,0.9629,0,0,0,0
1260.770,0.9629,0,0,0,0
1260.803,0.9629,0,0,0,0
1260.836,0.9629,0,0,0,0
1260.874,0.9629,0,0,0,0
1260.905,0.9629,0,0,0,0
1260.938,0.9629,0,0,0,0
1260.972,0.9629,0,0,0,0
1261.003,0.9629,0,0,0,0
1261.037,0.9629,0,0,0,0
1261.073,0.9629,0,0,0,0
1261.106,0.9629,0,0,0,0
1261.136,0.9629,0,0,0,0
1261.169,0.9629,0,0,0,0
1261.206,0.9629,0,0,0,0
1261.239,0.9629,0,0,0,0
1261.272,0.9629,0,0,0,0
1261.307,0.9629,0,0,0,0
1261.336,0.9629,0,0,0,0
1261.373,0.9629,0,0,0,0
1261.403,0.9629,0,0,0,0
1261.435,0.9629,0,0,0,0
1261.472,0.9629,0,0,0,0
1261.507,0.9629,0,0,0,0
1261.538,0.9629,0,0,0,0
1261.570,0.9629,0,0,0,0
1261.605,0.9629,0,0,0,0
1261.637,0.9629,0,0,0,0
1261.671,0.9629,0,0,0,0
1261.704,0.9629,0,0,0,0
1261.737,0.9629,0,0,0,0
1261.771,0.9629,0,0,0,0
1261.807,0.9629,0,0,0,0
1261.838,0.9629,0,0,0,0
1261.874,0.9629,0,0,0,0
1261.904,0.9629,0,0,0,0
1261.937,0.9629,0,0,0,0
1261.974,0.9629,0,0,0,0
1262.004,0.9629,0,0,0,0
1262.039,0.9629,0,0,0,0
1262.072,0.9629,0,0,0,0
1262.106,0.9629,0,0,0,0
1262.138,0.9629,0,0,0,0
1262.171,0.9629,0,0,0,0
1262.205,0.9629,0,0,0,0
1262.238,0.9629,0,0,0,0
1262.273,0.9629,0,0,0,0
1262.306,0.9629,0,0,0,0
1262.339,0.9629,0,0,0,0
1262.371,0.9629,0,0,0,0
1262.407,0.9629,0,0,0,0
1262.440,0.9629,0,0,0,0
1262.470,0.9629,0,0,0,0
1262.504,0.9629,0,0,0,0
1262.537,0.9629,0,0,0,0
1262.572,0.9629,0,0,0,0
1262.604,0.9629,0,0,0,0
1262.639,0.9629,0,0,0,0
1262.671,0.9629,0,0,0,0
1262.705,0.9629,0,0,0,0
1262.741,0.9629,0,0,0,0
1262.772,0.9629,0,0,0,0
1262.805,0.9629,0,0,0,0
1262.840,0.9629,0,0,0,0
1262.870,0.9629,0,0,0,0
1262.906,0.9629,0,0,0,0
1262.940,0.9629,0,0,0,0
1262.971,0.9629,0,0,0,0
1263.003,0.9629,0,0,0,0
1263.037,0.9629,0,0,0,0
1263.073,0.9629,0,0,0,0
1263.106,0.9629,0,0,0,0
1263.137,0.9629,0,0,0,0
1263.170,0.9629,0,0,0,0
1263.209,0.9629,0,0,0,0
1263.241,0.9629,0,0,0,0
1263.270,0.9629,0,0,0,0
1263.307,0.9629,0,0,0,0
1263.339,0.9629,0,0,0,0
1263.372,0.9629,0,0,0,0
1263.404,0.9629,0,0,0,0
1263.436,0.9629,0,0,0,0
1263.473,0.9629,0,0,0,0
1263.507,0.9629,0,0,0,0
1263.539,0.9629,0,0,0,0
1263.572,0.9629,0,0,0,0
1263.605,0.9629,0,0,0,0
1263.642,0.9629,0,0,0,0
1263.672,0.9629,0,0,0,0
1263.703,0.9629,0,0,0,0
1263.738,0.9629,0,0,0,0
1263.773,0.9629,0,0,0,0
1263.806,0.9629,0,0,0,0
1263.838,0.9629,0,0,0,0
1263.873,0.9629,0,0,0,0
1263.904,0.9629,0,0,0,0
1263.937,0.9629,0,0,0,0
1263.973,0.9629,0,0,0,0
1264.003,0.9629,0,0,0,0
1264.039,0.9629,0,0,0,0
1264.071,0.9629,0,0,0,0
1264.106,0.9629,0,0,0,0
1264.141,0.9629,0,0,0,0
1264.173,0.9629,0,0,0,0
1264.207,0.9629,0,0,0,0
1264.236,0.9629,0,0,0,0
1264.272,0.9629,0,0,0,0
1264.303,0.9629,0,0,0,0
1264.339,0.9629,0,0,0,0
1264.370,0.9629,0,0,0,0
1264.404,0.9629,0,0,0,0
1264.440,0.9629,0,0,0,0
1264.471,0.9629,0,0,0,0
1264.505,0.9629,0,0,0,0
1264.538,0.9629,0,0,0,0
1264.573,0.9629,0,0,0,0
1264.603,0.9629,0,0,0,0
1264.636,0.9629,0,0,0,0
1264.670,0.9629,0,0,0,0
1264.707,0.9629,0,0,0,0
1264.740,0.9629,0,0,0,0
1264.773,0.9629,0,0,0,0
1264.805,0.9629,0,0,0,0
1264.837,0.9629,0,0,0,0
1264.871,0.9629,0,0,0,0
1264.906,0.9629,0,0,0,0
1264.937,0.9629,0,0,0,0
1264.973,0.9629,0,0,0,0
1265.003,0.9629,0,0,0,0
1265.037,0.9629,0,0,0,0
1265.071,0.9629,0,0,0,0
1265.104,0.9629,0,0,0,0
1265.138,0.9629,0,0,0,0
1265.173,0.9629,0,0,0,0
1265.206,0.9629,0,0,0,0
1265.238,0.9629,0,0,0,0
1265.271,0.9629,0,0,0,0
1265.304,0.9629,0,0,0,0
1265.340,0.9629,0,0,0,0
1265.371,0.9629,0,0,0,0
1265.407,0.9629,0,0,0,0
1265.440,0.9629,0,0,0,0
1265.473,0.9629,0,0,0,0
1265.505,0.9629,0,0,0,0
1265.539,0.9629,0,0,0,0
1265.571,0.9629,0,0,0,0
1265.607,0.9629,0,0,0,0
1265.640,0.9629,0,0,0,0
1265.674,0.9629,0,0,0,0
1265.704,0.9629,0,0,0,0
1265.740,0.9629,0,0,0,0
1265.771,0.9629,0,0,0,0
1265.804,0.9629,0,0,0,0
1265.837,0.9629,0,0,0,0
1265.871,0.9629,0,0,0,0
1265.904,0.9629,0,0,0,0
1265.938,0.9629,0,0,0,0
1265.974,0.9629,0,0,0,0
1266.004,0.9629,0,0,0,0
1266.040,0.9629,0,0,0,0
1266.071,0.9629,0,0,0,0
1266.106,0.9629,0,0,0,0
1266.138,0.9629,0,0,0,0
1266.170,0.9629,0,0,0,0
1266.206,0.9629,0,0,0,0
1266.238,0.9629,0,0,0,0
1266.270,0.9629,0,0,0,0
1266.304,0.9629,0,0,0,0
1266.340,0.9629,0,0,0,0
1266.370,0.9629,0,0,0,0
1266.404,0.9629,0,0,0,0
1266.437,0.9629,0,0,0,0
1266.472,0.9629,0,0,0,0
1266.506,0.9629,0,0,0,0
1266.539,0.9629,0,0,0,0
1266.572,0.9629,0,0,0,0
1266.606,0.9629,0,0,0,0
1266.642,0.9629,0,0,0,0
1266.669,0.9629,0,0,0,0
1266.706,0.9629,0,0,0,0
1266.741,0.9629,0,0,0,0
1266.773,0.9629,0,0,0,0
1266.803,0.9629,0,0,0,0
1266.837,0.9629,0,0,0,0
1266.872,0.9629,0,0,0,0
1266.905,0.9629,0,0,0,0
1266.940,0.9629,0,0,0,0
1266.975,0.9629,0,0,0,0
1267.006,0.9629,0,0,0,0
1267.038,0.9629,0,0,0,0
1267.072,0.9629,0,0,0,0
1267.107,0.9629,0,0,0,0
1267.137,0.9629,0,0,0,0
1267.170,0.9629,0,0,0,0
1267.206,0.9629,0,0,0,0
1267.238,0.9629,0,0,0,0
1267.275,0.9629,0,0,0,0
1267.305,0.9629,0,0,0,0
1267.337,0.9629,0,0,0,0
1267.372,0.9629,0,0,0,0
1267.408,0.9629,0,0,0,0
1267.437,0.9629,0,0,0,0
1267.472,0.9629,0,0,0,0
1267.504,0.9629,0,0,0,0
1267.540,0.9629,0,0,0,0
1267.572,0.9629,0,0,0,0
1267.603,0.9629,0,0,0,0
1267.640,0.9629,0,0,0,0
1267.672,0.9629,0,0,0,0
1267.705,0.9629,0,0,0,0
1267.740,0.9629,0,0,0,0
1267.769,0.9629,0,0,0,0
1267.808,0.9629,0,0,0,0
1267.836,0.9629,0,0,0,0
1267.871,0.9629,0,0,0,0
1267.906,0.9629,0,0,0,0
1267.937,0.9629,0,0,0,0
1267.971,0.9629,0,0,0,0
1268.003,0.9629,0,0,0,0
1268.037,0.9629,0,0,0,0
1268.069,0.9629,0,0,0,0
1268.108,0.9629,0,0,0,0
1268.140,0.9629,0,0,0,0
1268.165,0.9629,0,0,0,0
1268.203,0.9629,0,0,0,0
1268.237,0.9629,0,0,0,0
1268.271,0.9629,0,0,0,0
1268.306,0.9629,0,0,0,0
1268.339,0.9629,0,0,0,0
1268.371,0.9629,0,0,0,0
1268.403,0.9629,0,0,0,0
1268.439,0.9629,0,0,0,0
1268.469,0.9629,0,0,0,0
1268.506,0.9629,0,0,0,0
1268.537,0.9629,0,0,0,0
1268.571,0.9629,0,0,0,0
1268.603,0.9629,0,0,0,0
1268.638,0.9629,0,0,0,0
1268.670,0.9629,0,0,0,0
1268.708,0.9629,0,0,0,0
1268.736,0.9629,0,0,0,0
1268.770,0.9629,0,0,0,0
1268.806,0.9629,0,0,0,0
1268.840,0.9629,0,0,0,0
1268.875,0.9629,0,0,0,0
1268.906,0.9629,0,0,0,0
1268.940,0.9629,0,0,0,0
1268.974,0.9629,0,0,0,0
1269.006,0.9629,0,0,0,0
1269.037,0.9629,0,0,0,0
1269.073,0.9629,0,0,0,0
1269.103,0.9629,0,0,0,0
1269.136,0.9629,0,0,0,0
1269.172,0.9629,0,0,0,0
1269.206,0.9629,0,0,0,0
1269.239,0.9629,0,0,0,0
1269.271,0.9629,0,0,0,0
1269.307,0.9629,0,0,0,0
1269.338,0.9629,0,0,0,0
1269.376,0.9629,0,0,0,0
1269.404,0.9629,0,0,0,0
1269.439,0.9629,0,0,0,0
1269.469,0.9629,0,0,0,0
1269.505,0.9629,0,0,0,0
1269.539,0.9629,0,0,0,0
1269.569,0.9629,0,0,0,0
1269.605,0.9629,0,0,0,0
1269.638,0.9629,0,0,0,0
1269.669,0.9629,0,0,0,0
1269.706,0.9629,0,0,0,0
1269.740,0.9629,0,0,0,0
1269.770,0.9629,0,0,0,0
1269.806,0.9629,0,0,0,0
1269.838,0.9629,0,0,0,0
1269.873,0.9629,0,0,0,0
1269.906,0.9629,0,0,0,0
1269.937,0.9629,0,0,0,0
1269.973,0.9629,0,0,0,0
1270.006,0.9629,0,0,0,0
1270.036,0.9629,0,0,0,0
1270.072,0.9629,0,0,0,0
1270.103,0.9629,0,0,0,0
1270.137,0.9629,0,0,0,0
1270.170,0.9629,0,0,0,0
1270.208,0.9629,0,0,0,0
1270.239,0.9629,0,0,0,0
1270.270,0.9629,0,0,0,0
1270.303,0.9629,0,0,0,0
1270.341,0.9629,0,0,0,0
1270.371,0.9629,0,0,0,0
1270.405,0.9629,0,0,0,0
1270.438,0.9629,0,0,0,0
1270.472,0.9629,0,0,0,0
1270.504,0.9629,0,0,0,0
1270.540,0.9629,0,0,0,0
1270.572,0.9629,0,0,0,0
1270.606,0.9629,0,0,0,0
1270.639,0.9629,0,0,0,0
1270.671,0.9629,0,0,0,0
1270.703,0.9629,0,0,0,0
1270.737,0.9629,0,0,0,0
1270.774,0.9629,0,0,0,0
1270.803,0.9629,0,0,0,0
1270.838,0.9629,0,0,0,0
1270.874,0.9629,0,0,0,0
1270.907,0.9629,0,0,0,0
1270.939,0.9629,0,0,0,0
1270.972,0.9629,0,0,0,0
1271.006,0.9629,0,0,0,0
1271.036,0.9629,0,0,0,0
1271.074,0.9629,0,0,0,0
1271.104,0.9629,0,0,0,0
1271.137,0.9629,0,0,0,0
1271.173,0.9629,0,0,0,0
1271.206,0.9629,0,0,0,0
1271.239,0.9629,0,0,0,0
1271.271,0.9629,0,0,0,0
1271.303,0.9629,0,0,0,0
1271.337,0.9629,0,0,0,0
1271.373,0.9629,0,0,0,0
1271.404,0.9629,0,0,0,0
1271.437,0.9629,0,0,0,0
1271.471,0.9629,0,0,0,0
1271.504,0.9629,0,0,0,0
1271.538,0.9629,0,0,0,0
1271.573,0.9629,0,0,0,0
1271.606,0.9629,0,0,0,0
1271.638,0.9629,0,0,0,0
1271.673,0.9629,0,0,0,0
1271.707,0.9629,0,0,0,0
1271.737,0.9629,0,0,0,0
1271.772,0.9629,0,0,0,0
1271.805,0.9629,0,0,0,0
1271.837,0.9629,0,0,0,0
1271.869,0.9629,0,0,0,0
1271.907,0.9629,0,0,0,0
1271.937,0.9629,0,0,0,0
1271.974,0.9629,0,0,0,0
1272.003,0.9629,0,0,0,0
1272.036,0.9629,0,0,0,0
1272.073,0.9629,0,0,0,0
1272.104,0.9629,0,0,0,0
1272.136,0.9629,0,0,0,0
1272.175,0.9629,0,0,0,0
1272.195,0.9629,0,0,0,0
1272.238,0.9629,0,0,0,0
1272.269,0.9629,0,0,0,0
1272.305,0.9629,0,0,0,0
1272.336,0.9629,0,0,0,0
1272.371,0.9629,0,0,0,0
1272.405,0.9629,0,0,0,0
1272.439,0.9629,0,0,0,0
1272.470,0.9629,0,0,0,0
1272.503,0.9629,0,0,0,0
1272.540,0.9629,0,0,0,0
1272.570,0.9629,0,0,0,0
1272.602,0.9629,0,0,0,0
1272.641,0.9629,0,0,0,0
1272.672,0.9629,0,0,0,0
1272.707,0.9629,0,0,0,0
1272.738,0.9629,0,0,0,0
1272.774,0.9629,0,0,0,0
1272.804,0.9629,0,0,0,0
1272.840,0.9629,0,0,0,0
1272.873,0.9629,0,0,0,0
1272.905,0.9629,0,0,0,0
1272.939,0.9629,0,0,0,0
1272.971,0.9629,0,0,0,0
1273.006,0.9629,0,0,0,0
1273.038,0.9629,0,0,0,0
1273.071,0.9629,0,0,0,0
1273.107,0.9629,0,0,0,0
1273.139,0.9629,0,0,0,0
1273.173,0.9629,0,0,0,0
1273.204,0.9629,0,0,0,0
1273.240,0.9629,0,0,0,0
1273.273,0.9629,0,0,0,0
1273.303,0.9629,0,0,0,0
1273.339,0.9629,0,0,0,0
1273.371,0.9629,0,0,0,0
1273.404,0.9629,0,0,0,0
1273.438,0.9629,0,0,0,0
1273.470,0.9629,0,0,0,0
1273.503,0.9629,0,0,0,0
1273.536,0.9629,0,0,0,0
1273.573,0.9629,0,0,0,0
1273.606,0.9629,0,0,0,0
1273.637,0.9629,0,0,0,0
1273.671,0.9629,0,0,0,0
1273.705,0.9629,0,0,0,0
1274.038,0.9629,0,0,0,0
1274.087,0.9629,0,0,0,0
1274.097,0.9629,0,0,0,0
1274.134,0.9629,0,0,0,0
1274.168,0.9629,0,0,0,0
1274.199,0.9629,0,0,0,0
1274.234,0.9629,0,0,0,0
1274.268,0.9629,0,0,0,0
1274.299,0.9629,0,0,0,0
1274.334,0.9629,0,0,0,0
1274.368,0.9629,0,0,0,0
1274.399,0.9629,0,0,0,0
1274.433,0.9629,0,0,0,0
1274.466,0.9629,0,0,0,0
1274.500,0.9629,0,0,0,0
1274.534,0.9629,0,0,0,0
1274.567,0.9629,0,0,0,0
1274.599,0.9629,0,0,0,0
1274.632,0.9629,0,0,0,0
1274.665,0.9629,0,0,0,0
1274.700,0.9629,0,0,0,0
1274.732,0.9629,0,0,0,0
1274.771,0.9629,0,0,0,0
1274.801,0.9629,0,0,0,0
1274.832,0.9629,0,0,0,0
1274.865,0.9629,0,0,0,0
1274.900,0.9629,0,0,0,0
1274.932,0.9629,0,0,0,0
1274.967,0.9629,0,0,0,0
1275.001,0.9629,0,0,0,0
1275.032,0.9629,0,0,0,0
1275.071,0.9629,0,0,0,0
1275.091,0.9629,0,0,0,0
1275.130,0.9629,0,0,0,0
1275.167,0.9629,0,0,0,0
1275.201,0.9629,0,0,0,0
1275.233,0.9629,0,0,0,0
1275.269,0.9629,0,0,0,0
1275.302,0.9629,0,0,0,0
1275.332,0.9629,0,0,0,0
1275.368,0.9629,0,0,0,0
1275.398,0.9629,0,0,0,0
1275.434,0.9629,0,0,0,0
1275.466,0.9629,0,0,0,0
1275.503,0.9629,0,0,0,0
1275.535,0.9629,0,0,0,0
1275.567,0.9629,0,0,0,0
1275.601,0.9629,0,0,0,0
1275.635,0.9629,0,0,0,0
1275.667,0.9629,0,0,0,0
1275.699,0.9629,0,0,0,0
1275.734,0.9629,0,0,0,0
1275.767,0.9629,0,0,0,0
1275.799,0.9629,0,0,0,0
1275.834,0.9629,0,0,0,0
1275.867,0.9629,0,0,0,0
1275.902,0.9629,0,0,0,0
1275.932,0.9629,0,0,0,0
1275.968,0.9629,0,0,0,0
1276.001,0.9629,0,0,0,0
1276.032,0.9629,0,0,0,0
1276.067,0.9629,0,0,0,0
1276.099,0.9629,0,0,0,0
1276.135,0.9629,0,0,0,0
1276.165,0.9629,0,0,0,0
1276.200,0.9629,0,0,0,0
1276.233,0.9629,0,0,0,0
1276.266,0.9629,0,0,0,0
1276.300,0.9629,0,0,0,0
1276.336,0.9629,0,0,0,0
1276.368,0.9629,0,0,0,0
1276.399,0.9629,0,0,0,0
1276.435,0.9629,0,0,0,0
1276.466,0.9629,0,0,0,0
1276.502,0.9629,0,0,0,0
1276.535,0.9629,0,0,0,0
1276.569,0.9629,0,0,0,0
1276.602,0.9629,0,0,0,0
1276.637,0.9629,0,0,0,0
1276.666,0.9629,0,0,0,0
1276.689,0.9629,0,0,0,0
1276.732,0.9629,0,0,0,0
1276.768,0.9629,0,0,0,0
1276.801,0.9629,0,0,0,0
1276.834,0.9629,0,0,0,0
1276.868,0.9629,0,0,0,0
1276.899,0.9629,0,0,0,0
1276.933,0.9629,0,0,0,0
1276.965,0.9629,0,0,0,0
1277.001,0.9629,0,0,0,0
1277.032,0.9629,0,0,0,0
1277.065,0.9629,0,0,0,0
1277.102,0.9629,0,0,0,0
1277.124,0.9629,0,0,0,0
1277.168,0.9629,0,0,0,0
1277.192,0.9629,0,0,0,0
1277.231,0.9629,0,0,0,0
1277.256,0.9629,0,0,0,0
1277.300,0.9629,0,0,0,0
1277.333,0.9629,0,0,0,0
1277.368,0.9629,0,0,0,0
1277.402,0.9629,0,0,0,0
1277.434,0.9629,0,0,0,0
1277.468,0.9629,0,0,0,0
1277.500,0.9629,0,0,0,0
1277.532,0.9629,0,0,0,0
1277.566,0.9629,0,0,0,0
1277.599,0.9629,0,0,0,0
1277.636,0.9629,0,0,0,0
1277.666,0.9629,0,0,0,0
1277.701,0.9629,0,0,0,0
1277.736,0.9629,0,0,0,0
1277.767,0.9629,0,0,0,0
1277.802,0.9629,0,0,0,0
1277.835,0.9629,0,0,0,0
1277.870,0.9629,0,0,0,0
1277.901,0.9629,0,0,0,0
1277.934,0.9629,0,0,0,0
1277.966,0.9629,0,0,0,0
1278.002,0.9629,0,0,0,0
1278.034,0.9629,0,0,0,0
1278.067,0.9629,0,0,0,0
1278.099,0.9629,0,0,0,0
1278.136,0.9629,0,0,0,0
1278.170,0.9629,0,0,0,0
1278.199,0.9629,0,0,0,0
1278.234,0.9629,0,0,0,0
1278.268,0.9629,0,0,0,0
1278.302,0.9629,0,0,0,0
1278.331,0.9629,0,0,0,0
1278.365,0.9629,0,0,0,0
1278.402,0.9629,0,0,0,0
1278.432,0.9629,0,0,0,0
1278.472,0.9629,0,0,0,0
1278.499,0.9629,0,0,0,0
1278.532,0.9629,0,0,0,0
1278.567,0.9629,0,0,0,0
1278.598,0.9629,0,0,0,0
1278.643,0.9629,0,0,0,0
1278.672,0.9629,0,0,0,0
1278.692,0.9629,0,0,0,0
1278.726,0.9629,0,0,0,0
1278.766,0.9629,0,0,0,0
1278.791,0.9629,0,0,0,0
1278.835,0.9629,0,0,0,0
1278.865,0.9629,0,0,0,0
1278.900,0.9629,0,0,0,0
1278.932,0.9629,0,0,0,0
1278.969,0.9629,0,0,0,0
1279.003,0.9629,0,0,0,0
1279.035,0.9629,0,0,0,0
1279.065,0.9629,0,0,0,0
1279.103,0.9629,0,0,0,0
1279.137,0.9629,0,0,0,0
1279.166,0.9629,0,0,0,0
1279.201,0.9629,0,0,0,0
1279.233,0.9629,0,0,0,0
1279.268,0.9629,0,0,0,0
1279.301,0.9629,0,0,0,0
1279.335,0.9629,0,0,0,0
1279.366,0.9629,0,0,0,0
1279.403,0.9629,0,0,0,0
1279.433,0.9629,0,0,0,0
1279.468,0.9629,0,0,0,0
1279.503,0.9629,0,0,0,0
1279.535,0.9629,0,0,0,0
1279.570,0.9629,0,0,0,0
1279.600,0.9629,0,0,0,0
1279.632,0.9629,0,0,0,0
1279.669,0.9629,0,0,0,0
1279.700,0.9629,0,0,0,0
1279.735,0.9629,0,0,0,0
1279.767,0.9629,0,0,0,0
1279.802,0.9629,0,0,0,0
1279.824,0.9629,0,0,0,0
1279.869,0.9629,0,0,0,0
1279.899,0.9629,0,0,0,0
1279.936,0.9629,0,0,0,0
1279.957,0.9629,0,0,0,0
1279.996,0.9629,0,0,0,0
1280.034,0.9629,0,0,0,0
1280.066,0.9629,0,0,0,0
1280.102,0.9629,0,0,0,0
1280.133,0.9629,0,0,0,0
1280.170,0.9629,0,0,0,0
1280.204,0.9629,0,0,0,0
1280.232,0.9629,0,0,0,0
1280.269,0.9629,0,0,0,0
1280.304,0.9629,0,0,0,0
1280.336,0.9629,0,0,0,0
1280.366,0.9629,0,0,0,0
1280.402,0.9629,0,0,0,0
1280.435,0.9629,0,0,0,0
1280.468,0.9629,0,0,0,0
1280.499,0.9629,0,0,0,0
1280.537,0.9629,0,0,0,0
1280.565,0.9629,0,0,0,0
1280.601,0.9629,0,0,0,0
1280.632,0.9629,0,0,0,0
1280.667,0.9629,0,0,0,0
1280.702,0.9629,0,0,0,0
1280.736,0.9629,0,0,0,0
1280.768,0.9629,0,0,0,0
1280.802,0.9629,0,0,0,0
1280.832,0.9629,0,0,0,0
1280.867,0.9629,0,0,0,0
1280.901,0.9629,0,0,0,0
1280.933,0.9629,0,0,0,0
1280.969,0.9629,0,0,0,0
1281.002,0.9629,0,0,0,0
1281.035,0.9629,0,0,0,0
1281.068,0.9629,0,0,0,0
1281.101,0.9629,0,0,0,0
1281.137,0.9629,0,0,0,0
1281.166,0.9629,0,0,0,0
1281.203,0.9629,0,0,0,0
1281.233,0.9629,0,0,0,0
1281.269,0.9629,0,0,0,0
1281.302,0.9629,0,0,0,0
1281.332,0.9629,0,0,0,0
1281.366,0.9629,0,0,0,0
1281.401,0.9629,0,0,0,0
1281.432,0.9629,0,0,0,0
1281.465,0.9629,0,0,0,0
1281.506,0.9629,0,0,0,0
1281.532,0.9629,0,0,0,0
1281.568,0.9629,0,0,0,0
1281.601,0.9629,0,0,0,0
1281.634,0.9629,0,0,0,0
1281.665,0.9629,0,0,0,0
1281.702,0.9629,0,0,0,0
1281.736,0.9629,0,0,0,0
1281.765,0.9629,0,0,0,0
1281.801,0.9629,0,0,0,0
1281.833,0.9629,0,0,0,0
1281.865,0.9629,0,0,0,0
1281.903,0.9629,0,0,0,0
1281.933,0.9629,0,0,0,0
1281.966,0.9629,0,0,0,0
1282.004,0.9629,0,0,0,0
1282.036,0.9629,0,0,0,0
1282.068,0.9629,0,0,0,0
1282.103,0.9629,0,0,0,0
1282.133,0.9629,0,0,0,0
1282.165,0.9629,0,0,0,0
1282.203,0.9629,0,0,0,0
1282.232,0.9629,0,0,0,0
1282.269,0.9629,0,0,0,0
1282.302,0.9629,0,0,0,0
1282.333,0.9629,0,0,0,0
1282.365,0.9629,0,0,0,0
1282.404,0.9629,0,0,0,0
1282.434,0.9629,0,0,0,0
1282.468,0.9629,0,0,0,0
1282.499,0.9629,0,0,0,0
1282.533,0.9629,0,0,0,0
1282.567,0.9629,0,0,0,0
1282.599,0.9629,0,0,0,0
1282.632,0.9629,0,0,0,0
1282.666,0.9629,0,0,0,0
1282.702,0.9629,0,0,0,0
1282.733,0.9629,0,0,0,0
1282.766,0.9629,0,0,0,0
1282.801,0.9629,0,0,0,0
1282.835,0.9629,0,0,0,0
1282.865,0.9629,0,0,0,0
1282.901,0.9629,0,0,0,0
1282.937,0.9629,0,0,0,0
1282.968,0.9629,0,0,0,0
1282.999,0.9629,0,0,0,0
1283.036,0.9629,0,0,0,0
1283.069,0.9629,0,0,0,0
1283.100,0.9629,0,0,0,0
1283.132,0.9629,0,0,0,0
1283.165,0.9629,0,0,0,0
1283.200,0.9629,0,0,0,0
1283.232,0.9629,0,0,0,0
1283.265,0.9629,0,0,0,0
1283.301,0.9629,0,0,0,0
1283.332,0.9629,0,0,0,0
1283.369,0.9629,0,0,0,0
1283.399,0.9629,0,0,0,0
1283.433,0.9629,0,0,0,0
1283.467,0.9629,0,0,0,0
1283.499,0.9629,0,0,0,0
1283.532,0.9629,0,0,0,0
1283.566,0.9629,0,0,0,0
1283.602,0.9629,0,0,0,0
1283.635,0.9629,0,0,0,0
1283.665,0.9629,0,0,0,0
1283.702,0.9629,0,0,0,0
1283.732,0.9629,0,0,0,0
1283.767,0.9629,0,0,0,0
1283.802,0.9629,0,0,0,0
1283.837,0.9629,0,0,0,0
1283.868,0.9629,0,0,0,0
1283.902,0.9629,0,0,0,0
1283.932,0.9629,0,0,0,0
1283.968,0.9629,0,0,0,0
1283.999,0.9629,0,0,0,0
1284.034,0.9629,0,0,0,0
1284.068,0.9629,0,0,0,0
1284.102,0.9629,0,0,0,0
1284.134,0.9629,0,0,0,0
1284.170,0.9629,0,0,0,0
1284.201,0.9629,0,0,0,0
1284.235,0.9629,0,0,0,0
1284.265,0.9629,0,0,0,0
1284.302,0.9629,0,0,0,0
1284.335,0.9629,0,0,0,0
1284.368,0.9629,0,0,0,0
1284.405,0.9629,0,0,0,0
1284.607,0.9629,0,0,0,0
1284.642,0.9629,0,0,0,0
1284.673,0.9629,0,0,0,0
1284.706,0.9629,0,0,0,0
1284.738,0.9629,0,0,0,0
1284.774,0.9629,0,0,0,0
1284.805,0.9629,0,0,0,0
1284.837,0.9629,0,0,0,0
1284.878,0.9629,0,0,0,0
1284.906,0.9629,0,0,0,0
1284.941,0.9629,0,0,0,0
1284.975,0.9629,0,0,0,0
1285.005,0.9629,0,0,0,0
1285.040,0.9629,0,0,0,0
1285.074,0.9629,0,0,0,0
1285.109,0.9629,0,0,0,0
1285.137,0.9629,0,0,0,0
1285.175,0.9629,0,0,0,0
1285.206,0.9629,0,0,0,0
1285.236,0.9629,0,0,0,0
1285.270,0.9629,0,0,0,0
1285.308,0.9629,0,0,0,0
1285.337,0.9629,0,0,0,0
1285.372,0.9629,0,0,0,0
1285.406,0.9629,0,0,0,0
1285.441,0.9629,0,0,0,0
1285.471,0.9629,0,0,0,0
1285.505,0.9629,0,0,0,0
1285.540,0.9629,0,0,0,0
1285.570,0.9629,0,0,0,0
1285.603,0.9629,0,0,0,0
1285.637,0.9629,0,0,0,0
1285.672,0.9629,0,0,0,0
1285.703,0.9629,0,0,0,0
1285.739,0.9629,0,0,0,0
1285.775,0.9629,0,0,0,0
1285.806,0.9629,0,0,0,0
1285.836,0.9629,0,0,0,0
1285.871,0.9629,0,0,0,0
1285.906,0.9629,0,0,0,0
1285.936,0.9629,0,0,0,0
1285.974,0.9629,0,0,0,0
1286.004,0.9629,0,0,0,0
1286.040,0.9629,0,0,0,0
1286.073,0.9629,0,0,0,0
1286.104,0.9629,0,0,0,0
1286.141,0.9629,0,0,0,0
1286.175,0.9629,0,0,0,0
1286.203,0.9629,0,0,0,0
1286.240,0.9629,0,0,0,0
1286.270,0.9629,0,0,0,0
1286.306,0.9629,0,0,0,0
1286.339,0.9629,0,0,0,0
1286.374,0.9629,0,0,0,0
1286.407,0.9629,0,0,0,0
1286.439,0.9629,0,0,0,0
1286.470,0.9629,0,0,0,0
1286.508,0.9629,0,0,0,0
1286.541,0.9629,0,0,0,0
1286.573,0.9629,0,0,0,0
1286.603,0.9629,0,0,0,0
1286.637,0.9629,0,0,0,0
1286.671,0.9629,0,0,0,0
1286.706,0.9629,0,0,0,0
1286.739,0.9629,0,0,0,0
1286.772,0.9629,0,0,0,0
1286.807,0.9629,0,0,0,0
1286.839,0.9629,0,0,0,0
1286.873,0.9629,0,0,0,0
1286.908,0.9629,0,0,0,0
1286.929,0.9629,0,0,0,0
1286.971,0.9629,0,0,0,0
1287.007,0.9629,0,0,0,0
1287.038,0.9629,0,0,0,0
1287.073,0.9629,0,0,0,0
1287.105,0.9629,0,0,0,0
1287.138,0.9629,0,0,0,0
1287.173,0.9629,0,0,0,0
1287.206,0.9629,0,0,0,0
1287.238,0.9629,0,0,0,0
1287.273,0.9629,0,0,0,0
1287.304,0.9629,0,0,0,0
1287.337,0.9629,0,0,0,0
1287.369,0.9629,0,0,0,0
1287.403,0.9629,0,0,0,0
1287.440,0.9629,0,0,0,0
1287.473,0.9629,0,0,0,0
1287.505,0.9629,0,0,0,0
1287.538,0.9629,0,0,0,0
1287.573,0.9629,0,0,0,0
1287.605,0.9629,0,0,0,0
1287.642,0.9629,0,0,0,0
1287.672,0.9629,0,0,0,0
1287.708,0.9629,0,0,0,0
1287.737,0.9629,0,0,0,0
1287.771,0.9629,0,0,0,0
1287.807,0.9629,0,0,0,0
1287.838,0.9629,0,0,0,0
1287.874,0.9629,0,0,0,0
1287.910,0.9629,0,0,0,0
1287.939,0.9629,0,0,0,0
1287.976,0.9629,0,0,0,0
1288.004,0.9629,0,0,0,0
1288.041,0.9629,0,0,0,0
1288.071,0.9629,0,0,0,0
1288.106,0.9629,0,0,0,0
1288.139,0.9629,0,0,0,0
1288.175,0.9629,0,0,0,0
1288.204,0.9629,0,0,0,0
1288.239,0.9629,0,0,0,0
1288.273,0.9629,0,0,0,0
1288.307,0.9629,0,0,0,0
1288.336,0.9629,0,0,0,0
1288.371,0.9629,0,0,0,0
1288.406,0.9629,0,0,0,0
1288.438,0.9629,0,0,0,0
1288.471,0.9629,0,0,0,0
1288.506,0.9629,0,0,0,0
1288.537,0.9629,0,0,0,0
1288.573,0.9629,0,0,0,0
1288.604,0.9629,0,0,0,0
1288.639,0.9629,0,0,0,0
1288.672,0.9629,0,0,0,0
1288.704,0.9629,0,0,0,0
1288.737,0.9629,0,0,0,0
1288.763,0.9629,0,0,0,0
1288.804,0.9629,0,0,0,0
1288.839,0.9629,0,0,0,0
1288.872,0.9629,0,0,0,0
1288.907,0.9629,0,0,0,0
1288.938,0.9629,0,0,0,0
1288.970,0.9629,0,0,0,0
1289.006,0.9629,0,0,0,0
1289.039,0.9629,0,0,0,0
1289.073,0.9629,0,0,0,0
1289.106,0.9629,0,0,0,0
1289.140,0.9629,0,0,0,0
1289.172,0.9629,0,0,0,0
1289.203,0.9629,0,0,0,0
1289.239,0.9629,0,0,0,0
1289.272,0.9629,0,0,0,0
1289.306,0.9629,0,0,0,0
1289.339,0.9629,0,0,0,0
1289.373,0.9629,0,0,0,0
1289.405,0.9629,0,0,0,0
1289.439,0.9629,0,0,0,0
1289.473,0.9629,0,0,0,0
1289.504,0.9629,0,0,0,0
1289.537,0.9629,0,0,0,0
1289.571,0.9629,0,0,0,0
1289.604,0.9629,0,0,0,0
1289.637,0.9629,0,0,0,0
1289.674,0.9629,0,0,0,0
1289.704,0.9629,0,0,0,0
1289.739,0.9629,0,0,0,0
1289.773,0.9629,0,0,0,0
1289.807,0.9629,0,0,0,0
1289.837,0.9629,0,0,0,0
1289.873,0.9629,0,0,0,0
1289.903,0.9629,0,0,0,0
1289.937,0.9629,0,0,0,0
1289.971,0.9629,0,0,0,0
1290.009,0.9629,0,0,0,0
1290.037,0.9629,0,0,0,0
1290.071,0.9629,0,0,0,0
1290.105,0.9629,0,0,0,0
1290.137,0.9629,0,0,0,0
1290.171,0.9629,0,0,0,0
1290.206,0.9629,0,0,0,0
1290.240,0.9629,0,0,0,0
1290.274,0.9629,0,0,0,0
1290.306,0.9629,0,0,0,0
1290.338,0.9629,0,0,0,0
1290.372,0.9629,0,0,0,0
1290.406,0.9629,0,0,0,0
1290.441,0.9629,0,0,0,0
1290.472,0.9629,0,0,0,0
1290.505,0.9629,0,0,0,0
1290.539,0.9629,0,0,0,0
1290.571,0.9629,0,0,0,0
1290.606,0.9629,0,0,0,0
1290.638,0.9629,0,0,0,0
1290.672,0.9629,0,0,0,0
1290.703,0.9629,0,0,0,0
1290.739,0.9629,0,0,0,0
1290.773,0.9629,0,0,0,0
1290.806,0.9629,0,0,0,0
1290.837,0.9629,0,0,0,0
1290.871,0.9629,0,0,0,0
1290.906,0.9629,0,0,0,0
1290.938,0.9629,0,0,0,0
1290.972,0.9629,0,0,0,0
1291.003,0.9629,0,0,0,0
1291.038,0.9629,0,0,0,0
1291.072,0.9629,0,0,0,0
1291.106,0.9629,0,0,0,0
1291.139,0.9629,0,0,0,0
1291.174,0.9629,0,0,0,0
1291.205,0.9629,0,0,0,0
1291.240,0.9629,0,0,0,0
1291.273,0.9629,0,0,0,0
1291.307,0.9629,0,0,0,0
1291.340,0.9629,0,0,0,0
1291.373,0.9629,0,0,0,0
1291.404,0.9629,0,0,0,0
1291.440,0.9629,0,0,0,0
1291.470,0.9629,0,0,0,0
1291.506,0.9629,0,0,0,0
1291.539,0.9629,0,0,0,0
1291.569,0.9629,0,0,0,0
1291.606,0.9629,0,0,0,0
1291.638,0.9629,0,0,0,0
1291.671,0.9629,0,0,0,0
1291.704,0.9629,0,0,0,0
1291.742,0.9629,0,0,0,0
1291.773,0.9629,0,0,0,0
1291.803,0.9629,0,0,0,0
1291.838,0.9629,0,0,0,0
1291.875,0.9629,0,0,0,0
1291.909,0.9629,0,0,0,0
1291.939,0.9629,0,0,0,0
1291.974,0.9629,0,0,0,0
1292.008,0.9629,0,0,0,0
1292.037,0.9629,0,0,0,0
1292.074,0.9629,0,0,0,0
1292.105,0.9629,0,0,0,0
1292.139,0.9629,0,0,0,0
1292.172,0.9629,0,0,0,0
1292.206,0.9629,0,0,0,0
1292.240,0.9629,0,0,0,0
1292.271,0.9629,0,0,0,0
1292.305,0.9629,0,0,0,0
1292.340,0.9629,0,0,0,0
1292.373,0.9629,0,0,0,0
1292.403,0.9629,0,0,0,0
1292.438,0.9629,0,0,0,0
1292.472,0.9629,0,0,0,0
1292.507,0.9629,0,0,0,0
1292.540,0.9629,0,0,0,0
1292.574,0.9629,0,0,0,0
1292.604,0.9629,0,0,0,0
1292.638,0.9629,0,0,0,0
1292.671,0.9629,0,0,0,0
1292.705,0.9629,0,0,0,0
1292.738,0.9629,0,0,0,0
1292.770,0.9629,0,0,0,0
1292.806,0.9629,0,0,0,0
1292.840,0.9629,0,0,0,0
1292.870,0.9629,0,0,0,0
1292.906,0.9629,0,0,0,0
1292.933,0.9629,0,0,0,0
1292.973,0.9629,0,0,0,0
1293.004,0.9629,0,0,0,0
1293.039,0.9629,0,0,0,0
1293.074,0.9629,0,0,0,0
1293.104,0.9629,0,0,0,0
1293.141,0.9629,0,0,0,0
1293.173,0.9629,0,0,0,0
1293.204,0.9629,0,0,0,0
1293.238,0.9629,0,0,0,0
1293.274,0.9629,0,0,0,0
1293.305,0.9629,0,0,0,0
1293.340,0.9629,0,0,0,0
1293.373,0.9629,0,0,0,0
1293.403,0.9629,0,0,0,0
1293.440,0.9629,0,0,0,0
1293.474,0.9629,0,0,0,0
1293.507,0.9629,0,0,0,0
1293.537,0.9629,0,0,0,0
1293.573,0.9629,0,0,0,0
1293.607,0.9629,0,0,0,0
1293.638,0.9629,0,0,0,0
1293.674,0.9629,0,0,0,0
1293.706,0.9629,0,0,0,0
1293.740,0.9629,0,0,0,0
1293.773,0.9629,0,0,0,0
1293.804,0.9629,0,0,0,0
1293.838,0.9629,0,0,0,0
1293.873,0.9629,0,0,0,0
1293.903,0.9629,0,0,0,0
1293.938,0.9629,0,0,0,0
1293.972,0.9629,0,0,0,0
1294.004,0.9629,0,0,0,0
1294.038,0.9629,0,0,0,0
1294.071,0.9629,0,0,0,0
1294.105,0.9629,0,0,0,0
1294.139,0.9629,0,0,0,0
1294.173,0.9629,0,0,0,0
1294.204,0.9629,0,0,0,0
1294.240,0.9629,0,0,0,0
1294.271,0.9629,0,0,0,0
1294.308,0.9629,0,0,0,0
1294.336,0.9629,0,0,0,0
1294.370,0.9629,0,0,0,0
1294.407,0.9629,0,0,0,0
1294.438,0.9629,0,0,0,0
1294.473,0.9629,0,0,0,0
1294.505,0.9629,0,0,0,0
1294.541,0.9629,0,0,0,0
1294.571,0.9629,0,0,0,0
1294.606,0.9629,0,0,0,0
1294.636,0.9629,0,0,0,0
1294.673,0.9629,0,0,0,0
1294.706,0.9629,0,0,0,0
1294.741,0.9629,0,0,0,0
1294.773,0.9629,0,0,0,0
1294.808,0.9629,0,0,0,0
1294.839,0.9629,0,0,0,0
1294.871,0.9629,0,0,0,0
1294.907,0.9629,0,0,0,0
1294.939,0.9629,0,0,0,0
1294.973,0.9629,0,0,0,0
1295.004,0.9629,0,0,0,0
1295.039,0.9629,0,0,0,0
1295.071,0.9629,0,0,0,0
1295.105,0.9629,0,0,0,0
1295.141,0.9629,0,0,0,0
1295.172,0.9629,0,0,0,0
1295.206,0.9629,0,0,0,0
1295.237,0.9629,0,0,0,0
1295.271,0.9629,0,0,0,0
1295.304,0.9629,0,0,0,0
1295.336,0.9629,0,0,0,0
1295.373,0.9629,0,0,0,0
1295.405,0.9629,0,0,0,0
1295.439,0.9629,0,0,0,0
1295.474,0.9629,0,0,0,0
1295.507,0.9629,0,0,0,0
1295.537,0.9629,0,0,0,0
1295.571,0.9629,0,0,0,0
1295.604,0.9629,0,0,0,0
1295.637,0.9629,0,0,0,0
1295.674,0.9629,0,0,0,0
1295.703,0.9629,0,0,0,0
1295.739,0.9629,0,0,0,0
1295.771,0.9629,0,0,0,0
1295.804,0.9629,0,0,0,0
1295.840,0.9629,0,0,0,0
1295.872,0.9629,0,0,0,0
1295.903,0.9629,0,0,0,0
1295.938,0.9629,0,0,0,0
1295.971,0.9629,0,0,0,0
1296.005,0.9629,0,0,0,0
1296.039,0.9629,0,0,0,0
1296.073,0.9629,0,0,0,0
1296.103,0.9629,0,0,0,0
1296.137,0.9629,0,0,0,0
1296.172,0.9629,0,0,0,0
1296.203,0.9629,0,0,0,0
1296.238,0.9629,0,0,0,0
1296.271,0.9629,0,0,0,0
1296.307,0.9629,0,0,0,0
1296.337,0.9629,0,0,0,0
1296.370,0.9629,0,0,0,0
1296.405,0.9629,0,0,0,0
1296.440,0.9629,0,0,0,0
1296.473,0.9629,0,0,0,0
1296.506,0.9629,0,0,0,0
1296.538,0.9629,0,0,0,0
1296.571,0.9629,0,0,0,0
1296.606,0.9629,0,0,0,0
1296.637,0.9629,0,0,0,0
1296.671,0.9629,0,0,0,0
1296.707,0.9629,0,0,0,0
1296.737,0.9629,0,0,0,0
1296.772,0.9629,0,0,0,0
1296.805,0.9629,0,0,0,0
1296.840,0.9629,0,0,0,0
1296.873,0.9629,0,0,0,0
1296.906,0.9629,0,0,0,0
1296.936,0.9629,0,0,0,0
1296.975,0.9629,0,0,0,0
1297.004,0.9629,0,0,0,0
1297.036,0.9629,0,0,0,0
1297.071,0.9629,0,0,0,0
1297.107,0.9629,0,0,0,0
1297.137,0.9629,0,0,0,0
1297.171,0.9629,0,0,0,0
1297.204,0.9629,0,0,0,0
1297.238,0.9629,0,0,0,0
1297.274,0.9629,0,0,0,0
1297.305,0.9629,0,0,0,0
1297.341,0.9629,0,0,0,0
1297.373,0.9629,0,0,0,0
1297.406,0.9629,0,0,0,0
1297.442,0.9629,0,0,0,0
1297.470,0.9629,0,0,0,0
1297.504,0.9629,0,0,0,0
1297.540,0.9629,0,0,0,0
1297.573,0.9629,0,0,0,0
1297.604,0.9629,0,0,0,0
1297.641,0.9629,0,0,0,0
1297.671,0.9629,0,0,0,0
1297.704,0.9629,0,0,0,0
1297.738,0.9629,0,0,0,0
1297.774,0.9629,0,0,0,0
1297.805,0.9629,0,0,0,0
1297.839,0.9629,0,0,0,0
1297.870,0.9629,0,0,0,0
1297.903,0.9629,0,0,0,0
1297.938,0.9629,0,0,0,0
1297.973,0.9629,0,0,0,0
1298.004,0.9629,0,0,0,0
1298.039,0.9629,0,0,0,0
1298.073,0.9629,0,0,0,0
1298.103,0.9629,0,0,0,0
1298.138,0.9629,0,0,0,0
1298.172,0.9629,0,0,0,0
1298.206,0.9629,0,0,0,0
1298.237,0.9629,0,0,0,0
1298.274,0.9629,0,0,0,0
1298.304,0.9629,0,0,0,0
1298.338,0.9629,0,0,0,0
1298.373,0.9629,0,0,0,0
1298.407,0.9629,0,0,0,0
1298.437,0.9629,0,0,0,0
1298.473,0.9629,0,0,0,0
1298.506,0.9629,0,0,0,0
1298.539,0.9629,0,0,0,0
1298.569,0.9629,0,0,0,0
1298.605,0.9629,0,0,0,0
1298.637,0.9629,0,0,0,0
1298.674,0.9629,0,0,0,0
1298.704,0.9629,0,0,0,0
1298.740,0.9629,0,0,0,0
1298.773,0.9629,0,0,0,0
1298.805,0.9629,0,0,0,0
1298.837,0.9629,0,0,0,0
1298.873,0.9629,0,0,0,0
1298.903,0.9629,0,0,0,0
1298.941,0.9629,0,0,0,0
1298.974,0.9629,0,0,0,0
1299.003,0.9629,0,0,0,0
1299.040,0.9629,0,0,0,0
1299.073,0.9629,0,0,0,0
1299.107,0.9629,0,0,0,0
1299.138,0.9629,0,0,0,0
1299.170,0.9629,0,0,0,0
1299.204,0.9629,0,0,0,0
1299.238,0.9629,0,0,0,0
1299.272,0.9629,0,0,0,0
1299.307,0.9629,0,0,0,0
1299.339,0.9629,0,0,0,0
1299.373,0.9629,0,0,0,0
1299.407,0.9629,0,0,0,0
1299.439,0.9629,0,0,0,0
1299.471,0.9629,0,0,0,0
1299.507,0.9629,0,0,0,0
1299.538,0.9629,0,0,0,0
1299.572,0.9629,0,0,0,0
1299.603,0.9629,0,0,0,0
1299.637,0.9629,0,0,0,0
1299.673,0.9629,0,0,0,0
1299.705,0.9629,0,0,0,0
1299.739,0.9629,0,0,0,0
1299.773,0.9629,0,0,0,0
1299.805,0.9629,0,0,0,0
1299.839,0.9629,0,0,0,0
1299.873,0.9629,0,0,0,0
1299.906,0.9629,0,0,0,0
1299.941,0.9629,0,0,0,0
1299.972,0.9629,0,0,0,0
1300.004,0.9629,0,0,0,0
1300.038,0.9629,0,0,0,0
1300.074,0.9629,0,0,0,0
1300.103,0.9629,0,0,0,0
1300.139,0.9629,0,0,0,0
1300.171,0.9629,0,0,0,0
1300.205,0.9629,0,0,0,0
1300.238,0.9629,0,0,0,0
1300.274,0.9629,0,0,0,0
1300.304,0.9629,0,0,0,0
1300.338,0.9629,0,0,0,0
1300.372,0.9629,0,0,0,0
1300.405,0.9629,0,0,0,0
1300.439,0.9629,0,0,0,0
1300.471,0.9629,0,0,0,0
1300.504,0.9629,0,0,0,0
1300.541,0.9629,0,0,0,0
1300.571,0.9629,0,0,0,0
1300.604,0.9629,0,0,0,0
1300.638,0.9629,0,0,0,0
1300.673,0.9629,0,0,0,0
1300.707,0.9629,0,0,0,0
1300.738,0.9629,0,0,0,0
1300.771,0.9629,0,0,0,0
1300.806,0.9629,0,0,0,0
1300.837,0.9629,0,0,0,0
1300.874,0.9629,0,0,0,0
1300.905,0.9629,0,0,0,0
1300.940,0.9629,0,0,0,0
1300.974,0.9629,0,0,0,0
1301.004,0.9629,0,0,0,0
1301.038,0.9629,0,0,0,0
1301.072,0.9629,0,0,0,0
1301.107,0.9629,0,0,0,0
1301.137,0.9629,0,0,0,0
1301.174,0.9629,0,0,0,0
1301.204,0.9629,0,0,0,0
1301.240,0.9629,0,0,0,0
1301.270,0.9629,0,0,0,0
1301.304,0.9629,0,0,0,0
1301.339,0.9629,0,0,0,0
1301.372,0.9629,0,0,0,0
1301.406,0.9629,0,0,0,0
1301.440,0.9629,0,0,0,0
1301.470,0.9629,0,0,0,0
1301.505,0.9629,0,0,0,0
1301.537,0.9629,0,0,0,0
1301.571,0.9629,0,0,0,0
1301.603,0.9629,0,0,0,0
1301.636,0.9629,0,0,0,0
1301.671,0.9629,0,0,0,0
1301.705,0.9629,0,0,0,0
1301.737,0.9629,0,0,0,0
1301.774,0.9629,0,0,0,0
1301.808,0.9629,0,0,0,0
1301.840,0.9629,0,0,0,0
1301.873,0.9629,0,0,0,0
1301.905,0.9629,0,0,0,0
1301.940,0.9629,0,0,0,0
1301.974,0.9629,0,0,0,0
1302.006,0.9629,0,0,0,0
1302.040,0.9629,0,0,0,0
1302.073,0.9629,0,0,0,0
1302.104,0.9629,0,0,0,0
1302.138,0.9629,0,0,0,0
1302.170,0.9629,0,0,0,0
1302.204,0.9629,0,0,0,0
1302.236,0.9629,0,0,0,0
1302.274,0.9629,0,0,0,0
1302.305,0.9629,0,0,0,0
1302.338,0.9629,0,0,0,0
1302.371,0.9629,0,0,0,0
1302.406,0.9629,0,0,0,0
1302.440,0.9629,0,0,0,0
1302.470,0.9629,0,0,0,0
1302.505,0.9629,0,0,0,0
1302.537,0.9629,0,0,0,0
1302.573,0.9629,0,0,0,0
1302.606,0.9629,0,0,0,0
1302.637,0.9629,0,0,0,0
1302.670,0.9629,0,0,0,0
1302.704,0.9629,0,0,0,0
1302.739,0.9629,0,0,0,0
1302.772,0.9629,0,0,0,0
1302.806,0.9629,0,0,0,0
1302.839,0.9629,0,0,0,0
1302.874,0.9629,0,0,0,0
1302.904,0.9629,0,0,0,0
1302.940,0.9629,0,0,0,0
1302.971,0.9629,0,0,0,0
1303.005,0.9629,0,0,0,0
1303.031,0.9629,0,0,0,0
1303.070,0.9629,0,0,0,0
1303.107,0.9629,0,0,0,0
1303.138,0.9629,0,0,0,0
1303.172,0.9629,0,0,0,0
1303.206,0.9629,0,0,0,0
1303.241,0.9629,0,0,0,0
1303.273,0.9629,0,0,0,0
1303.303,0.9629,0,0,0,0
1303.339,0.9629,0,0,0,0
1303.371,0.9629,0,0,0,0
1303.409,0.9629,0,0,0,0
1303.439,0.9629,0,0,0,0
1303.473,0.9629,0,0,0,0
1303.507,0.9629,0,0,0,0
1303.537,0.9629,0,0,0,0
1303.574,0.9629,0,0,0,0
1303.605,0.9629,0,0,0,0
1303.639,0.9629,0,0,0,0
1303.672,0.9629,0,0,0,0
1303.706,0.9629,0,0,0,0
1303.737,0.9629,0,0,0,0
1303.770,0.9629,0,0,0,0
1303.805,0.9629,0,0,0,0
1303.840,0.9629,0,0,0,0
1303.871,0.9629,0,0,0,0
1303.906,0.9629,0,0,0,0
1303.937,0.9629,0,0,0,0
1303.973,0.9629,0,0,0,0
1304.004,0.9629,0,0,0,0
1304.038,0.9629,0,0,0,0
1304.073,0.9629,0,0,0,0
1304.104,0.9629,0,0,0,0
1304.137,0.9629,0,0,0,0
1304.172,0.9629,0,0,0,0
1304.206,0.9629,0,0,0,0
1304.239,0.9629,0,0,0,0
1304.271,0.9629,0,0,0,0
1304.307,0.9629,0,0,0,0
1304.339,0.9629,0,0,0,0
1304.372,0.9629,0,0,0,0
1304.406,0.9629,0,0,0,0
1304.440,0.9629,0,0,0,0
1304.472,0.9629,0,0,0,0
1304.507,0.9629,0,0,0,0
1304.539,0.9629,0,0,0,0
1304.575,0.9629,0,0,0,0
1304.608,0.9629,0,0,0,0
1304.637,0.9629,0,0,0,0
1304.671,0.9629,0,0,0,0
1304.705,0.9629,0,0,0,0
1304.739,0.9629,0,0,0,0
1304.770,0.9629,0,0,0,0
1304.804,0.9629,0,0,0,0
1304.840,0.9629,0,0,0,0
1304.873,0.9629,0,0,0,0
1304.905,0.9629,0,0,0,0
1304.939,0.9629,0,0,0,0
1304.970,0.9629,0,0,0,0
1305.007,0.9629,0,0,0,0
1305.038,0.9629,0,0,0,0
1305.072,0.9629,0,0,0,0
1305.103,0.9629,0,0,0,0
1305.137,0.9629,0,0,0,0
1305.172,0.9629,0,0,0,0
1305.205,0.9629,0,0,0,0
1305.239,0.9629,0,0,0,0
1305.273,0.9629,0,0,0,0
1305.304,0.9629,0,0,0,0
1305.340,0.9629,0,0,0,0
1305.371,0.9629,0,0,0,0
1305.404,0.9629,0,0,0,0
1305.440,0.9629,0,0,0,0
1305.474,0.9629,0,0,0,0
1305.506,0.9629,0,0,0,0
1305.539,0.9629,0,0,0,0
1305.571,0.9629,0,0,0,0
1305.605,0.9629,0,0,0,0
1305.638,0.9629,0,0,0,0
1305.671,0.9629,0,0,0,0
1305.705,0.9629,0,0,0,0
1305.740,0.9629,0,0,0,0
1305.773,0.9629,0,0,0,0
1305.804,0.9629,0,0,0,0
1305.840,0.9629,0,0,0,0
1305.873,0.9629,0,0,0,0
1305.907,0.9629,0,0,0,0
1305.929,0.9629,0,0,0,0
1305.973,0.9629,0,0,0,0
1306.000,0.9629,0,0,0,0
1306.037,0.9629,0,0,0,0
1306.073,0.9629,0,0,0,0
1306.105,0.9629,0,0,0,0
1306.139,0.9629,0,0,0,0
1306.171,0.9629,0,0,0,0
1306.207,0.9629,0,0,0,0
1306.238,0.9629,0,0,0,0
1306.273,0.9629,0,0,0,0
1306.306,0.9629,0,0,0,0
1306.338,0.9629,0,0,0,0
1306.371,0.9629,0,0,0,0
1306.404,0.9629,0,0,0,0
1306.441,0.9629,0,0,0,0
1306.470,0.9629,0,0,0,0
1306.507,0.9629,0,0,0,0
1306.540,0.9629,0,0,0,0
1306.572,0.9629,0,0,0,0
1306.604,0.9629,0,0,0,0
1306.637,0.9629,0,0,0,0
1306.673,0.9629,0,0,0,0
1306.707,0.9629,0,0,0,0
1306.737,0.9629,0,0,0,0
1306.771,0.9629,0,0,0,0
1306.805,0.9629,0,0,0,0
1306.838,0.9629,0,0,0,0
1306.875,0.9629,0,0,0,0
1306.906,0.9629,0,0,0,0
1306.937,0.9629,0,0,0,0
1306.974,0.9629,0,0,0,0
1307.005,0.9629,0,0,0,0
1307.041,0.9629,0,0,0,0
1307.071,0.9629,0,0,0,0
1307.107,0.9629,0,0,0,0
1307.136,0.9629,0,0,0,0
1307.173,0.9629,0,0,0,0
1307.207,0.9629,0,0,0,0
1307.241,0.9629,0,0,0,0
1307.271,0.9629,0,0,0,0
1307.307,0.9629,0,0,0,0
1307.340,0.9629,0,0,0,0
1307.374,0.9629,0,0,0,0
1307.404,0.9629,0,0,0,0
1307.439,0.9629,0,0,0,0
1307.472,0.9629,0,0,0,0
1307.506,0.9629,0,0,0,0
1307.539,0.9629,0,0,0,0
1307.571,0.9629,0,0,0,0
1307.605,0.9629,0,0,0,0
1307.640,0.9629,0,0,0,0
1307.670,0.9629,0,0,0,0
1307.704,0.9629,0,0,0,0
1307.740,0.9629,0,0,0,0
1307.772,0.9629,0,0,0,0
1307.806,0.9629,0,0,0,0
1307.837,0.9629,0,0,0,0
1307.870,0.9629,0,0,0,0
1307.907,0.9629,0,0,0,0
1307.938,0.9629,0,0,0,0
1307.973,0.9629,0,0,0,0
1308.006,0.9629,0,0,0,0
1308.037,0.9629,0,0,0,0
1308.074,0.9629,0,0,0,0
1308.106,0.9629,0,0,0,0
1308.138,0.9629,0,0,0,0
1308.171,0.9629,0,0,0,0
1308.204,0.9629,0,0,0,0
1308.240,0.9629,0,0,0,0
1308.273,0.9629,0,0,0,0
1308.307,0.9629,0,0,0,0
1308.337,0.9629,0,0,0,0
1308.370,0.9629,0,0,0,0
1308.405,0.9629,0,0,0,0
1308.437,0.9629,0,0,0,0
1308.471,0.9629,0,0,0,0
1308.506,0.9629,0,0,0,0
1308.541,0.9629,0,0,0,0
1308.572,0.9629,0,0,0,0
1308.605,0.9629,0,0,0,0
1308.640,0.9629,0,0,0,0
1308.671,0.9629,0,0,0,0
1308.703,0.9629,0,0,0,0
1308.739,0.9629,0,0,0,0
1308.772,0.9629,0,0,0,0
1308.806,0.9629,0,0,0,0
1308.840,0.9629,0,0,0,0
1308.873,0.9629,0,0,0,0
1308.902,0.9629,0,0,0,0
1308.940,0.9629,0,0,0,0
1308.972,0.9629,0,0,0,0
1309.005,0.9629,0,0,0,0
1309.046,0.9629,0,0,0,0
1309.068,0.9629,0,0,0,0
1309.105,0.9629,0,0,0,0
1309.139,0.9629,0,0,0,0
1309.173,0.9629,0,0,0,0
1309.207,0.9629,0,0,0,0
1309.237,0.9629,0,0,0,0
1309.270,0.9629,0,0,0,0
1309.308,0.9629,0,0,0,0
1309.338,0.9629,0,0,0,0
1309.373,0.9629,0,0,0,0
1309.407,0.9629,0,0,0,0
1309.439,0.9629,0,0,0,0
1309.473,0.9629,0,0,0,0
1309.505,0.9629,0,0,0,0
1309.541,0.9629,0,0,0,0
1309.574,0.9629,0,0,0,0
1309.606,0.9629,0,0,0,0
1309.641,0.9629,0,0,0,0
1309.672,0.9629,0,0,0,0
1309.707,0.9629,0,0,0,0
1309.739,0.9629,0,0,0,0
1309.774,0.9629,0,0,0,0
1309.804,0.9629,0,0,0,0
1309.842,0.9629,0,0,0,0
1309.874,0.9629,0,0,0,0
1309.905,0.9629,0,0,0,0
1309.937,0.9629,0,0,0,0
1309.973,0.9629,0,0,0,0
1310.007,0.9629,0,0,0,0
1310.041,0.9629,0,0,0,0
1310.071,0.9629,0,0,0,0
1310.105,0.9629,0,0,0,0
1310.140,0.9629,0,0,0,0
1310.172,0.9629,0,0,0,0
1310.206,0.9629,0,0,0,0
1310.240,0.9629,0,0,0,0
1310.273,0.9629,0,0,0,0
1310.307,0.9629,0,0,0,0
1310.339,0.9629,0,0,0,0
1310.371,0.9629,0,0,0,0
1310.403,0.9629,0,0,0,0
1310.440,0.9629,0,0,0,0
1310.470,0.9629,0,0,0,0
1310.504,0.9629,0,0,0,0
1310.540,0.9629,0,0,0,0
1310.571,0.9629,0,0,0,0
1310.608,0.9629,0,0,0,0
1310.638,0.9629,0,0,0,0
1310.671,0.9629,0,0,0,0
1310.704,0.9629,0,0,0,0
1310.738,0.9629,0,0,0,0
1310.774,0.9629,0,0,0,0
1310.807,0.9629,0,0,0,0
1310.840,0.9629,0,0,0,0
1310.870,0.9629,0,0,0,0
1310.904,0.9629,0,0,0,0
1310.936,0.9629,0,0,0,0
1310.972,0.9629,0,0,0,0
1311.007,0.9629,0,0,0,0
1311.039,0.9629,0,0,0,0
1311.073,0.9629,0,0,0,0
1311.107,0.9629,0,0,0,0
1311.141,0.9629,0,0,0,0
1311.171,0.9629,0,0,0,0
1311.206,0.9629,0,0,0,0
1311.237,0.9629,0,0,0,0
1311.274,0.9629,0,0,0,0
1311.304,0.9629,0,0,0,0
1311.341,0.9629,0,0,0,0
1311.373,0.9629,0,0,0,0
1311.403,0.9629,0,0,0,0
1311.437,0.9629,0,0,0,0
1311.472,0.9629,0,0,0,0
1311.507,0.9629,0,0,0,0
1311.537,0.9629,0,0,0,0
1311.574,0.9629,0,0,0,0
1311.604,0.9629,0,0,0,0
1311.639,0.9629,0,0,0,0
1311.670,0.9629,0,0,0,0
1311.703,0.9629,0,0,0,0
1311.738,0.9629,0,0,0,0
1311.772,0.9629,0,0,0,0
1311.807,0.9629,0,0,0,0
1311.841,0.9629,0,0,0,0
1311.873,0.9629,0,0,0,0
1311.906,0.9629,0,0,0,0
1311.940,0.9629,0,0,0,0
1311.970,0.9629,0,0,0,0
1312.006,0.9629,0,0,0,0
1312.037,0.9629,0,0,0,0
1312.074,0.9629,0,0,0,0
1312.104,0.9629,0,0,0,0
1312.138,0.9629,0,0,0,0
1312.173,0.9629,0,0,0,0
1312.204,0.9629,0,0,0,0
1312.239,0.9629,0,0,0,0
1312.270,0.9629,0,0,0,0
1312.306,0.9629,0,0,0,0
1312.336,0.9629,0,0,0,0
1312.374,0.9629,0,0,0,0
1312.404,0.9629,0,0,0,0
1312.438,0.9629,0,0,0,0
1312.473,0.9629,0,0,0,0
1312.504,0.9629,0,0,0,0
1312.540,0.9629,0,0,0,0
1312.572,0.9629,0,0,0,0
1312.605,0.9629,0,0,0,0
1312.641,0.9629,0,0,0,0
1312.673,0.9629,0,0,0,0
1312.704,0.9629,0,0,0,0
1312.738,0.9629,0,0,0,0
1312.770,0.9629,0,0,0,0
1312.804,0.9629,0,0,0,0
1312.839,0.9629,0,0,0,0
1312.870,0.9629,0,0,0,0
1312.905,0.9629,0,0,0,0
1312.940,0.9629,0,0,0,0
1312.974,0.9629,0,0,0,0
1313.005,0.9629,0,0,0,0
1313.040,0.9629,0,0,0,0
1313.070,0.9629,0,0,0,0
1313.104,0.9629,0,0,0,0
1313.140,0.9629,0,0,0,0
1313.170,0.9629,0,0,0,0
1313.204,0.9629,0,0,0,0
1313.241,0.9629,0,0,0,0
1313.274,0.9629,0,0,0,0
1313.306,0.9629,0,0,0,0
1313.341,0.9629,0,0,0,0
1313.372,0.9629,0,0,0,0
1313.406,0.9629,0,0,0,0
1313.437,0.9629,0,0,0,0
1313.470,0.9629,0,0,0,0
1313.503,0.9629,0,0,0,0
1313.540,0.9629,0,0,0,0
1313.573,0.9629,0,0,0,0
1313.605,0.9629,0,0,0,0
1313.639,0.9629,0,0,0,0
1313.671,0.9629,0,0,0,0
1313.705,0.9629,0,0,0,0
1313.741,0.9629,0,0,0,0
1313.771,0.9629,0,0,0,0
1313.807,0.9629,0,0,0,0
1313.838,0.9629,0,0,0,0
1313.872,0.9629,0,0,0,0
1313.904,0.9629,0,0,0,0
1313.937,0.9629,0,0,0,0
1313.972,0.9629,0,0,0,0
1314.006,0.9629,0,0,0,0
1314.038,0.9629,0,0,0,0
1314.072,0.9629,0,0,0,0
1314.106,0.9629,0,0,0,0
1314.137,0.9629,0,0,0,0
1314.170,0.9629,0,0,0,0
1314.205,0.9629,0,0,0,0
1314.239,0.9629,0,0,0,0
1314.270,0.9629,0,0,0,0
1314.306,0.9629,0,0,0,0
1314.338,0.9629,0,0,0,0
1314.371,0.9629,0,0,0,0
1314.405,0.9629,0,0,0,0
1314.439,0.9629,0,0,0,0
1314.472,0.9629,0,0,0,0
1314.503,0.9629,0,0,0,0
1314.537,0.9629,0,0,0,0
1314.573,0.9629,0,0,0,0
1314.604,0.9629,0,0,0,0
1314.638,0.9629,0,0,0,0
1314.670,0.9629,0,0,0,0
1314.703,0.9629,0,0,0,0
1314.736,0.9629,0,0,0,0
1314.772,0.9629,0,0,0,0
1314.804,0.9629,0,0,0,0
1314.840,0.9629,0,0,0,0
1314.874,0.9629,0,0,0,0
1314.903,0.9629,0,0,0,0
1314.941,0.9629,0,0,0,0
1314.966,0.9629,0,0,0,0
1315.006,0.9629,0,0,0,0
1315.039,0.9629,0,0,0,0
1315.075,0.9629,0,0,0,0
1315.105,0.9629,0,0,0,0
1315.140,0.9629,0,0,0,0
1315.173,0.9629,0,0,0,0
1315.204,0.9629,0,0,0,0
1315.240,0.9629,0,0,0,0
1315.271,0.9629,0,0,0,0
1315.304,0.9629,0,0,0,0
1315.339,0.9629,0,0,0,0
1315.372,0.9629,0,0,0,0
1315.405,0.9629,0,0,0,0
1315.440,0.9629,0,0,0,0
1315.471,0.9629,0,0,0,0
1315.504,0.9629,0,0,0,0
1315.539,0.9629,0,0,0,0
1315.573,0.9629,0,0,0,0
1315.605,0.9629,0,0,0,0
1315.637,0.9629,0,0,0,0
1315.671,0.9629,0,0,0,0
1315.704,0.9629,0,0,0,0
1315.739,0.9629,0,0,0,0
1315.774,0.9629,0,0,0,0
1315.803,0.9629,0,0,0,0
1315.838,0.9629,0,0,0,0
1315.871,0.9629,0,0,0,0
1315.903,0.9629,0,0,0,0
1315.938,0.9629,0,0,0,0
1315.973,0.9629,0,0,0,0
1316.006,0.9629,0,0,0,0
1316.040,0.9629,0,0,0,0
1316.071,0.9629,0,0,0,0
1316.109,0.9629,0,0,0,0
1316.139,0.9629,0,0,0,0
1316.174,0.9629,0,0,0,0
1316.205,0.9629,0,0,0,0
1316.242,0.9629,0,0,0,0
1316.274,0.9629,0,0,0,0
1316.305,0.9629,0,0,0,0
1316.337,0.9629,0,0,0,0
1316.372,0.9629,0,0,0,0
1316.407,0.9629,0,0,0,0
1316.436,0.9629,0,0,0,0
1316.470,0.9629,0,0,0,0
1316.507,0.9629,0,0,0,0
1316.537,0.9629,0,0,0,0
1316.575,0.9629,0,0,0,0
1316.607,0.9629,0,0,0,0
1316.637,0.9629,0,0,0,0
1316.674,0.9629,0,0,0,0
1316.707,0.9629,0,0,0,0
1316.739,0.9629,0,0,0,0
1316.774,0.9629,0,0,0,0
1316.807,0.9629,0,0,0,0
1316.839,0.9629,0,0,0,0
1316.873,0.9629,0,0,0,0
1316.907,0.9629,0,0,0,0
1316.937,0.9629,0,0,0,0
1316.970,0.9629,0,0,0,0
1317.005,0.9629,0,0,0,0
1317.037,0.9629,0,0,0,0
1317.071,0.9629,0,0,0,0
1317.108,0.9629,0,0,0,0
1317.139,0.9629,0,0,0,0
1317.172,0.9629,0,0,0,0
1317.204,0.9629,0,0,0,0
1317.240,0.9629,0,0,0,0
1317.272,0.9629,0,0,0,0
1317.306,0.9629,0,0,0,0
1317.342,0.9629,0,0,0,0
1317.362,0.9629,0,0,0,0
1317.407,0.9629,0,0,0,0
1317.429,0.9629,0,0,0,0
1317.473,0.9629,0,0,0,0
1317.503,0.9629,0,0,0,0
1317.540,0.9629,0,0,0,0
1317.574,0.9629,0,0,0,0
1317.606,0.9629,0,0,0,0
1317.638,0.9629,0,0,0,0
1317.671,0.9629,0,0,0,0
1317.704,0.9629,0,0,0,0
1317.739,0.9629,0,0,0,0
1317.771,0.9629,0,0,0,0
1317.805,0.9629,0,0,0,0
1317.837,0.9629,0,0,0,0
1317.872,0.9629,0,0,0,0
1317.904,0.9629,0,0,0,0
1317.940,0.9629,0,0,0,0
1317.972,0.9629,0,0,0,0
1318.007,0.9629,0,0,0,0
1318.041,0.9629,0,0,0,0
1318.071,0.9629,0,0,0,0
1318.109,0.9629,0,0,0,0
1318.138,0.9629,0,0,0,0
1318.173,0.9629,0,0,0,0
1318.202,0.9629,0,0,0,0
1318.240,0.9629,0,0,0,0
1318.275,0.9629,0,0,0,0
1318.305,0.9629,0,0,0,0
1318.340,0.9629,0,0,0,0
1318.371,0.9629,0,0,0,0
1318.406,0.9629,0,0,0,0
1318.440,0.9629,0,0,0,0
1318.470,0.9629,0,0,0,0
1318.505,0.9629,0,0,0,0
1318.537,0.9629,0,0,0,0
1318.571,0.9629,0,0,0,0
1318.607,0.9629,0,0,0,0
1318.641,0.9629,0,0,0,0
1318.672,0.9629,0,0,0,0
1318.707,0.9629,0,0,0,0
1318.742,0.9629,0,0,0,0
1318.772,0.9629,0,0,0,0
1318.806,0.9629,0,0,0,0
1318.840,0.9629,0,0,0,0
1318.872,0.9629,0,0,0,0
1318.907,0.9629,0,0,0,0
1318.937,0.9629,0,0,0,0
1318.970,0.9629,0,0,0,0
1319.003,0.9629,0,0,0,0
1319.036,0.9629,0,0,0,0
1319.082,0.9629,0,0,0,0
1319.106,0.9629,0,0,0,0
1319.139,0.9629,0,0,0,0
1319.173,0.9629,0,0,0,0
1319.206,0.9629,0,0,0,0
1319.239,0.9629,0,0,0,0
1319.273,0.9629,0,0,0,0
1319.306,0.9629,0,0,0,0
1319.338,0.9629,0,0,0,0
1319.374,0.9629,0,0,0,0
1319.407,0.9629,0,0,0,0
1319.441,0.9629,0,0,0,0
1319.470,0.9629,0,0,0,0
1319.504,0.9629,0,0,0,0
1319.539,0.9629,0,0,0,0
1319.572,0.9629,0,0,0,0
1319.604,0.9629,0,0,0,0
1319.638,0.9629,0,0,0,0
1319.670,0.9629,0,0,0,0
1319.707,0.9629,0,0,0,0
1319.739,0.9629,0,0,0,0
1319.774,0.9629,0,0,0,0
1319.805,0.9629,0,0,0,0
1319.837,0.9629,0,0,0,0
1319.871,0.9629,0,0,0,0
1319.907,0.9629,0,0,0,0
1319.938,0.9629,0,0,0,0
1319.971,0.9629,0,0,0,0
1320.006,0.9629,0,0,0,0
1320.038,0.9629,0,0,0,0
1320.077,0.9629,0,0,0,0
1320.103,0.9629,0,0,0,0
1320.140,0.9629,0,0,0,0
1320.171,0.9629,0,0,0,0
1320.206,0.9629,0,0,0,0
1320.239,0.9629,0,0,0,0
1320.272,0.9629,0,0,0,0
1320.307,0.9629,0,0,0,0
1320.337,0.9629,0,0,0,0
1320.372,0.9629,0,0,0,0
1320.406,0.9629,0,0,0,0
1320.436,0.9629,0,0,0,0
1320.473,0.9629,0,0,0,0
1320.500,0.9629,0,0,0,0
1320.538,0.9629,0,0,0,0
1320.572,0.9629,0,0,0,0
1320.606,0.9629,0,0,0,0
1320.636,0.9629,0,0,0,0
1320.675,0.9629,0,0,0,0
1320.703,0.9629,0,0,0,0
1320.739,0.9629,0,0,0,0
1320.774,0.9629,0,0,0,0
1320.807,0.9629,0,0,0,0
1320.838,0.9629,0,0,0,0
1320.875,0.9629,0,0,0,0
1320.903,0.9629,0,0,0,0
1320.937,0.9629,0,0,0,0
1320.971,0.9629,0,0,0,0
1321.006,0.9629,0,0,0,0
1321.041,0.9629,0,0,0,0
1321.073,0.9629,0,0,0,0
1321.105,0.9629,0,0,0,0
1321.138,0.9629,0,0,0,0
1321.173,0.9629,0,0,0,0
1321.205,0.9629,0,0,0,0
1321.239,0.9629,0,0,0,0
1321.272,0.9629,0,0,0,0
1321.307,0.9629,0,0,0,0
1321.339,0.9629,0,0,0,0
1321.372,0.9629,0,0,0,0
1321.407,0.9629,0,0,0,0
1321.439,0.9629,0,0,0,0
1321.472,0.9629,0,0,0,0
1321.507,0.9629,0,0,0,0
1321.537,0.9629,0,0,0,0
1321.570,0.9629,0,0,0,0
1321.605,0.9629,0,0,0,0
1321.640,0.9629,0,0,0,0
1321.671,0.9629,0,0,0,0
1321.704,0.9629,0,0,0,0
1321.737,0.9629,0,0,0,0
1321.774,0.9629,0,0,0,0
1321.803,0.9629,0,0,0,0
1321.837,0.9629,0,0,0,0
1321.873,0.9629,0,0,0,0
1321.916,0.9629,0,0,0,0
1321.933,0.9629,0,0,0,0
1321.973,0.9629,0,0,0,0
1322.005,0.9629,0,0,0,0
1322.038,0.9629,0,0,0,0
1322.071,0.9629,0,0,0,0
1322.104,0.9629,0,0,0,0
1322.140,0.9629,0,0,0,0
1322.172,0.9629,0,0,0,0
1322.203,0.9629,0,0,0,0
1322.240,0.9629,0,0,0,0
1322.274,0.9629,0,0,0,0
1322.296,0.9629,0,0,0,0
1322.339,0.9629,0,0,0,0
1322.372,0.9629,0,0,0,0
1322.405,0.9629,0,0,0,0
1322.441,0.9629,0,0,0,0
1322.473,0.9629,0,0,0,0
1322.505,0.9629,0,0,0,0
1322.538,0.9629,0,0,0,0
1322.571,0.9629,0,0,0,0
1322.604,0.9629,0,0,0,0
1322.637,0.9629,0,0,0,0
1322.670,0.9629,0,0,0,0
1322.705,0.9629,0,0,0,0
1322.738,0.9629,0,0,0,0
1322.771,0.9629,0,0,0,0
1322.803,0.9629,0,0,0,0
1322.837,0.9629,0,0,0,0
1322.871,0.9629,0,0,0,0
1322.907,0.9629,0,0,0,0
1322.938,0.9629,0,0,0,0
1322.974,0.9629,0,0,0,0
1323.004,0.9629,0,0,0,0
1323.040,0.9629,0,0,0,0
1323.072,0.9629,0,0,0,0
1323.104,0.9629,0,0,0,0
1323.141,0.9629,0,0,0,0
1323.172,0.9629,0,0,0,0
1323.203,0.9629,0,0,0,0
1323.239,0.9629,0,0,0,0
1323.273,0.9629,0,0,0,0
1323.301,0.9629,0,0,0,0
1323.340,0.9629,0,0,0,0
1323.372,0.9629,0,0,0,0
1323.403,0.9629,0,0,0,0
1323.438,0.9629,0,0,0,0
1323.471,0.9629,0,0,0,0
1323.506,0.9629,0,0,0,0
1323.539,0.9629,0,0,0,0
1323.573,0.9629,0,0,0,0
1323.607,0.9629,0,0,0,0
1323.640,0.9629,0,0,0,0
1323.674,0.9629,0,0,0,0
1323.706,0.9629,0,0,0,0
1323.738,0.9629,0,0,0,0
1323.771,0.9629,0,0,0,0
1323.807,0.9629,0,0,0,0
1323.839,0.9629,0,0,0,0
1323.875,0.9629,0,0,0,0
1323.903,0.9629,0,0,0,0
1323.940,0.9629,0,0,0,0
1323.971,0.9629,0,0,0,0
1324.005,0.9629,0,0,0,0
1324.040,0.9629,0,0,0,0
1324.074,0.9629,0,0,0,0
1324.104,0.9629,0,0,0,0
1324.139,0.9629,0,0,0,0
1324.170,0.9629,0,0,0,0
1324.203,0.9629,0,0,0,0
1324.237,0.9629,0,0,0,0
1324.270,0.9629,0,0,0,0
1324.306,0.9629,0,0,0,0
1324.336,0.9629,0,0,0,0
1324.372,0.9629,0,0,0,0
1324.403,0.9629,0,0,0,0
1324.437,0.9629,0,0,0,0
1324.471,0.9629,0,0,0,0
1324.504,0.9629,0,0,0,0
1324.541,0.9629,0,0,0,0
1324.575,0.9629,0,0,0,0
1324.610,0.9629,0,0,0,0
1324.639,0.9629,0,0,0,0
1324.677,0.9629,0,0,0,0
1324.707,0.9629,0,0,0,0
1324.737,0.9629,0,0,0,0
1324.770,0.9629,0,0,0,0
1324.808,0.9629,0,0,0,0
1324.837,0.9629,0,0,0,0
1324.870,0.9629,0,0,0,0
1324.906,0.9629,0,0,0,0
1324.937,0.9629,0,0,0,0
1324.971,0.9629,0,0,0,0
1325.005,0.9629,0,0,0,0
1325.040,0.9629,0,0,0,0
1325.071,0.9629,0,0,0,0
1325.104,0.9629,0,0,0,0
1325.139,0.9629,0,0,0,0
1325.173,0.9629,0,0,0,0
1325.204,0.9629,0,0,0,0
1325.239,0.9629,0,0,0,0
1325.272,0.9629,0,0,0,0
1325.305,0.9629,0,0,0,0
1325.338,0.9629,0,0,0,0
1325.373,0.9629,0,0,0,0
1325.407,0.9629,0,0,0,0
1325.441,0.9629,0,0,0,0
1325.470,0.9629,0,0,0,0
1325.508,0.9629,0,0,0,0
1325.538,0.9629,0,0,0,0
1325.574,0.9629,0,0,0,0
1325.605,0.9629,0,0,0,0
1325.638,0.9629,0,0,0,0
1325.673,0.9629,0,0,0,0
1325.706,0.9629,0,0,0,0
1325.737,0.9629,0,0,0,0
1325.770,0.9629,0,0,0,0
1325.803,0.9629,0,0,0,0
1325.838,0.9629,0,0,0,0
1325.872,0.9629,0,0,0,0
1325.904,0.9629,0,0,0,0
1325.938,0.9629,0,0,0,0
1325.971,0.9629,0,0,0,0
1326.006,0.9629,0,0,0,0
1326.041,0.9629,0,0,0,0
1326.071,0.9629,0,0,0,0
1326.105,0.9629,0,0,0,0
1326.141,0.9629,0,0,0,0
1326.173,0.9629,0,0,0,0
1326.209,0.9629,0,0,0,0
1326.236,0.9629,0,0,0,0
1326.270,0.9629,0,0,0,0
1326.304,0.9629,0,0,0,0
1326.338,0.9629,0,0,0,0
1326.372,0.9629,0,0,0,0
1326.408,0.9629,0,0,0,0
1326.441,0.9629,0,0,0,0
1326.473,0.9629,0,0,0,0
1326.504,0.9629,0,0,0,0
1326.540,0.9629,0,0,0,0
1326.575,0.9629,0,0,0,0
1326.606,0.9629,0,0,0,0
1326.641,0.9629,0,0,0,0
1326.671,0.9629,0,0,0,0
1326.706,0.9629,0,0,0,0
1326.740,0.9629,0,0,0,0
1326.774,0.9629,0,0,0,0
1326.807,0.9629,0,0,0,0
1326.840,0.9629,0,0,0,0
1326.871,0.9629,0,0,0,0
1326.907,0.9629,0,0,0,0
1326.939,0.9629,0,0,0,0
1326.972,0.9629,0,0,0,0
1327.004,0.9629,0,0,0,0
1327.041,0.9629,0,0,0,0
1327.070,0.9629,0,0,0,0
1327.107,0.9629,0,0,0,0
1327.137,0.9629,0,0,0,0
1327.170,0.9629,0,0,0,0
1327.204,0.9629,0,0,0,0
1327.240,0.9629,0,0,0,0
1327.274,0.9629,0,0,0,0
1327.307,0.9629,0,0,0,0
1327.339,0.9629,0,0,0,0
1327.371,0.9629,0,0,0,0
1327.403,0.9629,0,0,0,0
1327.437,0.9629,0,0,0,0
1327.473,0.9629,0,0,0,0
1327.505,0.9629,0,0,0,0
1327.537,0.9629,0,0,0,0
1327.572,0.9629,0,0,0,0
1327.605,0.9629,0,0,0,0
1327.638,0.9629,0,0,0,0
1327.672,0.9629,0,0,0,0
1327.704,0.9629,0,0,0,0
1327.737,0.9629,0,0,0,0
1327.770,0.9629,0,0,0,0
1327.804,0.9629,0,0,0,0
1327.841,0.9629,0,0,0,0
1327.873,0.9629,0,0,0,0
1327.904,0.9629,0,0,0,0
1327.937,0.9629,0,0,0,0
1327.970,0.9629,0,0,0,0
1328.008,0.9629,0,0,0,0
1328.040,0.9629,0,0,0,0
1328.070,0.9629,0,0,0,0
1328.105,0.9629,0,0,0,0
1328.141,0.9629,0,0,0,0
1328.170,0.9629,0,0,0,0
1328.207,0.9629,0,0,0,0
1328.238,0.9629,0,0,0,0
1328.270,0.9629,0,0,0,0
1328.307,0.9629,0,0,0,0
1328.340,0.9629,0,0,0,0
1328.370,0.9629,0,0,0,0
1328.408,0.9629,0,0,0,0
1328.441,0.9629,0,0,0,0
1328.470,0.9629,0,0,0,0
1328.506,0.9629,0,0,0,0
1328.539,0.9629,0,0,0,0
1328.573,0.9629,0,0,0,0
1328.607,0.9629,0,0,0,0
1328.639,0.9629,0,0,0,0
1328.670,0.9629,0,0,0,0
1328.707,0.9629,0,0,0,0
1328.738,0.9629,0,0,0,0
1328.772,0.9629,0,0,0,0
1328.807,0.9629,0,0,0,0
1328.838,0.9629,0,0,0,0
1328.870,0.9629,0,0,0,0
1328.906,0.9629,0,0,0,0
1328.939,0.9629,0,0,0,0
1328.970,0.9629,0,0,0,0
1329.007,0.9629,0,0,0,0
1329.039,0.9629,0,0,0,0
1329.071,0.9629,0,0,0,0
1329.107,0.9629,0,0,0,0
1329.136,0.9629,0,0,0,0
1329.171,0.9629,0,0,0,0
1329.203,0.9629,0,0,0,0
1329.239,0.9629,0,0,0,0
1329.271,0.9629,0,0,0,0
1329.305,0.9629,0,0,0,0
1329.340,0.9629,0,0,0,0
1329.373,0.9629,0,0,0,0
1329.405,0.9629,0,0,0,0
1329.441,0.9629,0,0,0,0
1329.475,0.9629,0,0,0,0
1329.508,0.9629,0,0,0,0
1329.539,0.9629,0,0,0,0
1329.573,0.9629,0,0,0,0
1329.605,0.9629,0,0,0,0
1329.640,0.9629,0,0,0,0
1329.672,0.9629,0,0,0,0
1329.704,0.9629,0,0,0,0
1329.738,0.9629,0,0,0,0
1329.774,0.9629,0,0,0,0
1329.807,0.9629,0,0,0,0
1329.840,0.9629,0,0,0,0
1329.870,0.9629,0,0,0,0
1329.906,0.9629,0,0,0,0
1329.941,0.9629,0,0,0,0
1329.973,0.9629,0,0,0,0
1330.003,0.9629,0,0,0,0
1330.038,0.9629,0,0,0,0
1330.072,0.9629,0,0,0,0
1330.107,0.9629,0,0,0,0
1330.141,0.9629,0,0,0,0
1330.173,0.9629,0,0,0,0
1330.203,0.9629,0,0,0,0
1330.240,0.9629,0,0,0,0
1330.271,0.9629,0,0,0,0
1330.304,0.9629,0,0,0,0
1330.508,0.9629,0,0,0,0
1330.541,0.9629,0,0,0,0
1330.577,0.9629,0,0,0,0
1330.610,0.9629,0,0,0,0
1330.644,0.9629,0,0,0,0
1330.676,0.9629,0,0,0,0
1331.009,0.9629,0,0,0,0
1331.063,0.9629,0,0,0,0
1331.075,0.9629,0,0,0,0
1331.104,0.9629,0,0,0,0
1331.137,0.9629,0,0,0,0
1331.171,0.9629,0,0,0,0
1331.202,0.9629,0,0,0,0
1331.237,0.9629,0,0,0,0
1331.269,0.9629,0,0,0,0
1331.301,0.9629,0,0,0,0
1331.336,0.9629,0,0,0,0
1331.369,0.9629,0,0,0,0
1331.403,0.9629,0,0,0,0
1331.436,0.9629,0,0,0,0
1331.471,0.9629,0,0,0,0
1331.501,0.9629,0,0,0,0
1331.537,0.9629,0,0,0,0
1331.567,0.9629,0,0,0,0
1331.600,0.9629,0,0,0,0
1331.638,0.9629,0,0,0,0
1331.672,0.9629,0,0,0,0
1331.701,0.9629,0,0,0,0
1331.741,0.9629,0,0,0,0
1331.769,0.9629,0,0,0,0
1331.802,0.9629,0,0,0,0
1331.839,0.9629,0,0,0,0
1331.868,0.9629,0,0,0,0
1331.901,0.9629,0,0,0,0
1331.937,0.9629,0,0,0,0
1331.970,0.9629,0,0,0,0
1332.003,0.9629,0,0,0,0
1332.035,0.9629,0,0,0,0
1332.073,0.9629,0,0,0,0
1332.101,0.9629,0,0,0,0
1332.137,0.9629,0,0,0,0
1332.172,0.9629,0,0,0,0
1332.205,0.9629,0,0,0,0
1332.238,0.9629,0,0,0,0
1332.271,0.9629,0,0,0,0
1332.305,0.9629,0,0,0,0
1332.335,0.9629,0,0,0,0
1332.370,0.9629,0,0,0,0
1332.405,0.9629,0,0,0,0
1332.436,0.9629,0,0,0,0
1332.468,0.9629,0,0,0,0
1332.501,0.9629,0,0,0,0
1332.538,0.9629,0,0,0,0
1332.572,0.9629,0,0,0,0
1332.605,0.9629,0,0,0,0
1332.635,0.9629,0,0,0,0
1332.668,0.9629,0,0,0,0
1332.703,0.9629,0,0,0,0
1332.734,0.9629,0,0,0,0
1332.768,0.9629,0,0,0,0
1332.804,0.9629,0,0,0,0
1332.835,0.9629,0,0,0,0
1332.869,0.9629,0,0,0,0
1332.904,0.9629,0,0,0,0
1332.935,0.9629,0,0,0,0
1332.970,0.9629,0,0,0,0
1333.005,0.9629,0,0,0,0
1333.033,0.9629,0,0,0,0
1333.072,0.9629,0,0,0,0
1333.102,0.9629,0,0,0,0
1333.135,0.9629,0,0,0,0
1333.168,0.9629,0,0,0,0
1333.203,0.9629,0,0,0,0
1333.234,0.9629,0,0,0,0
1333.268,0.9629,0,0,0,0
1333.301,0.9629,0,0,0,0
1333.334,0.9629,0,0,0,0
1333.371,0.9629,0,0,0,0
1333.406,0.9629,0,0,0,0
1333.427,0.9629,0,0,0,0
1333.472,0.9629,0,0,0,0
1333.504,0.9629,0,0,0,0
1333.535,0.9629,0,0,0,0
1333.570,0.9629,0,0,0,0
1333.592,0.9629,0,0,0,0
1333.635,0.9629,0,0,0,0
1333.666,0.9629,0,0,0,0
1333.704,0.9629,0,0,0,0
1333.737,0.9629,0,0,0,0
1333.769,0.9629,0,0,0,0
1333.804,0.9629,0,0,0,0
1333.835,0.9629,0,0,0,0
1333.868,0.9629,0,0,0,0
1333.904,0.9629,0,0,0,0
1333.935,0.9629,0,0,0,0
1333.971,0.9629,0,0,0,0
1333.994,0.9629,0,0,0,0
1334.039,0.9629,0,0,0,0
1334.071,0.9629,0,0,0,0
1334.102,0.9629,0,0,0,0
1334.138,0.9629,0,0,0,0
1334.170,0.9629,0,0,0,0
1334.206,0.9629,0,0,0,0
1334.234,0.9629,0,0,0,0
1334.268,0.9629,0,0,0,0
1334.302,0.9629,0,0,0,0
1334.338,0.9629,0,0,0,0
1334.367,0.9629,0,0,0,0
1334.701,0.9629,0,0,0,0
1334.753,0.9629,0,0,0,0
1334.764,0.9629,0,0,0,0
1334.790,0.9629,0,0,0,0
1334.825,0.9629,0,0,0,0
1334.857,0.9629,0,0,0,0
1334.890,0.9629,0,0,0,0
1334.922,0.9629,0,0,0,0
1334.957,0.9629,0,0,0,0
1334.990,0.9629,0,0,0,0
1335.025,0.9629,0,0,0,0
1335.056,0.9629,0,0,0,0
1335.091,0.9629,0,0,0,0
1335.125,0.9629,0,0,0,0
1335.157,0.9629,0,0,0,0
1335.189,0.9629,0,0,0,0
1335.223,0.9629,0,0,0,0
1335.259,0.9629,0,0,0,0
1335.293,0.9629,0,0,0,0
1335.324,0.9629,0,0,0,0
1335.360,0.9629,0,0,0,0
1335.393,0.9629,0,0,0,0
1335.421,0.9629,0,0,0,0
1335.458,0.9629,0,0,0,0
1335.488,0.9629,0,0,0,0
1335.523,0.9629,0,0,0,0
1335.555,0.9629,0,0,0,0
1335.590,0.9629,0,0,0,0
1335.624,0.9629,0,0,0,0
1335.657,0.9629,0,0,0,0
1335.690,0.9629,0,0,0,0
1335.727,0.9629,0,0,0,0
1335.758,0.9629,0,0,0,0
1335.789,0.9629,0,0,0,0
1335.822,0.9629,0,0,0,0
1335.856,0.9629,0,0,0,0
1335.889,0.9629,0,0,0,0
1335.922,0.9629,0,0,0,0
1335.957,0.9629,0,0,0,0
1335.990,0.9629,0,0,0,0
1336.027,0.9629,0,0,0,0
1336.062,0.9629,0,0,0,0
1336.086,0.9629,0,0,0,0
1336.125,0.9629,0,0,0,0
1336.160,0.9629,0,0,0,0
1336.190,0.9629,0,0,0,0
1336.228,0.9629,0,0,0,0
1336.248,0.9629,0,0,0,0
1336.290,0.9629,0,0,0,0
1336.323,0.9629,0,0,0,0
1336.358,0.9629,0,0,0,0
1336.391,0.9629,0,0,0,0
1336.425,0.9629,0,0,0,0
1336.455,0.9629,0,0,0,0
1336.491,0.9629,0,0,0,0
1336.523,0.9629,0,0,0,0
1336.555,0.9629,0,0,0,0
1336.592,0.9629,0,0,0,0
1336.625,0.9628,0,0,0,0
1336.658,0.9628,0,0,0,0
1336.693,0.9628,0,0,0,0
1336.724,0.9628,0,0,0,0
1336.760,0.9628,0,0,0,0
1336.793,0.9628,0,0,0,0
1336.826,0.9628,0,0,0,0
1336.857,0.9628,0,0,0,0
1336.892,0.9628,0,0,0,0
1336.923,0.9628,0,0,0,0
1336.959,0.9628,0,0,0,0
1336.991,0.9628,0,0,0,0
1337.022,0.9628,0,0,0,0
1337.056,0.9628,0,0,0,0
1337.092,0.9628,0,0,0,0
1337.127,0.9628,0,0,0,0
1337.156,0.9628,0,0,0,0
1337.191,0.9628,0,0,0,0
1337.226,0.9628,0,0,0,0
1337.256,0.9628,0,0,0,0
1337.293,0.9628,0,0,0,0
1337.325,0.9628,0,0,0,0
1337.358,0.9628,0,0,0,0
1337.390,0.9628,0,0,0,0
1337.426,0.9628,0,0,0,0
1337.458,0.9628,0,0,0,0
1337.490,0.9628,0,0,0,0
1337.526,0.9628,0,0,0,0
1337.558,0.9628,0,0,0,0
1337.591,0.9628,0,0,0,0
1337.626,0.9628,0,0,0,0
1337.659,0.9628,0,0,0,0
1337.691,0.9628,0,0,0,0
1337.724,0.9628,0,0,0,0
1337.756,0.9628,0,0,0,0
1337.794,0.9628,0,0,0,0
1337.822,0.9628,0,0,0,0
1337.855,0.9628,0,0,0,0
1337.893,0.9628,0,0,0,0
1337.914,0.9628,0,0,0,0
1337.960,0.9628,0,0,0,0
1337.983,0.9628,0,0,0,0
1338.023,0.9628,0,0,0,0
1338.056,0.9628,0,0,0,0
1338.086,0.9628,0,0,0,0
1338.124,0.9628,0,0,0,0
1338.156,0.9628,0,0,0,0
1338.191,0.9628,0,0,0,0
1338.226,0.9628,0,0,0,0
1338.263,0.9628,0,0,0,0
1338.288,0.9628,0,0,0,0
1338.323,0.9628,0,0,0,0
1338.357,0.9628,0,0,0,0
1338.392,0.9628,0,0,0,0
1338.426,0.9628,0,0,0,0
1338.459,0.9628,0,0,0,0
1338.493,0.9628,0,0,0,0
1338.523,0.9628,0,0,0,0
1338.557,0.9628,0,0,0,0
1338.590,0.9628,0,0,0,0
1338.623,0.9628,0,0,0,0
1338.657,0.9628,0,0,0,0
1338.692,0.9628,0,0,0,0
1338.723,0.9628,0,0,0,0
1338.759,0.9628,0,0,0,0
1338.792,0.9628,0,0,0,0
1338.826,0.9628,0,0,0,0
1338.857,0.9628,0,0,0,0
1338.890,0.9628,0,0,0,0
1338.922,0.9628,0,0,0,0
1338.957,0.9628,0,0,0,0
1338.990,0.9628,0,0,0,0
1339.025,0.9628,0,0,0,0
1339.057,0.9628,0,0,0,0
1339.090,0.9628,0,0,0,0
1339.127,0.9628,0,0,0,0
1339.158,0.9628,0,0,0,0
1339.190,0.9628,0,0,0,0
1339.224,0.9628,0,0,0,0
1339.260,0.9628,0,0,0,0
1339.290,0.9628,0,0,0,0
1339.324,0.9628,0,0,0,0
1339.359,0.9628,0,0,0,0
1339.392,0.9628,0,0,0,0
1339.425,0.9628,0,0,0,0
1339.459,0.9628,0,0,0,0
1339.491,0.9628,0,0,0,0
1339.524,0.9628,0,0,0,0
1339.559,0.9628,0,0,0,0
1339.592,0.9628,0,0,0,0
1339.627,0.9628,0,0,0,0
1339.648,0.9628,0,0,0,0
1339.692,0.9628,0,0,0,0
1339.724,0.9628,0,0,0,0
1339.758,0.9628,0,0,0,0
1339.794,0.9628,0,0,0,0
1339.825,0.9628,0,0,0,0
1339.855,0.9628,0,0,0,0
1339.889,0.9628,0,0,0,0
1339.926,0.9628,0,0,0,0
1339.960,0.9628,0,0,0,0
1339.990,0.9628,0,0,0,0
1340.026,0.9628,0,0,0,0
1340.057,0.9628,0,0,0,0
1340.091,0.9628,0,0,0,0
1340.125,0.9628,0,0,0,0
1340.156,0.9628,0,0,0,0
1340.192,0.9628,0,0,0,0
1340.224,0.9628,0,0,0,0
1340.259,0.9628,0,0,0,0
1340.289,0.9628,0,0,0,0
1340.323,0.9628,0,0,0,0
1340.356,0.9628,0,0,0,0
1340.391,0.9628,0,0,0,0
1340.423,0.9628,0,0,0,0
1340.458,0.9628,0,0,0,0
1340.492,0.9628,0,0,0,0
1340.522,0.9628,0,0,0,0
1340.557,0.9628,0,0,0,0
1340.589,0.9628,0,0,0,0
1340.626,0.9628,0,0,0,0
1340.657,0.9628,0,0,0,0
1340.690,0.9628,0,0,0,0
1340.723,0.9628,0,0,0,0
1340.757,0.9628,0,0,0,0
1340.791,0.9628,0,0,0,0
1340.826,0.9628,0,0,0,0
1340.856,0.9628,0,0,0,0
1340.893,0.9628,0,0,0,0
1340.923,0.9628,0,0,0,0
1340.958,0.9628,0,0,0,0
1340.989,0.9628,0,0,0,0
1341.026,0.9628,0,0,0,0
1341.057,0.9628,0,0,0,0
1341.091,0.9628,0,0,0,0
1341.121,0.9628,0,0,0,0
1341.155,0.9628,0,0,0,0
1341.192,0.9628,0,0,0,0
1341.224,0.9628,0,0,0,0
1341.257,0.9628,0,0,0,0
1341.289,0.9628,0,0,0,0
1341.324,0.9628,0,0,0,0
1341.359,0.9628,0,0,0,0
1341.391,0.9628,0,0,0,0
1341.424,0.9628,0,0,0,0
1341.458,0.9628,0,0,0,0
1341.492,0.9628,0,0,0,0
1341.525,0.9628,0,0,0,0
1341.557,0.9628,0,0,0,0
1341.590,0.9628,0,0,0,0
1341.624,0.9628,0,0,0,0
1341.656,0.9628,0,0,0,0
1341.692,0.9628,0,0,0,0
1341.724,0.9628,0,0,0,0
1341.758,0.9628,0,0,0,0
1341.790,0.9628,0,0,0,0
1341.823,0.9628,0,0,0,0
1341.857,0.9628,0,0,0,0
1341.890,0.9628,0,0,0,0
1341.924,0.9628,0,0,0,0
1341.958,0.9628,0,0,0,0
1341.990,0.9628,0,0,0,0
1342.025,0.9628,0,0,0,0
1342.059,0.9628,0,0,0,0
1342.089,0.9628,0,0,0,0
1342.123,0.9628,0,0,0,0
1342.156,0.9628,0,0,0,0
1342.193,0.9628,0,0,0,0
1342.225,0.9628,0,0,0,0
1342.259,0.9628,0,0,0,0
1342.289,0.9628,0,0,0,0
1342.323,0.9628,0,0,0,0
1342.359,0.9628,0,0,0,0
1342.391,0.9628,0,0,0,0
1342.425,0.9628,0,0,0,0
1342.457,0.9628,0,0,0,0
1342.492,0.9628,0,0,0,0
1342.527,0.9628,0,0,0,0
1342.557,0.9628,0,0,0,0
1342.593,0.9628,0,0,0,0
1342.622,0.9628,0,0,0,0
1342.656,0.9628,0,0,0,0
1342.689,0.9628,0,0,0,0
1342.727,0.9628,0,0,0,0
1342.759,0.9628,0,0,0,0
1342.793,0.9628,0,0,0,0
1342.823,0.9628,0,0,0,0
1342.856,0.9628,0,0,0,0
1342.889,0.9628,0,0,0,0
1342.923,0.9628,0,0,0,0
1342.955,0.9628,0,0,0,0
1342.991,0.9628,0,0,0,0
1343.024,0.9628,0,0,0,0
1343.057,0.9628,0,0,0,0
1343.093,0.9628,0,0,0,0
1343.125,0.9628,0,0,0,0
1343.158,0.9628,0,0,0,0
1343.190,0.9628,0,0,0,0
1343.223,0.9628,0,0,0,0
1343.258,0.9628,0,0,0,0
1343.292,0.9628,0,0,0,0
1343.324,0.9628,0,0,0,0
1343.356,0.9628,0,0,0,0
1343.393,0.9628,0,0,0,0
1343.425,0.9628,0,0,0,0
1343.458,0.9628,0,0,0,0
1343.490,0.9628,0,0,0,0
1343.524,0.9628,0,0,0,0
1343.555,0.9628,0,0,0,0
1343.590,0.9628,0,0,0,0
1343.625,0.9628,0,0,0,0
1343.656,0.9628,0,0,0,0
1343.691,0.9628,0,0,0,0
1343.724,0.9628,0,0,0,0
1343.758,0.9628,0,0,0,0
1343.790,0.9628,0,0,0,0
1343.825,0.9628,0,0,0,0
1343.858,0.9628,0,0,0,0
1343.890,0.9628,0,0,0,0
1343.923,0.9628,0,0,0,0
1343.960,0.9628,0,0,0,0
1343.991,0.9628,0,0,0,0
1344.023,0.9628,0,0,0,0
1344.057,0.9628,0,0,0,0
1344.091,0.9628,0,0,0,0
1344.123,0.9628,0,0,0,0
1344.156,0.9628,0,0,0,0
1344.190,0.9628,0,0,0,0
1344.223,0.9628,0,0,0,0
1344.256,0.9628,0,0,0,0
1344.293,0.9628,0,0,0,0
1344.325,0.9628,0,0,0,0
1344.358,0.9628,0,0,0,0
1344.390,0.9628,0,0,0,0
1344.423,0.9628,0,0,0,0
1344.457,0.9628,0,0,0,0
1344.494,0.9628,0,0,0,0
1344.524,0.9628,0,0,0,0
1344.556,0.9628,0,0,0,0
1344.592,0.9628,0,0,0,0
1344.625,0.9628,0,0,0,0
1344.658,0.9628,0,0,0,0
1344.691,0.9628,0,0,0,0
1344.724,0.9628,0,0,0,0
1344.757,0.9628,0,0,0,0
1344.793,0.9628,0,0,0,0
1344.827,0.9628,0,0,0,0
1344.859,0.9628,0,0,0,0
1344.892,0.9628,0,0,0,0
1344.922,0.9628,0,0,0,0
1344.959,0.9628,0,0,0,0
1344.993,0.9628,0,0,0,0
1345.024,0.9628,0,0,0,0
1345.059,0.9628,0,0,0,0
1345.092,0.9628,0,0,0,0
1345.125,0.9628,0,0,0,0
1345.157,0.9628,0,0,0,0
1345.192,0.9628,0,0,0,0
1345.225,0.9628,0,0,0,0
1345.261,0.9628,0,0,0,0
1345.292,0.9628,0,0,0,0
1345.325,0.9628,0,0,0,0
1345.360,0.9628,0,0,0,0
1345.391,0.9628,0,0,0,0
1345.425,0.9628,0,0,0,0
1345.457,0.9628,0,0,0,0
1345.490,0.9628,0,0,0,0
1345.527,0.9628,0,0,0,0
1345.557,0.9628,0,0,0,0
1345.590,0.9628,0,0,0,0
1345.622,0.9628,0,0,0,0
1345.659,0.9628,0,0,0,0
1345.690,0.9628,0,0,0,0
1345.724,0.9628,0,0,0,0
1345.757,0.9628,0,0,0,0
1345.792,0.9628,0,0,0,0
1345.822,0.9628,0,0,0,0
1345.859,0.9628,0,0,0,0
1345.890,0.9628,0,0,0,0
1345.922,0.9628,0,0,0,0
1345.956,0.9628,0,0,0,0
1345.988,0.9628,0,0,0,0
1346.024,0.9628,0,0,0,0
1346.058,0.9628,0,0,0,0
1346.092,0.9628,0,0,0,0
1346.123,0.9628,0,0,0,0
1346.156,0.9628,0,0,0,0
1346.192,0.9628,0,0,0,0
1346.224,0.9628,0,0,0,0
1346.257,0.9628,0,0,0,0
1346.290,0.9628,0,0,0,0
1346.326,0.9628,0,0,0,0
1346.357,0.9628,0,0,0,0
1346.393,0.9628,0,0,0,0
1346.426,0.9628,0,0,0,0
1346.459,0.9628,0,0,0,0
1346.495,0.9628,0,0,0,0
1346.525,0.9628,0,0,0,0
1346.557,0.9628,0,0,0,0
1346.590,0.9628,0,0,0,0
1346.627,0.9628,0,0,0,0
1346.661,0.9628,0,0,0,0
1346.691,0.9628,0,0,0,0
1346.723,0.9628,0,0,0,0
1346.757,0.9628,0,0,0,0
1346.793,0.9628,0,0,0,0
1346.825,0.9628,0,0,0,0
1346.857,0.9628,0,0,0,0
1346.890,0.9628,0,0,0,0
1346.924,0.9628,0,0,0,0
1346.957,0.9628,0,0,0,0
1346.990,0.9628,0,0,0,0
1347.023,0.9628,0,0,0,0
1347.057,0.9628,0,0,0,0
1347.093,0.9628,0,0,0,0
1347.125,0.9628,0,0,0,0
1347.156,0.9628,0,0,0,0
1347.189,0.9628,0,0,0,0
1347.223,0.9628,0,0,0,0
1347.258,0.9628,0,0,0,0
1347.291,0.9628,0,0,0,0
1347.324,0.9628,0,0,0,0
1347.359,0.9628,0,0,0,0
1347.392,0.9628,0,0,0,0
1347.424,0.9628,0,0,0,0
1347.457,0.9628,0,0,0,0
1347.493,0.9628,0,0,0,0
1347.524,0.9628,0,0,0,0
1347.557,0.9628,0,0,0,0
1347.590,0.9628,0,0,0,0
1347.624,0.9628,0,0,0,0
1347.655,0.9628,0,0,0,0
1347.690,0.9628,0,0,0,0
1347.724,0.9628,0,0,0,0
1347.756,0.9628,0,0,0,0
1347.794,0.9628,0,0,0,0
1347.824,0.9628,0,0,0,0
1347.860,0.9628,0,0,0,0
1347.890,0.9628,0,0,0,0
1347.923,0.9628,0,0,0,0
1347.960,0.9628,0,0,0,0
1347.988,0.9628,0,0,0,0
1348.022,0.9628,0,0,0,0
1348.056,0.9628,0,0,0,0
1348.092,0.9628,0,0,0,0
1348.125,0.9628,0,0,0,0
1348.160,0.9628,0,0,0,0
1348.191,0.9628,0,0,0,0
1348.223,0.9628,0,0,0,0
1348.260,0.9628,0,0,0,0
1348.292,0.9628,0,0,0,0
1348.323,0.9628,0,0,0,0
1348.357,0.9628,0,0,0,0
1348.391,0.9628,0,0,0,0
1348.426,0.9628,0,0,0,0
1348.456,0.9628,0,0,0,0
1348.493,0.9628,0,0,0,0
1348.523,0.9628,0,0,0,0
1348.559,0.9628,0,0,0,0
1348.589,0.9628,0,0,0,0
1348.624,0.9628,0,0,0,0
1348.657,0.9628,0,0,0,0
1348.690,0.9628,0,0,0,0
1348.726,0.9628,0,0,0,0
1348.756,0.9628,0,0,0,0
1348.791,0.9628,0,0,0,0
1348.825,0.9628,0,0,0,0
1348.859,0.9628,0,0,0,0
1348.890,0.9628,0,0,0,0
1348.923,0.9628,0,0,0,0
1348.956,0.9628,0,0,0,0
1348.990,0.9628,0,0,0,0
1349.023,0.9628,0,0,0,0
1349.060,0.9628,0,0,0,0
1349.092,0.9628,0,0,0,0
1349.126,0.9628,0,0,0,0
1349.157,0.9628,0,0,0,0
1349.188,0.9628,0,0,0,0
1349.225,0.9628,0,0,0,0
1349.258,0.9628,0,0,0,0
1349.291,0.9628,0,0,0,0
1349.324,0.9628,0,0,0,0
1349.355,0.9628,0,0,0,0
1349.391,0.9628,0,0,0,0
1349.417,0.9628,0,0,0,0
1349.457,0.9628,0,0,0,0
1349.489,0.9628,0,0,0,0
1349.525,0.9628,0,0,0,0
1349.556,0.9628,0,0,0,0
1349.590,0.9628,0,0,0,0
1349.622,0.9628,0,0,0,0
1349.658,0.9628,0,0,0,0
1349.690,0.9628,0,0,0,0
1349.724,0.9628,0,0,0,0
1349.760,0.9628,0,0,0,0
1349.792,0.9628,0,0,0,0
1349.827,0.9628,0,0,0,0
1349.861,0.9628,0,0,0,0
1349.889,0.9628,0,0,0,0
1349.923,0.9628,0,0,0,0
1349.956,0.9628,0,0,0,0
1349.990,0.9628,0,0,0,0
1350.025,0.9628,0,0,0,0
1350.060,0.9628,0,0,0,0
1350.090,0.9628,0,0,0,0
1350.125,0.9628,0,0,0,0
1350.156,0.9628,0,0,0,0
1350.193,0.9628,0,0,0,0
1350.226,0.9628,0,0,0,0
1350.256,0.9628,0,0,0,0
1350.289,0.9628,0,0,0,0
1350.323,0.9628,0,0,0,0
1350.358,0.9628,0,0,0,0
1350.391,0.9628,0,0,0,0
1350.425,0.9628,0,0,0,0
1350.456,0.9628,0,0,0,0
1350.492,0.9628,0,0,0,0
1350.525,0.9628,0,0,0,0
1350.560,0.9628,0,0,0,0
1350.590,0.9628,0,0,0,0
1350.625,0.9628,0,0,0,0
1350.659,0.9628,0,0,0,0
1350.691,0.9628,0,0,0,0
1350.722,0.9628,0,0,0,0
1350.756,0.9628,0,0,0,0
1350.790,0.9628,0,0,0,0
1350.823,0.9628,0,0,0,0
1350.858,0.9628,0,0,0,0
1350.891,0.9628,0,0,0,0
1350.924,0.9628,0,0,0,0
1350.956,0.9628,0,0,0,0
1350.992,0.9628,0,0,0,0
1351.023,0.9628,0,0,0,0
1351.055,0.9628,0,0,0,0
1351.092,0.9628,0,0,0,0
1351.122,0.9628,0,0,0,0
1351.156,0.9628,0,0,0,0
1351.193,0.9628,0,0,0,0
1351.223,0.9628,0,0,0,0
1351.260,0.9628,0,0,0,0
1351.292,0.9628,0,0,0,0
1351.326,0.9628,0,0,0,0
1351.356,0.9628,0,0,0,0
1351.392,0.9628,0,0,0,0
1351.427,0.9628,0,0,0,0
1351.456,0.9628,0,0,0,0
1351.489,0.9628,0,0,0,0
1351.523,0.9628,0,0,0,0
1351.559,0.9628,0,0,0,0
1351.590,0.9628,0,0,0,0
1351.626,0.9628,0,0,0,0
1351.659,0.9628,0,0,0,0
1351.689,0.9628,0,0,0,0
1351.726,0.9628,0,0,0,0
1351.755,0.9628,0,0,0,0
1351.791,0.9628,0,0,0,0
1351.825,0.9628,0,0,0,0
1351.860,0.9628,0,0,0,0
1351.894,0.9628,0,0,0,0
1351.925,0.9628,0,0,0,0
1351.959,0.9628,0,0,0,0
1351.992,0.9628,0,0,0,0
1352.023,0.9628,0,0,0,0
1352.056,0.9628,0,0,0,0
1352.093,0.9628,0,0,0,0
1352.130,0.9628,0,0,0,0
1352.157,0.9628,0,0,0,0
1352.190,0.9628,0,0,0,0
1352.226,0.9628,0,0,0,0
1352.257,0.9628,0,0,0,0
1352.291,0.9628,0,0,0,0
1352.326,0.9628,0,0,0,0
1352.356,0.9628,0,0,0,0
1352.392,0.9628,0,0,0,0
1352.423,0.9628,0,0,0,0
1352.458,0.9628,0,0,0,0
1352.491,0.9628,0,0,0,0
1352.526,0.9628,0,0,0,0
1352.560,0.9628,0,0,0,0
1352.591,0.9628,0,0,0,0
1352.624,0.9628,0,0,0,0
1352.657,0.9628,0,0,0,0
1352.693,0.9628,0,0,0,0
1352.725,0.9628,0,0,0,0
1352.756,0.9628,0,0,0,0
1352.790,0.9628,0,0,0,0
1352.823,0.9628,0,0,0,0
1352.858,0.9628,0,0,0,0
1352.890,0.9628,0,0,0,0
1352.924,0.9628,0,0,0,0
1352.961,0.9628,0,0,0,0
1352.990,0.9628,0,0,0,0
1353.023,0.9628,0,0,0,0
1353.055,0.9628,0,0,0,0
1353.091,0.9628,0,0,0,0
1353.124,0.9628,0,0,0,0
1353.157,0.9628,0,0,0,0
1353.190,0.9628,0,0,0,0
1353.226,0.9628,0,0,0,0
1353.256,0.9628,0,0,0,0
1353.290,0.9628,0,0,0,0
1353.323,0.9628,0,0,0,0
1353.359,0.9628,0,0,0,0
1353.391,0.9628,0,0,0,0
1353.423,0.9628,0,0,0,0
1353.457,0.9628,0,0,0,0
1353.487,0.9628,0,0,0,0
1353.523,0.9628,0,0,0,0
1353.556,0.9628,0,0,0,0
1353.592,0.9628,0,0,0,0
1353.623,0.9628,0,0,0,0
1353.656,0.9628,0,0,0,0
1353.691,0.9628,0,0,0,0
1353.724,0.9628,0,0,0,0
1353.759,0.9628,0,0,0,0
1353.791,0.9628,0,0,0,0
1353.826,0.9628,0,0,0,0
1353.856,0.9628,0,0,0,0
1353.889,0.9628,0,0,0,0
1353.927,0.9628,0,0,0,0
1353.959,0.9628,0,0,0,0
1353.992,0.9628,0,0,0,0
1354.025,0.9628,0,0,0,0
1354.058,0.9628,0,0,0,0
1354.089,0.9628,0,0,0,0
1354.124,0.9628,0,0,0,0
1354.158,0.9628,0,0,0,0
1354.190,0.9628,0,0,0,0
1354.223,0.9628,0,0,0,0
1354.259,0.9628,0,0,0,0
1354.292,0.9628,0,0,0,0
1354.326,0.9628,0,0,0,0
1354.357,0.9628,0,0,0,0
1354.392,0.9628,0,0,0,0
1354.424,0.9628,0,0,0,0
1354.457,0.9628,0,0,0,0
1354.490,0.9628,0,0,0,0
1354.523,0.9628,0,0,0,0
1354.556,0.9628,0,0,0,0
1354.592,0.9628,0,0,0,0
1354.626,0.9628,0,0,0,0
1354.656,0.9628,0,0,0,0
1354.691,0.9628,0,0,0,0
1354.723,0.9628,0,0,0,0
1354.760,0.9628,0,0,0,0
1354.791,0.9628,0,0,0,0
1354.827,0.9628,0,0,0,0
1354.860,0.9628,0,0,0,0
1354.892,0.9628,0,0,0,0
1354.925,0.9628,0,0,0,0
1354.956,0.9628,0,0,0,0
1354.990,0.9628,0,0,0,0
1355.025,0.9628,0,0,0,0
1355.059,0.9628,0,0,0,0
1355.090,0.9628,0,0,0,0
1355.127,0.9628,0,0,0,0
1355.159,0.9628,0,0,0,0
1355.190,0.9628,0,0,0,0
1355.222,0.9628,0,0,0,0
1355.260,0.9628,0,0,0,0
1355.293,0.9628,0,0,0,0
1355.323,0.9628,0,0,0,0
1355.359,0.9628,0,0,0,0
1355.390,0.9628,0,0,0,0
1355.423,0.9628,0,0,0,0
1355.457,0.9628,0,0,0,0
1355.489,0.9628,0,0,0,0
1355.526,0.9628,0,0,0,0
1355.560,0.9628,0,0,0,0
1355.590,0.9628,0,0,0,0
1355.623,0.9628,0,0,0,0
1355.659,0.9628,0,0,0,0
1355.692,0.9628,0,0,0,0
1355.723,0.9628,0,0,0,0
1355.755,0.9628,0,0,0,0
1355.792,0.9628,0,0,0,0
1355.826,0.9628,0,0,0,0
1355.857,0.9628,0,0,0,0
1355.890,0.9628,0,0,0,0
1355.922,0.9628,0,0,0,0
1355.959,0.9628,0,0,0,0
1355.992,0.9628,0,0,0,0
1356.023,0.9628,0,0,0,0
1356.058,0.9628,0,0,0,0
1356.092,0.9628,0,0,0,0
1356.124,0.9628,0,0,0,0
1356.159,0.9628,0,0,0,0
1356.189,0.9628,0,0,0,0
1356.222,0.9628,0,0,0,0
1356.261,0.9628,0,0,0,0
1356.292,0.9628,0,0,0,0
1356.326,0.9628,0,0,0,0
1356.356,0.9628,0,0,0,0
1356.390,0.9628,0,0,0,0
1356.425,0.9628,0,0,0,0
1356.459,0.9628,0,0,0,0
1356.492,0.9628,0,0,0,0
1356.524,0.9628,0,0,0,0
1356.557,0.9628,0,0,0,0
1356.593,0.9628,0,0,0,0
1356.626,0.9628,0,0,0,0
1356.660,0.9628,0,0,0,0
1356.691,0.9628,0,0,0,0
1356.724,0.9628,0,0,0,0
1356.757,0.9628,0,0,0,0
1356.792,0.9628,0,0,0,0
1356.822,0.9628,0,0,0,0
1356.859,0.9628,0,0,0,0
1356.893,0.9628,0,0,0,0
1356.926,0.9628,0,0,0,0
1356.958,0.9628,0,0,0,0
1356.993,0.9628,0,0,0,0
1357.026,0.9628,0,0,0,0
1357.056,0.9628,0,0,0,0
1357.091,0.9628,0,0,0,0
1357.126,0.9628,0,0,0,0
1357.160,0.9628,0,0,0,0
1357.191,0.9628,0,0,0,0
1357.224,0.9628,0,0,0,0
1357.258,0.9628,0,0,0,0
1357.290,0.9628,0,0,0,0
1357.323,0.9628,0,0,0,0
1357.358,0.9628,0,0,0,0
1357.390,0.9628,0,0,0,0
1357.426,0.9628,0,0,0,0
1357.456,0.9628,0,0,0,0
1357.491,0.9628,0,0,0,0
1357.524,0.9628,0,0,0,0
1357.558,0.9628,0,0,0,0
1357.591,0.9628,0,0,0,0
1357.624,0.9628,0,0,0,0
1357.659,0.9628,0,0,0,0
1357.693,0.9628,0,0,0,0
1357.730,0.9628,0,0,0,0
1357.758,0.9628,0,0,0,0
1357.791,0.9628,0,0,0,0
1357.826,0.9628,0,0,0,0
1357.857,0.9628,0,0,0,0
1357.889,0.9628,0,0,0,0
1357.923,0.9628,0,0,0,0
1357.959,0.9628,0,0,0,0
1357.989,0.9628,0,0,0,0
1358.022,0.9628,0,0,0,0
1358.057,0.9628,0,0,0,0
1358.090,0.9628,0,0,0,0
1358.122,0.9628,0,0,0,0
1358.156,0.9628,0,0,0,0
1358.191,0.9628,0,0,0,0
1358.227,0.9628,0,0,0,0
1358.258,0.9628,0,0,0,0
1358.291,0.9628,0,0,0,0
1358.326,0.9628,0,0,0,0
1358.355,0.9628,0,0,0,0
1358.391,0.9628,0,0,0,0
1358.425,0.9628,0,0,0,0
1358.460,0.9628,0,0,0,0
1358.489,0.9628,0,0,0,0
1358.527,0.9628,0,0,0,0
1358.558,0.9628,0,0,0,0
1358.589,0.9628,0,0,0,0
1358.623,0.9628,0,0,0,0
1358.659,0.9628,0,0,0,0
1358.694,0.9628,0,0,0,0
1358.726,0.9628,0,0,0,0
1358.758,0.9628,0,0,0,0
1358.791,0.9628,0,0,0,0
1358.823,0.9628,0,0,0,0
1358.859,0.9628,0,0,0,0
1358.894,0.9628,0,0,0,0
1358.922,0.9628,0,0,0,0
1358.959,0.9628,0,0,0,0
1358.989,0.9628,0,0,0,0
1359.023,0.9628,0,0,0,0
1359.057,0.9628,0,0,0,0
1359.088,0.9628,0,0,0,0
1359.119,0.9628,0,0,0,0
1359.157,0.9628,0,0,0,0
1359.193,0.9628,0,0,0,0
1359.224,0.9628,0,0,0,0
1359.260,0.9628,0,0,0,0
1359.290,0.9628,0,0,0,0
1359.327,0.9628,0,0,0,0
1359.360,0.9628,0,0,0,0
1359.393,0.9628,0,0,0,0
1359.427,0.9628,0,0,0,0
1359.457,0.9628,0,0,0,0
1359.493,0.9628,0,0,0,0
1359.525,0.9628,0,0,0,0
1359.559,0.9628,0,0,0,0
1359.592,0.9628,0,0,0,0
1359.625,0.9628,0,0,0,0
1359.659,0.9628,0,0,0,0
1359.691,0.9628,0,0,0,0
1359.723,0.9628,0,0,0,0
1359.760,0.9628,0,0,0,0
1359.791,0.9628,0,0,0,0
1359.822,0.9628,0,0,0,0
1359.856,0.9628,0,0,0,0
1359.893,0.9628,0,0,0,0
1359.925,0.9628,0,0,0,0
1359.958,0.9628,0,0,0,0
1359.990,0.9628,0,0,0,0
1360.024,0.9628,0,0,0,0
1360.056,0.9628,0,0,0,0
1360.093,0.9628,0,0,0,0
1360.122,0.9628,0,0,0,0
1360.156,0.9628,0,0,0,0
1360.191,0.9628,0,0,0,0
1360.225,0.9628,0,0,0,0
1360.257,0.9628,0,0,0,0
1360.290,0.9628,0,0,0,0
1360.322,0.9628,0,0,0,0
1360.357,0.9628,0,0,0,0
1360.390,0.9628,0,0,0,0
1360.424,0.9628,0,0,0,0
1360.457,0.9628,0,0,0,0
1360.491,0.9628,0,0,0,0
1360.525,0.9628,0,0,0,0
1360.556,0.9628,0,0,0,0
1360.590,0.9628,0,0,0,0
1360.621,0.9628,0,0,0,0
1360.645,0.9628,0,0,0,0
1360.691,0.9628,0,0,0,0
1360.728,0.9628,0,0,0,0
1360.759,0.9628,0,0,0,0
1360.790,0.9628,0,0,0,0
1360.822,0.9628,0,0,0,0
1360.861,0.9628,0,0,0,0
1360.890,0.9628,0,0,0,0
1360.922,0.9628,0,0,0,0
1360.956,0.9628,0,0,0,0
1360.994,0.9628,0,0,0,0
1361.019,0.9628,0,0,0,0
1361.060,0.9628,0,0,0,0
1361.085,0.9628,0,0,0,0
1361.125,0.9628,0,0,0,0
1361.161,0.9628,0,0,0,0
1361.192,0.9628,0,0,0,0
1361.223,0.9628,0,0,0,0
1361.260,0.9628,0,0,0,0
1361.290,0.9628,0,0,0,0
1361.328,0.9628,0,0,0,0
1361.348,0.9628,0,0,0,0
1361.392,0.9628,0,0,0,0
1361.416,0.9628,0,0,0,0
1361.458,0.9628,0,0,0,0
1361.481,0.9628,0,0,0,0
1361.526,0.9628,0,0,0,0
1361.547,0.9628,0,0,0,0
1361.593,0.9628,0,0,0,0
1361.625,0.9628,0,0,0,0
1361.658,0.9628,0,0,0,0
1361.695,0.9628,0,0,0,0
1361.715,0.9628,0,0,0,0
1361.760,0.9628,0,0,0,0
1361.783,0.9628,0,0,0,0
1361.827,0.9628,0,0,0,0
1361.853,0.9628,0,0,0,0
1361.892,0.9628,0,0,0,0
1361.924,0.9628,0,0,0,0
1361.960,0.9628,0,0,0,0
1361.992,0.9628,0,0,0,0
1362.024,0.9628,0,0,0,0
1362.058,0.9628,0,0,0,0
1362.093,0.9628,0,0,0,0
1362.122,0.9628,0,0,0,0
1362.155,0.9628,0,0,0,0
1362.190,0.9628,0,0,0,0
1362.222,0.9628,0,0,0,0
1362.254,0.9628,0,0,0,0
1362.290,0.9628,0,0,0,0
1362.318,0.9628,0,0,0,0
1362.367,0.9628,0,0,0,0
1362.390,0.9628,0,0,0,0
1362.424,0.9628,0,0,0,0
1362.455,0.9628,0,0,0,0
1362.492,0.9628,0,0,0,0
1362.524,0.9628,0,0,0,0
1362.557,0.9628,0,0,0,0
1362.593,0.9628,0,0,0,0
1362.627,0.9628,0,0,0,0
1362.656,0.9628,0,0,0,0
1362.688,0.9628,0,0,0,0
1362.726,0.9628,0,0,0,0
1362.749,0.9628,0,0,0,0
1362.791,0.9628,0,0,0,0
1362.815,0.9628,0,0,0,0
1362.860,0.9628,0,0,0,0
1362.881,0.9628,0,0,0,0
1362.923,0.9628,0,0,0,0
1362.960,0.9628,0,0,0,0
1362.993,0.9628,0,0,0,0
1363.024,0.9628,0,0,0,0
1363.056,0.9628,0,0,0,0
1363.091,0.9628,0,0,0,0
1363.126,0.9628,0,0,0,0
1363.156,0.9628,0,0,0,0
1363.191,0.9628,0,0,0,0
1363.225,0.9628,0,0,0,0
1363.248,0.9628,0,0,0,0
1363.293,0.9628,0,0,0,0
1363.317,0.9628,0,0,0,0
1363.356,0.9628,0,0,0,0
1363.389,0.9628,0,0,0,0
1363.427,0.9628,0,0,0,0
1363.458,0.9628,0,0,0,0
1363.490,0.9628,0,0,0,0
1363.524,0.9628,0,0,0,0
1363.557,0.9628,0,0,0,0
1363.592,0.9628,0,0,0,0
1363.625,0.9628,0,0,0,0
1363.655,0.9628,0,0,0,0
1363.689,0.9628,0,0,0,0
1363.722,0.9628,0,0,0,0
1363.757,0.9628,0,0,0,0
1363.790,0.9628,0,0,0,0
1363.825,0.9628,0,0,0,0
1363.858,0.9628,0,0,0,0
1363.892,0.9628,0,0,0,0
1363.925,0.9628,0,0,0,0
1363.955,0.9628,0,0,0,0
1364.003,0.9628,0,0,0,0
1364.026,0.9628,0,0,0,0
1364.057,0.9628,0,0,0,0
1364.092,0.9628,0,0,0,0
1364.123,0.9628,0,0,0,0
1364.157,0.9628,0,0,0,0
1364.189,0.9628,0,0,0,0
1364.222,0.9628,0,0,0,0
1364.256,0.9628,0,0,0,0
1364.293,0.9628,0,0,0,0
1364.325,0.9628,0,0,0,0
1364.360,0.9628,0,0,0,0
1364.391,0.9628,0,0,0,0
1364.424,0.9628,0,0,0,0
1364.458,0.9628,0,0,0,0
1364.493,0.9628,0,0,0,0
1364.527,0.9628,0,0,0,0
1364.560,0.9628,0,0,0,0
1364.591,0.9628,0,0,0,0
1364.627,0.9628,0,0,0,0
1364.657,0.9628,0,0,0,0
1364.693,0.9628,0,0,0,0
1364.727,0.9628,0,0,0,0
1364.756,0.9628,0,0,0,0
1364.789,0.9628,0,0,0,0
1364.827,0.9628,0,0,0,0
1364.860,0.9628,0,0,0,0
1364.889,0.9628,0,0,0,0
1364.925,0.9628,0,0,0,0
1364.959,0.9628,0,0,0,0
1364.994,0.9628,0,0,0,0
1365.024,0.9628,0,0,0,0
1365.056,0.9628,0,0,0,0
1365.090,0.9628,0,0,0,0
1365.128,0.9628,0,0,0,0
1365.160,0.9628,0,0,0,0
1365.191,0.9628,0,0,0,0
1365.225,0.9628,0,0,0,0
1365.258,0.9628,0,0,0,0
1365.289,0.9628,0,0,0,0
1365.323,0.9628,0,0,0,0
1365.356,0.9628,0,0,0,0
1365.390,0.9628,0,0,0,0
1365.425,0.9628,0,0,0,0
1365.458,0.9628,0,0,0,0
1365.491,0.9628,0,0,0,0
1365.527,0.9628,0,0,0,0
1365.559,0.9628,0,0,0,0
1365.590,0.9628,0,0,0,0
1365.626,0.9628,0,0,0,0
1365.655,0.9628,0,0,0,0
1365.693,0.9628,0,0,0,0
1365.728,0.9628,0,0,0,0
1365.759,0.9628,0,0,0,0
1365.790,0.9628,0,0,0,0
1365.825,0.9628,0,0,0,0
1365.857,0.9628,0,0,0,0
1365.892,0.9628,0,0,0,0
1365.927,0.9628,0,0,0,0
1365.959,0.9628,0,0,0,0
1365.991,0.9628,0,0,0,0
1366.025,0.9628,0,0,0,0
1366.059,0.9628,0,0,0,0
1366.093,0.9628,0,0,0,0
1366.125,0.9628,0,0,0,0
1366.156,0.9628,0,0,0,0
1366.189,0.9628,0,0,0,0
1366.226,0.9628,0,0,0,0
1366.258,0.9628,0,0,0,0
1366.290,0.9628,0,0,0,0
1366.323,0.9628,0,0,0,0
1366.357,0.9628,0,0,0,0
1366.390,0.9628,0,0,0,0
1366.423,0.9628,0,0,0,0
1366.456,0.9628,0,0,0,0
1366.489,0.9628,0,0,0,0
1366.526,0.9628,0,0,0,0
1366.557,0.9628,0,0,0,0
1366.591,0.9628,0,0,0,0
1366.626,0.9628,0,0,0,0
1366.656,0.9628,0,0,0,0
1366.691,0.9628,0,0,0,0
1366.725,0.9628,0,0,0,0
1366.758,0.9628,0,0,0,0
1366.787,0.9628,0,0,0,0
1366.822,0.9628,0,0,0,0
1366.859,0.9628,0,0,0,0
1366.893,0.9628,0,0,0,0
1366.928,0.9628,0,0,0,0
1366.956,0.9628,0,0,0,0
1366.991,0.9628,0,0,0,0
1367.023,0.9628,0,0,0,0
1367.060,0.9628,0,0,0,0
1367.091,0.9628,0,0,0,0
1367.123,0.9628,0,0,0,0
1367.156,0.9628,0,0,0,0
1367.189,0.9628,0,0,0,0
1367.223,0.9628,0,0,0,0
1367.258,0.9628,0,0,0,0
1367.291,0.9628,0,0,0,0
1367.325,0.9628,0,0,0,0
1367.358,0.9628,0,0,0,0
1367.391,0.9628,0,0,0,0
1367.422,0.9628,0,0,0,0
1367.458,0.9628,0,0,0,0
1367.493,0.9628,0,0,0,0
1367.523,0.9628,0,0,0,0
1367.557,0.9628,0,0,0,0
1367.590,0.9628,0,0,0,0
1367.623,0.9628,0,0,0,0
1367.660,0.9628,0,0,0,0
1367.691,0.9628,0,0,0,0
1367.723,0.9628,0,0,0,0
1367.756,0.9628,0,0,0,0
1367.792,0.9628,0,0,0,0
1367.823,0.9628,0,0,0,0
1367.858,0.9628,0,0,0,0
1367.891,0.9628,0,0,0,0
1367.924,0.9628,0,0,0,0
1367.959,0.9628,0,0,0,0
1367.992,0.9628,0,0,0,0
1368.023,0.9628,0,0,0,0
1368.057,0.9628,0,0,0,0
1368.091,0.9628,0,0,0,0
1368.123,0.9628,0,0,0,0
1368.158,0.9628,0,0,0,0
1368.192,0.9628,0,0,0,0
1368.223,0.9628,0,0,0,0
1368.256,0.9628,0,0,0,0
1368.293,0.9628,0,0,0,0
1368.325,0.9628,0,0,0,0
1368.358,0.9628,0,0,0,0
1368.391,0.9628,0,0,0,0
1368.423,0.9628,0,0,0,0
1368.459,0.9628,0,0,0,0
1368.493,0.9628,0,0,0,0
1368.523,0.9628,0,0,0,0
1368.559,0.9628,0,0,0,0
1368.592,0.9628,0,0,0,0
1368.624,0.9628,0,0,0,0
1368.660,0.9628,0,0,0,0
1368.689,0.9628,0,0,0,0
1368.723,0.9628,0,0,0,0
1368.758,0.9628,0,0,0,0
1368.790,0.9628,0,0,0,0
1368.823,0.9628,0,0,0,0
1368.860,0.9628,0,0,0,0
1368.890,0.9628,0,0,0,0
1368.924,0.9628,0,0,0,0
1368.958,0.9628,0,0,0,0
1368.993,0.9628,0,0,0,0
1369.026,0.9628,0,0,0,0
1369.056,0.9628,0,0,0,0
1369.090,0.9628,0,0,0,0
1369.125,0.9628,0,0,0,0
1369.157,0.9628,0,0,0,0
1369.193,0.9628,0,0,0,0
1369.225,0.9628,0,0,0,0
1369.258,0.9628,0,0,0,0
1369.591,0.9628,0,0,0,0
1369.638,0.9628,0,0,0,0
1369.673,0.9628,0,0,0,0
1369.703,0.9628,0,0,0,0
1369.738,0.9628,0,0,0,0
1369.771,0.9628,0,0,0,0
1369.803,0.9628,0,0,0,0
1369.837,0.9628,0,0,0,0
1369.871,0.9628,0,0,0,0
1369.905,0.9628,0,0,0,0
1369.937,0.9628,0,0,0,0
1369.972,0.9628,0,0,0,0
1370.004,0.9628,0,0,0,0
1370.036,0.9628,0,0,0,0
1370.069,0.9628,0,0,0,0
1370.103,0.9628,0,0,0,0
1370.137,0.9628,0,0,0,0
1370.169,0.9628,0,0,0,0
1370.195,0.9628,0,0,0,0
1370.240,0.9628,0,0,0,0
1370.273,0.9628,0,0,0,0
1370.295,0.9628,0,0,0,0
1370.336,0.9628,0,0,0,0
1370.365,0.9628,0,0,0,0
1370.408,0.9628,0,0,0,0
1370.430,0.9628,0,0,0,0
1370.473,0.9628,0,0,0,0
1370.503,0.9628,0,0,0,0
1370.538,0.9628,0,0,0,0
1370.572,0.9628,0,0,0,0
1370.605,0.9628,0,0,0,0
1370.639,0.9628,0,0,0,0
1370.673,0.9628,0,0,0,0
1370.695,0.9628,0,0,0,0
1370.739,0.9628,0,0,0,0
1370.761,0.9628,0,0,0,0
1370.802,0.9628,0,0,0,0
1370.838,0.9628,0,0,0,0
1370.873,0.9628,0,0,0,0
1370.902,0.9628,0,0,0,0
1370.935,0.9628,0,0,0,0
1370.974,0.9628,0,0,0,0
1371.003,0.9628,0,0,0,0
1371.038,0.9628,0,0,0,0
1371.071,0.9628,0,0,0,0
1371.107,0.9628,0,0,0,0
1371.129,0.9628,0,0,0,0
1371.170,0.9628,0,0,0,0
1371.202,0.9628,0,0,0,0
1371.240,0.9628,0,0,0,0
1371.263,0.9628,0,0,0,0
1371.302,0.9628,0,0,0,0
1371.339,0.9628,0,0,0,0
1371.364,0.9628,0,0,0,0
1371.404,0.9628,0,0,0,0
1371.438,0.9628,0,0,0,0
1371.472,0.9628,0,0,0,0
1371.502,0.9628,0,0,0,0
1371.536,0.9628,0,0,0,0
1371.572,0.9628,0,0,0,0
1371.603,0.9628,0,0,0,0
1371.648,0.9628,0,0,0,0
1371.672,0.9628,0,0,0,0
1371.702,0.9628,0,0,0,0
1371.738,0.9628,0,0,0,0
1371.773,0.9628,0,0,0,0
1371.802,0.9628,0,0,0,0
1371.835,0.9628,0,0,0,0
1371.870,0.9628,0,0,0,0
1371.904,0.9628,0,0,0,0
1371.937,0.9628,0,0,0,0
1371.970,0.9628,0,0,0,0
1372.004,0.9628,0,0,0,0
1372.039,0.9628,0,0,0,0
1372.072,0.9628,0,0,0,0
1372.105,0.9628,0,0,0,0
1372.139,0.9628,0,0,0,0
1372.169,0.9628,0,0,0,0
1372.202,0.9628,0,0,0,0
1372.236,0.9628,0,0,0,0
1372.273,0.9628,0,0,0,0
1372.302,0.9628,0,0,0,0
1372.337,0.9628,0,0,0,0
1372.373,0.9628,0,0,0,0
1372.405,0.9628,0,0,0,0
1372.435,0.9628,0,0,0,0
1372.469,0.9628,0,0,0,0
1372.504,0.9628,0,0,0,0
1372.536,0.9628,0,0,0,0
1372.570,0.9628,0,0,0,0
1372.601,0.9628,0,0,0,0
1372.637,0.9628,0,0,0,0
1372.669,0.9628,0,0,0,0
1372.705,0.9628,0,0,0,0
1372.737,0.9628,0,0,0,0
1372.772,0.9628,0,0,0,0
1372.812,0.9628,0,0,0,0
1372.836,0.9628,0,0,0,0
1372.871,0.9628,0,0,0,0
1372.903,0.9628,0,0,0,0
1372.935,0.9628,0,0,0,0
1372.972,0.9628,0,0,0,0
1373.004,0.9628,0,0,0,0
1373.035,0.9628,0,0,0,0
1373.068,0.9628,0,0,0,0
1373.102,0.9628,0,0,0,0
1373.136,0.9628,0,0,0,0
1373.172,0.9628,0,0,0,0
1373.202,0.9628,0,0,0,0
1373.238,0.9628,0,0,0,0
1373.276,0.9628,0,0,0,0
1373.300,0.9628,0,0,0,0
1373.338,0.9628,0,0,0,0
1373.371,0.9628,0,0,0,0
1373.402,0.9628,0,0,0,0
1373.437,0.9628,0,0,0,0
1373.473,0.9628,0,0,0,0
1373.508,0.9628,0,0,0,0
1373.542,0.9628,0,0,0,0
1373.571,0.9628,0,0,0,0
1373.605,0.9628,0,0,0,0
1373.638,0.9628,0,0,0,0
1373.669,0.9628,0,0,0,0
1373.703,0.9628,0,0,0,0
1373.737,0.9628,0,0,0,0
1373.772,0.9628,0,0,0,0
1373.806,0.9628,0,0,0,0
1373.838,0.9628,0,0,0,0
1373.869,0.9628,0,0,0,0
1373.908,0.9628,0,0,0,0
1373.928,0.9628,0,0,0,0
1373.972,0.9628,0,0,0,0
1373.995,0.9628,0,0,0,0
1374.036,0.9628,0,0,0,0
1374.069,0.9628,0,0,0,0
1374.103,0.9628,0,0,0,0
1374.137,0.9628,0,0,0,0
1374.174,0.9628,0,0,0,0
1374.196,0.9628,0,0,0,0
1374.238,0.9628,0,0,0,0
1374.261,0.9628,0,0,0,0
1374.305,0.9628,0,0,0,0
1374.338,0.9628,0,0,0,0
1374.371,0.9628,0,0,0,0
1374.405,0.9628,0,0,0,0
1374.441,0.9628,0,0,0,0
1374.461,0.9628,0,0,0,0
1374.504,0.9628,0,0,0,0
1374.538,0.9628,0,0,0,0
1374.570,0.9628,0,0,0,0
1374.604,0.9628,0,0,0,0
1374.639,0.9628,0,0,0,0
1374.673,0.9628,0,0,0,0
1374.703,0.9628,0,0,0,0
1374.740,0.9628,0,0,0,0
1374.774,0.9628,0,0,0,0
1374.803,0.9628,0,0,0,0
1374.839,0.9628,0,0,0,0
1374.869,0.9628,0,0,0,0
1374.905,0.9628,0,0,0,0
1374.939,0.9628,0,0,0,0
1374.972,0.9628,0,0,0,0
1375.006,0.9628,0,0,0,0
1375.039,0.9628,0,0,0,0
1375.069,0.9628,0,0,0,0
1375.104,0.9628,0,0,0,0
1375.136,0.9628,0,0,0,0
1375.171,0.9628,0,0,0,0
1375.206,0.9628,0,0,0,0
1375.229,0.9628,0,0,0,0
1375.273,0.9628,0,0,0,0
1375.295,0.9628,0,0,0,0
1375.340,0.9628,0,0,0,0
1375.362,0.9628,0,0,0,0
1375.402,0.9628,0,0,0,0
1375.435,0.9628,0,0,0,0
1375.474,0.9628,0,0,0,0
1375.499,0.9628,0,0,0,0
1375.539,0.9628,0,0,0,0
1375.573,0.9628,0,0,0,0
1375.603,0.9628,0,0,0,0
1375.638,0.9628,0,0,0,0
1375.669,0.9628,0,0,0,0
1375.707,0.9628,0,0,0,0
1375.731,0.9628,0,0,0,0
1375.794,0.9628,0,0,0,0
1375.855,0.9628,0,0,0,0
1375.893,0.9628,0,0,0,0
1375.931,0.9628,0,0,0,0
1375.962,0.9628,0,0,0,0
1375.993,0.9628,0,0,0,0
1376.030,0.9628,0,0,0,0
1376.059,0.9628,0,0,0,0
1376.094,0.9628,0,0,0,0
1376.128,0.9628,0,0,0,0
1376.161,0.9628,0,0,0,0
1376.197,0.9628,0,0,0,0
1376.232,0.9628,0,0,0,0
1376.261,0.9628,0,0,0,0
1376.301,0.9628,0,0,0,0
1376.328,0.9628,0,0,0,0
1376.364,0.9628,0,0,0,0
1376.395,0.9628,0,0,0,0
1376.427,0.9628,0,0,0,0
1376.461,0.9628,0,0,0,0
1376.497,0.9628,0,0,0,0
1376.526,0.9628,0,0,0,0
1376.564,0.9628,0,0,0,0
1376.599,0.9628,0,0,0,0
1376.627,0.9628,0,0,0,0
1376.661,0.9628,0,0,0,0
1376.695,0.9628,0,0,0,0
1376.727,0.9628,0,0,0,0
1376.764,0.9628,0,0,0,0
1376.794,0.9628,0,0,0,0
1376.822,0.9628,0,0,0,0
1376.860,0.9628,0,0,0,0
1376.896,0.9628,0,0,0,0
1376.928,0.9628,0,0,0,0
1376.963,0.9628,0,0,0,0
1376.997,0.9628,0,0,0,0
1377.030,0.9628,0,0,0,0
1377.061,0.9628,0,0,0,0
1377.094,0.9628,0,0,0,0
1377.129,0.9628,0,0,0,0
1377.162,0.9628,0,0,0,0
1377.193,0.9628,0,0,0,0
1377.228,0.9628,0,0,0,0
1377.265,0.9628,0,0,0,0
1377.293,0.9628,0,0,0,0
1377.330,0.9628,0,0,0,0
1377.361,0.9628,0,0,0,0
1377.396,0.9628,0,0,0,0
1377.427,0.9628,0,0,0,0
1377.462,0.9628,0,0,0,0
1377.496,0.9628,0,0,0,0
1377.531,0.9628,0,0,0,0
1377.564,0.9628,0,0,0,0
1377.595,0.9628,0,0,0,0
1377.631,0.9628,0,0,0,0
1377.663,0.9628,0,0,0,0
1377.696,0.9628,0,0,0,0
1377.727,0.9628,0,0,0,0
1377.761,0.9628,0,0,0,0
1377.795,0.9628,0,0,0,0
1377.829,0.9628,0,0,0,0
1377.864,0.9628,0,0,0,0
1377.894,0.9628,0,0,0,0
1377.927,0.9628,0,0,0,0
1377.962,0.9628,0,0,0,0
1377.998,0.9628,0,0,0,0
1378.029,0.9628,0,0,0,0
1378.062,0.9628,0,0,0,0
1378.097,0.9628,0,0,0,0
1378.130,0.9628,0,0,0,0
1378.153,0.9628,0,0,0,0
1378.192,0.9628,0,0,0,0
1378.231,0.9628,0,0,0,0
1378.252,0.9628,0,0,0,0
1378.296,0.9628,0,0,0,0
1378.330,0.9628,0,0,0,0
1378.351,0.9628,0,0,0,0
1378.395,0.9628,0,0,0,0
1378.431,0.9628,0,0,0,0
1378.458,0.9628,0,0,0,0
1378.497,0.9628,0,0,0,0
1378.529,0.9628,0,0,0,0
1378.563,0.9628,0,0,0,0
1378.585,0.9628,0,0,0,0
1378.629,0.9628,0,0,0,0
1378.662,0.9628,0,0,0,0
1378.698,0.9628,0,0,0,0
1378.735,0.9628,0,0,0,0
1378.758,0.9628,0,0,0,0
1378.798,0.9628,0,0,0,0
1378.830,0.9628,0,0,0,0
1378.860,0.9628,0,0,0,0
1378.900,0.9628,0,0,0,0
1378.918,0.9628,0,0,0,0
1378.964,0.9628,0,0,0,0
1378.997,0.9628,0,0,0,0
1379.028,0.9628,0,0,0,0
1379.061,0.9628,0,0,0,0
1379.097,0.9628,0,0,0,0
1379.129,0.9628,0,0,0,0
1379.163,0.9628,0,0,0,0
1379.194,0.9628,0,0,0,0
1379.232,0.9628,0,0,0,0
1379.260,0.9628,0,0,0,0
1379.296,0.9628,0,0,0,0
1379.331,0.9628,0,0,0,0
1379.360,0.9628,0,0,0,0
1379.394,0.9628,0,0,0,0
1379.430,0.9628,0,0,0,0
1379.462,0.9628,0,0,0,0
1379.494,0.9628,0,0,0,0
1379.530,0.9628,0,0,0,0
1379.561,0.9628,0,0,0,0
1379.596,0.9628,0,0,0,0
1379.626,0.9628,0,0,0,0
1379.663,0.9628,0,0,0,0
1379.695,0.9628,0,0,0,0
1379.726,0.9628,0,0,0,0
1379.761,0.9628,0,0,0,0
1379.794,0.9628,0,0,0,0
1379.832,0.9628,0,0,0,0
1379.863,0.9628,0,0,0,0
1379.893,0.9628,0,0,0,0
1379.929,0.9628,0,0,0,0
1379.964,0.9628,0,0,0,0
1379.995,0.9628,0,0,0,0
1380.028,0.9628,0,0,0,0
1380.063,0.9628,0,0,0,0
1380.096,0.9628,0,0,0,0
1380.127,0.9628,0,0,0,0
1380.160,0.9628,0,0,0,0
1380.197,0.9628,0,0,0,0
1380.230,0.9628,0,0,0,0
1380.258,0.9628,0,0,0,0
1380.297,0.9628,0,0,0,0
1380.331,0.9628,0,0,0,0
1380.362,0.9628,0,0,0,0
1380.393,0.9628,0,0,0,0
1380.427,0.9628,0,0,0,0
1380.464,0.9628,0,0,0,0
1380.488,0.9628,0,0,0,0
1380.526,0.9628,0,0,0,0
1380.559,0.9628,0,0,0,0
1380.594,0.9628,0,0,0,0
1380.628,0.9628,0,0,0,0
1380.661,0.9628,0,0,0,0
1380.697,0.9628,0,0,0,0
1380.730,0.9628,0,0,0,0
1380.761,0.9628,0,0,0,0
1380.797,0.9628,0,0,0,0
1380.833,0.9628,0,0,0,0
1380.854,0.9628,0,0,0,0
1380.888,0.9628,0,0,0,0
1380.929,0.9628,0,0,0,0
1380.964,0.9628,0,0,0,0
1380.991,0.9628,0,0,0,0
1381.030,0.9628,0,0,0,0
1381.063,0.9628,0,0,0,0
1381.094,0.9628,0,0,0,0
1381.127,0.9628,0,0,0,0
1381.162,0.9628,0,0,0,0
1381.197,0.9628,0,0,0,0
1381.230,0.9628,0,0,0,0
1381.262,0.9628,0,0,0,0
1381.294,0.9628,0,0,0,0
1381.328,0.9628,0,0,0,0
1381.360,0.9628,0,0,0,0
1381.393,0.9628,0,0,0,0
1381.429,0.9628,0,0,0,0
1381.461,0.9628,0,0,0,0
1381.496,0.9628,0,0,0,0
1381.529,0.9628,0,0,0,0
1381.563,0.9628,0,0,0,0
1381.596,0.9628,0,0,0,0
1381.631,0.9628,0,0,0,0
1381.653,0.9628,0,0,0,0
1381.695,0.9628,0,0,0,0
1381.725,0.9628,0,0,0,0
1381.763,0.9628,0,0,0,0
1381.796,0.9628,0,0,0,0
1381.830,0.9628,0,0,0,0
1381.864,0.9628,0,0,0,0
1381.894,0.9628,0,0,0,0
1381.929,0.9628,0,0,0,0
1381.962,0.9628,0,0,0,0
1381.998,0.9628,0,0,0,0
1382.019,0.9628,0,0,0,0
1382.061,0.9628,0,0,0,0
1382.089,0.9628,0,0,0,0
1382.129,0.9628,0,0,0,0
1382.161,0.9628,0,0,0,0
1382.194,0.9628,0,0,0,0
1382.229,0.9628,0,0,0,0
1382.261,0.9628,0,0,0,0
1382.296,0.9628,0,0,0,0
1382.330,0.9628,0,0,0,0
1382.365,0.9628,0,0,0,0
1382.385,0.9628,0,0,0,0
1382.431,0.9628,0,0,0,0
1382.458,0.9628,0,0,0,0
1382.497,0.9628,0,0,0,0
1382.519,0.9628,0,0,0,0
1382.561,0.9628,0,0,0,0
1382.595,0.9628,0,0,0,0
1382.628,0.9628,0,0,0,0
1382.665,0.9628,0,0,0,0
1382.695,0.9628,0,0,0,0
1382.728,0.9628,0,0,0,0
1382.763,0.9628,0,0,0,0
1382.794,0.9628,0,0,0,0
1382.826,0.9628,0,0,0,0
1382.861,0.9628,0,0,0,0
1382.894,0.9628,0,0,0,0
1382.930,0.9628,0,0,0,0
1382.962,0.9628,0,0,0,0
1382.994,0.9628,0,0,0,0
1383.027,0.9628,0,0,0,0
1383.061,0.9628,0,0,0,0
1383.098,0.9628,0,0,0,0
1383.128,0.9628,0,0,0,0
1383.164,0.9628,0,0,0,0
1383.198,0.9628,0,0,0,0
1383.227,0.9628,0,0,0,0
1383.262,0.9628,0,0,0,0
1383.297,0.9628,0,0,0,0
1383.327,0.9628,0,0,0,0
1383.362,0.9628,0,0,0,0
1383.394,0.9628,0,0,0,0
1383.428,0.9628,0,0,0,0
1383.466,0.9628,0,0,0,0
1383.487,0.9628,0,0,0,0
1383.531,0.9628,0,0,0,0
1383.561,0.9628,0,0,0,0
1383.595,0.9628,0,0,0,0
1383.641,0.9628,0,0,0,0
1383.657,0.9628,0,0,0,0
1383.693,0.9628,0,0,0,0
1383.729,0.9628,0,0,0,0
1383.763,0.9628,0,0,0,0
1383.796,0.9628,0,0,0,0
1383.828,0.9628,0,0,0,0
1383.862,0.9628,0,0,0,0
1383.897,0.9628,0,0,0,0
1383.929,0.9628,0,0,0,0
1383.964,0.9628,0,0,0,0
1383.994,0.9628,0,0,0,0
1384.028,0.9628,0,0,0,0
1384.068,0.9628,0,0,0,0
1384.086,0.9628,0,0,0,0
1384.128,0.9628,0,0,0,0
1384.161,0.9628,0,0,0,0
1384.195,0.9628,0,0,0,0
1384.230,0.9628,0,0,0,0
1384.262,0.9628,0,0,0,0
1384.296,0.9628,0,0,0,0
1384.328,0.9628,0,0,0,0
1384.360,0.9628,0,0,0,0
1384.396,0.9628,0,0,0,0
1384.428,0.9628,0,0,0,0
1384.462,0.9628,0,0,0,0
1384.498,0.9628,0,0,0,0
1384.530,0.9628,0,0,0,0
1384.562,0.9628,0,0,0,0
1384.599,0.9628,0,0,0,0
1384.620,0.9628,0,0,0,0
1384.661,0.9628,0,0,0,0
1384.690,0.9628,0,0,0,0
1384.730,0.9628,0,0,0,0
1384.762,0.9628,0,0,0,0
1384.798,0.9628,0,0,0,0
1384.830,0.9628,0,0,0,0
1384.861,0.9628,0,0,0,0
1384.895,0.9628,0,0,0,0
1384.928,0.9628,0,0,0,0
1384.964,0.9628,0,0,0,0
1384.999,0.9628,0,0,0,0
1385.332,0.9628,0,0,0,0
1385.386,0.9628,0,0,0,0
1385.417,0.9628,0,0,0,0
1385.448,0.9628,0,0,0,0
1385.481,0.9628,0,0,0,0
1385.516,0.9628,0,0,0,0
1385.548,0.9628,0,0,0,0
1385.583,0.9628,0,0,0,0
1385.615,0.9628,0,0,0,0
1385.650,0.9628,0,0,0,0
1385.682,0.9628,0,0,0,0
1385.741,0.9628,0,0,0,0
1385.759,0.9628,0,0,0,0
1385.791,0.9628,0,0,0,0
1385.823,0.9628,0,0,0,0
1385.857,0.9628,0,0,0,0
1385.891,0.9628,0,0,0,0
1385.925,0.9628,0,0,0,0
1385.960,0.9628,0,0,0,0
1385.992,0.9628,0,0,0,0
1386.025,0.9628,0,0,0,0
1386.059,0.9628,0,0,0,0
1386.092,0.9628,0,0,0,0
1386.126,0.9628,0,0,0,0
1386.159,0.9628,0,0,0,0
1386.193,0.9628,0,0,0,0
1386.226,0.9628,0,0,0,0
1386.261,0.9628,0,0,0,0
1386.447,0.9628,0,0,0,0
1386.471,0.9628,0,0,0,0
1386.487,0.9628,0,0,0,0
1386.519,0.9628,0,0,0,0
1386.552,0.9628,0,0,0,0
1386.585,0.9628,0,0,0,0
1386.619,0.9628,0,0,0,0
1386.651,0.9628,0,0,0,0
1386.683,0.9628,0,0,0,0
1386.719,0.9628,0,0,0,0
1386.750,0.9628,0,0,0,0
1386.785,0.9628,0,0,0,0
1386.815,0.9628,0,0,0,0
1386.854,0.9628,0,0,0,0
1386.889,0.9628,0,0,0,0
1386.917,0.9628,0,0,0,0
1386.954,0.9628,0,0,0,0
1386.985,0.9628,0,0,0,0
1387.021,0.9628,0,0,0,0
1387.054,0.9628,0,0,0,0
1387.086,0.9628,0,0,0,0
1387.124,0.9628,0,0,0,0
1387.159,0.9628,0,0,0,0
1387.193,0.9628,0,0,0,0
1387.226,0.9628,0,0,0,0
1387.259,0.9628,0,0,0,0
1387.293,0.9628,0,0,0,0
1387.326,0.9628,0,0,0,0
1387.359,0.9628,0,0,0,0
1387.393,0.9628,0,0,0,0
1387.427,0.9628,0,0,0,0
1387.460,0.9628,0,0,0,0
1387.497,0.9628,0,0,0,0
1387.516,0.9628,0,0,0,0
1387.554,0.9628,0,0,0,0
1387.589,0.9628,0,0,0,0
1387.619,0.9628,0,0,0,0
1387.654,0.9628,0,0,0,0
1387.686,0.9628,0,0,0,0
1387.717,0.9628,0,0,0,0
1387.751,0.9628,0,0,0,0
1387.788,0.9628,0,0,0,0
1387.821,0.9628,0,0,0,0
1387.859,0.9628,0,0,0,0
1387.885,0.9628,0,0,0,0
1387.919,0.9628,0,0,0,0
