time,halfW01,d0,d1,d2,d3
2.925,0.8556,2,5,5,2
0.333,0.8628,2,5,5,2
0.363,0.8637,2,5,5,2
0.398,0.8646,2,5,5,2
0.431,0.8651,2,5,5,2
0.464,0.8660,2,5,5,2
0.498,0.8669,2,5,5,2
0.532,0.8674,2,5,5,2
0.565,0.8684,2,5,5,2
0.599,0.8693,2,5,5,2
0.632,0.8698,2,5,5,2
0.664,0.8707,2,5,5,2
0.698,0.8717,2,5,5,2
0.731,0.8722,2,5,5,2
0.764,0.8732,2,5,5,2
0.800,0.8741,2,5,5,2
0.829,0.8746,2,5,5,2
0.862,0.8756,2,5,5,2
0.898,0.8766,2,5,5,2
0.932,0.8771,2,5,5,2
0.965,0.8781,2,5,5,2
0.999,0.8791,2,5,5,2
1.031,0.8797,2,5,5,2
1.063,0.8807,2,5,5,2
1.098,0.8817,2,5,5,2
1.133,0.8822,2,5,5,2
1.166,0.8833,2,5,5,2
1.204,0.8843,2,5,5,2
1.232,0.8849,2,5,5,2
1.269,0.8859,2,5,5,2
1.297,0.8870,2,5,5,2
1.333,0.8876,2,5,5,2
1.367,0.8886,0,0,0,0
1.398,0.8897,0,0,0,0
1.432,0.8903,0,0,0,0
1.465,0.8914,0,0,0,0
1.497,0.8925,0,0,0,0
1.532,0.8931,0,0,0,0
1.566,0.8942,0,0,0,0
1.597,0.8953,0,0,0,0
1.630,0.8959,0,0,0,0
1.665,0.8970,0,0,0,0
1.700,0.8982,0,0,0,0
1.730,0.8988,0,0,0,0
1.765,0.9000,0,0,0,0
1.797,0.9011,0,0,0,0
1.833,0.9017,0,0,0,0
1.866,0.9029,0,0,0,0
1.899,0.9041,0,0,0,0
1.932,0.9047,0,0,0,0
1.965,0.9059,0,0,0,0
1.999,0.9071,0,0,0,0
2.032,0.9077,0,0,0,0
2.065,0.9089,0,0,0,0
2.098,0.9102,0,0,0,0
2.130,0.9108,0,0,0,0
2.165,0.9120,0,0,0,0
2.198,0.9133,0,0,0,0
2.232,0.9139,0,0,0,0
2.265,0.9151,0,0,0,0
2.299,0.9164,0,0,0,0
2.331,0.9170,0,0,0,0
2.364,0.9183,0,0,0,0
2.399,0.9195,0,0,0,0
2.432,0.9201,0,0,0,0
2.467,0.9214,0,0,0,0
2.499,0.9227,0,0,0,0
2.532,0.9233,0,0,0,0
2.565,0.9246,0,0,0,0
2.598,0.9259,0,0,0,0
2.635,0.9265,0,0,0,0
2.665,0.9278,0,0,0,0
2.698,0.9291,0,0,0,0
2.733,0.9297,0,0,0,0
2.764,0.9310,0,0,0,0
2.799,0.9322,0,0,0,0
2.832,0.9329,0,0,0,0
2.866,0.9342,0,0,0,0
2.900,0.9354,0,0,0,0
2.932,0.9361,0,0,0,0
2.966,0.9373,0,0,0,0
2.998,0.9386,0,0,0,0
3.032,0.9392,0,0,0,0
3.066,0.9405,0,0,0,0
3.098,0.9417,0,0,0,0
3.132,0.9424,0,0,0,0
3.165,0.9436,0,0,0,0
3.198,0.9449,0,0,0,0
3.231,0.9455,0,0,0,0
3.264,0.9467,0,0,0,0
3.299,0.9479,0,0,0,0
3.336,0.9485,0,0,0,0
3.365,0.9497,0,0,0,0
3.400,0.9509,0,0,0,0
3.435,0.9515,0,0,0,0
3.466,0.9527,0,0,0,0
3.500,0.9539,0,0,0,0
3.533,0.9545,0,0,0,0
3.565,0.9556,0,0,0,0
3.598,0.9568,0,0,0,0
3.632,0.9574,0,0,0,0
3.664,0.9585,0,0,0,0
3.699,0.9596,0,0,0,0
3.731,0.9602,0,0,0,0
3.764,0.9613,0,0,0,0
3.799,0.9623,0,0,0,0
3.831,0.9629,0,0,0,0
3.867,0.9639,0,0,0,0
3.900,0.9650,0,0,0,0
3.931,0.9655,0,0,0,0
3.965,0.9665,0,0,0,0
4.000,0.9675,0,0,0,0
4.031,0.9680,0,0,0,0
4.066,0.9690,0,0,0,0
4.100,0.9700,0,0,0,0
4.132,0.9704,0,0,0,0
4.166,0.9714,0,0,0,0
4.197,0.9723,0,0,0,0
4.232,0.9728,0,0,0,0
4.263,0.9737,0,0,0,0
4.298,0.9745,0,0,0,0
4.331,0.9750,0,0,0,0
4.365,0.9758,0,0,0,0
4.399,0.9767,0,0,0,0
4.432,0.9771,0,0,0,0
4.465,0.9779,0,0,0,0
4.499,0.9787,0,0,0,0
4.531,0.9791,0,0,0,0
4.564,0.9799,0,0,0,0
4.599,0.9806,0,0,0,0
4.630,0.9810,0,0,0,0
4.665,0.9817,0,0,0,0
4.699,0.9824,0,0,0,0
4.731,0.9827,0,0,0,0
4.765,0.9834,0,0,0,0
4.799,0.9841,0,0,0,0
4.830,0.9844,0,0,0,0
4.866,0.9851,0,0,0,0
4.901,0.9857,0,0,0,0
4.931,0.9860,0,0,0,0
4.979,0.9869,0,0,0,0
5.020,0.9875,0,0,0,0
5.036,0.9878,0,0,0,0
5.068,0.9880,0,0,0,0
5.107,0.9886,0,0,0,0
5.133,0.9888,0,0,0,0
5.157,0.9894,0,0,0,0
5.202,0.9899,0,0,0,0
5.225,0.9901,0,0,0,0
5.285,0.9909,0,0,0,0
5.303,0.9911,0,0,0,0
5.337,0.9915,0,0,0,0
5.356,0.9915,0,0,0,0
5.405,0.9922,0,0,0,0
5.423,0.9924,0,0,0,0
5.458,0.9928,0,0,0,0
5.512,0.9933,0,0,0,0
5.545,0.9936,0,0,0,0
5.588,0.9940,0,0,0,0
5.607,0.9942,0,0,0,0
5.646,0.9946,0,0,0,0
5.697,0.9951,0,0,0,0
5.738,0.9954,0,0,0,0
5.754,0.9954,0,0,0,0
5.786,0.9958,0,0,0,0
5.819,0.9961,0,0,0,0
5.855,0.9962,0,0,0,0
5.887,0.9965,0,0,0,0
5.918,0.9968,0,0,0,0
5.951,0.9970,0,0,0,0
5.989,0.9972,0,0,0,0
6.020,0.9975,0,0,0,0
6.053,0.9976,0,0,0,0
6.089,0.9979,0,0,0,0
6.121,0.9981,0,0,0,0
6.153,0.9982,0,0,0,0
6.186,0.9984,0,0,0,0
6.222,0.9987,0,0,0,0
6.253,0.9988,0,0,0,0
6.287,0.9990,0,0,0,0
6.322,0.9992,0,0,0,0
6.355,0.9993,0,0,0,0
6.388,0.9994,0,0,0,0
6.422,0.9996,0,0,0,0
6.455,0.9997,0,0,0,0
6.486,0.9999,0,0,0,0
6.520,1.0000,0,0,0,0
6.553,1.0000,0,0,0,0
6.588,1.0000,0,0,0,0
6.621,1.0000,0,0,0,0
6.648,1.0000,0,0,0,0
6.686,1.0000,0,0,0,0
6.718,1.0000,0,0,0,0
6.752,1.0000,0,0,0,0
6.789,1.0000,0,0,0,0
6.818,1.0000,0,0,0,0
6.852,1.0000,0,0,0,0
6.887,1.0000,0,0,0,0
6.918,1.0000,0,0,0,0
6.960,1.0000,0,0,0,0
6.982,1.0000,0,0,0,0
7.022,1.0000,0,0,0,0
7.054,1.0000,0,0,0,0
7.087,1.0000,0,0,0,0
7.120,1.0000,0,0,0,0
7.154,1.0000,0,0,0,0
7.189,1.0000,0,0,0,0
7.221,1.0000,0,0,0,0
7.253,1.0000,0,0,0,0
7.286,1.0000,0,0,0,0
7.321,1.0000,0,0,0,0
7.353,1.0000,0,0,0,0
7.388,1.0000,0,0,0,0
7.420,1.0000,0,0,0,0
7.456,1.0000,0,0,0,0
7.489,1.0000,0,0,0,0
7.520,1.0000,0,0,0,0
7.554,1.0000,0,0,0,0
7.587,1.0000,0,0,0,0
7.622,1.0000,0,0,0,0
7.652,1.0000,0,0,0,0
7.689,1.0000,0,0,0,0
7.721,1.0000,0,0,0,0
7.756,1.0000,0,0,0,0
7.787,1.0000,0,0,0,0
7.822,1.0000,0,0,0,0
7.856,1.0000,0,0,0,0
7.885,1.0000,0,0,0,0
7.921,1.0000,0,0,0,0
7.954,1.0000,0,0,0,0
7.987,1.0000,0,0,0,0
8.019,1.0000,0,0,0,0
8.053,1.0000,0,0,0,0
8.097,1.0000,0,0,0,0
8.117,1.0000,0,0,0,0
8.160,1.0000,0,0,0,0
8.181,1.0000,0,0,0,0
8.219,1.0000,0,0,0,0
8.253,1.0000,0,0,0,0
8.288,1.0000,0,0,0,0
8.319,1.0000,0,0,0,0
8.353,1.0000,0,0,0,0
8.388,1.0000,0,0,0,0
8.419,1.0000,0,0,0,0
8.451,1.0000,0,0,0,0
8.485,1.0000,0,0,0,0
8.522,1.0000,0,0,0,0
8.554,1.0000,0,0,0,0
8.587,1.0000,0,0,0,0
8.621,1.0000,0,0,0,0
8.653,1.0000,0,0,0,0
8.689,1.0000,0,0,0,0
8.719,1.0000,0,0,0,0
8.756,1.0000,0,0,0,0
8.791,1.0000,0,0,0,0
8.819,1.0000,0,0,0,0
8.853,1.0000,0,0,0,0
8.886,0.9999,0,0,0,0
8.924,0.9998,0,0,0,0
8.955,0.9997,0,0,0,0
8.986,0.9996,0,0,0,0
9.022,0.9995,0,0,0,0
9.056,0.9994,0,0,0,0
9.087,0.9993,0,0,0,0
9.118,0.9992,0,0,0,0
9.155,0.9991,0,0,0,0
9.186,0.9990,0,0,0,0
9.220,0.9989,0,0,0,0
9.254,0.9988,0,0,0,0
9.286,0.9987,0,0,0,0
9.319,0.9985,0,0,0,0
9.353,0.9984,0,0,0,0
9.387,0.9983,0,0,0,0
9.419,0.9981,0,0,0,0
9.451,0.9981,0,0,0,0
9.485,0.9979,0,0,0,0
9.523,0.9978,0,0,0,0
9.553,0.9977,0,0,0,0
9.590,0.9975,0,0,0,0
9.619,0.9974,0,0,0,0
9.652,0.9973,0,0,0,0
9.689,0.9971,0,0,0,0
9.722,0.9970,0,0,0,0
9.755,0.9969,0,0,0,0
9.788,0.9967,0,0,0,0
9.823,0.9966,0,0,0,0
9.853,0.9965,0,0,0,0
9.889,0.9963,0,0,0,0
9.921,0.9962,0,0,0,0
9.953,0.9961,0,0,0,0
9.986,0.9959,0,0,0,0
10.021,0.9957,0,0,0,0
10.052,0.9956,0,0,0,0
10.086,0.9955,0,0,0,0
10.122,0.9953,0,0,0,0
10.154,0.9952,0,0,0,0
10.187,0.9950,0,0,0,0
10.223,0.9948,0,0,0,0
10.246,0.9947,0,0,0,0
10.296,0.9946,0,0,0,0
10.329,0.9944,0,0,0,0
10.353,0.9943,0,0,0,0
10.387,0.9941,0,0,0,0
10.429,0.9939,0,0,0,0
10.454,0.9938,0,0,0,0
10.485,0.9936,0,0,0,0
10.519,0.9935,0,0,0,0
10.552,0.9934,0,0,0,0
10.588,0.9932,0,0,0,0
10.619,0.9930,0,0,0,0
10.652,0.9929,0,0,0,0
10.690,0.9927,0,0,0,0
10.723,0.9925,0,0,0,0
10.756,0.9924,0,0,0,0
10.789,0.9922,0,0,0,0
10.822,0.9921,0,0,0,0
10.855,0.9920,0,0,0,0
10.888,0.9918,0,0,0,0
10.918,0.9916,0,0,0,0
10.957,0.9914,0,0,0,0
10.990,0.9913,0,0,0,0
11.012,0.9912,0,0,0,0
11.054,0.9910,0,0,0,0
11.085,0.9908,0,0,0,0
11.122,0.9907,0,0,0,0
11.151,0.9906,0,0,0,0
11.186,0.9904,0,0,0,0
11.219,0.9902,0,0,0,0
11.255,0.9901,0,0,0,0
11.286,0.9899,0,0,0,0
11.321,0.9897,0,0,0,0
11.352,0.9897,0,0,0,0
11.384,0.9895,0,0,0,0
11.419,0.9893,0,0,0,0
11.454,0.9892,0,0,0,0
11.489,0.9890,0,0,0,0
11.518,0.9889,0,0,0,0
11.560,0.9887,0,0,0,0
11.585,0.9886,0,0,0,0
11.622,0.9884,0,0,0,0
11.651,0.9883,0,0,0,0
11.687,0.9882,0,0,0,0
11.718,0.9880,0,0,0,0
11.753,0.9879,0,0,0,0
11.786,0.9877,0,0,0,0
11.820,0.9876,0,0,0,0
11.855,0.9875,0,0,0,0
11.888,0.9874,0,0,0,0
11.923,0.9876,0,0,0,0
11.954,0.9877,0,0,0,0
11.989,0.9879,0,0,0,0
12.023,0.9881,0,0,0,0
12.055,0.9882,0,0,0,0
12.085,0.9884,0,0,0,0
12.129,0.9886,0,0,0,0
12.146,0.9887,0,0,0,0
12.191,0.9889,0,0,0,0
12.219,0.9891,0,0,0,0
12.253,0.9892,0,0,0,0
12.287,0.9893,0,0,0,0
12.324,0.9895,0,0,0,0
12.359,0.9897,0,0,0,0
12.387,0.9898,0,0,0,0
12.419,0.9899,0,0,0,0
12.452,0.9900,0,0,0,0
12.486,0.9902,0,0,0,0
12.518,0.9903,0,0,0,0
12.555,0.9904,0,0,0,0
12.588,0.9905,0,0,0,0
12.622,0.9907,0,0,0,0
12.656,0.9908,0,0,0,0
12.689,0.9909,0,0,0,0
12.722,0.9910,0,0,0,0
12.756,0.9911,0,0,0,0
12.788,0.9912,0,0,0,0
12.822,0.9914,0,0,0,0
12.857,0.9915,0,0,0,0
12.886,0.9916,0,0,0,0
12.920,0.9917,0,0,0,0
13.092,0.9921,0,0,0,0
13.110,0.9922,0,0,0,0
13.144,0.9923,0,0,0,0
13.174,0.9923,0,0,0,0
13.210,0.9924,0,0,0,0
13.245,0.9925,0,0,0,0
13.279,0.9926,0,0,0,0
13.309,0.9926,0,0,0,0
13.345,0.9927,0,0,0,0
13.374,0.9927,0,0,0,0
13.407,0.9928,0,0,0,0
13.451,0.9929,0,0,0,0
13.476,0.9929,0,0,0,0
13.508,0.9930,0,0,0,0
13.544,0.9931,0,0,0,0
13.578,0.9931,0,0,0,0
13.609,0.9932,0,0,0,0
13.645,0.9932,0,0,0,0
13.672,0.9933,0,0,0,0
13.708,0.9933,0,0,0,0
13.738,0.9934,0,0,0,0
13.780,0.9934,0,0,0,0
13.809,0.9934,0,0,0,0
13.846,0.9935,0,0,0,0
13.876,0.9935,0,0,0,0
13.912,0.9935,0,0,0,0
13.939,0.9936,0,0,0,0
13.976,0.9936,0,0,0,0
14.007,0.9936,0,0,0,0
14.044,0.9937,0,0,0,0
14.073,0.9937,0,0,0,0
14.109,0.9937,0,0,0,0
14.145,0.9937,0,0,0,0
14.173,0.9938,0,0,0,0
14.211,0.9938,0,0,0,0
14.245,0.9938,0,0,0,0
14.270,0.9938,0,0,0,0
14.311,0.9938,0,0,0,0
14.339,0.9939,0,0,0,0
14.376,0.9939,0,0,0,0
14.411,0.9939,0,0,0,0
14.445,0.9939,0,0,0,0
14.480,0.9939,0,0,0,0
14.508,0.9939,0,0,0,0
14.542,0.9939,0,0,0,0
14.577,0.9939,0,0,0,0
14.605,0.9939,0,0,0,0
14.649,0.9939,0,0,0,0
14.677,0.9939,0,0,0,0
14.708,0.9939,0,0,0,0
14.741,0.9939,0,0,0,0
14.775,0.9939,0,0,0,0
14.813,0.9939,0,0,0,0
14.842,0.9939,0,0,0,0
14.877,0.9939,0,0,0,0
14.910,0.9939,0,0,0,0
14.943,0.9939,0,0,0,0
14.981,0.9939,0,0,0,0
15.015,0.9939,0,0,0,0
15.041,0.9939,0,0,0,0
15.074,0.9939,0,0,0,0
15.110,0.9939,0,0,0,0
15.147,0.9939,0,0,0,0
15.182,0.9939,0,0,0,0
15.216,0.9938,0,0,0,0
15.248,0.9938,0,0,0,0
15.281,0.9938,0,0,0,0
15.316,0.9938,0,0,0,0
15.341,0.9938,0,0,0,0
15.372,0.9938,0,0,0,0
15.410,0.9938,0,0,0,0
15.439,0.9938,0,0,0,0
15.474,0.9937,0,0,0,0
15.508,0.9937,0,0,0,0
15.542,0.9937,0,0,0,0
15.578,0.9937,0,0,0,0
15.614,0.9937,0,0,0,0
15.640,0.9937,0,0,0,0
15.674,0.9936,0,0,0,0
15.707,0.9936,0,0,0,0
15.741,0.9936,0,0,0,0
15.774,0.9936,0,0,0,0
15.814,0.9936,0,0,0,0
15.842,0.9935,0,0,0,0
15.875,0.9935,0,0,0,0
15.910,0.9935,0,0,0,0
15.944,0.9935,0,0,0,0
15.977,0.9935,0,0,0,0
16.010,0.9934,0,0,0,0
16.045,0.9934,0,0,0,0
16.078,0.9934,0,0,0,0
16.115,0.9934,0,0,0,0
16.141,0.9934,0,0,0,0
16.174,0.9933,0,0,0,0
16.218,0.9933,0,0,0,0
16.245,0.9933,0,0,0,0
16.274,0.9933,0,0,0,0
16.314,0.9933,0,0,0,0
16.345,0.9932,0,0,0,0
16.376,0.9932,0,0,0,0
16.407,0.9932,0,0,0,0
16.441,0.9932,0,0,0,0
16.476,0.9931,0,0,0,0
16.510,0.9931,0,0,0,0
16.545,0.9931,0,0,0,0
16.579,0.9931,0,0,0,0
16.611,0.9931,0,0,0,0
16.644,0.9930,0,0,0,0
16.677,0.9930,0,0,0,0
16.710,0.9930,0,0,0,0
16.745,0.9930,0,0,0,0
16.771,0.9929,0,0,0,0
16.806,0.9929,0,0,0,0
16.845,0.9929,0,0,0,0
16.873,0.9929,0,0,0,0
16.912,0.9929,0,0,0,0
16.944,0.9928,0,0,0,0
16.978,0.9928,0,0,0,0
17.014,0.9928,0,0,0,0
17.040,0.9928,0,0,0,0
17.075,0.9928,0,0,0,0
17.107,0.9927,0,0,0,0
17.141,0.9927,0,0,0,0
17.176,0.9927,0,0,0,0
17.210,0.9927,0,0,0,0
17.244,0.9926,0,0,0,0
17.280,0.9926,0,0,0,0
17.307,0.9926,0,0,0,0
17.342,0.9926,0,0,0,0
17.378,0.9925,0,0,0,0
17.413,0.9925,0,0,0,0
17.439,0.9925,0,0,0,0
17.475,0.9925,0,0,0,0
17.513,0.9925,0,0,0,0
17.541,0.9925,0,0,0,0
17.576,0.9924,0,0,0,0
17.610,0.9924,0,0,0,0
17.642,0.9924,0,0,0,0
17.677,0.9924,0,0,0,0
17.706,0.9924,0,0,0,0
17.740,0.9923,0,0,0,0
17.774,0.9923,0,0,0,0
17.808,0.9923,0,0,0,0
17.842,0.9923,0,0,0,0
17.878,0.9923,0,0,0,0
17.913,0.9922,0,0,0,0
17.938,0.9922,0,0,0,0
17.977,0.9922,0,0,0,0
18.013,0.9922,0,0,0,0
18.046,0.9922,0,0,0,0
18.073,0.9922,0,0,0,0
18.106,0.9921,0,0,0,0
18.140,0.9921,0,0,0,0
18.177,0.9921,0,0,0,0
18.211,0.9921,0,0,0,0
18.244,0.9921,0,0,0,0
18.278,0.9920,0,0,0,0
18.314,0.9920,0,0,0,0
18.341,0.9920,0,0,0,0
18.376,0.9920,0,0,0,0
18.410,0.9920,0,0,0,0
18.445,0.9920,0,0,0,0
18.478,0.9919,0,0,0,0
18.512,0.9919,0,0,0,0
18.545,0.9919,0,0,0,0
18.578,0.9919,0,0,0,0
18.612,0.9919,0,0,0,0
18.647,0.9919,0,0,0,0
18.675,0.9918,0,0,0,0
18.711,0.9918,0,0,0,0
18.747,0.9918,0,0,0,0
18.778,0.9918,0,0,0,0
18.811,0.9918,0,0,0,0
18.848,0.9918,0,0,0,0
18.879,0.9918,0,0,0,0
18.914,0.9917,0,0,0,0
18.945,0.9917,0,0,0,0
18.975,0.9917,0,0,0,0
19.013,0.9917,0,0,0,0
19.043,0.9917,0,0,0,0
19.078,0.9917,0,0,0,0
19.116,0.9917,0,0,0,0
19.147,0.9916,0,0,0,0
19.177,0.9916,0,0,0,0
19.215,0.9916,0,0,0,0
19.246,0.9916,0,0,0,0
19.282,0.9916,0,0,0,0
19.314,0.9916,0,0,0,0
19.345,0.9916,0,0,0,0
19.381,0.9915,0,0,0,0
19.415,0.9915,0,0,0,0
19.451,0.9915,0,0,0,0
19.469,0.9915,0,0,0,0
19.508,0.9915,0,0,0,0
19.548,0.9915,0,0,0,0
19.575,0.9915,0,0,0,0
19.609,0.9915,0,0,0,0
19.647,0.9915,0,0,0,0
19.677,0.9914,0,0,0,0
19.714,0.9914,0,0,0,0
19.745,0.9914,0,0,0,0
19.777,0.9914,0,0,0,0
19.816,0.9914,0,0,0,0
19.848,0.9914,0,0,0,0
19.879,0.9914,0,0,0,0
19.914,0.9914,0,0,0,0
19.947,0.9914,0,0,0,0
19.977,0.9913,0,0,0,0
20.012,0.9913,0,0,0,0
20.040,0.9913,0,0,0,0
20.077,0.9913,0,0,0,0
20.110,0.9913,0,0,0,0
20.141,0.9913,0,0,0,0
20.177,0.9913,0,0,0,0
20.211,0.9913,0,0,0,0
20.240,0.9913,0,0,0,0
20.273,0.9913,0,0,0,0
20.310,0.9913,0,0,0,0
20.346,0.9912,0,0,0,0
20.380,0.9912,0,0,0,0
20.406,0.9912,0,0,0,0
20.443,0.9912,0,0,0,0
20.478,0.9912,0,0,0,0
20.505,0.9912,0,0,0,0
20.543,0.9912,0,0,0,0
20.575,0.9912,0,0,0,0
20.607,0.9912,0,0,0,0
20.645,0.9912,0,0,0,0
20.678,0.9912,0,0,0,0
20.713,0.9912,0,0,0,0
20.740,0.9911,0,0,0,0
20.777,0.9911,0,0,0,0
20.811,0.9911,0,0,0,0
20.849,0.9911,0,0,0,0
20.879,0.9911,0,0,0,0
20.912,0.9911,0,0,0,0
20.943,0.9911,0,0,0,0
20.979,0.9911,0,0,0,0
21.010,0.9911,0,0,0,0
21.046,0.9911,0,0,0,0
21.078,0.9911,0,0,0,0
21.109,0.9911,0,0,0,0
21.147,0.9911,0,0,0,0
21.184,0.9910,0,0,0,0
21.205,0.9910,0,0,0,0
21.248,0.9910,0,0,0,0
21.275,0.9910,0,0,0,0
21.313,0.9910,0,0,0,0
21.345,0.9910,0,0,0,0
21.380,0.9910,0,0,0,0
21.413,0.9910,0,0,0,0
21.446,0.9910,0,0,0,0
21.477,0.9910,0,0,0,0
21.508,0.9910,0,0,0,0
21.544,0.9910,0,0,0,0
21.582,0.9910,0,0,0,0
21.612,0.9910,0,0,0,0
21.645,0.9910,0,0,0,0
21.681,0.9910,0,0,0,0
21.712,0.9910,0,0,0,0
21.746,0.9909,0,0,0,0
21.778,0.9909,0,0,0,0
21.814,0.9909,0,0,0,0
21.843,0.9909,0,0,0,0
21.879,0.9909,0,0,0,0
21.907,0.9909,0,0,0,0
21.946,0.9909,0,0,0,0
21.970,0.9909,0,0,0,0
22.008,0.9909,0,0,0,0
22.044,0.9909,0,0,0,0
22.077,0.9909,0,0,0,0
22.112,0.9909,0,0,0,0
22.146,0.9909,0,0,0,0
22.177,0.9909,0,0,0,0
22.217,0.9909,0,0,0,0
22.236,0.9909,0,0,0,0
22.275,0.9909,0,0,0,0
22.313,0.9909,0,0,0,0
22.344,0.9909,0,0,0,0
22.378,0.9909,0,0,0,0
22.408,0.9909,0,0,0,0
22.442,0.9908,0,0,0,0
22.480,0.9908,0,0,0,0
22.507,0.9908,0,0,0,0
22.543,0.9908,0,0,0,0
22.579,0.9908,0,0,0,0
22.607,0.9908,0,0,0,0
22.643,0.9908,0,0,0,0
22.678,0.9908,0,0,0,0
22.713,0.9908,0,0,0,0
22.745,0.9908,0,0,0,0
22.782,0.9908,0,0,0,0
22.807,0.9908,0,0,0,0
22.844,0.9908,0,0,0,0
22.873,0.9908,0,0,0,0
22.914,0.9908,0,0,0,0
22.936,0.9908,0,0,0,0
22.979,0.9908,0,0,0,0
23.002,0.9908,0,0,0,0
23.044,0.9908,0,0,0,0
23.078,0.9908,0,0,0,0
23.114,0.9908,0,0,0,0
23.141,0.9908,0,0,0,0
23.182,0.9908,0,0,0,0
23.202,0.9908,0,0,0,0
23.242,0.9908,0,0,0,0
23.276,0.9908,0,0,0,0
23.315,0.9908,0,0,0,0
23.344,0.9908,0,0,0,0
23.384,0.9907,0,0,0,0
23.403,0.9907,0,0,0,0
23.444,0.9907,0,0,0,0
23.478,0.9907,0,0,0,0
23.513,0.9907,0,0,0,0
23.542,0.9907,0,0,0,0
23.579,0.9907,0,0,0,0
23.609,0.9907,0,0,0,0
23.647,0.9907,0,0,0,0
23.679,0.9907,0,0,0,0
23.712,0.9907,0,0,0,0
23.743,0.9907,0,0,0,0
23.781,0.9907,0,0,0,0
23.813,0.9907,0,0,0,0
23.843,0.9907,0,0,0,0
23.875,0.9907,0,0,0,0
23.912,0.9907,0,0,0,0
23.944,0.9907,0,0,0,0
23.975,0.9907,0,0,0,0
24.013,0.9907,0,0,0,0
24.041,0.9907,0,0,0,0
24.080,0.9907,0,0,0,0
24.102,0.9907,0,0,0,0
24.147,0.9907,0,0,0,0
24.171,0.9907,0,0,0,0
24.207,0.9907,0,0,0,0
24.245,0.9907,0,0,0,0
24.277,0.9907,0,0,0,0
24.310,0.9907,0,0,0,0
24.348,0.9907,0,0,0,0
24.376,0.9907,0,0,0,0
24.413,0.9907,0,0,0,0
24.446,0.9907,0,0,0,0
24.477,0.9907,0,0,0,0
24.509,0.9907,0,0,0,0
24.544,0.9907,0,0,0,0
24.575,0.9907,0,0,0,0
24.615,0.9907,0,0,0,0
24.642,0.9907,0,0,0,0
24.676,0.9907,0,0,0,0
24.713,0.9907,0,0,0,0
24.744,0.9907,0,0,0,0
24.782,0.9907,0,0,0,0
24.812,0.9907,0,0,0,0
24.847,0.9907,0,0,0,0
24.878,0.9907,0,0,0,0
24.908,0.9907,0,0,0,0
24.945,0.9907,0,0,0,0
24.976,0.9907,0,0,0,0
25.016,0.9906,0,0,0,0
25.035,0.9906,0,0,0,0
25.083,0.9906,0,0,0,0
25.111,0.9906,0,0,0,0
25.140,0.9906,0,0,0,0
25.179,0.9906,0,0,0,0
25.210,0.9906,0,0,0,0
25.245,0.9906,0,0,0,0
25.277,0.9906,0,0,0,0
25.315,0.9906,0,0,0,0
25.348,0.9906,0,0,0,0
25.370,0.9906,0,0,0,0
25.413,0.9906,0,0,0,0
25.435,0.9906,0,0,0,0
25.478,0.9906,0,0,0,0
25.501,0.9906,0,0,0,0
25.540,0.9906,0,0,0,0
25.576,0.9906,0,0,0,0
25.614,0.9906,0,0,0,0
25.644,0.9906,0,0,0,0
25.674,0.9906,0,0,0,0
25.707,0.9906,0,0,0,0
25.746,0.9906,0,0,0,0
25.774,0.9906,0,0,0,0
25.807,0.9906,0,0,0,0
25.846,0.9906,0,0,0,0
25.868,0.9906,0,0,0,0
25.907,0.9906,0,0,0,0
25.943,0.9906,0,0,0,0
25.981,0.9906,0,0,0,0
26.010,0.9906,0,0,0,0
26.043,0.9906,0,0,0,0
26.079,0.9906,0,0,0,0
26.109,0.9906,0,0,0,0
26.143,0.9906,0,0,0,0
26.174,0.9906,0,0,0,0
26.207,0.9906,0,0,0,0
26.247,0.9906,0,0,0,0
26.280,0.9906,0,0,0,0
26.311,0.9906,0,0,0,0
26.345,0.9906,0,0,0,0
26.380,0.9906,0,0,0,0
26.407,0.9906,0,0,0,0
26.446,0.9906,0,0,0,0
26.478,0.9906,0,0,0,0
26.510,0.9906,0,0,0,0
26.545,0.9906,0,0,0,0
26.575,0.9906,0,0,0,0
26.611,0.9906,0,0,0,0
26.648,0.9906,0,0,0,0
26.679,0.9906,0,0,0,0
26.706,0.9906,0,0,0,0
26.746,0.9906,0,0,0,0
26.774,0.9906,0,0,0,0
26.808,0.9906,0,0,0,0
26.850,0.9906,0,0,0,0
26.879,0.9906,0,0,0,0
26.912,0.9906,0,0,0,0
26.944,0.9906,0,0,0,0
26.983,0.9906,0,0,0,0
27.014,0.9906,0,0,0,0
27.045,0.9906,0,0,0,0
27.079,0.9906,0,0,0,0
27.110,0.9906,0,0,0,0
27.143,0.9906,0,0,0,0
27.177,0.9906,0,0,0,0
27.210,0.9906,0,0,0,0
27.253,0.9906,0,0,0,0
27.271,0.9906,0,0,0,0
27.308,0.9906,0,0,0,0
27.355,0.9906,0,0,0,0
27.376,0.9906,0,0,0,0
27.424,0.9906,0,0,0,0
27.454,0.9906,0,0,0,0
27.484,0.9906,0,0,0,0
27.516,0.9906,0,0,0,0
27.559,0.9906,0,0,0,0
27.585,0.9906,0,0,0,0
27.620,0.9906,0,0,0,0
27.652,0.9906,0,0,0,0
27.685,0.9906,0,0,0,0
27.723,0.9906,0,0,0,0
27.756,0.9906,0,0,0,0
27.785,0.9906,0,0,0,0
27.821,0.9906,0,0,0,0
27.851,0.9906,0,0,0,0
27.885,0.9906,0,0,0,0
27.920,0.9906,0,0,0,0
27.960,0.9906,0,0,0,0
27.988,0.9906,0,0,0,0
28.021,0.9906,0,0,0,0
28.063,0.9906,0,0,0,0
28.096,0.9906,0,0,0,0
28.130,0.9906,0,0,0,0
28.163,0.9906,0,0,0,0
28.196,0.9906,0,0,0,0
28.219,0.9906,0,0,0,0
28.264,0.9906,0,0,0,0
28.288,0.9906,0,0,0,0
28.315,0.9906,0,0,0,0
28.353,0.9906,0,0,0,0
28.390,0.9906,0,0,0,0
28.418,0.9906,0,0,0,0
28.454,0.9906,0,0,0,0
28.489,0.9906,0,0,0,0
28.523,0.9906,0,0,0,0
28.556,0.9906,0,0,0,0
28.585,0.9906,0,0,0,0
28.618,0.9906,0,0,0,0
28.653,0.9906,0,0,0,0
28.689,0.9906,0,0,0,0
28.718,0.9906,0,0,0,0
28.757,0.9906,0,0,0,0
28.786,0.9906,0,0,0,0
28.821,0.9906,0,0,0,0
28.853,0.9906,0,0,0,0
28.888,0.9906,0,0,0,0
28.921,0.9906,0,0,0,0
28.958,0.9906,0,0,0,0
28.985,0.9906,0,0,0,0
29.017,0.9906,0,0,0,0
29.052,0.9906,0,0,0,0
29.084,0.9906,0,0,0,0
29.118,0.9906,0,0,0,0
29.151,0.9906,0,0,0,0
29.186,0.9906,0,0,0,0
29.219,0.9906,0,0,0,0
29.252,0.9906,0,0,0,0
29.285,0.9906,0,0,0,0
29.319,0.9906,0,0,0,0
29.353,0.9906,0,0,0,0
29.381,0.9906,0,0,0,0
29.421,0.9906,0,0,0,0
29.453,0.9906,0,0,0,0
29.486,0.9906,0,0,0,0
29.521,0.9906,0,0,0,0
29.554,0.9906,0,0,0,0
29.585,0.9906,0,0,0,0
29.619,0.9906,0,0,0,0
29.654,0.9906,0,0,0,0
29.687,0.9906,0,0,0,0
29.721,0.9906,0,0,0,0
29.755,0.9906,0,0,0,0
29.786,0.9906,0,0,0,0
29.819,0.9906,0,0,0,0
29.853,0.9906,0,0,0,0
29.887,0.9906,0,0,0,0
29.921,0.9906,0,0,0,0
29.954,0.9906,0,0,0,0
29.988,0.9906,0,0,0,0
30.021,0.9906,0,0,0,0
30.054,0.9906,0,0,0,0
30.086,0.9906,0,0,0,0
30.120,0.9906,0,0,0,0
30.154,0.9906,0,0,0,0
30.188,0.9906,0,0,0,0
30.222,0.9906,0,0,0,0
30.254,0.9906,0,0,0,0
30.286,0.9906,0,0,0,0
30.321,0.9906,0,0,0,0
30.354,0.9906,0,0,0,0
30.388,0.9906,0,0,0,0
30.422,0.9902,0,0,0,0
30.454,0.9898,0,0,0,0
30.486,0.9884,0,0,0,0
30.520,0.9860,2,5,5,2
30.553,0.9845,2,5,5,2
30.587,0.9806,2,5,5,2
30.620,0.9759,2,5,5,2
30.653,0.9732,2,5,5,2
30.687,0.9671,2,5,5,2
30.721,0.9602,2,5,5,2
30.755,0.9567,2,5,5,2
30.787,0.9496,2,5,5,2
30.821,0.9428,2,5,5,2
30.855,0.9396,2,5,5,2
30.888,0.9335,2,5,5,2
30.922,0.9283,2,5,5,2
30.953,0.9259,2,5,5,2
30.988,0.9217,2,5,5,2
31.016,0.9198,2,5,5,2
31.054,0.9165,2,5,5,2
31.087,0.9141,2,5,5,2
31.120,0.9128,2,5,5,2
31.154,0.9126,2,5,5,2
31.187,0.9134,2,5,5,2
31.221,0.9154,2,5,5,2
31.255,0.9169,2,5,5,2
31.288,0.9208,2,5,5,2
31.323,0.9257,2,5,5,2
31.359,0.9315,2,5,5,2
31.392,0.9346,2,5,5,2
31.426,0.9411,2,5,5,2
31.450,0.9443,2,5,5,2
31.484,0.9506,2,5,5,2
31.518,0.9564,2,5,5,2
31.552,0.9591,2,5,5,2
31.587,0.9640,2,5,5,2
31.619,0.9685,2,5,5,2
31.651,0.9704,2,5,5,2
31.688,0.9739,2,5,5,2
31.720,0.9768,2,5,5,2
31.752,0.9781,2,5,5,2
31.787,0.9803,2,5,5,2
31.822,0.9821,2,5,5,2
31.858,0.9835,2,5,5,2
31.891,0.9841,2,5,5,2
31.918,0.9851,2,5,5,2
31.954,0.9855,2,5,5,2
31.987,0.9862,2,5,5,2
32.021,0.9867,2,5,5,2
32.054,0.9869,2,5,5,2
32.088,0.9873,2,5,5,2
32.117,0.9875,2,5,5,2
32.155,0.9877,2,5,5,2
32.187,0.9879,2,5,5,2
32.221,0.9880,2,5,5,2
32.254,0.9881,2,5,5,2
32.288,0.9882,2,5,5,2
32.324,0.9883,2,5,5,2
32.358,0.9883,2,5,5,2
32.393,0.9884,2,5,5,2
32.419,0.9885,2,5,5,2
32.452,0.9885,2,5,5,2
32.486,0.9886,2,5,5,2
32.520,0.9886,2,5,5,2
32.554,0.9887,2,5,5,2
32.586,0.9887,2,5,5,2
32.620,0.9888,2,5,5,2
32.654,0.9888,2,5,5,2
32.687,0.9889,2,5,5,2
32.722,0.9890,2,5,5,2
32.756,0.9891,2,5,5,2
32.790,0.9891,2,5,5,2
32.823,0.9892,0,0,0,0
32.856,0.9892,0,0,0,0
32.891,0.9892,0,0,0,0
32.924,0.9893,0,0,0,0
32.958,0.9894,0,0,0,0
32.990,0.9894,0,0,0,0
33.023,0.9895,0,0,0,0
33.051,0.9895,0,0,0,0
33.087,0.9895,0,0,0,0
33.120,0.9896,0,0,0,0
33.154,0.9896,0,0,0,0
33.186,0.9897,0,0,0,0
33.219,0.9897,0,0,0,0
33.254,0.9897,0,0,0,0
33.286,0.9898,0,0,0,0
33.319,0.9898,0,0,0,0
33.353,0.9898,0,0,0,0
33.387,0.9899,0,0,0,0
33.422,0.9899,0,0,0,0
33.454,0.9899,0,0,0,0
33.487,0.9900,0,0,0,0
33.521,0.9900,0,0,0,0
33.554,0.9900,0,0,0,0
33.588,0.9901,0,0,0,0
33.623,0.9901,0,0,0,0
33.650,0.9901,0,0,0,0
33.685,0.9901,0,0,0,0
33.719,0.9901,0,0,0,0
33.753,0.9902,0,0,0,0
33.787,0.9902,0,0,0,0
33.821,0.9902,0,0,0,0
33.853,0.9902,0,0,0,0
33.886,0.9902,0,0,0,0
33.921,0.9902,0,0,0,0
33.957,0.9903,0,0,0,0
33.985,0.9903,0,0,0,0
34.020,0.9903,0,0,0,0
34.053,0.9903,0,0,0,0
34.086,0.9903,0,0,0,0
34.119,0.9903,0,0,0,0
34.152,0.9903,0,0,0,0
34.186,0.9903,0,0,0,0
34.220,0.9904,0,0,0,0
34.254,0.9904,0,0,0,0
34.287,0.9904,0,0,0,0
34.322,0.9904,0,0,0,0
34.358,0.9904,0,0,0,0
34.392,0.9904,0,0,0,0
34.419,0.9904,0,0,0,0
34.455,0.9904,0,0,0,0
34.489,0.9904,0,0,0,0
34.518,0.9904,0,0,0,0
34.555,0.9904,0,0,0,0
34.590,0.9904,0,0,0,0
34.624,0.9905,0,0,0,0
34.651,0.9905,0,0,0,0
34.687,0.9905,0,0,0,0
34.722,0.9905,0,0,0,0
34.756,0.9905,0,0,0,0
34.788,0.9905,0,0,0,0
34.824,0.9905,0,0,0,0
34.852,0.9905,0,0,0,0
34.887,0.9905,0,0,0,0
34.922,0.9905,0,0,0,0
34.957,0.9905,0,0,0,0
34.987,0.9905,0,0,0,0
35.022,0.9905,0,0,0,0
35.058,0.9905,0,0,0,0
35.093,0.9905,0,0,0,0
35.121,0.9905,0,0,0,0
35.158,0.9905,0,0,0,0
35.219,0.9905,0,0,0,0
35.236,0.9905,0,0,0,0
35.261,0.9905,0,0,0,0
35.294,0.9905,0,0,0,0
35.329,0.9905,0,0,0,0
35.358,0.9905,0,0,0,0
35.395,0.9905,0,0,0,0
35.427,0.9905,0,0,0,0
35.459,0.9905,0,0,0,0
35.493,0.9905,0,0,0,0
35.525,0.9905,0,0,0,0
35.562,0.9905,0,0,0,0
35.595,0.9905,0,0,0,0
35.627,0.9905,0,0,0,0
35.662,0.9905,0,0,0,0
35.691,0.9905,0,0,0,0
35.727,0.9905,0,0,0,0
35.760,0.9905,0,0,0,0
35.793,0.9905,0,0,0,0
35.831,0.9905,0,0,0,0
35.857,0.9905,0,0,0,0
35.896,0.9905,0,0,0,0
35.929,0.9905,0,0,0,0
35.958,0.9905,0,0,0,0
35.995,0.9905,0,0,0,0
36.029,0.9905,0,0,0,0
36.058,0.9905,0,0,0,0
36.094,0.9905,0,0,0,0
36.134,0.9905,0,0,0,0
36.153,0.9905,0,0,0,0
36.197,0.9905,0,0,0,0
36.219,0.9905,0,0,0,0
36.257,0.9905,0,0,0,0
36.295,0.9905,0,0,0,0
36.324,0.9905,0,0,0,0
36.363,0.9905,0,0,0,0
36.394,0.9905,0,0,0,0
36.424,0.9905,0,0,0,0
36.457,0.9905,0,0,0,0
36.496,0.9905,0,0,0,0
36.524,0.9905,0,0,0,0
36.560,0.9905,0,0,0,0
36.596,0.9905,0,0,0,0
36.627,0.9905,0,0,0,0
36.658,0.9905,0,0,0,0
36.690,0.9905,0,0,0,0
36.727,0.9905,0,0,0,0
36.759,0.9905,0,0,0,0
36.796,0.9905,0,0,0,0
36.827,0.9905,0,0,0,0
36.864,0.9905,0,0,0,0
36.891,0.9905,0,0,0,0
36.929,0.9905,0,0,0,0
36.960,0.9905,0,0,0,0
36.992,0.9905,0,0,0,0
37.025,0.9905,0,0,0,0
37.063,0.9905,0,0,0,0
37.095,0.9905,0,0,0,0
37.129,0.9905,0,0,0,0
37.159,0.9905,0,0,0,0
37.191,0.9905,0,0,0,0
37.225,0.9905,0,0,0,0
37.257,0.9905,0,0,0,0
37.292,0.9905,0,0,0,0
37.325,0.9905,0,0,0,0
37.358,0.9905,0,0,0,0
37.393,0.9905,0,0,0,0
37.430,0.9905,0,0,0,0
37.462,0.9905,0,0,0,0
37.491,0.9905,0,0,0,0
37.524,0.9905,0,0,0,0
37.559,0.9905,0,0,0,0
37.594,0.9905,0,0,0,0
37.633,0.9905,0,0,0,0
37.652,0.9905,0,0,0,0
37.694,0.9905,0,0,0,0
37.728,0.9905,0,0,0,0
37.758,0.9905,0,0,0,0
37.795,0.9905,0,0,0,0
37.832,0.9905,0,0,0,0
37.865,0.9905,0,0,0,0
37.890,0.9905,0,0,0,0
37.925,0.9905,0,0,0,0
37.960,0.9905,0,0,0,0
37.991,0.9905,0,0,0,0
38.029,0.9905,0,0,0,0
38.062,0.9905,0,0,0,0
38.093,0.9905,0,0,0,0
38.128,0.9905,0,0,0,0
38.164,0.9905,0,0,0,0
38.195,0.9905,0,0,0,0
38.226,0.9905,0,0,0,0
38.263,0.9905,0,0,0,0
38.291,0.9905,0,0,0,0
38.325,0.9905,0,0,0,0
38.359,0.9905,0,0,0,0
38.390,0.9905,0,0,0,0
38.426,0.9905,0,0,0,0
38.466,0.9905,0,0,0,0
38.497,0.9905,0,0,0,0
38.528,0.9905,0,0,0,0
38.566,0.9905,0,0,0,0
38.585,0.9905,0,0,0,0
38.626,0.9905,0,0,0,0
38.665,0.9905,0,0,0,0
38.695,0.9905,0,0,0,0
38.726,0.9905,0,0,0,0
38.759,0.9905,0,0,0,0
38.793,0.9905,0,0,0,0
38.825,0.9905,0,0,0,0
38.857,0.9905,0,0,0,0
38.893,0.9905,0,0,0,0
38.931,0.9905,0,0,0,0
38.952,0.9905,0,0,0,0
38.997,0.9905,0,0,0,0
39.023,0.9905,0,0,0,0
39.058,0.9905,0,0,0,0
39.098,0.9905,0,0,0,0
39.129,0.9905,0,0,0,0
39.161,0.9905,0,0,0,0
39.191,0.9905,0,0,0,0
39.226,0.9905,0,0,0,0
39.258,0.9905,0,0,0,0
39.293,0.9905,0,0,0,0
39.325,0.9905,0,0,0,0
39.359,0.9905,0,0,0,0
39.394,0.9905,0,0,0,0
39.425,0.9905,0,0,0,0
39.465,0.9905,0,0,0,0
39.484,0.9905,0,0,0,0
39.527,0.9905,0,0,0,0
39.563,0.9905,0,0,0,0
39.592,0.9905,0,0,0,0
39.626,0.9905,0,0,0,0
39.662,0.9905,0,0,0,0
39.691,0.9905,0,0,0,0
39.731,0.9905,0,0,0,0
39.757,0.9905,0,0,0,0
39.790,0.9905,0,0,0,0
39.827,0.9905,0,0,0,0
39.859,0.9905,0,0,0,0
39.897,0.9905,0,0,0,0
39.930,0.9905,0,0,0,0
39.959,0.9905,0,0,0,0
39.991,0.9905,0,0,0,0
40.029,0.9905,0,0,0,0
40.062,0.9905,0,0,0,0
40.092,0.9905,0,0,0,0
40.124,0.9905,0,0,0,0
40.162,0.9905,0,0,0,0
40.184,0.9905,0,0,0,0
40.228,0.9905,0,0,0,0
40.259,0.9905,0,0,0,0
40.294,0.9905,0,0,0,0
40.326,0.9905,0,0,0,0
40.360,0.9905,0,0,0,0
40.391,0.9905,0,0,0,0
40.428,0.9905,0,0,0,0
40.461,0.9905,0,0,0,0
40.491,0.9904,0,0,0,0
40.528,0.9904,0,0,0,0
40.561,0.9904,0,0,0,0
40.592,0.9904,0,0,0,0
40.624,0.9904,0,0,0,0
40.664,0.9904,0,0,0,0
40.684,0.9904,0,0,0,0
40.724,0.9904,0,0,0,0
40.759,0.9904,0,0,0,0
40.795,0.9904,0,0,0,0
40.828,0.9904,0,0,0,0
40.862,0.9904,0,0,0,0
40.891,0.9904,0,0,0,0
40.926,0.9904,0,0,0,0
40.960,0.9904,0,0,0,0
40.995,0.9904,0,0,0,0
41.026,0.9904,0,0,0,0
41.058,0.9904,0,0,0,0
41.091,0.9904,0,0,0,0
41.131,0.9904,0,0,0,0
41.163,0.9904,0,0,0,0
41.194,0.9904,0,0,0,0
41.229,0.9904,0,0,0,0
41.266,0.9904,0,0,0,0
41.293,0.9904,0,0,0,0
41.324,0.9904,0,0,0,0
41.363,0.9904,0,0,0,0
41.396,0.9904,0,0,0,0
41.428,0.9904,0,0,0,0
41.464,0.9904,0,0,0,0
41.497,0.9904,0,0,0,0
41.528,0.9904,0,0,0,0
41.558,0.9904,0,0,0,0
41.595,0.9904,0,0,0,0
41.627,0.9904,0,0,0,0
41.659,0.9904,0,0,0,0
41.692,0.9904,0,0,0,0
41.729,0.9904,0,0,0,0
41.763,0.9904,0,0,0,0
41.796,0.9904,0,0,0,0
41.827,0.9904,0,0,0,0
41.861,0.9904,0,0,0,0
41.892,0.9904,0,0,0,0
41.926,0.9904,0,0,0,0
41.958,0.9904,0,0,0,0
41.996,0.9904,0,0,0,0
42.027,0.9904,0,0,0,0
42.061,0.9904,0,0,0,0
42.097,0.9904,0,0,0,0
42.127,0.9904,0,0,0,0
42.162,0.9904,0,0,0,0
42.193,0.9904,0,0,0,0
42.230,0.9904,0,0,0,0
42.262,0.9904,0,0,0,0
42.292,0.9904,0,0,0,0
42.324,0.9904,0,0,0,0
42.358,0.9904,0,0,0,0
42.398,0.9904,0,0,0,0
42.429,0.9904,0,0,0,0
42.458,0.9904,0,0,0,0
42.492,0.9904,0,0,0,0
42.529,0.9904,0,0,0,0
42.560,0.9904,0,0,0,0
42.591,0.9904,0,0,0,0
42.628,0.9904,0,0,0,0
42.659,0.9904,0,0,0,0
42.692,0.9904,0,0,0,0
42.728,0.9904,0,0,0,0
42.762,0.9904,0,0,0,0
42.792,0.9904,0,0,0,0
42.827,0.9904,0,0,0,0
42.857,0.9904,0,0,0,0
42.894,0.9904,0,0,0,0
42.932,0.9904,0,0,0,0
42.951,0.9904,0,0,0,0
42.991,0.9904,0,0,0,0
43.027,0.9904,0,0,0,0
43.060,0.9904,0,0,0,0
43.098,0.9904,0,0,0,0
43.128,0.9904,0,0,0,0
43.163,0.9904,0,0,0,0
43.194,0.9904,0,0,0,0
43.229,0.9904,0,0,0,0
43.257,0.9904,0,0,0,0
43.293,0.9904,0,0,0,0
43.329,0.9904,0,0,0,0
43.359,0.9904,0,0,0,0
43.397,0.9904,0,0,0,0
43.428,0.9904,0,0,0,0
43.462,0.9904,0,0,0,0
43.497,0.9904,0,0,0,0
43.526,0.9904,0,0,0,0
43.561,0.9904,0,0,0,0
43.591,0.9904,0,0,0,0
43.623,0.9904,0,0,0,0
43.664,0.9904,0,0,0,0
43.692,0.9904,0,0,0,0
43.730,0.9904,0,0,0,0
43.762,0.9904,0,0,0,0
43.792,0.9904,0,0,0,0
43.825,0.9904,0,0,0,0
43.862,0.9904,0,0,0,0
43.894,0.9904,0,0,0,0
43.923,0.9904,0,0,0,0
43.963,0.9904,0,0,0,0
43.990,0.9904,0,0,0,0
44.027,0.9904,0,0,0,0
44.059,0.9904,0,0,0,0
44.091,0.9904,0,0,0,0
44.129,0.9904,0,0,0,0
44.162,0.9904,0,0,0,0
44.192,0.9904,0,0,0,0
44.227,0.9904,0,0,0,0
44.262,0.9904,0,0,0,0
44.295,0.9904,0,0,0,0
44.324,0.9904,0,0,0,0
44.363,0.9904,0,0,0,0
44.395,0.9904,0,0,0,0
44.429,0.9904,0,0,0,0
44.458,0.9904,0,0,0,0
44.495,0.9904,0,0,0,0
44.530,0.9904,0,0,0,0
44.560,0.9904,0,0,0,0
44.590,0.9904,0,0,0,0
44.627,0.9904,0,0,0,0
44.658,0.9904,0,0,0,0
44.694,0.9904,0,0,0,0
44.728,0.9904,0,0,0,0
44.760,0.9904,0,0,0,0
44.795,0.9904,0,0,0,0
44.829,0.9904,0,0,0,0
44.860,0.9904,0,0,0,0
44.895,0.9904,0,0,0,0
44.929,0.9904,0,0,0,0
44.959,0.9904,0,0,0,0
44.993,0.9904,0,0,0,0
45.023,0.9904,0,0,0,0
45.061,0.9904,0,0,0,0
45.090,0.9904,0,0,0,0
45.125,0.9904,0,0,0,0
45.158,0.9904,0,0,0,0
45.197,0.9904,0,0,0,0
45.223,0.9904,0,0,0,0
45.256,0.9904,0,0,0,0
45.299,0.9904,0,0,0,0
45.328,0.9904,0,0,0,0
45.361,0.9904,0,0,0,0
45.392,0.9904,0,0,0,0
45.426,0.9904,0,0,0,0
45.458,0.9904,0,0,0,0
45.491,0.9904,0,0,0,0
45.525,0.9904,0,0,0,0
45.561,0.9904,0,0,0,0
45.595,0.9904,0,0,0,0
45.626,0.9904,0,0,0,0
45.664,0.9904,0,0,0,0
45.696,0.9904,0,0,0,0
45.723,0.9904,0,0,0,0
45.765,0.9904,0,0,0,0
45.826,0.9904,0,0,0,0
45.842,0.9904,0,0,0,0
45.868,0.9904,0,0,0,0
45.901,0.9904,0,0,0,0
45.933,0.9904,0,0,0,0
45.968,0.9904,0,0,0,0
46.001,0.9904,0,0,0,0
46.037,0.9904,0,0,0,0
46.071,0.9904,0,0,0,0
46.103,0.9904,0,0,0,0
46.138,0.9904,0,0,0,0
46.159,0.9904,0,0,0,0
46.201,0.9904,0,0,0,0
46.233,0.9904,0,0,0,0
46.270,0.9904,0,0,0,0
46.300,0.9904,0,0,0,0
46.338,0.9904,0,0,0,0
46.374,0.9904,0,0,0,0
46.402,0.9904,0,0,0,0
46.431,0.9904,0,0,0,0
46.468,0.9903,0,0,0,0
46.502,0.9903,0,0,0,0
46.539,0.9903,0,0,0,0
46.561,0.9903,0,0,0,0
46.602,0.9903,0,0,0,0
46.635,0.9903,0,0,0,0
46.667,0.9903,0,0,0,0
46.700,0.9903,0,0,0,0
46.737,0.9903,0,0,0,0
46.768,0.9903,0,0,0,0
46.801,0.9903,0,0,0,0
46.843,0.9903,0,0,0,0
46.869,0.9903,0,0,0,0
46.896,0.9903,0,0,0,0
46.930,0.9903,0,0,0,0
46.981,0.9903,0,0,0,0
46.998,0.9903,0,0,0,0
47.030,0.9903,0,0,0,0
47.067,0.9903,0,0,0,0
47.100,0.9903,0,0,0,0
47.130,0.9903,0,0,0,0
47.168,0.9903,0,0,0,0
47.203,0.9903,0,0,0,0
47.232,0.9903,0,0,0,0
47.268,0.9903,0,0,0,0
47.305,0.9903,0,0,0,0
47.334,0.9903,0,0,0,0
47.371,0.9903,0,0,0,0
47.399,0.9903,0,0,0,0
47.434,0.9903,0,0,0,0
47.471,0.9903,0,0,0,0
47.503,0.9903,0,0,0,0
47.535,0.9903,0,0,0,0
47.572,0.9903,0,0,0,0
47.602,0.9903,0,0,0,0
47.633,0.9903,0,0,0,0
47.670,0.9903,0,0,0,0
47.702,0.9903,0,0,0,0
47.733,0.9903,0,0,0,0
47.768,0.9903,0,0,0,0
47.801,0.9903,0,0,0,0
47.833,0.9903,0,0,0,0
47.867,0.9903,0,0,0,0
47.907,0.9903,0,0,0,0
47.927,0.9903,0,0,0,0
47.970,0.9903,0,0,0,0
48.002,0.9903,0,0,0,0
48.044,0.9903,0,0,0,0
48.061,0.9903,0,0,0,0
48.099,0.9903,0,0,0,0
48.132,0.9903,0,0,0,0
48.163,0.9903,0,0,0,0
48.196,0.9903,0,0,0,0
48.233,0.9903,0,0,0,0
48.263,0.9903,0,0,0,0
48.296,0.9903,0,0,0,0
48.333,0.9903,0,0,0,0
48.365,0.9903,0,0,0,0
48.399,0.9903,0,0,0,0
48.433,0.9903,0,0,0,0
48.463,0.9903,0,0,0,0
48.499,0.9903,0,0,0,0
48.533,0.9903,0,0,0,0
48.566,0.9903,0,0,0,0
48.598,0.9903,0,0,0,0
48.632,0.9903,0,0,0,0
48.665,0.9903,0,0,0,0
48.699,0.9903,0,0,0,0
48.732,0.9903,0,0,0,0
48.766,0.9903,0,0,0,0
48.798,0.9903,0,0,0,0
48.833,0.9903,0,0,0,0
48.866,0.9903,0,0,0,0
48.905,0.9903,0,0,0,0
48.937,0.9903,0,0,0,0
48.967,0.9903,0,0,0,0
49.003,0.9903,0,0,0,0
49.034,0.9903,0,0,0,0
49.071,0.9903,0,0,0,0
49.103,0.9903,0,0,0,0
49.136,0.9903,0,0,0,0
49.168,0.9903,0,0,0,0
49.200,0.9903,0,0,0,0
49.236,0.9903,0,0,0,0
49.266,0.9903,0,0,0,0
49.302,0.9903,0,0,0,0
49.340,0.9903,0,0,0,0
49.369,0.9903,0,0,0,0
49.400,0.9903,0,0,0,0
49.434,0.9903,0,0,0,0
49.473,0.9903,0,0,0,0
49.494,0.9903,0,0,0,0
49.537,0.9903,0,0,0,0
49.565,0.9903,0,0,0,0
49.603,0.9903,0,0,0,0
49.636,0.9903,0,0,0,0
49.670,0.9903,0,0,0,0
49.701,0.9903,0,0,0,0
49.732,0.9903,0,0,0,0
49.766,0.9903,0,0,0,0
49.804,0.9903,0,0,0,0
49.834,0.9903,0,0,0,0
49.866,0.9903,0,0,0,0
49.904,0.9903,0,0,0,0
49.926,0.9903,0,0,0,0
49.968,0.9903,0,0,0,0
50.005,0.9903,0,0,0,0
50.033,0.9903,0,0,0,0
50.071,0.9903,0,0,0,0
50.101,0.9903,0,0,0,0
50.133,0.9903,0,0,0,0
50.174,0.9903,0,0,0,0
50.203,0.9903,0,0,0,0
50.232,0.9903,0,0,0,0
50.275,0.9903,0,0,0,0
50.294,0.9903,0,0,0,0
50.344,0.9903,0,0,0,0
50.365,0.9903,0,0,0,0
50.408,0.9903,0,0,0,0
50.438,0.9903,0,0,0,0
50.467,0.9903,0,0,0,0
50.498,0.9903,0,0,0,0
50.533,0.9903,0,0,0,0
50.570,0.9903,0,0,0,0
50.599,0.9903,0,0,0,0
50.635,0.9903,0,0,0,0
50.671,0.9903,0,0,0,0
50.701,0.9903,0,0,0,0
50.733,0.9903,0,0,0,0
50.766,0.9903,0,0,0,0
50.802,0.9903,0,0,0,0
50.833,0.9903,0,0,0,0
50.865,0.9903,0,0,0,0
50.902,0.9903,0,0,0,0
50.933,0.9903,0,0,0,0
50.972,0.9903,0,0,0,0
51.003,0.9903,0,0,0,0
51.032,0.9903,0,0,0,0
51.066,0.9903,0,0,0,0
51.102,0.9903,0,0,0,0
51.132,0.9903,0,0,0,0
51.167,0.9903,0,0,0,0
51.204,0.9903,0,0,0,0
51.237,0.9903,0,0,0,0
51.265,0.9903,0,0,0,0
51.310,0.9903,0,0,0,0
51.330,0.9903,0,0,0,0
51.372,0.9903,0,0,0,0
51.397,0.9903,0,0,0,0
51.438,0.9903,0,0,0,0
51.466,0.9903,0,0,0,0
51.505,0.9903,0,0,0,0
51.537,0.9903,0,0,0,0
51.564,0.9903,0,0,0,0
51.599,0.9903,0,0,0,0
51.635,0.9903,0,0,0,0
51.669,0.9903,0,0,0,0
51.704,0.9903,0,0,0,0
51.735,0.9903,0,0,0,0
51.767,0.9903,0,0,0,0
51.799,0.9903,0,0,0,0
51.831,0.9903,0,0,0,0
51.875,0.9903,0,0,0,0
51.903,0.9903,0,0,0,0
51.931,0.9903,0,0,0,0
51.966,0.9903,0,0,0,0
52.002,0.9903,0,0,0,0
52.033,0.9903,0,0,0,0
52.067,0.9903,0,0,0,0
52.103,0.9903,0,0,0,0
52.132,0.9903,0,0,0,0
52.168,0.9903,0,0,0,0
52.199,0.9903,0,0,0,0
52.232,0.9903,0,0,0,0
52.266,0.9903,0,0,0,0
52.305,0.9903,0,0,0,0
52.333,0.9903,0,0,0,0
52.377,0.9902,0,0,0,0
52.397,0.9902,0,0,0,0
52.434,0.9902,0,0,0,0
52.471,0.9902,0,0,0,0
52.500,0.9902,0,0,0,0
52.530,0.9902,0,0,0,0
52.565,0.9902,0,0,0,0
52.600,0.9902,0,0,0,0
52.635,0.9902,0,0,0,0
52.670,0.9902,0,0,0,0
52.700,0.9902,0,0,0,0
52.735,0.9902,0,0,0,0
52.770,0.9902,0,0,0,0
52.805,0.9902,0,0,0,0
52.833,0.9902,0,0,0,0
52.872,0.9902,0,0,0,0
52.905,0.9902,0,0,0,0
52.933,0.9902,0,0,0,0
52.969,0.9902,0,0,0,0
53.003,0.9902,0,0,0,0
53.031,0.9902,0,0,0,0
53.063,0.9902,0,0,0,0
53.104,0.9902,0,0,0,0
53.137,0.9902,0,0,0,0
53.172,0.9902,0,0,0,0
53.206,0.9902,0,0,0,0
53.236,0.9902,0,0,0,0
53.265,0.9902,0,0,0,0
53.296,0.9902,0,0,0,0
53.338,0.9902,0,0,0,0
53.366,0.9902,0,0,0,0
53.405,0.9902,0,0,0,0
53.435,0.9902,0,0,0,0
53.470,0.9902,0,0,0,0
53.499,0.9902,0,0,0,0
53.539,0.9902,0,0,0,0
53.564,0.9902,0,0,0,0
53.612,0.9902,0,0,0,0
53.632,0.9902,0,0,0,0
53.666,0.9902,0,0,0,0
53.705,0.9902,0,0,0,0
53.736,0.9902,0,0,0,0
53.766,0.9902,0,0,0,0
53.799,0.9902,0,0,0,0
53.837,0.9902,0,0,0,0
53.866,0.9902,0,0,0,0
53.901,0.9902,0,0,0,0
53.933,0.9902,0,0,0,0
53.971,0.9902,0,0,0,0
54.001,0.9902,0,0,0,0
54.032,0.9902,0,0,0,0
54.073,0.9902,0,0,0,0
54.098,0.9902,0,0,0,0
54.136,0.9902,0,0,0,0
54.165,0.9902,0,0,0,0
54.203,0.9902,0,0,0,0
54.234,0.9902,0,0,0,0
54.267,0.9902,0,0,0,0
54.301,0.9902,0,0,0,0
54.332,0.9902,0,0,0,0
54.377,0.9902,0,0,0,0
54.397,0.9902,0,0,0,0
54.446,0.9902,0,0,0,0
54.467,0.9902,0,0,0,0
54.503,0.9902,0,0,0,0
54.537,0.9902,0,0,0,0
54.573,0.9902,0,0,0,0
54.604,0.9902,0,0,0,0
54.634,0.9902,0,0,0,0
54.667,0.9902,0,0,0,0
54.697,0.9902,0,0,0,0
54.740,0.9902,0,0,0,0
54.770,0.9902,0,0,0,0
54.799,0.9902,0,0,0,0
54.836,0.9902,0,0,0,0
54.867,0.9902,0,0,0,0
54.900,0.9902,0,0,0,0
54.937,0.9902,0,0,0,0
54.966,0.9902,0,0,0,0
55.000,0.9902,0,0,0,0
55.038,0.9902,0,0,0,0
55.070,0.9902,0,0,0,0
55.104,0.9902,0,0,0,0
55.135,0.9902,0,0,0,0
55.164,0.9902,0,0,0,0
55.204,0.9902,0,0,0,0
55.234,0.9902,0,0,0,0
55.271,0.9902,0,0,0,0
55.303,0.9902,0,0,0,0
55.334,0.9902,0,0,0,0
55.368,0.9902,0,0,0,0
55.401,0.9902,0,0,0,0
55.435,0.9902,0,0,0,0
55.468,0.9902,0,0,0,0
55.497,0.9902,0,0,0,0
55.536,0.9902,0,0,0,0
55.572,0.9902,0,0,0,0
55.602,0.9902,0,0,0,0
55.635,0.9902,0,0,0,0
55.667,0.9902,0,0,0,0
55.703,0.9902,0,0,0,0
55.732,0.9902,0,0,0,0
55.767,0.9902,0,0,0,0
55.797,0.9902,0,0,0,0
55.840,0.9902,0,0,0,0
55.869,0.9902,0,0,0,0
55.901,0.9902,0,0,0,0
55.930,0.9902,0,0,0,0
55.975,0.9902,0,0,0,0
55.999,0.9902,0,0,0,0
56.041,0.9902,0,0,0,0
56.069,0.9902,0,0,0,0
56.098,0.9902,0,0,0,0
56.136,0.9902,0,0,0,0
56.165,0.9902,0,0,0,0
56.205,0.9902,0,0,0,0
56.226,0.9902,0,0,0,0
56.268,0.9902,0,0,0,0
56.301,0.9903,0,0,0,0
56.334,0.9903,0,0,0,0
56.367,0.9904,0,0,0,0
56.398,0.9906,0,0,0,0
56.435,0.9908,0,0,0,0
56.469,0.9912,0,0,0,0
56.496,0.9919,0,0,0,0
56.531,0.9923,0,0,0,0
56.566,0.9933,0,0,0,0
56.603,0.9944,0,0,0,0
56.634,0.9950,0,0,0,0
56.675,0.9963,0,0,0,0
56.702,0.9977,0,0,0,0
56.734,0.9984,0,0,0,0
56.772,0.9999,0,0,0,0
56.804,1.0000,0,0,0,0
56.835,1.0000,0,0,0,0
56.871,1.0000,0,0,0,0
56.898,1.0000,0,0,0,0
56.942,1.0000,0,0,0,0
56.970,1.0000,0,0,0,0
57.005,1.0000,0,0,0,0
57.037,1.0000,0,0,0,0
57.068,1.0000,0,0,0,0
57.097,1.0000,0,0,0,0
57.139,1.0000,0,0,0,0
57.166,1.0000,0,0,0,0
57.199,1.0000,0,0,0,0
57.236,1.0000,0,0,0,0
57.271,1.0000,0,0,0,0
57.302,1.0000,0,0,0,0
57.335,1.0000,0,0,0,0
57.370,1.0000,0,0,0,0
57.400,1.0000,0,0,0,0
57.438,1.0000,0,0,0,0
57.467,1.0000,0,0,0,0
57.510,1.0000,0,0,0,0
57.531,1.0000,0,0,0,0
57.566,1.0000,0,0,0,0
57.605,1.0000,0,0,0,0
57.628,1.0000,0,0,0,0
57.670,1.0000,0,0,0,0
57.703,1.0000,0,0,0,0
57.732,1.0000,0,0,0,0
57.767,1.0000,0,0,0,0
57.806,1.0000,0,0,0,0
57.837,1.0000,0,0,0,0
57.869,1.0000,0,0,0,0
57.905,1.0000,0,0,0,0
57.936,1.0000,0,0,0,0
57.968,1.0000,0,0,0,0
57.998,1.0000,0,0,0,0
58.039,1.0000,0,0,0,0
58.069,1.0000,0,0,0,0
58.102,1.0000,0,0,0,0
58.136,1.0000,0,0,0,0
58.166,1.0000,0,0,0,0
58.201,1.0000,0,0,0,0
58.233,1.0000,0,0,0,0
58.266,1.0000,0,0,0,0
58.299,1.0000,0,0,0,0
58.341,1.0000,0,0,0,0
58.362,1.0000,0,0,0,0
58.408,1.0000,0,0,0,0
58.429,1.0000,0,0,0,0
58.466,1.0000,0,0,0,0
58.502,1.0000,0,0,0,0
58.535,1.0000,0,0,0,0
58.566,1.0000,0,0,0,0
58.605,1.0000,0,0,0,0
58.632,1.0000,0,0,0,0
58.667,1.0000,0,0,0,0
58.701,1.0000,0,0,0,0
58.739,1.0000,0,0,0,0
58.769,1.0000,0,0,0,0
58.802,1.0000,0,0,0,0
58.833,1.0000,0,0,0,0
58.869,1.0000,0,0,0,0
58.900,1.0000,0,0,0,0
58.938,1.0000,0,0,0,0
58.969,1.0000,0,0,0,0
59.002,1.0000,0,0,0,0
59.032,1.0000,0,0,0,0
59.066,1.0000,0,0,0,0
59.107,1.0000,0,0,0,0
59.140,1.0000,0,0,0,0
59.165,1.0000,0,0,0,0
59.204,1.0000,0,0,0,0
59.237,1.0000,0,0,0,0
59.272,1.0000,0,0,0,0
59.303,1.0000,0,0,0,0
59.331,1.0000,0,0,0,0
59.367,1.0000,0,0,0,0
59.400,1.0000,0,0,0,0
59.437,1.0000,0,0,0,0
59.468,1.0000,0,0,0,0
59.504,1.0000,0,0,0,0
59.538,1.0000,0,0,0,0
59.568,1.0000,0,0,0,0
59.602,1.0000,0,0,0,0
59.631,1.0000,0,0,0,0
59.675,1.0000,0,0,0,0
59.695,1.0000,0,0,0,0
59.733,1.0000,0,0,0,0
59.772,1.0000,0,0,0,0
59.800,1.0000,0,0,0,0
59.830,1.0000,0,0,0,0
59.871,1.0000,0,0,0,0
59.904,1.0000,0,0,0,0
59.926,1.0000,0,0,0,0
59.967,1.0000,0,0,0,0
60.007,1.0000,0,0,0,0
60.033,1.0000,0,0,0,0
60.068,1.0000,0,0,0,0
60.102,1.0000,0,0,0,0
60.132,1.0000,0,0,0,0
60.167,1.0000,0,0,0,0
60.205,1.0000,0,0,0,0
60.238,1.0000,0,0,0,0
60.269,1.0000,0,0,0,0
60.299,1.0000,0,0,0,0
60.337,1.0000,0,0,0,0
60.370,1.0000,0,0,0,0
60.402,1.0000,0,0,0,0
60.439,1.0000,0,0,0,0
60.468,1.0000,0,0,0,0
60.499,1.0000,0,0,0,0
60.532,1.0000,0,0,0,0
60.566,1.0000,0,0,0,0
60.605,1.0000,0,0,0,0
60.634,1.0000,0,0,0,0
60.670,1.0000,0,0,0,0
60.702,1.0000,0,0,0,0
60.735,1.0000,0,0,0,0
60.766,1.0000,0,0,0,0
60.806,1.0000,0,0,0,0
60.831,1.0000,0,0,0,0
60.868,1.0000,0,0,0,0
60.905,1.0000,0,0,0,0
60.934,1.0000,0,0,0,0
60.965,1.0000,0,0,0,0
60.999,1.0000,0,0,0,0
61.038,1.0000,0,0,0,0
61.070,1.0000,0,0,0,0
61.104,1.0000,0,0,0,0
61.138,1.0000,0,0,0,0
61.165,1.0000,0,0,0,0
61.201,1.0000,0,0,0,0
61.238,1.0000,0,0,0,0
61.264,1.0000,0,0,0,0
61.301,1.0000,0,0,0,0
61.335,1.0000,0,0,0,0
61.371,1.0000,0,0,0,0
61.398,1.0000,0,0,0,0
61.441,1.0000,0,0,0,0
61.466,1.0000,0,0,0,0
61.496,1.0000,0,0,0,0
61.532,1.0000,0,0,0,0
61.567,1.0000,0,0,0,0
61.602,1.0000,0,0,0,0
61.637,1.0000,0,0,0,0
61.673,1.0000,0,0,0,0
61.701,1.0000,0,0,0,0
61.730,1.0000,0,0,0,0
61.778,0.9965,2,5,5,2
61.794,0.9965,2,5,5,2
61.841,0.9928,2,5,5,2
61.871,0.9916,2,5,5,2
61.899,0.9891,2,5,5,2
61.937,0.9869,2,5,5,2
61.967,0.9857,2,5,5,2
62.002,0.9834,2,5,5,2
62.034,0.9822,2,5,5,2
62.066,0.9798,2,5,5,2
62.100,0.9781,2,5,5,2
62.138,0.9772,2,5,5,2
62.166,0.9769,2,5,5,2
62.209,0.9766,2,5,5,2
62.238,0.9766,2,5,5,2
62.271,0.9766,2,5,5,2
62.304,0.9768,2,5,5,2
62.334,0.9770,2,5,5,2
62.365,0.9773,2,5,5,2
62.404,0.9776,2,5,5,2
62.433,0.9778,2,5,5,2
62.473,0.9780,2,5,5,2
62.499,0.9783,2,5,5,2
62.532,0.9784,2,5,5,2
62.565,0.9786,2,5,5,2
62.600,0.9787,2,5,5,2
62.635,0.9787,2,5,5,2
62.670,0.9787,2,5,5,2
62.697,0.9787,2,5,5,2
62.739,0.9786,2,5,5,2
62.768,0.9785,2,5,5,2
62.796,0.9784,2,5,5,2
62.834,0.9782,2,5,5,2
62.871,0.9779,2,5,5,2
62.898,0.9776,2,5,5,2
62.934,0.9774,2,5,5,2
62.968,0.9769,2,5,5,2
63.003,0.9764,2,5,5,2
63.037,0.9758,2,5,5,2
63.064,0.9755,2,5,5,2
63.104,0.9748,0,0,0,0
63.132,0.9745,0,0,0,0
63.169,0.9737,0,0,0,0
63.203,0.9729,0,0,0,0
63.236,0.9721,0,0,0,0
63.273,0.9716,0,0,0,0
63.303,0.9706,0,0,0,0
63.337,0.9694,0,0,0,0
63.364,0.9688,0,0,0,0
63.398,0.9675,0,0,0,0
63.434,0.9668,0,0,0,0
63.468,0.9653,2,5,5,2
63.496,0.9636,2,5,5,2
63.534,0.9628,2,5,5,2
63.567,0.9611,2,5,5,2
63.602,0.9593,2,5,5,2
63.636,0.9576,2,5,5,2
63.670,0.9567,2,5,5,2
63.704,0.9550,2,5,5,2
63.732,0.9541,2,5,5,2
63.763,0.9525,2,5,5,2
63.803,0.9509,2,5,5,2
63.838,0.9494,2,5,5,2
63.865,0.9487,2,5,5,2
63.902,0.9474,2,5,5,2
63.938,0.9462,2,5,5,2
63.968,0.9457,2,5,5,2
63.999,0.9446,2,5,5,2
64.039,0.9438,2,5,5,2
64.067,0.9434,2,5,5,2
64.097,0.9427,2,5,5,2
64.139,0.9421,2,5,5,2
64.170,0.9418,2,5,5,2
64.201,0.9414,2,5,5,2
64.232,0.9412,2,5,5,2
64.268,0.9409,2,5,5,2
64.309,0.9407,2,5,5,2
64.328,0.9407,2,5,5,2
64.368,0.9406,2,5,5,2
64.403,0.9407,2,5,5,2
64.433,0.9406,2,5,5,2
64.471,0.9401,2,5,5,2
64.505,0.9394,2,5,5,2
64.535,0.9390,2,5,5,2
64.567,0.9382,2,5,5,2
64.600,0.9373,2,5,5,2
64.637,0.9364,2,5,5,2
64.672,0.9359,2,5,5,2
64.700,0.9351,2,5,5,2
64.732,0.9347,2,5,5,2
64.767,0.9339,2,5,5,2
64.805,0.9332,0,0,0,0
64.833,0.9329,0,0,0,0
64.868,0.9322,0,0,0,0
64.900,0.9314,0,0,0,0
64.940,0.9298,2,5,5,2
64.959,0.9288,2,5,5,2
65.010,0.9266,2,5,5,2
65.032,0.9254,2,5,5,2
65.071,0.9229,2,5,5,2
65.098,0.9204,2,5,5,2
65.133,0.9191,2,5,5,2
65.171,0.9165,2,5,5,2
65.204,0.9141,2,5,5,2
65.236,0.9128,2,5,5,2
65.266,0.9105,2,5,5,2
65.300,0.9082,2,5,5,2
65.340,0.9060,2,5,5,2
65.362,0.9050,2,5,5,2
65.406,0.9029,2,5,5,2
65.436,0.9019,2,5,5,2
65.472,0.9000,2,5,5,2
65.504,0.8981,2,5,5,2
65.535,0.8972,2,5,5,2
65.572,0.8955,2,5,5,2
65.603,0.8938,2,5,5,2
65.630,0.8929,2,5,5,2
65.667,0.8913,2,5,5,2
65.702,0.8898,2,5,5,2
65.738,0.8883,2,5,5,2
65.765,0.8875,2,5,5,2
65.805,0.8861,2,5,5,2
65.839,0.8847,2,5,5,2
65.867,0.8840,2,5,5,2
65.896,0.8827,2,5,5,2
65.934,0.8820,2,5,5,2
65.969,0.8808,2,5,5,2
66.006,0.8795,2,5,5,2
66.032,0.8791,2,5,5,2
66.062,0.8783,2,5,5,2
66.103,0.8775,2,5,5,2
66.139,0.8766,2,5,5,2
66.167,0.8762,2,5,5,2
66.197,0.8764,2,5,5,2
66.236,0.8772,2,5,5,2
66.265,0.8776,2,5,5,2
66.300,0.8785,2,5,5,2
66.323,0.8789,2,5,5,2
66.374,0.8796,2,5,5,2
66.394,0.8800,2,5,5,2
66.433,0.8808,2,5,5,2
66.468,0.8815,2,5,5,2
66.502,0.8822,2,5,5,2
66.539,0.8829,2,5,5,2
66.570,0.8832,2,5,5,2
66.598,0.8839,2,5,5,2
66.632,0.8842,2,5,5,2
66.669,0.8849,2,5,5,2
66.698,0.8855,2,5,5,2
66.737,0.8861,2,5,5,2
66.766,0.8864,0,0,0,0
66.799,0.8870,0,0,0,0
66.836,0.8876,0,0,0,0
66.871,0.8879,0,0,0,0
66.902,0.8884,0,0,0,0
66.933,0.8887,0,0,0,0
66.969,0.8892,0,0,0,0
67.008,0.8898,0,0,0,0
67.039,0.8903,0,0,0,0
67.072,0.8905,0,0,0,0
67.099,0.8910,0,0,0,0
67.137,0.8915,0,0,0,0
67.168,0.8918,0,0,0,0
67.202,0.8922,0,0,0,0
67.235,0.8925,0,0,0,0
67.270,0.8929,0,0,0,0
67.304,0.8934,0,0,0,0
67.332,0.8936,0,0,0,0
67.362,0.8940,0,0,0,0
67.401,0.8944,0,0,0,0
67.439,0.8948,0,0,0,0
67.465,0.8950,0,0,0,0
67.502,0.8954,0,0,0,0
67.537,0.8958,0,0,0,0
67.565,0.8960,0,0,0,0
67.603,0.8964,0,0,0,0
67.634,0.8965,0,0,0,0
67.672,0.8969,0,0,0,0
67.698,0.8973,0,0,0,0
67.734,0.8974,0,0,0,0
67.769,0.8978,0,0,0,0
67.803,0.8981,0,0,0,0
67.834,0.8983,0,0,0,0
67.869,0.8987,0,0,0,0
67.900,0.8990,0,0,0,0
67.936,0.8992,0,0,0,0
67.969,0.8995,0,0,0,0
68.002,0.8998,0,0,0,0
68.035,0.9000,0,0,0,0
68.075,0.9003,0,0,0,0
68.103,0.9006,0,0,0,0
68.136,0.9009,0,0,0,0
68.171,0.9011,0,0,0,0
68.205,0.9014,0,0,0,0
68.233,0.9015,0,0,0,0
68.263,0.9018,0,0,0,0
68.309,0.9021,0,0,0,0
68.337,0.9024,0,0,0,0
68.370,0.9026,0,0,0,0
68.406,0.9029,0,0,0,0
68.432,0.9030,0,0,0,0
68.490,0.9034,0,0,0,0
68.508,0.9036,0,0,0,0
68.537,0.9039,0,0,0,0
68.569,0.9040,0,0,0,0
68.602,0.9043,0,0,0,0
68.634,0.9044,0,0,0,0
68.667,0.9047,0,0,0,0
68.703,0.9050,0,0,0,0
68.739,0.9053,0,0,0,0
68.765,0.9054,0,0,0,0
68.803,0.9057,0,0,0,0
68.832,0.9058,0,0,0,0
68.862,0.9061,0,0,0,0
68.901,0.9064,0,0,0,0
68.931,0.9065,0,0,0,0
68.971,0.9068,0,0,0,0
68.996,0.9070,0,0,0,0
69.026,0.9072,0,0,0,0
69.068,0.9074,0,0,0,0
69.093,0.9076,0,0,0,0
69.136,0.9080,0,0,0,0
69.160,0.9081,0,0,0,0
69.202,0.9084,0,0,0,0
69.236,0.9085,0,0,0,0
69.262,0.9088,0,0,0,0
69.304,0.9090,0,0,0,0
69.335,0.9092,0,0,0,0
69.368,0.9094,0,0,0,0
69.399,0.9097,0,0,0,0
69.440,0.9099,0,0,0,0
69.460,0.9101,0,0,0,0
69.510,0.9103,0,0,0,0
69.535,0.9105,0,0,0,0
69.568,0.9107,0,0,0,0
69.599,0.9110,0,0,0,0
69.638,0.9112,0,0,0,0
69.660,0.9114,0,0,0,0
69.704,0.9116,0,0,0,0
69.726,0.9118,0,0,0,0
69.768,0.9120,0,0,0,0
69.800,0.9123,0,0,0,0
69.831,0.9124,0,0,0,0
69.868,0.9127,0,0,0,0
69.906,0.9129,0,0,0,0
69.927,0.9130,0,0,0,0
69.972,0.9133,0,0,0,0
69.994,0.9134,0,0,0,0
70.032,0.9137,0,0,0,0
70.068,0.9140,0,0,0,0
70.102,0.9142,0,0,0,0
70.125,0.9143,0,0,0,0
70.174,0.9146,0,0,0,0
70.193,0.9147,0,0,0,0
70.232,0.9150,0,0,0,0
70.269,0.9152,0,0,0,0
70.299,0.9155,0,0,0,0
70.337,0.9157,0,0,0,0
70.360,0.9158,0,0,0,0
70.398,0.9161,0,0,0,0
70.437,0.9163,0,0,0,0
70.459,0.9165,0,0,0,0
70.499,0.9167,0,0,0,0
70.536,0.9169,0,0,0,0
70.566,0.9171,0,0,0,0
70.603,0.9174,0,0,0,0
70.636,0.9177,0,0,0,0
70.670,0.9178,0,0,0,0
70.704,0.9180,0,0,0,0
70.732,0.9181,0,0,0,0
70.772,0.9184,0,0,0,0
70.792,0.9185,0,0,0,0
70.833,0.9188,0,0,0,0
70.871,0.9190,0,0,0,0
70.894,0.9191,0,0,0,0
70.933,0.9194,0,0,0,0
70.971,0.9196,0,0,0,0
70.992,0.9198,0,0,0,0
71.039,0.9202,0,0,0,0
71.061,0.9203,0,0,0,0
71.101,0.9206,0,0,0,0
71.139,0.9208,0,0,0,0
71.170,0.9210,0,0,0,0
71.201,0.9212,0,0,0,0
71.236,0.9213,0,0,0,0
71.270,0.9216,0,0,0,0
71.298,0.9219,0,0,0,0
71.342,0.9221,0,0,0,0
71.365,0.9222,0,0,0,0
71.402,0.9225,0,0,0,0
71.436,0.9226,0,0,0,0
71.470,0.9229,0,0,0,0
71.505,0.9231,0,0,0,0
71.539,0.9234,0,0,0,0
71.565,0.9235,0,0,0,0
71.602,0.9238,0,0,0,0
71.632,0.9239,0,0,0,0
71.665,0.9241,0,0,0,0
71.699,0.9244,0,0,0,0
71.732,0.9245,0,0,0,0
71.765,0.9248,0,0,0,0
71.802,0.9250,0,0,0,0
71.839,0.9253,0,0,0,0
71.866,0.9254,0,0,0,0
71.906,0.9256,0,0,0,0
71.927,0.9258,0,0,0,0
71.968,0.9260,0,0,0,0
72.003,0.9263,0,0,0,0
72.033,0.9264,0,0,0,0
72.067,0.9266,0,0,0,0
72.097,0.9268,0,0,0,0
72.134,0.9270,0,0,0,0
72.167,0.9272,0,0,0,0
72.198,0.9275,0,0,0,0
72.242,0.9277,0,0,0,0
72.262,0.9278,0,0,0,0
72.302,0.9281,0,0,0,0
72.333,0.9282,0,0,0,0
72.369,0.9285,0,0,0,0
72.399,0.9288,0,0,0,0
72.441,0.9290,0,0,0,0
72.461,0.9291,0,0,0,0
72.502,0.9294,0,0,0,0
72.539,0.9296,0,0,0,0
72.559,0.9297,0,0,0,0
72.605,0.9300,0,0,0,0
72.626,0.9301,0,0,0,0
72.672,0.9303,0,0,0,0
72.700,0.9306,0,0,0,0
72.734,0.9307,0,0,0,0
72.771,0.9310,0,0,0,0
72.803,0.9312,0,0,0,0
72.836,0.9313,0,0,0,0
72.867,0.9316,0,0,0,0
72.902,0.9319,0,0,0,0
72.937,0.9321,0,0,0,0
72.967,0.9322,0,0,0,0
73.006,0.9324,0,0,0,0
73.038,0.9327,0,0,0,0
73.069,0.9329,0,0,0,0
73.102,0.9331,0,0,0,0
73.138,0.9334,0,0,0,0
73.169,0.9335,0,0,0,0
73.199,0.9338,0,0,0,0
73.237,0.9341,0,0,0,0
73.268,0.9341,0,0,0,0
73.302,0.9344,0,0,0,0
73.337,0.9346,0,0,0,0
73.368,0.9348,0,0,0,0
73.399,0.9351,0,0,0,0
73.436,0.9352,0,0,0,0
73.473,0.9354,0,0,0,0
73.499,0.9356,0,0,0,0
73.533,0.9358,0,0,0,0
73.566,0.9360,0,0,0,0
73.599,0.9363,0,0,0,0
73.636,0.9366,0,0,0,0
73.666,0.9368,0,0,0,0
73.700,0.9370,0,0,0,0
73.737,0.9372,0,0,0,0
73.767,0.9373,0,0,0,0
73.801,0.9375,0,0,0,0
73.833,0.9377,0,0,0,0
73.866,0.9380,0,0,0,0
73.903,0.9383,0,0,0,0
73.934,0.9384,0,0,0,0
73.965,0.9387,0,0,0,0
74.003,0.9389,0,0,0,0
74.037,0.9392,0,0,0,0
74.067,0.9393,0,0,0,0
74.104,0.9396,0,0,0,0
74.136,0.9398,0,0,0,0
74.169,0.9399,0,0,0,0
74.203,0.9401,0,0,0,0
74.234,0.9402,0,0,0,0
74.268,0.9404,0,0,0,0
74.301,0.9407,0,0,0,0
74.333,0.9408,0,0,0,0
74.365,0.9411,0,0,0,0
74.400,0.9413,0,0,0,0
74.437,0.9416,0,0,0,0
74.468,0.9417,0,0,0,0
74.499,0.9418,0,0,0,0
74.540,0.9420,0,0,0,0
74.570,0.9421,0,0,0,0
74.603,0.9424,0,0,0,0
74.639,0.9426,0,0,0,0
74.671,0.9427,0,0,0,0
74.701,0.9429,0,0,0,0
74.735,0.9430,0,0,0,0
74.772,0.9433,0,0,0,0
74.806,0.9435,0,0,0,0
74.826,0.9436,0,0,0,0
74.865,0.9438,0,0,0,0
74.904,0.9440,0,0,0,0
74.934,0.9441,0,0,0,0
74.965,0.9443,0,0,0,0
74.998,0.9445,0,0,0,0
75.031,0.9446,0,0,0,0
75.066,0.9448,0,0,0,0
75.096,0.9450,0,0,0,0
75.136,0.9452,0,0,0,0
75.166,0.9453,0,0,0,0
75.197,0.9455,0,0,0,0
75.228,0.9456,0,0,0,0
75.265,0.9457,0,0,0,0
75.299,0.9459,0,0,0,0
75.330,0.9460,0,0,0,0
75.374,0.9462,0,0,0,0
75.394,0.9463,0,0,0,0
75.443,0.9465,0,0,0,0
75.466,0.9466,0,0,0,0
75.501,0.9467,0,0,0,0
75.533,0.9468,0,0,0,0
75.567,0.9470,0,0,0,0
75.604,0.9471,0,0,0,0
75.637,0.9473,0,0,0,0
75.669,0.9473,0,0,0,0
75.698,0.9475,0,0,0,0
75.731,0.9475,0,0,0,0
75.772,0.9477,0,0,0,0
75.806,0.9478,0,0,0,0
75.838,0.9479,0,0,0,0
75.869,0.9480,0,0,0,0
75.904,0.9481,0,0,0,0
75.937,0.9482,0,0,0,0
75.967,0.9483,0,0,0,0
76.000,0.9484,0,0,0,0
76.034,0.9485,0,0,0,0
76.067,0.9486,0,0,0,0
76.101,0.9487,0,0,0,0
76.131,0.9488,0,0,0,0
76.162,0.9489,0,0,0,0
76.196,0.9490,0,0,0,0
76.236,0.9491,0,0,0,0
76.266,0.9492,0,0,0,0
76.303,0.9493,0,0,0,0
76.332,0.9493,0,0,0,0
76.364,0.9494,0,0,0,0
76.406,0.9495,0,0,0,0
76.435,0.9496,0,0,0,0
76.467,0.9497,0,0,0,0
76.504,0.9498,0,0,0,0
76.534,0.9498,0,0,0,0
76.567,0.9499,0,0,0,0
76.597,0.9500,0,0,0,0
76.629,0.9500,0,0,0,0
76.662,0.9501,0,0,0,0
76.706,0.9502,0,0,0,0
76.735,0.9502,0,0,0,0
76.768,0.9503,0,0,0,0
76.800,0.9504,0,0,0,0
76.833,0.9504,0,0,0,0
76.864,0.9505,0,0,0,0
76.896,0.9505,0,0,0,0
76.931,0.9506,0,0,0,0
76.962,0.9506,0,0,0,0
76.995,0.9507,0,0,0,0
77.035,0.9508,0,0,0,0
77.066,0.9508,0,0,0,0
77.109,0.9509,0,0,0,0
77.138,0.9510,0,0,0,0
77.168,0.9510,0,0,0,0
77.199,0.9511,0,0,0,0
77.244,0.9512,0,0,0,0
77.275,0.9512,0,0,0,0
77.307,0.9513,0,0,0,0
77.339,0.9514,0,0,0,0
77.369,0.9514,0,0,0,0
77.400,0.9515,0,0,0,0
77.431,0.9515,0,0,0,0
77.464,0.9516,0,0,0,0
77.498,0.9516,0,0,0,0
77.534,0.9517,0,0,0,0
77.575,0.9517,0,0,0,0
77.603,0.9518,0,0,0,0
77.635,0.9518,0,0,0,0
77.667,0.9519,0,0,0,0
77.697,0.9519,0,0,0,0
77.737,0.9520,0,0,0,0
77.765,0.9520,0,0,0,0
77.796,0.9520,0,0,0,0
77.838,0.9521,0,0,0,0
77.866,0.9522,0,0,0,0
77.898,0.9522,0,0,0,0
77.934,0.9522,0,0,0,0
77.969,0.9523,0,0,0,0
77.999,0.9524,0,0,0,0
78.029,0.9524,0,0,0,0
78.069,0.9525,0,0,0,0
78.099,0.9525,0,0,0,0
78.130,0.9525,0,0,0,0
78.171,0.9526,0,0,0,0
78.201,0.9527,0,0,0,0
78.233,0.9527,0,0,0,0
78.265,0.9527,0,0,0,0
78.298,0.9528,0,0,0,0
78.333,0.9528,0,0,0,0
78.366,0.9529,0,0,0,0
78.397,0.9529,0,0,0,0
78.429,0.9529,0,0,0,0
78.467,0.9530,0,0,0,0
78.497,0.9530,0,0,0,0
78.529,0.9530,0,0,0,0
78.571,0.9531,0,0,0,0
78.601,0.9531,0,0,0,0
78.632,0.9532,0,0,0,0
78.662,0.9532,0,0,0,0
78.705,0.9533,0,0,0,0
78.735,0.9533,0,0,0,0
78.763,0.9533,0,0,0,0
78.804,0.9534,0,0,0,0
78.834,0.9534,0,0,0,0
78.865,0.9535,0,0,0,0
78.898,0.9535,0,0,0,0
78.932,0.9535,0,0,0,0
78.967,0.9536,0,0,0,0
78.999,0.9536,0,0,0,0
79.032,0.9536,0,0,0,0
79.071,0.9537,0,0,0,0
79.104,0.9537,0,0,0,0
79.141,0.9537,0,0,0,0
79.162,0.9537,0,0,0,0
79.207,0.9538,0,0,0,0
79.250,0.9538,0,0,0,0
79.272,0.9538,0,0,0,0
79.304,0.9539,0,0,0,0
79.337,0.9539,0,0,0,0
79.373,0.9539,0,0,0,0
79.408,0.9540,0,0,0,0
79.440,0.9540,0,0,0,0
79.472,0.9540,0,0,0,0
79.508,0.9541,0,0,0,0
79.542,0.9541,0,0,0,0
79.587,0.9541,0,0,0,0
79.600,0.9542,0,0,0,0
79.639,0.9542,0,0,0,0
79.671,0.9542,0,0,0,0
79.701,0.9543,0,0,0,0
79.736,0.9543,0,0,0,0
79.779,0.9543,0,0,0,0
79.800,0.9543,0,0,0,0
79.849,0.9544,0,0,0,0
79.871,0.9544,0,0,0,0
79.907,0.9544,0,0,0,0
79.940,0.9545,0,0,0,0
79.973,0.9545,0,0,0,0
80.007,0.9545,0,0,0,0
80.043,0.9545,0,0,0,0
80.063,0.9546,0,0,0,0
80.104,0.9546,0,0,0,0
80.138,0.9546,0,0,0,0
80.179,0.9547,0,0,0,0
80.200,0.9547,0,0,0,0
80.239,0.9547,0,0,0,0
80.272,0.9547,0,0,0,0
80.303,0.9548,0,0,0,0
80.337,0.9548,0,0,0,0
80.371,0.9548,0,0,0,0
80.403,0.9548,0,0,0,0
80.436,0.9549,0,0,0,0
80.471,0.9549,0,0,0,0
80.502,0.9549,0,0,0,0
80.534,0.9549,0,0,0,0
80.567,0.9550,0,0,0,0
80.600,0.9550,0,0,0,0
80.640,0.9550,0,0,0,0
80.669,0.9550,0,0,0,0
80.699,0.9551,0,0,0,0
80.742,0.9551,0,0,0,0
80.772,0.9551,0,0,0,0
80.802,0.9551,0,0,0,0
80.836,0.9552,0,0,0,0
80.877,0.9552,0,0,0,0
80.908,0.9552,0,0,0,0
80.938,0.9553,0,0,0,0
80.969,0.9553,0,0,0,0
81.000,0.9553,0,0,0,0
81.038,0.9553,0,0,0,0
81.074,0.9553,0,0,0,0
81.104,0.9553,0,0,0,0
81.134,0.9553,0,0,0,0
81.174,0.9553,0,0,0,0
81.212,0.9552,0,0,0,0
81.232,0.9551,0,0,0,0
81.268,0.9548,0,0,0,0
81.307,0.9542,0,0,0,0
81.338,0.9533,0,0,0,0
81.367,0.9529,0,0,0,0
81.408,0.9518,0,0,0,0
81.442,0.9507,0,0,0,0
81.474,0.9501,0,0,0,0
81.502,0.9490,0,0,0,0
81.546,0.9480,0,0,0,0
81.566,0.9475,0,0,0,0
81.603,0.9466,0,0,0,0
81.640,0.9457,0,0,0,0
81.667,0.9452,0,0,0,0
81.703,0.9443,0,0,0,0
81.734,0.9438,0,0,0,0
81.775,0.9429,0,0,0,0
81.803,0.9420,0,0,0,0
81.836,0.9416,0,0,0,0
81.871,0.9418,0,0,0,0
81.900,0.9428,0,0,0,0
81.942,0.9436,0,0,0,0
81.974,0.9438,0,0,0,0
82.002,0.9440,0,0,0,0
82.041,0.9439,0,0,0,0
82.077,0.9437,0,0,0,0
82.104,0.9435,0,0,0,0
82.141,0.9432,0,0,0,0
82.171,0.9430,0,0,0,0
82.206,0.9428,0,0,0,0
82.236,0.9427,0,0,0,0
82.278,0.9425,0,0,0,0
82.308,0.9424,0,0,0,0
82.339,0.9423,0,0,0,0
82.370,0.9422,0,0,0,0
82.409,0.9421,0,0,0,0
82.440,0.9419,0,0,0,0
82.470,0.9417,0,0,0,0
82.502,0.9414,0,0,0,0
82.534,0.9412,0,0,0,0
82.565,0.9406,0,0,0,0
82.606,0.9400,0,0,0,0
82.635,0.9396,0,0,0,0
82.667,0.9388,0,0,0,0
82.708,0.9378,0,0,0,0
82.743,0.9366,0,0,0,0
82.773,0.9360,0,0,0,0
82.802,0.9345,0,0,0,0
82.843,0.9329,2,5,5,2
82.864,0.9319,2,5,5,2
82.900,0.9300,2,5,5,2
82.937,0.9278,2,5,5,2
82.973,0.9267,2,5,5,2
83.002,0.9243,2,5,5,2
83.042,0.9218,2,5,5,2
83.072,0.9206,2,5,5,2
83.107,0.9183,2,5,5,2
83.143,0.9159,2,5,5,2
83.174,0.9147,2,5,5,2
83.205,0.9124,2,5,5,2
83.237,0.9101,2,5,5,2
83.268,0.9090,2,5,5,2
83.299,0.9068,2,5,5,2
83.341,0.9046,2,5,5,2
83.377,0.9026,2,5,5,2
83.408,0.9017,2,5,5,2
83.438,0.8997,2,5,5,2
83.470,0.8988,2,5,5,2
83.502,0.8969,2,5,5,2
83.536,0.8960,2,5,5,2
83.574,0.8944,2,5,5,2
83.603,0.8928,2,5,5,2
83.634,0.8919,2,5,5,2
83.675,0.8904,2,5,5,2
83.704,0.8889,2,5,5,2
83.736,0.8875,2,5,5,2
83.768,0.8867,2,5,5,2
83.807,0.8854,2,5,5,2
83.836,0.8847,2,5,5,2
83.869,0.8833,2,5,5,2
83.900,0.8820,2,5,5,2
83.936,0.8813,2,5,5,2
83.973,0.8799,2,5,5,2
84.003,0.8787,2,5,5,2
84.035,0.8781,2,5,5,2
84.065,0.8768,2,5,5,2
84.105,0.8755,2,5,5,2
84.137,0.8744,2,5,5,2
84.176,0.8732,2,5,5,2
84.218,0.8721,2,5,5,2
84.235,0.8721,2,5,5,2
84.276,0.8705,2,5,5,2
84.307,0.8700,2,5,5,2
84.340,0.8690,2,5,5,2
84.371,0.8685,2,5,5,2
84.400,0.8675,2,5,5,2
84.443,0.8666,2,5,5,2
84.473,0.8661,2,5,5,2
84.503,0.8651,2,5,5,2
84.540,0.8641,2,5,5,2
84.569,0.8637,2,5,5,2
84.601,0.8627,2,5,5,2
84.633,0.8622,2,5,5,2
84.665,0.8612,2,5,5,2
84.706,0.8600,2,5,5,2
84.738,0.8589,2,5,5,2
84.773,0.8583,2,5,5,2
84.806,0.8572,2,5,5,2
84.837,0.8561,2,5,5,2
84.878,0.8550,2,5,5,2
84.901,0.8544,2,5,5,2
84.951,0.8533,2,5,5,2
84.972,0.8528,2,5,5,2
85.008,0.8516,2,5,5,2
85.036,0.8505,2,5,5,2
85.072,0.8500,2,5,5,2
85.103,0.8490,2,5,5,2
85.143,0.8479,2,5,5,2
85.173,0.8474,2,5,5,2
85.212,0.8463,2,5,5,2
85.232,0.8458,2,5,5,2
85.277,0.8443,0,0,0,0
85.296,0.8438,0,0,0,0
85.345,0.8427,0,0,0,0
85.368,0.8422,0,0,0,0
85.407,0.8411,0,0,0,0
85.440,0.8401,0,0,0,0
85.473,0.8396,0,0,0,0
85.505,0.8385,0,0,0,0
85.541,0.8374,0,0,0,0
85.570,0.8368,0,0,0,0
85.608,0.8357,0,0,0,0
85.642,0.8346,0,0,0,0
85.675,0.8340,0,0,0,0
85.704,0.8329,0,0,0,0
85.735,0.8324,0,0,0,0
85.777,0.8306,2,5,5,2
85.799,0.8300,2,5,5,2
85.838,0.8289,2,5,5,2
85.869,0.8283,2,5,5,2
85.904,0.8271,2,5,5,2
85.937,0.8258,2,5,5,2
85.979,0.8246,2,5,5,2
85.999,0.8240,2,5,5,2
86.046,0.8228,2,5,5,2
86.069,0.8222,2,5,5,2
86.107,0.8210,2,5,5,2
86.139,0.8199,2,5,5,2
86.180,0.8189,2,5,5,2
86.203,0.8184,2,5,5,2
86.239,0.8175,2,5,5,2
86.271,0.8171,2,5,5,2
86.307,0.8164,2,5,5,2
86.329,0.8161,2,5,5,2
86.371,0.8156,2,5,5,2
86.414,0.8152,2,5,5,2
86.435,0.8151,2,5,5,2
86.469,0.8150,2,5,5,2
86.505,0.8151,2,5,5,2
86.541,0.8153,2,5,5,2
86.564,0.8155,2,5,5,2
86.612,0.8160,2,5,5,2
86.640,0.8167,2,5,5,2
86.675,0.8171,2,5,5,2
86.710,0.8181,2,5,5,2
86.732,0.8186,2,5,5,2
86.774,0.8199,2,5,5,2
86.808,0.8214,0,0,0,0
86.829,0.8222,0,0,0,0
86.870,0.8239,2,5,5,2
86.904,0.8258,2,5,5,2
86.946,0.8278,2,5,5,2
86.967,0.8289,2,5,5,2
87.012,0.8312,2,5,5,2
87.036,0.8336,2,5,5,2
87.074,0.8348,2,5,5,2
87.108,0.8374,2,5,5,2
87.136,0.8387,2,5,5,2
87.175,0.8415,2,5,5,2
87.196,0.8443,2,5,5,2
87.239,0.8472,2,5,5,2
87.272,0.8487,2,5,5,2
87.305,0.8517,2,5,5,2
87.336,0.8532,2,5,5,2
87.384,0.8578,2,5,5,2
87.402,0.8593,2,5,5,2
87.436,0.8625,2,5,5,2
87.471,0.8641,2,5,5,2
87.507,0.8673,2,5,5,2
87.545,0.8705,2,5,5,2
87.577,0.8738,2,5,5,2
87.603,0.8754,2,5,5,2
87.639,0.8787,2,5,5,2
87.670,0.8803,2,5,5,2
87.707,0.8836,2,5,5,2
87.737,0.8869,2,5,5,2
87.768,0.8886,2,5,5,2
87.802,0.8919,2,5,5,2
87.840,0.8951,2,5,5,2
87.871,0.8968,2,5,5,2
87.912,0.9000,2,5,5,2
87.944,0.9032,2,5,5,2
87.971,0.9048,2,5,5,2
88.014,0.9079,2,5,5,2
88.039,0.9109,2,5,5,2
88.081,0.9140,2,5,5,2
88.099,0.9155,2,5,5,2
88.139,0.9184,2,5,5,2
88.173,0.9198,2,5,5,2
88.203,0.9227,2,5,5,2
88.241,0.9255,2,5,5,2
88.262,0.9268,2,5,5,2
88.306,0.9295,2,5,5,2
88.336,0.9309,2,5,5,2
88.371,0.9335,2,5,5,2
88.408,0.9360,2,5,5,2
88.429,0.9372,2,5,5,2
88.471,0.9397,2,5,5,2
88.509,0.9420,2,5,5,2
88.533,0.9432,2,5,5,2
88.574,0.9454,2,5,5,2
88.609,0.9476,2,5,5,2
88.632,0.9487,2,5,5,2
88.670,0.9508,2,5,5,2
88.705,0.9528,2,5,5,2
88.737,0.9548,2,5,5,2
88.779,0.9567,2,5,5,2
88.801,0.9576,2,5,5,2
88.840,0.9594,2,5,5,2
88.872,0.9603,2,5,5,2
88.904,0.9620,2,5,5,2
88.941,0.9636,2,5,5,2
88.962,0.9644,2,5,5,2
89.009,0.9660,2,5,5,2
89.030,0.9668,2,5,5,2
89.072,0.9682,2,5,5,2
89.105,0.9697,2,5,5,2
89.137,0.9710,2,5,5,2
89.172,0.9717,2,5,5,2
89.207,0.9730,2,5,5,2
89.229,0.9736,2,5,5,2
89.277,0.9754,2,5,5,2
89.296,0.9760,2,5,5,2
89.343,0.9771,2,5,5,2
89.371,0.9777,2,5,5,2
89.405,0.9788,2,5,5,2
89.444,0.9798,2,5,5,2
89.465,0.9803,2,5,5,2
89.505,0.9813,2,5,5,2
89.541,0.9822,2,5,5,2
89.570,0.9827,2,5,5,2
89.605,0.9835,2,5,5,2
89.637,0.9844,2,5,5,2
89.675,0.9848,2,5,5,2
89.701,0.9856,2,5,5,2
89.736,0.9864,2,5,5,2
89.772,0.9867,2,5,5,2
89.806,0.9874,2,5,5,2
89.841,0.9881,2,5,5,2
89.870,0.9884,2,5,5,2
89.904,0.9891,2,5,5,2
89.941,0.9897,2,5,5,2
89.975,0.9900,2,5,5,2
90.002,0.9905,2,5,5,2
90.038,0.9911,2,5,5,2
90.073,0.9913,2,5,5,2
90.106,0.9918,2,5,5,2
90.140,0.9923,2,5,5,2
90.174,0.9925,2,5,5,2
90.208,0.9929,2,5,5,2
90.236,0.9934,2,5,5,2
90.271,0.9936,2,5,5,2
90.317,0.9941,0,0,0,0
90.336,0.9943,0,0,0,0
90.375,0.9945,0,0,0,0
90.404,0.9949,0,0,0,0
90.438,0.9952,0,0,0,0
90.471,0.9953,0,0,0,0
90.505,0.9956,0,0,0,0
90.540,0.9959,0,0,0,0
90.575,0.9961,0,0,0,0
90.603,0.9964,0,0,0,0
90.636,0.9966,0,0,0,0
90.675,0.9967,0,0,0,0
90.703,0.9970,0,0,0,0
90.740,0.9972,0,0,0,0
90.778,0.9974,0,0,0,0
90.800,0.9975,0,0,0,0
90.841,0.9978,0,0,0,0
90.873,0.9979,0,0,0,0
90.912,0.9981,0,0,0,0
90.938,0.9982,0,0,0,0
90.973,0.9983,0,0,0,0
91.008,0.9985,0,0,0,0
91.031,0.9986,0,0,0,0
91.074,0.9988,0,0,0,0
91.108,0.9989,0,0,0,0
91.140,0.9991,0,0,0,0
91.175,0.9992,0,0,0,0
91.203,0.9993,0,0,0,0
91.241,0.9994,0,0,0,0
91.275,0.9995,0,0,0,0
91.299,0.9996,0,0,0,0
91.344,0.9997,0,0,0,0
91.373,0.9998,0,0,0,0
91.404,0.9999,0,0,0,0
91.438,1.0000,0,0,0,0
91.470,1.0000,0,0,0,0
91.502,1.0000,0,0,0,0
91.540,1.0000,0,0,0,0
91.575,1.0000,0,0,0,0
91.603,1.0000,0,0,0,0
91.638,1.0000,0,0,0,0
91.675,1.0000,0,0,0,0
91.704,1.0000,0,0,0,0
91.738,1.0000,0,0,0,0
91.775,1.0000,0,0,0,0
91.805,1.0000,0,0,0,0
91.835,1.0000,0,0,0,0
91.873,1.0000,0,0,0,0
91.909,1.0000,0,0,0,0
91.930,1.0000,0,0,0,0
91.972,1.0000,0,0,0,0
92.007,1.0000,0,0,0,0
92.039,1.0000,0,0,0,0
92.075,1.0000,0,0,0,0
92.102,1.0000,0,0,0,0
92.142,1.0000,0,0,0,0
92.170,1.0000,0,0,0,0
92.213,1.0000,0,0,0,0
92.240,1.0000,0,0,0,0
92.275,1.0000,0,0,0,0
92.309,1.0000,0,0,0,0
92.337,1.0000,0,0,0,0
92.372,1.0000,0,0,0,0
92.410,1.0000,0,0,0,0
92.439,1.0000,0,0,0,0
92.476,1.0000,0,0,0,0
92.506,1.0000,0,0,0,0
92.540,1.0000,0,0,0,0
92.572,1.0000,0,0,0,0
92.609,1.0000,0,0,0,0
92.637,1.0000,0,0,0,0
92.673,1.0000,0,0,0,0
92.704,1.0000,0,0,0,0
92.741,1.0000,0,0,0,0
92.774,1.0000,0,0,0,0
92.804,1.0000,0,0,0,0
92.839,1.0000,0,0,0,0
92.875,1.0000,0,0,0,0
92.902,1.0000,0,0,0,0
92.938,1.0000,0,0,0,0
92.967,1.0000,0,0,0,0
93.003,1.0000,0,0,0,0
93.039,1.0000,0,0,0,0
93.068,1.0000,0,0,0,0
93.106,1.0000,0,0,0,0
93.143,1.0000,0,0,0,0
93.170,1.0000,0,0,0,0
93.206,1.0000,0,0,0,0
93.241,1.0000,0,0,0,0
93.277,1.0000,0,0,0,0
93.306,1.0000,0,0,0,0
93.341,1.0000,0,0,0,0
93.373,1.0000,0,0,0,0
93.409,1.0000,0,0,0,0
93.440,1.0000,0,0,0,0
93.475,1.0000,0,0,0,0
93.509,1.0000,0,0,0,0
93.537,1.0000,0,0,0,0
93.575,1.0000,0,0,0,0
93.604,1.0000,0,0,0,0
93.636,1.0000,0,0,0,0
93.670,1.0000,0,0,0,0
93.705,1.0000,0,0,0,0
93.740,1.0000,0,0,0,0
93.777,1.0000,0,0,0,0
93.807,1.0000,0,0,0,0
93.841,1.0000,0,0,0,0
93.868,1.0000,0,0,0,0
93.905,1.0000,0,0,0,0
93.939,1.0000,0,0,0,0
93.974,1.0000,0,0,0,0
94.004,1.0000,0,0,0,0
94.038,1.0000,0,0,0,0
94.072,1.0000,0,0,0,0
94.108,1.0000,0,0,0,0
94.137,1.0000,0,0,0,0
94.172,1.0000,0,0,0,0
94.205,1.0000,0,0,0,0
94.236,1.0000,0,0,0,0
94.270,1.0000,0,0,0,0
94.304,1.0000,0,0,0,0
94.339,1.0000,0,0,0,0
94.374,1.0000,0,0,0,0
94.406,1.0000,0,0,0,0
94.440,0.9999,0,0,0,0
94.474,0.9996,0,0,0,0
94.508,0.9987,0,0,0,0
94.536,0.9975,0,0,0,0
94.571,0.9968,0,0,0,0
94.614,0.9953,2,5,5,2
94.638,0.9935,2,5,5,2
94.673,0.9926,2,5,5,2
94.706,0.9906,2,5,5,2
94.741,0.9886,2,5,5,2
94.769,0.9875,2,5,5,2
94.805,0.9854,2,5,5,2
94.834,0.9843,2,5,5,2
94.878,0.9811,2,5,5,2
94.906,0.9800,2,5,5,2
94.940,0.9778,2,5,5,2
94.973,0.9767,2,5,5,2
95.007,0.9745,2,5,5,2
95.039,0.9722,2,5,5,2
95.074,0.9711,2,5,5,2
95.102,0.9689,2,5,5,2
95.138,0.9669,2,5,5,2
95.172,0.9659,2,5,5,2
95.200,0.9640,2,5,5,2
95.238,0.9623,2,5,5,2
95.272,0.9616,2,5,5,2
95.305,0.9603,2,5,5,2
95.344,0.9592,2,5,5,2
95.364,0.9588,2,5,5,2
95.401,0.9582,2,5,5,2
95.439,0.9578,2,5,5,2
95.473,0.9578,2,5,5,2
95.501,0.9578,2,5,5,2
95.539,0.9582,2,5,5,2
95.576,0.9584,2,5,5,2
95.603,0.9590,2,5,5,2
95.634,0.9594,2,5,5,2
95.668,0.9603,2,5,5,2
95.702,0.9613,2,5,5,2
95.737,0.9624,2,5,5,2
95.770,0.9629,2,5,5,2
95.805,0.9641,2,5,5,2
95.837,0.9652,2,5,5,2
95.872,0.9658,2,5,5,2
95.906,0.9669,2,5,5,2
95.939,0.9679,2,5,5,2
95.974,0.9683,2,5,5,2
96.001,0.9690,2,5,5,2
96.040,0.9695,2,5,5,2
96.073,0.9696,2,5,5,2
96.108,0.9697,2,5,5,2
96.137,0.9696,2,5,5,2
96.172,0.9695,2,5,5,2
96.207,0.9691,2,5,5,2
96.249,0.9685,0,0,0,0
96.276,0.9678,0,0,0,0
96.304,0.9673,0,0,0,0
96.337,0.9664,0,0,0,0
96.372,0.9659,0,0,0,0
96.406,0.9647,0,0,0,0
96.435,0.9641,0,0,0,0
96.473,0.9629,0,0,0,0
96.508,0.9616,0,0,0,0
96.535,0.9609,0,0,0,0
96.574,0.9595,0,0,0,0
96.602,0.9581,0,0,0,0
96.638,0.9566,0,0,0,0
96.674,0.9559,0,0,0,0
96.702,0.9545,0,0,0,0
96.737,0.9530,0,0,0,0
96.773,0.9523,0,0,0,0
96.807,0.9508,0,0,0,0
96.841,0.9494,0,0,0,0
96.871,0.9487,0,0,0,0
96.906,0.9472,0,0,0,0
96.940,0.9458,0,0,0,0
96.975,0.9451,0,0,0,0
97.004,0.9437,0,0,0,0
97.034,0.9430,0,0,0,0
97.074,0.9417,0,0,0,0
97.108,0.9403,0,0,0,0
97.141,0.9390,0,0,0,0
97.170,0.9384,0,0,0,0
97.205,0.9372,0,0,0,0
97.239,0.9360,0,0,0,0
97.277,0.9348,0,0,0,0
97.305,0.9342,0,0,0,0
97.338,0.9331,0,0,0,0
97.374,0.9325,0,0,0,0
97.408,0.9313,0,0,0,0
97.437,0.9302,0,0,0,0
97.473,0.9296,0,0,0,0
97.507,0.9284,0,0,0,0
97.542,0.9273,0,0,0,0
97.570,0.9268,0,0,0,0
97.606,0.9258,0,0,0,0
97.636,0.9253,0,0,0,0
97.671,0.9243,0,0,0,0
97.708,0.9234,0,0,0,0
97.740,0.9225,0,0,0,0
97.773,0.9220,0,0,0,0
97.801,0.9212,0,0,0,0
97.838,0.9203,0,0,0,0
97.872,0.9199,0,0,0,0
97.904,0.9190,0,0,0,0
97.937,0.9182,0,0,0,0
97.972,0.9177,0,0,0,0
98.008,0.9168,0,0,0,0
98.035,0.9164,0,0,0,0
98.071,0.9155,0,0,0,0
98.109,0.9146,0,0,0,0
98.135,0.9141,0,0,0,0
98.170,0.9132,0,0,0,0
98.205,0.9123,0,0,0,0
98.235,0.9119,0,0,0,0
98.270,0.9110,0,0,0,0
98.309,0.9102,0,0,0,0
98.336,0.9093,0,0,0,0
98.372,0.9089,0,0,0,0
98.404,0.9080,0,0,0,0
98.439,0.9071,0,0,0,0
98.474,0.9066,0,0,0,0
98.502,0.9056,0,0,0,0
98.538,0.9047,0,0,0,0
98.567,0.9042,0,0,0,0
98.597,0.9033,0,0,0,0
98.636,0.9028,0,0,0,0
98.671,0.9019,0,0,0,0
98.708,0.9010,0,0,0,0
98.737,0.9000,0,0,0,0
98.772,0.8996,0,0,0,0
98.806,0.8987,0,0,0,0
98.841,0.8977,0,0,0,0
98.871,0.8973,0,0,0,0
98.908,0.8963,0,0,0,0
98.937,0.8952,0,0,0,0
98.971,0.8947,0,0,0,0
99.005,0.8937,0,0,0,0
99.040,0.8927,0,0,0,0
99.073,0.8922,0,0,0,0
99.107,0.8912,0,0,0,0
99.138,0.8903,0,0,0,0
99.167,0.8898,0,0,0,0
99.205,0.8888,0,0,0,0
99.240,0.8878,0,0,0,0
99.273,0.8874,0,0,0,0
99.305,0.8864,0,0,0,0
99.337,0.8854,0,0,0,0
99.370,0.8849,0,0,0,0
99.404,0.8840,0,0,0,0
99.438,0.8830,0,0,0,0
99.473,0.8825,0,0,0,0
99.502,0.8814,0,0,0,0
99.541,0.8804,0,0,0,0
99.575,0.8799,0,0,0,0
99.604,0.8788,0,0,0,0
99.640,0.8777,0,0,0,0
99.675,0.8772,0,0,0,0
99.703,0.8761,0,0,0,0
99.741,0.8750,0,0,0,0
99.768,0.8744,0,0,0,0
99.804,0.8733,0,0,0,0
99.840,0.8722,0,0,0,0
99.875,0.8717,0,0,0,0
99.909,0.8705,0,0,0,0
99.936,0.8700,0,0,0,0
99.975,0.8688,0,0,0,0
100.007,0.8677,0,0,0,0
100.038,0.8666,0,0,0,0
100.068,0.8660,0,0,0,0
100.106,0.8649,0,0,0,0
100.135,0.8644,0,0,0,0
100.172,0.8632,0,0,0,0
100.206,0.8621,0,0,0,0
100.241,0.8610,0,0,0,0
100.271,0.8605,0,0,0,0
100.306,0.8593,0,0,0,0
100.341,0.8582,0,0,0,0
100.370,0.8577,0,0,0,0
100.404,0.8566,0,0,0,0
100.438,0.8555,0,0,0,0
100.472,0.8549,0,0,0,0
100.507,0.8538,0,0,0,0
100.543,0.8527,0,0,0,0
100.568,0.8521,0,0,0,0
100.602,0.8510,0,0,0,0
100.636,0.8499,0,0,0,0
100.671,0.8493,0,0,0,0
100.704,0.8481,0,0,0,0
100.739,0.8468,0,0,0,0
100.778,0.8455,0,0,0,0
100.804,0.8448,0,0,0,0
100.838,0.8434,0,0,0,0
100.873,0.8427,0,0,0,0
100.901,0.8412,2,5,5,2
100.939,0.8396,2,5,5,2
100.974,0.8388,2,5,5,2
101.002,0.8372,2,5,5,2
101.037,0.8355,2,5,5,2
101.073,0.8346,2,5,5,2
101.106,0.8329,2,5,5,2
101.140,0.8312,2,5,5,2
101.176,0.8303,2,5,5,2
101.208,0.8286,2,5,5,2
101.234,0.8277,2,5,5,2
101.269,0.8260,2,5,5,2
101.304,0.8244,2,5,5,2
101.338,0.8228,2,5,5,2
101.372,0.8220,2,5,5,2
101.404,0.8205,2,5,5,2
101.438,0.8192,2,5,5,2
101.471,0.8185,2,5,5,2
101.505,0.8174,2,5,5,2
101.535,0.8168,2,5,5,2
101.571,0.8158,2,5,5,2
101.605,0.8150,2,5,5,2
101.637,0.8144,2,5,5,2
101.671,0.8141,2,5,5,2
101.706,0.8138,2,5,5,2
101.739,0.8136,2,5,5,2
101.773,0.8136,2,5,5,2
101.805,0.8136,2,5,5,2
101.838,0.8139,2,5,5,2
101.873,0.8141,2,5,5,2
101.907,0.8146,2,5,5,2
101.942,0.8152,2,5,5,2
101.970,0.8156,2,5,5,2
102.013,0.8165,2,5,5,2
102.037,0.8175,2,5,5,2
102.071,0.8180,2,5,5,2
102.103,0.8193,2,5,5,2
102.138,0.8206,2,5,5,2
102.173,0.8214,2,5,5,2
102.202,0.8230,2,5,5,2
102.240,0.8247,2,5,5,2
102.274,0.8256,2,5,5,2
102.308,0.8276,2,5,5,2
102.341,0.8296,2,5,5,2
102.369,0.8307,2,5,5,2
102.406,0.8330,2,5,5,2
102.436,0.8355,2,5,5,2
102.471,0.8367,2,5,5,2
102.505,0.8393,2,5,5,2
102.534,0.8407,2,5,5,2
102.570,0.8435,2,5,5,2
102.605,0.8464,2,5,5,2
102.640,0.8494,2,5,5,2
102.673,0.8509,2,5,5,2
102.701,0.8541,2,5,5,2
102.738,0.8574,2,5,5,2
102.773,0.8590,2,5,5,2
102.802,0.8624,2,5,5,2
102.835,0.8641,2,5,5,2
102.870,0.8675,2,5,5,2
102.904,0.8711,2,5,5,2
102.939,0.8747,2,5,5,2
102.967,0.8765,2,5,5,2
103.006,0.8802,2,5,5,2
103.041,0.8839,2,5,5,2
103.069,0.8857,2,5,5,2
103.105,0.8895,2,5,5,2
103.135,0.8913,2,5,5,2
103.172,0.8951,2,5,5,2
103.206,0.8989,2,5,5,2
103.237,0.9027,2,5,5,2
103.269,0.9046,2,5,5,2
103.304,0.9083,2,5,5,2
103.338,0.9121,2,5,5,2
103.373,0.9139,2,5,5,2
103.407,0.9176,2,5,5,2
103.440,0.9213,2,5,5,2
103.472,0.9231,2,5,5,2
103.506,0.9266,2,5,5,2
103.541,0.9301,2,5,5,2
103.575,0.9318,2,5,5,2
103.603,0.9352,2,5,5,2
103.641,0.9385,2,5,5,2
103.674,0.9401,2,5,5,2
103.710,0.9433,2,5,5,2
103.737,0.9464,2,5,5,2
103.773,0.9479,2,5,5,2
103.806,0.9508,2,5,5,2
103.836,0.9522,2,5,5,2
103.872,0.9550,2,5,5,2
103.907,0.9578,2,5,5,2
103.936,0.9604,2,5,5,2
103.972,0.9617,2,5,5,2
104.007,0.9641,2,5,5,2
104.042,0.9665,2,5,5,2
104.073,0.9677,2,5,5,2
104.106,0.9700,2,5,5,2
104.141,0.9722,2,5,5,2
104.168,0.9732,2,5,5,2
104.204,0.9753,2,5,5,2
104.241,0.9773,2,5,5,2
104.272,0.9782,2,5,5,2
104.309,0.9801,2,5,5,2
104.339,0.9819,2,5,5,2
104.376,0.9828,2,5,5,2
104.404,0.9844,2,5,5,2
104.439,0.9861,2,5,5,2
104.471,0.9868,2,5,5,2
104.503,0.9884,2,5,5,2
104.536,0.9891,2,5,5,2
104.569,0.9905,2,5,5,2
104.603,0.9919,2,5,5,2
104.638,0.9932,2,5,5,2
104.670,0.9938,2,5,5,2
104.703,0.9950,2,5,5,2
104.736,0.9962,2,5,5,2
104.770,0.9967,2,5,5,2
104.805,0.9978,2,5,5,2
104.839,0.9989,2,5,5,2
104.872,0.9994,2,5,5,2
104.904,1.0000,2,5,5,2
104.937,1.0000,2,5,5,2
104.971,1.0000,2,5,5,2
105.000,1.0000,2,5,5,2
105.039,1.0000,2,5,5,2
105.072,1.0000,2,5,5,2
105.105,1.0000,2,5,5,2
105.140,1.0000,2,5,5,2
105.174,1.0000,2,5,5,2
105.208,1.0000,2,5,5,2
105.243,1.0000,2,5,5,2
105.275,1.0000,2,5,5,2
105.304,1.0000,2,5,5,2
105.339,1.0000,2,5,5,2
105.374,1.0000,2,5,5,2
105.402,1.0000,2,5,5,2
105.439,1.0000,2,5,5,2
105.478,1.0000,2,5,5,2
105.506,1.0000,0,0,0,0
105.540,1.0000,0,0,0,0
105.573,1.0000,0,0,0,0
105.601,1.0000,0,0,0,0
105.638,1.0000,0,0,0,0
105.673,1.0000,0,0,0,0
105.703,1.0000,0,0,0,0
105.737,1.0000,0,0,0,0
105.771,1.0000,0,0,0,0
105.805,1.0000,0,0,0,0
105.842,1.0000,0,0,0,0
105.877,1.0000,0,0,0,0
105.904,1.0000,0,0,0,0
105.938,1.0000,0,0,0,0
105.967,1.0000,0,0,0,0
106.004,1.0000,0,0,0,0
106.037,1.0000,0,0,0,0
106.071,1.0000,0,0,0,0
106.106,1.0000,0,0,0,0
106.141,1.0000,0,0,0,0
106.171,1.0000,0,0,0,0
106.205,1.0000,0,0,0,0
106.238,1.0000,0,0,0,0
106.273,1.0000,0,0,0,0
106.303,1.0000,0,0,0,0
106.338,1.0000,0,0,0,0
106.372,1.0000,0,0,0,0
106.407,1.0000,0,0,0,0
106.442,1.0000,0,0,0,0
106.471,1.0000,0,0,0,0
106.503,1.0000,0,0,0,0
106.536,1.0000,0,0,0,0
106.570,1.0000,0,0,0,0
106.604,1.0000,0,0,0,0
106.639,1.0000,0,0,0,0
106.673,1.0000,0,0,0,0
106.705,1.0000,0,0,0,0
106.737,1.0000,0,0,0,0
106.773,1.0000,0,0,0,0
106.801,1.0000,0,0,0,0
106.838,1.0000,0,0,0,0
106.873,1.0000,0,0,0,0
106.910,1.0000,0,0,0,0
106.937,1.0000,0,0,0,0
106.971,1.0000,0,0,0,0
107.004,1.0000,0,0,0,0
107.038,1.0000,0,0,0,0
107.067,1.0000,0,0,0,0
107.105,1.0000,0,0,0,0
107.135,1.0000,0,0,0,0
107.169,1.0000,0,0,0,0
107.203,1.0000,0,0,0,0
107.238,1.0000,0,0,0,0
107.273,1.0000,0,0,0,0
107.306,1.0000,0,0,0,0
107.335,1.0000,0,0,0,0
107.371,1.0000,0,0,0,0
107.400,1.0000,0,0,0,0
107.438,1.0000,0,0,0,0
107.472,1.0000,0,0,0,0
107.504,1.0000,0,0,0,0
107.539,1.0000,0,0,0,0
107.573,1.0000,0,0,0,0
107.601,1.0000,0,0,0,0
107.638,1.0000,0,0,0,0
107.672,1.0000,0,0,0,0
107.705,1.0000,0,0,0,0
107.736,1.0000,0,0,0,0
107.770,1.0000,0,0,0,0
107.806,1.0000,0,0,0,0
107.841,1.0000,0,0,0,0
107.868,1.0000,0,0,0,0
107.905,1.0000,0,0,0,0
107.936,1.0000,0,0,0,0
107.969,1.0000,0,0,0,0
108.003,1.0000,0,0,0,0
108.038,1.0000,0,0,0,0
108.073,1.0000,0,0,0,0
108.106,1.0000,0,0,0,0
108.138,1.0000,0,0,0,0
108.171,1.0000,0,0,0,0
108.204,1.0000,0,0,0,0
108.238,1.0000,0,0,0,0
108.273,1.0000,0,0,0,0
108.301,1.0000,0,0,0,0
108.339,1.0000,0,0,0,0
108.372,1.0000,0,0,0,0
108.407,1.0000,0,0,0,0
108.436,1.0000,0,0,0,0
108.471,1.0000,0,0,0,0
108.506,1.0000,0,0,0,0
108.542,1.0000,0,0,0,0
108.569,1.0000,0,0,0,0
108.604,1.0000,0,0,0,0
108.638,1.0000,0,0,0,0
108.673,1.0000,0,0,0,0
108.709,1.0000,0,0,0,0
108.738,1.0000,0,0,0,0
108.773,1.0000,0,0,0,0
108.806,1.0000,0,0,0,0
108.842,1.0000,0,0,0,0
108.870,1.0000,0,0,0,0
108.905,1.0000,0,0,0,0
108.941,1.0000,0,0,0,0
108.969,1.0000,0,0,0,0
109.005,1.0000,0,0,0,0
109.041,1.0000,0,0,0,0
109.071,1.0000,0,0,0,0
109.107,1.0000,0,0,0,0
109.142,1.0000,0,0,0,0
109.171,1.0000,0,0,0,0
109.206,1.0000,0,0,0,0
109.239,1.0000,0,0,0,0
109.273,1.0000,0,0,0,0
109.308,1.0000,0,0,0,0
109.336,1.0000,0,0,0,0
109.373,1.0000,0,0,0,0
109.407,1.0000,0,0,0,0
109.442,1.0000,0,0,0,0
109.470,1.0000,0,0,0,0
109.505,1.0000,0,0,0,0
109.540,1.0000,0,0,0,0
109.571,1.0000,0,0,0,0
109.604,1.0000,0,0,0,0
109.637,1.0000,0,0,0,0
109.671,1.0000,0,0,0,0
109.706,1.0000,0,0,0,0
109.736,1.0000,0,0,0,0
109.774,1.0000,0,0,0,0
109.807,1.0000,0,0,0,0
109.840,1.0000,0,0,0,0
109.874,1.0000,0,0,0,0
109.903,1.0000,0,0,0,0
109.938,1.0000,0,0,0,0
109.976,1.0000,0,0,0,0
110.004,1.0000,0,0,0,0
110.038,1.0000,0,0,0,0
110.072,1.0000,0,0,0,0
110.107,1.0000,0,0,0,0
110.143,1.0000,0,0,0,0
110.171,1.0000,0,0,0,0
110.207,1.0000,0,0,0,0
110.235,1.0000,0,0,0,0
110.273,1.0000,0,0,0,0
110.307,1.0000,0,0,0,0
110.344,1.0000,0,0,0,0
110.371,1.0000,0,0,0,0
110.402,1.0000,0,0,0,0
110.438,1.0000,0,0,0,0
110.471,1.0000,0,0,0,0
110.504,1.0000,0,0,0,0
110.538,1.0000,0,0,0,0
110.573,1.0000,0,0,0,0
110.604,1.0000,0,0,0,0
110.637,1.0000,0,0,0,0
110.671,1.0000,0,0,0,0
110.706,1.0000,0,0,0,0
110.735,1.0000,0,0,0,0
110.770,1.0000,0,0,0,0
110.803,1.0000,0,0,0,0
110.843,1.0000,0,0,0,0
110.874,1.0000,0,0,0,0
110.907,1.0000,0,0,0,0
110.941,1.0000,0,0,0,0
110.969,1.0000,0,0,0,0
111.002,1.0000,0,0,0,0
111.036,1.0000,0,0,0,0
111.071,1.0000,0,0,0,0
111.106,1.0000,0,0,0,0
111.140,1.0000,0,0,0,0
111.175,1.0000,0,0,0,0
111.208,1.0000,0,0,0,0
111.240,1.0000,0,0,0,0
111.274,1.0000,0,0,0,0
111.306,1.0000,0,0,0,0
111.340,1.0000,0,0,0,0
111.375,1.0000,0,0,0,0
111.407,1.0000,0,0,0,0
111.437,1.0000,0,0,0,0
111.471,1.0000,0,0,0,0
111.504,1.0000,0,0,0,0
111.537,1.0000,0,0,0,0
111.571,1.0000,0,0,0,0
111.614,1.0000,0,0,0,0
111.638,1.0000,0,0,0,0
111.671,1.0000,0,0,0,0
111.705,1.0000,0,0,0,0
111.738,1.0000,0,0,0,0
111.772,1.0000,0,0,0,0
111.801,1.0000,0,0,0,0
111.838,1.0000,0,0,0,0
111.875,1.0000,0,0,0,0
111.908,1.0000,0,0,0,0
111.942,1.0000,0,0,0,0
111.970,1.0000,0,0,0,0
112.005,1.0000,0,0,0,0
112.035,1.0000,0,0,0,0
112.069,1.0000,0,0,0,0
112.106,1.0000,0,0,0,0
112.135,1.0000,0,0,0,0
112.175,1.0000,0,0,0,0
112.207,1.0000,0,0,0,0
112.237,1.0000,0,0,0,0
112.270,1.0000,0,0,0,0
112.304,1.0000,0,0,0,0
112.338,1.0000,0,0,0,0
112.374,1.0000,0,0,0,0
112.403,1.0000,0,0,0,0
112.439,1.0000,0,0,0,0
112.474,1.0000,0,0,0,0
112.507,1.0000,0,0,0,0
112.543,1.0000,0,0,0,0
112.571,1.0000,0,0,0,0
112.606,1.0000,0,0,0,0
112.637,1.0000,0,0,0,0
112.670,1.0000,0,0,0,0
112.703,1.0000,0,0,0,0
112.736,1.0000,0,0,0,0
112.771,1.0000,0,0,0,0
112.800,1.0000,0,0,0,0
112.840,1.0000,0,0,0,0
112.872,1.0000,0,0,0,0
112.904,1.0000,0,0,0,0
112.938,1.0000,0,0,0,0
112.972,1.0000,0,0,0,0
113.006,1.0000,0,0,0,0
113.035,1.0000,0,0,0,0
113.069,1.0000,0,0,0,0
113.104,1.0000,0,0,0,0
113.140,1.0000,0,0,0,0
113.169,1.0000,0,0,0,0
113.203,1.0000,0,0,0,0
113.237,1.0000,0,0,0,0
113.270,1.0000,0,0,0,0
113.303,1.0000,0,0,0,0
113.338,1.0000,0,0,0,0
113.373,1.0000,0,0,0,0
113.402,1.0000,0,0,0,0
113.437,1.0000,0,0,0,0
113.471,1.0000,0,0,0,0
113.504,1.0000,0,0,0,0
113.539,1.0000,0,0,0,0
113.568,1.0000,0,0,0,0
113.603,1.0000,0,0,0,0
113.639,1.0000,0,0,0,0
113.674,1.0000,0,0,0,0
113.706,1.0000,0,0,0,0
113.739,1.0000,0,0,0,0
113.774,1.0000,0,0,0,0
113.801,1.0000,0,0,0,0
113.837,1.0000,0,0,0,0
113.872,1.0000,0,0,0,0
113.906,1.0000,0,0,0,0
113.935,1.0000,0,0,0,0
113.969,1.0000,0,0,0,0
114.005,1.0000,0,0,0,0
114.038,1.0000,0,0,0,0
114.069,1.0000,0,0,0,0
114.104,1.0000,0,0,0,0
114.137,1.0000,0,0,0,0
114.171,1.0000,0,0,0,0
114.205,1.0000,0,0,0,0
114.240,1.0000,0,0,0,0
114.271,1.0000,0,0,0,0
114.303,1.0000,0,0,0,0
114.339,1.0000,0,0,0,0
114.374,1.0000,0,0,0,0
114.407,1.0000,0,0,0,0
114.442,1.0000,0,0,0,0
114.474,1.0000,0,0,0,0
114.504,1.0000,0,0,0,0
114.538,1.0000,0,0,0,0
114.572,1.0000,0,0,0,0
114.608,1.0000,0,0,0,0
114.636,1.0000,0,0,0,0
114.673,1.0000,0,0,0,0
114.705,1.0000,0,0,0,0
114.739,1.0000,0,0,0,0
114.774,1.0000,0,0,0,0
114.808,1.0000,0,0,0,0
114.836,1.0000,0,0,0,0
114.875,1.0000,0,0,0,0
114.906,1.0000,0,0,0,0
114.940,1.0000,0,0,0,0
114.974,1.0000,0,0,0,0
115.009,1.0000,0,0,0,0
115.037,1.0000,0,0,0,0
115.074,1.0000,0,0,0,0
115.106,1.0000,0,0,0,0
115.135,1.0000,0,0,0,0
115.167,1.0000,0,0,0,0
115.208,1.0000,0,0,0,0
115.240,1.0000,0,0,0,0
115.272,1.0000,0,0,0,0
115.311,1.0000,0,0,0,0
115.337,1.0000,0,0,0,0
115.374,1.0000,0,0,0,0
115.403,1.0000,0,0,0,0
115.435,1.0000,0,0,0,0
115.472,1.0000,0,0,0,0
115.509,1.0000,0,0,0,0
115.537,1.0000,0,0,0,0
115.572,1.0000,0,0,0,0
115.608,1.0000,0,0,0,0
115.636,1.0000,0,0,0,0
115.671,1.0000,0,0,0,0
115.706,1.0000,0,0,0,0
115.741,1.0000,0,0,0,0
115.769,1.0000,0,0,0,0
115.803,1.0000,0,0,0,0
115.836,1.0000,0,0,0,0
115.870,1.0000,0,0,0,0
115.906,1.0000,0,0,0,0
115.934,1.0000,0,0,0,0
115.970,1.0000,0,0,0,0
116.004,1.0000,0,0,0,0
116.038,1.0000,0,0,0,0
116.071,1.0000,0,0,0,0
116.108,1.0000,0,0,0,0
116.136,1.0000,0,0,0,0
116.171,1.0000,0,0,0,0
116.205,1.0000,0,0,0,0
116.239,1.0000,0,0,0,0
116.267,1.0000,0,0,0,0
116.302,1.0000,0,0,0,0
116.340,1.0000,0,0,0,0
116.374,1.0000,0,0,0,0
116.408,1.0000,0,0,0,0
116.435,1.0000,0,0,0,0
116.471,1.0000,0,0,0,0
116.503,1.0000,0,0,0,0
116.536,1.0000,0,0,0,0
116.570,1.0000,0,0,0,0
116.604,1.0000,0,0,0,0
116.640,1.0000,0,0,0,0
116.673,1.0000,0,0,0,0
116.704,1.0000,0,0,0,0
116.737,1.0000,0,0,0,0
116.772,1.0000,0,0,0,0
116.801,1.0000,0,0,0,0
116.838,1.0000,0,0,0,0
116.873,1.0000,0,0,0,0
116.909,1.0000,0,0,0,0
116.936,1.0000,0,0,0,0
116.969,1.0000,0,0,0,0
117.003,1.0000,0,0,0,0
117.037,1.0000,0,0,0,0
117.071,1.0000,0,0,0,0
117.108,1.0000,0,0,0,0
117.138,1.0000,0,0,0,0
117.171,1.0000,0,0,0,0
117.206,1.0000,0,0,0,0
117.240,1.0000,0,0,0,0
117.275,1.0000,0,0,0,0
117.303,1.0000,0,0,0,0
117.339,1.0000,0,0,0,0
117.373,1.0000,0,0,0,0
117.408,1.0000,0,0,0,0
117.442,1.0000,0,0,0,0
117.470,1.0000,0,0,0,0
117.504,1.0000,0,0,0,0
117.540,1.0000,0,0,0,0
117.568,1.0000,0,0,0,0
117.603,1.0000,0,0,0,0
117.637,1.0000,0,0,0,0
117.672,1.0000,0,0,0,0
117.707,1.0000,0,0,0,0
117.741,1.0000,0,0,0,0
117.774,1.0000,0,0,0,0
117.809,1.0000,0,0,0,0
117.836,1.0000,0,0,0,0
117.872,1.0000,0,0,0,0
117.906,1.0000,0,0,0,0
117.936,1.0000,0,0,0,0
117.970,1.0000,0,0,0,0
118.004,1.0000,0,0,0,0
118.038,1.0000,0,0,0,0
118.073,1.0000,0,0,0,0
118.101,1.0000,0,0,0,0
118.138,1.0000,0,0,0,0
118.171,1.0000,0,0,0,0
118.206,1.0000,0,0,0,0
118.235,1.0000,0,0,0,0
118.270,1.0000,0,0,0,0
118.305,1.0000,0,0,0,0
118.341,1.0000,0,0,0,0
118.371,1.0000,0,0,0,0
118.405,1.0000,0,0,0,0
118.435,1.0000,0,0,0,0
118.471,1.0000,0,0,0,0
118.507,1.0000,0,0,0,0
118.535,1.0000,0,0,0,0
118.571,1.0000,0,0,0,0
118.607,1.0000,0,0,0,0
118.642,1.0000,0,0,0,0
118.670,1.0000,0,0,0,0
118.705,1.0000,0,0,0,0
118.740,1.0000,0,0,0,0
118.774,1.0000,0,0,0,0
118.808,1.0000,0,0,0,0
118.842,1.0000,0,0,0,0
118.870,1.0000,0,0,0,0
118.900,1.0000,0,0,0,0
118.938,1.0000,0,0,0,0
118.975,1.0000,0,0,0,0
119.005,1.0000,0,0,0,0
119.039,1.0000,0,0,0,0
119.067,1.0000,0,0,0,0
119.103,1.0000,0,0,0,0
119.138,1.0000,0,0,0,0
119.173,1.0000,0,0,0,0
119.207,1.0000,0,0,0,0
119.235,1.0000,0,0,0,0
119.270,1.0000,0,0,0,0
119.305,1.0000,0,0,0,0
119.339,1.0000,0,0,0,0
119.375,1.0000,0,0,0,0
119.402,1.0000,0,0,0,0
119.438,1.0000,0,0,0,0
119.472,1.0000,0,0,0,0
119.506,1.0000,0,0,0,0
119.541,1.0000,0,0,0,0
119.570,1.0000,0,0,0,0
119.603,1.0000,0,0,0,0
119.638,1.0000,0,0,0,0
119.672,1.0000,0,0,0,0
119.708,1.0000,0,0,0,0
119.735,1.0000,0,0,0,0
119.769,1.0000,0,0,0,0
119.802,1.0000,0,0,0,0
119.835,1.0000,0,0,0,0
119.874,1.0000,0,0,0,0
119.909,1.0000,0,0,0,0
119.937,1.0000,0,0,0,0
119.970,1.0000,0,0,0,0
120.004,1.0000,0,0,0,0
120.036,1.0000,0,0,0,0
120.069,1.0000,0,0,0,0
120.103,1.0000,0,0,0,0
120.137,1.0000,0,0,0,0
120.172,1.0000,0,0,0,0
120.204,1.0000,0,0,0,0
120.237,1.0000,0,0,0,0
120.270,1.0000,0,0,0,0
120.305,1.0000,0,0,0,0
120.340,1.0000,0,0,0,0
120.372,1.0000,0,0,0,0
120.404,1.0000,0,0,0,0
120.437,1.0000,0,0,0,0
120.471,1.0000,0,0,0,0
120.505,1.0000,0,0,0,0
120.541,1.0000,0,0,0,0
120.574,1.0000,0,0,0,0
120.605,0.9999,0,0,0,0
120.638,0.9999,0,0,0,0
120.667,0.9999,0,0,0,0
120.702,0.9998,0,0,0,0
120.738,0.9998,0,0,0,0
120.776,0.9998,0,0,0,0
120.807,0.9998,0,0,0,0
120.840,0.9998,0,0,0,0
120.868,0.9998,0,0,0,0
120.904,0.9998,0,0,0,0
120.938,0.9998,0,0,0,0
120.975,0.9998,0,0,0,0
121.008,0.9998,0,0,0,0
121.036,0.9998,0,0,0,0
121.072,0.9997,0,0,0,0
121.106,0.9996,0,0,0,0
121.141,0.9996,0,0,0,0
121.168,0.9996,0,0,0,0
121.203,0.9996,0,0,0,0
121.238,0.9995,0,0,0,0
121.271,0.9995,0,0,0,0
121.304,0.9995,0,0,0,0
121.340,0.9995,0,0,0,0
121.380,0.9995,0,0,0,0
121.406,0.9995,0,0,0,0
121.439,0.9995,0,0,0,0
121.473,0.9995,0,0,0,0
121.506,0.9995,0,0,0,0
121.541,0.9995,0,0,0,0
121.576,0.9994,0,0,0,0
121.605,0.9994,0,0,0,0
121.641,0.9993,0,0,0,0
121.669,0.9993,0,0,0,0
121.706,0.9993,0,0,0,0
121.740,0.9993,0,0,0,0
121.770,0.9993,0,0,0,0
121.806,0.9993,0,0,0,0
121.839,0.9992,0,0,0,0
121.873,0.9992,0,0,0,0
121.906,0.9992,0,0,0,0
121.934,0.9992,0,0,0,0
121.970,0.9992,0,0,0,0
122.005,0.9992,0,0,0,0
122.039,0.9992,0,0,0,0
122.072,0.9992,0,0,0,0
122.107,0.9992,0,0,0,0
122.138,0.9992,0,0,0,0
122.175,0.9991,0,0,0,0
122.204,0.9991,0,0,0,0
122.237,0.9990,0,0,0,0
122.272,0.9990,0,0,0,0
122.306,0.9990,0,0,0,0
122.341,0.9990,0,0,0,0
122.375,0.9990,0,0,0,0
122.404,0.9990,0,0,0,0
122.438,0.9990,0,0,0,0
122.473,0.9990,0,0,0,0
122.506,0.9990,0,0,0,0
122.542,0.9990,0,0,0,0
122.571,0.9990,0,0,0,0
122.603,0.9990,0,0,0,0
122.636,0.9989,0,0,0,0
122.670,0.9989,0,0,0,0
122.702,0.9989,0,0,0,0
122.740,0.9988,0,0,0,0
122.769,0.9988,0,0,0,0
122.799,0.9986,0,0,0,0
122.837,0.9985,0,0,0,0
122.872,0.9984,0,0,0,0
122.904,0.9981,0,0,0,0
122.938,0.9978,0,0,0,0
122.972,0.9977,0,0,0,0
123.007,0.9973,0,0,0,0
123.037,0.9969,0,0,0,0
123.072,0.9967,0,0,0,0
123.105,0.9962,0,0,0,0
123.140,0.9957,0,0,0,0
123.169,0.9954,0,0,0,0
123.203,0.9949,0,0,0,0
123.239,0.9943,0,0,0,0
123.273,0.9941,0,0,0,0
123.305,0.9936,0,0,0,0
123.340,0.9931,0,0,0,0
123.368,0.9929,0,0,0,0
123.404,0.9925,0,0,0,0
123.440,0.9922,0,0,0,0
123.474,0.9921,0,0,0,0
123.501,0.9919,0,0,0,0
123.536,0.9918,0,0,0,0
123.571,0.9918,0,0,0,0
123.606,0.9917,0,0,0,0
123.643,0.9918,0,0,0,0
123.670,0.9918,0,0,0,0
123.705,0.9919,0,0,0,0
123.738,0.9921,0,0,0,0
123.771,0.9922,0,0,0,0
123.806,0.9924,0,0,0,0
123.838,0.9926,0,0,0,0
123.871,0.9927,0,0,0,0
123.905,0.9930,0,0,0,0
123.939,0.9933,0,0,0,0
123.974,0.9935,0,0,0,0
124.009,0.9938,0,0,0,0
124.036,0.9939,0,0,0,0
124.071,0.9943,0,0,0,0
124.107,0.9946,0,0,0,0
124.141,0.9950,0,0,0,0
124.174,0.9952,0,0,0,0
124.208,0.9956,0,0,0,0
124.236,0.9958,0,0,0,0
124.272,0.9961,0,0,0,0
124.306,0.9965,0,0,0,0
124.341,0.9969,0,0,0,0
124.369,0.9971,0,0,0,0
124.405,0.9974,0,0,0,0
124.440,0.9978,0,0,0,0
124.471,0.9979,0,0,0,0
124.504,0.9983,0,0,0,0
124.536,0.9986,0,0,0,0
124.571,0.9988,0,0,0,0
124.605,0.9991,0,0,0,0
124.635,0.9992,0,0,0,0
124.674,0.9995,0,0,0,0
124.706,0.9997,0,0,0,0
124.737,1.0000,0,0,0,0
124.772,1.0000,0,0,0,0
124.810,1.0000,0,0,0,0
124.840,1.0000,0,0,0,0
124.868,1.0000,0,0,0,0
124.905,1.0000,0,0,0,0
124.939,1.0000,0,0,0,0
124.967,1.0000,0,0,0,0
125.009,1.0000,0,0,0,0
125.036,1.0000,0,0,0,0
125.070,1.0000,0,0,0,0
125.105,1.0000,0,0,0,0
125.140,1.0000,0,0,0,0
125.173,1.0000,0,0,0,0
125.206,1.0000,0,0,0,0
125.241,1.0000,0,0,0,0
125.275,1.0000,0,0,0,0
125.306,1.0000,0,0,0,0
125.341,1.0000,0,0,0,0
125.370,1.0000,0,0,0,0
125.407,1.0000,0,0,0,0
125.437,1.0000,0,0,0,0
125.473,1.0000,0,0,0,0
125.503,1.0000,0,0,0,0
125.538,1.0000,0,0,0,0
125.573,1.0000,0,0,0,0
125.607,1.0000,0,0,0,0
125.635,1.0000,0,0,0,0
125.670,1.0000,0,0,0,0
125.702,1.0000,0,0,0,0
125.735,1.0000,0,0,0,0
125.768,1.0000,0,0,0,0
125.805,1.0000,0,0,0,0
125.839,1.0000,0,0,0,0
125.875,1.0000,0,0,0,0
125.905,1.0000,0,0,0,0
125.940,1.0000,0,0,0,0
125.974,1.0000,0,0,0,0
126.008,1.0000,0,0,0,0
126.036,1.0000,0,0,0,0
126.070,1.0000,0,0,0,0
126.104,1.0000,0,0,0,0
126.137,1.0000,0,0,0,0
126.170,1.0000,0,0,0,0
126.203,1.0000,0,0,0,0
126.237,1.0000,0,0,0,0
126.273,1.0000,0,0,0,0
126.307,1.0000,0,0,0,0
126.339,1.0000,0,0,0,0
126.373,1.0000,0,0,0,0
126.406,1.0000,0,0,0,0
126.439,1.0000,0,0,0,0
126.468,1.0000,0,0,0,0
126.507,1.0000,0,0,0,0
126.539,1.0000,0,0,0,0
126.573,1.0000,0,0,0,0
126.607,1.0000,0,0,0,0
126.636,1.0000,0,0,0,0
126.671,1.0000,0,0,0,0
126.708,1.0000,0,0,0,0
126.741,1.0000,0,0,0,0
126.775,1.0000,0,0,0,0
126.802,1.0000,0,0,0,0
126.837,1.0000,0,0,0,0
126.871,1.0000,0,0,0,0
126.908,1.0000,0,0,0,0
126.941,0.9999,0,0,0,0
126.975,0.9999,0,0,0,0
127.003,0.9998,0,0,0,0
127.038,0.9998,0,0,0,0
127.073,0.9997,0,0,0,0
127.112,0.9997,0,0,0,0
127.138,0.9996,0,0,0,0
127.172,0.9996,0,0,0,0
127.207,0.9995,0,0,0,0
127.234,0.9994,0,0,0,0
127.269,0.9993,0,0,0,0
127.304,0.9991,0,0,0,0
127.339,0.9989,0,0,0,0
127.368,0.9988,0,0,0,0
127.403,0.9986,0,0,0,0
127.442,0.9983,0,0,0,0
127.469,0.9982,0,0,0,0
127.504,0.9979,0,0,0,0
127.540,0.9976,0,0,0,0
127.567,0.9975,0,0,0,0
127.605,0.9971,0,0,0,0
127.638,0.9968,0,0,0,0
127.672,0.9966,0,0,0,0
127.701,0.9963,0,0,0,0
127.736,0.9961,0,0,0,0
127.775,0.9958,0,0,0,0
127.808,0.9955,0,0,0,0
127.840,0.9952,0,0,0,0
127.873,0.9950,0,0,0,0
127.907,0.9947,0,0,0,0
127.937,0.9945,0,0,0,0
127.971,0.9944,0,0,0,0
128.008,0.9941,0,0,0,0
128.029,0.9940,0,0,0,0
128.073,0.9938,0,0,0,0
128.106,0.9936,0,0,0,0
128.136,0.9934,0,0,0,0
128.169,0.9934,0,0,0,0
128.203,0.9932,0,0,0,0
128.237,0.9931,0,0,0,0
128.271,0.9930,0,0,0,0
128.305,0.9929,0,0,0,0
128.342,0.9928,0,0,0,0
128.371,0.9927,0,0,0,0
128.404,0.9926,0,0,0,0
128.439,0.9925,0,0,0,0
128.474,0.9924,0,0,0,0
128.501,0.9923,0,0,0,0
128.536,0.9923,0,0,0,0
128.570,0.9921,0,0,0,0
128.604,0.9919,0,0,0,0
128.639,0.9917,0,0,0,0
128.675,0.9916,0,0,0,0
128.703,0.9913,0,0,0,0
128.738,0.9910,0,0,0,0
128.767,0.9909,0,0,0,0
128.810,0.9905,0,0,0,0
128.837,0.9901,0,0,0,0
128.872,0.9899,0,0,0,0
128.908,0.9894,0,0,0,0
128.935,0.9891,0,0,0,0
128.971,0.9885,0,0,0,0
129.004,0.9879,0,0,0,0
129.033,0.9876,0,0,0,0
129.069,0.9869,0,0,0,0
129.104,0.9861,0,0,0,0
129.140,0.9852,0,0,0,0
129.169,0.9847,0,0,0,0
129.199,0.9837,0,0,0,0
129.234,0.9831,0,0,0,0
129.268,0.9819,0,0,0,0
129.305,0.9807,0,0,0,0
129.340,0.9793,0,0,0,0
129.373,0.9786,0,0,0,0
129.406,0.9771,2,5,5,2
129.441,0.9755,2,5,5,2
129.475,0.9746,2,5,5,2
129.509,0.9729,2,5,5,2
129.537,0.9711,2,5,5,2
129.571,0.9702,2,5,5,2
129.606,0.9684,2,5,5,2
129.639,0.9665,2,5,5,2
129.674,0.9655,2,5,5,2
129.709,0.9636,2,5,5,2
129.736,0.9617,2,5,5,2
129.766,0.9607,2,5,5,2
129.806,0.9588,2,5,5,2
129.839,0.9569,2,5,5,2
129.872,0.9559,2,5,5,2
129.907,0.9540,2,5,5,2
129.936,0.9531,2,5,5,2
129.971,0.9512,2,5,5,2
130.006,0.9494,2,5,5,2
130.039,0.9477,2,5,5,2
130.073,0.9468,2,5,5,2
130.103,0.9451,2,5,5,2
130.138,0.9434,2,5,5,2
130.174,0.9426,2,5,5,2
130.210,0.9411,2,5,5,2
130.239,0.9396,2,5,5,2
130.267,0.9389,2,5,5,2
130.308,0.9375,2,5,5,2
130.341,0.9361,2,5,5,2
130.371,0.9355,2,5,5,2
130.405,0.9342,2,5,5,2
130.440,0.9330,2,5,5,2
130.474,0.9324,2,5,5,2
130.508,0.9312,2,5,5,2
130.536,0.9301,2,5,5,2
130.572,0.9296,2,5,5,2
130.604,0.9285,2,5,5,2
130.637,0.9275,2,5,5,2
130.671,0.9270,2,5,5,2
130.705,0.9260,2,5,5,2
130.740,0.9250,2,5,5,2
130.774,0.9246,2,5,5,2
130.805,0.9237,2,5,5,2
130.840,0.9229,2,5,5,2
130.873,0.9225,2,5,5,2
130.906,0.9217,2,5,5,2
130.941,0.9209,2,5,5,2
130.974,0.9206,2,5,5,2
131.002,0.9199,2,5,5,2
131.040,0.9192,2,5,5,2
131.075,0.9189,2,5,5,2
131.104,0.9183,2,5,5,2
131.133,0.9180,2,5,5,2
131.170,0.9174,2,5,5,2
131.203,0.9168,2,5,5,2
131.238,0.9163,0,0,0,0
131.272,0.9160,0,0,0,0
131.306,0.9155,0,0,0,0
131.336,0.9153,0,0,0,0
131.373,0.9148,0,0,0,0
131.409,0.9144,0,0,0,0
131.441,0.9140,0,0,0,0
131.468,0.9138,0,0,0,0
131.504,0.9134,0,0,0,0
131.539,0.9131,0,0,0,0
131.568,0.9129,0,0,0,0
131.604,0.9133,0,0,0,0
131.638,0.9137,0,0,0,0
131.671,0.9140,0,0,0,0
131.706,0.9144,0,0,0,0
131.735,0.9147,0,0,0,0
131.772,0.9152,0,0,0,0
131.806,0.9157,0,0,0,0
131.842,0.9162,0,0,0,0
131.870,0.9165,0,0,0,0
131.904,0.9170,0,0,0,0
131.938,0.9176,0,0,0,0
131.973,0.9179,0,0,0,0
132.010,0.9185,0,0,0,0
132.036,0.9188,0,0,0,0
132.071,0.9194,0,0,0,0
132.103,0.9200,0,0,0,0
132.138,0.9207,0,0,0,0
132.172,0.9210,0,0,0,0
132.206,0.9216,0,0,0,0
132.235,0.9219,0,0,0,0
132.272,0.9225,0,0,0,0
132.307,0.9231,0,0,0,0
132.335,0.9234,0,0,0,0
132.370,0.9240,0,0,0,0
132.399,0.9245,0,0,0,0
132.450,0.9250,0,0,0,0
132.477,0.9255,0,0,0,0
132.502,0.9257,0,0,0,0
132.535,0.9259,0,0,0,0
132.570,0.9262,0,0,0,0
132.603,0.9265,0,0,0,0
132.637,0.9266,0,0,0,0
132.674,0.9266,0,0,0,0
132.704,0.9266,0,0,0,0
132.741,0.9264,0,0,0,0
132.774,0.9263,0,0,0,0
132.808,0.9259,0,0,0,0
132.836,0.9254,0,0,0,0
132.874,0.9251,0,0,0,0
132.903,0.9244,0,0,0,0
132.935,0.9240,0,0,0,0
132.973,0.9231,0,0,0,0
133.008,0.9221,0,0,0,0
133.036,0.9216,0,0,0,0
133.069,0.9204,0,0,0,0
133.103,0.9201,0,0,0,0
133.137,0.9199,0,0,0,0
133.172,0.9197,0,0,0,0
133.206,0.9192,0,0,0,0
133.240,0.9186,0,0,0,0
133.273,0.9183,0,0,0,0
133.305,0.9175,0,0,0,0
133.334,0.9170,0,0,0,0
133.371,0.9160,0,0,0,0
133.406,0.9149,0,0,0,0
133.440,0.9137,0,0,0,0
133.468,0.9133,0,0,0,0
133.506,0.9128,0,0,0,0
133.541,0.9126,0,0,0,0
133.575,0.9127,0,0,0,0
133.603,0.9128,0,0,0,0
133.639,0.9129,0,0,0,0
133.673,0.9130,0,0,0,0
133.704,0.9130,0,0,0,0
133.739,0.9130,0,0,0,0
133.777,0.9129,0,0,0,0
133.806,0.9128,0,0,0,0
133.841,0.9126,0,0,0,0
133.868,0.9124,0,0,0,0
133.905,0.9120,0,0,0,0
133.941,0.9115,0,0,0,0
133.969,0.9112,0,0,0,0
134.005,0.9105,0,0,0,0
134.041,0.9098,0,0,0,0
134.075,0.9094,0,0,0,0
134.104,0.9085,0,0,0,0
134.138,0.9074,0,0,0,0
134.167,0.9069,0,0,0,0
134.206,0.9056,0,0,0,0
134.241,0.9043,0,0,0,0
134.270,0.9035,0,0,0,0
134.302,0.9019,2,5,5,2
134.341,0.9002,2,5,5,2
134.369,0.8994,2,5,5,2
134.405,0.8979,2,5,5,2
134.441,0.8965,2,5,5,2
134.477,0.8952,2,5,5,2
134.505,0.8946,2,5,5,2
134.541,0.8934,2,5,5,2
134.575,0.8929,2,5,5,2
134.607,0.8920,2,5,5,2
134.643,0.8914,2,5,5,2
134.673,0.8911,2,5,5,2
134.702,0.8906,2,5,5,2
134.739,0.8902,2,5,5,2
134.772,0.8900,2,5,5,2
134.807,0.8896,2,5,5,2
134.836,0.8894,2,5,5,2
134.870,0.8890,2,5,5,2
134.906,0.8886,2,5,5,2
134.942,0.8883,2,5,5,2
134.970,0.8881,2,5,5,2
135.004,0.8878,2,5,5,2
135.037,0.8874,2,5,5,2
135.072,0.8873,2,5,5,2
135.108,0.8870,2,5,5,2
135.137,0.8868,2,5,5,2
135.172,0.8866,2,5,5,2
135.206,0.8864,2,5,5,2
135.240,0.8863,2,5,5,2
135.275,0.8862,2,5,5,2
135.310,0.8862,2,5,5,2
135.335,0.8862,2,5,5,2
135.369,0.8862,2,5,5,2
135.408,0.8862,0,0,0,0
135.436,0.8864,0,0,0,0
135.473,0.8865,0,0,0,0
135.508,0.8867,0,0,0,0
135.544,0.8870,0,0,0,0
135.569,0.8872,0,0,0,0
135.603,0.8875,0,0,0,0
135.638,0.8879,0,0,0,0
135.673,0.8882,0,0,0,0
135.702,0.8887,0,0,0,0
135.741,0.8892,0,0,0,0
135.774,0.8895,0,0,0,0
135.808,0.8901,0,0,0,0
135.842,0.8907,0,0,0,0
135.870,0.8910,0,0,0,0
135.905,0.8916,0,0,0,0
135.944,0.8922,0,0,0,0
135.972,0.8925,0,0,0,0
136.007,0.8930,0,0,0,0
136.034,0.8932,0,0,0,0
136.070,0.8935,0,0,0,0
136.104,0.8937,0,0,0,0
136.139,0.8937,0,0,0,0
136.174,0.8936,0,0,0,0
136.202,0.8931,0,0,0,0
136.237,0.8924,0,0,0,0
136.272,0.8920,0,0,0,0
136.306,0.8908,0,0,0,0
136.336,0.8893,0,0,0,0
136.372,0.8885,0,0,0,0
136.404,0.8866,2,5,5,2
136.439,0.8844,2,5,5,2
136.467,0.8832,2,5,5,2
136.504,0.8807,2,5,5,2
136.538,0.8781,2,5,5,2
136.568,0.8767,2,5,5,2
136.607,0.8741,2,5,5,2
136.641,0.8715,2,5,5,2
136.670,0.8703,2,5,5,2
136.706,0.8679,2,5,5,2
136.740,0.8657,2,5,5,2
136.772,0.8646,2,5,5,2
136.807,0.8625,2,5,5,2
136.836,0.8614,2,5,5,2
136.872,0.8594,2,5,5,2
136.906,0.8573,2,5,5,2
136.940,0.8551,2,5,5,2
136.969,0.8539,2,5,5,2
137.006,0.8516,2,5,5,2
137.035,0.8504,2,5,5,2
137.072,0.8483,2,5,5,2
137.101,0.8465,2,5,5,2
137.138,0.8450,2,5,5,2
137.172,0.8443,2,5,5,2
137.207,0.8433,2,5,5,2
137.237,0.8612,2,5,5,2
137.272,0.8703,2,5,5,2
137.306,0.8851,2,5,5,2
137.339,0.8956,2,5,5,2
137.373,0.8993,2,5,5,2
137.401,0.9041,2,5,5,2
137.438,0.9053,2,5,5,2
137.472,0.9046,2,5,5,2
137.506,0.9009,2,5,5,2
137.535,0.8981,2,5,5,2
137.570,0.8912,2,5,5,2
137.606,0.8829,2,5,5,2
137.641,0.8731,2,5,5,2
137.675,0.8678,2,5,5,2
137.708,0.8565,2,5,5,2
137.735,0.8512,2,5,5,2
137.771,0.8523,2,5,5,2
137.806,0.8535,2,5,5,2
137.841,0.8546,2,5,5,2
137.875,0.8551,2,5,5,2
137.903,0.8561,2,5,5,2
137.938,0.8572,2,5,5,2
137.973,0.8577,2,5,5,2
138.008,0.8587,2,5,5,2
138.043,0.8596,2,5,5,2
138.072,0.8601,2,5,5,2
138.106,0.8610,2,5,5,2
138.139,0.8618,2,5,5,2
138.174,0.8622,2,5,5,2
138.210,0.8630,2,5,5,2
138.237,0.8635,2,5,5,2
138.272,0.8637,2,5,5,2
138.306,0.8638,2,5,5,2
138.341,0.8638,2,5,5,2
138.377,0.8637,2,5,5,2
138.405,0.8636,2,5,5,2
138.439,0.8633,2,5,5,2
138.473,0.8632,2,5,5,2
138.506,0.8630,2,5,5,2
138.541,0.8627,2,5,5,2
138.570,0.8626,2,5,5,2
138.606,0.8622,2,5,5,2
138.640,0.8618,2,5,5,2
138.675,0.8616,2,5,5,2
138.703,0.8612,2,5,5,2
138.737,0.8608,0,0,0,0
138.772,0.8607,0,0,0,0
138.809,0.8605,0,0,0,0
138.838,0.8603,0,0,0,0
138.871,0.8602,0,0,0,0
138.904,0.8601,0,0,0,0
138.937,0.8601,0,0,0,0
138.972,0.8601,0,0,0,0
139.009,0.8601,0,0,0,0
139.036,0.8601,0,0,0,0
139.070,0.8601,0,0,0,0
139.105,0.8602,0,0,0,0
139.140,0.8603,0,0,0,0
139.175,0.8603,0,0,0,0
139.211,0.8605,0,0,0,0
139.238,0.8607,0,0,0,0
139.274,0.8609,0,0,0,0
139.302,0.8612,0,0,0,0
139.336,0.8615,0,0,0,0
139.374,0.8617,0,0,0,0
139.409,0.8622,0,0,0,0
139.435,0.8624,0,0,0,0
139.476,0.8632,0,0,0,0
139.503,0.8634,0,0,0,0
139.536,0.8640,0,0,0,0
139.571,0.8643,0,0,0,0
139.607,0.8648,0,0,0,0
139.641,0.8654,0,0,0,0
139.669,0.8657,0,0,0,0
139.705,0.8663,0,0,0,0
139.740,0.8669,0,0,0,0
139.769,0.8671,0,0,0,0
139.811,0.8677,0,0,0,0
139.837,0.8683,0,0,0,0
139.870,0.8685,0,0,0,0
139.904,0.8691,0,0,0,0
139.937,0.8696,0,0,0,0
139.972,0.8698,0,0,0,0
140.012,0.8703,0,0,0,0
140.039,0.8708,0,0,0,0
140.073,0.8710,0,0,0,0
140.107,0.8714,0,0,0,0
140.142,0.8718,0,0,0,0
140.171,0.8720,0,0,0,0
140.206,0.8723,0,0,0,0
140.241,0.8723,0,0,0,0
140.275,0.8723,0,0,0,0
140.303,0.8722,0,0,0,0
140.339,0.8719,0,0,0,0
140.374,0.8717,0,0,0,0
140.409,0.8714,0,0,0,0
140.438,0.8710,0,0,0,0
140.471,0.8708,0,0,0,0
140.505,0.8704,0,0,0,0
140.540,0.8700,0,0,0,0
140.569,0.8698,0,0,0,0
140.604,0.8694,0,0,0,0
140.640,0.8691,0,0,0,0
140.674,0.8689,0,0,0,0
140.704,0.8684,0,0,0,0
140.739,0.8679,0,0,0,0
140.774,0.8676,0,0,0,0
140.809,0.8670,0,0,0,0
140.834,0.8672,0,0,0,0
140.873,0.8698,2,5,5,2
140.901,0.8723,2,5,5,2
140.937,0.8746,2,5,5,2
140.972,0.8757,2,5,5,2
141.002,0.8778,2,5,5,2
141.040,0.8795,2,5,5,2
141.072,0.8802,2,5,5,2
141.105,0.8815,2,5,5,2
141.139,0.8825,2,5,5,2
141.174,0.8830,2,5,5,2
141.201,0.8838,2,5,5,2
141.237,0.8845,2,5,5,2
141.270,0.8848,2,5,5,2
141.304,0.8855,2,5,5,2
141.334,0.8859,2,5,5,2
141.371,0.8866,2,5,5,2
141.407,0.8873,2,5,5,2
141.440,0.8880,2,5,5,2
141.468,0.8884,2,5,5,2
141.503,0.8892,2,5,5,2
141.537,0.8901,2,5,5,2
141.572,0.8905,2,5,5,2
141.606,0.8914,2,5,5,2
141.635,0.8919,2,5,5,2
141.671,0.8928,2,5,5,2
141.705,0.8938,2,5,5,2
141.741,0.8949,2,5,5,2
141.777,0.8960,2,5,5,2
141.804,0.8965,2,5,5,2
141.839,0.8977,2,5,5,2
141.874,0.8982,2,5,5,2
141.907,0.8994,2,5,5,2
141.940,0.9007,2,5,5,2
141.975,0.9013,2,5,5,2
142.004,0.9029,2,5,5,2
142.039,0.9047,2,5,5,2
142.074,0.9057,2,5,5,2
142.108,0.9078,2,5,5,2
142.135,0.9088,2,5,5,2
142.171,0.9109,2,5,5,2
142.207,0.9130,2,5,5,2
142.235,0.9141,2,5,5,2
142.272,0.9163,2,5,5,2
142.308,0.9185,2,5,5,2
142.339,0.9241,2,5,5,2
142.373,0.9252,2,5,5,2
142.408,0.9274,2,5,5,2
142.443,0.9296,2,5,5,2
142.478,0.9318,2,5,5,2
142.502,0.9328,2,5,5,2
142.536,0.9338,2,5,5,2
142.570,0.9358,2,5,5,2
142.604,0.9377,2,5,5,2
142.640,0.9395,2,5,5,2
142.669,0.9403,2,5,5,2
142.706,0.9419,2,5,5,2
142.741,0.9435,2,5,5,2
142.774,0.9442,2,5,5,2
142.802,0.9457,2,5,5,2
142.839,0.9470,2,5,5,2
142.873,0.9476,2,5,5,2
142.906,0.9487,2,5,5,2
142.940,0.9497,2,5,5,2
142.975,0.9501,2,5,5,2
143.003,0.9507,2,5,5,2
143.039,0.9510,2,5,5,2
143.067,0.9511,2,5,5,2
143.106,0.9511,2,5,5,2
143.139,0.9508,2,5,5,2
143.174,0.9505,2,5,5,2
143.208,0.9498,2,5,5,2
143.237,0.9490,2,5,5,2
143.272,0.9485,2,5,5,2
143.309,0.9473,2,5,5,2
143.337,0.9460,2,5,5,2
143.369,0.9454,2,5,5,2
143.406,0.9439,2,5,5,2
143.440,0.9424,2,5,5,2
143.469,0.9416,2,5,5,2
143.503,0.9400,2,5,5,2
143.538,0.9383,2,5,5,2
143.571,0.9374,2,5,5,2
143.605,0.9357,2,5,5,2
143.634,0.9349,2,5,5,2
143.671,0.9331,2,5,5,2
143.702,0.9314,2,5,5,2
143.736,0.9297,2,5,5,2
143.771,0.9288,2,5,5,2
143.806,0.9271,2,5,5,2
143.841,0.9255,2,5,5,2
143.878,0.9238,2,5,5,2
143.904,0.9230,2,5,5,2
143.942,0.9214,2,5,5,2
143.969,0.9206,2,5,5,2
144.005,0.9190,2,5,5,2
144.041,0.9175,2,5,5,2
144.072,0.9167,2,5,5,2
144.111,0.9153,2,5,5,2
144.139,0.9138,2,5,5,2
144.168,0.9131,2,5,5,2
144.205,0.9118,2,5,5,2
144.239,0.9104,2,5,5,2
144.276,0.9098,2,5,5,2
144.305,0.9085,2,5,5,2
144.341,0.9073,2,5,5,2
144.369,0.9067,2,5,5,2
144.405,0.9055,2,5,5,2
144.434,0.9049,2,5,5,2
144.470,0.9038,2,5,5,2
144.506,0.9028,2,5,5,2
144.538,0.9017,2,5,5,2
144.573,0.9013,2,5,5,2
144.602,0.9003,2,5,5,2
144.643,0.8994,2,5,5,2
144.671,0.8989,2,5,5,2
144.704,0.8981,2,5,5,2
144.740,0.8973,2,5,5,2
144.774,0.8969,2,5,5,2
144.802,0.8962,2,5,5,2
144.838,0.8955,2,5,5,2
144.875,0.8951,2,5,5,2
144.911,0.8945,2,5,5,2
144.934,0.8942,2,5,5,2
144.975,0.8936,2,5,5,2
145.008,0.8931,2,5,5,2
145.041,0.8926,0,0,0,0
145.077,0.8921,0,0,0,0
145.106,0.8919,0,0,0,0
145.141,0.8915,0,0,0,0
145.176,0.8913,0,0,0,0
145.210,0.8909,0,0,0,0
145.244,0.8906,0,0,0,0
145.273,0.8905,0,0,0,0
145.308,0.8902,0,0,0,0
145.339,0.8900,0,0,0,0
145.370,0.8898,0,0,0,0
145.405,0.8897,0,0,0,0
145.435,0.8896,0,0,0,0
145.468,0.8897,0,0,0,0
145.503,0.8900,0,0,0,0
145.538,0.8904,0,0,0,0
145.573,0.8906,0,0,0,0
145.605,0.8911,0,0,0,0
145.641,0.8916,0,0,0,0
145.673,0.8919,0,0,0,0
145.707,0.8923,0,0,0,0
145.738,0.8927,0,0,0,0
145.771,0.8928,0,0,0,0
145.805,0.8931,0,0,0,0
145.839,0.8932,0,0,0,0
145.873,0.8933,0,0,0,0
145.910,0.8934,0,0,0,0
145.930,0.8934,0,0,0,0
145.974,0.8935,0,0,0,0
146.002,0.8935,0,0,0,0
146.037,0.8936,0,0,0,0
146.072,0.8936,0,0,0,0
146.106,0.8937,0,0,0,0
146.142,0.8938,0,0,0,0
146.172,0.8939,0,0,0,0
146.209,0.8940,0,0,0,0
146.236,0.8942,0,0,0,0
146.271,0.8944,0,0,0,0
146.306,0.8950,0,0,0,0
146.335,0.8955,0,0,0,0
146.372,0.8964,0,0,0,0
146.403,0.8976,0,0,0,0
146.436,0.8990,0,0,0,0
146.470,0.8998,0,0,0,0
146.502,0.9114,2,5,5,2
146.536,0.9269,2,5,5,2
146.571,0.9339,2,5,5,2
146.602,0.9455,2,5,5,2
146.640,0.9515,2,5,5,2
146.674,0.9527,2,5,5,2
146.701,0.9523,2,5,5,2
146.739,0.9491,2,5,5,2
146.772,0.9468,2,5,5,2
146.804,0.9411,2,5,5,2
146.838,0.9344,2,5,5,2
146.872,0.9309,2,5,5,2
146.907,0.9235,2,5,5,2
146.943,0.9240,2,5,5,2
146.971,0.9251,2,5,5,2
147.014,0.9270,2,5,5,2
147.039,0.9288,2,5,5,2
147.072,0.9295,2,5,5,2
147.106,0.9307,2,5,5,2
147.141,0.9316,2,5,5,2
147.171,0.9319,2,5,5,2
147.207,0.9321,2,5,5,2
147.242,0.9319,2,5,5,2
147.271,0.9317,2,5,5,2
147.305,0.9309,2,5,5,2
147.339,0.9298,2,5,5,2
147.373,0.9291,2,5,5,2
147.411,0.9275,2,5,5,2
147.439,0.9257,2,5,5,2
147.473,0.9247,2,5,5,2
147.508,0.9226,2,5,5,2
147.537,0.9203,2,5,5,2
147.571,0.9192,2,5,5,2
147.606,0.9169,2,5,5,2
147.635,0.9157,2,5,5,2
147.670,0.9077,2,5,5,2
147.704,0.9078,2,5,5,2
147.740,0.9093,2,5,5,2
147.769,0.9100,2,5,5,2
147.805,0.9112,2,5,5,2
147.843,0.9122,2,5,5,2
147.869,0.9126,2,5,5,2
147.910,0.9133,2,5,5,2
147.941,0.9139,2,5,5,2
147.977,0.9143,2,5,5,2
148.004,0.9145,2,5,5,2
148.038,0.9148,2,5,5,2
148.073,0.9149,2,5,5,2
148.103,0.9150,2,5,5,2
148.139,0.9150,2,5,5,2
148.172,0.9150,2,5,5,2
148.207,0.9150,2,5,5,2
148.235,0.9149,2,5,5,2
148.272,0.9148,2,5,5,2
148.306,0.9146,2,5,5,2
148.336,0.9145,2,5,5,2
148.374,0.9142,2,5,5,2
148.402,0.9140,2,5,5,2
148.437,0.9137,2,5,5,2
148.474,0.9136,2,5,5,2
148.508,0.9133,2,5,5,2
148.537,0.9131,2,5,5,2
148.571,0.9129,2,5,5,2
148.606,0.9127,2,5,5,2
148.635,0.9126,2,5,5,2
148.673,0.9123,2,5,5,2
148.706,0.9121,2,5,5,2
148.742,0.9119,0,0,0,0
148.772,0.9117,0,0,0,0
148.806,0.9108,0,0,0,0
148.840,0.9096,0,0,0,0
148.870,0.9089,0,0,0,0
148.905,0.9075,0,0,0,0
148.940,0.9059,2,5,5,2
148.975,0.9051,2,5,5,2
149.003,0.9036,2,5,5,2
149.039,0.9020,2,5,5,2
149.073,0.9012,2,5,5,2
149.105,0.8997,2,5,5,2
149.139,0.8982,2,5,5,2
149.168,0.8975,2,5,5,2
149.204,0.8961,2,5,5,2
149.240,0.8947,2,5,5,2
149.273,0.8941,2,5,5,2
149.303,0.8928,2,5,5,2
149.338,0.8917,2,5,5,2
149.372,0.8911,2,5,5,2
149.407,0.8900,2,5,5,2
149.442,0.8889,2,5,5,2
149.474,0.8884,2,5,5,2
149.503,0.8875,2,5,5,2
149.539,0.8866,2,5,5,2
149.572,0.8862,2,5,5,2
149.606,0.8854,2,5,5,2
149.641,0.8847,2,5,5,2
149.670,0.8843,2,5,5,2
149.702,0.8837,2,5,5,2
149.737,0.8832,2,5,5,2
149.773,0.8830,2,5,5,2
149.807,0.8826,2,5,5,2
149.843,0.8822,2,5,5,2
149.871,0.8821,2,5,5,2
149.907,0.8819,2,5,5,2
149.935,0.8819,2,5,5,2
149.971,0.8819,2,5,5,2
150.005,0.8820,2,5,5,2
150.041,0.8822,2,5,5,2
150.071,0.8824,2,5,5,2
150.108,0.8827,0,0,0,0
150.135,0.8828,0,0,0,0
150.170,0.8832,0,0,0,0
150.206,0.8836,0,0,0,0
150.239,0.8840,0,0,0,0
150.273,0.8842,0,0,0,0
150.305,0.8845,0,0,0,0
150.340,0.8846,0,0,0,0
150.368,0.8846,0,0,0,0
150.403,0.8842,0,0,0,0
150.438,0.8834,0,0,0,0
150.473,0.8828,0,0,0,0
150.503,0.8811,2,5,5,2
150.538,0.8839,2,5,5,2
150.572,0.8862,2,5,5,2
150.608,0.8909,2,5,5,2
150.635,0.8933,2,5,5,2
150.671,0.8981,2,5,5,2
150.707,0.9026,2,5,5,2
150.736,0.9048,2,5,5,2
150.771,0.9088,2,5,5,2
150.807,0.9125,2,5,5,2
150.836,0.9159,2,5,5,2
150.871,0.9175,2,5,5,2
150.902,0.9205,2,5,5,2
150.940,0.9232,2,5,5,2
150.975,0.9245,2,5,5,2
151.004,0.9271,2,5,5,2
151.040,0.9296,2,5,5,2
151.073,0.9307,2,5,5,2
151.104,0.9327,2,5,5,2
151.137,0.9344,2,5,5,2
151.172,0.9353,2,5,5,2
151.208,0.9368,2,5,5,2
151.237,0.9383,2,5,5,2
151.273,0.9390,2,5,5,2
151.310,0.9404,2,5,5,2
151.337,0.9419,2,5,5,2
151.372,0.9426,2,5,5,2
151.404,0.9439,2,5,5,2
151.438,0.9451,2,5,5,2
151.473,0.9456,2,5,5,2
151.503,0.9467,2,5,5,2
151.534,0.9472,2,5,5,2
151.570,0.9482,2,5,5,2
151.605,0.9491,2,5,5,2
151.640,0.9500,2,5,5,2
151.669,0.9504,2,5,5,2
151.704,0.9513,2,5,5,2
151.740,0.9521,2,5,5,2
151.775,0.9525,2,5,5,2
151.803,0.9533,2,5,5,2
151.839,0.9541,2,5,5,2
151.874,0.9545,2,5,5,2
151.908,0.9554,2,5,5,2
151.937,0.9564,2,5,5,2
151.973,0.9568,2,5,5,2
152.007,0.9576,2,5,5,2
152.041,0.9583,2,5,5,2
152.069,0.9586,2,5,5,2
152.106,0.9592,2,5,5,2
152.138,0.9600,2,5,5,2
152.173,0.9603,2,5,5,2
152.206,0.9610,2,5,5,2
152.240,0.9614,0,0,0,0
152.268,0.9615,0,0,0,0
152.304,0.9616,0,0,0,0
152.336,0.9615,0,0,0,0
152.370,0.9612,0,0,0,0
152.404,0.9607,0,0,0,0
152.438,0.9602,0,0,0,0
152.474,0.9599,0,0,0,0
152.508,0.9592,0,0,0,0
152.542,0.9585,0,0,0,0
152.574,0.9581,0,0,0,0
152.602,0.9573,0,0,0,0
152.637,0.9566,0,0,0,0
152.672,0.9562,0,0,0,0
152.708,0.9553,0,0,0,0
152.742,0.9545,0,0,0,0
152.775,0.9541,0,0,0,0
152.807,0.9534,0,0,0,0
152.835,0.9531,0,0,0,0
152.874,0.9528,0,0,0,0
152.903,0.9530,0,0,0,0
152.941,0.9538,0,0,0,0
152.970,0.9544,0,0,0,0
153.006,0.9558,0,0,0,0
153.039,0.9574,2,5,5,2
153.068,0.9580,2,5,5,2
153.105,0.9590,2,5,5,2
153.139,0.9592,2,5,5,2
153.170,0.9590,2,5,5,2
153.204,0.9584,2,5,5,2
153.239,0.9572,2,5,5,2
153.273,0.9565,2,5,5,2
153.309,0.9548,2,5,5,2
153.339,0.9531,2,5,5,2
153.370,0.9522,2,5,5,2
153.404,0.9504,2,5,5,2
153.438,0.9485,2,5,5,2
153.471,0.9475,2,5,5,2
153.507,0.9456,2,5,5,2
153.536,0.9436,2,5,5,2
153.568,0.9426,2,5,5,2
153.609,0.9405,2,5,5,2
153.635,0.9394,2,5,5,2
153.674,0.9373,2,5,5,2
153.701,0.9351,2,5,5,2
153.737,0.9328,2,5,5,2
153.769,0.9316,2,5,5,2
153.802,0.9292,2,5,5,2
153.837,0.9268,2,5,5,2
153.873,0.9267,2,5,5,2
153.907,0.9267,2,5,5,2
153.942,0.9267,2,5,5,2
153.967,0.9266,2,5,5,2
154.007,0.9264,2,5,5,2
154.035,0.9263,2,5,5,2
154.071,0.9260,2,5,5,2
154.103,0.9256,2,5,5,2
154.138,0.9253,2,5,5,2
154.176,0.9251,2,5,5,2
154.204,0.9250,2,5,5,2
154.238,0.9248,2,5,5,2
154.273,0.9246,2,5,5,2
154.306,0.9243,2,5,5,2
154.336,0.9242,2,5,5,2
154.378,0.9239,2,5,5,2
154.407,0.9238,2,5,5,2
154.436,0.9239,2,5,5,2
154.471,0.9239,2,5,5,2
154.506,0.9241,2,5,5,2
154.541,0.9245,2,5,5,2
154.581,0.9250,2,5,5,2
154.608,0.9252,2,5,5,2
154.635,0.9255,2,5,5,2
154.669,0.9262,2,5,5,2
154.704,0.9270,2,5,5,2
154.739,0.9278,2,5,5,2
154.774,0.9282,2,5,5,2
154.805,0.9288,2,5,5,2
154.838,0.9294,0,0,0,0
154.870,0.9296,0,0,0,0
154.900,0.9300,0,0,0,0
154.940,0.9303,0,0,0,0
154.973,0.9304,0,0,0,0
155.003,0.9305,0,0,0,0
155.038,0.9306,0,0,0,0
155.073,0.9306,0,0,0,0
155.110,0.9306,0,0,0,0
155.138,0.9306,0,0,0,0
155.171,0.9305,0,0,0,0
155.203,0.9303,0,0,0,0
155.236,0.9301,0,0,0,0
155.270,0.9299,0,0,0,0
155.303,0.9296,0,0,0,0
155.339,0.9291,0,0,0,0
155.376,0.9285,0,0,0,0
155.403,0.9282,0,0,0,0
155.440,0.9274,0,0,0,0
155.474,0.9269,0,0,0,0
155.508,0.9258,0,0,0,0
155.535,0.9251,0,0,0,0
155.571,0.9238,0,0,0,0
155.610,0.9222,2,5,5,2
155.639,0.9204,2,5,5,2
155.673,0.9195,2,5,5,2
155.707,0.9175,2,5,5,2
155.743,0.9155,2,5,5,2
155.773,0.9145,2,5,5,2
155.800,0.9125,2,5,5,2
155.838,0.9108,2,5,5,2
155.875,0.9100,2,5,5,2
155.903,0.9088,2,5,5,2
155.939,0.9080,2,5,5,2
155.975,0.9079,2,5,5,2
156.002,0.9084,2,5,5,2
156.039,0.9094,2,5,5,2
156.073,0.9101,2,5,5,2
156.101,0.9116,2,5,5,2
156.137,0.9132,2,5,5,2
156.172,0.9140,2,5,5,2
156.201,0.9156,2,5,5,2
156.240,0.9172,2,5,5,2
156.275,0.9179,2,5,5,2
156.307,0.9192,2,5,5,2
156.341,0.9204,2,5,5,2
156.375,0.9210,2,5,5,2
156.403,0.9219,2,5,5,2
156.441,0.9227,2,5,5,2
156.474,0.9230,2,5,5,2
156.508,0.9236,2,5,5,2
156.536,0.9240,2,5,5,2
156.571,0.9241,2,5,5,2
156.606,0.9243,2,5,5,2
156.643,0.9243,2,5,5,2
156.671,0.9243,2,5,5,2
156.705,0.9241,2,5,5,2
156.740,0.9239,2,5,5,2
156.773,0.9237,2,5,5,2
156.805,0.9232,2,5,5,2
156.836,0.9226,2,5,5,2
156.871,0.9222,2,5,5,2
156.905,0.9218,2,5,5,2
156.940,0.9215,2,5,5,2
156.973,0.9215,2,5,5,2
157.006,0.9214,2,5,5,2
157.042,0.9212,2,5,5,2
157.068,0.9212,2,5,5,2
157.110,0.9210,2,5,5,2
157.142,0.9207,2,5,5,2
157.175,0.9206,2,5,5,2
157.208,0.9202,2,5,5,2
157.236,0.9197,2,5,5,2
157.273,0.9194,0,0,0,0
157.308,0.9188,0,0,0,0
157.336,0.9185,0,0,0,0
157.371,0.9178,0,0,0,0
157.404,0.9171,0,0,0,0
157.439,0.9165,0,0,0,0
157.472,0.9162,0,0,0,0
157.506,0.9156,0,0,0,0
157.540,0.9145,0,0,0,0
157.568,0.9139,0,0,0,0
157.606,0.9125,0,0,0,0
157.640,0.9111,0,0,0,0
157.669,0.9104,0,0,0,0
157.705,0.9091,0,0,0,0
157.739,0.9078,0,0,0,0
157.774,0.9072,0,0,0,0
157.806,0.9062,0,0,0,0
157.840,0.9053,0,0,0,0
157.876,0.9049,0,0,0,0
157.902,0.9042,0,0,0,0
157.937,0.9037,0,0,0,0
157.972,0.9035,0,0,0,0
158.005,0.9033,0,0,0,0
158.039,0.9032,0,0,0,0
158.074,0.9032,0,0,0,0
158.108,0.9033,0,0,0,0
158.136,0.9035,0,0,0,0
158.170,0.9039,0,0,0,0
158.206,0.9044,0,0,0,0
158.240,0.9051,0,0,0,0
158.275,0.9054,0,0,0,0
158.304,0.9063,0,0,0,0
158.335,0.9067,0,0,0,0
158.368,0.9077,0,0,0,0
158.402,0.9089,0,0,0,0
158.437,0.9101,0,0,0,0
158.469,0.9108,0,0,0,0
158.503,0.9122,0,0,0,0
158.539,0.9137,2,5,5,2
158.575,0.9145,2,5,5,2
158.602,0.9162,2,5,5,2
158.637,0.9180,2,5,5,2
158.670,0.9189,2,5,5,2
158.705,0.9208,2,5,5,2
158.741,0.9228,2,5,5,2
158.772,0.9238,2,5,5,2
158.807,0.9259,2,5,5,2
158.842,0.9281,2,5,5,2
158.868,0.9292,2,5,5,2
158.901,0.9314,2,5,5,2
158.936,0.9337,2,5,5,2
158.971,0.9348,2,5,5,2
159.006,0.9371,2,5,5,2
159.035,0.9383,2,5,5,2
159.073,0.9406,2,5,5,2
159.106,0.9429,2,5,5,2
159.140,0.9452,2,5,5,2
159.174,0.9464,2,5,5,2
159.205,0.9487,2,5,5,2
159.241,0.9509,2,5,5,2
159.280,0.9532,2,5,5,2
159.307,0.9543,2,5,5,2
159.342,0.9565,2,5,5,2
159.371,0.9576,2,5,5,2
159.407,0.9598,2,5,5,2
159.436,0.9619,2,5,5,2
159.472,0.9629,2,5,5,2
159.503,0.9649,2,5,5,2
159.541,0.9669,2,5,5,2
159.572,0.9679,2,5,5,2
