time,halfW01,d0,d1,d2,d3
2.967,0.9279,2,5,5,2
0.333,0.9425,2,5,5,2
0.352,0.9425,2,5,5,2
0.389,0.9441,2,5,5,2
0.420,0.9457,2,5,5,2
0.456,0.9473,2,5,5,2
0.489,0.9480,2,5,5,2
0.523,0.9495,2,5,5,2
0.554,0.9510,2,5,5,2
0.586,0.9518,2,5,5,2
0.619,0.9533,2,5,5,2
0.657,0.9547,2,5,5,2
0.691,0.9554,2,5,5,2
0.725,0.9568,2,5,5,2
0.757,0.9582,2,5,5,2
0.786,0.9589,2,5,5,2
0.820,0.9603,2,5,5,2
0.854,0.9617,2,5,5,2
0.890,0.9624,2,5,5,2
0.920,0.9637,2,5,5,2
0.956,0.9650,2,5,5,2
0.987,0.9657,2,5,5,2
1.022,0.9669,2,5,5,2
1.054,0.9682,2,5,5,2
1.088,0.9688,2,5,5,2
1.123,0.9701,2,5,5,2
1.151,0.9707,2,5,5,2
1.186,0.9719,2,5,5,2
1.222,0.9731,2,5,5,2
1.254,0.9743,2,5,5,2
1.289,0.9749,2,5,5,2
1.321,0.9761,2,5,5,2
1.357,0.9772,2,5,5,2
1.394,0.9784,2,5,5,2
1.423,0.9789,2,5,5,2
1.453,0.9800,2,5,5,2
1.490,0.9806,2,5,5,2
1.521,0.9817,2,5,5,2
1.552,0.9822,0,0,0,0
1.588,0.9833,0,0,0,0
1.623,0.9843,0,0,0,0
1.654,0.9853,0,0,0,0
1.688,0.9859,0,0,0,0
1.723,0.9869,0,0,0,0
1.757,0.9878,0,0,0,0
1.787,0.9883,0,0,0,0
1.822,0.9893,0,0,0,0
1.856,0.9902,0,0,0,0
1.887,0.9907,0,0,0,0
1.921,0.9916,0,0,0,0
1.956,0.9925,0,0,0,0
1.987,0.9930,0,0,0,0
2.022,0.9938,0,0,0,0
2.057,0.9947,0,0,0,0
2.087,0.9951,0,0,0,0
2.123,0.9959,0,0,0,0
2.156,0.9968,0,0,0,0
2.186,0.9972,0,0,0,0
2.221,0.9980,0,0,0,0
2.255,0.9988,0,0,0,0
2.292,0.9992,0,0,0,0
2.322,0.9999,0,0,0,0
2.358,1.0000,0,0,0,0
2.388,1.0000,0,0,0,0
2.422,1.0000,0,0,0,0
2.456,1.0000,0,0,0,0
2.488,1.0000,0,0,0,0
2.522,1.0000,0,0,0,0
2.553,1.0000,0,0,0,0
2.590,1.0000,0,0,0,0
2.623,1.0000,0,0,0,0
2.656,1.0000,0,0,0,0
2.691,1.0000,0,0,0,0
2.719,1.0000,0,0,0,0
2.757,1.0000,0,0,0,0
2.788,1.0000,0,0,0,0
2.822,1.0000,0,0,0,0
2.857,1.0000,0,0,0,0
2.889,1.0000,0,0,0,0
2.923,1.0000,0,0,0,0
2.957,1.0000,0,0,0,0
2.989,1.0000,0,0,0,0
3.020,1.0000,0,0,0,0
3.054,1.0000,0,0,0,0
3.089,1.0000,0,0,0,0
3.123,1.0000,0,0,0,0
3.157,1.0000,0,0,0,0
3.188,1.0000,0,0,0,0
3.215,1.0000,0,0,0,0
3.255,1.0000,0,0,0,0
3.287,1.0000,0,0,0,0
3.320,1.0000,0,0,0,0
3.355,1.0000,0,0,0,0
3.390,1.0000,0,0,0,0
3.421,1.0000,0,0,0,0
3.455,1.0000,0,0,0,0
3.491,1.0000,0,0,0,0
3.523,1.0000,0,0,0,0
3.552,1.0000,0,0,0,0
3.593,1.0000,0,0,0,0
3.622,1.0000,0,0,0,0
3.654,1.0000,0,0,0,0
3.689,1.0000,0,0,0,0
3.720,1.0000,0,0,0,0
3.756,1.0000,0,0,0,0
3.791,1.0000,0,0,0,0
3.820,1.0000,0,0,0,0
3.855,1.0000,0,0,0,0
3.889,1.0000,0,0,0,0
3.921,1.0000,0,0,0,0
3.956,1.0000,0,0,0,0
3.990,1.0000,0,0,0,0
4.021,1.0000,0,0,0,0
4.054,1.0000,0,0,0,0
4.087,1.0000,0,0,0,0
4.121,1.0000,0,0,0,0
4.157,1.0000,0,0,0,0
4.178,1.0000,0,0,0,0
4.221,1.0000,0,0,0,0
4.256,1.0000,0,0,0,0
4.287,1.0000,0,0,0,0
4.321,1.0000,0,0,0,0
4.357,1.0000,0,0,0,0
4.387,1.0000,0,0,0,0
4.422,1.0000,0,0,0,0
4.457,1.0000,0,0,0,0
4.491,1.0000,0,0,0,0
4.523,1.0000,0,0,0,0
4.556,1.0000,0,0,0,0
4.590,1.0000,0,0,0,0
4.624,1.0000,0,0,0,0
4.657,1.0000,0,0,0,0
4.686,1.0000,0,0,0,0
4.725,1.0000,0,0,0,0
4.758,1.0000,0,0,0,0
4.788,1.0000,0,0,0,0
4.821,1.0000,0,0,0,0
4.855,1.0000,0,0,0,0
4.888,1.0000,0,0,0,0
4.923,1.0000,0,0,0,0
4.958,1.0000,0,0,0,0
4.989,1.0000,0,0,0,0
5.024,1.0000,0,0,0,0
5.053,1.0000,0,0,0,0
5.087,1.0000,0,0,0,0
5.118,1.0000,0,0,0,0
5.148,1.0000,0,0,0,0
5.191,1.0000,0,0,0,0
5.222,1.0000,0,0,0,0
5.255,1.0000,0,0,0,0
5.290,1.0000,0,0,0,0
5.321,1.0000,0,0,0,0
5.357,1.0000,0,0,0,0
5.386,1.0000,0,0,0,0
5.424,1.0000,0,0,0,0
5.453,1.0000,0,0,0,0
5.490,1.0000,0,0,0,0
5.524,1.0000,0,0,0,0
5.554,1.0000,0,0,0,0
5.586,1.0000,0,0,0,0
5.619,1.0000,0,0,0,0
5.654,1.0000,0,0,0,0
5.686,1.0000,0,0,0,0
5.724,1.0000,0,0,0,0
5.757,1.0000,0,0,0,0
5.787,1.0000,0,0,0,0
5.821,1.0000,0,0,0,0
5.857,1.0000,0,0,0,0
5.890,1.0000,0,0,0,0
5.924,1.0000,0,0,0,0
5.955,1.0000,0,0,0,0
5.990,1.0000,0,0,0,0
6.024,1.0000,0,0,0,0
6.053,1.0000,0,0,0,0
6.091,1.0000,0,0,0,0
6.121,1.0000,0,0,0,0
6.157,1.0000,0,0,0,0
6.181,1.0000,0,0,0,0
6.221,1.0000,0,0,0,0
6.256,1.0000,0,0,0,0
6.286,1.0000,0,0,0,0
6.323,1.0000,0,0,0,0
6.356,1.0000,0,0,0,0
6.390,1.0000,0,0,0,0
6.422,1.0000,0,0,0,0
6.454,1.0000,0,0,0,0
6.488,1.0000,0,0,0,0
6.521,1.0000,0,0,0,0
6.554,1.0000,0,0,0,0
6.588,1.0000,0,0,0,0
6.623,1.0000,0,0,0,0
6.655,1.0000,0,0,0,0
6.686,1.0000,0,0,0,0
6.721,1.0000,0,0,0,0
6.757,1.0000,0,0,0,0
6.790,1.0000,0,0,0,0
6.823,1.0000,0,0,0,0
6.854,1.0000,0,0,0,0
6.890,1.0000,0,0,0,0
6.923,1.0000,0,0,0,0
6.954,1.0000,0,0,0,0
6.990,1.0000,0,0,0,0
7.019,1.0000,0,0,0,0
7.052,1.0000,0,0,0,0
7.089,1.0000,0,0,0,0
7.124,1.0000,0,0,0,0
7.156,1.0000,0,0,0,0
7.187,1.0000,0,0,0,0
7.221,1.0000,0,0,0,0
7.255,1.0000,0,0,0,0
7.290,1.0000,0,0,0,0
7.323,1.0000,0,0,0,0
7.356,1.0000,0,0,0,0
7.386,1.0000,0,0,0,0
7.421,1.0000,0,0,0,0
7.457,1.0000,0,0,0,0
7.488,1.0000,0,0,0,0
7.522,1.0000,0,0,0,0
7.556,0.9984,2,5,5,2
7.590,0.9902,2,5,5,2
7.621,0.9811,2,5,5,2
7.653,0.9699,2,5,5,2
7.690,0.9549,2,5,5,2
7.721,0.9440,2,5,5,2
7.755,0.9558,2,5,5,2
7.787,0.9614,2,5,5,2
7.823,0.9660,2,5,5,2
7.856,0.9662,2,5,5,2
7.886,0.9661,2,5,5,2
7.922,0.9661,2,5,5,2
7.953,0.9660,2,5,5,2
7.991,0.9660,2,5,5,2
8.024,0.9659,2,5,5,2
8.055,0.9658,2,5,5,2
8.089,0.9658,2,5,5,2
8.121,0.9657,2,5,5,2
8.158,0.9657,2,5,5,2
8.191,0.9656,2,5,5,2
8.223,0.9656,2,5,5,2
8.253,0.9655,2,5,5,2
8.290,0.9654,2,5,5,2
8.324,0.9653,2,5,5,2
8.354,0.9652,2,5,5,2
8.390,0.9652,2,5,5,2
8.423,0.9651,2,5,5,2
8.457,0.9632,2,5,5,2
8.488,0.9611,2,5,5,2
8.521,0.9580,2,5,5,2
8.553,0.9542,2,5,5,2
8.590,0.9503,2,5,5,2
8.623,0.9502,2,5,5,2
8.656,0.9501,2,5,5,2
8.690,0.9500,2,5,5,2
8.720,0.9499,2,5,5,2
8.756,0.9498,2,5,5,2
8.788,0.9497,2,5,5,2
8.821,0.9496,2,5,5,2
8.856,0.9465,2,5,5,2
8.886,0.9434,2,5,5,2
8.923,0.9588,2,5,5,2
8.957,0.9761,2,5,5,2
8.986,0.9890,2,5,5,2
9.022,1.0000,2,5,5,2
9.055,1.0000,2,5,5,2
9.091,1.0000,2,5,5,2
9.123,1.0000,2,5,5,2
9.156,1.0000,2,5,5,2
9.189,1.0000,2,5,5,2
9.223,1.0000,2,5,5,2
9.256,1.0000,2,5,5,2
9.289,1.0000,2,5,5,2
9.322,1.0000,2,5,5,2
9.354,1.0000,2,5,5,2
9.387,1.0000,2,5,5,2
9.420,1.0000,2,5,5,2
9.455,1.0000,2,5,5,2
9.488,1.0000,2,5,5,2
9.524,1.0000,2,5,5,2
9.556,0.9987,2,5,5,2
9.587,0.9863,2,5,5,2
9.621,0.9706,2,5,5,2
9.656,0.9517,2,5,5,2
9.691,0.9489,2,5,5,2
9.725,0.9481,2,5,5,2
9.756,0.9476,2,5,5,2
9.788,0.9471,2,5,5,2
9.825,0.9471,2,5,5,2
9.859,0.9470,2,5,5,2
9.894,0.9470,2,5,5,2
9.922,0.9469,2,5,5,2
9.956,0.9469,2,5,5,2
9.989,0.9469,2,5,5,2
10.023,0.9468,2,5,5,2
10.057,0.9467,2,5,5,2
10.088,0.9467,2,5,5,2
10.116,0.9467,2,5,5,2
10.154,0.9466,2,5,5,2
10.190,0.9466,2,5,5,2
10.223,0.9466,2,5,5,2
10.255,0.9465,2,5,5,2
10.289,0.9465,2,5,5,2
10.320,0.9464,2,5,5,2
10.356,0.9464,2,5,5,2
10.391,0.9464,2,5,5,2
10.422,0.9463,2,5,5,2
10.454,0.9463,2,5,5,2
10.488,0.9470,2,5,5,2
10.521,0.9469,2,5,5,2
10.554,0.9469,2,5,5,2
10.590,0.9469,2,5,5,2
10.624,0.9468,2,5,5,2
10.654,0.9468,2,5,5,2
10.690,0.9468,2,5,5,2
10.724,0.9467,0,0,0,0
10.752,0.9467,0,0,0,0
10.788,0.9467,0,0,0,0
10.822,0.9467,0,0,0,0
10.856,0.9466,0,0,0,0
10.889,0.9466,0,0,0,0
10.924,0.9466,0,0,0,0
10.953,0.9466,0,0,0,0
10.990,0.9465,0,0,0,0
11.022,0.9465,0,0,0,0
11.058,0.9465,0,0,0,0
11.091,0.9465,0,0,0,0
11.120,0.9464,0,0,0,0
11.156,0.9464,0,0,0,0
11.186,0.9464,0,0,0,0
11.223,0.9464,0,0,0,0
11.257,0.9464,0,0,0,0
11.289,0.9464,0,0,0,0
11.324,0.9469,0,0,0,0
11.357,0.9477,0,0,0,0
11.386,0.9479,0,0,0,0
11.422,0.9570,2,5,5,2
11.453,0.9677,2,5,5,2
11.489,0.9798,2,5,5,2
11.523,0.9900,2,5,5,2
11.556,0.9981,2,5,5,2
11.586,1.0000,2,5,5,2
11.623,1.0000,2,5,5,2
11.654,1.0000,2,5,5,2
11.691,1.0000,2,5,5,2
11.723,1.0000,2,5,5,2
11.757,1.0000,2,5,5,2
11.786,1.0000,2,5,5,2
11.820,1.0000,2,5,5,2
11.855,1.0000,2,5,5,2
11.888,1.0000,2,5,5,2
11.922,1.0000,2,5,5,2
11.955,1.0000,2,5,5,2
11.987,1.0000,2,5,5,2
12.019,1.0000,2,5,5,2
12.056,1.0000,2,5,5,2
12.088,1.0000,2,5,5,2
12.121,1.0000,2,5,5,2
12.153,1.0000,2,5,5,2
12.190,1.0000,2,5,5,2
12.220,1.0000,2,5,5,2
12.255,1.0000,2,5,5,2
12.289,1.0000,2,5,5,2
12.322,1.0000,2,5,5,2
12.357,1.0000,2,5,5,2
12.388,1.0000,2,5,5,2
12.424,1.0000,2,5,5,2
12.457,1.0000,2,5,5,2
12.486,1.0000,2,5,5,2
12.525,1.0000,2,5,5,2
12.553,1.0000,2,5,5,2
12.591,1.0000,0,0,0,0
12.623,1.0000,0,0,0,0
12.654,1.0000,0,0,0,0
12.690,1.0000,0,0,0,0
12.721,1.0000,0,0,0,0
12.756,1.0000,0,0,0,0
12.788,1.0000,0,0,0,0
12.821,1.0000,0,0,0,0
12.856,1.0000,0,0,0,0
12.889,1.0000,0,0,0,0
12.922,1.0000,0,0,0,0
12.956,1.0000,0,0,0,0
12.989,1.0000,0,0,0,0
13.023,1.0000,0,0,0,0
13.055,1.0000,0,0,0,0
13.086,1.0000,0,0,0,0
13.122,1.0000,0,0,0,0
13.158,1.0000,0,0,0,0
13.188,1.0000,0,0,0,0
13.223,1.0000,0,0,0,0
13.254,1.0000,0,0,0,0
13.289,1.0000,0,0,0,0
13.322,1.0000,0,0,0,0
13.353,1.0000,0,0,0,0
13.391,0.9989,0,0,0,0
13.424,0.9989,0,0,0,0
13.457,0.9990,0,0,0,0
13.488,0.9990,0,0,0,0
13.522,0.9990,0,0,0,0
13.556,0.9991,0,0,0,0
13.584,0.9991,0,0,0,0
13.623,0.9991,0,0,0,0
13.654,0.9992,0,0,0,0
13.687,0.9992,0,0,0,0
13.721,0.9992,0,0,0,0
13.753,0.9993,0,0,0,0
13.786,0.9993,0,0,0,0
13.823,0.9993,0,0,0,0
13.856,0.9994,0,0,0,0
13.890,0.9994,0,0,0,0
13.923,0.9995,0,0,0,0
13.955,0.9995,0,0,0,0
13.987,0.9995,0,0,0,0
14.024,0.9996,0,0,0,0
14.057,0.9996,0,0,0,0
14.089,0.9996,0,0,0,0
14.121,0.9997,0,0,0,0
14.156,0.9997,0,0,0,0
14.190,0.9997,0,0,0,0
14.224,0.9998,0,0,0,0
14.256,0.9998,0,0,0,0
14.286,0.9998,0,0,0,0
14.321,0.9999,0,0,0,0
14.355,0.9999,0,0,0,0
14.387,0.9999,0,0,0,0
14.423,1.0000,0,0,0,0
14.453,1.0000,0,0,0,0
14.490,1.0000,0,0,0,0
14.522,1.0000,0,0,0,0
14.553,1.0000,0,0,0,0
14.590,1.0000,0,0,0,0
14.621,1.0000,0,0,0,0
14.658,1.0000,0,0,0,0
14.687,1.0000,0,0,0,0
14.723,1.0000,0,0,0,0
14.753,1.0000,0,0,0,0
14.789,1.0000,0,0,0,0
14.822,1.0000,0,0,0,0
14.853,1.0000,0,0,0,0
14.889,1.0000,0,0,0,0
14.923,1.0000,0,0,0,0
14.956,1.0000,0,0,0,0
14.988,0.9999,0,0,0,0
15.017,0.9993,0,0,0,0
15.053,0.9986,0,0,0,0
15.087,0.9978,0,0,0,0
15.123,0.9972,0,0,0,0
15.154,0.9971,0,0,0,0
15.189,0.9971,0,0,0,0
15.221,0.9971,0,0,0,0
15.258,0.9972,0,0,0,0
15.286,0.9972,0,0,0,0
15.325,0.9972,0,0,0,0
15.354,0.9973,0,0,0,0
15.391,0.9973,0,0,0,0
15.424,0.9973,0,0,0,0
15.453,0.9973,0,0,0,0
15.489,0.9974,0,0,0,0
15.523,0.9974,0,0,0,0
15.558,0.9974,0,0,0,0
15.587,0.9975,0,0,0,0
15.624,0.9993,2,5,5,2
15.657,1.0000,2,5,5,2
15.691,1.0000,2,5,5,2
15.721,1.0000,2,5,5,2
15.751,1.0000,2,5,5,2
15.791,1.0000,2,5,5,2
15.823,1.0000,2,5,5,2
15.855,1.0000,2,5,5,2
15.887,1.0000,2,5,5,2
15.920,1.0000,2,5,5,2
15.956,1.0000,2,5,5,2
15.987,1.0000,2,5,5,2
16.023,1.0000,2,5,5,2
16.058,1.0000,2,5,5,2
16.087,1.0000,2,5,5,2
16.120,1.0000,2,5,5,2
16.158,1.0000,2,5,5,2
16.187,1.0000,2,5,5,2
16.220,1.0000,2,5,5,2
16.255,1.0000,2,5,5,2
16.290,1.0000,2,5,5,2
16.323,1.0000,2,5,5,2
16.353,1.0000,2,5,5,2
16.388,1.0000,2,5,5,2
16.421,1.0000,2,5,5,2
16.453,1.0000,2,5,5,2
16.490,1.0000,2,5,5,2
16.520,1.0000,2,5,5,2
16.554,1.0000,2,5,5,2
16.590,1.0000,2,5,5,2
16.620,1.0000,2,5,5,2
16.657,1.0000,0,0,0,0
16.691,1.0000,0,0,0,0
16.722,1.0000,0,0,0,0
16.756,1.0000,0,0,0,0
16.787,1.0000,0,0,0,0
16.824,1.0000,0,0,0,0
16.854,1.0000,0,0,0,0
16.888,1.0000,0,0,0,0
16.921,1.0000,0,0,0,0
16.955,1.0000,0,0,0,0
16.988,1.0000,0,0,0,0
17.023,1.0000,0,0,0,0
17.056,1.0000,0,0,0,0
17.091,1.0000,0,0,0,0
17.122,1.0000,0,0,0,0
17.154,1.0000,0,0,0,0
17.186,1.0000,0,0,0,0
17.221,1.0000,0,0,0,0
17.257,1.0000,0,0,0,0
17.288,1.0000,0,0,0,0
17.325,1.0000,0,0,0,0
17.357,1.0000,0,0,0,0
17.390,1.0000,0,0,0,0
17.420,1.0000,0,0,0,0
17.457,1.0000,0,0,0,0
17.491,1.0000,0,0,0,0
17.522,1.0000,0,0,0,0
17.555,1.0000,0,0,0,0
17.589,1.0000,0,0,0,0
17.622,1.0000,0,0,0,0
17.656,1.0000,0,0,0,0
17.690,1.0000,0,0,0,0
17.722,1.0000,0,0,0,0
17.754,1.0000,0,0,0,0
17.790,1.0000,0,0,0,0
17.823,1.0000,0,0,0,0
17.857,1.0000,0,0,0,0
17.889,1.0000,0,0,0,0
17.921,1.0000,0,0,0,0
17.963,1.0000,0,0,0,0
17.986,1.0000,0,0,0,0
18.024,1.0000,0,0,0,0
18.057,1.0000,0,0,0,0
18.087,1.0000,0,0,0,0
18.123,1.0000,0,0,0,0
18.157,1.0000,0,0,0,0
18.190,1.0000,0,0,0,0
18.221,1.0000,0,0,0,0
18.255,1.0000,0,0,0,0
18.290,1.0000,0,0,0,0
18.322,1.0000,0,0,0,0
18.355,1.0000,0,0,0,0
18.390,1.0000,0,0,0,0
18.421,1.0000,0,0,0,0
18.453,1.0000,0,0,0,0
18.486,1.0000,0,0,0,0
18.525,1.0000,0,0,0,0
18.556,1.0000,0,0,0,0
18.586,1.0000,0,0,0,0
18.619,1.0000,0,0,0,0
18.653,1.0000,0,0,0,0
18.688,1.0000,0,0,0,0
18.723,1.0000,0,0,0,0
18.750,1.0000,0,0,0,0
18.788,1.0000,0,0,0,0
18.820,1.0000,0,0,0,0
18.856,1.0000,0,0,0,0
18.889,1.0000,0,0,0,0
18.924,1.0000,0,0,0,0
18.957,1.0000,0,0,0,0
18.990,1.0000,0,0,0,0
19.024,1.0000,0,0,0,0
19.057,1.0000,0,0,0,0
19.089,1.0000,0,0,0,0
19.120,1.0000,0,0,0,0
19.155,1.0000,0,0,0,0
19.190,1.0000,0,0,0,0
19.223,1.0000,0,0,0,0
19.256,1.0000,0,0,0,0
19.291,1.0000,0,0,0,0
19.324,1.0000,0,0,0,0
19.358,1.0000,0,0,0,0
19.386,1.0000,0,0,0,0
19.421,1.0000,0,0,0,0
19.457,1.0000,0,0,0,0
19.491,1.0000,0,0,0,0
19.519,1.0000,0,0,0,0
19.555,1.0000,0,0,0,0
19.590,1.0000,0,0,0,0
19.621,1.0000,0,0,0,0
19.656,1.0000,0,0,0,0
19.689,1.0000,0,0,0,0
19.723,1.0000,0,0,0,0
19.755,1.0000,0,0,0,0
19.790,1.0000,0,0,0,0
19.821,1.0000,0,0,0,0
19.855,1.0000,0,0,0,0
19.890,1.0000,0,0,0,0
19.923,1.0000,0,0,0,0
19.957,1.0000,0,0,0,0
19.987,1.0000,0,0,0,0
20.023,1.0000,0,0,0,0
20.056,1.0000,0,0,0,0
20.088,1.0000,0,0,0,0
20.123,1.0000,0,0,0,0
20.155,1.0000,0,0,0,0
20.190,1.0000,0,0,0,0
20.222,1.0000,0,0,0,0
20.256,1.0000,0,0,0,0
20.291,1.0000,0,0,0,0
20.324,1.0000,0,0,0,0
20.356,1.0000,0,0,0,0
20.389,1.0000,0,0,0,0
20.422,1.0000,0,0,0,0
20.457,1.0000,0,0,0,0
20.490,1.0000,0,0,0,0
20.523,1.0000,0,0,0,0
20.555,1.0000,0,0,0,0
20.587,1.0000,0,0,0,0
20.624,1.0000,0,0,0,0
20.654,1.0000,0,0,0,0
20.687,1.0000,0,0,0,0
20.720,1.0000,0,0,0,0
20.754,1.0000,0,0,0,0
20.790,1.0000,0,0,0,0
20.823,1.0000,0,0,0,0
20.859,1.0000,0,0,0,0
20.891,1.0000,0,0,0,0
20.921,1.0000,0,0,0,0
20.956,1.0000,0,0,0,0
20.986,1.0000,0,0,0,0
21.015,1.0000,0,0,0,0
21.057,1.0000,0,0,0,0
21.090,1.0000,0,0,0,0
21.124,1.0000,0,0,0,0
21.156,1.0000,0,0,0,0
21.188,1.0000,0,0,0,0
21.224,1.0000,0,0,0,0
21.255,1.0000,0,0,0,0
21.286,1.0000,0,0,0,0
21.325,1.0000,0,0,0,0
21.358,1.0000,0,0,0,0
21.391,1.0000,0,0,0,0
21.413,1.0000,0,0,0,0
21.453,1.0000,0,0,0,0
21.491,1.0000,0,0,0,0
21.521,1.0000,0,0,0,0
21.555,1.0000,0,0,0,0
21.589,1.0000,0,0,0,0
21.622,1.0000,0,0,0,0
21.657,1.0000,0,0,0,0
21.687,1.0000,0,0,0,0
21.722,1.0000,0,0,0,0
21.757,1.0000,0,0,0,0
21.788,1.0000,0,0,0,0
21.824,1.0000,0,0,0,0
21.856,1.0000,0,0,0,0
21.891,1.0000,0,0,0,0
21.921,1.0000,0,0,0,0
21.955,1.0000,0,0,0,0
21.990,1.0000,0,0,0,0
22.024,1.0000,0,0,0,0
22.055,1.0000,0,0,0,0
22.091,1.0000,0,0,0,0
22.123,1.0000,0,0,0,0
22.155,1.0000,0,0,0,0
22.189,1.0000,0,0,0,0
22.221,1.0000,0,0,0,0
22.257,1.0000,0,0,0,0
22.291,1.0000,0,0,0,0
22.323,1.0000,0,0,0,0
22.354,1.0000,0,0,0,0
22.390,1.0000,0,0,0,0
22.423,1.0000,0,0,0,0
22.457,1.0000,0,0,0,0
22.489,1.0000,0,0,0,0
22.523,1.0000,0,0,0,0
22.554,1.0000,0,0,0,0
22.589,1.0000,0,0,0,0
22.622,1.0000,0,0,0,0
22.655,1.0000,0,0,0,0
22.692,1.0000,0,0,0,0
22.724,1.0000,0,0,0,0
22.757,0.9982,2,5,5,2
22.787,0.9967,2,5,5,2
22.820,0.9952,2,5,5,2
22.853,0.9950,2,5,5,2
22.889,0.9954,2,5,5,2
22.922,0.9951,2,5,5,2
22.955,0.9937,2,5,5,2
22.987,0.9932,2,5,5,2
23.029,0.9930,2,5,5,2
23.057,0.9930,2,5,5,2
23.090,0.9925,2,5,5,2
23.121,0.9922,2,5,5,2
23.153,0.9923,2,5,5,2
23.189,0.9924,2,5,5,2
23.220,0.9916,2,5,5,2
23.256,0.9918,2,5,5,2
23.290,0.9921,2,5,5,2
23.323,0.9916,2,5,5,2
23.358,0.9913,2,5,5,2
23.388,0.9915,2,5,5,2
23.421,0.9922,2,5,5,2
23.456,0.9916,2,5,5,2
23.491,0.9915,2,5,5,2
23.519,0.9917,2,5,5,2
23.556,0.9918,2,5,5,2
23.591,0.9912,2,5,5,2
23.620,0.9909,2,5,5,2
23.651,0.9911,2,5,5,2
23.695,0.9917,2,5,5,2
23.725,0.9912,2,5,5,2
23.755,0.9910,2,5,5,2
23.791,0.9912,2,5,5,2
23.821,0.9914,0,0,0,0
23.857,0.9905,0,0,0,0
23.891,0.9905,0,0,0,0
23.923,0.9910,0,0,0,0
23.954,0.9914,0,0,0,0
23.988,0.9910,0,0,0,0
24.024,0.9896,0,0,0,0
24.053,0.9887,0,0,0,0
24.089,0.9862,2,5,5,2
24.124,0.9843,2,5,5,2
24.157,0.9814,2,5,5,2
24.190,0.9797,2,5,5,2
24.221,0.9760,2,5,5,2
24.257,0.9729,2,5,5,2
24.290,0.9715,2,5,5,2
24.321,0.9683,2,5,5,2
24.364,0.9655,2,5,5,2
24.386,0.9650,2,5,5,2
24.424,0.9653,2,5,5,2
24.457,0.9660,2,5,5,2
24.491,0.9664,2,5,5,2
24.523,0.9680,2,5,5,2
24.554,0.9702,2,5,5,2
24.587,0.9715,2,5,5,2
24.620,0.9742,2,5,5,2
24.656,0.9770,2,5,5,2
24.687,0.9785,2,5,5,2
24.725,0.9813,2,5,5,2
24.755,0.9841,2,5,5,2
24.786,0.9855,2,5,5,2
24.824,0.9881,2,5,5,2
24.857,0.9906,2,5,5,2
24.889,0.9918,2,5,5,2
24.921,0.9941,2,5,5,2
24.954,0.9963,2,5,5,2
24.986,0.9974,2,5,5,2
25.029,0.9993,2,5,5,2
25.056,1.0000,2,5,5,2
25.089,1.0000,2,5,5,2
25.120,1.0000,2,5,5,2
25.159,1.0000,2,5,5,2
25.187,1.0000,2,5,5,2
25.221,1.0000,2,5,5,2
25.254,1.0000,2,5,5,2
25.290,1.0000,2,5,5,2
25.321,1.0000,2,5,5,2
25.354,1.0000,2,5,5,2
25.391,1.0000,2,5,5,2
25.425,1.0000,2,5,5,2
25.455,1.0000,2,5,5,2
25.488,1.0000,2,5,5,2
25.523,1.0000,2,5,5,2
25.557,1.0000,2,5,5,2
25.589,1.0000,2,5,5,2
25.623,1.0000,2,5,5,2
25.655,1.0000,2,5,5,2
25.687,1.0000,2,5,5,2
25.720,1.0000,2,5,5,2
25.758,1.0000,2,5,5,2
25.790,1.0000,2,5,5,2
25.824,1.0000,2,5,5,2
25.856,1.0000,2,5,5,2
25.889,1.0000,2,5,5,2
25.923,1.0000,2,5,5,2
25.957,1.0000,2,5,5,2
25.990,1.0000,2,5,5,2
26.023,1.0000,2,5,5,2
26.056,1.0000,0,0,0,0
26.087,1.0000,0,0,0,0
26.121,1.0000,0,0,0,0
26.156,1.0000,0,0,0,0
26.190,1.0000,0,0,0,0
26.223,1.0000,0,0,0,0
26.254,1.0000,0,0,0,0
26.289,1.0000,0,0,0,0
26.321,1.0000,0,0,0,0
26.355,1.0000,0,0,0,0
26.386,1.0000,0,0,0,0
26.423,1.0000,0,0,0,0
26.454,1.0000,0,0,0,0
26.490,1.0000,0,0,0,0
26.520,1.0000,0,0,0,0
26.557,1.0000,0,0,0,0
26.591,1.0000,0,0,0,0
26.620,1.0000,0,0,0,0
26.654,1.0000,0,0,0,0
26.691,1.0000,0,0,0,0
26.724,1.0000,0,0,0,0
26.756,1.0000,0,0,0,0
26.791,1.0000,0,0,0,0
26.820,1.0000,0,0,0,0
26.855,1.0000,0,0,0,0
26.890,1.0000,0,0,0,0
26.921,1.0000,0,0,0,0
26.955,1.0000,0,0,0,0
26.991,1.0000,0,0,0,0
27.020,1.0000,0,0,0,0
27.057,1.0000,0,0,0,0
27.088,1.0000,0,0,0,0
27.115,1.0000,0,0,0,0
27.156,1.0000,0,0,0,0
27.187,1.0000,0,0,0,0
27.221,1.0000,0,0,0,0
27.255,1.0000,0,0,0,0
27.287,1.0000,0,0,0,0
27.322,1.0000,0,0,0,0
27.354,1.0000,0,0,0,0
27.388,1.0000,0,0,0,0
27.423,1.0000,0,0,0,0
27.454,1.0000,0,0,0,0
27.488,1.0000,0,0,0,0
27.520,1.0000,0,0,0,0
27.556,1.0000,0,0,0,0
27.588,1.0000,0,0,0,0
27.621,1.0000,0,0,0,0
27.655,1.0000,0,0,0,0
27.687,1.0000,0,0,0,0
27.723,1.0000,0,0,0,0
27.757,1.0000,0,0,0,0
27.790,1.0000,0,0,0,0
27.818,1.0000,0,0,0,0
27.855,1.0000,0,0,0,0
27.889,1.0000,0,0,0,0
27.923,1.0000,0,0,0,0
27.955,1.0000,0,0,0,0
27.987,1.0000,0,0,0,0
28.023,1.0000,0,0,0,0
28.055,1.0000,0,0,0,0
28.086,1.0000,0,0,0,0
28.121,1.0000,0,0,0,0
28.157,1.0000,0,0,0,0
28.187,1.0000,0,0,0,0
28.220,1.0000,0,0,0,0
28.255,1.0000,0,0,0,0
28.286,1.0000,0,0,0,0
28.320,1.0000,0,0,0,0
28.353,1.0000,0,0,0,0
28.391,1.0000,0,0,0,0
28.422,1.0000,0,0,0,0
28.457,1.0000,0,0,0,0
28.490,1.0000,0,0,0,0
28.522,1.0000,0,0,0,0
28.545,1.0000,0,0,0,0
28.589,0.9966,2,5,5,2
28.621,0.9908,2,5,5,2
28.654,0.9845,2,5,5,2
28.691,0.9811,2,5,5,2
28.721,0.9738,2,5,5,2
28.754,0.9661,2,5,5,2
28.786,0.9621,2,5,5,2
28.821,0.9538,2,5,5,2
28.855,0.9450,2,5,5,2
28.889,0.9406,2,5,5,2
28.920,0.9313,2,5,5,2
28.954,0.9218,2,5,5,2
28.988,0.9170,2,5,5,2
29.024,0.9071,2,5,5,2
29.057,0.8974,2,5,5,2
29.090,0.8926,2,5,5,2
29.121,0.8833,2,5,5,2
29.154,0.8742,2,5,5,2
29.190,0.8697,2,5,5,2
29.223,0.8606,2,5,5,2
29.263,0.8515,2,5,5,2
29.286,0.8469,2,5,5,2
29.324,0.8376,2,5,5,2
29.357,0.8280,2,5,5,2
29.388,0.8232,2,5,5,2
29.420,0.8133,2,5,5,2
29.458,0.8032,2,5,5,2
29.486,0.7981,2,5,5,2
29.521,0.7876,1,6,6,1
29.554,0.7770,1,6,6,1
29.590,0.7716,1,6,6,1
29.623,0.7607,1,6,6,1
29.657,0.7496,1,6,6,1
29.689,0.7439,1,6,6,1
29.721,0.7326,1,6,6,1
29.757,0.7212,1,6,6,1
29.790,0.7153,1,6,6,1
29.821,0.7037,1,6,6,1
29.854,0.6920,1,6,6,1
29.890,0.6860,1,6,6,1
29.921,0.6743,1,6,6,1
29.952,0.6683,1,6,6,1
29.987,0.6564,1,6,6,1
30.020,0.6445,1,6,6,1
30.057,0.6326,1,6,6,1
30.089,0.6266,1,6,6,1
30.122,0.6147,1,6,6,1
30.157,0.6029,1,6,6,1
30.188,0.5970,1,6,6,1
30.222,0.5855,1,6,6,1
30.255,0.5741,1,6,6,1
30.290,0.5684,1,6,6,1
30.321,0.5569,1,6,6,1
30.354,0.5456,1,6,6,1
30.391,0.5401,1,6,6,1
30.424,0.5289,1,6,6,1
30.454,0.5178,0,7,7,0
30.489,0.5125,0,7,7,0
30.523,0.5012,0,7,7,0
30.555,0.4899,0,7,7,0
30.590,0.4843,0,7,7,0
30.621,0.4731,0,7,7,0
30.656,0.4622,0,7,7,0
30.686,0.4569,0,7,7,0
30.717,0.4467,0,7,7,0
30.756,0.4373,0,7,7,0
30.787,0.4329,0,7,7,0
30.822,0.4248,0,7,7,0
30.857,0.4176,0,7,7,0
30.888,0.4141,0,7,7,0
30.924,0.4078,0,7,7,0
30.956,0.4022,0,7,7,0
30.991,0.3998,0,7,7,0
31.021,0.3959,0,7,7,0
31.056,0.3934,0,7,7,0
31.086,0.3926,0,7,7,0
31.122,0.3909,0,7,7,0
31.157,0.3894,0,7,7,0
31.187,0.3888,0,7,7,0
31.224,0.3878,0,7,7,0
31.256,0.3871,0,7,7,0
31.289,0.3869,0,7,7,0
31.321,0.3865,0,7,7,0
31.354,0.3863,0,7,7,0
31.391,0.3862,0,7,7,0
31.425,0.3860,0,7,7,0
31.457,0.3858,0,7,7,0
31.488,0.3857,0,7,7,0
31.522,0.3855,0,7,7,0
31.554,0.3853,0,7,7,0
31.590,0.3852,0,7,7,0
31.621,0.3849,0,7,7,0
31.655,0.3846,0,7,7,0
31.686,0.3845,0,7,7,0
31.723,0.3842,0,7,7,0
31.754,0.3839,0,7,7,0
31.790,0.3837,0,7,7,0
31.823,0.3834,0,7,7,0
31.855,0.3831,0,7,7,0
31.886,0.3829,0,7,7,0
31.923,0.3826,0,7,7,0
31.957,0.3823,0,7,7,0
31.990,0.3822,0,7,7,0
32.019,0.3819,0,7,7,0
32.058,0.3816,0,7,7,0
32.088,0.3814,0,7,7,0
32.124,0.3811,0,0,0,0
32.154,0.3808,0,0,0,0
32.189,0.3807,0,0,0,0
32.221,0.3804,0,0,0,0
32.257,0.3802,0,0,0,0
32.278,0.3803,0,0,0,0
32.321,0.3809,0,0,0,0
32.357,0.3824,0,7,7,0
32.387,0.3837,0,7,7,0
32.421,0.3873,0,7,7,0
32.454,0.3922,0,7,7,0
32.488,0.3951,0,7,7,0
32.523,0.4017,0,7,7,0
32.554,0.4091,0,7,7,0
32.588,0.4129,0,7,7,0
32.622,0.4205,0,7,7,0
32.657,0.4277,0,7,7,0
32.687,0.4311,0,7,7,0
32.724,0.4371,0,7,7,0
32.757,0.4420,0,7,7,0
32.791,0.4440,0,7,7,0
32.824,0.4474,0,7,7,0
32.855,0.4498,0,7,7,0
32.890,0.4507,0,7,7,0
32.923,0.4521,0,7,7,0
32.958,0.4531,0,7,7,0
32.988,0.4536,0,7,7,0
33.015,0.4549,0,7,7,0
33.055,0.4568,0,7,7,0
33.088,0.4580,0,7,7,0
33.122,0.4614,0,7,7,0
33.157,0.4659,0,7,7,0
33.191,0.4685,0,7,7,0
33.222,0.4745,0,7,7,0
33.257,0.4811,0,7,7,0
33.292,0.4844,0,7,7,0
33.324,0.4907,0,7,7,0
33.358,0.4963,1,6,6,1
33.388,0.4988,1,6,6,1
33.420,0.5032,1,6,6,1
33.453,0.5051,1,6,6,1
33.491,0.5083,1,6,6,1
33.521,0.5107,1,6,6,1
33.554,0.5125,1,6,6,1
33.587,0.5132,1,6,6,1
33.620,0.5142,1,6,6,1
33.654,0.5149,1,6,6,1
33.692,0.5151,1,6,6,1
33.720,0.5153,1,6,6,1
33.753,0.5153,1,6,6,1
33.787,0.5153,1,6,6,1
33.823,0.5151,1,6,6,1
33.854,0.5149,1,6,6,1
33.890,0.5148,1,6,6,1
33.921,0.5146,1,6,6,1
33.956,0.5143,1,6,6,1
33.990,0.5142,1,6,6,1
34.022,0.5140,1,6,6,1
34.054,0.5137,1,6,6,1
34.089,0.5136,1,6,6,1
34.120,0.5134,1,6,6,1
34.156,0.5133,1,6,6,1
34.188,0.5132,1,6,6,1
34.222,0.5130,1,6,6,1
34.256,0.5128,1,6,6,1
34.288,0.5126,1,6,6,1
34.323,0.5119,1,6,6,1
34.357,0.5105,1,6,6,1
34.388,0.5096,1,6,6,1
34.423,0.5070,1,6,6,1
34.457,0.5035,1,6,6,1
34.486,0.5014,1,6,6,1
34.519,0.4964,1,6,6,1
34.549,0.4935,1,6,6,1
34.589,0.4870,0,7,7,0
34.620,0.4797,0,7,7,0
34.655,0.4718,0,7,7,0
34.691,0.4677,0,7,7,0
34.720,0.4592,0,7,7,0
34.757,0.4506,0,7,7,0
34.787,0.4462,0,7,7,0
34.823,0.4373,0,7,7,0
34.856,0.4278,0,7,7,0
34.890,0.4229,0,7,7,0
34.922,0.4127,0,7,7,0
34.954,0.4022,0,7,7,0
34.989,0.3969,0,7,7,0
35.020,0.3861,0,7,7,0
35.059,0.3753,0,7,7,0
35.087,0.3700,0,7,7,0
35.123,0.3591,0,7,7,0
35.155,0.3484,0,7,7,0
35.187,0.3431,0,7,7,0
35.224,0.3325,0,7,7,0
35.256,0.3220,0,7,7,0
35.291,0.3168,0,7,7,0
35.324,0.3064,0,7,7,0
35.356,0.2961,0,7,7,0
35.389,0.2910,0,7,7,0
35.423,0.2809,0,7,7,0
35.453,0.2709,0,7,7,0
35.488,0.2660,0,7,7,0
35.523,0.2561,0,7,7,0
35.554,0.2465,0,7,7,0
35.588,0.2420,0,7,7,0
35.622,0.2339,0,7,7,0
35.656,0.2273,0,7,7,0
35.690,0.2246,0,7,7,0
35.722,0.2204,0,7,7,0
35.755,0.2177,0,7,7,0
35.788,0.2168,0,7,7,0
35.824,0.2159,0,7,7,0
35.857,0.2159,0,7,7,0
35.889,0.2161,0,7,7,0
35.923,0.2169,0,7,7,0
35.956,0.2178,0,7,7,0
35.990,0.2183,0,7,7,0
36.023,0.2192,0,7,7,0
36.057,0.2200,0,7,7,0
36.086,0.2203,0,7,7,0
36.121,0.2209,0,7,7,0
36.155,0.2212,0,7,7,0
36.189,0.2213,0,7,7,0
36.222,0.2214,0,7,7,0
36.258,0.2214,0,7,7,0
36.287,0.2214,0,7,7,0
36.320,0.2213,0,7,7,0
36.354,0.2212,0,7,7,0
36.390,0.2211,0,7,7,0
36.419,0.2210,0,7,7,0
36.456,0.2209,0,7,7,0
36.486,0.2208,0,7,7,0
36.522,0.2208,0,7,7,0
36.554,0.2207,0,7,7,0
36.588,0.2207,0,7,7,0
36.621,0.2206,0,7,7,0
36.657,0.2206,0,7,7,0
36.687,0.2206,0,7,7,0
36.724,0.2206,0,7,7,0
36.755,0.2206,0,0,0,0
36.790,0.2206,0,0,0,0
36.823,0.2206,0,0,0,0
36.857,0.2206,0,0,0,0
36.888,0.2206,0,0,0,0
36.924,0.2207,0,0,0,0
36.955,0.2210,0,0,0,0
36.987,0.2212,0,0,0,0
37.024,0.2210,0,0,0,0
37.055,0.2204,0,0,0,0
37.090,0.2192,0,0,0,0
37.124,0.2176,0,7,7,0
37.158,0.2155,0,7,7,0
37.190,0.2129,0,7,7,0
37.224,0.2103,0,7,7,0
37.255,0.2097,0,7,7,0
37.290,0.2086,0,7,7,0
37.323,0.2071,0,7,7,0
37.356,0.2051,0,7,7,0
37.388,0.2029,0,7,7,0
37.421,0.2051,0,7,7,0
37.456,0.2087,0,7,7,0
37.492,0.2119,0,7,7,0
37.520,0.2140,0,7,7,0
37.557,0.2162,0,7,7,0
37.586,0.2176,0,7,7,0
37.624,0.2188,0,7,7,0
37.657,0.2194,0,7,7,0
37.691,0.2194,0,7,7,0
37.724,0.2190,0,7,7,0
37.754,0.2198,0,7,7,0
37.790,0.2204,0,7,7,0
37.822,0.2206,0,7,7,0
37.857,0.2207,0,7,7,0
37.890,0.2207,0,7,7,0
37.920,0.2207,0,7,7,0
37.957,0.2207,0,7,7,0
37.990,0.2207,0,7,7,0
38.021,0.2207,0,7,7,0
38.054,0.2208,0,7,7,0
38.092,0.2210,0,7,7,0
38.119,0.2211,0,7,7,0
38.154,0.2209,0,7,7,0
38.191,0.2201,0,7,7,0
38.224,0.2190,0,7,7,0
38.257,0.2174,0,7,7,0
38.287,0.2155,0,7,7,0
38.324,0.2137,0,7,7,0
38.357,0.2119,0,7,7,0
38.390,0.2102,0,7,7,0
38.420,0.2094,0,7,7,0
38.456,0.2087,0,7,7,0
38.494,0.2087,0,7,7,0
38.524,0.2088,0,7,7,0
38.556,0.2088,0,7,7,0
38.587,0.2088,0,7,7,0
38.622,0.2089,0,7,7,0
38.653,0.2089,0,7,7,0
38.690,0.2090,0,7,7,0
38.724,0.2090,0,7,7,0
38.753,0.2090,0,7,7,0
38.786,0.2091,0,7,7,0
38.821,0.2091,0,7,7,0
38.857,0.2092,0,7,7,0
38.891,0.2092,0,7,7,0
38.925,0.2092,0,7,7,0
38.955,0.2093,0,7,7,0
38.988,0.2093,0,7,7,0
39.023,0.2094,0,7,7,0
39.056,0.2094,0,7,7,0
39.086,0.2094,0,7,7,0
39.124,0.2105,0,7,7,0
39.158,0.2105,0,7,7,0
39.189,0.2105,0,7,7,0
39.218,0.2106,0,7,7,0
39.255,0.2106,0,7,7,0
39.287,0.2106,0,7,7,0
39.324,0.2107,0,7,7,0
39.357,0.2107,0,7,7,0
39.391,0.2107,0,0,0,0
39.423,0.2107,0,0,0,0
39.456,0.2108,0,0,0,0
39.489,0.2108,0,0,0,0
39.524,0.2108,0,0,0,0
39.553,0.2109,0,0,0,0
39.591,0.2109,0,0,0,0
39.621,0.2109,0,0,0,0
39.654,0.2110,0,0,0,0
39.691,0.2110,0,0,0,0
39.721,0.2110,0,0,0,0
39.755,0.2110,0,0,0,0
39.789,0.2111,0,0,0,0
39.821,0.2111,0,0,0,0
39.854,0.2111,0,0,0,0
39.891,0.2111,0,0,0,0
39.920,0.2112,0,0,0,0
39.956,0.2112,0,0,0,0
39.991,0.2112,0,0,0,0
40.020,0.2113,0,0,0,0
40.056,0.2113,0,0,0,0
40.087,0.2113,0,0,0,0
40.122,0.2113,0,0,0,0
40.154,0.2114,0,0,0,0
40.187,0.2114,0,0,0,0
40.220,0.2114,0,0,0,0
40.253,0.2114,0,0,0,0
40.288,0.2115,0,0,0,0
40.324,0.2115,0,0,0,0
40.358,0.2115,0,0,0,0
40.386,0.2115,0,0,0,0
40.424,0.2116,0,0,0,0
40.458,0.2116,0,0,0,0
40.487,0.2116,0,0,0,0
40.524,0.2116,0,0,0,0
40.557,0.2117,0,0,0,0
40.587,0.2117,0,0,0,0
40.629,0.2117,0,0,0,0
40.656,0.2117,0,0,0,0
40.688,0.2117,0,0,0,0
40.723,0.2118,0,0,0,0
40.754,0.2118,0,0,0,0
40.789,0.2118,0,0,0,0
40.823,0.2118,0,0,0,0
40.854,0.2119,0,0,0,0
40.886,0.2119,0,0,0,0
40.921,0.2119,0,0,0,0
40.956,0.2119,0,0,0,0
40.990,0.2119,0,0,0,0
41.024,0.2120,0,0,0,0
41.055,0.2120,0,0,0,0
41.091,0.2120,0,0,0,0
41.123,0.2120,0,0,0,0
41.152,0.2120,0,0,0,0
41.191,0.2127,0,0,0,0
41.224,0.2142,0,0,0,0
41.258,0.2156,0,0,0,0
41.287,0.2175,0,7,7,0
41.324,0.2194,0,7,7,0
41.348,0.2203,0,7,7,0
41.390,0.2213,0,7,7,0
41.421,0.2215,0,7,7,0
41.454,0.2212,0,7,7,0
41.488,0.2205,0,7,7,0
41.523,0.2192,0,7,7,0
41.556,0.2185,0,7,7,0
41.588,0.2192,0,7,7,0
41.623,0.2195,0,7,7,0
41.659,0.2193,0,7,7,0
41.679,0.2189,0,7,7,0
41.719,0.2176,0,7,7,0
41.755,0.2159,0,7,7,0
41.787,0.2140,0,7,7,0
41.823,0.2112,0,7,7,0
41.855,0.2084,0,7,7,0
41.888,0.2063,0,7,7,0
41.922,0.2084,0,7,7,0
41.957,0.2101,0,7,7,0
41.991,0.2112,0,7,7,0
42.024,0.2119,0,7,7,0
42.054,0.2120,0,7,7,0
42.086,0.2118,0,7,7,0
42.115,0.2133,0,7,7,0
42.153,0.2162,0,7,7,0
42.191,0.2184,0,7,7,0
42.223,0.2198,0,7,7,0
42.258,0.2208,0,7,7,0
42.287,0.2213,0,7,7,0
42.321,0.2214,0,7,7,0
42.356,0.2210,0,7,7,0
42.390,0.2201,0,7,7,0
42.424,0.2187,0,7,7,0
42.458,0.2168,0,7,7,0
42.487,0.2147,0,7,7,0
42.519,0.2140,0,7,7,0
42.554,0.2149,0,7,7,0
42.590,0.2152,0,7,7,0
42.622,0.2151,0,7,7,0
42.655,0.2146,0,7,7,0
42.691,0.2134,0,7,7,0
42.724,0.2119,0,7,7,0
42.757,0.2099,0,7,7,0
42.791,0.2075,0,7,7,0
42.823,0.2047,0,7,7,0
42.852,0.2052,0,7,7,0
42.890,0.2060,0,7,7,0
42.921,0.2062,0,7,7,0
42.956,0.2060,0,7,7,0
42.990,0.2054,0,7,7,0
43.020,0.2058,0,7,7,0
43.056,0.2092,0,7,7,0
43.089,0.2119,0,7,7,0
43.122,0.2135,0,7,7,0
43.153,0.2140,0,7,7,0
43.191,0.2146,0,7,7,0
43.221,0.2147,0,7,7,0
43.254,0.2148,0,7,7,0
43.286,0.2149,0,7,7,0
43.324,0.2149,0,7,7,0
43.354,0.2149,0,7,7,0
43.389,0.2148,0,7,7,0
43.423,0.2148,0,7,7,0
43.457,0.2079,0,7,7,0
43.490,0.2099,0,7,7,0
43.523,0.2117,0,7,7,0
43.551,0.2131,0,7,7,0
43.589,0.2138,0,7,7,0
43.620,0.2138,0,7,7,0
43.657,0.2138,0,7,7,0
43.687,0.2137,0,7,7,0
43.720,0.2137,0,7,7,0
43.758,0.2137,0,7,7,0
43.790,0.2137,0,7,7,0
43.823,0.2137,0,7,7,0
43.854,0.2137,0,7,7,0
43.887,0.2143,0,7,7,0
43.921,0.2150,0,7,7,0
43.956,0.2159,0,7,7,0
43.990,0.2167,0,7,7,0
44.019,0.2173,0,7,7,0
44.056,0.2180,0,7,7,0
44.081,0.2182,0,7,7,0
44.119,0.2183,0,7,7,0
44.155,0.2182,0,7,7,0
44.187,0.2181,0,7,7,0
44.219,0.2180,0,7,7,0
44.255,0.2179,0,7,7,0
44.288,0.2178,0,7,7,0
44.319,0.2178,0,7,7,0
44.356,0.2178,0,7,7,0
44.388,0.2177,0,7,7,0
44.420,0.2177,0,7,7,0
44.455,0.2177,0,7,7,0
44.491,0.2177,0,7,7,0
44.525,0.2177,0,0,0,0
44.554,0.2176,0,0,0,0
44.591,0.2176,0,0,0,0
44.621,0.2176,0,0,0,0
44.656,0.2176,0,0,0,0
44.687,0.2176,0,0,0,0
44.723,0.2176,0,0,0,0
44.757,0.2172,0,0,0,0
44.791,0.2163,0,0,0,0
44.823,0.2151,0,0,0,0
44.857,0.2136,0,7,7,0
44.891,0.2124,0,7,7,0
44.924,0.2144,0,7,7,0
44.957,0.2162,0,7,7,0
44.990,0.2175,0,7,7,0
45.020,0.2184,0,7,7,0
45.054,0.2191,0,7,7,0
45.091,0.2197,0,7,7,0
45.123,0.2201,0,7,7,0
45.153,0.2204,0,7,7,0
45.186,0.2206,0,7,7,0
45.224,0.2207,0,7,7,0
45.256,0.2208,0,7,7,0
45.286,0.2208,0,7,7,0
45.322,0.2208,0,7,7,0
45.358,0.2208,0,7,7,0
45.391,0.2208,0,7,7,0
45.420,0.2208,0,7,7,0
45.454,0.2208,0,7,7,0
45.487,0.2208,0,7,7,0
45.524,0.2203,0,7,7,0
45.558,0.2198,0,7,7,0
45.587,0.2192,0,7,7,0
45.624,0.2183,0,7,7,0
45.653,0.2174,0,7,7,0
45.693,0.2161,0,7,7,0
45.712,0.2154,0,7,7,0
45.755,0.2150,0,7,7,0
45.788,0.2148,0,7,7,0
45.826,0.2148,0,7,7,0
45.858,0.2148,0,7,7,0
45.890,0.2148,0,7,7,0
45.921,0.2148,0,7,7,0
45.955,0.2149,0,7,7,0
45.990,0.2149,0,0,0,0
46.019,0.2149,0,0,0,0
46.054,0.2149,0,0,0,0
46.090,0.2149,0,0,0,0
46.124,0.2149,0,0,0,0
46.156,0.2149,0,0,0,0
46.191,0.2149,0,0,0,0
46.223,0.2149,0,0,0,0
46.257,0.2149,0,0,0,0
46.289,0.2149,0,0,0,0
46.321,0.2150,0,0,0,0
46.355,0.2150,0,0,0,0
46.389,0.2150,0,0,0,0
46.420,0.2150,0,0,0,0
46.458,0.2150,0,0,0,0
46.488,0.2150,0,0,0,0
46.524,0.2150,0,0,0,0
46.558,0.2150,0,0,0,0
46.590,0.2150,0,0,0,0
46.624,0.2150,0,0,0,0
46.656,0.2150,0,0,0,0
46.677,0.2150,0,0,0,0
46.722,0.2151,0,0,0,0
46.757,0.2151,0,0,0,0
46.789,0.2151,0,0,0,0
46.822,0.2151,0,0,0,0
46.857,0.2151,0,0,0,0
46.887,0.2151,0,0,0,0
46.924,0.2151,0,0,0,0
46.957,0.2151,0,0,0,0
46.989,0.2151,0,0,0,0
47.023,0.2151,0,0,0,0
47.057,0.2151,0,0,0,0
47.091,0.2151,0,0,0,0
47.123,0.2152,0,0,0,0
47.157,0.2145,0,0,0,0
47.188,0.2129,0,7,7,0
47.223,0.2146,0,7,7,0
47.255,0.2161,0,7,7,0
47.291,0.2173,0,7,7,0
47.322,0.2179,0,7,7,0
47.355,0.2181,0,7,7,0
47.388,0.2178,0,7,7,0
47.419,0.2171,0,7,7,0
47.454,0.2158,0,7,7,0
47.490,0.2140,0,7,7,0
47.520,0.2120,0,7,7,0
47.557,0.2091,0,7,7,0
47.588,0.2062,0,7,7,0
47.622,0.2026,0,7,7,0
47.654,0.2018,0,7,7,0
47.686,0.2023,0,7,7,0
47.723,0.2024,0,7,7,0
47.753,0.2020,0,7,7,0
47.789,0.2035,0,7,7,0
47.821,0.2066,0,7,7,0
47.854,0.2094,0,7,7,0
47.888,0.2117,0,7,7,0
47.920,0.2135,0,7,7,0
47.957,0.2150,0,7,7,0
47.991,0.2159,0,7,7,0
48.023,0.2164,0,7,7,0
48.053,0.2164,0,7,7,0
48.087,0.2159,0,7,7,0
48.123,0.2150,0,7,7,0
48.158,0.2163,0,7,7,0
48.186,0.2173,0,7,7,0
48.216,0.2177,0,7,7,0
48.256,0.2177,0,7,7,0
48.286,0.2177,0,7,7,0
48.324,0.2177,0,7,7,0
48.354,0.2177,0,7,7,0
48.389,0.2177,0,7,7,0
48.424,0.2177,0,7,7,0
48.457,0.2177,0,7,7,0
48.490,0.2181,0,7,7,0
48.524,0.2190,0,7,7,0
48.554,0.2200,0,7,7,0
48.588,0.2209,0,7,7,0
48.621,0.2214,0,7,7,0
48.655,0.2215,0,7,7,0
48.690,0.2213,0,7,7,0
48.721,0.2210,0,7,7,0
48.757,0.2208,0,7,7,0
48.788,0.2208,0,7,7,0
48.823,0.2208,0,7,7,0
48.854,0.2208,0,7,7,0
48.886,0.2208,0,7,7,0
48.921,0.2208,0,7,7,0
48.957,0.2208,0,0,0,0
48.991,0.2208,0,0,0,0
49.021,0.2208,0,0,0,0
49.049,0.2208,0,0,0,0
49.088,0.2208,0,0,0,0
49.123,0.2208,0,0,0,0
49.154,0.2208,0,0,0,0
49.190,0.2208,0,0,0,0
49.220,0.2208,0,0,0,0
49.255,0.2208,0,0,0,0
49.287,0.2208,0,0,0,0
49.322,0.2208,0,0,0,0
49.354,0.2208,0,0,0,0
49.389,0.2208,0,0,0,0
49.422,0.2208,0,0,0,0
49.457,0.2208,0,0,0,0
49.491,0.2208,0,0,0,0
49.523,0.2208,0,0,0,0
49.557,0.2208,0,0,0,0
49.586,0.2208,0,0,0,0
49.623,0.2208,0,0,0,0
49.656,0.2208,0,0,0,0
49.690,0.2208,0,0,0,0
49.724,0.2208,0,0,0,0
49.755,0.2208,0,0,0,0
49.790,0.2208,0,0,0,0
49.819,0.2208,0,0,0,0
49.856,0.2209,0,0,0,0
49.887,0.2212,0,0,0,0
49.921,0.2226,0,0,0,0
49.954,0.2252,0,7,7,0
49.991,0.2271,0,7,7,0
50.021,0.2322,0,7,7,0
50.055,0.2387,0,7,7,0
50.090,0.2424,0,7,7,0
50.123,0.2506,0,7,7,0
50.154,0.2595,0,7,7,0
50.190,0.2640,0,7,7,0
50.222,0.2733,0,7,7,0
50.254,0.2826,0,7,7,0
50.290,0.2871,0,7,7,0
50.324,0.2957,0,7,7,0
50.354,0.3032,0,7,7,0
50.386,0.3065,0,7,7,0
50.420,0.3121,0,7,7,0
50.456,0.3163,0,7,7,0
50.488,0.3179,0,7,7,0
50.524,0.3202,0,7,7,0
50.556,0.3216,0,7,7,0
50.587,0.3220,0,7,7,0
50.623,0.3226,0,7,7,0
50.655,0.3233,0,7,7,0
50.689,0.3241,0,7,7,0
50.723,0.3263,0,7,7,0
50.756,0.3298,0,7,7,0
50.791,0.3321,0,7,7,0
50.824,0.3375,0,7,7,0
50.856,0.3435,0,7,7,0
50.887,0.3467,0,7,7,0
50.921,0.3527,0,7,7,0
50.957,0.3580,0,7,7,0
50.989,0.3604,0,7,7,0
51.020,0.3644,0,7,7,0
51.055,0.3675,0,7,7,0
51.086,0.3687,0,7,7,0
51.122,0.3705,0,7,7,0
51.154,0.3714,0,7,7,0
51.190,0.3712,0,7,7,0
51.220,0.3709,0,7,7,0
51.257,0.3701,0,7,7,0
51.288,0.3694,0,7,7,0
51.321,0.3691,0,7,7,0
51.356,0.3688,0,7,7,0
51.391,0.3686,0,7,7,0
51.424,0.3682,0,7,7,0
51.455,0.3679,0,7,7,0
51.490,0.3677,0,7,7,0
51.520,0.3674,0,7,7,0
51.556,0.3672,0,7,7,0
51.586,0.3671,0,7,7,0
51.623,0.3669,0,7,7,0
51.656,0.3671,0,7,7,0
51.691,0.3675,0,7,7,0
51.721,0.3679,0,7,7,0
51.758,0.3685,0,7,7,0
51.790,0.3690,0,7,7,0
51.824,0.3694,0,7,7,0
51.855,0.3697,0,7,7,0
51.888,0.3699,0,7,7,0
51.924,0.3700,0,7,7,0
51.956,0.3701,0,7,7,0
51.992,0.3701,0,7,7,0
52.023,0.3702,0,7,7,0
52.054,0.3703,0,7,7,0
52.090,0.3703,0,7,7,0
52.122,0.3704,0,7,7,0
52.155,0.3705,0,0,0,0
52.189,0.3705,0,0,0,0
52.223,0.3706,0,0,0,0
52.257,0.3708,0,0,0,0
52.289,0.3710,0,0,0,0
52.323,0.3714,0,0,0,0
52.358,0.3719,0,0,0,0
52.388,0.3722,0,0,0,0
52.416,0.3728,0,0,0,0
52.457,0.3733,0,0,0,0
52.488,0.3736,0,0,0,0
52.521,0.3740,0,0,0,0
52.555,0.3744,0,0,0,0
52.589,0.3746,0,0,0,0
52.623,0.3748,0,0,0,0
52.653,0.3749,0,0,0,0
52.691,0.3750,0,0,0,0
52.722,0.3751,0,0,0,0
52.755,0.3752,0,0,0,0
52.790,0.3752,0,0,0,0
52.821,0.3752,0,0,0,0
52.858,0.3752,0,0,0,0
52.889,0.3751,0,0,0,0
52.921,0.3751,0,0,0,0
52.954,0.3751,0,0,0,0
52.991,0.3751,0,0,0,0
53.022,0.3750,0,0,0,0
53.055,0.3750,0,0,0,0
53.085,0.3750,0,0,0,0
53.121,0.3750,0,0,0,0
53.155,0.3750,0,0,0,0
53.187,0.3750,0,0,0,0
53.220,0.3749,0,0,0,0
53.257,0.3749,0,0,0,0
53.289,0.3749,0,0,0,0
53.323,0.3749,0,0,0,0
53.354,0.3749,0,0,0,0
53.387,0.3749,0,0,0,0
53.421,0.3749,0,0,0,0
53.456,0.3749,0,0,0,0
53.491,0.3749,0,0,0,0
53.520,0.3749,0,0,0,0
53.553,0.3749,0,0,0,0
53.587,0.3749,0,0,0,0
53.623,0.3749,0,0,0,0
53.656,0.3749,0,0,0,0
53.687,0.3749,0,0,0,0
53.724,0.3749,0,0,0,0
53.756,0.3749,0,0,0,0
53.786,0.3749,0,0,0,0
53.820,0.3749,0,0,0,0
53.857,0.3749,0,0,0,0
53.888,0.3749,0,0,0,0
53.923,0.3749,0,0,0,0
53.955,0.3749,0,0,0,0
53.987,0.3749,0,0,0,0
54.024,0.3749,0,0,0,0
54.055,0.3749,0,0,0,0
54.086,0.3749,0,0,0,0
54.122,0.3749,0,0,0,0
54.155,0.3749,0,0,0,0
54.188,0.3749,0,0,0,0
54.224,0.3749,0,0,0,0
54.253,0.3749,0,0,0,0
54.291,0.3749,0,0,0,0
54.320,0.3749,0,0,0,0
54.354,0.3749,0,0,0,0
54.390,0.3749,0,0,0,0
54.421,0.3749,0,0,0,0
54.457,0.3749,0,0,0,0
54.492,0.3749,0,0,0,0
54.519,0.3749,0,0,0,0
54.556,0.3749,0,0,0,0
54.588,0.3749,0,0,0,0
54.624,0.3749,0,0,0,0
54.660,0.3749,0,0,0,0
54.687,0.3749,0,0,0,0
54.722,0.3749,0,0,0,0
54.756,0.3749,0,0,0,0
54.791,0.3749,0,0,0,0
54.820,0.3749,0,0,0,0
54.858,0.3749,0,0,0,0
54.887,0.3749,0,0,0,0
54.919,0.3749,0,0,0,0
54.953,0.3749,0,0,0,0
54.989,0.3749,0,0,0,0
55.023,0.3749,0,0,0,0
55.053,0.3749,0,0,0,0
55.087,0.3749,0,0,0,0
55.121,0.3749,0,0,0,0
55.155,0.3749,0,0,0,0
55.189,0.3749,0,0,0,0
55.221,0.3749,0,0,0,0
55.253,0.3749,0,0,0,0
55.295,0.3749,0,0,0,0
55.323,0.3749,0,0,0,0
55.355,0.3749,0,0,0,0
55.387,0.3749,0,0,0,0
55.424,0.3749,0,0,0,0
55.457,0.3749,0,0,0,0
55.489,0.3749,0,0,0,0
55.522,0.3749,0,0,0,0
55.554,0.3749,0,0,0,0
55.587,0.3749,0,0,0,0
55.622,0.3749,0,0,0,0
55.654,0.3749,0,0,0,0
55.691,0.3749,0,0,0,0
55.723,0.3749,0,0,0,0
55.754,0.3749,0,0,0,0
55.790,0.3749,0,0,0,0
55.824,0.3749,0,0,0,0
55.853,0.3749,0,0,0,0
55.889,0.3749,0,0,0,0
55.924,0.3749,0,0,0,0
55.957,0.3749,0,0,0,0
55.991,0.3749,0,0,0,0
56.030,0.3749,0,0,0,0
56.055,0.3749,0,0,0,0
56.089,0.3749,0,0,0,0
56.123,0.3749,0,0,0,0
56.156,0.3749,0,0,0,0
56.187,0.3749,0,0,0,0
56.220,0.3749,0,0,0,0
56.253,0.3749,0,0,0,0
56.287,0.3749,0,0,0,0
56.323,0.3749,0,0,0,0
56.358,0.3749,0,0,0,0
56.388,0.3749,0,0,0,0
56.421,0.3749,0,0,0,0
56.455,0.3749,0,0,0,0
56.487,0.3749,0,0,0,0
56.524,0.3749,0,0,0,0
56.555,0.3749,0,0,0,0
56.586,0.3749,0,0,0,0
56.624,0.3749,0,0,0,0
56.657,0.3749,0,0,0,0
56.688,0.3749,0,0,0,0
56.721,0.3749,0,0,0,0
56.756,0.3749,0,0,0,0
56.786,0.3749,0,0,0,0
56.821,0.3749,0,0,0,0
56.856,0.3748,0,0,0,0
56.886,0.3748,0,0,0,0
56.923,0.3746,0,0,0,0
56.953,0.3744,0,0,0,0
56.986,0.3741,0,0,0,0
57.022,0.3737,0,0,0,0
57.054,0.3733,0,0,0,0
57.089,0.3729,0,0,0,0
57.124,0.3727,0,0,0,0
57.157,0.3725,0,0,0,0
57.187,0.3725,0,0,0,0
57.223,0.3725,0,0,0,0
57.257,0.3725,0,0,0,0
57.288,0.3725,0,0,0,0
57.323,0.3724,0,0,0,0
57.354,0.3724,0,0,0,0
57.391,0.3724,0,0,0,0
57.422,0.3724,0,0,0,0
57.454,0.3724,0,0,0,0
57.492,0.3724,0,0,0,0
57.520,0.3724,0,0,0,0
57.556,0.3724,0,0,0,0
57.587,0.3724,0,0,0,0
57.622,0.3724,0,0,0,0
57.656,0.3724,0,0,0,0
57.688,0.3724,0,0,0,0
57.723,0.3724,0,0,0,0
57.755,0.3724,0,0,0,0
57.789,0.3724,0,0,0,0
57.819,0.3724,0,0,0,0
57.853,0.3724,0,0,0,0
57.886,0.3724,0,0,0,0
57.921,0.3724,0,0,0,0
57.957,0.3724,0,0,0,0
57.988,0.3724,0,0,0,0
58.019,0.3724,0,0,0,0
58.057,0.3724,0,0,0,0
58.088,0.3724,0,0,0,0
58.123,0.3724,0,0,0,0
58.158,0.3724,0,0,0,0
58.189,0.3724,0,0,0,0
58.224,0.3724,0,0,0,0
58.256,0.3724,0,0,0,0
58.291,0.3724,0,0,0,0
58.322,0.3724,0,0,0,0
58.354,0.3724,0,0,0,0
58.390,0.3724,0,0,0,0
58.420,0.3724,0,0,0,0
58.456,0.3724,0,0,0,0
58.488,0.3724,0,0,0,0
58.522,0.3724,0,0,0,0
58.556,0.3724,0,0,0,0
58.591,0.3724,0,0,0,0
58.624,0.3724,0,0,0,0
58.658,0.3724,0,0,0,0
58.688,0.3724,0,0,0,0
58.725,0.3724,0,0,0,0
58.755,0.3724,0,0,0,0
58.786,0.3724,0,0,0,0
58.822,0.3724,0,0,0,0
58.852,0.3724,0,0,0,0
58.888,0.3724,0,0,0,0
58.924,0.3724,0,0,0,0
58.956,0.3724,0,0,0,0
58.986,0.3724,0,0,0,0
59.022,0.3724,0,0,0,0
59.054,0.3724,0,0,0,0
59.091,0.3724,0,0,0,0
59.121,0.3724,0,0,0,0
59.157,0.3724,0,0,0,0
59.187,0.3724,0,0,0,0
59.224,0.3724,0,0,0,0
59.258,0.3724,0,0,0,0
59.286,0.3724,0,0,0,0
59.322,0.3724,0,0,0,0
59.354,0.3724,0,0,0,0
59.387,0.3724,0,0,0,0
59.421,0.3724,0,0,0,0
59.457,0.3724,0,0,0,0
59.489,0.3723,0,0,0,0
59.523,0.3722,0,0,0,0
59.556,0.3721,0,0,0,0
59.589,0.3719,0,0,0,0
59.622,0.3718,0,0,0,0
59.646,0.3717,0,0,0,0
59.687,0.3714,0,0,0,0
59.723,0.3710,0,0,0,0
59.755,0.3705,0,0,0,0
59.790,0.3698,0,0,0,0
59.820,0.3691,0,0,0,0
59.854,0.3680,0,0,0,0
59.890,0.3668,0,0,0,0
59.921,0.3657,0,0,0,0
59.958,0.3641,0,7,7,0
59.989,0.3629,0,7,7,0
60.023,0.3617,0,7,7,0
60.054,0.3609,0,7,7,0
60.087,0.3609,0,7,7,0
60.120,0.3609,0,7,7,0
60.154,0.3609,0,7,7,0
60.191,0.3609,0,7,7,0
60.221,0.3609,0,7,7,0
60.258,0.3609,0,7,7,0
60.287,0.3609,0,7,7,0
60.323,0.3610,0,7,7,0
60.359,0.3620,0,7,7,0
60.389,0.3620,0,7,7,0
60.415,0.3620,0,7,7,0
60.456,0.3620,0,7,7,0
60.488,0.3618,0,7,7,0
60.524,0.3618,0,7,7,0
60.557,0.3630,0,7,7,0
60.587,0.3639,0,7,7,0
60.623,0.3646,0,7,7,0
60.657,0.3650,0,7,7,0
60.687,0.3652,0,7,7,0
60.725,0.3654,0,7,7,0
60.755,0.3655,0,7,7,0
60.791,0.3656,0,7,7,0
60.824,0.3656,0,7,7,0
60.857,0.3657,0,7,7,0
60.887,0.3657,0,7,7,0
60.921,0.3656,0,7,7,0
60.955,0.3653,0,7,7,0
60.988,0.3646,0,0,0,0
61.024,0.3633,0,0,0,0
61.057,0.3615,0,7,7,0
61.087,0.3593,0,7,7,0
61.126,0.3583,0,7,7,0
61.155,0.3616,0,7,7,0
61.179,0.3638,0,7,7,0
61.220,0.3668,0,7,7,0
61.257,0.3688,0,7,7,0
61.290,0.3697,0,7,7,0
61.323,0.3701,0,7,7,0
61.355,0.3697,0,7,7,0
61.390,0.3686,0,7,7,0
61.423,0.3671,0,7,7,0
61.454,0.3653,0,7,7,0
61.491,0.3651,0,7,7,0
61.523,0.3665,0,7,7,0
61.557,0.3677,0,7,7,0
61.586,0.3686,0,7,7,0
61.621,0.3703,0,7,7,0
61.656,0.3719,0,7,7,0
61.688,0.3731,0,7,7,0
61.725,0.3744,0,7,7,0
61.754,0.3749,0,7,7,0
61.786,0.3749,0,7,7,0
61.823,0.3742,0,7,7,0
61.856,0.3729,0,7,7,0
61.887,0.3713,0,7,7,0
61.920,0.3693,0,7,7,0
61.956,0.3669,0,7,7,0
61.987,0.3649,0,7,7,0
62.021,0.3628,0,7,7,0
62.057,0.3621,0,7,7,0
62.089,0.3628,0,7,7,0
62.123,0.3635,0,7,7,0
62.155,0.3639,0,7,7,0
62.188,0.3644,0,7,7,0
62.223,0.3644,0,7,7,0
62.255,0.3644,0,7,7,0
62.290,0.3698,0,7,7,0
62.323,0.3692,0,7,7,0
62.353,0.3685,0,7,7,0
62.387,0.3675,0,7,7,0
62.422,0.3663,0,7,7,0
62.455,0.3649,0,7,7,0
62.490,0.3632,0,7,7,0
62.520,0.3617,0,7,7,0
62.557,0.3628,0,7,7,0
62.589,0.3636,0,7,7,0
62.623,0.3642,0,7,7,0
62.654,0.3647,0,7,7,0
62.677,0.3650,0,7,7,0
62.722,0.3653,0,7,7,0
62.757,0.3655,0,7,7,0
62.788,0.3656,0,7,7,0
62.822,0.3656,0,7,7,0
62.854,0.3656,0,7,7,0
62.887,0.3656,0,7,7,0
62.923,0.3655,0,7,7,0
62.954,0.3655,0,7,7,0
62.990,0.3655,0,7,7,0
63.024,0.3655,0,7,7,0
63.054,0.3655,0,7,7,0
63.088,0.3655,0,7,7,0
63.121,0.3655,0,7,7,0
63.157,0.3655,0,7,7,0
63.188,0.3655,0,7,7,0
63.223,0.3655,0,7,7,0
63.256,0.3655,0,7,7,0
63.288,0.3655,0,7,7,0
63.325,0.3655,0,7,7,0
63.354,0.3655,0,7,7,0
63.387,0.3655,0,7,7,0
63.423,0.3655,0,7,7,0
63.458,0.3655,0,7,7,0
63.487,0.3655,0,7,7,0
63.522,0.3655,0,0,0,0
63.556,0.3655,0,0,0,0
63.589,0.3655,0,0,0,0
63.623,0.3655,0,0,0,0
63.656,0.3655,0,0,0,0
63.687,0.3655,0,0,0,0
63.721,0.3655,0,0,0,0
63.752,0.3655,0,0,0,0
63.790,0.3655,0,0,0,0
63.822,0.3655,0,0,0,0
63.855,0.3655,0,0,0,0
63.886,0.3655,0,0,0,0
63.924,0.3655,0,0,0,0
63.954,0.3655,0,0,0,0
63.990,0.3655,0,0,0,0
64.021,0.3655,0,0,0,0
64.056,0.3655,0,0,0,0
64.088,0.3653,0,0,0,0
64.130,0.3643,0,0,0,0
64.158,0.3629,0,0,0,0
64.188,0.3637,0,0,0,0
64.223,0.3677,0,7,7,0
64.255,0.3706,0,7,7,0
64.287,0.3728,0,7,7,0
64.324,0.3744,0,7,7,0
64.358,0.3750,0,7,7,0
64.387,0.3748,0,7,7,0
64.421,0.3738,0,7,7,0
64.456,0.3718,0,7,7,0
64.491,0.3691,0,7,7,0
64.523,0.3657,0,7,7,0
64.555,0.3655,0,7,7,0
64.589,0.3678,0,7,7,0
64.624,0.3692,0,7,7,0
64.656,0.3698,0,7,7,0
64.688,0.3696,0,7,7,0
64.723,0.3685,0,7,7,0
64.753,0.3670,0,7,7,0
64.786,0.3646,0,7,7,0
64.823,0.3624,0,7,7,0
64.854,0.3607,0,7,7,0
64.890,0.3590,0,7,7,0
64.921,0.3576,0,7,7,0
64.957,0.3573,0,7,7,0
64.988,0.3575,0,7,7,0
65.022,0.3576,0,7,7,0
65.056,0.3577,0,7,7,0
65.090,0.3577,0,7,7,0
65.123,0.3577,0,7,7,0
65.157,0.3578,0,7,7,0
65.191,0.3582,0,7,7,0
65.223,0.3596,0,7,7,0
65.254,0.3610,0,7,7,0
65.289,0.3626,0,7,7,0
65.324,0.3641,0,7,7,0
65.354,0.3651,0,7,7,0
65.390,0.3660,0,7,7,0
65.423,0.3665,0,7,7,0
65.454,0.3666,0,7,7,0
65.496,0.3665,0,7,7,0
65.520,0.3664,0,7,7,0
65.556,0.3661,0,7,7,0
65.587,0.3660,0,7,7,0
65.621,0.3658,0,7,7,0
65.657,0.3658,0,7,7,0
65.687,0.3658,0,7,7,0
65.723,0.3658,0,7,7,0
65.753,0.3658,0,7,7,0
65.790,0.3659,0,7,7,0
65.819,0.3659,0,7,7,0
65.854,0.3659,0,7,7,0
65.891,0.3659,0,7,7,0
65.924,0.3659,0,7,7,0
65.957,0.3659,0,7,7,0
65.989,0.3659,0,7,7,0
66.020,0.3659,0,7,7,0
66.055,0.3659,0,7,7,0
66.087,0.3659,0,7,7,0
66.122,0.3659,0,7,7,0
66.155,0.3659,0,7,7,0
66.177,0.3659,0,7,7,0
66.223,0.3659,0,7,7,0
66.254,0.3659,0,7,7,0
66.291,0.3659,0,0,0,0
66.322,0.3659,0,0,0,0
66.357,0.3659,0,0,0,0
66.390,0.3659,0,0,0,0
66.424,0.3659,0,0,0,0
66.455,0.3659,0,0,0,0
66.489,0.3659,0,0,0,0
66.520,0.3659,0,0,0,0
66.555,0.3660,0,0,0,0
66.591,0.3660,0,0,0,0
66.624,0.3661,0,0,0,0
66.657,0.3662,0,0,0,0
66.690,0.3664,0,0,0,0
66.722,0.3665,0,0,0,0
66.753,0.3667,0,0,0,0
66.787,0.3667,0,0,0,0
66.823,0.3668,0,0,0,0
66.854,0.3668,0,0,0,0
66.886,0.3668,0,0,0,0
66.923,0.3668,0,0,0,0
66.953,0.3668,0,0,0,0
66.988,0.3668,0,0,0,0
67.023,0.3668,0,0,0,0
67.054,0.3668,0,0,0,0
67.090,0.3668,0,0,0,0
67.119,0.3668,0,0,0,0
67.157,0.3668,0,0,0,0
67.189,0.3668,0,0,0,0
67.224,0.3668,0,0,0,0
67.258,0.3668,0,0,0,0
67.288,0.3668,0,0,0,0
67.321,0.3668,0,0,0,0
67.356,0.3668,0,0,0,0
67.390,0.3668,0,0,0,0
67.425,0.3669,0,0,0,0
67.454,0.3669,0,0,0,0
67.487,0.3669,0,0,0,0
67.521,0.3669,0,0,0,0
67.554,0.3669,0,0,0,0
67.590,0.3669,0,0,0,0
67.620,0.3669,0,0,0,0
67.656,0.3669,0,0,0,0
67.688,0.3669,0,0,0,0
67.721,0.3669,0,0,0,0
67.754,0.3669,0,0,0,0
67.790,0.3669,0,0,0,0
67.822,0.3669,0,0,0,0
67.856,0.3669,0,0,0,0
67.888,0.3669,0,0,0,0
67.921,0.3669,0,0,0,0
67.957,0.3669,0,0,0,0
67.986,0.3669,0,0,0,0
68.024,0.3669,0,0,0,0
68.054,0.3669,0,0,0,0
68.087,0.3669,0,0,0,0
68.121,0.3669,0,0,0,0
68.157,0.3669,0,0,0,0
68.189,0.3670,0,0,0,0
68.223,0.3670,0,0,0,0
68.254,0.3670,0,0,0,0
68.289,0.3670,0,0,0,0
68.323,0.3670,0,0,0,0
68.356,0.3670,0,0,0,0
68.387,0.3670,0,0,0,0
68.421,0.3670,0,0,0,0
68.457,0.3670,0,0,0,0
68.490,0.3670,0,0,0,0
68.521,0.3670,0,0,0,0
68.553,0.3670,0,0,0,0
68.591,0.3670,0,0,0,0
68.620,0.3670,0,0,0,0
68.654,0.3670,0,0,0,0
68.691,0.3670,0,0,0,0
68.724,0.3670,0,0,0,0
68.753,0.3670,0,0,0,0
68.791,0.3670,0,0,0,0
68.820,0.3670,0,0,0,0
68.856,0.3670,0,0,0,0
68.888,0.3670,0,0,0,0
68.921,0.3670,0,0,0,0
68.952,0.3670,0,0,0,0
68.987,0.3670,0,0,0,0
69.023,0.3670,0,0,0,0
69.057,0.3671,0,0,0,0
69.089,0.3671,0,0,0,0
69.123,0.3671,0,0,0,0
69.154,0.3671,0,0,0,0
69.186,0.3671,0,0,0,0
69.224,0.3671,0,0,0,0
69.253,0.3671,0,0,0,0
69.290,0.3671,0,0,0,0
69.321,0.3671,0,0,0,0
69.355,0.3671,0,0,0,0
69.389,0.3671,0,0,0,0
69.423,0.3671,0,0,0,0
69.456,0.3671,0,0,0,0
69.488,0.3671,0,0,0,0
69.520,0.3671,0,0,0,0
69.557,0.3671,0,0,0,0
69.591,0.3671,0,0,0,0
69.624,0.3671,0,0,0,0
69.657,0.3671,0,0,0,0
69.691,0.3671,0,0,0,0
69.722,0.3671,0,0,0,0
69.754,0.3671,0,0,0,0
69.791,0.3671,0,0,0,0
69.821,0.3671,0,0,0,0
69.857,0.3671,0,0,0,0
69.888,0.3671,0,0,0,0
69.922,0.3671,0,0,0,0
69.954,0.3671,0,0,0,0
69.991,0.3672,0,0,0,0
70.024,0.3672,0,0,0,0
70.054,0.3672,0,0,0,0
70.087,0.3672,0,0,0,0
70.122,0.3672,0,0,0,0
70.154,0.3672,0,0,0,0
70.188,0.3672,0,0,0,0
70.221,0.3672,0,0,0,0
70.256,0.3672,0,0,0,0
70.286,0.3672,0,0,0,0
70.322,0.3672,0,0,0,0
70.355,0.3672,0,0,0,0
70.391,0.3672,0,0,0,0
70.431,0.3672,0,0,0,0
70.453,0.3672,0,0,0,0
70.488,0.3672,0,0,0,0
70.523,0.3672,0,0,0,0
70.557,0.3672,0,0,0,0
70.588,0.3672,0,0,0,0
70.623,0.3672,0,0,0,0
70.656,0.3672,0,0,0,0
70.690,0.3672,0,0,0,0
70.723,0.3672,0,0,0,0
70.756,0.3672,0,0,0,0
70.786,0.3672,0,0,0,0
70.824,0.3672,0,0,0,0
70.856,0.3672,0,0,0,0
70.887,0.3672,0,0,0,0
70.924,0.3672,0,0,0,0
70.956,0.3672,0,0,0,0
70.990,0.3672,0,0,0,0
71.023,0.3673,0,0,0,0
71.056,0.3673,0,0,0,0
71.087,0.3673,0,0,0,0
71.123,0.3673,0,0,0,0
71.145,0.3673,0,0,0,0
71.190,0.3673,0,0,0,0
71.222,0.3673,0,0,0,0
71.256,0.3673,0,0,0,0
71.288,0.3673,0,0,0,0
71.322,0.3673,0,0,0,0
71.356,0.3673,0,0,0,0
71.388,0.3673,0,0,0,0
71.422,0.3673,0,0,0,0
71.456,0.3673,0,0,0,0
71.487,0.3673,0,0,0,0
71.519,0.3673,0,0,0,0
71.554,0.3673,0,0,0,0
71.589,0.3673,0,0,0,0
71.620,0.3673,0,0,0,0
71.655,0.3673,0,0,0,0
71.688,0.3673,0,0,0,0
71.723,0.3673,0,0,0,0
71.755,0.3673,0,0,0,0
71.791,0.3673,0,0,0,0
71.819,0.3673,0,0,0,0
71.857,0.3673,0,0,0,0
71.886,0.3673,0,0,0,0
71.924,0.3673,0,0,0,0
71.958,0.3673,0,0,0,0
71.990,0.3673,0,0,0,0
72.023,0.3673,0,0,0,0
72.054,0.3673,0,0,0,0
72.089,0.3673,0,0,0,0
72.121,0.3673,0,0,0,0
72.154,0.3674,0,0,0,0
72.189,0.3674,0,0,0,0
72.222,0.3674,0,0,0,0
72.255,0.3674,0,0,0,0
72.288,0.3674,0,0,0,0
72.319,0.3674,0,0,0,0
72.354,0.3674,0,0,0,0
72.388,0.3674,0,0,0,0
72.422,0.3674,0,0,0,0
72.456,0.3674,0,0,0,0
72.489,0.3674,0,0,0,0
72.521,0.3674,0,0,0,0
72.556,0.3674,0,0,0,0
72.587,0.3674,0,0,0,0
72.616,0.3674,0,0,0,0
72.660,0.3674,0,0,0,0
72.689,0.3674,0,0,0,0
72.722,0.3674,0,0,0,0
72.754,0.3674,0,0,0,0
72.788,0.3674,0,0,0,0
72.823,0.3674,0,0,0,0
72.857,0.3674,0,0,0,0
72.887,0.3674,0,0,0,0
72.920,0.3674,0,0,0,0
72.956,0.3674,0,0,0,0
72.989,0.3674,0,0,0,0
73.021,0.3674,0,0,0,0
73.053,0.3674,0,0,0,0
73.088,0.3674,0,0,0,0
73.115,0.3674,0,0,0,0
73.153,0.3674,0,0,0,0
73.189,0.3674,0,0,0,0
73.223,0.3674,0,0,0,0
73.252,0.3674,0,0,0,0
73.295,0.3674,0,0,0,0
73.313,0.3674,0,0,0,0
73.355,0.3674,0,0,0,0
73.391,0.3674,0,0,0,0
73.423,0.3675,0,0,0,0
73.455,0.3675,0,0,0,0
73.487,0.3675,0,0,0,0
73.521,0.3675,0,0,0,0
73.557,0.3675,0,0,0,0
73.589,0.3675,0,0,0,0
73.622,0.3675,0,0,0,0
73.655,0.3675,0,0,0,0
73.688,0.3675,0,0,0,0
73.720,0.3675,0,0,0,0
73.755,0.3675,0,0,0,0
73.790,0.3675,0,0,0,0
73.825,0.3675,0,0,0,0
73.855,0.3675,0,0,0,0
73.888,0.3675,0,0,0,0
73.922,0.3675,0,0,0,0
73.956,0.3675,0,0,0,0
73.992,0.3675,0,0,0,0
74.023,0.3675,0,0,0,0
74.058,0.3675,0,0,0,0
74.089,0.3675,0,0,0,0
74.123,0.3675,0,0,0,0
74.157,0.3675,0,0,0,0
74.183,0.3675,0,0,0,0
74.223,0.3675,0,0,0,0
74.255,0.3675,0,0,0,0
74.291,0.3675,0,0,0,0
74.321,0.3675,0,0,0,0
74.356,0.3675,0,0,0,0
74.387,0.3675,0,0,0,0
74.421,0.3675,0,0,0,0
74.453,0.3675,0,0,0,0
74.491,0.3675,0,0,0,0
74.521,0.3675,0,0,0,0
74.561,0.3675,0,0,0,0
74.588,0.3675,0,0,0,0
74.622,0.3675,0,0,0,0
74.657,0.3675,0,0,0,0
74.686,0.3675,0,0,0,0
74.723,0.3675,0,0,0,0
74.755,0.3675,0,0,0,0
74.788,0.3675,0,0,0,0
74.822,0.3675,0,0,0,0
74.858,0.3675,0,0,0,0
74.887,0.3676,0,0,0,0
74.925,0.3676,0,0,0,0
74.958,0.3676,0,0,0,0
74.991,0.3676,0,0,0,0
75.020,0.3676,0,0,0,0
75.054,0.3676,0,0,0,0
75.090,0.3676,0,0,0,0
75.120,0.3676,0,0,0,0
75.157,0.3676,0,0,0,0
75.187,0.3676,0,0,0,0
75.224,0.3676,0,0,0,0
75.256,0.3676,0,0,0,0
75.290,0.3676,0,0,0,0
75.321,0.3676,0,0,0,0
75.356,0.3676,0,0,0,0
75.390,0.3676,0,0,0,0
75.423,0.3676,0,0,0,0
75.455,0.3676,0,0,0,0
75.490,0.3676,0,0,0,0
75.523,0.3676,0,0,0,0
75.554,0.3676,0,0,0,0
75.589,0.3676,0,0,0,0
75.622,0.3676,0,0,0,0
75.656,0.3676,0,0,0,0
75.686,0.3676,0,0,0,0
75.725,0.3676,0,0,0,0
75.755,0.3676,0,0,0,0
75.797,0.3676,0,0,0,0
75.819,0.3676,0,0,0,0
75.857,0.3676,0,0,0,0
75.889,0.3676,0,0,0,0
75.919,0.3676,0,0,0,0
75.956,0.3676,0,0,0,0
75.991,0.3676,0,0,0,0
76.024,0.3676,0,0,0,0
76.057,0.3676,0,0,0,0
76.087,0.3676,0,0,0,0
76.122,0.3676,0,0,0,0
76.156,0.3676,0,0,0,0
76.188,0.3676,0,0,0,0
76.222,0.3676,0,0,0,0
76.255,0.3676,0,0,0,0
76.288,0.3676,0,0,0,0
76.321,0.3676,0,0,0,0
76.355,0.3676,0,0,0,0
76.391,0.3676,0,0,0,0
76.419,0.3676,0,0,0,0
76.457,0.3676,0,0,0,0
76.490,0.3676,0,0,0,0
76.523,0.3676,0,0,0,0
76.554,0.3676,0,0,0,0
76.581,0.3676,0,0,0,0
76.621,0.3677,0,0,0,0
76.654,0.3677,0,0,0,0
76.691,0.3677,0,0,0,0
76.725,0.3677,0,0,0,0
76.758,0.3677,0,0,0,0
76.789,0.3677,0,0,0,0
76.822,0.3677,0,0,0,0
76.854,0.3677,0,0,0,0
76.887,0.3677,0,0,0,0
76.923,0.3677,0,0,0,0
76.956,0.3677,0,0,0,0
76.990,0.3677,0,0,0,0
77.025,0.3677,0,0,0,0
77.056,0.3677,0,0,0,0
77.091,0.3677,0,0,0,0
77.123,0.3677,0,0,0,0
77.153,0.3677,0,0,0,0
77.189,0.3677,0,0,0,0
77.216,0.3677,0,0,0,0
77.257,0.3677,0,0,0,0
77.290,0.3677,0,0,0,0
77.323,0.3677,0,0,0,0
77.352,0.3677,0,0,0,0
77.390,0.3677,0,0,0,0
77.420,0.3677,0,0,0,0
77.455,0.3677,0,0,0,0
77.490,0.3677,0,0,0,0
77.522,0.3677,0,0,0,0
77.557,0.3677,0,0,0,0
77.586,0.3677,0,0,0,0
77.624,0.3677,0,0,0,0
77.656,0.3677,0,0,0,0
77.685,0.3677,0,0,0,0
77.721,0.3677,0,0,0,0
77.755,0.3677,0,0,0,0
77.790,0.3677,0,0,0,0
77.823,0.3677,0,0,0,0
77.857,0.3677,0,0,0,0
77.890,0.3677,0,0,0,0
77.923,0.3677,0,0,0,0
77.954,0.3677,0,0,0,0
77.989,0.3677,0,0,0,0
78.021,0.3677,0,0,0,0
78.057,0.3677,0,0,0,0
78.087,0.3677,0,0,0,0
78.125,0.3677,0,0,0,0
78.158,0.3677,0,0,0,0
78.189,0.3677,0,0,0,0
78.223,0.3677,0,0,0,0
78.251,0.3677,0,0,0,0
78.289,0.3677,0,0,0,0
78.320,0.3677,0,0,0,0
78.355,0.3677,0,0,0,0
78.388,0.3677,0,0,0,0
78.422,0.3677,0,0,0,0
78.454,0.3677,0,0,0,0
78.489,0.3677,0,0,0,0
78.523,0.3677,0,0,0,0
78.556,0.3677,0,0,0,0
78.590,0.3677,0,0,0,0
78.624,0.3677,0,0,0,0
78.655,0.3677,0,0,0,0
78.691,0.3677,0,0,0,0
78.722,0.3678,0,0,0,0
78.756,0.3678,0,0,0,0
78.790,0.3678,0,0,0,0
78.822,0.3678,0,0,0,0
78.857,0.3678,0,0,0,0
78.891,0.3678,0,0,0,0
78.919,0.3678,0,0,0,0
78.958,0.3678,0,0,0,0
78.989,0.3678,0,0,0,0
79.020,0.3678,0,0,0,0
79.057,0.3678,0,0,0,0
79.089,0.3678,0,0,0,0
79.123,0.3678,0,0,0,0
79.157,0.3670,0,0,0,0
79.186,0.3656,0,0,0,0
79.221,0.3606,0,7,7,0
79.257,0.3536,0,7,7,0
79.287,0.3496,0,7,7,0
79.320,0.3415,0,7,7,0
79.358,0.3352,0,7,7,0
79.387,0.3350,0,7,7,0
79.422,0.3348,0,7,7,0
79.454,0.3348,0,7,7,0
79.490,0.3348,0,7,7,0
79.520,0.3348,0,7,7,0
79.556,0.3350,0,7,7,0
79.589,0.3350,0,7,7,0
79.620,0.3362,0,7,7,0
79.656,0.3384,0,7,7,0
79.688,0.3394,0,7,7,0
79.719,0.3415,0,7,7,0
79.753,0.3425,0,7,7,0
79.789,0.3443,0,7,7,0
79.821,0.3460,0,7,7,0
79.855,0.3476,0,7,7,0
79.890,0.3484,0,7,7,0
79.924,0.3498,0,7,7,0
79.954,0.3510,0,7,7,0
79.988,0.3516,0,7,7,0
80.020,0.3528,0,7,7,0
80.056,0.3538,0,7,7,0
80.091,0.3543,0,7,7,0
80.121,0.3552,0,7,7,0
80.155,0.3560,0,7,7,0
80.190,0.3564,0,7,7,0
80.221,0.3572,0,7,7,0
80.256,0.3579,0,7,7,0
80.286,0.3582,0,7,7,0
80.324,0.3588,0,7,7,0
80.355,0.3594,0,7,7,0
80.390,0.3597,0,7,7,0
80.423,0.3602,0,7,7,0
80.455,0.3607,0,7,7,0
80.488,0.3609,0,7,7,0
80.522,0.3614,0,7,7,0
80.557,0.3618,0,7,7,0
80.586,0.3620,0,7,7,0
80.623,0.3624,0,7,7,0
80.655,0.3627,0,7,7,0
80.689,0.3629,0,7,7,0
80.722,0.3632,0,7,7,0
80.756,0.3634,0,7,7,0
80.789,0.3636,0,7,7,0
80.821,0.3638,0,7,7,0
80.853,0.3637,0,7,7,0
80.886,0.3634,0,0,0,0
80.921,0.3627,0,0,0,0
80.955,0.3615,0,0,0,0
80.978,0.3603,0,0,0,0
81.021,0.3634,0,7,7,0
81.054,0.3648,0,7,7,0
81.088,0.3658,0,7,7,0
81.120,0.3667,0,7,7,0
81.153,0.3670,0,7,7,0
81.189,0.3672,0,7,7,0
81.220,0.3673,0,7,7,0
81.254,0.3674,0,7,7,0
81.288,0.3676,0,7,7,0
81.322,0.3683,0,7,7,0
81.357,0.3692,0,7,7,0
81.386,0.3699,0,7,7,0
81.423,0.3708,0,7,7,0
81.453,0.3713,0,7,7,0
81.491,0.3717,0,7,7,0
81.524,0.3718,0,7,7,0
81.557,0.3718,0,7,7,0
81.587,0.3718,0,7,7,0
81.622,0.3718,0,7,7,0
81.655,0.3685,0,7,7,0
81.691,0.3685,0,7,7,0
81.720,0.3685,0,7,7,0
81.756,0.3685,0,7,7,0
81.789,0.3685,0,7,7,0
81.820,0.3685,0,7,7,0
81.858,0.3685,0,7,7,0
81.890,0.3685,0,7,7,0
81.924,0.3685,0,7,7,0
81.957,0.3684,0,7,7,0
81.987,0.3684,0,7,7,0
82.022,0.3684,0,7,7,0
82.057,0.3690,0,7,7,0
82.087,0.3695,0,7,7,0
82.121,0.3704,0,7,7,0
82.156,0.3714,0,7,7,0
82.189,0.3723,0,7,7,0
82.224,0.3731,0,7,7,0
82.258,0.3735,0,7,7,0
82.290,0.3736,0,7,7,0
82.320,0.3736,0,7,7,0
82.357,0.3736,0,7,7,0
82.388,0.3736,0,7,7,0
82.424,0.3736,0,7,7,0
82.455,0.3736,0,7,7,0
82.488,0.3736,0,7,7,0
82.524,0.3736,0,7,7,0
82.556,0.3736,0,7,7,0
82.591,0.3736,0,7,7,0
82.624,0.3736,0,7,7,0
82.654,0.3736,0,7,7,0
82.688,0.3736,0,0,0,0
82.721,0.3736,0,0,0,0
82.755,0.3736,0,0,0,0
82.789,0.3738,0,0,0,0
82.822,0.3741,0,0,0,0
82.857,0.3743,0,0,0,0
82.886,0.3745,0,0,0,0
82.924,0.3746,0,0,0,0
82.955,0.3745,0,0,0,0
82.989,0.3743,0,0,0,0
83.024,0.3741,0,0,0,0
83.054,0.3740,0,0,0,0
83.087,0.3739,0,0,0,0
83.115,0.3738,0,0,0,0
83.157,0.3737,0,0,0,0
83.189,0.3735,0,0,0,0
83.224,0.3723,0,0,0,0
83.255,0.3707,0,7,7,0
83.286,0.3685,0,7,7,0
83.324,0.3644,0,7,7,0
83.353,0.3654,0,7,7,0
83.391,0.3672,0,7,7,0
83.423,0.3679,0,7,7,0
83.458,0.3678,0,7,7,0
83.489,0.3670,0,7,7,0
83.523,0.3659,0,7,7,0
83.558,0.3646,0,7,7,0
83.589,0.3632,0,7,7,0
83.621,0.3616,0,7,7,0
83.655,0.3598,0,7,7,0
83.691,0.3576,0,7,7,0
83.719,0.3556,0,7,7,0
83.756,0.3520,0,7,7,0
83.789,0.3481,0,7,7,0
83.819,0.3439,0,7,7,0
83.855,0.3387,0,7,7,0
83.891,0.3355,0,7,7,0
83.921,0.3330,0,7,7,0
83.957,0.3309,0,7,7,0
83.990,0.3294,0,7,7,0
84.021,0.3286,0,7,7,0
84.053,0.3285,0,7,7,0
84.089,0.3284,0,7,7,0
84.122,0.3283,0,7,7,0
84.157,0.3283,0,7,7,0
84.189,0.3282,0,7,7,0
84.223,0.3282,0,7,7,0
84.254,0.3282,0,7,7,0
84.290,0.3282,0,7,7,0
84.320,0.3282,0,7,7,0
84.356,0.3282,0,7,7,0
84.387,0.3282,0,7,7,0
84.424,0.3282,0,7,7,0
84.457,0.3329,0,7,7,0
84.490,0.3329,0,7,7,0
84.519,0.3326,0,7,7,0
84.557,0.3321,0,7,7,0
84.589,0.3318,0,7,7,0
84.624,0.3307,0,7,7,0
84.656,0.3295,0,7,7,0
84.688,0.3288,0,7,7,0
84.724,0.3289,0,7,7,0
84.753,0.3296,0,7,7,0
84.788,0.3304,0,7,7,0
84.821,0.3314,0,7,7,0
84.856,0.3331,0,7,7,0
84.886,0.3346,0,7,7,0
84.919,0.3361,0,7,7,0
84.955,0.3375,0,7,7,0
84.990,0.3381,0,7,7,0
85.021,0.3387,0,7,7,0
85.056,0.3392,0,7,7,0
85.087,0.3394,0,7,7,0
85.122,0.3399,0,7,7,0
85.157,0.3404,0,7,7,0
85.186,0.3406,0,7,7,0
85.224,0.3410,0,7,7,0
85.245,0.3412,0,7,7,0
85.289,0.3415,0,7,7,0
85.323,0.3419,0,7,7,0
85.356,0.3422,0,7,7,0
85.389,0.3424,0,7,7,0
85.420,0.3427,0,7,7,0
85.454,0.3429,0,7,7,0
85.487,0.3444,0,7,7,0
85.519,0.3460,0,7,7,0
85.555,0.3483,0,7,7,0
85.591,0.3507,0,7,7,0
85.625,0.3531,0,7,7,0
85.654,0.3551,0,7,7,0
85.690,0.3573,0,7,7,0
85.723,0.3591,0,7,7,0
85.757,0.3606,0,7,7,0
85.790,0.3618,0,7,7,0
85.821,0.3629,0,7,7,0
85.854,0.3642,0,7,7,0
85.889,0.3654,0,7,7,0
85.924,0.3670,0,7,7,0
85.956,0.3679,0,7,7,0
85.979,0.3683,0,7,7,0
86.020,0.3683,0,7,7,0
86.057,0.3674,0,7,7,0
86.090,0.3662,0,7,7,0
86.124,0.3675,0,7,7,0
86.154,0.3690,0,7,7,0
86.187,0.3703,0,7,7,0
86.222,0.3716,0,7,7,0
86.253,0.3727,0,7,7,0
86.290,0.3739,0,7,7,0
86.319,0.3746,0,7,7,0
86.354,0.3753,0,7,7,0
86.390,0.3756,0,7,7,0
86.421,0.3754,0,7,7,0
86.454,0.3750,0,7,7,0
86.487,0.3746,0,7,7,0
86.521,0.3741,0,7,7,0
86.554,0.3737,0,7,7,0
86.589,0.3734,0,7,7,0
86.620,0.3732,0,7,7,0
86.658,0.3729,0,7,7,0
86.690,0.3726,0,7,7,0
86.718,0.3721,0,7,7,0
86.753,0.3712,0,7,7,0
86.790,0.3700,0,7,7,0
86.821,0.3687,0,7,7,0
86.856,0.3668,0,7,7,0
86.889,0.3651,0,7,7,0
86.923,0.3643,0,7,7,0
86.955,0.3639,0,7,7,0
86.987,0.3638,0,7,7,0
87.021,0.3638,0,7,7,0
87.056,0.3640,0,7,7,0
87.091,0.3641,0,7,7,0
87.121,0.3651,0,7,7,0
87.155,0.3670,0,7,7,0
87.190,0.3684,0,7,7,0
87.224,0.3724,0,7,7,0
87.256,0.3775,0,7,7,0
87.289,0.3805,0,7,7,0
87.324,0.3873,0,7,7,0
87.356,0.3948,0,7,7,0
87.387,0.3988,0,7,7,0
87.423,0.4069,0,7,7,0
87.453,0.4109,0,7,7,0
87.488,0.4204,0,7,7,0
87.520,0.4279,0,7,7,0
87.558,0.4348,0,7,7,0
87.591,0.4380,0,7,7,0
87.621,0.4436,0,7,7,0
87.655,0.4482,0,7,7,0
87.688,0.4501,0,7,7,0
87.720,0.4529,0,7,7,0
87.756,0.4545,0,7,7,0
87.786,0.4547,0,7,7,0
87.824,0.4539,0,7,7,0
87.854,0.4514,0,7,7,0
87.891,0.4497,0,7,7,0
87.924,0.4450,0,7,7,0
87.954,0.4390,0,7,7,0
87.987,0.4356,0,7,7,0
88.025,0.4282,0,7,7,0
88.054,0.4202,0,7,7,0
88.087,0.4159,0,7,7,0
88.123,0.4071,0,7,7,0
88.154,0.3979,0,7,7,0
88.191,0.3932,0,7,7,0
88.223,0.3835,0,7,7,0
88.256,0.3737,0,7,7,0
88.286,0.3688,0,7,7,0
88.320,0.3588,0,7,7,0
88.353,0.3538,0,7,7,0
88.388,0.3436,0,7,7,0
88.423,0.3335,0,7,7,0
88.457,0.3234,0,7,7,0
88.490,0.3184,0,7,7,0
88.520,0.3085,0,7,7,0
88.557,0.2986,0,7,7,0
88.586,0.2937,0,7,7,0
88.622,0.2840,0,7,7,0
88.656,0.2744,0,7,7,0
88.689,0.2696,0,7,7,0
88.723,0.2600,0,7,7,0
88.756,0.2505,0,7,7,0
88.787,0.2458,0,7,7,0
88.821,0.2368,0,7,7,0
88.853,0.2327,0,7,7,0
88.887,0.2253,0,7,7,0
88.910,0.2222,0,7,7,0
88.954,0.2152,0,7,7,0
88.991,0.2136,0,7,7,0
89.021,0.2115,0,7,7,0
89.054,0.2106,0,7,7,0
89.090,0.2105,0,7,7,0
89.121,0.2107,0,7,7,0
89.158,0.2114,0,7,7,0
89.191,0.2119,0,7,7,0
89.224,0.2129,0,7,7,0
89.256,0.2138,0,7,7,0
89.291,0.2143,0,7,7,0
89.324,0.2151,0,7,7,0
89.354,0.2156,0,7,7,0
89.390,0.2159,0,7,7,0
89.423,0.2162,0,7,7,0
89.458,0.2164,0,7,7,0
89.490,0.2164,0,7,7,0
89.524,0.2164,0,7,7,0
89.555,0.2164,0,7,7,0
89.590,0.2164,0,7,7,0
89.619,0.2163,0,7,7,0
89.662,0.2162,0,7,7,0
89.690,0.2161,0,7,7,0
89.721,0.2160,0,7,7,0
89.757,0.2160,0,7,7,0
89.789,0.2160,0,7,7,0
89.824,0.2159,0,7,7,0
89.855,0.2159,0,7,7,0
89.887,0.2159,0,7,7,0
89.924,0.2159,0,7,7,0
89.957,0.2159,0,7,7,0
89.990,0.2159,0,7,7,0
90.021,0.2160,0,7,7,0
90.057,0.2160,0,0,0,0
90.087,0.2160,0,0,0,0
90.121,0.2164,0,0,0,0
90.155,0.2170,0,0,0,0
90.188,0.2180,0,0,0,0
90.222,0.2189,0,0,0,0
90.256,0.2197,0,0,0,0
90.291,0.2203,0,0,0,0
90.321,0.2207,0,0,0,0
90.354,0.2209,0,0,0,0
90.390,0.2211,0,0,0,0
90.419,0.2212,0,0,0,0
90.457,0.2212,0,0,0,0
90.490,0.2212,0,0,0,0
90.520,0.2212,0,0,0,0
90.553,0.2210,0,0,0,0
90.587,0.2209,0,0,0,0
90.624,0.2209,0,0,0,0
90.654,0.2208,0,0,0,0
90.689,0.2208,0,0,0,0
90.724,0.2208,0,0,0,0
90.756,0.2208,0,0,0,0
90.790,0.2208,0,0,0,0
90.824,0.2208,0,0,0,0
90.858,0.2208,0,0,0,0
90.890,0.2208,0,0,0,0
90.923,0.2208,0,0,0,0
90.957,0.2208,0,0,0,0
90.990,0.2208,0,0,0,0
91.023,0.2208,0,0,0,0
91.054,0.2208,0,0,0,0
91.090,0.2208,0,0,0,0
91.120,0.2208,0,0,0,0
91.156,0.2208,0,0,0,0
91.197,0.2208,0,0,0,0
91.220,0.2208,0,0,0,0
91.257,0.2209,0,0,0,0
91.290,0.2210,0,0,0,0
91.324,0.2211,0,0,0,0
91.357,0.2212,0,0,0,0
91.388,0.2212,0,0,0,0
91.422,0.2212,0,0,0,0
91.454,0.2212,0,0,0,0
91.486,0.2212,0,0,0,0
91.519,0.2212,0,0,0,0
91.554,0.2212,0,0,0,0
91.589,0.2212,0,0,0,0
91.622,0.2212,0,0,0,0
91.657,0.2212,0,0,0,0
91.686,0.2212,0,0,0,0
91.721,0.2212,0,0,0,0
91.755,0.2212,0,0,0,0
91.790,0.2212,0,0,0,0
91.823,0.2212,0,0,0,0
91.856,0.2212,0,0,0,0
91.890,0.2212,0,0,0,0
91.921,0.2212,0,0,0,0
91.952,0.2211,0,0,0,0
91.988,0.2210,0,0,0,0
92.020,0.2209,0,0,0,0
92.056,0.2209,0,0,0,0
92.088,0.2209,0,0,0,0
92.123,0.2209,0,0,0,0
92.155,0.2209,0,0,0,0
92.190,0.2209,0,0,0,0
92.223,0.2208,0,0,0,0
92.255,0.2206,0,0,0,0
92.290,0.2205,0,0,0,0
92.321,0.2202,0,0,0,0
92.354,0.2200,0,0,0,0
92.389,0.2197,0,0,0,0
92.424,0.2195,0,0,0,0
92.454,0.2194,0,0,0,0
92.492,0.2194,0,0,0,0
92.522,0.2194,0,0,0,0
92.556,0.2194,0,0,0,0
92.587,0.2194,0,0,0,0
92.621,0.2194,0,0,0,0
92.654,0.2194,0,0,0,0
92.690,0.2191,0,0,0,0
92.725,0.2188,0,0,0,0
92.754,0.2184,0,0,0,0
92.786,0.2178,0,0,0,0
92.824,0.2170,0,0,0,0
92.855,0.2164,0,0,0,0
92.887,0.2164,0,0,0,0
92.923,0.2164,0,0,0,0
92.955,0.2164,0,0,0,0
92.987,0.2164,0,0,0,0
93.022,0.2164,0,0,0,0
93.055,0.2164,0,0,0,0
93.090,0.2164,0,0,0,0
93.122,0.2164,0,0,0,0
93.158,0.2164,0,0,0,0
93.189,0.2164,0,0,0,0
93.220,0.2164,0,0,0,0
93.253,0.2164,0,0,0,0
93.288,0.2164,0,0,0,0
93.320,0.2164,0,0,0,0
93.352,0.2164,0,0,0,0
93.387,0.2164,0,0,0,0
93.420,0.2164,0,0,0,0
93.456,0.2164,0,0,0,0
93.490,0.2164,0,0,0,0
93.521,0.2164,0,0,0,0
93.557,0.2164,0,0,0,0
93.589,0.2164,0,0,0,0
93.623,0.2164,0,0,0,0
93.657,0.2164,0,0,0,0
93.689,0.2164,0,0,0,0
93.724,0.2164,0,0,0,0
93.754,0.2164,0,0,0,0
93.789,0.2164,0,0,0,0
93.823,0.2164,0,0,0,0
93.857,0.2164,0,0,0,0
93.891,0.2164,0,0,0,0
93.920,0.2164,0,0,0,0
93.957,0.2164,0,0,0,0
93.990,0.2164,0,0,0,0
94.019,0.2164,0,0,0,0
94.054,0.2164,0,0,0,0
94.091,0.2164,0,0,0,0
94.121,0.2164,0,0,0,0
94.155,0.2164,0,0,0,0
94.190,0.2168,0,0,0,0
94.221,0.2176,0,0,0,0
94.257,0.2185,0,0,0,0
94.289,0.2192,0,0,0,0
94.324,0.2198,0,0,0,0
94.357,0.2201,0,0,0,0
94.388,0.2202,0,0,0,0
94.421,0.2203,0,0,0,0
94.455,0.2203,0,0,0,0
94.489,0.2203,0,0,0,0
94.522,0.2203,0,0,0,0
94.554,0.2203,0,0,0,0
94.587,0.2203,0,0,0,0
94.622,0.2203,0,0,0,0
94.657,0.2204,0,0,0,0
94.690,0.2206,0,0,0,0
94.720,0.2208,0,0,0,0
94.757,0.2210,0,0,0,0
94.786,0.2211,0,0,0,0
94.820,0.2211,0,0,0,0
94.857,0.2211,0,0,0,0
94.889,0.2211,0,0,0,0
94.923,0.2211,0,0,0,0
94.955,0.2211,0,0,0,0
94.991,0.2211,0,0,0,0
95.021,0.2212,0,0,0,0
95.057,0.2212,0,0,0,0
95.087,0.2212,0,0,0,0
95.119,0.2212,0,0,0,0
95.155,0.2211,0,0,0,0
95.190,0.2211,0,0,0,0
95.222,0.2211,0,0,0,0
95.257,0.2211,0,0,0,0
95.288,0.2211,0,0,0,0
95.326,0.2211,0,0,0,0
95.354,0.2211,0,0,0,0
95.391,0.2211,0,0,0,0
95.412,0.2211,0,0,0,0
95.456,0.2211,0,0,0,0
95.489,0.2211,0,0,0,0
95.521,0.2211,0,0,0,0
95.556,0.2211,0,0,0,0
95.589,0.2211,0,0,0,0
95.623,0.2211,0,0,0,0
95.655,0.2211,0,0,0,0
95.691,0.2211,0,0,0,0
95.722,0.2211,0,0,0,0
95.755,0.2211,0,0,0,0
95.790,0.2211,0,0,0,0
95.821,0.2211,0,0,0,0
95.856,0.2211,0,0,0,0
95.886,0.2211,0,0,0,0
95.921,0.2211,0,0,0,0
95.954,0.2211,0,0,0,0
95.987,0.2211,0,0,0,0
96.024,0.2211,0,0,0,0
96.059,0.2211,0,0,0,0
96.088,0.2211,0,0,0,0
96.124,0.2211,0,0,0,0
96.157,0.2211,0,0,0,0
96.189,0.2211,0,0,0,0
96.224,0.2211,0,0,0,0
96.258,0.2211,0,0,0,0
96.286,0.2211,0,0,0,0
96.321,0.2211,0,0,0,0
96.354,0.2211,0,0,0,0
96.390,0.2211,0,0,0,0
96.423,0.2211,0,0,0,0
96.458,0.2211,0,0,0,0
96.489,0.2211,0,0,0,0
96.523,0.2211,0,0,0,0
96.558,0.2211,0,0,0,0
96.586,0.2211,0,0,0,0
96.621,0.2211,0,0,0,0
96.655,0.2211,0,0,0,0
96.686,0.2211,0,0,0,0
96.721,0.2211,0,0,0,0
96.754,0.2211,0,0,0,0
96.788,0.2211,0,0,0,0
96.828,0.2211,0,0,0,0
96.857,0.2211,0,0,0,0
96.889,0.2211,0,0,0,0
96.924,0.2211,0,0,0,0
96.953,0.2211,0,0,0,0
96.988,0.2211,0,0,0,0
97.021,0.2211,0,0,0,0
97.057,0.2211,0,0,0,0
97.090,0.2211,0,0,0,0
97.123,0.2211,0,0,0,0
97.155,0.2211,0,0,0,0
97.190,0.2211,0,0,0,0
97.220,0.2211,0,0,0,0
97.255,0.2211,0,0,0,0
97.287,0.2211,0,0,0,0
97.320,0.2211,0,0,0,0
97.356,0.2211,0,0,0,0
97.391,0.2211,0,0,0,0
97.421,0.2211,0,0,0,0
97.457,0.2211,0,0,0,0
97.492,0.2211,0,0,0,0
97.529,0.2211,0,0,0,0
97.553,0.2211,0,0,0,0
97.590,0.2211,0,0,0,0
97.621,0.2211,0,0,0,0
97.657,0.2211,0,0,0,0
97.689,0.2211,0,0,0,0
97.723,0.2211,0,0,0,0
97.756,0.2211,0,0,0,0
97.788,0.2211,0,0,0,0
97.824,0.2211,0,0,0,0
97.856,0.2211,0,0,0,0
97.887,0.2211,0,0,0,0
97.924,0.2211,0,0,0,0
97.956,0.2211,0,0,0,0
97.987,0.2211,0,0,0,0
98.022,0.2211,0,0,0,0
98.058,0.2211,0,0,0,0
98.088,0.2211,0,0,0,0
98.120,0.2211,0,0,0,0
98.157,0.2211,0,0,0,0
98.188,0.2211,0,0,0,0
98.224,0.2211,0,0,0,0
98.255,0.2211,0,0,0,0
98.289,0.2211,0,0,0,0
98.324,0.2211,0,0,0,0
98.357,0.2211,0,0,0,0
98.389,0.2211,0,0,0,0
98.422,0.2211,0,0,0,0
98.456,0.2211,0,0,0,0
98.488,0.2211,0,0,0,0
98.520,0.2211,0,0,0,0
98.555,0.2211,0,0,0,0
98.590,0.2211,0,0,0,0
98.624,0.2211,0,0,0,0
98.654,0.2211,0,0,0,0
98.688,0.2211,0,0,0,0
98.722,0.2211,0,0,0,0
98.754,0.2211,0,0,0,0
98.787,0.2211,0,0,0,0
98.821,0.2211,0,0,0,0
98.856,0.2211,0,0,0,0
98.890,0.2211,0,0,0,0
98.921,0.2211,0,0,0,0
98.954,0.2212,0,0,0,0
98.990,0.2212,0,0,0,0
99.020,0.2212,0,0,0,0
99.055,0.2212,0,0,0,0
99.088,0.2212,0,0,0,0
99.123,0.2212,0,0,0,0
99.157,0.2212,0,0,0,0
99.191,0.2212,0,0,0,0
99.224,0.2212,0,0,0,0
99.254,0.2212,0,0,0,0
99.290,0.2212,0,0,0,0
99.324,0.2212,0,0,0,0
99.356,0.2212,0,0,0,0
99.390,0.2212,0,0,0,0
99.424,0.2212,0,0,0,0
99.453,0.2212,0,0,0,0
99.486,0.2212,0,0,0,0
99.522,0.2212,0,0,0,0
99.557,0.2212,0,0,0,0
99.590,0.2212,0,0,0,0
99.624,0.2212,0,0,0,0
99.656,0.2212,0,0,0,0
99.689,0.2212,0,0,0,0
99.717,0.2212,0,0,0,0
99.754,0.2212,0,0,0,0
99.790,0.2212,0,0,0,0
99.823,0.2212,0,0,0,0
99.854,0.2212,0,0,0,0
99.891,0.2212,0,0,0,0
99.922,0.2212,0,0,0,0
99.957,0.2212,0,0,0,0
99.987,0.2212,0,0,0,0
100.020,0.2212,0,0,0,0
100.055,0.2212,0,0,0,0
100.086,0.2212,0,0,0,0
100.123,0.2212,0,0,0,0
100.153,0.2212,0,0,0,0
100.190,0.2212,0,0,0,0
100.222,0.2212,0,0,0,0
100.257,0.2212,0,0,0,0
100.290,0.2212,0,0,0,0
100.323,0.2212,0,0,0,0
100.357,0.2212,0,0,0,0
100.387,0.2212,0,0,0,0
100.421,0.2212,0,0,0,0
100.451,0.2212,0,0,0,0
100.487,0.2212,0,0,0,0
100.524,0.2212,0,0,0,0
100.555,0.2212,0,0,0,0
100.591,0.2212,0,0,0,0
100.624,0.2212,0,0,0,0
100.657,0.2212,0,0,0,0
100.688,0.2212,0,0,0,0
100.723,0.2212,0,0,0,0
100.755,0.2212,0,0,0,0
100.786,0.2212,0,0,0,0
100.823,0.2212,0,0,0,0
100.854,0.2212,0,0,0,0
100.888,0.2212,0,0,0,0
100.922,0.2212,0,0,0,0
100.954,0.2212,0,0,0,0
100.990,0.2212,0,0,0,0
101.021,0.2212,0,0,0,0
101.056,0.2212,0,0,0,0
101.090,0.2212,0,0,0,0
101.120,0.2212,0,0,0,0
101.154,0.2212,0,0,0,0
101.184,0.2212,0,0,0,0
101.223,0.2212,0,0,0,0
101.257,0.2212,0,0,0,0
101.288,0.2212,0,0,0,0
101.323,0.2212,0,0,0,0
101.355,0.2212,0,0,0,0
101.388,0.2212,0,0,0,0
101.423,0.2212,0,0,0,0
101.456,0.2212,0,0,0,0
101.491,0.2212,0,0,0,0
101.524,0.2212,0,0,0,0
101.554,0.2212,0,0,0,0
101.588,0.2212,0,0,0,0
101.624,0.2212,0,0,0,0
101.654,0.2212,0,0,0,0
101.689,0.2212,0,0,0,0
101.722,0.2211,0,0,0,0
101.754,0.2209,0,0,0,0
101.788,0.2206,0,0,0,0
101.823,0.2201,0,0,0,0
101.856,0.2194,0,0,0,0
101.890,0.2186,0,0,0,0
101.918,0.2179,0,0,0,0
101.956,0.2174,0,0,0,0
101.987,0.2170,0,0,0,0
102.022,0.2165,0,0,0,0
102.054,0.2161,0,0,0,0
102.090,0.2157,0,0,0,0
102.123,0.2151,0,0,0,0
102.154,0.2155,0,0,0,0
102.188,0.2160,0,0,0,0
102.223,0.2166,0,0,0,0
102.253,0.2171,0,0,0,0
102.286,0.2174,0,0,0,0
102.323,0.2176,0,0,0,0
102.354,0.2176,0,0,0,0
102.386,0.2175,0,0,0,0
102.423,0.2174,0,0,0,0
102.455,0.2173,0,0,0,0
102.487,0.2172,0,0,0,0
102.520,0.2170,0,0,0,0
102.556,0.2170,0,0,0,0
102.587,0.2169,0,0,0,0
102.619,0.2169,0,0,0,0
102.654,0.2169,0,0,0,0
102.691,0.2169,0,0,0,0
102.723,0.2169,0,0,0,0
102.754,0.2169,0,0,0,0
102.790,0.2169,0,0,0,0
102.824,0.2169,0,0,0,0
102.858,0.2169,0,0,0,0
102.891,0.2169,0,0,0,0
102.924,0.2169,0,0,0,0
102.953,0.2169,0,0,0,0
102.988,0.2169,0,0,0,0
103.024,0.2169,0,0,0,0
103.054,0.2169,0,0,0,0
103.087,0.2169,0,0,0,0
103.120,0.2169,0,0,0,0
103.157,0.2169,0,0,0,0
103.190,0.2169,0,0,0,0
103.220,0.2169,0,0,0,0
103.256,0.2169,0,0,0,0
103.290,0.2169,0,0,0,0
103.321,0.2169,0,0,0,0
103.354,0.2169,0,0,0,0
103.388,0.2169,0,0,0,0
103.419,0.2169,0,0,0,0
103.455,0.2169,0,0,0,0
103.488,0.2169,0,0,0,0
103.521,0.2169,0,0,0,0
103.558,0.2169,0,0,0,0
103.590,0.2169,0,0,0,0
103.619,0.2169,0,0,0,0
103.656,0.2169,0,0,0,0
103.691,0.2169,0,0,0,0
103.719,0.2169,0,0,0,0
103.753,0.2169,0,0,0,0
103.791,0.2169,0,0,0,0
103.820,0.2169,0,0,0,0
103.854,0.2169,0,0,0,0
103.890,0.2169,0,0,0,0
103.922,0.2169,0,0,0,0
103.956,0.2169,0,0,0,0
103.991,0.2169,0,0,0,0
104.022,0.2169,0,0,0,0
104.058,0.2169,0,0,0,0
104.090,0.2169,0,0,0,0
104.124,0.2169,0,0,0,0
104.154,0.2169,0,0,0,0
104.186,0.2169,0,0,0,0
104.222,0.2169,0,0,0,0
104.260,0.2169,0,0,0,0
104.289,0.2169,0,0,0,0
104.319,0.2169,0,0,0,0
104.354,0.2169,0,0,0,0
104.386,0.2169,0,0,0,0
104.425,0.2169,0,0,0,0
104.456,0.2169,0,0,0,0
104.489,0.2169,0,0,0,0
104.524,0.2169,0,0,0,0
104.555,0.2169,0,0,0,0
104.590,0.2170,0,0,0,0
104.621,0.2171,0,0,0,0
104.654,0.2172,0,0,0,0
104.689,0.2173,0,0,0,0
104.722,0.2175,0,0,0,0
104.753,0.2176,0,0,0,0
104.786,0.2176,0,0,0,0
104.821,0.2176,0,0,0,0
104.855,0.2177,0,0,0,0
104.887,0.2177,0,0,0,0
104.925,0.2176,0,0,0,0
104.955,0.2176,0,0,0,0
104.988,0.2176,0,0,0,0
105.021,0.2176,0,0,0,0
105.044,0.2176,0,0,0,0
105.087,0.2176,0,0,0,0
105.122,0.2176,0,0,0,0
105.154,0.2176,0,0,0,0
105.189,0.2176,0,0,0,0
105.221,0.2176,0,0,0,0
105.254,0.2176,0,0,0,0
105.289,0.2176,0,0,0,0
105.324,0.2176,0,0,0,0
105.355,0.2176,0,0,0,0
105.391,0.2176,0,0,0,0
105.421,0.2176,0,0,0,0
105.455,0.2176,0,0,0,0
105.490,0.2176,0,0,0,0
105.523,0.2176,0,0,0,0
105.555,0.2176,0,0,0,0
105.589,0.2176,0,0,0,0
105.623,0.2176,0,0,0,0
105.657,0.2176,0,0,0,0
105.687,0.2176,0,0,0,0
105.725,0.2176,0,0,0,0
105.754,0.2176,0,0,0,0
105.791,0.2176,0,0,0,0
105.820,0.2176,0,0,0,0
105.856,0.2176,0,0,0,0
105.890,0.2176,0,0,0,0
105.920,0.2176,0,0,0,0
105.956,0.2176,0,0,0,0
105.988,0.2176,0,0,0,0
106.024,0.2176,0,0,0,0
106.057,0.2176,0,0,0,0
106.088,0.2176,0,0,0,0
106.122,0.2176,0,0,0,0
106.154,0.2176,0,0,0,0
106.189,0.2176,0,0,0,0
106.224,0.2176,0,0,0,0
106.254,0.2176,0,0,0,0
106.291,0.2176,0,0,0,0
106.320,0.2176,0,0,0,0
106.354,0.2176,0,0,0,0
106.390,0.2176,0,0,0,0
106.423,0.2176,0,0,0,0
106.454,0.2176,0,0,0,0
106.490,0.2176,0,0,0,0
106.522,0.2176,0,0,0,0
106.557,0.2176,0,0,0,0
106.588,0.2176,0,0,0,0
106.616,0.2176,0,0,0,0
106.657,0.2176,0,0,0,0
106.689,0.2176,0,0,0,0
106.723,0.2176,0,0,0,0
106.755,0.2176,0,0,0,0
106.791,0.2176,0,0,0,0
106.824,0.2176,0,0,0,0
106.857,0.2176,0,0,0,0
106.887,0.2176,0,0,0,0
106.924,0.2176,0,0,0,0
106.953,0.2176,0,0,0,0
106.990,0.2176,0,0,0,0
107.024,0.2176,0,0,0,0
107.055,0.2176,0,0,0,0
107.087,0.2176,0,0,0,0
107.124,0.2176,0,0,0,0
107.153,0.2176,0,0,0,0
107.189,0.2176,0,0,0,0
107.221,0.2176,0,0,0,0
107.258,0.2176,0,0,0,0
107.291,0.2176,0,0,0,0
107.322,0.2176,0,0,0,0
107.356,0.2176,0,0,0,0
107.389,0.2176,0,0,0,0
107.423,0.2176,0,0,0,0
107.452,0.2176,0,0,0,0
107.487,0.2176,0,0,0,0
107.521,0.2176,0,0,0,0
107.557,0.2176,0,0,0,0
107.587,0.2176,0,0,0,0
107.622,0.2176,0,0,0,0
107.654,0.2176,0,0,0,0
107.689,0.2176,0,0,0,0
107.723,0.2176,0,0,0,0
107.754,0.2176,0,0,0,0
107.789,0.2176,0,0,0,0
107.825,0.2176,0,0,0,0
107.857,0.2176,0,0,0,0
107.889,0.2176,0,0,0,0
107.920,0.2176,0,0,0,0
107.958,0.2176,0,0,0,0
107.989,0.2176,0,0,0,0
108.023,0.2176,0,0,0,0
108.055,0.2176,0,0,0,0
108.086,0.2176,0,0,0,0
108.120,0.2176,0,0,0,0
108.155,0.2176,0,0,0,0
108.187,0.2176,0,0,0,0
108.220,0.2176,0,0,0,0
108.257,0.2176,0,0,0,0
108.291,0.2176,0,0,0,0
108.324,0.2176,0,0,0,0
108.357,0.2176,0,0,0,0
108.388,0.2176,0,0,0,0
108.424,0.2176,0,0,0,0
108.456,0.2176,0,0,0,0
108.490,0.2176,0,0,0,0
108.523,0.2176,0,0,0,0
108.557,0.2176,0,0,0,0
108.590,0.2176,0,0,0,0
108.621,0.2176,0,0,0,0
108.657,0.2176,0,0,0,0
108.687,0.2176,0,0,0,0
108.720,0.2176,0,0,0,0
108.759,0.2176,0,0,0,0
108.788,0.2175,0,0,0,0
108.817,0.2172,0,0,0,0
108.857,0.2164,0,0,0,0
108.888,0.2151,0,0,0,0
108.923,0.2171,0,7,7,0
108.955,0.2188,0,7,7,0
108.990,0.2201,0,7,7,0
109.022,0.2209,0,7,7,0
109.054,0.2212,0,7,7,0
109.088,0.2211,0,7,7,0
109.123,0.2204,0,7,7,0
109.157,0.2192,0,7,7,0
109.187,0.2178,0,7,7,0
109.221,0.2158,0,7,7,0
109.258,0.2139,0,7,7,0
109.288,0.2152,0,7,7,0
109.324,0.2165,0,7,7,0
109.354,0.2171,0,7,7,0
109.390,0.2173,0,7,7,0
109.423,0.2171,0,7,7,0
109.454,0.2164,0,7,7,0
109.490,0.2152,0,7,7,0
109.520,0.2137,0,7,7,0
109.554,0.2116,0,7,7,0
109.591,0.2139,0,7,7,0
109.624,0.2156,0,7,7,0
109.657,0.2167,0,7,7,0
109.687,0.2172,0,7,7,0
109.723,0.2174,0,7,7,0
109.755,0.2176,0,7,7,0
109.790,0.2177,0,7,7,0
109.820,0.2178,0,7,7,0
109.855,0.2178,0,7,7,0
109.891,0.2177,0,7,7,0
109.921,0.2174,0,7,7,0
109.957,0.2167,0,7,7,0
109.991,0.2158,0,7,7,0
110.021,0.2154,0,7,7,0
110.057,0.2154,0,7,7,0
110.090,0.2154,0,7,7,0
110.121,0.2154,0,7,7,0
110.157,0.2154,0,7,7,0
110.187,0.2154,0,7,7,0
110.224,0.2154,0,7,7,0
110.257,0.2154,0,7,7,0
110.287,0.2154,0,7,7,0
110.323,0.2154,0,7,7,0
110.356,0.2154,0,7,7,0
110.389,0.2154,0,7,7,0
110.420,0.2154,0,7,7,0
110.458,0.2154,0,7,7,0
110.488,0.2154,0,7,7,0
110.523,0.2154,0,7,7,0
110.558,0.2157,0,7,7,0
110.588,0.2160,0,7,7,0
110.623,0.2167,0,7,7,0
110.658,0.2173,0,0,0,0
110.689,0.2177,0,0,0,0
110.723,0.2178,0,0,0,0
110.755,0.2177,0,0,0,0
110.790,0.2170,0,0,0,0
110.823,0.2160,0,0,0,0
110.855,0.2146,0,0,0,0
110.888,0.2128,0,7,7,0
110.924,0.2124,0,7,7,0
110.956,0.2134,0,7,7,0
110.990,0.2143,0,7,7,0
111.019,0.2150,0,7,7,0
111.056,0.2157,0,7,7,0
111.087,0.2162,0,7,7,0
111.124,0.2171,0,7,7,0
111.157,0.2173,0,7,7,0
111.189,0.2172,0,7,7,0
111.225,0.2165,0,7,7,0
111.256,0.2154,0,7,7,0
111.289,0.2138,0,7,7,0
111.322,0.2158,0,7,7,0
111.353,0.2177,0,7,7,0
111.386,0.2192,0,7,7,0
111.422,0.2197,0,7,7,0
111.455,0.2200,0,7,7,0
111.487,0.2202,0,7,7,0
111.523,0.2204,0,7,7,0
111.554,0.2206,0,7,7,0
111.591,0.2207,0,7,7,0
111.622,0.2208,0,7,7,0
111.657,0.2209,0,7,7,0
111.689,0.2210,0,7,7,0
111.722,0.2212,0,7,7,0
111.754,0.2212,0,7,7,0
111.786,0.2211,0,7,7,0
111.821,0.2207,0,7,7,0
111.853,0.2201,0,7,7,0
111.886,0.2191,0,7,7,0
111.923,0.2183,0,7,7,0
111.958,0.2175,0,7,7,0
111.989,0.2167,0,7,7,0
112.022,0.2160,0,7,7,0
112.057,0.2153,0,7,7,0
112.091,0.2152,0,7,7,0
112.123,0.2156,0,7,7,0
112.157,0.2159,0,7,7,0
112.190,0.2161,0,7,7,0
112.224,0.2163,0,7,7,0
112.254,0.2164,0,7,7,0
112.287,0.2165,0,7,7,0
112.319,0.2165,0,7,7,0
112.355,0.2165,0,7,7,0
112.391,0.2165,0,0,0,0
112.422,0.2165,0,0,0,0
112.457,0.2165,0,0,0,0
112.488,0.2165,0,0,0,0
112.524,0.2165,0,0,0,0
112.556,0.2165,0,0,0,0
112.590,0.2165,0,0,0,0
112.623,0.2165,0,0,0,0
112.658,0.2165,0,0,0,0
112.689,0.2165,0,0,0,0
112.720,0.2165,0,0,0,0
112.755,0.2165,0,0,0,0
112.790,0.2165,0,0,0,0
112.823,0.2165,0,0,0,0
112.854,0.2165,0,0,0,0
112.890,0.2165,0,0,0,0
112.920,0.2165,0,0,0,0
112.954,0.2165,0,0,0,0
112.994,0.2165,0,0,0,0
113.023,0.2165,0,0,0,0
113.052,0.2165,0,0,0,0
113.089,0.2165,0,0,0,0
113.124,0.2165,0,0,0,0
113.155,0.2165,0,0,0,0
113.189,0.2165,0,0,0,0
113.223,0.2165,0,0,0,0
113.257,0.2165,0,0,0,0
113.288,0.2165,0,0,0,0
113.322,0.2165,0,0,0,0
113.356,0.2165,0,0,0,0
113.388,0.2165,0,0,0,0
113.419,0.2165,0,0,0,0
113.456,0.2169,0,0,0,0
113.488,0.2171,0,0,0,0
113.521,0.2175,0,0,0,0
113.555,0.2177,0,0,0,0
113.590,0.2173,0,0,0,0
113.619,0.2166,0,0,0,0
113.653,0.2153,0,0,0,0
113.687,0.2135,0,7,7,0
113.723,0.2112,0,7,7,0
113.756,0.2085,0,7,7,0
113.790,0.2053,0,7,7,0
113.824,0.2016,0,7,7,0
113.854,0.1980,0,7,7,0
113.890,0.1934,0,7,7,0
113.919,0.1924,0,7,7,0
113.955,0.1964,0,7,7,0
113.987,0.2002,0,7,7,0
114.023,0.2040,0,7,7,0
114.055,0.2069,0,7,7,0
114.086,0.2094,0,7,7,0
114.122,0.2117,0,7,7,0
114.157,0.2135,0,7,7,0
114.189,0.2147,0,7,7,0
114.224,0.2155,0,7,7,0
114.256,0.2158,0,7,7,0
114.289,0.2156,0,7,7,0
114.324,0.2149,0,7,7,0
114.353,0.2141,0,7,7,0
114.392,0.2169,0,7,7,0
114.424,0.2186,0,7,7,0
114.455,0.2200,0,7,7,0
114.488,0.2209,0,7,7,0
114.521,0.2214,0,7,7,0
114.557,0.2214,0,7,7,0
114.588,0.2210,0,7,7,0
114.622,0.2200,0,7,7,0
114.654,0.2187,0,7,7,0
114.688,0.2168,0,7,7,0
114.724,0.2142,0,7,7,0
114.755,0.2157,0,7,7,0
114.790,0.2169,0,7,7,0
114.823,0.2176,0,7,7,0
114.853,0.2178,0,7,7,0
114.891,0.2178,0,7,7,0
114.921,0.2178,0,7,7,0
114.957,0.2200,0,7,7,0
114.990,0.2197,0,7,7,0
115.022,0.2194,0,7,7,0
115.055,0.2193,0,7,7,0
115.087,0.2193,0,7,7,0
115.124,0.2193,0,7,7,0
115.154,0.2193,0,7,7,0
115.184,0.2193,0,7,7,0
115.222,0.2193,0,7,7,0
115.257,0.2193,0,7,7,0
115.290,0.2193,0,7,7,0
115.322,0.2193,0,7,7,0
115.355,0.2193,0,7,7,0
115.387,0.2193,0,7,7,0
115.422,0.2193,0,7,7,0
115.454,0.2193,0,7,7,0
115.488,0.2193,0,7,7,0
115.521,0.2193,0,7,7,0
115.557,0.2193,0,7,7,0
115.587,0.2193,0,7,7,0
115.620,0.2193,0,7,7,0
115.655,0.2193,0,7,7,0
115.689,0.2193,0,7,7,0
115.722,0.2193,0,7,7,0
115.754,0.2193,0,7,7,0
115.790,0.2193,0,7,7,0
115.822,0.2193,0,7,7,0
115.854,0.2193,0,7,7,0
115.891,0.2195,0,7,7,0
115.912,0.2198,0,7,7,0
115.957,0.2205,0,7,7,0
115.991,0.2209,0,0,0,0
116.021,0.2212,0,0,0,0
116.053,0.2215,0,0,0,0
116.089,0.2215,0,0,0,0
116.122,0.2214,0,0,0,0
116.154,0.2211,0,0,0,0
116.189,0.2207,0,0,0,0
116.222,0.2201,0,0,0,0
116.254,0.2195,0,0,0,0
116.289,0.2188,0,0,0,0
116.322,0.2185,0,0,0,0
116.355,0.2185,0,0,0,0
116.389,0.2185,0,0,0,0
116.421,0.2187,0,0,0,0
116.456,0.2195,0,0,0,0
116.487,0.2201,0,0,0,0
116.521,0.2209,0,0,0,0
116.556,0.2215,0,0,0,0
116.587,0.2215,0,0,0,0
116.626,0.2209,0,0,0,0
116.656,0.2200,0,0,0,0
116.689,0.2186,0,0,0,0
116.724,0.2166,0,7,7,0
116.755,0.2145,0,7,7,0
116.786,0.2151,0,7,7,0
116.821,0.2159,0,7,7,0
116.857,0.2165,0,7,7,0
116.889,0.2169,0,7,7,0
116.921,0.2172,0,7,7,0
116.957,0.2175,0,7,7,0
116.991,0.2178,0,7,7,0
117.021,0.2178,0,7,7,0
117.055,0.2176,0,7,7,0
117.089,0.2169,0,7,7,0
117.121,0.2157,0,7,7,0
117.156,0.2141,0,7,7,0
117.190,0.2130,0,7,7,0
117.223,0.2125,0,7,7,0
117.257,0.2125,0,7,7,0
117.289,0.2125,0,7,7,0
117.322,0.2125,0,7,7,0
117.357,0.2125,0,7,7,0
117.391,0.2125,0,7,7,0
117.424,0.2125,0,7,7,0
117.449,0.2125,0,7,7,0
117.490,0.2125,0,7,7,0
117.521,0.2125,0,7,7,0
117.556,0.2125,0,7,7,0
117.588,0.2125,0,7,7,0
117.623,0.2125,0,7,7,0
117.657,0.2125,0,7,7,0
117.689,0.2125,0,7,7,0
117.722,0.2125,0,7,7,0
117.757,0.2125,0,7,7,0
117.786,0.2125,0,7,7,0
117.822,0.2125,0,7,7,0
117.858,0.2125,0,7,7,0
117.886,0.2125,0,7,7,0
117.921,0.2125,0,7,7,0
117.955,0.2125,0,7,7,0
117.988,0.2119,0,7,7,0
118.021,0.2119,0,7,7,0
118.055,0.2128,0,7,7,0
118.088,0.2136,0,7,7,0
118.120,0.2143,0,7,7,0
118.154,0.2144,0,7,7,0
118.185,0.2144,0,0,0,0
118.223,0.2144,0,0,0,0
118.254,0.2144,0,0,0,0
118.289,0.2144,0,0,0,0
118.324,0.2144,0,0,0,0
118.357,0.2144,0,0,0,0
118.387,0.2147,0,0,0,0
118.423,0.2155,0,0,0,0
118.457,0.2162,0,0,0,0
118.489,0.2169,0,0,0,0
118.521,0.2172,0,0,0,0
118.555,0.2173,0,0,0,0
118.588,0.2171,0,0,0,0
118.622,0.2169,0,0,0,0
118.657,0.2165,0,0,0,0
118.690,0.2161,0,0,0,0
118.721,0.2158,0,0,0,0
118.756,0.2154,0,0,0,0
118.791,0.2149,0,0,0,0
118.823,0.2145,0,0,0,0
118.854,0.2141,0,0,0,0
118.890,0.2160,0,7,7,0
118.923,0.2177,0,7,7,0
118.954,0.2189,0,7,7,0
118.985,0.2195,0,7,7,0
119.025,0.2201,0,7,7,0
119.057,0.2204,0,7,7,0
119.091,0.2206,0,7,7,0
119.122,0.2207,0,7,7,0
119.154,0.2208,0,7,7,0
119.191,0.2209,0,7,7,0
119.221,0.2209,0,7,7,0
119.257,0.2209,0,7,7,0
119.290,0.2209,0,7,7,0
119.324,0.2210,0,7,7,0
119.354,0.2211,0,7,7,0
119.389,0.2210,0,7,7,0
119.423,0.2206,0,7,7,0
119.458,0.2198,0,7,7,0
119.488,0.2193,0,7,7,0
119.521,0.2181,0,7,7,0
119.556,0.2166,0,7,7,0
119.589,0.2158,0,7,7,0
119.621,0.2140,0,7,7,0
119.657,0.2122,0,7,7,0
119.692,0.2113,0,7,7,0
119.721,0.2099,0,7,7,0
119.744,0.2092,0,7,7,0
119.790,0.2083,0,7,7,0
119.821,0.2081,0,7,7,0
119.857,0.2084,0,7,7,0
119.890,0.2088,0,7,7,0
119.923,0.2099,0,7,7,0
119.952,0.2105,0,7,7,0
119.991,0.2117,0,7,7,0
120.024,0.2128,0,7,7,0
120.053,0.2134,0,7,7,0
120.090,0.2144,0,7,7,0
120.121,0.2153,0,7,7,0
120.155,0.2164,0,7,7,0
120.190,0.2171,0,7,7,0
120.222,0.2180,0,7,7,0
120.258,0.2189,0,7,7,0
120.288,0.2192,0,7,7,0
120.323,0.2197,0,7,7,0
120.354,0.2202,0,7,7,0
120.386,0.2205,0,7,7,0
120.421,0.2209,0,7,7,0
120.455,0.2212,0,7,7,0
120.487,0.2214,0,7,7,0
120.524,0.2217,0,7,7,0
120.557,0.2220,0,7,7,0
120.587,0.2221,0,7,7,0
120.621,0.2223,0,7,7,0
120.657,0.2224,0,7,7,0
120.688,0.2225,0,0,0,0
120.722,0.2226,0,0,0,0
120.755,0.2226,0,0,0,0
120.790,0.2226,0,0,0,0
120.822,0.2227,0,0,0,0
120.855,0.2227,0,0,0,0
120.887,0.2226,0,0,0,0
120.921,0.2226,0,0,0,0
120.956,0.2226,0,0,0,0
120.991,0.2225,0,0,0,0
121.025,0.2225,0,0,0,0
121.053,0.2224,0,0,0,0
121.089,0.2224,0,0,0,0
121.123,0.2223,0,0,0,0
121.154,0.2223,0,0,0,0
121.191,0.2222,0,0,0,0
121.223,0.2222,0,0,0,0
121.255,0.2221,0,0,0,0
121.287,0.2221,0,0,0,0
121.322,0.2220,0,0,0,0
121.355,0.2219,0,0,0,0
121.388,0.2219,0,0,0,0
121.421,0.2219,0,0,0,0
121.458,0.2218,0,0,0,0
121.489,0.2218,0,0,0,0
121.523,0.2217,0,0,0,0
121.554,0.2217,0,0,0,0
121.586,0.2216,0,0,0,0
121.624,0.2216,0,0,0,0
121.655,0.2216,0,0,0,0
121.689,0.2215,0,0,0,0
121.723,0.2215,0,0,0,0
121.757,0.2215,0,0,0,0
121.788,0.2214,0,0,0,0
121.824,0.2214,0,0,0,0
121.855,0.2214,0,0,0,0
121.891,0.2214,0,0,0,0
121.921,0.2213,0,0,0,0
121.956,0.2213,0,0,0,0
121.990,0.2213,0,0,0,0
122.024,0.2213,0,0,0,0
122.056,0.2212,0,0,0,0
122.089,0.2212,0,0,0,0
122.130,0.2212,0,0,0,0
122.157,0.2212,0,0,0,0
122.191,0.2212,0,0,0,0
122.221,0.2211,0,0,0,0
122.255,0.2211,0,0,0,0
122.290,0.2211,0,0,0,0
122.320,0.2211,0,0,0,0
122.357,0.2211,0,0,0,0
122.389,0.2211,0,0,0,0
122.421,0.2211,0,0,0,0
122.456,0.2210,0,0,0,0
122.490,0.2210,0,0,0,0
122.522,0.2210,0,0,0,0
122.557,0.2210,0,0,0,0
122.591,0.2210,0,0,0,0
122.620,0.2210,0,0,0,0
122.654,0.2210,0,0,0,0
122.689,0.2210,0,0,0,0
122.721,0.2210,0,0,0,0
122.754,0.2209,0,0,0,0
122.785,0.2209,0,0,0,0
122.822,0.2209,0,0,0,0
122.857,0.2209,0,0,0,0
122.888,0.2209,0,0,0,0
122.922,0.2209,0,0,0,0
122.953,0.2209,0,0,0,0
122.987,0.2209,0,0,0,0
123.021,0.2209,0,0,0,0
123.058,0.2209,0,0,0,0
123.087,0.2202,0,0,0,0
123.119,0.2165,0,7,7,0
123.154,0.2091,0,7,7,0
123.189,0.2040,0,7,7,0
123.221,0.1993,0,7,7,0
123.257,0.1978,0,7,7,0
123.291,0.1972,0,7,7,0
123.324,0.1962,0,7,7,0
123.356,0.1954,0,7,7,0
123.387,0.1950,0,7,7,0
123.421,0.1943,0,7,7,0
123.452,0.1941,0,7,7,0
123.487,0.1941,0,7,7,0
123.523,0.1943,0,7,7,0
123.554,0.1950,0,7,7,0
123.589,0.1954,0,7,7,0
123.624,0.1963,0,7,7,0
123.657,0.1974,0,7,7,0
123.689,0.1979,0,7,7,0
123.725,0.1989,0,7,7,0
123.754,0.1999,0,7,7,0
123.788,0.2003,0,7,7,0
123.824,0.2011,0,7,7,0
123.854,0.2019,0,7,7,0
123.888,0.2022,0,7,7,0
123.921,0.2028,0,7,7,0
123.955,0.2032,0,7,7,0
123.988,0.2035,0,7,7,0
124.023,0.2038,0,7,7,0
124.054,0.2041,0,7,7,0
124.088,0.2042,0,7,7,0
124.119,0.2044,0,7,7,0
124.154,0.2045,0,7,7,0
124.190,0.2046,0,7,7,0
124.223,0.2046,0,0,0,0
124.254,0.2047,0,0,0,0
124.291,0.2041,0,0,0,0
124.323,0.2056,0,7,7,0
124.353,0.2061,0,7,7,0
124.388,0.2072,0,7,7,0
124.422,0.2079,0,7,7,0
124.456,0.2084,0,7,7,0
124.491,0.2086,0,7,7,0
124.526,0.2096,0,7,7,0
124.555,0.2105,0,7,7,0
124.587,0.2109,0,7,7,0
124.622,0.2117,0,7,7,0
124.657,0.2124,0,7,7,0
124.690,0.2124,0,7,7,0
124.724,0.2119,0,7,7,0
124.754,0.2116,0,7,7,0
124.790,0.2144,0,7,7,0
124.823,0.2164,0,7,7,0
124.853,0.2179,0,7,7,0
124.887,0.2190,0,7,7,0
124.923,0.2197,0,7,7,0
124.954,0.2199,0,7,7,0
124.990,0.2195,0,7,7,0
125.024,0.2186,0,7,7,0
125.053,0.2175,0,7,7,0
125.090,0.2156,0,7,7,0
125.123,0.2133,0,7,7,0
125.157,0.2105,0,7,7,0
125.186,0.2077,0,7,7,0
125.223,0.2037,0,7,7,0
125.256,0.1996,0,7,7,0
125.286,0.1956,0,7,7,0
125.321,0.1925,0,7,7,0
125.354,0.1965,0,7,7,0
125.390,0.2005,0,7,7,0
125.423,0.2037,0,7,7,0
125.456,0.2066,0,7,7,0
125.487,0.2088,0,7,7,0
125.522,0.2109,0,7,7,0
125.555,0.2123,0,7,7,0
125.591,0.2134,0,7,7,0
125.620,0.2139,0,7,7,0
125.658,0.2140,0,7,7,0
125.687,0.2136,0,7,7,0
125.723,0.2134,0,7,7,0
125.753,0.2157,0,7,7,0
125.786,0.2179,0,7,7,0
125.822,0.2197,0,7,7,0
125.857,0.2210,0,7,7,0
125.886,0.2216,0,7,7,0
125.921,0.2219,0,7,7,0
125.956,0.2217,0,7,7,0
125.991,0.2209,0,7,7,0
126.021,0.2198,0,7,7,0
126.054,0.2182,0,7,7,0
126.091,0.2158,0,7,7,0
126.123,0.2145,0,7,7,0
126.157,0.2154,0,7,7,0
126.186,0.2157,0,7,7,0
126.224,0.2157,0,7,7,0
126.257,0.2151,0,7,7,0
126.290,0.2141,0,7,7,0
126.319,0.2129,0,7,7,0
126.354,0.2122,0,7,7,0
126.387,0.2116,0,7,7,0
126.419,0.2116,0,7,7,0
126.456,0.2117,0,7,7,0
126.486,0.2117,0,7,7,0
126.524,0.2117,0,7,7,0
126.554,0.2117,0,7,7,0
126.589,0.2117,0,7,7,0
126.624,0.2118,0,7,7,0
126.658,0.2118,0,7,7,0
126.687,0.2118,0,7,7,0
126.719,0.2118,0,7,7,0
126.754,0.2119,0,7,7,0
126.791,0.2144,0,7,7,0
126.824,0.2144,0,7,7,0
126.855,0.2144,0,7,7,0
126.890,0.2145,0,7,7,0
126.930,0.2151,0,7,7,0
126.957,0.2155,0,7,7,0
126.988,0.2160,0,7,7,0
127.022,0.2161,0,7,7,0
127.057,0.2157,0,7,7,0
127.088,0.2149,0,7,7,0
127.120,0.2152,0,7,7,0
127.157,0.2176,0,7,7,0
127.191,0.2194,0,7,7,0
127.221,0.2205,0,7,7,0
127.255,0.2213,0,7,7,0
127.289,0.2217,0,7,7,0
127.322,0.2215,0,7,7,0
127.356,0.2208,0,7,7,0
127.391,0.2197,0,7,7,0
127.420,0.2183,0,7,7,0
127.456,0.2161,0,7,7,0
127.487,0.2137,0,7,7,0
127.522,0.2139,0,7,7,0
127.555,0.2144,0,7,7,0
127.587,0.2145,0,7,7,0
127.630,0.2147,0,7,7,0
127.654,0.2147,0,7,7,0
127.690,0.2148,0,7,7,0
127.720,0.2148,0,7,7,0
127.756,0.2148,0,7,7,0
127.789,0.2148,0,7,7,0
127.819,0.2148,0,7,7,0
127.855,0.2143,0,7,7,0
127.891,0.2133,0,7,7,0
127.921,0.2120,0,7,7,0
127.955,0.2101,0,7,7,0
127.990,0.2077,0,7,7,0
128.024,0.2049,0,7,7,0
128.053,0.2021,0,7,7,0
128.090,0.1980,0,7,7,0
128.124,0.1939,0,7,7,0
128.154,0.1931,0,7,7,0
128.191,0.1980,0,7,7,0
128.220,0.2017,0,7,7,0
128.255,0.2055,0,7,7,0
128.289,0.2086,0,7,7,0
128.321,0.2103,0,7,7,0
128.353,0.2112,0,7,7,0
128.388,0.2120,0,7,7,0
128.422,0.2125,0,7,7,0
128.457,0.2129,0,7,7,0
128.487,0.2133,0,7,7,0
128.520,0.2144,0,7,7,0
128.555,0.2157,0,7,7,0
128.588,0.2172,0,7,7,0
128.623,0.2181,0,7,7,0
128.657,0.2186,0,7,7,0
128.691,0.2186,0,7,7,0
128.723,0.2181,0,7,7,0
128.756,0.2172,0,7,7,0
128.788,0.2163,0,7,7,0
128.820,0.2159,0,7,7,0
128.858,0.2156,0,7,7,0
128.890,0.2155,0,7,7,0
128.921,0.2155,0,7,7,0
128.955,0.2155,0,7,7,0
128.990,0.2155,0,7,7,0
129.023,0.2155,0,7,7,0
129.056,0.2155,0,7,7,0
129.079,0.2155,0,7,7,0
129.123,0.2155,0,7,7,0
129.154,0.2155,0,7,7,0
129.191,0.2155,0,7,7,0
129.220,0.2155,0,7,7,0
129.256,0.2155,0,7,7,0
129.287,0.2155,0,7,7,0
129.319,0.2155,0,7,7,0
129.358,0.2155,0,0,0,0
129.386,0.2155,0,0,0,0
129.424,0.2155,0,0,0,0
129.455,0.2155,0,0,0,0
129.488,0.2162,0,0,0,0
129.521,0.2162,0,0,0,0
129.554,0.2162,0,0,0,0
129.589,0.2162,0,0,0,0
129.624,0.2162,0,0,0,0
129.655,0.2162,0,0,0,0
129.690,0.2162,0,0,0,0
129.724,0.2162,0,0,0,0
129.763,0.2162,0,0,0,0
129.791,0.2162,0,0,0,0
129.821,0.2162,0,0,0,0
129.858,0.2164,0,0,0,0
129.889,0.2167,0,0,0,0
129.922,0.2174,0,0,0,0
129.956,0.2182,0,0,0,0
129.989,0.2185,0,0,0,0
130.021,0.2185,0,0,0,0
130.055,0.2179,0,0,0,0
130.088,0.2169,0,0,0,0
130.122,0.2154,0,0,0,0
130.156,0.2134,0,7,7,0
130.190,0.2109,0,7,7,0
130.222,0.2081,0,7,7,0
130.255,0.2048,0,7,7,0
130.286,0.2013,0,7,7,0
130.323,0.1967,0,7,7,0
130.355,0.1929,0,7,7,0
130.391,0.1950,0,7,7,0
130.423,0.1988,0,7,7,0
130.453,0.2021,0,7,7,0
130.488,0.2055,0,7,7,0
130.521,0.2082,0,7,7,0
130.556,0.2106,0,7,7,0
130.588,0.2124,0,7,7,0
130.622,0.2138,0,7,7,0
130.657,0.2147,0,7,7,0
130.686,0.2151,0,7,7,0
130.723,0.2151,0,7,7,0
130.756,0.2146,0,7,7,0
130.789,0.2137,0,7,7,0
130.824,0.2161,0,7,7,0
130.858,0.2182,0,7,7,0
130.886,0.2195,0,7,7,0
130.920,0.2207,0,7,7,0
130.956,0.2212,0,7,7,0
130.990,0.2215,0,7,7,0
131.021,0.2216,0,7,7,0
131.053,0.2216,0,7,7,0
131.088,0.2215,0,7,7,0
131.124,0.2215,0,7,7,0
131.157,0.2214,0,7,7,0
131.187,0.2213,0,7,7,0
131.215,0.2212,0,7,7,0
131.255,0.2207,0,7,7,0
131.288,0.2201,0,7,7,0
131.323,0.2190,0,7,7,0
131.357,0.2176,0,7,7,0
131.389,0.2160,0,7,7,0
131.423,0.2142,0,7,7,0
131.454,0.2148,0,7,7,0
131.490,0.2153,0,7,7,0
131.524,0.2156,0,7,7,0
131.556,0.2159,0,7,7,0
131.590,0.2160,0,7,7,0
131.623,0.2162,0,7,7,0
131.657,0.2162,0,7,7,0
131.687,0.2162,0,7,7,0
131.723,0.2162,0,7,7,0
131.757,0.2162,0,7,7,0
131.790,0.2154,0,7,7,0
131.824,0.2154,0,7,7,0
131.854,0.2154,0,7,7,0
131.890,0.2154,0,7,7,0
131.921,0.2154,0,7,7,0
131.950,0.2154,0,7,7,0
131.988,0.2154,0,7,7,0
132.024,0.2154,0,7,7,0
132.057,0.2154,0,7,7,0
132.087,0.2154,0,7,7,0
132.122,0.2154,0,7,7,0
132.155,0.2154,0,7,7,0
132.190,0.2154,0,7,7,0
132.224,0.2154,0,7,7,0
132.257,0.2154,0,7,7,0
132.291,0.2154,0,7,7,0
132.324,0.2154,0,7,7,0
132.357,0.2154,0,7,7,0
132.387,0.2154,0,7,7,0
132.424,0.2154,0,0,0,0
132.460,0.2154,0,0,0,0
132.492,0.2154,0,0,0,0
132.524,0.2154,0,0,0,0
132.558,0.2156,0,0,0,0
132.589,0.2160,0,0,0,0
132.622,0.2170,0,0,0,0
132.653,0.2179,0,0,0,0
132.682,0.2186,0,0,0,0
132.721,0.2195,0,0,0,0
132.758,0.2202,0,0,0,0
132.789,0.2206,0,0,0,0
132.824,0.2207,0,0,0,0
132.856,0.2207,0,0,0,0
132.890,0.2207,0,0,0,0
132.921,0.2207,0,0,0,0
132.956,0.2207,0,0,0,0
132.989,0.2207,0,0,0,0
133.024,0.2207,0,0,0,0
133.055,0.2207,0,0,0,0
133.087,0.2207,0,0,0,0
133.121,0.2207,0,0,0,0
133.154,0.2207,0,0,0,0
133.188,0.2207,0,0,0,0
133.223,0.2207,0,0,0,0
133.255,0.2207,0,0,0,0
133.291,0.2207,0,0,0,0
133.321,0.2207,0,0,0,0
133.356,0.2207,0,0,0,0
133.391,0.2207,0,0,0,0
133.412,0.2207,0,0,0,0
133.456,0.2207,0,0,0,0
133.490,0.2207,0,0,0,0
133.523,0.2207,0,0,0,0
133.555,0.2207,0,0,0,0
133.589,0.2207,0,0,0,0
133.620,0.2207,0,0,0,0
133.653,0.2207,0,0,0,0
133.687,0.2207,0,0,0,0
133.722,0.2207,0,0,0,0
133.752,0.2207,0,0,0,0
133.787,0.2207,0,0,0,0
133.822,0.2207,0,0,0,0
133.854,0.2207,0,0,0,0
133.890,0.2207,0,0,0,0
133.920,0.2207,0,0,0,0
133.953,0.2207,0,0,0,0
133.986,0.2207,0,0,0,0
134.019,0.2207,0,0,0,0
134.054,0.2207,0,0,0,0
134.088,0.2206,0,0,0,0
134.123,0.2206,0,0,0,0
134.156,0.2206,0,0,0,0
134.191,0.2206,0,0,0,0
134.223,0.2206,0,0,0,0
134.255,0.2206,0,0,0,0
134.287,0.2206,0,0,0,0
134.322,0.2206,0,0,0,0
134.355,0.2206,0,0,0,0
134.387,0.2206,0,0,0,0
134.424,0.2206,0,0,0,0
134.456,0.2206,0,0,0,0
134.491,0.2206,0,0,0,0
134.521,0.2206,0,0,0,0
134.557,0.2206,0,0,0,0
134.587,0.2206,0,0,0,0
134.623,0.2206,0,0,0,0
134.653,0.2206,0,0,0,0
134.690,0.2206,0,0,0,0
134.723,0.2206,0,0,0,0
134.756,0.2206,0,0,0,0
134.787,0.2206,0,0,0,0
134.823,0.2206,0,0,0,0
134.854,0.2206,0,0,0,0
134.890,0.2206,0,0,0,0
134.921,0.2206,0,0,0,0
134.954,0.2206,0,0,0,0
134.987,0.2206,0,0,0,0
135.022,0.2206,0,0,0,0
135.057,0.2206,0,0,0,0
135.090,0.2206,0,0,0,0
135.123,0.2206,0,0,0,0
135.155,0.2206,0,0,0,0
135.190,0.2206,0,0,0,0
135.220,0.2206,0,0,0,0
135.256,0.2206,0,0,0,0
135.289,0.2206,0,0,0,0
135.324,0.2206,0,0,0,0
135.354,0.2206,0,0,0,0
135.386,0.2206,0,0,0,0
135.424,0.2206,0,0,0,0
135.456,0.2206,0,0,0,0
135.487,0.2206,0,0,0,0
135.522,0.2206,0,0,0,0
135.556,0.2206,0,0,0,0
135.591,0.2206,0,0,0,0
135.619,0.2206,0,0,0,0
135.643,0.2206,0,0,0,0
135.688,0.2206,0,0,0,0
135.722,0.2206,0,0,0,0
135.756,0.2207,0,0,0,0
135.786,0.2211,0,0,0,0
135.823,0.2215,0,0,0,0
135.854,0.2215,0,0,0,0
135.891,0.2210,0,0,0,0
135.923,0.2201,0,0,0,0
135.958,0.2186,0,7,7,0
135.988,0.2169,0,7,7,0
136.022,0.2145,0,7,7,0
136.057,0.2146,0,7,7,0
136.086,0.2152,0,7,7,0
136.118,0.2154,0,7,7,0
136.157,0.2151,0,7,7,0
136.190,0.2143,0,7,7,0
136.224,0.2131,0,7,7,0
136.257,0.2114,0,7,7,0
136.291,0.2092,0,7,7,0
136.318,0.2073,0,7,7,0
136.355,0.2046,0,7,7,0
136.390,0.2018,0,7,7,0
136.422,0.1993,0,7,7,0
136.455,0.1964,0,7,7,0
136.488,0.1934,0,7,7,0
136.523,0.1931,0,7,7,0
136.554,0.1942,0,7,7,0
136.590,0.1977,0,7,7,0
136.621,0.2015,0,7,7,0
136.656,0.2054,0,7,7,0
136.686,0.2083,0,7,7,0
136.720,0.2112,0,7,7,0
136.755,0.2136,0,7,7,0
136.790,0.2155,0,7,7,0
136.822,0.2168,0,7,7,0
136.852,0.2174,0,7,7,0
136.887,0.2176,0,7,7,0
136.924,0.2178,0,7,7,0
136.954,0.2178,0,7,7,0
136.990,0.2178,0,7,7,0
137.021,0.2178,0,7,7,0
137.057,0.2178,0,7,7,0
137.089,0.2178,0,7,7,0
137.124,0.2178,0,7,7,0
137.155,0.2178,0,7,7,0
137.190,0.2178,0,7,7,0
137.221,0.2178,0,7,7,0
137.257,0.2178,0,7,7,0
137.286,0.2178,0,7,7,0
137.324,0.2178,0,7,7,0
137.353,0.2178,0,7,7,0
137.390,0.2178,0,7,7,0
137.423,0.2178,0,7,7,0
137.458,0.2172,0,7,7,0
137.488,0.2162,0,7,7,0
137.524,0.2145,0,7,7,0
137.556,0.2125,0,7,7,0
137.587,0.2101,0,7,7,0
137.621,0.2071,0,7,7,0
137.653,0.2038,0,7,7,0
137.689,0.1996,0,7,7,0
137.720,0.1956,0,7,7,0
137.756,0.1929,0,7,7,0
137.786,0.1948,0,7,7,0
137.822,0.1991,0,7,7,0
137.853,0.2025,0,7,7,0
137.887,0.2058,0,7,7,0
137.923,0.2087,0,7,7,0
137.955,0.2109,0,7,7,0
137.990,0.2128,0,7,7,0
138.023,0.2141,0,7,7,0
138.057,0.2150,0,7,7,0
138.087,0.2154,0,7,7,0
138.120,0.2154,0,7,7,0
138.155,0.2150,0,7,7,0
138.187,0.2146,0,7,7,0
138.223,0.2144,0,7,7,0
138.254,0.2144,0,7,7,0
138.290,0.2144,0,7,7,0
138.324,0.2144,0,7,7,0
138.357,0.2144,0,7,7,0
138.390,0.2146,0,7,7,0
138.420,0.2150,0,7,7,0
138.455,0.2154,0,7,7,0
138.487,0.2154,0,7,7,0
138.523,0.2148,0,7,7,0
138.557,0.2137,0,7,7,0
138.590,0.2122,0,7,7,0
138.620,0.2105,0,7,7,0
138.656,0.2079,0,7,7,0
138.687,0.2052,0,7,7,0
138.720,0.2020,0,7,7,0
138.756,0.1980,0,7,7,0
138.790,0.1937,0,7,7,0
138.824,0.1934,0,7,7,0
138.855,0.1964,0,7,7,0
138.890,0.2008,0,7,7,0
138.923,0.2045,0,7,7,0
138.955,0.2077,0,7,7,0
138.978,0.2097,0,7,7,0
139.022,0.2130,0,7,7,0
139.058,0.2151,0,7,7,0
139.090,0.2166,0,7,7,0
139.124,0.2176,0,7,7,0
139.156,0.2181,0,7,7,0
139.189,0.2182,0,7,7,0
139.224,0.2180,0,7,7,0
139.255,0.2178,0,7,7,0
139.286,0.2176,0,7,7,0
139.325,0.2176,0,7,7,0
139.356,0.2176,0,7,7,0
139.390,0.2176,0,7,7,0
139.422,0.2176,0,7,7,0
139.454,0.2176,0,7,7,0
139.490,0.2176,0,7,7,0
139.520,0.2176,0,7,7,0
139.557,0.2176,0,7,7,0
139.589,0.2176,0,7,7,0
139.621,0.2176,0,7,7,0
139.662,0.2176,0,7,7,0
139.687,0.2176,0,7,7,0
139.721,0.2176,0,7,7,0
139.757,0.2176,0,7,7,0
139.788,0.2176,0,7,7,0
139.824,0.2176,0,7,7,0
139.854,0.2176,0,7,7,0
139.889,0.2176,0,7,7,0
139.923,0.2176,0,7,7,0
139.957,0.2176,0,7,7,0
139.986,0.2176,0,7,7,0
140.023,0.2176,0,7,7,0
140.057,0.2176,0,7,7,0
140.090,0.2176,0,0,0,0
140.123,0.2176,0,0,0,0
140.157,0.2176,0,0,0,0
140.189,0.2176,0,0,0,0
140.222,0.2176,0,0,0,0
140.257,0.2176,0,0,0,0
140.287,0.2176,0,0,0,0
140.324,0.2176,0,0,0,0
140.352,0.2176,0,0,0,0
140.387,0.2176,0,0,0,0
140.423,0.2176,0,0,0,0
140.455,0.2176,0,0,0,0
140.487,0.2176,0,0,0,0
140.520,0.2176,0,0,0,0
140.556,0.2176,0,0,0,0
140.587,0.2176,0,0,0,0
140.622,0.2176,0,0,0,0
140.654,0.2176,0,0,0,0
140.686,0.2176,0,0,0,0
140.723,0.2176,0,0,0,0
140.757,0.2176,0,0,0,0
140.790,0.2176,0,0,0,0
140.823,0.2176,0,0,0,0
140.857,0.2176,0,0,0,0
140.891,0.2176,0,0,0,0
140.923,0.2176,0,0,0,0
140.955,0.2176,0,0,0,0
140.988,0.2176,0,0,0,0
141.023,0.2176,0,0,0,0
141.053,0.2176,0,0,0,0
141.087,0.2176,0,0,0,0
141.123,0.2176,0,0,0,0
141.156,0.2176,0,0,0,0
141.190,0.2176,0,0,0,0
141.224,0.2176,0,0,0,0
141.254,0.2176,0,0,0,0
141.287,0.2176,0,0,0,0
141.321,0.2176,0,0,0,0
141.354,0.2176,0,0,0,0
141.388,0.2176,0,0,0,0
141.423,0.2176,0,0,0,0
141.457,0.2176,0,0,0,0
141.491,0.2176,0,0,0,0
141.522,0.2176,0,0,0,0
141.554,0.2176,0,0,0,0
141.590,0.2176,0,0,0,0
141.622,0.2176,0,0,0,0
141.654,0.2176,0,0,0,0
141.687,0.2176,0,0,0,0
141.722,0.2176,0,0,0,0
141.755,0.2176,0,0,0,0
141.791,0.2176,0,0,0,0
141.821,0.2176,0,0,0,0
141.856,0.2176,0,0,0,0
141.886,0.2176,0,0,0,0
141.919,0.2176,0,0,0,0
141.957,0.2176,0,0,0,0
141.989,0.2176,0,0,0,0
142.024,0.2176,0,0,0,0
142.057,0.2176,0,0,0,0
142.087,0.2176,0,0,0,0
142.124,0.2176,0,0,0,0
142.153,0.2176,0,0,0,0
142.190,0.2176,0,0,0,0
142.224,0.2176,0,0,0,0
142.254,0.2176,0,0,0,0
142.287,0.2176,0,0,0,0
142.324,0.2176,0,0,0,0
142.354,0.2176,0,0,0,0
142.389,0.2176,0,0,0,0
142.420,0.2176,0,0,0,0
142.454,0.2176,0,0,0,0
142.492,0.2176,0,0,0,0
142.513,0.2176,0,0,0,0
142.557,0.2176,0,0,0,0
142.589,0.2176,0,0,0,0
142.622,0.2176,0,0,0,0
142.653,0.2176,0,0,0,0
142.687,0.2176,0,0,0,0
142.720,0.2176,0,0,0,0
142.754,0.2176,0,0,0,0
142.788,0.2176,0,0,0,0
142.821,0.2176,0,0,0,0
142.853,0.2176,0,0,0,0
142.887,0.2176,0,0,0,0
142.922,0.2176,0,0,0,0
142.955,0.2176,0,0,0,0
142.988,0.2176,0,0,0,0
143.019,0.2176,0,0,0,0
143.058,0.2176,0,0,0,0
143.091,0.2176,0,0,0,0
143.123,0.2176,0,0,0,0
143.154,0.2176,0,0,0,0
143.187,0.2176,0,0,0,0
143.224,0.2176,0,0,0,0
143.245,0.2176,0,0,0,0
143.289,0.2176,0,0,0,0
143.320,0.2176,0,0,0,0
143.356,0.2176,0,0,0,0
143.387,0.2176,0,0,0,0
143.421,0.2176,0,0,0,0
143.457,0.2176,0,0,0,0
143.487,0.2176,0,0,0,0
143.520,0.2176,0,0,0,0
143.558,0.2176,0,0,0,0
143.588,0.2176,0,0,0,0
143.622,0.2176,0,0,0,0
143.655,0.2176,0,0,0,0
143.691,0.2176,0,0,0,0
143.723,0.2176,0,0,0,0
143.757,0.2176,0,0,0,0
143.789,0.2176,0,0,0,0
143.824,0.2176,0,0,0,0
143.857,0.2176,0,0,0,0
143.890,0.2176,0,0,0,0
143.923,0.2176,0,0,0,0
143.953,0.2176,0,0,0,0
143.989,0.2176,0,0,0,0
144.021,0.2176,0,0,0,0
144.055,0.2176,0,0,0,0
144.090,0.2176,0,0,0,0
144.124,0.2176,0,0,0,0
144.154,0.2176,0,0,0,0
144.191,0.2176,0,0,0,0
144.222,0.2176,0,0,0,0
144.257,0.2176,0,0,0,0
144.292,0.2176,0,0,0,0
144.320,0.2176,0,0,0,0
144.355,0.2176,0,0,0,0
144.390,0.2176,0,0,0,0
144.423,0.2176,0,0,0,0
144.457,0.2176,0,0,0,0
144.491,0.2176,0,0,0,0
144.524,0.2176,0,0,0,0
144.555,0.2176,0,0,0,0
144.586,0.2176,0,0,0,0
144.620,0.2176,0,0,0,0
144.657,0.2176,0,0,0,0
144.689,0.2176,0,0,0,0
144.717,0.2176,0,0,0,0
144.754,0.2176,0,0,0,0
144.789,0.2176,0,0,0,0
144.823,0.2176,0,0,0,0
144.857,0.2176,0,0,0,0
144.890,0.2176,0,0,0,0
144.923,0.2176,0,0,0,0
144.955,0.2176,0,0,0,0
144.988,0.2176,0,0,0,0
145.020,0.2176,0,0,0,0
145.055,0.2176,0,0,0,0
145.089,0.2176,0,0,0,0
145.122,0.2176,0,0,0,0
145.154,0.2176,0,0,0,0
145.189,0.2176,0,0,0,0
145.221,0.2176,0,0,0,0
145.256,0.2176,0,0,0,0
145.291,0.2176,0,0,0,0
145.322,0.2176,0,0,0,0
145.357,0.2176,0,0,0,0
145.390,0.2176,0,0,0,0
145.424,0.2176,0,0,0,0
145.453,0.2176,0,0,0,0
145.482,0.2176,0,0,0,0
145.521,0.2176,0,0,0,0
145.554,0.2176,0,0,0,0
145.589,0.2176,0,0,0,0
145.623,0.2176,0,0,0,0
145.655,0.2176,0,0,0,0
145.687,0.2176,0,0,0,0
145.722,0.2176,0,0,0,0
145.757,0.2176,0,0,0,0
145.790,0.2176,0,0,0,0
145.824,0.2176,0,0,0,0
145.853,0.2176,0,0,0,0
145.889,0.2176,0,0,0,0
145.924,0.2176,0,0,0,0
145.953,0.2176,0,0,0,0
145.991,0.2176,0,0,0,0
146.020,0.2176,0,0,0,0
146.056,0.2176,0,0,0,0
146.090,0.2176,0,0,0,0
146.122,0.2176,0,0,0,0
146.158,0.2176,0,0,0,0
146.189,0.2176,0,0,0,0
146.228,0.2176,0,0,0,0
146.256,0.2176,0,0,0,0
146.287,0.2176,0,0,0,0
146.323,0.2176,0,0,0,0
146.354,0.2176,0,0,0,0
146.389,0.2176,0,0,0,0
146.421,0.2176,0,0,0,0
146.456,0.2176,0,0,0,0
146.489,0.2176,0,0,0,0
146.522,0.2175,0,0,0,0
146.552,0.2175,0,0,0,0
146.591,0.2175,0,0,0,0
146.624,0.2175,0,0,0,0
146.656,0.2175,0,0,0,0
146.686,0.2175,0,0,0,0
146.724,0.2175,0,0,0,0
146.758,0.2175,0,0,0,0
146.790,0.2175,0,0,0,0
146.820,0.2175,0,0,0,0
146.857,0.2175,0,0,0,0
146.889,0.2175,0,0,0,0
146.922,0.2175,0,0,0,0
146.955,0.2175,0,0,0,0
146.980,0.2175,0,0,0,0
147.020,0.2175,0,0,0,0
147.056,0.2175,0,0,0,0
147.090,0.2175,0,0,0,0
147.120,0.2175,0,0,0,0
147.156,0.2175,0,0,0,0
147.187,0.2175,0,0,0,0
147.221,0.2175,0,0,0,0
147.256,0.2175,0,0,0,0
147.290,0.2175,0,0,0,0
147.323,0.2175,0,0,0,0
147.356,0.2175,0,0,0,0
147.389,0.2175,0,0,0,0
147.424,0.2175,0,0,0,0
147.454,0.2175,0,0,0,0
147.489,0.2175,0,0,0,0
147.524,0.2175,0,0,0,0
147.555,0.2175,0,0,0,0
147.590,0.2175,0,0,0,0
147.620,0.2175,0,0,0,0
147.654,0.2175,0,0,0,0
147.688,0.2175,0,0,0,0
147.720,0.2175,0,0,0,0
147.755,0.2175,0,0,0,0
147.788,0.2175,0,0,0,0
147.819,0.2175,0,0,0,0
147.855,0.2175,0,0,0,0
147.891,0.2175,0,0,0,0
147.921,0.2175,0,0,0,0
147.954,0.2175,0,0,0,0
147.990,0.2175,0,0,0,0
148.021,0.2175,0,0,0,0
148.055,0.2175,0,0,0,0
148.089,0.2175,0,0,0,0
148.121,0.2175,0,0,0,0
148.156,0.2175,0,0,0,0
148.191,0.2175,0,0,0,0
148.223,0.2175,0,0,0,0
148.255,0.2175,0,0,0,0
148.288,0.2175,0,0,0,0
148.322,0.2175,0,0,0,0
148.356,0.2175,0,0,0,0
148.388,0.2175,0,0,0,0
148.424,0.2175,0,0,0,0
148.455,0.2175,0,0,0,0
148.487,0.2175,0,0,0,0
148.523,0.2175,0,0,0,0
148.556,0.2175,0,0,0,0
148.589,0.2175,0,0,0,0
148.621,0.2175,0,0,0,0
148.656,0.2175,0,0,0,0
148.687,0.2175,0,0,0,0
148.721,0.2175,0,0,0,0
148.757,0.2175,0,0,0,0
148.788,0.2175,0,0,0,0
148.819,0.2175,0,0,0,0
148.855,0.2175,0,0,0,0
148.889,0.2175,0,0,0,0
148.923,0.2175,0,0,0,0
148.957,0.2175,0,0,0,0
148.991,0.2175,0,0,0,0
149.021,0.2175,0,0,0,0
149.055,0.2175,0,0,0,0
149.088,0.2175,0,0,0,0
149.124,0.2175,0,0,0,0
149.157,0.2175,0,0,0,0
149.187,0.2175,0,0,0,0
149.222,0.2175,0,0,0,0
149.252,0.2175,0,0,0,0
149.290,0.2175,0,0,0,0
149.320,0.2175,0,0,0,0
149.357,0.2175,0,0,0,0
149.388,0.2175,0,0,0,0
149.423,0.2175,0,0,0,0
149.454,0.2175,0,0,0,0
149.487,0.2175,0,0,0,0
149.523,0.2175,0,0,0,0
149.556,0.2175,0,0,0,0
149.588,0.2175,0,0,0,0
149.621,0.2175,0,0,0,0
149.654,0.2175,0,0,0,0
149.690,0.2175,0,0,0,0
149.722,0.2175,0,0,0,0
149.758,0.2175,0,0,0,0
149.787,0.2175,0,0,0,0
149.825,0.2175,0,0,0,0
149.857,0.2175,0,0,0,0
149.891,0.2175,0,0,0,0
149.922,0.2175,0,0,0,0
149.954,0.2175,0,0,0,0
149.988,0.2175,0,0,0,0
150.021,0.2175,0,0,0,0
150.053,0.2175,0,0,0,0
150.089,0.2175,0,0,0,0
150.120,0.2175,0,0,0,0
150.157,0.2175,0,0,0,0
150.191,0.2175,0,0,0,0
150.224,0.2175,0,0,0,0
150.252,0.2175,0,0,0,0
150.288,0.2175,0,0,0,0
150.321,0.2175,0,0,0,0
150.358,0.2175,0,0,0,0
150.390,0.2175,0,0,0,0
150.421,0.2175,0,0,0,0
150.454,0.2175,0,0,0,0
150.489,0.2175,0,0,0,0
150.522,0.2175,0,0,0,0
150.553,0.2175,0,0,0,0
150.590,0.2175,0,0,0,0
150.623,0.2175,0,0,0,0
150.654,0.2175,0,0,0,0
150.690,0.2175,0,0,0,0
150.725,0.2175,0,0,0,0
150.755,0.2175,0,0,0,0
150.790,0.2175,0,0,0,0
150.820,0.2175,0,0,0,0
150.856,0.2175,0,0,0,0
150.889,0.2175,0,0,0,0
150.924,0.2175,0,0,0,0
150.956,0.2175,0,0,0,0
150.987,0.2175,0,0,0,0
151.021,0.2175,0,0,0,0
151.056,0.2175,0,0,0,0
151.091,0.2175,0,0,0,0
151.122,0.2175,0,0,0,0
151.157,0.2175,0,0,0,0
151.186,0.2175,0,0,0,0
151.220,0.2175,0,0,0,0
151.257,0.2175,0,0,0,0
151.290,0.2175,0,0,0,0
151.324,0.2175,0,0,0,0
151.354,0.2175,0,0,0,0
151.390,0.2175,0,0,0,0
151.420,0.2175,0,0,0,0
151.458,0.2175,0,0,0,0
151.488,0.2175,0,0,0,0
151.523,0.2175,0,0,0,0
