time,halfW01,d0,d1,d2,d3
2.946,0.8731,2,5,5,2
0.344,0.8849,2,5,5,2
0.376,0.8855,2,5,5,2
0.412,0.8867,2,5,5,2
0.444,0.8879,2,5,5,2
0.476,0.8884,2,5,5,2
0.512,0.8896,2,5,5,2
0.541,0.8906,2,5,5,2
0.578,0.8911,2,5,5,2
0.608,0.8922,2,5,5,2
0.644,0.8931,2,5,5,2
0.675,0.8936,2,5,5,2
0.711,0.8946,2,5,5,2
0.744,0.8955,2,5,5,2
0.775,0.8959,2,5,5,2
0.810,0.8967,2,5,5,2
0.843,0.8976,2,5,5,2
0.879,0.8980,2,5,5,2
0.910,0.8988,2,5,5,2
0.946,0.8995,2,5,5,2
0.976,0.8999,2,5,5,2
1.011,0.9006,2,5,5,2
1.042,0.9013,2,5,5,2
1.079,0.9016,2,5,5,2
1.109,0.9023,2,5,5,2
1.146,0.9029,2,5,5,2
1.181,0.9035,2,5,5,2
1.216,0.9038,2,5,5,2
1.246,0.9044,2,5,5,2
1.278,0.9047,2,5,5,2
1.312,0.9052,2,5,5,2
1.346,0.9057,0,0,0,0
1.375,0.9060,0,0,0,0
1.410,0.9065,0,0,0,0
1.444,0.9070,0,0,0,0
1.477,0.9072,0,0,0,0
1.509,0.9076,0,0,0,0
1.546,0.9081,0,0,0,0
1.578,0.9083,0,0,0,0
1.611,0.9087,0,0,0,0
1.643,0.9091,0,0,0,0
1.676,0.9093,0,0,0,0
1.708,0.9097,0,0,0,0
1.746,0.9100,0,0,0,0
1.778,0.9102,0,0,0,0
1.810,0.9105,0,0,0,0
1.842,0.9109,0,0,0,0
1.876,0.9110,0,0,0,0
1.913,0.9113,0,0,0,0
1.944,0.9116,0,0,0,0
1.975,0.9118,0,0,0,0
2.013,0.9120,0,0,0,0
2.046,0.9123,0,0,0,0
2.079,0.9124,0,0,0,0
2.113,0.9127,0,0,0,0
2.142,0.9129,0,0,0,0
2.177,0.9131,0,0,0,0
2.211,0.9133,0,0,0,0
2.245,0.9135,0,0,0,0
2.278,0.9136,0,0,0,0
2.311,0.9138,0,0,0,0
2.345,0.9140,0,0,0,0
2.379,0.9141,0,0,0,0
2.413,0.9143,0,0,0,0
2.442,0.9145,0,0,0,0
2.478,0.9146,0,0,0,0
2.511,0.9147,0,0,0,0
2.543,0.9149,0,0,0,0
2.575,0.9150,0,0,0,0
2.612,0.9151,0,0,0,0
2.644,0.9153,0,0,0,0
2.675,0.9153,0,0,0,0
2.713,0.9155,0,0,0,0
2.746,0.9156,0,0,0,0
2.776,0.9156,0,0,0,0
2.812,0.9157,0,0,0,0
2.845,0.9159,0,0,0,0
2.876,0.9159,0,0,0,0
2.910,0.9160,0,0,0,0
2.944,0.9161,0,0,0,0
2.981,0.9162,0,0,0,0
3.013,0.9162,0,0,0,0
3.045,0.9163,0,0,0,0
3.078,0.9163,0,0,0,0
3.113,0.9164,0,0,0,0
3.142,0.9165,0,0,0,0
3.180,0.9165,0,0,0,0
3.213,0.9166,0,0,0,0
3.242,0.9166,0,0,0,0
3.280,0.9167,0,0,0,0
3.310,0.9167,0,0,0,0
3.346,0.9167,0,0,0,0
3.379,0.9168,0,0,0,0
3.413,0.9168,0,0,0,0
3.447,0.9168,0,0,0,0
3.478,0.9168,0,0,0,0
3.510,0.9169,0,0,0,0
3.546,0.9169,0,0,0,0
3.578,0.9169,0,0,0,0
3.613,0.9169,0,0,0,0
3.644,0.9169,0,0,0,0
3.677,0.9169,0,0,0,0
3.712,0.9169,0,0,0,0
3.745,0.9169,0,0,0,0
3.776,0.9169,0,0,0,0
3.810,0.9169,0,0,0,0
3.846,0.9169,0,0,0,0
3.878,0.9169,0,0,0,0
3.912,0.9169,0,0,0,0
3.943,0.9169,0,0,0,0
3.977,0.9169,0,0,0,0
4.012,0.9169,0,0,0,0
4.042,0.9169,0,0,0,0
4.076,0.9169,0,0,0,0
4.114,0.9168,0,0,0,0
4.146,0.9168,0,0,0,0
4.178,0.9168,0,0,0,0
4.210,0.9168,0,0,0,0
4.247,0.9167,0,0,0,0
4.280,0.9167,0,0,0,0
4.313,0.9167,0,0,0,0
4.346,0.9166,0,0,0,0
4.377,0.9166,0,0,0,0
4.414,0.9166,0,0,0,0
4.446,0.9165,0,0,0,0
4.477,0.9165,0,0,0,0
4.513,0.9165,0,0,0,0
4.547,0.9164,0,0,0,0
4.578,0.9164,0,0,0,0
4.610,0.9163,0,0,0,0
4.650,0.9163,0,0,0,0
4.670,0.9162,0,0,0,0
4.712,0.9162,0,0,0,0
4.745,0.9161,0,0,0,0
4.778,0.9161,0,0,0,0
4.809,0.9160,0,0,0,0
4.843,0.9160,0,0,0,0
4.872,0.9159,0,0,0,0
4.913,0.9159,0,0,0,0
4.947,0.9158,0,0,0,0
4.979,0.9158,0,0,0,0
5.010,0.9157,0,0,0,0
5.045,0.9156,0,0,0,0
5.076,0.9156,0,0,0,0
5.108,0.9155,0,0,0,0
5.143,0.9154,0,0,0,0
5.179,0.9154,0,0,0,0
5.212,0.9153,0,0,0,0
5.242,0.9152,0,0,0,0
5.275,0.9152,0,0,0,0
5.314,0.9151,0,0,0,0
5.347,0.9150,0,0,0,0
5.377,0.9150,0,0,0,0
5.409,0.9149,0,0,0,0
5.443,0.9148,0,0,0,0
5.475,0.9148,0,0,0,0
5.509,0.9147,0,0,0,0
5.547,0.9146,0,0,0,0
5.579,0.9145,0,0,0,0
5.612,0.9144,0,0,0,0
5.646,0.9144,0,0,0,0
5.679,0.9143,0,0,0,0
5.709,0.9142,0,0,0,0
5.744,0.9141,0,0,0,0
5.784,0.9140,0,0,0,0
5.807,0.9140,0,0,0,0
5.845,0.9139,0,0,0,0
5.879,0.9138,0,0,0,0
5.912,0.9138,0,0,0,0
5.943,0.9137,0,0,0,0
5.976,0.9136,0,0,0,0
6.010,0.9135,0,0,0,0
6.042,0.9134,0,0,0,0
6.076,0.9134,0,0,0,0
6.109,0.9133,0,0,0,0
6.146,0.9132,0,0,0,0
6.179,0.9131,0,0,0,0
6.210,0.9130,0,0,0,0
6.243,0.9129,0,0,0,0
6.281,0.9128,0,0,0,0
6.311,0.9128,0,0,0,0
6.346,0.9127,0,0,0,0
6.380,0.9126,0,0,0,0
6.409,0.9125,0,0,0,0
6.443,0.9124,0,0,0,0
6.479,0.9124,0,0,0,0
6.510,0.9123,0,0,0,0
6.547,0.9122,0,0,0,0
6.579,0.9121,0,0,0,0
6.609,0.9120,0,0,0,0
6.645,0.9119,0,0,0,0
6.676,0.9119,0,0,0,0
6.709,0.9118,0,0,0,0
6.743,0.9117,0,0,0,0
6.776,0.9117,0,0,0,0
6.811,0.9116,0,0,0,0
6.843,0.9115,0,0,0,0
6.933,0.9113,0,0,0,0
6.952,0.9112,0,0,0,0
6.975,0.9112,0,0,0,0
7.008,0.9111,0,0,0,0
7.044,0.9110,0,0,0,0
7.075,0.9110,0,0,0,0
7.110,0.9109,0,0,0,0
7.144,0.9108,0,0,0,0
7.175,0.9107,0,0,0,0
7.208,0.9107,0,0,0,0
7.246,0.9106,0,0,0,0
7.280,0.9105,0,0,0,0
7.312,0.9104,0,0,0,0
7.344,0.9104,0,0,0,0
7.378,0.9103,0,0,0,0
7.410,0.9102,0,0,0,0
7.438,0.9102,0,0,0,0
7.473,0.9101,0,0,0,0
7.510,0.9100,0,0,0,0
7.542,0.9100,0,0,0,0
7.576,0.9099,0,0,0,0
7.611,0.9098,0,0,0,0
7.638,0.9098,0,0,0,0
7.676,0.9097,0,0,0,0
7.710,0.9097,0,0,0,0
7.741,0.9096,0,0,0,0
7.785,0.9095,0,0,0,0
7.808,0.9095,0,0,0,0
7.849,0.9094,0,0,0,0
7.878,0.9094,0,0,0,0
7.912,0.9093,0,0,0,0
7.949,0.9093,0,0,0,0
7.975,0.9092,0,0,0,0
8.008,0.9092,0,0,0,0
8.045,0.9091,0,0,0,0
8.078,0.9091,0,0,0,0
8.110,0.9090,0,0,0,0
8.136,0.9090,0,0,0,0
8.174,0.9090,0,0,0,0
8.199,0.9089,0,0,0,0
8.251,0.9089,0,0,0,0
8.273,0.9088,0,0,0,0
8.309,0.9088,0,0,0,0
8.343,0.9087,0,0,0,0
8.375,0.9087,0,0,0,0
8.407,0.9087,0,0,0,0
8.442,0.9086,0,0,0,0
8.477,0.9086,0,0,0,0
8.507,0.9086,0,0,0,0
8.545,0.9086,0,0,0,0
8.574,0.9085,0,0,0,0
8.608,0.9085,0,0,0,0
8.642,0.9085,0,0,0,0
8.675,0.9085,0,0,0,0
8.712,0.9084,0,0,0,0
8.739,0.9084,0,0,0,0
8.773,0.9084,0,0,0,0
8.799,0.9084,0,0,0,0
8.846,0.9084,0,0,0,0
8.878,0.9084,0,0,0,0
8.910,0.9083,0,0,0,0
8.942,0.9083,0,0,0,0
8.975,0.9083,0,0,0,0
9.008,0.9083,0,0,0,0
9.042,0.9083,0,0,0,0
9.074,0.9083,0,0,0,0
9.111,0.9083,0,0,0,0
9.143,0.9083,0,0,0,0
9.178,0.9083,0,0,0,0
9.209,0.9083,0,0,0,0
9.242,0.9083,0,0,0,0
9.282,0.9083,0,0,0,0
9.310,0.9083,0,0,0,0
9.349,0.9083,0,0,0,0
9.373,0.9083,0,0,0,0
9.408,0.9083,0,0,0,0
9.450,0.9083,0,0,0,0
9.474,0.9084,0,0,0,0
9.508,0.9084,0,0,0,0
9.545,0.9084,0,0,0,0
9.580,0.9084,0,0,0,0
9.611,0.9084,0,0,0,0
9.640,0.9085,0,0,0,0
9.677,0.9085,0,0,0,0
9.709,0.9089,0,0,0,0
9.741,0.9093,0,0,0,0
9.778,0.9095,0,0,0,0
9.808,0.9099,0,0,0,0
9.852,0.9103,0,0,0,0
9.869,0.9105,0,0,0,0
9.911,0.9109,0,0,0,0
9.941,0.9113,0,0,0,0
9.984,0.9117,0,0,0,0
10.002,0.9119,0,0,0,0
10.042,0.9123,0,0,0,0
10.078,0.9125,0,0,0,0
10.107,0.9129,0,0,0,0
10.150,0.9133,0,0,0,0
10.168,0.9135,0,0,0,0
10.209,0.9139,0,0,0,0
10.247,0.9143,0,0,0,0
10.282,0.9147,0,0,0,0
10.313,0.9149,0,0,0,0
10.343,0.9153,0,0,0,0
10.376,0.9155,0,0,0,0
10.407,0.9158,0,0,0,0
10.444,0.9162,0,0,0,0
10.476,0.9164,0,0,0,0
10.508,0.9168,0,0,0,0
10.542,0.9172,0,0,0,0
10.579,0.9174,0,0,0,0
10.609,0.9177,0,0,0,0
10.641,0.9181,0,0,0,0
10.674,0.9183,0,0,0,0
10.710,0.9187,0,0,0,0
10.745,0.9191,0,0,0,0
10.775,0.9193,0,0,0,0
10.812,0.9196,0,0,0,0
10.842,0.9200,0,0,0,0
10.878,0.9202,0,0,0,0
10.908,0.9206,0,0,0,0
10.942,0.9209,0,0,0,0
10.976,0.9211,0,0,0,0
11.010,0.9215,0,0,0,0
11.037,0.9217,0,0,0,0
11.076,0.9220,0,0,0,0
11.108,0.9224,0,0,0,0
11.144,0.9227,0,0,0,0
11.179,0.9229,0,0,0,0
11.216,0.9233,0,0,0,0
11.235,0.9234,0,0,0,0
11.273,0.9238,0,0,0,0
11.309,0.9242,0,0,0,0
11.340,0.9245,0,0,0,0
11.376,0.9247,0,0,0,0
11.405,0.9251,0,0,0,0
11.442,0.9254,0,0,0,0
11.475,0.9256,0,0,0,0
11.510,0.9259,0,0,0,0
11.541,0.9263,0,0,0,0
11.577,0.9264,0,0,0,0
11.608,0.9268,0,0,0,0
11.651,0.9271,0,0,0,0
11.675,0.9273,0,0,0,0
11.704,0.9276,0,0,0,0
11.743,0.9279,0,0,0,0
11.772,0.9281,0,0,0,0
11.806,0.9284,0,0,0,0
11.848,0.9287,0,0,0,0
11.877,0.9289,0,0,0,0
11.909,0.9292,0,0,0,0
11.945,0.9295,0,0,0,0
11.975,0.9297,0,0,0,0
12.013,0.9300,0,0,0,0
12.039,0.9302,0,0,0,0
12.074,0.9305,0,0,0,0
12.110,0.9309,0,0,0,0
12.143,0.9312,0,0,0,0
12.175,0.9313,0,0,0,0
12.205,0.9317,0,0,0,0
12.251,0.9320,0,0,0,0
12.277,0.9321,0,0,0,0
12.305,0.9324,0,0,0,0
12.343,0.9327,0,0,0,0
12.376,0.9329,0,0,0,0
12.412,0.9332,0,0,0,0
12.446,0.9335,0,0,0,0
12.472,0.9336,0,0,0,0
12.509,0.9339,0,0,0,0
12.541,0.9342,0,0,0,0
12.579,0.9343,0,0,0,0
12.612,0.9346,0,0,0,0
12.640,0.9347,0,0,0,0
12.677,0.9350,0,0,0,0
12.708,0.9353,0,0,0,0
12.745,0.9356,0,0,0,0
12.775,0.9357,0,0,0,0
12.807,0.9360,0,0,0,0
12.854,0.9363,0,0,0,0
12.873,0.9364,0,0,0,0
12.909,0.9367,0,0,0,0
12.942,0.9370,0,0,0,0
12.974,0.9372,0,0,0,0
13.009,0.9374,0,0,0,0
13.043,0.9377,0,0,0,0
13.078,0.9379,0,0,0,0
13.108,0.9382,0,0,0,0
13.145,0.9384,0,0,0,0
13.175,0.9386,0,0,0,0
13.211,0.9388,0,0,0,0
13.242,0.9391,0,0,0,0
13.275,0.9392,0,0,0,0
13.312,0.9395,0,0,0,0
13.342,0.9398,0,0,0,0
13.378,0.9399,0,0,0,0
13.410,0.9401,0,0,0,0
13.444,0.9404,0,0,0,0
13.476,0.9405,0,0,0,0
13.509,0.9407,0,0,0,0
13.543,0.9410,0,0,0,0
13.579,0.9411,0,0,0,0
13.612,0.9413,0,0,0,0
13.644,0.9416,0,0,0,0
13.678,0.9417,0,0,0,0
13.711,0.9419,0,0,0,0
13.741,0.9422,0,0,0,0
13.775,0.9423,0,0,0,0
13.812,0.9425,0,0,0,0
13.842,0.9427,0,0,0,0
13.876,0.9428,0,0,0,0
13.908,0.9431,0,0,0,0
13.942,0.9433,0,0,0,0
13.979,0.9434,0,0,0,0
14.009,0.9436,0,0,0,0
14.042,0.9439,0,0,0,0
14.077,0.9440,0,0,0,0
14.100,0.9441,0,0,0,0
14.141,0.9444,0,0,0,0
14.175,0.9445,0,0,0,0
14.208,0.9447,0,0,0,0
14.241,0.9449,0,0,0,0
14.276,0.9450,0,0,0,0
14.308,0.9453,0,0,0,0
14.342,0.9455,0,0,0,0
14.379,0.9456,0,0,0,0
14.412,0.9458,0,0,0,0
14.443,0.9460,0,0,0,0
14.476,0.9461,0,0,0,0
14.511,0.9463,0,0,0,0
14.541,0.9465,0,0,0,0
14.574,0.9466,0,0,0,0
14.609,0.9468,0,0,0,0
14.641,0.9470,0,0,0,0
14.676,0.9472,0,0,0,0
14.709,0.9474,0,0,0,0
14.745,0.9476,0,0,0,0
14.778,0.9477,0,0,0,0
14.804,0.9479,0,0,0,0
14.844,0.9482,0,0,0,0
14.878,0.9483,0,0,0,0
14.912,0.9485,0,0,0,0
14.954,0.9487,0,0,0,0
14.971,0.9488,0,0,0,0
15.009,0.9490,0,0,0,0
15.043,0.9492,0,0,0,0
15.074,0.9493,0,0,0,0
15.109,0.9495,0,0,0,0
15.143,0.9497,0,0,0,0
15.177,0.9498,0,0,0,0
15.209,0.9500,0,0,0,0
15.243,0.9501,0,0,0,0
15.275,0.9502,0,0,0,0
15.310,0.9504,0,0,0,0
15.341,0.9506,0,0,0,0
15.376,0.9507,0,0,0,0
15.410,0.9508,0,0,0,0
15.441,0.9510,0,0,0,0
15.474,0.9511,0,0,0,0
15.510,0.9513,0,0,0,0
15.542,0.9514,0,0,0,0
15.580,0.9515,0,0,0,0
15.610,0.9517,0,0,0,0
15.642,0.9518,0,0,0,0
15.677,0.9519,0,0,0,0
15.708,0.9521,0,0,0,0
15.741,0.9522,0,0,0,0
15.777,0.9523,0,0,0,0
15.812,0.9525,0,0,0,0
15.833,0.9526,0,0,0,0
15.875,0.9527,0,0,0,0
15.908,0.9529,0,0,0,0
15.941,0.9530,0,0,0,0
15.977,0.9531,0,0,0,0
16.010,0.9533,0,0,0,0
16.044,0.9534,0,0,0,0
16.077,0.9535,0,0,0,0
16.109,0.9537,0,0,0,0
16.141,0.9538,0,0,0,0
16.176,0.9539,0,0,0,0
16.212,0.9540,0,0,0,0
16.243,0.9542,0,0,0,0
16.276,0.9543,0,0,0,0
16.309,0.9544,0,0,0,0
16.345,0.9546,0,0,0,0
16.375,0.9546,0,0,0,0
16.412,0.9548,0,0,0,0
16.445,0.9549,0,0,0,0
16.476,0.9550,0,0,0,0
16.508,0.9551,0,0,0,0
16.541,0.9553,0,0,0,0
16.575,0.9554,0,0,0,0
16.610,0.9555,0,0,0,0
16.643,0.9556,0,0,0,0
16.676,0.9557,0,0,0,0
16.710,0.9559,0,0,0,0
16.749,0.9560,0,0,0,0
16.774,0.9561,0,0,0,0
16.808,0.9562,0,0,0,0
16.832,0.9563,0,0,0,0
16.875,0.9564,0,0,0,0
16.908,0.9566,0,0,0,0
16.943,0.9567,0,0,0,0
16.975,0.9568,0,0,0,0
17.010,0.9569,0,0,0,0
17.042,0.9570,0,0,0,0
17.076,0.9571,0,0,0,0
17.108,0.9572,0,0,0,0
17.143,0.9574,0,0,0,0
17.174,0.9574,0,0,0,0
17.211,0.9576,0,0,0,0
17.244,0.9577,0,0,0,0
17.276,0.9577,0,0,0,0
17.309,0.9579,0,0,0,0
17.344,0.9580,0,0,0,0
17.377,0.9581,0,0,0,0
17.409,0.9582,0,0,0,0
17.442,0.9583,0,0,0,0
17.476,0.9584,0,0,0,0
17.508,0.9585,0,0,0,0
17.542,0.9586,0,0,0,0
17.576,0.9587,0,0,0,0
17.607,0.9588,0,0,0,0
17.644,0.9590,0,0,0,0
17.674,0.9590,0,0,0,0
17.708,0.9591,0,0,0,0
17.746,0.9593,0,0,0,0
17.779,0.9593,0,0,0,0
17.810,0.9594,0,0,0,0
17.845,0.9596,0,0,0,0
17.878,0.9596,0,0,0,0
17.908,0.9597,0,0,0,0
17.941,0.9599,0,0,0,0
17.977,0.9599,0,0,0,0
18.010,0.9600,0,0,0,0
18.044,0.9602,0,0,0,0
18.079,0.9602,0,0,0,0
18.111,0.9603,0,0,0,0
18.145,0.9605,0,0,0,0
18.175,0.9605,0,0,0,0
18.210,0.9606,0,0,0,0
18.243,0.9607,0,0,0,0
18.275,0.9608,0,0,0,0
18.308,0.9609,0,0,0,0
18.343,0.9610,0,0,0,0
18.378,0.9611,0,0,0,0
18.409,0.9612,0,0,0,0
18.441,0.9613,0,0,0,0
18.476,0.9614,0,0,0,0
18.512,0.9615,0,0,0,0
18.545,0.9616,0,0,0,0
18.578,0.9617,0,0,0,0
18.609,0.9618,0,0,0,0
18.643,0.9619,0,0,0,0
18.678,0.9619,0,0,0,0
18.709,0.9620,0,0,0,0
18.742,0.9622,0,0,0,0
18.775,0.9622,0,0,0,0
18.812,0.9623,0,0,0,0
18.843,0.9624,0,0,0,0
18.874,0.9625,0,0,0,0
18.912,0.9626,0,0,0,0
18.939,0.9627,0,0,0,0
18.976,0.9628,0,0,0,0
19.012,0.9629,0,0,0,0
19.042,0.9630,0,0,0,0
19.079,0.9630,0,0,0,0
19.111,0.9632,0,0,0,0
19.151,0.9633,0,0,0,0
19.168,0.9633,0,0,0,0
19.209,0.9634,0,0,0,0
19.242,0.9635,0,0,0,0
19.278,0.9636,0,0,0,0
19.309,0.9637,0,0,0,0
19.344,0.9638,0,0,0,0
19.377,0.9639,0,0,0,0
19.409,0.9640,0,0,0,0
19.441,0.9641,0,0,0,0
19.478,0.9641,0,0,0,0
19.510,0.9642,0,0,0,0
19.545,0.9643,0,0,0,0
19.578,0.9644,0,0,0,0
19.608,0.9645,0,0,0,0
19.642,0.9646,0,0,0,0
19.674,0.9647,0,0,0,0
19.711,0.9648,0,0,0,0
19.743,0.9649,0,0,0,0
19.775,0.9649,0,0,0,0
19.807,0.9650,0,0,0,0
19.842,0.9651,0,0,0,0
19.876,0.9652,0,0,0,0
19.910,0.9653,0,0,0,0
19.941,0.9654,0,0,0,0
19.975,0.9655,0,0,0,0
20.008,0.9656,0,0,0,0
20.041,0.9657,0,0,0,0
20.075,0.9657,0,0,0,0
20.109,0.9658,0,0,0,0
20.140,0.9659,0,0,0,0
20.178,0.9660,0,0,0,0
20.208,0.9661,0,0,0,0
20.242,0.9662,0,0,0,0
20.277,0.9663,0,0,0,0
20.309,0.9664,0,0,0,0
20.342,0.9665,0,0,0,0
20.376,0.9665,0,0,0,0
20.408,0.9666,0,0,0,0
20.441,0.9668,0,0,0,0
20.474,0.9668,0,0,0,0
20.511,0.9669,0,0,0,0
20.541,0.9670,0,0,0,0
20.578,0.9671,0,0,0,0
20.607,0.9672,0,0,0,0
20.642,0.9673,0,0,0,0
20.677,0.9673,0,0,0,0
20.711,0.9675,0,0,0,0
20.744,0.9676,0,0,0,0
20.775,0.9676,0,0,0,0
20.810,0.9677,0,0,0,0
20.845,0.9678,0,0,0,0
20.879,0.9679,0,0,0,0
20.908,0.9680,0,0,0,0
20.942,0.9681,0,0,0,0
20.977,0.9682,0,0,0,0
21.012,0.9683,0,0,0,0
21.045,0.9684,0,0,0,0
21.075,0.9684,0,0,0,0
21.110,0.9685,0,0,0,0
21.142,0.9687,0,0,0,0
21.176,0.9687,0,0,0,0
21.208,0.9688,0,0,0,0
21.245,0.9689,0,0,0,0
21.279,0.9690,0,0,0,0
21.309,0.9691,0,0,0,0
21.344,0.9692,0,0,0,0
21.375,0.9693,0,0,0,0
21.408,0.9694,0,0,0,0
21.443,0.9695,0,0,0,0
21.474,0.9695,0,0,0,0
21.510,0.9696,0,0,0,0
21.541,0.9698,0,0,0,0
21.575,0.9698,0,0,0,0
21.608,0.9699,0,0,0,0
21.642,0.9700,0,0,0,0
21.678,0.9701,0,0,0,0
21.709,0.9702,0,0,0,0
21.741,0.9703,0,0,0,0
21.776,0.9704,0,0,0,0
21.808,0.9705,0,0,0,0
21.843,0.9706,0,0,0,0
21.871,0.9706,0,0,0,0
21.911,0.9708,0,0,0,0
21.944,0.9709,0,0,0,0
21.977,0.9709,0,0,0,0
22.013,0.9710,0,0,0,0
22.043,0.9711,0,0,0,0
22.079,0.9712,0,0,0,0
22.112,0.9713,0,0,0,0
22.142,0.9714,0,0,0,0
22.185,0.9715,0,0,0,0
22.209,0.9716,0,0,0,0
22.242,0.9717,0,0,0,0
22.278,0.9718,0,0,0,0
22.308,0.9719,0,0,0,0
22.341,0.9720,0,0,0,0
22.377,0.9720,0,0,0,0
22.412,0.9721,0,0,0,0
22.445,0.9723,0,0,0,0
22.474,0.9723,0,0,0,0
22.509,0.9724,0,0,0,0
22.553,0.9725,0,0,0,0
22.578,0.9726,0,0,0,0
22.608,0.9727,0,0,0,0
22.642,0.9728,0,0,0,0
22.677,0.9729,0,0,0,0
22.708,0.9730,0,0,0,0
22.742,0.9731,0,0,0,0
22.777,0.9731,0,0,0,0
22.812,0.9733,0,0,0,0
22.843,0.9734,0,0,0,0
22.877,0.9734,0,0,0,0
22.907,0.9735,0,0,0,0
22.942,0.9736,0,0,0,0
22.979,0.9737,0,0,0,0
23.010,0.9738,0,0,0,0
23.043,0.9739,0,0,0,0
23.078,0.9740,0,0,0,0
23.107,0.9741,0,0,0,0
23.142,0.9742,0,0,0,0
23.176,0.9742,0,0,0,0
23.210,0.9744,0,0,0,0
23.242,0.9745,0,0,0,0
23.274,0.9745,0,0,0,0
23.314,0.9746,0,0,0,0
23.343,0.9747,0,0,0,0
23.376,0.9748,0,0,0,0
23.410,0.9749,0,0,0,0
23.443,0.9750,0,0,0,0
23.475,0.9750,0,0,0,0
23.512,0.9752,0,0,0,0
23.542,0.9753,0,0,0,0
23.574,0.9753,0,0,0,0
23.610,0.9754,0,0,0,0
23.643,0.9755,0,0,0,0
23.675,0.9756,0,0,0,0
23.708,0.9757,0,0,0,0
23.742,0.9758,0,0,0,0
23.775,0.9758,0,0,0,0
23.811,0.9759,0,0,0,0
23.841,0.9760,0,0,0,0
23.876,0.9761,0,0,0,0
23.908,0.9762,0,0,0,0
23.941,0.9763,0,0,0,0
23.975,0.9763,0,0,0,0
24.007,0.9764,0,0,0,0
24.041,0.9765,0,0,0,0
24.073,0.9766,0,0,0,0
24.112,0.9767,0,0,0,0
24.145,0.9768,0,0,0,0
24.177,0.9768,0,0,0,0
24.209,0.9769,0,0,0,0
24.242,0.9770,0,0,0,0
24.277,0.9771,0,0,0,0
24.309,0.9772,0,0,0,0
24.343,0.9773,0,0,0,0
24.376,0.9773,0,0,0,0
24.411,0.9774,0,0,0,0
24.443,0.9775,0,0,0,0
24.477,0.9776,0,0,0,0
24.508,0.9777,0,0,0,0
24.542,0.9777,0,0,0,0
24.575,0.9778,0,0,0,0
24.611,0.9779,0,0,0,0
24.646,0.9780,0,0,0,0
24.674,0.9780,0,0,0,0
24.708,0.9781,0,0,0,0
24.745,0.9782,0,0,0,0
24.778,0.9782,0,0,0,0
24.811,0.9783,0,0,0,0
24.844,0.9784,0,0,0,0
24.874,0.9785,0,0,0,0
24.909,0.9785,0,0,0,0
24.942,0.9786,0,0,0,0
24.974,0.9787,0,0,0,0
25.009,0.9787,0,0,0,0
25.045,0.9788,0,0,0,0
25.076,0.9789,0,0,0,0
25.109,0.9789,0,0,0,0
25.141,0.9790,0,0,0,0
25.176,0.9791,0,0,0,0
25.211,0.9791,0,0,0,0
25.251,0.9792,0,0,0,0
25.269,0.9793,0,0,0,0
25.307,0.9793,0,0,0,0
25.342,0.9794,0,0,0,0
25.375,0.9794,0,0,0,0
25.409,0.9795,0,0,0,0
25.444,0.9796,0,0,0,0
25.478,0.9796,0,0,0,0
25.510,0.9797,0,0,0,0
25.542,0.9798,0,0,0,0
25.574,0.9798,0,0,0,0
25.610,0.9799,0,0,0,0
25.652,0.9799,0,0,0,0
25.685,0.9800,0,0,0,0
25.702,0.9800,0,0,0,0
25.744,0.9801,0,0,0,0
25.775,0.9801,0,0,0,0
25.809,0.9802,0,0,0,0
25.843,0.9803,0,0,0,0
25.876,0.9803,0,0,0,0
25.909,0.9803,0,0,0,0
25.946,0.9804,0,0,0,0
25.977,0.9804,0,0,0,0
26.000,0.9805,0,0,0,0
26.044,0.9805,0,0,0,0
26.078,0.9806,0,0,0,0
26.114,0.9806,0,0,0,0
26.143,0.9807,0,0,0,0
26.179,0.9807,0,0,0,0
26.209,0.9808,0,0,0,0
26.244,0.9808,0,0,0,0
26.274,0.9808,0,0,0,0
26.311,0.9809,0,0,0,0
26.341,0.9809,0,0,0,0
26.375,0.9809,0,0,0,0
26.412,0.9810,0,0,0,0
26.441,0.9811,0,0,0,0
26.476,0.9812,0,0,0,0
26.509,0.9813,0,0,0,0
26.541,0.9815,0,0,0,0
26.576,0.9816,0,0,0,0
26.609,0.9818,0,0,0,0
26.643,0.9819,0,0,0,0
26.676,0.9820,0,0,0,0
26.707,0.9822,0,0,0,0
26.742,0.9824,0,0,0,0
26.775,0.9825,0,0,0,0
26.809,0.9826,0,0,0,0
26.843,0.9828,0,0,0,0
26.874,0.9829,0,0,0,0
26.909,0.9831,0,0,0,0
26.942,0.9833,0,0,0,0
26.975,0.9834,0,0,0,0
27.008,0.9836,0,0,0,0
27.042,0.9837,0,0,0,0
27.075,0.9838,0,0,0,0
27.112,0.9840,0,0,0,0
27.144,0.9842,0,0,0,0
27.176,0.9843,0,0,0,0
27.209,0.9845,0,0,0,0
27.243,0.9847,0,0,0,0
27.279,0.9848,0,0,0,0
27.308,0.9850,0,0,0,0
27.352,0.9853,0,0,0,0
27.376,0.9854,0,0,0,0
27.409,0.9856,0,0,0,0
27.445,0.9858,0,0,0,0
27.476,0.9859,0,0,0,0
27.512,0.9861,0,0,0,0
27.542,0.9863,0,0,0,0
27.576,0.9864,0,0,0,0
27.609,0.9866,0,0,0,0
27.650,0.9868,0,0,0,0
27.668,0.9869,0,0,0,0
27.708,0.9871,0,0,0,0
27.745,0.9874,0,0,0,0
27.775,0.9875,0,0,0,0
27.809,0.9877,0,0,0,0
27.842,0.9879,0,0,0,0
27.874,0.9880,0,0,0,0
27.908,0.9882,0,0,0,0
27.942,0.9885,0,0,0,0
27.974,0.9886,0,0,0,0
28.009,0.9888,0,0,0,0
28.042,0.9890,0,0,0,0
28.076,0.9891,0,0,0,0
28.108,0.9893,0,0,0,0
28.142,0.9895,0,0,0,0
28.177,0.9896,0,0,0,0
28.208,0.9899,0,0,0,0
28.245,0.9901,0,0,0,0
28.274,0.9902,0,0,0,0
28.311,0.9904,0,0,0,0
28.344,0.9906,0,0,0,0
28.377,0.9907,0,0,0,0
28.410,0.9910,0,0,0,0
28.441,0.9912,0,0,0,0
28.475,0.9913,0,0,0,0
28.510,0.9915,0,0,0,0
28.544,0.9918,0,0,0,0
28.575,0.9919,0,0,0,0
28.608,0.9921,0,0,0,0
28.643,0.9923,0,0,0,0
28.676,0.9924,0,0,0,0
28.699,0.9925,0,0,0,0
28.743,0.9929,0,0,0,0
28.772,0.9930,0,0,0,0
28.809,0.9932,0,0,0,0
28.833,0.9933,0,0,0,0
28.876,0.9936,0,0,0,0
28.908,0.9938,0,0,0,0
28.943,0.9940,0,0,0,0
28.975,0.9941,0,0,0,0
29.008,0.9944,0,0,0,0
29.045,0.9946,0,0,0,0
29.076,0.9947,0,0,0,0
29.109,0.9949,0,0,0,0
29.141,0.9952,0,0,0,0
29.174,0.9953,0,0,0,0
29.210,0.9955,0,0,0,0
29.242,0.9957,0,0,0,0
29.275,0.9959,0,0,0,0
29.308,0.9961,0,0,0,0
29.341,0.9963,0,0,0,0
29.375,0.9965,0,0,0,0
29.407,0.9967,0,0,0,0
29.442,0.9969,0,0,0,0
29.474,0.9970,0,0,0,0
29.510,0.9973,0,0,0,0
29.543,0.9975,0,0,0,0
29.576,0.9976,0,0,0,0
29.611,0.9979,0,0,0,0
29.643,0.9981,0,0,0,0
29.674,0.9982,0,0,0,0
29.708,0.9984,0,0,0,0
29.743,0.9987,0,0,0,0
29.778,0.9988,0,0,0,0
29.807,0.9991,0,0,0,0
29.841,0.9993,0,0,0,0
29.874,0.9994,0,0,0,0
29.911,0.9997,0,0,0,0
29.942,0.9999,0,0,0,0
29.975,1.0000,0,0,0,0
30.012,1.0000,0,0,0,0
30.045,1.0000,0,0,0,0
30.078,1.0000,0,0,0,0
30.108,1.0000,0,0,0,0
30.141,1.0000,0,0,0,0
30.177,1.0000,0,0,0,0
30.207,1.0000,0,0,0,0
30.242,1.0000,0,0,0,0
30.275,1.0000,0,0,0,0
30.309,1.0000,0,0,0,0
30.346,1.0000,0,0,0,0
30.376,1.0000,0,0,0,0
30.411,1.0000,0,0,0,0
30.443,1.0000,0,0,0,0
30.476,1.0000,0,0,0,0
30.511,1.0000,0,0,0,0
30.545,1.0000,0,0,0,0
30.575,1.0000,0,0,0,0
30.605,1.0000,0,0,0,0
30.641,1.0000,0,0,0,0
30.677,1.0000,0,0,0,0
30.712,1.0000,0,0,0,0
30.744,1.0000,0,0,0,0
30.778,1.0000,0,0,0,0
30.810,1.0000,0,0,0,0
30.841,1.0000,0,0,0,0
30.871,1.0000,0,0,0,0
30.912,1.0000,0,0,0,0
30.943,1.0000,0,0,0,0
30.979,1.0000,0,0,0,0
31.009,1.0000,0,0,0,0
31.042,1.0000,0,0,0,0
31.075,1.0000,0,0,0,0
31.110,1.0000,0,0,0,0
31.142,1.0000,0,0,0,0
31.177,1.0000,0,0,0,0
31.199,1.0000,0,0,0,0
31.245,1.0000,0,0,0,0
31.274,1.0000,0,0,0,0
31.309,1.0000,0,0,0,0
31.342,1.0000,0,0,0,0
31.378,1.0000,0,0,0,0
31.408,1.0000,0,0,0,0
31.442,1.0000,0,0,0,0
31.478,1.0000,0,0,0,0
31.511,1.0000,0,0,0,0
31.541,1.0000,0,0,0,0
31.578,1.0000,0,0,0,0
31.613,1.0000,0,0,0,0
31.645,1.0000,0,0,0,0
31.674,1.0000,0,0,0,0
31.710,1.0000,0,0,0,0
31.745,1.0000,0,0,0,0
31.775,1.0000,0,0,0,0
31.810,1.0000,0,0,0,0
31.846,1.0000,0,0,0,0
31.876,1.0000,0,0,0,0
31.910,1.0000,0,0,0,0
31.941,1.0000,0,0,0,0
31.978,1.0000,0,0,0,0
32.008,1.0000,0,0,0,0
32.053,1.0000,0,0,0,0
32.077,1.0000,0,0,0,0
32.109,1.0000,0,0,0,0
32.141,1.0000,0,0,0,0
32.176,1.0000,0,0,0,0
32.208,1.0000,0,0,0,0
32.243,1.0000,0,0,0,0
32.278,1.0000,0,0,0,0
32.312,1.0000,0,0,0,0
32.342,1.0000,0,0,0,0
32.375,1.0000,0,0,0,0
32.412,1.0000,0,0,0,0
32.442,1.0000,0,0,0,0
32.476,1.0000,0,0,0,0
32.513,1.0000,0,0,0,0
32.546,1.0000,0,0,0,0
32.578,1.0000,0,0,0,0
32.609,1.0000,0,0,0,0
32.642,1.0000,0,0,0,0
32.675,1.0000,0,0,0,0
32.712,1.0000,0,0,0,0
32.741,1.0000,0,0,0,0
32.775,1.0000,0,0,0,0
32.808,1.0000,0,0,0,0
32.846,1.0000,0,0,0,0
32.886,1.0000,0,0,0,0
32.911,1.0000,0,0,0,0
32.942,1.0000,0,0,0,0
32.976,1.0000,0,0,0,0
33.010,1.0000,0,0,0,0
33.043,1.0000,0,0,0,0
33.077,1.0000,0,0,0,0
33.107,1.0000,0,0,0,0
33.145,1.0000,0,0,0,0
33.174,1.0000,0,0,0,0
33.209,1.0000,0,0,0,0
33.240,1.0000,0,0,0,0
33.277,1.0000,0,0,0,0
33.312,1.0000,0,0,0,0
33.343,1.0000,0,0,0,0
33.380,1.0000,0,0,0,0
33.415,1.0000,0,0,0,0
33.441,1.0000,0,0,0,0
33.475,1.0000,0,0,0,0
33.508,1.0000,0,0,0,0
33.541,1.0000,0,0,0,0
33.575,1.0000,0,0,0,0
33.608,1.0000,0,0,0,0
33.641,1.0000,0,0,0,0
33.675,1.0000,0,0,0,0
33.707,1.0000,0,0,0,0
33.741,1.0000,0,0,0,0
33.778,1.0000,0,0,0,0
33.809,1.0000,0,0,0,0
33.841,1.0000,0,0,0,0
33.874,1.0000,0,0,0,0
33.910,1.0000,0,0,0,0
33.942,1.0000,0,0,0,0
33.975,1.0000,0,0,0,0
34.008,1.0000,0,0,0,0
34.042,1.0000,0,0,0,0
34.076,1.0000,0,0,0,0
34.109,1.0000,0,0,0,0
34.143,1.0000,0,0,0,0
34.177,1.0000,0,0,0,0
34.210,1.0000,0,0,0,0
34.249,1.0000,0,0,0,0
34.277,1.0000,0,0,0,0
34.311,1.0000,0,0,0,0
34.343,1.0000,0,0,0,0
34.376,1.0000,0,0,0,0
34.411,1.0000,0,0,0,0
34.441,1.0000,0,0,0,0
34.476,1.0000,0,0,0,0
34.511,1.0000,0,0,0,0
34.541,1.0000,0,0,0,0
34.575,1.0000,0,0,0,0
34.608,1.0000,0,0,0,0
34.652,1.0000,0,0,0,0
34.675,1.0000,0,0,0,0
34.710,1.0000,0,0,0,0
34.743,1.0000,0,0,0,0
34.776,1.0000,0,0,0,0
34.808,1.0000,0,0,0,0
34.843,1.0000,0,0,0,0
34.885,1.0000,0,0,0,0
34.902,1.0000,0,0,0,0
34.945,1.0000,0,0,0,0
34.978,1.0000,0,0,0,0
35.007,1.0000,0,0,0,0
35.045,1.0000,0,0,0,0
35.076,1.0000,0,0,0,0
35.110,1.0000,0,0,0,0
35.146,1.0000,0,0,0,0
35.176,1.0000,0,0,0,0
35.211,1.0000,0,0,0,0
35.242,1.0000,0,0,0,0
35.278,1.0000,0,0,0,0
35.309,1.0000,0,0,0,0
35.343,1.0000,0,0,0,0
35.374,1.0000,0,0,0,0
35.411,1.0000,0,0,0,0
35.444,1.0000,0,0,0,0
35.477,1.0000,0,0,0,0
35.508,1.0000,0,0,0,0
35.542,1.0000,0,0,0,0
35.575,1.0000,0,0,0,0
35.608,1.0000,0,0,0,0
35.642,1.0000,0,0,0,0
35.675,1.0000,0,0,0,0
35.708,1.0000,0,0,0,0
35.741,1.0000,0,0,0,0
35.776,1.0000,0,0,0,0
35.812,1.0000,0,0,0,0
35.844,1.0000,0,0,0,0
35.874,1.0000,0,0,0,0
35.908,1.0000,0,0,0,0
35.937,1.0000,0,0,0,0
35.976,1.0000,0,0,0,0
36.007,1.0000,0,0,0,0
36.044,1.0000,0,0,0,0
36.076,1.0000,0,0,0,0
36.108,1.0000,0,0,0,0
36.143,1.0000,0,0,0,0
36.178,1.0000,0,0,0,0
36.211,1.0000,0,0,0,0
36.240,1.0000,0,0,0,0
36.275,1.0000,0,0,0,0
36.312,1.0000,0,0,0,0
36.344,1.0000,0,0,0,0
36.373,1.0000,0,0,0,0
36.410,1.0000,0,0,0,0
36.443,1.0000,0,0,0,0
36.474,1.0000,0,0,0,0
36.509,1.0000,0,0,0,0
36.541,1.0000,0,0,0,0
36.575,1.0000,0,0,0,0
36.610,1.0000,0,0,0,0
36.644,1.0000,0,0,0,0
36.674,1.0000,0,0,0,0
36.711,1.0000,0,0,0,0
36.744,1.0000,0,0,0,0
36.776,1.0000,0,0,0,0
36.807,1.0000,0,0,0,0
36.845,1.0000,0,0,0,0
36.878,1.0000,0,0,0,0
36.909,1.0000,0,0,0,0
36.940,1.0000,0,0,0,0
36.978,1.0000,0,0,0,0
37.011,1.0000,0,0,0,0
37.042,1.0000,0,0,0,0
37.078,1.0000,0,0,0,0
37.109,1.0000,0,0,0,0
37.142,1.0000,0,0,0,0
37.175,1.0000,0,0,0,0
37.208,1.0000,0,0,0,0
37.244,1.0000,0,0,0,0
37.277,1.0000,0,0,0,0
37.310,1.0000,0,0,0,0
37.342,1.0000,0,0,0,0
37.376,1.0000,0,0,0,0
37.408,1.0000,0,0,0,0
37.439,1.0000,0,0,0,0
37.477,1.0000,0,0,0,0
37.511,1.0000,0,0,0,0
37.543,1.0000,0,0,0,0
37.575,1.0000,0,0,0,0
37.611,1.0000,0,0,0,0
37.645,1.0000,0,0,0,0
37.674,1.0000,0,0,0,0
37.710,1.0000,0,0,0,0
37.741,1.0000,0,0,0,0
37.787,1.0000,0,0,0,0
37.811,1.0000,0,0,0,0
37.841,1.0000,0,0,0,0
37.876,1.0000,0,0,0,0
37.911,1.0000,0,0,0,0
37.943,1.0000,0,0,0,0
37.984,1.0000,0,0,0,0
38.008,1.0000,0,0,0,0
38.043,1.0000,0,0,0,0
38.074,1.0000,0,0,0,0
38.111,1.0000,0,0,0,0
38.143,1.0000,0,0,0,0
38.175,1.0000,0,0,0,0
38.210,1.0000,0,0,0,0
38.244,1.0000,0,0,0,0
38.276,1.0000,0,0,0,0
38.310,1.0000,0,0,0,0
38.343,1.0000,0,0,0,0
38.375,1.0000,0,0,0,0
38.411,1.0000,0,0,0,0
38.446,1.0000,0,0,0,0
38.475,1.0000,0,0,0,0
38.510,1.0000,0,0,0,0
38.541,1.0000,0,0,0,0
38.578,1.0000,0,0,0,0
38.608,1.0000,0,0,0,0
38.643,1.0000,0,0,0,0
38.675,1.0000,0,0,0,0
38.711,1.0000,0,0,0,0
38.742,1.0000,0,0,0,0
38.782,1.0000,0,0,0,0
38.803,1.0000,0,0,0,0
38.843,1.0000,0,0,0,0
38.875,1.0000,0,0,0,0
38.912,1.0000,0,0,0,0
38.941,1.0000,0,0,0,0
38.977,1.0000,0,0,0,0
39.012,1.0000,0,0,0,0
39.049,1.0000,0,0,0,0
39.078,1.0000,0,0,0,0
39.109,1.0000,0,0,0,0
39.141,1.0000,0,0,0,0
39.175,1.0000,0,0,0,0
39.210,1.0000,0,0,0,0
39.242,1.0000,0,0,0,0
39.272,1.0000,0,0,0,0
39.311,1.0000,0,0,0,0
39.343,1.0000,0,0,0,0
39.377,1.0000,0,0,0,0
39.410,1.0000,0,0,0,0
39.443,1.0000,0,0,0,0
39.476,1.0000,0,0,0,0
39.510,1.0000,0,0,0,0
39.545,1.0000,0,0,0,0
39.566,1.0000,0,0,0,0
39.611,1.0000,0,0,0,0
39.641,1.0000,0,0,0,0
39.674,1.0000,0,0,0,0
39.710,1.0000,0,0,0,0
39.743,1.0000,0,0,0,0
39.775,1.0000,0,0,0,0
39.808,1.0000,0,0,0,0
39.844,1.0000,0,0,0,0
39.875,1.0000,0,0,0,0
39.908,1.0000,0,0,0,0
39.942,1.0000,0,0,0,0
39.974,1.0000,0,0,0,0
40.009,1.0000,0,0,0,0
40.038,1.0000,0,0,0,0
40.075,1.0000,0,0,0,0
40.112,1.0000,0,0,0,0
40.146,1.0000,0,0,0,0
40.176,1.0000,0,0,0,0
40.209,1.0000,0,0,0,0
40.241,1.0000,0,0,0,0
40.276,1.0000,0,0,0,0
40.311,1.0000,0,0,0,0
40.344,1.0000,0,0,0,0
40.376,1.0000,0,0,0,0
40.411,1.0000,0,0,0,0
40.445,1.0000,0,0,0,0
40.476,1.0000,0,0,0,0
40.507,1.0000,0,0,0,0
40.543,1.0000,0,0,0,0
40.577,1.0000,0,0,0,0
40.617,1.0000,0,0,0,0
40.640,1.0000,0,0,0,0
40.678,1.0000,0,0,0,0
40.709,1.0000,0,0,0,0
40.745,1.0000,0,0,0,0
40.777,1.0000,0,0,0,0
40.810,1.0000,0,0,0,0
40.844,1.0000,0,0,0,0
40.874,1.0000,0,0,0,0
40.912,1.0000,0,0,0,0
40.943,1.0000,0,0,0,0
40.975,1.0000,0,0,0,0
41.011,1.0000,0,0,0,0
41.043,1.0000,0,0,0,0
41.075,1.0000,0,0,0,0
41.109,1.0000,0,0,0,0
41.140,1.0000,0,0,0,0
41.182,1.0000,0,0,0,0
41.209,1.0000,0,0,0,0
41.245,1.0000,0,0,0,0
41.277,1.0000,0,0,0,0
41.308,1.0000,0,0,0,0
41.344,1.0000,0,0,0,0
41.376,1.0000,0,0,0,0
41.410,1.0000,0,0,0,0
41.443,1.0000,0,0,0,0
41.477,1.0000,0,0,0,0
41.511,1.0000,0,0,0,0
41.542,1.0000,0,0,0,0
41.579,1.0000,0,0,0,0
41.609,1.0000,0,0,0,0
41.643,1.0000,0,0,0,0
41.677,1.0000,0,0,0,0
41.707,1.0000,0,0,0,0
41.741,1.0000,0,0,0,0
41.776,1.0000,0,0,0,0
41.812,1.0000,0,0,0,0
41.843,1.0000,0,0,0,0
41.876,1.0000,0,0,0,0
41.909,1.0000,0,0,0,0
41.945,1.0000,0,0,0,0
41.977,1.0000,0,0,0,0
42.013,1.0000,0,0,0,0
42.043,1.0000,0,0,0,0
42.077,1.0000,0,0,0,0
42.118,1.0000,0,0,0,0
42.136,1.0000,0,0,0,0
42.175,1.0000,0,0,0,0
42.208,1.0000,0,0,0,0
42.240,1.0000,0,0,0,0
42.275,1.0000,0,0,0,0
42.309,1.0000,0,0,0,0
42.344,1.0000,0,0,0,0
42.377,1.0000,0,0,0,0
42.408,1.0000,0,0,0,0
42.444,1.0000,0,0,0,0
42.472,1.0000,0,0,0,0
42.508,1.0000,0,0,0,0
42.540,1.0000,0,0,0,0
42.576,1.0000,0,0,0,0
42.608,1.0000,0,0,0,0
42.644,1.0000,0,0,0,0
42.682,1.0000,0,0,0,0
42.711,1.0000,0,0,0,0
42.743,1.0000,0,0,0,0
42.775,1.0000,0,0,0,0
42.811,1.0000,0,0,0,0
42.844,1.0000,0,0,0,0
42.877,1.0000,0,0,0,0
42.909,1.0000,0,0,0,0
42.941,1.0000,0,0,0,0
42.975,1.0000,0,0,0,0
43.009,1.0000,0,0,0,0
43.041,1.0000,0,0,0,0
43.077,1.0000,0,0,0,0
43.110,1.0000,0,0,0,0
43.142,1.0000,0,0,0,0
43.174,1.0000,0,0,0,0
43.209,1.0000,0,0,0,0
43.241,1.0000,0,0,0,0
43.278,1.0000,0,0,0,0
43.312,1.0000,0,0,0,0
43.345,1.0000,0,0,0,0
43.376,1.0000,0,0,0,0
43.408,1.0000,0,0,0,0
43.442,1.0000,0,0,0,0
43.477,1.0000,0,0,0,0
43.509,1.0000,0,0,0,0
43.542,1.0000,0,0,0,0
43.576,1.0000,0,0,0,0
43.609,1.0000,0,0,0,0
43.654,1.0000,0,0,0,0
43.681,1.0000,0,0,0,0
43.702,1.0000,0,0,0,0
43.743,1.0000,0,0,0,0
43.775,1.0000,0,0,0,0
43.806,1.0000,0,0,0,0
43.842,1.0000,0,0,0,0
43.874,1.0000,0,0,0,0
43.907,1.0000,0,0,0,0
43.942,1.0000,0,0,0,0
43.978,1.0000,0,0,0,0
44.008,1.0000,0,0,0,0
44.034,1.0000,0,0,0,0
44.076,1.0000,0,0,0,0
44.103,1.0000,0,0,0,0
44.141,1.0000,0,0,0,0
44.176,1.0000,0,0,0,0
44.207,1.0000,0,0,0,0
44.241,1.0000,0,0,0,0
44.280,1.0000,0,0,0,0
44.310,1.0000,0,0,0,0
44.347,1.0000,0,0,0,0
44.375,1.0000,0,0,0,0
44.409,1.0000,0,0,0,0
44.449,1.0000,0,0,0,0
44.480,1.0000,0,0,0,0
44.504,1.0000,0,0,0,0
44.546,1.0000,0,0,0,0
44.573,1.0000,0,0,0,0
44.616,1.0000,0,0,0,0
44.647,1.0000,0,0,0,0
44.676,1.0000,0,0,0,0
44.707,1.0000,0,0,0,0
44.742,1.0000,0,0,0,0
44.776,1.0000,0,0,0,0
44.811,1.0000,0,0,0,0
44.843,1.0000,0,0,0,0
44.878,1.0000,0,0,0,0
44.909,1.0000,0,0,0,0
44.946,1.0000,0,0,0,0
44.976,1.0000,0,0,0,0
45.010,1.0000,0,0,0,0
45.043,1.0000,0,0,0,0
45.074,1.0000,0,0,0,0
45.109,1.0000,0,0,0,0
45.143,1.0000,0,0,0,0
45.176,1.0000,0,0,0,0
45.211,1.0000,0,0,0,0
45.243,1.0000,0,0,0,0
45.276,1.0000,0,0,0,0
45.310,1.0000,0,0,0,0
45.341,1.0000,0,0,0,0
45.377,1.0000,0,0,0,0
45.410,1.0000,0,0,0,0
45.439,1.0000,0,0,0,0
45.477,1.0000,0,0,0,0
45.509,1.0000,0,0,0,0
45.542,1.0000,0,0,0,0
45.576,1.0000,0,0,0,0
45.608,1.0000,0,0,0,0
45.641,1.0000,0,0,0,0
45.676,1.0000,0,0,0,0
45.710,1.0000,0,0,0,0
45.744,1.0000,0,0,0,0
45.774,1.0000,0,0,0,0
45.809,1.0000,0,0,0,0
45.843,1.0000,0,0,0,0
45.879,1.0000,0,0,0,0
45.912,1.0000,0,0,0,0
45.939,1.0000,0,0,0,0
45.972,1.0000,0,0,0,0
46.010,1.0000,0,0,0,0
46.042,1.0000,0,0,0,0
46.078,1.0000,0,0,0,0
46.108,1.0000,0,0,0,0
46.142,1.0000,0,0,0,0
46.177,1.0000,0,0,0,0
46.210,1.0000,0,0,0,0
46.244,1.0000,0,0,0,0
46.279,1.0000,0,0,0,0
46.308,1.0000,0,0,0,0
46.343,1.0000,0,0,0,0
46.375,1.0000,0,0,0,0
46.410,1.0000,0,0,0,0
46.443,1.0000,0,0,0,0
46.476,1.0000,0,0,0,0
46.508,1.0000,0,0,0,0
46.544,1.0000,0,0,0,0
46.577,1.0000,0,0,0,0
46.609,1.0000,0,0,0,0
46.643,1.0000,0,0,0,0
46.676,1.0000,0,0,0,0
46.709,1.0000,0,0,0,0
46.742,1.0000,0,0,0,0
46.779,1.0000,0,0,0,0
46.809,1.0000,0,0,0,0
46.849,1.0000,0,0,0,0
46.876,1.0000,0,0,0,0
46.904,1.0000,0,0,0,0
46.943,1.0000,0,0,0,0
46.977,1.0000,0,0,0,0
47.008,1.0000,0,0,0,0
47.044,1.0000,0,0,0,0
47.077,1.0000,0,0,0,0
47.108,1.0000,0,0,0,0
47.144,1.0000,0,0,0,0
47.174,1.0000,0,0,0,0
47.209,1.0000,0,0,0,0
47.246,1.0000,0,0,0,0
47.278,1.0000,0,0,0,0
47.308,1.0000,0,0,0,0
47.346,1.0000,0,0,0,0
47.378,1.0000,0,0,0,0
47.409,1.0000,0,0,0,0
47.443,1.0000,0,0,0,0
47.475,1.0000,0,0,0,0
47.514,1.0000,0,0,0,0
47.542,1.0000,0,0,0,0
47.565,1.0000,0,0,0,0
47.608,1.0000,0,0,0,0
47.650,1.0000,0,0,0,0
47.675,1.0000,0,0,0,0
47.709,1.0000,0,0,0,0
47.742,1.0000,0,0,0,0
47.775,1.0000,0,0,0,0
47.811,1.0000,0,0,0,0
47.845,1.0000,0,0,0,0
47.874,1.0000,0,0,0,0
47.911,1.0000,0,0,0,0
47.943,1.0000,0,0,0,0
47.978,1.0000,0,0,0,0
48.007,1.0000,0,0,0,0
48.042,1.0000,0,0,0,0
48.076,1.0000,0,0,0,0
48.110,1.0000,0,0,0,0
48.141,1.0000,0,0,0,0
48.174,1.0000,0,0,0,0
48.207,1.0000,0,0,0,0
48.242,1.0000,0,0,0,0
48.276,1.0000,0,0,0,0
48.308,1.0000,0,0,0,0
48.343,1.0000,0,0,0,0
48.377,1.0000,0,0,0,0
48.408,1.0000,0,0,0,0
48.442,1.0000,0,0,0,0
48.475,1.0000,0,0,0,0
48.512,1.0000,0,0,0,0
48.541,1.0000,0,0,0,0
48.575,1.0000,0,0,0,0
48.608,1.0000,0,0,0,0
48.641,1.0000,0,0,0,0
48.676,1.0000,0,0,0,0
48.710,1.0000,0,0,0,0
48.744,1.0000,0,0,0,0
48.774,1.0000,0,0,0,0
48.804,1.0000,0,0,0,0
48.836,1.0000,0,0,0,0
48.876,1.0000,0,0,0,0
48.914,1.0000,0,0,0,0
48.944,1.0000,0,0,0,0
48.977,1.0000,0,0,0,0
49.010,1.0000,0,0,0,0
49.041,1.0000,0,0,0,0
49.074,1.0000,0,0,0,0
49.109,1.0000,0,0,0,0
49.142,1.0000,0,0,0,0
49.178,1.0000,0,0,0,0
49.208,1.0000,0,0,0,0
49.244,1.0000,0,0,0,0
49.274,1.0000,0,0,0,0
49.311,1.0000,0,0,0,0
49.342,1.0000,0,0,0,0
49.376,1.0000,0,0,0,0
49.409,1.0000,0,0,0,0
49.442,1.0000,0,0,0,0
49.478,1.0000,0,0,0,0
49.510,1.0000,0,0,0,0
49.543,1.0000,0,0,0,0
49.576,1.0000,0,0,0,0
49.610,1.0000,0,0,0,0
49.642,1.0000,0,0,0,0
49.675,1.0000,0,0,0,0
49.709,1.0000,0,0,0,0
49.744,1.0000,0,0,0,0
49.775,1.0000,0,0,0,0
49.809,1.0000,0,0,0,0
49.838,1.0000,0,0,0,0
49.875,1.0000,0,0,0,0
49.911,1.0000,0,0,0,0
49.943,1.0000,0,0,0,0
49.978,1.0000,0,0,0,0
50.008,1.0000,0,0,0,0
50.045,1.0000,0,0,0,0
50.075,1.0000,0,0,0,0
50.109,1.0000,0,0,0,0
50.142,1.0000,0,0,0,0
50.177,1.0000,0,0,0,0
50.210,1.0000,0,0,0,0
50.244,1.0000,0,0,0,0
50.271,1.0000,0,0,0,0
50.315,1.0000,0,0,0,0
50.341,1.0000,0,0,0,0
50.376,1.0000,0,0,0,0
50.413,1.0000,0,0,0,0
50.442,1.0000,0,0,0,0
50.477,1.0000,0,0,0,0
50.511,1.0000,0,0,0,0
50.543,1.0000,0,0,0,0
50.579,1.0000,0,0,0,0
50.608,1.0000,0,0,0,0
50.652,1.0000,0,0,0,0
50.676,1.0000,0,0,0,0
50.703,1.0000,0,0,0,0
50.751,1.0000,0,0,0,0
50.775,1.0000,0,0,0,0
50.809,1.0000,0,0,0,0
50.841,1.0000,0,0,0,0
50.876,1.0000,0,0,0,0
50.938,1.0000,0,0,0,0
50.962,1.0000,0,0,0,0
50.975,1.0000,0,0,0,0
51.009,1.0000,0,0,0,0
51.042,1.0000,0,0,0,0
51.078,1.0000,0,0,0,0
51.110,1.0000,0,0,0,0
51.144,1.0000,0,0,0,0
51.175,1.0000,0,0,0,0
51.213,1.0000,0,0,0,0
51.243,1.0000,0,0,0,0
51.274,1.0000,0,0,0,0
51.307,1.0000,0,0,0,0
51.340,1.0000,0,0,0,0
51.374,1.0000,0,0,0,0
51.410,1.0000,0,0,0,0
51.443,1.0000,0,0,0,0
51.475,1.0000,0,0,0,0
51.508,1.0000,0,0,0,0
51.543,1.0000,0,0,0,0
51.576,1.0000,0,0,0,0
51.655,1.0000,0,0,0,0
51.681,1.0000,0,0,0,0
51.694,1.0000,0,0,0,0
51.732,1.0000,0,0,0,0
51.763,1.0000,0,0,0,0
51.795,1.0000,0,0,0,0
51.833,1.0000,0,0,0,0
51.863,1.0000,0,0,0,0
51.895,1.0000,0,0,0,0
51.933,1.0000,0,0,0,0
51.965,1.0000,0,0,0,0
52.000,1.0000,0,0,0,0
52.022,1.0000,0,0,0,0
52.213,1.0000,0,0,0,0
52.261,1.0000,0,0,0,0
52.302,1.0000,0,0,0,0
52.335,1.0000,0,0,0,0
52.368,1.0000,0,0,0,0
52.402,1.0000,0,0,0,0
52.445,1.0000,0,0,0,0
52.469,1.0000,0,0,0,0
52.511,1.0000,0,0,0,0
52.545,1.0000,0,0,0,0
52.569,1.0000,0,0,0,0
52.611,1.0000,0,0,0,0
52.635,1.0000,0,0,0,0
52.678,1.0000,0,0,0,0
52.712,1.0000,0,0,0,0
52.745,1.0000,0,0,0,0
52.778,1.0000,0,0,0,0
52.812,1.0000,0,0,0,0
52.835,1.0000,0,0,0,0
52.878,1.0000,0,0,0,0
52.911,1.0000,0,0,0,0
52.945,1.0000,0,0,0,0
53.177,1.0000,0,0,0,0
53.209,1.0000,0,0,0,0
53.219,1.0000,0,0,0,0
53.246,1.0000,0,0,0,0
53.282,1.0000,0,0,0,0
53.315,1.0000,0,0,0,0
53.349,1.0000,0,0,0,0
53.383,1.0000,0,0,0,0
53.414,1.0000,0,0,0,0
53.448,1.0000,0,0,0,0
53.483,1.0000,0,0,0,0
53.518,1.0000,0,0,0,0
53.549,1.0000,0,0,0,0
53.584,1.0000,0,0,0,0
53.618,1.0000,0,0,0,0
53.657,1.0000,0,0,0,0
53.680,1.0000,0,0,0,0
53.715,1.0000,0,0,0,0
53.746,1.0000,0,0,0,0
53.784,1.0000,0,0,0,0
53.819,1.0000,0,0,0,0
53.848,1.0000,0,0,0,0
53.881,1.0000,0,0,0,0
53.914,1.0000,0,0,0,0
53.948,1.0000,0,0,0,0
53.981,1.0000,0,0,0,0
54.014,1.0000,0,0,0,0
54.047,1.0000,0,0,0,0
54.082,1.0000,0,0,0,0
54.114,1.0000,0,0,0,0
54.149,1.0000,0,0,0,0
54.182,1.0000,0,0,0,0
54.217,1.0000,0,0,0,0
54.250,1.0000,0,0,0,0
54.283,1.0000,0,0,0,0
54.316,1.0000,0,0,0,0
54.350,1.0000,0,0,0,0
54.383,1.0000,0,0,0,0
54.652,1.0000,0,0,0,0
54.692,1.0000,0,0,0,0
54.702,1.0000,0,0,0,0
54.708,1.0000,0,0,0,0
54.727,1.0000,0,0,0,0
54.760,1.0000,0,0,0,0
54.791,1.0000,0,0,0,0
54.834,1.0000,0,0,0,0
54.859,1.0000,0,0,0,0
54.893,1.0000,0,0,0,0
55.079,1.0000,0,0,0,0
55.125,1.0000,0,0,0,0
55.138,1.0000,0,0,0,0
55.142,1.0000,0,0,0,0
55.314,1.0000,0,0,0,0
55.342,1.0000,0,0,0,0
55.380,1.0000,0,0,0,0
55.411,1.0000,0,0,0,0
55.444,1.0000,0,0,0,0
55.479,1.0000,0,0,0,0
55.514,1.0000,0,0,0,0
55.544,1.0000,0,0,0,0
55.581,1.0000,0,0,0,0
55.611,1.0000,0,0,0,0
55.646,1.0000,0,0,0,0
55.677,1.0000,0,0,0,0
55.710,1.0000,0,0,0,0
55.743,1.0000,0,0,0,0
55.774,1.0000,0,0,0,0
55.813,1.0000,0,0,0,0
55.845,1.0000,0,0,0,0
56.178,1.0000,0,0,0,0
56.222,1.0000,0,0,0,0
56.234,1.0000,0,0,0,0
56.266,1.0000,0,0,0,0
56.300,1.0000,0,0,0,0
56.333,1.0000,0,0,0,0
56.366,1.0000,0,0,0,0
56.401,1.0000,0,0,0,0
56.432,1.0000,0,0,0,0
56.466,1.0000,0,0,0,0
56.498,1.0000,0,0,0,0
56.532,1.0000,0,0,0,0
56.569,1.0000,0,0,0,0
56.600,1.0000,0,0,0,0
56.635,1.0000,0,0,0,0
56.663,1.0000,0,0,0,0
56.699,1.0000,0,0,0,0
56.732,1.0000,0,0,0,0
56.764,1.0000,0,0,0,0
56.798,1.0000,0,0,0,0
56.830,1.0000,0,0,0,0
56.864,1.0000,0,0,0,0
56.896,1.0000,0,0,0,0
56.933,1.0000,0,0,0,0
56.966,1.0000,0,0,0,0
56.999,1.0000,0,0,0,0
57.033,1.0000,0,0,0,0
57.066,1.0000,0,0,0,0
57.101,1.0000,0,0,0,0
57.134,1.0000,0,0,0,0
57.164,1.0000,0,0,0,0
57.197,1.0000,0,0,0,0
57.230,1.0000,0,0,0,0
57.270,1.0000,0,0,0,0
57.299,1.0000,0,0,0,0
57.330,1.0000,0,0,0,0
57.423,1.0000,0,0,0,0
57.448,1.0000,0,0,0,0
57.494,1.0000,0,0,0,0
57.524,1.0000,0,0,0,0
57.559,1.0000,0,0,0,0
57.593,1.0000,0,0,0,0
57.622,1.0000,0,0,0,0
57.656,1.0000,0,0,0,0
57.694,1.0000,0,0,0,0
57.725,1.0000,0,0,0,0
57.756,1.0000,0,0,0,0
57.790,1.0000,0,0,0,0
57.831,1.0000,0,0,0,0
57.857,1.0000,0,0,0,0
57.894,1.0000,0,0,0,0
57.926,1.0000,0,0,0,0
57.959,1.0000,0,0,0,0
57.994,1.0000,0,0,0,0
58.027,1.0000,0,0,0,0
58.059,1.0000,0,0,0,0
58.094,1.0000,0,0,0,0
58.127,1.0000,0,0,0,0
58.160,1.0000,0,0,0,0
58.191,1.0000,0,0,0,0
58.224,1.0000,0,0,0,0
58.262,1.0000,0,0,0,0
58.294,1.0000,0,0,0,0
58.324,1.0000,0,0,0,0
58.359,1.0000,0,0,0,0
58.390,1.0000,0,0,0,0
58.415,1.0000,0,0,0,0
58.458,1.0000,0,0,0,0
58.492,1.0000,0,0,0,0
58.525,1.0000,0,0,0,0
58.559,1.0000,0,0,0,0
58.590,1.0000,0,0,0,0
58.627,1.0000,0,0,0,0
58.664,1.0000,0,0,0,0
58.686,1.0000,0,0,0,0
58.726,1.0000,0,0,0,0
58.758,1.0000,0,0,0,0
58.793,1.0000,0,0,0,0
58.826,1.0000,0,0,0,0
58.860,1.0000,0,0,0,0
58.898,1.0000,0,0,0,0
58.917,1.0000,0,0,0,0
58.958,1.0000,0,0,0,0
58.992,1.0000,0,0,0,0
59.016,1.0000,0,0,0,0
59.060,1.0000,0,0,0,0
59.091,1.0000,0,0,0,0
59.127,1.0000,0,0,0,0
59.158,1.0000,0,0,0,0
59.191,1.0000,0,0,0,0
59.226,1.0000,0,0,0,0
59.260,1.0000,0,0,0,0
59.293,1.0000,0,0,0,0
59.324,1.0000,0,0,0,0
59.367,1.0000,0,0,0,0
59.388,1.0000,0,0,0,0
59.429,1.0000,0,0,0,0
59.455,1.0000,0,0,0,0
59.490,1.0000,0,0,0,0
59.529,1.0000,0,0,0,0
59.563,1.0000,0,0,0,0
59.598,1.0000,0,0,0,0
59.678,1.0000,0,0,0,0
59.723,1.0000,0,0,0,0
59.738,1.0000,0,0,0,0
59.774,1.0000,0,0,0,0
59.810,1.0000,0,0,0,0
59.843,1.0000,0,0,0,0
59.875,1.0000,0,0,0,0
59.909,1.0000,0,0,0,0
59.941,1.0000,0,0,0,0
59.976,1.0000,0,0,0,0
60.012,1.0000,0,0,0,0
60.044,1.0000,0,0,0,0
60.073,1.0000,0,0,0,0
60.112,1.0000,0,0,0,0
60.151,1.0000,0,0,0,0
60.170,1.0000,0,0,0,0
60.210,1.0000,0,0,0,0
60.242,1.0000,0,0,0,0
60.277,1.0000,0,0,0,0
60.311,1.0000,0,0,0,0
60.342,1.0000,0,0,0,0
60.374,1.0000,0,0,0,0
60.409,1.0000,0,0,0,0
60.445,1.0000,0,0,0,0
60.472,1.0000,0,0,0,0
60.507,1.0000,0,0,0,0
60.559,1.0000,0,0,0,0
60.595,1.0000,0,0,0,0
60.630,1.0000,0,0,0,0
60.663,1.0000,0,0,0,0
60.694,1.0000,0,0,0,0
60.730,1.0000,0,0,0,0
60.761,1.0000,0,0,0,0
60.795,1.0000,0,0,0,0
60.829,1.0000,0,0,0,0
60.862,1.0000,0,0,0,0
60.896,1.0000,0,0,0,0
60.927,1.0000,0,0,0,0
60.964,1.0000,0,0,0,0
60.989,1.0000,0,0,0,0
61.027,1.0000,0,0,0,0
61.061,1.0000,0,0,0,0
61.094,1.0000,0,0,0,0
61.127,1.0000,0,0,0,0
61.164,1.0000,0,0,0,0
61.196,1.0000,0,0,0,0
61.227,1.0000,0,0,0,0
61.261,1.0000,0,0,0,0
61.295,1.0000,0,0,0,0
61.330,1.0000,0,0,0,0
61.362,1.0000,0,0,0,0
61.395,1.0000,0,0,0,0
61.431,1.0000,0,0,0,0
61.463,1.0000,0,0,0,0
61.495,1.0000,0,0,0,0
61.528,1.0000,0,0,0,0
61.562,1.0000,0,0,0,0
61.594,1.0000,0,0,0,0
61.628,1.0000,0,0,0,0
61.653,1.0000,0,0,0,0
61.696,1.0000,0,0,0,0
61.730,1.0000,0,0,0,0
61.760,1.0000,0,0,0,0
61.795,1.0000,0,0,0,0
61.830,1.0000,0,0,0,0
61.864,1.0000,0,0,0,0
61.894,1.0000,0,0,0,0
61.928,1.0000,0,0,0,0
61.960,1.0000,0,0,0,0
61.996,1.0000,0,0,0,0
62.029,1.0000,0,0,0,0
62.063,1.0000,0,0,0,0
62.095,1.0000,0,0,0,0
62.129,1.0000,0,0,0,0
62.161,1.0000,0,0,0,0
62.198,1.0000,0,0,0,0
62.227,1.0000,0,0,0,0
62.263,1.0000,0,0,0,0
62.293,1.0000,0,0,0,0
62.330,1.0000,0,0,0,0
62.363,1.0000,0,0,0,0
62.397,1.0000,0,0,0,0
62.428,1.0000,0,0,0,0
62.462,1.0000,0,0,0,0
62.496,1.0000,0,0,0,0
62.528,1.0000,0,0,0,0
62.560,1.0000,0,0,0,0
62.593,1.0000,0,0,0,0
62.630,1.0000,0,0,0,0
62.664,1.0000,0,0,0,0
62.696,1.0000,0,0,0,0
62.729,1.0000,0,0,0,0
62.759,1.0000,0,0,0,0
62.795,1.0000,0,0,0,0
62.825,1.0000,0,0,0,0
62.862,1.0000,0,0,0,0
62.894,1.0000,0,0,0,0
62.928,1.0000,0,0,0,0
62.963,1.0000,0,0,0,0
62.996,1.0000,0,0,0,0
63.030,1.0000,0,0,0,0
63.060,1.0000,0,0,0,0
63.097,1.0000,0,0,0,0
63.120,1.0000,0,0,0,0
63.166,1.0000,0,0,0,0
63.193,1.0000,0,0,0,0
63.224,1.0000,0,0,0,0
63.263,1.0000,0,0,0,0
63.292,1.0000,0,0,0,0
63.329,1.0000,0,0,0,0
63.362,1.0000,0,0,0,0
63.396,1.0000,0,0,0,0
63.430,1.0000,0,0,0,0
63.463,1.0000,0,0,0,0
63.497,1.0000,0,0,0,0
63.531,1.0000,0,0,0,0
63.574,1.0000,0,0,0,0
63.604,1.0000,0,0,0,0
63.639,1.0000,0,0,0,0
63.672,1.0000,0,0,0,0
63.705,1.0000,0,0,0,0
63.739,1.0000,0,0,0,0
63.773,1.0000,0,0,0,0
63.804,1.0000,0,0,0,0
63.836,1.0000,0,0,0,0
63.874,1.0000,0,0,0,0
63.903,1.0000,0,0,0,0
63.939,1.0000,0,0,0,0
63.973,1.0000,0,0,0,0
64.003,1.0000,0,0,0,0
64.036,1.0000,0,0,0,0
64.071,1.0000,0,0,0,0
64.105,1.0000,0,0,0,0
64.138,1.0000,0,0,0,0
64.175,1.0000,0,0,0,0
64.206,1.0000,0,0,0,0
64.238,1.0000,0,0,0,0
64.270,1.0000,0,0,0,0
64.305,1.0000,0,0,0,0
64.338,1.0000,0,0,0,0
64.370,1.0000,0,0,0,0
64.406,1.0000,0,0,0,0
64.441,1.0000,0,0,0,0
64.472,1.0000,0,0,0,0
64.506,1.0000,0,0,0,0
64.537,1.0000,0,0,0,0
64.572,1.0000,0,0,0,0
64.604,1.0000,0,0,0,0
64.639,1.0000,0,0,0,0
64.672,1.0000,0,0,0,0
64.706,1.0000,0,0,0,0
64.741,1.0000,0,0,0,0
64.770,1.0000,0,0,0,0
64.803,1.0000,0,0,0,0
64.840,1.0000,0,0,0,0
64.873,1.0000,0,0,0,0
64.906,1.0000,0,0,0,0
64.936,1.0000,0,0,0,0
64.973,1.0000,0,0,0,0
65.005,1.0000,0,0,0,0
65.039,1.0000,0,0,0,0
65.071,1.0000,0,0,0,0
65.104,1.0000,0,0,0,0
65.137,1.0000,0,0,0,0
65.171,1.0000,0,0,0,0
65.205,1.0000,0,0,0,0
65.238,1.0000,0,0,0,0
65.274,1.0000,0,0,0,0
65.305,1.0000,0,0,0,0
65.338,1.0000,0,0,0,0
65.374,1.0000,0,0,0,0
65.402,1.0000,0,0,0,0
65.438,1.0000,0,0,0,0
65.470,1.0000,0,0,0,0
65.505,1.0000,0,0,0,0
65.538,1.0000,0,0,0,0
65.574,1.0000,0,0,0,0
65.604,1.0000,0,0,0,0
65.638,1.0000,0,0,0,0
65.715,1.0000,0,0,0,0
65.790,1.0000,0,0,0,0
65.813,1.0000,0,0,0,0
65.829,1.0000,0,0,0,0
65.861,1.0000,0,0,0,0
65.894,1.0000,0,0,0,0
65.928,1.0000,0,0,0,0
65.960,1.0000,0,0,0,0
65.998,1.0000,0,0,0,0
66.026,1.0000,0,0,0,0
66.060,1.0000,0,0,0,0
66.096,1.0000,0,0,0,0
66.126,1.0000,0,0,0,0
66.161,1.0000,0,0,0,0
66.196,1.0000,0,0,0,0
66.230,1.0000,0,0,0,0
66.261,1.0000,0,0,0,0
66.296,1.0000,0,0,0,0
66.329,1.0000,0,0,0,0
66.361,1.0000,0,0,0,0
66.395,1.0000,0,0,0,0
66.429,1.0000,0,0,0,0
66.464,1.0000,0,0,0,0
66.497,1.0000,0,0,0,0
66.527,1.0000,0,0,0,0
66.563,1.0000,0,0,0,0
66.593,1.0000,0,0,0,0
66.628,1.0000,0,0,0,0
66.662,1.0000,0,0,0,0
66.695,1.0000,0,0,0,0
66.729,1.0000,0,0,0,0
66.760,1.0000,0,0,0,0
66.793,1.0000,0,0,0,0
66.827,1.0000,0,0,0,0
66.864,1.0000,0,0,0,0
66.896,1.0000,0,0,0,0
66.928,1.0000,0,0,0,0
66.961,1.0000,0,0,0,0
66.996,1.0000,0,0,0,0
67.028,1.0000,0,0,0,0
67.061,1.0000,0,0,0,0
67.093,1.0000,0,0,0,0
67.129,1.0000,0,0,0,0
67.161,1.0000,0,0,0,0
67.194,1.0000,0,0,0,0
67.228,1.0000,0,0,0,0
67.261,1.0000,0,0,0,0
67.297,1.0000,0,0,0,0
67.327,1.0000,0,0,0,0
67.362,1.0000,0,0,0,0
67.394,1.0000,0,0,0,0
67.429,1.0000,0,0,0,0
67.461,1.0000,0,0,0,0
67.496,1.0000,0,0,0,0
67.524,1.0000,0,0,0,0
67.562,1.0000,0,0,0,0
67.595,1.0000,0,0,0,0
67.630,1.0000,0,0,0,0
67.662,1.0000,0,0,0,0
67.695,1.0000,0,0,0,0
67.729,1.0000,0,0,0,0
67.762,1.0000,0,0,0,0
67.795,1.0000,0,0,0,0
67.826,1.0000,0,0,0,0
67.860,1.0000,0,0,0,0
67.893,1.0000,0,0,0,0
67.930,1.0000,0,0,0,0
67.963,1.0000,0,0,0,0
67.995,1.0000,0,0,0,0
68.029,1.0000,0,0,0,0
68.060,1.0000,0,0,0,0
68.094,1.0000,0,0,0,0
68.130,1.0000,0,0,0,0
68.162,1.0000,0,0,0,0
68.197,1.0000,0,0,0,0
68.229,1.0000,0,0,0,0
68.261,1.0000,0,0,0,0
68.294,1.0000,0,0,0,0
68.326,1.0000,0,0,0,0
68.361,1.0000,0,0,0,0
68.398,1.0000,0,0,0,0
68.429,1.0000,0,0,0,0
68.462,1.0000,0,0,0,0
68.494,1.0000,0,0,0,0
68.530,1.0000,0,0,0,0
68.561,1.0000,0,0,0,0
68.594,1.0000,0,0,0,0
68.629,1.0000,0,0,0,0
68.659,1.0000,0,0,0,0
68.694,1.0000,0,0,0,0
68.727,1.0000,0,0,0,0
68.751,1.0000,0,0,0,0
68.795,1.0000,0,0,0,0
68.826,1.0000,0,0,0,0
68.859,1.0000,0,0,0,0
68.951,1.0000,0,0,0,0
68.985,1.0000,0,0,0,0
69.022,1.0000,0,0,0,0
69.055,1.0000,0,0,0,0
69.088,1.0000,0,0,0,0
69.120,1.0000,0,0,0,0
69.155,1.0000,0,0,0,0
69.184,1.0000,0,0,0,0
69.218,1.0000,0,0,0,0
69.250,1.0000,0,0,0,0
69.277,1.0000,0,0,0,0
69.328,1.0000,0,0,0,0
69.346,1.0000,0,0,0,0
69.387,1.0000,0,0,0,0
69.422,1.0000,0,0,0,0
69.453,1.0000,0,0,0,0
69.486,1.0000,0,0,0,0
69.522,1.0000,0,0,0,0
69.554,1.0000,0,0,0,0
69.586,1.0000,0,0,0,0
69.621,1.0000,0,0,0,0
69.645,1.0000,0,0,0,0
69.690,1.0000,0,0,0,0
69.714,1.0000,0,0,0,0
69.752,1.0000,0,0,0,0
69.791,1.0000,0,0,0,0
69.814,1.0000,0,0,0,0
69.855,1.0000,0,0,0,0
69.887,1.0000,0,0,0,0
69.923,1.0000,0,0,0,0
69.953,1.0000,0,0,0,0
69.988,1.0000,0,0,0,0
70.020,1.0000,0,0,0,0
70.054,1.0000,0,0,0,0
70.088,1.0000,0,0,0,0
70.121,1.0000,0,0,0,0
70.154,1.0000,0,0,0,0
70.189,1.0000,0,0,0,0
70.222,1.0000,0,0,0,0
70.255,1.0000,0,0,0,0
70.288,1.0000,0,0,0,0
70.321,1.0000,0,0,0,0
70.356,1.0000,0,0,0,0
70.391,1.0000,0,0,0,0
70.422,1.0000,0,0,0,0
70.456,1.0000,0,0,0,0
70.486,1.0000,0,0,0,0
70.522,1.0000,0,0,0,0
70.555,1.0000,0,0,0,0
70.590,1.0000,0,0,0,0
70.624,1.0000,0,0,0,0
70.654,1.0000,0,0,0,0
70.686,1.0000,0,0,0,0
70.721,1.0000,0,0,0,0
70.766,1.0000,0,0,0,0
70.851,1.0000,0,0,0,0
70.902,1.0000,0,0,0,0
70.942,1.0000,0,0,0,0
70.971,1.0000,0,0,0,0
71.001,1.0000,0,0,0,0
71.036,1.0000,0,0,0,0
71.074,1.0000,0,0,0,0
71.100,1.0000,0,0,0,0
71.242,1.0000,0,0,0,0
71.281,1.0000,0,0,0,0
71.317,1.0000,0,0,0,0
71.351,1.0000,0,0,0,0
71.385,1.0000,0,0,0,0
71.417,1.0000,0,0,0,0
71.456,1.0000,0,0,0,0
71.490,1.0000,0,0,0,0
71.519,1.0000,0,0,0,0
71.545,1.0000,0,0,0,0
71.574,1.0000,0,0,0,0
71.641,1.0000,0,0,0,0
71.700,1.0000,0,0,0,0
71.747,1.0000,0,0,0,0
71.779,1.0000,0,0,0,0
71.809,1.0000,0,0,0,0
71.842,1.0000,0,0,0,0
71.876,1.0000,0,0,0,0
71.910,1.0000,0,0,0,0
71.945,1.0000,0,0,0,0
71.977,1.0000,0,0,0,0
72.012,1.0000,0,0,0,0
72.044,1.0000,0,0,0,0
72.077,1.0000,0,0,0,0
72.113,1.0000,0,0,0,0
72.145,1.0000,0,0,0,0
72.175,1.0000,0,0,0,0
72.208,1.0000,0,0,0,0
72.244,1.0000,0,0,0,0
72.275,1.0000,0,0,0,0
72.310,1.0000,0,0,0,0
72.344,1.0000,0,0,0,0
72.379,1.0000,0,0,0,0
72.408,1.0000,0,0,0,0
72.443,1.0000,0,0,0,0
72.479,1.0000,0,0,0,0
72.508,1.0000,0,0,0,0
72.546,1.0000,0,0,0,0
72.577,1.0000,0,0,0,0
72.608,1.0000,0,0,0,0
72.648,1.0000,0,0,0,0
72.681,1.0000,0,0,0,0
72.720,1.0000,0,0,0,0
72.745,1.0000,0,0,0,0
72.782,1.0000,0,0,0,0
72.813,1.0000,0,0,0,0
72.845,1.0000,0,0,0,0
72.870,1.0000,0,0,0,0
72.912,1.0000,0,0,0,0
72.945,1.0000,0,0,0,0
72.975,1.0000,0,0,0,0
73.017,1.0000,0,0,0,0
73.039,1.0000,0,0,0,0
73.085,1.0000,0,0,0,0
73.113,1.0000,0,0,0,0
73.151,1.0000,0,0,0,0
73.173,1.0000,0,0,0,0
73.212,1.0000,0,0,0,0
73.236,1.0000,0,0,0,0
73.271,1.0000,0,0,0,0
73.310,1.0000,0,0,0,0
73.643,1.0000,0,0,0,0
73.689,1.0000,0,0,0,0
73.700,1.0000,0,0,0,0
73.730,1.0000,0,0,0,0
73.762,1.0000,0,0,0,0
73.796,1.0000,0,0,0,0
73.827,1.0000,0,0,0,0
73.861,1.0000,0,0,0,0
73.895,1.0000,0,0,0,0
73.929,1.0000,0,0,0,0
73.963,1.0000,0,0,0,0
73.996,1.0000,0,0,0,0
74.027,1.0000,0,0,0,0
74.061,1.0000,0,0,0,0
74.095,1.0000,0,0,0,0
74.127,1.0000,0,0,0,0
74.163,1.0000,0,0,0,0
74.214,1.0000,0,0,0,0
74.233,1.0000,0,0,0,0
74.266,1.0000,0,0,0,0
74.299,1.0000,0,0,0,0
74.333,1.0000,0,0,0,0
74.366,1.0000,0,0,0,0
74.400,1.0000,0,0,0,0
74.433,1.0000,0,0,0,0
74.466,1.0000,0,0,0,0
74.500,1.0000,0,0,0,0
74.533,1.0000,0,0,0,0
74.567,1.0000,0,0,0,0
74.600,1.0000,0,0,0,0
74.634,1.0000,0,0,0,0
74.667,1.0000,0,0,0,0
74.700,1.0000,0,0,0,0
74.734,1.0000,0,0,0,0
74.767,1.0000,0,0,0,0
74.943,1.0000,0,0,0,0
74.970,1.0000,0,0,0,0
74.991,1.0000,0,0,0,0
75.026,1.0000,0,0,0,0
75.058,1.0000,0,0,0,0
75.091,1.0000,0,0,0,0
75.124,1.0000,0,0,0,0
75.160,1.0000,0,0,0,0
75.190,1.0000,0,0,0,0
75.223,1.0000,0,0,0,0
75.259,1.0000,0,0,0,0
75.293,1.0000,0,0,0,0
75.325,1.0000,0,0,0,0
75.357,1.0000,0,0,0,0
75.389,1.0000,0,0,0,0
75.420,1.0000,0,0,0,0
75.455,1.0000,0,0,0,0
75.492,1.0000,0,0,0,0
75.527,1.0000,0,0,0,0
75.559,1.0000,0,0,0,0
75.592,1.0000,0,0,0,0
75.624,1.0000,0,0,0,0
75.657,1.0000,0,0,0,0
75.691,1.0000,0,0,0,0
75.724,1.0000,0,0,0,0
75.766,1.0000,0,0,0,0
75.793,1.0000,0,0,0,0
75.827,1.0000,0,0,0,0
75.856,1.0000,0,0,0,0
75.890,1.0000,0,0,0,0
75.926,1.0000,0,0,0,0
75.956,1.0000,0,0,0,0
75.990,1.0000,0,0,0,0
76.024,1.0000,0,0,0,0
76.058,1.0000,0,0,0,0
76.090,1.0000,0,0,0,0
76.123,1.0000,0,0,0,0
76.156,1.0000,0,0,0,0
76.190,1.0000,0,0,0,0
76.224,1.0000,0,0,0,0
76.257,1.0000,0,0,0,0
76.290,1.0000,0,0,0,0
76.323,1.0000,0,0,0,0
76.360,1.0000,0,0,0,0
76.393,1.0000,0,0,0,0
76.427,1.0000,0,0,0,0
76.456,1.0000,0,0,0,0
76.491,1.0000,0,0,0,0
76.528,1.0000,0,0,0,0
76.558,1.0000,0,0,0,0
76.594,1.0000,0,0,0,0
76.624,1.0000,0,0,0,0
76.661,1.0000,0,0,0,0
76.694,1.0000,0,0,0,0
76.726,1.0000,0,0,0,0
76.760,1.0000,0,0,0,0
76.789,1.0000,0,0,0,0
76.823,1.0000,0,0,0,0
76.859,1.0000,0,0,0,0
76.894,1.0000,0,0,0,0
76.923,1.0000,0,0,0,0
76.960,1.0000,0,0,0,0
76.990,1.0000,0,0,0,0
77.024,1.0000,0,0,0,0
77.059,1.0000,0,0,0,0
77.091,1.0000,0,0,0,0
77.124,1.0000,0,0,0,0
77.160,1.0000,0,0,0,0
77.193,1.0000,0,0,0,0
77.225,1.0000,0,0,0,0
77.258,1.0000,0,0,0,0
77.292,1.0000,0,0,0,0
77.326,1.0000,0,0,0,0
77.358,1.0000,0,0,0,0
77.390,1.0000,0,0,0,0
77.426,1.0000,0,0,0,0
77.458,1.0000,0,0,0,0
77.492,1.0000,0,0,0,0
77.527,1.0000,0,0,0,0
77.558,1.0000,0,0,0,0
77.592,1.0000,0,0,0,0
77.624,1.0000,0,0,0,0
77.658,1.0000,0,0,0,0
77.693,1.0000,0,0,0,0
77.726,1.0000,0,0,0,0
77.758,1.0000,0,0,0,0
77.791,1.0000,0,0,0,0
77.827,1.0000,0,0,0,0
77.859,1.0000,0,0,0,0
77.890,1.0000,0,0,0,0
77.925,1.0000,0,0,0,0
77.957,1.0000,0,0,0,0
77.993,1.0000,0,0,0,0
78.025,1.0000,0,0,0,0
78.058,1.0000,0,0,0,0
78.093,1.0000,0,0,0,0
78.125,1.0000,0,0,0,0
78.159,1.0000,0,0,0,0
78.192,1.0000,0,0,0,0
78.225,1.0000,0,0,0,0
78.259,1.0000,0,0,0,0
78.294,1.0000,0,0,0,0
78.325,1.0000,0,0,0,0
78.358,1.0000,0,0,0,0
78.392,1.0000,0,0,0,0
78.426,1.0000,0,0,0,0
78.458,1.0000,0,0,0,0
78.493,1.0000,0,0,0,0
78.526,1.0000,0,0,0,0
78.558,1.0000,0,0,0,0
78.592,1.0000,0,0,0,0
78.625,1.0000,0,0,0,0
78.659,1.0000,0,0,0,0
78.692,1.0000,0,0,0,0
78.725,1.0000,0,0,0,0
78.758,1.0000,0,0,0,0
78.791,1.0000,0,0,0,0
78.825,1.0000,0,0,0,0
78.858,1.0000,0,0,0,0
78.891,1.0000,0,0,0,0
78.925,1.0000,0,0,0,0
78.959,1.0000,0,0,0,0
78.991,1.0000,0,0,0,0
79.024,1.0000,0,0,0,0
79.057,1.0000,0,0,0,0
79.090,1.0000,0,0,0,0
79.121,1.0000,0,0,0,0
79.158,1.0000,0,0,0,0
79.191,1.0000,0,0,0,0
79.223,1.0000,0,0,0,0
79.258,1.0000,0,0,0,0
79.292,1.0000,0,0,0,0
79.325,1.0000,0,0,0,0
79.360,1.0000,0,0,0,0
79.392,1.0000,0,0,0,0
79.427,1.0000,0,0,0,0
79.458,1.0000,0,0,0,0
79.493,1.0000,0,0,0,0
79.525,1.0000,0,0,0,0
79.560,1.0000,0,0,0,0
79.591,1.0000,0,0,0,0
79.626,1.0000,0,0,0,0
79.658,1.0000,0,0,0,0
79.690,1.0000,0,0,0,0
79.726,1.0000,0,0,0,0
79.757,1.0000,0,0,0,0
79.791,1.0000,0,0,0,0
79.825,1.0000,0,0,0,0
79.858,1.0000,0,0,0,0
79.892,1.0000,0,0,0,0
79.925,1.0000,0,0,0,0
79.957,1.0000,0,0,0,0
79.991,1.0000,0,0,0,0
80.025,1.0000,0,0,0,0
80.059,1.0000,0,0,0,0
80.091,1.0000,0,0,0,0
80.126,1.0000,0,0,0,0
80.157,1.0000,0,0,0,0
80.191,1.0000,0,0,0,0
80.225,1.0000,0,0,0,0
80.259,1.0000,0,0,0,0
80.292,1.0000,0,0,0,0
80.325,1.0000,0,0,0,0
80.358,1.0000,0,0,0,0
80.390,1.0000,0,0,0,0
80.424,1.0000,0,0,0,0
80.459,1.0000,0,0,0,0
80.492,1.0000,0,0,0,0
80.525,1.0000,0,0,0,0
80.559,1.0000,0,0,0,0
80.591,1.0000,0,0,0,0
80.625,1.0000,0,0,0,0
80.657,1.0000,0,0,0,0
80.692,1.0000,0,0,0,0
80.725,1.0000,0,0,0,0
80.757,1.0000,0,0,0,0
80.791,1.0000,0,0,0,0
80.825,1.0000,0,0,0,0
80.858,1.0000,0,0,0,0
80.891,1.0000,0,0,0,0
80.925,1.0000,0,0,0,0
80.959,1.0000,0,0,0,0
80.992,1.0000,0,0,0,0
81.026,1.0000,0,0,0,0
81.058,1.0000,0,0,0,0
81.092,1.0000,0,0,0,0
81.125,1.0000,0,0,0,0
81.157,1.0000,0,0,0,0
81.193,1.0000,0,0,0,0
81.223,1.0000,0,0,0,0
81.260,1.0000,0,0,0,0
81.290,1.0000,0,0,0,0
81.323,1.0000,0,0,0,0
81.357,1.0000,0,0,0,0
81.390,1.0000,0,0,0,0
81.426,1.0000,0,0,0,0
81.460,1.0000,0,0,0,0
81.493,1.0000,0,0,0,0
81.526,1.0000,0,0,0,0
81.557,1.0000,0,0,0,0
81.593,1.0000,0,0,0,0
81.628,1.0000,0,0,0,0
81.678,1.0000,0,0,0,0
81.692,1.0000,0,0,0,0
81.726,1.0000,0,0,0,0
81.758,1.0000,0,0,0,0
81.793,1.0000,0,0,0,0
81.826,1.0000,0,0,0,0
81.859,1.0000,0,0,0,0
81.891,1.0000,0,0,0,0
81.927,1.0000,0,0,0,0
81.961,1.0000,0,0,0,0
81.995,1.0000,0,0,0,0
82.024,1.0000,0,0,0,0
82.060,1.0000,0,0,0,0
82.091,1.0000,0,0,0,0
82.126,1.0000,0,0,0,0
82.157,1.0000,0,0,0,0
82.191,1.0000,0,0,0,0
82.225,1.0000,0,0,0,0
82.259,1.0000,0,0,0,0
82.292,1.0000,0,0,0,0
82.325,1.0000,0,0,0,0
82.359,1.0000,0,0,0,0
82.392,1.0000,0,0,0,0
82.426,1.0000,0,0,0,0
82.458,1.0000,0,0,0,0
82.492,1.0000,0,0,0,0
82.524,1.0000,0,0,0,0
82.559,1.0000,0,0,0,0
82.592,1.0000,0,0,0,0
82.624,1.0000,0,0,0,0
82.657,1.0000,0,0,0,0
82.694,1.0000,0,0,0,0
82.725,1.0000,0,0,0,0
82.759,1.0000,0,0,0,0
82.791,1.0000,0,0,0,0
82.824,1.0000,0,0,0,0
82.858,1.0000,0,0,0,0
82.892,1.0000,0,0,0,0
82.923,1.0000,0,0,0,0
82.960,1.0000,0,0,0,0
82.993,1.0000,0,0,0,0
83.024,1.0000,0,0,0,0
83.057,1.0000,0,0,0,0
83.092,1.0000,0,0,0,0
83.127,1.0000,0,0,0,0
83.159,1.0000,0,0,0,0
83.193,1.0000,0,0,0,0
83.225,1.0000,0,0,0,0
83.257,1.0000,0,0,0,0
83.291,1.0000,0,0,0,0
83.325,1.0000,0,0,0,0
83.358,1.0000,0,0,0,0
83.390,1.0000,0,0,0,0
83.424,1.0000,0,0,0,0
83.457,1.0000,0,0,0,0
83.493,1.0000,0,0,0,0
83.526,1.0000,0,0,0,0
83.559,1.0000,0,0,0,0
83.591,1.0000,0,0,0,0
83.624,1.0000,0,0,0,0
83.659,1.0000,0,0,0,0
83.691,1.0000,0,0,0,0
83.724,1.0000,0,0,0,0
83.758,1.0000,0,0,0,0
83.792,1.0000,0,0,0,0
83.825,1.0000,0,0,0,0
83.857,1.0000,0,0,0,0
83.891,1.0000,0,0,0,0
83.924,1.0000,0,0,0,0
83.958,1.0000,0,0,0,0
83.991,1.0000,0,0,0,0
84.023,1.0000,0,0,0,0
84.059,1.0000,0,0,0,0
84.090,1.0000,0,0,0,0
84.128,1.0000,0,0,0,0
84.159,1.0000,0,0,0,0
84.192,1.0000,0,0,0,0
84.224,1.0000,0,0,0,0
84.258,1.0000,0,0,0,0
84.290,1.0000,0,0,0,0
84.324,1.0000,0,0,0,0
84.357,1.0000,0,0,0,0
84.392,1.0000,0,0,0,0
84.424,1.0000,0,0,0,0
84.458,1.0000,0,0,0,0
84.493,1.0000,0,0,0,0
84.525,1.0000,0,0,0,0
84.558,1.0000,0,0,0,0
84.591,1.0000,0,0,0,0
84.625,1.0000,0,0,0,0
84.658,1.0000,0,0,0,0
84.691,1.0000,0,0,0,0
84.724,1.0000,0,0,0,0
84.759,1.0000,0,0,0,0
84.790,1.0000,0,0,0,0
84.827,1.0000,0,0,0,0
84.858,1.0000,0,0,0,0
84.892,1.0000,0,0,0,0
84.926,1.0000,0,0,0,0
84.957,1.0000,0,0,0,0
84.991,1.0000,0,0,0,0
85.026,1.0000,0,0,0,0
85.059,1.0000,0,0,0,0
85.094,1.0000,0,0,0,0
85.126,1.0000,0,0,0,0
85.160,1.0000,0,0,0,0
85.191,1.0000,0,0,0,0
85.226,1.0000,0,0,0,0
85.258,1.0000,0,0,0,0
85.293,1.0000,0,0,0,0
85.325,1.0000,0,0,0,0
85.359,1.0000,0,0,0,0
85.393,1.0000,0,0,0,0
85.427,1.0000,0,0,0,0
85.456,1.0000,0,0,0,0
85.493,1.0000,0,0,0,0
85.523,1.0000,0,0,0,0
85.556,1.0000,0,0,0,0
85.594,1.0000,0,0,0,0
85.626,1.0000,0,0,0,0
85.657,1.0000,0,0,0,0
85.690,1.0000,0,0,0,0
85.726,1.0000,0,0,0,0
85.760,1.0000,0,0,0,0
85.790,1.0000,0,0,0,0
85.825,1.0000,0,0,0,0
85.859,1.0000,0,0,0,0
85.892,1.0000,0,0,0,0
85.926,1.0000,0,0,0,0
85.959,1.0000,0,0,0,0
85.992,1.0000,0,0,0,0
86.027,1.0000,0,0,0,0
86.059,1.0000,0,0,0,0
86.090,1.0000,0,0,0,0
86.124,1.0000,0,0,0,0
86.158,1.0000,0,0,0,0
86.193,1.0000,0,0,0,0
86.223,1.0000,0,0,0,0
86.257,1.0000,0,0,0,0
86.291,1.0000,0,0,0,0
86.324,1.0000,0,0,0,0
86.359,1.0000,0,0,0,0
86.392,1.0000,0,0,0,0
86.426,1.0000,0,0,0,0
86.459,1.0000,0,0,0,0
86.494,1.0000,0,0,0,0
86.526,1.0000,0,0,0,0
86.560,1.0000,0,0,0,0
86.591,1.0000,0,0,0,0
86.625,1.0000,0,0,0,0
86.660,1.0000,0,0,0,0
86.690,1.0000,0,0,0,0
86.725,1.0000,0,0,0,0
86.757,1.0000,0,0,0,0
86.791,1.0000,0,0,0,0
86.827,1.0000,0,0,0,0
86.858,1.0000,0,0,0,0
86.894,1.0000,0,0,0,0
86.926,1.0000,0,0,0,0
86.957,1.0000,0,0,0,0
86.990,1.0000,0,0,0,0
87.024,1.0000,0,0,0,0
87.058,1.0000,0,0,0,0
87.093,1.0000,0,0,0,0
87.123,1.0000,0,0,0,0
87.159,1.0000,0,0,0,0
87.192,1.0000,0,0,0,0
87.226,1.0000,0,0,0,0
87.259,1.0000,0,0,0,0
87.291,1.0000,0,0,0,0
87.324,1.0000,0,0,0,0
87.358,1.0000,0,0,0,0
87.391,1.0000,0,0,0,0
87.427,1.0000,0,0,0,0
87.458,1.0000,0,0,0,0
87.491,1.0000,0,0,0,0
87.525,1.0000,0,0,0,0
87.558,1.0000,0,0,0,0
87.596,1.0000,0,0,0,0
87.627,1.0000,0,0,0,0
87.658,1.0000,0,0,0,0
87.694,1.0000,0,0,0,0
87.726,1.0000,0,0,0,0
87.758,1.0000,0,0,0,0
87.792,1.0000,0,0,0,0
87.823,1.0000,0,0,0,0
87.860,1.0000,0,0,0,0
87.893,1.0000,0,0,0,0
87.925,1.0000,0,0,0,0
87.961,1.0000,0,0,0,0
87.995,1.0000,0,0,0,0
88.027,1.0000,0,0,0,0
88.064,1.0000,0,0,0,0
88.086,1.0000,0,0,0,0
88.129,1.0000,0,0,0,0
88.161,1.0000,0,0,0,0
88.199,1.0000,0,0,0,0
88.234,1.0000,0,0,0,0
88.255,1.0000,0,0,0,0
88.295,1.0000,0,0,0,0
88.329,1.0000,0,0,0,0
88.361,1.0000,0,0,0,0
88.396,1.0000,0,0,0,0
88.429,1.0000,0,0,0,0
88.465,1.0000,0,0,0,0
88.497,1.0000,0,0,0,0
88.527,1.0000,0,0,0,0
88.561,1.0000,0,0,0,0
88.594,1.0000,0,0,0,0
88.629,1.0000,0,0,0,0
88.662,1.0000,0,0,0,0
88.697,1.0000,0,0,0,0
88.729,1.0000,0,0,0,0
88.763,1.0000,0,0,0,0
88.793,1.0000,0,0,0,0
88.827,1.0000,0,0,0,0
88.864,1.0000,0,0,0,0
88.895,1.0000,0,0,0,0
88.931,1.0000,0,0,0,0
88.964,1.0000,0,0,0,0
88.999,1.0000,0,0,0,0
89.032,1.0000,0,0,0,0
89.063,1.0000,0,0,0,0
89.095,1.0000,0,0,0,0
89.129,1.0000,0,0,0,0
89.162,1.0000,0,0,0,0
89.195,1.0000,0,0,0,0
89.230,1.0000,0,0,0,0
89.266,1.0000,0,0,0,0
89.292,1.0000,0,0,0,0
89.331,1.0000,0,0,0,0
89.360,1.0000,0,0,0,0
89.397,1.0000,0,0,0,0
89.432,1.0000,0,0,0,0
89.462,1.0000,0,0,0,0
89.496,1.0000,0,0,0,0
89.530,1.0000,0,0,0,0
89.562,1.0000,0,0,0,0
89.595,1.0000,0,0,0,0
89.631,1.0000,0,0,0,0
89.662,1.0000,0,0,0,0
89.694,1.0000,0,0,0,0
89.731,1.0000,0,0,0,0
89.764,1.0000,0,0,0,0
89.796,1.0000,0,0,0,0
89.831,1.0000,0,0,0,0
89.862,1.0000,0,0,0,0
89.896,1.0000,0,0,0,0
89.928,1.0000,0,0,0,0
89.962,1.0000,0,0,0,0
89.996,1.0000,0,0,0,0
90.029,1.0000,0,0,0,0
90.061,1.0000,0,0,0,0
90.096,1.0000,0,0,0,0
90.127,1.0000,0,0,0,0
90.165,1.0000,0,0,0,0
90.195,1.0000,0,0,0,0
90.227,1.0000,0,0,0,0
90.261,1.0000,0,0,0,0
90.295,1.0000,0,0,0,0
90.327,1.0000,0,0,0,0
90.363,1.0000,0,0,0,0
90.397,1.0000,0,0,0,0
90.428,1.0000,0,0,0,0
90.465,1.0000,0,0,0,0
90.493,1.0000,0,0,0,0
90.526,1.0000,0,0,0,0
90.559,1.0000,0,0,0,0
90.584,1.0000,0,0,0,0
90.627,1.0000,0,0,0,0
90.663,1.0000,0,0,0,0
90.694,1.0000,0,0,0,0
90.731,1.0000,0,0,0,0
90.763,1.0000,0,0,0,0
90.795,0.9999,0,0,0,0
90.827,0.9989,0,0,0,0
90.860,0.9980,0,0,0,0
90.894,0.9977,0,0,0,0
90.927,0.9973,0,0,0,0
90.961,0.9972,0,0,0,0
90.996,0.9973,0,0,0,0
91.029,0.9974,0,0,0,0
91.064,0.9974,0,0,0,0
91.098,0.9973,0,0,0,0
91.131,0.9968,0,0,0,0
91.165,0.9959,0,0,0,0
91.196,0.9953,0,0,0,0
91.228,0.9937,2,5,5,2
91.263,0.9916,2,5,5,2
91.295,0.9904,2,5,5,2
91.328,0.9876,2,5,5,2
91.365,0.9844,2,5,5,2
91.394,0.9826,2,5,5,2
91.429,0.9790,2,5,5,2
91.465,0.9751,2,5,5,2
91.494,0.9732,2,5,5,2
91.528,0.9692,2,5,5,2
91.561,0.9653,2,5,5,2
91.597,0.9634,2,5,5,2
91.630,0.9590,2,5,5,2
91.660,0.9528,2,5,5,2
91.695,0.9490,2,5,5,2
91.729,0.9403,2,5,5,2
91.765,0.9310,2,5,5,2
91.795,0.9280,2,5,5,2
91.828,0.9241,2,5,5,2
91.860,0.9202,2,5,5,2
91.895,0.9183,2,5,5,2
91.929,0.9144,2,5,5,2
91.961,0.9105,2,5,5,2
91.997,0.9085,2,5,5,2
92.031,0.9047,2,5,5,2
92.065,0.9034,2,5,5,2
92.097,0.9028,2,5,5,2
92.129,0.9017,2,5,5,2
92.160,0.9012,2,5,5,2
92.194,0.9001,2,5,5,2
92.227,0.8991,2,5,5,2
92.264,0.8981,2,5,5,2
92.298,0.8976,2,5,5,2
92.331,0.8968,2,5,5,2
92.365,0.8961,2,5,5,2
92.395,0.8958,2,5,5,2
92.428,0.8952,2,5,5,2
92.463,0.8948,2,5,5,2
92.496,0.8947,2,5,5,2
92.529,0.8945,2,5,5,2
92.565,0.8945,2,5,5,2
92.596,0.8946,2,5,5,2
92.628,0.8950,2,5,5,2
92.664,0.8957,2,5,5,2
92.694,0.8960,2,5,5,2
92.727,0.8969,2,5,5,2
92.762,0.8978,2,5,5,2
92.793,0.8982,2,5,5,2
92.832,0.8991,2,5,5,2
92.863,0.9000,2,5,5,2
92.896,0.9004,2,5,5,2
92.929,0.9012,2,5,5,2
92.963,0.9020,2,5,5,2
92.995,0.9024,2,5,5,2
93.029,0.9032,2,5,5,2
93.063,0.9039,0,0,0,0
93.098,0.9043,0,0,0,0
93.128,0.9049,0,0,0,0
93.162,0.9056,0,0,0,0
93.194,0.9059,0,0,0,0
93.228,0.9066,0,0,0,0
93.265,0.9072,0,0,0,0
93.294,0.9075,0,0,0,0
93.328,0.9081,0,0,0,0
93.361,0.9087,0,0,0,0
93.399,0.9090,0,0,0,0
93.432,0.9096,0,0,0,0
93.462,0.9102,0,0,0,0
93.494,0.9105,0,0,0,0
93.528,0.9110,0,0,0,0
93.565,0.9115,0,0,0,0
93.594,0.9118,0,0,0,0
93.628,0.9122,0,0,0,0
93.663,0.9126,0,0,0,0
93.695,0.9127,0,0,0,0
93.730,0.9128,0,0,0,0
93.761,0.9126,0,0,0,0
93.794,0.9124,0,0,0,0
93.832,0.9119,0,0,0,0
93.862,0.9112,0,0,0,0
93.896,0.9108,0,0,0,0
93.929,0.9099,0,0,0,0
93.965,0.9091,0,0,0,0
93.996,0.9088,0,0,0,0
94.026,0.9089,0,0,0,0
94.064,0.9095,0,0,0,0
94.098,0.9099,0,0,0,0
94.130,0.9110,0,0,0,0
94.163,0.9123,0,0,0,0
94.196,0.9130,0,0,0,0
94.229,0.9144,0,0,0,0
94.261,0.9158,0,0,0,0
94.296,0.9165,0,0,0,0
94.329,0.9175,0,0,0,0
94.365,0.9183,0,0,0,0
94.394,0.9186,0,0,0,0
94.428,0.9190,0,0,0,0
94.464,0.9193,0,0,0,0
94.494,0.9195,0,0,0,0
94.533,0.9200,0,0,0,0
94.565,0.9208,0,0,0,0
94.594,0.9212,0,0,0,0
94.629,0.9221,0,0,0,0
94.663,0.9230,0,0,0,0
94.696,0.9235,0,0,0,0
94.728,0.9244,0,0,0,0
94.762,0.9254,0,0,0,0
94.796,0.9258,0,0,0,0
94.831,0.9267,0,0,0,0
94.861,0.9277,0,0,0,0
94.894,0.9281,0,0,0,0
94.928,0.9290,0,0,0,0
94.964,0.9298,0,0,0,0
94.998,0.9302,0,0,0,0
95.027,0.9310,0,0,0,0
95.067,0.9317,0,0,0,0
95.098,0.9321,0,0,0,0
95.128,0.9328,0,0,0,0
95.164,0.9334,0,0,0,0
95.194,0.9338,0,0,0,0
95.229,0.9344,0,0,0,0
95.265,0.9350,0,0,0,0
95.297,0.9354,0,0,0,0
95.331,0.9360,0,0,0,0
95.361,0.9368,0,0,0,0
95.395,0.9372,0,0,0,0
95.429,0.9381,0,0,0,0
95.463,0.9393,0,0,0,0
95.499,0.9400,0,0,0,0
95.527,0.9417,2,5,5,2
95.562,0.9437,2,5,5,2
95.594,0.9448,2,5,5,2
95.626,0.9471,2,5,5,2
95.661,0.9495,2,5,5,2
95.697,0.9506,2,5,5,2
95.730,0.9531,2,5,5,2
95.761,0.9557,2,5,5,2
95.798,0.9570,2,5,5,2
95.828,0.9599,2,5,5,2
95.862,0.9630,2,5,5,2
95.896,0.9646,2,5,5,2
95.928,0.9680,2,5,5,2
95.965,0.9716,2,5,5,2
95.995,0.9734,2,5,5,2
96.030,0.9773,2,5,5,2
96.060,0.9792,2,5,5,2
96.098,0.9832,2,5,5,2
96.128,0.9871,2,5,5,2
96.162,0.9910,2,5,5,2
96.197,0.9929,2,5,5,2
96.232,0.9967,2,5,5,2
96.258,0.9985,2,5,5,2
96.293,1.0000,2,5,5,2
96.334,1.0000,2,5,5,2
96.362,1.0000,2,5,5,2
96.396,1.0000,2,5,5,2
96.430,1.0000,2,5,5,2
96.465,1.0000,2,5,5,2
96.496,1.0000,2,5,5,2
96.528,1.0000,2,5,5,2
96.560,1.0000,2,5,5,2
96.598,1.0000,2,5,5,2
96.630,1.0000,2,5,5,2
96.660,1.0000,2,5,5,2
96.694,1.0000,2,5,5,2
96.727,1.0000,2,5,5,2
96.764,1.0000,2,5,5,2
96.797,1.0000,2,5,5,2
96.829,1.0000,2,5,5,2
96.863,1.0000,2,5,5,2
96.895,1.0000,2,5,5,2
96.929,1.0000,2,5,5,2
96.963,1.0000,2,5,5,2
96.998,1.0000,2,5,5,2
97.030,1.0000,2,5,5,2
97.064,1.0000,2,5,5,2
97.096,1.0000,2,5,5,2
97.129,1.0000,2,5,5,2
97.163,1.0000,2,5,5,2
97.196,1.0000,2,5,5,2
97.229,1.0000,2,5,5,2
97.265,1.0000,2,5,5,2
97.295,1.0000,0,0,0,0
97.327,1.0000,0,0,0,0
97.362,1.0000,0,0,0,0
97.398,1.0000,0,0,0,0
97.432,1.0000,0,0,0,0
97.462,1.0000,0,0,0,0
97.497,1.0000,0,0,0,0
97.527,1.0000,0,0,0,0
97.565,1.0000,0,0,0,0
97.595,1.0000,0,0,0,0
97.628,1.0000,0,0,0,0
97.662,1.0000,0,0,0,0
97.697,1.0000,0,0,0,0
97.729,1.0000,0,0,0,0
97.762,1.0000,0,0,0,0
97.792,1.0000,0,0,0,0
97.828,1.0000,0,0,0,0
97.861,1.0000,0,0,0,0
97.895,1.0000,0,0,0,0
97.928,1.0000,0,0,0,0
97.963,1.0000,0,0,0,0
97.993,1.0000,0,0,0,0
98.027,1.0000,0,0,0,0
98.063,1.0000,0,0,0,0
98.098,1.0000,0,0,0,0
98.130,1.0000,0,0,0,0
98.166,1.0000,0,0,0,0
98.195,1.0000,0,0,0,0
98.230,1.0000,0,0,0,0
98.261,1.0000,0,0,0,0
98.296,1.0000,0,0,0,0
98.329,1.0000,0,0,0,0
98.363,1.0000,0,0,0,0
98.397,1.0000,0,0,0,0
98.429,1.0000,0,0,0,0
98.465,1.0000,0,0,0,0
98.496,1.0000,0,0,0,0
98.528,1.0000,0,0,0,0
98.563,1.0000,0,0,0,0
98.594,1.0000,0,0,0,0
98.627,1.0000,0,0,0,0
98.662,1.0000,0,0,0,0
98.698,1.0000,0,0,0,0
98.729,1.0000,0,0,0,0
98.762,1.0000,0,0,0,0
98.794,1.0000,0,0,0,0
98.831,1.0000,0,0,0,0
98.861,1.0000,0,0,0,0
98.896,1.0000,0,0,0,0
98.928,1.0000,0,0,0,0
98.961,1.0000,0,0,0,0
98.996,1.0000,0,0,0,0
99.028,1.0000,0,0,0,0
99.060,1.0000,0,0,0,0
99.096,1.0000,0,0,0,0
99.131,1.0000,0,0,0,0
99.160,1.0000,0,0,0,0
99.195,1.0000,0,0,0,0
99.227,1.0000,0,0,0,0
99.263,1.0000,0,0,0,0
99.295,1.0000,0,0,0,0
99.327,1.0000,0,0,0,0
99.363,1.0000,0,0,0,0
99.398,1.0000,0,0,0,0
99.428,1.0000,0,0,0,0
99.463,1.0000,0,0,0,0
99.495,1.0000,0,0,0,0
99.529,1.0000,0,0,0,0
99.563,1.0000,0,0,0,0
99.594,1.0000,0,0,0,0
99.628,1.0000,0,0,0,0
99.664,1.0000,0,0,0,0
99.694,1.0000,0,0,0,0
99.728,1.0000,0,0,0,0
99.762,1.0000,0,0,0,0
99.796,1.0000,0,0,0,0
99.828,1.0000,0,0,0,0
99.863,1.0000,0,0,0,0
99.898,1.0000,0,0,0,0
99.930,1.0000,0,0,0,0
99.965,1.0000,0,0,0,0
99.996,1.0000,0,0,0,0
100.029,1.0000,0,0,0,0
100.065,1.0000,0,0,0,0
100.094,1.0000,0,0,0,0
100.129,1.0000,0,0,0,0
100.163,1.0000,0,0,0,0
100.198,1.0000,0,0,0,0
100.230,1.0000,0,0,0,0
100.263,1.0000,0,0,0,0
100.294,1.0000,0,0,0,0
100.328,1.0000,0,0,0,0
100.364,1.0000,0,0,0,0
100.399,1.0000,0,0,0,0
100.431,1.0000,0,0,0,0
100.461,1.0000,0,0,0,0
100.496,1.0000,0,0,0,0
100.528,1.0000,0,0,0,0
100.562,1.0000,0,0,0,0
100.594,1.0000,0,0,0,0
100.631,1.0000,0,0,0,0
100.665,1.0000,0,0,0,0
100.694,1.0000,0,0,0,0
100.732,1.0000,0,0,0,0
100.762,1.0000,0,0,0,0
100.796,1.0000,0,0,0,0
100.829,1.0000,0,0,0,0
100.863,1.0000,0,0,0,0
100.898,1.0000,0,0,0,0
100.930,1.0000,0,0,0,0
100.961,1.0000,0,0,0,0
100.996,1.0000,0,0,0,0
101.029,1.0000,0,0,0,0
101.061,1.0000,0,0,0,0
101.095,1.0000,0,0,0,0
101.129,1.0000,0,0,0,0
101.163,1.0000,0,0,0,0
101.195,1.0000,0,0,0,0
101.228,1.0000,0,0,0,0
101.265,1.0000,0,0,0,0
101.295,1.0000,0,0,0,0
101.329,1.0000,0,0,0,0
101.363,1.0000,0,0,0,0
101.398,1.0000,0,0,0,0
101.430,1.0000,0,0,0,0
101.464,1.0000,0,0,0,0
101.496,1.0000,0,0,0,0
101.530,1.0000,0,0,0,0
101.562,1.0000,0,0,0,0
101.597,1.0000,0,0,0,0
101.627,1.0000,0,0,0,0
101.663,1.0000,0,0,0,0
101.694,1.0000,0,0,0,0
101.728,1.0000,0,0,0,0
101.764,1.0000,0,0,0,0
101.798,1.0000,0,0,0,0
101.831,1.0000,0,0,0,0
101.862,1.0000,0,0,0,0
101.898,1.0000,0,0,0,0
101.930,1.0000,0,0,0,0
101.964,1.0000,0,0,0,0
101.994,1.0000,0,0,0,0
102.032,1.0000,0,0,0,0
102.061,1.0000,0,0,0,0
102.099,1.0000,0,0,0,0
102.126,1.0000,0,0,0,0
102.160,1.0000,0,0,0,0
102.196,1.0000,0,0,0,0
102.230,1.0000,0,0,0,0
102.264,1.0000,0,0,0,0
102.296,1.0000,0,0,0,0
102.331,1.0000,0,0,0,0
102.362,1.0000,0,0,0,0
102.396,1.0000,0,0,0,0
102.430,1.0000,0,0,0,0
102.461,1.0000,0,0,0,0
102.497,1.0000,0,0,0,0
102.531,1.0000,0,0,0,0
102.562,1.0000,0,0,0,0
102.598,1.0000,0,0,0,0
102.628,1.0000,0,0,0,0
102.663,1.0000,0,0,0,0
102.697,1.0000,0,0,0,0
102.730,1.0000,0,0,0,0
102.762,1.0000,0,0,0,0
102.796,1.0000,0,0,0,0
102.830,1.0000,0,0,0,0
102.865,1.0000,0,0,0,0
102.894,1.0000,0,0,0,0
102.929,1.0000,0,0,0,0
102.965,1.0000,0,0,0,0
102.996,1.0000,0,0,0,0
103.028,1.0000,0,0,0,0
103.063,1.0000,0,0,0,0
103.096,1.0000,0,0,0,0
103.129,1.0000,0,0,0,0
103.165,1.0000,0,0,0,0
103.195,1.0000,0,0,0,0
103.227,1.0000,0,0,0,0
103.262,1.0000,0,0,0,0
103.296,1.0000,0,0,0,0
103.330,1.0000,0,0,0,0
103.365,1.0000,0,0,0,0
103.394,1.0000,0,0,0,0
103.427,1.0000,0,0,0,0
103.463,1.0000,0,0,0,0
103.497,1.0000,0,0,0,0
103.528,1.0000,0,0,0,0
103.562,1.0000,0,0,0,0
103.598,1.0000,0,0,0,0
103.627,1.0000,0,0,0,0
103.660,1.0000,0,0,0,0
103.694,1.0000,0,0,0,0
103.727,1.0000,0,0,0,0
103.761,1.0000,0,0,0,0
103.793,1.0000,0,0,0,0
103.827,1.0000,0,0,0,0
103.865,1.0000,0,0,0,0
103.897,1.0000,0,0,0,0
103.929,1.0000,0,0,0,0
103.963,1.0000,0,0,0,0
103.995,1.0000,0,0,0,0
104.028,1.0000,0,0,0,0
104.062,1.0000,0,0,0,0
104.094,1.0000,0,0,0,0
104.130,1.0000,0,0,0,0
104.163,1.0000,0,0,0,0
104.201,1.0000,0,0,0,0
104.227,1.0000,0,0,0,0
104.261,1.0000,0,0,0,0
104.297,1.0000,0,0,0,0
104.329,1.0000,0,0,0,0
104.362,1.0000,0,0,0,0
104.396,1.0000,0,0,0,0
104.429,1.0000,0,0,0,0
104.463,0.9967,2,5,5,2
104.496,0.9966,2,5,5,2
104.529,0.9964,2,5,5,2
104.562,0.9962,2,5,5,2
104.596,0.9961,2,5,5,2
104.630,0.9959,2,5,5,2
104.665,0.9957,2,5,5,2
104.696,0.9956,2,5,5,2
104.729,0.9952,2,5,5,2
104.764,0.9948,2,5,5,2
104.796,0.9946,2,5,5,2
104.829,0.9943,2,5,5,2
104.863,0.9938,2,5,5,2
104.895,0.9935,2,5,5,2
104.928,0.9927,2,5,5,2
104.964,0.9916,2,5,5,2
105.000,0.9910,2,5,5,2
105.028,0.9897,2,5,5,2
105.063,0.9882,2,5,5,2
105.095,0.9876,2,5,5,2
105.127,0.9863,2,5,5,2
105.163,0.9854,2,5,5,2
105.194,0.9850,2,5,5,2
105.229,0.9844,2,5,5,2
105.262,0.9840,2,5,5,2
105.295,0.9839,2,5,5,2
105.330,0.9837,2,5,5,2
105.359,0.9837,2,5,5,2
105.391,0.9835,2,5,5,2
105.427,0.9830,2,5,5,2
105.461,0.9823,2,5,5,2
105.497,0.9819,0,0,0,0
105.529,0.9813,0,0,0,0
105.560,0.9811,0,0,0,0
105.596,0.9810,0,0,0,0
105.630,0.9808,0,0,0,0
105.663,0.9808,0,0,0,0
105.695,0.9809,0,0,0,0
105.730,0.9810,0,0,0,0
105.760,0.9812,0,0,0,0
105.795,0.9813,0,0,0,0
105.830,0.9815,0,0,0,0
105.860,0.9816,0,0,0,0
105.895,0.9818,0,0,0,0
105.929,0.9820,0,0,0,0
105.960,0.9823,0,0,0,0
105.996,0.9824,0,0,0,0
106.031,0.9827,0,0,0,0
106.062,0.9830,0,0,0,0
106.094,0.9832,0,0,0,0
106.130,0.9835,0,0,0,0
106.161,0.9838,0,0,0,0
106.197,0.9840,0,0,0,0
106.227,0.9844,0,0,0,0
106.262,0.9847,0,0,0,0
106.298,0.9849,0,0,0,0
106.328,0.9853,0,0,0,0
106.363,0.9856,0,0,0,0
106.392,0.9858,0,0,0,0
106.428,0.9862,0,0,0,0
106.460,0.9865,0,0,0,0
106.496,0.9867,0,0,0,0
106.532,0.9871,0,0,0,0
106.561,0.9875,0,0,0,0
106.595,0.9877,0,0,0,0
106.629,0.9882,0,0,0,0
106.660,0.9885,0,0,0,0
106.696,0.9892,0,0,0,0
106.733,0.9899,0,0,0,0
106.762,0.9906,0,0,0,0
106.799,0.9910,0,0,0,0
106.828,0.9918,0,0,0,0
106.862,0.9925,0,0,0,0
106.897,0.9928,0,0,0,0
106.929,0.9935,0,0,0,0
106.962,0.9942,0,0,0,0
106.996,0.9945,0,0,0,0
107.029,0.9949,0,0,0,0
107.063,0.9952,0,0,0,0
107.093,0.9952,0,0,0,0
107.131,0.9952,0,0,0,0
107.164,0.9952,0,0,0,0
107.195,0.9951,0,0,0,0
107.232,0.9950,0,0,0,0
107.262,0.9950,0,0,0,0
107.299,0.9949,0,0,0,0
107.326,0.9949,0,0,0,0
107.363,0.9949,0,0,0,0
107.397,0.9949,0,0,0,0
107.428,1.0000,2,5,5,2
107.462,1.0000,2,5,5,2
107.498,1.0000,2,5,5,2
107.529,1.0000,2,5,5,2
107.560,1.0000,2,5,5,2
107.596,1.0000,2,5,5,2
107.630,1.0000,2,5,5,2
107.665,1.0000,2,5,5,2
107.695,1.0000,2,5,5,2
107.729,1.0000,2,5,5,2
107.763,1.0000,2,5,5,2
107.798,1.0000,2,5,5,2
107.829,1.0000,2,5,5,2
107.861,1.0000,2,5,5,2
107.898,1.0000,2,5,5,2
107.930,1.0000,2,5,5,2
107.958,1.0000,2,5,5,2
107.998,1.0000,2,5,5,2
108.031,1.0000,2,5,5,2
108.062,1.0000,2,5,5,2
108.096,1.0000,2,5,5,2
108.129,1.0000,2,5,5,2
108.163,1.0000,2,5,5,2
108.195,1.0000,2,5,5,2
108.227,1.0000,2,5,5,2
108.261,1.0000,2,5,5,2
108.295,1.0000,2,5,5,2
108.330,1.0000,2,5,5,2
108.365,1.0000,2,5,5,2
108.394,1.0000,2,5,5,2
108.427,1.0000,2,5,5,2
108.461,1.0000,0,0,0,0
108.496,1.0000,0,0,0,0
108.529,1.0000,0,0,0,0
108.560,1.0000,0,0,0,0
108.595,1.0000,0,0,0,0
108.627,1.0000,0,0,0,0
108.662,1.0000,0,0,0,0
108.698,1.0000,0,0,0,0
108.728,1.0000,0,0,0,0
108.763,1.0000,0,0,0,0
108.797,1.0000,0,0,0,0
108.830,1.0000,0,0,0,0
108.863,1.0000,0,0,0,0
108.894,1.0000,0,0,0,0
108.928,1.0000,0,0,0,0
108.965,1.0000,0,0,0,0
108.995,1.0000,0,0,0,0
109.028,1.0000,0,0,0,0
109.064,1.0000,0,0,0,0
109.099,1.0000,0,0,0,0
109.132,1.0000,0,0,0,0
109.164,1.0000,0,0,0,0
109.198,1.0000,0,0,0,0
109.230,1.0000,0,0,0,0
109.265,1.0000,0,0,0,0
109.297,1.0000,0,0,0,0
109.327,1.0000,0,0,0,0
109.363,1.0000,0,0,0,0
109.397,1.0000,0,0,0,0
109.427,1.0000,0,0,0,0
109.463,1.0000,0,0,0,0
109.498,1.0000,0,0,0,0
109.529,1.0000,0,0,0,0
109.563,1.0000,0,0,0,0
109.598,1.0000,0,0,0,0
109.631,0.9991,0,0,0,0
109.665,0.9980,0,0,0,0
109.695,0.9974,0,0,0,0
109.729,0.9964,0,0,0,0
109.761,0.9954,0,0,0,0
109.794,0.9949,0,0,0,0
109.828,0.9940,0,0,0,0
109.865,0.9932,0,0,0,0
109.896,0.9928,0,0,0,0
109.929,0.9921,0,0,0,0
109.963,0.9915,0,0,0,0
109.997,0.9912,0,0,0,0
110.027,0.9907,0,0,0,0
110.060,0.9904,0,0,0,0
110.095,0.9900,0,0,0,0
110.130,0.9896,0,0,0,0
110.165,0.9892,0,0,0,0
110.196,0.9891,0,0,0,0
110.229,0.9888,0,0,0,0
110.263,0.9885,0,0,0,0
110.297,0.9884,0,0,0,0
110.327,0.9882,0,0,0,0
110.361,0.9880,0,0,0,0
110.396,0.9879,0,0,0,0
110.427,0.9877,0,0,0,0
110.463,0.9876,0,0,0,0
110.495,0.9875,0,0,0,0
110.531,0.9874,0,0,0,0
110.561,0.9872,0,0,0,0
110.595,0.9872,0,0,0,0
110.630,0.9871,0,0,0,0
110.661,0.9870,0,0,0,0
110.696,0.9870,0,0,0,0
110.730,0.9869,0,0,0,0
110.760,0.9869,0,0,0,0
110.796,0.9869,0,0,0,0
110.829,0.9868,0,0,0,0
110.861,0.9868,0,0,0,0
110.896,0.9868,0,0,0,0
110.930,0.9868,0,0,0,0
110.962,0.9868,0,0,0,0
110.998,0.9868,0,0,0,0
111.028,0.9868,0,0,0,0
111.063,0.9868,0,0,0,0
111.098,0.9868,0,0,0,0
111.131,0.9868,0,0,0,0
111.162,0.9867,0,0,0,0
111.193,0.9867,0,0,0,0
111.229,0.9867,0,0,0,0
111.265,0.9867,0,0,0,0
111.295,0.9867,0,0,0,0
111.329,0.9866,0,0,0,0
111.365,0.9865,0,0,0,0
111.395,0.9865,0,0,0,0
111.428,0.9864,0,0,0,0
111.462,0.9863,0,0,0,0
111.496,0.9862,0,0,0,0
111.532,0.9860,0,0,0,0
111.563,0.9858,0,0,0,0
111.597,0.9857,0,0,0,0
111.629,0.9855,0,0,0,0
111.662,0.9856,0,0,0,0
111.697,0.9858,0,0,0,0
111.731,0.9864,0,0,0,0
111.762,0.9870,0,0,0,0
111.788,0.9874,0,0,0,0
111.832,0.9882,0,0,0,0
111.863,0.9889,0,0,0,0
111.895,0.9892,0,0,0,0
111.929,0.9899,0,0,0,0
111.961,0.9905,0,0,0,0
111.995,0.9908,0,0,0,0
112.029,0.9913,0,0,0,0
112.061,0.9918,0,0,0,0
112.099,0.9920,0,0,0,0
112.131,0.9924,0,0,0,0
112.162,0.9927,0,0,0,0
112.197,0.9929,0,0,0,0
112.231,0.9931,0,0,0,0
112.263,0.9934,0,0,0,0
112.296,0.9935,0,0,0,0
112.331,0.9937,0,0,0,0
112.363,0.9939,0,0,0,0
112.396,0.9939,0,0,0,0
112.431,0.9940,0,0,0,0
112.465,0.9941,0,0,0,0
112.495,0.9942,0,0,0,0
112.528,0.9942,0,0,0,0
112.565,0.9942,0,0,0,0
112.595,0.9942,0,0,0,0
112.631,0.9941,0,0,0,0
112.661,0.9941,0,0,0,0
112.694,0.9940,0,0,0,0
112.727,0.9939,0,0,0,0
112.760,0.9939,0,0,0,0
112.794,0.9938,0,0,0,0
112.829,0.9937,0,0,0,0
112.864,0.9937,0,0,0,0
112.896,0.9937,0,0,0,0
112.928,0.9936,0,0,0,0
112.965,0.9936,0,0,0,0
112.996,0.9936,0,0,0,0
113.028,0.9935,0,0,0,0
113.060,0.9935,0,0,0,0
113.095,0.9935,0,0,0,0
113.127,0.9935,0,0,0,0
113.161,0.9935,0,0,0,0
113.196,0.9935,0,0,0,0
113.228,0.9935,0,0,0,0
113.262,0.9934,0,0,0,0
113.296,0.9934,0,0,0,0
113.332,0.9934,0,0,0,0
113.363,0.9933,0,0,0,0
113.395,0.9932,0,0,0,0
113.427,0.9932,0,0,0,0
113.465,0.9931,0,0,0,0
113.494,0.9930,0,0,0,0
113.527,0.9929,0,0,0,0
113.562,0.9928,0,0,0,0
113.596,0.9928,0,0,0,0
113.628,0.9927,0,0,0,0
113.662,0.9927,0,0,0,0
113.697,0.9927,0,0,0,0
113.730,0.9926,0,0,0,0
113.765,0.9926,0,0,0,0
113.796,0.9926,0,0,0,0
113.829,0.9926,0,0,0,0
113.866,0.9925,0,0,0,0
113.894,0.9925,0,0,0,0
113.926,0.9925,0,0,0,0
113.959,0.9926,0,0,0,0
113.996,0.9926,0,0,0,0
114.029,0.9928,0,0,0,0
114.061,0.9929,0,0,0,0
114.096,0.9929,0,0,0,0
114.130,0.9930,0,0,0,0
114.165,0.9931,0,0,0,0
114.196,0.9931,0,0,0,0
114.227,0.9932,0,0,0,0
114.263,0.9932,0,0,0,0
114.295,0.9933,0,0,0,0
114.329,0.9933,0,0,0,0
114.361,0.9934,0,0,0,0
114.397,0.9935,0,0,0,0
114.429,0.9936,0,0,0,0
114.462,0.9938,0,0,0,0
114.496,0.9939,0,0,0,0
114.528,0.9940,0,0,0,0
114.560,0.9942,0,0,0,0
114.596,0.9943,0,0,0,0
114.629,0.9944,0,0,0,0
114.663,0.9946,0,0,0,0
114.696,0.9946,0,0,0,0
114.729,0.9948,0,0,0,0
114.762,0.9949,0,0,0,0
114.799,0.9950,0,0,0,0
114.828,0.9951,0,0,0,0
114.862,0.9952,0,0,0,0
114.896,0.9953,0,0,0,0
114.932,0.9954,0,0,0,0
114.962,0.9951,0,0,0,0
114.997,0.9952,0,0,0,0
115.030,0.9952,0,0,0,0
115.060,0.9953,0,0,0,0
115.097,0.9954,0,0,0,0
115.129,0.9955,0,0,0,0
115.161,0.9956,0,0,0,0
115.196,0.9957,0,0,0,0
115.228,0.9959,0,0,0,0
115.262,0.9961,0,0,0,0
115.299,0.9962,0,0,0,0
115.331,0.9964,0,0,0,0
115.361,0.9967,0,0,0,0
115.395,0.9968,0,0,0,0
115.429,0.9970,0,0,0,0
115.463,0.9973,0,0,0,0
115.498,0.9974,0,0,0,0
115.527,0.9977,0,0,0,0
115.562,0.9980,0,0,0,0
115.594,0.9981,0,0,0,0
115.629,0.9984,0,0,0,0
115.661,0.9986,0,0,0,0
115.696,0.9988,0,0,0,0
115.729,0.9990,0,0,0,0
115.763,0.9993,0,0,0,0
115.798,0.9994,0,0,0,0
115.831,0.9996,0,0,0,0
115.863,0.9998,0,0,0,0
115.897,0.9999,0,0,0,0
115.929,1.0000,0,0,0,0
115.964,1.0000,0,0,0,0
115.996,1.0000,0,0,0,0
116.029,1.0000,0,0,0,0
116.063,1.0000,0,0,0,0
116.098,1.0000,0,0,0,0
116.128,1.0000,0,0,0,0
116.163,1.0000,0,0,0,0
116.193,1.0000,0,0,0,0
116.231,1.0000,0,0,0,0
116.266,1.0000,0,0,0,0
116.295,1.0000,0,0,0,0
116.328,1.0000,0,0,0,0
116.363,1.0000,0,0,0,0
116.395,1.0000,0,0,0,0
116.428,1.0000,0,0,0,0
116.460,1.0000,0,0,0,0
116.498,1.0000,0,0,0,0
116.528,1.0000,0,0,0,0
116.561,1.0000,0,0,0,0
116.596,1.0000,0,0,0,0
116.632,1.0000,0,0,0,0
116.662,1.0000,0,0,0,0
116.697,1.0000,0,0,0,0
116.727,1.0000,0,0,0,0
116.765,1.0000,0,0,0,0
116.796,1.0000,0,0,0,0
116.830,1.0000,0,0,0,0
116.863,1.0000,0,0,0,0
116.895,1.0000,0,0,0,0
116.927,1.0000,0,0,0,0
116.961,1.0000,0,0,0,0
116.998,1.0000,0,0,0,0
117.031,1.0000,0,0,0,0
117.063,1.0000,0,0,0,0
117.096,1.0000,0,0,0,0
117.128,1.0000,0,0,0,0
117.162,1.0000,0,0,0,0
117.195,1.0000,0,0,0,0
117.229,1.0000,0,0,0,0
117.261,1.0000,0,0,0,0
117.295,1.0000,0,0,0,0
117.330,1.0000,0,0,0,0
117.365,1.0000,0,0,0,0
117.395,1.0000,0,0,0,0
117.428,1.0000,0,0,0,0
117.464,1.0000,0,0,0,0
117.498,1.0000,0,0,0,0
117.527,1.0000,0,0,0,0
117.562,1.0000,0,0,0,0
117.598,1.0000,0,0,0,0
117.630,1.0000,0,0,0,0
117.660,1.0000,0,0,0,0
117.695,1.0000,0,0,0,0
117.729,1.0000,0,0,0,0
117.762,1.0000,0,0,0,0
117.793,1.0000,0,0,0,0
117.832,1.0000,0,0,0,0
117.862,1.0000,0,0,0,0
117.895,1.0000,0,0,0,0
117.928,1.0000,0,0,0,0
117.965,1.0000,0,0,0,0
117.998,1.0000,0,0,0,0
118.027,1.0000,0,0,0,0
118.061,1.0000,0,0,0,0
118.098,1.0000,0,0,0,0
118.127,1.0000,0,0,0,0
118.162,1.0000,0,0,0,0
118.391,1.0000,0,0,0,0
118.444,1.0000,0,0,0,0
118.454,1.0000,0,0,0,0
118.460,1.0000,0,0,0,0
118.521,1.0000,0,0,0,0
118.552,1.0000,0,0,0,0
118.586,1.0000,0,0,0,0
118.620,1.0000,0,0,0,0
118.652,1.0000,0,0,0,0
118.685,1.0000,0,0,0,0
118.721,1.0000,0,0,0,0
118.750,1.0000,0,0,0,0
118.787,1.0000,0,0,0,0
118.822,1.0000,0,0,0,0
118.851,1.0000,0,0,0,0
119.185,1.0000,0,0,0,0
119.234,1.0000,0,0,0,0
119.267,1.0000,0,0,0,0
119.293,1.0000,0,0,0,0
119.321,1.0000,0,0,0,0
119.358,1.0000,0,0,0,0
119.391,1.0000,0,0,0,0
119.424,1.0000,0,0,0,0
119.456,1.0000,0,0,0,0
119.490,1.0000,0,0,0,0
119.523,1.0000,0,0,0,0
119.555,1.0000,0,0,0,0
119.592,1.0000,0,0,0,0
119.622,1.0000,0,0,0,0
119.658,1.0000,0,0,0,0
119.689,1.0000,0,0,0,0
119.724,1.0000,0,0,0,0
119.759,1.0000,0,0,0,0
119.796,1.0000,0,0,0,0
119.823,1.0000,0,0,0,0
119.856,1.0000,0,0,0,0
119.892,1.0000,0,0,0,0
119.927,1.0000,0,0,0,0
119.956,1.0000,0,0,0,0
119.988,1.0000,0,0,0,0
120.020,1.0000,0,0,0,0
120.052,1.0000,0,0,0,0
120.084,1.0000,0,0,0,0
120.124,1.0000,0,0,0,0
120.154,1.0000,0,0,0,0
120.187,1.0000,0,0,0,0
120.222,1.0000,0,0,0,0
120.254,1.0000,0,0,0,0
120.293,1.0000,0,0,0,0
120.328,1.0000,0,0,0,0
120.353,1.0000,0,0,0,0
120.391,1.0000,0,0,0,0
120.421,1.0000,0,0,0,0
120.450,1.0000,0,0,0,0
120.484,1.0000,0,0,0,0
120.520,1.0000,0,0,0,0
120.562,1.0000,0,0,0,0
120.589,1.0000,0,0,0,0
120.621,1.0000,0,0,0,0
120.659,1.0000,0,0,0,0
120.687,1.0000,0,0,0,0
120.721,1.0000,0,0,0,0
120.755,1.0000,0,0,0,0
120.789,1.0000,0,0,0,0
120.824,1.0000,0,0,0,0
120.855,1.0000,0,0,0,0
120.885,1.0000,0,0,0,0
120.927,1.0000,0,0,0,0
120.962,1.0000,0,0,0,0
120.987,1.0000,0,0,0,0
121.025,1.0000,0,0,0,0
121.055,1.0000,0,0,0,0
121.090,1.0000,0,0,0,0
121.121,1.0000,0,0,0,0
121.156,1.0000,0,0,0,0
121.190,1.0000,0,0,0,0
121.228,1.0000,0,0,0,0
121.259,1.0000,0,0,0,0
121.288,1.0000,0,0,0,0
121.321,1.0000,0,0,0,0
121.356,1.0000,0,0,0,0
121.391,1.0000,0,0,0,0
121.432,1.0000,0,0,0,0
121.457,1.0000,0,0,0,0
121.487,1.0000,0,0,0,0
121.525,1.0000,0,0,0,0
121.556,1.0000,0,0,0,0
121.591,1.0000,0,0,0,0
121.621,1.0000,0,0,0,0
121.656,1.0000,0,0,0,0
121.690,1.0000,0,0,0,0
121.724,1.0000,0,0,0,0
121.759,1.0000,0,0,0,0
121.789,1.0000,0,0,0,0
121.824,1.0000,0,0,0,0
121.859,1.0000,0,0,0,0
121.888,1.0000,0,0,0,0
121.926,1.0000,0,0,0,0
121.959,1.0000,0,0,0,0
121.990,1.0000,0,0,0,0
122.021,1.0000,0,0,0,0
122.058,1.0000,0,0,0,0
122.090,1.0000,0,0,0,0
122.124,1.0000,0,0,0,0
122.152,1.0000,0,0,0,0
122.185,1.0000,0,0,0,0
122.222,1.0000,0,0,0,0
122.259,1.0000,0,0,0,0
122.302,1.0000,0,0,0,0
122.331,1.0000,0,0,0,0
122.358,1.0000,0,0,0,0
122.401,1.0000,0,0,0,0
122.437,1.0000,0,0,0,0
122.462,1.0000,0,0,0,0
122.494,1.0000,0,0,0,0
122.539,1.0000,0,0,0,0
122.576,1.0000,0,0,0,0
122.605,1.0000,0,0,0,0
122.643,1.0000,0,0,0,0
122.671,1.0000,0,0,0,0
122.697,1.0000,0,0,0,0
122.740,1.0000,0,0,0,0
122.765,1.0000,0,0,0,0
122.807,1.0000,0,0,0,0
122.829,1.0000,0,0,0,0
122.874,1.0000,0,0,0,0
122.904,1.0000,0,0,0,0
122.941,1.0000,0,0,0,0
122.973,1.0000,0,0,0,0
123.004,1.0000,0,0,0,0
123.040,1.0000,0,0,0,0
123.071,1.0000,0,0,0,0
123.107,1.0000,0,0,0,0
123.138,1.0000,0,0,0,0
123.173,1.0000,0,0,0,0
123.206,1.0000,0,0,0,0
123.239,1.0000,0,0,0,0
123.270,1.0000,0,0,0,0
123.305,1.0000,0,0,0,0
123.339,1.0000,0,0,0,0
123.373,1.0000,0,0,0,0
123.404,1.0000,0,0,0,0
123.440,1.0000,0,0,0,0
123.473,1.0000,0,0,0,0
123.502,1.0000,0,0,0,0
123.536,1.0000,0,0,0,0
123.568,1.0000,0,0,0,0
123.593,1.0000,0,0,0,0
123.628,1.0000,0,0,0,0
123.662,1.0000,0,0,0,0
123.704,1.0000,0,0,0,0
123.751,1.0000,0,0,0,0
123.781,1.0000,0,0,0,0
123.817,1.0000,0,0,0,0
123.849,1.0000,0,0,0,0
123.884,1.0000,0,0,0,0
123.919,1.0000,0,0,0,0
123.950,1.0000,0,0,0,0
123.982,1.0000,0,0,0,0
124.007,1.0000,0,0,0,0
124.049,1.0000,0,0,0,0
124.072,1.0000,0,0,0,0
124.116,1.0000,0,0,0,0
124.143,1.0000,0,0,0,0
124.181,1.0000,0,0,0,0
124.215,1.0000,0,0,0,0
124.248,1.0000,0,0,0,0
124.282,1.0000,0,0,0,0
124.317,1.0000,0,0,0,0
124.338,1.0000,0,0,0,0
124.384,1.0000,0,0,0,0
124.430,1.0000,0,0,0,0
124.468,1.0000,0,0,0,0
124.493,1.0000,0,0,0,0
124.529,1.0000,0,0,0,0
124.565,1.0000,0,0,0,0
124.598,1.0000,0,0,0,0
124.632,1.0000,0,0,0,0
124.667,1.0000,0,0,0,0
124.701,1.0000,0,0,0,0
124.734,1.0000,0,0,0,0
124.769,1.0000,0,0,0,0
124.800,1.0000,0,0,0,0
124.838,1.0000,0,0,0,0
124.869,1.0000,0,0,0,0
124.899,1.0000,0,0,0,0
124.933,1.0000,0,0,0,0
124.979,1.0000,0,0,0,0
125.014,1.0000,0,0,0,0
125.047,1.0000,0,0,0,0
125.081,1.0000,0,0,0,0
125.110,1.0000,0,0,0,0
125.150,1.0000,0,0,0,0
125.178,1.0000,0,0,0,0
125.210,1.0000,0,0,0,0
125.244,1.0000,0,0,0,0
125.277,1.0000,0,0,0,0
125.317,1.0000,0,0,0,0
125.388,1.0000,0,0,0,0
125.431,1.0000,0,0,0,0
125.454,1.0000,0,0,0,0
125.471,1.0000,0,0,0,0
125.502,1.0000,0,0,0,0
125.537,1.0000,0,0,0,0
125.569,1.0000,0,0,0,0
125.602,1.0000,0,0,0,0
125.634,1.0000,0,0,0,0
125.667,1.0000,0,0,0,0
125.700,1.0000,0,0,0,0
125.740,1.0000,0,0,0,0
125.769,1.0000,0,0,0,0
125.807,1.0000,0,0,0,0
125.830,1.0000,0,0,0,0
125.867,1.0000,0,0,0,0
125.899,1.0000,0,0,0,0
125.937,1.0000,0,0,0,0
125.961,1.0000,0,0,0,0
126.004,1.0000,0,0,0,0
126.034,1.0000,0,0,0,0
126.073,1.0000,0,0,0,0
126.098,1.0000,0,0,0,0
126.135,1.0000,0,0,0,0
126.168,1.0000,0,0,0,0
126.195,1.0000,0,0,0,0
126.239,1.0000,0,0,0,0
126.268,1.0000,0,0,0,0
126.297,1.0000,0,0,0,0
126.337,1.0000,0,0,0,0
126.360,1.0000,0,0,0,0
126.391,1.0000,0,0,0,0
126.438,1.0000,0,0,0,0
126.466,1.0000,0,0,0,0
126.493,1.0000,0,0,0,0
126.531,1.0000,0,0,0,0
126.561,1.0000,0,0,0,0
126.598,1.0000,0,0,0,0
126.625,1.0000,0,0,0,0
126.658,1.0000,0,0,0,0
126.705,1.0000,0,0,0,0
126.731,1.0000,0,0,0,0
126.773,1.0000,0,0,0,0
126.804,1.0000,0,0,0,0
126.827,1.0000,0,0,0,0
126.873,1.0000,0,0,0,0
126.907,1.0000,0,0,0,0
126.937,1.0000,0,0,0,0
126.969,1.0000,0,0,0,0
126.999,1.0000,0,0,0,0
127.034,1.0000,0,0,0,0
127.066,1.0000,0,0,0,0
127.100,1.0000,0,0,0,0
127.145,1.0000,0,0,0,0
127.178,1.0000,0,0,0,0
127.204,1.0000,0,0,0,0
127.247,1.0000,0,0,0,0
127.278,1.0000,0,0,0,0
127.312,1.0000,0,0,0,0
127.346,1.0000,0,0,0,0
127.381,1.0000,0,0,0,0
127.412,1.0000,0,0,0,0
127.446,1.0000,0,0,0,0
127.478,1.0000,0,0,0,0
127.520,1.0000,0,0,0,0
127.555,1.0000,0,0,0,0
127.611,1.0000,0,0,0,0
127.646,1.0000,0,0,0,0
127.666,1.0000,0,0,0,0
127.702,1.0000,0,0,0,0
127.743,1.0000,0,0,0,0
127.774,1.0000,0,0,0,0
127.856,1.0000,0,0,0,0
127.934,1.0000,0,0,0,0
127.956,1.0000,0,0,0,0
127.999,1.0000,0,0,0,0
128.032,1.0000,0,0,0,0
128.065,1.0000,0,0,0,0
128.098,1.0000,0,0,0,0
128.138,1.0000,0,0,0,0
128.165,1.0000,0,0,0,0
128.199,1.0000,0,0,0,0
128.231,1.0000,0,0,0,0
128.268,1.0000,0,0,0,0
128.310,1.0000,0,0,0,0
128.348,1.0000,0,0,0,0
128.383,1.0000,0,0,0,0
128.419,1.0000,0,0,0,0
128.449,1.0000,0,0,0,0
128.480,1.0000,0,0,0,0
128.516,1.0000,0,0,0,0
128.547,1.0000,0,0,0,0
128.584,1.0000,0,0,0,0
128.614,1.0000,0,0,0,0
128.641,1.0000,0,0,0,0
128.677,1.0000,0,0,0,0
128.719,1.0000,0,0,0,0
128.769,1.0000,0,0,0,0
128.823,1.0000,0,0,0,0
128.851,1.0000,0,0,0,0
128.895,1.0000,0,0,0,0
128.920,1.0000,0,0,0,0
128.964,1.0000,0,0,0,0
128.997,1.0000,0,0,0,0
129.029,1.0000,0,0,0,0
129.056,1.0000,0,0,0,0
129.085,1.0000,0,0,0,0
129.131,1.0000,0,0,0,0
129.165,1.0000,0,0,0,0
129.196,1.0000,0,0,0,0
129.221,1.0000,0,0,0,0
129.252,1.0000,0,0,0,0
129.294,1.0000,0,0,0,0
129.330,1.0000,0,0,0,0
129.366,1.0000,0,0,0,0
129.388,1.0000,0,0,0,0
129.430,1.0000,0,0,0,0
129.456,1.0000,0,0,0,0
129.495,1.0000,0,0,0,0
129.528,1.0000,0,0,0,0
129.562,1.0000,0,0,0,0
129.596,1.0000,0,0,0,0
129.623,1.0000,0,0,0,0
129.657,1.0000,0,0,0,0
129.700,1.0000,0,0,0,0
129.733,1.0000,0,0,0,0
129.763,1.0000,0,0,0,0
129.798,1.0000,0,0,0,0
129.829,1.0000,0,0,0,0
129.867,1.0000,0,0,0,0
129.889,1.0000,0,0,0,0
129.930,1.0000,0,0,0,0
129.964,1.0000,0,0,0,0
130.000,1.0000,0,0,0,0
130.031,1.0000,0,0,0,0
130.064,1.0000,0,0,0,0
130.095,1.0000,0,0,0,0
130.130,1.0000,0,0,0,0
130.164,1.0000,0,0,0,0
130.197,1.0000,0,0,0,0
130.229,1.0000,0,0,0,0
130.262,1.0000,0,0,0,0
130.298,1.0000,0,0,0,0
130.332,1.0000,0,0,0,0
130.362,1.0000,0,0,0,0
130.396,1.0000,0,0,0,0
130.432,1.0000,0,0,0,0
130.464,1.0000,0,0,0,0
130.498,1.0000,0,0,0,0
130.532,1.0000,0,0,0,0
130.564,1.0000,0,0,0,0
130.595,1.0000,0,0,0,0
130.629,1.0000,0,0,0,0
130.665,1.0000,0,0,0,0
130.695,1.0000,0,0,0,0
130.729,1.0000,0,0,0,0
130.765,1.0000,0,0,0,0
130.799,1.0000,0,0,0,0
130.832,1.0000,0,0,0,0
130.861,1.0000,0,0,0,0
130.896,1.0000,0,0,0,0
130.930,1.0000,0,0,0,0
130.954,1.0000,0,0,0,0
130.996,1.0000,0,0,0,0
131.019,1.0000,0,0,0,0
131.063,1.0000,0,0,0,0
131.099,1.0000,0,0,0,0
131.129,1.0000,0,0,0,0
131.164,1.0000,0,0,0,0
131.198,1.0000,0,0,0,0
131.231,1.0000,0,0,0,0
131.265,1.0000,0,0,0,0
131.299,1.0000,0,0,0,0
131.328,1.0000,0,0,0,0
131.365,1.0000,0,0,0,0
131.397,1.0000,0,0,0,0
131.429,1.0000,0,0,0,0
131.465,1.0000,0,0,0,0
131.496,1.0000,0,0,0,0
131.531,1.0000,0,0,0,0
131.561,1.0000,0,0,0,0
131.599,1.0000,0,0,0,0
131.632,1.0000,0,0,0,0
131.662,1.0000,0,0,0,0
131.695,1.0000,0,0,0,0
131.732,1.0000,0,0,0,0
131.762,1.0000,0,0,0,0
131.798,1.0000,0,0,0,0
131.831,1.0000,0,0,0,0
131.862,1.0000,0,0,0,0
131.897,1.0000,0,0,0,0
131.929,1.0000,0,0,0,0
131.962,1.0000,0,0,0,0
131.997,1.0000,0,0,0,0
132.031,1.0000,0,0,0,0
132.061,1.0000,0,0,0,0
132.098,1.0000,0,0,0,0
132.133,1.0000,0,0,0,0
132.164,1.0000,0,0,0,0
132.196,1.0000,0,0,0,0
132.229,1.0000,0,0,0,0
132.261,1.0000,0,0,0,0
132.295,1.0000,0,0,0,0
132.331,1.0000,0,0,0,0
132.363,1.0000,0,0,0,0
132.395,1.0000,0,0,0,0
132.428,1.0000,0,0,0,0
132.463,1.0000,0,0,0,0
132.496,1.0000,0,0,0,0
132.531,1.0000,0,0,0,0
132.565,1.0000,0,0,0,0
132.597,1.0000,0,0,0,0
132.633,1.0000,0,0,0,0
132.663,1.0000,0,0,0,0
132.695,1.0000,0,0,0,0
132.733,1.0000,0,0,0,0
132.762,1.0000,0,0,0,0
132.797,1.0000,0,0,0,0
132.830,1.0000,0,0,0,0
132.861,1.0000,0,0,0,0
132.898,1.0000,0,0,0,0
132.929,1.0000,0,0,0,0
132.998,1.0000,0,0,0,0
133.059,1.0000,0,0,0,0
133.087,1.0000,0,0,0,0
133.098,1.0000,0,0,0,0
133.136,1.0000,0,0,0,0
133.170,1.0000,0,0,0,0
133.201,1.0000,0,0,0,0
133.238,1.0000,0,0,0,0
133.259,1.0000,0,0,0,0
133.302,1.0000,0,0,0,0
133.331,1.0000,0,0,0,0
133.360,1.0000,0,0,0,0
133.401,1.0000,0,0,0,0
133.436,1.0000,0,0,0,0
133.467,1.0000,0,0,0,0
133.502,1.0000,0,0,0,0
133.534,1.0000,0,0,0,0
133.576,1.0000,0,0,0,0
133.602,1.0000,0,0,0,0
133.635,1.0000,0,0,0,0
133.670,1.0000,0,0,0,0
133.701,1.0000,0,0,0,0
133.735,1.0000,0,0,0,0
133.767,1.0000,0,0,0,0
133.800,1.0000,0,0,0,0
133.833,1.0000,0,0,0,0
133.866,1.0000,0,0,0,0
133.904,1.0000,0,0,0,0
133.933,1.0000,0,0,0,0
133.966,1.0000,0,0,0,0
133.992,1.0000,0,0,0,0
134.032,1.0000,0,0,0,0
134.059,1.0000,0,0,0,0
134.107,1.0000,0,0,0,0
134.130,1.0000,0,0,0,0
134.169,1.0000,0,0,0,0
134.195,1.0000,0,0,0,0
134.235,1.0000,0,0,0,0
134.267,1.0000,0,0,0,0
134.302,1.0000,0,0,0,0
134.334,1.0000,0,0,0,0
134.368,1.0000,0,0,0,0
134.400,1.0000,0,0,0,0
134.437,1.0000,0,0,0,0
134.467,1.0000,0,0,0,0
134.503,1.0000,0,0,0,0
134.535,1.0000,0,0,0,0
134.567,1.0000,0,0,0,0
134.602,1.0000,0,0,0,0
134.637,1.0000,0,0,0,0
134.670,1.0000,0,0,0,0
134.703,1.0000,0,0,0,0
134.736,1.0000,0,0,0,0
134.767,1.0000,0,0,0,0
134.800,1.0000,0,0,0,0
134.835,1.0000,0,0,0,0
134.867,1.0000,0,0,0,0
134.904,1.0000,0,0,0,0
134.934,1.0000,0,0,0,0
134.969,1.0000,0,0,0,0
135.001,1.0000,0,0,0,0
135.034,1.0000,0,0,0,0
135.068,1.0000,0,0,0,0
135.100,1.0000,0,0,0,0
135.134,1.0000,0,0,0,0
135.167,1.0000,0,0,0,0
135.201,1.0000,0,0,0,0
135.234,1.0000,0,0,0,0
135.270,1.0000,0,0,0,0
135.300,1.0000,0,0,0,0
135.336,1.0000,0,0,0,0
135.367,1.0000,0,0,0,0
135.402,1.0000,0,0,0,0
135.437,1.0000,0,0,0,0
135.468,1.0000,0,0,0,0
135.500,1.0000,0,0,0,0
135.534,1.0000,0,0,0,0
135.568,1.0000,0,0,0,0
135.600,1.0000,0,0,0,0
135.633,1.0000,0,0,0,0
135.669,1.0000,0,0,0,0
135.702,1.0000,0,0,0,0
135.734,1.0000,0,0,0,0
135.766,1.0000,0,0,0,0
135.800,1.0000,0,0,0,0
135.833,1.0000,0,0,0,0
135.867,1.0000,0,0,0,0
135.902,1.0000,0,0,0,0
135.935,1.0000,0,0,0,0
135.968,1.0000,0,0,0,0
136.003,1.0000,0,0,0,0
136.034,1.0000,0,0,0,0
136.069,1.0000,0,0,0,0
136.102,1.0000,0,0,0,0
136.135,1.0000,0,0,0,0
136.168,1.0000,0,0,0,0
136.201,1.0000,0,0,0,0
136.235,1.0000,0,0,0,0
136.267,1.0000,0,0,0,0
136.298,1.0000,0,0,0,0
136.335,1.0000,0,0,0,0
136.367,1.0000,0,0,0,0
136.400,1.0000,0,0,0,0
136.437,1.0000,0,0,0,0
136.467,1.0000,0,0,0,0
136.500,1.0000,0,0,0,0
136.533,1.0000,0,0,0,0
136.570,1.0000,0,0,0,0
136.601,1.0000,0,0,0,0
136.635,1.0000,0,0,0,0
136.669,1.0000,0,0,0,0
136.702,1.0000,0,0,0,0
136.733,1.0000,0,0,0,0
136.770,1.0000,0,0,0,0
136.801,1.0000,0,0,0,0
136.836,1.0000,0,0,0,0
136.871,1.0000,0,0,0,0
136.900,1.0000,0,0,0,0
136.936,1.0000,0,0,0,0
136.967,1.0000,0,0,0,0
137.000,1.0000,0,0,0,0
137.037,1.0000,0,0,0,0
137.069,1.0000,0,0,0,0
137.101,1.0000,0,0,0,0
137.136,1.0000,0,0,0,0
137.166,1.0000,0,0,0,0
137.202,1.0000,0,0,0,0
137.235,1.0000,0,0,0,0
137.266,1.0000,0,0,0,0
137.304,1.0000,0,0,0,0
137.336,1.0000,0,0,0,0
137.368,1.0000,0,0,0,0
137.403,1.0000,0,0,0,0
137.434,1.0000,0,0,0,0
137.467,1.0000,0,0,0,0
137.503,1.0000,0,0,0,0
137.533,1.0000,0,0,0,0
137.568,1.0000,0,0,0,0
137.600,1.0000,0,0,0,0
137.634,1.0000,0,0,0,0
137.668,1.0000,0,0,0,0
137.700,1.0000,0,0,0,0
137.732,1.0000,0,0,0,0
137.767,1.0000,0,0,0,0
137.801,1.0000,0,0,0,0
137.836,1.0000,0,0,0,0
137.869,1.0000,0,0,0,0
137.903,1.0000,0,0,0,0
137.936,1.0000,0,0,0,0
137.966,1.0000,0,0,0,0
138.004,1.0000,0,0,0,0
138.035,1.0000,0,0,0,0
138.069,1.0000,0,0,0,0
138.100,1.0000,0,0,0,0
138.134,1.0000,0,0,0,0
138.169,1.0000,0,0,0,0
138.202,1.0000,0,0,0,0
138.234,1.0000,0,0,0,0
138.267,1.0000,0,0,0,0
138.300,1.0000,0,0,0,0
138.334,1.0000,0,0,0,0
138.367,1.0000,0,0,0,0
138.401,1.0000,0,0,0,0
138.435,1.0000,0,0,0,0
138.468,1.0000,0,0,0,0
138.500,1.0000,0,0,0,0
138.536,1.0000,0,0,0,0
138.570,1.0000,0,0,0,0
138.600,1.0000,0,0,0,0
138.636,1.0000,0,0,0,0
138.667,1.0000,0,0,0,0
138.699,1.0000,0,0,0,0
138.733,1.0000,0,0,0,0
138.767,1.0000,0,0,0,0
138.801,1.0000,0,0,0,0
138.833,1.0000,0,0,0,0
138.866,1.0000,0,0,0,0
138.901,1.0000,0,0,0,0
138.937,1.0000,0,0,0,0
138.968,1.0000,0,0,0,0
139.000,1.0000,0,0,0,0
139.033,1.0000,0,0,0,0
139.068,1.0000,0,0,0,0
139.102,1.0000,0,0,0,0
139.136,1.0000,0,0,0,0
139.169,1.0000,0,0,0,0
139.199,1.0000,0,0,0,0
139.240,1.0000,0,0,0,0
139.267,1.0000,0,0,0,0
139.300,1.0000,0,0,0,0
139.333,1.0000,0,0,0,0
139.366,1.0000,0,0,0,0
139.403,1.0000,0,0,0,0
139.436,1.0000,0,0,0,0
139.468,1.0000,0,0,0,0
139.503,1.0000,0,0,0,0
139.536,1.0000,0,0,0,0
139.569,1.0000,0,0,0,0
139.603,1.0000,0,0,0,0
139.637,1.0000,0,0,0,0
139.668,1.0000,0,0,0,0
139.701,1.0000,0,0,0,0
139.733,1.0000,0,0,0,0
139.770,1.0000,0,0,0,0
139.803,1.0000,0,0,0,0
139.835,1.0000,0,0,0,0
139.868,1.0000,0,0,0,0
139.902,1.0000,0,0,0,0
139.937,1.0000,0,0,0,0
139.967,1.0000,0,0,0,0
140.001,1.0000,0,0,0,0
140.034,1.0000,0,0,0,0
140.070,1.0000,0,0,0,0
140.108,1.0000,0,0,0,0
140.143,1.0000,0,0,0,0
140.164,1.0000,0,0,0,0
140.201,1.0000,0,0,0,0
140.237,1.0000,0,0,0,0
140.264,1.0000,0,0,0,0
140.290,1.0000,0,0,0,0
140.344,1.0000,0,0,0,0
140.377,1.0000,0,0,0,0
140.405,1.0000,0,0,0,0
140.428,1.0000,0,0,0,0
140.473,1.0000,0,0,0,0
140.503,1.0000,0,0,0,0
140.533,1.0000,0,0,0,0
140.561,1.0000,0,0,0,0
140.590,1.0000,0,0,0,0
140.630,1.0000,0,0,0,0
140.657,1.0000,0,0,0,0
140.709,1.0000,0,0,0,0
140.744,1.0000,0,0,0,0
140.779,1.0000,0,0,0,0
140.811,1.0000,0,0,0,0
140.845,1.0000,0,0,0,0
140.931,1.0000,0,0,0,0
140.959,1.0000,0,0,0,0
140.992,1.0000,0,0,0,0
141.026,1.0000,0,0,0,0
141.059,1.0000,0,0,0,0
141.091,1.0000,0,0,0,0
141.127,1.0000,0,0,0,0
141.158,1.0000,0,0,0,0
141.192,1.0000,0,0,0,0
141.220,1.0000,0,0,0,0
141.248,1.0000,0,0,0,0
141.290,1.0000,0,0,0,0
141.339,1.0000,0,0,0,0
141.382,1.0000,0,0,0,0
141.421,1.0000,0,0,0,0
141.453,1.0000,0,0,0,0
141.496,1.0000,0,0,0,0
141.532,1.0000,0,0,0,0
141.573,1.0000,0,0,0,0
141.602,1.0000,0,0,0,0
141.634,1.0000,0,0,0,0
141.666,1.0000,0,0,0,0
141.701,1.0000,0,0,0,0
141.733,1.0000,0,0,0,0
141.763,1.0000,0,0,0,0
141.792,1.0000,0,0,0,0
141.821,1.0000,0,0,0,0
141.864,1.0000,0,0,0,0
141.895,1.0000,0,0,0,0
141.933,1.0000,0,0,0,0
141.970,1.0000,0,0,0,0
142.004,1.0000,0,0,0,0
142.037,1.0000,0,0,0,0
142.067,1.0000,0,0,0,0
142.101,1.0000,0,0,0,0
142.138,1.0000,0,0,0,0
142.162,1.0000,0,0,0,0
142.196,1.0000,0,0,0,0
142.229,1.0000,0,0,0,0
142.279,1.0000,0,0,0,0
142.324,1.0000,0,0,0,0
142.362,1.0000,0,0,0,0
142.404,1.0000,0,0,0,0
142.436,1.0000,0,0,0,0
142.467,1.0000,0,0,0,0
142.508,1.0000,0,0,0,0
142.533,1.0000,0,0,0,0
142.569,1.0000,0,0,0,0
142.601,1.0000,0,0,0,0
142.633,1.0000,0,0,0,0
142.669,1.0000,0,0,0,0
142.701,1.0000,0,0,0,0
142.735,1.0000,0,0,0,0
142.767,1.0000,0,0,0,0
142.802,1.0000,0,0,0,0
142.832,1.0000,0,0,0,0
142.865,1.0000,0,0,0,0
142.902,1.0000,0,0,0,0
142.935,1.0000,0,0,0,0
142.969,1.0000,0,0,0,0
142.998,1.0000,0,0,0,0
143.025,1.0000,0,0,0,0
143.062,1.0000,0,0,0,0
143.103,1.0000,0,0,0,0
143.136,1.0000,0,0,0,0
143.159,1.0000,0,0,0,0
143.202,1.0000,0,0,0,0
143.235,1.0000,0,0,0,0
143.267,1.0000,0,0,0,0
143.300,1.0000,0,0,0,0
143.334,1.0000,0,0,0,0
143.360,1.0000,0,0,0,0
143.391,1.0000,0,0,0,0
143.433,1.0000,0,0,0,0
143.461,1.0000,0,0,0,0
143.499,1.0000,0,0,0,0
143.535,1.0000,0,0,0,0
143.567,1.0000,0,0,0,0
143.600,1.0000,0,0,0,0
143.636,1.0000,0,0,0,0
143.668,1.0000,0,0,0,0
143.698,1.0000,0,0,0,0
143.732,1.0000,0,0,0,0
143.767,1.0000,0,0,0,0
143.802,1.0000,0,0,0,0
143.834,1.0000,0,0,0,0
143.866,1.0000,0,0,0,0
143.901,1.0000,0,0,0,0
143.932,1.0000,0,0,0,0
143.967,1.0000,0,0,0,0
144.001,1.0000,0,0,0,0
144.035,1.0000,0,0,0,0
144.069,1.0000,0,0,0,0
144.100,1.0000,0,0,0,0
144.132,1.0000,0,0,0,0
144.169,1.0000,0,0,0,0
144.200,1.0000,0,0,0,0
144.232,1.0000,0,0,0,0
144.270,1.0000,0,0,0,0
144.292,1.0000,0,0,0,0
144.333,1.0000,0,0,0,0
144.364,1.0000,0,0,0,0
144.404,1.0000,0,0,0,0
144.425,1.0000,0,0,0,0
144.469,1.0000,0,0,0,0
144.502,1.0000,0,0,0,0
144.525,1.0000,0,0,0,0
144.568,1.0000,0,0,0,0
144.597,1.0000,0,0,0,0
144.631,1.0000,0,0,0,0
144.665,1.0000,0,0,0,0
144.698,1.0000,0,0,0,0
144.735,1.0000,0,0,0,0
144.766,1.0000,0,0,0,0
144.800,1.0000,0,0,0,0
144.832,1.0000,0,0,0,0
144.866,1.0000,0,0,0,0
144.902,1.0000,0,0,0,0
144.934,1.0000,0,0,0,0
144.969,1.0000,0,0,0,0
144.998,1.0000,0,0,0,0
145.033,1.0000,0,0,0,0
145.068,1.0000,0,0,0,0
145.099,1.0000,0,0,0,0
145.132,1.0000,0,0,0,0
145.165,1.0000,0,0,0,0
145.202,1.0000,0,0,0,0
145.233,1.0000,0,0,0,0
145.268,1.0000,0,0,0,0
145.300,1.0000,0,0,0,0
145.334,1.0000,0,0,0,0
145.365,1.0000,0,0,0,0
145.389,1.0000,0,0,0,0
145.434,1.0000,0,0,0,0
145.458,1.0000,0,0,0,0
145.500,1.0000,0,0,0,0
145.533,1.0000,0,0,0,0
145.559,1.0000,0,0,0,0
145.600,1.0000,0,0,0,0
145.633,1.0000,0,0,0,0
145.669,1.0000,0,0,0,0
145.699,1.0000,0,0,0,0
145.735,1.0000,0,0,0,0
145.765,1.0000,0,0,0,0
145.799,1.0000,0,0,0,0
145.832,1.0000,0,0,0,0
145.867,1.0000,0,0,0,0
145.899,1.0000,0,0,0,0
145.933,1.0000,0,0,0,0
145.968,1.0000,0,0,0,0
146.002,1.0000,0,0,0,0
146.035,1.0000,0,0,0,0
146.066,1.0000,0,0,0,0
146.098,1.0000,0,0,0,0
146.134,1.0000,0,0,0,0
146.168,1.0000,0,0,0,0
146.202,1.0000,0,0,0,0
146.235,1.0000,0,0,0,0
146.268,1.0000,0,0,0,0
146.299,1.0000,0,0,0,0
146.333,1.0000,0,0,0,0
146.366,1.0000,0,0,0,0
146.400,1.0000,0,0,0,0
146.435,1.0000,0,0,0,0
146.466,1.0000,0,0,0,0
146.503,1.0000,0,0,0,0
146.532,1.0000,0,0,0,0
146.566,1.0000,0,0,0,0
146.602,1.0000,0,0,0,0
146.635,1.0000,0,0,0,0
146.667,1.0000,0,0,0,0
146.699,1.0000,0,0,0,0
146.734,1.0000,0,0,0,0
146.766,1.0000,0,0,0,0
146.800,1.0000,0,0,0,0
146.832,1.0000,0,0,0,0
146.869,1.0000,0,0,0,0
146.900,1.0000,0,0,0,0
146.934,1.0000,0,0,0,0
146.969,1.0000,0,0,0,0
146.999,1.0000,0,0,0,0
147.032,1.0000,0,0,0,0
147.067,1.0000,0,0,0,0
147.100,1.0000,0,0,0,0
147.135,1.0000,0,0,0,0
147.168,1.0000,0,0,0,0
147.202,1.0000,0,0,0,0
147.235,1.0000,0,0,0,0
147.269,1.0000,0,0,0,0
147.298,1.0000,0,0,0,0
147.332,1.0000,0,0,0,0
147.365,1.0000,0,0,0,0
147.402,1.0000,0,0,0,0
147.434,1.0000,0,0,0,0
147.467,1.0000,0,0,0,0
147.503,1.0000,0,0,0,0
147.532,1.0000,0,0,0,0
147.565,1.0000,0,0,0,0
147.599,1.0000,0,0,0,0
147.632,1.0000,0,0,0,0
147.665,1.0000,0,0,0,0
147.702,1.0000,0,0,0,0
147.734,1.0000,0,0,0,0
147.767,1.0000,0,0,0,0
147.802,1.0000,0,0,0,0
147.833,1.0000,0,0,0,0
147.867,1.0000,0,0,0,0
147.900,1.0000,0,0,0,0
147.933,1.0000,0,0,0,0
147.969,1.0000,0,0,0,0
147.999,1.0000,0,0,0,0
148.031,1.0000,0,0,0,0
148.065,1.0000,0,0,0,0
148.100,1.0000,0,0,0,0
148.135,1.0000,0,0,0,0
148.167,1.0000,0,0,0,0
148.198,1.0000,0,0,0,0
148.233,1.0000,0,0,0,0
148.267,1.0000,0,0,0,0
148.302,1.0000,0,0,0,0
148.332,1.0000,0,0,0,0
148.369,1.0000,0,0,0,0
148.399,1.0000,0,0,0,0
148.432,1.0000,0,0,0,0
148.466,1.0000,0,0,0,0
148.500,1.0000,0,0,0,0
148.535,1.0000,0,0,0,0
148.569,1.0000,0,0,0,0
148.599,1.0000,0,0,0,0
148.633,1.0000,0,0,0,0
148.668,1.0000,0,0,0,0
148.699,1.0000,0,0,0,0
148.734,1.0000,0,0,0,0
148.758,1.0000,0,0,0,0
148.798,1.0000,0,0,0,0
148.835,1.0000,0,0,0,0
148.866,1.0000,0,0,0,0
148.899,1.0000,0,0,0,0
148.932,1.0000,0,0,0,0
148.968,1.0000,0,0,0,0
149.001,1.0000,0,0,0,0
149.034,1.0000,0,0,0,0
149.070,1.0000,0,0,0,0
149.101,1.0000,0,0,0,0
149.133,1.0000,0,0,0,0
149.170,1.0000,0,0,0,0
149.199,1.0000,0,0,0,0
149.231,1.0000,0,0,0,0
149.331,1.0000,0,0,0,0
149.367,1.0000,0,0,0,0
149.399,1.0000,0,0,0,0
149.434,1.0000,0,0,0,0
149.470,1.0000,0,0,0,0
149.500,1.0000,0,0,0,0
149.533,1.0000,0,0,0,0
149.567,1.0000,0,0,0,0
149.600,1.0000,0,0,0,0
149.632,1.0000,0,0,0,0
149.665,1.0000,0,0,0,0
149.702,1.0000,0,0,0,0
149.732,1.0000,0,0,0,0
149.766,1.0000,0,0,0,0
149.799,1.0000,0,0,0,0
149.831,1.0000,0,0,0,0
149.866,1.0000,0,0,0,0
149.900,1.0000,0,0,0,0
149.937,1.0000,0,0,0,0
149.966,1.0000,0,0,0,0
150.004,1.0000,0,0,0,0
150.035,1.0000,0,0,0,0
150.059,1.0000,0,0,0,0
150.101,1.0000,0,0,0,0
150.129,1.0000,0,0,0,0
150.167,1.0000,0,0,0,0
150.202,1.0000,0,0,0,0
150.224,1.0000,0,0,0,0
150.269,1.0000,0,0,0,0
150.300,1.0000,0,0,0,0
150.336,1.0000,0,0,0,0
150.357,1.0000,0,0,0,0
150.402,1.0000,0,0,0,0
150.426,1.0000,0,0,0,0
150.466,1.0000,0,0,0,0
150.490,1.0000,0,0,0,0
150.535,1.0000,0,0,0,0
150.565,1.0000,0,0,0,0
150.600,1.0000,0,0,0,0
150.635,1.0000,0,0,0,0
150.665,1.0000,0,0,0,0
150.698,1.0000,0,0,0,0
150.735,1.0000,0,0,0,0
150.765,1.0000,0,0,0,0
150.798,1.0000,0,0,0,0
150.835,1.0000,0,0,0,0
150.868,1.0000,0,0,0,0
150.900,1.0000,0,0,0,0
150.932,1.0000,0,0,0,0
150.967,1.0000,0,0,0,0
151.001,1.0000,0,0,0,0
151.033,1.0000,0,0,0,0
151.065,1.0000,0,0,0,0
151.100,1.0000,0,0,0,0
151.132,1.0000,0,0,0,0
151.170,1.0000,0,0,0,0
151.199,1.0000,0,0,0,0
151.234,1.0000,0,0,0,0
151.267,1.0000,0,0,0,0
151.302,1.0000,0,0,0,0
151.335,1.0000,0,0,0,0
151.368,1.0000,0,0,0,0
151.402,1.0000,0,0,0,0
151.434,1.0000,0,0,0,0
151.467,1.0000,0,0,0,0
151.502,1.0000,0,0,0,0
151.534,1.0000,0,0,0,0
151.569,1.0000,0,0,0,0
151.599,1.0000,0,0,0,0
151.633,1.0000,0,0,0,0
151.665,1.0000,0,0,0,0
151.698,1.0000,0,0,0,0
151.736,1.0000,0,0,0,0
151.766,1.0000,0,0,0,0
151.800,1.0000,0,0,0,0
151.833,1.0000,0,0,0,0
151.866,1.0000,0,0,0,0
151.900,1.0000,0,0,0,0
151.933,1.0000,0,0,0,0
151.968,1.0000,0,0,0,0
152.002,1.0000,0,0,0,0
152.034,1.0000,0,0,0,0
152.067,1.0000,0,0,0,0
152.102,1.0000,0,0,0,0
152.131,1.0000,0,0,0,0
152.170,1.0000,0,0,0,0
152.201,1.0000,0,0,0,0
152.234,1.0000,0,0,0,0
152.265,1.0000,0,0,0,0
152.301,1.0000,0,0,0,0
152.333,1.0000,0,0,0,0
152.367,1.0000,0,0,0,0
152.401,1.0000,0,0,0,0
152.433,1.0000,0,0,0,0
152.466,1.0000,0,0,0,0
152.504,1.0000,0,0,0,0
152.534,1.0000,0,0,0,0
152.567,1.0000,0,0,0,0
152.589,1.0000,0,0,0,0
152.635,1.0000,0,0,0,0
152.666,1.0000,0,0,0,0
152.702,1.0000,0,0,0,0
152.734,1.0000,0,0,0,0
152.766,1.0000,0,0,0,0
152.800,1.0000,0,0,0,0
152.834,1.0000,0,0,0,0
152.866,1.0000,0,0,0,0
152.900,1.0000,0,0,0,0
152.934,1.0000,0,0,0,0
152.968,1.0000,0,0,0,0
153.000,1.0000,0,0,0,0
153.033,1.0000,0,0,0,0
153.066,1.0000,0,0,0,0
153.100,1.0000,0,0,0,0
153.132,1.0000,0,0,0,0
153.166,1.0000,0,0,0,0
153.199,1.0000,0,0,0,0
153.235,1.0000,0,0,0,0
153.267,1.0000,0,0,0,0
153.301,1.0000,0,0,0,0
153.332,1.0000,0,0,0,0
153.369,1.0000,0,0,0,0
153.398,1.0000,0,0,0,0
153.437,1.0000,0,0,0,0
153.458,1.0000,0,0,0,0
153.497,1.0000,0,0,0,0
153.536,1.0000,0,0,0,0
153.559,1.0000,0,0,0,0
153.603,1.0000,0,0,0,0
153.625,1.0000,0,0,0,0
153.667,1.0000,0,0,0,0
153.698,1.0000,0,0,0,0
153.735,1.0000,0,0,0,0
153.770,1.0000,0,0,0,0
153.798,1.0000,0,0,0,0
153.836,1.0000,0,0,0,0
153.858,1.0000,0,0,0,0
153.903,1.0000,0,0,0,0
153.928,1.0000,0,0,0,0
153.971,1.0000,0,0,0,0
153.994,1.0000,0,0,0,0
154.035,1.0000,0,0,0,0
154.058,1.0000,0,0,0,0
154.103,1.0000,0,0,0,0
154.127,1.0000,0,0,0,0
154.165,1.0000,0,0,0,0
154.204,1.0000,0,0,0,0
154.233,1.0000,0,0,0,0
154.265,1.0000,0,0,0,0
154.299,1.0000,0,0,0,0
154.336,1.0000,0,0,0,0
154.369,1.0000,0,0,0,0
154.397,1.0000,0,0,0,0
154.434,1.0000,0,0,0,0
154.457,1.0000,0,0,0,0
154.497,1.0000,0,0,0,0
154.540,1.0000,0,0,0,0
154.570,1.0000,0,0,0,0
154.602,1.0000,0,0,0,0
154.635,1.0000,0,0,0,0
154.667,1.0000,0,0,0,0
154.701,1.0000,0,0,0,0
154.734,1.0000,0,0,0,0
154.766,1.0000,0,0,0,0
154.803,1.0000,0,0,0,0
154.835,1.0000,0,0,0,0
154.868,1.0000,0,0,0,0
154.892,1.0000,0,0,0,0
154.935,1.0000,0,0,0,0
154.958,1.0000,0,0,0,0
155.000,1.0000,0,0,0,0
155.035,1.0000,0,0,0,0
155.067,1.0000,0,0,0,0
155.100,1.0000,0,0,0,0
155.133,1.0000,0,0,0,0
155.167,1.0000,0,0,0,0
155.201,1.0000,0,0,0,0
155.234,1.0000,0,0,0,0
155.268,1.0000,0,0,0,0
155.301,1.0000,0,0,0,0
155.332,1.0000,0,0,0,0
155.368,1.0000,0,0,0,0
155.398,1.0000,0,0,0,0
155.435,1.0000,0,0,0,0
155.467,1.0000,0,0,0,0
155.498,1.0000,0,0,0,0
155.532,1.0000,0,0,0,0
155.569,1.0000,0,0,0,0
155.603,1.0000,0,0,0,0
155.632,1.0000,0,0,0,0
155.665,1.0000,0,0,0,0
155.701,1.0000,0,0,0,0
155.734,1.0000,0,0,0,0
155.765,1.0000,0,0,0,0
155.799,1.0000,0,0,0,0
155.833,1.0000,0,0,0,0
155.870,1.0000,0,0,0,0
155.898,1.0000,0,0,0,0
155.938,1.0000,0,0,0,0
155.964,1.0000,0,0,0,0
155.994,1.0000,0,0,0,0
156.038,1.0000,0,0,0,0
156.064,1.0000,0,0,0,0
156.091,1.0000,0,0,0,0
156.134,1.0000,0,0,0,0
156.167,1.0000,0,0,0,0
156.199,1.0000,0,0,0,0
156.234,1.0000,0,0,0,0
156.259,1.0000,0,0,0,0
156.307,1.0000,0,0,0,0
156.339,1.0000,0,0,0,0
156.364,1.0000,0,0,0,0
156.389,1.0000,0,0,0,0
156.435,1.0000,0,0,0,0
156.465,1.0000,0,0,0,0
156.500,1.0000,0,0,0,0
156.535,1.0000,0,0,0,0
156.568,1.0000,0,0,0,0
156.602,1.0000,0,0,0,0
156.634,1.0000,0,0,0,0
156.665,1.0000,0,0,0,0
156.699,1.0000,0,0,0,0
156.735,1.0000,0,0,0,0
156.765,1.0000,0,0,0,0
156.801,1.0000,0,0,0,0
156.835,1.0000,0,0,0,0
156.869,1.0000,0,0,0,0
156.899,1.0000,0,0,0,0
156.932,1.0000,0,0,0,0
156.967,1.0000,0,0,0,0
157.000,1.0000,0,0,0,0
157.032,1.0000,0,0,0,0
157.065,1.0000,0,0,0,0
157.103,1.0000,0,0,0,0
157.138,1.0000,0,0,0,0
157.169,1.0000,0,0,0,0
157.195,1.0000,0,0,0,0
157.229,1.0000,0,0,0,0
157.255,1.0000,0,0,0,0
157.295,1.0000,0,0,0,0
157.321,1.0000,0,0,0,0
157.368,1.0000,0,0,0,0
157.396,1.0000,0,0,0,0
157.434,1.0000,0,0,0,0
157.466,1.0000,0,0,0,0
157.502,1.0000,0,0,0,0
157.536,1.0000,0,0,0,0
157.569,1.0000,0,0,0,0
157.593,1.0000,0,0,0,0
157.638,1.0000,0,0,0,0
157.664,1.0000,0,0,0,0
157.694,1.0000,0,0,0,0
157.722,1.0000,0,0,0,0
157.768,1.0000,0,0,0,0
157.790,1.0000,0,0,0,0
157.832,1.0000,0,0,0,0
157.868,1.0000,0,0,0,0
157.902,1.0000,0,0,0,0
157.935,1.0000,0,0,0,0
157.965,1.0000,0,0,0,0
157.998,1.0000,0,0,0,0
158.034,1.0000,0,0,0,0
158.057,1.0000,0,0,0,0
158.101,1.0000,0,0,0,0
158.133,1.0000,0,0,0,0
158.167,1.0000,0,0,0,0
158.200,1.0000,0,0,0,0
158.232,1.0000,0,0,0,0
158.266,1.0000,0,0,0,0
158.299,1.0000,0,0,0,0
158.332,1.0000,0,0,0,0
158.365,1.0000,0,0,0,0
158.399,1.0000,0,0,0,0
158.432,1.0000,0,0,0,0
158.467,1.0000,0,0,0,0
158.502,1.0000,0,0,0,0
158.536,1.0000,0,0,0,0
158.566,1.0000,0,0,0,0
158.600,1.0000,0,0,0,0
158.633,1.0000,0,0,0,0
158.666,1.0000,0,0,0,0
158.702,1.0000,0,0,0,0
158.732,1.0000,0,0,0,0
158.767,1.0000,0,0,0,0
158.802,1.0000,0,0,0,0
158.834,1.0000,0,0,0,0
158.867,1.0000,0,0,0,0
158.901,1.0000,0,0,0,0
158.936,1.0000,0,0,0,0
158.968,1.0000,0,0,0,0
159.000,1.0000,0,0,0,0
159.035,1.0000,0,0,0,0
159.068,1.0000,0,0,0,0
159.102,1.0000,0,0,0,0
159.132,1.0000,0,0,0,0
159.165,1.0000,0,0,0,0
159.200,1.0000,0,0,0,0
159.231,1.0000,0,0,0,0
159.268,1.0000,0,0,0,0
159.302,1.0000,0,0,0,0
159.332,1.0000,0,0,0,0
159.365,1.0000,0,0,0,0
159.401,1.0000,0,0,0,0
159.433,1.0000,0,0,0,0
159.466,1.0000,0,0,0,0
159.500,1.0000,0,0,0,0
159.534,1.0000,0,0,0,0
159.569,1.0000,0,0,0,0
159.601,1.0000,0,0,0,0
159.635,1.0000,0,0,0,0
159.667,1.0000,0,0,0,0
159.701,1.0000,0,0,0,0
159.732,1.0000,0,0,0,0
159.767,1.0000,0,0,0,0
159.801,1.0000,0,0,0,0
159.835,1.0000,0,0,0,0
159.866,1.0000,0,0,0,0
159.899,1.0000,0,0,0,0
159.934,1.0000,0,0,0,0
159.966,1.0000,0,0,0,0
160.003,1.0000,0,0,0,0
160.036,1.0000,0,0,0,0
160.068,1.0000,0,0,0,0
160.098,1.0000,0,0,0,0
160.133,1.0000,0,0,0,0
160.164,1.0000,0,0,0,0
160.202,1.0000,0,0,0,0
160.224,1.0000,0,0,0,0
160.267,1.0000,0,0,0,0
160.300,1.0000,0,0,0,0
160.335,1.0000,0,0,0,0
160.369,1.0000,0,0,0,0
160.401,1.0000,0,0,0,0
160.434,1.0000,0,0,0,0
160.467,1.0000,0,0,0,0
160.502,1.0000,0,0,0,0
160.534,1.0000,0,0,0,0
160.567,1.0000,0,0,0,0
160.599,1.0000,0,0,0,0
160.632,1.0000,0,0,0,0
160.666,1.0000,0,0,0,0
160.700,1.0000,0,0,0,0
160.736,1.0000,0,0,0,0
160.768,1.0000,0,0,0,0
160.800,1.0000,0,0,0,0
160.833,1.0000,0,0,0,0
160.866,1.0000,0,0,0,0
160.900,1.0000,0,0,0,0
160.934,1.0000,0,0,0,0
160.967,1.0000,0,0,0,0
161.000,1.0000,0,0,0,0
161.035,1.0000,0,0,0,0
161.068,1.0000,0,0,0,0
161.102,1.0000,0,0,0,0
161.136,1.0000,0,0,0,0
161.168,1.0000,0,0,0,0
161.201,1.0000,0,0,0,0
161.234,1.0000,0,0,0,0
161.265,1.0000,0,0,0,0
161.299,1.0000,0,0,0,0
161.335,1.0000,0,0,0,0
161.369,1.0000,0,0,0,0
161.398,1.0000,0,0,0,0
161.432,1.0000,0,0,0,0
161.467,1.0000,0,0,0,0
161.502,1.0000,0,0,0,0
161.532,1.0000,0,0,0,0
161.567,1.0000,0,0,0,0
161.602,1.0000,0,0,0,0
161.632,1.0000,0,0,0,0
161.666,1.0000,0,0,0,0
161.698,1.0000,0,0,0,0
161.736,1.0000,0,0,0,0
161.771,1.0000,0,0,0,0
161.797,1.0000,0,0,0,0
161.836,1.0000,0,0,0,0
161.865,1.0000,0,0,0,0
161.903,1.0000,0,0,0,0
161.931,1.0000,0,0,0,0
161.970,1.0000,0,0,0,0
161.991,1.0000,0,0,0,0
162.031,1.0000,0,0,0,0
162.071,1.0000,0,0,0,0
162.098,1.0000,0,0,0,0
162.131,1.0000,0,0,0,0
162.167,1.0000,0,0,0,0
162.199,1.0000,0,0,0,0
162.234,1.0000,0,0,0,0
162.268,1.0000,0,0,0,0
162.299,1.0000,0,0,0,0
162.335,1.0000,0,0,0,0
162.365,1.0000,0,0,0,0
162.400,1.0000,0,0,0,0
162.433,1.0000,0,0,0,0
162.466,1.0000,0,0,0,0
162.501,1.0000,0,0,0,0
162.532,1.0000,0,0,0,0
162.568,1.0000,0,0,0,0
162.599,1.0000,0,0,0,0
162.635,1.0000,0,0,0,0
162.666,1.0000,0,0,0,0
162.700,1.0000,0,0,0,0
162.734,1.0000,0,0,0,0
162.764,1.0000,0,0,0,0
162.801,1.0000,0,0,0,0
162.836,1.0000,0,0,0,0
162.864,1.0000,0,0,0,0
162.902,1.0000,0,0,0,0
162.933,1.0000,0,0,0,0
162.970,1.0000,0,0,0,0
163.001,1.0000,0,0,0,0
163.031,1.0000,0,0,0,0
163.066,1.0000,0,0,0,0
163.101,1.0000,0,0,0,0
163.135,1.0000,0,0,0,0
163.168,1.0000,0,0,0,0
163.197,1.0000,0,0,0,0
163.235,1.0000,0,0,0,0
163.266,1.0000,0,0,0,0
163.300,1.0000,0,0,0,0
163.336,1.0000,0,0,0,0
163.370,1.0000,0,0,0,0
163.401,1.0000,0,0,0,0
163.434,1.0000,0,0,0,0
163.470,1.0000,0,0,0,0
163.503,1.0000,0,0,0,0
163.535,1.0000,0,0,0,0
163.566,1.0000,0,0,0,0
163.601,1.0000,0,0,0,0
163.635,1.0000,0,0,0,0
163.669,1.0000,0,0,0,0
163.702,1.0000,0,0,0,0
163.736,1.0000,0,0,0,0
163.769,1.0000,0,0,0,0
163.798,1.0000,0,0,0,0
163.833,1.0000,0,0,0,0
163.869,1.0000,0,0,0,0
163.899,1.0000,0,0,0,0
163.935,1.0000,0,0,0,0
163.967,1.0000,0,0,0,0
163.998,1.0000,0,0,0,0
164.035,1.0000,0,0,0,0
164.067,1.0000,0,0,0,0
164.099,1.0000,0,0,0,0
164.135,1.0000,0,0,0,0
164.165,1.0000,0,0,0,0
164.200,1.0000,0,0,0,0
164.236,1.0000,0,0,0,0
164.270,1.0000,0,0,0,0
164.299,1.0000,0,0,0,0
164.332,1.0000,0,0,0,0
164.367,1.0000,0,0,0,0
164.402,1.0000,0,0,0,0
164.431,1.0000,0,0,0,0
164.465,1.0000,0,0,0,0
164.500,1.0000,0,0,0,0
164.536,1.0000,0,0,0,0
164.569,1.0000,0,0,0,0
164.598,1.0000,0,0,0,0
164.632,1.0000,0,0,0,0
164.667,1.0000,0,0,0,0
164.702,1.0000,0,0,0,0
164.732,1.0000,0,0,0,0
164.765,1.0000,0,0,0,0
164.800,1.0000,0,0,0,0
164.834,1.0000,0,0,0,0
164.865,1.0000,0,0,0,0
164.899,1.0000,0,0,0,0
164.933,1.0000,0,0,0,0
164.968,1.0000,0,0,0,0
164.998,1.0000,0,0,0,0
165.032,1.0000,0,0,0,0
165.068,1.0000,0,0,0,0
165.098,1.0000,0,0,0,0
165.135,1.0000,0,0,0,0
165.169,1.0000,0,0,0,0
165.199,1.0000,0,0,0,0
165.231,1.0000,0,0,0,0
165.266,1.0000,0,0,0,0
165.300,1.0000,0,0,0,0
165.334,1.0000,0,0,0,0
165.368,1.0000,0,0,0,0
165.402,1.0000,0,0,0,0
165.436,1.0000,0,0,0,0
165.469,1.0000,0,0,0,0
165.502,1.0000,0,0,0,0
165.531,1.0000,0,0,0,0
165.564,1.0000,0,0,0,0
165.599,1.0000,0,0,0,0
165.634,1.0000,0,0,0,0
165.667,1.0000,0,0,0,0
165.700,1.0000,0,0,0,0
165.735,1.0000,0,0,0,0
165.767,1.0000,0,0,0,0
165.800,1.0000,0,0,0,0
165.832,1.0000,0,0,0,0
165.866,1.0000,0,0,0,0
165.902,1.0000,0,0,0,0
165.934,1.0000,0,0,0,0
165.966,1.0000,0,0,0,0
165.998,1.0000,0,0,0,0
166.036,1.0000,0,0,0,0
166.066,1.0000,0,0,0,0
166.097,1.0000,0,0,0,0
166.134,1.0000,0,0,0,0
166.166,1.0000,0,0,0,0
166.198,1.0000,0,0,0,0
166.234,1.0000,0,0,0,0
166.264,1.0000,0,0,0,0
166.300,1.0000,0,0,0,0
166.335,1.0000,0,0,0,0
166.368,1.0000,0,0,0,0
166.401,1.0000,0,0,0,0
166.434,1.0000,0,0,0,0
166.466,1.0000,0,0,0,0
166.502,1.0000,0,0,0,0
166.533,1.0000,0,0,0,0
166.565,1.0000,0,0,0,0
166.597,1.0000,0,0,0,0
166.631,1.0000,0,0,0,0
166.666,1.0000,0,0,0,0
166.702,1.0000,0,0,0,0
166.732,1.0000,0,0,0,0
166.769,1.0000,0,0,0,0
166.798,1.0000,0,0,0,0
166.832,1.0000,0,0,0,0
166.868,1.0000,0,0,0,0
166.902,1.0000,0,0,0,0
166.930,1.0000,0,0,0,0
166.965,1.0000,0,0,0,0
167.002,1.0000,0,0,0,0
167.031,1.0000,0,0,0,0
167.066,1.0000,0,0,0,0
167.101,1.0000,0,0,0,0
167.135,1.0000,0,0,0,0
167.168,1.0000,0,0,0,0
167.202,1.0000,0,0,0,0
167.236,1.0000,0,0,0,0
167.269,1.0000,0,0,0,0
167.297,1.0000,0,0,0,0
167.336,1.0000,0,0,0,0
167.364,1.0000,0,0,0,0
167.402,1.0000,0,0,0,0
167.436,1.0000,0,0,0,0
167.465,1.0000,0,0,0,0
167.500,1.0000,0,0,0,0
167.535,1.0000,0,0,0,0
167.564,1.0000,0,0,0,0
167.599,1.0000,0,0,0,0
167.635,1.0000,0,0,0,0
167.668,1.0000,0,0,0,0
167.699,1.0000,0,0,0,0
167.733,1.0000,0,0,0,0
167.768,1.0000,0,0,0,0
167.801,1.0000,0,0,0,0
167.835,1.0000,0,0,0,0
167.868,1.0000,0,0,0,0
167.902,1.0000,0,0,0,0
167.931,1.0000,0,0,0,0
167.965,1.0000,0,0,0,0
168.001,1.0000,0,0,0,0
168.035,1.0000,0,0,0,0
168.069,1.0000,0,0,0,0
168.098,1.0000,0,0,0,0
168.132,1.0000,0,0,0,0
168.168,1.0000,0,0,0,0
168.198,1.0000,0,0,0,0
168.235,1.0000,0,0,0,0
168.265,1.0000,0,0,0,0
168.299,1.0000,0,0,0,0
168.334,1.0000,0,0,0,0
168.368,1.0000,0,0,0,0
168.400,1.0000,0,0,0,0
168.434,1.0000,0,0,0,0
168.468,1.0000,0,0,0,0
168.503,1.0000,0,0,0,0
168.526,1.0000,0,0,0,0
168.568,1.0000,0,0,0,0
168.590,1.0000,0,0,0,0
168.631,1.0000,0,0,0,0
168.666,1.0000,0,0,0,0
168.702,1.0000,0,0,0,0
168.737,1.0000,0,0,0,0
168.766,1.0000,0,0,0,0
168.799,1.0000,0,0,0,0
168.843,1.0000,0,0,0,0
168.882,1.0000,0,0,0,0
168.908,1.0000,0,0,0,0
168.943,1.0000,0,0,0,0
168.972,1.0000,0,0,0,0
169.008,1.0000,0,0,0,0
169.039,1.0000,0,0,0,0
169.073,1.0000,0,0,0,0
169.109,1.0000,0,0,0,0
169.138,1.0000,0,0,0,0
169.162,1.0000,0,0,0,0
169.204,1.0000,0,0,0,0
169.240,1.0000,0,0,0,0
169.275,1.0000,0,0,0,0
169.306,1.0000,0,0,0,0
169.342,1.0000,0,0,0,0
169.374,1.0000,0,0,0,0
169.404,1.0000,0,0,0,0
169.442,1.0000,0,0,0,0
169.472,1.0000,0,0,0,0
169.507,1.0000,0,0,0,0
169.541,1.0000,0,0,0,0
169.574,1.0000,0,0,0,0
169.609,1.0000,0,0,0,0
169.643,1.0000,0,0,0,0
169.675,1.0000,0,0,0,0
169.708,1.0000,0,0,0,0
169.743,1.0000,0,0,0,0
169.773,1.0000,0,0,0,0
169.806,1.0000,0,0,0,0
169.839,1.0000,0,0,0,0
169.875,1.0000,0,0,0,0
169.908,1.0000,0,0,0,0
169.940,1.0000,0,0,0,0
169.976,1.0000,0,0,0,0
170.007,1.0000,0,0,0,0
170.040,1.0000,0,0,0,0
170.074,1.0000,0,0,0,0
170.107,1.0000,0,0,0,0
170.139,1.0000,0,0,0,0
170.174,1.0000,0,0,0,0
170.208,1.0000,0,0,0,0
170.241,1.0000,0,0,0,0
170.272,1.0000,0,0,0,0
170.307,1.0000,0,0,0,0
170.342,1.0000,0,0,0,0
170.374,1.0000,0,0,0,0
170.410,1.0000,0,0,0,0
170.439,1.0000,0,0,0,0
170.474,1.0000,0,0,0,0
170.506,1.0000,0,0,0,0
170.542,1.0000,0,0,0,0
170.574,1.0000,0,0,0,0
170.606,1.0000,0,0,0,0
170.643,1.0000,0,0,0,0
170.664,1.0000,0,0,0,0
170.709,1.0000,0,0,0,0
170.731,1.0000,0,0,0,0
170.776,1.0000,0,0,0,0
170.808,1.0000,0,0,0,0
170.841,1.0000,0,0,0,0
170.873,1.0000,0,0,0,0
170.906,1.0000,0,0,0,0
170.943,1.0000,0,0,0,0
170.969,1.0000,0,0,0,0
171.011,1.0000,0,0,0,0
171.033,1.0000,0,0,0,0
171.074,1.0000,0,0,0,0
171.107,1.0000,0,0,0,0
171.141,1.0000,0,0,0,0
171.176,1.0000,0,0,0,0
171.210,1.0000,0,0,0,0
171.242,1.0000,0,0,0,0
171.274,1.0000,0,0,0,0
171.306,1.0000,0,0,0,0
171.342,1.0000,0,0,0,0
171.367,1.0000,0,0,0,0
171.410,1.0000,0,0,0,0
171.442,1.0000,0,0,0,0
171.475,1.0000,0,0,0,0
171.508,1.0000,0,0,0,0
171.542,1.0000,0,0,0,0
171.573,1.0000,0,0,0,0
171.608,1.0000,0,0,0,0
171.641,1.0000,0,0,0,0
171.674,1.0000,0,0,0,0
171.706,1.0000,0,0,0,0
171.742,1.0000,0,0,0,0
171.776,1.0000,0,0,0,0
171.810,1.0000,0,0,0,0
171.841,1.0000,0,0,0,0
171.872,1.0000,0,0,0,0
171.911,1.0000,0,0,0,0
171.939,1.0000,0,0,0,0
171.974,1.0000,0,0,0,0
172.006,1.0000,0,0,0,0
172.042,1.0000,0,0,0,0
172.073,1.0000,0,0,0,0
172.109,1.0000,0,0,0,0
172.139,1.0000,0,0,0,0
172.175,1.0000,0,0,0,0
172.206,1.0000,0,0,0,0
172.243,1.0000,0,0,0,0
172.274,1.0000,0,0,0,0
172.309,1.0000,0,0,0,0
172.340,1.0000,0,0,0,0
172.374,1.0000,0,0,0,0
172.410,1.0000,0,0,0,0
172.440,1.0000,0,0,0,0
172.472,1.0000,0,0,0,0
172.510,1.0000,0,0,0,0
172.533,1.0000,0,0,0,0
172.574,1.0000,0,0,0,0
172.604,1.0000,0,0,0,0
172.639,1.0000,0,0,0,0
172.672,1.0000,0,0,0,0
172.706,1.0000,0,0,0,0
172.739,1.0000,0,0,0,0
172.773,1.0000,0,0,0,0
172.809,1.0000,0,0,0,0
172.833,1.0000,0,0,0,0
172.873,1.0000,0,0,0,0
172.911,1.0000,0,0,0,0
172.942,1.0000,0,0,0,0
172.976,1.0000,0,0,0,0
173.010,1.0000,0,0,0,0
173.040,1.0000,0,0,0,0
173.075,1.0000,0,0,0,0
173.109,1.0000,0,0,0,0
173.140,1.0000,0,0,0,0
173.174,1.0000,0,0,0,0
173.206,1.0000,0,0,0,0
173.239,1.0000,0,0,0,0
173.275,1.0000,0,0,0,0
173.309,1.0000,0,0,0,0
173.343,1.0000,0,0,0,0
173.376,1.0000,0,0,0,0
173.408,1.0000,0,0,0,0
173.442,1.0000,0,0,0,0
173.477,1.0000,0,0,0,0
173.508,1.0000,0,0,0,0
173.541,1.0000,0,0,0,0
173.574,1.0000,0,0,0,0
173.607,1.0000,0,0,0,0
173.641,1.0000,0,0,0,0
173.675,1.0000,0,0,0,0
173.708,1.0000,0,0,0,0
173.742,1.0000,0,0,0,0
173.776,1.0000,0,0,0,0
173.807,1.0000,0,0,0,0
173.839,1.0000,0,0,0,0
173.874,1.0000,0,0,0,0
173.907,1.0000,0,0,0,0
173.943,1.0000,0,0,0,0
173.975,1.0000,0,0,0,0
174.008,1.0000,0,0,0,0
174.041,1.0000,0,0,0,0
174.073,1.0000,0,0,0,0
174.106,1.0000,0,0,0,0
174.141,1.0000,0,0,0,0
174.176,1.0000,0,0,0,0
174.210,1.0000,0,0,0,0
174.244,1.0000,0,0,0,0
174.275,1.0000,0,0,0,0
174.307,1.0000,0,0,0,0
174.341,1.0000,0,0,0,0
174.376,1.0000,0,0,0,0
174.406,1.0000,0,0,0,0
174.442,1.0000,0,0,0,0
174.473,1.0000,0,0,0,0
174.512,1.0000,0,0,0,0
174.538,1.0000,0,0,0,0
174.575,1.0000,0,0,0,0
174.607,1.0000,0,0,0,0
174.640,1.0000,0,0,0,0
174.676,1.0000,0,0,0,0
174.709,1.0000,0,0,0,0
174.739,1.0000,0,0,0,0
174.775,1.0000,0,0,0,0
174.807,1.0000,0,0,0,0
174.840,1.0000,0,0,0,0
174.875,1.0000,0,0,0,0
174.907,1.0000,0,0,0,0
174.940,1.0000,0,0,0,0
174.978,1.0000,0,0,0,0
175.004,1.0000,0,0,0,0
175.047,1.0000,0,0,0,0
175.072,1.0000,0,0,0,0
175.120,1.0000,0,0,0,0
175.224,1.0000,0,0,0,0
175.253,1.0000,0,0,0,0
175.280,1.0000,0,0,0,0
175.312,1.0000,0,0,0,0
175.350,1.0000,0,0,0,0
175.380,1.0000,0,0,0,0
175.413,1.0000,0,0,0,0
175.444,1.0000,0,0,0,0
175.476,1.0000,0,0,0,0
175.512,1.0000,0,0,0,0
175.543,1.0000,0,0,0,0
175.580,1.0000,0,0,0,0
175.610,1.0000,0,0,0,0
175.644,1.0000,0,0,0,0
175.681,1.0000,0,0,0,0
175.714,1.0000,0,0,0,0
175.745,1.0000,0,0,0,0
175.780,1.0000,0,0,0,0
175.814,1.0000,0,0,0,0
175.844,1.0000,0,0,0,0
175.878,1.0000,0,0,0,0
175.913,1.0000,0,0,0,0
175.948,1.0000,0,0,0,0
175.979,1.0000,0,0,0,0
176.013,1.0000,0,0,0,0
176.044,1.0000,0,0,0,0
176.081,1.0000,0,0,0,0
176.112,1.0000,0,0,0,0
176.144,1.0000,0,0,0,0
176.178,1.0000,0,0,0,0
176.214,1.0000,0,0,0,0
176.244,1.0000,0,0,0,0
176.282,1.0000,0,0,0,0
176.313,1.0000,0,0,0,0
176.348,1.0000,0,0,0,0
176.379,1.0000,0,0,0,0
176.415,1.0000,0,0,0,0
176.447,1.0000,0,0,0,0
176.477,1.0000,0,0,0,0
176.515,1.0000,0,0,0,0
176.544,1.0000,0,0,0,0
176.577,1.0000,0,0,0,0
176.613,1.0000,0,0,0,0
176.644,1.0000,0,0,0,0
176.681,1.0000,0,0,0,0
176.713,1.0000,0,0,0,0
176.749,1.0000,0,0,0,0
176.779,1.0000,0,0,0,0
176.814,1.0000,0,0,0,0
176.838,1.0000,0,0,0,0
176.881,1.0000,0,0,0,0
176.903,1.0000,0,0,0,0
176.944,1.0000,0,0,0,0
176.979,1.0000,0,0,0,0
177.015,1.0000,0,0,0,0
177.045,1.0000,0,0,0,0
177.078,1.0000,0,0,0,0
177.114,1.0000,0,0,0,0
177.145,1.0000,0,0,0,0
177.181,1.0000,0,0,0,0
177.218,1.0000,0,0,0,0
177.247,1.0000,0,0,0,0
177.278,1.0000,0,0,0,0
177.312,1.0000,0,0,0,0
177.347,1.0000,0,0,0,0
177.380,1.0000,0,0,0,0
177.412,1.0000,0,0,0,0
177.445,1.0000,0,0,0,0
177.482,1.0000,0,0,0,0
177.512,1.0000,0,0,0,0
177.548,1.0000,0,0,0,0
177.580,1.0000,0,0,0,0
177.614,1.0000,0,0,0,0
177.646,1.0000,0,0,0,0
177.680,1.0000,0,0,0,0
177.713,1.0000,0,0,0,0
177.746,1.0000,0,0,0,0
177.780,1.0000,0,0,0,0
177.813,1.0000,0,0,0,0
177.847,1.0000,0,0,0,0
177.870,1.0000,0,0,0,0
177.912,1.0000,0,0,0,0
177.946,1.0000,0,0,0,0
177.981,1.0000,0,0,0,0
178.012,1.0000,0,0,0,0
178.049,1.0000,0,0,0,0
178.078,1.0000,0,0,0,0
178.114,1.0000,0,0,0,0
178.149,1.0000,0,0,0,0
178.180,1.0000,0,0,0,0
178.213,1.0000,0,0,0,0
178.246,1.0000,0,0,0,0
178.279,1.0000,0,0,0,0
178.311,1.0000,0,0,0,0
178.347,1.0000,0,0,0,0
178.382,1.0000,0,0,0,0
178.410,1.0000,0,0,0,0
178.447,1.0000,0,0,0,0
178.481,1.0000,0,0,0,0
178.513,1.0000,0,0,0,0
178.544,1.0000,0,0,0,0
178.580,1.0000,0,0,0,0
178.611,1.0000,0,0,0,0
178.646,1.0000,0,0,0,0
178.677,1.0000,0,0,0,0
178.711,1.0000,0,0,0,0
178.747,1.0000,0,0,0,0
178.781,1.0000,0,0,0,0
178.811,1.0000,0,0,0,0
178.847,1.0000,0,0,0,0
178.877,1.0000,0,0,0,0
178.915,1.0000,0,0,0,0
178.946,1.0000,0,0,0,0
178.978,1.0000,0,0,0,0
179.023,1.0000,0,0,0,0
179.046,1.0000,0,0,0,0
179.080,1.0000,0,0,0,0
179.111,1.0000,0,0,0,0
179.146,1.0000,0,0,0,0
179.179,1.0000,0,0,0,0
179.211,1.0000,0,0,0,0
179.247,1.0000,0,0,0,0
179.281,1.0000,0,0,0,0
179.310,1.0000,0,0,0,0
179.345,1.0000,0,0,0,0
179.377,1.0000,0,0,0,0
179.413,1.0000,0,0,0,0
179.446,1.0000,0,0,0,0
179.479,1.0000,0,0,0,0
179.513,1.0000,0,0,0,0
179.546,1.0000,0,0,0,0
179.578,1.0000,0,0,0,0
179.610,1.0000,0,0,0,0
179.645,1.0000,0,0,0,0
179.680,1.0000,0,0,0,0
179.711,1.0000,0,0,0,0
179.746,1.0000,0,0,0,0
179.779,1.0000,0,0,0,0
179.811,1.0000,0,0,0,0
179.848,1.0000,0,0,0,0
179.882,1.0000,0,0,0,0
179.910,1.0000,0,0,0,0
179.944,1.0000,0,0,0,0
179.979,1.0000,0,0,0,0
180.011,1.0000,0,0,0,0
180.044,1.0000,0,0,0,0
180.078,1.0000,0,0,0,0
180.112,1.0000,0,0,0,0
180.145,1.0000,0,0,0,0
180.177,1.0000,0,0,0,0
180.214,1.0000,0,0,0,0
180.250,1.0000,0,0,0,0
180.280,1.0000,0,0,0,0
180.311,1.0000,0,0,0,0
180.345,1.0000,0,0,0,0
180.383,1.0000,0,0,0,0
180.411,1.0000,0,0,0,0
180.445,1.0000,0,0,0,0
180.482,1.0000,0,0,0,0
180.511,1.0000,0,0,0,0
180.546,1.0000,0,0,0,0
180.580,1.0000,0,0,0,0
180.611,1.0000,0,0,0,0
180.644,1.0000,0,0,0,0
180.680,1.0000,0,0,0,0
180.715,1.0000,0,0,0,0
180.747,1.0000,0,0,0,0
180.779,1.0000,0,0,0,0
180.812,1.0000,0,0,0,0
180.845,1.0000,0,0,0,0
180.878,1.0000,0,0,0,0
180.910,1.0000,0,0,0,0
180.948,1.0000,0,0,0,0
180.981,1.0000,0,0,0,0
181.013,1.0000,0,0,0,0
181.046,1.0000,0,0,0,0
181.079,1.0000,0,0,0,0
181.113,1.0000,0,0,0,0
181.146,1.0000,0,0,0,0
181.179,1.0000,0,0,0,0
181.210,1.0000,0,0,0,0
181.247,1.0000,0,0,0,0
181.278,1.0000,0,0,0,0
181.313,1.0000,0,0,0,0
181.346,1.0000,0,0,0,0
181.376,1.0000,0,0,0,0
181.412,1.0000,0,0,0,0
181.444,1.0000,0,0,0,0
181.478,1.0000,0,0,0,0
181.512,1.0000,0,0,0,0
181.548,1.0000,0,0,0,0
181.579,1.0000,0,0,0,0
181.612,1.0000,0,0,0,0
181.646,1.0000,0,0,0,0
181.678,1.0000,0,0,0,0
181.707,1.0000,0,0,0,0
181.749,1.0000,0,0,0,0
181.782,1.0000,0,0,0,0
181.804,1.0000,0,0,0,0
181.844,1.0000,0,0,0,0
181.877,1.0000,0,0,0,0
181.911,1.0000,0,0,0,0
181.947,1.0000,0,0,0,0
181.981,1.0000,0,0,0,0
182.014,1.0000,0,0,0,0
182.043,1.0000,0,0,0,0
182.078,1.0000,0,0,0,0
182.114,1.0000,0,0,0,0
182.147,1.0000,0,0,0,0
182.180,1.0000,0,0,0,0
182.210,1.0000,0,0,0,0
182.247,1.0000,0,0,0,0
182.279,1.0000,0,0,0,0
182.314,1.0000,0,0,0,0
182.343,1.0000,0,0,0,0
182.379,1.0000,0,0,0,0
182.415,1.0000,0,0,0,0
182.445,1.0000,0,0,0,0
182.479,1.0000,0,0,0,0
182.516,1.0000,0,0,0,0
182.539,1.0000,0,0,0,0
182.579,1.0000,0,0,0,0
182.613,1.0000,0,0,0,0
182.639,1.0000,0,0,0,0
182.677,1.0000,0,0,0,0
182.712,1.0000,0,0,0,0
182.744,1.0000,0,0,0,0
182.783,1.0000,0,0,0,0
182.810,1.0000,0,0,0,0
182.846,1.0000,0,0,0,0
182.877,1.0000,0,0,0,0
182.913,1.0000,0,0,0,0
182.948,1.0000,0,0,0,0
182.977,1.0000,0,0,0,0
183.011,1.0000,0,0,0,0
183.045,1.0000,0,0,0,0
183.079,1.0000,0,0,0,0
183.113,1.0000,0,0,0,0
183.147,1.0000,0,0,0,0
183.180,1.0000,0,0,0,0
183.213,1.0000,0,0,0,0
183.244,1.0000,0,0,0,0
183.278,1.0000,0,0,0,0
183.310,1.0000,0,0,0,0
183.347,1.0000,0,0,0,0
183.372,1.0000,0,0,0,0
183.411,1.0000,0,0,0,0
183.444,1.0000,0,0,0,0
183.468,1.0000,0,0,0,0
183.511,1.0000,0,0,0,0
183.551,1.0000,0,0,0,0
183.570,1.0000,0,0,0,0
183.615,1.0000,0,0,0,0
183.647,1.0000,0,0,0,0
183.679,1.0000,0,0,0,0
183.713,1.0000,0,0,0,0
183.744,1.0000,0,0,0,0
183.781,1.0000,0,0,0,0
183.813,1.0000,0,0,0,0
183.844,1.0000,0,0,0,0
183.879,1.0000,0,0,0,0
183.913,1.0000,0,0,0,0
183.945,1.0000,0,0,0,0
183.979,1.0000,0,0,0,0
184.012,1.0000,0,0,0,0
184.047,1.0000,0,0,0,0
184.078,1.0000,0,0,0,0
184.110,1.0000,0,0,0,0
184.144,1.0000,0,0,0,0
184.178,1.0000,0,0,0,0
184.210,1.0000,0,0,0,0
184.245,1.0000,0,0,0,0
184.279,1.0000,0,0,0,0
184.315,1.0000,0,0,0,0
184.344,1.0000,0,0,0,0
184.380,1.0000,0,0,0,0
184.414,1.0000,0,0,0,0
184.449,1.0000,0,0,0,0
184.478,1.0000,0,0,0,0
184.510,1.0000,0,0,0,0
184.546,1.0000,0,0,0,0
184.581,1.0000,0,0,0,0
184.615,1.0000,0,0,0,0
184.648,1.0000,0,0,0,0
184.680,1.0000,0,0,0,0
184.713,1.0000,0,0,0,0
184.744,1.0000,0,0,0,0
184.780,1.0000,0,0,0,0
184.811,1.0000,0,0,0,0
184.849,1.0000,0,0,0,0
184.881,1.0000,0,0,0,0
184.902,1.0000,0,0,0,0
184.945,1.0000,0,0,0,0
185.015,1.0000,0,0,0,0
185.080,1.0000,0,0,0,0
185.100,1.0000,0,0,0,0
185.123,1.0000,0,0,0,0
185.157,1.0000,0,0,0,0
185.190,1.0000,0,0,0,0
185.222,1.0000,0,0,0,0
185.256,1.0000,0,0,0,0
185.289,1.0000,0,0,0,0
185.321,1.0000,0,0,0,0
185.350,1.0000,0,0,0,0
185.382,1.0000,0,0,0,0
185.419,1.0000,0,0,0,0
185.451,1.0000,0,0,0,0
185.479,1.0000,0,0,0,0
185.527,1.0000,0,0,0,0
185.557,1.0000,0,0,0,0
185.593,1.0000,0,0,0,0
185.628,1.0000,0,0,0,0
185.662,1.0000,0,0,0,0
185.693,1.0000,0,0,0,0
185.726,1.0000,0,0,0,0
185.762,1.0000,0,0,0,0
185.790,1.0000,0,0,0,0
185.818,1.0000,0,0,0,0
185.863,1.0000,0,0,0,0
185.894,1.0000,0,0,0,0
185.925,1.0000,0,0,0,0
185.960,1.0000,0,0,0,0
185.995,1.0000,0,0,0,0
186.026,1.0000,0,0,0,0
186.064,1.0000,0,0,0,0
186.091,1.0000,0,0,0,0
186.123,1.0000,0,0,0,0
186.165,1.0000,0,0,0,0
186.190,1.0000,0,0,0,0
186.225,1.0000,0,0,0,0
186.258,1.0000,0,0,0,0
186.291,1.0000,0,0,0,0
186.328,1.0000,0,0,0,0
186.358,1.0000,0,0,0,0
186.391,1.0000,0,0,0,0
186.424,1.0000,0,0,0,0
186.456,1.0000,0,0,0,0
186.490,1.0000,0,0,0,0
186.525,1.0000,0,0,0,0
186.562,1.0000,0,0,0,0
186.592,1.0000,0,0,0,0
186.629,1.0000,0,0,0,0
186.658,1.0000,0,0,0,0
186.696,1.0000,0,0,0,0
186.728,1.0000,0,0,0,0
186.762,1.0000,0,0,0,0
186.793,1.0000,0,0,0,0
186.824,1.0000,0,0,0,0
186.861,1.0000,0,0,0,0
186.894,1.0000,0,0,0,0
186.925,1.0000,0,0,0,0
186.957,1.0000,0,0,0,0
186.993,1.0000,0,0,0,0
187.024,1.0000,0,0,0,0
187.057,1.0000,0,0,0,0
187.091,1.0000,0,0,0,0
187.131,1.0000,0,0,0,0
187.158,1.0000,0,0,0,0
187.193,1.0000,0,0,0,0
187.228,1.0000,0,0,0,0
187.260,1.0000,0,0,0,0
187.291,1.0000,0,0,0,0
187.325,1.0000,0,0,0,0
187.360,1.0000,0,0,0,0
187.398,1.0000,0,0,0,0
187.423,1.0000,0,0,0,0
187.458,1.0000,0,0,0,0
187.492,1.0000,0,0,0,0
187.527,1.0000,0,0,0,0
187.563,1.0000,0,0,0,0
187.596,1.0000,0,0,0,0
187.628,1.0000,0,0,0,0
187.661,1.0000,0,0,0,0
187.694,1.0000,0,0,0,0
187.727,1.0000,0,0,0,0
187.763,1.0000,0,0,0,0
187.791,1.0000,0,0,0,0
187.825,1.0000,0,0,0,0
187.860,1.0000,0,0,0,0
187.894,1.0000,0,0,0,0
187.924,1.0000,0,0,0,0
187.958,1.0000,0,0,0,0
187.992,1.0000,0,0,0,0
188.028,1.0000,0,0,0,0
188.057,1.0000,0,0,0,0
188.091,1.0000,0,0,0,0
188.126,1.0000,0,0,0,0
188.161,1.0000,0,0,0,0
188.193,1.0000,0,0,0,0
188.228,1.0000,0,0,0,0
188.258,1.0000,0,0,0,0
188.292,1.0000,0,0,0,0
188.326,1.0000,0,0,0,0
188.360,1.0000,0,0,0,0
188.395,1.0000,0,0,0,0
188.429,1.0000,0,0,0,0
188.462,1.0000,0,0,0,0
188.495,1.0000,0,0,0,0
188.516,1.0000,0,0,0,0
188.559,1.0000,0,0,0,0
188.583,1.0000,0,0,0,0
188.624,1.0000,0,0,0,0
188.662,1.0000,0,0,0,0
188.695,1.0000,0,0,0,0
188.724,1.0000,0,0,0,0
188.758,1.0000,0,0,0,0
188.792,1.0000,0,0,0,0
188.824,1.0000,0,0,0,0
188.860,1.0000,0,0,0,0
188.892,1.0000,0,0,0,0
188.926,1.0000,0,0,0,0
188.961,1.0000,0,0,0,0
188.994,1.0000,0,0,0,0
189.028,1.0000,0,0,0,0
189.062,1.0000,0,0,0,0
189.092,1.0000,0,0,0,0
189.127,1.0000,0,0,0,0
189.161,1.0000,0,0,0,0
189.184,1.0000,0,0,0,0
189.224,1.0000,0,0,0,0
189.249,1.0000,0,0,0,0
189.292,1.0000,0,0,0,0
189.315,1.0000,0,0,0,0
189.361,1.0000,0,0,0,0
189.383,1.0000,0,0,0,0
189.428,1.0000,0,0,0,0
189.449,1.0000,0,0,0,0
189.494,1.0000,0,0,0,0
189.528,1.0000,0,0,0,0
189.559,1.0000,0,0,0,0
189.594,1.0000,0,0,0,0
189.628,1.0000,0,0,0,0
189.657,1.0000,0,0,0,0
189.692,1.0000,0,0,0,0
189.729,1.0000,0,0,0,0
189.760,1.0000,0,0,0,0
189.791,1.0000,0,0,0,0
189.826,1.0000,0,0,0,0
189.860,1.0000,0,0,0,0
189.892,1.0000,0,0,0,0
189.930,1.0000,0,0,0,0
189.961,1.0000,0,0,0,0
189.991,1.0000,0,0,0,0
190.026,1.0000,0,0,0,0
190.057,1.0000,0,0,0,0
190.092,1.0000,0,0,0,0
190.129,1.0000,0,0,0,0
190.161,1.0000,0,0,0,0
190.200,1.0000,0,0,0,0
190.226,1.0000,0,0,0,0
190.260,1.0000,0,0,0,0
190.293,1.0000,0,0,0,0
190.325,1.0000,0,0,0,0
190.357,1.0000,0,0,0,0
190.393,1.0000,0,0,0,0
190.426,1.0000,0,0,0,0
190.463,1.0000,0,0,0,0
190.491,1.0000,0,0,0,0
190.526,1.0000,0,0,0,0
190.558,1.0000,0,0,0,0
190.594,1.0000,0,0,0,0
190.627,1.0000,0,0,0,0
190.660,1.0000,0,0,0,0
190.695,1.0000,0,0,0,0
190.723,1.0000,0,0,0,0
190.761,1.0000,0,0,0,0
190.792,1.0000,0,0,0,0
190.825,1.0000,0,0,0,0
190.858,1.0000,0,0,0,0
190.891,1.0000,0,0,0,0
190.924,1.0000,0,0,0,0
190.962,1.0000,0,0,0,0
190.992,1.0000,0,0,0,0
191.027,1.0000,0,0,0,0
191.059,1.0000,0,0,0,0
191.093,1.0000,0,0,0,0
191.125,1.0000,0,0,0,0
191.162,1.0000,0,0,0,0
191.192,1.0000,0,0,0,0
191.226,1.0000,0,0,0,0
191.260,1.0000,0,0,0,0
191.296,1.0000,0,0,0,0
191.325,1.0000,0,0,0,0
191.359,1.0000,0,0,0,0
191.394,1.0000,0,0,0,0
191.426,1.0000,0,0,0,0
191.457,1.0000,0,0,0,0
191.491,1.0000,0,0,0,0
191.530,1.0000,0,0,0,0
191.558,1.0000,0,0,0,0
191.593,1.0000,0,0,0,0
191.625,1.0000,0,0,0,0
191.662,1.0000,0,0,0,0
191.694,1.0000,0,0,0,0
191.728,1.0000,0,0,0,0
191.761,1.0000,0,0,0,0
191.791,1.0000,0,0,0,0
191.824,1.0000,0,0,0,0
191.862,1.0000,0,0,0,0
191.895,1.0000,0,0,0,0
191.925,1.0000,0,0,0,0
191.962,1.0000,0,0,0,0
191.991,1.0000,0,0,0,0
192.026,1.0000,0,0,0,0
192.058,1.0000,0,0,0,0
192.094,1.0000,0,0,0,0
192.128,1.0000,0,0,0,0
192.160,1.0000,0,0,0,0
192.193,1.0000,0,0,0,0
192.227,1.0000,0,0,0,0
192.261,1.0000,0,0,0,0
192.294,1.0000,0,0,0,0
192.327,1.0000,0,0,0,0
192.362,1.0000,0,0,0,0
192.395,1.0000,0,0,0,0
192.426,1.0000,0,0,0,0
192.459,1.0000,0,0,0,0
192.492,1.0000,0,0,0,0
192.527,1.0000,0,0,0,0
192.618,1.0000,0,0,0,0
192.649,1.0000,0,0,0,0
192.684,1.0000,0,0,0,0
192.717,1.0000,0,0,0,0
192.749,1.0000,0,0,0,0
192.784,1.0000,0,0,0,0
192.817,1.0000,0,0,0,0
192.852,1.0000,0,0,0,0
192.883,1.0000,0,0,0,0
192.915,1.0000,0,0,0,0
192.948,1.0000,0,0,0,0
192.981,1.0000,0,0,0,0
193.014,1.0000,0,0,0,0
193.052,1.0000,0,0,0,0
193.083,1.0000,0,0,0,0
193.116,1.0000,0,0,0,0
193.152,1.0000,0,0,0,0
193.176,1.0000,0,0,0,0
193.215,1.0000,0,0,0,0
193.249,1.0000,0,0,0,0
193.283,1.0000,0,0,0,0
193.315,1.0000,0,0,0,0
193.352,1.0000,0,0,0,0
193.382,1.0000,0,0,0,0
193.416,1.0000,0,0,0,0
193.452,1.0000,0,0,0,0
193.474,1.0000,0,0,0,0
193.513,1.0000,0,0,0,0
193.547,1.0000,0,0,0,0
193.583,1.0000,0,0,0,0
193.621,1.0000,0,0,0,0
193.642,1.0000,0,0,0,0
193.679,1.0000,0,0,0,0
193.709,1.0000,0,0,0,0
193.750,1.0000,0,0,0,0
193.783,1.0000,0,0,0,0
193.814,1.0000,0,0,0,0
193.852,1.0000,0,0,0,0
193.880,1.0000,0,0,0,0
193.910,1.0000,0,0,0,0
193.939,1.0000,0,0,0,0
193.985,1.0000,0,0,0,0
194.024,1.0000,0,0,0,0
194.056,1.0000,0,0,0,0
194.087,1.0000,0,0,0,0
194.124,1.0000,0,0,0,0
194.158,1.0000,0,0,0,0
194.188,1.0000,0,0,0,0
194.220,1.0000,0,0,0,0
194.256,1.0000,0,0,0,0
194.285,1.0000,0,0,0,0
194.326,1.0000,0,0,0,0
194.355,1.0000,0,0,0,0
194.477,1.0000,0,0,0,0
194.505,1.0000,0,0,0,0
194.546,1.0000,0,0,0,0
194.575,1.0000,0,0,0,0
194.608,1.0000,0,0,0,0
194.643,1.0000,0,0,0,0
194.678,1.0000,0,0,0,0
194.711,1.0000,0,0,0,0
194.742,1.0000,0,0,0,0
194.775,1.0000,0,0,0,0
194.806,1.0000,0,0,0,0
194.846,1.0000,0,0,0,0
194.877,1.0000,0,0,0,0
194.916,1.0000,0,0,0,0
194.950,1.0000,0,0,0,0
194.975,1.0000,0,0,0,0
195.008,1.0000,0,0,0,0
195.042,1.0000,0,0,0,0
195.067,1.0000,0,0,0,0
195.110,1.0000,0,0,0,0
195.143,1.0000,0,0,0,0
195.177,1.0000,0,0,0,0
195.214,1.0000,0,0,0,0
195.238,1.0000,0,0,0,0
195.268,1.0000,0,0,0,0
195.310,1.0000,0,0,0,0
195.334,1.0000,0,0,0,0
195.376,1.0000,0,0,0,0
195.410,1.0000,0,0,0,0
195.446,1.0000,0,0,0,0
195.475,1.0000,0,0,0,0
195.511,1.0000,0,0,0,0
195.544,1.0000,0,0,0,0
195.579,1.0000,0,0,0,0
195.602,1.0000,0,0,0,0
195.650,1.0000,0,0,0,0
195.677,1.0000,0,0,0,0
195.712,1.0000,0,0,0,0
195.745,1.0000,0,0,0,0
195.778,1.0000,0,0,0,0
195.805,1.0000,0,0,0,0
195.837,1.0000,0,0,0,0
195.879,1.0000,0,0,0,0
195.911,1.0000,0,0,0,0
195.948,1.0000,0,0,0,0
195.970,1.0000,0,0,0,0
196.010,1.0000,0,0,0,0
196.035,1.0000,0,0,0,0
196.082,1.0000,0,0,0,0
196.104,1.0000,0,0,0,0
196.143,1.0000,0,0,0,0
196.177,1.0000,0,0,0,0
196.208,1.0000,0,0,0,0
196.247,1.0000,0,0,0,0
196.268,1.0000,0,0,0,0
196.310,1.0000,0,0,0,0
196.349,1.0000,0,0,0,0
196.378,1.0000,0,0,0,0
196.410,1.0000,0,0,0,0
196.443,1.0000,0,0,0,0
196.470,1.0000,0,0,0,0
196.509,1.0000,0,0,0,0
196.543,1.0000,0,0,0,0
196.578,1.0000,0,0,0,0
196.610,1.0000,0,0,0,0
196.646,1.0000,0,0,0,0
196.678,1.0000,0,0,0,0
196.710,1.0000,0,0,0,0
196.745,1.0000,0,0,0,0
196.776,1.0000,0,0,0,0
196.812,1.0000,0,0,0,0
196.836,1.0000,0,0,0,0
196.880,1.0000,0,0,0,0
196.912,1.0000,0,0,0,0
196.948,1.0000,0,0,0,0
196.979,1.0000,0,0,0,0
197.014,1.0000,0,0,0,0
197.035,1.0000,0,0,0,0
197.079,1.0000,0,0,0,0
197.102,1.0000,0,0,0,0
197.146,1.0000,0,0,0,0
197.177,1.0000,0,0,0,0
197.213,1.0000,0,0,0,0
197.243,1.0000,0,0,0,0
197.281,1.0000,0,0,0,0
197.312,1.0000,0,0,0,0
197.345,1.0000,0,0,0,0
197.377,1.0000,0,0,0,0
197.411,1.0000,0,0,0,0
197.446,1.0000,0,0,0,0
197.476,1.0000,0,0,0,0
197.511,1.0000,0,0,0,0
197.546,1.0000,0,0,0,0
197.578,1.0000,0,0,0,0
197.613,1.0000,0,0,0,0
197.643,1.0000,0,0,0,0
197.675,1.0000,0,0,0,0
197.713,1.0000,0,0,0,0
197.745,1.0000,0,0,0,0
197.777,1.0000,0,0,0,0
197.814,1.0000,0,0,0,0
197.844,1.0000,0,0,0,0
197.878,1.0000,0,0,0,0
197.910,1.0000,0,0,0,0
197.943,1.0000,0,0,0,0
197.972,1.0000,0,0,0,0
198.011,1.0000,0,0,0,0
198.047,1.0000,0,0,0,0
198.080,1.0000,0,0,0,0
198.110,1.0000,0,0,0,0
198.142,1.0000,0,0,0,0
198.183,1.0000,0,0,0,0
198.212,1.0000,0,0,0,0
198.242,1.0000,0,0,0,0
198.276,1.0000,0,0,0,0
198.309,1.0000,0,0,0,0
198.343,1.0000,0,0,0,0
198.379,1.0000,0,0,0,0
198.409,1.0000,0,0,0,0
198.443,1.0000,0,0,0,0
198.477,1.0000,0,0,0,0
198.512,1.0000,0,0,0,0
198.546,1.0000,0,0,0,0
198.567,1.0000,0,0,0,0
198.609,1.0000,0,0,0,0
198.643,1.0000,0,0,0,0
198.679,1.0000,0,0,0,0
198.710,1.0000,0,0,0,0
198.746,1.0000,0,0,0,0
198.778,1.0000,0,0,0,0
198.810,1.0000,0,0,0,0
198.846,1.0000,0,0,0,0
198.878,1.0000,0,0,0,0
198.912,1.0000,0,0,0,0
198.947,1.0000,0,0,0,0
198.977,1.0000,0,0,0,0
199.011,1.0000,0,0,0,0
199.043,1.0000,0,0,0,0
199.078,1.0000,0,0,0,0
199.111,1.0000,0,0,0,0
199.146,1.0000,0,0,0,0
199.172,1.0000,0,0,0,0
199.218,1.0000,0,0,0,0
199.237,1.0000,0,0,0,0
199.280,1.0000,0,0,0,0
199.312,1.0000,0,0,0,0
199.342,1.0000,0,0,0,0
199.376,1.0000,0,0,0,0
199.418,1.0000,0,0,0,0
199.447,1.0000,0,0,0,0
199.484,1.0000,0,0,0,0
199.517,1.0000,0,0,0,0
199.546,1.0000,0,0,0,0
199.578,1.0000,0,0,0,0
199.611,1.0000,0,0,0,0
199.643,1.0000,0,0,0,0
199.692,1.0000,0,0,0,0
199.724,1.0000,0,0,0,0
199.765,1.0000,0,0,0,0
199.790,1.0000,0,0,0,0
199.827,1.0000,0,0,0,0
199.860,1.0000,0,0,0,0
199.966,1.0000,0,0,0,0
200.011,1.0000,0,0,0,0
200.045,1.0000,0,0,0,0
200.084,1.0000,0,0,0,0
200.113,1.0000,0,0,0,0
200.146,1.0000,0,0,0,0
200.181,1.0000,0,0,0,0
200.211,1.0000,0,0,0,0
200.250,1.0000,0,0,0,0
200.281,1.0000,0,0,0,0
200.317,1.0000,0,0,0,0
200.346,1.0000,0,0,0,0
200.380,1.0000,0,0,0,0
200.416,1.0000,0,0,0,0
200.451,1.0000,0,0,0,0
200.478,1.0000,0,0,0,0
200.510,1.0000,0,0,0,0
200.535,1.0000,0,0,0,0
200.566,1.0000,0,0,0,0
200.601,1.0000,0,0,0,0
200.649,1.0000,0,0,0,0
200.679,1.0000,0,0,0,0
200.717,1.0000,0,0,0,0
200.738,1.0000,0,0,0,0
200.780,1.0000,0,0,0,0
200.809,1.0000,0,0,0,0
200.850,1.0000,0,0,0,0
200.879,1.0000,0,0,0,0
200.916,1.0000,0,0,0,0
200.944,1.0000,0,0,0,0
200.982,1.0000,0,0,0,0
201.021,1.0000,0,0,0,0
201.049,1.0000,0,0,0,0
201.082,1.0000,0,0,0,0
201.113,1.0000,0,0,0,0
201.150,1.0000,0,0,0,0
201.247,1.0000,0,0,0,0
201.311,1.0000,0,0,0,0
201.348,1.0000,0,0,0,0
201.364,1.0000,0,0,0,0
201.390,1.0000,0,0,0,0
201.424,1.0000,0,0,0,0
201.460,1.0000,0,0,0,0
201.490,1.0000,0,0,0,0
201.528,1.0000,0,0,0,0
201.567,1.0000,0,0,0,0
201.617,1.0000,0,0,0,0
201.666,1.0000,0,0,0,0
201.720,1.0000,0,0,0,0
201.742,1.0000,0,0,0,0
201.785,1.0000,0,0,0,0
201.816,1.0000,0,0,0,0
201.848,1.0000,0,0,0,0
201.886,1.0000,0,0,0,0
201.916,1.0000,0,0,0,0
201.951,1.0000,0,0,0,0
201.981,1.0000,0,0,0,0
202.018,1.0000,0,0,0,0
202.053,1.0000,0,0,0,0
202.079,1.0000,0,0,0,0
202.116,1.0000,0,0,0,0
202.148,1.0000,0,0,0,0
202.184,1.0000,0,0,0,0
202.218,1.0000,0,0,0,0
202.249,1.0000,0,0,0,0
202.283,1.0000,0,0,0,0
202.318,1.0000,0,0,0,0
202.352,1.0000,0,0,0,0
202.382,1.0000,0,0,0,0
202.414,1.0000,0,0,0,0
202.450,1.0000,0,0,0,0
202.482,1.0000,0,0,0,0
202.513,1.0000,0,0,0,0
202.547,1.0000,0,0,0,0
202.581,1.0000,0,0,0,0
202.618,1.0000,0,0,0,0
202.647,1.0000,0,0,0,0
202.682,1.0000,0,0,0,0
202.717,1.0000,0,0,0,0
202.753,1.0000,0,0,0,0
202.784,1.0000,0,0,0,0
202.818,1.0000,0,0,0,0
202.851,1.0000,0,0,0,0
202.885,1.0000,0,0,0,0
202.915,1.0000,0,0,0,0
202.948,1.0000,0,0,0,0
202.982,1.0000,0,0,0,0
203.016,1.0000,0,0,0,0
203.048,1.0000,0,0,0,0
203.084,1.0000,0,0,0,0
203.118,1.0000,0,0,0,0
203.148,1.0000,0,0,0,0
203.181,1.0000,0,0,0,0
203.214,1.0000,0,0,0,0
203.248,1.0000,0,0,0,0
203.282,1.0000,0,0,0,0
203.319,1.0000,0,0,0,0
203.348,1.0000,0,0,0,0
203.384,1.0000,0,0,0,0
203.417,1.0000,0,0,0,0
203.449,1.0000,0,0,0,0
203.484,1.0000,0,0,0,0
203.518,1.0000,0,0,0,0
203.550,1.0000,0,0,0,0
203.582,1.0000,0,0,0,0
203.617,1.0000,0,0,0,0
203.648,1.0000,0,0,0,0
203.679,1.0000,0,0,0,0
203.717,1.0000,0,0,0,0
203.748,1.0000,0,0,0,0
203.783,1.0000,0,0,0,0
203.816,1.0000,0,0,0,0
203.851,1.0000,0,0,0,0
203.884,1.0000,0,0,0,0
203.916,1.0000,0,0,0,0
203.951,1.0000,0,0,0,0
203.983,1.0000,0,0,0,0
204.016,1.0000,0,0,0,0
204.049,1.0000,0,0,0,0
204.083,1.0000,0,0,0,0
204.118,1.0000,0,0,0,0
204.147,1.0000,0,0,0,0
204.181,1.0000,0,0,0,0
204.216,1.0000,0,0,0,0
204.248,1.0000,0,0,0,0
204.283,1.0000,0,0,0,0
204.617,1.0000,0,0,0,0
204.665,1.0000,0,0,0,0
204.678,1.0000,0,0,0,0
204.708,1.0000,0,0,0,0
204.738,1.0000,0,0,0,0
204.773,1.0000,0,0,0,0
204.806,1.0000,0,0,0,0
204.839,1.0000,0,0,0,0
204.873,1.0000,0,0,0,0
204.906,1.0000,0,0,0,0
204.938,1.0000,0,0,0,0
204.972,1.0000,0,0,0,0
205.006,1.0000,0,0,0,0
205.040,1.0000,0,0,0,0
205.074,1.0000,0,0,0,0
205.107,1.0000,0,0,0,0
205.138,1.0000,0,0,0,0
205.172,1.0000,0,0,0,0
205.208,1.0000,0,0,0,0
205.242,1.0000,0,0,0,0
205.274,1.0000,0,0,0,0
205.309,1.0000,0,0,0,0
205.341,1.0000,0,0,0,0
205.374,1.0000,0,0,0,0
205.406,1.0000,0,0,0,0
205.438,1.0000,0,0,0,0
205.475,1.0000,0,0,0,0
205.505,1.0000,0,0,0,0
205.541,1.0000,0,0,0,0
205.571,1.0000,0,0,0,0
205.605,1.0000,0,0,0,0
205.636,1.0000,0,0,0,0
205.673,1.0000,0,0,0,0
205.710,1.0000,0,0,0,0
205.736,1.0000,0,0,0,0
205.773,1.0000,0,0,0,0
205.807,1.0000,0,0,0,0
205.839,1.0000,0,0,0,0
205.869,1.0000,0,0,0,0
205.905,1.0000,0,0,0,0
205.940,1.0000,0,0,0,0
205.971,1.0000,0,0,0,0
206.007,1.0000,0,0,0,0
206.041,1.0000,0,0,0,0
206.075,1.0000,0,0,0,0
206.116,1.0000,0,0,0,0
206.139,1.0000,0,0,0,0
206.175,1.0000,0,0,0,0
206.213,1.0000,0,0,0,0
206.243,1.0000,0,0,0,0
206.273,1.0000,0,0,0,0
206.308,1.0000,0,0,0,0
206.332,1.0000,0,0,0,0
206.380,1.0000,0,0,0,0
206.400,1.0000,0,0,0,0
206.439,1.0000,0,0,0,0
206.471,1.0000,0,0,0,0
206.508,1.0000,0,0,0,0
206.540,1.0000,0,0,0,0
206.569,1.0000,0,0,0,0
206.608,1.0000,0,0,0,0
206.638,1.0000,0,0,0,0
206.672,1.0000,0,0,0,0
206.708,1.0000,0,0,0,0
206.739,1.0000,0,0,0,0
206.773,1.0000,0,0,0,0
206.810,1.0000,0,0,0,0
206.838,1.0000,0,0,0,0
206.873,1.0000,0,0,0,0
206.909,1.0000,0,0,0,0
206.940,1.0000,0,0,0,0
206.975,1.0000,0,0,0,0
207.006,1.0000,0,0,0,0
207.039,1.0000,0,0,0,0
207.074,1.0000,0,0,0,0
207.106,1.0000,0,0,0,0
207.138,1.0000,0,0,0,0
207.173,1.0000,0,0,0,0
207.211,1.0000,0,0,0,0
207.242,1.0000,0,0,0,0
207.275,1.0000,0,0,0,0
207.307,1.0000,0,0,0,0
207.332,1.0000,0,0,0,0
207.372,1.0000,0,0,0,0
207.405,1.0000,0,0,0,0
207.441,1.0000,0,0,0,0
207.476,1.0000,0,0,0,0
207.507,1.0000,0,0,0,0
207.539,1.0000,0,0,0,0
207.574,1.0000,0,0,0,0
207.603,1.0000,0,0,0,0
207.641,1.0000,0,0,0,0
207.673,1.0000,0,0,0,0
207.705,1.0000,0,0,0,0
207.741,1.0000,0,0,0,0
207.768,1.0000,0,0,0,0
207.807,1.0000,0,0,0,0
207.841,1.0000,0,0,0,0
207.876,1.0000,0,0,0,0
207.908,1.0000,0,0,0,0
207.939,1.0000,0,0,0,0
207.975,1.0000,0,0,0,0
208.005,1.0000,0,0,0,0
208.041,1.0000,0,0,0,0
208.074,1.0000,0,0,0,0
208.107,1.0000,0,0,0,0
208.140,1.0000,0,0,0,0
208.176,1.0000,0,0,0,0
208.205,1.0000,0,0,0,0
208.238,1.0000,0,0,0,0
208.274,1.0000,0,0,0,0
208.305,1.0000,0,0,0,0
208.342,1.0000,0,0,0,0
208.376,1.0000,0,0,0,0
208.405,1.0000,0,0,0,0
208.439,1.0000,0,0,0,0
208.470,1.0000,0,0,0,0
208.514,1.0000,0,0,0,0
208.532,1.0000,0,0,0,0
208.574,1.0000,0,0,0,0
208.605,1.0000,0,0,0,0
208.641,1.0000,0,0,0,0
208.673,1.0000,0,0,0,0
208.709,1.0000,0,0,0,0
208.740,1.0000,0,0,0,0
208.775,1.0000,0,0,0,0
208.808,1.0000,0,0,0,0
208.843,1.0000,0,0,0,0
208.876,1.0000,0,0,0,0
208.907,1.0000,0,0,0,0
208.942,1.0000,0,0,0,0
208.965,1.0000,0,0,0,0
209.009,1.0000,0,0,0,0
209.042,1.0000,0,0,0,0
209.076,1.0000,0,0,0,0
209.114,1.0000,0,0,0,0
209.138,1.0000,0,0,0,0
209.176,1.0000,0,0,0,0
209.207,1.0000,0,0,0,0
209.242,1.0000,0,0,0,0
209.276,1.0000,0,0,0,0
209.305,1.0000,0,0,0,0
209.340,1.0000,0,0,0,0
209.370,1.0000,0,0,0,0
209.409,1.0000,0,0,0,0
209.443,1.0000,0,0,0,0
209.475,1.0000,0,0,0,0
209.507,1.0000,0,0,0,0
209.540,1.0000,0,0,0,0
209.573,1.0000,0,0,0,0
209.605,1.0000,0,0,0,0
209.641,1.0000,0,0,0,0
209.674,1.0000,0,0,0,0
209.708,1.0000,0,0,0,0
209.738,1.0000,0,0,0,0
209.776,1.0000,0,0,0,0
209.808,1.0000,0,0,0,0
209.838,1.0000,0,0,0,0
209.875,1.0000,0,0,0,0
209.905,1.0000,0,0,0,0
209.941,1.0000,0,0,0,0
209.973,1.0000,0,0,0,0
210.010,1.0000,0,0,0,0
210.038,1.0000,0,0,0,0
210.074,1.0000,0,0,0,0
210.108,1.0000,0,0,0,0
210.139,1.0000,0,0,0,0
210.175,1.0000,0,0,0,0
210.207,1.0000,0,0,0,0
210.240,1.0000,0,0,0,0
210.275,1.0000,0,0,0,0
210.308,1.0000,0,0,0,0
210.341,1.0000,0,0,0,0
210.372,1.0000,0,0,0,0
210.406,1.0000,0,0,0,0
210.440,1.0000,0,0,0,0
210.474,1.0000,0,0,0,0
210.509,1.0000,0,0,0,0
210.539,1.0000,0,0,0,0
210.572,1.0000,0,0,0,0
210.609,1.0000,0,0,0,0
210.631,1.0000,0,0,0,0
210.676,1.0000,0,0,0,0
210.704,1.0000,0,0,0,0
210.740,1.0000,0,0,0,0
210.774,1.0000,0,0,0,0
210.807,1.0000,0,0,0,0
210.842,1.0000,0,0,0,0
210.873,1.0000,0,0,0,0
210.905,1.0000,0,0,0,0
210.941,1.0000,0,0,0,0
210.975,1.0000,0,0,0,0
211.005,1.0000,0,0,0,0
211.039,1.0000,0,0,0,0
211.076,1.0000,0,0,0,0
211.107,1.0000,0,0,0,0
211.142,1.0000,0,0,0,0
211.171,1.0000,0,0,0,0
211.207,1.0000,0,0,0,0
211.238,1.0000,0,0,0,0
211.274,1.0000,0,0,0,0
211.309,1.0000,0,0,0,0
211.340,1.0000,0,0,0,0
211.373,1.0000,0,0,0,0
211.409,1.0000,0,0,0,0
211.432,1.0000,0,0,0,0
211.474,1.0000,0,0,0,0
211.509,1.0000,0,0,0,0
211.540,1.0000,0,0,0,0
211.575,1.0000,0,0,0,0
211.606,1.0000,0,0,0,0
211.641,1.0000,0,0,0,0
211.673,1.0000,0,0,0,0
211.710,1.0000,0,0,0,0
211.742,1.0000,0,0,0,0
211.772,1.0000,0,0,0,0
211.808,1.0000,0,0,0,0
211.839,1.0000,0,0,0,0
211.875,1.0000,0,0,0,0
211.905,1.0000,0,0,0,0
211.938,1.0000,0,0,0,0
211.971,1.0000,0,0,0,0
212.009,1.0000,0,0,0,0
212.039,1.0000,0,0,0,0
212.075,1.0000,0,0,0,0
212.106,1.0000,0,0,0,0
212.142,1.0000,0,0,0,0
212.175,1.0000,0,0,0,0
212.209,1.0000,0,0,0,0
212.238,1.0000,0,0,0,0
212.275,1.0000,0,0,0,0
212.297,1.0000,0,0,0,0
212.344,1.0000,0,0,0,0
212.376,1.0000,0,0,0,0
212.409,1.0000,0,0,0,0
212.442,1.0000,0,0,0,0
212.473,1.0000,0,0,0,0
212.505,1.0000,0,0,0,0
212.539,1.0000,0,0,0,0
212.574,1.0000,0,0,0,0
212.608,1.0000,0,0,0,0
212.642,1.0000,0,0,0,0
212.674,1.0000,0,0,0,0
212.708,1.0000,0,0,0,0
212.742,1.0000,0,0,0,0
212.776,1.0000,0,0,0,0
212.807,1.0000,0,0,0,0
212.838,1.0000,0,0,0,0
212.871,1.0000,0,0,0,0
212.905,1.0000,0,0,0,0
212.941,1.0000,0,0,0,0
212.975,1.0000,0,0,0,0
213.008,1.0000,0,0,0,0
213.042,1.0000,0,0,0,0
213.076,1.0000,0,0,0,0
213.108,1.0000,0,0,0,0
213.140,1.0000,0,0,0,0
213.174,1.0000,0,0,0,0
213.208,1.0000,0,0,0,0
213.241,1.0000,0,0,0,0
213.274,1.0000,0,0,0,0
213.305,1.0000,0,0,0,0
213.338,1.0000,0,0,0,0
213.376,1.0000,0,0,0,0
213.398,1.0000,0,0,0,0
213.441,1.0000,0,0,0,0
213.472,1.0000,0,0,0,0
213.505,1.0000,0,0,0,0
213.542,1.0000,0,0,0,0
213.572,1.0000,0,0,0,0
213.605,1.0000,0,0,0,0
213.641,1.0000,0,0,0,0
213.676,1.0000,0,0,0,0
213.708,1.0000,0,0,0,0
213.741,1.0000,0,0,0,0
213.774,1.0000,0,0,0,0
213.809,1.0000,0,0,0,0
213.841,1.0000,0,0,0,0
213.872,1.0000,0,0,0,0
213.908,1.0000,0,0,0,0
213.938,1.0000,0,0,0,0
213.974,1.0000,0,0,0,0
214.007,1.0000,0,0,0,0
214.039,1.0000,0,0,0,0
214.074,1.0000,0,0,0,0
214.106,1.0000,0,0,0,0
214.142,1.0000,0,0,0,0
214.174,1.0000,0,0,0,0
214.208,1.0000,0,0,0,0
214.240,1.0000,0,0,0,0
214.273,1.0000,0,0,0,0
214.309,1.0000,0,0,0,0
214.342,1.0000,0,0,0,0
214.373,1.0000,0,0,0,0
214.407,1.0000,0,0,0,0
214.442,1.0000,0,0,0,0
214.474,1.0000,0,0,0,0
214.508,1.0000,0,0,0,0
214.540,1.0000,0,0,0,0
214.574,1.0000,0,0,0,0
214.607,1.0000,0,0,0,0
214.641,1.0000,0,0,0,0
214.675,1.0000,0,0,0,0
214.708,1.0000,0,0,0,0
214.740,1.0000,0,0,0,0
214.776,1.0000,0,0,0,0
214.808,1.0000,0,0,0,0
214.839,1.0000,0,0,0,0
214.868,1.0000,0,0,0,0
214.905,1.0000,0,0,0,0
214.940,1.0000,0,0,0,0
214.974,1.0000,0,0,0,0
215.005,1.0000,0,0,0,0
215.042,1.0000,0,0,0,0
215.075,1.0000,0,0,0,0
215.105,1.0000,0,0,0,0
215.141,1.0000,0,0,0,0
215.174,1.0000,0,0,0,0
215.209,1.0000,0,0,0,0
215.240,1.0000,0,0,0,0
215.275,1.0000,0,0,0,0
215.306,1.0000,0,0,0,0
215.338,1.0000,0,0,0,0
215.376,1.0000,0,0,0,0
215.405,1.0000,0,0,0,0
215.442,1.0000,0,0,0,0
215.474,1.0000,0,0,0,0
215.507,1.0000,0,0,0,0
215.540,1.0000,0,0,0,0
215.575,1.0000,0,0,0,0
215.608,1.0000,0,0,0,0
215.639,1.0000,0,0,0,0
215.672,1.0000,0,0,0,0
215.708,1.0000,0,0,0,0
215.740,1.0000,0,0,0,0
215.775,1.0000,0,0,0,0
215.806,1.0000,0,0,0,0
215.841,1.0000,0,0,0,0
215.874,1.0000,0,0,0,0
215.907,1.0000,0,0,0,0
215.940,1.0000,0,0,0,0
215.974,1.0000,0,0,0,0
216.008,1.0000,0,0,0,0
216.041,1.0000,0,0,0,0
216.074,1.0000,0,0,0,0
216.109,1.0000,0,0,0,0
216.141,1.0000,0,0,0,0
216.176,1.0000,0,0,0,0
216.215,1.0000,0,0,0,0
216.233,1.0000,0,0,0,0
216.276,1.0000,0,0,0,0
216.307,1.0000,0,0,0,0
216.339,1.0000,0,0,0,0
216.375,1.0000,0,0,0,0
216.409,1.0000,0,0,0,0
216.440,1.0000,0,0,0,0
216.475,1.0000,0,0,0,0
216.507,1.0000,0,0,0,0
216.541,1.0000,0,0,0,0
216.574,1.0000,0,0,0,0
216.608,1.0000,0,0,0,0
216.640,1.0000,0,0,0,0
216.675,1.0000,0,0,0,0
216.705,1.0000,0,0,0,0
216.744,1.0000,0,0,0,0
216.773,1.0000,0,0,0,0
216.808,1.0000,0,0,0,0
216.841,1.0000,0,0,0,0
216.873,1.0000,0,0,0,0
216.908,1.0000,0,0,0,0
216.940,1.0000,0,0,0,0
216.974,1.0000,0,0,0,0
217.007,1.0000,0,0,0,0
217.040,1.0000,0,0,0,0
217.075,1.0000,0,0,0,0
217.107,1.0000,0,0,0,0
217.139,1.0000,0,0,0,0
217.174,1.0000,0,0,0,0
217.207,1.0000,0,0,0,0
217.240,1.0000,0,0,0,0
217.274,1.0000,0,0,0,0
217.308,1.0000,0,0,0,0
217.340,1.0000,0,0,0,0
217.372,1.0000,0,0,0,0
217.408,1.0000,0,0,0,0
217.430,1.0000,0,0,0,0
217.478,1.0000,0,0,0,0
217.511,1.0000,0,0,0,0
217.539,1.0000,0,0,0,0
217.576,1.0000,0,0,0,0
217.608,1.0000,0,0,0,0
217.639,1.0000,0,0,0,0
217.675,1.0000,0,0,0,0
217.697,1.0000,0,0,0,0
217.740,1.0000,0,0,0,0
217.772,1.0000,0,0,0,0
217.805,1.0000,0,0,0,0
217.842,1.0000,0,0,0,0
217.864,1.0000,0,0,0,0
217.908,1.0000,0,0,0,0
217.939,1.0000,0,0,0,0
217.975,1.0000,0,0,0,0
218.008,1.0000,0,0,0,0
218.042,1.0000,0,0,0,0
218.074,1.0000,0,0,0,0
218.108,1.0000,0,0,0,0
218.140,1.0000,0,0,0,0
218.172,1.0000,0,0,0,0
218.206,1.0000,0,0,0,0
218.242,1.0000,0,0,0,0
218.275,1.0000,0,0,0,0
218.307,1.0000,0,0,0,0
218.342,1.0000,0,0,0,0
218.377,1.0000,0,0,0,0
218.405,1.0000,0,0,0,0
218.439,1.0000,0,0,0,0
218.480,1.0000,0,0,0,0
218.498,1.0000,0,0,0,0
218.538,1.0000,0,0,0,0
218.575,1.0000,0,0,0,0
218.608,1.0000,0,0,0,0
218.638,1.0000,0,0,0,0
218.674,1.0000,0,0,0,0
218.706,1.0000,0,0,0,0
218.743,1.0000,0,0,0,0
218.773,1.0000,0,0,0,0
218.806,1.0000,0,0,0,0
218.838,1.0000,0,0,0,0
218.874,1.0000,0,0,0,0
218.908,1.0000,0,0,0,0
218.942,1.0000,0,0,0,0
218.976,1.0000,0,0,0,0
219.008,1.0000,0,0,0,0
219.039,1.0000,0,0,0,0
219.072,1.0000,0,0,0,0
219.106,1.0000,0,0,0,0
219.139,1.0000,0,0,0,0
219.172,1.0000,0,0,0,0
219.209,1.0000,0,0,0,0
219.242,1.0000,0,0,0,0
219.276,1.0000,0,0,0,0
219.309,1.0000,0,0,0,0
219.342,1.0000,0,0,0,0
219.372,1.0000,0,0,0,0
219.406,1.0000,0,0,0,0
219.442,1.0000,0,0,0,0
219.473,1.0000,0,0,0,0
219.509,1.0000,0,0,0,0
219.538,1.0000,0,0,0,0
219.573,1.0000,0,0,0,0
219.605,1.0000,0,0,0,0
219.638,1.0000,0,0,0,0
219.673,1.0000,0,0,0,0
219.708,1.0000,0,0,0,0
219.742,1.0000,0,0,0,0
219.775,1.0000,0,0,0,0
219.805,1.0000,0,0,0,0
219.841,1.0000,0,0,0,0
219.874,1.0000,0,0,0,0
219.907,1.0000,0,0,0,0
219.938,1.0000,0,0,0,0
219.973,1.0000,0,0,0,0
220.010,1.0000,0,0,0,0
220.042,1.0000,0,0,0,0
220.074,1.0000,0,0,0,0
220.108,1.0000,0,0,0,0
220.142,1.0000,0,0,0,0
220.175,1.0000,0,0,0,0
220.205,1.0000,0,0,0,0
220.238,1.0000,0,0,0,0
220.274,1.0000,0,0,0,0
220.306,1.0000,0,0,0,0
220.340,1.0000,0,0,0,0
220.374,1.0000,0,0,0,0
220.406,1.0000,0,0,0,0
220.442,1.0000,0,0,0,0
220.476,1.0000,0,0,0,0
220.507,1.0000,0,0,0,0
220.537,1.0000,0,0,0,0
220.576,1.0000,0,0,0,0
220.605,1.0000,0,0,0,0
220.642,1.0000,0,0,0,0
220.675,1.0000,0,0,0,0
220.705,1.0000,0,0,0,0
220.738,1.0000,0,0,0,0
220.774,1.0000,0,0,0,0
220.808,1.0000,0,0,0,0
220.838,1.0000,0,0,0,0
220.874,1.0000,0,0,0,0
220.907,1.0000,0,0,0,0
220.941,1.0000,0,0,0,0
220.971,1.0000,0,0,0,0
221.010,1.0000,0,0,0,0
221.040,1.0000,0,0,0,0
221.072,1.0000,0,0,0,0
221.105,1.0000,0,0,0,0
221.140,1.0000,0,0,0,0
221.172,1.0000,0,0,0,0
221.207,1.0000,0,0,0,0
221.243,1.0000,0,0,0,0
221.276,1.0000,0,0,0,0
221.307,1.0000,0,0,0,0
221.341,1.0000,0,0,0,0
221.374,1.0000,0,0,0,0
221.405,1.0000,0,0,0,0
221.442,1.0000,0,0,0,0
221.471,1.0000,0,0,0,0
221.507,1.0000,0,0,0,0
221.540,1.0000,0,0,0,0
221.575,1.0000,0,0,0,0
221.606,1.0000,0,0,0,0
221.643,1.0000,0,0,0,0
221.675,1.0000,0,0,0,0
221.705,1.0000,0,0,0,0
221.741,1.0000,0,0,0,0
221.774,1.0000,0,0,0,0
221.809,1.0000,0,0,0,0
221.839,1.0000,0,0,0,0
221.874,1.0000,0,0,0,0
221.908,1.0000,0,0,0,0
221.941,1.0000,0,0,0,0
221.977,1.0000,0,0,0,0
222.008,1.0000,0,0,0,0
222.039,1.0000,0,0,0,0
222.076,1.0000,0,0,0,0
222.106,1.0000,0,0,0,0
222.138,1.0000,0,0,0,0
222.173,1.0000,0,0,0,0
222.207,1.0000,0,0,0,0
222.239,1.0000,0,0,0,0
222.272,1.0000,0,0,0,0
222.305,1.0000,0,0,0,0
222.339,1.0000,0,0,0,0
222.378,1.0000,0,0,0,0
222.399,1.0000,0,0,0,0
222.440,1.0000,0,0,0,0
222.463,1.0000,0,0,0,0
222.507,1.0000,0,0,0,0
222.541,1.0000,0,0,0,0
222.575,1.0000,0,0,0,0
222.608,1.0000,0,0,0,0
222.642,1.0000,0,0,0,0
222.672,1.0000,0,0,0,0
222.709,1.0000,0,0,0,0
222.741,1.0000,0,0,0,0
222.773,1.0000,0,0,0,0
222.806,1.0000,0,0,0,0
222.838,1.0000,0,0,0,0
222.875,1.0000,0,0,0,0
222.906,1.0000,0,0,0,0
222.942,1.0000,0,0,0,0
222.973,1.0000,0,0,0,0
223.007,1.0000,0,0,0,0
223.040,1.0000,0,0,0,0
223.074,1.0000,0,0,0,0
223.108,1.0000,0,0,0,0
223.141,1.0000,0,0,0,0
223.173,1.0000,0,0,0,0
223.208,1.0000,0,0,0,0
223.242,1.0000,0,0,0,0
223.275,1.0000,0,0,0,0
223.307,1.0000,0,0,0,0
223.343,1.0000,0,0,0,0
223.376,1.0000,0,0,0,0
223.406,1.0000,0,0,0,0
223.439,1.0000,0,0,0,0
223.470,1.0000,0,0,0,0
223.504,1.0000,0,0,0,0
223.545,1.0000,0,0,0,0
223.572,1.0000,0,0,0,0
223.605,1.0000,0,0,0,0
223.641,1.0000,0,0,0,0
223.674,1.0000,0,0,0,0
223.708,1.0000,0,0,0,0
223.740,1.0000,0,0,0,0
223.772,1.0000,0,0,0,0
223.805,1.0000,0,0,0,0
223.839,1.0000,0,0,0,0
223.872,1.0000,0,0,0,0
223.908,1.0000,0,0,0,0
223.939,1.0000,0,0,0,0
223.974,1.0000,0,0,0,0
224.008,1.0000,0,0,0,0
224.041,1.0000,0,0,0,0
224.076,1.0000,0,0,0,0
224.105,1.0000,0,0,0,0
224.141,1.0000,0,0,0,0
224.172,1.0000,0,0,0,0
224.207,1.0000,0,0,0,0
224.241,1.0000,0,0,0,0
224.272,1.0000,0,0,0,0
224.307,1.0000,0,0,0,0
224.339,1.0000,0,0,0,0
224.374,1.0000,0,0,0,0
224.396,1.0000,0,0,0,0
224.441,1.0000,0,0,0,0
224.475,1.0000,0,0,0,0
224.507,1.0000,0,0,0,0
224.539,1.0000,0,0,0,0
224.575,1.0000,0,0,0,0
224.609,1.0000,0,0,0,0
224.643,1.0000,0,0,0,0
224.674,1.0000,0,0,0,0
224.706,1.0000,0,0,0,0
224.739,1.0000,0,0,0,0
224.774,1.0000,0,0,0,0
224.807,1.0000,0,0,0,0
224.838,1.0000,0,0,0,0
224.874,1.0000,0,0,0,0
224.907,1.0000,0,0,0,0
224.938,1.0000,0,0,0,0
224.974,1.0000,0,0,0,0
225.007,1.0000,0,0,0,0
225.040,1.0000,0,0,0,0
225.073,1.0000,0,0,0,0
225.105,1.0000,0,0,0,0
225.141,1.0000,0,0,0,0
225.175,1.0000,0,0,0,0
225.207,1.0000,0,0,0,0
225.239,1.0000,0,0,0,0
225.274,1.0000,0,0,0,0
225.301,1.0000,0,0,0,0
225.339,1.0000,0,0,0,0
225.374,1.0000,0,0,0,0
225.405,1.0000,0,0,0,0
225.443,1.0000,0,0,0,0
225.472,1.0000,0,0,0,0
225.507,1.0000,0,0,0,0
225.539,1.0000,0,0,0,0
225.573,1.0000,0,0,0,0
225.604,1.0000,0,0,0,0
225.640,1.0000,0,0,0,0
225.671,1.0000,0,0,0,0
225.705,1.0000,0,0,0,0
225.740,1.0000,0,0,0,0
225.774,1.0000,0,0,0,0
225.809,1.0000,0,0,0,0
225.843,1.0000,0,0,0,0
225.867,1.0000,0,0,0,0
225.909,1.0000,0,0,0,0
225.932,1.0000,0,0,0,0
225.967,1.0000,0,0,0,0
226.009,1.0000,0,0,0,0
226.046,1.0000,0,0,0,0
226.076,1.0000,0,0,0,0
226.111,1.0000,0,0,0,0
226.140,1.0000,0,0,0,0
226.174,1.0000,0,0,0,0
226.208,1.0000,0,0,0,0
226.242,1.0000,0,0,0,0
226.268,1.0000,0,0,0,0
226.311,1.0000,0,0,0,0
226.332,1.0000,0,0,0,0
226.375,1.0000,0,0,0,0
226.407,1.0000,0,0,0,0
226.444,1.0000,0,0,0,0
226.480,1.0000,0,0,0,0
226.512,1.0000,0,0,0,0
226.540,1.0000,0,0,0,0
226.577,1.0000,0,0,0,0
226.608,1.0000,0,0,0,0
226.640,1.0000,0,0,0,0
226.681,1.0000,0,0,0,0
226.709,1.0000,0,0,0,0
226.740,1.0000,0,0,0,0
226.778,1.0000,0,0,0,0
226.808,1.0000,0,0,0,0
226.841,1.0000,0,0,0,0
226.874,1.0000,0,0,0,0
226.913,1.0000,0,0,0,0
226.945,1.0000,0,0,0,0
226.976,1.0000,0,0,0,0
227.007,1.0000,0,0,0,0
227.044,1.0000,0,0,0,0
227.074,1.0000,0,0,0,0
227.111,1.0000,0,0,0,0
227.140,1.0000,0,0,0,0
227.175,1.0000,0,0,0,0
227.211,1.0000,0,0,0,0
227.240,1.0000,0,0,0,0
227.274,1.0000,0,0,0,0
227.310,1.0000,0,0,0,0
227.341,1.0000,0,0,0,0
227.375,1.0000,0,0,0,0
227.410,1.0000,0,0,0,0
227.441,1.0000,0,0,0,0
227.478,1.0000,0,0,0,0
227.509,1.0000,0,0,0,0
227.543,1.0000,0,0,0,0
227.574,1.0000,0,0,0,0
227.609,1.0000,0,0,0,0
227.645,1.0000,0,0,0,0
227.673,1.0000,0,0,0,0
227.713,1.0000,0,0,0,0
227.745,1.0000,0,0,0,0
227.778,1.0000,0,0,0,0
227.811,1.0000,0,0,0,0
227.842,1.0000,0,0,0,0
227.875,1.0000,0,0,0,0
227.909,1.0000,0,0,0,0
227.942,1.0000,0,0,0,0
227.976,1.0000,0,0,0,0
228.010,1.0000,0,0,0,0
228.045,1.0000,0,0,0,0
228.074,1.0000,0,0,0,0
228.108,1.0000,0,0,0,0
228.142,1.0000,0,0,0,0
228.176,1.0000,0,0,0,0
228.210,1.0000,0,0,0,0
228.240,1.0000,0,0,0,0
228.277,1.0000,0,0,0,0
228.307,1.0000,0,0,0,0
228.346,1.0000,0,0,0,0
228.373,1.0000,0,0,0,0
228.409,1.0000,0,0,0,0
228.444,1.0000,0,0,0,0
228.478,1.0000,0,0,0,0
228.508,1.0000,0,0,0,0
228.545,1.0000,0,0,0,0
228.577,1.0000,0,0,0,0
228.612,1.0000,0,0,0,0
228.644,1.0000,0,0,0,0
228.674,1.0000,0,0,0,0
228.712,1.0000,0,0,0,0
228.741,1.0000,0,0,0,0
228.775,1.0000,0,0,0,0
228.808,1.0000,0,0,0,0
228.840,1.0000,0,0,0,0
228.873,1.0000,0,0,0,0
228.909,1.0000,0,0,0,0
228.942,1.0000,0,0,0,0
228.974,1.0000,0,0,0,0
229.009,1.0000,0,0,0,0
229.044,1.0000,0,0,0,0
229.078,1.0000,0,0,0,0
229.107,1.0000,0,0,0,0
229.142,1.0000,0,0,0,0
229.174,1.0000,0,0,0,0
229.210,1.0000,0,0,0,0
229.246,1.0000,0,0,0,0
229.278,1.0000,0,0,0,0
229.310,1.0000,0,0,0,0
229.344,1.0000,0,0,0,0
229.377,1.0000,0,0,0,0
229.410,1.0000,0,0,0,0
229.445,1.0000,0,0,0,0
229.478,1.0000,0,0,0,0
229.507,1.0000,0,0,0,0
229.540,1.0000,0,0,0,0
229.574,1.0000,0,0,0,0
229.607,1.0000,0,0,0,0
229.641,1.0000,0,0,0,0
229.676,1.0000,0,0,0,0
229.711,1.0000,0,0,0,0
229.742,1.0000,0,0,0,0
229.777,1.0000,0,0,0,0
229.807,1.0000,0,0,0,0
229.842,1.0000,0,0,0,0
229.873,1.0000,0,0,0,0
229.908,1.0000,0,0,0,0
229.944,1.0000,0,0,0,0
229.974,1.0000,0,0,0,0
230.008,1.0000,0,0,0,0
230.042,1.0000,0,0,0,0
230.077,1.0000,0,0,0,0
230.107,1.0000,0,0,0,0
230.143,1.0000,0,0,0,0
230.178,1.0000,0,0,0,0
230.207,1.0000,0,0,0,0
230.241,1.0000,0,0,0,0
230.275,1.0000,0,0,0,0
230.309,1.0000,0,0,0,0
230.343,1.0000,0,0,0,0
230.376,1.0000,0,0,0,0
230.411,1.0000,0,0,0,0
230.440,1.0000,0,0,0,0
230.474,1.0000,0,0,0,0
230.509,1.0000,0,0,0,0
230.542,1.0000,0,0,0,0
230.574,1.0000,0,0,0,0
230.610,1.0000,0,0,0,0
230.642,1.0000,0,0,0,0
230.677,1.0000,0,0,0,0
230.709,1.0000,0,0,0,0
230.741,1.0000,0,0,0,0
230.774,1.0000,0,0,0,0
230.810,1.0000,0,0,0,0
230.841,1.0000,0,0,0,0
230.874,1.0000,0,0,0,0
230.907,1.0000,0,0,0,0
230.946,1.0000,0,0,0,0
230.976,1.0000,0,0,0,0
231.008,1.0000,0,0,0,0
231.045,1.0000,0,0,0,0
231.074,1.0000,0,0,0,0
231.108,1.0000,0,0,0,0
231.146,1.0000,0,0,0,0
231.174,1.0000,0,0,0,0
231.212,1.0000,0,0,0,0
231.247,1.0000,0,0,0,0
231.268,1.0000,0,0,0,0
231.313,1.0000,0,0,0,0
231.341,1.0000,0,0,0,0
231.374,1.0000,0,0,0,0
231.407,1.0000,0,0,0,0
231.437,1.0000,0,0,0,0
231.480,1.0000,0,0,0,0
231.514,1.0000,0,0,0,0
231.551,1.0000,0,0,0,0
231.585,1.0000,0,0,0,0
231.618,1.0000,0,0,0,0
231.652,1.0000,0,0,0,0
231.683,1.0000,0,0,0,0
231.715,1.0000,0,0,0,0
231.750,1.0000,0,0,0,0
231.784,1.0000,0,0,0,0
231.807,1.0000,0,0,0,0
231.851,1.0000,0,0,0,0
231.874,1.0000,0,0,0,0
231.918,1.0000,0,0,0,0
231.950,1.0000,0,0,0,0
231.983,1.0000,0,0,0,0
232.017,1.0000,0,0,0,0
232.051,1.0000,0,0,0,0
232.083,1.0000,0,0,0,0
232.116,1.0000,0,0,0,0
232.150,1.0000,0,0,0,0
232.183,1.0000,0,0,0,0
232.217,1.0000,0,0,0,0
232.250,1.0000,0,0,0,0
232.284,1.0000,0,0,0,0
232.316,1.0000,0,0,0,0
232.347,1.0000,0,0,0,0
232.382,1.0000,0,0,0,0
232.417,1.0000,0,0,0,0
232.452,1.0000,0,0,0,0
232.483,1.0000,0,0,0,0
232.517,1.0000,0,0,0,0
232.551,1.0000,0,0,0,0
232.584,1.0000,0,0,0,0
232.619,1.0000,0,0,0,0
232.648,1.0000,0,0,0,0
232.687,1.0000,0,0,0,0
232.718,1.0000,0,0,0,0
232.754,1.0000,0,0,0,0
232.785,1.0000,0,0,0,0
232.817,1.0000,0,0,0,0
232.849,1.0000,0,0,0,0
232.882,1.0000,0,0,0,0
232.919,1.0000,0,0,0,0
232.947,1.0000,0,0,0,0
232.985,1.0000,0,0,0,0
233.020,1.0000,0,0,0,0
233.054,1.0000,0,0,0,0
233.081,1.0000,0,0,0,0
233.116,1.0000,0,0,0,0
233.152,1.0000,0,0,0,0
233.182,1.0000,0,0,0,0
233.216,1.0000,0,0,0,0
233.251,1.0000,0,0,0,0
233.286,1.0000,0,0,0,0
233.320,1.0000,0,0,0,0
233.359,1.0000,0,0,0,0
233.382,1.0000,0,0,0,0
233.420,1.0000,0,0,0,0
233.459,1.0000,0,0,0,0
233.490,1.0000,0,0,0,0
233.522,1.0000,0,0,0,0
233.560,1.0000,0,0,0,0
233.586,1.0000,0,0,0,0
233.625,1.0000,0,0,0,0
233.674,1.0000,0,0,0,0
233.723,1.0000,0,0,0,0
233.760,1.0000,0,0,0,0
233.793,1.0000,0,0,0,0
233.826,1.0000,0,0,0,0
233.857,1.0000,0,0,0,0
233.891,1.0000,0,0,0,0
233.925,1.0000,0,0,0,0
233.948,1.0000,0,0,0,0
233.993,1.0000,0,0,0,0
234.024,1.0000,0,0,0,0
234.048,1.0000,0,0,0,0
234.094,1.0000,0,0,0,0
234.126,1.0000,0,0,0,0
234.152,1.0000,0,0,0,0
234.192,1.0000,0,0,0,0
234.223,1.0000,0,0,0,0
234.261,1.0000,0,0,0,0
234.291,1.0000,0,0,0,0
234.323,1.0000,0,0,0,0
234.360,1.0000,0,0,0,0
234.382,1.0000,0,0,0,0
234.426,1.0000,0,0,0,0
234.452,1.0000,0,0,0,0
234.492,1.0000,0,0,0,0
234.525,1.0000,0,0,0,0
234.558,1.0000,0,0,0,0
234.591,1.0000,0,0,0,0
234.627,1.0000,0,0,0,0
234.661,1.0000,0,0,0,0
234.693,1.0000,0,0,0,0
234.725,1.0000,0,0,0,0
234.759,1.0000,0,0,0,0
234.794,1.0000,0,0,0,0
234.822,1.0000,0,0,0,0
234.855,1.0000,0,0,0,0
234.889,1.0000,0,0,0,0
234.923,1.0000,0,0,0,0
234.957,1.0000,0,0,0,0
234.989,1.0000,0,0,0,0
235.025,1.0000,0,0,0,0
235.056,1.0000,0,0,0,0
235.091,1.0000,0,0,0,0
235.124,1.0000,0,0,0,0
235.159,1.0000,0,0,0,0
235.193,1.0000,0,0,0,0
235.223,1.0000,0,0,0,0
235.257,1.0000,0,0,0,0
235.291,1.0000,0,0,0,0
235.328,1.0000,0,0,0,0
235.357,1.0000,0,0,0,0
235.397,1.0000,0,0,0,0
235.423,1.0000,0,0,0,0
235.454,1.0000,0,0,0,0
235.490,1.0000,0,0,0,0
235.524,1.0000,0,0,0,0
235.557,1.0000,0,0,0,0
235.594,1.0000,0,0,0,0
235.626,1.0000,0,0,0,0
235.658,1.0000,0,0,0,0
235.694,1.0000,0,0,0,0
235.726,1.0000,0,0,0,0
235.758,1.0000,0,0,0,0
235.795,1.0000,0,0,0,0
235.823,1.0000,0,0,0,0
235.858,1.0000,0,0,0,0
235.890,1.0000,0,0,0,0
235.924,1.0000,0,0,0,0
235.957,1.0000,0,0,0,0
235.993,1.0000,0,0,0,0
236.024,1.0000,0,0,0,0
236.059,1.0000,0,0,0,0
236.090,1.0000,0,0,0,0
236.124,1.0000,0,0,0,0
236.157,1.0000,0,0,0,0
236.191,1.0000,0,0,0,0
236.225,1.0000,0,0,0,0
236.259,1.0000,0,0,0,0
236.291,1.0000,0,0,0,0
236.325,1.0000,0,0,0,0
236.358,1.0000,0,0,0,0
236.391,1.0000,0,0,0,0
236.424,1.0000,0,0,0,0
236.457,1.0000,0,0,0,0
236.493,1.0000,0,0,0,0
236.523,1.0000,0,0,0,0
236.559,1.0000,0,0,0,0
236.591,1.0000,0,0,0,0
236.623,1.0000,0,0,0,0
236.656,1.0000,0,0,0,0
236.691,1.0000,0,0,0,0
236.724,1.0000,0,0,0,0
236.758,1.0000,0,0,0,0
236.790,1.0000,0,0,0,0
236.826,1.0000,0,0,0,0
236.858,1.0000,0,0,0,0
236.895,1.0000,0,0,0,0
236.924,1.0000,0,0,0,0
236.959,1.0000,0,0,0,0
236.993,1.0000,0,0,0,0
237.015,1.0000,0,0,0,0
237.057,1.0000,0,0,0,0
237.091,1.0000,0,0,0,0
237.122,1.0000,0,0,0,0
237.158,1.0000,0,0,0,0
237.193,1.0000,0,0,0,0
237.222,1.0000,0,0,0,0
237.260,1.0000,0,0,0,0
237.296,1.0000,0,0,0,0
237.320,1.0000,0,0,0,0
237.358,1.0000,0,0,0,0
237.393,1.0000,0,0,0,0
237.425,1.0000,0,0,0,0
237.459,1.0000,0,0,0,0
237.489,1.0000,0,0,0,0
237.530,1.0000,0,0,0,0
237.554,1.0000,0,0,0,0
237.590,1.0000,0,0,0,0
237.616,1.0000,0,0,0,0
237.658,1.0000,0,0,0,0
237.680,1.0000,0,0,0,0
237.725,1.0000,0,0,0,0
237.753,1.0000,0,0,0,0
237.790,1.0000,0,0,0,0
237.825,1.0000,0,0,0,0
237.857,1.0000,0,0,0,0
237.896,1.0000,0,0,0,0
237.918,1.0000,0,0,0,0
237.958,1.0000,0,0,0,0
237.988,1.0000,0,0,0,0
238.019,1.0000,0,0,0,0
238.061,1.0000,0,0,0,0
238.089,1.0000,0,0,0,0
238.123,1.0000,0,0,0,0
238.160,1.0000,0,0,0,0
238.193,1.0000,0,0,0,0
238.227,1.0000,0,0,0,0
238.257,1.0000,0,0,0,0
238.289,1.0000,0,0,0,0
238.325,1.0000,0,0,0,0
238.358,1.0000,0,0,0,0
238.390,1.0000,0,0,0,0
238.430,1.0000,0,0,0,0
238.452,1.0000,0,0,0,0
238.497,1.0000,0,0,0,0
238.533,1.0000,0,0,0,0
238.555,1.0000,0,0,0,0
238.596,1.0000,0,0,0,0
238.627,1.0000,0,0,0,0
238.651,1.0000,0,0,0,0
238.695,1.0000,0,0,0,0
238.728,1.0000,0,0,0,0
238.762,1.0000,0,0,0,0
238.794,1.0000,0,0,0,0
238.830,1.0000,0,0,0,0
238.862,1.0000,0,0,0,0
238.895,1.0000,0,0,0,0
238.919,1.0000,0,0,0,0
238.963,1.0000,0,0,0,0
238.993,1.0000,0,0,0,0
239.028,1.0000,0,0,0,0
239.060,1.0000,0,0,0,0
239.093,1.0000,0,0,0,0
239.128,1.0000,0,0,0,0
239.161,1.0000,0,0,0,0
239.195,1.0000,0,0,0,0
239.228,1.0000,0,0,0,0
239.259,1.0000,0,0,0,0
239.293,1.0000,0,0,0,0
239.326,1.0000,0,0,0,0
239.363,1.0000,0,0,0,0
239.393,1.0000,0,0,0,0
239.426,1.0000,0,0,0,0
239.462,1.0000,0,0,0,0
239.495,1.0000,0,0,0,0
239.527,1.0000,0,0,0,0
239.564,1.0000,0,0,0,0
239.599,1.0000,0,0,0,0
239.631,1.0000,0,0,0,0
239.664,1.0000,0,0,0,0
239.694,1.0000,0,0,0,0
239.732,1.0000,0,0,0,0
239.762,1.0000,0,0,0,0
239.797,1.0000,0,0,0,0
239.830,1.0000,0,0,0,0
239.866,1.0000,0,0,0,0
239.896,1.0000,0,0,0,0
239.929,1.0000,0,0,0,0
239.954,1.0000,0,0,0,0
239.989,1.0000,0,0,0,0
240.016,1.0000,0,0,0,0
240.065,1.0000,0,0,0,0
240.085,1.0000,0,0,0,0
240.132,1.0000,0,0,0,0
240.156,1.0000,0,0,0,0
240.195,1.0000,0,0,0,0
240.234,1.0000,0,0,0,0
240.263,1.0000,0,0,0,0
240.285,1.0000,0,0,0,0
240.332,1.0000,0,0,0,0
240.354,1.0000,0,0,0,0
240.392,1.0000,0,0,0,0
240.419,1.0000,0,0,0,0
240.464,1.0000,0,0,0,0
240.488,1.0000,0,0,0,0
240.528,1.0000,0,0,0,0
240.562,1.0000,0,0,0,0
240.597,1.0000,0,0,0,0
240.626,1.0000,0,0,0,0
240.663,1.0000,0,0,0,0
240.695,1.0000,0,0,0,0
240.729,1.0000,0,0,0,0
240.762,1.0000,0,0,0,0
240.787,1.0000,0,0,0,0
240.833,1.0000,0,0,0,0
240.859,1.0000,0,0,0,0
240.894,1.0000,0,0,0,0
240.926,1.0000,0,0,0,0
240.965,1.0000,0,0,0,0
240.998,1.0000,0,0,0,0
241.027,1.0000,0,0,0,0
241.063,1.0000,0,0,0,0
241.097,1.0000,0,0,0,0
241.129,1.0000,0,0,0,0
241.163,1.0000,0,0,0,0
241.196,1.0000,0,0,0,0
241.230,1.0000,0,0,0,0
241.260,1.0000,0,0,0,0
241.294,1.0000,0,0,0,0
241.328,1.0000,0,0,0,0
241.363,1.0000,0,0,0,0
241.400,1.0000,0,0,0,0
241.421,1.0000,0,0,0,0
241.460,1.0000,0,0,0,0
241.496,1.0000,0,0,0,0
241.522,1.0000,0,0,0,0
241.560,1.0000,0,0,0,0
241.593,1.0000,0,0,0,0
241.631,1.0000,0,0,0,0
241.659,1.0000,0,0,0,0
241.697,1.0000,0,0,0,0
241.725,1.0000,0,0,0,0
241.761,1.0000,0,0,0,0
241.794,1.0000,0,0,0,0
241.827,1.0000,0,0,0,0
241.851,1.0000,0,0,0,0
241.892,1.0000,0,0,0,0
241.920,1.0000,0,0,0,0
241.959,1.0000,0,0,0,0
241.994,1.0000,0,0,0,0
242.029,1.0000,0,0,0,0
242.059,1.0000,0,0,0,0
242.094,1.0000,0,0,0,0
242.128,1.0000,0,0,0,0
242.159,1.0000,0,0,0,0
242.193,1.0000,0,0,0,0
242.226,1.0000,0,0,0,0
242.264,1.0000,0,0,0,0
242.290,1.0000,0,0,0,0
242.331,1.0000,0,0,0,0
242.365,1.0000,0,0,0,0
242.398,1.0000,0,0,0,0
242.430,1.0000,0,0,0,0
242.459,1.0000,0,0,0,0
242.495,1.0000,0,0,0,0
242.527,1.0000,0,0,0,0
242.563,1.0000,0,0,0,0
242.592,1.0000,0,0,0,0
242.631,1.0000,0,0,0,0
242.662,1.0000,0,0,0,0
242.699,1.0000,0,0,0,0
242.728,1.0000,0,0,0,0
242.761,1.0000,0,0,0,0
242.797,1.0000,0,0,0,0
242.829,1.0000,0,0,0,0
242.860,1.0000,0,0,0,0
242.898,1.0000,0,0,0,0
242.930,1.0000,0,0,0,0
242.961,1.0000,0,0,0,0
242.992,1.0000,0,0,0,0
243.027,1.0000,0,0,0,0
243.064,1.0000,0,0,0,0
243.097,1.0000,0,0,0,0
243.129,1.0000,0,0,0,0
243.161,1.0000,0,0,0,0
243.193,1.0000,0,0,0,0
243.230,1.0000,0,0,0,0
243.260,1.0000,0,0,0,0
243.296,1.0000,0,0,0,0
243.329,1.0000,0,0,0,0
243.360,1.0000,0,0,0,0
243.392,1.0000,0,0,0,0
243.434,1.0000,0,0,0,0
243.462,1.0000,0,0,0,0
243.486,1.0000,0,0,0,0
243.529,1.0000,0,0,0,0
243.561,1.0000,0,0,0,0
243.597,1.0000,0,0,0,0
243.626,1.0000,0,0,0,0
243.657,1.0000,0,0,0,0
243.696,1.0000,0,0,0,0
243.729,1.0000,0,0,0,0
243.762,1.0000,0,0,0,0
243.793,1.0000,0,0,0,0
243.826,1.0000,0,0,0,0
243.863,1.0000,0,0,0,0
243.897,1.0000,0,0,0,0
243.929,1.0000,0,0,0,0
243.960,1.0000,0,0,0,0
243.999,1.0000,0,0,0,0
244.030,1.0000,0,0,0,0
244.060,1.0000,0,0,0,0
244.099,1.0000,0,0,0,0
244.131,1.0000,0,0,0,0
244.163,1.0000,0,0,0,0
244.195,1.0000,0,0,0,0
244.226,1.0000,0,0,0,0
244.259,1.0000,0,0,0,0
244.293,1.0000,0,0,0,0
244.331,1.0000,0,0,0,0
244.359,1.0000,0,0,0,0
244.397,1.0000,0,0,0,0
244.418,1.0000,0,0,0,0
244.464,1.0000,0,0,0,0
244.486,1.0000,0,0,0,0
244.530,1.0000,0,0,0,0
244.562,1.0000,0,0,0,0
244.592,1.0000,0,0,0,0
244.627,1.0000,0,0,0,0
244.665,1.0000,0,0,0,0
244.696,1.0000,0,0,0,0
244.726,1.0000,0,0,0,0
244.761,1.0000,0,0,0,0
244.795,1.0000,0,0,0,0
244.831,1.0000,0,0,0,0
244.862,1.0000,0,0,0,0
244.894,1.0000,0,0,0,0
244.926,1.0000,0,0,0,0
244.962,1.0000,0,0,0,0
244.995,1.0000,0,0,0,0
245.030,1.0000,0,0,0,0
245.061,1.0000,0,0,0,0
245.095,1.0000,0,0,0,0
245.128,1.0000,0,0,0,0
245.162,1.0000,0,0,0,0
245.193,1.0000,0,0,0,0
245.227,1.0000,0,0,0,0
245.262,1.0000,0,0,0,0
245.292,1.0000,0,0,0,0
245.327,1.0000,0,0,0,0
245.360,1.0000,0,0,0,0
245.393,1.0000,0,0,0,0
245.426,1.0000,0,0,0,0
245.463,1.0000,0,0,0,0
245.493,1.0000,0,0,0,0
245.526,1.0000,0,0,0,0
245.563,1.0000,0,0,0,0
245.599,1.0000,0,0,0,0
245.628,1.0000,0,0,0,0
245.661,1.0000,0,0,0,0
245.695,1.0000,0,0,0,0
245.726,1.0000,0,0,0,0
245.760,1.0000,0,0,0,0
245.793,1.0000,0,0,0,0
245.831,1.0000,0,0,0,0
245.852,1.0000,0,0,0,0
245.897,1.0000,0,0,0,0
245.927,1.0000,0,0,0,0
245.960,1.0000,0,0,0,0
245.992,1.0000,0,0,0,0
246.029,1.0000,0,0,0,0
246.062,1.0000,0,0,0,0
246.095,1.0000,0,0,0,0
246.129,1.0000,0,0,0,0
246.161,1.0000,0,0,0,0
246.192,1.0000,0,0,0,0
246.230,1.0000,0,0,0,0
246.260,1.0000,0,0,0,0
246.295,1.0000,0,0,0,0
246.332,1.0000,0,0,0,0
246.359,1.0000,0,0,0,0
246.394,1.0000,0,0,0,0
246.429,1.0000,0,0,0,0
246.463,1.0000,0,0,0,0
246.497,1.0000,0,0,0,0
246.530,1.0000,0,0,0,0
246.552,1.0000,0,0,0,0
246.597,1.0000,0,0,0,0
246.627,1.0000,0,0,0,0
246.667,1.0000,0,0,0,0
246.686,1.0000,0,0,0,0
246.727,1.0000,0,0,0,0
246.751,1.0000,0,0,0,0
246.792,1.0000,0,0,0,0
246.829,1.0000,0,0,0,0
246.861,1.0000,0,0,0,0
246.895,1.0000,0,0,0,0
246.929,1.0000,0,0,0,0
246.961,1.0000,0,0,0,0
246.993,1.0000,0,0,0,0
247.029,1.0000,0,0,0,0
247.064,1.0000,0,0,0,0
247.096,1.0000,0,0,0,0
247.130,1.0000,0,0,0,0
247.160,1.0000,0,0,0,0
247.195,1.0000,0,0,0,0
247.227,1.0000,0,0,0,0
247.259,1.0000,0,0,0,0
247.292,1.0000,0,0,0,0
247.330,1.0000,0,0,0,0
247.360,1.0000,0,0,0,0
247.395,1.0000,0,0,0,0
247.428,1.0000,0,0,0,0
247.459,1.0000,0,0,0,0
247.494,1.0000,0,0,0,0
247.531,1.0000,0,0,0,0
247.559,1.0000,0,0,0,0
247.594,1.0000,0,0,0,0
247.627,1.0000,0,0,0,0
247.662,1.0000,0,0,0,0
247.694,1.0000,0,0,0,0
247.729,1.0000,0,0,0,0
247.761,1.0000,0,0,0,0
247.794,1.0000,0,0,0,0
247.830,1.0000,0,0,0,0
247.863,1.0000,0,0,0,0
247.897,1.0000,0,0,0,0
247.930,1.0000,0,0,0,0
247.963,1.0000,0,0,0,0
247.992,1.0000,0,0,0,0
248.031,1.0000,0,0,0,0
248.060,1.0000,0,0,0,0
248.094,1.0000,0,0,0,0
248.130,1.0000,0,0,0,0
248.159,1.0000,0,0,0,0
248.197,1.0000,0,0,0,0
248.229,1.0000,0,0,0,0
248.261,1.0000,0,0,0,0
248.295,1.0000,0,0,0,0
248.328,1.0000,0,0,0,0
248.363,1.0000,0,0,0,0
248.396,1.0000,0,0,0,0
248.429,1.0000,0,0,0,0
248.461,1.0000,0,0,0,0
248.494,1.0000,0,0,0,0
248.528,1.0000,0,0,0,0
248.563,1.0000,0,0,0,0
248.597,1.0000,0,0,0,0
248.628,1.0000,0,0,0,0
248.660,1.0000,0,0,0,0
248.692,1.0000,0,0,0,0
248.727,1.0000,0,0,0,0
248.762,1.0000,0,0,0,0
248.798,1.0000,0,0,0,0
248.826,1.0000,0,0,0,0
248.861,1.0000,0,0,0,0
248.893,1.0000,0,0,0,0
248.930,1.0000,0,0,0,0
248.960,1.0000,0,0,0,0
248.996,1.0000,0,0,0,0
249.031,1.0000,0,0,0,0
249.061,1.0000,0,0,0,0
249.095,1.0000,0,0,0,0
249.128,1.0000,0,0,0,0
249.163,1.0000,0,0,0,0
249.199,1.0000,0,0,0,0
249.229,1.0000,0,0,0,0
249.264,1.0000,0,0,0,0
249.296,1.0000,0,0,0,0
249.330,1.0000,0,0,0,0
249.359,1.0000,0,0,0,0
249.394,1.0000,0,0,0,0
249.428,1.0000,0,0,0,0
249.459,1.0000,0,0,0,0
249.498,1.0000,0,0,0,0
249.526,1.0000,0,0,0,0
249.560,1.0000,0,0,0,0
249.593,1.0000,0,0,0,0
249.630,1.0000,0,0,0,0
249.662,1.0000,0,0,0,0
249.693,1.0000,0,0,0,0
249.731,1.0000,0,0,0,0
249.760,1.0000,0,0,0,0
249.798,1.0000,0,0,0,0
249.827,1.0000,0,0,0,0
249.860,1.0000,0,0,0,0
249.893,1.0000,0,0,0,0
249.926,1.0000,0,0,0,0
249.964,1.0000,0,0,0,0
249.997,1.0000,0,0,0,0
250.033,1.0000,0,0,0,0
250.064,1.0000,0,0,0,0
250.094,1.0000,0,0,0,0
250.129,1.0000,0,0,0,0
250.165,1.0000,0,0,0,0
250.191,1.0000,0,0,0,0
250.228,1.0000,0,0,0,0
250.266,1.0000,0,0,0,0
250.295,1.0000,0,0,0,0
250.328,1.0000,0,0,0,0
250.363,1.0000,0,0,0,0
250.397,1.0000,0,0,0,0
250.433,1.0000,0,0,0,0
250.464,1.0000,0,0,0,0
250.495,1.0000,0,0,0,0
250.529,1.0000,0,0,0,0
250.560,1.0000,0,0,0,0
250.595,1.0000,0,0,0,0
250.626,1.0000,0,0,0,0
250.661,1.0000,0,0,0,0
250.696,1.0000,0,0,0,0
250.728,1.0000,0,0,0,0
250.761,1.0000,0,0,0,0
250.797,1.0000,0,0,0,0
250.831,1.0000,0,0,0,0
250.861,1.0000,0,0,0,0
250.895,1.0000,0,0,0,0
250.927,1.0000,0,0,0,0
250.962,1.0000,0,0,0,0
250.996,1.0000,0,0,0,0
251.025,1.0000,0,0,0,0
251.061,1.0000,0,0,0,0
251.092,1.0000,0,0,0,0
251.126,1.0000,0,0,0,0
251.161,1.0000,0,0,0,0
251.193,1.0000,0,0,0,0
251.229,1.0000,0,0,0,0
251.261,1.0000,0,0,0,0
251.294,1.0000,0,0,0,0
251.329,1.0000,0,0,0,0
251.369,1.0000,0,0,0,0
251.393,1.0000,0,0,0,0
251.428,1.0000,0,0,0,0
251.465,1.0000,0,0,0,0
251.496,1.0000,0,0,0,0
251.531,1.0000,0,0,0,0
251.559,1.0000,0,0,0,0
251.595,1.0000,0,0,0,0
251.629,1.0000,0,0,0,0
251.661,1.0000,0,0,0,0
251.694,1.0000,0,0,0,0
251.726,1.0000,0,0,0,0
251.763,1.0000,0,0,0,0
251.793,1.0000,0,0,0,0
251.830,1.0000,0,0,0,0
251.866,1.0000,0,0,0,0
251.897,1.0000,0,0,0,0
251.931,1.0000,0,0,0,0
251.962,1.0000,0,0,0,0
251.997,1.0000,0,0,0,0
252.029,1.0000,0,0,0,0
252.061,1.0000,0,0,0,0
252.096,1.0000,0,0,0,0
252.130,1.0000,0,0,0,0
252.162,1.0000,0,0,0,0
252.197,1.0000,0,0,0,0
252.233,1.0000,0,0,0,0
252.252,1.0000,0,0,0,0
252.297,1.0000,0,0,0,0
252.318,1.0000,0,0,0,0
252.360,1.0000,0,0,0,0
252.384,1.0000,0,0,0,0
252.430,1.0000,0,0,0,0
252.452,1.0000,0,0,0,0
252.494,1.0000,0,0,0,0
252.527,1.0000,0,0,0,0
252.562,1.0000,0,0,0,0
252.597,1.0000,0,0,0,0
252.631,1.0000,0,0,0,0
252.660,1.0000,0,0,0,0
252.695,1.0000,0,0,0,0
252.729,1.0000,0,0,0,0
252.763,1.0000,0,0,0,0
252.793,1.0000,0,0,0,0
252.830,1.0000,0,0,0,0
252.863,1.0000,0,0,0,0
252.891,1.0000,0,0,0,0
252.926,1.0000,0,0,0,0
252.960,1.0000,0,0,0,0
252.997,1.0000,0,0,0,0
253.030,1.0000,0,0,0,0
253.063,1.0000,0,0,0,0
253.096,1.0000,0,0,0,0
253.126,1.0000,0,0,0,0
253.162,1.0000,0,0,0,0
253.197,1.0000,0,0,0,0
253.227,1.0000,0,0,0,0
253.260,1.0000,0,0,0,0
253.296,1.0000,0,0,0,0
253.331,1.0000,0,0,0,0
253.365,1.0000,0,0,0,0
253.394,1.0000,0,0,0,0
253.429,1.0000,0,0,0,0
253.465,1.0000,0,0,0,0
253.496,1.0000,0,0,0,0
253.528,1.0000,0,0,0,0
253.559,1.0000,0,0,0,0
253.593,1.0000,0,0,0,0
253.629,1.0000,0,0,0,0
253.664,1.0000,0,0,0,0
253.693,1.0000,0,0,0,0
253.729,1.0000,0,0,0,0
253.759,1.0000,0,0,0,0
253.794,1.0000,0,0,0,0
253.826,1.0000,0,0,0,0
253.859,1.0000,0,0,0,0
253.895,1.0000,0,0,0,0
253.927,1.0000,0,0,0,0
253.960,1.0000,0,0,0,0
253.996,1.0000,0,0,0,0
254.031,1.0000,0,0,0,0
254.059,1.0000,0,0,0,0
254.093,1.0000,0,0,0,0
254.130,1.0000,0,0,0,0
254.161,1.0000,0,0,0,0
254.193,1.0000,0,0,0,0
254.228,1.0000,0,0,0,0
254.259,1.0000,0,0,0,0
254.293,1.0000,0,0,0,0
254.326,1.0000,0,0,0,0
254.363,1.0000,0,0,0,0
254.395,1.0000,0,0,0,0
254.428,1.0000,0,0,0,0
254.461,1.0000,0,0,0,0
254.496,1.0000,0,0,0,0
254.530,1.0000,0,0,0,0
254.562,1.0000,0,0,0,0
254.593,1.0000,0,0,0,0
254.627,1.0000,0,0,0,0
254.660,1.0000,0,0,0,0
254.694,1.0000,0,0,0,0
254.727,1.0000,0,0,0,0
254.760,1.0000,0,0,0,0
254.796,1.0000,0,0,0,0
254.830,1.0000,0,0,0,0
254.861,1.0000,0,0,0,0
254.894,1.0000,0,0,0,0
254.931,1.0000,0,0,0,0
254.952,1.0000,0,0,0,0
254.996,1.0000,0,0,0,0
255.027,1.0000,0,0,0,0
255.061,1.0000,0,0,0,0
255.094,1.0000,0,0,0,0
255.129,1.0000,0,0,0,0
255.160,1.0000,0,0,0,0
255.196,1.0000,0,0,0,0
255.231,1.0000,0,0,0,0
255.260,1.0000,0,0,0,0
255.295,1.0000,0,0,0,0
255.329,1.0000,0,0,0,0
255.360,1.0000,0,0,0,0
255.395,1.0000,0,0,0,0
255.426,1.0000,0,0,0,0
255.465,1.0000,0,0,0,0
255.496,1.0000,0,0,0,0
255.531,1.0000,0,0,0,0
255.561,1.0000,0,0,0,0
255.593,1.0000,0,0,0,0
255.627,1.0000,0,0,0,0
255.661,1.0000,0,0,0,0
255.693,1.0000,0,0,0,0
255.726,1.0000,0,0,0,0
255.762,1.0000,0,0,0,0
255.795,1.0000,0,0,0,0
255.831,1.0000,0,0,0,0
255.873,1.0000,0,0,0,0
255.890,1.0000,0,0,0,0
255.927,1.0000,0,0,0,0
255.959,1.0000,0,0,0,0
255.997,1.0000,0,0,0,0
256.030,1.0000,0,0,0,0
256.060,1.0000,0,0,0,0
256.098,1.0000,0,0,0,0
256.126,1.0000,0,0,0,0
256.163,1.0000,0,0,0,0
256.194,1.0000,0,0,0,0
256.230,1.0000,0,0,0,0
256.263,1.0000,0,0,0,0
256.297,1.0000,0,0,0,0
256.327,1.0000,0,0,0,0
256.359,1.0000,0,0,0,0
256.393,1.0000,0,0,0,0
256.431,1.0000,0,0,0,0
256.461,1.0000,0,0,0,0
256.497,1.0000,0,0,0,0
256.528,1.0000,0,0,0,0
256.559,1.0000,0,0,0,0
256.594,1.0000,0,0,0,0
256.628,1.0000,0,0,0,0
256.661,1.0000,0,0,0,0
256.696,1.0000,0,0,0,0
256.724,1.0000,0,0,0,0
256.763,1.0000,0,0,0,0
256.799,1.0000,0,0,0,0
256.826,1.0000,0,0,0,0
256.863,1.0000,0,0,0,0
256.896,1.0000,0,0,0,0
256.926,1.0000,0,0,0,0
256.962,1.0000,0,0,0,0
256.993,1.0000,0,0,0,0
257.029,1.0000,0,0,0,0
257.063,1.0000,0,0,0,0
257.094,1.0000,0,0,0,0
257.130,1.0000,0,0,0,0
257.164,1.0000,0,0,0,0
257.193,1.0000,0,0,0,0
257.232,1.0000,0,0,0,0
257.253,1.0000,0,0,0,0
257.294,1.0000,0,0,0,0
257.327,1.0000,0,0,0,0
257.364,1.0000,0,0,0,0
257.396,1.0000,0,0,0,0
257.427,1.0000,0,0,0,0
257.459,1.0000,0,0,0,0
257.495,1.0000,0,0,0,0
257.524,1.0000,0,0,0,0
257.559,1.0000,0,0,0,0
257.594,1.0000,0,0,0,0
257.631,1.0000,0,0,0,0
257.661,1.0000,0,0,0,0
257.696,1.0000,0,0,0,0
257.728,1.0000,0,0,0,0
257.764,1.0000,0,0,0,0
257.792,1.0000,0,0,0,0
257.831,1.0000,0,0,0,0
257.860,1.0000,0,0,0,0
257.896,1.0000,0,0,0,0
257.928,1.0000,0,0,0,0
257.959,1.0000,0,0,0,0
257.997,1.0000,0,0,0,0
258.018,1.0000,0,0,0,0
258.063,1.0000,0,0,0,0
258.088,1.0000,0,0,0,0
258.127,1.0000,0,0,0,0
258.162,1.0000,0,0,0,0
258.197,1.0000,0,0,0,0
258.228,1.0000,0,0,0,0
258.260,1.0000,0,0,0,0
258.293,1.0000,0,0,0,0
258.330,1.0000,0,0,0,0
258.360,1.0000,0,0,0,0
258.394,1.0000,0,0,0,0
258.426,1.0000,0,0,0,0
258.461,1.0000,0,0,0,0
258.492,1.0000,0,0,0,0
258.532,1.0000,0,0,0,0
258.564,1.0000,0,0,0,0
258.594,1.0000,0,0,0,0
258.630,1.0000,0,0,0,0
258.661,1.0000,0,0,0,0
258.698,1.0000,0,0,0,0
258.728,1.0000,0,0,0,0
258.759,1.0000,0,0,0,0
258.793,1.0000,0,0,0,0
258.827,1.0000,0,0,0,0
258.861,1.0000,0,0,0,0
258.894,1.0000,0,0,0,0
258.928,1.0000,0,0,0,0
258.961,1.0000,0,0,0,0
258.996,1.0000,0,0,0,0
259.030,1.0000,0,0,0,0
259.062,1.0000,0,0,0,0
259.095,1.0000,0,0,0,0
259.131,1.0000,0,0,0,0
259.163,1.0000,0,0,0,0
259.195,1.0000,0,0,0,0
259.226,1.0000,0,0,0,0
259.263,1.0000,0,0,0,0
259.293,1.0000,0,0,0,0
259.330,1.0000,0,0,0,0
259.365,1.0000,0,0,0,0
259.393,1.0000,0,0,0,0
259.427,1.0000,0,0,0,0
259.462,1.0000,0,0,0,0
259.494,1.0000,0,0,0,0
259.528,1.0000,0,0,0,0
259.559,1.0000,0,0,0,0
259.593,1.0000,0,0,0,0
259.632,1.0000,0,0,0,0
259.653,1.0000,0,0,0,0
259.696,1.0000,0,0,0,0
259.727,1.0000,0,0,0,0
259.759,1.0000,0,0,0,0
259.799,1.0000,0,0,0,0
259.827,1.0000,0,0,0,0
259.864,1.0000,0,0,0,0
259.896,1.0000,0,0,0,0
259.928,1.0000,0,0,0,0
259.962,1.0000,0,0,0,0
259.993,1.0000,0,0,0,0
260.031,1.0000,0,0,0,0
260.061,1.0000,0,0,0,0
260.096,1.0000,0,0,0,0
260.127,1.0000,0,0,0,0
260.166,1.0000,0,0,0,0
260.196,1.0000,0,0,0,0
260.227,1.0000,0,0,0,0
260.261,1.0000,0,0,0,0
260.295,1.0000,0,0,0,0
260.326,1.0000,0,0,0,0
260.362,1.0000,0,0,0,0
260.394,1.0000,0,0,0,0
260.428,1.0000,0,0,0,0
260.461,1.0000,0,0,0,0
260.495,1.0000,0,0,0,0
260.528,1.0000,0,0,0,0
260.861,1.0000,0,0,0,0
260.936,1.0000,0,0,0,0
260.968,1.0000,0,0,0,0
261.001,1.0000,0,0,0,0
261.034,1.0000,0,0,0,0
261.067,1.0000,0,0,0,0
261.103,1.0000,0,0,0,0
261.136,1.0000,0,0,0,0
261.170,1.0000,0,0,0,0
261.203,1.0000,0,0,0,0
261.235,1.0000,0,0,0,0
261.270,1.0000,0,0,0,0
261.304,1.0000,0,0,0,0
261.336,1.0000,0,0,0,0
261.370,1.0000,0,0,0,0
261.401,1.0000,0,0,0,0
261.438,1.0000,0,0,0,0
261.467,1.0000,0,0,0,0
261.505,1.0000,0,0,0,0
261.542,1.0000,0,0,0,0
261.566,1.0000,0,0,0,0
261.600,1.0000,0,0,0,0
261.635,1.0000,0,0,0,0
261.667,1.0000,0,0,0,0
261.705,1.0000,0,0,0,0
261.733,1.0000,0,0,0,0
261.766,1.0000,0,0,0,0
261.804,1.0000,0,0,0,0
261.838,1.0000,0,0,0,0
261.868,1.0000,0,0,0,0
261.902,1.0000,0,0,0,0
261.932,1.0000,0,0,0,0
261.969,1.0000,0,0,0,0
261.999,1.0000,0,0,0,0
262.039,1.0000,0,0,0,0
262.071,1.0000,0,0,0,0
262.100,1.0000,0,0,0,0
262.128,1.0000,0,0,0,0
262.171,1.0000,0,0,0,0
262.204,1.0000,0,0,0,0
262.235,1.0000,0,0,0,0
262.271,1.0000,0,0,0,0
262.302,1.0000,0,0,0,0
262.337,1.0000,0,0,0,0
262.369,1.0000,0,0,0,0
262.403,1.0000,0,0,0,0
262.437,1.0000,0,0,0,0
262.468,1.0000,0,0,0,0
262.504,1.0000,0,0,0,0
262.535,1.0000,0,0,0,0
262.569,1.0000,0,0,0,0
262.605,1.0000,0,0,0,0
262.638,1.0000,0,0,0,0
262.669,1.0000,0,0,0,0
262.701,1.0000,0,0,0,0
262.738,1.0000,0,0,0,0
262.769,1.0000,0,0,0,0
262.801,1.0000,0,0,0,0
262.827,1.0000,0,0,0,0
262.868,1.0000,0,0,0,0
262.901,1.0000,0,0,0,0
262.935,1.0000,0,0,0,0
262.969,1.0000,0,0,0,0
263.002,1.0000,0,0,0,0
263.038,1.0000,0,0,0,0
263.069,1.0000,0,0,0,0
263.106,1.0000,0,0,0,0
263.134,1.0000,0,0,0,0
263.168,1.0000,0,0,0,0
263.202,1.0000,0,0,0,0
263.234,1.0000,0,0,0,0
263.271,1.0000,0,0,0,0
263.303,1.0000,0,0,0,0
263.336,1.0000,0,0,0,0
263.371,1.0000,0,0,0,0
263.403,1.0000,0,0,0,0
263.433,1.0000,0,0,0,0
263.471,1.0000,0,0,0,0
263.495,1.0000,0,0,0,0
263.523,1.0000,0,0,0,0
263.570,1.0000,0,0,0,0
263.601,1.0000,0,0,0,0
263.636,1.0000,0,0,0,0
263.667,1.0000,0,0,0,0
263.701,1.0000,0,0,0,0
263.738,1.0000,0,0,0,0
263.769,1.0000,0,0,0,0
263.802,1.0000,0,0,0,0
263.836,1.0000,0,0,0,0
263.872,1.0000,0,0,0,0
263.901,1.0000,0,0,0,0
263.937,1.0000,0,0,0,0
263.967,1.0000,0,0,0,0
264.000,1.0000,0,0,0,0
264.035,1.0000,0,0,0,0
264.070,1.0000,0,0,0,0
264.103,1.0000,0,0,0,0
264.135,1.0000,0,0,0,0
264.172,1.0000,0,0,0,0
264.202,1.0000,0,0,0,0
264.234,1.0000,0,0,0,0
264.269,1.0000,0,0,0,0
264.303,1.0000,0,0,0,0
264.335,1.0000,0,0,0,0
264.371,1.0000,0,0,0,0
264.406,1.0000,0,0,0,0
264.435,1.0000,0,0,0,0
264.468,1.0000,0,0,0,0
264.502,1.0000,0,0,0,0
264.536,1.0000,0,0,0,0
264.571,1.0000,0,0,0,0
264.606,1.0000,0,0,0,0
264.635,1.0000,0,0,0,0
264.670,1.0000,0,0,0,0
264.705,1.0000,0,0,0,0
264.734,1.0000,0,0,0,0
264.769,1.0000,0,0,0,0
264.801,1.0000,0,0,0,0
264.835,1.0000,0,0,0,0
264.870,1.0000,0,0,0,0
264.902,1.0000,0,0,0,0
264.934,1.0000,0,0,0,0
264.970,1.0000,0,0,0,0
265.004,1.0000,0,0,0,0
265.036,1.0000,0,0,0,0
265.070,1.0000,0,0,0,0
265.102,1.0000,0,0,0,0
265.136,1.0000,0,0,0,0
265.172,1.0000,0,0,0,0
265.202,1.0000,0,0,0,0
265.239,1.0000,0,0,0,0
265.270,1.0000,0,0,0,0
265.304,1.0000,0,0,0,0
265.335,1.0000,0,0,0,0
265.367,1.0000,0,0,0,0
265.404,1.0000,0,0,0,0
265.435,1.0000,0,0,0,0
265.468,1.0000,0,0,0,0
265.505,1.0000,0,0,0,0
265.527,1.0000,0,0,0,0
265.570,1.0000,0,0,0,0
265.608,1.0000,0,0,0,0
265.636,1.0000,0,0,0,0
265.670,1.0000,0,0,0,0
265.703,1.0000,0,0,0,0
265.737,1.0000,0,0,0,0
265.772,1.0000,0,0,0,0
265.802,1.0000,0,0,0,0
265.834,1.0000,0,0,0,0
265.868,1.0000,0,0,0,0
265.901,1.0000,0,0,0,0
265.938,1.0000,0,0,0,0
265.969,1.0000,0,0,0,0
266.001,1.0000,0,0,0,0
266.038,1.0000,0,0,0,0
266.074,1.0000,0,0,0,0
266.102,1.0000,0,0,0,0
266.136,1.0000,0,0,0,0
266.170,1.0000,0,0,0,0
266.203,1.0000,0,0,0,0
266.236,1.0000,0,0,0,0
266.271,1.0000,0,0,0,0
266.301,1.0000,0,0,0,0
266.336,1.0000,0,0,0,0
266.372,1.0000,0,0,0,0
266.404,1.0000,0,0,0,0
266.436,1.0000,0,0,0,0
266.468,1.0000,0,0,0,0
266.505,1.0000,0,0,0,0
266.529,1.0000,0,0,0,0
266.568,1.0000,0,0,0,0
266.602,1.0000,0,0,0,0
266.636,1.0000,0,0,0,0
266.671,1.0000,0,0,0,0
266.704,1.0000,0,0,0,0
266.738,1.0000,0,0,0,0
266.772,1.0000,0,0,0,0
266.805,1.0000,0,0,0,0
266.837,1.0000,0,0,0,0
266.867,1.0000,0,0,0,0
266.905,1.0000,0,0,0,0
266.934,1.0000,0,0,0,0
266.969,1.0000,0,0,0,0
267.001,1.0000,0,0,0,0
267.034,1.0000,0,0,0,0
267.071,1.0000,0,0,0,0
267.105,1.0000,0,0,0,0
267.136,1.0000,0,0,0,0
267.172,1.0000,0,0,0,0
267.202,1.0000,0,0,0,0
267.236,1.0000,0,0,0,0
267.270,1.0000,0,0,0,0
267.303,1.0000,0,0,0,0
267.333,1.0000,0,0,0,0
267.367,1.0000,0,0,0,0
267.402,1.0000,0,0,0,0
267.436,1.0000,0,0,0,0
267.468,1.0000,0,0,0,0
267.502,1.0000,0,0,0,0
267.534,1.0000,0,0,0,0
267.568,1.0000,0,0,0,0
267.601,1.0000,0,0,0,0
267.634,1.0000,0,0,0,0
267.671,1.0000,0,0,0,0
267.702,1.0000,0,0,0,0
267.736,1.0000,0,0,0,0
267.767,1.0000,0,0,0,0
267.805,1.0000,0,0,0,0
267.834,1.0000,0,0,0,0
267.869,1.0000,0,0,0,0
267.902,1.0000,0,0,0,0
267.934,1.0000,0,0,0,0
267.968,1.0000,0,0,0,0
268.001,1.0000,0,0,0,0
268.040,1.0000,0,0,0,0
268.070,1.0000,0,0,0,0
268.101,1.0000,0,0,0,0
268.138,1.0000,0,0,0,0
268.168,1.0000,0,0,0,0
268.203,1.0000,0,0,0,0
268.238,1.0000,0,0,0,0
268.268,1.0000,0,0,0,0
268.305,1.0000,0,0,0,0
268.334,1.0000,0,0,0,0
268.368,1.0000,0,0,0,0
268.401,1.0000,0,0,0,0
268.438,1.0000,0,0,0,0
268.469,1.0000,0,0,0,0
268.504,1.0000,0,0,0,0
268.537,1.0000,0,0,0,0
268.571,1.0000,0,0,0,0
268.601,1.0000,0,0,0,0
268.638,1.0000,0,0,0,0
268.668,1.0000,0,0,0,0
268.703,1.0000,0,0,0,0
268.735,1.0000,0,0,0,0
268.771,1.0000,0,0,0,0
268.812,1.0000,0,0,0,0
268.835,1.0000,0,0,0,0
268.872,1.0000,0,0,0,0
268.902,1.0000,0,0,0,0
268.938,1.0000,0,0,0,0
268.968,1.0000,0,0,0,0
269.005,1.0000,0,0,0,0
269.034,1.0000,0,0,0,0
269.071,1.0000,0,0,0,0
269.103,1.0000,0,0,0,0
269.135,1.0000,0,0,0,0
269.170,1.0000,0,0,0,0
269.201,1.0000,0,0,0,0
269.238,1.0000,0,0,0,0
269.269,1.0000,0,0,0,0
269.301,1.0000,0,0,0,0
269.334,1.0000,0,0,0,0
269.370,1.0000,0,0,0,0
269.402,1.0000,0,0,0,0
269.435,1.0000,0,0,0,0
269.469,1.0000,0,0,0,0
269.501,1.0000,0,0,0,0
269.537,1.0000,0,0,0,0
269.568,1.0000,0,0,0,0
269.604,1.0000,0,0,0,0
269.638,1.0000,0,0,0,0
269.668,1.0000,0,0,0,0
269.705,1.0000,0,0,0,0
269.737,1.0000,0,0,0,0
269.771,1.0000,0,0,0,0
269.802,1.0000,0,0,0,0
269.836,1.0000,0,0,0,0
269.871,1.0000,0,0,0,0
269.902,1.0000,0,0,0,0
269.935,1.0000,0,0,0,0
269.969,1.0000,0,0,0,0
270.001,1.0000,0,0,0,0
270.037,1.0000,0,0,0,0
270.069,1.0000,0,0,0,0
270.100,1.0000,0,0,0,0
270.139,1.0000,0,0,0,0
270.170,1.0000,0,0,0,0
270.200,1.0000,0,0,0,0
270.233,1.0000,0,0,0,0
270.269,1.0000,0,0,0,0
270.303,1.0000,0,0,0,0
270.337,1.0000,0,0,0,0
270.371,1.0000,0,0,0,0
270.402,1.0000,0,0,0,0
270.475,1.0000,0,0,0,0
270.526,1.0000,0,0,0,0
270.554,1.0000,0,0,0,0
270.565,1.0000,0,0,0,0
270.604,1.0000,0,0,0,0
270.635,1.0000,0,0,0,0
270.668,1.0000,0,0,0,0
270.702,1.0000,0,0,0,0
270.733,1.0000,0,0,0,0
270.767,1.0000,0,0,0,0
270.801,1.0000,0,0,0,0
270.832,1.0000,0,0,0,0
270.869,1.0000,0,0,0,0
270.893,1.0000,0,0,0,0
270.931,1.0000,0,0,0,0
270.960,1.0000,0,0,0,0
271.001,1.0000,0,0,0,0
271.034,1.0000,0,0,0,0
271.070,1.0000,0,0,0,0
271.102,1.0000,0,0,0,0
271.134,1.0000,0,0,0,0
271.169,1.0000,0,0,0,0
271.202,1.0000,0,0,0,0
271.235,1.0000,0,0,0,0
271.267,1.0000,0,0,0,0
271.304,1.0000,0,0,0,0
271.335,1.0000,0,0,0,0
271.366,1.0000,0,0,0,0
271.401,1.0000,0,0,0,0
271.436,1.0000,0,0,0,0
271.466,1.0000,0,0,0,0
271.504,1.0000,0,0,0,0
271.534,1.0000,0,0,0,0
271.567,1.0000,0,0,0,0
271.600,1.0000,0,0,0,0
271.634,1.0000,0,0,0,0
271.670,1.0000,0,0,0,0
271.703,1.0000,0,0,0,0
271.737,1.0000,0,0,0,0
271.766,1.0000,0,0,0,0
271.790,1.0000,0,0,0,0
271.833,1.0000,0,0,0,0
271.868,1.0000,0,0,0,0
271.902,1.0000,0,0,0,0
271.935,1.0000,0,0,0,0
271.967,1.0000,0,0,0,0
272.004,1.0000,0,0,0,0
272.036,1.0000,0,0,0,0
272.066,1.0000,0,0,0,0
272.100,1.0000,0,0,0,0
272.134,1.0000,0,0,0,0
272.168,1.0000,0,0,0,0
272.200,1.0000,0,0,0,0
272.235,1.0000,0,0,0,0
272.270,1.0000,0,0,0,0
272.304,1.0000,0,0,0,0
272.336,1.0000,0,0,0,0
272.371,1.0000,0,0,0,0
272.400,1.0000,0,0,0,0
272.434,1.0000,0,0,0,0
272.468,1.0000,0,0,0,0
272.500,1.0000,0,0,0,0
272.535,1.0000,0,0,0,0
272.571,1.0000,0,0,0,0
272.603,1.0000,0,0,0,0
272.636,1.0000,0,0,0,0
272.667,1.0000,0,0,0,0
272.700,1.0000,0,0,0,0
272.737,1.0000,0,0,0,0
272.768,1.0000,0,0,0,0
272.800,1.0000,0,0,0,0
272.831,1.0000,0,0,0,0
272.869,1.0000,0,0,0,0
272.899,1.0000,0,0,0,0
272.935,1.0000,0,0,0,0
272.970,1.0000,0,0,0,0
273.002,1.0000,0,0,0,0
273.036,1.0000,0,0,0,0
273.070,1.0000,0,0,0,0
273.102,1.0000,0,0,0,0
273.137,1.0000,0,0,0,0
273.167,1.0000,0,0,0,0
273.201,1.0000,0,0,0,0
273.235,1.0000,0,0,0,0
273.270,1.0000,0,0,0,0
273.301,1.0000,0,0,0,0
273.334,1.0000,0,0,0,0
273.368,1.0000,0,0,0,0
273.403,1.0000,0,0,0,0
273.434,1.0000,0,0,0,0
273.470,1.0000,0,0,0,0
273.501,1.0000,0,0,0,0
273.537,1.0000,0,0,0,0
273.570,1.0000,0,0,0,0
273.599,1.0000,0,0,0,0
273.633,1.0000,0,0,0,0
273.669,1.0000,0,0,0,0
273.703,1.0000,0,0,0,0
273.733,1.0000,0,0,0,0
273.766,1.0000,0,0,0,0
273.801,1.0000,0,0,0,0
273.839,1.0000,0,0,0,0
273.872,1.0000,0,0,0,0
273.901,1.0000,0,0,0,0
273.937,1.0000,0,0,0,0
273.970,1.0000,0,0,0,0
274.002,1.0000,0,0,0,0
274.036,1.0000,0,0,0,0
274.070,1.0000,0,0,0,0
274.104,1.0000,0,0,0,0
274.134,1.0000,0,0,0,0
274.171,1.0000,0,0,0,0
274.201,1.0000,0,0,0,0
274.234,1.0000,0,0,0,0
274.269,1.0000,0,0,0,0
274.301,1.0000,0,0,0,0
274.333,1.0000,0,0,0,0
274.368,1.0000,0,0,0,0
274.401,1.0000,0,0,0,0
274.437,1.0000,0,0,0,0
274.468,1.0000,0,0,0,0
274.501,1.0000,0,0,0,0
274.534,1.0000,0,0,0,0
274.568,1.0000,0,0,0,0
274.603,1.0000,0,0,0,0
274.635,1.0000,0,0,0,0
274.668,1.0000,0,0,0,0
274.703,1.0000,0,0,0,0
274.736,1.0000,0,0,0,0
274.769,1.0000,0,0,0,0
274.801,1.0000,0,0,0,0
274.834,1.0000,0,0,0,0
274.867,1.0000,0,0,0,0
274.901,1.0000,0,0,0,0
274.937,1.0000,0,0,0,0
274.966,1.0000,0,0,0,0
275.000,1.0000,0,0,0,0
275.036,1.0000,0,0,0,0
275.067,1.0000,0,0,0,0
275.100,1.0000,0,0,0,0
275.133,1.0000,0,0,0,0
275.168,1.0000,0,0,0,0
275.199,1.0000,0,0,0,0
275.237,1.0000,0,0,0,0
275.267,1.0000,0,0,0,0
275.304,1.0000,0,0,0,0
275.335,1.0000,0,0,0,0
275.366,1.0000,0,0,0,0
275.400,1.0000,0,0,0,0
275.436,1.0000,0,0,0,0
275.468,1.0000,0,0,0,0
275.505,1.0000,0,0,0,0
275.537,1.0000,0,0,0,0
275.569,1.0000,0,0,0,0
275.602,1.0000,0,0,0,0
275.633,1.0000,0,0,0,0
275.669,1.0000,0,0,0,0
275.705,1.0000,0,0,0,0
275.736,1.0000,0,0,0,0
275.768,1.0000,0,0,0,0
275.800,1.0000,0,0,0,0
275.838,1.0000,0,0,0,0
275.871,1.0000,0,0,0,0
275.900,1.0000,0,0,0,0
275.934,1.0000,0,0,0,0
275.969,1.0000,0,0,0,0
276.002,1.0000,0,0,0,0
276.038,1.0000,0,0,0,0
276.070,1.0000,0,0,0,0
276.100,1.0000,0,0,0,0
276.135,1.0000,0,0,0,0
276.169,1.0000,0,0,0,0
276.204,1.0000,0,0,0,0
276.238,1.0000,0,0,0,0
276.267,1.0000,0,0,0,0
276.304,1.0000,0,0,0,0
276.336,1.0000,0,0,0,0
276.367,1.0000,0,0,0,0
276.402,1.0000,0,0,0,0
276.434,1.0000,0,0,0,0
276.467,1.0000,0,0,0,0
276.499,1.0000,0,0,0,0
276.536,1.0000,0,0,0,0
276.570,1.0000,0,0,0,0
276.602,1.0000,0,0,0,0
276.637,1.0000,0,0,0,0
276.670,1.0000,0,0,0,0
276.700,1.0000,0,0,0,0
276.737,1.0000,0,0,0,0
276.767,1.0000,0,0,0,0
276.805,1.0000,0,0,0,0
276.834,1.0000,0,0,0,0
276.873,1.0000,0,0,0,0
276.901,1.0000,0,0,0,0
276.934,1.0000,0,0,0,0
276.969,1.0000,0,0,0,0
277.000,1.0000,0,0,0,0
277.036,1.0000,0,0,0,0
277.070,1.0000,0,0,0,0
277.102,1.0000,0,0,0,0
277.137,1.0000,0,0,0,0
277.169,1.0000,0,0,0,0
277.199,1.0000,0,0,0,0
277.236,1.0000,0,0,0,0
277.268,1.0000,0,0,0,0
277.303,1.0000,0,0,0,0
277.336,1.0000,0,0,0,0
277.371,1.0000,0,0,0,0
277.403,1.0000,0,0,0,0
277.437,1.0000,0,0,0,0
277.471,1.0000,0,0,0,0
277.499,1.0000,0,0,0,0
277.534,1.0000,0,0,0,0
277.567,1.0000,0,0,0,0
277.600,1.0000,0,0,0,0
277.637,1.0000,0,0,0,0
277.669,1.0000,0,0,0,0
277.702,1.0000,0,0,0,0
277.735,1.0000,0,0,0,0
277.766,1.0000,0,0,0,0
277.800,1.0000,0,0,0,0
277.834,1.0000,0,0,0,0
277.870,1.0000,0,0,0,0
277.900,1.0000,0,0,0,0
277.936,1.0000,0,0,0,0
277.969,1.0000,0,0,0,0
278.004,1.0000,0,0,0,0
278.035,1.0000,0,0,0,0
278.071,1.0000,0,0,0,0
278.100,1.0000,0,0,0,0
278.138,1.0000,0,0,0,0
278.171,1.0000,0,0,0,0
278.200,1.0000,0,0,0,0
278.237,1.0000,0,0,0,0
278.271,1.0000,0,0,0,0
278.303,1.0000,0,0,0,0
278.333,1.0000,0,0,0,0
278.369,1.0000,0,0,0,0
278.403,1.0000,0,0,0,0
278.436,1.0000,0,0,0,0
278.467,1.0000,0,0,0,0
278.501,1.0000,0,0,0,0
278.533,1.0000,0,0,0,0
278.569,1.0000,0,0,0,0
278.600,1.0000,0,0,0,0
278.637,1.0000,0,0,0,0
278.670,1.0000,0,0,0,0
278.704,1.0000,0,0,0,0
278.734,1.0000,0,0,0,0
278.768,1.0000,0,0,0,0
278.803,1.0000,0,0,0,0
278.837,1.0000,0,0,0,0
278.869,1.0000,0,0,0,0
278.900,1.0000,0,0,0,0
278.937,1.0000,0,0,0,0
278.968,1.0000,0,0,0,0
279.002,1.0000,0,0,0,0
279.035,1.0000,0,0,0,0
279.068,1.0000,0,0,0,0
279.104,1.0000,0,0,0,0
279.135,1.0000,0,0,0,0
279.171,1.0000,0,0,0,0
279.204,1.0000,0,0,0,0
279.237,1.0000,0,0,0,0
279.268,1.0000,0,0,0,0
279.302,1.0000,0,0,0,0
279.336,1.0000,0,0,0,0
279.368,1.0000,0,0,0,0
279.401,1.0000,0,0,0,0
279.434,1.0000,0,0,0,0
279.469,1.0000,0,0,0,0
279.504,1.0000,0,0,0,0
279.536,1.0000,0,0,0,0
279.569,1.0000,0,0,0,0
279.601,1.0000,0,0,0,0
279.636,1.0000,0,0,0,0
279.668,1.0000,0,0,0,0
279.698,1.0000,0,0,0,0
279.733,1.0000,0,0,0,0
279.762,1.0000,0,0,0,0
279.800,1.0000,0,0,0,0
279.834,1.0000,0,0,0,0
279.868,1.0000,0,0,0,0
279.902,1.0000,0,0,0,0
279.936,1.0000,0,0,0,0
279.968,1.0000,0,0,0,0
280.003,1.0000,0,0,0,0
280.038,1.0000,0,0,0,0
280.071,1.0000,0,0,0,0
280.104,1.0000,0,0,0,0
280.131,1.0000,0,0,0,0
280.170,1.0000,0,0,0,0
280.202,1.0000,0,0,0,0
280.235,1.0000,0,0,0,0
280.268,1.0000,0,0,0,0
280.303,1.0000,0,0,0,0
280.333,1.0000,0,0,0,0
280.371,1.0000,0,0,0,0
280.401,1.0000,0,0,0,0
280.436,1.0000,0,0,0,0
280.468,1.0000,0,0,0,0
280.500,1.0000,0,0,0,0
280.535,1.0000,0,0,0,0
280.568,1.0000,0,0,0,0
280.601,1.0000,0,0,0,0
280.637,1.0000,0,0,0,0
280.667,1.0000,0,0,0,0
280.703,1.0000,0,0,0,0
280.734,1.0000,0,0,0,0
280.768,1.0000,0,0,0,0
280.842,1.0000,0,0,0,0
280.906,1.0000,0,0,0,0
280.922,1.0000,0,0,0,0
280.950,1.0000,0,0,0,0
280.985,1.0000,0,0,0,0
281.020,1.0000,0,0,0,0
281.051,1.0000,0,0,0,0
281.086,1.0000,0,0,0,0
281.118,1.0000,0,0,0,0
281.154,1.0000,0,0,0,0
281.183,1.0000,0,0,0,0
281.216,1.0000,0,0,0,0
281.253,1.0000,0,0,0,0
281.285,1.0000,0,0,0,0
281.320,1.0000,0,0,0,0
281.351,1.0000,0,0,0,0
281.385,1.0000,0,0,0,0
281.416,1.0000,0,0,0,0
281.449,1.0000,0,0,0,0
281.483,1.0000,0,0,0,0
281.517,1.0000,0,0,0,0
281.553,1.0000,0,0,0,0
281.585,1.0000,0,0,0,0
281.617,1.0000,0,0,0,0
281.651,1.0000,0,0,0,0
281.685,1.0000,0,0,0,0
281.719,1.0000,0,0,0,0
281.752,1.0000,0,0,0,0
281.782,1.0000,0,0,0,0
281.816,1.0000,0,0,0,0
281.851,1.0000,0,0,0,0
281.887,1.0000,0,0,0,0
281.919,1.0000,0,0,0,0
281.949,1.0000,0,0,0,0
281.986,1.0000,0,0,0,0
282.020,1.0000,0,0,0,0
282.051,1.0000,0,0,0,0
282.085,1.0000,0,0,0,0
282.121,1.0000,0,0,0,0
282.148,1.0000,0,0,0,0
282.185,1.0000,0,0,0,0
282.221,1.0000,0,0,0,0
282.242,1.0000,0,0,0,0
282.283,1.0000,0,0,0,0
282.316,1.0000,0,0,0,0
282.349,1.0000,0,0,0,0
282.384,1.0000,0,0,0,0
282.417,1.0000,0,0,0,0
282.452,1.0000,0,0,0,0
282.485,1.0000,0,0,0,0
282.519,1.0000,0,0,0,0
282.550,1.0000,0,0,0,0
282.590,1.0000,0,0,0,0
282.617,1.0000,0,0,0,0
282.651,1.0000,0,0,0,0
282.687,1.0000,0,0,0,0
282.711,1.0000,0,0,0,0
282.755,1.0000,0,0,0,0
282.782,1.0000,0,0,0,0
282.818,1.0000,0,0,0,0
282.852,1.0000,0,0,0,0
282.885,1.0000,0,0,0,0
282.917,1.0000,0,0,0,0
282.954,1.0000,0,0,0,0
282.976,1.0000,0,0,0,0
283.019,1.0000,0,0,0,0
283.045,1.0000,0,0,0,0
283.081,1.0000,0,0,0,0
283.121,1.0000,0,0,0,0
283.145,1.0000,0,0,0,0
283.186,1.0000,0,0,0,0
283.216,1.0000,0,0,0,0
283.253,1.0000,0,0,0,0
283.275,1.0000,0,0,0,0
283.318,1.0000,0,0,0,0
283.353,1.0000,0,0,0,0
283.383,1.0000,0,0,0,0
283.420,1.0000,0,0,0,0
283.448,1.0000,0,0,0,0
283.483,1.0000,0,0,0,0
283.519,1.0000,0,0,0,0
283.551,1.0000,0,0,0,0
283.587,1.0000,0,0,0,0
283.617,1.0000,0,0,0,0
283.651,1.0000,0,0,0,0
283.681,1.0000,0,0,0,0
283.721,1.0000,0,0,0,0
283.750,1.0000,0,0,0,0
283.783,1.0000,0,0,0,0
283.818,1.0000,0,0,0,0
283.849,1.0000,0,0,0,0
283.886,1.0000,0,0,0,0
283.921,1.0000,0,0,0,0
283.941,1.0000,0,0,0,0
283.987,1.0000,0,0,0,0
284.011,1.0000,0,0,0,0
284.051,1.0000,0,0,0,0
284.085,1.0000,0,0,0,0
284.118,1.0000,0,0,0,0
284.152,1.0000,0,0,0,0
284.184,1.0000,0,0,0,0
284.218,1.0000,0,0,0,0
284.252,1.0000,0,0,0,0
284.283,1.0000,0,0,0,0
284.317,1.0000,0,0,0,0
284.353,1.0000,0,0,0,0
284.383,1.0000,0,0,0,0
284.417,1.0000,0,0,0,0
284.453,1.0000,0,0,0,0
284.487,1.0000,0,0,0,0
284.518,1.0000,0,0,0,0
284.550,1.0000,0,0,0,0
284.588,1.0000,0,0,0,0
284.615,1.0000,0,0,0,0
284.649,1.0000,0,0,0,0
284.686,1.0000,0,0,0,0
284.720,1.0000,0,0,0,0
284.752,1.0000,0,0,0,0
284.787,1.0000,0,0,0,0
284.819,1.0000,0,0,0,0
284.852,1.0000,0,0,0,0
284.886,1.0000,0,0,0,0
284.917,1.0000,0,0,0,0
284.954,1.0000,0,0,0,0
284.986,1.0000,0,0,0,0
285.018,1.0000,0,0,0,0
285.050,1.0000,0,0,0,0
285.087,1.0000,0,0,0,0
285.110,1.0000,0,0,0,0
285.152,1.0000,0,0,0,0
285.184,1.0000,0,0,0,0
285.217,1.0000,0,0,0,0
285.253,1.0000,0,0,0,0
285.283,1.0000,0,0,0,0
285.316,1.0000,0,0,0,0
285.350,1.0000,0,0,0,0
285.387,1.0000,0,0,0,0
285.418,1.0000,0,0,0,0
285.450,1.0000,0,0,0,0
285.484,1.0000,0,0,0,0
285.519,1.0000,0,0,0,0
285.552,1.0000,0,0,0,0
285.587,1.0000,0,0,0,0
285.630,1.0000,0,0,0,0
285.646,1.0000,0,0,0,0
285.686,1.0000,0,0,0,0
285.718,1.0000,0,0,0,0
285.750,1.0000,0,0,0,0
285.785,1.0000,0,0,0,0
285.816,1.0000,0,0,0,0
285.851,1.0000,0,0,0,0
285.891,1.0000,0,0,0,0
285.917,1.0000,0,0,0,0
285.953,1.0000,0,0,0,0
285.985,1.0000,0,0,0,0
286.020,1.0000,0,0,0,0
286.050,1.0000,0,0,0,0
286.086,1.0000,0,0,0,0
286.119,1.0000,0,0,0,0
286.151,1.0000,0,0,0,0
286.185,1.0000,0,0,0,0
286.220,1.0000,0,0,0,0
286.252,1.0000,0,0,0,0
286.287,1.0000,0,0,0,0
286.318,1.0000,0,0,0,0
286.350,1.0000,0,0,0,0
286.387,1.0000,0,0,0,0
286.413,1.0000,0,0,0,0
286.453,1.0000,0,0,0,0
286.485,1.0000,0,0,0,0
286.518,1.0000,0,0,0,0
286.551,1.0000,0,0,0,0
286.584,1.0000,0,0,0,0
286.616,1.0000,0,0,0,0
286.650,1.0000,0,0,0,0
286.687,1.0000,0,0,0,0
286.720,1.0000,0,0,0,0
286.753,1.0000,0,0,0,0
286.784,1.0000,0,0,0,0
286.817,1.0000,0,0,0,0
286.854,1.0000,0,0,0,0
286.883,1.0000,0,0,0,0
286.918,1.0000,0,0,0,0
286.952,1.0000,0,0,0,0
286.986,1.0000,0,0,0,0
287.019,1.0000,0,0,0,0
287.051,1.0000,0,0,0,0
287.083,1.0000,0,0,0,0
287.119,1.0000,0,0,0,0
287.150,1.0000,0,0,0,0
287.187,1.0000,0,0,0,0
287.216,1.0000,0,0,0,0
287.251,1.0000,0,0,0,0
287.284,1.0000,0,0,0,0
287.316,1.0000,0,0,0,0
287.353,1.0000,0,0,0,0
287.386,1.0000,0,0,0,0
287.418,1.0000,0,0,0,0
287.453,1.0000,0,0,0,0
287.485,1.0000,0,0,0,0
287.516,1.0000,0,0,0,0
287.551,1.0000,0,0,0,0
287.586,1.0000,0,0,0,0
287.616,1.0000,0,0,0,0
287.649,1.0000,0,0,0,0
287.683,1.0000,0,0,0,0
287.720,1.0000,0,0,0,0
287.751,1.0000,0,0,0,0
287.786,1.0000,0,0,0,0
287.820,1.0000,0,0,0,0
287.851,1.0000,0,0,0,0
287.887,1.0000,0,0,0,0
287.915,1.0000,0,0,0,0
287.954,1.0000,0,0,0,0
287.977,1.0000,0,0,0,0
288.019,1.0000,0,0,0,0
288.044,1.0000,0,0,0,0
288.086,1.0000,0,0,0,0
288.118,1.0000,0,0,0,0
288.153,1.0000,0,0,0,0
288.186,1.0000,0,0,0,0
288.219,1.0000,0,0,0,0
288.253,1.0000,0,0,0,0
288.285,1.0000,0,0,0,0
288.320,1.0000,0,0,0,0
288.351,1.0000,0,0,0,0
288.385,1.0000,0,0,0,0
288.418,1.0000,0,0,0,0
288.505,1.0000,0,0,0,0
288.537,1.0000,0,0,0,0
288.572,1.0000,0,0,0,0
288.606,1.0000,0,0,0,0
288.639,1.0000,0,0,0,0
288.672,1.0000,0,0,0,0
288.703,1.0000,0,0,0,0
288.739,1.0000,0,0,0,0
288.774,1.0000,0,0,0,0
288.803,1.0000,0,0,0,0
288.837,1.0000,0,0,0,0
288.875,1.0000,0,0,0,0
288.898,1.0000,0,0,0,0
288.940,1.0000,0,0,0,0
288.962,1.0000,0,0,0,0
289.004,1.0000,0,0,0,0
289.039,1.0000,0,0,0,0
289.073,1.0000,0,0,0,0
289.105,1.0000,0,0,0,0
289.138,1.0000,0,0,0,0
289.171,1.0000,0,0,0,0
289.203,1.0000,0,0,0,0
289.237,1.0000,0,0,0,0
289.271,1.0000,0,0,0,0
289.308,1.0000,0,0,0,0
289.337,1.0000,0,0,0,0
289.371,1.0000,0,0,0,0
289.406,1.0000,0,0,0,0
289.438,1.0000,0,0,0,0
289.470,1.0000,0,0,0,0
289.506,1.0000,0,0,0,0
289.535,1.0000,0,0,0,0
289.574,1.0000,0,0,0,0
289.602,1.0000,0,0,0,0
289.638,1.0000,0,0,0,0
289.673,1.0000,0,0,0,0
289.708,1.0000,0,0,0,0
289.739,1.0000,0,0,0,0
289.770,1.0000,0,0,0,0
289.807,1.0000,0,0,0,0
289.840,1.0000,0,0,0,0
289.869,1.0000,0,0,0,0
289.903,1.0000,0,0,0,0
289.939,1.0000,0,0,0,0
289.971,1.0000,0,0,0,0
290.006,1.0000,0,0,0,0
290.038,1.0000,0,0,0,0
290.069,1.0000,0,0,0,0
290.102,1.0000,0,0,0,0
290.135,1.0000,0,0,0,0
290.174,1.0000,0,0,0,0
290.207,1.0000,0,0,0,0
290.239,1.0000,0,0,0,0
290.278,1.0000,0,0,0,0
290.296,1.0000,0,0,0,0
290.338,1.0000,0,0,0,0
290.370,1.0000,0,0,0,0
290.404,1.0000,0,0,0,0
290.442,1.0000,0,0,0,0
290.469,1.0000,0,0,0,0
290.503,1.0000,0,0,0,0
290.539,1.0000,0,0,0,0
290.572,1.0000,0,0,0,0
290.605,1.0000,0,0,0,0
290.637,1.0000,0,0,0,0
290.673,1.0000,0,0,0,0
290.705,1.0000,0,0,0,0
290.738,1.0000,0,0,0,0
290.770,1.0000,0,0,0,0
290.806,1.0000,0,0,0,0
290.840,1.0000,0,0,0,0
290.874,1.0000,0,0,0,0
290.902,1.0000,0,0,0,0
290.936,1.0000,0,0,0,0
290.971,1.0000,0,0,0,0
291.004,1.0000,0,0,0,0
291.037,1.0000,0,0,0,0
291.077,1.0000,0,0,0,0
291.105,1.0000,0,0,0,0
291.135,1.0000,0,0,0,0
291.168,1.0000,0,0,0,0
291.206,1.0000,0,0,0,0
291.235,1.0000,0,0,0,0
291.273,1.0000,0,0,0,0
291.306,1.0000,0,0,0,0
291.335,1.0000,0,0,0,0
291.371,1.0000,0,0,0,0
291.402,1.0000,0,0,0,0
291.438,1.0000,0,0,0,0
291.469,1.0000,0,0,0,0
291.504,1.0000,0,0,0,0
291.540,1.0000,0,0,0,0
291.570,1.0000,0,0,0,0
291.603,1.0000,0,0,0,0
291.640,1.0000,0,0,0,0
291.670,1.0000,0,0,0,0
291.706,1.0000,0,0,0,0
291.738,1.0000,0,0,0,0
291.771,1.0000,0,0,0,0
291.803,1.0000,0,0,0,0
291.838,1.0000,0,0,0,0
291.870,1.0000,0,0,0,0
291.901,1.0000,0,0,0,0
291.941,1.0000,0,0,0,0
291.980,1.0000,0,0,0,0
292.002,1.0000,0,0,0,0
292.036,1.0000,0,0,0,0
292.073,1.0000,0,0,0,0
292.104,1.0000,0,0,0,0
292.142,1.0000,0,0,0,0
292.169,1.0000,0,0,0,0
292.204,1.0000,0,0,0,0
292.236,1.0000,0,0,0,0
292.271,1.0000,0,0,0,0
292.302,1.0000,0,0,0,0
292.336,1.0000,0,0,0,0
292.369,1.0000,0,0,0,0
292.401,1.0000,0,0,0,0
292.437,1.0000,0,0,0,0
292.470,1.0000,0,0,0,0
292.505,1.0000,0,0,0,0
292.536,1.0000,0,0,0,0
292.571,1.0000,0,0,0,0
292.608,1.0000,0,0,0,0
292.635,1.0000,0,0,0,0
292.672,1.0000,0,0,0,0
292.704,1.0000,0,0,0,0
292.736,1.0000,0,0,0,0
292.771,1.0000,0,0,0,0
292.802,1.0000,0,0,0,0
292.839,1.0000,0,0,0,0
292.870,1.0000,0,0,0,0
292.903,1.0000,0,0,0,0
292.935,1.0000,0,0,0,0
292.974,1.0000,0,0,0,0
293.005,1.0000,0,0,0,0
293.038,1.0000,0,0,0,0
293.070,1.0000,0,0,0,0
293.104,1.0000,0,0,0,0
293.138,1.0000,0,0,0,0
293.170,1.0000,0,0,0,0
293.203,1.0000,0,0,0,0
293.236,1.0000,0,0,0,0
293.274,1.0000,0,0,0,0
293.303,1.0000,0,0,0,0
293.339,1.0000,0,0,0,0
293.369,1.0000,0,0,0,0
293.403,1.0000,0,0,0,0
293.434,1.0000,0,0,0,0
293.473,1.0000,0,0,0,0
293.504,1.0000,0,0,0,0
293.536,1.0000,0,0,0,0
293.569,1.0000,0,0,0,0
293.603,1.0000,0,0,0,0
293.639,1.0000,0,0,0,0
293.672,1.0000,0,0,0,0
293.702,1.0000,0,0,0,0
293.739,1.0000,0,0,0,0
293.773,1.0000,0,0,0,0
293.803,1.0000,0,0,0,0
293.838,1.0000,0,0,0,0
293.871,1.0000,0,0,0,0
293.906,1.0000,0,0,0,0
293.938,1.0000,0,0,0,0
293.972,1.0000,0,0,0,0
293.996,1.0000,0,0,0,0
294.035,1.0000,0,0,0,0
294.070,1.0000,0,0,0,0
294.102,1.0000,0,0,0,0
294.139,1.0000,0,0,0,0
294.170,1.0000,0,0,0,0
294.206,1.0000,0,0,0,0
294.235,1.0000,0,0,0,0
294.272,1.0000,0,0,0,0
294.306,1.0000,0,0,0,0
294.341,1.0000,0,0,0,0
294.371,1.0000,0,0,0,0
294.405,1.0000,0,0,0,0
294.441,1.0000,0,0,0,0
294.469,1.0000,0,0,0,0
294.503,1.0000,0,0,0,0
294.537,1.0000,0,0,0,0
294.569,1.0000,0,0,0,0
294.604,1.0000,0,0,0,0
294.636,1.0000,0,0,0,0
294.673,1.0000,0,0,0,0
294.702,1.0000,0,0,0,0
294.736,1.0000,0,0,0,0
294.770,1.0000,0,0,0,0
294.802,1.0000,0,0,0,0
294.837,1.0000,0,0,0,0
294.872,1.0000,0,0,0,0
294.905,1.0000,0,0,0,0
294.939,1.0000,0,0,0,0
294.969,1.0000,0,0,0,0
295.007,1.0000,0,0,0,0
295.040,1.0000,0,0,0,0
295.072,1.0000,0,0,0,0
295.101,1.0000,0,0,0,0
295.136,1.0000,0,0,0,0
295.170,1.0000,0,0,0,0
295.206,1.0000,0,0,0,0
295.236,1.0000,0,0,0,0
295.270,1.0000,0,0,0,0
295.304,1.0000,0,0,0,0
295.337,1.0000,0,0,0,0
295.370,1.0000,0,0,0,0
295.405,1.0000,0,0,0,0
295.438,1.0000,0,0,0,0
295.473,1.0000,0,0,0,0
295.504,1.0000,0,0,0,0
295.538,1.0000,0,0,0,0
295.569,1.0000,0,0,0,0
295.606,1.0000,0,0,0,0
295.635,1.0000,0,0,0,0
295.668,1.0000,0,0,0,0
295.706,1.0000,0,0,0,0
295.738,1.0000,0,0,0,0
295.771,1.0000,0,0,0,0
295.803,1.0000,0,0,0,0
295.836,1.0000,0,0,0,0
295.869,1.0000,0,0,0,0
295.903,1.0000,0,0,0,0
295.940,1.0000,0,0,0,0
295.969,1.0000,0,0,0,0
296.006,1.0000,0,0,0,0
296.036,1.0000,0,0,0,0
296.071,1.0000,0,0,0,0
296.106,1.0000,0,0,0,0
296.139,1.0000,0,0,0,0
296.172,1.0000,0,0,0,0
296.202,1.0000,0,0,0,0
296.238,1.0000,0,0,0,0
296.270,1.0000,0,0,0,0
296.306,1.0000,0,0,0,0
296.335,1.0000,0,0,0,0
296.369,1.0000,0,0,0,0
296.409,1.0000,0,0,0,0
296.430,1.0000,0,0,0,0
296.470,1.0000,0,0,0,0
296.504,1.0000,0,0,0,0
296.536,1.0000,0,0,0,0
296.572,1.0000,0,0,0,0
296.605,1.0000,0,0,0,0
296.642,1.0000,0,0,0,0
296.672,1.0000,0,0,0,0
296.702,1.0000,0,0,0,0
296.738,1.0000,0,0,0,0
296.770,1.0000,0,0,0,0
296.803,1.0000,0,0,0,0
296.841,1.0000,0,0,0,0
296.871,1.0000,0,0,0,0
296.905,1.0000,0,0,0,0
296.937,1.0000,0,0,0,0
296.970,1.0000,0,0,0,0
297.002,1.0000,0,0,0,0
297.039,1.0000,0,0,0,0
297.069,1.0000,0,0,0,0
297.106,1.0000,0,0,0,0
297.136,1.0000,0,0,0,0
297.170,1.0000,0,0,0,0
297.203,1.0000,0,0,0,0
297.240,1.0000,0,0,0,0
297.274,1.0000,0,0,0,0
297.307,1.0000,0,0,0,0
297.336,1.0000,0,0,0,0
297.372,1.0000,0,0,0,0
297.403,1.0000,0,0,0,0
297.439,1.0000,0,0,0,0
297.473,1.0000,0,0,0,0
297.506,1.0000,0,0,0,0
297.539,1.0000,0,0,0,0
297.571,1.0000,0,0,0,0
297.602,1.0000,0,0,0,0
297.636,1.0000,0,0,0,0
297.670,1.0000,0,0,0,0
297.707,1.0000,0,0,0,0
297.735,1.0000,0,0,0,0
297.772,1.0000,0,0,0,0
297.805,1.0000,0,0,0,0
297.837,1.0000,0,0,0,0
297.872,1.0000,0,0,0,0
297.904,1.0000,0,0,0,0
297.937,1.0000,0,0,0,0
297.969,1.0000,0,0,0,0
298.005,1.0000,0,0,0,0
298.037,1.0000,0,0,0,0
298.072,1.0000,0,0,0,0
298.102,1.0000,0,0,0,0
298.134,1.0000,0,0,0,0
298.173,1.0000,0,0,0,0
298.214,1.0000,0,0,0,0
298.293,1.0000,0,0,0,0
298.334,1.0000,0,0,0,0
298.368,1.0000,0,0,0,0
298.401,1.0000,0,0,0,0
298.433,1.0000,0,0,0,0
298.470,1.0000,0,0,0,0
298.499,1.0000,0,0,0,0
298.536,1.0000,0,0,0,0
298.566,1.0000,0,0,0,0
298.601,1.0000,0,0,0,0
298.636,1.0000,0,0,0,0
298.667,1.0000,0,0,0,0
298.704,1.0000,0,0,0,0
298.735,1.0000,0,0,0,0
298.769,1.0000,0,0,0,0
298.801,1.0000,0,0,0,0
298.833,1.0000,0,0,0,0
298.866,1.0000,0,0,0,0
298.900,1.0000,0,0,0,0
298.935,1.0000,0,0,0,0
298.966,1.0000,0,0,0,0
299.001,1.0000,0,0,0,0
299.034,1.0000,0,0,0,0
299.067,1.0000,0,0,0,0
299.102,1.0000,0,0,0,0
299.137,1.0000,0,0,0,0
299.165,1.0000,0,0,0,0
299.199,1.0000,0,0,0,0
299.233,1.0000,0,0,0,0
299.266,1.0000,0,0,0,0
299.301,1.0000,0,0,0,0
299.332,1.0000,0,0,0,0
299.367,1.0000,0,0,0,0
299.401,1.0000,0,0,0,0
299.434,1.0000,0,0,0,0
299.468,1.0000,0,0,0,0
299.502,1.0000,0,0,0,0
299.536,1.0000,0,0,0,0
299.569,1.0000,0,0,0,0
299.595,1.0000,0,0,0,0
299.634,1.0000,0,0,0,0
299.657,1.0000,0,0,0,0
299.697,1.0000,0,0,0,0
299.724,1.0000,0,0,0,0
299.767,1.0000,0,0,0,0
299.801,1.0000,0,0,0,0
299.835,1.0000,0,0,0,0
299.866,1.0000,0,0,0,0
299.899,1.0000,0,0,0,0
299.932,1.0000,0,0,0,0
299.968,1.0000,0,0,0,0
300.002,1.0000,0,0,0,0
300.036,1.0000,0,0,0,0
300.070,1.0000,0,0,0,0
300.100,1.0000,0,0,0,0
300.133,1.0000,0,0,0,0
300.168,1.0000,0,0,0,0
300.202,1.0000,0,0,0,0
300.233,1.0000,0,0,0,0
300.269,1.0000,0,0,0,0
300.303,1.0000,0,0,0,0
300.335,1.0000,0,0,0,0
300.366,1.0000,0,0,0,0
300.400,1.0000,0,0,0,0
300.435,1.0000,0,0,0,0
300.467,1.0000,0,0,0,0
300.500,1.0000,0,0,0,0
300.533,1.0000,0,0,0,0
300.566,1.0000,0,0,0,0
300.602,1.0000,0,0,0,0
300.635,1.0000,0,0,0,0
300.668,1.0000,0,0,0,0
300.702,1.0000,0,0,0,0
300.733,1.0000,0,0,0,0
300.768,1.0000,0,0,0,0
300.802,1.0000,0,0,0,0
300.836,1.0000,0,0,0,0
300.866,1.0000,0,0,0,0
300.898,1.0000,0,0,0,0
300.936,1.0000,0,0,0,0
300.966,1.0000,0,0,0,0
301.000,1.0000,0,0,0,0
301.035,1.0000,0,0,0,0
301.068,1.0000,0,0,0,0
301.101,1.0000,0,0,0,0
301.136,1.0000,0,0,0,0
301.168,1.0000,0,0,0,0
301.200,1.0000,0,0,0,0
301.234,1.0000,0,0,0,0
301.266,1.0000,0,0,0,0
301.299,1.0000,0,0,0,0
301.338,1.0000,0,0,0,0
301.359,1.0000,0,0,0,0
301.401,1.0000,0,0,0,0
301.426,1.0000,0,0,0,0
301.461,1.0000,0,0,0,0
301.501,1.0000,0,0,0,0
301.535,1.0000,0,0,0,0
301.569,1.0000,0,0,0,0
301.600,1.0000,0,0,0,0
301.637,1.0000,0,0,0,0
301.669,1.0000,0,0,0,0
301.702,1.0000,0,0,0,0
301.735,1.0000,0,0,0,0
301.770,1.0000,0,0,0,0
301.803,1.0000,0,0,0,0
301.834,1.0000,0,0,0,0
301.866,1.0000,0,0,0,0
301.900,1.0000,0,0,0,0
301.934,1.0000,0,0,0,0
301.958,1.0000,0,0,0,0
301.998,1.0000,0,0,0,0
302.026,1.0000,0,0,0,0
302.069,1.0000,0,0,0,0
302.102,1.0000,0,0,0,0
302.136,1.0000,0,0,0,0
302.169,1.0000,0,0,0,0
302.200,1.0000,0,0,0,0
302.236,1.0000,0,0,0,0
302.269,1.0000,0,0,0,0
302.302,1.0000,0,0,0,0
302.334,1.0000,0,0,0,0
302.368,1.0000,0,0,0,0
302.400,1.0000,0,0,0,0
302.435,1.0000,0,0,0,0
302.468,1.0000,0,0,0,0
302.501,1.0000,0,0,0,0
302.535,1.0000,0,0,0,0
302.568,1.0000,0,0,0,0
302.599,1.0000,0,0,0,0
302.633,1.0000,0,0,0,0
302.666,1.0000,0,0,0,0
302.703,1.0000,0,0,0,0
302.734,1.0000,0,0,0,0
302.769,1.0000,0,0,0,0
302.801,1.0000,0,0,0,0
302.835,1.0000,0,0,0,0
302.866,1.0000,0,0,0,0
302.901,1.0000,0,0,0,0
302.936,1.0000,0,0,0,0
302.965,1.0000,0,0,0,0
303.000,1.0000,0,0,0,0
303.035,1.0000,0,0,0,0
303.066,1.0000,0,0,0,0
303.103,1.0000,0,0,0,0
303.135,1.0000,0,0,0,0
303.169,1.0000,0,0,0,0
303.203,1.0000,0,0,0,0
303.236,1.0000,0,0,0,0
303.268,1.0000,0,0,0,0
303.302,1.0000,0,0,0,0
303.334,1.0000,0,0,0,0
303.368,1.0000,0,0,0,0
303.400,1.0000,0,0,0,0
303.433,1.0000,0,0,0,0
303.468,1.0000,0,0,0,0
303.499,1.0000,0,0,0,0
303.536,1.0000,0,0,0,0
303.567,1.0000,0,0,0,0
303.599,1.0000,0,0,0,0
303.636,1.0000,0,0,0,0
303.670,1.0000,0,0,0,0
303.709,1.0000,0,0,0,0
303.731,1.0000,0,0,0,0
303.770,1.0000,0,0,0,0
303.800,1.0000,0,0,0,0
303.835,1.0000,0,0,0,0
303.868,1.0000,0,0,0,0
303.900,1.0000,0,0,0,0
303.935,1.0000,0,0,0,0
303.972,1.0000,0,0,0,0
303.994,1.0000,0,0,0,0
304.034,1.0000,0,0,0,0
304.070,1.0000,0,0,0,0
304.100,1.0000,0,0,0,0
304.135,1.0000,0,0,0,0
304.171,1.0000,0,0,0,0
304.200,1.0000,0,0,0,0
304.233,1.0000,0,0,0,0
304.270,1.0000,0,0,0,0
304.302,1.0000,0,0,0,0
304.334,1.0000,0,0,0,0
304.369,1.0000,0,0,0,0
304.400,1.0000,0,0,0,0
304.433,1.0000,0,0,0,0
304.469,1.0000,0,0,0,0
304.499,1.0000,0,0,0,0
304.535,1.0000,0,0,0,0
304.567,1.0000,0,0,0,0
304.602,1.0000,0,0,0,0
304.634,1.0000,0,0,0,0
304.667,1.0000,0,0,0,0
304.700,1.0000,0,0,0,0
304.737,1.0000,0,0,0,0
304.770,1.0000,0,0,0,0
304.802,1.0000,0,0,0,0
304.832,1.0000,0,0,0,0
304.869,1.0000,0,0,0,0
304.901,1.0000,0,0,0,0
304.932,1.0000,0,0,0,0
304.966,1.0000,0,0,0,0
305.003,1.0000,0,0,0,0
305.033,1.0000,0,0,0,0
305.070,1.0000,0,0,0,0
305.100,1.0000,0,0,0,0
305.136,1.0000,0,0,0,0
305.167,1.0000,0,0,0,0
305.199,1.0000,0,0,0,0
305.234,1.0000,0,0,0,0
305.268,1.0000,0,0,0,0
305.301,1.0000,0,0,0,0
305.333,1.0000,0,0,0,0
305.366,1.0000,0,0,0,0
305.401,1.0000,0,0,0,0
305.424,1.0000,0,0,0,0
305.465,1.0000,0,0,0,0
305.499,1.0000,0,0,0,0
305.537,1.0000,0,0,0,0
305.570,1.0000,0,0,0,0
305.603,1.0000,0,0,0,0
305.633,1.0000,0,0,0,0
305.669,1.0000,0,0,0,0
305.700,1.0000,0,0,0,0
305.734,1.0000,0,0,0,0
305.767,1.0000,0,0,0,0
305.798,1.0000,0,0,0,0
305.834,1.0000,0,0,0,0
305.867,1.0000,0,0,0,0
305.904,1.0000,0,0,0,0
305.927,1.0000,0,0,0,0
305.967,1.0000,0,0,0,0
306.003,1.0000,0,0,0,0
306.035,1.0000,0,0,0,0
306.069,1.0000,0,0,0,0
306.103,1.0000,0,0,0,0
306.136,1.0000,0,0,0,0
306.166,1.0000,0,0,0,0
306.203,1.0000,0,0,0,0
306.235,1.0000,0,0,0,0
306.268,1.0000,0,0,0,0
306.300,1.0000,0,0,0,0
306.335,1.0000,0,0,0,0
306.369,1.0000,0,0,0,0
306.403,1.0000,0,0,0,0
306.435,1.0000,0,0,0,0
306.467,1.0000,0,0,0,0
306.502,1.0000,0,0,0,0
306.533,1.0000,0,0,0,0
306.567,1.0000,0,0,0,0
306.601,1.0000,0,0,0,0
306.636,1.0000,0,0,0,0
306.668,1.0000,0,0,0,0
306.699,1.0000,0,0,0,0
306.734,1.0000,0,0,0,0
306.766,1.0000,0,0,0,0
306.801,1.0000,0,0,0,0
306.833,1.0000,0,0,0,0
306.867,1.0000,0,0,0,0
306.899,1.0000,0,0,0,0
306.935,1.0000,0,0,0,0
306.968,1.0000,0,0,0,0
307.004,1.0000,0,0,0,0
307.034,1.0000,0,0,0,0
307.066,1.0000,0,0,0,0
307.101,1.0000,0,0,0,0
307.135,1.0000,0,0,0,0
307.169,1.0000,0,0,0,0
307.202,1.0000,0,0,0,0
307.226,1.0000,0,0,0,0
307.266,1.0000,0,0,0,0
307.290,1.0000,0,0,0,0
307.335,1.0000,0,0,0,0
307.373,1.0000,0,0,0,0
307.400,1.0000,0,0,0,0
307.436,1.0000,0,0,0,0
307.466,1.0000,0,0,0,0
307.500,1.0000,0,0,0,0
307.536,1.0000,0,0,0,0
307.569,1.0000,0,0,0,0
307.601,1.0000,0,0,0,0
307.636,1.0000,0,0,0,0
307.670,1.0000,0,0,0,0
307.703,1.0000,0,0,0,0
307.733,1.0000,0,0,0,0
307.769,1.0000,0,0,0,0
307.800,1.0000,0,0,0,0
307.837,1.0000,0,0,0,0
307.869,1.0000,0,0,0,0
307.908,1.0000,0,0,0,0
307.933,1.0000,0,0,0,0
307.968,1.0000,0,0,0,0
308.003,1.0000,0,0,0,0
308.036,1.0000,0,0,0,0
308.066,1.0000,0,0,0,0
308.101,1.0000,0,0,0,0
308.137,1.0000,0,0,0,0
308.169,1.0000,0,0,0,0
308.194,1.0000,0,0,0,0
308.236,1.0000,0,0,0,0
308.268,1.0000,0,0,0,0
308.301,1.0000,0,0,0,0
308.336,1.0000,0,0,0,0
308.370,1.0000,0,0,0,0
308.399,1.0000,0,0,0,0
308.436,1.0000,0,0,0,0
308.469,1.0000,0,0,0,0
308.501,1.0000,0,0,0,0
308.534,1.0000,0,0,0,0
308.566,1.0000,0,0,0,0
308.602,1.0000,0,0,0,0
308.633,1.0000,0,0,0,0
308.668,1.0000,0,0,0,0
308.700,1.0000,0,0,0,0
308.736,1.0000,0,0,0,0
308.770,1.0000,0,0,0,0
308.803,1.0000,0,0,0,0
308.838,1.0000,0,0,0,0
308.866,1.0000,0,0,0,0
308.891,1.0000,0,0,0,0
308.936,1.0000,0,0,0,0
308.961,1.0000,0,0,0,0
309.001,1.0000,0,0,0,0
309.097,1.0000,0,0,0,0
309.132,1.0000,0,0,0,0
309.165,1.0000,0,0,0,0
309.196,1.0000,0,0,0,0
309.232,1.0000,0,0,0,0
309.264,1.0000,0,0,0,0
309.297,1.0000,0,0,0,0
309.333,1.0000,0,0,0,0
309.363,1.0000,0,0,0,0
309.400,1.0000,0,0,0,0
309.429,1.0000,0,0,0,0
309.465,1.0000,0,0,0,0
309.495,1.0000,0,0,0,0
309.531,1.0000,0,0,0,0
309.566,1.0000,0,0,0,0
309.599,1.0000,0,0,0,0
309.631,1.0000,0,0,0,0
309.664,1.0000,0,0,0,0
309.695,1.0000,0,0,0,0
309.729,1.0000,0,0,0,0
309.764,1.0000,0,0,0,0
309.799,1.0000,0,0,0,0
309.833,1.0000,0,0,0,0
309.866,1.0000,0,0,0,0
309.898,1.0000,0,0,0,0
309.930,1.0000,0,0,0,0
309.965,1.0000,0,0,0,0
309.996,1.0000,0,0,0,0
310.033,1.0000,0,0,0,0
310.065,1.0000,0,0,0,0
310.097,1.0000,0,0,0,0
310.129,1.0000,0,0,0,0
310.162,1.0000,0,0,0,0
310.197,1.0000,0,0,0,0
310.230,1.0000,0,0,0,0
310.264,1.0000,0,0,0,0
310.298,1.0000,0,0,0,0
310.331,1.0000,0,0,0,0
310.363,1.0000,0,0,0,0
310.395,1.0000,0,0,0,0
310.433,1.0000,0,0,0,0
310.462,1.0000,0,0,0,0
310.496,1.0000,0,0,0,0
310.529,1.0000,0,0,0,0
310.562,1.0000,0,0,0,0
310.600,1.0000,0,0,0,0
310.630,1.0000,0,0,0,0
310.664,1.0000,0,0,0,0
310.689,1.0000,0,0,0,0
310.732,1.0000,0,0,0,0
310.764,1.0000,0,0,0,0
310.795,1.0000,0,0,0,0
310.821,1.0000,0,0,0,0
310.866,1.0000,0,0,0,0
310.900,1.0000,0,0,0,0
310.929,1.0000,0,0,0,0
310.954,1.0000,0,0,0,0
311.001,1.0000,0,0,0,0
311.022,1.0000,0,0,0,0
311.064,1.0000,0,0,0,0
311.092,1.0000,0,0,0,0
311.125,1.0000,0,0,0,0
311.157,1.0000,0,0,0,0
311.201,1.0000,0,0,0,0
311.230,1.0000,0,0,0,0
311.263,1.0000,0,0,0,0
311.296,1.0000,0,0,0,0
311.331,1.0000,0,0,0,0
311.366,1.0000,0,0,0,0
311.397,1.0000,0,0,0,0
311.431,1.0000,0,0,0,0
311.464,1.0000,0,0,0,0
311.496,1.0000,0,0,0,0
311.531,1.0000,0,0,0,0
311.566,1.0000,0,0,0,0
311.602,1.0000,0,0,0,0
311.624,1.0000,0,0,0,0
311.669,1.0000,0,0,0,0
311.695,1.0000,0,0,0,0
311.734,1.0000,0,0,0,0
311.764,1.0000,0,0,0,0
311.797,1.0000,0,0,0,0
311.834,1.0000,0,0,0,0
311.867,1.0000,0,0,0,0
311.898,1.0000,0,0,0,0
311.930,1.0000,0,0,0,0
311.967,1.0000,0,0,0,0
311.996,1.0000,0,0,0,0
312.031,1.0000,0,0,0,0
312.067,1.0000,0,0,0,0
312.093,1.0000,0,0,0,0
312.129,1.0000,0,0,0,0
312.166,1.0000,0,0,0,0
312.198,1.0000,0,0,0,0
312.230,1.0000,0,0,0,0
312.264,1.0000,0,0,0,0
312.298,1.0000,0,0,0,0
312.333,1.0000,0,0,0,0
312.367,1.0000,0,0,0,0
312.401,1.0000,0,0,0,0
312.434,1.0000,0,0,0,0
312.468,1.0000,0,0,0,0
312.500,1.0000,0,0,0,0
312.531,1.0000,0,0,0,0
312.570,1.0000,0,0,0,0
312.591,1.0000,0,0,0,0
312.632,1.0000,0,0,0,0
312.667,1.0000,0,0,0,0
312.700,1.0000,0,0,0,0
312.730,1.0000,0,0,0,0
312.767,1.0000,0,0,0,0
312.800,1.0000,0,0,0,0
312.834,1.0000,0,0,0,0
312.867,1.0000,0,0,0,0
312.898,1.0000,0,0,0,0
312.933,1.0000,0,0,0,0
312.963,1.0000,0,0,0,0
312.997,1.0000,0,0,0,0
313.033,1.0000,0,0,0,0
313.067,1.0000,0,0,0,0
313.099,1.0000,0,0,0,0
313.133,1.0000,0,0,0,0
313.164,1.0000,0,0,0,0
313.201,1.0000,0,0,0,0
313.230,1.0000,0,0,0,0
313.266,1.0000,0,0,0,0
313.298,1.0000,0,0,0,0
313.333,1.0000,0,0,0,0
313.365,1.0000,0,0,0,0
313.397,1.0000,0,0,0,0
313.433,1.0000,0,0,0,0
313.465,1.0000,0,0,0,0
313.500,1.0000,0,0,0,0
313.533,1.0000,0,0,0,0
313.563,1.0000,0,0,0,0
313.599,1.0000,0,0,0,0
313.633,1.0000,0,0,0,0
313.664,1.0000,0,0,0,0
313.696,1.0000,0,0,0,0
313.733,1.0000,0,0,0,0
313.768,1.0000,0,0,0,0
313.801,1.0000,0,0,0,0
313.834,1.0000,0,0,0,0
313.867,1.0000,0,0,0,0
313.898,1.0000,0,0,0,0
313.933,1.0000,0,0,0,0
313.966,1.0000,0,0,0,0
313.997,1.0000,0,0,0,0
314.029,1.0000,0,0,0,0
314.063,1.0000,0,0,0,0
314.101,1.0000,0,0,0,0
314.134,1.0000,0,0,0,0
314.165,1.0000,0,0,0,0
314.197,1.0000,0,0,0,0
314.230,1.0000,0,0,0,0
314.263,1.0000,0,0,0,0
314.300,1.0000,0,0,0,0
314.333,1.0000,0,0,0,0
314.366,1.0000,0,0,0,0
314.397,1.0000,0,0,0,0
314.433,1.0000,0,0,0,0
314.457,1.0000,0,0,0,0
314.500,1.0000,0,0,0,0
314.531,1.0000,0,0,0,0
314.566,1.0000,0,0,0,0
314.596,1.0000,0,0,0,0
314.633,1.0000,0,0,0,0
314.654,1.0000,0,0,0,0
314.701,1.0000,0,0,0,0
314.722,1.0000,0,0,0,0
314.766,1.0000,0,0,0,0
314.788,1.0000,0,0,0,0
314.829,1.0000,0,0,0,0
314.866,1.0000,0,0,0,0
314.896,1.0000,0,0,0,0
314.933,1.0000,0,0,0,0
314.965,1.0000,0,0,0,0
315.000,1.0000,0,0,0,0
315.034,1.0000,0,0,0,0
315.066,1.0000,0,0,0,0
315.098,1.0000,0,0,0,0
315.130,1.0000,0,0,0,0
315.165,1.0000,0,0,0,0
315.197,1.0000,0,0,0,0
315.231,1.0000,0,0,0,0
315.267,1.0000,0,0,0,0
315.297,1.0000,0,0,0,0
315.332,1.0000,0,0,0,0
315.364,1.0000,0,0,0,0
315.396,1.0000,0,0,0,0
315.433,1.0000,0,0,0,0
315.467,1.0000,0,0,0,0
315.497,1.0000,0,0,0,0
315.533,1.0000,0,0,0,0
315.564,1.0000,0,0,0,0
315.597,1.0000,0,0,0,0
315.630,1.0000,0,0,0,0
315.656,1.0000,0,0,0,0
315.697,1.0000,0,0,0,0
315.732,1.0000,0,0,0,0
315.767,1.0000,0,0,0,0
315.801,1.0000,0,0,0,0
315.833,1.0000,0,0,0,0
315.864,1.0000,0,0,0,0
315.898,1.0000,0,0,0,0
315.931,1.0000,0,0,0,0
315.963,1.0000,0,0,0,0
316.001,1.0000,0,0,0,0
316.032,1.0000,0,0,0,0
316.064,1.0000,0,0,0,0
316.098,1.0000,0,0,0,0
316.130,1.0000,0,0,0,0
316.162,1.0000,0,0,0,0
316.195,1.0000,0,0,0,0
316.234,1.0000,0,0,0,0
316.263,1.0000,0,0,0,0
316.299,1.0000,0,0,0,0
316.331,1.0000,0,0,0,0
316.365,1.0000,0,0,0,0
316.399,1.0000,0,0,0,0
316.431,1.0000,0,0,0,0
316.466,1.0000,0,0,0,0
316.497,1.0000,0,0,0,0
316.531,1.0000,0,0,0,0
316.565,1.0000,0,0,0,0
316.597,1.0000,0,0,0,0
316.633,1.0000,0,0,0,0
316.667,1.0000,0,0,0,0
316.702,1.0000,0,0,0,0
316.731,1.0000,0,0,0,0
316.765,1.0000,0,0,0,0
316.800,1.0000,0,0,0,0
316.834,1.0000,0,0,0,0
316.867,1.0000,0,0,0,0
316.900,1.0000,0,0,0,0
316.930,1.0000,0,0,0,0
316.964,1.0000,0,0,0,0
316.997,1.0000,0,0,0,0
317.033,1.0000,0,0,0,0
317.064,1.0000,0,0,0,0
317.100,1.0000,0,0,0,0
317.130,1.0000,0,0,0,0
317.166,1.0000,0,0,0,0
317.199,1.0000,0,0,0,0
317.234,1.0000,0,0,0,0
317.266,1.0000,0,0,0,0
317.296,1.0000,0,0,0,0
317.334,1.0000,0,0,0,0
317.355,1.0000,0,0,0,0
317.397,1.0000,0,0,0,0
317.429,1.0000,0,0,0,0
317.466,1.0000,0,0,0,0
317.498,1.0000,0,0,0,0
317.533,1.0000,0,0,0,0
317.563,1.0000,0,0,0,0
317.599,1.0000,0,0,0,0
317.631,1.0000,0,0,0,0
317.667,1.0000,0,0,0,0
317.697,1.0000,0,0,0,0
317.730,1.0000,0,0,0,0
317.765,1.0000,0,0,0,0
317.796,1.0000,0,0,0,0
317.833,1.0000,0,0,0,0
317.863,1.0000,0,0,0,0
317.898,1.0000,0,0,0,0
317.929,1.0000,0,0,0,0
317.966,1.0000,0,0,0,0
317.997,1.0000,0,0,0,0
318.032,1.0000,0,0,0,0
318.065,1.0000,0,0,0,0
318.101,1.0000,0,0,0,0
318.132,1.0000,0,0,0,0
318.164,1.0000,0,0,0,0
318.201,1.0000,0,0,0,0
318.233,1.0000,0,0,0,0
318.263,1.0000,0,0,0,0
318.301,1.0000,0,0,0,0
318.331,1.0000,0,0,0,0
318.367,1.0000,0,0,0,0
318.398,1.0000,0,0,0,0
318.434,1.0000,0,0,0,0
318.465,1.0000,0,0,0,0
318.497,1.0000,0,0,0,0
318.534,1.0000,0,0,0,0
318.563,1.0000,0,0,0,0
318.596,1.0000,0,0,0,0
318.633,1.0000,0,0,0,0
318.666,1.0000,0,0,0,0
318.699,1.0000,0,0,0,0
318.734,1.0000,0,0,0,0
318.767,1.0000,0,0,0,0
318.799,1.0000,0,0,0,0
318.833,1.0000,0,0,0,0
318.864,1.0000,0,0,0,0
318.900,1.0000,0,0,0,0
318.931,1.0000,0,0,0,0
318.965,1.0000,0,0,0,0
318.998,1.0000,0,0,0,0
319.030,1.0000,0,0,0,0
319.065,1.0000,0,0,0,0
319.101,1.0000,0,0,0,0
319.133,1.0000,0,0,0,0
319.163,1.0000,0,0,0,0
319.200,1.0000,0,0,0,0
319.231,1.0000,0,0,0,0
319.264,1.0000,0,0,0,0
319.298,1.0000,0,0,0,0
319.332,1.0000,0,0,0,0
319.364,1.0000,0,0,0,0
319.401,1.0000,0,0,0,0
319.432,1.0000,0,0,0,0
319.464,1.0000,0,0,0,0
319.498,1.0000,0,0,0,0
319.533,1.0000,0,0,0,0
319.564,1.0000,0,0,0,0
319.600,1.0000,0,0,0,0
319.631,1.0000,0,0,0,0
319.665,1.0000,0,0,0,0
319.697,1.0000,0,0,0,0
319.733,1.0000,0,0,0,0
319.765,1.0000,0,0,0,0
319.800,1.0000,0,0,0,0
319.831,1.0000,0,0,0,0
319.867,1.0000,0,0,0,0
319.898,1.0000,0,0,0,0
319.933,1.0000,0,0,0,0
319.966,1.0000,0,0,0,0
319.999,1.0000,0,0,0,0
320.033,1.0000,0,0,0,0
320.065,1.0000,0,0,0,0
320.100,1.0000,0,0,0,0
320.132,1.0000,0,0,0,0
320.167,1.0000,0,0,0,0
320.199,1.0000,0,0,0,0
320.234,1.0000,0,0,0,0
320.267,1.0000,0,0,0,0
320.298,1.0000,0,0,0,0
320.330,1.0000,0,0,0,0
320.365,1.0000,0,0,0,0
320.400,1.0000,0,0,0,0
320.434,1.0000,0,0,0,0
320.463,1.0000,0,0,0,0
320.500,1.0000,0,0,0,0
320.533,1.0000,0,0,0,0
320.563,1.0000,0,0,0,0
320.599,1.0000,0,0,0,0
320.633,1.0000,0,0,0,0
320.663,1.0000,0,0,0,0
320.700,1.0000,0,0,0,0
320.730,1.0000,0,0,0,0
320.766,1.0000,0,0,0,0
320.797,1.0000,0,0,0,0
320.832,1.0000,0,0,0,0
320.863,1.0000,0,0,0,0
320.898,1.0000,0,0,0,0
320.937,1.0000,0,0,0,0
320.964,1.0000,0,0,0,0
320.997,1.0000,0,0,0,0
321.031,1.0000,0,0,0,0
321.064,1.0000,0,0,0,0
321.097,1.0000,0,0,0,0
321.134,1.0000,0,0,0,0
321.246,1.0000,0,0,0,0
321.280,1.0000,0,0,0,0
321.294,1.0000,0,0,0,0
321.317,1.0000,0,0,0,0
321.353,1.0000,0,0,0,0
321.388,1.0000,0,0,0,0
321.420,1.0000,0,0,0,0
321.450,1.0000,0,0,0,0
321.484,1.0000,0,0,0,0
321.517,1.0000,0,0,0,0
321.552,1.0000,0,0,0,0
321.585,1.0000,0,0,0,0
321.624,1.0000,0,0,0,0
321.645,1.0000,0,0,0,0
321.684,1.0000,0,0,0,0
321.719,1.0000,0,0,0,0
321.750,1.0000,0,0,0,0
321.784,1.0000,0,0,0,0
321.818,1.0000,0,0,0,0
321.851,1.0000,0,0,0,0
321.886,1.0000,0,0,0,0
321.917,1.0000,0,0,0,0
321.952,1.0000,0,0,0,0
321.984,1.0000,0,0,0,0
322.020,1.0000,0,0,0,0
322.052,1.0000,0,0,0,0
322.087,1.0000,0,0,0,0
322.119,1.0000,0,0,0,0
322.153,1.0000,0,0,0,0
322.187,1.0000,0,0,0,0
322.218,1.0000,0,0,0,0
322.251,1.0000,0,0,0,0
322.283,1.0000,0,0,0,0
322.316,1.0000,0,0,0,0
322.351,1.0000,0,0,0,0
322.387,1.0000,0,0,0,0
322.420,1.0000,0,0,0,0
322.454,1.0000,0,0,0,0
322.485,1.0000,0,0,0,0
322.517,1.0000,0,0,0,0
322.554,1.0000,0,0,0,0
322.583,1.0000,0,0,0,0
322.620,1.0000,0,0,0,0
322.652,1.0000,0,0,0,0
322.683,1.0000,0,0,0,0
322.721,1.0000,0,0,0,0
322.752,1.0000,0,0,0,0
322.787,1.0000,0,0,0,0
322.817,1.0000,0,0,0,0
322.849,1.0000,0,0,0,0
322.884,1.0000,0,0,0,0
322.920,1.0000,0,0,0,0
322.951,1.0000,0,0,0,0
322.986,1.0000,0,0,0,0
323.017,1.0000,0,0,0,0
323.053,1.0000,0,0,0,0
323.085,1.0000,0,0,0,0
323.121,1.0000,0,0,0,0
323.150,1.0000,0,0,0,0
323.185,1.0000,0,0,0,0
323.217,1.0000,0,0,0,0
323.250,1.0000,0,0,0,0
323.284,1.0000,0,0,0,0
323.317,1.0000,0,0,0,0
323.353,1.0000,0,0,0,0
323.384,1.0000,0,0,0,0
323.420,1.0000,0,0,0,0
323.453,1.0000,0,0,0,0
323.485,1.0000,0,0,0,0
323.519,1.0000,0,0,0,0
323.553,1.0000,0,0,0,0
323.585,1.0000,0,0,0,0
323.619,1.0000,0,0,0,0
323.652,1.0000,0,0,0,0
323.683,1.0000,0,0,0,0
323.721,1.0000,0,0,0,0
323.750,1.0000,0,0,0,0
323.786,1.0000,0,0,0,0
323.821,1.0000,0,0,0,0
323.851,1.0000,0,0,0,0
323.884,1.0000,0,0,0,0
323.921,1.0000,0,0,0,0
323.953,1.0000,0,0,0,0
323.987,1.0000,0,0,0,0
324.018,1.0000,0,0,0,0
324.052,1.0000,0,0,0,0
324.088,1.0000,0,0,0,0
324.119,1.0000,0,0,0,0
324.152,1.0000,0,0,0,0
324.187,1.0000,0,0,0,0
324.220,1.0000,0,0,0,0
324.254,1.0000,0,0,0,0
324.286,1.0000,0,0,0,0
324.317,1.0000,0,0,0,0
324.353,1.0000,0,0,0,0
324.385,1.0000,0,0,0,0
324.418,1.0000,0,0,0,0
324.449,1.0000,0,0,0,0
324.487,1.0000,0,0,0,0
324.519,1.0000,0,0,0,0
324.552,1.0000,0,0,0,0
324.586,1.0000,0,0,0,0
324.619,1.0000,0,0,0,0
324.653,1.0000,0,0,0,0
324.684,1.0000,0,0,0,0
324.717,1.0000,0,0,0,0
324.751,1.0000,0,0,0,0
324.783,1.0000,0,0,0,0
324.817,1.0000,0,0,0,0
324.850,1.0000,0,0,0,0
324.884,1.0000,0,0,0,0
324.919,1.0000,0,0,0,0
324.951,1.0000,0,0,0,0
324.985,1.0000,0,0,0,0
325.020,1.0000,0,0,0,0
325.056,1.0000,0,0,0,0
325.080,1.0000,0,0,0,0
325.120,1.0000,0,0,0,0
325.152,1.0000,0,0,0,0
325.187,1.0000,0,0,0,0
325.218,1.0000,0,0,0,0
325.252,1.0000,0,0,0,0
325.290,1.0000,0,0,0,0
325.313,1.0000,0,0,0,0
325.351,1.0000,0,0,0,0
325.387,1.0000,0,0,0,0
325.416,1.0000,0,0,0,0
325.454,1.0000,0,0,0,0
325.484,1.0000,0,0,0,0
325.520,1.0000,0,0,0,0
325.552,1.0000,0,0,0,0
325.587,1.0000,0,0,0,0
325.616,1.0000,0,0,0,0
325.652,1.0000,0,0,0,0
325.684,1.0000,0,0,0,0
325.720,1.0000,0,0,0,0
325.750,1.0000,0,0,0,0
325.787,1.0000,0,0,0,0
325.819,1.0000,0,0,0,0
325.853,1.0000,0,0,0,0
325.884,1.0000,0,0,0,0
325.917,1.0000,0,0,0,0
325.950,1.0000,0,0,0,0
325.985,1.0000,0,0,0,0
326.016,1.0000,0,0,0,0
326.050,1.0000,0,0,0,0
326.086,1.0000,0,0,0,0
326.122,1.0000,0,0,0,0
326.149,1.0000,0,0,0,0
326.187,1.0000,0,0,0,0
326.219,1.0000,0,0,0,0
326.251,1.0000,0,0,0,0
326.283,1.0000,0,0,0,0
326.319,1.0000,0,0,0,0
326.353,1.0000,0,0,0,0
326.384,1.0000,0,0,0,0
326.416,1.0000,0,0,0,0
326.450,1.0000,0,0,0,0
326.484,1.0000,0,0,0,0
326.512,1.0000,0,0,0,0
326.550,1.0000,0,0,0,0
326.585,1.0000,0,0,0,0
326.620,1.0000,0,0,0,0
326.653,1.0000,0,0,0,0
326.683,1.0000,0,0,0,0
326.721,1.0000,0,0,0,0
326.750,1.0000,0,0,0,0
326.786,1.0000,0,0,0,0
326.819,1.0000,0,0,0,0
326.850,1.0000,0,0,0,0
326.883,1.0000,0,0,0,0
326.917,1.0000,0,0,0,0
326.952,1.0000,0,0,0,0
326.984,1.0000,0,0,0,0
327.020,1.0000,0,0,0,0
327.052,1.0000,0,0,0,0
327.085,1.0000,0,0,0,0
327.117,1.0000,0,0,0,0
327.152,1.0000,0,0,0,0
327.186,1.0000,0,0,0,0
327.217,1.0000,0,0,0,0
327.251,1.0000,0,0,0,0
327.287,1.0000,0,0,0,0
327.320,1.0000,0,0,0,0
327.352,1.0000,0,0,0,0
327.384,1.0000,0,0,0,0
327.419,1.0000,0,0,0,0
327.451,1.0000,0,0,0,0
327.484,1.0000,0,0,0,0
327.516,1.0000,0,0,0,0
327.550,1.0000,0,0,0,0
327.588,1.0000,0,0,0,0
327.622,1.0000,0,0,0,0
327.651,1.0000,0,0,0,0
327.685,1.0000,0,0,0,0
327.717,1.0000,0,0,0,0
327.749,1.0000,0,0,0,0
327.783,1.0000,0,0,0,0
327.819,1.0000,0,0,0,0
327.851,1.0000,0,0,0,0
327.887,1.0000,0,0,0,0
327.916,1.0000,0,0,0,0
327.953,1.0000,0,0,0,0
327.985,1.0000,0,0,0,0
328.017,1.0000,0,0,0,0
328.054,1.0000,0,0,0,0
328.086,1.0000,0,0,0,0
328.120,1.0000,0,0,0,0
328.153,1.0000,0,0,0,0
328.183,1.0000,0,0,0,0
328.220,1.0000,0,0,0,0
328.250,1.0000,0,0,0,0
328.287,1.0000,0,0,0,0
328.319,1.0000,0,0,0,0
328.350,1.0000,0,0,0,0
328.387,1.0000,0,0,0,0
328.416,1.0000,0,0,0,0
328.454,1.0000,0,0,0,0
328.483,1.0000,0,0,0,0
328.517,1.0000,0,0,0,0
328.552,1.0000,0,0,0,0
328.583,1.0000,0,0,0,0
328.617,1.0000,0,0,0,0
328.652,1.0000,0,0,0,0
328.685,1.0000,0,0,0,0
328.720,1.0000,0,0,0,0
328.751,1.0000,0,0,0,0
328.787,1.0000,0,0,0,0
328.818,1.0000,0,0,0,0
328.852,1.0000,0,0,0,0
328.884,1.0000,0,0,0,0
328.920,1.0000,0,0,0,0
328.952,1.0000,0,0,0,0
328.983,1.0000,0,0,0,0
329.020,1.0000,0,0,0,0
329.054,1.0000,0,0,0,0
329.084,1.0000,0,0,0,0
329.118,1.0000,0,0,0,0
329.151,1.0000,0,0,0,0
329.190,1.0000,0,0,0,0
329.217,1.0000,0,0,0,0
329.251,1.0000,0,0,0,0
329.288,1.0000,0,0,0,0
329.317,1.0000,0,0,0,0
329.349,1.0000,0,0,0,0
329.387,1.0000,0,0,0,0
329.420,1.0000,0,0,0,0
329.454,1.0000,0,0,0,0
329.483,1.0000,0,0,0,0
329.517,1.0000,0,0,0,0
329.553,1.0000,0,0,0,0
329.584,1.0000,0,0,0,0
329.618,1.0000,0,0,0,0
329.650,1.0000,0,0,0,0
329.686,1.0000,0,0,0,0
329.718,1.0000,0,0,0,0
329.752,1.0000,0,0,0,0
329.783,1.0000,0,0,0,0
329.819,1.0000,0,0,0,0
329.850,1.0000,0,0,0,0
329.887,1.0000,0,0,0,0
329.919,1.0000,0,0,0,0
329.951,1.0000,0,0,0,0
329.985,1.0000,0,0,0,0
330.020,1.0000,0,0,0,0
330.054,1.0000,0,0,0,0
330.088,1.0000,0,0,0,0
330.118,1.0000,0,0,0,0
330.152,1.0000,0,0,0,0
330.186,1.0000,0,0,0,0
330.217,1.0000,0,0,0,0
330.250,1.0000,0,0,0,0
330.274,1.0000,0,0,0,0
330.320,1.0000,0,0,0,0
330.351,1.0000,0,0,0,0
330.386,1.0000,0,0,0,0
330.417,1.0000,0,0,0,0
330.450,1.0000,0,0,0,0
330.487,1.0000,0,0,0,0
330.518,1.0000,0,0,0,0
330.553,1.0000,0,0,0,0
330.585,1.0000,0,0,0,0
330.621,1.0000,0,0,0,0
330.651,1.0000,0,0,0,0
330.687,1.0000,0,0,0,0
330.720,1.0000,0,0,0,0
330.755,1.0000,0,0,0,0
330.784,1.0000,0,0,0,0
330.817,1.0000,0,0,0,0
330.852,1.0000,0,0,0,0
330.885,1.0000,0,0,0,0
330.916,1.0000,0,0,0,0
330.951,1.0000,0,0,0,0
330.986,1.0000,0,0,0,0
331.018,1.0000,0,0,0,0
331.052,1.0000,0,0,0,0
331.083,1.0000,0,0,0,0
331.119,1.0000,0,0,0,0
331.151,1.0000,0,0,0,0
331.184,1.0000,0,0,0,0
331.220,1.0000,0,0,0,0
331.253,1.0000,0,0,0,0
331.287,1.0000,0,0,0,0
331.320,1.0000,0,0,0,0
331.354,1.0000,0,0,0,0
331.387,1.0000,0,0,0,0
331.417,1.0000,0,0,0,0
331.451,1.0000,0,0,0,0
331.488,1.0000,0,0,0,0
331.521,1.0000,0,0,0,0
331.554,1.0000,0,0,0,0
331.584,1.0000,0,0,0,0
331.617,1.0000,0,0,0,0
331.653,1.0000,0,0,0,0
331.686,1.0000,0,0,0,0
331.717,1.0000,0,0,0,0
331.751,1.0000,0,0,0,0
331.784,1.0000,0,0,0,0
331.820,1.0000,0,0,0,0
331.852,1.0000,0,0,0,0
331.885,1.0000,0,0,0,0
331.917,1.0000,0,0,0,0
331.954,1.0000,0,0,0,0
331.983,1.0000,0,0,0,0
332.018,1.0000,0,0,0,0
332.052,1.0000,0,0,0,0
332.085,1.0000,0,0,0,0
332.120,1.0000,0,0,0,0
332.152,1.0000,0,0,0,0
332.184,1.0000,0,0,0,0
332.216,1.0000,0,0,0,0
332.255,1.0000,0,0,0,0
332.283,1.0000,0,0,0,0
332.319,1.0000,0,0,0,0
332.353,1.0000,0,0,0,0
332.384,1.0000,0,0,0,0
332.419,1.0000,0,0,0,0
332.451,1.0000,0,0,0,0
332.484,1.0000,0,0,0,0
332.518,1.0000,0,0,0,0
332.553,1.0000,0,0,0,0
332.588,1.0000,0,0,0,0
332.619,1.0000,0,0,0,0
332.652,1.0000,0,0,0,0
332.685,1.0000,0,0,0,0
332.720,1.0000,0,0,0,0
332.750,1.0000,0,0,0,0
332.787,1.0000,0,0,0,0
332.818,1.0000,0,0,0,0
332.854,1.0000,0,0,0,0
332.888,1.0000,0,0,0,0
332.919,1.0000,0,0,0,0
332.950,1.0000,0,0,0,0
332.987,1.0000,0,0,0,0
333.019,1.0000,0,0,0,0
333.050,1.0000,0,0,0,0
333.086,1.0000,0,0,0,0
333.118,1.0000,0,0,0,0
333.153,1.0000,0,0,0,0
333.185,1.0000,0,0,0,0
333.217,1.0000,0,0,0,0
333.252,1.0000,0,0,0,0
333.288,1.0000,0,0,0,0
333.320,1.0000,0,0,0,0
333.351,1.0000,0,0,0,0
333.384,1.0000,0,0,0,0
333.418,1.0000,0,0,0,0
333.450,1.0000,0,0,0,0
333.486,1.0000,0,0,0,0
333.517,1.0000,0,0,0,0
333.552,1.0000,0,0,0,0
333.588,1.0000,0,0,0,0
333.619,1.0000,0,0,0,0
333.655,1.0000,0,0,0,0
333.687,1.0000,0,0,0,0
333.716,1.0000,0,0,0,0
333.750,1.0000,0,0,0,0
333.787,1.0000,0,0,0,0
333.819,1.0000,0,0,0,0
333.852,1.0000,0,0,0,0
333.884,1.0000,0,0,0,0
333.920,1.0000,0,0,0,0
333.953,1.0000,0,0,0,0
333.983,1.0000,0,0,0,0
334.018,1.0000,0,0,0,0
334.053,1.0000,0,0,0,0
334.084,1.0000,0,0,0,0
334.116,1.0000,0,0,0,0
334.153,1.0000,0,0,0,0
334.184,1.0000,0,0,0,0
334.221,1.0000,0,0,0,0
334.251,1.0000,0,0,0,0
334.284,1.0000,0,0,0,0
334.316,1.0000,0,0,0,0
334.352,1.0000,0,0,0,0
334.384,1.0000,0,0,0,0
334.419,1.0000,0,0,0,0
334.454,1.0000,0,0,0,0
334.485,1.0000,0,0,0,0
334.518,1.0000,0,0,0,0
334.553,1.0000,0,0,0,0
334.584,1.0000,0,0,0,0
334.618,1.0000,0,0,0,0
334.651,1.0000,0,0,0,0
334.687,1.0000,0,0,0,0
334.717,1.0000,0,0,0,0
334.751,1.0000,0,0,0,0
334.786,1.0000,0,0,0,0
334.817,1.0000,0,0,0,0
334.854,1.0000,0,0,0,0
334.886,1.0000,0,0,0,0
334.919,1.0000,0,0,0,0
334.954,1.0000,0,0,0,0
334.984,1.0000,0,0,0,0
335.017,1.0000,0,0,0,0
335.050,1.0000,0,0,0,0
335.086,1.0000,0,0,0,0
335.120,1.0000,0,0,0,0
335.154,1.0000,0,0,0,0
335.188,1.0000,0,0,0,0
335.218,1.0000,0,0,0,0
335.253,1.0000,0,0,0,0
335.287,1.0000,0,0,0,0
335.317,1.0000,0,0,0,0
335.350,1.0000,0,0,0,0
335.383,1.0000,0,0,0,0
335.419,1.0000,0,0,0,0
335.452,1.0000,0,0,0,0
335.483,1.0000,0,0,0,0
335.519,1.0000,0,0,0,0
335.550,1.0000,0,0,0,0
335.586,1.0000,0,0,0,0
335.618,1.0000,0,0,0,0
335.650,1.0000,0,0,0,0
335.687,1.0000,0,0,0,0
335.719,1.0000,0,0,0,0
335.750,1.0000,0,0,0,0
335.788,1.0000,0,0,0,0
335.818,1.0000,0,0,0,0
335.851,1.0000,0,0,0,0
335.886,1.0000,0,0,0,0
335.920,1.0000,0,0,0,0
335.954,1.0000,0,0,0,0
335.984,1.0000,0,0,0,0
336.017,1.0000,0,0,0,0
336.051,1.0000,0,0,0,0
336.084,1.0000,0,0,0,0
336.118,1.0000,0,0,0,0
336.150,1.0000,0,0,0,0
336.186,1.0000,0,0,0,0
336.217,1.0000,0,0,0,0
336.253,1.0000,0,0,0,0
336.285,1.0000,0,0,0,0
336.318,1.0000,0,0,0,0
336.353,1.0000,0,0,0,0
336.385,1.0000,0,0,0,0
336.419,1.0000,0,0,0,0
336.450,1.0000,0,0,0,0
336.486,1.0000,0,0,0,0
336.517,1.0000,0,0,0,0
336.554,1.0000,0,0,0,0
336.586,1.0000,0,0,0,0
336.621,1.0000,0,0,0,0
336.653,1.0000,0,0,0,0
336.686,1.0000,0,0,0,0
336.717,1.0000,0,0,0,0
336.751,1.0000,0,0,0,0
336.788,1.0000,0,0,0,0
336.818,1.0000,0,0,0,0
336.852,1.0000,0,0,0,0
336.884,1.0000,0,0,0,0
336.921,1.0000,0,0,0,0
336.951,1.0000,0,0,0,0
336.985,1.0000,0,0,0,0
337.021,1.0000,0,0,0,0
337.050,1.0000,0,0,0,0
337.087,1.0000,0,0,0,0
337.117,1.0000,0,0,0,0
337.150,1.0000,0,0,0,0
337.183,1.0000,0,0,0,0
337.219,1.0000,0,0,0,0
337.253,1.0000,0,0,0,0
337.283,1.0000,0,0,0,0
337.320,1.0000,0,0,0,0
337.350,1.0000,0,0,0,0
337.387,1.0000,0,0,0,0
337.418,1.0000,0,0,0,0
337.453,1.0000,0,0,0,0
337.485,1.0000,0,0,0,0
337.517,1.0000,0,0,0,0
337.550,1.0000,0,0,0,0
337.585,1.0000,0,0,0,0
337.617,1.0000,0,0,0,0
337.654,1.0000,0,0,0,0
337.686,1.0000,0,0,0,0
337.720,1.0000,0,0,0,0
337.750,1.0000,0,0,0,0
337.786,1.0000,0,0,0,0
337.819,1.0000,0,0,0,0
337.854,1.0000,0,0,0,0
337.886,1.0000,0,0,0,0
337.920,1.0000,0,0,0,0
337.952,1.0000,0,0,0,0
338.041,1.0000,0,0,0,0
338.066,1.0000,0,0,0,0
338.108,1.0000,0,0,0,0
338.138,1.0000,0,0,0,0
338.171,1.0000,0,0,0,0
338.208,1.0000,0,0,0,0
338.242,1.0000,0,0,0,0
338.272,1.0000,0,0,0,0
338.304,1.0000,0,0,0,0
338.342,1.0000,0,0,0,0
338.371,1.0000,0,0,0,0
338.408,1.0000,0,0,0,0
338.442,1.0000,0,0,0,0
338.475,1.0000,0,0,0,0
338.506,1.0000,0,0,0,0
338.537,1.0000,0,0,0,0
338.571,1.0000,0,0,0,0
338.609,1.0000,0,0,0,0
338.638,1.0000,0,0,0,0
338.674,1.0000,0,0,0,0
338.706,1.0000,0,0,0,0
338.743,1.0000,0,0,0,0
338.773,1.0000,0,0,0,0
338.807,1.0000,0,0,0,0
338.838,1.0000,0,0,0,0
338.874,1.0000,0,0,0,0
338.905,1.0000,0,0,0,0
338.944,1.0000,0,0,0,0
338.972,1.0000,0,0,0,0
339.009,1.0000,0,0,0,0
339.041,1.0000,0,0,0,0
339.075,1.0000,0,0,0,0
339.109,1.0000,0,0,0,0
339.138,1.0000,0,0,0,0
339.174,1.0000,0,0,0,0
339.204,1.0000,0,0,0,0
339.239,1.0000,0,0,0,0
339.272,1.0000,0,0,0,0
339.310,1.0000,0,0,0,0
339.339,1.0000,0,0,0,0
339.372,1.0000,0,0,0,0
339.407,1.0000,0,0,0,0
339.439,1.0000,0,0,0,0
339.472,1.0000,0,0,0,0
339.504,1.0000,0,0,0,0
339.538,1.0000,0,0,0,0
339.574,1.0000,0,0,0,0
339.609,1.0000,0,0,0,0
339.639,1.0000,0,0,0,0
339.675,1.0000,0,0,0,0
339.708,1.0000,0,0,0,0
339.739,1.0000,0,0,0,0
339.775,1.0000,0,0,0,0
339.805,1.0000,0,0,0,0
339.843,1.0000,0,0,0,0
339.874,1.0000,0,0,0,0
339.907,1.0000,0,0,0,0
339.941,1.0000,0,0,0,0
339.972,1.0000,0,0,0,0
340.008,1.0000,0,0,0,0
340.038,1.0000,0,0,0,0
340.073,1.0000,0,0,0,0
340.108,1.0000,0,0,0,0
340.139,1.0000,0,0,0,0
340.174,1.0000,0,0,0,0
340.206,1.0000,0,0,0,0
340.237,1.0000,0,0,0,0
340.271,1.0000,0,0,0,0
340.305,1.0000,0,0,0,0
340.339,1.0000,0,0,0,0
340.373,1.0000,0,0,0,0
340.405,1.0000,0,0,0,0
340.444,1.0000,0,0,0,0
340.473,1.0000,0,0,0,0
340.510,1.0000,0,0,0,0
340.539,1.0000,0,0,0,0
340.572,1.0000,0,0,0,0
340.609,1.0000,0,0,0,0
340.638,1.0000,0,0,0,0
340.674,1.0000,0,0,0,0
340.705,1.0000,0,0,0,0
340.741,1.0000,0,0,0,0
340.775,1.0000,0,0,0,0
340.805,1.0000,0,0,0,0
340.840,1.0000,0,0,0,0
340.876,1.0000,0,0,0,0
340.908,1.0000,0,0,0,0
340.941,1.0000,0,0,0,0
340.972,1.0000,0,0,0,0
341.009,1.0000,0,0,0,0
341.042,1.0000,0,0,0,0
341.072,1.0000,0,0,0,0
341.108,1.0000,0,0,0,0
341.141,1.0000,0,0,0,0
341.176,1.0000,0,0,0,0
341.208,1.0000,0,0,0,0
341.238,1.0000,0,0,0,0
341.276,1.0000,0,0,0,0
341.305,1.0000,0,0,0,0
341.342,1.0000,0,0,0,0
341.371,1.0000,0,0,0,0
341.408,1.0000,0,0,0,0
341.438,1.0000,0,0,0,0
341.472,1.0000,0,0,0,0
341.509,1.0000,0,0,0,0
341.540,1.0000,0,0,0,0
341.575,1.0000,0,0,0,0
341.607,1.0000,0,0,0,0
341.641,1.0000,0,0,0,0
341.674,1.0000,0,0,0,0
341.709,1.0000,0,0,0,0
341.741,1.0000,0,0,0,0
341.771,1.0000,0,0,0,0
341.809,1.0000,0,0,0,0
341.842,1.0000,0,0,0,0
341.873,1.0000,0,0,0,0
341.909,1.0000,0,0,0,0
341.940,1.0000,0,0,0,0
341.977,1.0000,0,0,0,0
342.009,1.0000,0,0,0,0
342.040,1.0000,0,0,0,0
342.074,1.0000,0,0,0,0
342.106,1.0000,0,0,0,0
342.143,1.0000,0,0,0,0
342.173,1.0000,0,0,0,0
342.207,1.0000,0,0,0,0
342.244,1.0000,0,0,0,0
342.272,1.0000,0,0,0,0
342.308,1.0000,0,0,0,0
342.339,1.0000,0,0,0,0
342.373,1.0000,0,0,0,0
342.405,1.0000,0,0,0,0
342.443,1.0000,0,0,0,0
342.475,1.0000,0,0,0,0
342.508,1.0000,0,0,0,0
342.538,1.0000,0,0,0,0
342.574,1.0000,0,0,0,0
342.605,1.0000,0,0,0,0
342.642,1.0000,0,0,0,0
342.671,1.0000,0,0,0,0
342.707,1.0000,0,0,0,0
342.742,1.0000,0,0,0,0
342.776,1.0000,0,0,0,0
342.807,1.0000,0,0,0,0
342.841,1.0000,0,0,0,0
342.870,1.0000,0,0,0,0
342.906,1.0000,0,0,0,0
342.938,1.0000,0,0,0,0
342.976,1.0000,0,0,0,0
343.006,1.0000,0,0,0,0
343.041,1.0000,0,0,0,0
343.073,1.0000,0,0,0,0
343.107,1.0000,0,0,0,0
343.129,1.0000,0,0,0,0
343.171,1.0000,0,0,0,0
343.205,1.0000,0,0,0,0
343.242,1.0000,0,0,0,0
343.274,1.0000,0,0,0,0
343.308,1.0000,0,0,0,0
343.341,1.0000,0,0,0,0
343.373,1.0000,0,0,0,0
343.408,1.0000,0,0,0,0
343.442,1.0000,0,0,0,0
343.475,1.0000,0,0,0,0
343.506,1.0000,0,0,0,0
343.538,1.0000,0,0,0,0
343.576,1.0000,0,0,0,0
343.605,1.0000,0,0,0,0
343.638,1.0000,0,0,0,0
343.675,1.0000,0,0,0,0
343.708,1.0000,0,0,0,0
343.739,1.0000,0,0,0,0
343.774,1.0000,0,0,0,0
343.808,1.0000,0,0,0,0
343.843,1.0000,0,0,0,0
343.872,1.0000,0,0,0,0
343.907,1.0000,0,0,0,0
343.941,1.0000,0,0,0,0
343.971,1.0000,0,0,0,0
344.006,1.0000,0,0,0,0
344.039,1.0000,0,0,0,0
344.073,1.0000,0,0,0,0
344.109,1.0000,0,0,0,0
344.140,1.0000,0,0,0,0
344.176,1.0000,0,0,0,0
344.203,1.0000,0,0,0,0
344.238,1.0000,0,0,0,0
344.273,1.0000,0,0,0,0
344.308,1.0000,0,0,0,0
344.342,1.0000,0,0,0,0
344.375,1.0000,0,0,0,0
344.409,1.0000,0,0,0,0
344.442,1.0000,0,0,0,0
344.473,1.0000,0,0,0,0
344.509,1.0000,0,0,0,0
344.540,1.0000,0,0,0,0
344.572,1.0000,0,0,0,0
344.609,1.0000,0,0,0,0
344.640,1.0000,0,0,0,0
344.673,1.0000,0,0,0,0
344.710,1.0000,0,0,0,0
344.741,1.0000,0,0,0,0
344.778,1.0000,0,0,0,0
344.807,1.0000,0,0,0,0
344.839,1.0000,0,0,0,0
344.873,1.0000,0,0,0,0
344.907,1.0000,0,0,0,0
344.941,1.0000,0,0,0,0
344.975,1.0000,0,0,0,0
345.004,1.0000,0,0,0,0
345.092,1.0000,0,0,0,0
345.118,1.0000,0,0,0,0
345.133,1.0000,0,0,0,0
345.168,1.0000,0,0,0,0
345.203,1.0000,0,0,0,0
345.236,1.0000,0,0,0,0
345.271,1.0000,0,0,0,0
345.303,1.0000,0,0,0,0
345.338,1.0000,0,0,0,0
345.369,1.0000,0,0,0,0
345.401,1.0000,0,0,0,0
345.435,1.0000,0,0,0,0
345.467,1.0000,0,0,0,0
345.499,1.0000,0,0,0,0
345.536,1.0000,0,0,0,0
345.567,1.0000,0,0,0,0
345.602,1.0000,0,0,0,0
345.635,1.0000,0,0,0,0
345.664,1.0000,0,0,0,0
345.702,1.0000,0,0,0,0
345.735,1.0000,0,0,0,0
345.768,1.0000,0,0,0,0
345.800,1.0000,0,0,0,0
345.836,1.0000,0,0,0,0
345.868,1.0000,0,0,0,0
345.902,1.0000,0,0,0,0
345.933,1.0000,0,0,0,0
345.967,1.0000,0,0,0,0
346.003,1.0000,0,0,0,0
346.036,1.0000,0,0,0,0
346.069,1.0000,0,0,0,0
346.102,1.0000,0,0,0,0
346.134,1.0000,0,0,0,0
346.171,1.0000,0,0,0,0
346.203,1.0000,0,0,0,0
346.236,1.0000,0,0,0,0
346.271,1.0000,0,0,0,0
346.303,1.0000,0,0,0,0
346.334,1.0000,0,0,0,0
346.369,1.0000,0,0,0,0
346.400,1.0000,0,0,0,0
346.435,1.0000,0,0,0,0
346.472,1.0000,0,0,0,0
346.503,1.0000,0,0,0,0
346.534,1.0000,0,0,0,0
346.569,1.0000,0,0,0,0
346.603,1.0000,0,0,0,0
346.634,1.0000,0,0,0,0
346.667,1.0000,0,0,0,0
346.704,1.0000,0,0,0,0
346.735,1.0000,0,0,0,0
346.769,1.0000,0,0,0,0
346.801,1.0000,0,0,0,0
346.836,1.0000,0,0,0,0
346.870,1.0000,0,0,0,0
346.902,1.0000,0,0,0,0
346.935,1.0000,0,0,0,0
346.970,1.0000,0,0,0,0
347.002,1.0000,0,0,0,0
347.035,1.0000,0,0,0,0
347.070,1.0000,0,0,0,0
347.104,1.0000,0,0,0,0
347.135,1.0000,0,0,0,0
347.167,1.0000,0,0,0,0
347.202,1.0000,0,0,0,0
347.236,1.0000,0,0,0,0
347.269,1.0000,0,0,0,0
347.303,1.0000,0,0,0,0
347.335,1.0000,0,0,0,0
347.370,1.0000,0,0,0,0
347.403,1.0000,0,0,0,0
347.437,1.0000,0,0,0,0
347.470,1.0000,0,0,0,0
347.501,1.0000,0,0,0,0
347.525,1.0000,0,0,0,0
347.571,1.0000,0,0,0,0
347.602,1.0000,0,0,0,0
347.633,1.0000,0,0,0,0
347.670,1.0000,0,0,0,0
347.691,1.0000,0,0,0,0
347.736,1.0000,0,0,0,0
347.759,1.0000,0,0,0,0
347.804,1.0000,0,0,0,0
347.830,1.0000,0,0,0,0
347.867,1.0000,0,0,0,0
347.891,1.0000,0,0,0,0
347.936,1.0000,0,0,0,0
347.971,1.0000,0,0,0,0
348.006,1.0000,0,0,0,0
348.036,1.0000,0,0,0,0
348.069,1.0000,0,0,0,0
348.101,1.0000,0,0,0,0
348.137,1.0000,0,0,0,0
348.171,1.0000,0,0,0,0
348.203,1.0000,0,0,0,0
348.237,1.0000,0,0,0,0
348.269,1.0000,0,0,0,0
348.300,1.0000,0,0,0,0
348.334,1.0000,0,0,0,0
348.367,1.0000,0,0,0,0
348.404,1.0000,0,0,0,0
348.438,1.0000,0,0,0,0
348.467,1.0000,0,0,0,0
348.502,1.0000,0,0,0,0
348.538,1.0000,0,0,0,0
348.568,1.0000,0,0,0,0
348.603,1.0000,0,0,0,0
348.634,1.0000,0,0,0,0
348.669,1.0000,0,0,0,0
348.703,1.0000,0,0,0,0
348.736,1.0000,0,0,0,0
348.767,1.0000,0,0,0,0
348.802,1.0000,0,0,0,0
348.834,1.0000,0,0,0,0
348.868,1.0000,0,0,0,0
348.907,1.0000,0,0,0,0
348.933,1.0000,0,0,0,0
348.976,1.0000,0,0,0,0
349.002,1.0000,0,0,0,0
349.038,1.0000,0,0,0,0
349.069,1.0000,0,0,0,0
349.101,1.0000,0,0,0,0
349.133,1.0000,0,0,0,0
349.169,1.0000,0,0,0,0
349.201,1.0000,0,0,0,0
349.235,1.0000,0,0,0,0
349.268,1.0000,0,0,0,0
349.302,1.0000,0,0,0,0
349.335,1.0000,0,0,0,0
349.367,1.0000,0,0,0,0
349.402,1.0000,0,0,0,0
349.436,1.0000,0,0,0,0
349.467,1.0000,0,0,0,0
349.505,1.0000,0,0,0,0
349.536,1.0000,0,0,0,0
349.567,1.0000,0,0,0,0
349.600,1.0000,0,0,0,0
349.633,1.0000,0,0,0,0
349.667,1.0000,0,0,0,0
349.701,1.0000,0,0,0,0
349.734,1.0000,0,0,0,0
349.769,1.0000,0,0,0,0
349.800,1.0000,0,0,0,0
349.836,1.0000,0,0,0,0
349.869,1.0000,0,0,0,0
349.893,1.0000,0,0,0,0
349.934,1.0000,0,0,0,0
349.969,1.0000,0,0,0,0
350.003,1.0000,0,0,0,0
350.037,1.0000,0,0,0,0
350.068,1.0000,0,0,0,0
350.100,1.0000,0,0,0,0
350.136,1.0000,0,0,0,0
350.170,1.0000,0,0,0,0
350.200,1.0000,0,0,0,0
350.234,1.0000,0,0,0,0
350.269,1.0000,0,0,0,0
350.302,1.0000,0,0,0,0
350.335,1.0000,0,0,0,0
350.370,1.0000,0,0,0,0
350.401,1.0000,0,0,0,0
350.434,1.0000,0,0,0,0
350.467,1.0000,0,0,0,0
350.502,1.0000,0,0,0,0
350.537,1.0000,0,0,0,0
350.566,1.0000,0,0,0,0
350.600,1.0000,0,0,0,0
350.637,1.0000,0,0,0,0
350.669,1.0000,0,0,0,0
350.703,1.0000,0,0,0,0
350.738,1.0000,0,0,0,0
350.770,1.0000,0,0,0,0
350.800,1.0000,0,0,0,0
350.838,1.0000,0,0,0,0
350.869,1.0000,0,0,0,0
350.900,1.0000,0,0,0,0
350.937,1.0000,0,0,0,0
350.967,1.0000,0,0,0,0
351.002,1.0000,0,0,0,0
351.038,1.0000,0,0,0,0
351.071,1.0000,0,0,0,0
351.093,1.0000,0,0,0,0
351.133,1.0000,0,0,0,0
351.168,1.0000,0,0,0,0
351.202,1.0000,0,0,0,0
351.234,1.0000,0,0,0,0
351.270,1.0000,0,0,0,0
351.304,1.0000,0,0,0,0
351.335,1.0000,0,0,0,0
351.370,1.0000,0,0,0,0
351.403,1.0000,0,0,0,0
351.436,1.0000,0,0,0,0
351.470,1.0000,0,0,0,0
351.496,1.0000,0,0,0,0
351.538,1.0000,0,0,0,0
351.559,1.0000,0,0,0,0
351.603,1.0000,0,0,0,0
351.629,1.0000,0,0,0,0
351.670,1.0000,0,0,0,0
351.704,1.0000,0,0,0,0
351.734,1.0000,0,0,0,0
351.770,1.0000,0,0,0,0
351.804,1.0000,0,0,0,0
351.838,1.0000,0,0,0,0
351.869,1.0000,0,0,0,0
351.903,1.0000,0,0,0,0
351.935,1.0000,0,0,0,0
351.966,1.0000,0,0,0,0
352.006,1.0000,0,0,0,0
352.028,1.0000,0,0,0,0
352.068,1.0000,0,0,0,0
352.104,1.0000,0,0,0,0
352.136,1.0000,0,0,0,0
352.169,1.0000,0,0,0,0
352.200,1.0000,0,0,0,0
352.237,1.0000,0,0,0,0
352.274,1.0000,0,0,0,0
352.299,1.0000,0,0,0,0
352.333,1.0000,0,0,0,0
352.370,1.0000,0,0,0,0
352.391,1.0000,0,0,0,0
352.435,1.0000,0,0,0,0
352.471,1.0000,0,0,0,0
352.503,1.0000,0,0,0,0
352.537,1.0000,0,0,0,0
352.567,1.0000,0,0,0,0
352.603,1.0000,0,0,0,0
352.637,1.0000,0,0,0,0
352.670,1.0000,0,0,0,0
352.702,1.0000,0,0,0,0
352.734,1.0000,0,0,0,0
352.771,1.0000,0,0,0,0
352.803,1.0000,0,0,0,0
352.836,1.0000,0,0,0,0
352.868,1.0000,0,0,0,0
352.901,1.0000,0,0,0,0
352.936,1.0000,0,0,0,0
352.967,1.0000,0,0,0,0
353.000,1.0000,0,0,0,0
353.039,1.0000,0,0,0,0
353.069,1.0000,0,0,0,0
353.104,1.0000,0,0,0,0
353.137,1.0000,0,0,0,0
353.171,1.0000,0,0,0,0
353.200,1.0000,0,0,0,0
353.238,1.0000,0,0,0,0
353.260,1.0000,0,0,0,0
353.304,1.0000,0,0,0,0
353.335,1.0000,0,0,0,0
353.368,1.0000,0,0,0,0
353.403,1.0000,0,0,0,0
353.436,1.0000,0,0,0,0
353.469,1.0000,0,0,0,0
353.500,1.0000,0,0,0,0
353.536,1.0000,0,0,0,0
353.570,1.0000,0,0,0,0
353.604,1.0000,0,0,0,0
353.636,1.0000,0,0,0,0
353.671,1.0000,0,0,0,0
353.702,1.0000,0,0,0,0
353.736,1.0000,0,0,0,0
353.766,1.0000,0,0,0,0
353.802,1.0000,0,0,0,0
353.835,1.0000,0,0,0,0
353.870,1.0000,0,0,0,0
353.901,1.0000,0,0,0,0
353.937,1.0000,0,0,0,0
353.967,1.0000,0,0,0,0
354.000,1.0000,0,0,0,0
354.037,1.0000,0,0,0,0
354.070,1.0000,0,0,0,0
354.100,1.0000,0,0,0,0
354.134,1.0000,0,0,0,0
354.171,1.0000,0,0,0,0
354.201,1.0000,0,0,0,0
354.236,1.0000,0,0,0,0
354.271,1.0000,0,0,0,0
354.303,1.0000,0,0,0,0
354.337,1.0000,0,0,0,0
354.370,1.0000,0,0,0,0
354.401,1.0000,0,0,0,0
354.435,1.0000,0,0,0,0
354.470,1.0000,0,0,0,0
354.503,1.0000,0,0,0,0
354.533,1.0000,0,0,0,0
354.568,1.0000,0,0,0,0
354.603,1.0000,0,0,0,0
354.635,1.0000,0,0,0,0
354.668,1.0000,0,0,0,0
354.700,1.0000,0,0,0,0
354.737,1.0000,0,0,0,0
354.767,1.0000,0,0,0,0
354.800,1.0000,0,0,0,0
354.834,1.0000,0,0,0,0
354.872,1.0000,0,0,0,0
354.902,1.0000,0,0,0,0
354.936,1.0000,0,0,0,0
354.970,1.0000,0,0,0,0
354.997,1.0000,0,0,0,0
355.038,1.0000,0,0,0,0
355.068,1.0000,0,0,0,0
355.104,1.0000,0,0,0,0
355.135,1.0000,0,0,0,0
355.169,1.0000,0,0,0,0
355.203,1.0000,0,0,0,0
355.236,1.0000,0,0,0,0
355.268,1.0000,0,0,0,0
355.304,1.0000,0,0,0,0
355.333,1.0000,0,0,0,0
355.369,1.0000,0,0,0,0
355.402,1.0000,0,0,0,0
355.436,1.0000,0,0,0,0
355.470,1.0000,0,0,0,0
355.504,1.0000,0,0,0,0
355.533,1.0000,0,0,0,0
355.568,1.0000,0,0,0,0
355.601,1.0000,0,0,0,0
355.636,1.0000,0,0,0,0
355.669,1.0000,0,0,0,0
355.701,1.0000,0,0,0,0
355.736,1.0000,0,0,0,0
355.767,1.0000,0,0,0,0
355.801,1.0000,0,0,0,0
355.837,1.0000,0,0,0,0
355.869,1.0000,0,0,0,0
355.902,1.0000,0,0,0,0
355.939,1.0000,0,0,0,0
355.970,1.0000,0,0,0,0
356.000,1.0000,0,0,0,0
356.035,1.0000,0,0,0,0
356.066,1.0000,0,0,0,0
356.101,1.0000,0,0,0,0
356.136,1.0000,0,0,0,0
356.167,1.0000,0,0,0,0
356.203,1.0000,0,0,0,0
356.234,1.0000,0,0,0,0
356.269,1.0000,0,0,0,0
356.303,1.0000,0,0,0,0
356.334,1.0000,0,0,0,0
356.368,1.0000,0,0,0,0
356.401,1.0000,0,0,0,0
356.436,1.0000,0,0,0,0
356.468,1.0000,0,0,0,0
356.501,1.0000,0,0,0,0
356.536,1.0000,0,0,0,0
356.568,1.0000,0,0,0,0
356.602,1.0000,0,0,0,0
356.636,1.0000,0,0,0,0
356.667,1.0000,0,0,0,0
356.701,1.0000,0,0,0,0
356.734,1.0000,0,0,0,0
356.769,1.0000,0,0,0,0
356.803,1.0000,0,0,0,0
356.835,1.0000,0,0,0,0
356.868,1.0000,0,0,0,0
356.901,1.0000,0,0,0,0
356.936,1.0000,0,0,0,0
356.970,1.0000,0,0,0,0
357.000,1.0000,0,0,0,0
357.035,1.0000,0,0,0,0
357.071,1.0000,0,0,0,0
357.103,1.0000,0,0,0,0
357.136,1.0000,0,0,0,0
357.173,1.0000,0,0,0,0
357.202,1.0000,0,0,0,0
357.235,1.0000,0,0,0,0
357.268,1.0000,0,0,0,0
357.306,1.0000,0,0,0,0
357.333,1.0000,0,0,0,0
357.369,1.0000,0,0,0,0
357.402,1.0000,0,0,0,0
357.433,1.0000,0,0,0,0
357.466,1.0000,0,0,0,0
357.504,1.0000,0,0,0,0
357.534,1.0000,0,0,0,0
357.567,1.0000,0,0,0,0
357.591,1.0000,0,0,0,0
357.635,1.0000,0,0,0,0
357.671,1.0000,0,0,0,0
357.700,1.0000,0,0,0,0
357.735,1.0000,0,0,0,0
357.771,1.0000,0,0,0,0
357.802,1.0000,0,0,0,0
357.838,1.0000,0,0,0,0
357.869,1.0000,0,0,0,0
357.904,1.0000,0,0,0,0
357.935,1.0000,0,0,0,0
357.967,1.0000,0,0,0,0
358.004,1.0000,0,0,0,0
358.034,1.0000,0,0,0,0
358.072,1.0000,0,0,0,0
358.100,1.0000,0,0,0,0
358.136,1.0000,0,0,0,0
358.169,1.0000,0,0,0,0
358.203,1.0000,0,0,0,0
358.238,1.0000,0,0,0,0
358.270,1.0000,0,0,0,0
358.300,1.0000,0,0,0,0
358.335,1.0000,0,0,0,0
358.367,1.0000,0,0,0,0
358.402,1.0000,0,0,0,0
358.436,1.0000,0,0,0,0
358.467,1.0000,0,0,0,0
358.501,1.0000,0,0,0,0
358.535,1.0000,0,0,0,0
358.569,1.0000,0,0,0,0
358.603,1.0000,0,0,0,0
358.637,1.0000,0,0,0,0
358.670,1.0000,0,0,0,0
358.702,1.0000,0,0,0,0
358.736,1.0000,0,0,0,0
358.768,1.0000,0,0,0,0
358.804,1.0000,0,0,0,0
358.837,1.0000,0,0,0,0
358.867,1.0000,0,0,0,0
358.902,1.0000,0,0,0,0
358.939,1.0000,0,0,0,0
358.971,1.0000,0,0,0,0
359.001,1.0000,0,0,0,0
359.034,1.0000,0,0,0,0
359.070,1.0000,0,0,0,0
359.101,1.0000,0,0,0,0
359.137,1.0000,0,0,0,0
359.168,1.0000,0,0,0,0
359.205,1.0000,0,0,0,0
359.236,1.0000,0,0,0,0
359.267,1.0000,0,0,0,0
359.302,1.0000,0,0,0,0
359.336,1.0000,0,0,0,0
359.368,1.0000,0,0,0,0
359.403,1.0000,0,0,0,0
359.436,1.0000,0,0,0,0
359.466,1.0000,0,0,0,0
359.505,1.0000,0,0,0,0
359.538,1.0000,0,0,0,0
359.569,1.0000,0,0,0,0
359.602,1.0000,0,0,0,0
359.637,1.0000,0,0,0,0
359.669,1.0000,0,0,0,0
359.701,1.0000,0,0,0,0
359.735,1.0000,0,0,0,0
359.767,1.0000,0,0,0,0
359.802,1.0000,0,0,0,0
359.834,1.0000,0,0,0,0
359.870,1.0000,0,0,0,0
359.903,1.0000,0,0,0,0
359.937,1.0000,0,0,0,0
359.969,1.0000,0,0,0,0
360.079,1.0000,0,0,0,0
360.111,1.0000,0,0,0,0
360.144,1.0000,0,0,0,0
360.177,1.0000,0,0,0,0
360.213,1.0000,0,0,0,0
360.244,1.0000,0,0,0,0
360.279,1.0000,0,0,0,0
360.309,1.0000,0,0,0,0
360.343,1.0000,0,0,0,0
360.378,1.0000,0,0,0,0
360.411,1.0000,0,0,0,0
360.447,1.0000,0,0,0,0
360.474,1.0000,0,0,0,0
360.511,1.0000,0,0,0,0
360.546,1.0000,0,0,0,0
360.576,1.0000,0,0,0,0
360.611,1.0000,0,0,0,0
360.645,1.0000,0,0,0,0
360.677,1.0000,0,0,0,0
360.713,1.0000,0,0,0,0
360.745,1.0000,0,0,0,0
360.768,1.0000,0,0,0,0
360.809,1.0000,0,0,0,0
360.845,1.0000,0,0,0,0
360.878,1.0000,0,0,0,0
360.911,1.0000,0,0,0,0
360.946,1.0000,0,0,0,0
360.971,1.0000,0,0,0,0
361.009,1.0000,0,0,0,0
361.045,1.0000,0,0,0,0
361.076,1.0000,0,0,0,0
361.111,1.0000,0,0,0,0
361.135,1.0000,0,0,0,0
361.178,1.0000,0,0,0,0
361.210,1.0000,0,0,0,0
361.244,1.0000,0,0,0,0
361.277,1.0000,0,0,0,0
361.311,1.0000,0,0,0,0
361.344,1.0000,0,0,0,0
361.377,1.0000,0,0,0,0
361.414,1.0000,0,0,0,0
361.446,1.0000,0,0,0,0
361.475,1.0000,0,0,0,0
361.514,1.0000,0,0,0,0
361.537,1.0000,0,0,0,0
361.577,1.0000,0,0,0,0
361.613,1.0000,0,0,0,0
361.642,1.0000,0,0,0,0
361.676,1.0000,0,0,0,0
361.710,1.0000,0,0,0,0
361.743,1.0000,0,0,0,0
361.779,1.0000,0,0,0,0
361.812,1.0000,0,0,0,0
361.846,1.0000,0,0,0,0
361.868,1.0000,0,0,0,0
361.912,1.0000,0,0,0,0
361.944,1.0000,0,0,0,0
361.969,1.0000,0,0,0,0
362.012,1.0000,0,0,0,0
362.045,1.0000,0,0,0,0
362.068,1.0000,0,0,0,0
362.110,1.0000,0,0,0,0
362.139,1.0000,0,0,0,0
362.175,1.0000,0,0,0,0
362.212,1.0000,0,0,0,0
362.244,1.0000,0,0,0,0
362.278,1.0000,0,0,0,0
362.312,1.0000,0,0,0,0
362.346,1.0000,0,0,0,0
362.377,1.0000,0,0,0,0
362.414,1.0000,0,0,0,0
362.444,1.0000,0,0,0,0
362.479,1.0000,0,0,0,0
362.515,1.0000,0,0,0,0
362.539,1.0000,0,0,0,0
362.577,1.0000,0,0,0,0
362.611,1.0000,0,0,0,0
362.643,1.0000,0,0,0,0
362.677,1.0000,0,0,0,0
362.710,1.0000,0,0,0,0
362.744,1.0000,0,0,0,0
362.777,1.0000,0,0,0,0
362.810,1.0000,0,0,0,0
362.844,1.0000,0,0,0,0
362.880,1.0000,0,0,0,0
362.913,1.0000,0,0,0,0
362.945,1.0000,0,0,0,0
362.969,1.0000,0,0,0,0
363.017,1.0000,0,0,0,0
363.042,1.0000,0,0,0,0
363.079,1.0000,0,0,0,0
363.111,1.0000,0,0,0,0
363.144,1.0000,0,0,0,0
363.179,1.0000,0,0,0,0
363.210,1.0000,0,0,0,0
363.246,1.0000,0,0,0,0
363.277,1.0000,0,0,0,0
363.314,1.0000,0,0,0,0
363.344,1.0000,0,0,0,0
363.379,1.0000,0,0,0,0
363.413,1.0000,0,0,0,0
363.443,1.0000,0,0,0,0
363.477,1.0000,0,0,0,0
363.513,1.0000,0,0,0,0
363.546,1.0000,0,0,0,0
363.578,1.0000,0,0,0,0
363.614,1.0000,0,0,0,0
363.637,1.0000,0,0,0,0
363.676,1.0000,0,0,0,0
363.712,1.0000,0,0,0,0
363.746,1.0000,0,0,0,0
363.779,1.0000,0,0,0,0
363.810,1.0000,0,0,0,0
363.844,1.0000,0,0,0,0
363.879,1.0000,0,0,0,0
363.911,1.0000,0,0,0,0
363.943,1.0000,0,0,0,0
363.979,1.0000,0,0,0,0
364.012,1.0000,0,0,0,0
364.046,1.0000,0,0,0,0
364.079,1.0000,0,0,0,0
364.110,1.0000,0,0,0,0
364.147,1.0000,0,0,0,0
364.181,1.0000,0,0,0,0
364.214,1.0000,0,0,0,0
364.248,1.0000,0,0,0,0
364.279,1.0000,0,0,0,0
364.312,1.0000,0,0,0,0
364.343,1.0000,0,0,0,0
364.380,1.0000,0,0,0,0
364.402,1.0000,0,0,0,0
364.448,1.0000,0,0,0,0
364.478,1.0000,0,0,0,0
364.511,1.0000,0,0,0,0
364.546,1.0000,0,0,0,0
364.578,1.0000,0,0,0,0
364.612,1.0000,0,0,0,0
364.646,1.0000,0,0,0,0
364.681,1.0000,0,0,0,0
364.710,1.0000,0,0,0,0
364.745,1.0000,0,0,0,0
364.777,1.0000,0,0,0,0
364.811,1.0000,0,0,0,0
364.845,1.0000,0,0,0,0
364.880,1.0000,0,0,0,0
364.911,1.0000,0,0,0,0
364.946,1.0000,0,0,0,0
364.979,1.0000,0,0,0,0
365.011,1.0000,0,0,0,0
365.045,1.0000,0,0,0,0
365.078,1.0000,0,0,0,0
365.113,1.0000,0,0,0,0
365.144,1.0000,0,0,0,0
365.180,1.0000,0,0,0,0
365.212,1.0000,0,0,0,0
365.246,1.0000,0,0,0,0
365.276,1.0000,0,0,0,0
365.311,1.0000,0,0,0,0
365.346,1.0000,0,0,0,0
365.375,1.0000,0,0,0,0
365.411,1.0000,0,0,0,0
365.446,1.0000,0,0,0,0
365.477,1.0000,0,0,0,0
365.510,1.0000,0,0,0,0
365.546,1.0000,0,0,0,0
365.579,1.0000,0,0,0,0
365.611,1.0000,0,0,0,0
365.646,1.0000,0,0,0,0
365.679,1.0000,0,0,0,0
365.711,1.0000,0,0,0,0
365.743,1.0000,0,0,0,0
365.777,1.0000,0,0,0,0
365.813,1.0000,0,0,0,0
365.845,1.0000,0,0,0,0
365.878,1.0000,0,0,0,0
365.911,1.0000,0,0,0,0
365.944,1.0000,0,0,0,0
365.980,1.0000,0,0,0,0
366.011,1.0000,0,0,0,0
366.047,1.0000,0,0,0,0
366.079,1.0000,0,0,0,0
366.114,1.0000,0,0,0,0
366.144,1.0000,0,0,0,0
366.179,1.0000,0,0,0,0
366.213,1.0000,0,0,0,0
366.247,1.0000,0,0,0,0
366.279,1.0000,0,0,0,0
366.313,1.0000,0,0,0,0
366.344,1.0000,0,0,0,0
366.376,1.0000,0,0,0,0
366.414,1.0000,0,0,0,0
366.446,1.0000,0,0,0,0
366.478,1.0000,0,0,0,0
366.510,1.0000,0,0,0,0
366.545,1.0000,0,0,0,0
366.581,1.0000,0,0,0,0
366.612,1.0000,0,0,0,0
366.644,1.0000,0,0,0,0
366.681,1.0000,0,0,0,0
366.713,1.0000,0,0,0,0
366.745,1.0000,0,0,0,0
366.780,1.0000,0,0,0,0
366.810,1.0000,0,0,0,0
366.844,1.0000,0,0,0,0
366.880,1.0000,0,0,0,0
366.913,1.0000,0,0,0,0
366.946,1.0000,0,0,0,0
366.977,1.0000,0,0,0,0
367.011,1.0000,0,0,0,0
367.045,1.0000,0,0,0,0
367.080,1.0000,0,0,0,0
367.112,1.0000,0,0,0,0
367.147,1.0000,0,0,0,0
367.180,1.0000,0,0,0,0
367.211,1.0000,0,0,0,0
367.244,1.0000,0,0,0,0
367.279,1.0000,0,0,0,0
367.310,1.0000,0,0,0,0
367.347,1.0000,0,0,0,0
367.378,1.0000,0,0,0,0
367.411,1.0000,0,0,0,0
367.447,1.0000,0,0,0,0
367.479,1.0000,0,0,0,0
367.511,1.0000,0,0,0,0
367.548,1.0000,0,0,0,0
367.579,1.0000,0,0,0,0
367.611,1.0000,0,0,0,0
367.644,1.0000,0,0,0,0
367.677,1.0000,0,0,0,0
367.711,1.0000,0,0,0,0
367.743,1.0000,0,0,0,0
367.777,1.0000,0,0,0,0
367.810,1.0000,0,0,0,0
367.847,1.0000,0,0,0,0
367.879,1.0000,0,0,0,0
367.913,1.0000,0,0,0,0
367.943,1.0000,0,0,0,0
367.981,1.0000,0,0,0,0
368.012,1.0000,0,0,0,0
368.045,1.0000,0,0,0,0
368.081,1.0000,0,0,0,0
368.113,1.0000,0,0,0,0
368.143,1.0000,0,0,0,0
368.177,1.0000,0,0,0,0
368.214,1.0000,0,0,0,0
368.244,1.0000,0,0,0,0
368.276,1.0000,0,0,0,0
368.313,1.0000,0,0,0,0
368.345,1.0000,0,0,0,0
368.377,1.0000,0,0,0,0
368.411,1.0000,0,0,0,0
368.445,1.0000,0,0,0,0
368.482,1.0000,0,0,0,0
368.510,1.0000,0,0,0,0
368.545,1.0000,0,0,0,0
368.576,1.0000,0,0,0,0
368.614,1.0000,0,0,0,0
368.644,1.0000,0,0,0,0
368.680,1.0000,0,0,0,0
368.713,1.0000,0,0,0,0
368.746,1.0000,0,0,0,0
368.779,1.0000,0,0,0,0
368.813,1.0000,0,0,0,0
368.848,1.0000,0,0,0,0
368.878,1.0000,0,0,0,0
368.911,1.0000,0,0,0,0
368.945,1.0000,0,0,0,0
368.979,1.0000,0,0,0,0
369.012,1.0000,0,0,0,0
369.047,1.0000,0,0,0,0
369.079,1.0000,0,0,0,0
369.110,1.0000,0,0,0,0
369.146,1.0000,0,0,0,0
369.178,1.0000,0,0,0,0
369.210,1.0000,0,0,0,0
369.245,1.0000,0,0,0,0
369.280,1.0000,0,0,0,0
369.310,1.0000,0,0,0,0
369.345,1.0000,0,0,0,0
369.379,1.0000,0,0,0,0
369.410,1.0000,0,0,0,0
369.446,1.0000,0,0,0,0
369.478,1.0000,0,0,0,0
369.514,1.0000,0,0,0,0
369.545,1.0000,0,0,0,0
369.577,1.0000,0,0,0,0
369.610,1.0000,0,0,0,0
369.645,1.0000,0,0,0,0
369.680,1.0000,0,0,0,0
369.713,1.0000,0,0,0,0
369.743,1.0000,0,0,0,0
369.778,1.0000,0,0,0,0
369.813,1.0000,0,0,0,0
369.846,1.0000,0,0,0,0
369.880,1.0000,0,0,0,0
369.911,1.0000,0,0,0,0
369.946,1.0000,0,0,0,0
369.980,1.0000,0,0,0,0
370.013,1.0000,0,0,0,0
370.044,1.0000,0,0,0,0
370.079,1.0000,0,0,0,0
370.157,1.0000,0,0,0,0
370.213,1.0000,0,0,0,0
370.226,1.0000,0,0,0,0
370.260,1.0000,0,0,0,0
370.293,1.0000,0,0,0,0
370.328,1.0000,0,0,0,0
370.360,1.0000,0,0,0,0
370.392,1.0000,0,0,0,0
370.429,1.0000,0,0,0,0
370.461,1.0000,0,0,0,0
370.501,1.0000,0,0,0,0
370.520,1.0000,0,0,0,0
370.560,1.0000,0,0,0,0
370.592,1.0000,0,0,0,0
370.628,1.0000,0,0,0,0
370.662,1.0000,0,0,0,0
370.693,1.0000,0,0,0,0
370.728,1.0000,0,0,0,0
370.761,1.0000,0,0,0,0
370.792,1.0000,0,0,0,0
370.827,1.0000,0,0,0,0
370.862,1.0000,0,0,0,0
370.894,1.0000,0,0,0,0
370.927,1.0000,0,0,0,0
370.962,1.0000,0,0,0,0
370.994,1.0000,0,0,0,0
371.026,1.0000,0,0,0,0
371.058,1.0000,0,0,0,0
371.096,1.0000,0,0,0,0
371.126,1.0000,0,0,0,0
371.160,1.0000,0,0,0,0
371.195,1.0000,0,0,0,0
371.228,1.0000,0,0,0,0
371.265,1.0000,0,0,0,0
371.295,1.0000,0,0,0,0
371.326,1.0000,0,0,0,0
371.361,1.0000,0,0,0,0
371.395,1.0000,0,0,0,0
371.428,1.0000,0,0,0,0
371.460,1.0000,0,0,0,0
371.494,1.0000,0,0,0,0
371.529,1.0000,0,0,0,0
371.559,1.0000,0,0,0,0
371.595,1.0000,0,0,0,0
371.628,1.0000,0,0,0,0
371.661,1.0000,0,0,0,0
371.694,1.0000,0,0,0,0
371.726,1.0000,0,0,0,0
371.760,1.0000,0,0,0,0
371.792,1.0000,0,0,0,0
371.829,1.0000,0,0,0,0
371.862,1.0000,0,0,0,0
371.894,1.0000,0,0,0,0
371.928,1.0000,0,0,0,0
371.960,1.0000,0,0,0,0
371.994,1.0000,0,0,0,0
372.026,1.0000,0,0,0,0
372.060,1.0000,0,0,0,0
372.095,1.0000,0,0,0,0
372.128,1.0000,0,0,0,0
372.161,1.0000,0,0,0,0
372.195,1.0000,0,0,0,0
372.228,1.0000,0,0,0,0
372.262,1.0000,0,0,0,0
372.291,1.0000,0,0,0,0
372.326,1.0000,0,0,0,0
372.360,1.0000,0,0,0,0
372.397,1.0000,0,0,0,0
372.425,1.0000,0,0,0,0
372.459,1.0000,0,0,0,0
372.495,1.0000,0,0,0,0
372.518,1.0000,0,0,0,0
372.558,1.0000,0,0,0,0
372.591,1.0000,0,0,0,0
372.629,1.0000,0,0,0,0
372.652,1.0000,0,0,0,0
372.696,1.0000,0,0,0,0
372.722,1.0000,0,0,0,0
372.758,1.0000,0,0,0,0
372.794,1.0000,0,0,0,0
372.824,1.0000,0,0,0,0
372.862,1.0000,0,0,0,0
372.885,1.0000,0,0,0,0
372.926,1.0000,0,0,0,0
372.952,1.0000,0,0,0,0
372.994,1.0000,0,0,0,0
373.026,1.0000,0,0,0,0
373.062,1.0000,0,0,0,0
373.097,1.0000,0,0,0,0
373.126,1.0000,0,0,0,0
373.161,1.0000,0,0,0,0
373.194,1.0000,0,0,0,0
373.229,1.0000,0,0,0,0
373.259,1.0000,0,0,0,0
373.294,1.0000,0,0,0,0
373.324,1.0000,0,0,0,0
373.363,1.0000,0,0,0,0
373.395,1.0000,0,0,0,0
373.425,1.0000,0,0,0,0
373.459,1.0000,0,0,0,0
373.491,1.0000,0,0,0,0
373.526,1.0000,0,0,0,0
373.557,1.0000,0,0,0,0
373.591,1.0000,0,0,0,0
373.627,1.0000,0,0,0,0
373.660,1.0000,0,0,0,0
373.693,1.0000,0,0,0,0
373.721,1.0000,0,0,0,0
373.758,1.0000,0,0,0,0
373.793,1.0000,0,0,0,0
373.827,1.0000,0,0,0,0
373.852,1.0000,0,0,0,0
373.892,1.0000,0,0,0,0
373.929,1.0000,0,0,0,0
373.959,1.0000,0,0,0,0
373.993,1.0000,0,0,0,0
374.028,1.0000,0,0,0,0
374.058,1.0000,0,0,0,0
374.095,1.0000,0,0,0,0
374.121,1.0000,0,0,0,0
374.159,1.0000,0,0,0,0
374.192,1.0000,0,0,0,0
374.223,1.0000,0,0,0,0
374.251,1.0000,0,0,0,0
374.295,1.0000,0,0,0,0
374.321,1.0000,0,0,0,0
374.359,1.0000,0,0,0,0
374.395,1.0000,0,0,0,0
374.429,1.0000,0,0,0,0
374.462,1.0000,0,0,0,0
374.492,1.0000,0,0,0,0
374.529,1.0000,0,0,0,0
374.557,1.0000,0,0,0,0
374.595,1.0000,0,0,0,0
374.620,1.0000,0,0,0,0
374.660,1.0000,0,0,0,0
374.686,1.0000,0,0,0,0
374.726,1.0000,0,0,0,0
374.754,1.0000,0,0,0,0
374.796,1.0000,0,0,0,0
374.819,1.0000,0,0,0,0
374.862,1.0000,0,0,0,0
374.887,1.0000,0,0,0,0
374.927,1.0000,0,0,0,0
374.951,1.0000,0,0,0,0
374.992,1.0000,0,0,0,0
375.018,1.0000,0,0,0,0
375.064,1.0000,0,0,0,0
375.093,1.0000,0,0,0,0
375.130,1.0000,0,0,0,0
375.151,1.0000,0,0,0,0
375.195,1.0000,0,0,0,0
375.219,1.0000,0,0,0,0
375.261,1.0000,0,0,0,0
375.295,1.0000,0,0,0,0
375.329,1.0000,0,0,0,0
375.361,1.0000,0,0,0,0
375.394,1.0000,0,0,0,0
375.430,1.0000,0,0,0,0
375.454,1.0000,0,0,0,0
375.493,1.0000,0,0,0,0
375.518,1.0000,0,0,0,0
375.561,1.0000,0,0,0,0
375.590,1.0000,0,0,0,0
375.625,1.0000,0,0,0,0
375.659,1.0000,0,0,0,0
375.697,1.0000,0,0,0,0
375.735,1.0000,0,0,0,0
375.764,1.0000,0,0,0,0
375.800,1.0000,0,0,0,0
375.833,1.0000,0,0,0,0
375.865,1.0000,0,0,0,0
375.901,1.0000,0,0,0,0
375.933,1.0000,0,0,0,0
375.965,1.0000,0,0,0,0
375.997,1.0000,0,0,0,0
376.031,1.0000,0,0,0,0
376.068,1.0000,0,0,0,0
376.100,1.0000,0,0,0,0
376.131,1.0000,0,0,0,0
376.168,1.0000,0,0,0,0
376.189,1.0000,0,0,0,0
376.230,1.0000,0,0,0,0
376.264,1.0000,0,0,0,0
376.300,1.0000,0,0,0,0
376.334,1.0000,0,0,0,0
376.365,1.0000,0,0,0,0
376.398,1.0000,0,0,0,0
376.433,1.0000,0,0,0,0
376.464,1.0000,0,0,0,0
376.501,1.0000,0,0,0,0
376.532,1.0000,0,0,0,0
376.567,1.0000,0,0,0,0
376.598,1.0000,0,0,0,0
376.631,1.0000,0,0,0,0
376.664,1.0000,0,0,0,0
376.698,1.0000,0,0,0,0
376.733,1.0000,0,0,0,0
376.768,1.0000,0,0,0,0
376.799,1.0000,0,0,0,0
376.831,1.0000,0,0,0,0
376.864,1.0000,0,0,0,0
376.900,1.0000,0,0,0,0
376.932,1.0000,0,0,0,0
376.967,1.0000,0,0,0,0
376.999,1.0000,0,0,0,0
377.033,1.0000,0,0,0,0
377.066,1.0000,0,0,0,0
377.101,1.0000,0,0,0,0
377.135,1.0000,0,0,0,0
377.168,1.0000,0,0,0,0
377.193,1.0000,0,0,0,0
377.233,1.0000,0,0,0,0
377.256,1.0000,0,0,0,0
377.303,1.0000,0,0,0,0
377.333,1.0000,0,0,0,0
377.367,1.0000,0,0,0,0
377.401,1.0000,0,0,0,0
377.431,1.0000,0,0,0,0
377.465,1.0000,0,0,0,0
377.500,1.0000,0,0,0,0
377.531,1.0000,0,0,0,0
377.563,1.0000,0,0,0,0
377.602,1.0000,0,0,0,0
377.635,1.0000,0,0,0,0
377.668,1.0000,0,0,0,0
377.701,1.0000,0,0,0,0
377.731,1.0000,0,0,0,0
377.766,1.0000,0,0,0,0
377.802,1.0000,0,0,0,0
377.831,1.0000,0,0,0,0
377.864,1.0000,0,0,0,0
377.898,1.0000,0,0,0,0
377.933,1.0000,0,0,0,0
377.964,1.0000,0,0,0,0
377.998,1.0000,0,0,0,0
378.031,1.0000,0,0,0,0
378.067,1.0000,0,0,0,0
378.098,1.0000,0,0,0,0
378.135,1.0000,0,0,0,0
378.158,1.0000,0,0,0,0
378.198,1.0000,0,0,0,0
378.222,1.0000,0,0,0,0
378.263,1.0000,0,0,0,0
378.289,1.0000,0,0,0,0
378.331,1.0000,0,0,0,0
378.366,1.0000,0,0,0,0
378.398,1.0000,0,0,0,0
378.431,1.0000,0,0,0,0
378.466,1.0000,0,0,0,0
378.501,1.0000,0,0,0,0
378.531,1.0000,0,0,0,0
378.566,1.0000,0,0,0,0
378.600,1.0000,0,0,0,0
378.633,1.0000,0,0,0,0
378.666,1.0000,0,0,0,0
378.697,1.0000,0,0,0,0
378.735,1.0000,0,0,0,0
378.765,1.0000,0,0,0,0
378.800,1.0000,0,0,0,0
378.835,1.0000,0,0,0,0
378.865,1.0000,0,0,0,0
378.900,1.0000,0,0,0,0
378.933,1.0000,0,0,0,0
378.965,1.0000,0,0,0,0
379.002,1.0000,0,0,0,0
379.031,1.0000,0,0,0,0
379.067,1.0000,0,0,0,0
379.101,1.0000,0,0,0,0
379.133,1.0000,0,0,0,0
379.166,1.0000,0,0,0,0
379.201,1.0000,0,0,0,0
379.232,1.0000,0,0,0,0
379.256,1.0000,0,0,0,0
379.298,1.0000,0,0,0,0
379.341,1.0000,0,0,0,0
379.374,1.0000,0,0,0,0
379.401,1.0000,0,0,0,0
379.440,1.0000,0,0,0,0
379.477,1.0000,0,0,0,0
379.507,1.0000,0,0,0,0
379.533,1.0000,0,0,0,0
379.563,1.0000,0,0,0,0
379.608,1.0000,0,0,0,0
379.641,1.0000,0,0,0,0
379.673,1.0000,0,0,0,0
379.710,1.0000,0,0,0,0
379.743,1.0000,0,0,0,0
379.777,1.0000,0,0,0,0
379.807,1.0000,0,0,0,0
379.843,1.0000,0,0,0,0
379.875,1.0000,0,0,0,0
379.909,1.0000,0,0,0,0
379.942,1.0000,0,0,0,0
379.976,1.0000,0,0,0,0
380.006,1.0000,0,0,0,0
380.040,1.0000,0,0,0,0
380.075,1.0000,0,0,0,0
380.111,1.0000,0,0,0,0
380.142,1.0000,0,0,0,0
380.177,1.0000,0,0,0,0
380.208,1.0000,0,0,0,0
380.242,1.0000,0,0,0,0
380.273,1.0000,0,0,0,0
380.311,1.0000,0,0,0,0
380.341,1.0000,0,0,0,0
380.374,1.0000,0,0,0,0
380.407,1.0000,0,0,0,0
380.440,1.0000,0,0,0,0
380.474,1.0000,0,0,0,0
380.508,1.0000,0,0,0,0
380.542,1.0000,0,0,0,0
380.575,1.0000,0,0,0,0
380.609,1.0000,0,0,0,0
380.644,1.0000,0,0,0,0
380.675,1.0000,0,0,0,0
380.708,1.0000,0,0,0,0
380.742,1.0000,0,0,0,0
380.777,1.0000,0,0,0,0
380.811,1.0000,0,0,0,0
380.840,1.0000,0,0,0,0
380.875,1.0000,0,0,0,0
380.911,1.0000,0,0,0,0
380.940,1.0000,0,0,0,0
380.977,1.0000,0,0,0,0
381.007,1.0000,0,0,0,0
381.041,1.0000,0,0,0,0
381.073,1.0000,0,0,0,0
381.109,1.0000,0,0,0,0
381.141,1.0000,0,0,0,0
381.172,1.0000,0,0,0,0
381.208,1.0000,0,0,0,0
381.239,1.0000,0,0,0,0
381.274,1.0000,0,0,0,0
381.309,1.0000,0,0,0,0
381.344,1.0000,0,0,0,0
381.678,1.0000,0,0,0,0
381.724,1.0000,0,0,0,0
381.735,1.0000,0,0,0,0
381.763,1.0000,0,0,0,0
381.797,1.0000,0,0,0,0
381.829,1.0000,0,0,0,0
381.864,1.0000,0,0,0,0
381.897,1.0000,0,0,0,0
381.928,1.0000,0,0,0,0
381.964,1.0000,0,0,0,0
381.996,1.0000,0,0,0,0
382.029,1.0000,0,0,0,0
382.062,1.0000,0,0,0,0
382.095,1.0000,0,0,0,0
382.129,1.0000,0,0,0,0
382.164,1.0000,0,0,0,0
382.196,1.0000,0,0,0,0
382.230,1.0000,0,0,0,0
382.263,1.0000,0,0,0,0
382.298,1.0000,0,0,0,0
382.331,1.0000,0,0,0,0
382.360,1.0000,0,0,0,0
382.396,1.0000,0,0,0,0
382.428,1.0000,0,0,0,0
382.465,1.0000,0,0,0,0
382.499,1.0000,0,0,0,0
382.531,1.0000,0,0,0,0
382.563,1.0000,0,0,0,0
382.598,1.0000,0,0,0,0
382.629,1.0000,0,0,0,0
382.663,1.0000,0,0,0,0
382.698,1.0000,0,0,0,0
382.729,1.0000,0,0,0,0
382.760,1.0000,0,0,0,0
382.793,1.0000,0,0,0,0
382.828,1.0000,0,0,0,0
382.863,1.0000,0,0,0,0
382.897,1.0000,0,0,0,0
382.927,1.0000,0,0,0,0
382.961,1.0000,0,0,0,0
382.997,1.0000,0,0,0,0
383.032,1.0000,0,0,0,0
383.065,1.0000,0,0,0,0
383.096,1.0000,0,0,0,0
383.129,1.0000,0,0,0,0
383.164,1.0000,0,0,0,0
383.196,1.0000,0,0,0,0
383.228,1.0000,0,0,0,0
383.260,1.0000,0,0,0,0
383.297,1.0000,0,0,0,0
383.327,1.0000,0,0,0,0
383.365,1.0000,0,0,0,0
383.398,1.0000,0,0,0,0
383.425,1.0000,0,0,0,0
383.463,1.0000,0,0,0,0
383.497,1.0000,0,0,0,0
383.528,1.0000,0,0,0,0
383.561,1.0000,0,0,0,0
383.598,1.0000,0,0,0,0
383.631,1.0000,0,0,0,0
383.662,1.0000,0,0,0,0
383.697,1.0000,0,0,0,0
383.728,1.0000,0,0,0,0
383.761,1.0000,0,0,0,0
383.796,1.0000,0,0,0,0
383.828,1.0000,0,0,0,0
383.862,1.0000,0,0,0,0
383.897,1.0000,0,0,0,0
383.930,1.0000,0,0,0,0
383.965,1.0000,0,0,0,0
383.994,1.0000,0,0,0,0
384.029,1.0000,0,0,0,0
384.063,1.0000,0,0,0,0
384.096,1.0000,0,0,0,0
384.130,1.0000,0,0,0,0
384.164,1.0000,0,0,0,0
384.195,1.0000,0,0,0,0
384.228,1.0000,0,0,0,0
384.261,1.0000,0,0,0,0
384.297,1.0000,0,0,0,0
384.331,1.0000,0,0,0,0
384.364,1.0000,0,0,0,0
384.398,1.0000,0,0,0,0
384.428,1.0000,0,0,0,0
384.462,1.0000,0,0,0,0
384.496,1.0000,0,0,0,0
384.530,1.0000,0,0,0,0
384.563,1.0000,0,0,0,0
384.597,1.0000,0,0,0,0
384.628,1.0000,0,0,0,0
384.663,1.0000,0,0,0,0
384.695,1.0000,0,0,0,0
384.728,1.0000,0,0,0,0
384.766,1.0000,0,0,0,0
384.795,1.0000,0,0,0,0
384.829,1.0000,0,0,0,0
384.867,1.0000,0,0,0,0
384.898,1.0000,0,0,0,0
384.928,1.0000,0,0,0,0
384.963,1.0000,0,0,0,0
384.998,1.0000,0,0,0,0
385.028,1.0000,0,0,0,0
385.066,1.0000,0,0,0,0
385.097,1.0000,0,0,0,0
385.129,1.0000,0,0,0,0
385.165,1.0000,0,0,0,0
385.198,1.0000,0,0,0,0
385.229,1.0000,0,0,0,0
385.263,1.0000,0,0,0,0
385.296,1.0000,0,0,0,0
385.330,1.0000,0,0,0,0
385.362,1.0000,0,0,0,0
385.398,1.0000,0,0,0,0
385.431,1.0000,0,0,0,0
385.464,1.0000,0,0,0,0
385.495,1.0000,0,0,0,0
385.531,1.0000,0,0,0,0
385.561,1.0000,0,0,0,0
385.598,1.0000,0,0,0,0
385.630,1.0000,0,0,0,0
385.663,1.0000,0,0,0,0
385.695,1.0000,0,0,0,0
385.730,1.0000,0,0,0,0
385.761,1.0000,0,0,0,0
385.798,1.0000,0,0,0,0
385.829,1.0000,0,0,0,0
385.865,1.0000,0,0,0,0
385.895,1.0000,0,0,0,0
385.929,1.0000,0,0,0,0
385.962,1.0000,0,0,0,0
385.998,1.0000,0,0,0,0
386.030,1.0000,0,0,0,0
386.065,1.0000,0,0,0,0
386.096,1.0000,0,0,0,0
386.130,1.0000,0,0,0,0
386.163,1.0000,0,0,0,0
386.195,1.0000,0,0,0,0
386.224,1.0000,0,0,0,0
386.266,1.0000,0,0,0,0
386.295,1.0000,0,0,0,0
386.328,1.0000,0,0,0,0
386.364,1.0000,0,0,0,0
386.398,1.0000,0,0,0,0
386.428,1.0000,0,0,0,0
386.464,1.0000,0,0,0,0
386.495,1.0000,0,0,0,0
386.530,1.0000,0,0,0,0
386.562,1.0000,0,0,0,0
386.597,1.0000,0,0,0,0
386.630,1.0000,0,0,0,0
386.663,1.0000,0,0,0,0
386.695,1.0000,0,0,0,0
386.730,1.0000,0,0,0,0
386.766,1.0000,0,0,0,0
386.796,1.0000,0,0,0,0
386.831,1.0000,0,0,0,0
386.864,1.0000,0,0,0,0
386.896,1.0000,0,0,0,0
386.928,1.0000,0,0,0,0
386.962,1.0000,0,0,0,0
386.997,1.0000,0,0,0,0
387.030,1.0000,0,0,0,0
387.062,1.0000,0,0,0,0
387.096,1.0000,0,0,0,0
387.130,1.0000,0,0,0,0
387.162,1.0000,0,0,0,0
387.194,1.0000,0,0,0,0
387.229,1.0000,0,0,0,0
387.264,1.0000,0,0,0,0
387.297,1.0000,0,0,0,0
387.331,1.0000,0,0,0,0
387.362,1.0000,0,0,0,0
387.396,1.0000,0,0,0,0
387.430,1.0000,0,0,0,0
387.462,1.0000,0,0,0,0
387.494,1.0000,0,0,0,0
387.529,1.0000,0,0,0,0
387.561,1.0000,0,0,0,0
387.594,1.0000,0,0,0,0
387.630,1.0000,0,0,0,0
387.662,1.0000,0,0,0,0
387.695,1.0000,0,0,0,0
387.728,1.0000,0,0,0,0
387.761,1.0000,0,0,0,0
387.794,1.0000,0,0,0,0
387.830,1.0000,0,0,0,0
387.863,1.0000,0,0,0,0
387.896,1.0000,0,0,0,0
387.932,1.0000,0,0,0,0
387.963,1.0000,0,0,0,0
387.996,1.0000,0,0,0,0
388.031,1.0000,0,0,0,0
388.063,1.0000,0,0,0,0
388.095,1.0000,0,0,0,0
388.130,1.0000,0,0,0,0
388.162,1.0000,0,0,0,0
388.198,1.0000,0,0,0,0
388.228,1.0000,0,0,0,0
388.263,1.0000,0,0,0,0
388.295,1.0000,0,0,0,0
388.330,1.0000,0,0,0,0
388.361,1.0000,0,0,0,0
388.398,1.0000,0,0,0,0
388.431,1.0000,0,0,0,0
388.463,1.0000,0,0,0,0
388.495,1.0000,0,0,0,0
388.531,1.0000,0,0,0,0
388.564,1.0000,0,0,0,0
388.597,1.0000,0,0,0,0
388.629,1.0000,0,0,0,0
388.665,1.0000,0,0,0,0
388.697,1.0000,0,0,0,0
388.732,1.0000,0,0,0,0
388.764,1.0000,0,0,0,0
388.798,1.0000,0,0,0,0
388.830,1.0000,0,0,0,0
388.864,1.0000,0,0,0,0
388.897,1.0000,0,0,0,0
388.928,1.0000,0,0,0,0
388.961,1.0000,0,0,0,0
388.996,1.0000,0,0,0,0
389.023,1.0000,0,0,0,0
389.064,1.0000,0,0,0,0
389.096,1.0000,0,0,0,0
389.128,1.0000,0,0,0,0
389.167,1.0000,0,0,0,0
389.198,1.0000,0,0,0,0
389.231,1.0000,0,0,0,0
389.261,1.0000,0,0,0,0
389.294,1.0000,0,0,0,0
389.329,1.0000,0,0,0,0
389.361,1.0000,0,0,0,0
389.398,1.0000,0,0,0,0
389.430,1.0000,0,0,0,0
389.464,1.0000,0,0,0,0
389.496,1.0000,0,0,0,0
389.532,1.0000,0,0,0,0
389.564,1.0000,0,0,0,0
389.595,1.0000,0,0,0,0
389.631,1.0000,0,0,0,0
389.663,1.0000,0,0,0,0
389.695,1.0000,0,0,0,0
389.729,1.0000,0,0,0,0
389.763,1.0000,0,0,0,0
389.797,1.0000,0,0,0,0
389.830,1.0000,0,0,0,0
389.861,1.0000,0,0,0,0
389.894,1.0000,0,0,0,0
389.930,1.0000,0,0,0,0
389.962,1.0000,0,0,0,0
389.995,1.0000,0,0,0,0
390.029,1.0000,0,0,0,0
390.061,1.0000,0,0,0,0
390.096,1.0000,0,0,0,0
390.131,1.0000,0,0,0,0
390.164,1.0000,0,0,0,0
390.195,1.0000,0,0,0,0
390.227,1.0000,0,0,0,0
390.262,1.0000,0,0,0,0
390.297,1.0000,0,0,0,0
390.332,1.0000,0,0,0,0
390.362,1.0000,0,0,0,0
390.396,1.0000,0,0,0,0
390.429,1.0000,0,0,0,0
390.464,1.0000,0,0,0,0
390.496,1.0000,0,0,0,0
390.532,1.0000,0,0,0,0
390.564,1.0000,0,0,0,0
390.597,1.0000,0,0,0,0
390.628,1.0000,0,0,0,0
390.661,1.0000,0,0,0,0
390.697,1.0000,0,0,0,0
390.731,1.0000,0,0,0,0
390.763,1.0000,0,0,0,0
390.798,1.0000,0,0,0,0
390.831,1.0000,0,0,0,0
390.862,1.0000,0,0,0,0
390.896,1.0000,0,0,0,0
390.932,1.0000,0,0,0,0
390.960,1.0000,0,0,0,0
390.996,1.0000,0,0,0,0
391.029,1.0000,0,0,0,0
391.060,1.0000,0,0,0,0
391.096,1.0000,0,0,0,0
391.131,1.0000,0,0,0,0
391.163,1.0000,0,0,0,0
391.198,1.0000,0,0,0,0
391.231,1.0000,0,0,0,0
391.264,1.0000,0,0,0,0
391.295,1.0000,0,0,0,0
391.328,1.0000,0,0,0,0
391.362,1.0000,0,0,0,0
391.395,1.0000,0,0,0,0
391.429,1.0000,0,0,0,0
391.465,1.0000,0,0,0,0
391.496,1.0000,0,0,0,0
391.530,1.0000,0,0,0,0
391.564,1.0000,0,0,0,0
391.596,1.0000,0,0,0,0
391.630,1.0000,0,0,0,0
391.664,1.0000,0,0,0,0
391.697,1.0000,0,0,0,0
391.728,1.0000,0,0,0,0
391.763,1.0000,0,0,0,0
391.795,1.0000,0,0,0,0
391.832,1.0000,0,0,0,0
391.863,1.0000,0,0,0,0
391.897,1.0000,0,0,0,0
391.929,1.0000,0,0,0,0
391.961,1.0000,0,0,0,0
391.996,1.0000,0,0,0,0
392.028,1.0000,0,0,0,0
392.064,1.0000,0,0,0,0
392.098,1.0000,0,0,0,0
392.128,1.0000,0,0,0,0
392.162,1.0000,0,0,0,0
392.196,1.0000,0,0,0,0
392.229,1.0000,0,0,0,0
392.264,1.0000,0,0,0,0
392.296,1.0000,0,0,0,0
392.331,1.0000,0,0,0,0
392.362,1.0000,0,0,0,0
392.396,1.0000,0,0,0,0
392.430,1.0000,0,0,0,0
392.463,1.0000,0,0,0,0
392.499,1.0000,0,0,0,0
392.530,1.0000,0,0,0,0
392.564,1.0000,0,0,0,0
392.598,1.0000,0,0,0,0
392.631,1.0000,0,0,0,0
392.663,1.0000,0,0,0,0
392.698,1.0000,0,0,0,0
392.729,1.0000,0,0,0,0
392.762,1.0000,0,0,0,0
392.797,1.0000,0,0,0,0
392.831,1.0000,0,0,0,0
392.863,1.0000,0,0,0,0
392.893,1.0000,0,0,0,0
392.928,1.0000,0,0,0,0
392.964,1.0000,0,0,0,0
392.998,1.0000,0,0,0,0
393.031,1.0000,0,0,0,0
393.063,1.0000,0,0,0,0
393.096,1.0000,0,0,0,0
393.129,1.0000,0,0,0,0
393.162,1.0000,0,0,0,0
393.198,1.0000,0,0,0,0
393.228,1.0000,0,0,0,0
393.265,1.0000,0,0,0,0
393.298,1.0000,0,0,0,0
393.330,1.0000,0,0,0,0
393.362,1.0000,0,0,0,0
393.399,1.0000,0,0,0,0
393.428,1.0000,0,0,0,0
393.462,1.0000,0,0,0,0
393.497,1.0000,0,0,0,0
393.529,1.0000,0,0,0,0
393.562,1.0000,0,0,0,0
393.598,1.0000,0,0,0,0
393.627,1.0000,0,0,0,0
393.664,1.0000,0,0,0,0
393.698,1.0000,0,0,0,0
393.729,1.0000,0,0,0,0
393.761,1.0000,0,0,0,0
393.795,1.0000,0,0,0,0
393.831,1.0000,0,0,0,0
393.862,1.0000,0,0,0,0
393.895,1.0000,0,0,0,0
393.929,1.0000,0,0,0,0
393.961,1.0000,0,0,0,0
393.998,1.0000,0,0,0,0
394.029,1.0000,0,0,0,0
394.064,1.0000,0,0,0,0
394.098,1.0000,0,0,0,0
394.128,1.0000,0,0,0,0
394.163,1.0000,0,0,0,0
394.196,1.0000,0,0,0,0
394.231,1.0000,0,0,0,0
394.265,1.0000,0,0,0,0
394.298,1.0000,0,0,0,0
394.331,1.0000,0,0,0,0
394.363,1.0000,0,0,0,0
394.396,1.0000,0,0,0,0
394.431,1.0000,0,0,0,0
394.464,1.0000,0,0,0,0
394.497,1.0000,0,0,0,0
394.528,1.0000,0,0,0,0
394.563,1.0000,0,0,0,0
394.595,1.0000,0,0,0,0
394.629,1.0000,0,0,0,0
394.661,1.0000,0,0,0,0
394.697,1.0000,0,0,0,0
394.728,1.0000,0,0,0,0
394.761,1.0000,0,0,0,0
394.795,1.0000,0,0,0,0
394.829,1.0000,0,0,0,0
394.863,1.0000,0,0,0,0
394.896,1.0000,0,0,0,0
394.929,1.0000,0,0,0,0
394.963,1.0000,0,0,0,0
394.994,1.0000,0,0,0,0
395.030,1.0000,0,0,0,0
395.062,1.0000,0,0,0,0
395.097,1.0000,0,0,0,0
395.128,1.0000,0,0,0,0
395.165,1.0000,0,0,0,0
395.195,1.0000,0,0,0,0
395.231,1.0000,0,0,0,0
395.264,1.0000,0,0,0,0
395.296,1.0000,0,0,0,0
395.329,1.0000,0,0,0,0
395.365,1.0000,0,0,0,0
395.395,1.0000,0,0,0,0
395.430,1.0000,0,0,0,0
395.463,1.0000,0,0,0,0
395.496,1.0000,0,0,0,0
395.528,1.0000,0,0,0,0
395.563,1.0000,0,0,0,0
395.595,1.0000,0,0,0,0
395.632,1.0000,0,0,0,0
395.664,1.0000,0,0,0,0
395.696,1.0000,0,0,0,0
395.729,1.0000,0,0,0,0
395.764,1.0000,0,0,0,0
395.798,1.0000,0,0,0,0
395.830,1.0000,0,0,0,0
395.864,1.0000,0,0,0,0
395.897,1.0000,0,0,0,0
395.928,1.0000,0,0,0,0
395.962,1.0000,0,0,0,0
395.998,1.0000,0,0,0,0
396.030,1.0000,0,0,0,0
396.063,1.0000,0,0,0,0
396.096,1.0000,0,0,0,0
396.129,1.0000,0,0,0,0
396.161,1.0000,0,0,0,0
396.196,1.0000,0,0,0,0
396.231,1.0000,0,0,0,0
396.264,1.0000,0,0,0,0
396.296,1.0000,0,0,0,0
396.330,1.0000,0,0,0,0
396.361,1.0000,0,0,0,0
396.397,1.0000,0,0,0,0
396.429,1.0000,0,0,0,0
396.464,1.0000,0,0,0,0
396.495,1.0000,0,0,0,0
396.530,1.0000,0,0,0,0
396.561,1.0000,0,0,0,0
396.595,1.0000,0,0,0,0
396.630,1.0000,0,0,0,0
396.662,1.0000,0,0,0,0
396.698,1.0000,0,0,0,0
396.728,1.0000,0,0,0,0
396.763,1.0000,0,0,0,0
396.799,1.0000,0,0,0,0
396.830,1.0000,0,0,0,0
396.862,1.0000,0,0,0,0
396.894,1.0000,0,0,0,0
396.930,1.0000,0,0,0,0
396.962,1.0000,0,0,0,0
396.997,1.0000,0,0,0,0
397.031,1.0000,0,0,0,0
397.062,1.0000,0,0,0,0
397.099,1.0000,0,0,0,0
397.127,1.0000,0,0,0,0
397.161,1.0000,0,0,0,0
397.197,1.0000,0,0,0,0
397.227,1.0000,0,0,0,0
397.263,1.0000,0,0,0,0
397.298,1.0000,0,0,0,0
397.328,1.0000,0,0,0,0
397.363,1.0000,0,0,0,0
397.396,1.0000,0,0,0,0
397.429,1.0000,0,0,0,0
397.462,1.0000,0,0,0,0
397.494,1.0000,0,0,0,0
397.531,1.0000,0,0,0,0
397.563,1.0000,0,0,0,0
397.595,1.0000,0,0,0,0
397.629,1.0000,0,0,0,0
397.661,1.0000,0,0,0,0
397.697,1.0000,0,0,0,0
397.729,1.0000,0,0,0,0
397.766,1.0000,0,0,0,0
397.798,1.0000,0,0,0,0
397.829,1.0000,0,0,0,0
397.864,1.0000,0,0,0,0
397.894,1.0000,0,0,0,0
397.931,1.0000,0,0,0,0
397.964,1.0000,0,0,0,0
397.996,1.0000,0,0,0,0
398.029,1.0000,0,0,0,0
398.063,1.0000,0,0,0,0
398.097,1.0000,0,0,0,0
398.130,1.0000,0,0,0,0
398.162,1.0000,0,0,0,0
398.195,1.0000,0,0,0,0
398.230,1.0000,0,0,0,0
398.263,1.0000,0,0,0,0
398.298,1.0000,0,0,0,0
398.331,1.0000,0,0,0,0
398.363,1.0000,0,0,0,0
398.398,1.0000,0,0,0,0
398.430,1.0000,0,0,0,0
398.461,1.0000,0,0,0,0
398.497,1.0000,0,0,0,0
398.527,1.0000,0,0,0,0
398.561,1.0000,0,0,0,0
398.595,1.0000,0,0,0,0
398.630,1.0000,0,0,0,0
398.664,1.0000,0,0,0,0
398.697,1.0000,0,0,0,0
398.728,1.0000,0,0,0,0
398.764,1.0000,0,0,0,0
398.795,1.0000,0,0,0,0
398.828,1.0000,0,0,0,0
398.864,1.0000,0,0,0,0
398.897,1.0000,0,0,0,0
398.931,1.0000,0,0,0,0
398.961,1.0000,0,0,0,0
398.996,1.0000,0,0,0,0
399.029,1.0000,0,0,0,0
399.064,1.0000,0,0,0,0
399.094,1.0000,0,0,0,0
399.130,1.0000,0,0,0,0
399.166,1.0000,0,0,0,0
399.195,1.0000,0,0,0,0
399.230,1.0000,0,0,0,0
399.263,1.0000,0,0,0,0
399.297,1.0000,0,0,0,0
399.332,1.0000,0,0,0,0
399.361,1.0000,0,0,0,0
399.397,1.0000,0,0,0,0
399.428,1.0000,0,0,0,0
399.464,1.0000,0,0,0,0
399.496,1.0000,0,0,0,0
399.531,1.0000,0,0,0,0
399.562,1.0000,0,0,0,0
399.598,1.0000,0,0,0,0
399.628,1.0000,0,0,0,0
399.664,1.0000,0,0,0,0
399.694,1.0000,0,0,0,0
399.730,1.0000,0,0,0,0
399.761,1.0000,0,0,0,0
399.796,1.0000,0,0,0,0
399.830,1.0000,0,0,0,0
399.863,1.0000,0,0,0,0
399.899,1.0000,0,0,0,0
399.931,1.0000,0,0,0,0
399.964,1.0000,0,0,0,0
399.995,1.0000,0,0,0,0
400.031,1.0000,0,0,0,0
400.061,1.0000,0,0,0,0
400.096,1.0000,0,0,0,0
400.128,1.0000,0,0,0,0
400.164,1.0000,0,0,0,0
400.198,1.0000,0,0,0,0
400.229,1.0000,0,0,0,0
400.264,1.0000,0,0,0,0
400.298,1.0000,0,0,0,0
400.330,1.0000,0,0,0,0
400.364,1.0000,0,0,0,0
400.396,1.0000,0,0,0,0
400.430,1.0000,0,0,0,0
400.462,1.0000,0,0,0,0
400.498,1.0000,0,0,0,0
400.528,1.0000,0,0,0,0
400.564,1.0000,0,0,0,0
400.597,1.0000,0,0,0,0
400.628,1.0000,0,0,0,0
400.664,1.0000,0,0,0,0
400.696,1.0000,0,0,0,0
400.730,1.0000,0,0,0,0
400.764,1.0000,0,0,0,0
400.796,1.0000,0,0,0,0
400.828,1.0000,0,0,0,0
400.864,1.0000,0,0,0,0
400.898,1.0000,0,0,0,0
400.930,1.0000,0,0,0,0
400.961,1.0000,0,0,0,0
400.996,1.0000,0,0,0,0
401.028,1.0000,0,0,0,0
401.062,1.0000,0,0,0,0
401.097,1.0000,0,0,0,0
401.129,1.0000,0,0,0,0
401.164,1.0000,0,0,0,0
401.198,1.0000,0,0,0,0
401.228,1.0000,0,0,0,0
401.264,1.0000,0,0,0,0
401.297,1.0000,0,0,0,0
401.331,1.0000,0,0,0,0
401.363,1.0000,0,0,0,0
401.397,1.0000,0,0,0,0
401.430,1.0000,0,0,0,0
401.465,1.0000,0,0,0,0
401.495,1.0000,0,0,0,0
401.531,1.0000,0,0,0,0
401.564,1.0000,0,0,0,0
401.598,1.0000,0,0,0,0
401.630,1.0000,0,0,0,0
401.665,1.0000,0,0,0,0
401.696,1.0000,0,0,0,0
401.731,1.0000,0,0,0,0
401.764,1.0000,0,0,0,0
401.796,1.0000,0,0,0,0
401.831,1.0000,0,0,0,0
401.865,1.0000,0,0,0,0
401.897,1.0000,0,0,0,0
401.932,1.0000,0,0,0,0
401.963,1.0000,0,0,0,0
401.997,1.0000,0,0,0,0
402.030,1.0000,0,0,0,0
402.064,1.0000,0,0,0,0
402.096,1.0000,0,0,0,0
402.132,1.0000,0,0,0,0
402.162,1.0000,0,0,0,0
402.198,1.0000,0,0,0,0
402.229,1.0000,0,0,0,0
402.265,1.0000,0,0,0,0
402.296,1.0000,0,0,0,0
402.332,1.0000,0,0,0,0
402.362,1.0000,0,0,0,0
402.398,1.0000,0,0,0,0
402.431,1.0000,0,0,0,0
402.462,1.0000,0,0,0,0
402.495,1.0000,0,0,0,0
402.529,1.0000,0,0,0,0
402.561,1.0000,0,0,0,0
402.597,1.0000,0,0,0,0
402.631,1.0000,0,0,0,0
402.661,1.0000,0,0,0,0
402.694,1.0000,0,0,0,0
402.731,1.0000,0,0,0,0
402.764,1.0000,0,0,0,0
402.797,1.0000,0,0,0,0
402.828,1.0000,0,0,0,0
402.865,1.0000,0,0,0,0
403.199,1.0000,0,0,0,0
403.249,1.0000,0,0,0,0
403.282,1.0000,0,0,0,0
403.320,1.0000,0,0,0,0
403.346,1.0000,0,0,0,0
403.381,1.0000,0,0,0,0
403.414,1.0000,0,0,0,0
403.445,1.0000,0,0,0,0
403.478,1.0000,0,0,0,0
403.513,1.0000,0,0,0,0
403.547,1.0000,0,0,0,0
403.578,1.0000,0,0,0,0
403.612,1.0000,0,0,0,0
403.646,1.0000,0,0,0,0
403.679,1.0000,0,0,0,0
403.714,1.0000,0,0,0,0
403.745,1.0000,0,0,0,0
403.777,1.0000,0,0,0,0
403.811,1.0000,0,0,0,0
403.845,1.0000,0,0,0,0
403.883,1.0000,0,0,0,0
403.909,1.0000,0,0,0,0
403.949,1.0000,0,0,0,0
403.977,1.0000,0,0,0,0
404.011,1.0000,0,0,0,0
404.049,1.0000,0,0,0,0
404.079,1.0000,0,0,0,0
404.112,1.0000,0,0,0,0
404.146,1.0000,0,0,0,0
404.179,1.0000,0,0,0,0
404.213,1.0000,0,0,0,0
404.247,1.0000,0,0,0,0
404.277,1.0000,0,0,0,0
404.312,1.0000,0,0,0,0
404.349,1.0000,0,0,0,0
404.379,1.0000,0,0,0,0
404.416,1.0000,0,0,0,0
404.447,1.0000,0,0,0,0
404.480,1.0000,0,0,0,0
404.511,1.0000,0,0,0,0
404.548,1.0000,0,0,0,0
404.580,1.0000,0,0,0,0
404.615,1.0000,0,0,0,0
404.645,1.0000,0,0,0,0
404.680,1.0000,0,0,0,0
404.713,1.0000,0,0,0,0
404.748,1.0000,0,0,0,0
404.778,1.0000,0,0,0,0
404.811,1.0000,0,0,0,0
404.847,1.0000,0,0,0,0
404.880,1.0000,0,0,0,0
404.912,1.0000,0,0,0,0
404.946,1.0000,0,0,0,0
404.981,1.0000,0,0,0,0
405.011,1.0000,0,0,0,0
405.050,1.0000,0,0,0,0
405.080,1.0000,0,0,0,0
405.115,1.0000,0,0,0,0
405.145,1.0000,0,0,0,0
405.178,1.0000,0,0,0,0
405.211,1.0000,0,0,0,0
405.249,1.0000,0,0,0,0
405.279,1.0000,0,0,0,0
405.314,1.0000,0,0,0,0
405.345,1.0000,0,0,0,0
405.379,1.0000,0,0,0,0
405.413,1.0000,0,0,0,0
405.449,1.0000,0,0,0,0
405.482,1.0000,0,0,0,0
405.512,1.0000,0,0,0,0
405.545,1.0000,0,0,0,0
405.580,1.0000,0,0,0,0
405.611,1.0000,0,0,0,0
405.645,1.0000,0,0,0,0
405.679,1.0000,0,0,0,0
405.714,1.0000,0,0,0,0
405.746,1.0000,0,0,0,0
405.780,1.0000,0,0,0,0
405.813,1.0000,0,0,0,0
405.848,1.0000,0,0,0,0
405.882,1.0000,0,0,0,0
405.912,1.0000,0,0,0,0
405.959,1.0000,0,0,0,0
405.974,1.0000,0,0,0,0
406.012,1.0000,0,0,0,0
406.046,1.0000,0,0,0,0
406.079,1.0000,0,0,0,0
406.111,1.0000,0,0,0,0
406.145,1.0000,0,0,0,0
406.179,1.0000,0,0,0,0
406.212,1.0000,0,0,0,0
406.247,1.0000,0,0,0,0
406.281,1.0000,0,0,0,0
406.312,1.0000,0,0,0,0
406.347,1.0000,0,0,0,0
406.369,1.0000,0,0,0,0
406.413,1.0000,0,0,0,0
406.447,1.0000,0,0,0,0
406.484,1.0000,0,0,0,0
406.514,1.0000,0,0,0,0
406.549,1.0000,0,0,0,0
406.578,1.0000,0,0,0,0
406.614,1.0000,0,0,0,0
406.646,1.0000,0,0,0,0
406.678,1.0000,0,0,0,0
406.712,1.0000,0,0,0,0
406.746,1.0000,0,0,0,0
406.781,1.0000,0,0,0,0
406.811,1.0000,0,0,0,0
406.847,1.0000,0,0,0,0
406.880,1.0000,0,0,0,0
406.913,1.0000,0,0,0,0
406.948,1.0000,0,0,0,0
406.978,1.0000,0,0,0,0
407.015,1.0000,0,0,0,0
407.046,1.0000,0,0,0,0
407.081,1.0000,0,0,0,0
407.113,1.0000,0,0,0,0
407.148,1.0000,0,0,0,0
407.182,1.0000,0,0,0,0
407.212,1.0000,0,0,0,0
407.245,1.0000,0,0,0,0
407.280,1.0000,0,0,0,0
407.312,1.0000,0,0,0,0
407.345,1.0000,0,0,0,0
407.379,1.0000,0,0,0,0
407.411,1.0000,0,0,0,0
407.445,1.0000,0,0,0,0
407.479,1.0000,0,0,0,0
407.513,1.0000,0,0,0,0
407.547,1.0000,0,0,0,0
407.581,1.0000,0,0,0,0
407.611,1.0000,0,0,0,0
407.646,1.0000,0,0,0,0
407.680,1.0000,0,0,0,0
407.711,1.0000,0,0,0,0
407.744,1.0000,0,0,0,0
407.778,1.0000,0,0,0,0
407.812,1.0000,0,0,0,0
407.845,1.0000,0,0,0,0
407.880,1.0000,0,0,0,0
407.913,1.0000,0,0,0,0
407.948,1.0000,0,0,0,0
407.981,1.0000,0,0,0,0
408.015,1.0000,0,0,0,0
408.047,1.0000,0,0,0,0
408.082,1.0000,0,0,0,0
408.115,1.0000,0,0,0,0
408.145,1.0000,0,0,0,0
408.181,1.0000,0,0,0,0
408.213,1.0000,0,0,0,0
408.248,1.0000,0,0,0,0
408.280,1.0000,0,0,0,0
408.312,1.0000,0,0,0,0
408.344,1.0000,0,0,0,0
408.381,1.0000,0,0,0,0
408.411,1.0000,0,0,0,0
408.444,1.0000,0,0,0,0
408.479,1.0000,0,0,0,0
408.513,1.0000,0,0,0,0
408.547,1.0000,0,0,0,0
408.578,1.0000,0,0,0,0
408.612,1.0000,0,0,0,0
408.644,1.0000,0,0,0,0
408.678,1.0000,0,0,0,0
408.712,1.0000,0,0,0,0
408.747,1.0000,0,0,0,0
408.778,1.0000,0,0,0,0
408.814,1.0000,0,0,0,0
408.846,1.0000,0,0,0,0
408.878,1.0000,0,0,0,0
408.915,1.0000,0,0,0,0
408.944,1.0000,0,0,0,0
408.978,1.0000,0,0,0,0
409.015,1.0000,0,0,0,0
409.047,1.0000,0,0,0,0
409.080,1.0000,0,0,0,0
409.112,1.0000,0,0,0,0
409.145,1.0000,0,0,0,0
409.181,1.0000,0,0,0,0
409.214,1.0000,0,0,0,0
409.244,1.0000,0,0,0,0
409.279,1.0000,0,0,0,0
409.312,1.0000,0,0,0,0
409.347,1.0000,0,0,0,0
409.378,1.0000,0,0,0,0
409.415,1.0000,0,0,0,0
409.446,1.0000,0,0,0,0
409.480,1.0000,0,0,0,0
409.515,1.0000,0,0,0,0
409.546,1.0000,0,0,0,0
409.579,1.0000,0,0,0,0
409.614,1.0000,0,0,0,0
409.646,1.0000,0,0,0,0
409.678,1.0000,0,0,0,0
409.713,1.0000,0,0,0,0
409.746,1.0000,0,0,0,0
409.779,1.0000,0,0,0,0
409.814,1.0000,0,0,0,0
409.846,1.0000,0,0,0,0
409.878,1.0000,0,0,0,0
409.915,1.0000,0,0,0,0
409.948,1.0000,0,0,0,0
409.979,1.0000,0,0,0,0
410.013,1.0000,0,0,0,0
410.047,1.0000,0,0,0,0
410.079,1.0000,0,0,0,0
410.112,1.0000,0,0,0,0
410.146,1.0000,0,0,0,0
410.180,1.0000,0,0,0,0
410.213,1.0000,0,0,0,0
410.244,1.0000,0,0,0,0
410.278,1.0000,0,0,0,0
410.313,1.0000,0,0,0,0
410.346,1.0000,0,0,0,0
410.380,1.0000,0,0,0,0
410.413,1.0000,0,0,0,0
410.446,1.0000,0,0,0,0
410.481,1.0000,0,0,0,0
410.512,1.0000,0,0,0,0
410.547,1.0000,0,0,0,0
410.581,1.0000,0,0,0,0
410.614,1.0000,0,0,0,0
410.646,1.0000,0,0,0,0
410.681,1.0000,0,0,0,0
410.715,1.0000,0,0,0,0
410.748,1.0000,0,0,0,0
410.781,1.0000,0,0,0,0
410.813,1.0000,0,0,0,0
410.844,1.0000,0,0,0,0
410.878,1.0000,0,0,0,0
410.914,1.0000,0,0,0,0
410.948,1.0000,0,0,0,0
410.980,1.0000,0,0,0,0
411.013,1.0000,0,0,0,0
411.050,1.0000,0,0,0,0
411.080,1.0000,0,0,0,0
411.116,1.0000,0,0,0,0
411.147,1.0000,0,0,0,0
411.184,1.0000,0,0,0,0
411.213,1.0000,0,0,0,0
411.246,1.0000,0,0,0,0
411.281,1.0000,0,0,0,0
411.314,1.0000,0,0,0,0
411.348,1.0000,0,0,0,0
411.380,1.0000,0,0,0,0
411.412,1.0000,0,0,0,0
411.448,1.0000,0,0,0,0
411.481,1.0000,0,0,0,0
411.511,1.0000,0,0,0,0
411.548,1.0000,0,0,0,0
411.576,1.0000,0,0,0,0
411.617,1.0000,0,0,0,0
411.646,1.0000,0,0,0,0
411.679,1.0000,0,0,0,0
411.714,1.0000,0,0,0,0
411.747,1.0000,0,0,0,0
411.782,1.0000,0,0,0,0
411.814,1.0000,0,0,0,0
411.896,1.0000,0,0,0,0
411.952,1.0000,0,0,0,0
411.965,1.0000,0,0,0,0
411.989,1.0000,0,0,0,0
412.024,1.0000,0,0,0,0
412.059,1.0000,0,0,0,0
412.089,1.0000,0,0,0,0
412.122,1.0000,0,0,0,0
412.157,1.0000,0,0,0,0
412.191,1.0000,0,0,0,0
412.228,1.0000,0,0,0,0
412.257,1.0000,0,0,0,0
412.290,1.0000,0,0,0,0
412.321,1.0000,0,0,0,0
412.356,1.0000,0,0,0,0
412.388,1.0000,0,0,0,0
412.426,1.0000,0,0,0,0
412.460,1.0000,0,0,0,0
412.490,1.0000,0,0,0,0
412.522,1.0000,0,0,0,0
412.558,1.0000,0,0,0,0
412.588,1.0000,0,0,0,0
412.624,1.0000,0,0,0,0
412.657,1.0000,0,0,0,0
412.692,1.0000,0,0,0,0
412.724,1.0000,0,0,0,0
412.760,1.0000,0,0,0,0
412.792,1.0000,0,0,0,0
412.827,1.0000,0,0,0,0
412.860,1.0000,0,0,0,0
412.888,1.0000,0,0,0,0
412.927,1.0000,0,0,0,0
412.956,1.0000,0,0,0,0
412.994,1.0000,0,0,0,0
413.022,1.0000,0,0,0,0
413.059,1.0000,0,0,0,0
413.092,1.0000,0,0,0,0
413.127,1.0000,0,0,0,0
413.158,1.0000,0,0,0,0
413.193,1.0000,0,0,0,0
413.222,1.0000,0,0,0,0
413.255,1.0000,0,0,0,0
413.289,1.0000,0,0,0,0
413.324,1.0000,0,0,0,0
413.357,1.0000,0,0,0,0
413.391,1.0000,0,0,0,0
413.424,1.0000,0,0,0,0
413.455,1.0000,0,0,0,0
413.489,1.0000,0,0,0,0
413.524,1.0000,0,0,0,0
413.556,1.0000,0,0,0,0
413.589,1.0000,0,0,0,0
413.626,1.0000,0,0,0,0
413.656,1.0000,0,0,0,0
413.691,1.0000,0,0,0,0
413.723,1.0000,0,0,0,0
413.760,1.0000,0,0,0,0
413.788,1.0000,0,0,0,0
413.824,1.0000,0,0,0,0
413.860,1.0000,0,0,0,0
413.891,1.0000,0,0,0,0
413.922,1.0000,0,0,0,0
413.960,1.0000,0,0,0,0
413.990,1.0000,0,0,0,0
414.026,1.0000,0,0,0,0
414.058,1.0000,0,0,0,0
414.091,1.0000,0,0,0,0
414.123,1.0000,0,0,0,0
414.160,1.0000,0,0,0,0
414.190,1.0000,0,0,0,0
414.222,1.0000,0,0,0,0
414.260,1.0000,0,0,0,0
414.294,1.0000,0,0,0,0
414.324,1.0000,0,0,0,0
414.347,1.0000,0,0,0,0
414.390,1.0000,0,0,0,0
414.415,1.0000,0,0,0,0
414.456,1.0000,0,0,0,0
414.491,1.0000,0,0,0,0
414.524,1.0000,0,0,0,0
414.558,1.0000,0,0,0,0
414.589,1.0000,0,0,0,0
414.621,1.0000,0,0,0,0
414.649,1.0000,0,0,0,0
414.689,1.0000,0,0,0,0
414.724,1.0000,0,0,0,0
414.756,1.0000,0,0,0,0
414.789,1.0000,0,0,0,0
414.822,1.0000,0,0,0,0
414.855,1.0000,0,0,0,0
414.890,1.0000,0,0,0,0
414.923,1.0000,0,0,0,0
414.956,1.0000,0,0,0,0
414.989,1.0000,0,0,0,0
415.025,1.0000,0,0,0,0
415.060,1.0000,0,0,0,0
415.091,1.0000,0,0,0,0
415.123,1.0000,0,0,0,0
415.158,1.0000,0,0,0,0
415.190,1.0000,0,0,0,0
415.226,1.0000,0,0,0,0
415.255,1.0000,0,0,0,0
415.291,1.0000,0,0,0,0
415.323,1.0000,0,0,0,0
415.358,1.0000,0,0,0,0
415.396,1.0000,0,0,0,0
415.425,1.0000,0,0,0,0
415.459,1.0000,0,0,0,0
415.489,1.0000,0,0,0,0
415.527,1.0000,0,0,0,0
415.558,1.0000,0,0,0,0
415.589,1.0000,0,0,0,0
415.622,1.0000,0,0,0,0
415.655,1.0000,0,0,0,0
415.688,1.0000,0,0,0,0
415.722,1.0000,0,0,0,0
415.759,1.0000,0,0,0,0
415.789,1.0000,0,0,0,0
415.825,1.0000,0,0,0,0
415.857,1.0000,0,0,0,0
415.894,1.0000,0,0,0,0
415.921,1.0000,0,0,0,0
415.956,1.0000,0,0,0,0
415.986,1.0000,0,0,0,0
416.025,1.0000,0,0,0,0
416.053,1.0000,0,0,0,0
416.091,1.0000,0,0,0,0
416.113,1.0000,0,0,0,0
416.162,1.0000,0,0,0,0
416.200,1.0000,0,0,0,0
416.221,1.0000,0,0,0,0
416.263,1.0000,0,0,0,0
416.288,1.0000,0,0,0,0
416.329,1.0000,0,0,0,0
416.361,1.0000,0,0,0,0
416.395,1.0000,0,0,0,0
416.428,1.0000,0,0,0,0
416.462,1.0000,0,0,0,0
416.493,1.0000,0,0,0,0
416.528,1.0000,0,0,0,0
416.564,1.0000,0,0,0,0
416.586,1.0000,0,0,0,0
416.629,1.0000,0,0,0,0
416.653,1.0000,0,0,0,0
416.696,1.0000,0,0,0,0
416.732,1.0000,0,0,0,0
416.761,1.0000,0,0,0,0
416.796,1.0000,0,0,0,0
416.829,1.0000,0,0,0,0
416.866,1.0000,0,0,0,0
416.895,1.0000,0,0,0,0
416.929,1.0000,0,0,0,0
416.962,1.0000,0,0,0,0
416.995,1.0000,0,0,0,0
417.029,1.0000,0,0,0,0
417.064,1.0000,0,0,0,0
417.099,1.0000,0,0,0,0
417.132,1.0000,0,0,0,0
417.164,1.0000,0,0,0,0
417.197,1.0000,0,0,0,0
417.232,1.0000,0,0,0,0
417.263,1.0000,0,0,0,0
417.296,1.0000,0,0,0,0
417.330,1.0000,0,0,0,0
417.364,1.0000,0,0,0,0
417.398,1.0000,0,0,0,0
417.429,1.0000,0,0,0,0
417.464,1.0000,0,0,0,0
417.496,1.0000,0,0,0,0
417.531,1.0000,0,0,0,0
417.563,1.0000,0,0,0,0
417.596,1.0000,0,0,0,0
417.629,1.0000,0,0,0,0
417.663,1.0000,0,0,0,0
417.695,1.0000,0,0,0,0
417.732,1.0000,0,0,0,0
417.755,1.0000,0,0,0,0
417.798,1.0000,0,0,0,0
417.830,1.0000,0,0,0,0
417.863,1.0000,0,0,0,0
417.897,1.0000,0,0,0,0
417.930,1.0000,0,0,0,0
417.962,1.0000,0,0,0,0
417.999,1.0000,0,0,0,0
418.033,1.0000,0,0,0,0
418.064,1.0000,0,0,0,0
418.096,1.0000,0,0,0,0
418.132,1.0000,0,0,0,0
418.161,1.0000,0,0,0,0
418.195,1.0000,0,0,0,0
418.231,1.0000,0,0,0,0
418.262,1.0000,0,0,0,0
418.299,1.0000,0,0,0,0
418.332,1.0000,0,0,0,0
418.363,1.0000,0,0,0,0
418.397,1.0000,0,0,0,0
418.428,1.0000,0,0,0,0
418.465,1.0000,0,0,0,0
418.498,1.0000,0,0,0,0
418.531,1.0000,0,0,0,0
418.565,1.0000,0,0,0,0
418.598,1.0000,0,0,0,0
418.630,1.0000,0,0,0,0
418.663,1.0000,0,0,0,0
418.700,1.0000,0,0,0,0
418.728,1.0000,0,0,0,0
418.763,1.0000,0,0,0,0
418.796,1.0000,0,0,0,0
418.832,1.0000,0,0,0,0
418.864,1.0000,0,0,0,0
418.895,1.0000,0,0,0,0
418.929,1.0000,0,0,0,0
418.962,1.0000,0,0,0,0
418.996,1.0000,0,0,0,0
419.030,1.0000,0,0,0,0
419.065,1.0000,0,0,0,0
419.097,1.0000,0,0,0,0
419.131,1.0000,0,0,0,0
419.161,1.0000,0,0,0,0
419.195,1.0000,0,0,0,0
419.232,1.0000,0,0,0,0
419.265,1.0000,0,0,0,0
419.297,1.0000,0,0,0,0
419.331,1.0000,0,0,0,0
419.365,1.0000,0,0,0,0
419.399,1.0000,0,0,0,0
419.428,1.0000,0,0,0,0
419.463,1.0000,0,0,0,0
419.499,1.0000,0,0,0,0
419.531,1.0000,0,0,0,0
419.562,1.0000,0,0,0,0
419.597,1.0000,0,0,0,0
419.630,1.0000,0,0,0,0
419.665,1.0000,0,0,0,0
419.696,1.0000,0,0,0,0
419.731,1.0000,0,0,0,0
419.763,1.0000,0,0,0,0
419.796,1.0000,0,0,0,0
419.828,1.0000,0,0,0,0
419.862,1.0000,0,0,0,0
419.896,1.0000,0,0,0,0
419.929,1.0000,0,0,0,0
419.963,1.0000,0,0,0,0
419.999,1.0000,0,0,0,0
420.029,1.0000,0,0,0,0
420.064,1.0000,0,0,0,0
420.098,1.0000,0,0,0,0
420.132,1.0000,0,0,0,0
420.163,1.0000,0,0,0,0
420.196,1.0000,0,0,0,0
420.231,1.0000,0,0,0,0
420.265,1.0000,0,0,0,0
420.297,1.0000,0,0,0,0
420.331,1.0000,0,0,0,0
420.365,1.0000,0,0,0,0
420.399,1.0000,0,0,0,0
420.427,1.0000,0,0,0,0
420.464,1.0000,0,0,0,0
420.546,1.0000,0,0,0,0
420.595,1.0000,0,0,0,0
420.610,1.0000,0,0,0,0
420.643,1.0000,0,0,0,0
420.677,1.0000,0,0,0,0
420.704,1.0000,0,0,0,0
420.744,1.0000,0,0,0,0
420.775,1.0000,0,0,0,0
420.812,1.0000,0,0,0,0
420.841,1.0000,0,0,0,0
420.873,1.0000,0,0,0,0
420.911,1.0000,0,0,0,0
420.940,1.0000,0,0,0,0
420.974,1.0000,0,0,0,0
421.006,1.0000,0,0,0,0
421.045,1.0000,0,0,0,0
421.077,1.0000,0,0,0,0
421.111,1.0000,0,0,0,0
421.144,1.0000,0,0,0,0
421.176,1.0000,0,0,0,0
421.207,1.0000,0,0,0,0
421.241,1.0000,0,0,0,0
421.275,1.0000,0,0,0,0
421.308,1.0000,0,0,0,0
421.339,1.0000,0,0,0,0
421.372,1.0000,0,0,0,0
421.399,1.0000,0,0,0,0
421.441,1.0000,0,0,0,0
421.465,1.0000,0,0,0,0
421.507,1.0000,0,0,0,0
421.545,1.0000,0,0,0,0
421.573,1.0000,0,0,0,0
421.608,1.0000,0,0,0,0
421.644,1.0000,0,0,0,0
421.670,1.0000,0,0,0,0
421.708,1.0000,0,0,0,0
421.745,1.0000,0,0,0,0
421.777,1.0000,0,0,0,0
421.808,1.0000,0,0,0,0
421.843,1.0000,0,0,0,0
421.877,1.0000,0,0,0,0
421.907,1.0000,0,0,0,0
421.948,1.0000,0,0,0,0
421.976,1.0000,0,0,0,0
422.012,1.0000,0,0,0,0
422.045,1.0000,0,0,0,0
422.075,1.0000,0,0,0,0
422.108,1.0000,0,0,0,0
422.144,1.0000,0,0,0,0
422.178,1.0000,0,0,0,0
422.210,1.0000,0,0,0,0
422.243,1.0000,0,0,0,0
422.275,1.0000,0,0,0,0
422.309,1.0000,0,0,0,0
422.342,1.0000,0,0,0,0
422.379,1.0000,0,0,0,0
422.409,1.0000,0,0,0,0
422.441,1.0000,0,0,0,0
422.475,1.0000,0,0,0,0
422.511,1.0000,0,0,0,0
422.546,1.0000,0,0,0,0
422.575,1.0000,0,0,0,0
422.610,1.0000,0,0,0,0
422.644,1.0000,0,0,0,0
422.677,1.0000,0,0,0,0
422.711,1.0000,0,0,0,0
422.737,1.0000,0,0,0,0
422.791,1.0000,0,0,0,0
422.810,1.0000,0,0,0,0
422.841,1.0000,0,0,0,0
422.874,1.0000,0,0,0,0
422.912,1.0000,0,0,0,0
422.945,1.0000,0,0,0,0
422.978,1.0000,0,0,0,0
423.011,1.0000,0,0,0,0
423.043,1.0000,0,0,0,0
423.079,1.0000,0,0,0,0
423.111,1.0000,0,0,0,0
423.145,1.0000,0,0,0,0
423.178,1.0000,0,0,0,0
423.213,1.0000,0,0,0,0
423.244,1.0000,0,0,0,0
423.274,1.0000,0,0,0,0
423.311,1.0000,0,0,0,0
423.342,1.0000,0,0,0,0
423.378,1.0000,0,0,0,0
423.408,1.0000,0,0,0,0
423.445,1.0000,0,0,0,0
423.478,1.0000,0,0,0,0
423.512,1.0000,0,0,0,0
423.543,1.0000,0,0,0,0
423.580,1.0000,0,0,0,0
423.608,1.0000,0,0,0,0
423.641,1.0000,0,0,0,0
423.675,1.0000,0,0,0,0
423.712,1.0000,0,0,0,0
423.741,1.0000,0,0,0,0
423.775,1.0000,0,0,0,0
423.816,1.0000,0,0,0,0
423.842,1.0000,0,0,0,0
423.882,1.0000,0,0,0,0
423.901,1.0000,0,0,0,0
423.942,1.0000,0,0,0,0
423.975,1.0000,0,0,0,0
424.008,1.0000,0,0,0,0
424.047,1.0000,0,0,0,0
424.079,1.0000,0,0,0,0
424.108,1.0000,0,0,0,0
424.145,1.0000,0,0,0,0
424.176,1.0000,0,0,0,0
424.209,1.0000,0,0,0,0
424.243,1.0000,0,0,0,0
424.276,1.0000,0,0,0,0
424.309,1.0000,0,0,0,0
424.346,1.0000,0,0,0,0
424.376,1.0000,0,0,0,0
424.408,1.0000,0,0,0,0
424.442,1.0000,0,0,0,0
424.475,1.0000,0,0,0,0
424.512,1.0000,0,0,0,0
424.545,1.0000,0,0,0,0
424.577,1.0000,0,0,0,0
424.613,1.0000,0,0,0,0
424.644,1.0000,0,0,0,0
424.675,1.0000,0,0,0,0
424.709,1.0000,0,0,0,0
424.742,1.0000,0,0,0,0
424.778,1.0000,0,0,0,0
424.808,1.0000,0,0,0,0
424.841,1.0000,0,0,0,0
424.874,1.0000,0,0,0,0
424.909,1.0000,0,0,0,0
424.943,1.0000,0,0,0,0
424.975,1.0000,0,0,0,0
425.009,1.0000,0,0,0,0
425.042,1.0000,0,0,0,0
425.077,1.0000,0,0,0,0
425.109,1.0000,0,0,0,0
425.146,1.0000,0,0,0,0
425.177,1.0000,0,0,0,0
425.209,1.0000,0,0,0,0
425.243,1.0000,0,0,0,0
425.279,1.0000,0,0,0,0
425.311,1.0000,0,0,0,0
425.341,1.0000,0,0,0,0
425.374,1.0000,0,0,0,0
425.409,1.0000,0,0,0,0
425.447,1.0000,0,0,0,0
425.475,1.0000,0,0,0,0
425.510,1.0000,0,0,0,0
425.544,1.0000,0,0,0,0
425.580,1.0000,0,0,0,0
425.611,1.0000,0,0,0,0
425.644,1.0000,0,0,0,0
425.677,1.0000,0,0,0,0
425.710,1.0000,0,0,0,0
425.743,1.0000,0,0,0,0
425.780,1.0000,0,0,0,0
425.812,1.0000,0,0,0,0
425.844,1.0000,0,0,0,0
425.881,1.0000,0,0,0,0
425.901,1.0000,0,0,0,0
425.942,1.0000,0,0,0,0
425.976,1.0000,0,0,0,0
426.010,1.0000,0,0,0,0
426.046,1.0000,0,0,0,0
426.075,1.0000,0,0,0,0
426.115,1.0000,0,0,0,0
426.134,1.0000,0,0,0,0
426.176,1.0000,0,0,0,0
426.212,1.0000,0,0,0,0
426.246,1.0000,0,0,0,0
426.279,1.0000,0,0,0,0
426.313,1.0000,0,0,0,0
426.344,1.0000,0,0,0,0
426.374,1.0000,0,0,0,0
426.408,1.0000,0,0,0,0
426.441,1.0000,0,0,0,0
426.476,1.0000,0,0,0,0
426.509,1.0000,0,0,0,0
426.543,1.0000,0,0,0,0
426.577,1.0000,0,0,0,0
426.611,1.0000,0,0,0,0
426.645,1.0000,0,0,0,0
426.677,1.0000,0,0,0,0
426.712,1.0000,0,0,0,0
426.742,1.0000,0,0,0,0
426.779,1.0000,0,0,0,0
426.808,1.0000,0,0,0,0
426.844,1.0000,0,0,0,0
426.874,1.0000,0,0,0,0
426.908,1.0000,0,0,0,0
426.941,1.0000,0,0,0,0
426.976,1.0000,0,0,0,0
427.009,1.0000,0,0,0,0
427.046,1.0000,0,0,0,0
427.074,1.0000,0,0,0,0
427.108,1.0000,0,0,0,0
427.147,1.0000,0,0,0,0
427.177,1.0000,0,0,0,0
427.216,1.0000,0,0,0,0
427.245,1.0000,0,0,0,0
427.275,1.0000,0,0,0,0
427.315,1.0000,0,0,0,0
427.345,1.0000,0,0,0,0
427.380,1.0000,0,0,0,0
427.408,1.0000,0,0,0,0
427.446,1.0000,0,0,0,0
427.476,1.0000,0,0,0,0
427.508,1.0000,0,0,0,0
427.545,1.0000,0,0,0,0
427.579,1.0000,0,0,0,0
427.611,1.0000,0,0,0,0
427.645,1.0000,0,0,0,0
427.679,1.0000,0,0,0,0
427.710,1.0000,0,0,0,0
427.741,1.0000,0,0,0,0
427.775,1.0000,0,0,0,0
427.814,1.0000,0,0,0,0
427.845,1.0000,0,0,0,0
427.875,1.0000,0,0,0,0
427.909,1.0000,0,0,0,0
427.942,1.0000,0,0,0,0
427.975,1.0000,0,0,0,0
428.013,1.0000,0,0,0,0
428.045,1.0000,0,0,0,0
428.076,1.0000,0,0,0,0
428.110,1.0000,0,0,0,0
428.144,1.0000,0,0,0,0
428.177,1.0000,0,0,0,0
428.207,1.0000,0,0,0,0
428.241,1.0000,0,0,0,0
428.275,1.0000,0,0,0,0
428.308,1.0000,0,0,0,0
428.341,1.0000,0,0,0,0
428.366,1.0000,0,0,0,0
428.407,1.0000,0,0,0,0
428.442,1.0000,0,0,0,0
428.476,1.0000,0,0,0,0
428.512,1.0000,0,0,0,0
428.545,1.0000,0,0,0,0
428.577,1.0000,0,0,0,0
428.609,1.0000,0,0,0,0
428.646,1.0000,0,0,0,0
428.678,1.0000,0,0,0,0
428.710,1.0000,0,0,0,0
428.744,1.0000,0,0,0,0
428.777,1.0000,0,0,0,0
428.809,1.0000,0,0,0,0
428.842,1.0000,0,0,0,0
428.874,1.0000,0,0,0,0
428.907,1.0000,0,0,0,0
428.943,1.0000,0,0,0,0
428.979,1.0000,0,0,0,0
429.010,1.0000,0,0,0,0
429.041,1.0000,0,0,0,0
429.074,1.0000,0,0,0,0
429.112,1.0000,0,0,0,0
429.142,1.0000,0,0,0,0
429.179,1.0000,0,0,0,0
429.208,1.0000,0,0,0,0
429.243,1.0000,0,0,0,0
429.274,1.0000,0,0,0,0
429.308,1.0000,0,0,0,0
429.344,1.0000,0,0,0,0
429.379,1.0000,0,0,0,0
429.410,1.0000,0,0,0,0
429.443,1.0000,0,0,0,0
429.479,1.0000,0,0,0,0
429.511,1.0000,0,0,0,0
429.546,1.0000,0,0,0,0
429.575,1.0000,0,0,0,0
429.608,1.0000,0,0,0,0
429.645,1.0000,0,0,0,0
429.675,1.0000,0,0,0,0
429.709,1.0000,0,0,0,0
429.747,1.0000,0,0,0,0
429.767,1.0000,0,0,0,0
429.807,1.0000,0,0,0,0
429.846,1.0000,0,0,0,0
429.875,1.0000,0,0,0,0
429.908,1.0000,0,0,0,0
429.942,1.0000,0,0,0,0
429.979,1.0000,0,0,0,0
430.010,1.0000,0,0,0,0
430.048,1.0000,0,0,0,0
430.076,1.0000,0,0,0,0
430.109,1.0000,0,0,0,0
430.142,1.0000,0,0,0,0
430.178,1.0000,0,0,0,0
430.207,1.0000,0,0,0,0
430.241,1.0000,0,0,0,0
430.282,1.0000,0,0,0,0
430.301,1.0000,0,0,0,0
430.343,1.0000,0,0,0,0
430.378,1.0000,0,0,0,0
430.410,1.0000,0,0,0,0
430.446,1.0000,0,0,0,0
430.476,1.0000,0,0,0,0
430.509,1.0000,0,0,0,0
430.547,1.0000,0,0,0,0
430.575,1.0000,0,0,0,0
430.612,1.0000,0,0,0,0
430.644,1.0000,0,0,0,0
430.676,1.0000,0,0,0,0
430.709,1.0000,0,0,0,0
430.745,1.0000,0,0,0,0
430.778,1.0000,0,0,0,0
430.812,1.0000,0,0,0,0
430.841,1.0000,0,0,0,0
430.880,1.0000,0,0,0,0
430.913,1.0000,0,0,0,0
430.942,1.0000,0,0,0,0
430.979,1.0000,0,0,0,0
431.012,1.0000,0,0,0,0
431.042,1.0000,0,0,0,0
431.077,1.0000,0,0,0,0
431.109,1.0000,0,0,0,0
431.147,1.0000,0,0,0,0
431.178,1.0000,0,0,0,0
431.209,1.0000,0,0,0,0
431.243,1.0000,0,0,0,0
431.276,1.0000,0,0,0,0
431.310,1.0000,0,0,0,0
431.346,1.0000,0,0,0,0
431.375,1.0000,0,0,0,0
431.415,1.0000,0,0,0,0
431.442,1.0000,0,0,0,0
431.475,1.0000,0,0,0,0
431.510,1.0000,0,0,0,0
431.542,1.0000,0,0,0,0
431.579,1.0000,0,0,0,0
431.611,1.0000,0,0,0,0
431.645,1.0000,0,0,0,0
431.677,1.0000,0,0,0,0
431.712,1.0000,0,0,0,0
431.742,1.0000,0,0,0,0
431.777,1.0000,0,0,0,0
431.811,1.0000,0,0,0,0
431.844,1.0000,0,0,0,0
431.878,1.0000,0,0,0,0
431.907,1.0000,0,0,0,0
431.943,1.0000,0,0,0,0
431.978,1.0000,0,0,0,0
432.011,1.0000,0,0,0,0
432.044,1.0000,0,0,0,0
432.076,1.0000,0,0,0,0
432.111,1.0000,0,0,0,0
432.142,1.0000,0,0,0,0
432.175,1.0000,0,0,0,0
432.212,1.0000,0,0,0,0
432.244,1.0000,0,0,0,0
432.277,1.0000,0,0,0,0
432.314,1.0000,0,0,0,0
432.344,1.0000,0,0,0,0
432.378,1.0000,0,0,0,0
432.410,1.0000,0,0,0,0
432.445,1.0000,0,0,0,0
432.476,1.0000,0,0,0,0
432.513,1.0000,0,0,0,0
432.545,1.0000,0,0,0,0
432.579,1.0000,0,0,0,0
432.608,1.0000,0,0,0,0
432.641,1.0000,0,0,0,0
432.675,1.0000,0,0,0,0
432.711,1.0000,0,0,0,0
432.741,1.0000,0,0,0,0
432.778,1.0000,0,0,0,0
432.810,1.0000,0,0,0,0
432.842,1.0000,0,0,0,0
432.875,1.0000,0,0,0,0
432.908,1.0000,0,0,0,0
432.946,1.0000,0,0,0,0
432.980,1.0000,0,0,0,0
433.008,1.0000,0,0,0,0
433.047,1.0000,0,0,0,0
433.079,1.0000,0,0,0,0
433.108,1.0000,0,0,0,0
433.142,1.0000,0,0,0,0
433.177,1.0000,0,0,0,0
433.209,1.0000,0,0,0,0
433.243,1.0000,0,0,0,0
433.277,1.0000,0,0,0,0
433.309,1.0000,0,0,0,0
433.342,1.0000,0,0,0,0
433.376,1.0000,0,0,0,0
433.401,1.0000,0,0,0,0
433.445,1.0000,0,0,0,0
433.477,1.0000,0,0,0,0
433.508,1.0000,0,0,0,0
433.542,1.0000,0,0,0,0
433.578,1.0000,0,0,0,0
433.610,1.0000,0,0,0,0
433.642,1.0000,0,0,0,0
433.675,1.0000,0,0,0,0
433.710,1.0000,0,0,0,0
433.744,1.0000,0,0,0,0
433.777,1.0000,0,0,0,0
433.813,1.0000,0,0,0,0
433.842,1.0000,0,0,0,0
433.875,1.0000,0,0,0,0
433.913,1.0000,0,0,0,0
433.942,1.0000,0,0,0,0
433.975,1.0000,0,0,0,0
434.009,1.0000,0,0,0,0
434.045,1.0000,0,0,0,0
434.077,1.0000,0,0,0,0
434.108,1.0000,0,0,0,0
434.145,1.0000,0,0,0,0
434.180,1.0000,0,0,0,0
434.212,1.0000,0,0,0,0
434.244,1.0000,0,0,0,0
434.280,1.0000,0,0,0,0
434.309,1.0000,0,0,0,0
434.344,1.0000,0,0,0,0
434.377,1.0000,0,0,0,0
434.409,1.0000,0,0,0,0
434.442,1.0000,0,0,0,0
434.476,1.0000,0,0,0,0
434.509,1.0000,0,0,0,0
434.546,1.0000,0,0,0,0
434.579,1.0000,0,0,0,0
434.610,1.0000,0,0,0,0
434.646,1.0000,0,0,0,0
434.678,1.0000,0,0,0,0
434.709,1.0000,0,0,0,0
434.743,1.0000,0,0,0,0
434.777,1.0000,0,0,0,0
434.814,1.0000,0,0,0,0
434.843,1.0000,0,0,0,0
434.875,1.0000,0,0,0,0
434.909,1.0000,0,0,0,0
434.946,1.0000,0,0,0,0
434.976,1.0000,0,0,0,0
435.009,1.0000,0,0,0,0
435.043,1.0000,0,0,0,0
435.076,1.0000,0,0,0,0
435.108,1.0000,0,0,0,0
435.132,1.0000,0,0,0,0
435.178,1.0000,0,0,0,0
435.208,1.0000,0,0,0,0
435.246,1.0000,0,0,0,0
435.278,1.0000,0,0,0,0
435.311,1.0000,0,0,0,0
435.342,1.0000,0,0,0,0
435.383,1.0000,0,0,0,0
435.404,1.0000,0,0,0,0
435.447,1.0000,0,0,0,0
435.475,1.0000,0,0,0,0
435.511,1.0000,0,0,0,0
435.541,1.0000,0,0,0,0
435.575,1.0000,0,0,0,0
435.611,1.0000,0,0,0,0
435.644,1.0000,0,0,0,0
435.679,1.0000,0,0,0,0
435.710,1.0000,0,0,0,0
435.743,1.0000,0,0,0,0
435.777,1.0000,0,0,0,0
435.810,1.0000,0,0,0,0
435.844,1.0000,0,0,0,0
435.875,1.0000,0,0,0,0
435.909,1.0000,0,0,0,0
435.946,1.0000,0,0,0,0
435.978,1.0000,0,0,0,0
436.011,1.0000,0,0,0,0
436.045,1.0000,0,0,0,0
436.075,1.0000,0,0,0,0
436.113,1.0000,0,0,0,0
436.141,1.0000,0,0,0,0
436.179,1.0000,0,0,0,0
436.211,1.0000,0,0,0,0
436.246,1.0000,0,0,0,0
436.278,1.0000,0,0,0,0
436.310,1.0000,0,0,0,0
436.341,1.0000,0,0,0,0
436.381,1.0000,0,0,0,0
436.409,1.0000,0,0,0,0
436.443,1.0000,0,0,0,0
436.481,1.0000,0,0,0,0
436.502,1.0000,0,0,0,0
436.543,1.0000,0,0,0,0
436.575,1.0000,0,0,0,0
436.610,1.0000,0,0,0,0
436.645,1.0000,0,0,0,0
436.677,1.0000,0,0,0,0
436.716,1.0000,0,0,0,0
436.735,1.0000,0,0,0,0
436.774,1.0000,0,0,0,0
436.811,1.0000,0,0,0,0
436.842,1.0000,0,0,0,0
436.880,1.0000,0,0,0,0
436.912,1.0000,0,0,0,0
436.944,1.0000,0,0,0,0
436.979,1.0000,0,0,0,0
437.013,1.0000,0,0,0,0
437.042,1.0000,0,0,0,0
437.075,1.0000,0,0,0,0
437.109,1.0000,0,0,0,0
437.146,1.0000,0,0,0,0
437.177,1.0000,0,0,0,0
437.213,1.0000,0,0,0,0
437.242,1.0000,0,0,0,0
437.276,1.0000,0,0,0,0
437.307,1.0000,0,0,0,0
437.347,1.0000,0,0,0,0
437.368,1.0000,0,0,0,0
437.412,1.0000,0,0,0,0
437.445,1.0000,0,0,0,0
437.480,1.0000,0,0,0,0
437.512,1.0000,0,0,0,0
437.543,1.0000,0,0,0,0
437.576,1.0000,0,0,0,0
437.609,1.0000,0,0,0,0
437.645,1.0000,0,0,0,0
437.677,1.0000,0,0,0,0
437.712,1.0000,0,0,0,0
437.745,1.0000,0,0,0,0
437.779,1.0000,0,0,0,0
437.811,1.0000,0,0,0,0
437.846,1.0000,0,0,0,0
437.878,1.0000,0,0,0,0
437.909,1.0000,0,0,0,0
437.944,1.0000,0,0,0,0
437.977,1.0000,0,0,0,0
438.010,1.0000,0,0,0,0
438.041,1.0000,0,0,0,0
438.078,1.0000,0,0,0,0
438.112,1.0000,0,0,0,0
438.141,1.0000,0,0,0,0
438.175,1.0000,0,0,0,0
438.214,1.0000,0,0,0,0
438.241,1.0000,0,0,0,0
438.279,1.0000,0,0,0,0
438.310,1.0000,0,0,0,0
438.343,1.0000,0,0,0,0
438.375,1.0000,0,0,0,0
438.409,1.0000,0,0,0,0
438.444,1.0000,0,0,0,0
438.480,1.0000,0,0,0,0
438.512,1.0000,0,0,0,0
438.542,1.0000,0,0,0,0
438.580,1.0000,0,0,0,0
438.601,1.0000,0,0,0,0
438.642,1.0000,0,0,0,0
438.679,1.0000,0,0,0,0
438.712,1.0000,0,0,0,0
438.741,1.0000,0,0,0,0
438.775,1.0000,0,0,0,0
438.808,1.0000,0,0,0,0
438.846,1.0000,0,0,0,0
438.877,1.0000,0,0,0,0
438.912,1.0000,0,0,0,0
438.944,1.0000,0,0,0,0
438.978,1.0000,0,0,0,0
439.012,1.0000,0,0,0,0
439.042,1.0000,0,0,0,0
439.077,1.0000,0,0,0,0
439.110,1.0000,0,0,0,0
439.144,1.0000,0,0,0,0
439.177,1.0000,0,0,0,0
439.213,1.0000,0,0,0,0
439.243,1.0000,0,0,0,0
439.277,1.0000,0,0,0,0
439.308,1.0000,0,0,0,0
439.345,1.0000,0,0,0,0
439.376,1.0000,0,0,0,0
439.411,1.0000,0,0,0,0
439.445,1.0000,0,0,0,0
439.474,1.0000,0,0,0,0
439.511,1.0000,0,0,0,0
439.543,1.0000,0,0,0,0
439.576,1.0000,0,0,0,0
439.612,1.0000,0,0,0,0
439.643,1.0000,0,0,0,0
439.677,1.0000,0,0,0,0
439.713,1.0000,0,0,0,0
439.747,1.0000,0,0,0,0
439.768,1.0000,0,0,0,0
439.812,1.0000,0,0,0,0
439.844,1.0000,0,0,0,0
439.876,1.0000,0,0,0,0
439.912,1.0000,0,0,0,0
439.942,1.0000,0,0,0,0
439.979,1.0000,0,0,0,0
440.011,1.0000,0,0,0,0
440.046,1.0000,0,0,0,0
440.075,1.0000,0,0,0,0
440.110,1.0000,0,0,0,0
440.143,1.0000,0,0,0,0
440.175,1.0000,0,0,0,0
440.212,1.0000,0,0,0,0
440.250,1.0000,0,0,0,0
440.269,1.0000,0,0,0,0
440.310,1.0000,0,0,0,0
440.342,1.0000,0,0,0,0
440.380,1.0000,0,0,0,0
440.411,1.0000,0,0,0,0
440.442,1.0000,0,0,0,0
440.476,1.0000,0,0,0,0
440.510,1.0000,0,0,0,0
440.541,1.0000,0,0,0,0
440.576,1.0000,0,0,0,0
440.610,1.0000,0,0,0,0
440.645,1.0000,0,0,0,0
440.676,1.0000,0,0,0,0
440.708,1.0000,0,0,0,0
440.741,1.0000,0,0,0,0
440.777,1.0000,0,0,0,0
440.812,1.0000,0,0,0,0
440.843,1.0000,0,0,0,0
440.875,1.0000,0,0,0,0
440.911,1.0000,0,0,0,0
440.945,1.0000,0,0,0,0
440.978,1.0000,0,0,0,0
441.008,1.0000,0,0,0,0
441.046,1.0000,0,0,0,0
441.077,1.0000,0,0,0,0
441.114,1.0000,0,0,0,0
441.144,1.0000,0,0,0,0
441.176,1.0000,0,0,0,0
441.210,1.0000,0,0,0,0
441.245,1.0000,0,0,0,0
441.277,1.0000,0,0,0,0
441.310,1.0000,0,0,0,0
441.345,1.0000,0,0,0,0
441.389,1.0000,0,0,0,0
441.409,1.0000,0,0,0,0
441.447,1.0000,0,0,0,0
441.477,1.0000,0,0,0,0
441.512,1.0000,0,0,0,0
441.543,1.0000,0,0,0,0
441.575,1.0000,0,0,0,0
441.609,1.0000,0,0,0,0
441.645,1.0000,0,0,0,0
441.678,1.0000,0,0,0,0
441.708,1.0000,0,0,0,0
441.745,1.0000,0,0,0,0
441.779,1.0000,0,0,0,0
441.812,1.0000,0,0,0,0
441.842,1.0000,0,0,0,0
441.876,1.0000,0,0,0,0
441.909,1.0000,0,0,0,0
441.944,1.0000,0,0,0,0
441.979,1.0000,0,0,0,0
442.010,1.0000,0,0,0,0
442.042,1.0000,0,0,0,0
442.077,1.0000,0,0,0,0
442.108,1.0000,0,0,0,0
442.144,1.0000,0,0,0,0
442.175,1.0000,0,0,0,0
442.209,1.0000,0,0,0,0
442.243,1.0000,0,0,0,0
442.275,1.0000,0,0,0,0
442.311,1.0000,0,0,0,0
442.345,1.0000,0,0,0,0
442.375,1.0000,0,0,0,0
442.410,1.0000,0,0,0,0
442.444,1.0000,0,0,0,0
442.478,1.0000,0,0,0,0
442.511,1.0000,0,0,0,0
442.545,1.0000,0,0,0,0
442.576,1.0000,0,0,0,0
442.611,1.0000,0,0,0,0
442.641,1.0000,0,0,0,0
442.678,1.0000,0,0,0,0
442.710,1.0000,0,0,0,0
442.744,1.0000,0,0,0,0
442.779,1.0000,0,0,0,0
442.811,1.0000,0,0,0,0
442.845,1.0000,0,0,0,0
442.874,1.0000,0,0,0,0
442.908,1.0000,0,0,0,0
442.945,1.0000,0,0,0,0
442.978,1.0000,0,0,0,0
443.011,1.0000,0,0,0,0
443.042,1.0000,0,0,0,0
443.076,1.0000,0,0,0,0
443.107,1.0000,0,0,0,0
443.145,1.0000,0,0,0,0
443.177,1.0000,0,0,0,0
443.210,1.0000,0,0,0,0
443.243,1.0000,0,0,0,0
443.274,1.0000,0,0,0,0
443.311,1.0000,0,0,0,0
443.342,1.0000,0,0,0,0
443.384,1.0000,0,0,0,0
443.458,1.0000,0,0,0,0
443.479,1.0000,0,0,0,0
443.519,1.0000,0,0,0,0
443.550,1.0000,0,0,0,0
443.583,1.0000,0,0,0,0
443.618,1.0000,0,0,0,0
443.650,1.0000,0,0,0,0
443.684,1.0000,0,0,0,0
443.716,1.0000,0,0,0,0
443.749,1.0000,0,0,0,0
443.784,1.0000,0,0,0,0
443.819,1.0000,0,0,0,0
443.852,1.0000,0,0,0,0
443.884,1.0000,0,0,0,0
443.916,1.0000,0,0,0,0
443.951,1.0000,0,0,0,0
443.984,1.0000,0,0,0,0
444.018,1.0000,0,0,0,0
444.052,1.0000,0,0,0,0
444.086,1.0000,0,0,0,0
444.116,1.0000,0,0,0,0
444.152,1.0000,0,0,0,0
444.185,1.0000,0,0,0,0
444.220,1.0000,0,0,0,0
444.251,1.0000,0,0,0,0
444.286,1.0000,0,0,0,0
444.316,1.0000,0,0,0,0
444.350,1.0000,0,0,0,0
444.382,1.0000,0,0,0,0
444.420,1.0000,0,0,0,0
444.441,1.0000,0,0,0,0
444.486,1.0000,0,0,0,0
444.517,1.0000,0,0,0,0
444.550,1.0000,0,0,0,0
444.586,1.0000,0,0,0,0
444.617,1.0000,0,0,0,0
444.651,1.0000,0,0,0,0
444.686,1.0000,0,0,0,0
444.722,1.0000,0,0,0,0
444.750,1.0000,0,0,0,0
444.790,1.0000,0,0,0,0
444.816,1.0000,0,0,0,0
444.849,1.0000,0,0,0,0
444.885,1.0000,0,0,0,0
444.917,1.0000,0,0,0,0
444.953,1.0000,0,0,0,0
444.983,1.0000,0,0,0,0
445.017,1.0000,0,0,0,0
445.049,1.0000,0,0,0,0
445.087,1.0000,0,0,0,0
445.117,1.0000,0,0,0,0
445.152,1.0000,0,0,0,0
445.184,1.0000,0,0,0,0
445.219,1.0000,0,0,0,0
445.253,1.0000,0,0,0,0
445.283,1.0000,0,0,0,0
445.317,1.0000,0,0,0,0
445.351,1.0000,0,0,0,0
445.384,1.0000,0,0,0,0
445.417,1.0000,0,0,0,0
445.452,1.0000,0,0,0,0
445.483,1.0000,0,0,0,0
445.518,1.0000,0,0,0,0
445.553,1.0000,0,0,0,0
445.584,1.0000,0,0,0,0
445.616,1.0000,0,0,0,0
445.652,1.0000,0,0,0,0
445.684,1.0000,0,0,0,0
445.719,1.0000,0,0,0,0
445.749,1.0000,0,0,0,0
445.785,1.0000,0,0,0,0
445.819,1.0000,0,0,0,0
445.853,1.0000,0,0,0,0
445.882,1.0000,0,0,0,0
445.919,1.0000,0,0,0,0
445.949,1.0000,0,0,0,0
445.985,1.0000,0,0,0,0
446.016,1.0000,0,0,0,0
446.051,1.0000,0,0,0,0
446.087,1.0000,0,0,0,0
446.117,1.0000,0,0,0,0
446.149,1.0000,0,0,0,0
446.183,1.0000,0,0,0,0
446.216,1.0000,0,0,0,0
446.252,1.0000,0,0,0,0
446.284,1.0000,0,0,0,0
446.317,1.0000,0,0,0,0
446.352,1.0000,0,0,0,0
446.386,1.0000,0,0,0,0
446.418,1.0000,0,0,0,0
446.452,1.0000,0,0,0,0
446.483,1.0000,0,0,0,0
446.519,1.0000,0,0,0,0
446.553,1.0000,0,0,0,0
446.584,1.0000,0,0,0,0
446.619,1.0000,0,0,0,0
446.653,1.0000,0,0,0,0
446.684,1.0000,0,0,0,0
446.719,1.0000,0,0,0,0
446.753,1.0000,0,0,0,0
446.785,1.0000,0,0,0,0
446.816,1.0000,0,0,0,0
446.852,1.0000,0,0,0,0
446.886,1.0000,0,0,0,0
446.917,1.0000,0,0,0,0
446.954,1.0000,0,0,0,0
446.986,1.0000,0,0,0,0
447.017,1.0000,0,0,0,0
447.053,1.0000,0,0,0,0
447.083,1.0000,0,0,0,0
447.116,1.0000,0,0,0,0
447.149,1.0000,0,0,0,0
447.185,1.0000,0,0,0,0
447.216,1.0000,0,0,0,0
447.249,1.0000,0,0,0,0
447.284,1.0000,0,0,0,0
447.317,1.0000,0,0,0,0
447.354,1.0000,0,0,0,0
447.385,1.0000,0,0,0,0
447.415,1.0000,0,0,0,0
447.454,1.0000,0,0,0,0
447.483,1.0000,0,0,0,0
447.517,1.0000,0,0,0,0
447.552,1.0000,0,0,0,0
447.582,1.0000,0,0,0,0
447.619,1.0000,0,0,0,0
447.649,1.0000,0,0,0,0
447.683,1.0000,0,0,0,0
447.716,1.0000,0,0,0,0
447.753,1.0000,0,0,0,0
447.786,1.0000,0,0,0,0
447.817,1.0000,0,0,0,0
447.852,1.0000,0,0,0,0
447.885,1.0000,0,0,0,0
447.916,1.0000,0,0,0,0
447.951,1.0000,0,0,0,0
447.984,1.0000,0,0,0,0
448.019,1.0000,0,0,0,0
448.053,1.0000,0,0,0,0
448.084,1.0000,0,0,0,0
448.118,1.0000,0,0,0,0
448.153,1.0000,0,0,0,0
448.184,1.0000,0,0,0,0
448.219,1.0000,0,0,0,0
448.253,1.0000,0,0,0,0
448.284,1.0000,0,0,0,0
448.316,1.0000,0,0,0,0
448.351,1.0000,0,0,0,0
448.384,1.0000,0,0,0,0
448.416,1.0000,0,0,0,0
448.451,1.0000,0,0,0,0
448.487,1.0000,0,0,0,0
448.517,1.0000,0,0,0,0
448.549,1.0000,0,0,0,0
448.587,1.0000,0,0,0,0
448.608,1.0000,0,0,0,0
448.648,1.0000,0,0,0,0
448.686,1.0000,0,0,0,0
448.719,1.0000,0,0,0,0
448.763,1.0000,0,0,0,0
448.786,1.0000,0,0,0,0
448.818,1.0000,0,0,0,0
448.858,1.0000,0,0,0,0
448.877,1.0000,0,0,0,0
448.919,1.0000,0,0,0,0
448.951,1.0000,0,0,0,0
448.985,1.0000,0,0,0,0
449.015,1.0000,0,0,0,0
449.050,1.0000,0,0,0,0
449.087,1.0000,0,0,0,0
449.120,1.0000,0,0,0,0
449.153,1.0000,0,0,0,0
449.183,1.0000,0,0,0,0
449.215,1.0000,0,0,0,0
449.248,1.0000,0,0,0,0
449.286,1.0000,0,0,0,0
449.320,1.0000,0,0,0,0
449.351,1.0000,0,0,0,0
449.385,1.0000,0,0,0,0
449.416,1.0000,0,0,0,0
449.450,1.0000,0,0,0,0
449.483,1.0000,0,0,0,0
449.516,1.0000,0,0,0,0
449.552,1.0000,0,0,0,0
449.584,1.0000,0,0,0,0
449.619,1.0000,0,0,0,0
449.650,1.0000,0,0,0,0
449.684,1.0000,0,0,0,0
449.716,1.0000,0,0,0,0
449.751,1.0000,0,0,0,0
449.783,1.0000,0,0,0,0
449.819,1.0000,0,0,0,0
449.853,1.0000,0,0,0,0
449.885,1.0000,0,0,0,0
449.916,1.0000,0,0,0,0
449.952,1.0000,0,0,0,0
449.984,1.0000,0,0,0,0
450.016,1.0000,0,0,0,0
450.051,1.0000,0,0,0,0
450.082,1.0000,0,0,0,0
450.115,1.0000,0,0,0,0
450.149,1.0000,0,0,0,0
450.186,1.0000,0,0,0,0
450.216,1.0000,0,0,0,0
450.251,1.0000,0,0,0,0
450.284,1.0000,0,0,0,0
450.320,1.0000,0,0,0,0
450.350,1.0000,0,0,0,0
450.382,1.0000,0,0,0,0
450.416,1.0000,0,0,0,0
450.456,1.0000,0,0,0,0
450.486,1.0000,0,0,0,0
450.516,1.0000,0,0,0,0
450.551,1.0000,0,0,0,0
450.584,1.0000,0,0,0,0
450.620,1.0000,0,0,0,0
450.649,1.0000,0,0,0,0
450.686,1.0000,0,0,0,0
450.717,1.0000,0,0,0,0
450.750,1.0000,0,0,0,0
450.785,1.0000,0,0,0,0
450.816,1.0000,0,0,0,0
450.851,1.0000,0,0,0,0
450.884,1.0000,0,0,0,0
450.919,1.0000,0,0,0,0
450.949,1.0000,0,0,0,0
450.987,1.0000,0,0,0,0
451.019,1.0000,0,0,0,0
451.053,1.0000,0,0,0,0
451.075,1.0000,0,0,0,0
451.120,1.0000,0,0,0,0
451.153,1.0000,0,0,0,0
451.183,1.0000,0,0,0,0
451.219,1.0000,0,0,0,0
451.250,1.0000,0,0,0,0
451.285,1.0000,0,0,0,0
451.316,1.0000,0,0,0,0
451.348,1.0000,0,0,0,0
451.386,1.0000,0,0,0,0
451.417,1.0000,0,0,0,0
451.452,1.0000,0,0,0,0
451.484,1.0000,0,0,0,0
451.520,1.0000,0,0,0,0
451.549,1.0000,0,0,0,0
451.584,1.0000,0,0,0,0
451.616,1.0000,0,0,0,0
451.654,1.0000,0,0,0,0
451.674,1.0000,0,0,0,0
451.715,1.0000,0,0,0,0
451.750,1.0000,0,0,0,0
451.787,1.0000,0,0,0,0
451.817,1.0000,0,0,0,0
451.849,1.0000,0,0,0,0
451.886,1.0000,0,0,0,0
451.917,1.0000,0,0,0,0
451.951,1.0000,0,0,0,0
451.987,1.0000,0,0,0,0
452.020,1.0000,0,0,0,0
452.053,1.0000,0,0,0,0
452.087,1.0000,0,0,0,0
452.120,1.0000,0,0,0,0
452.152,1.0000,0,0,0,0
452.183,1.0000,0,0,0,0
452.218,1.0000,0,0,0,0
452.252,1.0000,0,0,0,0
452.284,1.0000,0,0,0,0
452.320,1.0000,0,0,0,0
452.351,1.0000,0,0,0,0
452.383,1.0000,0,0,0,0
452.419,1.0000,0,0,0,0
452.450,1.0000,0,0,0,0
452.485,1.0000,0,0,0,0
452.517,1.0000,0,0,0,0
452.550,1.0000,0,0,0,0
452.582,1.0000,0,0,0,0
452.619,1.0000,0,0,0,0
452.653,1.0000,0,0,0,0
452.684,1.0000,0,0,0,0
452.719,1.0000,0,0,0,0
452.749,1.0000,0,0,0,0
452.785,1.0000,0,0,0,0
452.820,1.0000,0,0,0,0
452.851,1.0000,0,0,0,0
452.886,1.0000,0,0,0,0
452.917,1.0000,0,0,0,0
452.952,1.0000,0,0,0,0
452.983,1.0000,0,0,0,0
453.021,1.0000,0,0,0,0
453.049,1.0000,0,0,0,0
453.086,1.0000,0,0,0,0
453.116,1.0000,0,0,0,0
453.151,1.0000,0,0,0,0
453.182,1.0000,0,0,0,0
453.215,1.0000,0,0,0,0
453.252,1.0000,0,0,0,0
453.284,1.0000,0,0,0,0
453.317,1.0000,0,0,0,0
453.348,1.0000,0,0,0,0
453.386,1.0000,0,0,0,0
453.420,1.0000,0,0,0,0
453.449,1.0000,0,0,0,0
453.482,1.0000,0,0,0,0
453.519,1.0000,0,0,0,0
453.550,1.0000,0,0,0,0
453.584,1.0000,0,0,0,0
453.624,1.0000,0,0,0,0
453.642,1.0000,0,0,0,0
453.687,1.0000,0,0,0,0
453.719,1.0000,0,0,0,0
453.752,1.0000,0,0,0,0
453.784,1.0000,0,0,0,0
453.818,1.0000,0,0,0,0
453.853,1.0000,0,0,0,0
453.885,1.0000,0,0,0,0
453.916,1.0000,0,0,0,0
453.952,1.0000,0,0,0,0
453.984,1.0000,0,0,0,0
454.018,1.0000,0,0,0,0
454.052,1.0000,0,0,0,0
454.084,1.0000,0,0,0,0
454.118,1.0000,0,0,0,0
454.153,1.0000,0,0,0,0
454.184,1.0000,0,0,0,0
454.218,1.0000,0,0,0,0
454.252,1.0000,0,0,0,0
454.283,1.0000,0,0,0,0
454.318,1.0000,0,0,0,0
454.348,1.0000,0,0,0,0
454.385,1.0000,0,0,0,0
454.421,1.0000,0,0,0,0
454.450,1.0000,0,0,0,0
454.486,1.0000,0,0,0,0
454.519,1.0000,0,0,0,0
454.552,1.0000,0,0,0,0
454.585,1.0000,0,0,0,0
454.617,1.0000,0,0,0,0
454.652,1.0000,0,0,0,0
454.682,1.0000,0,0,0,0
454.717,1.0000,0,0,0,0
454.753,1.0000,0,0,0,0
454.783,1.0000,0,0,0,0
454.816,1.0000,0,0,0,0
454.849,1.0000,0,0,0,0
454.884,1.0000,0,0,0,0
454.915,1.0000,0,0,0,0
454.951,1.0000,0,0,0,0
454.986,1.0000,0,0,0,0
455.017,1.0000,0,0,0,0
455.052,1.0000,0,0,0,0
455.086,1.0000,0,0,0,0
455.116,1.0000,0,0,0,0
455.151,1.0000,0,0,0,0
455.186,1.0000,0,0,0,0
455.217,1.0000,0,0,0,0
455.251,1.0000,0,0,0,0
455.286,1.0000,0,0,0,0
455.317,1.0000,0,0,0,0
455.351,1.0000,0,0,0,0
455.384,1.0000,0,0,0,0
455.420,1.0000,0,0,0,0
455.449,1.0000,0,0,0,0
455.482,1.0000,0,0,0,0
455.519,1.0000,0,0,0,0
455.553,1.0000,0,0,0,0
455.584,1.0000,0,0,0,0
455.616,1.0000,0,0,0,0
455.652,1.0000,0,0,0,0
455.683,1.0000,0,0,0,0
455.719,1.0000,0,0,0,0
455.752,1.0000,0,0,0,0
455.784,1.0000,0,0,0,0
455.817,1.0000,0,0,0,0
455.852,1.0000,0,0,0,0
455.885,1.0000,0,0,0,0
455.916,1.0000,0,0,0,0
455.951,1.0000,0,0,0,0
455.987,1.0000,0,0,0,0
456.017,1.0000,0,0,0,0
456.051,1.0000,0,0,0,0
456.082,1.0000,0,0,0,0
456.118,1.0000,0,0,0,0
456.153,1.0000,0,0,0,0
456.183,1.0000,0,0,0,0
456.219,1.0000,0,0,0,0
456.253,1.0000,0,0,0,0
456.284,1.0000,0,0,0,0
456.378,1.0000,0,0,0,0
456.410,1.0000,0,0,0,0
456.426,1.0000,0,0,0,0
456.461,1.0000,0,0,0,0
456.495,1.0000,0,0,0,0
456.526,1.0000,0,0,0,0
456.563,1.0000,0,0,0,0
456.594,1.0000,0,0,0,0
456.627,1.0000,0,0,0,0
456.658,1.0000,0,0,0,0
456.695,1.0000,0,0,0,0
456.724,1.0000,0,0,0,0
456.761,1.0000,0,0,0,0
456.796,1.0000,0,0,0,0
456.828,1.0000,0,0,0,0
456.863,1.0000,0,0,0,0
456.895,1.0000,0,0,0,0
456.928,1.0000,0,0,0,0
456.963,1.0000,0,0,0,0
456.997,1.0000,0,0,0,0
457.029,1.0000,0,0,0,0
457.062,1.0000,0,0,0,0
457.096,1.0000,0,0,0,0
457.128,1.0000,0,0,0,0
457.161,1.0000,0,0,0,0
457.196,1.0000,0,0,0,0
457.228,1.0000,0,0,0,0
457.262,1.0000,0,0,0,0
457.296,1.0000,0,0,0,0
457.329,1.0000,0,0,0,0
457.358,1.0000,0,0,0,0
457.397,1.0000,0,0,0,0
457.430,1.0000,0,0,0,0
457.463,1.0000,0,0,0,0
457.492,1.0000,0,0,0,0
457.528,1.0000,0,0,0,0
457.562,1.0000,0,0,0,0
457.592,1.0000,0,0,0,0
457.626,1.0000,0,0,0,0
457.660,1.0000,0,0,0,0
457.695,1.0000,0,0,0,0
457.729,1.0000,0,0,0,0
457.760,1.0000,0,0,0,0
457.792,1.0000,0,0,0,0
457.829,1.0000,0,0,0,0
457.858,1.0000,0,0,0,0
457.897,1.0000,0,0,0,0
457.930,1.0000,0,0,0,0
457.962,1.0000,0,0,0,0
457.996,1.0000,0,0,0,0
458.028,1.0000,0,0,0,0
458.062,1.0000,0,0,0,0
458.096,1.0000,0,0,0,0
458.129,1.0000,0,0,0,0
458.163,1.0000,0,0,0,0
458.192,1.0000,0,0,0,0
458.228,1.0000,0,0,0,0
458.262,1.0000,0,0,0,0
458.294,1.0000,0,0,0,0
458.329,1.0000,0,0,0,0
458.361,1.0000,0,0,0,0
458.394,1.0000,0,0,0,0
458.430,1.0000,0,0,0,0
458.459,1.0000,0,0,0,0
458.492,1.0000,0,0,0,0
458.529,1.0000,0,0,0,0
458.562,1.0000,0,0,0,0
458.594,1.0000,0,0,0,0
458.629,1.0000,0,0,0,0
458.662,1.0000,0,0,0,0
458.693,1.0000,0,0,0,0
458.729,1.0000,0,0,0,0
458.760,1.0000,0,0,0,0
458.797,1.0000,0,0,0,0
458.828,1.0000,0,0,0,0
458.862,1.0000,0,0,0,0
458.895,1.0000,0,0,0,0
458.930,1.0000,0,0,0,0
458.959,1.0000,0,0,0,0
458.997,1.0000,0,0,0,0
459.031,1.0000,0,0,0,0
459.062,1.0000,0,0,0,0
459.096,1.0000,0,0,0,0
459.126,1.0000,0,0,0,0
459.165,1.0000,0,0,0,0
459.192,1.0000,0,0,0,0
459.228,1.0000,0,0,0,0
459.261,1.0000,0,0,0,0
459.294,1.0000,0,0,0,0
459.328,1.0000,0,0,0,0
459.361,1.0000,0,0,0,0
459.393,1.0000,0,0,0,0
459.428,1.0000,0,0,0,0
459.463,1.0000,0,0,0,0
459.494,1.0000,0,0,0,0
459.527,1.0000,0,0,0,0
459.561,1.0000,0,0,0,0
459.595,1.0000,0,0,0,0
459.625,1.0000,0,0,0,0
459.664,1.0000,0,0,0,0
459.693,1.0000,0,0,0,0
459.727,1.0000,0,0,0,0
459.760,1.0000,0,0,0,0
459.793,1.0000,0,0,0,0
459.825,1.0000,0,0,0,0
459.861,1.0000,0,0,0,0
459.894,1.0000,0,0,0,0
459.926,1.0000,0,0,0,0
459.961,1.0000,0,0,0,0
459.995,1.0000,0,0,0,0
460.025,1.0000,0,0,0,0
460.064,1.0000,0,0,0,0
460.095,1.0000,0,0,0,0
460.125,1.0000,0,0,0,0
460.163,1.0000,0,0,0,0
460.195,1.0000,0,0,0,0
460.226,1.0000,0,0,0,0
460.262,1.0000,0,0,0,0
460.295,1.0000,0,0,0,0
460.327,1.0000,0,0,0,0
460.361,1.0000,0,0,0,0
460.397,1.0000,0,0,0,0
460.430,1.0000,0,0,0,0
460.459,1.0000,0,0,0,0
460.493,1.0000,0,0,0,0
460.526,1.0000,0,0,0,0
460.560,1.0000,0,0,0,0
460.593,1.0000,0,0,0,0
460.627,1.0000,0,0,0,0
460.662,1.0000,0,0,0,0
460.696,1.0000,0,0,0,0
460.729,1.0000,0,0,0,0
460.762,1.0000,0,0,0,0
460.796,1.0000,0,0,0,0
460.828,1.0000,0,0,0,0
460.861,1.0000,0,0,0,0
460.896,1.0000,0,0,0,0
460.929,1.0000,0,0,0,0
460.960,1.0000,0,0,0,0
460.994,1.0000,0,0,0,0
461.027,1.0000,0,0,0,0
461.061,1.0000,0,0,0,0
461.096,1.0000,0,0,0,0
461.129,1.0000,0,0,0,0
461.163,1.0000,0,0,0,0
461.194,1.0000,0,0,0,0
461.225,1.0000,0,0,0,0
461.259,1.0000,0,0,0,0
461.293,1.0000,0,0,0,0
461.325,1.0000,0,0,0,0
461.361,1.0000,0,0,0,0
461.395,1.0000,0,0,0,0
461.427,1.0000,0,0,0,0
461.461,1.0000,0,0,0,0
461.494,1.0000,0,0,0,0
461.525,1.0000,0,0,0,0
461.561,1.0000,0,0,0,0
461.591,1.0000,0,0,0,0
461.629,1.0000,0,0,0,0
461.658,1.0000,0,0,0,0
461.696,1.0000,0,0,0,0
461.728,1.0000,0,0,0,0
461.762,1.0000,0,0,0,0
461.796,1.0000,0,0,0,0
461.827,1.0000,0,0,0,0
461.862,1.0000,0,0,0,0
461.896,1.0000,0,0,0,0
461.927,1.0000,0,0,0,0
461.962,1.0000,0,0,0,0
461.994,1.0000,0,0,0,0
462.026,1.0000,0,0,0,0
462.060,1.0000,0,0,0,0
462.094,1.0000,0,0,0,0
462.127,1.0000,0,0,0,0
462.161,1.0000,0,0,0,0
462.195,1.0000,0,0,0,0
462.228,1.0000,0,0,0,0
462.262,1.0000,0,0,0,0
462.296,1.0000,0,0,0,0
462.329,1.0000,0,0,0,0
462.362,1.0000,0,0,0,0
462.396,1.0000,0,0,0,0
462.430,1.0000,0,0,0,0
462.459,1.0000,0,0,0,0
462.494,1.0000,0,0,0,0
462.527,1.0000,0,0,0,0
462.562,1.0000,0,0,0,0
462.596,1.0000,0,0,0,0
462.629,1.0000,0,0,0,0
462.662,1.0000,0,0,0,0
462.696,1.0000,0,0,0,0
462.725,1.0000,0,0,0,0
462.760,1.0000,0,0,0,0
462.794,1.0000,0,0,0,0
462.828,1.0000,0,0,0,0
462.861,1.0000,0,0,0,0
462.895,1.0000,0,0,0,0
462.930,1.0000,0,0,0,0
462.962,1.0000,0,0,0,0
462.992,1.0000,0,0,0,0
463.025,1.0000,0,0,0,0
463.061,1.0000,0,0,0,0
463.096,1.0000,0,0,0,0
463.127,1.0000,0,0,0,0
463.161,1.0000,0,0,0,0
463.193,1.0000,0,0,0,0
463.229,1.0000,0,0,0,0
463.262,1.0000,0,0,0,0
463.294,1.0000,0,0,0,0
463.330,1.0000,0,0,0,0
463.362,1.0000,0,0,0,0
463.398,1.0000,0,0,0,0
463.428,1.0000,0,0,0,0
463.461,1.0000,0,0,0,0
463.496,1.0000,0,0,0,0
463.529,1.0000,0,0,0,0
463.561,1.0000,0,0,0,0
463.592,1.0000,0,0,0,0
463.629,1.0000,0,0,0,0
463.659,1.0000,0,0,0,0
463.692,1.0000,0,0,0,0
463.731,1.0000,0,0,0,0
463.762,1.0000,0,0,0,0
463.793,1.0000,0,0,0,0
463.827,1.0000,0,0,0,0
463.859,1.0000,0,0,0,0
463.893,1.0000,0,0,0,0
463.927,1.0000,0,0,0,0
463.961,1.0000,0,0,0,0
463.990,1.0000,0,0,0,0
464.027,1.0000,0,0,0,0
464.059,1.0000,0,0,0,0
464.093,1.0000,0,0,0,0
464.126,1.0000,0,0,0,0
464.162,1.0000,0,0,0,0
464.195,1.0000,0,0,0,0
464.225,1.0000,0,0,0,0
464.259,1.0000,0,0,0,0
464.295,1.0000,0,0,0,0
464.329,1.0000,0,0,0,0
464.362,1.0000,0,0,0,0
464.396,1.0000,0,0,0,0
464.429,1.0000,0,0,0,0
464.460,1.0000,0,0,0,0
464.492,1.0000,0,0,0,0
464.525,1.0000,0,0,0,0
464.563,1.0000,0,0,0,0
464.592,1.0000,0,0,0,0
464.625,1.0000,0,0,0,0
464.662,1.0000,0,0,0,0
464.692,1.0000,0,0,0,0
464.728,1.0000,0,0,0,0
464.761,1.0000,0,0,0,0
464.796,1.0000,0,0,0,0
464.829,1.0000,0,0,0,0
464.862,1.0000,0,0,0,0
464.896,1.0000,0,0,0,0
464.929,1.0000,0,0,0,0
464.958,1.0000,0,0,0,0
464.995,1.0000,0,0,0,0
465.026,1.0000,0,0,0,0
465.061,1.0000,0,0,0,0
465.093,1.0000,0,0,0,0
465.136,1.0000,0,0,0,0
465.160,1.0000,0,0,0,0
465.194,1.0000,0,0,0,0
465.226,1.0000,0,0,0,0
465.262,1.0000,0,0,0,0
465.295,1.0000,0,0,0,0
465.328,1.0000,0,0,0,0
465.364,1.0000,0,0,0,0
465.392,1.0000,0,0,0,0
465.425,1.0000,0,0,0,0
465.461,1.0000,0,0,0,0
465.492,1.0000,0,0,0,0
465.525,1.0000,0,0,0,0
465.564,1.0000,0,0,0,0
465.593,1.0000,0,0,0,0
465.630,1.0000,0,0,0,0
465.663,1.0000,0,0,0,0
465.692,1.0000,0,0,0,0
465.728,1.0000,0,0,0,0
465.762,1.0000,0,0,0,0
465.793,1.0000,0,0,0,0
465.829,1.0000,0,0,0,0
465.862,1.0000,0,0,0,0
465.896,1.0000,0,0,0,0
465.930,1.0000,0,0,0,0
465.961,1.0000,0,0,0,0
465.992,1.0000,0,0,0,0
466.029,1.0000,0,0,0,0
466.060,1.0000,0,0,0,0
466.092,1.0000,0,0,0,0
466.127,1.0000,0,0,0,0
466.159,1.0000,0,0,0,0
466.194,1.0000,0,0,0,0
466.228,1.0000,0,0,0,0
466.262,1.0000,0,0,0,0
466.293,1.0000,0,0,0,0
466.328,1.0000,0,0,0,0
466.361,1.0000,0,0,0,0
466.396,1.0000,0,0,0,0
466.425,1.0000,0,0,0,0
466.463,1.0000,0,0,0,0
466.493,1.0000,0,0,0,0
466.528,1.0000,0,0,0,0
466.560,1.0000,0,0,0,0
466.592,1.0000,0,0,0,0
466.625,1.0000,0,0,0,0
466.659,1.0000,0,0,0,0
466.692,1.0000,0,0,0,0
466.728,1.0000,0,0,0,0
466.761,1.0000,0,0,0,0
466.794,1.0000,0,0,0,0
466.825,1.0000,0,0,0,0
466.862,1.0000,0,0,0,0
466.895,1.0000,0,0,0,0
466.928,1.0000,0,0,0,0
466.962,1.0000,0,0,0,0
466.994,1.0000,0,0,0,0
467.026,1.0000,0,0,0,0
467.062,1.0000,0,0,0,0
467.095,1.0000,0,0,0,0
467.128,1.0000,0,0,0,0
467.162,1.0000,0,0,0,0
467.196,1.0000,0,0,0,0
467.228,1.0000,0,0,0,0
467.262,1.0000,0,0,0,0
467.296,1.0000,0,0,0,0
467.329,1.0000,0,0,0,0
467.363,1.0000,0,0,0,0
467.393,1.0000,0,0,0,0
467.428,1.0000,0,0,0,0
467.463,1.0000,0,0,0,0
467.493,1.0000,0,0,0,0
467.529,1.0000,0,0,0,0
467.562,1.0000,0,0,0,0
467.596,1.0000,0,0,0,0
467.629,1.0000,0,0,0,0
467.660,1.0000,0,0,0,0
467.692,1.0000,0,0,0,0
467.728,1.0000,0,0,0,0
467.759,1.0000,0,0,0,0
467.795,1.0000,0,0,0,0
467.826,1.0000,0,0,0,0
467.859,1.0000,0,0,0,0
467.895,1.0000,0,0,0,0
467.928,1.0000,0,0,0,0
467.964,1.0000,0,0,0,0
467.992,1.0000,0,0,0,0
468.029,1.0000,0,0,0,0
468.062,1.0000,0,0,0,0
468.095,1.0000,0,0,0,0
468.126,1.0000,0,0,0,0
468.161,1.0000,0,0,0,0
468.194,1.0000,0,0,0,0
468.227,1.0000,0,0,0,0
468.258,1.0000,0,0,0,0
468.293,1.0000,0,0,0,0
468.328,1.0000,0,0,0,0
468.361,1.0000,0,0,0,0
468.393,1.0000,0,0,0,0
468.425,1.0000,0,0,0,0
468.458,1.0000,0,0,0,0
468.495,1.0000,0,0,0,0
468.529,1.0000,0,0,0,0
468.558,1.0000,0,0,0,0
468.596,1.0000,0,0,0,0
468.630,1.0000,0,0,0,0
468.663,1.0000,0,0,0,0
468.692,1.0000,0,0,0,0
468.728,1.0000,0,0,0,0
468.768,1.0000,0,0,0,0
468.795,1.0000,0,0,0,0
468.830,1.0000,0,0,0,0
468.861,1.0000,0,0,0,0
468.894,1.0000,0,0,0,0
468.928,1.0000,0,0,0,0
468.961,1.0000,0,0,0,0
468.994,1.0000,0,0,0,0
469.029,1.0000,0,0,0,0
469.061,1.0000,0,0,0,0
469.095,1.0000,0,0,0,0
469.128,1.0000,0,0,0,0
469.162,1.0000,0,0,0,0
469.196,1.0000,0,0,0,0
469.229,1.0000,0,0,0,0
469.260,1.0000,0,0,0,0
469.294,1.0000,0,0,0,0
469.328,1.0000,0,0,0,0
469.364,1.0000,0,0,0,0
469.394,1.0000,0,0,0,0
469.426,1.0000,0,0,0,0
469.459,1.0000,0,0,0,0
469.494,1.0000,0,0,0,0
469.525,1.0000,0,0,0,0
469.564,1.0000,0,0,0,0
469.597,1.0000,0,0,0,0
469.626,1.0000,0,0,0,0
469.661,1.0000,0,0,0,0
469.693,1.0000,0,0,0,0
469.730,1.0000,0,0,0,0
469.759,1.0000,0,0,0,0
469.793,1.0000,0,0,0,0
469.826,1.0000,0,0,0,0
469.860,1.0000,0,0,0,0
469.896,1.0000,0,0,0,0
469.928,1.0000,0,0,0,0
469.960,1.0000,0,0,0,0
469.995,1.0000,0,0,0,0
470.029,1.0000,0,0,0,0
470.061,1.0000,0,0,0,0
470.092,1.0000,0,0,0,0
470.128,1.0000,0,0,0,0
470.160,1.0000,0,0,0,0
470.193,1.0000,0,0,0,0
470.227,1.0000,0,0,0,0
470.258,1.0000,0,0,0,0
470.296,1.0000,0,0,0,0
470.328,1.0000,0,0,0,0
470.359,1.0000,0,0,0,0
470.395,1.0000,0,0,0,0
470.427,1.0000,0,0,0,0
470.463,1.0000,0,0,0,0
470.496,1.0000,0,0,0,0
470.528,1.0000,0,0,0,0
470.562,1.0000,0,0,0,0
470.596,1.0000,0,0,0,0
470.626,1.0000,0,0,0,0
470.663,1.0000,0,0,0,0
470.694,1.0000,0,0,0,0
470.726,1.0000,0,0,0,0
470.761,1.0000,0,0,0,0
470.793,1.0000,0,0,0,0
470.825,1.0000,0,0,0,0
470.858,1.0000,0,0,0,0
470.895,1.0000,0,0,0,0
470.929,1.0000,0,0,0,0
470.961,1.0000,0,0,0,0
470.993,1.0000,0,0,0,0
471.025,1.0000,0,0,0,0
471.058,1.0000,0,0,0,0
471.094,1.0000,0,0,0,0
471.127,1.0000,0,0,0,0
471.162,1.0000,0,0,0,0
471.195,1.0000,0,0,0,0
471.230,1.0000,0,0,0,0
471.260,1.0000,0,0,0,0
471.294,1.0000,0,0,0,0
471.329,1.0000,0,0,0,0
471.360,1.0000,0,0,0,0
471.393,1.0000,0,0,0,0
471.427,1.0000,0,0,0,0
471.460,1.0000,0,0,0,0
471.498,1.0000,0,0,0,0
471.527,1.0000,0,0,0,0
471.559,1.0000,0,0,0,0
471.597,1.0000,0,0,0,0
471.626,1.0000,0,0,0,0
471.660,1.0000,0,0,0,0
471.695,1.0000,0,0,0,0
471.728,1.0000,0,0,0,0
471.762,1.0000,0,0,0,0
471.795,1.0000,0,0,0,0
471.829,1.0000,0,0,0,0
471.863,1.0000,0,0,0,0
471.896,1.0000,0,0,0,0
471.930,1.0000,0,0,0,0
471.962,1.0000,0,0,0,0
471.992,1.0000,0,0,0,0
472.025,1.0000,0,0,0,0
472.061,1.0000,0,0,0,0
472.094,1.0000,0,0,0,0
472.127,1.0000,0,0,0,0
472.161,1.0000,0,0,0,0
472.196,1.0000,0,0,0,0
472.234,1.0000,0,0,0,0
472.261,1.0000,0,0,0,0
472.292,1.0000,0,0,0,0
472.328,1.0000,0,0,0,0
472.359,1.0000,0,0,0,0
472.392,1.0000,0,0,0,0
472.430,1.0000,0,0,0,0
472.462,1.0000,0,0,0,0
472.495,1.0000,0,0,0,0
472.527,1.0000,0,0,0,0
472.561,1.0000,0,0,0,0
472.596,1.0000,0,0,0,0
472.629,1.0000,0,0,0,0
472.661,1.0000,0,0,0,0
472.694,1.0000,0,0,0,0
472.725,1.0000,0,0,0,0
472.759,1.0000,0,0,0,0
472.793,1.0000,0,0,0,0
472.827,1.0000,0,0,0,0
472.862,1.0000,0,0,0,0
472.897,1.0000,0,0,0,0
472.930,1.0000,0,0,0,0
472.959,1.0000,0,0,0,0
472.995,1.0000,0,0,0,0
473.029,1.0000,0,0,0,0
473.059,1.0000,0,0,0,0
473.096,1.0000,0,0,0,0
473.129,1.0000,0,0,0,0
473.161,1.0000,0,0,0,0
473.194,1.0000,0,0,0,0
473.226,1.0000,0,0,0,0
473.261,1.0000,0,0,0,0
473.293,1.0000,0,0,0,0
473.329,1.0000,0,0,0,0
473.359,1.0000,0,0,0,0
473.396,1.0000,0,0,0,0
473.418,1.0000,0,0,0,0
473.464,1.0000,0,0,0,0
473.489,1.0000,0,0,0,0
473.530,1.0000,0,0,0,0
473.564,1.0000,0,0,0,0
473.586,1.0000,0,0,0,0
473.628,1.0000,0,0,0,0
473.664,1.0000,0,0,0,0
473.687,1.0000,0,0,0,0
473.730,1.0000,0,0,0,0
473.750,1.0000,0,0,0,0
473.793,1.0000,0,0,0,0
473.817,1.0000,0,0,0,0
473.863,1.0000,0,0,0,0
473.892,1.0000,0,0,0,0
473.928,1.0000,0,0,0,0
473.963,1.0000,0,0,0,0
473.992,1.0000,0,0,0,0
474.026,1.0000,0,0,0,0
474.064,1.0000,0,0,0,0
474.094,1.0000,0,0,0,0
474.127,1.0000,0,0,0,0
474.160,1.0000,0,0,0,0
474.192,1.0000,0,0,0,0
474.230,1.0000,0,0,0,0
474.261,1.0000,0,0,0,0
474.296,1.0000,0,0,0,0
474.327,1.0000,0,0,0,0
474.363,1.0000,0,0,0,0
474.393,1.0000,0,0,0,0
474.428,1.0000,0,0,0,0
474.461,1.0000,0,0,0,0
474.492,1.0000,0,0,0,0
474.527,1.0000,0,0,0,0
474.560,1.0000,0,0,0,0
474.592,1.0000,0,0,0,0
474.627,1.0000,0,0,0,0
474.661,1.0000,0,0,0,0
474.694,1.0000,0,0,0,0
474.726,1.0000,0,0,0,0
474.760,1.0000,0,0,0,0
474.793,1.0000,0,0,0,0
474.827,1.0000,0,0,0,0
474.861,1.0000,0,0,0,0
474.896,1.0000,0,0,0,0
474.925,1.0000,0,0,0,0
474.963,1.0000,0,0,0,0
474.996,1.0000,0,0,0,0
475.029,1.0000,0,0,0,0
475.063,1.0000,0,0,0,0
475.093,1.0000,0,0,0,0
475.127,1.0000,0,0,0,0
475.161,1.0000,0,0,0,0
475.195,1.0000,0,0,0,0
475.226,1.0000,0,0,0,0
475.263,1.0000,0,0,0,0
475.293,1.0000,0,0,0,0
475.328,1.0000,0,0,0,0
475.360,1.0000,0,0,0,0
475.396,1.0000,0,0,0,0
475.428,1.0000,0,0,0,0
475.459,1.0000,0,0,0,0
475.495,1.0000,0,0,0,0
475.529,1.0000,0,0,0,0
475.562,1.0000,0,0,0,0
475.593,1.0000,0,0,0,0
475.625,1.0000,0,0,0,0
475.660,1.0000,0,0,0,0
475.693,1.0000,0,0,0,0
475.728,1.0000,0,0,0,0
475.761,1.0000,0,0,0,0
475.794,1.0000,0,0,0,0
475.827,1.0000,0,0,0,0
475.861,1.0000,0,0,0,0
475.895,1.0000,0,0,0,0
475.928,1.0000,0,0,0,0
475.959,1.0000,0,0,0,0
475.995,1.0000,0,0,0,0
476.029,1.0000,0,0,0,0
476.063,1.0000,0,0,0,0
476.092,1.0000,0,0,0,0
476.128,1.0000,0,0,0,0
476.162,1.0000,0,0,0,0
476.196,1.0000,0,0,0,0
476.230,1.0000,0,0,0,0
476.260,1.0000,0,0,0,0
476.296,1.0000,0,0,0,0
476.328,1.0000,0,0,0,0
476.364,1.0000,0,0,0,0
476.396,1.0000,0,0,0,0
476.428,1.0000,0,0,0,0
476.460,1.0000,0,0,0,0
476.493,1.0000,0,0,0,0
476.526,1.0000,0,0,0,0
476.560,1.0000,0,0,0,0
476.594,1.0000,0,0,0,0
476.629,1.0000,0,0,0,0
476.664,1.0000,0,0,0,0
476.693,1.0000,0,0,0,0
476.729,1.0000,0,0,0,0
476.759,1.0000,0,0,0,0
476.795,1.0000,0,0,0,0
476.827,1.0000,0,0,0,0
476.859,1.0000,0,0,0,0
476.897,1.0000,0,0,0,0
476.929,1.0000,0,0,0,0
476.960,1.0000,0,0,0,0
476.993,1.0000,0,0,0,0
477.027,1.0000,0,0,0,0
477.061,1.0000,0,0,0,0
477.093,1.0000,0,0,0,0
477.130,1.0000,0,0,0,0
477.163,1.0000,0,0,0,0
477.194,1.0000,0,0,0,0
477.226,1.0000,0,0,0,0
477.263,1.0000,0,0,0,0
477.293,1.0000,0,0,0,0
477.328,1.0000,0,0,0,0
477.359,1.0000,0,0,0,0
477.392,1.0000,0,0,0,0
477.425,1.0000,0,0,0,0
477.459,1.0000,0,0,0,0
477.491,1.0000,0,0,0,0
477.529,1.0000,0,0,0,0
477.562,1.0000,0,0,0,0
477.595,1.0000,0,0,0,0
477.629,1.0000,0,0,0,0
477.659,1.0000,0,0,0,0
477.695,1.0000,0,0,0,0
477.727,1.0000,0,0,0,0
477.759,1.0000,0,0,0,0
477.796,1.0000,0,0,0,0
477.828,1.0000,0,0,0,0
477.862,1.0000,0,0,0,0
477.893,1.0000,0,0,0,0
477.925,1.0000,0,0,0,0
477.961,1.0000,0,0,0,0
477.995,1.0000,0,0,0,0
478.029,1.0000,0,0,0,0
478.061,1.0000,0,0,0,0
478.095,1.0000,0,0,0,0
478.121,1.0000,0,0,0,0
478.160,1.0000,0,0,0,0
478.192,1.0000,0,0,0,0
478.226,1.0000,0,0,0,0
478.261,1.0000,0,0,0,0
478.294,1.0000,0,0,0,0
478.326,1.0000,0,0,0,0
478.360,1.0000,0,0,0,0
478.392,1.0000,0,0,0,0
478.430,1.0000,0,0,0,0
478.463,1.0000,0,0,0,0
478.494,1.0000,0,0,0,0
478.529,1.0000,0,0,0,0
478.562,1.0000,0,0,0,0
478.595,1.0000,0,0,0,0
478.628,1.0000,0,0,0,0
478.661,1.0000,0,0,0,0
478.696,1.0000,0,0,0,0
478.729,1.0000,0,0,0,0
478.763,1.0000,0,0,0,0
478.792,1.0000,0,0,0,0
478.829,1.0000,0,0,0,0
478.860,1.0000,0,0,0,0
478.894,1.0000,0,0,0,0
478.927,1.0000,0,0,0,0
478.959,1.0000,0,0,0,0
478.992,1.0000,0,0,0,0
479.026,1.0000,0,0,0,0
479.063,1.0000,0,0,0,0
479.091,1.0000,0,0,0,0
479.127,1.0000,0,0,0,0
479.163,1.0000,0,0,0,0
479.194,1.0000,0,0,0,0
479.227,1.0000,0,0,0,0
479.261,1.0000,0,0,0,0
479.295,1.0000,0,0,0,0
479.325,1.0000,0,0,0,0
479.363,1.0000,0,0,0,0
479.393,1.0000,0,0,0,0
479.427,1.0000,0,0,0,0
479.459,1.0000,0,0,0,0
479.495,1.0000,0,0,0,0
479.530,1.0000,0,0,0,0
479.552,1.0000,0,0,0,0
479.599,1.0000,0,0,0,0
479.624,1.0000,0,0,0,0
479.662,1.0000,0,0,0,0
479.694,1.0000,0,0,0,0
479.725,1.0000,0,0,0,0
479.764,1.0000,0,0,0,0
479.797,1.0000,0,0,0,0
479.827,1.0000,0,0,0,0
479.860,1.0000,0,0,0,0
479.895,1.0000,0,0,0,0
479.926,1.0000,0,0,0,0
479.963,1.0000,0,0,0,0
479.996,1.0000,0,0,0,0
480.026,1.0000,0,0,0,0
480.062,1.0000,0,0,0,0
480.096,1.0000,0,0,0,0
480.129,1.0000,0,0,0,0
480.161,1.0000,0,0,0,0
480.195,1.0000,0,0,0,0
480.229,1.0000,0,0,0,0
480.262,1.0000,0,0,0,0
480.294,1.0000,0,0,0,0
480.327,1.0000,0,0,0,0
480.360,1.0000,0,0,0,0
480.395,1.0000,0,0,0,0
480.428,1.0000,0,0,0,0
480.462,1.0000,0,0,0,0
480.492,1.0000,0,0,0,0
480.527,1.0000,0,0,0,0
480.561,1.0000,0,0,0,0
480.594,1.0000,0,0,0,0
480.629,1.0000,0,0,0,0
480.663,1.0000,0,0,0,0
480.693,1.0000,0,0,0,0
480.730,1.0000,0,0,0,0
480.754,1.0000,0,0,0,0
480.788,1.0000,0,0,0,0
480.829,1.0000,0,0,0,0
480.862,1.0000,0,0,0,0
480.896,1.0000,0,0,0,0
480.926,1.0000,0,0,0,0
480.959,1.0000,0,0,0,0
480.995,1.0000,0,0,0,0
481.029,1.0000,0,0,0,0
481.058,1.0000,0,0,0,0
481.093,1.0000,0,0,0,0
481.125,1.0000,0,0,0,0
481.163,1.0000,0,0,0,0
481.194,1.0000,0,0,0,0
481.227,1.0000,0,0,0,0
481.263,1.0000,0,0,0,0
481.295,1.0000,0,0,0,0
481.325,1.0000,0,0,0,0
481.360,1.0000,0,0,0,0
481.394,1.0000,0,0,0,0
481.429,1.0000,0,0,0,0
481.461,1.0000,0,0,0,0
481.492,1.0000,0,0,0,0
481.525,1.0000,0,0,0,0
481.559,1.0000,0,0,0,0
481.595,1.0000,0,0,0,0
481.628,1.0000,0,0,0,0
481.664,1.0000,0,0,0,0
481.692,1.0000,0,0,0,0
481.728,1.0000,0,0,0,0
481.762,1.0000,0,0,0,0
481.794,1.0000,0,0,0,0
481.828,1.0000,0,0,0,0
481.858,1.0000,0,0,0,0
481.893,1.0000,0,0,0,0
481.928,1.0000,0,0,0,0
481.959,1.0000,0,0,0,0
481.995,1.0000,0,0,0,0
482.028,1.0000,0,0,0,0
482.063,1.0000,0,0,0,0
482.095,1.0000,0,0,0,0
482.127,1.0000,0,0,0,0
482.161,1.0000,0,0,0,0
482.192,1.0000,0,0,0,0
482.229,1.0000,0,0,0,0
482.260,1.0000,0,0,0,0
482.292,1.0000,0,0,0,0
482.326,1.0000,0,0,0,0
482.360,1.0000,0,0,0,0
482.394,1.0000,0,0,0,0
482.428,1.0000,0,0,0,0
482.461,1.0000,0,0,0,0
482.497,1.0000,0,0,0,0
482.529,1.0000,0,0,0,0
482.560,1.0000,0,0,0,0
482.596,1.0000,0,0,0,0
482.628,1.0000,0,0,0,0
482.663,1.0000,0,0,0,0
482.697,1.0000,0,0,0,0
482.730,1.0000,0,0,0,0
482.759,1.0000,0,0,0,0
482.797,1.0000,0,0,0,0
482.829,1.0000,0,0,0,0
482.861,1.0000,0,0,0,0
482.895,1.0000,0,0,0,0
482.926,1.0000,0,0,0,0
482.964,1.0000,0,0,0,0
482.992,1.0000,0,0,0,0
483.027,1.0000,0,0,0,0
483.060,1.0000,0,0,0,0
483.094,1.0000,0,0,0,0
483.127,1.0000,0,0,0,0
483.162,1.0000,0,0,0,0
483.196,1.0000,0,0,0,0
483.230,1.0000,0,0,0,0
483.262,1.0000,0,0,0,0
483.293,1.0000,0,0,0,0
483.329,1.0000,0,0,0,0
483.358,1.0000,0,0,0,0
483.396,1.0000,0,0,0,0
483.425,1.0000,0,0,0,0
483.462,1.0000,0,0,0,0
483.497,1.0000,0,0,0,0
483.529,1.0000,0,0,0,0
483.561,1.0000,0,0,0,0
483.597,1.0000,0,0,0,0
483.627,1.0000,0,0,0,0
483.659,1.0000,0,0,0,0
483.695,1.0000,0,0,0,0
483.726,1.0000,0,0,0,0
483.759,1.0000,0,0,0,0
483.794,1.0000,0,0,0,0
483.827,1.0000,0,0,0,0
483.863,1.0000,0,0,0,0
483.893,1.0000,0,0,0,0
483.928,1.0000,0,0,0,0
483.955,1.0000,0,0,0,0
483.995,1.0000,0,0,0,0
484.026,1.0000,0,0,0,0
484.062,1.0000,0,0,0,0
484.094,1.0000,0,0,0,0
484.126,1.0000,0,0,0,0
484.159,1.0000,0,0,0,0
484.192,1.0000,0,0,0,0
484.229,1.0000,0,0,0,0
484.262,1.0000,0,0,0,0
484.294,1.0000,0,0,0,0
484.330,1.0000,0,0,0,0
484.359,1.0000,0,0,0,0
484.396,1.0000,0,0,0,0
484.428,1.0000,0,0,0,0
484.458,1.0000,0,0,0,0
484.496,1.0000,0,0,0,0
484.525,1.0000,0,0,0,0
484.564,1.0000,0,0,0,0
484.593,1.0000,0,0,0,0
484.627,1.0000,0,0,0,0
484.659,1.0000,0,0,0,0
484.697,1.0000,0,0,0,0
484.729,1.0000,0,0,0,0
484.763,1.0000,0,0,0,0
484.796,1.0000,0,0,0,0
484.825,1.0000,0,0,0,0
484.865,1.0000,0,0,0,0
484.894,1.0000,0,0,0,0
484.927,1.0000,0,0,0,0
484.961,1.0000,0,0,0,0
484.993,1.0000,0,0,0,0
485.031,1.0000,0,0,0,0
485.060,1.0000,0,0,0,0
485.096,1.0000,0,0,0,0
485.127,1.0000,0,0,0,0
485.161,1.0000,0,0,0,0
485.196,1.0000,0,0,0,0
485.229,1.0000,0,0,0,0
485.262,1.0000,0,0,0,0
485.296,1.0000,0,0,0,0
485.329,1.0000,0,0,0,0
485.362,1.0000,0,0,0,0
485.396,1.0000,0,0,0,0
485.429,1.0000,0,0,0,0
485.459,1.0000,0,0,0,0
485.495,1.0000,0,0,0,0
485.530,1.0000,0,0,0,0
485.559,1.0000,0,0,0,0
485.592,1.0000,0,0,0,0
485.628,1.0000,0,0,0,0
485.660,1.0000,0,0,0,0
485.696,1.0000,0,0,0,0
485.726,1.0000,0,0,0,0
485.763,1.0000,0,0,0,0
485.793,1.0000,0,0,0,0
485.830,1.0000,0,0,0,0
485.863,1.0000,0,0,0,0
485.896,1.0000,0,0,0,0
485.931,1.0000,0,0,0,0
485.959,1.0000,0,0,0,0
485.993,1.0000,0,0,0,0
486.027,1.0000,0,0,0,0
486.063,1.0000,0,0,0,0
486.097,1.0000,0,0,0,0
486.129,1.0000,0,0,0,0
486.164,1.0000,0,0,0,0
486.196,1.0000,0,0,0,0
486.228,1.0000,0,0,0,0
486.261,1.0000,0,0,0,0
486.295,1.0000,0,0,0,0
486.325,1.0000,0,0,0,0
486.359,1.0000,0,0,0,0
486.392,1.0000,0,0,0,0
486.428,1.0000,0,0,0,0
486.463,1.0000,0,0,0,0
486.484,1.0000,0,0,0,0
486.528,1.0000,0,0,0,0
486.559,1.0000,0,0,0,0
486.593,1.0000,0,0,0,0
486.626,1.0000,0,0,0,0
486.659,1.0000,0,0,0,0
486.694,1.0000,0,0,0,0
486.729,1.0000,0,0,0,0
486.764,1.0000,0,0,0,0
486.795,1.0000,0,0,0,0
486.826,1.0000,0,0,0,0
486.863,1.0000,0,0,0,0
486.896,1.0000,0,0,0,0
486.930,1.0000,0,0,0,0
486.961,1.0000,0,0,0,0
487.046,1.0000,0,0,0,0
487.090,1.0000,0,0,0,0
487.104,1.0000,0,0,0,0
487.130,1.0000,0,0,0,0
487.167,1.0000,0,0,0,0
487.198,1.0000,0,0,0,0
487.233,1.0000,0,0,0,0
487.266,1.0000,0,0,0,0
487.301,1.0000,0,0,0,0
487.333,1.0000,0,0,0,0
487.369,1.0000,0,0,0,0
487.400,1.0000,0,0,0,0
487.427,1.0000,0,0,0,0
487.469,1.0000,0,0,0,0
487.498,1.0000,0,0,0,0
487.532,1.0000,0,0,0,0
487.567,1.0000,0,0,0,0
487.599,1.0000,0,0,0,0
487.630,1.0000,0,0,0,0
487.664,1.0000,0,0,0,0
487.699,1.0000,0,0,0,0
487.731,1.0000,0,0,0,0
487.763,1.0000,0,0,0,0
487.797,1.0000,0,0,0,0
487.830,1.0000,0,0,0,0
487.873,1.0000,0,0,0,0
487.897,1.0000,0,0,0,0
487.936,1.0000,0,0,0,0
487.957,1.0000,0,0,0,0
487.999,1.0000,0,0,0,0
488.031,1.0000,0,0,0,0
488.067,1.0000,0,0,0,0
488.098,1.0000,0,0,0,0
488.132,1.0000,0,0,0,0
488.163,1.0000,0,0,0,0
488.195,1.0000,0,0,0,0
488.235,1.0000,0,0,0,0
488.257,1.0000,0,0,0,0
488.298,1.0000,0,0,0,0
488.327,1.0000,0,0,0,0
488.363,1.0000,0,0,0,0
488.397,1.0000,0,0,0,0
488.430,1.0000,0,0,0,0
488.465,1.0000,0,0,0,0
488.500,1.0000,0,0,0,0
488.531,1.0000,0,0,0,0
488.567,1.0000,0,0,0,0
488.599,1.0000,0,0,0,0
488.630,1.0000,0,0,0,0
488.668,1.0000,0,0,0,0
488.689,1.0000,0,0,0,0
488.733,1.0000,0,0,0,0
488.767,1.0000,0,0,0,0
488.796,1.0000,0,0,0,0
488.831,1.0000,0,0,0,0
488.867,1.0000,0,0,0,0
488.897,1.0000,0,0,0,0
488.931,1.0000,0,0,0,0
488.965,1.0000,0,0,0,0
489.000,1.0000,0,0,0,0
489.032,1.0000,0,0,0,0
489.065,1.0000,0,0,0,0
489.097,1.0000,0,0,0,0
489.130,1.0000,0,0,0,0
489.164,1.0000,0,0,0,0
489.199,1.0000,0,0,0,0
489.230,1.0000,0,0,0,0
489.266,1.0000,0,0,0,0
489.299,1.0000,0,0,0,0
489.335,1.0000,0,0,0,0
489.364,1.0000,0,0,0,0
489.399,1.0000,0,0,0,0
489.433,1.0000,0,0,0,0
489.464,1.0000,0,0,0,0
489.500,1.0000,0,0,0,0
489.533,1.0000,0,0,0,0
489.565,1.0000,0,0,0,0
489.597,1.0000,0,0,0,0
489.633,1.0000,0,0,0,0
489.664,1.0000,0,0,0,0
489.700,1.0000,0,0,0,0
489.734,1.0000,0,0,0,0
489.764,1.0000,0,0,0,0
489.799,1.0000,0,0,0,0
489.833,1.0000,0,0,0,0
489.867,1.0000,0,0,0,0
489.898,1.0000,0,0,0,0
489.933,1.0000,0,0,0,0
489.966,1.0000,0,0,0,0
489.998,1.0000,0,0,0,0
490.030,1.0000,0,0,0,0
490.067,1.0000,0,0,0,0
490.100,1.0000,0,0,0,0
490.134,1.0000,0,0,0,0
490.158,1.0000,0,0,0,0
490.197,1.0000,0,0,0,0
490.236,1.0000,0,0,0,0
490.264,1.0000,0,0,0,0
490.298,1.0000,0,0,0,0
490.334,1.0000,0,0,0,0
490.364,1.0000,0,0,0,0
490.397,1.0000,0,0,0,0
490.431,1.0000,0,0,0,0
490.464,1.0000,0,0,0,0
490.500,1.0000,0,0,0,0
490.531,1.0000,0,0,0,0
490.564,1.0000,0,0,0,0
490.600,1.0000,0,0,0,0
490.631,1.0000,0,0,0,0
490.664,1.0000,0,0,0,0
490.698,1.0000,0,0,0,0
490.732,1.0000,0,0,0,0
490.765,1.0000,0,0,0,0
490.797,1.0000,0,0,0,0
490.831,1.0000,0,0,0,0
490.864,1.0000,0,0,0,0
490.900,1.0000,0,0,0,0
490.931,1.0000,0,0,0,0
490.965,1.0000,0,0,0,0
490.999,1.0000,0,0,0,0
491.033,1.0000,0,0,0,0
491.067,1.0000,0,0,0,0
491.100,1.0000,0,0,0,0
491.133,1.0000,0,0,0,0
491.165,1.0000,0,0,0,0
491.198,1.0000,0,0,0,0
491.231,1.0000,0,0,0,0
491.265,1.0000,0,0,0,0
491.299,1.0000,0,0,0,0
491.331,1.0000,0,0,0,0
491.367,1.0000,0,0,0,0
491.398,1.0000,0,0,0,0
491.434,1.0000,0,0,0,0
491.464,1.0000,0,0,0,0
491.501,1.0000,0,0,0,0
491.532,1.0000,0,0,0,0
491.565,1.0000,0,0,0,0
491.599,1.0000,0,0,0,0
491.631,1.0000,0,0,0,0
491.668,1.0000,0,0,0,0
491.699,1.0000,0,0,0,0
491.730,1.0000,0,0,0,0
491.766,1.0000,0,0,0,0
491.798,1.0000,0,0,0,0
491.831,1.0000,0,0,0,0
491.867,1.0000,0,0,0,0
491.899,1.0000,0,0,0,0
491.931,1.0000,0,0,0,0
491.965,1.0000,0,0,0,0
491.999,1.0000,0,0,0,0
492.033,1.0000,0,0,0,0
492.067,1.0000,0,0,0,0
492.100,1.0000,0,0,0,0
492.134,1.0000,0,0,0,0
492.164,1.0000,0,0,0,0
492.189,1.0000,0,0,0,0
492.233,1.0000,0,0,0,0
492.264,1.0000,0,0,0,0
492.300,1.0000,0,0,0,0
492.334,1.0000,0,0,0,0
492.364,1.0000,0,0,0,0
492.400,1.0000,0,0,0,0
492.434,1.0000,0,0,0,0
492.465,1.0000,0,0,0,0
492.497,1.0000,0,0,0,0
492.533,1.0000,0,0,0,0
492.567,1.0000,0,0,0,0
492.598,1.0000,0,0,0,0
492.634,1.0000,0,0,0,0
492.664,1.0000,0,0,0,0
492.698,1.0000,0,0,0,0
492.730,1.0000,0,0,0,0
492.763,1.0000,0,0,0,0
492.797,1.0000,0,0,0,0
492.830,1.0000,0,0,0,0
492.864,1.0000,0,0,0,0
492.898,1.0000,0,0,0,0
492.931,1.0000,0,0,0,0
492.964,1.0000,0,0,0,0
492.998,1.0000,0,0,0,0
493.031,1.0000,0,0,0,0
493.065,1.0000,0,0,0,0
493.099,1.0000,0,0,0,0
493.134,1.0000,0,0,0,0
493.169,1.0000,0,0,0,0
493.200,1.0000,0,0,0,0
493.234,1.0000,0,0,0,0
493.265,1.0000,0,0,0,0
493.302,1.0000,0,0,0,0
493.334,1.0000,0,0,0,0
493.367,1.0000,0,0,0,0
493.397,1.0000,0,0,0,0
493.434,1.0000,0,0,0,0
493.465,1.0000,0,0,0,0
493.501,1.0000,0,0,0,0
493.533,1.0000,0,0,0,0
493.566,1.0000,0,0,0,0
493.597,1.0000,0,0,0,0
493.631,1.0000,0,0,0,0
493.664,1.0000,0,0,0,0
493.699,1.0000,0,0,0,0
493.731,1.0000,0,0,0,0
493.766,1.0000,0,0,0,0
493.800,1.0000,0,0,0,0
493.832,1.0000,0,0,0,0
493.864,1.0000,0,0,0,0
493.901,1.0000,0,0,0,0
493.932,1.0000,0,0,0,0
493.967,1.0000,0,0,0,0
493.997,1.0000,0,0,0,0
494.032,1.0000,0,0,0,0
494.064,1.0000,0,0,0,0
494.100,1.0000,0,0,0,0
494.130,1.0000,0,0,0,0
494.169,1.0000,0,0,0,0
494.197,1.0000,0,0,0,0
494.233,1.0000,0,0,0,0
494.264,1.0000,0,0,0,0
494.298,1.0000,0,0,0,0
494.330,1.0000,0,0,0,0
494.366,1.0000,0,0,0,0
494.398,1.0000,0,0,0,0
494.433,1.0000,0,0,0,0
494.464,1.0000,0,0,0,0
494.500,1.0000,0,0,0,0
494.531,1.0000,0,0,0,0
494.564,1.0000,0,0,0,0
494.599,1.0000,0,0,0,0
494.632,1.0000,0,0,0,0
494.665,1.0000,0,0,0,0
494.701,1.0000,0,0,0,0
494.733,1.0000,0,0,0,0
494.764,1.0000,0,0,0,0
494.800,1.0000,0,0,0,0
494.834,1.0000,0,0,0,0
494.865,1.0000,0,0,0,0
494.901,1.0000,0,0,0,0
494.931,1.0000,0,0,0,0
494.965,1.0000,0,0,0,0
495.000,1.0000,0,0,0,0
495.034,1.0000,0,0,0,0
495.065,1.0000,0,0,0,0
495.099,1.0000,0,0,0,0
495.131,1.0000,0,0,0,0
495.165,1.0000,0,0,0,0
495.201,1.0000,0,0,0,0
495.231,1.0000,0,0,0,0
495.264,1.0000,0,0,0,0
495.301,1.0000,0,0,0,0
495.331,1.0000,0,0,0,0
495.366,1.0000,0,0,0,0
495.397,1.0000,0,0,0,0
495.432,1.0000,0,0,0,0
495.467,1.0000,0,0,0,0
495.497,1.0000,0,0,0,0
495.532,1.0000,0,0,0,0
495.564,1.0000,0,0,0,0
495.599,1.0000,0,0,0,0
495.632,1.0000,0,0,0,0
495.665,1.0000,0,0,0,0
495.697,1.0000,0,0,0,0
495.735,1.0000,0,0,0,0
495.765,1.0000,0,0,0,0
495.797,1.0000,0,0,0,0
495.830,1.0000,0,0,0,0
495.864,1.0000,0,0,0,0
495.898,1.0000,0,0,0,0
495.931,1.0000,0,0,0,0
495.965,1.0000,0,0,0,0
496.001,1.0000,0,0,0,0
496.033,1.0000,0,0,0,0
496.063,1.0000,0,0,0,0
496.099,1.0000,0,0,0,0
496.131,1.0000,0,0,0,0
496.165,1.0000,0,0,0,0
496.199,1.0000,0,0,0,0
496.234,1.0000,0,0,0,0
496.266,1.0000,0,0,0,0
496.299,1.0000,0,0,0,0
496.332,1.0000,0,0,0,0
496.366,1.0000,0,0,0,0
496.399,1.0000,0,0,0,0
496.430,1.0000,0,0,0,0
496.468,1.0000,0,0,0,0
496.499,1.0000,0,0,0,0
496.532,1.0000,0,0,0,0
496.566,1.0000,0,0,0,0
496.599,1.0000,0,0,0,0
496.634,1.0000,0,0,0,0
496.664,1.0000,0,0,0,0
496.700,1.0000,0,0,0,0
496.731,1.0000,0,0,0,0
496.766,1.0000,0,0,0,0
496.797,1.0000,0,0,0,0
496.833,1.0000,0,0,0,0
496.865,1.0000,0,0,0,0
496.899,1.0000,0,0,0,0
496.934,1.0000,0,0,0,0
496.964,1.0000,0,0,0,0
496.997,1.0000,0,0,0,0
497.032,1.0000,0,0,0,0
497.066,1.0000,0,0,0,0
497.101,1.0000,0,0,0,0
497.131,1.0000,0,0,0,0
497.163,1.0000,0,0,0,0
497.199,1.0000,0,0,0,0
497.232,1.0000,0,0,0,0
497.268,1.0000,0,0,0,0
497.298,1.0000,0,0,0,0
497.332,1.0000,0,0,0,0
497.365,1.0000,0,0,0,0
497.397,1.0000,0,0,0,0
497.432,1.0000,0,0,0,0
497.467,1.0000,0,0,0,0
497.498,1.0000,0,0,0,0
497.533,1.0000,0,0,0,0
497.563,1.0000,0,0,0,0
497.597,1.0000,0,0,0,0
497.632,1.0000,0,0,0,0
497.663,1.0000,0,0,0,0
497.697,1.0000,0,0,0,0
497.730,1.0000,0,0,0,0
497.765,1.0000,0,0,0,0
497.800,1.0000,0,0,0,0
497.833,1.0000,0,0,0,0
497.864,1.0000,0,0,0,0
497.898,1.0000,0,0,0,0
497.932,1.0000,0,0,0,0
497.964,1.0000,0,0,0,0
497.998,1.0000,0,0,0,0
498.032,1.0000,0,0,0,0
498.064,1.0000,0,0,0,0
498.098,1.0000,0,0,0,0
498.131,1.0000,0,0,0,0
498.175,1.0000,0,0,0,0
498.250,1.0000,0,0,0,0
498.266,1.0000,0,0,0,0
498.308,1.0000,0,0,0,0
498.339,1.0000,0,0,0,0
498.373,1.0000,0,0,0,0
498.406,1.0000,0,0,0,0
498.441,1.0000,0,0,0,0
498.472,1.0000,0,0,0,0
498.508,1.0000,0,0,0,0
498.538,1.0000,0,0,0,0
498.572,1.0000,0,0,0,0
498.605,1.0000,0,0,0,0
498.641,1.0000,0,0,0,0
498.674,1.0000,0,0,0,0
498.710,1.0000,0,0,0,0
498.738,1.0000,0,0,0,0
498.774,1.0000,0,0,0,0
498.812,1.0000,0,0,0,0
498.840,1.0000,0,0,0,0
498.873,1.0000,0,0,0,0
498.906,1.0000,0,0,0,0
498.941,1.0000,0,0,0,0
498.971,1.0000,0,0,0,0
499.009,1.0000,0,0,0,0
499.039,1.0000,0,0,0,0
499.075,1.0000,0,0,0,0
499.107,1.0000,0,0,0,0
499.141,1.0000,0,0,0,0
499.173,1.0000,0,0,0,0
499.210,1.0000,0,0,0,0
499.238,1.0000,0,0,0,0
499.272,1.0000,0,0,0,0
499.305,1.0000,0,0,0,0
499.340,1.0000,0,0,0,0
499.376,1.0000,0,0,0,0
499.409,1.0000,0,0,0,0
499.441,1.0000,0,0,0,0
499.473,1.0000,0,0,0,0
499.507,1.0000,0,0,0,0
499.544,1.0000,0,0,0,0
499.573,1.0000,0,0,0,0
499.608,1.0000,0,0,0,0
499.642,1.0000,0,0,0,0
499.672,1.0000,0,0,0,0
499.706,1.0000,0,0,0,0
499.741,1.0000,0,0,0,0
499.772,1.0000,0,0,0,0
499.804,1.0000,0,0,0,0
499.840,1.0000,0,0,0,0
499.876,1.0000,0,0,0,0
499.906,1.0000,0,0,0,0
499.932,1.0000,0,0,0,0
499.973,1.0000,0,0,0,0
500.007,1.0000,0,0,0,0
500.040,1.0000,0,0,0,0
500.074,1.0000,0,0,0,0
500.107,1.0000,0,0,0,0
500.142,1.0000,0,0,0,0
500.176,1.0000,0,0,0,0
500.209,1.0000,0,0,0,0
500.241,1.0000,0,0,0,0
500.276,1.0000,0,0,0,0
500.309,1.0000,0,0,0,0
500.341,1.0000,0,0,0,0
500.374,1.0000,0,0,0,0
500.409,1.0000,0,0,0,0
500.441,1.0000,0,0,0,0
500.475,1.0000,0,0,0,0
500.507,1.0000,0,0,0,0
500.541,1.0000,0,0,0,0
500.573,1.0000,0,0,0,0
500.605,1.0000,0,0,0,0
500.643,1.0000,0,0,0,0
500.675,1.0000,0,0,0,0
500.707,1.0000,0,0,0,0
500.737,1.0000,0,0,0,0
500.775,1.0000,0,0,0,0
500.804,1.0000,0,0,0,0
500.840,1.0000,0,0,0,0
500.873,1.0000,0,0,0,0
500.905,1.0000,0,0,0,0
500.941,1.0000,0,0,0,0
500.971,1.0000,0,0,0,0
501.007,1.0000,0,0,0,0
501.039,1.0000,0,0,0,0
501.073,1.0000,0,0,0,0
501.106,1.0000,0,0,0,0
501.134,1.0000,0,0,0,0
501.174,1.0000,0,0,0,0
501.206,1.0000,0,0,0,0
501.241,1.0000,0,0,0,0
501.275,1.0000,0,0,0,0
501.306,1.0000,0,0,0,0
501.342,1.0000,0,0,0,0
501.375,1.0000,0,0,0,0
501.408,1.0000,0,0,0,0
501.441,1.0000,0,0,0,0
501.476,1.0000,0,0,0,0
501.507,1.0000,0,0,0,0
501.541,1.0000,0,0,0,0
501.575,1.0000,0,0,0,0
501.606,1.0000,0,0,0,0
501.640,1.0000,0,0,0,0
501.676,1.0000,0,0,0,0
501.705,1.0000,0,0,0,0
501.740,1.0000,0,0,0,0
501.777,1.0000,0,0,0,0
501.808,1.0000,0,0,0,0
501.839,1.0000,0,0,0,0
501.873,1.0000,0,0,0,0
501.910,1.0000,0,0,0,0
501.938,1.0000,0,0,0,0
501.971,1.0000,0,0,0,0
502.007,1.0000,0,0,0,0
502.043,1.0000,0,0,0,0
502.073,1.0000,0,0,0,0
502.111,1.0000,0,0,0,0
502.139,1.0000,0,0,0,0
502.177,1.0000,0,0,0,0
502.206,1.0000,0,0,0,0
502.241,1.0000,0,0,0,0
502.273,1.0000,0,0,0,0
502.311,1.0000,0,0,0,0
502.339,1.0000,0,0,0,0
502.376,1.0000,0,0,0,0
502.409,1.0000,0,0,0,0
502.439,1.0000,0,0,0,0
502.472,1.0000,0,0,0,0
502.509,1.0000,0,0,0,0
502.541,1.0000,0,0,0,0
502.576,1.0000,0,0,0,0
502.606,1.0000,0,0,0,0
502.643,1.0000,0,0,0,0
502.671,1.0000,0,0,0,0
502.708,1.0000,0,0,0,0
502.739,1.0000,0,0,0,0
502.773,1.0000,0,0,0,0
502.809,1.0000,0,0,0,0
502.839,1.0000,0,0,0,0
502.871,1.0000,0,0,0,0
502.905,1.0000,0,0,0,0
502.940,1.0000,0,0,0,0
502.973,1.0000,0,0,0,0
503.008,1.0000,0,0,0,0
503.039,1.0000,0,0,0,0
503.073,1.0000,0,0,0,0
503.104,1.0000,0,0,0,0
503.140,1.0000,0,0,0,0
503.171,1.0000,0,0,0,0
503.208,1.0000,0,0,0,0
503.241,1.0000,0,0,0,0
503.277,1.0000,0,0,0,0
503.309,1.0000,0,0,0,0
503.341,1.0000,0,0,0,0
503.373,1.0000,0,0,0,0
503.409,1.0000,0,0,0,0
503.439,1.0000,0,0,0,0
503.475,1.0000,0,0,0,0
503.505,1.0000,0,0,0,0
503.540,1.0000,0,0,0,0
503.574,1.0000,0,0,0,0
503.605,1.0000,0,0,0,0
503.642,1.0000,0,0,0,0
503.676,1.0000,0,0,0,0
503.705,1.0000,0,0,0,0
503.741,1.0000,0,0,0,0
503.775,1.0000,0,0,0,0
503.805,1.0000,0,0,0,0
503.841,1.0000,0,0,0,0
503.872,1.0000,0,0,0,0
503.906,1.0000,0,0,0,0
503.937,1.0000,0,0,0,0
503.971,1.0000,0,0,0,0
504.007,1.0000,0,0,0,0
504.043,1.0000,0,0,0,0
504.072,1.0000,0,0,0,0
504.110,1.0000,0,0,0,0
504.139,1.0000,0,0,0,0
504.172,1.0000,0,0,0,0
504.209,1.0000,0,0,0,0
504.239,1.0000,0,0,0,0
504.276,1.0000,0,0,0,0
504.304,1.0000,0,0,0,0
504.340,1.0000,0,0,0,0
504.376,1.0000,0,0,0,0
504.408,1.0000,0,0,0,0
504.439,1.0000,0,0,0,0
504.474,1.0000,0,0,0,0
504.506,1.0000,0,0,0,0
504.543,1.0000,0,0,0,0
504.571,1.0000,0,0,0,0
504.605,1.0000,0,0,0,0
504.642,1.0000,0,0,0,0
504.674,1.0000,0,0,0,0
504.709,1.0000,0,0,0,0
504.740,1.0000,0,0,0,0
504.773,1.0000,0,0,0,0
504.810,1.0000,0,0,0,0
504.842,1.0000,0,0,0,0
504.872,1.0000,0,0,0,0
504.906,1.0000,0,0,0,0
504.939,1.0000,0,0,0,0
504.977,1.0000,0,0,0,0
505.006,1.0000,0,0,0,0
505.040,1.0000,0,0,0,0
505.071,1.0000,0,0,0,0
505.105,1.0000,0,0,0,0
505.139,1.0000,0,0,0,0
505.175,1.0000,0,0,0,0
505.207,1.0000,0,0,0,0
505.243,1.0000,0,0,0,0
505.272,1.0000,0,0,0,0
505.310,1.0000,0,0,0,0
505.343,1.0000,0,0,0,0
505.373,1.0000,0,0,0,0
505.410,1.0000,0,0,0,0
505.443,1.0000,0,0,0,0
505.476,1.0000,0,0,0,0
505.510,1.0000,0,0,0,0
505.543,1.0000,0,0,0,0
505.571,1.0000,0,0,0,0
505.608,1.0000,0,0,0,0
505.642,1.0000,0,0,0,0
505.678,1.0000,0,0,0,0
505.707,1.0000,0,0,0,0
505.742,1.0000,0,0,0,0
505.775,1.0000,0,0,0,0
505.806,1.0000,0,0,0,0
505.843,1.0000,0,0,0,0
505.872,1.0000,0,0,0,0
505.906,1.0000,0,0,0,0
505.944,1.0000,0,0,0,0
505.967,1.0000,0,0,0,0
506.005,1.0000,0,0,0,0
506.039,1.0000,0,0,0,0
506.073,1.0000,0,0,0,0
506.110,1.0000,0,0,0,0
506.139,1.0000,0,0,0,0
506.174,1.0000,0,0,0,0
506.206,1.0000,0,0,0,0
506.242,1.0000,0,0,0,0
506.274,1.0000,0,0,0,0
506.309,1.0000,0,0,0,0
506.340,1.0000,0,0,0,0
506.376,1.0000,0,0,0,0
506.407,1.0000,0,0,0,0
506.443,1.0000,0,0,0,0
506.474,1.0000,0,0,0,0
506.507,1.0000,0,0,0,0
506.538,1.0000,0,0,0,0
506.576,1.0000,0,0,0,0
506.605,1.0000,0,0,0,0
506.641,1.0000,0,0,0,0
506.674,1.0000,0,0,0,0
506.707,1.0000,0,0,0,0
506.744,1.0000,0,0,0,0
506.773,1.0000,0,0,0,0
506.805,1.0000,0,0,0,0
506.842,1.0000,0,0,0,0
506.873,1.0000,0,0,0,0
506.907,1.0000,0,0,0,0
506.944,1.0000,0,0,0,0
506.975,1.0000,0,0,0,0
507.005,1.0000,0,0,0,0
507.042,1.0000,0,0,0,0
507.076,1.0000,0,0,0,0
507.110,1.0000,0,0,0,0
507.139,1.0000,0,0,0,0
507.173,1.0000,0,0,0,0
507.206,1.0000,0,0,0,0
507.243,1.0000,0,0,0,0
507.272,1.0000,0,0,0,0
507.310,1.0000,0,0,0,0
507.338,1.0000,0,0,0,0
507.372,1.0000,0,0,0,0
507.409,1.0000,0,0,0,0
507.442,1.0000,0,0,0,0
507.472,1.0000,0,0,0,0
507.506,1.0000,0,0,0,0
507.544,1.0000,0,0,0,0
507.574,1.0000,0,0,0,0
507.610,1.0000,0,0,0,0
507.639,1.0000,0,0,0,0
507.671,1.0000,0,0,0,0
507.705,1.0000,0,0,0,0
507.738,1.0000,0,0,0,0
507.776,1.0000,0,0,0,0
507.809,1.0000,0,0,0,0
507.839,1.0000,0,0,0,0
507.872,1.0000,0,0,0,0
507.909,1.0000,0,0,0,0
507.941,1.0000,0,0,0,0
507.976,1.0000,0,0,0,0
508.007,1.0000,0,0,0,0
508.041,1.0000,0,0,0,0
508.073,1.0000,0,0,0,0
508.106,1.0000,0,0,0,0
508.138,1.0000,0,0,0,0
508.172,1.0000,0,0,0,0
508.204,1.0000,0,0,0,0
508.241,1.0000,0,0,0,0
508.273,1.0000,0,0,0,0
508.306,1.0000,0,0,0,0
508.343,1.0000,0,0,0,0
508.371,1.0000,0,0,0,0
508.405,1.0000,0,0,0,0
508.442,1.0000,0,0,0,0
508.474,1.0000,0,0,0,0
508.507,1.0000,0,0,0,0
508.543,1.0000,0,0,0,0
508.571,1.0000,0,0,0,0
508.610,1.0000,0,0,0,0
508.641,1.0000,0,0,0,0
508.675,1.0000,0,0,0,0
508.706,1.0000,0,0,0,0
508.742,1.0000,0,0,0,0
508.774,1.0000,0,0,0,0
508.808,1.0000,0,0,0,0
508.839,1.0000,0,0,0,0
508.873,1.0000,0,0,0,0
508.909,1.0000,0,0,0,0
508.942,1.0000,0,0,0,0
508.973,1.0000,0,0,0,0
509.007,1.0000,0,0,0,0
509.042,1.0000,0,0,0,0
509.073,1.0000,0,0,0,0
509.106,1.0000,0,0,0,0
509.140,1.0000,0,0,0,0
509.172,1.0000,0,0,0,0
509.209,1.0000,0,0,0,0
509.242,1.0000,0,0,0,0
509.271,1.0000,0,0,0,0
509.305,1.0000,0,0,0,0
509.342,1.0000,0,0,0,0
509.375,1.0000,0,0,0,0
509.409,1.0000,0,0,0,0
509.440,1.0000,0,0,0,0
509.473,1.0000,0,0,0,0
509.510,1.0000,0,0,0,0
509.539,1.0000,0,0,0,0
509.574,1.0000,0,0,0,0
509.608,1.0000,0,0,0,0
509.639,1.0000,0,0,0,0
509.679,1.0000,0,0,0,0
509.708,1.0000,0,0,0,0
509.739,1.0000,0,0,0,0
509.778,1.0000,0,0,0,0
509.806,1.0000,0,0,0,0
509.841,1.0000,0,0,0,0
509.872,1.0000,0,0,0,0
509.906,1.0000,0,0,0,0
509.939,1.0000,0,0,0,0
509.972,1.0000,0,0,0,0
510.009,1.0000,0,0,0,0
510.038,1.0000,0,0,0,0
510.077,1.0000,0,0,0,0
510.105,1.0000,0,0,0,0
510.141,1.0000,0,0,0,0
510.173,1.0000,0,0,0,0
510.209,1.0000,0,0,0,0
510.242,1.0000,0,0,0,0
510.271,1.0000,0,0,0,0
510.305,1.0000,0,0,0,0
510.341,1.0000,0,0,0,0
510.372,1.0000,0,0,0,0
510.407,1.0000,0,0,0,0
510.439,1.0000,0,0,0,0
510.477,1.0000,0,0,0,0
510.507,1.0000,0,0,0,0
510.542,1.0000,0,0,0,0
510.574,1.0000,0,0,0,0
510.605,1.0000,0,0,0,0
510.639,1.0000,0,0,0,0
510.674,1.0000,0,0,0,0
510.708,1.0000,0,0,0,0
510.740,1.0000,0,0,0,0
510.771,1.0000,0,0,0,0
510.811,1.0000,0,0,0,0
510.840,1.0000,0,0,0,0
510.873,1.0000,0,0,0,0
510.910,1.0000,0,0,0,0
510.943,1.0000,0,0,0,0
510.974,1.0000,0,0,0,0
511.008,1.0000,0,0,0,0
511.040,1.0000,0,0,0,0
511.073,1.0000,0,0,0,0
511.110,1.0000,0,0,0,0
511.139,1.0000,0,0,0,0
511.234,1.0000,0,0,0,0
511.264,1.0000,0,0,0,0
511.286,1.0000,0,0,0,0
511.317,1.0000,0,0,0,0
511.352,1.0000,0,0,0,0
511.386,1.0000,0,0,0,0
511.419,1.0000,0,0,0,0
511.450,1.0000,0,0,0,0
511.484,1.0000,0,0,0,0
511.515,1.0000,0,0,0,0
511.548,1.0000,0,0,0,0
511.584,1.0000,0,0,0,0
511.617,1.0000,0,0,0,0
511.648,1.0000,0,0,0,0
511.686,1.0000,0,0,0,0
511.715,1.0000,0,0,0,0
511.752,1.0000,0,0,0,0
511.786,1.0000,0,0,0,0
511.815,1.0000,0,0,0,0
511.849,1.0000,0,0,0,0
511.883,1.0000,0,0,0,0
511.916,1.0000,0,0,0,0
511.952,1.0000,0,0,0,0
511.983,1.0000,0,0,0,0
512.016,1.0000,0,0,0,0
512.049,1.0000,0,0,0,0
512.084,1.0000,0,0,0,0
512.117,1.0000,0,0,0,0
512.152,1.0000,0,0,0,0
512.185,1.0000,0,0,0,0
512.216,1.0000,0,0,0,0
512.250,1.0000,0,0,0,0
512.286,1.0000,0,0,0,0
512.318,1.0000,0,0,0,0
512.352,1.0000,0,0,0,0
512.383,1.0000,0,0,0,0
512.418,1.0000,0,0,0,0
512.453,1.0000,0,0,0,0
512.487,1.0000,0,0,0,0
512.522,1.0000,0,0,0,0
512.551,1.0000,0,0,0,0
512.586,1.0000,0,0,0,0
512.617,1.0000,0,0,0,0
512.650,1.0000,0,0,0,0
512.684,1.0000,0,0,0,0
512.716,1.0000,0,0,0,0
512.750,1.0000,0,0,0,0
512.786,1.0000,0,0,0,0
512.817,1.0000,0,0,0,0
512.853,1.0000,0,0,0,0
512.885,1.0000,0,0,0,0
512.916,1.0000,0,0,0,0
512.952,1.0000,0,0,0,0
512.983,1.0000,0,0,0,0
513.017,1.0000,0,0,0,0
513.049,1.0000,0,0,0,0
513.082,1.0000,0,0,0,0
513.116,1.0000,0,0,0,0
513.151,1.0000,0,0,0,0
513.186,1.0000,0,0,0,0
513.216,1.0000,0,0,0,0
513.250,1.0000,0,0,0,0
513.286,1.0000,0,0,0,0
513.317,1.0000,0,0,0,0
513.350,1.0000,0,0,0,0
513.386,1.0000,0,0,0,0
513.417,1.0000,0,0,0,0
513.452,1.0000,0,0,0,0
513.484,1.0000,0,0,0,0
513.519,1.0000,0,0,0,0
513.552,1.0000,0,0,0,0
513.583,1.0000,0,0,0,0
513.620,1.0000,0,0,0,0
513.649,1.0000,0,0,0,0
513.683,1.0000,0,0,0,0
513.720,1.0000,0,0,0,0
513.750,1.0000,0,0,0,0
513.785,1.0000,0,0,0,0
513.816,1.0000,0,0,0,0
513.850,1.0000,0,0,0,0
513.886,1.0000,0,0,0,0
513.917,1.0000,0,0,0,0
513.951,1.0000,0,0,0,0
513.986,1.0000,0,0,0,0
514.017,1.0000,0,0,0,0
514.050,1.0000,0,0,0,0
514.086,1.0000,0,0,0,0
514.116,1.0000,0,0,0,0
514.150,1.0000,0,0,0,0
514.183,1.0000,0,0,0,0
514.219,1.0000,0,0,0,0
514.253,1.0000,0,0,0,0
514.282,1.0000,0,0,0,0
514.320,1.0000,0,0,0,0
514.350,1.0000,0,0,0,0
514.387,1.0000,0,0,0,0
514.419,1.0000,0,0,0,0
514.452,1.0000,0,0,0,0
514.484,1.0000,0,0,0,0
514.519,1.0000,0,0,0,0
514.553,1.0000,0,0,0,0
514.583,1.0000,0,0,0,0
514.619,1.0000,0,0,0,0
514.653,1.0000,0,0,0,0
514.682,1.0000,0,0,0,0
514.717,1.0000,0,0,0,0
514.750,1.0000,0,0,0,0
514.788,1.0000,0,0,0,0
514.817,1.0000,0,0,0,0
514.853,1.0000,0,0,0,0
514.885,1.0000,0,0,0,0
514.919,1.0000,0,0,0,0
514.949,1.0000,0,0,0,0
514.985,1.0000,0,0,0,0
515.016,1.0000,0,0,0,0
515.051,1.0000,0,0,0,0
515.082,1.0000,0,0,0,0
515.119,1.0000,0,0,0,0
515.153,1.0000,0,0,0,0
515.186,1.0000,0,0,0,0
515.217,1.0000,0,0,0,0
515.252,1.0000,0,0,0,0
515.283,1.0000,0,0,0,0
515.317,1.0000,0,0,0,0
515.352,1.0000,0,0,0,0
515.386,1.0000,0,0,0,0
515.416,1.0000,0,0,0,0
515.450,1.0000,0,0,0,0
515.486,1.0000,0,0,0,0
515.517,1.0000,0,0,0,0
515.551,1.0000,0,0,0,0
515.582,1.0000,0,0,0,0
515.615,1.0000,0,0,0,0
515.652,1.0000,0,0,0,0
515.686,1.0000,0,0,0,0
515.716,1.0000,0,0,0,0
515.750,1.0000,0,0,0,0
515.783,1.0000,0,0,0,0
515.816,1.0000,0,0,0,0
515.852,1.0000,0,0,0,0
515.882,1.0000,0,0,0,0
515.916,1.0000,0,0,0,0
515.950,1.0000,0,0,0,0
515.987,1.0000,0,0,0,0
516.017,1.0000,0,0,0,0
516.050,1.0000,0,0,0,0
516.086,1.0000,0,0,0,0
516.118,1.0000,0,0,0,0
516.151,1.0000,0,0,0,0
516.184,1.0000,0,0,0,0
516.220,1.0000,0,0,0,0
516.250,1.0000,0,0,0,0
516.286,1.0000,0,0,0,0
516.317,1.0000,0,0,0,0
516.352,1.0000,0,0,0,0
516.383,1.0000,0,0,0,0
516.419,1.0000,0,0,0,0
516.449,1.0000,0,0,0,0
516.484,1.0000,0,0,0,0
516.520,1.0000,0,0,0,0
516.549,1.0000,0,0,0,0
516.585,1.0000,0,0,0,0
516.616,1.0000,0,0,0,0
516.651,1.0000,0,0,0,0
516.685,1.0000,0,0,0,0
516.716,1.0000,0,0,0,0
516.751,1.0000,0,0,0,0
516.784,1.0000,0,0,0,0
516.820,1.0000,0,0,0,0
516.850,1.0000,0,0,0,0
516.886,1.0000,0,0,0,0
516.916,1.0000,0,0,0,0
516.950,1.0000,0,0,0,0
516.986,1.0000,0,0,0,0
517.017,1.0000,0,0,0,0
517.049,1.0000,0,0,0,0
517.084,1.0000,0,0,0,0
517.119,1.0000,0,0,0,0
517.149,1.0000,0,0,0,0
517.184,1.0000,0,0,0,0
517.219,1.0000,0,0,0,0
517.253,1.0000,0,0,0,0
517.284,1.0000,0,0,0,0
517.319,1.0000,0,0,0,0
517.353,1.0000,0,0,0,0
517.384,1.0000,0,0,0,0
517.419,1.0000,0,0,0,0
517.453,1.0000,0,0,0,0
517.482,1.0000,0,0,0,0
517.520,1.0000,0,0,0,0
517.553,1.0000,0,0,0,0
517.585,1.0000,0,0,0,0
517.617,1.0000,0,0,0,0
517.655,1.0000,0,0,0,0
517.681,1.0000,0,0,0,0
517.716,1.0000,0,0,0,0
517.752,1.0000,0,0,0,0
517.783,1.0000,0,0,0,0
517.817,1.0000,0,0,0,0
517.855,1.0000,0,0,0,0
517.884,1.0000,0,0,0,0
517.918,1.0000,0,0,0,0
517.954,1.0000,0,0,0,0
517.984,1.0000,0,0,0,0
518.016,1.0000,0,0,0,0
518.052,1.0000,0,0,0,0
518.084,1.0000,0,0,0,0
518.117,1.0000,0,0,0,0
518.150,1.0000,0,0,0,0
518.184,1.0000,0,0,0,0
518.218,1.0000,0,0,0,0
518.252,1.0000,0,0,0,0
518.283,1.0000,0,0,0,0
518.316,1.0000,0,0,0,0
518.349,1.0000,0,0,0,0
518.382,1.0000,0,0,0,0
518.416,1.0000,0,0,0,0
518.453,1.0000,0,0,0,0
518.486,1.0000,0,0,0,0
518.518,1.0000,0,0,0,0
518.552,1.0000,0,0,0,0
518.584,1.0000,0,0,0,0
518.619,1.0000,0,0,0,0
518.649,1.0000,0,0,0,0
518.686,1.0000,0,0,0,0
518.718,1.0000,0,0,0,0
518.751,1.0000,0,0,0,0
518.782,1.0000,0,0,0,0
518.819,1.0000,0,0,0,0
518.853,1.0000,0,0,0,0
518.886,1.0000,0,0,0,0
518.917,1.0000,0,0,0,0
518.951,1.0000,0,0,0,0
518.982,1.0000,0,0,0,0
519.018,1.0000,0,0,0,0
519.052,1.0000,0,0,0,0
519.087,1.0000,0,0,0,0
519.116,1.0000,0,0,0,0
519.151,1.0000,0,0,0,0
519.187,1.0000,0,0,0,0
519.219,1.0000,0,0,0,0
519.253,1.0000,0,0,0,0
519.285,1.0000,0,0,0,0
519.316,1.0000,0,0,0,0
519.352,1.0000,0,0,0,0
519.384,1.0000,0,0,0,0
519.418,1.0000,0,0,0,0
519.452,1.0000,0,0,0,0
519.483,1.0000,0,0,0,0
519.519,1.0000,0,0,0,0
519.549,1.0000,0,0,0,0
519.586,1.0000,0,0,0,0
519.616,1.0000,0,0,0,0
519.651,1.0000,0,0,0,0
519.684,1.0000,0,0,0,0
519.719,1.0000,0,0,0,0
519.750,1.0000,0,0,0,0
519.785,1.0000,0,0,0,0
519.818,1.0000,0,0,0,0
519.853,1.0000,0,0,0,0
519.884,1.0000,0,0,0,0
519.919,1.0000,0,0,0,0
519.952,1.0000,0,0,0,0
519.986,1.0000,0,0,0,0
520.018,1.0000,0,0,0,0
520.053,1.0000,0,0,0,0
520.084,1.0000,0,0,0,0
520.119,1.0000,0,0,0,0
520.151,1.0000,0,0,0,0
520.184,1.0000,0,0,0,0
520.216,1.0000,0,0,0,0
520.252,1.0000,0,0,0,0
520.284,1.0000,0,0,0,0
520.320,1.0000,0,0,0,0
520.350,1.0000,0,0,0,0
520.384,1.0000,0,0,0,0
520.416,1.0000,0,0,0,0
520.453,1.0000,0,0,0,0
520.486,1.0000,0,0,0,0
520.517,1.0000,0,0,0,0
520.550,1.0000,0,0,0,0
520.583,1.0000,0,0,0,0
520.619,1.0000,0,0,0,0
520.649,1.0000,0,0,0,0
520.687,1.0000,0,0,0,0
520.716,1.0000,0,0,0,0
520.752,1.0000,0,0,0,0
520.786,1.0000,0,0,0,0
520.816,1.0000,0,0,0,0
520.851,1.0000,0,0,0,0
520.885,1.0000,0,0,0,0
520.918,1.0000,0,0,0,0
520.952,1.0000,0,0,0,0
520.984,1.0000,0,0,0,0
521.020,1.0000,0,0,0,0
521.050,1.0000,0,0,0,0
521.083,1.0000,0,0,0,0
521.116,1.0000,0,0,0,0
521.152,1.0000,0,0,0,0
521.182,1.0000,0,0,0,0
521.216,1.0000,0,0,0,0
521.251,1.0000,0,0,0,0
521.283,1.0000,0,0,0,0
521.318,1.0000,0,0,0,0
521.350,1.0000,0,0,0,0
521.387,1.0000,0,0,0,0
521.418,1.0000,0,0,0,0
521.452,1.0000,0,0,0,0
521.483,1.0000,0,0,0,0
521.518,1.0000,0,0,0,0
521.553,1.0000,0,0,0,0
521.584,1.0000,0,0,0,0
521.616,1.0000,0,0,0,0
521.652,1.0000,0,0,0,0
521.684,1.0000,0,0,0,0
521.720,1.0000,0,0,0,0
521.750,1.0000,0,0,0,0
521.784,1.0000,0,0,0,0
521.820,1.0000,0,0,0,0
521.849,1.0000,0,0,0,0
521.885,1.0000,0,0,0,0
521.920,1.0000,0,0,0,0
521.951,1.0000,0,0,0,0
521.986,1.0000,0,0,0,0
522.016,1.0000,0,0,0,0
522.050,1.0000,0,0,0,0
522.084,1.0000,0,0,0,0
522.120,1.0000,0,0,0,0
522.150,1.0000,0,0,0,0
522.186,1.0000,0,0,0,0
522.217,1.0000,0,0,0,0
522.250,1.0000,0,0,0,0
522.283,1.0000,0,0,0,0
522.319,1.0000,0,0,0,0
522.353,1.0000,0,0,0,0
522.385,1.0000,0,0,0,0
522.420,1.0000,0,0,0,0
522.450,1.0000,0,0,0,0
522.486,1.0000,0,0,0,0
522.517,1.0000,0,0,0,0
522.553,1.0000,0,0,0,0
522.583,1.0000,0,0,0,0
522.616,1.0000,0,0,0,0
522.650,1.0000,0,0,0,0
522.684,1.0000,0,0,0,0
522.718,1.0000,0,0,0,0
522.753,1.0000,0,0,0,0
522.785,1.0000,0,0,0,0
522.819,1.0000,0,0,0,0
522.852,1.0000,0,0,0,0
522.886,1.0000,0,0,0,0
522.917,1.0000,0,0,0,0
522.950,1.0000,0,0,0,0
522.985,1.0000,0,0,0,0
523.018,1.0000,0,0,0,0
523.052,1.0000,0,0,0,0
523.082,1.0000,0,0,0,0
523.119,1.0000,0,0,0,0
523.153,1.0000,0,0,0,0
523.186,1.0000,0,0,0,0
523.218,1.0000,0,0,0,0
523.252,1.0000,0,0,0,0
523.284,1.0000,0,0,0,0
523.319,1.0000,0,0,0,0
523.353,1.0000,0,0,0,0
523.384,1.0000,0,0,0,0
523.419,1.0000,0,0,0,0
523.451,1.0000,0,0,0,0
523.486,1.0000,0,0,0,0
523.518,1.0000,0,0,0,0
523.554,1.0000,0,0,0,0
523.585,1.0000,0,0,0,0
523.617,1.0000,0,0,0,0
523.650,1.0000,0,0,0,0
523.683,1.0000,0,0,0,0
523.718,1.0000,0,0,0,0
523.752,1.0000,0,0,0,0
523.783,1.0000,0,0,0,0
523.819,1.0000,0,0,0,0
523.853,1.0000,0,0,0,0
523.885,1.0000,0,0,0,0
523.920,1.0000,0,0,0,0
523.950,1.0000,0,0,0,0
523.986,1.0000,0,0,0,0
524.017,1.0000,0,0,0,0
524.053,1.0000,0,0,0,0
524.085,1.0000,0,0,0,0
524.117,1.0000,0,0,0,0
524.153,1.0000,0,0,0,0
524.184,1.0000,0,0,0,0
524.216,1.0000,0,0,0,0
524.252,1.0000,0,0,0,0
524.304,1.0000,0,0,0,0
524.373,1.0000,0,0,0,0
524.388,1.0000,0,0,0,0
524.423,1.0000,0,0,0,0
524.458,1.0000,0,0,0,0
524.489,1.0000,0,0,0,0
524.522,1.0000,0,0,0,0
524.558,1.0000,0,0,0,0
524.587,1.0000,0,0,0,0
524.623,1.0000,0,0,0,0
524.659,1.0000,0,0,0,0
524.689,1.0000,0,0,0,0
524.721,1.0000,0,0,0,0
524.762,1.0000,0,0,0,0
524.787,1.0000,0,0,0,0
524.820,1.0000,0,0,0,0
524.857,1.0000,0,0,0,0
524.890,1.0000,0,0,0,0
524.923,1.0000,0,0,0,0
524.958,1.0000,0,0,0,0
524.992,1.0000,0,0,0,0
525.022,1.0000,0,0,0,0
525.055,1.0000,0,0,0,0
525.090,1.0000,0,0,0,0
525.122,1.0000,0,0,0,0
525.165,1.0000,0,0,0,0
525.184,1.0000,0,0,0,0
525.224,1.0000,0,0,0,0
525.259,1.0000,0,0,0,0
525.289,1.0000,0,0,0,0
525.319,1.0000,0,0,0,0
525.357,1.0000,0,0,0,0
525.393,1.0000,0,0,0,0
525.425,1.0000,0,0,0,0
525.456,1.0000,0,0,0,0
525.488,1.0000,0,0,0,0
525.525,1.0000,0,0,0,0
525.554,1.0000,0,0,0,0
525.588,1.0000,0,0,0,0
525.623,1.0000,0,0,0,0
525.654,1.0000,0,0,0,0
525.693,1.0000,0,0,0,0
525.722,1.0000,0,0,0,0
525.755,1.0000,0,0,0,0
525.789,1.0000,0,0,0,0
525.826,1.0000,0,0,0,0
525.846,1.0000,0,0,0,0
525.888,1.0000,0,0,0,0
525.925,1.0000,0,0,0,0
525.958,1.0000,0,0,0,0
525.987,1.0000,0,0,0,0
526.026,1.0000,0,0,0,0
526.055,1.0000,0,0,0,0
526.089,1.0000,0,0,0,0
526.124,1.0000,0,0,0,0
526.155,1.0000,0,0,0,0
526.189,1.0000,0,0,0,0
526.225,1.0000,0,0,0,0
526.256,1.0000,0,0,0,0
526.289,1.0000,0,0,0,0
526.322,1.0000,0,0,0,0
526.356,1.0000,0,0,0,0
526.392,1.0000,0,0,0,0
526.423,1.0000,0,0,0,0
526.463,1.0000,0,0,0,0
526.482,1.0000,0,0,0,0
526.522,1.0000,0,0,0,0
526.546,1.0000,0,0,0,0
526.587,1.0000,0,0,0,0
526.622,1.0000,0,0,0,0
526.656,1.0000,0,0,0,0
526.688,1.0000,0,0,0,0
526.721,1.0000,0,0,0,0
526.755,1.0000,0,0,0,0
526.792,1.0000,0,0,0,0
526.820,1.0000,0,0,0,0
526.858,1.0000,0,0,0,0
526.889,1.0000,0,0,0,0
526.925,1.0000,0,0,0,0
526.954,1.0000,0,0,0,0
526.988,1.0000,0,0,0,0
527.022,1.0000,0,0,0,0
527.056,1.0000,0,0,0,0
527.088,1.0000,0,0,0,0
527.131,1.0000,0,0,0,0
527.152,1.0000,0,0,0,0
527.190,1.0000,0,0,0,0
527.224,1.0000,0,0,0,0
527.256,1.0000,0,0,0,0
527.290,1.0000,0,0,0,0
527.325,1.0000,0,0,0,0
527.356,1.0000,0,0,0,0
527.390,1.0000,0,0,0,0
527.423,1.0000,0,0,0,0
527.451,1.0000,0,0,0,0
527.487,1.0000,0,0,0,0
527.521,1.0000,0,0,0,0
527.559,1.0000,0,0,0,0
527.589,1.0000,0,0,0,0
527.623,1.0000,0,0,0,0
527.653,1.0000,0,0,0,0
527.689,1.0000,0,0,0,0
527.724,1.0000,0,0,0,0
527.757,1.0000,0,0,0,0
527.787,1.0000,0,0,0,0
527.822,1.0000,0,0,0,0
527.856,1.0000,0,0,0,0
527.888,1.0000,0,0,0,0
527.924,1.0000,0,0,0,0
527.958,1.0000,0,0,0,0
527.988,1.0000,0,0,0,0
528.021,1.0000,0,0,0,0
528.056,1.0000,0,0,0,0
528.090,1.0000,0,0,0,0
528.123,1.0000,0,0,0,0
528.158,1.0000,0,0,0,0
528.192,1.0000,0,0,0,0
528.222,1.0000,0,0,0,0
528.258,1.0000,0,0,0,0
528.291,1.0000,0,0,0,0
528.321,1.0000,0,0,0,0
528.356,1.0000,0,0,0,0
528.391,1.0000,0,0,0,0
528.425,1.0000,0,0,0,0
528.457,1.0000,0,0,0,0
528.490,1.0000,0,0,0,0
528.521,1.0000,0,0,0,0
528.555,1.0000,0,0,0,0
528.588,1.0000,0,0,0,0
528.621,1.0000,0,0,0,0
528.655,1.0000,0,0,0,0
528.691,1.0000,0,0,0,0
528.723,1.0000,0,0,0,0
528.759,1.0000,0,0,0,0
528.788,1.0000,0,0,0,0
528.826,1.0000,0,0,0,0
528.855,1.0000,0,0,0,0
528.887,1.0000,0,0,0,0
528.921,1.0000,0,0,0,0
528.956,1.0000,0,0,0,0
528.993,1.0000,0,0,0,0
529.023,1.0000,0,0,0,0
529.054,1.0000,0,0,0,0
529.090,1.0000,0,0,0,0
529.121,1.0000,0,0,0,0
529.155,1.0000,0,0,0,0
529.190,1.0000,0,0,0,0
529.221,1.0000,0,0,0,0
529.254,1.0000,0,0,0,0
529.288,1.0000,0,0,0,0
529.324,1.0000,0,0,0,0
529.355,1.0000,0,0,0,0
529.389,1.0000,0,0,0,0
529.422,1.0000,0,0,0,0
529.457,1.0000,0,0,0,0
529.490,1.0000,0,0,0,0
529.524,1.0000,0,0,0,0
529.555,1.0000,0,0,0,0
529.591,1.0000,0,0,0,0
529.621,1.0000,0,0,0,0
529.655,1.0000,0,0,0,0
529.687,1.0000,0,0,0,0
529.721,1.0000,0,0,0,0
529.757,1.0000,0,0,0,0
529.791,1.0000,0,0,0,0
529.816,1.0000,0,0,0,0
529.854,1.0000,0,0,0,0
529.888,1.0000,0,0,0,0
529.911,1.0000,0,0,0,0
529.958,1.0000,0,0,0,0
529.990,1.0000,0,0,0,0
530.022,1.0000,0,0,0,0
530.055,1.0000,0,0,0,0
530.091,1.0000,0,0,0,0
530.124,1.0000,0,0,0,0
530.156,1.0000,0,0,0,0
530.190,1.0000,0,0,0,0
530.221,1.0000,0,0,0,0
530.253,1.0000,0,0,0,0
530.289,1.0000,0,0,0,0
530.313,1.0000,0,0,0,0
530.357,1.0000,0,0,0,0
530.392,1.0000,0,0,0,0
530.424,1.0000,0,0,0,0
530.458,1.0000,0,0,0,0
530.492,1.0000,0,0,0,0
530.525,1.0000,0,0,0,0
530.557,1.0000,0,0,0,0
530.592,1.0000,0,0,0,0
530.625,1.0000,0,0,0,0
530.657,1.0000,0,0,0,0
530.691,1.0000,0,0,0,0
530.721,1.0000,0,0,0,0
530.759,1.0000,0,0,0,0
530.791,1.0000,0,0,0,0
530.827,1.0000,0,0,0,0
530.859,1.0000,0,0,0,0
530.888,1.0000,0,0,0,0
530.924,1.0000,0,0,0,0
530.957,1.0000,0,0,0,0
530.992,1.0000,0,0,0,0
531.022,1.0000,0,0,0,0
531.059,1.0000,0,0,0,0
531.089,1.0000,0,0,0,0
531.123,1.0000,0,0,0,0
531.154,1.0000,0,0,0,0
531.189,1.0000,0,0,0,0
531.221,1.0000,0,0,0,0
531.256,1.0000,0,0,0,0
531.286,1.0000,0,0,0,0
531.325,1.0000,0,0,0,0
531.367,1.0000,0,0,0,0
531.431,1.0000,0,0,0,0
531.487,1.0000,0,0,0,0
531.519,1.0000,0,0,0,0
531.551,1.0000,0,0,0,0
531.584,1.0000,0,0,0,0
531.618,1.0000,0,0,0,0
531.650,1.0000,0,0,0,0
531.673,1.0000,0,0,0,0
531.840,1.0000,0,0,0,0
531.886,1.0000,0,0,0,0
531.931,1.0000,0,0,0,0
531.964,1.0000,0,0,0,0
531.997,1.0000,0,0,0,0
532.031,1.0000,0,0,0,0
532.064,1.0000,0,0,0,0
532.096,1.0000,0,0,0,0
532.129,1.0000,0,0,0,0
532.167,1.0000,0,0,0,0
532.199,1.0000,0,0,0,0
532.231,1.0000,0,0,0,0
532.264,1.0000,0,0,0,0
532.293,1.0000,0,0,0,0
532.323,1.0000,0,0,0,0
532.353,1.0000,0,0,0,0
532.396,1.0000,0,0,0,0
532.424,1.0000,0,0,0,0
532.458,1.0000,0,0,0,0
532.499,1.0000,0,0,0,0
532.529,1.0000,0,0,0,0
532.565,1.0000,0,0,0,0
532.590,1.0000,0,0,0,0
532.636,1.0000,0,0,0,0
532.663,1.0000,0,0,0,0
532.691,1.0000,0,0,0,0
532.737,1.0000,0,0,0,0
532.770,1.0000,0,0,0,0
532.800,1.0000,0,0,0,0
532.833,1.0000,0,0,0,0
532.867,1.0000,0,0,0,0
532.898,1.0000,0,0,0,0
532.929,1.0000,0,0,0,0
532.953,1.0000,0,0,0,0
532.996,1.0000,0,0,0,0
533.034,1.0000,0,0,0,0
533.064,1.0000,0,0,0,0
533.100,1.0000,0,0,0,0
533.129,1.0000,0,0,0,0
533.166,1.0000,0,0,0,0
533.190,1.0000,0,0,0,0
533.229,1.0000,0,0,0,0
533.263,1.0000,0,0,0,0
533.299,1.0000,0,0,0,0
533.329,1.0000,0,0,0,0
533.363,1.0000,0,0,0,0
533.399,1.0000,0,0,0,0
533.432,1.0000,0,0,0,0
533.463,1.0000,0,0,0,0
533.496,1.0000,0,0,0,0
533.532,1.0000,0,0,0,0
533.566,1.0000,0,0,0,0
533.597,1.0000,0,0,0,0
533.630,1.0000,0,0,0,0
533.664,1.0000,0,0,0,0
533.697,1.0000,0,0,0,0
533.731,1.0000,0,0,0,0
533.765,1.0000,0,0,0,0
533.799,1.0000,0,0,0,0
533.831,1.0000,0,0,0,0
533.864,1.0000,0,0,0,0
533.898,1.0000,0,0,0,0
533.930,1.0000,0,0,0,0
533.966,1.0000,0,0,0,0
533.998,1.0000,0,0,0,0
534.032,1.0000,0,0,0,0
534.066,1.0000,0,0,0,0
534.100,1.0000,0,0,0,0
534.129,1.0000,0,0,0,0
534.165,1.0000,0,0,0,0
534.197,1.0000,0,0,0,0
534.232,1.0000,0,0,0,0
534.262,1.0000,0,0,0,0
534.298,1.0000,0,0,0,0
534.330,1.0000,0,0,0,0
534.366,1.0000,0,0,0,0
534.396,1.0000,0,0,0,0
534.432,1.0000,0,0,0,0
534.464,1.0000,0,0,0,0
534.500,1.0000,0,0,0,0
534.528,1.0000,0,0,0,0
534.565,1.0000,0,0,0,0
534.599,1.0000,0,0,0,0
534.630,1.0000,0,0,0,0
534.666,1.0000,0,0,0,0
534.698,1.0000,0,0,0,0
534.732,1.0000,0,0,0,0
534.765,1.0000,0,0,0,0
534.798,1.0000,0,0,0,0
534.830,1.0000,0,0,0,0
534.862,1.0000,0,0,0,0
534.899,1.0000,0,0,0,0
534.930,1.0000,0,0,0,0
534.962,1.0000,0,0,0,0
534.999,1.0000,0,0,0,0
535.031,1.0000,0,0,0,0
535.066,1.0000,0,0,0,0
535.098,1.0000,0,0,0,0
535.133,1.0000,0,0,0,0
535.164,1.0000,0,0,0,0
535.196,1.0000,0,0,0,0
535.230,1.0000,0,0,0,0
535.264,1.0000,0,0,0,0
535.298,1.0000,0,0,0,0
535.329,1.0000,0,0,0,0
535.364,1.0000,0,0,0,0
535.398,1.0000,0,0,0,0
535.430,1.0000,0,0,0,0
535.465,1.0000,0,0,0,0
535.499,1.0000,0,0,0,0
535.529,1.0000,0,0,0,0
535.565,1.0000,0,0,0,0
535.596,1.0000,0,0,0,0
535.629,1.0000,0,0,0,0
535.662,1.0000,0,0,0,0
535.696,1.0000,0,0,0,0
535.734,1.0000,0,0,0,0
535.766,1.0000,0,0,0,0
535.800,1.0000,0,0,0,0
535.829,1.0000,0,0,0,0
535.866,1.0000,0,0,0,0
535.902,1.0000,0,0,0,0
535.935,1.0000,0,0,0,0
535.967,1.0000,0,0,0,0
535.994,1.0000,0,0,0,0
536.031,1.0000,0,0,0,0
536.066,1.0000,0,0,0,0
536.097,1.0000,0,0,0,0
536.129,1.0000,0,0,0,0
536.167,1.0000,0,0,0,0
536.264,1.0000,0,0,0,0
536.297,1.0000,0,0,0,0
536.307,1.0000,0,0,0,0
536.339,1.0000,0,0,0,0
536.372,1.0000,0,0,0,0
536.404,1.0000,0,0,0,0
536.441,1.0000,0,0,0,0
536.471,1.0000,0,0,0,0
536.503,1.0000,0,0,0,0
536.541,1.0000,0,0,0,0
536.569,1.0000,0,0,0,0
536.608,1.0000,0,0,0,0
536.641,1.0000,0,0,0,0
536.673,1.0000,0,0,0,0
536.705,1.0000,0,0,0,0
536.737,1.0000,0,0,0,0
536.773,1.0000,0,0,0,0
536.803,1.0000,0,0,0,0
536.837,1.0000,0,0,0,0
536.870,1.0000,0,0,0,0
536.903,1.0000,0,0,0,0
536.941,1.0000,0,0,0,0
536.970,1.0000,0,0,0,0
537.004,1.0000,0,0,0,0
537.036,1.0000,0,0,0,0
537.071,1.0000,0,0,0,0
537.104,1.0000,0,0,0,0
537.136,1.0000,0,0,0,0
537.171,1.0000,0,0,0,0
537.207,1.0000,0,0,0,0
537.239,1.0000,0,0,0,0
537.271,1.0000,0,0,0,0
537.304,1.0000,0,0,0,0
537.340,1.0000,0,0,0,0
537.372,1.0000,0,0,0,0
537.405,1.0000,0,0,0,0
537.436,1.0000,0,0,0,0
537.470,1.0000,0,0,0,0
537.507,1.0000,0,0,0,0
537.539,1.0000,0,0,0,0
537.572,1.0000,0,0,0,0
537.603,1.0000,0,0,0,0
537.640,1.0000,0,0,0,0
537.674,1.0000,0,0,0,0
537.702,1.0000,0,0,0,0
537.738,1.0000,0,0,0,0
537.773,1.0000,0,0,0,0
537.805,1.0000,0,0,0,0
537.838,1.0000,0,0,0,0
537.872,1.0000,0,0,0,0
537.908,1.0000,0,0,0,0
537.938,1.0000,0,0,0,0
537.972,1.0000,0,0,0,0
538.005,1.0000,0,0,0,0
538.039,1.0000,0,0,0,0
538.072,1.0000,0,0,0,0
538.104,1.0000,0,0,0,0
538.136,1.0000,0,0,0,0
538.170,1.0000,0,0,0,0
538.208,1.0000,0,0,0,0
538.240,1.0000,0,0,0,0
538.270,1.0000,0,0,0,0
538.306,1.0000,0,0,0,0
538.338,1.0000,0,0,0,0
538.372,1.0000,0,0,0,0
538.404,1.0000,0,0,0,0
538.438,1.0000,0,0,0,0
538.474,1.0000,0,0,0,0
538.504,1.0000,0,0,0,0
538.536,1.0000,0,0,0,0
538.572,1.0000,0,0,0,0
538.602,1.0000,0,0,0,0
538.638,1.0000,0,0,0,0
538.673,1.0000,0,0,0,0
538.703,1.0000,0,0,0,0
538.738,1.0000,0,0,0,0
538.774,1.0000,0,0,0,0
538.805,1.0000,0,0,0,0
538.837,1.0000,0,0,0,0
538.873,1.0000,0,0,0,0
538.901,1.0000,0,0,0,0
538.942,1.0000,0,0,0,0
538.972,1.0000,0,0,0,0
539.004,1.0000,0,0,0,0
539.039,1.0000,0,0,0,0
539.072,1.0000,0,0,0,0
539.106,1.0000,0,0,0,0
539.139,1.0000,0,0,0,0
539.171,1.0000,0,0,0,0
539.204,1.0000,0,0,0,0
539.239,1.0000,0,0,0,0
539.271,1.0000,0,0,0,0
539.304,1.0000,0,0,0,0
539.336,1.0000,0,0,0,0
539.373,1.0000,0,0,0,0
539.403,1.0000,0,0,0,0
539.438,1.0000,0,0,0,0
539.471,1.0000,0,0,0,0
539.503,1.0000,0,0,0,0
539.538,1.0000,0,0,0,0
539.572,1.0000,0,0,0,0
539.606,1.0000,0,0,0,0
539.636,1.0000,0,0,0,0
539.672,1.0000,0,0,0,0
539.705,1.0000,0,0,0,0
539.738,1.0000,0,0,0,0
539.772,1.0000,0,0,0,0
539.806,1.0000,0,0,0,0
539.839,1.0000,0,0,0,0
539.874,1.0000,0,0,0,0
539.903,1.0000,0,0,0,0
539.938,1.0000,0,0,0,0
539.970,1.0000,0,0,0,0
540.003,1.0000,0,0,0,0
540.036,1.0000,0,0,0,0
540.071,1.0000,0,0,0,0
540.103,1.0000,0,0,0,0
540.141,1.0000,0,0,0,0
540.174,1.0000,0,0,0,0
540.203,1.0000,0,0,0,0
540.238,1.0000,0,0,0,0
540.269,1.0000,0,0,0,0
540.307,1.0000,0,0,0,0
540.336,1.0000,0,0,0,0
540.370,1.0000,0,0,0,0
540.404,1.0000,0,0,0,0
540.439,1.0000,0,0,0,0
540.472,1.0000,0,0,0,0
540.504,1.0000,0,0,0,0
540.538,1.0000,0,0,0,0
540.569,1.0000,0,0,0,0
540.606,1.0000,0,0,0,0
540.640,1.0000,0,0,0,0
540.672,1.0000,0,0,0,0
540.707,1.0000,0,0,0,0
540.736,1.0000,0,0,0,0
540.771,1.0000,0,0,0,0
540.805,1.0000,0,0,0,0
540.839,1.0000,0,0,0,0
540.872,1.0000,0,0,0,0
540.906,1.0000,0,0,0,0
540.938,1.0000,0,0,0,0
540.971,1.0000,0,0,0,0
541.003,1.0000,0,0,0,0
541.040,1.0000,0,0,0,0
541.071,1.0000,0,0,0,0
541.108,1.0000,0,0,0,0
541.139,1.0000,0,0,0,0
541.171,1.0000,0,0,0,0
541.206,1.0000,0,0,0,0
541.237,1.0000,0,0,0,0
541.270,1.0000,0,0,0,0
541.306,1.0000,0,0,0,0
541.337,1.0000,0,0,0,0
541.373,1.0000,0,0,0,0
541.395,1.0000,0,0,0,0
541.437,1.0000,0,0,0,0
541.472,1.0000,0,0,0,0
541.503,1.0000,0,0,0,0
541.538,1.0000,0,0,0,0
541.571,1.0000,0,0,0,0
541.605,1.0000,0,0,0,0
541.637,1.0000,0,0,0,0
541.670,1.0000,0,0,0,0
541.706,1.0000,0,0,0,0
541.737,1.0000,0,0,0,0
541.775,1.0000,0,0,0,0
541.803,1.0000,0,0,0,0
541.837,1.0000,0,0,0,0
541.869,1.0000,0,0,0,0
541.906,1.0000,0,0,0,0
541.940,1.0000,0,0,0,0
541.971,1.0000,0,0,0,0
542.004,1.0000,0,0,0,0
542.037,1.0000,0,0,0,0
542.074,1.0000,0,0,0,0
542.103,1.0000,0,0,0,0
542.137,1.0000,0,0,0,0
542.171,1.0000,0,0,0,0
542.205,1.0000,0,0,0,0
542.237,1.0000,0,0,0,0
542.272,1.0000,0,0,0,0
542.307,1.0000,0,0,0,0
542.340,1.0000,0,0,0,0
542.369,1.0000,0,0,0,0
542.406,1.0000,0,0,0,0
542.439,1.0000,0,0,0,0
542.472,1.0000,0,0,0,0
542.503,1.0000,0,0,0,0
542.540,1.0000,0,0,0,0
542.569,1.0000,0,0,0,0
542.604,1.0000,0,0,0,0
542.640,1.0000,0,0,0,0
542.672,1.0000,0,0,0,0
542.704,1.0000,0,0,0,0
542.739,1.0000,0,0,0,0
542.774,1.0000,0,0,0,0
542.805,1.0000,0,0,0,0
542.840,1.0000,0,0,0,0
542.871,1.0000,0,0,0,0
542.907,1.0000,0,0,0,0
542.938,1.0000,0,0,0,0
542.973,1.0000,0,0,0,0
543.005,1.0000,0,0,0,0
543.043,1.0000,0,0,0,0
543.066,1.0000,0,0,0,0
543.103,1.0000,0,0,0,0
543.138,1.0000,0,0,0,0
543.172,1.0000,0,0,0,0
543.207,1.0000,0,0,0,0
543.239,1.0000,0,0,0,0
543.270,1.0000,0,0,0,0
543.302,1.0000,0,0,0,0
543.336,1.0000,0,0,0,0
543.368,1.0000,0,0,0,0
543.402,1.0000,0,0,0,0
543.435,1.0000,0,0,0,0
543.473,1.0000,0,0,0,0
543.506,1.0000,0,0,0,0
543.539,1.0000,0,0,0,0
543.570,1.0000,0,0,0,0
543.602,1.0000,0,0,0,0
543.639,1.0000,0,0,0,0
543.663,1.0000,0,0,0,0
543.705,1.0000,0,0,0,0
543.738,1.0000,0,0,0,0
543.774,1.0000,0,0,0,0
543.807,1.0000,0,0,0,0
543.840,1.0000,0,0,0,0
543.872,1.0000,0,0,0,0
543.907,1.0000,0,0,0,0
543.940,1.0000,0,0,0,0
543.971,1.0000,0,0,0,0
543.998,1.0000,0,0,0,0
544.037,1.0000,0,0,0,0
544.073,1.0000,0,0,0,0
544.102,1.0000,0,0,0,0
544.136,1.0000,0,0,0,0
544.171,1.0000,0,0,0,0
544.202,1.0000,0,0,0,0
544.239,1.0000,0,0,0,0
544.270,1.0000,0,0,0,0
544.303,1.0000,0,0,0,0
544.338,1.0000,0,0,0,0
544.370,1.0000,0,0,0,0
544.403,1.0000,0,0,0,0
544.440,1.0000,0,0,0,0
544.473,1.0000,0,0,0,0
544.505,1.0000,0,0,0,0
544.537,1.0000,0,0,0,0
544.571,1.0000,0,0,0,0
544.607,1.0000,0,0,0,0
544.639,1.0000,0,0,0,0
544.672,1.0000,0,0,0,0
544.705,1.0000,0,0,0,0
544.738,1.0000,0,0,0,0
544.770,1.0000,0,0,0,0
544.804,1.0000,0,0,0,0
544.837,1.0000,0,0,0,0
544.874,1.0000,0,0,0,0
544.903,1.0000,0,0,0,0
544.940,1.0000,0,0,0,0
544.973,1.0000,0,0,0,0
545.005,1.0000,0,0,0,0
545.040,1.0000,0,0,0,0
545.072,1.0000,0,0,0,0
545.105,1.0000,0,0,0,0
545.136,1.0000,0,0,0,0
545.175,1.0000,0,0,0,0
545.203,1.0000,0,0,0,0
545.239,1.0000,0,0,0,0
545.274,1.0000,0,0,0,0
545.306,1.0000,0,0,0,0
545.336,1.0000,0,0,0,0
545.370,1.0000,0,0,0,0
545.403,1.0000,0,0,0,0
545.440,1.0000,0,0,0,0
545.474,1.0000,0,0,0,0
545.506,1.0000,0,0,0,0
545.537,1.0000,0,0,0,0
545.570,1.0000,0,0,0,0
545.605,1.0000,0,0,0,0
545.636,1.0000,0,0,0,0
545.672,1.0000,0,0,0,0
545.707,1.0000,0,0,0,0
545.739,1.0000,0,0,0,0
545.771,1.0000,0,0,0,0
545.808,1.0000,0,0,0,0
545.838,1.0000,0,0,0,0
545.872,1.0000,0,0,0,0
545.907,1.0000,0,0,0,0
545.939,1.0000,0,0,0,0
545.974,1.0000,0,0,0,0
546.005,1.0000,0,0,0,0
546.039,1.0000,0,0,0,0
546.070,1.0000,0,0,0,0
546.106,1.0000,0,0,0,0
546.138,1.0000,0,0,0,0
546.171,1.0000,0,0,0,0
546.206,1.0000,0,0,0,0
546.237,1.0000,0,0,0,0
546.271,1.0000,0,0,0,0
546.305,1.0000,0,0,0,0
546.336,1.0000,0,0,0,0
546.370,1.0000,0,0,0,0
546.407,1.0000,0,0,0,0
546.439,1.0000,0,0,0,0
546.472,1.0000,0,0,0,0
546.554,1.0000,0,0,0,0
546.582,1.0000,0,0,0,0
546.619,1.0000,0,0,0,0
546.652,1.0000,0,0,0,0
546.688,1.0000,0,0,0,0
546.722,1.0000,0,0,0,0
546.752,1.0000,0,0,0,0
546.789,1.0000,0,0,0,0
546.822,1.0000,0,0,0,0
546.857,1.0000,0,0,0,0
546.888,1.0000,0,0,0,0
546.922,1.0000,0,0,0,0
546.952,1.0000,0,0,0,0
546.989,1.0000,0,0,0,0
547.020,1.0000,0,0,0,0
547.056,1.0000,0,0,0,0
547.089,1.0000,0,0,0,0
547.122,1.0000,0,0,0,0
547.156,1.0000,0,0,0,0
547.189,1.0000,0,0,0,0
547.221,1.0000,0,0,0,0
547.253,1.0000,0,0,0,0
547.286,1.0000,0,0,0,0
547.322,1.0000,0,0,0,0
547.356,1.0000,0,0,0,0
547.389,1.0000,0,0,0,0
547.419,1.0000,0,0,0,0
547.452,1.0000,0,0,0,0
547.487,1.0000,0,0,0,0
547.525,1.0000,0,0,0,0
547.545,1.0000,0,0,0,0
547.589,1.0000,0,0,0,0
547.619,1.0000,0,0,0,0
547.653,1.0000,0,0,0,0
547.689,1.0000,0,0,0,0
547.720,1.0000,0,0,0,0
547.752,1.0000,0,0,0,0
547.785,1.0000,0,0,0,0
547.822,1.0000,0,0,0,0
547.854,1.0000,0,0,0,0
547.886,1.0000,0,0,0,0
547.924,1.0000,0,0,0,0
547.954,1.0000,0,0,0,0
547.988,1.0000,0,0,0,0
548.019,1.0000,0,0,0,0
548.054,1.0000,0,0,0,0
548.087,1.0000,0,0,0,0
548.119,1.0000,0,0,0,0
548.152,1.0000,0,0,0,0
548.186,1.0000,0,0,0,0
548.223,1.0000,0,0,0,0
548.253,1.0000,0,0,0,0
548.286,1.0000,0,0,0,0
548.319,1.0000,0,0,0,0
548.354,1.0000,0,0,0,0
548.378,1.0000,0,0,0,0
548.420,1.0000,0,0,0,0
548.456,1.0000,0,0,0,0
548.489,1.0000,0,0,0,0
548.523,1.0000,0,0,0,0
548.553,1.0000,0,0,0,0
548.590,1.0000,0,0,0,0
548.617,1.0000,0,0,0,0
548.652,1.0000,0,0,0,0
548.686,1.0000,0,0,0,0
548.719,1.0000,0,0,0,0
548.757,1.0000,0,0,0,0
548.778,1.0000,0,0,0,0
548.821,1.0000,0,0,0,0
548.852,1.0000,0,0,0,0
548.886,1.0000,0,0,0,0
548.909,1.0000,0,0,0,0
548.957,1.0000,0,0,0,0
549.006,1.0000,0,0,0,0
549.030,1.0000,0,0,0,0
549.071,1.0000,0,0,0,0
549.100,1.0000,0,0,0,0
549.133,1.0000,0,0,0,0
549.169,1.0000,0,0,0,0
549.204,1.0000,0,0,0,0
549.232,1.0000,0,0,0,0
549.274,1.0000,0,0,0,0
549.305,1.0000,0,0,0,0
549.329,1.0000,0,0,0,0
549.371,1.0000,0,0,0,0
549.404,1.0000,0,0,0,0
549.435,1.0000,0,0,0,0
549.469,1.0000,0,0,0,0
549.505,1.0000,0,0,0,0
549.536,1.0000,0,0,0,0
549.570,1.0000,0,0,0,0
549.604,1.0000,0,0,0,0
549.631,1.0000,0,0,0,0
549.669,1.0000,0,0,0,0
549.703,1.0000,0,0,0,0
549.728,1.0000,0,0,0,0
549.770,1.0000,0,0,0,0
549.801,1.0000,0,0,0,0
549.835,1.0000,0,0,0,0
549.869,1.0000,0,0,0,0
549.904,1.0000,0,0,0,0
549.934,1.0000,0,0,0,0
549.969,1.0000,0,0,0,0
550.005,1.0000,0,0,0,0
550.033,1.0000,0,0,0,0
550.072,1.0000,0,0,0,0
550.095,1.0000,0,0,0,0
550.133,1.0000,0,0,0,0
550.169,1.0000,0,0,0,0
550.203,1.0000,0,0,0,0
550.235,1.0000,0,0,0,0
550.270,1.0000,0,0,0,0
550.304,1.0000,0,0,0,0
550.336,1.0000,0,0,0,0
550.368,1.0000,0,0,0,0
550.402,1.0000,0,0,0,0
550.436,1.0000,0,0,0,0
550.471,1.0000,0,0,0,0
550.504,1.0000,0,0,0,0
550.536,1.0000,0,0,0,0
550.571,1.0000,0,0,0,0
550.603,1.0000,0,0,0,0
550.639,1.0000,0,0,0,0
550.672,1.0000,0,0,0,0
550.705,1.0000,0,0,0,0
550.736,1.0000,0,0,0,0
550.768,1.0000,0,0,0,0
550.802,1.0000,0,0,0,0
550.839,1.0000,0,0,0,0
550.868,1.0000,0,0,0,0
550.904,1.0000,0,0,0,0
550.938,1.0000,0,0,0,0
550.969,1.0000,0,0,0,0
551.003,1.0000,0,0,0,0
551.036,1.0000,0,0,0,0
551.072,1.0000,0,0,0,0
551.094,1.0000,0,0,0,0
551.136,1.0000,0,0,0,0
551.173,1.0000,0,0,0,0
551.194,1.0000,0,0,0,0
551.230,1.0000,0,0,0,0
551.276,1.0000,0,0,0,0
551.307,1.0000,0,0,0,0
551.332,1.0000,0,0,0,0
551.374,1.0000,0,0,0,0
551.396,1.0000,0,0,0,0
551.441,1.0000,0,0,0,0
551.465,1.0000,0,0,0,0
551.505,1.0000,0,0,0,0
551.537,1.0000,0,0,0,0
551.572,1.0000,0,0,0,0
551.607,1.0000,0,0,0,0
551.633,1.0000,0,0,0,0
551.671,1.0000,0,0,0,0
551.706,1.0000,0,0,0,0
551.738,1.0000,0,0,0,0
551.774,1.0000,0,0,0,0
551.807,1.0000,0,0,0,0
551.837,1.0000,0,0,0,0
551.874,1.0000,0,0,0,0
551.910,1.0000,0,0,0,0
551.930,1.0000,0,0,0,0
551.973,1.0000,0,0,0,0
551.996,1.0000,0,0,0,0
552.039,1.0000,0,0,0,0
552.065,1.0000,0,0,0,0
552.106,1.0000,0,0,0,0
552.139,1.0000,0,0,0,0
552.175,1.0000,0,0,0,0
552.207,1.0000,0,0,0,0
552.238,1.0000,0,0,0,0
552.272,1.0000,0,0,0,0
552.304,1.0000,0,0,0,0
552.337,1.0000,0,0,0,0
552.373,1.0000,0,0,0,0
552.404,1.0000,0,0,0,0
552.437,1.0000,0,0,0,0
552.474,1.0000,0,0,0,0
552.507,1.0000,0,0,0,0
552.539,1.0000,0,0,0,0
552.574,1.0000,0,0,0,0
552.605,1.0000,0,0,0,0
552.642,1.0000,0,0,0,0
552.665,1.0000,0,0,0,0
552.707,1.0000,0,0,0,0
552.741,1.0000,0,0,0,0
552.773,1.0000,0,0,0,0
552.808,1.0000,0,0,0,0
552.840,1.0000,0,0,0,0
552.875,1.0000,0,0,0,0
552.907,1.0000,0,0,0,0
552.938,1.0000,0,0,0,0
552.971,1.0000,0,0,0,0
553.056,1.0000,0,0,0,0
553.119,1.0000,0,0,0,0
553.154,1.0000,0,0,0,0
553.188,1.0000,0,0,0,0
553.219,1.0000,0,0,0,0
553.256,1.0000,0,0,0,0
553.288,1.0000,0,0,0,0
553.322,1.0000,0,0,0,0
553.358,1.0000,0,0,0,0
553.379,1.0000,0,0,0,0
553.421,1.0000,0,0,0,0
553.457,1.0000,0,0,0,0
553.493,1.0000,0,0,0,0
553.524,1.0000,0,0,0,0
553.555,1.0000,0,0,0,0
553.588,1.0000,0,0,0,0
553.621,1.0000,0,0,0,0
553.654,1.0000,0,0,0,0
553.689,1.0000,0,0,0,0
553.722,1.0000,0,0,0,0
553.758,1.0000,0,0,0,0
553.793,1.0000,0,0,0,0
553.823,1.0000,0,0,0,0
553.856,1.0000,0,0,0,0
553.893,1.0000,0,0,0,0
553.923,1.0000,0,0,0,0
553.958,1.0000,0,0,0,0
553.989,1.0000,0,0,0,0
554.027,1.0000,0,0,0,0
554.057,1.0000,0,0,0,0
554.093,1.0000,0,0,0,0
554.127,1.0000,0,0,0,0
554.159,1.0000,0,0,0,0
554.191,1.0000,0,0,0,0
554.222,1.0000,0,0,0,0
554.255,1.0000,0,0,0,0
554.289,1.0000,0,0,0,0
554.325,1.0000,0,0,0,0
554.357,1.0000,0,0,0,0
554.391,1.0000,0,0,0,0
554.427,1.0000,0,0,0,0
554.456,1.0000,0,0,0,0
554.492,1.0000,0,0,0,0
554.522,1.0000,0,0,0,0
554.557,1.0000,0,0,0,0
554.591,1.0000,0,0,0,0
554.626,1.0000,0,0,0,0
554.660,1.0000,0,0,0,0
554.690,1.0000,0,0,0,0
554.723,1.0000,0,0,0,0
554.812,1.0000,0,0,0,0
554.841,1.0000,0,0,0,0
554.880,1.0000,0,0,0,0
554.912,1.0000,0,0,0,0
554.945,1.0000,0,0,0,0
554.980,1.0000,0,0,0,0
555.012,1.0000,0,0,0,0
555.046,1.0000,0,0,0,0
555.079,1.0000,0,0,0,0
555.110,1.0000,0,0,0,0
555.148,1.0000,0,0,0,0
555.191,1.0000,0,0,0,0
555.211,1.0000,0,0,0,0
555.243,1.0000,0,0,0,0
555.276,1.0000,0,0,0,0
555.311,1.0000,0,0,0,0
555.349,1.0000,0,0,0,0
555.380,1.0000,0,0,0,0
555.413,1.0000,0,0,0,0
555.445,1.0000,0,0,0,0
555.481,1.0000,0,0,0,0
555.512,1.0000,0,0,0,0
555.544,1.0000,0,0,0,0
555.577,1.0000,0,0,0,0
555.611,1.0000,0,0,0,0
555.645,1.0000,0,0,0,0
555.677,1.0000,0,0,0,0
555.712,1.0000,0,0,0,0
555.745,1.0000,0,0,0,0
555.780,1.0000,0,0,0,0
555.813,1.0000,0,0,0,0
555.843,1.0000,0,0,0,0
555.880,1.0000,0,0,0,0
555.912,1.0000,0,0,0,0
555.946,1.0000,0,0,0,0
555.981,1.0000,0,0,0,0
556.013,1.0000,0,0,0,0
556.045,1.0000,0,0,0,0
556.076,1.0000,0,0,0,0
556.110,1.0000,0,0,0,0
556.146,1.0000,0,0,0,0
556.179,1.0000,0,0,0,0
556.211,1.0000,0,0,0,0
556.247,1.0000,0,0,0,0
556.279,1.0000,0,0,0,0
556.310,1.0000,0,0,0,0
556.345,1.0000,0,0,0,0
556.379,1.0000,0,0,0,0
556.414,1.0000,0,0,0,0
556.448,1.0000,0,0,0,0
556.479,1.0000,0,0,0,0
556.510,1.0000,0,0,0,0
556.543,1.0000,0,0,0,0
556.578,1.0000,0,0,0,0
556.610,1.0000,0,0,0,0
556.649,1.0000,0,0,0,0
556.677,1.0000,0,0,0,0
556.716,1.0000,0,0,0,0
556.744,1.0000,0,0,0,0
556.780,1.0000,0,0,0,0
556.814,1.0000,0,0,0,0
556.844,1.0000,0,0,0,0
556.878,1.0000,0,0,0,0
556.912,1.0000,0,0,0,0
556.946,1.0000,0,0,0,0
556.977,1.0000,0,0,0,0
557.012,1.0000,0,0,0,0
557.048,1.0000,0,0,0,0
557.078,1.0000,0,0,0,0
557.114,1.0000,0,0,0,0
557.147,1.0000,0,0,0,0
557.179,1.0000,0,0,0,0
557.213,1.0000,0,0,0,0
557.243,1.0000,0,0,0,0
557.281,1.0000,0,0,0,0
557.314,1.0000,0,0,0,0
557.344,1.0000,0,0,0,0
557.382,1.0000,0,0,0,0
557.410,1.0000,0,0,0,0
557.446,1.0000,0,0,0,0
557.481,1.0000,0,0,0,0
557.512,1.0000,0,0,0,0
557.547,1.0000,0,0,0,0
557.578,1.0000,0,0,0,0
557.611,1.0000,0,0,0,0
557.644,1.0000,0,0,0,0
557.678,1.0000,0,0,0,0
557.714,1.0000,0,0,0,0
557.747,1.0000,0,0,0,0
557.781,1.0000,0,0,0,0
557.812,1.0000,0,0,0,0
557.845,1.0000,0,0,0,0
557.877,1.0000,0,0,0,0
557.913,1.0000,0,0,0,0
557.945,1.0000,0,0,0,0
557.978,1.0000,0,0,0,0
558.015,1.0000,0,0,0,0
558.045,1.0000,0,0,0,0
558.077,1.0000,0,0,0,0
558.113,1.0000,0,0,0,0
558.147,1.0000,0,0,0,0
558.177,1.0000,0,0,0,0
558.212,1.0000,0,0,0,0
558.247,1.0000,0,0,0,0
558.278,1.0000,0,0,0,0
558.316,1.0000,0,0,0,0
558.338,1.0000,0,0,0,0
558.377,1.0000,0,0,0,0
558.412,1.0000,0,0,0,0
558.445,1.0000,0,0,0,0
558.477,1.0000,0,0,0,0
558.511,1.0000,0,0,0,0
558.547,1.0000,0,0,0,0
558.578,1.0000,0,0,0,0
558.610,1.0000,0,0,0,0
558.647,1.0000,0,0,0,0
558.680,1.0000,0,0,0,0
558.712,1.0000,0,0,0,0
558.747,1.0000,0,0,0,0
558.777,1.0000,0,0,0,0
558.811,1.0000,0,0,0,0
558.846,1.0000,0,0,0,0
558.883,1.0000,0,0,0,0
558.904,1.0000,0,0,0,0
558.946,1.0000,0,0,0,0
558.978,1.0000,0,0,0,0
559.011,1.0000,0,0,0,0
559.046,1.0000,0,0,0,0
559.081,1.0000,0,0,0,0
559.111,1.0000,0,0,0,0
559.148,1.0000,0,0,0,0
559.180,1.0000,0,0,0,0
559.212,1.0000,0,0,0,0
559.245,1.0000,0,0,0,0
559.277,1.0000,0,0,0,0
559.313,1.0000,0,0,0,0
559.348,1.0000,0,0,0,0
559.381,1.0000,0,0,0,0
559.413,1.0000,0,0,0,0
559.445,1.0000,0,0,0,0
559.479,1.0000,0,0,0,0
559.510,1.0000,0,0,0,0
559.546,1.0000,0,0,0,0
559.582,1.0000,0,0,0,0
559.611,1.0000,0,0,0,0
559.647,1.0000,0,0,0,0
559.679,1.0000,0,0,0,0
559.710,1.0000,0,0,0,0
559.747,1.0000,0,0,0,0
559.770,1.0000,0,0,0,0
559.812,1.0000,0,0,0,0
559.849,1.0000,0,0,0,0
559.881,1.0000,0,0,0,0
559.904,1.0000,0,0,0,0
559.943,1.0000,0,0,0,0
559.981,1.0000,0,0,0,0
560.014,1.0000,0,0,0,0
560.046,1.0000,0,0,0,0
560.080,1.0000,0,0,0,0
560.110,1.0000,0,0,0,0
560.143,1.0000,0,0,0,0
560.178,1.0000,0,0,0,0
560.214,1.0000,0,0,0,0
560.247,1.0000,0,0,0,0
560.280,1.0000,0,0,0,0
560.313,1.0000,0,0,0,0
560.345,1.0000,0,0,0,0
560.378,1.0000,0,0,0,0
560.413,1.0000,0,0,0,0
560.446,1.0000,0,0,0,0
560.479,1.0000,0,0,0,0
560.515,1.0000,0,0,0,0
560.548,1.0000,0,0,0,0
560.579,1.0000,0,0,0,0
560.610,1.0000,0,0,0,0
560.647,1.0000,0,0,0,0
560.679,1.0000,0,0,0,0
560.714,1.0000,0,0,0,0
560.746,1.0000,0,0,0,0
560.780,1.0000,0,0,0,0
560.810,1.0000,0,0,0,0
560.847,1.0000,0,0,0,0
560.877,1.0000,0,0,0,0
560.912,1.0000,0,0,0,0
560.944,1.0000,0,0,0,0
560.978,1.0000,0,0,0,0
561.010,1.0000,0,0,0,0
561.046,1.0000,0,0,0,0
561.081,1.0000,0,0,0,0
561.111,1.0000,0,0,0,0
561.145,1.0000,0,0,0,0
561.181,1.0000,0,0,0,0
561.212,1.0000,0,0,0,0
561.247,1.0000,0,0,0,0
561.278,1.0000,0,0,0,0
561.314,1.0000,0,0,0,0
561.346,1.0000,0,0,0,0
561.381,1.0000,0,0,0,0
561.411,1.0000,0,0,0,0
561.444,1.0000,0,0,0,0
561.479,1.0000,0,0,0,0
561.513,1.0000,0,0,0,0
561.546,1.0000,0,0,0,0
561.581,1.0000,0,0,0,0
561.613,1.0000,0,0,0,0
561.644,1.0000,0,0,0,0
561.677,1.0000,0,0,0,0
561.791,1.0000,0,0,0,0
561.822,1.0000,0,0,0,0
561.846,1.0000,0,0,0,0
561.880,1.0000,0,0,0,0
561.912,1.0000,0,0,0,0
561.942,1.0000,0,0,0,0
561.976,1.0000,0,0,0,0
562.015,1.0000,0,0,0,0
562.047,1.0000,0,0,0,0
562.076,1.0000,0,0,0,0
562.112,1.0000,0,0,0,0
562.137,1.0000,0,0,0,0
562.176,1.0000,0,0,0,0
562.218,1.0000,0,0,0,0
562.247,1.0000,0,0,0,0
562.280,1.0000,0,0,0,0
562.312,1.0000,0,0,0,0
562.347,1.0000,0,0,0,0
562.380,1.0000,0,0,0,0
562.412,1.0000,0,0,0,0
562.446,1.0000,0,0,0,0
562.477,1.0000,0,0,0,0
562.509,1.0000,0,0,0,0
562.542,1.0000,0,0,0,0
562.582,1.0000,0,0,0,0
562.610,1.0000,0,0,0,0
562.646,1.0000,0,0,0,0
562.678,1.0000,0,0,0,0
562.715,1.0000,0,0,0,0
562.742,1.0000,0,0,0,0
562.779,1.0000,0,0,0,0
562.802,1.0000,0,0,0,0
562.833,1.0000,0,0,0,0
562.876,1.0000,0,0,0,0
562.904,1.0000,0,0,0,0
562.949,1.0000,0,0,0,0
562.975,1.0000,0,0,0,0
563.012,1.0000,0,0,0,0
563.049,1.0000,0,0,0,0
563.081,1.0000,0,0,0,0
563.115,1.0000,0,0,0,0
563.143,1.0000,0,0,0,0
563.168,1.0000,0,0,0,0
563.208,1.0000,0,0,0,0
563.236,1.0000,0,0,0,0
563.268,1.0000,0,0,0,0
563.301,1.0000,0,0,0,0
563.331,1.0000,0,0,0,0
563.378,1.0000,0,0,0,0
563.412,1.0000,0,0,0,0
563.449,1.0000,0,0,0,0
563.477,1.0000,0,0,0,0
563.513,1.0000,0,0,0,0
563.551,1.0000,0,0,0,0
563.576,1.0000,0,0,0,0
563.614,1.0000,0,0,0,0
563.661,1.0000,0,0,0,0
563.704,1.0000,0,0,0,0
563.732,1.0000,0,0,0,0
563.769,1.0000,0,0,0,0
563.792,1.0000,0,0,0,0
563.839,1.0000,0,0,0,0
563.866,1.0000,0,0,0,0
563.905,1.0000,0,0,0,0
563.934,1.0000,0,0,0,0
563.970,1.0000,0,0,0,0
563.996,1.0000,0,0,0,0
564.041,1.0000,0,0,0,0
564.083,1.0000,0,0,0,0
564.118,1.0000,0,0,0,0
564.137,1.0000,0,0,0,0
564.178,1.0000,0,0,0,0
564.209,1.0000,0,0,0,0
564.248,1.0000,0,0,0,0
564.276,1.0000,0,0,0,0
564.303,1.0000,0,0,0,0
564.340,1.0000,0,0,0,0
564.463,1.0000,0,0,0,0
564.494,1.0000,0,0,0,0
564.540,1.0000,0,0,0,0
564.572,1.0000,0,0,0,0
564.607,1.0000,0,0,0,0
564.637,1.0000,0,0,0,0
564.675,1.0000,0,0,0,0
564.706,1.0000,0,0,0,0
564.741,1.0000,0,0,0,0
564.773,1.0000,0,0,0,0
564.800,1.0000,0,0,0,0
564.834,1.0000,0,0,0,0
564.867,1.0000,0,0,0,0
564.907,1.0000,0,0,0,0
564.936,1.0000,0,0,0,0
564.970,1.0000,0,0,0,0
565.005,1.0000,0,0,0,0
565.040,1.0000,0,0,0,0
565.071,1.0000,0,0,0,0
565.107,1.0000,0,0,0,0
565.138,1.0000,0,0,0,0
565.175,1.0000,0,0,0,0
565.210,1.0000,0,0,0,0
565.241,1.0000,0,0,0,0
565.264,1.0000,0,0,0,0
565.307,1.0000,0,0,0,0
565.336,1.0000,0,0,0,0
565.371,1.0000,0,0,0,0
565.405,1.0000,0,0,0,0
565.437,1.0000,0,0,0,0
565.469,1.0000,0,0,0,0
565.504,1.0000,0,0,0,0
565.542,1.0000,0,0,0,0
565.571,1.0000,0,0,0,0
565.606,1.0000,0,0,0,0
565.640,1.0000,0,0,0,0
565.671,1.0000,0,0,0,0
565.717,1.0000,0,0,0,0
565.732,1.0000,0,0,0,0
565.774,1.0000,0,0,0,0
565.804,1.0000,0,0,0,0
565.838,1.0000,0,0,0,0
565.873,1.0000,0,0,0,0
565.905,1.0000,0,0,0,0
565.930,1.0000,0,0,0,0
565.975,1.0000,0,0,0,0
566.003,1.0000,0,0,0,0
566.033,1.0000,0,0,0,0
566.066,1.0000,0,0,0,0
566.103,1.0000,0,0,0,0
566.132,1.0000,0,0,0,0
566.171,1.0000,0,0,0,0
566.199,1.0000,0,0,0,0
566.238,1.0000,0,0,0,0
566.267,1.0000,0,0,0,0
566.305,1.0000,0,0,0,0
566.334,1.0000,0,0,0,0
566.360,1.0000,0,0,0,0
566.407,1.0000,0,0,0,0
566.437,1.0000,0,0,0,0
566.471,1.0000,0,0,0,0
566.500,1.0000,0,0,0,0
566.530,1.0000,0,0,0,0
566.574,1.0000,0,0,0,0
566.606,1.0000,0,0,0,0
566.637,1.0000,0,0,0,0
566.673,1.0000,0,0,0,0
566.707,1.0000,0,0,0,0
566.739,1.0000,0,0,0,0
566.896,1.0000,0,0,0,0
566.935,1.0000,0,0,0,0
566.946,1.0000,0,0,0,0
566.973,1.0000,0,0,0,0
567.009,1.0000,0,0,0,0
567.040,1.0000,0,0,0,0
567.076,1.0000,0,0,0,0
567.104,1.0000,0,0,0,0
567.141,1.0000,0,0,0,0
567.178,1.0000,0,0,0,0
567.211,1.0000,0,0,0,0
567.239,1.0000,0,0,0,0
567.270,1.0000,0,0,0,0
567.306,1.0000,0,0,0,0
567.343,1.0000,0,0,0,0
567.383,1.0000,0,0,0,0
567.401,1.0000,0,0,0,0
567.441,1.0000,0,0,0,0
567.472,1.0000,0,0,0,0
567.510,1.0000,0,0,0,0
567.541,1.0000,0,0,0,0
567.572,1.0000,0,0,0,0
567.606,1.0000,0,0,0,0
567.639,1.0000,0,0,0,0
567.674,1.0000,0,0,0,0
567.698,1.0000,0,0,0,0
567.738,1.0000,0,0,0,0
567.775,1.0000,0,0,0,0
567.806,1.0000,0,0,0,0
567.839,1.0000,0,0,0,0
567.874,1.0000,0,0,0,0
567.905,1.0000,0,0,0,0
567.943,1.0000,0,0,0,0
567.964,1.0000,0,0,0,0
568.005,1.0000,0,0,0,0
568.039,1.0000,0,0,0,0
568.072,1.0000,0,0,0,0
568.105,1.0000,0,0,0,0
568.138,1.0000,0,0,0,0
568.172,1.0000,0,0,0,0
568.208,1.0000,0,0,0,0
568.242,1.0000,0,0,0,0
568.272,1.0000,0,0,0,0
568.304,1.0000,0,0,0,0
568.340,1.0000,0,0,0,0
568.376,1.0000,0,0,0,0
568.397,1.0000,0,0,0,0
568.446,1.0000,0,0,0,0
568.474,1.0000,0,0,0,0
568.506,1.0000,0,0,0,0
568.531,1.0000,0,0,0,0
568.574,1.0000,0,0,0,0
568.598,1.0000,0,0,0,0
568.641,1.0000,0,0,0,0
568.672,1.0000,0,0,0,0
568.707,1.0000,0,0,0,0
568.744,1.0000,0,0,0,0
568.764,1.0000,0,0,0,0
568.805,1.0000,0,0,0,0
568.840,1.0000,0,0,0,0
568.873,1.0000,0,0,0,0
568.911,1.0000,0,0,0,0
568.931,1.0000,0,0,0,0
568.971,1.0000,0,0,0,0
569.006,1.0000,0,0,0,0
569.043,1.0000,0,0,0,0
569.073,1.0000,0,0,0,0
569.114,1.0000,0,0,0,0
569.139,1.0000,0,0,0,0
569.173,1.0000,0,0,0,0
569.205,1.0000,0,0,0,0
569.239,1.0000,0,0,0,0
569.285,1.0000,0,0,0,0
569.310,1.0000,0,0,0,0
569.344,1.0000,0,0,0,0
569.373,1.0000,0,0,0,0
569.407,1.0000,0,0,0,0
569.439,1.0000,0,0,0,0
569.471,1.0000,0,0,0,0
569.504,1.0000,0,0,0,0
569.539,1.0000,0,0,0,0
569.571,1.0000,0,0,0,0
569.608,1.0000,0,0,0,0
569.640,1.0000,0,0,0,0
569.674,1.0000,0,0,0,0
569.705,1.0000,0,0,0,0
569.740,1.0000,0,0,0,0
569.773,1.0000,0,0,0,0
569.811,1.0000,0,0,0,0
569.838,1.0000,0,0,0,0
569.873,1.0000,0,0,0,0
569.907,1.0000,0,0,0,0
569.941,1.0000,0,0,0,0
569.963,1.0000,0,0,0,0
570.010,1.0000,0,0,0,0
570.031,1.0000,0,0,0,0
570.073,1.0000,0,0,0,0
570.108,1.0000,0,0,0,0
570.139,1.0000,0,0,0,0
570.174,1.0000,0,0,0,0
570.204,1.0000,0,0,0,0
570.241,1.0000,0,0,0,0
570.263,1.0000,0,0,0,0
570.306,1.0000,0,0,0,0
570.341,1.0000,0,0,0,0
570.363,1.0000,0,0,0,0
570.405,1.0000,0,0,0,0
570.441,1.0000,0,0,0,0
570.476,1.0000,0,0,0,0
570.506,1.0000,0,0,0,0
570.542,1.0000,0,0,0,0
570.567,1.0000,0,0,0,0
570.606,1.0000,0,0,0,0
570.641,1.0000,0,0,0,0
570.675,1.0000,0,0,0,0
570.708,1.0000,0,0,0,0
570.741,1.0000,0,0,0,0
570.771,1.0000,0,0,0,0
570.805,1.0000,0,0,0,0
570.838,1.0000,0,0,0,0
570.874,1.0000,0,0,0,0
570.907,1.0000,0,0,0,0
570.938,1.0000,0,0,0,0
570.973,1.0000,0,0,0,0
571.006,1.0000,0,0,0,0
571.042,1.0000,0,0,0,0
571.072,1.0000,0,0,0,0
571.107,1.0000,0,0,0,0
571.143,1.0000,0,0,0,0
571.173,1.0000,0,0,0,0
571.211,1.0000,0,0,0,0
571.241,1.0000,0,0,0,0
571.271,1.0000,0,0,0,0
571.309,1.0000,0,0,0,0
571.338,1.0000,0,0,0,0
571.375,1.0000,0,0,0,0
571.407,1.0000,0,0,0,0
571.438,1.0000,0,0,0,0
571.473,1.0000,0,0,0,0
571.506,1.0000,0,0,0,0
571.538,1.0000,0,0,0,0
571.571,1.0000,0,0,0,0
571.609,1.0000,0,0,0,0
571.642,1.0000,0,0,0,0
571.680,1.0000,0,0,0,0
571.704,1.0000,0,0,0,0
571.739,1.0000,0,0,0,0
571.774,1.0000,0,0,0,0
571.807,1.0000,0,0,0,0
571.842,1.0000,0,0,0,0
571.873,1.0000,0,0,0,0
571.905,1.0000,0,0,0,0
571.943,1.0000,0,0,0,0
571.972,1.0000,0,0,0,0
572.007,1.0000,0,0,0,0
572.039,1.0000,0,0,0,0
572.073,1.0000,0,0,0,0
572.108,1.0000,0,0,0,0
572.139,1.0000,0,0,0,0
572.173,1.0000,0,0,0,0
572.204,1.0000,0,0,0,0
572.238,1.0000,0,0,0,0
572.272,1.0000,0,0,0,0
572.309,1.0000,0,0,0,0
572.336,1.0000,0,0,0,0
572.373,1.0000,0,0,0,0
572.407,1.0000,0,0,0,0
572.446,1.0000,0,0,0,0
572.470,1.0000,0,0,0,0
572.508,1.0000,0,0,0,0
572.532,1.0000,0,0,0,0
572.572,1.0000,0,0,0,0
572.599,1.0000,0,0,0,0
572.640,1.0000,0,0,0,0
572.670,1.0000,0,0,0,0
572.704,1.0000,0,0,0,0
572.737,1.0000,0,0,0,0
572.774,1.0000,0,0,0,0
572.807,1.0000,0,0,0,0
572.837,1.0000,0,0,0,0
572.876,1.0000,0,0,0,0
572.898,1.0000,0,0,0,0
572.937,1.0000,0,0,0,0
572.964,1.0000,0,0,0,0
573.005,1.0000,0,0,0,0
573.039,1.0000,0,0,0,0
573.075,1.0000,0,0,0,0
573.106,1.0000,0,0,0,0
573.138,1.0000,0,0,0,0
573.173,1.0000,0,0,0,0
573.208,1.0000,0,0,0,0
573.238,1.0000,0,0,0,0
573.273,1.0000,0,0,0,0
573.307,1.0000,0,0,0,0
573.342,1.0000,0,0,0,0
573.372,1.0000,0,0,0,0
573.407,1.0000,0,0,0,0
573.439,1.0000,0,0,0,0
573.478,1.0000,0,0,0,0
573.498,1.0000,0,0,0,0
573.541,1.0000,0,0,0,0
573.576,1.0000,0,0,0,0
573.604,1.0000,0,0,0,0
573.640,1.0000,0,0,0,0
573.671,1.0000,0,0,0,0
573.710,1.0000,0,0,0,0
573.737,1.0000,0,0,0,0
573.772,1.0000,0,0,0,0
573.811,1.0000,0,0,0,0
573.840,1.0000,0,0,0,0
573.873,1.0000,0,0,0,0
573.913,1.0000,0,0,0,0
573.934,1.0000,0,0,0,0
573.971,1.0000,0,0,0,0
574.005,1.0000,0,0,0,0
574.042,1.0000,0,0,0,0
574.074,1.0000,0,0,0,0
574.109,1.0000,0,0,0,0
574.140,1.0000,0,0,0,0
574.173,1.0000,0,0,0,0
574.208,1.0000,0,0,0,0
574.239,1.0000,0,0,0,0
574.274,1.0000,0,0,0,0
574.309,1.0000,0,0,0,0
574.338,1.0000,0,0,0,0
574.374,1.0000,0,0,0,0
574.409,1.0000,0,0,0,0
574.438,1.0000,0,0,0,0
574.473,1.0000,0,0,0,0
574.507,1.0000,0,0,0,0
574.539,1.0000,0,0,0,0
574.573,1.0000,0,0,0,0
574.606,1.0000,0,0,0,0
574.640,1.0000,0,0,0,0
574.674,1.0000,0,0,0,0
574.705,1.0000,0,0,0,0
574.739,1.0000,0,0,0,0
574.772,1.0000,0,0,0,0
574.807,1.0000,0,0,0,0
574.842,1.0000,0,0,0,0
574.872,1.0000,0,0,0,0
574.907,1.0000,0,0,0,0
574.940,1.0000,0,0,0,0
574.974,1.0000,0,0,0,0
575.005,1.0000,0,0,0,0
575.038,1.0000,0,0,0,0
575.072,1.0000,0,0,0,0
575.107,1.0000,0,0,0,0
575.143,1.0000,0,0,0,0
575.172,1.0000,0,0,0,0
575.208,1.0000,0,0,0,0
575.238,1.0000,0,0,0,0
575.271,1.0000,0,0,0,0
575.305,1.0000,0,0,0,0
575.339,1.0000,0,0,0,0
575.372,1.0000,0,0,0,0
575.402,1.0000,0,0,0,0
575.441,1.0000,0,0,0,0
575.473,1.0000,0,0,0,0
575.506,1.0000,0,0,0,0
575.540,1.0000,0,0,0,0
575.572,1.0000,0,0,0,0
575.606,1.0000,0,0,0,0
575.643,1.0000,0,0,0,0
575.673,1.0000,0,0,0,0
575.705,1.0000,0,0,0,0
575.740,1.0000,0,0,0,0
575.771,1.0000,0,0,0,0
575.806,1.0000,0,0,0,0
575.838,1.0000,0,0,0,0
575.875,1.0000,0,0,0,0
575.908,1.0000,0,0,0,0
575.937,1.0000,0,0,0,0
575.977,1.0000,0,0,0,0
576.004,1.0000,0,0,0,0
576.040,1.0000,0,0,0,0
576.073,1.0000,0,0,0,0
576.110,1.0000,0,0,0,0
576.139,1.0000,0,0,0,0
576.172,1.0000,0,0,0,0
576.205,1.0000,0,0,0,0
576.240,1.0000,0,0,0,0
576.274,1.0000,0,0,0,0
576.305,1.0000,0,0,0,0
576.339,1.0000,0,0,0,0
576.372,1.0000,0,0,0,0
576.434,1.0000,0,0,0,0
576.491,1.0000,0,0,0,0
576.506,1.0000,0,0,0,0
576.535,1.0000,0,0,0,0
576.570,1.0000,0,0,0,0
576.601,1.0000,0,0,0,0
576.635,1.0000,0,0,0,0
576.670,1.0000,0,0,0,0
576.702,1.0000,0,0,0,0
576.737,1.0000,0,0,0,0
576.767,1.0000,0,0,0,0
576.805,1.0000,0,0,0,0
576.837,1.0000,0,0,0,0
576.866,1.0000,0,0,0,0
576.900,1.0000,0,0,0,0
576.934,1.0000,0,0,0,0
576.966,1.0000,0,0,0,0
577.005,1.0000,0,0,0,0
577.033,1.0000,0,0,0,0
577.068,1.0000,0,0,0,0
577.103,1.0000,0,0,0,0
577.134,1.0000,0,0,0,0
577.172,1.0000,0,0,0,0
577.203,1.0000,0,0,0,0
577.238,1.0000,0,0,0,0
577.270,1.0000,0,0,0,0
577.303,1.0000,0,0,0,0
577.335,1.0000,0,0,0,0
577.369,1.0000,0,0,0,0
577.400,1.0000,0,0,0,0
577.435,1.0000,0,0,0,0
577.467,1.0000,0,0,0,0
577.505,1.0000,0,0,0,0
577.537,1.0000,0,0,0,0
577.569,1.0000,0,0,0,0
577.604,1.0000,0,0,0,0
577.632,1.0000,0,0,0,0
577.671,1.0000,0,0,0,0
577.700,1.0000,0,0,0,0
577.739,1.0000,0,0,0,0
577.772,1.0000,0,0,0,0
577.804,1.0000,0,0,0,0
577.837,1.0000,0,0,0,0
577.866,1.0000,0,0,0,0
577.904,1.0000,0,0,0,0
577.934,1.0000,0,0,0,0
577.966,1.0000,0,0,0,0
578.002,1.0000,0,0,0,0
578.034,1.0000,0,0,0,0
578.066,1.0000,0,0,0,0
578.101,1.0000,0,0,0,0
578.132,1.0000,0,0,0,0
578.169,1.0000,0,0,0,0
578.203,1.0000,0,0,0,0
578.238,1.0000,0,0,0,0
578.267,1.0000,0,0,0,0
578.302,1.0000,0,0,0,0
578.337,1.0000,0,0,0,0
578.359,1.0000,0,0,0,0
578.405,1.0000,0,0,0,0
578.427,1.0000,0,0,0,0
578.470,1.0000,0,0,0,0
578.502,1.0000,0,0,0,0
578.537,1.0000,0,0,0,0
578.567,1.0000,0,0,0,0
578.606,1.0000,0,0,0,0
578.626,1.0000,0,0,0,0
578.669,1.0000,0,0,0,0
578.699,1.0000,0,0,0,0
578.734,1.0000,0,0,0,0
578.772,1.0000,0,0,0,0
578.803,1.0000,0,0,0,0
578.838,1.0000,0,0,0,0
578.869,1.0000,0,0,0,0
578.900,1.0000,0,0,0,0
578.937,1.0000,0,0,0,0
578.969,1.0000,0,0,0,0
579.003,1.0000,0,0,0,0
579.034,1.0000,0,0,0,0
579.069,1.0000,0,0,0,0
579.104,1.0000,0,0,0,0
579.134,1.0000,0,0,0,0
579.170,1.0000,0,0,0,0
579.199,1.0000,0,0,0,0
579.232,1.0000,0,0,0,0
579.270,1.0000,0,0,0,0
579.300,1.0000,0,0,0,0
579.334,1.0000,0,0,0,0
579.370,1.0000,0,0,0,0
579.405,1.0000,0,0,0,0
579.437,1.0000,0,0,0,0
579.469,1.0000,0,0,0,0
579.502,1.0000,0,0,0,0
579.537,1.0000,0,0,0,0
579.568,1.0000,0,0,0,0
579.602,1.0000,0,0,0,0
579.634,1.0000,0,0,0,0
579.671,1.0000,0,0,0,0
579.705,1.0000,0,0,0,0
579.736,1.0000,0,0,0,0
579.771,1.0000,0,0,0,0
579.800,1.0000,0,0,0,0
579.834,1.0000,0,0,0,0
579.872,1.0000,0,0,0,0
579.900,1.0000,0,0,0,0
579.934,1.0000,0,0,0,0
579.967,1.0000,0,0,0,0
580.002,1.0000,0,0,0,0
580.035,1.0000,0,0,0,0
580.069,1.0000,0,0,0,0
580.101,1.0000,0,0,0,0
580.133,1.0000,0,0,0,0
580.169,1.0000,0,0,0,0
580.204,1.0000,0,0,0,0
580.232,1.0000,0,0,0,0
580.267,1.0000,0,0,0,0
580.303,1.0000,0,0,0,0
580.337,1.0000,0,0,0,0
580.367,1.0000,0,0,0,0
580.404,1.0000,0,0,0,0
580.437,1.0000,0,0,0,0
580.471,1.0000,0,0,0,0
580.503,1.0000,0,0,0,0
580.538,1.0000,0,0,0,0
580.567,1.0000,0,0,0,0
580.602,1.0000,0,0,0,0
580.634,1.0000,0,0,0,0
580.669,1.0000,0,0,0,0
580.703,1.0000,0,0,0,0
580.737,1.0000,0,0,0,0
580.769,1.0000,0,0,0,0
580.803,1.0000,0,0,0,0
580.838,1.0000,0,0,0,0
580.869,1.0000,0,0,0,0
580.904,1.0000,0,0,0,0
580.936,1.0000,0,0,0,0
580.968,1.0000,0,0,0,0
581.005,1.0000,0,0,0,0
581.034,1.0000,0,0,0,0
581.070,1.0000,0,0,0,0
581.102,1.0000,0,0,0,0
581.136,1.0000,0,0,0,0
581.168,1.0000,0,0,0,0
581.201,1.0000,0,0,0,0
581.234,1.0000,0,0,0,0
581.268,1.0000,0,0,0,0
581.301,1.0000,0,0,0,0
581.334,1.0000,0,0,0,0
581.368,1.0000,0,0,0,0
581.403,1.0000,0,0,0,0
581.436,1.0000,0,0,0,0
581.470,1.0000,0,0,0,0
581.501,1.0000,0,0,0,0
581.532,1.0000,0,0,0,0
581.557,1.0000,0,0,0,0
581.603,1.0000,0,0,0,0
581.635,1.0000,0,0,0,0
581.671,1.0000,0,0,0,0
581.703,1.0000,0,0,0,0
581.734,1.0000,0,0,0,0
581.769,1.0000,0,0,0,0
581.802,1.0000,0,0,0,0
581.837,1.0000,0,0,0,0
581.866,1.0000,0,0,0,0
581.907,1.0000,0,0,0,0
581.930,1.0000,0,0,0,0
581.974,1.0000,0,0,0,0
581.995,1.0000,0,0,0,0
582.037,1.0000,0,0,0,0
582.072,1.0000,0,0,0,0
582.104,1.0000,0,0,0,0
582.138,1.0000,0,0,0,0
582.171,1.0000,0,0,0,0
582.207,1.0000,0,0,0,0
582.237,1.0000,0,0,0,0
582.269,1.0000,0,0,0,0
582.303,1.0000,0,0,0,0
582.337,1.0000,0,0,0,0
582.369,1.0000,0,0,0,0
582.402,1.0000,0,0,0,0
582.435,1.0000,0,0,0,0
582.471,1.0000,0,0,0,0
582.505,1.0000,0,0,0,0
582.539,1.0000,0,0,0,0
582.570,1.0000,0,0,0,0
582.602,1.0000,0,0,0,0
582.638,1.0000,0,0,0,0
582.673,1.0000,0,0,0,0
582.707,1.0000,0,0,0,0
582.739,1.0000,0,0,0,0
582.767,1.0000,0,0,0,0
582.809,1.0000,0,0,0,0
582.831,1.0000,0,0,0,0
582.873,1.0000,0,0,0,0
582.895,1.0000,0,0,0,0
582.939,1.0000,0,0,0,0
582.961,1.0000,0,0,0,0
583.005,1.0000,0,0,0,0
583.028,1.0000,0,0,0,0
583.069,1.0000,0,0,0,0
583.106,1.0000,0,0,0,0
583.140,1.0000,0,0,0,0
583.164,1.0000,0,0,0,0
583.204,1.0000,0,0,0,0
583.239,1.0000,0,0,0,0
583.273,1.0000,0,0,0,0
583.307,1.0000,0,0,0,0
583.330,1.0000,0,0,0,0
583.375,1.0000,0,0,0,0
583.402,1.0000,0,0,0,0
583.430,1.0000,0,0,0,0
583.473,1.0000,0,0,0,0
583.507,1.0000,0,0,0,0
583.541,1.0000,0,0,0,0
583.572,1.0000,0,0,0,0
583.602,1.0000,0,0,0,0
583.640,1.0000,0,0,0,0
583.669,1.0000,0,0,0,0
583.705,1.0000,0,0,0,0
583.739,1.0000,0,0,0,0
583.771,1.0000,0,0,0,0
583.804,1.0000,0,0,0,0
583.836,1.0000,0,0,0,0
583.871,1.0000,0,0,0,0
583.903,1.0000,0,0,0,0
583.937,1.0000,0,0,0,0
583.970,1.0000,0,0,0,0
584.003,1.0000,0,0,0,0
584.039,1.0000,0,0,0,0
584.069,1.0000,0,0,0,0
584.102,1.0000,0,0,0,0
584.138,1.0000,0,0,0,0
584.172,1.0000,0,0,0,0
584.204,1.0000,0,0,0,0
584.240,1.0000,0,0,0,0
584.270,1.0000,0,0,0,0
584.307,1.0000,0,0,0,0
584.337,1.0000,0,0,0,0
584.369,1.0000,0,0,0,0
584.406,1.0000,0,0,0,0
584.436,1.0000,0,0,0,0
584.471,1.0000,0,0,0,0
584.505,1.0000,0,0,0,0
584.534,1.0000,0,0,0,0
584.570,1.0000,0,0,0,0
584.603,1.0000,0,0,0,0
584.636,1.0000,0,0,0,0
584.670,1.0000,0,0,0,0
584.703,1.0000,0,0,0,0
584.739,1.0000,0,0,0,0
584.772,1.0000,0,0,0,0
584.806,1.0000,0,0,0,0
584.834,1.0000,0,0,0,0
584.862,1.0000,0,0,0,0
584.900,1.0000,0,0,0,0
584.939,1.0000,0,0,0,0
584.969,1.0000,0,0,0,0
585.004,1.0000,0,0,0,0
585.036,1.0000,0,0,0,0
585.072,1.0000,0,0,0,0
585.102,1.0000,0,0,0,0
585.138,1.0000,0,0,0,0
585.171,1.0000,0,0,0,0
585.206,1.0000,0,0,0,0
585.236,1.0000,0,0,0,0
585.271,1.0000,0,0,0,0
585.303,1.0000,0,0,0,0
585.338,1.0000,0,0,0,0
585.370,1.0000,0,0,0,0
585.403,1.0000,0,0,0,0
585.440,1.0000,0,0,0,0
585.469,1.0000,0,0,0,0
585.502,1.0000,0,0,0,0
585.537,1.0000,0,0,0,0
585.570,1.0000,0,0,0,0
585.606,1.0000,0,0,0,0
585.636,1.0000,0,0,0,0
585.669,1.0000,0,0,0,0
585.706,1.0000,0,0,0,0
585.740,1.0000,0,0,0,0
585.771,1.0000,0,0,0,0
585.805,1.0000,0,0,0,0
585.831,1.0000,0,0,0,0
585.871,1.0000,0,0,0,0
585.896,1.0000,0,0,0,0
585.943,1.0000,0,0,0,0
585.968,1.0000,0,0,0,0
586.005,1.0000,0,0,0,0
586.035,1.0000,0,0,0,0
586.071,1.0000,0,0,0,0
586.104,1.0000,0,0,0,0
586.139,1.0000,0,0,0,0
586.172,1.0000,0,0,0,0
586.202,1.0000,0,0,0,0
586.236,1.0000,0,0,0,0
586.272,1.0000,0,0,0,0
586.307,1.0000,0,0,0,0
586.336,1.0000,0,0,0,0
586.371,1.0000,0,0,0,0
586.405,1.0000,0,0,0,0
586.438,1.0000,0,0,0,0
586.473,1.0000,0,0,0,0
586.500,1.0000,0,0,0,0
586.540,1.0000,0,0,0,0
586.570,1.0000,0,0,0,0
586.606,1.0000,0,0,0,0
586.636,1.0000,0,0,0,0
586.673,1.0000,0,0,0,0
586.707,1.0000,0,0,0,0
586.738,1.0000,0,0,0,0
586.773,1.0000,0,0,0,0
586.806,1.0000,0,0,0,0
586.837,1.0000,0,0,0,0
586.870,1.0000,0,0,0,0
586.904,1.0000,0,0,0,0
586.940,1.0000,0,0,0,0
586.972,1.0000,0,0,0,0
587.004,1.0000,0,0,0,0
587.042,1.0000,0,0,0,0
587.073,1.0000,0,0,0,0
587.109,1.0000,0,0,0,0
587.142,1.0000,0,0,0,0
587.177,1.0000,0,0,0,0
587.204,1.0000,0,0,0,0
587.237,1.0000,0,0,0,0
587.268,1.0000,0,0,0,0
587.305,1.0000,0,0,0,0
587.341,1.0000,0,0,0,0
587.367,1.0000,0,0,0,0
587.407,1.0000,0,0,0,0
587.434,1.0000,0,0,0,0
587.470,1.0000,0,0,0,0
587.506,1.0000,0,0,0,0
587.537,1.0000,0,0,0,0
587.571,1.0000,0,0,0,0
587.605,1.0000,0,0,0,0
587.639,1.0000,0,0,0,0
587.672,1.0000,0,0,0,0
587.706,1.0000,0,0,0,0
587.739,1.0000,0,0,0,0
587.771,1.0000,0,0,0,0
587.805,1.0000,0,0,0,0
587.838,1.0000,0,0,0,0
587.872,1.0000,0,0,0,0
587.905,1.0000,0,0,0,0
587.942,1.0000,0,0,0,0
587.973,1.0000,0,0,0,0
588.007,1.0000,0,0,0,0
588.039,1.0000,0,0,0,0
588.075,1.0000,0,0,0,0
588.098,1.0000,0,0,0,0
588.136,1.0000,0,0,0,0
588.175,1.0000,0,0,0,0
588.199,1.0000,0,0,0,0
588.239,1.0000,0,0,0,0
588.271,1.0000,0,0,0,0
588.306,1.0000,0,0,0,0
588.339,1.0000,0,0,0,0
588.372,1.0000,0,0,0,0
588.407,1.0000,0,0,0,0
588.439,1.0000,0,0,0,0
588.471,1.0000,0,0,0,0
588.506,1.0000,0,0,0,0
588.541,1.0000,0,0,0,0
588.571,1.0000,0,0,0,0
588.609,1.0000,0,0,0,0
588.638,1.0000,0,0,0,0
588.672,1.0000,0,0,0,0
588.708,1.0000,0,0,0,0
588.739,1.0000,0,0,0,0
588.775,1.0000,0,0,0,0
588.808,1.0000,0,0,0,0
588.837,1.0000,0,0,0,0
588.875,1.0000,0,0,0,0
588.907,1.0000,0,0,0,0
588.940,1.0000,0,0,0,0
588.974,1.0000,0,0,0,0
589.007,1.0000,0,0,0,0
589.039,1.0000,0,0,0,0
589.070,1.0000,0,0,0,0
589.105,1.0000,0,0,0,0
589.136,1.0000,0,0,0,0
589.174,1.0000,0,0,0,0
589.204,1.0000,0,0,0,0
589.237,1.0000,0,0,0,0
589.273,1.0000,0,0,0,0
589.303,1.0000,0,0,0,0
589.337,1.0000,0,0,0,0
589.372,1.0000,0,0,0,0
589.404,1.0000,0,0,0,0
589.440,1.0000,0,0,0,0
589.470,1.0000,0,0,0,0
589.508,1.0000,0,0,0,0
589.538,1.0000,0,0,0,0
589.574,1.0000,0,0,0,0
589.604,1.0000,0,0,0,0
589.637,1.0000,0,0,0,0
589.674,1.0000,0,0,0,0
589.704,1.0000,0,0,0,0
589.743,1.0000,0,0,0,0
589.773,1.0000,0,0,0,0
589.804,1.0000,0,0,0,0
589.839,1.0000,0,0,0,0
589.876,1.0000,0,0,0,0
589.904,1.0000,0,0,0,0
589.939,1.0000,0,0,0,0
589.974,1.0000,0,0,0,0
590.007,1.0000,0,0,0,0
590.038,1.0000,0,0,0,0
590.074,1.0000,0,0,0,0
590.104,1.0000,0,0,0,0
590.137,1.0000,0,0,0,0
590.172,1.0000,0,0,0,0
590.203,1.0000,0,0,0,0
590.239,1.0000,0,0,0,0
590.271,1.0000,0,0,0,0
590.306,1.0000,0,0,0,0
590.337,1.0000,0,0,0,0
590.374,1.0000,0,0,0,0
590.408,1.0000,0,0,0,0
590.441,1.0000,0,0,0,0
590.470,1.0000,0,0,0,0
590.506,1.0000,0,0,0,0
590.540,1.0000,0,0,0,0
590.571,1.0000,0,0,0,0
590.609,1.0000,0,0,0,0
590.638,1.0000,0,0,0,0
590.673,1.0000,0,0,0,0
590.705,1.0000,0,0,0,0
590.738,1.0000,0,0,0,0
590.771,1.0000,0,0,0,0
590.807,1.0000,0,0,0,0
590.837,1.0000,0,0,0,0
590.875,1.0000,0,0,0,0
590.907,1.0000,0,0,0,0
590.940,1.0000,0,0,0,0
590.972,1.0000,0,0,0,0
591.004,1.0000,0,0,0,0
591.040,1.0000,0,0,0,0
591.070,1.0000,0,0,0,0
591.107,1.0000,0,0,0,0
591.142,1.0000,0,0,0,0
591.172,1.0000,0,0,0,0
591.209,1.0000,0,0,0,0
591.237,1.0000,0,0,0,0
591.279,1.0000,0,0,0,0
591.307,1.0000,0,0,0,0
591.340,1.0000,0,0,0,0
591.371,1.0000,0,0,0,0
591.407,1.0000,0,0,0,0
591.439,1.0000,0,0,0,0
591.475,1.0000,0,0,0,0
591.504,1.0000,0,0,0,0
591.540,1.0000,0,0,0,0
591.562,1.0000,0,0,0,0
591.607,1.0000,0,0,0,0
591.636,1.0000,0,0,0,0
591.673,1.0000,0,0,0,0
591.706,1.0000,0,0,0,0
591.739,1.0000,0,0,0,0
591.772,1.0000,0,0,0,0
591.806,1.0000,0,0,0,0
591.840,1.0000,0,0,0,0
591.872,1.0000,0,0,0,0
591.904,1.0000,0,0,0,0
591.939,1.0000,0,0,0,0
591.972,1.0000,0,0,0,0
592.006,1.0000,0,0,0,0
592.038,1.0000,0,0,0,0
592.073,1.0000,0,0,0,0
592.104,1.0000,0,0,0,0
592.141,1.0000,0,0,0,0
592.171,1.0000,0,0,0,0
592.205,1.0000,0,0,0,0
592.239,1.0000,0,0,0,0
592.274,1.0000,0,0,0,0
592.307,1.0000,0,0,0,0
592.338,1.0000,0,0,0,0
592.373,1.0000,0,0,0,0
592.406,1.0000,0,0,0,0
592.442,1.0000,0,0,0,0
592.472,1.0000,0,0,0,0
592.505,1.0000,0,0,0,0
592.537,1.0000,0,0,0,0
592.570,1.0000,0,0,0,0
592.604,1.0000,0,0,0,0
592.641,1.0000,0,0,0,0
592.671,1.0000,0,0,0,0
592.709,1.0000,0,0,0,0
592.739,1.0000,0,0,0,0
592.773,1.0000,0,0,0,0
592.804,1.0000,0,0,0,0
592.838,1.0000,0,0,0,0
592.871,1.0000,0,0,0,0
592.907,1.0000,0,0,0,0
592.940,1.0000,0,0,0,0
592.971,1.0000,0,0,0,0
593.006,1.0000,0,0,0,0
593.041,1.0000,0,0,0,0
593.071,1.0000,0,0,0,0
593.104,1.0000,0,0,0,0
593.139,1.0000,0,0,0,0
593.170,1.0000,0,0,0,0
593.205,1.0000,0,0,0,0
593.241,1.0000,0,0,0,0
593.274,1.0000,0,0,0,0
593.304,1.0000,0,0,0,0
593.341,1.0000,0,0,0,0
593.374,1.0000,0,0,0,0
593.409,1.0000,0,0,0,0
593.430,1.0000,0,0,0,0
593.474,1.0000,0,0,0,0
593.503,1.0000,0,0,0,0
593.541,1.0000,0,0,0,0
593.574,1.0000,0,0,0,0
593.606,1.0000,0,0,0,0
593.638,1.0000,0,0,0,0
593.671,1.0000,0,0,0,0
593.705,1.0000,0,0,0,0
593.738,1.0000,0,0,0,0
593.772,1.0000,0,0,0,0
593.806,1.0000,0,0,0,0
593.837,1.0000,0,0,0,0
593.875,1.0000,0,0,0,0
593.905,1.0000,0,0,0,0
593.942,1.0000,0,0,0,0
593.975,1.0000,0,0,0,0
594.007,1.0000,0,0,0,0
594.041,1.0000,0,0,0,0
594.073,1.0000,0,0,0,0
594.103,1.0000,0,0,0,0
594.135,1.0000,0,0,0,0
594.254,1.0000,0,0,0,0
594.300,1.0000,0,0,0,0
594.315,1.0000,0,0,0,0
594.349,1.0000,0,0,0,0
594.383,1.0000,0,0,0,0
594.414,1.0000,0,0,0,0
594.455,1.0000,0,0,0,0
594.474,1.0000,0,0,0,0
594.513,1.0000,0,0,0,0
594.549,1.0000,0,0,0,0
594.583,1.0000,0,0,0,0
594.620,1.0000,0,0,0,0
594.646,1.0000,0,0,0,0
594.685,1.0000,0,0,0,0
594.709,1.0000,0,0,0,0
594.749,1.0000,0,0,0,0
594.783,1.0000,0,0,0,0
594.817,1.0000,0,0,0,0
594.850,1.0000,0,0,0,0
594.882,1.0000,0,0,0,0
594.915,1.0000,0,0,0,0
594.949,1.0000,0,0,0,0
594.975,1.0000,0,0,0,0
595.019,1.0000,0,0,0,0
595.042,1.0000,0,0,0,0
595.082,1.0000,0,0,0,0
595.115,1.0000,0,0,0,0
595.150,1.0000,0,0,0,0
595.183,1.0000,0,0,0,0
595.205,1.0000,0,0,0,0
595.250,1.0000,0,0,0,0
595.274,1.0000,0,0,0,0
595.317,1.0000,0,0,0,0
595.341,1.0000,0,0,0,0
595.379,1.0000,0,0,0,0
595.420,1.0000,0,0,0,0
595.446,1.0000,0,0,0,0
595.481,1.0000,0,0,0,0
595.516,1.0000,0,0,0,0
595.547,1.0000,0,0,0,0
595.582,1.0000,0,0,0,0
595.614,1.0000,0,0,0,0
595.650,1.0000,0,0,0,0
595.684,1.0000,0,0,0,0
595.715,1.0000,0,0,0,0
595.750,1.0000,0,0,0,0
595.781,1.0000,0,0,0,0
595.817,1.0000,0,0,0,0
595.850,1.0000,0,0,0,0
595.883,1.0000,0,0,0,0
595.916,1.0000,0,0,0,0
595.950,1.0000,0,0,0,0
595.982,1.0000,0,0,0,0
596.014,1.0000,0,0,0,0
596.047,1.0000,0,0,0,0
596.081,1.0000,0,0,0,0
596.114,1.0000,0,0,0,0
596.148,1.0000,0,0,0,0
596.180,1.0000,0,0,0,0
596.213,1.0000,0,0,0,0
596.251,1.0000,0,0,0,0
596.280,1.0000,0,0,0,0
596.320,1.0000,0,0,0,0
596.348,1.0000,0,0,0,0
596.377,1.0000,0,0,0,0
596.414,1.0000,0,0,0,0
596.450,1.0000,0,0,0,0
596.482,1.0000,0,0,0,0
596.518,1.0000,0,0,0,0
596.546,1.0000,0,0,0,0
596.584,1.0000,0,0,0,0
596.606,1.0000,0,0,0,0
596.653,1.0000,0,0,0,0
596.676,1.0000,0,0,0,0
596.713,1.0000,0,0,0,0
596.738,1.0000,0,0,0,0
596.782,1.0000,0,0,0,0
596.807,1.0000,0,0,0,0
596.853,1.0000,0,0,0,0
596.878,1.0000,0,0,0,0
596.916,1.0000,0,0,0,0
596.954,1.0000,0,0,0,0
596.980,1.0000,0,0,0,0
597.020,1.0000,0,0,0,0
597.051,1.0000,0,0,0,0
597.082,1.0000,0,0,0,0
597.116,1.0000,0,0,0,0
597.147,1.0000,0,0,0,0
597.175,1.0000,0,0,0,0
597.214,1.0000,0,0,0,0
597.242,1.0000,0,0,0,0
597.281,1.0000,0,0,0,0
597.313,1.0000,0,0,0,0
597.349,1.0000,0,0,0,0
597.384,1.0000,0,0,0,0
597.419,1.0000,0,0,0,0
597.441,1.0000,0,0,0,0
597.469,1.0000,0,0,0,0
597.517,1.0000,0,0,0,0
597.539,1.0000,0,0,0,0
597.585,1.0000,0,0,0,0
597.617,1.0000,0,0,0,0
597.649,1.0000,0,0,0,0
597.684,1.0000,0,0,0,0
597.716,1.0000,0,0,0,0
597.747,1.0000,0,0,0,0
597.782,1.0000,0,0,0,0
597.815,1.0000,0,0,0,0
597.847,1.0000,0,0,0,0
597.882,1.0000,0,0,0,0
597.916,1.0000,0,0,0,0
597.957,1.0000,0,0,0,0
597.981,1.0000,0,0,0,0
598.018,1.0000,0,0,0,0
598.048,1.0000,0,0,0,0
598.084,1.0000,0,0,0,0
598.118,1.0000,0,0,0,0
598.151,1.0000,0,0,0,0
598.181,1.0000,0,0,0,0
598.215,1.0000,0,0,0,0
598.250,1.0000,0,0,0,0
598.282,1.0000,0,0,0,0
598.314,1.0000,0,0,0,0
598.351,1.0000,0,0,0,0
598.383,1.0000,0,0,0,0
598.415,1.0000,0,0,0,0
598.449,1.0000,0,0,0,0
598.481,1.0000,0,0,0,0
598.517,1.0000,0,0,0,0
598.548,1.0000,0,0,0,0
598.584,1.0000,0,0,0,0
598.616,1.0000,0,0,0,0
598.650,1.0000,0,0,0,0
598.682,1.0000,0,0,0,0
598.714,1.0000,0,0,0,0
598.747,1.0000,0,0,0,0
598.782,1.0000,0,0,0,0
598.815,1.0000,0,0,0,0
598.850,1.0000,0,0,0,0
598.882,1.0000,0,0,0,0
598.914,1.0000,0,0,0,0
598.950,1.0000,0,0,0,0
598.981,1.0000,0,0,0,0
599.016,1.0000,0,0,0,0
599.047,1.0000,0,0,0,0
599.084,1.0000,0,0,0,0
599.115,1.0000,0,0,0,0
599.150,1.0000,0,0,0,0
599.180,1.0000,0,0,0,0
599.214,1.0000,0,0,0,0
599.250,1.0000,0,0,0,0
599.285,1.0000,0,0,0,0
599.310,1.0000,0,0,0,0
599.351,1.0000,0,0,0,0
599.380,1.0000,0,0,0,0
599.417,1.0000,0,0,0,0
599.453,1.0000,0,0,0,0
599.481,1.0000,0,0,0,0
599.515,1.0000,0,0,0,0
599.551,1.0000,0,0,0,0
599.572,1.0000,0,0,0,0
599.616,1.0000,0,0,0,0
599.644,1.0000,0,0,0,0
599.682,1.0000,0,0,0,0
599.718,1.0000,0,0,0,0
599.747,1.0000,0,0,0,0
599.780,1.0000,0,0,0,0
599.817,1.0000,0,0,0,0
599.851,1.0000,0,0,0,0
599.881,1.0000,0,0,0,0
599.921,1.0000,0,0,0,0
599.942,1.0000,0,0,0,0
599.981,1.0000,0,0,0,0
600.017,1.0000,0,0,0,0
600.051,1.0000,0,0,0,0
600.083,1.0000,0,0,0,0
600.127,1.0000,0,0,0,0
600.150,1.0000,0,0,0,0
600.184,1.0000,0,0,0,0
600.217,1.0000,0,0,0,0
600.250,1.0000,0,0,0,0
600.281,1.0000,0,0,0,0
600.317,1.0000,0,0,0,0
600.352,1.0000,0,0,0,0
600.383,1.0000,0,0,0,0
600.414,1.0000,0,0,0,0
600.451,1.0000,0,0,0,0
600.483,1.0000,0,0,0,0
600.514,1.0000,0,0,0,0
600.550,1.0000,0,0,0,0
600.582,1.0000,0,0,0,0
600.615,1.0000,0,0,0,0
600.648,1.0000,0,0,0,0
600.682,1.0000,0,0,0,0
600.717,1.0000,0,0,0,0
600.749,1.0000,0,0,0,0
600.784,1.0000,0,0,0,0
600.815,1.0000,0,0,0,0
600.850,1.0000,0,0,0,0
600.882,1.0000,0,0,0,0
600.917,1.0000,0,0,0,0
600.947,1.0000,0,0,0,0
600.980,1.0000,0,0,0,0
601.016,1.0000,0,0,0,0
601.045,1.0000,0,0,0,0
601.083,1.0000,0,0,0,0
601.114,1.0000,0,0,0,0
601.151,1.0000,0,0,0,0
601.183,1.0000,0,0,0,0
601.216,1.0000,0,0,0,0
601.249,1.0000,0,0,0,0
601.284,1.0000,0,0,0,0
601.316,1.0000,0,0,0,0
601.348,1.0000,0,0,0,0
601.382,1.0000,0,0,0,0
601.415,1.0000,0,0,0,0
601.448,1.0000,0,0,0,0
601.482,1.0000,0,0,0,0
601.516,1.0000,0,0,0,0
601.548,1.0000,0,0,0,0
601.581,1.0000,0,0,0,0
601.615,1.0000,0,0,0,0
601.648,1.0000,0,0,0,0
601.682,1.0000,0,0,0,0
601.716,1.0000,0,0,0,0
601.747,1.0000,0,0,0,0
601.780,1.0000,0,0,0,0
601.817,1.0000,0,0,0,0
601.851,1.0000,0,0,0,0
601.885,1.0000,0,0,0,0
601.916,1.0000,0,0,0,0
601.949,1.0000,0,0,0,0
601.982,1.0000,0,0,0,0
602.017,1.0000,0,0,0,0
602.047,1.0000,0,0,0,0
602.082,1.0000,0,0,0,0
602.114,1.0000,0,0,0,0
602.150,1.0000,0,0,0,0
602.185,1.0000,0,0,0,0
602.218,1.0000,0,0,0,0
602.248,1.0000,0,0,0,0
602.280,1.0000,0,0,0,0
602.315,1.0000,0,0,0,0
602.346,1.0000,0,0,0,0
602.381,1.0000,0,0,0,0
602.416,1.0000,0,0,0,0
602.448,1.0000,0,0,0,0
602.483,1.0000,0,0,0,0
602.516,1.0000,0,0,0,0
602.552,1.0000,0,0,0,0
602.584,1.0000,0,0,0,0
602.606,1.0000,0,0,0,0
602.649,1.0000,0,0,0,0
602.683,1.0000,0,0,0,0
602.719,1.0000,0,0,0,0
602.750,1.0000,0,0,0,0
602.780,1.0000,0,0,0,0
602.814,1.0000,0,0,0,0
602.848,1.0000,0,0,0,0
602.884,1.0000,0,0,0,0
602.915,1.0000,0,0,0,0
602.950,1.0000,0,0,0,0
602.981,1.0000,0,0,0,0
603.014,1.0000,0,0,0,0
603.050,1.0000,0,0,0,0
603.082,1.0000,0,0,0,0
603.114,1.0000,0,0,0,0
603.147,1.0000,0,0,0,0
603.182,1.0000,0,0,0,0
603.215,1.0000,0,0,0,0
603.250,1.0000,0,0,0,0
603.280,1.0000,0,0,0,0
603.319,1.0000,0,0,0,0
603.340,1.0000,0,0,0,0
603.381,1.0000,0,0,0,0
603.416,1.0000,0,0,0,0
603.449,1.0000,0,0,0,0
603.484,1.0000,0,0,0,0
603.506,1.0000,0,0,0,0
603.548,1.0000,0,0,0,0
603.572,1.0000,0,0,0,0
603.615,1.0000,0,0,0,0
603.647,1.0000,0,0,0,0
603.681,1.0000,0,0,0,0
603.707,1.0000,0,0,0,0
603.749,1.0000,0,0,0,0
603.779,1.0000,0,0,0,0
603.819,1.0000,0,0,0,0
603.845,1.0000,0,0,0,0
603.885,1.0000,0,0,0,0
603.918,1.0000,0,0,0,0
603.950,1.0000,0,0,0,0
603.984,1.0000,0,0,0,0
604.014,1.0000,0,0,0,0
604.049,1.0000,0,0,0,0
604.084,1.0000,0,0,0,0
604.117,1.0000,0,0,0,0
604.148,1.0000,0,0,0,0
604.185,1.0000,0,0,0,0
604.213,1.0000,0,0,0,0
604.258,1.0000,0,0,0,0
604.279,1.0000,0,0,0,0
604.316,1.0000,0,0,0,0
604.349,1.0000,0,0,0,0
604.381,1.0000,0,0,0,0
604.414,1.0000,0,0,0,0
604.447,1.0000,0,0,0,0
604.480,1.0000,0,0,0,0
604.507,1.0000,0,0,0,0
604.542,1.0000,0,0,0,0
604.572,1.0000,0,0,0,0
604.619,1.0000,0,0,0,0
604.652,1.0000,0,0,0,0
604.683,1.0000,0,0,0,0
604.719,1.0000,0,0,0,0
604.750,1.0000,0,0,0,0
604.783,1.0000,0,0,0,0
604.821,1.0000,0,0,0,0
604.848,1.0000,0,0,0,0
604.886,1.0000,0,0,0,0
604.919,1.0000,0,0,0,0
604.950,1.0000,0,0,0,0
604.984,1.0000,0,0,0,0
605.018,1.0000,0,0,0,0
605.049,1.0000,0,0,0,0
605.085,1.0000,0,0,0,0
605.118,1.0000,0,0,0,0
605.150,1.0000,0,0,0,0
605.186,1.0000,0,0,0,0
605.217,1.0000,0,0,0,0
605.251,1.0000,0,0,0,0
605.284,1.0000,0,0,0,0
605.317,1.0000,0,0,0,0
605.349,1.0000,0,0,0,0
605.386,1.0000,0,0,0,0
605.419,1.0000,0,0,0,0
605.450,1.0000,0,0,0,0
605.485,1.0000,0,0,0,0
605.517,1.0000,0,0,0,0
605.553,1.0000,0,0,0,0
605.576,1.0000,0,0,0,0
605.618,1.0000,0,0,0,0
605.650,1.0000,0,0,0,0
605.687,1.0000,0,0,0,0
605.716,1.0000,0,0,0,0
605.750,1.0000,0,0,0,0
605.784,1.0000,0,0,0,0
605.816,1.0000,0,0,0,0
605.851,1.0000,0,0,0,0
605.887,1.0000,0,0,0,0
605.915,1.0000,0,0,0,0
605.953,1.0000,0,0,0,0
605.985,1.0000,0,0,0,0
606.019,1.0000,0,0,0,0
606.049,1.0000,0,0,0,0
606.085,1.0000,0,0,0,0
606.116,1.0000,0,0,0,0
606.149,1.0000,0,0,0,0
606.186,1.0000,0,0,0,0
606.216,1.0000,0,0,0,0
606.249,1.0000,0,0,0,0
606.284,1.0000,0,0,0,0
606.318,1.0000,0,0,0,0
606.351,1.0000,0,0,0,0
606.383,1.0000,0,0,0,0
606.417,1.0000,0,0,0,0
606.449,1.0000,0,0,0,0
606.484,1.0000,0,0,0,0
606.520,1.0000,0,0,0,0
606.550,1.0000,0,0,0,0
606.586,1.0000,0,0,0,0
606.616,1.0000,0,0,0,0
606.650,1.0000,0,0,0,0
606.685,1.0000,0,0,0,0
606.720,1.0000,0,0,0,0
606.752,1.0000,0,0,0,0
606.781,1.0000,0,0,0,0
606.820,1.0000,0,0,0,0
606.849,1.0000,0,0,0,0
606.885,1.0000,0,0,0,0
606.919,1.0000,0,0,0,0
606.950,1.0000,0,0,0,0
606.984,1.0000,0,0,0,0
607.016,1.0000,0,0,0,0
607.052,1.0000,0,0,0,0
607.084,1.0000,0,0,0,0
607.116,1.0000,0,0,0,0
607.150,1.0000,0,0,0,0
607.185,1.0000,0,0,0,0
607.216,1.0000,0,0,0,0
607.252,1.0000,0,0,0,0
607.284,1.0000,0,0,0,0
607.319,1.0000,0,0,0,0
607.354,1.0000,0,0,0,0
607.387,1.0000,0,0,0,0
607.419,1.0000,0,0,0,0
607.454,1.0000,0,0,0,0
607.488,1.0000,0,0,0,0
607.518,1.0000,0,0,0,0
607.559,1.0000,0,0,0,0
607.586,1.0000,0,0,0,0
607.619,1.0000,0,0,0,0
607.652,1.0000,0,0,0,0
607.675,1.0000,0,0,0,0
607.717,1.0000,0,0,0,0
607.750,1.0000,0,0,0,0
607.788,1.0000,0,0,0,0
607.818,1.0000,0,0,0,0
607.852,1.0000,0,0,0,0
607.887,1.0000,0,0,0,0
607.918,1.0000,0,0,0,0
607.954,1.0000,0,0,0,0
607.986,1.0000,0,0,0,0
608.019,1.0000,0,0,0,0
608.049,1.0000,0,0,0,0
608.084,1.0000,0,0,0,0
608.118,1.0000,0,0,0,0
608.149,1.0000,0,0,0,0
608.187,1.0000,0,0,0,0
608.216,1.0000,0,0,0,0
608.253,1.0000,0,0,0,0
608.286,1.0000,0,0,0,0
608.316,1.0000,0,0,0,0
608.352,1.0000,0,0,0,0
608.383,1.0000,0,0,0,0
608.416,1.0000,0,0,0,0
608.452,1.0000,0,0,0,0
608.487,1.0000,0,0,0,0
608.519,1.0000,0,0,0,0
608.553,1.0000,0,0,0,0
608.586,1.0000,0,0,0,0
608.619,1.0000,0,0,0,0
608.649,1.0000,0,0,0,0
608.684,1.0000,0,0,0,0
608.716,1.0000,0,0,0,0
608.751,1.0000,0,0,0,0
608.784,1.0000,0,0,0,0
608.817,1.0000,0,0,0,0
608.853,1.0000,0,0,0,0
608.886,1.0000,0,0,0,0
608.908,1.0000,0,0,0,0
608.950,1.0000,0,0,0,0
608.985,1.0000,0,0,0,0
609.020,1.0000,0,0,0,0
609.052,1.0000,0,0,0,0
609.085,1.0000,0,0,0,0
609.117,1.0000,0,0,0,0
609.155,1.0000,0,0,0,0
609.178,1.0000,0,0,0,0
609.217,1.0000,0,0,0,0
609.251,1.0000,0,0,0,0
609.286,1.0000,0,0,0,0
609.319,1.0000,0,0,0,0
609.350,1.0000,0,0,0,0
609.384,1.0000,0,0,0,0
609.419,1.0000,0,0,0,0
609.453,1.0000,0,0,0,0
609.483,1.0000,0,0,0,0
609.519,1.0000,0,0,0,0
609.553,1.0000,0,0,0,0
609.586,1.0000,0,0,0,0
609.617,1.0000,0,0,0,0
609.650,1.0000,0,0,0,0
609.686,1.0000,0,0,0,0
609.717,1.0000,0,0,0,0
609.753,1.0000,0,0,0,0
609.786,1.0000,0,0,0,0
609.819,1.0000,0,0,0,0
609.852,1.0000,0,0,0,0
609.883,1.0000,0,0,0,0
609.919,1.0000,0,0,0,0
609.952,1.0000,0,0,0,0
609.985,1.0000,0,0,0,0
610.018,1.0000,0,0,0,0
610.052,1.0000,0,0,0,0
610.086,1.0000,0,0,0,0
610.115,1.0000,0,0,0,0
610.149,1.0000,0,0,0,0
610.183,1.0000,0,0,0,0
610.221,1.0000,0,0,0,0
610.250,1.0000,0,0,0,0
610.285,1.0000,0,0,0,0
610.316,1.0000,0,0,0,0
610.350,1.0000,0,0,0,0
610.385,1.0000,0,0,0,0
610.419,1.0000,0,0,0,0
610.453,1.0000,0,0,0,0
610.485,1.0000,0,0,0,0
610.515,1.0000,0,0,0,0
610.553,1.0000,0,0,0,0
610.587,1.0000,0,0,0,0
610.608,1.0000,0,0,0,0
610.653,1.0000,0,0,0,0
610.686,1.0000,0,0,0,0
610.719,1.0000,0,0,0,0
610.750,1.0000,0,0,0,0
610.786,1.0000,0,0,0,0
610.807,1.0000,0,0,0,0
610.848,1.0000,0,0,0,0
610.885,1.0000,0,0,0,0
610.913,1.0000,0,0,0,0
610.950,1.0000,0,0,0,0
610.983,1.0000,0,0,0,0
611.016,1.0000,0,0,0,0
611.050,1.0000,0,0,0,0
611.083,1.0000,0,0,0,0
611.117,1.0000,0,0,0,0
611.148,1.0000,0,0,0,0
611.185,1.0000,0,0,0,0
611.217,1.0000,0,0,0,0
611.253,1.0000,0,0,0,0
611.283,1.0000,0,0,0,0
611.320,1.0000,0,0,0,0
611.351,1.0000,0,0,0,0
611.384,1.0000,0,0,0,0
611.416,1.0000,0,0,0,0
611.449,1.0000,0,0,0,0
611.484,1.0000,0,0,0,0
611.594,1.0000,0,0,0,0
611.627,1.0000,0,0,0,0
611.639,1.0000,0,0,0,0
611.667,1.0000,0,0,0,0
611.701,1.0000,0,0,0,0
611.733,1.0000,0,0,0,0
611.767,1.0000,0,0,0,0
611.800,1.0000,0,0,0,0
611.833,1.0000,0,0,0,0
611.866,1.0000,0,0,0,0
611.898,1.0000,0,0,0,0
611.936,1.0000,0,0,0,0
611.957,1.0000,0,0,0,0
612.002,1.0000,0,0,0,0
612.023,1.0000,0,0,0,0
612.069,1.0000,0,0,0,0
612.099,1.0000,0,0,0,0
612.132,1.0000,0,0,0,0
612.166,1.0000,0,0,0,0
612.202,1.0000,0,0,0,0
612.231,1.0000,0,0,0,0
612.270,1.0000,0,0,0,0
612.297,1.0000,0,0,0,0
612.330,1.0000,0,0,0,0
612.365,1.0000,0,0,0,0
612.400,1.0000,0,0,0,0
612.432,1.0000,0,0,0,0
612.467,1.0000,0,0,0,0
612.499,1.0000,0,0,0,0
612.531,1.0000,0,0,0,0
612.565,1.0000,0,0,0,0
612.603,1.0000,0,0,0,0
612.632,1.0000,0,0,0,0
612.665,1.0000,0,0,0,0
612.697,1.0000,0,0,0,0
612.733,1.0000,0,0,0,0
612.767,1.0000,0,0,0,0
612.798,1.0000,0,0,0,0
612.832,1.0000,0,0,0,0
612.867,1.0000,0,0,0,0
612.899,1.0000,0,0,0,0
612.933,1.0000,0,0,0,0
612.967,1.0000,0,0,0,0
613.000,1.0000,0,0,0,0
613.035,1.0000,0,0,0,0
613.065,1.0000,0,0,0,0
613.098,1.0000,0,0,0,0
613.133,1.0000,0,0,0,0
613.165,1.0000,0,0,0,0
613.199,1.0000,0,0,0,0
613.232,1.0000,0,0,0,0
613.267,1.0000,0,0,0,0
613.301,1.0000,0,0,0,0
613.335,1.0000,0,0,0,0
613.364,1.0000,0,0,0,0
613.400,1.0000,0,0,0,0
613.434,1.0000,0,0,0,0
613.468,1.0000,0,0,0,0
613.501,1.0000,0,0,0,0
613.533,1.0000,0,0,0,0
613.566,1.0000,0,0,0,0
613.598,1.0000,0,0,0,0
613.635,1.0000,0,0,0,0
613.668,1.0000,0,0,0,0
613.701,1.0000,0,0,0,0
613.733,1.0000,0,0,0,0
613.766,1.0000,0,0,0,0
613.802,1.0000,0,0,0,0
613.832,1.0000,0,0,0,0
613.866,1.0000,0,0,0,0
613.900,1.0000,0,0,0,0
613.931,1.0000,0,0,0,0
613.966,1.0000,0,0,0,0
613.998,1.0000,0,0,0,0
614.033,1.0000,0,0,0,0
614.064,1.0000,0,0,0,0
614.098,1.0000,0,0,0,0
614.138,1.0000,0,0,0,0
614.168,1.0000,0,0,0,0
614.198,1.0000,0,0,0,0
614.233,1.0000,0,0,0,0
614.267,1.0000,0,0,0,0
614.302,1.0000,0,0,0,0
614.334,1.0000,0,0,0,0
614.364,1.0000,0,0,0,0
614.400,1.0000,0,0,0,0
614.436,1.0000,0,0,0,0
614.468,1.0000,0,0,0,0
614.500,1.0000,0,0,0,0
614.532,1.0000,0,0,0,0
614.565,1.0000,0,0,0,0
614.598,1.0000,0,0,0,0
614.635,1.0000,0,0,0,0
614.667,1.0000,0,0,0,0
614.699,1.0000,0,0,0,0
614.734,1.0000,0,0,0,0
614.766,1.0000,0,0,0,0
614.802,1.0000,0,0,0,0
614.835,1.0000,0,0,0,0
614.867,1.0000,0,0,0,0
614.898,1.0000,0,0,0,0
614.932,1.0000,0,0,0,0
614.966,1.0000,0,0,0,0
615.001,1.0000,0,0,0,0
615.031,1.0000,0,0,0,0
615.065,1.0000,0,0,0,0
615.099,1.0000,0,0,0,0
615.135,1.0000,0,0,0,0
615.169,1.0000,0,0,0,0
615.199,1.0000,0,0,0,0
615.234,1.0000,0,0,0,0
615.266,1.0000,0,0,0,0
615.302,1.0000,0,0,0,0
615.335,1.0000,0,0,0,0
615.367,1.0000,0,0,0,0
615.399,1.0000,0,0,0,0
615.431,1.0000,0,0,0,0
615.466,1.0000,0,0,0,0
615.499,1.0000,0,0,0,0
615.532,1.0000,0,0,0,0
615.566,1.0000,0,0,0,0
615.600,1.0000,0,0,0,0
615.630,1.0000,0,0,0,0
615.665,1.0000,0,0,0,0
615.700,1.0000,0,0,0,0
615.735,1.0000,0,0,0,0
615.768,1.0000,0,0,0,0
615.798,1.0000,0,0,0,0
615.834,1.0000,0,0,0,0
615.867,1.0000,0,0,0,0
615.902,1.0000,0,0,0,0
615.936,1.0000,0,0,0,0
615.969,1.0000,0,0,0,0
616.000,1.0000,0,0,0,0
616.034,1.0000,0,0,0,0
616.067,1.0000,0,0,0,0
616.103,1.0000,0,0,0,0
616.133,1.0000,0,0,0,0
616.170,1.0000,0,0,0,0
616.198,1.0000,0,0,0,0
616.235,1.0000,0,0,0,0
616.264,1.0000,0,0,0,0
616.298,1.0000,0,0,0,0
616.335,1.0000,0,0,0,0
616.369,1.0000,0,0,0,0
616.402,1.0000,0,0,0,0
616.431,1.0000,0,0,0,0
616.465,1.0000,0,0,0,0
616.499,1.0000,0,0,0,0
616.533,1.0000,0,0,0,0
616.568,1.0000,0,0,0,0
616.600,1.0000,0,0,0,0
616.632,1.0000,0,0,0,0
616.665,1.0000,0,0,0,0
616.701,1.0000,0,0,0,0
616.733,1.0000,0,0,0,0
616.768,1.0000,0,0,0,0
616.800,1.0000,0,0,0,0
616.831,1.0000,0,0,0,0
616.866,1.0000,0,0,0,0
616.899,1.0000,0,0,0,0
616.935,1.0000,0,0,0,0
616.964,1.0000,0,0,0,0
617.001,1.0000,0,0,0,0
617.035,1.0000,0,0,0,0
617.064,1.0000,0,0,0,0
617.102,1.0000,0,0,0,0
617.123,1.0000,0,0,0,0
617.164,1.0000,0,0,0,0
617.198,1.0000,0,0,0,0
617.236,1.0000,0,0,0,0
617.267,1.0000,0,0,0,0
617.302,1.0000,0,0,0,0
617.332,1.0000,0,0,0,0
617.368,1.0000,0,0,0,0
617.389,1.0000,0,0,0,0
617.437,1.0000,0,0,0,0
617.468,1.0000,0,0,0,0
617.500,1.0000,0,0,0,0
617.534,1.0000,0,0,0,0
617.565,1.0000,0,0,0,0
617.602,1.0000,0,0,0,0
617.634,1.0000,0,0,0,0
617.664,1.0000,0,0,0,0
617.699,1.0000,0,0,0,0
617.731,1.0000,0,0,0,0
617.764,1.0000,0,0,0,0
617.798,1.0000,0,0,0,0
617.835,1.0000,0,0,0,0
617.867,1.0000,0,0,0,0
617.900,1.0000,0,0,0,0
617.932,1.0000,0,0,0,0
617.966,1.0000,0,0,0,0
617.999,1.0000,0,0,0,0
618.033,1.0000,0,0,0,0
618.067,1.0000,0,0,0,0
618.100,1.0000,0,0,0,0
618.135,1.0000,0,0,0,0
618.168,1.0000,0,0,0,0
618.199,1.0000,0,0,0,0
618.234,1.0000,0,0,0,0
618.264,1.0000,0,0,0,0
618.299,1.0000,0,0,0,0
618.332,1.0000,0,0,0,0
618.365,1.0000,0,0,0,0
618.402,1.0000,0,0,0,0
618.435,1.0000,0,0,0,0
618.465,1.0000,0,0,0,0
618.501,1.0000,0,0,0,0
618.533,1.0000,0,0,0,0
618.565,1.0000,0,0,0,0
618.599,1.0000,0,0,0,0
618.634,1.0000,0,0,0,0
618.667,1.0000,0,0,0,0
618.702,1.0000,0,0,0,0
618.734,1.0000,0,0,0,0
618.765,1.0000,0,0,0,0
618.801,1.0000,0,0,0,0
618.832,1.0000,0,0,0,0
618.867,1.0000,0,0,0,0
618.900,1.0000,0,0,0,0
618.933,1.0000,0,0,0,0
618.965,1.0000,0,0,0,0
618.999,1.0000,0,0,0,0
619.035,1.0000,0,0,0,0
619.067,1.0000,0,0,0,0
619.099,1.0000,0,0,0,0
619.134,1.0000,0,0,0,0
619.168,1.0000,0,0,0,0
619.198,1.0000,0,0,0,0
619.234,1.0000,0,0,0,0
619.266,1.0000,0,0,0,0
619.301,1.0000,0,0,0,0
619.334,1.0000,0,0,0,0
619.365,1.0000,0,0,0,0
619.400,1.0000,0,0,0,0
619.435,1.0000,0,0,0,0
619.467,1.0000,0,0,0,0
619.499,1.0000,0,0,0,0
619.533,1.0000,0,0,0,0
619.567,1.0000,0,0,0,0
619.600,1.0000,0,0,0,0
619.633,1.0000,0,0,0,0
619.666,1.0000,0,0,0,0
619.702,1.0000,0,0,0,0
619.734,1.0000,0,0,0,0
619.766,1.0000,0,0,0,0
619.799,1.0000,0,0,0,0
619.830,1.0000,0,0,0,0
619.865,1.0000,0,0,0,0
619.899,1.0000,0,0,0,0
619.934,1.0000,0,0,0,0
619.968,1.0000,0,0,0,0
619.999,1.0000,0,0,0,0
620.031,1.0000,0,0,0,0
620.068,1.0000,0,0,0,0
620.101,1.0000,0,0,0,0
620.131,1.0000,0,0,0,0
620.166,1.0000,0,0,0,0
620.201,1.0000,0,0,0,0
620.235,1.0000,0,0,0,0
620.267,1.0000,0,0,0,0
620.301,1.0000,0,0,0,0
620.333,1.0000,0,0,0,0
620.368,1.0000,0,0,0,0
620.405,1.0000,0,0,0,0
620.434,1.0000,0,0,0,0
620.468,1.0000,0,0,0,0
620.498,1.0000,0,0,0,0
620.535,1.0000,0,0,0,0
620.567,1.0000,0,0,0,0
620.599,1.0000,0,0,0,0
620.635,1.0000,0,0,0,0
620.658,1.0000,0,0,0,0
620.698,1.0000,0,0,0,0
620.730,1.0000,0,0,0,0
620.769,1.0000,0,0,0,0
620.800,1.0000,0,0,0,0
620.834,1.0000,0,0,0,0
620.868,1.0000,0,0,0,0
620.900,1.0000,0,0,0,0
620.933,1.0000,0,0,0,0
620.968,1.0000,0,0,0,0
620.999,1.0000,0,0,0,0
621.035,1.0000,0,0,0,0
621.065,1.0000,0,0,0,0
621.099,1.0000,0,0,0,0
621.132,1.0000,0,0,0,0
621.166,1.0000,0,0,0,0
621.200,1.0000,0,0,0,0
621.235,1.0000,0,0,0,0
621.266,1.0000,0,0,0,0
621.306,1.0000,0,0,0,0
621.330,1.0000,0,0,0,0
621.368,1.0000,0,0,0,0
621.398,1.0000,0,0,0,0
621.432,1.0000,0,0,0,0
621.466,1.0000,0,0,0,0
621.502,1.0000,0,0,0,0
621.534,1.0000,0,0,0,0
621.568,1.0000,0,0,0,0
621.599,1.0000,0,0,0,0
621.636,1.0000,0,0,0,0
621.668,1.0000,0,0,0,0
621.701,1.0000,0,0,0,0
621.733,1.0000,0,0,0,0
621.764,1.0000,0,0,0,0
621.802,1.0000,0,0,0,0
621.832,1.0000,0,0,0,0
621.868,1.0000,0,0,0,0
621.898,1.0000,0,0,0,0
621.933,1.0000,0,0,0,0
621.968,1.0000,0,0,0,0
621.998,1.0000,0,0,0,0
622.033,1.0000,0,0,0,0
622.064,1.0000,0,0,0,0
622.100,1.0000,0,0,0,0
622.136,1.0000,0,0,0,0
622.166,1.0000,0,0,0,0
622.202,1.0000,0,0,0,0
622.232,1.0000,0,0,0,0
622.267,1.0000,0,0,0,0
622.298,1.0000,0,0,0,0
622.331,1.0000,0,0,0,0
622.367,1.0000,0,0,0,0
622.399,1.0000,0,0,0,0
622.434,1.0000,0,0,0,0
622.466,1.0000,0,0,0,0
622.498,1.0000,0,0,0,0
622.531,1.0000,0,0,0,0
622.565,1.0000,0,0,0,0
622.602,1.0000,0,0,0,0
622.631,1.0000,0,0,0,0
622.667,1.0000,0,0,0,0
622.699,1.0000,0,0,0,0
622.735,1.0000,0,0,0,0
622.767,1.0000,0,0,0,0
622.799,1.0000,0,0,0,0
622.835,1.0000,0,0,0,0
622.868,1.0000,0,0,0,0
622.899,1.0000,0,0,0,0
622.930,1.0000,0,0,0,0
622.969,1.0000,0,0,0,0
622.998,1.0000,0,0,0,0
623.033,1.0000,0,0,0,0
623.065,1.0000,0,0,0,0
623.103,1.0000,0,0,0,0
623.131,1.0000,0,0,0,0
623.167,1.0000,0,0,0,0
623.202,1.0000,0,0,0,0
623.231,1.0000,0,0,0,0
623.265,1.0000,0,0,0,0
623.301,1.0000,0,0,0,0
623.331,1.0000,0,0,0,0
623.364,1.0000,0,0,0,0
623.403,1.0000,0,0,0,0
623.439,1.0000,0,0,0,0
623.467,1.0000,0,0,0,0
623.499,1.0000,0,0,0,0
623.531,1.0000,0,0,0,0
623.567,1.0000,0,0,0,0
623.601,1.0000,0,0,0,0
623.634,1.0000,0,0,0,0
623.669,1.0000,0,0,0,0
623.698,1.0000,0,0,0,0
623.732,1.0000,0,0,0,0
623.765,1.0000,0,0,0,0
623.801,1.0000,0,0,0,0
623.833,1.0000,0,0,0,0
623.868,1.0000,0,0,0,0
623.899,1.0000,0,0,0,0
623.934,1.0000,0,0,0,0
623.966,1.0000,0,0,0,0
624.001,1.0000,0,0,0,0
624.033,1.0000,0,0,0,0
624.068,1.0000,0,0,0,0
624.098,1.0000,0,0,0,0
624.133,1.0000,0,0,0,0
624.169,1.0000,0,0,0,0
624.200,1.0000,0,0,0,0
624.231,1.0000,0,0,0,0
624.269,1.0000,0,0,0,0
624.299,1.0000,0,0,0,0
624.333,1.0000,0,0,0,0
624.369,1.0000,0,0,0,0
624.402,1.0000,0,0,0,0
624.435,1.0000,0,0,0,0
624.467,1.0000,0,0,0,0
624.500,1.0000,0,0,0,0
624.532,1.0000,0,0,0,0
624.568,1.0000,0,0,0,0
624.601,1.0000,0,0,0,0
624.635,1.0000,0,0,0,0
624.664,1.0000,0,0,0,0
624.698,1.0000,0,0,0,0
624.736,1.0000,0,0,0,0
624.766,1.0000,0,0,0,0
624.799,1.0000,0,0,0,0
624.835,1.0000,0,0,0,0
624.869,1.0000,0,0,0,0
624.898,1.0000,0,0,0,0
624.934,1.0000,0,0,0,0
624.965,1.0000,0,0,0,0
625.002,1.0000,0,0,0,0
625.033,1.0000,0,0,0,0
625.067,1.0000,0,0,0,0
625.099,1.0000,0,0,0,0
625.130,1.0000,0,0,0,0
625.168,1.0000,0,0,0,0
625.198,1.0000,0,0,0,0
625.233,1.0000,0,0,0,0
625.265,1.0000,0,0,0,0
625.302,1.0000,0,0,0,0
625.331,1.0000,0,0,0,0
625.365,1.0000,0,0,0,0
625.399,1.0000,0,0,0,0
625.433,1.0000,0,0,0,0
625.465,1.0000,0,0,0,0
625.500,1.0000,0,0,0,0
625.531,1.0000,0,0,0,0
625.567,1.0000,0,0,0,0
625.599,1.0000,0,0,0,0
625.634,1.0000,0,0,0,0
625.669,1.0000,0,0,0,0
625.701,1.0000,0,0,0,0
625.732,1.0000,0,0,0,0
625.765,1.0000,0,0,0,0
625.801,1.0000,0,0,0,0
625.833,1.0000,0,0,0,0
625.867,1.0000,0,0,0,0
625.899,1.0000,0,0,0,0
625.934,1.0000,0,0,0,0
625.966,1.0000,0,0,0,0
626.002,1.0000,0,0,0,0
626.036,1.0000,0,0,0,0
626.066,1.0000,0,0,0,0
626.102,1.0000,0,0,0,0
626.132,1.0000,0,0,0,0
626.167,1.0000,0,0,0,0
626.198,1.0000,0,0,0,0
626.233,1.0000,0,0,0,0
626.267,1.0000,0,0,0,0
626.301,1.0000,0,0,0,0
626.332,1.0000,0,0,0,0
626.365,1.0000,0,0,0,0
626.402,1.0000,0,0,0,0
626.434,1.0000,0,0,0,0
626.465,1.0000,0,0,0,0
626.498,1.0000,0,0,0,0
626.535,1.0000,0,0,0,0
626.567,1.0000,0,0,0,0
626.599,1.0000,0,0,0,0
626.631,1.0000,0,0,0,0
626.667,1.0000,0,0,0,0
626.700,1.0000,0,0,0,0
626.732,1.0000,0,0,0,0
626.766,1.0000,0,0,0,0
626.801,1.0000,0,0,0,0
626.834,1.0000,0,0,0,0
626.864,1.0000,0,0,0,0
626.898,1.0000,0,0,0,0
626.934,1.0000,0,0,0,0
626.967,1.0000,0,0,0,0
626.999,1.0000,0,0,0,0
627.032,1.0000,0,0,0,0
627.066,1.0000,0,0,0,0
627.098,1.0000,0,0,0,0
627.132,1.0000,0,0,0,0
627.166,1.0000,0,0,0,0
627.200,1.0000,0,0,0,0
627.233,1.0000,0,0,0,0
627.269,1.0000,0,0,0,0
627.298,1.0000,0,0,0,0
627.330,1.0000,0,0,0,0
627.368,1.0000,0,0,0,0
627.399,1.0000,0,0,0,0
627.435,1.0000,0,0,0,0
627.467,1.0000,0,0,0,0
627.499,1.0000,0,0,0,0
627.532,1.0000,0,0,0,0
627.566,1.0000,0,0,0,0
627.599,1.0000,0,0,0,0
627.631,1.0000,0,0,0,0
627.665,1.0000,0,0,0,0
627.700,1.0000,0,0,0,0
627.730,1.0000,0,0,0,0
627.766,1.0000,0,0,0,0
627.800,1.0000,0,0,0,0
627.831,1.0000,0,0,0,0
627.869,1.0000,0,0,0,0
627.902,1.0000,0,0,0,0
627.934,1.0000,0,0,0,0
627.967,1.0000,0,0,0,0
627.999,1.0000,0,0,0,0
628.032,1.0000,0,0,0,0
628.065,1.0000,0,0,0,0
628.098,1.0000,0,0,0,0
628.135,1.0000,0,0,0,0
628.167,1.0000,0,0,0,0
628.197,1.0000,0,0,0,0
628.234,1.0000,0,0,0,0
628.266,1.0000,0,0,0,0
628.299,1.0000,0,0,0,0
628.336,1.0000,0,0,0,0
628.365,1.0000,0,0,0,0
628.398,1.0000,0,0,0,0
628.433,1.0000,0,0,0,0
628.468,1.0000,0,0,0,0
628.500,1.0000,0,0,0,0
628.532,1.0000,0,0,0,0
628.569,1.0000,0,0,0,0
628.599,1.0000,0,0,0,0
628.634,1.0000,0,0,0,0
628.667,1.0000,0,0,0,0
628.700,1.0000,0,0,0,0
628.731,1.0000,0,0,0,0
628.768,1.0000,0,0,0,0
628.801,1.0000,0,0,0,0
628.831,1.0000,0,0,0,0
628.867,1.0000,0,0,0,0
628.899,1.0000,0,0,0,0
628.934,1.0000,0,0,0,0
628.967,1.0000,0,0,0,0
629.000,1.0000,0,0,0,0
629.034,1.0000,0,0,0,0
629.067,1.0000,0,0,0,0
629.099,1.0000,0,0,0,0
629.133,1.0000,0,0,0,0
629.167,1.0000,0,0,0,0
629.201,1.0000,0,0,0,0
629.232,1.0000,0,0,0,0
629.267,1.0000,0,0,0,0
629.301,1.0000,0,0,0,0
629.334,1.0000,0,0,0,0
629.366,1.0000,0,0,0,0
629.397,1.0000,0,0,0,0
629.431,1.0000,0,0,0,0
629.465,1.0000,0,0,0,0
629.502,1.0000,0,0,0,0
629.531,1.0000,0,0,0,0
629.568,1.0000,0,0,0,0
629.599,1.0000,0,0,0,0
629.634,1.0000,0,0,0,0
629.669,1.0000,0,0,0,0
629.701,1.0000,0,0,0,0
629.735,1.0000,0,0,0,0
629.764,1.0000,0,0,0,0
629.799,1.0000,0,0,0,0
629.834,1.0000,0,0,0,0
629.867,1.0000,0,0,0,0
629.901,1.0000,0,0,0,0
629.934,1.0000,0,0,0,0
629.968,1.0000,0,0,0,0
630.000,1.0000,0,0,0,0
630.034,1.0000,0,0,0,0
630.064,1.0000,0,0,0,0
630.102,1.0000,0,0,0,0
630.134,1.0000,0,0,0,0
630.167,1.0000,0,0,0,0
630.202,1.0000,0,0,0,0
630.233,1.0000,0,0,0,0
630.266,1.0000,0,0,0,0
630.298,1.0000,0,0,0,0
630.332,1.0000,0,0,0,0
630.365,1.0000,0,0,0,0
630.401,1.0000,0,0,0,0
630.431,1.0000,0,0,0,0
630.467,1.0000,0,0,0,0
630.502,1.0000,0,0,0,0
630.534,1.0000,0,0,0,0
630.569,1.0000,0,0,0,0
630.598,1.0000,0,0,0,0
630.634,1.0000,0,0,0,0
630.666,1.0000,0,0,0,0
630.700,1.0000,0,0,0,0
630.731,1.0000,0,0,0,0
630.767,1.0000,0,0,0,0
630.798,1.0000,0,0,0,0
630.835,1.0000,0,0,0,0
630.867,1.0000,0,0,0,0
630.902,1.0000,0,0,0,0
630.932,1.0000,0,0,0,0
630.969,1.0000,0,0,0,0
631.000,1.0000,0,0,0,0
631.031,1.0000,0,0,0,0
631.065,1.0000,0,0,0,0
631.099,1.0000,0,0,0,0
631.131,1.0000,0,0,0,0
631.166,1.0000,0,0,0,0
631.201,1.0000,0,0,0,0
631.235,1.0000,0,0,0,0
631.267,1.0000,0,0,0,0
631.300,1.0000,0,0,0,0
631.336,1.0000,0,0,0,0
631.370,1.0000,0,0,0,0
631.404,1.0000,0,0,0,0
631.433,1.0000,0,0,0,0
631.464,1.0000,0,0,0,0
631.498,1.0000,0,0,0,0
631.531,1.0000,0,0,0,0
631.565,1.0000,0,0,0,0
631.600,1.0000,0,0,0,0
631.635,1.0000,0,0,0,0
631.668,1.0000,0,0,0,0
631.701,1.0000,0,0,0,0
631.734,1.0000,0,0,0,0
631.765,1.0000,0,0,0,0
631.802,1.0000,0,0,0,0
631.835,1.0000,0,0,0,0
631.865,1.0000,0,0,0,0
631.902,1.0000,0,0,0,0
631.931,1.0000,0,0,0,0
631.967,1.0000,0,0,0,0
632.000,1.0000,0,0,0,0
632.032,1.0000,0,0,0,0
632.068,1.0000,0,0,0,0
632.100,1.0000,0,0,0,0
632.131,1.0000,0,0,0,0
632.168,1.0000,0,0,0,0
632.199,1.0000,0,0,0,0
632.232,1.0000,0,0,0,0
632.265,1.0000,0,0,0,0
632.299,1.0000,0,0,0,0
632.334,1.0000,0,0,0,0
632.365,1.0000,0,0,0,0
632.399,1.0000,0,0,0,0
632.433,1.0000,0,0,0,0
632.465,1.0000,0,0,0,0
632.499,1.0000,0,0,0,0
632.534,1.0000,0,0,0,0
632.569,1.0000,0,0,0,0
632.599,1.0000,0,0,0,0
632.634,1.0000,0,0,0,0
632.664,1.0000,0,0,0,0
632.702,1.0000,0,0,0,0
632.734,1.0000,0,0,0,0
632.768,1.0000,0,0,0,0
632.799,1.0000,0,0,0,0
632.831,1.0000,0,0,0,0
632.867,1.0000,0,0,0,0
632.898,1.0000,0,0,0,0
632.933,1.0000,0,0,0,0
632.969,1.0000,0,0,0,0
633.001,1.0000,0,0,0,0
633.032,1.0000,0,0,0,0
633.064,1.0000,0,0,0,0
633.101,1.0000,0,0,0,0
633.133,1.0000,0,0,0,0
633.164,1.0000,0,0,0,0
633.199,1.0000,0,0,0,0
633.235,1.0000,0,0,0,0
633.268,1.0000,0,0,0,0
633.299,1.0000,0,0,0,0
633.332,1.0000,0,0,0,0
633.368,1.0000,0,0,0,0
633.390,1.0000,0,0,0,0
633.434,1.0000,0,0,0,0
633.465,1.0000,0,0,0,0
633.498,1.0000,0,0,0,0
633.534,1.0000,0,0,0,0
633.567,1.0000,0,0,0,0
633.600,1.0000,0,0,0,0
633.632,1.0000,0,0,0,0
633.669,1.0000,0,0,0,0
633.699,1.0000,0,0,0,0
633.734,1.0000,0,0,0,0
633.765,1.0000,0,0,0,0
633.804,1.0000,0,0,0,0
633.827,1.0000,0,0,0,0
633.867,1.0000,0,0,0,0
633.903,1.0000,0,0,0,0
633.925,1.0000,0,0,0,0
633.964,1.0000,0,0,0,0
634.001,1.0000,0,0,0,0
634.032,1.0000,0,0,0,0
634.066,1.0000,0,0,0,0
634.089,1.0000,0,0,0,0
634.134,1.0000,0,0,0,0
634.166,1.0000,0,0,0,0
634.190,1.0000,0,0,0,0
634.234,1.0000,0,0,0,0
634.257,1.0000,0,0,0,0
634.298,1.0000,0,0,0,0
634.336,1.0000,0,0,0,0
634.356,1.0000,0,0,0,0
634.400,1.0000,0,0,0,0
634.437,1.0000,0,0,0,0
634.466,1.0000,0,0,0,0
634.501,1.0000,0,0,0,0
634.531,1.0000,0,0,0,0
634.565,1.0000,0,0,0,0
634.691,1.0000,0,0,0,0
634.726,1.0000,0,0,0,0
634.761,1.0000,0,0,0,0
634.795,1.0000,0,0,0,0
634.830,1.0000,0,0,0,0
634.860,1.0000,0,0,0,0
634.896,1.0000,0,0,0,0
634.928,1.0000,0,0,0,0
634.962,1.0000,0,0,0,0
634.995,1.0000,0,0,0,0
635.026,1.0000,0,0,0,0
635.057,1.0000,0,0,0,0
635.094,1.0000,0,0,0,0
635.127,1.0000,0,0,0,0
635.165,1.0000,0,0,0,0
635.193,1.0000,0,0,0,0
635.227,1.0000,0,0,0,0
635.259,1.0000,0,0,0,0
635.295,1.0000,0,0,0,0
635.326,1.0000,0,0,0,0
635.360,1.0000,0,0,0,0
635.396,1.0000,0,0,0,0
635.430,1.0000,0,0,0,0
635.459,1.0000,0,0,0,0
635.494,1.0000,0,0,0,0
635.526,1.0000,0,0,0,0
635.562,1.0000,0,0,0,0
635.593,1.0000,0,0,0,0
635.628,1.0000,0,0,0,0
635.659,1.0000,0,0,0,0
635.694,1.0000,0,0,0,0
635.730,1.0000,0,0,0,0
635.760,1.0000,0,0,0,0
635.796,1.0000,0,0,0,0
635.825,1.0000,0,0,0,0
635.860,1.0000,0,0,0,0
635.897,1.0000,0,0,0,0
635.930,1.0000,0,0,0,0
635.963,1.0000,0,0,0,0
635.994,1.0000,0,0,0,0
636.027,1.0000,0,0,0,0
636.059,1.0000,0,0,0,0
636.096,1.0000,0,0,0,0
636.131,1.0000,0,0,0,0
636.162,1.0000,0,0,0,0
636.192,1.0000,0,0,0,0
636.232,1.0000,0,0,0,0
636.260,1.0000,0,0,0,0
636.297,1.0000,0,0,0,0
636.329,1.0000,0,0,0,0
636.362,1.0000,0,0,0,0
636.395,1.0000,0,0,0,0
636.430,1.0000,0,0,0,0
636.461,1.0000,0,0,0,0
636.494,1.0000,0,0,0,0
636.529,1.0000,0,0,0,0
636.560,1.0000,0,0,0,0
636.595,1.0000,0,0,0,0
636.628,1.0000,0,0,0,0
636.662,1.0000,0,0,0,0
636.694,1.0000,0,0,0,0
636.726,1.0000,0,0,0,0
636.760,1.0000,0,0,0,0
636.800,1.0000,0,0,0,0
636.823,1.0000,0,0,0,0
636.862,1.0000,0,0,0,0
636.893,1.0000,0,0,0,0
636.929,1.0000,0,0,0,0
636.962,1.0000,0,0,0,0
636.996,1.0000,0,0,0,0
637.028,1.0000,0,0,0,0
637.061,1.0000,0,0,0,0
637.098,1.0000,0,0,0,0
637.128,1.0000,0,0,0,0
637.160,1.0000,0,0,0,0
637.196,1.0000,0,0,0,0
637.230,1.0000,0,0,0,0
637.263,1.0000,0,0,0,0
637.294,1.0000,0,0,0,0
637.330,1.0000,0,0,0,0
637.361,1.0000,0,0,0,0
637.392,1.0000,0,0,0,0
637.429,1.0000,0,0,0,0
637.463,1.0000,0,0,0,0
637.494,1.0000,0,0,0,0
637.529,1.0000,0,0,0,0
637.562,1.0000,0,0,0,0
637.599,1.0000,0,0,0,0
637.631,1.0000,0,0,0,0
637.663,1.0000,0,0,0,0
637.695,1.0000,0,0,0,0
637.729,1.0000,0,0,0,0
637.762,1.0000,0,0,0,0
637.794,1.0000,0,0,0,0
637.827,1.0000,0,0,0,0
637.860,1.0000,0,0,0,0
637.895,1.0000,0,0,0,0
637.929,1.0000,0,0,0,0
637.960,1.0000,0,0,0,0
637.993,1.0000,0,0,0,0
638.027,1.0000,0,0,0,0
638.059,1.0000,0,0,0,0
638.097,1.0000,0,0,0,0
638.130,1.0000,0,0,0,0
638.161,1.0000,0,0,0,0
638.193,1.0000,0,0,0,0
638.228,1.0000,0,0,0,0
638.266,1.0000,0,0,0,0
638.295,1.0000,0,0,0,0
638.328,1.0000,0,0,0,0
638.366,1.0000,0,0,0,0
638.395,1.0000,0,0,0,0
638.428,1.0000,0,0,0,0
638.460,1.0000,0,0,0,0
638.494,1.0000,0,0,0,0
638.527,1.0000,0,0,0,0
638.566,1.0000,0,0,0,0
638.586,1.0000,0,0,0,0
638.629,1.0000,0,0,0,0
638.659,1.0000,0,0,0,0
638.692,1.0000,0,0,0,0
638.730,1.0000,0,0,0,0
638.762,1.0000,0,0,0,0
638.793,1.0000,0,0,0,0
638.829,1.0000,0,0,0,0
638.862,1.0000,0,0,0,0
638.893,1.0000,0,0,0,0
638.928,1.0000,0,0,0,0
638.962,1.0000,0,0,0,0
638.992,1.0000,0,0,0,0
639.027,1.0000,0,0,0,0
639.063,1.0000,0,0,0,0
639.095,1.0000,0,0,0,0
639.126,1.0000,0,0,0,0
639.163,1.0000,0,0,0,0
639.195,1.0000,0,0,0,0
639.231,1.0000,0,0,0,0
639.261,1.0000,0,0,0,0
639.294,1.0000,0,0,0,0
639.328,1.0000,0,0,0,0
639.364,1.0000,0,0,0,0
639.395,1.0000,0,0,0,0
639.432,1.0000,0,0,0,0
639.460,1.0000,0,0,0,0
639.494,1.0000,0,0,0,0
639.535,1.0000,0,0,0,0
639.561,1.0000,0,0,0,0
639.594,1.0000,0,0,0,0
639.630,1.0000,0,0,0,0
639.663,1.0000,0,0,0,0
639.694,1.0000,0,0,0,0
639.729,1.0000,0,0,0,0
639.763,1.0000,0,0,0,0
639.796,1.0000,0,0,0,0
639.829,1.0000,0,0,0,0
639.862,1.0000,0,0,0,0
639.892,1.0000,0,0,0,0
639.926,1.0000,0,0,0,0
639.952,1.0000,0,0,0,0
639.991,1.0000,0,0,0,0
640.029,1.0000,0,0,0,0
640.065,1.0000,0,0,0,0
640.087,1.0000,0,0,0,0
640.129,1.0000,0,0,0,0
640.159,1.0000,0,0,0,0
640.191,1.0000,0,0,0,0
640.228,1.0000,0,0,0,0
640.251,1.0000,0,0,0,0
640.293,1.0000,0,0,0,0
640.318,1.0000,0,0,0,0
640.361,1.0000,0,0,0,0
640.391,1.0000,0,0,0,0
640.429,1.0000,0,0,0,0
640.454,1.0000,0,0,0,0
640.493,1.0000,0,0,0,0
640.517,1.0000,0,0,0,0
640.557,1.0000,0,0,0,0
640.588,1.0000,0,0,0,0
640.627,1.0000,0,0,0,0
640.660,1.0000,0,0,0,0
640.693,1.0000,0,0,0,0
640.729,1.0000,0,0,0,0
640.762,1.0000,0,0,0,0
640.793,1.0000,0,0,0,0
640.829,1.0000,0,0,0,0
640.862,1.0000,0,0,0,0
640.892,1.0000,0,0,0,0
640.927,1.0000,0,0,0,0
640.962,1.0000,0,0,0,0
640.984,1.0000,0,0,0,0
641.024,1.0000,0,0,0,0
641.061,1.0000,0,0,0,0
641.094,1.0000,0,0,0,0
641.127,1.0000,0,0,0,0
641.161,1.0000,0,0,0,0
641.194,1.0000,0,0,0,0
641.227,1.0000,0,0,0,0
641.261,1.0000,0,0,0,0
641.295,1.0000,0,0,0,0
641.328,1.0000,0,0,0,0
641.361,1.0000,0,0,0,0
641.395,1.0000,0,0,0,0
641.426,1.0000,0,0,0,0
641.461,1.0000,0,0,0,0
641.495,1.0000,0,0,0,0
641.526,1.0000,0,0,0,0
641.563,1.0000,0,0,0,0
641.595,1.0000,0,0,0,0
641.626,1.0000,0,0,0,0
641.664,1.0000,0,0,0,0
641.697,1.0000,0,0,0,0
641.729,1.0000,0,0,0,0
641.761,1.0000,0,0,0,0
641.794,1.0000,0,0,0,0
641.827,1.0000,0,0,0,0
641.862,1.0000,0,0,0,0
641.897,1.0000,0,0,0,0
641.930,1.0000,0,0,0,0
641.962,1.0000,0,0,0,0
641.991,1.0000,0,0,0,0
642.030,1.0000,0,0,0,0
642.057,1.0000,0,0,0,0
642.094,1.0000,0,0,0,0
642.126,1.0000,0,0,0,0
642.165,1.0000,0,0,0,0
642.185,1.0000,0,0,0,0
642.226,1.0000,0,0,0,0
642.252,1.0000,0,0,0,0
642.297,1.0000,0,0,0,0
642.318,1.0000,0,0,0,0
642.362,1.0000,0,0,0,0
642.397,1.0000,0,0,0,0
642.426,1.0000,0,0,0,0
642.459,1.0000,0,0,0,0
642.493,1.0000,0,0,0,0
642.528,1.0000,0,0,0,0
642.562,1.0000,0,0,0,0
642.596,1.0000,0,0,0,0
642.628,1.0000,0,0,0,0
642.661,1.0000,0,0,0,0
642.696,1.0000,0,0,0,0
642.731,1.0000,0,0,0,0
642.758,1.0000,0,0,0,0
642.798,1.0000,0,0,0,0
642.819,1.0000,0,0,0,0
642.859,1.0000,0,0,0,0
642.898,1.0000,0,0,0,0
642.919,1.0000,0,0,0,0
642.962,1.0000,0,0,0,0
642.991,1.0000,0,0,0,0
643.029,1.0000,0,0,0,0
643.062,1.0000,0,0,0,0
643.085,1.0000,0,0,0,0
643.126,1.0000,0,0,0,0
643.150,1.0000,0,0,0,0
643.194,1.0000,0,0,0,0
643.220,1.0000,0,0,0,0
643.259,1.0000,0,0,0,0
643.285,1.0000,0,0,0,0
643.328,1.0000,0,0,0,0
643.354,1.0000,0,0,0,0
643.396,1.0000,0,0,0,0
643.417,1.0000,0,0,0,0
643.461,1.0000,0,0,0,0
643.494,1.0000,0,0,0,0
643.526,1.0000,0,0,0,0
643.559,1.0000,0,0,0,0
643.596,1.0000,0,0,0,0
643.628,1.0000,0,0,0,0
643.661,1.0000,0,0,0,0
643.694,1.0000,0,0,0,0
643.727,1.0000,0,0,0,0
643.759,1.0000,0,0,0,0
643.798,1.0000,0,0,0,0
643.830,1.0000,0,0,0,0
643.863,1.0000,0,0,0,0
643.894,1.0000,0,0,0,0
643.929,1.0000,0,0,0,0
643.961,1.0000,0,0,0,0
643.992,1.0000,0,0,0,0
644.026,1.0000,0,0,0,0
644.059,1.0000,0,0,0,0
644.095,1.0000,0,0,0,0
644.128,1.0000,0,0,0,0
644.164,1.0000,0,0,0,0
644.193,1.0000,0,0,0,0
644.231,1.0000,0,0,0,0
644.260,1.0000,0,0,0,0
644.295,1.0000,0,0,0,0
644.325,1.0000,0,0,0,0
644.362,1.0000,0,0,0,0
644.396,1.0000,0,0,0,0
644.430,1.0000,0,0,0,0
644.462,1.0000,0,0,0,0
644.493,1.0000,0,0,0,0
644.535,1.0000,0,0,0,0
644.563,1.0000,0,0,0,0
644.595,1.0000,0,0,0,0
644.628,1.0000,0,0,0,0
644.661,1.0000,0,0,0,0
644.696,1.0000,0,0,0,0
644.729,1.0000,0,0,0,0
644.759,1.0000,0,0,0,0
644.794,1.0000,0,0,0,0
644.826,1.0000,0,0,0,0
644.863,1.0000,0,0,0,0
644.892,1.0000,0,0,0,0
644.925,1.0000,0,0,0,0
644.963,1.0000,0,0,0,0
644.994,1.0000,0,0,0,0
645.030,1.0000,0,0,0,0
645.062,1.0000,0,0,0,0
645.096,1.0000,0,0,0,0
645.130,1.0000,0,0,0,0
645.161,1.0000,0,0,0,0
645.196,1.0000,0,0,0,0
645.227,1.0000,0,0,0,0
645.262,1.0000,0,0,0,0
645.295,1.0000,0,0,0,0
645.327,1.0000,0,0,0,0
645.365,1.0000,0,0,0,0
645.395,1.0000,0,0,0,0
645.428,1.0000,0,0,0,0
645.464,1.0000,0,0,0,0
645.491,1.0000,0,0,0,0
645.530,1.0000,0,0,0,0
645.553,1.0000,0,0,0,0
645.594,1.0000,0,0,0,0
645.618,1.0000,0,0,0,0
645.660,1.0000,0,0,0,0
645.695,1.0000,0,0,0,0
645.729,1.0000,0,0,0,0
645.763,1.0000,0,0,0,0
645.796,1.0000,0,0,0,0
645.826,1.0000,0,0,0,0
645.860,1.0000,0,0,0,0
645.893,1.0000,0,0,0,0
645.927,1.0000,0,0,0,0
645.962,1.0000,0,0,0,0
645.985,1.0000,0,0,0,0
646.028,1.0000,0,0,0,0
646.061,1.0000,0,0,0,0
646.093,1.0000,0,0,0,0
646.128,1.0000,0,0,0,0
646.163,1.0000,0,0,0,0
646.197,1.0000,0,0,0,0
646.228,1.0000,0,0,0,0
646.260,1.0000,0,0,0,0
646.294,1.0000,0,0,0,0
646.330,1.0000,0,0,0,0
646.361,1.0000,0,0,0,0
646.397,1.0000,0,0,0,0
646.430,1.0000,0,0,0,0
646.463,1.0000,0,0,0,0
646.493,1.0000,0,0,0,0
646.526,1.0000,0,0,0,0
646.560,1.0000,0,0,0,0
646.594,1.0000,0,0,0,0
646.629,1.0000,0,0,0,0
646.654,1.0000,0,0,0,0
646.692,1.0000,0,0,0,0
646.729,1.0000,0,0,0,0
646.764,1.0000,0,0,0,0
646.794,1.0000,0,0,0,0
646.825,1.0000,0,0,0,0
646.861,1.0000,0,0,0,0
646.892,1.0000,0,0,0,0
646.929,1.0000,0,0,0,0
646.959,1.0000,0,0,0,0
646.993,1.0000,0,0,0,0
647.031,1.0000,0,0,0,0
647.054,1.0000,0,0,0,0
647.099,1.0000,0,0,0,0
647.123,1.0000,0,0,0,0
647.160,1.0000,0,0,0,0
647.192,1.0000,0,0,0,0
647.227,1.0000,0,0,0,0
647.262,1.0000,0,0,0,0
647.295,1.0000,0,0,0,0
647.330,1.0000,0,0,0,0
647.361,1.0000,0,0,0,0
647.395,1.0000,0,0,0,0
647.427,1.0000,0,0,0,0
647.463,1.0000,0,0,0,0
647.496,1.0000,0,0,0,0
647.529,1.0000,0,0,0,0
647.561,1.0000,0,0,0,0
647.596,1.0000,0,0,0,0
647.632,1.0000,0,0,0,0
647.659,1.0000,0,0,0,0
647.692,1.0000,0,0,0,0
647.724,1.0000,0,0,0,0
647.763,1.0000,0,0,0,0
647.786,1.0000,0,0,0,0
647.830,1.0000,0,0,0,0
647.855,1.0000,0,0,0,0
647.898,1.0000,0,0,0,0
647.925,1.0000,0,0,0,0
647.958,1.0000,0,0,0,0
647.990,1.0000,0,0,0,0
648.029,1.0000,0,0,0,0
648.060,1.0000,0,0,0,0
648.086,1.0000,0,0,0,0
648.129,1.0000,0,0,0,0
648.153,1.0000,0,0,0,0
648.195,1.0000,0,0,0,0
648.230,1.0000,0,0,0,0
648.263,1.0000,0,0,0,0
648.294,1.0000,0,0,0,0
648.328,1.0000,0,0,0,0
648.364,1.0000,0,0,0,0
648.393,1.0000,0,0,0,0
648.426,1.0000,0,0,0,0
648.461,1.0000,0,0,0,0
648.496,1.0000,0,0,0,0
648.527,1.0000,0,0,0,0
648.564,1.0000,0,0,0,0
648.596,1.0000,0,0,0,0
648.629,1.0000,0,0,0,0
648.659,1.0000,0,0,0,0
648.696,1.0000,0,0,0,0
648.728,1.0000,0,0,0,0
648.763,1.0000,0,0,0,0
648.796,1.0000,0,0,0,0
648.827,1.0000,0,0,0,0
648.861,1.0000,0,0,0,0
648.893,1.0000,0,0,0,0
648.927,1.0000,0,0,0,0
648.962,1.0000,0,0,0,0
648.994,1.0000,0,0,0,0
649.026,1.0000,0,0,0,0
649.064,1.0000,0,0,0,0
649.093,1.0000,0,0,0,0
649.125,1.0000,0,0,0,0
649.159,1.0000,0,0,0,0
649.192,1.0000,0,0,0,0
649.231,1.0000,0,0,0,0
649.260,1.0000,0,0,0,0
649.292,1.0000,0,0,0,0
649.327,1.0000,0,0,0,0
649.361,1.0000,0,0,0,0
649.396,1.0000,0,0,0,0
649.429,1.0000,0,0,0,0
649.462,1.0000,0,0,0,0
649.496,1.0000,0,0,0,0
649.524,1.0000,0,0,0,0
649.563,1.0000,0,0,0,0
649.585,1.0000,0,0,0,0
649.628,1.0000,0,0,0,0
649.658,1.0000,0,0,0,0
649.695,1.0000,0,0,0,0
649.731,1.0000,0,0,0,0
649.762,1.0000,0,0,0,0
649.794,1.0000,0,0,0,0
649.828,1.0000,0,0,0,0
649.859,1.0000,0,0,0,0
649.893,1.0000,0,0,0,0
649.928,1.0000,0,0,0,0
649.953,1.0000,0,0,0,0
649.992,1.0000,0,0,0,0
650.016,1.0000,0,0,0,0
650.062,1.0000,0,0,0,0
650.089,1.0000,0,0,0,0
650.126,1.0000,0,0,0,0
650.161,1.0000,0,0,0,0
650.196,1.0000,0,0,0,0
650.226,1.0000,0,0,0,0
650.251,1.0000,0,0,0,0
650.296,1.0000,0,0,0,0
650.320,1.0000,0,0,0,0
650.362,1.0000,0,0,0,0
650.390,1.0000,0,0,0,0
650.427,1.0000,0,0,0,0
650.460,1.0000,0,0,0,0
650.495,1.0000,0,0,0,0
650.527,1.0000,0,0,0,0
650.559,1.0000,0,0,0,0
650.596,1.0000,0,0,0,0
650.629,1.0000,0,0,0,0
650.663,1.0000,0,0,0,0
650.695,1.0000,0,0,0,0
650.728,1.0000,0,0,0,0
650.761,1.0000,0,0,0,0
650.796,1.0000,0,0,0,0
650.840,1.0000,0,0,0,0
650.861,1.0000,0,0,0,0
650.898,1.0000,0,0,0,0
650.929,1.0000,0,0,0,0
650.961,1.0000,0,0,0,0
650.996,1.0000,0,0,0,0
651.026,1.0000,0,0,0,0
651.057,1.0000,0,0,0,0
651.094,1.0000,0,0,0,0
651.133,1.0000,0,0,0,0
651.161,1.0000,0,0,0,0
651.184,1.0000,0,0,0,0
651.225,1.0000,0,0,0,0
651.253,1.0000,0,0,0,0
651.295,1.0000,0,0,0,0
651.318,1.0000,0,0,0,0
651.364,1.0000,0,0,0,0
651.390,1.0000,0,0,0,0
651.429,1.0000,0,0,0,0
651.462,1.0000,0,0,0,0
651.494,1.0000,0,0,0,0
651.526,1.0000,0,0,0,0
651.563,1.0000,0,0,0,0
651.596,1.0000,0,0,0,0
651.627,1.0000,0,0,0,0
651.660,1.0000,0,0,0,0
651.692,1.0000,0,0,0,0
651.726,1.0000,0,0,0,0
651.762,1.0000,0,0,0,0
651.792,1.0000,0,0,0,0
651.829,1.0000,0,0,0,0
651.865,1.0000,0,0,0,0
651.885,1.0000,0,0,0,0
651.927,1.0000,0,0,0,0
651.960,1.0000,0,0,0,0
651.997,1.0000,0,0,0,0
652.026,1.0000,0,0,0,0
652.106,1.0000,0,0,0,0
652.135,1.0000,0,0,0,0
652.173,1.0000,0,0,0,0
652.210,1.0000,0,0,0,0
652.245,1.0000,0,0,0,0
652.276,1.0000,0,0,0,0
652.306,1.0000,0,0,0,0
652.339,1.0000,0,0,0,0
652.378,1.0000,0,0,0,0
652.399,1.0000,0,0,0,0
652.442,1.0000,0,0,0,0
652.466,1.0000,0,0,0,0
652.509,1.0000,0,0,0,0
652.533,1.0000,0,0,0,0
652.573,1.0000,0,0,0,0
652.606,1.0000,0,0,0,0
652.642,1.0000,0,0,0,0
652.664,1.0000,0,0,0,0
652.708,1.0000,0,0,0,0
652.742,1.0000,0,0,0,0
652.778,1.0000,0,0,0,0
652.807,1.0000,0,0,0,0
652.839,1.0000,0,0,0,0
652.880,1.0000,0,0,0,0
652.909,1.0000,0,0,0,0
652.940,1.0000,0,0,0,0
652.974,1.0000,0,0,0,0
653.009,1.0000,0,0,0,0
653.041,1.0000,0,0,0,0
653.076,1.0000,0,0,0,0
653.107,1.0000,0,0,0,0
653.143,1.0000,0,0,0,0
653.165,1.0000,0,0,0,0
653.207,1.0000,0,0,0,0
653.242,1.0000,0,0,0,0
653.273,1.0000,0,0,0,0
653.307,1.0000,0,0,0,0
653.333,1.0000,0,0,0,0
653.378,1.0000,0,0,0,0
653.404,1.0000,0,0,0,0
653.429,1.0000,0,0,0,0
653.473,1.0000,0,0,0,0
653.508,1.0000,0,0,0,0
653.538,1.0000,0,0,0,0
653.572,1.0000,0,0,0,0
653.606,1.0000,0,0,0,0
653.640,1.0000,0,0,0,0
653.673,1.0000,0,0,0,0
653.706,1.0000,0,0,0,0
653.739,1.0000,0,0,0,0
653.776,1.0000,0,0,0,0
653.814,1.0000,0,0,0,0
653.847,1.0000,0,0,0,0
653.873,1.0000,0,0,0,0
653.909,1.0000,0,0,0,0
653.944,1.0000,0,0,0,0
653.975,1.0000,0,0,0,0
654.011,1.0000,0,0,0,0
654.039,1.0000,0,0,0,0
654.074,1.0000,0,0,0,0
654.108,1.0000,0,0,0,0
654.143,1.0000,0,0,0,0
654.165,1.0000,0,0,0,0
654.208,1.0000,0,0,0,0
654.238,1.0000,0,0,0,0
654.276,1.0000,0,0,0,0
654.306,1.0000,0,0,0,0
654.340,1.0000,0,0,0,0
654.374,1.0000,0,0,0,0
654.408,1.0000,0,0,0,0
654.438,1.0000,0,0,0,0
654.473,1.0000,0,0,0,0
654.510,1.0000,0,0,0,0
654.540,1.0000,0,0,0,0
654.578,1.0000,0,0,0,0
654.606,1.0000,0,0,0,0
654.644,1.0000,0,0,0,0
654.676,1.0000,0,0,0,0
654.713,1.0000,0,0,0,0
654.740,1.0000,0,0,0,0
654.775,1.0000,0,0,0,0
654.809,1.0000,0,0,0,0
654.843,1.0000,0,0,0,0
654.875,1.0000,0,0,0,0
654.907,1.0000,0,0,0,0
654.940,1.0000,0,0,0,0
654.974,1.0000,0,0,0,0
655.008,1.0000,0,0,0,0
655.040,1.0000,0,0,0,0
655.077,1.0000,0,0,0,0
655.111,1.0000,0,0,0,0
655.140,1.0000,0,0,0,0
655.178,1.0000,0,0,0,0
655.211,1.0000,0,0,0,0
655.242,1.0000,0,0,0,0
655.273,1.0000,0,0,0,0
655.308,1.0000,0,0,0,0
655.341,1.0000,0,0,0,0
655.373,1.0000,0,0,0,0
655.410,1.0000,0,0,0,0
655.440,1.0000,0,0,0,0
655.476,1.0000,0,0,0,0
655.507,1.0000,0,0,0,0
655.541,1.0000,0,0,0,0
655.575,1.0000,0,0,0,0
655.608,1.0000,0,0,0,0
655.644,1.0000,0,0,0,0
655.677,1.0000,0,0,0,0
655.706,1.0000,0,0,0,0
655.743,1.0000,0,0,0,0
655.773,1.0000,0,0,0,0
655.810,1.0000,0,0,0,0
655.843,1.0000,0,0,0,0
655.874,1.0000,0,0,0,0
655.908,1.0000,0,0,0,0
655.940,1.0000,0,0,0,0
655.973,1.0000,0,0,0,0
656.009,1.0000,0,0,0,0
656.041,1.0000,0,0,0,0
656.082,1.0000,0,0,0,0
656.108,1.0000,0,0,0,0
656.143,1.0000,0,0,0,0
656.172,1.0000,0,0,0,0
656.209,1.0000,0,0,0,0
656.242,1.0000,0,0,0,0
656.275,1.0000,0,0,0,0
656.309,1.0000,0,0,0,0
656.343,1.0000,0,0,0,0
656.372,1.0000,0,0,0,0
656.410,1.0000,0,0,0,0
656.439,1.0000,0,0,0,0
656.472,1.0000,0,0,0,0
656.509,1.0000,0,0,0,0
656.544,1.0000,0,0,0,0
656.574,1.0000,0,0,0,0
656.608,1.0000,0,0,0,0
656.643,1.0000,0,0,0,0
656.673,1.0000,0,0,0,0
656.706,1.0000,0,0,0,0
656.744,1.0000,0,0,0,0
656.774,1.0000,0,0,0,0
656.808,1.0000,0,0,0,0
656.840,1.0000,0,0,0,0
656.875,1.0000,0,0,0,0
656.909,1.0000,0,0,0,0
656.939,1.0000,0,0,0,0
656.980,1.0000,0,0,0,0
657.006,1.0000,0,0,0,0
657.041,1.0000,0,0,0,0
657.075,1.0000,0,0,0,0
657.111,1.0000,0,0,0,0
657.133,1.0000,0,0,0,0
657.177,1.0000,0,0,0,0
657.203,1.0000,0,0,0,0
657.238,1.0000,0,0,0,0
657.267,1.0000,0,0,0,0
657.308,1.0000,0,0,0,0
657.339,1.0000,0,0,0,0
657.372,1.0000,0,0,0,0
657.410,1.0000,0,0,0,0
657.441,1.0000,0,0,0,0
657.464,1.0000,0,0,0,0
657.509,1.0000,0,0,0,0
657.538,1.0000,0,0,0,0
657.563,1.0000,0,0,0,0
657.608,1.0000,0,0,0,0
657.632,1.0000,0,0,0,0
657.675,1.0000,0,0,0,0
657.708,1.0000,0,0,0,0
657.732,1.0000,0,0,0,0
657.775,1.0000,0,0,0,0
657.806,1.0000,0,0,0,0
657.842,1.0000,0,0,0,0
657.876,1.0000,0,0,0,0
657.908,1.0000,0,0,0,0
657.942,1.0000,0,0,0,0
657.964,1.0000,0,0,0,0
658.008,1.0000,0,0,0,0
658.040,1.0000,0,0,0,0
658.077,1.0000,0,0,0,0
658.105,1.0000,0,0,0,0
658.140,1.0000,0,0,0,0
658.175,1.0000,0,0,0,0
658.213,1.0000,0,0,0,0
658.242,1.0000,0,0,0,0
658.272,1.0000,0,0,0,0
658.306,1.0000,0,0,0,0
658.343,1.0000,0,0,0,0
658.376,1.0000,0,0,0,0
658.408,1.0000,0,0,0,0
658.440,1.0000,0,0,0,0
658.473,1.0000,0,0,0,0
658.510,1.0000,0,0,0,0
658.543,1.0000,0,0,0,0
658.574,1.0000,0,0,0,0
658.605,1.0000,0,0,0,0
658.641,1.0000,0,0,0,0
658.672,1.0000,0,0,0,0
658.708,1.0000,0,0,0,0
658.742,1.0000,0,0,0,0
658.779,1.0000,0,0,0,0
658.806,1.0000,0,0,0,0
658.841,1.0000,0,0,0,0
658.882,1.0000,0,0,0,0
658.902,1.0000,0,0,0,0
658.942,1.0000,0,0,0,0
658.973,1.0000,0,0,0,0
659.010,1.0000,0,0,0,0
659.039,1.0000,0,0,0,0
659.075,1.0000,0,0,0,0
659.109,1.0000,0,0,0,0
659.142,1.0000,0,0,0,0
659.174,1.0000,0,0,0,0
659.211,1.0000,0,0,0,0
659.243,1.0000,0,0,0,0
659.276,1.0000,0,0,0,0
659.308,1.0000,0,0,0,0
659.340,1.0000,0,0,0,0
659.380,1.0000,0,0,0,0
659.409,1.0000,0,0,0,0
659.444,1.0000,0,0,0,0
659.473,1.0000,0,0,0,0
659.511,1.0000,0,0,0,0
659.540,1.0000,0,0,0,0
659.577,1.0000,0,0,0,0
659.608,1.0000,0,0,0,0
659.640,1.0000,0,0,0,0
659.671,1.0000,0,0,0,0
659.708,1.0000,0,0,0,0
659.743,1.0000,0,0,0,0
659.773,1.0000,0,0,0,0
659.809,1.0000,0,0,0,0
659.840,1.0000,0,0,0,0
659.875,1.0000,0,0,0,0
659.908,1.0000,0,0,0,0
659.942,1.0000,0,0,0,0
659.976,1.0000,0,0,0,0
660.009,1.0000,0,0,0,0
660.041,1.0000,0,0,0,0
660.074,1.0000,0,0,0,0
660.109,1.0000,0,0,0,0
660.143,1.0000,0,0,0,0
660.176,1.0000,0,0,0,0
660.210,1.0000,0,0,0,0
660.240,1.0000,0,0,0,0
660.276,1.0000,0,0,0,0
660.309,1.0000,0,0,0,0
660.341,1.0000,0,0,0,0
660.374,1.0000,0,0,0,0
660.413,1.0000,0,0,0,0
660.433,1.0000,0,0,0,0
660.478,1.0000,0,0,0,0
660.517,1.0000,0,0,0,0
660.548,1.0000,0,0,0,0
660.578,1.0000,0,0,0,0
660.615,1.0000,0,0,0,0
660.647,1.0000,0,0,0,0
660.678,1.0000,0,0,0,0
660.716,1.0000,0,0,0,0
660.748,1.0000,0,0,0,0
660.782,1.0000,0,0,0,0
660.816,1.0000,0,0,0,0
660.845,1.0000,0,0,0,0
660.877,1.0000,0,0,0,0
660.914,1.0000,0,0,0,0
660.947,1.0000,0,0,0,0
660.978,1.0000,0,0,0,0
661.012,1.0000,0,0,0,0
661.045,1.0000,0,0,0,0
661.080,1.0000,0,0,0,0
661.111,1.0000,0,0,0,0
661.147,1.0000,0,0,0,0
661.180,1.0000,0,0,0,0
661.216,1.0000,0,0,0,0
661.250,1.0000,0,0,0,0
661.277,1.0000,0,0,0,0
661.305,1.0000,0,0,0,0
661.347,1.0000,0,0,0,0
661.381,1.0000,0,0,0,0
661.415,1.0000,0,0,0,0
661.445,1.0000,0,0,0,0
661.484,1.0000,0,0,0,0
661.504,1.0000,0,0,0,0
661.547,1.0000,0,0,0,0
661.580,1.0000,0,0,0,0
661.615,1.0000,0,0,0,0
661.648,1.0000,0,0,0,0
661.683,1.0000,0,0,0,0
661.706,1.0000,0,0,0,0
661.748,1.0000,0,0,0,0
661.781,1.0000,0,0,0,0
661.815,1.0000,0,0,0,0
661.849,1.0000,0,0,0,0
661.881,1.0000,0,0,0,0
661.916,1.0000,0,0,0,0
661.948,1.0000,0,0,0,0
661.982,1.0000,0,0,0,0
662.018,1.0000,0,0,0,0
662.051,1.0000,0,0,0,0
662.084,1.0000,0,0,0,0
662.116,1.0000,0,0,0,0
662.149,1.0000,0,0,0,0
662.182,1.0000,0,0,0,0
662.214,1.0000,0,0,0,0
662.249,1.0000,0,0,0,0
662.282,1.0000,0,0,0,0
662.315,1.0000,0,0,0,0
662.349,1.0000,0,0,0,0
662.380,1.0000,0,0,0,0
662.414,1.0000,0,0,0,0
662.447,1.0000,0,0,0,0
662.484,1.0000,0,0,0,0
662.516,1.0000,0,0,0,0
662.551,1.0000,0,0,0,0
662.582,1.0000,0,0,0,0
662.616,1.0000,0,0,0,0
662.648,1.0000,0,0,0,0
662.684,1.0000,0,0,0,0
662.715,1.0000,0,0,0,0
662.748,1.0000,0,0,0,0
662.784,1.0000,0,0,0,0
662.815,1.0000,0,0,0,0
662.850,1.0000,0,0,0,0
662.882,1.0000,0,0,0,0
662.916,1.0000,0,0,0,0
662.952,1.0000,0,0,0,0
662.982,1.0000,0,0,0,0
663.015,1.0000,0,0,0,0
663.049,1.0000,0,0,0,0
663.082,1.0000,0,0,0,0
663.115,1.0000,0,0,0,0
663.149,1.0000,0,0,0,0
663.184,1.0000,0,0,0,0
663.214,1.0000,0,0,0,0
663.249,1.0000,0,0,0,0
663.284,1.0000,0,0,0,0
663.313,1.0000,0,0,0,0
663.351,1.0000,0,0,0,0
663.382,1.0000,0,0,0,0
663.415,1.0000,0,0,0,0
663.450,1.0000,0,0,0,0
663.482,1.0000,0,0,0,0
663.517,1.0000,0,0,0,0
663.549,1.0000,0,0,0,0
663.586,1.0000,0,0,0,0
663.616,1.0000,0,0,0,0
663.647,1.0000,0,0,0,0
663.680,1.0000,0,0,0,0
663.715,1.0000,0,0,0,0
663.752,1.0000,0,0,0,0
663.773,1.0000,0,0,0,0
663.814,1.0000,0,0,0,0
663.847,1.0000,0,0,0,0
663.880,1.0000,0,0,0,0
663.917,1.0000,0,0,0,0
663.948,1.0000,0,0,0,0
663.981,1.0000,0,0,0,0
664.015,1.0000,0,0,0,0
664.052,1.0000,0,0,0,0
664.084,1.0000,0,0,0,0
664.116,1.0000,0,0,0,0
664.148,1.0000,0,0,0,0
664.182,1.0000,0,0,0,0
664.216,1.0000,0,0,0,0
664.247,1.0000,0,0,0,0
664.284,1.0000,0,0,0,0
664.316,1.0000,0,0,0,0
664.347,1.0000,0,0,0,0
664.383,1.0000,0,0,0,0
664.415,1.0000,0,0,0,0
664.450,1.0000,0,0,0,0
664.481,1.0000,0,0,0,0
664.518,1.0000,0,0,0,0
664.548,1.0000,0,0,0,0
664.581,1.0000,0,0,0,0
664.617,1.0000,0,0,0,0
664.648,1.0000,0,0,0,0
664.684,1.0000,0,0,0,0
664.716,1.0000,0,0,0,0
664.751,1.0000,0,0,0,0
664.784,1.0000,0,0,0,0
664.813,1.0000,0,0,0,0
664.849,1.0000,0,0,0,0
664.883,1.0000,0,0,0,0
664.916,1.0000,0,0,0,0
664.951,1.0000,0,0,0,0
664.984,1.0000,0,0,0,0
665.014,1.0000,0,0,0,0
665.048,1.0000,0,0,0,0
665.081,1.0000,0,0,0,0
665.114,1.0000,0,0,0,0
665.148,1.0000,0,0,0,0
665.183,1.0000,0,0,0,0
665.216,1.0000,0,0,0,0
665.247,1.0000,0,0,0,0
665.281,1.0000,0,0,0,0
665.317,1.0000,0,0,0,0
665.348,1.0000,0,0,0,0
665.382,1.0000,0,0,0,0
665.414,1.0000,0,0,0,0
665.446,1.0000,0,0,0,0
665.480,1.0000,0,0,0,0
665.516,1.0000,0,0,0,0
665.549,1.0000,0,0,0,0
665.581,1.0000,0,0,0,0
665.614,1.0000,0,0,0,0
665.649,1.0000,0,0,0,0
665.682,1.0000,0,0,0,0
665.718,1.0000,0,0,0,0
665.747,1.0000,0,0,0,0
665.783,1.0000,0,0,0,0
665.817,1.0000,0,0,0,0
665.848,1.0000,0,0,0,0
665.882,1.0000,0,0,0,0
665.915,1.0000,0,0,0,0
665.951,1.0000,0,0,0,0
665.984,1.0000,0,0,0,0
666.015,1.0000,0,0,0,0
666.051,1.0000,0,0,0,0
666.083,1.0000,0,0,0,0
666.116,1.0000,0,0,0,0
666.148,1.0000,0,0,0,0
666.182,1.0000,0,0,0,0
666.215,1.0000,0,0,0,0
666.249,1.0000,0,0,0,0
666.281,1.0000,0,0,0,0
666.316,1.0000,0,0,0,0
666.349,1.0000,0,0,0,0
666.383,1.0000,0,0,0,0
666.416,1.0000,0,0,0,0
666.447,1.0000,0,0,0,0
666.481,1.0000,0,0,0,0
666.516,1.0000,0,0,0,0
666.548,1.0000,0,0,0,0
666.582,1.0000,0,0,0,0
666.614,1.0000,0,0,0,0
666.649,1.0000,0,0,0,0
666.681,1.0000,0,0,0,0
666.717,1.0000,0,0,0,0
666.750,1.0000,0,0,0,0
666.784,1.0000,0,0,0,0
666.814,1.0000,0,0,0,0
666.852,1.0000,0,0,0,0
666.884,1.0000,0,0,0,0
666.918,1.0000,0,0,0,0
666.947,1.0000,0,0,0,0
666.983,1.0000,0,0,0,0
667.015,1.0000,0,0,0,0
667.049,1.0000,0,0,0,0
667.083,1.0000,0,0,0,0
667.116,1.0000,0,0,0,0
667.151,1.0000,0,0,0,0
667.184,1.0000,0,0,0,0
667.217,1.0000,0,0,0,0
667.250,1.0000,0,0,0,0
667.285,1.0000,0,0,0,0
667.314,1.0000,0,0,0,0
667.353,1.0000,0,0,0,0
667.382,1.0000,0,0,0,0
667.415,1.0000,0,0,0,0
667.452,1.0000,0,0,0,0
667.481,1.0000,0,0,0,0
667.516,1.0000,0,0,0,0
667.547,1.0000,0,0,0,0
667.580,1.0000,0,0,0,0
667.616,1.0000,0,0,0,0
667.649,1.0000,0,0,0,0
667.682,1.0000,0,0,0,0
667.717,1.0000,0,0,0,0
667.749,1.0000,0,0,0,0
667.781,1.0000,0,0,0,0
667.817,1.0000,0,0,0,0
667.849,1.0000,0,0,0,0
667.882,1.0000,0,0,0,0
667.915,1.0000,0,0,0,0
667.948,1.0000,0,0,0,0
667.981,1.0000,0,0,0,0
668.015,1.0000,0,0,0,0
668.049,1.0000,0,0,0,0
668.084,1.0000,0,0,0,0
668.116,1.0000,0,0,0,0
668.149,1.0000,0,0,0,0
668.183,1.0000,0,0,0,0
668.215,1.0000,0,0,0,0
668.251,1.0000,0,0,0,0
668.281,1.0000,0,0,0,0
668.315,1.0000,0,0,0,0
668.351,1.0000,0,0,0,0
668.381,1.0000,0,0,0,0
668.419,1.0000,0,0,0,0
668.449,1.0000,0,0,0,0
668.484,1.0000,0,0,0,0
668.516,1.0000,0,0,0,0
668.551,1.0000,0,0,0,0
668.584,1.0000,0,0,0,0
668.615,1.0000,0,0,0,0
668.647,1.0000,0,0,0,0
668.684,1.0000,0,0,0,0
668.716,1.0000,0,0,0,0
668.750,1.0000,0,0,0,0
668.784,1.0000,0,0,0,0
668.816,1.0000,0,0,0,0
668.847,1.0000,0,0,0,0
668.882,1.0000,0,0,0,0
668.917,1.0000,0,0,0,0
668.951,1.0000,0,0,0,0
668.982,1.0000,0,0,0,0
669.014,1.0000,0,0,0,0
669.051,1.0000,0,0,0,0
669.080,1.0000,0,0,0,0
669.117,1.0000,0,0,0,0
669.149,1.0000,0,0,0,0
669.181,1.0000,0,0,0,0
669.217,1.0000,0,0,0,0
669.249,1.0000,0,0,0,0
669.282,1.0000,0,0,0,0
669.314,1.0000,0,0,0,0
669.347,1.0000,0,0,0,0
669.381,1.0000,0,0,0,0
669.413,1.0000,0,0,0,0
669.451,1.0000,0,0,0,0
669.484,1.0000,0,0,0,0
669.515,1.0000,0,0,0,0
669.549,1.0000,0,0,0,0
669.585,1.0000,0,0,0,0
669.616,1.0000,0,0,0,0
669.650,1.0000,0,0,0,0
669.683,1.0000,0,0,0,0
669.715,1.0000,0,0,0,0
669.751,1.0000,0,0,0,0
669.784,1.0000,0,0,0,0
669.818,1.0000,0,0,0,0
669.849,1.0000,0,0,0,0
669.881,1.0000,0,0,0,0
669.914,1.0000,0,0,0,0
669.950,1.0000,0,0,0,0
669.983,1.0000,0,0,0,0
670.016,1.0000,0,0,0,0
670.050,1.0000,0,0,0,0
670.084,1.0000,0,0,0,0
670.117,1.0000,0,0,0,0
670.147,1.0000,0,0,0,0
670.183,1.0000,0,0,0,0
670.216,1.0000,0,0,0,0
670.251,1.0000,0,0,0,0
670.284,1.0000,0,0,0,0
670.316,1.0000,0,0,0,0
670.350,1.0000,0,0,0,0
670.384,1.0000,0,0,0,0
670.414,1.0000,0,0,0,0
670.449,1.0000,0,0,0,0
670.482,1.0000,0,0,0,0
670.517,1.0000,0,0,0,0
670.551,1.0000,0,0,0,0
670.582,1.0000,0,0,0,0
670.618,1.0000,0,0,0,0
670.647,1.0000,0,0,0,0
670.684,1.0000,0,0,0,0
670.715,1.0000,0,0,0,0
670.749,1.0000,0,0,0,0
670.782,1.0000,0,0,0,0
670.817,1.0000,0,0,0,0
670.851,1.0000,0,0,0,0
670.882,1.0000,0,0,0,0
670.917,1.0000,0,0,0,0
670.951,1.0000,0,0,0,0
670.981,1.0000,0,0,0,0
671.016,1.0000,0,0,0,0
671.048,1.0000,0,0,0,0
671.081,1.0000,0,0,0,0
671.117,1.0000,0,0,0,0
671.149,1.0000,0,0,0,0
671.184,1.0000,0,0,0,0
671.216,1.0000,0,0,0,0
671.247,1.0000,0,0,0,0
671.281,1.0000,0,0,0,0
671.319,1.0000,0,0,0,0
671.350,1.0000,0,0,0,0
671.384,1.0000,0,0,0,0
671.420,1.0000,0,0,0,0
671.440,1.0000,0,0,0,0
671.481,1.0000,0,0,0,0
671.514,1.0000,0,0,0,0
671.550,1.0000,0,0,0,0
671.582,1.0000,0,0,0,0
671.614,1.0000,0,0,0,0
671.648,1.0000,0,0,0,0
671.683,1.0000,0,0,0,0
671.717,1.0000,0,0,0,0
671.749,1.0000,0,0,0,0
671.781,1.0000,0,0,0,0
671.817,1.0000,0,0,0,0
671.848,1.0000,0,0,0,0
671.883,1.0000,0,0,0,0
671.916,1.0000,0,0,0,0
671.950,1.0000,0,0,0,0
672.004,1.0000,0,0,0,0
672.080,1.0000,0,0,0,0
672.097,1.0000,0,0,0,0
672.125,1.0000,0,0,0,0
672.157,1.0000,0,0,0,0
672.193,1.0000,0,0,0,0
672.227,1.0000,0,0,0,0
672.261,1.0000,0,0,0,0
672.291,1.0000,0,0,0,0
672.326,1.0000,0,0,0,0
672.362,1.0000,0,0,0,0
672.392,1.0000,0,0,0,0
672.423,1.0000,0,0,0,0
672.458,1.0000,0,0,0,0
672.495,1.0000,0,0,0,0
672.528,1.0000,0,0,0,0
672.558,1.0000,0,0,0,0
672.593,1.0000,0,0,0,0
672.623,1.0000,0,0,0,0
672.660,1.0000,0,0,0,0
672.693,1.0000,0,0,0,0
672.725,1.0000,0,0,0,0
672.758,1.0000,0,0,0,0
672.791,1.0000,0,0,0,0
672.826,1.0000,0,0,0,0
672.859,1.0000,0,0,0,0
672.890,1.0000,0,0,0,0
672.924,1.0000,0,0,0,0
672.958,1.0000,0,0,0,0
672.990,1.0000,0,0,0,0
673.029,1.0000,0,0,0,0
673.058,1.0000,0,0,0,0
673.096,1.0000,0,0,0,0
673.125,1.0000,0,0,0,0
673.157,1.0000,0,0,0,0
673.191,1.0000,0,0,0,0
673.224,1.0000,0,0,0,0
673.258,1.0000,0,0,0,0
673.294,1.0000,0,0,0,0
673.326,1.0000,0,0,0,0
673.361,1.0000,0,0,0,0
673.385,1.0000,0,0,0,0
673.427,1.0000,0,0,0,0
673.459,1.0000,0,0,0,0
673.495,1.0000,0,0,0,0
673.523,1.0000,0,0,0,0
673.557,1.0000,0,0,0,0
673.590,1.0000,0,0,0,0
673.624,1.0000,0,0,0,0
673.658,1.0000,0,0,0,0
673.691,1.0000,0,0,0,0
673.723,1.0000,0,0,0,0
673.760,1.0000,0,0,0,0
673.793,1.0000,0,0,0,0
673.823,1.0000,0,0,0,0
673.860,1.0000,0,0,0,0
673.895,1.0000,0,0,0,0
673.928,1.0000,0,0,0,0
673.959,1.0000,0,0,0,0
673.992,1.0000,0,0,0,0
674.026,1.0000,0,0,0,0
674.051,1.0000,0,0,0,0
674.093,1.0000,0,0,0,0
674.117,1.0000,0,0,0,0
674.158,1.0000,0,0,0,0
674.192,1.0000,0,0,0,0
674.226,1.0000,0,0,0,0
674.260,1.0000,0,0,0,0
674.290,1.0000,0,0,0,0
674.327,1.0000,0,0,0,0
674.360,1.0000,0,0,0,0
674.392,1.0000,0,0,0,0
674.427,1.0000,0,0,0,0
674.457,1.0000,0,0,0,0
674.490,1.0000,0,0,0,0
674.527,1.0000,0,0,0,0
674.559,1.0000,0,0,0,0
674.589,1.0000,0,0,0,0
674.625,1.0000,0,0,0,0
674.658,1.0000,0,0,0,0
674.692,1.0000,0,0,0,0
674.725,1.0000,0,0,0,0
674.762,1.0000,0,0,0,0
674.791,1.0000,0,0,0,0
674.824,1.0000,0,0,0,0
674.859,1.0000,0,0,0,0
674.890,1.0000,0,0,0,0
674.924,1.0000,0,0,0,0
674.958,1.0000,0,0,0,0
674.990,1.0000,0,0,0,0
675.024,1.0000,0,0,0,0
675.063,1.0000,0,0,0,0
675.092,1.0000,0,0,0,0
675.125,1.0000,0,0,0,0
675.160,1.0000,0,0,0,0
675.191,1.0000,0,0,0,0
675.226,1.0000,0,0,0,0
675.261,1.0000,0,0,0,0
675.289,1.0000,0,0,0,0
675.328,1.0000,0,0,0,0
675.359,1.0000,0,0,0,0
675.390,1.0000,0,0,0,0
675.424,1.0000,0,0,0,0
675.457,1.0000,0,0,0,0
675.496,1.0000,0,0,0,0
675.523,1.0000,0,0,0,0
675.560,1.0000,0,0,0,0
675.591,1.0000,0,0,0,0
675.627,1.0000,0,0,0,0
675.656,1.0000,0,0,0,0
675.691,1.0000,0,0,0,0
675.728,1.0000,0,0,0,0
675.757,1.0000,0,0,0,0
675.791,1.0000,0,0,0,0
675.827,1.0000,0,0,0,0
675.857,1.0000,0,0,0,0
675.889,1.0000,0,0,0,0
675.925,1.0000,0,0,0,0
675.957,1.0000,0,0,0,0
675.990,1.0000,0,0,0,0
676.028,1.0000,0,0,0,0
676.049,1.0000,0,0,0,0
676.095,1.0000,0,0,0,0
676.127,1.0000,0,0,0,0
676.161,1.0000,0,0,0,0
676.190,1.0000,0,0,0,0
676.225,1.0000,0,0,0,0
676.259,1.0000,0,0,0,0
676.290,1.0000,0,0,0,0
676.324,1.0000,0,0,0,0
676.359,1.0000,0,0,0,0
676.395,1.0000,0,0,0,0
676.426,1.0000,0,0,0,0
676.461,1.0000,0,0,0,0
676.489,1.0000,0,0,0,0
676.527,1.0000,0,0,0,0
676.557,1.0000,0,0,0,0
676.592,1.0000,0,0,0,0
676.619,1.0000,0,0,0,0
676.660,1.0000,0,0,0,0
676.695,1.0000,0,0,0,0
676.727,1.0000,0,0,0,0
676.757,1.0000,0,0,0,0
676.795,1.0000,0,0,0,0
676.827,1.0000,0,0,0,0
676.862,1.0000,0,0,0,0
676.890,1.0000,0,0,0,0
676.924,1.0000,0,0,0,0
676.958,1.0000,0,0,0,0
676.990,1.0000,0,0,0,0
677.024,1.0000,0,0,0,0
677.061,1.0000,0,0,0,0
677.096,1.0000,0,0,0,0
677.125,1.0000,0,0,0,0
677.159,1.0000,0,0,0,0
677.195,1.0000,0,0,0,0
677.228,1.0000,0,0,0,0
677.257,1.0000,0,0,0,0
677.292,1.0000,0,0,0,0
677.324,1.0000,0,0,0,0
677.360,1.0000,0,0,0,0
677.397,1.0000,0,0,0,0
677.425,1.0000,0,0,0,0
677.459,1.0000,0,0,0,0
677.494,1.0000,0,0,0,0
677.526,1.0000,0,0,0,0
677.559,1.0000,0,0,0,0
677.593,1.0000,0,0,0,0
677.624,1.0000,0,0,0,0
677.663,1.0000,0,0,0,0
677.693,1.0000,0,0,0,0
677.728,1.0000,0,0,0,0
677.758,1.0000,0,0,0,0
677.791,1.0000,0,0,0,0
677.825,1.0000,0,0,0,0
677.856,1.0000,0,0,0,0
677.892,1.0000,0,0,0,0
677.922,1.0000,0,0,0,0
677.960,1.0000,0,0,0,0
677.992,1.0000,0,0,0,0
678.030,1.0000,0,0,0,0
678.059,1.0000,0,0,0,0
678.094,1.0000,0,0,0,0
678.128,1.0000,0,0,0,0
678.157,1.0000,0,0,0,0
678.195,1.0000,0,0,0,0
678.225,1.0000,0,0,0,0
678.261,1.0000,0,0,0,0
678.295,1.0000,0,0,0,0
678.326,1.0000,0,0,0,0
678.356,1.0000,0,0,0,0
678.389,1.0000,0,0,0,0
678.430,1.0000,0,0,0,0
678.463,1.0000,0,0,0,0
678.483,1.0000,0,0,0,0
678.523,1.0000,0,0,0,0
678.559,1.0000,0,0,0,0
678.590,1.0000,0,0,0,0
678.627,1.0000,0,0,0,0
678.657,1.0000,0,0,0,0
678.690,1.0000,0,0,0,0
678.727,1.0000,0,0,0,0
678.761,1.0000,0,0,0,0
678.792,1.0000,0,0,0,0
678.828,1.0000,0,0,0,0
678.858,1.0000,0,0,0,0
678.890,1.0000,0,0,0,0
678.926,1.0000,0,0,0,0
678.959,1.0000,0,0,0,0
678.988,1.0000,0,0,0,0
679.023,1.0000,0,0,0,0
679.061,1.0000,0,0,0,0
679.094,1.0000,0,0,0,0
679.123,1.0000,0,0,0,0
679.163,1.0000,0,0,0,0
679.192,1.0000,0,0,0,0
679.224,1.0000,0,0,0,0
679.260,1.0000,0,0,0,0
679.290,1.0000,0,0,0,0
679.325,1.0000,0,0,0,0
679.357,1.0000,0,0,0,0
679.394,1.0000,0,0,0,0
679.426,1.0000,0,0,0,0
679.461,1.0000,0,0,0,0
679.494,1.0000,0,0,0,0
679.527,1.0000,0,0,0,0
679.558,1.0000,0,0,0,0
679.592,1.0000,0,0,0,0
679.628,1.0000,0,0,0,0
679.661,1.0000,0,0,0,0
679.694,1.0000,0,0,0,0
679.726,1.0000,0,0,0,0
679.758,1.0000,0,0,0,0
679.792,1.0000,0,0,0,0
679.826,1.0000,0,0,0,0
679.858,1.0000,0,0,0,0
679.893,1.0000,0,0,0,0
679.926,1.0000,0,0,0,0
679.958,1.0000,0,0,0,0
679.994,1.0000,0,0,0,0
680.028,1.0000,0,0,0,0
680.057,1.0000,0,0,0,0
680.093,1.0000,0,0,0,0
680.126,1.0000,0,0,0,0
680.157,1.0000,0,0,0,0
680.193,1.0000,0,0,0,0
680.225,1.0000,0,0,0,0
680.261,1.0000,0,0,0,0
680.293,1.0000,0,0,0,0
680.326,1.0000,0,0,0,0
680.360,1.0000,0,0,0,0
680.394,1.0000,0,0,0,0
680.426,1.0000,0,0,0,0
680.458,1.0000,0,0,0,0
680.491,1.0000,0,0,0,0
680.527,1.0000,0,0,0,0
680.560,1.0000,0,0,0,0
680.593,1.0000,0,0,0,0
680.625,1.0000,0,0,0,0
680.656,1.0000,0,0,0,0
680.692,1.0000,0,0,0,0
680.726,1.0000,0,0,0,0
680.757,1.0000,0,0,0,0
680.792,1.0000,0,0,0,0
680.825,1.0000,0,0,0,0
680.858,1.0000,0,0,0,0
680.892,1.0000,0,0,0,0
680.925,1.0000,0,0,0,0
680.961,1.0000,0,0,0,0
680.993,1.0000,0,0,0,0
681.028,1.0000,0,0,0,0
681.058,1.0000,0,0,0,0
681.090,1.0000,0,0,0,0
681.125,1.0000,0,0,0,0
681.160,1.0000,0,0,0,0
681.189,1.0000,0,0,0,0
681.233,1.0000,0,0,0,0
681.252,1.0000,0,0,0,0
681.291,1.0000,0,0,0,0
681.326,1.0000,0,0,0,0
681.361,1.0000,0,0,0,0
681.391,1.0000,0,0,0,0
681.424,1.0000,0,0,0,0
681.459,1.0000,0,0,0,0
681.493,1.0000,0,0,0,0
681.526,1.0000,0,0,0,0
681.559,1.0000,0,0,0,0
681.590,1.0000,0,0,0,0
681.629,1.0000,0,0,0,0
681.658,1.0000,0,0,0,0
681.692,1.0000,0,0,0,0
681.724,1.0000,0,0,0,0
681.759,1.0000,0,0,0,0
681.795,1.0000,0,0,0,0
681.825,1.0000,0,0,0,0
681.858,1.0000,0,0,0,0
681.895,1.0000,0,0,0,0
681.924,1.0000,0,0,0,0
681.960,1.0000,0,0,0,0
681.990,1.0000,0,0,0,0
682.027,1.0000,0,0,0,0
682.062,1.0000,0,0,0,0
682.091,1.0000,0,0,0,0
682.123,1.0000,0,0,0,0
682.156,1.0000,0,0,0,0
682.191,1.0000,0,0,0,0
682.227,1.0000,0,0,0,0
682.260,1.0000,0,0,0,0
682.296,1.0000,0,0,0,0
682.325,1.0000,0,0,0,0
682.359,1.0000,0,0,0,0
682.394,1.0000,0,0,0,0
682.426,1.0000,0,0,0,0
682.460,1.0000,0,0,0,0
682.492,1.0000,0,0,0,0
682.528,1.0000,0,0,0,0
682.558,1.0000,0,0,0,0
682.594,1.0000,0,0,0,0
682.627,1.0000,0,0,0,0
682.658,1.0000,0,0,0,0
682.692,1.0000,0,0,0,0
682.727,1.0000,0,0,0,0
682.758,1.0000,0,0,0,0
682.797,1.0000,0,0,0,0
682.817,1.0000,0,0,0,0
682.857,1.0000,0,0,0,0
682.892,1.0000,0,0,0,0
682.927,1.0000,0,0,0,0
682.961,1.0000,0,0,0,0
682.990,1.0000,0,0,0,0
683.027,1.0000,0,0,0,0
683.057,1.0000,0,0,0,0
683.093,1.0000,0,0,0,0
683.128,1.0000,0,0,0,0
683.156,1.0000,0,0,0,0
683.189,1.0000,0,0,0,0
683.225,1.0000,0,0,0,0
683.255,1.0000,0,0,0,0
683.291,1.0000,0,0,0,0
683.324,1.0000,0,0,0,0
683.359,1.0000,0,0,0,0
683.384,1.0000,0,0,0,0
683.427,1.0000,0,0,0,0
683.456,1.0000,0,0,0,0
683.490,1.0000,0,0,0,0
683.524,1.0000,0,0,0,0
683.559,1.0000,0,0,0,0
683.590,1.0000,0,0,0,0
683.623,1.0000,0,0,0,0
683.656,1.0000,0,0,0,0
683.691,1.0000,0,0,0,0
683.723,1.0000,0,0,0,0
683.758,1.0000,0,0,0,0
683.792,1.0000,0,0,0,0
683.823,1.0000,0,0,0,0
683.858,1.0000,0,0,0,0
683.892,1.0000,0,0,0,0
683.927,1.0000,0,0,0,0
683.961,1.0000,0,0,0,0
683.991,1.0000,0,0,0,0
684.027,1.0000,0,0,0,0
684.057,1.0000,0,0,0,0
684.092,1.0000,0,0,0,0
684.124,1.0000,0,0,0,0
684.161,1.0000,0,0,0,0
684.194,1.0000,0,0,0,0
684.223,1.0000,0,0,0,0
684.258,1.0000,0,0,0,0
684.293,1.0000,0,0,0,0
684.327,1.0000,0,0,0,0
684.357,1.0000,0,0,0,0
684.393,1.0000,0,0,0,0
684.426,1.0000,0,0,0,0
684.457,1.0000,0,0,0,0
684.491,1.0000,0,0,0,0
684.528,1.0000,0,0,0,0
684.560,1.0000,0,0,0,0
684.591,1.0000,0,0,0,0
684.628,1.0000,0,0,0,0
684.658,1.0000,0,0,0,0
684.695,1.0000,0,0,0,0
684.727,1.0000,0,0,0,0
684.760,1.0000,0,0,0,0
684.790,1.0000,0,0,0,0
684.826,1.0000,0,0,0,0
684.858,1.0000,0,0,0,0
684.893,1.0000,0,0,0,0
684.927,1.0000,0,0,0,0
684.961,1.0000,0,0,0,0
684.995,1.0000,0,0,0,0
685.023,1.0000,0,0,0,0
685.060,1.0000,0,0,0,0
685.093,1.0000,0,0,0,0
685.123,1.0000,0,0,0,0
685.161,1.0000,0,0,0,0
685.190,1.0000,0,0,0,0
685.225,1.0000,0,0,0,0
685.258,1.0000,0,0,0,0
685.292,1.0000,0,0,0,0
685.323,1.0000,0,0,0,0
685.354,1.0000,0,0,0,0
685.391,1.0000,0,0,0,0
685.426,1.0000,0,0,0,0
685.459,1.0000,0,0,0,0
685.492,1.0000,0,0,0,0
685.525,1.0000,0,0,0,0
685.556,1.0000,0,0,0,0
685.590,1.0000,0,0,0,0
685.626,1.0000,0,0,0,0
685.658,1.0000,0,0,0,0
685.693,1.0000,0,0,0,0
685.726,1.0000,0,0,0,0
685.757,1.0000,0,0,0,0
685.791,1.0000,0,0,0,0
685.823,1.0000,0,0,0,0
685.858,1.0000,0,0,0,0
685.891,1.0000,0,0,0,0
685.928,1.0000,0,0,0,0
685.957,1.0000,0,0,0,0
685.996,1.0000,0,0,0,0
686.024,1.0000,0,0,0,0
686.061,1.0000,0,0,0,0
686.093,1.0000,0,0,0,0
686.126,1.0000,0,0,0,0
686.158,1.0000,0,0,0,0
686.192,1.0000,0,0,0,0
686.224,1.0000,0,0,0,0
686.261,1.0000,0,0,0,0
686.290,1.0000,0,0,0,0
686.329,1.0000,0,0,0,0
686.360,1.0000,0,0,0,0
686.392,1.0000,0,0,0,0
686.426,1.0000,0,0,0,0
686.459,1.0000,0,0,0,0
686.493,1.0000,0,0,0,0
686.526,1.0000,0,0,0,0
686.558,1.0000,0,0,0,0
686.591,1.0000,0,0,0,0
686.624,1.0000,0,0,0,0
686.661,1.0000,0,0,0,0
686.691,1.0000,0,0,0,0
686.726,1.0000,0,0,0,0
686.759,1.0000,0,0,0,0
686.795,1.0000,0,0,0,0
686.823,1.0000,0,0,0,0
686.857,1.0000,0,0,0,0
686.897,1.0000,0,0,0,0
686.924,1.0000,0,0,0,0
686.961,1.0000,0,0,0,0
686.993,1.0000,0,0,0,0
687.024,1.0000,0,0,0,0
687.058,1.0000,0,0,0,0
687.093,1.0000,0,0,0,0
687.126,1.0000,0,0,0,0
687.157,1.0000,0,0,0,0
687.193,1.0000,0,0,0,0
687.226,1.0000,0,0,0,0
687.258,1.0000,0,0,0,0
687.292,1.0000,0,0,0,0
687.328,1.0000,0,0,0,0
687.357,1.0000,0,0,0,0
687.391,1.0000,0,0,0,0
687.423,1.0000,0,0,0,0
687.459,1.0000,0,0,0,0
687.494,1.0000,0,0,0,0
687.528,1.0000,0,0,0,0
687.560,1.0000,0,0,0,0
687.593,1.0000,0,0,0,0
687.626,1.0000,0,0,0,0
687.659,1.0000,0,0,0,0
687.693,1.0000,0,0,0,0
687.726,1.0000,0,0,0,0
687.758,1.0000,0,0,0,0
687.792,1.0000,0,0,0,0
687.826,1.0000,0,0,0,0
687.861,1.0000,0,0,0,0
687.894,1.0000,0,0,0,0
687.925,1.0000,0,0,0,0
687.959,1.0000,0,0,0,0
687.992,1.0000,0,0,0,0
688.025,1.0000,0,0,0,0
688.058,1.0000,0,0,0,0
688.090,1.0000,0,0,0,0
688.126,1.0000,0,0,0,0
688.160,1.0000,0,0,0,0
688.195,1.0000,0,0,0,0
688.224,1.0000,0,0,0,0
688.261,1.0000,0,0,0,0
688.293,1.0000,0,0,0,0
688.328,1.0000,0,0,0,0
688.357,1.0000,0,0,0,0
688.393,1.0000,0,0,0,0
688.426,1.0000,0,0,0,0
688.458,1.0000,0,0,0,0
688.493,1.0000,0,0,0,0
688.525,1.0000,0,0,0,0
688.558,1.0000,0,0,0,0
688.592,1.0000,0,0,0,0
688.625,1.0000,0,0,0,0
688.661,1.0000,0,0,0,0
688.690,1.0000,0,0,0,0
688.726,1.0000,0,0,0,0
688.759,1.0000,0,0,0,0
688.794,1.0000,0,0,0,0
688.828,1.0000,0,0,0,0
688.857,1.0000,0,0,0,0
688.893,1.0000,0,0,0,0
688.925,1.0000,0,0,0,0
688.962,1.0000,0,0,0,0
688.990,1.0000,0,0,0,0
689.026,1.0000,0,0,0,0
689.060,1.0000,0,0,0,0
689.093,1.0000,0,0,0,0
689.126,1.0000,0,0,0,0
689.161,1.0000,0,0,0,0
689.191,1.0000,0,0,0,0
689.228,1.0000,0,0,0,0
689.256,1.0000,0,0,0,0
689.292,1.0000,0,0,0,0
689.329,1.0000,0,0,0,0
689.359,1.0000,0,0,0,0
689.395,1.0000,0,0,0,0
689.424,1.0000,0,0,0,0
689.458,1.0000,0,0,0,0
689.494,1.0000,0,0,0,0
689.526,1.0000,0,0,0,0
689.560,1.0000,0,0,0,0
689.592,1.0000,0,0,0,0
689.623,1.0000,0,0,0,0
689.660,1.0000,0,0,0,0
689.691,1.0000,0,0,0,0
689.728,1.0000,0,0,0,0
689.756,1.0000,0,0,0,0
689.791,1.0000,0,0,0,0
689.825,1.0000,0,0,0,0
689.857,1.0000,0,0,0,0
689.890,1.0000,0,0,0,0
689.927,1.0000,0,0,0,0
689.961,1.0000,0,0,0,0
689.990,1.0000,0,0,0,0
690.027,1.0000,0,0,0,0
690.060,1.0000,0,0,0,0
690.093,1.0000,0,0,0,0
690.126,1.0000,0,0,0,0
690.157,1.0000,0,0,0,0
690.194,1.0000,0,0,0,0
690.227,1.0000,0,0,0,0
690.259,1.0000,0,0,0,0
690.294,1.0000,0,0,0,0
690.326,1.0000,0,0,0,0
690.360,1.0000,0,0,0,0
690.393,1.0000,0,0,0,0
690.426,1.0000,0,0,0,0
690.457,1.0000,0,0,0,0
690.490,1.0000,0,0,0,0
690.528,1.0000,0,0,0,0
690.560,1.0000,0,0,0,0
690.592,1.0000,0,0,0,0
690.627,1.0000,0,0,0,0
690.661,1.0000,0,0,0,0
690.693,1.0000,0,0,0,0
690.725,1.0000,0,0,0,0
690.758,1.0000,0,0,0,0
690.792,1.0000,0,0,0,0
690.823,1.0000,0,0,0,0
690.861,1.0000,0,0,0,0
690.893,1.0000,0,0,0,0
690.924,1.0000,0,0,0,0
690.958,1.0000,0,0,0,0
690.992,1.0000,0,0,0,0
691.026,1.0000,0,0,0,0
691.059,1.0000,0,0,0,0
691.092,1.0000,0,0,0,0
691.125,1.0000,0,0,0,0
691.157,1.0000,0,0,0,0
691.191,1.0000,0,0,0,0
691.224,1.0000,0,0,0,0
691.259,1.0000,0,0,0,0
691.293,1.0000,0,0,0,0
691.328,1.0000,0,0,0,0
691.356,1.0000,0,0,0,0
691.392,1.0000,0,0,0,0
691.423,1.0000,0,0,0,0
691.459,1.0000,0,0,0,0
691.491,1.0000,0,0,0,0
691.527,1.0000,0,0,0,0
691.557,1.0000,0,0,0,0
691.593,1.0000,0,0,0,0
691.627,1.0000,0,0,0,0
691.656,1.0000,0,0,0,0
691.694,1.0000,0,0,0,0
691.723,1.0000,0,0,0,0
691.760,1.0000,0,0,0,0
691.791,1.0000,0,0,0,0
691.826,1.0000,0,0,0,0
691.861,1.0000,0,0,0,0
691.890,1.0000,0,0,0,0
691.925,1.0000,0,0,0,0
691.960,1.0000,0,0,0,0
691.990,1.0000,0,0,0,0
692.024,1.0000,0,0,0,0
692.062,1.0000,0,0,0,0
692.089,1.0000,0,0,0,0
692.125,1.0000,0,0,0,0
692.159,1.0000,0,0,0,0
692.191,1.0000,0,0,0,0
692.228,1.0000,0,0,0,0
692.260,1.0000,0,0,0,0
692.290,1.0000,0,0,0,0
692.324,1.0000,0,0,0,0
692.358,1.0000,0,0,0,0
692.396,1.0000,0,0,0,0
692.424,1.0000,0,0,0,0
692.461,1.0000,0,0,0,0
692.493,1.0000,0,0,0,0
692.526,1.0000,0,0,0,0
692.558,1.0000,0,0,0,0
692.595,1.0000,0,0,0,0
692.623,1.0000,0,0,0,0
692.660,1.0000,0,0,0,0
692.695,1.0000,0,0,0,0
692.723,1.0000,0,0,0,0
692.759,1.0000,0,0,0,0
692.793,1.0000,0,0,0,0
692.823,1.0000,0,0,0,0
692.859,1.0000,0,0,0,0
692.889,1.0000,0,0,0,0
692.923,1.0000,0,0,0,0
692.958,1.0000,0,0,0,0
692.990,1.0000,0,0,0,0
693.066,1.0000,0,0,0,0
693.127,1.0000,0,0,0,0
693.157,1.0000,0,0,0,0
693.196,1.0000,0,0,0,0
693.230,1.0000,0,0,0,0
693.264,1.0000,0,0,0,0
693.294,1.0000,0,0,0,0
693.330,1.0000,0,0,0,0
693.355,1.0000,0,0,0,0
693.388,1.0000,0,0,0,0
693.424,1.0000,0,0,0,0
693.460,1.0000,0,0,0,0
693.505,1.0000,0,0,0,0
693.529,1.0000,0,0,0,0
693.570,1.0000,0,0,0,0
693.595,1.0000,0,0,0,0
693.635,1.0000,0,0,0,0
693.661,1.0000,0,0,0,0
693.702,1.0000,0,0,0,0
693.736,1.0000,0,0,0,0
693.769,1.0000,0,0,0,0
693.800,1.0000,0,0,0,0
693.834,1.0000,0,0,0,0
693.871,1.0000,0,0,0,0
693.902,1.0000,0,0,0,0
693.932,1.0000,0,0,0,0
693.969,1.0000,0,0,0,0
694.000,1.0000,0,0,0,0
694.026,1.0000,0,0,0,0
694.054,1.0000,0,0,0,0
694.104,1.0000,0,0,0,0
694.147,1.0000,0,0,0,0
694.175,1.0000,0,0,0,0
694.202,1.0000,0,0,0,0
694.243,1.0000,0,0,0,0
694.274,1.0000,0,0,0,0
694.310,1.0000,0,0,0,0
694.342,1.0000,0,0,0,0
694.375,1.0000,0,0,0,0
694.408,1.0000,0,0,0,0
694.443,1.0000,0,0,0,0
694.475,1.0000,0,0,0,0
694.512,1.0000,0,0,0,0
694.533,1.0000,0,0,0,0
694.575,1.0000,0,0,0,0
694.607,1.0000,0,0,0,0
694.643,1.0000,0,0,0,0
694.677,1.0000,0,0,0,0
694.707,1.0000,0,0,0,0
694.745,1.0000,0,0,0,0
694.775,1.0000,0,0,0,0
694.811,1.0000,0,0,0,0
694.840,1.0000,0,0,0,0
694.877,1.0000,0,0,0,0
694.911,1.0000,0,0,0,0
694.940,1.0000,0,0,0,0
694.975,1.0000,0,0,0,0
695.010,1.0000,0,0,0,0
695.044,1.0000,0,0,0,0
695.079,1.0000,0,0,0,0
695.112,1.0000,0,0,0,0
695.142,1.0000,0,0,0,0
695.174,1.0000,0,0,0,0
695.208,1.0000,0,0,0,0
695.246,1.0000,0,0,0,0
695.276,1.0000,0,0,0,0
695.310,1.0000,0,0,0,0
695.342,1.0000,0,0,0,0
695.376,1.0000,0,0,0,0
695.409,1.0000,0,0,0,0
695.443,1.0000,0,0,0,0
695.477,1.0000,0,0,0,0
695.509,1.0000,0,0,0,0
695.540,1.0000,0,0,0,0
695.574,1.0000,0,0,0,0
695.610,1.0000,0,0,0,0
695.640,1.0000,0,0,0,0
695.674,1.0000,0,0,0,0
695.700,1.0000,0,0,0,0
695.745,1.0000,0,0,0,0
695.781,1.0000,0,0,0,0
695.810,1.0000,0,0,0,0
695.833,1.0000,0,0,0,0
695.878,1.0000,0,0,0,0
695.908,1.0000,0,0,0,0
695.935,1.0000,0,0,0,0
695.975,1.0000,0,0,0,0
696.003,1.0000,0,0,0,0
696.045,1.0000,0,0,0,0
696.077,1.0000,0,0,0,0
696.109,1.0000,0,0,0,0
696.135,1.0000,0,0,0,0
696.179,1.0000,0,0,0,0
696.214,1.0000,0,0,0,0
696.240,1.0000,0,0,0,0
696.267,1.0000,0,0,0,0
696.311,1.0000,0,0,0,0
696.348,1.0000,0,0,0,0
696.379,1.0000,0,0,0,0
696.415,1.0000,0,0,0,0
696.448,1.0000,0,0,0,0
696.475,1.0000,0,0,0,0
696.511,1.0000,0,0,0,0
696.550,1.0000,0,0,0,0
696.582,1.0000,0,0,0,0
696.609,1.0000,0,0,0,0
696.646,1.0000,0,0,0,0
696.676,1.0000,0,0,0,0
696.705,1.0000,0,0,0,0
696.733,1.0000,0,0,0,0
696.778,1.0000,0,0,0,0
696.815,1.0000,0,0,0,0
696.849,1.0000,0,0,0,0
696.874,1.0000,0,0,0,0
696.917,1.0000,0,0,0,0
696.942,1.0000,0,0,0,0
696.967,1.0000,0,0,0,0
697.009,1.0000,0,0,0,0
697.042,1.0000,0,0,0,0
697.072,1.0000,0,0,0,0
697.116,1.0000,0,0,0,0
697.150,1.0000,0,0,0,0
697.180,1.0000,0,0,0,0
697.211,1.0000,0,0,0,0
697.244,1.0000,0,0,0,0
697.278,1.0000,0,0,0,0
697.314,1.0000,0,0,0,0
697.347,1.0000,0,0,0,0
697.377,1.0000,0,0,0,0
697.409,1.0000,0,0,0,0
697.443,1.0000,0,0,0,0
697.481,1.0000,0,0,0,0
697.515,1.0000,0,0,0,0
697.546,1.0000,0,0,0,0
697.578,1.0000,0,0,0,0
697.609,1.0000,0,0,0,0
697.646,1.0000,0,0,0,0
697.677,1.0000,0,0,0,0
697.712,1.0000,0,0,0,0
697.748,1.0000,0,0,0,0
697.778,1.0000,0,0,0,0
697.809,1.0000,0,0,0,0
697.846,1.0000,0,0,0,0
697.877,1.0000,0,0,0,0
697.915,1.0000,0,0,0,0
697.945,1.0000,0,0,0,0
697.980,1.0000,0,0,0,0
698.012,1.0000,0,0,0,0
698.045,1.0000,0,0,0,0
698.077,1.0000,0,0,0,0
698.115,1.0000,0,0,0,0
698.138,1.0000,0,0,0,0
698.181,1.0000,0,0,0,0
698.214,1.0000,0,0,0,0
698.242,1.0000,0,0,0,0
698.272,1.0000,0,0,0,0
698.303,1.0000,0,0,0,0
698.335,1.0000,0,0,0,0
698.379,1.0000,0,0,0,0
698.414,1.0000,0,0,0,0
698.449,1.0000,0,0,0,0
698.479,1.0000,0,0,0,0
698.514,1.0000,0,0,0,0
698.544,1.0000,0,0,0,0
698.580,1.0000,0,0,0,0
698.604,1.0000,0,0,0,0
698.644,1.0000,0,0,0,0
698.673,1.0000,0,0,0,0
698.714,1.0000,0,0,0,0
698.740,1.0000,0,0,0,0
698.782,1.0000,0,0,0,0
698.810,1.0000,0,0,0,0
698.848,1.0000,0,0,0,0
698.882,1.0000,0,0,0,0
698.914,1.0000,0,0,0,0
698.948,1.0000,0,0,0,0
698.979,1.0000,0,0,0,0
699.015,1.0000,0,0,0,0
699.037,1.0000,0,0,0,0
699.080,1.0000,0,0,0,0
699.108,1.0000,0,0,0,0
699.142,1.0000,0,0,0,0
699.180,1.0000,0,0,0,0
699.210,1.0000,0,0,0,0
699.242,1.0000,0,0,0,0
699.278,1.0000,0,0,0,0
699.314,1.0000,0,0,0,0
699.347,1.0000,0,0,0,0
699.379,1.0000,0,0,0,0
699.415,1.0000,0,0,0,0
699.438,1.0000,0,0,0,0
699.519,1.0000,0,0,0,0
699.582,1.0000,0,0,0,0
699.627,1.0000,0,0,0,0
699.657,1.0000,0,0,0,0
699.690,1.0000,0,0,0,0
699.725,1.0000,0,0,0,0
699.756,1.0000,0,0,0,0
699.790,1.0000,0,0,0,0
699.822,1.0000,0,0,0,0
699.859,1.0000,0,0,0,0
699.893,1.0000,0,0,0,0
699.927,1.0000,0,0,0,0
699.959,1.0000,0,0,0,0
699.993,1.0000,0,0,0,0
700.023,1.0000,0,0,0,0
700.061,1.0000,0,0,0,0
700.090,1.0000,0,0,0,0
700.124,1.0000,0,0,0,0
700.156,1.0000,0,0,0,0
700.197,1.0000,0,0,0,0
700.226,1.0000,0,0,0,0
700.257,1.0000,0,0,0,0
700.290,1.0000,0,0,0,0
700.325,1.0000,0,0,0,0
700.365,1.0000,0,0,0,0
700.396,1.0000,0,0,0,0
700.416,1.0000,0,0,0,0
700.459,1.0000,0,0,0,0
700.486,1.0000,0,0,0,0
700.528,1.0000,0,0,0,0
700.560,1.0000,0,0,0,0
700.589,1.0000,0,0,0,0
700.626,1.0000,0,0,0,0
700.659,1.0000,0,0,0,0
700.689,1.0000,0,0,0,0
700.724,1.0000,0,0,0,0
700.758,1.0000,0,0,0,0
700.795,1.0000,0,0,0,0
700.816,1.0000,0,0,0,0
700.859,1.0000,0,0,0,0
700.883,1.0000,0,0,0,0
700.922,1.0000,0,0,0,0
700.956,1.0000,0,0,0,0
700.992,1.0000,0,0,0,0
701.015,1.0000,0,0,0,0
701.056,1.0000,0,0,0,0
701.080,1.0000,0,0,0,0
701.122,1.0000,0,0,0,0
701.151,1.0000,0,0,0,0
701.192,1.0000,0,0,0,0
701.226,1.0000,0,0,0,0
701.258,1.0000,0,0,0,0
701.289,1.0000,0,0,0,0
701.325,1.0000,0,0,0,0
701.360,1.0000,0,0,0,0
701.391,1.0000,0,0,0,0
701.423,1.0000,0,0,0,0
701.458,1.0000,0,0,0,0
701.491,1.0000,0,0,0,0
701.525,1.0000,0,0,0,0
701.558,1.0000,0,0,0,0
701.592,1.0000,0,0,0,0
701.626,1.0000,0,0,0,0
701.655,1.0000,0,0,0,0
701.691,1.0000,0,0,0,0
701.714,1.0000,0,0,0,0
701.758,1.0000,0,0,0,0
701.791,1.0000,0,0,0,0
701.825,1.0000,0,0,0,0
701.861,1.0000,0,0,0,0
701.892,1.0000,0,0,0,0
701.926,1.0000,0,0,0,0
701.955,1.0000,0,0,0,0
701.994,1.0000,0,0,0,0
702.024,1.0000,0,0,0,0
702.060,1.0000,0,0,0,0
702.090,1.0000,0,0,0,0
702.124,1.0000,0,0,0,0
702.161,1.0000,0,0,0,0
702.191,1.0000,0,0,0,0
702.227,1.0000,0,0,0,0
702.259,1.0000,0,0,0,0
702.294,1.0000,0,0,0,0
702.325,1.0000,0,0,0,0
702.363,1.0000,0,0,0,0
702.393,1.0000,0,0,0,0
702.425,1.0000,0,0,0,0
702.459,1.0000,0,0,0,0
702.484,1.0000,0,0,0,0
702.520,1.0000,0,0,0,0
702.559,1.0000,0,0,0,0
702.591,1.0000,0,0,0,0
702.626,1.0000,0,0,0,0
702.649,1.0000,0,0,0,0
702.690,1.0000,0,0,0,0
702.720,1.0000,0,0,0,0
702.756,1.0000,0,0,0,0
702.790,1.0000,0,0,0,0
702.822,1.0000,0,0,0,0
702.858,1.0000,0,0,0,0
702.892,1.0000,0,0,0,0
702.927,1.0000,0,0,0,0
702.960,1.0000,0,0,0,0
702.989,1.0000,0,0,0,0
703.023,1.0000,0,0,0,0
703.055,1.0000,0,0,0,0
703.088,1.0000,0,0,0,0
703.124,1.0000,0,0,0,0
703.158,1.0000,0,0,0,0
703.192,1.0000,0,0,0,0
703.215,1.0000,0,0,0,0
703.260,1.0000,0,0,0,0
703.290,1.0000,0,0,0,0
703.327,1.0000,0,0,0,0
703.359,1.0000,0,0,0,0
703.393,1.0000,0,0,0,0
703.426,1.0000,0,0,0,0
703.457,1.0000,0,0,0,0
703.492,1.0000,0,0,0,0
703.525,1.0000,0,0,0,0
703.561,1.0000,0,0,0,0
703.593,1.0000,0,0,0,0
703.623,1.0000,0,0,0,0
703.656,1.0000,0,0,0,0
703.694,1.0000,0,0,0,0
703.734,1.0000,0,0,0,0
703.759,1.0000,0,0,0,0
703.797,1.0000,0,0,0,0
703.822,1.0000,0,0,0,0
703.862,1.0000,0,0,0,0
703.891,1.0000,0,0,0,0
703.923,1.0000,0,0,0,0
703.960,1.0000,0,0,0,0
703.989,1.0000,0,0,0,0
704.025,1.0000,0,0,0,0
704.057,1.0000,0,0,0,0
704.092,1.0000,0,0,0,0
704.126,1.0000,0,0,0,0
704.159,1.0000,0,0,0,0
704.194,1.0000,0,0,0,0
704.226,1.0000,0,0,0,0
704.260,1.0000,0,0,0,0
704.297,1.0000,0,0,0,0
704.321,1.0000,0,0,0,0
704.359,1.0000,0,0,0,0
704.391,1.0000,0,0,0,0
704.424,1.0000,0,0,0,0
704.461,1.0000,0,0,0,0
704.489,1.0000,0,0,0,0
704.527,1.0000,0,0,0,0
704.560,1.0000,0,0,0,0
704.595,1.0000,0,0,0,0
704.624,1.0000,0,0,0,0
704.659,1.0000,0,0,0,0
704.690,1.0000,0,0,0,0
704.725,1.0000,0,0,0,0
704.760,1.0000,0,0,0,0
704.792,1.0000,0,0,0,0
704.824,1.0000,0,0,0,0
704.860,1.0000,0,0,0,0
704.893,1.0000,0,0,0,0
704.928,1.0000,0,0,0,0
704.957,1.0000,0,0,0,0
704.990,1.0000,0,0,0,0
705.027,1.0000,0,0,0,0
705.058,1.0000,0,0,0,0
705.095,1.0000,0,0,0,0
705.124,1.0000,0,0,0,0
705.158,1.0000,0,0,0,0
705.192,1.0000,0,0,0,0
705.225,1.0000,0,0,0,0
705.261,1.0000,0,0,0,0
705.290,1.0000,0,0,0,0
705.325,1.0000,0,0,0,0
705.359,1.0000,0,0,0,0
705.393,1.0000,0,0,0,0
705.423,1.0000,0,0,0,0
705.458,1.0000,0,0,0,0
705.490,1.0000,0,0,0,0
705.525,1.0000,0,0,0,0
705.557,1.0000,0,0,0,0
705.589,1.0000,0,0,0,0
705.626,1.0000,0,0,0,0
705.659,1.0000,0,0,0,0
705.690,1.0000,0,0,0,0
705.723,1.0000,0,0,0,0
705.760,1.0000,0,0,0,0
705.793,1.0000,0,0,0,0
705.828,1.0000,0,0,0,0
705.861,1.0000,0,0,0,0
705.891,1.0000,0,0,0,0
705.926,1.0000,0,0,0,0
705.960,1.0000,0,0,0,0
705.985,1.0000,0,0,0,0
706.023,1.0000,0,0,0,0
706.058,1.0000,0,0,0,0
706.093,1.0000,0,0,0,0
706.124,1.0000,0,0,0,0
706.159,1.0000,0,0,0,0
706.190,1.0000,0,0,0,0
706.228,1.0000,0,0,0,0
706.257,1.0000,0,0,0,0
706.289,1.0000,0,0,0,0
706.327,1.0000,0,0,0,0
706.360,1.0000,0,0,0,0
706.392,1.0000,0,0,0,0
706.426,1.0000,0,0,0,0
706.456,1.0000,0,0,0,0
706.491,1.0000,0,0,0,0
706.529,1.0000,0,0,0,0
706.560,1.0000,0,0,0,0
706.591,1.0000,0,0,0,0
706.626,1.0000,0,0,0,0
706.656,1.0000,0,0,0,0
706.692,1.0000,0,0,0,0
706.723,1.0000,0,0,0,0
707.056,1.0000,0,0,0,0
707.107,1.0000,0,0,0,0
707.126,1.0000,0,0,0,0
707.156,1.0000,0,0,0,0
707.189,1.0000,0,0,0,0
707.224,1.0000,0,0,0,0
707.256,1.0000,0,0,0,0
707.291,1.0000,0,0,0,0
707.324,1.0000,0,0,0,0
707.355,1.0000,0,0,0,0
707.390,1.0000,0,0,0,0
707.422,1.0000,0,0,0,0
707.455,1.0000,0,0,0,0
707.488,1.0000,0,0,0,0
707.521,1.0000,0,0,0,0
707.558,1.0000,0,0,0,0
707.589,1.0000,0,0,0,0
707.623,1.0000,0,0,0,0
707.655,1.0000,0,0,0,0
707.689,1.0000,0,0,0,0
707.721,1.0000,0,0,0,0
707.757,1.0000,0,0,0,0
707.788,1.0000,0,0,0,0
707.826,1.0000,0,0,0,0
707.855,1.0000,0,0,0,0
707.889,1.0000,0,0,0,0
707.922,1.0000,0,0,0,0
707.954,1.0000,0,0,0,0
707.989,1.0000,0,0,0,0
708.025,1.0000,0,0,0,0
708.059,1.0000,0,0,0,0
708.092,1.0000,0,0,0,0
708.125,1.0000,0,0,0,0
708.154,1.0000,0,0,0,0
708.190,1.0000,0,0,0,0
708.222,1.0000,0,0,0,0
708.257,1.0000,0,0,0,0
708.290,1.0000,0,0,0,0
708.323,1.0000,0,0,0,0
708.358,1.0000,0,0,0,0
708.391,1.0000,0,0,0,0
708.424,1.0000,0,0,0,0
708.458,1.0000,0,0,0,0
708.490,1.0000,0,0,0,0
708.524,1.0000,0,0,0,0
708.558,1.0000,0,0,0,0
708.589,1.0000,0,0,0,0
708.622,1.0000,0,0,0,0
708.656,1.0000,0,0,0,0
708.690,1.0000,0,0,0,0
708.726,1.0000,0,0,0,0
708.755,1.0000,0,0,0,0
708.789,1.0000,0,0,0,0
708.823,1.0000,0,0,0,0
708.855,1.0000,0,0,0,0
708.898,1.0000,0,0,0,0
708.919,1.0000,0,0,0,0
708.955,1.0000,0,0,0,0
708.991,1.0000,0,0,0,0
709.023,1.0000,0,0,0,0
709.054,1.0000,0,0,0,0
709.088,1.0000,0,0,0,0
709.121,1.0000,0,0,0,0
709.155,1.0000,0,0,0,0
709.188,1.0000,0,0,0,0
709.220,1.0000,0,0,0,0
709.253,1.0000,0,0,0,0
709.291,1.0000,0,0,0,0
709.323,1.0000,0,0,0,0
709.357,1.0000,0,0,0,0
709.388,1.0000,0,0,0,0
709.425,1.0000,0,0,0,0
709.455,1.0000,0,0,0,0
709.492,1.0000,0,0,0,0
709.520,1.0000,0,0,0,0
709.555,1.0000,0,0,0,0
709.588,1.0000,0,0,0,0
709.626,1.0000,0,0,0,0
709.657,1.0000,0,0,0,0
709.692,1.0000,0,0,0,0
709.723,1.0000,0,0,0,0
709.757,1.0000,0,0,0,0
709.788,1.0000,0,0,0,0
709.821,1.0000,0,0,0,0
709.855,1.0000,0,0,0,0
709.888,1.0000,0,0,0,0
709.923,1.0000,0,0,0,0
709.956,1.0000,0,0,0,0
709.990,1.0000,0,0,0,0
710.023,1.0000,0,0,0,0
710.046,1.0000,0,0,0,0
710.091,1.0000,0,0,0,0
710.142,1.0000,0,0,0,0
710.165,1.0000,0,0,0,0
710.207,1.0000,0,0,0,0
710.241,1.0000,0,0,0,0
710.275,1.0000,0,0,0,0
710.305,1.0000,0,0,0,0
710.343,1.0000,0,0,0,0
710.377,1.0000,0,0,0,0
710.405,1.0000,0,0,0,0
710.438,1.0000,0,0,0,0
710.473,1.0000,0,0,0,0
710.507,1.0000,0,0,0,0
710.542,1.0000,0,0,0,0
710.575,1.0000,0,0,0,0
710.610,1.0000,0,0,0,0
710.635,1.0000,0,0,0,0
710.673,1.0000,0,0,0,0
710.698,1.0000,0,0,0,0
710.738,1.0000,0,0,0,0
710.773,1.0000,0,0,0,0
710.808,1.0000,0,0,0,0
710.840,1.0000,0,0,0,0
710.870,1.0000,0,0,0,0
710.915,1.0000,0,0,0,0
710.935,1.0000,0,0,0,0
710.978,1.0000,0,0,0,0
711.012,1.0000,0,0,0,0
711.043,1.0000,0,0,0,0
711.080,1.0000,0,0,0,0
711.112,1.0000,0,0,0,0
711.141,1.0000,0,0,0,0
711.176,1.0000,0,0,0,0
711.207,1.0000,0,0,0,0
711.248,1.0000,0,0,0,0
711.271,1.0000,0,0,0,0
711.301,1.0000,0,0,0,0
711.346,1.0000,0,0,0,0
711.376,1.0000,0,0,0,0
711.409,1.0000,0,0,0,0
711.445,1.0000,0,0,0,0
711.480,1.0000,0,0,0,0
711.511,1.0000,0,0,0,0
711.543,1.0000,0,0,0,0
711.568,1.0000,0,0,0,0
711.619,1.0000,0,0,0,0
711.641,1.0000,0,0,0,0
711.681,1.0000,0,0,0,0
711.703,1.0000,0,0,0,0
711.745,1.0000,0,0,0,0
711.779,1.0000,0,0,0,0
711.815,1.0000,0,0,0,0
711.837,1.0000,0,0,0,0
711.877,1.0000,0,0,0,0
711.913,1.0000,0,0,0,0
711.940,1.0000,0,0,0,0
711.979,1.0000,0,0,0,0
712.013,1.0000,0,0,0,0
712.047,1.0000,0,0,0,0
712.080,1.0000,0,0,0,0
712.109,1.0000,0,0,0,0
712.147,1.0000,0,0,0,0
712.178,1.0000,0,0,0,0
712.210,1.0000,0,0,0,0
712.245,1.0000,0,0,0,0
712.278,1.0000,0,0,0,0
712.313,1.0000,0,0,0,0
712.343,1.0000,0,0,0,0
712.378,1.0000,0,0,0,0
712.411,1.0000,0,0,0,0
712.447,1.0000,0,0,0,0
712.475,1.0000,0,0,0,0
712.513,1.0000,0,0,0,0
712.545,1.0000,0,0,0,0
712.579,1.0000,0,0,0,0
712.610,1.0000,0,0,0,0
712.645,1.0000,0,0,0,0
712.676,1.0000,0,0,0,0
712.714,1.0000,0,0,0,0
712.747,1.0000,0,0,0,0
712.779,1.0000,0,0,0,0
712.809,1.0000,0,0,0,0
712.846,1.0000,0,0,0,0
712.880,1.0000,0,0,0,0
712.910,1.0000,0,0,0,0
712.933,1.0000,0,0,0,0
712.973,1.0000,0,0,0,0
713.012,1.0000,0,0,0,0
713.037,1.0000,0,0,0,0
713.071,1.0000,0,0,0,0
713.111,1.0000,0,0,0,0
713.143,1.0000,0,0,0,0
713.182,1.0000,0,0,0,0
713.213,1.0000,0,0,0,0
713.243,1.0000,0,0,0,0
713.280,1.0000,0,0,0,0
713.314,1.0000,0,0,0,0
713.345,1.0000,0,0,0,0
713.382,1.0000,0,0,0,0
713.410,1.0000,0,0,0,0
713.444,1.0000,0,0,0,0
713.476,1.0000,0,0,0,0
713.512,1.0000,0,0,0,0
713.546,1.0000,0,0,0,0
713.580,1.0000,0,0,0,0
713.610,1.0000,0,0,0,0
713.645,1.0000,0,0,0,0
713.678,1.0000,0,0,0,0
713.710,1.0000,0,0,0,0
713.744,1.0000,0,0,0,0
713.768,1.0000,0,0,0,0
713.813,1.0000,0,0,0,0
713.844,1.0000,0,0,0,0
713.877,1.0000,0,0,0,0
713.911,1.0000,0,0,0,0
713.946,1.0000,0,0,0,0
713.978,1.0000,0,0,0,0
714.010,1.0000,0,0,0,0
714.043,1.0000,0,0,0,0
714.080,1.0000,0,0,0,0
714.113,1.0000,0,0,0,0
714.145,1.0000,0,0,0,0
714.178,1.0000,0,0,0,0
714.211,1.0000,0,0,0,0
714.246,1.0000,0,0,0,0
714.277,1.0000,0,0,0,0
714.310,1.0000,0,0,0,0
714.347,1.0000,0,0,0,0
714.377,1.0000,0,0,0,0
714.412,1.0000,0,0,0,0
714.443,1.0000,0,0,0,0
714.479,1.0000,0,0,0,0
714.514,1.0000,0,0,0,0
714.544,1.0000,0,0,0,0
714.579,1.0000,0,0,0,0
714.612,1.0000,0,0,0,0
714.647,1.0000,0,0,0,0
714.679,1.0000,0,0,0,0
714.709,1.0000,0,0,0,0
714.745,1.0000,0,0,0,0
714.777,1.0000,0,0,0,0
714.810,1.0000,0,0,0,0
714.846,1.0000,0,0,0,0
714.879,1.0000,0,0,0,0
714.909,1.0000,0,0,0,0
714.945,1.0000,0,0,0,0
714.979,1.0000,0,0,0,0
715.014,1.0000,0,0,0,0
715.046,1.0000,0,0,0,0
715.078,1.0000,0,0,0,0
715.109,1.0000,0,0,0,0
715.144,1.0000,0,0,0,0
715.176,1.0000,0,0,0,0
715.214,1.0000,0,0,0,0
715.244,1.0000,0,0,0,0
715.278,1.0000,0,0,0,0
715.312,1.0000,0,0,0,0
715.344,1.0000,0,0,0,0
715.380,1.0000,0,0,0,0
715.411,1.0000,0,0,0,0
715.446,1.0000,0,0,0,0
715.479,1.0000,0,0,0,0
715.514,1.0000,0,0,0,0
715.546,1.0000,0,0,0,0
715.581,1.0000,0,0,0,0
715.612,1.0000,0,0,0,0
715.645,1.0000,0,0,0,0
715.681,1.0000,0,0,0,0
715.711,1.0000,0,0,0,0
715.747,1.0000,0,0,0,0
715.778,1.0000,0,0,0,0
715.814,1.0000,0,0,0,0
715.844,1.0000,0,0,0,0
715.877,1.0000,0,0,0,0
715.913,1.0000,0,0,0,0
715.945,1.0000,0,0,0,0
715.982,1.0000,0,0,0,0
716.010,1.0000,0,0,0,0
716.046,1.0000,0,0,0,0
716.068,1.0000,0,0,0,0
716.113,1.0000,0,0,0,0
716.144,1.0000,0,0,0,0
716.166,1.0000,0,0,0,0
716.211,1.0000,0,0,0,0
716.245,1.0000,0,0,0,0
716.276,1.0000,0,0,0,0
716.309,1.0000,0,0,0,0
716.347,1.0000,0,0,0,0
716.376,1.0000,0,0,0,0
716.412,1.0000,0,0,0,0
716.437,1.0000,0,0,0,0
716.481,1.0000,0,0,0,0
716.502,1.0000,0,0,0,0
716.547,1.0000,0,0,0,0
716.581,1.0000,0,0,0,0
716.610,1.0000,0,0,0,0
716.643,1.0000,0,0,0,0
716.680,1.0000,0,0,0,0
716.714,1.0000,0,0,0,0
716.746,1.0000,0,0,0,0
716.779,1.0000,0,0,0,0
716.810,1.0000,0,0,0,0
716.846,1.0000,0,0,0,0
716.881,1.0000,0,0,0,0
716.909,1.0000,0,0,0,0
716.945,1.0000,0,0,0,0
716.968,1.0000,0,0,0,0
717.011,1.0000,0,0,0,0
717.047,1.0000,0,0,0,0
717.079,1.0000,0,0,0,0
717.113,1.0000,0,0,0,0
717.145,1.0000,0,0,0,0
717.181,1.0000,0,0,0,0
717.209,1.0000,0,0,0,0
717.245,1.0000,0,0,0,0
717.279,1.0000,0,0,0,0
717.313,1.0000,0,0,0,0
717.341,1.0000,0,0,0,0
717.377,1.0000,0,0,0,0
717.410,1.0000,0,0,0,0
717.443,1.0000,0,0,0,0
717.477,1.0000,0,0,0,0
717.514,1.0000,0,0,0,0
717.547,1.0000,0,0,0,0
717.575,1.0000,0,0,0,0
717.610,1.0000,0,0,0,0
717.647,1.0000,0,0,0,0
717.677,1.0000,0,0,0,0
717.712,1.0000,0,0,0,0
717.734,1.0000,0,0,0,0
717.780,1.0000,0,0,0,0
717.813,1.0000,0,0,0,0
717.845,1.0000,0,0,0,0
717.880,1.0000,0,0,0,0
717.909,1.0000,0,0,0,0
717.944,1.0000,0,0,0,0
717.980,1.0000,0,0,0,0
718.012,1.0000,0,0,0,0
718.043,1.0000,0,0,0,0
718.079,1.0000,0,0,0,0
718.114,1.0000,0,0,0,0
718.145,1.0000,0,0,0,0
718.181,1.0000,0,0,0,0
718.212,1.0000,0,0,0,0
718.247,1.0000,0,0,0,0
718.280,1.0000,0,0,0,0
718.311,1.0000,0,0,0,0
718.348,1.0000,0,0,0,0
718.377,1.0000,0,0,0,0
718.411,1.0000,0,0,0,0
718.445,1.0000,0,0,0,0
718.476,1.0000,0,0,0,0
718.513,1.0000,0,0,0,0
718.544,1.0000,0,0,0,0
718.579,1.0000,0,0,0,0
718.612,1.0000,0,0,0,0
718.644,1.0000,0,0,0,0
718.678,1.0000,0,0,0,0
718.712,1.0000,0,0,0,0
718.744,1.0000,0,0,0,0
718.776,1.0000,0,0,0,0
718.811,1.0000,0,0,0,0
718.845,1.0000,0,0,0,0
718.877,1.0000,0,0,0,0
718.911,1.0000,0,0,0,0
718.944,1.0000,0,0,0,0
718.976,1.0000,0,0,0,0
719.012,1.0000,0,0,0,0
719.044,1.0000,0,0,0,0
719.079,1.0000,0,0,0,0
719.109,1.0000,0,0,0,0
719.146,1.0000,0,0,0,0
719.179,1.0000,0,0,0,0
719.209,1.0000,0,0,0,0
719.240,1.0000,0,0,0,0
719.280,1.0000,0,0,0,0
719.312,1.0000,0,0,0,0
719.347,1.0000,0,0,0,0
719.378,1.0000,0,0,0,0
719.412,1.0000,0,0,0,0
719.444,1.0000,0,0,0,0
719.479,1.0000,0,0,0,0
719.513,1.0000,0,0,0,0
719.545,1.0000,0,0,0,0
719.577,1.0000,0,0,0,0
719.613,1.0000,0,0,0,0
719.644,1.0000,0,0,0,0
719.676,1.0000,0,0,0,0
719.711,1.0000,0,0,0,0
719.746,1.0000,0,0,0,0
719.778,1.0000,0,0,0,0
719.811,1.0000,0,0,0,0
719.848,1.0000,0,0,0,0
719.877,1.0000,0,0,0,0
719.911,1.0000,0,0,0,0
719.943,1.0000,0,0,0,0
719.979,1.0000,0,0,0,0
720.011,1.0000,0,0,0,0
720.047,1.0000,0,0,0,0
720.079,1.0000,0,0,0,0
720.114,1.0000,0,0,0,0
720.143,1.0000,0,0,0,0
720.179,1.0000,0,0,0,0
720.214,1.0000,0,0,0,0
720.245,1.0000,0,0,0,0
720.280,1.0000,0,0,0,0
720.310,1.0000,0,0,0,0
720.344,1.0000,0,0,0,0
720.380,1.0000,0,0,0,0
720.411,1.0000,0,0,0,0
720.447,1.0000,0,0,0,0
720.478,1.0000,0,0,0,0
720.512,1.0000,0,0,0,0
720.548,1.0000,0,0,0,0
720.578,1.0000,0,0,0,0
720.610,1.0000,0,0,0,0
720.646,1.0000,0,0,0,0
720.678,1.0000,0,0,0,0
720.715,1.0000,0,0,0,0
720.744,1.0000,0,0,0,0
720.776,1.0000,0,0,0,0
720.812,1.0000,0,0,0,0
720.845,1.0000,0,0,0,0
720.876,1.0000,0,0,0,0
720.911,1.0000,0,0,0,0
720.944,1.0000,0,0,0,0
720.978,1.0000,0,0,0,0
721.009,1.0000,0,0,0,0
721.045,1.0000,0,0,0,0
721.077,1.0000,0,0,0,0
721.111,1.0000,0,0,0,0
721.142,1.0000,0,0,0,0
721.179,1.0000,0,0,0,0
721.212,1.0000,0,0,0,0
721.244,1.0000,0,0,0,0
721.279,1.0000,0,0,0,0
721.311,1.0000,0,0,0,0
721.345,1.0000,0,0,0,0
721.379,1.0000,0,0,0,0
721.409,1.0000,0,0,0,0
721.445,1.0000,0,0,0,0
721.476,1.0000,0,0,0,0
721.511,1.0000,0,0,0,0
721.547,1.0000,0,0,0,0
721.579,1.0000,0,0,0,0
721.612,1.0000,0,0,0,0
721.646,1.0000,0,0,0,0
721.677,1.0000,0,0,0,0
721.709,1.0000,0,0,0,0
721.742,1.0000,0,0,0,0
721.779,1.0000,0,0,0,0
721.810,1.0000,0,0,0,0
721.846,1.0000,0,0,0,0
721.877,1.0000,0,0,0,0
721.913,1.0000,0,0,0,0
721.944,1.0000,0,0,0,0
721.980,1.0000,0,0,0,0
722.013,1.0000,0,0,0,0
722.044,1.0000,0,0,0,0
722.078,1.0000,0,0,0,0
722.114,1.0000,0,0,0,0
722.146,1.0000,0,0,0,0
722.177,1.0000,0,0,0,0
722.212,1.0000,0,0,0,0
722.243,1.0000,0,0,0,0
722.278,1.0000,0,0,0,0
722.310,1.0000,0,0,0,0
722.344,1.0000,0,0,0,0
722.380,1.0000,0,0,0,0
722.412,1.0000,0,0,0,0
722.446,1.0000,0,0,0,0
722.475,1.0000,0,0,0,0
722.510,1.0000,0,0,0,0
722.543,1.0000,0,0,0,0
722.580,1.0000,0,0,0,0
722.610,1.0000,0,0,0,0
722.645,1.0000,0,0,0,0
722.680,1.0000,0,0,0,0
722.710,1.0000,0,0,0,0
722.748,1.0000,0,0,0,0
722.780,1.0000,0,0,0,0
722.812,1.0000,0,0,0,0
722.844,1.0000,0,0,0,0
722.880,1.0000,0,0,0,0
722.911,1.0000,0,0,0,0
722.942,1.0000,0,0,0,0
722.978,1.0000,0,0,0,0
723.012,1.0000,0,0,0,0
723.043,1.0000,0,0,0,0
723.075,1.0000,0,0,0,0
723.110,1.0000,0,0,0,0
723.143,1.0000,0,0,0,0
723.179,1.0000,0,0,0,0
723.213,1.0000,0,0,0,0
723.244,1.0000,0,0,0,0
723.280,1.0000,0,0,0,0
723.312,1.0000,0,0,0,0
723.345,1.0000,0,0,0,0
723.377,1.0000,0,0,0,0
723.412,1.0000,0,0,0,0
723.445,1.0000,0,0,0,0
723.476,1.0000,0,0,0,0
723.510,1.0000,0,0,0,0
723.546,1.0000,0,0,0,0
723.578,1.0000,0,0,0,0
723.611,1.0000,0,0,0,0
723.644,1.0000,0,0,0,0
723.678,1.0000,0,0,0,0
723.712,1.0000,0,0,0,0
723.748,1.0000,0,0,0,0
723.778,1.0000,0,0,0,0
723.812,1.0000,0,0,0,0
723.844,1.0000,0,0,0,0
723.878,1.0000,0,0,0,0
723.912,1.0000,0,0,0,0
723.944,1.0000,0,0,0,0
723.978,1.0000,0,0,0,0
724.012,1.0000,0,0,0,0
724.044,1.0000,0,0,0,0
724.079,1.0000,0,0,0,0
724.114,1.0000,0,0,0,0
724.144,1.0000,0,0,0,0
724.180,1.0000,0,0,0,0
724.211,1.0000,0,0,0,0
724.245,1.0000,0,0,0,0
724.276,1.0000,0,0,0,0
724.311,1.0000,0,0,0,0
724.347,1.0000,0,0,0,0
724.380,1.0000,0,0,0,0
724.411,1.0000,0,0,0,0
724.446,1.0000,0,0,0,0
724.478,1.0000,0,0,0,0
724.514,1.0000,0,0,0,0
724.544,1.0000,0,0,0,0
724.580,1.0000,0,0,0,0
724.613,1.0000,0,0,0,0
724.644,1.0000,0,0,0,0
724.680,1.0000,0,0,0,0
724.711,1.0000,0,0,0,0
724.745,1.0000,0,0,0,0
724.777,1.0000,0,0,0,0
724.810,1.0000,0,0,0,0
724.846,1.0000,0,0,0,0
724.880,1.0000,0,0,0,0
724.912,1.0000,0,0,0,0
724.946,1.0000,0,0,0,0
724.977,1.0000,0,0,0,0
725.012,1.0000,0,0,0,0
725.044,1.0000,0,0,0,0
725.079,1.0000,0,0,0,0
725.113,1.0000,0,0,0,0
725.145,1.0000,0,0,0,0
725.178,1.0000,0,0,0,0
725.216,1.0000,0,0,0,0
725.242,1.0000,0,0,0,0
725.279,1.0000,0,0,0,0
725.311,1.0000,0,0,0,0
725.346,1.0000,0,0,0,0
725.378,1.0000,0,0,0,0
725.414,1.0000,0,0,0,0
725.447,1.0000,0,0,0,0
725.479,1.0000,0,0,0,0
725.514,1.0000,0,0,0,0
725.543,1.0000,0,0,0,0
725.576,1.0000,0,0,0,0
725.614,1.0000,0,0,0,0
725.646,1.0000,0,0,0,0
725.677,1.0000,0,0,0,0
725.710,1.0000,0,0,0,0
725.743,1.0000,0,0,0,0
725.777,1.0000,0,0,0,0
725.812,1.0000,0,0,0,0
725.843,1.0000,0,0,0,0
725.878,1.0000,0,0,0,0
725.913,1.0000,0,0,0,0
725.944,1.0000,0,0,0,0
725.980,1.0000,0,0,0,0
726.013,1.0000,0,0,0,0
726.046,1.0000,0,0,0,0
726.080,1.0000,0,0,0,0
726.112,1.0000,0,0,0,0
726.147,1.0000,0,0,0,0
726.176,1.0000,0,0,0,0
726.214,1.0000,0,0,0,0
726.247,1.0000,0,0,0,0
726.281,1.0000,0,0,0,0
726.313,1.0000,0,0,0,0
726.346,1.0000,0,0,0,0
726.376,1.0000,0,0,0,0
726.411,1.0000,0,0,0,0
726.445,1.0000,0,0,0,0
726.478,1.0000,0,0,0,0
726.513,1.0000,0,0,0,0
726.545,1.0000,0,0,0,0
726.577,1.0000,0,0,0,0
726.610,1.0000,0,0,0,0
726.646,1.0000,0,0,0,0
726.678,1.0000,0,0,0,0
726.710,1.0000,0,0,0,0
726.746,1.0000,0,0,0,0
726.777,1.0000,0,0,0,0
726.814,1.0000,0,0,0,0
726.846,1.0000,0,0,0,0
726.880,1.0000,0,0,0,0
726.910,1.0000,0,0,0,0
726.946,1.0000,0,0,0,0
726.979,1.0000,0,0,0,0
727.013,1.0000,0,0,0,0
727.043,1.0000,0,0,0,0
727.076,1.0000,0,0,0,0
727.112,1.0000,0,0,0,0
727.144,1.0000,0,0,0,0
727.181,1.0000,0,0,0,0
727.214,1.0000,0,0,0,0
727.245,1.0000,0,0,0,0
727.277,1.0000,0,0,0,0
727.311,1.0000,0,0,0,0
727.344,1.0000,0,0,0,0
727.380,1.0000,0,0,0,0
727.412,1.0000,0,0,0,0
727.445,1.0000,0,0,0,0
727.477,1.0000,0,0,0,0
727.515,1.0000,0,0,0,0
727.544,1.0000,0,0,0,0
727.576,1.0000,0,0,0,0
727.613,1.0000,0,0,0,0
727.650,1.0000,0,0,0,0
727.673,1.0000,0,0,0,0
727.718,1.0000,0,0,0,0
727.749,1.0000,0,0,0,0
727.783,1.0000,0,0,0,0
727.816,1.0000,0,0,0,0
727.854,1.0000,0,0,0,0
727.875,1.0000,0,0,0,0
727.913,1.0000,0,0,0,0
727.941,1.0000,0,0,0,0
727.985,1.0000,0,0,0,0
728.007,1.0000,0,0,0,0
728.047,1.0000,0,0,0,0
728.083,1.0000,0,0,0,0
728.118,1.0000,0,0,0,0
728.150,1.0000,0,0,0,0
728.184,1.0000,0,0,0,0
728.217,1.0000,0,0,0,0
728.252,1.0000,0,0,0,0
728.273,1.0000,0,0,0,0
728.319,1.0000,0,0,0,0
728.347,1.0000,0,0,0,0
728.387,1.0000,0,0,0,0
728.417,1.0000,0,0,0,0
728.450,1.0000,0,0,0,0
728.482,1.0000,0,0,0,0
728.514,1.0000,0,0,0,0
728.550,1.0000,0,0,0,0
728.584,1.0000,0,0,0,0
728.614,1.0000,0,0,0,0
728.651,1.0000,0,0,0,0
728.681,1.0000,0,0,0,0
728.717,1.0000,0,0,0,0
728.747,1.0000,0,0,0,0
728.787,1.0000,0,0,0,0
728.819,1.0000,0,0,0,0
728.854,1.0000,0,0,0,0
728.876,1.0000,0,0,0,0
728.918,1.0000,0,0,0,0
728.948,1.0000,0,0,0,0
728.983,1.0000,0,0,0,0
729.015,1.0000,0,0,0,0
729.051,1.0000,0,0,0,0
729.082,1.0000,0,0,0,0
729.115,1.0000,0,0,0,0
729.149,1.0000,0,0,0,0
729.184,1.0000,0,0,0,0
729.216,1.0000,0,0,0,0
729.250,1.0000,0,0,0,0
729.280,1.0000,0,0,0,0
729.316,1.0000,0,0,0,0
729.350,1.0000,0,0,0,0
729.382,1.0000,0,0,0,0
729.419,1.0000,0,0,0,0
729.451,1.0000,0,0,0,0
729.481,1.0000,0,0,0,0
729.521,1.0000,0,0,0,0
729.552,1.0000,0,0,0,0
729.586,1.0000,0,0,0,0
729.616,1.0000,0,0,0,0
729.649,1.0000,0,0,0,0
729.685,1.0000,0,0,0,0
729.718,1.0000,0,0,0,0
729.749,1.0000,0,0,0,0
729.784,1.0000,0,0,0,0
729.818,1.0000,0,0,0,0
729.847,1.0000,0,0,0,0
729.881,1.0000,0,0,0,0
729.920,1.0000,0,0,0,0
729.949,1.0000,0,0,0,0
729.984,1.0000,0,0,0,0
730.016,1.0000,0,0,0,0
730.051,1.0000,0,0,0,0
730.080,1.0000,0,0,0,0
730.117,1.0000,0,0,0,0
730.152,1.0000,0,0,0,0
730.184,1.0000,0,0,0,0
730.221,1.0000,0,0,0,0
730.240,1.0000,0,0,0,0
730.285,1.0000,0,0,0,0
730.321,1.0000,0,0,0,0
730.340,1.0000,0,0,0,0
730.385,1.0000,0,0,0,0
730.415,1.0000,0,0,0,0
730.447,1.0000,0,0,0,0
730.483,1.0000,0,0,0,0
730.515,1.0000,0,0,0,0
730.549,1.0000,0,0,0,0
730.582,1.0000,0,0,0,0
730.614,1.0000,0,0,0,0
730.648,1.0000,0,0,0,0
730.681,1.0000,0,0,0,0
730.719,1.0000,0,0,0,0
730.751,1.0000,0,0,0,0
730.781,1.0000,0,0,0,0
730.814,1.0000,0,0,0,0
730.848,1.0000,0,0,0,0
730.886,1.0000,0,0,0,0
730.917,1.0000,0,0,0,0
730.947,1.0000,0,0,0,0
730.986,1.0000,0,0,0,0
731.017,1.0000,0,0,0,0
731.050,1.0000,0,0,0,0
731.086,1.0000,0,0,0,0
731.115,1.0000,0,0,0,0
731.148,1.0000,0,0,0,0
731.189,1.0000,0,0,0,0
731.237,1.0000,0,0,0,0
731.266,1.0000,0,0,0,0
731.299,1.0000,0,0,0,0
731.330,1.0000,0,0,0,0
731.367,1.0000,0,0,0,0
731.401,1.0000,0,0,0,0
731.429,1.0000,0,0,0,0
731.462,1.0000,0,0,0,0
731.493,1.0000,0,0,0,0
731.536,1.0000,0,0,0,0
731.565,1.0000,0,0,0,0
731.601,1.0000,0,0,0,0
731.632,1.0000,0,0,0,0
731.662,1.0000,0,0,0,0
731.699,1.0000,0,0,0,0
731.730,1.0000,0,0,0,0
731.766,1.0000,0,0,0,0
731.801,1.0000,0,0,0,0
731.830,1.0000,0,0,0,0
731.865,1.0000,0,0,0,0
731.899,1.0000,0,0,0,0
731.935,1.0000,0,0,0,0
731.966,1.0000,0,0,0,0
732.000,1.0000,0,0,0,0
732.033,1.0000,0,0,0,0
732.057,1.0000,0,0,0,0
732.096,1.0000,0,0,0,0
732.134,1.0000,0,0,0,0
732.162,1.0000,0,0,0,0
732.201,1.0000,0,0,0,0
732.231,1.0000,0,0,0,0
732.267,1.0000,0,0,0,0
732.302,1.0000,0,0,0,0
732.328,1.0000,0,0,0,0
732.363,1.0000,0,0,0,0
732.402,1.0000,0,0,0,0
732.434,1.0000,0,0,0,0
732.465,1.0000,0,0,0,0
732.498,1.0000,0,0,0,0
732.535,1.0000,0,0,0,0
732.565,1.0000,0,0,0,0
732.596,1.0000,0,0,0,0
732.629,1.0000,0,0,0,0
732.664,1.0000,0,0,0,0
732.698,1.0000,0,0,0,0
732.734,1.0000,0,0,0,0
732.766,1.0000,0,0,0,0
732.797,1.0000,0,0,0,0
732.833,1.0000,0,0,0,0
732.864,1.0000,0,0,0,0
732.901,1.0000,0,0,0,0
732.924,1.0000,0,0,0,0
732.964,1.0000,0,0,0,0
732.996,1.0000,0,0,0,0
733.036,1.0000,0,0,0,0
733.056,1.0000,0,0,0,0
733.096,1.0000,0,0,0,0
733.133,1.0000,0,0,0,0
733.163,1.0000,0,0,0,0
733.199,1.0000,0,0,0,0
733.230,1.0000,0,0,0,0
733.263,1.0000,0,0,0,0
733.297,1.0000,0,0,0,0
733.333,1.0000,0,0,0,0
733.366,1.0000,0,0,0,0
733.402,1.0000,0,0,0,0
733.422,1.0000,0,0,0,0
733.463,1.0000,0,0,0,0
733.486,1.0000,0,0,0,0
733.529,1.0000,0,0,0,0
733.565,1.0000,0,0,0,0
733.596,1.0000,0,0,0,0
733.632,1.0000,0,0,0,0
733.664,1.0000,0,0,0,0
733.697,1.0000,0,0,0,0
733.730,1.0000,0,0,0,0
733.764,1.0000,0,0,0,0
733.801,1.0000,0,0,0,0
733.833,1.0000,0,0,0,0
733.867,1.0000,0,0,0,0
733.900,1.0000,0,0,0,0
733.936,1.0000,0,0,0,0
733.962,1.0000,0,0,0,0
733.998,1.0000,0,0,0,0
734.029,1.0000,0,0,0,0
734.065,1.0000,0,0,0,0
734.098,1.0000,0,0,0,0
734.131,1.0000,0,0,0,0
734.168,1.0000,0,0,0,0
734.199,1.0000,0,0,0,0
734.232,1.0000,0,0,0,0
734.265,1.0000,0,0,0,0
734.296,1.0000,0,0,0,0
734.330,1.0000,0,0,0,0
734.366,1.0000,0,0,0,0
734.398,1.0000,0,0,0,0
734.430,1.0000,0,0,0,0
734.466,1.0000,0,0,0,0
734.499,1.0000,0,0,0,0
734.535,1.0000,0,0,0,0
734.567,1.0000,0,0,0,0
734.600,1.0000,0,0,0,0
734.633,1.0000,0,0,0,0
734.664,1.0000,0,0,0,0
734.701,1.0000,0,0,0,0
734.734,1.0000,0,0,0,0
734.763,1.0000,0,0,0,0
734.801,1.0000,0,0,0,0
734.830,1.0000,0,0,0,0
734.866,1.0000,0,0,0,0
734.898,1.0000,0,0,0,0
734.933,1.0000,0,0,0,0
734.963,1.0000,0,0,0,0
734.995,1.0000,0,0,0,0
735.027,1.0000,0,0,0,0
735.067,1.0000,0,0,0,0
735.100,1.0000,0,0,0,0
735.135,1.0000,0,0,0,0
735.165,1.0000,0,0,0,0
735.201,1.0000,0,0,0,0
735.233,1.0000,0,0,0,0
735.270,1.0000,0,0,0,0
735.290,1.0000,0,0,0,0
735.331,1.0000,0,0,0,0
735.367,1.0000,0,0,0,0
735.399,1.0000,0,0,0,0
735.435,1.0000,0,0,0,0
735.466,1.0000,0,0,0,0
735.501,1.0000,0,0,0,0
735.531,1.0000,0,0,0,0
735.567,1.0000,0,0,0,0
735.597,1.0000,0,0,0,0
735.636,1.0000,0,0,0,0
735.656,1.0000,0,0,0,0
735.701,1.0000,0,0,0,0
735.723,1.0000,0,0,0,0
735.762,1.0000,0,0,0,0
735.803,1.0000,0,0,0,0
735.822,1.0000,0,0,0,0
735.867,1.0000,0,0,0,0
735.888,1.0000,0,0,0,0
735.931,1.0000,0,0,0,0
735.965,1.0000,0,0,0,0
735.997,1.0000,0,0,0,0
736.029,1.0000,0,0,0,0
736.062,1.0000,0,0,0,0
736.101,1.0000,0,0,0,0
736.132,1.0000,0,0,0,0
736.169,1.0000,0,0,0,0
736.189,1.0000,0,0,0,0
736.231,1.0000,0,0,0,0
736.264,1.0000,0,0,0,0
736.296,1.0000,0,0,0,0
736.334,1.0000,0,0,0,0
736.363,1.0000,0,0,0,0
736.400,1.0000,0,0,0,0
736.433,1.0000,0,0,0,0
736.463,1.0000,0,0,0,0
736.496,1.0000,0,0,0,0
736.534,1.0000,0,0,0,0
736.564,1.0000,0,0,0,0
736.598,1.0000,0,0,0,0
736.635,1.0000,0,0,0,0
736.667,1.0000,0,0,0,0
736.700,1.0000,0,0,0,0
736.732,1.0000,0,0,0,0
736.766,1.0000,0,0,0,0
736.803,1.0000,0,0,0,0
736.834,1.0000,0,0,0,0
736.866,1.0000,0,0,0,0
736.898,1.0000,0,0,0,0
736.931,1.0000,0,0,0,0
736.966,1.0000,0,0,0,0
736.995,1.0000,0,0,0,0
737.034,1.0000,0,0,0,0
737.066,1.0000,0,0,0,0
737.096,1.0000,0,0,0,0
737.130,1.0000,0,0,0,0
737.165,1.0000,0,0,0,0
737.198,1.0000,0,0,0,0
737.235,1.0000,0,0,0,0
737.265,1.0000,0,0,0,0
737.302,1.0000,0,0,0,0
737.329,1.0000,0,0,0,0
737.366,1.0000,0,0,0,0
737.399,1.0000,0,0,0,0
737.433,1.0000,0,0,0,0
737.465,1.0000,0,0,0,0
737.499,1.0000,0,0,0,0
737.533,1.0000,0,0,0,0
737.562,1.0000,0,0,0,0
737.599,1.0000,0,0,0,0
737.629,1.0000,0,0,0,0
737.666,1.0000,0,0,0,0
737.697,1.0000,0,0,0,0
737.729,1.0000,0,0,0,0
737.771,1.0000,0,0,0,0
737.793,1.0000,0,0,0,0
737.836,1.0000,0,0,0,0
737.855,1.0000,0,0,0,0
737.900,1.0000,0,0,0,0
737.922,1.0000,0,0,0,0
737.967,1.0000,0,0,0,0
737.994,1.0000,0,0,0,0
738.030,1.0000,0,0,0,0
738.065,1.0000,0,0,0,0
738.097,1.0000,0,0,0,0
738.130,1.0000,0,0,0,0
738.165,1.0000,0,0,0,0
738.198,1.0000,0,0,0,0
738.230,1.0000,0,0,0,0
738.264,1.0000,0,0,0,0
738.297,1.0000,0,0,0,0
738.330,1.0000,0,0,0,0
738.366,1.0000,0,0,0,0
738.397,1.0000,0,0,0,0
738.431,1.0000,0,0,0,0
738.470,1.0000,0,0,0,0
738.497,1.0000,0,0,0,0
738.529,1.0000,0,0,0,0
738.565,1.0000,0,0,0,0
738.599,1.0000,0,0,0,0
738.629,1.0000,0,0,0,0
738.667,1.0000,0,0,0,0
738.697,1.0000,0,0,0,0
738.734,1.0000,0,0,0,0
738.767,1.0000,0,0,0,0
738.797,1.0000,0,0,0,0
738.830,1.0000,0,0,0,0
738.863,1.0000,0,0,0,0
738.896,1.0000,0,0,0,0
738.933,1.0000,0,0,0,0
738.964,1.0000,0,0,0,0
738.999,1.0000,0,0,0,0
739.033,1.0000,0,0,0,0
739.054,1.0000,0,0,0,0
739.096,1.0000,0,0,0,0
739.131,1.0000,0,0,0,0
739.164,1.0000,0,0,0,0
739.197,1.0000,0,0,0,0
739.232,1.0000,0,0,0,0
739.264,1.0000,0,0,0,0
739.298,1.0000,0,0,0,0
739.332,1.0000,0,0,0,0
739.367,1.0000,0,0,0,0
739.400,1.0000,0,0,0,0
739.430,1.0000,0,0,0,0
739.465,1.0000,0,0,0,0
739.497,1.0000,0,0,0,0
739.534,1.0000,0,0,0,0
739.563,1.0000,0,0,0,0
739.598,1.0000,0,0,0,0
739.629,1.0000,0,0,0,0
739.665,1.0000,0,0,0,0
739.699,1.0000,0,0,0,0
739.732,1.0000,0,0,0,0
739.767,1.0000,0,0,0,0
739.796,1.0000,0,0,0,0
739.833,1.0000,0,0,0,0
739.862,1.0000,0,0,0,0
739.896,1.0000,0,0,0,0
739.932,1.0000,0,0,0,0
739.963,1.0000,0,0,0,0
739.997,1.0000,0,0,0,0
740.031,1.0000,0,0,0,0
740.065,1.0000,0,0,0,0
740.098,1.0000,0,0,0,0
740.129,1.0000,0,0,0,0
740.167,1.0000,0,0,0,0
740.202,1.0000,0,0,0,0
740.229,1.0000,0,0,0,0
740.263,1.0000,0,0,0,0
740.296,1.0000,0,0,0,0
740.332,1.0000,0,0,0,0
740.364,1.0000,0,0,0,0
740.396,1.0000,0,0,0,0
740.432,1.0000,0,0,0,0
740.464,1.0000,0,0,0,0
740.498,1.0000,0,0,0,0
740.530,1.0000,0,0,0,0
740.566,1.0000,0,0,0,0
740.597,1.0000,0,0,0,0
740.629,1.0000,0,0,0,0
740.665,1.0000,0,0,0,0
740.700,1.0000,0,0,0,0
740.731,1.0000,0,0,0,0
740.764,1.0000,0,0,0,0
740.799,1.0000,0,0,0,0
740.832,1.0000,0,0,0,0
740.866,1.0000,0,0,0,0
740.898,1.0000,0,0,0,0
740.930,1.0000,0,0,0,0
740.964,1.0000,0,0,0,0
740.999,1.0000,0,0,0,0
741.033,1.0000,0,0,0,0
741.064,1.0000,0,0,0,0
741.096,1.0000,0,0,0,0
741.133,1.0000,0,0,0,0
741.164,1.0000,0,0,0,0
741.197,1.0000,0,0,0,0
741.232,1.0000,0,0,0,0
741.267,1.0000,0,0,0,0
741.299,1.0000,0,0,0,0
741.331,1.0000,0,0,0,0
741.363,1.0000,0,0,0,0
741.401,1.0000,0,0,0,0
741.429,1.0000,0,0,0,0
741.467,1.0000,0,0,0,0
741.498,1.0000,0,0,0,0
741.529,1.0000,0,0,0,0
741.567,1.0000,0,0,0,0
741.600,1.0000,0,0,0,0
741.635,1.0000,0,0,0,0
741.664,1.0000,0,0,0,0
741.700,1.0000,0,0,0,0
741.727,1.0000,0,0,0,0
741.767,1.0000,0,0,0,0
741.798,1.0000,0,0,0,0
741.832,1.0000,0,0,0,0
741.865,1.0000,0,0,0,0
741.896,1.0000,0,0,0,0
741.931,1.0000,0,0,0,0
741.964,1.0000,0,0,0,0
741.997,1.0000,0,0,0,0
742.034,1.0000,0,0,0,0
742.063,1.0000,0,0,0,0
742.096,1.0000,0,0,0,0
742.133,1.0000,0,0,0,0
742.164,1.0000,0,0,0,0
742.197,1.0000,0,0,0,0
742.233,1.0000,0,0,0,0
742.269,1.0000,0,0,0,0
742.292,1.0000,0,0,0,0
742.334,1.0000,0,0,0,0
742.366,1.0000,0,0,0,0
742.392,1.0000,0,0,0,0
742.432,1.0000,0,0,0,0
742.467,1.0000,0,0,0,0
742.497,1.0000,0,0,0,0
742.530,1.0000,0,0,0,0
742.565,1.0000,0,0,0,0
742.604,1.0000,0,0,0,0
742.625,1.0000,0,0,0,0
742.665,1.0000,0,0,0,0
742.700,1.0000,0,0,0,0
742.729,1.0000,0,0,0,0
742.762,1.0000,0,0,0,0
742.800,1.0000,0,0,0,0
742.836,1.0000,0,0,0,0
742.865,1.0000,0,0,0,0
742.898,1.0000,0,0,0,0
742.932,1.0000,0,0,0,0
742.954,1.0000,0,0,0,0
743.003,1.0000,0,0,0,0
743.028,1.0000,0,0,0,0
743.065,1.0000,0,0,0,0
743.087,1.0000,0,0,0,0
743.135,1.0000,0,0,0,0
743.162,1.0000,0,0,0,0
743.199,1.0000,0,0,0,0
743.231,1.0000,0,0,0,0
743.273,1.0000,0,0,0,0
743.296,1.0000,0,0,0,0
743.334,1.0000,0,0,0,0
743.366,1.0000,0,0,0,0
743.399,1.0000,0,0,0,0
743.432,1.0000,0,0,0,0
743.466,1.0000,0,0,0,0
743.496,1.0000,0,0,0,0
743.529,1.0000,0,0,0,0
743.565,1.0000,0,0,0,0
743.600,1.0000,0,0,0,0
743.636,1.0000,0,0,0,0
743.666,1.0000,0,0,0,0
743.697,1.0000,0,0,0,0
743.733,1.0000,0,0,0,0
743.764,1.0000,0,0,0,0
743.799,1.0000,0,0,0,0
743.830,1.0000,0,0,0,0
743.865,1.0000,0,0,0,0
743.898,1.0000,0,0,0,0
743.933,1.0000,0,0,0,0
743.968,1.0000,0,0,0,0
743.999,1.0000,0,0,0,0
744.030,1.0000,0,0,0,0
744.063,1.0000,0,0,0,0
744.097,1.0000,0,0,0,0
744.130,1.0000,0,0,0,0
744.167,1.0000,0,0,0,0
744.200,1.0000,0,0,0,0
744.231,1.0000,0,0,0,0
744.262,1.0000,0,0,0,0
744.299,1.0000,0,0,0,0
744.334,1.0000,0,0,0,0
744.368,1.0000,0,0,0,0
744.399,1.0000,0,0,0,0
744.430,1.0000,0,0,0,0
744.464,1.0000,0,0,0,0
744.499,1.0000,0,0,0,0
744.533,1.0000,0,0,0,0
744.562,1.0000,0,0,0,0
744.599,1.0000,0,0,0,0
744.633,1.0000,0,0,0,0
744.664,1.0000,0,0,0,0
744.698,1.0000,0,0,0,0
744.730,1.0000,0,0,0,0
744.763,1.0000,0,0,0,0
744.798,1.0000,0,0,0,0
744.832,1.0000,0,0,0,0
744.867,1.0000,0,0,0,0
744.897,1.0000,0,0,0,0
744.933,1.0000,0,0,0,0
744.964,1.0000,0,0,0,0
744.999,1.0000,0,0,0,0
745.033,1.0000,0,0,0,0
745.066,1.0000,0,0,0,0
745.099,1.0000,0,0,0,0
745.134,1.0000,0,0,0,0
745.164,1.0000,0,0,0,0
745.198,1.0000,0,0,0,0
745.232,1.0000,0,0,0,0
745.267,1.0000,0,0,0,0
745.298,1.0000,0,0,0,0
745.329,1.0000,0,0,0,0
745.364,1.0000,0,0,0,0
745.387,1.0000,0,0,0,0
745.432,1.0000,0,0,0,0
745.463,1.0000,0,0,0,0
745.496,1.0000,0,0,0,0
745.533,1.0000,0,0,0,0
745.562,1.0000,0,0,0,0
745.597,1.0000,0,0,0,0
745.633,1.0000,0,0,0,0
745.664,1.0000,0,0,0,0
745.699,1.0000,0,0,0,0
745.733,1.0000,0,0,0,0
745.766,1.0000,0,0,0,0
745.801,1.0000,0,0,0,0
745.830,1.0000,0,0,0,0
745.862,1.0000,0,0,0,0
745.896,1.0000,0,0,0,0
745.930,1.0000,0,0,0,0
745.967,1.0000,0,0,0,0
746.000,1.0000,0,0,0,0
746.035,1.0000,0,0,0,0
746.063,1.0000,0,0,0,0
746.099,1.0000,0,0,0,0
746.130,1.0000,0,0,0,0
746.168,1.0000,0,0,0,0
746.198,1.0000,0,0,0,0
746.238,1.0000,0,0,0,0
746.258,1.0000,0,0,0,0
746.295,1.0000,0,0,0,0
746.332,1.0000,0,0,0,0
746.364,1.0000,0,0,0,0
746.400,1.0000,0,0,0,0
746.431,1.0000,0,0,0,0
746.466,1.0000,0,0,0,0
746.497,1.0000,0,0,0,0
746.532,1.0000,0,0,0,0
746.564,1.0000,0,0,0,0
746.602,1.0000,0,0,0,0
746.629,1.0000,0,0,0,0
746.663,1.0000,0,0,0,0
746.699,1.0000,0,0,0,0
746.734,1.0000,0,0,0,0
746.768,1.0000,0,0,0,0
746.801,1.0000,0,0,0,0
746.837,1.0000,0,0,0,0
746.858,1.0000,0,0,0,0
746.901,1.0000,0,0,0,0
746.922,1.0000,0,0,0,0
746.965,1.0000,0,0,0,0
746.999,1.0000,0,0,0,0
747.035,1.0000,0,0,0,0
747.063,1.0000,0,0,0,0
747.098,1.0000,0,0,0,0
747.131,1.0000,0,0,0,0
747.164,1.0000,0,0,0,0
747.199,1.0000,0,0,0,0
747.221,1.0000,0,0,0,0
747.268,1.0000,0,0,0,0
747.288,1.0000,0,0,0,0
747.329,1.0000,0,0,0,0
747.362,1.0000,0,0,0,0
747.397,1.0000,0,0,0,0
747.432,1.0000,0,0,0,0
747.466,1.0000,0,0,0,0
747.496,1.0000,0,0,0,0
747.530,1.0000,0,0,0,0
747.567,1.0000,0,0,0,0
747.589,1.0000,0,0,0,0
747.629,1.0000,0,0,0,0
747.665,1.0000,0,0,0,0
747.696,1.0000,0,0,0,0
747.730,1.0000,0,0,0,0
747.765,1.0000,0,0,0,0
747.796,1.0000,0,0,0,0
747.830,1.0000,0,0,0,0
747.867,1.0000,0,0,0,0
747.896,1.0000,0,0,0,0
747.930,1.0000,0,0,0,0
747.963,1.0000,0,0,0,0
747.998,1.0000,0,0,0,0
748.028,1.0000,0,0,0,0
748.062,1.0000,0,0,0,0
748.101,1.0000,0,0,0,0
748.129,1.0000,0,0,0,0
748.169,1.0000,0,0,0,0
748.196,1.0000,0,0,0,0
748.229,1.0000,0,0,0,0
748.262,1.0000,0,0,0,0
748.301,1.0000,0,0,0,0
748.333,1.0000,0,0,0,0
748.363,1.0000,0,0,0,0
748.402,1.0000,0,0,0,0
748.429,1.0000,0,0,0,0
748.466,1.0000,0,0,0,0
748.501,1.0000,0,0,0,0
748.531,1.0000,0,0,0,0
748.563,1.0000,0,0,0,0
748.599,1.0000,0,0,0,0
748.634,1.0000,0,0,0,0
748.662,1.0000,0,0,0,0
748.701,1.0000,0,0,0,0
748.731,1.0000,0,0,0,0
748.763,1.0000,0,0,0,0
748.797,1.0000,0,0,0,0
748.834,1.0000,0,0,0,0
748.864,1.0000,0,0,0,0
748.901,1.0000,0,0,0,0
748.929,1.0000,0,0,0,0
748.968,1.0000,0,0,0,0
748.997,1.0000,0,0,0,0
749.033,1.0000,0,0,0,0
749.064,1.0000,0,0,0,0
749.101,1.0000,0,0,0,0
749.134,1.0000,0,0,0,0
749.170,1.0000,0,0,0,0
749.194,1.0000,0,0,0,0
749.221,1.0000,0,0,0,0
749.270,1.0000,0,0,0,0
749.299,1.0000,0,0,0,0
749.332,1.0000,0,0,0,0
749.366,1.0000,0,0,0,0
749.401,1.0000,0,0,0,0
749.432,1.0000,0,0,0,0
749.465,1.0000,0,0,0,0
749.501,1.0000,0,0,0,0
749.526,1.0000,0,0,0,0
749.562,1.0000,0,0,0,0
749.599,1.0000,0,0,0,0
749.637,1.0000,0,0,0,0
749.668,1.0000,0,0,0,0
749.703,1.0000,0,0,0,0
749.723,1.0000,0,0,0,0
749.762,1.0000,0,0,0,0
749.787,1.0000,0,0,0,0
749.834,1.0000,0,0,0,0
749.858,1.0000,0,0,0,0
749.901,1.0000,0,0,0,0
749.933,1.0000,0,0,0,0
749.966,1.0000,0,0,0,0
750.001,1.0000,0,0,0,0
750.030,1.0000,0,0,0,0
750.064,1.0000,0,0,0,0
750.098,1.0000,0,0,0,0
750.130,1.0000,0,0,0,0
750.167,1.0000,0,0,0,0
750.199,1.0000,0,0,0,0
750.231,1.0000,0,0,0,0
750.266,1.0000,0,0,0,0
750.298,1.0000,0,0,0,0
750.333,1.0000,0,0,0,0
750.367,1.0000,0,0,0,0
750.701,1.0000,0,0,0,0
750.746,1.0000,0,0,0,0
750.777,1.0000,0,0,0,0
750.811,1.0000,0,0,0,0
750.841,1.0000,0,0,0,0
750.877,1.0000,0,0,0,0
750.909,1.0000,0,0,0,0
750.944,1.0000,0,0,0,0
750.977,1.0000,0,0,0,0
751.011,1.0000,0,0,0,0
751.044,1.0000,0,0,0,0
751.077,1.0000,0,0,0,0
751.108,1.0000,0,0,0,0
751.145,1.0000,0,0,0,0
751.177,1.0000,0,0,0,0
751.212,1.0000,0,0,0,0
751.242,1.0000,0,0,0,0
751.277,1.0000,0,0,0,0
751.310,1.0000,0,0,0,0
751.346,1.0000,0,0,0,0
751.374,1.0000,0,0,0,0
751.416,1.0000,0,0,0,0
751.444,1.0000,0,0,0,0
751.473,1.0000,0,0,0,0
751.514,1.0000,0,0,0,0
751.536,1.0000,0,0,0,0
751.574,1.0000,0,0,0,0
751.609,1.0000,0,0,0,0
751.645,1.0000,0,0,0,0
751.677,1.0000,0,0,0,0
751.709,1.0000,0,0,0,0
751.741,1.0000,0,0,0,0
751.780,1.0000,0,0,0,0
751.810,1.0000,0,0,0,0
751.843,1.0000,0,0,0,0
751.876,1.0000,0,0,0,0
751.911,1.0000,0,0,0,0
751.942,1.0000,0,0,0,0
751.978,1.0000,0,0,0,0
752.010,1.0000,0,0,0,0
752.042,1.0000,0,0,0,0
752.077,1.0000,0,0,0,0
752.109,1.0000,0,0,0,0
752.142,1.0000,0,0,0,0
752.176,1.0000,0,0,0,0
752.199,1.0000,0,0,0,0
752.245,1.0000,0,0,0,0
752.276,1.0000,0,0,0,0
752.308,1.0000,0,0,0,0
752.333,1.0000,0,0,0,0
752.376,1.0000,0,0,0,0
752.409,1.0000,0,0,0,0
752.445,1.0000,0,0,0,0
752.470,1.0000,0,0,0,0
752.511,1.0000,0,0,0,0
752.546,1.0000,0,0,0,0
752.587,1.0000,0,0,0,0
752.610,1.0000,0,0,0,0
752.743,1.0000,0,0,0,0
752.782,1.0000,0,0,0,0
752.823,1.0000,0,0,0,0
752.854,1.0000,0,0,0,0
752.891,1.0000,0,0,0,0
752.921,1.0000,0,0,0,0
752.956,1.0000,0,0,0,0
752.988,1.0000,0,0,0,0
753.023,1.0000,0,0,0,0
753.056,1.0000,0,0,0,0
753.091,1.0000,0,0,0,0
753.124,1.0000,0,0,0,0
753.154,1.0000,0,0,0,0
753.188,1.0000,0,0,0,0
753.221,1.0000,0,0,0,0
753.254,1.0000,0,0,0,0
753.290,1.0000,0,0,0,0
753.321,1.0000,0,0,0,0
753.358,1.0000,0,0,0,0
753.387,1.0000,0,0,0,0
753.420,1.0000,0,0,0,0
753.456,1.0000,0,0,0,0
753.491,1.0000,0,0,0,0
753.521,1.0000,0,0,0,0
753.557,1.0000,0,0,0,0
753.588,1.0000,0,0,0,0
753.626,1.0000,0,0,0,0
753.646,1.0000,0,0,0,0
753.689,1.0000,0,0,0,0
753.720,1.0000,0,0,0,0
753.757,1.0000,0,0,0,0
753.789,1.0000,0,0,0,0
753.821,1.0000,0,0,0,0
753.858,1.0000,0,0,0,0
753.888,1.0000,0,0,0,0
753.921,1.0000,0,0,0,0
753.953,1.0000,0,0,0,0
753.991,1.0000,0,0,0,0
754.016,1.0000,0,0,0,0
754.052,1.0000,0,0,0,0
754.091,1.0000,0,0,0,0
754.118,1.0000,0,0,0,0
754.158,1.0000,0,0,0,0
754.179,1.0000,0,0,0,0
754.222,1.0000,0,0,0,0
754.257,1.0000,0,0,0,0
754.287,1.0000,0,0,0,0
754.320,1.0000,0,0,0,0
754.356,1.0000,0,0,0,0
754.388,1.0000,0,0,0,0
754.421,1.0000,0,0,0,0
754.456,1.0000,0,0,0,0
754.489,1.0000,0,0,0,0
754.524,1.0000,0,0,0,0
754.554,1.0000,0,0,0,0
754.592,1.0000,0,0,0,0
754.616,1.0000,0,0,0,0
754.656,1.0000,0,0,0,0
754.687,1.0000,0,0,0,0
754.724,1.0000,0,0,0,0
754.758,1.0000,0,0,0,0
754.792,1.0000,0,0,0,0
754.821,1.0000,0,0,0,0
754.861,1.0000,0,0,0,0
754.888,1.0000,0,0,0,0
754.924,1.0000,0,0,0,0
754.953,1.0000,0,0,0,0
754.990,1.0000,0,0,0,0
755.014,1.0000,0,0,0,0
755.124,1.0000,0,0,0,0
755.177,1.0000,0,0,0,0
755.188,1.0000,0,0,0,0
755.223,1.0000,0,0,0,0
755.257,1.0000,0,0,0,0
755.288,1.0000,0,0,0,0
755.323,1.0000,0,0,0,0
755.357,1.0000,0,0,0,0
755.390,1.0000,0,0,0,0
755.423,1.0000,0,0,0,0
755.457,1.0000,0,0,0,0
755.492,1.0000,0,0,0,0
755.520,1.0000,0,0,0,0
755.553,1.0000,0,0,0,0
755.586,1.0000,0,0,0,0
755.622,1.0000,0,0,0,0
755.654,1.0000,0,0,0,0
755.692,1.0000,0,0,0,0
755.722,1.0000,0,0,0,0
755.754,1.0000,0,0,0,0
755.789,1.0000,0,0,0,0
755.823,1.0000,0,0,0,0
755.855,1.0000,0,0,0,0
755.889,1.0000,0,0,0,0
755.922,1.0000,0,0,0,0
755.953,1.0000,0,0,0,0
755.987,1.0000,0,0,0,0
756.025,1.0000,0,0,0,0
756.054,1.0000,0,0,0,0
756.089,1.0000,0,0,0,0
756.123,1.0000,0,0,0,0
756.156,1.0000,0,0,0,0
756.190,1.0000,0,0,0,0
756.220,1.0000,0,0,0,0
756.254,1.0000,0,0,0,0
756.290,1.0000,0,0,0,0
756.322,1.0000,0,0,0,0
756.355,1.0000,0,0,0,0
756.378,1.0000,0,0,0,0
756.423,1.0000,0,0,0,0
756.450,1.0000,0,0,0,0
756.489,1.0000,0,0,0,0
756.512,1.0000,0,0,0,0
756.553,1.0000,0,0,0,0
756.589,1.0000,0,0,0,0
756.623,1.0000,0,0,0,0
756.645,1.0000,0,0,0,0
756.691,1.0000,0,0,0,0
756.728,1.0000,0,0,0,0
756.759,1.0000,0,0,0,0
756.789,1.0000,0,0,0,0
756.823,1.0000,0,0,0,0
756.849,1.0000,0,0,0,0
756.889,1.0000,0,0,0,0
756.920,1.0000,0,0,0,0
756.956,1.0000,0,0,0,0
756.988,1.0000,0,0,0,0
757.015,1.0000,0,0,0,0
757.057,1.0000,0,0,0,0
757.089,1.0000,0,0,0,0
757.123,1.0000,0,0,0,0
757.154,1.0000,0,0,0,0
757.188,1.0000,0,0,0,0
757.224,1.0000,0,0,0,0
757.253,1.0000,0,0,0,0
757.292,1.0000,0,0,0,0
757.317,1.0000,0,0,0,0
757.357,1.0000,0,0,0,0
757.390,1.0000,0,0,0,0
757.420,1.0000,0,0,0,0
757.457,1.0000,0,0,0,0
757.490,1.0000,0,0,0,0
757.521,1.0000,0,0,0,0
757.554,1.0000,0,0,0,0
757.591,1.0000,0,0,0,0
757.625,1.0000,0,0,0,0
757.658,1.0000,0,0,0,0
757.692,1.0000,0,0,0,0
757.719,1.0000,0,0,0,0
757.756,1.0000,0,0,0,0
757.788,1.0000,0,0,0,0
757.821,1.0000,0,0,0,0
757.857,1.0000,0,0,0,0
757.888,1.0000,0,0,0,0
757.924,1.0000,0,0,0,0
757.958,1.0000,0,0,0,0
757.988,1.0000,0,0,0,0
758.024,1.0000,0,0,0,0
758.054,1.0000,0,0,0,0
758.088,1.0000,0,0,0,0
758.121,1.0000,0,0,0,0
758.154,1.0000,0,0,0,0
758.189,1.0000,0,0,0,0
758.223,1.0000,0,0,0,0
758.257,1.0000,0,0,0,0
758.290,1.0000,0,0,0,0
758.323,1.0000,0,0,0,0
758.355,1.0000,0,0,0,0
758.390,1.0000,0,0,0,0
758.421,1.0000,0,0,0,0
758.454,1.0000,0,0,0,0
758.487,1.0000,0,0,0,0
758.523,1.0000,0,0,0,0
758.557,1.0000,0,0,0,0
758.589,1.0000,0,0,0,0
758.622,1.0000,0,0,0,0
758.654,1.0000,0,0,0,0
758.687,1.0000,0,0,0,0
758.723,1.0000,0,0,0,0
758.745,1.0000,0,0,0,0
758.788,1.0000,0,0,0,0
758.812,1.0000,0,0,0,0
758.856,1.0000,0,0,0,0
758.879,1.0000,0,0,0,0
758.923,1.0000,0,0,0,0
758.952,1.0000,0,0,0,0
758.992,1.0000,0,0,0,0
759.017,1.0000,0,0,0,0
759.056,1.0000,0,0,0,0
759.087,1.0000,0,0,0,0
759.121,1.0000,0,0,0,0
759.155,1.0000,0,0,0,0
759.190,1.0000,0,0,0,0
759.221,1.0000,0,0,0,0
759.255,1.0000,0,0,0,0
759.290,1.0000,0,0,0,0
759.322,1.0000,0,0,0,0
759.357,1.0000,0,0,0,0
759.386,1.0000,0,0,0,0
759.423,1.0000,0,0,0,0
759.456,1.0000,0,0,0,0
759.490,1.0000,0,0,0,0
759.523,1.0000,0,0,0,0
759.554,1.0000,0,0,0,0
759.588,1.0000,0,0,0,0
759.623,1.0000,0,0,0,0
759.654,1.0000,0,0,0,0
759.692,1.0000,0,0,0,0
759.722,1.0000,0,0,0,0
759.754,1.0000,0,0,0,0
759.790,1.0000,0,0,0,0
759.822,1.0000,0,0,0,0
759.856,1.0000,0,0,0,0
759.886,1.0000,0,0,0,0
759.923,1.0000,0,0,0,0
759.957,1.0000,0,0,0,0
759.979,1.0000,0,0,0,0
760.024,1.0000,0,0,0,0
760.052,1.0000,0,0,0,0
760.088,1.0000,0,0,0,0
760.115,1.0000,0,0,0,0
760.156,1.0000,0,0,0,0
760.188,1.0000,0,0,0,0
760.224,1.0000,0,0,0,0
760.257,1.0000,0,0,0,0
760.287,1.0000,0,0,0,0
760.323,1.0000,0,0,0,0
760.358,1.0000,0,0,0,0
760.391,1.0000,0,0,0,0
760.425,1.0000,0,0,0,0
760.455,1.0000,0,0,0,0
760.490,1.0000,0,0,0,0
760.520,1.0000,0,0,0,0
760.556,1.0000,0,0,0,0
760.588,1.0000,0,0,0,0
760.623,1.0000,0,0,0,0
760.654,1.0000,0,0,0,0
760.687,1.0000,0,0,0,0
760.724,1.0000,0,0,0,0
760.754,1.0000,0,0,0,0
760.789,1.0000,0,0,0,0
760.824,1.0000,0,0,0,0
760.856,1.0000,0,0,0,0
760.889,1.0000,0,0,0,0
760.921,1.0000,0,0,0,0
760.956,1.0000,0,0,0,0
760.987,1.0000,0,0,0,0
761.021,1.0000,0,0,0,0
761.055,1.0000,0,0,0,0
761.090,1.0000,0,0,0,0
761.121,1.0000,0,0,0,0
761.156,1.0000,0,0,0,0
761.190,1.0000,0,0,0,0
761.222,1.0000,0,0,0,0
761.257,1.0000,0,0,0,0
761.287,1.0000,0,0,0,0
761.320,1.0000,0,0,0,0
761.357,1.0000,0,0,0,0
761.388,1.0000,0,0,0,0
761.423,1.0000,0,0,0,0
761.454,1.0000,0,0,0,0
761.489,1.0000,0,0,0,0
761.524,1.0000,0,0,0,0
761.555,1.0000,0,0,0,0
761.588,1.0000,0,0,0,0
761.620,1.0000,0,0,0,0
761.655,1.0000,0,0,0,0
761.688,1.0000,0,0,0,0
761.724,1.0000,0,0,0,0
761.756,1.0000,0,0,0,0
761.790,1.0000,0,0,0,0
762.123,1.0000,0,0,0,0
762.168,1.0000,0,0,0,0
762.185,1.0000,0,0,0,0
762.214,1.0000,0,0,0,0
762.249,1.0000,0,0,0,0
762.282,1.0000,0,0,0,0
762.314,1.0000,0,0,0,0
762.348,1.0000,0,0,0,0
762.381,1.0000,0,0,0,0
762.415,1.0000,0,0,0,0
762.447,1.0000,0,0,0,0
762.483,1.0000,0,0,0,0
762.515,1.0000,0,0,0,0
762.548,1.0000,0,0,0,0
762.581,1.0000,0,0,0,0
762.615,1.0000,0,0,0,0
762.648,1.0000,0,0,0,0
762.685,1.0000,0,0,0,0
762.764,1.0000,0,0,0,0
762.791,1.0000,0,0,0,0
762.807,1.0000,0,0,0,0
762.842,1.0000,0,0,0,0
762.872,1.0000,0,0,0,0
762.907,1.0000,0,0,0,0
762.941,1.0000,0,0,0,0
762.976,1.0000,0,0,0,0
763.006,1.0000,0,0,0,0
763.339,1.0000,0,0,0,0
763.381,1.0000,0,0,0,0
763.412,1.0000,0,0,0,0
763.437,1.0000,0,0,0,0
763.473,1.0000,0,0,0,0
763.506,1.0000,0,0,0,0
763.538,1.0000,0,0,0,0
763.573,1.0000,0,0,0,0
763.605,1.0000,0,0,0,0
763.639,1.0000,0,0,0,0
763.673,1.0000,0,0,0,0
763.705,1.0000,0,0,0,0
763.737,1.0000,0,0,0,0
764.071,1.0000,0,0,0,0
764.117,1.0000,0,0,0,0
764.127,1.0000,0,0,0,0
764.158,1.0000,0,0,0,0
764.190,1.0000,0,0,0,0
764.223,1.0000,0,0,0,0
764.258,1.0000,0,0,0,0
764.290,1.0000,0,0,0,0
764.325,1.0000,0,0,0,0
764.357,1.0000,0,0,0,0
764.391,1.0000,0,0,0,0
764.423,1.0000,0,0,0,0
764.458,1.0000,0,0,0,0
764.491,1.0000,0,0,0,0
764.526,1.0000,0,0,0,0
764.556,1.0000,0,0,0,0
764.589,1.0000,0,0,0,0
764.626,1.0000,0,0,0,0
764.658,1.0000,0,0,0,0
764.690,1.0000,0,0,0,0
764.724,1.0000,0,0,0,0
764.756,1.0000,0,0,0,0
764.793,1.0000,0,0,0,0
764.824,1.0000,0,0,0,0
764.859,1.0000,0,0,0,0
764.893,1.0000,0,0,0,0
764.925,1.0000,0,0,0,0
764.955,1.0000,0,0,0,0
764.989,1.0000,0,0,0,0
765.022,1.0000,0,0,0,0
765.060,1.0000,0,0,0,0
765.091,1.0000,0,0,0,0
765.123,1.0000,0,0,0,0
765.155,1.0000,0,0,0,0
765.191,1.0000,0,0,0,0
765.223,1.0000,0,0,0,0
765.255,1.0000,0,0,0,0
765.293,1.0000,0,0,0,0
765.321,1.0000,0,0,0,0
765.357,1.0000,0,0,0,0
765.391,1.0000,0,0,0,0
765.421,1.0000,0,0,0,0
765.457,1.0000,0,0,0,0
765.491,1.0000,0,0,0,0
765.526,1.0000,0,0,0,0
765.556,1.0000,0,0,0,0
765.589,1.0000,0,0,0,0
765.619,1.0000,0,0,0,0
765.656,1.0000,0,0,0,0
765.690,1.0000,0,0,0,0
765.723,1.0000,0,0,0,0
765.756,1.0000,0,0,0,0
765.789,1.0000,0,0,0,0
765.822,1.0000,0,0,0,0
765.857,1.0000,0,0,0,0
765.889,1.0000,0,0,0,0
765.923,1.0000,0,0,0,0
766.257,1.0000,0,0,0,0
766.300,1.0000,0,0,0,0
766.332,1.0000,0,0,0,0
766.368,1.0000,0,0,0,0
766.400,1.0000,0,0,0,0
766.432,1.0000,0,0,0,0
766.467,1.0000,0,0,0,0
766.499,1.0000,0,0,0,0
766.532,1.0000,0,0,0,0
766.567,1.0000,0,0,0,0
766.599,1.0000,0,0,0,0
766.633,1.0000,0,0,0,0
766.666,1.0000,0,0,0,0
766.701,1.0000,0,0,0,0
766.732,1.0000,0,0,0,0
766.767,1.0000,0,0,0,0
766.802,1.0000,0,0,0,0
766.832,1.0000,0,0,0,0
766.867,1.0000,0,0,0,0
766.898,1.0000,0,0,0,0
766.934,1.0000,0,0,0,0
766.969,1.0000,0,0,0,0
767.001,1.0000,0,0,0,0
767.037,1.0000,0,0,0,0
767.066,1.0000,0,0,0,0
767.104,1.0000,0,0,0,0
767.133,1.0000,0,0,0,0
767.165,1.0000,0,0,0,0
767.203,1.0000,0,0,0,0
767.235,1.0000,0,0,0,0
767.269,1.0000,0,0,0,0
767.303,1.0000,0,0,0,0
767.336,1.0000,0,0,0,0
767.369,1.0000,0,0,0,0
767.401,1.0000,0,0,0,0
767.431,1.0000,0,0,0,0
767.466,1.0000,0,0,0,0
767.501,1.0000,0,0,0,0
767.532,1.0000,0,0,0,0
767.568,1.0000,0,0,0,0
767.601,1.0000,0,0,0,0
767.632,1.0000,0,0,0,0
767.667,1.0000,0,0,0,0
767.700,1.0000,0,0,0,0
767.733,1.0000,0,0,0,0
767.766,1.0000,0,0,0,0
767.800,1.0000,0,0,0,0
767.830,1.0000,0,0,0,0
767.864,1.0000,0,0,0,0
767.900,1.0000,0,0,0,0
767.934,1.0000,0,0,0,0
767.967,1.0000,0,0,0,0
768.002,1.0000,0,0,0,0
768.036,1.0000,0,0,0,0
768.065,1.0000,0,0,0,0
768.101,1.0000,0,0,0,0
768.125,1.0000,0,0,0,0
768.168,1.0000,0,0,0,0
768.190,1.0000,0,0,0,0
768.236,1.0000,0,0,0,0
768.261,1.0000,0,0,0,0
768.301,1.0000,0,0,0,0
768.332,1.0000,0,0,0,0
768.368,1.0000,0,0,0,0
768.398,1.0000,0,0,0,0
768.434,1.0000,0,0,0,0
768.466,1.0000,0,0,0,0
768.500,1.0000,0,0,0,0
768.536,1.0000,0,0,0,0
768.569,1.0000,0,0,0,0
768.601,1.0000,0,0,0,0
768.632,1.0000,0,0,0,0
768.666,1.0000,0,0,0,0
768.700,1.0000,0,0,0,0
768.733,1.0000,0,0,0,0
768.767,1.0000,0,0,0,0
768.799,1.0000,0,0,0,0
768.831,1.0000,0,0,0,0
768.869,1.0000,0,0,0,0
768.898,1.0000,0,0,0,0
768.932,1.0000,0,0,0,0
768.965,1.0000,0,0,0,0
768.999,1.0000,0,0,0,0
769.034,1.0000,0,0,0,0
769.068,1.0000,0,0,0,0
769.102,1.0000,0,0,0,0
769.131,1.0000,0,0,0,0
769.169,1.0000,0,0,0,0
769.200,1.0000,0,0,0,0
769.305,1.0000,0,0,0,0
769.334,1.0000,0,0,0,0
769.345,1.0000,0,0,0,0
769.381,1.0000,0,0,0,0
769.415,1.0000,0,0,0,0
769.450,1.0000,0,0,0,0
769.479,1.0000,0,0,0,0
769.517,1.0000,0,0,0,0
769.547,1.0000,0,0,0,0
769.583,1.0000,0,0,0,0
769.615,1.0000,0,0,0,0
769.644,1.0000,0,0,0,0
769.682,1.0000,0,0,0,0
769.713,1.0000,0,0,0,0
769.749,1.0000,0,0,0,0
769.778,1.0000,0,0,0,0
769.814,1.0000,0,0,0,0
769.845,1.0000,0,0,0,0
769.881,1.0000,0,0,0,0
769.911,1.0000,0,0,0,0
769.947,1.0000,0,0,0,0
769.980,1.0000,0,0,0,0
770.013,1.0000,0,0,0,0
770.047,1.0000,0,0,0,0
770.078,1.0000,0,0,0,0
770.115,1.0000,0,0,0,0
770.147,1.0000,0,0,0,0
770.184,1.0000,0,0,0,0
770.206,1.0000,0,0,0,0
770.245,1.0000,0,0,0,0
770.270,1.0000,0,0,0,0
770.311,1.0000,0,0,0,0
770.345,1.0000,0,0,0,0
770.382,1.0000,0,0,0,0
770.415,1.0000,0,0,0,0
770.445,1.0000,0,0,0,0
770.479,1.0000,0,0,0,0
770.511,1.0000,0,0,0,0
770.545,1.0000,0,0,0,0
770.579,1.0000,0,0,0,0
770.616,1.0000,0,0,0,0
770.645,1.0000,0,0,0,0
770.681,1.0000,0,0,0,0
770.716,1.0000,0,0,0,0
770.751,1.0000,0,0,0,0
770.780,1.0000,0,0,0,0
770.814,1.0000,0,0,0,0
770.848,1.0000,0,0,0,0
770.878,1.0000,0,0,0,0
770.916,1.0000,0,0,0,0
770.950,1.0000,0,0,0,0
770.983,1.0000,0,0,0,0
771.013,1.0000,0,0,0,0
771.044,1.0000,0,0,0,0
771.079,1.0000,0,0,0,0
771.117,1.0000,0,0,0,0
771.149,1.0000,0,0,0,0
771.180,1.0000,0,0,0,0
771.214,1.0000,0,0,0,0
771.246,1.0000,0,0,0,0
771.278,1.0000,0,0,0,0
771.314,1.0000,0,0,0,0
771.346,1.0000,0,0,0,0
771.381,1.0000,0,0,0,0
771.411,1.0000,0,0,0,0
771.445,1.0000,0,0,0,0
771.480,1.0000,0,0,0,0
771.514,1.0000,0,0,0,0
771.547,1.0000,0,0,0,0
771.578,1.0000,0,0,0,0
771.611,1.0000,0,0,0,0
771.649,1.0000,0,0,0,0
771.679,1.0000,0,0,0,0
771.710,1.0000,0,0,0,0
771.748,1.0000,0,0,0,0
771.781,1.0000,0,0,0,0
771.812,1.0000,0,0,0,0
771.848,1.0000,0,0,0,0
771.882,1.0000,0,0,0,0
771.913,1.0000,0,0,0,0
771.946,1.0000,0,0,0,0
771.982,1.0000,0,0,0,0
772.017,1.0000,0,0,0,0
772.048,1.0000,0,0,0,0
772.080,1.0000,0,0,0,0
772.115,1.0000,0,0,0,0
772.146,1.0000,0,0,0,0
772.178,1.0000,0,0,0,0
772.213,1.0000,0,0,0,0
772.237,1.0000,0,0,0,0
772.281,1.0000,0,0,0,0
772.314,1.0000,0,0,0,0
772.346,1.0000,0,0,0,0
772.380,1.0000,0,0,0,0
772.415,1.0000,0,0,0,0
772.436,1.0000,0,0,0,0
772.479,1.0000,0,0,0,0
772.514,1.0000,0,0,0,0
772.547,1.0000,0,0,0,0
772.579,1.0000,0,0,0,0
772.615,1.0000,0,0,0,0
772.650,1.0000,0,0,0,0
772.680,1.0000,0,0,0,0
772.714,1.0000,0,0,0,0
772.749,1.0000,0,0,0,0
772.782,1.0000,0,0,0,0
772.815,1.0000,0,0,0,0
772.846,1.0000,0,0,0,0
772.882,1.0000,0,0,0,0
772.913,1.0000,0,0,0,0
772.945,1.0000,0,0,0,0
772.982,1.0000,0,0,0,0
773.015,1.0000,0,0,0,0
773.049,1.0000,0,0,0,0
773.084,1.0000,0,0,0,0
773.113,1.0000,0,0,0,0
773.148,1.0000,0,0,0,0
773.181,1.0000,0,0,0,0
773.213,1.0000,0,0,0,0
773.248,1.0000,0,0,0,0
773.282,1.0000,0,0,0,0
773.313,1.0000,0,0,0,0
773.347,1.0000,0,0,0,0
773.378,1.0000,0,0,0,0
773.412,1.0000,0,0,0,0
773.449,1.0000,0,0,0,0
773.478,1.0000,0,0,0,0
773.517,1.0000,0,0,0,0
773.549,1.0000,0,0,0,0
773.580,1.0000,0,0,0,0
773.616,1.0000,0,0,0,0
773.645,1.0000,0,0,0,0
773.682,1.0000,0,0,0,0
773.712,1.0000,0,0,0,0
773.744,1.0000,0,0,0,0
773.779,1.0000,0,0,0,0
773.815,1.0000,0,0,0,0
773.846,1.0000,0,0,0,0
773.882,1.0000,0,0,0,0
773.915,1.0000,0,0,0,0
773.946,1.0000,0,0,0,0
773.978,1.0000,0,0,0,0
774.015,1.0000,0,0,0,0
774.047,1.0000,0,0,0,0
774.080,1.0000,0,0,0,0
774.111,1.0000,0,0,0,0
774.150,1.0000,0,0,0,0
774.184,1.0000,0,0,0,0
774.212,1.0000,0,0,0,0
774.245,1.0000,0,0,0,0
774.279,1.0000,0,0,0,0
774.313,1.0000,0,0,0,0
774.348,1.0000,0,0,0,0
774.379,1.0000,0,0,0,0
774.416,1.0000,0,0,0,0
774.450,1.0000,0,0,0,0
774.481,1.0000,0,0,0,0
774.511,1.0000,0,0,0,0
774.546,1.0000,0,0,0,0
774.579,1.0000,0,0,0,0
774.614,1.0000,0,0,0,0
774.649,1.0000,0,0,0,0
774.679,1.0000,0,0,0,0
774.714,1.0000,0,0,0,0
774.745,1.0000,0,0,0,0
774.781,1.0000,0,0,0,0
774.812,1.0000,0,0,0,0
774.856,1.0000,0,0,0,0
774.883,1.0000,0,0,0,0
774.913,1.0000,0,0,0,0
774.949,1.0000,0,0,0,0
774.982,1.0000,0,0,0,0
775.012,1.0000,0,0,0,0
775.048,1.0000,0,0,0,0
775.080,1.0000,0,0,0,0
775.111,1.0000,0,0,0,0
775.145,1.0000,0,0,0,0
775.180,1.0000,0,0,0,0
775.212,1.0000,0,0,0,0
775.249,1.0000,0,0,0,0
775.279,1.0000,0,0,0,0
775.315,1.0000,0,0,0,0
775.345,1.0000,0,0,0,0
775.679,1.0000,0,0,0,0
775.722,1.0000,0,0,0,0
775.733,1.0000,0,0,0,0
775.772,1.0000,0,0,0,0
775.805,1.0000,0,0,0,0
775.838,1.0000,0,0,0,0
775.870,1.0000,0,0,0,0
775.905,1.0000,0,0,0,0
775.937,1.0000,0,0,0,0
775.972,1.0000,0,0,0,0
776.004,1.0000,0,0,0,0
776.036,1.0000,0,0,0,0
776.072,1.0000,0,0,0,0
776.104,1.0000,0,0,0,0
776.139,1.0000,0,0,0,0
776.172,1.0000,0,0,0,0
776.203,1.0000,0,0,0,0
776.238,1.0000,0,0,0,0
776.269,1.0000,0,0,0,0
776.304,1.0000,0,0,0,0
776.335,1.0000,0,0,0,0
776.370,1.0000,0,0,0,0
776.407,1.0000,0,0,0,0
776.438,1.0000,0,0,0,0
776.472,1.0000,0,0,0,0
776.505,1.0000,0,0,0,0
776.536,1.0000,0,0,0,0
776.571,1.0000,0,0,0,0
776.604,1.0000,0,0,0,0
776.636,1.0000,0,0,0,0
776.673,1.0000,0,0,0,0
776.704,1.0000,0,0,0,0
776.737,1.0000,0,0,0,0
776.770,1.0000,0,0,0,0
776.803,1.0000,0,0,0,0
776.837,1.0000,0,0,0,0
776.870,1.0000,0,0,0,0
776.904,1.0000,0,0,0,0
776.938,1.0000,0,0,0,0
776.971,1.0000,0,0,0,0
777.006,1.0000,0,0,0,0
777.039,1.0000,0,0,0,0
777.071,1.0000,0,0,0,0
777.105,1.0000,0,0,0,0
777.139,1.0000,0,0,0,0
777.170,1.0000,0,0,0,0
777.203,1.0000,0,0,0,0
777.537,1.0000,0,0,0,0
777.587,1.0000,0,0,0,0
777.623,1.0000,0,0,0,0
777.655,1.0000,0,0,0,0
777.686,1.0000,0,0,0,0
777.719,1.0000,0,0,0,0
777.754,1.0000,0,0,0,0
777.786,1.0000,0,0,0,0
777.821,1.0000,0,0,0,0
777.855,1.0000,0,0,0,0
777.886,1.0000,0,0,0,0
777.921,1.0000,0,0,0,0
777.954,1.0000,0,0,0,0
777.986,1.0000,0,0,0,0
778.019,1.0000,0,0,0,0
778.054,1.0000,0,0,0,0
778.089,1.0000,0,0,0,0
778.119,1.0000,0,0,0,0
778.153,1.0000,0,0,0,0
778.190,1.0000,0,0,0,0
778.225,1.0000,0,0,0,0
778.255,1.0000,0,0,0,0
778.285,1.0000,0,0,0,0
778.320,1.0000,0,0,0,0
778.353,1.0000,0,0,0,0
778.389,1.0000,0,0,0,0
778.423,1.0000,0,0,0,0
778.456,1.0000,0,0,0,0
778.488,1.0000,0,0,0,0
778.522,1.0000,0,0,0,0
778.554,1.0000,0,0,0,0
778.587,1.0000,0,0,0,0
778.619,1.0000,0,0,0,0
778.652,1.0000,0,0,0,0
778.690,1.0000,0,0,0,0
778.719,1.0000,0,0,0,0
778.752,1.0000,0,0,0,0
778.786,1.0000,0,0,0,0
778.820,1.0000,0,0,0,0
778.854,1.0000,0,0,0,0
778.888,1.0000,0,0,0,0
778.922,1.0000,0,0,0,0
778.952,1.0000,0,0,0,0
778.986,1.0000,0,0,0,0
779.019,1.0000,0,0,0,0
779.053,1.0000,0,0,0,0
779.088,1.0000,0,0,0,0
779.119,1.0000,0,0,0,0
779.157,1.0000,0,0,0,0
779.490,1.0000,0,0,0,0
779.530,1.0000,0,0,0,0
779.558,1.0000,0,0,0,0
779.593,1.0000,0,0,0,0
779.626,1.0000,0,0,0,0
779.661,1.0000,0,0,0,0
779.694,1.0000,0,0,0,0
779.728,1.0000,0,0,0,0
779.760,1.0000,0,0,0,0
779.794,1.0000,0,0,0,0
779.826,1.0000,0,0,0,0
779.862,1.0000,0,0,0,0
779.896,1.0000,0,0,0,0
779.928,1.0000,0,0,0,0
779.961,1.0000,0,0,0,0
779.993,1.0000,0,0,0,0
780.027,1.0000,0,0,0,0
780.059,1.0000,0,0,0,0
780.094,1.0000,0,0,0,0
780.129,1.0000,0,0,0,0
780.159,1.0000,0,0,0,0
780.195,1.0000,0,0,0,0
780.229,1.0000,0,0,0,0
780.261,1.0000,0,0,0,0
780.292,1.0000,0,0,0,0
780.325,1.0000,0,0,0,0
780.360,1.0000,0,0,0,0
780.399,1.0000,0,0,0,0
780.427,1.0000,0,0,0,0
780.461,1.0000,0,0,0,0
780.493,1.0000,0,0,0,0
780.528,1.0000,0,0,0,0
780.564,1.0000,0,0,0,0
780.595,1.0000,0,0,0,0
780.625,1.0000,0,0,0,0
780.958,1.0000,0,0,0,0
781.009,1.0000,0,0,0,0
781.020,1.0000,0,0,0,0
781.026,1.0000,0,0,0,0
781.068,1.0000,0,0,0,0
781.100,1.0000,0,0,0,0
781.135,1.0000,0,0,0,0
781.164,1.0000,0,0,0,0
781.199,1.0000,0,0,0,0
781.234,1.0000,0,0,0,0
781.268,1.0000,0,0,0,0
781.301,1.0000,0,0,0,0
781.335,1.0000,0,0,0,0
781.369,1.0000,0,0,0,0
781.398,1.0000,0,0,0,0
781.436,1.0000,0,0,0,0
781.465,1.0000,0,0,0,0
781.505,1.0000,0,0,0,0
781.535,1.0000,0,0,0,0
781.568,1.0000,0,0,0,0
781.598,1.0000,0,0,0,0
781.636,1.0000,0,0,0,0
781.669,1.0000,0,0,0,0
781.700,1.0000,0,0,0,0
781.735,1.0000,0,0,0,0
781.769,1.0000,0,0,0,0
781.800,1.0000,0,0,0,0
781.836,1.0000,0,0,0,0
781.868,1.0000,0,0,0,0
781.902,1.0000,0,0,0,0
781.933,1.0000,0,0,0,0
781.965,1.0000,0,0,0,0
782.001,1.0000,0,0,0,0
782.032,1.0000,0,0,0,0
782.065,1.0000,0,0,0,0
782.102,1.0000,0,0,0,0
782.131,1.0000,0,0,0,0
782.169,1.0000,0,0,0,0
782.219,1.0000,0,0,0,0
782.253,1.0000,0,0,0,0
782.282,1.0000,0,0,0,0
782.322,1.0000,0,0,0,0
782.394,1.0000,0,0,0,0
782.426,1.0000,0,0,0,0
782.458,1.0000,0,0,0,0
782.490,1.0000,0,0,0,0
782.526,1.0000,0,0,0,0
782.559,1.0000,0,0,0,0
782.667,1.0000,0,0,0,0
782.695,1.0000,0,0,0,0
782.734,1.0000,0,0,0,0
782.765,1.0000,0,0,0,0
782.800,1.0000,0,0,0,0
782.830,1.0000,0,0,0,0
782.864,1.0000,0,0,0,0
782.899,1.0000,0,0,0,0
782.933,1.0000,0,0,0,0
782.966,1.0000,0,0,0,0
783.003,1.0000,0,0,0,0
783.033,1.0000,0,0,0,0
