time,halfW01,d0,d1,d2,d3
2.937,0.8489,2,5,5,2
0.338,0.8513,2,5,5,2
0.369,0.8516,2,5,5,2
0.404,0.8519,2,5,5,2
0.437,0.8520,2,5,5,2
0.470,0.8523,2,5,5,2
0.503,0.8527,2,5,5,2
0.537,0.8528,2,5,5,2
0.570,0.8531,2,5,5,2
0.604,0.8534,2,5,5,2
0.636,0.8536,2,5,5,2
0.669,0.8539,2,5,5,2
0.703,0.8543,2,5,5,2
0.737,0.8544,2,5,5,2
0.772,0.8548,2,5,5,2
0.803,0.8551,2,5,5,2
0.835,0.8553,2,5,5,2
0.870,0.8556,2,5,5,2
0.903,0.8560,2,5,5,2
0.937,0.8562,2,5,5,2
0.971,0.8565,2,5,5,2
1.003,0.8569,2,5,5,2
1.035,0.8571,2,5,5,2
1.070,0.8575,2,5,5,2
1.102,0.8579,2,5,5,2
1.137,0.8580,2,5,5,2
1.170,0.8584,2,5,5,2
1.203,0.8589,2,5,5,2
1.237,0.8591,2,5,5,2
1.270,0.8595,2,5,5,2
1.303,0.8599,2,5,5,2
1.336,0.8602,2,5,5,2
1.371,0.8606,0,0,0,0
1.404,0.8611,0,0,0,0
1.437,0.8613,0,0,0,0
1.470,0.8618,0,0,0,0
1.502,0.8623,0,0,0,0
1.535,0.8625,0,0,0,0
1.570,0.8630,0,0,0,0
1.603,0.8635,0,0,0,0
1.635,0.8637,0,0,0,0
1.670,0.8643,0,0,0,0
1.704,0.8648,0,0,0,0
1.738,0.8650,0,0,0,0
1.769,0.8656,0,0,0,0
1.803,0.8661,0,0,0,0
1.836,0.8664,0,0,0,0
1.869,0.8669,0,0,0,0
1.904,0.8675,0,0,0,0
1.938,0.8678,0,0,0,0
1.971,0.8683,0,0,0,0
2.002,0.8689,0,0,0,0
2.038,0.8692,0,0,0,0
2.071,0.8698,0,0,0,0
2.103,0.8703,0,0,0,0
2.136,0.8706,0,0,0,0
2.172,0.8712,0,0,0,0
2.203,0.8718,0,0,0,0
2.236,0.8721,0,0,0,0
2.267,0.8727,0,0,0,0
2.302,0.8733,0,0,0,0
2.336,0.8736,0,0,0,0
2.371,0.8742,0,0,0,0
2.404,0.8748,0,0,0,0
2.436,0.8751,0,0,0,0
2.470,0.8757,0,0,0,0
2.505,0.8763,0,0,0,0
2.538,0.8766,0,0,0,0
2.568,0.8772,0,0,0,0
2.604,0.8779,0,0,0,0
2.636,0.8782,0,0,0,0
2.671,0.8788,0,0,0,0
2.703,0.8795,0,0,0,0
2.738,0.8798,0,0,0,0
2.769,0.8804,0,0,0,0
2.802,0.8811,0,0,0,0
2.839,0.8814,0,0,0,0
2.869,0.8820,0,0,0,0
2.903,0.8827,0,0,0,0
2.936,0.8830,0,0,0,0
2.971,0.8836,0,0,0,0
3.002,0.8842,0,0,0,0
3.035,0.8846,0,0,0,0
3.070,0.8852,0,0,0,0
3.103,0.8858,0,0,0,0
3.136,0.8861,0,0,0,0
3.170,0.8868,0,0,0,0
3.203,0.8874,0,0,0,0
3.238,0.8877,0,0,0,0
3.270,0.8883,0,0,0,0
3.304,0.8889,0,0,0,0
3.338,0.8892,0,0,0,0
3.373,0.8899,0,0,0,0
3.403,0.8905,0,0,0,0
3.438,0.8908,0,0,0,0
3.471,0.8914,0,0,0,0
3.504,0.8920,0,0,0,0
3.536,0.8923,0,0,0,0
3.571,0.8929,0,0,0,0
3.604,0.8935,0,0,0,0
3.637,0.8938,0,0,0,0
3.669,0.8944,0,0,0,0
3.703,0.8950,0,0,0,0
3.737,0.8953,0,0,0,0
3.771,0.8959,0,0,0,0
3.805,0.8965,0,0,0,0
3.837,0.8968,0,0,0,0
3.870,0.8973,0,0,0,0
3.904,0.8979,0,0,0,0
3.936,0.8982,0,0,0,0
3.969,0.8988,0,0,0,0
4.004,0.8993,0,0,0,0
4.036,0.8996,0,0,0,0
4.071,0.9002,0,0,0,0
4.104,0.9007,0,0,0,0
4.137,0.9010,0,0,0,0
4.170,0.9015,0,0,0,0
4.203,0.9021,0,0,0,0
4.237,0.9024,0,0,0,0
4.271,0.9029,0,0,0,0
4.304,0.9034,0,0,0,0
4.337,0.9037,0,0,0,0
4.369,0.9042,0,0,0,0
4.403,0.9055,0,0,0,0
4.436,0.9062,0,0,0,0
4.471,0.9076,0,0,0,0
4.503,0.9089,0,0,0,0
4.538,0.9096,0,0,0,0
4.570,0.9110,0,0,0,0
4.604,0.9123,0,0,0,0
4.636,0.9130,0,0,0,0
4.670,0.9143,0,0,0,0
4.702,0.9156,0,0,0,0
4.736,0.9162,0,0,0,0
4.770,0.9175,0,0,0,0
4.802,0.9188,0,0,0,0
4.836,0.9194,0,0,0,0
4.870,0.9207,0,0,0,0
4.904,0.9219,0,0,0,0
4.936,0.9225,0,0,0,0
4.971,0.9237,0,0,0,0
5.005,0.9249,0,0,0,0
5.036,0.9255,0,0,0,0
5.070,0.9267,0,0,0,0
5.104,0.9279,0,0,0,0
5.137,0.9284,0,0,0,0
5.171,0.9296,0,0,0,0
5.202,0.9307,0,0,0,0
5.236,0.9313,0,0,0,0
5.270,0.9324,0,0,0,0
5.303,0.9335,0,0,0,0
5.336,0.9340,0,0,0,0
5.370,0.9351,0,0,0,0
5.402,0.9361,0,0,0,0
5.437,0.9366,0,0,0,0
5.470,0.9377,0,0,0,0
5.503,0.9387,0,0,0,0
5.537,0.9392,0,0,0,0
5.570,0.9402,0,0,0,0
5.603,0.9411,0,0,0,0
5.636,0.9416,0,0,0,0
5.670,0.9426,0,0,0,0
5.704,0.9435,0,0,0,0
5.737,0.9440,0,0,0,0
5.771,0.9449,0,0,0,0
5.804,0.9458,0,0,0,0
5.836,0.9463,0,0,0,0
5.870,0.9471,0,0,0,0
5.902,0.9480,0,0,0,0
5.936,0.9484,0,0,0,0
5.971,0.9493,0,0,0,0
6.003,0.9501,0,0,0,0
6.038,0.9505,0,0,0,0
6.071,0.9513,0,0,0,0
6.103,0.9521,0,0,0,0
6.136,0.9506,0,0,0,0
6.170,0.9449,2,5,5,2
6.201,0.9352,2,5,5,2
6.237,0.9211,2,5,5,2
6.270,0.9069,2,5,5,2
6.302,0.8912,2,5,5,2
6.337,0.8733,2,5,5,2
6.372,0.8597,2,5,5,2
6.403,0.8537,2,5,5,2
6.438,0.8541,2,5,5,2
6.469,0.8549,2,5,5,2
6.504,0.8557,2,5,5,2
6.537,0.8560,2,5,5,2
6.569,0.8568,2,5,5,2
6.602,0.8575,2,5,5,2
6.636,0.8578,2,5,5,2
6.670,0.8585,2,5,5,2
6.703,0.8592,2,5,5,2
6.737,0.8596,2,5,5,2
6.769,0.8602,2,5,5,2
6.802,0.8609,2,5,5,2
6.837,0.8612,2,5,5,2
6.871,0.8619,2,5,5,2
6.903,0.8625,2,5,5,2
6.937,0.8628,2,5,5,2
6.970,0.8634,2,5,5,2
7.004,0.8641,2,5,5,2
7.037,0.8644,2,5,5,2
7.071,0.8650,2,5,5,2
7.103,0.8656,2,5,5,2
7.136,0.8658,2,5,5,2
7.170,0.8664,2,5,5,2
7.203,0.8670,2,5,5,2
7.237,0.8673,2,5,5,2
7.269,0.8678,2,5,5,2
7.304,0.8684,2,5,5,2
7.336,0.8687,2,5,5,2
7.370,0.8692,2,5,5,2
7.402,0.8698,2,5,5,2
7.437,0.8700,0,0,0,0
7.469,0.8705,0,0,0,0
7.502,0.8711,0,0,0,0
7.536,0.8713,0,0,0,0
7.570,0.8718,0,0,0,0
7.606,0.8723,0,0,0,0
7.638,0.8726,0,0,0,0
7.670,0.8731,0,0,0,0
7.702,0.8736,0,0,0,0
7.737,0.8738,0,0,0,0
7.769,0.8743,0,0,0,0
7.803,0.8747,0,0,0,0
7.837,0.8750,0,0,0,0
7.870,0.8754,0,0,0,0
7.905,0.8759,0,0,0,0
7.938,0.8761,0,0,0,0
7.971,0.8766,0,0,0,0
8.003,0.8770,0,0,0,0
8.036,0.8772,0,0,0,0
8.069,0.8776,0,0,0,0
8.103,0.8781,0,0,0,0
8.135,0.8783,0,0,0,0
8.170,0.8787,0,0,0,0
8.204,0.8791,0,0,0,0
8.237,0.8793,0,0,0,0
8.270,0.8797,0,0,0,0
8.304,0.8801,0,0,0,0
8.345,0.8805,0,0,0,0
8.369,0.8807,0,0,0,0
8.404,0.8811,0,0,0,0
8.435,0.8813,0,0,0,0
8.471,0.8816,0,0,0,0
8.502,0.8820,0,0,0,0
8.538,0.8822,0,0,0,0
8.570,0.8826,0,0,0,0
8.603,0.8829,0,0,0,0
8.637,0.8831,0,0,0,0
8.672,0.8834,0,0,0,0
8.703,0.8838,0,0,0,0
8.737,0.8840,0,0,0,0
8.768,0.8843,0,0,0,0
8.804,0.8846,0,0,0,0
8.836,0.8848,0,0,0,0
8.870,0.8851,0,0,0,0
8.893,0.8853,0,0,0,0
8.938,0.8856,0,0,0,0
8.970,0.8859,0,0,0,0
9.004,0.8862,0,0,0,0
9.037,0.8864,0,0,0,0
9.071,0.8867,0,0,0,0
9.102,0.8870,0,0,0,0
9.137,0.8871,0,0,0,0
9.172,0.8874,0,0,0,0
9.194,0.8875,0,0,0,0
9.236,0.8878,0,0,0,0
9.270,0.8881,0,0,0,0
9.304,0.8884,0,0,0,0
9.336,0.8885,0,0,0,0
9.372,0.8888,0,0,0,0
9.394,0.8889,0,0,0,0
9.435,0.8892,0,0,0,0
9.470,0.8894,0,0,0,0
9.503,0.8897,0,0,0,0
9.538,0.8898,0,0,0,0
9.570,0.8900,0,0,0,0
9.604,0.8903,0,0,0,0
9.637,0.8904,0,0,0,0
9.670,0.8906,0,0,0,0
9.703,0.8909,0,0,0,0
9.737,0.8910,0,0,0,0
9.769,0.8912,0,0,0,0
9.804,0.8914,0,0,0,0
9.837,0.8915,0,0,0,0
9.869,0.8917,0,0,0,0
9.904,0.8920,0,0,0,0
9.936,0.8921,0,0,0,0
9.969,0.8923,0,0,0,0
10.004,0.8925,0,0,0,0
10.036,0.8926,0,0,0,0
10.069,0.8928,0,0,0,0
10.102,0.8929,0,0,0,0
10.138,0.8930,0,0,0,0
10.170,0.8932,0,0,0,0
10.204,0.8934,0,0,0,0
10.238,0.8935,0,0,0,0
10.269,0.8937,0,0,0,0
10.303,0.8938,0,0,0,0
10.336,0.8939,0,0,0,0
10.370,0.8941,0,0,0,0
10.404,0.8942,0,0,0,0
10.437,0.8943,0,0,0,0
10.470,0.8945,0,0,0,0
10.503,0.8946,0,0,0,0
10.537,0.8947,0,0,0,0
10.571,0.8949,0,0,0,0
10.604,0.8950,0,0,0,0
10.637,0.8951,0,0,0,0
10.669,0.8952,0,0,0,0
10.705,0.8953,0,0,0,0
10.735,0.8954,0,0,0,0
10.770,0.8955,0,0,0,0
10.802,0.8957,0,0,0,0
10.834,0.8957,0,0,0,0
10.870,0.8958,0,0,0,0
10.904,0.8960,0,0,0,0
10.936,0.8960,0,0,0,0
10.969,0.8961,0,0,0,0
11.003,0.8962,0,0,0,0
11.035,0.8963,0,0,0,0
11.072,0.8964,0,0,0,0
11.104,0.8965,0,0,0,0
11.139,0.8966,0,0,0,0
11.172,0.8967,0,0,0,0
11.203,0.8968,0,0,0,0
11.237,0.8968,0,0,0,0
11.269,0.8969,0,0,0,0
11.302,0.8970,0,0,0,0
11.336,0.8970,0,0,0,0
11.370,0.8971,0,0,0,0
11.403,0.8972,0,0,0,0
11.437,0.8972,0,0,0,0
11.469,0.8973,0,0,0,0
11.502,0.8974,0,0,0,0
11.537,0.8974,0,0,0,0
11.569,0.8975,0,0,0,0
11.602,0.8975,0,0,0,0
11.636,0.8976,0,0,0,0
11.668,0.8976,0,0,0,0
11.702,0.8977,0,0,0,0
11.736,0.8977,0,0,0,0
11.768,0.8978,0,0,0,0
11.804,0.8978,0,0,0,0
11.836,0.8979,0,0,0,0
11.867,0.8979,0,0,0,0
11.902,0.8980,0,0,0,0
11.937,0.8980,0,0,0,0
11.970,0.8980,0,0,0,0
12.004,0.8981,0,0,0,0
12.037,0.8981,0,0,0,0
12.070,0.8981,0,0,0,0
12.104,0.8982,0,0,0,0
12.136,0.8982,0,0,0,0
12.170,0.8982,0,0,0,0
12.202,0.8982,0,0,0,0
12.236,0.8982,0,0,0,0
12.270,0.8983,0,0,0,0
12.303,0.8983,0,0,0,0
12.336,0.8983,0,0,0,0
12.370,0.8983,0,0,0,0
12.404,0.8984,0,0,0,0
12.437,0.8984,0,0,0,0
12.471,0.8984,0,0,0,0
12.504,0.8984,0,0,0,0
12.539,0.8984,0,0,0,0
12.571,0.8984,0,0,0,0
12.605,0.8984,0,0,0,0
12.638,0.8984,0,0,0,0
12.670,0.8985,0,0,0,0
12.705,0.8985,0,0,0,0
12.736,0.8985,0,0,0,0
12.771,0.8985,0,0,0,0
12.803,0.8985,0,0,0,0
12.836,0.8985,0,0,0,0
12.871,0.8985,0,0,0,0
12.904,0.8985,0,0,0,0
12.936,0.8985,0,0,0,0
12.970,0.8985,0,0,0,0
13.004,0.8985,0,0,0,0
13.037,0.8985,0,0,0,0
13.069,0.8985,0,0,0,0
13.103,0.8985,0,0,0,0
13.135,0.8985,0,0,0,0
13.171,0.8985,0,0,0,0
13.202,0.8985,0,0,0,0
13.238,0.8984,0,0,0,0
13.270,0.8984,0,0,0,0
13.303,0.8984,0,0,0,0
13.337,0.8984,0,0,0,0
13.371,0.8984,0,0,0,0
13.403,0.8984,0,0,0,0
13.437,0.8984,0,0,0,0
13.469,0.8984,0,0,0,0
13.504,0.8984,0,0,0,0
13.530,0.8984,0,0,0,0
13.567,0.8983,0,0,0,0
13.602,0.8983,0,0,0,0
13.636,0.8983,0,0,0,0
13.672,0.8983,0,0,0,0
13.704,0.8983,0,0,0,0
13.736,0.8983,0,0,0,0
13.770,0.8983,0,0,0,0
13.804,0.8982,0,0,0,0
13.836,0.8982,0,0,0,0
13.870,0.8982,0,0,0,0
13.903,0.8982,0,0,0,0
13.938,0.8982,0,0,0,0
13.971,0.8982,0,0,0,0
14.003,0.8982,0,0,0,0
14.038,0.8981,0,0,0,0
14.069,0.8981,0,0,0,0
14.101,0.8981,0,0,0,0
14.136,0.8981,0,0,0,0
14.171,0.8981,0,0,0,0
14.204,0.8980,0,0,0,0
14.238,0.8980,0,0,0,0
14.270,0.8980,0,0,0,0
14.303,0.8980,0,0,0,0
14.336,0.8980,0,0,0,0
14.371,0.8980,0,0,0,0
14.404,0.8980,0,0,0,0
14.436,0.8981,0,0,0,0
14.470,0.8981,0,0,0,0
14.504,0.8981,0,0,0,0
14.537,0.8981,0,0,0,0
14.570,0.8981,0,0,0,0
14.603,0.8981,0,0,0,0
14.636,0.8981,0,0,0,0
14.671,0.8981,0,0,0,0
14.703,0.8981,0,0,0,0
14.737,0.8981,0,0,0,0
14.770,0.8981,0,0,0,0
14.804,0.8980,0,0,0,0
14.836,0.8980,0,0,0,0
14.873,0.8980,0,0,0,0
14.903,0.8980,0,0,0,0
14.936,0.8980,0,0,0,0
14.970,0.8979,0,0,0,0
15.004,0.8979,0,0,0,0
15.037,0.8979,0,0,0,0
15.071,0.8979,0,0,0,0
15.104,0.8978,0,0,0,0
15.137,0.8978,0,0,0,0
15.169,0.8978,0,0,0,0
15.202,0.8978,0,0,0,0
15.236,0.8978,0,0,0,0
15.269,0.8978,0,0,0,0
15.304,0.8978,0,0,0,0
15.337,0.8978,0,0,0,0
15.369,0.8978,0,0,0,0
15.402,0.8978,0,0,0,0
15.435,0.8978,0,0,0,0
15.470,0.8978,0,0,0,0
15.505,0.8978,0,0,0,0
15.533,0.8978,0,0,0,0
15.591,0.8978,0,0,0,0
15.628,0.8978,0,0,0,0
15.662,0.8977,0,0,0,0
15.700,0.8977,0,0,0,0
15.733,0.8977,0,0,0,0
15.769,0.8977,0,0,0,0
15.795,0.8977,0,0,0,0
15.828,0.8976,0,0,0,0
15.861,0.8976,0,0,0,0
15.900,0.8976,0,0,0,0
15.928,0.8976,0,0,0,0
15.962,0.8975,0,0,0,0
15.994,0.8975,0,0,0,0
16.030,0.8975,0,0,0,0
16.064,0.8975,0,0,0,0
16.096,0.8975,0,0,0,0
16.128,0.8975,0,0,0,0
16.164,0.8975,0,0,0,0
16.196,0.8975,0,0,0,0
16.228,0.8975,0,0,0,0
16.260,0.8975,0,0,0,0
16.295,0.8975,0,0,0,0
16.330,0.8975,0,0,0,0
16.361,0.8975,0,0,0,0
16.397,0.8975,0,0,0,0
16.428,0.8975,0,0,0,0
16.465,0.8974,0,0,0,0
16.504,0.8974,0,0,0,0
16.530,0.8974,0,0,0,0
16.566,0.8974,0,0,0,0
16.651,0.8973,0,0,0,0
16.682,0.8973,0,0,0,0
16.713,0.8973,0,0,0,0
16.747,0.8972,0,0,0,0
16.780,0.8972,0,0,0,0
16.812,0.8972,0,0,0,0
16.846,0.8972,0,0,0,0
16.884,0.8972,0,0,0,0
16.915,0.8971,0,0,0,0
16.954,0.8971,0,0,0,0
16.981,0.8971,0,0,0,0
17.014,0.8971,0,0,0,0
17.051,0.8971,0,0,0,0
17.079,0.8971,0,0,0,0
17.114,0.8971,0,0,0,0
17.145,0.8971,0,0,0,0
17.179,0.8971,0,0,0,0
17.216,0.8971,0,0,0,0
17.246,0.8971,0,0,0,0
17.281,0.8971,0,0,0,0
17.313,0.8971,0,0,0,0
17.365,0.8971,0,0,0,0
17.409,0.8970,0,0,0,0
17.443,0.8970,0,0,0,0
17.476,0.8970,0,0,0,0
17.509,0.8969,0,0,0,0
17.541,0.8969,0,0,0,0
17.577,0.8969,0,0,0,0
17.608,0.8969,0,0,0,0
17.644,0.8968,0,0,0,0
17.977,0.8967,0,0,0,0
18.012,0.8967,0,0,0,0
18.043,0.8967,0,0,0,0
18.076,0.8967,0,0,0,0
18.109,0.8967,0,0,0,0
18.143,0.8967,0,0,0,0
18.176,0.8967,0,0,0,0
18.210,0.8967,0,0,0,0
18.242,0.8967,0,0,0,0
18.276,0.8966,0,0,0,0
18.310,0.8966,0,0,0,0
18.343,0.8966,0,0,0,0
18.375,0.8966,0,0,0,0
18.410,0.8966,0,0,0,0
18.443,0.8965,0,0,0,0
18.476,0.8965,0,0,0,0
18.510,0.8965,0,0,0,0
18.543,0.8964,0,0,0,0
18.577,0.8964,0,0,0,0
18.611,0.8964,0,0,0,0
18.642,0.8963,0,0,0,0
18.676,0.8963,0,0,0,0
18.714,0.8963,0,0,0,0
18.752,0.8963,0,0,0,0
18.780,0.8962,0,0,0,0
18.814,0.8962,0,0,0,0
18.849,0.8962,0,0,0,0
18.875,0.8962,0,0,0,0
18.909,0.8962,0,0,0,0
18.942,0.8962,0,0,0,0
18.976,0.8962,0,0,0,0
19.009,0.8962,0,0,0,0
19.042,0.8962,0,0,0,0
19.076,0.8962,0,0,0,0
19.109,0.8962,0,0,0,0
19.143,0.8962,0,0,0,0
19.176,0.8962,0,0,0,0
19.209,0.8962,0,0,0,0
19.243,0.8962,0,0,0,0
19.275,0.8962,0,0,0,0
19.308,0.8962,0,0,0,0
19.342,0.8961,0,0,0,0
19.376,0.8961,0,0,0,0
19.409,0.8961,0,0,0,0
19.443,0.8961,0,0,0,0
19.476,0.8961,0,0,0,0
19.510,0.8960,0,0,0,0
19.543,0.8960,0,0,0,0
19.578,0.8960,0,0,0,0
19.611,0.8959,0,0,0,0
19.644,0.8959,0,0,0,0
19.677,0.8959,0,0,0,0
19.709,0.8959,0,0,0,0
19.743,0.8958,0,0,0,0
19.775,0.8958,0,0,0,0
19.811,0.8958,0,0,0,0
19.850,0.8958,0,0,0,0
19.876,0.8957,0,0,0,0
19.910,0.8957,0,0,0,0
19.944,0.8957,0,0,0,0
19.976,0.8957,0,0,0,0
20.009,0.8956,0,0,0,0
20.044,0.8956,0,0,0,0
20.075,0.8956,0,0,0,0
20.109,0.8955,0,0,0,0
20.143,0.8955,0,0,0,0
20.177,0.8955,0,0,0,0
20.210,0.8955,0,0,0,0
20.243,0.8955,0,0,0,0
20.278,0.8955,0,0,0,0
20.308,0.8955,0,0,0,0
20.342,0.8955,0,0,0,0
20.376,0.8955,0,0,0,0
20.409,0.8955,0,0,0,0
20.443,0.8955,0,0,0,0
20.476,0.8955,0,0,0,0
20.509,0.8955,0,0,0,0
20.543,0.8955,0,0,0,0
20.578,0.8955,0,0,0,0
20.611,0.8955,0,0,0,0
20.643,0.8955,0,0,0,0
20.679,0.8955,0,0,0,0
20.711,0.8955,0,0,0,0
20.745,0.8955,0,0,0,0
20.778,0.8955,0,0,0,0
20.809,0.8954,0,0,0,0
20.845,0.8954,0,0,0,0
20.876,0.8954,0,0,0,0
20.910,0.8954,0,0,0,0
20.943,0.8953,0,0,0,0
20.975,0.8953,0,0,0,0
21.011,0.8953,0,0,0,0
21.043,0.8953,0,0,0,0
21.075,0.8952,0,0,0,0
21.109,0.8952,0,0,0,0
21.142,0.8952,0,0,0,0
21.176,0.8952,0,0,0,0
21.212,0.8951,0,0,0,0
21.244,0.8951,0,0,0,0
21.276,0.8951,0,0,0,0
21.311,0.8951,0,0,0,0
21.343,0.8950,0,0,0,0
21.378,0.8950,0,0,0,0
21.408,0.8950,0,0,0,0
21.444,0.8950,0,0,0,0
21.476,0.8949,0,0,0,0
21.509,0.8949,0,0,0,0
21.547,0.8949,0,0,0,0
21.576,0.8949,0,0,0,0
21.609,0.8949,0,0,0,0
21.643,0.8948,0,0,0,0
21.677,0.8948,0,0,0,0
21.709,0.8948,0,0,0,0
21.742,0.8948,0,0,0,0
21.777,0.8948,0,0,0,0
21.810,0.8947,0,0,0,0
21.842,0.8947,0,0,0,0
21.877,0.8947,0,0,0,0
21.909,0.8947,0,0,0,0
21.943,0.8946,0,0,0,0
21.975,0.8946,0,0,0,0
22.012,0.8946,0,0,0,0
22.042,0.8946,0,0,0,0
22.075,0.8946,0,0,0,0
22.110,0.8946,0,0,0,0
22.142,0.8946,0,0,0,0
22.178,0.8946,0,0,0,0
22.210,0.8946,0,0,0,0
22.242,0.8946,0,0,0,0
22.275,0.8947,0,0,0,0
22.309,0.8947,0,0,0,0
22.342,0.8947,0,0,0,0
22.377,0.8947,0,0,0,0
22.413,0.8947,0,0,0,0
22.443,0.8947,0,0,0,0
22.476,0.8947,0,0,0,0
22.510,0.8947,0,0,0,0
22.545,0.8947,0,0,0,0
22.575,0.8947,0,0,0,0
22.608,0.8946,0,0,0,0
22.643,0.8946,0,0,0,0
22.677,0.8946,0,0,0,0
22.711,0.8946,0,0,0,0
22.742,0.8946,0,0,0,0
22.777,0.8946,0,0,0,0
22.809,0.8945,0,0,0,0
22.843,0.8945,0,0,0,0
22.877,0.8945,0,0,0,0
22.911,0.8945,0,0,0,0
22.943,0.8944,0,0,0,0
22.976,0.8944,0,0,0,0
23.010,0.8944,0,0,0,0
23.045,0.8944,0,0,0,0
23.079,0.8944,0,0,0,0
23.115,0.8943,0,0,0,0
23.144,0.8943,0,0,0,0
23.178,0.8943,0,0,0,0
23.213,0.8943,0,0,0,0
23.243,0.8942,0,0,0,0
23.277,0.8942,0,0,0,0
23.309,0.8942,0,0,0,0
23.344,0.8942,0,0,0,0
23.376,0.8942,0,0,0,0
23.410,0.8941,0,0,0,0
23.442,0.8941,0,0,0,0
23.477,0.8941,0,0,0,0
23.511,0.8941,0,0,0,0
23.544,0.8941,0,0,0,0
23.576,0.8940,0,0,0,0
23.608,0.8940,0,0,0,0
23.643,0.8940,0,0,0,0
23.676,0.8940,0,0,0,0
23.711,0.8940,0,0,0,0
23.742,0.8939,0,0,0,0
23.780,0.8939,0,0,0,0
23.808,0.8939,0,0,0,0
23.847,0.8939,0,0,0,0
23.878,0.8939,0,0,0,0
23.909,0.8939,0,0,0,0
23.942,0.8938,0,0,0,0
23.976,0.8938,0,0,0,0
24.009,0.8938,0,0,0,0
24.043,0.8938,0,0,0,0
24.076,0.8938,0,0,0,0
24.111,0.8938,0,0,0,0
24.144,0.8937,0,0,0,0
24.178,0.8937,0,0,0,0
24.212,0.8937,0,0,0,0
24.244,0.8937,0,0,0,0
24.276,0.8937,0,0,0,0
24.309,0.8937,0,0,0,0
24.345,0.8936,0,0,0,0
24.375,0.8936,0,0,0,0
24.412,0.8936,0,0,0,0
24.444,0.8936,0,0,0,0
24.476,0.8936,0,0,0,0
24.509,0.8936,0,0,0,0
24.544,0.8936,0,0,0,0
24.579,0.8935,0,0,0,0
24.609,0.8935,0,0,0,0
24.642,0.8935,0,0,0,0
24.675,0.8935,0,0,0,0
24.709,0.8935,0,0,0,0
24.746,0.8935,0,0,0,0
24.776,0.8935,0,0,0,0
24.812,0.8934,0,0,0,0
24.844,0.8934,0,0,0,0
24.876,0.8934,0,0,0,0
24.910,0.8934,0,0,0,0
24.944,0.8934,0,0,0,0
24.978,0.8934,0,0,0,0
25.009,0.8934,0,0,0,0
25.042,0.8933,0,0,0,0
25.076,0.8933,0,0,0,0
25.110,0.8933,0,0,0,0
25.142,0.8933,0,0,0,0
25.176,0.8934,0,0,0,0
25.210,0.8934,0,0,0,0
25.242,0.8934,0,0,0,0
25.277,0.8934,0,0,0,0
25.309,0.8934,0,0,0,0
25.343,0.8934,0,0,0,0
25.378,0.8934,0,0,0,0
25.410,0.8935,0,0,0,0
25.448,0.8935,0,0,0,0
25.479,0.8935,0,0,0,0
25.512,0.8935,0,0,0,0
25.545,0.8935,0,0,0,0
25.577,0.8935,0,0,0,0
25.608,0.8935,0,0,0,0
25.643,0.8935,0,0,0,0
25.677,0.8934,0,0,0,0
25.709,0.8934,0,0,0,0
25.745,0.8934,0,0,0,0
25.776,0.8934,0,0,0,0
25.810,0.8934,0,0,0,0
25.842,0.8934,0,0,0,0
25.875,0.8934,0,0,0,0
25.910,0.8933,0,0,0,0
25.942,0.8933,0,0,0,0
25.978,0.8933,0,0,0,0
26.009,0.8933,0,0,0,0
26.046,0.8933,0,0,0,0
26.081,0.8932,0,0,0,0
26.118,0.8932,0,0,0,0
26.142,0.8932,0,0,0,0
26.179,0.8932,0,0,0,0
26.215,0.8932,0,0,0,0
26.245,0.8931,0,0,0,0
26.275,0.8931,0,0,0,0
26.309,0.8931,0,0,0,0
26.342,0.8931,0,0,0,0
26.375,0.8931,0,0,0,0
26.408,0.8931,0,0,0,0
26.444,0.8930,0,0,0,0
26.476,0.8930,0,0,0,0
26.511,0.8930,0,0,0,0
26.543,0.8930,0,0,0,0
26.575,0.8930,0,0,0,0
26.610,0.8930,0,0,0,0
26.642,0.8929,0,0,0,0
26.676,0.8929,0,0,0,0
26.711,0.8929,0,0,0,0
26.745,0.8929,0,0,0,0
26.776,0.8929,0,0,0,0
26.810,0.8929,0,0,0,0
26.844,0.8928,0,0,0,0
26.877,0.8928,0,0,0,0
26.910,0.8928,0,0,0,0
26.944,0.8928,0,0,0,0
26.978,0.8928,0,0,0,0
27.010,0.8928,0,0,0,0
27.047,0.8928,0,0,0,0
27.074,0.8928,0,0,0,0
27.109,0.8927,0,0,0,0
27.143,0.8927,0,0,0,0
27.178,0.8927,0,0,0,0
27.211,0.8927,0,0,0,0
27.244,0.8927,0,0,0,0
27.283,0.8927,0,0,0,0
27.312,0.8927,0,0,0,0
27.350,0.8926,0,0,0,0
27.377,0.8926,0,0,0,0
27.414,0.8926,0,0,0,0
27.447,0.8926,0,0,0,0
27.477,0.8926,0,0,0,0
27.511,0.8926,0,0,0,0
27.545,0.8926,0,0,0,0
27.580,0.8925,0,0,0,0
27.611,0.8925,0,0,0,0
27.643,0.8925,0,0,0,0
27.678,0.8925,0,0,0,0
27.710,0.8925,0,0,0,0
27.745,0.8925,0,0,0,0
27.776,0.8925,0,0,0,0
27.812,0.8925,0,0,0,0
27.844,0.8924,0,0,0,0
27.876,0.8924,0,0,0,0
27.909,0.8924,0,0,0,0
27.943,0.8924,0,0,0,0
27.976,0.8924,0,0,0,0
28.009,0.8924,0,0,0,0
28.041,0.8924,0,0,0,0
28.077,0.8924,0,0,0,0
28.111,0.8924,0,0,0,0
28.144,0.8923,0,0,0,0
28.178,0.8923,0,0,0,0
28.210,0.8923,0,0,0,0
28.243,0.8923,0,0,0,0
28.276,0.8923,0,0,0,0
28.311,0.8923,0,0,0,0
28.342,0.8923,0,0,0,0
28.378,0.8923,0,0,0,0
28.411,0.8922,0,0,0,0
28.444,0.8922,0,0,0,0
28.475,0.8922,0,0,0,0
28.509,0.8922,0,0,0,0
28.543,0.8922,0,0,0,0
28.576,0.8922,0,0,0,0
28.611,0.8922,0,0,0,0
28.644,0.8922,0,0,0,0
28.675,0.8922,0,0,0,0
28.709,0.8921,0,0,0,0
28.744,0.8921,0,0,0,0
28.775,0.8921,0,0,0,0
28.811,0.8921,0,0,0,0
28.842,0.8921,0,0,0,0
28.875,0.8921,0,0,0,0
28.910,0.8921,0,0,0,0
28.945,0.8921,0,0,0,0
28.978,0.8921,0,0,0,0
29.011,0.8920,0,0,0,0
29.044,0.8920,0,0,0,0
29.077,0.8920,0,0,0,0
29.110,0.8920,0,0,0,0
29.146,0.8920,0,0,0,0
29.183,0.8920,0,0,0,0
29.209,0.8920,0,0,0,0
29.242,0.8920,0,0,0,0
29.279,0.8920,0,0,0,0
29.309,0.8920,0,0,0,0
29.342,0.8919,0,0,0,0
29.375,0.8919,0,0,0,0
29.409,0.8919,0,0,0,0
29.444,0.8919,0,0,0,0
29.475,0.8919,0,0,0,0
29.511,0.8919,0,0,0,0
29.544,0.8919,0,0,0,0
29.577,0.8919,0,0,0,0
29.609,0.8919,0,0,0,0
29.642,0.8918,0,0,0,0
29.676,0.8918,0,0,0,0
29.709,0.8918,0,0,0,0
29.742,0.8918,0,0,0,0
29.776,0.8918,0,0,0,0
29.809,0.8918,0,0,0,0
29.841,0.8918,0,0,0,0
29.875,0.8918,0,0,0,0
29.910,0.8918,0,0,0,0
29.944,0.8918,0,0,0,0
29.976,0.8917,0,0,0,0
30.011,0.8917,0,0,0,0
30.043,0.8917,0,0,0,0
30.079,0.8917,0,0,0,0
30.109,0.8917,0,0,0,0
30.145,0.8917,0,0,0,0
30.176,0.8917,0,0,0,0
30.209,0.8917,0,0,0,0
30.244,0.8917,0,0,0,0
30.275,0.8917,0,0,0,0
30.309,0.8917,0,0,0,0
30.348,0.8917,0,0,0,0
30.381,0.8917,0,0,0,0
30.408,0.8917,0,0,0,0
30.443,0.8917,0,0,0,0
30.476,0.8917,0,0,0,0
30.509,0.8918,0,0,0,0
30.543,0.8918,0,0,0,0
30.577,0.8918,0,0,0,0
30.610,0.8918,0,0,0,0
30.642,0.8918,0,0,0,0
30.676,0.8918,0,0,0,0
30.709,0.8918,0,0,0,0
30.743,0.8918,0,0,0,0
30.777,0.8918,0,0,0,0
30.815,0.8918,0,0,0,0
30.852,0.8918,0,0,0,0
30.876,0.8918,0,0,0,0
30.909,0.8918,0,0,0,0
30.949,0.8918,0,0,0,0
30.982,0.8918,0,0,0,0
31.011,0.8918,0,0,0,0
31.045,0.8918,0,0,0,0
31.079,0.8918,0,0,0,0
31.108,0.8918,0,0,0,0
31.144,0.8917,0,0,0,0
31.178,0.8917,0,0,0,0
31.211,0.8917,0,0,0,0
31.243,0.8917,0,0,0,0
31.282,0.8917,0,0,0,0
31.314,0.8917,0,0,0,0
31.343,0.8916,0,0,0,0
31.379,0.8916,0,0,0,0
31.413,0.8916,0,0,0,0
31.446,0.8916,0,0,0,0
31.476,0.8916,0,0,0,0
31.512,0.8916,0,0,0,0
31.541,0.8916,0,0,0,0
31.577,0.8915,0,0,0,0
31.611,0.8915,0,0,0,0
31.643,0.8915,0,0,0,0
31.676,0.8915,0,0,0,0
31.710,0.8915,0,0,0,0
31.743,0.8915,0,0,0,0
31.775,0.8915,0,0,0,0
31.811,0.8914,0,0,0,0
31.843,0.8914,0,0,0,0
31.877,0.8914,0,0,0,0
31.911,0.8914,0,0,0,0
31.942,0.8914,0,0,0,0
31.976,0.8914,0,0,0,0
32.009,0.8914,0,0,0,0
32.042,0.8913,0,0,0,0
32.075,0.8913,0,0,0,0
32.109,0.8913,0,0,0,0
32.143,0.8913,0,0,0,0
32.176,0.8913,0,0,0,0
32.210,0.8913,0,0,0,0
32.243,0.8913,0,0,0,0
32.279,0.8913,0,0,0,0
32.311,0.8913,0,0,0,0
32.345,0.8912,0,0,0,0
32.378,0.8912,0,0,0,0
32.411,0.8912,0,0,0,0
32.447,0.8912,0,0,0,0
32.481,0.8912,0,0,0,0
32.511,0.8912,0,0,0,0
32.545,0.8912,0,0,0,0
32.579,0.8912,0,0,0,0
32.612,0.8911,0,0,0,0
32.643,0.8911,0,0,0,0
32.679,0.8911,0,0,0,0
32.709,0.8911,0,0,0,0
32.745,0.8911,0,0,0,0
32.777,0.8911,0,0,0,0
32.811,0.8911,0,0,0,0
32.843,0.8911,0,0,0,0
32.876,0.8911,0,0,0,0
32.909,0.8911,0,0,0,0
32.943,0.8910,0,0,0,0
32.975,0.8910,0,0,0,0
33.009,0.8910,0,0,0,0
33.044,0.8910,0,0,0,0
33.076,0.8910,0,0,0,0
33.109,0.8910,0,0,0,0
33.145,0.8910,0,0,0,0
33.176,0.8910,0,0,0,0
33.209,0.8910,0,0,0,0
33.245,0.8909,0,0,0,0
33.280,0.8909,0,0,0,0
33.309,0.8909,0,0,0,0
33.344,0.8909,0,0,0,0
33.376,0.8909,0,0,0,0
33.428,0.8909,0,0,0,0
33.440,0.8909,0,0,0,0
33.475,0.8909,0,0,0,0
33.511,0.8909,0,0,0,0
33.542,0.8909,0,0,0,0
33.576,0.8909,0,0,0,0
33.609,0.8908,0,0,0,0
33.648,0.8908,0,0,0,0
33.682,0.8908,0,0,0,0
33.721,0.8908,0,0,0,0
33.744,0.8908,0,0,0,0
33.786,0.8908,0,0,0,0
33.812,0.8908,0,0,0,0
33.845,0.8908,0,0,0,0
33.874,0.8908,0,0,0,0
33.910,0.8908,0,0,0,0
33.944,0.8907,0,0,0,0
33.979,0.8907,0,0,0,0
34.012,0.8907,0,0,0,0
34.042,0.8907,0,0,0,0
34.078,0.8907,0,0,0,0
34.111,0.8907,0,0,0,0
34.143,0.8907,0,0,0,0
34.182,0.8907,0,0,0,0
34.210,0.8907,0,0,0,0
34.243,0.8907,0,0,0,0
34.276,0.8907,0,0,0,0
34.310,0.8906,0,0,0,0
34.342,0.8906,0,0,0,0
34.377,0.8906,0,0,0,0
34.409,0.8906,0,0,0,0
34.443,0.8906,0,0,0,0
34.479,0.8906,0,0,0,0
34.513,0.8906,0,0,0,0
34.548,0.8906,0,0,0,0
34.579,0.8906,0,0,0,0
34.608,0.8906,0,0,0,0
34.645,0.8906,0,0,0,0
34.677,0.8906,0,0,0,0
34.708,0.8905,0,0,0,0
34.746,0.8905,0,0,0,0
34.777,0.8905,0,0,0,0
34.810,0.8905,0,0,0,0
34.842,0.8905,0,0,0,0
34.875,0.8905,0,0,0,0
34.908,0.8905,0,0,0,0
34.949,0.8905,0,0,0,0
34.976,0.8905,0,0,0,0
35.008,0.8905,0,0,0,0
35.043,0.8905,0,0,0,0
35.078,0.8904,0,0,0,0
35.109,0.8904,0,0,0,0
35.142,0.8904,0,0,0,0
35.175,0.8904,0,0,0,0
35.211,0.8904,0,0,0,0
35.242,0.8904,0,0,0,0
35.276,0.8904,0,0,0,0
35.309,0.8904,0,0,0,0
35.346,0.8904,0,0,0,0
35.367,0.8904,0,0,0,0
35.409,0.8904,0,0,0,0
35.444,0.8903,0,0,0,0
35.475,0.8903,0,0,0,0
35.509,0.8903,0,0,0,0
35.544,0.8903,0,0,0,0
35.575,0.8903,0,0,0,0
35.611,0.8903,0,0,0,0
35.645,0.8903,0,0,0,0
35.676,0.8903,0,0,0,0
35.709,0.8903,0,0,0,0
35.745,0.8903,0,0,0,0
35.774,0.8903,0,0,0,0
35.810,0.8903,0,0,0,0
35.842,0.8902,0,0,0,0
35.878,0.8902,0,0,0,0
35.909,0.8902,0,0,0,0
35.943,0.8902,0,0,0,0
35.975,0.8902,0,0,0,0
36.010,0.8902,0,0,0,0
36.042,0.8902,0,0,0,0
36.075,0.8902,0,0,0,0
36.108,0.8902,0,0,0,0
36.145,0.8902,0,0,0,0
36.176,0.8902,0,0,0,0
36.210,0.8902,0,0,0,0
36.242,0.8901,0,0,0,0
36.275,0.8901,0,0,0,0
36.312,0.8901,0,0,0,0
36.343,0.8901,0,0,0,0
36.380,0.8901,0,0,0,0
36.410,0.8901,0,0,0,0
36.443,0.8901,0,0,0,0
36.478,0.8901,0,0,0,0
36.508,0.8901,0,0,0,0
36.543,0.9005,2,5,5,2
36.575,0.9144,2,5,5,2
36.610,0.9283,2,5,5,2
36.641,0.9407,2,5,5,2
36.679,0.9569,2,5,5,2
36.711,0.9690,2,5,5,2
36.744,0.9690,2,5,5,2
36.772,0.9690,2,5,5,2
36.811,0.9690,2,5,5,2
36.845,0.9690,2,5,5,2
36.879,0.9690,2,5,5,2
36.907,0.9690,2,5,5,2
36.942,0.9705,2,5,5,2
36.979,0.9794,2,5,5,2
37.009,0.9866,2,5,5,2
37.042,0.9936,2,5,5,2
37.074,0.9993,2,5,5,2
37.109,0.9993,2,5,5,2
37.145,0.9993,2,5,5,2
37.176,0.9993,2,5,5,2
37.210,0.9993,2,5,5,2
37.242,0.9993,2,5,5,2
37.275,0.9993,2,5,5,2
37.309,0.9989,2,5,5,2
37.343,0.9951,2,5,5,2
37.377,0.9898,2,5,5,2
37.409,0.9839,2,5,5,2
37.443,0.9761,2,5,5,2
37.475,0.9676,2,5,5,2
37.512,0.9566,2,5,5,2
37.546,0.9466,2,5,5,2
37.577,0.9466,2,5,5,2
37.609,0.9466,2,5,5,2
37.642,0.9466,2,5,5,2
37.676,0.9466,2,5,5,2
37.710,0.9466,2,5,5,2
37.745,0.9466,2,5,5,2
37.777,0.9466,2,5,5,2
37.809,0.9442,2,5,5,2
37.843,0.9405,2,5,5,2
37.877,0.9361,2,5,5,2
37.912,0.9299,2,5,5,2
37.941,0.9238,2,5,5,2
37.975,0.9223,2,5,5,2
38.014,0.9222,2,5,5,2
38.046,0.9222,2,5,5,2
38.079,0.9222,2,5,5,2
38.111,0.9302,2,5,5,2
38.145,0.9461,2,5,5,2
38.178,0.9612,2,5,5,2
38.216,0.9761,2,5,5,2
38.246,0.9858,2,5,5,2
38.277,0.9942,2,5,5,2
38.311,0.9976,2,5,5,2
38.346,0.9976,2,5,5,2
38.375,0.9976,2,5,5,2
38.414,0.9976,2,5,5,2
38.442,0.9976,2,5,5,2
38.476,0.9976,2,5,5,2
38.510,0.9976,2,5,5,2
38.544,0.9976,2,5,5,2
38.576,0.9976,2,5,5,2
38.616,0.9976,2,5,5,2
38.645,0.9976,2,5,5,2
38.679,0.9976,2,5,5,2
38.709,0.9962,2,5,5,2
38.744,0.9919,2,5,5,2
38.776,0.9871,2,5,5,2
38.811,0.9871,2,5,5,2
38.843,0.9871,2,5,5,2
38.875,0.9871,2,5,5,2
38.911,0.9871,2,5,5,2
38.945,0.9871,2,5,5,2
38.979,0.9871,2,5,5,2
39.008,0.9871,2,5,5,2
39.042,0.9871,2,5,5,2
39.075,0.9871,2,5,5,2
39.107,0.9871,2,5,5,2
39.146,0.9871,2,5,5,2
39.176,0.9871,2,5,5,2
39.208,0.9871,2,5,5,2
39.241,0.9871,2,5,5,2
39.280,0.9871,2,5,5,2
39.313,0.9871,2,5,5,2
39.341,0.9871,2,5,5,2
39.379,0.9871,2,5,5,2
39.412,0.9871,2,5,5,2
39.444,0.9893,2,5,5,2
39.477,0.9941,2,5,5,2
39.508,0.9982,2,5,5,2
39.541,1.0000,2,5,5,2
39.576,1.0000,2,5,5,2
39.609,1.0000,2,5,5,2
39.642,1.0000,2,5,5,2
39.675,1.0000,2,5,5,2
39.708,1.0000,2,5,5,2
39.748,1.0000,2,5,5,2
39.775,1.0000,2,5,5,2
39.809,1.0000,2,5,5,2
39.845,1.0000,2,5,5,2
39.877,1.0000,2,5,5,2
39.911,1.0000,2,5,5,2
39.943,0.9990,2,5,5,2
39.978,0.9907,2,5,5,2
40.009,0.9814,2,5,5,2
40.043,0.9693,2,5,5,2
40.075,0.9558,2,5,5,2
40.110,0.9558,2,5,5,2
40.143,0.9558,2,5,5,2
40.176,0.9558,2,5,5,2
40.211,0.9558,2,5,5,2
40.245,0.9558,2,5,5,2
40.278,0.9558,2,5,5,2
40.310,0.9558,2,5,5,2
40.344,0.9558,2,5,5,2
40.376,0.9558,2,5,5,2
40.408,0.9558,2,5,5,2
40.442,0.9558,2,5,5,2
40.476,0.9558,2,5,5,2
40.508,0.9558,2,5,5,2
40.542,0.9558,2,5,5,2
40.579,0.9558,2,5,5,2
40.609,0.9558,2,5,5,2
40.642,0.9558,2,5,5,2
40.675,0.9558,2,5,5,2
40.709,0.9585,2,5,5,2
40.744,0.9702,2,5,5,2
40.775,0.9813,2,5,5,2
40.809,0.9914,2,5,5,2
40.843,0.9914,2,5,5,2
40.879,0.9914,2,5,5,2
40.910,0.9914,2,5,5,2
40.948,0.9914,2,5,5,2
40.978,0.9914,2,5,5,2
41.008,0.9914,2,5,5,2
41.042,0.9914,2,5,5,2
41.078,0.9914,2,5,5,2
41.110,0.9914,2,5,5,2
41.143,0.9914,2,5,5,2
41.175,0.9914,2,5,5,2
41.213,0.9914,2,5,5,2
41.246,0.9914,2,5,5,2
41.279,0.9914,2,5,5,2
41.315,0.9914,2,5,5,2
41.342,0.9914,2,5,5,2
41.379,0.9914,2,5,5,2
41.414,0.9914,2,5,5,2
41.448,0.9914,2,5,5,2
41.475,0.9914,2,5,5,2
41.513,0.9914,2,5,5,2
41.546,0.9914,2,5,5,2
41.577,0.9914,2,5,5,2
41.613,0.9914,2,5,5,2
41.651,0.9914,2,5,5,2
41.679,0.9914,2,5,5,2
41.712,0.9914,2,5,5,2
41.745,0.9914,2,5,5,2
41.778,0.9914,2,5,5,2
41.808,0.9914,2,5,5,2
41.845,0.9914,0,0,0,0
41.877,0.9914,0,0,0,0
41.912,0.9914,0,0,0,0
41.945,0.9914,0,0,0,0
41.976,0.9914,0,0,0,0
42.009,0.9914,0,0,0,0
42.044,0.9914,0,0,0,0
42.075,0.9914,0,0,0,0
42.113,0.9914,0,0,0,0
42.143,0.9914,0,0,0,0
42.176,0.9914,0,0,0,0
42.212,0.9914,0,0,0,0
42.245,0.9914,0,0,0,0
42.279,0.9914,0,0,0,0
42.311,0.9914,0,0,0,0
42.348,0.9914,0,0,0,0
42.377,0.9914,0,0,0,0
42.411,0.9914,0,0,0,0
42.440,0.9914,0,0,0,0
42.477,0.9914,0,0,0,0
42.508,0.9914,0,0,0,0
42.547,0.9914,0,0,0,0
42.577,0.9914,0,0,0,0
42.610,0.9914,0,0,0,0
42.642,0.9914,0,0,0,0
42.680,0.9914,0,0,0,0
42.711,0.9914,0,0,0,0
42.746,0.9914,0,0,0,0
42.778,0.9914,0,0,0,0
42.808,0.9914,0,0,0,0
42.844,0.9914,0,0,0,0
42.877,0.9914,0,0,0,0
42.908,0.9914,0,0,0,0
42.945,0.9914,0,0,0,0
42.980,0.9914,0,0,0,0
43.013,0.9914,0,0,0,0
43.053,0.9914,0,0,0,0
43.080,0.9914,0,0,0,0
43.111,0.9914,0,0,0,0
43.150,0.9914,0,0,0,0
43.179,0.9914,0,0,0,0
43.209,0.9914,0,0,0,0
43.248,0.9914,0,0,0,0
43.275,0.9914,0,0,0,0
43.312,0.9914,0,0,0,0
43.348,0.9914,0,0,0,0
43.375,0.9914,0,0,0,0
43.411,0.9914,0,0,0,0
43.450,0.9914,0,0,0,0
43.477,0.9914,0,0,0,0
43.512,0.9914,0,0,0,0
43.544,0.9914,0,0,0,0
43.577,0.9914,0,0,0,0
43.610,0.9914,0,0,0,0
43.645,0.9914,0,0,0,0
43.679,0.9914,0,0,0,0
43.712,0.9914,0,0,0,0
43.741,0.9914,0,0,0,0
43.774,0.9914,0,0,0,0
43.813,0.9914,0,0,0,0
43.843,0.9914,0,0,0,0
43.882,0.9914,0,0,0,0
43.908,0.9914,0,0,0,0
43.941,0.9914,0,0,0,0
43.975,0.9914,0,0,0,0
44.009,0.9914,0,0,0,0
44.045,0.9914,0,0,0,0
44.075,0.9914,0,0,0,0
44.110,0.9914,0,0,0,0
44.141,0.9914,0,0,0,0
44.175,0.9914,0,0,0,0
44.209,0.9914,0,0,0,0
44.244,0.9914,0,0,0,0
44.278,0.9914,0,0,0,0
44.308,0.9914,0,0,0,0
44.342,0.9914,0,0,0,0
44.377,0.9914,0,0,0,0
44.411,0.9914,0,0,0,0
44.445,0.9914,0,0,0,0
44.480,0.9914,0,0,0,0
44.508,0.9914,0,0,0,0
44.544,0.9914,0,0,0,0
44.580,0.9914,0,0,0,0
44.610,0.9914,0,0,0,0
44.642,0.9915,0,0,0,0
44.674,0.9915,0,0,0,0
44.712,0.9915,0,0,0,0
44.745,0.9915,0,0,0,0
44.774,0.9915,0,0,0,0
44.809,0.9915,0,0,0,0
44.842,0.9915,0,0,0,0
44.875,0.9915,0,0,0,0
44.908,0.9915,0,0,0,0
44.941,0.9915,0,0,0,0
44.978,0.9915,0,0,0,0
45.010,0.9915,0,0,0,0
45.045,0.9915,0,0,0,0
45.079,0.9915,0,0,0,0
45.108,0.9915,0,0,0,0
45.142,0.9915,0,0,0,0
45.176,0.9915,0,0,0,0
45.212,0.9915,0,0,0,0
45.244,0.9915,0,0,0,0
45.277,0.9915,0,0,0,0
45.308,0.9915,0,0,0,0
45.346,0.9915,0,0,0,0
45.376,0.9915,0,0,0,0
45.411,0.9915,0,0,0,0
45.441,0.9915,0,0,0,0
45.476,0.9915,0,0,0,0
45.510,0.9915,0,0,0,0
45.545,0.9915,0,0,0,0
45.576,0.9915,0,0,0,0
45.608,0.9915,0,0,0,0
45.641,0.9915,0,0,0,0
45.676,0.9915,0,0,0,0
45.710,0.9915,0,0,0,0
45.743,0.9915,0,0,0,0
45.775,0.9915,0,0,0,0
45.809,0.9915,0,0,0,0
45.846,0.9915,0,0,0,0
45.874,0.9915,0,0,0,0
45.907,0.9915,0,0,0,0
45.944,0.9915,0,0,0,0
45.979,0.9915,0,0,0,0
46.010,0.9915,0,0,0,0
46.043,0.9915,0,0,0,0
46.078,0.9915,0,0,0,0
46.111,0.9915,0,0,0,0
46.141,0.9915,0,0,0,0
46.176,0.9915,0,0,0,0
46.209,0.9915,0,0,0,0
46.243,0.9915,0,0,0,0
46.277,0.9915,0,0,0,0
46.312,0.9915,0,0,0,0
46.343,0.9915,0,0,0,0
46.379,0.9915,0,0,0,0
46.413,0.9915,0,0,0,0
46.441,0.9915,0,0,0,0
46.476,0.9915,0,0,0,0
46.508,0.9915,0,0,0,0
46.543,0.9915,0,0,0,0
46.578,0.9915,0,0,0,0
46.611,0.9915,0,0,0,0
46.646,0.9915,0,0,0,0
46.677,0.9915,0,0,0,0
46.709,0.9915,0,0,0,0
46.741,0.9915,0,0,0,0
46.775,0.9915,0,0,0,0
46.810,0.9915,0,0,0,0
46.845,0.9915,0,0,0,0
46.874,0.9915,0,0,0,0
46.908,0.9915,0,0,0,0
46.945,0.9915,0,0,0,0
46.977,0.9915,0,0,0,0
47.010,0.9915,0,0,0,0
47.046,0.9915,0,0,0,0
47.079,0.9915,0,0,0,0
47.108,0.9915,0,0,0,0
47.146,0.9915,0,0,0,0
47.176,0.9915,0,0,0,0
47.211,0.9915,0,0,0,0
47.241,0.9915,0,0,0,0
47.278,0.9915,0,0,0,0
47.312,0.9915,0,0,0,0
47.341,0.9915,0,0,0,0
47.376,0.9915,0,0,0,0
47.409,0.9915,0,0,0,0
47.443,0.9915,0,0,0,0
47.476,0.9915,0,0,0,0
47.511,0.9915,0,0,0,0
47.547,0.9915,0,0,0,0
47.577,0.9915,0,0,0,0
47.611,0.9915,0,0,0,0
47.646,0.9915,0,0,0,0
47.677,0.9915,0,0,0,0
47.709,0.9915,0,0,0,0
47.745,0.9915,0,0,0,0
47.775,0.9915,0,0,0,0
47.808,0.9915,0,0,0,0
47.842,0.9915,0,0,0,0
47.877,0.9915,0,0,0,0
47.909,0.9915,0,0,0,0
47.942,0.9915,0,0,0,0
47.982,0.9915,0,0,0,0
48.009,0.9915,0,0,0,0
48.045,0.9915,0,0,0,0
48.079,0.9915,0,0,0,0
48.108,0.9915,0,0,0,0
48.147,0.9915,0,0,0,0
48.179,0.9915,0,0,0,0
48.213,0.9915,0,0,0,0
48.242,0.9915,0,0,0,0
48.277,0.9915,0,0,0,0
48.310,0.9915,0,0,0,0
48.350,0.9915,0,0,0,0
48.374,0.9915,0,0,0,0
48.413,0.9915,0,0,0,0
48.442,0.9915,0,0,0,0
48.476,0.9915,0,0,0,0
48.510,0.9915,0,0,0,0
48.545,0.9915,0,0,0,0
48.578,0.9915,0,0,0,0
48.613,0.9915,0,0,0,0
48.643,0.9915,0,0,0,0
48.678,0.9915,0,0,0,0
48.713,0.9915,0,0,0,0
48.743,0.9915,0,0,0,0
48.774,0.9915,0,0,0,0
48.809,0.9915,0,0,0,0
48.844,0.9915,0,0,0,0
48.874,0.9915,0,0,0,0
48.908,0.9915,0,0,0,0
48.943,0.9915,0,0,0,0
48.978,0.9915,0,0,0,0
49.007,0.9915,0,0,0,0
49.042,0.9915,0,0,0,0
49.077,0.9915,0,0,0,0
49.112,0.9915,0,0,0,0
49.145,0.9915,0,0,0,0
49.177,0.9915,0,0,0,0
49.210,0.9915,0,0,0,0
49.245,0.9915,0,0,0,0
49.274,0.9915,0,0,0,0
49.309,0.9915,0,0,0,0
49.343,0.9915,0,0,0,0
49.374,0.9915,0,0,0,0
49.410,0.9915,0,0,0,0
49.445,0.9915,0,0,0,0
49.475,0.9915,0,0,0,0
49.508,0.9915,0,0,0,0
49.544,0.9915,0,0,0,0
49.578,0.9915,0,0,0,0
49.610,0.9915,0,0,0,0
49.644,0.9915,0,0,0,0
49.678,0.9915,0,0,0,0
49.708,0.9915,0,0,0,0
49.743,0.9915,0,0,0,0
49.775,0.9915,0,0,0,0
49.812,0.9915,0,0,0,0
49.844,0.9915,0,0,0,0
49.877,0.9915,0,0,0,0
49.910,0.9915,0,0,0,0
49.942,0.9915,0,0,0,0
49.975,0.9915,0,0,0,0
50.010,0.9915,0,0,0,0
50.043,0.9915,0,0,0,0
50.075,0.9914,0,0,0,0
50.108,0.9914,0,0,0,0
50.143,0.9914,0,0,0,0
50.177,0.9914,0,0,0,0
50.208,0.9914,0,0,0,0
50.243,0.9915,0,0,0,0
50.276,0.9915,0,0,0,0
50.309,0.9915,0,0,0,0
50.341,0.9915,0,0,0,0
50.374,0.9915,0,0,0,0
50.410,0.9915,0,0,0,0
50.442,0.9915,0,0,0,0
50.477,0.9915,0,0,0,0
50.510,0.9915,0,0,0,0
50.541,0.9915,0,0,0,0
50.576,0.9915,0,0,0,0
50.610,0.9915,0,0,0,0
50.642,0.9915,0,0,0,0
50.676,0.9915,0,0,0,0
50.710,0.9915,0,0,0,0
50.745,0.9915,0,0,0,0
50.775,0.9915,0,0,0,0
50.808,0.9915,0,0,0,0
50.841,0.9915,0,0,0,0
50.879,0.9915,0,0,0,0
50.910,0.9915,0,0,0,0
50.941,0.9915,0,0,0,0
50.975,0.9915,0,0,0,0
51.009,0.9915,0,0,0,0
51.045,0.9915,0,0,0,0
51.083,0.9915,0,0,0,0
51.109,0.9915,0,0,0,0
51.144,0.9915,0,0,0,0
51.179,0.9915,0,0,0,0
51.209,0.9915,0,0,0,0
51.242,0.9915,0,0,0,0
51.278,0.9915,0,0,0,0
51.311,0.9915,0,0,0,0
51.342,0.9915,0,0,0,0
51.378,0.9915,0,0,0,0
51.410,0.9915,0,0,0,0
51.445,0.9915,0,0,0,0
51.477,0.9915,0,0,0,0
51.511,0.9915,0,0,0,0
51.541,0.9915,0,0,0,0
51.576,0.9915,0,0,0,0
51.610,0.9915,0,0,0,0
51.644,0.9915,0,0,0,0
51.678,0.9915,0,0,0,0
51.711,0.9915,0,0,0,0
51.742,0.9915,0,0,0,0
51.775,0.9915,0,0,0,0
51.809,0.9915,0,0,0,0
51.843,0.9915,0,0,0,0
51.874,0.9915,0,0,0,0
51.911,0.9915,0,0,0,0
51.942,0.9915,0,0,0,0
51.977,0.9915,0,0,0,0
52.011,0.9915,0,0,0,0
52.044,0.9915,0,0,0,0
52.076,0.9915,0,0,0,0
52.107,0.9915,0,0,0,0
52.141,0.9915,0,0,0,0
52.175,0.9915,0,0,0,0
52.208,0.9915,0,0,0,0
52.242,0.9915,0,0,0,0
52.277,0.9915,0,0,0,0
52.310,0.9915,0,0,0,0
52.342,0.9915,0,0,0,0
52.377,0.9915,0,0,0,0
52.414,0.9915,0,0,0,0
52.445,0.9915,0,0,0,0
52.478,0.9915,0,0,0,0
52.511,0.9915,0,0,0,0
52.542,0.9915,0,0,0,0
52.575,0.9915,0,0,0,0
52.609,0.9915,0,0,0,0
52.642,0.9915,0,0,0,0
52.674,0.9915,0,0,0,0
52.712,0.9915,0,0,0,0
52.745,0.9915,0,0,0,0
52.776,0.9915,0,0,0,0
52.811,0.9915,0,0,0,0
52.843,0.9915,0,0,0,0
52.877,0.9915,0,0,0,0
52.909,0.9915,0,0,0,0
52.943,0.9915,0,0,0,0
52.974,0.9915,0,0,0,0
53.011,0.9914,0,0,0,0
53.045,0.9914,0,0,0,0
53.076,0.9914,0,0,0,0
53.109,0.9914,0,0,0,0
53.145,0.9914,0,0,0,0
53.175,0.9914,0,0,0,0
53.212,0.9914,0,0,0,0
53.243,0.9914,0,0,0,0
53.276,0.9914,0,0,0,0
53.312,0.9914,0,0,0,0
53.341,0.9914,0,0,0,0
53.376,0.9914,0,0,0,0
53.408,0.9914,0,0,0,0
53.444,0.9914,0,0,0,0
53.478,0.9914,0,0,0,0
53.508,0.9914,0,0,0,0
53.543,0.9914,0,0,0,0
53.574,0.9914,0,0,0,0
53.612,0.9914,0,0,0,0
53.643,0.9914,0,0,0,0
53.676,0.9914,0,0,0,0
53.708,0.9914,0,0,0,0
53.745,0.9914,0,0,0,0
53.777,0.9914,0,0,0,0
53.810,0.9914,0,0,0,0
53.845,0.9914,0,0,0,0
53.879,0.9914,0,0,0,0
53.910,0.9914,0,0,0,0
53.942,0.9914,0,0,0,0
53.975,0.9914,0,0,0,0
54.009,0.9914,0,0,0,0
54.043,0.9914,0,0,0,0
54.077,0.9914,0,0,0,0
54.109,0.9914,0,0,0,0
54.144,0.9914,0,0,0,0
54.174,0.9914,0,0,0,0
54.215,0.9914,0,0,0,0
54.240,0.9914,0,0,0,0
54.279,0.9914,0,0,0,0
54.311,0.9914,0,0,0,0
54.341,0.9914,0,0,0,0
54.376,0.9914,0,0,0,0
54.408,0.9914,0,0,0,0
54.442,0.9914,0,0,0,0
54.475,0.9914,0,0,0,0
54.508,0.9914,0,0,0,0
54.542,0.9914,0,0,0,0
54.575,0.9914,0,0,0,0
54.608,0.9914,0,0,0,0
54.646,0.9914,0,0,0,0
54.677,0.9914,0,0,0,0
54.709,0.9914,0,0,0,0
54.745,0.9914,0,0,0,0
54.776,0.9914,0,0,0,0
54.811,0.9914,0,0,0,0
54.851,0.9914,0,0,0,0
54.876,0.9914,0,0,0,0
54.912,0.9914,0,0,0,0
54.941,0.9914,0,0,0,0
54.975,0.9914,0,0,0,0
55.009,0.9914,0,0,0,0
55.046,0.9914,0,0,0,0
55.069,0.9914,0,0,0,0
55.110,0.9914,0,0,0,0
55.141,0.9914,0,0,0,0
55.175,0.9914,0,0,0,0
55.209,0.9914,0,0,0,0
55.245,0.9914,0,0,0,0
55.278,0.9914,0,0,0,0
55.310,0.9914,0,0,0,0
55.343,0.9914,0,0,0,0
55.378,0.9914,0,0,0,0
55.411,0.9914,0,0,0,0
55.445,0.9914,0,0,0,0
55.478,0.9914,0,0,0,0
55.508,0.9914,0,0,0,0
55.543,0.9914,0,0,0,0
55.575,0.9914,0,0,0,0
55.612,0.9914,0,0,0,0
55.643,0.9914,0,0,0,0
55.680,0.9914,0,0,0,0
55.710,0.9914,0,0,0,0
55.745,0.9914,0,0,0,0
55.777,0.9914,0,0,0,0
55.811,0.9914,0,0,0,0
55.842,0.9914,0,0,0,0
55.882,0.9914,0,0,0,0
55.910,0.9914,0,0,0,0
55.944,0.9914,0,0,0,0
55.979,0.9914,0,0,0,0
56.010,0.9914,0,0,0,0
56.044,0.9914,0,0,0,0
56.082,0.9914,0,0,0,0
56.108,0.9914,0,0,0,0
56.142,0.9914,0,0,0,0
56.175,0.9914,0,0,0,0
56.208,0.9914,0,0,0,0
56.242,0.9914,0,0,0,0
56.276,0.9914,0,0,0,0
56.312,0.9914,0,0,0,0
56.343,0.9914,0,0,0,0
56.374,0.9914,0,0,0,0
56.408,0.9914,0,0,0,0
56.443,0.9914,0,0,0,0
56.477,0.9914,0,0,0,0
56.510,0.9914,0,0,0,0
56.541,0.9914,0,0,0,0
56.576,0.9914,0,0,0,0
56.608,0.9914,0,0,0,0
56.642,0.9914,0,0,0,0
56.674,0.9914,0,0,0,0
56.709,0.9914,0,0,0,0
56.741,0.9914,0,0,0,0
56.775,0.9914,0,0,0,0
56.808,0.9914,0,0,0,0
56.843,0.9914,0,0,0,0
56.875,0.9914,0,0,0,0
56.911,0.9914,0,0,0,0
56.947,0.9914,0,0,0,0
56.977,0.9914,0,0,0,0
57.010,0.9914,0,0,0,0
57.045,0.9914,0,0,0,0
57.076,0.9914,0,0,0,0
57.111,0.9914,0,0,0,0
57.144,0.9914,0,0,0,0
57.175,0.9914,0,0,0,0
57.207,0.9914,0,0,0,0
57.246,0.9914,0,0,0,0
57.278,0.9914,0,0,0,0
57.310,0.9914,0,0,0,0
57.343,0.9914,0,0,0,0
57.375,0.9914,0,0,0,0
57.408,0.9914,0,0,0,0
57.442,0.9914,0,0,0,0
57.478,0.9914,0,0,0,0
57.511,0.9914,0,0,0,0
57.543,0.9914,0,0,0,0
57.574,0.9914,0,0,0,0
57.611,0.9914,0,0,0,0
57.643,0.9914,0,0,0,0
57.675,0.9914,0,0,0,0
57.711,0.9914,0,0,0,0
57.741,0.9914,0,0,0,0
57.774,0.9914,0,0,0,0
57.809,0.9914,0,0,0,0
57.845,0.9914,0,0,0,0
57.878,0.9914,0,0,0,0
57.914,0.9914,0,0,0,0
57.945,0.9914,0,0,0,0
57.976,0.9914,0,0,0,0
58.010,0.9914,0,0,0,0
58.041,0.9914,0,0,0,0
58.076,0.9914,0,0,0,0
58.113,0.9914,0,0,0,0
58.145,0.9914,0,0,0,0
58.174,0.9914,0,0,0,0
58.212,0.9914,0,0,0,0
58.242,0.9914,0,0,0,0
58.275,0.9914,0,0,0,0
58.308,0.9914,0,0,0,0
58.344,0.9914,0,0,0,0
58.375,0.9914,0,0,0,0
58.411,0.9914,0,0,0,0
58.442,0.9914,0,0,0,0
58.477,0.9914,0,0,0,0
58.509,0.9914,0,0,0,0
58.542,0.9914,0,0,0,0
58.578,0.9914,0,0,0,0
58.611,0.9914,0,0,0,0
58.644,0.9914,0,0,0,0
58.679,0.9914,0,0,0,0
58.708,0.9914,0,0,0,0
58.745,0.9914,0,0,0,0
58.776,0.9914,0,0,0,0
58.811,0.9914,0,0,0,0
58.841,0.9914,0,0,0,0
58.875,0.9914,0,0,0,0
58.908,0.9914,0,0,0,0
58.944,0.9914,0,0,0,0
58.975,0.9914,0,0,0,0
59.011,0.9914,0,0,0,0
59.041,0.9914,0,0,0,0
59.076,0.9914,0,0,0,0
59.109,0.9914,0,0,0,0
59.145,0.9914,0,0,0,0
59.176,0.9914,0,0,0,0
59.208,0.9914,0,0,0,0
59.241,0.9913,0,0,0,0
59.276,0.9913,0,0,0,0
59.312,0.9913,0,0,0,0
59.345,0.9913,0,0,0,0
59.376,0.9913,0,0,0,0
59.409,0.9913,0,0,0,0
59.442,0.9913,0,0,0,0
59.477,0.9913,0,0,0,0
59.509,0.9913,0,0,0,0
59.546,0.9913,0,0,0,0
59.577,0.9913,0,0,0,0
59.607,0.9913,0,0,0,0
59.643,0.9913,0,0,0,0
59.678,0.9913,0,0,0,0
59.711,0.9913,0,0,0,0
59.748,0.9913,0,0,0,0
59.779,0.9913,0,0,0,0
59.808,0.9913,0,0,0,0
59.842,0.9913,0,0,0,0
59.877,0.9913,0,0,0,0
59.907,0.9913,0,0,0,0
59.943,0.9913,0,0,0,0
59.977,0.9913,0,0,0,0
60.009,0.9913,0,0,0,0
60.044,0.9913,0,0,0,0
60.074,0.9913,0,0,0,0
60.109,0.9913,0,0,0,0
60.144,0.9913,0,0,0,0
60.177,0.9913,0,0,0,0
60.210,0.9913,0,0,0,0
60.241,0.9913,0,0,0,0
60.279,0.9913,0,0,0,0
60.312,0.9913,0,0,0,0
60.341,0.9913,0,0,0,0
60.376,0.9913,0,0,0,0
60.411,0.9913,0,0,0,0
60.440,0.9913,0,0,0,0
60.475,0.9913,0,0,0,0
60.508,0.9913,0,0,0,0
60.541,0.9913,0,0,0,0
60.577,0.9913,0,0,0,0
60.611,0.9913,0,0,0,0
60.643,0.9913,0,0,0,0
60.674,0.9913,0,0,0,0
60.710,0.9913,0,0,0,0
60.743,0.9913,0,0,0,0
60.777,0.9913,0,0,0,0
60.811,0.9913,0,0,0,0
60.843,0.9913,0,0,0,0
60.877,0.9913,0,0,0,0
60.909,0.9913,0,0,0,0
60.942,0.9913,0,0,0,0
60.976,0.9913,0,0,0,0
61.011,0.9913,0,0,0,0
61.043,0.9913,0,0,0,0
61.076,0.9913,0,0,0,0
61.108,0.9913,0,0,0,0
61.144,0.9913,0,0,0,0
61.177,0.9913,0,0,0,0
61.210,0.9913,0,0,0,0
61.243,0.9886,2,5,5,2
61.276,0.9820,2,5,5,2
61.309,0.9702,2,5,5,2
61.341,0.9568,2,5,5,2
61.379,0.9384,2,5,5,2
61.408,0.9224,2,5,5,2
61.443,0.9048,2,5,5,2
61.475,0.8870,2,5,5,2
61.508,0.8961,2,5,5,2
61.542,0.9148,2,5,5,2
61.575,0.9239,2,5,5,2
61.609,0.9239,2,5,5,2
61.641,0.9239,2,5,5,2
61.675,0.9239,2,5,5,2
61.708,0.9239,2,5,5,2
61.744,0.9239,2,5,5,2
61.779,0.9240,2,5,5,2
61.810,0.9240,2,5,5,2
61.843,0.9270,2,5,5,2
61.874,0.9306,2,5,5,2
61.911,0.9361,2,5,5,2
61.944,0.9417,2,5,5,2
61.974,0.9468,2,5,5,2
62.010,0.9519,2,5,5,2
62.042,0.9519,2,5,5,2
62.076,0.9519,2,5,5,2
62.113,0.9519,2,5,5,2
62.143,0.9519,2,5,5,2
62.177,0.9520,2,5,5,2
62.208,0.9520,2,5,5,2
62.242,0.9520,2,5,5,2
62.278,0.9520,2,5,5,2
62.311,0.9520,2,5,5,2
62.345,0.9520,2,5,5,2
62.375,0.9520,2,5,5,2
62.410,0.9520,2,5,5,2
62.445,0.9527,2,5,5,2
62.475,0.9537,2,5,5,2
62.512,0.9538,2,5,5,2
62.543,0.9538,2,5,5,2
62.578,0.9506,2,5,5,2
62.609,0.9417,2,5,5,2
62.645,0.9262,2,5,5,2
62.675,0.9111,2,5,5,2
62.711,0.8910,2,5,5,2
62.743,0.8913,2,5,5,2
62.776,0.9095,2,5,5,2
62.812,0.9278,2,5,5,2
62.842,0.9441,2,5,5,2
62.878,0.9607,2,5,5,2
62.912,0.9743,2,5,5,2
62.944,0.9852,2,5,5,2
62.978,0.9945,2,5,5,2
63.009,1.0000,2,5,5,2
63.045,1.0000,2,5,5,2
63.076,1.0000,2,5,5,2
63.108,1.0000,2,5,5,2
63.145,1.0000,2,5,5,2
63.176,1.0000,2,5,5,2
63.212,1.0000,2,5,5,2
63.242,1.0000,2,5,5,2
63.275,1.0000,2,5,5,2
63.312,1.0000,2,5,5,2
63.342,1.0000,2,5,5,2
63.374,1.0000,2,5,5,2
63.409,1.0000,2,5,5,2
63.442,1.0000,2,5,5,2
63.476,1.0000,2,5,5,2
63.509,1.0000,2,5,5,2
63.541,0.9988,2,5,5,2
63.579,0.9900,2,5,5,2
63.610,0.9806,2,5,5,2
63.641,0.9692,2,5,5,2
63.676,0.9543,2,5,5,2
63.708,0.9388,2,5,5,2
63.744,0.9191,2,5,5,2
63.778,0.9018,2,5,5,2
63.811,0.8832,2,5,5,2
63.842,0.8963,2,5,5,2
63.878,0.9155,2,5,5,2
63.912,0.9313,2,5,5,2
63.944,0.9445,2,5,5,2
63.975,0.9555,2,5,5,2
64.008,0.9652,2,5,5,2
64.042,0.9731,2,5,5,2
64.074,0.9833,2,5,5,2
64.108,0.9931,2,5,5,2
64.144,1.0000,2,5,5,2
64.175,1.0000,2,5,5,2
64.211,1.0000,2,5,5,2
64.243,1.0000,2,5,5,2
64.278,1.0000,2,5,5,2
64.312,1.0000,2,5,5,2
64.342,0.9989,2,5,5,2
64.375,0.9910,2,5,5,2
64.409,0.9811,2,5,5,2
64.445,0.9677,2,5,5,2
64.476,0.9545,2,5,5,2
64.512,0.9367,2,5,5,2
64.543,0.9196,2,5,5,2
64.576,0.9087,2,5,5,2
64.609,0.9225,2,5,5,2
64.641,0.9304,2,5,5,2
64.675,0.9343,2,5,5,2
64.711,0.9343,2,5,5,2
64.745,0.9343,2,5,5,2
64.776,0.9343,2,5,5,2
64.808,0.9343,2,5,5,2
64.844,0.9377,2,5,5,2
64.879,0.9501,2,5,5,2
64.911,0.9664,2,5,5,2
64.945,0.9826,2,5,5,2
64.975,0.9954,2,5,5,2
65.010,1.0000,2,5,5,2
65.046,1.0000,2,5,5,2
65.076,1.0000,2,5,5,2
65.110,1.0000,2,5,5,2
65.144,0.9443,2,5,5,2
65.174,0.9443,2,5,5,2
65.211,0.9443,2,5,5,2
65.247,0.9443,2,5,5,2
65.274,0.9443,2,5,5,2
65.312,0.9444,2,5,5,2
65.342,0.9444,2,5,5,2
65.375,0.9444,2,5,5,2
65.409,0.9444,2,5,5,2
65.442,0.9408,2,5,5,2
65.475,0.9368,2,5,5,2
65.508,0.9327,2,5,5,2
65.543,0.9275,2,5,5,2
65.578,0.9258,2,5,5,2
65.614,0.9258,2,5,5,2
65.645,0.9258,2,5,5,2
65.676,0.9258,2,5,5,2
65.711,0.9258,2,5,5,2
65.742,0.9258,2,5,5,2
65.775,0.9258,2,5,5,2
65.809,0.9258,2,5,5,2
65.844,0.9258,2,5,5,2
65.878,0.9258,2,5,5,2
65.910,0.9275,2,5,5,2
65.944,0.9299,2,5,5,2
65.975,0.9331,2,5,5,2
66.008,0.9371,2,5,5,2
66.042,0.9430,2,5,5,2
66.078,0.9430,2,5,5,2
66.110,0.9430,2,5,5,2
66.143,0.9430,2,5,5,2
66.176,0.9430,2,5,5,2
66.212,0.9430,2,5,5,2
66.245,0.9430,2,5,5,2
66.278,0.9430,2,5,5,2
66.310,0.9430,2,5,5,2
66.343,0.9430,2,5,5,2
66.377,0.9430,2,5,5,2
66.409,0.9430,2,5,5,2
66.442,0.9430,2,5,5,2
66.479,0.9430,2,5,5,2
66.508,0.9455,2,5,5,2
66.544,0.9505,2,5,5,2
66.578,0.9560,2,5,5,2
66.611,0.9629,2,5,5,2
66.644,0.9704,2,5,5,2
66.677,0.9771,2,5,5,2
66.714,0.9771,2,5,5,2
66.742,0.9771,2,5,5,2
66.779,0.9771,2,5,5,2
66.811,0.9771,2,5,5,2
66.845,0.9771,2,5,5,2
66.879,0.9771,2,5,5,2
66.908,0.9771,2,5,5,2
66.941,0.9771,2,5,5,2
66.977,0.9771,2,5,5,2
67.010,0.9771,2,5,5,2
67.044,0.9771,2,5,5,2
67.076,0.9771,2,5,5,2
67.109,0.9771,2,5,5,2
67.141,0.9771,2,5,5,2
67.175,0.9771,2,5,5,2
67.211,0.9771,2,5,5,2
67.245,0.9771,2,5,5,2
67.277,0.9771,2,5,5,2
67.311,0.9771,2,5,5,2
67.345,0.9772,2,5,5,2
67.379,0.9772,2,5,5,2
67.411,0.9772,2,5,5,2
67.445,0.9772,2,5,5,2
67.474,0.9772,2,5,5,2
67.508,0.9772,2,5,5,2
67.541,0.9772,2,5,5,2
67.574,0.9772,2,5,5,2
67.611,0.9772,2,5,5,2
67.642,0.9772,2,5,5,2
67.675,0.9772,2,5,5,2
67.710,0.9772,0,0,0,0
67.744,0.9772,0,0,0,0
67.777,0.9772,0,0,0,0
67.808,0.9772,0,0,0,0
67.841,0.9772,0,0,0,0
67.875,0.9772,0,0,0,0
67.911,0.9772,0,0,0,0
67.942,0.9772,0,0,0,0
67.976,0.9772,0,0,0,0
68.011,0.9772,0,0,0,0
68.046,0.9772,0,0,0,0
68.076,0.9772,0,0,0,0
68.109,0.9772,0,0,0,0
68.143,0.9772,0,0,0,0
68.177,0.9772,0,0,0,0
68.208,0.9772,0,0,0,0
68.241,0.9772,0,0,0,0
68.274,0.9772,0,0,0,0
68.309,0.9772,0,0,0,0
68.341,0.9772,0,0,0,0
68.376,0.9772,0,0,0,0
68.409,0.9772,0,0,0,0
68.442,0.9772,0,0,0,0
68.476,0.9772,0,0,0,0
68.511,0.9772,0,0,0,0
68.541,0.9772,0,0,0,0
68.574,0.9772,0,0,0,0
68.611,0.9772,0,0,0,0
68.645,0.9772,0,0,0,0
68.676,0.9772,0,0,0,0
68.709,0.9772,0,0,0,0
68.745,0.9772,0,0,0,0
68.779,0.9772,0,0,0,0
68.811,0.9773,0,0,0,0
68.843,0.9773,0,0,0,0
68.878,0.9773,0,0,0,0
68.912,0.9773,0,0,0,0
68.946,0.9773,0,0,0,0
68.978,0.9773,0,0,0,0
69.009,0.9773,0,0,0,0
69.041,0.9773,0,0,0,0
69.076,0.9773,0,0,0,0
69.112,0.9773,0,0,0,0
69.143,0.9773,0,0,0,0
69.184,0.9773,0,0,0,0
69.207,0.9773,0,0,0,0
69.243,0.9773,0,0,0,0
69.275,0.9773,0,0,0,0
69.307,0.9773,0,0,0,0
69.341,0.9773,0,0,0,0
69.378,0.9773,0,0,0,0
69.410,0.9773,0,0,0,0
69.441,0.9773,0,0,0,0
69.475,0.9773,0,0,0,0
69.509,0.9773,0,0,0,0
69.547,0.9773,0,0,0,0
69.577,0.9773,0,0,0,0
69.612,0.9773,0,0,0,0
69.642,0.9773,0,0,0,0
69.675,0.9773,0,0,0,0
69.708,0.9773,0,0,0,0
69.745,0.9773,0,0,0,0
69.775,0.9773,0,0,0,0
69.808,0.9773,0,0,0,0
69.842,0.9773,0,0,0,0
69.879,0.9773,0,0,0,0
69.910,0.9773,0,0,0,0
69.946,0.9773,0,0,0,0
69.976,0.9773,0,0,0,0
70.010,0.9773,0,0,0,0
70.046,0.9773,0,0,0,0
70.076,0.9773,0,0,0,0
70.110,0.9773,0,0,0,0
70.142,0.9773,0,0,0,0
70.178,0.9773,0,0,0,0
70.209,0.9773,0,0,0,0
70.244,0.9773,0,0,0,0
70.279,0.9773,0,0,0,0
70.308,0.9774,0,0,0,0
70.344,0.9774,0,0,0,0
70.376,0.9774,0,0,0,0
70.409,0.9774,0,0,0,0
70.446,0.9774,0,0,0,0
70.476,0.9774,0,0,0,0
70.511,0.9774,0,0,0,0
70.542,0.9774,0,0,0,0
70.576,0.9774,0,0,0,0
70.611,0.9774,0,0,0,0
70.641,0.9774,0,0,0,0
70.675,0.9774,0,0,0,0
70.708,0.9774,0,0,0,0
70.744,0.9774,0,0,0,0
70.780,0.9774,0,0,0,0
70.810,0.9774,0,0,0,0
70.843,0.9774,0,0,0,0
70.881,0.9774,0,0,0,0
70.912,0.9774,0,0,0,0
70.942,0.9774,0,0,0,0
70.978,0.9774,0,0,0,0
71.009,0.9774,0,0,0,0
71.042,0.9774,0,0,0,0
71.074,0.9774,0,0,0,0
71.110,0.9774,0,0,0,0
71.143,0.9774,0,0,0,0
71.177,0.9774,0,0,0,0
71.210,0.9774,0,0,0,0
71.243,0.9774,0,0,0,0
71.279,0.9774,0,0,0,0
71.308,0.9774,0,0,0,0
71.343,0.9774,0,0,0,0
71.377,0.9774,0,0,0,0
71.409,0.9774,0,0,0,0
71.442,0.9774,0,0,0,0
71.477,0.9774,0,0,0,0
71.509,0.9774,0,0,0,0
71.542,0.9774,0,0,0,0
71.575,0.9774,0,0,0,0
71.612,0.9774,0,0,0,0
71.643,0.9774,0,0,0,0
71.676,0.9774,0,0,0,0
71.708,0.9775,0,0,0,0
71.745,0.9775,0,0,0,0
71.775,0.9775,0,0,0,0
71.811,0.9775,0,0,0,0
71.841,0.9775,0,0,0,0
71.874,0.9775,0,0,0,0
71.911,0.9775,0,0,0,0
71.942,0.9775,0,0,0,0
71.977,0.9775,0,0,0,0
72.008,0.9775,0,0,0,0
72.045,0.9775,0,0,0,0
72.074,0.9775,0,0,0,0
72.111,0.9775,0,0,0,0
72.142,0.9775,0,0,0,0
72.177,0.9775,0,0,0,0
72.211,0.9775,0,0,0,0
72.242,0.9775,0,0,0,0
72.274,0.9775,0,0,0,0
72.308,0.9775,0,0,0,0
72.342,0.9775,0,0,0,0
72.375,0.9775,0,0,0,0
72.412,0.9775,0,0,0,0
72.443,0.9775,0,0,0,0
72.476,0.9775,0,0,0,0
72.506,0.9775,0,0,0,0
72.543,0.9775,0,0,0,0
72.571,0.9775,0,0,0,0
72.609,0.9775,0,0,0,0
72.643,0.9775,0,0,0,0
72.674,0.9775,0,0,0,0
72.710,0.9775,0,0,0,0
72.744,0.9775,0,0,0,0
72.775,0.9775,0,0,0,0
72.808,0.9775,0,0,0,0
72.842,0.9775,0,0,0,0
72.880,0.9775,0,0,0,0
72.909,0.9775,0,0,0,0
72.941,0.9775,0,0,0,0
72.974,0.9775,0,0,0,0
73.007,0.9775,0,0,0,0
73.042,0.9775,0,0,0,0
73.077,0.9775,0,0,0,0
73.110,0.9775,0,0,0,0
73.144,0.9775,0,0,0,0
73.176,0.9775,0,0,0,0
73.209,0.9775,0,0,0,0
73.244,0.9775,0,0,0,0
73.266,0.9793,2,5,5,2
73.313,0.9852,2,5,5,2
73.336,0.9886,2,5,5,2
73.374,0.9948,2,5,5,2
73.412,1.0000,2,5,5,2
73.441,1.0000,2,5,5,2
73.479,1.0000,2,5,5,2
73.512,1.0000,2,5,5,2
73.541,1.0000,2,5,5,2
73.576,1.0000,2,5,5,2
73.608,1.0000,2,5,5,2
73.642,1.0000,2,5,5,2
73.677,1.0000,2,5,5,2
73.709,1.0000,2,5,5,2
73.744,1.0000,2,5,5,2
73.774,1.0000,2,5,5,2
73.809,1.0000,2,5,5,2
73.841,1.0000,2,5,5,2
73.878,0.9851,2,5,5,2
73.913,0.9689,2,5,5,2
73.944,0.9520,2,5,5,2
73.975,0.9359,2,5,5,2
74.012,0.9220,2,5,5,2
74.044,0.9075,2,5,5,2
74.076,0.9184,2,5,5,2
74.112,0.9383,2,5,5,2
74.141,0.9524,2,5,5,2
74.177,0.9682,2,5,5,2
74.210,0.9802,2,5,5,2
74.245,0.9908,2,5,5,2
74.276,0.9982,2,5,5,2
74.312,1.0000,2,5,5,2
74.342,1.0000,2,5,5,2
74.379,1.0000,2,5,5,2
74.410,1.0000,2,5,5,2
74.443,1.0000,2,5,5,2
74.479,1.0000,2,5,5,2
74.509,0.9936,2,5,5,2
74.543,0.9841,2,5,5,2
74.578,0.9738,2,5,5,2
74.610,0.9664,2,5,5,2
74.644,0.9563,2,5,5,2
74.674,0.9454,2,5,5,2
74.711,0.9302,2,5,5,2
74.741,0.9157,2,5,5,2
74.776,0.8967,2,5,5,2
74.808,0.8828,2,5,5,2
74.845,0.9039,2,5,5,2
74.875,0.9202,2,5,5,2
74.907,0.9378,2,5,5,2
74.942,0.9540,2,5,5,2
74.977,0.9540,2,5,5,2
75.008,0.9540,2,5,5,2
75.044,0.9540,2,5,5,2
75.076,0.9540,2,5,5,2
75.110,0.9540,2,5,5,2
75.141,0.9540,2,5,5,2
75.175,0.9540,2,5,5,2
75.212,0.9571,2,5,5,2
75.242,0.9643,2,5,5,2
75.277,0.9723,2,5,5,2
75.311,0.9804,2,5,5,2
75.341,0.9873,2,5,5,2
75.379,0.9873,2,5,5,2
75.412,0.9873,2,5,5,2
75.438,0.9873,2,5,5,2
75.478,0.9520,2,5,5,2
75.510,0.9521,2,5,5,2
75.545,0.9521,2,5,5,2
75.575,0.9521,2,5,5,2
75.607,0.9521,2,5,5,2
75.644,0.9521,2,5,5,2
75.675,0.9521,2,5,5,2
75.710,0.9521,2,5,5,2
75.745,0.9521,2,5,5,2
75.774,0.9521,2,5,5,2
75.810,0.9521,2,5,5,2
75.844,0.9521,2,5,5,2
75.875,0.9521,2,5,5,2
75.911,0.9521,2,5,5,2
75.943,0.9521,2,5,5,2
75.978,0.9521,2,5,5,2
76.009,0.9521,2,5,5,2
76.041,0.9521,2,5,5,2
76.076,0.9521,2,5,5,2
76.108,0.9521,2,5,5,2
76.142,0.9521,2,5,5,2
76.176,0.9521,2,5,5,2
76.210,0.9521,2,5,5,2
76.241,0.9521,2,5,5,2
76.275,0.9521,2,5,5,2
76.312,0.9521,2,5,5,2
76.342,0.9521,2,5,5,2
76.375,0.9521,2,5,5,2
76.409,0.9521,2,5,5,2
76.442,0.9521,2,5,5,2
76.476,0.9521,2,5,5,2
76.509,0.9549,2,5,5,2
76.545,0.9582,2,5,5,2
76.576,0.9624,2,5,5,2
76.609,0.9671,2,5,5,2
76.641,0.9718,2,5,5,2
76.675,0.9759,2,5,5,2
76.708,0.9761,2,5,5,2
76.743,0.9762,2,5,5,2
76.778,0.9762,2,5,5,2
76.811,0.9762,2,5,5,2
76.843,0.9804,2,5,5,2
76.875,0.9873,2,5,5,2
76.911,0.9945,2,5,5,2
76.945,1.0000,2,5,5,2
76.975,1.0000,2,5,5,2
77.008,1.0000,2,5,5,2
77.044,1.0000,2,5,5,2
77.075,1.0000,2,5,5,2
77.112,1.0000,2,5,5,2
77.142,1.0000,2,5,5,2
77.175,1.0000,2,5,5,2
77.209,1.0000,2,5,5,2
77.249,1.0000,2,5,5,2
77.275,1.0000,2,5,5,2
77.311,1.0000,2,5,5,2
77.342,1.0000,2,5,5,2
77.375,1.0000,2,5,5,2
77.411,1.0000,2,5,5,2
77.442,1.0000,2,5,5,2
77.479,1.0000,2,5,5,2
77.512,1.0000,2,5,5,2
77.542,1.0000,2,5,5,2
77.575,1.0000,2,5,5,2
77.609,1.0000,2,5,5,2
77.645,1.0000,2,5,5,2
77.675,1.0000,2,5,5,2
77.708,1.0000,2,5,5,2
77.742,0.9999,2,5,5,2
77.778,0.9972,2,5,5,2
77.811,0.9948,2,5,5,2
77.842,0.9931,2,5,5,2
77.875,0.9931,2,5,5,2
77.909,0.9931,2,5,5,2
77.942,0.9931,2,5,5,2
77.977,0.9931,2,5,5,2
78.008,0.9931,2,5,5,2
78.044,0.9931,2,5,5,2
78.077,0.9931,2,5,5,2
78.109,0.9916,2,5,5,2
78.145,0.9893,2,5,5,2
78.175,0.9867,2,5,5,2
78.210,0.9832,2,5,5,2
78.244,0.9795,2,5,5,2
78.276,0.9795,2,5,5,2
78.309,0.9795,2,5,5,2
78.345,0.9795,2,5,5,2
78.375,0.9795,2,5,5,2
78.412,0.9795,2,5,5,2
78.442,0.9795,2,5,5,2
78.475,0.9795,2,5,5,2
78.509,0.9795,2,5,5,2
78.544,0.9795,2,5,5,2
78.575,0.9795,2,5,5,2
78.609,0.9795,2,5,5,2
78.644,0.9795,2,5,5,2
78.676,0.9795,2,5,5,2
78.709,0.9795,2,5,5,2
78.744,0.9795,2,5,5,2
78.776,0.9795,2,5,5,2
78.808,0.9795,2,5,5,2
78.843,0.9795,2,5,5,2
78.881,0.9795,2,5,5,2
78.909,0.9795,2,5,5,2
78.942,0.9795,2,5,5,2
78.978,0.9795,2,5,5,2
79.008,0.9795,2,5,5,2
79.043,0.9795,2,5,5,2
79.076,0.9795,2,5,5,2
79.111,0.9795,2,5,5,2
79.141,0.9795,2,5,5,2
79.175,0.9795,2,5,5,2
79.211,0.9795,2,5,5,2
79.242,0.9795,2,5,5,2
79.275,0.9795,0,0,0,0
79.311,0.9795,0,0,0,0
79.341,0.9795,0,0,0,0
79.376,0.9795,0,0,0,0
79.409,0.9795,0,0,0,0
79.445,0.9795,0,0,0,0
79.476,0.9795,0,0,0,0
79.511,0.9795,0,0,0,0
79.541,0.9795,0,0,0,0
79.576,0.9795,0,0,0,0
79.608,0.9794,0,0,0,0
79.644,0.9794,0,0,0,0
79.678,0.9794,0,0,0,0
79.709,0.9794,0,0,0,0
79.741,0.9794,0,0,0,0
79.776,0.9794,0,0,0,0
79.808,0.9794,0,0,0,0
79.841,0.9794,0,0,0,0
79.876,0.9794,0,0,0,0
79.911,0.9794,0,0,0,0
79.941,0.9794,0,0,0,0
79.975,0.9794,0,0,0,0
80.013,0.9794,0,0,0,0
80.043,0.9794,0,0,0,0
80.077,0.9794,0,0,0,0
80.108,0.9794,0,0,0,0
80.142,0.9794,0,0,0,0
80.177,0.9794,0,0,0,0
80.210,0.9794,0,0,0,0
80.245,0.9794,0,0,0,0
80.276,0.9794,0,0,0,0
80.313,0.9794,0,0,0,0
80.345,0.9794,0,0,0,0
80.376,0.9794,0,0,0,0
80.412,0.9794,0,0,0,0
80.445,0.9794,0,0,0,0
80.476,0.9794,0,0,0,0
80.508,0.9794,0,0,0,0
80.542,0.9794,0,0,0,0
80.574,0.9794,0,0,0,0
80.611,0.9794,0,0,0,0
80.642,0.9794,0,0,0,0
80.678,0.9794,0,0,0,0
80.710,0.9794,0,0,0,0
80.742,0.9794,0,0,0,0
80.779,0.9794,0,0,0,0
80.809,0.9794,0,0,0,0
80.845,0.9794,0,0,0,0
80.876,0.9794,0,0,0,0
80.908,0.9794,0,0,0,0
80.945,0.9794,0,0,0,0
80.978,0.9794,0,0,0,0
81.008,0.9794,0,0,0,0
81.045,0.9794,0,0,0,0
81.072,0.9794,0,0,0,0
81.110,0.9794,0,0,0,0
81.146,0.9794,0,0,0,0
81.176,0.9794,0,0,0,0
81.209,0.9794,0,0,0,0
81.244,0.9794,0,0,0,0
81.275,0.9794,0,0,0,0
81.309,0.9794,0,0,0,0
81.343,0.9794,0,0,0,0
81.374,0.9794,0,0,0,0
81.411,0.9794,0,0,0,0
81.443,0.9794,0,0,0,0
81.474,0.9794,0,0,0,0
81.508,0.9794,0,0,0,0
81.542,0.9794,0,0,0,0
81.579,0.9794,0,0,0,0
81.608,0.9794,0,0,0,0
81.646,0.9794,0,0,0,0
81.676,0.9794,0,0,0,0
81.712,0.9794,0,0,0,0
81.743,0.9794,0,0,0,0
81.777,0.9794,0,0,0,0
81.811,0.9794,0,0,0,0
81.843,0.9794,0,0,0,0
81.875,0.9794,0,0,0,0
81.909,0.9789,0,0,0,0
81.948,0.9779,0,0,0,0
81.974,0.9770,0,0,0,0
82.010,0.9747,2,5,5,2
82.041,0.9714,2,5,5,2
82.075,0.9695,2,5,5,2
82.108,0.9649,2,5,5,2
82.143,0.9595,2,5,5,2
82.174,0.9566,2,5,5,2
82.211,0.9501,2,5,5,2
82.242,0.9430,2,5,5,2
82.278,0.9393,2,5,5,2
82.312,0.9313,2,5,5,2
82.342,0.9229,2,5,5,2
82.379,0.9186,2,5,5,2
82.408,0.9097,2,5,5,2
82.442,0.9004,2,5,5,2
82.478,0.8958,2,5,5,2
82.511,0.8862,2,5,5,2
82.545,0.8764,2,5,5,2
82.578,0.8714,2,5,5,2
82.610,0.8617,2,5,5,2
82.641,0.8519,2,5,5,2
82.676,0.8469,2,5,5,2
82.709,0.8372,2,5,5,2
82.744,0.8274,2,5,5,2
82.778,0.8225,2,5,5,2
82.808,0.8129,2,5,5,2
82.841,0.8037,2,5,5,2
82.877,0.7992,2,5,5,2
82.910,0.7906,2,5,5,2
82.943,0.7825,2,5,5,2
82.975,0.7785,2,5,5,2
83.011,0.7705,2,5,5,2
83.044,0.7624,2,5,5,2
83.079,0.7584,2,5,5,2
83.111,0.7500,2,5,5,2
83.145,0.7414,2,5,5,2
83.176,0.7371,1,6,6,1
83.211,0.7281,1,6,6,1
83.242,0.7191,1,6,6,1
83.277,0.7147,1,6,6,1
83.310,0.7063,1,6,6,1
83.346,0.6985,1,6,6,1
83.378,0.6950,1,6,6,1
83.411,0.6885,1,6,6,1
83.441,0.6830,1,6,6,1
83.474,0.6805,1,6,6,1
83.508,0.6762,1,6,6,1
83.544,0.6727,1,6,6,1
83.575,0.6712,1,6,6,1
83.610,0.6686,1,6,6,1
83.643,0.6666,1,6,6,1
83.676,0.6657,1,6,6,1
83.709,0.6643,1,6,6,1
83.745,0.6632,1,6,6,1
83.777,0.6628,1,6,6,1
83.810,0.6621,1,6,6,1
83.844,0.6616,1,6,6,1
83.877,0.6614,1,6,6,1
83.907,0.6610,1,6,6,1
83.949,0.6608,1,6,6,1
83.975,0.6607,1,6,6,1
84.011,0.6605,1,6,6,1
84.045,0.6604,1,6,6,1
84.075,0.6603,1,6,6,1
84.111,0.6602,1,6,6,1
84.141,0.6601,1,6,6,1
84.175,0.6600,1,6,6,1
84.209,0.6599,1,6,6,1
84.245,0.6598,1,6,6,1
84.275,0.6598,1,6,6,1
84.310,0.6597,1,6,6,1
84.344,0.6596,1,6,6,1
84.377,0.6595,1,6,6,1
84.409,0.6594,1,6,6,1
84.441,0.6593,1,6,6,1
84.475,0.6592,1,6,6,1
84.507,0.6591,1,6,6,1
84.542,0.6590,1,6,6,1
84.577,0.6590,1,6,6,1
84.608,0.6589,1,6,6,1
84.643,0.6588,1,6,6,1
84.676,0.6588,0,0,0,0
84.708,0.6587,0,0,0,0
84.742,0.6586,0,0,0,0
84.777,0.6585,0,0,0,0
84.809,0.6585,0,0,0,0
84.845,0.6584,0,0,0,0
84.874,0.6584,0,0,0,0
84.910,0.6583,0,0,0,0
84.945,0.6582,0,0,0,0
84.975,0.6582,0,0,0,0
85.008,0.6581,0,0,0,0
85.044,0.6581,0,0,0,0
85.077,0.6580,0,0,0,0
85.109,0.6580,0,0,0,0
85.145,0.6579,0,0,0,0
85.175,0.6579,0,0,0,0
85.214,0.6579,0,0,0,0
85.244,0.6578,0,0,0,0
85.275,0.6578,0,0,0,0
85.308,0.6578,0,0,0,0
85.341,0.6577,0,0,0,0
85.375,0.6577,0,0,0,0
85.414,0.6577,0,0,0,0
85.444,0.6576,0,0,0,0
85.475,0.6576,0,0,0,0
85.508,0.6576,0,0,0,0
85.541,0.6575,0,0,0,0
85.576,0.6575,0,0,0,0
85.609,0.6575,0,0,0,0
85.641,0.6575,0,0,0,0
85.675,0.6575,0,0,0,0
85.712,0.6574,0,0,0,0
85.743,0.6574,0,0,0,0
85.778,0.6574,0,0,0,0
85.811,0.6574,0,0,0,0
85.843,0.6573,0,0,0,0
85.875,0.6573,0,0,0,0
85.907,0.6573,0,0,0,0
85.942,0.6573,0,0,0,0
85.979,0.6573,0,0,0,0
86.008,0.6573,0,0,0,0
86.045,0.6573,0,0,0,0
86.075,0.6572,0,0,0,0
86.110,0.6572,0,0,0,0
86.141,0.6572,0,0,0,0
86.174,0.6572,0,0,0,0
86.212,0.6572,0,0,0,0
86.244,0.6572,0,0,0,0
86.278,0.6572,0,0,0,0
86.310,0.6572,0,0,0,0
86.344,0.6572,0,0,0,0
86.378,0.6571,0,0,0,0
86.412,0.6571,0,0,0,0
86.443,0.6571,0,0,0,0
86.478,0.6571,0,0,0,0
86.510,0.6571,0,0,0,0
86.541,0.6571,0,0,0,0
86.576,0.6571,0,0,0,0
86.608,0.6571,0,0,0,0
86.644,0.6571,0,0,0,0
86.679,0.6571,0,0,0,0
86.709,0.6571,0,0,0,0
86.743,0.6571,0,0,0,0
86.774,0.6571,0,0,0,0
86.811,0.6571,0,0,0,0
86.844,0.6570,0,0,0,0
86.874,0.6570,0,0,0,0
86.910,0.6570,0,0,0,0
86.945,0.6570,0,0,0,0
86.977,0.6570,0,0,0,0
87.011,0.6570,0,0,0,0
87.046,0.6570,0,0,0,0
87.077,0.6570,0,0,0,0
87.108,0.6570,0,0,0,0
87.146,0.6570,0,0,0,0
87.177,0.6570,0,0,0,0
87.209,0.6570,0,0,0,0
87.248,0.6570,0,0,0,0
87.275,0.6570,0,0,0,0
87.311,0.6570,0,0,0,0
87.342,0.6570,0,0,0,0
87.376,0.6570,0,0,0,0
87.409,0.6570,0,0,0,0
87.448,0.6570,0,0,0,0
87.475,0.6570,0,0,0,0
87.509,0.6570,0,0,0,0
87.547,0.6570,0,0,0,0
87.577,0.6570,0,0,0,0
87.609,0.6570,0,0,0,0
87.643,0.6570,0,0,0,0
87.676,0.6570,0,0,0,0
87.708,0.6570,0,0,0,0
87.742,0.6570,0,0,0,0
87.778,0.6570,0,0,0,0
87.814,0.6570,0,0,0,0
87.842,0.6570,0,0,0,0
87.878,0.6570,0,0,0,0
87.912,0.6570,0,0,0,0
87.941,0.6570,0,0,0,0
87.975,0.6570,0,0,0,0
88.012,0.6570,0,0,0,0
88.044,0.6570,0,0,0,0
88.076,0.6570,0,0,0,0
88.109,0.6570,0,0,0,0
88.143,0.6570,0,0,0,0
88.177,0.6570,0,0,0,0
88.209,0.6570,0,0,0,0
88.244,0.6570,0,0,0,0
88.276,0.6570,0,0,0,0
88.310,0.6570,0,0,0,0
88.345,0.6570,0,0,0,0
88.377,0.6570,0,0,0,0
88.409,0.6570,0,0,0,0
88.444,0.6570,0,0,0,0
88.476,0.6570,0,0,0,0
88.511,0.6570,0,0,0,0
88.545,0.6569,0,0,0,0
88.576,0.6569,0,0,0,0
88.612,0.6569,0,0,0,0
88.641,0.6569,0,0,0,0
88.674,0.6569,0,0,0,0
88.712,0.6569,0,0,0,0
88.742,0.6569,0,0,0,0
88.776,0.6569,0,0,0,0
88.808,0.6569,0,0,0,0
88.841,0.6569,0,0,0,0
88.879,0.6569,0,0,0,0
88.909,0.6569,0,0,0,0
88.942,0.6569,0,0,0,0
88.976,0.6569,0,0,0,0
89.008,0.6569,0,0,0,0
89.044,0.6569,0,0,0,0
89.082,0.6569,0,0,0,0
89.112,0.6569,0,0,0,0
89.144,0.6569,0,0,0,0
89.178,0.6569,0,0,0,0
89.207,0.6569,0,0,0,0
89.241,0.6569,0,0,0,0
89.276,0.6569,0,0,0,0
89.310,0.6569,0,0,0,0
89.345,0.6569,0,0,0,0
89.375,0.6569,0,0,0,0
89.409,0.6569,0,0,0,0
89.445,0.6569,0,0,0,0
89.475,0.6569,0,0,0,0
89.509,0.6569,0,0,0,0
89.543,0.6569,0,0,0,0
89.575,0.6569,0,0,0,0
89.611,0.6569,0,0,0,0
89.644,0.6569,0,0,0,0
89.668,0.6569,0,0,0,0
89.709,0.6569,0,0,0,0
89.744,0.6569,0,0,0,0
89.777,0.6569,0,0,0,0
89.808,0.6569,0,0,0,0
89.843,0.6569,0,0,0,0
89.878,0.6569,0,0,0,0
89.910,0.6569,0,0,0,0
89.945,0.6569,0,0,0,0
89.977,0.6569,0,0,0,0
90.011,0.6569,0,0,0,0
90.043,0.6569,0,0,0,0
90.076,0.6569,0,0,0,0
90.112,0.6569,0,0,0,0
90.141,0.6569,0,0,0,0
90.176,0.6569,0,0,0,0
90.208,0.6570,0,0,0,0
90.242,0.6569,0,0,0,0
90.276,0.6570,0,0,0,0
90.311,0.6569,0,0,0,0
90.341,0.6570,0,0,0,0
90.377,0.6570,0,0,0,0
90.411,0.6570,0,0,0,0
90.445,0.6570,0,0,0,0
90.475,0.6570,0,0,0,0
90.510,0.6570,0,0,0,0
90.541,0.6570,0,0,0,0
90.576,0.6570,0,0,0,0
90.610,0.6570,0,0,0,0
90.644,0.6570,0,0,0,0
90.674,0.6570,0,0,0,0
90.710,0.6570,0,0,0,0
90.745,0.6570,0,0,0,0
90.775,0.6570,0,0,0,0
90.808,0.6570,0,0,0,0
90.843,0.6570,0,0,0,0
90.878,0.6570,0,0,0,0
90.908,0.6570,0,0,0,0
90.942,0.6570,0,0,0,0
90.979,0.6570,0,0,0,0
91.012,0.6570,0,0,0,0
91.041,0.6570,0,0,0,0
91.080,0.6570,0,0,0,0
91.112,0.6570,0,0,0,0
91.141,0.6570,0,0,0,0
91.176,0.6570,0,0,0,0
91.208,0.6570,0,0,0,0
91.241,0.6570,0,0,0,0
91.278,0.6570,0,0,0,0
91.313,0.6570,0,0,0,0
91.343,0.6570,0,0,0,0
91.375,0.6570,0,0,0,0
91.408,0.6570,0,0,0,0
91.442,0.6570,0,0,0,0
91.476,0.6570,0,0,0,0
91.510,0.6570,0,0,0,0
91.542,0.6570,0,0,0,0
91.576,0.6570,0,0,0,0
91.609,0.6570,0,0,0,0
91.645,0.6570,0,0,0,0
91.676,0.6570,0,0,0,0
91.709,0.6570,0,0,0,0
91.742,0.6570,0,0,0,0
91.775,0.6570,0,0,0,0
91.808,0.6570,0,0,0,0
91.842,0.6570,0,0,0,0
91.875,0.6570,0,0,0,0
91.908,0.6570,0,0,0,0
91.945,0.6570,0,0,0,0
91.975,0.6570,0,0,0,0
92.008,0.6570,0,0,0,0
92.042,0.6570,0,0,0,0
92.078,0.6570,0,0,0,0
92.111,0.6570,0,0,0,0
92.142,0.6570,0,0,0,0
92.176,0.6570,0,0,0,0
92.209,0.6570,0,0,0,0
92.242,0.6570,0,0,0,0
92.276,0.6570,0,0,0,0
92.309,0.6570,0,0,0,0
92.340,0.6570,0,0,0,0
92.375,0.6570,0,0,0,0
92.408,0.6570,0,0,0,0
92.442,0.6569,0,0,0,0
92.477,0.6570,0,0,0,0
92.512,0.6569,0,0,0,0
92.543,0.6569,0,0,0,0
92.577,0.6569,0,0,0,0
92.608,0.6569,0,0,0,0
92.646,0.6569,0,0,0,0
92.675,0.6569,0,0,0,0
92.712,0.6569,0,0,0,0
92.743,0.6569,0,0,0,0
92.778,0.6569,0,0,0,0
92.812,0.6569,0,0,0,0
92.843,0.6569,0,0,0,0
92.877,0.6569,0,0,0,0
92.910,0.6569,0,0,0,0
92.946,0.6569,0,0,0,0
92.978,0.6569,0,0,0,0
93.012,0.6569,0,0,0,0
93.042,0.6569,0,0,0,0
93.076,0.6569,0,0,0,0
93.109,0.6569,0,0,0,0
93.141,0.6569,0,0,0,0
93.177,0.6569,0,0,0,0
93.210,0.6569,0,0,0,0
93.243,0.6569,0,0,0,0
93.277,0.6569,0,0,0,0
93.309,0.6569,0,0,0,0
93.343,0.6569,0,0,0,0
93.375,0.6569,0,0,0,0
93.408,0.6569,0,0,0,0
93.443,0.6569,0,0,0,0
93.479,0.6569,0,0,0,0
93.511,0.6569,0,0,0,0
93.541,0.6569,0,0,0,0
93.574,0.6569,0,0,0,0
93.611,0.6569,0,0,0,0
93.642,0.6569,0,0,0,0
93.678,0.6569,0,0,0,0
93.712,0.6569,0,0,0,0
93.742,0.6569,0,0,0,0
93.777,0.6569,0,0,0,0
93.811,0.6569,0,0,0,0
93.841,0.6569,0,0,0,0
93.874,0.6569,0,0,0,0
93.911,0.6569,0,0,0,0
93.942,0.6569,0,0,0,0
93.980,0.6569,0,0,0,0
94.010,0.6569,0,0,0,0
94.042,0.6569,0,0,0,0
94.075,0.6569,0,0,0,0
94.107,0.6569,0,0,0,0
94.147,0.6569,0,0,0,0
94.179,0.6569,0,0,0,0
94.211,0.6569,0,0,0,0
94.246,0.6569,0,0,0,0
94.276,0.6569,0,0,0,0
94.311,0.6569,0,0,0,0
94.342,0.6569,0,0,0,0
94.385,0.6569,0,0,0,0
94.409,0.6569,0,0,0,0
94.444,0.6569,0,0,0,0
94.476,0.6569,0,0,0,0
94.512,0.6569,0,0,0,0
94.542,0.6569,0,0,0,0
94.577,0.6569,0,0,0,0
94.608,0.6569,0,0,0,0
94.643,0.6569,0,0,0,0
94.674,0.6569,0,0,0,0
94.708,0.6569,0,0,0,0
94.743,0.6569,0,0,0,0
94.779,0.6569,0,0,0,0
94.810,0.6569,0,0,0,0
94.846,0.6569,0,0,0,0
94.877,0.6569,0,0,0,0
94.910,0.6569,0,0,0,0
94.941,0.6569,0,0,0,0
94.975,0.6569,0,0,0,0
95.010,0.6569,0,0,0,0
95.043,0.6569,0,0,0,0
95.079,0.6569,0,0,0,0
95.107,0.6569,0,0,0,0
95.142,0.6569,0,0,0,0
95.174,0.6569,0,0,0,0
95.211,0.6569,0,0,0,0
95.242,0.6569,0,0,0,0
95.278,0.6569,0,0,0,0
95.309,0.6569,0,0,0,0
95.345,0.6569,0,0,0,0
95.374,0.6569,0,0,0,0
95.410,0.6569,0,0,0,0
95.441,0.6569,0,0,0,0
95.475,0.6569,0,0,0,0
95.509,0.6569,0,0,0,0
95.541,0.6569,0,0,0,0
95.575,0.6569,0,0,0,0
95.609,0.6569,0,0,0,0
95.645,0.6569,0,0,0,0
95.675,0.6569,0,0,0,0
95.708,0.6569,0,0,0,0
95.744,0.6569,0,0,0,0
95.775,0.6569,0,0,0,0
95.810,0.6569,0,0,0,0
95.845,0.6569,0,0,0,0
95.876,0.6569,0,0,0,0
95.908,0.6569,0,0,0,0
95.942,0.6569,0,0,0,0
95.979,0.6569,0,0,0,0
96.010,0.6569,0,0,0,0
96.045,0.6569,0,0,0,0
96.075,0.6569,0,0,0,0
96.112,0.6569,0,0,0,0
96.142,0.6569,0,0,0,0
96.175,0.6569,0,0,0,0
96.211,0.6569,0,0,0,0
96.245,0.6569,0,0,0,0
96.275,0.6569,0,0,0,0
96.311,0.6569,0,0,0,0
96.342,0.6569,0,0,0,0
96.375,0.6569,0,0,0,0
96.411,0.6569,0,0,0,0
96.441,0.6569,0,0,0,0
96.479,0.6569,0,0,0,0
96.509,0.6569,0,0,0,0
96.543,0.6569,0,0,0,0
96.577,0.6569,0,0,0,0
96.614,0.6569,0,0,0,0
96.645,0.6569,0,0,0,0
96.674,0.6569,0,0,0,0
96.711,0.6569,0,0,0,0
96.743,0.6569,0,0,0,0
96.777,0.6569,0,0,0,0
96.809,0.6569,0,0,0,0
96.844,0.6569,0,0,0,0
96.877,0.6569,0,0,0,0
96.908,0.6569,0,0,0,0
96.942,0.6569,0,0,0,0
96.978,0.6569,0,0,0,0
97.011,0.6569,0,0,0,0
97.042,0.6569,0,0,0,0
97.076,0.6569,0,0,0,0
97.108,0.6569,0,0,0,0
97.144,0.6569,0,0,0,0
97.178,0.6569,0,0,0,0
97.209,0.6569,0,0,0,0
97.244,0.6569,0,0,0,0
97.274,0.6569,0,0,0,0
97.312,0.6569,0,0,0,0
97.342,0.6569,0,0,0,0
97.377,0.6569,0,0,0,0
97.411,0.6569,0,0,0,0
97.443,0.6569,0,0,0,0
97.477,0.6569,0,0,0,0
97.509,0.6569,0,0,0,0
97.544,0.6569,0,0,0,0
97.578,0.6569,0,0,0,0
97.612,0.6569,0,0,0,0
97.643,0.6569,0,0,0,0
97.676,0.6569,0,0,0,0
97.708,0.6569,0,0,0,0
97.744,0.6569,0,0,0,0
97.778,0.6569,0,0,0,0
97.808,0.6569,0,0,0,0
97.845,0.6569,0,0,0,0
97.875,0.6569,0,0,0,0
97.912,0.6569,0,0,0,0
97.942,0.6569,0,0,0,0
97.976,0.6569,0,0,0,0
98.009,0.6569,0,0,0,0
98.042,0.6569,0,0,0,0
98.075,0.6569,0,0,0,0
98.108,0.6569,0,0,0,0
98.144,0.6569,0,0,0,0
98.175,0.6569,0,0,0,0
98.208,0.6569,0,0,0,0
98.242,0.6569,0,0,0,0
98.276,0.6569,0,0,0,0
98.309,0.6569,0,0,0,0
98.346,0.6569,0,0,0,0
98.379,0.6569,0,0,0,0
98.409,0.6569,0,0,0,0
98.436,0.6569,0,0,0,0
98.478,0.6569,0,0,0,0
98.511,0.6569,0,0,0,0
98.542,0.6569,0,0,0,0
98.575,0.6569,0,0,0,0
98.612,0.6569,0,0,0,0
98.646,0.6569,0,0,0,0
98.675,0.6569,0,0,0,0
98.711,0.6569,0,0,0,0
98.744,0.6569,0,0,0,0
98.777,0.6569,0,0,0,0
98.808,0.6569,0,0,0,0
98.847,0.6569,0,0,0,0
98.878,0.6569,0,0,0,0
98.911,0.6569,0,0,0,0
98.941,0.6569,0,0,0,0
98.975,0.6569,0,0,0,0
99.012,0.6569,0,0,0,0
99.041,0.6569,0,0,0,0
99.078,0.6569,0,0,0,0
99.110,0.6569,0,0,0,0
99.145,0.6569,0,0,0,0
99.174,0.6569,0,0,0,0
99.210,0.6569,0,0,0,0
99.244,0.6569,0,0,0,0
99.275,0.6569,0,0,0,0
99.311,0.6569,0,0,0,0
99.342,0.6569,0,0,0,0
99.379,0.6569,0,0,0,0
99.410,0.6569,0,0,0,0
99.443,0.6564,0,0,0,0
99.475,0.6523,1,6,6,1
99.511,0.6470,1,6,6,1
99.542,0.6425,1,6,6,1
99.576,0.6405,1,6,6,1
99.609,0.6420,1,6,6,1
99.642,0.6442,1,6,6,1
99.675,0.6457,1,6,6,1
99.708,0.6496,1,6,6,1
99.742,0.6544,1,6,6,1
99.777,0.6579,1,6,6,1
99.810,0.6675,1,6,6,1
99.841,0.6785,1,6,6,1
99.877,0.6873,1,6,6,1
99.907,0.6997,1,6,6,1
99.942,0.7131,1,6,6,1
99.978,0.7227,1,6,6,1
100.012,0.7351,1,6,6,1
100.043,0.7455,1,6,6,1
100.078,0.7507,2,5,5,2
100.111,0.7573,2,5,5,2
100.143,0.7628,2,5,5,2
100.179,0.7654,2,5,5,2
100.212,0.7701,2,5,5,2
100.241,0.7741,2,5,5,2
100.276,0.7758,2,5,5,2
100.308,0.7789,2,5,5,2
100.341,0.7816,2,5,5,2
100.375,0.7813,2,5,5,2
100.409,0.7799,2,5,5,2
100.445,0.7761,2,5,5,2
100.477,0.7703,2,5,5,2
100.511,0.7631,2,5,5,2
100.541,0.7554,2,5,5,2
100.576,0.7552,2,5,5,2
100.609,0.7554,2,5,5,2
100.642,0.7557,2,5,5,2
100.680,0.7559,2,5,5,2
100.708,0.7562,2,5,5,2
100.743,0.7565,2,5,5,2
100.778,0.7566,2,5,5,2
100.811,0.7568,2,5,5,2
100.842,0.7570,2,5,5,2
100.875,0.7571,2,5,5,2
100.909,0.7572,2,5,5,2
100.943,0.7574,2,5,5,2
100.977,0.7575,2,5,5,2
101.012,0.7576,2,5,5,2
101.043,0.7578,2,5,5,2
101.078,0.7579,2,5,5,2
101.110,0.7580,2,5,5,2
101.144,0.7582,2,5,5,2
101.176,0.7582,2,5,5,2
101.210,0.7584,2,5,5,2
101.245,0.7586,2,5,5,2
101.277,0.7586,2,5,5,2
101.307,0.7588,2,5,5,2
101.344,0.7589,2,5,5,2
101.377,0.7590,2,5,5,2
101.409,0.7592,2,5,5,2
101.445,0.7593,2,5,5,2
101.478,0.7594,2,5,5,2
101.510,0.7595,2,5,5,2
101.541,0.7597,0,0,0,0
101.574,0.7597,0,0,0,0
101.610,0.7599,0,0,0,0
101.643,0.7624,2,5,5,2
101.678,0.7651,2,5,5,2
101.709,0.7680,2,5,5,2
101.744,0.7681,2,5,5,2
101.775,0.7682,2,5,5,2
101.812,0.7683,2,5,5,2
101.844,0.7684,2,5,5,2
101.876,0.7685,2,5,5,2
101.910,0.7686,2,5,5,2
101.945,0.7687,2,5,5,2
101.977,0.7688,2,5,5,2
102.011,0.7704,2,5,5,2
102.043,0.7719,2,5,5,2
102.075,0.7720,2,5,5,2
102.107,0.7721,2,5,5,2
102.142,0.7722,2,5,5,2
102.175,0.7722,2,5,5,2
102.208,0.7723,2,5,5,2
102.243,0.7724,2,5,5,2
102.276,0.7724,2,5,5,2
102.311,0.7725,2,5,5,2
102.341,0.7726,2,5,5,2
102.377,0.7726,2,5,5,2
102.412,0.7727,2,5,5,2
102.442,0.7728,2,5,5,2
102.476,0.7728,2,5,5,2
102.509,0.7729,2,5,5,2
102.542,0.7729,2,5,5,2
102.576,0.7730,2,5,5,2
102.609,0.7730,2,5,5,2
102.642,0.7731,2,5,5,2
102.677,0.7731,2,5,5,2
102.711,0.7732,2,5,5,2
102.743,0.7732,2,5,5,2
102.777,0.7732,2,5,5,2
102.811,0.7733,2,5,5,2
102.841,0.7734,2,5,5,2
102.876,0.7734,2,5,5,2
102.909,0.7734,2,5,5,2
102.944,0.7735,2,5,5,2
102.975,0.7735,2,5,5,2
103.008,0.7735,2,5,5,2
103.042,0.7736,2,5,5,2
103.076,0.7736,0,0,0,0
103.108,0.7736,0,0,0,0
103.141,0.7737,0,0,0,0
103.176,0.7737,0,0,0,0
103.208,0.7737,0,0,0,0
103.241,0.7738,0,0,0,0
103.278,0.7738,0,0,0,0
103.310,0.7738,0,0,0,0
103.347,0.7738,0,0,0,0
103.377,0.7739,0,0,0,0
103.410,0.7739,0,0,0,0
103.442,0.7739,0,0,0,0
103.475,0.7739,0,0,0,0
103.508,0.7740,0,0,0,0
103.543,0.7740,0,0,0,0
103.577,0.7740,0,0,0,0
103.608,0.7740,0,0,0,0
103.645,0.7740,0,0,0,0
103.680,0.7741,0,0,0,0
103.716,0.7741,0,0,0,0
103.732,0.7741,0,0,0,0
103.778,0.7741,0,0,0,0
103.810,0.7741,0,0,0,0
103.845,0.7741,0,0,0,0
103.878,0.7741,0,0,0,0
103.911,0.7742,0,0,0,0
103.944,0.7742,0,0,0,0
103.978,0.7742,0,0,0,0
104.011,0.7742,0,0,0,0
104.046,0.7742,0,0,0,0
104.068,0.7742,0,0,0,0
104.109,0.7742,0,0,0,0
104.141,0.7743,0,0,0,0
104.176,0.7743,0,0,0,0
104.212,0.7743,0,0,0,0
104.242,0.7743,0,0,0,0
104.275,0.7743,0,0,0,0
104.310,0.7743,0,0,0,0
104.344,0.7743,0,0,0,0
104.376,0.7743,0,0,0,0
104.409,0.7743,0,0,0,0
104.440,0.7743,0,0,0,0
104.484,0.7743,0,0,0,0
104.510,0.7743,0,0,0,0
104.547,0.7744,0,0,0,0
104.583,0.7744,0,0,0,0
104.613,0.7744,0,0,0,0
104.646,0.7744,0,0,0,0
104.682,0.7744,0,0,0,0
104.716,0.7744,0,0,0,0
104.749,0.7744,0,0,0,0
104.779,0.7744,0,0,0,0
104.817,0.7744,0,0,0,0
104.850,0.7744,0,0,0,0
104.879,0.7744,0,0,0,0
104.918,0.7744,0,0,0,0
104.953,0.7744,0,0,0,0
104.982,0.7744,0,0,0,0
105.017,0.7744,0,0,0,0
105.051,0.7744,0,0,0,0
105.082,0.7744,0,0,0,0
105.114,0.7744,0,0,0,0
105.148,0.7744,0,0,0,0
105.181,0.7744,0,0,0,0
105.213,0.7744,0,0,0,0
105.247,0.7744,0,0,0,0
105.281,0.7744,0,0,0,0
105.313,0.7744,0,0,0,0
105.347,0.7744,0,0,0,0
105.381,0.7744,0,0,0,0
105.424,0.7744,0,0,0,0
105.452,0.7745,0,0,0,0
105.481,0.7745,0,0,0,0
105.514,0.7745,0,0,0,0
105.551,0.7745,0,0,0,0
105.589,0.7745,0,0,0,0
105.612,0.7745,0,0,0,0
105.649,0.7745,0,0,0,0
105.684,0.7745,0,0,0,0
105.764,0.7745,0,0,0,0
105.781,0.7745,0,0,0,0
105.813,0.7745,0,0,0,0
105.846,0.7745,0,0,0,0
105.880,0.7745,0,0,0,0
105.914,0.7745,0,0,0,0
105.946,0.7745,0,0,0,0
105.979,0.7745,0,0,0,0
106.012,0.7745,0,0,0,0
106.047,0.7745,0,0,0,0
106.077,0.7745,0,0,0,0
106.110,0.7745,0,0,0,0
106.146,0.7745,0,0,0,0
106.181,0.7745,0,0,0,0
106.212,0.7745,0,0,0,0
106.246,0.7745,0,0,0,0
106.280,0.7745,0,0,0,0
106.312,0.7745,0,0,0,0
106.346,0.7745,0,0,0,0
106.379,0.7745,0,0,0,0
106.415,0.7745,0,0,0,0
106.448,0.7745,0,0,0,0
106.478,0.7745,0,0,0,0
106.513,0.7745,0,0,0,0
106.546,0.7745,0,0,0,0
106.581,0.7745,0,0,0,0
106.612,0.7745,0,0,0,0
106.646,0.7745,0,0,0,0
106.679,0.7745,0,0,0,0
106.713,0.7760,2,5,5,2
106.745,0.7774,2,5,5,2
106.780,0.7790,2,5,5,2
106.813,0.7790,2,5,5,2
106.847,0.7790,2,5,5,2
106.878,0.7790,2,5,5,2
106.913,0.7790,2,5,5,2
106.946,0.7790,2,5,5,2
106.978,0.7790,2,5,5,2
107.015,0.7790,2,5,5,2
107.050,0.7790,2,5,5,2
107.083,0.7790,2,5,5,2
107.115,0.7790,2,5,5,2
107.148,0.7790,2,5,5,2
107.182,0.7790,2,5,5,2
107.215,0.7790,2,5,5,2
107.248,0.7790,2,5,5,2
107.278,0.7790,2,5,5,2
107.313,0.7790,2,5,5,2
107.347,0.7790,2,5,5,2
107.379,0.7790,2,5,5,2
107.413,0.7790,2,5,5,2
107.444,0.7790,2,5,5,2
107.478,0.7790,2,5,5,2
107.514,0.7790,2,5,5,2
107.547,0.7790,2,5,5,2
107.580,0.7790,2,5,5,2
107.613,0.7790,2,5,5,2
107.647,0.7790,2,5,5,2
107.685,0.7790,2,5,5,2
107.713,0.7790,2,5,5,2
107.746,0.7790,2,5,5,2
107.778,0.7790,2,5,5,2
107.812,0.7790,0,0,0,0
107.847,0.7790,0,0,0,0
107.879,0.7790,0,0,0,0
107.913,0.7790,0,0,0,0
107.947,0.7790,0,0,0,0
107.980,0.7790,0,0,0,0
108.014,0.7790,0,0,0,0
108.047,0.7790,0,0,0,0
108.080,0.7790,0,0,0,0
108.114,0.7790,0,0,0,0
108.145,0.7790,0,0,0,0
108.180,0.7790,0,0,0,0
108.214,0.7790,0,0,0,0
108.247,0.7790,0,0,0,0
108.281,0.7790,0,0,0,0
108.314,0.7790,0,0,0,0
108.347,0.7790,0,0,0,0
108.379,0.7790,0,0,0,0
108.414,0.7790,0,0,0,0
108.444,0.7790,0,0,0,0
108.478,0.7790,0,0,0,0
108.512,0.7790,0,0,0,0
108.545,0.7790,0,0,0,0
108.581,0.7790,0,0,0,0
108.612,0.7790,0,0,0,0
108.646,0.7790,0,0,0,0
108.679,0.7790,0,0,0,0
108.714,0.7790,0,0,0,0
108.746,0.7790,0,0,0,0
108.779,0.7790,0,0,0,0
108.813,0.7790,0,0,0,0
108.848,0.7790,0,0,0,0
108.878,0.7790,0,0,0,0
108.914,0.7790,0,0,0,0
108.947,0.7790,0,0,0,0
108.978,0.7790,0,0,0,0
109.012,0.7790,0,0,0,0
109.044,0.7790,0,0,0,0
109.079,0.7790,0,0,0,0
109.114,0.7790,0,0,0,0
109.148,0.7790,0,0,0,0
109.178,0.7790,0,0,0,0
109.214,0.7790,0,0,0,0
109.244,0.7790,0,0,0,0
109.279,0.7790,0,0,0,0
109.313,0.7790,0,0,0,0
109.348,0.7790,0,0,0,0
109.380,0.7790,0,0,0,0
109.412,0.7790,0,0,0,0
109.448,0.7790,0,0,0,0
109.480,0.7790,0,0,0,0
109.511,0.7790,0,0,0,0
109.547,0.7790,0,0,0,0
109.578,0.7790,0,0,0,0
109.612,0.7790,0,0,0,0
109.648,0.7790,0,0,0,0
109.681,0.7790,0,0,0,0
109.712,0.7790,0,0,0,0
109.747,0.7790,0,0,0,0
109.778,0.7790,0,0,0,0
109.814,0.7790,0,0,0,0
109.845,0.7790,0,0,0,0
109.878,0.7790,0,0,0,0
109.915,0.7790,0,0,0,0
109.947,0.7790,0,0,0,0
109.979,0.7790,0,0,0,0
110.014,0.7790,0,0,0,0
110.046,0.7790,0,0,0,0
110.081,0.7790,0,0,0,0
110.115,0.7790,0,0,0,0
110.148,0.7789,0,0,0,0
110.181,0.7789,0,0,0,0
110.217,0.7789,0,0,0,0
110.248,0.7789,0,0,0,0
110.281,0.7789,0,0,0,0
110.314,0.7789,0,0,0,0
110.347,0.7789,0,0,0,0
110.379,0.7789,0,0,0,0
110.412,0.7789,0,0,0,0
110.447,0.7789,0,0,0,0
110.480,0.7789,0,0,0,0
110.513,0.7789,0,0,0,0
110.545,0.7789,0,0,0,0
110.579,0.7789,0,0,0,0
110.612,0.7789,0,0,0,0
110.646,0.7789,0,0,0,0
110.679,0.7789,0,0,0,0
110.712,0.7789,0,0,0,0
110.748,0.7789,0,0,0,0
110.778,0.7789,0,0,0,0
110.812,0.7789,0,0,0,0
110.845,0.7789,0,0,0,0
110.878,0.7789,0,0,0,0
110.915,0.7789,0,0,0,0
110.948,0.7789,0,0,0,0
110.980,0.7789,0,0,0,0
111.013,0.7789,0,0,0,0
111.047,0.7789,0,0,0,0
111.081,0.7789,0,0,0,0
111.114,0.7789,0,0,0,0
111.145,0.7789,0,0,0,0
111.179,0.7789,0,0,0,0
111.212,0.7789,0,0,0,0
111.249,0.7789,0,0,0,0
111.282,0.7789,0,0,0,0
111.313,0.7789,0,0,0,0
111.347,0.7789,0,0,0,0
111.380,0.7789,0,0,0,0
111.412,0.7789,0,0,0,0
111.449,0.7789,0,0,0,0
111.482,0.7789,0,0,0,0
111.515,0.7789,0,0,0,0
111.548,0.7789,0,0,0,0
111.582,0.7789,0,0,0,0
111.611,0.7789,0,0,0,0
111.645,0.7789,0,0,0,0
111.679,0.7789,0,0,0,0
111.712,0.7789,0,0,0,0
111.746,0.7789,0,0,0,0
111.781,0.7789,0,0,0,0
111.814,0.7789,0,0,0,0
111.847,0.7789,0,0,0,0
111.881,0.7789,0,0,0,0
111.911,0.7789,0,0,0,0
111.945,0.7789,0,0,0,0
111.978,0.7789,0,0,0,0
112.014,0.7789,0,0,0,0
112.046,0.7789,0,0,0,0
112.080,0.7789,0,0,0,0
112.114,0.7789,0,0,0,0
112.147,0.7789,0,0,0,0
112.180,0.7789,0,0,0,0
112.212,0.7789,0,0,0,0
112.245,0.7789,0,0,0,0
112.282,0.7789,0,0,0,0
112.315,0.7789,0,0,0,0
112.348,0.7789,0,0,0,0
112.381,0.7789,0,0,0,0
112.413,0.7789,0,0,0,0
112.448,0.7789,0,0,0,0
112.481,0.7789,0,0,0,0
112.514,0.7789,0,0,0,0
112.545,0.7789,0,0,0,0
112.581,0.7789,0,0,0,0
112.613,0.7789,0,0,0,0
112.651,0.7789,0,0,0,0
112.678,0.7789,0,0,0,0
112.715,0.7789,0,0,0,0
112.745,0.7789,0,0,0,0
112.780,0.7736,2,5,5,2
112.812,0.7680,2,5,5,2
112.845,0.7617,2,5,5,2
112.881,0.7533,2,5,5,2
112.914,0.7443,2,5,5,2
112.945,0.7345,2,5,5,2
112.981,0.7209,2,5,5,2
113.013,0.7078,2,5,5,2
113.047,0.6946,2,5,5,2
113.080,0.7039,2,5,5,2
113.113,0.7038,2,5,5,2
113.145,0.7038,2,5,5,2
113.180,0.7039,2,5,5,2
113.211,0.7040,2,5,5,2
113.248,0.7042,2,5,5,2
113.279,0.7044,2,5,5,2
113.313,0.7047,2,5,5,2
113.346,0.7051,2,5,5,2
113.379,0.7053,2,5,5,2
113.414,0.7084,2,5,5,2
113.448,0.7142,2,5,5,2
113.483,0.7211,2,5,5,2
113.514,0.7254,2,5,5,2
113.548,0.7348,2,5,5,2
113.579,0.7397,2,5,5,2
113.611,0.7491,2,5,5,2
113.647,0.7579,2,5,5,2
113.681,0.7659,2,5,5,2
113.713,0.7697,2,5,5,2
113.748,0.7768,2,5,5,2
113.781,0.7834,2,5,5,2
113.815,0.7866,2,5,5,2
113.845,0.7926,2,5,5,2
113.875,0.7955,2,5,5,2
113.913,0.8008,2,5,5,2
113.945,0.8058,2,5,5,2
113.981,0.8108,2,5,5,2
114.012,0.8131,2,5,5,2
114.045,0.8157,2,5,5,2
114.078,0.8139,2,5,5,2
114.112,0.8114,2,5,5,2
114.148,0.8052,2,5,5,2
114.180,0.7972,2,5,5,2
114.211,0.7863,2,5,5,2
114.247,0.7861,2,5,5,2
114.281,0.7849,2,5,5,2
114.315,0.7841,2,5,5,2
114.347,0.7820,2,5,5,2
114.381,0.7798,2,5,5,2
114.413,0.7786,2,5,5,2
114.446,0.7764,2,5,5,2
114.477,0.7753,2,5,5,2
114.512,0.7732,2,5,5,2
114.545,0.7714,2,5,5,2
114.580,0.7695,2,5,5,2
114.614,0.7686,2,5,5,2
114.645,0.7667,2,5,5,2
114.679,0.7656,2,5,5,2
114.712,0.7634,2,5,5,2
114.748,0.7609,2,5,5,2
114.780,0.7582,2,5,5,2
114.814,0.7579,2,5,5,2
114.847,0.7591,2,5,5,2
114.879,0.7596,2,5,5,2
114.913,0.7603,2,5,5,2
114.946,0.7607,2,5,5,2
114.978,0.7607,2,5,5,2
115.014,0.7607,2,5,5,2
115.046,0.7604,2,5,5,2
115.081,0.7600,2,5,5,2
115.115,0.7598,2,5,5,2
115.146,0.7595,2,5,5,2
115.181,0.7591,2,5,5,2
115.215,0.7590,2,5,5,2
115.247,0.7588,2,5,5,2
115.284,0.7588,2,5,5,2
115.312,0.7588,2,5,5,2
115.346,0.7590,2,5,5,2
115.378,0.7592,2,5,5,2
115.411,0.7596,2,5,5,2
115.448,0.7603,2,5,5,2
115.484,0.7610,2,5,5,2
115.512,0.7613,2,5,5,2
115.545,0.7620,2,5,5,2
115.579,0.7623,2,5,5,2
115.614,0.7629,2,5,5,2
115.648,0.7633,2,5,5,2
115.685,0.7636,2,5,5,2
115.713,0.7638,2,5,5,2
115.746,0.7639,2,5,5,2
115.781,0.7639,0,0,0,0
115.814,0.7639,0,0,0,0
115.844,0.7637,0,0,0,0
115.878,0.7636,0,0,0,0
115.912,0.7634,0,0,0,0
115.945,0.7630,0,0,0,0
115.978,0.7628,0,0,0,0
116.013,0.7623,0,0,0,0
116.047,0.7618,0,0,0,0
116.080,0.7612,0,0,0,0
116.114,0.7609,0,0,0,0
116.146,0.7603,0,0,0,0
116.179,0.7599,0,0,0,0
116.212,0.7592,0,0,0,0
116.245,0.7585,0,0,0,0
116.279,0.7581,0,0,0,0
116.313,0.7572,0,0,0,0
116.345,0.7564,0,0,0,0
116.379,0.7560,0,0,0,0
116.412,0.7550,0,0,0,0
116.446,0.7541,0,0,0,0
116.481,0.7532,0,0,0,0
116.514,0.7527,0,0,0,0
116.547,0.7517,0,0,0,0
116.580,0.7512,0,0,0,0
116.614,0.7502,0,0,0,0
116.646,0.7492,0,0,0,0
116.679,0.7488,0,0,0,0
116.713,0.7478,0,0,0,0
116.747,0.7469,0,0,0,0
116.781,0.7461,0,0,0,0
116.814,0.7456,0,0,0,0
116.847,0.7448,0,0,0,0
116.879,0.7444,0,0,0,0
116.913,0.7437,0,0,0,0
116.947,0.7430,0,0,0,0
116.980,0.7423,0,0,0,0
117.013,0.7419,0,0,0,0
117.045,0.7412,0,0,0,0
117.082,0.7405,0,0,0,0
117.115,0.7402,0,0,0,0
117.147,0.7395,0,0,0,0
117.182,0.7388,0,0,0,0
117.215,0.7384,0,0,0,0
117.245,0.7377,0,0,0,0
117.279,0.7374,0,0,0,0
117.312,0.7366,0,0,0,0
117.348,0.7358,0,0,0,0
117.380,0.7350,0,0,0,0
117.413,0.7346,0,0,0,0
117.447,0.7338,0,0,0,0
117.480,0.7330,0,0,0,0
117.515,0.7294,2,5,5,2
117.545,0.7201,2,5,5,2
117.578,0.7090,2,5,5,2
117.612,0.6954,2,5,5,2
117.648,0.6943,2,5,5,2
117.681,0.6932,2,5,5,2
117.714,0.6927,2,5,5,2
117.748,0.6916,2,5,5,2
117.782,0.6905,2,5,5,2
117.812,0.6900,2,5,5,2
117.847,0.6889,2,5,5,2
117.880,0.6884,2,5,5,2
117.913,0.6873,2,5,5,2
117.948,0.6863,2,5,5,2
117.981,0.6853,2,5,5,2
118.012,0.6848,2,5,5,2
118.047,0.6838,2,5,5,2
118.081,0.6828,2,5,5,2
118.114,0.6823,2,5,5,2
118.147,0.6813,2,5,5,2
118.181,0.6804,2,5,5,2
118.215,0.6799,2,5,5,2
118.248,0.6791,2,5,5,2
118.281,0.6782,2,5,5,2
118.318,0.6778,2,5,5,2
118.345,0.6770,2,5,5,2
118.378,0.6766,2,5,5,2
118.414,0.6760,2,5,5,2
118.448,0.6768,2,5,5,2
118.478,0.6765,2,5,5,2
118.512,0.6761,2,5,5,2
118.544,0.6758,2,5,5,2
118.578,0.6757,2,5,5,2
118.615,0.6755,0,0,0,0
118.646,0.6754,0,0,0,0
118.679,0.6753,0,0,0,0
118.712,0.6752,0,0,0,0
118.747,0.6751,0,0,0,0
118.779,0.6751,0,0,0,0
118.812,0.6750,0,0,0,0
118.845,0.6749,0,0,0,0
118.881,0.6747,0,0,0,0
118.914,0.6746,0,0,0,0
118.948,0.6744,0,0,0,0
118.978,0.6742,0,0,0,0
119.015,0.6740,0,0,0,0
119.048,0.6737,0,0,0,0
119.081,0.6766,2,5,5,2
119.112,0.6827,2,5,5,2
119.145,0.6890,2,5,5,2
119.179,0.6957,2,5,5,2
119.212,0.7016,2,5,5,2
119.246,0.7013,2,5,5,2
119.279,0.7011,2,5,5,2
119.315,0.7008,2,5,5,2
119.347,0.7005,2,5,5,2
119.379,0.7004,2,5,5,2
119.414,0.7002,2,5,5,2
119.447,0.7001,2,5,5,2
119.480,0.7002,2,5,5,2
119.513,0.7003,2,5,5,2
119.546,0.7006,2,5,5,2
119.578,0.7009,2,5,5,2
119.612,0.7015,2,5,5,2
119.645,0.7023,2,5,5,2
119.679,0.7028,2,5,5,2
119.712,0.7038,2,5,5,2
119.745,0.7051,2,5,5,2
119.778,0.7058,2,5,5,2
119.814,0.7072,2,5,5,2
119.846,0.7089,2,5,5,2
119.880,0.7097,2,5,5,2
119.913,0.7115,2,5,5,2
119.947,0.7133,2,5,5,2
119.980,0.7150,2,5,5,2
120.012,0.7159,2,5,5,2
120.045,0.7176,2,5,5,2
120.082,0.7192,2,5,5,2
120.115,0.7200,2,5,5,2
120.148,0.7214,2,5,5,2
120.181,0.7227,2,5,5,2
120.214,0.7232,2,5,5,2
120.247,0.7241,2,5,5,2
120.279,0.7245,2,5,5,2
120.314,0.7251,2,5,5,2
120.346,0.7256,2,5,5,2
120.380,0.7257,2,5,5,2
120.413,0.7258,2,5,5,2
120.445,0.7257,2,5,5,2
120.478,0.7255,2,5,5,2
120.512,0.7252,2,5,5,2
120.545,0.7247,2,5,5,2
120.580,0.7241,2,5,5,2
120.614,0.7238,2,5,5,2
120.647,0.7230,2,5,5,2
120.680,0.7222,2,5,5,2
120.713,0.7218,2,5,5,2
120.749,0.7209,2,5,5,2
120.780,0.7205,2,5,5,2
120.812,0.7195,2,5,5,2
120.846,0.7186,2,5,5,2
120.878,0.7181,2,5,5,2
120.912,0.7171,2,5,5,2
120.952,0.7161,2,5,5,2
120.981,0.7152,2,5,5,2
121.012,0.7147,2,5,5,2
121.046,0.7137,2,5,5,2
121.080,0.7127,2,5,5,2
121.113,0.7122,0,0,0,0
121.146,0.7113,0,0,0,0
121.178,0.7108,0,0,0,0
121.212,0.7099,0,0,0,0
121.248,0.7090,0,0,0,0
121.279,0.7086,0,0,0,0
121.313,0.7077,0,0,0,0
121.347,0.7068,0,0,0,0
121.379,0.7064,0,0,0,0
121.414,0.7056,0,0,0,0
121.449,0.7048,0,0,0,0
121.478,0.7044,0,0,0,0
121.512,0.7036,0,0,0,0
121.547,0.7028,0,0,0,0
121.581,0.7021,0,0,0,0
121.615,0.7017,0,0,0,0
121.647,0.7009,0,0,0,0
121.679,0.7006,0,0,0,0
121.711,0.6998,0,0,0,0
121.747,0.6991,0,0,0,0
121.779,0.6988,0,0,0,0
121.811,0.6981,0,0,0,0
121.846,0.6974,0,0,0,0
121.880,0.6966,0,0,0,0
121.913,0.6963,0,0,0,0
121.946,0.6956,0,0,0,0
121.979,0.6952,0,0,0,0
122.014,0.6944,0,0,0,0
122.047,0.6936,0,0,0,0
122.081,0.6928,0,0,0,0
122.115,0.6924,0,0,0,0
122.147,0.6915,0,0,0,0
122.180,0.6911,0,0,0,0
122.215,0.6902,0,0,0,0
122.246,0.6894,0,0,0,0
122.279,0.6889,0,0,0,0
122.311,0.6880,0,0,0,0
122.346,0.6872,0,0,0,0
122.380,0.6863,0,0,0,0
122.413,0.6859,0,0,0,0
122.444,0.6850,0,0,0,0
122.481,0.6841,0,0,0,0
122.514,0.6837,0,0,0,0
122.548,0.6829,0,0,0,0
122.582,0.6820,0,0,0,0
122.615,0.6816,0,0,0,0
122.647,0.6808,0,0,0,0
122.679,0.6804,0,0,0,0
122.711,0.6796,0,0,0,0
122.747,0.6788,0,0,0,0
122.781,0.6780,0,0,0,0
122.815,0.6777,0,0,0,0
122.848,0.6769,0,0,0,0
122.881,0.6761,0,0,0,0
122.914,0.6758,0,0,0,0
122.945,0.6750,0,0,0,0
122.982,0.6743,0,0,0,0
123.015,0.6739,0,0,0,0
123.045,0.6732,0,0,0,0
123.079,0.6728,0,0,0,0
123.113,0.6721,0,0,0,0
123.146,0.6713,0,0,0,0
123.179,0.6709,0,0,0,0
123.215,0.6701,0,0,0,0
123.248,0.6693,0,0,0,0
123.282,0.6685,0,0,0,0
123.312,0.6681,0,0,0,0
123.347,0.6672,0,0,0,0
123.379,0.6668,0,0,0,0
123.412,0.6659,0,0,0,0
123.448,0.6650,0,0,0,0
123.482,0.6641,0,0,0,0
123.514,0.6637,0,0,0,0
123.548,0.6628,0,0,0,0
123.582,0.6619,0,0,0,0
123.611,0.6614,0,0,0,0
123.645,0.6605,0,0,0,0
123.678,0.6600,0,0,0,0
123.714,0.6591,0,0,0,0
123.746,0.6582,0,0,0,0
123.779,0.6577,0,0,0,0
123.812,0.6567,0,0,0,0
123.846,0.6557,0,0,0,0
123.879,0.6552,0,0,0,0
123.913,0.6542,0,0,0,0
123.946,0.6531,0,0,0,0
123.979,0.6525,0,0,0,0
124.012,0.6513,0,0,0,0
124.046,0.6502,0,0,0,0
124.080,0.6496,0,0,0,0
124.112,0.6484,0,0,0,0
124.145,0.6472,0,0,0,0
124.179,0.6466,0,0,0,0
124.212,0.6453,0,0,0,0
124.248,0.6441,0,0,0,0
124.280,0.6429,0,0,0,0
124.314,0.6422,0,0,0,0
124.349,0.6410,0,0,0,0
124.381,0.6398,0,0,0,0
124.414,0.6391,0,0,0,0
124.446,0.6379,0,0,0,0
124.479,0.6372,0,0,0,0
124.512,0.6360,0,0,0,0
124.546,0.6347,0,0,0,0
124.579,0.6340,0,0,0,0
124.612,0.6327,0,0,0,0
124.645,0.6314,0,0,0,0
124.681,0.6301,0,0,0,0
124.715,0.6294,0,0,0,0
124.748,0.6281,0,0,0,0
124.779,0.6274,0,0,0,0
124.814,0.6261,0,0,0,0
124.847,0.6247,0,0,0,0
124.881,0.6234,0,0,0,0
124.911,0.6228,0,0,0,0
124.945,0.6214,0,0,0,0
124.979,0.6208,0,0,0,0
125.011,0.6194,0,0,0,0
125.048,0.6181,0,0,0,0
125.081,0.6169,0,0,0,0
125.115,0.6170,0,0,0,0
125.146,0.6172,0,0,0,0
125.180,0.6174,0,0,0,0
125.213,0.6175,0,0,0,0
125.246,0.6177,0,0,0,0
125.278,0.6178,0,0,0,0
125.312,0.6180,0,0,0,0
125.346,0.6182,0,0,0,0
125.378,0.6183,0,0,0,0
125.415,0.6185,0,0,0,0
125.446,0.6187,0,0,0,0
125.479,0.6188,0,0,0,0
125.511,0.6191,0,0,0,0
125.548,0.6193,0,0,0,0
125.582,0.6195,0,0,0,0
125.613,0.6196,0,0,0,0
125.647,0.6198,0,0,0,0
125.679,0.6200,0,0,0,0
125.713,0.6202,0,0,0,0
125.746,0.6204,0,0,0,0
125.778,0.6205,0,0,0,0
125.815,0.6207,0,0,0,0
125.845,0.6239,1,6,6,1
125.879,0.6512,1,6,6,1
125.912,0.6785,1,6,6,1
125.945,0.7177,1,6,6,1
125.978,0.7543,2,5,5,2
126.015,0.7935,2,5,5,2
126.045,0.8248,2,5,5,2
126.079,0.8579,2,5,5,2
126.111,0.8898,2,5,5,2
126.148,0.9377,2,5,5,2
126.180,0.9884,2,5,5,2
126.212,1.0000,2,5,5,2
126.248,1.0000,2,5,5,2
126.282,1.0000,2,5,5,2
126.315,1.0000,2,5,5,2
126.348,1.0000,2,5,5,2
126.379,1.0000,3,4,4,3
126.412,1.0000,3,4,4,3
126.445,1.0000,3,4,4,3
126.480,1.0000,3,4,4,3
126.514,1.0000,3,4,4,3
126.548,1.0000,3,4,4,3
126.581,1.0000,3,4,4,3
126.612,1.0000,3,4,4,3
126.648,1.0000,3,4,4,3
126.680,1.0000,3,4,4,3
126.712,1.0000,3,4,4,3
126.747,1.0000,3,4,4,3
126.781,1.0000,2,5,5,2
126.813,1.0000,3,4,4,3
126.847,1.0000,3,4,4,3
126.879,1.0000,3,4,4,3
126.912,1.0000,3,4,4,3
126.948,1.0000,3,4,4,3
126.979,1.0000,3,4,4,3
127.012,1.0000,3,4,4,3
127.046,1.0000,3,4,4,3
127.078,1.0000,3,4,4,3
127.111,1.0000,3,4,4,3
127.148,1.0000,3,4,4,3
127.178,1.0000,3,4,4,3
127.213,1.0000,0,0,0,0
127.245,1.0000,0,0,0,0
127.278,1.0000,0,0,0,0
127.314,1.0000,0,0,0,0
127.347,1.0000,0,0,0,0
127.378,1.0000,0,0,0,0
127.415,1.0000,0,0,0,0
127.447,1.0000,0,0,0,0
127.481,1.0000,0,0,0,0
127.513,1.0000,0,0,0,0
127.545,1.0000,0,0,0,0
127.578,1.0000,0,0,0,0
127.615,1.0000,0,0,0,0
127.648,1.0000,0,0,0,0
127.680,1.0000,0,0,0,0
127.714,1.0000,0,0,0,0
127.749,0.9983,2,5,5,2
127.781,0.9803,2,5,5,2
127.812,0.9655,2,5,5,2
127.846,0.9442,2,5,5,2
127.879,0.9249,2,5,5,2
127.915,0.9000,2,5,5,2
127.945,0.8769,2,5,5,2
127.980,0.8500,2,5,5,2
128.013,0.8255,2,5,5,2
128.048,0.8206,2,5,5,2
128.082,0.8154,2,5,5,2
128.115,0.9220,2,5,5,2
128.146,0.9060,2,5,5,2
128.178,0.8913,2,5,5,2
128.214,0.8708,2,5,5,2
128.247,0.8499,2,5,5,2
128.280,0.8304,2,5,5,2
128.312,0.8069,2,5,5,2
128.345,0.7817,2,5,5,2
128.382,0.7559,2,5,5,2
128.414,0.7445,2,5,5,2
128.448,0.7300,2,5,5,2
128.478,0.7167,2,5,5,2
128.514,0.6992,2,5,5,2
128.546,0.6819,2,5,5,2
128.579,0.6640,2,5,5,2
128.613,0.6437,2,5,5,2
128.646,0.6238,2,5,5,2
128.678,0.6364,2,5,5,2
128.713,0.6502,2,5,5,2
128.747,0.6621,2,5,5,2
128.778,0.6701,2,5,5,2
128.812,0.6788,2,5,5,2
128.848,0.6948,2,5,5,2
128.878,0.7110,2,5,5,2
128.913,0.7279,2,5,5,2
128.947,0.7450,2,5,5,2
128.980,0.7604,2,5,5,2
129.011,0.7733,2,5,5,2
129.047,0.7857,2,5,5,2
129.079,0.7954,2,5,5,2
129.112,0.8032,2,5,5,2
129.147,0.8101,2,5,5,2
129.180,0.8140,2,5,5,2
129.212,0.8172,2,5,5,2
129.245,0.8237,2,5,5,2
129.281,0.8395,2,5,5,2
129.315,0.8537,2,5,5,2
129.348,0.8645,2,5,5,2
129.382,0.8735,2,5,5,2
129.412,0.8810,2,5,5,2
129.446,0.8863,2,5,5,2
129.480,0.8912,2,5,5,2
129.514,0.8929,2,5,5,2
129.547,0.8904,2,5,5,2
129.578,0.8892,2,5,5,2
129.612,0.8868,2,5,5,2
129.645,0.8310,2,5,5,2
129.678,0.8432,2,5,5,2
129.714,0.8539,2,5,5,2
129.747,0.8617,2,5,5,2
129.779,0.8685,2,5,5,2
129.811,0.8724,2,5,5,2
129.848,0.8751,2,5,5,2
129.879,0.8762,2,5,5,2
129.913,0.8749,2,5,5,2
129.947,0.8717,2,5,5,2
129.981,0.8685,2,5,5,2
130.014,0.8678,2,5,5,2
130.045,0.8665,2,5,5,2
130.079,0.8659,2,5,5,2
130.114,0.8644,2,5,5,2
130.145,0.8630,2,5,5,2
130.180,0.8625,2,5,5,2
130.213,0.8616,2,5,5,2
130.246,0.8604,2,5,5,2
130.280,0.8597,2,5,5,2
130.312,0.8585,2,5,5,2
130.345,0.8575,2,5,5,2
130.380,0.8558,2,5,5,2
130.414,0.8546,2,5,5,2
130.448,0.8520,2,5,5,2
130.478,0.8505,2,5,5,2
130.512,0.8471,2,5,5,2
130.546,0.8433,2,5,5,2
130.581,0.8390,2,5,5,2
130.612,0.8356,2,5,5,2
130.646,0.8279,2,5,5,2
130.680,0.8213,2,5,5,2
130.715,0.8079,2,5,5,2
130.747,0.7931,2,5,5,2
130.780,0.7793,2,5,5,2
130.811,0.7615,2,5,5,2
130.847,0.7405,2,5,5,2
130.880,0.7219,2,5,5,2
130.914,0.6984,2,5,5,2
130.945,0.6757,2,5,5,2
130.979,0.6672,2,5,5,2
131.013,0.6760,2,5,5,2
131.045,0.6747,2,5,5,2
131.081,0.6704,2,5,5,2
131.113,0.6685,2,5,5,2
131.143,0.6649,2,5,5,2
131.181,0.6618,2,5,5,2
131.209,0.6604,2,5,5,2
131.247,0.6580,2,5,5,2
131.278,0.6570,2,5,5,2
131.314,0.6553,2,5,5,2
131.347,0.6538,2,5,5,2
131.381,0.6526,2,5,5,2
131.415,0.6521,2,5,5,2
131.445,0.6510,2,5,5,2
131.479,0.6504,2,5,5,2
131.512,0.6492,2,5,5,2
131.547,0.6478,2,5,5,2
131.579,0.6470,2,5,5,2
131.612,0.6452,2,5,5,2
131.647,0.6430,2,5,5,2
131.681,0.6404,2,5,5,2
131.713,0.6389,2,5,5,2
131.745,0.6356,2,5,5,2
131.779,0.6337,2,5,5,2
131.814,0.6262,2,5,5,2
131.848,0.6343,2,5,5,2
131.880,0.6404,2,5,5,2
131.912,0.6474,2,5,5,2
131.948,0.6559,2,5,5,2
131.980,0.6735,2,5,5,2
132.012,0.6840,2,5,5,2
132.048,0.6865,2,5,5,2
132.081,0.6877,2,5,5,2
132.114,0.6882,2,5,5,2
132.146,0.6888,2,5,5,2
132.178,0.6889,2,5,5,2
132.215,0.6886,2,5,5,2
132.248,0.6876,2,5,5,2
132.280,0.6868,2,5,5,2
132.312,0.6876,2,5,5,2
132.345,0.6911,2,5,5,2
132.378,0.6965,2,5,5,2
132.413,0.7027,2,5,5,2
132.445,0.7059,2,5,5,2
132.481,0.7100,2,5,5,2
132.514,0.7155,2,5,5,2
132.548,0.7208,2,5,5,2
132.579,0.7257,2,5,5,2
132.611,0.7327,2,5,5,2
132.648,0.7402,2,5,5,2
132.680,0.7429,2,5,5,2
132.713,0.7485,2,5,5,2
132.746,0.7524,2,5,5,2
132.780,0.7531,2,5,5,2
132.812,0.7472,2,5,5,2
132.845,0.7431,2,5,5,2
132.879,0.7437,2,5,5,2
132.912,0.7422,2,5,5,2
132.948,0.7377,2,5,5,2
132.982,0.7309,2,5,5,2
133.015,0.7232,2,5,5,2
133.048,0.7132,2,5,5,2
133.081,0.7140,2,5,5,2
133.112,0.7273,2,5,5,2
133.149,0.7257,2,5,5,2
133.180,0.7249,2,5,5,2
133.212,0.7234,2,5,5,2
133.245,0.7219,2,5,5,2
133.278,0.7212,2,5,5,2
133.312,0.7199,2,5,5,2
133.347,0.7187,2,5,5,2
133.378,0.7181,2,5,5,2
133.412,0.7170,2,5,5,2
133.446,0.7159,2,5,5,2
133.479,0.7154,2,5,5,2
133.512,0.7145,2,5,5,2
133.548,0.7136,2,5,5,2
133.581,0.7128,2,5,5,2
133.612,0.6962,2,5,5,2
133.647,0.6982,2,5,5,2
133.681,0.7045,2,5,5,2
133.715,0.7169,2,5,5,2
133.748,0.7278,2,5,5,2
133.781,0.7369,2,5,5,2
133.814,0.7450,2,5,5,2
133.846,0.7510,2,5,5,2
133.885,0.7504,2,5,5,2
133.913,0.7500,2,5,5,2
133.947,0.7493,2,5,5,2
133.980,0.7489,2,5,5,2
134.013,0.7480,2,5,5,2
134.045,0.7470,2,5,5,2
134.078,0.7465,2,5,5,2
134.112,0.7455,2,5,5,2
134.145,0.7446,2,5,5,2
134.179,0.7442,2,5,5,2
134.212,0.7436,2,5,5,2
134.248,0.7433,2,5,5,2
134.280,0.7435,2,5,5,2
134.312,0.7437,2,5,5,2
134.347,0.7444,2,5,5,2
134.379,0.7448,2,5,5,2
134.413,0.7458,2,5,5,2
134.446,0.7469,2,5,5,2
134.480,0.7475,2,5,5,2
134.513,0.7487,2,5,5,2
134.545,0.7499,2,5,5,2
134.578,0.7505,2,5,5,2
134.612,0.7515,2,5,5,2
134.645,0.7524,2,5,5,2
134.681,0.7531,2,5,5,2
134.714,0.7534,2,5,5,2
134.748,0.7538,2,5,5,2
134.780,0.7541,2,5,5,2
134.813,0.7542,2,5,5,2
134.845,0.7542,2,5,5,2
134.879,0.7541,0,0,0,0
134.912,0.7539,0,0,0,0
134.944,0.7536,0,0,0,0
134.982,0.7531,0,0,0,0
135.014,0.7528,0,0,0,0
135.046,0.7522,0,0,0,0
135.079,0.7519,0,0,0,0
135.113,0.7512,0,0,0,0
135.145,0.7505,0,0,0,0
135.178,0.7501,0,0,0,0
135.215,0.7492,0,0,0,0
135.248,0.7484,0,0,0,0
135.281,0.7475,0,0,0,0
135.314,0.7462,0,0,0,0
135.348,0.7419,2,5,5,2
135.381,0.7369,2,5,5,2
135.415,0.7315,2,5,5,2
135.447,0.7246,2,5,5,2
135.480,0.7167,2,5,5,2
135.514,0.7162,2,5,5,2
135.546,0.7153,2,5,5,2
135.580,0.7143,2,5,5,2
135.614,0.7139,2,5,5,2
135.647,0.7130,2,5,5,2
135.680,0.7126,2,5,5,2
135.713,0.7117,2,5,5,2
135.746,0.7109,2,5,5,2
135.778,0.7105,2,5,5,2
135.811,0.7097,2,5,5,2
135.845,0.7089,2,5,5,2
135.879,0.7085,2,5,5,2
135.916,0.7077,2,5,5,2
135.945,0.7070,2,5,5,2
135.978,0.7066,2,5,5,2
136.014,0.7058,2,5,5,2
136.045,0.7050,2,5,5,2
136.079,0.7046,2,5,5,2
136.111,0.7039,2,5,5,2
136.145,0.7031,2,5,5,2
136.179,0.7003,2,5,5,2
136.212,0.6963,2,5,5,2
136.245,0.6877,2,5,5,2
136.281,0.6759,2,5,5,2
136.315,0.6639,2,5,5,2
136.346,0.6556,2,5,5,2
136.381,0.6549,2,5,5,2
136.414,0.6546,2,5,5,2
136.447,0.6539,2,5,5,2
136.480,0.6536,2,5,5,2
136.512,0.6531,2,5,5,2
136.546,0.6537,2,5,5,2
136.580,0.6542,2,5,5,2
136.614,0.6545,2,5,5,2
136.647,0.6550,2,5,5,2
136.679,0.6552,2,5,5,2
136.712,0.6556,2,5,5,2
136.745,0.6560,2,5,5,2
136.782,0.6563,2,5,5,2
136.813,0.6565,2,5,5,2
136.847,0.6567,2,5,5,2
136.880,0.6568,2,5,5,2
136.912,0.6570,2,5,5,2
136.945,0.6572,2,5,5,2
136.978,0.6573,2,5,5,2
137.015,0.6574,2,5,5,2
137.045,0.6575,2,5,5,2
137.079,0.6576,2,5,5,2
137.111,0.6577,2,5,5,2
137.148,0.6578,2,5,5,2
137.181,0.6578,2,5,5,2
137.213,0.6579,2,5,5,2
137.246,0.6580,2,5,5,2
137.278,0.6580,2,5,5,2
137.312,0.6581,2,5,5,2
137.349,0.6582,0,0,0,0
137.379,0.6582,0,0,0,0
137.412,0.6583,0,0,0,0
137.445,0.6584,0,0,0,0
137.482,0.6585,0,0,0,0
137.512,0.6586,0,0,0,0
137.546,0.6590,0,0,0,0
137.580,0.6593,0,0,0,0
137.614,0.6599,0,0,0,0
137.647,0.6605,0,0,0,0
137.680,0.6608,0,0,0,0
137.713,0.6614,0,0,0,0
137.745,0.6619,0,0,0,0
137.779,0.6621,0,0,0,0
137.812,0.6626,0,0,0,0
137.847,0.6629,0,0,0,0
137.881,0.6633,0,0,0,0
137.914,0.6634,0,0,0,0
137.946,0.6637,0,0,0,0
137.979,0.6638,0,0,0,0
138.012,0.6641,0,0,0,0
138.047,0.6643,0,0,0,0
138.081,0.6644,0,0,0,0
138.114,0.6644,0,0,0,0
138.146,0.6644,0,0,0,0
138.179,0.6644,0,0,0,0
138.212,0.6641,0,0,0,0
138.248,0.6638,0,0,0,0
138.282,0.6634,0,0,0,0
138.313,0.6632,0,0,0,0
138.347,0.6628,0,0,0,0
138.381,0.6625,0,0,0,0
138.413,0.6623,0,0,0,0
138.445,0.6621,0,0,0,0
138.482,0.6621,0,0,0,0
138.515,0.6622,0,0,0,0
138.546,0.6625,0,0,0,0
138.579,0.6627,0,0,0,0
138.614,0.6633,0,0,0,0
138.647,0.6641,0,0,0,0
138.680,0.6645,0,0,0,0
138.712,0.6655,0,0,0,0
138.745,0.6664,0,0,0,0
138.779,0.6669,0,0,0,0
138.812,0.6678,0,0,0,0
138.847,0.6686,0,0,0,0
138.880,0.6693,0,0,0,0
138.914,0.6696,0,0,0,0
138.945,0.6701,0,0,0,0
138.978,0.6703,0,0,0,0
139.012,0.6706,0,0,0,0
139.046,0.6708,0,0,0,0
139.081,0.6709,0,0,0,0
139.113,0.6710,0,0,0,0
139.147,0.6711,0,0,0,0
139.181,0.6712,0,0,0,0
139.213,0.6712,0,0,0,0
139.245,0.6714,0,0,0,0
139.281,0.6715,0,0,0,0
139.314,0.6716,0,0,0,0
139.345,0.6718,0,0,0,0
139.380,0.6720,0,0,0,0
139.415,0.6722,0,0,0,0
139.448,0.6724,0,0,0,0
139.481,0.6727,0,0,0,0
139.514,0.6729,0,0,0,0
139.548,0.6732,0,0,0,0
139.581,0.6735,0,0,0,0
139.615,0.6736,0,0,0,0
139.645,0.6739,0,0,0,0
139.680,0.6743,0,0,0,0
139.712,0.6744,0,0,0,0
139.749,0.6747,0,0,0,0
139.778,0.6749,0,0,0,0
139.812,0.6752,0,0,0,0
139.848,0.6755,0,0,0,0
139.881,0.6758,0,0,0,0
139.914,0.6760,0,0,0,0
139.948,0.6763,0,0,0,0
139.982,0.6766,0,0,0,0
140.012,0.6768,0,0,0,0
140.045,0.6771,0,0,0,0
140.079,0.6772,0,0,0,0
140.113,0.6775,0,0,0,0
140.146,0.6778,0,0,0,0
140.178,0.6780,0,0,0,0
140.212,0.6783,0,0,0,0
140.248,0.6786,0,0,0,0
140.281,0.6789,0,0,0,0
140.314,0.6790,0,0,0,0
140.348,0.6793,0,0,0,0
140.381,0.6796,0,0,0,0
140.413,0.6797,0,0,0,0
140.446,0.6799,0,0,0,0
140.479,0.6801,0,0,0,0
140.515,0.6803,0,0,0,0
140.545,0.6805,0,0,0,0
140.580,0.6807,0,0,0,0
140.615,0.6808,0,0,0,0
140.649,0.6810,0,0,0,0
140.681,0.6816,0,0,0,0
140.716,0.6820,0,0,0,0
140.747,0.6832,0,0,0,0
140.778,0.6777,2,5,5,2
140.813,0.6690,2,5,5,2
140.846,0.6491,1,6,6,1
140.880,0.6178,1,6,6,1
140.913,0.6320,1,6,6,1
140.945,0.6665,1,6,6,1
140.982,0.7039,2,5,5,2
141.014,0.7351,2,5,5,2
141.048,0.7436,2,5,5,2
141.082,0.7425,2,5,5,2
141.114,0.7418,2,5,5,2
141.147,0.7402,2,5,5,2
141.180,0.7383,2,5,5,2
141.213,0.7373,2,5,5,2
141.246,0.7353,2,5,5,2
141.279,0.7343,2,5,5,2
141.313,0.7325,2,5,5,2
141.348,0.7308,2,5,5,2
141.377,0.7300,2,5,5,2
141.412,0.7285,2,5,5,2
141.445,0.7273,2,5,5,2
141.480,0.7267,2,5,5,2
141.512,0.7257,2,5,5,2
141.545,0.7248,2,5,5,2
141.582,0.7240,2,5,5,2
141.614,0.7235,2,5,5,2
141.645,0.7227,2,5,5,2
141.679,0.7222,2,5,5,2
141.714,0.7215,2,5,5,2
141.745,0.7207,2,5,5,2
141.784,0.7199,2,5,5,2
141.812,0.7194,2,5,5,2
141.845,0.7183,2,5,5,2
141.879,0.7177,2,5,5,2
141.912,0.7164,2,5,5,2
141.948,0.7150,2,5,5,2
141.981,0.7136,2,5,5,2
142.013,0.7129,2,5,5,2
142.046,0.7114,2,5,5,2
142.080,0.7100,2,5,5,2
142.113,0.7092,2,5,5,2
142.146,0.7076,2,5,5,2
142.179,0.7069,2,5,5,2
142.212,0.7054,2,5,5,2
142.248,0.7042,2,5,5,2
142.280,0.7033,2,5,5,2
142.315,0.7031,2,5,5,2
142.345,0.7034,2,5,5,2
142.379,0.7039,2,5,5,2
142.412,0.7053,2,5,5,2
142.445,0.7070,2,5,5,2
142.481,0.7091,2,5,5,2
142.512,0.7103,2,5,5,2
142.545,0.7128,2,5,5,2
142.579,0.7142,2,5,5,2
142.612,0.7167,2,5,5,2
142.648,0.7187,2,5,5,2
142.678,0.7196,2,5,5,2
142.715,0.7209,2,5,5,2
142.754,0.7218,2,5,5,2
142.786,0.7223,2,5,5,2
142.816,0.7225,2,5,5,2
142.849,0.7226,2,5,5,2
142.877,0.7226,2,5,5,2
142.912,0.7226,2,5,5,2
142.948,0.7226,2,5,5,2
142.982,0.7226,2,5,5,2
143.015,0.7226,2,5,5,2
143.047,0.7228,2,5,5,2
143.078,0.7228,2,5,5,2
143.115,0.7231,2,5,5,2
143.147,0.7234,2,5,5,2
143.178,0.7235,2,5,5,2
143.211,0.7239,2,5,5,2
143.247,0.7243,2,5,5,2
143.279,0.7244,2,5,5,2
143.312,0.7248,2,5,5,2
143.346,0.7251,2,5,5,2
143.379,0.7253,2,5,5,2
143.414,0.7255,2,5,5,2
143.447,0.7258,2,5,5,2
143.480,0.7259,2,5,5,2
143.512,0.7261,2,5,5,2
143.548,0.7263,2,5,5,2
143.581,0.7265,2,5,5,2
143.615,0.7266,2,5,5,2
143.645,0.7268,2,5,5,2
143.680,0.7270,0,0,0,0
143.713,0.7270,0,0,0,0
143.749,0.7272,0,0,0,0
143.783,0.7273,0,0,0,0
143.821,0.7274,0,0,0,0
143.844,0.7274,0,0,0,0
143.881,0.7273,0,0,0,0
143.913,0.7272,0,0,0,0
143.946,0.7267,0,0,0,0
143.978,0.7264,0,0,0,0
144.019,0.7257,0,0,0,0
144.045,0.7251,0,0,0,0
144.079,0.7248,0,0,0,0
144.114,0.7243,0,0,0,0
144.146,0.7240,0,0,0,0
144.180,0.7238,0,0,0,0
144.213,0.7237,0,0,0,0
144.248,0.7237,0,0,0,0
144.281,0.7237,0,0,0,0
144.313,0.7238,0,0,0,0
144.346,0.7239,0,0,0,0
144.378,0.7240,0,0,0,0
144.415,0.7242,0,0,0,0
144.446,0.7245,0,0,0,0
144.481,0.7248,0,0,0,0
144.514,0.7250,0,0,0,0
144.548,0.7252,0,0,0,0
144.579,0.7250,0,0,0,0
144.612,0.7246,0,0,0,0
144.645,0.7238,0,0,0,0
144.681,0.7226,0,0,0,0
144.712,0.7220,0,0,0,0
144.747,0.7208,0,0,0,0
144.779,0.7202,0,0,0,0
144.815,0.7188,0,0,0,0
144.848,0.7185,0,0,0,0
144.879,0.7196,0,0,0,0
144.912,0.7220,2,5,5,2
144.948,0.7243,2,5,5,2
144.978,0.7254,2,5,5,2
145.015,0.7274,2,5,5,2
145.048,0.7293,2,5,5,2
145.080,0.7314,2,5,5,2
145.113,0.7324,2,5,5,2
145.146,0.7342,2,5,5,2
145.182,0.7361,2,5,5,2
145.214,0.7370,2,5,5,2
145.245,0.7387,2,5,5,2
145.281,0.7405,2,5,5,2
145.312,0.7412,2,5,5,2
145.345,0.7427,2,5,5,2
145.381,0.7443,2,5,5,2
145.413,0.7449,2,5,5,2
145.445,0.7463,2,5,5,2
145.481,0.7477,2,5,5,2
145.513,0.7483,2,5,5,2
145.546,0.7496,2,5,5,2
145.580,0.7502,2,5,5,2
145.613,0.7514,2,5,5,2
145.646,0.7524,2,5,5,2
145.679,0.7530,2,5,5,2
145.711,0.7541,2,5,5,2
145.748,0.7551,2,5,5,2
145.780,0.7556,2,5,5,2
145.812,0.7564,2,5,5,2
145.846,0.7575,2,5,5,2
145.880,0.7579,2,5,5,2
145.912,0.7586,2,5,5,2
145.947,0.7596,2,5,5,2
145.980,0.7601,2,5,5,2
146.011,0.7608,2,5,5,2
146.044,0.7614,2,5,5,2
146.078,0.7618,2,5,5,2
146.111,0.7625,2,5,5,2
146.148,0.7632,2,5,5,2
146.179,0.7636,2,5,5,2
146.212,0.7641,2,5,5,2
146.248,0.7648,2,5,5,2
146.280,0.7651,2,5,5,2
146.314,0.7656,2,5,5,2
146.347,0.7663,2,5,5,2
146.380,0.7665,2,5,5,2
146.412,0.7669,0,0,0,0
146.448,0.7676,0,0,0,0
146.478,0.7679,0,0,0,0
146.514,0.7684,0,0,0,0
146.546,0.7689,0,0,0,0
146.580,0.7691,0,0,0,0
146.614,0.7695,0,0,0,0
146.650,0.7700,0,0,0,0
146.679,0.7702,0,0,0,0
146.715,0.7705,0,0,0,0
146.748,0.7709,0,0,0,0
146.780,0.7711,0,0,0,0
146.814,0.7712,0,0,0,0
146.845,0.7714,0,0,0,0
146.878,0.7714,0,0,0,0
146.912,0.7714,0,0,0,0
146.945,0.7712,0,0,0,0
146.978,0.7711,0,0,0,0
147.015,0.7707,0,0,0,0
147.047,0.7701,0,0,0,0
147.079,0.7698,0,0,0,0
147.115,0.7689,0,0,0,0
147.145,0.7680,0,0,0,0
147.179,0.7675,0,0,0,0
147.212,0.7635,2,5,5,2
147.244,0.7556,2,5,5,2
147.281,0.7447,2,5,5,2
147.312,0.7347,2,5,5,2
147.345,0.7331,2,5,5,2
147.379,0.7323,2,5,5,2
147.412,0.7307,2,5,5,2
147.448,0.7291,2,5,5,2
147.481,0.7275,2,5,5,2
147.513,0.7267,2,5,5,2
147.546,0.7252,2,5,5,2
147.580,0.7244,2,5,5,2
147.614,0.7229,2,5,5,2
147.648,0.7214,2,5,5,2
147.681,0.7199,2,5,5,2
147.714,0.7192,2,5,5,2
147.746,0.7177,2,5,5,2
147.779,0.7170,2,5,5,2
147.812,0.7156,2,5,5,2
147.846,0.7142,2,5,5,2
147.879,0.7135,2,5,5,2
147.913,0.7122,2,5,5,2
147.946,0.7108,2,5,5,2
147.979,0.7102,2,5,5,2
148.012,0.7089,2,5,5,2
148.045,0.7077,2,5,5,2
148.080,0.7071,2,5,5,2
148.113,0.7060,2,5,5,2
148.145,0.7048,2,5,5,2
148.179,0.7043,2,5,5,2
148.212,0.7032,2,5,5,2
148.245,0.7021,2,5,5,2
148.279,0.7016,2,5,5,2
148.314,0.7005,2,5,5,2
148.347,0.6994,2,5,5,2
148.381,0.6984,2,5,5,2
148.415,0.6979,2,5,5,2
148.447,0.6969,2,5,5,2
148.480,0.6963,2,5,5,2
148.513,0.6953,2,5,5,2
148.546,0.6943,2,5,5,2
148.580,0.6932,2,5,5,2
148.615,0.6927,0,0,0,0
148.649,0.6917,0,0,0,0
148.678,0.6912,0,0,0,0
148.712,0.6902,0,0,0,0
148.745,0.6892,0,0,0,0
148.781,0.6882,0,0,0,0
148.815,0.6877,0,0,0,0
148.845,0.6867,0,0,0,0
148.879,0.6863,0,0,0,0
148.913,0.6853,0,0,0,0
148.947,0.6844,0,0,0,0
148.979,0.6840,0,0,0,0
149.012,0.6831,0,0,0,0
149.048,0.6823,0,0,0,0
149.082,0.6815,0,0,0,0
149.113,0.6811,0,0,0,0
149.148,0.6803,0,0,0,0
149.181,0.6796,0,0,0,0
149.214,0.6792,0,0,0,0
149.246,0.6785,0,0,0,0
149.283,0.6779,0,0,0,0
149.312,0.6775,0,0,0,0
149.348,0.6769,0,0,0,0
149.380,0.6765,0,0,0,0
149.413,0.6759,0,0,0,0
149.447,0.6753,0,0,0,0
149.483,0.6747,0,0,0,0
149.512,0.6744,0,0,0,0
149.545,0.6738,0,0,0,0
149.579,0.6735,0,0,0,0
149.614,0.6730,0,0,0,0
149.647,0.6724,0,0,0,0
149.685,0.6718,0,0,0,0
149.714,0.6715,0,0,0,0
149.746,0.6709,0,0,0,0
149.779,0.6706,0,0,0,0
149.812,0.6699,0,0,0,0
149.848,0.6692,0,0,0,0
149.880,0.6685,0,0,0,0
149.914,0.6681,0,0,0,0
149.947,0.6673,0,0,0,0
149.980,0.6668,0,0,0,0
150.014,0.6659,0,0,0,0
150.046,0.6650,0,0,0,0
150.080,0.6640,0,0,0,0
150.115,0.6635,0,0,0,0
150.149,0.6626,0,0,0,0
150.178,0.6621,0,0,0,0
150.211,0.6611,0,0,0,0
150.245,0.6601,0,0,0,0
150.280,0.6591,0,0,0,0
150.312,0.6586,0,0,0,0
150.347,0.6577,0,0,0,0
150.381,0.6567,0,0,0,0
150.413,0.6563,0,0,0,0
150.446,0.6554,0,0,0,0
150.478,0.6550,0,0,0,0
150.515,0.6541,0,0,0,0
150.548,0.6533,0,0,0,0
150.579,0.6529,0,0,0,0
150.612,0.6521,0,0,0,0
150.646,0.6513,0,0,0,0
150.678,0.6509,0,0,0,0
150.716,0.6501,0,0,0,0
150.745,0.6493,0,0,0,0
150.780,0.6485,0,0,0,0
150.814,0.6481,0,0,0,0
150.847,0.6473,0,0,0,0
150.881,0.6465,0,0,0,0
150.913,0.6461,0,0,0,0
150.946,0.6453,0,0,0,0
150.979,0.6449,0,0,0,0
151.012,0.6440,0,0,0,0
151.047,0.6432,0,0,0,0
151.081,0.6423,0,0,0,0
151.115,0.6420,0,0,0,0
151.148,0.6419,0,0,0,0
151.182,0.6417,0,0,0,0
151.214,0.6417,0,0,0,0
151.246,0.6415,0,0,0,0
151.280,0.6413,0,0,0,0
151.311,0.6412,0,0,0,0
151.345,0.6410,0,0,0,0
151.378,0.6409,0,0,0,0
151.412,0.6407,0,0,0,0
151.448,0.6405,0,0,0,0
151.480,0.6403,0,0,0,0
151.513,0.6402,0,0,0,0
151.547,0.6399,0,0,0,0
151.581,0.6397,0,0,0,0
151.614,0.6396,0,0,0,0
151.648,0.6394,0,0,0,0
151.682,0.6392,0,0,0,0
151.715,0.6391,0,0,0,0
151.747,0.6389,0,0,0,0
151.780,0.6387,0,0,0,0
151.815,0.6386,0,0,0,0
151.845,0.6384,0,0,0,0
151.879,0.6383,0,0,0,0
151.916,0.6381,0,0,0,0
151.945,0.6379,0,0,0,0
151.981,0.6378,0,0,0,0
152.014,0.6377,0,0,0,0
152.047,0.6375,0,0,0,0
152.079,0.6374,0,0,0,0
152.117,0.6373,0,0,0,0
152.146,0.6371,0,0,0,0
152.180,0.6371,0,0,0,0
152.212,0.6369,0,0,0,0
152.248,0.6368,0,0,0,0
152.278,0.6367,0,0,0,0
152.319,0.6366,0,0,0,0
152.347,0.6365,0,0,0,0
152.378,0.6364,0,0,0,0
152.412,0.6363,0,0,0,0
152.446,0.6362,0,0,0,0
152.481,0.6360,0,0,0,0
152.512,0.6359,0,0,0,0
152.548,0.6357,0,0,0,0
152.582,0.6355,0,0,0,0
152.615,0.6354,0,0,0,0
152.648,0.6351,0,0,0,0
152.680,0.6348,0,0,0,0
152.713,0.6347,0,0,0,0
152.745,0.6344,0,0,0,0
152.780,0.6343,0,0,0,0
152.814,0.6340,0,0,0,0
152.847,0.6337,0,0,0,0
152.881,0.6335,0,0,0,0
152.913,0.6333,0,0,0,0
152.946,0.6331,0,0,0,0
152.980,0.6330,0,0,0,0
153.013,0.6329,0,0,0,0
153.047,0.6327,0,0,0,0
153.081,0.6327,0,0,0,0
153.111,0.6326,0,0,0,0
153.146,0.6326,0,0,0,0
153.178,0.6326,0,0,0,0
153.215,0.6326,0,0,0,0
153.247,0.6326,0,0,0,0
153.279,0.6326,0,0,0,0
153.313,0.6326,0,0,0,0
153.347,0.6326,0,0,0,0
153.381,0.6325,0,0,0,0
153.414,0.6325,0,0,0,0
153.447,0.6323,0,0,0,0
153.478,0.6322,0,0,0,0
153.513,0.6320,0,0,0,0
153.546,0.6318,0,0,0,0
153.582,0.6316,0,0,0,0
153.611,0.6315,0,0,0,0
153.645,0.6312,0,0,0,0
153.681,0.6310,0,0,0,0
153.713,0.6308,0,0,0,0
153.750,0.6306,0,0,0,0
153.778,0.6305,0,0,0,0
153.814,0.6303,0,0,0,0
153.845,0.6301,0,0,0,0
153.879,0.6300,0,0,0,0
153.912,0.6298,0,0,0,0
153.945,0.6297,0,0,0,0
153.981,0.6295,0,0,0,0
154.015,0.6295,0,0,0,0
154.049,0.6294,0,0,0,0
154.078,0.6293,0,0,0,0
154.114,0.6292,0,0,0,0
154.148,0.6290,0,0,0,0
154.181,0.6289,0,0,0,0
154.213,0.6288,0,0,0,0
154.246,0.6288,0,0,0,0
154.280,0.6293,0,0,0,0
154.314,0.6297,0,0,0,0
154.347,0.6306,0,0,0,0
154.381,0.6317,0,0,0,0
154.415,0.6323,0,0,0,0
154.448,0.6335,0,0,0,0
154.480,0.6348,0,0,0,0
154.514,0.6354,0,0,0,0
154.547,0.6367,0,0,0,0
154.581,0.6379,0,0,0,0
154.614,0.6385,0,0,0,0
154.647,0.6397,0,0,0,0
154.681,0.6408,0,0,0,0
154.713,0.6413,0,0,0,0
154.750,0.6423,0,0,0,0
154.782,0.6432,0,0,0,0
154.815,0.6437,0,0,0,0
154.848,0.6446,0,0,0,0
154.878,0.6450,0,0,0,0
154.911,0.6457,0,0,0,0
154.952,0.6465,0,0,0,0
154.981,0.6472,0,0,0,0
155.013,0.6475,0,0,0,0
155.046,0.6481,0,0,0,0
155.078,0.6484,0,0,0,0
155.112,0.6490,0,0,0,0
155.147,0.6497,0,0,0,0
155.182,0.6507,0,0,0,0
155.212,0.6513,0,0,0,0
155.245,0.6525,0,0,0,0
155.281,0.6537,0,0,0,0
155.311,0.6544,0,0,0,0
155.345,0.6557,0,0,0,0
155.379,0.6563,0,0,0,0
155.411,0.6576,0,0,0,0
155.448,0.6589,0,0,0,0
155.481,0.6602,0,0,0,0
155.512,0.6609,0,0,0,0
155.548,0.6621,0,0,0,0
155.580,0.6633,0,0,0,0
155.615,0.6639,0,0,0,0
155.644,0.6649,0,0,0,0
155.681,0.6656,0,0,0,0
155.714,0.6658,0,0,0,0
155.747,0.6662,0,0,0,0
155.782,0.6665,0,0,0,0
155.811,0.6666,0,0,0,0
155.846,0.6668,0,0,0,0
155.878,0.6669,0,0,0,0
155.912,0.6670,0,0,0,0
155.945,0.6671,0,0,0,0
155.979,0.6671,0,0,0,0
156.015,0.6672,0,0,0,0
156.046,0.6673,0,0,0,0
156.081,0.6675,0,0,0,0
156.114,0.6676,0,0,0,0
156.147,0.6678,0,0,0,0
156.179,0.6680,0,0,0,0
156.212,0.6684,0,0,0,0
156.246,0.6686,0,0,0,0
156.282,0.6685,0,0,0,0
156.312,0.6682,0,0,0,0
156.346,0.6676,0,0,0,0
156.379,0.6672,0,0,0,0
156.412,0.6664,0,0,0,0
156.445,0.6655,0,0,0,0
156.478,0.6650,0,0,0,0
156.515,0.6640,0,0,0,0
156.546,0.6631,0,0,0,0
156.580,0.6622,0,0,0,0
156.612,0.6618,0,0,0,0
156.647,0.6610,0,0,0,0
156.681,0.6603,0,0,0,0
156.712,0.6599,0,0,0,0
156.745,0.6591,0,0,0,0
156.778,0.6587,0,0,0,0
156.814,0.6579,0,0,0,0
156.848,0.6571,0,0,0,0
156.882,0.6563,0,0,0,0
156.911,0.6560,0,0,0,0
156.945,0.6553,0,0,0,0
156.977,0.6550,0,0,0,0
157.015,0.6544,0,0,0,0
157.047,0.6539,0,0,0,0
157.081,0.6534,0,0,0,0
157.114,0.6532,0,0,0,0
157.147,0.6527,0,0,0,0
157.180,0.6523,0,0,0,0
157.213,0.6522,0,0,0,0
157.246,0.6518,0,0,0,0
157.278,0.6517,0,0,0,0
157.314,0.6514,0,0,0,0
157.348,0.6512,0,0,0,0
157.382,0.6509,0,0,0,0
157.412,0.6508,0,0,0,0
157.445,0.6506,0,0,0,0
157.481,0.6505,0,0,0,0
157.513,0.6504,0,0,0,0
157.546,0.6502,0,0,0,0
157.584,0.6500,0,0,0,0
157.614,0.6500,0,0,0,0
157.647,0.6499,0,0,0,0
157.681,0.6498,0,0,0,0
157.714,0.6497,0,0,0,0
157.746,0.6497,0,0,0,0
157.779,0.6497,0,0,0,0
157.811,0.6498,0,0,0,0
157.845,0.6499,0,0,0,0
157.880,0.6499,0,0,0,0
157.914,0.6501,0,0,0,0
157.946,0.6503,0,0,0,0
157.979,0.6504,0,0,0,0
158.012,0.6501,0,0,0,0
158.046,0.6494,0,0,0,0
158.080,0.6484,0,0,0,0
158.112,0.6479,0,0,0,0
158.145,0.6508,2,5,5,2
158.182,0.6538,2,5,5,2
158.215,0.6553,2,5,5,2
158.247,0.6582,2,5,5,2
158.280,0.6597,2,5,5,2
158.314,0.6627,2,5,5,2
158.348,0.6656,2,5,5,2
158.381,0.6685,2,5,5,2
158.413,0.6700,2,5,5,2
158.446,0.6729,2,5,5,2
158.480,0.6743,2,5,5,2
158.512,0.6771,2,5,5,2
158.545,0.6798,2,5,5,2
158.579,0.6812,2,5,5,2
158.613,0.6838,2,5,5,2
158.646,0.6864,2,5,5,2
158.678,0.6877,2,5,5,2
158.712,0.6902,2,5,5,2
158.747,0.6927,2,5,5,2
158.780,0.6938,2,5,5,2
158.816,0.6962,2,5,5,2
158.847,0.6985,2,5,5,2
158.878,0.6996,2,5,5,2
158.914,0.7017,2,5,5,2
158.946,0.7039,2,5,5,2
158.980,0.7059,2,5,5,2
159.012,0.7069,2,5,5,2
159.048,0.7089,2,5,5,2
159.078,0.7098,2,5,5,2
159.115,0.7117,2,5,5,2
159.147,0.7136,2,5,5,2
159.179,0.7145,2,5,5,2
159.212,0.7164,2,5,5,2
159.245,0.7181,2,5,5,2
159.281,0.7199,2,5,5,2
159.314,0.7207,2,5,5,2
159.346,0.7224,2,5,5,2
159.380,0.7240,2,5,5,2
159.411,0.7248,2,5,5,2
159.445,0.7263,2,5,5,2
159.478,0.7270,2,5,5,2
159.512,0.7285,2,5,5,2
159.548,0.7299,2,5,5,2
159.578,0.7306,2,5,5,2
159.612,0.7319,2,5,5,2
159.645,0.7331,2,5,5,2
159.678,0.7337,2,5,5,2
159.712,0.7349,2,5,5,2
159.748,0.7360,2,5,5,2
159.780,0.7366,2,5,5,2
159.812,0.7377,2,5,5,2
159.848,0.7388,2,5,5,2
159.878,0.7394,2,5,5,2
159.914,0.7405,2,5,5,2
159.948,0.7416,2,5,5,2
159.980,0.7426,2,5,5,2
160.014,0.7432,2,5,5,2
160.046,0.7442,2,5,5,2
160.081,0.7451,2,5,5,2
160.115,0.7455,2,5,5,2
160.145,0.7461,2,5,5,2
160.179,0.7464,2,5,5,2
160.215,0.7467,2,5,5,2
160.248,0.7469,2,5,5,2
160.281,0.7468,2,5,5,2
160.311,0.7467,2,5,5,2
160.345,0.7463,2,5,5,2
160.379,0.7461,2,5,5,2
160.416,0.7456,2,5,5,2
160.445,0.7451,0,0,0,0
160.481,0.7446,0,0,0,0
160.513,0.7444,0,0,0,0
160.545,0.7440,0,0,0,0
160.579,0.7439,0,0,0,0
160.616,0.7437,0,0,0,0
160.646,0.7436,0,0,0,0
160.679,0.7437,0,0,0,0
160.712,0.7438,0,0,0,0
160.748,0.7440,0,0,0,0
160.781,0.7444,0,0,0,0
160.819,0.7445,0,0,0,0
160.848,0.7450,0,0,0,0
160.881,0.7455,0,0,0,0
160.913,0.7457,0,0,0,0
160.946,0.7462,0,0,0,0
160.979,0.7465,0,0,0,0
161.015,0.7470,0,0,0,0
161.045,0.7475,0,0,0,0
161.080,0.7478,0,0,0,0
161.114,0.7483,0,0,0,0
161.146,0.7488,0,0,0,0
161.178,0.7490,0,0,0,0
161.214,0.7494,0,0,0,0
161.247,0.7499,0,0,0,0
161.279,0.7501,0,0,0,0
161.314,0.7505,0,0,0,0
161.347,0.7509,0,0,0,0
161.380,0.7513,0,0,0,0
161.413,0.7515,0,0,0,0
161.445,0.7518,0,0,0,0
161.478,0.7520,0,0,0,0
161.514,0.7524,0,0,0,0
161.546,0.7528,0,0,0,0
161.580,0.7532,0,0,0,0
161.614,0.7535,0,0,0,0
161.647,0.7539,0,0,0,0
161.679,0.7541,0,0,0,0
161.712,0.7545,0,0,0,0
161.745,0.7550,0,0,0,0
161.781,0.7555,0,0,0,0
161.813,0.7557,0,0,0,0
161.847,0.7562,0,0,0,0
161.880,0.7567,0,0,0,0
161.913,0.7570,0,0,0,0
161.945,0.7575,0,0,0,0
161.978,0.7578,0,0,0,0
162.014,0.7584,0,0,0,0
162.045,0.7591,0,0,0,0
162.079,0.7594,0,0,0,0
162.113,0.7601,0,0,0,0
162.145,0.7608,0,0,0,0
162.181,0.7616,0,0,0,0
162.214,0.7620,0,0,0,0
162.246,0.7627,0,0,0,0
162.278,0.7631,0,0,0,0
162.312,0.7638,0,0,0,0
162.345,0.7645,0,0,0,0
162.379,0.7647,0,0,0,0
162.415,0.7652,0,0,0,0
162.443,0.7655,0,0,0,0
162.482,0.7658,0,0,0,0
162.515,0.7658,0,0,0,0
162.548,0.7659,0,0,0,0
162.580,0.7660,0,0,0,0
162.612,0.7660,0,0,0,0
162.645,0.7660,0,0,0,0
162.681,0.7660,0,0,0,0
162.713,0.7661,0,0,0,0
162.746,0.7661,0,0,0,0
162.780,0.7662,0,0,0,0
162.814,0.7663,0,0,0,0
162.847,0.7664,0,0,0,0
162.880,0.7665,0,0,0,0
162.914,0.7666,0,0,0,0
162.947,0.7667,0,0,0,0
162.981,0.7668,0,0,0,0
163.014,0.7668,0,0,0,0
163.049,0.7669,0,0,0,0
163.079,0.7669,0,0,0,0
163.112,0.7668,0,0,0,0
163.145,0.7668,0,0,0,0
163.178,0.7667,0,0,0,0
163.214,0.7665,0,0,0,0
163.250,0.7663,0,0,0,0
163.278,0.7662,0,0,0,0
163.313,0.7658,0,0,0,0
163.347,0.7654,0,0,0,0
163.381,0.7649,0,0,0,0
163.414,0.7647,0,0,0,0
163.451,0.7641,0,0,0,0
163.479,0.7637,0,0,0,0
163.512,0.7630,0,0,0,0
163.548,0.7621,0,0,0,0
163.582,0.7612,0,0,0,0
163.615,0.7607,0,0,0,0
163.652,0.7597,0,0,0,0
163.682,0.7586,0,0,0,0
163.714,0.7580,0,0,0,0
163.747,0.7567,0,0,0,0
163.779,0.7561,0,0,0,0
163.813,0.7547,0,0,0,0
163.846,0.7533,0,0,0,0
163.881,0.7518,0,0,0,0
163.914,0.7511,0,0,0,0
163.948,0.7495,2,5,5,2
163.980,0.7479,2,5,5,2
164.013,0.7471,2,5,5,2
164.047,0.7454,2,5,5,2
164.081,0.7438,2,5,5,2
164.114,0.7429,2,5,5,2
164.147,0.7412,2,5,5,2
164.180,0.7396,2,5,5,2
164.213,0.7387,2,5,5,2
164.245,0.7371,2,5,5,2
164.282,0.7354,2,5,5,2
164.312,0.7346,2,5,5,2
164.347,0.7330,2,5,5,2
164.379,0.7323,2,5,5,2
164.412,0.7307,2,5,5,2
164.446,0.7292,2,5,5,2
164.481,0.7278,2,5,5,2
164.515,0.7271,2,5,5,2
164.546,0.7257,2,5,5,2
164.579,0.7250,2,5,5,2
164.613,0.7237,2,5,5,2
164.645,0.7224,2,5,5,2
164.682,0.7211,2,5,5,2
164.715,0.7205,2,5,5,2
164.747,0.7192,2,5,5,2
164.779,0.7186,2,5,5,2
164.813,0.7174,2,5,5,2
164.846,0.7162,2,5,5,2
164.880,0.7150,2,5,5,2
164.913,0.7144,2,5,5,2
164.945,0.7132,2,5,5,2
164.979,0.7126,2,5,5,2
165.014,0.7115,2,5,5,2
165.044,0.7103,2,5,5,2
165.074,0.7097,2,5,5,2
165.112,0.7154,2,5,5,2
165.145,0.7200,2,5,5,2
165.179,0.7276,2,5,5,2
165.211,0.7328,2,5,5,2
165.245,0.7402,2,5,5,2
165.281,0.7641,2,5,5,2
165.315,0.7772,2,5,5,2
165.348,0.7810,2,5,5,2
165.378,0.7809,2,5,5,2
165.414,0.7801,2,5,5,2
165.447,0.7790,2,5,5,2
165.479,0.7784,2,5,5,2
165.515,0.7771,2,5,5,2
165.548,0.7760,2,5,5,2
165.579,0.7755,2,5,5,2
165.612,0.7747,2,5,5,2
165.645,0.7741,2,5,5,2
165.679,0.7739,2,5,5,2
165.713,0.7738,2,5,5,2
165.745,0.7732,2,5,5,2
165.781,0.7725,2,5,5,2
165.814,0.7721,2,5,5,2
165.848,0.7715,2,5,5,2
165.881,0.7709,2,5,5,2
165.911,0.7707,2,5,5,2
165.948,0.7703,2,5,5,2
165.981,0.7698,2,5,5,2
166.014,0.7695,2,5,5,2
166.047,0.7688,2,5,5,2
166.081,0.7680,2,5,5,2
166.112,0.7675,2,5,5,2
166.147,0.7639,2,5,5,2
166.178,0.7633,2,5,5,2
166.212,0.7639,2,5,5,2
166.248,0.7664,2,5,5,2
166.283,0.7685,2,5,5,2
166.313,0.7695,2,5,5,2
166.346,0.7710,2,5,5,2
166.378,0.7716,2,5,5,2
166.411,0.7727,2,5,5,2
166.447,0.7736,2,5,5,2
166.478,0.7737,2,5,5,2
166.513,0.7737,2,5,5,2
166.546,0.7733,2,5,5,2
166.579,0.7731,2,5,5,2
166.612,0.7727,2,5,5,2
166.648,0.7723,2,5,5,2
166.681,0.7720,2,5,5,2
166.713,0.7719,2,5,5,2
166.748,0.7718,2,5,5,2
166.780,0.7720,2,5,5,2
166.813,0.7722,2,5,5,2
166.846,0.7728,2,5,5,2
166.879,0.7732,2,5,5,2
166.912,0.7741,2,5,5,2
166.945,0.7749,2,5,5,2
166.981,0.7755,2,5,5,2
167.013,0.7758,2,5,5,2
167.051,0.7765,2,5,5,2
167.079,0.7770,2,5,5,2
167.150,0.7789,2,5,5,2
167.162,0.7791,2,5,5,2
167.186,0.7792,2,5,5,2
167.219,0.7793,2,5,5,2
167.252,0.7793,2,5,5,2
167.287,0.7797,2,5,5,2
167.318,0.7801,2,5,5,2
167.352,0.7806,2,5,5,2
167.386,0.7810,2,5,5,2
167.419,0.7810,2,5,5,2
167.454,0.7814,2,5,5,2
167.487,0.7820,2,5,5,2
167.520,0.7822,2,5,5,2
167.553,0.7822,2,5,5,2
167.587,0.7823,2,5,5,2
167.621,0.7830,2,5,5,2
167.654,0.7832,2,5,5,2
167.687,0.7835,2,5,5,2
167.721,0.7834,2,5,5,2
167.753,0.7835,2,5,5,2
167.788,0.7839,2,5,5,2
167.819,0.7839,2,5,5,2
167.852,0.7841,2,5,5,2
167.885,0.7845,2,5,5,2
167.921,0.7846,2,5,5,2
167.957,0.7845,2,5,5,2
167.988,0.7848,2,5,5,2
168.022,0.7850,2,5,5,2
168.055,0.7850,2,5,5,2
168.088,0.7855,2,5,5,2
168.121,0.7856,2,5,5,2
168.154,0.7856,0,0,0,0
168.187,0.7855,0,0,0,0
168.219,0.7857,0,0,0,0
168.251,0.7860,0,0,0,0
168.285,0.7860,0,0,0,0
168.318,0.7863,0,0,0,0
168.352,0.7864,0,0,0,0
168.385,0.7862,0,0,0,0
168.418,0.7863,0,0,0,0
168.453,0.7867,0,0,0,0
168.485,0.7866,0,0,0,0
168.520,0.7869,0,0,0,0
168.554,0.7870,0,0,0,0
