time,halfW01,d0,d1,d2,d3
2.878,0.9154,2,5,5,2
0.333,0.9312,2,5,5,2
0.364,0.9321,2,5,5,2
0.399,0.9337,2,5,5,2
0.435,0.9354,2,5,5,2
0.469,0.9362,2,5,5,2
0.499,0.9377,2,5,5,2
0.534,0.9393,2,5,5,2
0.565,0.9400,2,5,5,2
0.600,0.9415,2,5,5,2
0.633,0.9429,2,5,5,2
0.669,0.9436,2,5,5,2
0.701,0.9450,2,5,5,2
0.734,0.9463,2,5,5,2
0.767,0.9470,2,5,5,2
0.800,0.9482,2,5,5,2
0.832,0.9489,2,5,5,2
0.868,0.9501,2,5,5,2
0.898,0.9512,2,5,5,2
0.933,0.9524,2,5,5,2
0.968,0.9529,2,5,5,2
1.002,0.9540,2,5,5,2
1.033,0.9550,2,5,5,2
1.068,0.9555,2,5,5,2
1.098,0.9565,2,5,5,2
1.129,0.9570,2,5,5,2
1.167,0.9579,2,5,5,2
1.202,0.9588,2,5,5,2
1.232,0.9592,2,5,5,2
1.267,0.9600,2,5,5,2
1.292,0.9604,2,5,5,2
1.334,0.9616,2,5,5,2
1.369,0.9620,2,5,5,2
1.401,0.9627,2,5,5,2
1.432,0.9630,2,5,5,2
1.469,0.9637,2,5,5,2
1.502,0.9643,2,5,5,2
1.535,0.9649,0,0,0,0
1.569,0.9652,0,0,0,0
1.598,0.9658,0,0,0,0
1.635,0.9663,0,0,0,0
1.668,0.9666,0,0,0,0
1.701,0.9670,0,0,0,0
1.733,0.9675,0,0,0,0
1.766,0.9677,0,0,0,0
1.799,0.9681,0,0,0,0
1.836,0.9685,0,0,0,0
1.867,0.9687,0,0,0,0
1.898,0.9691,0,0,0,0
1.933,0.9694,0,0,0,0
1.967,0.9696,0,0,0,0
1.999,0.9699,0,0,0,0
2.032,0.9700,0,0,0,0
2.067,0.9703,0,0,0,0
2.100,0.9705,0,0,0,0
2.133,0.9708,0,0,0,0
2.168,0.9709,0,0,0,0
2.205,0.9711,0,0,0,0
2.233,0.9713,0,0,0,0
2.268,0.9714,0,0,0,0
2.303,0.9715,0,0,0,0
2.333,0.9717,0,0,0,0
2.368,0.9717,0,0,0,0
2.401,0.9718,0,0,0,0
2.432,0.9719,0,0,0,0
2.465,0.9720,0,0,0,0
2.500,0.9721,0,0,0,0
2.535,0.9722,0,0,0,0
2.568,0.9722,0,0,0,0
2.600,0.9723,0,0,0,0
2.635,0.9723,0,0,0,0
2.669,0.9723,0,0,0,0
2.701,0.9723,0,0,0,0
2.734,0.9723,0,0,0,0
2.765,0.9723,0,0,0,0
2.800,0.9723,0,0,0,0
2.834,0.9723,0,0,0,0
2.869,0.9723,0,0,0,0
2.900,0.9723,0,0,0,0
2.932,0.9723,0,0,0,0
2.967,0.9723,0,0,0,0
3.000,0.9722,0,0,0,0
3.033,0.9722,0,0,0,0
3.072,0.9722,0,0,0,0
3.101,0.9721,0,0,0,0
3.136,0.9720,0,0,0,0
3.158,0.9720,0,0,0,0
3.206,0.9719,0,0,0,0
3.234,0.9718,0,0,0,0
3.269,0.9718,0,0,0,0
3.305,0.9717,0,0,0,0
3.334,0.9716,0,0,0,0
3.368,0.9715,0,0,0,0
3.400,0.9714,0,0,0,0
3.433,0.9713,0,0,0,0
3.469,0.9712,0,0,0,0
3.500,0.9711,0,0,0,0
3.533,0.9710,0,0,0,0
3.568,0.9709,0,0,0,0
3.598,0.9708,0,0,0,0
3.638,0.9706,0,0,0,0
3.658,0.9706,0,0,0,0
3.700,0.9704,0,0,0,0
3.740,0.9703,0,0,0,0
3.758,0.9702,0,0,0,0
3.799,0.9701,0,0,0,0
3.832,0.9700,0,0,0,0
3.870,0.9699,0,0,0,0
3.900,0.9697,0,0,0,0
3.933,0.9696,0,0,0,0
3.967,0.9695,0,0,0,0
4.003,0.9694,0,0,0,0
4.032,0.9693,0,0,0,0
4.068,0.9692,0,0,0,0
4.104,0.9690,0,0,0,0
4.133,0.9689,0,0,0,0
4.166,0.9688,0,0,0,0
4.200,0.9687,0,0,0,0
4.224,0.9686,0,0,0,0
4.265,0.9684,0,0,0,0
4.299,0.9683,0,0,0,0
4.332,0.9682,0,0,0,0
4.368,0.9681,0,0,0,0
4.401,0.9680,0,0,0,0
4.436,0.9678,0,0,0,0
4.466,0.9677,0,0,0,0
4.501,0.9676,0,0,0,0
4.535,0.9675,0,0,0,0
4.569,0.9674,0,0,0,0
4.602,0.9673,0,0,0,0
4.634,0.9671,0,0,0,0
4.666,0.9671,0,0,0,0
4.699,0.9669,0,0,0,0
4.733,0.9668,0,0,0,0
4.768,0.9667,0,0,0,0
4.801,0.9666,0,0,0,0
4.839,0.9665,0,0,0,0
4.867,0.9664,0,0,0,0
4.906,0.9663,0,0,0,0
4.933,0.9661,0,0,0,0
4.972,0.9661,0,0,0,0
5.001,0.9660,0,0,0,0
5.034,0.9658,0,0,0,0
5.067,0.9658,0,0,0,0
5.100,0.9657,0,0,0,0
5.133,0.9655,0,0,0,0
5.169,0.9655,0,0,0,0
5.197,0.9654,0,0,0,0
5.235,0.9652,0,0,0,0
5.266,0.9652,0,0,0,0
5.304,0.9651,0,0,0,0
5.340,0.9650,0,0,0,0
5.358,0.9649,0,0,0,0
5.403,0.9648,0,0,0,0
5.437,0.9647,0,0,0,0
5.464,0.9646,0,0,0,0
5.503,0.9645,0,0,0,0
5.537,0.9644,0,0,0,0
5.567,0.9644,0,0,0,0
5.604,0.9643,0,0,0,0
5.633,0.9641,0,0,0,0
5.666,0.9641,0,0,0,0
5.701,0.9640,0,0,0,0
5.733,0.9639,0,0,0,0
5.770,0.9639,0,0,0,0
5.798,0.9638,0,0,0,0
5.832,0.9637,0,0,0,0
5.867,0.9636,0,0,0,0
5.900,0.9635,0,0,0,0
5.932,0.9635,0,0,0,0
5.966,0.9634,0,0,0,0
6.002,0.9633,0,0,0,0
6.036,0.9632,0,0,0,0
6.067,0.9632,0,0,0,0
6.100,0.9631,0,0,0,0
6.136,0.9630,0,0,0,0
6.167,0.9630,0,0,0,0
6.201,0.9629,0,0,0,0
6.226,0.9628,0,0,0,0
6.267,0.9628,0,0,0,0
6.301,0.9627,0,0,0,0
6.333,0.9626,0,0,0,0
6.366,0.9626,0,0,0,0
6.400,0.9625,0,0,0,0
6.436,0.9624,0,0,0,0
6.468,0.9624,0,0,0,0
6.500,0.9623,0,0,0,0
6.534,0.9623,0,0,0,0
6.569,0.9622,0,0,0,0
6.599,0.9622,0,0,0,0
6.633,0.9621,0,0,0,0
6.668,0.9621,0,0,0,0
6.699,0.9620,0,0,0,0
6.732,0.9620,0,0,0,0
6.767,0.9619,0,0,0,0
6.802,0.9619,0,0,0,0
6.836,0.9618,0,0,0,0
6.868,0.9618,0,0,0,0
6.900,0.9617,0,0,0,0
6.932,0.9617,0,0,0,0
6.966,0.9617,0,0,0,0
7.001,0.9616,0,0,0,0
7.035,0.9616,0,0,0,0
7.070,0.9615,0,0,0,0
7.103,0.9615,0,0,0,0
7.136,0.9615,0,0,0,0
7.167,0.9614,0,0,0,0
7.201,0.9614,0,0,0,0
7.233,0.9614,0,0,0,0
7.268,0.9613,0,0,0,0
7.301,0.9613,0,0,0,0
7.335,0.9613,0,0,0,0
7.367,0.9612,0,0,0,0
7.399,0.9612,0,0,0,0
7.433,0.9612,0,0,0,0
7.467,0.9611,0,0,0,0
7.499,0.9611,0,0,0,0
7.534,0.9611,0,0,0,0
7.565,0.9611,0,0,0,0
7.603,0.9610,0,0,0,0
7.635,0.9610,0,0,0,0
7.667,0.9610,0,0,0,0
7.703,0.9609,0,0,0,0
7.734,0.9609,0,0,0,0
7.766,0.9609,0,0,0,0
7.799,0.9609,0,0,0,0
7.834,0.9608,0,0,0,0
7.866,0.9608,0,0,0,0
7.902,0.9608,0,0,0,0
7.935,0.9608,0,0,0,0
7.965,0.9607,0,0,0,0
8.003,0.9607,0,0,0,0
8.026,0.9607,0,0,0,0
8.068,0.9607,0,0,0,0
8.102,0.9606,0,0,0,0
8.133,0.9606,0,0,0,0
8.167,0.9606,0,0,0,0
8.203,0.9606,0,0,0,0
8.225,0.9606,0,0,0,0
8.270,0.9605,0,0,0,0
8.299,0.9605,0,0,0,0
8.333,0.9605,0,0,0,0
8.367,0.9605,0,0,0,0
8.400,0.9604,0,0,0,0
8.435,0.9604,0,0,0,0
8.468,0.9604,0,0,0,0
8.502,0.9604,0,0,0,0
8.533,0.9604,0,0,0,0
8.569,0.9604,0,0,0,0
8.599,0.9603,0,0,0,0
8.633,0.9603,0,0,0,0
8.666,0.9603,0,0,0,0
8.700,0.9603,0,0,0,0
8.733,0.9603,0,0,0,0
8.767,0.9603,0,0,0,0
8.799,0.9603,0,0,0,0
8.833,0.9602,0,0,0,0
8.869,0.9602,0,0,0,0
8.899,0.9602,0,0,0,0
8.937,0.9602,0,0,0,0
8.969,0.9602,0,0,0,0
9.001,0.9602,0,0,0,0
9.035,0.9602,0,0,0,0
9.068,0.9602,0,0,0,0
9.104,0.9601,0,0,0,0
9.135,0.9601,0,0,0,0
9.167,0.9601,0,0,0,0
9.201,0.9601,0,0,0,0
9.236,0.9601,0,0,0,0
9.269,0.9601,0,0,0,0
9.300,0.9601,0,0,0,0
9.333,0.9601,0,0,0,0
9.370,0.9601,0,0,0,0
9.403,0.9601,0,0,0,0
9.435,0.9601,0,0,0,0
9.467,0.9600,0,0,0,0
9.502,0.9600,0,0,0,0
9.537,0.9600,0,0,0,0
9.569,0.9600,0,0,0,0
9.601,0.9600,0,0,0,0
9.636,0.9600,0,0,0,0
9.668,0.9600,0,0,0,0
9.700,0.9600,0,0,0,0
9.732,0.9600,0,0,0,0
9.769,0.9600,0,0,0,0
9.802,0.9600,0,0,0,0
9.832,0.9600,0,0,0,0
9.870,0.9600,0,0,0,0
9.901,0.9600,0,0,0,0
9.934,0.9600,0,0,0,0
9.968,0.9600,0,0,0,0
10.002,0.9600,0,0,0,0
10.038,0.9600,0,0,0,0
10.070,0.9600,0,0,0,0
10.100,0.9600,0,0,0,0
10.132,0.9600,0,0,0,0
10.166,0.9600,0,0,0,0
10.199,0.9600,0,0,0,0
10.233,0.9600,0,0,0,0
10.269,0.9600,0,0,0,0
10.302,0.9600,0,0,0,0
10.333,0.9600,0,0,0,0
10.368,0.9600,0,0,0,0
10.400,0.9600,0,0,0,0
10.433,0.9600,0,0,0,0
10.468,0.9600,0,0,0,0
10.502,0.9600,0,0,0,0
10.535,0.9600,0,0,0,0
10.569,0.9600,0,0,0,0
10.600,0.9600,0,0,0,0
10.625,0.9600,0,0,0,0
10.667,0.9600,0,0,0,0
10.699,0.9600,0,0,0,0
10.734,0.9600,0,0,0,0
10.767,0.9600,0,0,0,0
10.802,0.9600,0,0,0,0
10.833,0.9600,0,0,0,0
10.868,0.9600,0,0,0,0
10.902,0.9600,0,0,0,0
10.933,0.9600,0,0,0,0
10.968,0.9600,0,0,0,0
11.001,0.9600,0,0,0,0
11.034,0.9600,0,0,0,0
11.068,0.9600,0,0,0,0
11.102,0.9600,0,0,0,0
11.133,0.9600,0,0,0,0
11.169,0.9600,0,0,0,0
11.201,0.9600,0,0,0,0
11.236,0.9600,0,0,0,0
11.269,0.9600,0,0,0,0
11.300,0.9600,0,0,0,0
11.333,0.9600,0,0,0,0
11.365,0.9600,0,0,0,0
11.404,0.9600,0,0,0,0
11.437,0.9600,0,0,0,0
11.467,0.9600,0,0,0,0
11.499,0.9600,0,0,0,0
11.535,0.9600,0,0,0,0
11.570,0.9600,0,0,0,0
11.600,0.9600,0,0,0,0
11.632,0.9600,0,0,0,0
11.666,0.9601,0,0,0,0
11.701,0.9601,0,0,0,0
11.735,0.9601,0,0,0,0
11.766,0.9601,0,0,0,0
11.801,0.9601,0,0,0,0
11.834,0.9601,0,0,0,0
11.869,0.9601,0,0,0,0
11.903,0.9601,0,0,0,0
11.935,0.9601,0,0,0,0
11.965,0.9601,0,0,0,0
12.006,0.9601,0,0,0,0
12.033,0.9601,0,0,0,0
12.066,0.9601,0,0,0,0
12.099,0.9601,0,0,0,0
12.134,0.9601,0,0,0,0
12.169,0.9601,0,0,0,0
12.200,0.9601,0,0,0,0
12.235,0.9601,0,0,0,0
12.269,0.9601,0,0,0,0
12.298,0.9601,0,0,0,0
12.335,0.9601,0,0,0,0
12.370,0.9601,0,0,0,0
12.402,0.9601,0,0,0,0
12.437,0.9602,0,0,0,0
12.465,0.9602,0,0,0,0
12.500,0.9602,0,0,0,0
12.535,0.9602,0,0,0,0
12.568,0.9602,0,0,0,0
12.600,0.9602,0,0,0,0
12.633,0.9602,0,0,0,0
12.669,0.9602,0,0,0,0
12.699,0.9602,0,0,0,0
12.731,0.9602,0,0,0,0
12.768,0.9602,0,0,0,0
12.799,0.9602,0,0,0,0
12.833,0.9602,0,0,0,0
12.872,0.9602,0,0,0,0
12.900,0.9602,0,0,0,0
12.935,0.9602,0,0,0,0
12.969,0.9602,0,0,0,0
13.001,0.9602,0,0,0,0
13.034,0.9602,0,0,0,0
13.065,0.9602,0,0,0,0
13.100,0.9602,0,0,0,0
13.133,0.9602,0,0,0,0
13.172,0.9602,0,0,0,0
13.202,0.9603,0,0,0,0
13.233,0.9603,0,0,0,0
13.267,0.9603,0,0,0,0
13.299,0.9603,0,0,0,0
13.333,0.9603,0,0,0,0
13.366,0.9603,0,0,0,0
13.401,0.9603,0,0,0,0
13.433,0.9603,0,0,0,0
13.467,0.9603,0,0,0,0
13.492,0.9603,0,0,0,0
13.535,0.9603,0,0,0,0
13.566,0.9603,0,0,0,0
13.601,0.9603,0,0,0,0
13.633,0.9603,0,0,0,0
13.665,0.9603,0,0,0,0
13.700,0.9603,0,0,0,0
13.733,0.9603,0,0,0,0
13.767,0.9603,0,0,0,0
13.800,0.9603,0,0,0,0
13.834,0.9603,0,0,0,0
13.859,0.9603,0,0,0,0
13.900,0.9603,0,0,0,0
13.934,0.9603,0,0,0,0
13.969,0.9603,0,0,0,0
14.002,0.9603,0,0,0,0
14.036,0.9603,0,0,0,0
14.068,0.9603,0,0,0,0
14.099,0.9603,0,0,0,0
14.132,0.9603,0,0,0,0
14.172,0.9603,0,0,0,0
14.199,0.9604,0,0,0,0
14.232,0.9604,0,0,0,0
14.266,0.9604,0,0,0,0
14.301,0.9604,0,0,0,0
14.336,0.9604,0,0,0,0
14.365,0.9604,0,0,0,0
14.403,0.9604,0,0,0,0
14.434,0.9604,0,0,0,0
14.466,0.9604,0,0,0,0
14.499,0.9604,0,0,0,0
14.533,0.9604,0,0,0,0
14.568,0.9604,0,0,0,0
14.599,0.9604,0,0,0,0
14.640,0.9604,0,0,0,0
14.659,0.9604,0,0,0,0
14.705,0.9604,0,0,0,0
14.735,0.9604,0,0,0,0
14.766,0.9604,0,0,0,0
14.799,0.9604,0,0,0,0
14.834,0.9604,0,0,0,0
14.868,0.9604,0,0,0,0
14.899,0.9604,0,0,0,0
14.940,0.9604,0,0,0,0
14.959,0.9604,0,0,0,0
15.000,0.9604,0,0,0,0
15.034,0.9604,0,0,0,0
15.066,0.9604,0,0,0,0
15.106,0.9604,0,0,0,0
15.127,0.9604,0,0,0,0
15.168,0.9604,0,0,0,0
15.201,0.9604,0,0,0,0
15.234,0.9604,0,0,0,0
15.268,0.9604,0,0,0,0
15.301,0.9604,0,0,0,0
15.334,0.9604,0,0,0,0
15.370,0.9604,0,0,0,0
15.403,0.9604,0,0,0,0
15.433,0.9604,0,0,0,0
15.468,0.9604,0,0,0,0
15.501,0.9604,0,0,0,0
15.533,0.9604,0,0,0,0
15.570,0.9604,0,0,0,0
15.599,0.9604,0,0,0,0
15.635,0.9604,0,0,0,0
15.667,0.9604,0,0,0,0
15.700,0.9604,0,0,0,0
15.734,0.9604,0,0,0,0
15.769,0.9604,0,0,0,0
15.803,0.9604,0,0,0,0
15.837,0.9604,0,0,0,0
15.869,0.9604,0,0,0,0
15.901,0.9604,0,0,0,0
15.932,0.9604,0,0,0,0
15.968,0.9604,0,0,0,0
16.002,0.9604,0,0,0,0
16.034,0.9604,0,0,0,0
16.066,0.9604,0,0,0,0
16.099,0.9604,0,0,0,0
16.134,0.9604,0,0,0,0
16.170,0.9604,0,0,0,0
16.201,0.9604,0,0,0,0
16.236,0.9604,0,0,0,0
16.267,0.9604,0,0,0,0
16.303,0.9604,0,0,0,0
16.334,0.9604,0,0,0,0
16.369,0.9604,0,0,0,0
16.398,0.9604,0,0,0,0
16.435,0.9604,0,0,0,0
16.468,0.9604,0,0,0,0
16.500,0.9604,0,0,0,0
16.534,0.9604,0,0,0,0
16.569,0.9604,0,0,0,0
16.600,0.9604,0,0,0,0
16.627,0.9604,0,0,0,0
16.666,0.9604,0,0,0,0
16.702,0.9604,0,0,0,0
16.734,0.9604,0,0,0,0
16.768,0.9604,0,0,0,0
16.802,0.9604,0,0,0,0
16.836,0.9604,0,0,0,0
16.868,0.9604,0,0,0,0
16.899,0.9604,0,0,0,0
16.935,0.9604,0,0,0,0
16.966,0.9604,0,0,0,0
17.000,0.9604,0,0,0,0
17.033,0.9604,0,0,0,0
17.067,0.9604,0,0,0,0
17.102,0.9604,0,0,0,0
17.135,0.9604,0,0,0,0
17.158,0.9604,0,0,0,0
17.201,0.9604,0,0,0,0
17.234,0.9604,0,0,0,0
17.266,0.9604,0,0,0,0
17.299,0.9604,0,0,0,0
17.334,0.9604,0,0,0,0
17.366,0.9604,0,0,0,0
17.404,0.9604,0,0,0,0
17.433,0.9604,0,0,0,0
17.467,0.9604,0,0,0,0
17.501,0.9604,0,0,0,0
17.537,0.9604,0,0,0,0
17.569,0.9604,0,0,0,0
17.600,0.9604,0,0,0,0
17.636,0.9604,0,0,0,0
17.671,0.9604,0,0,0,0
17.699,0.9604,0,0,0,0
17.733,0.9604,0,0,0,0
17.766,0.9604,0,0,0,0
17.801,0.9604,0,0,0,0
17.834,0.9604,0,0,0,0
17.865,0.9604,0,0,0,0
17.902,0.9604,0,0,0,0
17.935,0.9604,0,0,0,0
17.966,0.9604,0,0,0,0
18.000,0.9604,0,0,0,0
18.033,0.9603,0,0,0,0
18.066,0.9603,0,0,0,0
18.100,0.9603,0,0,0,0
18.134,0.9603,0,0,0,0
18.168,0.9603,0,0,0,0
18.203,0.9603,0,0,0,0
18.235,0.9603,0,0,0,0
18.266,0.9603,0,0,0,0
18.300,0.9603,0,0,0,0
18.333,0.9603,0,0,0,0
18.365,0.9603,0,0,0,0
18.401,0.9603,0,0,0,0
18.433,0.9603,0,0,0,0
18.468,0.9603,0,0,0,0
18.502,0.9603,0,0,0,0
18.532,0.9603,0,0,0,0
18.566,0.9603,0,0,0,0
18.600,0.9603,0,0,0,0
18.634,0.9603,0,0,0,0
18.670,0.9603,0,0,0,0
18.700,0.9603,0,0,0,0
18.733,0.9603,0,0,0,0
18.768,0.9603,0,0,0,0
18.800,0.9603,0,0,0,0
18.835,0.9603,0,0,0,0
18.869,0.9603,0,0,0,0
18.902,0.9602,0,0,0,0
18.936,0.9602,0,0,0,0
18.966,0.9602,0,0,0,0
19.003,0.9602,0,0,0,0
19.036,0.9602,0,0,0,0
19.066,0.9602,0,0,0,0
19.102,0.9602,0,0,0,0
19.137,0.9602,0,0,0,0
19.169,0.9602,0,0,0,0
19.201,0.9602,0,0,0,0
19.236,0.9602,0,0,0,0
19.266,0.9602,0,0,0,0
19.300,0.9602,0,0,0,0
19.336,0.9602,0,0,0,0
19.368,0.9602,0,0,0,0
19.398,0.9602,0,0,0,0
19.436,0.9602,0,0,0,0
19.469,0.9601,0,0,0,0
19.503,0.9601,0,0,0,0
19.533,0.9601,0,0,0,0
19.567,0.9601,0,0,0,0
19.600,0.9601,0,0,0,0
19.634,0.9601,0,0,0,0
19.666,0.9601,0,0,0,0
19.701,0.9601,0,0,0,0
19.734,0.9601,0,0,0,0
19.767,0.9601,0,0,0,0
19.803,0.9601,0,0,0,0
19.836,0.9601,0,0,0,0
19.867,0.9601,0,0,0,0
19.900,0.9600,0,0,0,0
19.933,0.9600,0,0,0,0
19.969,0.9600,0,0,0,0
20.003,0.9600,0,0,0,0
20.036,0.9600,0,0,0,0
20.069,0.9600,0,0,0,0
20.099,0.9600,0,0,0,0
20.134,0.9600,0,0,0,0
20.169,0.9600,0,0,0,0
20.200,0.9600,0,0,0,0
20.234,0.9599,0,0,0,0
20.267,0.9599,0,0,0,0
20.300,0.9599,0,0,0,0
20.336,0.9599,0,0,0,0
20.366,0.9599,0,0,0,0
20.399,0.9599,0,0,0,0
20.434,0.9599,0,0,0,0
20.466,0.9599,0,0,0,0
20.500,0.9599,0,0,0,0
20.537,0.9598,0,0,0,0
20.568,0.9598,0,0,0,0
20.601,0.9598,0,0,0,0
20.633,0.9598,0,0,0,0
20.667,0.9598,0,0,0,0
20.701,0.9598,0,0,0,0
20.736,0.9598,0,0,0,0
20.768,0.9598,0,0,0,0
20.801,0.9598,0,0,0,0
20.832,0.9597,0,0,0,0
20.866,0.9597,0,0,0,0
20.901,0.9597,0,0,0,0
20.937,0.9597,0,0,0,0
20.969,0.9597,0,0,0,0
21.000,0.9597,0,0,0,0
21.035,0.9597,0,0,0,0
21.065,0.9596,0,0,0,0
21.099,0.9596,0,0,0,0
21.136,0.9596,0,0,0,0
21.169,0.9596,0,0,0,0
21.202,0.9596,0,0,0,0
21.233,0.9596,0,0,0,0
21.268,0.9596,0,0,0,0
21.301,0.9595,0,0,0,0
21.336,0.9595,0,0,0,0
21.366,0.9595,0,0,0,0
21.399,0.9595,0,0,0,0
21.436,0.9595,0,0,0,0
21.466,0.9595,0,0,0,0
21.500,0.9594,0,0,0,0
21.536,0.9594,0,0,0,0
21.566,0.9594,0,0,0,0
21.600,0.9594,0,0,0,0
21.636,0.9594,0,0,0,0
21.665,0.9594,0,0,0,0
21.705,0.9593,0,0,0,0
21.736,0.9593,0,0,0,0
21.766,0.9593,0,0,0,0
21.799,0.9593,0,0,0,0
21.832,0.9593,0,0,0,0
21.866,0.9592,0,0,0,0
21.901,0.9592,0,0,0,0
21.934,0.9592,0,0,0,0
21.966,0.9592,0,0,0,0
22.002,0.9592,0,0,0,0
22.032,0.9592,0,0,0,0
22.068,0.9591,0,0,0,0
22.103,0.9591,0,0,0,0
22.135,0.9591,0,0,0,0
22.166,0.9591,0,0,0,0
22.202,0.9590,0,0,0,0
22.234,0.9590,0,0,0,0
22.267,0.9590,0,0,0,0
22.301,0.9590,0,0,0,0
22.335,0.9590,0,0,0,0
22.371,0.9589,0,0,0,0
22.399,0.9589,0,0,0,0
22.431,0.9589,0,0,0,0
22.468,0.9589,0,0,0,0
22.500,0.9588,0,0,0,0
22.532,0.9588,0,0,0,0
22.566,0.9588,0,0,0,0
22.604,0.9588,0,0,0,0
22.638,0.9587,0,0,0,0
22.666,0.9587,0,0,0,0
22.700,0.9587,0,0,0,0
22.736,0.9587,0,0,0,0
22.767,0.9587,0,0,0,0
22.802,0.9586,0,0,0,0
22.839,0.9586,0,0,0,0
22.858,0.9586,0,0,0,0
22.899,0.9585,0,0,0,0
22.932,0.9585,0,0,0,0
22.966,0.9585,0,0,0,0
23.006,0.9585,0,0,0,0
23.032,0.9584,0,0,0,0
23.069,0.9584,0,0,0,0
23.101,0.9584,0,0,0,0
23.133,0.9584,0,0,0,0
23.172,0.9583,0,0,0,0
23.199,0.9583,0,0,0,0
23.235,0.9583,0,0,0,0
23.268,0.9582,0,0,0,0
23.298,0.9582,0,0,0,0
23.335,0.9582,0,0,0,0
23.369,0.9582,0,0,0,0
23.399,0.9581,0,0,0,0
23.432,0.9581,0,0,0,0
23.466,0.9581,0,0,0,0
23.500,0.9580,0,0,0,0
23.536,0.9580,0,0,0,0
23.569,0.9580,0,0,0,0
23.599,0.9579,0,0,0,0
23.636,0.9579,0,0,0,0
23.669,0.9579,0,0,0,0
23.699,0.9578,0,0,0,0
23.735,0.9578,0,0,0,0
23.765,0.9578,0,0,0,0
23.800,0.9577,0,0,0,0
23.836,0.9577,0,0,0,0
23.867,0.9577,0,0,0,0
23.900,0.9576,0,0,0,0
23.932,0.9576,0,0,0,0
23.964,0.9576,0,0,0,0
24.004,0.9575,0,0,0,0
24.038,0.9575,0,0,0,0
24.067,0.9575,0,0,0,0
24.099,0.9574,0,0,0,0
24.134,0.9574,0,0,0,0
24.167,0.9574,0,0,0,0
24.200,0.9573,0,0,0,0
24.234,0.9573,0,0,0,0
24.266,0.9573,0,0,0,0
24.299,0.9572,0,0,0,0
24.333,0.9572,0,0,0,0
24.371,0.9572,0,0,0,0
24.401,0.9571,0,0,0,0
24.434,0.9571,0,0,0,0
24.467,0.9570,0,0,0,0
24.500,0.9570,0,0,0,0
24.534,0.9570,0,0,0,0
24.567,0.9569,0,0,0,0
24.601,0.9569,0,0,0,0
24.633,0.9568,0,0,0,0
24.670,0.9568,0,0,0,0
24.701,0.9568,0,0,0,0
24.732,0.9567,0,0,0,0
24.767,0.9567,0,0,0,0
24.803,0.9566,0,0,0,0
24.834,0.9566,0,0,0,0
24.867,0.9566,0,0,0,0
24.899,0.9565,0,0,0,0
24.936,0.9565,0,0,0,0
24.967,0.9565,0,0,0,0
24.999,0.9564,0,0,0,0
25.032,0.9564,0,0,0,0
25.068,0.9563,0,0,0,0
25.101,0.9563,0,0,0,0
25.134,0.9562,0,0,0,0
25.169,0.9562,0,0,0,0
25.202,0.9562,0,0,0,0
25.233,0.9561,0,0,0,0
25.269,0.9561,0,0,0,0
25.299,0.9560,0,0,0,0
25.335,0.9560,0,0,0,0
25.366,0.9559,0,0,0,0
25.402,0.9559,0,0,0,0
25.433,0.9558,0,0,0,0
25.469,0.9558,0,0,0,0
25.500,0.9558,0,0,0,0
25.537,0.9557,0,0,0,0
25.568,0.9557,0,0,0,0
25.601,0.9556,0,0,0,0
25.634,0.9556,0,0,0,0
25.667,0.9555,0,0,0,0
25.699,0.9555,0,0,0,0
25.736,0.9554,0,0,0,0
25.766,0.9554,0,0,0,0
25.801,0.9553,0,0,0,0
25.834,0.9553,0,0,0,0
25.868,0.9553,0,0,0,0
25.902,0.9552,0,0,0,0
25.933,0.9552,0,0,0,0
25.966,0.9551,0,0,0,0
26.000,0.9552,0,0,0,0
26.034,0.9556,0,0,0,0
26.067,0.9558,0,0,0,0
26.103,0.9562,0,0,0,0
26.126,0.9564,0,0,0,0
26.168,0.9568,0,0,0,0
26.200,0.9571,0,0,0,0
26.234,0.9575,0,0,0,0
26.269,0.9577,0,0,0,0
26.300,0.9581,0,0,0,0
26.335,0.9585,0,0,0,0
26.369,0.9587,0,0,0,0
26.402,0.9590,0,0,0,0
26.433,0.9594,0,0,0,0
26.466,0.9596,0,0,0,0
26.499,0.9600,0,0,0,0
26.535,0.9603,0,0,0,0
26.570,0.9605,0,0,0,0
26.599,0.9609,0,0,0,0
26.635,0.9612,0,0,0,0
26.666,0.9614,0,0,0,0
26.701,0.9618,0,0,0,0
26.732,0.9619,0,0,0,0
26.766,0.9623,0,0,0,0
26.798,0.9626,0,0,0,0
26.833,0.9630,0,0,0,0
26.868,0.9632,0,0,0,0
26.901,0.9635,0,0,0,0
26.934,0.9639,0,0,0,0
26.969,0.9640,0,0,0,0
26.999,0.9644,0,0,0,0
27.033,0.9647,0,0,0,0
27.067,0.9649,0,0,0,0
27.100,0.9652,0,0,0,0
27.136,0.9656,0,0,0,0
27.168,0.9657,0,0,0,0
27.203,0.9661,0,0,0,0
27.234,0.9664,0,0,0,0
27.272,0.9666,0,0,0,0
27.300,0.9669,0,0,0,0
27.336,0.9672,0,0,0,0
27.370,0.9674,0,0,0,0
27.403,0.9677,0,0,0,0
27.437,0.9680,0,0,0,0
27.470,0.9682,0,0,0,0
27.507,0.9685,0,0,0,0
27.536,0.9688,0,0,0,0
27.569,0.9690,0,0,0,0
27.600,0.9693,0,0,0,0
27.635,0.9696,0,0,0,0
27.669,0.9698,0,0,0,0
27.701,0.9701,0,0,0,0
27.738,0.9704,0,0,0,0
27.768,0.9706,0,0,0,0
27.801,0.9709,0,0,0,0
27.835,0.9712,0,0,0,0
27.870,0.9713,0,0,0,0
27.904,0.9716,0,0,0,0
27.934,0.9719,0,0,0,0
27.968,0.9721,0,0,0,0
28.000,0.9724,0,0,0,0
28.037,0.9727,0,0,0,0
28.072,0.9728,0,0,0,0
28.104,0.9731,0,0,0,0
28.137,0.9734,0,0,0,0
28.176,0.9737,0,0,0,0
28.201,0.9739,0,0,0,0
28.238,0.9741,0,0,0,0
28.271,0.9743,0,0,0,0
28.303,0.9746,0,0,0,0
28.335,0.9749,0,0,0,0
28.369,0.9750,0,0,0,0
28.403,0.9753,0,0,0,0
28.438,0.9756,0,0,0,0
28.467,0.9757,0,0,0,0
28.503,0.9760,0,0,0,0
28.537,0.9763,0,0,0,0
28.573,0.9765,0,0,0,0
28.601,0.9767,0,0,0,0
28.637,0.9770,0,0,0,0
28.670,0.9771,0,0,0,0
28.702,0.9774,0,0,0,0
28.734,0.9776,0,0,0,0
28.768,0.9778,0,0,0,0
28.801,0.9780,0,0,0,0
28.834,0.9783,0,0,0,0
28.869,0.9784,0,0,0,0
28.903,0.9787,0,0,0,0
28.937,0.9790,0,0,0,0
28.969,0.9791,0,0,0,0
29.004,0.9794,0,0,0,0
29.037,0.9796,0,0,0,0
29.071,0.9797,0,0,0,0
29.101,0.9800,0,0,0,0
29.135,0.9803,0,0,0,0
29.169,0.9804,0,0,0,0
29.201,0.9806,0,0,0,0
29.235,0.9809,0,0,0,0
29.269,0.9810,0,0,0,0
29.302,0.9813,0,0,0,0
29.337,0.9815,0,0,0,0
29.371,0.9816,0,0,0,0
29.403,0.9819,0,0,0,0
29.437,0.9821,0,0,0,0
29.467,0.9823,0,0,0,0
29.500,0.9825,0,0,0,0
29.537,0.9827,0,0,0,0
29.567,0.9829,0,0,0,0
29.601,0.9831,0,0,0,0
29.637,0.9833,0,0,0,0
29.668,0.9835,0,0,0,0
29.704,0.9837,0,0,0,0
29.734,0.9839,0,0,0,0
29.767,0.9840,0,0,0,0
29.801,0.9843,0,0,0,0
29.835,0.9845,0,0,0,0
29.869,0.9846,0,0,0,0
29.901,0.9849,0,0,0,0
29.936,0.9851,0,0,0,0
29.969,0.9852,0,0,0,0
30.002,0.9854,0,0,0,0
30.036,0.9856,0,0,0,0
30.071,0.9858,0,0,0,0
30.103,0.9860,0,0,0,0
30.137,0.9862,0,0,0,0
30.167,0.9863,0,0,0,0
30.205,0.9865,0,0,0,0
30.234,0.9867,0,0,0,0
30.273,0.9870,0,0,0,0
30.304,0.9871,0,0,0,0
30.335,0.9873,0,0,0,0
30.369,0.9874,0,0,0,0
30.401,0.9876,0,0,0,0
30.434,0.9878,0,0,0,0
30.467,0.9879,0,0,0,0
30.503,0.9881,0,0,0,0
30.538,0.9883,0,0,0,0
30.570,0.9884,0,0,0,0
30.602,0.9886,0,0,0,0
30.636,0.9888,0,0,0,0
30.670,0.9889,0,0,0,0
30.704,0.9891,0,0,0,0
30.734,0.9893,0,0,0,0
30.769,0.9894,0,0,0,0
30.802,0.9896,0,0,0,0
30.837,0.9898,0,0,0,0
30.871,0.9899,0,0,0,0
30.903,0.9901,0,0,0,0
30.937,0.9903,0,0,0,0
30.967,0.9904,0,0,0,0
31.003,0.9906,0,0,0,0
31.036,0.9908,0,0,0,0
31.069,0.9908,0,0,0,0
31.105,0.9910,0,0,0,0
31.135,0.9912,0,0,0,0
31.168,0.9913,0,0,0,0
31.203,0.9915,0,0,0,0
31.237,0.9917,0,0,0,0
31.272,0.9917,0,0,0,0
31.301,0.9919,0,0,0,0
31.336,0.9921,0,0,0,0
31.369,0.9922,0,0,0,0
31.403,0.9923,0,0,0,0
31.437,0.9925,0,0,0,0
31.471,0.9926,0,0,0,0
31.504,0.9928,0,0,0,0
31.535,0.9929,0,0,0,0
31.572,0.9930,0,0,0,0
31.601,0.9932,0,0,0,0
31.637,0.9933,0,0,0,0
31.672,0.9934,0,0,0,0
31.704,0.9936,0,0,0,0
31.734,0.9937,0,0,0,0
31.770,0.9938,0,0,0,0
31.804,0.9939,0,0,0,0
31.838,0.9941,0,0,0,0
31.868,0.9942,0,0,0,0
31.902,0.9943,0,0,0,0
31.937,0.9945,0,0,0,0
31.970,0.9945,0,0,0,0
32.003,0.9947,0,0,0,0
32.037,0.9948,0,0,0,0
32.071,0.9949,0,0,0,0
32.103,0.9950,0,0,0,0
32.138,0.9951,0,0,0,0
32.169,0.9952,0,0,0,0
32.202,0.9953,0,0,0,0
32.235,0.9955,0,0,0,0
32.269,0.9955,0,0,0,0
32.302,0.9957,0,0,0,0
32.336,0.9958,0,0,0,0
32.367,0.9958,0,0,0,0
32.404,0.9960,0,0,0,0
32.437,0.9961,0,0,0,0
32.470,0.9961,0,0,0,0
32.503,0.9962,0,0,0,0
32.536,0.9964,0,0,0,0
32.569,0.9964,0,0,0,0
32.602,0.9965,0,0,0,0
32.636,0.9967,0,0,0,0
32.670,0.9967,0,0,0,0
32.703,0.9969,0,0,0,0
32.734,0.9970,0,0,0,0
32.769,0.9971,0,0,0,0
32.803,0.9972,0,0,0,0
32.837,0.9973,0,0,0,0
32.868,0.9974,0,0,0,0
32.901,0.9975,0,0,0,0
32.936,0.9976,0,0,0,0
32.970,0.9976,0,0,0,0
33.004,0.9977,0,0,0,0
33.038,0.9978,0,0,0,0
33.070,0.9978,0,0,0,0
33.103,0.9979,0,0,0,0
33.137,0.9980,0,0,0,0
33.170,0.9980,0,0,0,0
33.200,0.9981,0,0,0,0
33.238,0.9982,0,0,0,0
33.269,0.9982,0,0,0,0
33.302,0.9983,0,0,0,0
33.337,0.9983,0,0,0,0
33.369,0.9983,0,0,0,0
33.401,0.9984,0,0,0,0
33.436,0.9984,0,0,0,0
33.468,0.9985,0,0,0,0
33.501,0.9985,0,0,0,0
33.534,0.9986,0,0,0,0
33.570,0.9986,0,0,0,0
33.604,0.9986,0,0,0,0
33.637,0.9986,0,0,0,0
33.670,0.9987,0,0,0,0
33.700,0.9987,0,0,0,0
33.737,0.9987,0,0,0,0
33.770,0.9987,0,0,0,0
33.802,0.9987,0,0,0,0
33.833,0.9988,0,0,0,0
33.870,1.0000,0,0,0,0
33.902,1.0000,0,0,0,0
33.936,1.0000,0,0,0,0
33.968,0.9978,2,5,5,2
34.003,0.9925,2,5,5,2
34.034,0.9859,2,5,5,2
34.067,0.9768,2,5,5,2
34.104,0.9639,2,5,5,2
34.136,0.9511,2,5,5,2
34.169,0.9355,2,5,5,2
34.201,0.9186,2,5,5,2
34.235,0.9099,2,5,5,2
34.270,0.9343,2,5,5,2
34.304,0.9552,2,5,5,2
34.338,0.9683,2,5,5,2
34.367,0.9682,2,5,5,2
34.405,0.9681,2,5,5,2
34.436,0.9680,2,5,5,2
34.470,0.9679,2,5,5,2
34.503,0.9678,2,5,5,2
34.536,0.9677,2,5,5,2
34.566,0.9676,2,5,5,2
34.601,0.9643,2,5,5,2
34.637,0.9515,2,5,5,2
34.669,0.9306,2,5,5,2
34.701,0.9077,2,5,5,2
34.737,0.9076,2,5,5,2
34.770,0.9075,2,5,5,2
34.801,0.9073,2,5,5,2
34.835,0.9272,2,5,5,2
34.870,0.9025,2,5,5,2
34.903,0.9184,2,5,5,2
34.937,0.9357,2,5,5,2
34.967,0.9500,2,5,5,2
35.005,0.9647,2,5,5,2
35.034,0.9746,2,5,5,2
35.069,0.9842,2,5,5,2
35.101,0.9911,2,5,5,2
35.135,0.9960,2,5,5,2
35.167,0.9988,2,5,5,2
35.202,0.9995,2,5,5,2
35.237,0.9985,2,5,5,2
35.268,0.9965,2,5,5,2
35.304,0.9929,2,5,5,2
35.338,0.9862,2,5,5,2
35.367,0.9788,2,5,5,2
35.401,0.9683,2,5,5,2
35.435,0.9561,2,5,5,2
35.471,0.9461,2,5,5,2
35.501,0.9377,2,5,5,2
35.535,0.9331,2,5,5,2
35.568,0.9288,2,5,5,2
35.601,0.9254,2,5,5,2
35.637,0.9254,2,5,5,2
35.671,0.9254,2,5,5,2
35.701,0.9255,2,5,5,2
35.736,0.9255,2,5,5,2
35.767,0.9255,2,5,5,2
35.802,0.9255,2,5,5,2
35.834,0.9255,2,5,5,2
35.870,0.9255,2,5,5,2
35.899,0.9255,2,5,5,2
35.938,0.9255,2,5,5,2
35.968,0.9255,2,5,5,2
36.004,0.9256,2,5,5,2
36.034,0.9256,2,5,5,2
36.068,0.9256,2,5,5,2
36.102,0.9256,2,5,5,2
36.134,0.9256,2,5,5,2
36.170,0.9343,2,5,5,2
36.203,0.9365,2,5,5,2
36.235,0.9482,2,5,5,2
36.270,0.9618,2,5,5,2
36.303,0.9728,2,5,5,2
36.334,0.9809,2,5,5,2
36.369,0.9863,2,5,5,2
36.403,0.9888,2,5,5,2
36.434,0.9888,2,5,5,2
36.469,0.9887,2,5,5,2
36.501,0.9886,2,5,5,2
36.535,0.9885,2,5,5,2
36.567,0.9884,2,5,5,2
36.605,0.9883,2,5,5,2
36.635,0.9882,2,5,5,2
36.669,0.9924,2,5,5,2
36.703,0.9944,2,5,5,2
36.734,0.9941,2,5,5,2
36.769,0.9917,2,5,5,2
36.801,0.9873,2,5,5,2
36.835,0.9854,2,5,5,2
36.870,0.9853,2,5,5,2
36.903,0.9851,2,5,5,2
36.935,0.9848,2,5,5,2
36.967,0.9847,2,5,5,2
37.004,0.9845,2,5,5,2
37.034,0.9843,2,5,5,2
37.068,0.9842,2,5,5,2
37.101,0.9839,2,5,5,2
37.135,0.9837,2,5,5,2
37.171,0.9836,2,5,5,2
37.204,0.9834,2,5,5,2
37.234,0.9832,2,5,5,2
37.268,0.9831,2,5,5,2
37.302,0.9828,2,5,5,2
37.338,0.9826,2,5,5,2
37.372,0.9825,2,5,5,2
37.404,0.9823,2,5,5,2
37.434,0.9820,2,5,5,2
37.469,0.9819,2,5,5,2
37.503,0.9817,2,5,5,2
37.533,0.9815,2,5,5,2
37.568,0.9813,2,5,5,2
37.605,0.9811,2,5,5,2
37.637,0.9809,2,5,5,2
37.669,0.9808,2,5,5,2
37.703,0.9805,2,5,5,2
37.735,0.9805,2,5,5,2
37.770,0.9808,2,5,5,2
37.804,0.9812,2,5,5,2
37.837,0.9816,0,0,0,0
37.868,0.9818,0,0,0,0
37.903,0.9822,0,0,0,0
37.937,0.9826,0,0,0,0
37.971,0.9828,0,0,0,0
38.004,0.9832,0,0,0,0
38.035,0.9836,0,0,0,0
38.069,0.9838,0,0,0,0
38.102,0.9842,0,0,0,0
38.136,0.9846,0,0,0,0
38.171,0.9848,0,0,0,0
38.202,0.9851,0,0,0,0
38.236,0.9855,0,0,0,0
38.271,0.9857,0,0,0,0
38.303,0.9861,0,0,0,0
38.335,0.9864,0,0,0,0
38.369,0.9866,0,0,0,0
38.404,0.9870,0,0,0,0
38.434,0.9873,0,0,0,0
38.470,0.9875,0,0,0,0
38.504,0.9878,0,0,0,0
38.537,0.9882,0,0,0,0
38.571,0.9884,0,0,0,0
38.603,0.9887,0,0,0,0
38.637,0.9890,0,0,0,0
38.668,0.9892,0,0,0,0
38.701,0.9895,0,0,0,0
38.734,0.9898,0,0,0,0
38.772,0.9900,0,0,0,0
38.804,0.9903,0,0,0,0
38.834,0.9906,0,0,0,0
38.869,0.9907,0,0,0,0
38.901,0.9910,0,0,0,0
38.938,0.9913,0,0,0,0
38.969,0.9915,0,0,0,0
39.004,0.9918,0,0,0,0
39.034,0.9920,0,0,0,0
39.070,0.9922,0,0,0,0
39.103,0.9925,0,0,0,0
39.135,0.9927,0,0,0,0
39.171,0.9929,0,0,0,0
39.203,0.9931,0,0,0,0
39.237,0.9934,0,0,0,0
39.270,0.9935,0,0,0,0
39.303,0.9938,0,0,0,0
39.334,0.9940,0,0,0,0
39.369,0.9941,0,0,0,0
39.403,0.9944,0,0,0,0
39.438,0.9946,0,0,0,0
39.471,0.9947,0,0,0,0
39.501,0.9949,0,0,0,0
39.535,0.9952,0,0,0,0
39.570,0.9953,0,0,0,0
39.603,0.9955,0,0,0,0
39.636,0.9957,0,0,0,0
39.673,0.9959,0,0,0,0
39.700,0.9960,0,0,0,0
39.738,0.9962,0,0,0,0
39.771,0.9963,0,0,0,0
39.801,0.9965,0,0,0,0
39.834,0.9967,0,0,0,0
39.872,0.9968,0,0,0,0
39.901,0.9970,0,0,0,0
39.938,0.9972,0,0,0,0
39.969,0.9973,0,0,0,0
40.002,0.9974,0,0,0,0
40.036,0.9976,0,0,0,0
40.070,0.9977,0,0,0,0
40.103,0.9979,0,0,0,0
40.138,0.9980,0,0,0,0
40.167,0.9981,0,0,0,0
40.204,0.9983,0,0,0,0
40.238,0.9984,0,0,0,0
40.267,0.9985,0,0,0,0
40.305,0.9987,0,0,0,0
40.337,0.9988,0,0,0,0
40.366,0.9989,0,0,0,0
40.401,0.9990,0,0,0,0
40.434,0.9992,0,0,0,0
40.469,0.9992,0,0,0,0
40.503,0.9994,0,0,0,0
40.537,0.9995,0,0,0,0
40.570,0.9996,0,0,0,0
40.602,0.9997,0,0,0,0
40.636,0.9998,0,0,0,0
40.671,0.9999,0,0,0,0
40.701,1.0000,0,0,0,0
40.740,1.0000,0,0,0,0
40.769,1.0000,0,0,0,0
40.801,1.0000,0,0,0,0
40.836,1.0000,0,0,0,0
40.868,1.0000,0,0,0,0
40.900,1.0000,0,0,0,0
40.935,1.0000,0,0,0,0
40.969,1.0000,0,0,0,0
41.001,1.0000,0,0,0,0
41.033,1.0000,0,0,0,0
41.068,1.0000,0,0,0,0
41.101,1.0000,0,0,0,0
41.134,1.0000,0,0,0,0
41.167,1.0000,0,0,0,0
41.203,1.0000,0,0,0,0
41.237,1.0000,0,0,0,0
41.270,1.0000,0,0,0,0
41.304,1.0000,0,0,0,0
41.334,1.0000,0,0,0,0
41.368,1.0000,0,0,0,0
41.400,1.0000,0,0,0,0
41.435,1.0000,0,0,0,0
41.470,1.0000,0,0,0,0
41.503,1.0000,0,0,0,0
41.537,1.0000,0,0,0,0
41.571,1.0000,0,0,0,0
41.603,1.0000,0,0,0,0
41.637,1.0000,0,0,0,0
41.667,1.0000,0,0,0,0
41.700,1.0000,0,0,0,0
41.739,1.0000,0,0,0,0
41.771,1.0000,0,0,0,0
41.802,1.0000,0,0,0,0
41.837,1.0000,0,0,0,0
41.870,1.0000,0,0,0,0
41.901,1.0000,0,0,0,0
41.935,1.0000,0,0,0,0
41.969,1.0000,0,0,0,0
42.001,1.0000,0,0,0,0
42.036,1.0000,0,0,0,0
42.070,1.0000,0,0,0,0
42.100,1.0000,0,0,0,0
42.136,1.0000,0,0,0,0
42.171,1.0000,0,0,0,0
42.203,1.0000,0,0,0,0
42.238,1.0000,0,0,0,0
42.271,1.0000,0,0,0,0
42.303,1.0000,0,0,0,0
42.336,1.0000,0,0,0,0
42.367,1.0000,0,0,0,0
42.403,1.0000,0,0,0,0
42.435,1.0000,0,0,0,0
42.468,1.0000,0,0,0,0
42.505,1.0000,0,0,0,0
42.537,1.0000,0,0,0,0
42.571,1.0000,0,0,0,0
42.602,1.0000,0,0,0,0
42.635,1.0000,0,0,0,0
42.669,1.0000,0,0,0,0
42.701,1.0000,0,0,0,0
42.735,1.0000,0,0,0,0
42.770,1.0000,0,0,0,0
42.804,1.0000,0,0,0,0
42.834,1.0000,0,0,0,0
42.870,1.0000,0,0,0,0
42.904,1.0000,0,0,0,0
42.938,1.0000,0,0,0,0
42.968,1.0000,0,0,0,0
43.001,1.0000,0,0,0,0
43.037,1.0000,0,0,0,0
43.072,1.0000,0,0,0,0
43.108,1.0000,0,0,0,0
43.138,1.0000,0,0,0,0
43.167,1.0000,0,0,0,0
43.200,1.0000,0,0,0,0
43.234,1.0000,0,0,0,0
43.269,1.0000,0,0,0,0
43.301,1.0000,0,0,0,0
43.336,1.0000,0,0,0,0
43.370,1.0000,0,0,0,0
43.403,1.0000,0,0,0,0
43.434,1.0000,0,0,0,0
43.470,1.0000,0,0,0,0
43.503,1.0000,0,0,0,0
43.537,0.9971,2,5,5,2
43.569,0.9897,2,5,5,2
43.602,0.9798,2,5,5,2
43.637,0.9670,2,5,5,2
43.667,0.9544,2,5,5,2
43.705,0.9362,2,5,5,2
43.736,0.9190,2,5,5,2
43.766,0.9012,2,5,5,2
43.801,0.9117,2,5,5,2
43.837,0.9349,2,5,5,2
43.872,0.9553,2,5,5,2
43.902,0.9714,2,5,5,2
43.938,0.9879,2,5,5,2
43.971,1.0000,2,5,5,2
44.001,1.0000,2,5,5,2
44.037,1.0000,2,5,5,2
44.071,1.0000,2,5,5,2
44.103,1.0000,2,5,5,2
44.137,1.0000,2,5,5,2
44.167,1.0000,2,5,5,2
44.200,1.0000,2,5,5,2
44.237,1.0000,2,5,5,2
44.269,1.0000,2,5,5,2
44.305,1.0000,2,5,5,2
44.334,1.0000,2,5,5,2
44.367,0.9890,2,5,5,2
44.404,0.9722,2,5,5,2
44.434,0.9565,2,5,5,2
44.470,0.9354,2,5,5,2
44.505,0.9126,2,5,5,2
44.538,0.8961,2,5,5,2
44.568,0.8918,2,5,5,2
44.603,0.9129,2,5,5,2
44.637,0.9306,2,5,5,2
44.670,0.9463,2,5,5,2
44.703,0.9594,2,5,5,2
44.737,0.9710,2,5,5,2
44.767,0.9796,2,5,5,2
44.805,0.9877,2,5,5,2
44.837,0.9926,2,5,5,2
44.870,0.9955,2,5,5,2
44.904,0.9955,2,5,5,2
44.936,0.9955,2,5,5,2
44.969,0.9956,2,5,5,2
45.001,0.9453,2,5,5,2
45.034,0.9589,2,5,5,2
45.070,0.9713,2,5,5,2
45.103,0.9807,2,5,5,2
45.137,0.9877,2,5,5,2
45.171,0.9877,2,5,5,2
45.202,0.9878,2,5,5,2
45.237,0.9879,2,5,5,2
45.267,0.9879,2,5,5,2
45.301,0.9879,2,5,5,2
45.338,0.9880,2,5,5,2
45.370,0.9880,2,5,5,2
45.404,0.9881,2,5,5,2
45.438,0.9881,2,5,5,2
45.467,0.9881,2,5,5,2
45.504,0.9882,2,5,5,2
45.534,0.9882,2,5,5,2
45.570,0.9883,2,5,5,2
45.603,0.9883,2,5,5,2
45.637,0.9884,2,5,5,2
45.668,0.9884,2,5,5,2
45.700,0.9884,2,5,5,2
45.735,0.9885,2,5,5,2
45.768,0.9885,2,5,5,2
45.804,0.9885,2,5,5,2
45.838,0.9886,2,5,5,2
45.868,0.9886,2,5,5,2
45.905,0.9887,2,5,5,2
45.937,0.9887,2,5,5,2
45.971,0.9887,2,5,5,2
46.004,0.9888,2,5,5,2
46.034,0.9888,2,5,5,2
46.070,0.9889,2,5,5,2
46.101,0.9889,2,5,5,2
46.134,0.9896,2,5,5,2
46.168,0.9906,0,0,0,0
46.201,0.9918,0,0,0,0
46.236,0.9943,2,5,5,2
46.271,0.9970,2,5,5,2
46.302,0.9975,2,5,5,2
46.337,0.9960,2,5,5,2
46.371,0.9925,2,5,5,2
46.404,0.9900,2,5,5,2
46.437,0.9855,2,5,5,2
46.467,0.9830,2,5,5,2
46.503,0.9816,2,5,5,2
46.538,0.9800,2,5,5,2
46.567,0.9792,2,5,5,2
46.605,0.9776,2,5,5,2
46.643,0.9760,2,5,5,2
46.664,0.9753,2,5,5,2
46.701,0.9740,2,5,5,2
46.736,0.9728,2,5,5,2
46.771,0.9723,2,5,5,2
46.802,0.9713,2,5,5,2
46.837,0.9705,2,5,5,2
46.869,0.9702,2,5,5,2
46.901,0.9696,2,5,5,2
46.934,0.9691,2,5,5,2
46.968,0.9689,2,5,5,2
47.001,0.9685,2,5,5,2
47.034,0.9683,2,5,5,2
47.070,0.9681,2,5,5,2
47.103,0.9680,2,5,5,2
47.136,0.9678,2,5,5,2
47.170,0.9678,2,5,5,2
47.201,0.9677,2,5,5,2
47.235,0.9676,2,5,5,2
47.267,0.9676,2,5,5,2
47.307,0.9683,2,5,5,2
47.337,0.9682,2,5,5,2
47.369,0.9682,2,5,5,2
47.403,0.9682,2,5,5,2
47.437,0.9682,2,5,5,2
47.470,0.9682,2,5,5,2
47.501,0.9682,2,5,5,2
47.537,0.9682,2,5,5,2
47.571,0.9682,2,5,5,2
47.602,0.9682,2,5,5,2
47.635,0.9682,2,5,5,2
47.668,0.9682,0,0,0,0
47.704,0.9682,0,0,0,0
47.738,0.9682,0,0,0,0
47.767,0.9682,0,0,0,0
47.804,0.9682,0,0,0,0
47.838,0.9682,0,0,0,0
47.871,0.9682,0,0,0,0
47.902,0.9682,0,0,0,0
47.936,0.9682,0,0,0,0
47.969,0.9682,0,0,0,0
48.005,0.9682,0,0,0,0
48.037,0.9682,0,0,0,0
48.068,0.9682,0,0,0,0
48.104,0.9682,0,0,0,0
48.137,0.9682,0,0,0,0
48.168,0.9682,0,0,0,0
48.203,0.9682,0,0,0,0
48.236,0.9682,0,0,0,0
48.267,0.9682,0,0,0,0
48.304,0.9682,0,0,0,0
48.337,0.9682,0,0,0,0
48.371,0.9682,0,0,0,0
48.403,0.9682,0,0,0,0
48.437,0.9683,0,0,0,0
48.470,0.9683,0,0,0,0
48.503,0.9684,0,0,0,0
48.539,0.9688,0,0,0,0
48.568,0.9692,0,0,0,0
48.603,0.9704,0,0,0,0
48.634,0.9720,2,5,5,2
48.672,0.9729,2,5,5,2
48.701,0.9746,2,5,5,2
48.739,0.9764,2,5,5,2
48.768,0.9772,2,5,5,2
48.802,0.9788,2,5,5,2
48.834,0.9803,2,5,5,2
48.870,0.9809,2,5,5,2
48.905,0.9821,2,5,5,2
48.934,0.9831,2,5,5,2
48.971,0.9836,2,5,5,2
49.003,0.9843,2,5,5,2
49.036,0.9850,2,5,5,2
49.070,0.9853,2,5,5,2
49.104,0.9858,2,5,5,2
49.136,0.9862,2,5,5,2
49.170,0.9863,2,5,5,2
49.203,0.9866,2,5,5,2
49.234,0.9869,2,5,5,2
49.269,0.9870,2,5,5,2
49.302,0.9871,2,5,5,2
49.336,0.9873,2,5,5,2
49.369,0.9873,2,5,5,2
49.401,0.9875,2,5,5,2
49.438,0.9875,2,5,5,2
49.472,0.9876,2,5,5,2
49.504,0.9877,2,5,5,2
49.534,0.9877,2,5,5,2
49.569,0.9877,2,5,5,2
49.600,0.9878,2,5,5,2
49.637,0.9879,2,5,5,2
49.669,0.9879,2,5,5,2
49.701,0.9879,2,5,5,2
49.734,0.9880,2,5,5,2
49.768,0.9880,2,5,5,2
49.800,0.9880,2,5,5,2
49.834,0.9881,0,0,0,0
49.867,0.9881,0,0,0,0
49.903,0.9881,0,0,0,0
49.931,0.9882,0,0,0,0
49.967,0.9882,0,0,0,0
50.001,0.9882,0,0,0,0
50.035,0.9883,0,0,0,0
50.068,0.9883,0,0,0,0
50.103,0.9883,0,0,0,0
50.133,0.9884,0,0,0,0
50.169,0.9884,0,0,0,0
50.202,0.9883,0,0,0,0
50.234,0.9877,0,0,0,0
50.267,0.9872,0,0,0,0
50.301,0.9856,2,5,5,2
50.336,0.9831,2,5,5,2
50.367,0.9815,2,5,5,2
50.402,0.9776,2,5,5,2
50.437,0.9729,2,5,5,2
50.467,0.9702,2,5,5,2
50.501,0.9642,2,5,5,2
50.534,0.9576,2,5,5,2
50.569,0.9540,2,5,5,2
50.602,0.9464,2,5,5,2
50.636,0.9383,2,5,5,2
50.669,0.9341,2,5,5,2
50.703,0.9253,2,5,5,2
50.736,0.9162,2,5,5,2
50.769,0.9115,2,5,5,2
50.802,0.9019,2,5,5,2
50.837,0.8921,2,5,5,2
50.868,0.8872,2,5,5,2
50.902,0.8771,2,5,5,2
50.936,0.8670,2,5,5,2
50.970,0.8619,2,5,5,2
51.004,0.8519,2,5,5,2
51.037,0.8420,2,5,5,2
51.068,0.8371,2,5,5,2
51.103,0.8277,2,5,5,2
51.133,0.8185,2,5,5,2
51.169,0.8140,2,5,5,2
51.203,0.8049,2,5,5,2
51.237,0.7958,2,5,5,2
51.269,0.7913,2,5,5,2
51.303,0.7820,2,5,5,2
51.336,0.7727,2,5,5,2
51.370,0.7680,2,5,5,2
51.404,0.7585,2,5,5,2
51.437,0.7488,1,6,6,1
51.467,0.7440,1,6,6,1
51.502,0.7341,1,6,6,1
51.537,0.7241,1,6,6,1
51.567,0.7191,1,6,6,1
51.602,0.7090,1,6,6,1
51.636,0.6988,1,6,6,1
51.670,0.6937,1,6,6,1
51.703,0.6833,1,6,6,1
51.737,0.6728,1,6,6,1
51.767,0.6676,1,6,6,1
51.801,0.6570,1,6,6,1
51.837,0.6464,1,6,6,1
51.869,0.6411,1,6,6,1
51.905,0.6304,1,6,6,1
51.933,0.6196,1,6,6,1
51.971,0.6143,1,6,6,1
52.004,0.6035,1,6,6,1
52.035,0.5926,1,6,6,1
52.069,0.5872,1,6,6,1
52.104,0.5764,1,6,6,1
52.136,0.5655,1,6,6,1
52.168,0.5601,1,6,6,1
52.204,0.5493,1,6,6,1
52.238,0.5384,1,6,6,1
52.271,0.5330,1,6,6,1
52.304,0.5221,1,6,6,1
52.336,0.5113,1,6,6,1
52.370,0.5059,1,6,6,1
52.402,0.4951,0,7,7,0
52.434,0.4843,0,7,7,0
52.469,0.4789,0,7,7,0
52.501,0.4682,0,7,7,0
52.535,0.4574,0,7,7,0
52.569,0.4521,0,7,7,0
52.601,0.4414,0,7,7,0
52.634,0.4307,0,7,7,0
52.667,0.4254,0,7,7,0
52.704,0.4147,0,7,7,0
52.737,0.4041,0,7,7,0
52.770,0.3988,0,7,7,0
52.802,0.3879,0,7,7,0
52.837,0.3766,0,7,7,0
52.867,0.3709,0,7,7,0
52.901,0.3592,0,7,7,0
52.936,0.3475,0,7,7,0
52.966,0.3417,0,7,7,0
53.001,0.3301,0,7,7,0
53.034,0.3188,0,7,7,0
53.069,0.3132,0,7,7,0
53.103,0.3020,0,7,7,0
53.138,0.2911,0,7,7,0
53.168,0.2857,0,7,7,0
53.204,0.2749,0,7,7,0
53.234,0.2644,0,7,7,0
53.268,0.2593,0,7,7,0
53.305,0.2494,0,7,7,0
53.336,0.2407,0,7,7,0
53.368,0.2369,0,7,7,0
53.405,0.2305,0,7,7,0
53.436,0.2258,0,7,7,0
53.469,0.2240,0,7,7,0
53.501,0.2216,0,7,7,0
53.535,0.2204,0,7,7,0
53.570,0.2202,0,7,7,0
53.602,0.2211,0,7,7,0
53.639,0.2236,0,7,7,0
53.668,0.2255,0,7,7,0
53.704,0.2308,0,7,7,0
53.734,0.2377,0,7,7,0
53.768,0.2415,0,7,7,0
53.801,0.2500,0,7,7,0
53.837,0.2590,0,7,7,0
53.868,0.2636,0,7,7,0
53.904,0.2731,0,7,7,0
53.934,0.2825,0,7,7,0
53.971,0.2871,0,7,7,0
54.004,0.2963,0,7,7,0
54.037,0.3054,0,7,7,0
54.069,0.3098,0,7,7,0
54.101,0.3186,0,7,7,0
54.136,0.3271,0,7,7,0
54.170,0.3313,0,7,7,0
54.201,0.3397,0,7,7,0
54.234,0.3481,0,7,7,0
54.272,0.3522,0,7,7,0
54.302,0.3606,0,7,7,0
54.335,0.3690,0,7,7,0
54.368,0.3731,0,7,7,0
54.404,0.3815,0,7,7,0
54.437,0.3900,0,7,7,0
54.471,0.3942,0,7,7,0
54.502,0.4027,0,7,7,0
54.537,0.4112,0,7,7,0
54.569,0.4154,0,7,7,0
54.604,0.4240,0,7,7,0
54.638,0.4325,0,7,7,0
54.670,0.4368,0,7,7,0
54.702,0.4454,0,7,7,0
54.737,0.4539,0,7,7,0
54.771,0.4582,0,7,7,0
54.803,0.4667,0,7,7,0
54.836,0.4749,0,7,7,0
54.870,0.4786,0,7,7,0
54.902,0.4854,0,7,7,0
54.937,0.4911,1,6,6,1
54.959,0.4935,1,6,6,1
55.002,0.4975,1,6,6,1
55.036,0.5007,1,6,6,1
55.071,0.5019,1,6,6,1
55.101,0.5039,1,6,6,1
55.137,0.5053,1,6,6,1
55.170,0.5058,1,6,6,1
55.202,0.5066,1,6,6,1
55.236,0.5070,1,6,6,1
55.269,0.5072,1,6,6,1
55.301,0.5074,1,6,6,1
55.339,0.5075,1,6,6,1
55.371,0.5075,1,6,6,1
55.401,0.5075,1,6,6,1
55.433,0.5075,1,6,6,1
55.469,0.5075,1,6,6,1
55.505,0.5075,1,6,6,1
55.536,0.5076,1,6,6,1
55.570,0.5076,1,6,6,1
55.604,0.5077,1,6,6,1
55.634,0.5078,1,6,6,1
55.668,0.5079,1,6,6,1
55.703,0.5080,1,6,6,1
55.737,0.5082,1,6,6,1
55.767,0.5082,1,6,6,1
55.805,0.5084,1,6,6,1
55.838,0.5086,1,6,6,1
55.870,0.5087,1,6,6,1
55.904,0.5089,1,6,6,1
55.936,0.5090,1,6,6,1
55.968,0.5091,1,6,6,1
56.002,0.5093,1,6,6,1
56.034,0.5095,1,6,6,1
56.070,0.5095,1,6,6,1
56.101,0.5097,1,6,6,1
56.136,0.5098,0,0,0,0
56.170,0.5099,0,0,0,0
56.203,0.5101,0,0,0,0
56.236,0.5102,0,0,0,0
56.270,0.5103,0,0,0,0
56.302,0.5104,0,0,0,0
56.334,0.5105,0,0,0,0
56.358,0.5106,0,0,0,0
56.404,0.5107,0,0,0,0
56.436,0.5108,0,0,0,0
56.470,0.5109,0,0,0,0
56.503,0.5110,0,0,0,0
56.536,0.5111,0,0,0,0
56.569,0.5111,0,0,0,0
56.605,0.5112,0,0,0,0
56.637,0.5113,0,0,0,0
56.670,0.5114,0,0,0,0
56.702,0.5115,0,0,0,0
56.736,0.5115,0,0,0,0
56.768,0.5116,0,0,0,0
56.801,0.5117,0,0,0,0
56.834,0.5118,0,0,0,0
56.867,0.5118,0,0,0,0
56.904,0.5119,0,0,0,0
56.937,0.5119,0,0,0,0
56.970,0.5120,0,0,0,0
57.001,0.5121,0,0,0,0
57.041,0.5121,0,0,0,0
57.070,0.5122,0,0,0,0
57.104,0.5122,0,0,0,0
57.137,0.5123,0,0,0,0
57.168,0.5123,0,0,0,0
57.203,0.5124,0,0,0,0
57.235,0.5124,0,0,0,0
57.270,0.5125,0,0,0,0
57.304,0.5125,0,0,0,0
57.336,0.5126,0,0,0,0
57.369,0.5126,0,0,0,0
57.401,0.5126,0,0,0,0
57.434,0.5127,0,0,0,0
57.469,0.5127,0,0,0,0
57.501,0.5127,0,0,0,0
57.536,0.5128,0,0,0,0
57.568,0.5128,0,0,0,0
57.603,0.5129,0,0,0,0
57.637,0.5129,0,0,0,0
57.670,0.5129,0,0,0,0
57.700,0.5129,0,0,0,0
57.740,0.5130,0,0,0,0
57.770,0.5130,0,0,0,0
57.802,0.5130,0,0,0,0
57.836,0.5131,0,0,0,0
57.871,0.5131,0,0,0,0
57.901,0.5131,0,0,0,0
57.938,0.5131,0,0,0,0
57.967,0.5131,0,0,0,0
58.004,0.5132,0,0,0,0
58.036,0.5132,0,0,0,0
58.069,0.5132,0,0,0,0
58.101,0.5132,0,0,0,0
58.137,0.5133,0,0,0,0
58.168,0.5133,0,0,0,0
58.201,0.5133,0,0,0,0
58.239,0.5133,0,0,0,0
58.271,0.5133,0,0,0,0
58.302,0.5133,0,0,0,0
58.337,0.5134,0,0,0,0
58.368,0.5134,0,0,0,0
58.407,0.5134,0,0,0,0
58.433,0.5134,0,0,0,0
58.470,0.5134,0,0,0,0
58.504,0.5134,0,0,0,0
58.538,0.5134,0,0,0,0
58.567,0.5134,0,0,0,0
58.602,0.5134,0,0,0,0
58.637,0.5135,0,0,0,0
58.669,0.5135,0,0,0,0
58.703,0.5135,0,0,0,0
58.734,0.5135,0,0,0,0
58.769,0.5135,0,0,0,0
58.801,0.5135,0,0,0,0
58.837,0.5135,0,0,0,0
58.870,0.5135,0,0,0,0
58.903,0.5135,0,0,0,0
58.936,0.5135,0,0,0,0
58.967,0.5135,0,0,0,0
59.003,0.5135,0,0,0,0
59.039,0.5135,0,0,0,0
59.070,0.5135,0,0,0,0
59.105,0.5136,0,0,0,0
59.136,0.5136,0,0,0,0
59.167,0.5136,0,0,0,0
59.201,0.5136,0,0,0,0
59.238,0.5136,0,0,0,0
59.267,0.5136,0,0,0,0
59.302,0.5136,0,0,0,0
59.336,0.5136,0,0,0,0
59.371,0.5136,0,0,0,0
59.401,0.5136,0,0,0,0
59.438,0.5136,0,0,0,0
59.468,0.5136,0,0,0,0
59.501,0.5136,0,0,0,0
59.534,0.5136,0,0,0,0
59.569,0.5136,0,0,0,0
59.604,0.5136,0,0,0,0
59.636,0.5136,0,0,0,0
59.670,0.5136,0,0,0,0
59.704,0.5136,0,0,0,0
59.736,0.5136,0,0,0,0
59.770,0.5136,0,0,0,0
59.803,0.5136,0,0,0,0
59.839,0.5136,0,0,0,0
59.869,0.5136,0,0,0,0
59.902,0.5136,0,0,0,0
59.935,0.5136,0,0,0,0
59.969,0.5136,0,0,0,0
60.001,0.5136,0,0,0,0
60.037,0.5136,0,0,0,0
60.068,0.5136,0,0,0,0
60.100,0.5136,0,0,0,0
60.138,0.5136,0,0,0,0
60.172,0.5136,0,0,0,0
60.201,0.5136,0,0,0,0
60.234,0.5136,0,0,0,0
60.270,0.5136,0,0,0,0
60.304,0.5136,0,0,0,0
60.338,0.5136,0,0,0,0
60.371,0.5136,0,0,0,0
60.406,0.5136,0,0,0,0
60.438,0.5136,0,0,0,0
60.471,0.5136,0,0,0,0
60.504,0.5136,0,0,0,0
60.537,0.5136,0,0,0,0
60.570,0.5136,0,0,0,0
60.603,0.5136,0,0,0,0
60.638,0.5136,0,0,0,0
60.669,0.5135,0,0,0,0
60.703,0.5135,0,0,0,0
60.734,0.5135,0,0,0,0
60.770,0.5135,0,0,0,0
60.803,0.5135,0,0,0,0
60.837,0.5135,0,0,0,0
60.868,0.5135,0,0,0,0
60.902,0.5135,0,0,0,0
60.937,0.5135,0,0,0,0
60.969,0.5135,0,0,0,0
61.005,0.5135,0,0,0,0
61.037,0.5135,0,0,0,0
61.072,0.5135,0,0,0,0
61.102,0.5135,0,0,0,0
61.137,0.5135,0,0,0,0
61.171,0.5135,0,0,0,0
61.203,0.5135,0,0,0,0
61.235,0.5135,0,0,0,0
61.271,0.5135,0,0,0,0
61.304,0.5135,0,0,0,0
61.340,0.5135,0,0,0,0
61.371,0.5135,0,0,0,0
61.402,0.5135,0,0,0,0
61.438,0.5135,0,0,0,0
61.470,0.5135,0,0,0,0
61.505,0.5135,0,0,0,0
61.534,0.5135,0,0,0,0
61.570,0.5135,0,0,0,0
61.601,0.5135,0,0,0,0
61.634,0.5135,0,0,0,0
61.667,0.5135,0,0,0,0
61.703,0.5134,0,0,0,0
61.734,0.5134,0,0,0,0
61.767,0.5134,0,0,0,0
61.802,0.5134,0,0,0,0
61.835,0.5134,0,0,0,0
61.868,0.5134,0,0,0,0
61.905,0.5134,0,0,0,0
61.934,0.5134,0,0,0,0
61.970,0.5134,0,0,0,0
62.005,0.5134,0,0,0,0
62.034,0.5134,0,0,0,0
62.069,0.5134,0,0,0,0
62.108,0.5134,0,0,0,0
62.134,0.5134,0,0,0,0
62.171,0.5134,0,0,0,0
62.202,0.5134,0,0,0,0
62.237,0.5134,0,0,0,0
62.269,0.5134,0,0,0,0
62.304,0.5134,0,0,0,0
62.335,0.5134,0,0,0,0
62.370,0.5134,0,0,0,0
62.404,0.5134,0,0,0,0
62.436,0.5134,0,0,0,0
62.468,0.5134,0,0,0,0
62.501,0.5134,0,0,0,0
62.535,0.5134,0,0,0,0
62.570,0.5133,0,0,0,0
62.600,0.5133,0,0,0,0
62.635,0.5133,0,0,0,0
62.667,0.5133,0,0,0,0
62.704,0.5133,0,0,0,0
62.734,0.5133,0,0,0,0
62.770,0.5133,0,0,0,0
62.802,0.5133,0,0,0,0
62.837,0.5133,0,0,0,0
62.869,0.5133,0,0,0,0
62.903,0.5133,0,0,0,0
62.936,0.5133,0,0,0,0
62.967,0.5133,0,0,0,0
63.005,0.5133,0,0,0,0
63.034,0.5133,0,0,0,0
63.069,0.5133,0,0,0,0
63.102,0.5133,0,0,0,0
63.136,0.5133,0,0,0,0
63.170,0.5133,0,0,0,0
63.200,0.5133,0,0,0,0
63.237,0.5133,0,0,0,0
63.267,0.5133,0,0,0,0
63.304,0.5133,0,0,0,0
63.336,0.5133,0,0,0,0
63.367,0.5133,0,0,0,0
63.402,0.5133,0,0,0,0
63.434,0.5132,0,0,0,0
63.470,0.5132,0,0,0,0
63.500,0.5132,0,0,0,0
63.537,0.5132,0,0,0,0
63.567,0.5132,0,0,0,0
63.607,0.5132,0,0,0,0
63.634,0.5132,0,0,0,0
63.669,0.5132,0,0,0,0
63.703,0.5132,0,0,0,0
63.736,0.5132,0,0,0,0
63.771,0.5132,0,0,0,0
63.804,0.5132,0,0,0,0
63.834,0.5132,0,0,0,0
63.867,0.5132,0,0,0,0
63.903,0.5132,0,0,0,0
63.934,0.5132,0,0,0,0
63.970,0.5132,0,0,0,0
64.001,0.5132,0,0,0,0
64.036,0.5132,0,0,0,0
64.068,0.5132,0,0,0,0
64.102,0.5132,0,0,0,0
64.135,0.5132,0,0,0,0
64.168,0.5132,0,0,0,0
64.203,0.5132,0,0,0,0
64.235,0.5132,0,0,0,0
64.267,0.5132,0,0,0,0
64.301,0.5132,0,0,0,0
64.335,0.5132,0,0,0,0
64.369,0.5131,0,0,0,0
64.402,0.5131,0,0,0,0
64.435,0.5131,0,0,0,0
64.469,0.5131,0,0,0,0
64.502,0.5131,0,0,0,0
64.535,0.5131,0,0,0,0
64.569,0.5131,0,0,0,0
64.602,0.5131,0,0,0,0
64.635,0.5131,0,0,0,0
64.668,0.5131,0,0,0,0
64.702,0.5131,0,0,0,0
64.740,0.5131,0,0,0,0
64.767,0.5131,0,0,0,0
64.803,0.5131,0,0,0,0
64.837,0.5131,0,0,0,0
64.871,0.5131,0,0,0,0
64.904,0.5131,0,0,0,0
64.934,0.5131,0,0,0,0
64.968,0.5131,0,0,0,0
65.002,0.5131,0,0,0,0
65.035,0.5131,0,0,0,0
65.068,0.5131,0,0,0,0
65.102,0.5131,0,0,0,0
65.135,0.5131,0,0,0,0
65.169,0.5131,0,0,0,0
65.203,0.5131,0,0,0,0
65.236,0.5131,0,0,0,0
65.270,0.5131,0,0,0,0
65.301,0.5131,0,0,0,0
65.335,0.5130,0,0,0,0
65.368,0.5130,0,0,0,0
65.401,0.5130,0,0,0,0
65.436,0.5130,0,0,0,0
65.470,0.5130,0,0,0,0
65.502,0.5130,0,0,0,0
65.535,0.5130,0,0,0,0
65.569,0.5130,0,0,0,0
65.603,0.5130,0,0,0,0
65.637,0.5130,0,0,0,0
65.668,0.5130,0,0,0,0
65.701,0.5130,0,0,0,0
65.736,0.5130,0,0,0,0
65.770,0.5130,0,0,0,0
65.803,0.5130,0,0,0,0
65.837,0.5130,0,0,0,0
65.871,0.5130,0,0,0,0
65.903,0.5130,0,0,0,0
65.937,0.5130,0,0,0,0
65.967,0.5130,0,0,0,0
66.004,0.5130,0,0,0,0
66.034,0.5130,0,0,0,0
66.067,0.5130,0,0,0,0
66.101,0.5130,0,0,0,0
66.136,0.5130,0,0,0,0
66.169,0.5130,0,0,0,0
66.202,0.5130,0,0,0,0
66.236,0.5130,0,0,0,0
66.271,0.5130,0,0,0,0
66.302,0.5130,0,0,0,0
66.336,0.5130,0,0,0,0
66.367,0.5130,0,0,0,0
66.404,0.5129,0,0,0,0
66.435,0.5129,0,0,0,0
66.469,0.5129,0,0,0,0
66.502,0.5129,0,0,0,0
66.535,0.5129,0,0,0,0
66.571,0.5129,0,0,0,0
66.603,0.5129,0,0,0,0
66.638,0.5129,0,0,0,0
66.669,0.5129,0,0,0,0
66.701,0.5129,0,0,0,0
66.736,0.5129,0,0,0,0
66.771,0.5129,0,0,0,0
66.804,0.5129,0,0,0,0
66.835,0.5129,0,0,0,0
66.870,0.5129,0,0,0,0
66.903,0.5129,0,0,0,0
66.937,0.5129,0,0,0,0
66.967,0.5129,0,0,0,0
67.001,0.5129,0,0,0,0
67.033,0.5129,0,0,0,0
67.070,0.5129,0,0,0,0
67.100,0.5129,0,0,0,0
67.138,0.5129,0,0,0,0
67.169,0.5129,0,0,0,0
67.201,0.5129,0,0,0,0
67.236,0.5129,0,0,0,0
67.267,0.5129,0,0,0,0
67.301,0.5129,0,0,0,0
67.337,0.5129,0,0,0,0
67.369,0.5129,0,0,0,0
67.402,0.5129,0,0,0,0
67.435,0.5129,0,0,0,0
67.470,0.5129,0,0,0,0
67.504,0.5129,0,0,0,0
67.536,0.5128,0,0,0,0
67.571,0.5128,0,0,0,0
67.604,0.5128,0,0,0,0
67.637,0.5128,0,0,0,0
67.670,0.5128,0,0,0,0
67.702,0.5128,0,0,0,0
67.735,0.5128,0,0,0,0
67.768,0.5128,0,0,0,0
67.801,0.5128,0,0,0,0
67.836,0.5128,0,0,0,0
67.870,0.5128,0,0,0,0
67.904,0.5128,0,0,0,0
67.936,0.5128,0,0,0,0
67.967,0.5128,0,0,0,0
68.003,0.5128,0,0,0,0
68.036,0.5128,0,0,0,0
68.068,0.5128,0,0,0,0
68.101,0.5128,0,0,0,0
68.136,0.5128,0,0,0,0
68.171,0.5128,0,0,0,0
68.202,0.5128,0,0,0,0
68.235,0.5128,0,0,0,0
68.270,0.5128,0,0,0,0
68.304,0.5128,0,0,0,0
68.336,0.5128,0,0,0,0
68.374,0.5128,0,0,0,0
68.403,0.5128,0,0,0,0
68.436,0.5128,0,0,0,0
68.468,0.5128,0,0,0,0
68.503,0.5128,0,0,0,0
68.537,0.5128,0,0,0,0
68.568,0.5128,0,0,0,0
68.602,0.5128,0,0,0,0
68.634,0.5128,0,0,0,0
68.670,0.5128,0,0,0,0
68.701,0.5127,0,0,0,0
68.737,0.5127,0,0,0,0
68.770,0.5127,0,0,0,0
68.803,0.5127,0,0,0,0
68.834,0.5127,0,0,0,0
68.870,0.5127,0,0,0,0
68.901,0.5127,0,0,0,0
68.937,0.5127,0,0,0,0
68.971,0.5127,0,0,0,0
69.006,0.5127,0,0,0,0
69.036,0.5127,0,0,0,0
69.071,0.5127,0,0,0,0
69.101,0.5127,0,0,0,0
69.137,0.5127,0,0,0,0
69.171,0.5127,0,0,0,0
69.204,0.5127,0,0,0,0
69.234,0.5127,0,0,0,0
69.270,0.5127,0,0,0,0
69.302,0.5127,0,0,0,0
69.338,0.5127,0,0,0,0
69.370,0.5127,0,0,0,0
69.405,0.5127,0,0,0,0
69.434,0.5127,0,0,0,0
69.470,0.5127,0,0,0,0
69.501,0.5127,0,0,0,0
69.536,0.5127,0,0,0,0
69.570,0.5127,0,0,0,0
69.604,0.5127,0,0,0,0
69.638,0.5127,0,0,0,0
69.668,0.5127,0,0,0,0
69.701,0.5127,0,0,0,0
69.735,0.5127,0,0,0,0
69.767,0.5127,0,0,0,0
69.802,0.5127,0,0,0,0
69.835,0.5127,0,0,0,0
69.867,0.5127,0,0,0,0
69.902,0.5127,0,0,0,0
69.934,0.5127,0,0,0,0
69.970,0.5127,0,0,0,0
70.004,0.5126,0,0,0,0
70.036,0.5126,0,0,0,0
70.071,0.5126,0,0,0,0
70.102,0.5126,0,0,0,0
70.138,0.5126,0,0,0,0
70.171,0.5126,0,0,0,0
70.202,0.5126,0,0,0,0
70.234,0.5126,0,0,0,0
70.271,0.5126,0,0,0,0
70.303,0.5126,0,0,0,0
70.335,0.5126,0,0,0,0
70.368,0.5126,0,0,0,0
70.401,0.5126,0,0,0,0
70.437,0.5126,0,0,0,0
70.471,0.5126,0,0,0,0
70.503,0.5126,0,0,0,0
70.534,0.5126,0,0,0,0
70.571,0.5126,0,0,0,0
70.605,0.5126,0,0,0,0
70.637,0.5126,0,0,0,0
70.671,0.5126,0,0,0,0
70.703,0.5126,0,0,0,0
70.736,0.5126,0,0,0,0
70.769,0.5126,0,0,0,0
70.803,0.5126,0,0,0,0
70.837,0.5126,0,0,0,0
70.871,0.5126,0,0,0,0
70.902,0.5126,0,0,0,0
70.940,0.5126,0,0,0,0
70.968,0.5126,0,0,0,0
71.002,0.5126,0,0,0,0
71.034,0.5126,0,0,0,0
71.071,0.5126,0,0,0,0
71.103,0.5126,0,0,0,0
71.136,0.5126,0,0,0,0
71.169,0.5126,0,0,0,0
71.204,0.5126,0,0,0,0
71.237,0.5126,0,0,0,0
71.270,0.5126,0,0,0,0
71.301,0.5126,0,0,0,0
71.337,0.5126,0,0,0,0
71.370,0.5126,0,0,0,0
71.401,0.5125,0,0,0,0
71.438,0.5125,0,0,0,0
71.470,0.5125,0,0,0,0
71.504,0.5125,0,0,0,0
71.534,0.5125,0,0,0,0
71.570,0.5125,0,0,0,0
71.603,0.5125,0,0,0,0
71.636,0.5125,0,0,0,0
71.670,0.5125,0,0,0,0
71.703,0.5125,0,0,0,0
71.734,0.5125,0,0,0,0
71.767,0.5125,0,0,0,0
71.804,0.5125,0,0,0,0
71.837,0.5125,0,0,0,0
71.869,0.5125,0,0,0,0
71.902,0.5125,0,0,0,0
71.938,0.5125,0,0,0,0
71.970,0.5125,0,0,0,0
72.001,0.5125,0,0,0,0
72.035,0.5125,0,0,0,0
72.069,0.5125,0,0,0,0
72.100,0.5125,0,0,0,0
72.137,0.5125,0,0,0,0
72.169,0.5125,0,0,0,0
72.204,0.5125,0,0,0,0
72.238,0.5125,0,0,0,0
72.272,0.5125,0,0,0,0
72.302,0.5125,0,0,0,0
72.338,0.5125,0,0,0,0
72.372,0.5125,0,0,0,0
72.401,0.5125,0,0,0,0
72.438,0.5125,0,0,0,0
72.470,0.5125,0,0,0,0
72.501,0.5125,0,0,0,0
72.534,0.5125,0,0,0,0
72.570,0.5125,0,0,0,0
72.601,0.5125,0,0,0,0
72.636,0.5125,0,0,0,0
72.670,0.5125,0,0,0,0
72.701,0.5125,0,0,0,0
72.734,0.5125,0,0,0,0
72.769,0.5125,0,0,0,0
72.801,0.5125,0,0,0,0
72.835,0.5125,0,0,0,0
72.867,0.5124,0,0,0,0
72.904,0.5124,0,0,0,0
72.941,0.5124,0,0,0,0
72.967,0.5124,0,0,0,0
73.001,0.5124,0,0,0,0
73.037,0.5124,0,0,0,0
73.069,0.5124,0,0,0,0
73.104,0.5124,0,0,0,0
73.137,0.5124,0,0,0,0
73.167,0.5124,0,0,0,0
73.201,0.5124,0,0,0,0
73.236,0.5124,0,0,0,0
73.270,0.5124,0,0,0,0
73.303,0.5124,0,0,0,0
73.336,0.5124,0,0,0,0
73.371,0.5124,0,0,0,0
73.402,0.5124,0,0,0,0
73.435,0.5124,0,0,0,0
73.468,0.5124,0,0,0,0
73.504,0.5124,0,0,0,0
73.537,0.5124,0,0,0,0
73.571,0.5124,0,0,0,0
73.603,0.5124,0,0,0,0
73.635,0.5124,0,0,0,0
73.672,0.5124,0,0,0,0
73.701,0.5124,0,0,0,0
73.737,0.5124,0,0,0,0
73.771,0.5124,0,0,0,0
73.802,0.5124,0,0,0,0
73.834,0.5124,0,0,0,0
73.871,0.5124,0,0,0,0
73.902,0.5124,0,0,0,0
73.934,0.5124,0,0,0,0
73.971,0.5124,0,0,0,0
74.004,0.5124,0,0,0,0
74.034,0.5124,0,0,0,0
74.070,0.5124,0,0,0,0
74.102,0.5124,0,0,0,0
74.136,0.5124,0,0,0,0
74.170,0.5124,0,0,0,0
74.205,0.5124,0,0,0,0
74.238,0.5124,0,0,0,0
74.270,0.5124,0,0,0,0
74.304,0.5124,0,0,0,0
74.336,0.5124,0,0,0,0
74.369,0.5124,0,0,0,0
74.403,0.5123,0,0,0,0
74.437,0.5123,0,0,0,0
74.470,0.5123,0,0,0,0
74.504,0.5123,0,0,0,0
74.534,0.5123,0,0,0,0
74.569,0.5123,0,0,0,0
74.604,0.5123,0,0,0,0
74.638,0.5123,0,0,0,0
74.668,0.5123,0,0,0,0
74.704,0.5123,0,0,0,0
74.735,0.5123,0,0,0,0
74.768,0.5123,0,0,0,0
74.802,0.5123,0,0,0,0
74.835,0.5123,0,0,0,0
74.871,0.5123,0,0,0,0
74.902,0.5123,0,0,0,0
74.934,0.5123,0,0,0,0
74.971,0.5123,0,0,0,0
75.003,0.5123,0,0,0,0
75.036,0.5123,0,0,0,0
75.071,0.5123,0,0,0,0
75.102,0.5123,0,0,0,0
75.137,0.5123,0,0,0,0
75.170,0.5123,0,0,0,0
75.202,0.5123,0,0,0,0
75.237,0.5123,0,0,0,0
75.269,0.5123,0,0,0,0
75.304,0.5123,0,0,0,0
75.339,0.5123,0,0,0,0
75.369,0.5123,0,0,0,0
75.402,0.5123,0,0,0,0
75.437,0.5123,0,0,0,0
75.470,0.5123,0,0,0,0
75.502,0.5123,0,0,0,0
75.537,0.5123,0,0,0,0
75.567,0.5123,0,0,0,0
75.601,0.5123,0,0,0,0
75.637,0.5123,0,0,0,0
75.671,0.5123,0,0,0,0
75.700,0.5123,0,0,0,0
75.737,0.5123,0,0,0,0
75.770,0.5123,0,0,0,0
75.801,0.5123,0,0,0,0
75.835,0.5123,0,0,0,0
75.873,0.5123,0,0,0,0
75.902,0.5123,0,0,0,0
75.934,0.5123,0,0,0,0
75.971,0.5123,0,0,0,0
76.002,0.5122,0,0,0,0
76.034,0.5122,0,0,0,0
76.067,0.5122,0,0,0,0
76.102,0.5122,0,0,0,0
76.136,0.5122,0,0,0,0
76.169,0.5122,0,0,0,0
76.201,0.5122,0,0,0,0
76.236,0.5122,0,0,0,0
76.270,0.5122,0,0,0,0
76.301,0.5122,0,0,0,0
76.337,0.5122,0,0,0,0
76.371,0.5122,0,0,0,0
76.401,0.5122,0,0,0,0
76.437,0.5122,0,0,0,0
76.469,0.5122,0,0,0,0
76.502,0.5122,0,0,0,0
76.537,0.5122,0,0,0,0
76.570,0.5122,0,0,0,0
76.603,0.5122,0,0,0,0
76.637,0.5122,0,0,0,0
76.673,0.5122,0,0,0,0
76.703,0.5122,0,0,0,0
76.737,0.5122,0,0,0,0
76.769,0.5122,0,0,0,0
76.802,0.5122,0,0,0,0
76.836,0.5122,0,0,0,0
76.870,0.5122,0,0,0,0
76.901,0.5122,0,0,0,0
76.937,0.5122,0,0,0,0
76.972,0.5122,0,0,0,0
77.001,0.5122,0,0,0,0
77.036,0.5122,0,0,0,0
77.070,0.5122,0,0,0,0
77.101,0.5122,0,0,0,0
77.134,0.5122,0,0,0,0
77.168,0.5122,0,0,0,0
77.203,0.5122,0,0,0,0
77.235,0.5122,0,0,0,0
77.270,0.5122,0,0,0,0
77.301,0.5122,0,0,0,0
77.340,0.5122,0,0,0,0
77.370,0.5122,0,0,0,0
77.402,0.5122,0,0,0,0
77.436,0.5122,0,0,0,0
77.467,0.5122,0,0,0,0
77.504,0.5122,0,0,0,0
77.537,0.5122,0,0,0,0
77.569,0.5122,0,0,0,0
77.604,0.5122,0,0,0,0
77.637,0.5121,0,0,0,0
77.667,0.5121,0,0,0,0
77.704,0.5121,0,0,0,0
77.734,0.5121,0,0,0,0
77.771,0.5121,0,0,0,0
77.801,0.5121,0,0,0,0
77.834,0.5121,0,0,0,0
77.867,0.5121,0,0,0,0
77.903,0.5121,0,0,0,0
77.936,0.5121,0,0,0,0
77.967,0.5121,0,0,0,0
78.005,0.5121,0,0,0,0
78.041,0.5121,0,0,0,0
78.072,0.5121,0,0,0,0
78.103,0.5121,0,0,0,0
78.137,0.5121,0,0,0,0
78.167,0.5121,0,0,0,0
78.201,0.5121,0,0,0,0
78.235,0.5121,0,0,0,0
78.271,0.5121,0,0,0,0
78.303,0.5121,0,0,0,0
78.336,0.5121,0,0,0,0
78.369,0.5121,0,0,0,0
78.404,0.5121,0,0,0,0
78.437,0.5121,0,0,0,0
78.471,0.5121,0,0,0,0
78.504,0.5121,0,0,0,0
78.534,0.5121,0,0,0,0
78.569,0.5121,0,0,0,0
78.601,0.5121,0,0,0,0
78.637,0.5121,0,0,0,0
78.670,0.5121,0,0,0,0
78.704,0.5121,0,0,0,0
78.737,0.5121,0,0,0,0
78.769,0.5121,0,0,0,0
78.803,0.5121,0,0,0,0
78.842,0.5121,0,0,0,0
78.869,0.5121,0,0,0,0
78.904,0.5121,0,0,0,0
78.937,0.5121,0,0,0,0
78.971,0.5121,0,0,0,0
79.001,0.5121,0,0,0,0
79.036,0.5121,0,0,0,0
79.071,0.5121,0,0,0,0
79.101,0.5121,0,0,0,0
79.136,0.5121,0,0,0,0
79.167,0.5121,0,0,0,0
79.205,0.5121,0,0,0,0
79.236,0.5121,0,0,0,0
79.268,0.5121,0,0,0,0
79.302,0.5120,0,0,0,0
79.335,0.5120,0,0,0,0
79.369,0.5120,0,0,0,0
79.403,0.5120,0,0,0,0
79.438,0.5120,0,0,0,0
79.470,0.5120,0,0,0,0
79.504,0.5120,0,0,0,0
79.537,0.5120,0,0,0,0
79.570,0.5120,0,0,0,0
79.604,0.5120,0,0,0,0
79.637,0.5120,0,0,0,0
79.668,0.5120,0,0,0,0
79.703,0.5120,0,0,0,0
79.734,0.5120,0,0,0,0
79.771,0.5120,0,0,0,0
79.801,0.5120,0,0,0,0
79.838,0.5120,0,0,0,0
79.869,0.5120,0,0,0,0
79.904,0.5120,0,0,0,0
79.936,0.5120,0,0,0,0
79.968,0.5120,0,0,0,0
80.003,0.5120,0,0,0,0
80.037,0.5120,0,0,0,0
80.070,0.5120,0,0,0,0
80.101,0.5120,0,0,0,0
80.135,0.5120,0,0,0,0
80.171,0.5120,0,0,0,0
80.203,0.5120,0,0,0,0
80.238,0.5120,0,0,0,0
80.268,0.5120,0,0,0,0
80.303,0.5120,0,0,0,0
80.337,0.5120,0,0,0,0
80.371,0.5120,0,0,0,0
80.402,0.5120,0,0,0,0
80.436,0.5120,0,0,0,0
80.471,0.5120,0,0,0,0
80.504,0.5120,0,0,0,0
80.536,0.5120,0,0,0,0
80.570,0.5120,0,0,0,0
80.604,0.5120,0,0,0,0
80.635,0.5120,0,0,0,0
80.671,0.5120,0,0,0,0
80.700,0.5120,0,0,0,0
80.738,0.5120,0,0,0,0
80.770,0.5120,0,0,0,0
80.802,0.5120,0,0,0,0
80.837,0.5120,0,0,0,0
80.868,0.5120,0,0,0,0
80.904,0.5120,0,0,0,0
80.936,0.5119,0,0,0,0
80.971,0.5119,0,0,0,0
81.001,0.5119,0,0,0,0
81.040,0.5119,0,0,0,0
81.069,0.5119,0,0,0,0
81.103,0.5119,0,0,0,0
81.136,0.5119,0,0,0,0
81.170,0.5119,0,0,0,0
81.201,0.5119,0,0,0,0
81.235,0.5119,0,0,0,0
81.271,0.5119,0,0,0,0
81.302,0.5119,0,0,0,0
81.336,0.5119,0,0,0,0
81.369,0.5119,0,0,0,0
81.404,0.5119,0,0,0,0
81.437,0.5119,0,0,0,0
81.468,0.5119,0,0,0,0
81.501,0.5119,0,0,0,0
81.534,0.5119,0,0,0,0
81.569,0.5119,0,0,0,0
81.601,0.5119,0,0,0,0
81.637,0.5119,0,0,0,0
81.675,0.5119,0,0,0,0
81.705,0.5119,0,0,0,0
81.738,0.5119,0,0,0,0
81.770,0.5119,0,0,0,0
81.803,0.5119,0,0,0,0
81.836,0.5119,0,0,0,0
81.867,0.5119,0,0,0,0
81.904,0.5119,0,0,0,0
81.937,0.5119,0,0,0,0
81.971,0.5119,0,0,0,0
82.001,0.5119,0,0,0,0
82.036,0.5119,0,0,0,0
82.071,0.5119,0,0,0,0
82.101,0.5119,0,0,0,0
82.134,0.5119,0,0,0,0
82.171,0.5119,0,0,0,0
82.205,0.5119,0,0,0,0
82.237,0.5119,0,0,0,0
82.271,0.5119,0,0,0,0
82.300,0.5119,0,0,0,0
82.335,0.5119,0,0,0,0
82.368,0.5119,0,0,0,0
82.401,0.5119,0,0,0,0
82.437,0.5119,0,0,0,0
82.467,0.5119,0,0,0,0
82.502,0.5118,0,0,0,0
82.538,0.5118,0,0,0,0
82.571,0.5118,0,0,0,0
82.604,0.5118,0,0,0,0
82.636,0.5118,0,0,0,0
82.668,0.5118,0,0,0,0
82.703,0.5118,0,0,0,0
82.736,0.5118,0,0,0,0
82.770,0.5118,0,0,0,0
82.802,0.5118,0,0,0,0
82.834,0.5118,0,0,0,0
82.870,0.5118,0,0,0,0
82.904,0.5118,0,0,0,0
82.940,0.5118,0,0,0,0
82.968,0.5118,0,0,0,0
83.002,0.5118,0,0,0,0
83.038,0.5118,0,0,0,0
83.067,0.5118,0,0,0,0
83.101,0.5118,0,0,0,0
83.138,0.5118,0,0,0,0
83.167,0.5118,0,0,0,0
83.202,0.5118,0,0,0,0
83.234,0.5118,0,0,0,0
83.268,0.5118,0,0,0,0
83.303,0.5118,0,0,0,0
83.336,0.5118,0,0,0,0
83.368,0.5118,0,0,0,0
83.403,0.5118,0,0,0,0
83.437,0.5118,0,0,0,0
83.470,0.5118,0,0,0,0
83.503,0.5118,0,0,0,0
83.535,0.5118,0,0,0,0
83.571,0.5118,0,0,0,0
83.601,0.5118,0,0,0,0
83.641,0.5118,0,0,0,0
83.668,0.5118,0,0,0,0
83.702,0.5118,0,0,0,0
83.734,0.5118,0,0,0,0
83.769,0.5118,0,0,0,0
83.801,0.5118,0,0,0,0
83.836,0.5118,0,0,0,0
83.870,0.5118,0,0,0,0
83.902,0.5118,0,0,0,0
83.938,0.5118,0,0,0,0
83.970,0.5117,0,0,0,0
84.001,0.5117,0,0,0,0
84.034,0.5117,0,0,0,0
84.070,0.5117,0,0,0,0
84.105,0.5117,0,0,0,0
84.137,0.5117,0,0,0,0
84.168,0.5117,0,0,0,0
84.203,0.5117,0,0,0,0
84.237,0.5117,0,0,0,0
84.271,0.5117,0,0,0,0
84.302,0.5117,0,0,0,0
84.336,0.5117,0,0,0,0
84.368,0.5117,0,0,0,0
84.404,0.5117,0,0,0,0
84.438,0.5117,0,0,0,0
84.471,0.5117,0,0,0,0
84.502,0.5117,0,0,0,0
84.536,0.5117,0,0,0,0
84.568,0.5117,0,0,0,0
84.601,0.5117,0,0,0,0
84.636,0.5117,0,0,0,0
84.671,0.5117,0,0,0,0
84.704,0.5117,0,0,0,0
84.736,0.5117,0,0,0,0
84.769,0.5117,0,0,0,0
84.803,0.5117,0,0,0,0
84.837,0.5117,0,0,0,0
84.869,0.5117,0,0,0,0
84.903,0.5117,0,0,0,0
84.942,0.5117,0,0,0,0
84.968,0.5117,0,0,0,0
85.002,0.5117,0,0,0,0
85.035,0.5117,0,0,0,0
85.067,0.5117,0,0,0,0
85.102,0.5117,0,0,0,0
85.137,0.5117,0,0,0,0
85.171,0.5117,0,0,0,0
85.204,0.5117,0,0,0,0
85.234,0.5117,0,0,0,0
85.267,0.5117,0,0,0,0
85.303,0.5117,0,0,0,0
85.338,0.5116,0,0,0,0
85.371,0.5116,0,0,0,0
85.405,0.5116,0,0,0,0
85.434,0.5116,0,0,0,0
85.471,0.5116,0,0,0,0
85.504,0.5116,0,0,0,0
85.535,0.5116,0,0,0,0
85.567,0.5116,0,0,0,0
85.603,0.5116,0,0,0,0
85.634,0.5116,0,0,0,0
85.668,0.5116,0,0,0,0
85.702,0.5116,0,0,0,0
85.734,0.5116,0,0,0,0
85.768,0.5116,0,0,0,0
85.802,0.5116,0,0,0,0
85.833,0.5116,0,0,0,0
85.867,0.5116,0,0,0,0
85.901,0.5116,0,0,0,0
85.935,0.5116,0,0,0,0
85.971,0.5116,0,0,0,0
86.004,0.5116,0,0,0,0
86.037,0.5116,0,0,0,0
86.069,0.5116,0,0,0,0
86.101,0.5116,0,0,0,0
86.138,0.5116,0,0,0,0
86.170,0.5116,0,0,0,0
86.205,0.5116,0,0,0,0
86.237,0.5116,0,0,0,0
86.270,0.5116,0,0,0,0
86.301,0.5116,0,0,0,0
86.335,0.5116,0,0,0,0
86.369,0.5116,0,0,0,0
86.402,0.5116,0,0,0,0
86.436,0.5116,0,0,0,0
86.469,0.5116,0,0,0,0
86.503,0.5116,0,0,0,0
86.536,0.5116,0,0,0,0
86.570,0.5116,0,0,0,0
86.603,0.5115,0,0,0,0
86.634,0.5115,0,0,0,0
86.669,0.5115,0,0,0,0
86.701,0.5115,0,0,0,0
86.736,0.5115,0,0,0,0
86.769,0.5115,0,0,0,0
86.803,0.5115,0,0,0,0
86.835,0.5115,0,0,0,0
86.868,0.5115,0,0,0,0
86.902,0.5115,0,0,0,0
86.937,0.5115,0,0,0,0
86.968,0.5115,0,0,0,0
87.001,0.5115,0,0,0,0
87.035,0.5115,0,0,0,0
87.066,0.5115,0,0,0,0
87.102,0.5115,0,0,0,0
87.134,0.5115,0,0,0,0
87.170,0.5115,0,0,0,0
87.201,0.5115,0,0,0,0
87.238,0.5115,0,0,0,0
87.269,0.5115,0,0,0,0
87.304,0.5115,0,0,0,0
87.334,0.5115,0,0,0,0
87.370,0.5115,0,0,0,0
87.401,0.5115,0,0,0,0
87.436,0.5115,0,0,0,0
87.470,0.5115,0,0,0,0
87.500,0.5115,0,0,0,0
87.540,0.5115,0,0,0,0
87.573,0.5115,0,0,0,0
87.601,0.5115,0,0,0,0
87.635,0.5115,0,0,0,0
87.667,0.5115,0,0,0,0
87.704,0.5114,0,0,0,0
87.734,0.5114,0,0,0,0
87.770,0.5114,0,0,0,0
87.804,0.5114,0,0,0,0
87.836,0.5114,0,0,0,0
87.870,0.5114,0,0,0,0
87.902,0.5114,0,0,0,0
87.938,0.5114,0,0,0,0
87.970,0.5114,0,0,0,0
88.005,0.5114,0,0,0,0
88.035,0.5114,0,0,0,0
88.070,0.5114,0,0,0,0
88.101,0.5114,0,0,0,0
88.134,0.5114,0,0,0,0
88.169,0.5114,0,0,0,0
88.203,0.5114,0,0,0,0
88.242,0.5114,0,0,0,0
88.270,0.5114,0,0,0,0
88.303,0.5114,0,0,0,0
88.338,0.5114,0,0,0,0
88.369,0.5114,0,0,0,0
88.403,0.5114,0,0,0,0
88.434,0.5114,0,0,0,0
88.469,0.5114,0,0,0,0
88.501,0.5114,0,0,0,0
88.535,0.5114,0,0,0,0
88.570,0.5114,0,0,0,0
88.601,0.5114,0,0,0,0
88.629,0.5114,0,0,0,0
88.678,0.5114,0,0,0,0
88.697,0.5113,0,0,0,0
88.735,0.5113,0,0,0,0
88.769,0.5113,0,0,0,0
88.803,0.5113,0,0,0,0
88.837,0.5113,0,0,0,0
88.869,0.5113,0,0,0,0
88.904,0.5113,0,0,0,0
88.935,0.5113,0,0,0,0
88.972,0.5113,0,0,0,0
89.001,0.5113,0,0,0,0
89.034,0.5113,0,0,0,0
89.067,0.5113,0,0,0,0
89.101,0.5113,0,0,0,0
89.134,0.5113,0,0,0,0
89.170,0.5113,0,0,0,0
89.204,0.5113,0,0,0,0
89.238,0.5113,0,0,0,0
89.270,0.5113,0,0,0,0
89.303,0.5113,0,0,0,0
89.334,0.5113,0,0,0,0
89.368,0.5113,0,0,0,0
89.402,0.5113,0,0,0,0
89.434,0.5113,0,0,0,0
89.470,0.5113,0,0,0,0
89.505,0.5113,0,0,0,0
89.537,0.5113,0,0,0,0
89.568,0.5113,0,0,0,0
89.605,0.5112,0,0,0,0
89.636,0.5112,0,0,0,0
89.671,0.5112,0,0,0,0
89.701,0.5112,0,0,0,0
89.735,0.5112,0,0,0,0
89.771,0.5112,0,0,0,0
89.803,0.5112,0,0,0,0
89.836,0.5112,0,0,0,0
89.868,0.5112,0,0,0,0
89.904,0.5112,0,0,0,0
89.937,0.5112,0,0,0,0
89.970,0.5112,0,0,0,0
90.001,0.5112,0,0,0,0
90.037,0.5112,0,0,0,0
90.069,0.5112,0,0,0,0
90.100,0.5112,0,0,0,0
90.136,0.5112,0,0,0,0
90.168,0.5112,0,0,0,0
90.204,0.5112,0,0,0,0
90.237,0.5112,0,0,0,0
90.271,0.5112,0,0,0,0
90.301,0.5112,0,0,0,0
90.336,0.5112,0,0,0,0
90.374,0.5112,0,0,0,0
90.400,0.5111,0,0,0,0
90.436,0.5111,0,0,0,0
90.469,0.5111,0,0,0,0
90.503,0.5111,0,0,0,0
90.537,0.5111,0,0,0,0
90.569,0.5111,0,0,0,0
90.601,0.5111,0,0,0,0
90.634,0.5111,0,0,0,0
90.669,0.5111,0,0,0,0
90.702,0.5111,0,0,0,0
90.737,0.5111,0,0,0,0
90.771,0.5111,0,0,0,0
90.802,0.5111,0,0,0,0
90.835,0.5111,0,0,0,0
90.868,0.5111,0,0,0,0
90.902,0.5111,0,0,0,0
90.936,0.5111,0,0,0,0
90.969,0.5111,0,0,0,0
91.001,0.5111,0,0,0,0
91.039,0.5111,0,0,0,0
91.068,0.5111,0,0,0,0
91.105,0.5111,0,0,0,0
91.134,0.5110,0,0,0,0
91.168,0.5110,0,0,0,0
91.201,0.5110,0,0,0,0
91.235,0.5110,0,0,0,0
91.271,0.5110,0,0,0,0
91.306,0.5110,0,0,0,0
91.337,0.5110,0,0,0,0
91.371,0.5110,0,0,0,0
91.402,0.5110,0,0,0,0
91.437,0.5110,0,0,0,0
91.468,0.5110,0,0,0,0
91.501,0.5110,0,0,0,0
91.534,0.5110,0,0,0,0
91.568,0.5110,0,0,0,0
91.602,0.5110,0,0,0,0
91.637,0.5110,0,0,0,0
91.671,0.5110,0,0,0,0
91.704,0.5110,0,0,0,0
91.738,0.5110,0,0,0,0
91.768,0.5110,0,0,0,0
91.801,0.5109,0,0,0,0
91.835,0.5109,0,0,0,0
91.871,0.5109,0,0,0,0
91.904,0.5109,0,0,0,0
91.937,0.5109,0,0,0,0
91.968,0.5109,0,0,0,0
92.005,0.5109,0,0,0,0
92.038,0.5109,0,0,0,0
92.071,0.5109,0,0,0,0
92.105,0.5109,0,0,0,0
92.138,0.5109,0,0,0,0
92.167,0.5109,0,0,0,0
92.202,0.5109,0,0,0,0
92.235,0.5109,0,0,0,0
92.269,0.5109,0,0,0,0
92.302,0.5109,0,0,0,0
92.337,0.5109,0,0,0,0
92.367,0.5108,0,0,0,0
92.406,0.5108,0,0,0,0
92.440,0.5108,0,0,0,0
92.472,0.5108,0,0,0,0
92.503,0.5108,0,0,0,0
92.536,0.5108,0,0,0,0
92.568,0.5108,0,0,0,0
92.603,0.5108,0,0,0,0
92.635,0.5108,0,0,0,0
92.669,0.5108,0,0,0,0
92.704,0.5108,0,0,0,0
92.735,0.5108,0,0,0,0
92.769,0.5108,0,0,0,0
92.802,0.5108,0,0,0,0
92.832,0.5108,0,0,0,0
92.868,0.5108,0,0,0,0
92.901,0.5107,0,0,0,0
92.936,0.5107,0,0,0,0
92.968,0.5107,0,0,0,0
93.003,0.5107,0,0,0,0
93.035,0.5107,0,0,0,0
93.069,0.5107,0,0,0,0
93.101,0.5107,0,0,0,0
93.137,0.5107,0,0,0,0
93.169,0.5107,0,0,0,0
93.201,0.5107,0,0,0,0
93.234,0.5107,0,0,0,0
93.269,0.5107,0,0,0,0
93.304,0.5107,0,0,0,0
93.336,0.5107,0,0,0,0
93.371,0.5106,0,0,0,0
93.401,0.5106,0,0,0,0
93.433,0.5106,0,0,0,0
93.467,0.5106,0,0,0,0
93.503,0.5106,0,0,0,0
93.535,0.5106,0,0,0,0
93.568,0.5106,0,0,0,0
93.602,0.5106,0,0,0,0
93.634,0.5106,0,0,0,0
93.671,0.5106,0,0,0,0
93.703,0.5106,0,0,0,0
93.738,0.5106,0,0,0,0
93.769,0.5106,0,0,0,0
93.801,0.5105,0,0,0,0
93.837,0.5105,0,0,0,0
93.872,0.5105,0,0,0,0
93.904,0.5105,0,0,0,0
93.937,0.5105,0,0,0,0
93.969,0.5105,0,0,0,0
94.004,0.5105,0,0,0,0
94.037,0.5105,0,0,0,0
94.072,0.5105,0,0,0,0
94.105,0.5105,0,0,0,0
94.137,0.5105,0,0,0,0
94.169,0.5105,0,0,0,0
94.202,0.5104,0,0,0,0
94.225,0.5104,0,0,0,0
94.267,0.5104,0,0,0,0
94.304,0.5104,0,0,0,0
94.335,0.5104,0,0,0,0
94.370,0.5104,0,0,0,0
94.403,0.5104,0,0,0,0
94.436,0.5104,0,0,0,0
94.468,0.5104,0,0,0,0
94.505,0.5104,0,0,0,0
94.541,0.5104,0,0,0,0
94.569,0.5103,0,0,0,0
94.600,0.5103,0,0,0,0
94.634,0.5103,0,0,0,0
94.667,0.5103,0,0,0,0
94.701,0.5103,0,0,0,0
94.736,0.5103,0,0,0,0
94.773,0.5103,0,0,0,0
94.803,0.5103,0,0,0,0
94.837,0.5103,0,0,0,0
94.869,0.5103,0,0,0,0
94.902,0.5102,0,0,0,0
94.936,0.5102,0,0,0,0
94.968,0.5102,0,0,0,0
95.002,0.5102,0,0,0,0
95.037,0.5102,0,0,0,0
95.072,0.5102,0,0,0,0
95.104,0.5102,0,0,0,0
95.134,0.5102,0,0,0,0
95.171,0.5102,0,0,0,0
95.201,0.5102,0,0,0,0
95.236,0.5101,0,0,0,0
95.268,0.5101,0,0,0,0
95.301,0.5101,0,0,0,0
95.338,0.5101,0,0,0,0
95.368,0.5101,0,0,0,0
95.401,0.5101,0,0,0,0
95.437,0.5101,0,0,0,0
95.470,0.5101,0,0,0,0
95.501,0.5100,0,0,0,0
95.535,0.5100,0,0,0,0
95.568,0.5100,0,0,0,0
95.602,0.5100,0,0,0,0
95.635,0.5100,0,0,0,0
95.670,0.5100,0,0,0,0
95.702,0.5100,0,0,0,0
95.738,0.5100,0,0,0,0
95.769,0.5100,0,0,0,0
95.802,0.5099,0,0,0,0
95.835,0.5099,0,0,0,0
95.869,0.5099,0,0,0,0
95.901,0.5099,0,0,0,0
95.938,0.5099,0,0,0,0
95.968,0.5099,0,0,0,0
96.003,0.5099,0,0,0,0
96.036,0.5098,0,0,0,0
96.068,0.5098,0,0,0,0
96.102,0.5098,0,0,0,0
96.135,0.5098,0,0,0,0
96.168,0.5098,0,0,0,0
96.203,0.5098,0,0,0,0
96.234,0.5098,0,0,0,0
96.269,0.5097,0,0,0,0
96.304,0.5097,0,0,0,0
96.334,0.5097,0,0,0,0
96.369,0.5097,0,0,0,0
96.403,0.5097,0,0,0,0
96.438,0.5097,0,0,0,0
96.469,0.5097,0,0,0,0
96.503,0.5096,0,0,0,0
96.537,0.5096,0,0,0,0
96.571,0.5096,0,0,0,0
96.604,0.5096,0,0,0,0
96.636,0.5096,0,0,0,0
96.670,0.5096,0,0,0,0
96.704,0.5095,0,0,0,0
96.736,0.5095,0,0,0,0
96.770,0.5095,0,0,0,0
96.803,0.5095,0,0,0,0
96.835,0.5095,0,0,0,0
96.868,0.5095,0,0,0,0
96.904,0.5094,0,0,0,0
96.936,0.5094,0,0,0,0
96.969,0.5094,0,0,0,0
97.001,0.5094,0,0,0,0
97.036,0.5094,0,0,0,0
97.068,0.5094,0,0,0,0
97.103,0.5093,0,0,0,0
97.136,0.5093,0,0,0,0
97.170,0.5093,0,0,0,0
97.202,0.5093,0,0,0,0
97.235,0.5092,0,0,0,0
97.269,0.5092,0,0,0,0
97.302,0.5092,0,0,0,0
97.341,0.5092,0,0,0,0
97.368,0.5092,0,0,0,0
97.404,0.5092,0,0,0,0
97.438,0.5091,0,0,0,0
97.471,0.5091,0,0,0,0
97.503,0.5091,0,0,0,0
97.536,0.5091,0,0,0,0
97.569,0.5091,0,0,0,0
97.603,0.5090,0,0,0,0
97.635,0.5090,0,0,0,0
97.668,0.5090,0,0,0,0
97.702,0.5090,0,0,0,0
97.737,0.5089,0,0,0,0
97.770,0.5089,0,0,0,0
97.804,0.5089,0,0,0,0
97.836,0.5089,0,0,0,0
97.869,0.5088,0,0,0,0
97.902,0.5088,0,0,0,0
97.937,0.5088,0,0,0,0
97.969,0.5088,0,0,0,0
98.004,0.5087,0,0,0,0
98.036,0.5087,0,0,0,0
98.069,0.5087,0,0,0,0
98.102,0.5087,0,0,0,0
98.136,0.5086,0,0,0,0
98.168,0.5086,0,0,0,0
98.205,0.5086,0,0,0,0
98.236,0.5086,0,0,0,0
98.272,0.5085,0,0,0,0
98.303,0.5085,0,0,0,0
98.334,0.5085,0,0,0,0
98.369,0.5085,0,0,0,0
98.402,0.5084,0,0,0,0
98.436,0.5084,0,0,0,0
98.469,0.5084,0,0,0,0
98.502,0.5083,0,0,0,0
98.538,0.5083,0,0,0,0
98.571,0.5083,0,0,0,0
98.603,0.5082,0,0,0,0
98.634,0.5082,0,0,0,0
98.670,0.5082,0,0,0,0
98.705,0.5082,0,0,0,0
98.735,0.5081,0,0,0,0
98.768,0.5081,0,0,0,0
98.801,0.5081,0,0,0,0
98.836,0.5080,0,0,0,0
98.869,0.5080,0,0,0,0
98.901,0.5080,0,0,0,0
98.937,0.5079,0,0,0,0
98.970,0.5079,0,0,0,0
99.004,0.5078,0,0,0,0
99.038,0.5078,0,0,0,0
99.070,0.5078,0,0,0,0
99.101,0.5077,0,0,0,0
99.137,0.5077,0,0,0,0
99.169,0.5077,0,0,0,0
99.202,0.5076,0,0,0,0
99.235,0.5076,0,0,0,0
99.268,0.5076,0,0,0,0
99.305,0.5075,0,0,0,0
99.336,0.5075,0,0,0,0
99.369,0.5074,0,0,0,0
99.403,0.5074,0,0,0,0
99.440,0.5073,0,0,0,0
99.468,0.5073,0,0,0,0
99.501,0.5073,0,0,0,0
99.535,0.5072,0,0,0,0
99.570,0.5072,0,0,0,0
99.602,0.5071,0,0,0,0
99.635,0.5071,0,0,0,0
99.669,0.5070,0,0,0,0
99.701,0.5070,0,0,0,0
99.736,0.5069,0,0,0,0
99.769,0.5069,0,0,0,0
99.803,0.5068,0,0,0,0
99.835,0.5068,0,0,0,0
99.869,0.5068,0,0,0,0
99.904,0.5067,0,0,0,0
99.934,0.5066,0,0,0,0
99.969,0.5066,0,0,0,0
100.003,0.5065,0,0,0,0
100.032,0.5065,0,0,0,0
100.070,0.5065,0,0,0,0
100.101,0.5064,0,0,0,0
100.134,0.5063,0,0,0,0
100.168,0.5063,0,0,0,0
100.202,0.5062,0,0,0,0
100.237,0.5062,0,0,0,0
100.269,0.5061,0,0,0,0
100.304,0.5060,0,0,0,0
100.336,0.5060,0,0,0,0
100.370,0.5059,0,0,0,0
100.401,0.5059,0,0,0,0
100.437,0.5058,0,0,0,0
100.469,0.5058,0,0,0,0
100.502,0.5057,0,0,0,0
100.535,0.5056,0,0,0,0
100.570,0.5056,0,0,0,0
100.603,0.5055,0,0,0,0
100.634,0.5054,0,0,0,0
100.669,0.5054,0,0,0,0
100.702,0.5053,0,0,0,0
100.736,0.5053,0,0,0,0
100.771,0.5053,0,0,0,0
100.802,0.5052,0,0,0,0
100.840,0.5052,0,0,0,0
100.870,0.5052,0,0,0,0
100.903,0.5052,0,0,0,0
100.936,0.5052,0,0,0,0
100.969,0.5052,0,0,0,0
101.003,0.5052,0,0,0,0
101.038,0.5052,0,0,0,0
101.071,0.5052,0,0,0,0
101.102,0.5052,0,0,0,0
101.135,0.5052,0,0,0,0
101.169,0.5052,0,0,0,0
101.204,0.5051,0,0,0,0
101.239,0.5051,0,0,0,0
101.269,0.5051,0,0,0,0
101.302,0.5051,0,0,0,0
101.334,0.5051,0,0,0,0
101.368,0.5051,0,0,0,0
101.405,0.5051,0,0,0,0
101.437,0.5051,0,0,0,0
101.468,0.5051,0,0,0,0
101.501,0.5051,0,0,0,0
101.535,0.5051,0,0,0,0
101.568,0.5051,0,0,0,0
101.603,0.5051,0,0,0,0
101.634,0.5050,0,0,0,0
101.669,0.5050,0,0,0,0
101.702,0.5050,0,0,0,0
101.734,0.5050,0,0,0,0
101.769,0.5050,0,0,0,0
101.802,0.5050,0,0,0,0
101.837,0.5050,0,0,0,0
101.868,0.5050,0,0,0,0
101.902,0.5050,0,0,0,0
101.937,0.5050,0,0,0,0
101.971,0.5050,0,0,0,0
102.002,0.5050,0,0,0,0
102.038,0.5050,0,0,0,0
102.069,0.5050,0,0,0,0
102.104,0.5050,0,0,0,0
102.136,0.5049,0,0,0,0
102.168,0.5049,0,0,0,0
102.201,0.5049,0,0,0,0
102.237,0.5049,0,0,0,0
102.270,0.5049,0,0,0,0
102.302,0.5049,0,0,0,0
102.334,0.5049,0,0,0,0
102.367,0.5049,0,0,0,0
102.402,0.5049,0,0,0,0
102.435,0.5049,0,0,0,0
102.469,0.5049,0,0,0,0
102.501,0.5049,0,0,0,0
102.535,0.5049,0,0,0,0
102.568,0.5049,0,0,0,0
102.601,0.5049,0,0,0,0
102.635,0.5049,0,0,0,0
102.669,0.5049,0,0,0,0
102.701,0.5049,0,0,0,0
102.735,0.5048,0,0,0,0
102.769,0.5048,0,0,0,0
102.802,0.5048,0,0,0,0
102.837,0.5048,0,0,0,0
102.870,0.5048,0,0,0,0
102.903,0.5048,0,0,0,0
102.935,0.5048,0,0,0,0
102.970,0.5048,0,0,0,0
103.001,0.5048,0,0,0,0
103.041,0.5048,0,0,0,0
103.070,0.5048,0,0,0,0
103.103,0.5048,0,0,0,0
103.134,0.5048,0,0,0,0
103.169,0.5048,0,0,0,0
103.204,0.5048,0,0,0,0
103.236,0.5048,0,0,0,0
103.268,0.5048,0,0,0,0
103.302,0.5048,0,0,0,0
103.335,0.5048,0,0,0,0
103.369,0.5048,0,0,0,0
103.402,0.5047,0,0,0,0
103.435,0.5047,0,0,0,0
103.469,0.5047,0,0,0,0
103.501,0.5047,0,0,0,0
103.536,0.5047,0,0,0,0
103.569,0.5047,0,0,0,0
103.604,0.5047,0,0,0,0
103.637,0.5047,0,0,0,0
103.670,0.5047,0,0,0,0
103.703,0.5047,0,0,0,0
103.736,0.5047,0,0,0,0
103.771,0.5047,0,0,0,0
103.805,0.5047,0,0,0,0
103.837,0.5047,0,0,0,0
103.870,0.5047,0,0,0,0
103.903,0.5047,0,0,0,0
103.935,0.5047,0,0,0,0
103.968,0.5047,0,0,0,0
104.004,0.5046,0,0,0,0
104.036,0.5046,0,0,0,0
104.071,0.5046,0,0,0,0
104.103,0.5046,0,0,0,0
104.137,0.5046,0,0,0,0
104.171,0.5046,0,0,0,0
104.203,0.5046,0,0,0,0
104.235,0.5046,0,0,0,0
104.269,0.5046,0,0,0,0
104.310,0.5046,0,0,0,0
104.341,0.5046,0,0,0,0
104.368,0.5045,0,0,0,0
104.404,0.5045,0,0,0,0
104.437,0.5045,0,0,0,0
104.468,0.5045,0,0,0,0
104.502,0.5045,0,0,0,0
104.537,0.5045,0,0,0,0
104.572,0.5045,0,0,0,0
104.604,0.5045,0,0,0,0
104.638,0.5045,0,0,0,0
104.671,0.5044,0,0,0,0
104.704,0.5044,0,0,0,0
104.735,0.5044,0,0,0,0
104.772,0.5044,0,0,0,0
104.802,0.5044,0,0,0,0
104.837,0.5044,0,0,0,0
104.867,0.5044,0,0,0,0
104.904,0.5043,0,0,0,0
104.938,0.5043,0,0,0,0
104.971,0.5043,0,0,0,0
105.002,0.5043,0,0,0,0
105.037,0.5043,0,0,0,0
105.071,0.5043,0,0,0,0
105.101,0.5042,0,0,0,0
105.138,0.5042,0,0,0,0
105.170,0.5042,0,0,0,0
105.203,0.5042,0,0,0,0
105.236,0.5042,0,0,0,0
105.311,0.5041,0,0,0,0
105.322,0.5041,0,0,0,0
105.347,0.5041,0,0,0,0
105.382,0.5041,0,0,0,0
105.415,0.5041,0,0,0,0
105.448,0.5041,0,0,0,0
105.482,0.5040,0,0,0,0
105.514,0.5040,0,0,0,0
105.550,0.5040,0,0,0,0
105.581,0.5040,0,0,0,0
105.615,0.5039,0,0,0,0
105.648,0.5039,0,0,0,0
105.682,0.5039,0,0,0,0
105.715,0.5039,0,0,0,0
105.748,0.5039,0,0,0,0
105.781,0.5038,0,0,0,0
105.815,0.5038,0,0,0,0
105.848,0.5038,0,0,0,0
105.881,0.5038,0,0,0,0
105.915,0.5037,0,0,0,0
105.947,0.5037,0,0,0,0
105.981,0.5037,0,0,0,0
106.015,0.5037,0,0,0,0
106.048,0.5037,0,0,0,0
106.081,0.5036,0,0,0,0
106.115,0.5036,0,0,0,0
106.149,0.5036,0,0,0,0
106.182,0.5036,0,0,0,0
106.214,0.5035,0,0,0,0
106.247,0.5035,0,0,0,0
106.282,0.5035,0,0,0,0
106.314,0.5035,0,0,0,0
106.346,0.5035,0,0,0,0
106.383,0.5034,0,0,0,0
106.415,0.5034,0,0,0,0
106.447,0.5034,0,0,0,0
106.481,0.5034,0,0,0,0
106.515,0.5033,0,0,0,0
106.550,0.5033,0,0,0,0
106.582,0.5033,0,0,0,0
106.614,0.5037,0,0,0,0
106.647,0.5056,1,6,6,1
106.680,0.5079,1,6,6,1
106.716,0.5091,1,6,6,1
106.749,0.5091,1,6,6,1
106.780,0.5081,1,6,6,1
106.814,0.5060,1,6,6,1
106.848,0.5027,1,6,6,1
106.880,0.4984,1,6,6,1
106.914,0.4929,1,6,6,1
106.949,0.4861,1,6,6,1
106.981,0.4789,1,6,6,1
107.015,0.4699,1,6,6,1
107.049,0.4695,1,6,6,1
107.081,0.4774,1,6,6,1
107.115,0.4848,1,6,6,1
107.148,0.4909,1,6,6,1
107.182,0.4960,1,6,6,1
107.215,0.5000,1,6,6,1
107.248,0.5028,1,6,6,1
107.281,0.5045,1,6,6,1
107.313,0.5052,1,6,6,1
107.348,0.5047,1,6,6,1
107.380,0.5032,1,6,6,1
107.416,0.5010,1,6,6,1
107.448,0.5004,1,6,6,1
107.481,0.4986,1,6,6,1
107.514,0.4959,1,6,6,1
107.549,0.4918,1,6,6,1
107.582,0.4868,1,6,6,1
107.614,0.4810,1,6,6,1
107.647,0.4739,1,6,6,1
107.683,0.4653,1,6,6,1
107.714,0.4566,1,6,6,1
107.748,0.4523,1,6,6,1
107.781,0.4629,1,6,6,1
107.814,0.4725,1,6,6,1
107.847,0.4809,1,6,6,1
107.882,0.4888,1,6,6,1
107.914,0.4950,1,6,6,1
107.948,0.5005,1,6,6,1
107.981,0.5048,1,6,6,1
108.016,0.5081,1,6,6,1
108.047,0.5081,1,6,6,1
108.081,0.5081,1,6,6,1
108.114,0.5081,1,6,6,1
108.149,0.5080,1,6,6,1
108.180,0.5080,1,6,6,1
108.215,0.5080,1,6,6,1
108.247,0.5080,1,6,6,1
108.280,0.5080,1,6,6,1
108.315,0.4951,1,6,6,1
108.348,0.4951,1,6,6,1
108.382,0.4951,1,6,6,1
108.414,0.4952,1,6,6,1
108.447,0.4952,1,6,6,1
108.480,0.4952,1,6,6,1
108.515,0.4952,1,6,6,1
108.549,0.4952,1,6,6,1
108.580,0.4952,1,6,6,1
108.614,0.4952,1,6,6,1
108.648,0.4952,1,6,6,1
108.682,0.4952,1,6,6,1
108.714,0.4952,1,6,6,1
108.747,0.4953,1,6,6,1
108.781,0.4953,1,6,6,1
108.813,0.4953,1,6,6,1
108.849,0.4953,1,6,6,1
108.882,0.4953,1,6,6,1
108.914,0.4953,1,6,6,1
108.948,0.4977,1,6,6,1
108.981,0.5026,1,6,6,1
109.015,0.5064,1,6,6,1
109.047,0.5090,1,6,6,1
109.081,0.5106,1,6,6,1
109.114,0.5110,1,6,6,1
109.147,0.5110,1,6,6,1
109.181,0.5110,1,6,6,1
109.214,0.5110,1,6,6,1
109.248,0.5110,1,6,6,1
109.283,0.5110,1,6,6,1
109.313,0.5110,1,6,6,1
109.349,0.5110,1,6,6,1
109.380,0.5110,1,6,6,1
109.415,0.5110,1,6,6,1
109.447,0.5110,1,6,6,1
109.481,0.5110,1,6,6,1
109.514,0.5110,1,6,6,1
109.547,0.5110,1,6,6,1
109.580,0.5110,1,6,6,1
109.615,0.5110,1,6,6,1
109.648,0.5110,1,6,6,1
109.682,0.5110,1,6,6,1
109.715,0.5109,1,6,6,1
109.747,0.5109,1,6,6,1
109.782,0.5109,1,6,6,1
109.814,0.5109,1,6,6,1
109.849,0.5109,1,6,6,1
109.880,0.5109,1,6,6,1
109.914,0.5109,1,6,6,1
109.947,0.5109,1,6,6,1
109.981,0.5109,1,6,6,1
110.016,0.5109,1,6,6,1
110.048,0.5109,1,6,6,1
110.081,0.5109,0,0,0,0
110.115,0.5109,0,0,0,0
110.148,0.5109,0,0,0,0
110.181,0.5109,0,0,0,0
110.214,0.5109,0,0,0,0
110.248,0.5109,0,0,0,0
110.282,0.5109,0,0,0,0
110.315,0.5109,0,0,0,0
110.349,0.5109,0,0,0,0
110.382,0.5109,0,0,0,0
110.416,0.5109,0,0,0,0
110.448,0.5109,0,0,0,0
110.480,0.5109,0,0,0,0
110.514,0.5109,0,0,0,0
110.548,0.5109,0,0,0,0
110.582,0.5109,0,0,0,0
110.614,0.5109,0,0,0,0
110.647,0.5109,0,0,0,0
110.681,0.5109,0,0,0,0
110.714,0.5109,0,0,0,0
110.747,0.5109,0,0,0,0
110.780,0.5109,0,0,0,0
110.815,0.5109,0,0,0,0
110.849,0.5109,0,0,0,0
110.882,0.5109,0,0,0,0
110.915,0.5108,0,0,0,0
110.948,0.5108,0,0,0,0
110.982,0.5108,0,0,0,0
111.015,0.5108,0,0,0,0
111.049,0.5108,0,0,0,0
111.081,0.5108,0,0,0,0
111.115,0.5108,0,0,0,0
111.147,0.5108,0,0,0,0
111.180,0.5108,0,0,0,0
111.215,0.5108,0,0,0,0
111.248,0.5108,0,0,0,0
111.280,0.5108,0,0,0,0
111.313,0.5108,0,0,0,0
111.347,0.5108,0,0,0,0
111.381,0.5108,0,0,0,0
111.415,0.5108,0,0,0,0
111.447,0.5108,0,0,0,0
111.482,0.5108,0,0,0,0
111.515,0.5108,0,0,0,0
111.547,0.5108,0,0,0,0
111.583,0.5108,0,0,0,0
111.614,0.5108,0,0,0,0
111.648,0.5108,0,0,0,0
111.682,0.5108,0,0,0,0
111.713,0.5108,0,0,0,0
111.749,0.5108,0,0,0,0
111.784,0.5108,0,0,0,0
111.814,0.5108,0,0,0,0
111.848,0.5108,0,0,0,0
111.881,0.5108,0,0,0,0
111.913,0.5108,0,0,0,0
111.948,0.5108,0,0,0,0
111.984,0.5108,0,0,0,0
112.014,0.5108,0,0,0,0
112.049,0.5108,0,0,0,0
112.080,0.5107,0,0,0,0
112.115,0.5107,0,0,0,0
112.149,0.5107,0,0,0,0
112.182,0.5107,0,0,0,0
112.215,0.5107,0,0,0,0
112.247,0.5107,0,0,0,0
112.283,0.5107,0,0,0,0
112.316,0.5107,0,0,0,0
112.348,0.5107,0,0,0,0
112.382,0.5107,0,0,0,0
112.414,0.5107,0,0,0,0
112.446,0.5107,0,0,0,0
112.481,0.5107,0,0,0,0
112.515,0.5107,0,0,0,0
112.548,0.5107,0,0,0,0
112.582,0.5107,0,0,0,0
112.614,0.5107,0,0,0,0
112.647,0.5107,0,0,0,0
112.682,0.5107,0,0,0,0
112.715,0.5107,0,0,0,0
112.748,0.5107,0,0,0,0
112.782,0.5107,0,0,0,0
112.814,0.5107,0,0,0,0
112.847,0.5107,0,0,0,0
112.881,0.5107,0,0,0,0
112.915,0.5107,0,0,0,0
112.947,0.5107,0,0,0,0
112.980,0.5107,0,0,0,0
113.015,0.5107,0,0,0,0
113.048,0.5107,0,0,0,0
113.080,0.5107,0,0,0,0
113.115,0.5106,0,0,0,0
113.147,0.5106,0,0,0,0
113.183,0.5106,0,0,0,0
113.214,0.5106,0,0,0,0
113.247,0.5106,0,0,0,0
113.281,0.5106,0,0,0,0
113.313,0.5106,0,0,0,0
113.348,0.5106,0,0,0,0
113.381,0.5106,0,0,0,0
113.416,0.5106,0,0,0,0
113.447,0.5106,0,0,0,0
113.482,0.5106,0,0,0,0
113.515,0.5106,0,0,0,0
113.547,0.5106,0,0,0,0
113.580,0.5106,0,0,0,0
113.615,0.5106,0,0,0,0
113.649,0.5106,0,0,0,0
113.680,0.5106,0,0,0,0
113.714,0.5106,0,0,0,0
113.748,0.5106,0,0,0,0
113.781,0.5106,0,0,0,0
113.814,0.5106,0,0,0,0
113.847,0.5106,0,0,0,0
113.881,0.5106,0,0,0,0
113.916,0.5106,0,0,0,0
113.948,0.5106,0,0,0,0
113.981,0.5106,0,0,0,0
114.014,0.5106,0,0,0,0
114.047,0.5106,0,0,0,0
114.081,0.5106,0,0,0,0
114.115,0.5105,0,0,0,0
114.148,0.5105,0,0,0,0
114.182,0.5105,0,0,0,0
114.215,0.5105,0,0,0,0
114.248,0.5105,0,0,0,0
114.282,0.5105,0,0,0,0
114.314,0.5105,0,0,0,0
114.347,0.5105,0,0,0,0
114.384,0.5105,0,0,0,0
114.414,0.5105,0,0,0,0
114.448,0.5105,0,0,0,0
114.482,0.5105,0,0,0,0
114.514,0.5105,0,0,0,0
114.548,0.5105,0,0,0,0
114.582,0.5105,0,0,0,0
114.615,0.5105,0,0,0,0
114.649,0.5105,0,0,0,0
114.681,0.5105,0,0,0,0
114.713,0.5105,0,0,0,0
114.748,0.5105,0,0,0,0
114.782,0.5105,0,0,0,0
114.814,0.5105,0,0,0,0
114.849,0.5105,0,0,0,0
114.882,0.5105,0,0,0,0
114.915,0.5105,0,0,0,0
114.948,0.5105,0,0,0,0
114.980,0.5105,0,0,0,0
115.014,0.5105,0,0,0,0
115.049,0.5105,0,0,0,0
115.081,0.5105,0,0,0,0
115.114,0.5104,0,0,0,0
115.147,0.5104,0,0,0,0
115.182,0.5104,0,0,0,0
115.215,0.5104,0,0,0,0
115.248,0.5104,0,0,0,0
115.281,0.5104,0,0,0,0
115.316,0.5104,0,0,0,0
115.347,0.5104,0,0,0,0
115.383,0.5104,0,0,0,0
115.415,0.5104,0,0,0,0
115.448,0.5104,0,0,0,0
115.482,0.5104,0,0,0,0
115.514,0.5104,0,0,0,0
115.547,0.5104,0,0,0,0
115.580,0.5104,0,0,0,0
115.615,0.5104,0,0,0,0
115.649,0.5104,0,0,0,0
115.682,0.5104,0,0,0,0
115.715,0.5104,0,0,0,0
115.749,0.5104,0,0,0,0
115.782,0.5104,0,0,0,0
115.815,0.5104,0,0,0,0
115.847,0.5104,0,0,0,0
115.880,0.5104,0,0,0,0
115.915,0.5104,0,0,0,0
115.948,0.5104,0,0,0,0
115.981,0.5104,0,0,0,0
116.015,0.5104,0,0,0,0
116.048,0.5104,0,0,0,0
116.082,0.5104,0,0,0,0
116.114,0.5103,0,0,0,0
116.147,0.5103,0,0,0,0
116.182,0.5103,0,0,0,0
116.216,0.5096,0,0,0,0
116.249,0.5077,1,6,6,1
116.282,0.5046,1,6,6,1
116.315,0.5003,1,6,6,1
116.348,0.4950,1,6,6,1
116.382,0.4881,1,6,6,1
116.414,0.4806,1,6,6,1
116.449,0.4745,1,6,6,1
116.482,0.4736,1,6,6,1
116.516,0.4726,1,6,6,1
116.547,0.4721,1,6,6,1
116.583,0.4711,1,6,6,1
116.614,0.4703,1,6,6,1
116.648,0.4699,1,6,6,1
116.681,0.4692,1,6,6,1
116.715,0.4686,1,6,6,1
116.748,0.4684,1,6,6,1
116.782,0.4680,1,6,6,1
116.815,0.4677,1,6,6,1
116.847,0.4676,1,6,6,1
116.880,0.4674,1,6,6,1
116.915,0.4672,1,6,6,1
116.947,0.4672,1,6,6,1
116.982,0.4671,1,6,6,1
117.015,0.4671,1,6,6,1
117.046,0.4670,1,6,6,1
117.083,0.4670,1,6,6,1
117.116,0.4670,1,6,6,1
117.149,0.4670,1,6,6,1
117.182,0.4671,1,6,6,1
117.214,0.4671,1,6,6,1
117.246,0.4671,1,6,6,1
117.283,0.4671,1,6,6,1
117.313,0.4671,1,6,6,1
117.347,0.4671,1,6,6,1
117.380,0.4671,1,6,6,1
117.413,0.4671,1,6,6,1
117.447,0.4671,1,6,6,1
117.481,0.4671,0,0,0,0
117.514,0.4671,0,0,0,0
117.548,0.4671,0,0,0,0
117.581,0.4671,0,0,0,0
117.616,0.4671,0,0,0,0
117.648,0.4671,0,0,0,0
117.681,0.4671,0,0,0,0
117.714,0.4671,0,0,0,0
117.747,0.4671,0,0,0,0
117.781,0.4671,0,0,0,0
117.813,0.4671,0,0,0,0
117.849,0.4671,0,0,0,0
117.881,0.4671,0,0,0,0
117.914,0.4671,0,0,0,0
117.948,0.4671,0,0,0,0
117.982,0.4671,0,0,0,0
118.016,0.4670,0,0,0,0
118.049,0.4670,0,0,0,0
118.082,0.4670,0,0,0,0
118.115,0.4670,0,0,0,0
118.147,0.4670,0,0,0,0
118.181,0.4670,0,0,0,0
118.215,0.4670,0,0,0,0
118.251,0.4670,0,0,0,0
118.280,0.4670,0,0,0,0
118.316,0.4670,0,0,0,0
118.347,0.4670,0,0,0,0
118.382,0.4670,0,0,0,0
118.414,0.4670,0,0,0,0
118.448,0.4670,0,0,0,0
118.480,0.4670,0,0,0,0
118.513,0.4670,0,0,0,0
118.547,0.4670,0,0,0,0
118.581,0.4670,0,0,0,0
118.616,0.4670,0,0,0,0
118.648,0.4670,0,0,0,0
118.680,0.4670,0,0,0,0
118.715,0.4670,0,0,0,0
118.749,0.4670,0,0,0,0
118.782,0.4670,0,0,0,0
118.816,0.4670,0,0,0,0
118.848,0.4670,0,0,0,0
118.883,0.4670,0,0,0,0
118.915,0.4670,0,0,0,0
118.949,0.4670,0,0,0,0
118.982,0.4670,0,0,0,0
119.013,0.4670,0,0,0,0
119.047,0.4670,0,0,0,0
119.082,0.4670,0,0,0,0
119.115,0.4670,0,0,0,0
119.147,0.4669,0,0,0,0
119.183,0.4669,0,0,0,0
119.214,0.4669,0,0,0,0
119.247,0.4669,0,0,0,0
119.283,0.4669,0,0,0,0
119.315,0.4669,0,0,0,0
119.348,0.4669,0,0,0,0
119.380,0.4669,0,0,0,0
119.416,0.4669,0,0,0,0
119.449,0.4669,0,0,0,0
119.480,0.4669,0,0,0,0
119.514,0.4669,0,0,0,0
119.550,0.4669,0,0,0,0
119.583,0.4669,0,0,0,0
119.612,0.4669,0,0,0,0
119.648,0.4669,0,0,0,0
119.682,0.4669,0,0,0,0
119.716,0.4669,0,0,0,0
119.747,0.4669,0,0,0,0
119.781,0.4669,0,0,0,0
119.816,0.4669,0,0,0,0
119.849,0.4669,0,0,0,0
119.880,0.4669,0,0,0,0
119.913,0.4669,0,0,0,0
119.949,0.4669,0,0,0,0
119.982,0.4669,0,0,0,0
120.015,0.4669,0,0,0,0
120.048,0.4669,0,0,0,0
120.082,0.4669,0,0,0,0
120.114,0.4669,0,0,0,0
120.147,0.4669,0,0,0,0
120.180,0.4669,0,0,0,0
120.214,0.4669,0,0,0,0
120.247,0.4669,0,0,0,0
120.280,0.4669,0,0,0,0
120.316,0.4669,0,0,0,0
120.349,0.4669,0,0,0,0
120.383,0.4669,0,0,0,0
120.415,0.4669,0,0,0,0
120.447,0.4669,0,0,0,0
120.481,0.4669,0,0,0,0
120.514,0.4669,0,0,0,0
120.547,0.4669,0,0,0,0
120.583,0.4669,0,0,0,0
120.614,0.4669,0,0,0,0
120.648,0.4669,0,0,0,0
120.680,0.4669,0,0,0,0
120.713,0.4669,0,0,0,0
120.747,0.4669,0,0,0,0
120.782,0.4669,0,0,0,0
120.815,0.4669,0,0,0,0
120.847,0.4669,0,0,0,0
120.880,0.4669,0,0,0,0
120.914,0.4669,0,0,0,0
120.947,0.4669,0,0,0,0
120.983,0.4669,0,0,0,0
121.016,0.4669,0,0,0,0
121.048,0.4669,0,0,0,0
121.082,0.4669,0,0,0,0
121.116,0.4669,0,0,0,0
121.147,0.4669,0,0,0,0
121.182,0.4669,0,0,0,0
121.213,0.4669,0,0,0,0
121.249,0.4670,0,0,0,0
121.281,0.4674,0,0,0,0
121.314,0.4681,0,0,0,0
121.348,0.4687,0,0,0,0
121.382,0.4700,0,0,0,0
121.415,0.4717,1,6,6,1
121.447,0.4727,1,6,6,1
121.487,0.4747,1,6,6,1
121.516,0.4769,1,6,6,1
121.549,0.4780,1,6,6,1
121.580,0.4800,1,6,6,1
121.614,0.4818,1,6,6,1
121.649,0.4827,1,6,6,1
121.681,0.4843,1,6,6,1
121.714,0.4857,1,6,6,1
121.748,0.4863,1,6,6,1
121.780,0.4874,1,6,6,1
121.814,0.4885,1,6,6,1
121.847,0.4893,1,6,6,1
121.880,0.4914,1,6,6,1
121.914,0.4932,1,6,6,1
121.947,0.4935,1,6,6,1
121.981,0.4935,1,6,6,1
122.015,0.4926,1,6,6,1
122.047,0.4902,1,6,6,1
122.082,0.4873,1,6,6,1
122.114,0.4886,1,6,6,1
122.147,0.4892,1,6,6,1
122.180,0.4905,1,6,6,1
122.215,0.4915,1,6,6,1
122.248,0.4917,1,6,6,1
122.280,0.4914,1,6,6,1
122.314,0.4914,1,6,6,1
122.347,0.4915,1,6,6,1
122.381,0.4920,1,6,6,1
122.414,0.4923,1,6,6,1
122.446,0.4922,1,6,6,1
122.482,0.4922,1,6,6,1
122.514,0.4923,1,6,6,1
122.548,0.4922,1,6,6,1
122.581,0.4926,1,6,6,1
122.614,0.4953,1,6,6,1
122.648,0.4954,1,6,6,1
122.681,0.4954,1,6,6,1
122.716,0.4951,1,6,6,1
122.748,0.4951,1,6,6,1
122.783,0.4949,1,6,6,1
122.816,0.4949,1,6,6,1
122.847,0.4949,1,6,6,1
122.880,0.4945,1,6,6,1
122.915,0.4945,1,6,6,1
122.948,0.4944,1,6,6,1
122.981,0.4942,1,6,6,1
123.014,0.4941,1,6,6,1
123.049,0.4939,1,6,6,1
123.082,0.4937,1,6,6,1
123.115,0.4935,1,6,6,1
123.147,0.4934,1,6,6,1
123.182,0.4929,1,6,6,1
123.215,0.4929,1,6,6,1
123.248,0.4929,1,6,6,1
123.281,0.4925,1,6,6,1
123.314,0.4921,1,6,6,1
123.347,0.4922,1,6,6,1
123.380,0.4920,1,6,6,1
123.413,0.4917,1,6,6,1
123.447,0.4915,1,6,6,1
123.483,0.4912,1,6,6,1
123.514,0.4909,1,6,6,1
123.548,0.4909,1,6,6,1
123.581,0.4906,1,6,6,1
123.614,0.4903,1,6,6,1
123.649,0.4901,0,0,0,0
123.683,0.4899,0,0,0,0
123.715,0.4897,0,0,0,0
123.747,0.4897,0,0,0,0
123.781,0.4894,0,0,0,0
123.815,0.4889,0,0,0,0
123.847,0.4888,0,0,0,0
123.883,0.4890,0,0,0,0
123.915,0.4887,0,0,0,0
123.947,0.4885,0,0,0,0
123.982,0.4879,0,0,0,0
124.015,0.4880,0,0,0,0
124.047,0.4880,0,0,0,0
124.082,0.4878,0,0,0,0
124.113,0.4873,0,0,0,0
124.149,0.4870,0,0,0,0
124.181,0.4870,0,0,0,0
124.214,0.4870,0,0,0,0
124.249,0.4869,0,0,0,0
124.281,0.4865,0,0,0,0
124.314,0.4862,0,0,0,0
124.348,0.4863,0,0,0,0
124.380,0.4863,0,0,0,0
124.415,0.4860,0,0,0,0
124.446,0.4861,0,0,0,0
124.482,0.4870,0,0,0,0
124.514,0.4886,1,6,6,1
124.548,0.4897,1,6,6,1
124.582,0.4924,1,6,6,1
124.616,0.4957,1,6,6,1
124.649,0.4976,1,6,6,1
124.681,0.5017,1,6,6,1
124.714,0.5064,1,6,6,1
124.749,0.5088,1,6,6,1
124.782,0.5141,1,6,6,1
124.814,0.5197,1,6,6,1
124.847,0.5226,1,6,6,1
124.880,0.5285,1,6,6,1
124.916,0.5346,1,6,6,1
124.947,0.5376,1,6,6,1
124.982,0.5437,1,6,6,1
125.014,0.5497,1,6,6,1
125.049,0.5528,1,6,6,1
125.081,0.5588,1,6,6,1
125.113,0.5648,1,6,6,1
125.148,0.5678,1,6,6,1
125.180,0.5738,1,6,6,1
125.215,0.5797,1,6,6,1
125.247,0.5826,1,6,6,1
125.282,0.5883,1,6,6,1
125.314,0.5941,1,6,6,1
125.349,0.5969,1,6,6,1
125.382,0.6024,1,6,6,1
125.413,0.6077,1,6,6,1
125.450,0.6102,1,6,6,1
125.480,0.6149,1,6,6,1
125.514,0.6199,1,6,6,1
125.546,0.6225,1,6,6,1
125.581,0.6277,1,6,6,1
125.613,0.6326,1,6,6,1
125.648,0.6349,1,6,6,1
125.681,0.6392,1,6,6,1
125.716,0.6429,1,6,6,1
125.748,0.6445,1,6,6,1
125.780,0.6475,1,6,6,1
125.815,0.6502,1,6,6,1
125.847,0.6517,1,6,6,1
125.880,0.6549,1,6,6,1
125.916,0.6581,1,6,6,1
125.948,0.6596,1,6,6,1
125.983,0.6626,1,6,6,1
126.015,0.6661,1,6,6,1
126.048,0.6681,1,6,6,1
126.081,0.6725,1,6,6,1
126.116,0.6772,1,6,6,1
126.148,0.6795,1,6,6,1
126.182,0.6839,1,6,6,1
126.213,0.6878,1,6,6,1
126.247,0.6896,1,6,6,1
126.280,0.6926,1,6,6,1
126.316,0.6952,1,6,6,1
126.349,0.6963,1,6,6,1
126.382,0.6983,1,6,6,1
126.414,0.6999,1,6,6,1
126.449,0.7005,1,6,6,1
126.481,0.7012,1,6,6,1
126.515,0.7012,1,6,6,1
126.547,0.7010,1,6,6,1
126.581,0.7000,1,6,6,1
126.614,0.6986,1,6,6,1
126.647,0.6976,1,6,6,1
126.682,0.6952,1,6,6,1
126.714,0.6923,1,6,6,1
126.746,0.6907,1,6,6,1
126.780,0.6873,1,6,6,1
126.815,0.6840,1,6,6,1
126.847,0.6823,1,6,6,1
126.882,0.6794,1,6,6,1
126.915,0.6770,1,6,6,1
126.947,0.6761,1,6,6,1
126.980,0.6750,1,6,6,1
127.015,0.6747,1,6,6,1
127.048,0.6748,1,6,6,1
127.082,0.6754,1,6,6,1
127.113,0.6765,1,6,6,1
127.147,0.6771,1,6,6,1
127.180,0.6784,1,6,6,1
127.215,0.6794,1,6,6,1
127.247,0.6797,1,6,6,1
127.283,0.6802,1,6,6,1
127.314,0.6804,1,6,6,1
127.347,0.6803,1,6,6,1
127.382,0.6799,1,6,6,1
127.414,0.6789,1,6,6,1
127.448,0.6784,1,6,6,1
127.481,0.6770,1,6,6,1
127.514,0.6752,1,6,6,1
127.547,0.6742,1,6,6,1
127.580,0.6717,1,6,6,1
127.614,0.6687,1,6,6,1
127.647,0.6671,1,6,6,1
127.681,0.6636,1,6,6,1
127.715,0.6598,1,6,6,1
127.747,0.6578,1,6,6,1
127.782,0.6539,1,6,6,1
127.814,0.6499,1,6,6,1
127.848,0.6479,1,6,6,1
127.881,0.6439,1,6,6,1
127.914,0.6400,1,6,6,1
127.947,0.6382,1,6,6,1
127.980,0.6346,1,6,6,1
128.015,0.6311,1,6,6,1
128.047,0.6295,1,6,6,1
128.082,0.6263,1,6,6,1
128.116,0.6235,1,6,6,1
128.148,0.6221,1,6,6,1
128.183,0.6195,1,6,6,1
128.216,0.6171,1,6,6,1
128.248,0.6201,1,6,6,1
128.281,0.6343,1,6,6,1
128.315,0.6510,1,6,6,1
128.349,0.6667,1,6,6,1
128.381,0.6796,1,6,6,1
128.414,0.6916,1,6,6,1
128.447,0.7029,1,6,6,1
128.482,0.7125,1,6,6,1
128.514,0.7199,1,6,6,1
128.547,0.7226,1,6,6,1
128.583,0.7210,1,6,6,1
128.616,0.7193,1,6,6,1
128.649,0.7185,1,6,6,1
128.681,0.7167,1,6,6,1
128.715,0.7150,1,6,6,1
128.748,0.7143,1,6,6,1
128.780,0.7127,1,6,6,1
128.816,0.7112,1,6,6,1
128.847,0.7105,1,6,6,1
128.881,0.7090,1,6,6,1
128.914,0.7031,1,6,6,1
128.948,0.6924,1,6,6,1
128.981,0.6800,1,6,6,1
129.013,0.6666,1,6,6,1
129.048,0.6512,1,6,6,1
129.081,0.6348,1,6,6,1
129.116,0.6226,1,6,6,1
129.147,0.6219,1,6,6,1
129.180,0.6206,1,6,6,1
129.215,0.6192,1,6,6,1
129.247,0.6186,1,6,6,1
129.280,0.6174,1,6,6,1
129.315,0.6162,1,6,6,1
129.348,0.6156,1,6,6,1
129.383,0.6145,1,6,6,1
129.414,0.6135,1,6,6,1
129.448,0.6130,1,6,6,1
129.481,0.6119,1,6,6,1
129.514,0.6107,1,6,6,1
129.547,0.6102,1,6,6,1
129.582,0.6091,1,6,6,1
129.613,0.6077,1,6,6,1
129.647,0.6073,1,6,6,1
129.682,0.6064,1,6,6,1
129.715,0.6056,1,6,6,1
129.748,0.6052,1,6,6,1
129.783,0.6045,1,6,6,1
129.815,0.6038,1,6,6,1
129.847,0.6035,1,6,6,1
129.882,0.6028,1,6,6,1
129.915,0.6022,1,6,6,1
129.949,0.6021,1,6,6,1
129.981,0.6022,1,6,6,1
130.016,0.6030,1,6,6,1
130.048,0.6037,1,6,6,1
130.080,0.6056,1,6,6,1
130.115,0.6082,1,6,6,1
130.148,0.6098,1,6,6,1
130.183,0.6133,1,6,6,1
130.214,0.6172,1,6,6,1
130.248,0.6193,1,6,6,1
130.280,0.6233,1,6,6,1
130.315,0.6271,1,6,6,1
130.348,0.6290,1,6,6,1
130.380,0.6326,1,6,6,1
130.416,0.6360,1,6,6,1
130.448,0.6377,1,6,6,1
130.481,0.6409,1,6,6,1
130.513,0.6441,1,6,6,1
130.548,0.6457,1,6,6,1
130.581,0.6490,1,6,6,1
130.614,0.6524,1,6,6,1
130.647,0.6541,1,6,6,1
130.682,0.6577,1,6,6,1
130.714,0.6613,1,6,6,1
130.747,0.6632,1,6,6,1
130.782,0.6670,1,6,6,1
130.814,0.6708,1,6,6,1
130.850,0.6727,1,6,6,1
130.882,0.6765,1,6,6,1
130.916,0.6802,1,6,6,1
130.948,0.6824,1,6,6,1
130.982,0.6879,1,6,6,1
131.015,0.6942,1,6,6,1
131.047,0.6976,1,6,6,1
131.080,0.7047,1,6,6,1
131.114,0.7118,1,6,6,1
131.148,0.7152,1,6,6,1
131.183,0.7227,1,6,6,1
131.213,0.7306,1,6,6,1
131.249,0.7345,1,6,6,1
131.281,0.7419,1,6,6,1
131.314,0.7496,1,6,6,1
131.350,0.7536,1,6,6,1
131.381,0.7613,1,6,6,1
131.413,0.7686,1,6,6,1
131.449,0.7721,1,6,6,1
131.482,0.7785,1,6,6,1
131.514,0.7842,1,6,6,1
131.551,0.7869,1,6,6,1
131.580,0.7916,1,6,6,1
131.615,0.7957,1,6,6,1
131.648,0.7975,1,6,6,1
131.681,0.8009,1,6,6,1
131.714,0.8039,1,6,6,1
131.749,0.8053,1,6,6,1
131.781,0.8080,1,6,6,1
131.814,0.8110,1,6,6,1
131.846,0.8130,1,6,6,1
131.880,0.8181,1,6,6,1
131.916,0.8244,1,6,6,1
131.948,0.8277,1,6,6,1
131.981,0.8347,1,6,6,1
132.015,0.8422,1,6,6,1
132.048,0.8462,1,6,6,1
132.081,0.8541,1,6,6,1
132.113,0.8615,1,6,6,1
132.147,0.8647,1,6,6,1
132.180,0.8701,1,6,6,1
132.216,0.8743,1,6,6,1
132.248,0.8760,1,6,6,1
132.282,0.8798,1,6,6,1
132.315,0.8842,1,6,6,1
132.349,0.8867,1,6,6,1
132.380,0.8921,1,6,6,1
132.414,0.8983,1,6,6,1
132.447,0.9017,1,6,6,1
132.482,0.9089,1,6,6,1
132.514,0.9167,1,6,6,1
132.548,0.9207,1,6,6,1
132.582,0.9289,1,6,6,1
132.615,0.9305,1,6,6,1
132.647,0.8937,1,6,6,1
132.683,0.8480,1,6,6,1
132.714,0.8049,1,6,6,1
132.747,0.7548,1,6,6,1
132.780,0.7030,1,6,6,1
132.813,0.6486,1,6,6,1
132.847,0.4613,0,0,0,0
132.880,0.4597,0,0,0,0
132.914,0.4584,0,0,0,0
132.947,0.4578,0,0,0,0
132.981,0.4568,0,0,0,0
133.014,0.4559,0,0,0,0
133.047,0.4555,0,0,0,0
133.081,0.4548,0,0,0,0
133.115,0.4543,0,0,0,0
133.147,0.4541,0,0,0,0
133.180,0.4538,0,0,0,0
133.214,0.4536,0,0,0,0
133.249,0.4535,0,0,0,0
133.281,0.4544,0,0,0,0
133.316,0.4553,0,0,0,0
133.348,0.4554,0,0,0,0
133.382,0.4546,0,0,0,0
133.414,0.4528,0,0,0,0
133.447,0.4528,0,0,0,0
133.481,0.4528,0,0,0,0
133.515,0.4529,0,0,0,0
133.548,0.4529,0,0,0,0
133.580,0.4530,0,0,0,0
133.615,0.4531,0,0,0,0
133.649,0.4532,0,0,0,0
133.682,0.4533,0,0,0,0
133.714,0.4534,0,0,0,0
133.747,0.4535,0,0,0,0
133.782,0.4536,0,0,0,0
133.814,0.4535,0,0,0,0
133.848,0.4525,0,0,0,0
133.883,0.4510,0,0,0,0
133.914,0.4540,0,0,0,0
133.947,0.4536,0,0,0,0
133.980,0.4529,0,0,0,0
134.015,0.4522,0,0,0,0
134.048,0.4518,0,0,0,0
134.081,0.4512,0,0,0,0
134.114,0.4505,0,0,0,0
134.148,0.4502,0,0,0,0
134.182,0.4497,0,0,0,0
134.215,0.4497,0,0,0,0
134.249,0.4497,0,0,0,0
134.280,0.4498,0,0,0,0
134.314,0.4498,0,0,0,0
134.347,0.4498,0,0,0,0
134.380,0.4498,0,0,0,0
134.415,0.4498,0,0,0,0
134.448,0.4498,0,0,0,0
134.481,0.4498,0,0,0,0
134.514,0.4498,0,0,0,0
134.548,0.4498,0,0,0,0
134.582,0.4498,0,0,0,0
134.615,0.4498,0,0,0,0
134.648,0.4497,0,0,0,0
134.681,0.4497,0,0,0,0
134.715,0.4497,0,0,0,0
134.748,0.4497,0,0,0,0
134.781,0.4497,0,0,0,0
134.813,0.4496,0,0,0,0
134.848,0.4496,0,0,0,0
134.882,0.4496,0,0,0,0
134.914,0.4495,0,0,0,0
134.948,0.4495,0,0,0,0
134.982,0.4495,0,0,0,0
135.016,0.4494,0,0,0,0
135.049,0.4494,0,0,0,0
135.082,0.4494,0,0,0,0
135.115,0.4493,0,0,0,0
135.148,0.4493,0,0,0,0
135.181,0.4492,0,0,0,0
135.214,0.4492,0,0,0,0
135.249,0.4491,0,0,0,0
135.282,0.4491,0,0,0,0
135.315,0.4490,0,0,0,0
135.349,0.4490,0,0,0,0
135.381,0.4490,0,0,0,0
135.414,0.4489,0,0,0,0
135.449,0.4489,0,0,0,0
135.481,0.4488,0,0,0,0
135.516,0.4487,0,0,0,0
135.548,0.4487,0,0,0,0
135.583,0.4486,0,0,0,0
135.615,0.4486,0,0,0,0
135.649,0.4486,0,0,0,0
135.682,0.4485,0,0,0,0
135.715,0.4484,0,0,0,0
135.748,0.4484,0,0,0,0
135.782,0.4483,0,0,0,0
135.815,0.4483,0,0,0,0
135.847,0.4482,0,0,0,0
135.882,0.4482,0,0,0,0
135.915,0.4482,0,0,0,0
135.949,0.4483,0,0,0,0
135.981,0.4490,0,0,0,0
136.015,0.4505,0,0,0,0
136.048,0.4516,0,0,0,0
136.082,0.4545,0,0,0,0
136.115,0.4585,0,0,0,0
136.147,0.4607,0,0,0,0
136.180,0.4652,0,0,0,0
136.213,0.4697,0,0,0,0
136.247,0.4719,0,0,0,0
136.282,0.4759,0,0,0,0
136.315,0.4793,0,0,0,0
136.347,0.4809,0,0,0,0
136.381,0.4836,0,0,0,0
136.414,0.4857,0,0,0,0
136.449,0.4866,0,0,0,0
136.481,0.4880,0,0,0,0
136.515,0.4890,0,0,0,0
136.548,0.4893,0,0,0,0
136.581,0.4899,0,0,0,0
136.615,0.4901,0,0,0,0
136.648,0.4902,0,0,0,0
136.681,0.4902,0,0,0,0
136.716,0.4901,0,0,0,0
136.748,0.4900,0,0,0,0
136.782,0.4898,0,0,0,0
136.815,0.4895,0,0,0,0
136.847,0.4894,0,0,0,0
136.881,0.4891,0,0,0,0
136.914,0.4889,0,0,0,0
136.949,0.4888,0,0,0,0
136.981,0.4886,0,0,0,0
137.015,0.4884,0,0,0,0
137.048,0.4854,0,0,0,0
137.081,0.4879,0,0,0,0
137.113,0.4990,0,0,0,0
137.147,0.5094,0,0,0,0
137.182,0.5191,0,0,0,0
137.215,0.5189,0,0,0,0
137.248,0.5188,0,0,0,0
137.281,0.5186,0,0,0,0
137.314,0.5185,0,0,0,0
137.347,0.5184,0,0,0,0
137.380,0.5183,0,0,0,0
137.416,0.5182,0,0,0,0
137.449,0.5181,0,0,0,0
137.481,0.5180,0,0,0,0
137.513,0.5179,0,0,0,0
137.547,0.5178,0,0,0,0
137.583,0.5177,0,0,0,0
137.614,0.5176,0,0,0,0
137.650,0.5124,0,0,0,0
137.683,0.5069,0,0,0,0
137.714,0.5068,0,0,0,0
137.749,0.5067,0,0,0,0
137.781,0.5065,0,0,0,0
137.813,0.5110,0,0,0,0
137.847,0.5109,0,0,0,0
137.880,0.5108,0,0,0,0
137.914,0.5106,0,0,0,0
137.947,0.5106,0,0,0,0
137.980,0.5104,0,0,0,0
138.013,0.5103,0,0,0,0
138.047,0.5102,0,0,0,0
138.082,0.5101,0,0,0,0
138.116,0.5099,0,0,0,0
138.149,0.5098,0,0,0,0
138.183,0.5097,0,0,0,0
138.215,0.5095,0,0,0,0
138.248,0.5095,0,0,0,0
138.280,0.5093,0,0,0,0
138.314,0.5092,0,0,0,0
138.348,0.5091,0,0,0,0
138.382,0.5090,0,0,0,0
138.415,0.5088,0,0,0,0
138.447,0.5088,0,0,0,0
138.482,0.5086,0,0,0,0
138.515,0.5085,0,0,0,0
138.548,0.5084,0,0,0,0
138.581,0.5083,0,0,0,0
138.615,0.5060,0,0,0,0
138.649,0.5033,0,0,0,0
138.682,0.5000,0,0,0,0
138.716,0.4998,0,0,0,0
138.748,0.4998,0,0,0,0
138.782,0.4996,0,0,0,0
138.815,0.4995,0,0,0,0
138.850,0.4994,0,0,0,0
138.883,0.4992,0,0,0,0
138.914,0.4991,0,0,0,0
138.946,0.4970,0,0,0,0
138.980,0.4900,0,0,0,0
139.014,0.4789,0,0,0,0
139.047,0.4843,0,0,0,0
139.080,0.4842,0,0,0,0
139.116,0.4842,0,0,0,0
139.149,0.4842,0,0,0,0
139.183,0.4841,0,0,0,0
139.215,0.4840,0,0,0,0
139.248,0.4840,0,0,0,0
139.281,0.4840,0,0,0,0
139.314,0.4839,0,0,0,0
139.349,0.4839,0,0,0,0
139.383,0.4838,0,0,0,0
139.414,0.4838,0,0,0,0
139.449,0.4837,0,0,0,0
139.480,0.4837,0,0,0,0
139.512,0.4843,0,0,0,0
139.543,0.4850,0,0,0,0
139.582,0.4876,0,0,0,0
139.614,0.4876,0,0,0,0
139.649,0.4875,0,0,0,0
139.682,0.4875,0,0,0,0
139.715,0.4874,0,0,0,0
139.749,0.4874,0,0,0,0
139.781,0.4874,0,0,0,0
139.815,0.4873,0,0,0,0
139.849,0.4873,0,0,0,0
139.881,0.4872,0,0,0,0
139.914,0.4880,0,0,0,0
139.948,0.4899,0,0,0,0
139.982,0.4898,0,0,0,0
140.013,0.4898,0,0,0,0
140.047,0.4898,0,0,0,0
140.081,0.4897,0,0,0,0
140.114,0.4897,0,0,0,0
140.147,0.4896,0,0,0,0
140.183,0.4896,0,0,0,0
140.215,0.4895,0,0,0,0
140.247,0.4895,0,0,0,0
140.281,0.4895,0,0,0,0
140.316,0.4894,0,0,0,0
140.349,0.4894,0,0,0,0
140.383,0.4894,0,0,0,0
140.416,0.4893,0,0,0,0
140.448,0.4893,0,0,0,0
140.481,0.4892,0,0,0,0
140.514,0.4892,0,0,0,0
140.549,0.4892,0,0,0,0
140.582,0.4891,0,0,0,0
140.615,0.4891,0,0,0,0
140.647,0.4890,0,0,0,0
140.680,0.4890,0,0,0,0
140.715,0.4890,0,0,0,0
140.748,0.4889,0,0,0,0
140.782,0.4889,0,0,0,0
140.815,0.4888,0,0,0,0
140.847,0.4888,0,0,0,0
140.881,0.4888,0,0,0,0
140.915,0.4887,0,0,0,0
140.948,0.4887,0,0,0,0
140.981,0.4887,0,0,0,0
141.013,0.4886,0,0,0,0
141.047,0.4886,0,0,0,0
141.080,0.4886,0,0,0,0
141.115,0.4885,0,0,0,0
141.148,0.4885,0,0,0,0
141.181,0.4884,0,0,0,0
141.213,0.4884,0,0,0,0
141.249,0.4884,0,0,0,0
141.281,0.4883,0,0,0,0
141.315,0.4883,0,0,0,0
141.348,0.4883,0,0,0,0
141.381,0.4882,0,0,0,0
141.414,0.4882,0,0,0,0
141.449,0.4882,0,0,0,0
141.482,0.4881,0,0,0,0
141.514,0.4881,0,0,0,0
141.549,0.4881,0,0,0,0
141.580,0.4881,0,0,0,0
141.616,0.4880,0,0,0,0
141.647,0.4880,0,0,0,0
141.683,0.4880,0,0,0,0
141.715,0.4879,0,0,0,0
141.748,0.4879,0,0,0,0
141.780,0.4879,0,0,0,0
141.814,0.4878,0,0,0,0
141.848,0.4878,0,0,0,0
141.881,0.4878,0,0,0,0
141.914,0.4878,0,0,0,0
141.949,0.4877,0,0,0,0
141.982,0.4877,0,0,0,0
142.014,0.4877,0,0,0,0
142.047,0.4877,0,0,0,0
142.081,0.4876,0,0,0,0
142.115,0.4876,0,0,0,0
142.147,0.4876,0,0,0,0
142.180,0.4876,0,0,0,0
142.214,0.4875,0,0,0,0
142.247,0.4875,0,0,0,0
142.282,0.4873,0,0,0,0
142.315,0.4858,0,0,0,0
142.347,0.4845,0,0,0,0
142.381,0.4810,1,6,6,1
142.414,0.4766,1,6,6,1
142.449,0.4742,1,6,6,1
142.482,0.3776,0,7,7,0
142.516,0.3740,0,7,7,0
142.548,0.3737,0,7,7,0
142.581,0.3735,0,7,7,0
142.614,0.3737,0,7,7,0
142.649,0.3739,0,7,7,0
142.681,0.3745,0,7,7,0
142.714,0.3752,0,7,7,0
142.749,0.3756,0,7,7,0
142.782,0.3764,0,7,7,0
142.813,0.3774,0,7,7,0
142.849,0.3786,0,7,7,0
142.882,0.3808,0,7,7,0
142.914,0.3826,0,7,7,0
142.949,0.3833,0,7,7,0
142.982,0.3847,0,7,7,0
143.014,0.3858,0,7,7,0
143.047,0.3862,0,7,7,0
143.082,0.3870,0,7,7,0
143.113,0.3875,0,7,7,0
143.147,0.3877,0,7,7,0
143.182,0.3879,0,7,7,0
143.215,0.3880,0,7,7,0
143.247,0.3880,0,7,7,0
143.283,0.3879,0,7,7,0
143.315,0.3876,0,7,7,0
143.347,0.3875,0,7,7,0
143.381,0.3871,0,7,7,0
143.415,0.3867,0,7,7,0
143.448,0.3865,0,7,7,0
143.481,0.3860,0,7,7,0
143.516,0.3854,0,7,7,0
143.549,0.3852,0,7,7,0
143.582,0.3846,0,7,7,0
143.614,0.3840,0,7,7,0
143.647,0.3838,0,7,7,0
143.683,0.3832,0,7,7,0
143.716,0.3827,0,7,7,0
143.747,0.3824,1,6,6,1
143.780,0.3819,1,6,6,1
143.815,0.3813,1,6,6,1
143.849,0.3811,1,6,6,1
143.881,0.3806,1,6,6,1
143.920,0.3801,0,0,0,0
143.949,0.3799,0,0,0,0
143.982,0.3794,0,0,0,0
144.015,0.3788,0,0,0,0
144.048,0.3784,0,0,0,0
144.081,0.3777,0,0,0,0
144.115,0.3770,0,0,0,0
144.146,0.3767,0,0,0,0
144.181,0.3761,0,0,0,0
144.214,0.3756,0,0,0,0
144.248,0.3754,0,0,0,0
144.282,0.3762,0,0,0,0
144.314,0.3772,0,0,0,0
144.349,0.3776,0,0,0,0
144.382,0.3786,0,0,0,0
144.415,0.3795,0,0,0,0
144.447,0.3799,0,0,0,0
144.482,0.3808,0,0,0,0
144.515,0.3816,0,0,0,0
144.548,0.3820,0,0,0,0
144.582,0.3828,0,0,0,0
144.615,0.3836,0,0,0,0
144.648,0.3839,0,0,0,0
144.682,0.3847,0,0,0,0
144.714,0.3854,0,0,0,0
144.748,0.3857,0,0,0,0
144.781,0.3864,0,0,0,0
144.815,0.3873,0,0,0,0
144.847,0.3884,0,0,0,0
144.880,0.3906,1,6,6,1
144.915,0.3928,1,6,6,1
144.948,0.3939,1,6,6,1
144.981,0.3960,1,6,6,1
145.014,0.3981,1,6,6,1
145.046,0.3991,1,6,6,1
145.081,0.4012,1,6,6,1
145.114,0.4032,1,6,6,1
145.148,0.4042,1,6,6,1
145.181,0.4062,1,6,6,1
145.214,0.4081,1,6,6,1
145.247,0.4090,1,6,6,1
145.282,0.4109,1,6,6,1
145.315,0.4127,1,6,6,1
145.349,0.4136,1,6,6,1
145.380,0.4154,1,6,6,1
145.416,0.4172,1,6,6,1
145.449,0.4180,1,6,6,1
145.482,0.4197,1,6,6,1
145.514,0.4214,1,6,6,1
145.547,0.4222,1,6,6,1
145.580,0.4238,1,6,6,1
145.616,0.4254,1,6,6,1
145.649,0.4261,1,6,6,1
145.682,0.4277,1,6,6,1
145.714,0.4292,1,6,6,1
145.747,0.4299,1,6,6,1
145.783,0.4313,1,6,6,1
145.815,0.4327,1,6,6,1
145.847,0.4334,1,6,6,1
145.883,0.4348,1,6,6,1
145.916,0.4361,1,6,6,1
145.948,0.4367,1,6,6,1
145.981,0.4380,1,6,6,1
146.015,0.4393,1,6,6,1
146.047,0.4399,1,6,6,1
146.081,0.4411,1,6,6,1
146.116,0.4423,1,6,6,1
146.149,0.4428,1,6,6,1
146.182,0.4440,1,6,6,1
146.213,0.4451,1,6,6,1
146.248,0.4456,1,6,6,1
146.280,0.4467,1,6,6,1
146.315,0.4477,1,6,6,1
146.346,0.4482,1,6,6,1
146.382,0.4492,1,6,6,1
146.415,0.4502,1,6,6,1
146.448,0.4506,1,6,6,1
146.480,0.4516,1,6,6,1
146.514,0.4525,1,6,6,1
146.546,0.4529,1,6,6,1
146.582,0.4538,1,6,6,1
146.614,0.4546,1,6,6,1
146.648,0.4550,1,6,6,1
146.681,0.4559,1,6,6,1
146.714,0.4567,0,0,0,0
146.748,0.4570,0,0,0,0
146.780,0.4578,0,0,0,0
146.813,0.4585,0,0,0,0
146.849,0.4589,0,0,0,0
146.881,0.4596,0,0,0,0
146.916,0.4603,0,0,0,0
146.948,0.4606,0,0,0,0
146.981,0.4613,0,0,0,0
147.015,0.4620,0,0,0,0
147.049,0.4623,0,0,0,0
147.081,0.4629,0,0,0,0
147.116,0.4635,0,0,0,0
147.149,0.4637,0,0,0,0
147.181,0.4640,0,0,0,0
147.215,0.4639,0,0,0,0
147.247,0.4636,0,0,0,0
147.281,0.4626,0,0,0,0
147.314,0.4611,0,0,0,0
147.347,0.4602,0,0,0,0
147.382,0.4578,1,6,6,1
147.415,0.4552,1,6,6,1
147.447,0.4540,1,6,6,1
147.482,0.4518,0,7,7,0
147.515,0.4501,0,7,7,0
147.547,0.4521,0,7,7,0
147.582,0.4571,0,7,7,0
147.616,0.4612,0,7,7,0
147.647,0.4628,0,7,7,0
147.681,0.4655,0,7,7,0
147.713,0.4674,0,7,7,0
147.748,0.4680,0,7,7,0
147.781,0.4688,0,7,7,0
147.815,0.4687,0,7,7,0
147.848,0.4682,0,7,7,0
147.882,0.4666,0,7,7,0
147.915,0.4685,0,7,7,0
147.947,0.4790,0,7,7,0
147.983,0.4981,1,6,6,1
148.016,0.5194,1,6,6,1
148.047,0.5380,1,6,6,1
148.082,0.5625,1,6,6,1
148.113,0.5856,1,6,6,1
148.147,0.6061,1,6,6,1
148.181,0.6288,1,6,6,1
148.214,0.6332,1,6,6,1
148.247,0.6348,1,6,6,1
148.282,0.6367,1,6,6,1
148.315,0.6374,1,6,6,1
148.348,0.6373,1,6,6,1
148.382,0.6364,1,6,6,1
148.414,0.6347,1,6,6,1
148.448,0.6337,1,6,6,1
148.481,0.6314,1,6,6,1
148.515,0.6290,1,6,6,1
148.547,0.6277,1,6,6,1
148.580,0.6252,1,6,6,1
148.614,0.6227,1,6,6,1
148.648,0.6216,1,6,6,1
148.681,0.6197,1,6,6,1
148.713,0.6184,1,6,6,1
148.748,0.6181,1,6,6,1
148.780,0.6182,1,6,6,1
148.815,0.6193,1,6,6,1
148.844,0.6202,1,6,6,1
148.880,0.6227,1,6,6,1
148.916,0.6260,1,6,6,1
148.947,0.6282,1,6,6,1
148.980,0.6332,1,6,6,1
149.015,0.6386,1,6,6,1
149.046,0.6413,1,6,6,1
149.080,0.6463,1,6,6,1
149.116,0.6505,1,6,6,1
149.149,0.6522,1,6,6,1
149.181,0.6560,1,6,6,1
149.214,0.6598,1,6,6,1
149.248,0.6617,1,6,6,1
149.281,0.6654,1,6,6,1
149.313,0.6689,1,6,6,1
149.348,0.6707,1,6,6,1
149.381,0.6749,1,6,6,1
149.415,0.6794,1,6,6,1
149.448,0.6818,1,6,6,1
149.481,0.6863,1,6,6,1
149.515,0.6904,1,6,6,1
149.549,0.6922,1,6,6,1
149.581,0.6954,1,6,6,1
149.614,0.6977,1,6,6,1
149.649,0.6985,1,6,6,1
149.680,0.6995,1,6,6,1
149.713,0.6997,1,6,6,1
149.749,0.6997,1,6,6,1
149.780,0.6994,1,6,6,1
149.816,0.6991,1,6,6,1
149.849,0.6989,1,6,6,1
149.881,0.6987,1,6,6,1
149.914,0.6995,1,6,6,1
149.947,0.7005,1,6,6,1
149.982,0.7031,1,6,6,1
150.014,0.7067,1,6,6,1
150.048,0.7089,1,6,6,1
150.080,0.7137,1,6,6,1
150.115,0.7193,1,6,6,1
150.148,0.7223,1,6,6,1
150.183,0.7286,1,6,6,1
150.214,0.7348,1,6,6,1
150.247,0.7379,1,6,6,1
150.280,0.7431,1,6,6,1
150.314,0.7474,1,6,6,1
150.347,0.7491,1,6,6,1
150.386,0.7526,1,6,6,1
150.415,0.7563,1,6,6,1
150.446,0.7582,1,6,6,1
150.481,0.4545,0,0,0,0
150.513,0.4551,0,0,0,0
150.548,0.4554,0,0,0,0
150.582,0.4560,0,0,0,0
150.613,0.4567,0,0,0,0
150.649,0.4571,0,0,0,0
150.681,0.4579,0,0,0,0
150.715,0.4587,0,0,0,0
150.749,0.4610,0,0,0,0
150.782,0.4636,0,0,0,0
150.813,0.4650,0,0,0,0
150.850,0.4650,0,0,0,0
150.882,0.4641,0,0,0,0
150.913,0.4643,0,0,0,0
150.949,0.4644,0,0,0,0
150.982,0.4645,0,0,0,0
151.016,0.4646,0,0,0,0
151.049,0.4647,0,0,0,0
151.082,0.4648,1,6,6,1
151.114,0.4650,1,6,6,1
151.147,0.4651,1,6,6,1
151.181,0.4653,1,6,6,1
151.214,0.4656,1,6,6,1
151.248,0.4657,1,6,6,1
151.281,0.4661,1,6,6,1
151.314,0.4665,1,6,6,1
151.349,0.4667,1,6,6,1
151.380,0.4672,1,6,6,1
151.414,0.4677,1,6,6,1
151.447,0.4679,1,6,6,1
151.482,0.4685,1,6,6,1
151.515,0.4690,1,6,6,1
151.547,0.4692,1,6,6,1
151.582,0.4698,1,6,6,1
151.615,0.4703,1,6,6,1
151.649,0.4705,1,6,6,1
151.681,0.4710,1,6,6,1
151.716,0.4715,1,6,6,1
151.748,0.4717,1,6,6,1
151.782,0.4721,1,6,6,1
151.816,0.4725,0,0,0,0
151.849,0.4727,0,0,0,0
151.882,0.4728,0,0,0,0
151.914,0.4728,0,0,0,0
151.947,0.4724,0,0,0,0
151.981,0.4721,0,0,0,0
152.013,0.4724,0,0,0,0
152.048,0.4726,0,0,0,0
152.080,0.4728,0,0,0,0
152.113,0.4731,0,0,0,0
152.147,0.4732,0,0,0,0
152.183,0.4735,0,0,0,0
152.215,0.4737,0,0,0,0
152.247,0.4738,0,0,0,0
152.282,0.4740,0,0,0,0
152.316,0.4742,0,0,0,0
152.347,0.4743,0,0,0,0
152.380,0.4745,0,0,0,0
152.416,0.4747,0,0,0,0
152.447,0.4730,1,6,6,1
152.482,0.4691,1,6,6,1
152.516,0.4648,1,6,6,1
152.549,0.4634,1,6,6,1
152.582,0.4635,1,6,6,1
152.614,0.4636,1,6,6,1
152.647,0.4636,1,6,6,1
152.680,0.4637,1,6,6,1
152.715,0.4638,1,6,6,1
152.747,0.4639,1,6,6,1
152.783,0.4640,1,6,6,1
152.814,0.4640,1,6,6,1
152.849,0.4641,1,6,6,1
152.881,0.4642,1,6,6,1
152.914,0.4642,1,6,6,1
152.947,0.4643,1,6,6,1
152.981,0.4644,1,6,6,1
153.014,0.4644,1,6,6,1
153.049,0.4645,1,6,6,1
153.083,0.4645,1,6,6,1
153.113,0.4646,1,6,6,1
153.149,0.4646,1,6,6,1
153.181,0.4647,1,6,6,1
153.213,0.4647,1,6,6,1
153.248,0.4648,1,6,6,1
153.280,0.4648,1,6,6,1
153.314,0.4648,1,6,6,1
153.348,0.4646,1,6,6,1
153.382,0.4637,1,6,6,1
153.414,0.4621,1,6,6,1
153.447,0.4611,1,6,6,1
153.482,0.4585,1,6,6,1
153.514,0.4549,1,6,6,1
153.548,0.4527,0,7,7,0
153.581,0.4478,0,7,7,0
153.616,0.4456,0,7,7,0
153.648,0.4493,0,7,7,0
153.681,0.4572,0,7,7,0
153.714,0.4656,0,7,7,0
153.747,0.4699,0,7,7,0
153.782,0.4785,0,7,7,0
153.816,0.4866,0,7,7,0
153.847,0.4906,0,7,7,0
153.882,0.4981,0,7,7,0
153.914,0.5049,0,7,7,0
153.947,0.5080,0,7,7,0
153.982,0.5135,0,7,7,0
154.017,0.5178,0,7,7,0
154.047,0.5195,0,7,7,0
154.080,0.5218,0,7,7,0
154.116,0.5231,0,7,7,0
154.149,0.5234,0,7,7,0
154.183,0.5239,0,7,7,0
154.218,0.5244,0,7,7,0
154.249,0.5248,0,7,7,0
154.281,0.5256,0,7,7,0
154.313,0.5266,0,7,7,0
154.348,0.5273,0,7,7,0
154.382,0.5292,0,7,7,0
154.414,0.5317,1,6,6,1
154.447,0.5330,1,6,6,1
154.480,0.5352,1,6,6,1
154.514,0.5366,1,6,6,1
154.547,0.5369,1,6,6,1
154.581,0.5367,1,6,6,1
154.611,0.5362,1,6,6,1
154.649,0.5343,1,6,6,1
154.681,0.5313,1,6,6,1
154.715,0.5271,1,6,6,1
154.748,0.5246,1,6,6,1
154.780,0.5188,1,6,6,1
154.815,0.5118,1,6,6,1
154.849,0.5080,1,6,6,1
154.882,0.4998,1,6,6,1
154.914,0.4911,1,6,6,1
154.949,0.4866,1,6,6,1
154.982,0.4775,1,6,6,1
155.015,0.4682,1,6,6,1
155.048,0.4635,1,6,6,1
155.081,0.4541,1,6,6,1
155.114,0.4448,1,6,6,1
155.148,0.4401,1,6,6,1
155.181,0.4308,1,6,6,1
155.214,0.4216,1,6,6,1
155.249,0.4170,1,6,6,1
155.280,0.4237,1,6,6,1
155.316,0.4458,1,6,6,1
155.349,0.4569,1,6,6,1
155.383,0.4788,1,6,6,1
155.416,0.4996,1,6,6,1
155.449,0.5094,1,6,6,1
155.483,0.5270,1,6,6,1
155.515,0.5413,1,6,6,1
155.548,0.5470,1,6,6,1
155.580,0.5554,1,6,6,1
155.616,0.5598,1,6,6,1
155.647,0.5606,1,6,6,1
155.680,0.5599,1,6,6,1
155.716,0.5567,1,6,6,1
155.749,0.5545,1,6,6,1
155.780,0.5489,1,6,6,1
155.816,0.5424,1,6,6,1
155.849,0.5389,1,6,6,1
155.880,0.5315,1,6,6,1
155.916,0.5239,1,6,6,1
155.947,0.5201,1,6,6,1
155.981,0.5124,1,6,6,1
156.014,0.5049,1,6,6,1
156.048,0.5012,1,6,6,1
156.080,0.4940,1,6,6,1
156.113,0.4872,1,6,6,1
156.147,0.4838,1,6,6,1
156.182,0.4774,1,6,6,1
156.215,0.4713,1,6,6,1
156.248,0.4684,1,6,6,1
156.281,0.4627,1,6,6,1
156.315,0.4574,1,6,6,1
156.349,0.4549,1,6,6,1
156.380,0.4501,1,6,6,1
156.415,0.4455,1,6,6,1
156.448,0.4433,1,6,6,1
156.482,0.4392,1,6,6,1
156.514,0.4353,1,6,6,1
156.548,0.4334,1,6,6,1
156.582,0.4298,1,6,6,1
156.615,0.4265,1,6,6,1
156.648,0.4249,1,6,6,1
156.680,0.4218,1,6,6,1
156.713,0.4189,1,6,6,1
156.748,0.4175,1,6,6,1
156.780,0.4148,1,6,6,1
156.816,0.4123,1,6,6,1
156.848,0.4110,1,6,6,1
156.881,0.4085,1,6,6,1
156.914,0.4083,1,6,6,1
156.947,0.3944,0,0,0,0
156.980,0.3970,0,0,0,0
157.015,0.3994,0,0,0,0
157.048,0.4007,0,0,0,0
157.080,0.4031,0,0,0,0
157.114,0.4054,0,0,0,0
157.146,0.4065,0,0,0,0
157.180,0.4088,0,0,0,0
157.214,0.4110,0,0,0,0
157.248,0.4121,0,0,0,0
157.281,0.4142,0,0,0,0
157.314,0.4163,0,0,0,0
157.347,0.4173,0,0,0,0
157.382,0.4193,0,0,0,0
157.413,0.4213,0,0,0,0
157.445,0.4223,0,0,0,0
157.480,0.4242,0,0,0,0
157.514,0.4260,0,0,0,0
157.549,0.4270,0,0,0,0
157.582,0.4288,1,6,6,1
157.615,0.4306,1,6,6,1
157.646,0.4315,1,6,6,1
157.681,0.4332,1,6,6,1
157.715,0.4350,1,6,6,1
157.746,0.4358,1,6,6,1
157.780,0.4375,1,6,6,1
157.815,0.4392,1,6,6,1
157.846,0.4400,1,6,6,1
157.882,0.4416,1,6,6,1
157.914,0.4432,1,6,6,1
157.950,0.4439,1,6,6,1
157.982,0.4454,1,6,6,1
158.015,0.4469,1,6,6,1
158.048,0.4476,1,6,6,1
158.083,0.4490,1,6,6,1
158.115,0.4504,1,6,6,1
158.148,0.4510,1,6,6,1
158.180,0.4523,1,6,6,1
158.214,0.4535,1,6,6,1
158.249,0.4541,1,6,6,1
158.282,0.4552,1,6,6,1
158.314,0.4563,1,6,6,1
158.347,0.4569,1,6,6,1
158.381,0.4579,1,6,6,1
158.415,0.4589,1,6,6,1
158.448,0.4593,1,6,6,1
158.481,0.4603,1,6,6,1
158.514,0.4612,1,6,6,1
158.548,0.4616,1,6,6,1
158.582,0.4624,1,6,6,1
158.614,0.4633,1,6,6,1
158.651,0.4639,1,6,6,1
158.682,0.4653,1,6,6,1
158.714,0.4670,1,6,6,1
158.749,0.4680,1,6,6,1
158.781,0.4701,1,6,6,1
158.814,0.4720,1,6,6,1
158.851,0.4729,1,6,6,1
158.880,0.4744,1,6,6,1
158.915,0.4752,1,6,6,1
158.947,0.4754,1,6,6,1
158.983,0.4754,1,6,6,1
159.016,0.4752,1,6,6,1
159.048,0.4750,1,6,6,1
159.080,0.4747,1,6,6,1
159.116,0.4748,1,6,6,1
159.149,0.4751,1,6,6,1
159.180,0.4762,1,6,6,1
159.213,0.4782,1,6,6,1
159.247,0.4797,1,6,6,1
159.280,0.4835,1,6,6,1
159.315,0.4884,1,6,6,1
159.348,0.4912,1,6,6,1
159.382,0.4973,1,6,6,1
159.415,0.5039,1,6,6,1
159.447,0.5071,1,6,6,1
159.481,0.5134,1,6,6,1
159.513,0.5191,1,6,6,1
159.549,0.5218,1,6,6,1
159.581,0.5266,1,6,6,1
159.614,0.5307,1,6,6,1
159.649,0.5326,1,6,6,1
159.682,0.5361,1,6,6,1
159.713,0.5395,1,6,6,1
159.747,0.5412,1,6,6,1
159.783,0.5445,1,6,6,1
159.816,0.5478,1,6,6,1
159.848,0.5494,1,6,6,1
159.881,0.5525,1,6,6,1
159.915,0.5552,1,6,6,1
159.947,0.5565,1,6,6,1
159.980,0.5587,1,6,6,1
160.016,0.5677,1,6,6,1
160.048,0.5839,1,6,6,1
160.082,0.6003,1,6,6,1
160.115,0.6015,1,6,6,1
160.149,0.6022,1,6,6,1
160.181,0.6036,1,6,6,1
160.215,0.6051,1,6,6,1
160.247,0.6060,1,6,6,1
160.282,0.6083,1,6,6,1
160.313,0.6116,1,6,6,1
160.349,0.6137,1,6,6,1
160.382,0.6185,1,6,6,1
160.413,0.6243,1,6,6,1
160.450,0.6275,1,6,6,1
160.482,0.6344,1,6,6,1
160.515,0.6415,1,6,6,1
160.548,0.6454,1,6,6,1
160.583,0.6539,1,6,6,1
160.616,0.6630,1,6,6,1
160.647,0.6677,1,6,6,1
160.683,0.6769,1,6,6,1
160.716,0.6863,1,6,6,1
160.749,0.6915,1,6,6,1
160.782,0.7022,1,6,6,1
160.815,0.7134,2,5,5,2
160.847,0.7191,2,5,5,2
160.881,0.7307,2,5,5,2
160.914,0.7424,2,5,5,2
160.948,0.7482,2,5,5,2
160.982,0.7597,2,5,5,2
161.015,0.7710,2,5,5,2
161.049,0.7765,2,5,5,2
161.080,0.7873,2,5,5,2
161.116,0.7976,2,5,5,2
161.148,0.8025,2,5,5,2
161.180,0.8117,2,5,5,2
161.216,0.8200,2,5,5,2
161.248,0.8238,2,5,5,2
161.279,0.8304,2,5,5,2
161.314,0.8359,2,5,5,2
161.347,0.8382,2,5,5,2
161.380,0.8417,2,5,5,2
161.413,0.8441,2,5,5,2
161.448,0.8448,2,5,5,2
161.481,0.8456,2,5,5,2
161.513,0.8523,2,5,5,2
161.547,0.8599,2,5,5,2
161.583,0.8732,2,5,5,2
161.614,0.8848,2,5,5,2
161.648,0.8860,2,5,5,2
161.682,0.8916,2,5,5,2
161.716,0.8945,2,5,5,2
161.749,0.8882,2,5,5,2
161.780,0.8859,2,5,5,2
161.814,0.8790,2,5,5,2
161.847,0.8637,2,5,5,2
161.887,0.8440,2,5,5,2
161.916,0.8274,1,6,6,1
161.948,0.8043,1,6,6,1
161.980,0.7797,1,6,6,1
162.014,0.7504,1,6,6,1
162.048,0.7192,1,6,6,1
162.084,0.6829,1,6,6,1
162.115,0.6494,1,6,6,1
162.147,0.6151,1,6,6,1
162.181,0.5775,1,6,6,1
162.216,0.5379,1,6,6,1
162.248,0.5009,1,6,6,1
162.280,0.4647,1,6,6,1
162.313,0.4474,1,6,6,1
162.348,0.4424,1,6,6,1
162.381,0.4373,1,6,6,1
162.415,0.4319,1,6,6,1
162.449,0.4250,1,6,6,1
162.482,0.4195,1,6,6,1
162.515,0.4122,1,6,6,1
162.549,0.4016,1,6,6,1
162.583,0.3893,1,6,6,1
162.616,0.3773,1,6,6,1
162.646,0.3746,1,6,6,1
162.680,0.3754,1,6,6,1
162.715,0.3765,1,6,6,1
162.748,0.3774,1,6,6,1
162.781,0.3796,1,6,6,1
162.815,0.3817,1,6,6,1
162.848,0.3817,1,6,6,1
162.880,0.3803,1,6,6,1
162.915,0.3780,1,6,6,1
162.949,0.4141,1,6,6,1
162.982,0.4172,1,6,6,1
163.015,0.4265,1,6,6,1
163.048,0.4392,1,6,6,1
163.080,0.4524,1,6,6,1
163.115,0.4637,1,6,6,1
163.147,0.4720,1,6,6,1
163.181,0.4800,1,6,6,1
163.214,0.4884,1,6,6,1
163.247,0.4955,1,6,6,1
163.282,0.5220,1,6,6,1
163.314,0.5549,1,6,6,1
163.347,0.5869,1,6,6,1
163.382,0.6200,1,6,6,1
163.416,0.6511,1,6,6,1
163.448,0.6777,1,6,6,1
163.482,0.7053,1,6,6,1
163.515,0.7298,1,6,6,1
163.547,0.7525,1,6,6,1
163.581,0.7742,1,6,6,1
163.616,0.7937,1,6,6,1
163.648,0.8105,1,6,6,1
163.683,0.8247,1,6,6,1
163.715,0.8342,2,5,5,2
163.747,0.8439,2,5,5,2
163.782,0.8503,2,5,5,2
163.815,0.8546,2,5,5,2
163.848,0.8590,2,5,5,2
163.880,0.8598,2,5,5,2
163.915,0.8590,2,5,5,2
163.948,0.8577,2,5,5,2
163.980,0.8530,2,5,5,2
164.015,0.8456,2,5,5,2
164.048,0.8374,2,5,5,2
164.080,0.8252,2,5,5,2
164.116,0.8106,2,5,5,2
164.147,0.7984,2,5,5,2
164.181,0.7822,1,6,6,1
164.215,0.7784,1,6,6,1
164.249,0.7756,1,6,6,1
164.283,0.7709,1,6,6,1
164.317,0.7675,1,6,6,1
164.349,0.7663,1,6,6,1
164.382,0.7649,1,6,6,1
164.415,0.7646,1,6,6,1
164.448,0.7650,1,6,6,1
164.481,0.7663,1,6,6,1
164.513,0.7678,1,6,6,1
164.549,0.7679,1,6,6,1
164.582,0.7671,1,6,6,1
164.614,0.7651,1,6,6,1
164.648,0.7638,1,6,6,1
164.682,0.7605,1,6,6,1
164.715,0.7558,1,6,6,1
164.747,0.7530,1,6,6,1
164.783,0.7529,1,6,6,1
164.814,0.7446,1,6,6,1
164.847,0.7401,1,6,6,1
164.882,0.7305,1,6,6,1
164.917,0.7204,1,6,6,1
164.949,0.7152,1,6,6,1
164.982,0.7049,1,6,6,1
165.014,0.6947,1,6,6,1
165.049,0.6897,1,6,6,1
165.083,0.6800,1,6,6,1
165.121,0.6709,1,6,6,1
165.147,0.6666,1,6,6,1
165.182,0.6584,1,6,6,1
165.214,0.6510,1,6,6,1
165.246,0.6476,1,6,6,1
165.280,0.6455,1,6,6,1
165.315,0.6438,1,6,6,1
165.348,0.6430,1,6,6,1
165.382,0.6416,1,6,6,1
165.415,0.6405,1,6,6,1
165.447,0.6401,1,6,6,1
165.480,0.6396,1,6,6,1
165.515,0.6394,1,6,6,1
165.548,0.6394,1,6,6,1
165.580,0.6393,1,6,6,1
165.615,0.6393,1,6,6,1
165.648,0.6393,1,6,6,1
165.681,0.6392,1,6,6,1
165.715,0.6391,1,6,6,1
165.747,0.6390,1,6,6,1
165.782,0.6389,1,6,6,1
165.814,0.6390,1,6,6,1
165.847,0.6392,1,6,6,1
165.881,0.6397,1,6,6,1
165.916,0.6404,1,6,6,1
165.949,0.6408,1,6,6,1
165.983,0.6417,1,6,6,1
166.015,0.6428,1,6,6,1
166.047,0.6435,1,6,6,1
166.082,0.6450,1,6,6,1
166.115,0.6468,1,6,6,1
166.147,0.6477,1,6,6,1
166.182,0.6495,1,6,6,1
166.215,0.6509,1,6,6,1
166.247,0.6514,1,6,6,1
166.280,0.6518,1,6,6,1
166.315,0.6514,1,6,6,1
166.349,0.6510,1,6,6,1
166.381,0.6497,1,6,6,1
166.414,0.6481,1,6,6,1
166.448,0.6472,1,6,6,1
166.481,0.6455,1,6,6,1
166.515,0.6441,1,6,6,1
166.549,0.6435,1,6,6,1
166.582,0.6428,1,6,6,1
166.614,0.6428,1,6,6,1
166.647,0.6432,1,6,6,1
166.680,0.6450,1,6,6,1
166.715,0.6477,1,6,6,1
166.747,0.6494,1,6,6,1
166.783,0.6532,1,6,6,1
166.814,0.6574,1,6,6,1
166.848,0.6598,1,6,6,1
166.882,0.6647,1,6,6,1
166.915,0.6694,1,6,6,1
166.948,0.6717,1,6,6,1
166.980,0.6757,1,6,6,1
167.015,0.6791,1,6,6,1
167.047,0.6805,1,6,6,1
167.082,0.6829,1,6,6,1
167.109,0.6839,1,6,6,1
167.150,0.6853,1,6,6,1
167.181,0.6862,1,6,6,1
167.211,0.6865,1,6,6,1
167.248,0.6870,1,6,6,1
167.281,0.6875,1,6,6,1
167.315,0.6881,1,6,6,1
167.347,0.6884,1,6,6,1
167.380,0.6892,1,6,6,1
167.413,0.6906,1,6,6,1
167.449,0.6920,1,6,6,1
167.482,0.6957,1,6,6,1
167.514,0.7004,1,6,6,1
167.547,0.7029,1,6,6,1
167.581,0.7080,1,6,6,1
167.613,0.7129,1,6,6,1
167.647,0.7152,1,6,6,1
167.683,0.7194,1,6,6,1
167.715,0.7232,1,6,6,1
167.747,0.7252,1,6,6,1
167.782,0.7292,1,6,6,1
167.813,0.7334,1,6,6,1
167.848,0.7356,1,6,6,1
167.882,0.7400,1,6,6,1
167.915,0.7445,1,6,6,1
167.947,0.7469,1,6,6,1
167.982,0.7519,1,6,6,1
168.014,0.7572,1,6,6,1
168.049,0.5300,0,0,0,0
168.081,0.5289,0,0,0,0
168.113,0.5278,0,0,0,0
168.150,0.5273,0,0,0,0
168.180,0.5262,0,0,0,0
168.214,0.5250,0,0,0,0
168.246,0.5234,0,0,0,0
168.283,0.5196,0,0,0,0
168.314,0.5150,0,0,0,0
168.348,0.5095,0,0,0,0
168.382,0.5023,0,0,0,0
168.414,0.4942,0,0,0,0
168.447,0.4854,0,0,0,0
168.480,0.4749,0,0,0,10
168.514,0.4700,0,0,0,10
168.547,0.4693,0,0,0,10
168.582,0.4680,0,0,0,10
168.615,0.4667,0,0,0,10
168.647,0.4661,0,0,0,10
168.682,0.4649,0,0,0,10
168.714,0.4637,0,0,0,10
168.747,0.4632,0,0,0,10
168.782,0.4621,0,0,0,10
168.813,0.4610,0,0,0,10
168.848,0.4605,0,0,0,10
168.881,0.4594,0,0,0,10
168.915,0.4517,0,0,0,10
168.948,0.4622,0,0,0,10
168.982,0.4721,0,0,0,10
169.014,0.4804,0,0,0,10
169.048,0.4883,0,0,0,10
169.081,0.4947,0,0,0,10
169.114,0.5001,0,0,0,10
169.148,0.5048,0,0,0,10
169.181,0.5070,0,0,0,10
169.216,0.5071,0,0,0,10
169.249,0.5071,0,0,0,10
169.281,0.5073,0,0,0,10
169.314,0.5074,0,0,0,10
169.348,0.5075,0,0,0,10
169.381,0.5076,0,0,0,10
169.414,0.5076,0,0,0,10
169.449,0.5076,0,0,0,10
169.481,0.5076,0,0,0,10
169.515,0.5075,0,0,0,10
169.547,0.5075,0,0,0,10
169.581,0.5073,0,0,0,10
169.615,0.5071,0,0,0,10
169.647,0.5070,0,0,0,10
169.681,0.5067,0,0,0,10
169.715,0.5064,0,0,0,10
169.749,0.5062,0,0,0,10
169.777,0.5059,1,6,6,1
169.814,0.5056,1,6,6,1
169.846,0.5054,1,6,6,1
169.880,0.5051,1,6,6,1
169.914,0.5047,1,6,6,1
169.947,0.5038,1,6,6,1
169.982,0.5034,1,6,6,1
170.015,0.5031,1,6,6,1
170.047,0.5030,1,6,6,1
170.082,0.5027,1,6,6,1
170.115,0.5024,1,6,6,1
170.148,0.5023,1,6,6,1
170.181,0.5021,1,6,6,1
170.215,0.5018,0,0,0,0
170.248,0.5017,0,0,0,0
170.280,0.5015,0,0,0,0
170.314,0.5013,0,0,0,0
170.350,0.5013,0,0,0,0
170.382,0.5011,0,0,0,0
170.414,0.5009,0,0,0,0
170.447,0.5008,0,0,0,0
170.482,0.5007,0,0,0,0
170.515,0.5006,0,0,0,0
170.549,0.5005,0,0,0,0
170.582,0.5004,0,0,0,0
170.616,0.5002,0,0,0,0
170.647,0.5002,0,0,0,0
170.682,0.5001,0,0,0,0
170.714,0.5000,0,0,0,0
170.748,0.4999,0,0,0,0
170.783,0.4998,0,0,0,0
170.813,0.4997,0,0,0,0
170.848,0.4996,0,0,0,0
170.880,0.4995,0,0,0,0
170.916,0.4994,0,0,0,0
170.948,0.4994,0,0,0,0
170.980,0.4993,0,0,0,0
171.014,0.4984,0,0,0,0
171.049,0.4938,1,6,6,1
171.082,0.4883,1,6,6,1
171.115,0.4820,1,6,6,1
171.149,0.4742,1,6,6,1
171.180,0.4661,1,6,6,1
171.216,0.4589,1,6,6,1
171.247,0.4589,1,6,6,1
171.281,0.4588,1,6,6,1
171.315,0.4587,1,6,6,1
171.348,0.4586,1,6,6,1
171.382,0.4585,1,6,6,1
171.415,0.4584,1,6,6,1
171.449,0.4583,1,6,6,1
171.482,0.4550,1,6,6,1
171.514,0.4447,1,6,6,1
171.548,0.4402,1,6,6,1
171.583,0.4516,1,6,6,1
171.614,0.4610,1,6,6,1
171.649,0.4703,1,6,6,1
171.683,0.4783,1,6,6,1
171.715,0.4850,1,6,6,1
171.747,0.4907,1,6,6,1
171.781,0.4957,1,6,6,1
171.815,0.4996,1,6,6,1
171.848,0.5023,1,6,6,1
171.881,0.5039,1,6,6,1
171.914,0.5044,1,6,6,1
171.949,0.5039,1,6,6,1
171.982,0.5023,1,6,6,1
172.014,0.4997,1,6,6,1
172.047,0.4960,1,6,6,1
172.082,0.4910,1,6,6,1
172.116,0.4849,1,6,6,1
172.147,0.4786,1,6,6,1
172.182,0.4703,1,6,6,1
172.214,0.4618,1,6,6,1
172.249,0.4586,1,6,6,1
172.282,0.4586,1,6,6,1
172.315,0.4586,1,6,6,1
172.347,0.4586,1,6,6,1
172.381,0.4586,1,6,6,1
172.415,0.4586,1,6,6,1
172.446,0.4586,1,6,6,1
172.481,0.4586,1,6,6,1
172.514,0.4586,1,6,6,1
172.548,0.4587,1,6,6,1
172.581,0.4587,1,6,6,1
172.616,0.4758,1,6,6,1
172.650,0.4758,1,6,6,1
172.681,0.4758,1,6,6,1
172.715,0.4758,1,6,6,1
172.747,0.4758,1,6,6,1
172.783,0.4758,1,6,6,1
172.813,0.4758,1,6,6,1
172.849,0.4758,1,6,6,1
172.881,0.4758,1,6,6,1
172.913,0.4758,1,6,6,1
172.947,0.4758,1,6,6,1
172.982,0.4758,1,6,6,1
173.014,0.4758,1,6,6,1
173.046,0.4758,1,6,6,1
173.082,0.4758,1,6,6,1
173.115,0.4758,1,6,6,1
173.147,0.4758,1,6,6,1
173.181,0.4758,1,6,6,1
173.214,0.4758,1,6,6,1
173.248,0.4758,1,6,6,1
173.280,0.4758,1,6,6,1
173.314,0.4758,1,6,6,1
173.347,0.4758,1,6,6,1
173.382,0.4758,1,6,6,1
173.414,0.4758,1,6,6,1
173.448,0.4755,1,6,6,1
173.482,0.4730,1,6,6,1
173.514,0.4674,1,6,6,1
173.549,0.4632,1,6,6,1
173.581,0.4517,1,6,6,1
173.612,0.4443,1,6,6,1
173.647,0.4266,1,6,6,1
173.682,0.4125,0,7,7,0
173.715,0.4095,0,7,7,0
173.748,0.4081,0,7,7,0
173.780,0.4058,0,7,7,0
173.814,0.4043,0,7,7,0
173.847,0.4038,0,7,7,0
173.880,0.4032,0,7,7,0
173.916,0.4032,0,7,7,0
173.949,0.4032,0,7,7,0
173.981,0.4036,0,7,7,0
174.015,0.4037,0,7,7,0
174.048,0.4019,0,7,7,0
174.082,0.3986,0,7,7,0
174.116,0.3946,0,7,7,0
174.149,0.3893,0,7,7,0
174.182,0.3835,0,7,7,0
174.217,0.3763,0,7,7,0
174.249,0.3687,0,7,7,0
174.282,0.3602,0,7,7,0
174.313,0.3512,0,7,7,0
174.347,0.3512,0,7,7,0
174.380,0.3513,0,7,7,0
174.417,0.3513,0,7,7,0
174.448,0.3512,0,7,7,0
174.482,0.3512,0,7,7,0
174.516,0.3512,0,7,7,0
174.549,0.3512,0,7,7,0
174.580,0.3511,0,7,7,0
174.615,0.3512,0,7,7,0
174.647,0.3512,0,7,7,0
174.681,0.3513,0,7,7,0
174.716,0.3514,0,7,7,0
174.748,0.3515,0,7,7,0
174.780,0.3517,0,7,7,0
174.813,0.3520,0,7,7,0
174.849,0.3522,0,7,7,0
174.880,0.3525,0,7,7,0
174.913,0.3543,0,7,7,0
174.949,0.3553,0,7,7,0
174.980,0.3573,0,7,7,0
175.014,0.3592,0,7,7,0
175.048,0.3602,0,7,7,0
175.080,0.3620,0,7,7,0
175.115,0.3637,0,7,7,0
175.147,0.3645,0,7,7,0
175.180,0.3661,1,6,6,1
175.214,0.3677,1,6,6,1
175.248,0.3684,1,6,6,1
175.280,0.3698,1,6,6,1
175.315,0.3712,1,6,6,1
175.348,0.3718,1,6,6,1
175.381,0.3731,1,6,6,1
175.413,0.3743,1,6,6,1
175.447,0.3748,1,6,6,1
175.482,0.3759,1,6,6,1
175.514,0.3770,1,6,6,1
175.548,0.3775,1,6,6,1
175.583,0.3785,1,6,6,1
175.615,0.3794,1,6,6,1
175.649,0.3798,1,6,6,1
175.682,0.3807,1,6,6,1
175.714,0.3815,1,6,6,1
175.748,0.3819,1,6,6,1
175.780,0.3827,1,6,6,1
175.814,0.3834,1,6,6,1
175.850,0.3837,1,6,6,1
175.881,0.3844,1,6,6,1
175.917,0.3850,1,6,6,1
175.947,0.3853,1,6,6,1
175.980,0.3859,1,6,6,1
176.014,0.3865,1,6,6,1
176.049,0.3868,1,6,6,1
176.082,0.3873,1,6,6,1
176.114,0.3878,1,6,6,1
176.148,0.3880,1,6,6,1
176.180,0.3885,1,6,6,1
176.215,0.3889,0,0,0,0
176.250,0.3891,0,0,0,0
176.282,0.3895,0,0,0,0
176.314,0.3899,0,0,0,0
176.347,0.3901,0,0,0,0
176.382,0.3904,0,0,0,0
176.414,0.3908,0,0,0,0
176.448,0.3909,0,0,0,0
176.481,0.3913,0,0,0,0
176.515,0.3915,0,0,0,0
176.548,0.3917,0,0,0,0
176.581,0.3920,0,0,0,0
176.615,0.3922,0,0,0,0
176.647,0.3923,0,0,0,0
176.681,0.3926,0,0,0,0
176.714,0.3928,0,0,0,0
176.747,0.3929,0,0,0,0
176.781,0.3931,0,0,0,0
176.815,0.3933,0,0,0,0
176.847,0.3934,0,0,0,0
176.881,0.3936,0,0,0,0
176.915,0.3938,0,0,0,0
176.948,0.3938,0,0,0,0
176.981,0.3940,0,0,0,0
177.016,0.4021,1,6,6,1
177.049,0.4146,1,6,6,1
177.082,0.4257,1,6,6,1
177.113,0.4357,1,6,6,1
177.147,0.4455,1,6,6,1
177.181,0.4457,1,6,6,1
177.215,0.4458,1,6,6,1
177.248,0.4459,1,6,6,1
177.282,0.4460,1,6,6,1
177.315,0.4461,1,6,6,1
177.348,0.4461,1,6,6,1
177.380,0.4462,1,6,6,1
177.413,0.4463,1,6,6,1
177.448,0.4464,1,6,6,1
177.481,0.4465,1,6,6,1
177.515,0.4465,1,6,6,1
177.547,0.4466,1,6,6,1
177.582,0.4530,1,6,6,1
177.615,0.4610,1,6,6,1
177.651,0.4683,1,6,6,1
177.681,0.4697,1,6,6,1
177.714,0.4698,1,6,6,1
177.748,0.4698,1,6,6,1
177.781,0.4699,1,6,6,1
177.816,0.4700,1,6,6,1
177.848,0.4700,1,6,6,1
177.881,0.4700,1,6,6,1
177.916,0.4701,1,6,6,1
177.948,0.4701,1,6,6,1
177.981,0.4702,1,6,6,1
178.014,0.4702,1,6,6,1
178.047,0.4702,1,6,6,1
178.080,0.4703,1,6,6,1
178.115,0.4703,1,6,6,1
178.148,0.4715,1,6,6,1
178.182,0.4770,1,6,6,1
178.215,0.4812,1,6,6,1
178.248,0.4813,1,6,6,1
178.282,0.4813,1,6,6,1
178.315,0.4813,1,6,6,1
178.348,0.4813,1,6,6,1
178.381,0.4814,1,6,6,1
178.413,0.4814,1,6,6,1
178.446,0.4814,1,6,6,1
178.481,0.4814,1,6,6,1
178.514,0.4815,1,6,6,1
178.548,0.4815,1,6,6,1
178.581,0.4815,1,6,6,1
178.615,0.4815,1,6,6,1
178.648,0.4815,1,6,6,1
178.680,0.4815,1,6,6,1
178.714,0.4816,1,6,6,1
178.749,0.4816,1,6,6,1
178.781,0.4816,1,6,6,1
178.814,0.4816,1,6,6,1
178.848,0.4816,1,6,6,1
178.881,0.4816,1,6,6,1
178.915,0.4816,1,6,6,1
178.949,0.4817,1,6,6,1
178.981,0.4817,1,6,6,1
179.014,0.4817,1,6,6,1
179.048,0.4817,1,6,6,1
179.082,0.4817,1,6,6,1
179.115,0.4817,1,6,6,1
179.149,0.4817,1,6,6,1
179.181,0.4817,1,6,6,1
179.215,0.4817,1,6,6,1
179.248,0.4817,0,0,0,0
179.280,0.4818,0,0,0,0
179.314,0.4818,0,0,0,0
179.348,0.4818,0,0,0,0
179.382,0.4818,0,0,0,0
179.415,0.4818,0,0,0,0
179.447,0.4818,0,0,0,0
179.481,0.4818,0,0,0,0
179.516,0.4818,0,0,0,0
179.549,0.4818,0,0,0,0
179.583,0.4818,0,0,0,0
179.614,0.4818,0,0,0,0
179.648,0.4818,0,0,0,0
179.682,0.4818,0,0,0,0
179.714,0.4819,0,0,0,0
179.747,0.4819,0,0,0,0
179.781,0.4819,0,0,0,0
179.815,0.4819,0,0,0,0
179.848,0.4819,0,0,0,0
179.881,0.4819,0,0,0,0
179.914,0.4819,0,0,0,0
179.947,0.4819,0,0,0,0
179.982,0.4819,0,0,0,0
180.014,0.4819,0,0,0,0
180.048,0.4819,0,0,0,0
180.082,0.4819,0,0,0,0
180.115,0.4819,0,0,0,0
180.149,0.4819,0,0,0,0
180.182,0.4819,0,0,0,0
180.214,0.4819,0,0,0,0
180.247,0.4819,0,0,0,0
180.280,0.4819,0,0,0,0
180.315,0.4819,0,0,0,0
180.349,0.4819,0,0,0,0
180.381,0.4819,0,0,0,0
180.548,0.4820,0,0,0,0
180.621,0.4820,0,0,0,0
180.655,0.4820,0,0,0,0
180.688,0.4820,0,0,0,0
180.721,0.4820,0,0,0,0
180.843,0.4820,0,0,0,0
180.903,0.4820,0,0,0,0
180.960,0.4820,0,0,0,0
180.994,0.4820,0,0,0,0
181.026,0.4820,0,0,0,0
181.081,0.4820,0,0,0,0
181.115,0.4820,0,0,0,0
181.155,0.4820,0,0,0,0
181.188,0.4820,0,0,0,0
181.221,0.4820,0,0,0,0
181.254,0.4820,0,0,0,0
181.288,0.4820,0,0,0,0
181.321,0.4820,0,0,0,0
181.391,0.4820,0,0,0,0
181.426,0.4820,0,0,0,0
181.454,0.4820,0,0,0,0
181.485,0.4820,0,0,0,0
181.520,0.4820,0,0,0,0
181.551,0.4820,0,0,0,0
181.584,0.4820,0,0,0,0
181.617,0.4820,0,0,0,0
181.651,0.4820,0,0,0,0
181.687,0.4820,0,0,0,0
181.717,0.4821,0,0,0,0
181.753,0.4821,0,0,0,0
181.784,0.4821,0,0,0,0
181.820,0.4821,0,0,0,0
181.853,0.4821,0,0,0,0
181.884,0.4821,0,0,0,0
181.918,0.4821,0,0,0,0
181.954,0.4821,0,0,0,0
181.987,0.4821,0,0,0,0
182.021,0.4821,0,0,0,0
182.053,0.4821,0,0,0,0
182.086,0.4821,0,0,0,0
182.120,0.4821,0,0,0,0
182.150,0.4821,0,0,0,0
182.184,0.4821,0,0,0,0
182.217,0.4821,0,0,0,0
182.253,0.4821,0,0,0,0
182.284,0.4821,0,0,0,0
182.320,0.4821,0,0,0,0
182.351,0.4821,0,0,0,0
182.387,0.4821,0,0,0,0
182.420,0.4821,0,0,0,0
182.451,0.4821,0,0,0,0
182.488,0.4821,0,0,0,0
182.521,0.4821,0,0,0,0
182.551,0.4821,0,0,0,0
182.587,0.4821,0,0,0,0
182.617,0.4821,0,0,0,0
182.651,0.4821,0,0,0,0
182.687,0.4821,0,0,0,0
182.720,0.4821,0,0,0,0
182.754,0.4821,0,0,0,0
182.783,0.4821,0,0,0,0
182.817,0.4821,0,0,0,0
182.848,0.4821,0,0,0,0
182.880,0.4821,0,0,0,0
182.920,0.4821,0,0,0,0
182.953,0.4821,0,0,0,0
182.984,0.4821,0,0,0,0
183.021,0.4821,0,0,0,0
183.053,0.4821,0,0,0,0
183.084,0.4821,0,0,0,0
183.117,0.4821,0,0,0,0
183.151,0.4821,0,0,0,0
183.186,0.4821,0,0,0,0
183.220,0.4821,0,0,0,0
183.253,0.4821,0,0,0,0
183.284,0.4821,0,0,0,0
183.320,0.4821,0,0,0,0
183.354,0.4821,0,0,0,0
183.387,0.4822,0,0,0,0
183.417,0.4822,0,0,0,0
183.454,0.4822,0,0,0,0
183.485,0.4822,0,0,0,0
183.520,0.4822,0,0,0,0
183.554,0.4822,0,0,0,0
183.584,0.4822,0,0,0,0
183.618,0.4822,0,0,0,0
183.650,0.4822,0,0,0,0
183.684,0.4822,0,0,0,0
183.721,0.4822,0,0,0,0
183.753,0.4822,0,0,0,0
183.787,0.4822,0,0,0,0
183.818,0.4822,0,0,0,0
183.854,0.4822,0,0,0,0
183.888,0.4822,0,0,0,0
183.920,0.4822,0,0,0,0
183.950,0.4822,0,0,0,0
184.021,0.4822,0,0,0,0
184.095,0.4822,0,0,0,0
184.129,0.4822,0,0,0,0
184.162,0.4822,0,0,0,0
184.195,0.4822,0,0,0,0
184.229,0.4822,0,0,0,0
184.263,0.4822,0,0,0,0
184.296,0.4822,0,0,0,0
184.326,0.4822,0,0,0,0
184.362,0.4822,0,0,0,0
184.396,0.4822,0,0,0,0
184.428,0.4822,0,0,0,0
184.464,0.4822,0,0,0,0
184.534,0.4822,0,0,0,0
184.566,0.4822,0,0,0,0
184.598,0.4822,0,0,0,0
184.667,0.4822,0,0,0,0
184.701,0.4822,0,0,0,0
184.733,0.4822,0,0,0,0
184.767,0.4822,0,0,0,0
184.807,0.4822,0,0,0,0
184.832,0.4822,0,0,0,0
184.871,0.4822,0,0,0,0
184.900,0.4822,0,0,0,0
184.933,0.4822,0,0,0,0
184.968,0.4822,0,0,0,0
185.001,0.4822,0,0,0,0
185.034,0.4822,0,0,0,0
185.068,0.4822,0,0,0,0
185.103,0.4822,0,0,0,0
185.135,0.4822,0,0,0,0
185.171,0.4822,0,0,0,0
185.203,0.4822,0,0,0,0
185.237,0.4822,0,0,0,0
185.270,0.4822,0,0,0,0
185.304,0.4822,0,0,0,0
185.334,0.4822,0,0,0,0
185.366,0.4822,0,0,0,0
185.399,0.4822,0,0,0,0
185.434,0.4822,0,0,0,0
185.470,0.4822,0,0,0,0
185.504,0.4823,0,0,0,0
185.534,0.4823,0,0,0,0
185.567,0.4823,0,0,0,0
185.600,0.4823,0,0,0,0
185.634,0.4823,0,0,0,0
185.669,0.4823,0,0,0,0
185.703,0.4823,0,0,0,0
185.734,0.4823,0,0,0,0
185.770,0.4823,0,0,0,0
185.803,0.4823,0,0,0,0
185.834,0.4823,0,0,0,0
185.870,0.4823,0,0,0,0
185.903,0.4823,0,0,0,0
185.934,0.4823,0,0,0,0
185.967,0.4823,0,0,0,0
186.003,0.4823,0,0,0,0
186.034,0.4823,0,0,0,0
186.071,0.4823,0,0,0,0
186.104,0.4823,0,0,0,0
186.133,0.4823,0,0,0,0
186.168,0.4823,0,0,0,0
186.203,0.4823,0,0,0,0
186.236,0.4823,0,0,0,0
186.270,0.4823,0,0,0,0
186.301,0.4823,0,0,0,0
186.334,0.4823,0,0,0,0
186.370,0.4823,0,0,0,0
186.401,0.4823,0,0,0,0
186.434,0.4823,0,0,0,0
186.468,0.4823,0,0,0,0
186.501,0.4823,0,0,0,0
186.536,0.4823,0,0,0,0
186.567,0.4823,0,0,0,0
186.603,0.4823,0,0,0,0
186.634,0.4823,0,0,0,0
186.668,0.4823,0,0,0,0
186.700,0.4823,0,0,0,0
186.734,0.4823,0,0,0,0
186.768,0.4823,0,0,0,0
186.804,0.4823,0,0,0,0
186.834,0.4823,0,0,0,0
186.867,0.4823,0,0,0,0
186.901,0.4823,0,0,0,0
186.933,0.4823,0,0,0,0
186.971,0.4823,0,0,0,0
187.001,0.4823,0,0,0,0
187.033,0.4823,0,0,0,0
187.068,0.4823,0,0,0,0
187.104,0.4823,0,0,0,0
187.135,0.4823,0,0,0,0
187.170,0.4823,0,0,0,0
187.204,0.4823,0,0,0,0
187.235,0.4823,0,0,0,0
187.271,0.4823,0,0,0,0
187.301,0.4823,0,0,0,0
187.334,0.4823,0,0,0,0
187.367,0.4823,0,0,0,0
187.404,0.4823,0,0,0,0
187.435,0.4823,0,0,0,0
187.467,0.4823,0,0,0,0
187.504,0.4823,0,0,0,0
187.534,0.4823,0,0,0,0
187.567,0.4823,0,0,0,0
187.600,0.4823,0,0,0,0
187.638,0.4823,0,0,0,0
187.671,0.4823,0,0,0,0
187.701,0.4823,0,0,0,0
187.737,0.4823,0,0,0,0
187.768,0.4823,0,0,0,0
187.804,0.4824,0,0,0,0
187.877,0.4824,0,0,0,0
187.909,0.4824,0,0,0,0
187.941,0.4824,0,0,0,0
187.975,0.4824,0,0,0,0
188.047,0.4824,0,0,0,0
188.080,0.4824,0,0,0,0
188.112,0.4824,0,0,0,0
188.146,0.4824,0,0,0,0
188.179,0.4824,0,0,0,0
188.212,0.4824,0,0,0,0
188.245,0.4824,0,0,0,0
188.313,0.4824,0,0,0,0
188.349,0.4824,0,0,0,0
188.381,0.4824,0,0,0,0
188.413,0.4824,0,0,0,0
188.447,0.4824,0,0,0,0
188.481,0.4824,0,0,0,0
188.514,0.4824,0,0,0,0
188.547,0.4824,0,0,0,0
188.581,0.4824,0,0,0,0
188.615,0.4824,0,0,0,0
188.648,0.4824,0,0,0,0
188.681,0.4824,0,0,0,0
188.713,0.4824,0,0,0,0
188.747,0.4824,0,0,0,0
188.781,0.4824,0,0,0,0
188.816,0.4824,0,0,0,0
188.848,0.4824,0,0,0,0
188.880,0.4824,0,0,0,0
188.914,0.4824,0,0,0,0
188.949,0.4824,0,0,0,0
188.981,0.4824,0,0,0,0
189.014,0.4824,0,0,0,0
189.048,0.4824,0,0,0,0
189.080,0.4824,0,0,0,0
189.114,0.4824,0,0,0,0
189.147,0.4824,0,0,0,0
189.181,0.4824,0,0,0,0
189.214,0.4824,0,0,0,0
189.248,0.4824,0,0,0,0
189.281,0.4824,0,0,0,0
189.315,0.4824,0,0,0,0
189.348,0.4824,0,0,0,0
189.381,0.4824,0,0,0,0
189.414,0.4824,0,0,0,0
189.449,0.4824,0,0,0,0
189.481,0.4824,0,0,0,0
189.515,0.4824,0,0,0,0
189.547,0.4824,0,0,0,0
189.581,0.4824,0,0,0,0
189.613,0.4824,0,0,0,0
189.648,0.4824,0,0,0,0
189.681,0.4824,0,0,0,0
189.714,0.4824,0,0,0,0
189.747,0.4824,0,0,0,0
189.781,0.4824,0,0,0,0
189.816,0.4824,0,0,0,0
189.848,0.4824,0,0,0,0
189.882,0.4824,0,0,0,0
189.913,0.4824,0,0,0,0
189.946,0.4824,0,0,0,0
189.980,0.4824,0,0,0,0
190.013,0.4824,0,0,0,0
190.047,0.4824,0,0,0,0
190.079,0.4824,0,0,0,0
190.114,0.4824,0,0,0,0
190.146,0.4824,0,0,0,0
190.180,0.4824,0,0,0,0
190.214,0.4824,0,0,0,0
190.248,0.4824,0,0,0,0
190.281,0.4824,0,0,0,0
190.313,0.4824,0,0,0,0
190.346,0.4824,0,0,0,0
190.381,0.4824,0,0,0,0
190.414,0.4824,0,0,0,0
190.446,0.4824,0,0,0,0
190.481,0.4824,0,0,0,0
190.513,0.4824,0,0,0,0
190.547,0.4824,0,0,0,0
190.579,0.4824,0,0,0,0
190.613,0.4824,0,0,0,0
190.647,0.4824,0,0,0,0
190.681,0.4825,0,0,0,0
190.715,0.4825,0,0,0,0
190.747,0.4825,0,0,0,0
190.780,0.4825,0,0,0,0
190.813,0.4825,0,0,0,0
190.847,0.4825,0,0,0,0
190.880,0.4825,0,0,0,0
190.914,0.4825,0,0,0,0
190.947,0.4825,0,0,0,0
190.981,0.4825,0,0,0,0
191.014,0.4825,0,0,0,0
191.049,0.4825,0,0,0,0
191.083,0.4825,0,0,0,0
191.114,0.4825,0,0,0,0
191.147,0.4825,0,0,0,0
191.180,0.4825,0,0,0,0
191.213,0.4825,0,0,0,0
191.247,0.4825,0,0,0,0
191.281,0.4825,0,0,0,0
191.313,0.4825,0,0,0,0
191.346,0.4825,0,0,0,0
191.380,0.4825,0,0,0,0
191.413,0.4825,0,0,0,0
191.447,0.4825,0,0,0,0
191.481,0.4825,0,0,0,0
191.513,0.4825,0,0,0,0
191.547,0.4825,0,0,0,0
191.580,0.4825,0,0,0,0
191.613,0.4825,0,0,0,0
191.646,0.4825,0,0,0,0
191.681,0.4825,0,0,0,0
191.714,0.4825,0,0,0,0
191.747,0.4825,0,0,0,0
191.781,0.4825,0,0,0,0
191.813,0.4825,0,0,0,0
191.846,0.4825,0,0,0,0
191.880,0.4825,0,0,0,0
191.915,0.4825,0,0,0,0
191.946,0.4825,0,0,0,0
191.982,0.4825,0,0,0,0
192.015,0.4825,0,0,0,0
192.047,0.4825,0,0,0,0
192.080,0.4825,0,0,0,0
192.115,0.4825,0,0,0,0
192.148,0.4825,0,0,0,0
192.180,0.4825,0,0,0,0
192.215,0.4825,0,0,0,0
192.248,0.4825,0,0,0,0
192.282,0.4825,0,0,0,0
192.314,0.4825,0,0,0,0
192.349,0.4825,0,0,0,0
192.380,0.4825,0,0,0,0
192.414,0.4825,0,0,0,0
192.448,0.4825,0,0,0,0
192.481,0.4825,0,0,0,0
192.513,0.4825,0,0,0,0
192.547,0.4825,0,0,0,0
192.583,0.4825,0,0,0,0
192.613,0.4825,0,0,0,0
192.647,0.4825,0,0,0,0
192.681,0.4825,0,0,0,0
192.714,0.4825,0,0,0,0
192.748,0.4825,0,0,0,0
192.781,0.4825,0,0,0,0
192.814,0.4825,0,0,0,0
192.846,0.4825,0,0,0,0
192.880,0.4825,0,0,0,0
192.914,0.4825,0,0,0,0
192.948,0.4825,0,0,0,0
192.980,0.4825,0,0,0,0
193.015,0.4825,0,0,0,0
193.048,0.4825,0,0,0,0
193.082,0.4825,0,0,0,0
193.115,0.4825,0,0,0,0
193.147,0.4825,0,0,0,0
193.182,0.4825,0,0,0,0
193.214,0.4825,0,0,0,0
193.247,0.4825,0,0,0,0
193.281,0.4825,0,0,0,0
193.313,0.4825,0,0,0,0
193.347,0.4825,0,0,0,0
193.379,0.4825,0,0,0,0
193.413,0.4825,0,0,0,0
193.446,0.4825,0,0,0,0
193.481,0.4825,0,0,0,0
193.516,0.4825,0,0,0,0
193.549,0.4825,0,0,0,0
193.580,0.4825,0,0,0,0
193.615,0.4825,0,0,0,0
193.648,0.4825,0,0,0,0
193.683,0.4825,0,0,0,0
193.715,0.4825,0,0,0,0
193.749,0.4825,0,0,0,0
193.781,0.4825,0,0,0,0
193.815,0.4825,0,0,0,0
193.848,0.4825,0,0,0,0
193.881,0.4825,0,0,0,0
193.915,0.4825,0,0,0,0
193.947,0.4825,0,0,0,0
193.981,0.4825,0,0,0,0
194.014,0.4825,0,0,0,0
194.048,0.4826,0,0,0,0
194.082,0.4826,0,0,0,0
194.114,0.4826,0,0,0,0
194.148,0.4826,0,0,0,0
