time,halfW01,d0,d1,d2,d3
2.958,0.8365,2,5,5,2
0.333,0.8389,2,5,5,2
0.358,0.8390,2,5,5,2
0.393,0.8391,2,5,5,2
0.425,0.8392,2,5,5,2
0.459,0.8393,2,5,5,2
0.493,0.8394,2,5,5,2
0.524,0.8395,2,5,5,2
0.559,0.8395,2,5,5,2
0.593,0.8395,2,5,5,2
0.623,0.8395,2,5,5,2
0.657,0.8395,2,5,5,2
0.691,0.8395,2,5,5,2
0.727,0.8395,2,5,5,2
0.757,0.8394,2,5,5,2
0.792,0.8393,2,5,5,2
0.827,0.8392,2,5,5,2
0.858,0.8391,2,5,5,2
0.891,0.8389,2,5,5,2
0.926,0.8389,2,5,5,2
0.958,0.8387,2,5,5,2
0.992,0.8384,2,5,5,2
1.025,0.8383,2,5,5,2
1.057,0.8381,2,5,5,2
1.091,0.8378,2,5,5,2
1.124,0.8376,2,5,5,2
1.161,0.8373,2,5,5,2
1.192,0.8370,2,5,5,2
1.225,0.8368,2,5,5,2
1.259,0.8364,2,5,5,2
1.293,0.8361,2,5,5,2
1.324,0.8359,2,5,5,2
1.360,0.8354,0,0,0,0
1.392,0.8350,0,0,0,0
1.425,0.8348,0,0,0,0
1.458,0.8343,0,0,0,0
1.493,0.8338,0,0,0,0
1.526,0.8335,0,0,0,0
1.559,0.8330,0,0,0,0
1.593,0.8325,0,0,0,0
1.626,0.8322,0,0,0,0
1.660,0.8316,0,0,0,0
1.693,0.8310,0,0,0,0
1.727,0.8307,0,0,0,0
1.759,0.8301,0,0,0,0
1.792,0.8295,0,0,0,0
1.825,0.8292,0,0,0,0
1.859,0.8285,0,0,0,0
1.894,0.8286,0,0,0,0
1.926,0.8288,0,0,0,0
1.959,0.8290,0,0,0,0
1.990,0.8291,0,0,0,0
2.025,0.8293,0,0,0,0
2.057,0.8295,0,0,0,0
2.094,0.8298,0,0,0,0
2.124,0.8299,0,0,0,0
2.158,0.8301,0,0,0,0
2.193,0.8302,0,0,0,0
2.224,0.8303,0,0,0,0
2.261,0.8305,0,0,0,0
2.293,0.8307,0,0,0,0
2.325,0.8308,0,0,0,0
2.358,0.8310,0,0,0,0
2.391,0.8312,0,0,0,0
2.424,0.8313,0,0,0,0
2.459,0.8314,0,0,0,0
2.493,0.8316,0,0,0,0
2.528,0.8317,0,0,0,0
2.559,0.8319,0,0,0,0
2.593,0.8320,0,0,0,0
2.627,0.8321,0,0,0,0
2.658,0.8322,0,0,0,0
2.693,0.8324,0,0,0,0
2.730,0.8325,0,0,0,0
2.757,0.8326,0,0,0,0
2.792,0.8327,0,0,0,0
2.824,0.8328,0,0,0,0
2.859,0.8329,0,0,0,0
2.891,0.8330,0,0,0,0
2.926,0.8330,0,0,0,0
2.960,0.8331,0,0,0,0
2.992,0.8332,0,0,0,0
3.026,0.8332,0,0,0,0
3.060,0.8333,0,0,0,0
3.093,0.8334,0,0,0,0
3.127,0.8334,0,0,0,0
3.157,0.8335,0,0,0,0
3.193,0.8336,0,0,0,0
3.225,0.8336,0,0,0,0
3.259,0.8337,0,0,0,0
3.292,0.8337,0,0,0,0
3.326,0.8338,0,0,0,0
3.357,0.8338,0,0,0,0
3.390,0.8339,0,0,0,0
3.427,0.8339,0,0,0,0
3.460,0.8340,0,0,0,0
3.492,0.8340,0,0,0,0
3.525,0.8340,0,0,0,0
3.560,0.8340,0,0,0,0
3.591,0.8341,0,0,0,0
3.627,0.8341,0,0,0,0
3.657,0.8341,0,0,0,0
3.694,0.8341,0,0,0,0
3.727,0.8341,0,0,0,0
3.760,0.8341,0,0,0,0
3.791,0.8341,0,0,0,0
3.825,0.8341,0,0,0,0
3.859,0.8341,0,0,0,0
3.890,0.8341,0,0,0,0
3.926,0.8341,0,0,0,0
3.961,0.8341,0,0,0,0
3.993,0.8341,0,0,0,0
4.027,0.8341,0,0,0,0
4.058,0.8340,0,0,0,0
4.091,0.8340,0,0,0,0
4.126,0.8340,0,0,0,0
4.159,0.8339,0,0,0,0
4.191,0.8339,0,0,0,0
4.226,0.8339,0,0,0,0
4.257,0.8338,0,0,0,0
4.292,0.8338,0,0,0,0
4.325,0.8338,0,0,0,0
4.361,0.8337,0,0,0,0
4.391,0.8337,0,0,0,0
4.425,0.8337,0,0,0,0
4.458,0.8336,0,0,0,0
4.491,0.8336,0,0,0,0
4.524,0.8336,0,0,0,0
4.559,0.8335,0,0,0,0
4.592,0.8334,0,0,0,0
4.625,0.8334,0,0,0,0
4.659,0.8333,0,0,0,0
4.693,0.8332,0,0,0,0
4.726,0.8332,0,0,0,0
4.759,0.8331,0,0,0,0
4.793,0.8331,0,0,0,0
4.824,0.8330,0,0,0,0
4.859,0.8329,0,0,0,0
4.891,0.8329,0,0,0,0
4.925,0.8328,0,0,0,0
4.958,0.8327,0,0,0,0
4.990,0.8327,0,0,0,0
5.025,0.8326,0,0,0,0
5.060,0.8325,0,0,0,0
5.093,0.8324,0,0,0,0
5.125,0.8324,0,0,0,0
5.160,0.8323,0,0,0,0
5.191,0.8322,0,0,0,0
5.225,0.8321,0,0,0,0
5.258,0.8320,0,0,0,0
5.293,0.8319,0,0,0,0
5.326,0.8319,0,0,0,0
5.357,0.8318,0,0,0,0
5.392,0.8317,0,0,0,0
5.425,0.8316,0,0,0,0
5.460,0.8315,0,0,0,0
5.492,0.8314,0,0,0,0
5.524,0.8314,0,0,0,0
5.557,0.8313,0,0,0,0
5.594,0.8312,0,0,0,0
5.627,0.8311,0,0,0,0
5.659,0.8310,0,0,0,0
5.691,0.8309,0,0,0,0
5.725,0.8308,0,0,0,0
5.759,0.8307,0,0,0,0
5.790,0.8307,0,0,0,0
5.825,0.8306,0,0,0,0
5.859,0.8304,0,0,0,0
5.891,0.8303,0,0,0,0
5.926,0.8303,0,0,0,0
5.961,0.8302,0,0,0,0
5.990,0.8301,0,0,0,0
6.024,0.8300,0,0,0,0
6.059,0.8299,0,0,0,0
6.093,0.8298,0,0,0,0
6.124,0.8297,0,0,0,0
6.159,0.8296,0,0,0,0
6.191,0.8295,0,0,0,0
6.224,0.8294,0,0,0,0
6.259,0.8293,0,0,0,0
6.294,0.8292,0,0,0,0
6.326,0.8291,0,0,0,0
6.357,0.8290,0,0,0,0
6.391,0.8289,0,0,0,0
6.425,0.8288,0,0,0,0
6.458,0.8287,0,0,0,0
6.490,0.8286,0,0,0,0
6.526,0.8285,0,0,0,0
6.557,0.8284,0,0,0,0
6.591,0.8283,0,0,0,0
6.624,0.8282,0,0,0,0
6.658,0.8281,0,0,0,0
6.691,0.8279,0,0,0,0
6.727,0.8279,0,0,0,0
6.761,0.8278,0,0,0,0
6.792,0.8276,0,0,0,0
6.827,0.8276,0,0,0,0
6.860,0.8274,0,0,0,0
6.893,0.8273,0,0,0,0
6.926,0.8272,0,0,0,0
6.959,0.8271,0,0,0,0
6.992,0.8270,0,0,0,0
7.026,0.8269,0,0,0,0
7.059,0.8268,0,0,0,0
7.092,0.8267,0,0,0,0
7.126,0.8266,0,0,0,0
7.159,0.8265,0,0,0,0
7.192,0.8263,0,0,0,0
7.228,0.8263,0,0,0,0
7.260,0.8261,0,0,0,0
7.291,0.8260,0,0,0,0
7.326,0.8259,0,0,0,0
7.361,0.8258,0,0,0,0
7.392,0.8257,0,0,0,0
7.426,0.8256,0,0,0,0
7.458,0.8255,0,0,0,0
7.492,0.8254,0,0,0,0
7.526,0.8253,0,0,0,0
7.558,0.8252,0,0,0,0
7.592,0.8250,0,0,0,0
7.625,0.8249,0,0,0,0
7.659,0.8248,0,0,0,0
7.693,0.8247,0,0,0,0
7.724,0.8246,0,0,0,0
7.761,0.8245,0,0,0,0
7.792,0.8244,0,0,0,0
7.826,0.8243,0,0,0,0
7.857,0.8242,0,0,0,0
7.891,0.8240,0,0,0,0
7.927,0.8240,0,0,0,0
7.959,0.8238,0,0,0,0
7.993,0.8237,0,0,0,0
8.025,0.8236,0,0,0,0
8.059,0.8235,0,0,0,0
8.092,0.8234,0,0,0,0
8.124,0.8233,0,0,0,0
8.159,0.8232,0,0,0,0
8.192,0.8230,0,0,0,0
8.226,0.8230,0,0,0,0
8.261,0.8228,0,0,0,0
8.292,0.8227,0,0,0,0
8.324,0.8226,0,0,0,0
8.360,0.8225,0,0,0,0
8.391,0.8224,0,0,0,0
8.428,0.8223,0,0,0,0
8.457,0.8222,0,0,0,0
8.492,0.8221,0,0,0,0
8.526,0.8219,0,0,0,0
8.559,0.8213,0,0,0,0
8.592,0.8201,0,0,0,0
8.626,0.8192,0,0,0,0
8.660,0.8171,2,5,5,2
8.692,0.8143,2,5,5,2
8.725,0.8127,2,5,5,2
8.758,0.8090,2,5,5,2
8.789,0.8070,2,5,5,2
8.826,0.8025,2,5,5,2
8.857,0.7976,2,5,5,2
8.892,0.7923,2,5,5,2
8.925,0.7895,2,5,5,2
8.960,0.7837,2,5,5,2
8.990,0.7807,2,5,5,2
9.024,0.7745,2,5,5,2
9.057,0.7680,2,5,5,2
9.091,0.7613,2,5,5,2
9.124,0.7579,2,5,5,2
9.160,0.7510,2,5,5,2
9.194,0.7439,2,5,5,2
9.224,0.7403,2,5,5,2
9.258,0.7333,2,5,5,2
9.293,0.7264,2,5,5,2
9.326,0.7230,2,5,5,2
9.359,0.7164,2,5,5,2
9.391,0.7099,2,5,5,2
9.426,0.7067,2,5,5,2
9.459,0.7003,2,5,5,2
9.492,0.6938,2,5,5,2
9.526,0.6905,2,5,5,2
9.561,0.6839,2,5,5,2
9.592,0.6771,2,5,5,2
9.625,0.6737,2,5,5,2
9.660,0.6668,2,5,5,2
9.690,0.6632,2,5,5,2
9.725,0.6559,1,6,6,1
9.759,0.6485,1,6,6,1
9.792,0.6410,1,6,6,1
9.826,0.6372,1,6,6,1
9.858,0.6294,1,6,6,1
9.892,0.6216,1,6,6,1
9.924,0.6176,1,6,6,1
9.960,0.6095,1,6,6,1
9.992,0.6013,1,6,6,1
10.027,0.5972,1,6,6,1
10.061,0.5888,1,6,6,1
10.093,0.5803,1,6,6,1
10.124,0.5760,1,6,6,1
10.158,0.5673,1,6,6,1
10.193,0.5585,1,6,6,1
10.227,0.5541,1,6,6,1
10.260,0.5451,1,6,6,1
10.291,0.5406,1,6,6,1
10.327,0.5314,1,6,6,1
10.358,0.5221,1,6,6,1
10.393,0.5128,1,6,6,1
10.427,0.5081,1,6,6,1
10.459,0.4987,1,6,6,1
10.491,0.4892,1,6,6,1
10.525,0.4845,1,6,6,1
10.557,0.4750,1,6,6,1
10.590,0.4702,1,6,6,1
10.625,0.4605,1,6,6,1
10.660,0.4507,1,6,6,1
10.691,0.4411,0,7,7,0
10.727,0.4370,0,7,7,0
10.759,0.4284,0,7,7,0
10.791,0.4198,0,7,7,0
10.825,0.4155,0,7,7,0
10.859,0.4066,0,7,7,0
10.890,0.4022,0,7,7,0
10.927,0.3931,0,7,7,0
10.959,0.3839,0,7,7,0
10.991,0.3747,0,7,7,0
11.026,0.3701,0,7,7,0
11.059,0.3609,0,7,7,0
11.091,0.3516,0,7,7,0
11.125,0.3470,0,7,7,0
11.156,0.3375,0,7,7,0
11.192,0.3276,0,7,7,0
11.227,0.3226,0,7,7,0
11.259,0.3122,0,7,7,0
11.293,0.3018,0,7,7,0
11.324,0.2966,0,7,7,0
11.360,0.2862,0,7,7,0
11.392,0.2760,0,7,7,0
11.426,0.2709,0,7,7,0
11.459,0.2608,0,7,7,0
11.491,0.2508,0,7,7,0
11.526,0.2460,0,7,7,0
11.558,0.2362,0,7,7,0
11.593,0.2270,0,7,7,0
11.625,0.2228,0,7,7,0
11.658,0.2152,0,7,7,0
11.693,0.2092,0,7,7,0
11.725,0.2067,0,7,7,0
11.759,0.2029,0,7,7,0
11.793,0.2006,0,7,7,0
11.824,0.1998,0,7,7,0
11.857,0.1991,0,7,7,0
11.890,0.1991,0,7,7,0
11.924,0.1995,0,7,7,0
11.960,0.2002,0,7,7,0
11.992,0.2011,0,7,7,0
12.025,0.2016,0,7,7,0
12.059,0.2025,0,7,7,0
12.093,0.2032,0,7,7,0
12.125,0.2036,0,7,7,0
12.159,0.2041,0,7,7,0
12.191,0.2045,0,7,7,0
12.225,0.2047,0,7,7,0
12.258,0.2049,0,7,7,0
12.292,0.2050,0,7,7,0
12.326,0.2051,0,7,7,0
12.361,0.2051,0,7,7,0
12.391,0.2051,0,7,7,0
12.426,0.2051,0,7,7,0
12.459,0.2051,0,7,7,0
12.491,0.2051,0,7,7,0
12.524,0.2051,0,7,7,0
12.558,0.2052,0,7,7,0
12.592,0.2052,0,7,7,0
12.628,0.2053,0,7,7,0
12.660,0.2053,0,7,7,0
12.693,0.2054,0,7,7,0
12.727,0.2055,0,7,7,0
12.759,0.2056,0,7,7,0
12.794,0.2057,0,0,0,0
12.826,0.2057,0,0,0,0
12.858,0.2058,0,0,0,0
12.891,0.2059,0,0,0,0
12.926,0.2060,0,0,0,0
12.960,0.2061,0,0,0,0
12.991,0.2062,0,0,0,0
13.024,0.2062,0,0,0,0
13.058,0.2063,0,0,0,0
13.091,0.2064,0,0,0,0
13.125,0.2064,0,0,0,0
13.159,0.2065,0,0,0,0
13.193,0.2065,0,0,0,0
13.225,0.2066,0,0,0,0
13.260,0.2066,0,0,0,0
13.292,0.2067,0,0,0,0
13.325,0.2067,0,0,0,0
13.359,0.2067,0,0,0,0
13.392,0.2068,0,0,0,0
13.427,0.2068,0,0,0,0
13.459,0.2068,0,0,0,0
13.492,0.2068,0,0,0,0
13.525,0.2068,0,0,0,0
13.559,0.2068,0,0,0,0
13.593,0.2068,0,0,0,0
13.626,0.2068,0,0,0,0
13.660,0.2068,0,0,0,0
13.692,0.2068,0,0,0,0
13.725,0.2068,0,0,0,0
13.760,0.2067,0,0,0,0
13.792,0.2067,0,0,0,0
13.826,0.2066,0,0,0,0
13.860,0.2066,0,0,0,0
13.892,0.2065,0,0,0,0
13.924,0.2065,0,0,0,0
13.960,0.2064,0,0,0,0
13.993,0.2063,0,0,0,0
14.025,0.2063,0,0,0,0
14.059,0.2062,0,0,0,0
14.093,0.2061,0,0,0,0
14.124,0.2060,0,0,0,0
14.158,0.2060,0,0,0,0
14.193,0.2059,0,0,0,0
14.226,0.2058,0,0,0,0
14.259,0.2057,0,0,0,0
14.290,0.2057,0,0,0,0
14.324,0.2056,0,0,0,0
14.360,0.2055,0,0,0,0
14.391,0.2054,0,0,0,0
14.425,0.2054,0,0,0,0
14.458,0.2053,0,0,0,0
14.493,0.2052,0,0,0,0
14.524,0.2052,0,0,0,0
14.558,0.2051,0,0,0,0
14.594,0.2051,0,0,0,0
14.625,0.2050,0,0,0,0
14.660,0.2050,0,0,0,0
14.692,0.2050,0,0,0,0
14.726,0.2049,0,0,0,0
14.759,0.2049,0,0,0,0
14.792,0.2049,0,0,0,0
14.826,0.2049,0,0,0,0
14.858,0.2049,0,0,0,0
14.894,0.2048,0,0,0,0
14.926,0.2048,0,0,0,0
14.958,0.2048,0,0,0,0
14.992,0.2048,0,0,0,0
15.025,0.2048,0,0,0,0
15.058,0.2049,0,0,0,0
15.091,0.2049,0,0,0,0
15.126,0.2049,0,0,0,0
15.159,0.2049,0,0,0,0
15.193,0.2049,0,0,0,0
15.225,0.2049,0,0,0,0
15.258,0.2049,0,0,0,0
15.291,0.2050,0,0,0,0
15.324,0.2050,0,0,0,0
15.358,0.2050,0,0,0,0
15.392,0.2050,0,0,0,0
15.426,0.2051,0,0,0,0
15.460,0.2051,0,0,0,0
15.492,0.2051,0,0,0,0
15.618,0.2052,0,0,0,0
15.632,0.2052,0,0,0,0
15.654,0.2053,0,0,0,0
15.687,0.2053,0,0,0,0
15.721,0.2053,0,0,0,0
15.752,0.2053,0,0,0,0
15.785,0.2054,0,0,0,0
15.821,0.2054,0,0,0,0
15.853,0.2054,0,0,0,0
15.886,0.2054,0,0,0,0
15.922,0.2055,0,0,0,0
15.953,0.2055,0,0,0,0
15.986,0.2055,0,0,0,0
16.019,0.2056,0,0,0,0
16.055,0.2056,0,0,0,0
16.090,0.2056,0,0,0,0
16.123,0.2056,0,0,0,0
16.157,0.2057,0,0,0,0
16.190,0.2057,0,0,0,0
16.222,0.2057,0,0,0,0
16.253,0.2057,0,0,0,0
16.290,0.2058,0,0,0,0
16.320,0.2058,0,0,0,0
16.355,0.2058,0,0,0,0
16.385,0.2058,0,0,0,0
16.421,0.2058,0,0,0,0
16.456,0.2059,0,0,0,0
16.486,0.2059,0,0,0,0
16.523,0.2059,0,0,0,0
16.553,0.2059,0,0,0,0
16.590,0.2059,0,0,0,0
16.621,0.2060,0,0,0,0
16.652,0.2060,0,0,0,0
16.689,0.2060,0,0,0,0
16.719,0.2060,0,0,0,0
16.756,0.2060,0,0,0,0
16.786,0.2061,0,0,0,0
16.822,0.2061,0,0,0,0
16.853,0.2061,0,0,0,0
16.889,0.2061,0,0,0,0
16.918,0.2061,0,0,0,0
16.954,0.2061,0,0,0,0
16.990,0.2061,0,0,0,0
17.021,0.2062,0,0,0,0
17.057,0.2062,0,0,0,0
17.088,0.2062,0,0,0,0
17.118,0.2062,0,0,0,0
17.155,0.2062,0,0,0,0
17.185,0.2062,0,0,0,0
17.222,0.2062,0,0,0,0
17.253,0.2063,0,0,0,0
17.289,0.2063,0,0,0,0
17.319,0.2063,0,0,0,0
17.356,0.2063,0,0,0,0
17.385,0.2063,0,0,0,0
17.422,0.2063,0,0,0,0
17.452,0.2063,0,0,0,0
17.488,0.2063,0,0,0,0
17.519,0.2064,0,0,0,0
17.555,0.2064,0,0,0,0
17.585,0.2064,0,0,0,0
17.622,0.2064,0,0,0,0
17.652,0.2064,0,0,0,0
17.688,0.2064,0,0,0,0
17.720,0.2064,0,0,0,0
17.757,0.2064,0,0,0,0
17.786,0.2064,0,0,0,0
17.821,0.2064,0,0,0,0
17.858,0.2065,0,0,0,0
17.888,0.2065,0,0,0,0
17.919,0.2065,0,0,0,0
17.957,0.2065,0,0,0,0
17.990,0.2065,0,0,0,0
18.021,0.2065,0,0,0,0
18.052,0.2065,0,0,0,0
18.089,0.2065,0,0,0,0
18.119,0.2065,0,0,0,0
18.156,0.2065,0,0,0,0
18.185,0.2065,0,0,0,0
18.221,0.2065,0,0,0,0
18.257,0.2066,0,0,0,0
18.287,0.2066,0,0,0,0
18.323,0.2066,0,0,0,0
18.352,0.2066,0,0,0,0
18.388,0.2066,0,0,0,0
18.423,0.2066,0,0,0,0
18.452,0.2066,0,0,0,0
18.488,0.2066,0,0,0,0
18.524,0.2066,0,0,0,0
18.554,0.2066,0,0,0,0
18.590,0.2066,0,0,0,0
18.623,0.2066,0,0,0,0
18.658,0.2066,0,0,0,0
18.688,0.2066,0,0,0,0
18.719,0.2066,0,0,0,0
18.756,0.2066,0,0,0,0
18.787,0.2067,0,0,0,0
18.819,0.2067,0,0,0,0
18.856,0.2067,0,0,0,0
18.887,0.2067,0,0,0,0
18.924,0.2067,0,0,0,0
18.955,0.2067,0,0,0,0
18.986,0.2067,0,0,0,0
19.023,0.2067,0,0,0,0
19.053,0.2067,0,0,0,0
19.089,0.2067,0,0,0,0
19.119,0.2067,0,0,0,0
19.155,0.2067,0,0,0,0
19.185,0.2067,0,0,0,0
19.221,0.2067,0,0,0,0
19.252,0.2067,0,0,0,0
19.288,0.2067,0,0,0,0
19.319,0.2067,0,0,0,0
19.355,0.2067,0,0,0,0
19.388,0.2067,0,0,0,0
19.421,0.2067,0,0,0,0
19.457,0.2068,0,0,0,0
19.485,0.2068,0,0,0,0
19.519,0.2068,0,0,0,0
19.552,0.2068,0,0,0,0
19.591,0.2068,0,0,0,0
19.624,0.2068,0,0,0,0
19.655,0.2068,0,0,0,0
19.686,0.2068,0,0,0,0
19.723,0.2068,0,0,0,0
19.753,0.2068,0,0,0,0
19.789,0.2068,0,0,0,0
19.820,0.2068,0,0,0,0
19.856,0.2068,0,0,0,0
19.886,0.2068,0,0,0,0
19.924,0.2068,0,0,0,0
19.954,0.2068,0,0,0,0
19.990,0.2068,0,0,0,0
20.022,0.2068,0,0,0,0
20.052,0.2068,0,0,0,0
20.088,0.2068,0,0,0,0
20.119,0.2068,0,0,0,0
20.155,0.2068,0,0,0,0
20.186,0.2068,0,0,0,0
20.223,0.2068,0,0,0,0
20.253,0.2068,0,0,0,0
20.285,0.2069,0,0,0,0
20.323,0.2069,0,0,0,0
20.353,0.2069,0,0,0,0
20.390,0.2069,0,0,0,0
20.419,0.2069,0,0,0,0
20.457,0.2069,0,0,0,0
20.486,0.2069,0,0,0,0
20.523,0.2069,0,0,0,0
20.553,0.2069,0,0,0,0
20.588,0.2069,0,0,0,0
20.619,0.2069,0,0,0,0
20.656,0.2069,0,0,0,0
20.685,0.2069,0,0,0,0
20.722,0.2069,0,0,0,0
20.752,0.2069,0,0,0,0
20.788,0.2069,0,0,0,0
20.824,0.2069,0,0,0,0
20.853,0.2069,0,0,0,0
20.889,0.2069,0,0,0,0
20.919,0.2069,0,0,0,0
20.955,0.2069,0,0,0,0
20.985,0.2069,0,0,0,0
21.021,0.2069,0,0,0,0
21.056,0.2069,0,0,0,0
21.085,0.2069,0,0,0,0
21.121,0.2069,0,0,0,0
21.153,0.2069,0,0,0,0
21.190,0.2069,0,0,0,0
21.223,0.2069,0,0,0,0
21.252,0.2069,0,0,0,0
21.290,0.2069,0,0,0,0
21.321,0.2070,0,0,0,0
21.354,0.2070,0,0,0,0
21.454,0.2070,0,0,0,0
21.475,0.2070,0,0,0,0
21.495,0.2070,0,0,0,0
21.529,0.2070,0,0,0,0
21.564,0.2070,0,0,0,0
21.598,0.2070,0,0,0,0
21.631,0.2070,0,0,0,0
21.664,0.2070,0,0,0,0
21.692,0.2070,0,0,0,0
21.735,0.2070,0,0,0,0
21.764,0.2070,0,0,0,0
21.792,0.2070,0,0,0,0
21.829,0.2070,0,0,0,0
21.863,0.2070,0,0,0,0
21.896,0.2070,0,0,0,0
21.928,0.2070,0,0,0,0
21.965,0.2070,0,0,0,0
21.997,0.2070,0,0,0,0
22.027,0.2070,0,0,0,0
22.060,0.2070,0,0,0,0
22.099,0.2070,0,0,0,0
22.130,0.2070,0,0,0,0
22.161,0.2070,0,0,0,0
22.197,0.2070,0,0,0,0
22.231,0.2070,0,0,0,0
22.261,0.2070,0,0,0,0
22.293,0.2070,0,0,0,0
22.330,0.2070,0,0,0,0
22.363,0.2070,0,0,0,0
22.396,0.2070,0,0,0,0
22.427,0.2070,0,0,0,0
22.463,0.2070,0,0,0,0
22.500,0.2071,0,0,0,0
22.528,0.2071,0,0,0,0
22.561,0.2071,0,0,0,0
22.599,0.2071,0,0,0,0
22.630,0.2071,0,0,0,0
22.664,0.2071,0,0,0,0
22.696,0.2071,0,0,0,0
22.729,0.2071,0,0,0,0
22.760,0.2071,0,0,0,0
22.792,0.2071,0,0,0,0
22.831,0.2071,0,0,0,0
22.859,0.2071,0,0,0,0
22.896,0.2071,0,0,0,0
22.928,0.2071,0,0,0,0
22.961,0.2071,0,0,0,0
22.994,0.2071,0,0,0,0
23.026,0.2071,0,0,0,0
23.063,0.2071,0,0,0,0
23.094,0.2071,0,0,0,0
23.127,0.2071,0,0,0,0
23.160,0.2071,0,0,0,0
23.196,0.2071,0,0,0,0
23.227,0.2071,0,0,0,0
23.267,0.2071,0,0,0,0
23.293,0.2071,0,0,0,0
23.330,0.2071,0,0,0,0
23.362,0.2071,0,0,0,0
23.393,0.2071,0,0,0,0
23.431,0.2071,0,0,0,0
23.461,0.2071,0,0,0,0
23.497,0.2071,0,0,0,0
23.528,0.2071,0,0,0,0
23.562,0.2071,0,0,0,0
23.594,0.2071,0,0,0,0
23.644,0.2071,0,0,0,0
23.661,0.2071,0,0,0,0
23.696,0.2071,0,0,0,0
23.731,0.2071,0,0,0,0
23.760,0.2072,0,0,0,0
23.795,0.2072,0,0,0,0
23.828,0.2072,0,0,0,0
23.861,0.2072,0,0,0,0
23.893,0.2072,0,0,0,0
23.929,0.2072,0,0,0,0
23.961,0.2072,0,0,0,0
23.996,0.2072,0,0,0,0
24.027,0.2072,0,0,0,0
24.063,0.2072,0,0,0,0
24.094,0.2072,0,0,0,0
24.127,0.2072,0,0,0,0
24.162,0.2072,0,0,0,0
24.198,0.2072,0,0,0,0
24.229,0.2072,0,0,0,0
24.265,0.2072,0,0,0,0
24.293,0.2072,0,0,0,0
24.326,0.2072,0,0,0,0
24.361,0.2072,0,0,0,0
24.394,0.2072,0,0,0,0
24.432,0.2072,0,0,0,0
24.464,0.2072,0,0,0,0
24.495,0.2072,0,0,0,0
24.527,0.2072,0,0,0,0
24.565,0.2072,0,0,0,0
24.595,0.2072,0,0,0,0
24.630,0.2072,0,0,0,0
24.667,0.2072,0,0,0,0
24.697,0.2072,0,0,0,0
24.727,0.2072,0,0,0,0
24.759,0.2072,0,0,0,0
24.795,0.2072,0,0,0,0
24.829,0.2072,0,0,0,0
24.861,0.2072,0,0,0,0
24.897,0.2072,0,0,0,0
24.927,0.2072,0,0,0,0
24.960,0.2072,0,0,0,0
24.996,0.2072,0,0,0,0
25.027,0.2073,0,0,0,0
25.065,0.2073,0,0,0,0
25.095,0.2073,0,0,0,0
25.127,0.2073,0,0,0,0
25.162,0.2073,0,0,0,0
25.199,0.2073,0,0,0,0
25.229,0.2073,0,0,0,0
25.265,0.2073,0,0,0,0
25.296,0.2073,0,0,0,0
25.333,0.2073,0,0,0,0
25.362,0.2073,0,0,0,0
25.396,0.2073,0,0,0,0
25.430,0.2073,0,0,0,0
25.462,0.2073,0,0,0,0
25.493,0.2073,0,0,0,0
25.532,0.2073,0,0,0,0
25.564,0.2073,0,0,0,0
25.594,0.2073,0,0,0,0
25.630,0.2073,0,0,0,0
25.663,0.2073,0,0,0,0
25.698,0.2073,0,0,0,0
25.728,0.2073,0,0,0,0
25.766,0.2073,0,0,0,0
25.795,0.2073,0,0,0,0
25.827,0.2073,0,0,0,0
25.863,0.2073,0,0,0,0
25.895,0.2073,0,0,0,0
25.927,0.2073,0,0,0,0
25.964,0.2073,0,0,0,0
25.993,0.2073,0,0,0,0
26.032,0.2073,0,0,0,0
26.062,0.2073,0,0,0,0
26.094,0.2073,0,0,0,0
26.129,0.2073,0,0,0,0
26.163,0.2073,0,0,0,0
26.196,0.2073,0,0,0,0
26.228,0.2073,0,0,0,0
26.260,0.2074,0,0,0,0
26.297,0.2074,0,0,0,0
26.329,0.2074,0,0,0,0
26.361,0.2074,0,0,0,0
26.397,0.2074,0,0,0,0
26.427,0.2074,0,0,0,0
26.462,0.2074,0,0,0,0
26.493,0.2074,0,0,0,0
26.529,0.2074,0,0,0,0
26.566,0.2074,0,0,0,0
26.596,0.2074,0,0,0,0
26.627,0.2074,0,0,0,0
26.662,0.2074,0,0,0,0
26.695,0.2074,0,0,0,0
26.728,0.2074,0,0,0,0
26.765,0.2074,0,0,0,0
26.795,0.2074,0,0,0,0
26.833,0.2074,0,0,0,0
26.864,0.2074,0,0,0,0
26.895,0.2074,0,0,0,0
26.931,0.2074,0,0,0,0
26.967,0.2074,0,0,0,0
26.997,0.2074,0,0,0,0
27.030,0.2074,0,0,0,0
27.061,0.2074,0,0,0,0
27.095,0.2074,0,0,0,0
27.127,0.2074,0,0,0,0
27.163,0.2074,0,0,0,0
27.194,0.2074,0,0,0,0
27.231,0.2074,0,0,0,0
27.262,0.2074,0,0,0,0
27.297,0.2074,0,0,0,0
27.328,0.2074,0,0,0,0
27.359,0.2074,0,0,0,0
27.397,0.2074,0,0,0,0
27.428,0.2075,0,0,0,0
27.462,0.2075,0,0,0,0
27.494,0.2075,0,0,0,0
27.526,0.2075,0,0,0,0
27.563,0.2075,0,0,0,0
27.597,0.2075,0,0,0,0
27.627,0.2075,0,0,0,0
27.659,0.2075,0,0,0,0
27.696,0.2075,0,0,0,0
27.728,0.2075,0,0,0,0
27.762,0.2075,0,0,0,0
27.793,0.2075,0,0,0,0
27.829,0.2075,0,0,0,0
27.867,0.2075,0,0,0,0
27.894,0.2075,0,0,0,0
27.927,0.2075,0,0,0,0
27.961,0.2075,0,0,0,0
27.993,0.2075,0,0,0,0
28.026,0.2075,0,0,0,0
28.065,0.2075,0,0,0,0
28.096,0.2075,0,0,0,0
28.127,0.2075,0,0,0,0
28.164,0.2075,0,0,0,0
28.199,0.2075,0,0,0,0
28.230,0.2075,0,0,0,0
28.261,0.2075,0,0,0,0
28.297,0.2075,0,0,0,0
28.331,0.2075,0,0,0,0
28.362,0.2075,0,0,0,0
28.393,0.2075,0,0,0,0
28.430,0.2075,0,0,0,0
28.461,0.2075,0,0,0,0
28.495,0.2075,0,0,0,0
28.526,0.2075,0,0,0,0
28.563,0.2076,0,0,0,0
28.600,0.2076,0,0,0,0
28.627,0.2076,0,0,0,0
28.662,0.2076,0,0,0,0
28.694,0.2076,0,0,0,0
28.734,0.2076,0,0,0,0
28.764,0.2076,0,0,0,0
28.795,0.2076,0,0,0,0
28.827,0.2076,0,0,0,0
28.864,0.2076,0,0,0,0
28.898,0.2076,0,0,0,0
28.926,0.2076,0,0,0,0
28.963,0.2076,0,0,0,0
28.994,0.2076,0,0,0,0
29.033,0.2076,0,0,0,0
29.064,0.2076,0,0,0,0
29.094,0.2076,0,0,0,0
29.131,0.2076,0,0,0,0
29.162,0.2076,0,0,0,0
29.196,0.2076,0,0,0,0
29.227,0.2076,0,0,0,0
29.263,0.2076,0,0,0,0
29.294,0.2076,0,0,0,0
29.329,0.2076,0,0,0,0
29.360,0.2076,0,0,0,0
29.397,0.2076,0,0,0,0
29.428,0.2076,0,0,0,0
29.461,0.2076,0,0,0,0
29.495,0.2076,0,0,0,0
29.527,0.2076,0,0,0,0
29.562,0.2076,0,0,0,0
29.600,0.2076,0,0,0,0
29.627,0.2077,0,0,0,0
29.665,0.2077,0,0,0,0
29.696,0.2077,0,0,0,0
29.729,0.2077,0,0,0,0
29.763,0.2077,0,0,0,0
29.795,0.2077,0,0,0,0
29.827,0.2077,0,0,0,0
29.865,0.2077,0,0,0,0
29.896,0.2077,0,0,0,0
29.931,0.2077,0,0,0,0
29.962,0.2077,0,0,0,0
29.994,0.2077,0,0,0,0
30.027,0.2077,0,0,0,0
30.066,0.2077,0,0,0,0
30.097,0.2077,0,0,0,0
30.129,0.2077,0,0,0,0
30.161,0.2077,0,0,0,0
30.198,0.2077,0,0,0,0
30.232,0.2077,0,0,0,0
30.263,0.2077,0,0,0,0
30.294,0.2077,0,0,0,0
30.330,0.2077,0,0,0,0
30.365,0.2077,0,0,0,0
30.392,0.2077,0,0,0,0
30.429,0.2077,0,0,0,0
30.464,0.2077,0,0,0,0
30.496,0.2077,0,0,0,0
30.529,0.2077,0,0,0,0
30.561,0.2077,0,0,0,0
30.597,0.2077,0,0,0,0
30.628,0.2077,0,0,0,0
30.663,0.2078,0,0,0,0
30.695,0.2078,0,0,0,0
30.727,0.2078,0,0,0,0
30.763,0.2078,0,0,0,0
30.798,0.2078,0,0,0,0
30.829,0.2078,0,0,0,0
30.860,0.2078,0,0,0,0
30.897,0.2078,0,0,0,0
30.927,0.2078,0,0,0,0
30.961,0.2078,0,0,0,0
30.993,0.2078,0,0,0,0
31.029,0.2078,0,0,0,0
31.067,0.2078,0,0,0,0
31.093,0.2078,0,0,0,0
31.128,0.2078,0,0,0,0
31.164,0.2078,0,0,0,0
31.197,0.2078,0,0,0,0
31.227,0.2078,0,0,0,0
31.264,0.2078,0,0,0,0
31.294,0.2078,0,0,0,0
31.332,0.2078,0,0,0,0
31.363,0.2078,0,0,0,0
31.398,0.2078,0,0,0,0
31.428,0.2078,0,0,0,0
31.462,0.2078,0,0,0,0
31.498,0.2078,0,0,0,0
31.530,0.2078,0,0,0,0
31.560,0.2078,0,0,0,0
31.594,0.2078,0,0,0,0
31.630,0.2078,0,0,0,0
31.660,0.2078,0,0,0,0
31.697,0.2079,0,0,0,0
31.729,0.2079,0,0,0,0
31.764,0.2079,0,0,0,0
31.794,0.2079,0,0,0,0
31.832,0.2079,0,0,0,0
31.862,0.2079,0,0,0,0
31.897,0.2079,0,0,0,0
31.927,0.2079,0,0,0,0
31.960,0.2079,0,0,0,0
31.997,0.2079,0,0,0,0
32.027,0.2079,0,0,0,0
32.065,0.2079,0,0,0,0
32.094,0.2079,0,0,0,0
32.130,0.2079,0,0,0,0
32.167,0.2079,0,0,0,0
32.197,0.2079,0,0,0,0
32.228,0.2079,0,0,0,0
32.265,0.2079,0,0,0,0
32.295,0.2079,0,0,0,0
32.328,0.2079,0,0,0,0
32.360,0.2079,0,0,0,0
32.396,0.2079,0,0,0,0
32.437,0.2079,0,0,0,0
32.461,0.2079,0,0,0,0
32.496,0.2079,0,0,0,0
32.527,0.2079,0,0,0,0
32.565,0.2079,0,0,0,0
32.595,0.2079,0,0,0,0
32.627,0.2079,0,0,0,0
32.659,0.2079,0,0,0,0
32.695,0.2080,0,0,0,0
32.729,0.2080,0,0,0,0
32.760,0.2080,0,0,0,0
32.796,0.2080,0,0,0,0
32.832,0.2080,0,0,0,0
32.863,0.2080,0,0,0,0
32.894,0.2080,0,0,0,0
32.930,0.2080,0,0,0,0
32.963,0.2080,0,0,0,0
32.992,0.2080,0,0,0,0
33.027,0.2080,0,0,0,0
33.062,0.2080,0,0,0,0
33.094,0.2080,0,0,0,0
33.126,0.2080,0,0,0,0
33.161,0.2080,0,0,0,0
33.198,0.2080,0,0,0,0
33.229,0.2080,0,0,0,0
33.264,0.2080,0,0,0,0
33.300,0.2080,0,0,0,0
33.333,0.2080,0,0,0,0
33.363,0.2080,0,0,0,0
33.398,0.2080,0,0,0,0
33.431,0.2080,0,0,0,0
33.461,0.2080,0,0,0,0
33.498,0.2080,0,0,0,0
33.527,0.2080,0,0,0,0
33.566,0.2080,0,0,0,0
33.597,0.2080,0,0,0,0
33.627,0.2080,0,0,0,0
33.662,0.2080,0,0,0,0
33.694,0.2080,0,0,0,0
33.730,0.2080,0,0,0,0
33.764,0.2081,0,0,0,0
33.797,0.2081,0,0,0,0
33.827,0.2081,0,0,0,0
33.863,0.2081,0,0,0,0
33.894,0.2081,0,0,0,0
33.927,0.2081,0,0,0,0
33.963,0.2081,0,0,0,0
33.998,0.2081,0,0,0,0
34.027,0.2081,0,0,0,0
34.060,0.2081,0,0,0,0
34.096,0.2081,0,0,0,0
34.131,0.2081,0,0,0,0
34.162,0.2081,0,0,0,0
34.197,0.2081,0,0,0,0
34.227,0.2081,0,0,0,0
34.260,0.2081,0,0,0,0
34.293,0.2081,0,0,0,0
34.329,0.2081,0,0,0,0
34.364,0.2081,0,0,0,0
34.397,0.2081,0,0,0,0
34.427,0.2081,0,0,0,0
34.462,0.2081,0,0,0,0
34.499,0.2081,0,0,0,0
34.528,0.2081,0,0,0,0
34.564,0.2081,0,0,0,0
34.594,0.2081,0,0,0,0
34.631,0.2081,0,0,0,0
34.661,0.2081,0,0,0,0
34.697,0.2081,0,0,0,0
34.733,0.2081,0,0,0,0
34.764,0.2081,0,0,0,0
34.793,0.2081,0,0,0,0
34.829,0.2081,0,0,0,0
34.862,0.2081,0,0,0,0
34.897,0.2082,0,0,0,0
34.931,0.2082,0,0,0,0
34.964,0.2082,0,0,0,0
34.993,0.2082,0,0,0,0
35.028,0.2082,0,0,0,0
35.065,0.2082,0,0,0,0
35.095,0.2082,0,0,0,0
35.127,0.2082,0,0,0,0
35.161,0.2082,0,0,0,0
35.199,0.2082,0,0,0,0
35.229,0.2082,0,0,0,0
35.264,0.2082,0,0,0,0
35.296,0.2082,0,0,0,0
35.331,0.2082,0,0,0,0
35.364,0.2082,0,0,0,0
35.395,0.2082,0,0,0,0
35.428,0.2082,0,0,0,0
35.459,0.2082,0,0,0,0
35.497,0.2082,0,0,0,0
35.527,0.2082,0,0,0,0
35.564,0.2082,0,0,0,0
35.593,0.2082,0,0,0,0
35.630,0.2082,0,0,0,0
35.665,0.2082,0,0,0,0
35.694,0.2082,0,0,0,0
35.726,0.2082,0,0,0,0
35.760,0.2082,0,0,0,0
35.796,0.2082,0,0,0,0
35.830,0.2082,0,0,0,0
35.865,0.2082,0,0,0,0
35.894,0.2082,0,0,0,0
35.932,0.2082,0,0,0,0
35.961,0.2082,0,0,0,0
35.996,0.2082,0,0,0,0
36.026,0.2082,0,0,0,0
36.064,0.2082,0,0,0,0
36.093,0.2082,0,0,0,0
36.127,0.2082,0,0,0,0
36.163,0.2082,0,0,0,0
36.197,0.2082,0,0,0,0
36.227,0.2082,0,0,0,0
36.263,0.2082,0,0,0,0
36.293,0.2083,0,0,0,0
36.327,0.2083,0,0,0,0
36.361,0.2083,0,0,0,0
36.396,0.2083,0,0,0,0
36.428,0.2083,0,0,0,0
36.464,0.2083,0,0,0,0
36.498,0.2083,0,0,0,0
36.528,0.2083,0,0,0,0
36.559,0.2083,0,0,0,0
36.596,0.2083,0,0,0,0
36.631,0.2083,0,0,0,0
36.663,0.2083,0,0,0,0
36.698,0.2083,0,0,0,0
36.727,0.2083,0,0,0,0
36.765,0.2083,0,0,0,0
36.795,0.2083,0,0,0,0
36.826,0.2083,0,0,0,0
36.861,0.2083,0,0,0,0
36.894,0.2083,0,0,0,0
36.928,0.2083,0,0,0,0
36.963,0.2083,0,0,0,0
36.996,0.2083,0,0,0,0
37.031,0.2083,0,0,0,0
37.061,0.2083,0,0,0,0
37.098,0.2083,0,0,0,0
37.129,0.2083,0,0,0,0
37.165,0.2083,0,0,0,0
37.195,0.2083,0,0,0,0
37.233,0.2083,0,0,0,0
37.259,0.2083,0,0,0,0
37.296,0.2083,0,0,0,0
37.331,0.2083,0,0,0,0
37.364,0.2083,0,0,0,0
37.398,0.2083,0,0,0,0
37.427,0.2083,0,0,0,0
37.464,0.2083,0,0,0,0
37.493,0.2083,0,0,0,0
37.529,0.2083,0,0,0,0
37.567,0.2083,0,0,0,0
37.596,0.2083,0,0,0,0
37.627,0.2083,0,0,0,0
37.663,0.2083,0,0,0,0
37.704,0.2083,0,0,0,0
37.727,0.2083,0,0,0,0
37.762,0.2083,0,0,0,0
37.797,0.2083,0,0,0,0
37.830,0.2083,0,0,0,0
37.861,0.2083,0,0,0,0
37.897,0.2083,0,0,0,0
37.928,0.2083,0,0,0,0
37.961,0.2083,0,0,0,0
37.997,0.2083,0,0,0,0
38.030,0.2083,0,0,0,0
38.067,0.2083,0,0,0,0
38.097,0.2083,0,0,0,0
38.128,0.2083,0,0,0,0
38.164,0.2083,0,0,0,0
38.196,0.2083,0,0,0,0
38.228,0.2083,0,0,0,0
38.260,0.2083,0,0,0,0
38.297,0.2083,0,0,0,0
38.327,0.2083,0,0,0,0
38.361,0.2083,0,0,0,0
38.398,0.2083,0,0,0,0
38.428,0.2083,0,0,0,0
38.466,0.2083,0,0,0,0
38.495,0.2083,0,0,0,0
38.527,0.2083,0,0,0,0
38.559,0.2083,0,0,0,0
38.595,0.2083,0,0,0,0
38.628,0.2083,0,0,0,0
38.663,0.2083,0,0,0,0
38.717,0.2083,0,0,0,0
38.729,0.2083,0,0,0,0
38.761,0.2083,0,0,0,0
38.795,0.2083,0,0,0,0
38.827,0.2083,0,0,0,0
38.865,0.2083,0,0,0,0
38.896,0.2083,0,0,0,0
38.931,0.2083,0,0,0,0
38.961,0.2083,0,0,0,0
38.994,0.2083,0,0,0,0
39.027,0.2083,0,0,0,0
39.060,0.2083,0,0,0,0
39.096,0.2083,0,0,0,0
39.133,0.2083,0,0,0,0
39.162,0.2083,0,0,0,0
39.198,0.2083,0,0,0,0
39.227,0.2083,0,0,0,0
39.263,0.2083,0,0,0,0
39.297,0.2083,0,0,0,0
39.326,0.2083,0,0,0,0
39.364,0.2083,0,0,0,0
39.396,0.2083,0,0,0,0
39.430,0.2083,0,0,0,0
39.463,0.2083,0,0,0,0
39.492,0.2083,0,0,0,0
39.529,0.2083,0,0,0,0
39.560,0.2083,0,0,0,0
39.596,0.2083,0,0,0,0
39.627,0.2083,0,0,0,0
39.664,0.2083,0,0,0,0
39.698,0.2083,0,0,0,0
39.727,0.2083,0,0,0,0
39.760,0.2083,0,0,0,0
39.797,0.2083,0,0,0,0
39.829,0.2083,0,0,0,0
39.863,0.2083,0,0,0,0
39.899,0.2083,0,0,0,0
39.929,0.2083,0,0,0,0
39.963,0.2083,0,0,0,0
39.993,0.2083,0,0,0,0
40.030,0.2083,0,0,0,0
40.064,0.2083,0,0,0,0
40.099,0.2083,0,0,0,0
40.127,0.2083,0,0,0,0
40.162,0.2083,0,0,0,0
40.198,0.2083,0,0,0,0
40.227,0.2083,0,0,0,0
40.264,0.2083,0,0,0,0
40.294,0.2083,0,0,0,0
40.331,0.2083,0,0,0,0
40.361,0.2083,0,0,0,0
40.397,0.2083,0,0,0,0
40.432,0.2083,0,0,0,0
40.461,0.2083,0,0,0,0
40.498,0.2083,0,0,0,0
40.527,0.2083,0,0,0,0
40.564,0.2083,0,0,0,0
40.598,0.2083,0,0,0,0
40.627,0.2083,0,0,0,0
40.659,0.2083,0,0,0,0
40.698,0.2083,0,0,0,0
40.726,0.2083,0,0,0,0
40.763,0.2083,0,0,0,0
40.797,0.2083,0,0,0,0
40.827,0.2083,0,0,0,0
40.861,0.2083,0,0,0,0
40.896,0.2083,0,0,0,0
40.933,0.2083,0,0,0,0
40.961,0.2083,0,0,0,0
40.997,0.2083,0,0,0,0
41.027,0.2083,0,0,0,0
41.063,0.2083,0,0,0,0
41.093,0.2083,0,0,0,0
41.128,0.2083,0,0,0,0
41.163,0.2083,0,0,0,0
41.198,0.2083,0,0,0,0
41.227,0.2083,0,0,0,0
41.263,0.2083,0,0,0,0
41.293,0.2083,0,0,0,0
41.327,0.2083,0,0,0,0
41.366,0.2083,0,0,0,0
41.395,0.2083,0,0,0,0
41.428,0.2083,0,0,0,0
41.464,0.2083,0,0,0,0
41.498,0.2083,0,0,0,0
41.527,0.2083,0,0,0,0
41.565,0.2083,0,0,0,0
41.592,0.2083,0,0,0,0
41.627,0.2083,0,0,0,0
41.664,0.2083,0,0,0,0
41.694,0.2083,0,0,0,0
41.729,0.2082,0,0,0,0
41.762,0.2082,0,0,0,0
41.794,0.2082,0,0,0,0
41.826,0.2082,0,0,0,0
41.861,0.2082,0,0,0,0
41.895,0.2082,0,0,0,0
41.928,0.2082,0,0,0,0
41.962,0.2082,0,0,0,0
41.996,0.2082,0,0,0,0
42.029,0.2082,0,0,0,0
42.062,0.2082,0,0,0,0
42.093,0.2082,0,0,0,0
42.130,0.2082,0,0,0,0
42.164,0.2082,0,0,0,0
42.194,0.2082,0,0,0,0
42.230,0.2082,0,0,0,0
42.260,0.2082,0,0,0,0
42.294,0.2082,0,0,0,0
42.330,0.2082,0,0,0,0
42.365,0.2082,0,0,0,0
42.393,0.2082,0,0,0,0
42.428,0.2082,0,0,0,0
42.463,0.2082,0,0,0,0
42.493,0.2082,0,0,0,0
42.528,0.2082,0,0,0,0
42.562,0.2082,0,0,0,0
42.598,0.2082,0,0,0,0
42.627,0.2082,0,0,0,0
42.660,0.2082,0,0,0,0
42.696,0.2082,0,0,0,0
42.727,0.2082,0,0,0,0
42.761,0.2082,0,0,0,0
42.793,0.2082,0,0,0,0
42.829,0.2082,0,0,0,0
42.869,0.2082,0,0,0,0
42.896,0.2082,0,0,0,0
42.927,0.2082,0,0,0,0
42.965,0.2081,0,0,0,0
42.994,0.2081,0,0,0,0
43.027,0.2081,0,0,0,0
43.061,0.2081,0,0,0,0
43.095,0.2081,0,0,0,0
43.129,0.2081,0,0,0,0
43.163,0.2081,0,0,0,0
43.196,0.2081,0,0,0,0
43.230,0.2081,0,0,0,0
43.265,0.2081,0,0,0,0
43.295,0.2081,0,0,0,0
43.329,0.2081,0,0,0,0
43.363,0.2081,0,0,0,0
43.394,0.2081,0,0,0,0
43.428,0.2081,0,0,0,0
43.462,0.2081,0,0,0,0
43.496,0.2081,0,0,0,0
43.531,0.2081,0,0,0,0
43.562,0.2081,0,0,0,0
43.596,0.2081,0,0,0,0
43.631,0.2081,0,0,0,0
43.661,0.2081,0,0,0,0
43.695,0.2081,0,0,0,0
43.730,0.2081,0,0,0,0
43.764,0.2081,0,0,0,0
43.794,0.2081,0,0,0,0
43.829,0.2081,0,0,0,0
43.863,0.2081,0,0,0,0
43.898,0.2080,0,0,0,0
43.929,0.2080,0,0,0,0
43.963,0.2080,0,0,0,0
43.998,0.2080,0,0,0,0
44.027,0.2080,0,0,0,0
44.062,0.2080,0,0,0,0
44.097,0.2080,0,0,0,0
44.131,0.2080,0,0,0,0
44.162,0.2080,0,0,0,0
44.197,0.2080,0,0,0,0
44.228,0.2080,0,0,0,0
44.263,0.2080,0,0,0,0
44.294,0.2080,0,0,0,0
44.329,0.2080,0,0,0,0
44.364,0.2080,0,0,0,0
44.395,0.2080,0,0,0,0
44.430,0.2080,0,0,0,0
44.461,0.2080,0,0,0,0
44.496,0.2080,0,0,0,0
44.531,0.2080,0,0,0,0
44.560,0.2080,0,0,0,0
44.596,0.2080,0,0,0,0
44.627,0.2080,0,0,0,0
44.663,0.2080,0,0,0,0
44.695,0.2080,0,0,0,0
44.731,0.2080,0,0,0,0
44.761,0.2079,0,0,0,0
44.796,0.2079,0,0,0,0
44.827,0.2079,0,0,0,0
44.863,0.2079,0,0,0,0
44.894,0.2079,0,0,0,0
44.929,0.2079,0,0,0,0
44.964,0.2079,0,0,0,0
44.995,0.2079,0,0,0,0
45.030,0.2079,0,0,0,0
45.060,0.2079,0,0,0,0
45.096,0.2079,0,0,0,0
45.127,0.2079,0,0,0,0
45.161,0.2079,0,0,0,0
45.196,0.2079,0,0,0,0
45.227,0.2079,0,0,0,0
45.261,0.2079,0,0,0,0
45.294,0.2079,0,0,0,0
45.333,0.2079,0,0,0,0
45.363,0.2079,0,0,0,0
45.395,0.2079,0,0,0,0
45.427,0.2079,0,0,0,0
45.462,0.2079,0,0,0,0
45.497,0.2079,0,0,0,0
45.529,0.2079,0,0,0,0
45.564,0.2078,0,0,0,0
45.594,0.2078,0,0,0,0
45.630,0.2078,0,0,0,0
45.664,0.2078,0,0,0,0
45.694,0.2078,0,0,0,0
45.729,0.2078,0,0,0,0
45.763,0.2078,0,0,0,0
45.794,0.2078,0,0,0,0
45.829,0.2078,0,0,0,0
45.860,0.2078,0,0,0,0
45.896,0.2078,0,0,0,0
45.931,0.2078,0,0,0,0
45.961,0.2078,0,0,0,0
45.997,0.2078,0,0,0,0
46.028,0.2078,0,0,0,0
46.063,0.2078,0,0,0,0
46.097,0.2078,0,0,0,0
46.127,0.2078,0,0,0,0
46.163,0.2078,0,0,0,0
46.197,0.2078,0,0,0,0
46.231,0.2078,0,0,0,0
46.261,0.2078,0,0,0,0
46.297,0.2077,0,0,0,0
46.330,0.2077,0,0,0,0
46.362,0.2077,0,0,0,0
46.398,0.2077,0,0,0,0
46.428,0.2077,0,0,0,0
46.462,0.2077,0,0,0,0
46.497,0.2077,0,0,0,0
46.529,0.2077,0,0,0,0
46.563,0.2077,0,0,0,0
46.596,0.2077,0,0,0,0
46.630,0.2077,0,0,0,0
46.661,0.2077,0,0,0,0
46.697,0.2077,0,0,0,0
46.729,0.2077,0,0,0,0
46.762,0.2077,0,0,0,0
46.797,0.2077,0,0,0,0
46.828,0.2077,0,0,0,0
46.863,0.2077,0,0,0,0
46.897,0.2077,0,0,0,0
46.929,0.2077,0,0,0,0
46.964,0.2077,0,0,0,0
46.996,0.2077,0,0,0,0
47.029,0.2076,0,0,0,0
47.062,0.2076,0,0,0,0
47.097,0.2076,0,0,0,0
47.128,0.2076,0,0,0,0
47.161,0.2076,0,0,0,0
47.198,0.2076,0,0,0,0
47.232,0.2076,0,0,0,0
47.263,0.2076,0,0,0,0
47.296,0.2076,0,0,0,0
47.330,0.2076,0,0,0,0
47.362,0.2076,0,0,0,0
47.395,0.2076,0,0,0,0
47.429,0.2076,0,0,0,0
47.465,0.2076,0,0,0,0
47.497,0.2076,0,0,0,0
47.524,0.2076,0,0,0,0
47.562,0.2076,0,0,0,0
47.594,0.2076,0,0,0,0
47.630,0.2076,0,0,0,0
47.661,0.2076,0,0,0,0
47.697,0.2076,0,0,0,0
47.730,0.2076,0,0,0,0
47.762,0.2075,0,0,0,0
47.799,0.2075,0,0,0,0
47.831,0.2075,0,0,0,0
47.862,0.2075,0,0,0,0
47.896,0.2075,0,0,0,0
47.929,0.2075,0,0,0,0
47.964,0.2075,0,0,0,0
47.998,0.2075,0,0,0,0
48.031,0.2075,0,0,0,0
48.062,0.2075,0,0,0,0
48.098,0.2075,0,0,0,0
48.129,0.2075,0,0,0,0
48.163,0.2075,0,0,0,0
48.197,0.2075,0,0,0,0
48.229,0.2075,0,0,0,0
48.264,0.2075,0,0,0,0
48.296,0.2075,0,0,0,0
48.328,0.2075,0,0,0,0
48.362,0.2075,0,0,0,0
48.398,0.2075,0,0,0,0
48.432,0.2075,0,0,0,0
48.461,0.2074,0,0,0,0
48.497,0.2074,0,0,0,0
48.528,0.2074,0,0,0,0
48.562,0.2074,0,0,0,0
48.596,0.2074,0,0,0,0
48.630,0.2074,0,0,0,0
48.665,0.2074,0,0,0,0
48.695,0.2074,0,0,0,0
48.727,0.2074,0,0,0,0
48.765,0.2074,0,0,0,0
48.798,0.2074,0,0,0,0
48.829,0.2074,0,0,0,0
48.863,0.2074,0,0,0,0
48.896,0.2074,0,0,0,0
48.931,0.2074,0,0,0,0
48.961,0.2074,0,0,0,0
48.994,0.2074,0,0,0,0
49.028,0.2074,0,0,0,0
49.061,0.2074,0,0,0,0
49.095,0.2074,0,0,0,0
49.127,0.2074,0,0,0,0
49.165,0.2074,0,0,0,0
49.194,0.2073,0,0,0,0
49.229,0.2073,0,0,0,0
49.260,0.2073,0,0,0,0
49.296,0.2073,0,0,0,0
49.331,0.2073,0,0,0,0
49.365,0.2073,0,0,0,0
49.397,0.2073,0,0,0,0
49.431,0.2073,0,0,0,0
49.461,0.2073,0,0,0,0
49.502,0.2073,0,0,0,0
49.530,0.2073,0,0,0,0
49.564,0.2073,0,0,0,0
49.595,0.2073,0,0,0,0
49.627,0.2073,0,0,0,0
49.663,0.2073,0,0,0,0
49.696,0.2073,0,0,0,0
49.729,0.2073,0,0,0,0
49.761,0.2073,0,0,0,0
49.798,0.2073,0,0,0,0
49.831,0.2073,0,0,0,0
49.863,0.2073,0,0,0,0
49.898,0.2073,0,0,0,0
49.931,0.2072,0,0,0,0
49.964,0.2072,0,0,0,0
49.997,0.2072,0,0,0,0
50.031,0.2072,0,0,0,0
50.064,0.2072,0,0,0,0
50.095,0.2072,0,0,0,0
50.128,0.2072,0,0,0,0
50.163,0.2072,0,0,0,0
50.197,0.2072,0,0,0,0
50.230,0.2072,0,0,0,0
50.261,0.2072,0,0,0,0
50.294,0.2072,0,0,0,0
50.328,0.2072,0,0,0,0
50.362,0.2072,0,0,0,0
50.396,0.2072,0,0,0,0
50.435,0.2072,0,0,0,0
50.464,0.2072,0,0,0,0
50.496,0.2072,0,0,0,0
50.529,0.2072,0,0,0,0
50.565,0.2072,0,0,0,0
50.595,0.2072,0,0,0,0
50.632,0.2072,0,0,0,0
50.663,0.2072,0,0,0,0
50.699,0.2072,0,0,0,0
50.727,0.2071,0,0,0,0
50.763,0.2071,0,0,0,0
50.797,0.2071,0,0,0,0
50.831,0.2071,0,0,0,0
50.864,0.2071,0,0,0,0
50.896,0.2071,0,0,0,0
50.929,0.2071,0,0,0,0
50.965,0.2071,0,0,0,0
50.998,0.2071,0,0,0,0
51.031,0.2071,0,0,0,0
51.063,0.2071,0,0,0,0
51.095,0.2071,0,0,0,0
51.131,0.2071,0,0,0,0
51.164,0.2071,0,0,0,0
51.196,0.2071,0,0,0,0
51.230,0.2071,0,0,0,0
51.264,0.2071,0,0,0,0
51.295,0.2071,0,0,0,0
51.331,0.2071,0,0,0,0
51.364,0.2071,0,0,0,0
51.397,0.2071,0,0,0,0
51.430,0.2071,0,0,0,0
51.460,0.2071,0,0,0,0
51.498,0.2071,0,0,0,0
51.529,0.2070,0,0,0,0
51.561,0.2070,0,0,0,0
51.597,0.2070,0,0,0,0
51.629,0.2070,0,0,0,0
51.665,0.2070,0,0,0,0
51.696,0.2070,0,0,0,0
51.733,0.2070,0,0,0,0
51.761,0.2070,0,0,0,0
51.796,0.2070,0,0,0,0
51.831,0.2070,0,0,0,0
51.864,0.2070,0,0,0,0
51.897,0.2070,0,0,0,0
51.930,0.2070,0,0,0,0
51.964,0.2070,0,0,0,0
51.995,0.2070,0,0,0,0
52.031,0.2070,0,0,0,0
52.064,0.2070,0,0,0,0
52.095,0.2070,0,0,0,0
52.131,0.2070,0,0,0,0
52.165,0.2070,0,0,0,0
52.197,0.2070,0,0,0,0
52.230,0.2070,0,0,0,0
52.263,0.2070,0,0,0,0
52.295,0.2070,0,0,0,0
52.328,0.2070,0,0,0,0
52.361,0.2070,0,0,0,0
52.394,0.2069,0,0,0,0
52.431,0.2069,0,0,0,0
52.464,0.2069,0,0,0,0
52.502,0.2069,0,0,0,0
52.529,0.2069,0,0,0,0
52.564,0.2069,0,0,0,0
52.597,0.2069,0,0,0,0
52.629,0.2069,0,0,0,0
52.661,0.2069,0,0,0,0
52.698,0.2069,0,0,0,0
52.731,0.2069,0,0,0,0
52.763,0.2069,0,0,0,0
52.795,0.2069,0,0,0,0
52.828,0.2069,0,0,0,0
52.865,0.2069,0,0,0,0
52.896,0.2069,0,0,0,0
52.928,0.2069,0,0,0,0
52.962,0.2069,0,0,0,0
52.996,0.2069,0,0,0,0
53.030,0.2069,0,0,0,0
53.066,0.2069,0,0,0,0
53.096,0.2069,0,0,0,0
53.130,0.2069,0,0,0,0
53.161,0.2069,0,0,0,0
53.194,0.2069,0,0,0,0
53.230,0.2069,0,0,0,0
53.261,0.2069,0,0,0,0
53.298,0.2068,0,0,0,0
53.331,0.2068,0,0,0,0
53.364,0.2068,0,0,0,0
53.396,0.2068,0,0,0,0
53.430,0.2068,0,0,0,0
53.462,0.2068,0,0,0,0
53.496,0.2068,0,0,0,0
53.528,0.2068,0,0,0,0
53.562,0.2068,0,0,0,0
53.596,0.2068,0,0,0,0
53.630,0.2068,0,0,0,0
53.666,0.2068,0,0,0,0
53.697,0.2068,0,0,0,0
53.729,0.2068,0,0,0,0
53.765,0.2068,0,0,0,0
53.799,0.2068,0,0,0,0
53.830,0.2068,0,0,0,0
53.862,0.2068,0,0,0,0
53.896,0.2068,0,0,0,0
53.931,0.2068,0,0,0,0
53.961,0.2068,0,0,0,0
53.997,0.2068,0,0,0,0
54.030,0.2068,0,0,0,0
54.062,0.2068,0,0,0,0
54.098,0.2068,0,0,0,0
54.129,0.2068,0,0,0,0
54.163,0.2068,0,0,0,0
54.195,0.2068,0,0,0,0
54.230,0.2068,0,0,0,0
54.262,0.2068,0,0,0,0
54.297,0.2067,0,0,0,0
54.329,0.2067,0,0,0,0
54.361,0.2067,0,0,0,0
54.395,0.2067,0,0,0,0
54.430,0.2067,0,0,0,0
54.461,0.2067,0,0,0,0
54.495,0.2067,0,0,0,0
54.531,0.2067,0,0,0,0
54.560,0.2067,0,0,0,0
54.596,0.2067,0,0,0,0
54.631,0.2067,0,0,0,0
54.663,0.2067,0,0,0,0
54.694,0.2067,0,0,0,0
54.732,0.2067,0,0,0,0
54.764,0.2067,0,0,0,0
54.795,0.2067,0,0,0,0
54.831,0.2067,0,0,0,0
54.862,0.2067,0,0,0,0
54.897,0.2067,0,0,0,0
54.929,0.2067,0,0,0,0
54.965,0.2067,0,0,0,0
54.998,0.2067,0,0,0,0
55.029,0.2067,0,0,0,0
55.063,0.2067,0,0,0,0
55.094,0.2067,0,0,0,0
55.131,0.2067,0,0,0,0
55.164,0.2067,0,0,0,0
55.196,0.2067,0,0,0,0
55.230,0.2067,0,0,0,0
55.262,0.2067,0,0,0,0
55.298,0.2067,0,0,0,0
55.324,0.2067,0,0,0,0
55.365,0.2066,0,0,0,0
55.395,0.2066,0,0,0,0
55.430,0.2066,0,0,0,0
55.463,0.2066,0,0,0,0
55.497,0.2066,0,0,0,0
55.529,0.2066,0,0,0,0
55.561,0.2066,0,0,0,0
55.596,0.2066,0,0,0,0
55.631,0.2066,0,0,0,0
55.661,0.2066,0,0,0,0
55.696,0.2066,0,0,0,0
55.730,0.2066,0,0,0,0
55.763,0.2066,0,0,0,0
55.796,0.2066,0,0,0,0
55.830,0.2066,0,0,0,0
55.864,0.2066,0,0,0,0
55.898,0.2066,0,0,0,0
55.931,0.2066,0,0,0,0
55.972,0.2066,0,0,0,0
55.995,0.2066,0,0,0,0
56.030,0.2066,0,0,0,0
56.061,0.2066,0,0,0,0
56.097,0.2066,0,0,0,0
56.130,0.2066,0,0,0,0
56.161,0.2066,0,0,0,0
56.195,0.2066,0,0,0,0
56.230,0.2066,0,0,0,0
56.262,0.2066,0,0,0,0
56.296,0.2066,0,0,0,0
56.329,0.2066,0,0,0,0
56.362,0.2066,0,0,0,0
56.396,0.2066,0,0,0,0
56.430,0.2066,0,0,0,0
56.463,0.2066,0,0,0,0
56.497,0.2066,0,0,0,0
56.530,0.2066,0,0,0,0
56.561,0.2065,0,0,0,0
56.597,0.2065,0,0,0,0
56.631,0.2065,0,0,0,0
56.664,0.2065,0,0,0,0
56.696,0.2065,0,0,0,0
56.731,0.2065,0,0,0,0
56.764,0.2065,0,0,0,0
56.795,0.2065,0,0,0,0
56.828,0.2065,0,0,0,0
56.864,0.2065,0,0,0,0
56.898,0.2065,0,0,0,0
56.931,0.2065,0,0,0,0
56.962,0.2065,0,0,0,0
56.996,0.2065,0,0,0,0
57.030,0.2065,0,0,0,0
57.062,0.2065,0,0,0,0
57.096,0.2065,0,0,0,0
57.129,0.2065,0,0,0,0
57.162,0.2065,0,0,0,0
57.200,0.2065,0,0,0,0
57.229,0.2065,0,0,0,0
57.263,0.2065,0,0,0,0
57.298,0.2065,0,0,0,0
57.332,0.2065,0,0,0,0
57.363,0.2065,0,0,0,0
57.398,0.2065,0,0,0,0
57.430,0.2065,0,0,0,0
57.461,0.2065,0,0,0,0
57.496,0.2065,0,0,0,0
57.530,0.2065,0,0,0,0
57.562,0.2065,0,0,0,0
57.596,0.2065,0,0,0,0
57.628,0.2065,0,0,0,0
57.664,0.2065,0,0,0,0
57.696,0.2065,0,0,0,0
57.728,0.2065,0,0,0,0
57.762,0.2065,0,0,0,0
57.797,0.2065,0,0,0,0
57.829,0.2065,0,0,0,0
57.861,0.2065,0,0,0,0
57.897,0.2065,0,0,0,0
57.931,0.2064,0,0,0,0
57.961,0.2064,0,0,0,0
57.996,0.2064,0,0,0,0
58.030,0.2064,0,0,0,0
58.061,0.2064,0,0,0,0
58.097,0.2064,0,0,0,0
58.128,0.2064,0,0,0,0
58.162,0.2064,0,0,0,0
58.197,0.2064,0,0,0,0
58.228,0.2064,0,0,0,0
58.264,0.2064,0,0,0,0
58.295,0.2064,0,0,0,0
58.327,0.2064,0,0,0,0
58.364,0.2064,0,0,0,0
58.394,0.2064,0,0,0,0
58.430,0.2064,0,0,0,0
58.465,0.2064,0,0,0,0
58.498,0.2064,0,0,0,0
58.531,0.2064,0,0,0,0
58.563,0.2064,0,0,0,0
58.594,0.2064,0,0,0,0
58.629,0.2064,0,0,0,0
58.662,0.2064,0,0,0,0
58.697,0.2064,0,0,0,0
58.731,0.2064,0,0,0,0
58.764,0.2064,0,0,0,0
58.796,0.2064,0,0,0,0
58.828,0.2064,0,0,0,0
58.863,0.2064,0,0,0,0
58.896,0.2064,0,0,0,0
58.931,0.2064,0,0,0,0
58.963,0.2064,0,0,0,0
58.998,0.2064,0,0,0,0
59.027,0.2064,0,0,0,0
59.064,0.2064,0,0,0,0
59.095,0.2064,0,0,0,0
59.128,0.2064,0,0,0,0
59.163,0.2064,0,0,0,0
59.195,0.2064,0,0,0,0
59.232,0.2064,0,0,0,0
59.264,0.2064,0,0,0,0
59.295,0.2064,0,0,0,0
59.331,0.2064,0,0,0,0
59.361,0.2064,0,0,0,0
59.399,0.2064,0,0,0,0
59.428,0.2064,0,0,0,0
59.464,0.2064,0,0,0,0
59.499,0.2064,0,0,0,0
59.531,0.2063,0,0,0,0
59.562,0.2063,0,0,0,0
59.596,0.2063,0,0,0,0
59.631,0.2063,0,0,0,0
59.664,0.2063,0,0,0,0
59.695,0.2063,0,0,0,0
59.731,0.2063,0,0,0,0
59.761,0.2063,0,0,0,0
59.795,0.2063,0,0,0,0
59.830,0.2063,0,0,0,0
59.863,0.2063,0,0,0,0
59.895,0.2063,0,0,0,0
59.929,0.2063,0,0,0,0
59.964,0.2063,0,0,0,0
59.996,0.2063,0,0,0,0
60.029,0.2063,0,0,0,0
60.062,0.2063,0,0,0,0
60.096,0.2063,0,0,0,0
60.131,0.2063,0,0,0,0
60.165,0.2063,0,0,0,0
60.197,0.2063,0,0,0,0
60.230,0.2063,0,0,0,0
60.265,0.2063,0,0,0,0
60.298,0.2063,0,0,0,0
60.328,0.2063,0,0,0,0
60.363,0.2063,0,0,0,0
60.397,0.2063,0,0,0,0
60.430,0.2063,0,0,0,0
60.465,0.2063,0,0,0,0
60.497,0.2063,0,0,0,0
60.529,0.2063,0,0,0,0
60.565,0.2063,0,0,0,0
60.597,0.2063,0,0,0,0
60.632,0.2063,0,0,0,0
60.665,0.2063,0,0,0,0
60.694,0.2063,0,0,0,0
60.729,0.2063,0,0,0,0
60.764,0.2063,0,0,0,0
60.796,0.2063,0,0,0,0
60.828,0.2063,0,0,0,0
60.864,0.2063,0,0,0,0
60.897,0.2063,0,0,0,0
60.929,0.2063,0,0,0,0
60.961,0.2063,0,0,0,0
60.998,0.2063,0,0,0,0
61.031,0.2063,0,0,0,0
61.063,0.2063,0,0,0,0
61.094,0.2063,0,0,0,0
61.131,0.2063,0,0,0,0
61.163,0.2063,0,0,0,0
61.198,0.2063,0,0,0,0
61.231,0.2063,0,0,0,0
61.263,0.2063,0,0,0,0
61.298,0.2063,0,0,0,0
61.330,0.2063,0,0,0,0
61.362,0.2063,0,0,0,0
61.395,0.2063,0,0,0,0
61.431,0.2063,0,0,0,0
61.463,0.2063,0,0,0,0
61.496,0.2062,0,0,0,0
61.529,0.2062,0,0,0,0
61.560,0.2062,0,0,0,0
61.596,0.2062,0,0,0,0
61.627,0.2062,0,0,0,0
61.664,0.2062,0,0,0,0
61.697,0.2062,0,0,0,0
61.730,0.2062,0,0,0,0
61.761,0.2062,0,0,0,0
61.798,0.2062,0,0,0,0
61.831,0.2062,0,0,0,0
61.862,0.2062,0,0,0,0
61.897,0.2062,0,0,0,0
61.930,0.2062,0,0,0,0
61.964,0.2062,0,0,0,0
61.994,0.2062,0,0,0,0
62.030,0.2062,0,0,0,0
62.064,0.2062,0,0,0,0
62.095,0.2062,0,0,0,0
62.132,0.2062,0,0,0,0
62.163,0.2062,0,0,0,0
62.196,0.2062,0,0,0,0
62.230,0.2062,0,0,0,0
62.262,0.2062,0,0,0,0
62.295,0.2062,0,0,0,0
62.329,0.2062,0,0,0,0
62.361,0.2062,0,0,0,0
62.394,0.2062,0,0,0,0
62.431,0.2062,0,0,0,0
62.463,0.2062,0,0,0,0
62.498,0.2062,0,0,0,0
62.529,0.2062,0,0,0,0
62.564,0.2062,0,0,0,0
62.595,0.2062,0,0,0,0
62.628,0.2062,0,0,0,0
62.664,0.2062,0,0,0,0
62.694,0.2062,0,0,0,0
62.729,0.2062,0,0,0,0
62.763,0.2062,0,0,0,0
62.796,0.2062,0,0,0,0
62.831,0.2062,0,0,0,0
62.862,0.2062,0,0,0,0
62.894,0.2062,0,0,0,0
62.931,0.2062,0,0,0,0
62.964,0.2062,0,0,0,0
62.994,0.2062,0,0,0,0
63.029,0.2062,0,0,0,0
63.064,0.2062,0,0,0,0
63.096,0.2062,0,0,0,0
63.129,0.2062,0,0,0,0
63.165,0.2062,0,0,0,0
63.197,0.2062,0,0,0,0
63.231,0.2062,0,0,0,0
63.261,0.2062,0,0,0,0
63.297,0.2062,0,0,0,0
63.330,0.2062,0,0,0,0
63.362,0.2062,0,0,0,0
63.397,0.2062,0,0,0,0
63.427,0.2062,0,0,0,0
63.461,0.2062,0,0,0,0
63.495,0.2062,0,0,0,0
63.530,0.2062,0,0,0,0
63.562,0.2062,0,0,0,0
63.595,0.2062,0,0,0,0
63.630,0.2062,0,0,0,0
63.664,0.2062,0,0,0,0
63.698,0.2062,0,0,0,0
63.728,0.2062,0,0,0,0
63.763,0.2062,0,0,0,0
63.794,0.2062,0,0,0,0
63.832,0.2062,0,0,0,0
63.861,0.2062,0,0,0,0
63.897,0.2062,0,0,0,0
63.928,0.2062,0,0,0,0
63.963,0.2062,0,0,0,0
63.995,0.2062,0,0,0,0
64.029,0.2062,0,0,0,0
64.065,0.2062,0,0,0,0
64.097,0.2062,0,0,0,0
64.130,0.2062,0,0,0,0
64.161,0.2061,0,0,0,0
64.195,0.2061,0,0,0,0
64.230,0.2061,0,0,0,0
64.261,0.2061,0,0,0,0
64.295,0.2061,0,0,0,0
64.331,0.2061,0,0,0,0
64.364,0.2061,0,0,0,0
64.394,0.2061,0,0,0,0
64.430,0.2061,0,0,0,0
64.460,0.2061,0,0,0,0
64.496,0.2061,0,0,0,0
64.532,0.2061,0,0,0,0
64.562,0.2061,0,0,0,0
64.596,0.2061,0,0,0,0
64.627,0.2061,0,0,0,0
64.662,0.2061,0,0,0,0
64.698,0.2061,0,0,0,0
64.730,0.2061,0,0,0,0
64.761,0.2061,0,0,0,0
64.796,0.2061,0,0,0,0
64.830,0.2061,0,0,0,0
64.861,0.2061,0,0,0,0
64.894,0.2061,0,0,0,0
64.929,0.2061,0,0,0,0
64.964,0.2061,0,0,0,0
64.996,0.2061,0,0,0,0
65.029,0.2061,0,0,0,0
65.064,0.2061,0,0,0,0
65.097,0.2061,0,0,0,0
65.128,0.2061,0,0,0,0
65.163,0.2061,0,0,0,0
65.197,0.2061,0,0,0,0
65.228,0.2061,0,0,0,0
65.263,0.2061,0,0,0,0
65.297,0.2061,0,0,0,0
65.330,0.2061,0,0,0,0
65.362,0.2061,0,0,0,0
65.397,0.2061,0,0,0,0
65.430,0.2061,0,0,0,0
65.461,0.2061,0,0,0,0
65.495,0.2061,0,0,0,0
65.534,0.2061,0,0,0,0
65.561,0.2061,0,0,0,0
65.596,0.2061,0,0,0,0
65.629,0.2061,0,0,0,0
65.664,0.2061,0,0,0,0
65.696,0.2061,0,0,0,0
65.731,0.2061,0,0,0,0
65.762,0.2061,0,0,0,0
65.795,0.2061,0,0,0,0
65.828,0.2061,0,0,0,0
65.864,0.2061,0,0,0,0
65.895,0.2061,0,0,0,0
65.928,0.2061,0,0,0,0
65.964,0.2061,0,0,0,0
65.997,0.2061,0,0,0,0
66.028,0.2061,0,0,0,0
66.062,0.2061,0,0,0,0
66.096,0.2061,0,0,0,0
66.128,0.2061,0,0,0,0
66.164,0.2061,0,0,0,0
66.195,0.2061,0,0,0,0
66.229,0.2061,0,0,0,0
66.260,0.2061,0,0,0,0
66.295,0.2061,0,0,0,0
66.329,0.2061,0,0,0,0
66.362,0.2061,0,0,0,0
66.394,0.2061,0,0,0,0
66.428,0.2061,0,0,0,0
66.461,0.2061,0,0,0,0
66.495,0.2061,0,0,0,0
66.530,0.2061,0,0,0,0
66.561,0.2061,0,0,0,0
66.597,0.2061,0,0,0,0
66.629,0.2061,0,0,0,0
66.663,0.2061,0,0,0,0
66.698,0.2061,0,0,0,0
66.729,0.2061,0,0,0,0
66.763,0.2061,0,0,0,0
66.794,0.2061,0,0,0,0
66.829,0.2061,0,0,0,0
66.863,0.2061,0,0,0,0
66.898,0.2061,0,0,0,0
66.930,0.2061,0,0,0,0
66.961,0.2061,0,0,0,0
66.997,0.2061,0,0,0,0
67.031,0.2061,0,0,0,0
67.060,0.2061,0,0,0,0
67.094,0.2061,0,0,0,0
67.130,0.2061,0,0,0,0
67.162,0.2061,0,0,0,0
67.194,0.2061,0,0,0,0
67.229,0.2061,0,0,0,0
67.262,0.2061,0,0,0,0
67.299,0.2061,0,0,0,0
67.326,0.2061,0,0,0,0
67.363,0.2061,0,0,0,0
67.398,0.2061,0,0,0,0
67.428,0.2061,0,0,0,0
67.463,0.2061,0,0,0,0
67.496,0.2061,0,0,0,0
67.529,0.2061,0,0,0,0
67.563,0.2061,0,0,0,0
67.597,0.2061,0,0,0,0
67.628,0.2061,0,0,0,0
67.663,0.2061,0,0,0,0
67.695,0.2061,0,0,0,0
67.727,0.2061,0,0,0,0
67.761,0.2061,0,0,0,0
67.795,0.2061,0,0,0,0
67.830,0.2061,0,0,0,0
67.861,0.2061,0,0,0,0
67.896,0.2061,0,0,0,0
67.928,0.2061,0,0,0,0
67.963,0.2061,0,0,0,0
67.997,0.2061,0,0,0,0
68.027,0.2061,0,0,0,0
68.062,0.2061,0,0,0,0
68.096,0.2060,0,0,0,0
68.129,0.2060,0,0,0,0
68.163,0.2060,0,0,0,0
68.194,0.2060,0,0,0,0
68.227,0.2060,0,0,0,0
68.262,0.2060,0,0,0,0
68.295,0.2060,0,0,0,0
68.328,0.2060,0,0,0,0
68.363,0.2060,0,0,0,0
68.397,0.2060,0,0,0,0
68.428,0.2060,0,0,0,0
68.462,0.2060,0,0,0,0
68.497,0.2060,0,0,0,0
68.529,0.2060,0,0,0,0
68.561,0.2060,0,0,0,0
68.596,0.2060,0,0,0,0
68.630,0.2060,0,0,0,0
68.664,0.2060,0,0,0,0
68.695,0.2060,0,0,0,0
68.730,0.2060,0,0,0,0
68.761,0.2060,0,0,0,0
68.797,0.2060,0,0,0,0
68.827,0.2060,0,0,0,0
68.862,0.2060,0,0,0,0
68.898,0.2060,0,0,0,0
68.929,0.2060,0,0,0,0
68.963,0.2060,0,0,0,0
68.997,0.2060,0,0,0,0
69.029,0.2060,0,0,0,0
69.066,0.2060,0,0,0,0
69.097,0.2060,0,0,0,0
69.128,0.2060,0,0,0,0
69.163,0.2060,0,0,0,0
69.196,0.2060,0,0,0,0
69.229,0.2060,0,0,0,0
69.261,0.2060,0,0,0,0
69.295,0.2060,0,0,0,0
69.331,0.2060,0,0,0,0
69.361,0.2060,0,0,0,0
69.395,0.2060,0,0,0,0
69.431,0.2060,0,0,0,0
69.463,0.2060,0,0,0,0
69.496,0.2060,0,0,0,0
69.529,0.2060,0,0,0,0
69.563,0.2060,0,0,0,0
69.596,0.2060,0,0,0,0
69.629,0.2060,0,0,0,0
69.663,0.2060,0,0,0,0
69.697,0.2060,0,0,0,0
69.730,0.2060,0,0,0,0
69.762,0.2060,0,0,0,0
69.796,0.2060,0,0,0,0
69.829,0.2060,0,0,0,0
69.857,0.2060,0,0,0,0
69.896,0.2060,0,0,0,0
69.931,0.2060,0,0,0,0
69.965,0.2060,0,0,0,0
69.996,0.2060,0,0,0,0
70.032,0.2060,0,0,0,0
70.060,0.2060,0,0,0,0
70.098,0.2060,0,0,0,0
70.128,0.2060,0,0,0,0
70.164,0.2060,0,0,0,0
70.198,0.2060,0,0,0,0
70.230,0.2060,0,0,0,0
70.264,0.2060,0,0,0,0
70.296,0.2060,0,0,0,0
70.329,0.2060,0,0,0,0
70.385,0.2060,0,0,0,0
70.413,0.2060,0,0,0,0
70.447,0.2060,0,0,0,0
70.480,0.2060,0,0,0,0
70.513,0.2060,0,0,0,0
70.546,0.2060,0,0,0,0
70.580,0.2060,0,0,0,0
70.612,0.2060,0,0,0,0
70.647,0.2060,0,0,0,0
70.674,0.2060,0,0,0,0
70.713,0.2060,0,0,0,0
70.747,0.2060,0,0,0,0
70.781,0.2060,0,0,0,0
70.811,0.2060,0,0,0,0
70.847,0.2060,0,0,0,0
70.879,0.2060,0,0,0,0
70.914,0.2060,0,0,0,0
70.946,0.2060,0,0,0,0
70.980,0.2060,0,0,0,0
71.013,0.2060,0,0,0,0
71.045,0.2060,0,0,0,0
71.080,0.2060,0,0,0,0
71.113,0.2060,0,0,0,0
71.146,0.2060,0,0,0,0
71.179,0.2060,0,0,0,0
71.213,0.2060,0,0,0,0
71.246,0.2060,0,0,0,0
71.279,0.2060,0,0,0,0
71.313,0.2060,0,0,0,0
71.347,0.2060,0,0,0,0
71.379,0.2060,0,0,0,0
71.414,0.2060,0,0,0,0
71.445,0.2060,0,0,0,0
71.478,0.2060,0,0,0,0
71.513,0.2060,0,0,0,0
71.546,0.2060,0,0,0,0
71.579,0.2060,0,0,0,0
71.613,0.2060,0,0,0,0
71.648,0.2060,0,0,0,0
71.678,0.2060,0,0,0,0
71.714,0.2060,0,0,0,0
71.746,0.2060,0,0,0,0
71.780,0.2060,0,0,0,0
71.812,0.2060,0,0,0,0
71.845,0.2060,0,0,0,0
71.878,0.2060,0,0,0,0
71.913,0.2060,0,0,0,0
71.947,0.2060,0,0,0,0
71.980,0.2060,0,0,0,0
72.014,0.2060,0,0,0,0
72.047,0.2060,0,0,0,0
72.080,0.2060,0,0,0,0
72.112,0.2060,0,0,0,0
72.147,0.2060,0,0,0,0
72.178,0.2060,0,0,0,0
72.213,0.2060,0,0,0,0
72.245,0.2060,0,0,0,0
72.279,0.2060,0,0,0,0
72.312,0.2060,0,0,0,0
72.347,0.2060,0,0,0,0
72.379,0.2060,0,0,0,0
72.412,0.2060,0,0,0,0
72.445,0.2060,0,0,0,0
72.480,0.2060,0,0,0,0
72.512,0.2060,0,0,0,0
72.547,0.2060,0,0,0,0
72.580,0.2060,0,0,0,0
72.612,0.2060,0,0,0,0
72.646,0.2060,0,0,0,0
72.679,0.2060,0,0,0,0
72.711,0.2060,0,0,0,0
72.746,0.2060,0,0,0,0
72.779,0.2060,0,0,0,0
72.812,0.2060,0,0,0,0
72.846,0.2060,0,0,0,0
72.881,0.2060,0,0,0,0
72.913,0.2060,0,0,0,0
72.946,0.2060,0,0,0,0
72.980,0.2060,0,0,0,0
73.012,0.2060,0,0,0,0
73.046,0.2060,0,0,0,0
73.078,0.2060,0,0,0,0
73.111,0.2060,0,0,0,0
73.145,0.2060,0,0,0,0
73.179,0.2060,0,0,0,0
73.213,0.2060,0,0,0,0
73.246,0.2060,0,0,0,0
73.279,0.2060,0,0,0,0
73.311,0.2060,0,0,0,0
73.347,0.2060,0,0,0,0
73.379,0.2060,0,0,0,0
73.412,0.2060,0,0,0,0
73.445,0.2060,0,0,0,0
73.480,0.2060,0,0,0,0
73.513,0.2060,0,0,0,0
73.545,0.2060,0,0,0,0
73.578,0.2060,0,0,0,0
73.613,0.2060,0,0,0,0
73.645,0.2060,0,0,0,0
73.679,0.2060,0,0,0,0
73.713,0.2060,0,0,0,0
73.745,0.2060,0,0,0,0
73.780,0.2060,0,0,0,0
73.813,0.2060,0,0,0,0
73.848,0.2060,0,0,0,0
73.879,0.2060,0,0,0,0
73.914,0.2060,0,0,0,0
73.947,0.2060,0,0,0,0
73.980,0.2060,0,0,0,0
74.014,0.2060,0,0,0,0
74.045,0.2060,0,0,0,0
74.081,0.2060,0,0,0,0
74.114,0.2060,0,0,0,0
74.145,0.2060,0,0,0,0
74.180,0.2060,0,0,0,0
74.213,0.2060,0,0,0,0
74.247,0.2060,0,0,0,0
74.279,0.2060,0,0,0,0
74.312,0.2060,0,0,0,0
74.347,0.2060,0,0,0,0
74.379,0.2060,0,0,0,0
74.412,0.2060,0,0,0,0
74.446,0.2060,0,0,0,0
74.479,0.2060,0,0,0,0
74.513,0.2060,0,0,0,0
74.545,0.2060,0,0,0,0
74.579,0.2060,0,0,0,0
74.611,0.2060,0,0,0,0
74.645,0.2060,0,0,0,0
74.679,0.2060,0,0,0,0
74.712,0.2060,0,0,0,0
74.745,0.2060,0,0,0,0
74.780,0.2060,0,0,0,0
74.811,0.2060,0,0,0,0
74.847,0.2060,0,0,0,0
74.880,0.2060,0,0,0,0
74.912,0.2060,0,0,0,0
74.946,0.2060,0,0,0,0
74.979,0.2060,0,0,0,0
75.012,0.2060,0,0,0,0
75.045,0.2060,0,0,0,0
75.079,0.2060,0,0,0,0
75.112,0.2060,0,0,0,0
75.145,0.2060,0,0,0,0
75.180,0.2060,0,0,0,0
75.214,0.2060,0,0,0,0
75.247,0.2060,0,0,0,0
75.279,0.2060,0,0,0,0
75.313,0.2060,0,0,0,0
75.346,0.2060,0,0,0,0
75.380,0.2060,0,0,0,0
75.412,0.2060,0,0,0,0
75.447,0.2060,0,0,0,0
75.480,0.2060,0,0,0,0
75.513,0.2060,0,0,0,0
75.547,0.2060,0,0,0,0
75.580,0.2060,0,0,0,0
75.612,0.2060,0,0,0,0
75.647,0.2060,0,0,0,0
75.679,0.2060,0,0,0,0
75.713,0.2060,0,0,0,0
75.747,0.2060,0,0,0,0
75.779,0.2060,0,0,0,0
75.813,0.2060,0,0,0,0
75.846,0.2060,0,0,0,0
75.879,0.2060,0,0,0,0
75.911,0.2060,0,0,0,0
75.945,0.2060,0,0,0,0
75.980,0.2060,0,0,0,0
76.012,0.2060,0,0,0,0
76.047,0.2060,0,0,0,0
76.079,0.2060,0,0,0,0
76.112,0.2060,0,0,0,0
76.145,0.2060,0,0,0,0
76.178,0.2060,0,0,0,0
76.214,0.2060,0,0,0,0
76.246,0.2060,0,0,0,0
76.280,0.2060,0,0,0,0
76.314,0.2060,0,0,0,0
76.345,0.2060,0,0,0,0
76.379,0.2060,0,0,0,0
76.411,0.2060,0,0,0,0
76.446,0.2060,0,0,0,0
76.479,0.2060,0,0,0,0
76.513,0.2060,0,0,0,0
76.545,0.2060,0,0,0,0
76.581,0.2060,0,0,0,0
76.611,0.2060,0,0,0,0
76.646,0.2060,0,0,0,0
76.679,0.2060,0,0,0,0
76.713,0.2060,0,0,0,0
76.745,0.2060,0,0,0,0
76.780,0.2060,0,0,0,0
76.813,0.2060,0,0,0,0
76.846,0.2060,0,0,0,0
76.879,0.2060,0,0,0,0
76.913,0.2060,0,0,0,0
76.948,0.2060,0,0,0,0
76.980,0.2060,0,0,0,0
77.012,0.2060,0,0,0,0
77.046,0.2060,0,0,0,0
77.079,0.2060,0,0,0,0
77.112,0.2060,0,0,0,0
77.146,0.2060,0,0,0,0
77.178,0.2060,0,0,0,0
77.211,0.2060,0,0,0,0
77.246,0.2060,0,0,0,0
77.278,0.2060,0,0,0,0
77.313,0.2059,0,0,0,0
77.345,0.2059,0,0,0,0
77.380,0.2059,0,0,0,0
77.412,0.2059,0,0,0,0
77.446,0.2059,0,0,0,0
77.479,0.2059,0,0,0,0
77.513,0.2059,0,0,0,0
77.546,0.2059,0,0,0,0
77.578,0.2059,0,0,0,0
77.611,0.2059,0,0,0,0
77.647,0.2059,0,0,0,0
77.679,0.2059,0,0,0,0
77.712,0.2059,0,0,0,0
77.746,0.2059,0,0,0,0
77.780,0.2059,0,0,0,0
77.812,0.2059,0,0,0,0
77.846,0.2059,0,0,0,0
77.878,0.2059,0,0,0,0
77.914,0.2059,0,0,0,0
77.946,0.2059,0,0,0,0
77.979,0.2059,0,0,0,0
78.014,0.2059,0,0,0,0
78.047,0.2059,0,0,0,0
78.080,0.2059,0,0,0,0
78.113,0.2059,0,0,0,0
78.147,0.2059,0,0,0,0
78.180,0.2059,0,0,0,0
78.211,0.2059,0,0,0,0
78.246,0.2059,0,0,0,0
78.279,0.2059,0,0,0,0
78.312,0.2059,0,0,0,0
78.345,0.2059,0,0,0,0
78.378,0.2059,0,0,0,0
78.413,0.2059,0,0,0,0
78.446,0.2059,0,0,0,0
78.480,0.2059,0,0,0,0
78.512,0.2059,0,0,0,0
78.546,0.2059,0,0,0,0
78.580,0.2059,0,0,0,0
78.613,0.2059,0,0,0,0
78.646,0.2059,0,0,0,0
78.678,0.2059,0,0,0,0
78.713,0.2059,0,0,0,0
78.747,0.2059,0,0,0,0
78.779,0.2059,0,0,0,0
78.812,0.2059,0,0,0,0
78.847,0.2059,0,0,0,0
78.879,0.2059,0,0,0,0
78.913,0.2059,0,0,0,0
78.946,0.2059,0,0,0,0
78.979,0.2059,0,0,0,0
79.013,0.2059,0,0,0,0
79.047,0.2059,0,0,0,0
79.079,0.2059,0,0,0,0
79.111,0.2059,0,0,0,0
79.146,0.2059,0,0,0,0
79.179,0.2059,0,0,0,0
79.212,0.2059,0,0,0,0
79.246,0.2059,0,0,0,0
79.279,0.2059,0,0,0,0
79.314,0.2059,0,0,0,0
79.345,0.2059,0,0,0,0
79.379,0.2059,0,0,0,0
79.411,0.2059,0,0,0,0
79.446,0.2059,0,0,0,0
79.480,0.2059,0,0,0,0
79.512,0.2059,0,0,0,0
79.547,0.2059,0,0,0,0
79.580,0.2059,0,0,0,0
79.612,0.2059,0,0,0,0
79.648,0.2059,0,0,0,0
79.678,0.2059,0,0,0,0
79.713,0.2059,0,0,0,0
79.745,0.2059,0,0,0,0
79.779,0.2059,0,0,0,0
79.813,0.2059,0,0,0,0
79.846,0.2059,0,0,0,0
79.878,0.2059,0,0,0,0
79.913,0.2059,0,0,0,0
79.947,0.2059,0,0,0,0
79.978,0.2059,0,0,0,0
80.012,0.2059,0,0,0,0
80.046,0.2059,0,0,0,0
80.080,0.2059,0,0,0,0
80.112,0.2059,0,0,0,0
80.147,0.2059,0,0,0,0
80.179,0.2059,0,0,0,0
80.213,0.2059,0,0,0,0
80.245,0.2059,0,0,0,0
80.278,0.2059,0,0,0,0
80.312,0.2059,0,0,0,0
80.346,0.2059,0,0,0,0
80.379,0.2059,0,0,0,0
80.414,0.2059,0,0,0,0
80.447,0.2059,0,0,0,0
80.482,0.2059,0,0,0,0
80.511,0.2059,0,0,0,0
80.547,0.2059,0,0,0,0
80.581,0.2059,0,0,0,0
80.613,0.2059,0,0,0,0
80.646,0.2059,0,0,0,0
80.680,0.2059,0,0,0,0
80.712,0.2059,0,0,0,0
80.745,0.2059,0,0,0,0
80.779,0.2059,0,0,0,0
80.811,0.2059,0,0,0,0
80.844,0.2059,0,0,0,0
80.880,0.2059,0,0,0,0
80.912,0.2059,0,0,0,0
80.946,0.2059,0,0,0,0
80.979,0.2059,0,0,0,0
81.013,0.2059,0,0,0,0
81.047,0.2059,0,0,0,0
81.079,0.2059,0,0,0,0
81.113,0.2059,0,0,0,0
81.146,0.2059,0,0,0,0
81.180,0.2059,0,0,0,0
81.213,0.2059,0,0,0,0
81.245,0.2059,0,0,0,0
81.278,0.2059,0,0,0,0
81.313,0.2059,0,0,0,0
81.345,0.2059,0,0,0,0
81.379,0.2059,0,0,0,0
81.412,0.2059,0,0,0,0
81.446,0.2059,0,0,0,0
81.479,0.2059,0,0,0,0
81.514,0.2059,0,0,0,0
81.546,0.2059,0,0,0,0
81.581,0.2059,0,0,0,0
81.611,0.2059,0,0,0,0
81.646,0.2059,0,0,0,0
81.680,0.2059,0,0,0,0
81.713,0.2059,0,0,0,0
81.745,0.2059,0,0,0,0
81.779,0.2059,0,0,0,0
81.813,0.2059,0,0,0,0
81.845,0.2059,0,0,0,0
81.879,0.2059,0,0,0,0
81.913,0.2059,0,0,0,0
81.946,0.2059,0,0,0,0
81.979,0.2059,0,0,0,0
82.012,0.2059,0,0,0,0
82.047,0.2059,0,0,0,0
82.081,0.2059,0,0,0,0
82.112,0.2059,0,0,0,0
82.147,0.2059,0,0,0,0
82.180,0.2059,0,0,0,0
82.213,0.2059,0,0,0,0
82.246,0.2059,0,0,0,0
82.279,0.2059,0,0,0,0
82.313,0.2059,0,0,0,0
82.346,0.2059,0,0,0,0
82.381,0.2059,0,0,0,0
82.411,0.2059,0,0,0,0
82.445,0.2059,0,0,0,0
82.479,0.2059,0,0,0,0
82.514,0.2059,0,0,0,0
82.547,0.2059,0,0,0,0
82.578,0.2059,0,0,0,0
82.613,0.2059,0,0,0,0
82.646,0.2059,0,0,0,0
82.680,0.2059,0,0,0,0
82.712,0.2059,0,0,0,0
82.745,0.2059,0,0,0,0
82.778,0.2059,0,0,0,0
82.815,0.2059,0,0,0,0
82.845,0.2059,0,0,0,0
82.879,0.2059,0,0,0,0
82.913,0.2059,0,0,0,0
82.947,0.2059,0,0,0,0
82.979,0.2059,0,0,0,0
83.014,0.2059,0,0,0,0
83.048,0.2059,0,0,0,0
83.078,0.2059,0,0,0,0
83.113,0.2059,0,0,0,0
83.146,0.2059,0,0,0,0
83.178,0.2059,0,0,0,0
83.212,0.2059,0,0,0,0
83.245,0.2059,0,0,0,0
83.280,0.2059,0,0,0,0
83.315,0.2059,0,0,0,0
83.347,0.2059,0,0,0,0
83.380,0.2059,0,0,0,0
83.413,0.2059,0,0,0,0
83.445,0.2059,0,0,0,0
83.480,0.2059,0,0,0,0
83.514,0.2059,0,0,0,0
83.545,0.2059,0,0,0,0
83.580,0.2059,0,0,0,0
83.612,0.2059,0,0,0,0
83.645,0.2059,0,0,0,0
83.680,0.2059,0,0,0,0
83.712,0.2059,0,0,0,0
83.745,0.2059,0,0,0,0
83.780,0.2059,0,0,0,0
83.812,0.2059,0,0,0,0
83.845,0.2059,0,0,0,0
83.879,0.2059,0,0,0,0
83.912,0.2059,0,0,0,0
83.945,0.2059,0,0,0,0
83.980,0.2059,0,0,0,0
84.012,0.2059,0,0,0,0
84.046,0.2059,0,0,0,0
84.080,0.2059,0,0,0,0
84.112,0.2059,0,0,0,0
84.145,0.2059,0,0,0,0
84.179,0.2059,0,0,0,0
84.212,0.2059,0,0,0,0
84.245,0.2059,0,0,0,0
84.280,0.2059,0,0,0,0
84.314,0.2059,0,0,0,0
84.347,0.2059,0,0,0,0
84.378,0.2059,0,0,0,0
84.413,0.2059,0,0,0,0
84.446,0.2059,0,0,0,0
84.479,0.2059,0,0,0,0
84.514,0.2059,0,0,0,0
84.545,0.2059,0,0,0,0
84.578,0.2059,0,0,0,0
84.613,0.2059,0,0,0,0
84.647,0.2059,0,0,0,0
84.679,0.2059,0,0,0,0
84.713,0.2059,0,0,0,0
84.745,0.2059,0,0,0,0
84.779,0.2059,0,0,0,0
84.813,0.2059,0,0,0,0
84.845,0.2059,0,0,0,0
84.880,0.2059,0,0,0,0
84.913,0.2059,0,0,0,0
84.946,0.2059,0,0,0,0
84.978,0.2059,0,0,0,0
85.013,0.2059,0,0,0,0
85.046,0.2059,0,0,0,0
85.078,0.2059,0,0,0,0
85.112,0.2059,0,0,0,0
85.146,0.2059,0,0,0,0
85.177,0.2059,0,0,0,0
85.212,0.2059,0,0,0,0
85.245,0.2059,0,0,0,0
85.279,0.2059,0,0,0,0
85.312,0.2059,0,0,0,0
85.345,0.2059,0,0,0,0
85.380,0.2059,0,0,0,0
85.413,0.2059,0,0,0,0
85.447,0.2059,0,0,0,0
85.479,0.2059,0,0,0,0
85.512,0.2059,0,0,0,0
85.545,0.2059,0,0,0,0
85.581,0.2059,0,0,0,0
85.612,0.2059,0,0,0,0
85.646,0.2059,0,0,0,0
85.679,0.2059,0,0,0,0
85.712,0.2059,0,0,0,0
85.746,0.2059,0,0,0,0
85.780,0.2059,0,0,0,0
85.812,0.2059,0,0,0,0
85.845,0.2059,0,0,0,0
85.879,0.2059,0,0,0,0
85.914,0.2059,0,0,0,0
85.946,0.2059,0,0,0,0
85.979,0.2059,0,0,0,0
86.013,0.2059,0,0,0,0
86.047,0.2059,0,0,0,0
86.081,0.2059,0,0,0,0
86.114,0.2059,0,0,0,0
86.145,0.2059,0,0,0,0
86.178,0.2059,0,0,0,0
86.213,0.2059,0,0,0,0
86.247,0.2059,0,0,0,0
86.280,0.2059,0,0,0,0
86.313,0.2059,0,0,0,0
86.346,0.2059,0,0,0,0
86.381,0.2059,0,0,0,0
86.414,0.2059,0,0,0,0
86.447,0.2059,0,0,0,0
86.479,0.2059,0,0,0,0
86.512,0.2059,0,0,0,0
86.548,0.2059,0,0,0,0
86.578,0.2059,0,0,0,0
86.614,0.2059,0,0,0,0
86.648,0.2059,0,0,0,0
86.679,0.2059,0,0,0,0
86.711,0.2059,0,0,0,0
86.747,0.2059,0,0,0,0
86.779,0.2059,0,0,0,0
86.814,0.2059,0,0,0,0
86.845,0.2059,0,0,0,0
86.879,0.2059,0,0,0,0
86.913,0.2059,0,0,0,0
86.946,0.2059,0,0,0,0
86.978,0.2059,0,0,0,0
87.011,0.2059,0,0,0,0
87.047,0.2059,0,0,0,0
87.153,0.2059,0,0,0,0
87.167,0.2059,0,0,0,0
87.194,0.2059,0,0,0,0
87.229,0.2059,0,0,0,0
87.260,0.2059,0,0,0,0
87.291,0.2059,0,0,0,0
87.325,0.2059,0,0,0,0
87.359,0.2059,0,0,0,0
87.395,0.2059,0,0,0,0
87.425,0.2059,0,0,0,0
87.462,0.2059,0,0,0,0
87.494,0.2059,0,0,0,0
87.527,0.2059,0,0,0,0
87.559,0.2059,0,0,0,0
87.597,0.2059,0,0,0,0
87.628,0.2059,0,0,0,0
87.663,0.2059,0,0,0,0
87.693,0.2059,0,0,0,0
87.729,0.2059,0,0,0,0
87.761,0.2059,0,0,0,0
87.794,0.2059,0,0,0,0
87.825,0.2059,0,0,0,0
87.862,0.2059,0,0,0,0
87.895,0.2059,0,0,0,0
87.925,0.2059,0,0,0,0
87.958,0.2059,0,0,0,0
87.996,0.2059,0,0,0,0
88.024,0.2059,0,0,0,0
88.067,0.2059,0,0,0,0
88.091,0.2059,0,0,0,0
88.129,0.2059,0,0,0,0
88.162,0.2059,0,0,0,0
88.194,0.2059,0,0,0,0
88.226,0.2059,0,0,0,0
88.263,0.2059,0,0,0,0
88.295,0.2059,0,0,0,0
88.325,0.2059,0,0,0,0
88.361,0.2059,0,0,0,0
88.396,0.2059,0,0,0,0
88.428,0.2059,0,0,0,0
88.458,0.2059,0,0,0,0
88.493,0.2059,0,0,0,0
88.528,0.2059,0,0,0,0
88.559,0.2059,0,0,0,0
88.593,0.2059,0,0,0,0
88.629,0.2059,0,0,0,0
88.659,0.2059,0,0,0,0
88.695,0.2059,0,0,0,0
88.725,0.2059,0,0,0,0
88.760,0.2059,0,0,0,0
88.796,0.2059,0,0,0,0
88.827,0.2059,0,0,0,0
88.859,0.2059,0,0,0,0
88.896,0.2059,0,0,0,0
88.927,0.2059,0,0,0,0
88.959,0.2059,0,0,0,0
88.995,0.2059,0,0,0,0
89.028,0.2059,0,0,0,0
89.063,0.2059,0,0,0,0
89.092,0.2059,0,0,0,0
89.128,0.2059,0,0,0,0
89.162,0.2059,0,0,0,0
89.195,0.2059,0,0,0,0
89.228,0.2059,0,0,0,0
89.261,0.2059,0,0,0,0
89.292,0.2059,0,0,0,0
89.328,0.2059,0,0,0,0
89.360,0.2059,0,0,0,0
89.396,0.2059,0,0,0,0
89.428,0.2059,0,0,0,0
89.459,0.2059,0,0,0,0
89.496,0.2059,0,0,0,0
89.527,0.2059,0,0,0,0
89.562,0.2059,0,0,0,0
89.593,0.2059,0,0,0,0
89.628,0.2059,0,0,0,0
89.658,0.2059,0,0,0,0
89.694,0.2059,0,0,0,0
89.726,0.2059,0,0,0,0
89.762,0.2059,0,0,0,0
89.793,0.2059,0,0,0,0
89.830,0.2059,0,0,0,0
89.862,0.2059,0,0,0,0
89.894,0.2059,0,0,0,0
89.927,0.2059,0,0,0,0
89.959,0.2059,0,0,0,0
89.991,0.2059,0,0,0,0
90.029,0.2059,0,0,0,0
90.060,0.2059,0,0,0,0
90.090,0.2059,0,0,0,0
90.123,0.2059,0,0,0,0
90.162,0.2059,0,0,0,0
90.193,0.2059,0,0,0,0
90.229,0.2059,0,0,0,0
90.260,0.2059,0,0,0,0
90.295,0.2059,0,0,0,0
90.327,0.2059,0,0,0,0
90.358,0.2059,0,0,0,0
90.394,0.2059,0,0,0,0
90.425,0.2059,0,0,0,0
90.461,0.2059,0,0,0,0
90.492,0.2059,0,0,0,0
90.528,0.2059,0,0,0,0
90.560,0.2059,0,0,0,0
90.596,0.2059,0,0,0,0
90.627,0.2059,0,0,0,0
90.658,0.2059,0,0,0,0
90.693,0.2059,0,0,0,0
90.728,0.2059,0,0,0,0
90.759,0.2059,0,0,0,0
90.795,0.2059,0,0,0,0
90.827,0.2059,0,0,0,0
90.862,0.2059,0,0,0,0
90.893,0.2059,0,0,0,0
90.929,0.2059,0,0,0,0
90.958,0.2059,0,0,0,0
90.993,0.2059,0,0,0,0
91.027,0.2059,0,0,0,0
91.062,0.2059,0,0,0,0
91.091,0.2059,0,0,0,0
91.125,0.2059,0,0,0,0
91.159,0.2059,0,0,0,0
91.193,0.2059,0,0,0,0
91.227,0.2059,0,0,0,0
91.261,0.2059,0,0,0,0
91.295,0.2059,0,0,0,0
91.325,0.2059,0,0,0,0
91.360,0.2059,0,0,0,0
91.394,0.2059,0,0,0,0
91.429,0.2059,0,0,0,0
91.458,0.2059,0,0,0,0
91.493,0.2059,0,0,0,0
91.529,0.2059,0,0,0,0
91.559,0.2059,0,0,0,0
91.594,0.2059,0,0,0,0
91.628,0.2059,0,0,0,0
91.659,0.2059,0,0,0,0
91.695,0.2059,0,0,0,0
91.725,0.2059,0,0,0,0
91.760,0.2059,0,0,0,0
91.796,0.2059,0,0,0,0
91.827,0.2059,0,0,0,0
91.862,0.2059,0,0,0,0
91.892,0.2059,0,0,0,0
91.927,0.2059,0,0,0,0
91.962,0.2059,0,0,0,0
91.992,0.2059,0,0,0,0
92.027,0.2059,0,0,0,0
92.061,0.2059,0,0,0,0
92.092,0.2059,0,0,0,0
92.128,0.2059,0,0,0,0
92.159,0.2059,0,0,0,0
92.192,0.2059,0,0,0,0
92.226,0.2059,0,0,0,0
92.260,0.2059,0,0,0,0
92.295,0.2059,0,0,0,0
92.325,0.2059,0,0,0,0
92.359,0.2059,0,0,0,0
92.394,0.2059,0,0,0,0
92.428,0.2059,0,0,0,0
92.460,0.2059,0,0,0,0
92.493,0.2059,0,0,0,0
92.525,0.2059,0,0,0,0
92.559,0.2059,0,0,0,0
92.594,0.2059,0,0,0,0
92.628,0.2059,0,0,0,0
92.658,0.2059,0,0,0,0
92.693,0.2059,0,0,0,0
92.729,0.2059,0,0,0,0
92.760,0.2059,0,0,0,0
92.792,0.2059,0,0,0,0
92.823,0.2059,0,0,0,0
92.862,0.2059,0,0,0,0
92.894,0.2059,0,0,0,0
92.929,0.2059,0,0,0,0
92.962,0.2059,0,0,0,0
92.993,0.2059,0,0,0,0
93.029,0.2059,0,0,0,0
93.058,0.2059,0,0,0,0
93.094,0.2059,0,0,0,0
93.129,0.2059,0,0,0,0
93.158,0.2059,0,0,0,0
93.193,0.2059,0,0,0,0
93.227,0.2059,0,0,0,0
93.260,0.2059,0,0,0,0
93.294,0.2059,0,0,0,0
93.326,0.2059,0,0,0,0
93.361,0.2059,0,0,0,0
93.392,0.2059,0,0,0,0
93.428,0.2059,0,0,0,0
93.456,0.2059,0,0,0,0
93.494,0.2059,0,0,0,0
93.529,0.2059,0,0,0,0
93.563,0.2059,0,0,0,0
93.592,0.2059,0,0,0,0
93.629,0.2059,0,0,0,0
93.661,0.2059,0,0,0,0
93.694,0.2059,0,0,0,0
93.727,0.2059,0,0,0,0
93.759,0.2059,0,0,0,0
93.794,0.2059,0,0,0,0
93.828,0.2059,0,0,0,0
93.859,0.2059,0,0,0,0
93.897,0.2059,0,0,0,0
93.927,0.2059,0,0,0,0
93.959,0.2059,0,0,0,0
93.994,0.2059,0,0,0,0
94.029,0.2059,0,0,0,0
94.062,0.2059,0,0,0,0
94.095,0.2059,0,0,0,0
94.125,0.2059,0,0,0,0
94.160,0.2059,0,0,0,0
94.194,0.2059,0,0,0,0
94.227,0.2059,0,0,0,0
94.263,0.2059,0,0,0,0
94.296,0.2059,0,0,0,0
94.329,0.2059,0,0,0,0
94.359,0.2059,0,0,0,0
94.394,0.2059,0,0,0,0
94.428,0.2059,0,0,0,0
94.460,0.2059,0,0,0,0
94.495,0.2059,0,0,0,0
94.528,0.2059,0,0,0,0
94.562,0.2059,0,0,0,0
94.596,0.2059,0,0,0,0
94.626,0.2059,0,0,0,0
94.660,0.2059,0,0,0,0
94.695,0.2059,0,0,0,0
94.727,0.2059,0,0,0,0
94.759,0.2059,0,0,0,0
94.795,0.2059,0,0,0,0
94.826,0.2059,0,0,0,0
94.861,0.2059,0,0,0,0
94.894,0.2059,0,0,0,0
94.927,0.2059,0,0,0,0
94.961,0.2059,0,0,0,0
94.994,0.2059,0,0,0,0
95.028,0.2059,0,0,0,0
95.063,0.2059,0,0,0,0
95.092,0.2059,0,0,0,0
95.127,0.2059,0,0,0,0
95.162,0.2059,0,0,0,0
95.194,0.2059,0,0,0,0
95.226,0.2059,0,0,0,0
95.261,0.2059,0,0,0,0
95.308,0.2059,0,0,0,0
95.323,0.2059,0,0,0,0
95.365,0.2059,0,0,0,0
95.392,0.2059,0,0,0,0
95.421,0.2059,0,0,0,0
95.461,0.2059,0,0,0,0
95.492,0.2059,0,0,0,0
95.528,0.2059,0,0,0,0
95.561,0.2059,0,0,0,0
95.595,0.2059,0,0,0,0
95.629,0.2059,0,0,0,0
95.662,0.2059,0,0,0,0
95.695,0.2059,0,0,0,0
95.722,0.2059,0,0,0,0
95.760,0.2059,0,0,0,0
95.792,0.2059,0,0,0,0
95.826,0.2059,0,0,0,0
95.862,0.2059,0,0,0,0
95.895,0.2059,0,0,0,0
95.928,0.2059,0,0,0,0
95.967,0.2059,0,0,0,0
95.994,0.2059,0,0,0,0
96.028,0.2059,0,0,0,0
96.061,0.2059,0,0,0,0
96.094,0.2059,0,0,0,0
96.129,0.2059,0,0,0,0
96.160,0.2059,0,0,0,0
96.194,0.2059,0,0,0,0
96.227,0.2059,0,0,0,0
96.268,0.2059,0,0,0,0
96.285,0.2059,0,0,0,0
96.327,0.2059,0,0,0,0
96.362,0.2059,0,0,0,0
96.392,0.2059,0,0,0,0
96.423,0.2059,0,0,0,0
96.458,0.2059,0,0,0,0
96.495,0.2059,0,0,0,0
96.526,0.2059,0,0,0,0
96.559,0.2059,0,0,0,0
96.594,0.2059,0,0,0,0
96.627,0.2059,0,0,0,0
96.659,0.2059,0,0,0,0
96.695,0.2059,0,0,0,0
96.728,0.2059,0,0,0,0
96.756,0.2059,0,0,0,0
96.794,0.2059,0,0,0,0
96.827,0.2059,0,0,0,0
96.861,0.2059,0,0,0,0
96.892,0.2059,0,0,0,0
96.926,0.2059,0,0,0,0
96.962,0.2059,0,0,0,0
96.995,0.2059,0,0,0,0
97.029,0.2059,0,0,0,0
97.061,0.2059,0,0,0,0
97.093,0.2059,0,0,0,0
97.126,0.2059,0,0,0,0
97.160,0.2059,0,0,0,0
97.195,0.2059,0,0,0,0
97.225,0.2059,0,0,0,0
97.262,0.2059,0,0,0,0
97.294,0.2059,0,0,0,0
97.328,0.2059,0,0,0,0
97.363,0.2059,0,0,0,0
97.395,0.2059,0,0,0,0
97.430,0.2059,0,0,0,0
97.460,0.2059,0,0,0,0
97.499,0.2059,0,0,0,0
97.528,0.2059,0,0,0,0
97.561,0.2059,0,0,0,0
97.603,0.2059,0,0,0,0
97.619,0.2059,0,0,0,0
97.662,0.2059,0,0,0,0
97.691,0.2059,0,0,0,0
97.727,0.2059,0,0,0,0
97.762,0.2059,0,0,0,0
97.794,0.2059,0,0,0,0
97.827,0.2059,0,0,0,0
97.861,0.2059,0,0,0,0
97.893,0.2059,0,0,0,0
97.929,0.2059,0,0,0,0
97.963,0.2059,0,0,0,0
97.995,0.2059,0,0,0,0
98.026,0.2059,0,0,0,0
98.064,0.2059,0,0,0,0
98.095,0.2059,0,0,0,0
98.128,0.2059,0,0,0,0
98.173,0.2059,0,0,0,0
98.197,0.2059,0,0,0,0
98.228,0.2059,0,0,0,0
98.353,0.2059,0,0,0,0
98.367,0.2059,0,0,0,0
98.406,0.2059,0,0,0,0
98.439,0.2059,0,0,0,0
98.470,0.2059,0,0,0,0
98.509,0.2059,0,0,0,0
98.543,0.2059,0,0,0,0
98.575,0.2059,0,0,0,0
98.610,0.2059,0,0,0,0
98.636,0.2059,0,0,0,0
98.673,0.2059,0,0,0,0
98.717,0.2059,0,0,0,0
98.743,0.2059,0,0,0,0
98.774,0.2059,0,0,0,0
98.814,0.2059,0,0,0,0
98.846,0.2059,0,0,0,0
98.877,0.2059,0,0,0,0
98.916,0.2059,0,0,0,0
98.942,0.2059,0,0,0,0
98.981,0.2059,0,0,0,0
99.004,0.2059,0,0,0,0
99.038,0.2059,0,0,0,0
99.075,0.2059,0,0,0,0
99.110,0.2059,0,0,0,0
99.143,0.2059,0,0,0,0
99.174,0.2059,0,0,0,0
99.217,0.2059,0,0,0,0
99.241,0.2059,0,0,0,0
99.271,0.2059,0,0,0,0
99.308,0.2059,0,0,0,0
99.336,0.2059,0,0,0,0
99.372,0.2059,0,0,0,0
99.408,0.2059,0,0,0,0
99.436,0.2059,0,0,0,0
99.473,0.2059,0,0,0,0
99.508,0.2059,0,0,0,0
99.542,0.2059,0,0,0,0
99.575,0.2059,0,0,0,0
99.603,0.2059,0,0,0,0
99.643,0.2059,0,0,0,0
99.673,0.2059,0,0,0,0
99.708,0.2059,0,0,0,0
99.742,0.2059,0,0,0,0
99.776,0.2059,0,0,0,0
99.810,0.2059,0,0,0,0
99.836,0.2059,0,0,0,0
99.872,0.2059,0,0,0,0
99.907,0.2059,0,0,0,0
99.942,0.2059,0,0,0,0
99.977,0.2059,0,0,0,0
100.009,0.2059,0,0,0,0
100.043,0.2059,0,0,0,0
100.077,0.2059,0,0,0,0
100.103,0.2059,0,0,0,0
100.138,0.2059,0,0,0,0
100.174,0.2059,0,0,0,0
100.203,0.2059,0,0,0,0
100.321,0.2059,0,0,0,0
100.334,0.2059,0,0,0,0
100.366,0.2059,0,0,0,0
100.395,0.2059,0,0,0,0
100.436,0.2059,0,0,0,0
100.459,0.2059,0,0,0,0
100.499,0.2059,0,0,0,0
100.529,0.2059,0,0,0,0
100.569,0.2059,0,0,0,0
100.601,0.2059,0,0,0,0
100.634,0.2059,0,0,0,0
100.668,0.2059,0,0,0,0
100.702,0.2059,0,0,0,0
100.734,0.2059,0,0,0,0
100.767,0.2059,0,0,0,0
100.799,0.2059,0,0,0,0
100.831,0.2059,0,0,0,0
100.862,0.2059,0,0,0,0
100.895,0.2059,0,0,0,0
100.937,0.2059,0,0,0,0
100.966,0.2059,0,0,0,0
100.996,0.2059,0,0,0,0
101.027,0.2059,0,0,0,0
101.070,0.2059,0,0,0,0
101.100,0.2059,0,0,0,0
101.131,0.2059,0,0,0,0
101.162,0.2059,0,0,0,0
101.193,0.2059,0,0,0,0
101.234,0.2059,0,0,0,0
101.265,0.2059,0,0,0,0
101.296,0.2059,0,0,0,0
101.327,0.2059,0,0,0,0
101.370,0.2059,0,0,0,0
101.400,0.2059,0,0,0,0
101.431,0.2059,0,0,0,0
101.462,0.2059,0,0,0,0
101.493,0.2059,0,0,0,0
101.534,0.2059,0,0,0,0
101.565,0.2059,0,0,0,0
101.627,0.2059,0,0,0,0
101.868,0.2059,0,0,0,0
101.897,0.2059,0,0,0,0
101.914,0.2059,0,0,0,0
101.947,0.2059,0,0,0,0
101.980,0.2059,0,0,0,0
102.016,0.2059,0,0,0,0
102.040,0.2059,0,0,0,0
102.077,0.2059,0,0,0,0
102.114,0.2059,0,0,0,0
102.145,0.2059,0,0,0,0
102.177,0.2059,0,0,0,0
102.202,0.2059,0,0,0,0
102.249,0.2059,0,0,0,0
102.271,0.2059,0,0,0,0
102.317,0.2059,0,0,0,0
102.353,0.2059,0,0,0,0
102.381,0.2059,0,0,0,0
102.417,0.2059,0,0,0,0
102.450,0.2059,0,0,0,0
102.480,0.2059,0,0,0,0
102.528,0.2059,0,0,0,0
102.548,0.2059,0,0,0,0
102.583,0.2059,0,0,0,0
102.614,0.2059,0,0,0,0
102.647,0.2059,0,0,0,0
102.677,0.2059,0,0,0,0
102.708,0.2059,0,0,0,0
102.750,0.2059,0,0,0,0
102.781,0.2059,0,0,0,0
102.812,0.2059,0,0,0,0
102.847,0.2059,0,0,0,0
102.886,0.2059,0,0,0,0
102.919,0.2059,0,0,0,0
102.940,0.2059,0,0,0,0
102.983,0.2059,0,0,0,0
103.010,0.2059,0,0,0,0
103.044,0.2059,0,0,0,0
103.079,0.2059,0,0,0,0
103.117,0.2059,0,0,0,0
103.150,0.2059,0,0,0,0
103.173,0.2059,0,0,0,0
103.206,0.2059,0,0,0,0
103.241,0.2059,0,0,0,0
103.283,0.2059,0,0,0,0
103.319,0.2059,0,0,0,0
103.344,0.2059,0,0,0,0
103.379,0.2059,0,0,0,0
103.413,0.2059,0,0,0,0
103.455,0.2059,0,0,0,0
103.483,0.2059,0,0,0,0
103.505,0.2059,0,0,0,0
103.543,0.2059,0,0,0,0
103.578,0.2059,0,0,0,0
103.612,0.2059,0,0,0,0
103.642,0.2059,0,0,0,0
103.680,0.2059,0,0,0,0
103.718,0.2059,0,0,0,0
103.752,0.2059,0,0,0,0
103.779,0.2059,0,0,0,0
103.805,0.2059,0,0,0,0
103.845,0.2059,0,0,0,0
103.880,0.2059,0,0,0,0
103.910,0.2059,0,0,0,0
103.949,0.2059,0,0,0,0
103.973,0.2059,0,0,0,0
104.015,0.2059,0,0,0,0
104.045,0.2059,0,0,0,0
104.079,0.2059,0,0,0,0
104.114,0.2059,0,0,0,0
104.146,0.2059,0,0,0,0
104.177,0.2059,0,0,0,0
104.212,0.2059,0,0,0,0
104.241,0.2059,0,0,0,0
104.280,0.2059,0,0,0,0
104.314,0.2059,0,0,0,0
104.340,0.2059,0,0,0,0
104.377,0.2059,0,0,0,0
104.404,0.2059,0,0,0,0
104.438,0.2059,0,0,0,0
104.481,0.2059,0,0,0,0
104.514,0.2059,0,0,0,0
104.561,0.2059,0,0,0,0
104.577,0.2059,0,0,0,0
104.611,0.2059,0,0,0,0
104.656,0.2059,0,0,0,0
104.677,0.2059,0,0,0,0
104.717,0.2059,0,0,0,0
104.748,0.2059,0,0,0,0
104.777,0.2059,0,0,0,0
104.815,0.2059,0,0,0,0
104.839,0.2059,0,0,0,0
104.877,0.2059,0,0,0,0
104.917,0.2059,0,0,0,0
104.943,0.2059,0,0,0,0
104.978,0.2059,0,0,0,0
105.023,0.2059,0,0,0,0
105.042,0.2059,0,0,0,0
105.073,0.2059,0,0,0,0
105.113,0.2059,0,0,0,0
105.140,0.2059,0,0,0,0
105.181,0.2059,0,0,0,0
105.211,0.2059,0,0,0,0
105.241,0.2059,0,0,0,0
105.290,0.2059,0,0,0,0
105.310,0.2059,0,0,0,0
105.343,0.2059,0,0,0,0
105.374,0.2059,0,0,0,0
105.407,0.2059,0,0,0,0
105.439,0.2059,0,0,0,0
105.473,0.2059,0,0,0,0
105.506,0.2059,0,0,0,0
105.540,0.2059,0,0,0,0
105.574,0.2059,0,0,0,0
105.607,0.2059,0,0,0,0
105.647,0.2059,0,0,0,0
105.672,0.2059,0,0,0,0
105.708,0.2059,0,0,0,0
105.744,0.2059,0,0,0,0
105.780,0.2059,0,0,0,0
105.809,0.2059,0,0,0,0
105.843,0.2059,0,0,0,0
105.879,0.2059,0,0,0,0
105.911,0.2059,0,0,0,0
105.955,0.2059,0,0,0,0
105.977,0.2059,0,0,0,0
106.022,0.2059,0,0,0,0
106.055,0.2059,0,0,0,0
106.088,0.2059,0,0,0,0
106.111,0.2059,0,0,0,0
106.156,0.2059,0,0,0,0
106.177,0.2059,0,0,0,0
106.209,0.2059,0,0,0,0
106.245,0.2059,0,0,0,0
106.288,0.2059,0,0,0,0
106.322,0.2059,0,0,0,0
106.355,0.2059,0,0,0,0
106.373,0.2059,0,0,0,0
106.421,0.2059,0,0,0,0
106.455,0.2059,0,0,0,0
106.488,0.2059,0,0,0,0
106.511,0.2059,0,0,0,0
106.555,0.2059,0,0,0,0
106.589,0.2059,0,0,0,0
106.622,0.2059,0,0,0,0
106.667,0.2059,0,0,0,0
106.676,0.2059,0,0,0,0
106.722,0.2059,0,0,0,0
106.743,0.2059,0,0,0,0
106.780,0.2059,0,0,0,0
106.809,0.2059,0,0,0,0
106.846,0.2059,0,0,0,0
106.876,0.2059,0,0,0,0
106.912,0.2059,0,0,0,0
106.939,0.2059,0,0,0,0
106.977,0.2059,0,0,0,0
107.013,0.2059,0,0,0,0
107.057,0.2059,0,0,0,0
107.076,0.2059,0,0,0,0
107.112,0.2059,0,0,0,0
107.145,0.2059,0,0,0,0
107.179,0.2059,0,0,0,0
107.213,0.2059,0,0,0,0
107.249,0.2059,0,0,0,0
107.277,0.2059,0,0,0,0
107.313,0.2059,0,0,0,0
107.355,0.2059,0,0,0,0
107.388,0.2059,0,0,0,0
107.411,0.2059,0,0,0,0
107.455,0.2059,0,0,0,0
107.496,0.2059,0,0,0,0
107.513,0.2059,0,0,0,0
107.546,0.2059,0,0,0,0
107.572,0.2059,0,0,0,0
107.622,0.2059,0,0,0,0
107.645,0.2059,0,0,0,0
107.688,0.2059,0,0,0,0
107.722,0.2059,0,0,0,0
107.755,0.2059,0,0,0,0
107.779,0.2059,0,0,0,0
107.805,0.2059,0,0,0,0
107.855,0.2059,0,0,0,0
107.876,0.2059,0,0,0,0
107.911,0.2059,0,0,0,0
107.946,0.2059,0,0,0,0
107.971,0.2059,0,0,0,0
108.008,0.2059,0,0,0,0
108.055,0.2059,0,0,0,0
108.088,0.2059,0,0,0,0
108.111,0.2059,0,0,0,0
108.156,0.2059,0,0,0,0
108.179,0.2059,0,0,0,0
108.205,0.2059,0,0,0,0
108.254,0.2059,0,0,0,0
108.278,0.2059,0,0,0,0
108.321,0.2059,0,0,0,0
108.355,0.2059,0,0,0,0
108.373,0.2059,0,0,0,0
108.422,0.2059,0,0,0,0
108.454,0.2059,0,0,0,0
108.477,0.2059,0,0,0,0
108.512,0.2059,0,0,0,0
108.548,0.2059,0,0,0,0
108.582,0.2059,0,0,0,0
108.609,0.2059,0,0,0,0
108.646,0.2059,0,0,0,0
108.688,0.2059,0,0,0,0
108.722,0.2059,0,0,0,0
108.744,0.2059,0,0,0,0
108.780,0.2059,0,0,0,0
108.805,0.2059,0,0,0,0
108.854,0.2059,0,0,0,0
108.877,0.2059,0,0,0,0
108.913,0.2059,0,0,0,0
108.948,0.2059,0,0,0,0
108.982,0.2059,0,0,0,0
109.008,0.2059,0,0,0,0
109.040,0.2059,0,0,0,0
109.077,0.2059,0,0,0,0
109.112,0.2059,0,0,0,0
109.147,0.2059,0,0,0,0
109.182,0.2059,0,0,0,0
109.208,0.2059,0,0,0,0
109.243,0.2059,0,0,0,0
109.279,0.2059,0,0,0,0
109.305,0.2059,0,0,0,0
109.348,0.2059,0,0,0,0
109.378,0.2059,0,0,0,0
109.412,0.2059,0,0,0,0
109.441,0.2059,0,0,0,0
109.479,0.2059,0,0,0,0
109.506,0.2059,0,0,0,0
109.544,0.2059,0,0,0,0
109.588,0.2059,0,0,0,0
109.621,0.2059,0,0,0,0
109.654,0.2059,0,0,0,0
109.676,0.2059,0,0,0,0
109.711,0.2059,0,0,0,0
109.746,0.2059,0,0,0,0
109.781,0.2059,0,0,0,0
109.815,0.2059,0,0,0,0
109.841,0.2059,0,0,0,0
109.876,0.2059,0,0,0,0
109.911,0.2059,0,0,0,0
109.946,0.2059,0,0,0,0
109.980,0.2059,0,0,0,0
110.007,0.2059,0,0,0,0
110.043,0.2059,0,0,0,0
110.079,0.2059,0,0,0,0
110.121,0.2059,0,0,0,0
110.155,0.2059,0,0,0,0
110.188,0.2059,0,0,0,0
110.211,0.2059,0,0,0,0
110.254,0.2059,0,0,0,0
110.274,0.2059,0,0,0,0
110.311,0.2059,0,0,0,0
110.348,0.2059,0,0,0,0
110.376,0.2059,0,0,0,0
110.412,0.2059,0,0,0,0
110.438,0.2059,0,0,0,0
110.476,0.2059,0,0,0,0
110.512,0.2059,0,0,0,0
110.563,0.2059,0,0,0,0
110.570,0.2059,0,0,0,0
110.615,0.2059,0,0,0,0
110.648,0.2059,0,0,0,0
110.682,0.2059,0,0,0,0
110.716,0.2059,0,0,0,0
110.741,0.2059,0,0,0,0
110.776,0.2059,0,0,0,0
110.810,0.2059,0,0,0,0
110.845,0.2059,0,0,0,0
110.871,0.2059,0,0,0,0
110.921,0.2059,0,0,0,0
110.954,0.2059,0,0,0,0
110.988,0.2059,0,0,0,0
111.010,0.2059,0,0,0,0
111.045,0.2059,0,0,0,0
111.071,0.2059,0,0,0,0
111.121,0.2059,0,0,0,0
111.155,0.2059,0,0,0,0
111.179,0.2059,0,0,0,0
111.215,0.2059,0,0,0,0
111.242,0.2059,0,0,0,0
111.278,0.2059,0,0,0,0
111.313,0.2059,0,0,0,0
111.348,0.2059,0,0,0,0
111.394,0.2059,0,0,0,0
111.414,0.2059,0,0,0,0
111.449,0.2059,0,0,0,0
111.481,0.2059,0,0,0,0
111.514,0.2059,0,0,0,0
111.547,0.2059,0,0,0,0
111.580,0.2059,0,0,0,0
111.612,0.2059,0,0,0,0
111.649,0.2059,0,0,0,0
111.682,0.2059,0,0,0,0
111.714,0.2059,0,0,0,0
111.747,0.2059,0,0,0,0
111.779,0.2059,0,0,0,0
111.815,0.2059,0,0,0,0
111.847,0.2059,0,0,0,0
111.880,0.2059,0,0,0,0
111.912,0.2059,0,0,0,0
111.949,0.2059,0,0,0,0
111.982,0.2059,0,0,0,0
112.015,0.2059,0,0,0,0
112.045,0.2059,0,0,0,0
112.082,0.2059,0,0,0,0
112.115,0.2059,0,0,0,0
112.148,0.2059,0,0,0,0
112.180,0.2059,0,0,0,0
112.213,0.2059,0,0,0,0
112.249,0.2059,0,0,0,0
112.281,0.2059,0,0,0,0
112.313,0.2059,0,0,0,0
112.345,0.2059,0,0,0,0
112.381,0.2059,0,0,0,0
112.414,0.2059,0,0,0,0
112.446,0.2059,0,0,0,0
112.482,0.2059,0,0,0,0
112.514,0.2059,0,0,0,0
112.546,0.2059,0,0,0,0
112.582,0.2059,0,0,0,0
112.613,0.2059,0,0,0,0
112.646,0.2059,0,0,0,0
112.681,0.2059,0,0,0,0
112.714,0.2059,0,0,0,0
112.746,0.2059,0,0,0,0
112.782,0.2059,0,0,0,0
112.813,0.2059,0,0,0,0
112.849,0.2059,0,0,0,0
112.881,0.2059,0,0,0,0
112.913,0.2059,0,0,0,0
112.946,0.2059,0,0,0,0
112.982,0.2059,0,0,0,0
113.014,0.2059,0,0,0,0
113.046,0.2059,0,0,0,0
113.082,0.2059,0,0,0,0
113.114,0.2059,0,0,0,0
113.146,0.2059,0,0,0,0
113.182,0.2059,0,0,0,0
113.214,0.2059,0,0,0,0
113.246,0.2059,0,0,0,0
113.282,0.2059,0,0,0,0
113.313,0.2059,0,0,0,0
113.349,0.2059,0,0,0,0
113.381,0.2059,0,0,0,0
113.413,0.2059,0,0,0,0
113.445,0.2059,0,0,0,0
113.481,0.2059,0,0,0,0
113.513,0.2059,0,0,0,0
113.546,0.2059,0,0,0,0
113.582,0.2059,0,0,0,0
113.615,0.2059,0,0,0,0
113.647,0.2059,0,0,0,0
113.679,0.2059,0,0,0,0
113.715,0.2059,0,0,0,0
113.746,0.2059,0,0,0,0
113.781,0.2059,0,0,0,0
113.813,0.2059,0,0,0,0
113.845,0.2059,0,0,0,0
113.881,0.2059,0,0,0,0
113.913,0.2059,0,0,0,0
113.945,0.2059,0,0,0,0
113.981,0.2059,0,0,0,0
114.013,0.2059,0,0,0,0
114.049,0.2059,0,0,0,0
114.081,0.2059,0,0,0,0
114.113,0.2059,0,0,0,0
114.146,0.2059,0,0,0,0
114.179,0.2059,0,0,0,0
114.215,0.2059,0,0,0,0
114.245,0.2059,0,0,0,0
114.281,0.2059,0,0,0,0
114.314,0.2059,0,0,0,0
114.347,0.2059,0,0,0,0
114.377,0.2059,0,0,0,0
114.415,0.2059,0,0,0,0
114.448,0.2059,0,0,0,0
114.481,0.2059,0,0,0,0
114.514,0.2059,0,0,0,0
114.546,0.2059,0,0,0,0
114.579,0.2059,0,0,0,0
114.615,0.2059,0,0,0,0
114.647,0.2059,0,0,0,0
114.679,0.2059,0,0,0,0
114.715,0.2059,0,0,0,0
114.747,0.2059,0,0,0,0
114.779,0.2059,0,0,0,0
114.815,0.2059,0,0,0,0
114.848,0.2059,0,0,0,0
114.880,0.2059,0,0,0,0
114.912,0.2059,0,0,0,0
114.945,0.2059,0,0,0,0
114.982,0.2059,0,0,0,0
115.014,0.2059,0,0,0,0
115.047,0.2059,0,0,0,0
115.080,0.2059,0,0,0,0
115.113,0.2059,0,0,0,0
115.146,0.2059,0,0,0,0
115.180,0.2059,0,0,0,0
115.214,0.2059,0,0,0,0
115.246,0.2059,0,0,0,0
115.282,0.2059,0,0,0,0
115.315,0.2059,0,0,0,0
115.349,0.2059,0,0,0,0
115.381,0.2059,0,0,0,0
115.415,0.2059,0,0,0,0
115.444,0.2059,0,0,0,0
115.482,0.2059,0,0,0,0
115.514,0.2059,0,0,0,0
115.546,0.2059,0,0,0,0
115.584,0.2059,0,0,0,0
115.612,0.2059,0,0,0,0
115.648,0.2059,0,0,0,0
115.680,0.2059,0,0,0,0
115.713,0.2059,0,0,0,0
115.747,0.2059,0,0,0,0
115.779,0.2059,0,0,0,0
115.814,0.2059,0,0,0,0
115.846,0.2059,0,0,0,0
115.879,0.2059,0,0,0,0
115.915,0.2059,0,0,0,0
115.948,0.2059,0,0,0,0
115.980,0.2059,0,0,0,0
116.013,0.2059,0,0,0,0
116.047,0.2059,0,0,0,0
116.083,0.2059,0,0,0,0
116.113,0.2059,0,0,0,0
116.146,0.2059,0,0,0,0
116.180,0.2059,0,0,0,0
116.213,0.2059,0,0,0,0
116.245,0.2059,0,0,0,0
116.282,0.2059,0,0,0,0
116.314,0.2059,0,0,0,0
116.347,0.2059,0,0,0,0
116.379,0.2059,0,0,0,0
116.412,0.2059,0,0,0,0
116.444,0.2059,0,0,0,0
116.479,0.2059,0,0,0,0
116.512,0.2059,0,0,0,0
116.548,0.2059,0,0,0,0
116.578,0.2059,0,0,0,0
116.615,0.2059,0,0,0,0
116.650,0.2059,0,0,0,0
116.682,0.2059,0,0,0,0
116.711,0.2059,0,0,0,0
116.747,0.2059,0,0,0,0
116.780,0.2059,0,0,0,0
116.813,0.2059,0,0,0,0
116.846,0.2059,0,0,0,0
116.881,0.2059,0,0,0,0
116.916,0.2059,0,0,0,0
116.948,0.2059,0,0,0,0
116.979,0.2059,0,0,0,0
117.016,0.2059,0,0,0,0
117.048,0.2059,0,0,0,0
117.079,0.2059,0,0,0,0
117.112,0.2059,0,0,0,0
117.149,0.2059,0,0,0,0
117.180,0.2059,0,0,0,0
117.213,0.2059,0,0,0,0
117.245,0.2059,0,0,0,0
117.280,0.2059,0,0,0,0
117.313,0.2059,0,0,0,0
117.348,0.2059,0,0,0,0
117.380,0.2059,0,0,0,0
117.416,0.2059,0,0,0,0
117.446,0.2059,0,0,0,0
117.480,0.2059,0,0,0,0
117.512,0.2059,0,0,0,0
117.546,0.2059,0,0,0,0
117.581,0.2059,0,0,0,0
117.612,0.2059,0,0,0,0
117.646,0.2059,0,0,0,0
117.681,0.2059,0,0,0,0
117.713,0.2059,0,0,0,0
117.750,0.2059,0,0,0,0
117.781,0.2059,0,0,0,0
117.812,0.2059,0,0,0,0
117.847,0.2059,0,0,0,0
117.882,0.2059,0,0,0,0
117.913,0.2059,0,0,0,0
117.948,0.2059,0,0,0,0
117.979,0.2059,0,0,0,0
118.012,0.2059,0,0,0,0
118.050,0.2059,0,0,0,0
118.080,0.2059,0,0,0,0
118.112,0.2059,0,0,0,0
118.145,0.2059,0,0,0,0
118.180,0.2059,0,0,0,0
118.214,0.2059,0,0,0,0
118.249,0.2059,0,0,0,0
118.280,0.2059,0,0,0,0
118.312,0.2059,0,0,0,0
118.348,0.2059,0,0,0,0
118.380,0.2059,0,0,0,0
118.415,0.2059,0,0,0,0
118.449,0.2059,0,0,0,0
118.479,0.2059,0,0,0,0
118.512,0.2059,0,0,0,0
118.549,0.2059,0,0,0,0
118.580,0.2059,0,0,0,0
118.614,0.2059,0,0,0,0
118.647,0.2059,0,0,0,0
118.678,0.2059,0,0,0,0
118.714,0.2059,0,0,0,0
118.748,0.2059,0,0,0,0
118.779,0.2059,0,0,0,0
118.812,0.2059,0,0,0,0
118.849,0.2059,0,0,0,0
118.879,0.2059,0,0,0,0
118.914,0.2059,0,0,0,0
118.949,0.2059,0,0,0,0
118.981,0.2059,0,0,0,0
119.010,0.2059,0,0,0,0
119.048,0.2059,0,0,0,0
119.082,0.2059,0,0,0,0
119.114,0.2059,0,0,0,0
119.149,0.2059,0,0,0,0
119.179,0.2059,0,0,0,0
119.216,0.2059,0,0,0,0
119.247,0.2059,0,0,0,0
119.281,0.2059,0,0,0,0
119.312,0.2059,0,0,0,0
119.347,0.2059,0,0,0,0
119.379,0.2059,0,0,0,0
119.415,0.2059,0,0,0,0
119.449,0.2059,0,0,0,0
119.481,0.2059,0,0,0,0
119.512,0.2059,0,0,0,0
119.548,0.2059,0,0,0,0
119.582,0.2059,0,0,0,0
119.613,0.2059,0,0,0,0
119.646,0.2059,0,0,0,0
119.680,0.2059,0,0,0,0
119.714,0.2059,0,0,0,0
119.746,0.2059,0,0,0,0
119.780,0.2059,0,0,0,0
119.812,0.2059,0,0,0,0
119.849,0.2059,0,0,0,0
119.879,0.2059,0,0,0,0
119.913,0.2059,0,0,0,0
119.947,0.2059,0,0,0,0
119.979,0.2059,0,0,0,0
120.015,0.2059,0,0,0,0
120.045,0.2059,0,0,0,0
120.079,0.2059,0,0,0,0
120.114,0.2059,0,0,0,0
120.149,0.2059,0,0,0,0
120.178,0.2059,0,0,0,0
120.214,0.2059,0,0,0,0
120.246,0.2059,0,0,0,0
120.279,0.2059,0,0,0,0
120.312,0.2059,0,0,0,0
120.347,0.2059,0,0,0,0
120.382,0.2059,0,0,0,0
120.413,0.2059,0,0,0,0
120.445,0.2059,0,0,0,0
120.481,0.2059,0,0,0,0
120.513,0.2059,0,0,0,0
120.549,0.2059,0,0,0,0
120.580,0.2059,0,0,0,0
120.616,0.2059,0,0,0,0
120.647,0.2059,0,0,0,0
120.683,0.2059,0,0,0,0
120.714,0.2059,0,0,0,0
120.746,0.2059,0,0,0,0
120.781,0.2059,0,0,0,0
120.814,0.2059,0,0,0,0
120.848,0.2059,0,0,0,0
120.878,0.2059,0,0,0,0
120.914,0.2059,0,0,0,0
120.949,0.2059,0,0,0,0
120.980,0.2059,0,0,0,0
121.012,0.2059,0,0,0,0
121.048,0.2059,0,0,0,0
121.081,0.2059,0,0,0,0
121.115,0.2059,0,0,0,0
121.146,0.2059,0,0,0,0
121.182,0.2059,0,0,0,0
121.212,0.2059,0,0,0,0
121.247,0.2059,0,0,0,0
121.282,0.2059,0,0,0,0
121.313,0.2059,0,0,0,0
121.347,0.2059,0,0,0,0
121.381,0.2059,0,0,0,0
121.413,0.2059,0,0,0,0
121.446,0.2059,0,0,0,0
121.480,0.2059,0,0,0,0
121.512,0.2059,0,0,0,0
121.547,0.2059,0,0,0,0
121.581,0.2059,0,0,0,0
121.615,0.2059,0,0,0,0
121.646,0.2059,0,0,0,0
121.681,0.2059,0,0,0,0
121.713,0.2059,0,0,0,0
121.746,0.2059,0,0,0,0
121.781,0.2059,0,0,0,0
121.813,0.2059,0,0,0,0
121.846,0.2059,0,0,0,0
121.881,0.2059,0,0,0,0
121.913,0.2059,0,0,0,0
121.947,0.2059,0,0,0,0
121.979,0.2059,0,0,0,0
122.016,0.2059,0,0,0,0
122.045,0.2059,0,0,0,0
122.080,0.2059,0,0,0,0
122.116,0.2059,0,0,0,0
122.145,0.2059,0,0,0,0
122.179,0.2059,0,0,0,0
122.215,0.2059,0,0,0,0
122.247,0.2059,0,0,0,0
122.279,0.2059,0,0,0,0
122.311,0.2059,0,0,0,0
122.348,0.2059,0,0,0,0
122.380,0.2059,0,0,0,0
122.413,0.2059,0,0,0,0
122.445,0.2059,0,0,0,0
122.480,0.2059,0,0,0,0
122.513,0.2059,0,0,0,0
122.549,0.2059,0,0,0,0
122.579,0.2059,0,0,0,0
122.612,0.2059,0,0,0,0
122.650,0.2059,0,0,0,0
122.682,0.2059,0,0,0,0
122.714,0.2059,0,0,0,0
122.746,0.2059,0,0,0,0
122.782,0.2059,0,0,0,0
122.817,0.2059,0,0,0,0
122.855,0.2059,0,0,0,0
122.879,0.2059,0,0,0,0
122.913,0.2059,0,0,0,0
122.946,0.2059,0,0,0,0
122.980,0.2059,0,0,0,0
123.011,0.2059,0,0,0,0
123.048,0.2059,0,0,0,0
123.081,0.2059,0,0,0,0
123.116,0.2059,0,0,0,0
123.147,0.2059,0,0,0,0
123.178,0.2059,0,0,0,0
123.212,0.2059,0,0,0,0
123.246,0.2059,0,0,0,0
123.279,0.2059,0,0,0,0
123.315,0.2059,0,0,0,0
123.348,0.2059,0,0,0,0
123.379,0.2059,0,0,0,0
123.412,0.2059,0,0,0,0
123.446,0.2059,0,0,0,0
123.478,0.2059,0,0,0,0
123.514,0.2059,0,0,0,0
123.549,0.2059,0,0,0,0
123.606,0.2059,0,0,0,0
123.618,0.2059,0,0,0,0
123.655,0.2059,0,0,0,0
123.687,0.2059,0,0,0,0
123.722,0.2059,0,0,0,0
123.754,0.2059,0,0,0,0
123.789,0.2059,0,0,0,0
123.822,0.2059,0,0,0,0
123.854,0.2059,0,0,0,0
123.893,0.2059,0,0,0,0
123.926,0.2059,0,0,0,0
123.958,0.2059,0,0,0,0
123.989,0.2059,0,0,0,0
124.023,0.2059,0,0,0,0
124.053,0.2059,0,0,0,0
124.091,0.2059,0,0,0,0
124.126,0.2059,0,0,0,0
124.159,0.2059,0,0,0,0
124.189,0.2059,0,0,0,0
124.222,0.2059,0,0,0,0
124.255,0.2059,0,0,0,0
124.286,0.2059,0,0,0,0
124.328,0.2059,0,0,0,0
124.352,0.2059,0,0,0,0
124.388,0.2059,0,0,0,0
124.421,0.2059,0,0,0,0
124.455,0.2059,0,0,0,0
124.488,0.2059,0,0,0,0
124.523,0.2059,0,0,0,0
124.553,0.2059,0,0,0,0
124.587,0.2059,0,0,0,0
124.622,0.2059,0,0,0,0
124.656,0.2059,0,0,0,0
124.690,0.2059,0,0,0,0
124.720,0.2059,0,0,0,0
124.755,0.2059,0,0,0,0
124.789,0.2059,0,0,0,0
124.820,0.2059,0,0,0,0
124.854,0.2059,0,0,0,0
124.889,0.2059,0,0,0,0
124.922,0.2059,0,0,0,0
124.955,0.2059,0,0,0,0
124.989,0.2059,0,0,0,0
125.023,0.2059,0,0,0,0
125.053,0.2059,0,0,0,0
125.089,0.2059,0,0,0,0
125.119,0.2059,0,0,0,0
125.154,0.2059,0,0,0,0
125.187,0.2059,0,0,0,0
125.220,0.2059,0,0,0,0
125.257,0.2059,0,0,0,0
125.287,0.2059,0,0,0,0
125.322,0.2059,0,0,0,0
125.353,0.2059,0,0,0,0
125.389,0.2059,0,0,0,0
125.421,0.2059,0,0,0,0
125.453,0.2059,0,0,0,0
125.489,0.2059,0,0,0,0
125.522,0.2059,0,0,0,0
125.556,0.2059,0,0,0,0
125.588,0.2059,0,0,0,0
125.622,0.2059,0,0,0,0
125.655,0.2059,0,0,0,0
125.686,0.2059,0,0,0,0
125.722,0.2059,0,0,0,0
125.755,0.2059,0,0,0,0
125.790,0.2059,0,0,0,0
125.823,0.2059,0,0,0,0
125.854,0.2059,0,0,0,0
125.888,0.2059,0,0,0,0
125.922,0.2059,0,0,0,0
125.955,0.2059,0,0,0,0
125.988,0.2059,0,0,0,0
126.021,0.2059,0,0,0,0
126.055,0.2059,0,0,0,0
126.089,0.2059,0,0,0,0
126.123,0.2059,0,0,0,0
126.157,0.2059,0,0,0,0
126.186,0.2059,0,0,0,0
126.222,0.2059,0,0,0,0
126.254,0.2059,0,0,0,0
126.289,0.2059,0,0,0,0
126.322,0.2059,0,0,0,0
126.353,0.2059,0,0,0,0
126.387,0.2059,0,0,0,0
126.423,0.2059,0,0,0,0
126.456,0.2059,0,0,0,0
126.488,0.2059,0,0,0,0
126.521,0.2059,0,0,0,0
126.553,0.2059,0,0,0,0
126.590,0.2059,0,0,0,0
126.623,0.2059,0,0,0,0
126.655,0.2059,0,0,0,0
126.687,0.2059,0,0,0,0
126.720,0.2059,0,0,0,0
126.753,0.2059,0,0,0,0
126.789,0.2059,0,0,0,0
126.822,0.2059,0,0,0,0
126.856,0.2059,0,0,0,0
126.889,0.2059,0,0,0,0
126.922,0.2059,0,0,0,0
126.954,0.2059,0,0,0,0
126.988,0.2059,0,0,0,0
127.020,0.2059,0,0,0,0
127.053,0.2059,0,0,0,0
127.086,0.2059,0,0,0,0
127.122,0.2059,0,0,0,0
127.153,0.2059,0,0,0,0
127.187,0.2059,0,0,0,0
127.220,0.2059,0,0,0,0
127.256,0.2059,0,0,0,0
127.287,0.2059,0,0,0,0
127.321,0.2059,0,0,0,0
127.355,0.2059,0,0,0,0
127.389,0.2059,0,0,0,0
127.422,0.2059,0,0,0,0
127.457,0.2059,0,0,0,0
127.489,0.2059,0,0,0,0
127.519,0.2059,0,0,0,0
127.553,0.2059,0,0,0,0
127.587,0.2059,0,0,0,0
127.623,0.2059,0,0,0,0
127.657,0.2059,0,0,0,0
127.686,0.2059,0,0,0,0
127.723,0.2059,0,0,0,0
127.756,0.2059,0,0,0,0
127.786,0.2059,0,0,0,0
127.823,0.2059,0,0,0,0
127.854,0.2059,0,0,0,0
127.887,0.2059,0,0,0,0
127.921,0.2059,0,0,0,0
127.953,0.2059,0,0,0,0
127.986,0.2059,0,0,0,0
128.022,0.2059,0,0,0,0
128.055,0.2059,0,0,0,0
128.089,0.2059,0,0,0,0
128.122,0.2059,0,0,0,0
128.156,0.2059,0,0,0,0
128.189,0.2059,0,0,0,0
128.222,0.2059,0,0,0,0
128.254,0.2059,0,0,0,0
128.289,0.2059,0,0,0,0
128.322,0.2020,0,7,7,0
128.356,0.1975,0,7,7,0
128.390,0.1925,0,7,7,0
128.420,0.1890,0,7,7,0
128.454,0.1941,0,7,7,0
128.489,0.1990,0,7,7,0
128.521,0.2030,0,7,7,0
128.557,0.2069,0,7,7,0
128.588,0.2099,0,7,7,0
128.621,0.2128,0,7,7,0
128.654,0.2151,0,7,7,0
128.688,0.2151,0,7,7,0
128.721,0.2151,0,7,7,0
128.755,0.2151,0,7,7,0
128.788,0.2151,0,7,7,0
128.823,0.2151,0,7,7,0
128.854,0.2151,0,7,7,0
128.887,0.2151,0,7,7,0
128.923,0.2151,0,7,7,0
128.955,0.2151,0,7,7,0
128.990,0.2151,0,7,7,0
129.020,0.2151,0,7,7,0
129.053,0.2151,0,7,7,0
129.088,0.2151,0,7,7,0
129.123,0.2151,0,7,7,0
129.153,0.2151,0,7,7,0
129.187,0.2151,0,7,7,0
129.223,0.2151,0,7,7,0
129.256,0.2170,0,7,7,0
129.288,0.2183,0,7,7,0
129.322,0.2193,0,7,7,0
129.354,0.2197,0,7,7,0
129.388,0.2198,0,7,7,0
129.423,0.2193,0,7,7,0
129.455,0.2184,0,7,7,0
129.487,0.2170,0,7,7,0
129.521,0.2151,0,7,7,0
129.553,0.2128,0,7,7,0
129.589,0.2098,0,7,7,0
129.621,0.2098,0,7,7,0
129.657,0.2098,0,7,7,0
129.688,0.2098,0,7,7,0
129.722,0.2098,0,7,7,0
129.756,0.2098,0,7,7,0
129.789,0.2098,0,7,7,0
129.822,0.2098,0,7,7,0
129.856,0.2098,0,7,7,0
129.887,0.2098,0,7,7,0
129.922,0.2098,0,7,7,0
129.956,0.2098,0,7,7,0
129.988,0.2098,0,7,7,0
130.022,0.2098,0,7,7,0
130.057,0.2098,0,7,7,0
130.088,0.2098,0,7,7,0
130.123,0.2098,0,7,7,0
130.155,0.2098,0,7,7,0
130.189,0.2098,0,7,7,0
130.220,0.2098,0,7,7,0
130.254,0.2098,0,7,7,0
130.286,0.2098,0,7,7,0
130.321,0.2098,0,7,7,0
130.353,0.2066,0,7,7,0
130.389,0.2026,0,7,7,0
130.423,0.1984,0,7,7,0
130.455,0.1939,0,7,7,0
130.488,0.1889,0,7,7,0
130.522,0.1920,0,7,7,0
130.560,0.1920,0,7,7,0
130.593,0.1920,0,7,7,0
130.627,0.1920,0,7,7,0
130.656,0.1920,0,7,7,0
130.686,0.1920,0,7,7,0
130.720,0.1920,0,7,7,0
130.753,0.1920,0,7,7,0
130.788,0.1920,0,7,7,0
130.822,0.1920,0,7,7,0
130.856,0.1969,0,7,7,0
130.889,0.2012,0,7,7,0
130.921,0.2052,0,7,7,0
130.955,0.2088,0,7,7,0
130.991,0.2121,0,7,7,0
131.023,0.2121,0,7,7,0
131.053,0.2121,0,7,7,0
131.090,0.2121,0,7,7,0
131.122,0.2121,0,7,7,0
131.155,0.2121,0,7,7,0
131.188,0.2121,0,7,7,0
131.220,0.2121,0,7,7,0
131.255,0.2121,0,7,7,0
131.288,0.2121,0,7,7,0
131.324,0.2121,0,7,7,0
131.355,0.2121,0,7,7,0
131.388,0.2121,0,7,7,0
131.422,0.2121,0,7,7,0
131.456,0.2121,0,7,7,0
131.487,0.2121,0,7,7,0
131.523,0.2121,0,7,7,0
131.555,0.2121,0,7,7,0
131.590,0.2121,0,7,7,0
131.621,0.2121,0,7,7,0
131.656,0.2121,0,7,7,0
131.688,0.2121,0,7,7,0
131.722,0.2114,0,7,7,0
131.756,0.2114,0,7,7,0
131.790,0.2114,0,7,7,0
131.820,0.2114,0,7,7,0
131.856,0.2114,0,7,7,0
131.887,0.2114,0,7,7,0
131.920,0.2114,0,7,7,0
131.957,0.2114,0,7,7,0
131.988,0.2114,0,7,7,0
132.020,0.2114,0,0,0,0
132.055,0.2114,0,0,0,0
132.087,0.2114,0,0,0,0
132.122,0.2114,0,0,0,0
132.153,0.2114,0,0,0,0
132.186,0.2114,0,0,0,0
132.227,0.2114,0,0,0,0
132.262,0.2114,0,0,0,0
132.294,0.2114,0,0,0,0
132.324,0.2114,0,0,0,0
132.355,0.2114,0,0,0,0
132.387,0.2114,0,0,0,0
132.419,0.2114,0,0,0,0
132.453,0.2114,0,0,0,0
132.486,0.2114,0,0,0,0
132.523,0.2114,0,0,0,0
132.556,0.2114,0,0,0,0
132.589,0.2114,0,0,0,0
132.622,0.2114,0,0,0,0
132.654,0.2114,0,0,0,0
132.688,0.2114,0,0,0,0
132.721,0.2114,0,0,0,0
132.753,0.2114,0,0,0,0
132.789,0.2114,0,0,0,0
132.823,0.2114,0,0,0,0
132.853,0.2114,0,0,0,0
132.887,0.2114,0,0,0,0
132.922,0.2114,0,0,0,0
132.954,0.2114,0,0,0,0
132.988,0.2114,0,0,0,0
133.021,0.2114,0,0,0,0
133.057,0.2114,0,0,0,0
133.089,0.2114,0,0,0,0
133.120,0.2114,0,0,0,0
133.156,0.2114,0,0,0,0
133.190,0.2114,0,0,0,0
133.219,0.2114,0,0,0,0
133.256,0.2114,0,0,0,0
133.286,0.2114,0,0,0,0
133.320,0.2114,0,0,0,0
133.355,0.2114,0,0,0,0
133.390,0.2114,0,0,0,0
133.420,0.2114,0,0,0,0
133.453,0.2114,0,0,0,0
133.490,0.2114,0,0,0,0
133.523,0.2114,0,0,0,0
133.555,0.2114,0,0,0,0
133.589,0.2114,0,0,0,0
133.620,0.2114,0,0,0,0
133.654,0.2114,0,0,0,0
133.689,0.2114,0,0,0,0
133.721,0.2114,0,0,0,0
133.755,0.2114,0,0,0,0
133.786,0.2114,0,0,0,0
133.823,0.2114,0,0,0,0
133.855,0.2114,0,0,0,0
133.889,0.2114,0,0,0,0
133.923,0.2114,0,0,0,0
133.955,0.2114,0,0,0,0
133.987,0.2114,0,0,0,0
134.023,0.2114,0,0,0,0
134.056,0.2114,0,0,0,0
134.088,0.2114,0,0,0,0
134.120,0.2114,0,0,0,0
134.153,0.2114,0,0,0,0
134.189,0.2114,0,0,0,0
134.222,0.2114,0,0,0,0
134.255,0.2114,0,0,0,0
134.287,0.2114,0,0,0,0
134.323,0.2114,0,0,0,0
134.357,0.2114,0,0,0,0
134.386,0.2114,0,0,0,0
134.419,0.2114,0,0,0,0
134.453,0.2114,0,0,0,0
134.489,0.2114,0,0,0,0
134.523,0.2114,0,0,0,0
134.555,0.2114,0,0,0,0
134.587,0.2114,0,0,0,0
134.623,0.2114,0,0,0,0
134.656,0.2114,0,0,0,0
134.689,0.2114,0,0,0,0
134.723,0.2114,0,0,0,0
134.754,0.2114,0,0,0,0
134.790,0.2114,0,0,0,0
134.822,0.2114,0,0,0,0
134.855,0.2114,0,0,0,0
134.891,0.2114,0,0,0,0
134.922,0.2114,0,0,0,0
134.956,0.2114,0,0,0,0
134.989,0.2114,0,0,0,0
135.021,0.2114,0,0,0,0
135.055,0.2114,0,0,0,0
135.090,0.2114,0,0,0,0
135.120,0.2114,0,0,0,0
135.154,0.2114,0,0,0,0
135.186,0.2114,0,0,0,0
135.223,0.2114,0,0,0,0
135.256,0.2114,0,0,0,0
135.288,0.2114,0,0,0,0
135.320,0.2114,0,0,0,0
135.356,0.2114,0,0,0,0
135.388,0.2114,0,0,0,0
135.423,0.2114,0,0,0,0
135.457,0.2114,0,0,0,0
135.486,0.2114,0,0,0,0
135.523,0.2114,0,0,0,0
135.555,0.2114,0,0,0,0
135.589,0.2114,0,0,0,0
135.624,0.2114,0,0,0,0
135.655,0.2114,0,0,0,0
135.688,0.2114,0,0,0,0
135.720,0.2114,0,0,0,0
135.753,0.2114,0,0,0,0
135.788,0.2114,0,0,0,0
135.824,0.2114,0,0,0,0
135.854,0.2114,0,0,0,0
135.889,0.2114,0,0,0,0
135.920,0.2114,0,0,0,0
135.956,0.2114,0,0,0,0
135.988,0.2114,0,0,0,0
136.021,0.2114,0,0,0,0
136.056,0.2114,0,0,0,0
136.088,0.2114,0,0,0,0
136.121,0.2114,0,0,0,0
136.154,0.2114,0,0,0,0
136.188,0.2114,0,0,0,0
136.221,0.2114,0,0,0,0
136.257,0.2114,0,0,0,0
136.289,0.2114,0,0,0,0
136.321,0.2140,0,7,7,0
136.355,0.2163,0,7,7,0
136.388,0.2181,0,7,7,0
136.420,0.2194,0,7,7,0
136.455,0.2203,0,7,7,0
136.488,0.2206,0,7,7,0
136.523,0.2205,0,7,7,0
136.553,0.2200,0,7,7,0
136.590,0.2188,0,7,7,0
136.621,0.2174,0,7,7,0
136.652,0.2155,0,7,7,0
136.690,0.2127,0,7,7,0
136.721,0.2099,0,7,7,0
136.753,0.2099,0,7,7,0
136.787,0.2129,0,7,7,0
136.820,0.2154,0,7,7,0
136.853,0.2173,0,7,7,0
136.889,0.2190,0,7,7,0
136.920,0.2199,0,7,7,0
136.954,0.2205,0,7,7,0
136.989,0.2206,0,7,7,0
137.021,0.2202,0,7,7,0
137.056,0.2193,0,7,7,0
137.089,0.2180,0,7,7,0
137.123,0.2161,0,7,7,0
137.154,0.2140,0,7,7,0
137.187,0.2112,0,7,7,0
137.220,0.2081,0,7,7,0
137.253,0.2045,0,7,7,0
137.289,0.2002,0,7,7,0
137.320,0.1960,0,7,7,0
137.356,0.1905,0,7,7,0
137.389,0.1903,0,7,7,0
137.421,0.1950,0,7,7,0
137.457,0.1999,0,7,7,0
137.490,0.2038,0,7,7,0
137.522,0.2073,0,7,7,0
137.555,0.2105,0,7,7,0
137.587,0.2131,0,7,7,0
137.623,0.2155,0,7,7,0
137.653,0.2172,0,7,7,0
137.689,0.2186,0,7,7,0
137.720,0.2194,0,7,7,0
137.753,0.2198,0,7,7,0
137.788,0.2197,0,7,7,0
137.820,0.2191,0,7,7,0
137.855,0.2191,0,7,7,0
137.888,0.2191,0,7,7,0
137.923,0.2191,0,7,7,0
137.956,0.2191,0,7,7,0
137.987,0.2191,0,7,7,0
138.023,0.2191,0,7,7,0
138.053,0.2191,0,7,7,0
138.089,0.2191,0,7,7,0
138.123,0.2191,0,7,7,0
138.155,0.2191,0,7,7,0
138.189,0.2191,0,7,7,0
138.223,0.2191,0,7,7,0
138.255,0.2191,0,7,7,0
138.289,0.2191,0,7,7,0
138.323,0.2191,0,7,7,0
138.356,0.2191,0,7,7,0
138.387,0.2191,0,7,7,0
138.421,0.2191,0,7,7,0
138.456,0.2191,0,7,7,0
138.489,0.2191,0,7,7,0
138.522,0.2191,0,7,7,0
138.557,0.2191,0,7,7,0
138.588,0.2191,0,7,7,0
138.620,0.2191,0,7,7,0
138.656,0.2191,0,0,0,0
138.688,0.2191,0,0,0,0
138.722,0.2191,0,0,0,0
138.755,0.2191,0,0,0,0
138.789,0.2191,0,0,0,0
138.822,0.2191,0,0,0,0
138.856,0.2191,0,0,0,0
138.888,0.2191,0,0,0,0
138.922,0.2191,0,0,0,0
138.954,0.2191,0,0,0,0
138.988,0.2191,0,0,0,0
139.023,0.2191,0,0,0,0
139.056,0.2191,0,0,0,0
139.088,0.2191,0,0,0,0
139.122,0.2191,0,0,0,0
139.156,0.2191,0,0,0,0
139.187,0.2191,0,0,0,0
139.220,0.2191,0,0,0,0
139.254,0.2191,0,0,0,0
139.287,0.2191,0,0,0,0
139.322,0.2191,0,0,0,0
139.357,0.2191,0,0,0,0
139.388,0.2191,0,0,0,0
139.423,0.2191,0,0,0,0
139.455,0.2191,0,0,0,0
139.490,0.2191,0,0,0,0
139.521,0.2191,0,0,0,0
139.556,0.2191,0,0,0,0
139.589,0.2191,0,0,0,0
139.619,0.2191,0,0,0,0
139.653,0.2191,0,0,0,0
139.689,0.2191,0,0,0,0
139.724,0.2191,0,0,0,0
139.757,0.2191,0,0,0,0
139.789,0.2191,0,0,0,0
139.821,0.2191,0,0,0,0
139.853,0.2191,0,0,0,0
139.888,0.2191,0,0,0,0
139.923,0.2191,0,0,0,0
139.954,0.2191,0,0,0,0
139.988,0.2191,0,0,0,0
140.022,0.2191,0,0,0,0
140.053,0.2191,0,0,0,0
140.086,0.2191,0,0,0,0
140.122,0.2191,0,0,0,0
140.153,0.2191,0,0,0,0
140.191,0.2191,0,0,0,0
140.221,0.2191,0,0,0,0
140.254,0.2191,0,0,0,0
140.288,0.2191,0,0,0,0
140.322,0.2191,0,0,0,0
140.356,0.2191,0,0,0,0
140.386,0.2191,0,0,0,0
140.423,0.2191,0,0,0,0
140.456,0.2191,0,0,0,0
140.487,0.2191,0,0,0,0
140.522,0.2191,0,0,0,0
140.555,0.2191,0,0,0,0
140.586,0.2191,0,0,0,0
140.622,0.2191,0,0,0,0
140.653,0.2191,0,0,0,0
140.689,0.2191,0,0,0,0
140.721,0.2191,0,0,0,0
140.755,0.2191,0,0,0,0
140.787,0.2191,0,0,0,0
140.823,0.2191,0,0,0,0
140.853,0.2191,0,0,0,0
140.889,0.2191,0,0,0,0
140.923,0.2191,0,0,0,0
140.955,0.2191,0,0,0,0
140.989,0.2191,0,0,0,0
141.022,0.2191,0,0,0,0
141.053,0.2191,0,0,0,0
141.088,0.2191,0,0,0,0
141.120,0.2191,0,0,0,0
141.155,0.2191,0,0,0,0
141.189,0.2191,0,0,0,0
141.224,0.2191,0,0,0,0
141.257,0.2191,0,0,0,0
141.287,0.2191,0,0,0,0
141.322,0.2191,0,0,0,0
141.355,0.2191,0,0,0,0
141.388,0.2191,0,0,0,0
141.420,0.2191,0,0,0,0
141.454,0.2191,0,0,0,0
141.487,0.2191,0,0,0,0
141.521,0.2191,0,0,0,0
141.555,0.2191,0,0,0,0
141.589,0.2191,0,0,0,0
141.621,0.2191,0,0,0,0
141.653,0.2191,0,0,0,0
141.690,0.2191,0,0,0,0
141.721,0.2191,0,0,0,0
141.755,0.2191,0,0,0,0
141.790,0.2191,0,0,0,0
141.823,0.2191,0,0,0,0
141.856,0.2191,0,0,0,0
141.888,0.2191,0,0,0,0
141.923,0.2191,0,0,0,0
141.956,0.2191,0,0,0,0
141.990,0.2191,0,0,0,0
142.019,0.2191,0,0,0,0
142.054,0.2191,0,0,0,0
142.090,0.2191,0,0,0,0
142.120,0.2191,0,0,0,0
142.155,0.2191,0,0,0,0
142.189,0.2191,0,0,0,0
142.224,0.2191,0,0,0,0
142.253,0.2191,0,0,0,0
142.286,0.2191,0,0,0,0
142.323,0.2191,0,0,0,0
142.356,0.2191,0,0,0,0
142.389,0.2191,0,0,0,0
142.423,0.2191,0,0,0,0
142.453,0.2191,0,0,0,0
142.489,0.2191,0,0,0,0
142.523,0.2191,0,0,0,0
142.554,0.2191,0,0,0,0
142.590,0.2191,0,0,0,0
142.621,0.2191,0,0,0,0
142.655,0.2191,0,0,0,0
142.689,0.2191,0,0,0,0
142.721,0.2191,0,0,0,0
142.754,0.2191,0,0,0,0
142.790,0.2191,0,0,0,0
142.820,0.2191,0,0,0,0
142.855,0.2191,0,0,0,0
142.888,0.2191,0,0,0,0
142.920,0.2191,0,0,0,0
142.953,0.2191,0,0,0,0
142.989,0.2191,0,0,0,0
143.022,0.2191,0,0,0,0
143.057,0.2191,0,0,0,0
143.088,0.2191,0,0,0,0
143.123,0.2191,0,0,0,0
143.156,0.2191,0,0,0,0
143.187,0.2191,0,0,0,0
143.221,0.2191,0,0,0,0
143.256,0.2191,0,0,0,0
143.288,0.2191,0,0,0,0
143.322,0.2191,0,0,0,0
143.356,0.2191,0,0,0,0
143.386,0.2191,0,0,0,0
143.423,0.2191,0,0,0,0
143.453,0.2191,0,0,0,0
143.489,0.2191,0,0,0,0
143.519,0.2191,0,0,0,0
143.553,0.2191,0,0,0,0
143.589,0.2191,0,0,0,0
143.623,0.2191,0,0,0,0
143.656,0.2191,0,0,0,0
143.689,0.2191,0,0,0,0
143.720,0.2191,0,0,0,0
143.755,0.2191,0,0,0,0
143.789,0.2191,0,0,0,0
143.822,0.2191,0,0,0,0
143.855,0.2191,0,0,0,0
143.887,0.2191,0,0,0,0
143.922,0.2191,0,0,0,0
143.954,0.2191,0,0,0,0
143.987,0.2191,0,0,0,0
144.021,0.2191,0,0,0,0
144.053,0.2191,0,0,0,0
144.089,0.2191,0,0,0,0
144.122,0.2191,0,0,0,0
144.156,0.2191,0,0,0,0
144.189,0.2191,0,0,0,0
144.222,0.2191,0,0,0,0
144.256,0.2191,0,0,0,0
144.288,0.2191,0,0,0,0
144.320,0.2191,0,0,0,0
144.356,0.2191,0,0,0,0
144.386,0.2191,0,0,0,0
144.422,0.2191,0,0,0,0
144.456,0.2191,0,0,0,0
144.489,0.2181,0,0,0,0
144.523,0.2166,0,7,7,0
144.557,0.2146,0,7,7,0
144.588,0.2122,0,7,7,0
144.622,0.2094,0,7,7,0
144.655,0.2060,0,7,7,0
144.689,0.2022,0,7,7,0
144.725,0.1975,0,7,7,0
144.755,0.1933,0,7,7,0
144.787,0.1885,0,7,7,0
144.822,0.1938,0,7,7,0
144.854,0.1984,0,7,7,0
144.889,0.2030,0,7,7,0
144.919,0.2065,0,7,7,0
144.954,0.2102,0,7,7,0
144.987,0.2131,0,7,7,0
145.020,0.2157,0,7,7,0
145.053,0.2177,0,7,7,0
145.089,0.2195,0,7,7,0
145.122,0.2205,0,7,7,0
145.156,0.2212,0,7,7,0
145.188,0.2212,0,7,7,0
145.223,0.2212,0,7,7,0
145.256,0.2212,0,7,7,0
145.288,0.2212,0,7,7,0
145.323,0.2212,0,7,7,0
145.355,0.2212,0,7,7,0
145.389,0.2212,0,7,7,0
145.422,0.2206,0,7,7,0
145.454,0.2195,0,7,7,0
145.490,0.2178,0,7,7,0
145.521,0.2159,0,7,7,0
145.554,0.2135,0,7,7,0
145.590,0.2103,0,7,7,0
145.622,0.2103,0,7,7,0
145.657,0.2103,0,7,7,0
145.688,0.2103,0,7,7,0
145.720,0.2172,0,7,7,0
145.755,0.2149,0,7,7,0
145.789,0.2121,0,7,7,0
145.822,0.2090,0,7,7,0
145.854,0.2055,0,7,7,0
145.888,0.2014,0,7,7,0
145.922,0.1968,0,7,7,0
145.955,0.1919,0,7,7,0
145.986,0.1898,0,7,7,0
146.020,0.1949,0,7,7,0
146.056,0.1998,0,7,7,0
146.089,0.2038,0,7,7,0
146.123,0.2074,0,7,7,0
146.156,0.2106,0,7,7,0
146.189,0.2133,0,7,7,0
146.222,0.2155,0,7,7,0
146.257,0.2174,0,7,7,0
146.288,0.2186,0,7,7,0
146.322,0.2194,0,7,7,0
146.356,0.2198,0,7,7,0
146.387,0.2197,0,7,7,0
146.423,0.2191,0,7,7,0
146.454,0.2181,0,7,7,0
146.488,0.2166,0,7,7,0
146.523,0.2145,0,7,7,0
146.556,0.2120,0,7,7,0
146.588,0.2092,0,7,7,0
146.622,0.2058,0,7,7,0
146.654,0.2020,0,7,7,0
146.687,0.1979,0,7,7,0
146.721,0.1979,0,7,7,0
146.755,0.1979,0,7,7,0
146.789,0.1979,0,7,7,0
146.822,0.1979,0,7,7,0
146.856,0.1979,0,7,7,0
146.889,0.1979,0,7,7,0
146.922,0.1979,0,7,7,0
146.955,0.1979,0,7,7,0
146.989,0.1979,0,7,7,0
147.021,0.1979,0,7,7,0
147.056,0.1979,0,7,7,0
147.087,0.1979,0,7,7,0
147.124,0.1928,0,7,7,0
147.154,0.1881,0,7,7,0
147.187,0.1926,0,7,7,0
147.220,0.1974,0,7,7,0
147.255,0.2020,0,7,7,0
147.288,0.2059,0,7,7,0
147.320,0.2092,0,7,7,0
147.354,0.2123,0,7,7,0
147.389,0.2150,0,7,7,0
147.422,0.2171,0,7,7,0
147.457,0.2171,0,7,7,0
147.487,0.2171,0,7,7,0
147.523,0.2171,0,7,7,0
147.553,0.2171,0,7,7,0
147.590,0.2171,0,7,7,0
147.623,0.2150,0,7,7,0
147.657,0.2124,0,7,7,0
147.689,0.2096,0,7,7,0
147.721,0.2063,0,7,7,0
147.756,0.2022,0,7,7,0
147.788,0.1980,0,7,7,0
147.819,0.1936,0,7,7,0
147.855,0.1881,0,7,7,0
147.886,0.1924,0,7,7,0
147.922,0.1975,0,7,7,0
147.957,0.2019,0,7,7,0
147.989,0.2056,0,7,7,0
148.023,0.2090,0,7,7,0
148.056,0.2120,0,7,7,0
148.088,0.2144,0,7,7,0
148.119,0.2163,0,7,7,0
148.156,0.2180,0,7,7,0
148.190,0.2191,0,7,7,0
148.222,0.2197,0,7,7,0
148.255,0.2198,0,7,7,0
148.289,0.2195,0,7,7,0
148.320,0.2187,0,7,7,0
148.356,0.2173,0,7,7,0
148.389,0.2156,0,7,7,0
148.420,0.2135,0,7,7,0
148.455,0.2107,0,7,7,0
148.488,0.2076,0,7,7,0
148.522,0.2039,0,7,7,0
148.557,0.1997,0,7,7,0
148.588,0.1956,0,7,7,0
148.622,0.1905,0,7,7,0
148.654,0.1914,0,7,7,0
148.687,0.1964,0,7,7,0
148.722,0.2011,0,7,7,0
148.754,0.2050,0,7,7,0
148.790,0.2089,0,7,7,0
148.822,0.2120,0,7,7,0
148.855,0.2147,0,7,7,0
148.888,0.2170,0,7,7,0
148.923,0.2188,0,7,7,0
148.953,0.2188,0,7,7,0
148.988,0.2188,0,7,7,0
149.023,0.2188,0,7,7,0
149.056,0.2188,0,7,7,0
149.087,0.2188,0,7,7,0
149.122,0.2188,0,7,7,0
149.156,0.2188,0,7,7,0
149.188,0.2188,0,7,7,0
149.222,0.2188,0,7,7,0
149.256,0.2188,0,7,7,0
149.288,0.2188,0,7,7,0
149.322,0.2188,0,7,7,0
149.355,0.2188,0,7,7,0
149.388,0.2188,0,7,7,0
149.423,0.2188,0,7,7,0
149.453,0.2188,0,7,7,0
149.490,0.2188,0,7,7,0
149.520,0.2188,0,7,7,0
149.556,0.2188,0,7,7,0
149.587,0.2188,0,7,7,0
149.624,0.2188,0,7,7,0
149.656,0.2188,0,7,7,0
149.689,0.2188,0,7,7,0
149.722,0.2188,0,7,7,0
149.754,0.2188,0,7,7,0
149.786,0.2188,0,7,7,0
149.820,0.2188,0,7,7,0
149.856,0.2188,0,7,7,0
149.886,0.2188,0,7,7,0
149.920,0.2188,0,7,7,0
149.956,0.2188,0,0,0,0
149.989,0.2188,0,0,0,0
150.019,0.2172,0,7,7,0
150.056,0.2148,0,7,7,0
150.089,0.2121,0,7,7,0
150.121,0.2121,0,7,7,0
150.153,0.2121,0,7,7,0
150.189,0.2121,0,7,7,0
150.220,0.2121,0,7,7,0
150.254,0.2121,0,7,7,0
150.288,0.2121,0,7,7,0
150.321,0.2121,0,7,7,0
150.356,0.2121,0,7,7,0
150.389,0.2121,0,7,7,0
150.423,0.2088,0,7,7,0
150.456,0.2053,0,7,7,0
150.489,0.2013,0,7,7,0
150.520,0.2013,0,7,7,0
150.555,0.2013,0,7,7,0
150.590,0.2013,0,7,7,0
150.622,0.2013,0,7,7,0
150.656,0.2013,0,7,7,0
150.688,0.2013,0,7,7,0
150.723,0.2013,0,7,7,0
150.756,0.2013,0,7,7,0
150.790,0.2013,0,7,7,0
150.821,0.2013,0,7,7,0
150.855,0.2013,0,7,7,0
150.889,0.2013,0,7,7,0
150.920,0.2013,0,7,7,0
150.955,0.2013,0,7,7,0
150.988,0.2013,0,7,7,0
151.019,0.2051,0,7,7,0
151.056,0.2091,0,7,7,0
151.086,0.2120,0,7,7,0
151.122,0.2120,0,7,7,0
151.156,0.2120,0,7,7,0
151.189,0.2120,0,7,7,0
151.222,0.2120,0,7,7,0
151.254,0.2120,0,7,7,0
151.288,0.2120,0,7,7,0
151.322,0.2120,0,7,7,0
151.354,0.2089,0,7,7,0
151.388,0.2052,0,7,7,0
151.419,0.2014,0,7,7,0
151.456,0.2014,0,7,7,0
151.490,0.2014,0,7,7,0
151.523,0.2014,0,7,7,0
151.553,0.2014,0,7,7,0
151.587,0.2014,0,7,7,0
151.621,0.2014,0,7,7,0
151.655,0.2014,0,7,7,0
151.689,0.2014,0,7,7,0
151.720,0.2014,0,7,7,0
151.754,0.2014,0,7,7,0
151.789,0.2014,0,7,7,0
151.823,0.2014,0,7,7,0
151.855,0.2014,0,7,7,0
151.886,0.2014,0,7,7,0
151.922,0.2014,0,7,7,0
151.957,0.2014,0,7,7,0
151.989,0.2014,0,7,7,0
152.021,0.2014,0,7,7,0
152.056,0.2014,0,7,7,0
152.089,0.2014,0,7,7,0
152.122,0.2014,0,7,7,0
152.155,0.2014,0,7,7,0
152.187,0.2014,0,7,7,0
152.221,0.2014,0,7,7,0
152.255,0.2014,0,7,7,0
152.288,0.2014,0,7,7,0
152.320,0.2014,0,7,7,0
152.356,0.2014,0,7,7,0
152.388,0.2014,0,7,7,0
152.420,0.2014,0,0,0,0
152.456,0.2014,0,0,0,0
152.488,0.2014,0,0,0,0
152.522,0.2014,0,0,0,0
152.554,0.2014,0,0,0,0
152.588,0.2014,0,0,0,0
152.621,0.2014,0,0,0,0
152.658,0.2014,0,0,0,0
152.686,0.2014,0,0,0,0
152.721,0.2014,0,0,0,0
152.756,0.2014,0,0,0,0
152.787,0.2014,0,0,0,0
152.821,0.2014,0,0,0,0
152.854,0.2014,0,0,0,0
152.889,0.2014,0,0,0,0
152.920,0.2014,0,0,0,0
152.956,0.2014,0,0,0,0
152.990,0.2014,0,0,0,0
153.020,0.2014,0,0,0,0
153.057,0.2059,0,7,7,0
153.090,0.2093,0,7,7,0
153.121,0.2123,0,7,7,0
153.153,0.2123,0,7,7,0
153.189,0.2123,0,7,7,0
153.221,0.2123,0,7,7,0
153.256,0.2123,0,7,7,0
153.289,0.2123,0,7,7,0
153.320,0.2123,0,7,7,0
153.355,0.2123,0,7,7,0
153.388,0.2091,0,7,7,0
153.423,0.2054,0,7,7,0
153.456,0.2014,0,7,7,0
153.486,0.2014,0,7,7,0
153.520,0.2014,0,7,7,0
153.555,0.2014,0,7,7,0
153.588,0.2014,0,7,7,0
153.622,0.2014,0,7,7,0
153.653,0.2014,0,7,7,0
153.688,0.2014,0,7,7,0
153.722,0.2014,0,7,7,0
153.754,0.2014,0,7,7,0
153.788,0.2014,0,7,7,0
153.822,0.2014,0,7,7,0
153.855,0.2014,0,7,7,0
153.890,0.2014,0,7,7,0
153.923,0.2014,0,7,7,0
153.955,0.2014,0,7,7,0
153.990,0.2014,0,7,7,0
154.020,0.2014,0,7,7,0
154.053,0.2014,0,7,7,0
154.090,0.2014,0,7,7,0
154.121,0.2014,0,7,7,0
154.156,0.2014,0,7,7,0
154.186,0.2014,0,7,7,0
154.220,0.2014,0,7,7,0
154.254,0.2014,0,7,7,0
154.288,0.2014,0,7,7,0
154.323,0.2014,0,7,7,0
154.356,0.2014,0,7,7,0
154.388,0.2014,0,7,7,0
154.421,0.2014,0,7,7,0
154.455,0.2014,0,7,7,0
154.489,0.2014,0,0,0,0
154.519,0.2014,0,0,0,0
154.554,0.2014,0,0,0,0
154.589,0.2014,0,0,0,0
154.623,0.2014,0,0,0,0
154.653,0.2014,0,0,0,0
154.691,0.2014,0,0,0,0
154.723,0.2014,0,0,0,0
154.755,0.2014,0,0,0,0
154.787,0.2014,0,0,0,0
154.823,0.2014,0,0,0,0
154.857,0.2014,0,0,0,0
154.888,0.2014,0,0,0,0
154.922,0.2014,0,0,0,0
154.956,0.2014,0,0,0,0
154.990,0.2014,0,0,0,0
155.020,0.2014,0,0,0,0
155.054,0.2014,0,0,0,0
155.088,0.2014,0,0,0,0
155.122,0.2014,0,0,0,0
155.156,0.2014,0,0,0,0
155.188,0.2014,0,0,0,0
155.222,0.2014,0,0,0,0
155.255,0.2014,0,0,0,0
155.289,0.2014,0,0,0,0
155.321,0.2014,0,0,0,0
155.355,0.2014,0,0,0,0
155.389,0.2014,0,0,0,0
155.421,0.2014,0,0,0,0
155.453,0.2014,0,0,0,0
155.486,0.2014,0,0,0,0
155.520,0.2014,0,0,0,0
155.553,0.2014,0,0,0,0
155.587,0.2014,0,0,0,0
155.622,0.2014,0,0,0,0
155.656,0.2014,0,0,0,0
155.686,0.2014,0,0,0,0
155.720,0.2014,0,0,0,0
155.756,0.2014,0,0,0,0
155.787,0.2014,0,0,0,0
155.823,0.2014,0,0,0,0
155.854,0.2014,0,0,0,0
155.890,0.2014,0,0,0,0
155.920,0.2014,0,0,0,0
155.953,0.2014,0,0,0,0
155.987,0.2014,0,0,0,0
156.020,0.2014,0,0,0,0
156.055,0.2014,0,0,0,0
156.088,0.2014,0,0,0,0
156.120,0.2014,0,0,0,0
156.153,0.2014,0,0,0,0
156.187,0.2014,0,0,0,0
156.221,0.2014,0,0,0,0
156.253,0.2014,0,0,0,0
156.286,0.2014,0,0,0,0
156.320,0.2014,0,0,0,0
156.355,0.2014,0,0,0,0
156.388,0.2014,0,0,0,0
156.419,0.2014,0,0,0,0
156.455,0.2014,0,0,0,0
156.490,0.2014,0,0,0,0
156.521,0.2014,0,0,0,0
156.556,0.2014,0,0,0,0
156.592,0.2014,0,0,0,0
156.622,0.2014,0,0,0,0
156.653,0.2014,0,0,0,0
156.688,0.2014,0,0,0,0
156.721,0.2014,0,0,0,0
156.753,0.2014,0,0,0,0
156.787,0.2014,0,0,0,0
156.820,0.2014,0,0,0,0
156.853,0.2014,0,0,0,0
156.889,0.2014,0,0,0,0
156.922,0.2014,0,0,0,0
156.953,0.2014,0,0,0,0
156.986,0.2014,0,0,0,0
157.020,0.2014,0,0,0,0
157.055,0.2014,0,0,0,0
157.148,0.2014,0,0,0,0
157.168,0.2014,0,0,0,0
157.200,0.2014,0,0,0,0
157.233,0.2014,0,0,0,0
157.268,0.2014,0,0,0,0
157.299,0.2014,0,0,0,0
157.334,0.2014,0,0,0,0
157.365,0.2014,0,0,0,0
157.398,0.2014,0,0,0,0
157.436,0.2014,0,0,0,0
157.465,0.2014,0,0,0,0
157.496,0.2014,0,0,0,0
157.533,0.2014,0,0,0,0
157.568,0.2014,0,0,0,0
157.602,0.2014,0,0,0,0
157.636,0.2014,0,0,0,0
157.668,0.2014,0,0,0,0
157.699,0.2014,0,0,0,0
157.736,0.2014,0,0,0,0
157.765,0.2014,0,0,0,0
157.800,0.2014,0,0,0,0
157.836,0.2014,0,0,0,0
157.866,0.2014,0,0,0,0
157.902,0.2014,0,0,0,0
157.932,0.2014,0,0,0,0
157.967,0.2014,0,0,0,0
158.002,0.2014,0,0,0,0
158.032,0.2014,0,0,0,0
158.067,0.2014,0,0,0,0
158.103,0.2014,0,0,0,0
158.132,0.2014,0,0,0,0
158.168,0.2014,0,0,0,0
158.202,0.2014,0,0,0,0
158.233,0.2014,0,0,0,0
158.267,0.2014,0,0,0,0
158.302,0.2014,0,0,0,0
158.333,0.2014,0,0,0,0
158.366,0.2014,0,0,0,0
158.398,0.2014,0,0,0,0
158.436,0.2014,0,0,0,0
158.467,0.2014,0,0,0,0
158.498,0.2014,0,0,0,0
158.534,0.2014,0,0,0,0
158.566,0.2014,0,0,0,0
158.602,0.2014,0,0,0,0
158.636,0.2014,0,0,0,0
158.665,0.2014,0,0,0,0
158.699,0.2014,0,0,0,0
158.733,0.2014,0,0,0,0
158.767,0.2014,0,0,0,0
158.802,0.2014,0,0,0,0
158.835,0.2014,0,0,0,0
158.865,0.2014,0,0,0,0
158.900,0.2014,0,0,0,0
158.934,0.2014,0,0,0,0
158.968,0.2014,0,0,0,0
159.002,0.2014,0,0,0,0
159.032,0.2014,0,0,0,0
159.066,0.2014,0,0,0,0
159.101,0.2014,0,0,0,0
159.132,0.2014,0,0,0,0
159.167,0.2014,0,0,0,0
159.202,0.2014,0,0,0,0
159.235,0.2014,0,0,0,0
159.265,0.2014,0,0,0,0
159.300,0.2014,0,0,0,0
159.334,0.2014,0,0,0,0
159.365,0.2014,0,0,0,0
159.402,0.2014,0,0,0,0
159.433,0.2014,0,0,0,0
159.465,0.2014,0,0,0,0
159.501,0.2014,0,0,0,0
159.533,0.2014,0,0,0,0
159.568,0.2014,0,0,0,0
159.598,0.2014,0,0,0,0
159.635,0.2014,0,0,0,0
159.665,0.2014,0,0,0,0
159.700,0.2014,0,0,0,0
159.735,0.2014,0,0,0,0
159.769,0.2014,0,0,0,0
159.799,0.2014,0,0,0,0
159.834,0.2014,0,0,0,0
159.868,0.2014,0,0,0,0
159.898,0.2014,0,0,0,0
159.933,0.2014,0,0,0,0
159.968,0.2014,0,0,0,0
160.002,0.2014,0,0,0,0
160.033,0.2014,0,0,0,0
160.067,0.2014,0,0,0,0
160.102,0.2014,0,0,0,0
160.131,0.2014,0,0,0,0
160.167,0.2014,0,0,0,0
160.202,0.2014,0,0,0,0
160.236,0.2014,0,0,0,0
160.266,0.2014,0,0,0,0
160.300,0.2014,0,0,0,0
160.335,0.2014,0,0,0,0
160.366,0.2014,0,0,0,0
160.404,0.2014,0,0,0,0
160.435,0.2014,0,0,0,0
160.466,0.2014,0,0,0,0
160.502,0.2014,0,0,0,0
160.534,0.2014,0,0,0,0
160.566,0.2014,0,0,0,0
160.598,0.2014,0,0,0,0
160.635,0.2014,0,0,0,0
160.666,0.2014,0,0,0,0
160.702,0.2014,0,0,0,0
160.732,0.2014,0,0,0,0
160.767,0.2014,0,0,0,0
160.801,0.2014,0,0,0,0
160.832,0.2014,0,0,0,0
160.870,0.2014,0,0,0,0
160.901,0.2014,0,0,0,0
160.929,0.2014,0,0,0,0
160.965,0.2014,0,0,0,0
160.998,0.2014,0,0,0,0
161.035,0.2014,0,0,0,0
161.069,0.2014,0,0,0,0
161.100,0.2014,0,0,0,0
161.136,0.2014,0,0,0,0
161.170,0.2014,0,0,0,0
161.202,0.2014,0,0,0,0
161.234,0.2014,0,0,0,0
161.268,0.2014,0,0,0,0
161.302,0.2014,0,0,0,0
161.335,0.2014,0,0,0,0
161.369,0.2014,0,0,0,0
161.399,0.2014,0,0,0,0
161.434,0.2014,0,0,0,0
161.469,0.2014,0,0,0,0
161.499,0.2014,0,0,0,0
161.532,0.2014,0,0,0,0
161.567,0.2014,0,0,0,0
161.602,0.2014,0,0,0,0
161.633,0.2014,0,0,0,0
161.669,0.2014,0,0,0,0
161.699,0.2014,0,0,0,0
161.735,0.2014,0,0,0,0
161.765,0.2014,0,0,0,0
161.802,0.2014,0,0,0,0
161.834,0.2014,0,0,0,0
161.865,0.2014,0,0,0,0
161.901,0.2014,0,0,0,0
161.932,0.2014,0,0,0,0
161.967,0.2014,0,0,0,0
162.000,0.2014,0,0,0,0
162.032,0.2014,0,0,0,0
162.067,0.2014,0,0,0,0
162.102,0.2014,0,0,0,0
162.135,0.2014,0,0,0,0
162.168,0.2014,0,0,0,0
162.201,0.2014,0,0,0,0
162.234,0.2014,0,0,0,0
162.266,0.2014,0,0,0,0
162.300,0.2014,0,0,0,0
162.334,0.2014,0,0,0,0
162.367,0.2014,0,0,0,0
162.401,0.2014,0,0,0,0
162.435,0.2014,0,0,0,0
162.469,0.2014,0,0,0,0
162.503,0.2014,0,0,0,0
162.532,0.2014,0,0,0,0
162.567,0.2014,0,0,0,0
162.602,0.2014,0,0,0,0
162.636,0.2014,0,0,0,0
162.663,0.2014,0,0,0,0
162.698,0.2014,0,0,0,0
162.731,0.2014,0,0,0,0
162.766,0.2014,0,0,0,0
162.800,0.2014,0,0,0,0
162.834,0.2014,0,0,0,0
162.869,0.2014,0,0,0,0
162.899,0.2014,0,0,0,0
162.933,0.2014,0,0,0,0
162.968,0.2014,0,0,0,0
163.002,0.2014,0,0,0,0
163.036,0.2014,0,0,0,0
163.070,0.2014,0,0,0,0
163.098,0.2014,0,0,0,0
163.132,0.2014,0,0,0,0
163.165,0.2014,0,0,0,0
163.199,0.2014,0,0,0,0
163.234,0.2014,0,0,0,0
163.267,0.2014,0,0,0,0
163.302,0.2014,0,0,0,0
163.335,0.2014,0,0,0,0
163.369,0.2014,0,0,0,0
163.398,0.2014,0,0,0,0
163.432,0.2014,0,0,0,0
163.467,0.2014,0,0,0,0
163.502,0.2014,0,0,0,0
163.535,0.2014,0,0,0,0
163.569,0.2014,0,0,0,0
163.603,0.2014,0,0,0,0
163.632,0.2014,0,0,0,0
163.667,0.2014,0,0,0,0
163.701,0.2014,0,0,0,0
163.735,0.2014,0,0,0,0
163.769,0.2014,0,0,0,0
163.801,0.2014,0,0,0,0
163.834,0.2014,0,0,0,0
163.869,0.2014,0,0,0,0
163.899,0.2014,0,0,0,0
163.934,0.2014,0,0,0,0
163.969,0.2014,0,0,0,0
163.999,0.2014,0,0,0,0
164.034,0.2014,0,0,0,0
164.069,0.2014,0,0,0,0
164.098,0.2014,0,0,0,0
164.134,0.2014,0,0,0,0
164.168,0.2014,0,0,0,0
164.203,0.2014,0,0,0,0
164.232,0.2014,0,0,0,0
164.267,0.2014,0,0,0,0
164.301,0.2014,0,0,0,0
164.335,0.2014,0,0,0,0
164.365,0.2014,0,0,0,0
164.400,0.2014,0,0,0,0
164.434,0.2014,0,0,0,0
164.469,0.2014,0,0,0,0
164.503,0.2014,0,0,0,0
164.532,0.2014,0,0,0,0
164.567,0.2014,0,0,0,0
164.601,0.2014,0,0,0,0
164.636,0.2014,0,0,0,0
164.666,0.2014,0,0,0,0
164.701,0.2014,0,0,0,0
164.736,0.2014,0,0,0,0
164.765,0.2014,0,0,0,0
164.800,0.2014,0,0,0,0
164.834,0.2014,0,0,0,0
164.868,0.2014,0,0,0,0
164.900,0.2014,0,0,0,0
164.935,0.2014,0,0,0,0
164.969,0.2014,0,0,0,0
164.999,0.2014,0,0,0,0
165.033,0.2014,0,0,0,0
165.068,0.2014,0,0,0,0
165.102,0.2014,0,0,0,0
165.132,0.2014,0,0,0,0
165.166,0.2014,0,0,0,0
165.201,0.2014,0,0,0,0
165.234,0.2014,0,0,0,0
165.269,0.2014,0,0,0,0
165.301,0.2014,0,0,0,0
165.332,0.2014,0,0,0,0
165.369,0.2014,0,0,0,0
165.401,0.2014,0,0,0,0
165.433,0.2014,0,0,0,0
165.466,0.2014,0,0,0,0
165.501,0.2014,0,0,0,0
165.532,0.2014,0,0,0,0
165.569,0.2014,0,0,0,0
165.599,0.2014,0,0,0,0
165.634,0.2014,0,0,0,0
165.669,0.2014,0,0,0,0
165.699,0.2014,0,0,0,0
165.734,0.2014,0,0,0,0
165.768,0.2014,0,0,0,0
165.799,0.2014,0,0,0,0
165.835,0.2014,0,0,0,0
165.866,0.2014,0,0,0,0
165.902,0.2014,0,0,0,0
165.932,0.2014,0,0,0,0
165.967,0.2014,0,0,0,0
165.999,0.2014,0,0,0,0
166.036,0.2014,0,0,0,0
166.065,0.2014,0,0,0,0
166.099,0.2014,0,0,0,0
166.134,0.2014,0,0,0,0
166.166,0.2014,0,0,0,0
166.201,0.2014,0,0,0,0
166.233,0.2014,0,0,0,0
166.269,0.2014,0,0,0,0
166.300,0.2014,0,0,0,0
166.332,0.2014,0,0,0,0
166.368,0.2014,0,0,0,0
166.400,0.2014,0,0,0,0
166.432,0.2014,0,0,0,0
166.469,0.2014,0,0,0,0
166.500,0.2014,0,0,0,0
166.536,0.2014,0,0,0,0
166.567,0.2014,0,0,0,0
166.603,0.2014,0,0,0,0
166.635,0.2014,0,0,0,0
166.666,0.2014,0,0,0,0
166.703,0.2014,0,0,0,0
166.733,0.2014,0,0,0,0
166.765,0.2014,0,0,0,0
166.802,0.2014,0,0,0,0
166.833,0.2014,0,0,0,0
166.870,0.2014,0,0,0,0
166.900,0.2014,0,0,0,0
166.932,0.2014,0,0,0,0
166.968,0.2014,0,0,0,0
166.999,0.2014,0,0,0,0
167.035,0.2014,0,0,0,0
167.066,0.2014,0,0,0,0
167.101,0.2014,0,0,0,0
167.136,0.2014,0,0,0,0
167.166,0.2014,0,0,0,0
167.199,0.2014,0,0,0,0
167.233,0.2014,0,0,0,0
167.268,0.2014,0,0,0,0
167.303,0.2014,0,0,0,0
167.333,0.2014,0,0,0,0
167.365,0.2014,0,0,0,0
167.400,0.2014,0,0,0,0
167.432,0.2014,0,0,0,0
167.469,0.2014,0,0,0,0
167.501,0.2014,0,0,0,0
167.532,0.2014,0,0,0,0
167.566,0.2014,0,0,0,0
167.598,0.2014,0,0,0,0
167.633,0.2014,0,0,0,0
167.665,0.2014,0,0,0,0
167.700,0.2014,0,0,0,0
167.736,0.2014,0,0,0,0
167.767,0.2014,0,0,0,0
167.804,0.2014,0,0,0,0
167.836,0.2014,0,0,0,0
167.867,0.2014,0,0,0,0
167.902,0.2014,0,0,0,0
167.933,0.2014,0,0,0,0
167.969,0.2014,0,0,0,0
168.001,0.2014,0,0,0,0
168.034,0.2014,0,0,0,0
168.068,0.2014,0,0,0,0
168.101,0.2014,0,0,0,0
168.133,0.2014,0,0,0,0
168.167,0.2014,0,0,0,0
168.199,0.2014,0,0,0,0
168.232,0.2014,0,0,0,0
168.269,0.2014,0,0,0,0
168.299,0.2014,0,0,0,0
168.333,0.2014,0,0,0,0
168.366,0.2014,0,0,0,0
168.400,0.2014,0,0,0,0
168.432,0.2014,0,0,0,0
168.466,0.2014,0,0,0,0
168.502,0.2014,0,0,0,0
168.535,0.2014,0,0,0,0
168.565,0.2014,0,0,0,0
168.599,0.2014,0,0,0,0
168.632,0.2014,0,0,0,0
168.668,0.2014,0,0,0,0
168.699,0.2014,0,0,0,0
168.735,0.2014,0,0,0,0
168.769,0.2014,0,0,0,0
168.802,0.2014,0,0,0,0
168.834,0.2014,0,0,0,0
168.867,0.2014,0,0,0,0
168.904,0.2014,0,0,0,0
168.932,0.2014,0,0,0,0
168.969,0.2014,0,0,0,0
169.001,0.2014,0,0,0,0
169.036,0.2014,0,0,0,0
169.065,0.2014,0,0,0,0
169.100,0.2014,0,0,0,0
169.132,0.2014,0,0,0,0
169.165,0.2014,0,0,0,0
169.198,0.2014,0,0,0,0
169.233,0.2014,0,0,0,0
169.266,0.2014,0,0,0,0
169.303,0.2014,0,0,0,0
169.335,0.2014,0,0,0,0
169.370,0.2014,0,0,0,0
169.403,0.2014,0,0,0,0
169.434,0.2014,0,0,0,0
169.466,0.2014,0,0,0,0
169.500,0.2014,0,0,0,0
169.532,0.2014,0,0,0,0
169.568,0.2014,0,0,0,0
169.602,0.2014,0,0,0,0
169.656,0.2014,0,0,0,0
169.674,0.2014,0,0,0,0
169.705,0.2014,0,0,0,0
169.740,0.2014,0,0,0,0
169.777,0.2014,0,0,0,0
169.803,0.2014,0,0,0,0
169.839,0.2014,0,0,0,0
169.873,0.2014,0,0,0,0
169.911,0.2014,0,0,0,0
169.941,0.2014,0,0,0,0
169.976,0.2014,0,0,0,0
170.006,0.2014,0,0,0,0
170.042,0.2014,0,0,0,0
170.076,0.2014,0,0,0,0
170.105,0.2014,0,0,0,0
170.144,0.2014,0,0,0,0
170.172,0.2014,0,0,0,0
170.205,0.2014,0,0,0,0
170.238,0.2014,0,0,0,0
170.273,0.2014,0,0,0,0
170.310,0.2014,0,0,0,0
170.340,0.2014,0,0,0,0
170.375,0.2014,0,0,0,0
170.406,0.2014,0,0,0,0
170.439,0.2014,0,0,0,0
170.471,0.2014,0,0,0,0
170.505,0.2014,0,0,0,0
170.539,0.2014,0,0,0,0
170.574,0.2014,0,0,0,0
170.607,0.2014,0,0,0,0
170.641,0.2014,0,0,0,0
170.676,0.2014,0,0,0,0
170.712,0.2014,0,0,0,0
170.741,0.2014,0,0,0,0
170.817,0.2014,0,0,0,0
170.836,0.2014,0,0,0,0
170.854,0.2014,0,0,0,0
170.891,0.2014,0,0,0,0
170.922,0.2014,0,0,0,0
170.958,0.2014,0,0,0,0
170.988,0.2014,0,0,0,0
171.022,0.2014,0,0,0,0
171.055,0.2014,0,0,0,0
171.086,0.2014,0,0,0,0
171.120,0.2014,0,0,0,0
171.154,0.2014,0,0,0,0
171.191,0.2014,0,0,0,0
171.220,0.2014,0,0,0,0
171.253,0.2014,0,0,0,0
171.288,0.2014,0,0,0,0
171.327,0.2014,0,0,0,0
171.355,0.2014,0,0,0,0
171.387,0.2014,0,0,0,0
171.424,0.2014,0,0,0,0
171.455,0.2014,0,0,0,0
171.488,0.2014,0,0,0,0
171.521,0.2014,0,0,0,0
171.557,0.2014,0,0,0,0
171.590,0.2014,0,0,0,0
171.622,0.2014,0,0,0,0
171.656,0.2014,0,0,0,0
171.690,0.2014,0,0,0,0
171.723,0.2014,0,0,0,0
171.757,0.2014,0,0,0,0
171.791,0.2014,0,0,0,0
171.824,0.2014,0,0,0,0
171.857,0.2014,0,0,0,0
171.888,0.2014,0,0,0,0
171.921,0.2014,0,0,0,0
171.957,0.2014,0,0,0,0
171.992,0.2014,0,0,0,0
172.020,0.2014,0,0,0,0
172.055,0.2014,0,0,0,0
172.090,0.2014,0,0,0,0
172.124,0.2014,0,0,0,0
172.156,0.2014,0,0,0,0
172.191,0.2014,0,0,0,0
172.221,0.2014,0,0,0,0
172.257,0.2014,0,0,0,0
172.291,0.2014,0,0,0,0
172.323,0.2014,0,0,0,0
172.357,0.2014,0,0,0,0
172.393,0.2014,0,0,0,0
172.427,0.2014,0,0,0,0
172.455,0.2014,0,0,0,0
172.489,0.2014,0,0,0,0
172.522,0.2014,0,0,0,0
172.556,0.2014,0,0,0,0
172.589,0.2014,0,0,0,0
172.619,0.2014,0,0,0,0
172.656,0.2014,0,0,0,0
172.689,0.2014,0,0,0,0
172.722,0.2014,0,0,0,0
172.755,0.2014,0,0,0,0
172.787,0.2014,0,0,0,0
172.824,0.2014,0,0,0,0
172.855,0.2014,0,0,0,0
172.891,0.2014,0,0,0,0
172.924,0.2014,0,0,0,0
172.958,0.2014,0,0,0,0
172.995,0.2014,0,0,0,0
173.023,0.2014,0,0,0,0
173.056,0.2014,0,0,0,0
173.093,0.2014,0,0,0,0
173.122,0.2014,0,0,0,0
173.154,0.2014,0,0,0,0
173.193,0.2014,0,0,0,0
173.220,0.2014,0,0,0,0
173.260,0.2014,0,0,0,0
173.291,0.2014,0,0,0,0
173.323,0.2014,0,0,0,0
173.362,0.2014,0,0,0,0
173.392,0.2014,0,0,0,0
173.425,0.2014,0,0,0,0
173.456,0.2014,0,0,0,0
173.489,0.2014,0,0,0,0
173.528,0.2014,0,0,0,0
173.555,0.2014,0,0,0,0
173.590,0.2014,0,0,0,0
173.621,0.2014,0,0,0,0
173.658,0.2014,0,0,0,0
173.693,0.2014,0,0,0,0
173.723,0.2014,0,0,0,0
173.759,0.2014,0,0,0,0
173.792,0.2014,0,0,0,0
173.824,0.2014,0,0,0,0
173.854,0.2014,0,0,0,0
173.891,0.2014,0,0,0,0
173.926,0.2014,0,0,0,0
173.956,0.2014,0,0,0,0
173.991,0.2014,0,0,0,0
174.027,0.2014,0,0,0,0
174.061,0.2014,0,0,0,0
174.089,0.2014,0,0,0,0
174.126,0.2014,0,0,0,0
174.154,0.2014,0,0,0,0
174.191,0.2014,0,0,0,0
174.226,0.2014,0,0,0,0
174.257,0.2014,0,0,0,0
174.295,0.2014,0,0,0,0
174.328,0.2014,0,0,0,0
174.356,0.2014,0,0,0,0
174.394,0.2014,0,0,0,0
174.426,0.2014,0,0,0,0
174.455,0.2014,0,0,0,0
174.490,0.2014,0,0,0,0
174.529,0.2014,0,0,0,0
174.558,0.2014,0,0,0,0
174.589,0.2014,0,0,0,0
174.625,0.2014,0,0,0,0
174.654,0.2014,0,0,0,0
174.693,0.2014,0,0,0,0
174.725,0.2014,0,0,0,0
174.758,0.2014,0,0,0,0
174.797,0.2014,0,0,0,0
174.820,0.2014,0,0,0,0
174.855,0.2014,0,0,0,0
174.889,0.2014,0,0,0,0
174.922,0.2014,0,0,0,0
174.959,0.2014,0,0,0,0
174.993,0.2014,0,0,0,0
175.024,0.2014,0,0,0,0
175.057,0.2014,0,0,0,0
175.093,0.2014,0,0,0,0
175.122,0.2014,0,0,0,0
175.154,0.2014,0,0,0,0
175.190,0.2014,0,0,0,0
175.226,0.2014,0,0,0,0
175.255,0.2014,0,0,0,0
175.292,0.2014,0,0,0,0
175.320,0.2014,0,0,0,0
175.357,0.2014,0,0,0,0
175.391,0.2014,0,0,0,0
175.424,0.2014,0,0,0,0
175.457,0.2014,0,0,0,0
175.490,0.2014,0,0,0,0
175.523,0.2014,0,0,0,0
175.554,0.2014,0,0,0,0
175.587,0.2014,0,0,0,0
175.622,0.2014,0,0,0,0
175.657,0.2014,0,0,0,0
175.689,0.2014,0,0,0,0
175.721,0.2014,0,0,0,0
175.759,0.2014,0,0,0,0
175.789,0.2014,0,0,0,0
175.828,0.2014,0,0,0,0
175.857,0.2014,0,0,0,0
175.895,0.2014,0,0,0,0
175.921,0.2014,0,0,0,0
175.959,0.2014,0,0,0,0
175.993,0.2014,0,0,0,0
176.024,0.2014,0,0,0,0
176.055,0.2014,0,0,0,0
176.091,0.2014,0,0,0,0
176.122,0.2014,0,0,0,0
176.154,0.2014,0,0,0,0
176.189,0.2014,0,0,0,0
176.222,0.2014,0,0,0,0
176.253,0.2014,0,0,0,0
176.295,0.2014,0,0,0,0
176.321,0.2014,0,0,0,0
176.354,0.2014,0,0,0,0
176.390,0.2014,0,0,0,0
176.426,0.2014,0,0,0,0
176.457,0.2014,0,0,0,0
176.492,0.2014,0,0,0,0
176.524,0.2014,0,0,0,0
176.556,0.2014,0,0,0,0
176.595,0.2014,0,0,0,0
176.621,0.2014,0,0,0,0
176.660,0.2014,0,0,0,0
176.687,0.2014,0,0,0,0
176.725,0.2014,0,0,0,0
176.755,0.2014,0,0,0,0
176.794,0.2014,0,0,0,0
176.822,0.2014,0,0,0,0
176.851,0.2014,0,0,0,0
176.895,0.2014,0,0,0,0
176.923,0.2014,0,0,0,0
176.956,0.2014,0,0,0,0
176.989,0.2014,0,0,0,0
177.023,0.2014,0,0,0,0
177.056,0.2014,0,0,0,0
177.089,0.2014,0,0,0,0
177.120,0.2014,0,0,0,0
177.160,0.2014,0,0,0,0
177.187,0.2014,0,0,0,0
177.223,0.2014,0,0,0,0
177.255,0.2014,0,0,0,0
177.293,0.2014,0,0,0,0
177.323,0.2014,0,0,0,0
177.358,0.2014,0,0,0,0
177.387,0.2014,0,0,0,0
177.426,0.2014,0,0,0,0
177.455,0.2014,0,0,0,0
177.490,0.2014,0,0,0,0
177.528,0.2014,0,0,0,0
177.559,0.2014,0,0,0,0
177.588,0.2014,0,0,0,0
177.625,0.2014,0,0,0,0
177.656,0.2014,0,0,0,0
177.691,0.2014,0,0,0,0
177.727,0.2014,0,0,0,0
177.758,0.2014,0,0,0,0
177.793,0.2014,0,0,0,0
177.822,0.2014,0,0,0,0
177.860,0.2014,0,0,0,0
177.891,0.2014,0,0,0,0
177.921,0.2014,0,0,0,0
177.957,0.2014,0,0,0,0
177.994,0.2014,0,0,0,0
178.025,0.2014,0,0,0,0
178.057,0.2014,0,0,0,0
178.089,0.2014,0,0,0,0
178.126,0.2014,0,0,0,0
178.158,0.2014,0,0,0,0
178.192,0.2014,0,0,0,0
178.224,0.2014,0,0,0,0
178.257,0.2014,0,0,0,0
178.288,0.2014,0,0,0,0
178.321,0.2014,0,0,0,0
178.358,0.2014,0,0,0,0
178.387,0.2014,0,0,0,0
178.427,0.2014,0,0,0,0
178.455,0.2014,0,0,0,0
178.487,0.2014,0,0,0,0
178.525,0.2014,0,0,0,0
178.555,0.2014,0,0,0,0
178.591,0.2014,0,0,0,0
178.628,0.2014,0,0,0,0
178.657,0.2014,0,0,0,0
178.692,0.2014,0,0,0,0
178.729,0.2014,0,0,0,0
178.758,0.2014,0,0,0,0
178.793,0.2014,0,0,0,0
178.822,0.2014,0,0,0,0
178.876,0.2014,0,0,0,0
178.888,0.2014,0,0,0,0
178.923,0.2014,0,0,0,0
178.962,0.2014,0,0,0,0
178.988,0.2014,0,0,0,0
179.021,0.2014,0,0,0,0
179.056,0.2014,0,0,0,0
179.094,0.2014,0,0,0,0
179.125,0.2014,0,0,0,0
179.157,0.2014,0,0,0,0
179.187,0.2014,0,0,0,0
179.222,0.2014,0,0,0,0
179.256,0.2014,0,0,0,0
179.287,0.2014,0,0,0,0
179.324,0.2014,0,0,0,0
179.362,0.2014,0,0,0,0
179.392,0.2014,0,0,0,0
179.421,0.2014,0,0,0,0
179.457,0.2014,0,0,0,0
179.487,0.2014,0,0,0,0
179.522,0.2014,0,0,0,0
179.555,0.2014,0,0,0,0
179.592,0.2014,0,0,0,0
179.622,0.2014,0,0,0,0
179.660,0.2014,0,0,0,0
179.691,0.2014,0,0,0,0
179.722,0.2014,0,0,0,0
179.755,0.2014,0,0,0,0
179.788,0.2014,0,0,0,0
179.822,0.2014,0,0,0,0
179.854,0.2014,0,0,0,0
179.888,0.2014,0,0,0,0
179.922,0.2014,0,0,0,0
179.956,0.2014,0,0,0,0
179.989,0.2014,0,0,0,0
180.022,0.2014,0,0,0,0
180.056,0.2014,0,0,0,0
180.090,0.2014,0,0,0,0
180.124,0.2014,0,0,0,0
180.155,0.2014,0,0,0,0
180.189,0.2014,0,0,0,0
180.231,0.2014,0,0,0,0
180.260,0.2014,0,0,0,0
180.292,0.2014,0,0,0,0
180.324,0.2014,0,0,0,0
180.359,0.2014,0,0,0,0
180.390,0.2014,0,0,0,0
180.427,0.2014,0,0,0,0
180.457,0.2014,0,0,0,0
180.495,0.2014,0,0,0,0
180.524,0.2014,0,0,0,0
180.560,0.2014,0,0,0,0
180.590,0.2014,0,0,0,0
180.625,0.2014,0,0,0,0
180.658,0.2014,0,0,0,0
180.693,0.2014,0,0,0,0
180.726,0.2014,0,0,0,0
180.759,0.2014,0,0,0,0
180.792,0.2014,0,0,0,0
180.826,0.2014,0,0,0,0
180.859,0.2014,0,0,0,0
180.888,0.2014,0,0,0,0
180.930,0.2014,0,0,0,0
180.958,0.2014,0,0,0,0
180.987,0.2014,0,0,0,0
181.025,0.2014,0,0,0,0
181.056,0.2014,0,0,0,0
181.091,0.2014,0,0,0,0
181.124,0.2014,0,0,0,0
181.160,0.2014,0,0,0,0
181.191,0.2014,0,0,0,0
181.228,0.2014,0,0,0,0
181.258,0.2014,0,0,0,0
181.288,0.2014,0,0,0,0
181.327,0.2014,0,0,0,0
181.362,0.2014,0,0,0,0
181.393,0.2014,0,0,0,0
181.428,0.2014,0,0,0,0
181.457,0.2014,0,0,0,0
181.493,0.2014,0,0,0,0
181.527,0.2014,0,0,0,0
181.561,0.2014,0,0,0,0
181.590,0.2014,0,0,0,0
181.623,0.2014,0,0,0,0
181.657,0.2014,0,0,0,0
181.692,0.2014,0,0,0,0
181.724,0.2014,0,0,0,0
181.758,0.2014,0,0,0,0
181.792,0.2014,0,0,0,0
181.825,0.2014,0,0,0,0
181.861,0.2014,0,0,0,0
181.895,0.2014,0,0,0,0
181.925,0.2014,0,0,0,0
181.961,0.2014,0,0,0,0
181.994,0.2014,0,0,0,0
182.035,0.2014,0,0,0,0
182.070,0.2014,0,0,0,0
182.094,0.2014,0,0,0,0
182.127,0.2014,0,0,0,0
182.159,0.2014,0,0,0,0
182.192,0.2014,0,0,0,0
182.236,0.2014,0,0,0,0
182.259,0.2014,0,0,0,0
182.294,0.2014,0,0,0,0
182.329,0.2014,0,0,0,0
182.353,0.2014,0,0,0,0
182.388,0.2014,0,0,0,0
182.424,0.2014,0,0,0,0
182.460,0.2014,0,0,0,0
182.491,0.2014,0,0,0,0
182.526,0.2014,0,0,0,0
182.561,0.2014,0,0,0,0
182.590,0.2014,0,0,0,0
182.627,0.2014,0,0,0,0
182.661,0.2014,0,0,0,0
182.691,0.2014,0,0,0,0
182.731,0.2014,0,0,0,0
182.760,0.2014,0,0,0,0
182.794,0.2014,0,0,0,0
182.825,0.2014,0,0,0,0
182.857,0.2014,0,0,0,0
182.895,0.2014,0,0,0,0
182.925,0.2014,0,0,0,0
182.961,0.2014,0,0,0,0
182.995,0.2014,0,0,0,0
183.024,0.2014,0,0,0,0
183.064,0.2014,0,0,0,0
183.094,0.2014,0,0,0,0
183.125,0.2014,0,0,0,0
183.160,0.2014,0,0,0,0
183.192,0.2014,0,0,0,0
183.224,0.2014,0,0,0,0
183.259,0.2014,0,0,0,0
183.289,0.2014,0,0,0,0
183.326,0.2014,0,0,0,0
183.363,0.2014,0,0,0,0
183.390,0.2014,0,0,0,0
183.427,0.2014,0,0,0,0
183.459,0.2014,0,0,0,0
183.491,0.2014,0,0,0,0
183.524,0.2014,0,0,0,0
183.557,0.2014,0,0,0,0
183.592,0.2014,0,0,0,0
183.623,0.2014,0,0,0,0
183.663,0.2014,0,0,0,0
183.691,0.2014,0,0,0,0
183.725,0.2014,0,0,0,0
183.763,0.2014,0,0,0,0
183.790,0.2014,0,0,0,0
183.829,0.2014,0,0,0,0
183.857,0.2014,0,0,0,0
183.891,0.2014,0,0,0,0
183.923,0.2014,0,0,0,0
183.961,0.2014,0,0,0,0
183.989,0.2014,0,0,0,0
184.027,0.2014,0,0,0,0
184.060,0.2014,0,0,0,0
184.093,0.2014,0,0,0,0
184.127,0.2014,0,0,0,0
184.161,0.2014,0,0,0,0
184.190,0.2014,0,0,0,0
184.228,0.2014,0,0,0,0
184.257,0.2014,0,0,0,0
184.290,0.2014,0,0,0,0
184.328,0.2014,0,0,0,0
184.358,0.2014,0,0,0,0
184.392,0.2014,0,0,0,0
184.423,0.2014,0,0,0,0
184.456,0.2014,0,0,0,0
184.493,0.2014,0,0,0,0
184.525,0.2014,0,0,0,0
184.562,0.2014,0,0,0,0
184.593,0.2014,0,0,0,0
184.627,0.2014,0,0,0,0
184.657,0.2014,0,0,0,0
184.695,0.2014,0,0,0,0
184.725,0.2014,0,0,0,0
184.760,0.2014,0,0,0,0
184.793,0.2014,0,0,0,0
184.828,0.2014,0,0,0,0
184.862,0.2014,0,0,0,0
184.890,0.2014,0,0,0,0
184.926,0.2014,0,0,0,0
184.961,0.2014,0,0,0,0
184.992,0.2014,0,0,0,0
185.024,0.2014,0,0,0,0
185.060,0.2014,0,0,0,0
185.089,0.2014,0,0,0,0
185.127,0.2014,0,0,0,0
185.157,0.2014,0,0,0,0
185.193,0.2014,0,0,0,0
185.224,0.2014,0,0,0,0
185.260,0.2014,0,0,0,0
185.294,0.2014,0,0,0,0
185.327,0.2014,0,0,0,0
185.362,0.2014,0,0,0,0
185.393,0.2014,0,0,0,0
185.428,0.2014,0,0,0,0
185.462,0.2014,0,0,0,0
185.496,0.2014,0,0,0,0
185.528,0.2014,0,0,0,0
185.562,0.2014,0,0,0,0
185.591,0.2014,0,0,0,0
185.624,0.2014,0,0,0,0
185.658,0.2014,0,0,0,0
185.694,0.2014,0,0,0,0
185.723,0.2014,0,0,0,0
185.758,0.2014,0,0,0,0
185.792,0.2014,0,0,0,0
185.825,0.2014,0,0,0,0
185.863,0.2014,0,0,0,0
185.890,0.2014,0,0,0,0
185.929,0.2014,0,0,0,0
185.958,0.2014,0,0,0,0
185.993,0.2014,0,0,0,0
186.025,0.2014,0,0,0,0
186.059,0.2014,0,0,0,0
186.092,0.2014,0,0,0,0
186.128,0.2014,0,0,0,0
186.158,0.2014,0,0,0,0
186.190,0.2014,0,0,0,0
186.222,0.2014,0,0,0,0
186.261,0.2014,0,0,0,0
186.293,0.2014,0,0,0,0
186.325,0.2014,0,0,0,0
186.356,0.2014,0,0,0,0
186.391,0.2014,0,0,0,0
186.427,0.2014,0,0,0,0
186.459,0.2014,0,0,0,0
186.496,0.2014,0,0,0,0
186.529,0.2014,0,0,0,0
186.561,0.2014,0,0,0,0
186.595,0.2014,0,0,0,0
186.625,0.2014,0,0,0,0
186.660,0.2014,0,0,0,0
186.694,0.2014,0,0,0,0
186.729,0.2014,0,0,0,0
186.756,0.2014,0,0,0,0
186.790,0.2014,0,0,0,0
186.828,0.2014,0,0,0,0
186.859,0.2014,0,0,0,0
186.894,0.2014,0,0,0,0
186.930,0.2014,0,0,0,0
186.963,0.2014,0,0,0,0
186.994,0.2014,0,0,0,0
187.024,0.2014,0,0,0,0
187.062,0.2014,0,0,0,0
187.094,0.2014,0,0,0,0
187.125,0.2014,0,0,0,0
187.159,0.2014,0,0,0,0
187.192,0.2014,0,0,0,0
187.225,0.2014,0,0,0,0
187.256,0.2014,0,0,0,0
187.297,0.2014,0,0,0,0
187.328,0.2014,0,0,0,0
187.361,0.2014,0,0,0,0
187.391,0.2014,0,0,0,0
187.426,0.2014,0,0,0,0
187.457,0.2014,0,0,0,0
187.495,0.2014,0,0,0,0
187.528,0.2014,0,0,0,0
187.563,0.2014,0,0,0,0
187.592,0.2014,0,0,0,0
187.625,0.2014,0,0,0,0
187.661,0.2014,0,0,0,0
187.690,0.2014,0,0,0,0
187.724,0.2014,0,0,0,0
187.760,0.2014,0,0,0,0
187.794,0.2014,0,0,0,0
187.829,0.2014,0,0,0,0
187.857,0.2014,0,0,0,0
187.894,0.2014,0,0,0,0
187.928,0.2014,0,0,0,0
187.960,0.2014,0,0,0,0
187.994,0.2014,0,0,0,0
188.025,0.2014,0,0,0,0
188.059,0.2014,0,0,0,0
188.093,0.2014,0,0,0,0
188.124,0.2014,0,0,0,0
188.156,0.2014,0,0,0,0
188.196,0.2014,0,0,0,0
188.224,0.2014,0,0,0,0
188.262,0.2014,0,0,0,0
188.296,0.2014,0,0,0,0
188.326,0.2014,0,0,0,0
188.362,0.2014,0,0,0,0
188.393,0.2014,0,0,0,0
188.428,0.2014,0,0,0,0
188.459,0.2014,0,0,0,0
188.496,0.2014,0,0,0,0
188.524,0.2014,0,0,0,0
188.559,0.2014,0,0,0,0
188.593,0.2014,0,0,0,0
188.628,0.2014,0,0,0,0
188.660,0.2014,0,0,0,0
188.693,0.2014,0,0,0,0
188.725,0.2014,0,0,0,0
188.757,0.2014,0,0,0,0
188.795,0.2014,0,0,0,0
188.828,0.2014,0,0,0,0
188.860,0.2014,0,0,0,0
188.893,0.2014,0,0,0,0
188.927,0.2014,0,0,0,0
188.960,0.2014,0,0,0,0
188.991,0.2014,0,0,0,0
189.027,0.2014,0,0,0,0
189.058,0.2014,0,0,0,0
189.094,0.2014,0,0,0,0
189.123,0.2014,0,0,0,0
189.163,0.2014,0,0,0,0
189.192,0.2014,0,0,0,0
189.227,0.2014,0,0,0,0
189.257,0.2014,0,0,0,0
189.294,0.2014,0,0,0,0
189.327,0.2014,0,0,0,0
189.358,0.2014,0,0,0,0
189.393,0.2014,0,0,0,0
189.424,0.2014,0,0,0,0
189.459,0.2014,0,0,0,0
189.495,0.2014,0,0,0,0
189.530,0.2014,0,0,0,0
189.560,0.2014,0,0,0,0
189.595,0.2014,0,0,0,0
189.628,0.2014,0,0,0,0
189.658,0.2014,0,0,0,0
189.696,0.2014,0,0,0,0
189.726,0.2014,0,0,0,0
189.758,0.2014,0,0,0,0
189.794,0.2014,0,0,0,0
189.823,0.2014,0,0,0,0
189.856,0.2014,0,0,0,0
189.896,0.2014,0,0,0,0
189.928,0.2014,0,0,0,0
189.956,0.2014,0,0,0,0
189.989,0.2014,0,0,0,0
190.024,0.2014,0,0,0,0
190.058,0.2014,0,0,0,0
190.090,0.2014,0,0,0,0
190.127,0.2014,0,0,0,0
190.156,0.2014,0,0,0,0
190.193,0.2014,0,0,0,0
190.223,0.2014,0,0,0,0
190.257,0.2014,0,0,0,0
190.289,0.2014,0,0,0,0
190.322,0.2014,0,0,0,0
190.356,0.2014,0,0,0,0
190.392,0.2014,0,0,0,0
190.422,0.2014,0,0,0,0
190.456,0.2014,0,0,0,0
190.488,0.2014,0,0,0,0
190.525,0.2014,0,0,0,0
190.560,0.2014,0,0,0,0
190.594,0.2014,0,0,0,0
190.622,0.2014,0,0,0,0
190.656,0.2014,0,0,0,0
190.689,0.2014,0,0,0,0
190.727,0.2014,0,0,0,0
190.756,0.2014,0,0,0,0
190.788,0.2014,0,0,0,0
190.832,0.2014,0,0,0,0
190.855,0.2014,0,0,0,0
190.900,0.2014,0,0,0,0
190.925,0.2014,0,0,0,0
190.958,0.2014,0,0,0,0
190.994,0.2014,0,0,0,0
191.027,0.2014,0,0,0,0
191.057,0.2014,0,0,0,0
191.092,0.2014,0,0,0,0
191.123,0.2014,0,0,0,0
191.159,0.2014,0,0,0,0
191.193,0.2014,0,0,0,0
191.225,0.2014,0,0,0,0
191.258,0.2014,0,0,0,0
191.294,0.2014,0,0,0,0
191.325,0.2014,0,0,0,0
191.351,0.2014,0,0,0,0
191.393,0.2014,0,0,0,0
191.417,0.2014,0,0,0,0
191.466,0.2014,0,0,0,0
191.491,0.2014,0,0,0,0
191.525,0.2014,0,0,0,0
191.559,0.2014,0,0,0,0
191.590,0.2014,0,0,0,0
191.629,0.2014,0,0,0,0
191.659,0.2014,0,0,0,0
191.690,0.2014,0,0,0,0
191.728,0.2014,0,0,0,0
191.770,0.2014,0,0,0,0
191.792,0.2014,0,0,0,0
191.826,0.2014,0,0,0,0
191.858,0.2014,0,0,0,0
191.900,0.2014,0,0,0,0
191.925,0.2014,0,0,0,0
191.956,0.2014,0,0,0,0
191.991,0.2014,0,0,0,0
192.024,0.2014,0,0,0,0
192.059,0.2014,0,0,0,0
192.094,0.2014,0,0,0,0
192.123,0.2014,0,0,0,0
192.158,0.2014,0,0,0,0
192.192,0.2014,0,0,0,0
192.225,0.2014,0,0,0,0
192.259,0.2014,0,0,0,0
192.293,0.2014,0,0,0,0
192.327,0.2014,0,0,0,0
192.358,0.2014,0,0,0,0
192.391,0.2014,0,0,0,0
192.427,0.2014,0,0,0,0
192.460,0.2014,0,0,0,0
192.494,0.2014,0,0,0,0
192.524,0.2014,0,0,0,0
192.557,0.2014,0,0,0,0
192.592,0.2014,0,0,0,0
192.625,0.2014,0,0,0,0
192.659,0.2014,0,0,0,0
192.693,0.2014,0,0,0,0
192.726,0.2014,0,0,0,0
192.756,0.2014,0,0,0,0
192.793,0.2014,0,0,0,0
192.826,0.2014,0,0,0,0
192.860,0.2014,0,0,0,0
192.893,0.2014,0,0,0,0
192.926,0.2014,0,0,0,0
192.960,0.2014,0,0,0,0
192.993,0.2014,0,0,0,0
193.026,0.2014,0,0,0,0
193.060,0.2014,0,0,0,0
193.090,0.2014,0,0,0,0
193.123,0.2014,0,0,0,0
193.158,0.2014,0,0,0,0
193.192,0.2014,0,0,0,0
193.227,0.2014,0,0,0,0
193.256,0.2014,0,0,0,0
193.295,0.2014,0,0,0,0
193.323,0.2014,0,0,0,0
193.361,0.2014,0,0,0,0
193.395,0.2014,0,0,0,0
193.427,0.2014,0,0,0,0
193.461,0.2014,0,0,0,0
193.494,0.2014,0,0,0,0
193.527,0.2014,0,0,0,0
193.559,0.2014,0,0,0,0
193.591,0.2014,0,0,0,0
193.625,0.2014,0,0,0,0
193.657,0.2014,0,0,0,0
193.690,0.2014,0,0,0,0
193.723,0.2014,0,0,0,0
193.760,0.2014,0,0,0,0
193.793,0.2014,0,0,0,0
193.827,0.2014,0,0,0,0
193.856,0.2014,0,0,0,0
193.894,0.2014,0,0,0,0
193.924,0.2014,0,0,0,0
193.956,0.2014,0,0,0,0
193.990,0.2014,0,0,0,0
194.023,0.2014,0,0,0,0
194.058,0.2014,0,0,0,0
194.101,0.2014,0,0,0,0
194.129,0.2014,0,0,0,0
194.160,0.2014,0,0,0,0
194.195,0.2014,0,0,0,0
194.224,0.2014,0,0,0,0
194.260,0.2014,0,0,0,0
194.290,0.2014,0,0,0,0
194.325,0.2014,0,0,0,0
194.358,0.2014,0,0,0,0
194.392,0.2014,0,0,0,0
194.426,0.2014,0,0,0,0
194.458,0.2014,0,0,0,0
194.493,0.2014,0,0,0,0
194.524,0.2014,0,0,0,0
194.557,0.2014,0,0,0,0
194.591,0.2014,0,0,0,0
194.624,0.2014,0,0,0,0
194.659,0.2014,0,0,0,0
194.693,0.2014,0,0,0,0
194.721,0.2014,0,0,0,0
194.759,0.2014,0,0,0,0
194.791,0.2014,0,0,0,0
194.827,0.2014,0,0,0,0
194.861,0.2014,0,0,0,0
194.891,0.2014,0,0,0,0
194.926,0.2014,0,0,0,0
194.960,0.2014,0,0,0,0
194.990,0.2014,0,0,0,0
195.027,0.2014,0,0,0,0
195.060,0.2014,0,0,0,0
195.094,0.2014,0,0,0,0
195.127,0.2014,0,0,0,0
195.160,0.2014,0,0,0,0
195.193,0.2014,0,0,0,0
195.226,0.2014,0,0,0,0
195.257,0.2014,0,0,0,0
195.292,0.2014,0,0,0,0
195.325,0.2014,0,0,0,0
195.361,0.2014,0,0,0,0
195.391,0.2014,0,0,0,0
195.427,0.2014,0,0,0,0
195.460,0.2014,0,0,0,0
195.493,0.2014,0,0,0,0
195.529,0.2014,0,0,0,0
195.559,0.2014,0,0,0,0
195.592,0.2014,0,0,0,0
195.625,0.2014,0,0,0,0
195.661,0.2014,0,0,0,0
195.691,0.2014,0,0,0,0
195.727,0.2014,0,0,0,0
195.760,0.2014,0,0,0,0
195.793,0.2014,0,0,0,0
195.826,0.2014,0,0,0,0
195.859,0.2014,0,0,0,0
195.891,0.2014,0,0,0,0
195.925,0.2014,0,0,0,0
195.957,0.2014,0,0,0,0
195.989,0.2014,0,0,0,0
196.027,0.2014,0,0,0,0
196.060,0.2014,0,0,0,0
196.103,0.2014,0,0,0,0
196.125,0.2014,0,0,0,0
196.159,0.2014,0,0,0,0
196.193,0.2014,0,0,0,0
196.224,0.2014,0,0,0,0
196.259,0.2014,0,0,0,0
196.291,0.2014,0,0,0,0
196.327,0.2014,0,0,0,0
196.361,0.2014,0,0,0,0
196.390,0.2014,0,0,0,0
196.425,0.2014,0,0,0,0
196.458,0.2014,0,0,0,0
196.491,0.2014,0,0,0,0
196.526,0.2014,0,0,0,0
196.559,0.2014,0,0,0,0
196.592,0.2014,0,0,0,0
196.627,0.2014,0,0,0,0
196.659,0.2014,0,0,0,0
196.693,0.2014,0,0,0,0
196.725,0.2014,0,0,0,0
196.759,0.2014,0,0,0,0
196.788,0.2014,0,0,0,0
196.825,0.2014,0,0,0,0
196.860,0.2014,0,0,0,0
196.893,0.2014,0,0,0,0
196.927,0.2014,0,0,0,0
196.962,0.2014,0,0,0,0
196.990,0.2014,0,0,0,0
197.025,0.2014,0,0,0,0
197.059,0.2014,0,0,0,0
197.093,0.2014,0,0,0,0
197.127,0.2014,0,0,0,0
197.157,0.2014,0,0,0,0
197.190,0.2014,0,0,0,0
197.221,0.2014,0,0,0,0
197.256,0.2014,0,0,0,0
197.290,0.2014,0,0,0,0
197.327,0.2014,0,0,0,0
197.359,0.2014,0,0,0,0
197.393,0.2014,0,0,0,0
197.425,0.2014,0,0,0,0
197.458,0.2014,0,0,0,0
197.490,0.2014,0,0,0,0
197.528,0.2014,0,0,0,0
197.556,0.2014,0,0,0,0
197.593,0.2014,0,0,0,0
197.626,0.2014,0,0,0,0
197.659,0.2014,0,0,0,0
197.692,0.2014,0,0,0,0
197.727,0.2014,0,0,0,0
197.760,0.2014,0,0,0,0
197.793,0.2014,0,0,0,0
197.827,0.2014,0,0,0,0
197.857,0.2014,0,0,0,0
197.890,0.2014,0,0,0,0
197.927,0.2014,0,0,0,0
197.956,0.2014,0,0,0,0
197.993,0.2014,0,0,0,0
198.025,0.2014,0,0,0,0
198.057,0.2014,0,0,0,0
198.091,0.2014,0,0,0,0
198.124,0.2014,0,0,0,0
198.155,0.2014,0,0,0,0
198.191,0.2014,0,0,0,0
198.224,0.2014,0,0,0,0
198.259,0.2014,0,0,0,0
198.293,0.2014,0,0,0,0
198.323,0.2014,0,0,0,0
198.358,0.2014,0,0,0,0
198.394,0.2014,0,0,0,0
198.424,0.2014,0,0,0,0
198.458,0.2014,0,0,0,0
198.492,0.2014,0,0,0,0
198.529,0.2014,0,0,0,0
198.560,0.2014,0,0,0,0
198.611,0.2014,0,0,0,0
198.622,0.2014,0,0,0,0
198.660,0.2014,0,0,0,0
198.693,0.2014,0,0,0,0
198.725,0.2014,0,0,0,0
198.759,0.2014,0,0,0,0
198.793,0.2014,0,0,0,0
198.824,0.2014,0,0,0,0
198.859,0.2014,0,0,0,0
198.890,0.2014,0,0,0,0
198.926,0.2014,0,0,0,0
198.957,0.2014,0,0,0,0
198.993,0.2014,0,0,0,0
199.025,0.2014,0,0,0,0
199.058,0.2014,0,0,0,0
199.090,0.2014,0,0,0,0
199.127,0.2014,0,0,0,0
199.159,0.2014,0,0,0,0
199.191,0.2014,0,0,0,0
199.223,0.2014,0,0,0,0
199.259,0.2014,0,0,0,0
199.291,0.2014,0,0,0,0
199.327,0.2014,0,0,0,0
199.365,0.2014,0,0,0,0
199.393,0.2014,0,0,0,0
199.427,0.2014,0,0,0,0
199.457,0.2014,0,0,0,0
199.491,0.2014,0,0,0,0
199.525,0.2014,0,0,0,0
199.557,0.2014,0,0,0,0
199.594,0.2014,0,0,0,0
199.626,0.2014,0,0,0,0
199.655,0.2014,0,0,0,0
199.691,0.2014,0,0,0,0
199.725,0.2014,0,0,0,0
199.760,0.2014,0,0,0,0
199.790,0.2014,0,0,0,0
199.827,0.2014,0,0,0,0
199.859,0.2014,0,0,0,0
199.896,0.2014,0,0,0,0
199.927,0.2014,0,0,0,0
199.962,0.2014,0,0,0,0
199.992,0.2014,0,0,0,0
200.026,0.2014,0,0,0,0
200.060,0.2014,0,0,0,0
200.094,0.2014,0,0,0,0
200.127,0.2014,0,0,0,0
200.160,0.2014,0,0,0,0
200.190,0.2014,0,0,0,0
200.227,0.2014,0,0,0,0
200.257,0.2014,0,0,0,0
200.291,0.2014,0,0,0,0
200.325,0.2014,0,0,0,0
200.359,0.2014,0,0,0,0
200.393,0.2014,0,0,0,0
200.423,0.2014,0,0,0,0
200.457,0.2014,0,0,0,0
200.491,0.2014,0,0,0,0
200.527,0.2014,0,0,0,0
200.561,0.2014,0,0,0,0
200.591,0.2014,0,0,0,0
200.627,0.2014,0,0,0,0
200.660,0.2014,0,0,0,0
200.697,0.2014,0,0,0,0
200.726,0.2014,0,0,0,0
200.757,0.2014,0,0,0,0
200.791,0.2014,0,0,0,0
200.825,0.2014,0,0,0,0
200.858,0.2014,0,0,0,0
200.892,0.2014,0,0,0,0
200.925,0.2014,0,0,0,0
200.959,0.2014,0,0,0,0
200.992,0.2014,0,0,0,0
201.027,0.2014,0,0,0,0
201.060,0.2014,0,0,0,0
201.094,0.2014,0,0,0,0
201.124,0.2014,0,0,0,0
201.158,0.2014,0,0,0,0
201.193,0.2014,0,0,0,0
201.228,0.2014,0,0,0,0
201.260,0.2014,0,0,0,0
201.292,0.2014,0,0,0,0
201.325,0.2014,0,0,0,0
201.359,0.2014,0,0,0,0
201.393,0.2014,0,0,0,0
201.425,0.2014,0,0,0,0
201.460,0.2014,0,0,0,0
201.493,0.2014,0,0,0,0
201.526,0.2014,0,0,0,0
201.560,0.2014,0,0,0,0
201.593,0.2014,0,0,0,0
201.627,0.2014,0,0,0,0
201.659,0.2014,0,0,0,0
201.693,0.2014,0,0,0,0
201.727,0.2014,0,0,0,0
201.761,0.2014,0,0,0,0
201.790,0.2014,0,0,0,0
201.827,0.2014,0,0,0,0
201.857,0.2014,0,0,0,0
201.890,0.2014,0,0,0,0
201.922,0.2014,0,0,0,0
201.958,0.2014,0,0,0,0
201.991,0.2014,0,0,0,0
202.024,0.2014,0,0,0,0
202.058,0.2014,0,0,0,0
202.094,0.2014,0,0,0,0
202.127,0.2014,0,0,0,0
202.161,0.2014,0,0,0,0
202.190,0.2014,0,0,0,0
202.222,0.2014,0,0,0,0
202.260,0.2014,0,0,0,0
202.290,0.2014,0,0,0,0
202.322,0.2014,0,0,0,0
202.360,0.2014,0,0,0,0
202.391,0.2014,0,0,0,0
202.425,0.2014,0,0,0,0
202.458,0.2014,0,0,0,0
202.492,0.2014,0,0,0,0
202.525,0.2014,0,0,0,0
202.561,0.2014,0,0,0,0
202.591,0.2014,0,0,0,0
202.627,0.2014,0,0,0,0
202.660,0.2014,0,0,0,0
202.689,0.2014,0,0,0,0
202.727,0.2014,0,0,0,0
202.760,0.2014,0,0,0,0
202.793,0.2014,0,0,0,0
202.823,0.2014,0,0,0,0
202.860,0.2014,0,0,0,0
202.893,0.2014,0,0,0,0
202.927,0.2014,0,0,0,0
202.959,0.2014,0,0,0,0
202.993,0.2014,0,0,0,0
203.027,0.2014,0,0,0,0
203.060,0.2014,0,0,0,0
203.096,0.2014,0,0,0,0
203.122,0.2014,0,0,0,0
203.158,0.2014,0,0,0,0
203.191,0.2014,0,0,0,0
203.225,0.2014,0,0,0,0
203.259,0.2014,0,0,0,0
203.293,0.2014,0,0,0,0
203.323,0.2014,0,0,0,0
203.360,0.2014,0,0,0,0
203.391,0.2014,0,0,0,0
203.423,0.2014,0,0,0,0
203.456,0.2014,0,0,0,0
203.493,0.2014,0,0,0,0
203.523,0.2014,0,0,0,0
203.558,0.2014,0,0,0,0
203.592,0.2014,0,0,0,0
203.625,0.2014,0,0,0,0
203.659,0.2014,0,0,0,0
203.694,0.2014,0,0,0,0
203.727,0.2014,0,0,0,0
203.760,0.2014,0,0,0,0
203.793,0.2014,0,0,0,0
203.827,0.2014,0,0,0,0
203.860,0.2014,0,0,0,0
203.893,0.2014,0,0,0,0
203.923,0.2014,0,0,0,0
203.959,0.2014,0,0,0,0
203.993,0.2014,0,0,0,0
204.027,0.2014,0,0,0,0
204.061,0.2014,0,0,0,0
204.095,0.2014,0,0,0,0
204.123,0.2014,0,0,0,0
204.157,0.2014,0,0,0,0
204.193,0.2014,0,0,0,0
204.227,0.2014,0,0,0,0
204.256,0.2014,0,0,0,0
204.290,0.2014,0,0,0,0
204.326,0.2014,0,0,0,0
204.357,0.2014,0,0,0,0
204.394,0.2014,0,0,0,0
204.426,0.2014,0,0,0,0
204.457,0.2014,0,0,0,0
204.493,0.2014,0,0,0,0
204.526,0.2014,0,0,0,0
204.557,0.2014,0,0,0,0
204.593,0.2014,0,0,0,0
204.625,0.2014,0,0,0,0
204.658,0.2014,0,0,0,0
204.690,0.2014,0,0,0,0
204.727,0.2014,0,0,0,0
204.756,0.2014,0,0,0,0
204.793,0.2014,0,0,0,0
204.825,0.2014,0,0,0,0
204.858,0.2014,0,0,0,0
204.891,0.2014,0,0,0,0
204.926,0.2014,0,0,0,0
204.957,0.2014,0,0,0,0
204.993,0.2014,0,0,0,0
205.034,0.2014,0,0,0,0
205.060,0.2014,0,0,0,0
205.093,0.2014,0,0,0,0
205.124,0.2014,0,0,0,0
205.160,0.2014,0,0,0,0
205.191,0.2014,0,0,0,0
205.228,0.2014,0,0,0,0
205.264,0.2014,0,0,0,0
205.291,0.2014,0,0,0,0
205.329,0.2014,0,0,0,0
205.357,0.2014,0,0,0,0
205.395,0.2014,0,0,0,0
205.423,0.2014,0,0,0,0
205.458,0.2014,0,0,0,0
205.493,0.2014,0,0,0,0
205.520,0.2014,0,0,0,0
205.559,0.2014,0,0,0,0
205.592,0.2014,0,0,0,0
205.626,0.2014,0,0,0,0
205.659,0.2014,0,0,0,0
205.694,0.2014,0,0,0,0
205.725,0.2014,0,0,0,0
205.763,0.2014,0,0,0,0
205.792,0.2014,0,0,0,0
205.823,0.2014,0,0,0,0
205.855,0.2014,0,0,0,0
205.889,0.2014,0,0,0,0
205.921,0.2014,0,0,0,0
205.961,0.2014,0,0,0,0
205.995,0.2014,0,0,0,0
206.027,0.2014,0,0,0,0
206.059,0.2014,0,0,0,0
206.095,0.2014,0,0,0,0
206.132,0.2014,0,0,0,0
206.177,0.2014,0,0,0,0
206.212,0.2014,0,0,0,0
206.245,0.2014,0,0,0,0
206.278,0.2014,0,0,0,0
206.311,0.2014,0,0,0,0
206.345,0.2014,0,0,0,0
206.381,0.2014,0,0,0,0
206.414,0.2014,0,0,0,0
206.440,0.2014,0,0,0,0
206.479,0.2014,0,0,0,0
206.510,0.2014,0,0,0,0
206.546,0.2014,0,0,0,0
206.578,0.2014,0,0,0,0
206.610,0.2014,0,0,0,0
206.643,0.2014,0,0,0,0
206.677,0.2014,0,0,0,0
206.715,0.2014,0,0,0,0
206.747,0.2014,0,0,0,0
206.777,0.2014,0,0,0,0
206.814,0.2014,0,0,0,0
206.845,0.2014,0,0,0,0
206.874,0.2014,0,0,0,0
206.912,0.2014,0,0,0,0
206.945,0.2014,0,0,0,0
206.979,0.2014,0,0,0,0
207.013,0.2014,0,0,0,0
207.046,0.2014,0,0,0,0
207.080,0.2014,0,0,0,0
207.108,0.2014,0,0,0,0
207.146,0.2014,0,0,0,0
207.179,0.2014,0,0,0,0
207.211,0.2014,0,0,0,0
207.245,0.2014,0,0,0,0
207.275,0.2014,0,0,0,0
207.309,0.2014,0,0,0,0
207.344,0.2014,0,0,0,0
207.378,0.2014,0,0,0,0
207.411,0.2014,0,0,0,0
207.443,0.2014,0,0,0,0
207.478,0.2014,0,0,0,0
207.512,0.2014,0,0,0,0
207.545,0.2014,0,0,0,0
207.579,0.2014,0,0,0,0
207.611,0.2014,0,0,0,0
207.643,0.2014,0,0,0,0
207.677,0.2014,0,0,0,0
207.709,0.2014,0,0,0,0
207.747,0.2014,0,0,0,0
207.776,0.2014,0,0,0,0
207.813,0.2014,0,0,0,0
207.846,0.2014,0,0,0,0
207.877,0.2014,0,0,0,0
207.909,0.2014,0,0,0,0
207.947,0.2014,0,0,0,0
207.977,0.2014,0,0,0,0
208.010,0.2014,0,0,0,0
208.043,0.2014,0,0,0,0
208.076,0.2014,0,0,0,0
208.110,0.2014,0,0,0,0
208.143,0.2014,0,0,0,0
208.176,0.2014,0,0,0,0
208.210,0.2014,0,0,0,0
208.244,0.2014,0,0,0,0
208.277,0.2014,0,0,0,0
208.311,0.2014,0,0,0,0
208.345,0.2014,0,0,0,0
208.379,0.2014,0,0,0,0
208.413,0.2014,0,0,0,0
208.443,0.2014,0,0,0,0
208.480,0.2014,0,0,0,0
208.513,0.2014,0,0,0,0
208.542,0.2014,0,0,0,0
208.579,0.2014,0,0,0,0
208.612,0.2014,0,0,0,0
208.645,0.2014,0,0,0,0
208.677,0.2014,0,0,0,0
208.709,0.2014,0,0,0,0
208.743,0.2014,0,0,0,0
208.779,0.2014,0,0,0,0
208.813,0.2014,0,0,0,0
208.846,0.2014,0,0,0,0
208.879,0.2014,0,0,0,0
208.912,0.2014,0,0,0,0
208.942,0.2014,0,0,0,0
208.979,0.2014,0,0,0,0
209.012,0.2014,0,0,0,0
209.043,0.2014,0,0,0,0
209.077,0.2014,0,0,0,0
209.110,0.2014,0,0,0,0
209.145,0.2014,0,0,0,0
209.178,0.2014,0,0,0,0
209.212,0.2014,0,0,0,0
209.245,0.2014,0,0,0,0
209.274,0.2014,0,0,0,0
209.313,0.2014,0,0,0,0
209.343,0.2014,0,0,0,0
209.376,0.2014,0,0,0,0
209.411,0.2014,0,0,0,0
209.444,0.2014,0,0,0,0
209.478,0.2014,0,0,0,0
209.511,0.2014,0,0,0,0
209.544,0.2014,0,0,0,0
209.578,0.2014,0,0,0,0
209.612,0.2014,0,0,0,0
209.645,0.2014,0,0,0,0
209.680,0.2014,0,0,0,0
209.711,0.2014,0,0,0,0
209.742,0.2014,0,0,0,0
209.779,0.2014,0,0,0,0
209.812,0.2014,0,0,0,0
209.846,0.2014,0,0,0,0
209.883,0.2014,0,0,0,0
209.913,0.2014,0,0,0,0
209.946,0.2014,0,0,0,0
209.979,0.2014,0,0,0,0
210.013,0.2014,0,0,0,0
210.046,0.2014,0,0,0,0
210.079,0.2014,0,0,0,0
210.112,0.2014,0,0,0,0
210.146,0.2014,0,0,0,0
210.178,0.2014,0,0,0,0
210.211,0.2014,0,0,0,0
210.244,0.2014,0,0,0,0
210.276,0.2014,0,0,0,0
210.314,0.2014,0,0,0,0
210.341,0.2014,0,0,0,0
210.380,0.2014,0,0,0,0
210.413,0.2014,0,0,0,0
210.446,0.2014,0,0,0,0
210.479,0.2014,0,0,0,0
210.512,0.2014,0,0,0,0
210.545,0.2014,0,0,0,0
210.578,0.2014,0,0,0,0
210.611,0.2014,0,0,0,0
210.645,0.2014,0,0,0,0
210.677,0.2014,0,0,0,0
210.710,0.2014,0,0,0,0
210.743,0.2014,0,0,0,0
210.780,0.2014,0,0,0,0
210.812,0.2014,0,0,0,0
210.846,0.2014,0,0,0,0
210.879,0.2014,0,0,0,0
210.911,0.2014,0,0,0,0
210.945,0.2014,0,0,0,0
210.977,0.2014,0,0,0,0
211.011,0.2014,0,0,0,0
211.044,0.2014,0,0,0,0
211.077,0.2014,0,0,0,0
211.110,0.2014,0,0,0,0
211.143,0.2014,0,0,0,0
211.179,0.2014,0,0,0,0
211.211,0.2014,0,0,0,0
211.250,0.2014,0,0,0,0
211.276,0.2014,0,0,0,0
211.310,0.2014,0,0,0,0
211.345,0.2014,0,0,0,0
211.378,0.2014,0,0,0,0
211.411,0.2014,0,0,0,0
211.444,0.2014,0,0,0,0
211.478,0.2014,0,0,0,0
211.510,0.2014,0,0,0,0
211.547,0.2014,0,0,0,0
211.577,0.2014,0,0,0,0
211.612,0.2014,0,0,0,0
211.646,0.2014,0,0,0,0
211.679,0.2014,0,0,0,0
211.712,0.2014,0,0,0,0
211.744,0.2014,0,0,0,0
211.778,0.2014,0,0,0,0
211.810,0.2014,0,0,0,0
211.847,0.2014,0,0,0,0
211.876,0.2014,0,0,0,0
211.912,0.2014,0,0,0,0
211.946,0.2014,0,0,0,0
211.978,0.2014,0,0,0,0
212.011,0.2014,0,0,0,0
212.043,0.2014,0,0,0,0
212.076,0.2014,0,0,0,0
212.109,0.2014,0,0,0,0
212.142,0.2014,0,0,0,0
212.179,0.2014,0,0,0,0
212.211,0.2014,0,0,0,0
212.245,0.2014,0,0,0,0
212.277,0.2014,0,0,0,0
212.310,0.2014,0,0,0,0
212.344,0.2014,0,0,0,0
212.377,0.2014,0,0,0,0
212.410,0.2014,0,0,0,0
212.446,0.2014,0,0,0,0
212.479,0.2014,0,0,0,0
212.512,0.2014,0,0,0,0
212.546,0.2014,0,0,0,0
212.578,0.2014,0,0,0,0
212.611,0.2014,0,0,0,0
212.644,0.2014,0,0,0,0
212.677,0.2014,0,0,0,0
212.709,0.2014,0,0,0,0
212.747,0.2014,0,0,0,0
212.776,0.2014,0,0,0,0
212.809,0.2014,0,0,0,0
212.844,0.2014,0,0,0,0
212.878,0.2014,0,0,0,0
212.911,0.2014,0,0,0,0
212.945,0.2014,0,0,0,0
212.979,0.2014,0,0,0,0
213.011,0.2014,0,0,0,0
213.043,0.2014,0,0,0,0
213.077,0.2014,0,0,0,0
213.113,0.2014,0,0,0,0
213.146,0.2014,0,0,0,0
213.179,0.2014,0,0,0,0
213.212,0.2014,0,0,0,0
213.245,0.2014,0,0,0,0
213.279,0.2014,0,0,0,0
213.311,0.2014,0,0,0,0
213.345,0.2014,0,0,0,0
213.377,0.2014,0,0,0,0
213.409,0.2014,0,0,0,0
213.446,0.2014,0,0,0,0
213.479,0.2014,0,0,0,0
213.512,0.2014,0,0,0,0
213.545,0.2014,0,0,0,0
213.579,0.2014,0,0,0,0
213.612,0.2014,0,0,0,0
213.645,0.2014,0,0,0,0
213.679,0.2014,0,0,0,0
213.711,0.2014,0,0,0,0
213.744,0.2014,0,0,0,0
213.776,0.2014,0,0,0,0
213.813,0.2014,0,0,0,0
213.846,0.2014,0,0,0,0
213.880,0.2014,0,0,0,0
213.913,0.2014,0,0,0,0
213.945,0.2014,0,0,0,0
213.979,0.2014,0,0,0,0
214.011,0.2014,0,0,0,0
214.043,0.2014,0,0,0,0
214.076,0.2014,0,0,0,0
214.113,0.2014,0,0,0,0
214.146,0.2014,0,0,0,0
214.179,0.2014,0,0,0,0
214.212,0.2014,0,0,0,0
214.244,0.2014,0,0,0,0
214.279,0.2014,0,0,0,0
214.312,0.2014,0,0,0,0
214.346,0.2014,0,0,0,0
214.377,0.2014,0,0,0,0
214.412,0.2014,0,0,0,0
214.445,0.2014,0,0,0,0
214.479,0.2014,0,0,0,0
214.513,0.2014,0,0,0,0
214.545,0.2014,0,0,0,0
214.578,0.2014,0,0,0,0
214.611,0.2014,0,0,0,0
214.644,0.2014,0,0,0,0
214.676,0.2014,0,0,0,0
214.713,0.2014,0,0,0,0
214.745,0.2014,0,0,0,0
214.777,0.2014,0,0,0,0
214.811,0.2014,0,0,0,0
214.843,0.2014,0,0,0,0
214.877,0.2014,0,0,0,0
214.913,0.2014,0,0,0,0
214.946,0.2014,0,0,0,0
214.978,0.2014,0,0,0,0
215.012,0.2014,0,0,0,0
215.044,0.2014,0,0,0,0
215.077,0.2014,0,0,0,0
215.110,0.2014,0,0,0,0
215.143,0.2014,0,0,0,0
215.179,0.2014,0,0,0,0
215.212,0.2014,0,0,0,0
215.245,0.2014,0,0,0,0
215.278,0.2014,0,0,0,0
215.310,0.2014,0,0,0,0
215.344,0.2014,0,0,0,0
215.379,0.2014,0,0,0,0
215.411,0.2014,0,0,0,0
215.447,0.2014,0,0,0,0
215.478,0.2014,0,0,0,0
215.512,0.2014,0,0,0,0
215.545,0.2014,0,0,0,0
215.575,0.2014,0,0,0,0
215.613,0.2014,0,0,0,0
215.645,0.2014,0,0,0,0
215.678,0.2014,0,0,0,0
215.711,0.2014,0,0,0,0
215.743,0.2014,0,0,0,0
215.775,0.2014,0,0,0,0
215.812,0.2014,0,0,0,0
215.844,0.2014,0,0,0,0
215.879,0.2014,0,0,0,0
215.909,0.2014,0,0,0,0
215.943,0.2014,0,0,0,0
215.977,0.2014,0,0,0,0
216.011,0.2014,0,0,0,0
216.044,0.2014,0,0,0,0
216.077,0.2014,0,0,0,0
216.111,0.2014,0,0,0,0
216.144,0.2014,0,0,0,0
216.176,0.2014,0,0,0,0
216.209,0.2014,0,0,0,0
216.242,0.2014,0,0,0,0
216.278,0.2014,0,0,0,0
216.313,0.2014,0,0,0,0
216.342,0.2014,0,0,0,0
216.377,0.2014,0,0,0,0
216.411,0.2014,0,0,0,0
216.444,0.2014,0,0,0,0
216.477,0.2014,0,0,0,0
216.511,0.2014,0,0,0,0
216.543,0.2014,0,0,0,0
216.576,0.2014,0,0,0,0
216.609,0.2014,0,0,0,0
216.643,0.2014,0,0,0,0
216.679,0.2014,0,0,0,0
216.712,0.2014,0,0,0,0
216.744,0.2014,0,0,0,0
216.777,0.2014,0,0,0,0
216.810,0.2014,0,0,0,0
216.843,0.2014,0,0,0,0
216.876,0.2014,0,0,0,0
216.909,0.2014,0,0,0,0
216.943,0.2014,0,0,0,0
216.979,0.2014,0,0,0,0
217.013,0.2014,0,0,0,0
217.045,0.2014,0,0,0,0
217.077,0.2014,0,0,0,0
217.112,0.2014,0,0,0,0
217.144,0.2014,0,0,0,0
217.177,0.2014,0,0,0,0
217.210,0.2014,0,0,0,0
217.243,0.2014,0,0,0,0
217.279,0.2014,0,0,0,0
217.313,0.2014,0,0,0,0
217.345,0.2014,0,0,0,0
217.377,0.2014,0,0,0,0
217.412,0.2014,0,0,0,0
217.446,0.2014,0,0,0,0
217.479,0.2014,0,0,0,0
217.512,0.2014,0,0,0,0
217.543,0.2014,0,0,0,0
217.577,0.2014,0,0,0,0
217.610,0.2014,0,0,0,0
217.644,0.2014,0,0,0,0
217.677,0.2014,0,0,0,0
217.709,0.2014,0,0,0,0
217.747,0.2014,0,0,0,0
217.779,0.2014,0,0,0,0
217.811,0.2014,0,0,0,0
217.845,0.2014,0,0,0,0
217.878,0.2014,0,0,0,0
217.910,0.2014,0,0,0,0
217.945,0.2014,0,0,0,0
217.977,0.2014,0,0,0,0
218.009,0.2014,0,0,0,0
218.047,0.2014,0,0,0,0
218.080,0.2014,0,0,0,0
218.113,0.2014,0,0,0,0
218.143,0.2014,0,0,0,0
218.179,0.2014,0,0,0,0
218.213,0.2014,0,0,0,0
218.243,0.2014,0,0,0,0
218.279,0.2014,0,0,0,0
218.313,0.2014,0,0,0,0
218.344,0.2014,0,0,0,0
218.379,0.2014,0,0,0,0
218.406,0.2014,0,0,0,0
218.444,0.2014,0,0,0,0
218.478,0.2014,0,0,0,0
218.511,0.2014,0,0,0,0
218.546,0.2014,0,0,0,0
218.579,0.2014,0,0,0,0
218.609,0.2014,0,0,0,0
218.645,0.2014,0,0,0,0
218.679,0.2014,0,0,0,0
218.712,0.2014,0,0,0,0
218.747,0.2014,0,0,0,0
218.777,0.2014,0,0,0,0
218.811,0.2014,0,0,0,0
218.845,0.2014,0,0,0,0
218.879,0.2014,0,0,0,0
218.910,0.2014,0,0,0,0
218.944,0.2014,0,0,0,0
218.979,0.2014,0,0,0,0
219.014,0.2014,0,0,0,0
219.044,0.2014,0,0,0,0
219.080,0.2014,0,0,0,0
219.110,0.2014,0,0,0,0
219.146,0.2014,0,0,0,0
219.180,0.2014,0,0,0,0
219.210,0.2014,0,0,0,0
219.244,0.2014,0,0,0,0
219.278,0.2014,0,0,0,0
219.316,0.2014,0,0,0,0
219.344,0.2014,0,0,0,0
219.375,0.2014,0,0,0,0
219.409,0.2014,0,0,0,0
219.444,0.2014,0,0,0,0
219.477,0.2014,0,0,0,0
219.512,0.2014,0,0,0,0
219.547,0.2014,0,0,0,0
219.579,0.2014,0,0,0,0
219.609,0.2014,0,0,0,0
219.642,0.2014,0,0,0,0
219.679,0.2014,0,0,0,0
219.709,0.2014,0,0,0,0
219.746,0.2014,0,0,0,0
219.778,0.2014,0,0,0,0
219.812,0.2014,0,0,0,0
219.844,0.2014,0,0,0,0
219.877,0.2014,0,0,0,0
219.919,0.2014,0,0,0,0
219.945,0.2014,0,0,0,0
219.977,0.2014,0,0,0,0
220.011,0.2014,0,0,0,0
220.044,0.2014,0,0,0,0
220.077,0.2014,0,0,0,0
220.110,0.2014,0,0,0,0
220.143,0.2014,0,0,0,0
220.177,0.2014,0,0,0,0
220.209,0.2014,0,0,0,0
220.247,0.2014,0,0,0,0
220.279,0.2014,0,0,0,0
220.313,0.2014,0,0,0,0
220.345,0.2014,0,0,0,0
220.378,0.2014,0,0,0,0
220.411,0.2014,0,0,0,0
220.445,0.2014,0,0,0,0
220.479,0.2014,0,0,0,0
220.512,0.2014,0,0,0,0
220.543,0.2014,0,0,0,0
220.577,0.2014,0,0,0,0
220.611,0.2014,0,0,0,0
220.644,0.2014,0,0,0,0
220.677,0.2014,0,0,0,0
220.711,0.2014,0,0,0,0
220.748,0.2014,0,0,0,0
220.779,0.2014,0,0,0,0
220.811,0.2014,0,0,0,0
220.845,0.2014,0,0,0,0
220.877,0.2014,0,0,0,0
220.910,0.2014,0,0,0,0
220.943,0.2014,0,0,0,0
220.980,0.2014,0,0,0,0
221.013,0.2014,0,0,0,0
221.046,0.2014,0,0,0,0
221.080,0.2014,0,0,0,0
221.112,0.2014,0,0,0,0
221.146,0.2014,0,0,0,0
221.178,0.2014,0,0,0,0
221.211,0.2014,0,0,0,0
221.244,0.2014,0,0,0,0
221.277,0.2014,0,0,0,0
221.310,0.2014,0,0,0,0
221.342,0.2014,0,0,0,0
221.376,0.2014,0,0,0,0
221.414,0.2014,0,0,0,0
221.446,0.2014,0,0,0,0
221.479,0.2014,0,0,0,0
221.512,0.2014,0,0,0,0
221.545,0.2014,0,0,0,0
221.579,0.2014,0,0,0,0
221.611,0.2014,0,0,0,0
221.645,0.2014,0,0,0,0
221.679,0.2014,0,0,0,0
221.713,0.2014,0,0,0,0
221.746,0.2014,0,0,0,0
221.776,0.2014,0,0,0,0
221.812,0.2014,0,0,0,0
221.843,0.2014,0,0,0,0
221.879,0.2014,0,0,0,0
221.908,0.2014,0,0,0,0
221.948,0.2014,0,0,0,0
221.984,0.2014,0,0,0,0
222.014,0.2014,0,0,0,0
222.042,0.2014,0,0,0,0
222.078,0.2014,0,0,0,0
222.110,0.2014,0,0,0,0
222.145,0.2014,0,0,0,0
222.178,0.2014,0,0,0,0
222.210,0.2014,0,0,0,0
222.247,0.2014,0,0,0,0
222.276,0.2014,0,0,0,0
222.313,0.2014,0,0,0,0
222.344,0.2014,0,0,0,0
222.377,0.2014,0,0,0,0
222.412,0.2014,0,0,0,0
222.444,0.2014,0,0,0,0
222.478,0.2014,0,0,0,0
222.511,0.2014,0,0,0,0
222.544,0.2014,0,0,0,0
222.578,0.2014,0,0,0,0
222.611,0.2014,0,0,0,0
222.643,0.2014,0,0,0,0
222.677,0.2014,0,0,0,0
222.709,0.2014,0,0,0,0
222.742,0.2014,0,0,0,0
222.779,0.2014,0,0,0,0
222.812,0.2014,0,0,0,0
222.845,0.2014,0,0,0,0
222.878,0.2014,0,0,0,0
222.911,0.2014,0,0,0,0
222.944,0.2014,0,0,0,0
222.977,0.2014,0,0,0,0
223.010,0.2014,0,0,0,0
223.046,0.2014,0,0,0,0
223.079,0.2014,0,0,0,0
223.112,0.2014,0,0,0,0
223.145,0.2014,0,0,0,0
223.179,0.2014,0,0,0,0
223.212,0.2014,0,0,0,0
223.244,0.2014,0,0,0,0
223.279,0.2014,0,0,0,0
223.310,0.2014,0,0,0,0
223.344,0.2014,0,0,0,0
223.377,0.2014,0,0,0,0
223.410,0.2014,0,0,0,0
223.444,0.2014,0,0,0,0
223.476,0.2014,0,0,0,0
223.510,0.2014,0,0,0,0
223.547,0.2014,0,0,0,0
223.580,0.2014,0,0,0,0
223.611,0.2014,0,0,0,0
223.644,0.2014,0,0,0,0
223.677,0.2014,0,0,0,0
223.712,0.2014,0,0,0,0
223.746,0.2014,0,0,0,0
223.777,0.2014,0,0,0,0
223.811,0.2014,0,0,0,0
223.844,0.2014,0,0,0,0
223.879,0.2014,0,0,0,0
223.910,0.2014,0,0,0,0
223.943,0.2014,0,0,0,0
223.976,0.2014,0,0,0,0
224.013,0.2014,0,0,0,0
224.046,0.2014,0,0,0,0
224.078,0.2014,0,0,0,0
224.111,0.2014,0,0,0,0
224.143,0.2014,0,0,0,0
224.176,0.2014,0,0,0,0
224.209,0.2014,0,0,0,0
224.246,0.2014,0,0,0,0
224.279,0.2014,0,0,0,0
224.312,0.2014,0,0,0,0
224.346,0.2014,0,0,0,0
224.379,0.2014,0,0,0,0
224.414,0.2014,0,0,0,0
224.441,0.2014,0,0,0,0
224.477,0.2014,0,0,0,0
224.506,0.2014,0,0,0,0
224.544,0.2014,0,0,0,0
224.586,0.2014,0,0,0,0
224.612,0.2014,0,0,0,0
224.647,0.2014,0,0,0,0
224.679,0.2014,0,0,0,0
224.709,0.2014,0,0,0,0
224.745,0.2014,0,0,0,0
224.777,0.2014,0,0,0,0
224.812,0.2014,0,0,0,0
224.844,0.2014,0,0,0,0
224.879,0.2014,0,0,0,0
224.909,0.2014,0,0,0,0
224.944,0.2014,0,0,0,0
224.976,0.2014,0,0,0,0
225.024,0.2014,0,0,0,0
225.046,0.2014,0,0,0,0
225.076,0.2014,0,0,0,0
225.120,0.2014,0,0,0,0
225.146,0.2014,0,0,0,0
225.178,0.2014,0,0,0,0
225.210,0.2014,0,0,0,0
225.242,0.2014,0,0,0,0
225.275,0.2014,0,0,0,0
225.312,0.2014,0,0,0,0
225.345,0.2014,0,0,0,0
225.377,0.2014,0,0,0,0
225.413,0.2014,0,0,0,0
225.445,0.2014,0,0,0,0
225.479,0.2014,0,0,0,0
225.512,0.2014,0,0,0,0
225.545,0.2014,0,0,0,0
225.578,0.2014,0,0,0,0
225.611,0.2014,0,0,0,0
225.648,0.2014,0,0,0,0
225.680,0.2014,0,0,0,0
225.711,0.2014,0,0,0,0
225.744,0.2014,0,0,0,0
225.777,0.2014,0,0,0,0
225.809,0.2014,0,0,0,0
225.842,0.2014,0,0,0,0
225.876,0.2014,0,0,0,0
225.913,0.2014,0,0,0,0
225.946,0.2014,0,0,0,0
225.978,0.2014,0,0,0,0
226.012,0.2014,0,0,0,0
226.045,0.2014,0,0,0,0
226.078,0.2014,0,0,0,0
226.111,0.2014,0,0,0,0
226.143,0.2014,0,0,0,0
226.177,0.2014,0,0,0,0
226.209,0.2014,0,0,0,0
226.247,0.2014,0,0,0,0
226.280,0.2014,0,0,0,0
226.312,0.2014,0,0,0,0
226.346,0.2014,0,0,0,0
226.380,0.2014,0,0,0,0
226.412,0.2014,0,0,0,0
226.444,0.2014,0,0,0,0
226.475,0.2014,0,0,0,0
226.510,0.2014,0,0,0,0
226.543,0.2014,0,0,0,0
226.578,0.2014,0,0,0,0
226.612,0.2014,0,0,0,0
226.642,0.2014,0,0,0,0
226.678,0.2014,0,0,0,0
226.712,0.2014,0,0,0,0
226.746,0.2014,0,0,0,0
226.779,0.2014,0,0,0,0
226.809,0.2014,0,0,0,0
226.852,0.2014,0,0,0,0
226.877,0.2014,0,0,0,0
226.912,0.2014,0,0,0,0
226.940,0.2014,0,0,0,0
226.985,0.2014,0,0,0,0
227.010,0.2014,0,0,0,0
227.045,0.2014,0,0,0,0
227.080,0.2014,0,0,0,0
227.113,0.2014,0,0,0,0
227.145,0.2014,0,0,0,0
227.175,0.2014,0,0,0,0
227.213,0.2014,0,0,0,0
227.246,0.2014,0,0,0,0
227.277,0.2014,0,0,0,0
227.313,0.2014,0,0,0,0
227.345,0.2014,0,0,0,0
227.379,0.2014,0,0,0,0
227.411,0.2014,0,0,0,0
227.448,0.2014,0,0,0,0
227.477,0.2014,0,0,0,0
227.511,0.2014,0,0,0,0
227.545,0.2014,0,0,0,0
227.576,0.2014,0,0,0,0
227.612,0.2014,0,0,0,0
227.643,0.2014,0,0,0,0
227.677,0.2014,0,0,0,0
227.723,0.2014,0,0,0,0
227.743,0.2014,0,0,0,0
227.778,0.2014,0,0,0,0
227.812,0.2014,0,0,0,0
227.845,0.2014,0,0,0,0
227.886,0.2014,0,0,0,0
227.913,0.2014,0,0,0,0
227.948,0.2014,0,0,0,0
227.978,0.2014,0,0,0,0
228.015,0.2014,0,0,0,0
228.046,0.2014,0,0,0,0
228.079,0.2014,0,0,0,0
228.111,0.2014,0,0,0,0
228.144,0.2014,0,0,0,0
228.180,0.2014,0,0,0,0
228.212,0.2014,0,0,0,0
228.246,0.2014,0,0,0,0
228.279,0.2014,0,0,0,0
228.309,0.2014,0,0,0,0
228.343,0.2014,0,0,0,0
228.377,0.2014,0,0,0,0
228.411,0.2014,0,0,0,0
228.445,0.2014,0,0,0,0
228.478,0.2014,0,0,0,0
228.510,0.2014,0,0,0,0
228.545,0.2014,0,0,0,0
228.578,0.2014,0,0,0,0
228.611,0.2014,0,0,0,0
228.645,0.2014,0,0,0,0
228.678,0.2014,0,0,0,0
228.711,0.2014,0,0,0,0
228.744,0.2014,0,0,0,0
228.779,0.2014,0,0,0,0
228.811,0.2014,0,0,0,0
228.843,0.2014,0,0,0,0
228.880,0.2014,0,0,0,0
228.944,0.2014,0,0,0,0
228.963,0.2014,0,0,0,0
228.980,0.2014,0,0,0,0
229.009,0.2014,0,0,0,0
229.045,0.2014,0,0,0,0
229.078,0.2014,0,0,0,0
229.109,0.2014,0,0,0,0
229.145,0.2014,0,0,0,0
229.178,0.2014,0,0,0,0
229.213,0.2014,0,0,0,0
229.243,0.2014,0,0,0,0
229.291,0.2014,0,0,0,0
229.314,0.2014,0,0,0,0
229.343,0.2014,0,0,0,0
229.380,0.2014,0,0,0,0
229.410,0.2014,0,0,0,0
229.445,0.2014,0,0,0,0
229.478,0.2014,0,0,0,0
229.510,0.2014,0,0,0,0
229.545,0.2014,0,0,0,0
229.578,0.2014,0,0,0,0
229.609,0.2014,0,0,0,0
229.645,0.2014,0,0,0,0
229.679,0.2014,0,0,0,0
229.714,0.2014,0,0,0,0
229.743,0.2014,0,0,0,0
229.777,0.2014,0,0,0,0
229.813,0.2014,0,0,0,0
229.846,0.2014,0,0,0,0
229.876,0.2014,0,0,0,0
229.911,0.2014,0,0,0,0
229.945,0.2014,0,0,0,0
229.979,0.2014,0,0,0,0
230.012,0.2014,0,0,0,0
230.045,0.2014,0,0,0,0
230.076,0.2014,0,0,0,0
230.112,0.2014,0,0,0,0
230.142,0.2014,0,0,0,0
230.177,0.2014,0,0,0,0
230.211,0.2014,0,0,0,0
230.244,0.2014,0,0,0,0
230.278,0.2014,0,0,0,0
230.312,0.2014,0,0,0,0
230.345,0.2014,0,0,0,0
230.379,0.2014,0,0,0,0
230.412,0.2014,0,0,0,0
230.444,0.2014,0,0,0,0
230.478,0.2014,0,0,0,0
230.509,0.2014,0,0,0,0
230.546,0.2014,0,0,0,0
230.579,0.2014,0,0,0,0
230.612,0.2014,0,0,0,0
230.645,0.2014,0,0,0,0
230.678,0.2014,0,0,0,0
230.710,0.2014,0,0,0,0
230.742,0.2014,0,0,0,0
230.776,0.2014,0,0,0,0
230.812,0.2014,0,0,0,0
230.845,0.2014,0,0,0,0
230.879,0.2014,0,0,0,0
230.912,0.2014,0,0,0,0
230.941,0.2014,0,0,0,0
230.976,0.2014,0,0,0,0
231.009,0.2014,0,0,0,0
231.044,0.2014,0,0,0,0
231.077,0.2014,0,0,0,0
231.111,0.2014,0,0,0,0
231.143,0.2014,0,0,0,0
231.180,0.2014,0,0,0,0
231.210,0.2014,0,0,0,0
231.246,0.2014,0,0,0,0
231.280,0.2014,0,0,0,0
231.312,0.2014,0,0,0,0
231.345,0.2014,0,0,0,0
231.379,0.2014,0,0,0,0
231.414,0.2014,0,0,0,0
231.447,0.2014,0,0,0,0
231.476,0.2014,0,0,0,0
231.509,0.2014,0,0,0,0
231.548,0.2014,0,0,0,0
231.578,0.2014,0,0,0,0
231.612,0.2014,0,0,0,0
231.642,0.2014,0,0,0,0
231.677,0.2014,0,0,0,0
231.710,0.2014,0,0,0,0
231.744,0.2014,0,0,0,0
231.776,0.2014,0,0,0,0
231.814,0.2014,0,0,0,0
231.846,0.2014,0,0,0,0
231.879,0.2014,0,0,0,0
231.912,0.2014,0,0,0,0
231.945,0.2014,0,0,0,0
231.977,0.2014,0,0,0,0
232.009,0.2014,0,0,0,0
232.047,0.2014,0,0,0,0
232.086,0.2014,0,0,0,0
232.111,0.2014,0,0,0,0
232.144,0.2014,0,0,0,0
232.179,0.2014,0,0,0,0
232.213,0.2014,0,0,0,0
232.244,0.2014,0,0,0,0
232.278,0.2014,0,0,0,0
232.312,0.2014,0,0,0,0
232.345,0.2014,0,0,0,0
232.375,0.2014,0,0,0,0
232.412,0.2014,0,0,0,0
232.444,0.2014,0,0,0,0
232.477,0.2014,0,0,0,0
232.513,0.2014,0,0,0,0
232.544,0.2014,0,0,0,0
232.578,0.2014,0,0,0,0
232.612,0.2014,0,0,0,0
232.645,0.2014,0,0,0,0
232.677,0.2014,0,0,0,0
232.712,0.2014,0,0,0,0
232.746,0.2014,0,0,0,0
232.777,0.2014,0,0,0,0
232.812,0.2014,0,0,0,0
232.846,0.2014,0,0,0,0
232.877,0.2014,0,0,0,0
232.912,0.2014,0,0,0,0
232.944,0.2014,0,0,0,0
232.979,0.2014,0,0,0,0
233.012,0.2014,0,0,0,0
233.044,0.2014,0,0,0,0
233.077,0.2014,0,0,0,0
233.110,0.2014,0,0,0,0
233.146,0.2014,0,0,0,0
233.178,0.2014,0,0,0,0
233.210,0.2014,0,0,0,0
233.246,0.2014,0,0,0,0
233.278,0.2014,0,0,0,0
233.311,0.2014,0,0,0,0
233.343,0.2014,0,0,0,0
233.379,0.2014,0,0,0,0
233.412,0.2014,0,0,0,0
233.443,0.2014,0,0,0,0
233.479,0.2014,0,0,0,0
233.511,0.2014,0,0,0,0
233.543,0.2014,0,0,0,0
233.576,0.2014,0,0,0,0
233.612,0.2014,0,0,0,0
233.644,0.2014,0,0,0,0
233.676,0.2014,0,0,0,0
233.712,0.2014,0,0,0,0
233.743,0.2014,0,0,0,0
233.779,0.2014,0,0,0,0
233.811,0.2014,0,0,0,0
233.843,0.2014,0,0,0,0
233.879,0.2014,0,0,0,0
233.911,0.2014,0,0,0,0
233.943,0.2014,0,0,0,0
233.979,0.2014,0,0,0,0
234.011,0.2014,0,0,0,0
234.047,0.2014,0,0,0,0
234.079,0.2014,0,0,0,0
234.111,0.2014,0,0,0,0
234.146,0.2014,0,0,0,0
234.178,0.2014,0,0,0,0
234.210,0.2014,0,0,0,0
234.246,0.2014,0,0,0,0
234.280,0.2014,0,0,0,0
234.310,0.2014,0,0,0,0
234.350,0.2014,0,0,0,0
234.378,0.2014,0,0,0,0
234.411,0.2014,0,0,0,0
234.444,0.2014,0,0,0,0
234.477,0.2014,0,0,0,0
234.513,0.2014,0,0,0,0
234.545,0.2014,0,0,0,0
234.581,0.2014,0,0,0,0
234.614,0.2014,0,0,0,0
234.646,0.2014,0,0,0,0
234.678,0.2014,0,0,0,0
234.710,0.2014,0,0,0,0
234.746,0.2014,0,0,0,0
234.779,0.2014,0,0,0,0
234.811,0.2014,0,0,0,0
234.843,0.2014,0,0,0,0
234.879,0.2014,0,0,0,0
234.910,0.2014,0,0,0,0
234.946,0.2014,0,0,0,0
234.978,0.2014,0,0,0,0
235.010,0.2014,0,0,0,0
235.045,0.2014,0,0,0,0
235.074,0.2014,0,0,0,0
235.110,0.2014,0,0,0,0
235.146,0.2014,0,0,0,0
235.178,0.2014,0,0,0,0
235.210,0.2014,0,0,0,0
235.246,0.2014,0,0,0,0
235.286,0.2014,0,0,0,0
235.312,0.2014,0,0,0,0
235.346,0.2014,0,0,0,0
235.376,0.2014,0,0,0,0
235.413,0.2014,0,0,0,0
235.446,0.2014,0,0,0,0
235.479,0.2014,0,0,0,0
235.513,0.2014,0,0,0,0
235.546,0.2014,0,0,0,0
235.579,0.2014,0,0,0,0
235.611,0.2014,0,0,0,0
235.647,0.2014,0,0,0,0
235.677,0.2014,0,0,0,0
235.711,0.2014,0,0,0,0
235.744,0.2014,0,0,0,0
235.776,0.2014,0,0,0,0
235.811,0.2014,0,0,0,0
235.844,0.2014,0,0,0,0
235.877,0.2014,0,0,0,0
235.911,0.2014,0,0,0,0
235.944,0.2014,0,0,0,0
235.978,0.2014,0,0,0,0
236.011,0.2014,0,0,0,0
236.044,0.2014,0,0,0,0
236.078,0.2014,0,0,0,0
236.112,0.2014,0,0,0,0
236.145,0.2014,0,0,0,0
236.179,0.2014,0,0,0,0
236.213,0.2014,0,0,0,0
236.242,0.2014,0,0,0,0
236.277,0.2014,0,0,0,0
236.311,0.2014,0,0,0,0
236.344,0.2014,0,0,0,0
236.377,0.2014,0,0,0,0
236.411,0.2014,0,0,0,0
236.445,0.2014,0,0,0,0
236.479,0.2014,0,0,0,0
236.512,0.2014,0,0,0,0
236.545,0.2014,0,0,0,0
236.578,0.2014,0,0,0,0
236.611,0.2014,0,0,0,0
236.645,0.2014,0,0,0,0
236.678,0.2014,0,0,0,0
236.712,0.2014,0,0,0,0
236.746,0.2014,0,0,0,0
236.779,0.2014,0,0,0,0
236.813,0.2014,0,0,0,0
236.846,0.2014,0,0,0,0
236.879,0.2014,0,0,0,0
236.912,0.2014,0,0,0,0
236.944,0.2014,0,0,0,0
236.977,0.2014,0,0,0,0
237.010,0.2014,0,0,0,0
237.046,0.2014,0,0,0,0
237.076,0.2014,0,0,0,0
237.111,0.2014,0,0,0,0
237.147,0.2014,0,0,0,0
237.177,0.2014,0,0,0,0
237.211,0.2014,0,0,0,0
237.244,0.2014,0,0,0,0
237.279,0.2014,0,0,0,0
237.311,0.2014,0,0,0,0
237.346,0.2014,0,0,0,0
237.376,0.2014,0,0,0,0
237.414,0.2014,0,0,0,0
237.445,0.2014,0,0,0,0
237.479,0.2014,0,0,0,0
237.510,0.2014,0,0,0,0
237.544,0.2014,0,0,0,0
237.577,0.2014,0,0,0,0
237.611,0.2014,0,0,0,0
237.647,0.2014,0,0,0,0
237.678,0.2014,0,0,0,0
237.710,0.2014,0,0,0,0
237.746,0.2014,0,0,0,0
237.778,0.2014,0,0,0,0
237.810,0.2014,0,0,0,0
237.843,0.2014,0,0,0,0
237.877,0.2014,0,0,0,0
237.913,0.2014,0,0,0,0
237.944,0.2014,0,0,0,0
237.979,0.2014,0,0,0,0
238.012,0.2014,0,0,0,0
238.044,0.2014,0,0,0,0
238.079,0.2014,0,0,0,0
238.111,0.2014,0,0,0,0
238.144,0.2014,0,0,0,0
238.179,0.2014,0,0,0,0
238.210,0.2014,0,0,0,0
238.244,0.2014,0,0,0,0
238.279,0.2014,0,0,0,0
238.311,0.2014,0,0,0,0
238.344,0.2014,0,0,0,0
238.379,0.2014,0,0,0,0
238.410,0.2014,0,0,0,0
238.445,0.2014,0,0,0,0
238.476,0.2014,0,0,0,0
238.510,0.2014,0,0,0,0
238.546,0.2014,0,0,0,0
238.578,0.2014,0,0,0,0
238.613,0.2014,0,0,0,0
238.645,0.2014,0,0,0,0
238.678,0.2014,0,0,0,0
238.712,0.2014,0,0,0,0
238.746,0.2014,0,0,0,0
238.779,0.2014,0,0,0,0
238.813,0.2014,0,0,0,0
238.844,0.2014,0,0,0,0
238.880,0.2014,0,0,0,0
238.911,0.2014,0,0,0,0
238.944,0.2014,0,0,0,0
238.978,0.2014,0,0,0,0
239.013,0.2014,0,0,0,0
239.045,0.2014,0,0,0,0
239.075,0.2014,0,0,0,0
239.111,0.2014,0,0,0,0
239.145,0.2014,0,0,0,0
239.179,0.2014,0,0,0,0
239.209,0.2014,0,0,0,0
239.246,0.2014,0,0,0,0
239.279,0.2014,0,0,0,0
239.311,0.2014,0,0,0,0
239.343,0.2014,0,0,0,0
239.380,0.2014,0,0,0,0
239.411,0.2014,0,0,0,0
239.443,0.2014,0,0,0,0
239.476,0.2014,0,0,0,0
239.510,0.2014,0,0,0,0
239.546,0.2014,0,0,0,0
239.578,0.2014,0,0,0,0
239.610,0.2014,0,0,0,0
239.646,0.2014,0,0,0,0
239.679,0.2014,0,0,0,0
239.711,0.2014,0,0,0,0
239.744,0.2014,0,0,0,0
239.779,0.2014,0,0,0,0
239.810,0.2014,0,0,0,0
239.847,0.2014,0,0,0,0
239.879,0.2014,0,0,0,0
239.912,0.2014,0,0,0,0
239.943,0.2014,0,0,0,0
239.977,0.2014,0,0,0,0
240.014,0.2014,0,0,0,0
240.045,0.2014,0,0,0,0
240.079,0.2014,0,0,0,0
240.111,0.2014,0,0,0,0
240.147,0.2014,0,0,0,0
240.176,0.2014,0,0,0,0
240.210,0.2014,0,0,0,0
240.244,0.2014,0,0,0,0
240.279,0.2014,0,0,0,0
240.311,0.2014,0,0,0,0
240.343,0.2014,0,0,0,0
240.377,0.2014,0,0,0,0
240.410,0.2014,0,0,0,0
240.443,0.2014,0,0,0,0
240.476,0.2014,0,0,0,0
240.511,0.2014,0,0,0,0
240.544,0.2014,0,0,0,0
240.578,0.2014,0,0,0,0
240.613,0.2014,0,0,0,0
240.645,0.2014,0,0,0,0
240.679,0.2014,0,0,0,0
240.712,0.2014,0,0,0,0
240.746,0.2014,0,0,0,0
240.779,0.2014,0,0,0,0
240.809,0.2014,0,0,0,0
240.843,0.2014,0,0,0,0
240.880,0.2014,0,0,0,0
240.912,0.2014,0,0,0,0
240.943,0.2014,0,0,0,0
240.976,0.2014,0,0,0,0
241.011,0.2014,0,0,0,0
241.043,0.2014,0,0,0,0
241.077,0.2014,0,0,0,0
241.112,0.2014,0,0,0,0
241.146,0.2014,0,0,0,0
241.177,0.2014,0,0,0,0
241.209,0.2014,0,0,0,0
241.244,0.2014,0,0,0,0
241.277,0.2014,0,0,0,0
241.312,0.2014,0,0,0,0
241.344,0.2014,0,0,0,0
241.379,0.2014,0,0,0,0
241.412,0.2014,0,0,0,0
241.444,0.2014,0,0,0,0
241.480,0.2014,0,0,0,0
241.511,0.2014,0,0,0,0
241.543,0.2014,0,0,0,0
241.577,0.2014,0,0,0,0
241.610,0.2014,0,0,0,0
241.645,0.2014,0,0,0,0
241.677,0.2014,0,0,0,0
241.712,0.2014,0,0,0,0
241.744,0.2014,0,0,0,0
241.779,0.2014,0,0,0,0
241.811,0.2014,0,0,0,0
241.844,0.2014,0,0,0,0
241.877,0.2014,0,0,0,0
241.909,0.2014,0,0,0,0
241.947,0.2014,0,0,0,0
241.978,0.2014,0,0,0,0
242.010,0.2014,0,0,0,0
242.046,0.2014,0,0,0,0
242.077,0.2014,0,0,0,0
242.112,0.2014,0,0,0,0
242.147,0.2014,0,0,0,0
242.177,0.2014,0,0,0,0
242.212,0.2014,0,0,0,0
242.244,0.2014,0,0,0,0
242.277,0.2014,0,0,0,0
242.312,0.2014,0,0,0,0
242.343,0.2014,0,0,0,0
242.378,0.2014,0,0,0,0
242.411,0.2014,0,0,0,0
242.444,0.2014,0,0,0,0
242.479,0.2014,0,0,0,0
242.512,0.2014,0,0,0,0
242.546,0.2014,0,0,0,0
242.577,0.2014,0,0,0,0
242.612,0.2014,0,0,0,0
242.645,0.2014,0,0,0,0
242.678,0.2014,0,0,0,0
242.709,0.2014,0,0,0,0
242.743,0.2014,0,0,0,0
242.777,0.2014,0,0,0,0
242.813,0.2014,0,0,0,0
242.844,0.2014,0,0,0,0
242.879,0.2014,0,0,0,0
242.913,0.2014,0,0,0,0
242.947,0.2014,0,0,0,0
242.976,0.2014,0,0,0,0
243.011,0.2014,0,0,0,0
243.045,0.2014,0,0,0,0
243.079,0.2014,0,0,0,0
243.111,0.2014,0,0,0,0
243.143,0.2014,0,0,0,0
243.177,0.2014,0,0,0,0
243.213,0.2014,0,0,0,0
243.245,0.2014,0,0,0,0
243.277,0.2014,0,0,0,0
243.314,0.2014,0,0,0,0
243.346,0.2014,0,0,0,0
243.375,0.2014,0,0,0,0
243.412,0.2014,0,0,0,0
243.443,0.2014,0,0,0,0
243.477,0.2014,0,0,0,0
243.514,0.2014,0,0,0,0
243.546,0.2014,0,0,0,0
243.578,0.2014,0,0,0,0
243.610,0.2014,0,0,0,0
243.645,0.2014,0,0,0,0
243.677,0.2014,0,0,0,0
243.714,0.2014,0,0,0,0
243.746,0.2014,0,0,0,0
243.777,0.2014,0,0,0,0
243.812,0.2014,0,0,0,0
243.845,0.2014,0,0,0,0
243.877,0.2014,0,0,0,0
243.912,0.2014,0,0,0,0
243.944,0.2014,0,0,0,0
243.979,0.2014,0,0,0,0
244.011,0.2014,0,0,0,0
244.047,0.2014,0,0,0,0
244.077,0.2014,0,0,0,0
244.114,0.2014,0,0,0,0
244.145,0.2014,0,0,0,0
244.179,0.2014,0,0,0,0
244.209,0.2014,0,0,0,0
244.244,0.2014,0,0,0,0
244.280,0.2014,0,0,0,0
244.311,0.2014,0,0,0,0
244.347,0.2014,0,0,0,0
244.377,0.2014,0,0,0,0
244.412,0.2014,0,0,0,0
244.445,0.2014,0,0,0,0
244.478,0.2014,0,0,0,0
244.511,0.2014,0,0,0,0
244.544,0.2014,0,0,0,0
244.577,0.2014,0,0,0,0
244.611,0.2014,0,0,0,0
244.647,0.2014,0,0,0,0
244.680,0.2014,0,0,0,0
244.711,0.2014,0,0,0,0
244.746,0.2014,0,0,0,0
244.778,0.2014,0,0,0,0
244.813,0.2014,0,0,0,0
244.843,0.2014,0,0,0,0
244.878,0.2014,0,0,0,0
244.912,0.2014,0,0,0,0
244.945,0.2014,0,0,0,0
244.977,0.2014,0,0,0,0
245.011,0.2014,0,0,0,0
245.046,0.2014,0,0,0,0
245.079,0.2014,0,0,0,0
245.111,0.2014,0,0,0,0
245.145,0.2014,0,0,0,0
245.179,0.2014,0,0,0,0
245.214,0.2014,0,0,0,0
245.244,0.2014,0,0,0,0
245.278,0.2014,0,0,0,0
245.310,0.2014,0,0,0,0
245.347,0.2014,0,0,0,0
245.379,0.2014,0,0,0,0
245.411,0.2014,0,0,0,0
245.444,0.2014,0,0,0,0
245.477,0.2014,0,0,0,0
245.512,0.2014,0,0,0,0
245.546,0.2014,0,0,0,0
245.607,0.2014,0,0,0,0
245.615,0.2014,0,0,0,0
245.651,0.2014,0,0,0,0
245.684,0.2014,0,0,0,0
245.721,0.2014,0,0,0,0
245.751,0.2014,0,0,0,0
245.787,0.2014,0,0,0,0
245.817,0.2014,0,0,0,0
245.856,0.2014,0,0,0,0
245.885,0.2014,0,0,0,0
245.921,0.2014,0,0,0,0
245.955,0.2014,0,0,0,0
245.983,0.2014,0,0,0,0
246.018,0.2014,0,0,0,0
246.053,0.2014,0,0,0,0
246.087,0.2014,0,0,0,0
246.120,0.2014,0,0,0,0
246.153,0.2014,0,0,0,0
246.185,0.2014,0,0,0,0
246.219,0.2014,0,0,0,0
246.252,0.2014,0,0,0,0
246.286,0.2014,0,0,0,0
246.317,0.2014,0,0,0,0
246.353,0.2014,0,0,0,0
246.384,0.2014,0,0,0,0
246.419,0.2014,0,0,0,0
246.452,0.2014,0,0,0,0
246.486,0.2014,0,0,0,0
246.519,0.2014,0,0,0,0
246.552,0.2014,0,0,0,0
246.585,0.2014,0,0,0,0
246.618,0.2014,0,0,0,0
246.653,0.2014,0,0,0,0
246.686,0.2014,0,0,0,0
246.720,0.2014,0,0,0,0
246.752,0.2014,0,0,0,0
246.784,0.2014,0,0,0,0
246.818,0.2014,0,0,0,0
246.853,0.2014,0,0,0,0
246.884,0.2014,0,0,0,0
246.921,0.2014,0,0,0,0
246.951,0.2014,0,0,0,0
246.986,0.2014,0,0,0,0
247.018,0.2014,0,0,0,0
247.052,0.2014,0,0,0,0
247.084,0.2014,0,0,0,0
247.118,0.2014,0,0,0,0
247.152,0.2014,0,0,0,0
247.186,0.2014,0,0,0,0
247.217,0.2014,0,0,0,0
247.253,0.2014,0,0,0,0
247.284,0.2014,0,0,0,0
247.319,0.2014,0,0,0,0
247.351,0.2014,0,0,0,0
247.384,0.2014,0,0,0,0
247.420,0.2014,0,0,0,0
247.452,0.2014,0,0,0,0
247.487,0.2014,0,0,0,0
247.519,0.2014,0,0,0,0
247.550,0.2014,0,0,0,0
247.584,0.2014,0,0,0,0
247.617,0.2014,0,0,0,0
247.651,0.2014,0,0,0,0
247.686,0.2014,0,0,0,0
247.717,0.2014,0,0,0,0
247.753,0.2014,0,0,0,0
247.785,0.2014,0,0,0,0
247.821,0.2014,0,0,0,0
247.853,0.2014,0,0,0,0
247.886,0.2014,0,0,0,0
247.918,0.2014,0,0,0,0
247.951,0.2014,0,0,0,0
247.985,0.2014,0,0,0,0
248.018,0.2014,0,0,0,0
248.051,0.2014,0,0,0,0
248.084,0.2014,0,0,0,0
248.119,0.2014,0,0,0,0
248.153,0.2014,0,0,0,0
248.184,0.2014,0,0,0,0
248.220,0.2014,0,0,0,0
248.251,0.2014,0,0,0,0
248.286,0.2014,0,0,0,0
248.319,0.2014,0,0,0,0
248.351,0.2014,0,0,0,0
248.384,0.2014,0,0,0,0
248.420,0.2014,0,0,0,0
248.450,0.2014,0,0,0,0
248.487,0.2014,0,0,0,0
248.519,0.2014,0,0,0,0
248.552,0.2014,0,0,0,0
248.586,0.2014,0,0,0,0
248.617,0.2014,0,0,0,0
248.652,0.2014,0,0,0,0
248.685,0.2014,0,0,0,0
248.720,0.2014,0,0,0,0
248.751,0.2014,0,0,0,0
248.787,0.2014,0,0,0,0
248.819,0.2014,0,0,0,0
248.850,0.2014,0,0,0,0
248.887,0.2014,0,0,0,0
248.920,0.2014,0,0,0,0
248.952,0.2014,0,0,0,0
248.987,0.2014,0,0,0,0
249.020,0.2014,0,0,0,0
249.052,0.2014,0,0,0,0
249.084,0.2014,0,0,0,0
249.118,0.2014,0,0,0,0
249.152,0.2014,0,0,0,0
249.184,0.2014,0,0,0,0
249.221,0.2014,0,0,0,0
249.253,0.2014,0,0,0,0
249.284,0.2014,0,0,0,0
249.320,0.2014,0,0,0,0
249.351,0.2014,0,0,0,0
249.385,0.2014,0,0,0,0
249.417,0.2014,0,0,0,0
249.453,0.2014,0,0,0,0
249.484,0.2014,0,0,0,0
249.517,0.2014,0,0,0,0
249.553,0.2014,0,0,0,0
249.585,0.2014,0,0,0,0
249.617,0.2014,0,0,0,0
249.654,0.2014,0,0,0,0
249.684,0.2014,0,0,0,0
249.718,0.2014,0,0,0,0
249.752,0.2014,0,0,0,0
249.784,0.2014,0,0,0,0
249.819,0.2014,0,0,0,0
249.852,0.2014,0,0,0,0
249.887,0.2014,0,0,0,0
249.919,0.2014,0,0,0,0
249.952,0.2014,0,0,0,0
249.985,0.2014,0,0,0,0
250.021,0.2014,0,0,0,0
250.052,0.2014,0,0,0,0
250.089,0.2014,0,0,0,0
250.120,0.2014,0,0,0,0
250.151,0.2014,0,0,0,0
250.184,0.2014,0,0,0,0
250.217,0.2014,0,0,0,0
250.253,0.2014,0,0,0,0
250.288,0.2014,0,0,0,0
250.320,0.2014,0,0,0,0
250.353,0.2014,0,0,0,0
250.386,0.2014,0,0,0,0
250.419,0.2014,0,0,0,0
250.450,0.2014,0,0,0,0
250.484,0.2014,0,0,0,0
250.519,0.2014,0,0,0,0
250.553,0.2014,0,0,0,0
250.587,0.2014,0,0,0,0
250.621,0.2014,0,0,0,0
250.653,0.2014,0,0,0,0
250.687,0.2014,0,0,0,0
250.721,0.2014,0,0,0,0
250.751,0.2014,0,0,0,0
250.787,0.2014,0,0,0,0
250.817,0.2014,0,0,0,0
250.852,0.2014,0,0,0,0
250.887,0.2014,0,0,0,0
250.918,0.2014,0,0,0,0
250.953,0.2014,0,0,0,0
250.984,0.2014,0,0,0,0
251.020,0.2014,0,0,0,0
251.053,0.2014,0,0,0,0
251.086,0.2014,0,0,0,0
251.120,0.2014,0,0,0,0
251.151,0.2014,0,0,0,0
251.183,0.2014,0,0,0,0
251.217,0.2014,0,0,0,0
251.253,0.2014,0,0,0,0
251.286,0.2014,0,0,0,0
251.320,0.2014,0,0,0,0
251.353,0.2014,0,0,0,0
251.386,0.2014,0,0,0,0
251.420,0.2014,0,0,0,0
251.454,0.2014,0,0,0,0
251.488,0.2014,0,0,0,0
251.520,0.2014,0,0,0,0
251.553,0.2014,0,0,0,0
251.588,0.2014,0,0,0,0
251.617,0.2014,0,0,0,0
251.653,0.2014,0,0,0,0
251.684,0.2014,0,0,0,0
251.720,0.2014,0,0,0,0
251.754,0.2014,0,0,0,0
251.786,0.2014,0,0,0,0
251.820,0.2014,0,0,0,0
251.853,0.2014,0,0,0,0
251.884,0.2014,0,0,0,0
251.920,0.2014,0,0,0,0
251.950,0.2014,0,0,0,0
251.988,0.2014,0,0,0,0
252.019,0.2014,0,0,0,0
252.110,0.2014,0,0,0,0
252.123,0.2014,0,0,0,0
252.158,0.2014,0,0,0,0
252.189,0.2014,0,0,0,0
252.223,0.2014,0,0,0,0
252.259,0.2014,0,0,0,0
252.293,0.2014,0,0,0,0
252.325,0.2014,0,0,0,0
252.356,0.2014,0,0,0,0
252.391,0.2014,0,0,0,0
252.424,0.2014,0,0,0,0
252.456,0.2014,0,0,0,0
252.493,0.2014,0,0,0,0
252.522,0.2014,0,0,0,0
252.558,0.2014,0,0,0,0
252.588,0.2014,0,0,0,0
252.625,0.2014,0,0,0,0
252.657,0.2014,0,0,0,0
252.692,0.2014,0,0,0,0
252.726,0.2014,0,0,0,0
252.757,0.2014,0,0,0,0
252.789,0.2014,0,0,0,0
252.825,0.2014,0,0,0,0
252.855,0.2014,0,0,0,0
252.891,0.2014,0,0,0,0
252.925,0.2014,0,0,0,0
252.959,0.2014,0,0,0,0
252.993,0.2014,0,0,0,0
253.021,0.2014,0,0,0,0
253.055,0.2014,0,0,0,0
253.089,0.2014,0,0,0,0
253.126,0.2014,0,0,0,0
253.158,0.2014,0,0,0,0
253.190,0.2014,0,0,0,0
253.223,0.2014,0,0,0,0
253.256,0.2014,0,0,0,0
253.290,0.2014,0,0,0,0
253.324,0.2014,0,0,0,0
253.357,0.2014,0,0,0,0
253.391,0.2014,0,0,0,0
253.425,0.2014,0,0,0,0
253.458,0.2014,0,0,0,0
253.491,0.2014,0,0,0,0
253.525,0.2014,0,0,0,0
253.558,0.2014,0,0,0,0
253.592,0.2014,0,0,0,0
253.625,0.2014,0,0,0,0
253.658,0.2014,0,0,0,0
253.690,0.2014,0,0,0,0
253.721,0.2014,0,0,0,0
253.759,0.2014,0,0,0,0
253.793,0.2014,0,0,0,0
253.827,0.2014,0,0,0,0
253.854,0.2014,0,0,0,0
253.889,0.2014,0,0,0,0
253.923,0.2014,0,0,0,0
253.956,0.2014,0,0,0,0
253.989,0.2014,0,0,0,0
254.024,0.2014,0,0,0,0
254.056,0.2014,0,0,0,0
254.089,0.2014,0,0,0,0
254.123,0.2014,0,0,0,0
254.156,0.2014,0,0,0,0
254.190,0.2014,0,0,0,0
254.224,0.2014,0,0,0,0
254.258,0.2014,0,0,0,0
254.290,0.2014,0,0,0,0
254.325,0.2014,0,0,0,0
254.357,0.2014,0,0,0,0
254.390,0.2014,0,0,0,0
254.422,0.2014,0,0,0,0
254.456,0.2014,0,0,0,0
254.490,0.2014,0,0,0,0
254.523,0.2014,0,0,0,0
254.558,0.2014,0,0,0,0
254.590,0.2014,0,0,0,0
254.623,0.2014,0,0,0,0
254.657,0.2014,0,0,0,0
254.689,0.2014,0,0,0,0
254.723,0.2014,0,0,0,0
254.757,0.2014,0,0,0,0
254.789,0.2014,0,0,0,0
254.823,0.2014,0,0,0,0
254.857,0.2014,0,0,0,0
254.891,0.2014,0,0,0,0
254.922,0.2014,0,0,0,0
254.957,0.2014,0,0,0,0
254.989,0.2014,0,0,0,0
255.024,0.2014,0,0,0,0
255.058,0.2014,0,0,0,0
255.090,0.2014,0,0,0,0
255.125,0.2014,0,0,0,0
255.155,0.2014,0,0,0,0
255.188,0.2014,0,0,0,0
255.222,0.2014,0,0,0,0
255.258,0.2014,0,0,0,0
255.291,0.2014,0,0,0,0
255.321,0.2014,0,0,0,0
255.358,0.2014,0,0,0,0
255.390,0.2014,0,0,0,0
255.423,0.2014,0,0,0,0
255.456,0.2014,0,0,0,0
255.489,0.2014,0,0,0,0
255.524,0.2014,0,0,0,0
255.557,0.2014,0,0,0,0
255.589,0.2014,0,0,0,0
255.626,0.2014,0,0,0,0
255.659,0.2014,0,0,0,0
255.690,0.2014,0,0,0,0
255.726,0.2014,0,0,0,0
255.758,0.2014,0,0,0,0
255.788,0.2014,0,0,0,0
255.827,0.2014,0,0,0,0
255.855,0.2014,0,0,0,0
255.888,0.2014,0,0,0,0
255.923,0.2014,0,0,0,0
255.957,0.2014,0,0,0,0
255.989,0.2014,0,0,0,0
256.024,0.2014,0,0,0,0
256.058,0.2014,0,0,0,0
256.089,0.2014,0,0,0,0
256.123,0.2014,0,0,0,0
256.158,0.2014,0,0,0,0
256.191,0.2014,0,0,0,0
256.223,0.2014,0,0,0,0
256.259,0.2014,0,0,0,0
256.293,0.2014,0,0,0,0
256.325,0.2014,0,0,0,0
256.356,0.2014,0,0,0,0
256.393,0.2014,0,0,0,0
256.424,0.2014,0,0,0,0
256.459,0.2014,0,0,0,0
256.490,0.2014,0,0,0,0
256.525,0.2014,0,0,0,0
256.555,0.2014,0,0,0,0
256.590,0.2014,0,0,0,0
256.623,0.2014,0,0,0,0
256.658,0.2014,0,0,0,0
256.693,0.2014,0,0,0,0
256.722,0.2014,0,0,0,0
256.758,0.2014,0,0,0,0
256.790,0.2014,0,0,0,0
256.825,0.2014,0,0,0,0
256.856,0.2014,0,0,0,0
256.888,0.2014,0,0,0,0
256.923,0.2014,0,0,0,0
256.955,0.2052,0,7,7,0
256.990,0.2090,0,7,7,0
257.022,0.2090,0,7,7,0
257.057,0.2090,0,7,7,0
257.092,0.2090,0,7,7,0
257.122,0.2090,0,7,7,0
257.154,0.2090,0,7,7,0
257.189,0.2090,0,7,7,0
257.224,0.2090,0,7,7,0
257.256,0.2090,0,7,7,0
257.289,0.2090,0,7,7,0
257.327,0.2090,0,7,7,0
257.355,0.2090,0,7,7,0
257.390,0.2090,0,7,7,0
257.422,0.2055,0,7,7,0
257.459,0.2055,0,7,7,0
257.491,0.2055,0,7,7,0
257.523,0.2055,0,7,7,0
257.558,0.2055,0,7,7,0
257.589,0.2055,0,7,7,0
257.625,0.2055,0,7,7,0
257.656,0.2055,0,7,7,0
257.693,0.2055,0,7,7,0
257.725,0.2055,0,7,7,0
257.760,0.2055,0,7,7,0
257.791,0.2055,0,7,7,0
257.827,0.2055,0,7,7,0
257.855,0.2055,0,7,7,0
257.889,0.2055,0,7,7,0
257.923,0.2013,0,7,7,0
257.955,0.1971,0,7,7,0
257.992,0.1971,0,7,7,0
258.024,0.1971,0,7,7,0
258.055,0.1971,0,7,7,0
258.091,0.1971,0,7,7,0
258.122,0.1971,0,7,7,0
258.155,0.1971,0,7,7,0
258.190,0.1971,0,7,7,0
258.224,0.1971,0,7,7,0
258.256,0.2013,0,7,7,0
258.291,0.2056,0,7,7,0
258.323,0.2090,0,7,7,0
258.358,0.2090,0,7,7,0
258.391,0.2090,0,7,7,0
258.422,0.2090,0,7,7,0
258.463,0.2090,0,7,7,0
258.490,0.2090,0,7,7,0
258.522,0.2090,0,7,7,0
258.559,0.2090,0,7,7,0
258.589,0.2057,0,7,7,0
258.623,0.2016,0,7,7,0
258.659,0.2016,0,7,7,0
258.691,0.2016,0,7,7,0
258.723,0.2016,0,7,7,0
258.759,0.2016,0,7,7,0
258.791,0.2016,0,7,7,0
258.823,0.2016,0,7,7,0
258.855,0.2016,0,7,7,0
258.892,0.2016,0,7,7,0
258.923,0.2016,0,7,7,0
258.957,0.2016,0,7,7,0
258.990,0.2016,0,7,7,0
259.024,0.2016,0,7,7,0
259.060,0.2016,0,7,7,0
259.092,0.2016,0,7,7,0
259.122,0.2016,0,7,7,0
259.156,0.2016,0,7,7,0
259.190,0.2016,0,7,7,0
259.225,0.2016,0,7,7,0
259.257,0.2016,0,7,7,0
259.288,0.2016,0,7,7,0
259.324,0.2016,0,7,7,0
259.357,0.2016,0,7,7,0
259.389,0.2016,0,7,7,0
259.424,0.2016,0,7,7,0
259.458,0.2057,0,7,7,0
259.490,0.2092,0,7,7,0
259.523,0.2092,0,7,7,0
259.556,0.2092,0,7,7,0
259.592,0.2092,0,7,7,0
259.625,0.2092,0,7,7,0
259.658,0.2092,0,7,7,0
259.690,0.2092,0,7,7,0
259.725,0.2092,0,7,7,0
259.757,0.2092,0,7,7,0
259.789,0.2092,0,7,7,0
259.822,0.2092,0,7,7,0
259.856,0.2092,0,7,7,0
259.892,0.2092,0,7,7,0
259.924,0.2057,0,7,7,0
259.957,0.2018,0,7,7,0
259.989,0.1975,0,7,7,0
260.025,0.1975,0,7,7,0
260.056,0.1975,0,7,7,0
260.089,0.1975,0,7,7,0
260.124,0.1975,0,7,7,0
260.155,0.1975,0,7,7,0
260.189,0.1975,0,7,7,0
260.225,0.1975,0,7,7,0
260.255,0.1975,0,7,7,0
260.290,0.1975,0,7,7,0
260.327,0.1975,0,7,7,0
260.359,0.1975,0,7,7,0
260.390,0.1975,0,7,7,0
260.426,0.1975,0,7,7,0
260.459,0.2018,0,7,7,0
260.489,0.2055,0,7,7,0
260.523,0.2092,0,7,7,0
260.560,0.2092,0,7,7,0
260.590,0.2092,0,7,7,0
260.624,0.2092,0,7,7,0
260.657,0.2092,0,7,7,0
260.688,0.2092,0,7,7,0
260.722,0.2092,0,7,7,0
260.756,0.2056,0,7,7,0
260.791,0.2056,0,7,7,0
260.823,0.2056,0,7,7,0
260.859,0.2056,0,7,7,0
260.890,0.2056,0,7,7,0
260.925,0.2056,0,7,7,0
260.956,0.2056,0,7,7,0
260.988,0.2056,0,7,7,0
261.023,0.2056,0,7,7,0
261.055,0.2056,0,7,7,0
261.091,0.2056,0,7,7,0
261.124,0.2056,0,7,7,0
261.157,0.2056,0,7,7,0
261.194,0.2056,0,7,7,0
261.223,0.2056,0,7,7,0
261.260,0.2056,0,7,7,0
261.293,0.2056,0,7,7,0
261.325,0.2056,0,7,7,0
261.355,0.2056,0,7,7,0
261.392,0.2056,0,7,7,0
261.425,0.2056,0,7,7,0
261.455,0.2056,0,7,7,0
261.490,0.2056,0,7,7,0
261.527,0.2056,0,7,7,0
261.559,0.2056,0,7,7,0
261.592,0.2056,0,7,7,0
261.625,0.2056,0,7,7,0
261.659,0.2056,0,7,7,0
261.691,0.2056,0,7,7,0
261.726,0.2056,0,7,7,0
261.757,0.2056,0,0,0,0
261.790,0.2056,0,0,0,0
261.822,0.2056,0,0,0,0
261.857,0.2056,0,0,0,0
261.889,0.2056,0,0,0,0
261.924,0.2056,0,0,0,0
261.957,0.2056,0,0,0,0
261.991,0.2056,0,0,0,0
262.023,0.2056,0,0,0,0
262.060,0.2056,0,0,0,0
262.092,0.2056,0,0,0,0
262.123,0.2056,0,0,0,0
262.159,0.2056,0,0,0,0
262.192,0.2056,0,0,0,0
262.224,0.2056,0,0,0,0
262.258,0.2056,0,0,0,0
262.290,0.2056,0,0,0,0
262.331,0.2056,0,0,0,0
262.358,0.2056,0,0,0,0
262.390,0.2056,0,0,0,0
262.423,0.2056,0,0,0,0
262.457,0.2056,0,0,0,0
262.491,0.2056,0,0,0,0
262.525,0.2056,0,0,0,0
262.557,0.2056,0,0,0,0
262.588,0.2056,0,0,0,0
262.622,0.2056,0,0,0,0
262.656,0.2056,0,0,0,0
262.691,0.2056,0,0,0,0
262.725,0.2056,0,0,0,0
262.756,0.2056,0,0,0,0
262.790,0.2056,0,0,0,0
262.823,0.2056,0,0,0,0
262.857,0.2056,0,0,0,0
262.891,0.2056,0,0,0,0
262.923,0.2056,0,0,0,0
262.957,0.2056,0,0,0,0
262.991,0.2056,0,0,0,0
263.023,0.2056,0,0,0,0
263.056,0.2056,0,0,0,0
263.091,0.2056,0,0,0,0
263.124,0.2056,0,0,0,0
263.157,0.2056,0,0,0,0
263.192,0.2056,0,0,0,0
263.223,0.2056,0,0,0,0
263.257,0.2056,0,0,0,0
263.290,0.2056,0,0,0,0
263.324,0.2056,0,0,0,0
263.356,0.2056,0,0,0,0
263.390,0.2056,0,0,0,0
263.424,0.2056,0,0,0,0
263.457,0.2056,0,0,0,0
263.489,0.2056,0,0,0,0
263.524,0.2056,0,0,0,0
263.556,0.2056,0,0,0,0
263.590,0.2056,0,0,0,0
263.622,0.2056,0,0,0,0
263.656,0.2056,0,0,0,0
263.690,0.2056,0,0,0,0
263.722,0.2056,0,0,0,0
263.756,0.2056,0,0,0,0
263.791,0.2056,0,0,0,0
263.823,0.2056,0,0,0,0
263.858,0.2056,0,0,0,0
263.890,0.2056,0,0,0,0
263.924,0.2056,0,0,0,0
263.956,0.2056,0,0,0,0
263.990,0.2056,0,0,0,0
264.024,0.2056,0,0,0,0
264.057,0.2056,0,0,0,0
264.089,0.2056,0,0,0,0
264.124,0.2056,0,0,0,0
264.157,0.2056,0,0,0,0
264.191,0.2056,0,0,0,0
264.222,0.2056,0,0,0,0
264.257,0.2056,0,0,0,0
264.292,0.2056,0,0,0,0
264.326,0.2056,0,0,0,0
264.357,0.2056,0,0,0,0
264.391,0.2056,0,0,0,0
264.423,0.2056,0,0,0,0
264.460,0.2056,0,0,0,0
264.489,0.2056,0,0,0,0
264.523,0.2056,0,0,0,0
264.557,0.2056,0,0,0,0
264.593,0.2056,0,0,0,0
264.622,0.2056,0,0,0,0
264.657,0.2056,0,0,0,0
264.692,0.2056,0,0,0,0
264.721,0.2056,0,0,0,0
264.757,0.2056,0,0,0,0
264.791,0.2056,0,0,0,0
264.825,0.2056,0,0,0,0
264.859,0.2056,0,0,0,0
264.894,0.2056,0,0,0,0
264.923,0.2056,0,0,0,0
264.955,0.2056,0,0,0,0
264.993,0.2056,0,0,0,0
265.026,0.2056,0,0,0,0
265.056,0.2056,0,0,0,0
265.088,0.2056,0,0,0,0
265.123,0.2056,0,0,0,0
265.157,0.2056,0,0,0,0
265.191,0.2056,0,0,0,0
265.225,0.2056,0,0,0,0
265.255,0.2056,0,0,0,0
265.289,0.2056,0,0,0,0
265.325,0.2056,0,0,0,0
265.357,0.2056,0,0,0,0
265.389,0.2056,0,0,0,0
265.424,0.2056,0,0,0,0
265.459,0.2056,0,0,0,0
265.493,0.2056,0,0,0,0
265.524,0.2056,0,0,0,0
265.554,0.2056,0,0,0,0
265.589,0.2056,0,0,0,0
265.626,0.2056,0,0,0,0
265.657,0.2056,0,0,0,0
265.693,0.2056,0,0,0,0
265.720,0.2056,0,0,0,0
265.757,0.2056,0,0,0,0
265.790,0.2056,0,0,0,0
265.823,0.2056,0,0,0,0
265.856,0.2056,0,0,0,0
265.890,0.2056,0,0,0,0
265.922,0.2056,0,0,0,0
265.957,0.2056,0,0,0,0
265.990,0.2056,0,0,0,0
266.026,0.2056,0,0,0,0
266.055,0.2056,0,0,0,0
266.093,0.2056,0,0,0,0
266.122,0.2056,0,0,0,0
266.155,0.2056,0,0,0,0
266.193,0.2056,0,0,0,0
266.221,0.2056,0,0,0,0
266.256,0.2056,0,0,0,0
266.292,0.2056,0,0,0,0
266.323,0.2056,0,0,0,0
266.356,0.2056,0,0,0,0
266.392,0.2056,0,0,0,0
266.426,0.2056,0,0,0,0
266.455,0.2056,0,0,0,0
266.492,0.2056,0,0,0,0
266.521,0.2056,0,0,0,0
266.559,0.2056,0,0,0,0
266.591,0.2056,0,0,0,0
266.621,0.2056,0,0,0,0
266.658,0.2056,0,0,0,0
266.690,0.2056,0,0,0,0
266.725,0.2056,0,0,0,0
266.760,0.2056,0,0,0,0
266.788,0.2056,0,0,0,0
266.826,0.2056,0,0,0,0
266.858,0.2056,0,0,0,0
266.893,0.2056,0,0,0,0
266.925,0.2056,0,0,0,0
266.958,0.2056,0,0,0,0
266.989,0.2056,0,0,0,0
267.023,0.2056,0,0,0,0
267.055,0.2056,0,0,0,0
267.089,0.2056,0,0,0,0
267.123,0.2056,0,0,0,0
267.151,0.2056,0,0,0,0
267.191,0.2056,0,0,0,0
267.223,0.2056,0,0,0,0
267.260,0.2056,0,0,0,0
267.290,0.2056,0,0,0,0
267.322,0.2056,0,0,0,0
267.355,0.2056,0,0,0,0
267.390,0.2056,0,0,0,0
267.425,0.2056,0,0,0,0
267.458,0.2056,0,0,0,0
267.488,0.2056,0,0,0,0
267.523,0.2056,0,0,0,0
267.557,0.2056,0,0,0,0
267.591,0.2056,0,0,0,0
267.623,0.2056,0,0,0,0
267.659,0.2056,0,0,0,0
267.690,0.2056,0,0,0,0
267.723,0.2056,0,0,0,0
267.754,0.2056,0,0,0,0
267.788,0.2056,0,0,0,0
267.824,0.2056,0,0,0,0
267.859,0.2056,0,0,0,0
267.891,0.2056,0,0,0,0
267.925,0.2056,0,0,0,0
267.957,0.2056,0,0,0,0
267.989,0.2056,0,0,0,0
268.024,0.2056,0,0,0,0
268.056,0.2056,0,0,0,0
268.091,0.2056,0,0,0,0
268.125,0.2056,0,0,0,0
268.156,0.2056,0,0,0,0
268.191,0.2056,0,0,0,0
268.224,0.2056,0,0,0,0
268.257,0.2056,0,0,0,0
268.290,0.2056,0,0,0,0
268.322,0.2056,0,0,0,0
268.355,0.2056,0,0,0,0
268.390,0.2056,0,0,0,0
268.425,0.2056,0,0,0,0
268.457,0.2056,0,0,0,0
268.489,0.2056,0,0,0,0
268.528,0.2056,0,0,0,0
268.558,0.2056,0,0,0,0
268.589,0.2056,0,0,0,0
268.622,0.2056,0,0,0,0
268.657,0.2056,0,0,0,0
268.690,0.2056,0,0,0,0
268.724,0.2056,0,0,0,0
268.756,0.2056,0,0,0,0
268.790,0.2056,0,0,0,0
268.822,0.2056,0,0,0,0
268.858,0.2056,0,0,0,0
268.890,0.2056,0,0,0,0
268.922,0.2056,0,0,0,0
268.955,0.2056,0,0,0,0
268.991,0.2056,0,0,0,0
269.024,0.2056,0,0,0,0
269.058,0.2056,0,0,0,0
269.091,0.2056,0,0,0,0
269.122,0.2056,0,0,0,0
269.156,0.2056,0,0,0,0
269.189,0.2056,0,0,0,0
269.224,0.2056,0,0,0,0
269.257,0.2056,0,0,0,0
269.290,0.2056,0,0,0,0
269.323,0.2056,0,0,0,0
269.358,0.2056,0,0,0,0
269.389,0.2056,0,0,0,0
269.422,0.2056,0,0,0,0
269.456,0.2056,0,0,0,0
269.488,0.2056,0,0,0,0
269.525,0.2056,0,0,0,0
269.558,0.2056,0,0,0,0
269.591,0.2056,0,0,0,0
269.623,0.2056,0,0,0,0
269.657,0.2056,0,0,0,0
269.691,0.2056,0,0,0,0
269.721,0.2056,0,0,0,0
269.755,0.2056,0,0,0,0
269.790,0.2056,0,0,0,0
269.823,0.2056,0,0,0,0
269.858,0.2056,0,0,0,0
269.890,0.2056,0,0,0,0
269.923,0.2056,0,0,0,0
269.956,0.2056,0,0,0,0
269.990,0.2056,0,0,0,0
270.025,0.2056,0,0,0,0
270.056,0.2056,0,0,0,0
270.089,0.2056,0,0,0,0
270.125,0.2056,0,0,0,0
270.156,0.2056,0,0,0,0
270.190,0.2056,0,0,0,0
270.224,0.2056,0,0,0,0
270.256,0.2056,0,0,0,0
270.291,0.2056,0,0,0,0
270.324,0.2056,0,0,0,0
270.358,0.2056,0,0,0,0
270.391,0.2056,0,0,0,0
270.424,0.2056,0,0,0,0
270.459,0.2056,0,0,0,0
270.489,0.2056,0,0,0,0
270.523,0.2056,0,0,0,0
270.556,0.2056,0,0,0,0
270.591,0.2056,0,0,0,0
270.622,0.2056,0,0,0,0
270.654,0.2056,0,0,0,0
270.690,0.2056,0,0,0,0
270.723,0.2056,0,0,0,0
270.757,0.2056,0,0,0,0
270.789,0.2056,0,0,0,0
270.822,0.2056,0,0,0,0
270.856,0.2056,0,0,0,0
270.889,0.2056,0,0,0,0
270.923,0.2056,0,0,0,0
270.956,0.2056,0,0,0,0
270.988,0.2056,0,0,0,0
271.024,0.2056,0,0,0,0
271.055,0.2056,0,0,0,0
271.091,0.2056,0,0,0,0
271.122,0.2056,0,0,0,0
271.156,0.2056,0,0,0,0
271.190,0.2056,0,0,0,0
271.222,0.2056,0,0,0,0
271.256,0.2056,0,0,0,0
271.291,0.2056,0,0,0,0
271.323,0.2056,0,0,0,0
271.355,0.2056,0,0,0,0
271.391,0.2056,0,0,0,0
271.425,0.2056,0,0,0,0
271.457,0.2056,0,0,0,0
271.488,0.2056,0,0,0,0
271.522,0.2056,0,0,0,0
271.556,0.2056,0,0,0,0
271.590,0.2056,0,0,0,0
271.624,0.2056,0,0,0,0
271.657,0.2056,0,0,0,0
271.689,0.2056,0,0,0,0
271.722,0.2056,0,0,0,0
271.758,0.2056,0,0,0,0
271.788,0.2056,0,0,0,0
271.825,0.2056,0,0,0,0
271.856,0.2056,0,0,0,0
271.889,0.2056,0,0,0,0
271.924,0.2056,0,0,0,0
271.957,0.2056,0,0,0,0
271.990,0.2056,0,0,0,0
272.022,0.2056,0,0,0,0
272.058,0.2056,0,0,0,0
272.090,0.2056,0,0,0,0
272.125,0.2056,0,0,0,0
272.154,0.2056,0,0,0,0
272.191,0.2056,0,0,0,0
272.224,0.2056,0,0,0,0
272.256,0.2056,0,0,0,0
272.291,0.2056,0,0,0,0
272.322,0.2056,0,0,0,0
272.358,0.2056,0,0,0,0
272.391,0.2056,0,0,0,0
272.425,0.2056,0,0,0,0
272.456,0.2056,0,0,0,0
272.489,0.2056,0,0,0,0
272.524,0.2056,0,0,0,0
272.557,0.2056,0,0,0,0
272.592,0.2056,0,0,0,0
272.622,0.2056,0,0,0,0
272.656,0.2056,0,0,0,0
272.689,0.2056,0,0,0,0
272.723,0.2056,0,0,0,0
272.756,0.2056,0,0,0,0
272.791,0.2056,0,0,0,0
272.825,0.2056,0,0,0,0
272.858,0.2056,0,0,0,0
272.892,0.2056,0,0,0,0
272.922,0.2056,0,0,0,0
272.955,0.2056,0,0,0,0
272.990,0.2056,0,0,0,0
273.024,0.2056,0,0,0,0
273.058,0.2056,0,0,0,0
273.089,0.2056,0,0,0,0
273.124,0.2056,0,0,0,0
273.157,0.2056,0,0,0,0
273.189,0.2056,0,0,0,0
273.224,0.2056,0,0,0,0
273.256,0.2056,0,0,0,0
273.289,0.2056,0,0,0,0
273.323,0.2056,0,0,0,0
273.357,0.2056,0,0,0,0
273.389,0.2056,0,0,0,0
273.422,0.2056,0,0,0,0
273.458,0.2056,0,0,0,0
273.490,0.2056,0,0,0,0
273.522,0.2056,0,0,0,0
273.557,0.2056,0,0,0,0
273.590,0.2056,0,0,0,0
273.622,0.2056,0,0,0,0
273.657,0.2056,0,0,0,0
273.689,0.2056,0,0,0,0
273.724,0.2056,0,0,0,0
273.756,0.2056,0,0,0,0
273.790,0.2056,0,0,0,0
273.824,0.2056,0,0,0,0
273.855,0.2056,0,0,0,0
273.889,0.2056,0,0,0,0
273.922,0.2056,0,0,0,0
273.957,0.2056,0,0,0,0
273.990,0.2056,0,0,0,0
274.023,0.2056,0,0,0,0
274.057,0.2056,0,0,0,0
274.090,0.2056,0,0,0,0
274.124,0.2056,0,0,0,0
274.155,0.2056,0,0,0,0
274.191,0.2056,0,0,0,0
274.223,0.2056,0,0,0,0
274.258,0.2056,0,0,0,0
274.289,0.2056,0,0,0,0
274.325,0.2056,0,0,0,0
274.358,0.2056,0,0,0,0
274.391,0.2056,0,0,0,0
274.422,0.2056,0,0,0,0
274.460,0.2056,0,0,0,0
274.489,0.2056,0,0,0,0
274.526,0.2056,0,0,0,0
274.555,0.2056,0,0,0,0
274.589,0.2056,0,0,0,0
274.623,0.2056,0,0,0,0
274.655,0.2056,0,0,0,0
274.692,0.2056,0,0,0,0
274.725,0.2056,0,0,0,0
274.757,0.2056,0,0,0,0
274.792,0.2056,0,0,0,0
274.823,0.2056,0,0,0,0
274.857,0.2056,0,0,0,0
274.890,0.2056,0,0,0,0
274.922,0.2056,0,0,0,0
274.957,0.2056,0,0,0,0
274.992,0.2056,0,0,0,0
275.025,0.2056,0,0,0,0
275.055,0.2056,0,0,0,0
275.089,0.2056,0,0,0,0
275.127,0.2056,0,0,0,0
275.155,0.2056,0,0,0,0
275.190,0.2056,0,0,0,0
275.225,0.2056,0,0,0,0
275.257,0.2056,0,0,0,0
275.292,0.2056,0,0,0,0
275.322,0.2056,0,0,0,0
275.358,0.2056,0,0,0,0
275.391,0.2056,0,0,0,0
275.424,0.2056,0,0,0,0
275.456,0.2056,0,0,0,0
275.491,0.2056,0,0,0,0
275.522,0.2056,0,0,0,0
275.557,0.2056,0,0,0,0
275.589,0.2056,0,0,0,0
275.623,0.2056,0,0,0,0
275.657,0.2056,0,0,0,0
275.690,0.2056,0,0,0,0
275.724,0.2056,0,0,0,0
275.755,0.2056,0,0,0,0
275.790,0.2056,0,0,0,0
275.824,0.2056,0,0,0,0
275.856,0.2056,0,0,0,0
275.891,0.2056,0,0,0,0
275.923,0.2056,0,0,0,0
275.956,0.2056,0,0,0,0
275.990,0.2056,0,0,0,0
276.022,0.2056,0,0,0,0
276.057,0.2056,0,0,0,0
276.089,0.2056,0,0,0,0
276.124,0.2056,0,0,0,0
276.156,0.2056,0,0,0,0
276.190,0.2056,0,0,0,0
276.223,0.2056,0,0,0,0
276.256,0.2056,0,0,0,0
276.289,0.2056,0,0,0,0
276.322,0.2056,0,0,0,0
276.357,0.2056,0,0,0,0
276.390,0.2056,0,0,0,0
276.422,0.2056,0,0,0,0
276.456,0.2056,0,0,0,0
276.490,0.2056,0,0,0,0
276.523,0.2056,0,0,0,0
276.556,0.2056,0,0,0,0
276.589,0.2056,0,0,0,0
276.623,0.2056,0,0,0,0
276.658,0.2056,0,0,0,0
276.689,0.2056,0,0,0,0
276.723,0.2056,0,0,0,0
276.758,0.2056,0,0,0,0
276.791,0.2056,0,0,0,0
276.824,0.2056,0,0,0,0
276.856,0.2056,0,0,0,0
276.891,0.2056,0,0,0,0
276.923,0.2056,0,0,0,0
276.957,0.2056,0,0,0,0
276.989,0.2056,0,0,0,0
277.024,0.2056,0,0,0,0
277.057,0.2056,0,0,0,0
277.089,0.2056,0,0,0,0
277.124,0.2056,0,0,0,0
277.156,0.2056,0,0,0,0
277.191,0.2056,0,0,0,0
277.224,0.2056,0,0,0,0
277.257,0.2056,0,0,0,0
277.289,0.2056,0,0,0,0
277.323,0.2056,0,0,0,0
277.355,0.2056,0,0,0,0
277.390,0.2056,0,0,0,0
277.423,0.2056,0,0,0,0
277.456,0.2056,0,0,0,0
277.492,0.2056,0,0,0,0
277.524,0.2056,0,0,0,0
277.558,0.2056,0,0,0,0
277.591,0.2056,0,0,0,0
277.622,0.2056,0,0,0,0
277.657,0.2056,0,0,0,0
277.690,0.2056,0,0,0,0
277.724,0.2056,0,0,0,0
277.759,0.2056,0,0,0,0
277.791,0.2056,0,0,0,0
277.823,0.2056,0,0,0,0
277.856,0.2056,0,0,0,0
277.890,0.2056,0,0,0,0
277.924,0.2056,0,0,0,0
277.957,0.2056,0,0,0,0
277.992,0.2056,0,0,0,0
278.023,0.2056,0,0,0,0
278.057,0.2056,0,0,0,0
278.090,0.2056,0,0,0,0
278.124,0.2056,0,0,0,0
278.156,0.2056,0,0,0,0
278.191,0.2056,0,0,0,0
278.223,0.2056,0,0,0,0
278.256,0.2056,0,0,0,0
278.291,0.2056,0,0,0,0
278.323,0.2056,0,0,0,0
278.358,0.2056,0,0,0,0
278.389,0.2056,0,0,0,0
278.423,0.2056,0,0,0,0
278.456,0.2056,0,0,0,0
278.489,0.2056,0,0,0,0
278.524,0.2056,0,0,0,0
278.557,0.2056,0,0,0,0
278.591,0.2056,0,0,0,0
278.623,0.2056,0,0,0,0
278.655,0.2056,0,0,0,0
278.690,0.2056,0,0,0,0
278.723,0.2056,0,0,0,0
278.757,0.2056,0,0,0,0
278.790,0.2056,0,0,0,0
278.822,0.2056,0,0,0,0
278.856,0.2056,0,0,0,0
278.890,0.2056,0,0,0,0
278.923,0.2056,0,0,0,0
278.957,0.2056,0,0,0,0
278.991,0.2056,0,0,0,0
279.023,0.2056,0,0,0,0
279.058,0.2056,0,0,0,0
279.090,0.2056,0,0,0,0
279.122,0.2056,0,0,0,0
279.156,0.2056,0,0,0,0
279.191,0.2056,0,0,0,0
279.222,0.2056,0,0,0,0
279.256,0.2056,0,0,0,0
279.289,0.2056,0,0,0,0
279.323,0.2056,0,0,0,0
279.356,0.2056,0,0,0,0
279.389,0.2056,0,0,0,0
279.422,0.2056,0,0,0,0
279.456,0.2056,0,0,0,0
279.491,0.2056,0,0,0,0
279.523,0.2056,0,0,0,0
279.562,0.2056,0,0,0,0
279.589,0.2056,0,0,0,0
279.623,0.2056,0,0,0,0
279.657,0.2056,0,0,0,0
279.691,0.2056,0,0,0,0
279.724,0.2056,0,0,0,0
279.759,0.2056,0,0,0,0
279.791,0.2056,0,0,0,0
279.824,0.2056,0,0,0,0
279.855,0.2056,0,0,0,0
279.890,0.2056,0,0,0,0
279.923,0.2056,0,0,0,0
279.958,0.2056,0,0,0,0
279.992,0.2056,0,0,0,0
280.023,0.2056,0,0,0,0
280.055,0.2056,0,0,0,0
280.091,0.2056,0,0,0,0
280.125,0.2056,0,0,0,0
280.156,0.2056,0,0,0,0
280.191,0.2056,0,0,0,0
280.224,0.2056,0,0,0,0
280.257,0.2056,0,0,0,0
280.289,0.2056,0,0,0,0
280.324,0.2056,0,0,0,0
280.356,0.2056,0,0,0,0
280.389,0.2056,0,0,0,0
280.424,0.2056,0,0,0,0
280.456,0.2056,0,0,0,0
280.491,0.2056,0,0,0,0
280.522,0.2056,0,0,0,0
280.556,0.2056,0,0,0,0
280.590,0.2056,0,0,0,0
280.623,0.2056,0,0,0,0
280.656,0.2056,0,0,0,0
280.690,0.2056,0,0,0,0
280.722,0.2056,0,0,0,0
280.758,0.2056,0,0,0,0
280.790,0.2056,0,0,0,0
280.823,0.2056,0,0,0,0
280.856,0.2056,0,0,0,0
280.891,0.2056,0,0,0,0
280.924,0.2056,0,0,0,0
280.956,0.2056,0,0,0,0
280.990,0.2056,0,0,0,0
281.023,0.2056,0,0,0,0
281.056,0.2056,0,0,0,0
281.090,0.2056,0,0,0,0
281.123,0.2056,0,0,0,0
281.156,0.2056,0,0,0,0
281.188,0.2056,0,0,0,0
281.224,0.2056,0,0,0,0
281.257,0.2056,0,0,0,0
281.291,0.2056,0,0,0,0
281.322,0.2056,0,0,0,0
281.358,0.2056,0,0,0,0
281.390,0.2056,0,0,0,0
281.425,0.2056,0,0,0,0
281.458,0.2056,0,0,0,0
281.491,0.2056,0,0,0,0
281.523,0.2056,0,0,0,0
281.556,0.2056,0,0,0,0
281.591,0.2056,0,0,0,0
281.624,0.2056,0,0,0,0
281.658,0.2056,0,0,0,0
281.691,0.2056,0,0,0,0
281.725,0.2056,0,0,0,0
281.758,0.2056,0,0,0,0
281.791,0.2056,0,0,0,0
281.822,0.2056,0,0,0,0
281.856,0.2056,0,0,0,0
281.889,0.2056,0,0,0,0
281.923,0.2056,0,0,0,0
281.957,0.2056,0,0,0,0
281.989,0.2056,0,0,0,0
282.022,0.2056,0,0,0,0
282.057,0.2056,0,0,0,0
282.090,0.2056,0,0,0,0
282.123,0.2056,0,0,0,0
282.158,0.2056,0,0,0,0
282.190,0.2056,0,0,0,0
282.222,0.2056,0,0,0,0
282.256,0.2056,0,0,0,0
282.290,0.2056,0,0,0,0
282.324,0.2056,0,0,0,0
282.356,0.2056,0,0,0,0
282.388,0.2056,0,0,0,0
282.422,0.2056,0,0,0,0
282.458,0.2056,0,0,0,0
282.492,0.2056,0,0,0,0
282.524,0.2056,0,0,0,0
282.558,0.2056,0,0,0,0
282.589,0.2056,0,0,0,0
282.622,0.2056,0,0,0,0
282.657,0.2056,0,0,0,0
282.691,0.2056,0,0,0,0
282.722,0.2056,0,0,0,0
282.755,0.2056,0,0,0,0
282.791,0.2056,0,0,0,0
282.822,0.2056,0,0,0,0
282.858,0.2056,0,0,0,0
282.889,0.2056,0,0,0,0
282.924,0.2056,0,0,0,0
282.957,0.2056,0,0,0,0
282.993,0.2056,0,0,0,0
283.023,0.2056,0,0,0,0
283.056,0.2056,0,0,0,0
283.090,0.2056,0,0,0,0
283.123,0.2056,0,0,0,0
283.156,0.2056,0,0,0,0
283.189,0.2056,0,0,0,0
283.222,0.2056,0,0,0,0
283.256,0.2056,0,0,0,0
283.289,0.2056,0,0,0,0
283.323,0.2056,0,0,0,0
283.356,0.2056,0,0,0,0
283.391,0.2056,0,0,0,0
283.423,0.2056,0,0,0,0
283.456,0.2056,0,0,0,0
283.492,0.2056,0,0,0,0
283.523,0.2056,0,0,0,0
283.556,0.2056,0,0,0,0
283.591,0.2056,0,0,0,0
283.625,0.2056,0,0,0,0
283.657,0.2056,0,0,0,0
283.692,0.2056,0,0,0,0
283.724,0.2056,0,0,0,0
283.757,0.2056,0,0,0,0
283.788,0.2056,0,0,0,0
283.823,0.2056,0,0,0,0
283.856,0.2056,0,0,0,0
283.891,0.2056,0,0,0,0
283.925,0.2056,0,0,0,0
283.956,0.2056,0,0,0,0
283.989,0.2056,0,0,0,0
284.030,0.2056,0,0,0,0
284.056,0.2056,0,0,0,0
284.090,0.2056,0,0,0,0
284.123,0.2056,0,0,0,0
284.158,0.2056,0,0,0,0
284.190,0.2056,0,0,0,0
284.223,0.2056,0,0,0,0
284.257,0.2056,0,0,0,0
284.291,0.2056,0,0,0,0
284.323,0.2056,0,0,0,0
284.355,0.2056,0,0,0,0
284.388,0.2056,0,0,0,0
284.423,0.2056,0,0,0,0
284.457,0.2056,0,0,0,0
284.491,0.2056,0,0,0,0
284.522,0.2056,0,0,0,0
284.556,0.2056,0,0,0,0
284.590,0.2056,0,0,0,0
284.623,0.2056,0,0,0,0
284.659,0.2056,0,0,0,0
284.692,0.2056,0,0,0,0
284.724,0.2056,0,0,0,0
284.756,0.2056,0,0,0,0
284.790,0.2056,0,0,0,0
284.823,0.2056,0,0,0,0
284.857,0.2056,0,0,0,0
284.889,0.2056,0,0,0,0
284.922,0.2056,0,0,0,0
284.958,0.2056,0,0,0,0
284.992,0.2056,0,0,0,0
285.022,0.2056,0,0,0,0
285.057,0.2056,0,0,0,0
285.092,0.2056,0,0,0,0
285.128,0.2056,0,0,0,0
285.158,0.2056,0,0,0,0
285.192,0.2056,0,0,0,0
285.225,0.2056,0,0,0,0
285.257,0.2056,0,0,0,0
285.289,0.2056,0,0,0,0
285.324,0.2056,0,0,0,0
285.357,0.2056,0,0,0,0
285.391,0.2056,0,0,0,0
285.422,0.2056,0,0,0,0
285.457,0.2056,0,0,0,0
285.490,0.2056,0,0,0,0
285.523,0.2056,0,0,0,0
285.557,0.2056,0,0,0,0
285.590,0.2056,0,0,0,0
285.623,0.2056,0,0,0,0
285.658,0.2056,0,0,0,0
285.691,0.2056,0,0,0,0
285.724,0.2056,0,0,0,0
285.757,0.2056,0,0,0,0
285.790,0.2056,0,0,0,0
285.822,0.2056,0,0,0,0
285.857,0.2056,0,0,0,0
285.890,0.2056,0,0,0,0
285.923,0.2056,0,0,0,0
285.956,0.2056,0,0,0,0
285.990,0.2056,0,0,0,0
286.024,0.2056,0,0,0,0
286.061,0.2056,0,0,0,0
286.090,0.2056,0,0,0,0
286.123,0.2056,0,0,0,0
286.156,0.2056,0,0,0,0
286.189,0.2056,0,0,0,0
286.221,0.2056,0,0,0,0
286.257,0.2056,0,0,0,0
286.291,0.2056,0,0,0,0
286.325,0.2056,0,0,0,0
286.356,0.2056,0,0,0,0
286.392,0.2056,0,0,0,0
286.423,0.2056,0,0,0,0
286.458,0.2056,0,0,0,0
286.492,0.2056,0,0,0,0
286.525,0.2056,0,0,0,0
286.558,0.2056,0,0,0,0
286.589,0.2056,0,0,0,0
286.623,0.2056,0,0,0,0
286.658,0.2056,0,0,0,0
286.689,0.2056,0,0,0,0
286.723,0.2056,0,0,0,0
286.756,0.2056,0,0,0,0
286.791,0.2056,0,0,0,0
286.824,0.2056,0,0,0,0
286.857,0.2056,0,0,0,0
286.891,0.2056,0,0,0,0
286.922,0.2056,0,0,0,0
286.957,0.2056,0,0,0,0
286.990,0.2056,0,0,0,0
287.025,0.2056,0,0,0,0
287.055,0.2056,0,0,0,0
287.092,0.2056,0,0,0,0
287.125,0.2056,0,0,0,0
287.156,0.2056,0,0,0,0
287.190,0.2056,0,0,0,0
287.223,0.2056,0,0,0,0
287.258,0.2056,0,0,0,0
287.290,0.2056,0,0,0,0
287.323,0.2056,0,0,0,0
287.356,0.2056,0,0,0,0
287.397,0.2056,0,0,0,0
287.424,0.2056,0,0,0,0
287.456,0.2056,0,0,0,0
287.490,0.2056,0,0,0,0
287.524,0.2056,0,0,0,0
287.559,0.2056,0,0,0,0
287.592,0.2056,0,0,0,0
287.622,0.2056,0,0,0,0
287.658,0.2056,0,0,0,0
287.690,0.2056,0,0,0,0
287.724,0.2056,0,0,0,0
287.758,0.2056,0,0,0,0
287.790,0.2056,0,0,0,0
287.822,0.2056,0,0,0,0
287.858,0.2056,0,0,0,0
287.891,0.2056,0,0,0,0
287.924,0.2056,0,0,0,0
287.958,0.2056,0,0,0,0
287.990,0.2056,0,0,0,0
288.023,0.2056,0,0,0,0
288.059,0.2056,0,0,0,0
288.089,0.2056,0,0,0,0
288.124,0.2056,0,0,0,0
288.155,0.2056,0,0,0,0
288.192,0.2056,0,0,0,0
288.222,0.2056,0,0,0,0
288.256,0.2056,0,0,0,0
288.292,0.2056,0,0,0,0
288.323,0.2056,0,0,0,0
288.356,0.2056,0,0,0,0
288.391,0.2056,0,0,0,0
288.425,0.2056,0,0,0,0
288.453,0.2056,0,0,0,0
288.490,0.2056,0,0,0,0
288.524,0.2056,0,0,0,0
288.559,0.2056,0,0,0,0
288.593,0.2056,0,0,0,0
288.622,0.2056,0,0,0,0
288.659,0.2056,0,0,0,0
288.691,0.2056,0,0,0,0
288.725,0.2056,0,0,0,0
288.755,0.2056,0,0,0,0
288.789,0.2056,0,0,0,0
288.824,0.2056,0,0,0,0
288.856,0.2056,0,0,0,0
288.891,0.2056,0,0,0,0
288.922,0.2056,0,0,0,0
288.955,0.2056,0,0,0,0
288.988,0.2056,0,0,0,0
289.026,0.2056,0,0,0,0
289.059,0.2056,0,0,0,0
289.089,0.2056,0,0,0,0
289.123,0.2056,0,0,0,0
289.156,0.2056,0,0,0,0
289.189,0.2056,0,0,0,0
289.224,0.2056,0,0,0,0
289.255,0.2056,0,0,0,0
289.289,0.2056,0,0,0,0
289.323,0.2056,0,0,0,0
289.356,0.2056,0,0,0,0
289.391,0.2056,0,0,0,0
289.423,0.2056,0,0,0,0
289.456,0.2056,0,0,0,0
289.491,0.2056,0,0,0,0
289.523,0.2056,0,0,0,0
289.557,0.2056,0,0,0,0
289.590,0.2056,0,0,0,0
289.624,0.2056,0,0,0,0
289.658,0.2056,0,0,0,0
289.689,0.2056,0,0,0,0
289.723,0.2056,0,0,0,0
289.758,0.2056,0,0,0,0
289.789,0.2056,0,0,0,0
289.825,0.2056,0,0,0,0
289.856,0.2056,0,0,0,0
289.889,0.2056,0,0,0,0
289.922,0.2056,0,0,0,0
289.957,0.2056,0,0,0,0
289.991,0.2056,0,0,0,0
290.023,0.2056,0,0,0,0
290.056,0.2056,0,0,0,0
290.090,0.2056,0,0,0,0
290.124,0.2056,0,0,0,0
290.158,0.2056,0,0,0,0
290.191,0.2056,0,0,0,0
290.223,0.2056,0,0,0,0
290.256,0.2056,0,0,0,0
290.291,0.2056,0,0,0,0
290.325,0.2056,0,0,0,0
290.356,0.2056,0,0,0,0
290.389,0.2056,0,0,0,0
290.423,0.2056,0,0,0,0
290.456,0.2056,0,0,0,0
290.491,0.2056,0,0,0,0
290.523,0.2056,0,0,0,0
290.557,0.2056,0,0,0,0
290.589,0.2056,0,0,0,0
290.623,0.2056,0,0,0,0
290.656,0.2056,0,0,0,0
290.689,0.2056,0,0,0,0
290.725,0.2056,0,0,0,0
290.756,0.2056,0,0,0,0
290.790,0.2056,0,0,0,0
290.824,0.2056,0,0,0,0
290.856,0.2056,0,0,0,0
290.890,0.2056,0,0,0,0
290.922,0.2056,0,0,0,0
290.955,0.2056,0,0,0,0
290.990,0.2056,0,0,0,0
291.022,0.2056,0,0,0,0
291.056,0.2056,0,0,0,0
291.089,0.2056,0,0,0,0
291.122,0.2056,0,0,0,0
291.157,0.2056,0,0,0,0
291.189,0.2056,0,0,0,0
291.224,0.2056,0,0,0,0
291.256,0.2056,0,0,0,0
291.289,0.2056,0,0,0,0
291.325,0.2056,0,0,0,0
291.356,0.2056,0,0,0,0
291.392,0.2056,0,0,0,0
291.424,0.2056,0,0,0,0
291.455,0.2056,0,0,0,0
291.490,0.2056,0,0,0,0
291.522,0.2056,0,0,0,0
291.557,0.2056,0,0,0,0
291.589,0.2056,0,0,0,0
291.622,0.2056,0,0,0,0
291.657,0.2056,0,0,0,0
291.689,0.2056,0,0,0,0
291.722,0.2056,0,0,0,0
291.758,0.2056,0,0,0,0
291.789,0.2056,0,0,0,0
291.823,0.2056,0,0,0,0
291.856,0.2056,0,0,0,0
291.888,0.2056,0,0,0,0
291.924,0.2056,0,0,0,0
291.958,0.2056,0,0,0,0
291.989,0.2056,0,0,0,0
292.023,0.2056,0,0,0,0
292.057,0.2056,0,0,0,0
292.089,0.2056,0,0,0,0
292.122,0.2056,0,0,0,0
292.155,0.2056,0,0,0,0
292.190,0.2093,0,7,7,0
292.224,0.2093,0,7,7,0
292.257,0.2093,0,7,7,0
292.290,0.2093,0,7,7,0
292.324,0.2093,0,7,7,0
292.356,0.2093,0,7,7,0
292.389,0.2093,0,7,7,0
292.424,0.2093,0,7,7,0
292.457,0.2093,0,7,7,0
292.489,0.2093,0,7,7,0
292.524,0.2093,0,7,7,0
292.558,0.2093,0,7,7,0
292.590,0.2059,0,7,7,0
292.622,0.2059,0,7,7,0
292.656,0.2059,0,7,7,0
292.691,0.2059,0,7,7,0
292.723,0.2059,0,7,7,0
292.756,0.2059,0,7,7,0
292.788,0.2059,0,7,7,0
292.823,0.2059,0,7,7,0
292.856,0.2059,0,7,7,0
292.890,0.2059,0,7,7,0
292.923,0.2059,0,7,7,0
292.957,0.2059,0,7,7,0
292.989,0.2059,0,7,7,0
293.024,0.2059,0,7,7,0
293.057,0.2059,0,7,7,0
293.093,0.2059,0,7,7,0
293.123,0.2059,0,7,7,0
293.156,0.2059,0,7,7,0
293.191,0.2059,0,7,7,0
293.222,0.2059,0,7,7,0
293.256,0.2059,0,7,7,0
293.290,0.2059,0,7,7,0
293.323,0.2059,0,7,7,0
293.357,0.2059,0,7,7,0
293.388,0.2059,0,7,7,0
293.423,0.2059,0,7,7,0
293.456,0.2059,0,7,7,0
293.492,0.2059,0,7,7,0
293.524,0.2059,0,7,7,0
293.557,0.2059,0,7,7,0
293.590,0.2059,0,7,7,0
293.623,0.2059,0,0,0,0
293.656,0.2059,0,0,0,0
293.691,0.2059,0,0,0,0
293.722,0.2059,0,0,0,0
293.756,0.2059,0,0,0,0
293.790,0.2059,0,0,0,0
293.823,0.2059,0,0,0,0
293.857,0.2059,0,0,0,0
293.890,0.2059,0,0,0,0
293.922,0.2059,0,0,0,0
293.956,0.2059,0,0,0,0
293.990,0.2059,0,0,0,0
294.023,0.2059,0,0,0,0
294.056,0.2059,0,0,0,0
294.091,0.2059,0,0,0,0
294.122,0.2059,0,0,0,0
294.157,0.2059,0,0,0,0
294.189,0.2059,0,0,0,0
294.223,0.2059,0,0,0,0
294.257,0.2059,0,0,0,0
294.289,0.2059,0,0,0,0
294.323,0.2059,0,0,0,0
294.356,0.2059,0,0,0,0
294.389,0.2059,0,0,0,0
294.421,0.2059,0,0,0,0
294.455,0.2059,0,0,0,0
294.490,0.2059,0,0,0,0
294.522,0.2059,0,0,0,0
294.556,0.2059,0,0,0,0
294.591,0.2059,0,0,0,0
294.626,0.2059,0,0,0,0
294.656,0.2059,0,0,0,0
294.692,0.2059,0,0,0,0
294.724,0.2059,0,0,0,0
294.757,0.2059,0,0,0,0
294.789,0.2059,0,0,0,0
294.823,0.2059,0,0,0,0
294.857,0.2059,0,0,0,0
294.890,0.2059,0,0,0,0
294.924,0.2059,0,0,0,0
294.957,0.2059,0,0,0,0
294.988,0.2059,0,0,0,0
295.023,0.2059,0,0,0,0
295.053,0.2059,0,0,0,0
295.091,0.2059,0,0,0,0
295.124,0.2059,0,0,0,0
295.157,0.2059,0,0,0,0
295.191,0.2059,0,0,0,0
295.224,0.2059,0,0,0,0
295.256,0.2059,0,0,0,0
295.290,0.2059,0,0,0,0
295.324,0.2059,0,0,0,0
295.356,0.2059,0,0,0,0
295.391,0.2059,0,0,0,0
295.424,0.2059,0,0,0,0
295.458,0.2059,0,0,0,0
295.490,0.2059,0,0,0,0
295.523,0.2059,0,0,0,0
295.557,0.2059,0,0,0,0
295.590,0.2059,0,0,0,0
295.624,0.2059,0,0,0,0
295.656,0.2059,0,0,0,0
295.691,0.2059,0,0,0,0
295.724,0.2059,0,0,0,0
295.758,0.2059,0,0,0,0
295.792,0.2059,0,0,0,0
295.824,0.2059,0,0,0,0
295.855,0.2059,0,0,0,0
295.891,0.2059,0,0,0,0
295.924,0.2059,0,0,0,0
295.956,0.2059,0,0,0,0
295.989,0.2059,0,0,0,0
296.025,0.2059,0,0,0,0
296.057,0.2059,0,0,0,0
296.091,0.2059,0,0,0,0
296.124,0.2059,0,0,0,0
296.157,0.2059,0,0,0,0
296.189,0.2059,0,0,0,0
296.224,0.2059,0,0,0,0
296.257,0.2059,0,0,0,0
296.289,0.2059,0,0,0,0
296.322,0.2059,0,0,0,0
296.356,0.2059,0,0,0,0
296.389,0.2059,0,0,0,0
296.422,0.2059,0,0,0,0
296.458,0.2059,0,0,0,0
296.492,0.2059,0,0,0,0
296.524,0.2059,0,0,0,0
296.556,0.2059,0,0,0,0
296.590,0.2059,0,0,0,0
296.624,0.2059,0,0,0,0
296.658,0.2059,0,0,0,0
296.689,0.2059,0,0,0,0
296.724,0.2059,0,0,0,0
296.758,0.2059,0,0,0,0
296.790,0.2059,0,0,0,0
296.822,0.2059,0,0,0,0
296.856,0.2059,0,0,0,0
296.889,0.2059,0,0,0,0
296.923,0.2059,0,0,0,0
296.956,0.2059,0,0,0,0
296.993,0.2059,0,0,0,0
297.022,0.2059,0,0,0,0
297.054,0.2059,0,0,0,0
297.089,0.2059,0,0,0,0
297.124,0.2059,0,0,0,0
297.159,0.2059,0,0,0,0
297.192,0.2059,0,0,0,0
297.223,0.2059,0,0,0,0
297.256,0.2059,0,0,0,0
297.291,0.2059,0,0,0,0
297.321,0.2059,0,0,0,0
297.356,0.2059,0,0,0,0
297.390,0.2059,0,0,0,0
297.424,0.2059,0,0,0,0
297.455,0.2059,0,0,0,0
297.490,0.2059,0,0,0,0
297.523,0.2059,0,0,0,0
297.558,0.2059,0,0,0,0
297.589,0.2059,0,0,0,0
297.622,0.2059,0,0,0,0
297.658,0.2059,0,0,0,0
297.691,0.2059,0,0,0,0
297.722,0.2059,0,0,0,0
297.756,0.2059,0,0,0,0
297.788,0.2059,0,0,0,0
297.824,0.2059,0,0,0,0
297.857,0.2059,0,0,0,0
297.892,0.2059,0,0,0,0
297.924,0.2059,0,0,0,0
297.958,0.2059,0,0,0,0
297.989,0.2059,0,0,0,0
298.023,0.2059,0,0,0,0
298.063,0.2059,0,0,0,0
298.091,0.2059,0,0,0,0
298.123,0.2059,0,0,0,0
298.156,0.2059,0,0,0,0
298.190,0.2059,0,0,0,0
298.223,0.2059,0,0,0,0
298.257,0.2059,0,0,0,0
298.289,0.2059,0,0,0,0
298.324,0.2059,0,0,0,0
298.358,0.2059,0,0,0,0
298.389,0.2059,0,0,0,0
298.424,0.2059,0,0,0,0
298.458,0.2059,0,0,0,0
298.489,0.2059,0,0,0,0
298.523,0.2059,0,0,0,0
298.558,0.2059,0,0,0,0
298.591,0.2059,0,0,0,0
298.621,0.2059,0,0,0,0
298.658,0.2059,0,0,0,0
298.690,0.2059,0,0,0,0
298.724,0.2059,0,0,0,0
298.757,0.2059,0,0,0,0
298.789,0.2059,0,0,0,0
298.823,0.2059,0,0,0,0
298.857,0.2059,0,0,0,0
298.889,0.2059,0,0,0,0
298.924,0.2059,0,0,0,0
298.956,0.2059,0,0,0,0
298.991,0.2059,0,0,0,0
299.024,0.2059,0,0,0,0
299.059,0.2059,0,0,0,0
299.089,0.2059,0,0,0,0
299.124,0.2059,0,0,0,0
299.156,0.2059,0,0,0,0
299.190,0.2059,0,0,0,0
299.223,0.2059,0,0,0,0
299.258,0.2059,0,0,0,0
299.289,0.2059,0,0,0,0
299.324,0.2059,0,0,0,0
299.358,0.2059,0,0,0,0
299.390,0.2059,0,0,0,0
299.422,0.2059,0,0,0,0
299.455,0.2059,0,0,0,0
299.492,0.2059,0,0,0,0
299.522,0.2059,0,0,0,0
299.558,0.2059,0,0,0,0
299.590,0.2059,0,0,0,0
299.623,0.2059,0,0,0,0
299.657,0.2059,0,0,0,0
299.691,0.2059,0,0,0,0
299.723,0.2059,0,0,0,0
299.757,0.2059,0,0,0,0
299.790,0.2059,0,0,0,0
299.823,0.2059,0,0,0,0
299.856,0.2059,0,0,0,0
299.891,0.2059,0,0,0,0
299.923,0.2059,0,0,0,0
299.958,0.2059,0,0,0,0
299.989,0.2059,0,0,0,0
300.023,0.2059,0,0,0,0
300.056,0.2059,0,0,0,0
300.089,0.2059,0,0,0,0
300.122,0.2059,0,0,0,0
300.158,0.2059,0,0,0,0
300.191,0.2059,0,0,0,0
300.223,0.2059,0,0,0,0
300.256,0.2059,0,0,0,0
300.289,0.2059,0,0,0,0
300.325,0.2059,0,0,0,0
300.357,0.2059,0,0,0,0
300.389,0.2059,0,0,0,0
300.422,0.2059,0,0,0,0
300.456,0.2059,0,0,0,0
300.490,0.2059,0,0,0,0
300.524,0.2059,0,0,0,0
300.558,0.2059,0,0,0,0
300.590,0.2059,0,0,0,0
300.622,0.2059,0,0,0,0
300.655,0.2059,0,0,0,0
300.690,0.2059,0,0,0,0
300.722,0.2059,0,0,0,0
300.756,0.2059,0,0,0,0
300.789,0.2059,0,0,0,0
300.824,0.2059,0,0,0,0
300.857,0.2059,0,0,0,0
300.890,0.2059,0,0,0,0
300.925,0.2059,0,0,0,0
300.958,0.2059,0,0,0,0
300.989,0.2059,0,0,0,0
301.024,0.2059,0,0,0,0
301.055,0.2059,0,0,0,0
301.090,0.2059,0,0,0,0
301.123,0.2059,0,0,0,0
301.157,0.2059,0,0,0,0
301.191,0.2059,0,0,0,0
301.223,0.2059,0,0,0,0
301.256,0.2059,0,0,0,0
301.291,0.2059,0,0,0,0
301.322,0.2059,0,0,0,0
301.357,0.2059,0,0,0,0
301.390,0.2059,0,0,0,0
301.423,0.2059,0,0,0,0
301.457,0.2059,0,0,0,0
301.490,0.2059,0,0,0,0
301.524,0.2059,0,0,0,0
301.556,0.2059,0,0,0,0
301.589,0.2059,0,0,0,0
301.622,0.2059,0,0,0,0
301.656,0.2059,0,0,0,0
301.690,0.2059,0,0,0,0
301.722,0.2059,0,0,0,0
301.757,0.2059,0,0,0,0
301.790,0.2059,0,0,0,0
301.822,0.2059,0,0,0,0
301.856,0.2059,0,0,0,0
301.891,0.2059,0,0,0,0
301.924,0.2059,0,0,0,0
301.957,0.2059,0,0,0,0
301.991,0.2059,0,0,0,0
302.023,0.2059,0,0,0,0
302.053,0.2059,0,0,0,0
302.089,0.2059,0,0,0,0
302.123,0.2059,0,0,0,0
302.156,0.2059,0,0,0,0
302.190,0.2059,0,0,0,0
302.225,0.2059,0,0,0,0
302.256,0.2059,0,0,0,0
302.289,0.2059,0,0,0,0
302.324,0.2059,0,0,0,0
302.355,0.2059,0,0,0,0
302.389,0.2059,0,0,0,0
302.423,0.2059,0,0,0,0
302.455,0.2059,0,0,0,0
302.489,0.2059,0,0,0,0
302.522,0.2059,0,0,0,0
302.558,0.2059,0,0,0,0
302.589,0.2059,0,0,0,0
302.625,0.2059,0,0,0,0
302.656,0.2059,0,0,0,0
302.689,0.2059,0,0,0,0
302.724,0.2059,0,0,0,0
302.756,0.2059,0,0,0,0
302.791,0.2059,0,0,0,0
302.823,0.2059,0,0,0,0
302.857,0.2059,0,0,0,0
302.890,0.2059,0,0,0,0
302.923,0.2059,0,0,0,0
302.959,0.2059,0,0,0,0
302.990,0.2059,0,0,0,0
303.024,0.2059,0,0,0,0
303.057,0.2059,0,0,0,0
303.090,0.2059,0,0,0,0
303.125,0.2059,0,0,0,0
303.157,0.2059,0,0,0,0
303.190,0.2059,0,0,0,0
303.222,0.2059,0,0,0,0
303.258,0.2059,0,0,0,0
303.288,0.2059,0,0,0,0
303.325,0.2059,0,0,0,0
303.356,0.2059,0,0,0,0
303.389,0.2059,0,0,0,0
303.424,0.2059,0,0,0,0
303.455,0.2059,0,0,0,0
303.490,0.2059,0,0,0,0
303.523,0.2059,0,0,0,0
303.556,0.2059,0,0,0,0
303.590,0.2059,0,0,0,0
303.624,0.2059,0,0,0,0
303.656,0.2059,0,0,0,0
303.689,0.2059,0,0,0,0
303.722,0.2059,0,0,0,0
303.758,0.2059,0,0,0,0
303.790,0.2059,0,0,0,0
303.824,0.2059,0,0,0,0
303.855,0.2059,0,0,0,0
303.891,0.2059,0,0,0,0
303.922,0.2059,0,0,0,0
303.958,0.2059,0,0,0,0
303.993,0.2059,0,0,0,0
304.024,0.2059,0,0,0,0
304.057,0.2059,0,0,0,0
304.089,0.2059,0,0,0,0
304.124,0.2059,0,0,0,0
304.157,0.2059,0,0,0,0
304.190,0.2059,0,0,0,0
304.222,0.2059,0,0,0,0
304.256,0.2059,0,0,0,0
304.290,0.2059,0,0,0,0
304.325,0.2059,0,0,0,0
304.357,0.2059,0,0,0,0
304.391,0.2059,0,0,0,0
304.422,0.2059,0,0,0,0
304.456,0.2059,0,0,0,0
304.490,0.2059,0,0,0,0
304.525,0.2059,0,0,0,0
304.556,0.2059,0,0,0,0
304.591,0.2059,0,0,0,0
304.625,0.2059,0,0,0,0
304.657,0.2059,0,0,0,0
304.691,0.2059,0,0,0,0
304.724,0.2059,0,0,0,0
304.756,0.2059,0,0,0,0
304.791,0.2059,0,0,0,0
304.824,0.2059,0,0,0,0
304.857,0.2059,0,0,0,0
304.889,0.2059,0,0,0,0
304.922,0.2059,0,0,0,0
304.956,0.2059,0,0,0,0
304.987,0.2059,0,0,0,0
305.025,0.2059,0,0,0,0
305.057,0.2059,0,0,0,0
305.091,0.2059,0,0,0,0
305.122,0.2059,0,0,0,0
305.156,0.2059,0,0,0,0
305.191,0.2059,0,0,0,0
305.224,0.2059,0,0,0,0
305.257,0.2059,0,0,0,0
305.290,0.2059,0,0,0,0
305.322,0.2059,0,0,0,0
305.358,0.2059,0,0,0,0
305.390,0.2059,0,0,0,0
305.422,0.2059,0,0,0,0
305.456,0.2059,0,0,0,0
305.489,0.2059,0,0,0,0
305.524,0.2059,0,0,0,0
305.557,0.2059,0,0,0,0
305.591,0.2059,0,0,0,0
305.623,0.2059,0,0,0,0
305.657,0.2059,0,0,0,0
305.691,0.2059,0,0,0,0
305.722,0.2059,0,0,0,0
305.758,0.2059,0,0,0,0
305.789,0.2059,0,0,0,0
305.822,0.2059,0,0,0,0
305.857,0.2059,0,0,0,0
305.891,0.2059,0,0,0,0
305.923,0.2059,0,0,0,0
305.956,0.2059,0,0,0,0
305.990,0.2059,0,0,0,0
306.023,0.2059,0,0,0,0
306.056,0.2059,0,0,0,0
306.091,0.2059,0,0,0,0
306.124,0.2059,0,0,0,0
306.157,0.2059,0,0,0,0
306.190,0.2059,0,0,0,0
306.222,0.2059,0,0,0,0
306.256,0.2059,0,0,0,0
306.289,0.2059,0,0,0,0
306.323,0.2059,0,0,0,0
306.356,0.2059,0,0,0,0
306.390,0.2059,0,0,0,0
306.423,0.2059,0,0,0,0
306.458,0.2059,0,0,0,0
306.489,0.2059,0,0,0,0
306.523,0.2059,0,0,0,0
306.558,0.2059,0,0,0,0
306.589,0.2059,0,0,0,0
306.623,0.2059,0,0,0,0
306.657,0.2059,0,0,0,0
306.690,0.2059,0,0,0,0
306.723,0.2059,0,0,0,0
306.756,0.2059,0,0,0,0
306.792,0.2059,0,0,0,0
306.825,0.2059,0,0,0,0
306.855,0.2059,0,0,0,0
306.890,0.2059,0,0,0,0
306.923,0.2059,0,0,0,0
306.955,0.2059,0,0,0,0
306.990,0.2059,0,0,0,0
307.024,0.2059,0,0,0,0
307.056,0.2059,0,0,0,0
307.090,0.2059,0,0,0,0
307.123,0.2059,0,0,0,0
307.155,0.2059,0,0,0,0
307.191,0.2059,0,0,0,0
307.223,0.2059,0,0,0,0
307.255,0.2059,0,0,0,0
307.291,0.2059,0,0,0,0
307.323,0.2059,0,0,0,0
307.356,0.2059,0,0,0,0
307.390,0.2059,0,0,0,0
307.424,0.2059,0,0,0,0
307.458,0.2059,0,0,0,0
307.491,0.2059,0,0,0,0
307.524,0.2059,0,0,0,0
307.556,0.2059,0,0,0,0
307.590,0.2059,0,0,0,0
307.623,0.2059,0,0,0,0
307.657,0.2059,0,0,0,0
307.690,0.2059,0,0,0,0
307.724,0.2059,0,0,0,0
307.757,0.2059,0,0,0,0
307.790,0.2059,0,0,0,0
307.823,0.2059,0,0,0,0
307.858,0.2059,0,0,0,0
307.891,0.2059,0,0,0,0
307.923,0.2059,0,0,0,0
307.957,0.2059,0,0,0,0
307.991,0.2059,0,0,0,0
308.024,0.2059,0,0,0,0
308.057,0.2059,0,0,0,0
308.090,0.2059,0,0,0,0
308.123,0.2059,0,0,0,0
308.156,0.2059,0,0,0,0
308.190,0.2059,0,0,0,0
308.224,0.2059,0,0,0,0
308.257,0.2059,0,0,0,0
308.290,0.2059,0,0,0,0
308.322,0.2059,0,0,0,0
308.357,0.2059,0,0,0,0
308.390,0.2059,0,0,0,0
308.423,0.2059,0,0,0,0
308.457,0.2059,0,0,0,0
308.489,0.2059,0,0,0,0
308.524,0.2059,0,0,0,0
308.558,0.2059,0,0,0,0
308.590,0.2059,0,0,0,0
308.622,0.2059,0,0,0,0
308.656,0.2059,0,0,0,0
308.691,0.2059,0,0,0,0
308.723,0.2059,0,0,0,0
308.757,0.2059,0,0,0,0
308.789,0.2059,0,0,0,0
308.824,0.2059,0,0,0,0
308.856,0.2059,0,0,0,0
308.891,0.2059,0,0,0,0
308.923,0.2059,0,0,0,0
308.956,0.2059,0,0,0,0
308.989,0.2059,0,0,0,0
309.025,0.2059,0,0,0,0
309.058,0.2059,0,0,0,0
309.090,0.2059,0,0,0,0
309.124,0.2059,0,0,0,0
309.155,0.2059,0,0,0,0
309.192,0.2059,0,0,0,0
309.223,0.2059,0,0,0,0
309.257,0.2059,0,0,0,0
309.290,0.2059,0,0,0,0
309.323,0.2059,0,0,0,0
309.356,0.2059,0,0,0,0
309.391,0.2059,0,0,0,0
309.424,0.2059,0,0,0,0
309.456,0.2059,0,0,0,0
309.489,0.2059,0,0,0,0
309.525,0.2059,0,0,0,0
309.558,0.2059,0,0,0,0
309.593,0.2059,0,0,0,0
309.621,0.2059,0,0,0,0
309.656,0.2059,0,0,0,0
309.689,0.2059,0,0,0,0
309.724,0.2059,0,0,0,0
309.757,0.2059,0,0,0,0
309.790,0.2059,0,0,0,0
309.823,0.2059,0,0,0,0
309.855,0.2059,0,0,0,0
309.891,0.2059,0,0,0,0
309.923,0.2059,0,0,0,0
309.955,0.2059,0,0,0,0
309.989,0.2059,0,0,0,0
310.025,0.2059,0,0,0,0
310.057,0.2059,0,0,0,0
310.090,0.2059,0,0,0,0
310.123,0.2059,0,0,0,0
310.158,0.2059,0,0,0,0
310.190,0.2059,0,0,0,0
310.225,0.2059,0,0,0,0
310.257,0.2059,0,0,0,0
310.292,0.2059,0,0,0,0
310.324,0.2059,0,0,0,0
310.357,0.2059,0,0,0,0
310.391,0.2059,0,0,0,0
310.422,0.2059,0,0,0,0
310.457,0.2059,0,0,0,0
310.489,0.2059,0,0,0,0
310.522,0.2059,0,0,0,0
310.556,0.2059,0,0,0,0
310.590,0.2059,0,0,0,0
310.624,0.2059,0,0,0,0
310.656,0.2059,0,0,0,0
310.689,0.2059,0,0,0,0
310.724,0.2059,0,0,0,0
310.755,0.2059,0,0,0,0
310.791,0.2059,0,0,0,0
310.825,0.2059,0,0,0,0
310.857,0.2059,0,0,0,0
310.889,0.2059,0,0,0,0
310.925,0.2059,0,0,0,0
310.956,0.2059,0,0,0,0
310.990,0.2059,0,0,0,0
311.023,0.2059,0,0,0,0
311.055,0.2059,0,0,0,0
311.088,0.2059,0,0,0,0
311.124,0.2059,0,0,0,0
311.156,0.2059,0,0,0,0
311.193,0.2059,0,0,0,0
311.222,0.2059,0,0,0,0
311.257,0.2059,0,0,0,0
311.289,0.2059,0,0,0,0
311.322,0.2059,0,0,0,0
311.357,0.2059,0,0,0,0
311.391,0.2059,0,0,0,0
311.422,0.2059,0,0,0,0
311.456,0.2059,0,0,0,0
311.489,0.2059,0,0,0,0
311.523,0.2059,0,0,0,0
311.558,0.2059,0,0,0,0
311.589,0.2059,0,0,0,0
311.624,0.2059,0,0,0,0
311.656,0.2059,0,0,0,0
311.690,0.2059,0,0,0,0
311.723,0.2059,0,0,0,0
311.757,0.2059,0,0,0,0
311.789,0.2059,0,0,0,0
311.824,0.2059,0,0,0,0
311.857,0.2059,0,0,0,0
311.891,0.2059,0,0,0,0
311.924,0.2059,0,0,0,0
311.956,0.2059,0,0,0,0
311.990,0.2059,0,0,0,0
312.023,0.2059,0,0,0,0
312.057,0.2059,0,0,0,0
312.089,0.2059,0,0,0,0
312.123,0.2059,0,0,0,0
312.158,0.2059,0,0,0,0
312.188,0.2059,0,0,0,0
312.224,0.2059,0,0,0,0
312.258,0.2059,0,0,0,0
312.289,0.2059,0,0,0,0
312.325,0.2059,0,0,0,0
312.360,0.2059,0,0,0,0
312.391,0.2059,0,0,0,0
312.424,0.2059,0,0,0,0
312.455,0.2059,0,0,0,0
312.491,0.2059,0,0,0,0
312.523,0.2059,0,0,0,0
312.556,0.2059,0,0,0,0
312.589,0.2059,0,0,0,0
312.622,0.2059,0,0,0,0
312.658,0.2059,0,0,0,0
312.691,0.2059,0,0,0,0
312.723,0.2059,0,0,0,0
312.757,0.2059,0,0,0,0
312.791,0.2059,0,0,0,0
312.822,0.2059,0,0,0,0
312.858,0.2059,0,0,0,0
312.890,0.2059,0,0,0,0
312.924,0.2059,0,0,0,0
312.956,0.2059,0,0,0,0
312.991,0.2059,0,0,0,0
313.024,0.2059,0,0,0,0
313.056,0.2059,0,0,0,0
313.089,0.2059,0,0,0,0
313.122,0.2059,0,0,0,0
313.155,0.2059,0,0,0,0
313.189,0.2059,0,0,0,0
313.223,0.2059,0,0,0,0
313.256,0.2059,0,0,0,0
313.290,0.2059,0,0,0,0
313.322,0.2059,0,0,0,0
313.357,0.2059,0,0,0,0
313.390,0.2059,0,0,0,0
313.423,0.2059,0,0,0,0
313.457,0.2059,0,0,0,0
313.487,0.2059,0,0,0,0
313.523,0.2059,0,0,0,0
313.557,0.2059,0,0,0,0
313.590,0.2059,0,0,0,0
313.622,0.2059,0,0,0,0
313.657,0.2059,0,0,0,0
313.689,0.2059,0,0,0,0
313.722,0.2059,0,0,0,0
313.757,0.2059,0,0,0,0
313.790,0.2059,0,0,0,0
313.822,0.2059,0,0,0,0
313.856,0.2059,0,0,0,0
313.890,0.2059,0,0,0,0
313.923,0.2059,0,0,0,0
313.958,0.2059,0,0,0,0
313.990,0.2059,0,0,0,0
314.023,0.2059,0,0,0,0
314.057,0.2059,0,0,0,0
314.090,0.2059,0,0,0,0
314.122,0.2059,0,0,0,0
314.157,0.2059,0,0,0,0
314.192,0.2059,0,0,0,0
314.224,0.2059,0,0,0,0
314.258,0.2059,0,0,0,0
314.289,0.2059,0,0,0,0
314.321,0.2059,0,0,0,0
314.357,0.2059,0,0,0,0
314.389,0.2059,0,0,0,0
314.424,0.2059,0,0,0,0
314.457,0.2059,0,0,0,0
314.490,0.2059,0,0,0,0
314.524,0.2059,0,0,0,0
314.558,0.2059,0,0,0,0
314.589,0.2059,0,0,0,0
314.624,0.2059,0,0,0,0
314.656,0.2059,0,0,0,0
314.689,0.2059,0,0,0,0
314.723,0.2059,0,0,0,0
314.757,0.2059,0,0,0,0
314.790,0.2059,0,0,0,0
314.825,0.2059,0,0,0,0
314.857,0.2059,0,0,0,0
314.889,0.2059,0,0,0,0
314.923,0.2059,0,0,0,0
314.957,0.2059,0,0,0,0
314.989,0.2059,0,0,0,0
315.023,0.2059,0,0,0,0
315.057,0.2059,0,0,0,0
315.091,0.2059,0,0,0,0
315.123,0.2059,0,0,0,0
315.158,0.2059,0,0,0,0
315.191,0.2059,0,0,0,0
315.224,0.2059,0,0,0,0
315.257,0.2059,0,0,0,0
315.290,0.2059,0,0,0,0
315.324,0.2059,0,0,0,0
315.356,0.2059,0,0,0,0
315.390,0.2059,0,0,0,0
315.423,0.2059,0,0,0,0
315.457,0.2059,0,0,0,0
315.490,0.2059,0,0,0,0
315.522,0.2059,0,0,0,0
315.557,0.2059,0,0,0,0
315.589,0.2059,0,0,0,0
315.624,0.2059,0,0,0,0
315.657,0.2059,0,0,0,0
315.690,0.2059,0,0,0,0
315.724,0.2059,0,0,0,0
315.756,0.2059,0,0,0,0
315.790,0.2059,0,0,0,0
315.824,0.2059,0,0,0,0
315.858,0.2059,0,0,0,0
315.891,0.2059,0,0,0,0
315.924,0.2059,0,0,0,0
315.956,0.2059,0,0,0,0
315.993,0.2059,0,0,0,0
316.023,0.2059,0,0,0,0
316.057,0.2059,0,0,0,0
316.090,0.2059,0,0,0,0
316.123,0.2059,0,0,0,0
316.156,0.2059,0,0,0,0
316.190,0.2059,0,0,0,0
316.223,0.2059,0,0,0,0
316.256,0.2059,0,0,0,0
316.291,0.2059,0,0,0,0
316.324,0.2059,0,0,0,0
316.356,0.2059,0,0,0,0
316.389,0.2059,0,0,0,0
316.423,0.2059,0,0,0,0
316.457,0.2059,0,0,0,0
316.490,0.2059,0,0,0,0
316.523,0.2059,0,0,0,0
316.556,0.2059,0,0,0,0
316.590,0.2059,0,0,0,0
316.624,0.2059,0,0,0,0
316.656,0.2059,0,0,0,0
316.689,0.2059,0,0,0,0
316.724,0.2059,0,0,0,0
316.758,0.2059,0,0,0,0
316.791,0.2059,0,0,0,0
316.822,0.2059,0,0,0,0
316.856,0.2059,0,0,0,0
316.889,0.2059,0,0,0,0
316.922,0.2059,0,0,0,0
316.956,0.2059,0,0,0,0
316.990,0.2059,0,0,0,0
317.022,0.2059,0,0,0,0
317.058,0.2059,0,0,0,0
317.084,0.2059,0,0,0,0
317.123,0.2059,0,0,0,0
317.158,0.2059,0,0,0,0
317.191,0.2059,0,0,0,0
317.223,0.2059,0,0,0,0
317.255,0.2059,0,0,0,0
317.289,0.2059,0,0,0,0
317.324,0.2059,0,0,0,0
317.355,0.2059,0,0,0,0
317.389,0.2059,0,0,0,0
317.422,0.2059,0,0,0,0
317.456,0.2059,0,0,0,0
317.488,0.2059,0,0,0,0
317.525,0.2059,0,0,0,0
317.557,0.2059,0,0,0,0
317.590,0.2059,0,0,0,0
317.623,0.2059,0,0,0,0
317.656,0.2059,0,0,0,0
317.690,0.2059,0,0,0,0
317.724,0.2059,0,0,0,0
317.758,0.2059,0,0,0,0
317.790,0.2059,0,0,0,0
317.825,0.2059,0,0,0,0
317.857,0.2059,0,0,0,0
317.891,0.2059,0,0,0,0
317.923,0.2059,0,0,0,0
317.958,0.2059,0,0,0,0
317.996,0.2059,0,0,0,0
318.022,0.2059,0,0,0,0
318.056,0.2059,0,0,0,0
318.090,0.2059,0,0,0,0
318.123,0.2059,0,0,0,0
318.157,0.2059,0,0,0,0
318.190,0.2059,0,0,0,0
318.223,0.2059,0,0,0,0
318.257,0.2059,0,0,0,0
318.290,0.2059,0,0,0,0
318.322,0.2059,0,0,0,0
318.356,0.2059,0,0,0,0
318.390,0.2059,0,0,0,0
318.424,0.2059,0,0,0,0
318.458,0.2059,0,0,0,0
318.490,0.2059,0,0,0,0
318.522,0.2059,0,0,0,0
318.558,0.2059,0,0,0,0
318.590,0.2059,0,0,0,0
318.624,0.2059,0,0,0,0
318.656,0.2059,0,0,0,0
318.689,0.2059,0,0,0,0
318.722,0.2059,0,0,0,0
318.756,0.2059,0,0,0,0
318.791,0.2059,0,0,0,0
318.823,0.2059,0,0,0,0
318.854,0.2059,0,0,0,0
318.889,0.2059,0,0,0,0
318.924,0.2059,0,0,0,0
318.957,0.2059,0,0,0,0
318.991,0.2059,0,0,0,0
319.024,0.2059,0,0,0,0
319.055,0.2059,0,0,0,0
319.090,0.2059,0,0,0,0
319.123,0.2059,0,0,0,0
319.156,0.2059,0,0,0,0
319.190,0.2059,0,0,0,0
319.222,0.2059,0,0,0,0
319.258,0.2059,0,0,0,0
319.289,0.2059,0,0,0,0
319.322,0.2059,0,0,0,0
319.357,0.2059,0,0,0,0
319.391,0.2059,0,0,0,0
319.424,0.2059,0,0,0,0
319.456,0.2059,0,0,0,0
319.489,0.2059,0,0,0,0
319.523,0.2059,0,0,0,0
319.557,0.2059,0,0,0,0
319.589,0.2059,0,0,0,0
319.623,0.2059,0,0,0,0
319.657,0.2059,0,0,0,0
319.690,0.2059,0,0,0,0
319.724,0.2059,0,0,0,0
319.756,0.2059,0,0,0,0
319.789,0.2059,0,0,0,0
319.824,0.2059,0,0,0,0
319.864,0.2059,0,0,0,0
319.889,0.2059,0,0,0,0
319.923,0.2059,0,0,0,0
319.956,0.2059,0,0,0,0
319.991,0.2059,0,0,0,0
320.023,0.2059,0,0,0,0
320.057,0.2059,0,0,0,0
320.091,0.2059,0,0,0,0
320.122,0.2059,0,0,0,0
320.158,0.2059,0,0,0,0
320.189,0.2059,0,0,0,0
320.222,0.2059,0,0,0,0
320.257,0.2059,0,0,0,0
320.290,0.2059,0,0,0,0
320.323,0.2059,0,0,0,0
320.356,0.2059,0,0,0,0
320.389,0.2059,0,0,0,0
320.424,0.2059,0,0,0,0
320.455,0.2059,0,0,0,0
320.489,0.2059,0,0,0,0
320.522,0.2059,0,0,0,0
320.556,0.2059,0,0,0,0
320.589,0.2059,0,0,0,0
320.623,0.2059,0,0,0,0
320.655,0.2059,0,0,0,0
320.690,0.2059,0,0,0,0
320.724,0.2059,0,0,0,0
320.756,0.2059,0,0,0,0
320.790,0.2059,0,0,0,0
320.825,0.2059,0,0,0,0
320.855,0.2059,0,0,0,0
320.895,0.2059,0,0,0,0
320.923,0.2059,0,0,0,0
320.956,0.2059,0,0,0,0
320.990,0.2059,0,0,0,0
321.024,0.2059,0,0,0,0
321.056,0.2059,0,0,0,0
321.090,0.2059,0,0,0,0
321.123,0.2059,0,0,0,0
321.156,0.2059,0,0,0,0
321.189,0.2059,0,0,0,0
321.222,0.2059,0,0,0,0
321.257,0.2059,0,0,0,0
321.288,0.2059,0,0,0,0
321.322,0.2059,0,0,0,0
321.356,0.2059,0,0,0,0
321.391,0.2059,0,0,0,0
321.424,0.2059,0,0,0,0
321.455,0.2059,0,0,0,0
321.489,0.2059,0,0,0,0
321.523,0.2059,0,0,0,0
321.558,0.2059,0,0,0,0
321.591,0.2059,0,0,0,0
321.625,0.2059,0,0,0,0
321.656,0.2059,0,0,0,0
321.690,0.2059,0,0,0,0
321.723,0.2059,0,0,0,0
321.756,0.2059,0,0,0,0
321.789,0.2059,0,0,0,0
321.823,0.2059,0,0,0,0
321.858,0.2059,0,0,0,0
321.888,0.2059,0,0,0,0
321.922,0.2059,0,0,0,0
321.958,0.2059,0,0,0,0
321.989,0.2059,0,0,0,0
322.023,0.2059,0,0,0,0
322.055,0.2059,0,0,0,0
322.090,0.2059,0,0,0,0
322.124,0.2059,0,0,0,0
322.158,0.2059,0,0,0,0
322.191,0.2059,0,0,0,0
322.225,0.2059,0,0,0,0
322.257,0.2059,0,0,0,0
322.290,0.2059,0,0,0,0
322.322,0.2059,0,0,0,0
322.356,0.2059,0,0,0,0
322.390,0.2059,0,0,0,0
322.423,0.2059,0,0,0,0
322.457,0.2059,0,0,0,0
322.491,0.2059,0,0,0,0
322.523,0.2059,0,0,0,0
322.557,0.2059,0,0,0,0
322.590,0.2059,0,0,0,0
322.623,0.2059,0,0,0,0
322.657,0.2059,0,0,0,0
322.689,0.2059,0,0,0,0
322.723,0.2059,0,0,0,0
322.756,0.2059,0,0,0,0
322.790,0.2059,0,0,0,0
322.823,0.2059,0,0,0,0
322.856,0.2059,0,0,0,0
322.893,0.2059,0,0,0,0
322.929,0.2059,0,0,0,0
322.956,0.2059,0,0,0,0
322.991,0.2059,0,0,0,0
323.024,0.2059,0,0,0,0
323.056,0.2059,0,0,0,0
323.089,0.2059,0,0,0,0
323.125,0.2059,0,0,0,0
323.157,0.2059,0,0,0,0
323.190,0.2059,0,0,0,0
323.222,0.2059,0,0,0,0
323.256,0.2059,0,0,0,0
323.291,0.2059,0,0,0,0
323.323,0.2059,0,0,0,0
323.356,0.2059,0,0,0,0
323.391,0.2059,0,0,0,0
323.422,0.2059,0,0,0,0
323.458,0.2059,0,0,0,0
323.490,0.2059,0,0,0,0
323.525,0.2059,0,0,0,0
323.556,0.2059,0,0,0,0
323.591,0.2059,0,0,0,0
323.622,0.2059,0,0,0,0
323.656,0.2059,0,0,0,0
323.690,0.2059,0,0,0,0
323.723,0.2059,0,0,0,0
323.755,0.2059,0,0,0,0
323.789,0.2059,0,0,0,0
323.825,0.2059,0,0,0,0
323.857,0.2059,0,0,0,0
323.888,0.2059,0,0,0,0
323.923,0.2059,0,0,0,0
323.961,0.2059,0,0,0,0
323.989,0.2059,0,0,0,0
324.023,0.2059,0,0,0,0
324.057,0.2059,0,0,0,0
324.090,0.2059,0,0,0,0
324.123,0.2059,0,0,0,0
324.155,0.2059,0,0,0,0
324.191,0.2059,0,0,0,0
324.224,0.2059,0,0,0,0
324.258,0.2059,0,0,0,0
324.288,0.2059,0,0,0,0
324.325,0.2059,0,0,0,0
324.355,0.2059,0,0,0,0
324.389,0.2059,0,0,0,0
324.422,0.2059,0,0,0,0
324.456,0.2059,0,0,0,0
324.491,0.2059,0,0,0,0
324.524,0.2059,0,0,0,0
324.557,0.2059,0,0,0,0
324.589,0.2059,0,0,0,0
324.623,0.2059,0,0,0,0
324.657,0.2059,0,0,0,0
324.690,0.2059,0,0,0,0
324.725,0.2059,0,0,0,0
324.757,0.2059,0,0,0,0
324.791,0.2059,0,0,0,0
324.823,0.2059,0,0,0,0
324.856,0.2059,0,0,0,0
324.891,0.2059,0,0,0,0
324.924,0.2059,0,0,0,0
324.956,0.2059,0,0,0,0
324.982,0.2059,0,0,0,0
325.024,0.2059,0,0,0,0
325.057,0.2059,0,0,0,0
325.090,0.2059,0,0,0,0
325.124,0.2059,0,0,0,0
325.157,0.2059,0,0,0,0
325.190,0.2059,0,0,0,0
325.225,0.2059,0,0,0,0
325.259,0.2059,0,0,0,0
325.291,0.2059,0,0,0,0
325.322,0.2059,0,0,0,0
325.358,0.2059,0,0,0,0
325.390,0.2059,0,0,0,0
325.422,0.2059,0,0,0,0
325.458,0.2059,0,0,0,0
325.489,0.2059,0,0,0,0
325.522,0.2059,0,0,0,0
325.558,0.2059,0,0,0,0
325.590,0.2059,0,0,0,0
325.623,0.2059,0,0,0,0
325.656,0.2059,0,0,0,0
325.689,0.2059,0,0,0,0
325.724,0.2059,0,0,0,0
325.759,0.2059,0,0,0,0
325.790,0.2059,0,0,0,0
325.822,0.2059,0,0,0,0
325.856,0.2059,0,0,0,0
325.890,0.2059,0,0,0,0
325.919,0.2059,0,0,0,0
325.956,0.2059,0,0,0,0
325.991,0.2059,0,0,0,0
326.022,0.2059,0,0,0,0
326.056,0.2059,0,0,0,0
326.090,0.2059,0,0,0,0
326.123,0.2059,0,0,0,0
326.157,0.2059,0,0,0,0
326.190,0.2059,0,0,0,0
326.223,0.2059,0,0,0,0
326.258,0.2059,0,0,0,0
326.290,0.2059,0,0,0,0
326.322,0.2059,0,0,0,0
326.357,0.2059,0,0,0,0
326.391,0.2059,0,0,0,0
326.422,0.2059,0,0,0,0
326.457,0.2059,0,0,0,0
326.488,0.2059,0,0,0,0
326.523,0.2059,0,0,0,0
326.556,0.2059,0,0,0,0
326.589,0.2059,0,0,0,0
326.623,0.2059,0,0,0,0
326.655,0.2059,0,0,0,0
326.690,0.2059,0,0,0,0
326.725,0.2059,0,0,0,0
326.760,0.2059,0,0,0,0
326.788,0.2059,0,0,0,0
326.821,0.2059,0,0,0,0
326.856,0.2059,0,0,0,0
326.890,0.2059,0,0,0,0
326.924,0.2059,0,0,0,0
326.957,0.2059,0,0,0,0
326.989,0.2059,0,0,0,0
327.023,0.2059,0,0,0,0
327.056,0.2059,0,0,0,0
327.089,0.2059,0,0,0,0
327.124,0.2059,0,0,0,0
327.156,0.2059,0,0,0,0
327.191,0.2059,0,0,0,0
327.224,0.2059,0,0,0,0
327.256,0.2059,0,0,0,0
327.293,0.2059,0,0,0,0
327.323,0.2059,0,0,0,0
327.357,0.2059,0,0,0,0
327.390,0.2059,0,0,0,0
327.424,0.2059,0,0,0,0
327.456,0.2059,0,0,0,0
327.491,0.2059,0,0,0,0
327.524,0.2059,0,0,0,0
327.557,0.2059,0,0,0,0
327.591,0.2059,0,0,0,0
327.623,0.2059,0,0,0,0
327.656,0.2059,0,0,0,0
327.691,0.2059,0,0,0,0
327.724,0.2059,0,0,0,0
327.756,0.2059,0,0,0,0
327.791,0.2059,0,0,0,0
327.824,0.2059,0,0,0,0
327.857,0.2059,0,0,0,0
327.889,0.2059,0,0,0,0
327.923,0.2059,0,0,0,0
327.957,0.2059,0,0,0,0
327.989,0.2059,0,0,0,0
328.022,0.2059,0,0,0,0
328.057,0.2059,0,0,0,0
328.088,0.2059,0,0,0,0
328.123,0.2059,0,0,0,0
328.158,0.2059,0,0,0,0
328.190,0.2059,0,0,0,0
328.224,0.2059,0,0,0,0
328.257,0.2059,0,0,0,0
328.290,0.2059,0,0,0,0
328.324,0.2059,0,0,0,0
328.359,0.2059,0,0,0,0
328.392,0.2059,0,0,0,0
328.423,0.2059,0,0,0,0
328.458,0.2059,0,0,0,0
328.489,0.2059,0,0,0,0
328.522,0.2059,0,0,0,0
328.555,0.2059,0,0,0,0
328.588,0.2059,0,0,0,0
328.622,0.2059,0,0,0,0
328.657,0.2059,0,0,0,0
328.688,0.2059,0,0,0,0
328.724,0.2059,0,0,0,0
328.756,0.2059,0,0,0,0
328.788,0.2059,0,0,0,0
328.825,0.2059,0,0,0,0
328.858,0.2059,0,0,0,0
328.888,0.2059,0,0,0,0
328.924,0.2059,0,0,0,0
328.954,0.2059,0,0,0,0
328.991,0.2059,0,0,0,0
329.023,0.2059,0,0,0,0
329.056,0.2059,0,0,0,0
329.090,0.2059,0,0,0,0
329.123,0.2059,0,0,0,0
329.157,0.2059,0,0,0,0
329.190,0.2059,0,0,0,0
329.222,0.2059,0,0,0,0
329.258,0.2059,0,0,0,0
329.290,0.2059,0,0,0,0
329.323,0.2059,0,0,0,0
329.358,0.2059,0,0,0,0
329.390,0.2059,0,0,0,0
329.424,0.2059,0,0,0,0
329.456,0.2059,0,0,0,0
329.490,0.2059,0,0,0,0
329.524,0.2059,0,0,0,0
329.555,0.2059,0,0,0,0
329.591,0.2059,0,0,0,0
329.624,0.2059,0,0,0,0
329.656,0.2059,0,0,0,0
329.690,0.2059,0,0,0,0
329.724,0.2059,0,0,0,0
329.756,0.2059,0,0,0,0
329.791,0.2059,0,0,0,0
329.823,0.2059,0,0,0,0
329.856,0.2059,0,0,0,0
329.889,0.2059,0,0,0,0
329.924,0.2059,0,0,0,0
329.955,0.2059,0,0,0,0
329.990,0.2059,0,0,0,0
330.023,0.2059,0,0,0,0
330.058,0.2059,0,0,0,0
330.090,0.2059,0,0,0,0
330.122,0.2059,0,0,0,0
330.157,0.2059,0,0,0,0
330.188,0.2059,0,0,0,0
330.223,0.2059,0,0,0,0
330.259,0.2059,0,0,0,0
330.290,0.2059,0,0,0,0
330.323,0.2059,0,0,0,0
330.356,0.2059,0,0,0,0
330.390,0.2059,0,0,0,0
330.424,0.2059,0,0,0,0
330.457,0.2059,0,0,0,0
330.490,0.2059,0,0,0,0
330.526,0.2059,0,0,0,0
330.558,0.2059,0,0,0,0
330.590,0.2059,0,0,0,0
330.624,0.2059,0,0,0,0
330.656,0.2059,0,0,0,0
330.690,0.2059,0,0,0,0
330.723,0.2059,0,0,0,0
330.757,0.2059,0,0,0,0
330.790,0.2059,0,0,0,0
330.824,0.2059,0,0,0,0
330.856,0.2059,0,0,0,0
330.889,0.2059,0,0,0,0
330.923,0.2059,0,0,0,0
330.956,0.2059,0,0,0,0
330.991,0.2059,0,0,0,0
331.025,0.2059,0,0,0,0
331.055,0.2059,0,0,0,0
331.098,0.2059,0,0,0,0
331.123,0.2059,0,0,0,0
331.157,0.2059,0,0,0,0
331.189,0.2059,0,0,0,0
331.223,0.2059,0,0,0,0
331.257,0.2059,0,0,0,0
331.289,0.2059,0,0,0,0
331.323,0.2059,0,0,0,0
331.357,0.2059,0,0,0,0
331.389,0.2059,0,0,0,0
331.423,0.2059,0,0,0,0
331.457,0.2059,0,0,0,0
331.491,0.2059,0,0,0,0
331.522,0.2059,0,0,0,0
331.556,0.2059,0,0,0,0
331.590,0.2059,0,0,0,0
331.624,0.2059,0,0,0,0
331.656,0.2059,0,0,0,0
331.691,0.2059,0,0,0,0
331.724,0.2059,0,0,0,0
331.757,0.2059,0,0,0,0
331.790,0.2059,0,0,0,0
331.824,0.2059,0,0,0,0
331.881,0.2059,0,0,0,0
331.902,0.2059,0,0,0,0
331.927,0.2059,0,0,0,0
331.960,0.2059,0,0,0,0
331.995,0.2059,0,0,0,0
332.028,0.2059,0,0,0,0
332.060,0.2059,0,0,0,0
332.094,0.2059,0,0,0,0
332.126,0.2059,0,0,0,0
332.159,0.2059,0,0,0,0
332.192,0.2059,0,0,0,0
332.227,0.2059,0,0,0,0
332.259,0.2059,0,0,0,0
332.293,0.2059,0,0,0,0
332.326,0.2059,0,0,0,0
332.362,0.2059,0,0,0,0
332.392,0.2059,0,0,0,0
332.426,0.2059,0,0,0,0
332.460,0.2059,0,0,0,0
332.493,0.2059,0,0,0,0
332.527,0.2059,0,0,0,0
332.559,0.2059,0,0,0,0
332.593,0.2059,0,0,0,0
332.627,0.2059,0,0,0,0
332.660,0.2059,0,0,0,0
332.693,0.2059,0,0,0,0
332.727,0.2059,0,0,0,0
332.758,0.2059,0,0,0,0
332.795,0.2059,0,0,0,0
332.826,0.2059,0,0,0,0
332.859,0.2059,0,0,0,0
332.891,0.2059,0,0,0,0
332.927,0.2059,0,0,0,0
332.960,0.2059,0,0,0,0
332.993,0.2059,0,0,0,0
333.029,0.2059,0,0,0,0
333.061,0.2059,0,0,0,0
333.094,0.2059,0,0,0,0
333.125,0.2059,0,0,0,0
333.159,0.2059,0,0,0,0
333.195,0.2059,0,0,0,0
333.225,0.2059,0,0,0,0
333.259,0.2059,0,0,0,0
333.293,0.2059,0,0,0,0
333.333,0.2059,0,0,0,0
333.359,0.2059,0,0,0,0
333.393,0.2059,0,0,0,0
333.426,0.2059,0,0,0,0
333.459,0.2059,0,0,0,0
333.492,0.2059,0,0,0,0
333.526,0.2059,0,0,0,0
333.559,0.2059,0,0,0,0
333.593,0.2059,0,0,0,0
333.632,0.2059,0,0,0,0
333.660,0.2059,0,0,0,0
333.693,0.2059,0,0,0,0
333.726,0.2059,0,0,0,0
333.758,0.2059,0,0,0,0
333.792,0.2059,0,0,0,0
333.826,0.2059,0,0,0,0
333.859,0.2059,0,0,0,0
333.892,0.2059,0,0,0,0
333.927,0.2059,0,0,0,0
333.959,0.2059,0,0,0,0
333.992,0.2059,0,0,0,0
334.025,0.2059,0,0,0,0
334.059,0.2059,0,0,0,0
334.095,0.2059,0,0,0,0
334.127,0.2059,0,0,0,0
334.159,0.2059,0,0,0,0
334.193,0.2059,0,0,0,0
334.225,0.2059,0,0,0,0
334.258,0.2059,0,0,0,0
334.293,0.2059,0,0,0,0
334.327,0.2059,0,0,0,0
334.360,0.2059,0,0,0,0
334.395,0.2059,0,0,0,0
334.426,0.2059,0,0,0,0
334.458,0.2059,0,0,0,0
334.493,0.2059,0,0,0,0
334.526,0.2059,0,0,0,0
334.557,0.2059,0,0,0,0
334.592,0.2059,0,0,0,0
334.627,0.2059,0,0,0,0
334.661,0.2059,0,0,0,0
334.699,0.2059,0,0,0,0
334.726,0.2059,0,0,0,0
334.759,0.2059,0,0,0,0
334.793,0.2059,0,0,0,0
334.825,0.2059,0,0,0,0
334.861,0.2059,0,0,0,0
334.892,0.2059,0,0,0,0
334.926,0.2059,0,0,0,0
334.961,0.2059,0,0,0,0
334.999,0.2059,0,0,0,0
335.026,0.2059,0,0,0,0
335.059,0.2059,0,0,0,0
335.094,0.2059,0,0,0,0
335.127,0.2059,0,0,0,0
335.161,0.2059,0,0,0,0
335.194,0.2059,0,0,0,0
335.228,0.2059,0,0,0,0
335.260,0.2059,0,0,0,0
335.294,0.2059,0,0,0,0
335.326,0.2059,0,0,0,0
335.358,0.2059,0,0,0,0
335.393,0.2059,0,0,0,0
335.427,0.2059,0,0,0,0
335.459,0.2059,0,0,0,0
335.493,0.2059,0,0,0,0
335.526,0.2059,0,0,0,0
335.559,0.2059,0,0,0,0
335.592,0.2059,0,0,0,0
335.625,0.2059,0,0,0,0
335.660,0.2059,0,0,0,0
335.692,0.2059,0,0,0,0
335.727,0.2059,0,0,0,0
335.760,0.2059,0,0,0,0
335.794,0.2059,0,0,0,0
335.827,0.2059,0,0,0,0
335.859,0.2059,0,0,0,0
335.893,0.2059,0,0,0,0
335.926,0.2059,0,0,0,0
335.960,0.2059,0,0,0,0
335.994,0.2059,0,0,0,0
336.028,0.2059,0,0,0,0
336.064,0.2059,0,0,0,0
336.094,0.2059,0,0,0,0
336.126,0.2059,0,0,0,0
336.160,0.2059,0,0,0,0
336.192,0.2059,0,0,0,0
336.225,0.2059,0,0,0,0
336.260,0.2059,0,0,0,0
336.293,0.2059,0,0,0,0
336.326,0.2059,0,0,0,0
336.366,0.2059,0,0,0,0
336.392,0.2059,0,0,0,0
336.425,0.2059,0,0,0,0
336.459,0.2059,0,0,0,0
336.493,0.2059,0,0,0,0
336.526,0.2059,0,0,0,0
336.559,0.2059,0,0,0,0
336.591,0.2059,0,0,0,0
336.626,0.2059,0,0,0,0
336.660,0.2059,0,0,0,0
336.692,0.2059,0,0,0,0
336.729,0.2059,0,0,0,0
336.760,0.2059,0,0,0,0
336.790,0.2059,0,0,0,0
336.823,0.2059,0,0,0,0
336.859,0.2059,0,0,0,0
336.892,0.2059,0,0,0,0
336.925,0.2059,0,0,0,0
336.959,0.2059,0,0,0,0
336.994,0.2059,0,0,0,0
337.027,0.2059,0,0,0,0
337.061,0.2059,0,0,0,0
337.092,0.2059,0,0,0,0
337.126,0.2059,0,0,0,0
337.160,0.2059,0,0,0,0
337.193,0.2059,0,0,0,0
337.223,0.2059,0,0,0,0
337.259,0.2059,0,0,0,0
337.292,0.2059,0,0,0,0
337.326,0.2059,0,0,0,0
337.359,0.2059,0,0,0,0
337.392,0.2059,0,0,0,0
337.426,0.2059,0,0,0,0
337.459,0.2059,0,0,0,0
337.492,0.2059,0,0,0,0
337.528,0.2059,0,0,0,0
337.560,0.2059,0,0,0,0
337.593,0.2059,0,0,0,0
337.626,0.2059,0,0,0,0
337.660,0.2059,0,0,0,0
337.692,0.2059,0,0,0,0
337.733,0.2059,0,0,0,0
337.760,0.2059,0,0,0,0
337.793,0.2059,0,0,0,0
337.825,0.2059,0,0,0,0
337.863,0.2059,0,0,0,0
337.893,0.2059,0,0,0,0
337.926,0.2059,0,0,0,0
337.960,0.2059,0,0,0,0
337.995,0.2059,0,0,0,0
338.033,0.2059,0,0,0,0
338.060,0.2059,0,0,0,0
338.092,0.2059,0,0,0,0
338.125,0.2059,0,0,0,0
338.159,0.2059,0,0,0,0
338.192,0.2059,0,0,0,0
338.226,0.2059,0,0,0,0
338.258,0.2059,0,0,0,0
338.291,0.2059,0,0,0,0
338.327,0.2059,0,0,0,0
338.361,0.2059,0,0,0,0
338.393,0.2059,0,0,0,0
338.424,0.2059,0,0,0,0
338.461,0.2059,0,0,0,0
338.493,0.2059,0,0,0,0
338.526,0.2059,0,0,0,0
338.558,0.2059,0,0,0,0
338.592,0.2059,0,0,0,0
338.626,0.2059,0,0,0,0
338.662,0.2059,0,0,0,0
338.694,0.2059,0,0,0,0
338.727,0.2059,0,0,0,0
338.761,0.2059,0,0,0,0
338.795,0.2059,0,0,0,0
338.826,0.2059,0,0,0,0
338.863,0.2059,0,0,0,0
338.894,0.2059,0,0,0,0
338.927,0.2059,0,0,0,0
338.959,0.2059,0,0,0,0
338.998,0.2059,0,0,0,0
339.027,0.2059,0,0,0,0
339.059,0.2059,0,0,0,0
339.100,0.2059,0,0,0,0
339.126,0.2059,0,0,0,0
339.160,0.2059,0,0,0,0
339.193,0.2059,0,0,0,0
339.227,0.2059,0,0,0,0
339.260,0.2059,0,0,0,0
339.291,0.2059,0,0,0,0
339.327,0.2059,0,0,0,0
339.359,0.2059,0,0,0,0
339.392,0.2059,0,0,0,0
339.418,0.2059,0,0,0,0
339.460,0.2059,0,0,0,0
339.493,0.2059,0,0,0,0
339.528,0.2059,0,0,0,0
339.559,0.2059,0,0,0,0
339.594,0.2059,0,0,0,0
339.633,0.2059,0,0,0,0
339.660,0.2059,0,0,0,0
339.691,0.2059,0,0,0,0
339.726,0.2059,0,0,0,0
339.760,0.2059,0,0,0,0
339.793,0.2059,0,0,0,0
339.826,0.2059,0,0,0,0
339.862,0.2059,0,0,0,0
339.890,0.2059,0,0,0,0
339.927,0.2059,0,0,0,0
339.960,0.2059,0,0,0,0
339.994,0.2059,0,0,0,0
340.026,0.2059,0,0,0,0
340.061,0.2059,0,0,0,0
340.094,0.2059,0,0,0,0
340.128,0.2059,0,0,0,0
340.165,0.2059,0,0,0,0
340.194,0.2059,0,0,0,0
340.227,0.2059,0,0,0,0
340.260,0.2059,0,0,0,0
340.293,0.2059,0,0,0,0
340.327,0.2059,0,0,0,0
340.360,0.2059,0,0,0,0
340.393,0.2059,0,0,0,0
340.424,0.2059,0,0,0,0
340.467,0.2059,0,0,0,0
340.493,0.2059,0,0,0,0
340.527,0.2059,0,0,0,0
340.559,0.2059,0,0,0,0
340.594,0.2059,0,0,0,0
340.627,0.2059,0,0,0,0
340.659,0.2059,0,0,0,0
340.693,0.2059,0,0,0,0
340.727,0.2059,0,0,0,0
340.769,0.2059,0,0,0,0
340.792,0.2059,0,0,0,0
340.826,0.2059,0,0,0,0
340.859,0.2059,0,0,0,0
340.892,0.2059,0,0,0,0
340.928,0.2059,0,0,0,0
340.961,0.2059,0,0,0,0
340.994,0.2059,0,0,0,0
341.025,0.2059,0,0,0,0
341.061,0.2059,0,0,0,0
341.092,0.2059,0,0,0,0
341.127,0.2059,0,0,0,0
341.159,0.2059,0,0,0,0
341.191,0.2059,0,0,0,0
341.227,0.2059,0,0,0,0
341.258,0.2059,0,0,0,0
341.294,0.2059,0,0,0,0
341.327,0.2059,0,0,0,0
341.360,0.2059,0,0,0,0
341.393,0.2059,0,0,0,0
341.425,0.2059,0,0,0,0
341.459,0.2059,0,0,0,0
341.494,0.2059,0,0,0,0
341.533,0.2059,0,0,0,0
341.558,0.2059,0,0,0,0
341.592,0.2059,0,0,0,0
341.625,0.2059,0,0,0,0
341.660,0.2059,0,0,0,0
341.693,0.2059,0,0,0,0
341.728,0.2059,0,0,0,0
341.759,0.2059,0,0,0,0
341.794,0.2059,0,0,0,0
341.826,0.2059,0,0,0,0
341.860,0.2059,0,0,0,0
341.894,0.2059,0,0,0,0
341.926,0.2059,0,0,0,0
341.959,0.2059,0,0,0,0
341.991,0.2059,0,0,0,0
342.028,0.2059,0,0,0,0
342.058,0.2059,0,0,0,0
342.094,0.2059,0,0,0,0
342.125,0.2059,0,0,0,0
342.161,0.2059,0,0,0,0
342.194,0.2059,0,0,0,0
342.230,0.2059,0,0,0,0
342.263,0.2059,0,0,0,0
342.294,0.2059,0,0,0,0
342.326,0.2059,0,0,0,0
342.360,0.2059,0,0,0,0
342.394,0.2059,0,0,0,0
342.427,0.2059,0,0,0,0
342.462,0.2059,0,0,0,0
342.494,0.2059,0,0,0,0
342.526,0.2059,0,0,0,0
342.559,0.2059,0,0,0,0
342.598,0.2059,0,0,0,0
342.626,0.2059,0,0,0,0
342.660,0.2059,0,0,0,0
342.693,0.2059,0,0,0,0
342.729,0.2059,0,0,0,0
342.760,0.2059,0,0,0,0
342.795,0.2059,0,0,0,0
342.829,0.2059,0,0,0,0
342.860,0.2059,0,0,0,0
342.901,0.2059,0,0,0,0
342.928,0.2059,0,0,0,0
342.961,0.2059,0,0,0,0
342.993,0.2059,0,0,0,0
343.026,0.2059,0,0,0,0
343.060,0.2059,0,0,0,0
343.093,0.2059,0,0,0,0
343.127,0.2059,0,0,0,0
343.159,0.2059,0,0,0,0
343.193,0.2059,0,0,0,0
343.227,0.2059,0,0,0,0
343.260,0.2059,0,0,0,0
343.296,0.2059,0,0,0,0
343.327,0.2059,0,0,0,0
343.365,0.2059,0,0,0,0
343.393,0.2059,0,0,0,0
343.427,0.2059,0,0,0,0
343.459,0.2059,0,0,0,0
343.492,0.2059,0,0,0,0
343.528,0.2059,0,0,0,0
343.561,0.2059,0,0,0,0
343.593,0.2059,0,0,0,0
343.626,0.2059,0,0,0,0
343.669,0.2059,0,0,0,0
343.694,0.2059,0,0,0,0
343.726,0.2059,0,0,0,0
343.760,0.2059,0,0,0,0
343.796,0.2059,0,0,0,0
343.826,0.2059,0,0,0,0
343.860,0.2059,0,0,0,0
343.894,0.2059,0,0,0,0
343.927,0.2059,0,0,0,0
343.973,0.2059,0,0,0,0
343.993,0.2059,0,0,0,0
344.027,0.2059,0,0,0,0
344.062,0.2059,0,0,0,0
344.092,0.2059,0,0,0,0
344.123,0.2059,0,0,0,0
344.159,0.2059,0,0,0,0
344.193,0.2059,0,0,0,0
344.228,0.2059,0,0,0,0
344.259,0.2059,0,0,0,0
344.293,0.2059,0,0,0,0
344.328,0.2059,0,0,0,0
344.362,0.2059,0,0,0,0
344.395,0.2059,0,0,0,0
344.432,0.2059,0,0,0,0
344.462,0.2059,0,0,0,0
344.493,0.2059,0,0,0,0
344.526,0.2059,0,0,0,0
344.560,0.2059,0,0,0,0
344.593,0.2059,0,0,0,0
344.627,0.2059,0,0,0,0
344.660,0.2059,0,0,0,0
344.693,0.2059,0,0,0,0
344.731,0.2059,0,0,0,0
344.758,0.2059,0,0,0,0
344.793,0.2059,0,0,0,0
344.826,0.2059,0,0,0,0
344.860,0.2059,0,0,0,0
344.894,0.2059,0,0,0,0
344.926,0.2059,0,0,0,0
344.961,0.2059,0,0,0,0
344.993,0.2059,0,0,0,0
345.028,0.2059,0,0,0,0
345.059,0.2059,0,0,0,0
345.095,0.2059,0,0,0,0
345.127,0.2059,0,0,0,0
345.159,0.2059,0,0,0,0
345.199,0.2059,0,0,0,0
345.226,0.2059,0,0,0,0
345.261,0.2059,0,0,0,0
345.292,0.2059,0,0,0,0
345.327,0.2059,0,0,0,0
345.361,0.2059,0,0,0,0
345.392,0.2059,0,0,0,0
345.430,0.2059,0,0,0,0
345.459,0.2059,0,0,0,0
345.501,0.2059,0,0,0,0
345.528,0.2059,0,0,0,0
345.560,0.2059,0,0,0,0
345.599,0.2059,0,0,0,0
345.626,0.2059,0,0,0,0
345.655,0.2059,0,0,0,0
345.694,0.2059,0,0,0,0
345.728,0.2059,0,0,0,0
345.760,0.2059,0,0,0,0
345.794,0.2059,0,0,0,0
345.828,0.2059,0,0,0,0
345.862,0.2059,0,0,0,0
345.893,0.2059,0,0,0,0
345.928,0.2059,0,0,0,0
345.958,0.2059,0,0,0,0
345.993,0.2059,0,0,0,0
346.027,0.2059,0,0,0,0
346.059,0.2059,0,0,0,0
346.093,0.2059,0,0,0,0
346.127,0.2059,0,0,0,0
346.159,0.2059,0,0,0,0
346.204,0.2059,0,0,0,0
346.227,0.2059,0,0,0,0
346.266,0.2059,0,0,0,0
346.294,0.2059,0,0,0,0
346.327,0.2059,0,0,0,0
346.365,0.2059,0,0,0,0
346.394,0.2059,0,0,0,0
346.427,0.2059,0,0,0,0
346.467,0.2059,0,0,0,0
346.494,0.2059,0,0,0,0
346.525,0.2059,0,0,0,0
346.570,0.2059,0,0,0,0
346.593,0.2059,0,0,0,0
346.627,0.2059,0,0,0,0
346.661,0.2059,0,0,0,0
346.694,0.2059,0,0,0,0
346.727,0.2059,0,0,0,0
346.761,0.2059,0,0,0,0
346.793,0.2059,0,0,0,0
346.826,0.2059,0,0,0,0
346.861,0.2059,0,0,0,0
346.885,0.2059,0,0,0,0
346.926,0.2059,0,0,0,0
346.960,0.2059,0,0,0,0
346.993,0.2059,0,0,0,0
347.025,0.2059,0,0,0,0
347.061,0.2059,0,0,0,0
347.092,0.2059,0,0,0,0
347.128,0.2059,0,0,0,0
347.159,0.2059,0,0,0,0
347.193,0.2059,0,0,0,0
347.226,0.2059,0,0,0,0
347.259,0.2059,0,0,0,0
347.294,0.2059,0,0,0,0
347.330,0.2059,0,0,0,0
347.360,0.2059,0,0,0,0
347.405,0.2059,0,0,0,0
347.430,0.2059,0,0,0,0
347.461,0.2059,0,0,0,0
347.494,0.2059,0,0,0,0
347.529,0.2059,0,0,0,0
347.562,0.2059,0,0,0,0
347.597,0.2059,0,0,0,0
347.627,0.2059,0,0,0,0
347.661,0.2059,0,0,0,0
347.695,0.2059,0,0,0,0
347.728,0.2059,0,0,0,0
347.761,0.2059,0,0,0,0
347.795,0.2059,0,0,0,0
347.829,0.2059,0,0,0,0
347.861,0.2059,0,0,0,0
347.894,0.2059,0,0,0,0
347.927,0.2059,0,0,0,0
347.961,0.2059,0,0,0,0
347.995,0.2059,0,0,0,0
348.028,0.2059,0,0,0,0
348.062,0.2059,0,0,0,0
348.094,0.2059,0,0,0,0
348.127,0.2059,0,0,0,0
348.161,0.2059,0,0,0,0
348.195,0.2059,0,0,0,0
348.227,0.2059,0,0,0,0
348.261,0.2059,0,0,0,0
348.294,0.2059,0,0,0,0
348.328,0.2059,0,0,0,0
348.362,0.2059,0,0,0,0
348.394,0.2059,0,0,0,0
348.427,0.2059,0,0,0,0
348.462,0.2059,0,0,0,0
348.494,0.2059,0,0,0,0
348.529,0.2059,0,0,0,0
348.562,0.2059,0,0,0,0
348.595,0.2059,0,0,0,0
348.627,0.2059,0,0,0,0
348.660,0.2059,0,0,0,0
348.694,0.2059,0,0,0,0
348.728,0.2059,0,0,0,0
348.760,0.2059,0,0,0,0
348.794,0.2059,0,0,0,0
348.828,0.2059,0,0,0,0
348.862,0.2059,0,0,0,0
348.894,0.2059,0,0,0,0
348.928,0.2059,0,0,0,0
348.960,0.2059,0,0,0,0
348.994,0.2059,0,0,0,0
349.027,0.2059,0,0,0,0
349.060,0.2059,0,0,0,0
349.095,0.2059,0,0,0,0
349.129,0.2059,0,0,0,0
349.162,0.2059,0,0,0,0
349.194,0.2059,0,0,0,0
349.228,0.2059,0,0,0,0
349.262,0.2059,0,0,0,0
349.295,0.2059,0,0,0,0
349.329,0.2059,0,0,0,0
349.361,0.2059,0,0,0,0
349.393,0.2059,0,0,0,0
349.427,0.2059,0,0,0,0
349.461,0.2059,0,0,0,0
349.495,0.2059,0,0,0,0
349.527,0.2059,0,0,0,0
349.561,0.2059,0,0,0,0
349.596,0.2059,0,0,0,0
349.629,0.2059,0,0,0,0
349.662,0.2059,0,0,0,0
349.694,0.2059,0,0,0,0
349.727,0.2059,0,0,0,0
349.762,0.2059,0,0,0,0
349.795,0.2059,0,0,0,0
349.827,0.2059,0,0,0,0
349.860,0.2059,0,0,0,0
349.895,0.2059,0,0,0,0
349.928,0.2059,0,0,0,0
349.962,0.2059,0,0,0,0
349.994,0.2059,0,0,0,0
350.027,0.2059,0,0,0,0
350.062,0.2059,0,0,0,0
350.096,0.2059,0,0,0,0
350.128,0.2059,0,0,0,0
350.161,0.2059,0,0,0,0
350.196,0.2059,0,0,0,0
350.227,0.2059,0,0,0,0
350.260,0.2059,0,0,0,0
350.295,0.2059,0,0,0,0
350.328,0.2059,0,0,0,0
350.361,0.2059,0,0,0,0
350.395,0.2059,0,0,0,0
350.427,0.2059,0,0,0,0
350.460,0.2059,0,0,0,0
350.494,0.2059,0,0,0,0
350.529,0.2059,0,0,0,0
350.560,0.2059,0,0,0,0
350.596,0.2059,0,0,0,0
350.627,0.2059,0,0,0,0
350.661,0.2059,0,0,0,0
350.694,0.2059,0,0,0,0
350.729,0.2059,0,0,0,0
350.762,0.2059,0,0,0,0
350.794,0.2059,0,0,0,0
350.828,0.2059,0,0,0,0
350.861,0.2059,0,0,0,0
350.894,0.2059,0,0,0,0
350.928,0.2059,0,0,0,0
350.961,0.2059,0,0,0,0
350.994,0.2059,0,0,0,0
351.028,0.2059,0,0,0,0
351.062,0.2059,0,0,0,0
351.095,0.2059,0,0,0,0
351.128,0.2059,0,0,0,0
351.162,0.2059,0,0,0,0
351.194,0.2059,0,0,0,0
351.228,0.2059,0,0,0,0
351.262,0.2059,0,0,0,0
351.295,0.2059,0,0,0,0
351.327,0.2059,0,0,0,0
351.361,0.2059,0,0,0,0
351.394,0.2059,0,0,0,0
351.428,0.2059,0,0,0,0
351.461,0.2059,0,0,0,0
351.496,0.2059,0,0,0,0
351.527,0.2059,0,0,0,0
351.561,0.2059,0,0,0,0
351.594,0.2059,0,0,0,0
351.628,0.2059,0,0,0,0
351.662,0.2059,0,0,0,0
351.694,0.2059,0,0,0,0
351.728,0.2059,0,0,0,0
351.760,0.2059,0,0,0,0
351.794,0.2059,0,0,0,0
351.827,0.2059,0,0,0,0
351.860,0.2059,0,0,0,0
351.894,0.2059,0,0,0,0
351.929,0.2059,0,0,0,0
351.961,0.2059,0,0,0,0
351.994,0.2059,0,0,0,0
352.028,0.2059,0,0,0,0
352.061,0.2059,0,0,0,0
352.094,0.2059,0,0,0,0
352.127,0.2059,0,0,0,0
352.161,0.2059,0,0,0,0
352.194,0.2059,0,0,0,0
352.227,0.2059,0,0,0,0
352.260,0.2059,0,0,0,0
352.293,0.2059,0,0,0,0
352.331,0.2059,0,0,0,0
352.361,0.2059,0,0,0,0
352.395,0.2059,0,0,0,0
352.428,0.2059,0,0,0,0
352.461,0.2059,0,0,0,0
352.494,0.2059,0,0,0,0
352.529,0.2059,0,0,0,0
352.560,0.2059,0,0,0,0
352.594,0.2059,0,0,0,0
352.627,0.2059,0,0,0,0
352.661,0.2059,0,0,0,0
352.700,0.2059,0,0,0,0
352.727,0.2059,0,0,0,0
352.761,0.2059,0,0,0,0
352.796,0.2059,0,0,0,0
352.827,0.2059,0,0,0,0
352.861,0.2059,0,0,0,0
352.894,0.2059,0,0,0,0
352.927,0.2059,0,0,0,0
352.961,0.2059,0,0,0,0
352.994,0.2059,0,0,0,0
353.028,0.2059,0,0,0,0
353.061,0.2059,0,0,0,0
353.093,0.2059,0,0,0,0
353.128,0.2059,0,0,0,0
353.161,0.2059,0,0,0,0
353.195,0.2059,0,0,0,0
353.228,0.2059,0,0,0,0
353.261,0.2059,0,0,0,0
353.296,0.2059,0,0,0,0
353.328,0.2059,0,0,0,0
353.361,0.2059,0,0,0,0
353.395,0.2059,0,0,0,0
353.428,0.2059,0,0,0,0
353.461,0.2059,0,0,0,0
353.494,0.2059,0,0,0,0
353.528,0.2059,0,0,0,0
353.562,0.2059,0,0,0,0
353.595,0.2059,0,0,0,0
353.627,0.2059,0,0,0,0
353.665,0.2059,0,0,0,0
353.695,0.2059,0,0,0,0
353.728,0.2059,0,0,0,0
353.761,0.2059,0,0,0,0
353.794,0.2059,0,0,0,0
353.827,0.2059,0,0,0,0
353.860,0.2059,0,0,0,0
353.894,0.2059,0,0,0,0
353.928,0.2059,0,0,0,0
353.960,0.2059,0,0,0,0
353.995,0.2059,0,0,0,0
354.028,0.2059,0,0,0,0
354.062,0.2059,0,0,0,0
354.094,0.2059,0,0,0,0
354.127,0.2059,0,0,0,0
354.161,0.2059,0,0,0,0
354.195,0.2059,0,0,0,0
354.228,0.2059,0,0,0,0
354.262,0.2059,0,0,0,0
354.295,0.2059,0,0,0,0
354.328,0.2059,0,0,0,0
354.361,0.2059,0,0,0,0
354.394,0.2059,0,0,0,0
354.427,0.2059,0,0,0,0
354.460,0.2059,0,0,0,0
354.495,0.2059,0,0,0,0
354.528,0.2059,0,0,0,0
354.562,0.2059,0,0,0,0
354.595,0.2059,0,0,0,0
354.627,0.2059,0,0,0,0
354.661,0.2059,0,0,0,0
354.694,0.2059,0,0,0,0
354.728,0.2059,0,0,0,0
354.761,0.2059,0,0,0,0
354.795,0.2059,0,0,0,0
354.826,0.2059,0,0,0,0
354.860,0.2059,0,0,0,0
354.895,0.2059,0,0,0,0
354.928,0.2059,0,0,0,0
354.961,0.2059,0,0,0,0
354.994,0.2059,0,0,0,0
355.027,0.2059,0,0,0,0
355.062,0.2059,0,0,0,0
355.095,0.2059,0,0,0,0
355.128,0.2059,0,0,0,0
355.161,0.2059,0,0,0,0
355.194,0.2059,0,0,0,0
355.228,0.2059,0,0,0,0
355.261,0.2059,0,0,0,0
355.296,0.2059,0,0,0,0
355.328,0.2059,0,0,0,0
355.361,0.2059,0,0,0,0
355.396,0.2059,0,0,0,0
355.427,0.2059,0,0,0,0
355.461,0.2059,0,0,0,0
355.493,0.2059,0,0,0,0
355.528,0.2059,0,0,0,0
355.560,0.2059,0,0,0,0
355.595,0.2059,0,0,0,0
355.627,0.2059,0,0,0,0
355.662,0.2059,0,0,0,0
355.695,0.2059,0,0,0,0
355.729,0.2059,0,0,0,0
355.762,0.2059,0,0,0,0
355.794,0.2059,0,0,0,0
355.828,0.2059,0,0,0,0
355.863,0.2059,0,0,0,0
355.894,0.2059,0,0,0,0
355.928,0.2059,0,0,0,0
355.961,0.2059,0,0,0,0
355.995,0.2059,0,0,0,0
356.028,0.2059,0,0,0,0
356.061,0.2059,0,0,0,0
356.095,0.2059,0,0,0,0
356.128,0.2059,0,0,0,0
356.161,0.2059,0,0,0,0
356.195,0.2059,0,0,0,0
356.228,0.2059,0,0,0,0
356.262,0.2059,0,0,0,0
356.294,0.2059,0,0,0,0
356.328,0.2059,0,0,0,0
356.361,0.2059,0,0,0,0
356.394,0.2059,0,0,0,0
356.428,0.2059,0,0,0,0
356.462,0.2059,0,0,0,0
356.495,0.2059,0,0,0,0
356.527,0.2059,0,0,0,0
356.560,0.2059,0,0,0,0
356.594,0.2059,0,0,0,0
356.629,0.2059,0,0,0,0
356.662,0.2059,0,0,0,0
356.694,0.2059,0,0,0,0
356.729,0.2059,0,0,0,0
356.760,0.2059,0,0,0,0
356.794,0.2059,0,0,0,0
356.829,0.2059,0,0,0,0
356.861,0.2059,0,0,0,0
356.894,0.2059,0,0,0,0
356.928,0.2059,0,0,0,0
356.962,0.2059,0,0,0,0
356.995,0.2059,0,0,0,0
357.027,0.2059,0,0,0,0
357.061,0.2059,0,0,0,0
357.094,0.2059,0,0,0,0
357.129,0.2059,0,0,0,0
357.161,0.2059,0,0,0,0
357.194,0.2059,0,0,0,0
357.227,0.2059,0,0,0,0
357.263,0.2059,0,0,0,0
357.295,0.2059,0,0,0,0
357.328,0.2059,0,0,0,0
357.360,0.2059,0,0,0,0
357.394,0.2059,0,0,0,0
357.428,0.2059,0,0,0,0
357.461,0.2059,0,0,0,0
357.495,0.2059,0,0,0,0
357.528,0.2059,0,0,0,0
357.561,0.2059,0,0,0,0
357.594,0.2059,0,0,0,0
357.627,0.2059,0,0,0,0
357.661,0.2059,0,0,0,0
357.695,0.2059,0,0,0,0
357.727,0.2059,0,0,0,0
357.762,0.2059,0,0,0,0
357.794,0.2059,0,0,0,0
357.827,0.2059,0,0,0,0
357.862,0.2059,0,0,0,0
357.894,0.2059,0,0,0,0
357.929,0.2059,0,0,0,0
357.961,0.2059,0,0,0,0
357.994,0.2059,0,0,0,0
358.027,0.2059,0,0,0,0
358.062,0.2059,0,0,0,0
358.095,0.2059,0,0,0,0
358.127,0.2059,0,0,0,0
358.160,0.2059,0,0,0,0
358.194,0.2059,0,0,0,0
358.227,0.2059,0,0,0,0
358.261,0.2059,0,0,0,0
358.294,0.2059,0,0,0,0
358.333,0.2059,0,0,0,0
358.361,0.2059,0,0,0,0
358.395,0.2059,0,0,0,0
358.428,0.2059,0,0,0,0
358.462,0.2059,0,0,0,0
358.494,0.2059,0,0,0,0
358.528,0.2059,0,0,0,0
358.562,0.2059,0,0,0,0
358.595,0.2059,0,0,0,0
358.627,0.2059,0,0,0,0
358.660,0.2059,0,0,0,0
358.694,0.2059,0,0,0,0
358.728,0.2059,0,0,0,0
358.761,0.2059,0,0,0,0
358.795,0.2059,0,0,0,0
358.828,0.2059,0,0,0,0
358.861,0.2059,0,0,0,0
358.894,0.2059,0,0,0,0
358.928,0.2059,0,0,0,0
358.961,0.2059,0,0,0,0
358.994,0.2059,0,0,0,0
359.029,0.2059,0,0,0,0
359.061,0.2059,0,0,0,0
359.095,0.2059,0,0,0,0
359.129,0.2059,0,0,0,0
359.162,0.2059,0,0,0,0
359.195,0.2059,0,0,0,0
359.227,0.2059,0,0,0,0
359.262,0.2059,0,0,0,0
359.294,0.2059,0,0,0,0
359.327,0.2059,0,0,0,0
359.361,0.2059,0,0,0,0
359.394,0.2059,0,0,0,0
359.429,0.2059,0,0,0,0
359.461,0.2059,0,0,0,0
359.494,0.2059,0,0,0,0
359.528,0.2059,0,0,0,0
359.562,0.2059,0,0,0,0
359.594,0.2059,0,0,0,0
359.628,0.2059,0,0,0,0
359.661,0.2059,0,0,0,0
359.694,0.2059,0,0,0,0
359.729,0.2059,0,0,0,0
359.762,0.2059,0,0,0,0
359.795,0.2059,0,0,0,0
359.827,0.2059,0,0,0,0
359.861,0.2059,0,0,0,0
359.894,0.2059,0,0,0,0
359.928,0.2059,0,0,0,0
359.960,0.2059,0,0,0,0
359.995,0.2059,0,0,0,0
360.027,0.2059,0,0,0,0
360.060,0.2059,0,0,0,0
360.094,0.2059,0,0,0,0
360.128,0.2059,0,0,0,0
360.162,0.2059,0,0,0,0
360.194,0.2059,0,0,0,0
360.227,0.2059,0,0,0,0
360.260,0.2059,0,0,0,0
360.295,0.2059,0,0,0,0
360.327,0.2059,0,0,0,0
360.362,0.2059,0,0,0,0
360.396,0.2059,0,0,0,0
360.429,0.2059,0,0,0,0
360.460,0.2059,0,0,0,0
360.495,0.2059,0,0,0,0
360.528,0.2059,0,0,0,0
360.562,0.2059,0,0,0,0
360.595,0.2059,0,0,0,0
360.627,0.2059,0,0,0,0
360.660,0.2059,0,0,0,0
360.696,0.2059,0,0,0,0
360.727,0.2059,0,0,0,0
360.761,0.2059,0,0,0,0
360.795,0.2059,0,0,0,0
360.827,0.2059,0,0,0,0
360.861,0.2059,0,0,0,0
360.894,0.2059,0,0,0,0
360.927,0.2059,0,0,0,0
360.962,0.2059,0,0,0,0
360.995,0.2059,0,0,0,0
361.028,0.2059,0,0,0,0
361.060,0.2059,0,0,0,0
361.093,0.2059,0,0,0,0
361.126,0.2059,0,0,0,0
361.160,0.2059,0,0,0,0
361.195,0.2059,0,0,0,0
361.226,0.2059,0,0,0,0
361.260,0.2059,0,0,0,0
361.296,0.2059,0,0,0,0
361.327,0.2059,0,0,0,0
361.361,0.2059,0,0,0,0
361.394,0.2059,0,0,0,0
361.428,0.2059,0,0,0,0
361.460,0.2059,0,0,0,0
361.494,0.2059,0,0,0,0
361.527,0.2059,0,0,0,0
361.561,0.2059,0,0,0,0
361.595,0.2059,0,0,0,0
361.627,0.2059,0,0,0,0
361.662,0.2059,0,0,0,0
361.695,0.2059,0,0,0,0
361.727,0.2059,0,0,0,0
361.761,0.2059,0,0,0,0
361.795,0.2059,0,0,0,0
361.828,0.2059,0,0,0,0
361.861,0.2059,0,0,0,0
361.895,0.2059,0,0,0,0
361.927,0.2059,0,0,0,0
361.962,0.2059,0,0,0,0
361.995,0.2059,0,0,0,0
362.028,0.2059,0,0,0,0
362.061,0.2059,0,0,0,0
362.095,0.2059,0,0,0,0
362.128,0.2059,0,0,0,0
362.162,0.2059,0,0,0,0
362.195,0.2059,0,0,0,0
362.227,0.2059,0,0,0,0
362.260,0.2059,0,0,0,0
362.295,0.2059,0,0,0,0
362.329,0.2059,0,0,0,0
362.361,0.2059,0,0,0,0
362.394,0.2059,0,0,0,0
362.428,0.2059,0,0,0,0
362.462,0.2059,0,0,0,0
362.495,0.2059,0,0,0,0
362.526,0.2059,0,0,0,0
362.561,0.2059,0,0,0,0
362.595,0.2059,0,0,0,0
362.628,0.2059,0,0,0,0
362.659,0.2059,0,0,0,0
362.695,0.2059,0,0,0,0
362.728,0.2059,0,0,0,0
362.762,0.2059,0,0,0,0
362.794,0.2059,0,0,0,0
362.827,0.2059,0,0,0,0
362.862,0.2059,0,0,0,0
362.896,0.2059,0,0,0,0
362.931,0.2059,0,0,0,0
362.957,0.2059,0,0,0,0
362.996,0.2059,0,0,0,0
363.028,0.2059,0,0,0,0
363.062,0.2059,0,0,0,0
363.094,0.2059,0,0,0,0
363.128,0.2059,0,0,0,0
363.160,0.2059,0,0,0,0
363.194,0.2059,0,0,0,0
363.229,0.2059,0,0,0,0
363.260,0.2059,0,0,0,0
363.295,0.2059,0,0,0,0
363.327,0.2059,0,0,0,0
363.361,0.2059,0,0,0,0
363.395,0.2059,0,0,0,0
363.428,0.2059,0,0,0,0
363.462,0.2059,0,0,0,0
363.494,0.2059,0,0,0,0
363.528,0.2059,0,0,0,0
363.563,0.2059,0,0,0,0
363.594,0.2059,0,0,0,0
363.629,0.2059,0,0,0,0
363.662,0.2059,0,0,0,0
363.695,0.2059,0,0,0,0
363.728,0.2059,0,0,0,0
363.762,0.2059,0,0,0,0
363.794,0.2059,0,0,0,0
363.828,0.2059,0,0,0,0
363.861,0.2059,0,0,0,0
363.894,0.2059,0,0,0,0
363.928,0.2059,0,0,0,0
363.963,0.2059,0,0,0,0
363.995,0.2059,0,0,0,0
364.027,0.2059,0,0,0,0
364.061,0.2059,0,0,0,0
364.095,0.2059,0,0,0,0
364.128,0.2059,0,0,0,0
364.162,0.2059,0,0,0,0
364.195,0.2059,0,0,0,0
364.228,0.2059,0,0,0,0
364.260,0.2059,0,0,0,0
364.294,0.2059,0,0,0,0
364.329,0.2059,0,0,0,0
364.362,0.2059,0,0,0,0
364.394,0.2059,0,0,0,0
364.428,0.2059,0,0,0,0
364.462,0.2059,0,0,0,0
364.494,0.2059,0,0,0,0
364.527,0.2059,0,0,0,0
364.561,0.2059,0,0,0,0
364.594,0.2059,0,0,0,0
364.627,0.2059,0,0,0,0
364.662,0.2059,0,0,0,0
364.693,0.2059,0,0,0,0
364.727,0.2059,0,0,0,0
364.761,0.2059,0,0,0,0
364.795,0.2059,0,0,0,0
364.827,0.2059,0,0,0,0
364.862,0.2059,0,0,0,0
364.895,0.2059,0,0,0,0
364.928,0.2059,0,0,0,0
364.962,0.2059,0,0,0,0
364.993,0.2059,0,0,0,0
365.028,0.2059,0,0,0,0
365.059,0.2059,0,0,0,0
365.094,0.2059,0,0,0,0
365.128,0.2059,0,0,0,0
365.160,0.2059,0,0,0,0
365.196,0.2059,0,0,0,0
365.227,0.2059,0,0,0,0
365.260,0.2059,0,0,0,0
365.293,0.2059,0,0,0,0
365.328,0.2059,0,0,0,0
365.360,0.2059,0,0,0,0
365.393,0.2059,0,0,0,0
365.429,0.2059,0,0,0,0
365.462,0.2059,0,0,0,0
365.493,0.2059,0,0,0,0
365.526,0.2059,0,0,0,0
365.562,0.2059,0,0,0,0
365.596,0.2059,0,0,0,0
365.628,0.2059,0,0,0,0
365.660,0.2059,0,0,0,0
365.693,0.2059,0,0,0,0
365.727,0.2059,0,0,0,0
365.760,0.2059,0,0,0,0
365.794,0.2059,0,0,0,0
365.829,0.2059,0,0,0,0
365.861,0.2059,0,0,0,0
365.895,0.2059,0,0,0,0
365.929,0.2059,0,0,0,0
365.960,0.2059,0,0,0,0
365.995,0.2059,0,0,0,0
366.027,0.2059,0,0,0,0
366.062,0.2059,0,0,0,0
366.093,0.2059,0,0,0,0
366.122,0.2059,0,0,0,0
366.160,0.2059,0,0,0,0
366.194,0.2059,0,0,0,0
366.226,0.2059,0,0,0,0
366.261,0.2059,0,0,0,0
366.293,0.2059,0,0,0,0
366.328,0.2059,0,0,0,0
366.361,0.2059,0,0,0,0
366.394,0.2059,0,0,0,0
366.427,0.2059,0,0,0,0
366.460,0.2059,0,0,0,0
366.494,0.2059,0,0,0,0
366.529,0.2059,0,0,0,0
366.563,0.2059,0,0,0,0
366.595,0.2059,0,0,0,0
366.629,0.2059,0,0,0,0
366.661,0.2059,0,0,0,0
366.696,0.2059,0,0,0,0
366.727,0.2059,0,0,0,0
366.761,0.2059,0,0,0,0
366.796,0.2059,0,0,0,0
366.828,0.2059,0,0,0,0
366.862,0.2059,0,0,0,0
366.897,0.2059,0,0,0,0
366.928,0.2059,0,0,0,0
366.961,0.2059,0,0,0,0
366.996,0.2059,0,0,0,0
367.028,0.2059,0,0,0,0
367.062,0.2059,0,0,0,0
367.096,0.2059,0,0,0,0
367.128,0.2059,0,0,0,0
367.160,0.2059,0,0,0,0
367.194,0.2059,0,0,0,0
367.229,0.2059,0,0,0,0
367.262,0.2059,0,0,0,0
367.294,0.2059,0,0,0,0
367.327,0.2059,0,0,0,0
367.361,0.2059,0,0,0,0
367.394,0.2059,0,0,0,0
367.429,0.2059,0,0,0,0
367.462,0.2059,0,0,0,0
367.495,0.2059,0,0,0,0
367.528,0.2059,0,0,0,0
367.561,0.2059,0,0,0,0
367.594,0.2059,0,0,0,0
367.627,0.2059,0,0,0,0
367.660,0.2059,0,0,0,0
367.695,0.2059,0,0,0,0
367.726,0.2059,0,0,0,0
367.760,0.2059,0,0,0,0
367.795,0.2059,0,0,0,0
367.828,0.2059,0,0,0,0
367.862,0.2059,0,0,0,0
367.894,0.2059,0,0,0,0
367.928,0.2059,0,0,0,0
367.960,0.2059,0,0,0,0
367.994,0.2059,0,0,0,0
368.028,0.2059,0,0,0,0
368.062,0.2059,0,0,0,0
368.096,0.2059,0,0,0,0
368.127,0.2059,0,0,0,0
368.160,0.2059,0,0,0,0
368.194,0.2059,0,0,0,0
368.230,0.2059,0,0,0,0
368.262,0.2059,0,0,0,0
368.293,0.2059,0,0,0,0
368.329,0.2059,0,0,0,0
368.361,0.2059,0,0,0,0
368.395,0.2059,0,0,0,0
368.428,0.2059,0,0,0,0
368.460,0.2059,0,0,0,0
368.494,0.2059,0,0,0,0
368.527,0.2059,0,0,0,0
368.562,0.2059,0,0,0,0
368.595,0.2059,0,0,0,0
368.629,0.2059,0,0,0,0
368.662,0.2059,0,0,0,0
368.695,0.2059,0,0,0,0
368.728,0.2059,0,0,0,0
368.762,0.2059,0,0,0,0
368.794,0.2059,0,0,0,0
368.826,0.2059,0,0,0,0
368.860,0.2059,0,0,0,0
368.895,0.2059,0,0,0,0
368.930,0.2059,0,0,0,0
368.962,0.2059,0,0,0,0
368.993,0.2059,0,0,0,0
369.026,0.2059,0,0,0,0
369.061,0.2059,0,0,0,0
369.095,0.2059,0,0,0,0
369.129,0.2059,0,0,0,0
369.161,0.2059,0,0,0,0
369.194,0.2059,0,0,0,0
369.227,0.2059,0,0,0,0
369.261,0.2059,0,0,0,0
369.293,0.2059,0,0,0,0
369.335,0.2059,0,0,0,0
369.361,0.2059,0,0,0,0
369.396,0.2059,0,0,0,0
369.429,0.2059,0,0,0,0
369.461,0.2059,0,0,0,0
369.495,0.2059,0,0,0,0
369.527,0.2059,0,0,0,0
369.561,0.2059,0,0,0,0
369.594,0.2059,0,0,0,0
369.627,0.2059,0,0,0,0
369.662,0.2059,0,0,0,0
369.694,0.2059,0,0,0,0
369.727,0.2059,0,0,0,0
369.762,0.2059,0,0,0,0
369.795,0.2059,0,0,0,0
369.827,0.2059,0,0,0,0
369.861,0.2059,0,0,0,0
369.896,0.2059,0,0,0,0
369.928,0.2059,0,0,0,0
369.961,0.2059,0,0,0,0
369.994,0.2059,0,0,0,0
370.027,0.2059,0,0,0,0
370.062,0.2059,0,0,0,0
370.095,0.2059,0,0,0,0
370.127,0.2059,0,0,0,0
370.160,0.2059,0,0,0,0
370.194,0.2059,0,0,0,0
370.226,0.2059,0,0,0,0
370.260,0.2059,0,0,0,0
370.293,0.2059,0,0,0,0
370.327,0.2059,0,0,0,0
370.360,0.2059,0,0,0,0
370.396,0.2059,0,0,0,0
370.427,0.2059,0,0,0,0
370.461,0.2059,0,0,0,0
370.495,0.2059,0,0,0,0
370.529,0.2059,0,0,0,0
370.561,0.2059,0,0,0,0
370.595,0.2059,0,0,0,0
370.627,0.2059,0,0,0,0
370.661,0.2059,0,0,0,0
370.695,0.2059,0,0,0,0
370.728,0.2059,0,0,0,0
370.763,0.2059,0,0,0,0
370.794,0.2059,0,0,0,0
370.828,0.2059,0,0,0,0
370.862,0.2059,0,0,0,0
370.893,0.2059,0,0,0,0
370.928,0.2059,0,0,0,0
370.960,0.2059,0,0,0,0
370.994,0.2059,0,0,0,0
371.028,0.2059,0,0,0,0
371.062,0.2059,0,0,0,0
371.093,0.2059,0,0,0,0
371.127,0.2059,0,0,0,0
371.161,0.2059,0,0,0,0
371.195,0.2059,0,0,0,0
371.228,0.2059,0,0,0,0
371.261,0.2059,0,0,0,0
371.296,0.2059,0,0,0,0
371.327,0.2059,0,0,0,0
371.361,0.2059,0,0,0,0
371.395,0.2059,0,0,0,0
371.428,0.2059,0,0,0,0
371.462,0.2059,0,0,0,0
371.494,0.2059,0,0,0,0
371.527,0.2059,0,0,0,0
371.562,0.2059,0,0,0,0
371.593,0.2059,0,0,0,0
371.628,0.2059,0,0,0,0
371.660,0.2059,0,0,0,0
371.694,0.2059,0,0,0,0
371.728,0.2059,0,0,0,0
371.763,0.2059,0,0,0,0
371.793,0.2059,0,0,0,0
371.826,0.2059,0,0,0,0
371.861,0.2059,0,0,0,0
371.895,0.2059,0,0,0,0
371.929,0.2059,0,0,0,0
371.961,0.2059,0,0,0,0
371.994,0.2059,0,0,0,0
372.029,0.2059,0,0,0,0
372.062,0.2059,0,0,0,0
372.095,0.2059,0,0,0,0
372.127,0.2059,0,0,0,0
372.161,0.2059,0,0,0,0
372.196,0.2059,0,0,0,0
372.228,0.2059,0,0,0,0
372.261,0.2059,0,0,0,0
372.293,0.2059,0,0,0,0
372.328,0.2059,0,0,0,0
372.360,0.2059,0,0,0,0
372.395,0.2059,0,0,0,0
372.427,0.2059,0,0,0,0
372.461,0.2059,0,0,0,0
372.493,0.2059,0,0,0,0
372.527,0.2059,0,0,0,0
372.560,0.2059,0,0,0,0
372.595,0.2059,0,0,0,0
372.629,0.2059,0,0,0,0
372.663,0.2059,0,0,0,0
372.694,0.2059,0,0,0,0
372.727,0.2059,0,0,0,0
372.761,0.2059,0,0,0,0
372.795,0.2059,0,0,0,0
372.828,0.2059,0,0,0,0
372.863,0.2059,0,0,0,0
372.893,0.2059,0,0,0,0
372.927,0.2059,0,0,0,0
372.963,0.2059,0,0,0,0
372.993,0.2059,0,0,0,0
373.027,0.2059,0,0,0,0
373.062,0.2059,0,0,0,0
373.095,0.2059,0,0,0,0
373.127,0.2059,0,0,0,0
373.160,0.2059,0,0,0,0
373.195,0.2059,0,0,0,0
373.227,0.2059,0,0,0,0
373.262,0.2059,0,0,0,0
373.296,0.2059,0,0,0,0
373.328,0.2059,0,0,0,0
373.359,0.2059,0,0,0,0
373.394,0.2059,0,0,0,0
373.429,0.2059,0,0,0,0
373.461,0.2059,0,0,0,0
373.494,0.2059,0,0,0,0
373.529,0.2059,0,0,0,0
373.561,0.2059,0,0,0,0
373.594,0.2059,0,0,0,0
373.629,0.2059,0,0,0,0
373.660,0.2059,0,0,0,0
373.694,0.2059,0,0,0,0
373.727,0.2059,0,0,0,0
373.765,0.2059,0,0,0,0
373.793,0.2059,0,0,0,0
373.826,0.2059,0,0,0,0
373.862,0.2059,0,0,0,0
373.893,0.2059,0,0,0,0
373.929,0.2059,0,0,0,0
373.961,0.2059,0,0,0,0
373.993,0.2059,0,0,0,0
374.027,0.2059,0,0,0,0
374.060,0.2059,0,0,0,0
374.093,0.2059,0,0,0,0
374.127,0.2059,0,0,0,0
374.159,0.2059,0,0,0,0
374.196,0.2059,0,0,0,0
374.227,0.2059,0,0,0,0
374.261,0.2059,0,0,0,0
374.293,0.2059,0,0,0,0
374.329,0.2059,0,0,0,0
374.360,0.2059,0,0,0,0
374.395,0.2059,0,0,0,0
374.427,0.2059,0,0,0,0
374.460,0.2059,0,0,0,0
374.494,0.2059,0,0,0,0
374.527,0.2059,0,0,0,0
374.559,0.2059,0,0,0,0
374.593,0.2059,0,0,0,0
374.627,0.2059,0,0,0,0
374.661,0.2059,0,0,0,0
374.693,0.2059,0,0,0,0
374.727,0.2059,0,0,0,0
374.761,0.2059,0,0,0,0
374.795,0.2059,0,0,0,0
374.828,0.2059,0,0,0,0
374.861,0.2059,0,0,0,0
374.895,0.2059,0,0,0,0
374.925,0.2059,0,0,0,0
374.960,0.2059,0,0,0,0
374.994,0.2059,0,0,0,0
375.028,0.2059,0,0,0,0
375.062,0.2059,0,0,0,0
375.094,0.2059,0,0,0,0
375.128,0.2059,0,0,0,0
375.161,0.2059,0,0,0,0
375.196,0.2059,0,0,0,0
375.227,0.2059,0,0,0,0
375.260,0.2059,0,0,0,0
375.294,0.2059,0,0,0,0
375.327,0.2059,0,0,0,0
375.360,0.2059,0,0,0,0
375.393,0.2059,0,0,0,0
375.426,0.2059,0,0,0,0
375.461,0.2059,0,0,0,0
375.494,0.2059,0,0,0,0
375.529,0.2059,0,0,0,0
375.562,0.2059,0,0,0,0
375.594,0.2059,0,0,0,0
375.627,0.2059,0,0,0,0
375.662,0.2059,0,0,0,0
375.694,0.2059,0,0,0,0
375.727,0.2059,0,0,0,0
375.762,0.2059,0,0,0,0
375.795,0.2059,0,0,0,0
375.829,0.2059,0,0,0,0
375.861,0.2059,0,0,0,0
375.894,0.2059,0,0,0,0
375.927,0.2059,0,0,0,0
375.961,0.2059,0,0,0,0
375.995,0.2059,0,0,0,0
376.027,0.2059,0,0,0,0
376.060,0.2059,0,0,0,0
376.094,0.2059,0,0,0,0
376.128,0.2059,0,0,0,0
376.162,0.2059,0,0,0,0
376.194,0.2059,0,0,0,0
376.227,0.2059,0,0,0,0
376.264,0.2059,0,0,0,0
376.292,0.2059,0,0,0,0
376.327,0.2059,0,0,0,0
376.360,0.2059,0,0,0,0
376.395,0.2059,0,0,0,0
376.428,0.2059,0,0,0,0
376.460,0.2059,0,0,0,0
376.495,0.2059,0,0,0,0
376.527,0.2059,0,0,0,0
376.562,0.2059,0,0,0,0
376.596,0.2059,0,0,0,0
376.628,0.2059,0,0,0,0
376.662,0.2059,0,0,0,0
376.695,0.2059,0,0,0,0
376.727,0.2059,0,0,0,0
376.762,0.2059,0,0,0,0
376.794,0.2059,0,0,0,0
376.829,0.2059,0,0,0,0
376.859,0.2059,0,0,0,0
376.895,0.2059,0,0,0,0
376.927,0.2059,0,0,0,0
376.962,0.2059,0,0,0,0
376.996,0.2059,0,0,0,0
377.030,0.2059,0,0,0,0
377.063,0.2059,0,0,0,0
377.096,0.2059,0,0,0,0
377.129,0.2059,0,0,0,0
377.161,0.2059,0,0,0,0
377.196,0.2059,0,0,0,0
377.228,0.2059,0,0,0,0
377.262,0.2059,0,0,0,0
377.294,0.2059,0,0,0,0
377.329,0.2059,0,0,0,0
377.361,0.2059,0,0,0,0
377.393,0.2059,0,0,0,0
377.429,0.2059,0,0,0,0
377.462,0.2059,0,0,0,0
377.499,0.2059,0,0,0,0
377.523,0.2059,0,0,0,0
377.563,0.2059,0,0,0,0
377.593,0.2059,0,0,0,0
377.629,0.2059,0,0,0,0
377.662,0.2059,0,0,0,0
377.693,0.2059,0,0,0,0
377.729,0.2059,0,0,0,0
377.761,0.2059,0,0,0,0
377.794,0.2059,0,0,0,0
377.830,0.2059,0,0,0,0
377.859,0.2059,0,0,0,0
377.895,0.2059,0,0,0,0
377.929,0.2059,0,0,0,0
377.960,0.2059,0,0,0,0
377.993,0.2059,0,0,0,0
378.029,0.2059,0,0,0,0
378.062,0.2059,0,0,0,0
378.094,0.2059,0,0,0,0
378.131,0.2059,0,0,0,0
378.163,0.2059,0,0,0,0
378.193,0.2059,0,0,0,0
378.227,0.2059,0,0,0,0
378.262,0.2059,0,0,0,0
378.294,0.2059,0,0,0,0
378.330,0.2059,0,0,0,0
378.361,0.2059,0,0,0,0
378.393,0.2059,0,0,0,0
378.430,0.2059,0,0,0,0
378.462,0.2059,0,0,0,0
378.495,0.2059,0,0,0,0
378.528,0.2059,0,0,0,0
378.561,0.2059,0,0,0,0
378.596,0.2059,0,0,0,0
378.629,0.2059,0,0,0,0
378.660,0.2059,0,0,0,0
378.694,0.2059,0,0,0,0
378.730,0.2059,0,0,0,0
378.761,0.2059,0,0,0,0
378.793,0.2059,0,0,0,0
378.826,0.2059,0,0,0,0
378.862,0.2059,0,0,0,0
378.895,0.2059,0,0,0,0
378.922,0.2059,0,0,0,0
378.960,0.2059,0,0,0,0
378.994,0.2059,0,0,0,0
379.027,0.2059,0,0,0,0
379.063,0.2059,0,0,0,0
379.094,0.2059,0,0,0,0
379.130,0.2059,0,0,0,0
379.162,0.2059,0,0,0,0
379.195,0.2059,0,0,0,0
379.229,0.2059,0,0,0,0
379.262,0.2059,0,0,0,0
379.295,0.2059,0,0,0,0
379.329,0.2059,0,0,0,0
379.361,0.2059,0,0,0,0
379.396,0.2059,0,0,0,0
379.427,0.2059,0,0,0,0
379.461,0.2059,0,0,0,0
379.496,0.2059,0,0,0,0
379.529,0.2059,0,0,0,0
379.563,0.2059,0,0,0,0
379.594,0.2059,0,0,0,0
379.627,0.2059,0,0,0,0
379.661,0.2059,0,0,0,0
379.695,0.2059,0,0,0,0
379.729,0.2059,0,0,0,0
379.760,0.2059,0,0,0,0
379.795,0.2059,0,0,0,0
379.827,0.2059,0,0,0,0
379.862,0.2059,0,0,0,0
379.894,0.2059,0,0,0,0
379.929,0.2059,0,0,0,0
379.964,0.2059,0,0,0,0
379.993,0.2059,0,0,0,0
380.029,0.2059,0,0,0,0
380.060,0.2059,0,0,0,0
380.096,0.2059,0,0,0,0
380.128,0.2059,0,0,0,0
380.162,0.2059,0,0,0,0
380.195,0.2059,0,0,0,0
380.227,0.2059,0,0,0,0
380.260,0.2059,0,0,0,0
380.293,0.2059,0,0,0,0
380.327,0.2059,0,0,0,0
380.361,0.2059,0,0,0,0
380.393,0.2059,0,0,0,0
380.430,0.2059,0,0,0,0
380.463,0.2059,0,0,0,0
380.495,0.2059,0,0,0,0
380.526,0.2059,0,0,0,0
380.560,0.2059,0,0,0,0
380.594,0.2059,0,0,0,0
380.627,0.2059,0,0,0,0
380.659,0.2059,0,0,0,0
380.695,0.2059,0,0,0,0
380.727,0.2059,0,0,0,0
380.759,0.2059,0,0,0,0
380.797,0.2059,0,0,0,0
380.830,0.2059,0,0,0,0
380.860,0.2059,0,0,0,0
380.897,0.2059,0,0,0,0
380.929,0.2059,0,0,0,0
380.960,0.2059,0,0,0,0
380.992,0.2059,0,0,0,0
381.027,0.2059,0,0,0,0
381.060,0.2059,0,0,0,0
381.093,0.2059,0,0,0,0
381.127,0.2059,0,0,0,0
381.163,0.2059,0,0,0,0
381.195,0.2059,0,0,0,0
381.228,0.2059,0,0,0,0
381.263,0.2059,0,0,0,0
381.296,0.2059,0,0,0,0
381.330,0.2059,0,0,0,0
381.363,0.2059,0,0,0,0
381.395,0.2059,0,0,0,0
381.428,0.2059,0,0,0,0
381.460,0.2059,0,0,0,0
381.495,0.2059,0,0,0,0
381.527,0.2059,0,0,0,0
381.560,0.2059,0,0,0,0
381.596,0.2059,0,0,0,0
381.627,0.2059,0,0,0,0
381.662,0.2059,0,0,0,0
381.694,0.2059,0,0,0,0
381.729,0.2059,0,0,0,0
381.760,0.2059,0,0,0,0
381.794,0.2059,0,0,0,0
381.829,0.2059,0,0,0,0
381.862,0.2059,0,0,0,0
381.894,0.2059,0,0,0,0
381.927,0.2059,0,0,0,0
381.959,0.2059,0,0,0,0
381.996,0.2059,0,0,0,0
382.027,0.2059,0,0,0,0
382.063,0.2059,0,0,0,0
382.096,0.2059,0,0,0,0
382.129,0.2059,0,0,0,0
382.161,0.2059,0,0,0,0
382.195,0.2059,0,0,0,0
382.228,0.2059,0,0,0,0
382.263,0.2059,0,0,0,0
382.296,0.2059,0,0,0,0
382.326,0.2059,0,0,0,0
382.360,0.2059,0,0,0,0
382.395,0.2059,0,0,0,0
382.428,0.2059,0,0,0,0
382.459,0.2059,0,0,0,0
382.493,0.2059,0,0,0,0
382.531,0.2059,0,0,0,0
382.561,0.2059,0,0,0,0
382.594,0.2059,0,0,0,0
382.626,0.2059,0,0,0,0
382.660,0.2059,0,0,0,0
382.695,0.2059,0,0,0,0
382.727,0.2059,0,0,0,0
382.760,0.2059,0,0,0,0
382.793,0.2059,0,0,0,0
382.828,0.2059,0,0,0,0
382.862,0.2059,0,0,0,0
382.894,0.2059,0,0,0,0
382.929,0.2059,0,0,0,0
382.961,0.2059,0,0,0,0
382.991,0.2059,0,0,0,0
383.027,0.2059,0,0,0,0
383.062,0.2059,0,0,0,0
383.094,0.2059,0,0,0,0
383.127,0.2059,0,0,0,0
383.158,0.2059,0,0,0,0
383.197,0.2059,0,0,0,0
383.228,0.2059,0,0,0,0
383.262,0.2059,0,0,0,0
383.294,0.2059,0,0,0,0
383.329,0.2059,0,0,0,0
383.360,0.2059,0,0,0,0
383.432,0.2059,0,0,0,0
383.446,0.2059,0,0,0,0
383.473,0.2059,0,0,0,0
383.504,0.2059,0,0,0,0
383.537,0.2059,0,0,0,0
383.572,0.2059,0,0,0,0
383.604,0.2059,0,0,0,0
383.638,0.2059,0,0,0,0
383.668,0.2059,0,0,0,0
383.706,0.2059,0,0,0,0
383.740,0.2059,0,0,0,0
383.769,0.2059,0,0,0,0
383.803,0.2059,0,0,0,0
383.837,0.2059,0,0,0,0
383.869,0.2059,0,0,0,0
383.911,0.2059,0,0,0,0
383.938,0.2059,0,0,0,0
383.970,0.2059,0,0,0,0
384.003,0.2059,0,0,0,0
384.035,0.2059,0,0,0,0
384.070,0.2059,0,0,0,0
384.106,0.2059,0,0,0,0
384.138,0.2059,0,0,0,0
384.169,0.2059,0,0,0,0
384.204,0.2059,0,0,0,0
384.238,0.2059,0,0,0,0
384.270,0.2059,0,0,0,0
384.303,0.2059,0,0,0,0
384.335,0.2059,0,0,0,0
384.369,0.2059,0,0,0,0
384.402,0.2059,0,0,0,0
384.435,0.2059,0,0,0,0
384.471,0.2059,0,0,0,0
384.504,0.2059,0,0,0,0
384.537,0.2059,0,0,0,0
384.572,0.2059,0,0,0,0
384.602,0.2059,0,0,0,0
384.635,0.2059,0,0,0,0
384.669,0.2059,0,0,0,0
384.704,0.2059,0,0,0,0
384.735,0.2059,0,0,0,0
384.769,0.2059,0,0,0,0
384.802,0.2059,0,0,0,0
384.835,0.2059,0,0,0,0
384.871,0.2059,0,0,0,0
384.903,0.2059,0,0,0,0
384.938,0.2059,0,0,0,0
384.972,0.2059,0,0,0,0
385.001,0.2059,0,0,0,0
385.034,0.2059,0,0,0,0
385.070,0.2059,0,0,0,0
385.102,0.2059,0,0,0,0
385.135,0.2059,0,0,0,0
385.168,0.2059,0,0,0,0
385.204,0.2059,0,0,0,0
385.234,0.2059,0,0,0,0
385.270,0.2059,0,0,0,0
385.301,0.2059,0,0,0,0
385.336,0.2059,0,0,0,0
385.369,0.2059,0,0,0,0
385.402,0.2059,0,0,0,0
385.435,0.2059,0,0,0,0
385.469,0.2059,0,0,0,0
385.503,0.2059,0,0,0,0
385.534,0.2059,0,0,0,0
385.567,0.2059,0,0,0,0
385.602,0.2059,0,0,0,0
385.635,0.2059,0,0,0,0
385.670,0.2059,0,0,0,0
385.703,0.2059,0,0,0,0
385.738,0.2059,0,0,0,0
385.768,0.2059,0,0,0,0
385.801,0.2059,0,0,0,0
385.836,0.2059,0,0,0,0
385.869,0.2059,0,0,0,0
385.901,0.2059,0,0,0,0
385.935,0.2059,0,0,0,0
385.969,0.2059,0,0,0,0
386.004,0.2059,0,0,0,0
386.035,0.2059,0,0,0,0
386.068,0.2059,0,0,0,0
386.101,0.2059,0,0,0,0
386.137,0.2059,0,0,0,0
386.172,0.2059,0,0,0,0
386.206,0.2059,0,0,0,0
386.235,0.2059,0,0,0,0
386.269,0.2059,0,0,0,0
386.304,0.2059,0,0,0,0
386.336,0.2059,0,0,0,0
386.371,0.2059,0,0,0,0
386.405,0.2059,0,0,0,0
386.436,0.2059,0,0,0,0
386.471,0.2059,0,0,0,0
386.503,0.2059,0,0,0,0
386.537,0.2059,0,0,0,0
386.569,0.2059,0,0,0,0
386.602,0.2059,0,0,0,0
386.636,0.2059,0,0,0,0
386.668,0.2059,0,0,0,0
386.704,0.2059,0,0,0,0
386.737,0.2059,0,0,0,0
386.768,0.2059,0,0,0,0
386.805,0.2059,0,0,0,0
386.837,0.2059,0,0,0,0
386.871,0.2059,0,0,0,0
386.901,0.2059,0,0,0,0
386.936,0.2059,0,0,0,0
386.970,0.2059,0,0,0,0
387.004,0.2059,0,0,0,0
387.036,0.2059,0,0,0,0
387.068,0.2059,0,0,0,0
387.103,0.2059,0,0,0,0
387.136,0.2059,0,0,0,0
387.170,0.2059,0,0,0,0
387.203,0.2059,0,0,0,0
387.236,0.2059,0,0,0,0
387.268,0.2059,0,0,0,0
387.305,0.2059,0,0,0,0
387.338,0.2059,0,0,0,0
387.370,0.2059,0,0,0,0
387.403,0.2059,0,0,0,0
387.438,0.2059,0,0,0,0
387.471,0.2059,0,0,0,0
387.501,0.2059,0,0,0,0
387.538,0.2059,0,0,0,0
387.570,0.2059,0,0,0,0
387.601,0.2059,0,0,0,0
387.634,0.2059,0,0,0,0
387.670,0.2059,0,0,0,0
387.702,0.2059,0,0,0,0
387.737,0.2059,0,0,0,0
387.770,0.2059,0,0,0,0
387.804,0.2059,0,0,0,0
387.835,0.2059,0,0,0,0
387.870,0.2059,0,0,0,0
387.902,0.2059,0,0,0,0
387.935,0.2059,0,0,0,0
387.969,0.2059,0,0,0,0
388.004,0.2059,0,0,0,0
388.035,0.2059,0,0,0,0
388.072,0.2059,0,0,0,0
388.105,0.2059,0,0,0,0
388.136,0.2059,0,0,0,0
388.168,0.2059,0,0,0,0
388.203,0.2059,0,0,0,0
388.235,0.2059,0,0,0,0
388.271,0.2059,0,0,0,0
388.306,0.2059,0,0,0,0
388.338,0.2059,0,0,0,0
388.368,0.2059,0,0,0,0
388.403,0.2059,0,0,0,0
388.437,0.2059,0,0,0,0
388.470,0.2059,0,0,0,0
388.505,0.2059,0,0,0,0
388.538,0.2059,0,0,0,0
388.569,0.2059,0,0,0,0
388.601,0.2059,0,0,0,0
388.637,0.2059,0,0,0,0
388.670,0.2059,0,0,0,0
388.704,0.2059,0,0,0,0
388.736,0.2059,0,0,0,0
388.768,0.2059,0,0,0,0
388.802,0.2059,0,0,0,0
388.835,0.2059,0,0,0,0
388.870,0.2059,0,0,0,0
388.904,0.2059,0,0,0,0
388.936,0.2059,0,0,0,0
388.969,0.2059,0,0,0,0
389.002,0.2059,0,0,0,0
389.038,0.2059,0,0,0,0
389.071,0.2059,0,0,0,0
389.102,0.2059,0,0,0,0
389.138,0.2059,0,0,0,0
389.169,0.2059,0,0,0,0
389.202,0.2059,0,0,0,0
389.236,0.2059,0,0,0,0
389.268,0.2059,0,0,0,0
389.302,0.2059,0,0,0,0
389.335,0.2059,0,0,0,0
389.372,0.2059,0,0,0,0
389.405,0.2059,0,0,0,0
389.435,0.2059,0,0,0,0
389.468,0.2059,0,0,0,0
389.505,0.2059,0,0,0,0
389.535,0.2059,0,0,0,0
389.571,0.2059,0,0,0,0
389.603,0.2059,0,0,0,0
389.638,0.2059,0,0,0,0
389.663,0.2059,0,0,0,0
389.705,0.2059,0,0,0,0
389.735,0.2059,0,0,0,0
389.771,0.2059,0,0,0,0
389.803,0.2059,0,0,0,0
389.834,0.2059,0,0,0,0
389.870,0.2059,0,0,0,0
389.901,0.2059,0,0,0,0
389.936,0.2059,0,0,0,0
389.968,0.2059,0,0,0,0
390.002,0.2059,0,0,0,0
390.034,0.2059,0,0,0,0
390.071,0.2059,0,0,0,0
390.105,0.2059,0,0,0,0
390.138,0.2059,0,0,0,0
390.168,0.2059,0,0,0,0
390.201,0.2059,0,0,0,0
390.236,0.2059,0,0,0,0
390.268,0.2059,0,0,0,0
390.303,0.2059,0,0,0,0
390.335,0.2059,0,0,0,0
390.371,0.2059,0,0,0,0
390.403,0.2059,0,0,0,0
390.438,0.2059,0,0,0,0
390.469,0.2059,0,0,0,0
390.503,0.2059,0,0,0,0
390.536,0.2059,0,0,0,0
390.571,0.2059,0,0,0,0
390.603,0.2059,0,0,0,0
390.635,0.2059,0,0,0,0
390.670,0.2059,0,0,0,0
390.704,0.2059,0,0,0,0
390.737,0.2059,0,0,0,0
390.771,0.2059,0,0,0,0
390.802,0.2059,0,0,0,0
390.838,0.2059,0,0,0,0
390.870,0.2059,0,0,0,0
390.904,0.2059,0,0,0,0
390.934,0.2059,0,0,0,0
390.971,0.2059,0,0,0,0
391.005,0.2059,0,0,0,0
391.035,0.2059,0,0,0,0
391.070,0.2059,0,0,0,0
391.103,0.2059,0,0,0,0
391.137,0.2059,0,0,0,0
391.172,0.2059,0,0,0,0
391.201,0.2059,0,0,0,0
391.237,0.2059,0,0,0,0
391.269,0.2059,0,0,0,0
391.304,0.2059,0,0,0,0
391.336,0.2059,0,0,0,0
391.368,0.2059,0,0,0,0
391.400,0.2059,0,0,0,0
391.434,0.2059,0,0,0,0
391.471,0.2059,0,0,0,0
391.505,0.2059,0,0,0,0
391.536,0.2059,0,0,0,0
391.569,0.2059,0,0,0,0
391.605,0.2059,0,0,0,0
391.636,0.2059,0,0,0,0
391.668,0.2059,0,0,0,0
391.702,0.2059,0,0,0,0
391.735,0.2059,0,0,0,0
391.769,0.2059,0,0,0,0
391.803,0.2059,0,0,0,0
391.838,0.2059,0,0,0,0
391.869,0.2059,0,0,0,0
391.905,0.2059,0,0,0,0
391.935,0.2059,0,0,0,0
391.969,0.2059,0,0,0,0
392.002,0.2059,0,0,0,0
392.039,0.2059,0,0,0,0
392.068,0.2059,0,0,0,0
392.102,0.2059,0,0,0,0
392.138,0.2059,0,0,0,0
392.169,0.2059,0,0,0,0
392.203,0.2059,0,0,0,0
392.234,0.2059,0,0,0,0
392.272,0.2059,0,0,0,0
392.304,0.2059,0,0,0,0
392.336,0.2059,0,0,0,0
392.369,0.2059,0,0,0,0
392.404,0.2059,0,0,0,0
392.437,0.2059,0,0,0,0
392.473,0.2059,0,0,0,0
392.502,0.2059,0,0,0,0
392.538,0.2059,0,0,0,0
392.570,0.2059,0,0,0,0
392.603,0.2059,0,0,0,0
392.636,0.2059,0,0,0,0
392.668,0.2059,0,0,0,0
392.705,0.2059,0,0,0,0
392.735,0.2059,0,0,0,0
392.769,0.2059,0,0,0,0
392.805,0.2059,0,0,0,0
392.838,0.2059,0,0,0,0
392.868,0.2059,0,0,0,0
392.903,0.2059,0,0,0,0
392.934,0.2059,0,0,0,0
392.971,0.2059,0,0,0,0
393.005,0.2059,0,0,0,0
393.036,0.2059,0,0,0,0
393.068,0.2059,0,0,0,0
393.102,0.2059,0,0,0,0
393.136,0.2059,0,0,0,0
393.169,0.2059,0,0,0,0
393.202,0.2059,0,0,0,0
393.238,0.2059,0,0,0,0
393.268,0.2059,0,0,0,0
393.306,0.2059,0,0,0,0
393.338,0.2059,0,0,0,0
393.369,0.2059,0,0,0,0
393.404,0.2059,0,0,0,0
393.436,0.2059,0,0,0,0
393.472,0.2059,0,0,0,0
393.503,0.2059,0,0,0,0
393.538,0.2059,0,0,0,0
393.570,0.2059,0,0,0,0
393.602,0.2059,0,0,0,0
393.639,0.2059,0,0,0,0
393.671,0.2059,0,0,0,0
393.704,0.2059,0,0,0,0
393.736,0.2059,0,0,0,0
393.771,0.2059,0,0,0,0
393.802,0.2059,0,0,0,0
393.838,0.2059,0,0,0,0
393.870,0.2059,0,0,0,0
393.905,0.2059,0,0,0,0
393.936,0.2059,0,0,0,0
393.968,0.2059,0,0,0,0
394.001,0.2059,0,0,0,0
394.036,0.2059,0,0,0,0
394.072,0.2059,0,0,0,0
394.102,0.2059,0,0,0,0
394.138,0.2059,0,0,0,0
394.169,0.2059,0,0,0,0
394.202,0.2059,0,0,0,0
394.236,0.2059,0,0,0,0
394.269,0.2059,0,0,0,0
394.305,0.2059,0,0,0,0
394.336,0.2059,0,0,0,0
394.368,0.2059,0,0,0,0
394.403,0.2059,0,0,0,0
394.438,0.2059,0,0,0,0
394.470,0.2059,0,0,0,0
394.503,0.2059,0,0,0,0
394.536,0.2059,0,0,0,0
394.568,0.2059,0,0,0,0
394.601,0.2059,0,0,0,0
394.639,0.2059,0,0,0,0
394.671,0.2059,0,0,0,0
394.701,0.2059,0,0,0,0
394.738,0.2059,0,0,0,0
394.770,0.2059,0,0,0,0
394.802,0.2059,0,0,0,0
394.837,0.2059,0,0,0,0
394.869,0.2059,0,0,0,0
394.902,0.2059,0,0,0,0
394.936,0.2059,0,0,0,0
394.968,0.2059,0,0,0,0
395.005,0.2059,0,0,0,0
395.037,0.2059,0,0,0,0
395.071,0.2059,0,0,0,0
395.101,0.2059,0,0,0,0
395.137,0.2059,0,0,0,0
395.169,0.2059,0,0,0,0
395.202,0.2059,0,0,0,0
395.241,0.2059,0,0,0,0
395.269,0.2059,0,0,0,0
395.303,0.2059,0,0,0,0
395.337,0.2059,0,0,0,0
395.371,0.2059,0,0,0,0
395.404,0.2059,0,0,0,0
395.438,0.2059,0,0,0,0
395.471,0.2059,0,0,0,0
395.501,0.2059,0,0,0,0
395.536,0.2059,0,0,0,0
395.571,0.2059,0,0,0,0
395.605,0.2059,0,0,0,0
395.637,0.2059,0,0,0,0
395.668,0.2059,0,0,0,0
395.705,0.2059,0,0,0,0
395.735,0.2059,0,0,0,0
395.770,0.2059,0,0,0,0
395.802,0.2059,0,0,0,0
395.836,0.2059,0,0,0,0
395.871,0.2059,0,0,0,0
395.902,0.2059,0,0,0,0
395.936,0.2059,0,0,0,0
395.971,0.2059,0,0,0,0
396.001,0.2059,0,0,0,0
396.036,0.2059,0,0,0,0
396.068,0.2059,0,0,0,0
396.103,0.2059,0,0,0,0
396.135,0.2059,0,0,0,0
396.169,0.2059,0,0,0,0
396.202,0.2059,0,0,0,0
396.237,0.2059,0,0,0,0
396.269,0.2059,0,0,0,0
396.303,0.2059,0,0,0,0
396.338,0.2059,0,0,0,0
396.368,0.2059,0,0,0,0
396.403,0.2059,0,0,0,0
396.436,0.2059,0,0,0,0
396.472,0.2059,0,0,0,0
396.505,0.2059,0,0,0,0
396.538,0.2059,0,0,0,0
396.572,0.2059,0,0,0,0
396.604,0.2059,0,0,0,0
396.638,0.2059,0,0,0,0
396.671,0.2059,0,0,0,0
396.702,0.2059,0,0,0,0
396.736,0.2059,0,0,0,0
396.769,0.2059,0,0,0,0
396.803,0.2059,0,0,0,0
396.838,0.2059,0,0,0,0
396.872,0.2059,0,0,0,0
396.901,0.2059,0,0,0,0
396.935,0.2059,0,0,0,0
396.971,0.2059,0,0,0,0
397.002,0.2059,0,0,0,0
397.035,0.2059,0,0,0,0
397.071,0.2059,0,0,0,0
397.105,0.2059,0,0,0,0
397.137,0.2059,0,0,0,0
397.169,0.2059,0,0,0,0
397.205,0.2059,0,0,0,0
397.236,0.2059,0,0,0,0
397.271,0.2059,0,0,0,0
397.301,0.2059,0,0,0,0
397.337,0.2059,0,0,0,0
397.368,0.2059,0,0,0,0
397.404,0.2059,0,0,0,0
397.436,0.2059,0,0,0,0
397.468,0.2059,0,0,0,0
397.504,0.2059,0,0,0,0
397.536,0.2059,0,0,0,0
397.568,0.2059,0,0,0,0
397.602,0.2059,0,0,0,0
397.635,0.2059,0,0,0,0
397.671,0.2059,0,0,0,0
397.701,0.2059,0,0,0,0
397.736,0.2059,0,0,0,0
397.769,0.2059,0,0,0,0
397.803,0.2059,0,0,0,0
397.834,0.2059,0,0,0,0
397.870,0.2059,0,0,0,0
397.902,0.2059,0,0,0,0
397.936,0.2059,0,0,0,0
397.969,0.2059,0,0,0,0
398.004,0.2059,0,0,0,0
398.036,0.2059,0,0,0,0
398.071,0.2059,0,0,0,0
398.106,0.2059,0,0,0,0
398.136,0.2059,0,0,0,0
398.169,0.2059,0,0,0,0
398.201,0.2059,0,0,0,0
398.237,0.2059,0,0,0,0
398.268,0.2059,0,0,0,0
398.306,0.2059,0,0,0,0
398.334,0.2059,0,0,0,0
398.368,0.2059,0,0,0,0
398.404,0.2059,0,0,0,0
398.436,0.2059,0,0,0,0
398.469,0.2059,0,0,0,0
398.502,0.2059,0,0,0,0
398.535,0.2059,0,0,0,0
398.569,0.2059,0,0,0,0
398.602,0.2059,0,0,0,0
398.636,0.2059,0,0,0,0
398.669,0.2059,0,0,0,0
398.705,0.2059,0,0,0,0
398.735,0.2059,0,0,0,0
398.769,0.2059,0,0,0,0
398.802,0.2059,0,0,0,0
398.836,0.2059,0,0,0,0
398.872,0.2059,0,0,0,0
398.902,0.2059,0,0,0,0
398.937,0.2059,0,0,0,0
398.971,0.2059,0,0,0,0
399.001,0.2059,0,0,0,0
399.037,0.2059,0,0,0,0
399.070,0.2059,0,0,0,0
399.105,0.2059,0,0,0,0
399.138,0.2059,0,0,0,0
399.168,0.2059,0,0,0,0
399.203,0.2059,0,0,0,0
399.235,0.2059,0,0,0,0
399.268,0.2059,0,0,0,0
399.301,0.2059,0,0,0,0
399.338,0.2059,0,0,0,0
399.368,0.2059,0,0,0,0
399.401,0.2059,0,0,0,0
399.437,0.2059,0,0,0,0
399.469,0.2059,0,0,0,0
399.502,0.2059,0,0,0,0
399.534,0.2059,0,0,0,0
399.570,0.2059,0,0,0,0
399.602,0.2059,0,0,0,0
399.638,0.2059,0,0,0,0
399.671,0.2059,0,0,0,0
399.703,0.2059,0,0,0,0
399.738,0.2059,0,0,0,0
399.770,0.2059,0,0,0,0
399.805,0.2059,0,0,0,0
399.836,0.2059,0,0,0,0
399.869,0.2059,0,0,0,0
399.902,0.2059,0,0,0,0
399.936,0.2059,0,0,0,0
399.969,0.2059,0,0,0,0
400.004,0.2059,0,0,0,0
400.036,0.2059,0,0,0,0
400.071,0.2059,0,0,0,0
400.102,0.2059,0,0,0,0
400.137,0.2059,0,0,0,0
400.168,0.2059,0,0,0,0
400.204,0.2059,0,0,0,0
400.236,0.2059,0,0,0,0
400.269,0.2059,0,0,0,0
400.302,0.2059,0,0,0,0
400.338,0.2059,0,0,0,0
400.369,0.2059,0,0,0,0
400.402,0.2059,0,0,0,0
400.435,0.2059,0,0,0,0
400.472,0.2059,0,0,0,0
400.501,0.2059,0,0,0,0
400.534,0.2059,0,0,0,0
400.568,0.2059,0,0,0,0
400.605,0.2059,0,0,0,0
400.638,0.2059,0,0,0,0
400.670,0.2059,0,0,0,0
400.702,0.2059,0,0,0,0
400.737,0.2059,0,0,0,0
400.768,0.2059,0,0,0,0
400.802,0.2059,0,0,0,0
400.835,0.2059,0,0,0,0
400.869,0.2059,0,0,0,0
400.904,0.2059,0,0,0,0
400.937,0.2059,0,0,0,0
400.972,0.2059,0,0,0,0
401.002,0.2059,0,0,0,0
401.035,0.2059,0,0,0,0
401.071,0.2059,0,0,0,0
401.102,0.2059,0,0,0,0
401.136,0.2059,0,0,0,0
401.172,0.2059,0,0,0,0
401.204,0.2059,0,0,0,0
401.237,0.2059,0,0,0,0
401.271,0.2059,0,0,0,0
401.302,0.2059,0,0,0,0
401.335,0.2059,0,0,0,0
401.368,0.2059,0,0,0,0
401.403,0.2059,0,0,0,0
401.436,0.2059,0,0,0,0
401.470,0.2059,0,0,0,0
401.503,0.2059,0,0,0,0
401.535,0.2059,0,0,0,0
401.571,0.2059,0,0,0,0
401.605,0.2059,0,0,0,0
401.636,0.2059,0,0,0,0
401.671,0.2059,0,0,0,0
401.703,0.2059,0,0,0,0
401.737,0.2059,0,0,0,0
401.769,0.2059,0,0,0,0
401.802,0.2059,0,0,0,0
401.836,0.2059,0,0,0,0
401.869,0.2059,0,0,0,0
401.903,0.2059,0,0,0,0
401.936,0.2059,0,0,0,0
401.972,0.2059,0,0,0,0
402.005,0.2059,0,0,0,0
402.035,0.2059,0,0,0,0
402.069,0.2059,0,0,0,0
402.102,0.2059,0,0,0,0
402.134,0.2059,0,0,0,0
402.168,0.2059,0,0,0,0
402.203,0.2059,0,0,0,0
402.236,0.2059,0,0,0,0
402.268,0.2059,0,0,0,0
402.301,0.2059,0,0,0,0
402.335,0.2059,0,0,0,0
402.371,0.2059,0,0,0,0
402.409,0.2059,0,0,0,0
402.440,0.2059,0,0,0,0
402.472,0.2059,0,0,0,0
402.503,0.2059,0,0,0,0
402.537,0.2059,0,0,0,0
402.568,0.2059,0,0,0,0
402.605,0.2059,0,0,0,0
402.638,0.2059,0,0,0,0
402.668,0.2059,0,0,0,0
402.703,0.2059,0,0,0,0
402.738,0.2059,0,0,0,0
402.768,0.2059,0,0,0,0
402.802,0.2059,0,0,0,0
402.836,0.2059,0,0,0,0
402.869,0.2059,0,0,0,0
402.902,0.2059,0,0,0,0
402.935,0.2059,0,0,0,0
402.968,0.2059,0,0,0,0
403.001,0.2059,0,0,0,0
403.036,0.2059,0,0,0,0
403.068,0.2059,0,0,0,0
403.101,0.2059,0,0,0,0
403.135,0.2059,0,0,0,0
403.171,0.2059,0,0,0,0
403.203,0.2059,0,0,0,0
403.236,0.2059,0,0,0,0
403.268,0.2059,0,0,0,0
403.305,0.2059,0,0,0,0
403.335,0.2059,0,0,0,0
403.371,0.2059,0,0,0,0
403.404,0.2059,0,0,0,0
403.438,0.2059,0,0,0,0
403.468,0.2059,0,0,0,0
403.503,0.2059,0,0,0,0
403.538,0.2059,0,0,0,0
403.570,0.2059,0,0,0,0
403.602,0.2059,0,0,0,0
403.637,0.2059,0,0,0,0
403.669,0.2059,0,0,0,0
403.701,0.2059,0,0,0,0
403.735,0.2059,0,0,0,0
403.770,0.2059,0,0,0,0
403.802,0.2059,0,0,0,0
403.835,0.2059,0,0,0,0
403.870,0.2059,0,0,0,0
403.903,0.2059,0,0,0,0
403.938,0.2059,0,0,0,0
403.970,0.2059,0,0,0,0
404.003,0.2059,0,0,0,0
404.036,0.2059,0,0,0,0
404.070,0.2059,0,0,0,0
404.103,0.2059,0,0,0,0
404.137,0.2059,0,0,0,0
404.170,0.2059,0,0,0,0
404.204,0.2059,0,0,0,0
404.238,0.2059,0,0,0,0
404.270,0.2059,0,0,0,0
404.303,0.2059,0,0,0,0
404.336,0.2059,0,0,0,0
404.371,0.2059,0,0,0,0
404.403,0.2059,0,0,0,0
404.437,0.2059,0,0,0,0
404.469,0.2059,0,0,0,0
404.504,0.2059,0,0,0,0
404.534,0.2059,0,0,0,0
404.630,0.2059,0,0,0,0
404.644,0.2059,0,0,0,0
404.679,0.2059,0,0,0,0
404.715,0.2059,0,0,0,0
404.749,0.2059,0,0,0,0
404.780,0.2059,0,0,0,0
404.814,0.2059,0,0,0,0
404.847,0.2059,0,0,0,0
404.880,0.2059,0,0,0,0
404.911,0.2059,0,0,0,0
404.949,0.2059,0,0,0,0
404.974,0.2059,0,0,0,0
405.011,0.2059,0,0,0,0
405.048,0.2059,0,0,0,0
405.083,0.2059,0,0,0,0
405.115,0.2059,0,0,0,0
405.146,0.2059,0,0,0,0
405.182,0.2059,0,0,0,0
405.215,0.2059,0,0,0,0
405.248,0.2059,0,0,0,0
405.282,0.2059,0,0,0,0
405.312,0.2059,0,0,0,0
405.347,0.2059,0,0,0,0
405.379,0.2059,0,0,0,0
405.411,0.2059,0,0,0,0
405.449,0.2059,0,0,0,0
405.480,0.2059,0,0,0,0
405.512,0.2059,0,0,0,0
405.547,0.2059,0,0,0,0
405.579,0.2059,0,0,0,0
405.614,0.2059,0,0,0,0
405.648,0.2059,0,0,0,0
405.682,0.2059,0,0,0,0
405.716,0.2059,0,0,0,0
405.745,0.2059,0,0,0,0
405.779,0.2059,0,0,0,0
405.813,0.2059,0,0,0,0
405.848,0.2059,0,0,0,0
405.879,0.2059,0,0,0,0
405.914,0.2059,0,0,0,0
405.946,0.2059,0,0,0,0
405.982,0.2059,0,0,0,0
406.012,0.2059,0,0,0,0
406.048,0.2059,0,0,0,0
406.078,0.2059,0,0,0,0
406.113,0.2059,0,0,0,0
406.148,0.2059,0,0,0,0
406.178,0.2059,0,0,0,0
406.212,0.2059,0,0,0,0
406.247,0.2059,0,0,0,0
406.281,0.2059,0,0,0,0
406.312,0.2059,0,0,0,0
406.346,0.2059,0,0,0,0
406.381,0.2059,0,0,0,0
406.415,0.2059,0,0,0,0
406.445,0.2059,0,0,0,0
406.479,0.2059,0,0,0,0
406.514,0.2059,0,0,0,0
406.548,0.2059,0,0,0,0
406.578,0.2059,0,0,0,0
406.613,0.2059,0,0,0,0
406.647,0.2059,0,0,0,0
406.681,0.2059,0,0,0,0
406.711,0.2059,0,0,0,0
406.746,0.2059,0,0,0,0
406.779,0.2059,0,0,0,0
406.814,0.2059,0,0,0,0
406.844,0.2059,0,0,0,0
406.879,0.2059,0,0,0,0
406.914,0.2059,0,0,0,0
406.949,0.2059,0,0,0,0
406.978,0.2059,0,0,0,0
407.012,0.2059,0,0,0,0
407.046,0.2059,0,0,0,0
407.080,0.2059,0,0,0,0
407.114,0.2059,0,0,0,0
407.147,0.2059,0,0,0,0
407.178,0.2059,0,0,0,0
407.212,0.2059,0,0,0,0
407.247,0.2059,0,0,0,0
407.279,0.2059,0,0,0,0
407.315,0.2059,0,0,0,0
407.347,0.2059,0,0,0,0
407.378,0.2059,0,0,0,0
407.414,0.2059,0,0,0,0
407.449,0.2059,0,0,0,0
407.478,0.2059,0,0,0,0
407.512,0.2059,0,0,0,0
407.546,0.2059,0,0,0,0
407.581,0.2059,0,0,0,0
407.615,0.2059,0,0,0,0
407.645,0.2059,0,0,0,0
407.678,0.2059,0,0,0,0
407.712,0.2059,0,0,0,0
407.746,0.2059,0,0,0,0
407.781,0.2059,0,0,0,0
407.811,0.2059,0,0,0,0
407.846,0.2059,0,0,0,0
407.881,0.2059,0,0,0,0
407.911,0.2059,0,0,0,0
407.946,0.2059,0,0,0,0
407.980,0.2059,0,0,0,0
408.014,0.2059,0,0,0,0
408.048,0.2059,0,0,0,0
408.082,0.2059,0,0,0,0
408.111,0.2059,0,0,0,0
408.145,0.2059,0,0,0,0
408.179,0.2059,0,0,0,0
408.213,0.2059,0,0,0,0
408.247,0.2059,0,0,0,0
408.280,0.2059,0,0,0,0
408.315,0.2059,0,0,0,0
408.348,0.2059,0,0,0,0
408.381,0.2059,0,0,0,0
408.415,0.2059,0,0,0,0
408.449,0.2059,0,0,0,0
408.479,0.2059,0,0,0,0
408.511,0.2059,0,0,0,0
408.545,0.2059,0,0,0,0
408.579,0.2059,0,0,0,0
408.613,0.2059,0,0,0,0
408.646,0.2059,0,0,0,0
408.679,0.2059,0,0,0,0
408.712,0.2059,0,0,0,0
408.749,0.2059,0,0,0,0
408.781,0.2059,0,0,0,0
408.814,0.2059,0,0,0,0
408.847,0.2059,0,0,0,0
408.880,0.2059,0,0,0,0
408.912,0.2059,0,0,0,0
408.946,0.2059,0,0,0,0
408.979,0.2059,0,0,0,0
409.012,0.2059,0,0,0,0
409.049,0.2059,0,0,0,0
409.081,0.2059,0,0,0,0
409.115,0.2059,0,0,0,0
409.148,0.2059,0,0,0,0
409.181,0.2059,0,0,0,0
409.214,0.2059,0,0,0,0
409.247,0.2059,0,0,0,0
409.279,0.2059,0,0,0,0
409.312,0.2059,0,0,0,0
409.345,0.2059,0,0,0,0
409.379,0.2059,0,0,0,0
409.414,0.2059,0,0,0,0
409.445,0.2059,0,0,0,0
409.479,0.2059,0,0,0,0
409.514,0.2059,0,0,0,0
409.548,0.2059,0,0,0,0
409.581,0.2059,0,0,0,0
409.615,0.2059,0,0,0,0
409.649,0.2059,0,0,0,0
409.681,0.2059,0,0,0,0
409.714,0.2059,0,0,0,0
409.746,0.2059,0,0,0,0
409.778,0.2059,0,0,0,0
409.814,0.2059,0,0,0,0
409.846,0.2059,0,0,0,0
409.879,0.2059,0,0,0,0
409.913,0.2059,0,0,0,0
409.946,0.2059,0,0,0,0
409.979,0.2059,0,0,0,0
410.012,0.2059,0,0,0,0
410.046,0.2059,0,0,0,0
410.078,0.2059,0,0,0,0
410.115,0.2059,0,0,0,0
410.149,0.2059,0,0,0,0
410.181,0.2059,0,0,0,0
410.214,0.2059,0,0,0,0
410.246,0.2059,0,0,0,0
410.279,0.2059,0,0,0,0
410.316,0.2059,0,0,0,0
410.348,0.2059,0,0,0,0
410.380,0.2059,0,0,0,0
410.413,0.2059,0,0,0,0
410.446,0.2059,0,0,0,0
410.478,0.2059,0,0,0,0
410.516,0.2059,0,0,0,0
410.549,0.2059,0,0,0,0
410.582,0.2059,0,0,0,0
410.614,0.2059,0,0,0,0
410.647,0.2059,0,0,0,0
410.679,0.2059,0,0,0,0
410.712,0.2059,0,0,0,0
410.749,0.2059,0,0,0,0
410.781,0.2059,0,0,0,0
410.814,0.2059,0,0,0,0
410.847,0.2059,0,0,0,0
410.880,0.2059,0,0,0,0
410.913,0.2059,0,0,0,0
410.946,0.2059,0,0,0,0
410.979,0.2059,0,0,0,0
411.012,0.2059,0,0,0,0
411.049,0.2059,0,0,0,0
411.082,0.2059,0,0,0,0
411.112,0.2059,0,0,0,0
411.145,0.2059,0,0,0,0
411.182,0.2059,0,0,0,0
411.214,0.2059,0,0,0,0
411.248,0.2059,0,0,0,0
411.280,0.2059,0,0,0,0
411.314,0.2059,0,0,0,0
411.348,0.2059,0,0,0,0
411.382,0.2059,0,0,0,0
411.411,0.2059,0,0,0,0
411.445,0.2059,0,0,0,0
411.478,0.2059,0,0,0,0
411.515,0.2059,0,0,0,0
411.549,0.2059,0,0,0,0
411.582,0.2059,0,0,0,0
411.615,0.2059,0,0,0,0
411.649,0.2059,0,0,0,0
411.682,0.2059,0,0,0,0
411.715,0.2059,0,0,0,0
411.748,0.2059,0,0,0,0
411.781,0.2059,0,0,0,0
411.814,0.2059,0,0,0,0
411.848,0.2059,0,0,0,0
411.882,0.2059,0,0,0,0
411.915,0.2059,0,0,0,0
411.948,0.2059,0,0,0,0
411.981,0.2059,0,0,0,0
412.014,0.2059,0,0,0,0
412.047,0.2059,0,0,0,0
412.080,0.2059,0,0,0,0
412.114,0.2059,0,0,0,0
412.148,0.2059,0,0,0,0
412.181,0.2059,0,0,0,0
412.214,0.2059,0,0,0,0
412.248,0.2059,0,0,0,0
412.279,0.2059,0,0,0,0
412.312,0.2059,0,0,0,0
412.346,0.2059,0,0,0,0
412.378,0.2059,0,0,0,0
412.415,0.2059,0,0,0,0
412.444,0.2059,0,0,0,0
412.481,0.2059,0,0,0,0
412.512,0.2059,0,0,0,0
412.547,0.2059,0,0,0,0
412.580,0.2059,0,0,0,0
412.615,0.2059,0,0,0,0
412.647,0.2059,0,0,0,0
412.680,0.2059,0,0,0,0
412.713,0.2059,0,0,0,0
412.746,0.2059,0,0,0,0
412.781,0.2059,0,0,0,0
412.813,0.2059,0,0,0,0
412.849,0.2059,0,0,0,0
412.879,0.2059,0,0,0,0
412.922,0.2059,0,0,0,0
412.947,0.2059,0,0,0,0
412.979,0.2059,0,0,0,0
413.014,0.2059,0,0,0,0
413.053,0.2059,0,0,0,0
413.083,0.2059,0,0,0,0
413.117,0.2059,0,0,0,0
413.144,0.2059,0,0,0,0
413.180,0.2059,0,0,0,0
413.217,0.2059,0,0,0,0
413.246,0.2059,0,0,0,0
413.282,0.2059,0,0,0,0
413.310,0.2059,0,0,0,0
413.348,0.2059,0,0,0,0
413.377,0.2059,0,0,0,0
413.416,0.2059,0,0,0,0
413.444,0.2059,0,0,0,0
413.481,0.2059,0,0,0,0
413.510,0.2059,0,0,0,0
413.547,0.2059,0,0,0,0
413.584,0.2059,0,0,0,0
413.612,0.2059,0,0,0,0
413.648,0.2059,0,0,0,0
413.685,0.2059,0,0,0,0
413.713,0.2059,0,0,0,0
413.750,0.2059,0,0,0,0
413.779,0.2059,0,0,0,0
413.818,0.2059,0,0,0,0
413.848,0.2059,0,0,0,0
413.887,0.2059,0,0,0,0
413.914,0.2059,0,0,0,0
413.947,0.2059,0,0,0,0
413.976,0.2059,0,0,0,0
414.015,0.2059,0,0,0,0
414.047,0.2059,0,0,0,0
414.083,0.2059,0,0,0,0
414.113,0.2059,0,0,0,0
414.147,0.2059,0,0,0,0
414.182,0.2059,0,0,0,0
414.214,0.2059,0,0,0,0
414.246,0.2059,0,0,0,0
414.281,0.2059,0,0,0,0
414.317,0.2059,0,0,0,0
414.346,0.2059,0,0,0,0
414.387,0.2059,0,0,0,0
414.413,0.2059,0,0,0,0
414.444,0.2059,0,0,0,0
414.481,0.2059,0,0,0,0
414.510,0.2059,0,0,0,0
414.548,0.2059,0,0,0,0
414.579,0.2059,0,0,0,0
414.613,0.2059,0,0,0,0
414.645,0.2059,0,0,0,0
414.683,0.2059,0,0,0,0
414.710,0.2059,0,0,0,0
414.744,0.2059,0,0,0,0
414.778,0.2059,0,0,0,0
414.811,0.2059,0,0,0,0
414.845,0.2059,0,0,0,0
414.877,0.2059,0,0,0,0
414.916,0.2059,0,0,0,0
414.947,0.2059,0,0,0,0
414.978,0.2059,0,0,0,0
415.010,0.2059,0,0,0,0
415.048,0.2059,0,0,0,0
415.080,0.2059,0,0,0,0
415.112,0.2059,0,0,0,0
415.144,0.2059,0,0,0,0
415.183,0.2059,0,0,0,0
415.215,0.2059,0,0,0,0
415.247,0.2059,0,0,0,0
415.279,0.2059,0,0,0,0
415.312,0.2059,0,0,0,0
415.344,0.2059,0,0,0,0
415.379,0.2059,0,0,0,0
415.413,0.2059,0,0,0,0
415.446,0.2059,0,0,0,0
415.480,0.2059,0,0,0,0
415.513,0.2059,0,0,0,0
415.545,0.2059,0,0,0,0
415.578,0.2059,0,0,0,0
415.610,0.2059,0,0,0,0
415.654,0.2059,0,0,0,0
415.687,0.2059,0,0,0,0
415.720,0.2059,0,0,0,0
415.754,0.2059,0,0,0,0
415.787,0.2059,0,0,0,0
415.821,0.2059,0,0,0,0
415.854,0.2059,0,0,0,0
415.887,0.2059,0,0,0,0
415.920,0.2059,0,0,0,0
415.954,0.2059,0,0,0,0
415.987,0.2059,0,0,0,0
416.020,0.2059,0,0,0,0
416.054,0.2059,0,0,0,0
416.087,0.2059,0,0,0,0
416.120,0.2059,0,0,0,0
416.154,0.2059,0,0,0,0
416.187,0.2059,0,0,0,0
416.220,0.2059,0,0,0,0
416.254,0.2059,0,0,0,0
416.287,0.2059,0,0,0,0
416.310,0.2059,0,0,0,0
416.354,0.2059,0,0,0,0
416.387,0.2059,0,0,0,0
416.420,0.2059,0,0,0,0
416.454,0.2059,0,0,0,0
416.487,0.2059,0,0,0,0
416.520,0.2059,0,0,0,0
416.545,0.2059,0,0,0,0
416.577,0.2059,0,0,0,0
416.620,0.2059,0,0,0,0
416.653,0.2059,0,0,0,0
416.687,0.2059,0,0,0,0
416.720,0.2059,0,0,0,0
416.753,0.2059,0,0,0,0
416.778,0.2059,0,0,0,0
416.810,0.2059,0,0,0,0
416.853,0.2059,0,0,0,0
416.887,0.2059,0,0,0,0
416.920,0.2059,0,0,0,0
416.954,0.2059,0,0,0,0
416.987,0.2059,0,0,0,0
417.020,0.2059,0,0,0,0
417.044,0.2059,0,0,0,0
417.077,0.2059,0,0,0,0
417.117,0.2059,0,0,0,0
417.149,0.2059,0,0,0,0
417.181,0.2059,0,0,0,0
417.214,0.2059,0,0,0,0
417.246,0.2059,0,0,0,0
417.278,0.2059,0,0,0,0
417.310,0.2059,0,0,0,0
417.350,0.2059,0,0,0,0
417.382,0.2059,0,0,0,0
417.414,0.2059,0,0,0,0
417.446,0.2059,0,0,0,0
417.478,0.2059,0,0,0,0
417.510,0.2059,0,0,0,0
417.543,0.2059,0,0,0,0
417.583,0.2059,0,0,0,0
417.615,0.2059,0,0,0,0
417.647,0.2059,0,0,0,0
417.678,0.2059,0,0,0,0
417.711,0.2059,0,0,0,0
417.743,0.2059,0,0,0,0
417.776,0.2059,0,0,0,0
417.816,0.2059,0,0,0,0
417.848,0.2059,0,0,0,0
417.880,0.2059,0,0,0,0
417.912,0.2059,0,0,0,0
417.945,0.2059,0,0,0,0
417.978,0.2059,0,0,0,0
418.011,0.2059,0,0,0,0
418.044,0.2059,0,0,0,0
418.077,0.2059,0,0,0,0
418.120,0.2059,0,0,0,0
418.153,0.2059,0,0,0,0
418.187,0.2059,0,0,0,0
418.220,0.2059,0,0,0,0
418.253,0.2059,0,0,0,0
418.287,0.2059,0,0,0,0
418.310,0.2059,0,0,0,0
418.353,0.2059,0,0,0,0
418.387,0.2059,0,0,0,0
418.420,0.2059,0,0,0,0
418.453,0.2059,0,0,0,0
418.487,0.2059,0,0,0,0
418.520,0.2059,0,0,0,0
418.553,0.2059,0,0,0,0
418.578,0.2059,0,0,0,0
418.611,0.2059,0,0,0,0
418.644,0.2059,0,0,0,0
418.677,0.2059,0,0,0,0
418.711,0.2059,0,0,0,0
418.744,0.2059,0,0,0,0
418.777,0.2059,0,0,0,0
418.810,0.2059,0,0,0,0
418.844,0.2059,0,0,0,0
418.887,0.2059,0,0,0,0
418.920,0.2059,0,0,0,0
418.953,0.2059,0,0,0,0
418.987,0.2059,0,0,0,0
419.020,0.2059,0,0,0,0
419.053,0.2059,0,0,0,0
419.086,0.2059,0,0,0,0
419.110,0.2059,0,0,0,0
419.144,0.2059,0,0,0,0
419.178,0.2059,0,0,0,0
419.220,0.2059,0,0,0,0
419.253,0.2059,0,0,0,0
419.286,0.2059,0,0,0,0
419.320,0.2059,0,0,0,0
419.353,0.2059,0,0,0,0
419.378,0.2059,0,0,0,0
419.411,0.2059,0,0,0,0
419.445,0.2059,0,0,0,0
419.486,0.2059,0,0,0,0
419.520,0.2059,0,0,0,0
419.545,0.2059,0,0,0,0
419.578,0.2059,0,0,0,0
419.611,0.2059,0,0,0,0
419.644,0.2059,0,0,0,0
419.687,0.2059,0,0,0,0
419.711,0.2059,0,0,0,0
419.744,0.2059,0,0,0,0
419.777,0.2059,0,0,0,0
419.820,0.2059,0,0,0,0
419.853,0.2059,0,0,0,0
419.887,0.2059,0,0,0,0
419.921,0.2059,0,0,0,0
419.954,0.2059,0,0,0,0
419.987,0.2059,0,0,0,0
420.015,0.2059,0,0,0,0
420.043,0.2059,0,0,0,0
420.087,0.2059,0,0,0,0
420.120,0.2059,0,0,0,0
420.153,0.2059,0,0,0,0
420.187,0.2059,0,0,0,0
420.220,0.2059,0,0,0,0
420.253,0.2059,0,0,0,0
420.277,0.2059,0,0,0,0
420.320,0.2059,0,0,0,0
420.353,0.2059,0,0,0,0
420.387,0.2059,0,0,0,0
420.420,0.2059,0,0,0,0
420.453,0.2059,0,0,0,0
420.487,0.2059,0,0,0,0
420.520,0.2059,0,0,0,0
420.553,0.2059,0,0,0,0
420.587,0.2059,0,0,0,0
420.611,0.2059,0,0,0,0
420.644,0.2059,0,0,0,0
420.687,0.2059,0,0,0,0
420.720,0.2059,0,0,0,0
420.753,0.2059,0,0,0,0
420.787,0.2059,0,0,0,0
420.820,0.2059,0,0,0,0
420.853,0.2059,0,0,0,0
420.887,0.2059,0,0,0,0
420.911,0.2059,0,0,0,0
420.944,0.2059,0,0,0,0
420.986,0.2059,0,0,0,0
421.020,0.2059,0,0,0,0
421.053,0.2059,0,0,0,0
421.087,0.2059,0,0,0,0
421.120,0.2059,0,0,0,0
421.153,0.2059,0,0,0,0
421.188,0.2059,0,0,0,0
421.220,0.2059,0,0,0,0
421.254,0.2059,0,0,0,0
421.287,0.2059,0,0,0,0
421.320,0.2059,0,0,0,0
421.354,0.2059,0,0,0,0
421.378,0.2059,0,0,0,0
421.420,0.2059,0,0,0,0
421.453,0.2059,0,0,0,0
421.487,0.2059,0,0,0,0
421.520,0.2059,0,0,0,0
421.545,0.2059,0,0,0,0
421.577,0.2059,0,0,0,0
421.620,0.2059,0,0,0,0
421.653,0.2059,0,0,0,0
421.687,0.2059,0,0,0,0
421.720,0.2059,0,0,0,0
421.754,0.2059,0,0,0,0
421.787,0.2059,0,0,0,0
421.812,0.2059,0,0,0,0
421.845,0.2059,0,0,0,0
421.879,0.2059,0,0,0,0
421.913,0.2059,0,0,0,0
421.947,0.2059,0,0,0,0
421.981,0.2059,0,0,0,0
422.014,0.2059,0,0,0,0
422.047,0.2059,0,0,0,0
422.080,0.2059,0,0,0,0
422.113,0.2059,0,0,0,0
422.146,0.2059,0,0,0,0
422.180,0.2059,0,0,0,0
422.212,0.2059,0,0,0,0
422.245,0.2059,0,0,0,0
422.278,0.2059,0,0,0,0
422.311,0.2059,0,0,0,0
422.354,0.2059,0,0,0,0
422.387,0.2059,0,0,0,0
422.420,0.2059,0,0,0,0
422.454,0.2059,0,0,0,0
422.487,0.2059,0,0,0,0
422.520,0.2059,0,0,0,0
422.554,0.2059,0,0,0,0
422.587,0.2059,0,0,0,0
422.621,0.2059,0,0,0,0
422.654,0.2059,0,0,0,0
422.687,0.2059,0,0,0,0
422.720,0.2059,0,0,0,0
422.754,0.2059,0,0,0,0
422.787,0.2059,0,0,0,0
422.820,0.2059,0,0,0,0
422.854,0.2059,0,0,0,0
422.887,0.2059,0,0,0,0
422.920,0.2059,0,0,0,0
422.954,0.2059,0,0,0,0
422.987,0.2059,0,0,0,0
423.020,0.2059,0,0,0,0
423.054,0.2059,0,0,0,0
423.087,0.2059,0,0,0,0
423.120,0.2059,0,0,0,0
423.154,0.2059,0,0,0,0
423.187,0.2059,0,0,0,0
423.220,0.2059,0,0,0,0
423.253,0.2059,0,0,0,0
423.287,0.2059,0,0,0,0
423.320,0.2059,0,0,0,0
423.354,0.2059,0,0,0,0
423.387,0.2059,0,0,0,0
423.420,0.2059,0,0,0,0
423.453,0.2059,0,0,0,0
423.487,0.2059,0,0,0,0
423.520,0.2059,0,0,0,0
423.553,0.2059,0,0,0,0
423.586,0.2059,0,0,0,0
423.620,0.2059,0,0,0,0
423.653,0.2059,0,0,0,0
423.686,0.2059,0,0,0,0
423.719,0.2059,0,0,0,0
423.744,0.2059,0,0,0,0
423.778,0.2059,0,0,0,0
423.811,0.2059,0,0,0,0
423.845,0.2059,0,0,0,0
423.887,0.2059,0,0,0,0
423.920,0.2059,0,0,0,0
423.954,0.2059,0,0,0,0
423.987,0.2059,0,0,0,0
424.011,0.2059,0,0,0,0
424.045,0.2059,0,0,0,0
424.078,0.2059,0,0,0,0
424.112,0.2059,0,0,0,0
424.145,0.2059,0,0,0,0
424.178,0.2059,0,0,0,0
424.212,0.2059,0,0,0,0
424.245,0.2059,0,0,0,0
424.278,0.2059,0,0,0,0
424.311,0.2059,0,0,0,0
424.345,0.2059,0,0,0,0
424.377,0.2059,0,0,0,0
424.420,0.2059,0,0,0,0
424.453,0.2059,0,0,0,0
424.486,0.2059,0,0,0,0
424.520,0.2059,0,0,0,0
424.553,0.2059,0,0,0,0
424.587,0.2059,0,0,0,0
424.620,0.2059,0,0,0,0
424.653,0.2059,0,0,0,0
424.687,0.2059,0,0,0,0
424.720,0.2059,0,0,0,0
424.753,0.2059,0,0,0,0
424.787,0.2059,0,0,0,0
424.820,0.2059,0,0,0,0
424.853,0.2059,0,0,0,0
424.886,0.2059,0,0,0,0
424.920,0.2059,0,0,0,0
424.953,0.2059,0,0,0,0
424.978,0.2059,0,0,0,0
425.011,0.2059,0,0,0,0
425.045,0.2059,0,0,0,0
425.087,0.2059,0,0,0,0
425.120,0.2059,0,0,0,0
425.153,0.2059,0,0,0,0
425.187,0.2059,0,0,0,0
425.220,0.2059,0,0,0,0
425.253,0.2059,0,0,0,0
425.287,0.2059,0,0,0,0
425.321,0.2059,0,0,0,0
425.354,0.2059,0,0,0,0
425.387,0.2059,0,0,0,0
425.420,0.2059,0,0,0,0
425.453,0.2059,0,0,0,0
425.477,0.2059,0,0,0,0
425.511,0.2059,0,0,0,0
425.545,0.2059,0,0,0,0
425.578,0.2059,0,0,0,0
425.611,0.2059,0,0,0,0
425.644,0.2059,0,0,0,0
425.686,0.2059,0,0,0,0
425.720,0.2059,0,0,0,0
425.753,0.2059,0,0,0,0
425.786,0.2059,0,0,0,0
425.820,0.2059,0,0,0,0
425.853,0.2059,0,0,0,0
425.887,0.2059,0,0,0,0
425.911,0.2059,0,0,0,0
425.944,0.2059,0,0,0,0
425.977,0.2059,0,0,0,0
426.011,0.2059,0,0,0,0
426.044,0.2059,0,0,0,0
426.077,0.2059,0,0,0,0
426.110,0.2059,0,0,0,0
426.151,0.2059,0,0,0,0
426.183,0.2059,0,0,0,0
426.216,0.2059,0,0,0,0
426.249,0.2059,0,0,0,0
426.281,0.2059,0,0,0,0
426.314,0.2059,0,0,0,0
426.348,0.2059,0,0,0,0
426.381,0.2059,0,0,0,0
426.415,0.2059,0,0,0,0
426.448,0.2059,0,0,0,0
426.481,0.2059,0,0,0,0
426.515,0.2059,0,0,0,0
426.547,0.2059,0,0,0,0
426.579,0.2059,0,0,0,0
426.612,0.2059,0,0,0,0
426.644,0.2059,0,0,0,0
426.677,0.2059,0,0,0,0
426.717,0.2059,0,0,0,0
426.749,0.2059,0,0,0,0
426.782,0.2059,0,0,0,0
426.813,0.2059,0,0,0,0
426.847,0.2059,0,0,0,0
426.880,0.2059,0,0,0,0
426.913,0.2059,0,0,0,0
426.946,0.2059,0,0,0,0
426.979,0.2059,0,0,0,0
427.012,0.2059,0,0,0,0
427.044,0.2059,0,0,0,0
427.084,0.2059,0,0,0,0
427.116,0.2059,0,0,0,0
427.148,0.2059,0,0,0,0
427.181,0.2059,0,0,0,0
427.214,0.2059,0,0,0,0
427.247,0.2059,0,0,0,0
427.279,0.2059,0,0,0,0
427.313,0.2059,0,0,0,0
427.346,0.2059,0,0,0,0
427.380,0.2059,0,0,0,0
427.413,0.2059,0,0,0,0
427.445,0.2059,0,0,0,0
427.478,0.2059,0,0,0,0
427.520,0.2059,0,0,0,0
427.553,0.2059,0,0,0,0
427.587,0.2059,0,0,0,0
427.620,0.2059,0,0,0,0
427.653,0.2059,0,0,0,0
427.677,0.2059,0,0,0,0
427.710,0.2059,0,0,0,0
427.744,0.2059,0,0,0,0
427.778,0.2059,0,0,0,0
427.811,0.2059,0,0,0,0
427.845,0.2059,0,0,0,0
427.878,0.2059,0,0,0,0
427.911,0.2059,0,0,0,0
427.944,0.2059,0,0,0,0
427.987,0.2059,0,0,0,0
428.020,0.2059,0,0,0,0
428.053,0.2059,0,0,0,0
428.086,0.2059,0,0,0,0
428.119,0.2059,0,0,0,0
428.153,0.2059,0,0,0,0
428.186,0.2059,0,0,0,0
428.220,0.2059,0,0,0,0
428.253,0.2059,0,0,0,0
428.287,0.2059,0,0,0,0
428.310,0.2059,0,0,0,0
428.344,0.2059,0,0,0,0
428.377,0.2059,0,0,0,0
428.420,0.2059,0,0,0,0
428.453,0.2059,0,0,0,0
428.487,0.2059,0,0,0,0
428.520,0.2059,0,0,0,0
428.553,0.2059,0,0,0,0
428.586,0.2059,0,0,0,0
428.620,0.2059,0,0,0,0
428.653,0.2059,0,0,0,0
428.686,0.2059,0,0,0,0
428.720,0.2059,0,0,0,0
428.753,0.2059,0,0,0,0
428.787,0.2059,0,0,0,0
428.820,0.2059,0,0,0,0
428.853,0.2059,0,0,0,0
428.887,0.2059,0,0,0,0
428.920,0.2059,0,0,0,0
428.953,0.2059,0,0,0,0
428.987,0.2059,0,0,0,0
429.020,0.2059,0,0,0,0
429.053,0.2059,0,0,0,0
429.086,0.2059,0,0,0,0
429.120,0.2059,0,0,0,0
429.153,0.2059,0,0,0,0
429.187,0.2059,0,0,0,0
429.220,0.2059,0,0,0,0
429.253,0.2059,0,0,0,0
429.287,0.2059,0,0,0,0
429.320,0.2059,0,0,0,0
429.353,0.2059,0,0,0,0
429.387,0.2059,0,0,0,0
429.420,0.2059,0,0,0,0
429.454,0.2059,0,0,0,0
429.487,0.2059,0,0,0,0
429.520,0.2059,0,0,0,0
429.553,0.2059,0,0,0,0
429.586,0.2059,0,0,0,0
429.619,0.2059,0,0,0,0
429.644,0.2059,0,0,0,0
429.677,0.2059,0,0,0,0
429.711,0.2059,0,0,0,0
429.745,0.2059,0,0,0,0
429.787,0.2059,0,0,0,0
429.820,0.2059,0,0,0,0
429.853,0.2059,0,0,0,0
429.887,0.2059,0,0,0,0
429.920,0.2059,0,0,0,0
429.953,0.2059,0,0,0,0
429.986,0.2059,0,0,0,0
430.020,0.2059,0,0,0,0
430.053,0.2059,0,0,0,0
430.087,0.2059,0,0,0,0
430.120,0.2059,0,0,0,0
430.144,0.2059,0,0,0,0
430.187,0.2059,0,0,0,0
430.220,0.2059,0,0,0,0
430.254,0.2059,0,0,0,0
430.287,0.2059,0,0,0,0
430.320,0.2059,0,0,0,0
430.353,0.2059,0,0,0,0
430.387,0.2059,0,0,0,0
430.420,0.2059,0,0,0,0
430.453,0.2059,0,0,0,0
430.486,0.2059,0,0,0,0
430.520,0.2059,0,0,0,0
430.553,0.2059,0,0,0,0
430.586,0.2059,0,0,0,0
430.620,0.2059,0,0,0,0
430.653,0.2059,0,0,0,0
430.678,0.2059,0,0,0,0
430.712,0.2059,0,0,0,0
430.746,0.2059,0,0,0,0
430.780,0.2059,0,0,0,0
430.810,0.2059,0,0,0,0
430.847,0.2059,0,0,0,0
430.879,0.2059,0,0,0,0
430.912,0.2059,0,0,0,0
430.944,0.2059,0,0,0,0
430.984,0.2059,0,0,0,0
431.015,0.2059,0,0,0,0
431.048,0.2059,0,0,0,0
431.079,0.2059,0,0,0,0
431.112,0.2059,0,0,0,0
431.156,0.2059,0,0,0,0
431.187,0.2059,0,0,0,0
431.220,0.2059,0,0,0,0
431.244,0.2059,0,0,0,0
431.287,0.2059,0,0,0,0
431.321,0.2059,0,0,0,0
431.354,0.2059,0,0,0,0
431.387,0.2059,0,0,0,0
431.410,0.2059,0,0,0,0
431.454,0.2059,0,0,0,0
431.487,0.2059,0,0,0,0
431.520,0.2059,0,0,0,0
431.553,0.2059,0,0,0,0
431.587,0.2059,0,0,0,0
431.620,0.2059,0,0,0,0
431.654,0.2059,0,0,0,0
431.687,0.2059,0,0,0,0
431.720,0.2059,0,0,0,0
431.754,0.2059,0,0,0,0
431.787,0.2059,0,0,0,0
431.811,0.2059,0,0,0,0
431.850,0.2059,0,0,0,0
431.882,0.2059,0,0,0,0
431.914,0.2059,0,0,0,0
431.945,0.2059,0,0,0,0
431.977,0.2059,0,0,0,0
432.015,0.2059,0,0,0,0
432.047,0.2059,0,0,0,0
432.078,0.2059,0,0,0,0
432.117,0.2059,0,0,0,0
432.148,0.2059,0,0,0,0
432.180,0.2059,0,0,0,0
432.211,0.2059,0,0,0,0
432.250,0.2059,0,0,0,0
432.281,0.2059,0,0,0,0
432.311,0.2059,0,0,0,0
432.350,0.2059,0,0,0,0
432.382,0.2059,0,0,0,0
432.414,0.2059,0,0,0,0
432.445,0.2059,0,0,0,0
432.477,0.2059,0,0,0,0
432.515,0.2059,0,0,0,0
432.546,0.2059,0,0,0,0
432.578,0.2059,0,0,0,0
432.616,0.2059,0,0,0,0
432.647,0.2059,0,0,0,0
432.679,0.2059,0,0,0,0
432.710,0.2059,0,0,0,0
432.749,0.2059,0,0,0,0
432.781,0.2059,0,0,0,0
432.812,0.2059,0,0,0,0
432.844,0.2059,0,0,0,0
432.877,0.2059,0,0,0,0
432.916,0.2059,0,0,0,0
432.946,0.2059,0,0,0,0
432.978,0.2059,0,0,0,0
433.017,0.2059,0,0,0,0
433.048,0.2059,0,0,0,0
433.079,0.2059,0,0,0,0
433.111,0.2059,0,0,0,0
433.150,0.2059,0,0,0,0
433.181,0.2059,0,0,0,0
433.212,0.2059,0,0,0,0
433.244,0.2059,0,0,0,0
433.283,0.2059,0,0,0,0
433.314,0.2059,0,0,0,0
433.346,0.2059,0,0,0,0
433.378,0.2059,0,0,0,0
433.410,0.2059,0,0,0,0
433.449,0.2059,0,0,0,0
433.480,0.2059,0,0,0,0
433.512,0.2059,0,0,0,0
433.545,0.2059,0,0,0,0
433.577,0.2059,0,0,0,0
433.615,0.2059,0,0,0,0
433.647,0.2059,0,0,0,0
433.681,0.2059,0,0,0,0
433.710,0.2059,0,0,0,0
433.777,0.2059,0,0,0,0
433.784,0.2059,0,0,0,0
433.815,0.2059,0,0,0,0
433.850,0.2059,0,0,0,0
433.882,0.2059,0,0,0,0
433.917,0.2059,0,0,0,0
433.948,0.2059,0,0,0,0
433.984,0.2059,0,0,0,0
434.015,0.2059,0,0,0,0
434.051,0.2059,0,0,0,0
434.083,0.2059,0,0,0,0
434.114,0.2059,0,0,0,0
434.150,0.2059,0,0,0,0
434.182,0.2059,0,0,0,0
434.217,0.2059,0,0,0,0
434.249,0.2059,0,0,0,0
434.284,0.2059,0,0,0,0
434.317,0.2059,0,0,0,0
434.348,0.2059,0,0,0,0
434.384,0.2059,0,0,0,0
434.416,0.2059,0,0,0,0
434.448,0.2059,0,0,0,0
434.481,0.2059,0,0,0,0
434.515,0.2059,0,0,0,0
434.550,0.2059,0,0,0,0
434.583,0.2059,0,0,0,0
434.614,0.2059,0,0,0,0
434.650,0.2059,0,0,0,0
434.682,0.2059,0,0,0,0
434.717,0.2059,0,0,0,0
434.750,0.2059,0,0,0,0
434.782,0.2059,0,0,0,0
434.814,0.2059,0,0,0,0
434.850,0.2059,0,0,0,0
434.882,0.2059,0,0,0,0
434.952,0.2059,0,0,0,0
434.964,0.2059,0,0,0,0
434.992,0.2059,0,0,0,0
435.024,0.2059,0,0,0,0
435.058,0.2059,0,0,0,0
435.093,0.2059,0,0,0,0
435.123,0.2059,0,0,0,0
435.156,0.2059,0,0,0,0
435.191,0.2059,0,0,0,0
435.227,0.2059,0,0,0,0
435.259,0.2059,0,0,0,0
435.291,0.2059,0,0,0,0
435.327,0.2059,0,0,0,0
435.356,0.2059,0,0,0,0
435.391,0.2059,0,0,0,0
435.423,0.2059,0,0,0,0
435.460,0.2059,0,0,0,0
435.491,0.2059,0,0,0,0
435.523,0.2059,0,0,0,0
435.560,0.2059,0,0,0,0
435.592,0.2059,0,0,0,0
435.623,0.2059,0,0,0,0
435.656,0.2059,0,0,0,0
435.693,0.2059,0,0,0,0
435.724,0.2059,0,0,0,0
435.758,0.2059,0,0,0,0
435.790,0.2059,0,0,0,0
435.823,0.2059,0,0,0,0
435.860,0.2059,0,0,0,0
435.893,0.2059,0,0,0,0
435.927,0.2059,0,0,0,0
435.958,0.2059,0,0,0,0
435.991,0.2059,0,0,0,0
436.023,0.2059,0,0,0,0
436.056,0.2059,0,0,0,0
436.092,0.2059,0,0,0,0
436.125,0.2059,0,0,0,0
436.158,0.2059,0,0,0,0
436.191,0.2059,0,0,0,0
436.224,0.2059,0,0,0,0
436.258,0.2059,0,0,0,0
436.341,0.2059,0,0,0,0
436.370,0.2059,0,0,0,0
436.403,0.2059,0,0,0,0
436.436,0.2059,0,0,0,0
436.472,0.2059,0,0,0,0
436.503,0.2059,0,0,0,0
436.538,0.2059,0,0,0,0
436.569,0.2059,0,0,0,0
436.602,0.2059,0,0,0,0
436.635,0.2059,0,0,0,0
436.673,0.2059,0,0,0,0
436.721,0.2059,0,0,0,0
436.736,0.2059,0,0,0,0
436.773,0.2059,0,0,0,0
436.805,0.2059,0,0,0,0
436.839,0.2059,0,0,0,0
436.877,0.2059,0,0,0,0
436.904,0.2059,0,0,0,0
436.937,0.2059,0,0,0,0
436.970,0.2059,0,0,0,0
437.003,0.2059,0,0,0,0
437.036,0.2059,0,0,0,0
437.074,0.2059,0,0,0,0
437.102,0.2059,0,0,0,0
437.140,0.2059,0,0,0,0
437.168,0.2059,0,0,0,0
437.202,0.2059,0,0,0,0
437.235,0.2059,0,0,0,0
437.268,0.2059,0,0,0,0
437.302,0.2059,0,0,0,0
437.335,0.2059,0,0,0,0
437.371,0.2059,0,0,0,0
437.405,0.2059,0,0,0,0
437.437,0.2059,0,0,0,0
437.471,0.2059,0,0,0,0
437.504,0.2059,0,0,0,0
437.537,0.2059,0,0,0,0
437.570,0.2059,0,0,0,0
437.602,0.2059,0,0,0,0
437.635,0.2059,0,0,0,0
437.671,0.2059,0,0,0,0
437.701,0.2059,0,0,0,0
437.738,0.2059,0,0,0,0
437.770,0.2059,0,0,0,0
437.803,0.2059,0,0,0,0
437.836,0.2059,0,0,0,0
437.868,0.2059,0,0,0,0
437.902,0.2059,0,0,0,0
437.935,0.2059,0,0,0,0
437.969,0.2059,0,0,0,0
438.002,0.2059,0,0,0,0
438.042,0.2059,0,0,0,0
438.069,0.2059,0,0,0,0
438.109,0.2059,0,0,0,0
438.134,0.2059,0,0,0,0
438.171,0.2059,0,0,0,0
438.202,0.2059,0,0,0,0
438.240,0.2059,0,0,0,0
438.268,0.2059,0,0,0,0
438.305,0.2059,0,0,0,0
438.337,0.2059,0,0,0,0
438.368,0.2059,0,0,0,0
438.405,0.2059,0,0,0,0
438.439,0.2059,0,0,0,0
438.472,0.2059,0,0,0,0
438.504,0.2059,0,0,0,0
438.539,0.2059,0,0,0,0
438.573,0.2059,0,0,0,0
438.606,0.2059,0,0,0,0
438.635,0.2059,0,0,0,0
438.679,0.2059,0,0,0,0
438.703,0.2059,0,0,0,0
438.736,0.2059,0,0,0,0
438.772,0.2059,0,0,0,0
438.805,0.2059,0,0,0,0
438.833,0.2059,0,0,0,0
438.868,0.2059,0,0,0,0
438.905,0.2059,0,0,0,0
438.939,0.2059,0,0,0,0
438.968,0.2059,0,0,0,0
439.007,0.2059,0,0,0,0
439.035,0.2059,0,0,0,0
439.069,0.2059,0,0,0,0
439.102,0.2059,0,0,0,0
439.140,0.2059,0,0,0,0
439.169,0.2059,0,0,0,0
439.203,0.2059,0,0,0,0
439.237,0.2059,0,0,0,0
439.270,0.2059,0,0,0,0
439.304,0.2059,0,0,0,0
439.338,0.2059,0,0,0,0
439.371,0.2059,0,0,0,0
439.402,0.2059,0,0,0,0
439.448,0.2059,0,0,0,0
439.470,0.2059,0,0,0,0
439.503,0.2059,0,0,0,0
439.538,0.2059,0,0,0,0
439.572,0.2059,0,0,0,0
439.600,0.2059,0,0,0,0
439.634,0.2059,0,0,0,0
439.668,0.2059,0,0,0,0
439.701,0.2059,0,0,0,0
439.736,0.2059,0,0,0,0
439.774,0.2059,0,0,0,0
439.805,0.2059,0,0,0,0
439.839,0.2059,0,0,0,0
439.870,0.2059,0,0,0,0
439.905,0.2059,0,0,0,0
439.935,0.2059,0,0,0,0
439.972,0.2059,0,0,0,0
440.002,0.2059,0,0,0,0
440.036,0.2059,0,0,0,0
440.072,0.2059,0,0,0,0
440.106,0.2059,0,0,0,0
440.135,0.2059,0,0,0,0
440.174,0.2059,0,0,0,0
440.206,0.2059,0,0,0,0
440.240,0.2059,0,0,0,0
440.272,0.2059,0,0,0,0
440.305,0.2059,0,0,0,0
440.339,0.2059,0,0,0,0
440.370,0.2059,0,0,0,0
440.404,0.2059,0,0,0,0
440.436,0.2059,0,0,0,0
440.468,0.2059,0,0,0,0
440.506,0.2059,0,0,0,0
440.538,0.2059,0,0,0,0
440.571,0.2059,0,0,0,0
440.604,0.2059,0,0,0,0
440.637,0.2059,0,0,0,0
440.668,0.2059,0,0,0,0
440.702,0.2059,0,0,0,0
440.738,0.2059,0,0,0,0
440.772,0.2059,0,0,0,0
440.803,0.2059,0,0,0,0
440.837,0.2059,0,0,0,0
440.869,0.2059,0,0,0,0
440.903,0.2059,0,0,0,0
440.936,0.2059,0,0,0,0
440.974,0.2059,0,0,0,0
441.006,0.2059,0,0,0,0
441.038,0.2059,0,0,0,0
441.073,0.2059,0,0,0,0
441.104,0.2059,0,0,0,0
441.138,0.2059,0,0,0,0
441.171,0.2059,0,0,0,0
441.204,0.2059,0,0,0,0
441.237,0.2059,0,0,0,0
441.268,0.2059,0,0,0,0
441.302,0.2059,0,0,0,0
441.335,0.2059,0,0,0,0
441.374,0.2059,0,0,0,0
441.406,0.2059,0,0,0,0
441.438,0.2059,0,0,0,0
441.470,0.2059,0,0,0,0
441.504,0.2059,0,0,0,0
441.537,0.2059,0,0,0,0
441.568,0.2059,0,0,0,0
441.603,0.2059,0,0,0,0
441.636,0.2059,0,0,0,0
441.670,0.2059,0,0,0,0
441.704,0.2059,0,0,0,0
441.737,0.2059,0,0,0,0
441.770,0.2059,0,0,0,0
441.803,0.2059,0,0,0,0
441.838,0.2059,0,0,0,0
441.871,0.2059,0,0,0,0
441.906,0.2059,0,0,0,0
441.939,0.2059,0,0,0,0
441.973,0.2059,0,0,0,0
442.002,0.2059,0,0,0,0
442.035,0.2059,0,0,0,0
442.070,0.2059,0,0,0,0
442.104,0.2059,0,0,0,0
442.140,0.2059,0,0,0,0
442.172,0.2059,0,0,0,0
442.202,0.2059,0,0,0,0
442.238,0.2059,0,0,0,0
442.270,0.2059,0,0,0,0
442.303,0.2059,0,0,0,0
442.336,0.2059,0,0,0,0
442.370,0.2059,0,0,0,0
442.404,0.2059,0,0,0,0
442.435,0.2059,0,0,0,0
442.469,0.2059,0,0,0,0
442.501,0.2059,0,0,0,0
442.538,0.2059,0,0,0,0
442.568,0.2059,0,0,0,0
442.606,0.2059,0,0,0,0
442.636,0.2059,0,0,0,0
442.672,0.2059,0,0,0,0
442.706,0.2059,0,0,0,0
442.734,0.2059,0,0,0,0
442.770,0.2059,0,0,0,0
442.803,0.2059,0,0,0,0
442.837,0.2059,0,0,0,0
442.875,0.2059,0,0,0,0
442.906,0.2059,0,0,0,0
442.934,0.2059,0,0,0,0
442.969,0.2059,0,0,0,0
443.002,0.2059,0,0,0,0
443.037,0.2059,0,0,0,0
443.072,0.2059,0,0,0,0
443.102,0.2059,0,0,0,0
443.144,0.2059,0,0,0,0
443.172,0.2059,0,0,0,0
443.205,0.2059,0,0,0,0
443.238,0.2059,0,0,0,0
443.271,0.2059,0,0,0,0
443.305,0.2059,0,0,0,0
443.338,0.2059,0,0,0,0
443.372,0.2059,0,0,0,0
443.406,0.2059,0,0,0,0
443.439,0.2059,0,0,0,0
443.475,0.2059,0,0,0,0
443.511,0.2059,0,0,0,0
443.541,0.2059,0,0,0,0
443.568,0.2059,0,0,0,0
443.606,0.2059,0,0,0,0
443.636,0.2059,0,0,0,0
443.672,0.2059,0,0,0,0
443.707,0.2059,0,0,0,0
443.734,0.2059,0,0,0,0
443.774,0.2059,0,0,0,0
443.804,0.2059,0,0,0,0
443.840,0.2059,0,0,0,0
443.871,0.2059,0,0,0,0
443.906,0.2059,0,0,0,0
443.936,0.2059,0,0,0,0
443.972,0.2059,0,0,0,0
444.002,0.2059,0,0,0,0
444.040,0.2059,0,0,0,0
444.068,0.2059,0,0,0,0
444.104,0.2059,0,0,0,0
444.140,0.2059,0,0,0,0
444.165,0.2059,0,0,0,0
444.205,0.2059,0,0,0,0
444.240,0.2059,0,0,0,0
444.268,0.2059,0,0,0,0
444.302,0.2059,0,0,0,0
444.337,0.2059,0,0,0,0
444.373,0.2059,0,0,0,0
444.405,0.2059,0,0,0,0
444.437,0.2059,0,0,0,0
444.470,0.2059,0,0,0,0
444.503,0.2059,0,0,0,0
444.535,0.2059,0,0,0,0
444.572,0.2059,0,0,0,0
444.603,0.2059,0,0,0,0
444.635,0.2059,0,0,0,0
444.673,0.2059,0,0,0,0
444.706,0.2059,0,0,0,0
444.740,0.2059,0,0,0,0
444.773,0.2059,0,0,0,0
444.806,0.2059,0,0,0,0
444.840,0.2059,0,0,0,0
444.872,0.2059,0,0,0,0
444.904,0.2059,0,0,0,0
444.935,0.2059,0,0,0,0
444.972,0.2059,0,0,0,0
445.002,0.2059,0,0,0,0
445.038,0.2059,0,0,0,0
445.071,0.2059,0,0,0,0
445.102,0.2059,0,0,0,0
445.135,0.2059,0,0,0,0
445.172,0.2059,0,0,0,0
445.203,0.2059,0,0,0,0
445.239,0.2059,0,0,0,0
445.269,0.2059,0,0,0,0
445.306,0.2059,0,0,0,0
445.336,0.2059,0,0,0,0
445.373,0.2059,0,0,0,0
445.405,0.2059,0,0,0,0
445.436,0.2059,0,0,0,0
445.472,0.2059,0,0,0,0
445.502,0.2059,0,0,0,0
445.536,0.2059,0,0,0,0
445.571,0.2059,0,0,0,0
445.603,0.2059,0,0,0,0
445.637,0.2059,0,0,0,0
445.669,0.2059,0,0,0,0
445.706,0.2059,0,0,0,0
445.739,0.2059,0,0,0,0
445.773,0.2059,0,0,0,0
445.803,0.2059,0,0,0,0
445.835,0.2059,0,0,0,0
445.869,0.2059,0,0,0,0
445.903,0.2059,0,0,0,0
445.940,0.2059,0,0,0,0
445.970,0.2059,0,0,0,0
446.002,0.2059,0,0,0,0
446.039,0.2059,0,0,0,0
446.074,0.2059,0,0,0,0
446.105,0.2059,0,0,0,0
446.137,0.2059,0,0,0,0
446.169,0.2059,0,0,0,0
446.205,0.2059,0,0,0,0
446.240,0.2059,0,0,0,0
446.269,0.2059,0,0,0,0
446.306,0.2059,0,0,0,0
446.338,0.2059,0,0,0,0
446.369,0.2059,0,0,0,0
446.402,0.2059,0,0,0,0
446.437,0.2059,0,0,0,0
446.473,0.2059,0,0,0,0
446.503,0.2059,0,0,0,0
446.535,0.2059,0,0,0,0
446.574,0.2059,0,0,0,0
446.605,0.2059,0,0,0,0
446.635,0.2059,0,0,0,0
446.669,0.2059,0,0,0,0
446.707,0.2059,0,0,0,0
446.735,0.2059,0,0,0,0
446.772,0.2059,0,0,0,0
446.806,0.2059,0,0,0,0
446.835,0.2059,0,0,0,0
446.871,0.2059,0,0,0,0
446.902,0.2059,0,0,0,0
446.939,0.2059,0,0,0,0
446.974,0.2059,0,0,0,0
447.006,0.2059,0,0,0,0
447.037,0.2059,0,0,0,0
447.070,0.2059,0,0,0,0
447.102,0.2059,0,0,0,0
447.139,0.2059,0,0,0,0
447.169,0.2059,0,0,0,0
447.203,0.2059,0,0,0,0
447.236,0.2059,0,0,0,0
447.270,0.2059,0,0,0,0
447.303,0.2059,0,0,0,0
447.339,0.2059,0,0,0,0
447.372,0.2059,0,0,0,0
447.404,0.2059,0,0,0,0
447.441,0.2059,0,0,0,0
447.469,0.2059,0,0,0,0
447.505,0.2059,0,0,0,0
447.540,0.2059,0,0,0,0
447.569,0.2059,0,0,0,0
447.604,0.2059,0,0,0,0
447.641,0.2059,0,0,0,0
447.671,0.2059,0,0,0,0
447.706,0.2059,0,0,0,0
447.735,0.2059,0,0,0,0
447.768,0.2059,0,0,0,0
447.806,0.2059,0,0,0,0
447.839,0.2059,0,0,0,0
447.874,0.2059,0,0,0,0
447.904,0.2059,0,0,0,0
447.940,0.2059,0,0,0,0
447.969,0.2059,0,0,0,0
448.005,0.2059,0,0,0,0
448.039,0.2059,0,0,0,0
448.070,0.2059,0,0,0,0
448.106,0.2059,0,0,0,0
448.138,0.2059,0,0,0,0
448.173,0.2059,0,0,0,0
448.203,0.2059,0,0,0,0
448.239,0.2059,0,0,0,0
448.273,0.2059,0,0,0,0
448.304,0.2059,0,0,0,0
448.336,0.2059,0,0,0,0
448.372,0.2059,0,0,0,0
448.402,0.2059,0,0,0,0
448.438,0.2059,0,0,0,0
448.473,0.2059,0,0,0,0
448.505,0.2059,0,0,0,0
448.537,0.2059,0,0,0,0
448.569,0.2059,0,0,0,0
448.606,0.2059,0,0,0,0
448.637,0.2059,0,0,0,0
448.672,0.2059,0,0,0,0
448.706,0.2059,0,0,0,0
448.735,0.2059,0,0,0,0
448.769,0.2059,0,0,0,0
448.802,0.2059,0,0,0,0
448.840,0.2059,0,0,0,0
448.869,0.2059,0,0,0,0
448.906,0.2059,0,0,0,0
448.935,0.2059,0,0,0,0
448.970,0.2059,0,0,0,0
449.002,0.2059,0,0,0,0
449.037,0.2059,0,0,0,0
449.072,0.2059,0,0,0,0
449.102,0.2059,0,0,0,0
449.136,0.2059,0,0,0,0
449.174,0.2059,0,0,0,0
449.207,0.2059,0,0,0,0
449.236,0.2059,0,0,0,0
449.273,0.2059,0,0,0,0
449.303,0.2059,0,0,0,0
449.343,0.2059,0,0,0,0
449.373,0.2059,0,0,0,0
449.405,0.2059,0,0,0,0
449.436,0.2059,0,0,0,0
449.473,0.2059,0,0,0,0
449.498,0.2059,0,0,0,0
449.541,0.2059,0,0,0,0
449.571,0.2059,0,0,0,0
449.607,0.2059,0,0,0,0
449.649,0.2059,0,0,0,0
449.673,0.2059,0,0,0,0
449.705,0.2059,0,0,0,0
449.736,0.2059,0,0,0,0
449.774,0.2059,0,0,0,0
449.799,0.2059,0,0,0,0
449.839,0.2059,0,0,0,0
449.872,0.2059,0,0,0,0
449.904,0.2059,0,0,0,0
449.936,0.2059,0,0,0,0
449.968,0.2059,0,0,0,0
450.002,0.2059,0,0,0,0
450.036,0.2059,0,0,0,0
450.068,0.2059,0,0,0,0
450.100,0.2059,0,0,0,0
450.135,0.2059,0,0,0,0
450.175,0.2059,0,0,0,0
450.207,0.2059,0,0,0,0
450.242,0.2059,0,0,0,0
450.268,0.2059,0,0,0,0
450.303,0.2059,0,0,0,0
450.340,0.2059,0,0,0,0
450.368,0.2059,0,0,0,0
450.402,0.2059,0,0,0,0
450.440,0.2059,0,0,0,0
450.473,0.2059,0,0,0,0
450.505,0.2059,0,0,0,0
450.536,0.2059,0,0,0,0
450.571,0.2059,0,0,0,0
450.602,0.2059,0,0,0,0
450.639,0.2059,0,0,0,0
450.668,0.2059,0,0,0,0
450.703,0.2059,0,0,0,0
450.739,0.2059,0,0,0,0
450.774,0.2059,0,0,0,0
450.806,0.2059,0,0,0,0
450.837,0.2059,0,0,0,0
450.874,0.2059,0,0,0,0
450.907,0.2059,0,0,0,0
450.936,0.2059,0,0,0,0
450.968,0.2059,0,0,0,0
451.006,0.2059,0,0,0,0
451.036,0.2059,0,0,0,0
451.070,0.2059,0,0,0,0
451.107,0.2059,0,0,0,0
451.137,0.2059,0,0,0,0
451.170,0.2059,0,0,0,0
451.206,0.2059,0,0,0,0
451.236,0.2059,0,0,0,0
451.270,0.2059,0,0,0,0
451.313,0.2059,0,0,0,0
451.339,0.2059,0,0,0,0
451.370,0.2059,0,0,0,0
451.405,0.2059,0,0,0,0
451.440,0.2059,0,0,0,0
451.469,0.2059,0,0,0,0
451.503,0.2059,0,0,0,0
451.538,0.2059,0,0,0,0
451.569,0.2059,0,0,0,0
451.607,0.2059,0,0,0,0
451.635,0.2059,0,0,0,0
451.671,0.2059,0,0,0,0
451.706,0.2059,0,0,0,0
451.736,0.2059,0,0,0,0
451.769,0.2059,0,0,0,0
451.802,0.2059,0,0,0,0
451.838,0.2059,0,0,0,0
451.870,0.2059,0,0,0,0
451.902,0.2059,0,0,0,0
451.939,0.2059,0,0,0,0
451.968,0.2059,0,0,0,0
452.003,0.2059,0,0,0,0
452.039,0.2059,0,0,0,0
452.073,0.2059,0,0,0,0
452.105,0.2059,0,0,0,0
452.135,0.2059,0,0,0,0
452.172,0.2059,0,0,0,0
452.207,0.2059,0,0,0,0
452.236,0.2059,0,0,0,0
452.271,0.2059,0,0,0,0
452.307,0.2059,0,0,0,0
452.340,0.2059,0,0,0,0
452.369,0.2059,0,0,0,0
452.405,0.2059,0,0,0,0
452.436,0.2059,0,0,0,0
452.470,0.2059,0,0,0,0
452.506,0.2059,0,0,0,0
452.536,0.2059,0,0,0,0
452.572,0.2059,0,0,0,0
452.606,0.2059,0,0,0,0
452.635,0.2059,0,0,0,0
452.669,0.2059,0,0,0,0
452.705,0.2059,0,0,0,0
452.738,0.2059,0,0,0,0
452.769,0.2059,0,0,0,0
452.806,0.2059,0,0,0,0
452.835,0.2059,0,0,0,0
452.871,0.2059,0,0,0,0
452.904,0.2059,0,0,0,0
452.935,0.2059,0,0,0,0
452.971,0.2059,0,0,0,0
453.004,0.2059,0,0,0,0
453.040,0.2059,0,0,0,0
453.074,0.2059,0,0,0,0
453.104,0.2059,0,0,0,0
453.139,0.2059,0,0,0,0
453.172,0.2059,0,0,0,0
453.204,0.2059,0,0,0,0
453.240,0.2059,0,0,0,0
453.272,0.2059,0,0,0,0
453.302,0.2059,0,0,0,0
453.338,0.2059,0,0,0,0
453.369,0.2059,0,0,0,0
453.403,0.2059,0,0,0,0
453.437,0.2059,0,0,0,0
453.472,0.2059,0,0,0,0
453.502,0.2059,0,0,0,0
453.537,0.2059,0,0,0,0
453.574,0.2059,0,0,0,0
453.602,0.2059,0,0,0,0
453.636,0.2059,0,0,0,0
453.673,0.2059,0,0,0,0
453.704,0.2059,0,0,0,0
453.740,0.2059,0,0,0,0
453.771,0.2059,0,0,0,0
453.806,0.2059,0,0,0,0
453.837,0.2059,0,0,0,0
453.874,0.2059,0,0,0,0
453.905,0.2059,0,0,0,0
453.940,0.2059,0,0,0,0
453.970,0.2059,0,0,0,0
454.005,0.2059,0,0,0,0
454.040,0.2059,0,0,0,0
454.069,0.2059,0,0,0,0
454.105,0.2059,0,0,0,0
454.136,0.2059,0,0,0,0
454.173,0.2059,0,0,0,0
454.202,0.2059,0,0,0,0
454.238,0.2059,0,0,0,0
454.270,0.2059,0,0,0,0
454.302,0.2059,0,0,0,0
454.337,0.2059,0,0,0,0
454.369,0.2059,0,0,0,0
454.405,0.2059,0,0,0,0
454.436,0.2059,0,0,0,0
454.469,0.2059,0,0,0,0
454.504,0.2059,0,0,0,0
454.536,0.2059,0,0,0,0
454.573,0.2059,0,0,0,0
454.605,0.2059,0,0,0,0
454.636,0.2059,0,0,0,0
454.670,0.2059,0,0,0,0
454.706,0.2059,0,0,0,0
454.735,0.2059,0,0,0,0
454.773,0.2059,0,0,0,0
454.804,0.2059,0,0,0,0
454.839,0.2059,0,0,0,0
454.869,0.2059,0,0,0,0
454.905,0.2059,0,0,0,0
454.940,0.2059,0,0,0,0
454.969,0.2059,0,0,0,0
455.002,0.2059,0,0,0,0
455.038,0.2059,0,0,0,0
455.069,0.2059,0,0,0,0
455.101,0.2059,0,0,0,0
455.135,0.2059,0,0,0,0
455.171,0.2059,0,0,0,0
455.205,0.2059,0,0,0,0
455.239,0.2059,0,0,0,0
455.273,0.2059,0,0,0,0
455.302,0.2059,0,0,0,0
455.336,0.2059,0,0,0,0
455.369,0.2059,0,0,0,0
455.402,0.2059,0,0,0,0
455.438,0.2059,0,0,0,0
455.474,0.2059,0,0,0,0
455.506,0.2059,0,0,0,0
455.538,0.2059,0,0,0,0
455.571,0.2059,0,0,0,0
455.602,0.2059,0,0,0,0
455.639,0.2059,0,0,0,0
455.669,0.2059,0,0,0,0
455.702,0.2059,0,0,0,0
455.739,0.2059,0,0,0,0
455.770,0.2059,0,0,0,0
455.802,0.2059,0,0,0,0
455.836,0.2059,0,0,0,0
455.870,0.2059,0,0,0,0
455.903,0.2059,0,0,0,0
455.936,0.2059,0,0,0,0
455.972,0.2059,0,0,0,0
456.003,0.2059,0,0,0,0
456.039,0.2059,0,0,0,0
456.071,0.2059,0,0,0,0
456.104,0.2059,0,0,0,0
456.137,0.2059,0,0,0,0
456.169,0.2059,0,0,0,0
456.206,0.2059,0,0,0,0
456.239,0.2059,0,0,0,0
456.272,0.2059,0,0,0,0
456.304,0.2059,0,0,0,0
456.335,0.2059,0,0,0,0
456.373,0.2059,0,0,0,0
456.403,0.2059,0,0,0,0
456.435,0.2059,0,0,0,0
456.473,0.2059,0,0,0,0
456.506,0.2059,0,0,0,0
456.539,0.2059,0,0,0,0
456.572,0.2059,0,0,0,0
456.606,0.2059,0,0,0,0
456.639,0.2059,0,0,0,0
456.672,0.2059,0,0,0,0
456.706,0.2059,0,0,0,0
456.739,0.2059,0,0,0,0
456.772,0.2059,0,0,0,0
456.803,0.2059,0,0,0,0
456.840,0.2059,0,0,0,0
456.871,0.2059,0,0,0,0
456.905,0.2059,0,0,0,0
456.940,0.2059,0,0,0,0
456.969,0.2059,0,0,0,0
457.006,0.2059,0,0,0,0
457.039,0.2059,0,0,0,0
457.070,0.2059,0,0,0,0
457.107,0.2059,0,0,0,0
457.139,0.2059,0,0,0,0
457.171,0.2059,0,0,0,0
457.203,0.2059,0,0,0,0
457.240,0.2059,0,0,0,0
457.272,0.2059,0,0,0,0
457.305,0.2059,0,0,0,0
457.336,0.2059,0,0,0,0
457.372,0.2059,0,0,0,0
457.405,0.2059,0,0,0,0
457.437,0.2059,0,0,0,0
457.469,0.2059,0,0,0,0
457.507,0.2059,0,0,0,0
457.539,0.2059,0,0,0,0
457.573,0.2059,0,0,0,0
457.605,0.2059,0,0,0,0
457.639,0.2059,0,0,0,0
457.672,0.2059,0,0,0,0
457.705,0.2059,0,0,0,0
457.738,0.2059,0,0,0,0
457.770,0.2059,0,0,0,0
457.802,0.2059,0,0,0,0
457.845,0.2059,0,0,0,0
457.874,0.2059,0,0,0,0
457.907,0.2059,0,0,0,0
457.939,0.2059,0,0,0,0
457.973,0.2059,0,0,0,0
458.006,0.2059,0,0,0,0
458.039,0.2059,0,0,0,0
458.070,0.2059,0,0,0,0
458.103,0.2059,0,0,0,0
458.137,0.2059,0,0,0,0
458.171,0.2059,0,0,0,0
458.206,0.2059,0,0,0,0
458.237,0.2059,0,0,0,0
458.274,0.2059,0,0,0,0
458.303,0.2059,0,0,0,0
458.337,0.2059,0,0,0,0
458.369,0.2059,0,0,0,0
458.406,0.2059,0,0,0,0
458.438,0.2059,0,0,0,0
458.470,0.2059,0,0,0,0
458.506,0.2059,0,0,0,0
458.537,0.2059,0,0,0,0
458.571,0.2059,0,0,0,0
458.600,0.2059,0,0,0,0
458.639,0.2059,0,0,0,0
458.669,0.2059,0,0,0,0
458.705,0.2059,0,0,0,0
458.736,0.2059,0,0,0,0
458.772,0.2059,0,0,0,0
458.802,0.2059,0,0,0,0
458.839,0.2059,0,0,0,0
458.873,0.2059,0,0,0,0
458.902,0.2059,0,0,0,0
458.937,0.2059,0,0,0,0
458.970,0.2059,0,0,0,0
459.002,0.2059,0,0,0,0
459.039,0.2059,0,0,0,0
459.070,0.2059,0,0,0,0
459.105,0.2059,0,0,0,0
459.138,0.2059,0,0,0,0
459.169,0.2059,0,0,0,0
459.205,0.2059,0,0,0,0
459.237,0.2059,0,0,0,0
459.271,0.2059,0,0,0,0
459.303,0.2059,0,0,0,0
459.339,0.2059,0,0,0,0
459.371,0.2059,0,0,0,0
459.403,0.2059,0,0,0,0
459.436,0.2059,0,0,0,0
459.473,0.2059,0,0,0,0
459.504,0.2059,0,0,0,0
459.537,0.2059,0,0,0,0
459.573,0.2059,0,0,0,0
459.605,0.2059,0,0,0,0
459.639,0.2059,0,0,0,0
459.672,0.2059,0,0,0,0
459.705,0.2059,0,0,0,0
459.736,0.2059,0,0,0,0
459.772,0.2059,0,0,0,0
459.813,0.2059,0,0,0,0
459.842,0.2059,0,0,0,0
459.869,0.2059,0,0,0,0
459.906,0.2059,0,0,0,0
459.936,0.2059,0,0,0,0
459.965,0.2059,0,0,0,0
460.002,0.2059,0,0,0,0
460.039,0.2059,0,0,0,0
460.070,0.2059,0,0,0,0
460.102,0.2059,0,0,0,0
460.136,0.2059,0,0,0,0
460.171,0.2059,0,0,0,0
460.205,0.2059,0,0,0,0
460.235,0.2059,0,0,0,0
460.267,0.2059,0,0,0,0
460.306,0.2059,0,0,0,0
460.338,0.2059,0,0,0,0
460.371,0.2059,0,0,0,0
460.403,0.2059,0,0,0,0
460.438,0.2059,0,0,0,0
460.471,0.2059,0,0,0,0
460.502,0.2059,0,0,0,0
460.539,0.2059,0,0,0,0
460.570,0.2059,0,0,0,0
460.606,0.2059,0,0,0,0
460.639,0.2059,0,0,0,0
460.670,0.2059,0,0,0,0
460.703,0.2059,0,0,0,0
460.740,0.2059,0,0,0,0
460.772,0.2059,0,0,0,0
460.802,0.2059,0,0,0,0
460.836,0.2059,0,0,0,0
460.871,0.2059,0,0,0,0
460.903,0.2059,0,0,0,0
460.940,0.2059,0,0,0,0
460.973,0.2059,0,0,0,0
461.004,0.2059,0,0,0,0
461.036,0.2059,0,0,0,0
461.069,0.2059,0,0,0,0
461.103,0.2059,0,0,0,0
461.136,0.2059,0,0,0,0
461.172,0.2059,0,0,0,0
461.204,0.2059,0,0,0,0
461.238,0.2059,0,0,0,0
461.270,0.2059,0,0,0,0
461.306,0.2059,0,0,0,0
461.338,0.2059,0,0,0,0
461.368,0.2059,0,0,0,0
461.405,0.2059,0,0,0,0
461.439,0.2059,0,0,0,0
461.471,0.2059,0,0,0,0
461.505,0.2059,0,0,0,0
461.535,0.2059,0,0,0,0
461.573,0.2059,0,0,0,0
461.605,0.2059,0,0,0,0
461.638,0.2059,0,0,0,0
461.669,0.2059,0,0,0,0
461.706,0.2059,0,0,0,0
461.739,0.2059,0,0,0,0
461.770,0.2059,0,0,0,0
461.803,0.2059,0,0,0,0
461.839,0.2059,0,0,0,0
461.873,0.2059,0,0,0,0
461.906,0.2059,0,0,0,0
461.936,0.2059,0,0,0,0
461.972,0.2059,0,0,0,0
462.003,0.2059,0,0,0,0
462.039,0.2059,0,0,0,0
462.070,0.2059,0,0,0,0
462.105,0.2059,0,0,0,0
462.139,0.2059,0,0,0,0
462.171,0.2059,0,0,0,0
462.202,0.2059,0,0,0,0
462.243,0.2059,0,0,0,0
462.273,0.2059,0,0,0,0
462.307,0.2059,0,0,0,0
462.336,0.2059,0,0,0,0
462.370,0.2059,0,0,0,0
462.405,0.2059,0,0,0,0
462.438,0.2059,0,0,0,0
462.470,0.2059,0,0,0,0
462.502,0.2059,0,0,0,0
462.537,0.2059,0,0,0,0
462.571,0.2059,0,0,0,0
462.603,0.2059,0,0,0,0
462.636,0.2059,0,0,0,0
462.672,0.2059,0,0,0,0
462.697,0.2059,0,0,0,0
462.738,0.2059,0,0,0,0
462.769,0.2059,0,0,0,0
462.804,0.2059,0,0,0,0
462.839,0.2059,0,0,0,0
462.869,0.2059,0,0,0,0
462.905,0.2059,0,0,0,0
462.937,0.2059,0,0,0,0
462.973,0.2059,0,0,0,0
463.003,0.2059,0,0,0,0
463.040,0.2059,0,0,0,0
463.069,0.2059,0,0,0,0
463.107,0.2059,0,0,0,0
463.139,0.2059,0,0,0,0
463.171,0.2059,0,0,0,0
463.203,0.2059,0,0,0,0
463.240,0.2059,0,0,0,0
463.270,0.2059,0,0,0,0
463.299,0.2059,0,0,0,0
463.339,0.2059,0,0,0,0
463.369,0.2059,0,0,0,0
463.405,0.2059,0,0,0,0
463.436,0.2059,0,0,0,0
463.472,0.2059,0,0,0,0
463.502,0.2059,0,0,0,0
463.538,0.2059,0,0,0,0
463.570,0.2059,0,0,0,0
463.603,0.2059,0,0,0,0
463.639,0.2059,0,0,0,0
463.670,0.2059,0,0,0,0
463.706,0.2059,0,0,0,0
463.736,0.2059,0,0,0,0
463.771,0.2059,0,0,0,0
463.806,0.2059,0,0,0,0
463.838,0.2059,0,0,0,0
463.870,0.2059,0,0,0,0
463.906,0.2059,0,0,0,0
463.936,0.2059,0,0,0,0
463.972,0.2059,0,0,0,0
464.003,0.2059,0,0,0,0
464.037,0.2059,0,0,0,0
464.069,0.2059,0,0,0,0
464.103,0.2059,0,0,0,0
464.136,0.2059,0,0,0,0
464.172,0.2059,0,0,0,0
464.203,0.2059,0,0,0,0
464.239,0.2059,0,0,0,0
464.273,0.2059,0,0,0,0
464.303,0.2059,0,0,0,0
464.340,0.2059,0,0,0,0
464.369,0.2059,0,0,0,0
464.405,0.2059,0,0,0,0
464.437,0.2059,0,0,0,0
464.469,0.2059,0,0,0,0
464.506,0.2059,0,0,0,0
464.537,0.2059,0,0,0,0
464.571,0.2059,0,0,0,0
464.606,0.2059,0,0,0,0
464.638,0.2059,0,0,0,0
464.672,0.2059,0,0,0,0
464.702,0.2059,0,0,0,0
464.738,0.2059,0,0,0,0
464.769,0.2059,0,0,0,0
464.815,0.2059,0,0,0,0
464.837,0.2059,0,0,0,0
464.869,0.2059,0,0,0,0
464.904,0.2059,0,0,0,0
464.939,0.2059,0,0,0,0
464.971,0.2059,0,0,0,0
465.002,0.2059,0,0,0,0
465.039,0.2059,0,0,0,0
465.074,0.2059,0,0,0,0
465.104,0.2059,0,0,0,0
465.139,0.2059,0,0,0,0
465.170,0.2059,0,0,0,0
465.206,0.2059,0,0,0,0
465.236,0.2059,0,0,0,0
465.270,0.2059,0,0,0,0
465.307,0.2059,0,0,0,0
465.335,0.2059,0,0,0,0
465.369,0.2059,0,0,0,0
465.406,0.2059,0,0,0,0
465.436,0.2059,0,0,0,0
465.470,0.2059,0,0,0,0
465.506,0.2059,0,0,0,0
465.540,0.2059,0,0,0,0
465.574,0.2059,0,0,0,0
465.607,0.2059,0,0,0,0
465.640,0.2059,0,0,0,0
465.668,0.2059,0,0,0,0
465.706,0.2059,0,0,0,0
465.736,0.2059,0,0,0,0
465.773,0.2059,0,0,0,0
465.806,0.2059,0,0,0,0
465.839,0.2059,0,0,0,0
465.882,0.2059,0,0,0,0
465.905,0.2059,0,0,0,0
465.939,0.2059,0,0,0,0
465.971,0.2059,0,0,0,0
466.003,0.2059,0,0,0,0
466.032,0.2059,0,0,0,0
466.070,0.2059,0,0,0,0
466.103,0.2059,0,0,0,0
466.135,0.2059,0,0,0,0
466.173,0.2059,0,0,0,0
466.206,0.2059,0,0,0,0
466.236,0.2059,0,0,0,0
466.270,0.2059,0,0,0,0
466.302,0.2059,0,0,0,0
466.334,0.2059,0,0,0,0
466.370,0.2059,0,0,0,0
466.403,0.2059,0,0,0,0
466.435,0.2059,0,0,0,0
466.471,0.2059,0,0,0,0
466.506,0.2059,0,0,0,0
466.540,0.2059,0,0,0,0
466.573,0.2059,0,0,0,0
466.605,0.2059,0,0,0,0
466.638,0.2059,0,0,0,0
466.672,0.2059,0,0,0,0
466.703,0.2059,0,0,0,0
466.737,0.2059,0,0,0,0
466.770,0.2059,0,0,0,0
466.804,0.2059,0,0,0,0
466.836,0.2059,0,0,0,0
466.870,0.2059,0,0,0,0
466.903,0.2059,0,0,0,0
466.944,0.2059,0,0,0,0
466.970,0.2059,0,0,0,0
467.004,0.2059,0,0,0,0
467.037,0.2059,0,0,0,0
467.071,0.2059,0,0,0,0
467.104,0.2059,0,0,0,0
467.139,0.2059,0,0,0,0
467.173,0.2059,0,0,0,0
467.206,0.2059,0,0,0,0
467.238,0.2059,0,0,0,0
467.271,0.2059,0,0,0,0
467.306,0.2059,0,0,0,0
467.337,0.2059,0,0,0,0
467.373,0.2059,0,0,0,0
467.397,0.2059,0,0,0,0
467.440,0.2059,0,0,0,0
467.469,0.2059,0,0,0,0
467.506,0.2059,0,0,0,0
467.538,0.2059,0,0,0,0
467.573,0.2059,0,0,0,0
467.603,0.2059,0,0,0,0
467.636,0.2059,0,0,0,0
467.673,0.2059,0,0,0,0
467.705,0.2059,0,0,0,0
467.737,0.2059,0,0,0,0
467.770,0.2059,0,0,0,0
467.806,0.2059,0,0,0,0
467.836,0.2059,0,0,0,0
467.872,0.2059,0,0,0,0
467.904,0.2059,0,0,0,0
467.936,0.2059,0,0,0,0
467.972,0.2059,0,0,0,0
468.005,0.2059,0,0,0,0
468.038,0.2059,0,0,0,0
468.069,0.2059,0,0,0,0
468.105,0.2059,0,0,0,0
468.139,0.2059,0,0,0,0
468.172,0.2059,0,0,0,0
468.205,0.2059,0,0,0,0
468.235,0.2059,0,0,0,0
468.272,0.2059,0,0,0,0
468.304,0.2059,0,0,0,0
468.338,0.2059,0,0,0,0
468.373,0.2059,0,0,0,0
468.404,0.2059,0,0,0,0
468.440,0.2059,0,0,0,0
468.472,0.2059,0,0,0,0
468.502,0.2059,0,0,0,0
468.539,0.2059,0,0,0,0
468.571,0.2059,0,0,0,0
468.604,0.2059,0,0,0,0
468.639,0.2059,0,0,0,0
468.666,0.2059,0,0,0,0
468.702,0.2059,0,0,0,0
468.737,0.2059,0,0,0,0
468.769,0.2059,0,0,0,0
468.805,0.2059,0,0,0,0
468.836,0.2059,0,0,0,0
468.872,0.2059,0,0,0,0
468.903,0.2059,0,0,0,0
468.937,0.2059,0,0,0,0
468.969,0.2059,0,0,0,0
469.002,0.2059,0,0,0,0
469.039,0.2059,0,0,0,0
469.070,0.2059,0,0,0,0
469.106,0.2059,0,0,0,0
469.137,0.2059,0,0,0,0
469.171,0.2059,0,0,0,0
469.202,0.2059,0,0,0,0
469.239,0.2059,0,0,0,0
469.272,0.2059,0,0,0,0
469.305,0.2059,0,0,0,0
469.337,0.2059,0,0,0,0
469.373,0.2059,0,0,0,0
469.407,0.2059,0,0,0,0
469.435,0.2059,0,0,0,0
469.474,0.2059,0,0,0,0
469.504,0.2059,0,0,0,0
469.537,0.2059,0,0,0,0
469.573,0.2059,0,0,0,0
469.604,0.2059,0,0,0,0
469.637,0.2059,0,0,0,0
469.672,0.2059,0,0,0,0
469.705,0.2059,0,0,0,0
469.740,0.2059,0,0,0,0
469.769,0.2059,0,0,0,0
469.804,0.2059,0,0,0,0
469.838,0.2059,0,0,0,0
469.872,0.2059,0,0,0,0
469.905,0.2059,0,0,0,0
469.939,0.2059,0,0,0,0
469.971,0.2059,0,0,0,0
470.006,0.2059,0,0,0,0
470.037,0.2059,0,0,0,0
470.072,0.2059,0,0,0,0
470.104,0.2059,0,0,0,0
470.135,0.2059,0,0,0,0
470.168,0.2059,0,0,0,0
470.206,0.2059,0,0,0,0
470.239,0.2059,0,0,0,0
470.269,0.2059,0,0,0,0
470.302,0.2059,0,0,0,0
470.338,0.2059,0,0,0,0
470.371,0.2059,0,0,0,0
470.404,0.2059,0,0,0,0
470.438,0.2059,0,0,0,0
470.472,0.2059,0,0,0,0
470.506,0.2059,0,0,0,0
470.540,0.2059,0,0,0,0
470.572,0.2059,0,0,0,0
470.606,0.2059,0,0,0,0
470.638,0.2059,0,0,0,0
470.672,0.2059,0,0,0,0
470.704,0.2059,0,0,0,0
470.738,0.2059,0,0,0,0
470.771,0.2059,0,0,0,0
470.802,0.2059,0,0,0,0
470.835,0.2059,0,0,0,0
470.873,0.2059,0,0,0,0
470.906,0.2059,0,0,0,0
470.937,0.2059,0,0,0,0
470.970,0.2059,0,0,0,0
471.003,0.2059,0,0,0,0
471.036,0.2059,0,0,0,0
471.070,0.2059,0,0,0,0
471.102,0.2059,0,0,0,0
471.136,0.2059,0,0,0,0
471.173,0.2059,0,0,0,0
471.206,0.2059,0,0,0,0
471.237,0.2059,0,0,0,0
471.270,0.2059,0,0,0,0
471.303,0.2059,0,0,0,0
471.337,0.2059,0,0,0,0
471.370,0.2059,0,0,0,0
471.402,0.2059,0,0,0,0
471.436,0.2059,0,0,0,0
471.473,0.2059,0,0,0,0
471.506,0.2059,0,0,0,0
471.538,0.2059,0,0,0,0
471.571,0.2059,0,0,0,0
471.604,0.2059,0,0,0,0
471.638,0.2059,0,0,0,0
471.671,0.2059,0,0,0,0
471.703,0.2059,0,0,0,0
471.737,0.2059,0,0,0,0
471.768,0.2059,0,0,0,0
471.808,0.2059,0,0,0,0
471.840,0.2059,0,0,0,0
471.873,0.2059,0,0,0,0
471.905,0.2059,0,0,0,0
471.938,0.2059,0,0,0,0
471.971,0.2059,0,0,0,0
472.003,0.2059,0,0,0,0
472.036,0.2059,0,0,0,0
472.073,0.2059,0,0,0,0
472.106,0.2059,0,0,0,0
472.138,0.2059,0,0,0,0
472.170,0.2059,0,0,0,0
472.203,0.2059,0,0,0,0
472.235,0.2059,0,0,0,0
472.268,0.2059,0,0,0,0
472.306,0.2059,0,0,0,0
472.338,0.2059,0,0,0,0
472.370,0.2059,0,0,0,0
472.405,0.2059,0,0,0,0
472.438,0.2059,0,0,0,0
472.472,0.2059,0,0,0,0
472.506,0.2059,0,0,0,0
472.535,0.2059,0,0,0,0
472.569,0.2059,0,0,0,0
472.602,0.2059,0,0,0,0
472.635,0.2059,0,0,0,0
472.671,0.2059,0,0,0,0
472.704,0.2059,0,0,0,0
472.737,0.2059,0,0,0,0
472.771,0.2059,0,0,0,0
472.804,0.2059,0,0,0,0
472.838,0.2059,0,0,0,0
472.871,0.2059,0,0,0,0
472.904,0.2059,0,0,0,0
472.937,0.2059,0,0,0,0
472.968,0.2059,0,0,0,0
473.002,0.2059,0,0,0,0
473.035,0.2059,0,0,0,0
473.068,0.2059,0,0,0,0
473.102,0.2059,0,0,0,0
473.142,0.2059,0,0,0,0
473.173,0.2059,0,0,0,0
473.204,0.2059,0,0,0,0
473.238,0.2059,0,0,0,0
473.269,0.2059,0,0,0,0
473.302,0.2059,0,0,0,0
473.335,0.2059,0,0,0,0
473.373,0.2059,0,0,0,0
473.404,0.2059,0,0,0,0
473.438,0.2059,0,0,0,0
473.470,0.2059,0,0,0,0
473.502,0.2059,0,0,0,0
473.535,0.2059,0,0,0,0
473.572,0.2059,0,0,0,0
473.605,0.2059,0,0,0,0
473.638,0.2059,0,0,0,0
473.671,0.2059,0,0,0,0
473.703,0.2059,0,0,0,0
473.735,0.2059,0,0,0,0
473.768,0.2059,0,0,0,0
473.804,0.2059,0,0,0,0
473.839,0.2059,0,0,0,0
473.870,0.2059,0,0,0,0
473.903,0.2059,0,0,0,0
473.936,0.2059,0,0,0,0
473.969,0.2059,0,0,0,0
474.002,0.2059,0,0,0,0
474.035,0.2059,0,0,0,0
474.069,0.2059,0,0,0,0
474.102,0.2059,0,0,0,0
474.136,0.2059,0,0,0,0
474.169,0.2059,0,0,0,0
474.202,0.2059,0,0,0,0
474.235,0.2059,0,0,0,0
474.273,0.2059,0,0,0,0
474.302,0.2059,0,0,0,0
474.337,0.2059,0,0,0,0
474.369,0.2059,0,0,0,0
474.404,0.2059,0,0,0,0
474.435,0.2059,0,0,0,0
474.469,0.2059,0,0,0,0
474.504,0.2059,0,0,0,0
474.537,0.2059,0,0,0,0
474.569,0.2059,0,0,0,0
474.603,0.2059,0,0,0,0
474.636,0.2059,0,0,0,0
474.668,0.2059,0,0,0,0
474.706,0.2059,0,0,0,0
474.739,0.2059,0,0,0,0
474.772,0.2059,0,0,0,0
474.806,0.2059,0,0,0,0
474.839,0.2059,0,0,0,0
474.871,0.2059,0,0,0,0
474.905,0.2059,0,0,0,0
474.938,0.2059,0,0,0,0
474.969,0.2059,0,0,0,0
475.002,0.2059,0,0,0,0
475.040,0.2059,0,0,0,0
475.072,0.2059,0,0,0,0
475.105,0.2059,0,0,0,0
475.138,0.2059,0,0,0,0
475.170,0.2059,0,0,0,0
475.204,0.2059,0,0,0,0
475.236,0.2059,0,0,0,0
475.269,0.2059,0,0,0,0
475.302,0.2059,0,0,0,0
475.338,0.2059,0,0,0,0
475.370,0.2059,0,0,0,0
475.401,0.2059,0,0,0,0
475.437,0.2059,0,0,0,0
475.468,0.2059,0,0,0,0
475.504,0.2059,0,0,0,0
475.539,0.2059,0,0,0,0
475.573,0.2059,0,0,0,0
475.602,0.2059,0,0,0,0
475.640,0.2059,0,0,0,0
475.673,0.2059,0,0,0,0
475.705,0.2059,0,0,0,0
475.738,0.2059,0,0,0,0
475.770,0.2059,0,0,0,0
475.804,0.2059,0,0,0,0
475.837,0.2059,0,0,0,0
475.870,0.2059,0,0,0,0
475.904,0.2059,0,0,0,0
475.937,0.2059,0,0,0,0
475.971,0.2059,0,0,0,0
476.004,0.2059,0,0,0,0
476.038,0.2059,0,0,0,0
476.072,0.2059,0,0,0,0
476.103,0.2059,0,0,0,0
476.138,0.2059,0,0,0,0
476.173,0.2059,0,0,0,0
476.202,0.2059,0,0,0,0
476.236,0.2059,0,0,0,0
476.272,0.2059,0,0,0,0
476.302,0.2059,0,0,0,0
476.337,0.2059,0,0,0,0
476.369,0.2059,0,0,0,0
476.403,0.2059,0,0,0,0
476.439,0.2059,0,0,0,0
476.471,0.2059,0,0,0,0
476.504,0.2059,0,0,0,0
476.537,0.2059,0,0,0,0
476.568,0.2059,0,0,0,0
476.606,0.2059,0,0,0,0
476.637,0.2059,0,0,0,0
476.670,0.2059,0,0,0,0
476.702,0.2059,0,0,0,0
476.739,0.2059,0,0,0,0
476.771,0.2059,0,0,0,0
476.804,0.2059,0,0,0,0
476.836,0.2059,0,0,0,0
476.869,0.2059,0,0,0,0
476.903,0.2059,0,0,0,0
476.935,0.2059,0,0,0,0
476.969,0.2059,0,0,0,0
477.006,0.2059,0,0,0,0
477.039,0.2059,0,0,0,0
477.072,0.2059,0,0,0,0
477.106,0.2059,0,0,0,0
477.140,0.2059,0,0,0,0
477.172,0.2059,0,0,0,0
477.205,0.2059,0,0,0,0
477.238,0.2059,0,0,0,0
477.272,0.2059,0,0,0,0
477.305,0.2059,0,0,0,0
477.336,0.2059,0,0,0,0
477.370,0.2059,0,0,0,0
477.406,0.2059,0,0,0,0
477.436,0.2059,0,0,0,0
477.469,0.2059,0,0,0,0
477.505,0.2059,0,0,0,0
477.539,0.2059,0,0,0,0
477.569,0.2059,0,0,0,0
477.605,0.2059,0,0,0,0
477.639,0.2059,0,0,0,0
477.673,0.2059,0,0,0,0
477.703,0.2059,0,0,0,0
477.736,0.2059,0,0,0,0
477.771,0.2059,0,0,0,0
477.803,0.2059,0,0,0,0
477.837,0.2059,0,0,0,0
477.871,0.2059,0,0,0,0
477.916,0.2059,0,0,0,0
477.939,0.2059,0,0,0,0
477.973,0.2059,0,0,0,0
478.002,0.2059,0,0,0,0
478.036,0.2059,0,0,0,0
478.069,0.2059,0,0,0,0
478.105,0.2059,0,0,0,0
478.138,0.2059,0,0,0,0
478.172,0.2059,0,0,0,0
478.207,0.2059,0,0,0,0
478.233,0.2059,0,0,0,0
478.274,0.2059,0,0,0,0
478.308,0.2059,0,0,0,0
478.336,0.2059,0,0,0,0
478.378,0.2059,0,0,0,0
478.407,0.2059,0,0,0,0
478.437,0.2059,0,0,0,0
478.472,0.2059,0,0,0,0
478.507,0.2059,0,0,0,0
478.537,0.2059,0,0,0,0
478.571,0.2059,0,0,0,0
478.607,0.2059,0,0,0,0
478.637,0.2059,0,0,0,0
478.670,0.2059,0,0,0,0
478.701,0.2059,0,0,0,0
478.737,0.2059,0,0,0,0
478.772,0.2059,0,0,0,0
478.809,0.2059,0,0,0,0
478.837,0.2059,0,0,0,0
478.871,0.2059,0,0,0,0
478.906,0.2059,0,0,0,0
478.935,0.2059,0,0,0,0
478.968,0.2059,0,0,0,0
479.003,0.2059,0,0,0,0
479.037,0.2059,0,0,0,0
479.071,0.2059,0,0,0,0
479.101,0.2059,0,0,0,0
479.140,0.2059,0,0,0,0
479.169,0.2059,0,0,0,0
479.205,0.2059,0,0,0,0
479.237,0.2059,0,0,0,0
479.271,0.2059,0,0,0,0
479.307,0.2059,0,0,0,0
479.337,0.2059,0,0,0,0
479.372,0.2059,0,0,0,0
479.408,0.2059,0,0,0,0
479.438,0.2059,0,0,0,0
479.470,0.2059,0,0,0,0
479.504,0.2059,0,0,0,0
479.537,0.2059,0,0,0,0
479.572,0.2059,0,0,0,0
479.601,0.2059,0,0,0,0
479.637,0.2059,0,0,0,0
479.672,0.2059,0,0,0,0
479.703,0.2059,0,0,0,0
479.738,0.2059,0,0,0,0
479.771,0.2059,0,0,0,0
479.812,0.2059,0,0,0,0
479.838,0.2059,0,0,0,0
479.867,0.2059,0,0,0,0
479.903,0.2059,0,0,0,0
479.937,0.2059,0,0,0,0
479.971,0.2059,0,0,0,0
480.003,0.2059,0,0,0,0
480.038,0.2059,0,0,0,0
480.072,0.2059,0,0,0,0
480.105,0.2059,0,0,0,0
480.138,0.2059,0,0,0,0
480.170,0.2059,0,0,0,0
480.205,0.2059,0,0,0,0
480.237,0.2059,0,0,0,0
480.271,0.2059,0,0,0,0
480.304,0.2059,0,0,0,0
480.339,0.2059,0,0,0,0
480.374,0.2059,0,0,0,0
480.404,0.2059,0,0,0,0
480.439,0.2059,0,0,0,0
480.473,0.2059,0,0,0,0
480.505,0.2059,0,0,0,0
480.540,0.2059,0,0,0,0
480.567,0.2059,0,0,0,0
480.609,0.2059,0,0,0,0
480.641,0.2059,0,0,0,0
480.673,0.2059,0,0,0,0
480.706,0.2059,0,0,0,0
480.734,0.2059,0,0,0,0
480.772,0.2059,0,0,0,0
480.805,0.2059,0,0,0,0
480.837,0.2059,0,0,0,0
480.872,0.2059,0,0,0,0
480.906,0.2059,0,0,0,0
480.940,0.2059,0,0,0,0
480.972,0.2059,0,0,0,0
481.001,0.2059,0,0,0,0
481.041,0.2059,0,0,0,0
481.071,0.2059,0,0,0,0
481.106,0.2059,0,0,0,0
481.139,0.2059,0,0,0,0
481.168,0.2059,0,0,0,0
481.205,0.2059,0,0,0,0
481.238,0.2059,0,0,0,0
481.272,0.2059,0,0,0,0
481.305,0.2059,0,0,0,0
481.339,0.2059,0,0,0,0
481.368,0.2059,0,0,0,0
481.406,0.2059,0,0,0,0
481.438,0.2059,0,0,0,0
481.473,0.2059,0,0,0,0
481.506,0.2059,0,0,0,0
481.539,0.2059,0,0,0,0
481.573,0.2059,0,0,0,0
481.606,0.2059,0,0,0,0
481.635,0.2059,0,0,0,0
481.672,0.2059,0,0,0,0
481.705,0.2059,0,0,0,0
481.739,0.2059,0,0,0,0
481.772,0.2059,0,0,0,0
481.805,0.2059,0,0,0,0
481.839,0.2059,0,0,0,0
481.873,0.2059,0,0,0,0
481.904,0.2059,0,0,0,0
481.939,0.2059,0,0,0,0
481.973,0.2059,0,0,0,0
482.005,0.2059,0,0,0,0
482.039,0.2059,0,0,0,0
482.071,0.2059,0,0,0,0
482.106,0.2059,0,0,0,0
482.139,0.2059,0,0,0,0
482.173,0.2059,0,0,0,0
482.207,0.2059,0,0,0,0
482.238,0.2059,0,0,0,0
482.273,0.2059,0,0,0,0
482.304,0.2059,0,0,0,0
482.340,0.2059,0,0,0,0
482.372,0.2059,0,0,0,0
482.406,0.2059,0,0,0,0
482.438,0.2059,0,0,0,0
482.469,0.2059,0,0,0,0
482.505,0.2059,0,0,0,0
482.539,0.2059,0,0,0,0
482.572,0.2059,0,0,0,0
482.606,0.2059,0,0,0,0
482.639,0.2059,0,0,0,0
482.673,0.2059,0,0,0,0
482.707,0.2059,0,0,0,0
482.738,0.2059,0,0,0,0
482.773,0.2059,0,0,0,0
482.805,0.2059,0,0,0,0
482.839,0.2059,0,0,0,0
482.869,0.2059,0,0,0,0
482.905,0.2059,0,0,0,0
482.938,0.2059,0,0,0,0
482.972,0.2059,0,0,0,0
483.006,0.2059,0,0,0,0
483.038,0.2059,0,0,0,0
483.071,0.2059,0,0,0,0
483.105,0.2059,0,0,0,0
483.137,0.2059,0,0,0,0
483.171,0.2059,0,0,0,0
483.204,0.2059,0,0,0,0
483.238,0.2059,0,0,0,0
483.270,0.2059,0,0,0,0
483.305,0.2059,0,0,0,0
483.339,0.2059,0,0,0,0
483.368,0.2059,0,0,0,0
483.406,0.2059,0,0,0,0
483.439,0.2059,0,0,0,0
483.471,0.2059,0,0,0,0
483.506,0.2059,0,0,0,0
483.535,0.2059,0,0,0,0
483.573,0.2059,0,0,0,0
483.605,0.2059,0,0,0,0
483.634,0.2059,0,0,0,0
483.671,0.2059,0,0,0,0
483.701,0.2059,0,0,0,0
483.739,0.2059,0,0,0,0
483.772,0.2059,0,0,0,0
483.806,0.2059,0,0,0,0
483.840,0.2059,0,0,0,0
483.873,0.2059,0,0,0,0
483.906,0.2059,0,0,0,0
483.935,0.2059,0,0,0,0
483.973,0.2059,0,0,0,0
484.006,0.2059,0,0,0,0
484.034,0.2059,0,0,0,0
484.072,0.2059,0,0,0,0
484.104,0.2059,0,0,0,0
484.139,0.2059,0,0,0,0
484.173,0.2059,0,0,0,0
484.204,0.2059,0,0,0,0
484.239,0.2059,0,0,0,0
484.272,0.2059,0,0,0,0
484.305,0.2059,0,0,0,0
484.339,0.2059,0,0,0,0
484.374,0.2059,0,0,0,0
484.404,0.2059,0,0,0,0
484.438,0.2059,0,0,0,0
484.472,0.2059,0,0,0,0
484.506,0.2059,0,0,0,0
484.539,0.2059,0,0,0,0
484.573,0.2059,0,0,0,0
484.607,0.2059,0,0,0,0
484.640,0.2059,0,0,0,0
484.662,0.2059,0,0,0,0
484.704,0.2059,0,0,0,0
484.738,0.2059,0,0,0,0
484.772,0.2059,0,0,0,0
484.804,0.2059,0,0,0,0
484.838,0.2059,0,0,0,0
484.871,0.2059,0,0,0,0
484.906,0.2059,0,0,0,0
484.939,0.2059,0,0,0,0
484.973,0.2059,0,0,0,0
485.006,0.2059,0,0,0,0
485.040,0.2059,0,0,0,0
485.073,0.2059,0,0,0,0
485.101,0.2059,0,0,0,0
485.139,0.2059,0,0,0,0
485.173,0.2059,0,0,0,0
485.201,0.2059,0,0,0,0
485.240,0.2059,0,0,0,0
485.271,0.2059,0,0,0,0
485.304,0.2059,0,0,0,0
485.339,0.2059,0,0,0,0
485.371,0.2059,0,0,0,0
485.407,0.2059,0,0,0,0
485.440,0.2059,0,0,0,0
485.473,0.2059,0,0,0,0
485.501,0.2059,0,0,0,0
485.539,0.2059,0,0,0,0
485.572,0.2059,0,0,0,0
485.605,0.2059,0,0,0,0
485.639,0.2059,0,0,0,0
485.672,0.2059,0,0,0,0
485.704,0.2059,0,0,0,0
485.740,0.2059,0,0,0,0
485.771,0.2059,0,0,0,0
485.805,0.2059,0,0,0,0
485.840,0.2059,0,0,0,0
485.872,0.2059,0,0,0,0
485.904,0.2059,0,0,0,0
485.938,0.2059,0,0,0,0
485.972,0.2059,0,0,0,0
486.005,0.2059,0,0,0,0
486.040,0.2059,0,0,0,0
486.072,0.2059,0,0,0,0
486.107,0.2059,0,0,0,0
486.138,0.2059,0,0,0,0
486.171,0.2059,0,0,0,0
486.199,0.2059,0,0,0,0
486.244,0.2059,0,0,0,0
486.272,0.2059,0,0,0,0
486.304,0.2059,0,0,0,0
486.338,0.2059,0,0,0,0
486.371,0.2059,0,0,0,0
486.405,0.2059,0,0,0,0
486.438,0.2059,0,0,0,0
486.472,0.2059,0,0,0,0
486.504,0.2059,0,0,0,0
486.540,0.2059,0,0,0,0
486.572,0.2059,0,0,0,0
486.605,0.2059,0,0,0,0
486.634,0.2059,0,0,0,0
486.668,0.2059,0,0,0,0
486.706,0.2059,0,0,0,0
486.738,0.2059,0,0,0,0
486.771,0.2059,0,0,0,0
486.805,0.2059,0,0,0,0
486.839,0.2059,0,0,0,0
486.872,0.2059,0,0,0,0
486.905,0.2059,0,0,0,0
486.939,0.2059,0,0,0,0
486.971,0.2059,0,0,0,0
487.005,0.2059,0,0,0,0
487.039,0.2059,0,0,0,0
487.072,0.2059,0,0,0,0
487.105,0.2059,0,0,0,0
487.135,0.2059,0,0,0,0
487.172,0.2059,0,0,0,0
487.201,0.2059,0,0,0,0
487.239,0.2059,0,0,0,0
487.272,0.2059,0,0,0,0
487.306,0.2059,0,0,0,0
487.339,0.2059,0,0,0,0
487.372,0.2059,0,0,0,0
487.406,0.2059,0,0,0,0
487.437,0.2059,0,0,0,0
487.471,0.2059,0,0,0,0
487.505,0.2059,0,0,0,0
487.538,0.2059,0,0,0,0
487.572,0.2059,0,0,0,0
487.606,0.2059,0,0,0,0
487.639,0.2059,0,0,0,0
487.672,0.2059,0,0,0,0
487.706,0.2059,0,0,0,0
487.740,0.2059,0,0,0,0
487.768,0.2059,0,0,0,0
487.805,0.2059,0,0,0,0
487.838,0.2059,0,0,0,0
487.872,0.2059,0,0,0,0
487.902,0.2059,0,0,0,0
487.938,0.2059,0,0,0,0
487.972,0.2059,0,0,0,0
488.004,0.2059,0,0,0,0
488.038,0.2059,0,0,0,0
488.073,0.2059,0,0,0,0
488.106,0.2059,0,0,0,0
488.140,0.2059,0,0,0,0
488.174,0.2059,0,0,0,0
488.204,0.2059,0,0,0,0
488.239,0.2059,0,0,0,0
488.273,0.2059,0,0,0,0
488.306,0.2059,0,0,0,0
488.338,0.2059,0,0,0,0
488.373,0.2059,0,0,0,0
488.402,0.2059,0,0,0,0
488.438,0.2059,0,0,0,0
488.472,0.2059,0,0,0,0
488.506,0.2059,0,0,0,0
488.538,0.2059,0,0,0,0
488.568,0.2059,0,0,0,0
488.605,0.2059,0,0,0,0
488.639,0.2059,0,0,0,0
488.671,0.2059,0,0,0,0
488.705,0.2059,0,0,0,0
488.740,0.2059,0,0,0,0
488.772,0.2059,0,0,0,0
488.805,0.2059,0,0,0,0
488.839,0.2059,0,0,0,0
488.872,0.2059,0,0,0,0
488.907,0.2059,0,0,0,0
488.937,0.2059,0,0,0,0
488.971,0.2059,0,0,0,0
489.007,0.2059,0,0,0,0
489.039,0.2059,0,0,0,0
489.071,0.2059,0,0,0,0
489.105,0.2059,0,0,0,0
489.138,0.2059,0,0,0,0
489.173,0.2059,0,0,0,0
489.204,0.2059,0,0,0,0
489.238,0.2059,0,0,0,0
489.272,0.2059,0,0,0,0
489.307,0.2059,0,0,0,0
489.334,0.2059,0,0,0,0
489.364,0.2059,0,0,0,0
489.405,0.2059,0,0,0,0
489.438,0.2059,0,0,0,0
489.471,0.2059,0,0,0,0
489.505,0.2059,0,0,0,0
489.538,0.2059,0,0,0,0
489.573,0.2059,0,0,0,0
489.605,0.2059,0,0,0,0
489.639,0.2059,0,0,0,0
489.672,0.2059,0,0,0,0
489.705,0.2059,0,0,0,0
489.738,0.2059,0,0,0,0
489.773,0.2059,0,0,0,0
489.805,0.2059,0,0,0,0
489.837,0.2059,0,0,0,0
489.871,0.2059,0,0,0,0
489.905,0.2059,0,0,0,0
489.939,0.2059,0,0,0,0
489.974,0.2059,0,0,0,0
490.005,0.2059,0,0,0,0
490.038,0.2059,0,0,0,0
490.068,0.2059,0,0,0,0
490.105,0.2059,0,0,0,0
490.139,0.2059,0,0,0,0
490.172,0.2059,0,0,0,0
490.205,0.2059,0,0,0,0
490.239,0.2059,0,0,0,0
490.272,0.2059,0,0,0,0
490.301,0.2059,0,0,0,0
490.338,0.2059,0,0,0,0
490.368,0.2059,0,0,0,0
490.405,0.2059,0,0,0,0
490.439,0.2059,0,0,0,0
490.473,0.2059,0,0,0,0
490.504,0.2059,0,0,0,0
490.538,0.2059,0,0,0,0
490.573,0.2059,0,0,0,0
490.606,0.2059,0,0,0,0
490.640,0.2059,0,0,0,0
490.672,0.2059,0,0,0,0
490.701,0.2059,0,0,0,0
490.739,0.2059,0,0,0,0
490.773,0.2059,0,0,0,0
490.805,0.2059,0,0,0,0
490.839,0.2059,0,0,0,0
490.873,0.2059,0,0,0,0
490.905,0.2059,0,0,0,0
490.934,0.2059,0,0,0,0
490.972,0.2059,0,0,0,0
491.006,0.2059,0,0,0,0
491.038,0.2059,0,0,0,0
491.072,0.2059,0,0,0,0
491.105,0.2059,0,0,0,0
491.138,0.2059,0,0,0,0
491.172,0.2059,0,0,0,0
491.206,0.2059,0,0,0,0
491.239,0.2059,0,0,0,0
491.267,0.2059,0,0,0,0
491.306,0.2059,0,0,0,0
491.340,0.2059,0,0,0,0
491.372,0.2059,0,0,0,0
491.404,0.2059,0,0,0,0
491.438,0.2059,0,0,0,0
491.472,0.2059,0,0,0,0
491.506,0.2059,0,0,0,0
491.534,0.2059,0,0,0,0
491.572,0.2059,0,0,0,0
491.607,0.2059,0,0,0,0
491.634,0.2059,0,0,0,0
491.672,0.2059,0,0,0,0
491.705,0.2059,0,0,0,0
491.738,0.2059,0,0,0,0
491.773,0.2059,0,0,0,0
491.806,0.2059,0,0,0,0
491.839,0.2059,0,0,0,0
491.873,0.2059,0,0,0,0
491.905,0.2059,0,0,0,0
491.938,0.2059,0,0,0,0
491.973,0.2059,0,0,0,0
492.005,0.2059,0,0,0,0
492.035,0.2059,0,0,0,0
492.072,0.2059,0,0,0,0
492.106,0.2059,0,0,0,0
492.139,0.2059,0,0,0,0
492.173,0.2059,0,0,0,0
492.201,0.2059,0,0,0,0
492.240,0.2059,0,0,0,0
492.272,0.2059,0,0,0,0
492.304,0.2059,0,0,0,0
492.338,0.2059,0,0,0,0
492.372,0.2059,0,0,0,0
492.405,0.2059,0,0,0,0
492.439,0.2059,0,0,0,0
492.468,0.2059,0,0,0,0
492.506,0.2059,0,0,0,0
492.530,0.2059,0,0,0,0
492.571,0.2059,0,0,0,0
492.605,0.2059,0,0,0,0
492.638,0.2059,0,0,0,0
492.672,0.2059,0,0,0,0
492.705,0.2059,0,0,0,0
492.738,0.2059,0,0,0,0
492.772,0.2059,0,0,0,0
492.806,0.2059,0,0,0,0
492.839,0.2059,0,0,0,0
492.874,0.2059,0,0,0,0
492.907,0.2059,0,0,0,0
492.938,0.2059,0,0,0,0
492.972,0.2059,0,0,0,0
493.005,0.2059,0,0,0,0
493.038,0.2059,0,0,0,0
493.071,0.2059,0,0,0,0
493.106,0.2059,0,0,0,0
493.138,0.2059,0,0,0,0
493.172,0.2059,0,0,0,0
493.206,0.2059,0,0,0,0
493.238,0.2059,0,0,0,0
493.273,0.2059,0,0,0,0
493.307,0.2059,0,0,0,0
493.340,0.2059,0,0,0,0
493.372,0.2059,0,0,0,0
493.405,0.2059,0,0,0,0
493.440,0.2059,0,0,0,0
493.472,0.2059,0,0,0,0
493.505,0.2059,0,0,0,0
493.539,0.2059,0,0,0,0
493.573,0.2059,0,0,0,0
493.602,0.2059,0,0,0,0
493.638,0.2059,0,0,0,0
493.673,0.2059,0,0,0,0
493.701,0.2059,0,0,0,0
493.739,0.2059,0,0,0,0
493.772,0.2059,0,0,0,0
493.805,0.2059,0,0,0,0
493.839,0.2059,0,0,0,0
493.868,0.2059,0,0,0,0
493.907,0.2059,0,0,0,0
493.940,0.2059,0,0,0,0
493.973,0.2059,0,0,0,0
494.004,0.2059,0,0,0,0
494.038,0.2059,0,0,0,0
494.073,0.2059,0,0,0,0
494.105,0.2059,0,0,0,0
494.138,0.2059,0,0,0,0
494.171,0.2059,0,0,0,0
494.206,0.2059,0,0,0,0
494.239,0.2059,0,0,0,0
494.272,0.2059,0,0,0,0
494.305,0.2059,0,0,0,0
494.339,0.2059,0,0,0,0
494.373,0.2059,0,0,0,0
494.405,0.2059,0,0,0,0
494.439,0.2059,0,0,0,0
494.473,0.2059,0,0,0,0
494.507,0.2059,0,0,0,0
494.534,0.2059,0,0,0,0
494.572,0.2059,0,0,0,0
494.605,0.2059,0,0,0,0
494.639,0.2059,0,0,0,0
494.674,0.2059,0,0,0,0
494.702,0.2059,0,0,0,0
494.740,0.2059,0,0,0,0
494.771,0.2059,0,0,0,0
494.805,0.2059,0,0,0,0
494.839,0.2059,0,0,0,0
494.872,0.2059,0,0,0,0
494.905,0.2059,0,0,0,0
494.939,0.2059,0,0,0,0
494.972,0.2059,0,0,0,0
495.006,0.2059,0,0,0,0
495.038,0.2059,0,0,0,0
495.072,0.2059,0,0,0,0
495.106,0.2059,0,0,0,0
495.139,0.2059,0,0,0,0
495.173,0.2059,0,0,0,0
495.204,0.2059,0,0,0,0
495.239,0.2059,0,0,0,0
495.272,0.2059,0,0,0,0
495.305,0.2059,0,0,0,0
495.339,0.2059,0,0,0,0
495.373,0.2059,0,0,0,0
495.407,0.2059,0,0,0,0
495.440,0.2059,0,0,0,0
495.468,0.2059,0,0,0,0
495.505,0.2059,0,0,0,0
495.538,0.2059,0,0,0,0
495.572,0.2059,0,0,0,0
495.606,0.2059,0,0,0,0
495.639,0.2059,0,0,0,0
495.671,0.2059,0,0,0,0
495.704,0.2059,0,0,0,0
495.747,0.2059,0,0,0,0
495.768,0.2059,0,0,0,0
495.804,0.2059,0,0,0,0
495.838,0.2059,0,0,0,0
495.872,0.2059,0,0,0,0
495.905,0.2059,0,0,0,0
495.938,0.2059,0,0,0,0
495.972,0.2059,0,0,0,0
496.005,0.2059,0,0,0,0
496.034,0.2059,0,0,0,0
496.072,0.2059,0,0,0,0
496.105,0.2059,0,0,0,0
496.139,0.2059,0,0,0,0
496.173,0.2059,0,0,0,0
496.206,0.2059,0,0,0,0
496.237,0.2059,0,0,0,0
496.271,0.2059,0,0,0,0
496.305,0.2059,0,0,0,0
496.334,0.2059,0,0,0,0
496.372,0.2059,0,0,0,0
496.406,0.2059,0,0,0,0
496.438,0.2059,0,0,0,0
496.472,0.2059,0,0,0,0
496.504,0.2059,0,0,0,0
496.539,0.2059,0,0,0,0
496.569,0.2059,0,0,0,0
496.606,0.2059,0,0,0,0
496.639,0.2059,0,0,0,0
496.672,0.2059,0,0,0,0
496.702,0.2059,0,0,0,0
496.734,0.2059,0,0,0,0
496.773,0.2059,0,0,0,0
496.805,0.2059,0,0,0,0
496.840,0.2059,0,0,0,0
496.871,0.2059,0,0,0,0
496.904,0.2059,0,0,0,0
496.939,0.2059,0,0,0,0
496.971,0.2059,0,0,0,0
497.005,0.2059,0,0,0,0
497.035,0.2059,0,0,0,0
497.072,0.2059,0,0,0,0
497.107,0.2059,0,0,0,0
497.138,0.2059,0,0,0,0
497.168,0.2059,0,0,0,0
497.205,0.2059,0,0,0,0
497.239,0.2059,0,0,0,0
497.272,0.2059,0,0,0,0
497.306,0.2059,0,0,0,0
497.339,0.2059,0,0,0,0
497.371,0.2059,0,0,0,0
497.407,0.2059,0,0,0,0
497.428,0.2059,0,0,0,0
497.470,0.2059,0,0,0,0
497.506,0.2059,0,0,0,0
497.539,0.2059,0,0,0,0
497.573,0.2059,0,0,0,0
497.604,0.2059,0,0,0,0
497.638,0.2059,0,0,0,0
497.672,0.2059,0,0,0,0
497.707,0.2059,0,0,0,0
497.739,0.2059,0,0,0,0
497.772,0.2059,0,0,0,0
497.805,0.2059,0,0,0,0
497.835,0.2059,0,0,0,0
497.872,0.2059,0,0,0,0
497.905,0.2059,0,0,0,0
497.939,0.2059,0,0,0,0
497.972,0.2059,0,0,0,0
498.006,0.2059,0,0,0,0
498.039,0.2059,0,0,0,0
498.072,0.2059,0,0,0,0
498.106,0.2059,0,0,0,0
498.138,0.2059,0,0,0,0
498.172,0.2059,0,0,0,0
498.204,0.2059,0,0,0,0
498.239,0.2059,0,0,0,0
498.273,0.2059,0,0,0,0
498.306,0.2059,0,0,0,0
498.339,0.2059,0,0,0,0
498.374,0.2059,0,0,0,0
498.405,0.2059,0,0,0,0
498.440,0.2059,0,0,0,0
498.472,0.2059,0,0,0,0
498.505,0.2059,0,0,0,0
498.539,0.2059,0,0,0,0
498.573,0.2059,0,0,0,0
498.606,0.2059,0,0,0,0
498.634,0.2059,0,0,0,0
498.671,0.2059,0,0,0,0
498.701,0.2059,0,0,0,0
498.738,0.2059,0,0,0,0
498.772,0.2059,0,0,0,0
498.805,0.2059,0,0,0,0
498.839,0.2059,0,0,0,0
498.872,0.2059,0,0,0,0
498.905,0.2059,0,0,0,0
498.939,0.2059,0,0,0,0
498.971,0.2059,0,0,0,0
499.006,0.2059,0,0,0,0
499.039,0.2059,0,0,0,0
499.061,0.2059,0,0,0,0
499.105,0.2059,0,0,0,0
499.139,0.2059,0,0,0,0
499.172,0.2059,0,0,0,0
499.206,0.2059,0,0,0,0
499.238,0.2059,0,0,0,0
499.273,0.2059,0,0,0,0
499.307,0.2059,0,0,0,0
499.336,0.2059,0,0,0,0
499.373,0.2059,0,0,0,0
499.411,0.2059,0,0,0,0
499.435,0.2059,0,0,0,0
499.471,0.2059,0,0,0,0
499.501,0.2059,0,0,0,0
499.538,0.2059,0,0,0,0
499.568,0.2059,0,0,0,0
499.605,0.2059,0,0,0,0
499.639,0.2059,0,0,0,0
499.671,0.2059,0,0,0,0
499.701,0.2059,0,0,0,0
499.738,0.2059,0,0,0,0
499.773,0.2059,0,0,0,0
499.805,0.2059,0,0,0,0
499.839,0.2059,0,0,0,0
499.872,0.2059,0,0,0,0
499.905,0.2059,0,0,0,0
499.940,0.2059,0,0,0,0
499.973,0.2059,0,0,0,0
500.005,0.2059,0,0,0,0
500.040,0.2059,0,0,0,0
500.068,0.2059,0,0,0,0
500.106,0.2059,0,0,0,0
500.138,0.2059,0,0,0,0
500.167,0.2059,0,0,0,0
500.201,0.2059,0,0,0,0
500.238,0.2059,0,0,0,0
500.272,0.2059,0,0,0,0
500.306,0.2059,0,0,0,0
500.335,0.2059,0,0,0,0
500.368,0.2059,0,0,0,0
500.405,0.2059,0,0,0,0
500.437,0.2059,0,0,0,0
500.473,0.2059,0,0,0,0
500.505,0.2059,0,0,0,0
500.540,0.2059,0,0,0,0
500.569,0.2059,0,0,0,0
500.605,0.2059,0,0,0,0
500.639,0.2059,0,0,0,0
500.671,0.2059,0,0,0,0
500.704,0.2059,0,0,0,0
500.739,0.2059,0,0,0,0
500.771,0.2059,0,0,0,0
500.804,0.2059,0,0,0,0
500.838,0.2059,0,0,0,0
500.872,0.2059,0,0,0,0
500.901,0.2059,0,0,0,0
500.939,0.2059,0,0,0,0
500.973,0.2059,0,0,0,0
501.004,0.2059,0,0,0,0
501.040,0.2059,0,0,0,0
501.072,0.2059,0,0,0,0
501.106,0.2059,0,0,0,0
501.137,0.2059,0,0,0,0
501.172,0.2059,0,0,0,0
501.206,0.2059,0,0,0,0
501.237,0.2059,0,0,0,0
501.273,0.2059,0,0,0,0
501.306,0.2059,0,0,0,0
501.339,0.2059,0,0,0,0
501.373,0.2059,0,0,0,0
501.406,0.2059,0,0,0,0
501.438,0.2059,0,0,0,0
501.472,0.2059,0,0,0,0
501.505,0.2059,0,0,0,0
501.537,0.2059,0,0,0,0
501.570,0.2059,0,0,0,0
501.605,0.2059,0,0,0,0
501.637,0.2059,0,0,0,0
501.668,0.2059,0,0,0,0
501.705,0.2059,0,0,0,0
501.739,0.2059,0,0,0,0
501.773,0.2059,0,0,0,0
501.805,0.2059,0,0,0,0
501.837,0.2059,0,0,0,0
501.872,0.2059,0,0,0,0
501.903,0.2059,0,0,0,0
501.940,0.2059,0,0,0,0
501.972,0.2059,0,0,0,0
502.003,0.2059,0,0,0,0
502.037,0.2059,0,0,0,0
502.072,0.2059,0,0,0,0
502.104,0.2059,0,0,0,0
502.138,0.2059,0,0,0,0
502.169,0.2059,0,0,0,0
502.205,0.2059,0,0,0,0
502.240,0.2059,0,0,0,0
502.270,0.2059,0,0,0,0
502.311,0.2059,0,0,0,0
502.337,0.2059,0,0,0,0
502.371,0.2059,0,0,0,0
502.405,0.2059,0,0,0,0
502.438,0.2059,0,0,0,0
502.473,0.2059,0,0,0,0
502.504,0.2059,0,0,0,0
502.538,0.2059,0,0,0,0
502.573,0.2059,0,0,0,0
502.604,0.2059,0,0,0,0
502.639,0.2059,0,0,0,0
502.673,0.2059,0,0,0,0
502.701,0.2059,0,0,0,0
502.739,0.2059,0,0,0,0
502.768,0.2059,0,0,0,0
502.805,0.2059,0,0,0,0
502.840,0.2059,0,0,0,0
502.870,0.2059,0,0,0,0
502.905,0.2059,0,0,0,0
502.939,0.2059,0,0,0,0
502.971,0.2059,0,0,0,0
503.007,0.2059,0,0,0,0
503.040,0.2059,0,0,0,0
503.073,0.2059,0,0,0,0
503.101,0.2059,0,0,0,0
503.140,0.2059,0,0,0,0
503.172,0.2059,0,0,0,0
503.205,0.2059,0,0,0,0
503.239,0.2059,0,0,0,0
503.271,0.2059,0,0,0,0
503.305,0.2059,0,0,0,0
503.339,0.2059,0,0,0,0
503.373,0.2059,0,0,0,0
503.405,0.2059,0,0,0,0
503.439,0.2059,0,0,0,0
503.473,0.2059,0,0,0,0
503.504,0.2059,0,0,0,0
503.539,0.2059,0,0,0,0
503.573,0.2059,0,0,0,0
503.605,0.2059,0,0,0,0
503.639,0.2059,0,0,0,0
503.673,0.2059,0,0,0,0
503.704,0.2059,0,0,0,0
503.738,0.2059,0,0,0,0
503.771,0.2059,0,0,0,0
503.806,0.2059,0,0,0,0
503.839,0.2059,0,0,0,0
503.873,0.2059,0,0,0,0
503.905,0.2059,0,0,0,0
503.943,0.2059,0,0,0,0
503.971,0.2059,0,0,0,0
504.005,0.2059,0,0,0,0
504.038,0.2059,0,0,0,0
504.073,0.2059,0,0,0,0
504.101,0.2059,0,0,0,0
504.139,0.2059,0,0,0,0
504.171,0.2059,0,0,0,0
504.205,0.2059,0,0,0,0
504.239,0.2059,0,0,0,0
504.272,0.2059,0,0,0,0
504.301,0.2059,0,0,0,0
504.339,0.2059,0,0,0,0
504.373,0.2059,0,0,0,0
504.407,0.2059,0,0,0,0
504.439,0.2059,0,0,0,0
504.473,0.2059,0,0,0,0
504.501,0.2059,0,0,0,0
504.539,0.2059,0,0,0,0
504.571,0.2059,0,0,0,0
504.605,0.2059,0,0,0,0
504.639,0.2059,0,0,0,0
504.671,0.2059,0,0,0,0
504.705,0.2059,0,0,0,0
504.738,0.2059,0,0,0,0
504.773,0.2059,0,0,0,0
504.802,0.2059,0,0,0,0
504.838,0.2059,0,0,0,0
504.872,0.2059,0,0,0,0
504.906,0.2059,0,0,0,0
504.939,0.2059,0,0,0,0
504.972,0.2059,0,0,0,0
505.007,0.2059,0,0,0,0
505.038,0.2059,0,0,0,0
505.071,0.2059,0,0,0,0
505.106,0.2059,0,0,0,0
505.139,0.2059,0,0,0,0
505.172,0.2059,0,0,0,0
505.205,0.2059,0,0,0,0
505.239,0.2059,0,0,0,0
505.272,0.2059,0,0,0,0
505.305,0.2059,0,0,0,0
505.334,0.2059,0,0,0,0
505.373,0.2059,0,0,0,0
505.405,0.2059,0,0,0,0
505.438,0.2059,0,0,0,0
505.472,0.2059,0,0,0,0
505.506,0.2059,0,0,0,0
505.538,0.2059,0,0,0,0
505.572,0.2059,0,0,0,0
505.605,0.2059,0,0,0,0
505.638,0.2059,0,0,0,0
505.671,0.2059,0,0,0,0
505.705,0.2059,0,0,0,0
505.738,0.2059,0,0,0,0
505.771,0.2059,0,0,0,0
505.805,0.2059,0,0,0,0
505.839,0.2059,0,0,0,0
505.873,0.2059,0,0,0,0
505.905,0.2059,0,0,0,0
505.935,0.2059,0,0,0,0
505.973,0.2059,0,0,0,0
506.001,0.2059,0,0,0,0
506.039,0.2059,0,0,0,0
506.073,0.2059,0,0,0,0
506.106,0.2059,0,0,0,0
506.134,0.2059,0,0,0,0
506.172,0.2059,0,0,0,0
506.201,0.2059,0,0,0,0
506.239,0.2059,0,0,0,0
506.273,0.2059,0,0,0,0
506.305,0.2059,0,0,0,0
506.338,0.2059,0,0,0,0
506.372,0.2059,0,0,0,0
506.405,0.2059,0,0,0,0
506.439,0.2059,0,0,0,0
506.470,0.2059,0,0,0,0
506.506,0.2059,0,0,0,0
506.541,0.2059,0,0,0,0
506.573,0.2059,0,0,0,0
506.607,0.2059,0,0,0,0
506.639,0.2059,0,0,0,0
506.671,0.2059,0,0,0,0
506.706,0.2059,0,0,0,0
506.739,0.2059,0,0,0,0
506.768,0.2059,0,0,0,0
506.806,0.2059,0,0,0,0
506.840,0.2059,0,0,0,0
506.873,0.2059,0,0,0,0
506.904,0.2059,0,0,0,0
506.938,0.2059,0,0,0,0
506.972,0.2059,0,0,0,0
507.005,0.2059,0,0,0,0
507.039,0.2059,0,0,0,0
507.071,0.2059,0,0,0,0
507.105,0.2059,0,0,0,0
507.138,0.2059,0,0,0,0
507.172,0.2059,0,0,0,0
507.205,0.2059,0,0,0,0
507.238,0.2059,0,0,0,0
507.273,0.2059,0,0,0,0
507.306,0.2059,0,0,0,0
507.338,0.2059,0,0,0,0
507.371,0.2059,0,0,0,0
507.404,0.2059,0,0,0,0
507.440,0.2059,0,0,0,0
507.473,0.2059,0,0,0,0
507.502,0.2059,0,0,0,0
507.540,0.2059,0,0,0,0
507.571,0.2059,0,0,0,0
507.606,0.2059,0,0,0,0
507.640,0.2059,0,0,0,0
507.671,0.2059,0,0,0,0
507.706,0.2059,0,0,0,0
507.739,0.2059,0,0,0,0
507.772,0.2059,0,0,0,0
507.801,0.2059,0,0,0,0
507.839,0.2059,0,0,0,0
507.872,0.2059,0,0,0,0
507.901,0.2059,0,0,0,0
507.939,0.2059,0,0,0,0
507.974,0.2059,0,0,0,0
508.005,0.2059,0,0,0,0
508.038,0.2059,0,0,0,0
508.072,0.2059,0,0,0,0
508.104,0.2059,0,0,0,0
508.139,0.2059,0,0,0,0
508.173,0.2059,0,0,0,0
508.206,0.2059,0,0,0,0
508.239,0.2059,0,0,0,0
508.272,0.2059,0,0,0,0
508.307,0.2059,0,0,0,0
508.340,0.2059,0,0,0,0
508.374,0.2059,0,0,0,0
508.406,0.2059,0,0,0,0
508.439,0.2059,0,0,0,0
508.473,0.2059,0,0,0,0
508.506,0.2059,0,0,0,0
508.539,0.2059,0,0,0,0
508.571,0.2059,0,0,0,0
508.605,0.2059,0,0,0,0
508.640,0.2059,0,0,0,0
508.672,0.2059,0,0,0,0
508.705,0.2059,0,0,0,0
508.740,0.2059,0,0,0,0
508.769,0.2059,0,0,0,0
508.806,0.2059,0,0,0,0
508.840,0.2059,0,0,0,0
508.872,0.2059,0,0,0,0
508.905,0.2059,0,0,0,0
508.939,0.2059,0,0,0,0
508.972,0.2059,0,0,0,0
509.005,0.2059,0,0,0,0
509.035,0.2059,0,0,0,0
509.071,0.2059,0,0,0,0
509.104,0.2059,0,0,0,0
509.138,0.2059,0,0,0,0
509.172,0.2059,0,0,0,0
509.205,0.2059,0,0,0,0
509.239,0.2059,0,0,0,0
509.271,0.2059,0,0,0,0
509.306,0.2059,0,0,0,0
509.337,0.2059,0,0,0,0
509.372,0.2059,0,0,0,0
509.405,0.2059,0,0,0,0
509.439,0.2059,0,0,0,0
509.473,0.2059,0,0,0,0
509.502,0.2059,0,0,0,0
509.539,0.2059,0,0,0,0
509.573,0.2059,0,0,0,0
509.607,0.2059,0,0,0,0
509.640,0.2059,0,0,0,0
509.672,0.2059,0,0,0,0
509.707,0.2059,0,0,0,0
509.740,0.2059,0,0,0,0
509.773,0.2059,0,0,0,0
509.804,0.2059,0,0,0,0
509.839,0.2059,0,0,0,0
509.871,0.2059,0,0,0,0
509.906,0.2059,0,0,0,0
509.939,0.2059,0,0,0,0
509.973,0.2059,0,0,0,0
510.005,0.2059,0,0,0,0
510.039,0.2059,0,0,0,0
510.073,0.2059,0,0,0,0
510.107,0.2059,0,0,0,0
510.139,0.2059,0,0,0,0
510.173,0.2059,0,0,0,0
510.205,0.2059,0,0,0,0
510.239,0.2059,0,0,0,0
510.273,0.2059,0,0,0,0
510.304,0.2059,0,0,0,0
510.339,0.2059,0,0,0,0
510.372,0.2059,0,0,0,0
510.406,0.2059,0,0,0,0
510.439,0.2059,0,0,0,0
510.472,0.2059,0,0,0,0
510.506,0.2059,0,0,0,0
510.539,0.2059,0,0,0,0
510.572,0.2059,0,0,0,0
510.605,0.2059,0,0,0,0
510.639,0.2059,0,0,0,0
510.672,0.2059,0,0,0,0
510.705,0.2059,0,0,0,0
510.737,0.2059,0,0,0,0
510.771,0.2059,0,0,0,0
510.805,0.2059,0,0,0,0
510.839,0.2059,0,0,0,0
510.868,0.2059,0,0,0,0
510.907,0.2059,0,0,0,0
510.939,0.2059,0,0,0,0
510.968,0.2059,0,0,0,0
511.005,0.2059,0,0,0,0
511.040,0.2059,0,0,0,0
511.069,0.2059,0,0,0,0
511.105,0.2059,0,0,0,0
511.140,0.2059,0,0,0,0
511.171,0.2059,0,0,0,0
511.204,0.2059,0,0,0,0
511.239,0.2059,0,0,0,0
511.272,0.2059,0,0,0,0
511.306,0.2059,0,0,0,0
511.339,0.2059,0,0,0,0
511.369,0.2059,0,0,0,0
511.405,0.2059,0,0,0,0
511.439,0.2059,0,0,0,0
511.472,0.2059,0,0,0,0
511.507,0.2059,0,0,0,0
511.540,0.2059,0,0,0,0
511.568,0.2059,0,0,0,0
511.605,0.2059,0,0,0,0
511.638,0.2059,0,0,0,0
511.672,0.2059,0,0,0,0
511.706,0.2059,0,0,0,0
511.739,0.2059,0,0,0,0
511.771,0.2059,0,0,0,0
511.806,0.2059,0,0,0,0
511.838,0.2059,0,0,0,0
511.872,0.2059,0,0,0,0
511.906,0.2059,0,0,0,0
511.939,0.2059,0,0,0,0
511.972,0.2059,0,0,0,0
512.006,0.2059,0,0,0,0
512.039,0.2059,0,0,0,0
512.072,0.2059,0,0,0,0
512.104,0.2059,0,0,0,0
512.139,0.2059,0,0,0,0
512.173,0.2059,0,0,0,0
512.204,0.2059,0,0,0,0
512.239,0.2059,0,0,0,0
512.273,0.2059,0,0,0,0
512.307,0.2059,0,0,0,0
512.337,0.2059,0,0,0,0
512.372,0.2059,0,0,0,0
512.405,0.2059,0,0,0,0
512.434,0.2059,0,0,0,0
512.471,0.2059,0,0,0,0
512.504,0.2059,0,0,0,0
512.539,0.2059,0,0,0,0
512.568,0.2059,0,0,0,0
512.605,0.2059,0,0,0,0
512.639,0.2059,0,0,0,0
512.672,0.2059,0,0,0,0
512.706,0.2059,0,0,0,0
512.738,0.2059,0,0,0,0
512.768,0.2059,0,0,0,0
512.806,0.2059,0,0,0,0
512.839,0.2059,0,0,0,0
512.872,0.2059,0,0,0,0
512.906,0.2059,0,0,0,0
512.939,0.2059,0,0,0,0
512.973,0.2059,0,0,0,0
513.007,0.2059,0,0,0,0
513.040,0.2059,0,0,0,0
513.068,0.2059,0,0,0,0
513.105,0.2059,0,0,0,0
513.138,0.2059,0,0,0,0
513.172,0.2059,0,0,0,0
513.207,0.2059,0,0,0,0
513.238,0.2059,0,0,0,0
513.272,0.2059,0,0,0,0
513.306,0.2059,0,0,0,0
513.338,0.2059,0,0,0,0
513.373,0.2059,0,0,0,0
513.405,0.2059,0,0,0,0
513.439,0.2059,0,0,0,0
513.471,0.2059,0,0,0,0
513.507,0.2059,0,0,0,0
513.537,0.2059,0,0,0,0
513.572,0.2059,0,0,0,0
513.604,0.2059,0,0,0,0
513.638,0.2059,0,0,0,0
513.672,0.2059,0,0,0,0
513.706,0.2059,0,0,0,0
513.738,0.2059,0,0,0,0
513.771,0.2059,0,0,0,0
513.806,0.2059,0,0,0,0
513.839,0.2059,0,0,0,0
513.871,0.2059,0,0,0,0
513.906,0.2059,0,0,0,0
513.935,0.2059,0,0,0,0
513.972,0.2059,0,0,0,0
514.004,0.2059,0,0,0,0
514.039,0.2059,0,0,0,0
514.072,0.2059,0,0,0,0
514.106,0.2059,0,0,0,0
514.139,0.2059,0,0,0,0
514.172,0.2059,0,0,0,0
514.205,0.2059,0,0,0,0
514.239,0.2059,0,0,0,0
514.271,0.2059,0,0,0,0
514.300,0.2059,0,0,0,0
514.337,0.2059,0,0,0,0
514.371,0.2059,0,0,0,0
514.405,0.2059,0,0,0,0
514.438,0.2059,0,0,0,0
514.473,0.2059,0,0,0,0
514.505,0.2059,0,0,0,0
514.538,0.2059,0,0,0,0
514.571,0.2059,0,0,0,0
514.605,0.2059,0,0,0,0
514.634,0.2059,0,0,0,0
514.673,0.2059,0,0,0,0
514.704,0.2059,0,0,0,0
514.739,0.2059,0,0,0,0
514.773,0.2059,0,0,0,0
514.805,0.2059,0,0,0,0
514.839,0.2059,0,0,0,0
514.873,0.2059,0,0,0,0
514.901,0.2059,0,0,0,0
514.939,0.2059,0,0,0,0
514.972,0.2059,0,0,0,0
515.002,0.2059,0,0,0,0
515.040,0.2059,0,0,0,0
515.073,0.2059,0,0,0,0
515.104,0.2059,0,0,0,0
515.139,0.2059,0,0,0,0
515.173,0.2059,0,0,0,0
515.205,0.2059,0,0,0,0
515.239,0.2059,0,0,0,0
515.273,0.2059,0,0,0,0
515.306,0.2059,0,0,0,0
515.339,0.2059,0,0,0,0
515.368,0.2059,0,0,0,0
515.405,0.2059,0,0,0,0
515.439,0.2059,0,0,0,0
515.473,0.2059,0,0,0,0
515.502,0.2059,0,0,0,0
515.540,0.2059,0,0,0,0
515.572,0.2059,0,0,0,0
515.607,0.2059,0,0,0,0
515.639,0.2059,0,0,0,0
515.672,0.2059,0,0,0,0
515.701,0.2059,0,0,0,0
515.739,0.2059,0,0,0,0
515.768,0.2059,0,0,0,0
515.805,0.2059,0,0,0,0
515.827,0.2059,0,0,0,0
515.871,0.2059,0,0,0,0
515.905,0.2059,0,0,0,0
515.939,0.2059,0,0,0,0
515.972,0.2059,0,0,0,0
516.006,0.2059,0,0,0,0
516.039,0.2059,0,0,0,0
516.073,0.2059,0,0,0,0
516.105,0.2059,0,0,0,0
516.138,0.2059,0,0,0,0
516.171,0.2059,0,0,0,0
516.205,0.2059,0,0,0,0
516.235,0.2059,0,0,0,0
516.272,0.2059,0,0,0,0
516.307,0.2059,0,0,0,0
516.339,0.2059,0,0,0,0
516.373,0.2059,0,0,0,0
516.405,0.2059,0,0,0,0
516.439,0.2059,0,0,0,0
516.468,0.2059,0,0,0,0
516.505,0.2059,0,0,0,0
516.539,0.2059,0,0,0,0
516.573,0.2059,0,0,0,0
516.605,0.2059,0,0,0,0
516.640,0.2059,0,0,0,0
516.672,0.2059,0,0,0,0
516.705,0.2059,0,0,0,0
516.739,0.2059,0,0,0,0
516.769,0.2059,0,0,0,0
516.805,0.2059,0,0,0,0
516.834,0.2059,0,0,0,0
516.872,0.2059,0,0,0,0
516.906,0.2059,0,0,0,0
516.939,0.2059,0,0,0,0
516.971,0.2059,0,0,0,0
517.005,0.2059,0,0,0,0
517.039,0.2059,0,0,0,0
517.072,0.2059,0,0,0,0
517.106,0.2059,0,0,0,0
517.139,0.2059,0,0,0,0
517.171,0.2059,0,0,0,0
517.206,0.2059,0,0,0,0
517.239,0.2059,0,0,0,0
517.272,0.2059,0,0,0,0
517.302,0.2059,0,0,0,0
517.331,0.2059,0,0,0,0
517.372,0.2059,0,0,0,0
517.405,0.2059,0,0,0,0
517.438,0.2059,0,0,0,0
517.471,0.2059,0,0,0,0
517.505,0.2059,0,0,0,0
517.538,0.2059,0,0,0,0
517.573,0.2059,0,0,0,0
517.606,0.2059,0,0,0,0
517.640,0.2059,0,0,0,0
517.671,0.2059,0,0,0,0
517.706,0.2059,0,0,0,0
517.739,0.2059,0,0,0,0
517.771,0.2059,0,0,0,0
517.806,0.2059,0,0,0,0
517.840,0.2059,0,0,0,0
517.872,0.2059,0,0,0,0
517.905,0.2059,0,0,0,0
517.939,0.2059,0,0,0,0
517.972,0.2059,0,0,0,0
518.006,0.2059,0,0,0,0
518.039,0.2059,0,0,0,0
518.073,0.2059,0,0,0,0
518.107,0.2059,0,0,0,0
518.138,0.2059,0,0,0,0
518.173,0.2059,0,0,0,0
518.205,0.2059,0,0,0,0
518.238,0.2059,0,0,0,0
518.271,0.2059,0,0,0,0
518.305,0.2059,0,0,0,0
518.339,0.2059,0,0,0,0
518.368,0.2059,0,0,0,0
518.405,0.2059,0,0,0,0
518.439,0.2059,0,0,0,0
518.470,0.2059,0,0,0,0
518.505,0.2059,0,0,0,0
518.539,0.2059,0,0,0,0
518.572,0.2059,0,0,0,0
518.605,0.2059,0,0,0,0
518.634,0.2059,0,0,0,0
518.672,0.2059,0,0,0,0
518.705,0.2059,0,0,0,0
518.739,0.2059,0,0,0,0
518.771,0.2059,0,0,0,0
518.805,0.2059,0,0,0,0
518.839,0.2059,0,0,0,0
518.860,0.2059,0,0,0,0
518.904,0.2059,0,0,0,0
518.939,0.2059,0,0,0,0
518.972,0.2059,0,0,0,0
519.001,0.2059,0,0,0,0
519.038,0.2059,0,0,0,0
519.072,0.2059,0,0,0,0
519.106,0.2059,0,0,0,0
519.139,0.2059,0,0,0,0
519.171,0.2059,0,0,0,0
519.206,0.2059,0,0,0,0
519.238,0.2059,0,0,0,0
519.272,0.2059,0,0,0,0
519.305,0.2059,0,0,0,0
519.339,0.2059,0,0,0,0
519.373,0.2059,0,0,0,0
519.402,0.2059,0,0,0,0
519.439,0.2059,0,0,0,0
519.468,0.2059,0,0,0,0
519.505,0.2059,0,0,0,0
519.539,0.2059,0,0,0,0
519.573,0.2059,0,0,0,0
519.605,0.2059,0,0,0,0
519.639,0.2059,0,0,0,0
519.673,0.2059,0,0,0,0
519.706,0.2059,0,0,0,0
519.739,0.2059,0,0,0,0
519.772,0.2059,0,0,0,0
519.805,0.2059,0,0,0,0
519.839,0.2059,0,0,0,0
519.868,0.2059,0,0,0,0
519.905,0.2059,0,0,0,0
519.939,0.2059,0,0,0,0
519.973,0.2059,0,0,0,0
520.005,0.2059,0,0,0,0
520.039,0.2059,0,0,0,0
520.072,0.2059,0,0,0,0
520.102,0.2059,0,0,0,0
520.138,0.2059,0,0,0,0
520.171,0.2059,0,0,0,0
520.205,0.2059,0,0,0,0
520.238,0.2059,0,0,0,0
520.271,0.2059,0,0,0,0
520.305,0.2059,0,0,0,0
520.338,0.2059,0,0,0,0
520.372,0.2059,0,0,0,0
520.404,0.2059,0,0,0,0
520.439,0.2059,0,0,0,0
520.472,0.2059,0,0,0,0
520.505,0.2059,0,0,0,0
520.537,0.2059,0,0,0,0
520.568,0.2059,0,0,0,0
520.602,0.2059,0,0,0,0
520.639,0.2059,0,0,0,0
520.673,0.2059,0,0,0,0
520.706,0.2059,0,0,0,0
520.737,0.2059,0,0,0,0
520.772,0.2059,0,0,0,0
520.806,0.2059,0,0,0,0
520.839,0.2059,0,0,0,0
520.872,0.2059,0,0,0,0
520.907,0.2059,0,0,0,0
520.940,0.2059,0,0,0,0
520.969,0.2059,0,0,0,0
521.006,0.2059,0,0,0,0
521.034,0.2059,0,0,0,0
521.072,0.2059,0,0,0,0
521.105,0.2059,0,0,0,0
521.138,0.2059,0,0,0,0
521.173,0.2059,0,0,0,0
521.206,0.2059,0,0,0,0
521.239,0.2059,0,0,0,0
521.272,0.2059,0,0,0,0
521.306,0.2059,0,0,0,0
521.339,0.2059,0,0,0,0
521.371,0.2059,0,0,0,0
521.406,0.2059,0,0,0,0
521.434,0.2059,0,0,0,0
521.472,0.2059,0,0,0,0
521.506,0.2059,0,0,0,0
521.538,0.2059,0,0,0,0
521.573,0.2059,0,0,0,0
521.606,0.2059,0,0,0,0
521.639,0.2059,0,0,0,0
521.672,0.2059,0,0,0,0
521.706,0.2059,0,0,0,0
521.739,0.2059,0,0,0,0
521.773,0.2059,0,0,0,0
521.795,0.2059,0,0,0,0
521.839,0.2059,0,0,0,0
521.871,0.2059,0,0,0,0
521.905,0.2059,0,0,0,0
521.939,0.2059,0,0,0,0
521.972,0.2059,0,0,0,0
522.004,0.2059,0,0,0,0
522.039,0.2059,0,0,0,0
522.072,0.2059,0,0,0,0
522.106,0.2059,0,0,0,0
522.139,0.2059,0,0,0,0
522.172,0.2059,0,0,0,0
522.202,0.2059,0,0,0,0
522.240,0.2059,0,0,0,0
522.272,0.2059,0,0,0,0
522.304,0.2059,0,0,0,0
522.339,0.2059,0,0,0,0
522.373,0.2059,0,0,0,0
522.407,0.2059,0,0,0,0
522.439,0.2059,0,0,0,0
522.474,0.2059,0,0,0,0
522.501,0.2059,0,0,0,0
522.538,0.2059,0,0,0,0
522.572,0.2059,0,0,0,0
522.605,0.2059,0,0,0,0
522.638,0.2059,0,0,0,0
522.672,0.2059,0,0,0,0
522.699,0.2059,0,0,0,0
522.740,0.2059,0,0,0,0
522.773,0.2059,0,0,0,0
522.807,0.2059,0,0,0,0
522.835,0.2059,0,0,0,0
522.873,0.2059,0,0,0,0
522.905,0.2059,0,0,0,0
522.939,0.2059,0,0,0,0
522.971,0.2059,0,0,0,0
523.007,0.2059,0,0,0,0
523.038,0.2059,0,0,0,0
523.071,0.2059,0,0,0,0
523.105,0.2059,0,0,0,0
523.137,0.2059,0,0,0,0
523.171,0.2059,0,0,0,0
523.205,0.2059,0,0,0,0
523.239,0.2059,0,0,0,0
523.272,0.2059,0,0,0,0
523.304,0.2059,0,0,0,0
523.338,0.2059,0,0,0,0
523.371,0.2059,0,0,0,0
523.408,0.2059,0,0,0,0
523.438,0.2059,0,0,0,0
523.470,0.2059,0,0,0,0
523.504,0.2059,0,0,0,0
523.539,0.2059,0,0,0,0
523.573,0.2059,0,0,0,0
523.605,0.2059,0,0,0,0
523.637,0.2059,0,0,0,0
523.672,0.2059,0,0,0,0
523.705,0.2059,0,0,0,0
523.738,0.2059,0,0,0,0
523.772,0.2059,0,0,0,0
523.804,0.2059,0,0,0,0
523.837,0.2059,0,0,0,0
523.873,0.2059,0,0,0,0
523.904,0.2059,0,0,0,0
523.939,0.2059,0,0,0,0
523.971,0.2059,0,0,0,0
524.006,0.2059,0,0,0,0
524.040,0.2059,0,0,0,0
524.072,0.2059,0,0,0,0
524.106,0.2059,0,0,0,0
524.138,0.2059,0,0,0,0
524.170,0.2059,0,0,0,0
524.206,0.2059,0,0,0,0
524.240,0.2059,0,0,0,0
524.270,0.2059,0,0,0,0
524.305,0.2059,0,0,0,0
524.340,0.2059,0,0,0,0
524.372,0.2059,0,0,0,0
524.403,0.2059,0,0,0,0
524.439,0.2059,0,0,0,0
524.472,0.2059,0,0,0,0
524.501,0.2059,0,0,0,0
524.537,0.2059,0,0,0,0
524.571,0.2059,0,0,0,0
524.606,0.2059,0,0,0,0
524.638,0.2059,0,0,0,0
524.672,0.2059,0,0,0,0
524.705,0.2059,0,0,0,0
524.738,0.2059,0,0,0,0
524.773,0.2059,0,0,0,0
524.804,0.2059,0,0,0,0
524.838,0.2059,0,0,0,0
524.872,0.2059,0,0,0,0
524.904,0.2059,0,0,0,0
524.939,0.2059,0,0,0,0
524.971,0.2059,0,0,0,0
525.004,0.2059,0,0,0,0
525.038,0.2059,0,0,0,0
525.071,0.2059,0,0,0,0
525.106,0.2059,0,0,0,0
525.139,0.2059,0,0,0,0
525.168,0.2059,0,0,0,0
525.204,0.2059,0,0,0,0
525.238,0.2059,0,0,0,0
525.272,0.2059,0,0,0,0
525.301,0.2059,0,0,0,0
525.338,0.2059,0,0,0,0
525.373,0.2059,0,0,0,0
525.404,0.2059,0,0,0,0
525.437,0.2059,0,0,0,0
525.468,0.2059,0,0,0,0
525.505,0.2059,0,0,0,0
525.539,0.2059,0,0,0,0
525.569,0.2059,0,0,0,0
525.604,0.2059,0,0,0,0
525.638,0.2059,0,0,0,0
525.672,0.2059,0,0,0,0
525.701,0.2059,0,0,0,0
525.739,0.2059,0,0,0,0
525.771,0.2059,0,0,0,0
525.804,0.2059,0,0,0,0
525.836,0.2059,0,0,0,0
525.868,0.2059,0,0,0,0
525.907,0.2059,0,0,0,0
525.938,0.2059,0,0,0,0
525.971,0.2059,0,0,0,0
526.001,0.2059,0,0,0,0
526.037,0.2059,0,0,0,0
526.068,0.2059,0,0,0,0
526.105,0.2059,0,0,0,0
526.140,0.2059,0,0,0,0
526.172,0.2059,0,0,0,0
526.205,0.2059,0,0,0,0
526.237,0.2059,0,0,0,0
526.273,0.2059,0,0,0,0
526.306,0.2059,0,0,0,0
526.338,0.2059,0,0,0,0
526.371,0.2059,0,0,0,0
526.403,0.2059,0,0,0,0
526.437,0.2059,0,0,0,0
526.471,0.2059,0,0,0,0
526.504,0.2059,0,0,0,0
526.534,0.2059,0,0,0,0
526.572,0.2059,0,0,0,0
526.605,0.2059,0,0,0,0
526.638,0.2059,0,0,0,0
526.671,0.2059,0,0,0,0
526.700,0.2059,0,0,0,0
526.734,0.2059,0,0,0,0
526.771,0.2059,0,0,0,0
526.804,0.2059,0,0,0,0
526.840,0.2059,0,0,0,0
526.871,0.2059,0,0,0,0
526.904,0.2059,0,0,0,0
526.937,0.2059,0,0,0,0
526.971,0.2059,0,0,0,0
527.004,0.2059,0,0,0,0
527.039,0.2059,0,0,0,0
527.073,0.2059,0,0,0,0
527.105,0.2059,0,0,0,0
527.137,0.2059,0,0,0,0
527.171,0.2059,0,0,0,0
527.204,0.2059,0,0,0,0
527.237,0.2059,0,0,0,0
527.272,0.2059,0,0,0,0
527.307,0.2059,0,0,0,0
527.338,0.2059,0,0,0,0
527.371,0.2059,0,0,0,0
527.401,0.2059,0,0,0,0
527.435,0.2059,0,0,0,0
527.473,0.2059,0,0,0,0
527.504,0.2059,0,0,0,0
527.538,0.2059,0,0,0,0
527.573,0.2059,0,0,0,0
527.604,0.2059,0,0,0,0
527.638,0.2059,0,0,0,0
527.671,0.2059,0,0,0,0
527.702,0.2059,0,0,0,0
527.739,0.2059,0,0,0,0
527.770,0.2059,0,0,0,0
527.806,0.2059,0,0,0,0
527.840,0.2059,0,0,0,0
527.871,0.2059,0,0,0,0
527.905,0.2059,0,0,0,0
527.938,0.2059,0,0,0,0
527.971,0.2059,0,0,0,0
528.004,0.2059,0,0,0,0
528.039,0.2059,0,0,0,0
528.072,0.2059,0,0,0,0
528.106,0.2059,0,0,0,0
528.138,0.2059,0,0,0,0
528.171,0.2059,0,0,0,0
528.202,0.2059,0,0,0,0
528.239,0.2059,0,0,0,0
528.273,0.2059,0,0,0,0
528.304,0.2059,0,0,0,0
528.339,0.2059,0,0,0,0
528.373,0.2059,0,0,0,0
528.406,0.2059,0,0,0,0
528.440,0.2059,0,0,0,0
528.471,0.2059,0,0,0,0
528.505,0.2059,0,0,0,0
528.540,0.2059,0,0,0,0
528.570,0.2059,0,0,0,0
528.604,0.2059,0,0,0,0
528.638,0.2059,0,0,0,0
528.673,0.2059,0,0,0,0
528.704,0.2059,0,0,0,0
528.738,0.2059,0,0,0,0
528.771,0.2059,0,0,0,0
528.805,0.2059,0,0,0,0
528.838,0.2059,0,0,0,0
528.871,0.2059,0,0,0,0
528.905,0.2059,0,0,0,0
528.940,0.2059,0,0,0,0
528.971,0.2059,0,0,0,0
529.005,0.2059,0,0,0,0
529.039,0.2059,0,0,0,0
529.072,0.2059,0,0,0,0
529.105,0.2059,0,0,0,0
529.139,0.2059,0,0,0,0
529.168,0.2059,0,0,0,0
529.205,0.2059,0,0,0,0
529.238,0.2059,0,0,0,0
529.273,0.2059,0,0,0,0
529.301,0.2059,0,0,0,0
529.340,0.2059,0,0,0,0
529.372,0.2059,0,0,0,0
529.405,0.2059,0,0,0,0
529.438,0.2059,0,0,0,0
529.471,0.2059,0,0,0,0
529.509,0.2059,0,0,0,0
529.538,0.2059,0,0,0,0
529.573,0.2059,0,0,0,0
529.601,0.2059,0,0,0,0
529.638,0.2059,0,0,0,0
529.673,0.2059,0,0,0,0
529.705,0.2059,0,0,0,0
529.738,0.2059,0,0,0,0
529.771,0.2059,0,0,0,0
529.804,0.2059,0,0,0,0
529.839,0.2059,0,0,0,0
529.871,0.2059,0,0,0,0
529.905,0.2059,0,0,0,0
529.939,0.2059,0,0,0,0
529.971,0.2059,0,0,0,0
530.005,0.2059,0,0,0,0
530.038,0.2059,0,0,0,0
530.073,0.2059,0,0,0,0
530.104,0.2059,0,0,0,0
530.140,0.2059,0,0,0,0
530.169,0.2059,0,0,0,0
530.205,0.2059,0,0,0,0
530.238,0.2059,0,0,0,0
530.272,0.2059,0,0,0,0
530.305,0.2059,0,0,0,0
530.339,0.2059,0,0,0,0
530.371,0.2059,0,0,0,0
530.405,0.2059,0,0,0,0
530.438,0.2059,0,0,0,0
530.473,0.2059,0,0,0,0
530.501,0.2059,0,0,0,0
530.540,0.2059,0,0,0,0
530.571,0.2059,0,0,0,0
530.605,0.2059,0,0,0,0
530.638,0.2059,0,0,0,0
530.671,0.2059,0,0,0,0
530.704,0.2059,0,0,0,0
530.738,0.2059,0,0,0,0
530.773,0.2059,0,0,0,0
530.805,0.2059,0,0,0,0
530.840,0.2059,0,0,0,0
530.871,0.2059,0,0,0,0
530.906,0.2059,0,0,0,0
530.938,0.2059,0,0,0,0
530.973,0.2059,0,0,0,0
531.005,0.2059,0,0,0,0
531.037,0.2059,0,0,0,0
531.071,0.2059,0,0,0,0
531.104,0.2059,0,0,0,0
531.137,0.2059,0,0,0,0
531.171,0.2059,0,0,0,0
531.201,0.2059,0,0,0,0
531.238,0.2059,0,0,0,0
531.272,0.2059,0,0,0,0
531.307,0.2059,0,0,0,0
531.335,0.2059,0,0,0,0
531.372,0.2059,0,0,0,0
531.401,0.2059,0,0,0,0
531.436,0.2059,0,0,0,0
531.470,0.2059,0,0,0,0
531.506,0.2059,0,0,0,0
531.538,0.2059,0,0,0,0
531.572,0.2059,0,0,0,0
531.601,0.2059,0,0,0,0
531.638,0.2059,0,0,0,0
531.672,0.2059,0,0,0,0
531.704,0.2059,0,0,0,0
531.737,0.2059,0,0,0,0
531.768,0.2059,0,0,0,0
531.801,0.2059,0,0,0,0
531.840,0.2059,0,0,0,0
531.872,0.2059,0,0,0,0
531.904,0.2059,0,0,0,0
531.937,0.2059,0,0,0,0
531.971,0.2059,0,0,0,0
532.005,0.2059,0,0,0,0
532.040,0.2059,0,0,0,0
532.071,0.2059,0,0,0,0
532.104,0.2059,0,0,0,0
532.138,0.2059,0,0,0,0
532.172,0.2059,0,0,0,0
532.207,0.2059,0,0,0,0
532.238,0.2059,0,0,0,0
532.271,0.2059,0,0,0,0
532.304,0.2059,0,0,0,0
532.339,0.2059,0,0,0,0
532.372,0.2059,0,0,0,0
532.406,0.2059,0,0,0,0
532.440,0.2059,0,0,0,0
532.472,0.2059,0,0,0,0
532.505,0.2059,0,0,0,0
532.538,0.2059,0,0,0,0
532.573,0.2059,0,0,0,0
532.605,0.2059,0,0,0,0
532.638,0.2059,0,0,0,0
532.670,0.2059,0,0,0,0
532.705,0.2059,0,0,0,0
532.737,0.2059,0,0,0,0
532.771,0.2059,0,0,0,0
532.800,0.2059,0,0,0,0
532.838,0.2059,0,0,0,0
532.871,0.2059,0,0,0,0
532.906,0.2059,0,0,0,0
532.939,0.2059,0,0,0,0
532.972,0.2059,0,0,0,0
533.006,0.2059,0,0,0,0
533.039,0.2059,0,0,0,0
533.072,0.2059,0,0,0,0
533.106,0.2059,0,0,0,0
533.139,0.2059,0,0,0,0
533.170,0.2059,0,0,0,0
533.206,0.2059,0,0,0,0
533.235,0.2059,0,0,0,0
533.274,0.2059,0,0,0,0
533.304,0.2059,0,0,0,0
533.337,0.2059,0,0,0,0
533.371,0.2059,0,0,0,0
533.405,0.2059,0,0,0,0
533.439,0.2059,0,0,0,0
533.473,0.2059,0,0,0,0
533.502,0.2059,0,0,0,0
533.537,0.2059,0,0,0,0
533.571,0.2059,0,0,0,0
533.606,0.2059,0,0,0,0
533.638,0.2059,0,0,0,0
533.672,0.2059,0,0,0,0
533.706,0.2059,0,0,0,0
533.739,0.2059,0,0,0,0
533.773,0.2059,0,0,0,0
533.807,0.2059,0,0,0,0
533.839,0.2059,0,0,0,0
533.873,0.2059,0,0,0,0
533.905,0.2059,0,0,0,0
533.939,0.2059,0,0,0,0
533.971,0.2059,0,0,0,0
534.005,0.2059,0,0,0,0
534.039,0.2059,0,0,0,0
534.071,0.2059,0,0,0,0
534.105,0.2059,0,0,0,0
534.137,0.2059,0,0,0,0
534.172,0.2059,0,0,0,0
534.204,0.2059,0,0,0,0
534.237,0.2059,0,0,0,0
534.270,0.2059,0,0,0,0
534.305,0.2059,0,0,0,0
534.339,0.2059,0,0,0,0
534.371,0.2059,0,0,0,0
534.405,0.2059,0,0,0,0
534.440,0.2059,0,0,0,0
534.471,0.2059,0,0,0,0
534.506,0.2059,0,0,0,0
534.539,0.2059,0,0,0,0
534.572,0.2059,0,0,0,0
534.604,0.2059,0,0,0,0
534.639,0.2059,0,0,0,0
534.671,0.2059,0,0,0,0
534.701,0.2059,0,0,0,0
534.739,0.2059,0,0,0,0
534.771,0.2059,0,0,0,0
534.805,0.2059,0,0,0,0
534.838,0.2059,0,0,0,0
534.872,0.2059,0,0,0,0
534.902,0.2059,0,0,0,0
534.938,0.2059,0,0,0,0
534.974,0.2059,0,0,0,0
535.004,0.2059,0,0,0,0
535.038,0.2059,0,0,0,0
535.071,0.2059,0,0,0,0
535.104,0.2059,0,0,0,0
535.140,0.2059,0,0,0,0
535.171,0.2059,0,0,0,0
535.206,0.2059,0,0,0,0
535.239,0.2059,0,0,0,0
535.270,0.2059,0,0,0,0
535.305,0.2059,0,0,0,0
535.338,0.2059,0,0,0,0
535.368,0.2059,0,0,0,0
535.405,0.2059,0,0,0,0
535.438,0.2059,0,0,0,0
535.471,0.2059,0,0,0,0
535.505,0.2059,0,0,0,0
535.538,0.2059,0,0,0,0
535.572,0.2059,0,0,0,0
535.606,0.2059,0,0,0,0
535.639,0.2059,0,0,0,0
535.673,0.2059,0,0,0,0
535.706,0.2059,0,0,0,0
535.739,0.2059,0,0,0,0
535.772,0.2059,0,0,0,0
535.804,0.2059,0,0,0,0
535.837,0.2059,0,0,0,0
535.871,0.2059,0,0,0,0
535.904,0.2059,0,0,0,0
535.939,0.2059,0,0,0,0
535.971,0.2059,0,0,0,0
536.001,0.2059,0,0,0,0
536.040,0.2059,0,0,0,0
536.071,0.2059,0,0,0,0
536.105,0.2059,0,0,0,0
536.138,0.2059,0,0,0,0
536.171,0.2059,0,0,0,0
536.206,0.2059,0,0,0,0
536.239,0.2059,0,0,0,0
536.271,0.2059,0,0,0,0
536.304,0.2059,0,0,0,0
536.338,0.2059,0,0,0,0
536.373,0.2059,0,0,0,0
536.404,0.2059,0,0,0,0
536.436,0.2059,0,0,0,0
536.471,0.2059,0,0,0,0
536.504,0.2059,0,0,0,0
536.539,0.2059,0,0,0,0
536.572,0.2059,0,0,0,0
536.605,0.2059,0,0,0,0
536.639,0.2059,0,0,0,0
536.671,0.2059,0,0,0,0
536.704,0.2059,0,0,0,0
536.738,0.2059,0,0,0,0
536.772,0.2059,0,0,0,0
536.805,0.2059,0,0,0,0
536.839,0.2059,0,0,0,0
536.873,0.2059,0,0,0,0
536.907,0.2059,0,0,0,0
536.939,0.2059,0,0,0,0
536.971,0.2059,0,0,0,0
537.005,0.2059,0,0,0,0
537.039,0.2059,0,0,0,0
537.070,0.2059,0,0,0,0
537.105,0.2059,0,0,0,0
537.140,0.2059,0,0,0,0
537.173,0.2059,0,0,0,0
537.205,0.2059,0,0,0,0
537.239,0.2059,0,0,0,0
537.273,0.2059,0,0,0,0
537.305,0.2059,0,0,0,0
537.340,0.2059,0,0,0,0
537.370,0.2059,0,0,0,0
537.415,0.2059,0,0,0,0
537.439,0.2059,0,0,0,0
537.471,0.2059,0,0,0,0
537.504,0.2059,0,0,0,0
537.538,0.2059,0,0,0,0
537.572,0.2059,0,0,0,0
537.604,0.2059,0,0,0,0
537.637,0.2059,0,0,0,0
537.671,0.2059,0,0,0,0
537.706,0.2059,0,0,0,0
537.734,0.2059,0,0,0,0
537.772,0.2059,0,0,0,0
537.801,0.2059,0,0,0,0
537.840,0.2059,0,0,0,0
537.871,0.2059,0,0,0,0
537.904,0.2059,0,0,0,0
537.939,0.2059,0,0,0,0
537.972,0.2059,0,0,0,0
538.004,0.2059,0,0,0,0
538.037,0.2059,0,0,0,0
538.070,0.2059,0,0,0,0
538.106,0.2059,0,0,0,0
538.139,0.2059,0,0,0,0
538.173,0.2059,0,0,0,0
538.207,0.2059,0,0,0,0
538.239,0.2059,0,0,0,0
538.272,0.2059,0,0,0,0
538.304,0.2059,0,0,0,0
538.338,0.2059,0,0,0,0
538.372,0.2059,0,0,0,0
538.405,0.2059,0,0,0,0
538.438,0.2059,0,0,0,0
538.472,0.2059,0,0,0,0
538.505,0.2059,0,0,0,0
538.539,0.2059,0,0,0,0
538.571,0.2059,0,0,0,0
538.604,0.2059,0,0,0,0
538.638,0.2059,0,0,0,0
538.671,0.2059,0,0,0,0
538.704,0.2059,0,0,0,0
538.739,0.2059,0,0,0,0
538.773,0.2059,0,0,0,0
538.801,0.2059,0,0,0,0
538.839,0.2059,0,0,0,0
538.874,0.2059,0,0,0,0
538.905,0.2059,0,0,0,0
538.938,0.2059,0,0,0,0
538.972,0.2059,0,0,0,0
539.005,0.2059,0,0,0,0
539.037,0.2059,0,0,0,0
539.072,0.2059,0,0,0,0
539.106,0.2059,0,0,0,0
539.137,0.2059,0,0,0,0
539.172,0.2059,0,0,0,0
539.206,0.2059,0,0,0,0
539.238,0.2059,0,0,0,0
539.271,0.2059,0,0,0,0
539.304,0.2059,0,0,0,0
539.339,0.2059,0,0,0,0
539.371,0.2059,0,0,0,0
539.406,0.2059,0,0,0,0
539.438,0.2059,0,0,0,0
539.473,0.2059,0,0,0,0
539.504,0.2059,0,0,0,0
539.538,0.2059,0,0,0,0
539.573,0.2059,0,0,0,0
539.604,0.2059,0,0,0,0
539.638,0.2059,0,0,0,0
539.673,0.2059,0,0,0,0
539.705,0.2059,0,0,0,0
539.738,0.2059,0,0,0,0
539.768,0.2059,0,0,0,0
539.804,0.2059,0,0,0,0
539.837,0.2059,0,0,0,0
539.872,0.2059,0,0,0,0
539.906,0.2059,0,0,0,0
539.939,0.2059,0,0,0,0
539.970,0.2059,0,0,0,0
540.004,0.2059,0,0,0,0
540.039,0.2059,0,0,0,0
540.074,0.2059,0,0,0,0
540.104,0.2059,0,0,0,0
540.138,0.2059,0,0,0,0
540.173,0.2059,0,0,0,0
540.205,0.2059,0,0,0,0
540.238,0.2059,0,0,0,0
540.271,0.2059,0,0,0,0
540.305,0.2059,0,0,0,0
540.339,0.2059,0,0,0,0
540.371,0.2059,0,0,0,0
540.405,0.2059,0,0,0,0
540.434,0.2059,0,0,0,0
540.472,0.2059,0,0,0,0
540.504,0.2059,0,0,0,0
540.537,0.2059,0,0,0,0
540.573,0.2059,0,0,0,0
540.604,0.2059,0,0,0,0
540.637,0.2059,0,0,0,0
540.671,0.2059,0,0,0,0
540.704,0.2059,0,0,0,0
540.737,0.2059,0,0,0,0
540.771,0.2059,0,0,0,0
540.805,0.2059,0,0,0,0
540.839,0.2059,0,0,0,0
540.871,0.2059,0,0,0,0
540.905,0.2059,0,0,0,0
540.939,0.2059,0,0,0,0
540.972,0.2059,0,0,0,0
541.005,0.2059,0,0,0,0
541.039,0.2059,0,0,0,0
541.072,0.2059,0,0,0,0
541.104,0.2059,0,0,0,0
541.137,0.2059,0,0,0,0
541.172,0.2059,0,0,0,0
541.205,0.2059,0,0,0,0
541.238,0.2059,0,0,0,0
541.272,0.2059,0,0,0,0
541.304,0.2059,0,0,0,0
541.339,0.2059,0,0,0,0
541.373,0.2059,0,0,0,0
541.401,0.2059,0,0,0,0
541.434,0.2059,0,0,0,0
541.473,0.2059,0,0,0,0
541.502,0.2059,0,0,0,0
541.534,0.2059,0,0,0,0
541.574,0.2059,0,0,0,0
541.605,0.2059,0,0,0,0
541.639,0.2059,0,0,0,0
541.672,0.2059,0,0,0,0
541.704,0.2059,0,0,0,0
541.737,0.2059,0,0,0,0
541.772,0.2059,0,0,0,0
541.806,0.2059,0,0,0,0
541.839,0.2059,0,0,0,0
541.871,0.2059,0,0,0,0
541.904,0.2059,0,0,0,0
541.937,0.2059,0,0,0,0
541.971,0.2059,0,0,0,0
542.004,0.2059,0,0,0,0
542.039,0.2059,0,0,0,0
542.070,0.2059,0,0,0,0
542.104,0.2059,0,0,0,0
542.140,0.2059,0,0,0,0
542.171,0.2059,0,0,0,0
542.204,0.2059,0,0,0,0
542.238,0.2059,0,0,0,0
542.272,0.2059,0,0,0,0
542.304,0.2059,0,0,0,0
542.337,0.2059,0,0,0,0
542.371,0.2059,0,0,0,0
542.404,0.2059,0,0,0,0
542.440,0.2059,0,0,0,0
542.471,0.2059,0,0,0,0
542.506,0.2059,0,0,0,0
542.539,0.2059,0,0,0,0
542.572,0.2059,0,0,0,0
542.604,0.2059,0,0,0,0
542.635,0.2059,0,0,0,0
542.672,0.2059,0,0,0,0
542.704,0.2059,0,0,0,0
542.739,0.2059,0,0,0,0
542.768,0.2059,0,0,0,0
542.805,0.2059,0,0,0,0
542.839,0.2059,0,0,0,0
542.869,0.2059,0,0,0,0
542.904,0.2059,0,0,0,0
542.938,0.2059,0,0,0,0
542.972,0.2059,0,0,0,0
543.007,0.2059,0,0,0,0
543.040,0.2059,0,0,0,0
543.071,0.2059,0,0,0,0
543.105,0.2059,0,0,0,0
543.137,0.2059,0,0,0,0
543.172,0.2059,0,0,0,0
543.206,0.2059,0,0,0,0
543.239,0.2059,0,0,0,0
543.272,0.2059,0,0,0,0
543.301,0.2059,0,0,0,0
543.338,0.2059,0,0,0,0
543.376,0.2059,0,0,0,0
543.404,0.2059,0,0,0,0
543.438,0.2059,0,0,0,0
543.472,0.2059,0,0,0,0
543.506,0.2059,0,0,0,0
543.539,0.2059,0,0,0,0
543.573,0.2059,0,0,0,0
543.601,0.2059,0,0,0,0
543.640,0.2059,0,0,0,0
543.672,0.2059,0,0,0,0
543.706,0.2059,0,0,0,0
543.739,0.2059,0,0,0,0
543.773,0.2059,0,0,0,0
543.805,0.2059,0,0,0,0
543.839,0.2059,0,0,0,0
543.873,0.2059,0,0,0,0
543.907,0.2059,0,0,0,0
543.938,0.2059,0,0,0,0
543.973,0.2059,0,0,0,0
544.010,0.2059,0,0,0,0
544.038,0.2059,0,0,0,0
544.071,0.2059,0,0,0,0
544.104,0.2059,0,0,0,0
544.138,0.2059,0,0,0,0
544.171,0.2059,0,0,0,0
544.200,0.2059,0,0,0,0
544.238,0.2059,0,0,0,0
544.273,0.2059,0,0,0,0
544.301,0.2059,0,0,0,0
544.341,0.2059,0,0,0,0
544.371,0.2059,0,0,0,0
544.405,0.2059,0,0,0,0
544.437,0.2059,0,0,0,0
544.471,0.2059,0,0,0,0
544.505,0.2059,0,0,0,0
544.540,0.2059,0,0,0,0
544.571,0.2059,0,0,0,0
544.605,0.2059,0,0,0,0
544.639,0.2059,0,0,0,0
544.671,0.2059,0,0,0,0
544.706,0.2059,0,0,0,0
544.738,0.2059,0,0,0,0
544.772,0.2059,0,0,0,0
544.806,0.2059,0,0,0,0
544.838,0.2059,0,0,0,0
544.873,0.2059,0,0,0,0
544.901,0.2059,0,0,0,0
544.937,0.2059,0,0,0,0
544.971,0.2059,0,0,0,0
545.002,0.2059,0,0,0,0
545.038,0.2059,0,0,0,0
545.071,0.2059,0,0,0,0
545.104,0.2059,0,0,0,0
545.139,0.2059,0,0,0,0
545.173,0.2059,0,0,0,0
545.204,0.2059,0,0,0,0
545.237,0.2059,0,0,0,0
545.273,0.2059,0,0,0,0
545.306,0.2059,0,0,0,0
545.340,0.2059,0,0,0,0
545.373,0.2059,0,0,0,0
545.405,0.2059,0,0,0,0
545.440,0.2059,0,0,0,0
545.471,0.2059,0,0,0,0
545.506,0.2059,0,0,0,0
545.539,0.2059,0,0,0,0
545.571,0.2059,0,0,0,0
545.606,0.2059,0,0,0,0
545.639,0.2059,0,0,0,0
545.673,0.2059,0,0,0,0
545.705,0.2059,0,0,0,0
545.738,0.2059,0,0,0,0
545.771,0.2059,0,0,0,0
545.804,0.2059,0,0,0,0
545.837,0.2059,0,0,0,0
545.871,0.2059,0,0,0,0
545.904,0.2059,0,0,0,0
545.937,0.2059,0,0,0,0
545.967,0.2059,0,0,0,0
546.005,0.2059,0,0,0,0
546.037,0.2059,0,0,0,0
546.071,0.2059,0,0,0,0
546.104,0.2059,0,0,0,0
546.137,0.2059,0,0,0,0
546.173,0.2059,0,0,0,0
546.204,0.2059,0,0,0,0
546.237,0.2059,0,0,0,0
546.271,0.2059,0,0,0,0
546.303,0.2059,0,0,0,0
546.337,0.2059,0,0,0,0
546.372,0.2059,0,0,0,0
546.406,0.2059,0,0,0,0
546.437,0.2059,0,0,0,0
546.473,0.2059,0,0,0,0
546.504,0.2059,0,0,0,0
546.538,0.2059,0,0,0,0
546.572,0.2059,0,0,0,0
546.604,0.2059,0,0,0,0
546.638,0.2059,0,0,0,0
546.670,0.2059,0,0,0,0
546.704,0.2059,0,0,0,0
546.736,0.2059,0,0,0,0
546.771,0.2059,0,0,0,0
546.806,0.2059,0,0,0,0
546.838,0.2059,0,0,0,0
546.871,0.2059,0,0,0,0
546.906,0.2059,0,0,0,0
546.938,0.2059,0,0,0,0
546.971,0.2059,0,0,0,0
547.007,0.2059,0,0,0,0
547.037,0.2059,0,0,0,0
547.071,0.2059,0,0,0,0
547.104,0.2059,0,0,0,0
547.138,0.2059,0,0,0,0
547.171,0.2059,0,0,0,0
547.204,0.2059,0,0,0,0
547.237,0.2059,0,0,0,0
547.271,0.2059,0,0,0,0
547.304,0.2059,0,0,0,0
547.337,0.2059,0,0,0,0
547.373,0.2059,0,0,0,0
547.404,0.2059,0,0,0,0
547.438,0.2059,0,0,0,0
547.471,0.2059,0,0,0,0
547.505,0.2059,0,0,0,0
547.540,0.2059,0,0,0,0
547.571,0.2059,0,0,0,0
547.601,0.2059,0,0,0,0
547.638,0.2059,0,0,0,0
547.672,0.2059,0,0,0,0
547.704,0.2059,0,0,0,0
547.739,0.2059,0,0,0,0
547.768,0.2059,0,0,0,0
547.802,0.2059,0,0,0,0
547.838,0.2059,0,0,0,0
547.871,0.2059,0,0,0,0
547.905,0.2059,0,0,0,0
547.938,0.2059,0,0,0,0
547.972,0.2059,0,0,0,0
548.005,0.2059,0,0,0,0
548.039,0.2059,0,0,0,0
548.071,0.2059,0,0,0,0
548.105,0.2059,0,0,0,0
548.139,0.2059,0,0,0,0
548.170,0.2059,0,0,0,0
548.204,0.2059,0,0,0,0
548.237,0.2059,0,0,0,0
548.272,0.2059,0,0,0,0
548.305,0.2059,0,0,0,0
548.339,0.2059,0,0,0,0
548.368,0.2059,0,0,0,0
548.401,0.2059,0,0,0,0
548.438,0.2059,0,0,0,0
548.473,0.2059,0,0,0,0
548.505,0.2059,0,0,0,0
548.538,0.2059,0,0,0,0
548.571,0.2059,0,0,0,0
548.604,0.2059,0,0,0,0
548.640,0.2059,0,0,0,0
548.671,0.2059,0,0,0,0
548.706,0.2059,0,0,0,0
548.739,0.2059,0,0,0,0
548.771,0.2059,0,0,0,0
548.806,0.2059,0,0,0,0
548.839,0.2059,0,0,0,0
548.869,0.2059,0,0,0,0
548.906,0.2059,0,0,0,0
548.935,0.2059,0,0,0,0
548.970,0.2059,0,0,0,0
549.004,0.2059,0,0,0,0
549.039,0.2059,0,0,0,0
549.072,0.2059,0,0,0,0
549.105,0.2059,0,0,0,0
549.134,0.2059,0,0,0,0
549.166,0.2059,0,0,0,0
549.206,0.2059,0,0,0,0
549.235,0.2059,0,0,0,0
549.272,0.2059,0,0,0,0
549.305,0.2059,0,0,0,0
549.339,0.2059,0,0,0,0
549.371,0.2059,0,0,0,0
549.407,0.2059,0,0,0,0
549.440,0.2059,0,0,0,0
549.473,0.2059,0,0,0,0
549.506,0.2059,0,0,0,0
549.534,0.2059,0,0,0,0
549.572,0.2059,0,0,0,0
549.606,0.2059,0,0,0,0
549.639,0.2059,0,0,0,0
549.672,0.2059,0,0,0,0
549.706,0.2059,0,0,0,0
549.737,0.2059,0,0,0,0
549.773,0.2059,0,0,0,0
549.806,0.2059,0,0,0,0
549.834,0.2059,0,0,0,0
549.872,0.2059,0,0,0,0
549.907,0.2059,0,0,0,0
549.937,0.2059,0,0,0,0
549.968,0.2059,0,0,0,0
550.005,0.2059,0,0,0,0
550.041,0.2059,0,0,0,0
550.073,0.2059,0,0,0,0
550.106,0.2059,0,0,0,0
550.139,0.2059,0,0,0,0
550.162,0.2059,0,0,0,0
550.204,0.2059,0,0,0,0
550.238,0.2059,0,0,0,0
550.271,0.2059,0,0,0,0
550.304,0.2059,0,0,0,0
550.338,0.2059,0,0,0,0
550.368,0.2059,0,0,0,0
550.405,0.2059,0,0,0,0
550.440,0.2059,0,0,0,0
550.473,0.2059,0,0,0,0
550.506,0.2059,0,0,0,0
550.540,0.2059,0,0,0,0
550.572,0.2059,0,0,0,0
550.604,0.2059,0,0,0,0
550.638,0.2059,0,0,0,0
550.671,0.2059,0,0,0,0
550.705,0.2059,0,0,0,0
550.739,0.2059,0,0,0,0
550.772,0.2059,0,0,0,0
550.806,0.2059,0,0,0,0
550.839,0.2059,0,0,0,0
550.873,0.2059,0,0,0,0
550.901,0.2059,0,0,0,0
550.939,0.2059,0,0,0,0
550.973,0.2059,0,0,0,0
551.005,0.2059,0,0,0,0
551.039,0.2059,0,0,0,0
551.073,0.2059,0,0,0,0
551.106,0.2059,0,0,0,0
551.139,0.2059,0,0,0,0
551.172,0.2059,0,0,0,0
551.206,0.2059,0,0,0,0
551.238,0.2059,0,0,0,0
551.273,0.2059,0,0,0,0
551.307,0.2059,0,0,0,0
551.340,0.2059,0,0,0,0
551.370,0.2059,0,0,0,0
551.405,0.2059,0,0,0,0
551.440,0.2059,0,0,0,0
551.473,0.2059,0,0,0,0
551.501,0.2059,0,0,0,0
551.535,0.2059,0,0,0,0
551.573,0.2059,0,0,0,0
551.604,0.2059,0,0,0,0
551.638,0.2059,0,0,0,0
551.672,0.2059,0,0,0,0
551.705,0.2059,0,0,0,0
551.740,0.2059,0,0,0,0
551.772,0.2059,0,0,0,0
551.804,0.2059,0,0,0,0
551.838,0.2059,0,0,0,0
551.872,0.2059,0,0,0,0
551.906,0.2059,0,0,0,0
551.939,0.2059,0,0,0,0
551.973,0.2059,0,0,0,0
552.006,0.2059,0,0,0,0
552.038,0.2059,0,0,0,0
552.072,0.2059,0,0,0,0
552.105,0.2059,0,0,0,0
552.137,0.2059,0,0,0,0
552.168,0.2059,0,0,0,0
552.205,0.2059,0,0,0,0
552.235,0.2059,0,0,0,0
552.272,0.2059,0,0,0,0
552.306,0.2059,0,0,0,0
552.339,0.2059,0,0,0,0
552.373,0.2059,0,0,0,0
552.404,0.2059,0,0,0,0
552.438,0.2059,0,0,0,0
552.471,0.2059,0,0,0,0
552.505,0.2059,0,0,0,0
552.539,0.2059,0,0,0,0
552.572,0.2059,0,0,0,0
552.606,0.2059,0,0,0,0
552.639,0.2059,0,0,0,0
552.672,0.2059,0,0,0,0
552.705,0.2059,0,0,0,0
552.739,0.2059,0,0,0,0
552.773,0.2059,0,0,0,0
552.805,0.2059,0,0,0,0
552.839,0.2059,0,0,0,0
552.868,0.2059,0,0,0,0
552.905,0.2059,0,0,0,0
552.938,0.2059,0,0,0,0
552.972,0.2059,0,0,0,0
553.006,0.2059,0,0,0,0
553.039,0.2059,0,0,0,0
553.072,0.2059,0,0,0,0
553.105,0.2059,0,0,0,0
553.139,0.2059,0,0,0,0
553.173,0.2059,0,0,0,0
553.205,0.2059,0,0,0,0
553.238,0.2059,0,0,0,0
553.272,0.2059,0,0,0,0
553.305,0.2059,0,0,0,0
553.334,0.2059,0,0,0,0
553.372,0.2059,0,0,0,0
553.404,0.2059,0,0,0,0
553.438,0.2059,0,0,0,0
553.471,0.2059,0,0,0,0
553.505,0.2059,0,0,0,0
553.538,0.2059,0,0,0,0
553.572,0.2059,0,0,0,0
553.605,0.2059,0,0,0,0
553.634,0.2059,0,0,0,0
553.671,0.2059,0,0,0,0
553.705,0.2059,0,0,0,0
553.739,0.2059,0,0,0,0
553.771,0.2059,0,0,0,0
553.805,0.2059,0,0,0,0
553.834,0.2059,0,0,0,0
553.872,0.2059,0,0,0,0
553.901,0.2059,0,0,0,0
553.938,0.2059,0,0,0,0
553.971,0.2059,0,0,0,0
554.006,0.2059,0,0,0,0
554.038,0.2059,0,0,0,0
554.072,0.2059,0,0,0,0
554.104,0.2059,0,0,0,0
554.138,0.2059,0,0,0,0
554.171,0.2059,0,0,0,0
554.204,0.2059,0,0,0,0
554.239,0.2059,0,0,0,0
554.271,0.2059,0,0,0,0
554.302,0.2059,0,0,0,0
554.338,0.2059,0,0,0,0
554.368,0.2059,0,0,0,0
554.405,0.2059,0,0,0,0
554.434,0.2059,0,0,0,0
554.472,0.2059,0,0,0,0
554.505,0.2059,0,0,0,0
554.540,0.2059,0,0,0,0
554.572,0.2059,0,0,0,0
554.605,0.2059,0,0,0,0
554.635,0.2059,0,0,0,0
554.672,0.2059,0,0,0,0
554.705,0.2059,0,0,0,0
554.739,0.2059,0,0,0,0
554.773,0.2059,0,0,0,0
554.805,0.2059,0,0,0,0
554.839,0.2059,0,0,0,0
554.871,0.2059,0,0,0,0
554.905,0.2059,0,0,0,0
554.940,0.2059,0,0,0,0
554.972,0.2059,0,0,0,0
554.993,0.2059,0,0,0,0
555.037,0.2059,0,0,0,0
555.071,0.2059,0,0,0,0
555.105,0.2059,0,0,0,0
555.138,0.2059,0,0,0,0
555.172,0.2059,0,0,0,0
555.206,0.2059,0,0,0,0
555.239,0.2059,0,0,0,0
555.273,0.2059,0,0,0,0
555.306,0.2059,0,0,0,0
555.340,0.2059,0,0,0,0
555.371,0.2059,0,0,0,0
555.406,0.2059,0,0,0,0
555.434,0.2059,0,0,0,0
555.472,0.2059,0,0,0,0
555.505,0.2059,0,0,0,0
555.538,0.2059,0,0,0,0
555.574,0.2059,0,0,0,0
555.606,0.2059,0,0,0,0
555.639,0.2059,0,0,0,0
555.671,0.2059,0,0,0,0
555.706,0.2059,0,0,0,0
555.739,0.2059,0,0,0,0
555.768,0.2059,0,0,0,0
555.801,0.2059,0,0,0,0
555.839,0.2059,0,0,0,0
555.873,0.2059,0,0,0,0
555.901,0.2059,0,0,0,0
555.938,0.2059,0,0,0,0
555.972,0.2059,0,0,0,0
556.004,0.2059,0,0,0,0
556.038,0.2059,0,0,0,0
556.073,0.2059,0,0,0,0
556.104,0.2059,0,0,0,0
556.138,0.2059,0,0,0,0
556.173,0.2059,0,0,0,0
556.205,0.2059,0,0,0,0
556.239,0.2059,0,0,0,0
556.269,0.2059,0,0,0,0
556.305,0.2059,0,0,0,0
556.339,0.2059,0,0,0,0
556.373,0.2059,0,0,0,0
556.404,0.2059,0,0,0,0
556.440,0.2059,0,0,0,0
556.471,0.2059,0,0,0,0
556.505,0.2059,0,0,0,0
556.539,0.2059,0,0,0,0
556.572,0.2059,0,0,0,0
556.607,0.2059,0,0,0,0
556.630,0.2059,0,0,0,0
556.671,0.2059,0,0,0,0
556.701,0.2059,0,0,0,0
556.738,0.2059,0,0,0,0
556.772,0.2059,0,0,0,0
556.805,0.2059,0,0,0,0
556.840,0.2059,0,0,0,0
556.873,0.2059,0,0,0,0
556.905,0.2059,0,0,0,0
556.940,0.2059,0,0,0,0
556.968,0.2059,0,0,0,0
557.007,0.2059,0,0,0,0
557.037,0.2059,0,0,0,0
557.069,0.2059,0,0,0,0
557.105,0.2059,0,0,0,0
557.134,0.2059,0,0,0,0
557.172,0.2059,0,0,0,0
557.202,0.2059,0,0,0,0
557.238,0.2059,0,0,0,0
557.272,0.2059,0,0,0,0
557.304,0.2059,0,0,0,0
557.339,0.2059,0,0,0,0
557.371,0.2059,0,0,0,0
557.401,0.2059,0,0,0,0
557.439,0.2059,0,0,0,0
557.469,0.2059,0,0,0,0
557.506,0.2059,0,0,0,0
557.534,0.2059,0,0,0,0
557.574,0.2059,0,0,0,0
557.606,0.2059,0,0,0,0
557.634,0.2059,0,0,0,0
557.667,0.2059,0,0,0,0
557.706,0.2059,0,0,0,0
557.738,0.2059,0,0,0,0
557.768,0.2059,0,0,0,0
557.805,0.2059,0,0,0,0
557.840,0.2059,0,0,0,0
557.869,0.2059,0,0,0,0
557.905,0.2059,0,0,0,0
557.939,0.2059,0,0,0,0
557.971,0.2059,0,0,0,0
558.004,0.2059,0,0,0,0
558.040,0.2059,0,0,0,0
558.068,0.2059,0,0,0,0
558.105,0.2059,0,0,0,0
558.140,0.2059,0,0,0,0
558.171,0.2059,0,0,0,0
558.207,0.2059,0,0,0,0
558.239,0.2059,0,0,0,0
558.272,0.2059,0,0,0,0
558.304,0.2059,0,0,0,0
558.337,0.2059,0,0,0,0
558.371,0.2059,0,0,0,0
558.402,0.2059,0,0,0,0
558.439,0.2059,0,0,0,0
558.473,0.2059,0,0,0,0
558.505,0.2059,0,0,0,0
558.539,0.2059,0,0,0,0
558.573,0.2059,0,0,0,0
558.601,0.2059,0,0,0,0
558.639,0.2059,0,0,0,0
558.672,0.2059,0,0,0,0
558.704,0.2059,0,0,0,0
558.739,0.2059,0,0,0,0
558.771,0.2059,0,0,0,0
558.806,0.2059,0,0,0,0
558.837,0.2059,0,0,0,0
558.872,0.2059,0,0,0,0
558.904,0.2059,0,0,0,0
558.938,0.2059,0,0,0,0
558.972,0.2059,0,0,0,0
559.006,0.2059,0,0,0,0
559.040,0.2059,0,0,0,0
559.069,0.2059,0,0,0,0
559.105,0.2059,0,0,0,0
559.137,0.2059,0,0,0,0
559.172,0.2059,0,0,0,0
559.205,0.2059,0,0,0,0
559.239,0.2059,0,0,0,0
559.271,0.2059,0,0,0,0
559.307,0.2059,0,0,0,0
559.339,0.2059,0,0,0,0
559.372,0.2059,0,0,0,0
559.407,0.2059,0,0,0,0
559.438,0.2059,0,0,0,0
559.471,0.2059,0,0,0,0
559.505,0.2059,0,0,0,0
559.538,0.2059,0,0,0,0
559.573,0.2059,0,0,0,0
559.606,0.2059,0,0,0,0
559.638,0.2059,0,0,0,0
559.671,0.2059,0,0,0,0
559.704,0.2059,0,0,0,0
559.739,0.2059,0,0,0,0
559.773,0.2059,0,0,0,0
559.804,0.2059,0,0,0,0
559.838,0.2059,0,0,0,0
559.871,0.2059,0,0,0,0
559.906,0.2059,0,0,0,0
559.938,0.2059,0,0,0,0
559.972,0.2059,0,0,0,0
560.006,0.2059,0,0,0,0
560.038,0.2059,0,0,0,0
560.072,0.2059,0,0,0,0
560.105,0.2059,0,0,0,0
560.139,0.2059,0,0,0,0
560.173,0.2059,0,0,0,0
560.201,0.2059,0,0,0,0
560.239,0.2059,0,0,0,0
560.273,0.2059,0,0,0,0
560.305,0.2059,0,0,0,0
560.340,0.2059,0,0,0,0
560.373,0.2059,0,0,0,0
560.405,0.2059,0,0,0,0
560.440,0.2059,0,0,0,0
560.473,0.2059,0,0,0,0
560.505,0.2059,0,0,0,0
560.534,0.2059,0,0,0,0
560.571,0.2059,0,0,0,0
560.604,0.2059,0,0,0,0
560.639,0.2059,0,0,0,0
560.667,0.2059,0,0,0,0
560.706,0.2059,0,0,0,0
560.738,0.2059,0,0,0,0
560.771,0.2059,0,0,0,0
560.801,0.2059,0,0,0,0
560.838,0.2059,0,0,0,0
560.869,0.2059,0,0,0,0
560.905,0.2059,0,0,0,0
560.939,0.2059,0,0,0,0
560.968,0.2059,0,0,0,0
561.005,0.2059,0,0,0,0
561.037,0.2059,0,0,0,0
561.071,0.2059,0,0,0,0
561.106,0.2059,0,0,0,0
561.140,0.2059,0,0,0,0
561.171,0.2059,0,0,0,0
561.207,0.2059,0,0,0,0
561.235,0.2059,0,0,0,0
561.273,0.2059,0,0,0,0
561.304,0.2059,0,0,0,0
561.338,0.2059,0,0,0,0
561.372,0.2059,0,0,0,0
561.406,0.2059,0,0,0,0
561.439,0.2059,0,0,0,0
561.472,0.2059,0,0,0,0
561.506,0.2059,0,0,0,0
561.539,0.2059,0,0,0,0
561.571,0.2059,0,0,0,0
561.606,0.2059,0,0,0,0
561.633,0.2059,0,0,0,0
561.671,0.2059,0,0,0,0
561.705,0.2059,0,0,0,0
561.738,0.2059,0,0,0,0
561.768,0.2059,0,0,0,0
561.805,0.2059,0,0,0,0
561.839,0.2059,0,0,0,0
561.873,0.2059,0,0,0,0
561.904,0.2059,0,0,0,0
561.938,0.2059,0,0,0,0
561.972,0.2059,0,0,0,0
562.005,0.2059,0,0,0,0
562.039,0.2059,0,0,0,0
562.073,0.2059,0,0,0,0
562.105,0.2059,0,0,0,0
562.139,0.2059,0,0,0,0
562.172,0.2059,0,0,0,0
562.206,0.2059,0,0,0,0
562.239,0.2059,0,0,0,0
562.271,0.2059,0,0,0,0
562.306,0.2059,0,0,0,0
562.339,0.2059,0,0,0,0
562.373,0.2059,0,0,0,0
562.405,0.2059,0,0,0,0
562.438,0.2059,0,0,0,0
562.468,0.2059,0,0,0,0
562.505,0.2059,0,0,0,0
562.539,0.2059,0,0,0,0
562.572,0.2059,0,0,0,0
562.605,0.2059,0,0,0,0
562.638,0.2059,0,0,0,0
562.673,0.2059,0,0,0,0
562.706,0.2059,0,0,0,0
562.739,0.2059,0,0,0,0
562.771,0.2059,0,0,0,0
562.805,0.2059,0,0,0,0
562.838,0.2059,0,0,0,0
562.873,0.2059,0,0,0,0
562.906,0.2059,0,0,0,0
562.939,0.2059,0,0,0,0
562.971,0.2059,0,0,0,0
563.006,0.2059,0,0,0,0
563.039,0.2059,0,0,0,0
563.071,0.2059,0,0,0,0
563.105,0.2059,0,0,0,0
563.139,0.2059,0,0,0,0
563.172,0.2059,0,0,0,0
563.205,0.2059,0,0,0,0
563.238,0.2059,0,0,0,0
563.275,0.2059,0,0,0,0
563.304,0.2059,0,0,0,0
563.337,0.2059,0,0,0,0
563.369,0.2059,0,0,0,0
563.405,0.2059,0,0,0,0
563.439,0.2059,0,0,0,0
563.473,0.2059,0,0,0,0
563.505,0.2059,0,0,0,0
563.539,0.2059,0,0,0,0
563.573,0.2059,0,0,0,0
563.605,0.2059,0,0,0,0
563.637,0.2059,0,0,0,0
563.673,0.2059,0,0,0,0
563.701,0.2059,0,0,0,0
563.739,0.2059,0,0,0,0
563.773,0.2059,0,0,0,0
563.805,0.2059,0,0,0,0
563.839,0.2059,0,0,0,0
563.871,0.2059,0,0,0,0
563.906,0.2059,0,0,0,0
563.938,0.2059,0,0,0,0
563.971,0.2059,0,0,0,0
564.005,0.2059,0,0,0,0
564.039,0.2059,0,0,0,0
564.072,0.2059,0,0,0,0
564.104,0.2059,0,0,0,0
564.139,0.2059,0,0,0,0
564.171,0.2059,0,0,0,0
564.206,0.2059,0,0,0,0
564.238,0.2059,0,0,0,0
564.271,0.2059,0,0,0,0
564.307,0.2059,0,0,0,0
564.337,0.2059,0,0,0,0
564.373,0.2059,0,0,0,0
564.406,0.2059,0,0,0,0
564.439,0.2059,0,0,0,0
564.473,0.2059,0,0,0,0
564.505,0.2059,0,0,0,0
564.540,0.2059,0,0,0,0
564.573,0.2059,0,0,0,0
564.602,0.2059,0,0,0,0
564.638,0.2059,0,0,0,0
564.672,0.2059,0,0,0,0
564.705,0.2059,0,0,0,0
564.740,0.2059,0,0,0,0
564.771,0.2059,0,0,0,0
564.805,0.2059,0,0,0,0
564.840,0.2059,0,0,0,0
564.871,0.2059,0,0,0,0
564.900,0.2059,0,0,0,0
564.938,0.2059,0,0,0,0
564.972,0.2059,0,0,0,0
565.004,0.2059,0,0,0,0
565.038,0.2059,0,0,0,0
565.071,0.2059,0,0,0,0
565.105,0.2059,0,0,0,0
565.139,0.2059,0,0,0,0
565.173,0.2059,0,0,0,0
565.204,0.2059,0,0,0,0
565.240,0.2059,0,0,0,0
565.268,0.2059,0,0,0,0
565.305,0.2059,0,0,0,0
565.339,0.2059,0,0,0,0
565.368,0.2059,0,0,0,0
565.405,0.2059,0,0,0,0
565.438,0.2059,0,0,0,0
565.471,0.2059,0,0,0,0
565.504,0.2059,0,0,0,0
565.537,0.2059,0,0,0,0
565.572,0.2059,0,0,0,0
565.605,0.2059,0,0,0,0
565.638,0.2059,0,0,0,0
565.673,0.2059,0,0,0,0
565.706,0.2059,0,0,0,0
565.738,0.2059,0,0,0,0
565.771,0.2059,0,0,0,0
565.804,0.2059,0,0,0,0
565.834,0.2059,0,0,0,0
565.873,0.2059,0,0,0,0
565.905,0.2059,0,0,0,0
565.939,0.2059,0,0,0,0
565.971,0.2059,0,0,0,0
566.005,0.2059,0,0,0,0
566.038,0.2059,0,0,0,0
566.073,0.2059,0,0,0,0
566.105,0.2059,0,0,0,0
566.139,0.2059,0,0,0,0
566.171,0.2059,0,0,0,0
566.206,0.2059,0,0,0,0
566.238,0.2059,0,0,0,0
566.273,0.2059,0,0,0,0
566.301,0.2059,0,0,0,0
566.338,0.2059,0,0,0,0
566.371,0.2059,0,0,0,0
566.407,0.2059,0,0,0,0
566.438,0.2059,0,0,0,0
566.468,0.2059,0,0,0,0
566.505,0.2059,0,0,0,0
566.538,0.2059,0,0,0,0
566.573,0.2059,0,0,0,0
566.606,0.2059,0,0,0,0
566.637,0.2059,0,0,0,0
566.673,0.2059,0,0,0,0
566.711,0.2059,0,0,0,0
566.739,0.2059,0,0,0,0
566.771,0.2059,0,0,0,0
566.801,0.2059,0,0,0,0
566.839,0.2059,0,0,0,0
566.872,0.2059,0,0,0,0
566.906,0.2059,0,0,0,0
566.934,0.2059,0,0,0,0
566.974,0.2059,0,0,0,0
567.006,0.2059,0,0,0,0
567.038,0.2059,0,0,0,0
567.071,0.2059,0,0,0,0
567.101,0.2059,0,0,0,0
567.139,0.2059,0,0,0,0
567.172,0.2059,0,0,0,0
567.206,0.2059,0,0,0,0
567.239,0.2059,0,0,0,0
567.271,0.2059,0,0,0,0
567.306,0.2059,0,0,0,0
567.339,0.2059,0,0,0,0
567.367,0.2059,0,0,0,0
567.401,0.2059,0,0,0,0
567.439,0.2059,0,0,0,0
567.472,0.2059,0,0,0,0
567.506,0.2059,0,0,0,0
567.539,0.2059,0,0,0,0
567.573,0.2059,0,0,0,0
567.606,0.2059,0,0,0,0
567.638,0.2059,0,0,0,0
567.673,0.2059,0,0,0,0
567.705,0.2059,0,0,0,0
567.739,0.2059,0,0,0,0
567.773,0.2059,0,0,0,0
567.801,0.2059,0,0,0,0
567.838,0.2059,0,0,0,0
567.872,0.2059,0,0,0,0
567.906,0.2059,0,0,0,0
567.939,0.2059,0,0,0,0
567.971,0.2059,0,0,0,0
568.005,0.2059,0,0,0,0
568.039,0.2059,0,0,0,0
568.072,0.2059,0,0,0,0
568.106,0.2059,0,0,0,0
568.139,0.2059,0,0,0,0
568.172,0.2059,0,0,0,0
568.204,0.2059,0,0,0,0
568.239,0.2059,0,0,0,0
568.272,0.2059,0,0,0,0
568.302,0.2059,0,0,0,0
568.339,0.2059,0,0,0,0
568.372,0.2059,0,0,0,0
568.405,0.2059,0,0,0,0
568.437,0.2059,0,0,0,0
568.471,0.2059,0,0,0,0
568.504,0.2059,0,0,0,0
568.538,0.2059,0,0,0,0
568.573,0.2059,0,0,0,0
568.604,0.2059,0,0,0,0
568.640,0.2059,0,0,0,0
568.673,0.2059,0,0,0,0
568.706,0.2059,0,0,0,0
568.737,0.2059,0,0,0,0
568.771,0.2059,0,0,0,0
568.804,0.2059,0,0,0,0
568.837,0.2059,0,0,0,0
568.871,0.2059,0,0,0,0
568.906,0.2059,0,0,0,0
568.938,0.2059,0,0,0,0
568.973,0.2059,0,0,0,0
569.001,0.2059,0,0,0,0
569.038,0.2059,0,0,0,0
569.068,0.2059,0,0,0,0
569.104,0.2059,0,0,0,0
569.138,0.2059,0,0,0,0
569.172,0.2059,0,0,0,0
569.203,0.2059,0,0,0,0
569.237,0.2059,0,0,0,0
569.271,0.2059,0,0,0,0
569.305,0.2059,0,0,0,0
569.337,0.2059,0,0,0,0
569.371,0.2059,0,0,0,0
569.405,0.2059,0,0,0,0
569.438,0.2059,0,0,0,0
569.471,0.2059,0,0,0,0
569.506,0.2059,0,0,0,0
569.540,0.2059,0,0,0,0
569.570,0.2059,0,0,0,0
569.605,0.2059,0,0,0,0
569.634,0.2059,0,0,0,0
569.671,0.2059,0,0,0,0
569.705,0.2059,0,0,0,0
569.738,0.2059,0,0,0,0
569.771,0.2059,0,0,0,0
569.807,0.2059,0,0,0,0
569.838,0.2059,0,0,0,0
569.872,0.2059,0,0,0,0
569.901,0.2059,0,0,0,0
569.940,0.2059,0,0,0,0
569.972,0.2059,0,0,0,0
570.006,0.2059,0,0,0,0
570.039,0.2059,0,0,0,0
570.071,0.2059,0,0,0,0
570.106,0.2059,0,0,0,0
570.139,0.2059,0,0,0,0
570.173,0.2059,0,0,0,0
570.207,0.2059,0,0,0,0
570.240,0.2059,0,0,0,0
570.271,0.2059,0,0,0,0
570.306,0.2059,0,0,0,0
570.338,0.2059,0,0,0,0
570.373,0.2059,0,0,0,0
570.404,0.2059,0,0,0,0
570.439,0.2059,0,0,0,0
570.473,0.2059,0,0,0,0
570.505,0.2059,0,0,0,0
570.539,0.2059,0,0,0,0
570.573,0.2059,0,0,0,0
570.601,0.2059,0,0,0,0
570.638,0.2059,0,0,0,0
570.672,0.2059,0,0,0,0
570.707,0.2059,0,0,0,0
570.740,0.2059,0,0,0,0
570.769,0.2059,0,0,0,0
570.805,0.2059,0,0,0,0
570.839,0.2059,0,0,0,0
570.872,0.2059,0,0,0,0
570.906,0.2059,0,0,0,0
570.938,0.2059,0,0,0,0
570.973,0.2059,0,0,0,0
571.005,0.2059,0,0,0,0
571.039,0.2059,0,0,0,0
571.072,0.2059,0,0,0,0
571.106,0.2059,0,0,0,0
571.139,0.2059,0,0,0,0
571.173,0.2059,0,0,0,0
571.204,0.2059,0,0,0,0
571.239,0.2059,0,0,0,0
571.274,0.2059,0,0,0,0
571.304,0.2059,0,0,0,0
571.339,0.2059,0,0,0,0
571.369,0.2059,0,0,0,0
571.405,0.2059,0,0,0,0
571.439,0.2059,0,0,0,0
571.472,0.2059,0,0,0,0
571.504,0.2059,0,0,0,0
571.539,0.2059,0,0,0,0
571.572,0.2059,0,0,0,0
571.606,0.2059,0,0,0,0
571.638,0.2059,0,0,0,0
571.671,0.2059,0,0,0,0
571.706,0.2059,0,0,0,0
571.740,0.2059,0,0,0,0
571.773,0.2059,0,0,0,0
571.805,0.2059,0,0,0,0
571.839,0.2059,0,0,0,0
571.873,0.2059,0,0,0,0
571.901,0.2059,0,0,0,0
571.938,0.2059,0,0,0,0
571.972,0.2059,0,0,0,0
572.006,0.2059,0,0,0,0
572.038,0.2059,0,0,0,0
572.067,0.2059,0,0,0,0
572.105,0.2059,0,0,0,0
572.140,0.2059,0,0,0,0
572.172,0.2059,0,0,0,0
572.206,0.2059,0,0,0,0
572.238,0.2059,0,0,0,0
572.272,0.2059,0,0,0,0
572.304,0.2059,0,0,0,0
572.338,0.2059,0,0,0,0
572.373,0.2059,0,0,0,0
572.407,0.2059,0,0,0,0
572.440,0.2059,0,0,0,0
572.471,0.2059,0,0,0,0
572.504,0.2059,0,0,0,0
572.534,0.2059,0,0,0,0
572.572,0.2059,0,0,0,0
572.604,0.2059,0,0,0,0
572.637,0.2059,0,0,0,0
572.673,0.2059,0,0,0,0
572.704,0.2059,0,0,0,0
572.738,0.2059,0,0,0,0
572.773,0.2059,0,0,0,0
572.805,0.2059,0,0,0,0
572.839,0.2059,0,0,0,0
572.872,0.2059,0,0,0,0
572.906,0.2059,0,0,0,0
572.938,0.2059,0,0,0,0
572.972,0.2059,0,0,0,0
573.005,0.2059,0,0,0,0
573.040,0.2059,0,0,0,0
573.072,0.2059,0,0,0,0
573.105,0.2059,0,0,0,0
573.140,0.2059,0,0,0,0
573.173,0.2059,0,0,0,0
573.204,0.2059,0,0,0,0
573.238,0.2059,0,0,0,0
573.272,0.2059,0,0,0,0
573.305,0.2059,0,0,0,0
573.338,0.2059,0,0,0,0
573.372,0.2059,0,0,0,0
573.405,0.2059,0,0,0,0
573.439,0.2059,0,0,0,0
573.473,0.2059,0,0,0,0
573.505,0.2059,0,0,0,0
573.539,0.2059,0,0,0,0
573.572,0.2059,0,0,0,0
573.605,0.2059,0,0,0,0
573.638,0.2059,0,0,0,0
573.672,0.2059,0,0,0,0
573.706,0.2059,0,0,0,0
573.739,0.2059,0,0,0,0
573.767,0.2059,0,0,0,0
573.805,0.2059,0,0,0,0
573.839,0.2059,0,0,0,0
573.873,0.2059,0,0,0,0
573.904,0.2059,0,0,0,0
573.938,0.2059,0,0,0,0
573.972,0.2059,0,0,0,0
574.004,0.2059,0,0,0,0
574.038,0.2059,0,0,0,0
574.073,0.2059,0,0,0,0
574.106,0.2059,0,0,0,0
574.138,0.2059,0,0,0,0
574.172,0.2059,0,0,0,0
574.206,0.2059,0,0,0,0
574.238,0.2059,0,0,0,0
574.274,0.2059,0,0,0,0
574.305,0.2059,0,0,0,0
574.339,0.2059,0,0,0,0
574.372,0.2059,0,0,0,0
574.405,0.2059,0,0,0,0
574.441,0.2059,0,0,0,0
574.473,0.2059,0,0,0,0
574.507,0.2059,0,0,0,0
574.539,0.2059,0,0,0,0
574.572,0.2059,0,0,0,0
574.605,0.2059,0,0,0,0
574.640,0.2059,0,0,0,0
574.672,0.2059,0,0,0,0
574.705,0.2059,0,0,0,0
574.734,0.2059,0,0,0,0
574.772,0.2059,0,0,0,0
574.801,0.2059,0,0,0,0
574.838,0.2059,0,0,0,0
574.867,0.2059,0,0,0,0
574.905,0.2059,0,0,0,0
574.939,0.2059,0,0,0,0
574.972,0.2059,0,0,0,0
575.005,0.2059,0,0,0,0
575.040,0.2059,0,0,0,0
575.073,0.2059,0,0,0,0
575.106,0.2059,0,0,0,0
575.139,0.2059,0,0,0,0
575.172,0.2059,0,0,0,0
575.206,0.2059,0,0,0,0
575.234,0.2059,0,0,0,0
575.272,0.2059,0,0,0,0
575.305,0.2059,0,0,0,0
575.338,0.2059,0,0,0,0
575.373,0.2059,0,0,0,0
575.401,0.2059,0,0,0,0
575.439,0.2059,0,0,0,0
575.472,0.2059,0,0,0,0
575.505,0.2059,0,0,0,0
575.539,0.2059,0,0,0,0
575.572,0.2059,0,0,0,0
575.605,0.2059,0,0,0,0
575.635,0.2059,0,0,0,0
575.672,0.2059,0,0,0,0
575.706,0.2059,0,0,0,0
575.739,0.2059,0,0,0,0
575.773,0.2059,0,0,0,0
575.801,0.2059,0,0,0,0
575.840,0.2059,0,0,0,0
575.871,0.2059,0,0,0,0
575.905,0.2059,0,0,0,0
575.939,0.2059,0,0,0,0
575.973,0.2059,0,0,0,0
576.004,0.2059,0,0,0,0
576.038,0.2059,0,0,0,0
576.070,0.2059,0,0,0,0
576.105,0.2059,0,0,0,0
576.139,0.2059,0,0,0,0
576.172,0.2059,0,0,0,0
576.204,0.2059,0,0,0,0
576.238,0.2059,0,0,0,0
576.273,0.2059,0,0,0,0
576.305,0.2059,0,0,0,0
576.339,0.2059,0,0,0,0
576.372,0.2059,0,0,0,0
576.404,0.2059,0,0,0,0
576.438,0.2059,0,0,0,0
576.472,0.2059,0,0,0,0
576.505,0.2059,0,0,0,0
576.539,0.2059,0,0,0,0
576.572,0.2059,0,0,0,0
576.606,0.2059,0,0,0,0
576.639,0.2059,0,0,0,0
576.673,0.2059,0,0,0,0
576.707,0.2059,0,0,0,0
576.739,0.2059,0,0,0,0
576.773,0.2059,0,0,0,0
576.807,0.2059,0,0,0,0
576.837,0.2059,0,0,0,0
576.872,0.2059,0,0,0,0
576.906,0.2059,0,0,0,0
576.940,0.2059,0,0,0,0
576.972,0.2059,0,0,0,0
577.005,0.2059,0,0,0,0
577.027,0.2059,0,0,0,0
577.071,0.2059,0,0,0,0
577.104,0.2059,0,0,0,0
577.138,0.2059,0,0,0,0
577.172,0.2059,0,0,0,0
577.207,0.2059,0,0,0,0
577.239,0.2059,0,0,0,0
577.272,0.2059,0,0,0,0
577.305,0.2059,0,0,0,0
577.337,0.2059,0,0,0,0
577.372,0.2059,0,0,0,0
577.401,0.2059,0,0,0,0
577.438,0.2059,0,0,0,0
577.472,0.2059,0,0,0,0
577.506,0.2059,0,0,0,0
577.538,0.2059,0,0,0,0
577.572,0.2059,0,0,0,0
577.607,0.2059,0,0,0,0
577.639,0.2059,0,0,0,0
577.668,0.2059,0,0,0,0
577.705,0.2059,0,0,0,0
577.739,0.2059,0,0,0,0
577.771,0.2059,0,0,0,0
577.807,0.2059,0,0,0,0
577.839,0.2059,0,0,0,0
577.872,0.2059,0,0,0,0
577.905,0.2059,0,0,0,0
577.939,0.2059,0,0,0,0
577.973,0.2059,0,0,0,0
578.005,0.2059,0,0,0,0
578.035,0.2059,0,0,0,0
578.072,0.2059,0,0,0,0
578.106,0.2059,0,0,0,0
578.138,0.2059,0,0,0,0
578.172,0.2059,0,0,0,0
578.205,0.2059,0,0,0,0
578.239,0.2059,0,0,0,0
578.273,0.2059,0,0,0,0
578.306,0.2059,0,0,0,0
578.340,0.2059,0,0,0,0
578.372,0.2059,0,0,0,0
578.401,0.2059,0,0,0,0
578.440,0.2059,0,0,0,0
578.468,0.2059,0,0,0,0
578.505,0.2059,0,0,0,0
578.538,0.2059,0,0,0,0
578.572,0.2059,0,0,0,0
578.605,0.2059,0,0,0,0
578.638,0.2059,0,0,0,0
578.673,0.2059,0,0,0,0
578.705,0.2059,0,0,0,0
578.738,0.2059,0,0,0,0
578.767,0.2059,0,0,0,0
578.805,0.2059,0,0,0,0
578.837,0.2059,0,0,0,0
578.871,0.2059,0,0,0,0
578.899,0.2059,0,0,0,0
578.937,0.2059,0,0,0,0
578.972,0.2059,0,0,0,0
579.005,0.2059,0,0,0,0
579.039,0.2059,0,0,0,0
579.071,0.2059,0,0,0,0
579.105,0.2059,0,0,0,0
579.135,0.2059,0,0,0,0
579.168,0.2059,0,0,0,0
579.204,0.2059,0,0,0,0
579.238,0.2059,0,0,0,0
579.272,0.2059,0,0,0,0
579.304,0.2059,0,0,0,0
579.338,0.2059,0,0,0,0
579.372,0.2059,0,0,0,0
579.406,0.2059,0,0,0,0
579.440,0.2059,0,0,0,0
579.473,0.2059,0,0,0,0
579.502,0.2059,0,0,0,0
579.539,0.2059,0,0,0,0
579.572,0.2059,0,0,0,0
579.607,0.2059,0,0,0,0
579.638,0.2059,0,0,0,0
579.671,0.2059,0,0,0,0
579.701,0.2059,0,0,0,0
579.738,0.2059,0,0,0,0
579.774,0.2059,0,0,0,0
579.805,0.2059,0,0,0,0
579.839,0.2059,0,0,0,0
579.872,0.2059,0,0,0,0
579.904,0.2059,0,0,0,0
579.938,0.2059,0,0,0,0
579.972,0.2059,0,0,0,0
580.005,0.2059,0,0,0,0
580.037,0.2059,0,0,0,0
580.073,0.2059,0,0,0,0
580.107,0.2059,0,0,0,0
580.135,0.2059,0,0,0,0
580.172,0.2059,0,0,0,0
580.204,0.2059,0,0,0,0
580.239,0.2059,0,0,0,0
580.273,0.2059,0,0,0,0
580.301,0.2059,0,0,0,0
580.338,0.2059,0,0,0,0
580.371,0.2059,0,0,0,0
580.405,0.2059,0,0,0,0
580.441,0.2059,0,0,0,0
580.470,0.2059,0,0,0,0
580.504,0.2059,0,0,0,0
580.537,0.2059,0,0,0,0
580.572,0.2059,0,0,0,0
580.606,0.2059,0,0,0,0
580.639,0.2059,0,0,0,0
580.673,0.2059,0,0,0,0
580.704,0.2059,0,0,0,0
580.739,0.2059,0,0,0,0
580.772,0.2059,0,0,0,0
580.805,0.2059,0,0,0,0
580.839,0.2059,0,0,0,0
580.869,0.2059,0,0,0,0
580.905,0.2059,0,0,0,0
580.937,0.2059,0,0,0,0
580.972,0.2059,0,0,0,0
581.006,0.2059,0,0,0,0
581.040,0.2059,0,0,0,0
581.068,0.2059,0,0,0,0
581.105,0.2059,0,0,0,0
581.139,0.2059,0,0,0,0
581.171,0.2059,0,0,0,0
581.205,0.2059,0,0,0,0
581.239,0.2059,0,0,0,0
581.273,0.2059,0,0,0,0
581.307,0.2059,0,0,0,0
581.339,0.2059,0,0,0,0
581.373,0.2059,0,0,0,0
581.405,0.2059,0,0,0,0
581.438,0.2059,0,0,0,0
581.472,0.2059,0,0,0,0
581.506,0.2059,0,0,0,0
581.540,0.2059,0,0,0,0
581.573,0.2059,0,0,0,0
581.604,0.2059,0,0,0,0
581.640,0.2059,0,0,0,0
581.672,0.2059,0,0,0,0
581.706,0.2059,0,0,0,0
581.738,0.2059,0,0,0,0
581.771,0.2059,0,0,0,0
581.806,0.2059,0,0,0,0
581.839,0.2059,0,0,0,0
581.867,0.2059,0,0,0,0
581.906,0.2059,0,0,0,0
581.938,0.2059,0,0,0,0
581.979,0.2059,0,0,0,0
582.006,0.2059,0,0,0,0
582.039,0.2059,0,0,0,0
582.072,0.2059,0,0,0,0
582.105,0.2059,0,0,0,0
582.139,0.2059,0,0,0,0
582.172,0.2059,0,0,0,0
582.206,0.2059,0,0,0,0
582.239,0.2059,0,0,0,0
582.272,0.2059,0,0,0,0
582.305,0.2059,0,0,0,0
582.338,0.2059,0,0,0,0
582.371,0.2059,0,0,0,0
582.404,0.2059,0,0,0,0
582.434,0.2059,0,0,0,0
582.467,0.2059,0,0,0,0
582.506,0.2059,0,0,0,0
582.540,0.2059,0,0,0,0
582.569,0.2059,0,0,0,0
582.605,0.2059,0,0,0,0
582.639,0.2059,0,0,0,0
582.672,0.2059,0,0,0,0
582.704,0.2059,0,0,0,0
582.739,0.2059,0,0,0,0
582.763,0.2059,0,0,0,0
582.807,0.2059,0,0,0,0
582.839,0.2059,0,0,0,0
582.872,0.2059,0,0,0,0
582.905,0.2059,0,0,0,0
582.938,0.2059,0,0,0,0
582.971,0.2059,0,0,0,0
583.005,0.2059,0,0,0,0
583.040,0.2059,0,0,0,0
583.073,0.2059,0,0,0,0
583.105,0.2059,0,0,0,0
583.139,0.2059,0,0,0,0
583.172,0.2059,0,0,0,0
583.204,0.2059,0,0,0,0
583.239,0.2059,0,0,0,0
583.272,0.2059,0,0,0,0
583.305,0.2059,0,0,0,0
583.334,0.2059,0,0,0,0
583.372,0.2059,0,0,0,0
583.405,0.2059,0,0,0,0
583.439,0.2059,0,0,0,0
583.472,0.2059,0,0,0,0
583.502,0.2059,0,0,0,0
583.540,0.2059,0,0,0,0
583.564,0.2059,0,0,0,0
583.604,0.2059,0,0,0,0
583.638,0.2059,0,0,0,0
583.671,0.2059,0,0,0,0
583.705,0.2059,0,0,0,0
583.739,0.2059,0,0,0,0
583.772,0.2059,0,0,0,0
583.804,0.2059,0,0,0,0
583.839,0.2059,0,0,0,0
583.872,0.2059,0,0,0,0
583.905,0.2059,0,0,0,0
583.938,0.2059,0,0,0,0
583.971,0.2059,0,0,0,0
584.005,0.2059,0,0,0,0
584.039,0.2059,0,0,0,0
584.073,0.2059,0,0,0,0
584.104,0.2059,0,0,0,0
584.138,0.2059,0,0,0,0
584.173,0.2059,0,0,0,0
584.204,0.2059,0,0,0,0
584.239,0.2059,0,0,0,0
584.273,0.2059,0,0,0,0
584.301,0.2059,0,0,0,0
584.339,0.2059,0,0,0,0
584.372,0.2059,0,0,0,0
584.404,0.2059,0,0,0,0
584.439,0.2059,0,0,0,0
584.473,0.2059,0,0,0,0
584.506,0.2059,0,0,0,0
584.538,0.2059,0,0,0,0
584.574,0.2059,0,0,0,0
584.605,0.2059,0,0,0,0
584.638,0.2059,0,0,0,0
584.668,0.2059,0,0,0,0
584.705,0.2059,0,0,0,0
584.739,0.2059,0,0,0,0
584.770,0.2059,0,0,0,0
584.805,0.2059,0,0,0,0
584.840,0.2059,0,0,0,0
584.872,0.2059,0,0,0,0
584.906,0.2059,0,0,0,0
584.939,0.2059,0,0,0,0
584.973,0.2059,0,0,0,0
585.004,0.2059,0,0,0,0
585.037,0.2059,0,0,0,0
585.072,0.2059,0,0,0,0
585.105,0.2059,0,0,0,0
585.134,0.2059,0,0,0,0
585.172,0.2059,0,0,0,0
585.204,0.2059,0,0,0,0
585.238,0.2059,0,0,0,0
585.272,0.2059,0,0,0,0
585.308,0.2059,0,0,0,0
585.339,0.2059,0,0,0,0
585.372,0.2059,0,0,0,0
585.406,0.2059,0,0,0,0
585.437,0.2059,0,0,0,0
585.468,0.2059,0,0,0,0
585.506,0.2059,0,0,0,0
585.538,0.2059,0,0,0,0
585.573,0.2059,0,0,0,0
585.606,0.2059,0,0,0,0
585.638,0.2059,0,0,0,0
585.672,0.2059,0,0,0,0
585.707,0.2059,0,0,0,0
585.740,0.2059,0,0,0,0
585.769,0.2059,0,0,0,0
585.806,0.2059,0,0,0,0
585.834,0.2059,0,0,0,0
585.871,0.2059,0,0,0,0
585.905,0.2059,0,0,0,0
585.939,0.2059,0,0,0,0
585.971,0.2059,0,0,0,0
586.006,0.2059,0,0,0,0
586.039,0.2059,0,0,0,0
586.073,0.2059,0,0,0,0
586.105,0.2059,0,0,0,0
586.138,0.2059,0,0,0,0
586.171,0.2059,0,0,0,0
586.201,0.2059,0,0,0,0
586.239,0.2059,0,0,0,0
586.271,0.2059,0,0,0,0
586.306,0.2059,0,0,0,0
586.339,0.2059,0,0,0,0
586.373,0.2059,0,0,0,0
586.401,0.2059,0,0,0,0
586.439,0.2059,0,0,0,0
586.472,0.2059,0,0,0,0
586.507,0.2059,0,0,0,0
586.539,0.2059,0,0,0,0
586.572,0.2059,0,0,0,0
586.605,0.2059,0,0,0,0
586.640,0.2059,0,0,0,0
586.674,0.2059,0,0,0,0
586.700,0.2059,0,0,0,0
586.738,0.2059,0,0,0,0
586.771,0.2059,0,0,0,0
586.804,0.2059,0,0,0,0
586.838,0.2059,0,0,0,0
586.871,0.2059,0,0,0,0
586.905,0.2059,0,0,0,0
586.939,0.2059,0,0,0,0
586.968,0.2059,0,0,0,0
587.001,0.2059,0,0,0,0
587.035,0.2059,0,0,0,0
587.073,0.2059,0,0,0,0
587.108,0.2059,0,0,0,0
587.139,0.2059,0,0,0,0
587.173,0.2059,0,0,0,0
587.205,0.2059,0,0,0,0
587.239,0.2059,0,0,0,0
587.272,0.2059,0,0,0,0
587.304,0.2059,0,0,0,0
587.338,0.2059,0,0,0,0
587.372,0.2059,0,0,0,0
587.405,0.2059,0,0,0,0
587.434,0.2059,0,0,0,0
587.472,0.2059,0,0,0,0
587.504,0.2059,0,0,0,0
587.538,0.2059,0,0,0,0
587.571,0.2059,0,0,0,0
587.605,0.2059,0,0,0,0
587.640,0.2059,0,0,0,0
587.667,0.2059,0,0,0,0
587.705,0.2059,0,0,0,0
587.734,0.2059,0,0,0,0
587.773,0.2059,0,0,0,0
587.806,0.2059,0,0,0,0
587.843,0.2059,0,0,0,0
587.872,0.2059,0,0,0,0
587.904,0.2059,0,0,0,0
587.938,0.2059,0,0,0,0
587.972,0.2059,0,0,0,0
588.005,0.2059,0,0,0,0
588.039,0.2059,0,0,0,0
588.072,0.2059,0,0,0,0
588.101,0.2059,0,0,0,0
588.140,0.2059,0,0,0,0
588.172,0.2059,0,0,0,0
588.204,0.2059,0,0,0,0
588.239,0.2059,0,0,0,0
588.272,0.2059,0,0,0,0
588.304,0.2059,0,0,0,0
588.339,0.2059,0,0,0,0
588.372,0.2059,0,0,0,0
588.403,0.2059,0,0,0,0
588.437,0.2059,0,0,0,0
588.471,0.2059,0,0,0,0
588.505,0.2059,0,0,0,0
588.539,0.2059,0,0,0,0
588.569,0.2059,0,0,0,0
588.605,0.2059,0,0,0,0
588.638,0.2059,0,0,0,0
588.672,0.2059,0,0,0,0
588.705,0.2059,0,0,0,0
588.738,0.2059,0,0,0,0
588.773,0.2059,0,0,0,0
588.805,0.2059,0,0,0,0
588.838,0.2059,0,0,0,0
588.871,0.2059,0,0,0,0
588.905,0.2059,0,0,0,0
588.939,0.2059,0,0,0,0
588.972,0.2059,0,0,0,0
589.006,0.2059,0,0,0,0
589.039,0.2059,0,0,0,0
589.071,0.2059,0,0,0,0
589.105,0.2059,0,0,0,0
589.139,0.2059,0,0,0,0
589.173,0.2059,0,0,0,0
589.205,0.2059,0,0,0,0
589.238,0.2059,0,0,0,0
589.273,0.2059,0,0,0,0
589.304,0.2059,0,0,0,0
589.339,0.2059,0,0,0,0
589.372,0.2059,0,0,0,0
589.405,0.2059,0,0,0,0
589.433,0.2059,0,0,0,0
589.471,0.2059,0,0,0,0
589.506,0.2059,0,0,0,0
589.537,0.2059,0,0,0,0
589.571,0.2059,0,0,0,0
589.606,0.2059,0,0,0,0
589.637,0.2059,0,0,0,0
589.671,0.2059,0,0,0,0
589.705,0.2059,0,0,0,0
589.744,0.2059,0,0,0,0
589.771,0.2059,0,0,0,0
589.804,0.2059,0,0,0,0
589.837,0.2059,0,0,0,0
589.873,0.2059,0,0,0,0
589.901,0.2059,0,0,0,0
589.937,0.2059,0,0,0,0
589.971,0.2059,0,0,0,0
590.004,0.2059,0,0,0,0
590.038,0.2059,0,0,0,0
590.071,0.2059,0,0,0,0
590.105,0.2059,0,0,0,0
590.139,0.2059,0,0,0,0
590.171,0.2059,0,0,0,0
590.204,0.2059,0,0,0,0
590.234,0.2059,0,0,0,0
590.267,0.2059,0,0,0,0
590.305,0.2059,0,0,0,0
590.338,0.2059,0,0,0,0
590.371,0.2059,0,0,0,0
590.404,0.2059,0,0,0,0
590.438,0.2059,0,0,0,0
590.472,0.2059,0,0,0,0
590.506,0.2059,0,0,0,0
590.538,0.2059,0,0,0,0
590.573,0.2059,0,0,0,0
590.602,0.2059,0,0,0,0
590.638,0.2059,0,0,0,0
590.672,0.2059,0,0,0,0
590.707,0.2059,0,0,0,0
590.740,0.2059,0,0,0,0
590.772,0.2059,0,0,0,0
590.807,0.2059,0,0,0,0
590.840,0.2059,0,0,0,0
590.873,0.2059,0,0,0,0
590.905,0.2059,0,0,0,0
590.939,0.2059,0,0,0,0
590.968,0.2059,0,0,0,0
591.006,0.2059,0,0,0,0
591.039,0.2059,0,0,0,0
591.071,0.2059,0,0,0,0
591.106,0.2059,0,0,0,0
591.139,0.2059,0,0,0,0
591.172,0.2059,0,0,0,0
591.206,0.2059,0,0,0,0
591.238,0.2059,0,0,0,0
591.273,0.2059,0,0,0,0
591.302,0.2059,0,0,0,0
591.339,0.2059,0,0,0,0
591.371,0.2059,0,0,0,0
591.406,0.2059,0,0,0,0
591.439,0.2059,0,0,0,0
591.471,0.2059,0,0,0,0
591.505,0.2059,0,0,0,0
591.538,0.2059,0,0,0,0
591.571,0.2059,0,0,0,0
591.604,0.2059,0,0,0,0
591.637,0.2059,0,0,0,0
591.672,0.2059,0,0,0,0
591.705,0.2059,0,0,0,0
591.741,0.2059,0,0,0,0
591.771,0.2059,0,0,0,0
591.804,0.2059,0,0,0,0
591.841,0.2059,0,0,0,0
591.871,0.2059,0,0,0,0
591.907,0.2059,0,0,0,0
591.939,0.2059,0,0,0,0
591.972,0.2059,0,0,0,0
592.002,0.2059,0,0,0,0
592.037,0.2059,0,0,0,0
592.072,0.2059,0,0,0,0
592.106,0.2059,0,0,0,0
592.141,0.2059,0,0,0,0
592.170,0.2059,0,0,0,0
592.205,0.2059,0,0,0,0
592.238,0.2059,0,0,0,0
592.273,0.2059,0,0,0,0
592.304,0.2059,0,0,0,0
592.337,0.2059,0,0,0,0
592.370,0.2059,0,0,0,0
592.403,0.2059,0,0,0,0
592.436,0.2059,0,0,0,0
592.473,0.2059,0,0,0,0
592.505,0.2059,0,0,0,0
592.540,0.2059,0,0,0,0
592.572,0.2059,0,0,0,0
592.607,0.2059,0,0,0,0
592.632,0.2059,0,0,0,0
592.674,0.2059,0,0,0,0
592.706,0.2059,0,0,0,0
592.738,0.2059,0,0,0,0
592.772,0.2059,0,0,0,0
592.804,0.2059,0,0,0,0
592.838,0.2059,0,0,0,0
592.876,0.2059,0,0,0,0
592.900,0.2059,0,0,0,0
592.938,0.2059,0,0,0,0
592.971,0.2059,0,0,0,0
593.003,0.2059,0,0,0,0
593.034,0.2059,0,0,0,0
593.081,0.2059,0,0,0,0
593.099,0.2059,0,0,0,0
593.140,0.2059,0,0,0,0
593.170,0.2059,0,0,0,0
593.209,0.2059,0,0,0,0
593.235,0.2059,0,0,0,0
593.271,0.2059,0,0,0,0
593.304,0.2059,0,0,0,0
593.335,0.2059,0,0,0,0
593.369,0.2059,0,0,0,0
593.406,0.2059,0,0,0,0
593.439,0.2059,0,0,0,0
593.475,0.2059,0,0,0,0
593.508,0.2059,0,0,0,0
593.541,0.2059,0,0,0,0
593.568,0.2059,0,0,0,0
593.604,0.2059,0,0,0,0
593.638,0.2059,0,0,0,0
593.671,0.2059,0,0,0,0
593.704,0.2059,0,0,0,0
593.735,0.2059,0,0,0,0
593.770,0.2059,0,0,0,0
593.806,0.2059,0,0,0,0
593.836,0.2059,0,0,0,0
593.870,0.2059,0,0,0,0
593.901,0.2059,0,0,0,0
593.940,0.2059,0,0,0,0
593.969,0.2059,0,0,0,0
594.005,0.2059,0,0,0,0
594.041,0.2059,0,0,0,0
594.072,0.2059,0,0,0,0
594.104,0.2059,0,0,0,0
594.137,0.2059,0,0,0,0
594.170,0.2059,0,0,0,0
594.207,0.2059,0,0,0,0
594.239,0.2059,0,0,0,0
594.271,0.2059,0,0,0,0
594.302,0.2059,0,0,0,0
594.338,0.2059,0,0,0,0
594.369,0.2059,0,0,0,0
594.405,0.2059,0,0,0,0
594.436,0.2059,0,0,0,0
594.471,0.2059,0,0,0,0
594.503,0.2059,0,0,0,0
594.536,0.2059,0,0,0,0
594.576,0.2059,0,0,0,0
594.607,0.2059,0,0,0,0
594.640,0.2059,0,0,0,0
594.672,0.2059,0,0,0,0
594.704,0.2059,0,0,0,0
594.741,0.2059,0,0,0,0
594.768,0.2059,0,0,0,0
594.802,0.2059,0,0,0,0
594.835,0.2059,0,0,0,0
594.872,0.2059,0,0,0,0
594.903,0.2059,0,0,0,0
594.938,0.2059,0,0,0,0
594.974,0.2059,0,0,0,0
595.004,0.2059,0,0,0,0
595.038,0.2059,0,0,0,0
595.070,0.2059,0,0,0,0
595.102,0.2059,0,0,0,0
595.140,0.2059,0,0,0,0
595.167,0.2059,0,0,0,0
595.203,0.2059,0,0,0,0
595.238,0.2059,0,0,0,0
595.269,0.2059,0,0,0,0
595.305,0.2059,0,0,0,0
595.339,0.2059,0,0,0,0
595.370,0.2059,0,0,0,0
595.407,0.2059,0,0,0,0
595.438,0.2059,0,0,0,0
595.471,0.2059,0,0,0,0
595.501,0.2059,0,0,0,0
595.538,0.2059,0,0,0,0
595.571,0.2059,0,0,0,0
595.601,0.2059,0,0,0,0
595.634,0.2059,0,0,0,0
595.667,0.2059,0,0,0,0
595.706,0.2059,0,0,0,0
595.739,0.2059,0,0,0,0
595.774,0.2059,0,0,0,0
595.807,0.2059,0,0,0,0
595.840,0.2059,0,0,0,0
595.870,0.2059,0,0,0,0
595.905,0.2059,0,0,0,0
595.937,0.2059,0,0,0,0
595.969,0.2059,0,0,0,0
596.002,0.2059,0,0,0,0
596.035,0.2059,0,0,0,0
596.069,0.2059,0,0,0,0
596.105,0.2059,0,0,0,0
596.134,0.2059,0,0,0,0
596.171,0.2059,0,0,0,0
596.203,0.2059,0,0,0,0
596.236,0.2059,0,0,0,0
596.265,0.2059,0,0,0,0
596.306,0.2059,0,0,0,0
596.339,0.2059,0,0,0,0
596.374,0.2059,0,0,0,0
596.406,0.2059,0,0,0,0
596.435,0.2059,0,0,0,0
596.473,0.2059,0,0,0,0
596.500,0.2059,0,0,0,0
596.537,0.2059,0,0,0,0
596.569,0.2059,0,0,0,0
596.606,0.2059,0,0,0,0
596.639,0.2059,0,0,0,0
596.670,0.2059,0,0,0,0
596.706,0.2059,0,0,0,0
596.736,0.2059,0,0,0,0
596.768,0.2059,0,0,0,0
596.803,0.2059,0,0,0,0
596.835,0.2059,0,0,0,0
596.871,0.2059,0,0,0,0
596.905,0.2059,0,0,0,0
596.939,0.2059,0,0,0,0
596.969,0.2059,0,0,0,0
597.002,0.2059,0,0,0,0
597.038,0.2059,0,0,0,0
597.073,0.2059,0,0,0,0
597.101,0.2059,0,0,0,0
597.136,0.2059,0,0,0,0
597.170,0.2059,0,0,0,0
597.204,0.2059,0,0,0,0
597.234,0.2059,0,0,0,0
597.269,0.2059,0,0,0,0
597.302,0.2059,0,0,0,0
597.337,0.2059,0,0,0,0
597.371,0.2059,0,0,0,0
597.407,0.2059,0,0,0,0
597.436,0.2059,0,0,0,0
597.470,0.2059,0,0,0,0
597.505,0.2059,0,0,0,0
597.539,0.2059,0,0,0,0
597.568,0.2059,0,0,0,0
597.602,0.2059,0,0,0,0
597.635,0.2059,0,0,0,0
597.669,0.2059,0,0,0,0
597.704,0.2059,0,0,0,0
597.740,0.2059,0,0,0,0
597.772,0.2059,0,0,0,0
597.806,0.2059,0,0,0,0
597.834,0.2059,0,0,0,0
597.868,0.2059,0,0,0,0
597.903,0.2059,0,0,0,0
597.938,0.2059,0,0,0,0
597.968,0.2059,0,0,0,0
598.002,0.2059,0,0,0,0
598.037,0.2059,0,0,0,0
598.071,0.2059,0,0,0,0
598.100,0.2059,0,0,0,0
598.135,0.2059,0,0,0,0
598.168,0.2059,0,0,0,0
598.203,0.2059,0,0,0,0
598.237,0.2059,0,0,0,0
598.272,0.2059,0,0,0,0
598.302,0.2059,0,0,0,0
598.334,0.2059,0,0,0,0
598.369,0.2059,0,0,0,0
598.403,0.2059,0,0,0,0
598.437,0.2059,0,0,0,0
598.468,0.2059,0,0,0,0
598.503,0.2059,0,0,0,0
598.537,0.2059,0,0,0,0
598.567,0.2059,0,0,0,0
598.602,0.2059,0,0,0,0
598.635,0.2059,0,0,0,0
598.670,0.2059,0,0,0,0
598.704,0.2059,0,0,0,0
598.739,0.2059,0,0,0,0
598.769,0.2059,0,0,0,0
598.802,0.2059,0,0,0,0
598.836,0.2059,0,0,0,0
598.869,0.2059,0,0,0,0
598.903,0.2059,0,0,0,0
598.934,0.2059,0,0,0,0
598.969,0.2059,0,0,0,0
599.002,0.2059,0,0,0,0
599.036,0.2059,0,0,0,0
599.070,0.2059,0,0,0,0
599.105,0.2059,0,0,0,0
599.134,0.2059,0,0,0,0
599.168,0.2059,0,0,0,0
599.203,0.2059,0,0,0,0
599.235,0.2059,0,0,0,0
599.269,0.2059,0,0,0,0
599.302,0.2059,0,0,0,0
599.338,0.2059,0,0,0,0
599.367,0.2059,0,0,0,0
599.402,0.2059,0,0,0,0
599.438,0.2059,0,0,0,0
599.472,0.2059,0,0,0,0
599.506,0.2059,0,0,0,0
599.535,0.2059,0,0,0,0
599.569,0.2059,0,0,0,0
599.604,0.2059,0,0,0,0
599.639,0.2059,0,0,0,0
599.672,0.2059,0,0,0,0
599.702,0.2059,0,0,0,0
599.736,0.2059,0,0,0,0
599.769,0.2059,0,0,0,0
599.804,0.2059,0,0,0,0
599.838,0.2059,0,0,0,0
599.872,0.2059,0,0,0,0
599.902,0.2059,0,0,0,0
599.935,0.2059,0,0,0,0
599.971,0.2059,0,0,0,0
600.002,0.2059,0,0,0,0
600.035,0.2059,0,0,0,0
600.070,0.2059,0,0,0,0
600.104,0.2059,0,0,0,0
600.138,0.2059,0,0,0,0
600.168,0.2059,0,0,0,0
600.202,0.2059,0,0,0,0
600.236,0.2059,0,0,0,0
600.267,0.2059,0,0,0,0
600.305,0.2059,0,0,0,0
600.340,0.2059,0,0,0,0
600.368,0.2059,0,0,0,0
600.402,0.2059,0,0,0,0
600.437,0.2059,0,0,0,0
600.471,0.2059,0,0,0,0
600.504,0.2059,0,0,0,0
600.540,0.2059,0,0,0,0
600.568,0.2059,0,0,0,0
600.602,0.2059,0,0,0,0
600.636,0.2059,0,0,0,0
600.669,0.2059,0,0,0,0
600.702,0.2059,0,0,0,0
600.739,0.2059,0,0,0,0
600.768,0.2059,0,0,0,0
600.802,0.2059,0,0,0,0
600.836,0.2059,0,0,0,0
600.871,0.2059,0,0,0,0
600.905,0.2059,0,0,0,0
600.935,0.2059,0,0,0,0
600.970,0.2059,0,0,0,0
601.003,0.2059,0,0,0,0
601.039,0.2059,0,0,0,0
601.072,0.2059,0,0,0,0
601.102,0.2059,0,0,0,0
601.137,0.2059,0,0,0,0
601.172,0.2059,0,0,0,0
601.207,0.2059,0,0,0,0
601.236,0.2059,0,0,0,0
601.270,0.2059,0,0,0,0
601.303,0.2059,0,0,0,0
601.338,0.2059,0,0,0,0
601.370,0.2059,0,0,0,0
601.406,0.2059,0,0,0,0
601.435,0.2059,0,0,0,0
601.469,0.2059,0,0,0,0
601.505,0.2059,0,0,0,0
601.539,0.2059,0,0,0,0
601.574,0.2059,0,0,0,0
601.602,0.2059,0,0,0,0
601.635,0.2059,0,0,0,0
601.670,0.2059,0,0,0,0
601.704,0.2059,0,0,0,0
601.739,0.2059,0,0,0,0
601.768,0.2059,0,0,0,0
601.802,0.2059,0,0,0,0
601.836,0.2059,0,0,0,0
601.870,0.2059,0,0,0,0
601.905,0.2059,0,0,0,0
601.939,0.2059,0,0,0,0
601.969,0.2059,0,0,0,0
602.003,0.2059,0,0,0,0
602.037,0.2059,0,0,0,0
602.071,0.2059,0,0,0,0
602.105,0.2059,0,0,0,0
602.139,0.2059,0,0,0,0
602.169,0.2059,0,0,0,0
602.207,0.2059,0,0,0,0
602.235,0.2059,0,0,0,0
602.271,0.2059,0,0,0,0
602.305,0.2059,0,0,0,0
602.342,0.2059,0,0,0,0
602.371,0.2059,0,0,0,0
602.405,0.2059,0,0,0,0
602.435,0.2059,0,0,0,0
602.467,0.2059,0,0,0,0
602.509,0.2059,0,0,0,0
602.533,0.2059,0,0,0,0
602.565,0.2059,0,0,0,0
602.607,0.2059,0,0,0,0
602.635,0.2059,0,0,0,0
602.670,0.2059,0,0,0,0
602.703,0.2059,0,0,0,0
602.737,0.2059,0,0,0,0
602.771,0.2059,0,0,0,0
602.803,0.2059,0,0,0,0
602.837,0.2059,0,0,0,0
602.870,0.2059,0,0,0,0
602.905,0.2059,0,0,0,0
602.940,0.2059,0,0,0,0
602.967,0.2059,0,0,0,0
603.003,0.2059,0,0,0,0
603.038,0.2059,0,0,0,0
603.072,0.2059,0,0,0,0
603.102,0.2059,0,0,0,0
603.136,0.2059,0,0,0,0
603.168,0.2059,0,0,0,0
603.203,0.2059,0,0,0,0
603.237,0.2059,0,0,0,0
603.272,0.2059,0,0,0,0
603.302,0.2059,0,0,0,0
603.335,0.2059,0,0,0,0
603.371,0.2059,0,0,0,0
603.404,0.2059,0,0,0,0
603.438,0.2059,0,0,0,0
603.469,0.2059,0,0,0,0
603.503,0.2059,0,0,0,0
603.536,0.2059,0,0,0,0
603.571,0.2059,0,0,0,0
603.605,0.2059,0,0,0,0
603.634,0.2059,0,0,0,0
603.669,0.2059,0,0,0,0
603.704,0.2059,0,0,0,0
603.735,0.2059,0,0,0,0
603.773,0.2059,0,0,0,0
603.802,0.2059,0,0,0,0
603.834,0.2059,0,0,0,0
603.868,0.2059,0,0,0,0
603.903,0.2059,0,0,0,0
603.937,0.2059,0,0,0,0
603.967,0.2059,0,0,0,0
604.003,0.2059,0,0,0,0
604.036,0.2059,0,0,0,0
604.070,0.2059,0,0,0,0
604.104,0.2059,0,0,0,0
604.139,0.2059,0,0,0,0
604.169,0.2059,0,0,0,0
604.202,0.2059,0,0,0,0
604.236,0.2059,0,0,0,0
604.271,0.2059,0,0,0,0
604.305,0.2059,0,0,0,0
604.335,0.2059,0,0,0,0
604.369,0.2059,0,0,0,0
604.402,0.2059,0,0,0,0
604.437,0.2059,0,0,0,0
604.471,0.2059,0,0,0,0
604.507,0.2059,0,0,0,0
604.536,0.2059,0,0,0,0
604.570,0.2059,0,0,0,0
604.604,0.2059,0,0,0,0
604.637,0.2059,0,0,0,0
604.671,0.2059,0,0,0,0
604.701,0.2059,0,0,0,0
604.735,0.2059,0,0,0,0
604.769,0.2059,0,0,0,0
604.803,0.2059,0,0,0,0
604.839,0.2059,0,0,0,0
604.875,0.2059,0,0,0,0
604.902,0.2059,0,0,0,0
604.936,0.2059,0,0,0,0
604.969,0.2059,0,0,0,0
605.003,0.2059,0,0,0,0
605.036,0.2059,0,0,0,0
605.071,0.2059,0,0,0,0
605.105,0.2059,0,0,0,0
605.139,0.2059,0,0,0,0
605.167,0.2059,0,0,0,0
605.202,0.2059,0,0,0,0
605.235,0.2059,0,0,0,0
605.269,0.2059,0,0,0,0
605.307,0.2059,0,0,0,0
605.341,0.2059,0,0,0,0
605.372,0.2059,0,0,0,0
605.403,0.2059,0,0,0,0
605.438,0.2059,0,0,0,0
605.468,0.2059,0,0,0,0
605.505,0.2059,0,0,0,0
605.534,0.2059,0,0,0,0
605.569,0.2059,0,0,0,0
605.601,0.2059,0,0,0,0
605.635,0.2059,0,0,0,0
605.669,0.2059,0,0,0,0
605.704,0.2059,0,0,0,0
605.738,0.2059,0,0,0,0
605.773,0.2059,0,0,0,0
605.804,0.2059,0,0,0,0
605.838,0.2059,0,0,0,0
605.868,0.2059,0,0,0,0
605.902,0.2059,0,0,0,0
605.936,0.2059,0,0,0,0
605.971,0.2059,0,0,0,0
606.006,0.2059,0,0,0,0
606.035,0.2059,0,0,0,0
606.068,0.2059,0,0,0,0
606.103,0.2059,0,0,0,0
606.137,0.2059,0,0,0,0
606.171,0.2059,0,0,0,0
606.201,0.2059,0,0,0,0
606.235,0.2059,0,0,0,0
606.270,0.2059,0,0,0,0
606.305,0.2059,0,0,0,0
606.340,0.2059,0,0,0,0
606.369,0.2059,0,0,0,0
606.403,0.2059,0,0,0,0
606.438,0.2059,0,0,0,0
606.468,0.2059,0,0,0,0
606.505,0.2059,0,0,0,0
606.535,0.2059,0,0,0,0
606.570,0.2059,0,0,0,0
606.602,0.2059,0,0,0,0
606.638,0.2059,0,0,0,0
606.672,0.2059,0,0,0,0
606.707,0.2059,0,0,0,0
606.736,0.2059,0,0,0,0
606.772,0.2059,0,0,0,0
606.803,0.2059,0,0,0,0
606.837,0.2059,0,0,0,0
606.870,0.2059,0,0,0,0
606.906,0.2059,0,0,0,0
606.936,0.2059,0,0,0,0
606.969,0.2059,0,0,0,0
607.004,0.2059,0,0,0,0
607.034,0.2059,0,0,0,0
607.069,0.2059,0,0,0,0
607.103,0.2059,0,0,0,0
607.138,0.2059,0,0,0,0
607.170,0.2059,0,0,0,0
607.205,0.2059,0,0,0,0
607.238,0.2059,0,0,0,0
607.268,0.2059,0,0,0,0
607.303,0.2059,0,0,0,0
607.336,0.2059,0,0,0,0
607.371,0.2059,0,0,0,0
607.405,0.2059,0,0,0,0
607.434,0.2059,0,0,0,0
607.469,0.2059,0,0,0,0
607.503,0.2059,0,0,0,0
607.536,0.2059,0,0,0,0
607.571,0.2059,0,0,0,0
607.606,0.2059,0,0,0,0
607.635,0.2059,0,0,0,0
607.669,0.2059,0,0,0,0
607.703,0.2059,0,0,0,0
607.737,0.2059,0,0,0,0
607.772,0.2059,0,0,0,0
607.801,0.2059,0,0,0,0
607.835,0.2059,0,0,0,0
607.870,0.2059,0,0,0,0
607.904,0.2059,0,0,0,0
607.939,0.2059,0,0,0,0
607.968,0.2059,0,0,0,0
608.003,0.2059,0,0,0,0
608.038,0.2059,0,0,0,0
608.068,0.2059,0,0,0,0
608.101,0.2059,0,0,0,0
608.135,0.2059,0,0,0,0
608.171,0.2059,0,0,0,0
608.203,0.2059,0,0,0,0
608.238,0.2059,0,0,0,0
608.271,0.2059,0,0,0,0
608.306,0.2059,0,0,0,0
608.339,0.2059,0,0,0,0
608.373,0.2059,0,0,0,0
608.402,0.2059,0,0,0,0
608.438,0.2059,0,0,0,0
608.468,0.2059,0,0,0,0
608.502,0.2059,0,0,0,0
608.537,0.2059,0,0,0,0
608.568,0.2059,0,0,0,0
608.601,0.2059,0,0,0,0
608.635,0.2059,0,0,0,0
608.669,0.2059,0,0,0,0
608.704,0.2059,0,0,0,0
608.737,0.2059,0,0,0,0
608.770,0.2059,0,0,0,0
608.805,0.2059,0,0,0,0
608.836,0.2059,0,0,0,0
608.869,0.2059,0,0,0,0
608.905,0.2059,0,0,0,0
608.939,0.2059,0,0,0,0
608.972,0.2059,0,0,0,0
609.001,0.2059,0,0,0,0
609.035,0.2059,0,0,0,0
609.069,0.2059,0,0,0,0
609.104,0.2059,0,0,0,0
609.138,0.2059,0,0,0,0
609.173,0.2059,0,0,0,0
609.202,0.2059,0,0,0,0
609.236,0.2059,0,0,0,0
609.270,0.2059,0,0,0,0
609.305,0.2059,0,0,0,0
609.339,0.2059,0,0,0,0
609.368,0.2059,0,0,0,0
609.403,0.2059,0,0,0,0
609.437,0.2059,0,0,0,0
609.472,0.2059,0,0,0,0
609.505,0.2059,0,0,0,0
609.540,0.2059,0,0,0,0
609.569,0.2059,0,0,0,0
609.602,0.2059,0,0,0,0
609.637,0.2059,0,0,0,0
609.667,0.2059,0,0,0,0
609.701,0.2059,0,0,0,0
609.735,0.2059,0,0,0,0
609.770,0.2059,0,0,0,0
609.803,0.2059,0,0,0,0
609.834,0.2059,0,0,0,0
609.871,0.2059,0,0,0,0
609.905,0.2059,0,0,0,0
609.933,0.2059,0,0,0,0
609.971,0.2059,0,0,0,0
610.007,0.2059,0,0,0,0
610.038,0.2059,0,0,0,0
610.072,0.2059,0,0,0,0
610.102,0.2059,0,0,0,0
610.136,0.2059,0,0,0,0
610.170,0.2059,0,0,0,0
610.205,0.2059,0,0,0,0
610.238,0.2059,0,0,0,0
610.268,0.2059,0,0,0,0
610.302,0.2059,0,0,0,0
610.337,0.2059,0,0,0,0
610.372,0.2059,0,0,0,0
610.406,0.2059,0,0,0,0
610.435,0.2059,0,0,0,0
610.470,0.2059,0,0,0,0
610.502,0.2059,0,0,0,0
610.536,0.2059,0,0,0,0
610.571,0.2059,0,0,0,0
610.607,0.2059,0,0,0,0
610.636,0.2059,0,0,0,0
610.669,0.2059,0,0,0,0
610.704,0.2059,0,0,0,0
610.738,0.2059,0,0,0,0
610.771,0.2059,0,0,0,0
610.801,0.2059,0,0,0,0
610.836,0.2059,0,0,0,0
610.869,0.2059,0,0,0,0
610.904,0.2059,0,0,0,0
610.937,0.2059,0,0,0,0
610.972,0.2059,0,0,0,0
611.002,0.2059,0,0,0,0
611.036,0.2059,0,0,0,0
611.071,0.2059,0,0,0,0
611.105,0.2059,0,0,0,0
611.139,0.2059,0,0,0,0
611.168,0.2059,0,0,0,0
611.201,0.2059,0,0,0,0
611.235,0.2059,0,0,0,0
611.270,0.2059,0,0,0,0
611.303,0.2059,0,0,0,0
611.339,0.2059,0,0,0,0
611.368,0.2059,0,0,0,0
611.402,0.2059,0,0,0,0
611.436,0.2059,0,0,0,0
611.473,0.2059,0,0,0,0
611.502,0.2059,0,0,0,0
611.535,0.2059,0,0,0,0
611.570,0.2059,0,0,0,0
611.604,0.2059,0,0,0,0
611.634,0.2059,0,0,0,0
611.669,0.2059,0,0,0,0
611.703,0.2059,0,0,0,0
611.735,0.2059,0,0,0,0
611.770,0.2059,0,0,0,0
611.805,0.2059,0,0,0,0
611.839,0.2059,0,0,0,0
611.869,0.2059,0,0,0,0
611.902,0.2059,0,0,0,0
611.936,0.2059,0,0,0,0
611.971,0.2059,0,0,0,0
612.004,0.2059,0,0,0,0
612.034,0.2059,0,0,0,0
612.069,0.2059,0,0,0,0
612.102,0.2059,0,0,0,0
612.138,0.2059,0,0,0,0
612.171,0.2059,0,0,0,0
612.206,0.2059,0,0,0,0
612.235,0.2059,0,0,0,0
612.269,0.2059,0,0,0,0
612.304,0.2059,0,0,0,0
612.338,0.2059,0,0,0,0
612.371,0.2059,0,0,0,0
612.402,0.2059,0,0,0,0
612.435,0.2059,0,0,0,0
612.469,0.2059,0,0,0,0
612.502,0.2059,0,0,0,0
612.535,0.2059,0,0,0,0
612.568,0.2059,0,0,0,0
612.604,0.2059,0,0,0,0
612.640,0.2059,0,0,0,0
612.671,0.2059,0,0,0,0
612.702,0.2059,0,0,0,0
612.735,0.2059,0,0,0,0
612.770,0.2059,0,0,0,0
612.806,0.2059,0,0,0,0
612.835,0.2059,0,0,0,0
612.869,0.2059,0,0,0,0
612.904,0.2059,0,0,0,0
612.938,0.2059,0,0,0,0
612.971,0.2059,0,0,0,0
613.001,0.2059,0,0,0,0
613.036,0.2059,0,0,0,0
613.070,0.2059,0,0,0,0
613.105,0.2059,0,0,0,0
613.135,0.2059,0,0,0,0
613.168,0.2059,0,0,0,0
613.202,0.2059,0,0,0,0
613.236,0.2059,0,0,0,0
613.270,0.2059,0,0,0,0
613.301,0.2059,0,0,0,0
613.334,0.2059,0,0,0,0
613.369,0.2059,0,0,0,0
613.403,0.2059,0,0,0,0
613.436,0.2059,0,0,0,0
613.471,0.2059,0,0,0,0
613.503,0.2059,0,0,0,0
613.539,0.2059,0,0,0,0
613.569,0.2059,0,0,0,0
613.602,0.2059,0,0,0,0
613.637,0.2059,0,0,0,0
613.671,0.2059,0,0,0,0
613.704,0.2059,0,0,0,0
613.734,0.2059,0,0,0,0
613.768,0.2059,0,0,0,0
613.808,0.2059,0,0,0,0
613.836,0.2059,0,0,0,0
613.869,0.2059,0,0,0,0
613.904,0.2059,0,0,0,0
613.939,0.2059,0,0,0,0
613.972,0.2059,0,0,0,0
614.008,0.2059,0,0,0,0
614.039,0.2059,0,0,0,0
614.068,0.2059,0,0,0,0
614.104,0.2059,0,0,0,0
614.138,0.2059,0,0,0,0
614.171,0.2059,0,0,0,0
614.206,0.2059,0,0,0,0
614.235,0.2059,0,0,0,0
614.268,0.2059,0,0,0,0
614.304,0.2059,0,0,0,0
614.334,0.2059,0,0,0,0
614.368,0.2059,0,0,0,0
614.403,0.2059,0,0,0,0
614.437,0.2059,0,0,0,0
614.470,0.2059,0,0,0,0
614.504,0.2059,0,0,0,0
614.538,0.2059,0,0,0,0
614.571,0.2059,0,0,0,0
614.601,0.2059,0,0,0,0
614.635,0.2059,0,0,0,0
614.669,0.2059,0,0,0,0
614.704,0.2059,0,0,0,0
614.737,0.2059,0,0,0,0
614.767,0.2059,0,0,0,0
614.803,0.2059,0,0,0,0
614.835,0.2059,0,0,0,0
614.870,0.2059,0,0,0,0
614.903,0.2059,0,0,0,0
614.938,0.2059,0,0,0,0
614.972,0.2059,0,0,0,0
615.005,0.2059,0,0,0,0
615.035,0.2059,0,0,0,0
615.070,0.2059,0,0,0,0
615.103,0.2059,0,0,0,0
615.138,0.2059,0,0,0,0
615.171,0.2059,0,0,0,0
615.206,0.2059,0,0,0,0
615.235,0.2059,0,0,0,0
615.268,0.2059,0,0,0,0
615.304,0.2059,0,0,0,0
615.335,0.2059,0,0,0,0
615.372,0.2059,0,0,0,0
615.405,0.2059,0,0,0,0
615.434,0.2059,0,0,0,0
615.469,0.2059,0,0,0,0
615.505,0.2059,0,0,0,0
615.542,0.2059,0,0,0,0
615.571,0.2059,0,0,0,0
615.606,0.2059,0,0,0,0
615.635,0.2059,0,0,0,0
615.671,0.2059,0,0,0,0
615.706,0.2059,0,0,0,0
615.734,0.2059,0,0,0,0
615.769,0.2059,0,0,0,0
615.803,0.2059,0,0,0,0
615.839,0.2059,0,0,0,0
615.868,0.2059,0,0,0,0
615.902,0.2059,0,0,0,0
615.936,0.2059,0,0,0,0
615.971,0.2059,0,0,0,0
616.004,0.2059,0,0,0,0
616.034,0.2059,0,0,0,0
616.069,0.2059,0,0,0,0
616.102,0.2059,0,0,0,0
616.137,0.2059,0,0,0,0
616.171,0.2059,0,0,0,0
616.206,0.2059,0,0,0,0
616.237,0.2059,0,0,0,0
616.270,0.2059,0,0,0,0
616.305,0.2059,0,0,0,0
616.334,0.2059,0,0,0,0
616.369,0.2059,0,0,0,0
616.403,0.2059,0,0,0,0
616.437,0.2059,0,0,0,0
616.471,0.2059,0,0,0,0
616.502,0.2059,0,0,0,0
616.536,0.2059,0,0,0,0
616.569,0.2059,0,0,0,0
616.603,0.2059,0,0,0,0
616.637,0.2059,0,0,0,0
616.673,0.2059,0,0,0,0
616.702,0.2059,0,0,0,0
616.736,0.2059,0,0,0,0
616.769,0.2059,0,0,0,0
616.804,0.2059,0,0,0,0
616.838,0.2059,0,0,0,0
616.871,0.2059,0,0,0,0
616.905,0.2059,0,0,0,0
616.934,0.2059,0,0,0,0
616.968,0.2059,0,0,0,0
617.004,0.2059,0,0,0,0
617.034,0.2059,0,0,0,0
617.074,0.2059,0,0,0,0
617.103,0.2059,0,0,0,0
617.137,0.2059,0,0,0,0
617.172,0.2059,0,0,0,0
617.202,0.2059,0,0,0,0
617.235,0.2059,0,0,0,0
617.270,0.2059,0,0,0,0
617.304,0.2059,0,0,0,0
617.338,0.2059,0,0,0,0
617.369,0.2059,0,0,0,0
617.402,0.2059,0,0,0,0
617.452,0.2059,0,0,0,0
617.466,0.2059,0,0,0,0
617.506,0.2059,0,0,0,0
617.540,0.2059,0,0,0,0
617.572,0.2059,0,0,0,0
617.604,0.2059,0,0,0,0
617.635,0.2059,0,0,0,0
617.674,0.2059,0,0,0,0
617.703,0.2059,0,0,0,0
617.739,0.2059,0,0,0,0
617.768,0.2059,0,0,0,0
617.809,0.2059,0,0,0,0
617.840,0.2059,0,0,0,0
617.871,0.2059,0,0,0,0
617.902,0.2059,0,0,0,0
617.936,0.2059,0,0,0,0
617.972,0.2059,0,0,0,0
618.003,0.2059,0,0,0,0
618.039,0.2059,0,0,0,0
618.070,0.2059,0,0,0,0
618.105,0.2059,0,0,0,0
618.136,0.2059,0,0,0,0
618.172,0.2059,0,0,0,0
618.203,0.2059,0,0,0,0
618.236,0.2059,0,0,0,0
618.279,0.2059,0,0,0,0
618.302,0.2059,0,0,0,0
618.337,0.2059,0,0,0,0
618.372,0.2059,0,0,0,0
618.407,0.2059,0,0,0,0
618.435,0.2059,0,0,0,0
618.467,0.2059,0,0,0,0
618.505,0.2059,0,0,0,0
618.537,0.2059,0,0,0,0
618.569,0.2059,0,0,0,0
618.603,0.2059,0,0,0,0
618.638,0.2059,0,0,0,0
618.671,0.2059,0,0,0,0
618.702,0.2059,0,0,0,0
618.735,0.2059,0,0,0,0
618.769,0.2059,0,0,0,0
618.805,0.2059,0,0,0,0
618.835,0.2059,0,0,0,0
618.869,0.2059,0,0,0,0
618.904,0.2059,0,0,0,0
618.938,0.2059,0,0,0,0
618.967,0.2059,0,0,0,0
619.002,0.2059,0,0,0,0
619.036,0.2059,0,0,0,0
619.071,0.2059,0,0,0,0
619.101,0.2059,0,0,0,0
619.136,0.2059,0,0,0,0
619.169,0.2059,0,0,0,0
619.204,0.2059,0,0,0,0
619.238,0.2059,0,0,0,0
619.272,0.2059,0,0,0,0
619.302,0.2059,0,0,0,0
619.336,0.2059,0,0,0,0
619.372,0.2059,0,0,0,0
619.400,0.2059,0,0,0,0
619.441,0.2059,0,0,0,0
619.469,0.2059,0,0,0,0
619.506,0.2059,0,0,0,0
619.537,0.2059,0,0,0,0
619.573,0.2059,0,0,0,0
619.604,0.2059,0,0,0,0
619.637,0.2059,0,0,0,0
619.672,0.2059,0,0,0,0
619.704,0.2059,0,0,0,0
619.735,0.2059,0,0,0,0
619.770,0.2059,0,0,0,0
619.801,0.2059,0,0,0,0
619.837,0.2059,0,0,0,0
619.871,0.2059,0,0,0,0
619.902,0.2059,0,0,0,0
619.935,0.2059,0,0,0,0
619.969,0.2059,0,0,0,0
620.007,0.2059,0,0,0,0
620.037,0.2059,0,0,0,0
620.071,0.2059,0,0,0,0
620.105,0.2059,0,0,0,0
620.139,0.2059,0,0,0,0
620.174,0.2059,0,0,0,0
620.202,0.2059,0,0,0,0
620.236,0.2059,0,0,0,0
620.270,0.2059,0,0,0,0
620.305,0.2059,0,0,0,0
620.334,0.2059,0,0,0,0
620.368,0.2059,0,0,0,0
620.403,0.2059,0,0,0,0
620.438,0.2059,0,0,0,0
620.471,0.2059,0,0,0,0
620.502,0.2059,0,0,0,0
620.535,0.2059,0,0,0,0
620.570,0.2059,0,0,0,0
620.605,0.2059,0,0,0,0
620.638,0.2059,0,0,0,0
620.668,0.2059,0,0,0,0
620.703,0.2059,0,0,0,0
620.735,0.2059,0,0,0,0
620.770,0.2059,0,0,0,0
620.804,0.2059,0,0,0,0
620.840,0.2059,0,0,0,0
620.869,0.2059,0,0,0,0
620.903,0.2059,0,0,0,0
620.938,0.2059,0,0,0,0
620.972,0.2059,0,0,0,0
621.005,0.2059,0,0,0,0
621.035,0.2059,0,0,0,0
621.070,0.2059,0,0,0,0
621.103,0.2059,0,0,0,0
621.139,0.2059,0,0,0,0
621.171,0.2059,0,0,0,0
621.205,0.2059,0,0,0,0
621.235,0.2059,0,0,0,0
621.268,0.2059,0,0,0,0
621.303,0.2059,0,0,0,0
621.339,0.2059,0,0,0,0
621.369,0.2059,0,0,0,0
621.402,0.2059,0,0,0,0
621.438,0.2059,0,0,0,0
621.472,0.2059,0,0,0,0
621.506,0.2059,0,0,0,0
621.535,0.2059,0,0,0,0
621.570,0.2059,0,0,0,0
621.604,0.2059,0,0,0,0
621.639,0.2059,0,0,0,0
621.668,0.2059,0,0,0,0
621.702,0.2059,0,0,0,0
621.736,0.2059,0,0,0,0
621.770,0.2059,0,0,0,0
621.804,0.2059,0,0,0,0
621.834,0.2059,0,0,0,0
621.868,0.2059,0,0,0,0
621.903,0.2059,0,0,0,0
621.938,0.2059,0,0,0,0
621.970,0.2059,0,0,0,0
622.005,0.2059,0,0,0,0
622.038,0.2059,0,0,0,0
622.074,0.2059,0,0,0,0
622.103,0.2059,0,0,0,0
622.136,0.2059,0,0,0,0
622.171,0.2059,0,0,0,0
622.205,0.2059,0,0,0,0
622.238,0.2059,0,0,0,0
622.268,0.2059,0,0,0,0
622.303,0.2059,0,0,0,0
622.336,0.2059,0,0,0,0
622.371,0.2059,0,0,0,0
622.405,0.2059,0,0,0,0
622.434,0.2059,0,0,0,0
622.468,0.2059,0,0,0,0
622.503,0.2059,0,0,0,0
622.538,0.2059,0,0,0,0
622.573,0.2059,0,0,0,0
622.605,0.2059,0,0,0,0
622.638,0.2059,0,0,0,0
622.668,0.2059,0,0,0,0
622.701,0.2059,0,0,0,0
622.734,0.2059,0,0,0,0
622.772,0.2059,0,0,0,0
622.802,0.2059,0,0,0,0
622.836,0.2059,0,0,0,0
622.871,0.2059,0,0,0,0
622.905,0.2059,0,0,0,0
622.940,0.2059,0,0,0,0
622.968,0.2059,0,0,0,0
623.002,0.2059,0,0,0,0
623.036,0.2059,0,0,0,0
623.071,0.2059,0,0,0,0
623.106,0.2059,0,0,0,0
623.135,0.2059,0,0,0,0
623.169,0.2059,0,0,0,0
623.202,0.2059,0,0,0,0
623.238,0.2059,0,0,0,0
623.268,0.2059,0,0,0,0
623.302,0.2059,0,0,0,0
623.337,0.2059,0,0,0,0
623.371,0.2059,0,0,0,0
623.404,0.2059,0,0,0,0
623.439,0.2059,0,0,0,0
623.468,0.2059,0,0,0,0
623.502,0.2059,0,0,0,0
623.538,0.2059,0,0,0,0
623.571,0.2059,0,0,0,0
623.606,0.2059,0,0,0,0
623.635,0.2059,0,0,0,0
623.668,0.2059,0,0,0,0
623.705,0.2059,0,0,0,0
623.735,0.2059,0,0,0,0
623.769,0.2059,0,0,0,0
623.803,0.2059,0,0,0,0
623.837,0.2059,0,0,0,0
623.869,0.2059,0,0,0,0
623.904,0.2059,0,0,0,0
623.937,0.2059,0,0,0,0
623.973,0.2059,0,0,0,0
624.003,0.2059,0,0,0,0
624.035,0.2059,0,0,0,0
624.068,0.2059,0,0,0,0
624.102,0.2059,0,0,0,0
624.137,0.2059,0,0,0,0
624.174,0.2059,0,0,0,0
624.202,0.2059,0,0,0,0
624.236,0.2059,0,0,0,0
624.269,0.2059,0,0,0,0
624.303,0.2059,0,0,0,0
624.338,0.2059,0,0,0,0
624.373,0.2059,0,0,0,0
624.402,0.2059,0,0,0,0
624.436,0.2059,0,0,0,0
624.470,0.2059,0,0,0,0
624.504,0.2059,0,0,0,0
624.539,0.2059,0,0,0,0
624.568,0.2059,0,0,0,0
624.603,0.2059,0,0,0,0
624.635,0.2059,0,0,0,0
624.670,0.2059,0,0,0,0
624.705,0.2059,0,0,0,0
624.740,0.2059,0,0,0,0
624.769,0.2059,0,0,0,0
624.802,0.2059,0,0,0,0
624.838,0.2059,0,0,0,0
624.872,0.2059,0,0,0,0
624.905,0.2059,0,0,0,0
624.935,0.2059,0,0,0,0
624.969,0.2059,0,0,0,0
625.002,0.2059,0,0,0,0
625.036,0.2059,0,0,0,0
625.070,0.2059,0,0,0,0
625.104,0.2059,0,0,0,0
625.139,0.2059,0,0,0,0
625.172,0.2059,0,0,0,0
625.202,0.2059,0,0,0,0
625.236,0.2059,0,0,0,0
625.268,0.2059,0,0,0,0
625.300,0.2059,0,0,0,0
625.335,0.2059,0,0,0,0
625.372,0.2059,0,0,0,0
625.403,0.2059,0,0,0,0
625.439,0.2059,0,0,0,0
625.470,0.2059,0,0,0,0
625.502,0.2059,0,0,0,0
625.535,0.2059,0,0,0,0
625.570,0.2059,0,0,0,0
625.604,0.2059,0,0,0,0
625.634,0.2059,0,0,0,0
625.669,0.2059,0,0,0,0
625.702,0.2059,0,0,0,0
625.737,0.2059,0,0,0,0
625.771,0.2059,0,0,0,0
625.807,0.2059,0,0,0,0
625.837,0.2059,0,0,0,0
625.871,0.2059,0,0,0,0
625.907,0.2059,0,0,0,0
625.936,0.2059,0,0,0,0
625.969,0.2059,0,0,0,0
626.003,0.2059,0,0,0,0
626.038,0.2059,0,0,0,0
626.071,0.2059,0,0,0,0
626.102,0.2059,0,0,0,0
626.136,0.2059,0,0,0,0
626.169,0.2059,0,0,0,0
626.204,0.2059,0,0,0,0
626.239,0.2059,0,0,0,0
626.269,0.2059,0,0,0,0
626.304,0.2059,0,0,0,0
626.338,0.2059,0,0,0,0
626.374,0.2059,0,0,0,0
626.402,0.2059,0,0,0,0
626.435,0.2059,0,0,0,0
626.470,0.2059,0,0,0,0
626.504,0.2059,0,0,0,0
626.538,0.2059,0,0,0,0
626.572,0.2059,0,0,0,0
626.602,0.2059,0,0,0,0
626.635,0.2059,0,0,0,0
626.670,0.2059,0,0,0,0
626.705,0.2059,0,0,0,0
626.739,0.2059,0,0,0,0
626.769,0.2059,0,0,0,0
626.803,0.2059,0,0,0,0
626.836,0.2059,0,0,0,0
626.870,0.2059,0,0,0,0
626.904,0.2059,0,0,0,0
626.939,0.2059,0,0,0,0
626.976,0.2059,0,0,0,0
627.002,0.2059,0,0,0,0
627.037,0.2059,0,0,0,0
627.072,0.2059,0,0,0,0
627.105,0.2059,0,0,0,0
627.135,0.2059,0,0,0,0
627.170,0.2059,0,0,0,0
627.205,0.2059,0,0,0,0
627.241,0.2059,0,0,0,0
627.270,0.2059,0,0,0,0
627.303,0.2059,0,0,0,0
627.337,0.2059,0,0,0,0
627.372,0.2059,0,0,0,0
627.405,0.2059,0,0,0,0
627.435,0.2059,0,0,0,0
627.470,0.2059,0,0,0,0
627.503,0.2059,0,0,0,0
627.534,0.2059,0,0,0,0
627.568,0.2059,0,0,0,0
627.601,0.2059,0,0,0,0
627.636,0.2059,0,0,0,0
627.669,0.2059,0,0,0,0
627.704,0.2059,0,0,0,0
627.734,0.2059,0,0,0,0
627.769,0.2059,0,0,0,0
627.803,0.2059,0,0,0,0
627.836,0.2059,0,0,0,0
627.869,0.2059,0,0,0,0
627.904,0.2059,0,0,0,0
627.939,0.2059,0,0,0,0
627.968,0.2059,0,0,0,0
628.002,0.2059,0,0,0,0
628.036,0.2059,0,0,0,0
628.070,0.2059,0,0,0,0
628.104,0.2059,0,0,0,0
628.139,0.2059,0,0,0,0
628.173,0.2059,0,0,0,0
628.202,0.2059,0,0,0,0
628.236,0.2059,0,0,0,0
628.271,0.2059,0,0,0,0
628.305,0.2059,0,0,0,0
628.339,0.2059,0,0,0,0
628.368,0.2059,0,0,0,0
628.403,0.2059,0,0,0,0
628.437,0.2059,0,0,0,0
628.473,0.2059,0,0,0,0
628.502,0.2059,0,0,0,0
628.535,0.2059,0,0,0,0
628.568,0.2059,0,0,0,0
628.603,0.2059,0,0,0,0
628.636,0.2059,0,0,0,0
628.672,0.2059,0,0,0,0
628.705,0.2059,0,0,0,0
628.740,0.2059,0,0,0,0
628.770,0.2059,0,0,0,0
628.803,0.2059,0,0,0,0
628.839,0.2059,0,0,0,0
628.868,0.2059,0,0,0,0
628.902,0.2059,0,0,0,0
628.937,0.2059,0,0,0,0
628.972,0.2059,0,0,0,0
629.004,0.2059,0,0,0,0
629.035,0.2059,0,0,0,0
629.068,0.2059,0,0,0,0
629.102,0.2059,0,0,0,0
629.137,0.2059,0,0,0,0
629.171,0.2059,0,0,0,0
629.206,0.2059,0,0,0,0
629.235,0.2059,0,0,0,0
629.269,0.2059,0,0,0,0
629.303,0.2059,0,0,0,0
629.337,0.2059,0,0,0,0
629.373,0.2059,0,0,0,0
629.402,0.2059,0,0,0,0
629.436,0.2059,0,0,0,0
629.470,0.2059,0,0,0,0
629.505,0.2059,0,0,0,0
629.534,0.2059,0,0,0,0
629.573,0.2059,0,0,0,0
629.602,0.2059,0,0,0,0
629.637,0.2059,0,0,0,0
629.671,0.2059,0,0,0,0
629.705,0.2059,0,0,0,0
629.734,0.2059,0,0,0,0
629.768,0.2059,0,0,0,0
629.802,0.2059,0,0,0,0
629.836,0.2059,0,0,0,0
629.872,0.2059,0,0,0,0
629.902,0.2059,0,0,0,0
629.938,0.2059,0,0,0,0
629.971,0.2059,0,0,0,0
630.004,0.2059,0,0,0,0
630.038,0.2059,0,0,0,0
630.073,0.2059,0,0,0,0
630.102,0.2059,0,0,0,0
630.136,0.2059,0,0,0,0
630.171,0.2059,0,0,0,0
630.205,0.2059,0,0,0,0
630.238,0.2059,0,0,0,0
630.269,0.2059,0,0,0,0
630.303,0.2059,0,0,0,0
630.336,0.2059,0,0,0,0
630.367,0.2059,0,0,0,0
630.402,0.2059,0,0,0,0
630.442,0.2059,0,0,0,0
630.468,0.2059,0,0,0,0
630.503,0.2059,0,0,0,0
630.539,0.2059,0,0,0,0
630.567,0.2059,0,0,0,0
630.602,0.2059,0,0,0,0
630.635,0.2059,0,0,0,0
630.669,0.2059,0,0,0,0
630.704,0.2059,0,0,0,0
630.739,0.2059,0,0,0,0
630.768,0.2059,0,0,0,0
630.802,0.2059,0,0,0,0
630.836,0.2059,0,0,0,0
630.870,0.2059,0,0,0,0
630.904,0.2059,0,0,0,0
630.938,0.2059,0,0,0,0
630.972,0.2059,0,0,0,0
631.007,0.2059,0,0,0,0
631.036,0.2059,0,0,0,0
631.071,0.2059,0,0,0,0
631.106,0.2059,0,0,0,0
631.135,0.2059,0,0,0,0
631.168,0.2059,0,0,0,0
631.202,0.2059,0,0,0,0
631.236,0.2059,0,0,0,0
631.269,0.2059,0,0,0,0
631.306,0.2059,0,0,0,0
631.340,0.2059,0,0,0,0
631.368,0.2059,0,0,0,0
631.403,0.2059,0,0,0,0
631.436,0.2059,0,0,0,0
631.471,0.2059,0,0,0,0
631.505,0.2059,0,0,0,0
631.539,0.2059,0,0,0,0
631.569,0.2059,0,0,0,0
631.603,0.2059,0,0,0,0
631.638,0.2059,0,0,0,0
631.673,0.2059,0,0,0,0
631.701,0.2059,0,0,0,0
631.735,0.2059,0,0,0,0
631.769,0.2059,0,0,0,0
631.803,0.2059,0,0,0,0
631.837,0.2059,0,0,0,0
631.872,0.2059,0,0,0,0
631.902,0.2059,0,0,0,0
631.935,0.2059,0,0,0,0
631.970,0.2059,0,0,0,0
632.004,0.2059,0,0,0,0
632.038,0.2059,0,0,0,0
632.072,0.2059,0,0,0,0
632.102,0.2059,0,0,0,0
632.135,0.2059,0,0,0,0
632.169,0.2059,0,0,0,0
632.204,0.2059,0,0,0,0
632.239,0.2059,0,0,0,0
632.268,0.2059,0,0,0,0
632.302,0.2059,0,0,0,0
632.337,0.2059,0,0,0,0
632.372,0.2059,0,0,0,0
632.404,0.2059,0,0,0,0
632.434,0.2059,0,0,0,0
632.470,0.2059,0,0,0,0
632.503,0.2059,0,0,0,0
632.539,0.2059,0,0,0,0
632.572,0.2059,0,0,0,0
632.607,0.2059,0,0,0,0
632.636,0.2059,0,0,0,0
632.669,0.2059,0,0,0,0
632.704,0.2059,0,0,0,0
632.739,0.2059,0,0,0,0
632.772,0.2059,0,0,0,0
632.802,0.2059,0,0,0,0
632.836,0.2059,0,0,0,0
632.869,0.2059,0,0,0,0
632.900,0.2059,0,0,0,0
632.937,0.2059,0,0,0,0
632.968,0.2059,0,0,0,0
633.015,0.2059,0,0,0,0
633.038,0.2059,0,0,0,0
633.070,0.2059,0,0,0,0
633.102,0.2059,0,0,0,0
633.139,0.2059,0,0,0,0
633.169,0.2059,0,0,0,0
633.205,0.2059,0,0,0,0
633.240,0.2059,0,0,0,0
633.271,0.2059,0,0,0,0
633.303,0.2059,0,0,0,0
633.339,0.2059,0,0,0,0
633.368,0.2059,0,0,0,0
633.402,0.2059,0,0,0,0
633.436,0.2059,0,0,0,0
633.471,0.2059,0,0,0,0
633.503,0.2059,0,0,0,0
633.537,0.2059,0,0,0,0
633.570,0.2059,0,0,0,0
633.606,0.2059,0,0,0,0
633.639,0.2059,0,0,0,0
633.668,0.2059,0,0,0,0
633.704,0.2059,0,0,0,0
633.738,0.2059,0,0,0,0
633.774,0.2059,0,0,0,0
633.803,0.2059,0,0,0,0
633.837,0.2059,0,0,0,0
633.871,0.2059,0,0,0,0
633.905,0.2059,0,0,0,0
633.938,0.2059,0,0,0,0
633.969,0.2059,0,0,0,0
634.002,0.2059,0,0,0,0
634.035,0.2059,0,0,0,0
634.071,0.2059,0,0,0,0
634.105,0.2059,0,0,0,0
634.134,0.2059,0,0,0,0
634.169,0.2059,0,0,0,0
634.203,0.2059,0,0,0,0
634.238,0.2059,0,0,0,0
634.272,0.2059,0,0,0,0
634.306,0.2059,0,0,0,0
634.334,0.2059,0,0,0,0
634.368,0.2059,0,0,0,0
634.403,0.2059,0,0,0,0
634.438,0.2059,0,0,0,0
634.467,0.2059,0,0,0,0
634.502,0.2059,0,0,0,0
634.536,0.2059,0,0,0,0
634.570,0.2059,0,0,0,0
634.602,0.2059,0,0,0,0
634.638,0.2059,0,0,0,0
634.672,0.2059,0,0,0,0
634.705,0.2059,0,0,0,0
634.735,0.2059,0,0,0,0
634.770,0.2059,0,0,0,0
634.803,0.2059,0,0,0,0
634.838,0.2059,0,0,0,0
634.871,0.2059,0,0,0,0
634.906,0.2059,0,0,0,0
634.935,0.2059,0,0,0,0
634.969,0.2059,0,0,0,0
635.003,0.2059,0,0,0,0
635.037,0.2059,0,0,0,0
635.070,0.2059,0,0,0,0
635.105,0.2059,0,0,0,0
635.138,0.2059,0,0,0,0
635.172,0.2059,0,0,0,0
635.202,0.2059,0,0,0,0
635.235,0.2059,0,0,0,0
635.269,0.2059,0,0,0,0
635.302,0.2059,0,0,0,0
635.336,0.2059,0,0,0,0
635.368,0.2059,0,0,0,0
635.405,0.2059,0,0,0,0
635.435,0.2059,0,0,0,0
635.470,0.2059,0,0,0,0
635.505,0.2059,0,0,0,0
635.534,0.2059,0,0,0,0
635.568,0.2059,0,0,0,0
635.604,0.2059,0,0,0,0
635.638,0.2059,0,0,0,0
635.672,0.2059,0,0,0,0
635.700,0.2059,0,0,0,0
635.735,0.2059,0,0,0,0
635.769,0.2059,0,0,0,0
635.804,0.2059,0,0,0,0
635.838,0.2059,0,0,0,0
635.872,0.2059,0,0,0,0
635.902,0.2059,0,0,0,0
635.936,0.2059,0,0,0,0
635.971,0.2059,0,0,0,0
636.006,0.2059,0,0,0,0
636.038,0.2059,0,0,0,0
636.071,0.2059,0,0,0,0
636.105,0.2059,0,0,0,0
636.136,0.2059,0,0,0,0
636.170,0.2059,0,0,0,0
636.205,0.2059,0,0,0,0
636.238,0.2059,0,0,0,0
636.268,0.2059,0,0,0,0
636.304,0.2059,0,0,0,0
636.338,0.2059,0,0,0,0
636.368,0.2059,0,0,0,0
636.403,0.2059,0,0,0,0
636.437,0.2059,0,0,0,0
636.468,0.2059,0,0,0,0
636.501,0.2059,0,0,0,0
636.535,0.2059,0,0,0,0
636.570,0.2059,0,0,0,0
636.604,0.2059,0,0,0,0
636.638,0.2059,0,0,0,0
636.672,0.2059,0,0,0,0
636.702,0.2059,0,0,0,0
636.737,0.2059,0,0,0,0
636.771,0.2059,0,0,0,0
636.805,0.2059,0,0,0,0
636.839,0.2059,0,0,0,0
636.868,0.2059,0,0,0,0
636.908,0.2059,0,0,0,0
636.935,0.2059,0,0,0,0
636.971,0.2059,0,0,0,0
637.005,0.2059,0,0,0,0
637.034,0.2059,0,0,0,0
637.069,0.2059,0,0,0,0
637.103,0.2059,0,0,0,0
637.137,0.2059,0,0,0,0
637.172,0.2059,0,0,0,0
637.205,0.2059,0,0,0,0
637.235,0.2059,0,0,0,0
637.268,0.2059,0,0,0,0
637.303,0.2059,0,0,0,0
637.338,0.2059,0,0,0,0
637.371,0.2059,0,0,0,0
637.402,0.2059,0,0,0,0
637.436,0.2059,0,0,0,0
637.468,0.2059,0,0,0,0
637.504,0.2059,0,0,0,0
637.538,0.2059,0,0,0,0
637.573,0.2059,0,0,0,0
637.604,0.2059,0,0,0,0
637.636,0.2059,0,0,0,0
637.669,0.2059,0,0,0,0
637.702,0.2059,0,0,0,0
637.735,0.2059,0,0,0,0
637.769,0.2059,0,0,0,0
637.805,0.2059,0,0,0,0
637.834,0.2059,0,0,0,0
637.875,0.2059,0,0,0,0
637.902,0.2059,0,0,0,0
637.936,0.2059,0,0,0,0
637.970,0.2059,0,0,0,0
638.003,0.2059,0,0,0,0
638.037,0.2059,0,0,0,0
638.072,0.2059,0,0,0,0
638.102,0.2059,0,0,0,0
638.135,0.2059,0,0,0,0
638.171,0.2059,0,0,0,0
638.207,0.2059,0,0,0,0
638.235,0.2059,0,0,0,0
638.269,0.2059,0,0,0,0
638.303,0.2059,0,0,0,0
638.337,0.2059,0,0,0,0
638.367,0.2059,0,0,0,0
638.402,0.2059,0,0,0,0
638.435,0.2059,0,0,0,0
638.469,0.2059,0,0,0,0
638.503,0.2059,0,0,0,0
638.539,0.2059,0,0,0,0
638.568,0.2059,0,0,0,0
638.601,0.2059,0,0,0,0
638.636,0.2059,0,0,0,0
638.671,0.2059,0,0,0,0
638.705,0.2059,0,0,0,0
638.735,0.2059,0,0,0,0
638.770,0.2059,0,0,0,0
638.803,0.2059,0,0,0,0
638.838,0.2059,0,0,0,0
638.871,0.2059,0,0,0,0
638.905,0.2059,0,0,0,0
638.934,0.2059,0,0,0,0
638.968,0.2059,0,0,0,0
639.003,0.2059,0,0,0,0
639.037,0.2059,0,0,0,0
639.070,0.2059,0,0,0,0
639.105,0.2059,0,0,0,0
639.140,0.2059,0,0,0,0
639.168,0.2059,0,0,0,0
639.205,0.2059,0,0,0,0
639.235,0.2059,0,0,0,0
639.269,0.2059,0,0,0,0
639.303,0.2059,0,0,0,0
639.337,0.2059,0,0,0,0
639.373,0.2059,0,0,0,0
639.402,0.2059,0,0,0,0
639.438,0.2059,0,0,0,0
639.473,0.2059,0,0,0,0
639.502,0.2059,0,0,0,0
639.536,0.2059,0,0,0,0
639.570,0.2059,0,0,0,0
639.604,0.2059,0,0,0,0
639.639,0.2059,0,0,0,0
639.668,0.2059,0,0,0,0
639.702,0.2059,0,0,0,0
639.737,0.2059,0,0,0,0
639.770,0.2059,0,0,0,0
639.805,0.2059,0,0,0,0
639.839,0.2059,0,0,0,0
639.867,0.2059,0,0,0,0
639.903,0.2059,0,0,0,0
639.936,0.2059,0,0,0,0
639.971,0.2059,0,0,0,0
640.006,0.2059,0,0,0,0
640.038,0.2059,0,0,0,0
640.068,0.2059,0,0,0,0
640.103,0.2059,0,0,0,0
640.136,0.2059,0,0,0,0
640.172,0.2059,0,0,0,0
640.201,0.2059,0,0,0,0
640.234,0.2059,0,0,0,0
640.269,0.2059,0,0,0,0
640.302,0.2059,0,0,0,0
640.337,0.2059,0,0,0,0
640.372,0.2059,0,0,0,0
640.401,0.2059,0,0,0,0
640.435,0.2059,0,0,0,0
640.468,0.2059,0,0,0,0
640.502,0.2059,0,0,0,0
640.538,0.2059,0,0,0,0
640.573,0.2059,0,0,0,0
640.608,0.2059,0,0,0,0
640.635,0.2059,0,0,0,0
640.669,0.2059,0,0,0,0
640.702,0.2059,0,0,0,0
640.737,0.2059,0,0,0,0
640.772,0.2059,0,0,0,0
640.807,0.2059,0,0,0,0
640.835,0.2059,0,0,0,0
640.870,0.2059,0,0,0,0
640.904,0.2059,0,0,0,0
640.937,0.2059,0,0,0,0
640.971,0.2059,0,0,0,0
641.006,0.2059,0,0,0,0
641.035,0.2059,0,0,0,0
641.070,0.2059,0,0,0,0
641.106,0.2059,0,0,0,0
641.135,0.2059,0,0,0,0
641.168,0.2059,0,0,0,0
641.202,0.2059,0,0,0,0
641.237,0.2059,0,0,0,0
641.270,0.2059,0,0,0,0
641.300,0.2059,0,0,0,0
641.335,0.2059,0,0,0,0
641.368,0.2059,0,0,0,0
641.403,0.2059,0,0,0,0
641.438,0.2059,0,0,0,0
641.473,0.2059,0,0,0,0
641.502,0.2059,0,0,0,0
641.535,0.2059,0,0,0,0
641.570,0.2059,0,0,0,0
641.604,0.2059,0,0,0,0
641.637,0.2059,0,0,0,0
641.667,0.2059,0,0,0,0
641.705,0.2059,0,0,0,0
641.740,0.2059,0,0,0,0
641.769,0.2059,0,0,0,0
641.803,0.2059,0,0,0,0
641.839,0.2059,0,0,0,0
641.873,0.2059,0,0,0,0
641.901,0.2059,0,0,0,0
641.936,0.2059,0,0,0,0
641.972,0.2059,0,0,0,0
642.006,0.2059,0,0,0,0
642.039,0.2059,0,0,0,0
642.067,0.2059,0,0,0,0
642.102,0.2059,0,0,0,0
642.141,0.2059,0,0,0,0
642.170,0.2059,0,0,0,0
642.205,0.2059,0,0,0,0
642.239,0.2059,0,0,0,0
642.269,0.2059,0,0,0,0
642.303,0.2059,0,0,0,0
642.337,0.2059,0,0,0,0
642.372,0.2059,0,0,0,0
642.406,0.2059,0,0,0,0
642.435,0.2059,0,0,0,0
642.469,0.2059,0,0,0,0
642.502,0.2059,0,0,0,0
642.538,0.2059,0,0,0,0
642.572,0.2059,0,0,0,0
642.607,0.2059,0,0,0,0
642.636,0.2059,0,0,0,0
642.669,0.2059,0,0,0,0
642.705,0.2059,0,0,0,0
642.735,0.2059,0,0,0,0
642.768,0.2059,0,0,0,0
642.803,0.2059,0,0,0,0
642.838,0.2059,0,0,0,0
642.870,0.2059,0,0,0,0
642.904,0.2059,0,0,0,0
642.938,0.2059,0,0,0,0
642.974,0.2059,0,0,0,0
643.006,0.2059,0,0,0,0
643.040,0.2059,0,0,0,0
643.073,0.2059,0,0,0,0
643.104,0.2059,0,0,0,0
643.136,0.2059,0,0,0,0
643.173,0.2059,0,0,0,0
643.204,0.2059,0,0,0,0
643.238,0.2059,0,0,0,0
643.272,0.2059,0,0,0,0
643.304,0.2059,0,0,0,0
643.334,0.2059,0,0,0,0
643.368,0.2059,0,0,0,0
643.402,0.2059,0,0,0,0
643.439,0.2059,0,0,0,0
643.468,0.2059,0,0,0,0
643.501,0.2059,0,0,0,0
643.537,0.2059,0,0,0,0
643.573,0.2059,0,0,0,0
643.602,0.2059,0,0,0,0
643.637,0.2059,0,0,0,0
643.672,0.2059,0,0,0,0
643.705,0.2059,0,0,0,0
643.735,0.2059,0,0,0,0
643.770,0.2059,0,0,0,0
643.803,0.2059,0,0,0,0
643.838,0.2059,0,0,0,0
643.867,0.2059,0,0,0,0
643.908,0.2059,0,0,0,0
643.937,0.2059,0,0,0,0
643.970,0.2059,0,0,0,0
644.005,0.2059,0,0,0,0
644.038,0.2059,0,0,0,0
644.073,0.2059,0,0,0,0
644.103,0.2059,0,0,0,0
644.136,0.2059,0,0,0,0
644.169,0.2059,0,0,0,0
644.204,0.2059,0,0,0,0
644.234,0.2059,0,0,0,0
644.268,0.2059,0,0,0,0
644.303,0.2059,0,0,0,0
644.338,0.2059,0,0,0,0
644.372,0.2059,0,0,0,0
644.402,0.2059,0,0,0,0
644.437,0.2059,0,0,0,0
644.469,0.2059,0,0,0,0
644.503,0.2059,0,0,0,0
644.537,0.2059,0,0,0,0
644.571,0.2059,0,0,0,0
644.601,0.2059,0,0,0,0
644.635,0.2059,0,0,0,0
644.669,0.2059,0,0,0,0
644.703,0.2059,0,0,0,0
644.737,0.2059,0,0,0,0
644.766,0.2059,0,0,0,0
644.802,0.2059,0,0,0,0
644.835,0.2059,0,0,0,0
644.869,0.2059,0,0,0,0
644.904,0.2059,0,0,0,0
644.936,0.2059,0,0,0,0
644.971,0.2059,0,0,0,0
645.005,0.2059,0,0,0,0
645.040,0.2059,0,0,0,0
645.069,0.2059,0,0,0,0
645.102,0.2059,0,0,0,0
645.137,0.2059,0,0,0,0
645.171,0.2059,0,0,0,0
645.204,0.2059,0,0,0,0
645.234,0.2059,0,0,0,0
645.272,0.2059,0,0,0,0
645.304,0.2059,0,0,0,0
645.339,0.2059,0,0,0,0
645.370,0.2059,0,0,0,0
645.400,0.2059,0,0,0,0
645.438,0.2059,0,0,0,0
645.467,0.2059,0,0,0,0
645.502,0.2059,0,0,0,0
645.536,0.2059,0,0,0,0
645.572,0.2059,0,0,0,0
645.602,0.2059,0,0,0,0
645.635,0.2059,0,0,0,0
645.669,0.2059,0,0,0,0
645.703,0.2059,0,0,0,0
645.737,0.2059,0,0,0,0
645.771,0.2059,0,0,0,0
645.802,0.2059,0,0,0,0
645.835,0.2059,0,0,0,0
645.870,0.2059,0,0,0,0
645.903,0.2059,0,0,0,0
645.937,0.2059,0,0,0,0
645.972,0.2059,0,0,0,0
646.006,0.2059,0,0,0,0
646.035,0.2059,0,0,0,0
646.068,0.2059,0,0,0,0
646.103,0.2059,0,0,0,0
646.138,0.2059,0,0,0,0
646.173,0.2059,0,0,0,0
646.206,0.2059,0,0,0,0
646.235,0.2059,0,0,0,0
646.269,0.2059,0,0,0,0
646.304,0.2059,0,0,0,0
646.339,0.2059,0,0,0,0
646.373,0.2059,0,0,0,0
646.403,0.2059,0,0,0,0
646.437,0.2059,0,0,0,0
646.471,0.2059,0,0,0,0
646.502,0.2059,0,0,0,0
646.535,0.2059,0,0,0,0
646.568,0.2059,0,0,0,0
646.602,0.2059,0,0,0,0
646.637,0.2059,0,0,0,0
646.672,0.2059,0,0,0,0
646.705,0.2059,0,0,0,0
646.735,0.2059,0,0,0,0
646.769,0.2059,0,0,0,0
646.803,0.2059,0,0,0,0
646.838,0.2059,0,0,0,0
646.868,0.2059,0,0,0,0
646.902,0.2059,0,0,0,0
646.936,0.2059,0,0,0,0
646.971,0.2059,0,0,0,0
647.005,0.2059,0,0,0,0
647.039,0.2059,0,0,0,0
647.067,0.2059,0,0,0,0
647.103,0.2059,0,0,0,0
647.135,0.2059,0,0,0,0
647.170,0.2059,0,0,0,0
647.204,0.2059,0,0,0,0
647.239,0.2059,0,0,0,0
647.268,0.2059,0,0,0,0
647.303,0.2059,0,0,0,0
647.338,0.2059,0,0,0,0
647.368,0.2059,0,0,0,0
647.401,0.2059,0,0,0,0
647.435,0.2059,0,0,0,0
647.469,0.2059,0,0,0,0
647.502,0.2059,0,0,0,0
647.538,0.2059,0,0,0,0
647.573,0.2059,0,0,0,0
647.605,0.2059,0,0,0,0
647.635,0.2059,0,0,0,0
647.669,0.2059,0,0,0,0
647.702,0.2059,0,0,0,0
647.738,0.2059,0,0,0,0
647.771,0.2059,0,0,0,0
647.802,0.2059,0,0,0,0
647.837,0.2059,0,0,0,0
647.871,0.2059,0,0,0,0
647.906,0.2059,0,0,0,0
647.935,0.2059,0,0,0,0
647.969,0.2059,0,0,0,0
648.003,0.2059,0,0,0,0
648.036,0.2059,0,0,0,0
648.071,0.2059,0,0,0,0
648.105,0.2059,0,0,0,0
648.141,0.2059,0,0,0,0
648.172,0.2059,0,0,0,0
648.206,0.2059,0,0,0,0
648.238,0.2059,0,0,0,0
648.271,0.2059,0,0,0,0
648.301,0.2059,0,0,0,0
648.339,0.2059,0,0,0,0
648.371,0.2059,0,0,0,0
648.404,0.2059,0,0,0,0
648.437,0.2059,0,0,0,0
648.471,0.2059,0,0,0,0
648.503,0.2059,0,0,0,0
648.537,0.2059,0,0,0,0
648.572,0.2059,0,0,0,0
648.606,0.2059,0,0,0,0
648.635,0.2059,0,0,0,0
648.669,0.2059,0,0,0,0
648.705,0.2059,0,0,0,0
648.735,0.2059,0,0,0,0
648.769,0.2059,0,0,0,0
648.803,0.2059,0,0,0,0
648.838,0.2059,0,0,0,0
648.870,0.2059,0,0,0,0
648.901,0.2059,0,0,0,0
648.935,0.2059,0,0,0,0
648.968,0.2059,0,0,0,0
649.001,0.2059,0,0,0,0
649.039,0.2059,0,0,0,0
649.071,0.2059,0,0,0,0
649.101,0.2059,0,0,0,0
649.134,0.2059,0,0,0,0
649.168,0.2059,0,0,0,0
649.203,0.2059,0,0,0,0
649.238,0.2059,0,0,0,0
649.273,0.2059,0,0,0,0
649.302,0.2059,0,0,0,0
649.336,0.2059,0,0,0,0
649.375,0.2059,0,0,0,0
649.405,0.2059,0,0,0,0
649.438,0.2059,0,0,0,0
649.471,0.2059,0,0,0,0
649.504,0.2059,0,0,0,0
649.538,0.2059,0,0,0,0
649.567,0.2059,0,0,0,0
649.602,0.2059,0,0,0,0
649.635,0.2059,0,0,0,0
649.670,0.2059,0,0,0,0
649.704,0.2059,0,0,0,0
649.738,0.2059,0,0,0,0
649.768,0.2059,0,0,0,0
649.806,0.2059,0,0,0,0
649.835,0.2059,0,0,0,0
649.870,0.2059,0,0,0,0
649.904,0.2059,0,0,0,0
649.935,0.2059,0,0,0,0
649.970,0.2059,0,0,0,0
650.004,0.2059,0,0,0,0
650.035,0.2059,0,0,0,0
650.069,0.2059,0,0,0,0
650.103,0.2059,0,0,0,0
650.138,0.2059,0,0,0,0
650.171,0.2059,0,0,0,0
650.206,0.2059,0,0,0,0
650.235,0.2059,0,0,0,0
650.268,0.2059,0,0,0,0
650.303,0.2059,0,0,0,0
650.336,0.2059,0,0,0,0
650.372,0.2059,0,0,0,0
650.402,0.2059,0,0,0,0
650.435,0.2059,0,0,0,0
650.471,0.2059,0,0,0,0
650.503,0.2059,0,0,0,0
650.538,0.2059,0,0,0,0
650.568,0.2059,0,0,0,0
650.601,0.2059,0,0,0,0
650.635,0.2059,0,0,0,0
650.669,0.2059,0,0,0,0
650.705,0.2059,0,0,0,0
650.735,0.2059,0,0,0,0
650.769,0.2059,0,0,0,0
650.804,0.2059,0,0,0,0
650.838,0.2059,0,0,0,0
650.870,0.2059,0,0,0,0
650.901,0.2059,0,0,0,0
650.935,0.2059,0,0,0,0
650.968,0.2059,0,0,0,0
651.005,0.2059,0,0,0,0
651.039,0.2059,0,0,0,0
651.075,0.2059,0,0,0,0
651.104,0.2059,0,0,0,0
651.137,0.2059,0,0,0,0
651.173,0.2059,0,0,0,0
651.202,0.2059,0,0,0,0
651.236,0.2059,0,0,0,0
651.270,0.2059,0,0,0,0
651.305,0.2059,0,0,0,0
651.337,0.2059,0,0,0,0
651.368,0.2059,0,0,0,0
651.406,0.2059,0,0,0,0
651.435,0.2059,0,0,0,0
651.471,0.2059,0,0,0,0
651.501,0.2059,0,0,0,0
651.536,0.2059,0,0,0,0
651.568,0.2059,0,0,0,0
651.603,0.2059,0,0,0,0
651.638,0.2059,0,0,0,0
651.668,0.2059,0,0,0,0
651.703,0.2059,0,0,0,0
651.738,0.2059,0,0,0,0
651.772,0.2059,0,0,0,0
651.802,0.2059,0,0,0,0
651.835,0.2059,0,0,0,0
651.869,0.2059,0,0,0,0
651.904,0.2059,0,0,0,0
651.936,0.2059,0,0,0,0
651.969,0.2059,0,0,0,0
652.004,0.2059,0,0,0,0
652.038,0.2059,0,0,0,0
652.068,0.2059,0,0,0,0
652.103,0.2059,0,0,0,0
652.137,0.2059,0,0,0,0
652.167,0.2059,0,0,0,0
652.203,0.2059,0,0,0,0
652.241,0.2059,0,0,0,0
652.274,0.2059,0,0,0,0
652.305,0.2059,0,0,0,0
652.336,0.2059,0,0,0,0
652.372,0.2059,0,0,0,0
652.402,0.2059,0,0,0,0
652.437,0.2059,0,0,0,0
652.471,0.2059,0,0,0,0
652.502,0.2059,0,0,0,0
652.536,0.2059,0,0,0,0
652.571,0.2059,0,0,0,0
652.602,0.2059,0,0,0,0
652.635,0.2059,0,0,0,0
652.669,0.2059,0,0,0,0
652.704,0.2059,0,0,0,0
652.734,0.2059,0,0,0,0
652.767,0.2059,0,0,0,0
652.802,0.2059,0,0,0,0
652.836,0.2059,0,0,0,0
652.869,0.2059,0,0,0,0
652.903,0.2059,0,0,0,0
652.938,0.2059,0,0,0,0
652.973,0.2059,0,0,0,0
653.003,0.2059,0,0,0,0
653.036,0.2059,0,0,0,0
653.070,0.2059,0,0,0,0
653.105,0.2059,0,0,0,0
653.139,0.2059,0,0,0,0
653.168,0.2059,0,0,0,0
653.203,0.2059,0,0,0,0
653.236,0.2059,0,0,0,0
653.272,0.2059,0,0,0,0
653.302,0.2059,0,0,0,0
653.335,0.2059,0,0,0,0
653.372,0.2059,0,0,0,0
653.406,0.2059,0,0,0,0
653.439,0.2059,0,0,0,0
653.468,0.2059,0,0,0,0
653.502,0.2059,0,0,0,0
653.535,0.2059,0,0,0,0
653.571,0.2059,0,0,0,0
653.606,0.2059,0,0,0,0
653.641,0.2059,0,0,0,0
653.670,0.2059,0,0,0,0
653.703,0.2059,0,0,0,0
653.738,0.2059,0,0,0,0
653.771,0.2059,0,0,0,0
653.805,0.2059,0,0,0,0
653.836,0.2059,0,0,0,0
653.870,0.2059,0,0,0,0
653.905,0.2059,0,0,0,0
653.938,0.2059,0,0,0,0
653.968,0.2059,0,0,0,0
654.002,0.2059,0,0,0,0
654.035,0.2059,0,0,0,0
654.070,0.2059,0,0,0,0
654.104,0.2059,0,0,0,0
654.139,0.2059,0,0,0,0
654.168,0.2059,0,0,0,0
654.202,0.2059,0,0,0,0
654.237,0.2059,0,0,0,0
654.272,0.2059,0,0,0,0
654.307,0.2059,0,0,0,0
654.335,0.2059,0,0,0,0
654.369,0.2059,0,0,0,0
654.404,0.2059,0,0,0,0
654.434,0.2059,0,0,0,0
654.468,0.2059,0,0,0,0
654.503,0.2059,0,0,0,0
654.537,0.2059,0,0,0,0
654.570,0.2059,0,0,0,0
654.604,0.2059,0,0,0,0
654.638,0.2059,0,0,0,0
654.673,0.2059,0,0,0,0
654.703,0.2059,0,0,0,0
654.736,0.2059,0,0,0,0
654.771,0.2059,0,0,0,0
654.805,0.2059,0,0,0,0
654.840,0.2059,0,0,0,0
654.873,0.2059,0,0,0,0
654.902,0.2059,0,0,0,0
654.935,0.2059,0,0,0,0
654.970,0.2059,0,0,0,0
655.004,0.2059,0,0,0,0
655.038,0.2059,0,0,0,0
655.069,0.2059,0,0,0,0
655.102,0.2059,0,0,0,0
655.135,0.2059,0,0,0,0
655.170,0.2059,0,0,0,0
655.204,0.2059,0,0,0,0
655.239,0.2059,0,0,0,0
655.272,0.2059,0,0,0,0
655.303,0.2059,0,0,0,0
655.342,0.2059,0,0,0,0
655.372,0.2059,0,0,0,0
655.402,0.2059,0,0,0,0
655.437,0.2059,0,0,0,0
655.472,0.2059,0,0,0,0
655.502,0.2059,0,0,0,0
655.536,0.2059,0,0,0,0
655.571,0.2059,0,0,0,0
655.606,0.2059,0,0,0,0
655.638,0.2059,0,0,0,0
655.669,0.2059,0,0,0,0
655.703,0.2059,0,0,0,0
655.735,0.2059,0,0,0,0
655.770,0.2059,0,0,0,0
655.803,0.2059,0,0,0,0
655.838,0.2059,0,0,0,0
655.868,0.2059,0,0,0,0
655.902,0.2059,0,0,0,0
655.938,0.2059,0,0,0,0
655.967,0.2059,0,0,0,0
656.002,0.2059,0,0,0,0
656.036,0.2059,0,0,0,0
656.071,0.2059,0,0,0,0
656.103,0.2059,0,0,0,0
656.138,0.2059,0,0,0,0
656.167,0.2059,0,0,0,0
656.201,0.2059,0,0,0,0
656.236,0.2059,0,0,0,0
656.270,0.2059,0,0,0,0
656.301,0.2059,0,0,0,0
656.338,0.2059,0,0,0,0
656.370,0.2059,0,0,0,0
656.405,0.2059,0,0,0,0
656.434,0.2059,0,0,0,0
656.469,0.2059,0,0,0,0
656.504,0.2059,0,0,0,0
656.542,0.2059,0,0,0,0
656.570,0.2059,0,0,0,0
656.605,0.2059,0,0,0,0
656.640,0.2059,0,0,0,0
656.669,0.2059,0,0,0,0
656.703,0.2059,0,0,0,0
656.736,0.2059,0,0,0,0
656.770,0.2059,0,0,0,0
656.805,0.2059,0,0,0,0
656.840,0.2059,0,0,0,0
656.869,0.2059,0,0,0,0
656.903,0.2059,0,0,0,0
656.938,0.2059,0,0,0,0
656.968,0.2059,0,0,0,0
657.001,0.2059,0,0,0,0
657.035,0.2059,0,0,0,0
657.070,0.2059,0,0,0,0
657.103,0.2059,0,0,0,0
657.134,0.2059,0,0,0,0
657.168,0.2059,0,0,0,0
657.208,0.2059,0,0,0,0
657.236,0.2059,0,0,0,0
657.270,0.2059,0,0,0,0
657.306,0.2059,0,0,0,0
657.335,0.2059,0,0,0,0
657.369,0.2059,0,0,0,0
657.404,0.2059,0,0,0,0
657.438,0.2059,0,0,0,0
657.470,0.2059,0,0,0,0
657.505,0.2059,0,0,0,0
657.539,0.2059,0,0,0,0
657.568,0.2059,0,0,0,0
657.603,0.2059,0,0,0,0
657.637,0.2059,0,0,0,0
657.672,0.2059,0,0,0,0
657.705,0.2059,0,0,0,0
657.739,0.2059,0,0,0,0
657.769,0.2059,0,0,0,0
657.803,0.2059,0,0,0,0
657.836,0.2059,0,0,0,0
657.869,0.2059,0,0,0,0
657.904,0.2059,0,0,0,0
657.939,0.2059,0,0,0,0
657.974,0.2059,0,0,0,0
658.003,0.2059,0,0,0,0
658.036,0.2059,0,0,0,0
658.071,0.2059,0,0,0,0
658.106,0.2059,0,0,0,0
658.135,0.2059,0,0,0,0
658.169,0.2059,0,0,0,0
658.203,0.2059,0,0,0,0
658.236,0.2059,0,0,0,0
658.268,0.2059,0,0,0,0
658.302,0.2059,0,0,0,0
658.335,0.2059,0,0,0,0
658.371,0.2059,0,0,0,0
658.404,0.2059,0,0,0,0
658.439,0.2059,0,0,0,0
658.468,0.2059,0,0,0,0
658.502,0.2059,0,0,0,0
658.536,0.2059,0,0,0,0
658.571,0.2059,0,0,0,0
658.604,0.2059,0,0,0,0
658.639,0.2059,0,0,0,0
658.667,0.2059,0,0,0,0
658.702,0.2059,0,0,0,0
658.736,0.2059,0,0,0,0
658.769,0.2059,0,0,0,0
658.805,0.2059,0,0,0,0
658.835,0.2059,0,0,0,0
658.869,0.2059,0,0,0,0
658.903,0.2059,0,0,0,0
658.936,0.2059,0,0,0,0
658.970,0.2059,0,0,0,0
659.001,0.2059,0,0,0,0
659.035,0.2059,0,0,0,0
659.069,0.2059,0,0,0,0
659.103,0.2059,0,0,0,0
659.137,0.2059,0,0,0,0
659.172,0.2059,0,0,0,0
659.205,0.2059,0,0,0,0
659.235,0.2059,0,0,0,0
659.268,0.2059,0,0,0,0
659.303,0.2059,0,0,0,0
659.338,0.2059,0,0,0,0
659.370,0.2059,0,0,0,0
659.404,0.2059,0,0,0,0
659.439,0.2059,0,0,0,0
659.467,0.2059,0,0,0,0
659.503,0.2059,0,0,0,0
659.538,0.2059,0,0,0,0
659.573,0.2059,0,0,0,0
659.603,0.2059,0,0,0,0
659.635,0.2059,0,0,0,0
659.671,0.2059,0,0,0,0
659.701,0.2059,0,0,0,0
659.735,0.2059,0,0,0,0
659.769,0.2059,0,0,0,0
659.803,0.2059,0,0,0,0
659.836,0.2059,0,0,0,0
659.871,0.2059,0,0,0,0
659.905,0.2059,0,0,0,0
659.940,0.2059,0,0,0,0
659.969,0.2059,0,0,0,0
660.002,0.2059,0,0,0,0
660.037,0.2059,0,0,0,0
660.072,0.2059,0,0,0,0
660.105,0.2059,0,0,0,0
660.135,0.2059,0,0,0,0
660.168,0.2059,0,0,0,0
660.202,0.2059,0,0,0,0
660.238,0.2059,0,0,0,0
660.273,0.2059,0,0,0,0
660.303,0.2059,0,0,0,0
660.336,0.2059,0,0,0,0
660.370,0.2059,0,0,0,0
660.405,0.2059,0,0,0,0
660.438,0.2059,0,0,0,0
660.472,0.2059,0,0,0,0
660.501,0.2059,0,0,0,0
660.535,0.2059,0,0,0,0
660.569,0.2059,0,0,0,0
660.605,0.2059,0,0,0,0
660.635,0.2059,0,0,0,0
660.668,0.2059,0,0,0,0
660.702,0.2059,0,0,0,0
660.736,0.2059,0,0,0,0
660.769,0.2059,0,0,0,0
660.804,0.2059,0,0,0,0
660.839,0.2059,0,0,0,0
660.872,0.2059,0,0,0,0
660.902,0.2059,0,0,0,0
660.936,0.2059,0,0,0,0
660.968,0.2059,0,0,0,0
661.004,0.2059,0,0,0,0
661.037,0.2059,0,0,0,0
661.073,0.2059,0,0,0,0
661.103,0.2059,0,0,0,0
661.136,0.2059,0,0,0,0
661.170,0.2059,0,0,0,0
661.204,0.2059,0,0,0,0
661.238,0.2059,0,0,0,0
661.268,0.2059,0,0,0,0
661.302,0.2059,0,0,0,0
661.335,0.2059,0,0,0,0
661.371,0.2059,0,0,0,0
661.405,0.2059,0,0,0,0
661.434,0.2059,0,0,0,0
661.470,0.2059,0,0,0,0
661.503,0.2059,0,0,0,0
661.538,0.2059,0,0,0,0
661.571,0.2059,0,0,0,0
661.604,0.2059,0,0,0,0
661.635,0.2059,0,0,0,0
661.668,0.2059,0,0,0,0
661.703,0.2059,0,0,0,0
661.738,0.2059,0,0,0,0
661.768,0.2059,0,0,0,0
661.802,0.2059,0,0,0,0
661.836,0.2059,0,0,0,0
661.870,0.2059,0,0,0,0
661.903,0.2059,0,0,0,0
661.938,0.2059,0,0,0,0
661.967,0.2059,0,0,0,0
662.002,0.2059,0,0,0,0
662.036,0.2059,0,0,0,0
662.070,0.2059,0,0,0,0
662.103,0.2059,0,0,0,0
662.138,0.2059,0,0,0,0
662.167,0.2059,0,0,0,0
662.202,0.2059,0,0,0,0
662.237,0.2059,0,0,0,0
662.270,0.2059,0,0,0,0
662.306,0.2059,0,0,0,0
662.338,0.2059,0,0,0,0
662.371,0.2059,0,0,0,0
662.404,0.2059,0,0,0,0
662.439,0.2059,0,0,0,0
662.471,0.2059,0,0,0,0
662.501,0.2059,0,0,0,0
662.535,0.2059,0,0,0,0
662.574,0.2059,0,0,0,0
662.603,0.2059,0,0,0,0
662.637,0.2059,0,0,0,0
662.673,0.2059,0,0,0,0
662.702,0.2059,0,0,0,0
662.736,0.2059,0,0,0,0
662.770,0.2059,0,0,0,0
662.802,0.2059,0,0,0,0
662.836,0.2059,0,0,0,0
662.872,0.2059,0,0,0,0
662.902,0.2059,0,0,0,0
662.935,0.2059,0,0,0,0
662.970,0.2059,0,0,0,0
663.006,0.2059,0,0,0,0
663.035,0.2059,0,0,0,0
663.069,0.2059,0,0,0,0
663.104,0.2059,0,0,0,0
663.138,0.2059,0,0,0,0
663.167,0.2059,0,0,0,0
663.201,0.2059,0,0,0,0
663.240,0.2059,0,0,0,0
663.269,0.2059,0,0,0,0
663.306,0.2059,0,0,0,0
663.337,0.2059,0,0,0,0
663.373,0.2059,0,0,0,0
663.403,0.2059,0,0,0,0
663.438,0.2059,0,0,0,0
663.467,0.2059,0,0,0,0
663.508,0.2059,0,0,0,0
663.539,0.2059,0,0,0,0
663.570,0.2059,0,0,0,0
663.606,0.2059,0,0,0,0
663.636,0.2059,0,0,0,0
663.668,0.2059,0,0,0,0
663.702,0.2059,0,0,0,0
663.735,0.2059,0,0,0,0
663.769,0.2059,0,0,0,0
663.803,0.2059,0,0,0,0
663.838,0.2059,0,0,0,0
663.869,0.2059,0,0,0,0
663.904,0.2059,0,0,0,0
663.940,0.2059,0,0,0,0
663.972,0.2059,0,0,0,0
664.006,0.2059,0,0,0,0
664.039,0.2059,0,0,0,0
664.068,0.2059,0,0,0,0
664.103,0.2059,0,0,0,0
664.136,0.2059,0,0,0,0
664.171,0.2059,0,0,0,0
664.205,0.2059,0,0,0,0
664.240,0.2059,0,0,0,0
664.269,0.2059,0,0,0,0
664.303,0.2059,0,0,0,0
664.339,0.2059,0,0,0,0
664.369,0.2059,0,0,0,0
664.402,0.2059,0,0,0,0
664.437,0.2059,0,0,0,0
664.471,0.2059,0,0,0,0
664.504,0.2059,0,0,0,0
664.535,0.2059,0,0,0,0
664.568,0.2059,0,0,0,0
664.601,0.2059,0,0,0,0
664.636,0.2059,0,0,0,0
664.670,0.2059,0,0,0,0
664.706,0.2059,0,0,0,0
664.735,0.2059,0,0,0,0
664.769,0.2059,0,0,0,0
664.803,0.2059,0,0,0,0
664.837,0.2059,0,0,0,0
664.871,0.2059,0,0,0,0
664.904,0.2059,0,0,0,0
664.938,0.2059,0,0,0,0
664.973,0.2059,0,0,0,0
665.002,0.2059,0,0,0,0
665.035,0.2059,0,0,0,0
665.069,0.2059,0,0,0,0
665.103,0.2059,0,0,0,0
665.137,0.2059,0,0,0,0
665.171,0.2059,0,0,0,0
665.205,0.2059,0,0,0,0
665.239,0.2059,0,0,0,0
665.267,0.2059,0,0,0,0
665.304,0.2059,0,0,0,0
665.335,0.2059,0,0,0,0
665.371,0.2059,0,0,0,0
665.402,0.2059,0,0,0,0
665.437,0.2059,0,0,0,0
665.471,0.2059,0,0,0,0
665.505,0.2059,0,0,0,0
665.540,0.2059,0,0,0,0
665.568,0.2059,0,0,0,0
665.604,0.2059,0,0,0,0
665.638,0.2059,0,0,0,0
665.673,0.2059,0,0,0,0
665.702,0.2059,0,0,0,0
665.735,0.2059,0,0,0,0
665.769,0.2059,0,0,0,0
665.802,0.2059,0,0,0,0
665.837,0.2059,0,0,0,0
665.867,0.2059,0,0,0,0
665.902,0.2059,0,0,0,0
665.935,0.2059,0,0,0,0
665.969,0.2059,0,0,0,0
666.004,0.2059,0,0,0,0
666.039,0.2059,0,0,0,0
666.072,0.2059,0,0,0,0
666.101,0.2059,0,0,0,0
666.135,0.2059,0,0,0,0
666.169,0.2059,0,0,0,0
666.203,0.2059,0,0,0,0
666.240,0.2059,0,0,0,0
666.269,0.2059,0,0,0,0
666.303,0.2059,0,0,0,0
666.337,0.2059,0,0,0,0
666.371,0.2059,0,0,0,0
666.401,0.2059,0,0,0,0
666.435,0.2059,0,0,0,0
666.470,0.2059,0,0,0,0
666.502,0.2059,0,0,0,0
666.538,0.2059,0,0,0,0
666.572,0.2059,0,0,0,0
666.607,0.2059,0,0,0,0
666.636,0.2059,0,0,0,0
666.669,0.2059,0,0,0,0
666.704,0.2059,0,0,0,0
666.739,0.2059,0,0,0,0
666.768,0.2059,0,0,0,0
666.803,0.2059,0,0,0,0
666.837,0.2059,0,0,0,0
666.871,0.2059,0,0,0,0
666.902,0.2059,0,0,0,0
666.936,0.2059,0,0,0,0
666.969,0.2059,0,0,0,0
667.005,0.2059,0,0,0,0
667.041,0.2059,0,0,0,0
667.073,0.2059,0,0,0,0
667.102,0.2059,0,0,0,0
667.137,0.2059,0,0,0,0
667.170,0.2059,0,0,0,0
667.205,0.2059,0,0,0,0
667.240,0.2059,0,0,0,0
667.268,0.2059,0,0,0,0
667.305,0.2059,0,0,0,0
667.340,0.2059,0,0,0,0
667.368,0.2059,0,0,0,0
667.402,0.2059,0,0,0,0
667.437,0.2059,0,0,0,0
667.472,0.2059,0,0,0,0
667.501,0.2059,0,0,0,0
667.535,0.2059,0,0,0,0
667.568,0.2059,0,0,0,0
667.602,0.2059,0,0,0,0
667.637,0.2059,0,0,0,0
667.672,0.2059,0,0,0,0
667.702,0.2059,0,0,0,0
667.735,0.2059,0,0,0,0
667.769,0.2059,0,0,0,0
667.804,0.2059,0,0,0,0
667.834,0.2059,0,0,0,0
667.869,0.2059,0,0,0,0
667.904,0.2059,0,0,0,0
667.936,0.2059,0,0,0,0
667.971,0.2059,0,0,0,0
668.005,0.2059,0,0,0,0
668.039,0.2059,0,0,0,0
668.068,0.2059,0,0,0,0
668.102,0.2059,0,0,0,0
668.137,0.2059,0,0,0,0
668.172,0.2059,0,0,0,0
668.204,0.2059,0,0,0,0
668.238,0.2059,0,0,0,0
668.272,0.2059,0,0,0,0
668.308,0.2059,0,0,0,0
668.337,0.2059,0,0,0,0
668.370,0.2059,0,0,0,0
668.405,0.2059,0,0,0,0
668.435,0.2059,0,0,0,0
668.468,0.2059,0,0,0,0
668.502,0.2059,0,0,0,0
668.537,0.2059,0,0,0,0
668.571,0.2059,0,0,0,0
668.603,0.2059,0,0,0,0
668.638,0.2059,0,0,0,0
668.672,0.2059,0,0,0,0
668.707,0.2059,0,0,0,0
668.735,0.2059,0,0,0,0
668.769,0.2059,0,0,0,0
668.804,0.2059,0,0,0,0
668.834,0.2059,0,0,0,0
668.869,0.2059,0,0,0,0
668.902,0.2059,0,0,0,0
668.938,0.2059,0,0,0,0
668.971,0.2059,0,0,0,0
669.005,0.2059,0,0,0,0
669.035,0.2059,0,0,0,0
669.068,0.2059,0,0,0,0
669.104,0.2059,0,0,0,0
669.134,0.2059,0,0,0,0
669.168,0.2059,0,0,0,0
669.202,0.2059,0,0,0,0
669.236,0.2059,0,0,0,0
669.269,0.2059,0,0,0,0
669.303,0.2059,0,0,0,0
669.336,0.2059,0,0,0,0
669.372,0.2059,0,0,0,0
669.402,0.2059,0,0,0,0
669.435,0.2059,0,0,0,0
669.470,0.2059,0,0,0,0
669.504,0.2059,0,0,0,0
669.537,0.2059,0,0,0,0
669.568,0.2059,0,0,0,0
669.602,0.2059,0,0,0,0
669.635,0.2059,0,0,0,0
669.670,0.2059,0,0,0,0
669.704,0.2059,0,0,0,0
669.740,0.2059,0,0,0,0
669.770,0.2059,0,0,0,0
669.803,0.2059,0,0,0,0
669.837,0.2059,0,0,0,0
669.870,0.2059,0,0,0,0
669.904,0.2059,0,0,0,0
669.934,0.2059,0,0,0,0
669.972,0.2059,0,0,0,0
670.007,0.2059,0,0,0,0
670.039,0.2059,0,0,0,0
670.068,0.2059,0,0,0,0
670.102,0.2059,0,0,0,0
670.137,0.2059,0,0,0,0
670.172,0.2059,0,0,0,0
670.201,0.2059,0,0,0,0
670.235,0.2059,0,0,0,0
670.269,0.2059,0,0,0,0
670.302,0.2059,0,0,0,0
670.336,0.2059,0,0,0,0
670.371,0.2059,0,0,0,0
670.400,0.2059,0,0,0,0
670.435,0.2059,0,0,0,0
670.469,0.2059,0,0,0,0
670.503,0.2059,0,0,0,0
670.538,0.2059,0,0,0,0
670.572,0.2059,0,0,0,0
670.602,0.2059,0,0,0,0
670.636,0.2059,0,0,0,0
670.669,0.2059,0,0,0,0
670.704,0.2059,0,0,0,0
670.737,0.2059,0,0,0,0
670.771,0.2059,0,0,0,0
670.802,0.2059,0,0,0,0
670.835,0.2059,0,0,0,0
670.870,0.2059,0,0,0,0
670.904,0.2059,0,0,0,0
670.937,0.2059,0,0,0,0
670.968,0.2059,0,0,0,0
671.003,0.2059,0,0,0,0
671.036,0.2059,0,0,0,0
671.071,0.2059,0,0,0,0
671.105,0.2059,0,0,0,0
671.141,0.2059,0,0,0,0
671.170,0.2059,0,0,0,0
671.203,0.2059,0,0,0,0
671.237,0.2059,0,0,0,0
671.270,0.2059,0,0,0,0
671.304,0.2059,0,0,0,0
671.335,0.2059,0,0,0,0
671.366,0.2059,0,0,0,0
671.401,0.2059,0,0,0,0
671.435,0.2059,0,0,0,0
671.469,0.2059,0,0,0,0
671.504,0.2059,0,0,0,0
671.535,0.2059,0,0,0,0
671.570,0.2059,0,0,0,0
671.605,0.2059,0,0,0,0
671.639,0.2059,0,0,0,0
671.669,0.2059,0,0,0,0
671.703,0.2059,0,0,0,0
671.738,0.2059,0,0,0,0
671.772,0.2059,0,0,0,0
671.802,0.2059,0,0,0,0
671.835,0.2059,0,0,0,0
671.870,0.2059,0,0,0,0
671.902,0.2059,0,0,0,0
671.938,0.2059,0,0,0,0
671.972,0.2059,0,0,0,0
672.007,0.2059,0,0,0,0
672.036,0.2059,0,0,0,0
672.070,0.2059,0,0,0,0
672.104,0.2059,0,0,0,0
672.138,0.2059,0,0,0,0
672.171,0.2059,0,0,0,0
672.202,0.2059,0,0,0,0
672.237,0.2059,0,0,0,0
672.270,0.2059,0,0,0,0
672.304,0.2059,0,0,0,0
672.338,0.2059,0,0,0,0
672.367,0.2059,0,0,0,0
672.403,0.2059,0,0,0,0
672.437,0.2059,0,0,0,0
672.472,0.2059,0,0,0,0
672.502,0.2059,0,0,0,0
672.535,0.2059,0,0,0,0
672.569,0.2059,0,0,0,0
672.602,0.2059,0,0,0,0
672.636,0.2059,0,0,0,0
672.673,0.2059,0,0,0,0
672.702,0.2059,0,0,0,0
672.740,0.2059,0,0,0,0
672.772,0.2059,0,0,0,0
672.802,0.2059,0,0,0,0
672.835,0.2059,0,0,0,0
672.870,0.2059,0,0,0,0
672.902,0.2059,0,0,0,0
672.935,0.2059,0,0,0,0
672.970,0.2059,0,0,0,0
673.006,0.2059,0,0,0,0
673.035,0.2059,0,0,0,0
673.070,0.2059,0,0,0,0
673.105,0.2059,0,0,0,0
673.137,0.2059,0,0,0,0
673.167,0.2059,0,0,0,0
673.202,0.2059,0,0,0,0
673.235,0.2059,0,0,0,0
673.271,0.2059,0,0,0,0
673.305,0.2059,0,0,0,0
673.340,0.2059,0,0,0,0
673.369,0.2059,0,0,0,0
673.402,0.2059,0,0,0,0
673.437,0.2059,0,0,0,0
673.472,0.2059,0,0,0,0
673.501,0.2059,0,0,0,0
673.535,0.2059,0,0,0,0
673.569,0.2059,0,0,0,0
673.602,0.2059,0,0,0,0
673.637,0.2059,0,0,0,0
673.671,0.2059,0,0,0,0
673.706,0.2059,0,0,0,0
673.735,0.2059,0,0,0,0
673.770,0.2059,0,0,0,0
673.804,0.2059,0,0,0,0
673.837,0.2059,0,0,0,0
673.871,0.2059,0,0,0,0
673.901,0.2059,0,0,0,0
673.935,0.2059,0,0,0,0
673.968,0.2059,0,0,0,0
674.003,0.2059,0,0,0,0
674.037,0.2059,0,0,0,0
674.073,0.2059,0,0,0,0
674.107,0.2059,0,0,0,0
674.139,0.2059,0,0,0,0
674.175,0.2059,0,0,0,0
674.203,0.2059,0,0,0,0
674.237,0.2059,0,0,0,0
674.272,0.2059,0,0,0,0
674.300,0.2059,0,0,0,0
674.336,0.2059,0,0,0,0
674.369,0.2059,0,0,0,0
674.404,0.2059,0,0,0,0
674.439,0.2059,0,0,0,0
674.468,0.2059,0,0,0,0
674.503,0.2059,0,0,0,0
674.536,0.2059,0,0,0,0
674.571,0.2059,0,0,0,0
674.605,0.2059,0,0,0,0
674.637,0.2059,0,0,0,0
674.667,0.2059,0,0,0,0
674.703,0.2059,0,0,0,0
674.735,0.2059,0,0,0,0
674.770,0.2059,0,0,0,0
674.803,0.2059,0,0,0,0
674.839,0.2059,0,0,0,0
674.869,0.2059,0,0,0,0
674.902,0.2059,0,0,0,0
674.936,0.2059,0,0,0,0
674.971,0.2059,0,0,0,0
675.004,0.2059,0,0,0,0
675.038,0.2059,0,0,0,0
675.073,0.2059,0,0,0,0
675.108,0.2059,0,0,0,0
675.136,0.2059,0,0,0,0
675.170,0.2059,0,0,0,0
675.204,0.2059,0,0,0,0
675.238,0.2059,0,0,0,0
675.271,0.2059,0,0,0,0
675.304,0.2059,0,0,0,0
675.339,0.2059,0,0,0,0
675.370,0.2059,0,0,0,0
675.408,0.2059,0,0,0,0
675.436,0.2059,0,0,0,0
675.472,0.2059,0,0,0,0
675.507,0.2059,0,0,0,0
675.541,0.2059,0,0,0,0
675.571,0.2059,0,0,0,0
675.605,0.2059,0,0,0,0
675.640,0.2059,0,0,0,0
675.669,0.2059,0,0,0,0
675.702,0.2059,0,0,0,0
675.737,0.2059,0,0,0,0
675.772,0.2059,0,0,0,0
675.805,0.2059,0,0,0,0
675.835,0.2059,0,0,0,0
675.870,0.2059,0,0,0,0
675.903,0.2059,0,0,0,0
675.938,0.2059,0,0,0,0
675.971,0.2059,0,0,0,0
676.007,0.2059,0,0,0,0
676.036,0.2059,0,0,0,0
676.070,0.2059,0,0,0,0
676.105,0.2059,0,0,0,0
676.135,0.2059,0,0,0,0
676.168,0.2059,0,0,0,0
676.203,0.2059,0,0,0,0
676.238,0.2059,0,0,0,0
676.271,0.2059,0,0,0,0
676.301,0.2059,0,0,0,0
676.335,0.2059,0,0,0,0
676.368,0.2059,0,0,0,0
676.404,0.2059,0,0,0,0
676.438,0.2059,0,0,0,0
676.474,0.2059,0,0,0,0
676.502,0.2059,0,0,0,0
676.536,0.2059,0,0,0,0
676.572,0.2059,0,0,0,0
676.605,0.2059,0,0,0,0
676.635,0.2059,0,0,0,0
676.668,0.2059,0,0,0,0
676.702,0.2059,0,0,0,0
676.735,0.2059,0,0,0,0
676.771,0.2059,0,0,0,0
676.806,0.2059,0,0,0,0
676.835,0.2059,0,0,0,0
676.869,0.2059,0,0,0,0
676.903,0.2059,0,0,0,0
676.935,0.2059,0,0,0,0
676.972,0.2059,0,0,0,0
677.002,0.2059,0,0,0,0
677.035,0.2059,0,0,0,0
677.069,0.2059,0,0,0,0
677.103,0.2059,0,0,0,0
677.137,0.2059,0,0,0,0
677.167,0.2059,0,0,0,0
677.202,0.2059,0,0,0,0
677.235,0.2059,0,0,0,0
677.271,0.2059,0,0,0,0
677.304,0.2059,0,0,0,0
677.339,0.2059,0,0,0,0
677.369,0.2059,0,0,0,0
677.403,0.2059,0,0,0,0
677.437,0.2059,0,0,0,0
677.472,0.2059,0,0,0,0
677.506,0.2059,0,0,0,0
677.535,0.2059,0,0,0,0
677.568,0.2059,0,0,0,0
677.601,0.2059,0,0,0,0
677.637,0.2059,0,0,0,0
677.672,0.2059,0,0,0,0
677.706,0.2059,0,0,0,0
677.734,0.2059,0,0,0,0
677.768,0.2059,0,0,0,0
677.804,0.2059,0,0,0,0
677.837,0.2059,0,0,0,0
677.871,0.2059,0,0,0,0
677.905,0.2059,0,0,0,0
677.939,0.2059,0,0,0,0
677.975,0.2059,0,0,0,0
678.003,0.2059,0,0,0,0
678.037,0.2059,0,0,0,0
678.071,0.2059,0,0,0,0
678.105,0.2059,0,0,0,0
678.139,0.2059,0,0,0,0
678.174,0.2059,0,0,0,0
678.202,0.2059,0,0,0,0
678.237,0.2059,0,0,0,0
678.270,0.2059,0,0,0,0
678.305,0.2059,0,0,0,0
678.340,0.2059,0,0,0,0
678.373,0.2059,0,0,0,0
678.402,0.2059,0,0,0,0
678.436,0.2059,0,0,0,0
678.472,0.2059,0,0,0,0
678.503,0.2059,0,0,0,0
678.539,0.2059,0,0,0,0
678.568,0.2059,0,0,0,0
678.604,0.2059,0,0,0,0
678.637,0.2059,0,0,0,0
678.673,0.2059,0,0,0,0
678.705,0.2059,0,0,0,0
678.737,0.2059,0,0,0,0
678.770,0.2059,0,0,0,0
678.804,0.2059,0,0,0,0
678.839,0.2059,0,0,0,0
678.870,0.2059,0,0,0,0
678.904,0.2059,0,0,0,0
678.939,0.2059,0,0,0,0
678.972,0.2059,0,0,0,0
679.002,0.2059,0,0,0,0
679.039,0.2059,0,0,0,0
679.069,0.2059,0,0,0,0
679.104,0.2059,0,0,0,0
679.138,0.2059,0,0,0,0
679.168,0.2059,0,0,0,0
679.203,0.2059,0,0,0,0
679.236,0.2059,0,0,0,0
679.271,0.2059,0,0,0,0
679.304,0.2059,0,0,0,0
679.342,0.2059,0,0,0,0
679.367,0.2059,0,0,0,0
679.403,0.2059,0,0,0,0
679.437,0.2059,0,0,0,0
679.470,0.2059,0,0,0,0
679.502,0.2059,0,0,0,0
679.535,0.2059,0,0,0,0
679.571,0.2059,0,0,0,0
679.602,0.2059,0,0,0,0
679.635,0.2059,0,0,0,0
679.669,0.2059,0,0,0,0
679.702,0.2059,0,0,0,0
679.736,0.2059,0,0,0,0
679.769,0.2059,0,0,0,0
679.805,0.2059,0,0,0,0
679.839,0.2059,0,0,0,0
679.872,0.2059,0,0,0,0
679.907,0.2059,0,0,0,0
679.936,0.2059,0,0,0,0
679.970,0.2059,0,0,0,0
680.005,0.2059,0,0,0,0
680.035,0.2059,0,0,0,0
680.068,0.2059,0,0,0,0
680.103,0.2059,0,0,0,0
680.138,0.2059,0,0,0,0
680.171,0.2059,0,0,0,0
680.201,0.2059,0,0,0,0
680.239,0.2059,0,0,0,0
680.269,0.2059,0,0,0,0
680.305,0.2059,0,0,0,0
680.340,0.2059,0,0,0,0
680.368,0.2059,0,0,0,0
680.402,0.2059,0,0,0,0
680.437,0.2059,0,0,0,0
680.472,0.2059,0,0,0,0
680.505,0.2059,0,0,0,0
680.538,0.2059,0,0,0,0
680.573,0.2059,0,0,0,0
680.602,0.2059,0,0,0,0
680.637,0.2059,0,0,0,0
680.671,0.2059,0,0,0,0
680.706,0.2059,0,0,0,0
680.740,0.2059,0,0,0,0
680.769,0.2059,0,0,0,0
680.803,0.2059,0,0,0,0
680.837,0.2059,0,0,0,0
680.872,0.2059,0,0,0,0
680.902,0.2059,0,0,0,0
680.935,0.2059,0,0,0,0
680.969,0.2059,0,0,0,0
681.003,0.2059,0,0,0,0
681.039,0.2059,0,0,0,0
681.068,0.2059,0,0,0,0
681.102,0.2059,0,0,0,0
681.136,0.2059,0,0,0,0
681.171,0.2059,0,0,0,0
681.204,0.2059,0,0,0,0
681.235,0.2059,0,0,0,0
681.268,0.2059,0,0,0,0
681.302,0.2059,0,0,0,0
681.336,0.2059,0,0,0,0
681.371,0.2059,0,0,0,0
681.404,0.2059,0,0,0,0
681.435,0.2059,0,0,0,0
681.470,0.2059,0,0,0,0
681.502,0.2059,0,0,0,0
681.534,0.2059,0,0,0,0
681.568,0.2059,0,0,0,0
681.602,0.2059,0,0,0,0
681.638,0.2059,0,0,0,0
681.672,0.2059,0,0,0,0
681.701,0.2059,0,0,0,0
681.734,0.2059,0,0,0,0
681.768,0.2059,0,0,0,0
681.804,0.2059,0,0,0,0
681.838,0.2059,0,0,0,0
681.872,0.2059,0,0,0,0
681.901,0.2059,0,0,0,0
681.935,0.2059,0,0,0,0
681.969,0.2059,0,0,0,0
682.004,0.2059,0,0,0,0
682.038,0.2059,0,0,0,0
682.067,0.2059,0,0,0,0
682.102,0.2059,0,0,0,0
682.136,0.2059,0,0,0,0
682.170,0.2059,0,0,0,0
682.204,0.2059,0,0,0,0
682.239,0.2059,0,0,0,0
682.274,0.2059,0,0,0,0
682.303,0.2059,0,0,0,0
682.336,0.2059,0,0,0,0
682.371,0.2059,0,0,0,0
682.405,0.2059,0,0,0,0
682.438,0.2059,0,0,0,0
682.468,0.2059,0,0,0,0
682.503,0.2059,0,0,0,0
682.537,0.2059,0,0,0,0
682.568,0.2059,0,0,0,0
682.603,0.2059,0,0,0,0
682.636,0.2059,0,0,0,0
682.672,0.2059,0,0,0,0
682.705,0.2059,0,0,0,0
682.736,0.2059,0,0,0,0
682.767,0.2059,0,0,0,0
682.801,0.2059,0,0,0,0
682.835,0.2059,0,0,0,0
682.870,0.2059,0,0,0,0
682.903,0.2059,0,0,0,0
682.938,0.2059,0,0,0,0
682.971,0.2059,0,0,0,0
683.005,0.2059,0,0,0,0
683.036,0.2059,0,0,0,0
683.070,0.2059,0,0,0,0
683.105,0.2059,0,0,0,0
683.139,0.2059,0,0,0,0
683.168,0.2059,0,0,0,0
683.209,0.2059,0,0,0,0
683.236,0.2059,0,0,0,0
683.270,0.2059,0,0,0,0
683.304,0.2059,0,0,0,0
683.339,0.2059,0,0,0,0
683.368,0.2059,0,0,0,0
683.402,0.2059,0,0,0,0
683.436,0.2059,0,0,0,0
683.471,0.2059,0,0,0,0
683.504,0.2059,0,0,0,0
683.539,0.2059,0,0,0,0
683.569,0.2059,0,0,0,0
683.603,0.2059,0,0,0,0
683.638,0.2059,0,0,0,0
683.671,0.2059,0,0,0,0
683.700,0.2059,0,0,0,0
683.735,0.2059,0,0,0,0
683.767,0.2059,0,0,0,0
683.802,0.2059,0,0,0,0
683.836,0.2059,0,0,0,0
683.872,0.2059,0,0,0,0
683.901,0.2059,0,0,0,0
683.934,0.2059,0,0,0,0
683.969,0.2059,0,0,0,0
684.003,0.2059,0,0,0,0
684.035,0.2059,0,0,0,0
684.070,0.2059,0,0,0,0
684.104,0.2059,0,0,0,0
684.139,0.2059,0,0,0,0
684.171,0.2059,0,0,0,0
684.202,0.2059,0,0,0,0
684.235,0.2059,0,0,0,0
684.272,0.2059,0,0,0,0
684.302,0.2059,0,0,0,0
684.336,0.2059,0,0,0,0
684.372,0.2059,0,0,0,0
684.406,0.2059,0,0,0,0
684.434,0.2059,0,0,0,0
684.469,0.2059,0,0,0,0
684.503,0.2059,0,0,0,0
684.538,0.2059,0,0,0,0
684.567,0.2059,0,0,0,0
684.602,0.2059,0,0,0,0
684.635,0.2059,0,0,0,0
684.670,0.2059,0,0,0,0
684.705,0.2059,0,0,0,0
684.739,0.2059,0,0,0,0
684.768,0.2059,0,0,0,0
684.801,0.2059,0,0,0,0
684.835,0.2059,0,0,0,0
684.869,0.2059,0,0,0,0
684.902,0.2059,0,0,0,0
684.938,0.2059,0,0,0,0
684.971,0.2059,0,0,0,0
685.005,0.2059,0,0,0,0
685.035,0.2059,0,0,0,0
685.069,0.2059,0,0,0,0
685.102,0.2059,0,0,0,0
685.137,0.2059,0,0,0,0
685.169,0.2059,0,0,0,0
685.204,0.2059,0,0,0,0
685.238,0.2059,0,0,0,0
685.272,0.2059,0,0,0,0
685.303,0.2059,0,0,0,0
685.338,0.2059,0,0,0,0
685.368,0.2059,0,0,0,0
685.400,0.2059,0,0,0,0
685.437,0.2059,0,0,0,0
685.471,0.2059,0,0,0,0
685.502,0.2059,0,0,0,0
685.536,0.2059,0,0,0,0
685.569,0.2059,0,0,0,0
685.604,0.2059,0,0,0,0
685.635,0.2059,0,0,0,0
685.672,0.2059,0,0,0,0
685.701,0.2059,0,0,0,0
685.738,0.2059,0,0,0,0
685.775,0.2059,0,0,0,0
685.802,0.2059,0,0,0,0
685.837,0.2059,0,0,0,0
685.872,0.2059,0,0,0,0
685.901,0.2059,0,0,0,0
685.936,0.2059,0,0,0,0
685.969,0.2059,0,0,0,0
686.003,0.2059,0,0,0,0
686.037,0.2059,0,0,0,0
686.074,0.2059,0,0,0,0
686.103,0.2059,0,0,0,0
686.137,0.2059,0,0,0,0
686.172,0.2059,0,0,0,0
686.202,0.2059,0,0,0,0
686.236,0.2059,0,0,0,0
686.270,0.2059,0,0,0,0
686.304,0.2059,0,0,0,0
686.338,0.2059,0,0,0,0
686.368,0.2059,0,0,0,0
686.403,0.2059,0,0,0,0
686.435,0.2059,0,0,0,0
686.470,0.2059,0,0,0,0
686.503,0.2059,0,0,0,0
686.538,0.2059,0,0,0,0
686.568,0.2059,0,0,0,0
686.602,0.2059,0,0,0,0
686.636,0.2059,0,0,0,0
686.671,0.2059,0,0,0,0
686.704,0.2059,0,0,0,0
686.734,0.2059,0,0,0,0
686.768,0.2059,0,0,0,0
686.802,0.2059,0,0,0,0
686.838,0.2059,0,0,0,0
686.872,0.2059,0,0,0,0
686.908,0.2059,0,0,0,0
686.936,0.2059,0,0,0,0
686.969,0.2059,0,0,0,0
687.004,0.2059,0,0,0,0
687.036,0.2059,0,0,0,0
687.070,0.2059,0,0,0,0
687.102,0.2059,0,0,0,0
687.135,0.2059,0,0,0,0
687.170,0.2059,0,0,0,0
687.202,0.2059,0,0,0,0
687.235,0.2059,0,0,0,0
687.271,0.2059,0,0,0,0
687.301,0.2059,0,0,0,0
687.336,0.2059,0,0,0,0
687.370,0.2059,0,0,0,0
687.406,0.2059,0,0,0,0
687.435,0.2059,0,0,0,0
687.469,0.2059,0,0,0,0
687.503,0.2059,0,0,0,0
687.539,0.2059,0,0,0,0
687.571,0.2059,0,0,0,0
687.601,0.2059,0,0,0,0
687.635,0.2059,0,0,0,0
687.668,0.2059,0,0,0,0
687.700,0.2059,0,0,0,0
687.735,0.2059,0,0,0,0
687.768,0.2059,0,0,0,0
687.802,0.2059,0,0,0,0
687.835,0.2059,0,0,0,0
687.870,0.2059,0,0,0,0
687.904,0.2059,0,0,0,0
687.938,0.2059,0,0,0,0
687.969,0.2059,0,0,0,0
688.003,0.2059,0,0,0,0
688.036,0.2059,0,0,0,0
688.068,0.2059,0,0,0,0
688.101,0.2059,0,0,0,0
688.135,0.2059,0,0,0,0
688.172,0.2059,0,0,0,0
688.206,0.2059,0,0,0,0
688.241,0.2059,0,0,0,0
688.268,0.2059,0,0,0,0
688.302,0.2059,0,0,0,0
688.336,0.2059,0,0,0,0
688.369,0.2059,0,0,0,0
688.403,0.2059,0,0,0,0
688.438,0.2059,0,0,0,0
688.472,0.2059,0,0,0,0
688.501,0.2059,0,0,0,0
688.537,0.2059,0,0,0,0
688.572,0.2059,0,0,0,0
688.606,0.2059,0,0,0,0
688.636,0.2059,0,0,0,0
688.670,0.2059,0,0,0,0
688.702,0.2059,0,0,0,0
688.737,0.2059,0,0,0,0
688.772,0.2059,0,0,0,0
688.805,0.2059,0,0,0,0
688.835,0.2059,0,0,0,0
688.869,0.2059,0,0,0,0
688.903,0.2059,0,0,0,0
688.939,0.2059,0,0,0,0
688.971,0.2059,0,0,0,0
689.006,0.2059,0,0,0,0
689.035,0.2059,0,0,0,0
689.068,0.2059,0,0,0,0
689.104,0.2059,0,0,0,0
689.135,0.2059,0,0,0,0
689.169,0.2059,0,0,0,0
689.204,0.2059,0,0,0,0
689.238,0.2059,0,0,0,0
689.270,0.2059,0,0,0,0
689.301,0.2059,0,0,0,0
689.338,0.2059,0,0,0,0
689.374,0.2059,0,0,0,0
689.403,0.2059,0,0,0,0
689.437,0.2059,0,0,0,0
689.471,0.2059,0,0,0,0
689.504,0.2059,0,0,0,0
689.537,0.2059,0,0,0,0
689.568,0.2059,0,0,0,0
689.601,0.2059,0,0,0,0
689.635,0.2059,0,0,0,0
689.670,0.2059,0,0,0,0
689.704,0.2059,0,0,0,0
689.739,0.2059,0,0,0,0
689.768,0.2059,0,0,0,0
689.802,0.2059,0,0,0,0
689.836,0.2059,0,0,0,0
689.870,0.2059,0,0,0,0
689.904,0.2059,0,0,0,0
689.939,0.2059,0,0,0,0
689.969,0.2059,0,0,0,0
690.002,0.2059,0,0,0,0
690.037,0.2059,0,0,0,0
690.067,0.2059,0,0,0,0
690.102,0.2059,0,0,0,0
690.136,0.2059,0,0,0,0
690.171,0.2059,0,0,0,0
690.204,0.2059,0,0,0,0
690.237,0.2059,0,0,0,0
690.272,0.2059,0,0,0,0
690.306,0.2059,0,0,0,0
690.335,0.2059,0,0,0,0
690.370,0.2059,0,0,0,0
690.404,0.2059,0,0,0,0
690.434,0.2059,0,0,0,0
690.469,0.2059,0,0,0,0
690.502,0.2059,0,0,0,0
690.537,0.2059,0,0,0,0
690.571,0.2059,0,0,0,0
690.607,0.2059,0,0,0,0
690.636,0.2059,0,0,0,0
690.669,0.2059,0,0,0,0
690.704,0.2059,0,0,0,0
690.738,0.2059,0,0,0,0
690.770,0.2059,0,0,0,0
690.800,0.2059,0,0,0,0
690.834,0.2059,0,0,0,0
690.868,0.2059,0,0,0,0
690.903,0.2059,0,0,0,0
690.937,0.2059,0,0,0,0
690.972,0.2059,0,0,0,0
691.007,0.2059,0,0,0,0
691.036,0.2059,0,0,0,0
691.070,0.2059,0,0,0,0
691.104,0.2059,0,0,0,0
691.138,0.2059,0,0,0,0
691.172,0.2059,0,0,0,0
691.202,0.2059,0,0,0,0
691.235,0.2059,0,0,0,0
691.270,0.2059,0,0,0,0
691.304,0.2059,0,0,0,0
691.339,0.2059,0,0,0,0
691.368,0.2059,0,0,0,0
691.402,0.2059,0,0,0,0
691.435,0.2059,0,0,0,0
691.470,0.2059,0,0,0,0
691.504,0.2059,0,0,0,0
691.538,0.2059,0,0,0,0
691.569,0.2059,0,0,0,0
691.602,0.2059,0,0,0,0
691.637,0.2059,0,0,0,0
691.672,0.2059,0,0,0,0
691.705,0.2059,0,0,0,0
691.739,0.2059,0,0,0,0
691.772,0.2059,0,0,0,0
691.805,0.2059,0,0,0,0
691.835,0.2059,0,0,0,0
691.870,0.2059,0,0,0,0
691.904,0.2059,0,0,0,0
691.934,0.2059,0,0,0,0
691.968,0.2059,0,0,0,0
692.002,0.2059,0,0,0,0
692.036,0.2059,0,0,0,0
692.069,0.2059,0,0,0,0
692.105,0.2059,0,0,0,0
692.135,0.2059,0,0,0,0
692.168,0.2059,0,0,0,0
692.203,0.2059,0,0,0,0
692.237,0.2059,0,0,0,0
692.270,0.2059,0,0,0,0
692.301,0.2059,0,0,0,0
692.339,0.2059,0,0,0,0
692.368,0.2059,0,0,0,0
692.404,0.2059,0,0,0,0
692.437,0.2059,0,0,0,0
692.473,0.2059,0,0,0,0
692.503,0.2059,0,0,0,0
692.537,0.2059,0,0,0,0
692.572,0.2059,0,0,0,0
692.600,0.2059,0,0,0,0
692.634,0.2059,0,0,0,0
692.668,0.2059,0,0,0,0
692.701,0.2059,0,0,0,0
692.735,0.2059,0,0,0,0
692.769,0.2059,0,0,0,0
692.804,0.2059,0,0,0,0
692.838,0.2059,0,0,0,0
692.868,0.2059,0,0,0,0
692.903,0.2059,0,0,0,0
692.936,0.2059,0,0,0,0
692.969,0.2059,0,0,0,0
693.003,0.2059,0,0,0,0
693.039,0.2059,0,0,0,0
693.068,0.2059,0,0,0,0
693.103,0.2059,0,0,0,0
693.137,0.2059,0,0,0,0
693.172,0.2059,0,0,0,0
693.206,0.2059,0,0,0,0
693.237,0.2059,0,0,0,0
693.272,0.2059,0,0,0,0
693.306,0.2059,0,0,0,0
693.336,0.2059,0,0,0,0
693.372,0.2059,0,0,0,0
693.404,0.2059,0,0,0,0
693.435,0.2059,0,0,0,0
693.469,0.2059,0,0,0,0
693.502,0.2059,0,0,0,0
693.538,0.2059,0,0,0,0
693.572,0.2059,0,0,0,0
693.607,0.2059,0,0,0,0
693.636,0.2059,0,0,0,0
693.670,0.2059,0,0,0,0
693.706,0.2059,0,0,0,0
693.736,0.2059,0,0,0,0
693.775,0.2059,0,0,0,0
693.803,0.2059,0,0,0,0
693.838,0.2059,0,0,0,0
693.872,0.2059,0,0,0,0
693.907,0.2059,0,0,0,0
693.938,0.2059,0,0,0,0
693.971,0.2059,0,0,0,0
694.002,0.2059,0,0,0,0
694.036,0.2059,0,0,0,0
694.070,0.2059,0,0,0,0
694.104,0.2059,0,0,0,0
694.135,0.2059,0,0,0,0
694.170,0.2059,0,0,0,0
694.204,0.2059,0,0,0,0
694.237,0.2059,0,0,0,0
694.269,0.2059,0,0,0,0
694.303,0.2059,0,0,0,0
694.337,0.2059,0,0,0,0
694.372,0.2059,0,0,0,0
694.405,0.2059,0,0,0,0
694.440,0.2059,0,0,0,0
694.469,0.2059,0,0,0,0
694.503,0.2059,0,0,0,0
694.538,0.2059,0,0,0,0
694.572,0.2059,0,0,0,0
694.602,0.2059,0,0,0,0
694.636,0.2059,0,0,0,0
694.668,0.2059,0,0,0,0
694.702,0.2059,0,0,0,0
694.738,0.2059,0,0,0,0
694.770,0.2059,0,0,0,0
694.798,0.2059,0,0,0,0
694.835,0.2059,0,0,0,0
694.868,0.2059,0,0,0,0
694.909,0.2059,0,0,0,0
694.937,0.2059,0,0,0,0
694.972,0.2059,0,0,0,0
695.009,0.2059,0,0,0,0
695.036,0.2059,0,0,0,0
695.071,0.2059,0,0,0,0
695.106,0.2059,0,0,0,0
695.134,0.2059,0,0,0,0
695.169,0.2059,0,0,0,0
695.202,0.2059,0,0,0,0
695.235,0.2059,0,0,0,0
695.268,0.2059,0,0,0,0
695.300,0.2059,0,0,0,0
695.336,0.2059,0,0,0,0
695.369,0.2059,0,0,0,0
695.405,0.2059,0,0,0,0
695.435,0.2059,0,0,0,0
695.471,0.2059,0,0,0,0
695.505,0.2059,0,0,0,0
695.536,0.2059,0,0,0,0
695.572,0.2059,0,0,0,0
695.605,0.2059,0,0,0,0
695.635,0.2059,0,0,0,0
695.670,0.2059,0,0,0,0
695.702,0.2059,0,0,0,0
695.737,0.2059,0,0,0,0
695.770,0.2059,0,0,0,0
695.806,0.2059,0,0,0,0
695.835,0.2059,0,0,0,0
695.869,0.2059,0,0,0,0
695.904,0.2059,0,0,0,0
695.936,0.2059,0,0,0,0
695.971,0.2059,0,0,0,0
696.000,0.2059,0,0,0,0
696.039,0.2059,0,0,0,0
696.068,0.2059,0,0,0,0
696.103,0.2059,0,0,0,0
696.139,0.2059,0,0,0,0
696.175,0.2059,0,0,0,0
696.202,0.2059,0,0,0,0
696.237,0.2059,0,0,0,0
696.271,0.2059,0,0,0,0
696.305,0.2059,0,0,0,0
696.334,0.2059,0,0,0,0
696.370,0.2059,0,0,0,0
696.403,0.2059,0,0,0,0
696.438,0.2059,0,0,0,0
696.470,0.2059,0,0,0,0
696.501,0.2059,0,0,0,0
696.536,0.2059,0,0,0,0
696.568,0.2059,0,0,0,0
696.604,0.2059,0,0,0,0
696.637,0.2059,0,0,0,0
696.673,0.2059,0,0,0,0
696.703,0.2059,0,0,0,0
696.736,0.2059,0,0,0,0
696.771,0.2059,0,0,0,0
696.801,0.2059,0,0,0,0
696.835,0.2059,0,0,0,0
696.870,0.2059,0,0,0,0
696.904,0.2059,0,0,0,0
696.937,0.2059,0,0,0,0
696.967,0.2059,0,0,0,0
697.005,0.2059,0,0,0,0
697.034,0.2059,0,0,0,0
697.070,0.2059,0,0,0,0
697.103,0.2059,0,0,0,0
697.139,0.2059,0,0,0,0
697.167,0.2059,0,0,0,0
697.201,0.2059,0,0,0,0
697.236,0.2059,0,0,0,0
697.270,0.2059,0,0,0,0
697.304,0.2059,0,0,0,0
697.339,0.2059,0,0,0,0
697.368,0.2059,0,0,0,0
697.401,0.2059,0,0,0,0
697.437,0.2059,0,0,0,0
697.472,0.2059,0,0,0,0
697.506,0.2059,0,0,0,0
697.535,0.2059,0,0,0,0
697.569,0.2059,0,0,0,0
697.602,0.2059,0,0,0,0
697.637,0.2059,0,0,0,0
697.671,0.2059,0,0,0,0
697.706,0.2059,0,0,0,0
697.735,0.2059,0,0,0,0
697.768,0.2059,0,0,0,0
697.803,0.2059,0,0,0,0
697.838,0.2059,0,0,0,0
697.871,0.2059,0,0,0,0
697.902,0.2059,0,0,0,0
697.939,0.2059,0,0,0,0
697.968,0.2059,0,0,0,0
697.998,0.2059,0,0,0,0
698.038,0.2059,0,0,0,0
698.070,0.2059,0,0,0,0
698.106,0.2059,0,0,0,0
698.135,0.2059,0,0,0,0
698.168,0.2059,0,0,0,0
698.204,0.2059,0,0,0,0
698.239,0.2059,0,0,0,0
698.271,0.2059,0,0,0,0
698.302,0.2059,0,0,0,0
698.336,0.2059,0,0,0,0
698.369,0.2059,0,0,0,0
698.404,0.2059,0,0,0,0
698.438,0.2059,0,0,0,0
698.473,0.2059,0,0,0,0
698.502,0.2059,0,0,0,0
698.537,0.2059,0,0,0,0
698.571,0.2059,0,0,0,0
698.604,0.2059,0,0,0,0
698.639,0.2059,0,0,0,0
698.669,0.2059,0,0,0,0
698.703,0.2059,0,0,0,0
698.736,0.2059,0,0,0,0
698.771,0.2059,0,0,0,0
698.805,0.2059,0,0,0,0
698.841,0.2059,0,0,0,0
698.868,0.2059,0,0,0,0
698.903,0.2059,0,0,0,0
698.937,0.2059,0,0,0,0
698.971,0.2059,0,0,0,0
699.005,0.2059,0,0,0,0
699.039,0.2059,0,0,0,0
699.068,0.2059,0,0,0,0
699.103,0.2059,0,0,0,0
699.139,0.2059,0,0,0,0
699.168,0.2059,0,0,0,0
699.202,0.2059,0,0,0,0
699.236,0.2059,0,0,0,0
699.271,0.2059,0,0,0,0
699.302,0.2059,0,0,0,0
699.339,0.2059,0,0,0,0
699.370,0.2059,0,0,0,0
699.404,0.2059,0,0,0,0
699.434,0.2059,0,0,0,0
699.469,0.2059,0,0,0,0
699.502,0.2059,0,0,0,0
699.537,0.2059,0,0,0,0
699.570,0.2059,0,0,0,0
699.606,0.2059,0,0,0,0
699.636,0.2059,0,0,0,0
699.669,0.2059,0,0,0,0
699.705,0.2059,0,0,0,0
699.734,0.2059,0,0,0,0
699.768,0.2059,0,0,0,0
699.803,0.2059,0,0,0,0
699.838,0.2059,0,0,0,0
699.871,0.2059,0,0,0,0
699.901,0.2059,0,0,0,0
699.939,0.2059,0,0,0,0
699.973,0.2059,0,0,0,0
700.003,0.2059,0,0,0,0
700.037,0.2059,0,0,0,0
700.072,0.2059,0,0,0,0
700.106,0.2059,0,0,0,0
700.134,0.2059,0,0,0,0
700.169,0.2059,0,0,0,0
700.202,0.2059,0,0,0,0
700.236,0.2059,0,0,0,0
700.270,0.2059,0,0,0,0
700.307,0.2059,0,0,0,0
700.335,0.2059,0,0,0,0
700.370,0.2059,0,0,0,0
700.405,0.2059,0,0,0,0
700.439,0.2059,0,0,0,0
700.468,0.2059,0,0,0,0
700.502,0.2059,0,0,0,0
700.536,0.2059,0,0,0,0
700.567,0.2059,0,0,0,0
700.602,0.2059,0,0,0,0
700.635,0.2059,0,0,0,0
700.669,0.2059,0,0,0,0
700.706,0.2059,0,0,0,0
700.740,0.2059,0,0,0,0
700.769,0.2059,0,0,0,0
700.803,0.2059,0,0,0,0
700.837,0.2059,0,0,0,0
700.867,0.2059,0,0,0,0
700.901,0.2059,0,0,0,0
700.936,0.2059,0,0,0,0
700.971,0.2059,0,0,0,0
701.000,0.2059,0,0,0,0
701.036,0.2059,0,0,0,0
701.071,0.2059,0,0,0,0
701.104,0.2059,0,0,0,0
701.135,0.2059,0,0,0,0
701.173,0.2059,0,0,0,0
701.202,0.2059,0,0,0,0
701.237,0.2059,0,0,0,0
701.270,0.2059,0,0,0,0
701.305,0.2059,0,0,0,0
701.337,0.2059,0,0,0,0
701.370,0.2059,0,0,0,0
701.402,0.2059,0,0,0,0
701.435,0.2059,0,0,0,0
701.471,0.2059,0,0,0,0
701.505,0.2059,0,0,0,0
701.534,0.2059,0,0,0,0
701.575,0.2059,0,0,0,0
701.602,0.2059,0,0,0,0
701.636,0.2059,0,0,0,0
701.671,0.2059,0,0,0,0
701.706,0.2059,0,0,0,0
701.735,0.2059,0,0,0,0
701.768,0.2059,0,0,0,0
701.804,0.2059,0,0,0,0
701.838,0.2059,0,0,0,0
701.873,0.2059,0,0,0,0
701.901,0.2059,0,0,0,0
701.936,0.2059,0,0,0,0
701.971,0.2059,0,0,0,0
702.006,0.2059,0,0,0,0
702.039,0.2059,0,0,0,0
702.073,0.2059,0,0,0,0
702.102,0.2059,0,0,0,0
702.135,0.2059,0,0,0,0
702.170,0.2059,0,0,0,0
702.205,0.2059,0,0,0,0
702.238,0.2059,0,0,0,0
702.268,0.2059,0,0,0,0
702.302,0.2059,0,0,0,0
702.336,0.2059,0,0,0,0
702.367,0.2059,0,0,0,0
702.405,0.2059,0,0,0,0
702.441,0.2059,0,0,0,0
702.470,0.2059,0,0,0,0
702.504,0.2059,0,0,0,0
702.538,0.2059,0,0,0,0
702.571,0.2059,0,0,0,0
702.605,0.2059,0,0,0,0
702.635,0.2059,0,0,0,0
702.668,0.2059,0,0,0,0
702.703,0.2059,0,0,0,0
702.738,0.2059,0,0,0,0
702.772,0.2059,0,0,0,0
702.807,0.2059,0,0,0,0
702.834,0.2059,0,0,0,0
702.870,0.2059,0,0,0,0
702.903,0.2059,0,0,0,0
702.938,0.2059,0,0,0,0
702.972,0.2059,0,0,0,0
703.003,0.2059,0,0,0,0
703.038,0.2059,0,0,0,0
703.072,0.2059,0,0,0,0
703.107,0.2059,0,0,0,0
703.133,0.2059,0,0,0,0
703.173,0.2059,0,0,0,0
703.211,0.2059,0,0,0,0
703.238,0.2059,0,0,0,0
703.275,0.2059,0,0,0,0
703.305,0.2059,0,0,0,0
703.340,0.2059,0,0,0,0
703.369,0.2059,0,0,0,0
703.403,0.2059,0,0,0,0
703.436,0.2059,0,0,0,0
703.468,0.2059,0,0,0,0
703.503,0.2059,0,0,0,0
703.535,0.2059,0,0,0,0
703.568,0.2059,0,0,0,0
703.603,0.2059,0,0,0,0
703.638,0.2059,0,0,0,0
703.669,0.2059,0,0,0,0
703.703,0.2059,0,0,0,0
703.737,0.2059,0,0,0,0
703.771,0.2059,0,0,0,0
703.802,0.2059,0,0,0,0
703.835,0.2059,0,0,0,0
703.870,0.2059,0,0,0,0
703.905,0.2059,0,0,0,0
703.940,0.2059,0,0,0,0
703.969,0.2059,0,0,0,0
704.003,0.2059,0,0,0,0
704.037,0.2059,0,0,0,0
704.072,0.2059,0,0,0,0
704.105,0.2059,0,0,0,0
704.134,0.2059,0,0,0,0
704.169,0.2059,0,0,0,0
704.202,0.2059,0,0,0,0
704.237,0.2059,0,0,0,0
704.271,0.2059,0,0,0,0
704.307,0.2059,0,0,0,0
704.336,0.2059,0,0,0,0
704.369,0.2059,0,0,0,0
704.404,0.2059,0,0,0,0
704.435,0.2059,0,0,0,0
704.468,0.2059,0,0,0,0
704.502,0.2059,0,0,0,0
704.537,0.2059,0,0,0,0
704.570,0.2059,0,0,0,0
704.601,0.2059,0,0,0,0
704.635,0.2059,0,0,0,0
704.668,0.2059,0,0,0,0
704.703,0.2059,0,0,0,0
704.738,0.2059,0,0,0,0
704.773,0.2059,0,0,0,0
704.805,0.2059,0,0,0,0
704.839,0.2059,0,0,0,0
704.869,0.2059,0,0,0,0
704.901,0.2059,0,0,0,0
704.935,0.2059,0,0,0,0
704.968,0.2059,0,0,0,0
705.003,0.2059,0,0,0,0
705.037,0.2059,0,0,0,0
705.072,0.2059,0,0,0,0
705.102,0.2059,0,0,0,0
705.135,0.2059,0,0,0,0
705.169,0.2059,0,0,0,0
705.203,0.2059,0,0,0,0
705.237,0.2059,0,0,0,0
705.271,0.2059,0,0,0,0
705.304,0.2059,0,0,0,0
705.338,0.2059,0,0,0,0
705.369,0.2059,0,0,0,0
705.407,0.2059,0,0,0,0
705.435,0.2059,0,0,0,0
705.471,0.2059,0,0,0,0
705.501,0.2059,0,0,0,0
705.535,0.2059,0,0,0,0
705.570,0.2059,0,0,0,0
705.605,0.2059,0,0,0,0
705.638,0.2059,0,0,0,0
705.667,0.2059,0,0,0,0
705.702,0.2059,0,0,0,0
705.741,0.2059,0,0,0,0
705.770,0.2059,0,0,0,0
705.803,0.2059,0,0,0,0
705.838,0.2059,0,0,0,0
705.868,0.2059,0,0,0,0
705.902,0.2059,0,0,0,0
705.936,0.2059,0,0,0,0
705.969,0.2059,0,0,0,0
706.005,0.2059,0,0,0,0
706.035,0.2059,0,0,0,0
706.068,0.2059,0,0,0,0
706.102,0.2059,0,0,0,0
706.137,0.2059,0,0,0,0
706.171,0.2059,0,0,0,0
706.207,0.2059,0,0,0,0
706.235,0.2059,0,0,0,0
706.269,0.2059,0,0,0,0
706.304,0.2059,0,0,0,0
706.338,0.2059,0,0,0,0
706.372,0.2059,0,0,0,0
706.402,0.2059,0,0,0,0
706.436,0.2059,0,0,0,0
706.470,0.2059,0,0,0,0
706.503,0.2059,0,0,0,0
706.533,0.2059,0,0,0,0
706.568,0.2059,0,0,0,0
706.602,0.2059,0,0,0,0
706.636,0.2059,0,0,0,0
706.669,0.2059,0,0,0,0
706.704,0.2059,0,0,0,0
706.734,0.2059,0,0,0,0
706.768,0.2059,0,0,0,0
706.803,0.2059,0,0,0,0
706.837,0.2059,0,0,0,0
706.870,0.2059,0,0,0,0
706.905,0.2059,0,0,0,0
706.934,0.2059,0,0,0,0
706.968,0.2059,0,0,0,0
707.004,0.2059,0,0,0,0
707.038,0.2059,0,0,0,0
707.067,0.2059,0,0,0,0
707.103,0.2059,0,0,0,0
707.137,0.2059,0,0,0,0
707.171,0.2059,0,0,0,0
707.204,0.2059,0,0,0,0
707.238,0.2059,0,0,0,0
707.268,0.2059,0,0,0,0
707.302,0.2059,0,0,0,0
707.335,0.2059,0,0,0,0
707.370,0.2059,0,0,0,0
707.406,0.2059,0,0,0,0
707.435,0.2059,0,0,0,0
707.470,0.2059,0,0,0,0
707.504,0.2059,0,0,0,0
707.539,0.2059,0,0,0,0
707.568,0.2059,0,0,0,0
707.603,0.2059,0,0,0,0
707.636,0.2059,0,0,0,0
707.671,0.2059,0,0,0,0
707.706,0.2059,0,0,0,0
707.737,0.2059,0,0,0,0
707.772,0.2059,0,0,0,0
707.802,0.2059,0,0,0,0
707.835,0.2059,0,0,0,0
707.870,0.2059,0,0,0,0
707.903,0.2059,0,0,0,0
707.939,0.2059,0,0,0,0
707.969,0.2059,0,0,0,0
708.002,0.2059,0,0,0,0
708.037,0.2059,0,0,0,0
708.068,0.2059,0,0,0,0
708.102,0.2059,0,0,0,0
708.137,0.2059,0,0,0,0
708.171,0.2059,0,0,0,0
708.203,0.2059,0,0,0,0
708.239,0.2059,0,0,0,0
708.272,0.2059,0,0,0,0
708.302,0.2059,0,0,0,0
708.336,0.2059,0,0,0,0
708.370,0.2059,0,0,0,0
708.406,0.2059,0,0,0,0
708.437,0.2059,0,0,0,0
708.470,0.2059,0,0,0,0
708.507,0.2059,0,0,0,0
708.535,0.2059,0,0,0,0
708.569,0.2059,0,0,0,0
708.603,0.2059,0,0,0,0
708.636,0.2059,0,0,0,0
708.670,0.2059,0,0,0,0
708.705,0.2059,0,0,0,0
708.735,0.2059,0,0,0,0
708.768,0.2059,0,0,0,0
708.804,0.2059,0,0,0,0
708.838,0.2059,0,0,0,0
708.872,0.2059,0,0,0,0
708.905,0.2059,0,0,0,0
708.935,0.2059,0,0,0,0
708.971,0.2059,0,0,0,0
709.005,0.2059,0,0,0,0
709.035,0.2059,0,0,0,0
709.071,0.2059,0,0,0,0
709.107,0.2059,0,0,0,0
709.140,0.2059,0,0,0,0
709.172,0.2059,0,0,0,0
709.199,0.2059,0,0,0,0
709.237,0.2059,0,0,0,0
709.268,0.2059,0,0,0,0
709.304,0.2059,0,0,0,0
709.337,0.2059,0,0,0,0
709.371,0.2059,0,0,0,0
709.402,0.2059,0,0,0,0
709.438,0.2059,0,0,0,0
709.467,0.2059,0,0,0,0
709.507,0.2059,0,0,0,0
709.539,0.2059,0,0,0,0
709.570,0.2059,0,0,0,0
709.604,0.2059,0,0,0,0
709.635,0.2059,0,0,0,0
709.668,0.2059,0,0,0,0
709.702,0.2059,0,0,0,0
709.737,0.2059,0,0,0,0
709.769,0.2059,0,0,0,0
709.805,0.2059,0,0,0,0
709.838,0.2059,0,0,0,0
709.873,0.2059,0,0,0,0
709.903,0.2059,0,0,0,0
709.936,0.2059,0,0,0,0
709.972,0.2059,0,0,0,0
710.002,0.2059,0,0,0,0
710.035,0.2059,0,0,0,0
710.070,0.2059,0,0,0,0
710.104,0.2059,0,0,0,0
710.136,0.2059,0,0,0,0
710.168,0.2059,0,0,0,0
710.201,0.2059,0,0,0,0
710.235,0.2059,0,0,0,0
710.270,0.2059,0,0,0,0
710.304,0.2059,0,0,0,0
710.339,0.2059,0,0,0,0
710.372,0.2059,0,0,0,0
710.402,0.2059,0,0,0,0
710.437,0.2059,0,0,0,0
710.470,0.2059,0,0,0,0
710.504,0.2059,0,0,0,0
710.538,0.2059,0,0,0,0
710.572,0.2059,0,0,0,0
710.601,0.2059,0,0,0,0
710.638,0.2059,0,0,0,0
710.668,0.2059,0,0,0,0
710.702,0.2059,0,0,0,0
710.740,0.2059,0,0,0,0
710.769,0.2059,0,0,0,0
710.802,0.2059,0,0,0,0
710.836,0.2059,0,0,0,0
710.872,0.2059,0,0,0,0
710.902,0.2059,0,0,0,0
710.937,0.2059,0,0,0,0
710.972,0.2059,0,0,0,0
711.005,0.2059,0,0,0,0
711.035,0.2059,0,0,0,0
711.069,0.2059,0,0,0,0
711.102,0.2059,0,0,0,0
711.137,0.2059,0,0,0,0
711.171,0.2059,0,0,0,0
711.206,0.2059,0,0,0,0
711.235,0.2059,0,0,0,0
711.268,0.2059,0,0,0,0
711.303,0.2059,0,0,0,0
711.338,0.2059,0,0,0,0
711.373,0.2059,0,0,0,0
711.402,0.2059,0,0,0,0
711.437,0.2059,0,0,0,0
711.470,0.2059,0,0,0,0
711.507,0.2059,0,0,0,0
711.539,0.2059,0,0,0,0
711.568,0.2059,0,0,0,0
711.603,0.2059,0,0,0,0
711.637,0.2059,0,0,0,0
711.667,0.2059,0,0,0,0
711.704,0.2059,0,0,0,0
711.738,0.2059,0,0,0,0
711.773,0.2059,0,0,0,0
711.802,0.2059,0,0,0,0
711.837,0.2059,0,0,0,0
711.872,0.2059,0,0,0,0
711.901,0.2059,0,0,0,0
711.936,0.2059,0,0,0,0
711.970,0.2059,0,0,0,0
712.004,0.2059,0,0,0,0
712.034,0.2059,0,0,0,0
712.068,0.2059,0,0,0,0
712.103,0.2059,0,0,0,0
712.141,0.2059,0,0,0,0
712.169,0.2059,0,0,0,0
712.204,0.2059,0,0,0,0
712.235,0.2059,0,0,0,0
712.268,0.2059,0,0,0,0
712.304,0.2059,0,0,0,0
712.334,0.2059,0,0,0,0
712.368,0.2059,0,0,0,0
712.402,0.2059,0,0,0,0
712.437,0.2059,0,0,0,0
712.470,0.2059,0,0,0,0
712.501,0.2059,0,0,0,0
712.534,0.2059,0,0,0,0
712.568,0.2059,0,0,0,0
712.603,0.2059,0,0,0,0
712.637,0.2059,0,0,0,0
712.673,0.2059,0,0,0,0
712.701,0.2059,0,0,0,0
712.736,0.2059,0,0,0,0
712.771,0.2059,0,0,0,0
712.806,0.2059,0,0,0,0
712.835,0.2059,0,0,0,0
712.868,0.2059,0,0,0,0
712.902,0.2059,0,0,0,0
712.936,0.2059,0,0,0,0
712.971,0.2059,0,0,0,0
713.001,0.2059,0,0,0,0
713.035,0.2059,0,0,0,0
713.068,0.2059,0,0,0,0
713.103,0.2059,0,0,0,0
713.137,0.2059,0,0,0,0
713.172,0.2059,0,0,0,0
713.202,0.2059,0,0,0,0
713.235,0.2059,0,0,0,0
713.269,0.2059,0,0,0,0
713.304,0.2059,0,0,0,0
713.340,0.2059,0,0,0,0
713.369,0.2059,0,0,0,0
713.402,0.2059,0,0,0,0
713.437,0.2059,0,0,0,0
713.471,0.2059,0,0,0,0
713.504,0.2059,0,0,0,0
713.535,0.2059,0,0,0,0
713.570,0.2059,0,0,0,0
713.605,0.2059,0,0,0,0
713.638,0.2059,0,0,0,0
713.673,0.2059,0,0,0,0
713.706,0.2059,0,0,0,0
713.735,0.2059,0,0,0,0
713.772,0.2059,0,0,0,0
713.802,0.2059,0,0,0,0
713.838,0.2059,0,0,0,0
713.868,0.2059,0,0,0,0
713.902,0.2059,0,0,0,0
713.936,0.2059,0,0,0,0
713.971,0.2059,0,0,0,0
714.006,0.2059,0,0,0,0
714.038,0.2059,0,0,0,0
714.072,0.2059,0,0,0,0
714.102,0.2059,0,0,0,0
714.135,0.2059,0,0,0,0
714.169,0.2059,0,0,0,0
714.204,0.2059,0,0,0,0
714.240,0.2059,0,0,0,0
714.268,0.2059,0,0,0,0
714.303,0.2059,0,0,0,0
714.337,0.2059,0,0,0,0
714.370,0.2059,0,0,0,0
714.405,0.2059,0,0,0,0
714.439,0.2059,0,0,0,0
714.473,0.2059,0,0,0,0
714.503,0.2059,0,0,0,0
714.537,0.2059,0,0,0,0
714.571,0.2059,0,0,0,0
714.601,0.2059,0,0,0,0
714.635,0.2059,0,0,0,0
714.669,0.2059,0,0,0,0
714.704,0.2059,0,0,0,0
714.738,0.2059,0,0,0,0
714.768,0.2059,0,0,0,0
714.803,0.2059,0,0,0,0
714.835,0.2059,0,0,0,0
714.871,0.2059,0,0,0,0
714.904,0.2059,0,0,0,0
714.938,0.2059,0,0,0,0
714.968,0.2059,0,0,0,0
715.001,0.2059,0,0,0,0
715.036,0.2059,0,0,0,0
715.071,0.2059,0,0,0,0
715.104,0.2059,0,0,0,0
715.138,0.2059,0,0,0,0
715.170,0.2059,0,0,0,0
715.204,0.2059,0,0,0,0
715.234,0.2059,0,0,0,0
715.272,0.2059,0,0,0,0
715.303,0.2059,0,0,0,0
715.339,0.2059,0,0,0,0
715.371,0.2059,0,0,0,0
715.402,0.2059,0,0,0,0
715.439,0.2059,0,0,0,0
715.469,0.2059,0,0,0,0
715.504,0.2059,0,0,0,0
715.537,0.2059,0,0,0,0
715.567,0.2059,0,0,0,0
715.602,0.2059,0,0,0,0
715.634,0.2059,0,0,0,0
715.670,0.2059,0,0,0,0
715.702,0.2059,0,0,0,0
715.737,0.2059,0,0,0,0
715.772,0.2059,0,0,0,0
715.806,0.2059,0,0,0,0
715.836,0.2059,0,0,0,0
715.870,0.2059,0,0,0,0
715.904,0.2059,0,0,0,0
715.934,0.2059,0,0,0,0
715.969,0.2059,0,0,0,0
716.002,0.2059,0,0,0,0
716.038,0.2059,0,0,0,0
716.072,0.2059,0,0,0,0
716.101,0.2059,0,0,0,0
716.136,0.2059,0,0,0,0
716.170,0.2059,0,0,0,0
716.204,0.2059,0,0,0,0
716.237,0.2059,0,0,0,0
716.271,0.2059,0,0,0,0
716.302,0.2059,0,0,0,0
716.335,0.2059,0,0,0,0
716.369,0.2059,0,0,0,0
716.405,0.2059,0,0,0,0
716.438,0.2059,0,0,0,0
716.473,0.2059,0,0,0,0
716.502,0.2059,0,0,0,0
716.536,0.2059,0,0,0,0
716.571,0.2059,0,0,0,0
716.605,0.2059,0,0,0,0
716.634,0.2059,0,0,0,0
716.669,0.2059,0,0,0,0
716.702,0.2059,0,0,0,0
716.737,0.2059,0,0,0,0
716.770,0.2059,0,0,0,0
716.801,0.2059,0,0,0,0
716.836,0.2059,0,0,0,0
716.868,0.2059,0,0,0,0
716.903,0.2059,0,0,0,0
716.936,0.2059,0,0,0,0
716.972,0.2059,0,0,0,0
717.002,0.2059,0,0,0,0
717.036,0.2059,0,0,0,0
717.072,0.2059,0,0,0,0
717.102,0.2059,0,0,0,0
717.136,0.2059,0,0,0,0
717.171,0.2059,0,0,0,0
717.202,0.2059,0,0,0,0
717.235,0.2059,0,0,0,0
717.270,0.2059,0,0,0,0
717.302,0.2059,0,0,0,0
717.335,0.2059,0,0,0,0
717.370,0.2059,0,0,0,0
717.404,0.2059,0,0,0,0
717.439,0.2059,0,0,0,0
717.467,0.2059,0,0,0,0
717.502,0.2059,0,0,0,0
717.537,0.2059,0,0,0,0
717.570,0.2059,0,0,0,0
717.604,0.2059,0,0,0,0
717.638,0.2059,0,0,0,0
717.667,0.2059,0,0,0,0
717.702,0.2059,0,0,0,0
717.738,0.2059,0,0,0,0
717.772,0.2059,0,0,0,0
717.805,0.2059,0,0,0,0
717.834,0.2059,0,0,0,0
717.869,0.2059,0,0,0,0
717.901,0.2059,0,0,0,0
717.936,0.2059,0,0,0,0
717.971,0.2059,0,0,0,0
718.006,0.2059,0,0,0,0
718.035,0.2059,0,0,0,0
718.069,0.2059,0,0,0,0
718.101,0.2059,0,0,0,0
718.137,0.2059,0,0,0,0
718.171,0.2059,0,0,0,0
718.206,0.2059,0,0,0,0
718.235,0.2059,0,0,0,0
718.268,0.2059,0,0,0,0
718.303,0.2059,0,0,0,0
718.338,0.2059,0,0,0,0
718.371,0.2059,0,0,0,0
718.402,0.2059,0,0,0,0
718.436,0.2059,0,0,0,0
718.469,0.2059,0,0,0,0
718.505,0.2059,0,0,0,0
718.539,0.2059,0,0,0,0
718.575,0.2059,0,0,0,0
718.603,0.2059,0,0,0,0
718.636,0.2059,0,0,0,0
718.671,0.2059,0,0,0,0
718.701,0.2059,0,0,0,0
718.735,0.2059,0,0,0,0
718.769,0.2059,0,0,0,0
718.802,0.2059,0,0,0,0
718.836,0.2059,0,0,0,0
718.872,0.2059,0,0,0,0
718.902,0.2059,0,0,0,0
718.935,0.2059,0,0,0,0
718.969,0.2059,0,0,0,0
719.004,0.2059,0,0,0,0
719.040,0.2059,0,0,0,0
719.069,0.2059,0,0,0,0
719.103,0.2059,0,0,0,0
719.138,0.2059,0,0,0,0
719.172,0.2059,0,0,0,0
719.202,0.2059,0,0,0,0
719.236,0.2059,0,0,0,0
719.270,0.2059,0,0,0,0
719.305,0.2059,0,0,0,0
719.338,0.2059,0,0,0,0
719.372,0.2059,0,0,0,0
719.407,0.2059,0,0,0,0
719.435,0.2059,0,0,0,0
719.469,0.2059,0,0,0,0
719.502,0.2059,0,0,0,0
719.539,0.2059,0,0,0,0
719.573,0.2059,0,0,0,0
719.606,0.2059,0,0,0,0
719.635,0.2059,0,0,0,0
719.670,0.2059,0,0,0,0
719.703,0.2059,0,0,0,0
719.738,0.2059,0,0,0,0
719.771,0.2059,0,0,0,0
719.806,0.2059,0,0,0,0
719.835,0.2059,0,0,0,0
719.868,0.2059,0,0,0,0
719.904,0.2059,0,0,0,0
719.934,0.2059,0,0,0,0
719.968,0.2059,0,0,0,0
720.003,0.2059,0,0,0,0
720.036,0.2059,0,0,0,0
720.069,0.2059,0,0,0,0
720.105,0.2059,0,0,0,0
720.139,0.2059,0,0,0,0
720.175,0.2059,0,0,0,0
720.202,0.2059,0,0,0,0
720.236,0.2059,0,0,0,0
720.272,0.2059,0,0,0,0
720.306,0.2059,0,0,0,0
720.335,0.2059,0,0,0,0
720.368,0.2059,0,0,0,0
720.403,0.2059,0,0,0,0
720.437,0.2059,0,0,0,0
720.471,0.2059,0,0,0,0
720.506,0.2059,0,0,0,0
720.535,0.2059,0,0,0,0
720.569,0.2059,0,0,0,0
720.603,0.2059,0,0,0,0
720.637,0.2059,0,0,0,0
720.672,0.2059,0,0,0,0
720.702,0.2059,0,0,0,0
720.735,0.2059,0,0,0,0
720.771,0.2059,0,0,0,0
720.804,0.2059,0,0,0,0
720.839,0.2059,0,0,0,0
720.873,0.2059,0,0,0,0
720.906,0.2059,0,0,0,0
720.936,0.2059,0,0,0,0
720.970,0.2059,0,0,0,0
721.002,0.2059,0,0,0,0
721.037,0.2059,0,0,0,0
721.072,0.2059,0,0,0,0
721.102,0.2059,0,0,0,0
721.135,0.2059,0,0,0,0
721.170,0.2059,0,0,0,0
721.203,0.2059,0,0,0,0
721.238,0.2059,0,0,0,0
721.273,0.2059,0,0,0,0
721.301,0.2059,0,0,0,0
721.338,0.2059,0,0,0,0
721.373,0.2059,0,0,0,0
721.409,0.2059,0,0,0,0
721.435,0.2059,0,0,0,0
721.469,0.2059,0,0,0,0
721.504,0.2059,0,0,0,0
721.538,0.2059,0,0,0,0
721.573,0.2059,0,0,0,0
721.601,0.2059,0,0,0,0
721.636,0.2059,0,0,0,0
721.671,0.2059,0,0,0,0
721.705,0.2059,0,0,0,0
721.734,0.2059,0,0,0,0
721.774,0.2059,0,0,0,0
721.802,0.2059,0,0,0,0
721.837,0.2059,0,0,0,0
721.871,0.2059,0,0,0,0
721.900,0.2059,0,0,0,0
721.936,0.2059,0,0,0,0
721.968,0.2059,0,0,0,0
722.003,0.2059,0,0,0,0
722.037,0.2059,0,0,0,0
722.071,0.2059,0,0,0,0
722.102,0.2059,0,0,0,0
722.135,0.2059,0,0,0,0
722.169,0.2059,0,0,0,0
722.204,0.2059,0,0,0,0
722.237,0.2059,0,0,0,0
722.272,0.2059,0,0,0,0
722.301,0.2059,0,0,0,0
722.335,0.2059,0,0,0,0
722.370,0.2059,0,0,0,0
722.403,0.2059,0,0,0,0
722.439,0.2059,0,0,0,0
722.468,0.2059,0,0,0,0
722.502,0.2059,0,0,0,0
722.536,0.2059,0,0,0,0
722.571,0.2059,0,0,0,0
722.605,0.2059,0,0,0,0
722.639,0.2059,0,0,0,0
722.672,0.2059,0,0,0,0
722.702,0.2059,0,0,0,0
722.737,0.2059,0,0,0,0
722.771,0.2059,0,0,0,0
722.806,0.2059,0,0,0,0
722.835,0.2059,0,0,0,0
722.869,0.2059,0,0,0,0
722.902,0.2059,0,0,0,0
722.937,0.2059,0,0,0,0
722.971,0.2059,0,0,0,0
723.005,0.2059,0,0,0,0
723.034,0.2059,0,0,0,0
723.069,0.2059,0,0,0,0
723.102,0.2059,0,0,0,0
723.137,0.2059,0,0,0,0
723.172,0.2059,0,0,0,0
723.205,0.2059,0,0,0,0
723.235,0.2059,0,0,0,0
723.268,0.2059,0,0,0,0
723.304,0.2059,0,0,0,0
723.339,0.2059,0,0,0,0
723.371,0.2059,0,0,0,0
723.402,0.2059,0,0,0,0
723.436,0.2059,0,0,0,0
723.469,0.2059,0,0,0,0
723.504,0.2059,0,0,0,0
723.538,0.2059,0,0,0,0
723.568,0.2059,0,0,0,0
723.603,0.2059,0,0,0,0
723.637,0.2059,0,0,0,0
723.672,0.2059,0,0,0,0
723.701,0.2059,0,0,0,0
723.735,0.2059,0,0,0,0
723.769,0.2059,0,0,0,0
723.803,0.2059,0,0,0,0
723.836,0.2059,0,0,0,0
723.872,0.2059,0,0,0,0
723.905,0.2059,0,0,0,0
723.940,0.2059,0,0,0,0
723.969,0.2059,0,0,0,0
724.002,0.2059,0,0,0,0
724.037,0.2059,0,0,0,0
724.070,0.2059,0,0,0,0
724.105,0.2059,0,0,0,0
724.135,0.2059,0,0,0,0
724.171,0.2059,0,0,0,0
724.202,0.2059,0,0,0,0
724.238,0.2059,0,0,0,0
724.273,0.2059,0,0,0,0
724.310,0.2059,0,0,0,0
724.339,0.2059,0,0,0,0
724.367,0.2059,0,0,0,0
724.403,0.2059,0,0,0,0
724.440,0.2059,0,0,0,0
724.472,0.2059,0,0,0,0
724.502,0.2059,0,0,0,0
724.535,0.2059,0,0,0,0
724.570,0.2059,0,0,0,0
724.602,0.2059,0,0,0,0
724.635,0.2059,0,0,0,0
724.671,0.2059,0,0,0,0
724.704,0.2059,0,0,0,0
724.741,0.2059,0,0,0,0
724.768,0.2059,0,0,0,0
724.803,0.2059,0,0,0,0
724.839,0.2059,0,0,0,0
724.872,0.2059,0,0,0,0
724.906,0.2059,0,0,0,0
724.935,0.2059,0,0,0,0
724.968,0.2059,0,0,0,0
725.002,0.2059,0,0,0,0
725.036,0.2059,0,0,0,0
725.071,0.2059,0,0,0,0
725.105,0.2059,0,0,0,0
725.139,0.2059,0,0,0,0
725.168,0.2059,0,0,0,0
725.201,0.2059,0,0,0,0
725.238,0.2059,0,0,0,0
725.272,0.2059,0,0,0,0
725.304,0.2059,0,0,0,0
725.337,0.2059,0,0,0,0
725.370,0.2059,0,0,0,0
725.401,0.2059,0,0,0,0
725.437,0.2059,0,0,0,0
725.467,0.2059,0,0,0,0
725.502,0.2059,0,0,0,0
725.535,0.2059,0,0,0,0
725.571,0.2059,0,0,0,0
725.604,0.2059,0,0,0,0
725.639,0.2059,0,0,0,0
725.669,0.2059,0,0,0,0
725.702,0.2059,0,0,0,0
725.737,0.2059,0,0,0,0
725.769,0.2059,0,0,0,0
725.806,0.2059,0,0,0,0
725.839,0.2059,0,0,0,0
725.868,0.2059,0,0,0,0
725.902,0.2059,0,0,0,0
725.936,0.2059,0,0,0,0
725.970,0.2059,0,0,0,0
726.009,0.2059,0,0,0,0
726.039,0.2059,0,0,0,0
726.068,0.2059,0,0,0,0
726.102,0.2059,0,0,0,0
726.136,0.2059,0,0,0,0
726.172,0.2059,0,0,0,0
726.202,0.2059,0,0,0,0
726.235,0.2059,0,0,0,0
726.270,0.2059,0,0,0,0
726.305,0.2059,0,0,0,0
726.340,0.2059,0,0,0,0
726.369,0.2059,0,0,0,0
726.402,0.2059,0,0,0,0
726.437,0.2059,0,0,0,0
726.472,0.2059,0,0,0,0
726.501,0.2059,0,0,0,0
726.535,0.2059,0,0,0,0
726.569,0.2059,0,0,0,0
726.602,0.2059,0,0,0,0
726.637,0.2059,0,0,0,0
726.670,0.2059,0,0,0,0
726.707,0.2059,0,0,0,0
726.736,0.2059,0,0,0,0
726.769,0.2059,0,0,0,0
726.804,0.2059,0,0,0,0
726.838,0.2059,0,0,0,0
726.871,0.2059,0,0,0,0
726.901,0.2059,0,0,0,0
726.935,0.2059,0,0,0,0
726.968,0.2059,0,0,0,0
727.004,0.2059,0,0,0,0
727.038,0.2059,0,0,0,0
727.073,0.2059,0,0,0,0
727.102,0.2059,0,0,0,0
727.135,0.2059,0,0,0,0
727.170,0.2059,0,0,0,0
727.204,0.2059,0,0,0,0
727.239,0.2059,0,0,0,0
727.268,0.2059,0,0,0,0
727.302,0.2059,0,0,0,0
727.338,0.2059,0,0,0,0
727.368,0.2059,0,0,0,0
727.405,0.2059,0,0,0,0
727.439,0.2059,0,0,0,0
727.468,0.2059,0,0,0,0
727.502,0.2059,0,0,0,0
727.536,0.2059,0,0,0,0
727.571,0.2059,0,0,0,0
727.600,0.2059,0,0,0,0
727.636,0.2059,0,0,0,0
727.668,0.2059,0,0,0,0
727.705,0.2059,0,0,0,0
727.735,0.2059,0,0,0,0
727.768,0.2059,0,0,0,0
727.801,0.2059,0,0,0,0
727.835,0.2059,0,0,0,0
727.874,0.2059,0,0,0,0
727.903,0.2059,0,0,0,0
727.936,0.2059,0,0,0,0
727.971,0.2059,0,0,0,0
728.001,0.2059,0,0,0,0
728.035,0.2059,0,0,0,0
728.070,0.2059,0,0,0,0
728.104,0.2059,0,0,0,0
728.138,0.2059,0,0,0,0
728.169,0.2059,0,0,0,0
728.202,0.2059,0,0,0,0
728.236,0.2059,0,0,0,0
728.267,0.2059,0,0,0,0
728.301,0.2059,0,0,0,0
728.341,0.2059,0,0,0,0
728.368,0.2059,0,0,0,0
728.403,0.2059,0,0,0,0
728.438,0.2059,0,0,0,0
728.472,0.2059,0,0,0,0
728.501,0.2059,0,0,0,0
728.535,0.2059,0,0,0,0
728.568,0.2059,0,0,0,0
728.602,0.2059,0,0,0,0
728.638,0.2059,0,0,0,0
728.667,0.2059,0,0,0,0
728.701,0.2059,0,0,0,0
728.735,0.2059,0,0,0,0
728.771,0.2059,0,0,0,0
728.804,0.2059,0,0,0,0
728.837,0.2059,0,0,0,0
728.867,0.2059,0,0,0,0
728.905,0.2059,0,0,0,0
728.940,0.2059,0,0,0,0
728.969,0.2059,0,0,0,0
729.003,0.2059,0,0,0,0
729.038,0.2059,0,0,0,0
729.072,0.2059,0,0,0,0
729.101,0.2059,0,0,0,0
729.137,0.2059,0,0,0,0
729.171,0.2059,0,0,0,0
729.205,0.2059,0,0,0,0
729.234,0.2059,0,0,0,0
729.269,0.2059,0,0,0,0
729.302,0.2059,0,0,0,0
729.337,0.2059,0,0,0,0
729.367,0.2059,0,0,0,0
729.402,0.2059,0,0,0,0
729.436,0.2059,0,0,0,0
729.471,0.2059,0,0,0,0
729.504,0.2059,0,0,0,0
729.539,0.2059,0,0,0,0
729.568,0.2059,0,0,0,0
729.602,0.2059,0,0,0,0
729.636,0.2059,0,0,0,0
729.670,0.2059,0,0,0,0
729.704,0.2059,0,0,0,0
729.734,0.2059,0,0,0,0
729.772,0.2059,0,0,0,0
729.803,0.2059,0,0,0,0
729.838,0.2059,0,0,0,0
729.871,0.2059,0,0,0,0
729.901,0.2059,0,0,0,0
729.936,0.2059,0,0,0,0
729.969,0.2059,0,0,0,0
730.004,0.2059,0,0,0,0
730.038,0.2059,0,0,0,0
730.073,0.2059,0,0,0,0
730.102,0.2059,0,0,0,0
730.140,0.2059,0,0,0,0
730.168,0.2059,0,0,0,0
730.203,0.2059,0,0,0,0
730.237,0.2059,0,0,0,0
730.272,0.2059,0,0,0,0
730.306,0.2059,0,0,0,0
730.335,0.2059,0,0,0,0
730.371,0.2059,0,0,0,0
730.404,0.2059,0,0,0,0
730.439,0.2059,0,0,0,0
730.473,0.2059,0,0,0,0
730.503,0.2059,0,0,0,0
730.536,0.2059,0,0,0,0
730.571,0.2059,0,0,0,0
730.601,0.2059,0,0,0,0
730.635,0.2059,0,0,0,0
730.669,0.2059,0,0,0,0
730.704,0.2059,0,0,0,0
730.738,0.2059,0,0,0,0
730.768,0.2059,0,0,0,0
730.803,0.2059,0,0,0,0
730.836,0.2059,0,0,0,0
730.870,0.2059,0,0,0,0
730.904,0.2059,0,0,0,0
730.939,0.2059,0,0,0,0
730.968,0.2059,0,0,0,0
731.002,0.2059,0,0,0,0
731.036,0.2059,0,0,0,0
731.070,0.2059,0,0,0,0
731.104,0.2059,0,0,0,0
731.134,0.2059,0,0,0,0
731.169,0.2059,0,0,0,0
731.203,0.2059,0,0,0,0
731.239,0.2059,0,0,0,0
731.272,0.2059,0,0,0,0
731.308,0.2059,0,0,0,0
731.336,0.2059,0,0,0,0
731.369,0.2059,0,0,0,0
731.403,0.2059,0,0,0,0
731.439,0.2059,0,0,0,0
731.471,0.2059,0,0,0,0
731.506,0.2059,0,0,0,0
731.538,0.2059,0,0,0,0
731.568,0.2059,0,0,0,0
731.602,0.2059,0,0,0,0
731.636,0.2059,0,0,0,0
731.670,0.2059,0,0,0,0
731.706,0.2059,0,0,0,0
731.735,0.2059,0,0,0,0
731.769,0.2059,0,0,0,0
731.805,0.2059,0,0,0,0
731.834,0.2059,0,0,0,0
731.868,0.2059,0,0,0,0
731.902,0.2059,0,0,0,0
731.936,0.2059,0,0,0,0
731.969,0.2059,0,0,0,0
732.005,0.2059,0,0,0,0
732.039,0.2059,0,0,0,0
732.072,0.2059,0,0,0,0
732.102,0.2059,0,0,0,0
732.135,0.2059,0,0,0,0
732.171,0.2059,0,0,0,0
732.202,0.2059,0,0,0,0
732.234,0.2059,0,0,0,0
732.269,0.2059,0,0,0,0
732.303,0.2059,0,0,0,0
732.336,0.2059,0,0,0,0
732.367,0.2059,0,0,0,0
732.403,0.2059,0,0,0,0
732.436,0.2059,0,0,0,0
732.471,0.2059,0,0,0,0
732.504,0.2059,0,0,0,0
732.540,0.2059,0,0,0,0
732.569,0.2059,0,0,0,0
732.602,0.2059,0,0,0,0
732.638,0.2059,0,0,0,0
732.668,0.2059,0,0,0,0
732.701,0.2059,0,0,0,0
732.736,0.2059,0,0,0,0
732.769,0.2059,0,0,0,0
732.803,0.2059,0,0,0,0
732.838,0.2059,0,0,0,0
732.872,0.2059,0,0,0,0
732.907,0.2059,0,0,0,0
732.938,0.2059,0,0,0,0
732.973,0.2059,0,0,0,0
733.001,0.2059,0,0,0,0
733.036,0.2059,0,0,0,0
733.071,0.2059,0,0,0,0
733.106,0.2059,0,0,0,0
733.135,0.2059,0,0,0,0
733.170,0.2059,0,0,0,0
733.204,0.2059,0,0,0,0
733.234,0.2059,0,0,0,0
733.269,0.2059,0,0,0,0
733.302,0.2059,0,0,0,0
733.338,0.2059,0,0,0,0
733.371,0.2059,0,0,0,0
733.405,0.2059,0,0,0,0
733.435,0.2059,0,0,0,0
733.468,0.2059,0,0,0,0
733.503,0.2059,0,0,0,0
733.537,0.2059,0,0,0,0
733.571,0.2059,0,0,0,0
733.600,0.2059,0,0,0,0
733.636,0.2059,0,0,0,0
733.669,0.2059,0,0,0,0
733.704,0.2059,0,0,0,0
733.737,0.2059,0,0,0,0
733.773,0.2059,0,0,0,0
733.802,0.2059,0,0,0,0
733.836,0.2059,0,0,0,0
733.871,0.2059,0,0,0,0
733.906,0.2059,0,0,0,0
733.939,0.2059,0,0,0,0
733.969,0.2059,0,0,0,0
734.001,0.2059,0,0,0,0
734.042,0.2059,0,0,0,0
734.070,0.2059,0,0,0,0
734.104,0.2059,0,0,0,0
734.139,0.2059,0,0,0,0
734.173,0.2059,0,0,0,0
734.202,0.2059,0,0,0,0
734.238,0.2059,0,0,0,0
734.273,0.2059,0,0,0,0
734.307,0.2059,0,0,0,0
734.340,0.2059,0,0,0,0
734.368,0.2059,0,0,0,0
734.402,0.2059,0,0,0,0
734.436,0.2059,0,0,0,0
734.471,0.2059,0,0,0,0
734.501,0.2059,0,0,0,0
734.535,0.2059,0,0,0,0
734.570,0.2059,0,0,0,0
734.605,0.2059,0,0,0,0
734.640,0.2059,0,0,0,0
734.669,0.2059,0,0,0,0
734.703,0.2059,0,0,0,0
734.737,0.2059,0,0,0,0
734.771,0.2059,0,0,0,0
734.805,0.2059,0,0,0,0
734.835,0.2059,0,0,0,0
734.870,0.2059,0,0,0,0
734.902,0.2059,0,0,0,0
734.938,0.2059,0,0,0,0
734.971,0.2059,0,0,0,0
735.005,0.2059,0,0,0,0
735.035,0.2059,0,0,0,0
735.069,0.2059,0,0,0,0
735.103,0.2059,0,0,0,0
735.138,0.2059,0,0,0,0
735.170,0.2059,0,0,0,0
735.204,0.2059,0,0,0,0
735.237,0.2059,0,0,0,0
735.272,0.2059,0,0,0,0
735.302,0.2059,0,0,0,0
735.338,0.2059,0,0,0,0
735.369,0.2059,0,0,0,0
735.402,0.2059,0,0,0,0
735.436,0.2059,0,0,0,0
735.471,0.2059,0,0,0,0
735.503,0.2059,0,0,0,0
735.537,0.2059,0,0,0,0
735.567,0.2059,0,0,0,0
735.606,0.2059,0,0,0,0
735.635,0.2059,0,0,0,0
735.668,0.2059,0,0,0,0
735.704,0.2059,0,0,0,0
735.739,0.2059,0,0,0,0
735.770,0.2059,0,0,0,0
735.805,0.2059,0,0,0,0
735.835,0.2059,0,0,0,0
735.869,0.2059,0,0,0,0
735.903,0.2059,0,0,0,0
735.938,0.2059,0,0,0,0
735.971,0.2059,0,0,0,0
736.001,0.2059,0,0,0,0
736.036,0.2059,0,0,0,0
736.068,0.2059,0,0,0,0
736.104,0.2059,0,0,0,0
736.138,0.2059,0,0,0,0
736.173,0.2059,0,0,0,0
736.202,0.2059,0,0,0,0
736.236,0.2059,0,0,0,0
736.271,0.2059,0,0,0,0
736.306,0.2059,0,0,0,0
736.335,0.2059,0,0,0,0
736.369,0.2059,0,0,0,0
736.404,0.2059,0,0,0,0
736.438,0.2059,0,0,0,0
736.469,0.2059,0,0,0,0
736.502,0.2059,0,0,0,0
736.536,0.2059,0,0,0,0
736.568,0.2059,0,0,0,0
736.602,0.2059,0,0,0,0
736.636,0.2059,0,0,0,0
736.671,0.2059,0,0,0,0
736.705,0.2059,0,0,0,0
736.740,0.2059,0,0,0,0
736.768,0.2059,0,0,0,0
736.802,0.2059,0,0,0,0
736.836,0.2059,0,0,0,0
736.871,0.2059,0,0,0,0
736.906,0.2059,0,0,0,0
736.941,0.2059,0,0,0,0
736.969,0.2059,0,0,0,0
737.002,0.2059,0,0,0,0
737.036,0.2059,0,0,0,0
737.070,0.2059,0,0,0,0
737.105,0.2059,0,0,0,0
737.136,0.2059,0,0,0,0
737.172,0.2059,0,0,0,0
737.204,0.2059,0,0,0,0
737.239,0.2059,0,0,0,0
737.268,0.2059,0,0,0,0
737.302,0.2059,0,0,0,0
737.336,0.2059,0,0,0,0
737.371,0.2059,0,0,0,0
737.403,0.2059,0,0,0,0
737.438,0.2059,0,0,0,0
737.472,0.2059,0,0,0,0
737.502,0.2059,0,0,0,0
737.537,0.2059,0,0,0,0
737.570,0.2059,0,0,0,0
737.606,0.2059,0,0,0,0
737.635,0.2059,0,0,0,0
737.669,0.2059,0,0,0,0
737.705,0.2059,0,0,0,0
737.738,0.2059,0,0,0,0
737.767,0.2059,0,0,0,0
737.802,0.2059,0,0,0,0
737.836,0.2059,0,0,0,0
737.872,0.2059,0,0,0,0
737.902,0.2059,0,0,0,0
737.935,0.2059,0,0,0,0
737.971,0.2059,0,0,0,0
738.006,0.2059,0,0,0,0
738.036,0.2059,0,0,0,0
738.071,0.2059,0,0,0,0
738.103,0.2059,0,0,0,0
738.133,0.2059,0,0,0,0
738.168,0.2059,0,0,0,0
738.200,0.2059,0,0,0,0
738.235,0.2059,0,0,0,0
738.268,0.2059,0,0,0,0
738.302,0.2059,0,0,0,0
738.337,0.2059,0,0,0,0
738.370,0.2059,0,0,0,0
738.401,0.2059,0,0,0,0
738.436,0.2059,0,0,0,0
738.469,0.2059,0,0,0,0
738.504,0.2059,0,0,0,0
738.537,0.2059,0,0,0,0
738.573,0.2059,0,0,0,0
738.600,0.2059,0,0,0,0
738.638,0.2059,0,0,0,0
738.670,0.2059,0,0,0,0
738.705,0.2059,0,0,0,0
738.738,0.2059,0,0,0,0
738.768,0.2059,0,0,0,0
738.802,0.2059,0,0,0,0
738.837,0.2059,0,0,0,0
738.871,0.2059,0,0,0,0
738.904,0.2059,0,0,0,0
738.939,0.2059,0,0,0,0
738.968,0.2059,0,0,0,0
739.002,0.2059,0,0,0,0
739.036,0.2059,0,0,0,0
739.072,0.2059,0,0,0,0
739.101,0.2059,0,0,0,0
739.135,0.2059,0,0,0,0
739.169,0.2059,0,0,0,0
739.204,0.2059,0,0,0,0
739.239,0.2059,0,0,0,0
739.268,0.2059,0,0,0,0
739.303,0.2059,0,0,0,0
739.339,0.2059,0,0,0,0
739.370,0.2059,0,0,0,0
739.407,0.2059,0,0,0,0
739.439,0.2059,0,0,0,0
739.472,0.2059,0,0,0,0
739.507,0.2059,0,0,0,0
739.536,0.2059,0,0,0,0
739.576,0.2059,0,0,0,0
739.601,0.2059,0,0,0,0
739.641,0.2059,0,0,0,0
739.670,0.2059,0,0,0,0
739.704,0.2059,0,0,0,0
739.738,0.2059,0,0,0,0
739.773,0.2059,0,0,0,0
739.802,0.2059,0,0,0,0
739.836,0.2059,0,0,0,0
739.869,0.2059,0,0,0,0
739.903,0.2059,0,0,0,0
739.939,0.2059,0,0,0,0
739.973,0.2059,0,0,0,0
740.002,0.2059,0,0,0,0
740.034,0.2059,0,0,0,0
740.070,0.2059,0,0,0,0
740.106,0.2059,0,0,0,0
740.139,0.2059,0,0,0,0
740.173,0.2059,0,0,0,0
740.198,0.2059,0,0,0,0
740.236,0.2059,0,0,0,0
740.270,0.2059,0,0,0,0
740.306,0.2059,0,0,0,0
740.338,0.2059,0,0,0,0
740.372,0.2059,0,0,0,0
740.402,0.2059,0,0,0,0
740.440,0.2059,0,0,0,0
740.469,0.2059,0,0,0,0
740.504,0.2059,0,0,0,0
740.536,0.2059,0,0,0,0
740.573,0.2059,0,0,0,0
740.602,0.2059,0,0,0,0
740.639,0.2059,0,0,0,0
740.673,0.2059,0,0,0,0
740.704,0.2059,0,0,0,0
740.735,0.2059,0,0,0,0
740.770,0.2059,0,0,0,0
740.806,0.2059,0,0,0,0
740.838,0.2059,0,0,0,0
740.870,0.2059,0,0,0,0
740.906,0.2059,0,0,0,0
740.935,0.2059,0,0,0,0
740.972,0.2059,0,0,0,0
741.005,0.2059,0,0,0,0
741.035,0.2059,0,0,0,0
741.071,0.2059,0,0,0,0
741.104,0.2059,0,0,0,0
741.140,0.2059,0,0,0,0
741.171,0.2059,0,0,0,0
741.207,0.2059,0,0,0,0
741.238,0.2059,0,0,0,0
741.273,0.2059,0,0,0,0
741.304,0.2059,0,0,0,0
741.334,0.2059,0,0,0,0
741.370,0.2059,0,0,0,0
741.405,0.2059,0,0,0,0
741.435,0.2059,0,0,0,0
741.472,0.2059,0,0,0,0
741.502,0.2059,0,0,0,0
741.539,0.2059,0,0,0,0
741.569,0.2059,0,0,0,0
741.602,0.2059,0,0,0,0
741.638,0.2059,0,0,0,0
741.672,0.2059,0,0,0,0
741.702,0.2059,0,0,0,0
741.735,0.2059,0,0,0,0
741.771,0.2059,0,0,0,0
741.805,0.2059,0,0,0,0
741.839,0.2059,0,0,0,0
741.868,0.2059,0,0,0,0
741.902,0.2059,0,0,0,0
741.937,0.2059,0,0,0,0
741.973,0.2059,0,0,0,0
742.002,0.2059,0,0,0,0
742.036,0.2059,0,0,0,0
742.071,0.2059,0,0,0,0
742.105,0.2059,0,0,0,0
742.134,0.2059,0,0,0,0
742.169,0.2059,0,0,0,0
742.202,0.2059,0,0,0,0
742.236,0.2059,0,0,0,0
742.270,0.2059,0,0,0,0
742.305,0.2059,0,0,0,0
742.340,0.2059,0,0,0,0
742.368,0.2059,0,0,0,0
742.403,0.2059,0,0,0,0
742.438,0.2059,0,0,0,0
742.472,0.2059,0,0,0,0
742.502,0.2059,0,0,0,0
742.537,0.2059,0,0,0,0
742.569,0.2059,0,0,0,0
742.605,0.2059,0,0,0,0
742.639,0.2059,0,0,0,0
742.667,0.2059,0,0,0,0
742.703,0.2059,0,0,0,0
742.736,0.2059,0,0,0,0
742.771,0.2059,0,0,0,0
742.806,0.2059,0,0,0,0
742.838,0.2059,0,0,0,0
742.869,0.2059,0,0,0,0
742.902,0.2059,0,0,0,0
742.935,0.2059,0,0,0,0
742.971,0.2059,0,0,0,0
743.006,0.2059,0,0,0,0
743.041,0.2059,0,0,0,0
743.068,0.2059,0,0,0,0
743.102,0.2059,0,0,0,0
743.137,0.2059,0,0,0,0
743.171,0.2059,0,0,0,0
743.203,0.2059,0,0,0,0
743.237,0.2059,0,0,0,0
743.272,0.2059,0,0,0,0
743.302,0.2059,0,0,0,0
743.336,0.2059,0,0,0,0
743.367,0.2059,0,0,0,0
743.403,0.2059,0,0,0,0
743.436,0.2059,0,0,0,0
743.471,0.2059,0,0,0,0
743.505,0.2059,0,0,0,0
743.540,0.2059,0,0,0,0
743.570,0.2059,0,0,0,0
743.603,0.2059,0,0,0,0
743.637,0.2059,0,0,0,0
743.672,0.2059,0,0,0,0
743.704,0.2059,0,0,0,0
743.739,0.2059,0,0,0,0
743.768,0.2059,0,0,0,0
743.802,0.2059,0,0,0,0
743.837,0.2059,0,0,0,0
743.870,0.2059,0,0,0,0
743.906,0.2059,0,0,0,0
743.936,0.2059,0,0,0,0
743.969,0.2059,0,0,0,0
744.004,0.2059,0,0,0,0
744.038,0.2059,0,0,0,0
744.071,0.2059,0,0,0,0
744.102,0.2059,0,0,0,0
744.136,0.2059,0,0,0,0
744.169,0.2059,0,0,0,0
744.204,0.2059,0,0,0,0
744.239,0.2059,0,0,0,0
744.274,0.2059,0,0,0,0
744.303,0.2059,0,0,0,0
744.337,0.2059,0,0,0,0
744.371,0.2059,0,0,0,0
744.404,0.2059,0,0,0,0
744.438,0.2059,0,0,0,0
744.468,0.2059,0,0,0,0
744.502,0.2059,0,0,0,0
744.535,0.2059,0,0,0,0
744.571,0.2059,0,0,0,0
744.602,0.2059,0,0,0,0
744.637,0.2059,0,0,0,0
744.670,0.2059,0,0,0,0
744.702,0.2059,0,0,0,0
744.737,0.2059,0,0,0,0
744.772,0.2059,0,0,0,0
744.802,0.2059,0,0,0,0
744.835,0.2059,0,0,0,0
744.870,0.2059,0,0,0,0
744.905,0.2059,0,0,0,0
744.937,0.2059,0,0,0,0
744.967,0.2059,0,0,0,0
745.002,0.2059,0,0,0,0
745.035,0.2059,0,0,0,0
745.071,0.2059,0,0,0,0
745.104,0.2059,0,0,0,0
745.140,0.2059,0,0,0,0
745.169,0.2059,0,0,0,0
745.201,0.2059,0,0,0,0
745.236,0.2059,0,0,0,0
745.270,0.2059,0,0,0,0
745.305,0.2059,0,0,0,0
745.336,0.2059,0,0,0,0
745.373,0.2059,0,0,0,0
745.403,0.2059,0,0,0,0
745.441,0.2059,0,0,0,0
745.468,0.2059,0,0,0,0
745.502,0.2059,0,0,0,0
745.540,0.2059,0,0,0,0
745.568,0.2059,0,0,0,0
745.602,0.2059,0,0,0,0
745.636,0.2059,0,0,0,0
745.669,0.2059,0,0,0,0
745.703,0.2059,0,0,0,0
745.737,0.2059,0,0,0,0
745.772,0.2059,0,0,0,0
745.807,0.2059,0,0,0,0
745.835,0.2059,0,0,0,0
745.870,0.2059,0,0,0,0
745.905,0.2059,0,0,0,0
745.934,0.2059,0,0,0,0
745.969,0.2059,0,0,0,0
746.002,0.2059,0,0,0,0
746.036,0.2059,0,0,0,0
746.071,0.2059,0,0,0,0
746.106,0.2059,0,0,0,0
746.136,0.2059,0,0,0,0
746.171,0.2059,0,0,0,0
746.205,0.2059,0,0,0,0
746.236,0.2059,0,0,0,0
746.271,0.2059,0,0,0,0
746.305,0.2059,0,0,0,0
746.335,0.2059,0,0,0,0
746.370,0.2059,0,0,0,0
746.404,0.2059,0,0,0,0
746.435,0.2059,0,0,0,0
746.468,0.2059,0,0,0,0
746.502,0.2059,0,0,0,0
746.538,0.2059,0,0,0,0
746.572,0.2059,0,0,0,0
746.607,0.2059,0,0,0,0
746.639,0.2059,0,0,0,0
746.668,0.2059,0,0,0,0
746.704,0.2059,0,0,0,0
746.738,0.2059,0,0,0,0
746.767,0.2059,0,0,0,0
746.801,0.2059,0,0,0,0
746.836,0.2059,0,0,0,0
746.869,0.2059,0,0,0,0
746.904,0.2059,0,0,0,0
746.939,0.2059,0,0,0,0
746.969,0.2059,0,0,0,0
747.002,0.2059,0,0,0,0
747.037,0.2059,0,0,0,0
747.072,0.2059,0,0,0,0
747.101,0.2059,0,0,0,0
747.136,0.2059,0,0,0,0
747.168,0.2059,0,0,0,0
747.203,0.2059,0,0,0,0
747.237,0.2059,0,0,0,0
747.271,0.2059,0,0,0,0
747.305,0.2059,0,0,0,0
747.339,0.2059,0,0,0,0
747.369,0.2059,0,0,0,0
747.403,0.2059,0,0,0,0
747.437,0.2059,0,0,0,0
747.472,0.2059,0,0,0,0
747.505,0.2059,0,0,0,0
747.541,0.2059,0,0,0,0
747.569,0.2059,0,0,0,0
747.602,0.2059,0,0,0,0
747.637,0.2059,0,0,0,0
747.674,0.2059,0,0,0,0
747.702,0.2059,0,0,0,0
747.735,0.2059,0,0,0,0
747.771,0.2059,0,0,0,0
747.805,0.2059,0,0,0,0
747.840,0.2059,0,0,0,0
747.868,0.2059,0,0,0,0
747.902,0.2059,0,0,0,0
747.937,0.2059,0,0,0,0
747.972,0.2059,0,0,0,0
748.001,0.2059,0,0,0,0
748.035,0.2059,0,0,0,0
748.069,0.2059,0,0,0,0
748.104,0.2059,0,0,0,0
748.140,0.2059,0,0,0,0
748.168,0.2059,0,0,0,0
748.202,0.2059,0,0,0,0
748.236,0.2059,0,0,0,0
748.271,0.2059,0,0,0,0
748.304,0.2059,0,0,0,0
748.338,0.2059,0,0,0,0
748.373,0.2059,0,0,0,0
748.402,0.2059,0,0,0,0
748.437,0.2059,0,0,0,0
748.471,0.2059,0,0,0,0
748.505,0.2059,0,0,0,0
748.534,0.2059,0,0,0,0
748.573,0.2059,0,0,0,0
748.602,0.2059,0,0,0,0
748.637,0.2059,0,0,0,0
748.671,0.2059,0,0,0,0
748.702,0.2059,0,0,0,0
748.735,0.2059,0,0,0,0
748.768,0.2059,0,0,0,0
748.804,0.2059,0,0,0,0
748.838,0.2059,0,0,0,0
748.873,0.2059,0,0,0,0
748.902,0.2059,0,0,0,0
748.935,0.2059,0,0,0,0
748.971,0.2059,0,0,0,0
749.005,0.2059,0,0,0,0
749.038,0.2059,0,0,0,0
749.068,0.2059,0,0,0,0
749.102,0.2059,0,0,0,0
749.136,0.2059,0,0,0,0
749.168,0.2059,0,0,0,0
749.202,0.2059,0,0,0,0
749.235,0.2059,0,0,0,0
749.269,0.2059,0,0,0,0
749.303,0.2059,0,0,0,0
749.338,0.2059,0,0,0,0
749.373,0.2059,0,0,0,0
749.402,0.2059,0,0,0,0
749.435,0.2059,0,0,0,0
749.469,0.2059,0,0,0,0
749.503,0.2059,0,0,0,0
749.538,0.2059,0,0,0,0
749.567,0.2059,0,0,0,0
749.602,0.2059,0,0,0,0
749.635,0.2059,0,0,0,0
749.670,0.2059,0,0,0,0
749.705,0.2059,0,0,0,0
749.740,0.2059,0,0,0,0
749.769,0.2059,0,0,0,0
749.802,0.2059,0,0,0,0
749.836,0.2059,0,0,0,0
749.872,0.2059,0,0,0,0
749.906,0.2059,0,0,0,0
749.935,0.2059,0,0,0,0
749.970,0.2059,0,0,0,0
750.002,0.2059,0,0,0,0
750.037,0.2059,0,0,0,0
750.070,0.2059,0,0,0,0
750.105,0.2059,0,0,0,0
750.135,0.2059,0,0,0,0
750.168,0.2059,0,0,0,0
750.203,0.2059,0,0,0,0
750.237,0.2059,0,0,0,0
750.271,0.2059,0,0,0,0
750.302,0.2059,0,0,0,0
750.335,0.2059,0,0,0,0
750.369,0.2059,0,0,0,0
750.406,0.2059,0,0,0,0
750.436,0.2059,0,0,0,0
750.468,0.2059,0,0,0,0
750.504,0.2059,0,0,0,0
750.538,0.2059,0,0,0,0
750.573,0.2059,0,0,0,0
750.601,0.2059,0,0,0,0
750.635,0.2059,0,0,0,0
750.669,0.2059,0,0,0,0
750.705,0.2059,0,0,0,0
750.738,0.2059,0,0,0,0
750.772,0.2059,0,0,0,0
750.802,0.2059,0,0,0,0
750.835,0.2059,0,0,0,0
750.869,0.2059,0,0,0,0
750.904,0.2059,0,0,0,0
750.938,0.2059,0,0,0,0
750.973,0.2059,0,0,0,0
751.002,0.2059,0,0,0,0
751.037,0.2059,0,0,0,0
751.071,0.2059,0,0,0,0
751.106,0.2059,0,0,0,0
751.139,0.2059,0,0,0,0
751.169,0.2059,0,0,0,0
751.204,0.2059,0,0,0,0
751.238,0.2059,0,0,0,0
751.267,0.2059,0,0,0,0
751.302,0.2059,0,0,0,0
751.335,0.2059,0,0,0,0
751.369,0.2059,0,0,0,0
751.403,0.2059,0,0,0,0
751.439,0.2059,0,0,0,0
751.468,0.2059,0,0,0,0
751.502,0.2059,0,0,0,0
751.537,0.2059,0,0,0,0
751.571,0.2059,0,0,0,0
751.604,0.2059,0,0,0,0
751.639,0.2059,0,0,0,0
751.673,0.2059,0,0,0,0
751.708,0.2059,0,0,0,0
751.736,0.2059,0,0,0,0
751.770,0.2059,0,0,0,0
751.806,0.2059,0,0,0,0
751.838,0.2059,0,0,0,0
751.871,0.2059,0,0,0,0
751.902,0.2059,0,0,0,0
751.935,0.2059,0,0,0,0
751.969,0.2059,0,0,0,0
752.005,0.2059,0,0,0,0
752.039,0.2059,0,0,0,0
752.068,0.2059,0,0,0,0
752.102,0.2059,0,0,0,0
752.137,0.2059,0,0,0,0
752.171,0.2059,0,0,0,0
752.201,0.2059,0,0,0,0
752.236,0.2059,0,0,0,0
752.268,0.2059,0,0,0,0
752.304,0.2059,0,0,0,0
752.340,0.2059,0,0,0,0
752.368,0.2059,0,0,0,0
752.403,0.2059,0,0,0,0
752.438,0.2059,0,0,0,0
752.470,0.2059,0,0,0,0
752.500,0.2059,0,0,0,0
752.535,0.2059,0,0,0,0
752.573,0.2059,0,0,0,0
752.602,0.2059,0,0,0,0
752.637,0.2059,0,0,0,0
752.672,0.2059,0,0,0,0
752.702,0.2059,0,0,0,0
752.736,0.2059,0,0,0,0
752.771,0.2059,0,0,0,0
752.805,0.2059,0,0,0,0
752.837,0.2059,0,0,0,0
752.868,0.2059,0,0,0,0
752.902,0.2059,0,0,0,0
752.935,0.2059,0,0,0,0
752.971,0.2059,0,0,0,0
753.005,0.2059,0,0,0,0
753.040,0.2059,0,0,0,0
753.068,0.2059,0,0,0,0
753.102,0.2059,0,0,0,0
753.137,0.2059,0,0,0,0
753.171,0.2059,0,0,0,0
753.205,0.2059,0,0,0,0
753.235,0.2059,0,0,0,0
753.269,0.2059,0,0,0,0
753.304,0.2059,0,0,0,0
753.340,0.2059,0,0,0,0
753.369,0.2059,0,0,0,0
753.402,0.2059,0,0,0,0
753.437,0.2059,0,0,0,0
753.472,0.2059,0,0,0,0
753.505,0.2059,0,0,0,0
753.534,0.2059,0,0,0,0
753.568,0.2059,0,0,0,0
753.602,0.2059,0,0,0,0
753.636,0.2059,0,0,0,0
753.671,0.2059,0,0,0,0
753.705,0.2059,0,0,0,0
753.739,0.2059,0,0,0,0
753.770,0.2059,0,0,0,0
753.809,0.2059,0,0,0,0
753.837,0.2059,0,0,0,0
753.871,0.2059,0,0,0,0
753.905,0.2059,0,0,0,0
753.935,0.2059,0,0,0,0
753.969,0.2059,0,0,0,0
754.006,0.2059,0,0,0,0
754.035,0.2059,0,0,0,0
754.069,0.2059,0,0,0,0
754.103,0.2059,0,0,0,0
754.137,0.2059,0,0,0,0
754.171,0.2059,0,0,0,0
754.202,0.2059,0,0,0,0
754.234,0.2059,0,0,0,0
754.275,0.2059,0,0,0,0
754.303,0.2059,0,0,0,0
754.337,0.2059,0,0,0,0
754.372,0.2059,0,0,0,0
754.406,0.2059,0,0,0,0
754.435,0.2059,0,0,0,0
754.470,0.2059,0,0,0,0
754.504,0.2059,0,0,0,0
754.538,0.2059,0,0,0,0
754.573,0.2059,0,0,0,0
754.602,0.2059,0,0,0,0
754.637,0.2059,0,0,0,0
754.669,0.2059,0,0,0,0
754.702,0.2059,0,0,0,0
754.738,0.2059,0,0,0,0
754.769,0.2059,0,0,0,0
754.803,0.2059,0,0,0,0
754.841,0.2059,0,0,0,0
754.871,0.2059,0,0,0,0
754.904,0.2059,0,0,0,0
754.938,0.2059,0,0,0,0
754.972,0.2059,0,0,0,0
755.005,0.2059,0,0,0,0
755.040,0.2059,0,0,0,0
755.072,0.2059,0,0,0,0
755.105,0.2059,0,0,0,0
755.140,0.2059,0,0,0,0
755.168,0.2059,0,0,0,0
755.201,0.2059,0,0,0,0
755.236,0.2059,0,0,0,0
755.270,0.2059,0,0,0,0
755.303,0.2059,0,0,0,0
755.342,0.2059,0,0,0,0
755.371,0.2059,0,0,0,0
755.401,0.2059,0,0,0,0
755.435,0.2059,0,0,0,0
755.470,0.2059,0,0,0,0
755.500,0.2059,0,0,0,0
755.535,0.2059,0,0,0,0
755.570,0.2059,0,0,0,0
755.605,0.2059,0,0,0,0
755.635,0.2059,0,0,0,0
755.668,0.2059,0,0,0,0
755.705,0.2059,0,0,0,0
755.735,0.2059,0,0,0,0
755.768,0.2059,0,0,0,0
755.802,0.2059,0,0,0,0
755.837,0.2059,0,0,0,0
755.870,0.2059,0,0,0,0
755.904,0.2059,0,0,0,0
755.938,0.2059,0,0,0,0
755.973,0.2059,0,0,0,0
756.002,0.2059,0,0,0,0
756.036,0.2059,0,0,0,0
756.070,0.2059,0,0,0,0
756.104,0.2059,0,0,0,0
756.138,0.2059,0,0,0,0
756.168,0.2059,0,0,0,0
756.203,0.2059,0,0,0,0
756.236,0.2059,0,0,0,0
756.272,0.2059,0,0,0,0
756.301,0.2059,0,0,0,0
756.335,0.2059,0,0,0,0
756.369,0.2059,0,0,0,0
756.403,0.2059,0,0,0,0
756.438,0.2059,0,0,0,0
756.468,0.2059,0,0,0,0
756.502,0.2059,0,0,0,0
756.536,0.2059,0,0,0,0
756.570,0.2059,0,0,0,0
756.603,0.2059,0,0,0,0
756.638,0.2059,0,0,0,0
756.671,0.2059,0,0,0,0
756.707,0.2059,0,0,0,0
756.736,0.2059,0,0,0,0
756.770,0.2059,0,0,0,0
756.804,0.2059,0,0,0,0
756.837,0.2059,0,0,0,0
756.871,0.2059,0,0,0,0
756.902,0.2059,0,0,0,0
756.939,0.2059,0,0,0,0
756.969,0.2059,0,0,0,0
757.000,0.2059,0,0,0,0
757.035,0.2059,0,0,0,0
757.069,0.2059,0,0,0,0
757.105,0.2059,0,0,0,0
757.134,0.2059,0,0,0,0
757.170,0.2059,0,0,0,0
757.205,0.2059,0,0,0,0
757.234,0.2059,0,0,0,0
757.269,0.2059,0,0,0,0
757.302,0.2059,0,0,0,0
757.338,0.2059,0,0,0,0
757.367,0.2059,0,0,0,0
757.401,0.2059,0,0,0,0
757.435,0.2059,0,0,0,0
757.469,0.2059,0,0,0,0
757.504,0.2059,0,0,0,0
757.539,0.2059,0,0,0,0
757.571,0.2059,0,0,0,0
757.602,0.2059,0,0,0,0
757.637,0.2059,0,0,0,0
757.671,0.2059,0,0,0,0
757.700,0.2059,0,0,0,0
757.736,0.2059,0,0,0,0
757.768,0.2059,0,0,0,0
757.804,0.2059,0,0,0,0
757.838,0.2059,0,0,0,0
757.873,0.2059,0,0,0,0
757.903,0.2059,0,0,0,0
757.936,0.2059,0,0,0,0
757.970,0.2059,0,0,0,0
758.004,0.2059,0,0,0,0
758.037,0.2059,0,0,0,0
758.067,0.2059,0,0,0,0
758.101,0.2059,0,0,0,0
758.140,0.2059,0,0,0,0
758.169,0.2059,0,0,0,0
758.203,0.2059,0,0,0,0
758.240,0.2059,0,0,0,0
758.268,0.2059,0,0,0,0
758.302,0.2059,0,0,0,0
758.338,0.2059,0,0,0,0
758.369,0.2059,0,0,0,0
758.404,0.2059,0,0,0,0
758.439,0.2059,0,0,0,0
758.468,0.2059,0,0,0,0
758.502,0.2059,0,0,0,0
758.536,0.2059,0,0,0,0
758.571,0.2059,0,0,0,0
758.606,0.2059,0,0,0,0
758.635,0.2059,0,0,0,0
758.671,0.2059,0,0,0,0
758.704,0.2059,0,0,0,0
758.739,0.2059,0,0,0,0
758.768,0.2059,0,0,0,0
758.802,0.2059,0,0,0,0
758.836,0.2059,0,0,0,0
758.871,0.2059,0,0,0,0
758.904,0.2059,0,0,0,0
758.934,0.2059,0,0,0,0
758.968,0.2059,0,0,0,0
759.002,0.2059,0,0,0,0
759.037,0.2059,0,0,0,0
759.071,0.2059,0,0,0,0
759.107,0.2059,0,0,0,0
759.136,0.2059,0,0,0,0
759.169,0.2059,0,0,0,0
759.204,0.2059,0,0,0,0
759.234,0.2059,0,0,0,0
759.268,0.2059,0,0,0,0
759.303,0.2059,0,0,0,0
759.338,0.2059,0,0,0,0
759.370,0.2059,0,0,0,0
759.400,0.2059,0,0,0,0
759.438,0.2059,0,0,0,0
759.474,0.2059,0,0,0,0
759.503,0.2059,0,0,0,0
759.537,0.2059,0,0,0,0
759.572,0.2059,0,0,0,0
759.605,0.2059,0,0,0,0
759.638,0.2059,0,0,0,0
759.668,0.2059,0,0,0,0
759.702,0.2059,0,0,0,0
759.733,0.2059,0,0,0,0
759.771,0.2059,0,0,0,0
759.803,0.2059,0,0,0,0
759.838,0.2059,0,0,0,0
759.868,0.2059,0,0,0,0
759.902,0.2059,0,0,0,0
759.935,0.2059,0,0,0,0
759.971,0.2059,0,0,0,0
760.002,0.2059,0,0,0,0
760.036,0.2059,0,0,0,0
760.071,0.2059,0,0,0,0
760.105,0.2059,0,0,0,0
760.139,0.2059,0,0,0,0
760.167,0.2059,0,0,0,0
760.202,0.2059,0,0,0,0
760.235,0.2059,0,0,0,0
760.271,0.2059,0,0,0,0
760.305,0.2059,0,0,0,0
760.339,0.2059,0,0,0,0
760.368,0.2059,0,0,0,0
760.402,0.2059,0,0,0,0
760.437,0.2059,0,0,0,0
760.471,0.2059,0,0,0,0
760.504,0.2059,0,0,0,0
760.534,0.2059,0,0,0,0
760.568,0.2059,0,0,0,0
760.601,0.2059,0,0,0,0
760.637,0.2059,0,0,0,0
760.671,0.2059,0,0,0,0
760.706,0.2059,0,0,0,0
760.735,0.2059,0,0,0,0
760.769,0.2059,0,0,0,0
760.803,0.2059,0,0,0,0
760.838,0.2059,0,0,0,0
760.872,0.2059,0,0,0,0
760.902,0.2059,0,0,0,0
760.936,0.2059,0,0,0,0
760.969,0.2059,0,0,0,0
761.005,0.2059,0,0,0,0
761.034,0.2059,0,0,0,0
761.068,0.2059,0,0,0,0
761.099,0.2059,0,0,0,0
761.137,0.2059,0,0,0,0
761.169,0.2059,0,0,0,0
761.205,0.2059,0,0,0,0
761.240,0.2059,0,0,0,0
761.268,0.2059,0,0,0,0
761.302,0.2059,0,0,0,0
761.337,0.2059,0,0,0,0
761.371,0.2059,0,0,0,0
761.406,0.2059,0,0,0,0
761.435,0.2059,0,0,0,0
761.470,0.2059,0,0,0,0
761.506,0.2059,0,0,0,0
761.535,0.2059,0,0,0,0
761.575,0.2059,0,0,0,0
761.603,0.2059,0,0,0,0
761.637,0.2059,0,0,0,0
761.672,0.2059,0,0,0,0
761.702,0.2059,0,0,0,0
761.735,0.2059,0,0,0,0
761.770,0.2059,0,0,0,0
761.804,0.2059,0,0,0,0
761.837,0.2059,0,0,0,0
761.871,0.2059,0,0,0,0
761.905,0.2059,0,0,0,0
761.935,0.2059,0,0,0,0
761.967,0.2059,0,0,0,0
762.003,0.2059,0,0,0,0
762.036,0.2059,0,0,0,0
762.068,0.2059,0,0,0,0
762.102,0.2059,0,0,0,0
762.135,0.2059,0,0,0,0
762.171,0.2059,0,0,0,0
762.205,0.2059,0,0,0,0
762.241,0.2059,0,0,0,0
762.268,0.2059,0,0,0,0
762.302,0.2059,0,0,0,0
762.337,0.2059,0,0,0,0
762.370,0.2059,0,0,0,0
762.404,0.2059,0,0,0,0
762.438,0.2059,0,0,0,0
762.473,0.2059,0,0,0,0
762.504,0.2059,0,0,0,0
762.535,0.2059,0,0,0,0
762.570,0.2059,0,0,0,0
762.604,0.2059,0,0,0,0
762.638,0.2059,0,0,0,0
762.668,0.2059,0,0,0,0
762.702,0.2059,0,0,0,0
762.737,0.2059,0,0,0,0
762.772,0.2059,0,0,0,0
762.805,0.2059,0,0,0,0
762.835,0.2059,0,0,0,0
762.870,0.2059,0,0,0,0
762.903,0.2059,0,0,0,0
762.937,0.2059,0,0,0,0
762.970,0.2059,0,0,0,0
763.006,0.2059,0,0,0,0
763.036,0.2059,0,0,0,0
763.069,0.2059,0,0,0,0
763.104,0.2059,0,0,0,0
763.138,0.2059,0,0,0,0
763.168,0.2059,0,0,0,0
763.209,0.2059,0,0,0,0
763.238,0.2059,0,0,0,0
763.269,0.2059,0,0,0,0
763.303,0.2059,0,0,0,0
763.338,0.2059,0,0,0,0
763.370,0.2059,0,0,0,0
763.402,0.2059,0,0,0,0
763.440,0.2059,0,0,0,0
763.468,0.2059,0,0,0,0
763.506,0.2059,0,0,0,0
763.535,0.2059,0,0,0,0
763.570,0.2059,0,0,0,0
763.602,0.2059,0,0,0,0
763.634,0.2059,0,0,0,0
763.670,0.2059,0,0,0,0
763.703,0.2059,0,0,0,0
763.739,0.2059,0,0,0,0
763.773,0.2059,0,0,0,0
763.801,0.2059,0,0,0,0
763.838,0.2059,0,0,0,0
763.871,0.2059,0,0,0,0
763.907,0.2059,0,0,0,0
763.935,0.2059,0,0,0,0
763.969,0.2059,0,0,0,0
764.002,0.2059,0,0,0,0
764.036,0.2059,0,0,0,0
764.070,0.2059,0,0,0,0
764.106,0.2059,0,0,0,0
764.135,0.2059,0,0,0,0
764.169,0.2059,0,0,0,0
764.203,0.2059,0,0,0,0
764.238,0.2059,0,0,0,0
764.267,0.2059,0,0,0,0
764.302,0.2059,0,0,0,0
764.336,0.2059,0,0,0,0
764.369,0.2059,0,0,0,0
764.404,0.2059,0,0,0,0
764.435,0.2059,0,0,0,0
764.469,0.2059,0,0,0,0
764.503,0.2059,0,0,0,0
764.537,0.2059,0,0,0,0
764.572,0.2059,0,0,0,0
764.601,0.2059,0,0,0,0
764.635,0.2059,0,0,0,0
764.668,0.2059,0,0,0,0
764.703,0.2059,0,0,0,0
764.737,0.2059,0,0,0,0
764.772,0.2059,0,0,0,0
764.802,0.2059,0,0,0,0
764.836,0.2059,0,0,0,0
764.870,0.2059,0,0,0,0
764.904,0.2059,0,0,0,0
764.936,0.2059,0,0,0,0
764.967,0.2059,0,0,0,0
765.002,0.2059,0,0,0,0
765.035,0.2059,0,0,0,0
765.071,0.2059,0,0,0,0
765.104,0.2059,0,0,0,0
765.138,0.2059,0,0,0,0
765.168,0.2059,0,0,0,0
765.202,0.2059,0,0,0,0
765.235,0.2059,0,0,0,0
765.270,0.2059,0,0,0,0
765.301,0.2059,0,0,0,0
765.335,0.2059,0,0,0,0
765.368,0.2059,0,0,0,0
765.403,0.2059,0,0,0,0
765.438,0.2059,0,0,0,0
765.468,0.2059,0,0,0,0
765.502,0.2059,0,0,0,0
765.539,0.2059,0,0,0,0
765.569,0.2059,0,0,0,0
765.603,0.2059,0,0,0,0
765.638,0.2059,0,0,0,0
765.672,0.2059,0,0,0,0
765.702,0.2059,0,0,0,0
765.735,0.2059,0,0,0,0
765.769,0.2059,0,0,0,0
765.804,0.2059,0,0,0,0
765.838,0.2059,0,0,0,0
765.867,0.2059,0,0,0,0
765.902,0.2059,0,0,0,0
765.937,0.2059,0,0,0,0
765.971,0.2059,0,0,0,0
766.005,0.2059,0,0,0,0
766.039,0.2059,0,0,0,0
766.068,0.2059,0,0,0,0
766.102,0.2059,0,0,0,0
766.136,0.2059,0,0,0,0
766.172,0.2059,0,0,0,0
766.205,0.2059,0,0,0,0
766.235,0.2059,0,0,0,0
766.270,0.2059,0,0,0,0
766.303,0.2059,0,0,0,0
766.337,0.2059,0,0,0,0
766.367,0.2059,0,0,0,0
766.408,0.2059,0,0,0,0
766.436,0.2059,0,0,0,0
766.470,0.2059,0,0,0,0
766.505,0.2059,0,0,0,0
766.535,0.2059,0,0,0,0
766.569,0.2059,0,0,0,0
766.604,0.2059,0,0,0,0
766.638,0.2059,0,0,0,0
766.671,0.2059,0,0,0,0
766.702,0.2059,0,0,0,0
766.734,0.2059,0,0,0,0
766.770,0.2059,0,0,0,0
766.802,0.2059,0,0,0,0
766.835,0.2059,0,0,0,0
766.869,0.2059,0,0,0,0
766.900,0.2059,0,0,0,0
766.935,0.2059,0,0,0,0
766.968,0.2059,0,0,0,0
767.002,0.2059,0,0,0,0
767.037,0.2059,0,0,0,0
767.072,0.2059,0,0,0,0
767.102,0.2059,0,0,0,0
767.136,0.2059,0,0,0,0
767.169,0.2059,0,0,0,0
767.203,0.2059,0,0,0,0
767.237,0.2059,0,0,0,0
767.267,0.2059,0,0,0,0
767.302,0.2059,0,0,0,0
767.336,0.2059,0,0,0,0
767.370,0.2059,0,0,0,0
767.405,0.2059,0,0,0,0
767.438,0.2059,0,0,0,0
767.468,0.2059,0,0,0,0
767.503,0.2059,0,0,0,0
767.536,0.2059,0,0,0,0
767.571,0.2059,0,0,0,0
767.605,0.2059,0,0,0,0
767.639,0.2059,0,0,0,0
767.669,0.2059,0,0,0,0
767.702,0.2059,0,0,0,0
767.737,0.2059,0,0,0,0
767.772,0.2059,0,0,0,0
767.806,0.2059,0,0,0,0
767.836,0.2059,0,0,0,0
767.870,0.2059,0,0,0,0
767.904,0.2059,0,0,0,0
767.939,0.2059,0,0,0,0
767.972,0.2059,0,0,0,0
768.008,0.2059,0,0,0,0
768.037,0.2059,0,0,0,0
768.070,0.2059,0,0,0,0
768.105,0.2059,0,0,0,0
768.135,0.2059,0,0,0,0
768.168,0.2059,0,0,0,0
768.202,0.2059,0,0,0,0
768.240,0.2059,0,0,0,0
768.269,0.2059,0,0,0,0
768.305,0.2059,0,0,0,0
768.339,0.2059,0,0,0,0
768.368,0.2059,0,0,0,0
768.402,0.2059,0,0,0,0
768.437,0.2059,0,0,0,0
768.471,0.2059,0,0,0,0
768.506,0.2059,0,0,0,0
768.535,0.2059,0,0,0,0
768.569,0.2059,0,0,0,0
768.605,0.2059,0,0,0,0
768.634,0.2059,0,0,0,0
768.674,0.2059,0,0,0,0
768.702,0.2059,0,0,0,0
768.736,0.2059,0,0,0,0
768.768,0.2059,0,0,0,0
768.803,0.2059,0,0,0,0
768.838,0.2059,0,0,0,0
768.870,0.2059,0,0,0,0
768.903,0.2059,0,0,0,0
768.936,0.2059,0,0,0,0
768.970,0.2059,0,0,0,0
769.004,0.2059,0,0,0,0
769.038,0.2059,0,0,0,0
769.068,0.2059,0,0,0,0
769.104,0.2059,0,0,0,0
769.138,0.2059,0,0,0,0
769.168,0.2059,0,0,0,0
769.203,0.2059,0,0,0,0
769.236,0.2059,0,0,0,0
769.270,0.2059,0,0,0,0
769.304,0.2059,0,0,0,0
769.340,0.2059,0,0,0,0
769.371,0.2059,0,0,0,0
769.401,0.2059,0,0,0,0
769.437,0.2059,0,0,0,0
769.468,0.2059,0,0,0,0
769.507,0.2059,0,0,0,0
769.537,0.2059,0,0,0,0
769.567,0.2059,0,0,0,0
769.603,0.2059,0,0,0,0
769.638,0.2059,0,0,0,0
769.670,0.2059,0,0,0,0
769.703,0.2059,0,0,0,0
769.738,0.2059,0,0,0,0
769.770,0.2059,0,0,0,0
769.801,0.2059,0,0,0,0
769.836,0.2059,0,0,0,0
769.871,0.2059,0,0,0,0
769.906,0.2059,0,0,0,0
769.934,0.2059,0,0,0,0
769.974,0.2059,0,0,0,0
769.999,0.2059,0,0,0,0
770.040,0.2059,0,0,0,0
770.072,0.2059,0,0,0,0
770.104,0.2059,0,0,0,0
770.135,0.2059,0,0,0,0
770.172,0.2059,0,0,0,0
770.203,0.2059,0,0,0,0
770.238,0.2059,0,0,0,0
770.270,0.2059,0,0,0,0
770.304,0.2059,0,0,0,0
770.339,0.2059,0,0,0,0
770.372,0.2059,0,0,0,0
770.403,0.2059,0,0,0,0
770.438,0.2059,0,0,0,0
770.473,0.2059,0,0,0,0
770.502,0.2059,0,0,0,0
770.537,0.2059,0,0,0,0
770.570,0.2059,0,0,0,0
770.602,0.2059,0,0,0,0
770.635,0.2059,0,0,0,0
770.669,0.2059,0,0,0,0
770.704,0.2059,0,0,0,0
770.739,0.2059,0,0,0,0
770.774,0.2059,0,0,0,0
770.802,0.2059,0,0,0,0
770.835,0.2059,0,0,0,0
770.871,0.2059,0,0,0,0
770.904,0.2059,0,0,0,0
770.938,0.2059,0,0,0,0
770.973,0.2059,0,0,0,0
771.002,0.2059,0,0,0,0
771.035,0.2059,0,0,0,0
771.071,0.2059,0,0,0,0
771.101,0.2059,0,0,0,0
771.135,0.2059,0,0,0,0
771.174,0.2059,0,0,0,0
771.203,0.2059,0,0,0,0
771.236,0.2059,0,0,0,0
771.272,0.2059,0,0,0,0
771.302,0.2059,0,0,0,0
771.336,0.2059,0,0,0,0
771.371,0.2059,0,0,0,0
771.405,0.2059,0,0,0,0
771.437,0.2059,0,0,0,0
771.468,0.2059,0,0,0,0
771.503,0.2059,0,0,0,0
771.536,0.2059,0,0,0,0
771.571,0.2059,0,0,0,0
771.605,0.2059,0,0,0,0
771.634,0.2059,0,0,0,0
771.670,0.2059,0,0,0,0
771.705,0.2059,0,0,0,0
771.739,0.2059,0,0,0,0
771.769,0.2059,0,0,0,0
771.802,0.2059,0,0,0,0
771.836,0.2059,0,0,0,0
771.871,0.2059,0,0,0,0
771.901,0.2059,0,0,0,0
771.935,0.2059,0,0,0,0
771.968,0.2059,0,0,0,0
772.001,0.2059,0,0,0,0
772.037,0.2059,0,0,0,0
772.071,0.2059,0,0,0,0
772.107,0.2059,0,0,0,0
772.135,0.2059,0,0,0,0
772.170,0.2059,0,0,0,0
772.204,0.2059,0,0,0,0
772.238,0.2059,0,0,0,0
772.268,0.2059,0,0,0,0
772.301,0.2059,0,0,0,0
772.336,0.2059,0,0,0,0
772.372,0.2059,0,0,0,0
772.401,0.2059,0,0,0,0
772.436,0.2059,0,0,0,0
772.471,0.2059,0,0,0,0
772.505,0.2059,0,0,0,0
772.539,0.2059,0,0,0,0
772.572,0.2059,0,0,0,0
772.605,0.2059,0,0,0,0
772.636,0.2059,0,0,0,0
772.669,0.2059,0,0,0,0
772.704,0.2059,0,0,0,0
772.739,0.2059,0,0,0,0
772.772,0.2059,0,0,0,0
772.802,0.2059,0,0,0,0
772.836,0.2059,0,0,0,0
772.872,0.2059,0,0,0,0
772.903,0.2059,0,0,0,0
772.937,0.2059,0,0,0,0
772.971,0.2059,0,0,0,0
773.002,0.2059,0,0,0,0
773.036,0.2059,0,0,0,0
773.068,0.2059,0,0,0,0
773.104,0.2059,0,0,0,0
773.137,0.2059,0,0,0,0
773.173,0.2059,0,0,0,0
773.201,0.2059,0,0,0,0
773.235,0.2059,0,0,0,0
773.270,0.2059,0,0,0,0
773.303,0.2059,0,0,0,0
773.336,0.2059,0,0,0,0
773.367,0.2059,0,0,0,0
773.402,0.2059,0,0,0,0
773.436,0.2059,0,0,0,0
773.471,0.2059,0,0,0,0
773.501,0.2059,0,0,0,0
773.534,0.2059,0,0,0,0
773.569,0.2059,0,0,0,0
773.603,0.2059,0,0,0,0
773.637,0.2059,0,0,0,0
773.667,0.2059,0,0,0,0
773.701,0.2059,0,0,0,0
773.735,0.2059,0,0,0,0
773.769,0.2059,0,0,0,0
773.803,0.2059,0,0,0,0
773.837,0.2059,0,0,0,0
773.872,0.2059,0,0,0,0
773.901,0.2059,0,0,0,0
773.936,0.2059,0,0,0,0
773.970,0.2059,0,0,0,0
774.003,0.2059,0,0,0,0
774.034,0.2059,0,0,0,0
774.069,0.2059,0,0,0,0
774.102,0.2059,0,0,0,0
774.136,0.2059,0,0,0,0
774.170,0.2059,0,0,0,0
774.204,0.2059,0,0,0,0
774.235,0.2059,0,0,0,0
774.270,0.2059,0,0,0,0
774.303,0.2059,0,0,0,0
774.334,0.2059,0,0,0,0
774.368,0.2059,0,0,0,0
774.402,0.2059,0,0,0,0
774.436,0.2059,0,0,0,0
774.470,0.2059,0,0,0,0
774.505,0.2059,0,0,0,0
774.538,0.2059,0,0,0,0
774.573,0.2059,0,0,0,0
774.603,0.2059,0,0,0,0
774.637,0.2059,0,0,0,0
774.671,0.2059,0,0,0,0
774.706,0.2059,0,0,0,0
774.735,0.2059,0,0,0,0
774.769,0.2059,0,0,0,0
774.803,0.2059,0,0,0,0
774.838,0.2059,0,0,0,0
774.872,0.2059,0,0,0,0
774.900,0.2059,0,0,0,0
774.935,0.2059,0,0,0,0
774.968,0.2059,0,0,0,0
775.002,0.2059,0,0,0,0
775.036,0.2059,0,0,0,0
775.071,0.2059,0,0,0,0
775.101,0.2059,0,0,0,0
775.135,0.2059,0,0,0,0
775.169,0.2059,0,0,0,0
775.203,0.2059,0,0,0,0
775.235,0.2059,0,0,0,0
775.270,0.2059,0,0,0,0
775.306,0.2059,0,0,0,0
775.336,0.2059,0,0,0,0
775.368,0.2059,0,0,0,0
775.405,0.2059,0,0,0,0
775.440,0.2059,0,0,0,0
775.470,0.2059,0,0,0,0
775.504,0.2059,0,0,0,0
775.538,0.2059,0,0,0,0
775.568,0.2059,0,0,0,0
775.601,0.2059,0,0,0,0
775.635,0.2059,0,0,0,0
775.670,0.2059,0,0,0,0
775.703,0.2059,0,0,0,0
775.738,0.2059,0,0,0,0
775.771,0.2059,0,0,0,0
775.806,0.2059,0,0,0,0
775.835,0.2059,0,0,0,0
775.871,0.2059,0,0,0,0
775.906,0.2059,0,0,0,0
775.935,0.2059,0,0,0,0
775.969,0.2059,0,0,0,0
776.003,0.2059,0,0,0,0
776.036,0.2059,0,0,0,0
776.071,0.2059,0,0,0,0
776.105,0.2059,0,0,0,0
776.139,0.2059,0,0,0,0
776.169,0.2059,0,0,0,0
776.202,0.2059,0,0,0,0
776.238,0.2059,0,0,0,0
776.268,0.2059,0,0,0,0
776.302,0.2059,0,0,0,0
776.336,0.2059,0,0,0,0
776.370,0.2059,0,0,0,0
776.405,0.2059,0,0,0,0
776.435,0.2059,0,0,0,0
776.469,0.2059,0,0,0,0
776.502,0.2059,0,0,0,0
776.538,0.2059,0,0,0,0
776.572,0.2059,0,0,0,0
776.607,0.2059,0,0,0,0
776.636,0.2059,0,0,0,0
776.669,0.2059,0,0,0,0
776.704,0.2059,0,0,0,0
776.738,0.2059,0,0,0,0
776.771,0.2059,0,0,0,0
776.801,0.2059,0,0,0,0
776.834,0.2059,0,0,0,0
776.868,0.2059,0,0,0,0
776.905,0.2059,0,0,0,0
776.939,0.2059,0,0,0,0
776.975,0.2059,0,0,0,0
777.002,0.2059,0,0,0,0
777.037,0.2059,0,0,0,0
777.069,0.2059,0,0,0,0
777.106,0.2059,0,0,0,0
777.135,0.2059,0,0,0,0
777.172,0.2059,0,0,0,0
777.201,0.2059,0,0,0,0
777.235,0.2059,0,0,0,0
777.268,0.2059,0,0,0,0
777.305,0.2059,0,0,0,0
777.335,0.2059,0,0,0,0
777.368,0.2059,0,0,0,0
777.405,0.2059,0,0,0,0
777.435,0.2059,0,0,0,0
777.468,0.2059,0,0,0,0
777.504,0.2059,0,0,0,0
777.537,0.2059,0,0,0,0
777.570,0.2059,0,0,0,0
777.601,0.2059,0,0,0,0
777.638,0.2059,0,0,0,0
777.668,0.2059,0,0,0,0
777.703,0.2059,0,0,0,0
777.736,0.2059,0,0,0,0
777.772,0.2059,0,0,0,0
777.801,0.2059,0,0,0,0
777.835,0.2059,0,0,0,0
777.870,0.2059,0,0,0,0
777.903,0.2059,0,0,0,0
777.938,0.2059,0,0,0,0
777.972,0.2059,0,0,0,0
778.001,0.2059,0,0,0,0
778.036,0.2059,0,0,0,0
778.069,0.2059,0,0,0,0
778.103,0.2059,0,0,0,0
778.135,0.2059,0,0,0,0
778.169,0.2059,0,0,0,0
778.203,0.2059,0,0,0,0
778.237,0.2059,0,0,0,0
778.273,0.2059,0,0,0,0
778.301,0.2059,0,0,0,0
778.335,0.2059,0,0,0,0
778.369,0.2059,0,0,0,0
778.403,0.2059,0,0,0,0
778.439,0.2059,0,0,0,0
778.468,0.2059,0,0,0,0
778.502,0.2059,0,0,0,0
778.537,0.2059,0,0,0,0
778.571,0.2059,0,0,0,0
778.606,0.2059,0,0,0,0
778.638,0.2059,0,0,0,0
778.673,0.2059,0,0,0,0
778.701,0.2059,0,0,0,0
778.737,0.2059,0,0,0,0
778.771,0.2059,0,0,0,0
778.806,0.2059,0,0,0,0
778.835,0.2059,0,0,0,0
778.868,0.2059,0,0,0,0
778.903,0.2059,0,0,0,0
778.937,0.2059,0,0,0,0
778.971,0.2059,0,0,0,0
779.002,0.2059,0,0,0,0
779.036,0.2059,0,0,0,0
779.069,0.2059,0,0,0,0
779.104,0.2059,0,0,0,0
779.138,0.2059,0,0,0,0
779.173,0.2059,0,0,0,0
779.203,0.2059,0,0,0,0
779.236,0.2059,0,0,0,0
779.271,0.2059,0,0,0,0
779.304,0.2059,0,0,0,0
779.339,0.2059,0,0,0,0
779.369,0.2059,0,0,0,0
779.402,0.2059,0,0,0,0
779.436,0.2059,0,0,0,0
779.471,0.2059,0,0,0,0
779.504,0.2059,0,0,0,0
779.542,0.2059,0,0,0,0
779.570,0.2059,0,0,0,0
779.604,0.2059,0,0,0,0
779.637,0.2059,0,0,0,0
779.670,0.2059,0,0,0,0
779.706,0.2059,0,0,0,0
779.734,0.2059,0,0,0,0
779.770,0.2059,0,0,0,0
779.804,0.2059,0,0,0,0
779.838,0.2059,0,0,0,0
779.867,0.2059,0,0,0,0
779.901,0.2059,0,0,0,0
779.936,0.2059,0,0,0,0
779.971,0.2059,0,0,0,0
780.005,0.2059,0,0,0,0
780.034,0.2059,0,0,0,0
780.068,0.2059,0,0,0,0
780.101,0.2059,0,0,0,0
780.138,0.2059,0,0,0,0
780.173,0.2059,0,0,0,0
780.201,0.2059,0,0,0,0
780.236,0.2059,0,0,0,0
780.270,0.2059,0,0,0,0
780.303,0.2059,0,0,0,0
780.333,0.2059,0,0,0,0
780.371,0.2059,0,0,0,0
780.407,0.2059,0,0,0,0
780.436,0.2059,0,0,0,0
780.470,0.2059,0,0,0,0
780.506,0.2059,0,0,0,0
780.535,0.2059,0,0,0,0
780.569,0.2059,0,0,0,0
780.606,0.2059,0,0,0,0
780.638,0.2059,0,0,0,0
780.672,0.2059,0,0,0,0
780.701,0.2059,0,0,0,0
780.736,0.2059,0,0,0,0
780.769,0.2059,0,0,0,0
780.804,0.2059,0,0,0,0
780.834,0.2059,0,0,0,0
780.868,0.2059,0,0,0,0
780.902,0.2059,0,0,0,0
780.937,0.2059,0,0,0,0
780.970,0.2059,0,0,0,0
781.001,0.2059,0,0,0,0
781.035,0.2059,0,0,0,0
781.068,0.2059,0,0,0,0
781.103,0.2059,0,0,0,0
781.136,0.2059,0,0,0,0
781.172,0.2059,0,0,0,0
781.201,0.2059,0,0,0,0
781.234,0.2059,0,0,0,0
781.269,0.2059,0,0,0,0
781.303,0.2059,0,0,0,0
781.336,0.2059,0,0,0,0
781.370,0.2059,0,0,0,0
781.404,0.2059,0,0,0,0
781.441,0.2059,0,0,0,0
781.470,0.2059,0,0,0,0
781.503,0.2059,0,0,0,0
781.537,0.2059,0,0,0,0
781.572,0.2059,0,0,0,0
781.605,0.2059,0,0,0,0
781.635,0.2059,0,0,0,0
781.671,0.2059,0,0,0,0
781.705,0.2059,0,0,0,0
781.739,0.2059,0,0,0,0
781.771,0.2059,0,0,0,0
781.805,0.2059,0,0,0,0
781.835,0.2059,0,0,0,0
781.869,0.2059,0,0,0,0
781.903,0.2059,0,0,0,0
781.938,0.2059,0,0,0,0
781.967,0.2059,0,0,0,0
782.001,0.2059,0,0,0,0
782.035,0.2059,0,0,0,0
782.070,0.2059,0,0,0,0
782.104,0.2059,0,0,0,0
782.138,0.2059,0,0,0,0
782.172,0.2059,0,0,0,0
782.201,0.2059,0,0,0,0
782.237,0.2059,0,0,0,0
782.271,0.2059,0,0,0,0
782.306,0.2059,0,0,0,0
782.335,0.2059,0,0,0,0
782.369,0.2059,0,0,0,0
782.404,0.2059,0,0,0,0
782.438,0.2059,0,0,0,0
782.472,0.2059,0,0,0,0
782.502,0.2059,0,0,0,0
782.536,0.2059,0,0,0,0
782.568,0.2059,0,0,0,0
782.604,0.2059,0,0,0,0
782.638,0.2059,0,0,0,0
782.675,0.2059,0,0,0,0
782.700,0.2059,0,0,0,0
782.739,0.2059,0,0,0,0
782.773,0.2059,0,0,0,0
782.802,0.2059,0,0,0,0
782.835,0.2059,0,0,0,0
782.870,0.2059,0,0,0,0
782.904,0.2059,0,0,0,0
782.937,0.2059,0,0,0,0
782.967,0.2059,0,0,0,0
783.006,0.2059,0,0,0,0
783.035,0.2059,0,0,0,0
783.071,0.2059,0,0,0,0
783.105,0.2059,0,0,0,0
783.134,0.2059,0,0,0,0
783.168,0.2059,0,0,0,0
783.203,0.2059,0,0,0,0
783.235,0.2059,0,0,0,0
783.270,0.2059,0,0,0,0
783.305,0.2059,0,0,0,0
783.334,0.2059,0,0,0,0
783.369,0.2059,0,0,0,0
783.404,0.2059,0,0,0,0
783.439,0.2059,0,0,0,0
783.468,0.2059,0,0,0,0
783.503,0.2059,0,0,0,0
783.536,0.2059,0,0,0,0
783.572,0.2059,0,0,0,0
783.602,0.2059,0,0,0,0
783.635,0.2059,0,0,0,0
783.670,0.2059,0,0,0,0
783.702,0.2059,0,0,0,0
783.737,0.2059,0,0,0,0
783.771,0.2059,0,0,0,0
783.805,0.2059,0,0,0,0
783.835,0.2059,0,0,0,0
783.870,0.2059,0,0,0,0
783.904,0.2059,0,0,0,0
783.934,0.2059,0,0,0,0
783.968,0.2059,0,0,0,0
784.001,0.2059,0,0,0,0
784.036,0.2059,0,0,0,0
784.069,0.2059,0,0,0,0
784.104,0.2059,0,0,0,0
784.138,0.2059,0,0,0,0
784.171,0.2059,0,0,0,0
784.202,0.2059,0,0,0,0
784.235,0.2059,0,0,0,0
784.269,0.2059,0,0,0,0
784.300,0.2059,0,0,0,0
784.335,0.2059,0,0,0,0
784.368,0.2059,0,0,0,0
784.403,0.2059,0,0,0,0
784.437,0.2059,0,0,0,0
784.472,0.2059,0,0,0,0
784.502,0.2059,0,0,0,0
784.536,0.2059,0,0,0,0
784.569,0.2059,0,0,0,0
784.603,0.2059,0,0,0,0
784.637,0.2059,0,0,0,0
784.671,0.2059,0,0,0,0
784.705,0.2059,0,0,0,0
784.735,0.2059,0,0,0,0
784.775,0.2059,0,0,0,0
784.802,0.2059,0,0,0,0
784.836,0.2059,0,0,0,0
784.870,0.2059,0,0,0,0
784.904,0.2059,0,0,0,0
784.939,0.2059,0,0,0,0
784.968,0.2059,0,0,0,0
785.004,0.2059,0,0,0,0
785.037,0.2059,0,0,0,0
785.068,0.2059,0,0,0,0
785.105,0.2059,0,0,0,0
785.138,0.2059,0,0,0,0
785.172,0.2059,0,0,0,0
785.202,0.2059,0,0,0,0
785.238,0.2059,0,0,0,0
785.268,0.2059,0,0,0,0
785.306,0.2059,0,0,0,0
785.337,0.2059,0,0,0,0
785.374,0.2059,0,0,0,0
785.403,0.2059,0,0,0,0
785.437,0.2059,0,0,0,0
785.471,0.2059,0,0,0,0
785.505,0.2059,0,0,0,0
785.539,0.2059,0,0,0,0
785.569,0.2059,0,0,0,0
785.603,0.2059,0,0,0,0
785.637,0.2059,0,0,0,0
785.667,0.2059,0,0,0,0
785.702,0.2059,0,0,0,0
785.735,0.2059,0,0,0,0
785.769,0.2059,0,0,0,0
785.803,0.2059,0,0,0,0
785.839,0.2059,0,0,0,0
785.869,0.2059,0,0,0,0
785.903,0.2059,0,0,0,0
785.938,0.2059,0,0,0,0
785.971,0.2059,0,0,0,0
786.004,0.2059,0,0,0,0
786.035,0.2059,0,0,0,0
786.068,0.2059,0,0,0,0
786.103,0.2059,0,0,0,0
786.138,0.2059,0,0,0,0
786.167,0.2059,0,0,0,0
786.209,0.2059,0,0,0,0
786.237,0.2059,0,0,0,0
786.271,0.2059,0,0,0,0
786.305,0.2059,0,0,0,0
786.338,0.2059,0,0,0,0
786.371,0.2059,0,0,0,0
786.402,0.2059,0,0,0,0
786.437,0.2059,0,0,0,0
786.471,0.2059,0,0,0,0
786.504,0.2059,0,0,0,0
786.538,0.2059,0,0,0,0
786.568,0.2059,0,0,0,0
786.602,0.2059,0,0,0,0
786.638,0.2059,0,0,0,0
786.668,0.2059,0,0,0,0
786.701,0.2059,0,0,0,0
786.735,0.2059,0,0,0,0
786.770,0.2059,0,0,0,0
786.803,0.2059,0,0,0,0
786.838,0.2059,0,0,0,0
786.872,0.2059,0,0,0,0
786.908,0.2059,0,0,0,0
786.936,0.2059,0,0,0,0
786.969,0.2059,0,0,0,0
787.004,0.2059,0,0,0,0
787.038,0.2059,0,0,0,0
787.071,0.2059,0,0,0,0
787.102,0.2059,0,0,0,0
787.136,0.2059,0,0,0,0
787.169,0.2059,0,0,0,0
787.205,0.2059,0,0,0,0
787.238,0.2059,0,0,0,0
787.268,0.2059,0,0,0,0
787.303,0.2059,0,0,0,0
787.336,0.2059,0,0,0,0
787.372,0.2059,0,0,0,0
787.405,0.2059,0,0,0,0
787.439,0.2059,0,0,0,0
787.469,0.2059,0,0,0,0
787.502,0.2059,0,0,0,0
787.536,0.2059,0,0,0,0
787.572,0.2059,0,0,0,0
787.601,0.2059,0,0,0,0
787.635,0.2059,0,0,0,0
787.670,0.2059,0,0,0,0
787.704,0.2059,0,0,0,0
787.738,0.2059,0,0,0,0
787.772,0.2059,0,0,0,0
787.809,0.2059,0,0,0,0
787.835,0.2059,0,0,0,0
787.870,0.2059,0,0,0,0
787.904,0.2059,0,0,0,0
787.937,0.2059,0,0,0,0
787.967,0.2059,0,0,0,0
788.002,0.2059,0,0,0,0
788.036,0.2059,0,0,0,0
788.071,0.2059,0,0,0,0
788.105,0.2059,0,0,0,0
788.140,0.2059,0,0,0,0
788.170,0.2059,0,0,0,0
788.203,0.2059,0,0,0,0
788.237,0.2059,0,0,0,0
788.268,0.2059,0,0,0,0
788.302,0.2059,0,0,0,0
788.337,0.2059,0,0,0,0
788.372,0.2059,0,0,0,0
788.405,0.2059,0,0,0,0
788.435,0.2059,0,0,0,0
788.468,0.2059,0,0,0,0
788.502,0.2059,0,0,0,0
788.537,0.2059,0,0,0,0
788.568,0.2059,0,0,0,0
788.601,0.2059,0,0,0,0
788.635,0.2059,0,0,0,0
788.670,0.2059,0,0,0,0
788.704,0.2059,0,0,0,0
788.737,0.2059,0,0,0,0
788.771,0.2059,0,0,0,0
788.802,0.2059,0,0,0,0
788.835,0.2059,0,0,0,0
788.869,0.2059,0,0,0,0
788.905,0.2059,0,0,0,0
788.935,0.2059,0,0,0,0
788.969,0.2059,0,0,0,0
789.002,0.2059,0,0,0,0
789.036,0.2059,0,0,0,0
789.070,0.2059,0,0,0,0
789.105,0.2059,0,0,0,0
789.140,0.2059,0,0,0,0
789.174,0.2059,0,0,0,0
789.203,0.2059,0,0,0,0
789.236,0.2059,0,0,0,0
789.269,0.2059,0,0,0,0
789.303,0.2059,0,0,0,0
789.337,0.2059,0,0,0,0
789.373,0.2059,0,0,0,0
789.403,0.2059,0,0,0,0
789.436,0.2059,0,0,0,0
789.473,0.2059,0,0,0,0
789.502,0.2059,0,0,0,0
789.535,0.2059,0,0,0,0
789.570,0.2059,0,0,0,0
789.604,0.2059,0,0,0,0
789.637,0.2059,0,0,0,0
789.668,0.2059,0,0,0,0
789.702,0.2059,0,0,0,0
789.735,0.2059,0,0,0,0
789.770,0.2059,0,0,0,0
789.804,0.2059,0,0,0,0
789.840,0.2059,0,0,0,0
789.869,0.2059,0,0,0,0
789.902,0.2059,0,0,0,0
789.936,0.2059,0,0,0,0
789.970,0.2059,0,0,0,0
790.001,0.2059,0,0,0,0
790.037,0.2059,0,0,0,0
790.071,0.2059,0,0,0,0
790.104,0.2059,0,0,0,0
790.138,0.2059,0,0,0,0
790.172,0.2059,0,0,0,0
790.208,0.2059,0,0,0,0
790.236,0.2059,0,0,0,0
790.270,0.2059,0,0,0,0
790.304,0.2059,0,0,0,0
790.339,0.2059,0,0,0,0
790.368,0.2059,0,0,0,0
790.402,0.2059,0,0,0,0
790.438,0.2059,0,0,0,0
790.472,0.2059,0,0,0,0
790.506,0.2059,0,0,0,0
790.535,0.2059,0,0,0,0
790.570,0.2059,0,0,0,0
790.601,0.2059,0,0,0,0
790.636,0.2059,0,0,0,0
790.669,0.2059,0,0,0,0
790.705,0.2059,0,0,0,0
790.735,0.2059,0,0,0,0
790.769,0.2059,0,0,0,0
790.804,0.2059,0,0,0,0
790.835,0.2059,0,0,0,0
790.868,0.2059,0,0,0,0
790.902,0.2059,0,0,0,0
790.937,0.2059,0,0,0,0
790.970,0.2059,0,0,0,0
791.002,0.2059,0,0,0,0
791.036,0.2059,0,0,0,0
791.070,0.2059,0,0,0,0
791.104,0.2059,0,0,0,0
791.138,0.2059,0,0,0,0
791.173,0.2059,0,0,0,0
791.202,0.2059,0,0,0,0
791.236,0.2059,0,0,0,0
791.271,0.2059,0,0,0,0
791.303,0.2059,0,0,0,0
791.337,0.2059,0,0,0,0
791.368,0.2059,0,0,0,0
791.402,0.2059,0,0,0,0
791.436,0.2059,0,0,0,0
791.470,0.2059,0,0,0,0
791.504,0.2059,0,0,0,0
791.535,0.2059,0,0,0,0
791.570,0.2059,0,0,0,0
791.605,0.2059,0,0,0,0
791.634,0.2059,0,0,0,0
791.668,0.2059,0,0,0,0
791.703,0.2059,0,0,0,0
791.736,0.2059,0,0,0,0
791.770,0.2059,0,0,0,0
791.805,0.2059,0,0,0,0
791.840,0.2059,0,0,0,0
791.869,0.2059,0,0,0,0
791.902,0.2059,0,0,0,0
791.934,0.2059,0,0,0,0
791.971,0.2059,0,0,0,0
792.004,0.2059,0,0,0,0
792.038,0.2059,0,0,0,0
792.068,0.2059,0,0,0,0
792.102,0.2059,0,0,0,0
792.137,0.2059,0,0,0,0
792.172,0.2059,0,0,0,0
792.206,0.2059,0,0,0,0
792.236,0.2059,0,0,0,0
792.270,0.2059,0,0,0,0
792.302,0.2059,0,0,0,0
792.338,0.2059,0,0,0,0
792.372,0.2059,0,0,0,0
792.407,0.2059,0,0,0,0
792.436,0.2059,0,0,0,0
792.469,0.2059,0,0,0,0
792.504,0.2059,0,0,0,0
792.536,0.2059,0,0,0,0
792.572,0.2059,0,0,0,0
792.602,0.2059,0,0,0,0
792.635,0.2059,0,0,0,0
792.669,0.2059,0,0,0,0
792.704,0.2059,0,0,0,0
792.739,0.2059,0,0,0,0
792.775,0.2059,0,0,0,0
792.803,0.2059,0,0,0,0
792.837,0.2059,0,0,0,0
792.870,0.2059,0,0,0,0
792.904,0.2059,0,0,0,0
792.938,0.2059,0,0,0,0
792.972,0.2059,0,0,0,0
793.002,0.2059,0,0,0,0
793.036,0.2059,0,0,0,0
793.071,0.2059,0,0,0,0
793.102,0.2059,0,0,0,0
793.135,0.2059,0,0,0,0
793.170,0.2059,0,0,0,0
793.205,0.2059,0,0,0,0
793.237,0.2059,0,0,0,0
793.271,0.2059,0,0,0,0
793.301,0.2059,0,0,0,0
793.335,0.2059,0,0,0,0
793.370,0.2059,0,0,0,0
793.404,0.2059,0,0,0,0
793.437,0.2059,0,0,0,0
793.472,0.2059,0,0,0,0
793.505,0.2059,0,0,0,0
793.535,0.2059,0,0,0,0
793.570,0.2059,0,0,0,0
793.604,0.2059,0,0,0,0
793.640,0.2059,0,0,0,0
793.669,0.2059,0,0,0,0
793.702,0.2059,0,0,0,0
793.736,0.2059,0,0,0,0
793.768,0.2059,0,0,0,0
793.803,0.2059,0,0,0,0
793.835,0.2059,0,0,0,0
793.868,0.2059,0,0,0,0
793.901,0.2059,0,0,0,0
793.936,0.2059,0,0,0,0
793.970,0.2059,0,0,0,0
794.005,0.2059,0,0,0,0
794.039,0.2059,0,0,0,0
794.067,0.2059,0,0,0,0
794.102,0.2059,0,0,0,0
794.137,0.2059,0,0,0,0
794.171,0.2059,0,0,0,0
794.205,0.2059,0,0,0,0
794.235,0.2059,0,0,0,0
794.270,0.2059,0,0,0,0
794.304,0.2059,0,0,0,0
794.338,0.2059,0,0,0,0
794.373,0.2059,0,0,0,0
794.402,0.2059,0,0,0,0
794.436,0.2059,0,0,0,0
794.469,0.2059,0,0,0,0
794.505,0.2059,0,0,0,0
794.539,0.2059,0,0,0,0
794.575,0.2059,0,0,0,0
794.603,0.2059,0,0,0,0
794.636,0.2059,0,0,0,0
794.671,0.2059,0,0,0,0
794.702,0.2059,0,0,0,0
794.735,0.2059,0,0,0,0
794.769,0.2059,0,0,0,0
794.802,0.2059,0,0,0,0
794.836,0.2059,0,0,0,0
794.871,0.2059,0,0,0,0
794.905,0.2059,0,0,0,0
794.938,0.2059,0,0,0,0
794.968,0.2059,0,0,0,0
795.006,0.2059,0,0,0,0
795.035,0.2059,0,0,0,0
795.070,0.2059,0,0,0,0
795.104,0.2059,0,0,0,0
795.139,0.2059,0,0,0,0
795.172,0.2059,0,0,0,0
795.206,0.2059,0,0,0,0
795.235,0.2059,0,0,0,0
795.268,0.2059,0,0,0,0
795.304,0.2059,0,0,0,0
795.334,0.2059,0,0,0,0
795.372,0.2059,0,0,0,0
795.402,0.2059,0,0,0,0
795.437,0.2059,0,0,0,0
795.468,0.2059,0,0,0,0
795.503,0.2059,0,0,0,0
795.535,0.2059,0,0,0,0
795.573,0.2059,0,0,0,0
795.602,0.2059,0,0,0,0
795.635,0.2059,0,0,0,0
795.671,0.2059,0,0,0,0
795.704,0.2059,0,0,0,0
795.739,0.2059,0,0,0,0
795.768,0.2059,0,0,0,0
795.802,0.2059,0,0,0,0
795.836,0.2059,0,0,0,0
795.870,0.2059,0,0,0,0
795.904,0.2059,0,0,0,0
795.934,0.2059,0,0,0,0
795.969,0.2059,0,0,0,0
796.001,0.2059,0,0,0,0
796.036,0.2059,0,0,0,0
796.070,0.2059,0,0,0,0
796.104,0.2059,0,0,0,0
796.135,0.2059,0,0,0,0
796.169,0.2059,0,0,0,0
796.207,0.2059,0,0,0,0
796.236,0.2059,0,0,0,0
796.269,0.2059,0,0,0,0
796.302,0.2059,0,0,0,0
796.337,0.2059,0,0,0,0
796.372,0.2059,0,0,0,0
796.401,0.2059,0,0,0,0
796.436,0.2059,0,0,0,0
796.471,0.2059,0,0,0,0
796.505,0.2059,0,0,0,0
796.535,0.2059,0,0,0,0
796.570,0.2059,0,0,0,0
796.604,0.2059,0,0,0,0
796.638,0.2059,0,0,0,0
796.667,0.2059,0,0,0,0
796.706,0.2059,0,0,0,0
796.735,0.2059,0,0,0,0
796.769,0.2059,0,0,0,0
796.805,0.2059,0,0,0,0
796.835,0.2059,0,0,0,0
796.871,0.2059,0,0,0,0
796.901,0.2059,0,0,0,0
796.939,0.2059,0,0,0,0
796.968,0.2059,0,0,0,0
797.003,0.2059,0,0,0,0
797.034,0.2059,0,0,0,0
797.068,0.2059,0,0,0,0
797.101,0.2059,0,0,0,0
797.136,0.2059,0,0,0,0
797.170,0.2059,0,0,0,0
797.206,0.2059,0,0,0,0
797.234,0.2059,0,0,0,0
797.268,0.2059,0,0,0,0
797.302,0.2059,0,0,0,0
797.336,0.2059,0,0,0,0
797.369,0.2059,0,0,0,0
797.405,0.2059,0,0,0,0
797.440,0.2059,0,0,0,0
797.468,0.2059,0,0,0,0
797.504,0.2059,0,0,0,0
797.538,0.2059,0,0,0,0
797.572,0.2059,0,0,0,0
797.601,0.2059,0,0,0,0
797.634,0.2059,0,0,0,0
797.673,0.2059,0,0,0,0
797.702,0.2059,0,0,0,0
797.737,0.2059,0,0,0,0
797.770,0.2059,0,0,0,0
797.800,0.2059,0,0,0,0
797.836,0.2059,0,0,0,0
797.868,0.2059,0,0,0,0
797.903,0.2059,0,0,0,0
797.938,0.2059,0,0,0,0
797.967,0.2059,0,0,0,0
798.003,0.2059,0,0,0,0
798.036,0.2059,0,0,0,0
798.071,0.2059,0,0,0,0
798.106,0.2059,0,0,0,0
798.135,0.2059,0,0,0,0
798.169,0.2059,0,0,0,0
798.204,0.2059,0,0,0,0
798.238,0.2059,0,0,0,0
798.272,0.2059,0,0,0,0
798.305,0.2059,0,0,0,0
798.341,0.2059,0,0,0,0
798.369,0.2059,0,0,0,0
798.404,0.2059,0,0,0,0
798.439,0.2059,0,0,0,0
798.472,0.2059,0,0,0,0
798.506,0.2059,0,0,0,0
798.536,0.2059,0,0,0,0
798.569,0.2059,0,0,0,0
798.603,0.2059,0,0,0,0
798.639,0.2059,0,0,0,0
798.668,0.2059,0,0,0,0
798.702,0.2059,0,0,0,0
798.737,0.2059,0,0,0,0
798.771,0.2059,0,0,0,0
798.806,0.2059,0,0,0,0
798.835,0.2059,0,0,0,0
798.869,0.2059,0,0,0,0
798.900,0.2059,0,0,0,0
798.935,0.2059,0,0,0,0
798.968,0.2059,0,0,0,0
799.001,0.2059,0,0,0,0
799.035,0.2059,0,0,0,0
799.072,0.2059,0,0,0,0
799.104,0.2059,0,0,0,0
799.135,0.2059,0,0,0,0
799.170,0.2059,0,0,0,0
799.203,0.2059,0,0,0,0
799.238,0.2059,0,0,0,0
799.272,0.2059,0,0,0,0
799.306,0.2059,0,0,0,0
799.337,0.2059,0,0,0,0
799.374,0.2059,0,0,0,0
799.403,0.2059,0,0,0,0
799.437,0.2059,0,0,0,0
799.468,0.2059,0,0,0,0
799.501,0.2059,0,0,0,0
799.536,0.2059,0,0,0,0
799.570,0.2059,0,0,0,0
799.605,0.2059,0,0,0,0
799.639,0.2059,0,0,0,0
799.668,0.2059,0,0,0,0
799.703,0.2059,0,0,0,0
799.736,0.2059,0,0,0,0
799.770,0.2059,0,0,0,0
799.803,0.2059,0,0,0,0
799.839,0.2059,0,0,0,0
799.868,0.2059,0,0,0,0
799.902,0.2059,0,0,0,0
799.936,0.2059,0,0,0,0
799.970,0.2059,0,0,0,0
800.005,0.2059,0,0,0,0
800.036,0.2059,0,0,0,0
800.070,0.2059,0,0,0,0
800.104,0.2059,0,0,0,0
800.134,0.2059,0,0,0,0
800.169,0.2059,0,0,0,0
800.201,0.2059,0,0,0,0
800.236,0.2059,0,0,0,0
800.270,0.2059,0,0,0,0
800.307,0.2059,0,0,0,0
800.339,0.2059,0,0,0,0
800.367,0.2059,0,0,0,0
800.408,0.2059,0,0,0,0
800.433,0.2059,0,0,0,0
800.473,0.2059,0,0,0,0
800.502,0.2059,0,0,0,0
800.535,0.2059,0,0,0,0
800.572,0.2059,0,0,0,0
800.605,0.2059,0,0,0,0
800.635,0.2059,0,0,0,0
800.668,0.2059,0,0,0,0
800.707,0.2059,0,0,0,0
800.736,0.2059,0,0,0,0
800.769,0.2059,0,0,0,0
800.804,0.2059,0,0,0,0
800.837,0.2059,0,0,0,0
800.872,0.2059,0,0,0,0
800.902,0.2059,0,0,0,0
800.935,0.2059,0,0,0,0
800.969,0.2059,0,0,0,0
801.006,0.2059,0,0,0,0
801.035,0.2059,0,0,0,0
801.069,0.2059,0,0,0,0
801.104,0.2059,0,0,0,0
801.139,0.2059,0,0,0,0
801.172,0.2059,0,0,0,0
801.202,0.2059,0,0,0,0
801.235,0.2059,0,0,0,0
801.269,0.2059,0,0,0,0
801.304,0.2059,0,0,0,0
801.340,0.2059,0,0,0,0
801.368,0.2059,0,0,0,0
801.403,0.2059,0,0,0,0
801.437,0.2059,0,0,0,0
801.471,0.2059,0,0,0,0
801.505,0.2059,0,0,0,0
801.538,0.2059,0,0,0,0
801.568,0.2059,0,0,0,0
801.603,0.2059,0,0,0,0
801.637,0.2059,0,0,0,0
801.667,0.2059,0,0,0,0
801.702,0.2059,0,0,0,0
801.735,0.2059,0,0,0,0
801.770,0.2059,0,0,0,0
801.803,0.2059,0,0,0,0
801.839,0.2059,0,0,0,0
801.868,0.2059,0,0,0,0
801.902,0.2059,0,0,0,0
801.936,0.2059,0,0,0,0
801.971,0.2059,0,0,0,0
802.003,0.2059,0,0,0,0
802.039,0.2059,0,0,0,0
802.071,0.2059,0,0,0,0
802.105,0.2059,0,0,0,0
802.135,0.2059,0,0,0,0
802.168,0.2059,0,0,0,0
802.202,0.2059,0,0,0,0
802.238,0.2059,0,0,0,0
802.268,0.2059,0,0,0,0
802.301,0.2059,0,0,0,0
802.338,0.2059,0,0,0,0
802.372,0.2059,0,0,0,0
802.408,0.2059,0,0,0,0
802.436,0.2059,0,0,0,0
802.470,0.2059,0,0,0,0
802.504,0.2059,0,0,0,0
802.538,0.2059,0,0,0,0
802.572,0.2059,0,0,0,0
802.606,0.2059,0,0,0,0
802.636,0.2059,0,0,0,0
802.670,0.2059,0,0,0,0
802.705,0.2059,0,0,0,0
802.735,0.2059,0,0,0,0
802.768,0.2059,0,0,0,0
802.802,0.2059,0,0,0,0
802.837,0.2059,0,0,0,0
802.871,0.2059,0,0,0,0
802.902,0.2059,0,0,0,0
802.937,0.2059,0,0,0,0
802.971,0.2059,0,0,0,0
803.002,0.2059,0,0,0,0
803.036,0.2059,0,0,0,0
803.069,0.2059,0,0,0,0
803.105,0.2059,0,0,0,0
803.138,0.2059,0,0,0,0
803.173,0.2059,0,0,0,0
803.202,0.2059,0,0,0,0
803.235,0.2059,0,0,0,0
803.270,0.2059,0,0,0,0
803.303,0.2059,0,0,0,0
803.338,0.2059,0,0,0,0
803.369,0.2059,0,0,0,0
803.403,0.2059,0,0,0,0
803.438,0.2059,0,0,0,0
803.472,0.2059,0,0,0,0
803.509,0.2059,0,0,0,0
803.535,0.2059,0,0,0,0
803.569,0.2059,0,0,0,0
803.604,0.2059,0,0,0,0
803.638,0.2059,0,0,0,0
803.673,0.2059,0,0,0,0
803.703,0.2059,0,0,0,0
803.736,0.2059,0,0,0,0
803.770,0.2059,0,0,0,0
803.804,0.2059,0,0,0,0
803.839,0.2059,0,0,0,0
803.869,0.2059,0,0,0,0
803.904,0.2059,0,0,0,0
803.937,0.2059,0,0,0,0
803.967,0.2059,0,0,0,0
804.002,0.2059,0,0,0,0
804.041,0.2059,0,0,0,0
804.069,0.2059,0,0,0,0
804.102,0.2059,0,0,0,0
804.137,0.2059,0,0,0,0
804.172,0.2059,0,0,0,0
804.204,0.2059,0,0,0,0
804.235,0.2059,0,0,0,0
804.270,0.2059,0,0,0,0
804.304,0.2059,0,0,0,0
804.334,0.2059,0,0,0,0
804.368,0.2059,0,0,0,0
804.402,0.2059,0,0,0,0
804.438,0.2059,0,0,0,0
804.471,0.2059,0,0,0,0
804.506,0.2059,0,0,0,0
804.535,0.2059,0,0,0,0
804.569,0.2059,0,0,0,0
804.604,0.2059,0,0,0,0
804.633,0.2059,0,0,0,0
804.668,0.2059,0,0,0,0
804.703,0.2059,0,0,0,0
804.736,0.2059,0,0,0,0
804.771,0.2059,0,0,0,0
804.804,0.2059,0,0,0,0
804.838,0.2059,0,0,0,0
804.874,0.2059,0,0,0,0
804.902,0.2059,0,0,0,0
804.935,0.2059,0,0,0,0
804.968,0.2059,0,0,0,0
804.999,0.2059,0,0,0,0
805.037,0.2059,0,0,0,0
805.071,0.2059,0,0,0,0
805.104,0.2059,0,0,0,0
805.138,0.2059,0,0,0,0
805.172,0.2059,0,0,0,0
805.202,0.2059,0,0,0,0
805.235,0.2059,0,0,0,0
805.269,0.2059,0,0,0,0
805.302,0.2059,0,0,0,0
805.336,0.2059,0,0,0,0
805.377,0.2059,0,0,0,0
805.400,0.2059,0,0,0,0
805.437,0.2059,0,0,0,0
805.471,0.2059,0,0,0,0
805.502,0.2059,0,0,0,0
805.536,0.2059,0,0,0,0
805.570,0.2059,0,0,0,0
805.601,0.2059,0,0,0,0
805.635,0.2059,0,0,0,0
805.668,0.2059,0,0,0,0
805.703,0.2059,0,0,0,0
805.737,0.2059,0,0,0,0
805.772,0.2059,0,0,0,0
805.802,0.2059,0,0,0,0
805.835,0.2059,0,0,0,0
805.870,0.2059,0,0,0,0
805.903,0.2059,0,0,0,0
805.936,0.2059,0,0,0,0
805.967,0.2059,0,0,0,0
806.001,0.2059,0,0,0,0
806.036,0.2059,0,0,0,0
806.070,0.2059,0,0,0,0
806.104,0.2059,0,0,0,0
806.135,0.2059,0,0,0,0
806.169,0.2059,0,0,0,0
806.204,0.2059,0,0,0,0
806.237,0.2059,0,0,0,0
806.267,0.2059,0,0,0,0
806.302,0.2059,0,0,0,0
806.336,0.2059,0,0,0,0
806.372,0.2059,0,0,0,0
806.402,0.2059,0,0,0,0
806.435,0.2059,0,0,0,0
806.469,0.2059,0,0,0,0
806.499,0.2059,0,0,0,0
806.537,0.2059,0,0,0,0
806.572,0.2059,0,0,0,0
806.601,0.2059,0,0,0,0
806.635,0.2059,0,0,0,0
806.670,0.2059,0,0,0,0
806.703,0.2059,0,0,0,0
806.737,0.2059,0,0,0,0
806.767,0.2059,0,0,0,0
806.805,0.2059,0,0,0,0
806.835,0.2059,0,0,0,0
806.871,0.2059,0,0,0,0
806.904,0.2059,0,0,0,0
806.934,0.2059,0,0,0,0
806.969,0.2059,0,0,0,0
807.002,0.2059,0,0,0,0
807.037,0.2059,0,0,0,0
807.070,0.2059,0,0,0,0
807.105,0.2059,0,0,0,0
807.135,0.2059,0,0,0,0
807.169,0.2059,0,0,0,0
807.203,0.2059,0,0,0,0
807.236,0.2059,0,0,0,0
807.270,0.2059,0,0,0,0
807.303,0.2059,0,0,0,0
807.336,0.2059,0,0,0,0
807.369,0.2059,0,0,0,0
807.403,0.2059,0,0,0,0
807.437,0.2059,0,0,0,0
807.474,0.2059,0,0,0,0
807.502,0.2059,0,0,0,0
807.537,0.2059,0,0,0,0
807.570,0.2059,0,0,0,0
807.604,0.2059,0,0,0,0
807.638,0.2059,0,0,0,0
807.673,0.2059,0,0,0,0
807.703,0.2059,0,0,0,0
807.736,0.2059,0,0,0,0
807.770,0.2059,0,0,0,0
807.805,0.2059,0,0,0,0
807.835,0.2059,0,0,0,0
807.869,0.2059,0,0,0,0
807.903,0.2059,0,0,0,0
807.936,0.2059,0,0,0,0
807.967,0.2059,0,0,0,0
808.006,0.2059,0,0,0,0
808.039,0.2059,0,0,0,0
808.073,0.2059,0,0,0,0
808.102,0.2059,0,0,0,0
808.137,0.2059,0,0,0,0
808.170,0.2059,0,0,0,0
808.200,0.2059,0,0,0,0
808.236,0.2059,0,0,0,0
808.268,0.2059,0,0,0,0
808.304,0.2059,0,0,0,0
808.337,0.2059,0,0,0,0
808.374,0.2059,0,0,0,0
808.403,0.2059,0,0,0,0
808.437,0.2059,0,0,0,0
808.472,0.2059,0,0,0,0
808.501,0.2059,0,0,0,0
808.535,0.2059,0,0,0,0
808.569,0.2059,0,0,0,0
808.602,0.2059,0,0,0,0
808.635,0.2059,0,0,0,0
808.671,0.2059,0,0,0,0
808.701,0.2059,0,0,0,0
808.742,0.2059,0,0,0,0
808.769,0.2059,0,0,0,0
808.804,0.2059,0,0,0,0
808.840,0.2059,0,0,0,0
808.868,0.2059,0,0,0,0
808.902,0.2059,0,0,0,0
808.937,0.2059,0,0,0,0
808.971,0.2059,0,0,0,0
809.002,0.2059,0,0,0,0
809.035,0.2059,0,0,0,0
809.070,0.2059,0,0,0,0
809.104,0.2059,0,0,0,0
809.138,0.2059,0,0,0,0
809.168,0.2059,0,0,0,0
809.202,0.2059,0,0,0,0
809.237,0.2059,0,0,0,0
809.271,0.2059,0,0,0,0
809.304,0.2059,0,0,0,0
809.335,0.2059,0,0,0,0
809.369,0.2059,0,0,0,0
809.402,0.2059,0,0,0,0
809.437,0.2059,0,0,0,0
809.471,0.2059,0,0,0,0
809.502,0.2059,0,0,0,0
809.536,0.2059,0,0,0,0
809.570,0.2059,0,0,0,0
809.604,0.2059,0,0,0,0
809.635,0.2059,0,0,0,0
809.668,0.2059,0,0,0,0
809.709,0.2059,0,0,0,0
809.738,0.2059,0,0,0,0
809.776,0.2059,0,0,0,0
809.801,0.2059,0,0,0,0
809.835,0.2059,0,0,0,0
809.868,0.2059,0,0,0,0
809.903,0.2059,0,0,0,0
809.936,0.2059,0,0,0,0
809.967,0.2059,0,0,0,0
810.001,0.2059,0,0,0,0
810.036,0.2059,0,0,0,0
810.070,0.2059,0,0,0,0
810.104,0.2059,0,0,0,0
810.140,0.2059,0,0,0,0
810.169,0.2059,0,0,0,0
810.202,0.2059,0,0,0,0
810.237,0.2059,0,0,0,0
810.271,0.2059,0,0,0,0
810.305,0.2059,0,0,0,0
810.339,0.2059,0,0,0,0
810.372,0.2059,0,0,0,0
810.401,0.2059,0,0,0,0
810.436,0.2059,0,0,0,0
810.471,0.2059,0,0,0,0
810.502,0.2059,0,0,0,0
810.535,0.2059,0,0,0,0
810.569,0.2059,0,0,0,0
810.604,0.2059,0,0,0,0
810.636,0.2059,0,0,0,0
810.671,0.2059,0,0,0,0
810.704,0.2059,0,0,0,0
810.740,0.2059,0,0,0,0
810.769,0.2059,0,0,0,0
810.802,0.2059,0,0,0,0
810.837,0.2059,0,0,0,0
810.871,0.2059,0,0,0,0
810.904,0.2059,0,0,0,0
810.934,0.2059,0,0,0,0
810.969,0.2059,0,0,0,0
811.002,0.2059,0,0,0,0
811.037,0.2059,0,0,0,0
811.073,0.2059,0,0,0,0
811.103,0.2059,0,0,0,0
811.137,0.2059,0,0,0,0
811.171,0.2059,0,0,0,0
811.206,0.2059,0,0,0,0
811.242,0.2059,0,0,0,0
811.269,0.2059,0,0,0,0
811.303,0.2059,0,0,0,0
811.336,0.2059,0,0,0,0
811.369,0.2059,0,0,0,0
811.407,0.2059,0,0,0,0
811.436,0.2059,0,0,0,0
811.472,0.2059,0,0,0,0
811.503,0.2059,0,0,0,0
811.540,0.2059,0,0,0,0
811.571,0.2059,0,0,0,0
811.606,0.2059,0,0,0,0
811.637,0.2059,0,0,0,0
811.668,0.2059,0,0,0,0
811.703,0.2059,0,0,0,0
811.739,0.2059,0,0,0,0
811.770,0.2059,0,0,0,0
811.801,0.2059,0,0,0,0
811.838,0.2059,0,0,0,0
811.869,0.2059,0,0,0,0
811.903,0.2059,0,0,0,0
811.938,0.2059,0,0,0,0
811.972,0.2059,0,0,0,0
812.002,0.2059,0,0,0,0
812.037,0.2059,0,0,0,0
812.069,0.2059,0,0,0,0
812.105,0.2059,0,0,0,0
812.139,0.2059,0,0,0,0
812.173,0.2059,0,0,0,0
812.203,0.2059,0,0,0,0
812.235,0.2059,0,0,0,0
812.271,0.2059,0,0,0,0
812.306,0.2059,0,0,0,0
812.335,0.2059,0,0,0,0
812.369,0.2059,0,0,0,0
812.403,0.2059,0,0,0,0
812.438,0.2059,0,0,0,0
812.468,0.2059,0,0,0,0
812.503,0.2059,0,0,0,0
812.538,0.2059,0,0,0,0
812.567,0.2059,0,0,0,0
812.602,0.2059,0,0,0,0
812.638,0.2059,0,0,0,0
812.670,0.2059,0,0,0,0
812.702,0.2059,0,0,0,0
812.735,0.2059,0,0,0,0
812.770,0.2059,0,0,0,0
812.804,0.2059,0,0,0,0
812.841,0.2059,0,0,0,0
812.869,0.2059,0,0,0,0
812.903,0.2059,0,0,0,0
812.939,0.2059,0,0,0,0
812.972,0.2059,0,0,0,0
813.001,0.2059,0,0,0,0
813.035,0.2059,0,0,0,0
813.073,0.2059,0,0,0,0
813.102,0.2059,0,0,0,0
813.136,0.2059,0,0,0,0
813.171,0.2059,0,0,0,0
813.205,0.2059,0,0,0,0
813.239,0.2059,0,0,0,0
813.268,0.2059,0,0,0,0
813.302,0.2059,0,0,0,0
813.339,0.2059,0,0,0,0
813.368,0.2059,0,0,0,0
813.401,0.2059,0,0,0,0
813.436,0.2059,0,0,0,0
813.471,0.2059,0,0,0,0
813.503,0.2059,0,0,0,0
813.534,0.2059,0,0,0,0
813.569,0.2059,0,0,0,0
813.602,0.2059,0,0,0,0
813.637,0.2059,0,0,0,0
813.671,0.2059,0,0,0,0
813.706,0.2059,0,0,0,0
813.736,0.2059,0,0,0,0
813.769,0.2059,0,0,0,0
813.804,0.2059,0,0,0,0
813.834,0.2059,0,0,0,0
813.868,0.2059,0,0,0,0
813.903,0.2059,0,0,0,0
813.936,0.2059,0,0,0,0
813.970,0.2059,0,0,0,0
814.000,0.2059,0,0,0,0
814.039,0.2059,0,0,0,0
814.075,0.2059,0,0,0,0
814.103,0.2059,0,0,0,0
814.137,0.2059,0,0,0,0
814.172,0.2059,0,0,0,0
814.203,0.2059,0,0,0,0
814.232,0.2059,0,0,0,0
814.268,0.2059,0,0,0,0
814.304,0.2059,0,0,0,0
814.338,0.2059,0,0,0,0
814.370,0.2059,0,0,0,0
814.401,0.2059,0,0,0,0
814.440,0.2059,0,0,0,0
814.471,0.2059,0,0,0,0
814.504,0.2059,0,0,0,0
814.540,0.2059,0,0,0,0
814.569,0.2059,0,0,0,0
814.602,0.2059,0,0,0,0
814.637,0.2059,0,0,0,0
814.671,0.2059,0,0,0,0
814.705,0.2059,0,0,0,0
814.735,0.2059,0,0,0,0
814.770,0.2059,0,0,0,0
814.803,0.2059,0,0,0,0
814.838,0.2059,0,0,0,0
814.871,0.2059,0,0,0,0
814.906,0.2059,0,0,0,0
814.935,0.2059,0,0,0,0
814.969,0.2059,0,0,0,0
815.004,0.2059,0,0,0,0
815.037,0.2059,0,0,0,0
815.071,0.2059,0,0,0,0
815.102,0.2059,0,0,0,0
815.135,0.2059,0,0,0,0
815.168,0.2059,0,0,0,0
815.204,0.2059,0,0,0,0
815.237,0.2059,0,0,0,0
815.273,0.2059,0,0,0,0
815.304,0.2059,0,0,0,0
815.338,0.2059,0,0,0,0
815.369,0.2059,0,0,0,0
815.408,0.2059,0,0,0,0
815.438,0.2059,0,0,0,0
815.474,0.2059,0,0,0,0
815.502,0.2059,0,0,0,0
815.536,0.2059,0,0,0,0
815.569,0.2059,0,0,0,0
815.607,0.2059,0,0,0,0
815.634,0.2059,0,0,0,0
815.677,0.2059,0,0,0,0
815.709,0.2059,0,0,0,0
815.737,0.2059,0,0,0,0
815.769,0.2059,0,0,0,0
815.806,0.2059,0,0,0,0
815.835,0.2059,0,0,0,0
815.871,0.2059,0,0,0,0
815.906,0.2059,0,0,0,0
815.940,0.2059,0,0,0,0
815.968,0.2059,0,0,0,0
816.005,0.2059,0,0,0,0
816.034,0.2059,0,0,0,0
816.071,0.2059,0,0,0,0
816.106,0.2059,0,0,0,0
816.137,0.2059,0,0,0,0
816.170,0.2059,0,0,0,0
816.204,0.2059,0,0,0,0
816.234,0.2059,0,0,0,0
816.272,0.2059,0,0,0,0
816.302,0.2059,0,0,0,0
816.335,0.2059,0,0,0,0
816.371,0.2059,0,0,0,0
816.404,0.2059,0,0,0,0
816.439,0.2059,0,0,0,0
816.469,0.2059,0,0,0,0
816.503,0.2059,0,0,0,0
816.538,0.2059,0,0,0,0
816.568,0.2059,0,0,0,0
816.601,0.2059,0,0,0,0
816.636,0.2059,0,0,0,0
816.670,0.2059,0,0,0,0
816.705,0.2059,0,0,0,0
816.735,0.2059,0,0,0,0
816.773,0.2059,0,0,0,0
816.802,0.2059,0,0,0,0
816.837,0.2059,0,0,0,0
816.871,0.2059,0,0,0,0
816.907,0.2059,0,0,0,0
816.940,0.2059,0,0,0,0
816.969,0.2059,0,0,0,0
817.004,0.2059,0,0,0,0
817.038,0.2059,0,0,0,0
817.068,0.2059,0,0,0,0
817.107,0.2059,0,0,0,0
817.136,0.2059,0,0,0,0
817.171,0.2059,0,0,0,0
817.202,0.2059,0,0,0,0
817.237,0.2059,0,0,0,0
817.271,0.2059,0,0,0,0
817.303,0.2059,0,0,0,0
817.336,0.2059,0,0,0,0
817.369,0.2059,0,0,0,0
817.405,0.2059,0,0,0,0
817.435,0.2059,0,0,0,0
817.470,0.2059,0,0,0,0
817.505,0.2059,0,0,0,0
817.535,0.2059,0,0,0,0
817.568,0.2059,0,0,0,0
817.603,0.2059,0,0,0,0
817.638,0.2059,0,0,0,0
817.670,0.2059,0,0,0,0
817.701,0.2059,0,0,0,0
817.736,0.2059,0,0,0,0
817.769,0.2059,0,0,0,0
817.800,0.2059,0,0,0,0
817.835,0.2059,0,0,0,0
817.868,0.2059,0,0,0,0
817.903,0.2059,0,0,0,0
817.937,0.2059,0,0,0,0
817.972,0.2059,0,0,0,0
818.002,0.2059,0,0,0,0
818.036,0.2059,0,0,0,0
818.070,0.2059,0,0,0,0
818.103,0.2059,0,0,0,0
818.136,0.2059,0,0,0,0
818.168,0.2059,0,0,0,0
818.202,0.2059,0,0,0,0
818.235,0.2059,0,0,0,0
818.271,0.2059,0,0,0,0
818.305,0.2059,0,0,0,0
818.340,0.2059,0,0,0,0
818.369,0.2059,0,0,0,0
818.402,0.2059,0,0,0,0
818.436,0.2059,0,0,0,0
818.470,0.2059,0,0,0,0
818.504,0.2059,0,0,0,0
818.540,0.2059,0,0,0,0
818.569,0.2059,0,0,0,0
818.603,0.2059,0,0,0,0
818.638,0.2059,0,0,0,0
818.674,0.2059,0,0,0,0
818.708,0.2059,0,0,0,0
818.735,0.2059,0,0,0,0
818.770,0.2059,0,0,0,0
818.803,0.2059,0,0,0,0
818.839,0.2059,0,0,0,0
818.868,0.2059,0,0,0,0
818.901,0.2059,0,0,0,0
818.936,0.2059,0,0,0,0
818.971,0.2059,0,0,0,0
819.004,0.2059,0,0,0,0
819.035,0.2059,0,0,0,0
819.069,0.2059,0,0,0,0
819.102,0.2059,0,0,0,0
819.138,0.2059,0,0,0,0
819.172,0.2059,0,0,0,0
819.207,0.2059,0,0,0,0
819.236,0.2059,0,0,0,0
819.269,0.2059,0,0,0,0
819.303,0.2059,0,0,0,0
819.336,0.2059,0,0,0,0
819.372,0.2059,0,0,0,0
819.402,0.2059,0,0,0,0
819.435,0.2059,0,0,0,0
819.469,0.2059,0,0,0,0
819.504,0.2059,0,0,0,0
819.538,0.2059,0,0,0,0
819.572,0.2059,0,0,0,0
819.602,0.2059,0,0,0,0
819.636,0.2059,0,0,0,0
819.669,0.2059,0,0,0,0
819.704,0.2059,0,0,0,0
819.734,0.2059,0,0,0,0
819.768,0.2059,0,0,0,0
819.804,0.2059,0,0,0,0
819.839,0.2059,0,0,0,0
819.873,0.2059,0,0,0,0
819.902,0.2059,0,0,0,0
819.935,0.2059,0,0,0,0
819.969,0.2059,0,0,0,0
820.004,0.2059,0,0,0,0
820.038,0.2059,0,0,0,0
820.071,0.2059,0,0,0,0
820.105,0.2059,0,0,0,0
820.137,0.2059,0,0,0,0
820.172,0.2059,0,0,0,0
820.201,0.2059,0,0,0,0
820.235,0.2059,0,0,0,0
820.272,0.2059,0,0,0,0
820.305,0.2059,0,0,0,0
820.340,0.2059,0,0,0,0
820.369,0.2059,0,0,0,0
820.402,0.2059,0,0,0,0
820.438,0.2059,0,0,0,0
820.468,0.2059,0,0,0,0
820.502,0.2059,0,0,0,0
820.537,0.2059,0,0,0,0
820.571,0.2059,0,0,0,0
820.603,0.2059,0,0,0,0
820.634,0.2059,0,0,0,0
820.672,0.2059,0,0,0,0
820.701,0.2059,0,0,0,0
820.736,0.2059,0,0,0,0
820.770,0.2059,0,0,0,0
820.805,0.2059,0,0,0,0
820.838,0.2059,0,0,0,0
820.873,0.2059,0,0,0,0
820.902,0.2059,0,0,0,0
820.936,0.2059,0,0,0,0
820.970,0.2059,0,0,0,0
821.006,0.2059,0,0,0,0
821.035,0.2059,0,0,0,0
821.068,0.2059,0,0,0,0
821.103,0.2059,0,0,0,0
821.137,0.2059,0,0,0,0
821.172,0.2059,0,0,0,0
821.201,0.2059,0,0,0,0
821.236,0.2059,0,0,0,0
821.269,0.2059,0,0,0,0
821.303,0.2059,0,0,0,0
821.338,0.2059,0,0,0,0
821.372,0.2059,0,0,0,0
821.402,0.2059,0,0,0,0
821.436,0.2059,0,0,0,0
821.470,0.2059,0,0,0,0
821.504,0.2059,0,0,0,0
821.537,0.2059,0,0,0,0
821.573,0.2059,0,0,0,0
821.603,0.2059,0,0,0,0
821.636,0.2059,0,0,0,0
821.672,0.2059,0,0,0,0
821.701,0.2059,0,0,0,0
821.735,0.2059,0,0,0,0
821.770,0.2059,0,0,0,0
821.804,0.2059,0,0,0,0
821.837,0.2059,0,0,0,0
821.867,0.2059,0,0,0,0
821.905,0.2059,0,0,0,0
821.934,0.2059,0,0,0,0
821.970,0.2059,0,0,0,0
822.004,0.2059,0,0,0,0
822.038,0.2059,0,0,0,0
822.072,0.2059,0,0,0,0
822.105,0.2059,0,0,0,0
822.136,0.2059,0,0,0,0
822.169,0.2059,0,0,0,0
822.203,0.2059,0,0,0,0
822.239,0.2059,0,0,0,0
822.268,0.2059,0,0,0,0
822.302,0.2059,0,0,0,0
822.337,0.2059,0,0,0,0
822.367,0.2059,0,0,0,0
822.402,0.2059,0,0,0,0
822.436,0.2059,0,0,0,0
822.470,0.2059,0,0,0,0
822.504,0.2059,0,0,0,0
822.533,0.2059,0,0,0,0
822.569,0.2059,0,0,0,0
822.602,0.2059,0,0,0,0
822.636,0.2059,0,0,0,0
822.669,0.2059,0,0,0,0
822.703,0.2059,0,0,0,0
822.734,0.2059,0,0,0,0
822.772,0.2059,0,0,0,0
822.802,0.2059,0,0,0,0
822.837,0.2059,0,0,0,0
822.872,0.2059,0,0,0,0
822.906,0.2059,0,0,0,0
822.935,0.2059,0,0,0,0
822.968,0.2059,0,0,0,0
823.004,0.2059,0,0,0,0
823.038,0.2059,0,0,0,0
823.071,0.2059,0,0,0,0
823.102,0.2059,0,0,0,0
823.134,0.2059,0,0,0,0
823.168,0.2059,0,0,0,0
823.203,0.2059,0,0,0,0
823.237,0.2059,0,0,0,0
823.273,0.2059,0,0,0,0
823.303,0.2059,0,0,0,0
823.332,0.2059,0,0,0,0
823.372,0.2059,0,0,0,0
823.405,0.2059,0,0,0,0
823.437,0.2059,0,0,0,0
823.471,0.2059,0,0,0,0
823.504,0.2059,0,0,0,0
823.537,0.2059,0,0,0,0
823.568,0.2059,0,0,0,0
823.604,0.2059,0,0,0,0
823.635,0.2059,0,0,0,0
823.670,0.2059,0,0,0,0
823.703,0.2059,0,0,0,0
823.737,0.2059,0,0,0,0
823.771,0.2059,0,0,0,0
823.805,0.2059,0,0,0,0
823.839,0.2059,0,0,0,0
823.872,0.2059,0,0,0,0
823.902,0.2059,0,0,0,0
823.936,0.2059,0,0,0,0
823.969,0.2059,0,0,0,0
824.000,0.2059,0,0,0,0
824.035,0.2059,0,0,0,0
824.068,0.2059,0,0,0,0
824.105,0.2059,0,0,0,0
824.134,0.2059,0,0,0,0
824.175,0.2059,0,0,0,0
824.203,0.2059,0,0,0,0
824.237,0.2059,0,0,0,0
824.272,0.2059,0,0,0,0
824.303,0.2059,0,0,0,0
824.337,0.2059,0,0,0,0
824.370,0.2059,0,0,0,0
824.404,0.2059,0,0,0,0
824.438,0.2059,0,0,0,0
824.472,0.2059,0,0,0,0
824.502,0.2059,0,0,0,0
824.537,0.2059,0,0,0,0
824.570,0.2059,0,0,0,0
824.601,0.2059,0,0,0,0
824.636,0.2059,0,0,0,0
824.669,0.2059,0,0,0,0
824.700,0.2059,0,0,0,0
824.735,0.2059,0,0,0,0
824.769,0.2059,0,0,0,0
824.803,0.2059,0,0,0,0
824.839,0.2059,0,0,0,0
824.872,0.2059,0,0,0,0
824.903,0.2059,0,0,0,0
824.942,0.2059,0,0,0,0
824.970,0.2059,0,0,0,0
825.004,0.2059,0,0,0,0
825.036,0.2059,0,0,0,0
825.067,0.2059,0,0,0,0
825.101,0.2059,0,0,0,0
825.142,0.2059,0,0,0,0
825.172,0.2059,0,0,0,0
825.201,0.2059,0,0,0,0
825.235,0.2059,0,0,0,0
825.271,0.2059,0,0,0,0
825.304,0.2059,0,0,0,0
825.338,0.2059,0,0,0,0
825.371,0.2059,0,0,0,0
825.403,0.2059,0,0,0,0
825.435,0.2059,0,0,0,0
825.472,0.2059,0,0,0,0
825.503,0.2059,0,0,0,0
825.538,0.2059,0,0,0,0
825.573,0.2059,0,0,0,0
825.601,0.2059,0,0,0,0
825.636,0.2059,0,0,0,0
825.669,0.2059,0,0,0,0
825.703,0.2059,0,0,0,0
825.736,0.2059,0,0,0,0
825.773,0.2059,0,0,0,0
825.801,0.2059,0,0,0,0
825.838,0.2059,0,0,0,0
825.871,0.2059,0,0,0,0
825.902,0.2059,0,0,0,0
825.939,0.2059,0,0,0,0
825.972,0.2059,0,0,0,0
826.007,0.2059,0,0,0,0
826.040,0.2059,0,0,0,0
826.071,0.2059,0,0,0,0
826.104,0.2059,0,0,0,0
826.135,0.2059,0,0,0,0
826.173,0.2059,0,0,0,0
826.205,0.2059,0,0,0,0
826.237,0.2059,0,0,0,0
826.270,0.2059,0,0,0,0
826.302,0.2059,0,0,0,0
826.342,0.2059,0,0,0,0
826.372,0.2059,0,0,0,0
826.402,0.2059,0,0,0,0
826.435,0.2059,0,0,0,0
826.472,0.2059,0,0,0,0
826.509,0.2059,0,0,0,0
826.537,0.2059,0,0,0,0
826.576,0.2059,0,0,0,0
826.608,0.2059,0,0,0,0
826.641,0.2059,0,0,0,0
826.669,0.2059,0,0,0,0
826.704,0.2059,0,0,0,0
826.735,0.2059,0,0,0,0
826.771,0.2059,0,0,0,0
826.804,0.2059,0,0,0,0
826.837,0.2059,0,0,0,0
826.872,0.2059,0,0,0,0
826.903,0.2059,0,0,0,0
826.941,0.2059,0,0,0,0
826.973,0.2059,0,0,0,0
827.003,0.2059,0,0,0,0
827.035,0.2059,0,0,0,0
827.071,0.2059,0,0,0,0
827.104,0.2059,0,0,0,0
827.139,0.2059,0,0,0,0
827.169,0.2059,0,0,0,0
827.209,0.2059,0,0,0,0
