time,halfW01,d0,d1,d2,d3
2.938,0.7547,2,5,5,2
0.333,0.7800,2,5,5,2
0.364,0.7815,2,5,5,2
0.397,0.7844,2,5,5,2
0.430,0.7874,2,5,5,2
0.464,0.7889,2,5,5,2
0.496,0.7918,2,5,5,2
0.528,0.7947,2,5,5,2
0.562,0.7962,2,5,5,2
0.609,0.8005,2,5,5,2
0.631,0.8019,2,5,5,2
0.662,0.8033,2,5,5,2
0.720,0.8075,2,5,5,2
0.733,0.8089,2,5,5,2
0.771,0.8117,2,5,5,2
0.804,0.8131,2,5,5,2
0.838,0.8158,2,5,5,2
0.873,0.8184,2,5,5,2
0.904,0.8198,2,5,5,2
0.937,0.8224,2,5,5,2
0.984,0.8249,2,5,5,2
0.999,0.8262,2,5,5,2
1.035,0.8287,2,5,5,2
1.069,0.8312,2,5,5,2
1.107,0.8336,2,5,5,2
1.136,0.8348,2,5,5,2
1.172,0.8371,2,5,5,2
1.203,0.8383,2,5,5,2
1.235,0.8405,2,5,5,2
1.267,0.8428,2,5,5,2
1.306,0.8449,2,5,5,2
1.337,0.8460,2,5,5,2
1.368,0.8480,2,5,5,2
1.403,0.8491,2,5,5,2
1.436,0.8511,2,5,5,2
1.471,0.8530,2,5,5,2
1.500,0.8539,2,5,5,2
1.535,0.8558,2,5,5,2
1.570,0.8576,2,5,5,2
1.601,0.8584,2,5,5,2
1.637,0.8601,2,5,5,2
1.670,0.8618,2,5,5,2
1.704,0.8626,2,5,5,2
1.736,0.8641,2,5,5,2
1.769,0.8656,2,5,5,2
1.800,0.8663,2,5,5,2
1.834,0.8677,2,5,5,2
1.872,0.8691,2,5,5,2
1.905,0.8697,2,5,5,2
1.937,0.8710,2,5,5,2
1.970,0.8722,2,5,5,2
2.005,0.8728,2,5,5,2
2.037,0.8739,2,5,5,2
2.070,0.8750,2,5,5,2
2.101,0.8755,2,5,5,2
2.134,0.8764,2,5,5,2
2.169,0.8774,2,5,5,2
2.203,0.8778,2,5,5,2
2.237,0.8787,2,5,5,2
2.268,0.8795,2,5,5,2
2.302,0.8798,2,5,5,2
2.337,0.8806,2,5,5,2
2.370,0.8812,2,5,5,2
2.400,0.8815,2,5,5,2
2.437,0.8821,2,5,5,2
2.471,0.8827,2,5,5,2
2.504,0.8830,2,5,5,2
2.535,0.8835,2,5,5,2
2.569,0.8839,2,5,5,2
2.603,0.8841,2,5,5,2
2.636,0.8845,2,5,5,2
2.670,0.8848,2,5,5,2
2.702,0.8850,2,5,5,2
2.736,0.8853,0,0,0,0
2.769,0.8855,0,0,0,0
2.805,0.8857,0,0,0,0
2.836,0.8859,0,0,0,0
2.870,0.8860,0,0,0,0
2.904,0.8861,0,0,0,0
2.938,0.8862,0,0,0,0
2.970,0.8863,0,0,0,0
3.002,0.8863,0,0,0,0
3.037,0.8864,0,0,0,0
3.069,0.8864,0,0,0,0
3.103,0.8864,0,0,0,0
3.136,0.8864,0,0,0,0
3.171,0.8863,0,0,0,0
3.203,0.8863,0,0,0,0
3.237,0.8862,0,0,0,0
3.269,0.8861,0,0,0,0
3.303,0.8860,0,0,0,0
3.334,0.8859,0,0,0,0
3.369,0.8857,0,0,0,0
3.404,0.8856,0,0,0,0
3.435,0.8855,0,0,0,0
3.471,0.8852,0,0,0,0
3.504,0.8851,0,0,0,0
3.538,0.8849,0,0,0,0
3.569,0.8846,0,0,0,0
3.604,0.8845,0,0,0,0
3.634,0.8842,0,0,0,0
3.670,0.8839,0,0,0,0
3.703,0.8838,0,0,0,0
3.739,0.8835,0,0,0,0
3.770,0.8831,0,0,0,0
3.805,0.8830,0,0,0,0
3.838,0.8826,0,0,0,0
3.869,0.8823,0,0,0,0
3.903,0.8821,0,0,0,0
3.936,0.8817,0,0,0,0
3.970,0.8813,0,0,0,0
4.001,0.8811,0,0,0,0
4.037,0.8807,0,0,0,0
4.070,0.8803,0,0,0,0
4.102,0.8801,0,0,0,0
4.136,0.8796,0,0,0,0
4.171,0.8792,0,0,0,0
4.202,0.8790,0,0,0,0
4.235,0.8785,0,0,0,0
4.272,0.8781,0,0,0,0
4.303,0.8778,0,0,0,0
4.334,0.8774,0,0,0,0
4.368,0.8769,0,0,0,0
4.401,0.8766,0,0,0,0
4.439,0.8761,0,0,0,0
4.471,0.8756,0,0,0,0
4.505,0.8754,0,0,0,0
4.536,0.8749,0,0,0,0
4.567,0.8744,0,0,0,0
4.605,0.8741,0,0,0,0
4.638,0.8736,0,0,0,0
4.672,0.8731,0,0,0,0
4.703,0.8728,0,0,0,0
4.737,0.8723,0,0,0,0
4.770,0.8717,0,0,0,0
4.804,0.8714,0,0,0,0
4.835,0.8709,0,0,0,0
4.869,0.8703,0,0,0,0
4.904,0.8701,0,0,0,0
4.936,0.8695,0,0,0,0
4.972,0.8689,0,0,0,0
4.993,0.8686,0,0,0,0
5.038,0.8681,0,0,0,0
5.071,0.8675,0,0,0,0
5.102,0.8672,0,0,0,0
5.135,0.8666,0,0,0,0
5.170,0.8660,0,0,0,0
5.204,0.8658,0,0,0,0
5.235,0.8652,0,0,0,0
5.269,0.8646,0,0,0,0
5.301,0.8643,0,0,0,0
5.340,0.8637,0,0,0,0
5.360,0.8634,0,0,0,0
5.401,0.8628,0,0,0,0
5.435,0.8622,0,0,0,0
5.468,0.8616,0,0,0,0
5.502,0.8613,0,0,0,0
5.536,0.8607,0,0,0,0
5.567,0.8601,0,0,0,0
5.602,0.8598,0,0,0,0
5.638,0.8591,0,0,0,0
5.671,0.8585,0,0,0,0
5.702,0.8582,0,0,0,0
5.734,0.8576,0,0,0,0
5.771,0.8570,0,0,0,0
5.803,0.8567,0,0,0,0
5.834,0.8561,0,0,0,0
5.872,0.8554,0,0,0,0
5.904,0.8551,0,0,0,0
5.937,0.8545,0,0,0,0
5.968,0.8539,0,0,0,0
6.004,0.8536,0,0,0,0
6.036,0.8530,0,0,0,0
6.069,0.8523,0,0,0,0
6.103,0.8520,0,0,0,0
6.134,0.8514,0,0,0,0
6.171,0.8508,0,0,0,0
6.204,0.8504,0,0,0,0
6.239,0.8498,0,0,0,0
6.268,0.8492,0,0,0,0
6.302,0.8489,0,0,0,0
6.336,0.8483,0,0,0,0
6.368,0.8476,0,0,0,0
6.400,0.8473,0,0,0,0
6.437,0.8472,0,0,0,0
6.469,0.8480,0,0,0,0
6.504,0.8483,0,0,0,0
6.530,0.8491,0,0,0,0
6.569,0.8499,0,0,0,0
6.601,0.8503,0,0,0,0
6.636,0.8511,0,0,0,0
6.670,0.8519,0,0,0,0
6.703,0.8523,0,0,0,0
6.734,0.8530,0,0,0,0
6.771,0.8538,0,0,0,0
6.803,0.8542,0,0,0,0
6.835,0.8550,0,0,0,0
6.870,0.8557,0,0,0,0
6.905,0.8561,0,0,0,0
6.936,0.8569,0,0,0,0
6.971,0.8577,0,0,0,0
7.001,0.8581,0,0,0,0
7.038,0.8588,0,0,0,0
7.070,0.8596,0,0,0,0
7.101,0.8600,0,0,0,0
7.138,0.8608,0,0,0,0
7.170,0.8615,0,0,0,0
7.201,0.8619,0,0,0,0
7.236,0.8627,0,0,0,0
7.270,0.8635,0,0,0,0
7.302,0.8638,0,0,0,0
7.337,0.8646,0,0,0,0
7.369,0.8654,0,0,0,0
7.404,0.8658,0,0,0,0
7.438,0.8665,0,0,0,0
7.472,0.8673,0,0,0,0
7.499,0.8677,0,0,0,0
7.537,0.8685,0,0,0,0
7.571,0.8692,0,0,0,0
7.603,0.8696,0,0,0,0
7.638,0.8704,0,0,0,0
7.667,0.8711,0,0,0,0
7.704,0.8715,0,0,0,0
7.738,0.8723,0,0,0,0
7.771,0.8731,0,0,0,0
7.802,0.8735,0,0,0,0
7.836,0.8742,0,0,0,0
7.871,0.8750,0,0,0,0
7.903,0.8754,0,0,0,0
7.936,0.8762,0,0,0,0
7.969,0.8769,0,0,0,0
8.004,0.8773,0,0,0,0
8.035,0.8781,0,0,0,0
8.069,0.8789,0,0,0,0
8.102,0.8792,0,0,0,0
8.136,0.8800,0,0,0,0
8.171,0.8808,0,0,0,0
8.203,0.8812,0,0,0,0
8.238,0.8820,0,0,0,0
8.272,0.8828,0,0,0,0
8.305,0.8832,0,0,0,0
8.336,0.8839,0,0,0,0
8.371,0.8847,0,0,0,0
8.404,0.8852,0,0,0,0
8.436,0.8860,0,0,0,0
8.471,0.8868,0,0,0,0
8.505,0.8872,0,0,0,0
8.536,0.8880,0,0,0,0
8.571,0.8888,0,0,0,0
8.603,0.8892,0,0,0,0
8.637,0.8900,0,0,0,0
8.671,0.8908,0,0,0,0
8.705,0.8912,0,0,0,0
8.736,0.8920,0,0,0,0
8.771,0.8928,0,0,0,0
8.802,0.8932,0,0,0,0
8.838,0.8940,0,0,0,0
8.870,0.8948,0,0,0,0
8.901,0.8952,0,0,0,0
8.936,0.8959,0,0,0,0
8.971,0.8967,0,0,0,0
9.003,0.8971,0,0,0,0
9.036,0.8979,0,0,0,0
9.069,0.8986,0,0,0,0
9.105,0.8990,0,0,0,0
9.137,0.8997,0,0,0,0
9.171,0.9005,0,0,0,0
9.203,0.9008,0,0,0,0
9.238,0.9016,0,0,0,0
9.271,0.9023,0,0,0,0
9.303,0.9027,0,0,0,0
9.337,0.9034,0,0,0,0
9.370,0.9041,0,0,0,0
9.404,0.9044,0,0,0,0
9.434,0.9052,0,0,0,0
9.471,0.9058,0,0,0,0
9.505,0.9062,0,0,0,0
9.537,0.9069,0,0,0,0
9.568,0.9076,0,0,0,0
9.604,0.9079,0,0,0,0
9.635,0.9086,0,0,0,0
9.669,0.9092,0,0,0,0
9.705,0.9096,0,0,0,0
9.738,0.9102,0,0,0,0
9.769,0.9109,0,0,0,0
9.801,0.9112,0,0,0,0
9.837,0.9118,0,0,0,0
9.870,0.9125,0,0,0,0
9.902,0.9128,0,0,0,0
9.938,0.9134,0,0,0,0
9.969,0.9140,0,0,0,0
10.004,0.9143,0,0,0,0
10.038,0.9150,0,0,0,0
10.071,0.9155,0,0,0,0
10.102,0.9157,0,0,0,0
10.134,0.9156,0,0,0,0
10.171,0.9149,0,0,0,0
10.204,0.9143,0,0,0,0
10.235,0.9122,2,5,5,2
10.272,0.9093,2,5,5,2
10.304,0.9075,2,5,5,2
10.338,0.9032,2,5,5,2
10.371,0.8981,2,5,5,2
10.402,0.8953,2,5,5,2
10.436,0.8890,2,5,5,2
10.469,0.8823,2,5,5,2
10.502,0.8788,2,5,5,2
10.538,0.8717,2,5,5,2
10.568,0.8647,2,5,5,2
10.603,0.8613,2,5,5,2
10.638,0.8548,2,5,5,2
10.671,0.8489,2,5,5,2
10.703,0.8462,2,5,5,2
10.736,0.8413,2,5,5,2
10.768,0.8371,2,5,5,2
10.801,0.8352,2,5,5,2
10.835,0.8319,2,5,5,2
10.869,0.8292,2,5,5,2
10.905,0.8281,2,5,5,2
10.936,0.8263,2,5,5,2
10.968,0.8254,2,5,5,2
11.003,0.8253,2,5,5,2
11.037,0.8261,2,5,5,2
11.071,0.8280,2,5,5,2
11.104,0.8293,2,5,5,2
11.134,0.8329,2,5,5,2
11.169,0.8374,2,5,5,2
11.202,0.8400,2,5,5,2
11.236,0.8458,2,5,5,2
11.269,0.8522,2,5,5,2
11.302,0.8557,2,5,5,2
11.335,0.8629,2,5,5,2
11.371,0.8702,2,5,5,2
11.404,0.8739,2,5,5,2
11.438,0.8809,2,5,5,2
11.467,0.8874,2,5,5,2
11.504,0.8904,2,5,5,2
11.537,0.8961,2,5,5,2
11.569,0.9011,2,5,5,2
11.602,0.9034,2,5,5,2
11.638,0.9076,2,5,5,2
11.669,0.9112,2,5,5,2
11.701,0.9127,2,5,5,2
11.739,0.9147,2,5,5,2
11.768,0.9155,2,5,5,2
11.804,0.9155,2,5,5,2
11.838,0.9143,2,5,5,2
11.870,0.9119,2,5,5,2
11.903,0.9102,2,5,5,2
11.938,0.9060,2,5,5,2
11.971,0.9008,2,5,5,2
12.004,0.8979,2,5,5,2
12.035,0.8913,2,5,5,2
12.066,0.8840,2,5,5,2
12.106,0.8762,2,5,5,2
12.139,0.8721,2,5,5,2
12.167,0.8635,2,5,5,2
12.214,0.8545,2,5,5,2
12.236,0.8498,2,5,5,2
12.270,0.8403,2,5,5,2
12.302,0.8354,2,5,5,2
12.334,0.8254,2,5,5,2
12.371,0.8152,2,5,5,2
12.404,0.8100,2,5,5,2
12.436,0.7996,2,5,5,2
12.471,0.7890,2,5,5,2
12.500,0.7837,2,5,5,2
12.536,0.7730,2,5,5,2
12.567,0.7622,2,5,5,2
12.605,0.7569,2,5,5,2
12.638,0.7461,2,5,5,2
12.671,0.7352,2,5,5,2
12.703,0.7298,2,5,5,2
12.736,0.7189,2,5,5,2
12.768,0.7080,2,5,5,2
12.804,0.7026,2,5,5,2
12.835,0.6917,2,5,5,2
12.870,0.6809,2,5,5,2
12.904,0.6755,2,5,5,2
12.936,0.6646,1,6,6,1
12.968,0.6537,1,6,6,1
13.003,0.6483,1,6,6,1
13.038,0.6374,1,6,6,1
13.070,0.6265,1,6,6,1
13.104,0.6210,1,6,6,1
13.138,0.6101,1,6,6,1
13.170,0.5992,1,6,6,1
13.202,0.5938,1,6,6,1
13.236,0.5829,1,6,6,1
13.271,0.5721,1,6,6,1
13.304,0.5667,1,6,6,1
13.334,0.5559,1,6,6,1
13.371,0.5452,1,6,6,1
13.404,0.5398,1,6,6,1
13.437,0.5291,1,6,6,1
13.471,0.5185,1,6,6,1
13.503,0.5132,1,6,6,1
13.536,0.5026,1,6,6,1
13.569,0.4921,1,6,6,1
13.604,0.4869,1,6,6,1
13.638,0.4769,1,6,6,1
13.672,0.4675,1,6,6,1
13.702,0.4631,1,6,6,1
13.738,0.4551,1,6,6,1
13.768,0.4482,1,6,6,1
13.805,0.4452,1,6,6,1
13.836,0.4399,1,6,6,1
13.872,0.4357,1,6,6,1
13.903,0.4340,1,6,6,1
13.934,0.4312,0,7,7,0
13.968,0.4293,0,7,7,0
14.002,0.4286,0,7,7,0
14.035,0.4276,0,7,7,0
14.071,0.4271,0,7,7,0
14.104,0.4270,0,7,7,0
14.134,0.4270,0,7,7,0
14.171,0.4273,0,7,7,0
14.201,0.4275,0,7,7,0
14.234,0.4279,0,7,7,0
14.267,0.4284,0,7,7,0
14.304,0.4287,0,7,7,0
14.337,0.4292,0,7,7,0
14.369,0.4297,0,7,7,0
14.404,0.4299,0,7,7,0
14.435,0.4303,0,7,7,0
14.471,0.4306,0,7,7,0
14.500,0.4308,0,7,7,0
14.536,0.4310,0,7,7,0
14.571,0.4312,0,7,7,0
14.601,0.4313,0,7,7,0
14.636,0.4314,0,7,7,0
14.668,0.4315,0,7,7,0
14.701,0.4315,0,7,7,0
14.738,0.4316,0,7,7,0
14.770,0.4316,0,7,7,0
14.802,0.4316,0,7,7,0
14.834,0.4316,0,7,7,0
14.871,0.4315,0,7,7,0
14.901,0.4315,0,7,7,0
14.937,0.4315,0,7,7,0
14.971,0.4314,0,0,0,0
15.005,0.4314,0,0,0,0
15.038,0.4313,0,0,0,0
15.059,0.4313,0,0,0,0
15.103,0.4312,0,0,0,0
15.135,0.4312,0,0,0,0
15.171,0.4311,0,0,0,0
15.203,0.4311,0,0,0,0
15.235,0.4310,0,0,0,0
15.268,0.4310,0,0,0,0
15.304,0.4309,0,0,0,0
15.335,0.4309,0,0,0,0
15.372,0.4308,0,0,0,0
15.403,0.4308,0,0,0,0
15.437,0.4307,0,0,0,0
15.469,0.4306,0,0,0,0
15.503,0.4306,0,0,0,0
15.536,0.4305,0,0,0,0
15.569,0.4305,0,0,0,0
15.603,0.4304,0,0,0,0
15.638,0.4304,0,0,0,0
15.669,0.4303,0,0,0,0
15.704,0.4303,0,0,0,0
15.735,0.4302,0,0,0,0
15.769,0.4302,0,0,0,0
15.803,0.4301,0,0,0,0
15.836,0.4301,0,0,0,0
15.871,0.4300,0,0,0,0
15.901,0.4300,0,0,0,0
15.936,0.4299,0,0,0,0
15.969,0.4299,0,0,0,0
16.001,0.4298,0,0,0,0
16.038,0.4298,0,0,0,0
16.071,0.4297,0,0,0,0
16.103,0.4297,0,0,0,0
16.135,0.4296,0,0,0,0
16.170,0.4296,0,0,0,0
16.203,0.4295,0,0,0,0
16.236,0.4295,0,0,0,0
16.271,0.4294,0,0,0,0
16.303,0.4294,0,0,0,0
16.336,0.4294,0,0,0,0
16.369,0.4293,0,0,0,0
16.404,0.4293,0,0,0,0
16.436,0.4292,0,0,0,0
16.471,0.4292,0,0,0,0
16.504,0.4291,0,0,0,0
16.535,0.4291,0,0,0,0
16.570,0.4290,0,0,0,0
16.602,0.4290,0,0,0,0
16.637,0.4290,0,0,0,0
16.671,0.4289,0,0,0,0
16.702,0.4289,0,0,0,0
16.736,0.4289,0,0,0,0
16.771,0.4288,0,0,0,0
16.802,0.4288,0,0,0,0
16.838,0.4287,0,0,0,0
16.870,0.4287,0,0,0,0
16.901,0.4287,0,0,0,0
16.934,0.4286,0,0,0,0
16.970,0.4286,0,0,0,0
17.004,0.4286,0,0,0,0
17.038,0.4285,0,0,0,0
17.071,0.4285,0,0,0,0
17.103,0.4285,0,0,0,0
17.131,0.4284,0,0,0,0
17.171,0.4284,0,0,0,0
17.204,0.4283,0,0,0,0
17.236,0.4280,0,0,0,0
17.269,0.4274,0,0,0,0
17.301,0.4269,0,0,0,0
17.335,0.4257,0,0,0,0
17.369,0.4236,0,7,7,0
17.403,0.4223,0,7,7,0
17.437,0.4191,0,7,7,0
17.470,0.4153,0,7,7,0
17.502,0.4134,0,7,7,0
17.535,0.4095,0,7,7,0
17.569,0.4071,0,7,7,0
17.604,0.4095,0,7,7,0
17.634,0.4142,0,7,7,0
17.669,0.4185,0,7,7,0
17.704,0.4204,0,7,7,0
17.734,0.4236,0,7,7,0
17.769,0.4259,0,7,7,0
17.803,0.4266,0,7,7,0
17.838,0.4272,0,7,7,0
17.871,0.4272,0,7,7,0
17.902,0.4273,0,7,7,0
17.950,0.4277,0,7,7,0
17.968,0.4280,0,7,7,0
18.002,0.4283,0,7,7,0
18.040,0.4290,0,7,7,0
18.071,0.4297,0,7,7,0
18.104,0.4299,0,7,7,0
18.136,0.4298,0,7,7,0
18.172,0.4291,0,7,7,0
18.204,0.4285,0,7,7,0
18.236,0.4269,0,7,7,0
18.269,0.4337,0,7,7,0
18.302,0.4368,0,7,7,0
18.335,0.4429,0,7,7,0
18.367,0.4485,0,7,7,0
18.404,0.4512,0,7,7,0
18.434,0.4565,0,7,7,0
18.470,0.4615,0,7,7,0
18.503,0.4639,0,7,7,0
18.537,0.4685,0,7,7,0
18.570,0.4728,0,7,7,0
18.603,0.4748,0,7,7,0
18.638,0.4786,0,7,7,0
18.672,0.4819,0,7,7,0
18.705,0.4834,0,7,7,0
18.736,0.4860,0,7,7,0
18.768,0.4879,0,7,7,0
18.805,0.4887,1,6,6,1
18.838,0.4898,1,6,6,1
18.872,0.4903,1,6,6,1
18.905,0.4903,1,6,6,1
18.937,0.4900,1,6,6,1
18.968,0.4896,1,6,6,1
19.004,0.4893,1,6,6,1
19.038,0.4885,1,6,6,1
19.068,0.4874,0,7,7,0
19.101,0.4868,0,7,7,0
19.135,0.4851,0,7,7,0
19.169,0.4832,0,7,7,0
19.201,0.4822,0,7,7,0
19.237,0.4801,0,7,7,0
19.269,0.4780,0,7,7,0
19.303,0.4769,0,7,7,0
19.337,0.4747,0,7,7,0
19.369,0.4725,0,7,7,0
19.401,0.4715,0,7,7,0
19.436,0.4694,0,7,7,0
19.471,0.4675,0,7,7,0
19.504,0.4666,0,7,7,0
19.537,0.4649,0,7,7,0
19.569,0.4633,0,7,7,0
19.602,0.4772,0,0,0,0
19.636,0.4755,0,0,0,0
19.670,0.4740,0,0,0,0
19.703,0.4733,0,0,0,0
19.735,0.4719,0,0,0,0
19.771,0.4703,0,0,0,0
19.804,0.4693,0,0,0,0
19.837,0.4666,0,0,0,0
19.870,0.4630,0,0,0,0
19.904,0.4609,0,0,0,0
19.935,0.4558,0,0,0,0
19.968,0.4498,0,0,0,0
20.001,0.4465,0,0,0,0
20.034,0.4392,0,0,0,0
20.068,0.4312,0,0,0,0
20.103,0.4270,0,0,0,0
20.138,0.4181,0,7,7,0
20.170,0.4088,0,7,7,0
20.201,0.4040,0,7,7,0
20.236,0.3941,0,7,7,0
20.271,0.3840,0,7,7,0
20.305,0.3790,0,7,7,0
20.338,0.3686,0,7,7,0
20.368,0.3582,0,7,7,0
20.399,0.3530,0,7,7,0
20.437,0.3426,0,7,7,0
20.468,0.3322,0,7,7,0
20.503,0.3272,0,7,7,0
20.533,0.3175,0,7,7,0
20.568,0.3089,0,7,7,0
20.603,0.3050,0,7,7,0
20.638,0.2982,0,7,7,0
20.669,0.2929,0,7,7,0
20.705,0.2909,0,7,7,0
20.736,0.2889,0,7,7,0
20.768,0.2891,0,7,7,0
20.800,0.2901,0,7,7,0
20.838,0.2938,0,7,7,0
20.870,0.2994,0,7,7,0
20.902,0.3028,0,7,7,0
20.935,0.3106,0,7,7,0
20.967,0.3192,0,7,7,0
21.005,0.3237,0,7,7,0
21.037,0.3329,0,7,7,0
21.070,0.3416,0,7,7,0
21.103,0.3456,0,7,7,0
21.135,0.3527,0,7,7,0
21.168,0.3586,0,7,7,0
21.204,0.3612,0,7,7,0
21.236,0.3655,0,7,7,0
23.239,0.3773,0,7,7,0
23.268,0.3773,0,7,7,0
23.300,0.3772,0,7,7,0
23.341,0.3771,0,7,7,0
23.371,0.3770,0,7,7,0
23.405,0.3770,0,7,7,0
23.439,0.3768,0,7,7,0
23.469,0.3766,0,7,7,0
23.503,0.3765,0,7,7,0
23.534,0.3763,0,7,7,0
23.567,0.3761,0,7,7,0
23.603,0.3759,0,7,7,0
23.634,0.3757,0,7,7,0
23.668,0.3753,0,7,7,0
23.705,0.3752,0,7,7,0
23.736,0.3748,0,7,7,0
23.768,0.3745,0,7,7,0
23.802,0.3743,0,7,7,0
23.836,0.3739,0,7,7,0
23.871,0.3735,0,7,7,0
23.905,0.3733,0,7,7,0
23.934,0.3729,0,7,7,0
23.970,0.3725,0,7,7,0
24.004,0.3723,0,7,7,0
24.034,0.3719,0,7,7,0
24.071,0.3715,0,7,7,0
24.101,0.3712,0,7,7,0
24.140,0.3708,0,7,7,0
24.170,0.3704,0,7,7,0
24.202,0.3702,0,7,7,0
24.234,0.3698,0,7,7,0
24.272,0.3694,0,0,0,0
24.302,0.3692,0,0,0,0
24.339,0.3687,0,0,0,0
24.369,0.3683,0,0,0,0
24.407,0.3679,0,0,0,0
24.436,0.3677,0,0,0,0
24.467,0.3673,0,0,0,0
24.505,0.3670,0,0,0,0
24.536,0.3666,0,0,0,0
24.573,0.3662,0,0,0,0
24.599,0.3660,0,0,0,0
24.633,0.3655,0,0,0,0
24.673,0.3651,0,0,0,0
24.702,0.3649,0,0,0,0
24.736,0.3644,0,0,0,0
24.768,0.3640,0,0,0,0
24.804,0.3638,0,0,0,0
24.839,0.3633,0,0,0,0
24.872,0.3629,0,0,0,0
24.902,0.3626,0,0,0,0
24.934,0.3622,0,0,0,0
24.971,0.3617,0,0,0,0
25.003,0.3615,0,0,0,0
25.038,0.3610,0,0,0,0
25.073,0.3606,0,0,0,0
25.103,0.3604,0,0,0,0
25.136,0.3599,0,0,0,0
25.171,0.3595,0,0,0,0
25.201,0.3592,0,0,0,0
25.238,0.3588,0,0,0,0
25.271,0.3583,0,0,0,0
25.301,0.3581,0,0,0,0
25.334,0.3577,0,0,0,0
25.370,0.3572,0,0,0,0
25.401,0.3570,0,0,0,0
25.436,0.3565,0,0,0,0
25.467,0.3561,0,0,0,0
25.501,0.3559,0,0,0,0
25.537,0.3554,0,0,0,0
25.569,0.3550,0,0,0,0
25.606,0.3546,0,0,0,0
25.633,0.3544,0,0,0,0
25.672,0.3539,0,0,0,0
25.701,0.3537,0,0,0,0
25.738,0.3533,0,0,0,0
25.766,0.3529,0,0,0,0
25.805,0.3527,0,0,0,0
25.839,0.3523,0,0,0,0
25.866,0.3519,0,0,0,0
25.904,0.3517,0,0,0,0
25.935,0.3513,0,0,0,0
25.973,0.3509,0,0,0,0
26.002,0.3507,0,0,0,0
26.040,0.3503,0,0,0,0
26.069,0.3499,0,0,0,0
26.101,0.3498,0,0,0,0
26.139,0.3494,0,0,0,0
26.169,0.3490,0,0,0,0
26.206,0.3487,0,0,0,0
26.234,0.3485,0,0,0,0
26.272,0.3482,0,0,0,0
26.302,0.3480,0,0,0,0
26.333,0.3476,0,0,0,0
26.372,0.3473,0,0,0,0
26.401,0.3472,0,0,0,0
26.436,0.3468,0,0,0,0
26.471,0.3465,0,0,0,0
26.500,0.3464,0,0,0,0
26.539,0.3461,0,0,0,0
26.568,0.3458,0,0,0,0
26.603,0.3456,0,0,0,0
26.635,0.3453,0,0,0,0
26.671,0.3450,0,0,0,0
26.700,0.3449,0,0,0,0
26.738,0.3446,0,0,0,0
26.768,0.3443,0,0,0,0
26.801,0.3442,0,0,0,0
26.838,0.3439,0,0,0,0
26.868,0.3437,0,0,0,0
26.901,0.3436,0,0,0,0
26.939,0.3433,0,0,0,0
26.968,0.3431,0,0,0,0
27.003,0.3429,0,0,0,0
27.038,0.3427,0,0,0,0
27.070,0.3425,0,0,0,0
27.106,0.3424,0,0,0,0
27.138,0.3421,0,0,0,0
27.167,0.3419,0,0,0,0
27.204,0.3418,0,0,0,0
27.238,0.3416,0,0,0,0
27.267,0.3414,0,0,0,0
27.301,0.3413,0,0,0,0
27.336,0.3411,0,0,0,0
27.371,0.3409,0,0,0,0
27.405,0.3408,0,0,0,0
27.436,0.3406,0,0,0,0
27.468,0.3404,0,0,0,0
27.508,0.3402,0,0,0,0
27.536,0.3401,0,0,0,0
27.572,0.3399,0,0,0,0
27.601,0.3398,0,0,0,0
27.632,0.3397,0,0,0,0
27.671,0.3395,0,0,0,0
27.705,0.3394,0,0,0,0
27.738,0.3392,0,0,0,0
27.769,0.3391,0,0,0,0
27.805,0.3390,0,0,0,0
27.838,0.3388,0,0,0,0
27.867,0.3386,0,0,0,0
27.902,0.3386,0,0,0,0
27.935,0.3384,0,0,0,0
27.969,0.3383,0,0,0,0
28.004,0.3382,0,0,0,0
28.039,0.3380,0,0,0,0
28.068,0.3379,0,0,0,0
28.102,0.3378,0,0,0,0
28.137,0.3377,0,0,0,0
28.167,0.3375,0,0,0,0
28.201,0.3374,0,0,0,0
28.240,0.3373,0,0,0,0
28.266,0.3372,0,0,0,0
28.305,0.3371,0,0,0,0
28.336,0.3370,0,0,0,0
28.366,0.3368,0,0,0,0
28.404,0.3368,0,0,0,0
28.435,0.3366,0,0,0,0
28.476,0.3365,0,0,0,0
28.499,0.3364,0,0,0,0
28.538,0.3363,0,0,0,0
28.568,0.3362,0,0,0,0
28.604,0.3361,0,0,0,0
28.638,0.3360,0,0,0,0
28.667,0.3359,0,0,0,0
28.702,0.3358,0,0,0,0
28.737,0.3357,0,0,0,0
28.768,0.3356,0,0,0,0
28.804,0.3355,0,0,0,0
28.838,0.3352,0,0,0,0
28.872,0.3347,0,0,0,0
28.900,0.3345,0,0,0,0
28.936,0.3341,0,0,0,0
28.972,0.3339,0,0,0,0
29.001,0.3338,0,0,0,0
29.038,0.3336,0,0,0,0
29.068,0.3335,0,0,0,0
29.107,0.3335,0,0,0,0
29.132,0.3334,0,0,0,0
29.171,0.3334,0,0,0,0
29.202,0.3334,0,0,0,0
29.240,0.3333,0,0,0,0
29.270,0.3333,0,0,0,0
29.301,0.3333,0,0,0,0
29.337,0.3332,0,0,0,0
29.373,0.3332,0,0,0,0
29.403,0.3331,0,0,0,0
29.436,0.3331,0,0,0,0
29.467,0.3330,0,0,0,0
29.505,0.3330,0,0,0,0
29.538,0.3329,0,0,0,0
29.571,0.3328,0,0,0,0
29.602,0.3328,0,0,0,0
29.636,0.3327,0,0,0,0
29.670,0.3326,0,0,0,0
29.700,0.3326,0,0,0,0
29.737,0.3325,0,0,0,0
29.770,0.3324,0,0,0,0
29.805,0.3324,0,0,0,0
29.836,0.3323,0,0,0,0
29.868,0.3322,0,0,0,0
29.902,0.3322,0,0,0,0
29.933,0.3321,0,0,0,0
29.968,0.3321,0,0,0,0
30.001,0.3321,0,0,0,0
30.035,0.3320,0,0,0,0
30.070,0.3319,0,0,0,0
30.105,0.3319,0,0,0,0
30.138,0.3319,0,0,0,0
30.168,0.3318,0,0,0,0
30.205,0.3318,0,0,0,0
30.236,0.3317,0,0,0,0
30.268,0.3317,0,0,0,0
30.306,0.3316,0,0,0,0
30.337,0.3316,0,0,0,0
30.369,0.3315,0,0,0,0
30.399,0.3315,0,0,0,0
30.438,0.3315,0,0,0,0
30.468,0.3314,0,0,0,0
30.506,0.3314,0,0,0,0
30.537,0.3313,0,0,0,0
30.567,0.3313,0,0,0,0
30.605,0.3312,0,0,0,0
30.635,0.3312,0,0,0,0
30.672,0.3311,0,0,0,0
30.702,0.3311,0,0,0,0
30.734,0.3311,0,0,0,0
30.773,0.3310,0,0,0,0
30.803,0.3310,0,0,0,0
30.834,0.3309,0,0,0,0
30.873,0.3309,0,0,0,0
30.902,0.3309,0,0,0,0
30.939,0.3308,0,0,0,0
30.969,0.3308,0,0,0,0
31.003,0.3307,0,0,0,0
31.037,0.3307,0,0,0,0
31.072,0.3307,0,0,0,0
31.102,0.3306,0,0,0,0
31.138,0.3306,0,0,0,0
31.170,0.3305,0,0,0,0
31.204,0.3305,0,0,0,0
31.239,0.3305,0,0,0,0
31.269,0.3304,0,0,0,0
31.304,0.3304,0,0,0,0
31.337,0.3304,0,0,0,0
31.372,0.3303,0,0,0,0
31.401,0.3303,0,0,0,0
31.438,0.3303,0,0,0,0
31.473,0.3302,0,0,0,0
31.505,0.3302,0,0,0,0
31.534,0.3301,0,0,0,0
31.570,0.3301,0,0,0,0
31.600,0.3301,0,0,0,0
31.634,0.3300,0,0,0,0
31.668,0.3300,0,0,0,0
31.701,0.3300,0,0,0,0
31.740,0.3299,0,0,0,0
31.771,0.3299,0,0,0,0
31.802,0.3299,0,0,0,0
31.835,0.3299,0,0,0,0
31.869,0.3298,0,0,0,0
31.904,0.3298,0,0,0,0
31.937,0.3298,0,0,0,0
31.973,0.3297,0,0,0,0
32.005,0.3297,0,0,0,0
32.035,0.3297,0,0,0,0
32.073,0.3296,0,0,0,0
32.100,0.3296,0,0,0,0
32.138,0.3296,0,0,0,0
32.169,0.3296,0,0,0,0
32.201,0.3295,0,0,0,0
32.239,0.3295,0,0,0,0
32.268,0.3295,0,0,0,0
32.302,0.3295,0,0,0,0
32.338,0.3294,0,0,0,0
32.369,0.3294,0,0,0,0
32.401,0.3294,0,0,0,0
32.434,0.3293,0,0,0,0
32.468,0.3293,0,0,0,0
32.503,0.3293,0,0,0,0
32.535,0.3293,0,0,0,0
32.571,0.3292,0,0,0,0
32.601,0.3292,0,0,0,0
32.635,0.3292,0,0,0,0
32.670,0.3292,0,0,0,0
32.705,0.3292,0,0,0,0
32.734,0.3291,0,0,0,0
32.768,0.3291,0,0,0,0
32.804,0.3291,0,0,0,0
32.833,0.3291,0,0,0,0
32.867,0.3290,0,0,0,0
32.903,0.3290,0,0,0,0
32.935,0.3290,0,0,0,0
32.966,0.3290,0,0,0,0
33.002,0.3290,0,0,0,0
33.035,0.3289,0,0,0,0
33.068,0.3289,0,0,0,0
33.104,0.3289,0,0,0,0
33.139,0.3289,0,0,0,0
33.174,0.3288,0,0,0,0
33.202,0.3288,0,0,0,0
33.235,0.3288,0,0,0,0
33.273,0.3288,0,0,0,0
33.303,0.3288,0,0,0,0
33.336,0.3288,0,0,0,0
33.370,0.3287,0,0,0,0
33.403,0.3287,0,0,0,0
33.434,0.3287,0,0,0,0
33.469,0.3287,0,0,0,0
33.502,0.3287,0,0,0,0
33.538,0.3286,0,0,0,0
33.570,0.3286,0,0,0,0
33.605,0.3286,0,0,0,0
33.638,0.3286,0,0,0,0
33.670,0.3286,0,0,0,0
33.705,0.3286,0,0,0,0
33.734,0.3285,0,0,0,0
33.777,0.3285,0,0,0,0
33.804,0.3285,0,0,0,0
33.839,0.3285,0,0,0,0
33.871,0.3285,0,0,0,0
33.905,0.3285,0,0,0,0
33.932,0.3285,0,0,0,0
33.969,0.3284,0,0,0,0
34.008,0.3284,0,0,0,0
34.027,0.3284,0,0,0,0
34.071,0.3284,0,0,0,0
34.101,0.3284,0,0,0,0
34.134,0.3284,0,0,0,0
34.168,0.3284,0,0,0,0
34.201,0.3283,0,0,0,0
34.238,0.3283,0,0,0,0
34.268,0.3283,0,0,0,0
34.302,0.3283,0,0,0,0
34.336,0.3283,0,0,0,0
34.371,0.3283,0,0,0,0
34.405,0.3283,0,0,0,0
34.438,0.3283,0,0,0,0
34.467,0.3282,0,0,0,0
34.502,0.3282,0,0,0,0
34.535,0.3282,0,0,0,0
34.567,0.3282,0,0,0,0
34.605,0.3282,0,0,0,0
34.634,0.3282,0,0,0,0
34.672,0.3282,0,0,0,0
34.703,0.3282,0,0,0,0
34.733,0.3281,0,0,0,0
34.766,0.3281,0,0,0,0
34.808,0.3281,0,0,0,0
34.838,0.3281,0,0,0,0
34.870,0.3281,0,0,0,0
34.900,0.3281,0,0,0,0
34.935,0.3281,0,0,0,0
34.970,0.3281,0,0,0,0
35.003,0.3281,0,0,0,0
35.037,0.3281,0,0,0,0
35.071,0.3280,0,0,0,0
35.100,0.3280,0,0,0,0
35.136,0.3280,0,0,0,0
35.168,0.3280,0,0,0,0
35.202,0.3280,0,0,0,0
35.237,0.3280,0,0,0,0
35.267,0.3280,0,0,0,0
35.303,0.3280,0,0,0,0
35.336,0.3280,0,0,0,0
35.368,0.3280,0,0,0,0
35.402,0.3280,0,0,0,0
35.445,0.3279,0,0,0,0
35.469,0.3279,0,0,0,0
35.505,0.3279,0,0,0,0
35.535,0.3279,0,0,0,0
35.574,0.3279,0,0,0,0
35.603,0.3279,0,0,0,0
35.633,0.3279,0,0,0,0
35.675,0.3279,0,0,0,0
35.699,0.3279,0,0,0,0
35.739,0.3279,0,0,0,0
35.765,0.3279,0,0,0,0
35.800,0.3279,0,0,0,0
35.842,0.3278,0,0,0,0
35.868,0.3278,0,0,0,0
35.908,0.3278,0,0,0,0
35.934,0.3278,0,0,0,0
35.967,0.3278,0,0,0,0
36.005,0.3278,0,0,0,0
36.033,0.3278,0,0,0,0
36.073,0.3278,0,0,0,0
36.116,0.3278,0,0,0,0
36.149,0.3278,0,0,0,0
36.173,0.3278,0,0,0,0
36.204,0.3278,0,0,0,0
36.235,0.3278,0,0,0,0
36.272,0.3278,0,0,0,0
36.304,0.3278,0,0,0,0
36.339,0.3277,0,0,0,0
36.370,0.3277,0,0,0,0
36.402,0.3277,0,0,0,0
36.440,0.3277,0,0,0,0
36.468,0.3277,0,0,0,0
36.516,0.3277,0,0,0,0
36.532,0.3277,0,0,0,0
36.569,0.3277,0,0,0,0
36.601,0.3277,0,0,0,0
36.636,0.3277,0,0,0,0
36.672,0.3277,0,0,0,0
36.703,0.3277,0,0,0,0
36.735,0.3277,0,0,0,0
36.771,0.3277,0,0,0,0
36.803,0.3277,0,0,0,0
36.836,0.3277,0,0,0,0
36.869,0.3277,0,0,0,0
36.904,0.3277,0,0,0,0
36.935,0.3277,0,0,0,0
36.969,0.3276,0,0,0,0
37.005,0.3276,0,0,0,0
37.037,0.3276,0,0,0,0
37.068,0.3276,0,0,0,0
37.103,0.3276,0,0,0,0
37.137,0.3276,0,0,0,0
37.173,0.3276,0,0,0,0
37.207,0.3276,0,0,0,0
37.237,0.3276,0,0,0,0
37.271,0.3276,0,0,0,0
37.307,0.3276,0,0,0,0
37.340,0.3276,0,0,0,0
37.371,0.3276,0,0,0,0
37.406,0.3276,0,0,0,0
37.435,0.3276,0,0,0,0
37.468,0.3276,0,0,0,0
37.503,0.3276,0,0,0,0
37.540,0.3276,0,0,0,0
37.574,0.3276,0,0,0,0
37.607,0.3276,0,0,0,0
37.638,0.3276,0,0,0,0
37.669,0.3276,0,0,0,0
37.707,0.3276,0,0,0,0
37.738,0.3275,0,0,0,0
37.773,0.3275,0,0,0,0
37.802,0.3275,0,0,0,0
37.840,0.3275,0,0,0,0
37.871,0.3275,0,0,0,0
37.903,0.3275,0,0,0,0
37.937,0.3275,0,0,0,0
37.967,0.3275,0,0,0,0
38.001,0.3275,0,0,0,0
38.038,0.3275,0,0,0,0
38.073,0.3275,0,0,0,0
38.102,0.3275,0,0,0,0
38.139,0.3275,0,0,0,0
38.169,0.3275,0,0,0,0
38.203,0.3275,0,0,0,0
38.236,0.3275,0,0,0,0
38.271,0.3275,0,0,0,0
38.306,0.3275,0,0,0,0
38.335,0.3275,0,0,0,0
38.372,0.3275,0,0,0,0
38.404,0.3275,0,0,0,0
38.433,0.3275,0,0,0,0
38.469,0.3275,0,0,0,0
38.499,0.3275,0,0,0,0
38.538,0.3275,0,0,0,0
38.569,0.3275,0,0,0,0
38.601,0.3275,0,0,0,0
38.641,0.3275,0,0,0,0
38.667,0.3275,0,0,0,0
38.705,0.3275,0,0,0,0
38.736,0.3275,0,0,0,0
38.772,0.3275,0,0,0,0
38.803,0.3275,0,0,0,0
38.837,0.3275,0,0,0,0
38.871,0.3275,0,0,0,0
38.901,0.3275,0,0,0,0
38.940,0.3274,0,0,0,0
38.969,0.3274,0,0,0,0
39.002,0.3274,0,0,0,0
39.037,0.3274,0,0,0,0
39.071,0.3274,0,0,0,0
39.103,0.3274,0,0,0,0
39.139,0.3274,0,0,0,0
39.167,0.3274,0,0,0,0
39.206,0.3274,0,0,0,0
39.235,0.3274,0,0,0,0
39.268,0.3274,0,0,0,0
39.307,0.3274,0,0,0,0
39.335,0.3274,0,0,0,0
39.371,0.3274,0,0,0,0
39.407,0.3274,0,0,0,0
39.437,0.3274,0,0,0,0
39.473,0.3274,0,0,0,0
39.502,0.3274,0,0,0,0
39.539,0.3274,0,0,0,0
39.569,0.3274,0,0,0,0
39.607,0.3274,0,0,0,0
39.633,0.3274,0,0,0,0
39.673,0.3274,0,0,0,0
39.704,0.3274,0,0,0,0
39.736,0.3274,0,0,0,0
39.769,0.3274,0,0,0,0
39.807,0.3274,0,0,0,0
39.837,0.3274,0,0,0,0
39.870,0.3274,0,0,0,0
39.903,0.3274,0,0,0,0
39.936,0.3274,0,0,0,0
39.973,0.3274,0,0,0,0
40.003,0.3274,0,0,0,0
40.040,0.3274,0,0,0,0
40.071,0.3274,0,0,0,0
40.100,0.3274,0,0,0,0
40.137,0.3274,0,0,0,0
40.168,0.3274,0,0,0,0
40.204,0.3274,0,0,0,0
40.239,0.3274,0,0,0,0
40.273,0.3274,0,0,0,0
40.306,0.3274,0,0,0,0
40.339,0.3274,0,0,0,0
40.369,0.3274,0,0,0,0
40.401,0.3274,0,0,0,0
40.435,0.3274,0,0,0,0
40.473,0.3274,0,0,0,0
40.506,0.3274,0,0,0,0
40.536,0.3274,0,0,0,0
40.568,0.3274,0,0,0,0
40.604,0.3274,0,0,0,0
40.637,0.3274,0,0,0,0
40.668,0.3274,0,0,0,0
40.702,0.3274,0,0,0,0
40.740,0.3274,0,0,0,0
40.768,0.3274,0,0,0,0
40.806,0.3274,0,0,0,0
40.838,0.3274,0,0,0,0
40.870,0.3274,0,0,0,0
40.905,0.3274,0,0,0,0
40.943,0.3274,0,0,0,0
40.972,0.3274,0,0,0,0
41.003,0.3274,0,0,0,0
41.039,0.3274,0,0,0,0
41.067,0.3273,0,0,0,0
41.103,0.3273,0,0,0,0
41.136,0.3273,0,0,0,0
41.168,0.3273,0,0,0,0
41.202,0.3273,0,0,0,0
41.244,0.3273,0,0,0,0
41.269,0.3273,0,0,0,0
41.305,0.3273,0,0,0,0
41.336,0.3273,0,0,0,0
41.373,0.3273,0,0,0,0
41.401,0.3273,0,0,0,0
41.435,0.3273,0,0,0,0
41.470,0.3273,0,0,0,0
41.507,0.3273,0,0,0,0
41.536,0.3273,0,0,0,0
41.571,0.3273,0,0,0,0
41.607,0.3273,0,0,0,0
41.638,0.3273,0,0,0,0
41.671,0.3273,0,0,0,0
41.706,0.3273,0,0,0,0
41.737,0.3273,0,0,0,0
41.768,0.3273,0,0,0,0
41.805,0.3273,0,0,0,0
41.836,0.3273,0,0,0,0
41.873,0.3273,0,0,0,0
41.901,0.3273,0,0,0,0
41.936,0.3273,0,0,0,0
41.969,0.3273,0,0,0,0
42.004,0.3273,0,0,0,0
42.035,0.3273,0,0,0,0
42.074,0.3273,0,0,0,0
42.105,0.3273,0,0,0,0
42.137,0.3273,0,0,0,0
42.175,0.3273,0,0,0,0
42.202,0.3273,0,0,0,0
42.236,0.3273,0,0,0,0
42.269,0.3273,0,0,0,0
42.304,0.3273,0,0,0,0
42.333,0.3273,0,0,0,0
42.369,0.3273,0,0,0,0
42.403,0.3274,0,0,0,0
42.437,0.3280,0,0,0,0
42.471,0.3293,0,0,0,0
42.507,0.3314,0,7,7,0
42.538,0.3328,0,7,7,0
42.595,0.3385,0,7,7,0
42.612,0.3409,0,7,7,0
42.635,0.3435,0,7,7,0
42.668,0.3494,0,7,7,0
42.706,0.3560,0,7,7,0
42.739,0.3595,0,7,7,0
42.768,0.3668,0,7,7,0
42.806,0.3707,0,7,7,0
42.841,0.3786,0,7,7,0
42.867,0.3868,0,7,7,0
42.905,0.3909,0,7,7,0
42.940,0.3990,0,7,7,0
42.970,0.4067,0,7,7,0
43.007,0.4136,0,7,7,0
43.039,0.4167,0,7,7,0
43.068,0.4222,1,6,6,1
43.104,0.4246,1,6,6,1
43.137,0.4287,1,6,6,1
43.171,0.4318,1,6,6,1
43.204,0.4331,1,6,6,1
43.237,0.4351,1,6,6,1
43.273,0.4364,1,6,6,1
43.303,0.4369,1,6,6,1
43.338,0.4375,1,6,6,1
43.374,0.4378,1,6,6,1
43.405,0.4378,1,6,6,1
43.435,0.4377,1,6,6,1
43.473,0.4374,1,6,6,1
43.501,0.4374,1,6,6,1
43.534,0.4377,1,6,6,1
43.570,0.4387,1,6,6,1
43.605,0.4395,1,6,6,1
43.638,0.4420,1,6,6,1
43.669,0.4453,1,6,6,1
43.707,0.4494,1,6,6,1
43.738,0.4518,1,6,6,1
43.772,0.4571,1,6,6,1
43.806,0.4601,1,6,6,1
43.839,0.4664,1,6,6,1
43.873,0.4733,1,6,6,1
43.904,0.4769,1,6,6,1
43.937,0.4844,1,6,6,1
43.966,0.4882,1,6,6,1
44.007,0.4999,1,6,6,1
44.035,0.5038,1,6,6,1
44.069,0.5117,1,6,6,1
44.103,0.5156,1,6,6,1
44.136,0.5236,1,6,6,1
44.170,0.5315,1,6,6,1
44.203,0.5355,1,6,6,1
44.233,0.5434,1,6,6,1
44.274,0.5513,1,6,6,1
44.300,0.5552,1,6,6,1
44.334,0.5631,1,6,6,1
44.375,0.5708,1,6,6,1
44.400,0.5747,1,6,6,1
44.433,0.5824,1,6,6,1
44.475,0.5899,1,6,6,1
44.502,0.5935,1,6,6,1
44.537,0.6002,1,6,6,1
44.568,0.6063,1,6,6,1
44.604,0.6091,1,6,6,1
44.637,0.6142,1,6,6,1
44.668,0.6187,1,6,6,1
44.703,0.6207,1,6,6,1
44.737,0.6242,2,5,5,2
44.768,0.6272,2,5,5,2
44.801,0.6285,2,5,5,2
44.837,0.6307,2,5,5,2
44.870,0.6326,2,5,5,2
44.903,0.6333,2,5,5,2
44.940,0.6346,2,5,5,2
44.973,0.6356,2,5,5,2
45.004,0.6361,2,5,5,2
45.038,0.6367,2,5,5,2
45.070,0.6372,2,5,5,2
45.104,0.6374,2,5,5,2
45.136,0.6377,2,5,5,2
45.169,0.6379,2,5,5,2
45.206,0.6380,2,5,5,2
45.238,0.6380,2,5,5,2
45.269,0.6380,2,5,5,2
45.305,0.6380,2,5,5,2
45.336,0.6380,2,5,5,2
45.371,0.6379,2,5,5,2
45.407,0.6379,2,5,5,2
45.434,0.6378,2,5,5,2
45.471,0.6378,2,5,5,2
45.503,0.6377,2,5,5,2
45.535,0.6377,2,5,5,2
45.570,0.6376,2,5,5,2
45.601,0.6375,2,5,5,2
45.639,0.6375,2,5,5,2
45.669,0.6374,2,5,5,2
45.707,0.6373,2,5,5,2
45.735,0.6373,2,5,5,2
45.768,0.6372,2,5,5,2
45.804,0.6372,2,5,5,2
45.837,0.6371,2,5,5,2
45.870,0.6371,2,5,5,2
45.902,0.6370,0,0,0,0
45.937,0.6370,0,0,0,0
45.970,0.6370,0,0,0,0
46.005,0.6370,0,0,0,0
46.035,0.6369,0,0,0,0
46.068,0.6369,0,0,0,0
46.107,0.6369,0,0,0,0
46.134,0.6369,0,0,0,0
46.170,0.6369,0,0,0,0
46.204,0.6369,0,0,0,0
46.235,0.6369,0,0,0,0
46.269,0.6368,0,0,0,0
46.305,0.6368,0,0,0,0
46.340,0.6368,0,0,0,0
46.369,0.6368,0,0,0,0
46.405,0.6368,0,0,0,0
46.436,0.6368,0,0,0,0
46.472,0.6368,0,0,0,0
46.502,0.6368,0,0,0,0
46.538,0.6368,0,0,0,0
46.570,0.6368,0,0,0,0
46.606,0.6368,0,0,0,0
46.640,0.6368,0,0,0,0
46.666,0.6368,0,0,0,0
46.702,0.6368,0,0,0,0
46.739,0.6368,0,0,0,0
46.774,0.6368,0,0,0,0
46.806,0.6368,0,0,0,0
46.839,0.6368,0,0,0,0
46.870,0.6368,0,0,0,0
46.908,0.6368,0,0,0,0
46.934,0.6368,0,0,0,0
46.969,0.6368,0,0,0,0
47.003,0.6368,0,0,0,0
47.032,0.6368,0,0,0,0
47.074,0.6368,0,0,0,0
47.102,0.6368,0,0,0,0
47.137,0.6368,0,0,0,0
47.170,0.6368,0,0,0,0
47.203,0.6368,0,0,0,0
47.232,0.6368,0,0,0,0
47.278,0.6368,0,0,0,0
47.302,0.6368,0,0,0,0
47.341,0.6368,0,0,0,0
47.367,0.6368,0,0,0,0
47.407,0.6368,0,0,0,0
47.436,0.6368,0,0,0,0
47.470,0.6368,0,0,0,0
47.499,0.6368,0,0,0,0
47.541,0.6368,0,0,0,0
47.566,0.6368,0,0,0,0
47.602,0.6368,0,0,0,0
47.635,0.6368,0,0,0,0
47.670,0.6368,0,0,0,0
47.702,0.6368,0,0,0,0
47.735,0.6368,0,0,0,0
47.769,0.6368,0,0,0,0
47.802,0.6368,0,0,0,0
47.834,0.6368,0,0,0,0
47.871,0.6368,0,0,0,0
47.911,0.6368,0,0,0,0
47.931,0.6368,0,0,0,0
47.974,0.6368,0,0,0,0
48.006,0.6368,0,0,0,0
48.036,0.6368,0,0,0,0
48.079,0.6368,0,0,0,0
48.096,0.6368,0,0,0,0
48.139,0.6368,0,0,0,0
48.172,0.6368,0,0,0,0
48.203,0.6368,0,0,0,0
48.240,0.6368,0,0,0,0
48.272,0.6368,0,0,0,0
48.304,0.6368,0,0,0,0
48.339,0.6368,0,0,0,0
48.372,0.6368,0,0,0,0
48.402,0.6368,0,0,0,0
48.436,0.6368,0,0,0,0
48.470,0.6368,0,0,0,0
48.506,0.6368,0,0,0,0
48.536,0.6368,0,0,0,0
48.569,0.6368,0,0,0,0
48.603,0.6368,0,0,0,0
48.636,0.6368,0,0,0,0
48.671,0.6368,0,0,0,0
48.710,0.6368,0,0,0,0
48.730,0.6368,0,0,0,0
48.772,0.6368,0,0,0,0
48.802,0.6368,0,0,0,0
48.836,0.6368,0,0,0,0
48.872,0.6368,0,0,0,0
48.902,0.6368,0,0,0,0
48.940,0.6368,0,0,0,0
48.971,0.6368,0,0,0,0
48.999,0.6368,0,0,0,0
49.041,0.6368,0,0,0,0
49.066,0.6368,0,0,0,0
49.103,0.6368,0,0,0,0
49.139,0.6368,0,0,0,0
49.169,0.6368,0,0,0,0
49.215,0.6368,0,0,0,0
49.239,0.6368,0,0,0,0
49.271,0.6368,0,0,0,0
49.299,0.6368,0,0,0,0
49.340,0.6368,0,0,0,0
49.367,0.6368,0,0,0,0
49.401,0.6368,0,0,0,0
49.435,0.6368,0,0,0,0
49.471,0.6368,0,0,0,0
49.505,0.6368,0,0,0,0
49.534,0.6368,0,0,0,0
49.570,0.6368,0,0,0,0
49.606,0.6368,0,0,0,0
49.634,0.6368,0,0,0,0
49.677,0.6368,0,0,0,0
49.697,0.6368,0,0,0,0
49.739,0.6368,0,0,0,0
49.773,0.6368,0,0,0,0
49.804,0.6368,0,0,0,0
49.840,0.6368,0,0,0,0
49.867,0.6368,0,0,0,0
49.911,0.6368,0,0,0,0
49.937,0.6368,0,0,0,0
49.971,0.6368,0,0,0,0
50.002,0.6368,0,0,0,0
50.035,0.6368,0,0,0,0
50.073,0.6368,0,0,0,0
50.107,0.6368,0,0,0,0
50.134,0.6368,0,0,0,0
50.170,0.6368,0,0,0,0
50.203,0.6368,0,0,0,0
50.240,0.6368,0,0,0,0
50.272,0.6368,0,0,0,0
50.302,0.6368,0,0,0,0
50.335,0.6368,0,0,0,0
50.370,0.6368,0,0,0,0
50.405,0.6368,0,0,0,0
50.435,0.6368,0,0,0,0
50.469,0.6368,0,0,0,0
50.501,0.6368,0,0,0,0
50.540,0.6368,0,0,0,0
50.568,0.6368,0,0,0,0
50.606,0.6368,0,0,0,0
50.638,0.6368,0,0,0,0
50.668,0.6368,0,0,0,0
50.705,0.6368,0,0,0,0
50.740,0.6368,0,0,0,0
50.770,0.6368,0,0,0,0
50.806,0.6368,0,0,0,0
50.837,0.6368,0,0,0,0
50.870,0.6368,0,0,0,0
50.899,0.6368,0,0,0,0
50.934,0.6368,0,0,0,0
50.973,0.6368,0,0,0,0
51.005,0.6368,0,0,0,0
51.036,0.6368,0,0,0,0
51.068,0.6368,0,0,0,0
51.102,0.6368,0,0,0,0
51.146,0.6368,0,0,0,0
51.164,0.6368,0,0,0,0
51.205,0.6368,0,0,0,0
51.239,0.6368,0,0,0,0
51.270,0.6368,0,0,0,0
51.302,0.6368,0,0,0,0
51.338,0.6368,0,0,0,0
51.370,0.6368,0,0,0,0
51.405,0.6368,0,0,0,0
51.439,0.6368,0,0,0,0
51.468,0.6368,0,0,0,0
51.512,0.6368,0,0,0,0
51.532,0.6368,0,0,0,0
51.571,0.6368,0,0,0,0
51.604,0.6368,0,0,0,0
51.635,0.6368,0,0,0,0
51.668,0.6368,0,0,0,0
51.701,0.6368,0,0,0,0
51.744,0.6368,0,0,0,0
51.763,0.6368,0,0,0,0
51.807,0.6368,0,0,0,0
51.840,0.6368,0,0,0,0
51.871,0.6368,0,0,0,0
51.902,0.6368,0,0,0,0
51.938,0.6368,0,0,0,0
51.962,0.6368,0,0,0,0
52.002,0.6368,0,0,0,0
52.033,0.6368,0,0,0,0
52.070,0.6368,0,0,0,0
52.104,0.6368,0,0,0,0
52.136,0.6368,0,0,0,0
52.170,0.6368,0,0,0,0
52.205,0.6368,0,0,0,0
52.236,0.6368,0,0,0,0
52.268,0.6368,0,0,0,0
52.309,0.6368,0,0,0,0
52.338,0.6368,0,0,0,0
52.369,0.6368,0,0,0,0
52.404,0.6368,0,0,0,0
52.432,0.6368,0,0,0,0
52.474,0.6368,0,0,0,0
52.500,0.6368,0,0,0,0
52.540,0.6368,0,0,0,0
52.567,0.6368,0,0,0,0
52.608,0.6368,0,0,0,0
52.635,0.6368,0,0,0,0
52.675,0.6368,0,0,0,0
52.702,0.6368,0,0,0,0
52.735,0.6368,0,0,0,0
52.771,0.6368,0,0,0,0
52.805,0.6368,0,0,0,0
52.833,0.6368,0,0,0,0
52.868,0.6368,0,0,0,0
52.908,0.6368,0,0,0,0
52.935,0.6368,0,0,0,0
52.969,0.6368,0,0,0,0
53.002,0.6368,0,0,0,0
53.036,0.6368,0,0,0,0
53.069,0.6368,0,0,0,0
53.105,0.6368,0,0,0,0
53.134,0.6368,0,0,0,0
53.171,0.6368,0,0,0,0
53.205,0.6368,0,0,0,0
53.238,0.6368,0,0,0,0
53.271,0.6368,0,0,0,0
53.302,0.6368,0,0,0,0
53.335,0.6368,0,0,0,0
53.371,0.6368,0,0,0,0
53.405,0.6368,0,0,0,0
53.440,0.6368,0,0,0,0
53.472,0.6368,0,0,0,0
53.503,0.6368,0,0,0,0
53.539,0.6368,0,0,0,0
53.574,0.6368,0,0,0,0
53.605,0.6368,0,0,0,0
53.638,0.6368,0,0,0,0
53.670,0.6368,0,0,0,0
53.702,0.6368,0,0,0,0
53.739,0.6368,0,0,0,0
53.770,0.6368,0,0,0,0
53.804,0.6368,0,0,0,0
53.834,0.6368,0,0,0,0
53.868,0.6368,0,0,0,0
53.900,0.6368,0,0,0,0
53.939,0.6368,0,0,0,0
53.967,0.6368,0,0,0,0
54.004,0.6368,0,0,0,0
54.028,0.6368,0,0,0,0
54.071,0.6368,0,0,0,0
54.102,0.6368,0,0,0,0
54.136,0.6368,0,0,0,0
54.173,0.6368,0,0,0,0
54.206,0.6368,0,0,0,0
54.241,0.6368,0,0,0,0
54.270,0.6368,0,0,0,0
54.299,0.6368,0,0,0,0
54.339,0.6368,0,0,0,0
54.371,0.6368,0,0,0,0
54.400,0.6368,0,0,0,0
54.436,0.6368,0,0,0,0
54.467,0.6368,0,0,0,0
54.508,0.6368,0,0,0,0
54.536,0.6368,0,0,0,0
54.568,0.6368,0,0,0,0
54.602,0.6368,0,0,0,0
54.635,0.6368,0,0,0,0
54.674,0.6368,0,0,0,0
54.700,0.6368,0,0,0,0
54.741,0.6368,0,0,0,0
54.767,0.6368,0,0,0,0
54.809,0.6368,0,0,0,0
54.836,0.6368,0,0,0,0
54.870,0.6368,0,0,0,0
54.904,0.6368,0,0,0,0
54.937,0.6368,0,0,0,0
54.968,0.6368,0,0,0,0
55.002,0.6368,0,0,0,0
55.042,0.6368,0,0,0,0
55.069,0.6368,0,0,0,0
55.104,0.6368,0,0,0,0
55.138,0.6368,0,0,0,0
55.170,0.6368,0,0,0,0
55.204,0.6368,0,0,0,0
55.237,0.6368,0,0,0,0
55.270,0.6368,0,0,0,0
55.302,0.6368,0,0,0,0
55.337,0.6368,0,0,0,0
55.370,0.6368,0,0,0,0
55.402,0.6368,0,0,0,0
55.435,0.6368,0,0,0,0
55.468,0.6368,0,0,0,0
55.513,0.6368,0,0,0,0
55.533,0.6368,0,0,0,0
55.573,0.6368,0,0,0,0
55.604,0.6368,0,0,0,0
55.639,0.6368,0,0,0,0
55.670,0.6368,0,0,0,0
55.713,0.6368,0,0,0,0
55.731,0.6368,0,0,0,0
55.772,0.6368,0,0,0,0
55.806,0.6368,0,0,0,0
55.840,0.6368,0,0,0,0
55.873,0.6368,0,0,0,0
55.902,0.6368,0,0,0,0
55.940,0.6368,0,0,0,0
55.963,0.6368,0,0,0,0
56.005,0.6368,0,0,0,0
56.038,0.6368,0,0,0,0
56.072,0.6368,0,0,0,0
56.105,0.6368,0,0,0,0
56.140,0.6368,0,0,0,0
56.166,0.6368,0,0,0,0
56.205,0.6368,0,0,0,0
56.239,0.6368,0,0,0,0
56.273,0.6368,0,0,0,0
56.297,0.6368,0,0,0,0
56.343,0.6368,0,0,0,0
56.363,0.6368,0,0,0,0
56.408,0.6368,0,0,0,0
56.429,0.6368,0,0,0,0
56.468,0.6368,0,0,0,0
56.505,0.6368,0,0,0,0
56.537,0.6368,0,0,0,0
56.571,0.6368,0,0,0,0
56.603,0.6368,0,0,0,0
56.638,0.6368,0,0,0,0
56.673,0.6368,0,0,0,0
56.707,0.6368,0,0,0,0
56.730,0.6368,0,0,0,0
56.773,0.6368,0,0,0,0
56.794,0.6368,0,0,0,0
56.840,0.6368,0,0,0,0
56.862,0.6368,0,0,0,0
56.905,0.6368,0,0,0,0
56.934,0.6368,0,0,0,0
56.971,0.6368,0,0,0,0
57.007,0.6368,0,0,0,0
57.037,0.6368,0,0,0,0
57.073,0.6368,0,0,0,0
57.099,0.6368,0,0,0,0
57.140,0.6368,0,0,0,0
57.173,0.6368,0,0,0,0
57.205,0.6368,0,0,0,0
57.242,0.6368,0,0,0,0
57.274,0.6368,0,0,0,0
57.306,0.6368,0,0,0,0
57.335,0.6368,0,0,0,0
57.370,0.6368,0,0,0,0
57.408,0.6368,0,0,0,0
57.442,0.6368,0,0,0,0
57.477,0.6368,0,0,0,0
57.497,0.6368,0,0,0,0
57.534,0.6368,0,0,0,0
57.571,0.6368,0,0,0,0
57.606,0.6368,0,0,0,0
57.635,0.6368,0,0,0,0
57.668,0.6368,0,0,0,0
57.707,0.6368,0,0,0,0
57.735,0.6368,0,0,0,0
57.772,0.6368,0,0,0,0
57.805,0.6368,0,0,0,0
57.838,0.6368,0,0,0,0
57.868,0.6368,0,0,0,0
57.907,0.6368,0,0,0,0
57.939,0.6368,0,0,0,0
57.972,0.6368,0,0,0,0
58.005,0.6368,0,0,0,0
58.038,0.6368,0,0,0,0
58.069,0.6368,0,0,0,0
58.105,0.6368,0,0,0,0
58.136,0.6368,0,0,0,0
58.172,0.6368,0,0,0,0
58.204,0.6368,0,0,0,0
58.235,0.6368,0,0,0,0
58.272,0.6368,0,0,0,0
58.303,0.6368,0,0,0,0
58.335,0.6368,0,0,0,0
58.370,0.6368,0,0,0,0
58.407,0.6368,0,0,0,0
58.440,0.6368,0,0,0,0
58.470,0.6368,0,0,0,0
58.505,0.6368,0,0,0,0
58.539,0.6368,0,0,0,0
58.571,0.6368,0,0,0,0
58.605,0.6368,0,0,0,0
58.636,0.6368,0,0,0,0
58.673,0.6368,0,0,0,0
58.702,0.6368,0,0,0,0
58.735,0.6368,0,0,0,0
58.770,0.6368,0,0,0,0
58.803,0.6368,0,0,0,0
58.840,0.6368,0,0,0,0
58.872,0.6368,0,0,0,0
58.903,0.6368,0,0,0,0
58.938,0.6368,0,0,0,0
58.969,0.6368,0,0,0,0
59.001,0.6368,0,0,0,0
59.039,0.6368,0,0,0,0
59.062,0.6368,0,0,0,0
59.106,0.6368,0,0,0,0
59.134,0.6368,0,0,0,0
59.169,0.6368,0,0,0,0
59.205,0.6368,0,0,0,0
59.234,0.6368,0,0,0,0
59.271,0.6368,0,0,0,0
59.304,0.6368,0,0,0,0
59.338,0.6368,0,0,0,0
59.372,0.6368,0,0,0,0
59.405,0.6368,0,0,0,0
59.439,0.6368,0,0,0,0
59.467,0.6368,0,0,0,0
59.507,0.6368,0,0,0,0
59.540,0.6368,0,0,0,0
59.570,0.6368,0,0,0,0
59.607,0.6368,0,0,0,0
59.636,0.6368,0,0,0,0
59.670,0.6368,0,0,0,0
59.702,0.6368,0,0,0,0
59.740,0.6368,0,0,0,0
59.771,0.6368,0,0,0,0
59.803,0.6368,0,0,0,0
59.836,0.6368,0,0,0,0
59.869,0.6368,0,0,0,0
59.903,0.6368,0,0,0,0
59.938,0.6368,0,0,0,0
59.974,0.6368,0,0,0,0
60.001,0.6368,0,0,0,0
60.036,0.6368,0,0,0,0
60.071,0.6368,0,0,0,0
60.106,0.6368,0,0,0,0
60.136,0.6368,0,0,0,0
60.173,0.6368,0,0,0,0
60.202,0.6368,0,0,0,0
60.236,0.6368,0,0,0,0
60.269,0.6368,0,0,0,0
60.303,0.6368,0,0,0,0
60.341,0.6368,0,0,0,0
60.366,0.6368,0,0,0,0
60.403,0.6368,0,0,0,0
60.437,0.6368,0,0,0,0
60.470,0.6368,0,0,0,0
60.505,0.6368,0,0,0,0
60.536,0.6368,0,0,0,0
60.570,0.6368,0,0,0,0
60.601,0.6368,0,0,0,0
60.635,0.6368,0,0,0,0
60.670,0.6368,0,0,0,0
60.703,0.6368,0,0,0,0
60.740,0.6368,0,0,0,0
60.773,0.6368,0,0,0,0
60.807,0.6368,0,0,0,0
60.834,0.6368,0,0,0,0
60.871,0.6368,0,0,0,0
60.903,0.6368,0,0,0,0
60.937,0.6368,0,0,0,0
60.970,0.6368,0,0,0,0
61.005,0.6368,0,0,0,0
61.040,0.6368,0,0,0,0
61.072,0.6368,0,0,0,0
61.103,0.6368,0,0,0,0
61.137,0.6368,0,0,0,0
61.170,0.6368,0,0,0,0
61.206,0.6368,0,0,0,0
61.235,0.6368,0,0,0,0
61.270,0.6368,0,0,0,0
61.304,0.6368,0,0,0,0
61.336,0.6368,0,0,0,0
61.371,0.6368,0,0,0,0
61.404,0.6368,0,0,0,0
61.438,0.6368,0,0,0,0
61.468,0.6368,0,0,0,0
61.504,0.6368,0,0,0,0
61.539,0.6368,0,0,0,0
61.571,0.6368,0,0,0,0
61.602,0.6368,0,0,0,0
61.637,0.6368,0,0,0,0
61.669,0.6368,0,0,0,0
61.701,0.6368,0,0,0,0
61.736,0.6368,0,0,0,0
61.772,0.6368,0,0,0,0
61.802,0.6368,0,0,0,0
61.835,0.6368,0,0,0,0
61.871,0.6368,0,0,0,0
61.906,0.6368,0,0,0,0
61.939,0.6368,0,0,0,0
61.974,0.6368,0,0,0,0
62.005,0.6368,0,0,0,0
62.039,0.6368,0,0,0,0
62.070,0.6368,0,0,0,0
62.105,0.6368,0,0,0,0
62.136,0.6368,0,0,0,0
62.172,0.6368,0,0,0,0
62.203,0.6368,0,0,0,0
62.238,0.6368,0,0,0,0
62.269,0.6368,0,0,0,0
62.304,0.6368,0,0,0,0
62.340,0.6368,0,0,0,0
62.372,0.6368,0,0,0,0
62.406,0.6368,0,0,0,0
62.435,0.6368,0,0,0,0
62.472,0.6368,0,0,0,0
62.503,0.6368,0,0,0,0
62.537,0.6368,0,0,0,0
62.570,0.6368,0,0,0,0
62.607,0.6368,0,0,0,0
62.637,0.6368,0,0,0,0
62.671,0.6368,0,0,0,0
62.702,0.6368,0,0,0,0
62.738,0.6368,0,0,0,0
62.768,0.6368,0,0,0,0
62.803,0.6368,0,0,0,0
62.837,0.6368,0,0,0,0
62.870,0.6368,0,0,0,0
62.906,0.6368,0,0,0,0
62.937,0.6368,0,0,0,0
62.972,0.6368,0,0,0,0
63.007,0.6368,0,0,0,0
63.039,0.6368,0,0,0,0
63.071,0.6368,0,0,0,0
63.105,0.6368,0,0,0,0
63.139,0.6368,0,0,0,0
63.174,0.6368,0,0,0,0
63.207,0.6368,0,0,0,0
63.230,0.6368,0,0,0,0
63.265,0.6368,0,0,0,0
63.304,0.6368,0,0,0,0
63.340,0.6368,0,0,0,0
63.372,0.6368,0,0,0,0
63.404,0.6368,0,0,0,0
63.436,0.6368,0,0,0,0
63.469,0.6368,0,0,0,0
63.503,0.6368,0,0,0,0
63.537,0.6368,0,0,0,0
63.571,0.6368,0,0,0,0
63.604,0.6368,0,0,0,0
63.635,0.6368,0,0,0,0
63.668,0.6368,0,0,0,0
63.704,0.6368,0,0,0,0
63.738,0.6368,0,0,0,0
63.767,0.6368,0,0,0,0
63.806,0.6368,0,0,0,0
63.837,0.6368,0,0,0,0
63.870,0.6368,0,0,0,0
63.903,0.6368,0,0,0,0
63.939,0.6368,0,0,0,0
63.969,0.6368,0,0,0,0
64.005,0.6368,0,0,0,0
64.037,0.6368,0,0,0,0
64.070,0.6368,0,0,0,0
64.113,0.6368,0,0,0,0
64.134,0.6368,0,0,0,0
64.173,0.6368,0,0,0,0
64.206,0.6368,0,0,0,0
64.237,0.6368,0,0,0,0
64.273,0.6368,0,0,0,0
64.301,0.6368,0,0,0,0
64.337,0.6368,0,0,0,0
64.369,0.6368,0,0,0,0
64.404,0.6368,0,0,0,0
64.435,0.6368,0,0,0,0
64.470,0.6368,0,0,0,0
64.502,0.6368,0,0,0,0
64.540,0.6368,0,0,0,0
64.572,0.6368,0,0,0,0
64.600,0.6368,0,0,0,0
64.642,0.6368,0,0,0,0
64.666,0.6368,0,0,0,0
64.707,0.6368,0,0,0,0
64.735,0.6368,0,0,0,0
64.771,0.6368,0,0,0,0
64.802,0.6368,0,0,0,0
64.837,0.6368,0,0,0,0
64.869,0.6368,0,0,0,0
64.905,0.6368,0,0,0,0
64.936,0.6368,0,0,0,0
64.971,0.6368,0,0,0,0
65.005,0.6368,0,0,0,0
65.037,0.6368,0,0,0,0
65.069,0.6368,0,0,0,0
65.106,0.6368,0,0,0,0
65.138,0.6368,0,0,0,0
65.172,0.6368,0,0,0,0
65.203,0.6368,0,0,0,0
65.239,0.6368,0,0,0,0
65.272,0.6368,0,0,0,0
65.306,0.6368,0,0,0,0
65.330,0.6368,0,0,0,0
65.369,0.6368,0,0,0,0
65.403,0.6368,0,0,0,0
65.435,0.6368,0,0,0,0
65.469,0.6368,0,0,0,0
65.505,0.6368,0,0,0,0
65.537,0.6368,0,0,0,0
65.573,0.6368,0,0,0,0
65.607,0.6368,0,0,0,0
65.640,0.6368,0,0,0,0
65.676,0.6368,0,0,0,0
65.698,0.6368,0,0,0,0
65.736,0.6368,0,0,0,0
65.768,0.6368,0,0,0,0
65.806,0.6368,0,0,0,0
65.838,0.6368,0,0,0,0
65.870,0.6368,0,0,0,0
65.905,0.6368,0,0,0,0
65.937,0.6368,0,0,0,0
65.970,0.6368,0,0,0,0
66.004,0.6368,0,0,0,0
66.040,0.6368,0,0,0,0
66.062,0.6368,0,0,0,0
66.107,0.6368,0,0,0,0
66.130,0.6368,0,0,0,0
66.169,0.6368,0,0,0,0
66.203,0.6368,0,0,0,0
66.239,0.6368,0,0,0,0
66.272,0.6368,0,0,0,0
66.306,0.6368,0,0,0,0
66.339,0.6368,0,0,0,0
66.369,0.6368,0,0,0,0
66.406,0.6368,0,0,0,0
66.436,0.6368,0,0,0,0
66.470,0.6368,0,0,0,0
66.503,0.6368,0,0,0,0
66.539,0.6368,0,0,0,0
66.562,0.6368,0,0,0,0
66.607,0.6368,0,0,0,0
66.637,0.6368,0,0,0,0
66.674,0.6368,0,0,0,0
66.695,0.6368,0,0,0,0
66.735,0.6368,0,0,0,0
66.770,0.6368,0,0,0,0
66.805,0.6368,0,0,0,0
66.835,0.6368,0,0,0,0
66.870,0.6368,0,0,0,0
66.900,0.6368,0,0,0,0
66.940,0.6368,0,0,0,0
66.967,0.6368,0,0,0,0
67.005,0.6368,0,0,0,0
67.040,0.6368,0,0,0,0
67.071,0.6368,0,0,0,0
67.105,0.6368,0,0,0,0
67.139,0.6368,0,0,0,0
67.172,0.6368,0,0,0,0
67.205,0.6368,0,0,0,0
67.239,0.6368,0,0,0,0
67.268,0.6368,0,0,0,0
67.302,0.6368,0,0,0,0
67.335,0.6368,0,0,0,0
67.368,0.6368,0,0,0,0
67.405,0.6368,0,0,0,0
67.440,0.6368,0,0,0,0
67.474,0.6368,0,0,0,0
67.506,0.6368,0,0,0,0
67.537,0.6368,0,0,0,0
67.573,0.6368,0,0,0,0
67.596,0.6368,0,0,0,0
67.635,0.6368,0,0,0,0
67.901,0.6368,0,0,0,0
67.924,0.6368,0,0,0,0
67.942,0.6368,0,0,0,0
67.982,0.6368,0,0,0,0
68.015,0.6368,0,0,0,0
68.049,0.6368,0,0,0,0
68.079,0.6368,0,0,0,0
68.114,0.6368,0,0,0,0
68.150,0.6368,0,0,0,0
68.184,0.6368,0,0,0,0
68.215,0.6368,0,0,0,0
68.250,0.6368,0,0,0,0
68.284,0.6368,0,0,0,0
68.313,0.6368,0,0,0,0
68.346,0.6368,0,0,0,0
68.383,0.6368,0,0,0,0
68.416,0.6368,0,0,0,0
68.449,0.6368,0,0,0,0
68.483,0.6368,0,0,0,0
68.526,0.6368,0,0,0,0
68.547,0.6368,0,0,0,0
68.579,0.6368,0,0,0,0
68.613,0.6368,0,0,0,0
68.648,0.6368,0,0,0,0
68.679,0.6368,0,0,0,0
68.712,0.6368,0,0,0,0
68.746,0.6368,0,0,0,0
68.779,0.6368,0,0,0,0
68.814,0.6368,0,0,0,0
69.120,0.6368,0,0,0,0
69.154,0.6368,0,0,0,0
69.173,0.6368,0,0,0,0
69.203,0.6368,0,0,0,0
69.241,0.6368,0,0,0,0
69.278,0.6368,0,0,0,0
69.308,0.6368,0,0,0,0
69.337,0.6368,0,0,0,0
69.374,0.6368,0,0,0,0
69.406,0.6368,0,0,0,0
69.432,0.6368,0,0,0,0
69.472,0.6368,0,0,0,0
69.503,0.6368,0,0,0,0
69.537,0.6368,0,0,0,0
69.567,0.6368,0,0,0,0
69.606,0.6368,0,0,0,0
69.636,0.6368,0,0,0,0
69.671,0.6368,0,0,0,0
69.703,0.6368,0,0,0,0
69.737,0.6368,0,0,0,0
69.776,0.6368,0,0,0,0
69.803,0.6368,0,0,0,0
69.835,0.6368,0,0,0,0
69.873,0.6368,0,0,0,0
69.903,0.6368,0,0,0,0
69.939,0.6368,0,0,0,0
69.968,0.6368,0,0,0,0
70.002,0.6368,0,0,0,0
70.035,0.6368,0,0,0,0
70.068,0.6368,0,0,0,0
70.102,0.6368,0,0,0,0
70.136,0.6368,0,0,0,0
70.172,0.6368,0,0,0,0
70.201,0.6368,0,0,0,0
70.235,0.6368,0,0,0,0
70.268,0.6368,0,0,0,0
70.310,0.6368,0,0,0,0
70.336,0.6368,0,0,0,0
70.371,0.6368,0,0,0,0
70.403,0.6368,0,0,0,0
70.437,0.6368,0,0,0,0
70.470,0.6368,0,0,0,0
70.504,0.6368,0,0,0,0
70.537,0.6368,0,0,0,0
70.579,0.6368,0,0,0,0
70.609,0.6368,0,0,0,0
70.634,0.6368,0,0,0,0
70.669,0.6368,0,0,0,0
70.718,0.6368,0,0,0,0
70.737,0.6368,0,0,0,0
70.777,0.6368,0,0,0,0
70.804,0.6368,0,0,0,0
70.836,0.6368,0,0,0,0
70.870,0.6368,0,0,0,0
70.899,0.6368,0,0,0,0
70.935,0.6368,0,0,0,0
70.965,0.6368,0,0,0,0
71.000,0.6368,0,0,0,0
71.036,0.6368,0,0,0,0
71.082,0.6368,0,0,0,0
71.114,0.6368,0,0,0,0
71.139,0.6368,0,0,0,0
71.175,0.6368,0,0,0,0
71.204,0.6368,0,0,0,0
71.236,0.6368,0,0,0,0
71.273,0.6368,0,0,0,0
71.301,0.6368,0,0,0,0
71.347,0.6368,0,0,0,0
71.373,0.6368,0,0,0,0
71.409,0.6368,0,0,0,0
71.436,0.6368,0,0,0,0
71.467,0.6368,0,0,0,0
71.503,0.6368,0,0,0,0
71.535,0.6368,0,0,0,0
71.573,0.6368,0,0,0,0
71.600,0.6368,0,0,0,0
71.632,0.6368,0,0,0,0
71.675,0.6368,0,0,0,0
71.704,0.6368,0,0,0,0
71.733,0.6368,0,0,0,0
71.771,0.6368,0,0,0,0
71.805,0.6368,0,0,0,0
71.836,0.6368,0,0,0,0
71.871,0.6368,0,0,0,0
71.903,0.6368,0,0,0,0
71.951,0.6368,0,0,0,0
71.969,0.6368,0,0,0,0
72.002,0.6368,0,0,0,0
72.044,0.6368,0,0,0,0
72.065,0.6368,0,0,0,0
72.112,0.6368,0,0,0,0
72.136,0.6368,0,0,0,0
72.166,0.6368,0,0,0,0
72.201,0.6368,0,0,0,0
72.237,0.6368,0,0,0,0
72.272,0.6368,0,0,0,0
72.308,0.6368,0,0,0,0
72.348,0.6368,0,0,0,0
72.372,0.6368,0,0,0,0
72.411,0.6368,0,0,0,0
72.440,0.6368,0,0,0,0
72.462,0.6368,0,0,0,0
72.501,0.6368,0,0,0,0
72.539,0.6368,0,0,0,0
72.579,0.6368,0,0,0,0
72.609,0.6368,0,0,0,0
72.640,0.6368,0,0,0,0
72.666,0.6368,0,0,0,0
72.708,0.6368,0,0,0,0
72.729,0.6368,0,0,0,0
72.768,0.6368,0,0,0,0
72.806,0.6368,0,0,0,0
72.843,0.6368,0,0,0,0
72.873,0.6368,0,0,0,0
72.902,0.6368,0,0,0,0
72.942,0.6368,0,0,0,0
72.971,0.6368,0,0,0,0
73.001,0.6368,0,0,0,0
73.034,0.6368,0,0,0,0
73.073,0.6368,0,0,0,0
73.106,0.6368,0,0,0,0
73.135,0.6368,0,0,0,0
73.174,0.6368,0,0,0,0
73.207,0.6368,0,0,0,0
73.235,0.6368,0,0,0,0
73.276,0.6368,0,0,0,0
73.307,0.6368,0,0,0,0
73.348,0.6368,0,0,0,0
73.372,0.6368,0,0,0,0
73.406,0.6368,0,0,0,0
73.441,0.6368,0,0,0,0
73.474,0.6368,0,0,0,0
73.509,0.6368,0,0,0,0
73.539,0.6368,0,0,0,0
73.574,0.6368,0,0,0,0
73.610,0.6368,0,0,0,0
73.640,0.6368,0,0,0,0
73.669,0.6368,0,0,0,0
73.707,0.6368,0,0,0,0
73.737,0.6368,0,0,0,0
73.774,0.6368,0,0,0,0
73.804,0.6368,0,0,0,0
73.838,0.6368,0,0,0,0
73.874,0.6368,0,0,0,0
73.910,0.6368,0,0,0,0
73.930,0.6368,0,0,0,0
73.971,0.6368,0,0,0,0
74.004,0.6368,0,0,0,0
74.038,0.6368,0,0,0,0
74.073,0.6368,0,0,0,0
74.104,0.6368,0,0,0,0
74.138,0.6368,0,0,0,0
74.175,0.6368,0,0,0,0
74.205,0.6368,0,0,0,0
74.236,0.6368,0,0,0,0
74.274,0.6368,0,0,0,0
74.301,0.6368,0,0,0,0
74.334,0.6368,0,0,0,0
74.372,0.6368,0,0,0,0
74.404,0.6368,0,0,0,0
74.439,0.6368,0,0,0,0
74.472,0.6368,0,0,0,0
74.507,0.6368,0,0,0,0
74.535,0.6368,0,0,0,0
74.576,0.6368,0,0,0,0
74.600,0.6368,0,0,0,0
74.647,0.6368,0,0,0,0
74.670,0.6368,0,0,0,0
74.706,0.6368,0,0,0,0
74.754,0.6368,0,0,0,0
74.782,0.6368,0,0,0,0
74.806,0.6368,0,0,0,0
74.836,0.6368,0,0,0,0
74.884,0.6368,0,0,0,0
74.905,0.6368,0,0,0,0
74.945,0.6368,0,0,0,0
74.969,0.6368,0,0,0,0
75.001,0.6368,0,0,0,0
75.036,0.6368,0,0,0,0
75.068,0.6368,0,0,0,0
75.104,0.6368,0,0,0,0
75.141,0.6368,0,0,0,0
75.172,0.6368,0,0,0,0
75.205,0.6368,0,0,0,0
75.236,0.6368,0,0,0,0
75.270,0.6368,0,0,0,0
75.299,0.6368,0,0,0,0
75.349,0.6368,0,0,0,0
75.370,0.6368,0,0,0,0
75.403,0.6368,0,0,0,0
75.435,0.6368,0,0,0,0
75.477,0.6368,0,0,0,0
75.496,0.6368,0,0,0,0
75.537,0.6368,0,0,0,0
75.569,0.6368,0,0,0,0
75.615,0.6368,0,0,0,0
75.635,0.6368,0,0,0,0
75.677,0.6368,0,0,0,0
75.698,0.6368,0,0,0,0
75.737,0.6368,0,0,0,0
75.766,0.6368,0,0,0,0
75.799,0.6368,0,0,0,0
75.839,0.6368,0,0,0,0
75.870,0.6368,0,0,0,0
75.905,0.6368,0,0,0,0
75.939,0.6368,0,0,0,0
75.980,0.6368,0,0,0,0
76.001,0.6368,0,0,0,0
76.037,0.6368,0,0,0,0
76.066,0.6368,0,0,0,0
76.114,0.6368,0,0,0,0
76.140,0.6368,0,0,0,0
76.172,0.6368,0,0,0,0
76.206,0.6368,0,0,0,0
76.239,0.6368,0,0,0,0
76.270,0.6368,0,0,0,0
76.302,0.6368,0,0,0,0
76.348,0.6368,0,0,0,0
76.371,0.6368,0,0,0,0
76.405,0.6368,0,0,0,0
76.448,0.6368,0,0,0,0
76.469,0.6368,0,0,0,0
76.503,0.6368,0,0,0,0
76.537,0.6368,0,0,0,0
76.564,0.6368,0,0,0,0
76.608,0.6368,0,0,0,0
76.635,0.6368,0,0,0,0
76.677,0.6368,0,0,0,0
76.710,0.6368,0,0,0,0
76.739,0.6368,0,0,0,0
76.771,0.6368,0,0,0,0
76.803,0.6368,0,0,0,0
76.849,0.6368,0,0,0,0
76.876,0.6368,0,0,0,0
76.901,0.6368,0,0,0,0
76.936,0.6368,0,0,0,0
76.962,0.6368,0,0,0,0
77.001,0.6368,0,0,0,0
77.028,0.6368,0,0,0,0
77.069,0.6368,0,0,0,0
77.106,0.6368,0,0,0,0
77.140,0.6368,0,0,0,0
77.169,0.6368,0,0,0,0
77.205,0.6368,0,0,0,0
77.236,0.6368,0,0,0,0
77.273,0.6368,0,0,0,0
77.298,0.6368,0,0,0,0
77.347,0.6368,0,0,0,0
77.377,0.6368,0,0,0,0
77.402,0.6368,0,0,0,0
77.436,0.6368,0,0,0,0
77.468,0.6368,0,0,0,0
77.507,0.6368,0,0,0,0
77.538,0.6368,0,0,0,0
77.572,0.6368,0,0,0,0
77.606,0.6368,0,0,0,0
77.642,0.6368,0,0,0,0
77.677,0.6368,0,0,0,0
77.704,0.6368,0,0,0,0
77.733,0.6368,0,0,0,0
77.775,0.6368,0,0,0,0
77.803,0.6368,0,0,0,0
77.827,0.6368,0,0,0,0
77.875,0.6368,0,0,0,0
77.911,0.6368,0,0,0,0
77.935,0.6368,0,0,0,0
77.973,0.6368,0,0,0,0
78.007,0.6368,0,0,0,0
78.037,0.6368,0,0,0,0
78.071,0.6368,0,0,0,0
78.105,0.6368,0,0,0,0
78.138,0.6368,0,0,0,0
78.172,0.6368,0,0,0,0
78.203,0.6368,0,0,0,0
78.238,0.6368,0,0,0,0
78.271,0.6368,0,0,0,0
78.303,0.6368,0,0,0,0
78.339,0.6368,0,0,0,0
78.373,0.6368,0,0,0,0
78.406,0.6368,0,0,0,0
78.435,0.6368,0,0,0,0
78.472,0.6368,0,0,0,0
78.502,0.6368,0,0,0,0
78.540,0.6368,0,0,0,0
78.574,0.6368,0,0,0,0
78.606,0.6368,0,0,0,0
78.637,0.6368,0,0,0,0
78.672,0.6368,0,0,0,0
78.706,0.6368,0,0,0,0
78.740,0.6368,0,0,0,0
78.776,0.6368,0,0,0,0
78.809,0.6368,0,0,0,0
78.838,0.6368,0,0,0,0
78.871,0.6368,0,0,0,0
78.906,0.6368,0,0,0,0
78.938,0.6368,0,0,0,0
78.987,0.6368,0,0,0,0
79.002,0.6368,0,0,0,0
79.039,0.6368,0,0,0,0
79.072,0.6368,0,0,0,0
79.109,0.6368,0,0,0,0
79.141,0.6368,0,0,0,0
79.173,0.6368,0,0,0,0
79.206,0.6368,0,0,0,0
79.242,0.6368,0,0,0,0
79.273,0.6368,0,0,0,0
79.304,0.6368,0,0,0,0
79.339,0.6368,0,0,0,0
79.373,0.6368,0,0,0,0
79.407,0.6368,0,0,0,0
79.441,0.6368,0,0,0,0
79.472,0.6368,0,0,0,0
79.506,0.6368,0,0,0,0
79.541,0.6368,0,0,0,0
79.571,0.6368,0,0,0,0
79.604,0.6368,0,0,0,0
79.643,0.6368,0,0,0,0
79.674,0.6368,0,0,0,0
79.705,0.6368,0,0,0,0
79.733,0.6368,0,0,0,0
79.782,0.6368,0,0,0,0
79.806,0.6368,0,0,0,0
79.840,0.6368,0,0,0,0
79.871,0.6368,0,0,0,0
79.902,0.6368,0,0,0,0
79.939,0.6368,0,0,0,0
79.969,0.6368,0,0,0,0
80.007,0.6368,0,0,0,0
80.037,0.6368,0,0,0,0
80.072,0.6368,0,0,0,0
80.108,0.6368,0,0,0,0
80.143,0.6368,0,0,0,0
80.173,0.6368,0,0,0,0
80.209,0.6368,0,0,0,0
80.237,0.6368,0,0,0,0
80.270,0.6368,0,0,0,0
80.306,0.6368,0,0,0,0
80.347,0.6368,0,0,0,0
80.366,0.6368,0,0,0,0
80.408,0.6368,0,0,0,0
80.445,0.6368,0,0,0,0
80.474,0.6368,0,0,0,0
80.511,0.6368,0,0,0,0
80.539,0.6368,0,0,0,0
80.585,0.6368,0,0,0,0
80.612,0.6368,0,0,0,0
80.637,0.6368,0,0,0,0
80.670,0.6368,0,0,0,0
80.702,0.6368,0,0,0,0
80.739,0.6368,0,0,0,0
80.768,0.6368,0,0,0,0
80.807,0.6368,0,0,0,0
80.837,0.6368,0,0,0,0
80.875,0.6368,0,0,0,0
80.909,0.6368,0,0,0,0
80.943,0.6368,0,0,0,0
80.973,0.6368,0,0,0,0
81.004,0.6368,0,0,0,0
81.039,0.6368,0,0,0,0
81.086,0.6368,0,0,0,0
81.102,0.6368,0,0,0,0
81.138,0.6368,0,0,0,0
81.179,0.6368,0,0,0,0
81.206,0.6368,0,0,0,0
81.246,0.6368,0,0,0,0
81.267,0.6368,0,0,0,0
81.304,0.6368,0,0,0,0
81.343,0.6368,0,0,0,0
81.377,0.6368,0,0,0,0
81.410,0.6368,0,0,0,0
81.438,0.6368,0,0,0,0
81.474,0.6368,0,0,0,0
81.502,0.6368,0,0,0,0
81.529,0.6368,0,0,0,0
81.573,0.6368,0,0,0,0
81.611,0.6368,0,0,0,0
81.638,0.6368,0,0,0,0
81.672,0.6368,0,0,0,0
81.710,0.6368,0,0,0,0
81.742,0.6368,0,0,0,0
81.769,0.6368,0,0,0,0
81.803,0.6368,0,0,0,0
81.838,0.6368,0,0,0,0
81.862,0.6368,0,0,0,0
81.903,0.6368,0,0,0,0
81.932,0.6368,0,0,0,0
81.975,0.6368,0,0,0,0
82.004,0.6368,0,0,0,0
82.041,0.6368,0,0,0,0
82.071,0.6368,0,0,0,0
82.107,0.6368,0,0,0,0
82.140,0.6368,0,0,0,0
82.172,0.6368,0,0,0,0
82.206,0.6368,0,0,0,0
82.238,0.6368,0,0,0,0
82.273,0.6368,0,0,0,0
82.305,0.6368,0,0,0,0
82.341,0.6368,0,0,0,0
82.369,0.6368,0,0,0,0
82.407,0.6368,0,0,0,0
82.438,0.6368,0,0,0,0
82.474,0.6368,0,0,0,0
82.508,0.6368,0,0,0,0
82.540,0.6368,0,0,0,0
82.571,0.6368,0,0,0,0
82.616,0.6368,0,0,0,0
82.642,0.6368,0,0,0,0
82.666,0.6368,0,0,0,0
82.709,0.6368,0,0,0,0
82.729,0.6368,0,0,0,0
82.770,0.6368,0,0,0,0
82.811,0.6368,0,0,0,0
82.836,0.6368,0,0,0,0
82.872,0.6368,0,0,0,0
82.907,0.6368,0,0,0,0
82.939,0.6368,0,0,0,0
82.976,0.6368,0,0,0,0
83.005,0.6368,0,0,0,0
83.035,0.6368,0,0,0,0
83.077,0.6368,0,0,0,0
83.102,0.6368,0,0,0,0
83.141,0.6368,0,0,0,0
83.170,0.6368,0,0,0,0
83.208,0.6368,0,0,0,0
83.238,0.6368,0,0,0,0
83.267,0.6368,0,0,0,0
83.307,0.6368,0,0,0,0
83.337,0.6368,0,0,0,0
83.366,0.6368,0,0,0,0
83.422,0.6368,0,0,0,0
83.446,0.6368,0,0,0,0
83.472,0.6368,0,0,0,0
83.520,0.6368,0,0,0,0
83.540,0.6368,0,0,0,0
83.580,0.6368,0,0,0,0
83.615,0.6368,0,0,0,0
83.647,0.6368,0,0,0,0
83.679,0.6368,0,0,0,0
83.723,0.6368,0,0,0,0
83.748,0.6368,0,0,0,0
83.781,0.6368,0,0,0,0
83.816,0.6368,0,0,0,0
83.849,0.6368,0,0,0,0
83.878,0.6368,0,0,0,0
83.921,0.6368,0,0,0,0
83.947,0.6368,0,0,0,0
83.991,0.6368,0,0,0,0
84.020,0.6368,0,0,0,0
84.057,0.6368,0,0,0,0
84.083,0.6368,0,0,0,0
84.119,0.6368,0,0,0,0
84.153,0.6368,0,0,0,0
84.180,0.6368,0,0,0,0
84.216,0.6368,0,0,0,0
84.246,0.6368,0,0,0,0
84.285,0.6368,0,0,0,0
84.319,0.6368,0,0,0,0
84.351,0.6368,0,0,0,0
84.380,0.6368,0,0,0,0
84.420,0.6368,0,0,0,0
84.455,0.6368,0,0,0,0
84.484,0.6368,0,0,0,0
84.514,0.6368,0,0,0,0
84.547,0.6368,0,0,0,0
84.578,0.6368,0,0,0,0
84.620,0.6368,0,0,0,0
84.649,0.6368,0,0,0,0
84.683,0.6368,0,0,0,0
84.716,0.6368,0,0,0,0
84.751,0.6368,0,0,0,0
84.783,0.6368,0,0,0,0
84.817,0.6368,0,0,0,0
84.847,0.6368,0,0,0,0
84.885,0.6368,0,0,0,0
84.915,0.6368,0,0,0,0
84.948,0.6368,0,0,0,0
84.982,0.6368,0,0,0,0
85.014,0.6368,0,0,0,0
85.048,0.6368,0,0,0,0
85.080,0.6368,0,0,0,0
85.127,0.6368,0,0,0,0
85.145,0.6368,0,0,0,0
85.180,0.6368,0,0,0,0
85.217,0.6368,0,0,0,0
85.248,0.6368,0,0,0,0
85.284,0.6368,0,0,0,0
85.318,0.6368,0,0,0,0
85.351,0.6368,0,0,0,0
85.383,0.6368,0,0,0,0
85.415,0.6368,0,0,0,0
85.449,0.6368,0,0,0,0
85.482,0.6368,0,0,0,0
85.518,0.6368,0,0,0,0
85.554,0.6368,0,0,0,0
85.587,0.6368,0,0,0,0
85.608,0.6368,0,0,0,0
85.649,0.6368,0,0,0,0
85.684,0.6368,0,0,0,0
85.715,0.6368,0,0,0,0
85.750,0.6368,0,0,0,0
85.782,0.6368,0,0,0,0
85.814,0.6368,0,0,0,0
85.851,0.6368,0,0,0,0
85.880,0.6368,0,0,0,0
85.915,0.6368,0,0,0,0
85.961,0.6368,0,0,0,0
85.992,0.6368,0,0,0,0
86.023,0.6368,0,0,0,0
86.051,0.6368,0,0,0,0
86.083,0.6368,0,0,0,0
86.115,0.6368,0,0,0,0
86.150,0.6368,0,0,0,0
86.184,0.6368,0,0,0,0
86.214,0.6368,0,0,0,0
86.251,0.6368,0,0,0,0
86.280,0.6368,0,0,0,0
86.318,0.6368,0,0,0,0
86.348,0.6368,0,0,0,0
86.383,0.6368,0,0,0,0
86.413,0.6368,0,0,0,0
86.448,0.6368,0,0,0,0
86.482,0.6368,0,0,0,0
86.515,0.6368,0,0,0,0
86.549,0.6368,0,0,0,0
86.582,0.6368,0,0,0,0
86.620,0.6368,0,0,0,0
86.654,0.6368,0,0,0,0
86.683,0.6368,0,0,0,0
86.716,0.6368,0,0,0,0
86.747,0.6368,0,0,0,0
86.783,0.6368,0,0,0,0
86.815,0.6368,0,0,0,0
86.850,0.6368,0,0,0,0
86.883,0.6368,0,0,0,0
86.913,0.6368,0,0,0,0
86.949,0.6368,0,0,0,0
86.985,0.6368,0,0,0,0
87.015,0.6368,0,0,0,0
87.049,0.6368,0,0,0,0
87.082,0.6368,0,0,0,0
87.116,0.6368,0,0,0,0
87.150,0.6368,0,0,0,0
87.184,0.6368,0,0,0,0
87.214,0.6368,0,0,0,0
87.252,0.6368,0,0,0,0
87.283,0.6368,0,0,0,0
87.316,0.6368,0,0,0,0
87.350,0.6368,0,0,0,0
87.382,0.6368,0,0,0,0
87.416,0.6368,0,0,0,0
87.450,0.6368,0,0,0,0
87.481,0.6368,0,0,0,0
87.518,0.6368,0,0,0,0
87.548,0.6368,0,0,0,0
87.581,0.6368,0,0,0,0
87.614,0.6368,0,0,0,0
87.649,0.6368,0,0,0,0
87.683,0.6368,0,0,0,0
87.717,0.6368,0,0,0,0
87.749,0.6368,0,0,0,0
87.782,0.6368,0,0,0,0
87.814,0.6368,0,0,0,0
87.847,0.6368,0,0,0,0
87.883,0.6368,0,0,0,0
87.915,0.6368,0,0,0,0
87.948,0.6368,0,0,0,0
87.984,0.6368,0,0,0,0
88.015,0.6368,0,0,0,0
88.051,0.6368,0,0,0,0
88.084,0.6368,0,0,0,0
88.117,0.6368,0,0,0,0
88.149,0.6368,0,0,0,0
88.185,0.6368,0,0,0,0
88.218,0.6368,0,0,0,0
88.251,0.6368,0,0,0,0
88.284,0.6368,0,0,0,0
88.317,0.6368,0,0,0,0
88.350,0.6368,0,0,0,0
88.384,0.6368,0,0,0,0
88.415,0.6368,0,0,0,0
88.449,0.6368,0,0,0,0
88.491,0.6368,0,0,0,0
88.512,0.6368,0,0,0,0
88.550,0.6368,0,0,0,0
88.583,0.6368,0,0,0,0
88.643,0.6368,0,0,0,0
88.658,0.6368,0,0,0,0
88.688,0.6368,0,0,0,0
88.719,0.6368,0,0,0,0
88.753,0.6368,0,0,0,0
88.786,0.6368,0,0,0,0
88.823,0.6368,0,0,0,0
88.855,0.6368,0,0,0,0
88.891,0.6368,0,0,0,0
88.921,0.6368,0,0,0,0
88.957,0.6368,0,0,0,0
88.986,0.6368,0,0,0,0
89.020,0.6368,0,0,0,0
89.053,0.6368,0,0,0,0
89.088,0.6368,0,0,0,0
89.122,0.6368,0,0,0,0
89.156,0.6368,0,0,0,0
89.191,0.6368,0,0,0,0
89.223,0.6368,0,0,0,0
89.255,0.6368,0,0,0,0
89.288,0.6368,0,0,0,0
89.321,0.6368,0,0,0,0
89.357,0.6368,0,0,0,0
89.391,0.6360,0,0,0,0
89.419,0.6350,0,0,0,0
89.457,0.6337,0,0,0,0
89.489,0.6325,0,0,0,0
89.522,0.6308,2,5,5,2
89.557,0.6295,2,5,5,2
89.588,0.6290,2,5,5,2
89.624,0.6270,2,5,5,2
89.654,0.6292,2,5,5,2
89.687,0.6326,2,5,5,2
89.722,0.6344,2,5,5,2
89.758,0.6380,2,5,5,2
89.788,0.6416,2,5,5,2
89.821,0.6433,2,5,5,2
89.856,0.6467,2,5,5,2
89.887,0.6497,2,5,5,2
89.920,0.6512,2,5,5,2
89.960,0.6539,2,5,5,2
89.988,0.6562,2,5,5,2
90.021,0.6573,2,5,5,2
90.057,0.6593,2,5,5,2
90.086,0.6610,2,5,5,2
90.121,0.6617,2,5,5,2
90.156,0.6631,2,5,5,2
90.192,0.6661,2,5,5,2
90.222,0.6702,2,5,5,2
90.253,0.6745,2,5,5,2
90.290,0.6788,2,5,5,2
90.319,0.6814,2,5,5,2
90.353,0.6834,2,5,5,2
90.387,0.6840,2,5,5,2
90.424,0.6845,2,5,5,2
90.472,0.6822,2,5,5,2
90.489,0.6810,2,5,5,2
90.521,0.6796,2,5,5,2
90.556,0.6760,2,5,5,2
90.589,0.6716,2,5,5,2
90.624,0.6690,2,5,5,2
90.654,0.6638,2,5,5,2
90.689,0.6583,2,5,5,2
90.721,0.6555,2,5,5,2
90.757,0.6501,2,5,5,2
90.790,0.6449,2,5,5,2
90.823,0.6425,2,5,5,2
90.853,0.6379,2,5,5,2
90.889,0.6337,2,5,5,2
90.922,0.6319,2,5,5,2
90.955,0.6284,2,5,5,2
90.990,0.6253,1,6,6,1
91.020,0.6238,1,6,6,1
91.055,0.6207,1,6,6,1
91.090,0.6174,1,6,6,1
91.122,0.6156,1,6,6,1
91.158,0.6117,1,6,6,1
91.188,0.6073,1,6,6,1
91.223,0.6049,1,6,6,1
91.256,0.5996,1,6,6,1
91.287,0.5939,1,6,6,1
91.323,0.5909,1,6,6,1
91.354,0.5848,1,6,6,1
91.390,0.5788,1,6,6,1
91.420,0.5759,1,6,6,1
91.458,0.5704,1,6,6,1
91.488,0.5654,1,6,6,1
91.522,0.5631,1,6,6,1
91.555,0.5589,1,6,6,1
91.590,0.5553,1,6,6,1
91.624,0.5537,1,6,6,1
91.653,0.5512,1,6,6,1
91.691,0.5495,1,6,6,1
91.721,0.5490,1,6,6,1
91.758,0.5490,1,6,6,1
91.788,0.5500,1,6,6,1
91.823,0.5509,1,6,6,1
91.857,0.5536,1,6,6,1
91.889,0.5572,1,6,6,1
91.923,0.5593,1,6,6,1
91.957,0.5641,1,6,6,1
91.991,0.5697,1,6,6,1
92.023,0.5727,1,6,6,1
92.056,0.5790,1,6,6,1
92.087,0.5855,1,6,6,1
92.124,0.5888,1,6,6,1
92.158,0.5951,1,6,6,1
92.188,0.6010,1,6,6,1
92.223,0.6038,1,6,6,1
92.254,0.6089,1,6,6,1
92.288,0.6134,1,6,6,1
92.323,0.6153,1,6,6,1
92.354,0.6181,1,6,6,1
92.390,0.6199,1,6,6,1
92.422,0.6203,1,6,6,1
92.457,0.6201,1,6,6,1
92.490,0.6187,1,6,6,1
92.520,0.6177,1,6,6,1
92.558,0.6146,1,6,6,1
92.607,0.6083,1,6,6,1
92.632,0.6058,1,6,6,1
92.658,0.6031,1,6,6,1
92.679,0.6001,1,6,6,1
92.720,0.5937,1,6,6,1
92.754,0.5867,1,6,6,1
92.789,0.5792,1,6,6,1
92.823,0.5752,1,6,6,1
92.854,0.5669,1,6,6,1
92.887,0.5583,1,6,6,1
92.921,0.5538,1,6,6,1
92.956,0.5448,1,6,6,1
92.988,0.5356,1,6,6,1
93.024,0.5307,1,6,6,1
93.057,0.5212,1,6,6,1
93.089,0.5116,1,6,6,1
93.124,0.5065,1,6,6,1
93.154,0.4968,1,6,6,1
93.190,0.4871,1,6,6,1
93.221,0.4819,1,6,6,1
93.257,0.4721,1,6,6,1
93.287,0.4624,1,6,6,1
93.323,0.4571,1,6,6,1
93.358,0.4472,1,6,6,1
93.389,0.4375,1,6,6,1
93.420,0.4323,1,6,6,1
93.456,0.4225,1,6,6,1
93.488,0.4128,1,6,6,1
93.524,0.4075,0,7,7,0
93.557,0.3979,0,7,7,0
93.587,0.3883,0,7,7,0
93.623,0.3830,0,7,7,0
93.656,0.3735,0,7,7,0
93.690,0.3639,0,7,7,0
93.720,0.3588,0,7,7,0
93.755,0.3493,0,7,7,0
93.790,0.3399,0,7,7,0
93.827,0.3306,0,7,7,0
93.852,0.3257,0,7,7,0
93.890,0.3165,0,7,7,0
93.924,0.3113,0,7,7,0
93.953,0.3023,0,7,7,0
93.991,0.2931,0,7,7,0
94.021,0.2882,0,7,7,0
94.053,0.2792,0,7,7,0
94.089,0.2702,0,7,7,0
94.120,0.2653,0,7,7,0
94.155,0.2563,0,7,7,0
94.191,0.2475,0,7,7,0
94.222,0.2427,0,7,7,0
94.257,0.2339,0,7,7,0
94.290,0.2256,0,7,7,0
94.320,0.2233,0,7,7,0
94.354,0.2173,0,7,7,0
94.388,0.2113,0,7,7,0
94.421,0.2089,0,7,7,0
94.457,0.2028,0,7,7,0
94.491,0.1966,0,7,7,0
94.519,0.1941,0,7,7,0
94.557,0.1888,0,7,7,0
94.588,0.1842,0,7,7,0
94.621,0.1829,0,7,7,0
94.654,0.1800,0,7,7,0
94.691,0.1785,0,7,7,0
94.723,0.1786,0,7,7,0
94.756,0.1785,0,7,7,0
94.787,0.1791,0,7,7,0
94.821,0.1801,0,7,7,0
94.856,0.1816,0,7,7,0
94.888,0.1832,0,7,7,0
94.922,0.1844,0,7,7,0
94.955,0.1861,0,7,7,0
94.990,0.1877,0,7,7,0
95.021,0.1888,0,7,7,0
95.055,0.1902,0,7,7,0
95.087,0.1913,0,7,7,0
95.121,0.1921,0,7,7,0
95.158,0.1930,0,7,7,0
95.188,0.1937,0,7,7,0
95.221,0.1940,0,7,7,0
95.255,0.1942,0,7,7,0
95.288,0.1941,0,7,7,0
95.323,0.1940,0,7,7,0
95.355,0.1939,0,7,7,0
95.390,0.1937,0,7,7,0
95.421,0.1936,0,7,7,0
95.453,0.1935,0,7,7,0
95.489,0.1933,0,7,7,0
95.523,0.1933,0,7,7,0
95.556,0.1932,0,7,7,0
95.590,0.1931,0,7,7,0
95.624,0.1931,0,7,7,0
95.654,0.1931,0,7,7,0
95.692,0.1931,0,7,7,0
95.720,0.1931,0,7,7,0
95.757,0.1925,0,7,7,0
95.788,0.1925,0,7,7,0
95.828,0.1926,0,7,7,0
95.850,0.1926,0,7,7,0
95.888,0.1926,0,7,7,0
95.927,0.1926,0,7,7,0
95.956,0.1926,0,7,7,0
95.987,0.1926,0,7,7,0
96.023,0.1927,0,0,0,0
96.064,0.1927,0,0,0,0
96.081,0.1927,0,0,0,0
96.123,0.1927,0,0,0,0
96.154,0.1927,0,0,0,0
96.199,0.1927,0,0,0,0
96.231,0.1927,0,0,0,0
96.264,0.1927,0,0,0,0
96.297,0.1927,0,0,0,0
96.320,0.1927,0,0,0,0
96.359,0.1926,0,0,0,0
96.389,0.1926,0,0,0,0
96.419,0.1926,0,0,0,0
96.459,0.1926,0,0,0,0
96.489,0.1926,0,0,0,0
96.523,0.1926,0,0,0,0
96.555,0.1926,0,0,0,0
96.590,0.1926,0,0,0,0
96.628,0.1926,0,0,0,0
96.660,0.1926,0,0,0,0
96.690,0.1926,0,0,0,0
96.725,0.1926,0,0,0,0
96.761,0.1926,0,0,0,0
96.790,0.1926,0,0,0,0
96.829,0.1926,0,0,0,0
96.849,0.1926,0,0,0,0
96.895,0.1926,0,0,0,0
96.926,0.1926,0,0,0,0
96.955,0.1926,0,0,0,0
96.993,0.1926,0,0,0,0
97.024,0.1926,0,0,0,0
97.059,0.1926,0,0,0,0
97.093,0.1926,0,0,0,0
97.125,0.1926,0,0,0,0
97.154,0.1926,0,0,0,0
97.196,0.1926,0,0,0,0
97.217,0.1926,0,0,0,0
97.257,0.1926,0,0,0,0
97.290,0.1926,0,0,0,0
97.322,0.1926,0,0,0,0
97.361,0.1926,0,0,0,0
97.391,0.1926,0,0,0,0
97.425,0.1926,0,0,0,0
97.455,0.1926,0,0,0,0
97.507,0.1926,0,0,0,0
97.551,0.1926,0,0,0,0
97.584,0.1926,0,0,0,0
97.602,0.1926,0,0,0,0
97.635,0.1926,0,0,0,0
97.666,0.1926,0,0,0,0
97.700,0.1926,0,0,0,0
97.738,0.1926,0,0,0,0
97.767,0.1926,0,0,0,0
97.801,0.1926,0,0,0,0
97.832,0.1926,0,0,0,0
97.868,0.1926,0,0,0,0
97.903,0.1926,0,0,0,0
97.934,0.1926,0,0,0,0
97.973,0.1926,0,0,0,0
97.994,0.1926,0,0,0,0
98.035,0.1926,0,0,0,0
98.062,0.1926,0,0,0,0
98.101,0.1926,0,0,0,0
98.135,0.1926,0,0,0,0
98.177,0.1926,0,0,0,0
98.197,0.1926,0,0,0,0
98.231,0.1926,0,0,0,0
98.268,0.1926,0,0,0,0
98.320,0.1926,0,0,0,0
98.334,0.1926,0,0,0,0
98.367,0.1926,0,0,0,0
98.411,0.1926,0,0,0,0
98.430,0.1926,0,0,0,0
98.468,0.1926,0,0,0,0
98.496,0.1926,0,0,0,0
98.534,0.1926,0,0,0,0
98.570,0.1926,0,0,0,0
98.603,0.1926,0,0,0,0
98.636,0.1926,0,0,0,0
98.668,0.1926,0,0,0,0
98.701,0.1926,0,0,0,0
98.736,0.1926,0,0,0,0
98.770,0.1926,0,0,0,0
98.802,0.1926,0,0,0,0
98.835,0.1926,0,0,0,0
98.866,0.1926,0,0,0,0
98.900,0.1926,0,0,0,0
98.937,0.1926,0,0,0,0
98.970,0.1926,0,0,0,0
99.003,0.1926,0,0,0,0
99.034,0.1926,0,0,0,0
99.069,0.1926,0,0,0,0
99.100,0.1926,0,0,0,0
99.137,0.1926,0,0,0,0
99.169,0.1926,0,0,0,0
99.200,0.1926,0,0,0,0
99.237,0.1926,0,0,0,0
99.266,0.1926,0,0,0,0
99.303,0.1926,0,0,0,0
99.335,0.1926,0,0,0,0
99.367,0.1926,0,0,0,0
99.438,0.1926,0,0,0,0
99.452,0.1926,0,0,0,0
99.483,0.1926,0,0,0,0
99.516,0.1926,0,0,0,0
99.552,0.1926,0,0,0,0
99.584,0.1926,0,0,0,0
99.618,0.1926,0,0,0,0
99.651,0.1926,0,0,0,0
99.683,0.1926,0,0,0,0
99.716,0.1926,0,0,0,0
99.750,0.1926,0,0,0,0
99.782,0.1926,0,0,0,0
99.815,0.1926,0,0,0,0
99.849,0.1926,0,0,0,0
99.882,0.1926,0,0,0,0
99.915,0.1926,0,0,0,0
99.951,0.1926,0,0,0,0
99.983,0.1926,0,0,0,0
100.015,0.1926,0,0,0,0
100.051,0.1926,0,0,0,0
100.080,0.1926,0,0,0,0
100.118,0.1926,0,0,0,0
100.148,0.1926,0,0,0,0
100.181,0.1926,0,0,0,0
100.216,0.1926,0,0,0,0
100.249,0.1926,0,0,0,0
100.284,0.1926,0,0,0,0
100.317,0.1926,0,0,0,0
100.349,0.1926,0,0,0,0
100.382,0.1926,0,0,0,0
100.414,0.1926,0,0,0,0
100.448,0.1926,0,0,0,0
100.482,0.1926,0,0,0,0
100.515,0.1926,0,0,0,0
100.550,0.1926,0,0,0,0
100.584,0.1926,0,0,0,0
100.618,0.1926,0,0,0,0
100.648,0.1926,0,0,0,0
100.687,0.1926,0,0,0,0
100.712,0.1926,0,0,0,0
100.748,0.1926,0,0,0,0
100.782,0.1926,0,0,0,0
100.817,0.1926,0,0,0,0
100.850,0.1926,0,0,0,0
100.883,0.1926,0,0,0,0
100.915,0.1926,0,0,0,0
100.947,0.1926,0,0,0,0
100.982,0.1926,0,0,0,0
101.015,0.1926,0,0,0,0
101.049,0.1926,0,0,0,0
101.084,0.1926,0,0,0,0
101.116,0.1926,0,0,0,0
101.152,0.1926,0,0,0,0
101.182,0.1926,0,0,0,0
101.214,0.1926,0,0,0,0
101.247,0.1926,0,0,0,0
101.282,0.1926,0,0,0,0
101.314,0.1926,0,0,0,0
101.350,0.1926,0,0,0,0
101.382,0.1926,0,0,0,0
101.415,0.1926,0,0,0,0
101.454,0.1926,0,0,0,0
101.480,0.1926,0,0,0,0
101.518,0.1926,0,0,0,0
101.551,0.1926,0,0,0,0
101.580,0.1926,0,0,0,0
101.616,0.1926,0,0,0,0
101.648,0.1926,0,0,0,0
101.681,0.1926,0,0,0,0
101.716,0.1926,0,0,0,0
101.747,0.1926,0,0,0,0
101.784,0.1926,0,0,0,0
101.817,0.1926,0,0,0,0
101.851,0.1926,0,0,0,0
101.885,0.1926,0,0,0,0
101.920,0.1926,0,0,0,0
101.949,0.1926,0,0,0,0
101.983,0.1926,0,0,0,0
102.015,0.1926,0,0,0,0
102.051,0.1926,0,0,0,0
102.083,0.1926,0,0,0,0
102.117,0.1926,0,0,0,0
102.147,0.1926,0,0,0,0
102.183,0.1926,0,0,0,0
102.215,0.1926,0,0,0,0
102.249,0.1926,0,0,0,0
102.285,0.1926,0,0,0,0
102.316,0.1926,0,0,0,0
102.348,0.1926,0,0,0,0
102.384,0.1926,0,0,0,0
102.414,0.1926,0,0,0,0
102.449,0.1926,0,0,0,0
102.484,0.1926,0,0,0,0
102.514,0.1926,0,0,0,0
102.547,0.1926,0,0,0,0
102.583,0.1926,0,0,0,0
102.618,0.1926,0,0,0,0
102.649,0.1926,0,0,0,0
102.681,0.1926,0,0,0,0
102.714,0.1926,0,0,0,0
102.752,0.1926,0,0,0,0
102.784,0.1926,0,0,0,0
102.820,0.1926,0,0,0,0
102.851,0.1926,0,0,0,0
102.885,0.1926,0,0,0,0
102.917,0.1926,0,0,0,0
102.950,0.1926,0,0,0,0
102.977,0.1926,0,0,0,0
103.014,0.1926,0,0,0,0
103.046,0.1926,0,0,0,0
103.083,0.1926,0,0,0,0
103.117,0.1926,0,0,0,0
103.151,0.1926,0,0,0,0
103.184,0.1926,0,0,0,0
103.218,0.1926,0,0,0,0
103.249,0.1926,0,0,0,0
103.283,0.1926,0,0,0,0
103.316,0.1926,0,0,0,0
103.352,0.1926,0,0,0,0
103.382,0.1926,0,0,0,0
103.416,0.1926,0,0,0,0
103.451,0.1926,0,0,0,0
103.481,0.1926,0,0,0,0
103.516,0.1926,0,0,0,0
103.553,0.1926,0,0,0,0
103.584,0.1926,0,0,0,0
103.616,0.1926,0,0,0,0
103.653,0.1926,0,0,0,0
103.683,0.1926,0,0,0,0
103.714,0.1926,0,0,0,0
103.751,0.1926,0,0,0,0
103.781,0.1926,0,0,0,0
103.818,0.1926,0,0,0,0
103.854,0.1926,0,0,0,0
103.884,0.1926,0,0,0,0
103.914,0.1926,0,0,0,0
103.948,0.1926,0,0,0,0
103.980,0.1926,0,0,0,0
104.017,0.1926,0,0,0,0
104.049,0.1926,0,0,0,0
104.084,0.1926,0,0,0,0
104.117,0.1926,0,0,0,0
104.150,0.1926,0,0,0,0
104.182,0.1926,0,0,0,0
104.220,0.1926,0,0,0,0
104.249,0.1926,0,0,0,0
104.283,0.1926,0,0,0,0
104.314,0.1926,0,0,0,0
104.352,0.1926,0,0,0,0
104.384,0.1926,0,0,0,0
104.414,0.1926,0,0,0,0
104.448,0.1926,0,0,0,0
104.484,0.1926,0,0,0,0
104.515,0.1926,0,0,0,0
104.549,0.1926,0,0,0,0
104.582,0.1926,0,0,0,0
104.617,0.1926,0,0,0,0
104.648,0.1926,0,0,0,0
104.681,0.1926,0,0,0,0
104.715,0.1926,0,0,0,0
104.751,0.1926,0,0,0,0
104.783,0.1926,0,0,0,0
104.817,0.1926,0,0,0,0
104.848,0.1926,0,0,0,0
104.881,0.1926,0,0,0,0
104.917,0.1926,0,0,0,0
104.948,0.1926,0,0,0,0
104.981,0.1926,0,0,0,0
105.017,0.1926,0,0,0,0
105.049,0.1926,0,0,0,0
105.082,0.1926,0,0,0,0
105.115,0.1926,0,0,0,0
105.148,0.1926,0,0,0,0
105.182,0.1926,0,0,0,0
105.214,0.1926,0,0,0,0
105.249,0.1926,0,0,0,0
105.282,0.1926,0,0,0,0
105.315,0.1926,0,0,0,0
105.350,0.1926,0,0,0,0
105.384,0.1926,0,0,0,0
105.417,0.1926,0,0,0,0
105.447,0.1926,0,0,0,0
105.483,0.1926,0,0,0,0
105.517,0.1926,0,0,0,0
105.549,0.1926,0,0,0,0
105.585,0.1926,0,0,0,0
105.618,0.1926,0,0,0,0
105.650,0.1926,0,0,0,0
105.682,0.1926,0,0,0,0
105.713,0.1926,0,0,0,0
105.751,0.1926,0,0,0,0
105.785,0.1926,0,0,0,0
105.818,0.1926,0,0,0,0
105.851,0.1926,0,0,0,0
105.882,0.1926,0,0,0,0
105.914,0.1926,0,0,0,0
105.947,0.1926,0,0,0,0
105.982,0.1926,0,0,0,0
106.018,0.1926,0,0,0,0
106.050,0.1926,0,0,0,0
106.091,0.1926,0,0,0,0
106.115,0.1926,0,0,0,0
106.149,0.1926,0,0,0,0
106.178,0.1926,0,0,0,0
106.217,0.1926,0,0,0,0
106.250,0.1926,0,0,0,0
106.283,0.1926,0,0,0,0
106.317,0.1926,0,0,0,0
106.351,0.1926,0,0,0,0
106.384,0.1926,0,0,0,0
106.416,0.1926,0,0,0,0
106.450,0.1926,0,0,0,0
106.482,0.1926,0,0,0,0
106.519,0.1926,0,0,0,0
106.550,0.1926,0,0,0,0
106.583,0.1926,0,0,0,0
106.615,0.1926,0,0,0,0
106.648,0.1926,0,0,0,0
106.684,0.1926,0,0,0,0
106.714,0.1926,0,0,0,0
106.749,0.1926,0,0,0,0
106.785,0.1926,0,0,0,0
106.819,0.1926,0,0,0,0
106.848,0.1926,0,0,0,0
106.882,0.1926,0,0,0,0
106.916,0.1926,0,0,0,0
106.951,0.1926,0,0,0,0
106.982,0.1926,0,0,0,0
107.015,0.1926,0,0,0,0
107.047,0.1926,0,0,0,0
107.082,0.1926,0,0,0,0
107.118,0.1926,0,0,0,0
107.161,0.1926,0,0,0,0
107.184,0.1926,0,0,0,0
107.216,0.1926,0,0,0,0
107.247,0.1926,0,0,0,0
107.283,0.1926,0,0,0,0
107.314,0.1926,0,0,0,0
107.348,0.1926,0,0,0,0
107.385,0.1926,0,0,0,0
107.418,0.1926,0,0,0,0
107.449,0.1926,0,0,0,0
107.484,0.1926,0,0,0,0
107.514,0.1926,0,0,0,0
107.548,0.1926,0,0,0,0
107.584,0.1926,0,0,0,0
107.617,0.1926,0,0,0,0
107.651,0.1926,0,0,0,0
107.684,0.1926,0,0,0,0
107.715,0.1926,0,0,0,0
107.747,0.1926,0,0,0,0
107.781,0.1926,0,0,0,0
107.816,0.1926,0,0,0,0
107.850,0.1926,0,0,0,0
107.886,0.1926,0,0,0,0
107.917,0.1926,0,0,0,0
107.949,0.1926,0,0,0,0
107.984,0.1926,0,0,0,0
108.015,0.1926,0,0,0,0
108.049,0.1926,0,0,0,0
108.083,0.1926,0,0,0,0
108.114,0.1926,0,0,0,0
108.148,0.1926,0,0,0,0
108.181,0.1926,0,0,0,0
108.215,0.1926,0,0,0,0
108.249,0.1926,0,0,0,0
108.283,0.1926,0,0,0,0
108.314,0.1926,0,0,0,0
108.348,0.1926,0,0,0,0
108.383,0.1926,0,0,0,0
108.416,0.1926,0,0,0,0
108.453,0.1926,0,0,0,0
108.483,0.1926,0,0,0,0
108.515,0.1926,0,0,0,0
108.551,0.1926,0,0,0,0
108.581,0.1926,0,0,0,0
108.628,0.1926,0,0,0,0
108.660,0.1926,0,0,0,0
108.679,0.1926,0,0,0,0
108.717,0.1926,0,0,0,0
108.751,0.1926,0,0,0,0
108.783,0.1926,0,0,0,0
108.817,0.1926,0,0,0,0
108.850,0.1926,0,0,0,0
108.884,0.1926,0,0,0,0
108.914,0.1926,0,0,0,0
108.951,0.1926,0,0,0,0
108.985,0.1926,0,0,0,0
109.019,0.1926,0,0,0,0
109.047,0.1926,0,0,0,0
109.082,0.1926,0,0,0,0
109.119,0.1926,0,0,0,0
109.148,0.1926,0,0,0,0
109.186,0.1926,0,0,0,0
109.218,0.1926,0,0,0,0
109.249,0.1926,0,0,0,0
109.285,0.1926,0,0,0,0
109.314,0.1926,0,0,0,0
109.351,0.1926,0,0,0,0
109.382,0.1926,0,0,0,0
109.415,0.1926,0,0,0,0
109.449,0.1926,0,0,0,0
109.482,0.1926,0,0,0,0
109.515,0.1926,0,0,0,0
109.548,0.1926,0,0,0,0
109.583,0.1926,0,0,0,0
109.617,0.1926,0,0,0,0
109.649,0.1926,0,0,0,0
109.683,0.1926,0,0,0,0
109.719,0.1926,0,0,0,0
109.748,0.1926,0,0,0,0
109.781,0.1926,0,0,0,0
109.818,0.1926,0,0,0,0
109.852,0.1926,0,0,0,0
109.881,0.1926,0,0,0,0
109.918,0.1926,0,0,0,0
109.947,0.1926,0,0,0,0
109.985,0.1926,0,0,0,0
110.016,0.1926,0,0,0,0
110.047,0.1926,0,0,0,0
110.080,0.1926,0,0,0,0
110.115,0.1926,0,0,0,0
110.148,0.1926,0,0,0,0
110.184,0.1926,0,0,0,0
110.214,0.1926,0,0,0,0
110.250,0.1926,0,0,0,0
110.282,0.1926,0,0,0,0
110.318,0.1926,0,0,0,0
110.347,0.1926,0,0,0,0
110.382,0.1926,0,0,0,0
110.417,0.1926,0,0,0,0
110.451,0.1926,0,0,0,0
110.483,0.1926,0,0,0,0
110.515,0.1926,0,0,0,0
110.547,0.1926,0,0,0,0
110.584,0.1926,0,0,0,0
110.618,0.1926,0,0,0,0
110.666,0.1926,0,0,0,0
110.695,0.1926,0,0,0,0
110.717,0.1926,0,0,0,0
110.747,0.1926,0,0,0,0
110.784,0.1926,0,0,0,0
110.820,0.1926,0,0,0,0
110.847,0.1926,0,0,0,0
110.882,0.1926,0,0,0,0
110.916,0.1926,0,0,0,0
110.948,0.1926,0,0,0,0
110.982,0.1926,0,0,0,0
111.018,0.1926,0,0,0,0
111.050,0.1926,0,0,0,0
111.085,0.1926,0,0,0,0
111.118,0.1926,0,0,0,0
111.149,0.1926,0,0,0,0
111.181,0.1926,0,0,0,0
111.214,0.1926,0,0,0,0
111.248,0.1926,0,0,0,0
111.284,0.1926,0,0,0,0
111.315,0.1926,0,0,0,0
111.350,0.1926,0,0,0,0
111.382,0.1926,0,0,0,0
111.415,0.1926,0,0,0,0
111.452,0.1926,0,0,0,0
111.482,0.1926,0,0,0,0
111.519,0.1926,0,0,0,0
111.550,0.1926,0,0,0,0
111.583,0.1926,0,0,0,0
111.614,0.1926,0,0,0,0
111.652,0.1926,0,0,0,0
111.683,0.1926,0,0,0,0
111.715,0.1926,0,0,0,0
111.749,0.1926,0,0,0,0
111.782,0.1926,0,0,0,0
111.817,0.1926,0,0,0,0
111.849,0.1926,0,0,0,0
111.884,0.1926,0,0,0,0
111.916,0.1926,0,0,0,0
111.950,0.1926,0,0,0,0
111.986,0.1926,0,0,0,0
112.015,0.1926,0,0,0,0
112.051,0.1926,0,0,0,0
112.082,0.1926,0,0,0,0
112.118,0.1926,0,0,0,0
112.151,0.1926,0,0,0,0
112.184,0.1926,0,0,0,0
112.217,0.1926,0,0,0,0
112.251,0.1926,0,0,0,0
112.283,0.1926,0,0,0,0
112.320,0.1926,0,0,0,0
112.349,0.1926,0,0,0,0
112.381,0.1926,0,0,0,0
112.418,0.1926,0,0,0,0
112.448,0.1926,0,0,0,0
112.484,0.1926,0,0,0,0
112.519,0.1926,0,0,0,0
112.551,0.1926,0,0,0,0
112.579,0.1926,0,0,0,0
112.617,0.1926,0,0,0,0
112.652,0.1926,0,0,0,0
112.683,0.1926,0,0,0,0
112.716,0.1926,0,0,0,0
112.749,0.1926,0,0,0,0
112.781,0.1926,0,0,0,0
112.818,0.1926,0,0,0,0
112.851,0.1926,0,0,0,0
112.883,0.1926,0,0,0,0
112.917,0.1926,0,0,0,0
112.951,0.1926,0,0,0,0
112.981,0.1926,0,0,0,0
113.016,0.1926,0,0,0,0
113.048,0.1926,0,0,0,0
113.083,0.1926,0,0,0,0
113.119,0.1926,0,0,0,0
113.152,0.1926,0,0,0,0
113.183,0.1926,0,0,0,0
113.216,0.1926,0,0,0,0
113.253,0.1926,0,0,0,0
113.282,0.1926,0,0,0,0
113.315,0.1926,0,0,0,0
113.350,0.1926,0,0,0,0
113.382,0.1926,0,0,0,0
113.415,0.1926,0,0,0,0
113.448,0.1926,0,0,0,0
113.481,0.1926,0,0,0,0
113.516,0.1926,0,0,0,0
113.551,0.1926,0,0,0,0
113.581,0.1926,0,0,0,0
113.617,0.1926,0,0,0,0
113.653,0.1926,0,0,0,0
113.682,0.1926,0,0,0,0
113.717,0.1926,0,0,0,0
113.749,0.1926,0,0,0,0
113.782,0.1926,0,0,0,0
113.815,0.1926,0,0,0,0
113.848,0.1926,0,0,0,0
113.883,0.1926,0,0,0,0
113.916,0.1926,0,0,0,0
113.951,0.1926,0,0,0,0
113.985,0.1926,0,0,0,0
114.014,0.1926,0,0,0,0
114.049,0.1926,0,0,0,0
114.085,0.1926,0,0,0,0
114.114,0.1926,0,0,0,0
114.149,0.1926,0,0,0,0
114.182,0.1926,0,0,0,0
114.215,0.1926,0,0,0,0
114.249,0.1926,0,0,0,0
114.284,0.1926,0,0,0,0
114.317,0.1926,0,0,0,0
114.351,0.1926,0,0,0,0
114.383,0.1926,0,0,0,0
114.416,0.1926,0,0,0,0
114.450,0.1926,0,0,0,0
114.481,0.1926,0,0,0,0
114.515,0.1926,0,0,0,0
114.550,0.1926,0,0,0,0
114.583,0.1926,0,0,0,0
114.615,0.1926,0,0,0,0
114.651,0.1926,0,0,0,0
114.685,0.1926,0,0,0,0
114.716,0.1926,0,0,0,0
114.749,0.1926,0,0,0,0
114.783,0.1926,0,0,0,0
114.818,0.1926,0,0,0,0
114.852,0.1926,0,0,0,0
114.884,0.1926,0,0,0,0
114.915,0.1926,0,0,0,0
114.949,0.1926,0,0,0,0
114.982,0.1926,0,0,0,0
115.018,0.1926,0,0,0,0
115.049,0.1926,0,0,0,0
115.084,0.1926,0,0,0,0
115.117,0.1926,0,0,0,0
115.151,0.1926,0,0,0,0
115.185,0.1926,0,0,0,0
115.216,0.1926,0,0,0,0
115.248,0.1926,0,0,0,0
115.281,0.1926,0,0,0,0
115.320,0.1926,0,0,0,0
115.352,0.1926,0,0,0,0
115.385,0.1926,0,0,0,0
115.415,0.1926,0,0,0,0
115.449,0.1926,0,0,0,0
115.483,0.1926,0,0,0,0
115.517,0.1926,0,0,0,0
115.549,0.1926,0,0,0,0
115.585,0.1926,0,0,0,0
115.615,0.1926,0,0,0,0
115.649,0.1926,0,0,0,0
115.684,0.1926,0,0,0,0
115.717,0.1926,0,0,0,0
115.749,0.1926,0,0,0,0
115.783,0.1926,0,0,0,0
115.817,0.1926,0,0,0,0
115.847,0.1926,0,0,0,0
115.881,0.1926,0,0,0,0
115.919,0.1926,0,0,0,0
115.948,0.1926,0,0,0,0
115.981,0.1926,0,0,0,0
116.017,0.1926,0,0,0,0
116.049,0.1926,0,0,0,0
116.082,0.1926,0,0,0,0
116.118,0.1926,0,0,0,0
116.151,0.1926,0,0,0,0
116.185,0.1926,0,0,0,0
116.218,0.1926,0,0,0,0
116.249,0.1926,0,0,0,0
116.281,0.1926,0,0,0,0
116.317,0.1926,0,0,0,0
116.348,0.1926,0,0,0,0
116.384,0.1926,0,0,0,0
116.417,0.1926,0,0,0,0
116.451,0.1926,0,0,0,0
116.482,0.1926,0,0,0,0
116.516,0.1926,0,0,0,0
116.552,0.1926,0,0,0,0
116.584,0.1926,0,0,0,0
116.617,0.1926,0,0,0,0
116.648,0.1926,0,0,0,0
116.692,0.1926,0,0,0,0
116.717,0.1926,0,0,0,0
116.752,0.1926,0,0,0,0
116.787,0.1926,0,0,0,0
116.817,0.1926,0,0,0,0
116.848,0.1926,0,0,0,0
116.885,0.1926,0,0,0,0
116.917,0.1926,0,0,0,0
116.947,0.1926,0,0,0,0
116.984,0.1926,0,0,0,0
117.014,0.1926,0,0,0,0
117.048,0.1926,0,0,0,0
117.083,0.1926,0,0,0,0
117.116,0.1926,0,0,0,0
117.151,0.1926,0,0,0,0
117.185,0.1926,0,0,0,0
117.218,0.1926,0,0,0,0
117.253,0.1926,0,0,0,0
117.283,0.1926,0,0,0,0
117.318,0.1926,0,0,0,0
117.348,0.1926,0,0,0,0
117.384,0.1926,0,0,0,0
117.416,0.1926,0,0,0,0
117.450,0.1926,0,0,0,0
117.484,0.1926,0,0,0,0
117.518,0.1926,0,0,0,0
117.548,0.1926,0,0,0,0
117.584,0.1926,0,0,0,0
117.617,0.1926,0,0,0,0
117.653,0.1926,0,0,0,0
117.684,0.1926,0,0,0,0
117.715,0.1926,0,0,0,0
117.750,0.1926,0,0,0,0
117.782,0.1926,0,0,0,0
117.819,0.1926,0,0,0,0
117.850,0.1926,0,0,0,0
117.881,0.1926,0,0,0,0
117.917,0.1926,0,0,0,0
117.950,0.1926,0,0,0,0
117.981,0.1926,0,0,0,0
118.017,0.1926,0,0,0,0
118.049,0.1926,0,0,0,0
118.082,0.1926,0,0,0,0
118.116,0.1926,0,0,0,0
118.148,0.1926,0,0,0,0
118.183,0.1926,0,0,0,0
118.219,0.1926,0,0,0,0
118.251,0.1926,0,0,0,0
118.281,0.1926,0,0,0,0
118.314,0.1926,0,0,0,0
118.350,0.1926,0,0,0,0
118.382,0.1926,0,0,0,0
118.414,0.1926,0,0,0,0
118.448,0.1926,0,0,0,0
118.482,0.1926,0,0,0,0
118.515,0.1926,0,0,0,0
118.550,0.1926,0,0,0,0
118.583,0.1926,0,0,0,0
118.617,0.1926,0,0,0,0
118.649,0.1926,0,0,0,0
118.682,0.1926,0,0,0,0
118.715,0.1926,0,0,0,0
118.749,0.1926,0,0,0,0
118.784,0.1926,0,0,0,0
118.815,0.1926,0,0,0,0
118.849,0.1926,0,0,0,0
118.884,0.1926,0,0,0,0
118.916,0.1926,0,0,0,0
118.948,0.1926,0,0,0,0
118.984,0.1926,0,0,0,0
119.015,0.1926,0,0,0,0
119.047,0.1926,0,0,0,0
119.081,0.1926,0,0,0,0
119.113,0.1926,0,0,0,0
119.149,0.1926,0,0,0,0
119.182,0.1926,0,0,0,0
119.214,0.1926,0,0,0,0
119.251,0.1926,0,0,0,0
119.281,0.1926,0,0,0,0
119.318,0.1926,0,0,0,0
119.350,0.1926,0,0,0,0
119.384,0.1926,0,0,0,0
119.422,0.1926,0,0,0,0
119.451,0.1926,0,0,0,0
119.484,0.1926,0,0,0,0
119.516,0.1926,0,0,0,0
119.547,0.1926,0,0,0,0
119.582,0.1926,0,0,0,0
119.614,0.1926,0,0,0,0
119.647,0.1926,0,0,0,0
119.681,0.1926,0,0,0,0
119.718,0.1926,0,0,0,0
119.749,0.1926,0,0,0,0
119.784,0.1926,0,0,0,0
119.817,0.1926,0,0,0,0
119.852,0.1926,0,0,0,0
119.883,0.1926,0,0,0,0
119.917,0.1926,0,0,0,0
119.948,0.1926,0,0,0,0
119.983,0.1926,0,0,0,0
120.015,0.1926,0,0,0,0
120.049,0.1926,0,0,0,0
120.085,0.1926,0,0,0,0
120.121,0.1926,0,0,0,0
120.152,0.1926,0,0,0,0
120.185,0.1926,0,0,0,0
120.221,0.1926,0,0,0,0
120.247,0.1926,0,0,0,0
120.283,0.1926,0,0,0,0
120.317,0.1926,0,0,0,0
120.352,0.1926,0,0,0,0
120.382,0.1926,0,0,0,0
120.417,0.1926,0,0,0,0
120.447,0.1926,0,0,0,0
120.480,0.1926,0,0,0,0
120.519,0.1926,0,0,0,0
120.554,0.1926,0,0,0,0
120.588,0.1926,0,0,0,0
120.618,0.1926,0,0,0,0
120.649,0.1926,0,0,0,0
120.682,0.1926,0,0,0,0
120.716,0.1926,0,0,0,0
120.750,0.1926,0,0,0,0
120.784,0.1926,0,0,0,0
120.816,0.1926,0,0,0,0
120.850,0.1926,0,0,0,0
120.882,0.1926,0,0,0,0
120.913,0.1926,0,0,0,0
120.949,0.1926,0,0,0,0
120.985,0.1926,0,0,0,0
121.016,0.1926,0,0,0,0
121.050,0.1926,0,0,0,0
121.082,0.1926,0,0,0,0
121.117,0.1926,0,0,0,0
121.150,0.1926,0,0,0,0
121.181,0.1926,0,0,0,0
121.215,0.1926,0,0,0,0
121.251,0.1926,0,0,0,0
121.285,0.1926,0,0,0,0
121.316,0.1926,0,0,0,0
121.349,0.1926,0,0,0,0
121.383,0.1926,0,0,0,0
121.416,0.1926,0,0,0,0
121.448,0.1926,0,0,0,0
121.482,0.1926,0,0,0,0
121.514,0.1926,0,0,0,0
121.550,0.1926,0,0,0,0
121.583,0.1926,0,0,0,0
121.616,0.1926,0,0,0,0
121.648,0.1926,0,0,0,0
121.683,0.1926,0,0,0,0
121.715,0.1926,0,0,0,0
121.751,0.1926,0,0,0,0
121.786,0.1926,0,0,0,0
121.814,0.1926,0,0,0,0
121.847,0.1926,0,0,0,0
121.884,0.1926,0,0,0,0
121.916,0.1926,0,0,0,0
121.950,0.1926,0,0,0,0
121.981,0.1926,0,0,0,0
122.017,0.1926,0,0,0,0
122.049,0.1926,0,0,0,0
122.083,0.1926,0,0,0,0
122.116,0.1926,0,0,0,0
122.150,0.1926,0,0,0,0
122.184,0.1926,0,0,0,0
122.218,0.1926,0,0,0,0
122.251,0.1926,0,0,0,0
122.284,0.1926,0,0,0,0
122.318,0.1926,0,0,0,0
122.352,0.1926,0,0,0,0
122.381,0.1926,0,0,0,0
122.416,0.1926,0,0,0,0
122.447,0.1926,0,0,0,0
122.483,0.1926,0,0,0,0
122.514,0.1926,0,0,0,0
122.550,0.1926,0,0,0,0
122.583,0.1926,0,0,0,0
122.615,0.1926,0,0,0,0
122.649,0.1926,0,0,0,0
122.683,0.1926,0,0,0,0
122.718,0.1926,0,0,0,0
122.749,0.1926,0,0,0,0
122.783,0.1926,0,0,0,0
122.818,0.1926,0,0,0,0
122.848,0.1926,0,0,0,0
122.885,0.1926,0,0,0,0
122.914,0.1926,0,0,0,0
122.950,0.1926,0,0,0,0
122.982,0.1926,0,0,0,0
123.013,0.1926,0,0,0,0
123.049,0.1926,0,0,0,0
123.081,0.1926,0,0,0,0
123.119,0.1926,0,0,0,0
123.147,0.1926,0,0,0,0
123.182,0.1926,0,0,0,0
123.219,0.1926,0,0,0,0
123.248,0.1926,0,0,0,0
123.281,0.1926,0,0,0,0
123.315,0.1926,0,0,0,0
123.347,0.1926,0,0,0,0
123.382,0.1926,0,0,0,0
123.414,0.1926,0,0,0,0
123.463,0.1926,0,0,0,0
123.484,0.1926,0,0,0,0
123.515,0.1926,0,0,0,0
123.562,0.1926,0,0,0,0
123.585,0.1926,0,0,0,0
123.615,0.1926,0,0,0,0
123.648,0.1926,0,0,0,0
123.690,0.1926,0,0,0,0
123.716,0.1926,0,0,0,0
123.748,0.1926,0,0,0,0
123.791,0.1926,0,0,0,0
123.810,0.1926,0,0,0,0
123.848,0.1926,0,0,0,0
123.880,0.1926,0,0,0,0
123.911,0.1926,0,0,0,0
123.948,0.1926,0,0,0,0
123.982,0.1926,0,0,0,0
124.016,0.1926,0,0,0,0
124.043,0.1926,0,0,0,0
124.082,0.1926,0,0,0,0
124.119,0.1926,0,0,0,0
124.140,0.1926,0,0,0,0
124.181,0.1926,0,0,0,0
124.227,0.1926,0,0,0,0
124.251,0.1926,0,0,0,0
124.281,0.1926,0,0,0,0
124.317,0.1922,0,0,0,0
124.349,0.1906,0,7,7,0
124.381,0.1888,0,7,7,0
124.414,0.1866,0,7,7,0
124.449,0.1839,0,7,7,0
124.485,0.1809,0,7,7,0
124.514,0.1782,0,7,7,0
124.549,0.1748,0,7,7,0
124.584,0.1714,0,7,7,0
124.614,0.1687,0,7,7,0
124.649,0.1707,0,7,7,0
124.683,0.1725,0,7,7,0
124.716,0.1741,0,7,7,0
124.748,0.1754,0,7,7,0
124.782,0.1768,0,7,7,0
124.818,0.1782,0,7,7,0
124.850,0.1793,0,7,7,0
124.884,0.1804,0,7,7,0
124.916,0.1814,0,7,7,0
124.950,0.1824,0,7,7,0
124.979,0.1832,0,7,7,0
125.017,0.1842,0,7,7,0
125.049,0.1850,0,7,7,0
125.079,0.1857,0,7,7,0
125.124,0.1865,0,7,7,0
125.143,0.1868,0,7,7,0
125.181,0.1869,0,7,7,0
125.220,0.1870,0,7,7,0
125.240,0.1870,0,7,7,0
125.291,0.1870,0,7,7,0
125.308,0.1870,0,7,7,0
125.353,0.1870,0,7,7,0
125.373,0.1870,0,7,7,0
125.418,0.1870,0,7,7,0
125.457,0.1870,0,7,7,0
125.477,0.1870,0,7,7,0
125.517,0.1870,0,7,7,0
125.577,0.1870,0,7,7,0
125.602,0.1870,0,7,7,0
125.618,0.1870,0,7,7,0
125.652,0.1870,0,7,7,0
125.680,0.1870,0,7,7,0
125.718,0.1870,0,0,0,0
125.750,0.1870,0,0,0,0
125.785,0.1870,0,0,0,0
125.817,0.1870,0,0,0,0
125.851,0.1870,0,0,0,0
125.886,0.1870,0,0,0,0
125.914,0.1870,0,0,0,0
125.939,0.1870,0,0,0,0
125.991,0.1870,0,0,0,0
126.013,0.1870,0,0,0,0
126.049,0.1870,0,0,0,0
126.091,0.1870,0,0,0,0
126.111,0.1870,0,0,0,0
126.151,0.1870,0,0,0,0
126.181,0.1870,0,0,0,0
126.219,0.1870,0,0,0,0
126.244,0.1870,0,0,0,0
126.285,0.1870,0,0,0,0
126.319,0.1870,0,0,0,0
126.341,0.1870,0,0,0,0
126.382,0.1870,0,0,0,0
126.418,0.1870,0,0,0,0
126.450,0.1870,0,0,0,0
126.485,0.1870,0,0,0,0
126.530,0.1870,0,0,0,0
126.559,0.1870,0,0,0,0
126.583,0.1870,0,0,0,0
126.616,0.1870,0,0,0,0
126.651,0.1870,0,0,0,0
126.691,0.1870,0,0,0,0
126.718,0.1870,0,0,0,0
126.754,0.1870,0,0,0,0
126.775,0.1870,0,0,0,0
126.818,0.1870,0,0,0,0
126.848,0.1870,0,0,0,0
126.873,0.1870,0,0,0,0
126.918,0.1870,0,0,0,0
126.950,0.1870,0,0,0,0
126.986,0.1870,0,0,0,0
127.007,0.1870,0,0,0,0
127.051,0.1870,0,0,0,0
127.085,0.1870,0,0,0,0
127.110,0.1870,0,0,0,0
127.147,0.1870,0,0,0,0
127.193,0.1870,0,0,0,0
127.212,0.1870,0,0,0,0
127.249,0.1870,0,0,0,0
127.287,0.1870,0,0,0,0
127.312,0.1870,0,0,0,0
127.349,0.1870,0,0,0,0
127.382,0.1870,0,0,0,0
127.413,0.1870,0,0,0,0
127.448,0.1870,0,0,0,0
127.484,0.1870,0,0,0,0
127.514,0.1870,0,0,0,0
127.540,0.1870,0,0,0,0
127.583,0.1870,0,0,0,0
127.616,0.1870,0,0,0,0
127.649,0.1870,0,0,0,0
127.682,0.1870,0,0,0,0
127.724,0.1870,0,0,0,0
127.750,0.1870,0,0,0,0
127.775,0.1870,0,0,0,0
127.825,0.1870,0,0,0,0
127.847,0.1870,0,0,0,0
127.881,0.1870,0,0,0,0
127.918,0.1870,0,0,0,0
127.944,0.1870,0,0,0,0
127.984,0.1870,0,0,0,0
128.016,0.1870,0,0,0,0
128.047,0.1870,0,0,0,0
128.071,0.1870,0,0,0,0
128.115,0.1870,0,0,0,0
128.150,0.1870,0,0,0,0
128.184,0.1870,0,0,0,0
128.215,0.1870,0,0,0,0
128.245,0.1870,0,0,0,0
128.272,0.1870,0,0,0,0
128.318,0.1870,0,0,0,0
128.365,0.1870,0,0,0,0
128.394,0.1870,0,0,0,0
128.415,0.1870,0,0,0,0
128.451,0.1870,0,0,0,0
128.485,0.1870,0,0,0,0
128.516,0.1870,0,0,0,0
128.556,0.1870,0,0,0,0
128.581,0.1870,0,0,0,0
128.614,0.1870,0,0,0,0
128.650,0.1870,0,0,0,0
128.698,0.1870,0,0,0,0
128.727,0.1870,0,0,0,0
128.749,0.1870,0,0,0,0
128.785,0.1870,0,0,0,0
128.811,0.1870,0,0,0,0
128.863,0.1870,0,0,0,0
128.878,0.1870,0,0,0,0
128.915,0.1870,0,0,0,0
128.949,0.1870,0,0,0,0
128.985,0.1870,0,0,0,0
129.010,0.1870,0,0,0,0
129.052,0.1869,0,0,0,0
129.082,0.1867,0,0,0,0
129.119,0.1863,0,0,0,0
129.151,0.1857,0,0,0,0
129.184,0.1850,0,0,0,0
129.228,0.1838,0,0,0,0
129.257,0.1834,0,0,0,0
129.285,0.1831,0,0,0,0
129.329,0.1831,0,0,0,0
129.349,0.1831,0,0,0,0
129.386,0.1831,0,0,0,0
129.416,0.1831,0,0,0,0
129.443,0.1831,0,0,0,0
129.481,0.1831,0,0,0,0
129.517,0.1831,0,0,0,0
129.550,0.1831,0,0,0,0
129.585,0.1831,0,0,0,0
129.616,0.1831,0,0,0,0
129.655,0.1831,0,0,0,0
129.681,0.1831,0,0,0,0
129.718,0.1831,0,0,0,0
129.760,0.1831,0,0,0,0
129.783,0.1831,0,0,0,0
129.817,0.1831,0,0,0,0
129.854,0.1831,0,0,0,0
129.880,0.1831,0,0,0,0
129.916,0.1831,0,0,0,0
129.946,0.1831,0,0,0,0
129.983,0.1831,0,0,0,0
130.015,0.1831,0,0,0,0
130.048,0.1831,0,0,0,0
130.083,0.1831,0,0,0,0
130.114,0.1831,0,0,0,0
130.151,0.1831,0,0,0,0
130.182,0.1831,0,0,0,0
130.215,0.1831,0,0,0,0
130.247,0.1831,0,0,0,0
130.281,0.1831,0,0,0,0
130.317,0.1831,0,0,0,0
130.351,0.1831,0,0,0,0
130.384,0.1831,0,0,0,0
130.416,0.1831,0,0,0,0
130.449,0.1831,0,0,0,0
130.483,0.1831,0,0,0,0
130.515,0.1831,0,0,0,0
130.550,0.1831,0,0,0,0
130.582,0.1831,0,0,0,0
130.617,0.1831,0,0,0,0
130.650,0.1831,0,0,0,0
130.684,0.1831,0,0,0,0
130.715,0.1831,0,0,0,0
130.748,0.1831,0,0,0,0
130.784,0.1831,0,0,0,0
130.816,0.1831,0,0,0,0
130.849,0.1831,0,0,0,0
130.882,0.1831,0,0,0,0
130.914,0.1831,0,0,0,0
130.950,0.1831,0,0,0,0
130.983,0.1831,0,0,0,0
131.016,0.1831,0,0,0,0
131.052,0.1831,0,0,0,0
131.083,0.1831,0,0,0,0
131.115,0.1831,0,0,0,0
131.148,0.1831,0,0,0,0
131.181,0.1831,0,0,0,0
131.216,0.1831,0,0,0,0
131.249,0.1831,0,0,0,0
131.284,0.1831,0,0,0,0
131.315,0.1831,0,0,0,0
131.351,0.1831,0,0,0,0
131.384,0.1831,0,0,0,0
131.417,0.1831,0,0,0,0
131.448,0.1831,0,0,0,0
131.484,0.1831,0,0,0,0
131.517,0.1831,0,0,0,0
131.550,0.1831,0,0,0,0
131.584,0.1831,0,0,0,0
131.614,0.1833,0,0,0,0
131.648,0.1839,0,0,0,0
131.682,0.1845,0,0,0,0
131.719,0.1862,0,7,7,0
131.748,0.1888,0,7,7,0
131.782,0.1904,0,7,7,0
131.818,0.1940,0,7,7,0
131.850,0.1977,0,7,7,0
131.881,0.1995,0,7,7,0
131.915,0.2027,0,7,7,0
131.952,0.2053,0,7,7,0
131.981,0.2063,0,7,7,0
132.016,0.2080,0,7,7,0
132.050,0.2091,0,7,7,0
132.086,0.2094,0,7,7,0
132.116,0.2098,0,7,7,0
132.149,0.2098,0,7,7,0
132.185,0.2097,0,7,7,0
132.216,0.2093,0,7,7,0
132.252,0.2088,0,7,7,0
132.283,0.2086,0,7,7,0
132.308,0.2081,0,7,7,0
132.348,0.2076,0,7,7,0
132.383,0.2074,0,7,7,0
132.416,0.2070,0,7,7,0
132.450,0.2063,0,7,7,0
132.484,0.2048,0,7,7,0
132.516,0.2031,0,7,7,0
132.545,0.2009,0,7,7,0
132.581,0.1976,0,7,7,0
132.615,0.1943,0,7,7,0
132.650,0.1910,0,7,7,0
132.701,0.1953,0,7,7,0
132.718,0.1959,0,7,7,0
132.749,0.1970,0,7,7,0
132.782,0.1975,0,7,7,0
132.816,0.1987,0,7,7,0
132.850,0.1997,0,7,7,0
132.885,0.2001,0,7,7,0
132.916,0.2009,0,7,7,0
132.945,0.2013,0,7,7,0
132.984,0.2018,0,7,7,0
133.018,0.2021,0,7,7,0
133.053,0.2023,0,7,7,0
133.081,0.2023,0,7,7,0
133.117,0.2023,0,7,7,0
133.149,0.2023,0,7,7,0
133.175,0.2034,0,7,7,0
133.215,0.2073,0,7,7,0
133.252,0.2116,0,7,7,0
133.285,0.2158,0,7,7,0
133.317,0.2204,0,7,7,0
133.349,0.2254,0,7,7,0
133.387,0.2310,0,7,7,0
133.417,0.2349,0,7,7,0
133.449,0.2407,0,7,7,0
133.484,0.2450,0,7,7,0
133.509,0.2516,0,7,7,0
133.551,0.2594,0,7,7,0
133.587,0.2673,0,7,7,0
133.609,0.2715,0,7,7,0
133.649,0.2800,0,7,7,0
133.692,0.2889,0,7,7,0
133.721,0.2936,0,7,7,0
133.745,0.2983,0,7,7,0
133.782,0.3076,0,7,7,0
133.819,0.3172,0,7,7,0
133.847,0.3265,0,7,7,0
133.884,0.3315,0,7,7,0
133.917,0.3408,0,7,7,0
133.950,0.3499,0,7,7,0
133.982,0.3545,0,7,7,0
134.023,0.3633,0,7,7,0
134.049,0.3719,0,7,7,0
134.082,0.3762,0,7,7,0
134.118,0.3846,0,7,7,0
134.140,0.3888,0,7,7,0
134.181,0.3973,0,7,7,0
134.215,0.4054,0,7,7,0
134.249,0.4128,0,7,7,0
134.276,0.4161,0,7,7,0
134.317,0.4218,0,7,7,0
134.355,0.4258,0,7,7,0
134.375,0.4270,0,7,7,0
134.417,0.4280,0,7,7,0
134.459,0.4271,0,7,7,0
134.482,0.4260,0,7,7,0
134.516,0.4224,0,7,7,0
134.549,0.4173,0,7,7,0
134.582,0.4143,0,7,7,0
134.606,0.4075,0,7,7,0
134.651,0.3998,0,7,7,0
134.687,0.3915,0,7,7,0
134.709,0.3871,0,7,7,0
134.750,0.3780,0,7,7,0
134.783,0.3733,0,7,7,0
134.815,0.3636,0,7,7,0
134.849,0.3537,0,7,7,0
134.885,0.3486,0,7,7,0
134.922,0.3385,0,7,7,0
134.949,0.3283,0,7,7,0
134.983,0.3232,0,7,7,0
135.016,0.3130,0,7,7,0
135.049,0.3029,0,7,7,0
135.087,0.2931,0,7,7,0
135.122,0.2882,0,7,7,0
135.150,0.2785,0,7,7,0
135.184,0.2737,0,7,7,0
135.228,0.2595,0,7,7,0
135.256,0.2548,0,7,7,0
135.281,0.2502,0,7,7,0
135.315,0.2409,0,7,7,0
135.355,0.2319,0,7,7,0
135.385,0.2276,0,7,7,0
135.415,0.2198,0,7,7,0
135.449,0.2133,0,7,7,0
135.482,0.2106,0,7,7,0
135.515,0.2062,0,7,7,0
135.551,0.2032,0,7,7,0
135.584,0.2022,0,7,7,0
135.616,0.2011,0,7,7,0
135.664,0.2010,0,7,7,0
135.694,0.2015,0,7,7,0
135.715,0.2019,0,7,7,0
135.751,0.2030,0,7,7,0
135.781,0.2036,0,7,7,0
135.816,0.2049,0,7,7,0
135.856,0.2061,0,7,7,0
135.884,0.2067,0,7,7,0
135.916,0.2077,0,7,7,0
135.949,0.2085,0,7,7,0
135.997,0.2092,0,7,7,0
136.025,0.2095,0,7,7,0
136.050,0.2099,0,7,7,0
136.082,0.2100,0,7,7,0
136.113,0.2102,0,7,7,0
136.148,0.2101,0,7,7,0
136.182,0.2101,0,7,7,0
136.218,0.2099,0,7,7,0
136.250,0.2097,0,7,7,0
136.282,0.2096,0,7,7,0
136.315,0.2095,0,7,7,0
136.342,0.2094,0,7,7,0
136.385,0.2093,0,7,7,0
136.432,0.2090,0,7,7,0
136.462,0.2087,0,7,7,0
136.485,0.2084,0,7,7,0
136.516,0.2076,0,7,7,0
136.548,0.2063,0,7,7,0
136.581,0.2044,0,7,7,0
136.612,0.2023,0,7,7,0
136.648,0.1993,0,7,7,0
136.681,0.1963,0,7,7,0
136.714,0.1954,0,7,7,0
136.761,0.1955,0,7,7,0
136.788,0.1955,0,7,7,0
136.813,0.1955,0,7,7,0
136.850,0.1955,0,7,7,0
136.880,0.1945,0,7,7,0
136.915,0.1921,0,7,7,0
136.950,0.1892,0,7,7,0
136.987,0.1853,0,7,7,0
137.006,0.1830,0,7,7,0
137.052,0.1768,0,7,7,0
137.096,0.1700,0,7,7,0
137.124,0.1707,0,7,7,0
137.149,0.1732,0,7,7,0
137.195,0.1773,0,7,7,0
137.213,0.1788,0,7,7,0
137.249,0.1813,0,7,7,0
137.283,0.1833,0,7,7,0
137.307,0.1840,0,7,7,0
137.349,0.1843,0,7,7,0
137.386,0.1843,0,7,7,0
137.413,0.1843,0,7,7,0
137.439,0.1843,0,7,7,0
137.481,0.1842,0,7,7,0
137.509,0.1839,0,7,7,0
137.549,0.1831,0,7,7,0
137.581,0.1826,0,7,7,0
137.614,0.1813,0,7,7,0
137.640,0.1807,0,7,7,0
137.683,0.1796,0,7,7,0
137.722,0.1790,0,7,7,0
137.747,0.1788,0,7,7,0
137.781,0.1788,0,7,7,0
137.826,0.1790,0,7,7,0
137.851,0.1793,0,7,7,0
137.885,0.1795,0,7,7,0
137.915,0.1799,0,7,7,0
137.949,0.1803,0,7,7,0
137.982,0.1805,0,7,7,0
138.015,0.1808,0,7,7,0
138.059,0.1810,0,7,7,0
138.085,0.1811,0,7,7,0
138.117,0.1813,0,7,7,0
138.163,0.1815,0,7,7,0
138.187,0.1816,0,7,7,0
138.207,0.1816,0,7,7,0
138.249,0.1818,0,7,7,0
138.279,0.1818,0,7,7,0
138.314,0.1819,0,0,0,0
138.352,0.1821,0,0,0,0
138.385,0.1822,0,0,0,0
138.415,0.1823,0,0,0,0
138.449,0.1825,0,0,0,0
138.488,0.1827,0,0,0,0
138.514,0.1828,0,0,0,0
138.551,0.1831,0,0,0,0
138.598,0.1835,0,0,0,0
138.628,0.1839,0,0,0,0
138.656,0.1841,0,0,0,0
138.683,0.1842,0,0,0,0
138.715,0.1843,0,0,0,0
138.748,0.1845,0,0,0,0
138.785,0.1845,0,0,0,0
138.813,0.1847,0,0,0,0
138.848,0.1848,0,0,0,0
138.883,0.1848,0,0,0,0
138.912,0.1849,0,0,0,0
138.948,0.1850,0,0,0,0
138.987,0.1851,0,0,0,0
139.010,0.1851,0,0,0,0
139.038,0.1851,0,0,0,0
139.083,0.1851,0,0,0,0
139.133,0.1852,0,0,0,0
139.167,0.1852,0,0,0,0
139.184,0.1852,0,0,0,0
139.218,0.1852,0,0,0,0
139.251,0.1853,0,0,0,0
139.283,0.1853,0,0,0,0
139.309,0.1853,0,0,0,0
139.350,0.1853,0,0,0,0
139.383,0.1853,0,0,0,0
139.417,0.1853,0,0,0,0
139.451,0.1853,0,0,0,0
139.488,0.1853,0,0,0,0
139.519,0.1853,0,0,0,0
139.552,0.1853,0,0,0,0
139.583,0.1853,0,0,0,0
139.618,0.1853,0,0,0,0
139.648,0.1853,0,0,0,0
139.688,0.1853,0,0,0,0
139.717,0.1853,0,0,0,0
139.750,0.1852,0,0,0,0
139.785,0.1852,0,0,0,0
139.820,0.1852,0,0,0,0
139.854,0.1852,0,0,0,0
139.886,0.1852,0,0,0,0
139.918,0.1852,0,0,0,0
139.951,0.1852,0,0,0,0
139.984,0.1852,0,0,0,0
140.017,0.1852,0,0,0,0
140.050,0.1852,0,0,0,0
140.084,0.1852,0,0,0,0
140.117,0.1852,0,0,0,0
140.153,0.1852,0,0,0,0
140.186,0.1851,0,0,0,0
140.219,0.1851,0,0,0,0
140.248,0.1851,0,0,0,0
140.283,0.1851,0,0,0,0
140.317,0.1851,0,0,0,0
140.351,0.1851,0,0,0,0
140.384,0.1851,0,0,0,0
140.418,0.1851,0,0,0,0
140.458,0.1851,0,0,0,0
140.483,0.1851,0,0,0,0
140.521,0.1851,0,0,0,0
140.553,0.1851,0,0,0,0
140.584,0.1851,0,0,0,0
140.619,0.1850,0,0,0,0
140.651,0.1850,0,0,0,0
140.687,0.1850,0,0,0,0
140.724,0.1850,0,0,0,0
140.752,0.1850,0,0,0,0
140.782,0.1850,0,0,0,0
140.821,0.1850,0,0,0,0
140.850,0.1850,0,0,0,0
140.882,0.1850,0,0,0,0
140.924,0.1850,0,0,0,0
140.952,0.1850,0,0,0,0
140.983,0.1850,0,0,0,0
141.018,0.1850,0,0,0,0
141.050,0.1850,0,0,0,0
141.084,0.1850,0,0,0,0
141.117,0.1849,0,0,0,0
141.153,0.1849,0,0,0,0
141.183,0.1849,0,0,0,0
141.216,0.1849,0,0,0,0
141.249,0.1849,0,0,0,0
141.284,0.1849,0,0,0,0
141.319,0.1849,0,0,0,0
141.351,0.1849,0,0,0,0
141.386,0.1849,0,0,0,0
141.417,0.1849,0,0,0,0
141.451,0.1849,0,0,0,0
141.485,0.1849,0,0,0,0
141.518,0.1849,0,0,0,0
141.553,0.1849,0,0,0,0
141.583,0.1849,0,0,0,0
141.619,0.1849,0,0,0,0
141.650,0.1849,0,0,0,0
141.683,0.1849,0,0,0,0
141.717,0.1849,0,0,0,0
141.750,0.1849,0,0,0,0
141.786,0.1849,0,0,0,0
141.820,0.1848,0,0,0,0
141.850,0.1848,0,0,0,0
141.883,0.1848,0,0,0,0
141.919,0.1848,0,0,0,0
141.950,0.1848,0,0,0,0
141.984,0.1848,0,0,0,0
142.020,0.1848,0,0,0,0
142.054,0.1848,0,0,0,0
142.085,0.1848,0,0,0,0
142.116,0.1848,0,0,0,0
142.153,0.1848,0,0,0,0
142.186,0.1848,0,0,0,0
142.216,0.1848,0,0,0,0
142.248,0.1848,0,0,0,0
142.285,0.1848,0,0,0,0
142.316,0.1848,0,0,0,0
142.352,0.1848,0,0,0,0
142.383,0.1848,0,0,0,0
142.418,0.1848,0,0,0,0
142.451,0.1848,0,0,0,0
142.483,0.1848,0,0,0,0
142.516,0.1848,0,0,0,0
142.553,0.1848,0,0,0,0
142.584,0.1848,0,0,0,0
142.618,0.1848,0,0,0,0
142.651,0.1848,0,0,0,0
142.685,0.1848,0,0,0,0
142.718,0.1848,0,0,0,0
142.750,0.1848,0,0,0,0
142.786,0.1848,0,0,0,0
142.819,0.1848,0,0,0,0
142.849,0.1848,0,0,0,0
142.884,0.1848,0,0,0,0
142.918,0.1848,0,0,0,0
142.951,0.1848,0,0,0,0
142.989,0.1847,0,0,0,0
143.017,0.1847,0,0,0,0
143.052,0.1847,0,0,0,0
143.085,0.1847,0,0,0,0
143.122,0.1847,0,0,0,0
143.150,0.1847,0,0,0,0
143.186,0.1847,0,0,0,0
143.218,0.1847,0,0,0,0
143.252,0.1847,0,0,0,0
143.282,0.1847,0,0,0,0
143.316,0.1847,0,0,0,0
143.349,0.1847,0,0,0,0
143.386,0.1847,0,0,0,0
143.419,0.1847,0,0,0,0
143.450,0.1847,0,0,0,0
143.484,0.1847,0,0,0,0
143.517,0.1847,0,0,0,0
143.553,0.1847,0,0,0,0
143.585,0.1847,0,0,0,0
143.616,0.1847,0,0,0,0
143.649,0.1847,0,0,0,0
143.684,0.1847,0,0,0,0
143.718,0.1847,0,0,0,0
143.751,0.1847,0,0,0,0
143.784,0.1847,0,0,0,0
143.819,0.1847,0,0,0,0
143.849,0.1847,0,0,0,0
143.886,0.1847,0,0,0,0
143.920,0.1847,0,0,0,0
143.951,0.1847,0,0,0,0
143.986,0.1847,0,0,0,0
144.019,0.1847,0,0,0,0
144.052,0.1847,0,0,0,0
144.087,0.1847,0,0,0,0
144.117,0.1847,0,0,0,0
144.151,0.1847,0,0,0,0
144.186,0.1847,0,0,0,0
144.219,0.1847,0,0,0,0
144.250,0.1847,0,0,0,0
144.284,0.1847,0,0,0,0
144.317,0.1847,0,0,0,0
144.354,0.1847,0,0,0,0
144.385,0.1847,0,0,0,0
144.418,0.1847,0,0,0,0
144.451,0.1847,0,0,0,0
144.483,0.1847,0,0,0,0
144.516,0.1847,0,0,0,0
144.549,0.1847,0,0,0,0
144.590,0.1847,0,0,0,0
144.618,0.1847,0,0,0,0
144.652,0.1847,0,0,0,0
144.683,0.1847,0,0,0,0
144.718,0.1847,0,0,0,0
144.749,0.1847,0,0,0,0
144.783,0.1847,0,0,0,0
144.818,0.1847,0,0,0,0
144.849,0.1847,0,0,0,0
144.882,0.1847,0,0,0,0
144.916,0.1847,0,0,0,0
144.951,0.1847,0,0,0,0
144.984,0.1847,0,0,0,0
145.018,0.1847,0,0,0,0
145.046,0.1847,0,0,0,0
145.085,0.1847,0,0,0,0
145.119,0.1847,0,0,0,0
145.144,0.1847,0,0,0,0
145.185,0.1847,0,0,0,0
145.218,0.1847,0,0,0,0
145.249,0.1847,0,0,0,0
145.273,0.1847,0,0,0,0
145.315,0.1847,0,0,0,0
145.353,0.1847,0,0,0,0
145.375,0.1847,0,0,0,0
145.419,0.1847,0,0,0,0
145.457,0.1847,0,0,0,0
145.485,0.1847,0,0,0,0
145.508,0.1847,0,0,0,0
145.552,0.1847,0,0,0,0
145.578,0.1847,0,0,0,0
145.624,0.1847,0,0,0,0
145.648,0.1847,0,0,0,0
145.681,0.1847,0,0,0,0
145.717,0.1847,0,0,0,0
145.752,0.1847,0,0,0,0
145.783,0.1847,0,0,0,0
145.818,0.1847,0,0,0,0
145.849,0.1847,0,0,0,0
145.882,0.1847,0,0,0,0
145.917,0.1847,0,0,0,0
145.952,0.1847,0,0,0,0
145.987,0.1847,0,0,0,0
146.013,0.1847,0,0,0,0
146.053,0.1847,0,0,0,0
146.099,0.1847,0,0,0,0
146.131,0.1847,0,0,0,0
146.148,0.1847,0,0,0,0
146.187,0.1847,0,0,0,0
146.211,0.1847,0,0,0,0
146.251,0.1847,0,0,0,0
146.284,0.1847,0,0,0,0
146.314,0.1847,0,0,0,0
146.352,0.1847,0,0,0,0
146.383,0.1847,0,0,0,0
146.418,0.1847,0,0,0,0
146.445,0.1847,0,0,0,0
146.486,0.1847,0,0,0,0
146.525,0.1847,0,0,0,0
146.551,0.1847,0,0,0,0
146.582,0.1847,0,0,0,0
146.628,0.1847,0,0,0,0
146.648,0.1847,0,0,0,0
146.684,0.1847,0,0,0,0
146.728,0.1847,0,0,0,0
146.751,0.1847,0,0,0,0
146.784,0.1847,0,0,0,0
146.820,0.1847,0,0,0,0
146.850,0.1847,0,0,0,0
146.877,0.1847,0,0,0,0
146.919,0.1847,0,0,0,0
146.945,0.1847,0,0,0,0
146.986,0.1847,0,0,0,0
147.017,0.1847,0,0,0,0
147.056,0.1847,0,0,0,0
147.083,0.1847,0,0,0,0
147.116,0.1847,0,0,0,0
147.164,0.1847,0,0,0,0
147.194,0.1847,0,0,0,0
147.221,0.1847,0,0,0,0
147.262,0.1847,0,0,0,0
147.281,0.1847,0,0,0,0
147.319,0.1847,0,0,0,0
147.350,0.1847,0,0,0,0
147.382,0.1847,0,0,0,0
147.417,0.1847,0,0,0,0
147.450,0.1847,0,0,0,0
147.479,0.1847,0,0,0,0
147.523,0.1847,0,0,0,0
147.550,0.1847,0,0,0,0
147.583,0.1847,0,0,0,0
147.607,0.1847,0,0,0,0
147.652,0.1847,0,0,0,0
147.687,0.1847,0,0,0,0
147.708,0.1847,0,0,0,0
147.750,0.1847,0,0,0,0
147.785,0.1847,0,0,0,0
147.818,0.1847,0,0,0,0
147.852,0.1847,0,0,0,0
147.894,0.1847,0,0,0,0
147.920,0.1847,0,0,0,0
147.952,0.1847,0,0,0,0
147.997,0.1847,0,0,0,0
148.021,0.1847,0,0,0,0
148.053,0.1847,0,0,0,0
148.084,0.1847,0,0,0,0
148.112,0.1847,0,0,0,0
148.150,0.1847,0,0,0,0
148.184,0.1847,0,0,0,0
148.220,0.1847,0,0,0,0
148.249,0.1847,0,0,0,0
148.283,0.1847,0,0,0,0
148.330,0.1846,0,0,0,0
148.357,0.1847,0,0,0,0
148.384,0.1846,0,0,0,0
148.417,0.1846,0,0,0,0
148.448,0.1846,0,0,0,0
148.485,0.1846,0,0,0,0
148.519,0.1847,0,0,0,0
148.552,0.1846,0,0,0,0
148.578,0.1846,0,0,0,0
148.615,0.1846,0,0,0,0
148.659,0.1846,0,0,0,0
148.678,0.1846,0,0,0,0
148.718,0.1846,0,0,0,0
148.753,0.1846,0,0,0,0
148.783,0.1846,0,0,0,0
148.819,0.1846,0,0,0,0
148.854,0.1846,0,0,0,0
148.880,0.1846,0,0,0,0
148.925,0.1846,0,0,0,0
148.945,0.1846,0,0,0,0
148.978,0.1846,0,0,0,0
149.019,0.1846,0,0,0,0
149.051,0.1846,0,0,0,0
149.087,0.1846,0,0,0,0
149.118,0.1846,0,0,0,0
149.153,0.1846,0,0,0,0
149.186,0.1846,0,0,0,0
149.213,0.1846,0,0,0,0
149.249,0.1846,0,0,0,0
149.293,0.1846,0,0,0,0
149.316,0.1846,0,0,0,0
149.353,0.1846,0,0,0,0
149.388,0.1846,0,0,0,0
149.415,0.1846,0,0,0,0
149.451,0.1846,0,0,0,0
149.483,0.1846,0,0,0,0
149.515,0.1846,0,0,0,0
149.541,0.1846,0,0,0,0
149.584,0.1846,0,0,0,0
149.618,0.1846,0,0,0,0
149.652,0.1846,0,0,0,0
149.684,0.1846,0,0,0,0
149.721,0.1846,0,0,0,0
149.747,0.1846,0,0,0,0
149.783,0.1846,0,0,0,0
149.820,0.1846,0,0,0,0
149.850,0.1846,0,0,0,0
149.885,0.1846,0,0,0,0
149.931,0.1846,0,0,0,0
149.963,0.1846,0,0,0,0
149.980,0.1846,0,0,0,0
150.020,0.1846,0,0,0,0
150.050,0.1846,0,0,0,0
150.084,0.1846,0,0,0,0
150.117,0.1846,0,0,0,0
150.149,0.1846,0,0,0,0
150.183,0.1846,0,0,0,0
150.217,0.1846,0,0,0,0
150.250,0.1846,0,0,0,0
150.284,0.1846,0,0,0,0
150.317,0.1846,0,0,0,0
150.358,0.1846,0,0,0,0
150.376,0.1846,0,0,0,0
150.417,0.1846,0,0,0,0
150.462,0.1846,0,0,0,0
150.492,0.1846,0,0,0,0
150.511,0.1846,0,0,0,0
150.552,0.1846,0,0,0,0
150.577,0.1846,0,0,0,0
150.618,0.1846,0,0,0,0
150.651,0.1846,0,0,0,0
150.678,0.1846,0,0,0,0
150.718,0.1846,0,0,0,0
150.749,0.1846,0,0,0,0
150.788,0.1846,0,0,0,0
150.819,0.1846,0,0,0,0
150.852,0.1846,0,0,0,0
150.912,0.1846,0,0,0,0
150.939,0.1846,0,0,0,0
150.951,0.1846,0,0,0,0
150.999,0.1846,0,0,0,0
151.018,0.1846,0,0,0,0
151.055,0.1846,0,0,0,0
151.087,0.1846,0,0,0,0
151.122,0.1846,0,0,0,0
151.153,0.1846,0,0,0,0
151.189,0.1846,0,0,0,0
151.225,0.1846,0,0,0,0
151.251,0.1846,0,0,0,0
151.288,0.1846,0,0,0,0
151.335,0.1846,0,0,0,0
151.364,0.1846,0,0,0,0
151.387,0.1846,0,0,0,0
151.422,0.1846,0,0,0,0
151.456,0.1846,0,0,0,0
151.487,0.1846,0,0,0,0
151.519,0.1846,0,0,0,0
151.556,0.1846,0,0,0,0
151.582,0.1846,0,0,0,0
151.623,0.1846,0,0,0,0
151.669,0.1846,0,0,0,0
151.700,0.1846,0,0,0,0
151.726,0.1846,0,0,0,0
151.754,0.1846,0,0,0,0
151.789,0.1846,0,0,0,0
151.822,0.1846,0,0,0,0
151.862,0.1846,0,0,0,0
151.889,0.1846,0,0,0,0
151.923,0.1846,0,0,0,0
151.956,0.1846,0,0,0,0
152.004,0.1846,0,0,0,0
152.035,0.1846,0,0,0,0
152.051,0.1846,0,0,0,0
152.087,0.1846,0,0,0,0
152.122,0.1846,0,0,0,0
152.147,0.1846,0,0,0,0
152.187,0.1846,0,0,0,0
152.220,0.1846,0,0,0,0
152.254,0.1846,0,0,0,0
152.289,0.1846,0,0,0,0
152.325,0.1846,0,0,0,0
152.353,0.1846,0,0,0,0
152.388,0.1846,0,0,0,0
152.431,0.1846,0,0,0,0
152.459,0.1846,0,0,0,0
152.485,0.1846,0,0,0,0
152.532,0.1846,0,0,0,0
152.558,0.1846,0,0,0,0
152.588,0.1846,0,0,0,0
152.622,0.1846,0,0,0,0
152.657,0.1846,0,0,0,0
152.689,0.1846,0,0,0,0
152.720,0.1846,0,0,0,0
152.767,0.1846,0,0,0,0
152.797,0.1846,0,0,0,0
152.816,0.1846,0,0,0,0
152.865,0.1846,0,0,0,0
152.888,0.1846,0,0,0,0
152.922,0.1846,0,0,0,0
152.967,0.1846,0,0,0,0
152.999,0.1846,0,0,0,0
153.023,0.1846,0,0,0,0
153.056,0.1846,0,0,0,0
153.084,0.1846,0,0,0,0
153.116,0.1846,0,0,0,0
153.153,0.1846,0,0,0,0
153.186,0.1846,0,0,0,0
153.223,0.1846,0,0,0,0
153.256,0.1846,0,0,0,0
153.296,0.1846,0,0,0,0
153.318,0.1846,0,0,0,0
153.356,0.1846,0,0,0,0
153.395,0.1846,0,0,0,0
153.419,0.1846,0,0,0,0
153.453,0.1846,0,0,0,0
153.488,0.1846,0,0,0,0
153.521,0.1846,0,0,0,0
153.555,0.1846,0,0,0,0
153.587,0.1846,0,0,0,0
153.623,0.1846,0,0,0,0
153.655,0.1846,0,0,0,0
153.687,0.1846,0,0,0,0
153.725,0.1846,0,0,0,0
153.751,0.1846,0,0,0,0
153.776,0.1846,0,0,0,0
153.822,0.1846,0,0,0,0
153.857,0.1846,0,0,0,0
153.882,0.1846,0,0,0,0
153.921,0.1846,0,0,0,0
153.955,0.1846,0,0,0,0
153.987,0.1846,0,0,0,0
154.019,0.1846,0,0,0,0
154.058,0.1846,0,0,0,0
154.087,0.1846,0,0,0,0
154.121,0.1846,0,0,0,0
154.166,0.1846,0,0,0,0
154.196,0.1846,0,0,0,0
154.221,0.1846,0,0,0,0
154.261,0.1846,0,0,0,0
154.281,0.1846,0,0,0,0
154.321,0.1846,0,0,0,0
154.359,0.1846,0,0,0,0
154.380,0.1846,0,0,0,0
154.422,0.1846,0,0,0,0
154.453,0.1846,0,0,0,0
154.487,0.1846,0,0,0,0
154.515,0.1846,0,0,0,0
154.556,0.1846,0,0,0,0
154.594,0.1846,0,0,0,0
154.613,0.1846,0,0,0,0
154.657,0.1846,0,0,0,0
154.689,0.1846,0,0,0,0
154.715,0.1846,0,0,0,0
154.754,0.1846,0,0,0,0
154.787,0.1846,0,0,0,0
154.826,0.1846,0,0,0,0
154.849,0.1846,0,0,0,0
154.890,0.1846,0,0,0,0
154.917,0.1846,0,0,0,0
154.954,0.1846,0,0,0,0
154.991,0.1846,0,0,0,0
155.016,0.1846,0,0,0,0
155.055,0.1846,0,0,0,0
155.087,0.1846,0,0,0,0
155.131,0.1846,0,0,0,0
155.159,0.1846,0,0,0,0
155.188,0.1846,0,0,0,0
155.223,0.1846,0,0,0,0
155.254,0.1846,0,0,0,0
155.280,0.1846,0,0,0,0
155.323,0.1846,0,0,0,0
155.355,0.1846,0,0,0,0
155.388,0.1846,0,0,0,0
155.424,0.1846,0,0,0,0
155.455,0.1846,0,0,0,0
155.487,0.1846,0,0,0,0
155.520,0.1846,0,0,0,0
155.564,0.1846,0,0,0,0
155.592,0.1846,0,0,0,0
155.619,0.1846,0,0,0,0
155.666,0.1846,0,0,0,0
155.694,0.1846,0,0,0,0
155.722,0.1846,0,0,0,0
155.754,0.1846,0,0,0,0
155.791,0.1846,0,0,0,0
155.822,0.1846,0,0,0,0
155.855,0.1846,0,0,0,0
155.889,0.1846,0,0,0,0
155.919,0.1846,0,0,0,0
155.956,0.1846,0,0,0,0
155.997,0.1846,0,0,0,0
156.022,0.1846,0,0,0,0
156.076,0.1846,0,0,0,0
156.102,0.1846,0,0,0,0
156.123,0.1846,0,0,0,0
156.154,0.1846,0,0,0,0
156.188,0.1846,0,0,0,0
156.222,0.1846,0,0,0,0
156.254,0.1846,0,0,0,0
156.288,0.1846,0,0,0,0
156.325,0.1846,0,0,0,0
156.357,0.1846,0,0,0,0
156.390,0.1846,0,0,0,0
156.426,0.1846,0,0,0,0
156.452,0.1846,0,0,0,0
156.478,0.1846,0,0,0,0
156.521,0.1846,0,0,0,0
156.558,0.1846,0,0,0,0
156.589,0.1846,0,0,0,0
156.623,0.1846,0,0,0,0
156.662,0.1846,0,0,0,0
156.688,0.1846,0,0,0,0
156.720,0.1846,0,0,0,0
156.757,0.1846,0,0,0,0
156.777,0.1846,0,0,0,0
156.822,0.1846,0,0,0,0
156.855,0.1846,0,0,0,0
156.887,0.1846,0,0,0,0
156.913,0.1846,0,0,0,0
156.955,0.1846,0,0,0,0
156.985,0.1846,0,0,0,0
157.023,0.1846,0,0,0,0
157.055,0.1846,0,0,0,0
157.094,0.1846,0,0,0,0
157.113,0.1846,0,0,0,0
157.158,0.1846,0,0,0,0
157.188,0.1846,0,0,0,0
157.212,0.1846,0,0,0,0
157.255,0.1846,0,0,0,0
157.290,0.1846,0,0,0,0
157.323,0.1846,0,0,0,0
157.347,0.1846,0,0,0,0
157.387,0.1846,0,0,0,0
157.424,0.1846,0,0,0,0
157.455,0.1846,0,0,0,0
157.488,0.1846,0,0,0,0
157.525,0.1846,0,0,0,0
157.549,0.1846,0,0,0,0
157.576,0.1846,0,0,0,0
157.622,0.1846,0,0,0,0
157.656,0.1846,0,0,0,0
157.682,0.1846,0,0,0,0
157.721,0.1846,0,0,0,0
157.766,0.1846,0,0,0,0
157.789,0.1846,0,0,0,0
157.820,0.1846,0,0,0,0
157.856,0.1846,0,0,0,0
157.882,0.1846,0,0,0,0
157.922,0.1846,0,0,0,0
157.955,0.1846,0,0,0,0
157.988,0.1846,0,0,0,0
158.015,0.1846,0,0,0,0
158.056,0.1846,0,0,0,0
158.096,0.1846,0,0,0,0
158.124,0.1846,0,0,0,0
158.146,0.1846,0,0,0,0
158.203,0.1846,0,0,0,0
158.233,0.1846,0,0,0,0
158.256,0.1846,0,0,0,0
158.293,0.1846,0,0,0,0
158.313,0.1846,0,0,0,0
158.355,0.1846,0,0,0,0
158.389,0.1846,0,0,0,0
158.422,0.1846,0,0,0,0
158.454,0.1846,0,0,0,0
158.487,0.1846,0,0,0,0
158.523,0.1846,0,0,0,0
158.554,0.1846,0,0,0,0
158.598,0.1846,0,0,0,0
158.618,0.1846,0,0,0,0
158.658,0.1846,0,0,0,0
158.689,0.1846,0,0,0,0
158.721,0.1846,0,0,0,0
158.753,0.1846,0,0,0,0
158.789,0.1846,0,0,0,0
158.822,0.1846,0,0,0,0
158.863,0.1846,0,0,0,0
158.886,0.1846,0,0,0,0
158.920,0.1846,0,0,0,0
158.957,0.1846,0,0,0,0
158.991,0.1846,0,0,0,0
159.015,0.1846,0,0,0,0
159.062,0.1846,0,0,0,0
159.083,0.1846,0,0,0,0
159.123,0.1846,0,0,0,0
159.156,0.1846,0,0,0,0
159.189,0.1846,0,0,0,0
159.224,0.1846,0,0,0,0
159.251,0.1846,0,0,0,0
159.287,0.1846,0,0,0,0
159.334,0.1846,0,0,0,0
159.363,0.1846,0,0,0,0
159.385,0.1846,0,0,0,0
159.422,0.1846,0,0,0,0
159.451,0.1846,0,0,0,0
159.489,0.1846,0,0,0,0
159.526,0.1846,0,0,0,0
159.551,0.1846,0,0,0,0
159.589,0.1846,0,0,0,0
159.623,0.1846,0,0,0,0
159.649,0.1846,0,0,0,0
159.690,0.1846,0,0,0,0
159.722,0.1846,0,0,0,0
159.764,0.1846,0,0,0,0
159.792,0.1846,0,0,0,0
159.832,0.1846,0,0,0,0
159.853,0.1846,0,0,0,0
159.876,0.1846,0,0,0,0
159.922,0.1846,0,0,0,0
159.954,0.1846,0,0,0,0
159.989,0.1846,0,0,0,0
160.020,0.1846,0,0,0,0
160.056,0.1846,0,0,0,0
160.091,0.1846,0,0,0,0
160.121,0.1846,0,0,0,0
160.150,0.1846,0,0,0,0
160.185,0.1846,0,0,0,0
160.222,0.1846,0,0,0,0
160.254,0.1846,0,0,0,0
160.292,0.1846,0,0,0,0
160.317,0.1846,0,0,0,0
160.356,0.1846,0,0,0,0
160.402,0.1846,0,0,0,0
160.427,0.1846,0,0,0,0
160.453,0.1846,0,0,0,0
160.489,0.1846,0,0,0,0
160.521,0.1846,0,0,0,0
160.558,0.1846,0,0,0,0
160.587,0.1846,0,0,0,0
160.619,0.1846,0,0,0,0
160.656,0.1846,0,0,0,0
160.689,0.1846,0,0,0,0
160.727,0.1846,0,0,0,0
160.747,0.1846,0,0,0,0
160.787,0.1846,0,0,0,0
160.825,0.1846,0,0,0,0
160.849,0.1846,0,0,0,0
160.889,0.1846,0,0,0,0
160.924,0.1846,0,0,0,0
160.951,0.1846,0,0,0,0
160.989,0.1846,0,0,0,0
161.022,0.1846,0,0,0,0
161.065,0.1846,0,0,0,0
161.093,0.1846,0,0,0,0
161.123,0.1846,0,0,0,0
161.154,0.1846,0,0,0,0
161.192,0.1846,0,0,0,0
161.228,0.1846,0,0,0,0
161.253,0.1846,0,0,0,0
161.285,0.1846,0,0,0,0
161.322,0.1846,0,0,0,0
161.356,0.1846,0,0,0,0
161.396,0.1846,0,0,0,0
161.424,0.1846,0,0,0,0
161.453,0.1846,0,0,0,0
161.493,0.1846,0,0,0,0
161.521,0.1846,0,0,0,0
161.556,0.1846,0,0,0,0
161.588,0.1846,0,0,0,0
161.621,0.1846,0,0,0,0
161.654,0.1846,0,0,0,0
161.695,0.1846,0,0,0,0
161.714,0.1846,0,0,0,0
161.753,0.1846,0,0,0,0
161.787,0.1846,0,0,0,0
161.821,0.1846,0,0,0,0
161.847,0.1846,0,0,0,0
161.889,0.1846,0,0,0,0
161.923,0.1846,0,0,0,0
161.948,0.1846,0,0,0,0
161.988,0.1846,0,0,0,0
162.026,0.1846,0,0,0,0
162.055,0.1846,0,0,0,0
162.089,0.1846,0,0,0,0
162.121,0.1846,0,0,0,0
162.155,0.1846,0,0,0,0
162.187,0.1846,0,0,0,0
162.221,0.1846,0,0,0,0
162.254,0.1846,0,0,0,0
162.280,0.1846,0,0,0,0
162.320,0.1846,0,0,0,0
162.357,0.1846,0,0,0,0
162.389,0.1846,0,0,0,0
162.421,0.1846,0,0,0,0
162.456,0.1846,0,0,0,0
162.486,0.1846,0,0,0,0
162.522,0.1846,0,0,0,0
162.554,0.1846,0,0,0,0
162.588,0.1846,0,0,0,0
162.621,0.1846,0,0,0,0
162.654,0.1846,0,0,0,0
162.687,0.1846,0,0,0,0
162.721,0.1846,0,0,0,0
162.755,0.1846,0,0,0,0
162.786,0.1846,0,0,0,0
162.823,0.1846,0,0,0,0
162.854,0.1846,0,0,0,0
162.886,0.1846,0,0,0,0
162.921,0.1846,0,0,0,0
162.954,0.1846,0,0,0,0
162.987,0.1846,0,0,0,0
163.028,0.1846,0,0,0,0
163.056,0.1846,0,0,0,0
163.086,0.1846,0,0,0,0
163.129,0.1846,0,0,0,0
163.151,0.1846,0,0,0,0
163.188,0.1846,0,0,0,0
163.227,0.1846,0,0,0,0
163.251,0.1846,0,0,0,0
163.290,0.1846,0,0,0,0
163.321,0.1846,0,0,0,0
163.353,0.1846,0,0,0,0
163.389,0.1846,0,0,0,0
163.420,0.1846,0,0,0,0
163.457,0.1846,0,0,0,0
163.488,0.1846,0,0,0,0
163.524,0.1846,0,0,0,0
163.553,0.1846,0,0,0,0
163.587,0.1846,0,0,0,0
163.622,0.1846,0,0,0,0
163.656,0.1846,0,0,0,0
163.690,0.1846,0,0,0,0
163.723,0.1846,0,0,0,0
163.755,0.1846,0,0,0,0
163.788,0.1846,0,0,0,0
163.823,0.1846,0,0,0,0
163.869,0.1846,0,0,0,0
163.899,0.1846,0,0,0,0
163.923,0.1846,0,0,0,0
163.957,0.1846,0,0,0,0
163.988,0.1846,0,0,0,0
164.031,0.1846,0,0,0,0
164.048,0.1846,0,0,0,0
164.089,0.1846,0,0,0,0
164.122,0.1846,0,0,0,0
164.157,0.1846,0,0,0,0
164.187,0.1846,0,0,0,0
164.222,0.1846,0,0,0,0
164.255,0.1846,0,0,0,0
164.303,0.1846,0,0,0,0
164.334,0.1846,0,0,0,0
164.361,0.1846,0,0,0,0
164.387,0.1846,0,0,0,0
164.421,0.1846,0,0,0,0
164.456,0.1846,0,0,0,0
164.496,0.1846,0,0,0,0
164.519,0.1846,0,0,0,0
164.556,0.1846,0,0,0,0
164.589,0.1846,0,0,0,0
164.621,0.1846,0,0,0,0
164.654,0.1846,0,0,0,0
164.686,0.1846,0,0,0,0
164.733,0.1846,0,0,0,0
164.758,0.1846,0,0,0,0
164.800,0.1846,0,0,0,0
164.821,0.1846,0,0,0,0
164.844,0.1846,0,0,0,0
164.890,0.1846,0,0,0,0
164.923,0.1846,0,0,0,0
164.958,0.1846,0,0,0,0
164.990,0.1846,0,0,0,0
165.022,0.1846,0,0,0,0
165.063,0.1846,0,0,0,0
165.091,0.1846,0,0,0,0
165.119,0.1846,0,0,0,0
165.155,0.1846,0,0,0,0
165.191,0.1846,0,0,0,0
165.222,0.1846,0,0,0,0
165.256,0.1846,0,0,0,0
165.282,0.1846,0,0,0,0
165.308,0.1846,0,0,0,0
165.355,0.1846,0,0,0,0
165.389,0.1846,0,0,0,0
165.425,0.1846,0,0,0,0
165.455,0.1846,0,0,0,0
165.487,0.1846,0,0,0,0
165.520,0.1846,0,0,0,0
165.545,0.1846,0,0,0,0
165.588,0.1846,0,0,0,0
165.630,0.1846,0,0,0,0
165.655,0.1846,0,0,0,0
165.689,0.1846,0,0,0,0
165.732,0.1846,0,0,0,0
165.762,0.1846,0,0,0,0
165.783,0.1846,0,0,0,0
165.823,0.1846,0,0,0,0
165.854,0.1846,0,0,0,0
165.884,0.1846,0,0,0,0
165.921,0.1846,0,0,0,0
165.956,0.1846,0,0,0,0
165.989,0.1846,0,0,0,0
166.020,0.1846,0,0,0,0
166.066,0.1846,0,0,0,0
166.097,0.1846,0,0,0,0
166.121,0.1846,0,0,0,0
166.155,0.1846,0,0,0,0
166.188,0.1846,0,0,0,0
166.211,0.1846,0,0,0,0
166.254,0.1846,0,0,0,0
166.297,0.1846,0,0,0,0
166.323,0.1846,0,0,0,0
166.351,0.1846,0,0,0,0
166.389,0.1846,0,0,0,0
166.424,0.1846,0,0,0,0
166.455,0.1846,0,0,0,0
166.490,0.1846,0,0,0,0
166.517,0.1846,0,0,0,0
166.543,0.1846,0,0,0,0
166.587,0.1846,0,0,0,0
166.622,0.1846,0,0,0,0
166.654,0.1846,0,0,0,0
166.687,0.1846,0,0,0,0
166.723,0.1846,0,0,0,0
166.757,0.1846,0,0,0,0
166.788,0.1846,0,0,0,0
166.822,0.1846,0,0,0,0
166.854,0.1846,0,0,0,0
166.889,0.1846,0,0,0,0
166.921,0.1846,0,0,0,0
166.968,0.1846,0,0,0,0
166.999,0.1846,0,0,0,0
167.022,0.1846,0,0,0,0
167.056,0.1846,0,0,0,0
167.089,0.1846,0,0,0,0
167.130,0.1846,0,0,0,0
167.154,0.1846,0,0,0,0
167.191,0.1846,0,0,0,0
167.222,0.1846,0,0,0,0
167.257,0.1846,0,0,0,0
167.292,0.1846,0,0,0,0
167.319,0.1846,0,0,0,0
167.355,0.1846,0,0,0,0
167.391,0.1846,0,0,0,0
167.420,0.1846,0,0,0,0
167.457,0.1846,0,0,0,0
167.492,0.1846,0,0,0,0
167.517,0.1846,0,0,0,0
167.554,0.1846,0,0,0,0
167.597,0.1846,0,0,0,0
167.618,0.1846,0,0,0,0
167.655,0.1846,0,0,0,0
167.689,0.1846,0,0,0,0
167.715,0.1846,0,0,0,0
167.754,0.1846,0,0,0,0
167.788,0.1846,0,0,0,0
167.820,0.1846,0,0,0,0
167.844,0.1846,0,0,0,0
167.886,0.1846,0,0,0,0
167.918,0.1846,0,0,0,0
167.953,0.1846,0,0,0,0
167.990,0.1846,0,0,0,0
168.037,0.1846,0,0,0,0
168.059,0.1846,0,0,0,0
168.087,0.1846,0,0,0,0
168.122,0.1846,0,0,0,0
168.152,0.1846,0,0,0,0
168.189,0.1846,0,0,0,0
168.227,0.1846,0,0,0,0
168.255,0.1846,0,0,0,0
168.277,0.1846,0,0,0,0
168.322,0.1846,0,0,0,0
168.356,0.1846,0,0,0,0
168.386,0.1846,0,0,0,0
168.423,0.1846,0,0,0,0
168.457,0.1846,0,0,0,0
168.484,0.1846,0,0,0,0
168.522,0.1846,0,0,0,0
168.550,0.1846,0,0,0,0
168.577,0.1846,0,0,0,0
168.621,0.1846,0,0,0,0
168.655,0.1846,0,0,0,0
168.687,0.1846,0,0,0,0
168.720,0.1846,0,0,0,0
168.758,0.1846,0,0,0,0
168.785,0.1846,0,0,0,0
168.820,0.1846,0,0,0,0
168.849,0.1846,0,0,0,0
168.883,0.1846,0,0,0,0
168.922,0.1846,0,0,0,0
168.954,0.1846,0,0,0,0
168.990,0.1846,0,0,0,0
169.023,0.1846,0,0,0,0
169.054,0.1846,0,0,0,0
169.088,0.1846,0,0,0,0
169.120,0.1846,0,0,0,0
169.153,0.1846,0,0,0,0
169.189,0.1846,0,0,0,0
169.228,0.1846,0,0,0,0
169.255,0.1846,0,0,0,0
169.287,0.1846,0,0,0,0
169.323,0.1846,0,0,0,0
169.354,0.1846,0,0,0,0
169.389,0.1846,0,0,0,0
169.431,0.1846,0,0,0,0
169.453,0.1846,0,0,0,0
169.491,0.1846,0,0,0,0
169.522,0.1846,0,0,0,0
169.546,0.1846,0,0,0,0
169.588,0.1846,0,0,0,0
169.622,0.1846,0,0,0,0
169.648,0.1846,0,0,0,0
169.689,0.1846,0,0,0,0
169.723,0.1846,0,0,0,0
169.755,0.1846,0,0,0,0
169.788,0.1846,0,0,0,0
169.822,0.1846,0,0,0,0
169.862,0.1846,0,0,0,0
169.893,0.1846,0,0,0,0
169.929,0.1846,0,0,0,0
169.951,0.1846,0,0,0,0
169.986,0.1846,0,0,0,0
170.020,0.1846,0,0,0,0
170.064,0.1846,0,0,0,0
170.084,0.1846,0,0,0,0
170.122,0.1846,0,0,0,0
170.155,0.1846,0,0,0,0
170.193,0.1846,0,0,0,0
170.223,0.1846,0,0,0,0
170.252,0.1846,0,0,0,0
170.288,0.1846,0,0,0,0
170.324,0.1846,0,0,0,0
170.356,0.1846,0,0,0,0
170.394,0.1846,0,0,0,0
170.426,0.1846,0,0,0,0
170.455,0.1846,0,0,0,0
170.486,0.1846,0,0,0,0
170.524,0.1846,0,0,0,0
170.554,0.1846,0,0,0,0
170.586,0.1846,0,0,0,0
170.619,0.1846,0,0,0,0
170.653,0.1846,0,0,0,0
170.688,0.1846,0,0,0,0
170.721,0.1846,0,0,0,0
170.756,0.1846,0,0,0,0
170.787,0.1846,0,0,0,0
170.824,0.1846,0,0,0,0
170.855,0.1846,0,0,0,0
170.888,0.1846,0,0,0,0
170.924,0.1846,0,0,0,0
170.954,0.1846,0,0,0,0
170.988,0.1846,0,0,0,0
171.023,0.1846,0,0,0,0
171.055,0.1846,0,0,0,0
171.090,0.1846,0,0,0,0
171.121,0.1846,0,0,0,0
171.157,0.1846,0,0,0,0
171.187,0.1846,0,0,0,0
171.222,0.1846,0,0,0,0
171.258,0.1846,0,0,0,0
171.279,0.1846,0,0,0,0
171.320,0.1846,0,0,0,0
171.356,0.1846,0,0,0,0
171.382,0.1846,0,0,0,0
171.421,0.1846,0,0,0,0
171.456,0.1846,0,0,0,0
171.489,0.1846,0,0,0,0
171.522,0.1846,0,0,0,0
171.557,0.1846,0,0,0,0
171.599,0.1846,0,0,0,0
171.626,0.1846,0,0,0,0
171.651,0.1846,0,0,0,0
171.700,0.1846,0,0,0,0
171.725,0.1846,0,0,0,0
171.754,0.1846,0,0,0,0
171.788,0.1846,0,0,0,0
171.815,0.1846,0,0,0,0
171.857,0.1846,0,0,0,0
171.887,0.1846,0,0,0,0
171.919,0.1846,0,0,0,0
171.963,0.1846,0,0,0,0
171.987,0.1846,0,0,0,0
172.030,0.1846,0,0,0,0
172.057,0.1846,0,0,0,0
172.087,0.1846,0,0,0,0
172.128,0.1846,0,0,0,0
172.147,0.1846,0,0,0,0
172.188,0.1846,0,0,0,0
172.224,0.1846,0,0,0,0
172.254,0.1846,0,0,0,0
172.289,0.1846,0,0,0,0
172.320,0.1846,0,0,0,0
172.354,0.1846,0,0,0,0
172.381,0.1846,0,0,0,0
172.419,0.1846,0,0,0,0
172.461,0.1846,0,0,0,0
172.480,0.1846,0,0,0,0
172.520,0.1846,0,0,0,0
172.557,0.1846,0,0,0,0
172.580,0.1846,0,0,0,0
172.622,0.1846,0,0,0,0
172.654,0.1846,0,0,0,0
172.689,0.1846,0,0,0,0
172.711,0.1846,0,0,0,0
172.756,0.1846,0,0,0,0
172.796,0.1846,0,0,0,0
172.819,0.1846,0,0,0,0
172.855,0.1846,0,0,0,0
172.884,0.1846,0,0,0,0
172.916,0.1846,0,0,0,0
172.954,0.1846,0,0,0,0
172.988,0.1846,0,0,0,0
173.020,0.1846,0,0,0,0
173.056,0.1846,0,0,0,0
173.087,0.1846,0,0,0,0
173.132,0.1846,0,0,0,0
173.156,0.1846,0,0,0,0
173.184,0.1846,0,0,0,0
173.221,0.1846,0,0,0,0
173.255,0.1846,0,0,0,0
173.281,0.1846,0,0,0,0
173.322,0.1846,0,0,0,0
173.354,0.1846,0,0,0,0
173.389,0.1846,0,0,0,0
173.422,0.1846,0,0,0,0
173.454,0.1846,0,0,0,0
173.490,0.1846,0,0,0,0
173.521,0.1846,0,0,0,0
173.555,0.1846,0,0,0,0
173.588,0.1846,0,0,0,0
173.624,0.1846,0,0,0,0
173.655,0.1846,0,0,0,0
173.690,0.1846,0,0,0,0
173.731,0.1846,0,0,0,0
173.754,0.1846,0,0,0,0
173.787,0.1846,0,0,0,0
173.822,0.1846,0,0,0,0
173.854,0.1846,0,0,0,0
173.885,0.1846,0,0,0,0
173.922,0.1846,0,0,0,0
173.961,0.1846,0,0,0,0
173.998,0.1846,0,0,0,0
174.016,0.1846,0,0,0,0
174.055,0.1846,0,0,0,0
174.090,0.1846,0,0,0,0
174.120,0.1846,0,0,0,0
174.154,0.1846,0,0,0,0
174.185,0.1846,0,0,0,0
174.223,0.1846,0,0,0,0
174.257,0.1846,0,0,0,0
174.290,0.1846,0,0,0,0
174.323,0.1846,0,0,0,0
174.355,0.1846,0,0,0,0
174.386,0.1846,0,0,0,0
174.420,0.1846,0,0,0,0
174.454,0.1846,0,0,0,0
174.486,0.1846,0,0,0,0
174.521,0.1846,0,0,0,0
174.554,0.1846,0,0,0,0
174.588,0.1846,0,0,0,0
174.621,0.1846,0,0,0,0
174.654,0.1846,0,0,0,0
174.689,0.1846,0,0,0,0
174.724,0.1846,0,0,0,0
174.753,0.1846,0,0,0,0
174.788,0.1846,0,0,0,0
174.821,0.1846,0,0,0,0
174.853,0.1846,0,0,0,0
174.888,0.1846,0,0,0,0
174.922,0.1846,0,0,0,0
174.965,0.1846,0,0,0,0
174.988,0.1846,0,0,0,0
175.023,0.1846,0,0,0,0
175.055,0.1846,0,0,0,0
175.091,0.1846,0,0,0,0
175.121,0.1846,0,0,0,0
175.155,0.1846,0,0,0,0
175.194,0.1846,0,0,0,0
175.219,0.1846,0,0,0,0
175.253,0.1846,0,0,0,0
175.288,0.1846,0,0,0,0
175.322,0.1846,0,0,0,0
175.349,0.1846,0,0,0,0
175.390,0.1846,0,0,0,0
175.426,0.1846,0,0,0,0
175.455,0.1846,0,0,0,0
175.488,0.1846,0,0,0,0
175.519,0.1846,0,0,0,0
175.552,0.1846,0,0,0,0
175.579,0.1846,0,0,0,0
175.620,0.1846,0,0,0,0
175.652,0.1846,0,0,0,0
175.676,0.1846,0,0,0,0
175.721,0.1846,0,0,0,0
175.759,0.1846,0,0,0,0
175.782,0.1846,0,0,0,0
175.821,0.1846,0,0,0,0
175.859,0.1846,0,0,0,0
175.887,0.1846,0,0,0,0
175.920,0.1846,0,0,0,0
175.965,0.1846,0,0,0,0
175.993,0.1846,0,0,0,0
176.022,0.1846,0,0,0,0
176.055,0.1846,0,0,0,0
176.088,0.1846,0,0,0,0
176.111,0.1846,0,0,0,0
176.154,0.1846,0,0,0,0
176.191,0.1846,0,0,0,0
176.211,0.1846,0,0,0,0
176.254,0.1846,0,0,0,0
176.289,0.1846,0,0,0,0
176.318,0.1846,0,0,0,0
176.356,0.1846,0,0,0,0
176.389,0.1846,0,0,0,0
176.425,0.1846,0,0,0,0
176.455,0.1846,0,0,0,0
176.488,0.1846,0,0,0,0
176.530,0.1846,0,0,0,0
176.557,0.1846,0,0,0,0
176.592,0.1846,0,0,0,0
176.631,0.1846,0,0,0,0
176.652,0.1846,0,0,0,0
176.688,0.1846,0,0,0,0
176.723,0.1846,0,0,0,0
176.748,0.1846,0,0,0,0
176.789,0.1846,0,0,0,0
176.823,0.1846,0,0,0,0
176.855,0.1846,0,0,0,0
176.879,0.1846,0,0,0,0
176.921,0.1846,0,0,0,0
176.958,0.1846,0,0,0,0
176.990,0.1846,0,0,0,0
177.022,0.1846,0,0,0,0
177.062,0.1846,0,0,0,0
177.088,0.1846,0,0,0,0
177.123,0.1846,0,0,0,0
177.166,0.1846,0,0,0,0
177.194,0.1846,0,0,0,0
177.226,0.1846,0,0,0,0
177.255,0.1846,0,0,0,0
177.292,0.1846,0,0,0,0
177.322,0.1846,0,0,0,0
177.353,0.1846,0,0,0,0
177.386,0.1846,0,0,0,0
177.420,0.1846,0,0,0,0
177.455,0.1846,0,0,0,0
177.495,0.1846,0,0,0,0
177.521,0.1846,0,0,0,0
177.554,0.1846,0,0,0,0
177.588,0.1846,0,0,0,0
177.619,0.1846,0,0,0,0
177.656,0.1846,0,0,0,0
177.687,0.1846,0,0,0,0
177.722,0.1846,0,0,0,0
177.747,0.1846,0,0,0,0
177.789,0.1846,0,0,0,0
177.833,0.1846,0,0,0,0
177.859,0.1846,0,0,0,0
177.891,0.1846,0,0,0,0
177.920,0.1846,0,0,0,0
177.952,0.1846,0,0,0,0
177.994,0.1846,0,0,0,0
178.021,0.1846,0,0,0,0
178.056,0.1846,0,0,0,0
178.088,0.1846,0,0,0,0
178.120,0.1846,0,0,0,0
178.150,0.1846,0,0,0,0
178.178,0.1846,0,0,0,0
178.222,0.1846,0,0,0,0
178.268,0.1846,0,0,0,0
178.292,0.1846,0,0,0,0
178.320,0.1846,0,0,0,0
178.354,0.1846,0,0,0,0
178.387,0.1846,0,0,0,0
178.420,0.1846,0,0,0,0
178.454,0.1846,0,0,0,0
178.483,0.1846,0,0,0,0
178.521,0.1846,0,0,0,0
178.557,0.1846,0,0,0,0
178.595,0.1846,0,0,0,0
178.623,0.1846,0,0,0,0
178.653,0.1846,0,0,0,0
178.693,0.1846,0,0,0,0
178.713,0.1846,0,0,0,0
178.757,0.1846,0,0,0,0
178.795,0.1846,0,0,0,0
178.814,0.1846,0,0,0,0
178.855,0.1846,0,0,0,0
178.900,0.1846,0,0,0,0
178.928,0.1846,0,0,0,0
178.954,0.1846,0,0,0,0
178.987,0.1846,0,0,0,0
179.019,0.1846,0,0,0,0
179.045,0.1846,0,0,0,0
179.088,0.1846,0,0,0,0
179.116,0.1846,0,0,0,0
179.154,0.1846,0,0,0,0
179.188,0.1846,0,0,0,0
179.223,0.1846,0,0,0,0
179.256,0.1846,0,0,0,0
179.288,0.1846,0,0,0,0
179.337,0.1846,0,0,0,0
179.368,0.1846,0,0,0,0
179.395,0.1846,0,0,0,0
179.423,0.1846,0,0,0,0
179.447,0.1846,0,0,0,0
179.487,0.1846,0,0,0,0
179.529,0.1846,0,0,0,0
179.550,0.1846,0,0,0,0
179.590,0.1846,0,0,0,0
179.620,0.1846,0,0,0,0
179.655,0.1846,0,0,0,0
179.678,0.1846,0,0,0,0
179.720,0.1846,0,0,0,0
179.771,0.1846,0,0,0,0
179.805,0.1846,0,0,0,0
179.820,0.1846,0,0,0,0
179.848,0.1846,0,0,0,0
179.900,0.1846,0,0,0,0
179.923,0.1846,0,0,0,0
179.960,0.1846,0,0,0,0
179.990,0.1846,0,0,0,0
180.027,0.1846,0,0,0,0
180.059,0.1846,0,0,0,0
180.096,0.1846,0,0,0,0
180.126,0.1846,0,0,0,0
180.154,0.1846,0,0,0,0
180.203,0.1846,0,0,0,0
180.224,0.1846,0,0,0,0
180.261,0.1846,0,0,0,0
180.310,0.1846,0,0,0,0
180.346,0.1846,0,0,0,0
180.363,0.1846,0,0,0,0
180.395,0.1846,0,0,0,0
180.419,0.1846,0,0,0,0
180.462,0.1846,0,0,0,0
180.497,0.1846,0,0,0,0
180.520,0.1846,0,0,0,0
180.561,0.1846,0,0,0,0
180.594,0.1846,0,0,0,0
180.622,0.1846,0,0,0,0
180.663,0.1846,0,0,0,0
180.694,0.1846,0,0,0,0
180.723,0.1846,0,0,0,0
180.762,0.1846,0,0,0,0
180.798,0.1846,0,0,0,0
180.828,0.1846,0,0,0,0
180.860,0.1846,0,0,0,0
180.894,0.1846,0,0,0,0
180.936,0.1846,0,0,0,0
180.963,0.1846,0,0,0,0
180.996,0.1846,0,0,0,0
181.042,0.1846,0,0,0,0
181.067,0.1846,0,0,0,0
181.098,0.1846,0,0,0,0
181.130,0.1846,0,0,0,0
181.157,0.1846,0,0,0,0
181.195,0.1846,0,0,0,0
181.228,0.1846,0,0,0,0
181.259,0.1846,0,0,0,0
181.295,0.1846,0,0,0,0
181.328,0.1846,0,0,0,0
181.366,0.1846,0,0,0,0
181.390,0.1846,0,0,0,0
181.421,0.1846,0,0,0,0
181.464,0.1846,0,0,0,0
181.492,0.1846,0,0,0,0
181.529,0.1846,0,0,0,0
181.568,0.1846,0,0,0,0
181.590,0.1846,0,0,0,0
181.628,0.1846,0,0,0,0
181.660,0.1846,0,0,0,0
181.690,0.1846,0,0,0,0
181.726,0.1846,0,0,0,0
181.761,0.1846,0,0,0,0
181.796,0.1846,0,0,0,0
181.819,0.1846,0,0,0,0
181.861,0.1846,0,0,0,0
181.897,0.1846,0,0,0,0
181.918,0.1846,0,0,0,0
181.963,0.1846,0,0,0,0
181.994,0.1846,0,0,0,0
182.018,0.1846,0,0,0,0
182.058,0.1846,0,0,0,0
182.093,0.1846,0,0,0,0
182.126,0.1846,0,0,0,0
182.162,0.1846,0,0,0,0
182.194,0.1846,0,0,0,0
182.222,0.1846,0,0,0,0
182.262,0.1846,0,0,0,0
182.296,0.1846,0,0,0,0
182.337,0.1846,0,0,0,0
182.362,0.1846,0,0,0,0
182.395,0.1846,0,0,0,0
182.445,0.1846,0,0,0,0
182.476,0.1846,0,0,0,0
182.491,0.1846,0,0,0,0
182.531,0.1846,0,0,0,0
182.561,0.1846,0,0,0,0
182.595,0.1846,0,0,0,0
182.628,0.1846,0,0,0,0
182.664,0.1846,0,0,0,0
182.696,0.1846,0,0,0,0
182.728,0.1846,0,0,0,0
182.763,0.1846,0,0,0,0
182.787,0.1846,0,0,0,0
182.830,0.1846,0,0,0,0
182.861,0.1846,0,0,0,0
182.885,0.1846,0,0,0,0
182.928,0.1846,0,0,0,0
182.960,0.1846,0,0,0,0
182.991,0.1846,0,0,0,0
183.028,0.1846,0,0,0,0
183.060,0.1846,0,0,0,0
183.095,0.1846,0,0,0,0
183.129,0.1846,0,0,0,0
183.163,0.1846,0,0,0,0
183.207,0.1846,0,0,0,0
183.233,0.1846,0,0,0,0
183.262,0.1846,0,0,0,0
183.298,0.1846,0,0,0,0
183.328,0.1846,0,0,0,0
183.351,0.1846,0,0,0,0
183.394,0.1846,0,0,0,0
183.421,0.1846,0,0,0,0
183.460,0.1846,0,0,0,0
183.493,0.1846,0,0,0,0
183.527,0.1846,0,0,0,0
183.561,0.1846,0,0,0,0
183.593,0.1846,0,0,0,0
183.628,0.1846,0,0,0,0
183.659,0.1846,0,0,0,0
183.694,0.1846,0,0,0,0
183.742,0.1846,0,0,0,0
183.772,0.1846,0,0,0,0
183.799,0.1846,0,0,0,0
183.830,0.1846,0,0,0,0
183.851,0.1846,0,0,0,0
183.896,0.1846,0,0,0,0
183.936,0.1846,0,0,0,0
183.957,0.1846,0,0,0,0
183.994,0.1846,0,0,0,0
184.028,0.1846,0,0,0,0
184.063,0.1846,0,0,0,0
184.089,0.1846,0,0,0,0
184.127,0.1846,0,0,0,0
184.174,0.1846,0,0,0,0
184.201,0.1846,0,0,0,0
184.229,0.1846,0,0,0,0
184.263,0.1846,0,0,0,0
184.293,0.1846,0,0,0,0
184.328,0.1846,0,0,0,0
184.361,0.1846,0,0,0,0
184.397,0.1846,0,0,0,0
184.422,0.1846,0,0,0,0
184.461,0.1846,0,0,0,0
184.498,0.1846,0,0,0,0
184.530,0.1846,0,0,0,0
184.565,0.1846,0,0,0,0
184.599,0.1846,0,0,0,0
184.627,0.1846,0,0,0,0
184.662,0.1846,0,0,0,0
184.697,0.1846,0,0,0,0
184.719,0.1846,0,0,0,0
184.762,0.1846,0,0,0,0
184.807,0.1846,0,0,0,0
184.836,0.1846,0,0,0,0
184.864,0.1846,0,0,0,0
184.895,0.1846,0,0,0,0
184.920,0.1846,0,0,0,0
184.962,0.1846,0,0,0,0
184.996,0.1846,0,0,0,0
185.022,0.1846,0,0,0,0
185.059,0.1847,0,0,0,0
185.093,0.1848,0,0,0,0
185.138,0.1853,0,0,0,0
185.168,0.1863,0,0,0,0
185.201,0.1870,0,0,0,0
185.236,0.1891,0,7,7,0
185.255,0.1904,0,7,7,0
185.294,0.1937,0,7,7,0
185.333,0.1977,0,7,7,0
185.354,0.2000,0,7,7,0
185.393,0.2048,0,7,7,0
185.428,0.2097,0,7,7,0
185.459,0.2120,0,7,7,0
185.493,0.2160,0,7,7,0
185.525,0.2177,0,7,7,0
185.571,0.2224,0,7,7,0
185.604,0.2247,0,7,7,0
185.628,0.2286,0,7,7,0
185.661,0.2301,0,7,7,0
185.692,0.2322,0,7,7,0
185.728,0.2329,0,7,7,0
185.761,0.2327,0,7,7,0
185.795,0.2310,0,7,7,0
185.819,0.2295,0,7,7,0
185.863,0.2253,0,7,7,0
185.894,0.2199,0,7,7,0
185.927,0.2140,0,7,7,0
185.962,0.2114,0,7,7,0
185.999,0.2080,0,7,7,0
186.024,0.2070,0,7,7,0
186.063,0.2050,0,7,7,0
186.096,0.2032,0,7,7,0
186.131,0.2014,0,7,7,0
186.164,0.2006,0,7,7,0
186.197,0.1991,0,7,7,0
186.225,0.1984,0,7,7,0
186.261,0.1970,0,7,7,0
186.298,0.1958,0,7,7,0
186.342,0.1947,0,7,7,0
186.374,0.1937,0,7,7,0
186.390,0.1932,0,7,7,0
186.445,0.1923,0,7,7,0
186.473,0.1915,0,7,7,0
186.494,0.1912,0,7,7,0
186.531,0.1905,0,7,7,0
186.553,0.1903,0,7,7,0
186.595,0.1897,0,7,7,0
186.638,0.1892,0,7,7,0
186.663,0.1890,0,7,7,0
186.694,0.1886,0,7,7,0
186.729,0.1883,0,7,7,0
186.770,0.1880,0,7,7,0
186.797,0.1879,0,7,7,0
186.822,0.1878,0,7,7,0
186.873,0.1875,0,7,7,0
186.895,0.1874,0,7,7,0
186.931,0.1873,0,7,7,0
186.960,0.1872,0,7,7,0
186.989,0.1871,0,7,7,0
187.029,0.1871,0,7,7,0
187.061,0.1870,0,7,7,0
187.094,0.1870,0,7,7,0
187.118,0.1870,0,7,7,0
187.162,0.1870,0,7,7,0
187.197,0.1869,0,0,0,0
187.229,0.1869,0,0,0,0
187.264,0.1869,0,0,0,0
187.297,0.1869,0,0,0,0
187.326,0.1869,0,0,0,0
187.364,0.1869,0,0,0,0
187.398,0.1869,0,0,0,0
187.428,0.1869,0,0,0,0
187.461,0.1869,0,0,0,0
187.496,0.1869,0,0,0,0
187.527,0.1869,0,0,0,0
187.563,0.1869,0,0,0,0
187.595,0.1869,0,0,0,0
187.634,0.1869,0,0,0,0
187.662,0.1869,0,0,0,0
187.697,0.1869,0,0,0,0
187.736,0.1869,0,0,0,0
187.761,0.1869,0,0,0,0
187.797,0.1869,0,0,0,0
187.837,0.1869,0,0,0,0
187.856,0.1868,0,0,0,0
187.898,0.1868,0,0,0,0
187.926,0.1868,0,0,0,0
187.964,0.1868,0,0,0,0
187.997,0.1868,0,0,0,0
188.033,0.1868,0,0,0,0
188.062,0.1867,0,0,0,0
188.088,0.1867,0,0,0,0
188.118,0.1867,0,0,0,0
188.162,0.1867,0,0,0,0
188.195,0.1867,0,0,0,0
188.230,0.1866,0,0,0,0
188.264,0.1866,0,0,0,0
188.295,0.1866,0,0,0,0
188.332,0.1866,0,0,0,0
188.357,0.1866,0,0,0,0
188.394,0.1865,0,0,0,0
188.428,0.1865,0,0,0,0
188.466,0.1865,0,0,0,0
188.492,0.1865,0,0,0,0
188.532,0.1864,0,0,0,0
188.569,0.1864,0,0,0,0
188.597,0.1864,0,0,0,0
188.622,0.1864,0,0,0,0
188.662,0.1864,0,0,0,0
188.695,0.1863,0,0,0,0
188.729,0.1863,0,0,0,0
188.763,0.1863,0,0,0,0
188.800,0.1863,0,0,0,0
188.831,0.1863,0,0,0,0
188.869,0.1862,0,0,0,0
188.904,0.1862,0,0,0,0
188.930,0.1862,0,0,0,0
188.964,0.1862,0,0,0,0
189.009,0.1861,0,0,0,0
189.029,0.1861,0,0,0,0
189.063,0.1861,0,0,0,0
189.100,0.1861,0,0,0,0
189.127,0.1861,0,0,0,0
189.173,0.1861,0,0,0,0
189.197,0.1860,0,0,0,0
189.231,0.1860,0,0,0,0
189.264,0.1860,0,0,0,0
189.298,0.1860,0,0,0,0
189.331,0.1860,0,0,0,0
189.357,0.1860,0,0,0,0
189.396,0.1859,0,0,0,0
189.432,0.1859,0,0,0,0
189.455,0.1859,0,0,0,0
189.495,0.1859,0,0,0,0
189.528,0.1859,0,0,0,0
189.563,0.1859,0,0,0,0
189.597,0.1858,0,0,0,0
189.633,0.1858,0,0,0,0
189.661,0.1858,0,0,0,0
189.697,0.1858,0,0,0,0
189.732,0.1858,0,0,0,0
189.767,0.1858,0,0,0,0
189.794,0.1858,0,0,0,0
189.830,0.1857,0,0,0,0
189.867,0.1857,0,0,0,0
189.897,0.1857,0,0,0,0
189.928,0.1857,0,0,0,0
189.959,0.1857,0,0,0,0
189.997,0.1857,0,0,0,0
190.028,0.1857,0,0,0,0
190.064,0.1856,0,0,0,0
190.097,0.1856,0,0,0,0
190.129,0.1856,0,0,0,0
190.163,0.1856,0,0,0,0
190.203,0.1856,0,0,0,0
190.223,0.1856,0,0,0,0
190.268,0.1856,0,0,0,0
190.298,0.1856,0,0,0,0
190.324,0.1856,0,0,0,0
190.362,0.1855,0,0,0,0
190.398,0.1855,0,0,0,0
190.426,0.1855,0,0,0,0
190.462,0.1855,0,0,0,0
190.497,0.1855,0,0,0,0
190.534,0.1855,0,0,0,0
190.558,0.1855,0,0,0,0
190.598,0.1855,0,0,0,0
190.638,0.1855,0,0,0,0
190.659,0.1855,0,0,0,0
190.697,0.1854,0,0,0,0
190.735,0.1854,0,0,0,0
190.763,0.1854,0,0,0,0
190.785,0.1854,0,0,0,0
190.828,0.1854,0,0,0,0
190.864,0.1854,0,0,0,0
190.895,0.1854,0,0,0,0
190.931,0.1854,0,0,0,0
190.967,0.1854,0,0,0,0
190.993,0.1854,0,0,0,0
191.029,0.1854,0,0,0,0
191.056,0.1854,0,0,0,0
191.098,0.1854,0,0,0,0
191.129,0.1853,0,0,0,0
191.161,0.1853,0,0,0,0
191.189,0.1853,0,0,0,0
191.228,0.1853,0,0,0,0
191.261,0.1853,0,0,0,0
191.296,0.1853,0,0,0,0
191.325,0.1853,0,0,0,0
191.362,0.1853,0,0,0,0
191.398,0.1853,0,0,0,0
191.431,0.1853,0,0,0,0
191.462,0.1853,0,0,0,0
191.500,0.1853,0,0,0,0
191.524,0.1853,0,0,0,0
191.564,0.1853,0,0,0,0
191.596,0.1853,0,0,0,0
191.621,0.1853,0,0,0,0
191.664,0.1852,0,0,0,0
191.699,0.1852,0,0,0,0
191.723,0.1852,0,0,0,0
191.763,0.1852,0,0,0,0
191.796,0.1852,0,0,0,0
191.827,0.1852,0,0,0,0
191.865,0.1852,0,0,0,0
191.896,0.1852,0,0,0,0
191.934,0.1852,0,0,0,0
191.962,0.1852,0,0,0,0
191.996,0.1852,0,0,0,0
192.037,0.1852,0,0,0,0
192.061,0.1852,0,0,0,0
192.096,0.1852,0,0,0,0
192.149,0.1852,0,0,0,0
192.172,0.1852,0,0,0,0
192.189,0.1852,0,0,0,0
192.230,0.1852,0,0,0,0
192.260,0.1852,0,0,0,0
192.294,0.1852,0,0,0,0
192.328,0.1852,0,0,0,0
192.373,0.1852,0,0,0,0
192.397,0.1852,0,0,0,0
192.436,0.1852,0,0,0,0
192.462,0.1852,0,0,0,0
192.493,0.1851,0,0,0,0
192.527,0.1851,0,0,0,0
192.569,0.1851,0,0,0,0
192.596,0.1851,0,0,0,0
192.637,0.1851,0,0,0,0
192.668,0.1851,0,0,0,0
192.699,0.1851,0,0,0,0
192.730,0.1851,0,0,0,0
192.764,0.1851,0,0,0,0
192.804,0.1851,0,0,0,0
192.822,0.1851,0,0,0,0
192.866,0.1851,0,0,0,0
192.903,0.1851,0,0,0,0
192.928,0.1851,0,0,0,0
192.961,0.1851,0,0,0,0
192.999,0.1851,0,0,0,0
193.021,0.1851,0,0,0,0
193.064,0.1851,0,0,0,0
193.096,0.1851,0,0,0,0
193.129,0.1851,0,0,0,0
193.155,0.1851,0,0,0,0
193.207,0.1851,0,0,0,0
193.235,0.1851,0,0,0,0
193.264,0.1851,0,0,0,0
193.296,0.1851,0,0,0,0
193.331,0.1851,0,0,0,0
193.356,0.1851,0,0,0,0
193.395,0.1851,0,0,0,0
193.431,0.1851,0,0,0,0
193.467,0.1851,0,0,0,0
193.489,0.1851,0,0,0,0
193.529,0.1851,0,0,0,0
193.566,0.1851,0,0,0,10
193.596,0.1851,0,0,0,10
193.629,0.1851,0,0,0,10
193.673,0.1851,0,0,0,10
193.699,0.1851,0,0,0,10
193.730,0.1851,0,0,0,10
193.777,0.1851,0,0,0,10
193.803,0.1851,0,0,0,10
193.835,0.1851,0,0,0,10
193.863,0.1851,0,0,0,10
193.899,0.1851,0,0,0,10
193.928,0.1851,0,0,0,10
193.964,0.1851,0,0,0,10
194.001,0.1851,0,0,0,10
194.030,0.1851,0,0,0,10
194.061,0.1851,0,0,0,10
194.101,0.1850,0,0,0,10
194.129,0.1850,0,0,0,10
194.157,0.1850,0,0,0,10
194.196,0.1850,0,0,0,10
194.220,0.1850,0,0,0,10
194.262,0.1850,0,0,0,10
194.296,0.1850,0,0,0,10
194.328,0.1850,0,0,0,10
194.365,0.1850,0,0,0,10
194.398,0.1850,0,0,0,10
194.432,0.7676,0,7,7,0
194.459,0.7586,0,7,7,0
194.498,0.7411,0,7,7,0
194.538,0.7238,0,7,7,0
194.556,0.7149,0,7,7,0
194.596,0.6967,0,7,7,0
194.629,0.6780,0,7,7,0
194.663,0.6686,0,7,7,0
194.697,0.6492,0,7,7,0
194.727,0.6290,0,7,7,0
194.768,0.6083,0,7,7,0
194.799,0.5977,0,7,7,0
194.830,0.5765,0,7,7,0
194.875,0.5546,0,7,7,0
194.896,0.5434,0,7,7,0
194.931,0.5202,0,7,7,0
194.963,0.5082,0,7,7,0
194.996,0.4838,0,7,7,0
195.028,0.4590,0,7,7,0
195.062,0.4464,0,7,7,0
195.098,0.4211,0,7,7,0
195.125,0.4085,0,7,7,0
195.162,0.3831,0,7,7,0
195.202,0.3586,0,7,7,0
195.221,0.3468,0,7,7,0
195.262,0.3248,0,7,7,0
195.296,0.3052,0,7,7,0
195.334,0.2881,0,7,7,0
195.361,0.2807,0,7,7,0
195.393,0.2677,0,7,7,0
195.428,0.2573,0,7,7,0
195.462,0.2529,0,7,7,0
195.495,0.2457,0,7,7,0
195.535,0.2401,0,7,7,0
195.561,0.2378,0,7,7,0
195.595,0.2341,0,7,7,0
195.648,0.2300,0,7,7,0
195.683,0.2289,0,7,7,0
195.699,0.2279,0,7,7,0
195.723,0.2270,0,7,7,0
195.759,0.2253,0,7,7,0
195.796,0.2239,0,7,7,0
195.831,0.2225,0,7,7,0
195.868,0.2213,0,7,7,0
195.898,0.2207,0,7,7,0
195.931,0.2195,0,7,7,0
195.963,0.2189,0,7,7,0
195.987,0.2178,0,7,7,0
196.027,0.2167,0,7,7,0
196.063,0.2162,0,7,7,0
196.096,0.2152,0,7,7,0
196.131,0.2143,0,7,7,0
196.166,0.2139,0,7,7,0
196.198,0.2131,0,7,7,0
196.230,0.2123,0,7,7,0
196.263,0.2119,0,7,7,0
196.296,0.2112,0,7,7,0
196.333,0.2106,0,7,7,0
196.364,0.2103,0,7,7,0
196.396,0.2097,0,7,7,0
196.430,0.2091,0,7,7,0
196.463,0.2089,0,7,7,0
196.495,0.2084,0,7,7,0
196.533,0.2079,0,7,7,0
196.562,0.2077,0,7,7,0
196.598,0.2073,0,7,7,0
196.633,0.2069,0,7,7,0
196.665,0.2067,0,7,7,0
196.699,0.2063,0,7,7,0
196.732,0.2060,0,7,7,0
196.765,0.2058,0,0,0,0
196.799,0.2055,0,0,0,0
196.832,0.2051,0,0,0,0
196.865,0.2050,0,0,0,0
196.896,0.2047,0,0,0,0
196.930,0.2044,0,0,0,0
196.962,0.2043,0,0,0,0
196.996,0.2040,0,0,0,0
197.031,0.2037,0,0,0,0
197.064,0.2036,0,0,0,0
197.100,0.2034,0,0,0,0
197.134,0.2032,0,0,0,0
197.164,0.2030,0,0,0,0
197.196,0.2028,0,0,0,0
197.232,0.2026,0,0,0,0
197.265,0.2025,0,0,0,0
197.299,0.2023,0,0,0,0
197.331,0.2021,0,0,0,0
197.363,0.2020,0,0,0,0
197.398,0.2019,0,0,0,0
197.432,0.2017,0,0,0,0
197.466,0.2016,0,0,0,0
197.497,0.2015,0,0,0,0
197.533,0.2013,0,0,0,0
197.566,0.2013,0,0,0,0
197.599,0.2011,0,0,0,0
197.631,0.2010,0,0,0,0
197.664,0.2009,0,0,0,0
197.696,0.2008,0,0,0,0
197.733,0.2007,0,0,0,0
197.764,0.2006,0,0,0,0
197.799,0.2005,0,0,0,0
197.832,0.2004,0,0,0,0
197.865,0.2004,0,0,0,0
197.888,0.2003,0,0,0,0
197.933,0.2002,0,0,0,0
197.964,0.2001,0,0,0,0
198.000,0.2000,0,0,0,0
198.024,0.2000,0,0,0,0
198.066,0.1999,0,0,0,0
198.097,0.1998,0,0,0,0
198.132,0.1998,0,0,0,0
198.156,0.1997,0,0,0,0
198.192,0.1996,0,0,0,0
198.237,0.1996,0,0,0,0
198.259,0.1995,0,0,0,0
198.298,0.1995,0,0,0,0
198.337,0.1994,0,0,0,0
198.357,0.1994,0,0,0,0
198.398,0.1993,0,0,0,0
198.442,0.1993,0,0,0,0
198.462,0.1993,0,0,0,0
198.500,0.1992,0,0,0,0
198.546,0.1991,0,0,0,0
198.569,0.1991,0,0,0,0
198.598,0.1991,0,0,0,0
198.634,0.1985,0,0,0,0
198.659,0.1972,0,0,0,0
198.698,0.1929,0,7,7,0
198.732,0.1866,0,7,7,0
198.764,0.1856,0,7,7,0
198.797,0.1852,0,7,7,0
198.831,0.1850,0,7,7,0
198.869,0.1850,0,7,7,0
198.896,0.1850,0,7,7,0
198.930,0.1850,0,7,7,0
198.968,0.1851,0,7,7,0
198.996,0.1852,0,7,7,0
199.046,0.1853,0,7,7,0
199.062,0.1853,0,7,7,0
199.096,0.1854,0,7,7,0
199.132,0.1855,0,7,7,0
199.164,0.1856,0,7,7,0
199.194,0.1856,0,7,7,0
199.233,0.1857,0,7,7,0
199.266,0.1857,0,7,7,0
199.296,0.1857,0,7,7,0
199.330,0.1858,0,7,7,0
199.364,0.1858,0,7,7,0
199.403,0.1859,0,7,7,0
199.434,0.1859,0,7,7,0
199.466,0.1860,0,7,7,0
199.504,0.1860,0,7,7,0
199.532,0.1861,0,7,7,0
199.563,0.1861,0,7,7,0
199.610,0.1867,0,7,7,0
199.637,0.1870,0,7,7,0
199.663,0.1873,0,7,7,0
199.698,0.1878,0,7,7,0
199.730,0.1883,0,7,7,0
199.764,0.1886,0,0,0,0
199.796,0.1891,0,0,0,0
199.835,0.1895,0,0,0,0
199.865,0.1897,0,0,0,0
199.894,0.1902,0,0,0,0
199.935,0.1906,0,0,0,0
199.962,0.1908,0,0,0,0
199.996,0.1912,0,0,0,0
200.045,0.1915,0,0,0,0
200.065,0.1917,0,0,0,0
200.098,0.1920,0,0,0,0
200.130,0.1923,0,0,0,0
200.165,0.1925,0,0,0,0
200.206,0.1929,0,0,0,0
200.231,0.1930,0,0,0,0
200.275,0.1933,0,0,0,0
200.300,0.1934,0,0,0,0
200.330,0.1937,0,0,0,0
200.377,0.1939,0,0,0,0
200.401,0.1940,0,0,0,0
200.430,0.1942,0,0,0,0
200.467,0.1944,0,0,0,0
200.492,0.1945,0,0,0,0
200.528,0.1947,0,0,0,0
200.563,0.1948,0,0,0,0
200.591,0.1949,0,0,0,0
200.632,0.1951,0,0,0,0
200.663,0.1952,0,0,0,0
200.707,0.1954,0,0,0,0
200.735,0.1954,0,0,0,0
200.763,0.1955,0,0,0,0
200.798,0.1956,0,0,0,0
200.830,0.1957,0,0,0,0
200.865,0.1958,0,0,0,0
200.902,0.1959,0,0,0,0
200.922,0.1960,0,0,0,0
200.965,0.1961,0,0,0,0
201.006,0.1962,0,0,0,0
201.042,0.1963,0,0,0,0
201.067,0.1963,0,0,0,0
201.106,0.1964,0,0,0,0
201.141,0.1965,0,0,0,0
201.172,0.1965,0,0,0,0
201.205,0.1966,0,0,0,0
201.240,0.1967,0,0,0,0
201.271,0.1967,0,0,0,0
201.307,0.1968,0,0,0,0
201.354,0.1968,0,0,0,0
201.381,0.1969,0,0,0,0
201.407,0.1969,0,0,0,0
201.438,0.1970,0,0,0,0
201.466,0.1970,0,0,0,0
201.507,0.1971,0,0,0,0
201.537,0.1971,0,0,0,0
201.575,0.1971,0,0,0,0
201.612,0.1972,0,0,0,0
201.637,0.1972,0,0,0,0
201.675,0.1972,0,0,0,0
201.695,0.1973,0,0,0,0
201.739,0.1973,0,0,0,0
201.770,0.1973,0,0,0,0
201.797,0.1973,0,0,0,0
201.838,0.1974,0,0,0,0
201.872,0.1974,0,0,0,0
201.906,0.1974,0,0,0,0
201.932,0.1975,0,0,0,0
201.972,0.1975,0,0,0,0
202.011,0.1975,0,0,0,0
202.030,0.1975,0,0,0,0
202.072,0.1976,0,0,0,0
202.118,0.1976,0,0,0,0
202.144,0.1976,0,0,0,0
202.171,0.1976,0,0,0,0
202.204,0.1976,0,0,0,0
202.237,0.1976,0,0,0,0
202.263,0.1977,0,0,0,0
202.304,0.1977,0,0,0,0
202.341,0.1977,0,0,0,0
202.363,0.1977,0,0,0,0
202.405,0.1977,0,0,0,0
202.453,0.1977,0,0,0,0
202.481,0.1978,0,0,0,0
202.506,0.1978,0,0,0,0
202.540,0.1978,0,0,0,0
202.564,0.1978,0,0,0,0
202.605,0.1978,0,0,0,0
202.638,0.1978,0,0,0,0
202.669,0.1978,0,0,0,0
202.695,0.1978,0,0,0,0
202.740,0.1978,0,0,0,0
202.772,0.1979,0,0,0,0
202.805,0.1979,0,0,0,0
202.838,0.1979,0,0,0,0
202.871,0.1979,0,0,0,0
202.904,0.1979,0,0,0,0
202.939,0.1979,0,0,0,0
202.983,0.1979,0,0,0,0
203.009,0.1979,0,0,0,0
203.040,0.1979,0,0,0,0
203.087,0.1979,0,0,0,0
203.115,0.1979,0,0,0,0
203.137,0.1980,0,0,0,0
203.172,0.1980,0,0,0,0
203.204,0.1980,0,0,0,0
203.240,0.1980,0,0,0,0
203.275,0.1980,0,0,0,0
203.296,0.1980,0,0,0,0
203.340,0.1980,0,0,0,0
203.373,0.1980,0,0,0,0
203.407,0.1980,0,0,0,0
203.433,0.1980,0,0,0,0
203.481,0.1980,0,0,0,0
203.499,0.1980,0,0,0,0
203.535,0.1980,0,0,0,0
203.571,0.1980,0,0,0,0
203.605,0.1980,0,0,0,0
203.635,0.1980,0,0,0,0
203.671,0.1980,0,0,0,0
203.707,0.1981,0,0,0,0
203.741,0.1981,0,0,0,0
203.765,0.1981,0,0,0,0
203.806,0.1981,0,0,0,0
203.844,0.1981,0,0,0,0
203.872,0.1981,0,0,0,0
203.904,0.1981,0,0,0,0
203.948,0.1981,0,0,0,0
203.974,0.1981,0,0,0,0
204.003,0.1981,0,0,0,0
204.039,0.1981,0,0,0,0
204.073,0.1981,0,0,0,0
204.099,0.1981,0,0,0,0
204.139,0.1981,0,0,0,0
204.173,0.1981,0,0,0,0
204.204,0.1981,0,0,0,0
204.238,0.1981,0,0,0,0
204.279,0.1981,0,0,0,0
204.303,0.1981,0,0,0,0
204.339,0.1981,0,0,0,0
204.383,0.1981,0,0,0,0
204.410,0.1981,0,0,0,0
204.432,0.1981,0,0,0,0
204.472,0.1981,0,0,0,0
204.503,0.1981,0,0,0,0
204.538,0.1981,0,0,0,0
204.574,0.1981,0,0,0,0
204.601,0.1981,0,0,0,0
204.639,0.1982,0,0,0,0
204.674,0.1982,0,0,0,0
204.707,0.1982,0,0,0,0
204.738,0.1982,0,0,0,0
204.772,0.1982,0,0,0,0
204.818,0.1982,0,0,0,0
204.840,0.1982,0,0,0,0
204.870,0.1982,0,0,0,0
204.906,0.1982,0,0,0,0
204.941,0.1982,0,0,0,0
204.972,0.1982,0,0,0,0
205.006,0.1982,0,0,0,0
205.036,0.1982,0,0,0,0
205.072,0.1982,0,0,0,0
205.103,0.1982,0,0,0,0
205.149,0.1982,0,0,0,0
205.174,0.1982,0,0,0,0
205.206,0.1982,0,0,0,0
205.240,0.1982,0,0,0,0
205.273,0.1982,0,0,0,0
205.305,0.1982,0,0,0,0
205.340,0.1982,0,0,0,0
205.374,0.1982,0,0,0,0
205.406,0.1982,0,0,0,0
205.440,0.1982,0,0,0,0
205.471,0.1982,0,0,0,0
205.506,0.1982,0,0,0,0
205.540,0.1982,0,0,0,0
205.572,0.1982,0,0,0,0
205.605,0.1982,0,0,0,0
205.636,0.1982,0,0,0,0
205.673,0.1982,0,0,0,0
205.704,0.1982,0,0,0,0
205.748,0.1982,0,0,0,0
205.772,0.1982,0,0,0,0
205.804,0.1982,0,0,0,0
205.837,0.1982,0,0,0,0
205.873,0.1982,0,0,0,0
205.904,0.1982,0,0,0,0
205.935,0.1982,0,0,0,0
205.973,0.1982,0,0,0,0
206.005,0.1982,0,0,0,0
206.040,0.1982,0,0,0,0
206.071,0.1983,0,0,0,0
206.104,0.1983,0,0,0,0
206.139,0.1983,0,0,0,0
206.171,0.1983,0,0,0,0
206.205,0.1983,0,0,0,0
206.240,0.1983,0,0,0,0
206.272,0.1983,0,0,0,0
206.304,0.1983,0,0,0,0
206.339,0.1983,0,0,0,0
206.373,0.1983,0,0,0,0
206.406,0.1983,0,0,0,0
206.440,0.1983,0,0,0,0
206.473,0.1983,0,0,0,0
206.507,0.1983,0,0,0,0
206.540,0.1983,0,0,0,0
206.572,0.1983,0,0,0,0
206.604,0.1983,0,0,0,0
206.639,0.1983,0,0,0,0
206.670,0.1983,0,0,0,0
206.704,0.1983,0,0,0,0
206.738,0.1983,0,0,0,0
206.771,0.1983,0,0,0,0
206.803,0.1983,0,0,0,0
206.838,0.1983,0,0,0,0
206.871,0.1983,0,0,0,0
206.905,0.1983,0,0,0,0
206.938,0.1983,0,0,0,0
206.972,0.1983,0,0,0,0
207.004,0.1983,0,0,0,0
207.040,0.1983,0,0,0,0
207.073,0.1983,0,0,0,0
207.106,0.1983,0,0,0,0
207.140,0.1983,0,0,0,0
207.173,0.1983,0,0,0,0
207.207,0.1983,0,0,0,0
207.238,0.1983,0,0,0,0
207.271,0.1983,0,0,0,0
207.304,0.1983,0,0,0,0
207.341,0.1983,0,0,0,0
207.371,0.1983,0,0,0,0
207.406,0.1983,0,0,0,0
207.439,0.1983,0,0,0,0
207.473,0.1983,0,0,0,0
207.506,0.1983,0,0,0,0
207.541,0.1983,0,0,0,0
207.571,0.1983,0,0,0,0
207.604,0.1983,0,0,0,0
207.640,0.1983,0,0,0,0
207.672,0.1983,0,0,0,0
207.703,0.1983,0,0,0,0
207.738,0.1983,0,0,0,0
207.772,0.1983,0,0,0,0
207.804,0.1983,0,0,0,0
207.838,0.1984,0,0,0,0
207.872,0.1984,0,0,0,0
207.904,0.1984,0,0,0,0
207.940,0.1984,0,0,0,0
207.971,0.1984,0,0,0,0
208.005,0.1984,0,0,0,0
208.037,0.1984,0,0,0,0
208.071,0.1984,0,0,0,0
208.107,0.1984,0,0,0,0
208.137,0.1984,0,0,0,0
208.172,0.1984,0,0,0,0
208.204,0.1984,0,0,0,0
208.238,0.1984,0,0,0,0
208.272,0.1984,0,0,0,0
208.305,0.1984,0,0,0,0
208.340,0.1984,0,0,0,0
208.371,0.1984,0,0,0,0
208.405,0.1984,0,0,0,0
208.440,0.1984,0,0,0,0
208.472,0.1984,0,0,0,0
208.505,0.1984,0,0,0,0
208.537,0.1984,0,0,0,0
208.570,0.1984,0,0,0,0
208.603,0.1984,0,0,0,0
208.638,0.1984,0,0,0,0
208.670,0.1984,0,0,0,0
208.703,0.1984,0,0,0,0
208.737,0.1984,0,0,0,0
208.772,0.1984,0,0,0,0
208.806,0.1984,0,0,0,0
208.838,0.1984,0,0,0,0
208.872,0.1984,0,0,0,0
208.906,0.1984,0,0,0,0
208.939,0.1984,0,0,0,0
208.971,0.1984,0,0,0,0
209.003,0.1984,0,0,0,0
209.039,0.1984,0,0,0,0
209.071,0.1984,0,0,0,0
209.104,0.1984,0,0,0,0
209.138,0.1984,0,0,0,0
209.173,0.1984,0,0,0,0
209.203,0.1984,0,0,0,0
209.241,0.1984,0,0,0,0
209.273,0.1984,0,0,0,0
209.305,0.1984,0,0,0,0
209.340,0.1984,0,0,0,0
209.371,0.1984,0,0,0,0
209.403,0.1984,0,0,0,0
209.438,0.1984,0,0,0,0
209.472,0.1984,0,0,0,0
209.504,0.1984,0,0,0,0
209.538,0.1984,0,0,0,0
209.571,0.1984,0,0,0,0
209.605,0.1984,0,0,0,0
209.637,0.1984,0,0,0,0
209.673,0.1984,0,0,0,0
209.703,0.1985,0,0,0,0
209.737,0.1985,0,0,0,0
209.773,0.1985,0,0,0,0
209.806,0.1985,0,0,0,0
209.838,0.1985,0,0,0,0
209.871,0.1985,0,0,0,0
209.904,0.1985,0,0,0,0
209.940,0.1985,0,0,0,0
209.973,0.1985,0,0,0,0
210.006,0.1985,0,0,0,0
210.040,0.1985,0,0,0,0
210.072,0.1985,0,0,0,0
210.105,0.1985,0,0,0,0
210.137,0.1985,0,0,0,0
210.173,0.1985,0,0,0,0
210.205,0.1985,0,0,0,0
210.237,0.1985,0,0,0,0
210.271,0.1985,0,0,0,0
210.305,0.1985,0,0,0,0
210.338,0.1985,0,0,0,0
210.372,0.1985,0,0,0,0
210.403,0.1985,0,0,0,0
210.439,0.1985,0,0,0,0
210.470,0.1985,0,0,0,0
210.503,0.1985,0,0,0,0
210.538,0.1985,0,0,0,0
210.573,0.1985,0,0,0,0
210.607,0.1985,0,0,0,0
210.640,0.1985,0,0,0,0
210.671,0.1985,0,0,0,0
210.704,0.1985,0,0,0,0
210.737,0.1985,0,0,0,0
210.771,0.1985,0,0,0,0
210.803,0.1985,0,0,0,0
210.836,0.1985,0,0,0,0
210.871,0.1985,0,0,0,0
210.905,0.1985,0,0,0,0
210.939,0.1985,0,0,0,0
210.972,0.1985,0,0,0,0
211.003,0.1985,0,0,0,0
211.038,0.1985,0,0,0,0
211.074,0.1985,0,0,0,0
211.105,0.1985,0,0,0,0
211.138,0.1985,0,0,0,0
211.174,0.1985,0,0,0,0
211.205,0.1985,0,0,0,0
211.239,0.1985,0,0,0,0
211.272,0.1985,0,0,0,0
211.306,0.1985,0,0,0,0
211.338,0.1985,0,0,0,0
211.370,0.1985,0,0,0,0
211.405,0.1985,0,0,0,0
211.439,0.1985,0,0,0,0
211.473,0.1985,0,0,0,0
211.505,0.1985,0,0,0,0
211.538,0.1985,0,0,0,0
211.574,0.1985,0,0,0,0
211.603,0.1985,0,0,0,0
211.637,0.1985,0,0,0,0
211.673,0.1986,0,0,0,0
211.703,0.1986,0,0,0,0
211.737,0.1986,0,0,0,0
211.773,0.1986,0,0,0,0
211.807,0.1986,0,0,0,0
211.838,0.1986,0,0,0,0
211.873,0.1986,0,0,0,0
211.905,0.1986,0,0,0,0
211.940,0.1986,0,0,0,0
211.972,0.1986,0,0,0,0
212.004,0.1986,0,0,0,0
212.040,0.1986,0,0,0,0
212.072,0.1986,0,0,0,0
212.103,0.1986,0,0,0,0
212.138,0.1986,0,0,0,0
212.172,0.1986,0,0,0,0
212.204,0.1986,0,0,0,0
212.239,0.1986,0,0,0,0
212.272,0.1986,0,0,0,0
212.306,0.1986,0,0,0,0
212.337,0.1986,0,0,0,0
212.373,0.1986,0,0,0,0
212.407,0.1986,0,0,0,0
212.440,0.1986,0,0,0,0
212.472,0.1986,0,0,0,0
212.505,0.1986,0,0,0,0
212.540,0.1986,0,0,0,0
212.571,0.1986,0,0,0,0
212.603,0.1986,0,0,0,0
212.639,0.1986,0,0,0,0
212.674,0.1986,0,0,0,0
212.707,0.1986,0,0,0,0
212.737,0.1986,0,0,0,0
212.773,0.1986,0,0,0,0
212.807,0.1986,0,0,0,0
212.840,0.1986,0,0,0,0
212.870,0.1986,0,0,0,0
212.905,0.1986,0,0,0,0
212.937,0.1986,0,0,0,0
212.970,0.1986,0,0,0,0
213.006,0.1986,0,0,0,0
213.039,0.1986,0,0,0,0
213.071,0.1986,0,0,0,0
213.106,0.1986,0,0,0,0
213.138,0.1986,0,0,0,0
213.172,0.1986,0,0,0,0
213.205,0.1986,0,0,0,0
213.240,0.1986,0,0,0,0
213.274,0.1986,0,0,0,0
213.307,0.1986,0,0,0,0
213.339,0.1986,0,0,0,0
213.374,0.1986,0,0,0,0
213.408,0.1986,0,0,0,0
213.438,0.1986,0,0,0,0
213.474,0.1986,0,0,0,0
213.505,0.1986,0,0,0,0
213.537,0.1986,0,0,0,0
213.574,0.1986,0,0,0,0
213.606,0.1986,0,0,0,0
213.638,0.1986,0,0,0,0
213.672,0.1986,0,0,0,0
213.704,0.1987,0,0,0,0
213.738,0.1987,0,0,0,0
213.774,0.1987,0,0,0,0
213.803,0.1987,0,0,0,0
213.840,0.1987,0,0,0,0
213.873,0.1987,0,0,0,0
213.906,0.1987,0,0,0,0
213.940,0.1987,0,0,0,0
213.971,0.1987,0,0,0,0
214.005,0.1987,0,0,0,0
214.042,0.1987,0,0,0,0
214.076,0.1987,0,0,0,0
214.107,0.1987,0,0,0,0
214.138,0.1987,0,0,0,0
214.171,0.1987,0,0,0,0
214.204,0.1987,0,0,0,0
214.240,0.1987,0,0,0,0
214.274,0.1987,0,0,0,0
214.304,0.1987,0,0,0,0
214.336,0.1987,0,0,0,0
214.372,0.1987,0,0,0,0
214.406,0.1987,0,0,0,0
214.440,0.1987,0,0,0,0
214.471,0.1987,0,0,0,0
214.506,0.1987,0,0,0,0
214.539,0.1987,0,0,0,0
214.573,0.1987,0,0,0,0
214.603,0.1987,0,0,0,0
214.637,0.1987,0,0,0,0
214.673,0.1987,0,0,0,0
214.705,0.1987,0,0,0,0
214.738,0.1987,0,0,0,0
214.771,0.1987,0,0,0,0
214.804,0.1987,0,0,0,0
214.839,0.1987,0,0,0,0
214.873,0.1987,0,0,0,0
214.904,0.1987,0,0,0,0
214.937,0.1987,0,0,0,0
214.971,0.1987,0,0,0,0
215.007,0.1987,0,0,0,0
215.039,0.1987,0,0,0,0
215.070,0.1987,0,0,0,0
215.106,0.1987,0,0,0,0
215.137,0.1987,0,0,0,0
215.171,0.1987,0,0,0,0
215.204,0.1987,0,0,0,0
215.236,0.1987,0,0,0,0
215.274,0.1987,0,0,0,0
215.303,0.1987,0,0,0,0
215.341,0.1987,0,0,0,0
215.362,0.1987,0,0,0,0
215.397,0.1987,0,0,0,0
215.440,0.1987,0,0,0,0
215.471,0.1987,0,0,0,0
215.505,0.1987,0,0,0,0
215.539,0.1987,0,0,0,0
215.572,0.1987,0,0,0,0
215.605,0.1987,0,0,0,0
215.640,0.1987,0,0,0,0
215.672,0.1987,0,0,0,0
215.706,0.1987,0,0,0,0
215.739,0.1987,0,0,0,0
215.770,0.1987,0,0,0,0
215.806,0.1987,0,0,0,0
215.836,0.1988,0,0,0,0
215.871,0.1988,0,0,0,0
215.907,0.1988,0,0,0,0
215.937,0.1988,0,0,0,0
215.974,0.1988,0,0,0,0
216.005,0.1988,0,0,0,0
216.038,0.1988,0,0,0,0
216.070,0.1988,0,0,0,0
216.107,0.1988,0,0,0,0
216.137,0.1988,0,0,0,0
216.172,0.1988,0,0,0,0
216.206,0.1988,0,0,0,0
216.240,0.1988,0,0,0,0
216.272,0.1988,0,0,0,0
216.307,0.1988,0,0,0,0
216.337,0.1988,0,0,0,0
216.373,0.1988,0,0,0,0
216.405,0.1988,0,0,0,0
216.437,0.1988,0,0,0,0
216.471,0.1988,0,0,0,0
216.507,0.1988,0,0,0,0
216.537,0.1988,0,0,0,0
216.572,0.1988,0,0,0,0
216.604,0.1988,0,0,0,0
216.638,0.1988,0,0,0,0
216.674,0.1988,0,0,0,0
216.707,0.1988,0,0,0,0
216.739,0.1988,0,0,0,0
216.771,0.1988,0,0,0,0
216.805,0.1988,0,0,0,0
216.841,0.1988,0,0,0,0
216.870,0.1988,0,0,0,0
216.904,0.1988,0,0,0,0
216.940,0.1988,0,0,0,0
216.970,0.1988,0,0,0,0
217.006,0.1988,0,0,0,0
217.040,0.1988,0,0,0,0
217.072,0.1988,0,0,0,0
217.103,0.1988,0,0,0,0
217.138,0.1988,0,0,0,0
217.173,0.1988,0,0,0,0
217.206,0.1988,0,0,0,0
217.240,0.1988,0,0,0,0
217.273,0.1988,0,0,0,0
217.306,0.1988,0,0,0,0
217.337,0.1988,0,0,0,0
217.375,0.1988,0,0,0,0
217.404,0.1988,0,0,0,0
217.437,0.1988,0,0,0,0
217.470,0.1988,0,0,0,0
217.505,0.1988,0,0,0,0
217.540,0.1988,0,0,0,0
217.572,0.1988,0,0,0,0
217.606,0.1988,0,0,0,0
217.639,0.1988,0,0,0,0
217.670,0.1988,0,0,0,0
217.706,0.1988,0,0,0,0
217.739,0.1988,0,0,0,0
217.770,0.1988,0,0,0,0
217.803,0.1988,0,0,0,0
217.841,0.1988,0,0,0,0
217.873,0.1988,0,0,0,0
217.905,0.1988,0,0,0,0
217.937,0.1988,0,0,0,0
217.970,0.1988,0,0,0,0
218.004,0.1988,0,0,0,0
218.039,0.1988,0,0,0,0
218.070,0.1988,0,0,0,0
218.105,0.1988,0,0,0,0
218.138,0.1988,0,0,0,0
218.172,0.1989,0,0,0,0
218.204,0.1989,0,0,0,0
218.237,0.1989,0,0,0,0
218.273,0.1989,0,0,0,0
218.307,0.1989,0,0,0,0
218.339,0.1989,0,0,0,0
218.368,0.1989,0,0,0,0
218.404,0.1989,0,0,0,0
218.439,0.1989,0,0,0,0
218.473,0.1989,0,0,0,0
218.506,0.1989,0,0,0,0
218.537,0.1989,0,0,0,0
218.573,0.1989,0,0,0,0
218.606,0.1989,0,0,0,0
218.638,0.1989,0,0,0,0
218.672,0.1989,0,0,0,0
218.704,0.1989,0,0,0,0
218.739,0.1989,0,0,0,0
218.769,0.1989,0,0,0,0
218.804,0.1989,0,0,0,0
218.837,0.1989,0,0,0,0
218.871,0.1989,0,0,0,0
218.907,0.1989,0,0,0,0
218.938,0.1989,0,0,0,0
218.973,0.1989,0,0,0,0
219.006,0.1989,0,0,0,0
219.037,0.1989,0,0,0,0
219.071,0.1989,0,0,0,0
219.104,0.1989,0,0,0,0
219.138,0.1989,0,0,0,0
219.170,0.1989,0,0,0,0
219.204,0.1989,0,0,0,0
219.240,0.1989,0,0,0,0
219.273,0.1989,0,0,0,0
219.307,0.1989,0,0,0,0
219.338,0.1989,0,0,0,0
219.373,0.1989,0,0,0,0
219.408,0.1989,0,0,0,0
219.440,0.1989,0,0,0,0
219.473,0.1989,0,0,0,0
219.506,0.1989,0,0,0,0
219.537,0.1989,0,0,0,0
219.572,0.1989,0,0,0,0
219.604,0.1989,0,0,0,0
219.638,0.1989,0,0,0,0
219.671,0.1989,0,0,0,0
219.707,0.1989,0,0,0,0
219.740,0.1989,0,0,0,0
219.771,0.1989,0,0,0,0
219.807,0.1989,0,0,0,0
219.837,0.1989,0,0,0,0
219.873,0.1989,0,0,0,0
219.907,0.1989,0,0,0,0
219.939,0.1989,0,0,0,0
219.974,0.1989,0,0,0,0
220.005,0.1989,0,0,0,0
220.039,0.1989,0,0,0,0
220.074,0.1989,0,0,0,0
220.106,0.1989,0,0,0,0
220.137,0.1989,0,0,0,0
220.173,0.1989,0,0,0,0
220.204,0.1989,0,0,0,0
220.240,0.1989,0,0,0,0
220.274,0.1989,0,0,0,0
220.305,0.1989,0,0,0,0
220.340,0.1989,0,0,0,0
220.372,0.1989,0,0,0,0
220.405,0.1989,0,0,0,0
220.439,0.1989,0,0,0,0
220.471,0.1989,0,0,0,0
220.506,0.1990,0,0,0,0
220.540,0.1990,0,0,0,0
220.572,0.1990,0,0,0,0
220.605,0.1990,0,0,0,0
220.637,0.1990,0,0,0,0
220.672,0.1990,0,0,0,0
220.704,0.1990,0,0,0,0
220.739,0.1990,0,0,0,0
220.771,0.1990,0,0,0,0
220.805,0.1990,0,0,0,0
220.839,0.1990,0,0,0,0
220.872,0.1990,0,0,0,0
220.903,0.1990,0,0,0,0
220.938,0.1990,0,0,0,0
220.974,0.1990,0,0,0,0
221.006,0.1990,0,0,0,0
221.039,0.1990,0,0,0,0
221.073,0.1990,0,0,0,0
221.105,0.1990,0,0,0,0
221.141,0.1990,0,0,0,0
221.170,0.1990,0,0,0,0
221.205,0.1990,0,0,0,0
221.237,0.1990,0,0,0,0
221.270,0.1990,0,0,0,0
221.306,0.1990,0,0,0,0
221.338,0.1990,0,0,0,0
221.371,0.1990,0,0,0,0
221.406,0.1990,0,0,0,0
221.440,0.1990,0,0,0,0
221.471,0.1990,0,0,0,0
221.503,0.1990,0,0,0,0
221.539,0.1990,0,0,0,0
221.570,0.1990,0,0,0,0
221.607,0.1990,0,0,0,0
221.640,0.1990,0,0,0,0
221.671,0.1990,0,0,0,0
221.707,0.1990,0,0,0,0
221.740,0.1990,0,0,0,0
221.774,0.1990,0,0,0,0
221.807,0.1990,0,0,0,0
221.838,0.1990,0,0,0,0
221.872,0.1990,0,0,0,0
221.905,0.1990,0,0,0,0
221.940,0.1990,0,0,0,0
221.972,0.1990,0,0,0,0
222.006,0.1990,0,0,0,0
222.039,0.1990,0,0,0,0
222.074,0.1990,0,0,0,0
222.103,0.1990,0,0,0,0
222.140,0.1990,0,0,0,0
222.174,0.1990,0,0,0,0
222.206,0.1990,0,0,0,0
222.239,0.1990,0,0,0,0
222.274,0.1990,0,0,0,0
222.306,0.1990,0,0,0,0
222.339,0.1990,0,0,0,0
222.372,0.1990,0,0,0,0
222.403,0.1990,0,0,0,0
222.438,0.1990,0,0,0,0
222.473,0.1990,0,0,0,0
222.506,0.1990,0,0,0,0
222.541,0.1990,0,0,0,0
222.575,0.1990,0,0,0,0
222.606,0.1990,0,0,0,0
222.638,0.1990,0,0,0,0
222.674,0.1990,0,0,0,0
222.707,0.1990,0,0,0,0
222.740,0.1990,0,0,0,0
222.770,0.1990,0,0,0,0
222.808,0.1990,0,0,0,0
222.840,0.1990,0,0,0,0
222.874,0.1990,0,0,0,0
222.905,0.1990,0,0,0,0
222.941,0.1991,0,0,0,0
222.973,0.1991,0,0,0,0
223.008,0.1991,0,0,0,0
223.041,0.1991,0,0,0,0
223.070,0.1991,0,0,0,0
223.103,0.1991,0,0,0,0
223.141,0.1991,0,0,0,0
223.173,0.1991,0,0,0,0
223.205,0.1991,0,0,0,0
223.237,0.1991,0,0,0,0
223.273,0.1991,0,0,0,0
223.307,0.1991,0,0,0,0
223.337,0.1991,0,0,0,0
223.370,0.1991,0,0,0,0
223.406,0.1991,0,0,0,0
223.438,0.1991,0,0,0,0
223.472,0.1991,0,0,0,0
223.504,0.1991,0,0,0,0
223.537,0.1991,0,0,0,0
223.570,0.1991,0,0,0,0
223.606,0.1991,0,0,0,0
223.638,0.1991,0,0,0,0
223.674,0.1991,0,0,0,0
223.704,0.1991,0,0,0,0
223.738,0.1991,0,0,0,0
223.773,0.1991,0,0,0,0
223.804,0.1991,0,0,0,0
223.838,0.1991,0,0,0,0
223.874,0.1991,0,0,0,0
223.907,0.1991,0,0,0,0
223.938,0.1991,0,0,0,0
223.974,0.1991,0,0,0,0
224.003,0.1991,0,0,0,0
224.039,0.1991,0,0,0,0
224.072,0.1991,0,0,0,0
224.105,0.1991,0,0,0,0
224.137,0.1991,0,0,0,0
224.173,0.1991,0,0,0,0
224.205,0.1991,0,0,0,0
224.238,0.1991,0,0,0,0
224.273,0.1991,0,0,0,0
224.304,0.1991,0,0,0,0
224.339,0.1991,0,0,0,0
224.371,0.1991,0,0,0,0
224.406,0.1991,0,0,0,0
224.439,0.1991,0,0,0,0
224.472,0.1991,0,0,0,0
224.507,0.1991,0,0,0,0
224.542,0.1991,0,0,0,0
224.572,0.1991,0,0,0,0
224.603,0.1991,0,0,0,0
224.637,0.1991,0,0,0,0
224.670,0.1991,0,0,0,0
224.703,0.1991,0,0,0,0
224.739,0.1991,0,0,0,0
224.772,0.1991,0,0,0,0
224.803,0.1991,0,0,0,0
224.840,0.1991,0,0,0,0
224.871,0.1991,0,0,0,0
224.906,0.1991,0,0,0,0
224.940,0.1991,0,0,0,0
224.974,0.1991,0,0,0,0
225.005,0.1991,0,0,0,0
225.036,0.1991,0,0,0,0
225.074,0.1991,0,0,0,0
225.106,0.1991,0,0,0,0
225.138,0.1991,0,0,0,0
225.172,0.1991,0,0,0,0
225.205,0.1991,0,0,0,0
225.239,0.1991,0,0,0,0
225.273,0.1991,0,0,0,0
225.303,0.1991,0,0,0,0
225.337,0.1991,0,0,0,0
225.373,0.1992,0,0,0,0
225.407,0.1992,0,0,0,0
225.440,0.1992,0,0,0,0
225.470,0.1992,0,0,0,0
225.504,0.1992,0,0,0,0
225.538,0.1992,0,0,0,0
225.572,0.1992,0,0,0,0
225.613,0.1992,0,0,0,0
225.637,0.1992,0,0,0,0
225.673,0.1992,0,0,0,0
225.705,0.1992,0,0,0,0
225.738,0.1992,0,0,0,0
225.770,0.1992,0,0,0,0
225.805,0.1992,0,0,0,0
225.839,0.1992,0,0,0,0
225.872,0.1992,0,0,0,0
225.905,0.1992,0,0,0,0
225.937,0.1992,0,0,0,0
225.972,0.1992,0,0,0,0
226.006,0.1992,0,0,0,0
226.037,0.1992,0,0,0,0
226.070,0.1992,0,0,0,0
226.104,0.1992,0,0,0,0
226.137,0.1992,0,0,0,0
226.170,0.1992,0,0,0,0
226.206,0.1992,0,0,0,0
226.237,0.1992,0,0,0,0
226.273,0.1992,0,0,0,0
226.307,0.1992,0,0,0,0
226.340,0.1992,0,0,0,0
226.373,0.1992,0,0,0,0
226.408,0.1992,0,0,0,0
226.438,0.1992,0,0,0,0
226.471,0.1992,0,0,0,0
226.505,0.1992,0,0,0,0
226.538,0.1992,0,0,0,0
226.572,0.1992,0,0,0,0
226.603,0.1992,0,0,0,0
226.640,0.1992,0,0,0,0
226.671,0.1992,0,0,0,0
226.704,0.1992,0,0,0,0
226.738,0.1992,0,0,0,0
226.771,0.1992,0,0,0,0
226.807,0.1992,0,0,0,0
226.837,0.1992,0,0,0,0
226.871,0.1992,0,0,0,0
226.906,0.1992,0,0,0,0
226.938,0.1992,0,0,0,0
226.971,0.1992,0,0,0,0
227.006,0.1992,0,0,0,0
227.039,0.1992,0,0,0,0
227.074,0.1992,0,0,0,0
227.107,0.1992,0,0,0,0
227.137,0.1992,0,0,0,0
227.173,0.1992,0,0,0,0
227.205,0.1992,0,0,0,0
227.239,0.1992,0,0,0,0
227.271,0.1992,0,0,0,0
227.306,0.1992,0,0,0,0
227.338,0.1992,0,0,0,0
227.372,0.1992,0,0,0,0
227.407,0.1992,0,0,0,0
227.440,0.1992,0,0,0,0
227.473,0.1992,0,0,0,0
227.504,0.1992,0,0,0,0
227.538,0.1992,0,0,0,0
227.571,0.1992,0,0,0,0
227.607,0.1992,0,0,0,0
227.637,0.1992,0,0,0,0
227.671,0.1992,0,0,0,0
227.706,0.1992,0,0,0,0
227.739,0.1992,0,0,0,0
227.770,0.1992,0,0,0,0
227.807,0.1992,0,0,0,0
227.836,0.1992,0,0,0,0
227.871,0.1992,0,0,0,0
227.907,0.1993,0,0,0,0
227.940,0.1993,0,0,0,0
227.973,0.1993,0,0,0,0
228.007,0.1993,0,0,0,0
228.038,0.1993,0,0,0,0
228.070,0.1993,0,0,0,0
228.107,0.1993,0,0,0,0
228.138,0.1993,0,0,0,0
228.172,0.1993,0,0,0,0
228.204,0.1993,0,0,0,0
228.242,0.1993,0,0,0,0
228.274,0.1993,0,0,0,0
228.305,0.1993,0,0,0,0
228.337,0.1993,0,0,0,0
228.370,0.1993,0,0,0,0
228.407,0.1993,0,0,0,0
228.439,0.1993,0,0,0,0
228.473,0.1993,0,0,0,0
228.506,0.1993,0,0,0,0
228.541,0.1993,0,0,0,0
228.574,0.1993,0,0,0,0
228.606,0.1993,0,0,0,0
228.641,0.1993,0,0,0,0
228.672,0.1993,0,0,0,0
228.705,0.1993,0,0,0,0
228.740,0.1993,0,0,0,0
228.773,0.1993,0,0,0,0
228.804,0.1993,0,0,0,0
228.836,0.1993,0,0,0,0
228.873,0.1993,0,0,0,0
228.907,0.1993,0,0,0,0
228.939,0.1993,0,0,0,0
228.972,0.1993,0,0,0,0
229.006,0.1993,0,0,0,0
229.039,0.1993,0,0,0,0
229.073,0.1993,0,0,0,0
229.105,0.1993,0,0,0,0
229.138,0.1993,0,0,0,0
229.170,0.1993,0,0,0,0
229.205,0.1993,0,0,0,0
229.237,0.1993,0,0,0,0
229.272,0.1993,0,0,0,0
229.305,0.1993,0,0,0,0
229.339,0.1993,0,0,0,0
229.373,0.1993,0,0,0,0
229.405,0.1993,0,0,0,0
229.437,0.1993,0,0,0,0
229.473,0.1993,0,0,0,0
229.507,0.1993,0,0,0,0
229.539,0.1993,0,0,0,0
229.572,0.1993,0,0,0,0
229.603,0.1993,0,0,0,0
229.639,0.1993,0,0,0,0
229.671,0.1993,0,0,0,0
229.706,0.1993,0,0,0,0
229.739,0.1993,0,0,0,0
229.772,0.1993,0,0,0,0
229.804,0.1993,0,0,0,0
229.837,0.1993,0,0,0,0
229.873,0.1993,0,0,0,0
229.907,0.1993,0,0,0,0
229.939,0.1993,0,0,0,0
229.972,0.1993,0,0,0,0
230.007,0.1993,0,0,0,0
230.041,0.1993,0,0,0,0
230.072,0.1993,0,0,0,0
230.104,0.1993,0,0,0,0
230.137,0.1993,0,0,0,0
230.172,0.1993,0,0,0,0
230.206,0.1993,0,0,0,0
230.241,0.1993,0,0,0,0
230.274,0.1993,0,0,0,0
230.308,0.1993,0,0,0,0
230.339,0.1993,0,0,0,0
230.371,0.1993,0,0,0,0
230.404,0.1993,0,0,0,0
230.436,0.1993,0,0,0,0
230.472,0.1993,0,0,0,0
230.504,0.1993,0,0,0,0
230.537,0.1993,0,0,0,0
230.570,0.1993,0,0,0,0
230.604,0.1993,0,0,0,0
230.638,0.1993,0,0,0,0
230.670,0.1993,0,0,0,0
230.704,0.1993,0,0,0,0
230.741,0.1994,0,0,0,0
230.773,0.1994,0,0,0,0
230.808,0.1994,0,0,0,0
230.837,0.1994,0,0,0,0
230.872,0.1994,0,0,0,0
230.905,0.1994,0,0,0,0
230.941,0.1994,0,0,0,0
230.968,0.1994,0,0,0,0
231.006,0.1994,0,0,0,0
231.039,0.1994,0,0,0,0
231.072,0.1994,0,0,0,0
231.105,0.1994,0,0,0,0
231.139,0.1994,0,0,0,0
231.173,0.1994,0,0,0,0
231.202,0.1994,0,0,0,0
231.240,0.1994,0,0,0,0
231.274,0.1994,0,0,0,0
231.308,0.1994,0,0,0,0
231.336,0.1994,0,0,0,0
231.373,0.1994,0,0,0,0
231.406,0.1994,0,0,0,0
231.439,0.1994,0,0,0,0
231.474,0.1994,0,0,0,0
231.503,0.1994,0,0,0,0
231.540,0.1994,0,0,0,0
231.570,0.1994,0,0,0,0
231.605,0.1994,0,0,0,0
231.637,0.1994,0,0,0,0
231.671,0.1994,0,0,0,0
231.707,0.1994,0,0,0,0
231.740,0.1994,0,0,0,0
231.772,0.1994,0,0,0,0
231.804,0.1994,0,0,0,0
231.838,0.1994,0,0,0,0
231.873,0.1994,0,0,0,0
231.905,0.1994,0,0,0,0
231.936,0.1994,0,0,0,0
231.975,0.1994,0,0,0,0
232.004,0.1994,0,0,0,0
232.039,0.1994,0,0,0,0
232.072,0.1994,0,0,0,0
232.103,0.1994,0,0,0,0
232.139,0.1994,0,0,0,0
232.171,0.1994,0,0,0,0
232.203,0.1994,0,0,0,0
232.239,0.1994,0,0,0,0
232.270,0.1994,0,0,0,0
232.306,0.1994,0,0,0,0
232.340,0.1994,0,0,0,0
232.374,0.1994,0,0,0,0
232.407,0.1994,0,0,0,0
232.439,0.1994,0,0,0,0
232.470,0.1994,0,0,0,0
232.505,0.1994,0,0,0,0
232.538,0.1994,0,0,0,0
232.573,0.1994,0,0,0,0
232.603,0.1994,0,0,0,0
232.639,0.1994,0,0,0,0
232.672,0.1994,0,0,0,0
232.705,0.1994,0,0,0,0
232.739,0.1994,0,0,0,0
232.774,0.1994,0,0,0,0
232.806,0.1994,0,0,0,0
232.838,0.1994,0,0,0,0
232.873,0.1994,0,0,0,0
232.905,0.1994,0,0,0,0
232.940,0.1994,0,0,0,0
232.973,0.1994,0,0,0,0
233.005,0.1994,0,0,0,0
233.040,0.1994,0,0,0,0
233.071,0.1994,0,0,0,0
233.106,0.1994,0,0,0,0
233.139,0.1994,0,0,0,0
233.171,0.1994,0,0,0,0
233.204,0.1994,0,0,0,0
233.240,0.1994,0,0,0,0
233.271,0.1994,0,0,0,0
233.307,0.1994,0,0,0,0
233.339,0.1994,0,0,0,0
233.374,0.1994,0,0,0,0
233.404,0.1994,0,0,0,0
233.439,0.1994,0,0,0,0
233.472,0.1994,0,0,0,0
233.507,0.1994,0,0,0,0
233.539,0.1994,0,0,0,0
233.573,0.1994,0,0,0,0
233.605,0.1994,0,0,0,0
233.640,0.1994,0,0,0,0
233.674,0.1994,0,0,0,0
233.704,0.1994,0,0,0,0
233.738,0.1994,0,0,0,0
233.772,0.1994,0,0,0,0
233.806,0.1994,0,0,0,0
233.838,0.1994,0,0,0,0
233.873,0.1994,0,0,0,0
233.907,0.1994,0,0,0,0
233.939,0.1994,0,0,0,0
233.970,0.1995,0,0,0,0
234.003,0.1995,0,0,0,0
234.037,0.1995,0,0,0,0
234.072,0.1995,0,0,0,0
234.105,0.1995,0,0,0,0
234.136,0.1995,0,0,0,0
234.171,0.1995,0,0,0,0
234.207,0.1995,0,0,0,0
234.240,0.1995,0,0,0,0
234.272,0.1995,0,0,0,0
234.304,0.1995,0,0,0,0
234.339,0.1995,0,0,0,0
234.371,0.1995,0,0,0,0
234.407,0.1995,0,0,0,0
234.440,0.1995,0,0,0,0
234.471,0.1995,0,0,0,0
234.507,0.1995,0,0,0,0
234.541,0.1995,0,0,0,0
234.572,0.1995,0,0,0,0
234.603,0.1995,0,0,0,0
234.638,0.1995,0,0,0,0
234.670,0.1995,0,0,0,0
234.706,0.1995,0,0,0,0
234.738,0.1995,0,0,0,0
234.769,0.1995,0,0,0,0
234.806,0.1995,0,0,0,0
234.838,0.1995,0,0,0,0
234.871,0.1995,0,0,0,0
234.904,0.1995,0,0,0,0
234.938,0.1995,0,0,0,0
234.974,0.1995,0,0,0,0
235.007,0.1995,0,0,0,0
235.039,0.1995,0,0,0,0
235.074,0.1995,0,0,0,0
235.108,0.1995,0,0,0,0
235.139,0.1995,0,0,0,0
235.174,0.1995,0,0,0,0
235.208,0.1995,0,0,0,0
235.239,0.1995,0,0,0,0
235.273,0.1995,0,0,0,0
235.305,0.1995,0,0,0,0
235.340,0.1995,0,0,0,0
235.372,0.1995,0,0,0,0
235.404,0.1995,0,0,0,0
235.437,0.1995,0,0,0,0
235.473,0.1995,0,0,0,0
235.506,0.1995,0,0,0,0
235.539,0.1995,0,0,0,0
235.571,0.1995,0,0,0,0
235.603,0.1995,0,0,0,0
235.637,0.1995,0,0,0,0
235.670,0.1995,0,0,0,0
235.706,0.1995,0,0,0,0
235.739,0.1995,0,0,0,0
235.772,0.1995,0,0,0,0
235.805,0.1995,0,0,0,0
235.840,0.1995,0,0,0,0
235.873,0.1995,0,0,0,0
235.905,0.1995,0,0,0,0
235.937,0.1995,0,0,0,0
235.971,0.1995,0,0,0,0
235.994,0.1995,0,0,0,0
236.038,0.1995,0,0,0,0
236.074,0.1995,0,0,0,0
236.105,0.1995,0,0,0,0
236.138,0.1995,0,0,0,0
236.173,0.1995,0,0,0,0
236.204,0.1995,0,0,0,0
236.240,0.1995,0,0,0,0
236.271,0.1995,0,0,0,0
236.305,0.1995,0,0,0,0
236.339,0.1995,0,0,0,0
236.372,0.1995,0,0,0,0
236.407,0.1995,0,0,0,0
236.437,0.1995,0,0,0,0
236.469,0.1995,0,0,0,0
236.505,0.1995,0,0,0,0
236.538,0.1995,0,0,0,0
236.571,0.1995,0,0,0,0
236.607,0.1995,0,0,0,0
236.640,0.1995,0,0,0,0
236.672,0.1995,0,0,0,0
236.705,0.1995,0,0,0,0
236.736,0.1995,0,0,0,0
236.773,0.1995,0,0,0,0
236.807,0.1995,0,0,0,0
236.841,0.1995,0,0,0,0
236.870,0.1995,0,0,0,0
236.933,0.1995,0,0,0,0
236.963,0.1995,0,0,0,0
236.994,0.1995,0,0,0,0
237.029,0.1995,0,0,0,0
237.060,0.1995,0,0,0,0
237.092,0.1995,0,0,0,0
237.125,0.1995,0,0,0,0
237.163,0.1995,0,0,0,0
237.193,0.1995,0,0,0,0
237.229,0.1995,0,0,0,0
237.258,0.1995,0,0,0,0
237.296,0.1995,0,0,0,0
237.328,0.1995,0,0,0,0
237.359,0.1995,0,0,0,0
237.394,0.1995,0,0,0,0
237.428,0.1995,0,0,0,0
237.462,0.1995,0,0,0,0
237.494,0.1995,0,0,0,0
237.529,0.1996,0,0,0,0
237.559,0.1996,0,0,0,0
237.593,0.1996,0,0,0,0
237.627,0.1996,0,0,0,0
237.659,0.1996,0,0,0,0
237.697,0.1996,0,0,0,0
237.727,0.1996,0,0,0,0
237.761,0.1996,0,0,0,0
237.793,0.1996,0,0,0,0
237.827,0.1996,0,0,0,0
237.861,0.1996,0,0,0,0
237.895,0.1996,0,0,0,0
237.927,0.1996,0,0,0,0
237.962,0.1996,0,0,0,0
237.992,0.1996,0,0,0,0
238.025,0.1996,0,0,0,0
238.062,0.1996,0,0,0,0
238.093,0.1996,0,0,0,0
238.127,0.1996,0,0,0,0
238.162,0.1996,0,0,0,0
238.196,0.1996,0,0,0,0
238.226,0.1996,0,0,0,0
238.261,0.1996,0,0,0,0
238.293,0.1996,0,0,0,0
238.326,0.1996,0,0,0,0
238.359,0.1996,0,0,0,0
238.395,0.1996,0,0,0,0
238.429,0.1996,0,0,0,0
238.459,0.1996,0,0,0,0
238.496,0.1996,0,0,0,0
238.528,0.1996,0,0,0,0
238.561,0.1996,0,0,0,0
238.592,0.1996,0,0,0,0
238.625,0.1996,0,0,0,0
238.662,0.1996,0,0,0,0
238.693,0.1996,0,0,0,0
238.727,0.1996,0,0,0,0
238.761,0.1997,0,0,0,0
238.795,0.2008,0,0,0,0
238.825,0.2017,0,0,0,0
238.861,0.2049,0,7,7,0
238.894,0.2095,0,7,7,0
238.927,0.2153,0,7,7,0
238.961,0.2185,0,7,7,0
238.996,0.2257,0,7,7,0
239.028,0.2336,0,7,7,0
239.059,0.2376,0,7,7,0
239.096,0.2445,0,7,7,0
239.129,0.2514,0,7,7,0
239.163,0.2538,0,7,7,0
239.193,0.2602,0,7,7,0
239.225,0.2622,0,7,7,0
239.259,0.2699,0,7,7,0
239.295,0.2768,0,7,7,0
239.327,0.2825,0,7,7,0
239.361,0.2849,0,7,7,0
239.397,0.2888,0,7,7,0
239.419,0.2902,0,7,7,0
239.463,0.2924,0,7,7,0
239.496,0.2936,0,7,7,0
239.523,0.2940,0,7,7,0
239.561,0.2942,0,7,7,0
239.593,0.2939,0,7,7,0
239.627,0.2933,0,7,7,0
239.659,0.2930,0,7,7,0
239.696,0.2922,0,7,7,0
239.722,0.2918,0,7,7,0
239.759,0.2910,0,7,7,0
239.793,0.2903,0,7,7,0
239.835,0.2905,0,7,7,0
239.864,0.2902,0,7,7,0
239.904,0.2897,0,7,7,0
239.922,0.2895,0,7,7,0
239.956,0.2892,0,7,7,0
239.993,0.2890,0,7,7,0
240.029,0.2888,0,7,7,0
240.059,0.2888,0,7,7,0
240.093,0.2887,0,7,7,0
240.126,0.2887,0,7,7,0
240.153,0.2887,0,7,7,0
240.195,0.2888,0,7,7,0
240.228,0.2888,0,7,7,0
240.256,0.2888,0,7,7,0
240.293,0.2889,0,7,7,0
240.326,0.2889,0,7,7,0
240.368,0.2889,0,7,7,0
240.393,0.2890,0,7,7,0
240.428,0.2890,0,7,7,0
240.463,0.2890,0,0,0,0
240.490,0.2890,0,0,0,0
240.535,0.2894,0,0,0,0
240.561,0.2898,0,0,0,0
240.592,0.2915,0,7,7,0
240.626,0.2942,0,7,7,0
240.662,0.2959,0,7,7,0
240.697,0.3003,0,7,7,0
240.729,0.3057,0,7,7,0
240.762,0.3086,0,7,7,0
240.807,0.3187,0,7,7,0
240.829,0.3223,0,7,7,0
240.859,0.3259,0,7,7,0
240.894,0.3334,0,7,7,0
240.928,0.3410,0,7,7,0
240.953,0.3445,0,7,7,0
240.996,0.3503,0,7,7,0
241.021,0.3528,0,7,7,0
241.060,0.3577,0,7,7,0
241.095,0.3623,0,7,7,0
241.131,0.3663,0,7,7,0
241.159,0.3671,0,7,7,0
241.198,0.3752,0,7,7,0
241.219,0.3815,0,7,7,0
241.258,0.3935,0,7,7,0
241.294,0.4052,0,7,7,0
241.325,0.4125,0,7,7,0
241.361,0.4241,0,7,7,0
241.393,0.4350,1,6,6,1
241.426,0.4450,1,6,6,1
241.461,0.4503,1,6,6,1
241.491,0.4567,1,6,6,1
241.527,0.4621,1,6,6,1
241.572,0.4668,1,6,6,1
241.601,0.4687,1,6,6,1
241.625,0.4705,1,6,6,1
241.658,0.4736,1,6,6,1
241.682,0.4748,1,6,6,1
241.727,0.4777,1,6,6,1
241.772,0.4789,1,6,6,1
241.791,0.4794,1,6,6,1
241.827,0.4802,1,6,6,1
241.860,0.4804,1,6,6,1
241.897,0.4808,1,6,6,1
241.926,0.4810,1,6,6,1
241.961,0.4810,1,6,6,1
241.995,0.4810,1,6,6,1
242.022,0.4808,1,6,6,1
242.058,0.4796,1,6,6,1
242.104,0.4768,1,6,6,1
242.124,0.4751,1,6,6,1
242.161,0.4676,1,6,6,1
242.193,0.4548,1,6,6,1
242.229,0.4446,1,6,6,1
242.269,0.4366,1,6,6,1
242.287,0.4324,1,6,6,1
242.332,0.4226,0,7,7,0
242.360,0.4170,0,7,7,0
242.394,0.4072,0,7,7,0
242.439,0.3963,0,7,7,0
242.462,0.3907,0,7,7,0
242.495,0.3871,0,7,7,0
242.526,0.3864,0,7,7,0
242.556,0.3820,0,7,7,0
242.583,0.3804,0,7,7,0
242.629,0.3727,0,7,7,0
242.666,0.3677,0,7,7,0
242.688,0.3654,0,7,7,0
242.727,0.3605,0,7,7,0
242.758,0.3588,0,7,7,0
242.784,0.3567,0,7,7,0
242.827,0.3450,0,7,7,0
242.863,0.3413,0,7,7,0
242.890,0.3344,0,7,7,0
242.928,0.3283,0,7,7,0
242.961,0.3257,0,7,7,0
242.988,0.3211,0,7,7,0
243.028,0.3175,0,7,7,0
243.061,0.3160,0,7,7,0
243.104,0.3138,0,7,7,0
243.133,0.3123,0,7,7,0
243.159,0.3118,0,7,7,0
243.193,0.3112,0,7,7,0
243.229,0.3111,0,7,7,0
243.252,0.3111,0,7,7,0
243.293,0.3113,0,7,7,0
243.330,0.3117,0,7,7,0
243.355,0.3119,0,7,7,0
243.396,0.3123,0,7,7,0
243.432,0.3127,0,7,7,0
243.458,0.3129,0,7,7,0
243.493,0.3132,0,7,7,0
243.526,0.3135,0,7,7,0
243.566,0.3135,0,7,7,0
243.592,0.3136,0,7,7,0
243.627,0.3137,0,7,7,0
243.663,0.3137,0,7,7,0
243.690,0.3136,0,7,7,0
243.728,0.3135,0,7,7,0
243.761,0.3134,0,7,7,0
243.788,0.3133,0,7,7,0
243.828,0.3131,0,7,7,0
243.858,0.3131,0,7,7,0
243.897,0.3129,0,7,7,0
243.919,0.3128,0,7,7,0
243.962,0.3126,0,7,7,0
244.000,0.3125,0,7,7,0
244.022,0.3124,0,7,7,0
244.064,0.3122,0,7,7,0
244.084,0.3122,0,7,7,0
244.120,0.3131,0,0,0,0
244.169,0.3170,0,7,7,0
244.218,0.3214,0,7,7,0
244.235,0.3230,0,7,7,0
244.276,0.3265,0,7,7,0
244.309,0.3276,0,7,7,0
244.343,0.3276,0,7,7,0
244.379,0.3275,0,7,7,0
244.411,0.3274,0,7,7,0
244.446,0.3273,0,7,7,0
244.475,0.3273,0,7,7,0
244.511,0.3272,0,7,7,0
244.553,0.3271,0,7,7,0
244.578,0.3271,0,7,7,0
244.611,0.3270,0,7,7,0
244.656,0.3266,0,7,7,0
244.678,0.3262,0,7,7,0
244.710,0.3246,0,7,7,0
244.744,0.3234,0,7,7,0
244.774,0.3201,0,7,7,0
244.810,0.3157,0,7,7,0
244.843,0.3132,0,7,7,0
244.870,0.3073,0,7,7,0
244.912,0.3007,0,7,7,0
244.942,0.2972,0,7,7,0
244.981,0.2896,0,7,7,0
245.004,0.2857,0,7,7,0
245.042,0.2782,0,7,7,0
245.079,0.2711,0,7,7,0
245.101,0.2679,0,7,7,0
245.143,0.2623,0,7,7,0
245.184,0.2578,0,7,7,0
245.204,0.2560,0,7,7,0
245.242,0.2535,0,7,7,0
245.278,0.2525,0,7,7,0
245.302,0.2528,0,7,7,0
245.345,0.2551,0,7,7,0
245.376,0.2592,0,7,7,0
245.408,0.2654,0,7,7,0
245.444,0.2695,0,7,7,0
245.476,0.2776,0,7,7,0
245.523,0.2869,0,7,7,0
245.550,0.2960,0,7,7,0
245.569,0.3007,0,7,7,0
245.620,0.3092,0,7,7,0
245.640,0.3128,0,7,7,0
245.676,0.3188,0,7,7,0
245.710,0.3231,0,7,7,0
245.743,0.3235,0,7,7,0
245.778,0.3248,0,7,7,0
245.808,0.3250,0,7,7,0
245.843,0.3218,0,7,7,0
245.869,0.3203,0,7,7,0
245.907,0.3157,0,7,7,0
245.951,0.3085,0,7,7,0
245.971,0.3051,0,7,7,0
246.009,0.3062,0,7,7,0
246.050,0.3071,0,7,7,0
246.071,0.3075,0,7,7,0
246.110,0.3081,0,7,7,0
246.141,0.3084,0,7,7,0
246.173,0.3089,0,7,7,0
246.200,0.3090,0,7,7,0
246.242,0.3089,0,7,7,0
246.282,0.3082,0,7,7,0
246.302,0.3074,0,7,7,0
246.343,0.3051,0,7,7,0
246.386,0.2999,0,7,7,0
246.406,0.2977,0,7,7,0
246.442,0.2953,0,7,7,0
246.478,0.2898,0,7,7,0
246.513,0.2836,0,7,7,0
246.538,0.2803,0,7,7,0
246.575,0.2732,0,7,7,0
246.624,0.2658,0,7,7,0
246.651,0.2580,0,7,7,0
246.678,0.2540,0,7,7,0
246.710,0.2458,0,7,7,0
246.743,0.2417,0,7,7,0
246.777,0.2334,0,7,7,0
246.810,0.2250,0,7,7,0
246.836,0.2208,0,7,7,0
246.876,0.2133,0,7,7,0
246.909,0.2053,0,7,7,0
246.948,0.1982,0,7,7,0
246.976,0.1951,0,7,7,0
247.000,0.1923,0,7,7,0
247.049,0.1859,0,7,7,0
247.070,0.1845,0,7,7,0
247.109,0.1825,0,7,7,0
247.142,0.1819,0,7,7,0
247.173,0.1815,0,7,7,0
247.210,0.1817,0,7,7,0
247.247,0.1825,0,7,7,0
247.273,0.1829,0,7,7,0
247.313,0.1840,0,7,7,0
247.344,0.1845,0,7,7,0
247.373,0.1856,0,7,7,0
247.409,0.1865,0,7,7,0
247.443,0.1869,0,7,7,0
247.485,0.1875,0,7,7,0
247.508,0.1879,0,7,7,0
247.543,0.1881,0,7,7,0
247.586,0.1882,0,7,7,0
247.611,0.1883,0,7,7,0
247.636,0.1883,0,7,7,0
247.686,0.1882,0,7,7,0
247.708,0.1881,0,7,7,0
247.742,0.1881,0,7,7,0
247.778,0.1879,0,7,7,0
247.801,0.1879,0,7,7,0
247.845,0.1877,0,7,7,0
247.880,0.1876,0,7,7,0
247.906,0.1876,0,7,7,0
247.943,0.1875,0,7,7,0
247.976,0.1875,0,7,7,0
248.009,0.1875,0,7,7,0
248.043,0.1875,0,7,7,0
248.078,0.1875,0,7,7,0
248.112,0.1875,0,0,0,0
248.143,0.1875,0,0,0,0
248.177,0.1876,0,0,0,0
248.210,0.1876,0,0,0,0
248.247,0.1876,0,0,0,0
248.277,0.1876,0,0,0,0
248.311,0.1876,0,0,0,0
248.344,0.1876,0,0,0,0
248.377,0.1877,0,0,0,0
248.412,0.1877,0,0,0,0
248.439,0.1877,0,0,0,0
248.477,0.1877,0,0,0,0
248.513,0.1877,0,0,0,0
248.545,0.1877,0,0,0,0
248.575,0.1877,0,0,0,0
248.609,0.1877,0,0,0,0
248.642,0.1877,0,0,0,0
248.677,0.1877,0,0,0,0
248.708,0.1877,0,0,0,0
248.742,0.1877,0,0,0,0
248.779,0.1877,0,0,0,0
248.810,0.1877,0,0,0,0
248.853,0.1877,0,0,0,0
248.872,0.1877,0,0,0,0
248.911,0.1877,0,0,0,0
248.943,0.1877,0,0,0,0
248.976,0.1877,0,0,0,0
249.007,0.1877,0,0,0,0
249.048,0.1877,0,0,0,0
249.078,0.1877,0,0,0,0
249.108,0.1877,0,0,0,0
249.155,0.1877,0,0,0,0
249.196,0.1877,0,0,0,0
249.215,0.1877,0,0,0,0
249.253,0.1877,0,0,0,0
249.288,0.1877,0,0,0,0
249.323,0.1877,0,0,0,0
249.398,0.1877,0,0,0,0
249.419,0.1877,0,0,0,0
249.451,0.1877,0,0,0,0
249.485,0.1877,0,0,0,0
249.518,0.1877,0,0,0,0
249.550,0.1877,0,0,0,0
249.582,0.1877,0,0,0,0
249.618,0.1877,0,0,0,0
249.651,0.1877,0,0,0,0
249.684,0.1877,0,0,0,0
249.719,0.1877,0,0,0,0
249.751,0.1877,0,0,0,0
249.782,0.1877,0,0,0,0
249.818,0.1877,0,0,0,0
249.853,0.1877,0,0,0,0
249.885,0.1877,0,0,0,0
249.917,0.1877,0,0,0,0
249.951,0.1877,0,0,0,0
249.981,0.1877,0,0,0,0
250.018,0.1877,0,0,0,0
250.054,0.1877,0,0,0,0
250.082,0.1877,0,0,0,0
250.115,0.1877,0,0,0,0
250.151,0.1877,0,0,0,0
250.182,0.1877,0,0,0,0
250.218,0.1877,0,0,0,0
250.248,0.1877,0,0,0,0
250.284,0.1877,0,0,0,0
250.315,0.1877,0,0,0,0
250.350,0.1877,0,0,0,0
250.385,0.1877,0,0,0,0
250.416,0.1877,0,0,0,0
250.449,0.1877,0,0,0,0
250.484,0.1877,0,0,0,0
250.516,0.1877,0,0,0,0
250.550,0.1877,0,0,0,0
250.585,0.1877,0,0,0,0
250.618,0.1877,0,0,0,0
250.650,0.1877,0,0,0,0
250.682,0.1877,0,0,0,0
250.714,0.1877,0,0,0,0
250.750,0.1877,0,0,0,0
250.786,0.1877,0,0,0,0
250.815,0.1877,0,0,0,0
250.850,0.1877,0,0,0,0
250.885,0.1877,0,0,0,0
250.915,0.1877,0,0,0,0
250.952,0.1877,0,0,0,0
250.983,0.1877,0,0,0,0
251.018,0.1877,0,0,0,0
251.049,0.1877,0,0,0,0
251.085,0.1877,0,0,0,0
251.117,0.1877,0,0,0,0
251.151,0.1877,0,0,0,0
251.182,0.1877,0,0,0,0
251.218,0.1877,0,0,0,0
251.250,0.1885,0,0,0,0
251.284,0.1910,0,7,7,0
251.315,0.1934,0,7,7,0
251.349,0.1963,0,7,7,0
251.384,0.1992,0,7,7,0
251.416,0.2016,0,7,7,0
251.449,0.2037,0,7,7,0
251.485,0.2047,0,7,7,0
251.518,0.2049,0,7,7,0
251.549,0.2049,0,7,7,0
251.581,0.2049,0,7,7,0
251.617,0.2049,0,7,7,0
251.652,0.2049,0,7,7,0
251.686,0.2049,0,7,7,0
251.715,0.2049,0,7,7,0
251.749,0.2049,0,7,7,0
251.789,0.2049,0,7,7,0
251.815,0.2049,0,7,7,0
251.851,0.2049,0,7,7,0
251.884,0.2049,0,7,7,0
251.918,0.2049,0,7,7,0
251.951,0.2049,0,7,7,0
251.982,0.2061,0,7,7,0
252.018,0.2078,0,7,7,0
252.049,0.2093,0,7,7,0
252.084,0.2105,0,7,7,0
252.119,0.2112,0,7,7,0
252.150,0.2114,0,7,7,0
252.183,0.2113,0,7,7,0
252.217,0.2112,0,7,7,0
252.249,0.2111,0,7,7,0
252.283,0.2110,0,7,7,0
252.315,0.2110,0,7,7,0
252.350,0.2110,0,7,7,0
252.382,0.2108,0,7,7,0
252.417,0.2106,0,7,7,0
252.449,0.2100,0,7,7,0
252.486,0.2090,0,7,7,0
252.518,0.2077,0,7,7,0
252.551,0.2062,0,7,7,0
252.582,0.2044,0,7,7,0
252.618,0.2019,0,7,7,0
252.650,0.1993,0,7,7,0
252.684,0.1964,0,7,7,0
252.716,0.1959,0,7,7,0
252.751,0.1959,0,7,7,0
252.783,0.1959,0,7,7,0
252.818,0.1959,0,7,7,0
252.852,0.1950,0,7,7,0
252.884,0.1924,0,7,7,0
252.918,0.1892,0,7,7,0
252.952,0.1852,0,7,7,0
252.983,0.1860,0,7,7,0
253.018,0.1899,0,7,7,0
253.049,0.1932,0,7,7,0
253.081,0.1954,0,7,7,0
253.118,0.1965,0,7,7,0
253.152,0.1971,0,7,7,0
253.184,0.1974,0,7,7,0
253.216,0.1968,0,7,7,0
253.251,0.1960,0,7,7,0
253.283,0.1966,0,7,7,0
253.318,0.1985,0,7,7,0
253.352,0.2002,0,7,7,0
253.383,0.2010,0,7,7,0
253.419,0.2008,0,7,7,0
253.451,0.1975,0,7,7,0
253.486,0.1975,0,7,7,0
253.515,0.1984,0,7,7,0
253.547,0.1991,0,7,7,0
253.583,0.1995,0,7,7,0
253.619,0.1987,0,7,7,0
253.650,0.1977,0,7,7,0
253.687,0.1970,0,7,7,0
253.718,0.1968,0,7,7,0
253.748,0.1966,0,7,7,0
253.785,0.1966,0,7,7,0
253.818,0.1966,0,7,7,0
253.851,0.1936,0,7,7,0
253.889,0.1938,0,7,7,0
253.918,0.1939,0,7,7,0
253.950,0.1943,0,7,7,0
253.985,0.1945,0,7,7,0
254.016,0.1950,0,7,7,0
254.050,0.1954,0,7,7,0
254.084,0.1956,0,7,7,0
254.118,0.1960,0,7,7,0
254.149,0.1963,0,7,7,0
254.184,0.1964,0,7,7,0
254.216,0.1967,0,7,7,0
254.248,0.1970,0,7,7,0
254.283,0.1971,0,7,7,0
254.316,0.1973,0,7,7,0
254.348,0.1976,0,7,7,0
254.381,0.1977,0,7,7,0
254.416,0.1980,0,7,7,0
254.449,0.1983,0,7,7,0
254.482,0.1985,0,7,7,0
254.516,0.1988,0,7,7,0
254.551,0.1991,0,7,7,0
254.583,0.1993,0,7,7,0
254.616,0.1997,0,7,7,0
254.648,0.2000,0,7,7,0
254.684,0.2002,0,7,7,0
254.715,0.2005,0,7,7,0
254.751,0.2009,0,7,7,0
254.782,0.2010,0,7,7,0
254.815,0.2013,0,7,7,0
254.850,0.2016,0,7,7,0
254.881,0.2017,0,0,0,0
254.918,0.2020,0,0,0,0
254.950,0.2022,0,0,0,0
254.981,0.2023,0,0,0,0
255.018,0.2025,0,0,0,0
255.051,0.2027,0,0,0,0
255.085,0.2028,0,0,0,0
255.118,0.2030,0,0,0,0
255.150,0.2031,0,0,0,0
255.184,0.2032,0,0,0,0
255.217,0.2033,0,0,0,0
255.249,0.2034,0,0,0,0
255.286,0.2034,0,0,0,0
255.314,0.2035,0,0,0,0
255.346,0.2036,0,0,0,0
255.384,0.2036,0,0,0,0
255.418,0.2037,0,0,0,0
255.446,0.2038,0,0,0,0
255.485,0.2038,0,0,0,0
255.515,0.2038,0,0,0,0
255.551,0.2039,0,0,0,0
255.585,0.2039,0,0,0,0
255.616,0.2039,0,0,0,0
255.649,0.2039,0,0,0,0
255.684,0.2039,0,0,0,0
255.715,0.2039,0,0,0,0
255.750,0.2040,0,0,0,0
255.784,0.2040,0,0,0,0
255.816,0.2040,0,0,0,0
255.849,0.2040,0,0,0,0
255.882,0.2040,0,0,0,0
255.918,0.2040,0,0,0,0
255.948,0.2040,0,0,0,0
255.985,0.2040,0,0,0,0
256.016,0.2040,0,0,0,0
256.051,0.2040,0,0,0,0
256.083,0.2040,0,0,0,0
256.115,0.2039,0,0,0,0
256.148,0.2039,0,0,0,0
256.184,0.2039,0,0,0,0
256.215,0.2039,0,0,0,0
256.250,0.2039,0,0,0,0
256.284,0.2039,0,0,0,0
256.316,0.2039,0,0,0,0
256.352,0.2039,0,0,0,0
256.384,0.2039,0,0,0,0
256.415,0.2038,0,0,0,0
256.447,0.2038,0,0,0,0
256.484,0.2038,0,0,0,0
256.517,0.2038,0,0,0,0
256.550,0.2038,0,0,0,0
256.582,0.2038,0,0,0,0
256.618,0.2038,0,0,0,0
256.648,0.2037,0,0,0,0
256.683,0.2037,0,0,0,0
256.715,0.2037,0,0,0,0
256.748,0.2037,0,0,0,0
256.781,0.2037,0,0,0,0
256.818,0.2037,0,0,0,0
256.851,0.2037,0,0,0,0
256.882,0.2036,0,0,0,0
256.918,0.2036,0,0,0,0
256.950,0.2036,0,0,0,0
256.984,0.2036,0,0,0,0
257.017,0.2036,0,0,0,0
257.050,0.2036,0,0,0,0
257.083,0.2033,0,0,0,0
257.116,0.2029,0,0,0,0
257.152,0.2018,0,0,0,0
257.185,0.2004,0,0,0,0
257.218,0.1990,0,0,0,0
257.248,0.1975,0,0,0,0
257.282,0.1975,0,0,0,0
257.318,0.1975,0,0,0,0
257.348,0.1975,0,0,0,0
257.381,0.1975,0,0,0,0
257.418,0.1974,0,0,0,0
257.449,0.1974,0,0,0,0
257.483,0.1974,0,0,0,0
257.518,0.1974,0,0,0,0
257.550,0.1974,0,0,0,0
257.583,0.1974,0,0,0,0
257.616,0.1967,0,0,0,0
257.651,0.1958,0,0,0,0
257.684,0.1946,0,0,0,0
257.717,0.1932,0,0,0,0
257.750,0.1915,0,7,7,0
257.783,0.1899,0,7,7,0
257.816,0.1897,0,7,7,0
257.851,0.1897,0,7,7,0
257.883,0.1897,0,7,7,0
257.918,0.1897,0,7,7,0
257.949,0.1905,0,7,7,0
257.982,0.1931,0,7,7,0
258.018,0.1958,0,7,7,0
258.050,0.1982,0,7,7,0
258.085,0.2003,0,7,7,0
258.117,0.2011,0,7,7,0
258.150,0.2011,0,7,7,0
258.182,0.2011,0,7,7,0
258.218,0.2011,0,7,7,0
258.249,0.2012,0,7,7,0
258.284,0.2012,0,7,7,0
258.316,0.2012,0,7,7,0
258.350,0.2012,0,7,7,0
258.382,0.2012,0,7,7,0
258.418,0.2012,0,7,7,0
258.451,0.2021,0,7,7,0
258.484,0.2038,0,7,7,0
258.518,0.2055,0,7,7,0
258.549,0.2070,0,7,7,0
258.585,0.2085,0,7,7,0
258.616,0.2085,0,7,7,0
258.650,0.2085,0,7,7,0
258.682,0.2085,0,7,7,0
258.718,0.2085,0,7,7,0
258.751,0.2085,0,7,7,0
258.783,0.2085,0,7,7,0
258.815,0.2085,0,7,7,0
258.850,0.2085,0,7,7,0
258.884,0.2088,0,7,7,0
258.918,0.2092,0,7,7,0
258.950,0.2099,0,7,7,0
258.982,0.2106,0,7,7,0
259.018,0.2112,0,7,7,0
259.049,0.2115,0,7,7,0
259.085,0.2116,0,7,7,0
259.116,0.2116,0,7,7,0
259.150,0.2116,0,7,7,0
259.184,0.2116,0,7,7,0
259.217,0.2116,0,7,7,0
259.249,0.2116,0,7,7,0
259.285,0.2116,0,7,7,0
259.317,0.2116,0,7,7,0
259.352,0.2116,0,7,7,0
259.382,0.2116,0,7,7,0
259.417,0.2116,0,7,7,0
259.449,0.2116,0,7,7,0
259.485,0.2116,0,7,7,0
259.516,0.2116,0,7,7,0
259.551,0.2116,0,0,0,0
259.583,0.2116,0,0,0,0
259.618,0.2116,0,0,0,0
259.651,0.2116,0,0,0,0
259.684,0.2116,0,0,0,0
259.717,0.2116,0,0,0,0
259.749,0.2116,0,0,0,0
259.783,0.2116,0,0,0,0
259.816,0.2115,0,0,0,0
259.850,0.2112,0,0,0,0
259.884,0.2108,0,0,0,0
259.916,0.2103,0,0,0,0
259.950,0.2097,0,0,0,0
259.984,0.2095,0,0,0,0
260.015,0.2095,0,0,0,0
260.050,0.2095,0,0,0,0
260.084,0.2095,0,0,0,0
260.115,0.2095,0,0,0,0
260.150,0.2095,0,0,0,0
260.185,0.2095,0,0,0,0
260.218,0.2095,0,0,0,0
260.251,0.2095,0,0,0,0
260.284,0.2095,0,0,0,0
260.318,0.2095,0,0,0,0
260.348,0.2095,0,0,0,0
260.384,0.2095,0,0,0,0
260.418,0.2095,0,0,0,0
260.451,0.2095,0,0,0,0
260.482,0.2095,0,0,0,0
260.516,0.2095,0,0,0,0
260.550,0.2095,0,0,0,0
260.582,0.2095,0,0,0,0
260.617,0.2095,0,0,0,0
260.651,0.2095,0,0,0,0
260.683,0.2095,0,0,0,0
260.716,0.2095,0,0,0,0
260.751,0.2095,0,0,0,0
260.782,0.2095,0,0,0,0
260.816,0.2095,0,0,0,0
260.851,0.2095,0,0,0,0
260.884,0.2095,0,0,0,0
260.918,0.2095,0,0,0,0
260.950,0.2095,0,0,0,0
260.984,0.2095,0,0,0,0
261.019,0.2095,0,0,0,0
261.051,0.2095,0,0,0,0
261.082,0.2095,0,0,0,0
261.117,0.2095,0,0,0,0
261.151,0.2095,0,0,0,0
261.182,0.2095,0,0,0,0
261.219,0.2095,0,0,0,0
261.252,0.2095,0,0,0,0
261.283,0.2095,0,0,0,0
261.319,0.2095,0,0,0,0
261.350,0.2095,0,0,0,0
261.385,0.2095,0,0,0,0
261.418,0.2095,0,0,0,0
261.449,0.2095,0,0,0,0
261.482,0.2095,0,0,0,0
261.516,0.2095,0,0,0,0
261.550,0.2095,0,0,0,0
261.582,0.2095,0,0,0,0
261.618,0.2095,0,0,0,0
261.649,0.2095,0,0,0,0
261.683,0.2095,0,0,0,0
261.718,0.2095,0,0,0,0
261.751,0.2095,0,0,0,0
261.785,0.2095,0,0,0,0
261.815,0.2095,0,0,0,0
261.850,0.2095,0,0,0,0
261.884,0.2095,0,0,0,0
261.919,0.2095,0,0,0,0
261.948,0.2095,0,0,0,0
261.984,0.2095,0,0,0,0
262.017,0.2095,0,0,0,0
262.050,0.2095,0,0,0,0
262.085,0.2095,0,0,0,0
262.117,0.2095,0,0,0,0
262.148,0.2095,0,0,0,0
262.184,0.2095,0,0,0,0
262.218,0.2095,0,0,0,0
262.251,0.2095,0,0,0,0
262.284,0.2095,0,0,0,0
262.318,0.2095,0,0,0,0
262.350,0.2095,0,0,0,0
262.384,0.2095,0,0,0,0
262.418,0.2095,0,0,0,0
262.451,0.2095,0,0,0,0
262.483,0.2095,0,0,0,0
262.517,0.2095,0,0,0,0
262.550,0.2095,0,0,0,0
262.583,0.2095,0,0,0,0
262.616,0.2095,0,0,0,0
262.651,0.2095,0,0,0,0
262.682,0.2095,0,0,0,0
262.717,0.2095,0,0,0,0
262.752,0.2095,0,0,0,0
262.784,0.2095,0,0,0,0
262.815,0.2095,0,0,0,0
262.850,0.2095,0,0,0,0
262.885,0.2095,0,0,0,0
262.916,0.2095,0,0,0,0
262.950,0.2095,0,0,0,0
262.985,0.2095,0,0,0,0
263.015,0.2095,0,0,0,0
263.048,0.2095,0,0,0,0
263.084,0.2095,0,0,0,0
263.118,0.2095,0,0,0,0
263.149,0.2095,0,0,0,0
263.183,0.2095,0,0,0,0
263.217,0.2095,0,0,0,0
263.252,0.2095,0,0,0,0
263.283,0.2095,0,0,0,0
263.318,0.2095,0,0,0,0
263.351,0.2096,0,0,0,0
263.387,0.2096,0,0,0,0
263.418,0.2096,0,0,0,0
263.449,0.2096,0,0,0,0
263.484,0.2096,0,0,0,0
263.515,0.2096,0,0,0,0
263.551,0.2096,0,0,0,0
263.587,0.2096,0,0,0,0
263.616,0.2096,0,0,0,0
263.649,0.2096,0,0,0,0
263.684,0.2096,0,0,0,0
263.718,0.2096,0,0,0,0
263.750,0.2096,0,0,0,0
263.782,0.2096,0,0,0,0
263.816,0.2096,0,0,0,0
263.851,0.2096,0,0,0,0
263.884,0.2096,0,0,0,0
263.916,0.2096,0,0,0,0
263.951,0.2096,0,0,0,0
263.983,0.2096,0,0,0,0
264.018,0.2096,0,0,0,0
264.049,0.2096,0,0,0,0
264.083,0.2096,0,0,0,0
264.119,0.2096,0,0,0,0
264.151,0.2096,0,0,0,0
264.182,0.2096,0,0,0,0
264.218,0.2096,0,0,0,0
264.251,0.2096,0,0,0,0
264.283,0.2096,0,0,0,0
264.316,0.2096,0,0,0,0
264.351,0.2096,0,0,0,0
264.383,0.2096,0,0,0,0
264.419,0.2096,0,0,0,0
264.450,0.2096,0,0,0,0
264.483,0.2096,0,0,0,0
264.518,0.2096,0,0,0,0
264.549,0.2096,0,0,0,0
264.584,0.2096,0,0,0,0
264.617,0.2096,0,0,0,0
264.652,0.2096,0,0,0,0
264.684,0.2096,0,0,0,0
264.718,0.2096,0,0,0,0
264.748,0.2096,0,0,0,0
264.783,0.2096,0,0,0,0
264.816,0.2096,0,0,0,0
264.848,0.2096,0,0,0,0
264.884,0.2096,0,0,0,0
264.918,0.2096,0,0,0,0
264.950,0.2096,0,0,0,0
264.984,0.2096,0,0,0,0
265.016,0.2096,0,0,0,0
265.050,0.2096,0,0,0,0
265.083,0.2096,0,0,0,0
265.117,0.2096,0,0,0,0
265.151,0.2096,0,0,0,0
265.183,0.2096,0,0,0,0
265.217,0.2096,0,0,0,0
265.251,0.2096,0,0,0,0
265.282,0.2096,0,0,0,0
265.318,0.2096,0,0,0,0
265.351,0.2096,0,0,0,0
265.384,0.2096,0,0,0,0
265.416,0.2096,0,0,0,0
265.449,0.2096,0,0,0,0
265.483,0.2096,0,0,0,0
265.516,0.2096,0,0,0,0
265.549,0.2096,0,0,0,0
265.582,0.2096,0,0,0,0
265.618,0.2096,0,0,0,0
265.649,0.2096,0,0,0,0
265.683,0.2096,0,0,0,0
265.718,0.2096,0,0,0,0
265.750,0.2096,0,0,0,0
265.783,0.2096,0,0,0,0
265.818,0.2096,0,0,0,0
265.849,0.2096,0,0,0,0
265.885,0.2096,0,0,0,0
265.918,0.2096,0,0,0,0
265.952,0.2096,0,0,0,0
265.984,0.2096,0,0,0,0
266.017,0.2096,0,0,0,0
266.052,0.2096,0,0,0,0
266.083,0.2096,0,0,0,0
266.119,0.2096,0,0,0,0
266.150,0.2096,0,0,0,0
266.185,0.2096,0,0,0,0
266.217,0.2096,0,0,0,0
266.251,0.2096,0,0,0,0
266.285,0.2096,0,0,0,0
266.318,0.2096,0,0,0,0
266.351,0.2096,0,0,0,0
266.385,0.2096,0,0,0,0
266.416,0.2096,0,0,0,0
266.451,0.2096,0,0,0,0
266.482,0.2096,0,0,0,0
266.517,0.2096,0,0,0,0
266.552,0.2096,0,0,0,0
266.584,0.2096,0,0,0,0
266.618,0.2096,0,0,0,0
266.649,0.2096,0,0,0,0
266.684,0.2096,0,0,0,0
266.718,0.2096,0,0,0,0
266.752,0.2096,0,0,0,0
266.783,0.2096,0,0,0,0
266.821,0.2096,0,0,0,0
266.850,0.2096,0,0,0,0
266.883,0.2096,0,0,0,0
266.918,0.2096,0,0,0,0
266.948,0.2095,0,0,0,0
266.983,0.2094,0,0,0,0
267.017,0.2092,0,0,0,0
267.050,0.2090,0,0,0,0
267.084,0.2087,0,0,0,0
267.119,0.2083,0,0,0,0
267.151,0.2080,0,0,0,0
267.182,0.2076,0,0,0,0
267.216,0.2072,0,0,0,0
267.251,0.2068,0,0,0,0
267.284,0.2063,0,0,0,0
267.316,0.2059,0,0,0,0
267.351,0.2053,0,0,0,0
267.383,0.2048,0,0,0,0
267.417,0.2043,0,0,0,0
267.450,0.2037,0,0,0,0
267.485,0.2031,0,0,0,0
267.515,0.2026,0,0,0,0
267.551,0.2026,0,0,0,0
267.583,0.2026,0,0,0,0
267.618,0.2026,0,0,0,0
267.650,0.2026,0,0,0,0
267.685,0.2026,0,0,0,0
267.719,0.2026,0,0,0,0
267.750,0.2026,0,0,0,0
267.784,0.2026,0,0,0,0
267.818,0.2026,0,0,0,0
267.851,0.2026,0,0,0,0
267.883,0.2026,0,0,0,0
267.918,0.2026,0,0,0,0
267.950,0.2026,0,0,0,0
267.984,0.2026,0,0,0,0
268.018,0.2026,0,0,0,0
268.052,0.2026,0,0,0,0
268.084,0.2026,0,0,0,0
268.118,0.2026,0,0,0,0
268.149,0.2026,0,0,0,0
268.184,0.2030,0,0,0,0
268.216,0.2044,0,0,0,0
268.250,0.2064,0,7,7,0
268.284,0.2082,0,7,7,0
268.317,0.2095,0,7,7,0
268.349,0.2106,0,7,7,0
268.383,0.2113,0,7,7,0
268.418,0.2117,0,7,7,0
268.449,0.2116,0,7,7,0
268.484,0.2111,0,7,7,0
268.518,0.2107,0,7,7,0
268.550,0.2105,0,7,7,0
268.585,0.2105,0,7,7,0
268.617,0.2105,0,7,7,0
268.651,0.2105,0,7,7,0
268.685,0.2105,0,7,7,0
268.716,0.2105,0,7,7,0
268.751,0.2105,0,7,7,0
268.783,0.2105,0,7,7,0
268.818,0.2105,0,7,7,0
268.851,0.2105,0,7,7,0
268.882,0.2105,0,7,7,0
268.916,0.2105,0,7,7,0
268.950,0.2105,0,7,7,0
268.985,0.2105,0,7,7,0
269.018,0.2105,0,7,7,0
269.050,0.2105,0,7,7,0
269.085,0.2105,0,7,7,0
269.117,0.2107,0,7,7,0
269.148,0.2114,0,7,7,0
269.182,0.2119,0,7,7,0
269.218,0.2141,0,7,7,0
269.251,0.2176,0,7,7,0
269.283,0.2199,0,7,7,0
269.315,0.2256,0,7,7,0
269.351,0.2324,0,7,7,0
269.382,0.2361,0,7,7,0
269.416,0.2442,0,7,7,0
269.450,0.2527,0,7,7,0
269.485,0.2571,0,7,7,0
269.518,0.2660,0,7,7,0
269.551,0.2749,0,7,7,0
269.583,0.2792,0,7,7,0
269.618,0.2880,0,7,7,0
269.650,0.2965,0,7,7,0
269.684,0.3006,0,7,7,0
269.718,0.3088,0,7,7,0
269.751,0.3169,0,7,7,0
269.783,0.3208,0,7,7,0
269.818,0.3284,0,7,7,0
269.850,0.3353,0,7,7,0
269.884,0.3383,0,7,7,0
269.916,0.3436,0,7,7,0
269.950,0.3476,0,7,7,0
269.985,0.3492,0,7,7,0
270.016,0.3516,0,7,7,0
270.048,0.3531,0,7,7,0
270.084,0.3536,0,7,7,0
270.116,0.3540,0,7,7,0
270.151,0.3539,0,7,7,0
270.182,0.3536,0,7,7,0
270.216,0.3522,0,7,7,0
270.248,0.3498,0,7,7,0
270.284,0.3482,0,7,7,0
270.316,0.3441,0,7,7,0
270.350,0.3389,0,7,7,0
270.386,0.3360,0,7,7,0
270.416,0.3295,0,7,7,0
270.452,0.3223,0,7,7,0
270.485,0.3186,0,7,7,0
270.516,0.3113,0,7,7,0
270.548,0.3045,0,7,7,0
270.585,0.3013,0,7,7,0
270.617,0.2956,0,7,7,0
270.651,0.2910,0,7,7,0
270.682,0.2891,0,7,7,0
270.718,0.2859,0,7,7,0
270.751,0.2832,0,7,7,0
270.782,0.2820,0,7,7,0
270.818,0.2792,0,7,7,0
270.849,0.2759,0,7,7,0
270.883,0.2740,0,7,7,0
270.917,0.2697,0,7,7,0
270.952,0.2649,0,7,7,0
270.984,0.2625,0,7,7,0
271.016,0.2579,0,7,7,0
271.052,0.2538,0,7,7,0
271.084,0.2520,0,7,7,0
271.118,0.2489,0,7,7,0
271.151,0.2466,0,7,7,0
271.184,0.2458,0,7,7,0
271.217,0.2445,0,7,7,0
271.251,0.2439,0,7,7,0
271.283,0.2439,0,7,7,0
271.318,0.2446,0,7,7,0
271.348,0.2464,0,7,7,0
271.384,0.2479,0,7,7,0
271.415,0.2520,0,7,7,0
271.449,0.2574,0,7,7,0
271.485,0.2606,0,7,7,0
271.518,0.2678,0,7,7,0
271.551,0.2758,0,7,7,0
271.585,0.2800,0,7,7,0
271.618,0.2886,0,7,7,0
271.649,0.2973,0,7,7,0
271.682,0.3016,0,7,7,0
271.716,0.3100,0,7,7,0
271.750,0.3181,0,7,7,0
271.784,0.3221,0,7,7,0
271.818,0.3295,0,7,7,0
271.848,0.3364,0,7,7,0
271.883,0.3395,0,7,7,0
271.918,0.3449,0,7,7,0
271.951,0.3493,0,7,7,0
271.984,0.3510,0,7,7,0
272.017,0.3538,0,7,7,0
272.052,0.3558,0,7,7,0
272.084,0.3568,0,7,7,0
272.119,0.3588,0,7,7,0
272.149,0.3610,0,7,7,0
272.184,0.3624,0,7,7,0
272.218,0.3654,0,7,7,0
272.251,0.3690,0,7,7,0
272.283,0.3711,0,7,7,0
272.317,0.3757,0,7,7,0
272.351,0.3808,0,7,7,0
272.382,0.3834,0,7,7,0
272.416,0.3887,0,7,7,0
272.450,0.3937,0,7,7,0
272.485,0.3960,0,7,7,0
272.518,0.4000,0,7,7,0
272.548,0.4033,0,7,7,0
272.583,0.4047,0,7,7,0
272.617,0.4069,0,7,7,0
272.651,0.4085,0,7,7,0
272.683,0.4091,0,7,7,0
272.717,0.4101,0,7,7,0
272.750,0.4112,0,7,7,0
272.785,0.4119,0,7,7,0
272.817,0.4140,0,7,7,0
272.850,0.4168,0,7,7,0
272.884,0.4186,0,7,7,0
272.918,0.4229,0,7,7,0
272.949,0.4280,0,7,7,0
272.984,0.4306,0,7,7,0
273.019,0.4359,0,7,7,0
273.051,0.4409,0,7,7,0
273.085,0.4432,0,7,7,0
273.117,0.4474,0,7,7,0
273.148,0.4508,0,7,7,0
273.184,0.4522,0,7,7,0
273.216,0.4546,0,7,7,0
273.251,0.4564,0,7,7,0
273.283,0.4571,0,7,7,0
273.318,0.4581,0,7,7,0
273.351,0.4588,0,7,7,0
273.384,0.4589,0,7,7,0
273.416,0.4591,0,7,7,0
273.451,0.4590,0,7,7,0
273.484,0.4589,0,7,7,0
273.515,0.4586,0,7,7,0
273.549,0.4583,0,7,7,0
273.585,0.4581,0,7,7,0
273.617,0.4577,0,7,7,0
273.652,0.4572,0,7,7,0
273.683,0.4570,0,7,7,0
273.717,0.4567,0,7,7,0
273.751,0.4563,0,7,7,0
273.782,0.4561,0,7,7,0
273.816,0.4558,0,7,7,0
273.852,0.4555,0,7,7,0
273.884,0.4554,0,7,7,0
273.918,0.4552,0,7,7,0
273.949,0.4550,0,7,7,0
273.983,0.4549,0,7,7,0
274.018,0.4548,0,7,7,0
274.051,0.4546,0,7,7,0
274.082,0.4546,0,7,7,0
274.117,0.4544,0,7,7,0
274.151,0.4544,0,7,7,0
274.183,0.4543,0,7,7,0
274.217,0.4542,0,7,7,0
274.250,0.4541,0,7,7,0
274.283,0.4541,0,0,0,0
274.315,0.4540,0,0,0,0
274.351,0.4540,0,0,0,0
274.382,0.4539,0,0,0,0
274.416,0.4539,0,0,0,0
274.450,0.4538,0,0,0,0
274.484,0.4538,0,0,0,0
274.516,0.4537,0,0,0,0
274.550,0.4536,0,0,0,0
274.584,0.4536,0,0,0,0
274.616,0.4535,0,0,0,0
274.650,0.4535,0,0,0,0
274.684,0.4534,0,0,0,0
274.717,0.4534,0,0,0,0
274.750,0.4533,0,0,0,0
274.784,0.4533,0,0,0,0
274.816,0.4532,0,0,0,0
274.851,0.4531,0,0,0,0
274.883,0.4531,0,0,0,0
274.916,0.4531,0,0,0,0
274.951,0.4530,0,0,0,0
274.985,0.4530,0,0,0,0
275.017,0.4529,0,0,0,0
275.051,0.4529,0,0,0,0
275.082,0.4528,0,0,0,0
275.118,0.4528,0,0,0,0
275.149,0.4527,0,0,0,0
275.183,0.4527,0,0,0,0
275.218,0.4527,0,0,0,0
275.251,0.4526,0,0,0,0
275.283,0.4526,0,0,0,0
275.321,0.4525,0,0,0,0
275.350,0.4525,0,0,0,0
275.383,0.4525,0,0,0,0
275.418,0.4524,0,0,0,0
275.450,0.4524,0,0,0,0
275.483,0.4524,0,0,0,0
275.518,0.4523,0,0,0,0
275.548,0.4523,0,0,0,0
275.581,0.4523,0,0,0,0
275.616,0.4522,0,0,0,0
275.651,0.4522,0,0,0,0
275.683,0.4522,0,0,0,0
275.717,0.4521,0,0,0,0
275.751,0.4521,0,0,0,0
275.785,0.4521,0,0,0,0
275.816,0.4520,0,0,0,0
275.852,0.4520,0,0,0,0
275.884,0.4520,0,0,0,0
275.916,0.4519,0,0,0,0
275.951,0.4519,0,0,0,0
275.982,0.4519,0,0,0,0
276.016,0.4519,0,0,0,0
276.051,0.4518,0,0,0,0
276.085,0.4518,0,0,0,0
276.118,0.4518,0,0,0,0
276.149,0.4518,0,0,0,0
276.184,0.4517,0,0,0,0
276.216,0.4517,0,0,0,0
276.250,0.4517,0,0,0,0
276.284,0.4517,0,0,0,0
276.318,0.4516,0,0,0,0
276.350,0.4516,0,0,0,0
276.384,0.4516,0,0,0,0
276.416,0.4516,0,0,0,0
276.450,0.4515,0,0,0,0
276.484,0.4515,0,0,0,0
276.518,0.4515,0,0,0,0
276.549,0.4515,0,0,0,0
276.585,0.4515,0,0,0,0
276.616,0.4514,0,0,0,0
276.650,0.4514,0,0,0,0
276.684,0.4514,0,0,0,0
276.715,0.4514,0,0,0,0
276.748,0.4514,0,0,0,0
276.783,0.4514,0,0,0,0
276.818,0.4513,0,0,0,0
276.852,0.4513,0,0,0,0
276.883,0.4513,0,0,0,0
276.916,0.4513,0,0,0,0
276.951,0.4513,0,0,0,0
276.985,0.4512,0,0,0,0
277.016,0.4512,0,0,0,0
277.051,0.4512,0,0,0,0
277.082,0.4512,0,0,0,0
277.116,0.4512,0,0,0,0
277.149,0.4512,0,0,0,0
277.183,0.4511,0,0,0,0
277.217,0.4511,0,0,0,0
277.251,0.4511,0,0,0,0
277.282,0.4511,0,0,0,0
277.315,0.4511,0,0,0,0
277.350,0.4511,0,0,0,0
277.383,0.4510,0,0,0,0
277.416,0.4510,0,0,0,0
277.450,0.4510,0,0,0,0
277.482,0.4510,0,0,0,0
277.518,0.4510,0,0,0,0
277.550,0.4510,0,0,0,0
277.585,0.4510,0,0,0,0
277.619,0.4509,0,0,0,0
277.652,0.4509,0,0,0,0
277.682,0.4509,0,0,0,0
277.716,0.4509,0,0,0,0
277.751,0.4509,0,0,0,0
277.785,0.4509,0,0,0,0
277.818,0.4509,0,0,0,0
277.851,0.4508,0,0,0,0
277.884,0.4508,0,0,0,0
277.917,0.4508,0,0,0,0
277.950,0.4508,0,0,0,0
277.985,0.4508,0,0,0,0
278.016,0.4508,0,0,0,0
278.051,0.4508,0,0,0,0
278.084,0.4508,0,0,0,0
278.115,0.4508,0,0,0,0
278.149,0.4507,0,0,0,0
278.184,0.4507,0,0,0,0
278.217,0.4507,0,0,0,0
278.249,0.4507,0,0,0,0
278.284,0.4507,0,0,0,0
278.318,0.4507,0,0,0,0
278.350,0.4507,0,0,0,0
278.383,0.4507,0,0,0,0
278.418,0.4507,0,0,0,0
278.449,0.4506,0,0,0,0
278.484,0.4506,0,0,0,0
278.516,0.4506,0,0,0,0
278.546,0.4506,0,0,0,0
278.582,0.4506,0,0,0,0
278.618,0.4506,0,0,0,0
278.652,0.4506,0,0,0,0
278.683,0.4506,0,0,0,0
278.718,0.4506,0,0,0,0
278.751,0.4506,0,0,0,0
278.784,0.4505,0,0,0,0
278.816,0.4505,0,0,0,0
278.849,0.4505,0,0,0,0
278.884,0.4505,0,0,0,0
278.917,0.4505,0,0,0,0
278.950,0.4505,0,0,0,0
278.984,0.4505,0,0,0,0
279.019,0.4505,0,0,0,0
279.049,0.4505,0,0,0,0
279.083,0.4505,0,0,0,0
279.118,0.4505,0,0,0,0
279.150,0.4504,0,0,0,0
279.184,0.4504,0,0,0,0
279.218,0.4504,0,0,0,0
279.251,0.4504,0,0,0,0
279.283,0.4504,0,0,0,0
279.317,0.4504,0,0,0,0
279.350,0.4504,0,0,0,0
279.382,0.4504,0,0,0,0
279.416,0.4504,0,0,0,0
279.451,0.4504,0,0,0,0
279.484,0.4504,0,0,0,0
279.518,0.4504,0,0,0,0
279.549,0.4503,0,0,0,0
279.583,0.4503,0,0,0,0
279.616,0.4503,0,0,0,0
279.651,0.4503,0,0,0,0
279.683,0.4503,0,0,0,0
279.716,0.4503,0,0,0,0
279.750,0.4503,0,0,0,0
279.783,0.4503,0,0,0,0
279.818,0.4503,0,0,0,0
279.851,0.4503,0,0,0,0
279.885,0.4503,0,0,0,0
279.917,0.4503,0,0,0,0
279.950,0.4503,0,0,0,0
279.984,0.4502,0,0,0,0
280.018,0.4502,0,0,0,0
280.051,0.4502,0,0,0,0
280.084,0.4502,0,0,0,0
280.118,0.4502,0,0,0,0
280.149,0.4502,0,0,0,0
280.184,0.4502,0,0,0,0
280.218,0.4502,0,0,0,0
280.251,0.4502,0,0,0,0
280.284,0.4502,0,0,0,0
280.317,0.4502,0,0,0,0
280.351,0.4502,0,0,0,0
280.382,0.4502,0,0,0,0
280.416,0.4502,0,0,0,0
280.450,0.4502,0,0,0,0
280.484,0.4501,0,0,0,0
280.516,0.4501,0,0,0,0
280.550,0.4501,0,0,0,0
280.585,0.4501,0,0,0,0
280.616,0.4501,0,0,0,0
280.650,0.4501,0,0,0,0
280.683,0.4501,0,0,0,0
280.717,0.4501,0,0,0,0
280.751,0.4501,0,0,0,0
280.783,0.4501,0,0,0,0
280.817,0.4501,0,0,0,0
280.851,0.4501,0,0,0,0
280.883,0.4501,0,0,0,0
280.916,0.4501,0,0,0,0
280.950,0.4501,0,0,0,0
280.984,0.4501,0,0,0,0
281.018,0.4500,0,0,0,0
281.052,0.4500,0,0,0,0
281.083,0.4500,0,0,0,0
281.117,0.4500,0,0,0,0
281.150,0.4500,0,0,0,0
281.183,0.4500,0,0,0,0
281.216,0.4500,0,0,0,0
281.248,0.4500,0,0,0,0
281.283,0.4500,0,0,0,0
281.319,0.4500,0,0,0,0
281.350,0.4500,0,0,0,0
281.384,0.4500,0,0,0,0
281.418,0.4500,0,0,0,0
281.451,0.4500,0,0,0,0
281.485,0.4500,0,0,0,0
281.515,0.4500,0,0,0,0
281.549,0.4500,0,0,0,0
281.583,0.4500,0,0,0,0
281.617,0.4499,0,0,0,0
281.650,0.4499,0,0,0,0
281.684,0.4499,0,0,0,0
281.718,0.4499,0,0,0,0
281.751,0.4499,0,0,0,0
281.784,0.4499,0,0,0,0
281.818,0.4499,0,0,0,0
281.851,0.4499,0,0,0,0
281.885,0.4499,0,0,0,0
281.918,0.4499,0,0,0,0
281.951,0.4499,0,0,0,0
281.984,0.4499,0,0,0,0
282.016,0.4499,0,0,0,0
282.051,0.4499,0,0,0,0
282.083,0.4499,0,0,0,0
282.117,0.4499,0,0,0,0
282.152,0.4499,0,0,0,0
282.182,0.4499,0,0,0,0
282.216,0.4499,0,0,0,0
282.250,0.4499,0,0,0,0
282.282,0.4499,0,0,0,0
282.316,0.4498,0,0,0,0
282.351,0.4498,0,0,0,0
282.385,0.4498,0,0,0,0
282.416,0.4498,0,0,0,0
282.450,0.4498,0,0,0,0
282.483,0.4498,0,0,0,0
282.517,0.4498,0,0,0,0
282.550,0.4498,0,0,0,0
282.584,0.4498,0,0,0,0
282.616,0.4498,0,0,0,0
282.649,0.4498,0,0,0,0
282.682,0.4498,0,0,0,0
282.716,0.4498,0,0,0,0
282.751,0.4498,0,0,0,0
282.784,0.4498,0,0,0,0
282.817,0.4498,0,0,0,0
282.848,0.4498,0,0,0,0
282.883,0.4498,0,0,0,0
282.918,0.4498,0,0,0,0
282.953,0.4498,0,0,0,0
282.983,0.4498,0,0,0,0
283.016,0.4498,0,0,0,0
283.052,0.4497,0,0,0,0
283.084,0.4497,0,0,0,0
283.116,0.4497,0,0,0,0
283.149,0.4497,0,0,0,0
283.183,0.4497,0,0,0,0
283.216,0.4497,0,0,0,0
283.250,0.4497,0,0,0,0
283.284,0.4497,0,0,0,0
283.316,0.4497,0,0,0,0
283.351,0.4497,0,0,0,0
283.382,0.4497,0,0,0,0
283.416,0.4497,0,0,0,0
283.450,0.4497,0,0,0,0
283.483,0.4497,0,0,0,0
283.517,0.4497,0,0,0,0
283.550,0.4497,0,0,0,0
283.584,0.4497,0,0,0,0
283.615,0.4497,0,0,0,0
283.650,0.4497,0,0,0,0
283.683,0.4497,0,0,0,0
283.716,0.4497,0,0,0,0
283.750,0.4497,0,0,0,0
283.783,0.4497,0,0,0,0
283.815,0.4497,0,0,0,0
283.850,0.4497,0,0,0,0
283.884,0.4497,0,0,0,0
283.919,0.4496,0,0,0,0
283.949,0.4496,0,0,0,0
283.982,0.4496,0,0,0,0
284.019,0.4496,0,0,0,0
284.049,0.4495,0,0,0,0
284.082,0.4495,0,0,0,0
284.118,0.4490,0,0,0,0
284.149,0.4482,0,0,0,0
284.183,0.4476,0,0,0,0
284.218,0.4461,0,0,0,0
284.250,0.4444,0,7,7,0
284.283,0.4435,0,7,7,0
284.315,0.4417,0,7,7,0
284.350,0.4401,0,7,7,0
284.385,0.4393,0,7,7,0
284.417,0.4379,0,7,7,0
284.452,0.4367,0,7,7,0
284.482,0.4362,0,7,7,0
284.516,0.4354,0,7,7,0
284.549,0.4347,0,7,7,0
284.583,0.4344,0,7,7,0
284.616,0.4340,0,7,7,0
284.649,0.4337,0,7,7,0
284.683,0.4337,0,7,7,0
284.717,0.4335,0,7,7,0
284.752,0.4335,0,7,7,0
284.782,0.4335,0,7,7,0
284.817,0.4336,0,7,7,0
284.851,0.4337,0,7,7,0
284.884,0.4337,0,7,7,0
284.918,0.4338,0,7,7,0
284.951,0.4340,0,7,7,0
284.984,0.4340,0,7,7,0
285.015,0.4341,0,7,7,0
285.049,0.4342,0,7,7,0
285.083,0.4343,0,7,7,0
285.118,0.4344,0,7,7,0
285.150,0.4345,0,7,7,0
285.182,0.4345,0,7,7,0
285.217,0.4345,0,7,7,0
285.250,0.4346,0,7,7,0
285.283,0.4346,0,7,7,0
285.317,0.4347,0,7,7,0
285.350,0.4347,0,7,7,0
285.384,0.4347,0,0,0,0
285.417,0.4347,0,0,0,0
285.452,0.4347,0,0,0,0
285.481,0.4348,0,0,0,0
285.516,0.4348,0,0,0,0
285.551,0.4348,0,0,0,0
285.583,0.4348,0,0,0,0
285.616,0.4348,0,0,0,0
285.651,0.4348,0,0,0,0
285.681,0.4348,0,0,0,0
285.716,0.4348,0,0,0,0
285.750,0.4348,0,0,0,0
285.781,0.4348,0,0,0,0
285.817,0.4349,0,0,0,0
285.848,0.4349,0,0,0,0
285.881,0.4349,0,0,0,0
285.917,0.4349,0,0,0,0
285.951,0.4349,0,0,0,0
285.983,0.4349,0,0,0,0
286.018,0.4349,0,0,0,0
286.049,0.4349,0,0,0,0
286.084,0.4349,0,0,0,0
286.116,0.4349,0,0,0,0
286.149,0.4349,0,0,0,0
286.184,0.4350,0,0,0,0
286.216,0.4350,0,0,0,0
286.251,0.4350,0,0,0,0
286.282,0.4350,0,0,0,0
286.316,0.4350,0,0,0,0
286.348,0.4350,0,0,0,0
286.382,0.4350,0,0,0,0
286.418,0.4350,0,0,0,0
286.448,0.4350,0,0,0,0
286.483,0.4350,0,0,0,0
286.518,0.4350,0,0,0,0
286.551,0.4350,0,0,0,0
286.583,0.4350,0,0,0,0
286.615,0.4351,0,0,0,0
286.651,0.4351,0,0,0,0
286.683,0.4351,0,0,0,0
286.716,0.4351,0,0,0,0
286.748,0.4351,0,0,0,0
286.785,0.4351,0,0,0,0
286.818,0.4351,0,0,0,0
286.850,0.4351,0,0,0,0
286.883,0.4351,0,0,0,0
286.918,0.4351,0,0,0,0
286.950,0.4351,0,0,0,0
286.983,0.4351,0,0,0,0
287.015,0.4351,0,0,0,0
287.048,0.4351,0,0,0,0
287.082,0.4351,0,0,0,0
287.117,0.4351,0,0,0,0
287.151,0.4351,0,0,0,0
287.183,0.4351,0,0,0,0
287.216,0.4351,0,0,0,0
287.250,0.4352,0,0,0,0
287.283,0.4352,0,0,0,0
287.315,0.4352,0,0,0,0
287.350,0.4352,0,0,0,0
287.384,0.4352,0,0,0,0
287.417,0.4352,0,0,0,0
287.451,0.4352,0,0,0,0
287.483,0.4352,0,0,0,0
287.516,0.4352,0,0,0,0
287.550,0.4352,0,0,0,0
287.584,0.4352,0,0,0,0
287.618,0.4352,0,0,0,0
287.650,0.4352,0,0,0,0
287.683,0.4352,0,0,0,0
287.717,0.4352,0,0,0,0
287.749,0.4352,0,0,0,0
287.783,0.4352,0,0,0,0
287.815,0.4352,0,0,0,0
287.850,0.4352,0,0,0,0
287.882,0.4352,0,0,0,0
287.916,0.4352,0,0,0,0
287.950,0.4352,0,0,0,0
287.983,0.4352,0,0,0,0
288.016,0.4352,0,0,0,0
288.049,0.4352,0,0,0,0
288.082,0.4352,0,0,0,0
288.118,0.4352,0,0,0,0
288.148,0.4352,0,0,0,0
288.183,0.4352,0,0,0,0
288.216,0.4352,0,0,0,0
288.250,0.4352,0,0,0,0
288.284,0.4352,0,0,0,0
288.318,0.4352,0,0,0,0
288.349,0.4352,0,0,0,0
288.384,0.4352,0,0,0,0
288.418,0.4352,0,0,0,0
288.451,0.4352,0,0,0,0
288.485,0.4352,0,0,0,0
288.519,0.4353,0,0,0,0
288.552,0.4353,0,0,0,0
288.583,0.4353,0,0,0,0
288.618,0.4353,0,0,0,0
288.649,0.4353,0,0,0,0
288.683,0.4353,0,0,0,0
288.716,0.4353,0,0,0,0
288.750,0.4353,0,0,0,0
288.784,0.4353,0,0,0,0
288.816,0.4353,0,0,0,0
288.851,0.4353,0,0,0,0
288.882,0.4353,0,0,0,0
288.916,0.4353,0,0,0,0
288.949,0.4353,0,0,0,0
288.983,0.4353,0,0,0,0
289.016,0.4353,0,0,0,0
289.049,0.4353,0,0,0,0
289.083,0.4353,0,0,0,0
289.118,0.4353,0,0,0,0
289.149,0.4353,0,0,0,0
289.184,0.4353,0,0,0,0
289.218,0.4353,0,0,0,0
289.251,0.4353,0,0,0,0
289.286,0.4353,0,0,0,0
289.315,0.4353,0,0,0,0
289.352,0.4353,0,0,0,0
289.383,0.4353,0,0,0,0
289.418,0.4353,0,0,0,0
289.451,0.4353,0,0,0,0
289.482,0.4353,0,0,0,0
289.516,0.4353,0,0,0,0
289.549,0.4353,0,0,0,0
289.582,0.4353,0,0,0,0
289.619,0.4353,0,0,0,0
289.650,0.4353,0,0,0,0
289.685,0.4353,0,0,0,0
289.716,0.4353,0,0,0,0
289.751,0.4353,0,0,0,0
289.783,0.4353,0,0,0,0
289.818,0.4353,0,0,0,0
289.851,0.4353,0,0,0,0
289.882,0.4353,0,0,0,0
289.917,0.4353,0,0,0,0
289.951,0.4353,0,0,0,0
289.987,0.4353,0,0,0,0
290.018,0.4353,0,0,0,0
290.051,0.4353,0,0,0,0
290.083,0.4353,0,0,0,0
290.118,0.4353,0,0,0,0
290.150,0.4353,0,0,0,0
290.183,0.4353,0,0,0,0
290.218,0.4353,0,0,0,0
290.251,0.4353,0,0,0,0
290.284,0.4353,0,0,0,0
290.318,0.4353,0,0,0,0
290.350,0.4353,0,0,0,0
290.386,0.4353,0,0,0,0
290.417,0.4353,0,0,0,0
290.452,0.4353,0,0,0,0
290.482,0.4353,0,0,0,0
290.519,0.4353,0,0,0,0
290.551,0.4353,0,0,0,0
290.582,0.4353,0,0,0,0
290.618,0.4353,0,0,0,0
290.651,0.4353,0,0,0,0
290.684,0.4353,0,0,0,0
290.716,0.4353,0,0,0,0
290.749,0.4353,0,0,0,0
290.782,0.4353,0,0,0,0
290.815,0.4353,0,0,0,0
290.850,0.4353,0,0,0,0
290.884,0.4353,0,0,0,0
290.918,0.4353,0,0,0,0
290.950,0.4353,0,0,0,0
290.985,0.4353,0,0,0,0
291.015,0.4353,0,0,0,0
291.050,0.4353,0,0,0,0
291.085,0.4353,0,0,0,0
291.117,0.4353,0,0,0,0
291.151,0.4353,0,0,0,0
291.184,0.4353,0,0,0,0
291.218,0.4353,0,0,0,0
291.249,0.4353,0,0,0,0
291.283,0.4353,0,0,0,0
291.317,0.4353,0,0,0,0
291.349,0.4353,0,0,0,0
291.384,0.4353,0,0,0,0
291.418,0.4353,0,0,0,0
291.452,0.4353,0,0,0,0
291.482,0.4353,0,0,0,0
291.515,0.4353,0,0,0,0
291.552,0.4353,0,0,0,0
291.583,0.4353,0,0,0,0
291.619,0.4353,0,0,0,0
291.649,0.4353,0,0,0,0
291.684,0.4353,0,0,0,0
291.718,0.4353,0,0,0,0
291.751,0.4353,0,0,0,0
291.784,0.4353,0,0,0,0
291.817,0.4353,0,0,0,0
291.850,0.4353,0,0,0,0
291.881,0.4353,0,0,0,0
291.918,0.4353,0,0,0,0
291.949,0.4353,0,0,0,0
291.983,0.4353,0,0,0,0
292.016,0.4353,0,0,0,0
292.049,0.4353,0,0,0,0
292.084,0.4353,0,0,0,0
292.119,0.4353,0,0,0,0
292.150,0.4353,0,0,0,0
292.185,0.4353,0,0,0,0
292.217,0.4353,0,0,0,0
292.250,0.4353,0,0,0,0
292.285,0.4353,0,0,0,0
292.318,0.4353,0,0,0,0
292.349,0.4353,0,0,0,0
292.383,0.4353,0,0,0,0
292.418,0.4353,0,0,0,0
292.449,0.4353,0,0,0,0
292.483,0.4353,0,0,0,0
292.517,0.4353,0,0,0,0
292.551,0.4352,0,0,0,0
292.582,0.4352,0,0,0,0
292.616,0.4353,0,0,0,0
292.650,0.4352,0,0,0,0
292.685,0.4352,0,0,0,0
292.715,0.4352,0,0,0,0
292.748,0.4352,0,0,0,0
292.782,0.4352,0,0,0,0
292.818,0.4352,0,0,0,0
292.851,0.4352,0,0,0,0
292.885,0.4352,0,0,0,0
292.918,0.4352,0,0,0,0
292.948,0.4352,0,0,0,0
292.985,0.4352,0,0,0,0
293.019,0.4352,0,0,0,0
293.049,0.4352,0,0,0,0
293.085,0.4352,0,0,0,0
293.117,0.4352,0,0,0,0
293.150,0.4352,0,0,0,0
293.184,0.4352,0,0,0,0
293.218,0.4352,0,0,0,0
293.251,0.4352,0,0,0,0
293.284,0.4352,0,0,0,0
293.316,0.4352,0,0,0,0
293.351,0.4352,0,0,0,0
293.384,0.4352,0,0,0,0
293.415,0.4352,0,0,0,0
293.449,0.4352,0,0,0,0
293.483,0.4352,0,0,0,0
293.517,0.4352,0,0,0,0
293.549,0.4352,0,0,0,0
293.584,0.4352,0,0,0,0
293.615,0.4352,0,0,0,0
293.649,0.4352,0,0,0,0
293.685,0.4352,0,0,0,0
293.718,0.4352,0,0,0,0
293.752,0.4352,0,0,0,0
293.785,0.4352,0,0,0,0
293.817,0.4352,0,0,0,0
293.849,0.4352,0,0,0,0
293.884,0.4352,0,0,0,0
293.918,0.4352,0,0,0,0
293.951,0.4352,0,0,0,0
293.982,0.4352,0,0,0,0
294.019,0.4352,0,0,0,0
294.049,0.4352,0,0,0,0
294.082,0.4352,0,0,0,0
294.117,0.4352,0,0,0,0
294.148,0.4352,0,0,0,0
294.182,0.4352,0,0,0,0
294.216,0.4352,0,0,0,0
294.253,0.4352,0,0,0,0
294.282,0.4352,0,0,0,0
294.317,0.4352,0,0,0,0
294.349,0.4352,0,0,0,0
294.384,0.4352,0,0,0,0
294.415,0.4352,0,0,0,0
294.449,0.4352,0,0,0,0
294.482,0.4352,0,0,0,0
294.515,0.4352,0,0,0,0
294.549,0.4352,0,0,0,0
294.583,0.4352,0,0,0,0
294.618,0.4352,0,0,0,0
294.651,0.4352,0,0,0,0
294.685,0.4352,0,0,0,0
294.718,0.4352,0,0,0,0
294.749,0.4352,0,0,0,0
294.784,0.4352,0,0,0,0
294.815,0.4352,0,0,0,0
294.849,0.4352,0,0,0,0
294.882,0.4352,0,0,0,0
294.916,0.4352,0,0,0,0
294.949,0.4352,0,0,0,0
294.982,0.4352,0,0,0,0
295.015,0.4352,0,0,0,0
295.049,0.4352,0,0,0,0
295.083,0.4352,0,0,0,0
295.117,0.4352,0,0,0,0
295.150,0.4352,0,0,0,0
295.184,0.4352,0,0,0,0
295.214,0.4352,0,0,0,0
295.249,0.4352,0,0,0,0
295.287,0.4352,0,0,0,0
295.318,0.4352,0,0,0,0
295.352,0.4352,0,0,0,0
295.383,0.4352,0,0,0,0
295.416,0.4352,0,0,0,0
295.452,0.4352,0,0,0,0
295.484,0.4352,0,0,0,0
295.515,0.4352,0,0,0,0
295.550,0.4352,0,0,0,0
295.582,0.4352,0,0,0,0
295.616,0.4352,0,0,0,0
295.649,0.4352,0,0,0,0
295.682,0.4352,0,0,0,0
295.716,0.4352,0,0,0,0
295.750,0.4352,0,0,0,0
295.783,0.4352,0,0,0,0
295.817,0.4352,0,0,0,0
295.851,0.4352,0,0,0,0
295.883,0.4352,0,0,0,0
295.918,0.4351,0,0,0,0
295.951,0.4351,0,0,0,0
295.984,0.4351,0,0,0,0
296.018,0.4351,0,0,0,0
296.051,0.4351,0,0,0,0
296.084,0.4351,0,0,0,0
296.115,0.4351,0,0,0,0
296.150,0.4351,0,0,0,0
296.184,0.4351,0,0,0,0
296.219,0.4351,0,0,0,0
296.249,0.4351,0,0,0,0
296.283,0.4351,0,0,0,0
296.317,0.4351,0,0,0,0
296.350,0.4351,0,0,0,0
296.386,0.4351,0,0,0,0
296.415,0.4351,0,0,0,0
296.449,0.4351,0,0,0,0
296.482,0.4351,0,0,0,0
296.516,0.4351,0,0,0,0
296.551,0.4351,0,0,0,0
296.583,0.4351,0,0,0,0
296.618,0.4351,0,0,0,0
296.651,0.4351,0,0,0,0
296.685,0.4351,0,0,0,0
296.715,0.4351,0,0,0,0
296.750,0.4351,0,0,0,0
296.783,0.4351,0,0,0,0
296.818,0.4351,0,0,0,0
296.851,0.4351,0,0,0,0
296.885,0.4351,0,0,0,0
296.918,0.4351,0,0,0,0
296.951,0.4351,0,0,0,0
296.981,0.4351,0,0,0,0
297.018,0.4351,0,0,0,0
297.053,0.4351,0,0,0,0
297.081,0.4351,0,0,0,0
297.117,0.4351,0,0,0,0
297.152,0.4351,0,0,0,0
297.184,0.4351,0,0,0,0
297.218,0.4351,0,0,0,0
297.252,0.4351,0,0,0,0
297.282,0.4351,0,0,0,0
297.319,0.4351,0,0,0,0
297.351,0.4351,0,0,0,0
297.385,0.4351,0,0,0,0
297.417,0.4351,0,0,0,0
297.451,0.4351,0,0,0,0
297.483,0.4351,0,0,0,0
297.518,0.4351,0,0,0,0
297.551,0.4351,0,0,0,0
297.585,0.4351,0,0,0,0
297.618,0.4351,0,0,0,0
297.651,0.4351,0,0,0,0
297.684,0.4351,0,0,0,0
297.718,0.4351,0,0,0,0
297.752,0.4351,0,0,0,0
297.785,0.4351,0,0,0,0
297.815,0.4351,0,0,0,0
297.849,0.4351,0,0,0,0
297.882,0.4351,0,0,0,0
297.915,0.4351,0,0,0,0
297.952,0.4351,0,0,0,0
297.983,0.4351,0,0,0,0
298.018,0.4351,0,0,0,0
298.052,0.4351,0,0,0,0
298.082,0.4351,0,0,0,0
298.115,0.4351,0,0,0,0
298.149,0.4351,0,0,0,0
298.183,0.4351,0,0,0,0
298.217,0.4351,0,0,0,0
298.251,0.4351,0,0,0,0
298.284,0.4351,0,0,0,0
298.317,0.4351,0,0,0,0
298.351,0.4351,0,0,0,0
298.384,0.4351,0,0,0,0
298.417,0.4351,0,0,0,0
298.451,0.4351,0,0,0,0
298.483,0.4351,0,0,0,0
298.516,0.4351,0,0,0,0
298.550,0.4351,0,0,0,0
298.584,0.4351,0,0,0,0
298.618,0.4351,0,0,0,0
298.652,0.4351,0,0,0,0
298.684,0.4351,0,0,0,0
298.715,0.4351,0,0,0,0
298.749,0.4351,0,0,0,0
298.783,0.4351,0,0,0,0
298.816,0.4351,0,0,0,0
298.850,0.4350,0,0,0,0
298.883,0.4350,0,0,0,0
298.916,0.4350,0,0,0,0
298.949,0.4350,0,0,0,0
298.984,0.4350,0,0,0,0
299.018,0.4350,0,0,0,0
299.052,0.4350,0,0,0,0
299.085,0.4350,0,0,0,0
299.116,0.4350,0,0,0,0
299.150,0.4350,0,0,0,0
299.185,0.4350,0,0,0,0
299.217,0.4350,0,0,0,0
299.252,0.4350,0,0,0,0
299.282,0.4350,0,0,0,0
299.319,0.4350,0,0,0,0
299.352,0.4350,0,0,0,0
299.382,0.4350,0,0,0,0
299.417,0.4350,0,0,0,0
299.450,0.4350,0,0,0,0
299.484,0.4350,0,0,0,0
299.517,0.4350,0,0,0,0
299.550,0.4350,0,0,0,0
299.582,0.4350,0,0,0,0
299.616,0.4350,0,0,0,0
299.651,0.4350,0,0,0,0
299.682,0.4350,0,0,0,0
299.715,0.4350,0,0,0,0
299.750,0.4350,0,0,0,0
299.783,0.4350,0,0,0,0
299.816,0.4350,0,0,0,0
299.849,0.4350,0,0,0,0
299.884,0.4350,0,0,0,0
299.915,0.4350,0,0,0,0
299.950,0.4350,0,0,0,0
299.984,0.4350,0,0,0,0
300.018,0.4350,0,0,0,0
300.051,0.4350,0,0,0,0
300.084,0.4350,0,0,0,0
300.118,0.4350,0,0,0,0
300.151,0.4350,0,0,0,0
300.185,0.4350,0,0,0,0
300.215,0.4350,0,0,0,0
300.250,0.4350,0,0,0,0
300.283,0.4350,0,0,0,0
300.317,0.4350,0,0,0,0
300.350,0.4350,0,0,0,0
300.385,0.4350,0,0,0,0
300.416,0.4350,0,0,0,0
300.451,0.4350,0,0,0,0
300.484,0.4350,0,0,0,0
300.519,0.4350,0,0,0,0
300.552,0.4350,0,0,0,0
300.582,0.4350,0,0,0,0
300.616,0.4350,0,0,0,0
300.651,0.4350,0,0,0,0
300.685,0.4350,0,0,0,0
300.715,0.4350,0,0,0,0
300.749,0.4350,0,0,0,0
300.782,0.4350,0,0,0,0
300.819,0.4350,0,0,0,0
300.851,0.4350,0,0,0,0
300.884,0.4350,0,0,0,0
300.918,0.4350,0,0,0,0
300.952,0.4350,0,0,0,0
300.985,0.4350,0,0,0,0
301.018,0.4350,0,0,0,0
301.049,0.4350,0,0,0,0
301.084,0.4350,0,0,0,0
301.118,0.4350,0,0,0,0
301.152,0.4350,0,0,0,0
301.185,0.4350,0,0,0,0
301.218,0.4350,0,0,0,0
301.251,0.4350,0,0,0,0
301.284,0.4350,0,0,0,0
301.316,0.4350,0,0,0,0
301.351,0.4350,0,0,0,0
301.382,0.4350,0,0,0,0
301.415,0.4350,0,0,0,0
301.452,0.4350,0,0,0,0
301.485,0.4350,0,0,0,0
301.517,0.4350,0,0,0,0
301.551,0.4349,0,0,0,0
301.582,0.4349,0,0,0,0
301.618,0.4349,0,0,0,0
301.652,0.4349,0,0,0,0
301.685,0.4349,0,0,0,0
301.717,0.4349,0,0,0,0
301.748,0.4349,0,0,0,0
301.784,0.4349,0,0,0,0
301.818,0.4349,0,0,0,0
301.852,0.4349,0,0,0,0
301.883,0.4349,0,0,0,0
301.917,0.4349,0,0,0,0
301.951,0.4349,0,0,0,0
301.982,0.4349,0,0,0,0
302.019,0.4349,0,0,0,0
302.050,0.4349,0,0,0,0
302.085,0.4349,0,0,0,0
302.119,0.4349,0,0,0,0
302.149,0.4349,0,0,0,0
302.182,0.4349,0,0,0,0
302.216,0.4349,0,0,0,0
302.250,0.4349,0,0,0,0
302.285,0.4349,0,0,0,0
302.318,0.4349,0,0,0,0
302.349,0.4349,0,0,0,0
302.384,0.4349,0,0,0,0
302.418,0.4349,0,0,0,0
302.451,0.4349,0,0,0,0
302.484,0.4349,0,0,0,0
302.518,0.4349,0,0,0,0
302.550,0.4349,0,0,0,0
302.585,0.4349,0,0,0,0
302.617,0.4349,0,0,0,0
302.651,0.4349,0,0,0,0
302.682,0.4349,0,0,0,0
302.715,0.4349,0,0,0,0
302.749,0.4349,0,0,0,0
302.784,0.4349,0,0,0,0
302.818,0.4349,0,0,0,0
302.849,0.4349,0,0,0,0
302.882,0.4349,0,0,0,0
302.916,0.4349,0,0,0,0
302.950,0.4349,0,0,0,0
302.982,0.4349,0,0,0,0
303.015,0.4349,0,0,0,0
303.050,0.4349,0,0,0,0
303.085,0.4349,0,0,0,0
303.119,0.4349,0,0,0,0
303.152,0.4349,0,0,0,0
303.183,0.4349,0,0,0,0
303.215,0.4349,0,0,0,0
303.248,0.4349,0,0,0,0
303.282,0.4349,0,0,0,0
303.317,0.4349,0,0,0,0
303.352,0.4349,0,0,0,0
303.383,0.4349,0,0,0,0
303.417,0.4349,0,0,0,0
303.450,0.4349,0,0,0,0
303.483,0.4349,0,0,0,0
303.519,0.4349,0,0,0,0
303.552,0.4349,0,0,0,0
303.582,0.4349,0,0,0,0
303.618,0.4349,0,0,0,0
303.651,0.4349,0,0,0,0
303.684,0.4349,0,0,0,0
303.718,0.4349,0,0,0,0
303.751,0.4349,0,0,0,0
303.784,0.4349,0,0,0,0
303.818,0.4349,0,0,0,0
303.850,0.4349,0,0,0,0
303.884,0.4349,0,0,0,0
303.918,0.4349,0,0,0,0
303.949,0.4348,0,0,0,0
303.983,0.4348,0,0,0,0
304.015,0.4348,0,0,0,0
304.052,0.4348,0,0,0,0
304.082,0.4348,0,0,0,0
304.119,0.4348,0,0,0,0
304.151,0.4348,0,0,0,0
304.184,0.4348,0,0,0,0
304.215,0.4348,0,0,0,0
304.248,0.4348,0,0,0,0
304.284,0.4348,0,0,0,0
304.319,0.4348,0,0,0,0
304.350,0.4348,0,0,0,0
304.384,0.4348,0,0,0,0
304.416,0.4348,0,0,0,0
304.450,0.4348,0,0,0,0
304.484,0.4348,0,0,0,0
304.516,0.4348,0,0,0,0
304.549,0.4348,0,0,0,0
304.584,0.4348,0,0,0,0
304.618,0.4348,0,0,0,0
304.650,0.4348,0,0,0,0
304.684,0.4348,0,0,0,0
304.718,0.4348,0,0,0,0
304.752,0.4348,0,0,0,0
304.784,0.4348,0,0,0,0
304.816,0.4348,0,0,0,0
304.850,0.4348,0,0,0,0
304.885,0.4348,0,0,0,0
304.915,0.4348,0,0,0,0
304.952,0.4348,0,0,0,0
304.982,0.4348,0,0,0,0
305.015,0.4348,0,0,0,0
305.049,0.4348,0,0,0,0
305.083,0.4348,0,0,0,0
305.117,0.4348,0,0,0,0
305.151,0.4348,0,0,0,0
305.184,0.4348,0,0,0,0
305.218,0.4348,0,0,0,0
305.252,0.4348,0,0,0,0
305.285,0.4348,0,0,0,0
305.319,0.4348,0,0,0,0
305.351,0.4348,0,0,0,0
305.384,0.4348,0,0,0,0
305.416,0.4348,0,0,0,0
305.450,0.4348,0,0,0,0
305.484,0.4348,0,0,0,0
305.518,0.4348,0,0,0,0
305.549,0.4348,0,0,0,0
305.584,0.4348,0,0,0,0
305.617,0.4348,0,0,0,0
305.651,0.4348,0,0,0,0
305.683,0.4348,0,0,0,0
305.716,0.4348,0,0,0,0
305.751,0.4348,0,0,0,0
305.785,0.4348,0,0,0,0
305.816,0.4348,0,0,0,0
305.851,0.4348,0,0,0,0
305.882,0.4348,0,0,0,0
305.918,0.4348,0,0,0,0
305.950,0.4348,0,0,0,0
305.985,0.4348,0,0,0,0
306.016,0.4348,0,0,0,0
306.050,0.4348,0,0,0,0
306.082,0.4348,0,0,0,0
306.118,0.4348,0,0,0,0
306.151,0.4347,0,0,0,0
306.183,0.4347,0,0,0,0
306.218,0.4347,0,0,0,0
306.249,0.4347,0,0,0,0
306.285,0.4347,0,0,0,0
306.317,0.4347,0,0,0,0
306.348,0.4347,0,0,0,0
306.382,0.4347,0,0,0,0
306.417,0.4347,0,0,0,0
306.450,0.4347,0,0,0,0
306.484,0.4347,0,0,0,0
306.516,0.4347,0,0,0,0
306.549,0.4345,0,0,0,0
306.585,0.4341,0,0,0,0
306.618,0.4331,0,0,0,0
306.648,0.4316,0,0,0,0
306.683,0.4307,0,0,0,0
306.715,0.4289,0,7,7,0
306.751,0.4273,0,7,7,0
306.782,0.4266,0,7,7,0
306.818,0.4256,0,7,7,0
306.852,0.4259,0,7,7,0
306.883,0.4265,0,7,7,0
306.918,0.4275,0,7,7,0
306.949,0.4283,0,7,7,0
306.982,0.4286,0,7,7,0
307.015,0.4292,0,7,7,0
307.051,0.4299,0,7,7,0
307.082,0.4305,0,7,7,0
307.116,0.4318,0,7,7,0
307.150,0.4329,0,7,7,0
307.184,0.4334,0,7,7,0
307.216,0.4343,0,7,7,0
307.251,0.4350,0,7,7,0
307.282,0.4353,0,7,7,0
307.317,0.4357,0,7,7,0
307.351,0.4360,0,7,7,0
307.382,0.4362,0,7,7,0
307.418,0.4363,0,7,7,0
307.450,0.4363,0,7,7,0
307.482,0.4363,0,7,7,0
307.515,0.4362,0,7,7,0
307.549,0.4361,0,7,7,0
307.584,0.4361,0,7,7,0
307.619,0.4359,0,7,7,0
307.651,0.4357,0,7,7,0
307.684,0.4356,0,7,7,0
307.715,0.4354,0,7,7,0
307.750,0.4352,0,7,7,0
307.784,0.4351,0,0,0,0
307.817,0.4349,0,0,0,0
307.853,0.4348,0,0,0,0
307.884,0.4347,0,0,0,0
307.916,0.4345,0,0,0,0
307.951,0.4343,0,0,0,0
307.985,0.4343,0,0,0,0
308.015,0.4341,0,0,0,0
308.055,0.4341,0,0,0,0
308.083,0.4341,0,0,0,0
308.118,0.4341,0,0,0,0
308.149,0.4341,0,0,0,0
308.183,0.4341,0,0,0,0
308.218,0.4341,0,0,0,0
308.251,0.4341,0,0,0,0
308.285,0.4341,0,0,0,0
308.318,0.4340,0,0,0,0
308.351,0.4340,0,0,0,0
308.385,0.4340,0,0,0,0
308.416,0.4339,0,0,0,0
308.450,0.4339,0,0,0,0
308.482,0.4338,0,0,0,0
308.515,0.4338,0,0,0,0
308.549,0.4337,0,0,0,0
308.585,0.4337,0,0,0,0
308.617,0.4336,0,0,0,0
308.650,0.4335,0,0,0,0
308.684,0.4335,0,0,0,0
308.718,0.4334,0,0,0,0
308.750,0.4333,0,0,0,0
308.784,0.4333,0,0,0,0
308.816,0.4332,0,0,0,0
308.851,0.4331,0,0,0,0
308.882,0.4330,0,0,0,0
308.916,0.4329,0,0,0,0
308.950,0.4328,0,0,0,0
308.982,0.4328,0,0,0,0
309.018,0.4327,0,0,0,0
309.050,0.4325,0,0,0,0
309.084,0.4325,0,0,0,0
309.118,0.4324,0,0,0,0
309.151,0.4322,0,0,0,0
309.183,0.4322,0,0,0,0
309.216,0.4321,0,0,0,0
309.252,0.4319,0,0,0,0
309.284,0.4319,0,0,0,0
309.319,0.4317,0,0,0,0
309.350,0.4316,0,0,0,0
309.382,0.4315,0,0,0,0
309.418,0.4314,0,0,0,0
309.450,0.4313,0,0,0,0
309.486,0.4312,0,0,0,0
309.517,0.4311,0,0,0,0
309.549,0.4309,0,0,0,0
309.585,0.4308,0,0,0,0
309.615,0.4307,0,0,0,0
309.652,0.4305,0,0,0,0
309.683,0.4305,0,0,0,0
309.719,0.4303,0,0,0,0
309.750,0.4302,0,0,0,0
309.784,0.4302,0,0,0,0
309.815,0.4304,0,0,0,0
309.849,0.4311,0,0,0,0
309.885,0.4315,0,0,0,0
309.918,0.4327,0,0,0,0
309.949,0.4340,0,0,0,0
309.984,0.4348,0,0,0,0
310.017,0.4363,0,7,7,0
310.052,0.4381,0,7,7,0
310.084,0.4393,0,7,7,0
310.116,0.4425,0,7,7,0
310.153,0.4468,0,7,7,0
310.182,0.4494,0,7,7,0
310.218,0.4550,0,7,7,0
310.249,0.4612,0,7,7,0
310.284,0.4644,0,7,7,0
310.317,0.4711,0,7,7,0
310.351,0.4781,0,7,7,0
310.383,0.4816,0,7,7,0
310.418,0.4885,0,7,7,0
310.449,0.4944,0,7,7,0
310.484,0.4969,0,7,7,0
310.518,0.5004,0,7,7,0
310.552,0.5023,0,7,7,0
310.583,0.5026,0,7,7,0
310.615,0.5026,0,7,7,0
310.651,0.5018,0,7,7,0
310.682,0.5011,0,7,7,0
310.715,0.4989,0,7,7,0
310.750,0.4958,0,7,7,0
310.784,0.4939,0,7,7,0
310.818,0.4904,0,7,7,0
310.850,0.4871,0,7,7,0
310.882,0.4856,0,7,7,0
310.916,0.4828,0,7,7,0
310.950,0.4804,0,7,7,0
310.986,0.4792,0,7,7,0
311.016,0.4771,0,7,7,0
311.049,0.4749,0,7,7,0
311.085,0.4737,0,7,7,0
311.116,0.4710,0,7,7,0
311.150,0.4685,0,7,7,0
311.184,0.4673,0,7,7,0
311.219,0.4649,0,7,7,0
311.248,0.4626,0,7,7,0
311.283,0.4615,0,7,7,0
311.315,0.4595,0,7,7,0
311.351,0.4574,0,7,7,0
311.382,0.4563,0,7,7,0
311.417,0.4544,0,7,7,0
311.449,0.4523,0,7,7,0
311.482,0.4512,0,7,7,0
311.516,0.4489,0,7,7,0
311.550,0.4466,0,7,7,0
311.585,0.4453,0,7,7,0
311.618,0.4428,0,7,7,0
311.649,0.4401,0,7,7,0
311.684,0.4389,0,7,7,0
311.718,0.4364,0,7,7,0
311.752,0.4340,0,7,7,0
311.786,0.4328,0,7,7,0
311.819,0.4326,0,7,7,0
311.851,0.4331,0,7,7,0
311.882,0.4333,0,7,7,0
311.917,0.4338,0,7,7,0
311.952,0.4342,0,7,7,0
311.984,0.4345,0,7,7,0
312.018,0.4350,0,7,7,0
312.052,0.4356,0,7,7,0
312.083,0.4360,0,7,7,0
312.117,0.4365,0,7,7,0
312.149,0.4371,0,7,7,0
312.185,0.4374,0,7,7,0
312.216,0.4379,0,7,7,0
312.251,0.4386,0,7,7,0
312.284,0.4389,0,7,7,0
312.318,0.4396,0,7,7,0
312.350,0.4402,0,7,7,0
312.385,0.4406,0,7,7,0
312.416,0.4413,0,7,7,0
312.450,0.4419,0,7,7,0
312.485,0.4422,0,7,7,0
312.518,0.4430,0,7,7,0
312.552,0.4436,0,7,7,0
312.583,0.4440,0,7,7,0
312.616,0.4446,0,7,7,0
312.650,0.4453,0,7,7,0
312.683,0.4457,0,7,7,0
312.718,0.4463,0,7,7,0
312.748,0.4470,0,7,7,0
312.784,0.4474,0,0,0,0
312.816,0.4481,0,0,0,0
312.850,0.4488,0,0,0,0
312.882,0.4492,0,0,0,0
312.915,0.4499,0,0,0,0
312.949,0.4506,0,0,0,0
312.984,0.4510,0,0,0,0
313.019,0.4517,0,0,0,0
313.050,0.4523,0,0,0,0
313.086,0.4527,0,0,0,0
313.117,0.4534,0,0,0,0
313.151,0.4540,0,0,0,0
313.186,0.4544,0,0,0,0
313.215,0.4549,0,0,0,0
313.249,0.4555,0,0,0,0
313.282,0.4558,0,0,0,0
313.315,0.4565,0,0,0,0
313.350,0.4572,0,0,0,0
313.385,0.4576,0,0,0,0
313.416,0.4582,0,0,0,0
313.449,0.4588,0,0,0,0
313.483,0.4591,0,0,0,0
313.518,0.4596,0,0,0,0
313.550,0.4602,0,0,0,0
313.582,0.4604,0,0,0,0
313.619,0.4609,0,0,0,0
313.651,0.4614,0,0,0,0
313.682,0.4616,0,0,0,0
313.716,0.4621,0,0,0,0
313.750,0.4626,0,0,0,0
313.784,0.4629,0,0,0,0
313.819,0.4633,0,0,0,0
313.850,0.4637,0,0,0,0
313.884,0.4639,0,0,0,0
313.919,0.4644,0,0,0,0
313.949,0.4648,0,0,0,0
313.984,0.4650,0,0,0,0
314.019,0.4654,0,0,0,0
314.049,0.4658,0,0,0,0
314.083,0.4659,0,0,0,0
314.116,0.4663,0,0,0,0
314.150,0.4666,0,0,0,0
314.182,0.4668,0,0,0,0
314.216,0.4671,0,0,0,0
314.250,0.4675,0,0,0,0
314.284,0.4676,0,0,0,0
314.316,0.4679,0,0,0,0
314.352,0.4681,0,0,0,0
314.383,0.4682,0,0,0,0
314.417,0.4685,0,0,0,0
314.451,0.4687,0,0,0,0
314.484,0.4689,0,0,0,0
314.517,0.4691,0,0,0,0
314.551,0.4694,0,0,0,0
314.584,0.4694,0,0,0,0
314.619,0.4696,0,0,0,0
314.649,0.4698,0,0,0,0
314.684,0.4699,0,0,0,0
314.718,0.4700,0,0,0,0
314.751,0.4702,0,0,0,0
314.782,0.4702,0,0,0,0
314.817,0.4704,0,0,0,0
314.852,0.4706,0,0,0,0
314.886,0.4706,0,0,0,0
314.915,0.4708,0,0,0,0
314.950,0.4709,0,0,0,0
314.983,0.4710,0,0,0,0
315.016,0.4710,0,0,0,0
315.050,0.4711,0,0,0,0
315.082,0.4711,0,0,0,0
315.116,0.4712,0,0,0,0
315.149,0.4712,0,0,0,0
315.183,0.4713,0,0,0,0
315.217,0.4714,0,0,0,0
315.250,0.4715,0,0,0,0
315.283,0.4715,0,0,0,0
315.318,0.4716,0,0,0,0
315.350,0.4716,0,0,0,0
315.382,0.4717,0,0,0,0
315.415,0.4717,0,0,0,0
315.449,0.4716,0,0,0,0
315.482,0.4716,0,0,0,0
315.517,0.4717,0,0,0,0
315.549,0.4717,0,0,0,0
315.584,0.4717,0,0,0,0
315.615,0.4717,0,0,0,0
315.650,0.4717,0,0,0,0
315.684,0.4717,0,0,0,0
315.719,0.4718,0,0,0,0
315.749,0.4718,0,0,0,0
315.783,0.4718,0,0,0,0
315.816,0.4718,0,0,0,0
315.852,0.4718,0,0,0,0
315.883,0.4718,0,0,0,0
315.919,0.4717,0,0,0,0
315.949,0.4716,0,0,0,0
315.983,0.4716,0,0,0,0
316.017,0.4716,0,0,0,0
316.050,0.4715,0,0,0,0
316.084,0.4715,0,0,0,0
316.117,0.4715,0,0,0,0
316.149,0.4714,0,0,0,0
316.184,0.4714,0,0,0,0
316.218,0.4714,0,0,0,0
316.252,0.4713,0,0,0,0
316.283,0.4713,0,0,0,0
316.315,0.4713,0,0,0,0
316.349,0.4712,0,0,0,0
316.384,0.4712,0,0,0,0
316.418,0.4712,0,0,0,0
316.451,0.4712,0,0,0,0
316.485,0.4711,0,0,0,0
316.519,0.4710,0,0,0,0
316.551,0.4709,0,0,0,0
316.585,0.4708,0,0,0,0
316.616,0.4707,0,0,0,0
316.652,0.4706,0,0,0,0
316.682,0.4706,0,0,0,0
316.716,0.4705,0,0,0,0
316.749,0.4704,0,0,0,0
316.785,0.4704,0,0,0,0
316.815,0.4703,0,0,0,0
316.849,0.4702,0,0,0,0
316.883,0.4702,0,0,0,0
316.917,0.4701,0,0,0,0
316.947,0.4700,0,0,0,0
316.981,0.4700,0,0,0,0
317.019,0.4699,0,0,0,0
317.049,0.4698,0,0,0,0
317.083,0.4698,0,0,0,0
317.115,0.4697,0,0,0,0
317.152,0.4696,0,0,0,0
317.186,0.4695,0,0,0,0
317.216,0.4694,0,0,0,0
317.252,0.4693,0,0,0,0
317.282,0.4692,0,0,0,0
317.317,0.4690,0,0,0,0
317.352,0.4689,0,0,0,0
317.386,0.4688,0,0,0,0
317.419,0.4687,0,0,0,0
317.451,0.4686,0,0,0,0
317.483,0.4685,0,0,0,0
317.515,0.4684,0,0,0,0
317.549,0.4683,0,0,0,0
317.582,0.4683,0,0,0,0
317.615,0.4681,0,0,0,0
317.650,0.4680,0,0,0,0
317.684,0.4680,0,0,0,0
317.718,0.4679,0,0,0,0
317.749,0.4678,0,0,0,0
317.783,0.4677,0,0,0,0
317.818,0.4675,0,0,0,0
317.852,0.4674,0,0,0,0
317.885,0.4674,0,0,0,0
317.915,0.4673,0,0,0,0
317.950,0.4671,0,0,0,0
317.983,0.4669,0,0,0,0
318.016,0.4667,0,0,0,0
318.051,0.4664,0,0,0,0
318.083,0.4663,0,0,0,0
318.118,0.4658,0,0,0,0
318.152,0.4654,0,0,0,0
318.184,0.4651,0,0,0,0
318.216,0.4645,0,0,0,0
318.250,0.4638,0,0,0,0
318.285,0.4634,0,0,0,0
318.318,0.4626,0,0,0,0
318.349,0.4618,0,0,0,0
318.382,0.4614,0,0,0,0
318.417,0.4605,0,0,0,0
318.452,0.4598,0,0,0,0
318.486,0.4595,0,0,0,0
318.519,0.4592,0,0,0,0
318.550,0.4589,0,0,0,0
318.586,0.4589,0,0,0,0
318.618,0.4588,0,0,0,0
318.649,0.4587,0,0,0,0
318.682,0.4587,0,0,0,0
318.718,0.4588,0,0,0,0
318.750,0.4588,0,0,0,0
318.783,0.4588,0,0,0,0
318.818,0.4589,0,0,0,0
318.849,0.4589,0,0,0,0
318.883,0.4590,0,0,0,0
318.918,0.4590,0,0,0,0
318.947,0.4591,0,0,0,0
318.985,0.4591,0,0,0,0
319.015,0.4592,0,0,0,0
319.051,0.4592,0,0,0,0
319.086,0.4592,0,0,0,0
319.117,0.4593,0,0,0,0
319.152,0.4593,0,0,0,0
319.185,0.4594,0,0,0,0
319.218,0.4594,0,0,0,0
319.249,0.4594,0,0,0,0
319.282,0.4594,0,0,0,0
319.317,0.4595,0,0,0,0
319.352,0.4595,0,0,0,0
319.383,0.4595,0,0,0,0
319.416,0.4595,0,0,0,0
319.448,0.4595,0,0,0,0
319.484,0.4595,0,0,0,0
319.518,0.4595,0,0,0,0
319.555,0.4594,0,0,0,0
319.585,0.4594,0,0,0,0
319.617,0.4594,0,0,0,0
319.651,0.4593,0,0,0,0
319.684,0.4593,0,0,0,0
319.717,0.4592,0,0,0,0
319.749,0.4592,0,0,0,0
319.783,0.4591,0,0,0,0
319.819,0.4590,0,0,0,0
319.851,0.4590,0,0,0,0
319.885,0.4589,0,0,0,0
319.918,0.4588,0,0,0,0
319.950,0.4587,0,0,0,0
319.983,0.4587,0,0,0,0
320.015,0.4585,0,0,0,0
320.051,0.4584,0,0,0,0
320.082,0.4584,0,0,0,0
320.118,0.4583,0,0,0,0
320.150,0.4581,0,0,0,0
320.183,0.4581,0,0,0,0
320.216,0.4579,0,0,0,0
320.252,0.4578,0,0,0,0
320.285,0.4577,0,0,0,0
320.317,0.4576,0,0,0,0
320.348,0.4574,0,0,0,0
320.383,0.4574,0,0,0,0
320.416,0.4572,0,0,0,0
320.449,0.4571,0,0,0,0
320.486,0.4569,0,0,0,0
320.518,0.4569,0,0,0,0
320.551,0.4567,0,0,0,0
320.584,0.4566,0,0,0,0
320.618,0.4565,0,0,0,0
320.651,0.4563,0,0,0,0
320.683,0.4562,0,0,0,0
320.716,0.4561,0,0,0,0
320.751,0.4559,0,0,0,0
320.784,0.4558,0,0,0,0
320.817,0.4556,0,0,0,0
320.851,0.4555,0,0,0,0
320.885,0.4554,0,0,0,0
320.918,0.4552,0,0,0,0
320.951,0.4551,0,0,0,0
320.985,0.4550,0,0,0,0
321.018,0.4548,0,0,0,0
321.051,0.4546,0,0,0,0
321.085,0.4545,0,0,0,0
321.118,0.4544,0,0,0,0
321.150,0.4542,0,0,0,0
321.185,0.4541,0,0,0,0
321.218,0.4539,0,0,0,0
321.249,0.4537,0,0,0,0
321.285,0.4536,0,0,0,0
321.315,0.4534,0,0,0,0
321.352,0.4533,0,0,0,0
321.385,0.4532,0,0,0,0
321.419,0.4530,0,0,0,0
321.451,0.4528,0,0,0,0
321.485,0.4527,0,0,0,0
321.517,0.4525,0,0,0,0
321.552,0.4523,0,0,0,0
321.585,0.4522,0,0,0,0
321.618,0.4520,0,0,0,0
321.651,0.4518,0,0,0,0
321.683,0.4517,0,0,0,0
321.716,0.4515,0,0,0,0
321.751,0.4513,0,0,0,0
321.783,0.4512,0,0,0,0
321.815,0.4510,0,0,0,0
321.851,0.4508,0,0,0,0
321.884,0.4507,0,0,0,0
321.918,0.4505,0,0,0,0
321.949,0.4503,0,0,0,0
321.984,0.4502,0,0,0,0
322.018,0.4500,0,0,0,0
322.050,0.4498,0,0,0,0
322.085,0.4497,0,0,0,0
322.118,0.4495,0,0,0,0
322.152,0.4493,0,0,0,0
322.185,0.4492,0,0,0,0
322.218,0.4490,0,0,0,0
322.250,0.4488,0,0,0,0
322.282,0.4487,0,0,0,0
322.317,0.4485,0,0,0,0
322.350,0.4483,0,0,0,0
322.383,0.4482,0,0,0,0
322.416,0.4479,0,0,0,0
322.449,0.4477,0,0,0,0
322.482,0.4476,0,0,0,0
322.517,0.4474,0,0,0,0
322.549,0.4472,0,0,0,0
322.582,0.4471,0,0,0,0
322.617,0.4469,0,0,0,0
322.649,0.4467,0,0,0,0
322.683,0.4466,0,0,0,0
322.718,0.4463,0,0,0,0
322.750,0.4461,0,0,0,0
322.783,0.4460,0,0,0,0
322.818,0.4458,0,0,0,0
322.850,0.4456,0,0,0,0
322.882,0.4455,0,0,0,0
322.918,0.4453,0,0,0,0
322.951,0.4451,0,0,0,0
322.982,0.4449,0,0,0,0
323.018,0.4447,0,0,0,0
323.052,0.4445,0,0,0,0
323.082,0.4444,0,0,0,0
323.115,0.4442,0,0,0,0
323.150,0.4440,0,0,0,0
323.182,0.4439,0,0,0,0
323.216,0.4437,0,0,0,0
323.251,0.4434,0,0,0,0
323.283,0.4433,0,0,0,0
323.316,0.4431,0,0,0,0
323.349,0.4429,0,0,0,0
323.382,0.4428,0,0,0,0
323.416,0.4426,0,0,0,0
323.452,0.4424,0,0,0,0
323.483,0.4423,0,0,0,0
323.515,0.4421,0,0,0,0
323.550,0.4418,0,0,0,0
323.584,0.4417,0,0,0,0
323.618,0.4415,0,0,0,0
323.650,0.4413,0,0,0,0
323.683,0.4412,0,0,0,0
323.715,0.4410,0,0,0,0
323.751,0.4408,0,0,0,0
323.786,0.4407,0,0,0,0
323.818,0.4405,0,0,0,0
323.852,0.4403,0,0,0,0
323.885,0.4402,0,0,0,0
323.919,0.4400,0,0,0,0
323.951,0.4398,0,0,0,0
323.987,0.4396,0,0,0,0
324.016,0.4395,0,0,0,0
324.051,0.4393,0,0,0,0
324.084,0.4392,0,0,0,0
324.118,0.4390,0,0,0,0
324.151,0.4388,0,0,0,0
324.188,0.4386,0,0,0,0
324.216,0.4385,0,0,0,0
324.250,0.4383,0,0,0,0
324.283,0.4382,0,0,0,0
324.317,0.4380,0,0,0,0
324.352,0.4378,0,0,0,0
324.382,0.4377,0,0,0,0
324.417,0.4375,0,0,0,0
324.449,0.4373,0,0,0,0
324.485,0.4372,0,0,0,0
324.518,0.4370,0,0,0,0
324.550,0.4368,0,0,0,0
324.582,0.4367,0,0,0,0
324.616,0.4365,0,0,0,0
324.649,0.4364,0,0,0,0
324.682,0.4363,0,0,0,0
324.718,0.4361,0,0,0,0
324.750,0.4359,0,0,0,0
324.784,0.4358,0,0,0,0
324.818,0.4356,0,0,0,0
324.851,0.4354,0,0,0,0
324.884,0.4354,0,0,0,0
324.916,0.4352,0,0,0,0
324.949,0.4350,0,0,0,0
324.984,0.4349,0,0,0,0
325.016,0.4347,0,0,0,0
325.050,0.4346,0,0,0,0
325.082,0.4345,0,0,0,0
325.116,0.4343,0,0,0,0
325.152,0.4342,0,0,0,0
325.185,0.4341,0,0,0,0
325.218,0.4339,0,0,0,0
325.249,0.4337,0,0,0,0
325.282,0.4337,0,0,0,0
325.318,0.4335,0,0,0,0
325.348,0.4333,0,0,0,0
325.386,0.4333,0,0,0,0
325.416,0.4331,0,0,0,0
325.449,0.4329,0,0,0,0
325.484,0.4329,0,0,0,0
325.516,0.4327,0,0,0,0
325.548,0.4326,0,0,0,0
325.582,0.4325,0,0,0,0
325.616,0.4323,0,0,0,0
325.650,0.4322,0,0,0,0
325.684,0.4321,0,0,0,0
325.716,0.4320,0,0,0,0
325.749,0.4318,0,0,0,0
325.782,0.4317,0,0,0,0
325.816,0.4316,0,0,0,0
325.850,0.4315,0,0,0,0
325.884,0.4314,0,0,0,0
325.919,0.4312,0,0,0,0
325.949,0.4311,0,0,0,0
325.983,0.4310,0,0,0,0
326.016,0.4309,0,0,0,0
326.049,0.4308,0,0,0,0
326.083,0.4307,0,0,0,0
326.118,0.4306,0,0,0,0
326.152,0.4304,0,0,0,0
326.186,0.4304,0,0,0,0
326.216,0.4303,0,0,0,0
326.250,0.4301,0,0,0,0
326.283,0.4301,0,0,0,0
326.318,0.4299,0,0,0,0
326.350,0.4298,0,0,0,0
326.384,0.4298,0,0,0,0
326.417,0.4296,0,0,0,0
326.450,0.4295,0,0,0,0
326.483,0.4295,0,0,0,0
326.516,0.4293,0,0,0,0
326.549,0.4292,0,0,0,0
326.584,0.4292,0,0,0,0
326.615,0.4290,0,0,0,0
326.649,0.4289,0,0,0,0
326.683,0.4289,0,0,0,0
326.716,0.4288,0,0,0,0
326.750,0.4287,0,0,0,0
326.783,0.4286,0,0,0,0
326.816,0.4285,0,0,0,0
326.850,0.4284,0,0,0,0
326.885,0.4283,0,0,0,0
326.916,0.4282,0,0,0,0
326.950,0.4281,0,0,0,0
326.984,0.4281,0,0,0,0
327.018,0.4280,0,0,0,0
327.050,0.4279,0,0,0,0
327.083,0.4278,0,0,0,0
327.117,0.4277,0,0,0,0
327.151,0.4276,0,0,0,0
327.186,0.4276,0,0,0,0
327.216,0.4275,0,0,0,0
327.249,0.4274,0,0,0,0
327.283,0.4274,0,0,0,0
327.317,0.4273,0,0,0,0
327.351,0.4272,0,0,0,0
327.385,0.4271,0,0,0,0
327.416,0.4270,0,0,0,0
327.450,0.4270,0,0,0,0
327.483,0.4269,0,0,0,0
327.517,0.4268,0,0,0,0
327.550,0.4268,0,0,0,0
327.585,0.4267,0,0,0,0
327.619,0.4266,0,0,0,0
327.650,0.4265,0,0,0,0
327.684,0.4265,0,0,0,0
327.718,0.4264,0,0,0,0
327.752,0.4263,0,0,0,0
327.785,0.4263,0,0,0,0
327.815,0.4262,0,0,0,0
327.850,0.4262,0,0,0,0
327.885,0.4261,0,0,0,0
327.917,0.4260,0,0,0,0
327.951,0.4260,0,0,0,0
327.985,0.4259,0,0,0,0
328.015,0.4259,0,0,0,0
328.049,0.4258,0,0,0,0
328.082,0.4258,0,0,0,0
328.118,0.4257,0,0,0,0
328.152,0.4256,0,0,0,0
328.182,0.4256,0,0,0,0
328.216,0.4255,0,0,0,0
328.252,0.4254,0,0,0,0
328.285,0.4254,0,0,0,0
328.316,0.4254,0,0,0,0
328.350,0.4253,0,0,0,0
328.384,0.4253,0,0,0,0
328.417,0.4252,0,0,0,0
328.450,0.4251,0,0,0,0
328.483,0.4251,0,0,0,0
328.516,0.4250,0,0,0,0
328.549,0.4250,0,0,0,0
328.584,0.4250,0,0,0,0
328.618,0.4249,0,0,0,0
328.649,0.4248,0,0,0,0
328.683,0.4248,0,0,0,0
328.718,0.4247,0,0,0,0
328.750,0.4247,0,0,0,0
328.783,0.4247,0,0,0,0
328.818,0.4246,0,0,0,0
328.852,0.4246,0,0,0,0
328.882,0.4245,0,0,0,0
328.916,0.4245,0,0,0,0
328.950,0.4244,0,0,0,0
328.984,0.4244,0,0,0,0
329.018,0.4244,0,0,0,0
329.051,0.4243,0,0,0,0
329.085,0.4243,0,0,0,0
329.118,0.4242,0,0,0,0
329.152,0.4242,0,0,0,0
329.184,0.4242,0,0,0,0
329.215,0.4241,0,0,0,0
329.250,0.4241,0,0,0,0
329.283,0.4240,0,0,0,0
329.317,0.4240,0,0,0,0
329.351,0.4239,0,0,0,0
329.383,0.4239,0,0,0,0
329.418,0.4239,0,0,0,0
329.452,0.4238,0,0,0,0
329.482,0.4238,0,0,0,0
329.516,0.4238,0,0,0,0
329.549,0.4237,0,0,0,0
329.582,0.4237,0,0,0,0
329.616,0.4237,0,0,0,0
329.651,0.4236,0,0,0,0
329.685,0.4236,0,0,0,0
329.718,0.4236,0,0,0,0
329.752,0.4235,0,0,0,0
329.782,0.4235,0,0,0,0
329.815,0.4235,0,0,0,0
329.848,0.4234,0,0,0,0
329.884,0.4234,0,0,0,0
329.918,0.4234,0,0,0,0
329.952,0.4233,0,0,0,0
329.985,0.4233,0,0,0,0
330.018,0.4233,0,0,0,0
330.051,0.4233,0,0,0,0
330.082,0.4232,0,0,0,0
330.119,0.4232,0,0,0,0
330.149,0.4232,0,0,0,0
330.182,0.4232,0,0,0,0
330.215,0.4231,0,0,0,0
330.251,0.4231,0,0,0,0
330.284,0.4231,0,0,0,0
330.317,0.4230,0,0,0,0
330.349,0.4230,0,0,0,0
330.382,0.4230,0,0,0,0
330.416,0.4230,0,0,0,0
330.449,0.4229,0,0,0,0
330.485,0.4229,0,0,0,0
330.517,0.4229,0,0,0,0
330.552,0.4229,0,0,0,0
330.584,0.4228,0,0,0,0
330.617,0.4228,0,0,0,0
330.648,0.4228,0,0,0,0
330.684,0.4228,0,0,0,0
330.715,0.4227,0,0,0,0
330.750,0.4227,0,0,0,0
330.785,0.4227,0,0,0,0
330.817,0.4227,0,0,0,0
330.849,0.4227,0,0,0,0
330.882,0.4226,0,0,0,0
330.919,0.4226,0,0,0,0
330.951,0.4226,0,0,0,0
330.983,0.4226,0,0,0,0
331.018,0.4226,0,0,0,0
331.050,0.4225,0,0,0,0
331.083,0.4225,0,0,0,0
331.118,0.4221,0,0,0,0
331.154,0.4216,0,0,0,0
331.184,0.4219,0,0,0,0
331.215,0.4248,0,7,7,0
331.249,0.4294,0,7,7,0
331.282,0.4323,0,7,7,0
331.316,0.4389,0,7,7,0
331.350,0.4464,0,7,7,0
331.382,0.4504,0,7,7,0
331.417,0.4586,0,7,7,0
331.449,0.4669,0,7,7,0
331.483,0.4710,0,7,7,0
331.516,0.4790,1,6,6,1
331.551,0.4863,1,6,6,1
331.583,0.4898,1,6,6,1
331.615,0.4961,1,6,6,1
331.651,0.5017,1,6,6,1
331.683,0.5043,1,6,6,1
331.718,0.5089,1,6,6,1
331.749,0.5126,1,6,6,1
331.783,0.5140,1,6,6,1
331.817,0.5159,1,6,6,1
331.849,0.5166,1,6,6,1
331.885,0.5166,1,6,6,1
331.916,0.5163,1,6,6,1
331.950,0.5155,1,6,6,1
331.986,0.5151,1,6,6,1
332.018,0.5141,1,6,6,1
332.047,0.5131,1,6,6,1
332.084,0.5126,1,6,6,1
332.118,0.5114,1,6,6,1
332.149,0.5102,1,6,6,1
332.184,0.5096,1,6,6,1
332.218,0.5084,1,6,6,1
332.251,0.5073,1,6,6,1
332.286,0.5068,1,6,6,1
332.315,0.5056,1,6,6,1
332.349,0.5044,1,6,6,1
332.384,0.5038,1,6,6,1
332.419,0.5027,1,6,6,1
332.449,0.5011,1,6,6,1
332.484,0.4997,1,6,6,1
332.518,0.4954,1,6,6,1
332.549,0.4892,1,6,6,1
332.584,0.4857,1,6,6,1
332.619,0.4793,1,6,6,1
332.650,0.4737,1,6,6,1
332.686,0.4712,0,7,7,0
332.716,0.4664,0,7,7,0
332.749,0.4622,0,7,7,0
332.782,0.4602,0,7,7,0
332.818,0.4565,0,7,7,0
332.849,0.4533,0,7,7,0
332.883,0.4517,0,7,7,0
332.918,0.4490,0,7,7,0
332.950,0.4465,0,7,7,0
332.984,0.4453,0,7,7,0
333.018,0.4433,0,7,7,0
333.050,0.4415,0,7,7,0
333.082,0.4407,0,7,7,0
333.117,0.4392,0,7,7,0
333.151,0.4379,0,7,7,0
333.183,0.4374,0,7,7,0
333.217,0.4363,0,7,7,0
333.250,0.4354,0,7,7,0
333.284,0.4350,0,7,7,0
333.317,0.4343,0,7,7,0
333.352,0.4337,0,7,7,0
333.382,0.4334,0,7,7,0
333.418,0.4329,0,7,7,0
333.449,0.4325,0,7,7,0
333.483,0.4323,0,7,7,0
333.518,0.4320,0,7,7,0
333.550,0.4316,0,7,7,0
333.582,0.4315,0,7,7,0
333.617,0.4312,0,7,7,0
333.651,0.4310,0,7,7,0
333.683,0.4309,0,7,7,0
333.717,0.4307,0,7,7,0
333.750,0.4306,0,7,7,0
333.783,0.4305,0,7,7,0
333.818,0.4304,0,7,7,0
333.850,0.4302,0,7,7,0
333.886,0.4302,0,7,7,0
333.915,0.4301,0,7,7,0
333.950,0.4301,0,7,7,0
333.985,0.4300,0,7,7,0
334.016,0.4300,0,7,7,0
334.050,0.4300,0,7,7,0
334.083,0.4300,0,0,0,0
334.115,0.4300,0,0,0,0
334.150,0.4300,0,0,0,0
334.184,0.4300,0,0,0,0
334.218,0.4301,0,0,0,0
334.249,0.4301,0,0,0,0
334.282,0.4301,0,0,0,0
334.317,0.4302,0,0,0,0
334.352,0.4303,0,0,0,0
334.384,0.4303,0,0,0,0
334.419,0.4304,0,0,0,0
334.452,0.4305,0,0,0,0
334.483,0.4306,0,0,0,0
334.516,0.4307,0,0,0,0
334.550,0.4308,0,0,0,0
334.584,0.4309,0,0,0,0
334.615,0.4310,0,0,0,0
334.650,0.4311,0,0,0,0
334.685,0.4312,0,0,0,0
334.718,0.4314,0,0,0,0
334.749,0.4315,0,0,0,0
334.783,0.4316,0,0,0,0
334.818,0.4317,0,0,0,0
334.852,0.4319,0,0,0,0
334.885,0.4319,0,0,0,0
334.916,0.4321,0,0,0,0
334.950,0.4322,0,0,0,0
334.983,0.4323,0,0,0,0
335.018,0.4325,0,0,0,0
335.048,0.4326,0,0,0,0
335.083,0.4327,0,0,0,0
335.117,0.4329,0,0,0,0
335.152,0.4330,0,0,0,0
335.182,0.4331,0,0,0,0
335.216,0.4332,0,0,0,0
335.249,0.4334,0,0,0,0
335.283,0.4334,0,0,0,0
335.315,0.4336,0,0,0,0
335.351,0.4337,0,0,0,0
335.383,0.4338,0,0,0,0
335.416,0.4339,0,0,0,0
335.450,0.4340,0,0,0,0
335.482,0.4341,0,0,0,0
335.517,0.4342,0,0,0,0
335.551,0.4343,0,0,0,0
335.583,0.4344,0,0,0,0
335.618,0.4345,0,0,0,0
335.651,0.4346,0,0,0,0
335.682,0.4346,0,0,0,0
335.719,0.4347,0,0,0,0
335.750,0.4348,0,0,0,0
335.783,0.4349,0,0,0,0
335.817,0.4350,0,0,0,0
335.850,0.4351,0,0,0,0
335.885,0.4351,0,0,0,0
335.919,0.4352,0,0,0,0
335.950,0.4353,0,0,0,0
335.985,0.4353,0,0,0,0
336.019,0.4354,0,0,0,0
336.049,0.4355,0,0,0,0
336.082,0.4355,0,0,0,0
336.116,0.4356,0,0,0,0
336.152,0.4356,0,0,0,0
336.183,0.4357,0,0,0,0
336.217,0.4357,0,0,0,0
336.250,0.4358,0,0,0,0
336.285,0.4358,0,0,0,0
336.317,0.4358,0,0,0,0
336.349,0.4359,0,0,0,0
336.383,0.4359,0,0,0,0
336.418,0.4360,0,0,0,0
336.449,0.4360,0,0,0,0
336.482,0.4360,0,0,0,0
336.516,0.4361,0,0,0,0
336.549,0.4361,0,0,0,0
336.585,0.4361,0,0,0,0
336.618,0.4361,0,0,0,0
336.652,0.4362,0,0,0,0
336.686,0.4362,0,0,0,0
336.716,0.4362,0,0,0,0
336.750,0.4362,0,0,0,0
336.783,0.4362,0,0,0,0
336.817,0.4362,0,0,0,0
336.848,0.4363,0,0,0,0
336.884,0.4363,0,0,0,0
336.916,0.4363,0,0,0,0
336.950,0.4363,0,0,0,0
336.985,0.4363,0,0,0,0
337.018,0.4363,0,0,0,0
337.052,0.4363,0,0,0,0
337.085,0.4363,0,0,0,0
337.117,0.4363,0,0,0,0
337.152,0.4363,0,0,0,0
337.182,0.4363,0,0,0,0
337.216,0.4362,0,0,0,0
337.251,0.4362,0,0,0,0
337.286,0.4362,0,0,0,0
337.316,0.4362,0,0,0,0
337.352,0.4362,0,0,0,0
337.383,0.4361,0,0,0,0
337.418,0.4361,0,0,0,0
337.452,0.4361,0,0,0,0
337.485,0.4361,0,0,0,0
337.515,0.4360,0,0,0,0
337.550,0.4360,0,0,0,0
337.583,0.4360,0,0,0,0
337.618,0.4359,0,0,0,0
337.649,0.4358,0,0,0,0
337.685,0.4358,0,0,0,0
337.719,0.4358,0,0,0,0
337.749,0.4357,0,0,0,0
337.783,0.4357,0,0,0,0
337.816,0.4356,0,0,0,0
337.850,0.4355,0,0,0,0
337.885,0.4355,0,0,0,0
337.915,0.4354,0,0,0,0
337.948,0.4353,0,0,0,0
337.985,0.4353,0,0,0,0
338.017,0.4352,0,0,0,0
338.052,0.4351,0,0,0,0
338.085,0.4351,0,0,0,0
338.117,0.4350,0,0,0,0
338.151,0.4349,0,0,0,0
338.183,0.4348,0,0,0,0
338.217,0.4347,0,0,0,0
338.250,0.4346,0,0,0,0
338.284,0.4345,0,0,0,0
338.316,0.4344,0,0,0,0
338.350,0.4343,0,0,0,0
338.384,0.4342,0,0,0,0
338.415,0.4341,0,0,0,0
338.449,0.4340,0,0,0,0
338.483,0.4339,0,0,0,0
338.516,0.4338,0,0,0,0
338.550,0.4337,0,0,0,0
338.582,0.4336,0,0,0,0
338.614,0.4335,0,0,0,0
338.650,0.4333,0,0,0,0
338.683,0.4333,0,0,0,0
338.718,0.4331,0,0,0,0
338.749,0.4330,0,0,0,0
338.786,0.4329,0,0,0,0
338.816,0.4328,0,0,0,0
338.850,0.4326,0,0,0,0
338.886,0.4325,0,0,0,0
338.915,0.4324,0,0,0,0
338.949,0.4322,0,0,0,0
338.982,0.4322,0,0,0,0
339.016,0.4320,0,0,0,0
339.050,0.4318,0,0,0,0
339.085,0.4314,0,0,0,0
339.117,0.4301,0,0,0,0
339.149,0.4277,0,7,7,0
339.184,0.4243,0,7,7,0
339.216,0.4257,0,7,7,0
339.250,0.4294,0,7,7,0
339.285,0.4321,0,7,7,0
339.315,0.4367,0,7,7,0
339.350,0.4430,0,7,7,0
339.386,0.4485,0,7,7,0
339.417,0.4523,0,7,7,0
339.452,0.4555,0,7,7,0
339.483,0.4575,0,7,7,0
339.518,0.4586,0,7,7,0
339.551,0.4587,0,7,7,0
339.582,0.4579,0,7,7,0
339.616,0.4559,0,7,7,0
339.649,0.4530,0,7,7,0
339.682,0.4492,0,7,7,0
339.718,0.4438,0,7,7,0
339.751,0.4379,0,7,7,0
339.786,0.4307,0,7,7,0
339.818,0.4231,0,7,7,0
339.849,0.4181,0,7,7,0
339.882,0.4194,0,7,7,0
339.915,0.4196,0,7,7,0
339.951,0.4220,0,7,7,0
339.985,0.4283,0,7,7,0
340.018,0.4334,0,7,7,0
340.050,0.4373,0,7,7,0
340.082,0.4406,0,7,7,0
340.119,0.4433,0,7,7,0
340.149,0.4446,0,7,7,0
340.183,0.4453,0,7,7,0
340.217,0.4450,0,7,7,0
340.250,0.4437,0,7,7,0
340.284,0.4415,0,7,7,0
340.318,0.4384,0,7,7,0
340.349,0.4400,0,7,7,0
340.383,0.4478,0,7,7,0
340.418,0.4545,0,7,7,0
340.451,0.4601,0,7,7,0
340.485,0.4647,0,7,7,0
340.516,0.4679,0,7,7,0
340.549,0.4704,0,7,7,0
340.584,0.4720,0,7,7,0
340.615,0.4723,0,7,7,0
340.651,0.4716,0,7,7,0
340.683,0.4702,0,7,7,0
340.718,0.4673,0,7,7,0
340.751,0.4635,0,7,7,0
340.783,0.4591,0,7,7,0
340.818,0.4530,0,7,7,0
340.850,0.4538,0,7,7,0
340.884,0.4582,0,7,7,0
340.917,0.4614,0,7,7,0
340.953,0.4612,0,7,7,0
340.984,0.4611,0,7,7,0
341.017,0.4670,0,7,7,0
341.050,0.4642,0,7,7,0
341.082,0.4609,0,7,7,0
341.118,0.4580,0,7,7,0
341.149,0.4569,0,7,7,0
341.186,0.4563,0,7,7,0
341.217,0.4559,0,7,7,0
341.252,0.4557,0,7,7,0
341.283,0.4557,0,7,7,0
341.317,0.4555,0,7,7,0
341.349,0.4514,0,7,7,0
341.384,0.4511,0,7,7,0
341.418,0.4558,0,7,7,0
341.448,0.4593,0,7,7,0
341.484,0.4623,0,7,7,0
341.518,0.4641,0,7,7,0
341.549,0.4648,0,7,7,0
341.582,0.4645,0,7,7,0
341.618,0.4631,0,7,7,0
341.649,0.4608,0,7,7,0
341.683,0.4574,0,7,7,0
341.718,0.4527,0,7,7,0
341.748,0.4477,0,7,7,0
341.783,0.4411,0,7,7,0
341.817,0.4334,0,7,7,0
341.849,0.4252,0,7,7,0
341.884,0.4156,0,7,7,0
341.918,0.4059,0,7,7,0
341.949,0.4036,0,7,7,0
341.984,0.4050,0,7,7,0
342.018,0.4045,0,7,7,0
342.048,0.4040,0,7,7,0
342.083,0.4038,0,7,7,0
342.115,0.4034,0,7,7,0
342.151,0.4030,0,7,7,0
342.184,0.4029,0,7,7,0
342.215,0.4027,0,7,7,0
342.250,0.4025,0,7,7,0
342.284,0.4024,0,7,7,0
342.318,0.4023,0,7,7,0
342.351,0.4022,0,7,7,0
342.382,0.4042,0,7,7,0
342.418,0.4085,0,7,7,0
342.449,0.4085,0,7,7,0
342.483,0.4085,0,7,7,0
342.518,0.3997,0,7,7,0
342.550,0.3992,0,7,7,0
342.582,0.3992,0,7,7,0
342.616,0.3992,0,7,7,0
342.651,0.3992,0,7,7,0
342.683,0.3992,0,7,7,0
342.718,0.3992,0,7,7,0
342.751,0.3991,0,7,7,0
342.784,0.3991,0,7,7,0
342.815,0.3991,0,7,7,0
342.852,0.3991,0,7,7,0
342.883,0.3991,0,7,7,0
342.918,0.3991,0,7,7,0
342.952,0.3991,0,7,7,0
342.983,0.3991,0,7,7,0
343.015,0.3990,0,7,7,0
343.051,0.3990,0,7,7,0
343.082,0.3990,0,7,7,0
343.118,0.3990,0,7,7,0
343.150,0.3990,0,7,7,0
343.184,0.3989,0,7,7,0
343.216,0.3989,0,7,7,0
343.251,0.3989,0,7,7,0
343.282,0.3989,0,7,7,0
343.318,0.3989,0,7,7,0
343.350,0.3988,0,7,7,0
343.386,0.3988,0,7,7,0
343.418,0.3988,0,7,7,0
343.452,0.3981,0,7,7,0
343.483,0.4024,0,7,7,0
343.517,0.4087,0,7,7,0
343.552,0.4154,0,7,7,0
343.584,0.4218,0,7,7,0
343.618,0.4282,0,7,7,0
343.650,0.4339,0,7,7,0
343.683,0.4388,0,7,7,0
343.718,0.4408,0,7,7,0
343.749,0.4408,0,7,7,0
343.784,0.4408,0,7,7,0
343.819,0.4408,0,7,7,0
343.852,0.4408,0,7,7,0
343.884,0.4408,0,7,7,0
343.918,0.4408,0,7,7,0
343.950,0.4443,0,7,7,0
343.985,0.4481,0,7,7,0
344.016,0.4512,0,7,7,0
344.050,0.4545,0,7,7,0
344.082,0.4569,0,7,7,0
344.119,0.4587,0,7,7,0
344.150,0.4595,0,7,7,0
344.182,0.4596,0,7,7,0
344.218,0.4596,0,7,7,0
344.249,0.4596,0,7,7,0
344.284,0.4596,0,7,7,0
344.317,0.4597,0,7,7,0
344.349,0.4597,0,7,7,0
344.385,0.4597,0,7,7,0
344.417,0.4597,0,7,7,0
344.448,0.4597,0,7,7,0
344.484,0.4597,0,7,7,0
344.519,0.4599,0,7,7,0
344.549,0.4601,0,7,7,0
344.585,0.4604,0,7,7,0
344.618,0.4604,0,7,7,0
344.650,0.4601,0,7,7,0
344.685,0.4598,0,7,7,0
344.718,0.4598,0,7,7,0
344.755,0.4599,0,7,7,0
344.783,0.4599,0,7,7,0
344.815,0.4599,0,7,7,0
344.851,0.4599,0,7,7,0
344.883,0.4599,0,7,7,0
344.915,0.4599,0,7,7,0
344.951,0.4599,0,7,7,0
344.985,0.4599,0,7,7,0
345.015,0.4599,0,7,7,0
345.050,0.4600,0,7,7,0
345.082,0.4600,0,7,7,0
345.116,0.4597,0,7,7,0
345.151,0.4593,0,0,0,0
345.184,0.4587,0,0,0,0
345.218,0.4580,0,0,0,0
345.252,0.4578,0,0,0,0
345.283,0.4578,0,0,0,0
345.316,0.4578,0,0,0,0
345.350,0.4578,0,0,0,0
345.384,0.4579,0,0,0,0
345.412,0.4579,0,0,0,0
345.450,0.4579,0,0,0,0
345.483,0.4579,0,0,0,0
345.515,0.4579,0,0,0,0
345.551,0.4579,0,0,0,0
345.583,0.4579,0,0,0,0
345.618,0.4577,0,0,0,0
345.649,0.4565,0,0,0,0
345.684,0.4547,0,7,7,0
345.715,0.4528,0,7,7,0
345.751,0.4501,0,7,7,0
345.782,0.4474,0,7,7,0
345.817,0.4474,0,7,7,0
345.850,0.4474,0,7,7,0
345.882,0.4474,0,7,7,0
345.915,0.4474,0,7,7,0
345.951,0.4474,0,7,7,0
345.985,0.4475,0,7,7,0
346.016,0.4475,0,7,7,0
346.052,0.4475,0,7,7,0
346.082,0.4475,0,7,7,0
346.118,0.4476,0,7,7,0
346.152,0.4476,0,7,7,0
346.183,0.4476,0,7,7,0
346.218,0.4476,0,7,7,0
346.252,0.4476,0,7,7,0
346.284,0.4476,0,7,7,0
346.316,0.4462,0,7,7,0
346.351,0.4427,0,7,7,0
346.382,0.4465,0,7,7,0
346.418,0.4532,0,7,7,0
346.449,0.4589,0,7,7,0
346.485,0.4618,0,7,7,0
346.516,0.4649,0,7,7,0
346.551,0.4684,0,7,7,0
346.585,0.4701,0,7,7,0
346.615,0.4739,0,7,7,0
346.652,0.4789,0,7,7,0
346.682,0.4821,0,7,7,0
346.716,0.4902,0,7,7,0
346.752,0.5006,0,7,7,0
346.784,0.5069,0,7,7,0
346.819,0.5218,0,7,7,0
346.849,0.5397,0,7,7,0
346.882,0.5497,0,7,7,0
346.916,0.5714,0,7,7,0
346.951,0.5953,0,7,7,0
346.985,0.6076,0,7,7,0
347.017,0.6314,0,7,7,0
347.051,0.6530,1,6,6,1
347.082,0.6627,1,6,6,1
347.117,0.6806,1,6,6,1
347.149,0.6961,1,6,6,1
347.182,0.6991,1,6,6,1
347.215,0.7117,1,6,6,1
347.250,0.7237,1,6,6,1
347.285,0.7297,1,6,6,1
347.318,0.7413,1,6,6,1
347.351,0.7523,1,6,6,1
347.384,0.7577,1,6,6,1
347.416,0.7684,1,6,6,1
347.452,0.7789,1,6,6,1
347.484,0.7841,1,6,6,1
347.518,0.7942,1,6,6,1
347.549,0.8039,1,6,6,1
347.584,0.8088,1,6,6,1
347.618,0.8190,1,6,6,1
347.650,0.8297,1,6,6,1
347.684,0.8353,1,6,6,1
347.716,0.8464,1,6,6,1
347.751,0.8570,1,6,6,1
347.782,0.8619,1,6,6,1
347.817,0.8708,1,6,6,1
347.851,0.8790,1,6,6,1
347.883,0.8829,1,6,6,1
347.916,0.8903,1,6,6,1
347.950,0.8972,1,6,6,1
347.981,0.9001,1,6,6,1
348.017,0.9062,1,6,6,1
348.049,0.9059,1,6,6,1
348.084,0.8885,1,6,6,1
348.116,0.8611,1,6,6,1
348.151,0.8255,1,6,6,1
348.183,0.7809,1,6,6,1
348.218,0.7318,1,6,6,1
348.249,0.4211,0,0,0,0
348.285,0.4237,0,0,0,0
348.316,0.4256,0,0,0,0
348.351,0.4267,0,0,0,0
348.382,0.4268,0,0,0,0
348.417,0.4271,0,0,0,0
348.451,0.4277,0,0,0,0
348.484,0.4279,0,0,0,0
348.517,0.4287,0,0,0,0
348.549,0.4294,0,0,0,0
348.585,0.4298,0,0,0,0
348.616,0.4305,0,0,0,0
348.650,0.4311,0,0,0,0
348.682,0.4310,0,0,0,0
348.718,0.4308,0,0,0,0
348.751,0.4297,0,0,0,0
348.783,0.4280,0,0,0,0
348.818,0.4256,0,0,0,0
348.850,0.4229,0,0,0,0
348.884,0.4196,0,0,0,0
348.915,0.4178,0,0,0,0
348.949,0.4176,0,0,0,0
348.983,0.4175,0,0,0,0
349.015,0.4176,0,0,0,0
349.048,0.4177,0,0,0,0
349.085,0.4178,0,0,0,0
349.116,0.4179,0,7,7,0
349.150,0.4180,0,7,7,0
349.185,0.4179,0,7,7,0
349.218,0.4175,0,7,7,0
349.250,0.4168,0,7,7,0
349.282,0.4158,0,7,7,0
349.318,0.4145,0,7,7,0
349.348,0.4133,0,7,7,0
349.384,0.4133,0,7,7,0
349.416,0.4133,0,7,7,0
349.452,0.4133,0,7,7,0
349.484,0.4132,0,7,7,0
349.516,0.4185,0,7,7,0
349.551,0.4185,0,7,7,0
349.583,0.4185,0,7,7,0
349.618,0.4185,0,7,7,0
349.653,0.4166,0,7,7,0
349.684,0.4116,0,7,7,0
349.718,0.4053,0,7,7,0
349.750,0.4011,0,7,7,0
349.783,0.3975,0,7,7,0
349.816,0.4076,0,7,7,0
349.855,0.4185,0,7,7,0
349.884,0.4255,0,7,7,0
349.916,0.4320,0,7,7,0
349.951,0.4364,0,7,7,0
349.983,0.4382,0,7,7,0
350.018,0.4384,0,7,7,0
350.050,0.4386,0,7,7,0
350.084,0.4387,0,7,7,0
350.118,0.4389,0,7,7,0
350.151,0.4390,0,7,7,0
350.183,0.4391,0,7,7,0
350.219,0.4393,0,7,7,0
350.251,0.4436,0,7,7,0
350.285,0.4486,0,7,7,0
350.316,0.4524,0,7,7,0
350.350,0.4555,0,7,7,0
350.383,0.4573,0,7,7,0
350.419,0.4578,0,7,7,0
350.452,0.4579,0,7,7,0
350.483,0.4580,0,7,7,0
350.518,0.4581,0,7,7,0
350.552,0.4582,0,7,7,0
350.583,0.4582,0,7,7,0
350.618,0.4583,0,7,7,0
350.649,0.4584,0,7,7,0
350.683,0.4590,0,7,7,0
350.717,0.4590,0,7,7,0
350.751,0.4580,0,7,7,0
350.785,0.4559,0,7,7,0
350.817,0.4530,0,7,7,0
350.849,0.4491,0,7,7,0
350.882,0.4476,0,7,7,0
350.917,0.4474,0,7,7,0
350.951,0.4475,0,7,7,0
350.983,0.4475,0,7,7,0
351.018,0.4471,0,7,7,0
351.050,0.4447,0,7,7,0
351.082,0.4428,0,7,7,0
351.118,0.4376,0,7,7,0
351.152,0.4303,0,7,7,0
351.184,0.4251,0,7,7,0
351.217,0.4181,0,7,7,0
351.250,0.4103,0,7,7,0
351.285,0.4014,0,7,7,0
351.318,0.3969,0,7,7,0
351.349,0.3957,0,7,7,0
351.384,0.3957,0,7,7,0
351.416,0.3956,0,7,7,0
351.451,0.3957,0,7,7,0
351.484,0.3958,0,7,7,0
351.518,0.4167,0,7,7,0
351.552,0.4170,0,7,7,0
351.586,0.4172,0,7,7,0
351.617,0.4177,0,7,7,0
351.649,0.4181,0,7,7,0
351.684,0.4184,0,7,7,0
351.716,0.4189,0,7,7,0
351.750,0.4194,0,7,7,0
351.782,0.4196,0,7,7,0
351.816,0.4201,0,7,7,0
351.852,0.4219,0,7,7,0
351.882,0.4251,0,7,7,0
351.915,0.4289,0,7,7,0
351.951,0.4329,0,7,7,0
351.984,0.4362,0,7,7,0
352.018,0.4393,0,7,7,0
352.049,0.4418,0,7,7,0
352.083,0.4438,0,7,7,0
352.118,0.4454,0,7,7,0
352.149,0.4468,0,7,7,0
352.185,0.4471,0,7,7,0
352.217,0.4474,0,7,7,0
352.251,0.4471,0,7,7,0
352.282,0.4466,0,7,7,0
352.317,0.4474,0,7,7,0
352.350,0.4483,0,7,7,0
352.382,0.4487,0,7,7,0
352.418,0.4495,0,7,7,0
352.452,0.4502,0,7,7,0
352.482,0.4499,0,7,7,0
352.518,0.4497,0,7,7,0
352.552,0.4492,0,7,7,0
352.584,0.4481,0,7,7,0
352.616,0.4471,0,7,7,0
352.651,0.4457,0,7,7,0
352.681,0.4453,0,7,7,0
352.717,0.4452,0,7,7,0
352.749,0.4451,0,7,7,0
352.785,0.4446,0,7,7,0
352.818,0.4440,0,7,7,0
352.851,0.4429,0,7,7,0
352.883,0.4414,0,7,7,0
352.919,0.4393,0,7,7,0
352.949,0.4372,0,7,7,0
352.985,0.4342,0,7,7,0
353.016,0.4314,0,7,7,0
353.049,0.4282,0,7,7,0
353.085,0.4242,0,7,7,0
353.118,0.4205,0,7,7,0
353.149,0.4167,0,7,7,0
353.185,0.4122,0,7,7,0
353.218,0.4078,0,7,7,0
353.251,0.4031,0,7,7,0
353.288,0.3984,0,7,7,0
353.317,0.4014,0,7,7,0
353.351,0.4046,0,7,7,0
353.383,0.4075,0,7,7,0
353.416,0.4103,0,7,7,0
353.451,0.4130,0,7,7,0
353.483,0.4153,0,7,7,0
353.518,0.4176,0,7,7,0
353.549,0.4195,0,7,7,0
353.582,0.4213,0,7,7,0
353.618,0.4251,0,7,7,0
353.649,0.4284,0,7,7,0
353.684,0.4321,0,7,7,0
353.719,0.4355,0,7,7,0
353.750,0.4384,0,7,7,0
353.785,0.4383,0,7,7,0
353.816,0.4383,0,7,7,0
353.849,0.4382,0,7,7,0
353.884,0.4197,0,7,7,0
353.918,0.4215,0,7,7,0
353.950,0.4239,0,7,7,0
353.984,0.4277,0,7,7,0
354.019,0.4314,0,7,7,0
354.049,0.4344,0,7,7,0
354.083,0.4375,0,7,7,0
354.115,0.4383,0,7,7,0
354.151,0.4389,0,7,7,0
354.182,0.4391,0,7,7,0
354.218,0.4391,0,7,7,0
354.251,0.4390,0,7,7,0
354.285,0.4390,0,7,7,0
354.318,0.4389,0,7,7,0
354.352,0.4389,0,7,7,0
354.384,0.4389,0,7,7,0
354.415,0.4388,0,7,7,0
354.450,0.4387,0,7,7,0
354.484,0.4387,0,7,7,0
354.518,0.4385,0,7,7,0
354.549,0.4380,0,7,7,0
354.584,0.4376,0,7,7,0
354.616,0.4382,0,7,7,0
354.651,0.4413,0,7,7,0
354.682,0.4444,0,7,7,0
354.718,0.4478,0,7,7,0
354.752,0.4511,0,7,7,0
354.784,0.4537,0,7,7,0
354.817,0.4558,0,7,7,0
354.852,0.4569,0,7,7,0
354.882,0.4572,0,7,7,0
354.917,0.4576,0,7,7,0
354.951,0.4580,0,7,7,0
354.983,0.4581,0,7,7,0
355.017,0.4584,0,7,7,0
355.051,0.4586,0,7,7,0
355.083,0.4587,0,7,7,0
355.115,0.4589,0,7,7,0
355.151,0.4591,0,7,7,0
355.182,0.4591,0,7,7,0
355.218,0.4593,0,7,7,0
355.252,0.4594,0,7,7,0
355.285,0.4594,0,7,7,0
355.315,0.4595,0,7,7,0
355.349,0.4595,0,7,7,0
355.382,0.4595,0,7,7,0
355.419,0.4596,0,7,7,0
355.452,0.4596,0,7,7,0
355.485,0.4596,0,7,7,0
355.517,0.4596,0,7,7,0
355.552,0.4596,0,7,7,0
355.584,0.4596,0,7,7,0
355.616,0.4596,0,7,7,0
355.651,0.4596,0,7,7,0
355.682,0.4596,0,7,7,0
355.717,0.4597,0,7,7,0
355.751,0.4597,0,7,7,0
355.783,0.4597,0,7,7,0
355.816,0.4597,0,7,7,0
355.849,0.4597,0,0,0,0
355.884,0.4597,0,0,0,0
355.915,0.4598,0,0,0,0
355.950,0.4598,0,0,0,0
355.984,0.4598,0,0,0,0
356.016,0.4598,0,0,0,0
356.051,0.4598,0,0,0,0
356.082,0.4598,0,0,0,0
356.114,0.4598,0,0,0,0
356.151,0.4599,0,0,0,0
356.183,0.4599,0,0,0,0
356.218,0.4599,0,0,0,0
356.249,0.4599,0,0,0,0
356.284,0.4599,0,0,0,0
356.317,0.4599,0,0,0,0
356.349,0.4599,0,0,0,0
356.385,0.4599,0,0,0,0
356.416,0.4599,0,0,0,0
356.451,0.4599,0,0,0,0
356.484,0.4599,0,0,0,0
356.519,0.4599,0,0,0,0
356.550,0.4599,0,0,0,0
356.583,0.4599,0,0,0,0
356.616,0.4599,0,0,0,0
356.649,0.4598,0,0,0,0
356.684,0.4598,0,0,0,0
356.722,0.4598,0,0,0,0
356.750,0.4598,0,0,0,0
356.785,0.4598,0,0,0,0
356.816,0.4598,0,0,0,0
356.850,0.4598,0,0,0,0
356.882,0.4598,0,0,0,0
356.918,0.4597,0,0,0,0
356.951,0.4597,0,0,0,0
356.982,0.4597,0,0,0,0
357.018,0.4597,0,0,0,0
357.048,0.4597,0,0,0,0
357.084,0.4597,0,0,0,0
357.118,0.4597,0,0,0,0
357.150,0.4596,0,0,0,0
357.182,0.4596,0,0,0,0
357.218,0.4596,0,0,0,0
357.249,0.4596,0,0,0,0
357.284,0.4596,0,0,0,0
357.317,0.4595,0,0,0,0
357.352,0.4595,0,0,0,0
357.384,0.4595,0,0,0,0
357.415,0.4595,0,0,0,0
357.450,0.4595,0,0,0,0
357.485,0.4595,0,0,0,0
357.516,0.4594,0,0,0,0
357.551,0.4594,0,0,0,0
357.583,0.4594,0,0,0,0
357.618,0.4594,0,0,0,0
357.649,0.4594,0,0,0,0
357.684,0.4594,0,0,0,0
357.718,0.4593,0,0,0,0
357.749,0.4593,0,0,0,0
357.783,0.4593,0,0,0,0
357.815,0.4593,0,0,0,0
357.851,0.4593,0,0,0,0
357.882,0.4592,0,0,0,0
357.917,0.4592,0,0,0,0
357.951,0.4592,0,0,0,0
357.982,0.4592,0,0,0,0
358.018,0.4592,0,0,0,0
358.050,0.4592,0,0,0,0
358.084,0.4591,0,0,0,0
358.116,0.4591,0,0,0,0
358.151,0.4591,0,0,0,0
358.184,0.4591,0,0,0,0
358.215,0.4591,0,0,0,0
358.252,0.4591,0,0,0,0
358.284,0.4590,0,0,0,0
358.316,0.4590,0,0,0,0
358.348,0.4590,0,0,0,0
358.384,0.4590,0,0,0,0
358.419,0.4590,0,0,0,0
358.451,0.4590,0,0,0,0
358.484,0.4589,0,0,0,0
358.515,0.4589,0,0,0,0
358.551,0.4589,0,0,0,0
358.582,0.4589,0,0,0,0
358.616,0.4589,0,0,0,0
358.650,0.4589,0,0,0,0
358.683,0.4589,0,0,0,0
358.718,0.4588,0,0,0,0
358.750,0.4588,0,0,0,0
358.782,0.4588,0,0,0,0
358.818,0.4588,0,0,0,0
358.850,0.4588,0,0,0,0
358.882,0.4588,0,0,0,0
358.917,0.4588,0,0,0,0
358.949,0.4587,0,0,0,0
358.985,0.4587,0,0,0,0
359.016,0.4587,0,0,0,0
359.051,0.4587,0,0,0,0
359.084,0.4587,0,0,0,0
359.118,0.4584,0,0,0,0
359.149,0.4574,0,0,0,0
359.182,0.4550,0,7,7,0
359.218,0.4513,0,7,7,0
359.252,0.4468,0,7,7,0
359.284,0.4418,0,7,7,0
359.316,0.4380,0,7,7,0
359.350,0.4380,0,7,7,0
359.384,0.4380,0,7,7,0
359.416,0.4380,0,7,7,0
359.449,0.4379,0,7,7,0
359.484,0.4379,0,7,7,0
359.518,0.4379,0,7,7,0
359.550,0.4378,0,7,7,0
359.584,0.4378,0,7,7,0
359.617,0.4378,0,7,7,0
359.650,0.4377,0,7,7,0
359.683,0.4377,0,7,7,0
359.718,0.4377,0,7,7,0
359.750,0.4377,0,7,7,0
359.784,0.4376,0,7,7,0
359.815,0.4376,0,7,7,0
359.851,0.4376,0,7,7,0
359.884,0.4376,0,7,7,0
359.919,0.4375,0,7,7,0
359.951,0.4375,0,7,7,0
359.982,0.4375,0,7,7,0
360.016,0.4374,0,7,7,0
360.051,0.4374,0,7,7,0
360.083,0.4374,0,7,7,0
360.118,0.4374,0,7,7,0
360.150,0.4373,0,7,7,0
360.182,0.4373,0,7,7,0
360.215,0.4373,0,7,7,0
360.251,0.4372,0,7,7,0
360.285,0.4372,0,7,7,0
360.316,0.4372,0,0,0,0
360.351,0.4372,0,0,0,0
360.383,0.4371,0,0,0,0
360.418,0.4371,0,0,0,0
360.450,0.4371,0,0,0,0
360.482,0.4371,0,0,0,0
360.518,0.4370,0,0,0,0
360.552,0.4370,0,0,0,0
360.584,0.4370,0,0,0,0
360.616,0.4370,0,0,0,0
360.651,0.4369,0,0,0,0
360.682,0.4369,0,0,0,0
360.717,0.4369,0,0,0,0
360.751,0.4369,0,0,0,0
360.781,0.4368,0,0,0,0
360.816,0.4368,0,0,0,0
360.852,0.4368,0,0,0,0
360.885,0.4368,0,0,0,0
360.916,0.4367,0,0,0,0
360.951,0.4367,0,0,0,0
360.983,0.4367,0,0,0,0
361.018,0.4367,0,0,0,0
361.050,0.4366,0,0,0,0
361.085,0.4366,0,0,0,0
361.118,0.4366,0,0,0,0
361.152,0.4366,0,0,0,0
361.186,0.4366,0,0,0,0
361.216,0.4365,0,0,0,0
361.250,0.4365,0,0,0,0
361.283,0.4365,0,0,0,0
361.317,0.4365,0,0,0,0
361.349,0.4364,0,0,0,0
361.388,0.4364,0,0,0,0
361.416,0.4364,0,0,0,0
361.451,0.4364,0,0,0,0
361.485,0.4364,0,0,0,0
361.516,0.4363,0,0,0,0
361.550,0.4363,0,0,0,0
361.585,0.4363,0,0,0,0
361.618,0.4352,0,0,0,0
361.650,0.4337,0,7,7,0
361.685,0.4299,0,7,7,0
361.716,0.4289,0,7,7,0
361.751,0.4271,0,7,7,0
361.783,0.4248,0,7,7,0
361.818,0.4218,0,7,7,0
361.851,0.4183,0,7,7,0
361.882,0.4147,0,7,7,0
361.915,0.4126,0,7,7,0
361.950,0.4103,0,7,7,0
361.984,0.4085,0,7,7,0
362.017,0.4085,0,7,7,0
362.052,0.4085,0,7,7,0
362.083,0.4085,0,7,7,0
362.116,0.4086,0,7,7,0
362.151,0.4086,0,7,7,0
362.182,0.4086,0,7,7,0
362.218,0.4035,0,7,7,0
362.248,0.4026,0,7,7,0
362.281,0.4123,0,7,7,0
362.314,0.4214,0,7,7,0
362.346,0.4293,0,7,7,0
362.383,0.4370,0,7,7,0
362.416,0.4412,0,7,7,0
362.452,0.4450,0,7,7,0
362.484,0.4450,0,7,7,0
362.517,0.4450,0,7,7,0
362.550,0.4450,0,7,7,0
362.581,0.4450,0,7,7,0
362.618,0.4450,0,7,7,0
362.649,0.4450,0,7,7,0
362.684,0.4450,0,7,7,0
362.717,0.4450,0,7,7,0
362.750,0.4450,0,7,7,0
362.783,0.4450,0,7,7,0
362.818,0.4450,0,7,7,0
362.849,0.4450,0,7,7,0
362.884,0.4450,0,7,7,0
362.916,0.4450,0,7,7,0
362.950,0.4450,0,7,7,0
362.984,0.4450,0,7,7,0
363.018,0.4450,0,7,7,0
363.050,0.4450,0,7,7,0
363.083,0.4450,0,7,7,0
363.118,0.4450,0,7,7,0
363.152,0.4450,0,7,7,0
363.183,0.4450,0,7,7,0
363.214,0.4450,0,7,7,0
363.249,0.4450,0,7,7,0
363.283,0.4450,0,7,7,0
363.317,0.4450,0,7,7,0
363.349,0.4450,0,7,7,0
363.384,0.4450,0,7,7,0
363.415,0.4450,0,7,7,0
363.451,0.4450,0,7,7,0
363.485,0.4450,0,0,0,0
363.515,0.4449,0,0,0,0
363.550,0.4449,0,0,0,0
363.583,0.4449,0,0,0,0
363.615,0.4449,0,0,0,0
363.651,0.4449,0,0,0,0
363.683,0.4449,0,0,0,0
363.718,0.4449,0,0,0,0
363.750,0.4449,0,0,0,0
363.785,0.4449,0,0,0,0
363.815,0.4449,0,0,0,0
363.849,0.4449,0,0,0,0
363.884,0.4449,0,0,0,0
363.917,0.4449,0,0,0,0
363.952,0.4449,0,0,0,0
363.982,0.4449,0,0,0,0
364.018,0.4449,0,0,0,0
364.049,0.4449,0,0,0,0
364.083,0.4449,0,0,0,0
364.117,0.4449,0,0,0,0
364.150,0.4449,0,0,0,0
364.183,0.4449,0,0,0,0
364.218,0.4449,0,0,0,0
364.249,0.4449,0,0,0,0
364.282,0.4449,0,0,0,0
364.318,0.4449,0,0,0,0
364.350,0.4450,0,0,0,0
364.383,0.4451,0,0,0,0
364.418,0.4456,0,0,0,0
364.450,0.4465,0,0,0,0
364.484,0.4471,0,0,0,0
364.518,0.4485,0,0,0,0
364.551,0.4503,0,7,7,0
364.582,0.4514,0,7,7,0
364.621,0.4535,0,7,7,0
364.649,0.4559,0,7,7,0
364.684,0.4571,0,7,7,0
364.718,0.4599,0,7,7,0
364.752,0.4632,0,7,7,0
364.783,0.4654,0,7,7,0
364.822,0.4718,0,7,7,0
364.849,0.4812,0,7,7,0
364.884,0.4869,0,7,7,0
364.918,0.4998,0,7,7,0
364.952,0.5148,0,7,7,0
364.985,0.5230,0,7,7,0
365.015,0.5405,0,7,7,0
365.050,0.5592,0,7,7,0
365.082,0.5688,0,7,7,0
365.116,0.5881,0,7,7,0
365.150,0.6062,0,7,7,0
365.184,0.6147,0,7,7,0
365.219,0.6298,0,7,7,0
365.249,0.6419,0,7,7,0
365.284,0.6467,1,6,6,1
365.315,0.6541,1,6,6,1
365.352,0.6590,1,6,6,1
365.385,0.6607,1,6,6,1
365.418,0.6632,1,6,6,1
365.450,0.6472,1,6,6,1
365.483,0.6208,1,6,6,1
365.518,0.5911,1,6,6,1
365.552,0.5597,0,7,7,0
365.584,0.5254,0,7,7,0
365.616,0.5026,0,7,7,0
365.652,0.4997,0,7,7,0
365.683,0.4989,0,7,7,0
365.715,0.4986,0,7,7,0
365.749,0.4980,0,7,7,0
365.783,0.4976,0,7,7,0
365.816,0.4965,0,7,7,0
365.850,0.4951,0,7,7,0
365.883,0.4944,0,7,7,0
365.917,0.4930,0,7,7,0
365.949,0.4915,0,7,7,0
365.984,0.4907,0,7,7,0
366.016,0.4891,0,7,7,0
366.050,0.4874,0,7,7,0
366.085,0.4503,0,7,7,0
366.118,0.3973,0,7,7,0
366.150,0.3971,0,7,7,0
366.182,0.3961,0,7,7,0
366.217,0.3935,0,7,7,0
366.250,0.3926,0,7,7,0
366.286,0.3944,0,7,7,0
366.318,0.4107,0,0,0,0
366.351,0.4113,0,0,0,0
366.384,0.4116,0,0,0,0
366.418,0.4123,0,0,0,0
366.452,0.4129,0,0,0,0
366.483,0.4132,0,0,0,0
366.518,0.4137,0,0,0,0
366.549,0.4142,0,0,0,0
366.585,0.4144,0,0,0,0
366.618,0.4149,0,0,0,0
366.649,0.4153,0,0,0,0
366.685,0.4154,0,0,0,0
366.716,0.4157,0,0,0,0
366.751,0.4160,0,0,0,0
366.785,0.4161,0,0,0,0
366.816,0.4163,0,0,0,0
366.847,0.4164,0,0,0,0
366.882,0.4208,0,0,0,0
366.915,0.4272,0,0,0,0
366.950,0.4335,0,0,0,0
366.982,0.4391,0,0,0,0
367.018,0.4451,0,0,0,0
367.051,0.4498,0,0,0,0
367.082,0.4516,0,0,0,0
367.117,0.4518,0,0,0,0
367.151,0.4515,0,7,7,0
367.182,0.4514,0,7,7,0
367.218,0.4511,0,7,7,0
367.253,0.4507,0,7,7,0
367.284,0.4505,0,7,7,0
367.317,0.4502,0,7,7,0
367.351,0.4498,0,7,7,0
367.383,0.4496,0,7,7,0
367.418,0.4492,0,7,7,0
367.455,0.4488,0,7,7,0
367.485,0.4487,0,7,7,0
367.518,0.4492,0,7,7,0
367.552,0.4511,0,7,7,0
367.583,0.4528,0,7,7,0
367.619,0.4544,0,7,7,0
367.649,0.4553,0,7,7,0
367.685,0.4559,0,7,7,0
367.718,0.4556,0,7,7,0
367.752,0.4547,0,7,7,0
367.784,0.4541,0,7,7,0
367.818,0.4537,0,7,7,0
367.848,0.4533,0,7,7,0
367.883,0.4532,0,7,7,0
367.918,0.4528,0,7,7,0
367.952,0.4520,0,7,7,0
367.982,0.4511,0,7,7,0
368.018,0.4492,0,7,7,0
368.048,0.4470,0,7,7,0
368.084,0.4441,0,7,7,0
368.115,0.4411,0,7,7,0
368.150,0.4372,0,7,7,0
368.185,0.4347,0,7,7,0
368.215,0.4323,0,7,7,0
368.251,0.4319,0,7,7,0
368.283,0.4318,0,7,7,0
368.317,0.4314,0,7,7,0
368.350,0.4310,0,7,7,0
368.383,0.4308,0,7,7,0
368.418,0.4304,0,7,7,0
368.451,0.4300,0,7,7,0
368.484,0.4298,0,7,7,0
368.516,0.4294,0,7,7,0
368.551,0.4354,0,7,7,0
368.582,0.4352,0,7,7,0
368.616,0.4348,0,7,7,0
368.649,0.4343,0,7,7,0
368.684,0.4341,0,7,7,0
368.717,0.4337,0,7,7,0
368.752,0.4332,0,7,7,0
368.782,0.4330,0,7,7,0
368.817,0.4325,0,7,7,0
368.852,0.4321,0,7,7,0
368.884,0.4319,0,7,7,0
368.917,0.4315,0,7,7,0
368.950,0.4310,0,7,7,0
368.985,0.4308,0,7,7,0
369.016,0.4304,0,7,7,0
369.051,0.4300,0,7,7,0
369.082,0.4298,0,7,7,0
369.116,0.4293,0,7,7,0
369.150,0.4289,0,7,7,0
369.185,0.4287,0,7,7,0
369.215,0.4284,0,7,7,0
369.250,0.4280,0,7,7,0
369.284,0.4278,0,7,7,0
369.318,0.4274,0,7,7,0
369.352,0.4270,0,7,7,0
369.384,0.4269,0,7,7,0
369.418,0.4265,0,7,7,0
369.452,0.4262,0,7,7,0
369.483,0.4260,0,7,7,0
369.517,0.4257,0,7,7,0
369.550,0.4253,0,7,7,0
369.583,0.4252,0,0,0,0
369.617,0.4249,0,0,0,0
369.649,0.4246,0,0,0,0
369.684,0.4244,0,0,0,0
369.716,0.4241,0,0,0,0
369.751,0.4240,0,0,0,0
369.786,0.4243,0,0,0,0
369.818,0.4246,0,0,0,0
369.851,0.4252,0,0,0,0
369.882,0.4259,0,0,0,0
369.918,0.4265,0,0,0,0
369.949,0.4271,0,0,0,0
369.983,0.4278,0,0,0,0
370.017,0.4284,0,0,0,0
370.051,0.4290,0,0,0,0
370.085,0.4295,0,0,0,0
370.116,0.4299,0,0,0,0
370.152,0.4303,0,0,0,0
370.184,0.4307,0,0,0,0
370.218,0.4309,0,0,0,0
370.252,0.4311,0,0,0,0
370.283,0.4313,0,0,0,0
370.318,0.4314,0,0,0,0
370.351,0.4315,0,0,0,0
370.384,0.4316,0,0,0,0
370.416,0.4315,0,0,0,0
370.450,0.4314,0,0,0,0
370.484,0.4314,0,0,0,0
370.515,0.4312,0,0,0,0
370.550,0.4310,0,0,0,0
370.584,0.4309,0,0,0,0
370.616,0.4306,0,0,0,0
370.651,0.4304,0,0,0,0
370.682,0.4301,0,0,0,0
370.718,0.4298,0,0,0,0
370.749,0.4294,0,0,0,0
370.783,0.4291,0,0,0,0
370.818,0.4287,0,0,0,0
370.850,0.4283,0,0,0,0
370.885,0.4278,0,0,0,0
370.916,0.4274,0,0,0,0
370.951,0.4268,0,0,0,0
370.985,0.4263,0,0,0,0
371.015,0.4258,0,0,0,0
371.051,0.4252,0,0,0,0
371.086,0.4245,0,0,0,0
371.117,0.4240,0,0,0,0
371.149,0.4234,0,0,0,0
371.184,0.4229,0,0,0,0
371.217,0.4223,0,0,0,0
371.251,0.4217,0,0,0,0
371.288,0.4210,0,0,0,0
371.316,0.4206,0,0,0,0
371.350,0.4201,0,0,0,0
371.384,0.4197,0,0,0,0
371.418,0.4195,0,0,0,0
371.448,0.4193,0,0,0,0
371.487,0.4192,0,0,0,0
371.517,0.4192,0,0,0,0
371.551,0.4192,0,0,0,0
371.583,0.4191,0,0,0,0
371.618,0.4191,0,0,0,0
371.652,0.4191,0,0,0,0
371.683,0.4191,0,0,0,0
371.717,0.4191,0,0,0,0
371.750,0.4191,0,0,0,0
371.783,0.4190,0,0,0,0
371.816,0.4190,0,0,0,0
371.851,0.4190,0,0,0,0
371.883,0.4190,0,0,0,0
371.918,0.4190,0,0,0,0
371.951,0.4190,0,0,0,0
371.984,0.4190,0,0,0,0
372.016,0.4190,0,0,0,0
372.049,0.4189,0,0,0,0
372.086,0.4189,0,0,0,0
372.118,0.4189,0,0,0,0
372.149,0.4189,0,0,0,0
372.185,0.4189,0,0,0,0
372.218,0.4187,0,0,0,0
372.250,0.4183,0,0,0,0
372.282,0.4177,0,0,0,0
372.316,0.4170,0,0,0,0
372.350,0.4163,0,0,0,0
372.382,0.4155,0,0,0,0
372.418,0.4145,0,0,0,0
372.450,0.4136,0,0,0,0
372.486,0.4126,0,0,0,0
372.519,0.4116,0,0,0,0
372.550,0.4107,0,0,0,0
372.582,0.4097,0,0,0,0
372.619,0.4085,0,0,0,0
372.650,0.4075,0,0,0,0
372.685,0.4063,0,0,0,0
372.719,0.4052,0,0,0,0
372.750,0.4046,0,0,0,0
372.783,0.4043,0,0,0,0
372.816,0.4043,0,0,0,0
372.850,0.4043,0,0,0,0
372.886,0.4043,0,0,0,0
372.916,0.4024,0,7,7,0
372.951,0.4002,0,7,7,0
372.982,0.3992,0,7,7,0
373.017,0.3973,0,7,7,0
373.048,0.3959,0,7,7,0
373.083,0.3948,0,7,7,0
373.117,0.3940,0,7,7,0
373.148,0.3939,0,7,7,0
373.184,0.3939,0,7,7,0
373.219,0.3941,0,7,7,0
373.251,0.3943,0,7,7,0
373.282,0.3944,0,7,7,0
373.316,0.3947,0,7,7,0
373.350,0.3951,0,7,7,0
373.384,0.3952,0,7,7,0
373.416,0.3955,0,7,7,0
373.452,0.3959,0,7,7,0
373.484,0.3960,0,7,7,0
373.519,0.3963,0,7,7,0
373.549,0.3965,0,7,7,0
373.584,0.3967,0,7,7,0
373.618,0.3969,0,7,7,0
373.651,0.3971,0,7,7,0
373.685,0.3972,0,7,7,0
373.718,0.3974,0,7,7,0
373.749,0.3976,0,7,7,0
373.783,0.3977,0,7,7,0
373.816,0.3978,0,7,7,0
373.850,0.3980,0,7,7,0
373.885,0.3980,0,7,7,0
373.915,0.3982,0,7,7,0
373.949,0.3983,0,7,7,0
373.984,0.3983,0,7,7,0
374.018,0.3984,0,0,0,0
374.052,0.3985,0,0,0,0
374.082,0.3986,0,0,0,0
374.116,0.3987,0,0,0,0
374.149,0.3988,0,0,0,0
374.185,0.3988,0,0,0,0
374.217,0.3989,0,0,0,0
374.251,0.3990,0,0,0,0
374.285,0.3990,0,0,0,0
374.319,0.3991,0,0,0,0
374.350,0.3992,0,0,0,0
374.383,0.3992,0,0,0,0
374.418,0.3993,0,0,0,0
374.449,0.3994,0,0,0,0
374.484,0.3994,0,0,0,0
374.520,0.3995,0,0,0,0
374.551,0.3995,0,0,0,0
374.582,0.3996,0,0,0,0
374.616,0.3996,0,0,0,0
374.649,0.3997,0,0,0,0
374.682,0.3997,0,0,0,0
374.716,0.3998,0,0,0,0
374.752,0.3998,0,0,0,0
374.782,0.3998,0,0,0,0
374.817,0.3999,0,0,0,0
374.851,0.3999,0,0,0,0
374.885,0.4000,0,0,0,0
374.918,0.4006,0,0,0,0
374.949,0.4041,0,7,7,0
374.983,0.4097,0,7,7,0
375.018,0.4153,0,7,7,0
375.048,0.4193,0,7,7,0
375.083,0.4228,0,7,7,0
375.117,0.4254,0,7,7,0
375.149,0.4270,0,7,7,0
375.182,0.4278,0,7,7,0
375.216,0.4276,0,7,7,0
375.250,0.4264,0,7,7,0
375.283,0.4243,0,7,7,0
375.316,0.4213,0,7,7,0
375.349,0.4175,0,7,7,0
375.382,0.4128,0,7,7,0
375.418,0.4066,0,7,7,0
375.450,0.4003,0,7,7,0
375.484,0.3925,0,7,7,0
375.518,0.3842,0,7,7,0
375.549,0.3837,0,7,7,0
375.583,0.3894,0,7,7,0
375.619,0.3946,0,7,7,0
375.652,0.3984,0,7,7,0
375.683,0.4014,0,7,7,0
375.719,0.4038,0,7,7,0
375.750,0.4050,0,7,7,0
375.786,0.4056,0,7,7,0
375.817,0.4052,0,7,7,0
375.849,0.4040,0,7,7,0
375.883,0.4018,0,7,7,0
375.918,0.3987,0,7,7,0
375.951,0.3949,0,7,7,0
375.984,0.3902,0,7,7,0
376.018,0.3846,0,7,7,0
376.051,0.3782,0,7,7,0
376.084,0.3710,0,7,7,0
376.115,0.3635,0,7,7,0
376.150,0.3544,0,7,7,0
376.185,0.3565,0,7,7,0
376.217,0.3663,0,7,7,0
376.250,0.3760,0,7,7,0
376.284,0.3849,0,7,7,0
376.316,0.3930,0,7,7,0
376.347,0.4005,0,7,7,0
376.383,0.4082,0,7,7,0
376.418,0.4147,0,7,7,0
376.450,0.4198,0,7,7,0
376.483,0.4243,0,7,7,0
376.517,0.4279,0,7,7,0
376.549,0.4304,0,7,7,0
376.582,0.4321,0,7,7,0
376.618,0.4329,0,7,7,0
376.648,0.4327,0,7,7,0
376.685,0.4315,0,7,7,0
376.717,0.4295,0,7,7,0
376.752,0.4263,0,7,7,0
376.784,0.4225,0,7,7,0
376.818,0.4175,0,7,7,0
376.851,0.4118,0,7,7,0
376.883,0.4053,0,7,7,0
376.916,0.3981,0,7,7,0
376.952,0.3889,0,7,7,0
376.984,0.3800,0,7,7,0
377.018,0.3698,0,7,7,0
377.050,0.3733,0,7,7,0
377.083,0.3754,0,7,7,0
377.118,0.3754,0,7,7,0
377.154,0.3754,0,7,7,0
377.185,0.4114,0,7,7,0
377.218,0.4100,0,7,7,0
377.250,0.4085,0,7,7,0
377.282,0.4066,0,7,7,0
377.316,0.4016,0,7,7,0
377.355,0.3942,0,7,7,0
377.383,0.3869,0,7,7,0
377.416,0.3777,0,7,7,0
377.449,0.3702,0,7,7,0
377.484,0.3745,0,7,7,0
377.517,0.3792,0,7,7,0
377.550,0.3879,0,7,7,0
377.584,0.3960,0,7,7,0
377.618,0.4032,0,7,7,0
377.652,0.4093,0,7,7,0
377.683,0.4142,0,7,7,0
377.718,0.4186,0,7,7,0
377.750,0.4216,0,7,7,0
377.785,0.4242,0,7,7,0
377.816,0.4253,0,7,7,0
377.851,0.4257,0,7,7,0
377.885,0.4253,0,7,7,0
377.918,0.4243,0,7,7,0
377.949,0.4236,0,7,7,0
377.984,0.4233,0,7,7,0
378.016,0.4228,0,7,7,0
378.050,0.4224,0,7,7,0
378.084,0.4222,0,7,7,0
378.115,0.4218,0,7,7,0
378.152,0.4216,0,7,7,0
378.184,0.4214,0,7,7,0
378.216,0.4213,0,7,7,0
378.251,0.4211,0,7,7,0
378.282,0.4211,0,7,7,0
378.317,0.4210,0,7,7,0
378.351,0.4210,0,7,7,0
378.383,0.4210,0,7,7,0
378.418,0.4198,0,7,7,0
378.449,0.4176,0,7,7,0
378.483,0.4143,0,7,7,0
378.518,0.4100,0,7,7,0
378.550,0.4053,0,7,7,0
378.585,0.3991,0,7,7,0
378.618,0.3959,0,7,7,0
378.648,0.3952,0,7,7,0
378.683,0.3952,0,7,7,0
378.718,0.3952,0,7,7,0
378.752,0.3952,0,7,7,0
378.782,0.3952,0,7,7,0
378.817,0.3953,0,7,7,0
378.850,0.3953,0,7,7,0
378.882,0.4083,0,7,7,0
378.917,0.4083,0,7,7,0
378.950,0.4083,0,7,7,0
378.984,0.4083,0,7,7,0
379.018,0.4083,0,7,7,0
379.049,0.4083,0,7,7,0
379.084,0.4083,0,7,7,0
379.118,0.4083,0,7,7,0
379.152,0.4083,0,7,7,0
379.183,0.4083,0,7,7,0
379.216,0.4083,0,7,7,0
379.250,0.4083,0,7,7,0
379.284,0.4083,0,7,7,0
379.319,0.4083,0,7,7,0
379.349,0.4078,0,7,7,0
379.385,0.4055,0,7,7,0
379.417,0.4017,0,7,7,0
379.449,0.3971,0,7,7,0
379.484,0.3910,0,7,7,0
379.518,0.3848,0,7,7,0
379.548,0.3845,0,7,7,0
379.584,0.3845,0,7,7,0
379.618,0.3845,0,7,7,0
379.651,0.3845,0,7,7,0
379.684,0.3845,0,7,7,0
379.716,0.3845,0,7,7,0
379.751,0.3847,0,7,7,0
379.785,0.3902,0,7,7,0
379.816,0.3953,0,7,7,0
379.850,0.4008,0,7,7,0
379.883,0.4058,0,7,7,0
379.918,0.4106,0,7,7,0
379.949,0.4127,0,7,7,0
379.984,0.4137,0,7,7,0
380.018,0.4146,0,7,7,0
380.050,0.4153,0,7,7,0
380.084,0.4160,0,7,7,0
380.116,0.4166,0,7,7,0
380.148,0.4173,0,7,7,0
380.184,0.4180,0,7,7,0
380.217,0.4186,0,7,7,0
380.249,0.4192,0,7,7,0
380.284,0.4198,0,7,7,0
380.318,0.4203,0,7,7,0
380.350,0.4207,0,7,7,0
380.382,0.4211,0,7,7,0
380.418,0.4214,0,7,7,0
380.453,0.4217,0,7,7,0
380.485,0.4219,0,7,7,0
380.518,0.4221,0,7,7,0
380.549,0.4221,0,7,7,0
380.585,0.4222,0,7,7,0
380.617,0.4222,0,7,7,0
380.649,0.4221,0,7,7,0
380.684,0.4219,0,7,7,0
380.715,0.4217,0,7,7,0
380.750,0.4214,0,7,7,0
380.784,0.4209,0,7,7,0
380.816,0.4203,0,7,7,0
380.849,0.4195,0,7,7,0
380.886,0.4184,0,7,7,0
380.919,0.4171,0,7,7,0
380.948,0.4157,0,7,7,0
380.984,0.4136,0,7,7,0
381.016,0.4115,0,7,7,0
381.049,0.4089,0,7,7,0
381.084,0.4058,0,7,7,0
381.117,0.4025,0,7,7,0
381.148,0.3989,0,7,7,0
381.184,0.3943,0,7,7,0
381.215,0.3899,0,7,7,0
381.251,0.3842,0,7,7,0
381.282,0.3786,0,7,7,0
381.316,0.3719,0,7,7,0
381.348,0.3683,0,7,7,0
381.384,0.3648,0,7,7,0
381.417,0.3683,0,7,7,0
381.452,0.3767,0,7,7,0
381.483,0.3838,0,7,7,0
381.518,0.3913,0,7,7,0
381.549,0.3973,0,7,7,0
381.582,0.4031,0,7,7,0
381.618,0.4083,0,7,7,0
381.650,0.4119,0,7,7,0
381.683,0.4135,0,7,7,0
381.718,0.4142,0,7,7,0
381.749,0.4144,0,7,7,0
381.782,0.4154,0,7,7,0
381.816,0.4193,0,7,7,0
381.849,0.4231,0,7,7,0
381.882,0.4255,0,7,7,0
381.916,0.4280,0,7,7,0
381.952,0.4287,0,7,7,0
381.984,0.4288,0,7,7,0
382.018,0.4285,0,7,7,0
382.050,0.4279,0,7,7,0
382.082,0.4288,0,7,7,0
382.119,0.4323,1,6,6,1
382.151,0.4361,1,6,6,1
382.183,0.4308,1,6,6,1
382.218,0.4339,1,6,6,1
382.250,0.4364,1,6,6,1
382.285,0.4375,1,6,6,1
382.317,0.4392,1,6,6,1
382.352,0.4409,1,6,6,1
382.383,0.4418,1,6,6,1
382.417,0.4506,1,6,6,1
382.451,0.4583,1,6,6,1
382.485,0.4618,1,6,6,1
382.517,0.4684,1,6,6,1
382.552,0.4744,1,6,6,1
382.582,0.4772,1,6,6,1
382.618,0.4825,1,6,6,1
382.649,0.4873,1,6,6,1
382.683,0.4894,1,6,6,1
382.718,0.4934,1,6,6,1
382.749,0.4968,1,6,6,1
382.785,0.4982,1,6,6,1
382.817,0.5006,1,6,6,1
382.852,0.5031,1,6,6,1
382.882,0.5039,1,6,6,1
382.917,0.5045,1,6,6,1
382.950,0.5048,1,6,6,1
382.984,0.5023,1,6,6,1
383.015,0.5011,1,6,6,1
383.051,0.4987,1,6,6,1
383.083,0.4980,1,6,6,1
383.115,0.4992,1,6,6,1
383.150,0.5009,1,6,6,1
383.185,0.5020,1,6,6,1
383.215,0.5042,1,6,6,1
383.249,0.5063,1,6,6,1
383.284,0.5071,1,6,6,1
383.317,0.5086,1,6,6,1
383.349,0.5098,1,6,6,1
383.382,0.5103,1,6,6,1
383.418,0.5110,1,6,6,1
383.450,0.5114,1,6,6,1
383.485,0.5114,1,6,6,1
383.518,0.5110,1,6,6,1
383.549,0.5101,1,6,6,1
383.582,0.5094,1,6,6,1
383.618,0.5080,1,6,6,1
383.650,0.5064,1,6,6,1
383.684,0.5056,1,6,6,1
383.718,0.5049,1,6,6,1
383.749,0.5063,1,6,6,1
383.784,0.5068,1,6,6,1
383.818,0.5072,1,6,6,1
383.850,0.5071,1,6,6,1
383.882,0.5069,1,6,6,1
383.919,0.5061,1,6,6,1
383.950,0.5050,1,6,6,1
383.985,0.5043,1,6,6,1
384.015,0.5025,1,6,6,1
384.049,0.5001,1,6,6,1
384.083,0.4985,1,6,6,1
384.118,0.4949,1,6,6,1
384.150,0.4906,1,6,6,1
384.184,0.4883,1,6,6,1
384.216,0.4831,1,6,6,1
384.250,0.4768,1,6,6,1
384.284,0.4734,1,6,6,1
384.317,0.4661,1,6,6,1
384.351,0.4583,1,6,6,1
384.383,0.4543,1,6,6,1
384.418,0.4462,1,6,6,1
384.452,0.4382,1,6,6,1
384.483,0.4342,1,6,6,1
384.518,0.4267,0,7,7,0
384.550,0.4239,0,7,7,0
384.583,0.4230,0,7,7,0
384.617,0.4215,0,7,7,0
384.650,0.4204,0,7,7,0
384.685,0.4199,0,7,7,0
384.718,0.4190,0,7,7,0
384.748,0.4183,0,7,7,0
384.785,0.4179,0,7,7,0
384.817,0.4172,0,7,7,0
384.849,0.4164,0,7,7,0
384.882,0.4159,0,7,7,0
384.915,0.4148,0,7,7,0
384.951,0.4137,0,7,7,0
384.983,0.4131,0,7,7,0
385.018,0.4118,0,7,7,0
385.050,0.4105,0,7,7,0
385.084,0.4096,0,7,7,0
385.118,0.4077,0,7,7,0
385.149,0.4057,0,7,7,0
385.184,0.4047,0,7,7,0
385.216,0.4025,0,7,7,0
385.251,0.4000,0,7,7,0
385.283,0.3982,0,7,7,0
385.318,0.3928,0,7,7,0
385.349,0.3866,0,7,7,0
385.382,0.3817,0,7,7,0
385.418,0.3744,0,7,7,0
385.450,0.3673,0,7,7,0
385.484,0.3616,0,7,7,0
385.517,0.3536,0,7,7,0
385.549,0.3470,0,7,7,0
385.584,0.3437,0,7,7,0
385.618,0.3384,0,7,7,0
385.650,0.3333,0,7,7,0
385.683,0.3309,0,7,7,0
385.716,0.3264,0,7,7,0
385.750,0.3223,0,7,7,0
385.783,0.3203,0,7,7,0
385.816,0.3168,0,7,7,0
385.850,0.3139,0,7,7,0
385.883,0.3126,0,7,7,0
385.916,0.3102,0,7,7,0
385.949,0.3078,0,7,7,0
385.985,0.3067,0,7,7,0
386.018,0.3047,0,7,7,0
386.049,0.3030,0,7,7,0
386.084,0.3022,0,7,7,0
386.117,0.3006,0,7,7,0
386.149,0.2994,0,7,7,0
386.185,0.2988,0,7,7,0
386.218,0.2980,0,7,7,0
