time,halfW01,d0,d1,d2,d3
2.928,0.7662,2,5,5,2
0.333,0.7636,2,5,5,2
0.366,0.7634,2,5,5,2
0.397,0.7651,2,5,5,2
0.427,0.7670,2,5,5,2
0.466,0.7689,2,5,5,2
0.500,0.7698,2,5,5,2
0.529,0.7716,2,5,5,2
0.561,0.7726,2,5,5,2
0.600,0.7744,2,5,5,2
0.632,0.7763,2,5,5,2
0.661,0.7772,2,5,5,2
0.694,0.7790,2,5,5,2
0.734,0.7808,2,5,5,2
0.763,0.7817,2,5,5,2
0.798,0.7835,2,5,5,2
0.833,0.7853,2,5,5,2
0.860,0.7862,2,5,5,2
0.895,0.7880,2,5,5,2
0.929,0.7897,2,5,5,2
0.964,0.7906,2,5,5,2
1.001,0.7923,2,5,5,2
1.033,0.7940,2,5,5,2
1.068,0.7957,2,5,5,2
1.096,0.7966,2,5,5,2
1.130,0.7983,2,5,5,2
1.161,0.7991,2,5,5,2
1.192,0.8008,2,5,5,2
1.231,0.8024,2,5,5,2
1.269,0.8040,2,5,5,2
1.297,0.8049,2,5,5,2
1.326,0.8065,2,5,5,2
1.364,0.8072,2,5,5,2
1.393,0.8088,2,5,5,2
1.432,0.8104,2,5,5,2
1.461,0.8111,2,5,5,2
1.499,0.8127,2,5,5,2
1.528,0.8142,2,5,5,2
1.566,0.8157,2,5,5,2
1.594,0.8164,2,5,5,2
1.632,0.8179,2,5,5,2
1.660,0.8186,2,5,5,2
1.699,0.8200,2,5,5,2
1.732,0.8214,2,5,5,2
1.761,0.8221,2,5,5,2
1.795,0.8235,2,5,5,2
1.837,0.8249,2,5,5,2
1.861,0.8255,2,5,5,2
1.894,0.8268,2,5,5,2
1.930,0.8281,2,5,5,2
1.965,0.8288,2,5,5,2
2.001,0.8301,2,5,5,2
2.029,0.8313,2,5,5,2
2.061,0.8319,2,5,5,2
2.099,0.8332,2,5,5,2
2.129,0.8343,2,5,5,2
2.160,0.8349,2,5,5,2
2.201,0.8361,2,5,5,2
2.228,0.8372,2,5,5,2
2.265,0.8378,2,5,5,2
2.301,0.8389,2,5,5,2
2.329,0.8400,2,5,5,2
2.366,0.8405,2,5,5,2
2.401,0.8416,2,5,5,2
2.434,0.8426,2,5,5,2
2.462,0.8432,2,5,5,2
2.494,0.8442,2,5,5,2
2.529,0.8451,0,0,0,0
2.564,0.8456,0,0,0,0
2.595,0.8466,0,0,0,0
2.629,0.8475,0,0,0,0
2.661,0.8480,0,0,0,0
2.698,0.8489,0,0,0,0
2.730,0.8498,0,0,0,0
2.762,0.8502,0,0,0,0
2.796,0.8510,0,0,0,0
2.826,0.8519,0,0,0,0
2.865,0.8523,0,0,0,0
2.897,0.8531,0,0,0,0
2.930,0.8539,0,0,0,0
2.968,0.8546,0,0,0,0
2.988,0.8550,0,0,0,0
3.027,0.8557,0,0,0,0
3.067,0.8564,0,0,0,0
3.099,0.8568,0,0,0,0
3.127,0.8575,0,0,0,0
3.161,0.8578,0,0,0,0
3.199,0.8584,0,0,0,0
3.228,0.8591,0,0,0,0
3.262,0.8594,0,0,0,0
3.293,0.8600,0,0,0,0
3.327,0.8606,0,0,0,0
3.364,0.8609,0,0,0,0
3.398,0.8614,0,0,0,0
3.431,0.8620,0,0,0,0
3.463,0.8622,0,0,0,0
3.496,0.8627,0,0,0,0
3.528,0.8632,0,0,0,0
3.561,0.8635,0,0,0,0
3.598,0.8640,0,0,0,0
3.627,0.8644,0,0,0,0
3.662,0.8646,0,0,0,0
3.695,0.8651,0,0,0,0
3.730,0.8655,0,0,0,0
3.764,0.8657,0,0,0,0
3.795,0.8661,0,0,0,0
3.828,0.8664,0,0,0,0
3.861,0.8666,0,0,0,0
3.897,0.8670,0,0,0,0
3.927,0.8673,0,0,0,0
3.961,0.8675,0,0,0,0
3.997,0.8678,0,0,0,0
4.029,0.8681,0,0,0,0
4.062,0.8682,0,0,0,0
4.094,0.8685,0,0,0,0
4.129,0.8687,0,0,0,0
4.163,0.8689,0,0,0,0
4.193,0.8691,0,0,0,0
4.235,0.8693,0,0,0,0
4.261,0.8694,0,0,0,0
4.293,0.8697,0,0,0,0
4.332,0.8698,0,0,0,0
4.362,0.8699,0,0,0,0
4.397,0.8701,0,0,0,0
4.430,0.8703,0,0,0,0
4.462,0.8703,0,0,0,0
4.498,0.8705,0,0,0,0
4.527,0.8706,0,0,0,0
4.566,0.8707,0,0,0,0
4.596,0.8708,0,0,0,0
4.627,0.8709,0,0,0,0
4.664,0.8709,0,0,0,0
4.699,0.8710,0,0,0,0
4.728,0.8711,0,0,0,0
4.765,0.8711,0,0,0,0
4.794,0.8711,0,0,0,0
4.828,0.8712,0,0,0,0
4.864,0.8712,0,0,0,0
4.898,0.8712,0,0,0,0
4.927,0.8712,0,0,0,0
4.960,0.8713,0,0,0,0
4.998,0.8713,0,0,0,0
5.027,0.8713,0,0,0,0
5.061,0.8712,0,0,0,0
5.097,0.8712,0,0,0,0
5.128,0.8712,0,0,0,0
5.163,0.8712,0,0,0,0
5.198,0.8711,0,0,0,0
5.229,0.8711,0,0,0,0
5.265,0.8711,0,0,0,0
5.298,0.8710,0,0,0,0
5.331,0.8709,0,0,0,0
5.363,0.8709,0,0,0,0
5.395,0.8708,0,0,0,0
5.430,0.8707,0,0,0,0
5.464,0.8707,0,0,0,0
5.496,0.8706,0,0,0,0
5.529,0.8705,0,0,0,0
5.562,0.8704,0,0,0,0
5.596,0.8703,0,0,0,0
5.630,0.8702,0,0,0,0
5.664,0.8702,0,0,0,0
5.698,0.8700,0,0,0,0
5.728,0.8699,0,0,0,0
5.766,0.8698,0,0,0,0
5.796,0.8697,0,0,0,0
5.830,0.8696,0,0,0,0
5.862,0.8695,0,0,0,0
5.897,0.8695,0,0,0,0
5.927,0.8699,0,0,0,0
5.963,0.8701,0,0,0,0
5.995,0.8705,0,0,0,0
6.031,0.8708,0,0,0,0
6.061,0.8710,0,0,0,0
6.098,0.8714,0,0,0,0
6.127,0.8718,0,0,0,0
6.162,0.8719,0,0,0,0
6.195,0.8723,0,0,0,0
6.229,0.8727,0,0,0,0
6.260,0.8728,0,0,0,0
6.298,0.8732,0,0,0,0
6.326,0.8735,0,0,0,0
6.366,0.8739,0,0,0,0
6.396,0.8740,0,0,0,0
6.432,0.8744,0,0,0,0
6.461,0.8745,0,0,0,0
6.496,0.8749,0,0,0,0
6.526,0.8752,0,0,0,0
6.563,0.8753,0,0,0,0
6.597,0.8757,0,0,0,0
6.633,0.8760,0,0,0,0
6.650,0.8761,0,0,0,0
6.695,0.8764,0,0,0,0
6.728,0.8767,0,0,0,0
6.760,0.8769,0,0,0,0
6.800,0.8772,0,0,0,0
6.832,0.8775,0,0,0,0
6.881,0.8778,0,0,0,0
6.912,0.8780,0,0,0,0
6.936,0.8782,0,0,0,0
6.960,0.8783,0,0,0,0
6.999,0.8786,0,0,0,0
7.025,0.8787,0,0,0,0
7.061,0.8790,0,0,0,0
7.094,0.8793,0,0,0,0
7.130,0.8795,0,0,0,0
7.161,0.8797,0,0,0,0
7.195,0.8799,0,0,0,0
7.226,0.8802,0,0,0,0
7.264,0.8803,0,0,0,0
7.294,0.8806,0,0,0,0
7.318,0.8807,0,0,0,0
7.359,0.8809,0,0,0,0
7.396,0.8812,0,0,0,0
7.425,0.8813,0,0,0,0
7.460,0.8816,0,0,0,0
7.495,0.8818,0,0,0,0
7.531,0.8820,0,0,0,0
7.562,0.8822,0,0,0,0
7.593,0.8824,0,0,0,0
7.630,0.8826,0,0,0,0
7.659,0.8827,0,0,0,0
7.694,0.8830,0,0,0,0
7.729,0.8832,0,0,0,0
7.764,0.8833,0,0,0,0
7.794,0.8835,0,0,0,0
7.826,0.8838,0,0,0,0
7.864,0.8839,0,0,0,0
7.894,0.8841,0,0,0,0
7.928,0.8843,0,0,0,0
7.962,0.8844,0,0,0,0
7.993,0.8846,0,0,0,0
8.030,0.8849,0,0,0,0
8.062,0.8850,0,0,0,0
8.096,0.8852,0,0,0,0
8.131,0.8854,0,0,0,0
8.160,0.8855,0,0,0,0
8.193,0.8857,0,0,0,0
8.228,0.8859,0,0,0,0
8.263,0.8860,0,0,0,0
8.296,0.8863,0,0,0,0
8.331,0.8865,0,0,0,0
8.364,0.8866,0,0,0,0
8.394,0.8868,0,0,0,0
8.429,0.8870,0,0,0,0
8.462,0.8871,0,0,0,0
8.498,0.8873,0,0,0,0
8.531,0.8875,0,0,0,0
8.563,0.8876,0,0,0,0
8.593,0.8878,0,0,0,0
8.627,0.8881,0,0,0,0
8.662,0.8882,0,0,0,0
8.698,0.8884,0,0,0,0
8.733,0.8886,0,0,0,0
8.764,0.8887,0,0,0,0
8.794,0.8889,0,0,0,0
8.831,0.8891,0,0,0,0
8.861,0.8892,0,0,0,0
8.896,0.8894,0,0,0,0
8.930,0.8896,0,0,0,0
8.964,0.8897,0,0,0,0
8.997,0.8900,0,0,0,0
9.028,0.8902,0,0,0,0
9.060,0.8903,0,0,0,0
9.095,0.8905,0,0,0,0
9.128,0.8907,0,0,0,0
9.165,0.8908,0,0,0,0
9.192,0.8910,0,0,0,0
9.227,0.8912,0,0,0,0
9.262,0.8913,0,0,0,0
9.296,0.8916,0,0,0,0
9.331,0.8918,0,0,0,0
9.359,0.8919,0,0,0,0
9.396,0.8921,0,0,0,0
9.429,0.8923,0,0,0,0
9.466,0.8925,0,0,0,0
9.494,0.8926,0,0,0,0
9.530,0.8928,0,0,0,0
9.564,0.8929,0,0,0,0
9.598,0.8932,0,0,0,0
9.632,0.8934,0,0,0,0
9.660,0.8935,0,0,0,0
9.697,0.8937,0,0,0,0
9.728,0.8939,0,0,0,0
9.762,0.8940,0,0,0,0
9.796,0.8942,0,0,0,0
9.829,0.8944,0,0,0,0
9.862,0.8945,0,0,0,0
9.897,0.8948,0,0,0,0
9.929,0.8950,0,0,0,0
9.960,0.8951,0,0,0,0
9.995,0.8953,0,0,0,0
10.031,0.8955,0,0,0,0
10.061,0.8956,0,0,0,0
10.096,0.8958,0,0,0,0
10.132,0.8960,0,0,0,0
10.163,0.8961,0,0,0,0
10.195,0.8963,0,0,0,0
10.230,0.8965,0,0,0,0
10.262,0.8966,0,0,0,0
10.298,0.8968,0,0,0,0
10.328,0.8970,0,0,0,0
10.363,0.8971,0,0,0,0
10.395,0.8973,0,0,0,0
10.429,0.8975,0,0,0,0
10.463,0.8976,0,0,0,0
10.495,0.8978,0,0,0,0
10.532,0.8980,0,0,0,0
10.564,0.8981,0,0,0,0
10.596,0.8983,0,0,0,0
10.629,0.8985,0,0,0,0
10.661,0.8986,0,0,0,0
10.697,0.8988,0,0,0,0
10.727,0.8990,0,0,0,0
10.762,0.8991,0,0,0,0
10.798,0.8993,0,0,0,0
10.829,0.8994,0,0,0,0
10.863,0.8995,0,0,0,0
10.895,0.8997,0,0,0,0
10.928,0.8999,0,0,0,0
10.963,0.9000,0,0,0,0
10.996,0.9001,0,0,0,0
11.026,0.9003,0,0,0,0
11.063,0.9004,0,0,0,0
11.098,0.9006,0,0,0,0
11.130,0.9007,0,0,0,0
11.164,0.9008,0,0,0,0
11.194,0.9010,0,0,0,0
11.227,0.9011,0,0,0,0
11.263,0.9012,0,0,0,0
11.293,0.9013,0,0,0,0
11.331,0.9015,0,0,0,0
11.362,0.9015,0,0,0,0
11.393,0.9017,0,0,0,0
11.431,0.9018,0,0,0,0
11.463,0.9019,0,0,0,0
11.493,0.9020,0,0,0,0
11.527,0.9021,0,0,0,0
11.559,0.9022,0,0,0,0
11.595,0.9023,0,0,0,0
11.632,0.9024,0,0,0,0
11.659,0.9025,0,0,0,0
11.695,0.9026,0,0,0,0
11.726,0.9027,0,0,0,0
11.760,0.9028,0,0,0,0
11.797,0.9029,0,0,0,0
11.828,0.9030,0,0,0,0
11.860,0.9030,0,0,0,0
11.898,0.9031,0,0,0,0
11.927,0.9032,0,0,0,0
11.959,0.9032,0,0,0,0
12.003,0.9033,0,0,0,0
12.033,0.9034,0,0,0,0
12.061,0.9034,0,0,0,0
12.100,0.9035,0,0,0,0
12.129,0.9035,0,0,0,0
12.165,0.9036,0,0,0,0
12.199,0.9036,0,0,0,0
12.227,0.9037,0,0,0,0
12.261,0.9037,0,0,0,0
12.296,0.9037,0,0,0,0
12.330,0.9038,0,0,0,0
12.365,0.9038,0,0,0,0
12.393,0.9038,0,0,0,0
12.432,0.9038,0,0,0,0
12.461,0.9039,0,0,0,0
12.498,0.9039,0,0,0,0
12.527,0.9039,0,0,0,0
12.568,0.9039,0,0,0,0
12.594,0.9039,0,0,0,0
12.633,0.9039,0,0,0,0
12.665,0.9039,0,0,0,0
12.694,0.9039,0,0,0,0
12.729,0.9039,0,0,0,0
12.765,0.9039,0,0,0,0
12.794,0.9039,0,0,0,0
12.829,0.9039,0,0,0,0
12.862,0.9039,0,0,0,0
12.896,0.9038,0,0,0,0
12.929,0.9038,0,0,0,0
12.964,0.9038,0,0,0,0
12.995,0.9038,0,0,0,0
13.028,0.9037,0,0,0,0
13.061,0.9037,0,0,0,0
13.095,0.9037,0,0,0,0
13.131,0.9036,0,0,0,0
13.163,0.9036,0,0,0,0
13.194,0.9036,0,0,0,0
13.228,0.9035,0,0,0,0
13.264,0.9035,0,0,0,0
13.293,0.9034,0,0,0,0
13.329,0.9034,0,0,0,0
13.361,0.9033,0,0,0,0
13.394,0.9033,0,0,0,0
13.426,0.9032,0,0,0,0
13.464,0.9032,0,0,0,0
13.495,0.9031,0,0,0,0
13.533,0.9030,0,0,0,0
13.564,0.9030,0,0,0,0
13.593,0.9029,0,0,0,0
13.631,0.9028,0,0,0,0
13.661,0.9028,0,0,0,0
13.693,0.9027,0,0,0,0
13.729,0.9026,0,0,0,0
13.761,0.9025,0,0,0,0
13.793,0.9024,0,0,0,0
13.829,0.9023,0,0,0,0
13.861,0.9023,0,0,0,0
13.898,0.9022,0,0,0,0
13.930,0.9021,0,0,0,0
13.956,0.9020,0,0,0,0
13.998,0.9019,0,0,0,0
14.029,0.9018,0,0,0,0
14.063,0.9018,0,0,0,0
14.094,0.9017,0,0,0,0
14.128,0.9016,0,0,0,0
14.165,0.9015,0,0,0,0
14.193,0.9014,0,0,0,0
14.228,0.9013,0,0,0,0
14.264,0.9012,0,0,0,0
14.297,0.9011,0,0,0,0
14.330,0.9010,0,0,0,0
14.364,0.9009,0,0,0,0
14.393,0.9008,0,0,0,0
14.427,0.9007,0,0,0,0
14.460,0.9006,0,0,0,0
14.496,0.9005,0,0,0,0
14.532,0.9004,0,0,0,0
14.560,0.9003,0,0,0,0
14.597,0.9002,0,0,0,0
14.626,0.9001,0,0,0,0
14.661,0.9000,0,0,0,0
14.696,0.8999,0,0,0,0
14.728,0.8998,0,0,0,0
14.761,0.8997,0,0,0,0
14.794,0.8996,0,0,0,0
14.829,0.8995,0,0,0,0
14.865,0.8994,0,0,0,0
14.893,0.8993,0,0,0,0
14.927,0.8992,0,0,0,0
14.960,0.8991,0,0,0,0
14.994,0.8990,0,0,0,0
15.030,0.8989,0,0,0,0
15.063,0.8988,0,0,0,0
15.098,0.8987,0,0,0,0
15.127,0.8986,0,0,0,0
15.161,0.8985,0,0,0,0
15.198,0.8984,0,0,0,0
15.227,0.8983,0,0,0,0
15.262,0.8982,0,0,0,0
15.296,0.8981,0,0,0,0
15.319,0.8981,0,0,0,0
15.360,0.8979,0,0,0,0
15.396,0.8978,0,0,0,0
15.430,0.8977,0,0,0,0
15.461,0.8976,0,0,0,0
15.497,0.8975,0,0,0,0
15.530,0.8974,0,0,0,0
15.562,0.8974,0,0,0,0
15.596,0.8972,0,0,0,0
15.630,0.8971,0,0,0,0
15.660,0.8971,0,0,0,0
15.693,0.8970,0,0,0,0
15.731,0.8969,0,0,0,0
15.765,0.8968,0,0,0,0
15.797,0.8967,0,0,0,0
15.834,0.8966,0,0,0,0
15.862,0.8965,0,0,0,0
15.895,0.8964,0,0,0,0
15.930,0.8963,0,0,0,0
15.962,0.8963,0,0,0,0
15.996,0.8962,0,0,0,0
16.027,0.8960,0,0,0,0
16.063,0.8960,0,0,0,0
16.094,0.8959,0,0,0,0
16.130,0.8958,0,0,0,0
16.165,0.8957,0,0,0,0
16.198,0.8956,0,0,0,0
16.227,0.8956,0,0,0,0
16.263,0.8957,0,0,0,0
16.295,0.8960,0,0,0,0
16.327,0.8963,0,0,0,0
16.365,0.8964,0,0,0,0
16.397,0.8966,0,0,0,0
16.430,0.8969,0,0,0,0
16.461,0.8970,0,0,0,0
16.497,0.8972,0,0,0,0
16.529,0.8975,0,0,0,0
16.565,0.8976,0,0,0,0
16.594,0.8978,0,0,0,0
16.631,0.8980,0,0,0,0
16.660,0.8982,0,0,0,0
16.693,0.8984,0,0,0,0
16.729,0.8986,0,0,0,0
16.761,0.8987,0,0,0,0
16.795,0.8989,0,0,0,0
16.827,0.8991,0,0,0,0
16.864,0.8992,0,0,0,0
16.895,0.8994,0,0,0,0
16.931,0.8996,0,0,0,0
16.963,0.8997,0,0,0,0
16.997,0.8999,0,0,0,0
17.029,0.9001,0,0,0,0
17.063,0.9001,0,0,0,0
17.099,0.9003,0,0,0,0
17.127,0.9005,0,0,0,0
17.159,0.9006,0,0,0,0
17.195,0.9008,0,0,0,0
17.229,0.9009,0,0,0,0
17.265,0.9010,0,0,0,0
17.298,0.9012,0,0,0,0
17.329,0.9013,0,0,0,0
17.364,0.9014,0,0,0,0
17.393,0.9016,0,0,0,0
17.432,0.9017,0,0,0,0
17.465,0.9018,0,0,0,0
17.495,0.9019,0,0,0,0
17.530,0.9021,0,0,0,0
17.565,0.9022,0,0,0,0
17.597,0.9023,0,0,0,0
17.631,0.9025,0,0,0,0
17.660,0.9025,0,0,0,0
17.699,0.9027,0,0,0,0
17.731,0.9028,0,0,0,0
17.762,0.9029,0,0,0,0
17.794,0.9030,0,0,0,0
17.827,0.9031,0,0,0,0
17.862,0.9032,0,0,0,0
17.898,0.9033,0,0,0,0
17.927,0.9034,0,0,0,0
17.964,0.9035,0,0,0,0
17.994,0.9036,0,0,0,0
18.030,0.9037,0,0,0,0
18.062,0.9038,0,0,0,0
18.095,0.9039,0,0,0,0
18.133,0.9040,0,0,0,0
18.160,0.9041,0,0,0,0
18.193,0.9042,0,0,0,0
18.230,0.9043,0,0,0,0
18.262,0.9044,0,0,0,0
18.296,0.9045,0,0,0,0
18.327,0.9046,0,0,0,0
18.363,0.9046,0,0,0,0
18.393,0.9047,0,0,0,0
18.430,0.9048,0,0,0,0
18.461,0.9049,0,0,0,0
18.495,0.9050,0,0,0,0
18.531,0.9051,0,0,0,0
18.563,0.9051,0,0,0,0
18.593,0.9052,0,0,0,0
18.630,0.9053,0,0,0,0
18.662,0.9053,0,0,0,0
18.695,0.9054,0,0,0,0
18.733,0.9055,0,0,0,0
18.761,0.9056,0,0,0,0
18.794,0.9057,0,0,0,0
18.830,0.9058,0,0,0,0
18.862,0.9058,0,0,0,0
18.894,0.9059,0,0,0,0
18.928,0.9060,0,0,0,0
18.960,0.9060,0,0,0,0
18.997,0.9061,0,0,0,0
19.030,0.9062,0,0,0,0
19.061,0.9062,0,0,0,0
19.094,0.9063,0,0,0,0
19.126,0.9064,0,0,0,0
19.164,0.9064,0,0,0,0
19.194,0.9065,0,0,0,0
19.229,0.9066,0,0,0,0
19.265,0.9066,0,0,0,0
19.296,0.9067,0,0,0,0
19.329,0.9067,0,0,0,0
19.366,0.9068,0,0,0,0
19.397,0.9068,0,0,0,0
19.428,0.9069,0,0,0,0
19.460,0.9069,0,0,0,0
19.494,0.9070,0,0,0,0
19.527,0.9071,0,0,0,0
19.564,0.9071,0,0,0,0
19.595,0.9072,0,0,0,0
19.629,0.9072,0,0,0,0
19.662,0.9073,0,0,0,0
19.696,0.9073,0,0,0,0
19.728,0.9074,0,0,0,0
19.765,0.9074,0,0,0,0
19.794,0.9075,0,0,0,0
19.831,0.9076,0,0,0,0
19.863,0.9076,0,0,0,0
19.896,0.9077,0,0,0,0
19.930,0.9077,0,0,0,0
19.961,0.9077,0,0,0,0
19.993,0.9078,0,0,0,0
20.030,0.9079,0,0,0,0
20.061,0.9079,0,0,0,0
20.093,0.9079,0,0,0,0
20.131,0.9080,0,0,0,0
20.160,0.9080,0,0,0,0
20.199,0.9081,0,0,0,0
20.231,0.9081,0,0,0,0
20.259,0.9082,0,0,0,0
20.294,0.9082,0,0,0,0
20.329,0.9083,0,0,0,0
20.361,0.9083,0,0,0,0
20.395,0.9084,0,0,0,0
20.418,0.9084,0,0,0,0
20.463,0.9084,0,0,0,0
20.491,0.9085,0,0,0,0
20.530,0.9085,0,0,0,0
20.563,0.9086,0,0,0,0
20.596,0.9086,0,0,0,0
20.630,0.9087,0,0,0,0
20.661,0.9087,0,0,0,0
20.694,0.9087,0,0,0,0
20.726,0.9088,0,0,0,0
20.767,0.9088,0,0,0,0
20.795,0.9088,0,0,0,0
20.831,0.9089,0,0,0,0
20.863,0.9089,0,0,0,0
20.895,0.9090,0,0,0,0
20.932,0.9090,0,0,0,0
20.965,0.9090,0,0,0,0
20.994,0.9091,0,0,0,0
21.028,0.9091,0,0,0,0
21.065,0.9091,0,0,0,0
21.094,0.9092,0,0,0,0
21.131,0.9092,0,0,0,0
21.162,0.9092,0,0,0,0
21.194,0.9093,0,0,0,0
21.230,0.9093,0,0,0,0
21.262,0.9093,0,0,0,0
21.295,0.9094,0,0,0,0
21.328,0.9094,0,0,0,0
21.360,0.9094,0,0,0,0
21.395,0.9095,0,0,0,0
21.428,0.9095,0,0,0,0
21.462,0.9095,0,0,0,0
21.498,0.9096,0,0,0,0
21.531,0.9096,0,0,0,0
21.563,0.9096,0,0,0,0
21.597,0.9097,0,0,0,0
21.630,0.9097,0,0,0,0
21.663,0.9097,0,0,0,0
21.697,0.9098,0,0,0,0
21.728,0.9098,0,0,0,0
21.763,0.9098,0,0,0,0
21.793,0.9099,0,0,0,0
21.827,0.9099,0,0,0,0
21.863,0.9099,0,0,0,0
21.894,0.9100,0,0,0,0
21.927,0.9100,0,0,0,0
21.965,0.9100,0,0,0,0
21.995,0.9101,0,0,0,0
22.029,0.9101,0,0,0,0
22.061,0.9101,0,0,0,0
22.093,0.9101,0,0,0,0
22.130,0.9102,0,0,0,0
22.165,0.9102,0,0,0,0
22.195,0.9102,0,0,0,0
22.230,0.9103,0,0,0,0
22.262,0.9103,0,0,0,0
22.295,0.9103,0,0,0,0
22.331,0.9103,0,0,0,0
22.363,0.9104,0,0,0,0
22.397,0.9104,0,0,0,0
22.429,0.9104,0,0,0,0
22.465,0.9104,0,0,0,0
22.495,0.9105,0,0,0,0
22.531,0.9105,0,0,0,0
22.561,0.9105,0,0,0,0
22.596,0.9105,0,0,0,0
22.632,0.9106,0,0,0,0
22.665,0.9106,0,0,0,0
22.696,0.9106,0,0,0,0
22.730,0.9107,0,0,0,0
22.763,0.9107,0,0,0,0
22.798,0.9107,0,0,0,0
22.826,0.9107,0,0,0,0
22.862,0.9107,0,0,0,0
22.898,0.9108,0,0,0,0
22.929,0.9108,0,0,0,0
22.962,0.9108,0,0,0,0
22.996,0.9109,0,0,0,0
23.027,0.9109,0,0,0,0
23.062,0.9109,0,0,0,0
23.098,0.9109,0,0,0,0
23.130,0.9110,0,0,0,0
23.161,0.9110,0,0,0,0
23.194,0.9110,0,0,0,0
23.231,0.9110,0,0,0,0
23.263,0.9110,0,0,0,0
23.296,0.9111,0,0,0,0
23.330,0.9111,0,0,0,0
23.360,0.9111,0,0,0,0
23.400,0.9111,0,0,0,0
23.430,0.9112,0,0,0,0
23.460,0.9112,0,0,0,0
23.498,0.9112,0,0,0,0
23.529,0.9112,0,0,0,0
23.565,0.9112,0,0,0,0
23.594,0.9113,0,0,0,0
23.629,0.9113,0,0,0,0
23.663,0.9113,0,0,0,0
23.693,0.9113,0,0,0,0
23.726,0.9114,0,0,0,0
23.767,0.9114,0,0,0,0
23.795,0.9114,0,0,0,0
23.827,0.9114,0,0,0,0
23.864,0.9114,0,0,0,0
23.894,0.9115,0,0,0,0
23.931,0.9115,0,0,0,0
23.963,0.9115,0,0,0,0
23.997,0.9115,0,0,0,0
24.030,0.9115,0,0,0,0
24.062,0.9116,0,0,0,0
24.094,0.9116,0,0,0,0
24.131,0.9116,0,0,0,0
24.164,0.9116,0,0,0,0
24.194,0.9116,0,0,0,0
24.232,0.9117,0,0,0,0
24.260,0.9117,0,0,0,0
24.294,0.9117,0,0,0,0
24.331,0.9117,0,0,0,0
24.362,0.9117,0,0,0,0
24.396,0.9118,0,0,0,0
24.427,0.9118,0,0,0,0
24.461,0.9118,0,0,0,0
24.498,0.9118,0,0,0,0
24.531,0.9118,0,0,0,0
24.562,0.9119,0,0,0,0
24.595,0.9119,0,0,0,0
24.626,0.9119,0,0,0,0
24.664,0.9119,0,0,0,0
24.695,0.9119,0,0,0,0
24.727,0.9120,0,0,0,0
24.764,0.9120,0,0,0,0
24.794,0.9120,0,0,0,0
24.830,0.9120,0,0,0,0
24.862,0.9120,0,0,0,0
24.895,0.9120,0,0,0,0
24.931,0.9121,0,0,0,0
24.964,0.9121,0,0,0,0
24.996,0.9121,0,0,0,0
25.030,0.9121,0,0,0,0
25.060,0.9121,0,0,0,0
25.100,0.9121,0,0,0,0
25.127,0.9122,0,0,0,0
25.161,0.9122,0,0,0,0
25.201,0.9122,0,0,0,0
25.227,0.9122,0,0,0,0
25.261,0.9122,0,0,0,0
25.297,0.9123,0,0,0,0
25.330,0.9123,0,0,0,0
25.361,0.9123,0,0,0,0
25.396,0.9123,0,0,0,0
25.431,0.9123,0,0,0,0
25.464,0.9123,0,0,0,0
25.496,0.9124,0,0,0,0
25.529,0.9124,0,0,0,0
25.562,0.9124,0,0,0,0
25.593,0.9124,0,0,0,0
25.627,0.9124,0,0,0,0
25.661,0.9124,0,0,0,0
25.698,0.9125,0,0,0,0
25.727,0.9125,0,0,0,0
25.765,0.9125,0,0,0,0
25.793,0.9125,0,0,0,0
25.827,0.9125,0,0,0,0
25.862,0.9125,0,0,0,0
25.894,0.9126,0,0,0,0
25.927,0.9126,0,0,0,0
25.961,0.9126,0,0,0,0
25.994,0.9126,0,0,0,0
26.030,0.9126,0,0,0,0
26.064,0.9126,0,0,0,0
26.098,0.9126,0,0,0,0
26.130,0.9127,0,0,0,0
26.166,0.9127,0,0,0,0
26.193,0.9127,0,0,0,0
26.233,0.9127,0,0,0,0
26.253,0.9127,0,0,0,0
26.297,0.9127,0,0,0,0
26.323,0.9127,0,0,0,0
26.362,0.9128,0,0,0,0
26.395,0.9128,0,0,0,0
26.426,0.9128,0,0,0,0
26.462,0.9128,0,0,0,0
26.494,0.9128,0,0,0,0
26.528,0.9128,0,0,0,0
26.560,0.9129,0,0,0,0
26.594,0.9129,0,0,0,0
26.628,0.9129,0,0,0,0
26.661,0.9129,0,0,0,0
26.693,0.9129,0,0,0,0
26.727,0.9129,0,0,0,0
26.760,0.9129,0,0,0,0
26.795,0.9130,0,0,0,0
26.827,0.9130,0,0,0,0
26.864,0.9130,0,0,0,0
26.895,0.9130,0,0,0,0
26.932,0.9130,0,0,0,0
26.963,0.9130,0,0,0,0
26.997,0.9130,0,0,0,0
27.027,0.9131,0,0,0,0
27.060,0.9131,0,0,0,0
27.094,0.9131,0,0,0,0
27.130,0.9131,0,0,0,0
27.162,0.9131,0,0,0,0
27.194,0.9131,0,0,0,0
27.226,0.9131,0,0,0,0
27.265,0.9132,0,0,0,0
27.295,0.9132,0,0,0,0
27.330,0.9132,0,0,0,0
27.360,0.9132,0,0,0,0
27.400,0.9132,0,0,0,0
27.432,0.9132,0,0,0,0
27.465,0.9132,0,0,0,0
27.498,0.9133,0,0,0,0
27.531,0.9133,0,0,0,0
27.564,0.9133,0,0,0,0
27.598,0.9133,0,0,0,0
27.629,0.9133,0,0,0,0
27.661,0.9133,0,0,0,0
27.694,0.9133,0,0,0,0
27.730,0.9133,0,0,0,0
27.761,0.9134,0,0,0,0
27.800,0.9134,0,0,0,0
27.832,0.9134,0,0,0,0
27.860,0.9134,0,0,0,0
27.895,0.9134,0,0,0,0
27.927,0.9134,0,0,0,0
27.963,0.9134,0,0,0,0
27.999,0.9134,0,0,0,0
28.032,0.9135,0,0,0,0
28.064,0.9135,0,0,0,0
28.097,0.9135,0,0,0,0
28.127,0.9135,0,0,0,0
28.162,0.9135,0,0,0,0
28.198,0.9135,0,0,0,0
28.229,0.9135,0,0,0,0
28.265,0.9135,0,0,0,0
28.294,0.9136,0,0,0,0
28.330,0.9136,0,0,0,0
28.361,0.9136,0,0,0,0
28.394,0.9136,0,0,0,0
28.426,0.9136,0,0,0,0
28.462,0.9136,0,0,0,0
28.496,0.9136,0,0,0,0
28.528,0.9136,0,0,0,0
28.560,0.9137,0,0,0,0
28.594,0.9137,0,0,0,0
28.627,0.9137,0,0,0,0
28.665,0.9137,0,0,0,0
28.700,0.9137,0,0,0,0
28.732,0.9137,0,0,0,0
28.765,0.9137,0,0,0,0
28.793,0.9137,0,0,0,0
28.827,0.9138,0,0,0,0
28.862,0.9138,0,0,0,0
28.894,0.9138,0,0,0,0
28.931,0.9138,0,0,0,0
28.963,0.9138,0,0,0,0
28.995,0.9138,0,0,0,0
29.031,0.9138,0,0,0,0
29.063,0.9138,0,0,0,0
29.099,0.9138,0,0,0,0
29.131,0.9139,0,0,0,0
29.163,0.9139,0,0,0,0
29.194,0.9139,0,0,0,0
29.229,0.9139,0,0,0,0
29.262,0.9139,0,0,0,0
29.298,0.9139,0,0,0,0
29.327,0.9139,0,0,0,0
29.360,0.9139,0,0,0,0
29.395,0.9139,0,0,0,0
29.431,0.9140,0,0,0,0
29.463,0.9140,0,0,0,0
29.496,0.9140,0,0,0,0
29.531,0.9140,0,0,0,0
29.561,0.9140,0,0,0,0
29.598,0.9140,0,0,0,0
29.626,0.9140,0,0,0,0
29.662,0.9140,0,0,0,0
29.696,0.9140,0,0,0,0
29.728,0.9141,0,0,0,0
29.764,0.9141,0,0,0,0
29.793,0.9141,0,0,0,0
29.827,0.9141,0,0,0,0
29.862,0.9141,0,0,0,0
29.899,0.9141,0,0,0,0
29.927,0.9141,0,0,0,0
29.963,0.9141,0,0,0,0
29.999,0.9141,0,0,0,0
30.032,0.9141,0,0,0,0
30.064,0.9142,0,0,0,0
30.097,0.9142,0,0,0,0
30.129,0.9142,0,0,0,0
30.162,0.9142,0,0,0,0
30.194,0.9142,0,0,0,0
30.229,0.9142,0,0,0,0
30.263,0.9142,0,0,0,0
30.294,0.9142,0,0,0,0
30.327,0.9142,0,0,0,0
30.360,0.9142,0,0,0,0
30.395,0.9143,0,0,0,0
30.429,0.9143,0,0,0,0
30.464,0.9143,0,0,0,0
30.496,0.9143,0,0,0,0
30.531,0.9143,0,0,0,0
30.565,0.9143,0,0,0,0
30.596,0.9143,0,0,0,0
30.631,0.9143,0,0,0,0
30.660,0.9143,0,0,0,0
30.694,0.9143,0,0,0,0
30.730,0.9144,0,0,0,0
30.764,0.9144,0,0,0,0
30.796,0.9144,0,0,0,0
30.827,0.9144,0,0,0,0
30.862,0.9144,0,0,0,0
30.894,0.9144,0,0,0,0
30.928,0.9144,0,0,0,0
30.963,0.9144,0,0,0,0
30.993,0.9144,0,0,0,0
31.027,0.9144,0,0,0,0
31.063,0.9145,0,0,0,0
31.097,0.9145,0,0,0,0
31.129,0.9145,0,0,0,0
31.162,0.9145,0,0,0,0
31.193,0.9145,0,0,0,0
31.231,0.9145,0,0,0,0
31.261,0.9145,0,0,0,0
31.298,0.9145,0,0,0,0
31.328,0.9145,0,0,0,0
31.364,0.9145,0,0,0,0
31.398,0.9145,0,0,0,0
31.427,0.9146,0,0,0,0
31.463,0.9146,0,0,0,0
31.497,0.9146,0,0,0,0
31.529,0.9146,0,0,0,0
31.561,0.9146,0,0,0,0
31.599,0.9146,0,0,0,0
31.629,0.9146,0,0,0,0
31.661,0.9146,0,0,0,0
31.695,0.9146,0,0,0,0
31.728,0.9146,0,0,0,0
31.760,0.9146,0,0,0,0
31.795,0.9147,0,0,0,0
31.831,0.9147,0,0,0,0
31.864,0.9147,0,0,0,0
31.895,0.9147,0,0,0,0
31.929,0.9147,0,0,0,0
31.962,0.9147,0,0,0,0
31.994,0.9147,0,0,0,0
32.028,0.9147,0,0,0,0
32.060,0.9147,0,0,0,0
32.104,0.9147,0,0,0,0
32.138,0.9147,0,0,0,0
32.170,0.9148,0,0,0,0
32.194,0.9148,0,0,0,0
32.234,0.9148,0,0,0,0
32.264,0.9148,0,0,0,0
32.316,0.9148,0,0,0,0
32.347,0.9148,0,0,0,0
32.398,0.9148,0,0,0,0
32.447,0.9148,0,0,0,0
32.466,0.9148,0,0,0,0
32.491,0.9148,0,0,0,0
32.534,0.9148,0,0,0,0
32.559,0.9148,0,0,0,0
32.602,0.9149,0,0,0,0
32.633,0.9149,0,0,0,0
32.688,0.9149,0,0,0,0
32.714,0.9149,0,0,0,0
32.727,0.9149,0,0,0,0
32.782,0.9149,0,0,0,0
32.816,0.9149,0,0,0,0
32.849,0.9149,0,0,0,0
32.870,0.9149,0,0,0,0
32.898,0.9149,0,0,0,0
32.932,0.9149,0,0,0,0
32.964,0.9149,0,0,0,0
33.007,0.9150,0,0,0,0
33.024,0.9150,0,0,0,0
33.064,0.9150,0,0,0,0
33.097,0.9150,0,0,0,0
33.130,0.9150,0,0,0,0
33.166,0.9150,0,0,0,0
33.198,0.9150,0,0,0,0
33.231,0.9150,0,0,0,0
33.264,0.9150,0,0,0,0
33.296,0.9150,0,0,0,0
33.329,0.9150,0,0,0,0
33.366,0.9150,0,0,0,0
33.394,0.9150,0,0,0,0
33.428,0.9151,0,0,0,0
33.464,0.9151,0,0,0,0
33.498,0.9151,0,0,0,0
33.528,0.9151,0,0,0,0
33.565,0.9151,0,0,0,0
33.596,0.9151,0,0,0,0
33.628,0.9151,0,0,0,0
33.662,0.9151,0,0,0,0
33.697,0.9151,0,0,0,0
33.729,0.9151,0,0,0,0
33.764,0.9151,0,0,0,0
33.796,0.9151,0,0,0,0
33.831,0.9151,0,0,0,0
33.863,0.9152,0,0,0,0
33.898,0.9152,0,0,0,0
33.931,0.9152,0,0,0,0
33.964,0.9152,0,0,0,0
33.994,0.9152,0,0,0,0
34.027,0.9152,0,0,0,0
34.065,0.9152,0,0,0,0
34.096,0.9152,0,0,0,0
34.132,0.9152,0,0,0,0
34.162,0.9152,0,0,0,0
34.194,0.9152,0,0,0,0
34.231,0.9152,0,0,0,0
34.263,0.9152,0,0,0,0
34.296,0.9152,0,0,0,0
34.334,0.9153,0,0,0,0
34.362,0.9153,0,0,0,0
34.396,0.9153,0,0,0,0
34.429,0.9153,0,0,0,0
34.462,0.9153,0,0,0,0
34.498,0.9153,0,0,0,0
34.532,0.9153,0,0,0,0
34.566,0.9153,0,0,0,0
34.598,0.9153,0,0,0,0
34.630,0.9153,0,0,0,0
34.662,0.9153,0,0,0,0
34.695,0.9153,0,0,0,0
34.730,0.9153,0,0,0,0
34.762,0.9153,0,0,0,0
34.796,0.9154,0,0,0,0
34.829,0.9154,0,0,0,0
34.866,0.9154,0,0,0,0
34.899,0.9154,0,0,0,0
34.930,0.9154,0,0,0,0
34.963,0.9154,0,0,0,0
34.998,0.9154,0,0,0,0
35.028,0.9154,0,0,0,0
35.062,0.9154,0,0,0,0
35.094,0.9154,0,0,0,0
35.133,0.9154,0,0,0,0
35.165,0.9154,0,0,0,0
35.199,0.9154,0,0,0,0
35.232,0.9154,0,0,0,0
35.262,0.9154,0,0,0,0
35.296,0.9155,0,0,0,0
35.333,0.9155,0,0,0,0
35.366,0.9155,0,0,0,0
35.387,0.9155,0,0,0,0
35.429,0.9155,0,0,0,0
35.462,0.9155,0,0,0,0
35.496,0.9155,0,0,0,0
35.529,0.9155,0,0,0,0
35.564,0.9155,0,0,0,0
35.597,0.9155,0,0,0,0
35.633,0.9155,0,0,0,0
35.661,0.9155,0,0,0,0
35.698,0.9155,0,0,0,0
35.728,0.9155,0,0,0,0
35.766,0.9155,0,0,0,0
35.796,0.9155,0,0,0,0
35.832,0.9156,0,0,0,0
35.865,0.9156,0,0,0,0
35.897,0.9156,0,0,0,0
35.928,0.9156,0,0,0,0
35.963,0.9156,0,0,0,0
35.997,0.9156,0,0,0,0
36.028,0.9156,0,0,0,0
36.062,0.9156,0,0,0,0
36.095,0.9156,0,0,0,0
36.133,0.9156,0,0,0,0
36.163,0.9156,0,0,0,0
36.199,0.9156,0,0,0,0
36.232,0.9156,0,0,0,0
36.265,0.9156,0,0,0,0
36.295,0.9156,0,0,0,0
36.332,0.9156,0,0,0,0
36.363,0.9157,0,0,0,0
36.395,0.9157,0,0,0,0
36.429,0.9157,0,0,0,0
36.465,0.9157,0,0,0,0
36.499,0.9157,0,0,0,0
36.531,0.9157,0,0,0,0
36.562,0.9157,0,0,0,0
36.595,0.9157,0,0,0,0
36.628,0.9157,0,0,0,0
36.665,0.9157,0,0,0,0
36.696,0.9157,0,0,0,0
36.731,0.9157,0,0,0,0
36.764,0.9157,0,0,0,0
36.796,0.9157,0,0,0,0
36.833,0.9157,0,0,0,0
36.865,0.9157,0,0,0,0
36.897,0.9157,0,0,0,0
36.931,0.9158,0,0,0,0
36.964,0.9158,0,0,0,0
36.996,0.9158,0,0,0,0
37.033,0.9158,0,0,0,0
37.063,0.9158,0,0,0,0
37.099,0.9158,0,0,0,0
37.133,0.9158,0,0,0,0
37.165,0.9158,0,0,0,0
37.199,0.9158,0,0,0,0
37.230,0.9158,0,0,0,0
37.265,0.9158,0,0,0,0
37.294,0.9158,0,0,0,0
37.330,0.9158,0,0,0,0
37.363,0.9158,0,0,0,0
37.398,0.9158,0,0,0,0
37.430,0.9158,0,0,0,0
37.466,0.9158,0,0,0,0
37.498,0.9158,0,0,0,0
37.529,0.9159,0,0,0,0
37.562,0.9159,0,0,0,0
37.597,0.9159,0,0,0,0
37.630,0.9159,0,0,0,0
37.661,0.9159,0,0,0,0
37.697,0.9159,0,0,0,0
37.730,0.9159,0,0,0,0
37.765,0.9159,0,0,0,0
37.795,0.9159,0,0,0,0
37.830,0.9159,0,0,0,0
37.863,0.9159,0,0,0,0
37.898,0.9159,0,0,0,0
37.932,0.9159,0,0,0,0
37.961,0.9159,0,0,0,0
37.994,0.9159,0,0,0,0
38.029,0.9159,0,0,0,0
38.066,0.9159,0,0,0,0
38.094,0.9159,0,0,0,0
38.129,0.9159,0,0,0,0
38.165,0.9160,0,0,0,0
38.195,0.9160,0,0,0,0
38.230,0.9160,0,0,0,0
38.262,0.9160,0,0,0,0
38.298,0.9160,0,0,0,0
38.331,0.9160,0,0,0,0
38.361,0.9160,0,0,0,0
38.400,0.9160,0,0,0,0
38.431,0.9160,0,0,0,0
38.464,0.9160,0,0,0,0
38.496,0.9160,0,0,0,0
38.528,0.9160,0,0,0,0
38.562,0.9160,0,0,0,0
38.595,0.9160,0,0,0,0
38.632,0.9160,0,0,0,0
38.662,0.9160,0,0,0,0
38.697,0.9160,0,0,0,0
38.733,0.9160,0,0,0,0
38.760,0.9160,0,0,0,0
38.799,0.9160,0,0,0,0
38.830,0.9161,0,0,0,0
38.865,0.9161,0,0,0,0
38.894,0.9161,0,0,0,0
38.931,0.9161,0,0,0,0
38.965,0.9161,0,0,0,0
38.996,0.9161,0,0,0,0
39.032,0.9161,0,0,0,0
39.062,0.9161,0,0,0,0
39.100,0.9161,0,0,0,0
39.130,0.9161,0,0,0,0
39.164,0.9161,0,0,0,0
39.200,0.9161,0,0,0,0
39.230,0.9161,0,0,0,0
39.265,0.9161,0,0,0,0
39.295,0.9161,0,0,0,0
39.333,0.9161,0,0,0,0
39.361,0.9161,0,0,0,0
39.399,0.9161,0,0,0,0
39.432,0.9161,0,0,0,0
39.465,0.9161,0,0,0,0
39.496,0.9161,0,0,0,0
39.529,0.9162,0,0,0,0
39.562,0.9162,0,0,0,0
39.599,0.9162,0,0,0,0
39.632,0.9162,0,0,0,0
39.664,0.9162,0,0,0,0
39.699,0.9162,0,0,0,0
39.733,0.9162,0,0,0,0
39.761,0.9162,0,0,0,0
39.795,0.9162,0,0,0,0
39.831,0.9162,0,0,0,0
39.864,0.9162,0,0,0,0
39.900,0.9162,0,0,0,0
39.931,0.9162,0,0,0,0
39.966,0.9162,0,0,0,0
39.999,0.9162,0,0,0,0
40.029,0.9162,0,0,0,0
40.065,0.9162,0,0,0,0
40.099,0.9162,0,0,0,0
40.132,0.9162,0,0,0,0
40.164,0.9162,0,0,0,0
40.194,0.9162,0,0,0,0
40.228,0.9162,0,0,0,0
40.266,0.9163,0,0,0,0
40.296,0.9163,0,0,0,0
40.331,0.9163,0,0,0,0
40.362,0.9163,0,0,0,0
40.396,0.9163,0,0,0,0
40.429,0.9163,0,0,0,0
40.462,0.9163,0,0,0,0
40.499,0.9163,0,0,0,0
40.531,0.9163,0,0,0,0
40.562,0.9163,0,0,0,0
40.598,0.9163,0,0,0,0
40.630,0.9163,0,0,0,0
40.665,0.9163,0,0,0,0
40.699,0.9163,0,0,0,0
40.732,0.9163,0,0,0,0
40.765,0.9163,0,0,0,0
40.795,0.9163,0,0,0,0
40.829,0.9163,0,0,0,0
40.864,0.9163,0,0,0,0
40.895,0.9163,0,0,0,0
40.928,0.9163,0,0,0,0
40.961,0.9163,0,0,0,0
40.996,0.9163,0,0,0,0
41.031,0.9163,0,0,0,0
41.065,0.9163,0,0,0,0
41.095,0.9164,0,0,0,0
41.131,0.9164,0,0,0,0
41.163,0.9164,0,0,0,0
41.198,0.9164,0,0,0,0
41.230,0.9164,0,0,0,0
41.263,0.9164,0,0,0,0
41.298,0.9164,0,0,0,0
41.332,0.9164,0,0,0,0
41.364,0.9164,0,0,0,0
41.396,0.9164,0,0,0,0
41.430,0.9164,0,0,0,0
41.465,0.9164,0,0,0,0
41.490,0.9164,0,0,0,0
41.531,0.9164,0,0,0,0
41.563,0.9164,0,0,0,0
41.597,0.9164,0,0,0,0
41.630,0.9164,0,0,0,0
41.662,0.9164,0,0,0,0
41.695,0.9164,0,0,0,0
41.731,0.9164,0,0,0,0
41.763,0.9164,0,0,0,0
41.799,0.9164,0,0,0,0
41.833,0.9164,0,0,0,0
41.862,0.9164,0,0,0,0
41.897,0.9165,0,0,0,0
41.931,0.9165,0,0,0,0
41.963,0.9165,0,0,0,0
41.999,0.9165,0,0,0,0
42.031,0.9165,0,0,0,0
42.062,0.9165,0,0,0,0
42.098,0.9165,0,0,0,0
42.127,0.9165,0,0,0,0
42.164,0.9165,0,0,0,0
42.198,0.9165,0,0,0,0
42.233,0.9165,0,0,0,0
42.265,0.9165,0,0,0,0
42.294,0.9165,0,0,0,0
42.330,0.9165,0,0,0,0
42.362,0.9165,0,0,0,0
42.398,0.9165,0,0,0,0
42.430,0.9165,0,0,0,0
42.462,0.9165,0,0,0,0
42.495,0.9165,0,0,0,0
42.533,0.9165,0,0,0,0
42.564,0.9165,0,0,0,0
42.597,0.9165,0,0,0,0
42.632,0.9165,0,0,0,0
42.666,0.9165,0,0,0,0
42.698,0.9165,0,0,0,0
42.728,0.9165,0,0,0,0
42.765,0.9165,0,0,0,0
42.799,0.9165,0,0,0,0
42.831,0.9166,0,0,0,0
42.863,0.9166,0,0,0,0
42.897,0.9166,0,0,0,0
42.934,0.9166,0,0,0,0
42.962,0.9166,0,0,0,0
42.997,0.9166,0,0,0,0
43.029,0.9166,0,0,0,0
43.062,0.9166,0,0,0,0
43.096,0.9166,0,0,0,0
43.132,0.9166,0,0,0,0
43.161,0.9166,0,0,0,0
43.196,0.9166,0,0,0,0
43.229,0.9166,0,0,0,0
43.266,0.9166,0,0,0,0
43.299,0.9166,0,0,0,0
43.328,0.9166,0,0,0,0
43.362,0.9166,0,0,0,0
43.398,0.9166,0,0,0,0
43.432,0.9166,0,0,0,0
43.463,0.9166,0,0,0,0
43.495,0.9166,0,0,0,0
43.530,0.9166,0,0,0,0
43.562,0.9166,0,0,0,0
43.596,0.9166,0,0,0,0
43.629,0.9166,0,0,0,0
43.663,0.9166,0,0,0,0
43.699,0.9166,0,0,0,0
43.727,0.9166,0,0,0,0
43.765,0.9166,0,0,0,0
43.799,0.9167,0,0,0,0
43.829,0.9167,0,0,0,0
43.865,0.9167,0,0,0,0
43.898,0.9167,0,0,0,0
43.932,0.9167,0,0,0,0
43.965,0.9167,0,0,0,0
44.001,0.9167,0,0,0,0
44.031,0.9167,0,0,0,0
44.064,0.9167,0,0,0,0
44.094,0.9167,0,0,0,0
44.132,0.9167,0,0,0,0
44.163,0.9167,0,0,0,0
44.194,0.9167,0,0,0,0
44.231,0.9167,0,0,0,0
44.265,0.9167,0,0,0,0
44.295,0.9167,0,0,0,0
44.332,0.9167,0,0,0,0
44.356,0.9167,0,0,0,0
44.394,0.9167,0,0,0,0
44.428,0.9167,0,0,0,0
44.462,0.9167,0,0,0,0
44.500,0.9167,0,0,0,0
44.523,0.9167,0,0,0,0
44.561,0.9167,0,0,0,0
44.594,0.9167,0,0,0,0
44.619,0.9167,0,0,0,0
44.664,0.9167,0,0,0,0
44.695,0.9167,0,0,0,0
44.728,0.9167,0,0,0,0
44.763,0.9167,0,0,0,0
44.799,0.9167,0,0,0,0
44.834,0.9168,0,0,0,0
44.864,0.9168,0,0,0,0
44.904,0.9168,0,0,0,0
44.926,0.9168,0,0,0,0
44.967,0.9168,0,0,0,0
44.996,0.9168,0,0,0,0
45.030,0.9168,0,0,0,0
45.064,0.9168,0,0,0,0
45.097,0.9168,0,0,0,0
45.130,0.9168,0,0,0,0
45.164,0.9168,0,0,0,0
45.197,0.9168,0,0,0,0
45.231,0.9168,0,0,0,0
45.264,0.9168,0,0,0,0
45.292,0.9168,0,0,0,0
45.331,0.9168,0,0,0,0
45.364,0.9168,0,0,0,0
45.397,0.9168,0,0,0,0
45.430,0.9168,0,0,0,0
45.464,0.9168,0,0,0,0
45.490,0.9168,0,0,0,0
45.531,0.9168,0,0,0,0
45.564,0.9168,0,0,0,0
45.597,0.9168,0,0,0,0
45.630,0.9168,0,0,0,0
45.664,0.9168,0,0,0,0
45.690,0.9168,0,0,0,0
45.730,0.9168,0,0,0,0
45.757,0.9168,0,0,0,0
45.793,0.9168,0,0,0,0
45.826,0.9168,0,0,0,0
45.859,0.9168,0,0,0,0
45.893,0.9168,0,0,0,0
45.926,0.9168,0,0,0,0
45.959,0.9168,0,0,0,0
45.993,0.9169,0,0,0,0
46.026,0.9169,0,0,0,0
46.059,0.9169,0,0,0,0
46.095,0.9169,0,0,0,0
46.128,0.9169,0,0,0,0
46.162,0.9169,0,0,0,0
46.193,0.9169,0,0,0,0
46.226,0.9169,0,0,0,0
46.262,0.9169,0,0,0,0
46.295,0.9169,0,0,0,0
46.328,0.9169,0,0,0,0
46.362,0.9169,0,0,0,0
46.395,0.9169,0,0,0,0
46.428,0.9169,0,0,0,0
46.459,0.9169,0,0,0,0
46.493,0.9169,0,0,0,0
46.527,0.9169,0,0,0,0
46.560,0.9169,0,0,0,0
46.596,0.9169,0,0,0,0
46.628,0.9169,0,0,0,0
46.663,0.9169,0,0,0,0
46.695,0.9169,0,0,0,0
46.729,0.9169,0,0,0,0
46.763,0.9169,0,0,0,0
46.795,0.9169,0,0,0,0
46.830,0.9169,0,0,0,0
46.863,0.9169,0,0,0,0
46.895,0.9169,0,0,0,0
46.928,0.9169,0,0,0,0
46.964,0.9169,0,0,0,0
46.999,0.9169,0,0,0,0
47.029,0.9169,0,0,0,0
47.066,0.9169,0,0,0,0
47.094,0.9169,0,0,0,0
47.130,0.9169,0,0,0,0
47.166,0.9169,0,0,0,0
47.195,0.9169,0,0,0,0
47.231,0.9170,0,0,0,0
47.263,0.9170,0,0,0,0
47.297,0.9170,0,0,0,0
47.332,0.9170,0,0,0,0
47.367,0.9170,0,0,0,0
47.396,0.9170,0,0,0,0
47.434,0.9170,0,0,0,0
47.464,0.9170,0,0,0,0
47.497,0.9170,0,0,0,0
47.525,0.9170,0,0,0,0
47.559,0.9170,0,0,0,0
47.593,0.9170,0,0,0,0
47.626,0.9170,0,0,0,0
47.659,0.9170,0,0,0,0
47.693,0.9170,0,0,0,0
47.726,0.9170,0,0,0,0
47.760,0.9170,0,0,0,0
47.793,0.9170,0,0,0,0
47.826,0.9170,0,0,0,0
47.862,0.9170,0,0,0,0
47.895,0.9170,0,0,0,0
47.929,0.9170,0,0,0,0
47.962,0.9170,0,0,0,0
47.995,0.9170,0,0,0,0
48.029,0.9170,0,0,0,0
48.063,0.9170,0,0,0,0
48.095,0.9170,0,0,0,0
48.129,0.9170,0,0,0,0
48.162,0.9170,0,0,0,0
48.195,0.9170,0,0,0,0
48.226,0.9170,0,0,0,0
48.259,0.9170,0,0,0,0
48.293,0.9170,0,0,0,0
48.328,0.9170,0,0,0,0
48.362,0.9170,0,0,0,0
48.396,0.9170,0,0,0,0
48.429,0.9170,0,0,0,0
48.461,0.9170,0,0,0,0
48.496,0.9170,0,0,0,0
48.529,0.9170,0,0,0,0
48.562,0.9170,0,0,0,0
48.594,0.9171,0,0,0,0
48.627,0.9171,0,0,0,0
48.659,0.9171,0,0,0,0
48.693,0.9171,0,0,0,0
48.726,0.9171,0,0,0,0
48.759,0.9171,0,0,0,0
48.793,0.9171,0,0,0,0
48.826,0.9171,0,0,0,0
48.862,0.9171,0,0,0,0
48.895,0.9171,0,0,0,0
48.928,0.9171,0,0,0,0
48.963,0.9171,0,0,0,0
48.996,0.9171,0,0,0,0
49.029,0.9171,0,0,0,0
49.060,0.9171,0,0,0,0
49.093,0.9171,0,0,0,0
49.126,0.9171,0,0,0,0
49.160,0.9171,0,0,0,0
49.193,0.9171,0,0,0,0
49.226,0.9171,0,0,0,0
49.259,0.9171,0,0,0,0
49.295,0.9171,0,0,0,0
49.328,0.9171,0,0,0,0
49.360,0.9171,0,0,0,0
49.393,0.9171,0,0,0,0
49.426,0.9171,0,0,0,0
49.460,0.9171,0,0,0,0
49.494,0.9171,0,0,0,0
49.527,0.9171,0,0,0,0
49.560,0.9171,0,0,0,0
49.597,0.9171,0,0,0,0
49.627,0.9171,0,0,0,0
49.664,0.9171,0,0,0,0
49.698,0.9171,0,0,0,0
49.729,0.9171,0,0,0,0
49.760,0.9171,0,0,0,0
49.794,0.9171,0,0,0,0
49.831,0.9171,0,0,0,0
49.855,0.9171,0,0,0,0
49.897,0.9171,0,0,0,0
49.928,0.9171,0,0,0,0
49.963,0.9171,0,0,0,0
49.998,0.9171,0,0,0,0
50.029,0.9171,0,0,0,0
50.061,0.9171,0,0,0,0
50.097,0.9172,0,0,0,0
50.133,0.9172,0,0,0,0
50.155,0.9172,0,0,0,0
50.196,0.9172,0,0,0,0
50.229,0.9172,0,0,0,0
50.265,0.9172,0,0,0,0
50.298,0.9172,0,0,0,0
50.330,0.9172,0,0,0,0
50.361,0.9172,0,0,0,0
50.395,0.9172,0,0,0,0
50.430,0.9172,0,0,0,0
50.467,0.9172,0,0,0,0
50.500,0.9172,0,0,0,0
50.530,0.9172,0,0,0,0
50.563,0.9172,0,0,0,0
50.599,0.9172,0,0,0,0
50.632,0.9172,0,0,0,0
50.661,0.9172,0,0,0,0
50.696,0.9172,0,0,0,0
50.733,0.9172,0,0,0,0
50.763,0.9172,0,0,0,0
50.797,0.9172,0,0,0,0
50.829,0.9172,0,0,0,0
50.862,0.9172,0,0,0,0
50.897,0.9172,0,0,0,0
50.931,0.9172,0,0,0,0
50.962,0.9172,0,0,0,0
51.000,0.9172,0,0,0,0
51.033,0.9172,0,0,0,0
51.065,0.9172,0,0,0,0
51.095,0.9172,0,0,0,0
51.133,0.9172,0,0,0,0
51.165,0.9172,0,0,0,0
51.194,0.9172,0,0,0,0
51.229,0.9172,0,0,0,0
51.261,0.9172,0,0,0,0
51.299,0.9172,0,0,0,0
51.329,0.9172,0,0,0,0
51.363,0.9172,0,0,0,0
51.400,0.9172,0,0,0,0
51.431,0.9172,0,0,0,0
51.462,0.9172,0,0,0,0
51.495,0.9172,0,0,0,0
51.530,0.9172,0,0,0,0
51.562,0.9172,0,0,0,0
51.595,0.9172,0,0,0,0
51.629,0.9172,0,0,0,0
51.663,0.9172,0,0,0,0
51.699,0.9172,0,0,0,0
51.732,0.9172,0,0,0,0
51.762,0.9173,0,0,0,0
51.795,0.9173,0,0,0,0
51.829,0.9173,0,0,0,0
51.865,0.9173,0,0,0,0
51.897,0.9173,0,0,0,0
51.933,0.9173,0,0,0,0
51.962,0.9173,0,0,0,0
51.997,0.9173,0,0,0,0
52.031,0.9173,0,0,0,0
52.066,0.9173,0,0,0,0
52.099,0.9173,0,0,0,0
52.129,0.9173,0,0,0,0
52.162,0.9173,0,0,0,0
52.198,0.9173,0,0,0,0
52.228,0.9173,0,0,0,0
52.267,0.9173,0,0,0,0
52.295,0.9173,0,0,0,0
52.328,0.9173,0,0,0,0
52.363,0.9173,0,0,0,0
52.395,0.9173,0,0,0,0
52.433,0.9173,0,0,0,0
52.461,0.9173,0,0,0,0
52.496,0.9173,0,0,0,0
52.529,0.9173,0,0,0,0
52.566,0.9173,0,0,0,0
52.595,0.9173,0,0,0,0
52.630,0.9173,0,0,0,0
52.665,0.9173,0,0,0,0
52.695,0.9173,0,0,0,0
52.732,0.9173,0,0,0,0
52.766,0.9173,0,0,0,0
52.796,0.9173,0,0,0,0
52.828,0.9173,0,0,0,0
52.861,0.9173,0,0,0,0
52.894,0.9173,0,0,0,0
52.927,0.9173,0,0,0,0
52.966,0.9173,0,0,0,0
52.998,0.9173,0,0,0,0
53.031,0.9173,0,0,0,0
53.065,0.9173,0,0,0,0
53.096,0.9173,0,0,0,0
53.132,0.9173,0,0,0,0
53.165,0.9173,0,0,0,0
53.199,0.9173,0,0,0,0
53.228,0.9173,0,0,0,0
53.263,0.9173,0,0,0,0
53.297,0.9173,0,0,0,0
53.329,0.9173,0,0,0,0
53.362,0.9173,0,0,0,0
53.397,0.9173,0,0,0,0
53.431,0.9173,0,0,0,0
53.462,0.9173,0,0,0,0
53.498,0.9173,0,0,0,0
53.528,0.9173,0,0,0,0
53.564,0.9173,0,0,0,0
53.595,0.9173,0,0,0,0
53.633,0.9173,0,0,0,0
53.665,0.9173,0,0,0,0
53.698,0.9174,0,0,0,0
53.731,0.9174,0,0,0,0
53.765,0.9174,0,0,0,0
53.795,0.9174,0,0,0,0
53.832,0.9174,0,0,0,0
53.865,0.9174,0,0,0,0
53.894,0.9174,0,0,0,0
53.935,0.9174,0,0,0,0
53.962,0.9174,0,0,0,0
53.995,0.9174,0,0,0,0
54.029,0.9174,0,0,0,0
54.067,0.9174,0,0,0,0
54.099,0.9174,0,0,0,0
54.132,0.9174,0,0,0,0
54.165,0.9174,0,0,0,0
54.197,0.9174,0,0,0,0
54.230,0.9174,0,0,0,0
54.265,0.9174,0,0,0,0
54.298,0.9174,0,0,0,0
54.332,0.9174,0,0,0,0
54.365,0.9174,0,0,0,0
54.397,0.9174,0,0,0,0
54.428,0.9174,0,0,0,0
54.463,0.9174,0,0,0,0
54.496,0.9174,0,0,0,0
54.529,0.9174,0,0,0,0
54.566,0.9174,0,0,0,0
54.597,0.9174,0,0,0,0
54.633,0.9174,0,0,0,0
54.662,0.9174,0,0,0,0
54.699,0.9174,0,0,0,0
54.728,0.9174,0,0,0,0
54.761,0.9174,0,0,0,0
54.795,0.9174,0,0,0,0
54.829,0.9174,0,0,0,0
54.866,0.9174,0,0,0,0
54.897,0.9174,0,0,0,0
54.930,0.9174,0,0,0,0
54.964,0.9174,0,0,0,0
54.999,0.9174,0,0,0,0
55.031,0.9174,0,0,0,0
55.067,0.9174,0,0,0,0
55.099,0.9174,0,0,0,0
55.131,0.9174,0,0,0,0
55.161,0.9174,0,0,0,0
55.199,0.9174,0,0,0,0
55.231,0.9174,0,0,0,0
55.266,0.9174,0,0,0,0
55.298,0.9174,0,0,0,0
55.333,0.9174,0,0,0,0
55.363,0.9174,0,0,0,0
55.397,0.9174,0,0,0,0
55.428,0.9174,0,0,0,0
55.462,0.9174,0,0,0,0
55.495,0.9174,0,0,0,0
55.531,0.9174,0,0,0,0
55.565,0.9174,0,0,0,0
55.596,0.9174,0,0,0,0
55.631,0.9174,0,0,0,0
55.663,0.9174,0,0,0,0
55.695,0.9174,0,0,0,0
55.728,0.9174,0,0,0,0
55.764,0.9174,0,0,0,0
55.795,0.9174,0,0,0,0
55.830,0.9174,0,0,0,0
55.863,0.9175,0,0,0,0
55.899,0.9175,0,0,0,0
55.931,0.9175,0,0,0,0
55.966,0.9175,0,0,0,0
55.995,0.9175,0,0,0,0
56.029,0.9175,0,0,0,0
56.066,0.9175,0,0,0,0
56.097,0.9175,0,0,0,0
56.131,0.9175,0,0,0,0
56.162,0.9175,0,0,0,0
56.196,0.9175,0,0,0,0
56.229,0.9175,0,0,0,0
56.265,0.9175,0,0,0,0
56.296,0.9175,0,0,0,0
56.328,0.9175,0,0,0,0
56.363,0.9175,0,0,0,0
56.400,0.9175,0,0,0,0
56.432,0.9175,0,0,0,0
56.463,0.9175,0,0,0,0
56.496,0.9175,0,0,0,0
56.533,0.9175,0,0,0,0
56.563,0.9175,0,0,0,0
56.600,0.9175,0,0,0,0
56.631,0.9175,0,0,0,0
56.664,0.9175,0,0,0,0
56.699,0.9175,0,0,0,0
56.731,0.9175,0,0,0,0
56.767,0.9175,0,0,0,0
56.798,0.9175,0,0,0,0
56.831,0.9175,0,0,0,0
56.863,0.9175,0,0,0,0
56.895,0.9175,0,0,0,0
56.932,0.9175,0,0,0,0
56.961,0.9175,0,0,0,0
56.996,0.9175,0,0,0,0
57.029,0.9175,0,0,0,0
57.064,0.9175,0,0,0,0
57.095,0.9175,0,0,0,0
57.130,0.9175,0,0,0,0
57.161,0.9175,0,0,0,0
57.199,0.9175,0,0,0,0
57.233,0.9175,0,0,0,0
57.262,0.9175,0,0,0,0
57.298,0.9175,0,0,0,0
57.328,0.9175,0,0,0,0
57.364,0.9175,0,0,0,0
57.399,0.9175,0,0,0,0
57.430,0.9175,0,0,0,0
57.462,0.9175,0,0,0,0
57.500,0.9175,0,0,0,0
57.532,0.9175,0,0,0,0
57.561,0.9175,0,0,0,0
57.595,0.9175,0,0,0,0
57.629,0.9175,0,0,0,0
57.665,0.9175,0,0,0,0
57.701,0.9175,0,0,0,0
57.732,0.9175,0,0,0,0
57.764,0.9175,0,0,0,0
57.798,0.9175,0,0,0,0
57.829,0.9175,0,0,0,0
57.863,0.9175,0,0,0,0
57.899,0.9175,0,0,0,0
57.927,0.9175,0,0,0,0
57.963,0.9175,0,0,0,0
57.997,0.9175,0,0,0,0
58.029,0.9175,0,0,0,0
58.065,0.9175,0,0,0,0
58.099,0.9175,0,0,0,0
58.130,0.9175,0,0,0,0
58.166,0.9175,0,0,0,0
58.197,0.9175,0,0,0,0
58.229,0.9175,0,0,0,0
58.265,0.9175,0,0,0,0
58.300,0.9175,0,0,0,0
58.331,0.9175,0,0,0,0
58.366,0.9175,0,0,0,0
58.398,0.9176,0,0,0,0
58.433,0.9176,0,0,0,0
58.465,0.9176,0,0,0,0
58.495,0.9176,0,0,0,0
58.531,0.9176,0,0,0,0
58.564,0.9176,0,0,0,0
58.597,0.9176,0,0,0,0
58.633,0.9176,0,0,0,0
58.666,0.9176,0,0,0,0
58.696,0.9176,0,0,0,0
58.731,0.9176,0,0,0,0
58.762,0.9176,0,0,0,0
58.795,0.9176,0,0,0,0
58.829,0.9176,0,0,0,0
58.861,0.9176,0,0,0,0
58.900,0.9176,0,0,0,0
58.932,0.9176,0,0,0,0
58.963,0.9176,0,0,0,0
58.998,0.9176,0,0,0,0
59.029,0.9176,0,0,0,0
59.062,0.9176,0,0,0,0
59.096,0.9176,0,0,0,0
59.132,0.9176,0,0,0,0
59.163,0.9176,0,0,0,0
59.199,0.9176,0,0,0,0
59.229,0.9176,0,0,0,0
59.262,0.9176,0,0,0,0
59.296,0.9176,0,0,0,0
59.331,0.9176,0,0,0,0
59.364,0.9176,0,0,0,0
59.397,0.9176,0,0,0,0
59.430,0.9176,0,0,0,0
59.461,0.9176,0,0,0,0
59.497,0.9176,0,0,0,0
59.529,0.9176,0,0,0,0
59.564,0.9176,0,0,0,0
59.599,0.9176,0,0,0,0
59.630,0.9176,0,0,0,0
59.665,0.9176,0,0,0,0
59.698,0.9176,0,0,0,0
59.730,0.9176,0,0,0,0
59.765,0.9176,0,0,0,0
59.797,0.9176,0,0,0,0
59.829,0.9176,0,0,0,0
59.865,0.9176,0,0,0,0
59.898,0.9176,0,0,0,0
59.930,0.9176,0,0,0,0
59.967,0.9176,0,0,0,0
59.998,0.9176,0,0,0,0
60.032,0.9176,0,0,0,0
60.064,0.9176,0,0,0,0
60.087,0.9176,0,0,0,0
60.131,0.9176,0,0,0,0
60.164,0.9176,0,0,0,0
60.196,0.9176,0,0,0,0
60.231,0.9176,0,0,0,0
60.263,0.9176,0,0,0,0
60.296,0.9176,0,0,0,0
60.332,0.9176,0,0,0,0
60.365,0.9176,0,0,0,0
60.397,0.9176,0,0,0,0
60.431,0.9176,0,0,0,0
60.465,0.9176,0,0,0,0
60.496,0.9176,0,0,0,0
60.529,0.9176,0,0,0,0
60.565,0.9176,0,0,0,0
60.598,0.9176,0,0,0,0
60.630,0.9176,0,0,0,0
60.665,0.9176,0,0,0,0
60.698,0.9176,0,0,0,0
60.730,0.9176,0,0,0,0
60.765,0.9176,0,0,0,0
60.797,0.9176,0,0,0,0
60.829,0.9176,0,0,0,0
60.866,0.9176,0,0,0,0
60.895,0.9176,0,0,0,0
60.930,0.9176,0,0,0,0
60.962,0.9176,0,0,0,0
60.998,0.9176,0,0,0,0
61.030,0.9176,0,0,0,0
61.062,0.9176,0,0,0,0
61.096,0.9176,0,0,0,0
61.132,0.9176,0,0,0,0
61.164,0.9176,0,0,0,0
61.199,0.9176,0,0,0,0
61.227,0.9176,0,0,0,0
61.263,0.9176,0,0,0,0
61.297,0.9176,0,0,0,0
61.331,0.9176,0,0,0,0
61.362,0.9177,0,0,0,0
61.395,0.9177,0,0,0,0
61.430,0.9177,0,0,0,0
61.466,0.9177,0,0,0,0
61.496,0.9177,0,0,0,0
61.532,0.9177,0,0,0,0
61.566,0.9177,0,0,0,0
61.595,0.9177,0,0,0,0
61.633,0.9177,0,0,0,0
61.664,0.9177,0,0,0,0
61.696,0.9177,0,0,0,0
61.732,0.9177,0,0,0,0
61.763,0.9177,0,0,0,0
61.798,0.9177,0,0,0,0
61.829,0.9177,0,0,0,0
61.864,0.9177,0,0,0,0
61.897,0.9177,0,0,0,0
61.931,0.9177,0,0,0,0
61.961,0.9177,0,0,0,0
61.995,0.9177,0,0,0,0
62.033,0.9177,0,0,0,0
62.061,0.9177,0,0,0,0
62.096,0.9177,0,0,0,0
62.130,0.9177,0,0,0,0
62.165,0.9177,0,0,0,0
62.198,0.9177,0,0,0,0
62.232,0.9177,0,0,0,0
62.265,0.9177,0,0,0,0
62.295,0.9177,0,0,0,0
62.333,0.9177,0,0,0,0
62.361,0.9177,0,0,0,0
62.397,0.9177,0,0,0,0
62.430,0.9177,0,0,0,0
62.465,0.9177,0,0,0,0
62.494,0.9177,0,0,0,0
62.531,0.9177,0,0,0,0
62.562,0.9177,0,0,0,0
62.599,0.9177,0,0,0,0
62.632,0.9177,0,0,0,0
62.664,0.9177,0,0,0,0
62.697,0.9177,0,0,0,0
62.733,0.9177,0,0,0,0
62.762,0.9177,0,0,0,0
62.795,0.9177,0,0,0,0
62.832,0.9177,0,0,0,0
62.864,0.9177,0,0,0,0
62.898,0.9177,0,0,0,0
62.931,0.9177,0,0,0,0
62.964,0.9177,0,0,0,0
62.997,0.9177,0,0,0,0
63.033,0.9177,0,0,0,0
63.065,0.9177,0,0,0,0
63.099,0.9177,0,0,0,0
63.131,0.9177,0,0,0,0
63.161,0.9177,0,0,0,0
63.197,0.9177,0,0,0,0
63.226,0.9177,0,0,0,0
63.262,0.9177,0,0,0,0
63.294,0.9177,0,0,0,0
63.331,0.9177,0,0,0,0
63.365,0.9177,0,0,0,0
63.395,0.9177,0,0,0,0
63.429,0.9177,0,0,0,0
63.465,0.9177,0,0,0,0
63.500,0.9177,0,0,0,0
63.530,0.9177,0,0,0,0
63.563,0.9177,0,0,0,0
63.598,0.9177,0,0,0,0
63.632,0.9177,0,0,0,0
63.662,0.9177,0,0,0,0
63.698,0.9177,0,0,0,0
63.732,0.9177,0,0,0,0
63.762,0.9177,0,0,0,0
63.797,0.9177,0,0,0,0
63.828,0.9177,0,0,0,0
63.862,0.9177,0,0,0,0
63.897,0.9177,0,0,0,0
63.931,0.9177,0,0,0,0
63.962,0.9177,0,0,0,0
63.994,0.9177,0,0,0,0
64.030,0.9177,0,0,0,0
64.066,0.9177,0,0,0,0
64.097,0.9177,0,0,0,0
64.132,0.9177,0,0,0,0
64.163,0.9177,0,0,0,0
64.196,0.9177,0,0,0,0
64.233,0.9177,0,0,0,0
64.261,0.9177,0,0,0,0
64.300,0.9177,0,0,0,0
64.332,0.9177,0,0,0,0
64.363,0.9177,0,0,0,0
64.394,0.9177,0,0,0,0
64.429,0.9177,0,0,0,0
64.464,0.9177,0,0,0,0
64.499,0.9177,0,0,0,0
64.530,0.9177,0,0,0,0
64.564,0.9177,0,0,0,0
64.596,0.9177,0,0,0,0
64.628,0.9177,0,0,0,0
64.661,0.9177,0,0,0,0
64.699,0.9177,0,0,0,0
64.728,0.9177,0,0,0,0
64.763,0.9177,0,0,0,0
64.795,0.9177,0,0,0,0
64.828,0.9177,0,0,0,0
64.866,0.9177,0,0,0,0
64.897,0.9178,0,0,0,0
64.928,0.9178,0,0,0,0
64.964,0.9178,0,0,0,0
64.998,0.9178,0,0,0,0
65.027,0.9178,0,0,0,0
65.062,0.9178,0,0,0,0
65.099,0.9178,0,0,0,0
65.128,0.9178,0,0,0,0
65.167,0.9178,0,0,0,0
65.196,0.9178,0,0,0,0
65.227,0.9178,0,0,0,0
65.266,0.9178,0,0,0,0
65.295,0.9178,0,0,0,0
65.330,0.9178,0,0,0,0
65.362,0.9178,0,0,0,0
65.395,0.9178,0,0,0,0
65.430,0.9178,0,0,0,0
65.463,0.9178,0,0,0,0
65.500,0.9178,0,0,0,0
65.532,0.9178,0,0,0,0
65.563,0.9178,0,0,0,0
65.598,0.9178,0,0,0,0
65.633,0.9178,0,0,0,0
65.663,0.9178,0,0,0,0
65.699,0.9178,0,0,0,0
65.735,0.9178,0,0,0,0
65.755,0.9178,0,0,0,0
65.795,0.9178,0,0,0,0
65.832,0.9178,0,0,0,0
65.864,0.9178,0,0,0,0
65.895,0.9178,0,0,0,0
65.931,0.9178,0,0,0,0
65.965,0.9178,0,0,0,0
65.999,0.9178,0,0,0,0
66.029,0.9178,0,0,0,0
66.066,0.9178,0,0,0,0
66.096,0.9178,0,0,0,0
66.130,0.9178,0,0,0,0
66.164,0.9178,0,0,0,0
66.194,0.9178,0,0,0,0
66.232,0.9178,0,0,0,0
66.262,0.9178,0,0,0,0
66.300,0.9178,0,0,0,0
66.330,0.9178,0,0,0,0
66.360,0.9178,0,0,0,0
66.398,0.9178,0,0,0,0
66.430,0.9178,0,0,0,0
66.462,0.9178,0,0,0,0
66.497,0.9178,0,0,0,0
66.534,0.9178,0,0,0,0
66.564,0.9178,0,0,0,0
66.602,0.9178,0,0,0,0
66.630,0.9178,0,0,0,0
66.661,0.9178,0,0,0,0
66.696,0.9178,0,0,0,0
66.727,0.9178,0,0,0,0
66.763,0.9178,0,0,0,0
66.795,0.9178,0,0,0,0
66.830,0.9178,0,0,0,0
66.862,0.9178,0,0,0,0
66.897,0.9178,0,0,0,0
66.932,0.9178,0,0,0,0
66.966,0.9178,0,0,0,0
66.995,0.9178,0,0,0,0
67.032,0.9178,0,0,0,0
67.062,0.9178,0,0,0,0
67.097,0.9178,0,0,0,0
67.131,0.9178,0,0,0,0
67.162,0.9178,0,0,0,0
67.196,0.9178,0,0,0,0
67.232,0.9178,0,0,0,0
67.265,0.9178,0,0,0,0
67.295,0.9178,0,0,0,0
67.331,0.9178,0,0,0,0
67.363,0.9178,0,0,0,0
67.399,0.9178,0,0,0,0
67.429,0.9178,0,0,0,0
67.463,0.9178,0,0,0,0
67.498,0.9178,0,0,0,0
67.529,0.9178,0,0,0,0
67.564,0.9178,0,0,0,0
67.597,0.9178,0,0,0,0
67.628,0.9178,0,0,0,0
67.667,0.9178,0,0,0,0
67.699,0.9178,0,0,0,0
67.732,0.9178,0,0,0,0
67.760,0.9178,0,0,0,0
67.798,0.9178,0,0,0,0
67.833,0.9178,0,0,0,0
67.864,0.9178,0,0,0,0
67.899,0.9178,0,0,0,0
67.931,0.9178,0,0,0,0
67.965,0.9178,0,0,0,0
67.995,0.9178,0,0,0,0
68.032,0.9178,0,0,0,0
68.064,0.9178,0,0,0,0
68.095,0.9178,0,0,0,0
68.128,0.9178,0,0,0,0
68.164,0.9178,0,0,0,0
68.196,0.9178,0,0,0,0
68.228,0.9178,0,0,0,0
68.266,0.9178,0,0,0,0
68.298,0.9178,0,0,0,0
68.332,0.9178,0,0,0,0
68.364,0.9178,0,0,0,0
68.395,0.9178,0,0,0,0
68.429,0.9178,0,0,0,0
68.465,0.9178,0,0,0,0
68.498,0.9178,0,0,0,0
68.531,0.9178,0,0,0,0
68.565,0.9178,0,0,0,0
68.595,0.9178,0,0,0,0
68.631,0.9178,0,0,0,0
68.663,0.9178,0,0,0,0
68.695,0.9178,0,0,0,0
68.730,0.9178,0,0,0,0
68.766,0.9178,0,0,0,0
68.799,0.9178,0,0,0,0
68.831,0.9178,0,0,0,0
68.868,0.9178,0,0,0,0
68.900,0.9178,0,0,0,0
68.929,0.9178,0,0,0,0
68.961,0.9178,0,0,0,0
68.995,0.9178,0,0,0,0
69.030,0.9178,0,0,0,0
69.064,0.9178,0,0,0,0
69.102,0.9178,0,0,0,0
69.133,0.9178,0,0,0,0
69.162,0.9178,0,0,0,0
69.197,0.9178,0,0,0,0
69.230,0.9178,0,0,0,0
69.265,0.9178,0,0,0,0
69.296,0.9178,0,0,0,0
69.335,0.9179,0,0,0,0
69.357,0.9179,0,0,0,0
69.393,0.9179,0,0,0,0
69.430,0.9179,0,0,0,0
69.464,0.9179,0,0,0,0
69.496,0.9179,0,0,0,0
69.529,0.9179,0,0,0,0
69.564,0.9179,0,0,0,0
69.597,0.9179,0,0,0,0
69.630,0.9179,0,0,0,0
69.665,0.9179,0,0,0,0
69.703,0.9179,0,0,0,0
69.722,0.9179,0,0,0,0
69.761,0.9179,0,0,0,0
69.797,0.9179,0,0,0,0
69.830,0.9179,0,0,0,0
69.862,0.9179,0,0,0,0
69.895,0.9179,0,0,0,0
69.929,0.9179,0,0,0,0
69.961,0.9179,0,0,0,0
69.997,0.9179,0,0,0,0
70.030,0.9179,0,0,0,0
70.062,0.9179,0,0,0,0
70.096,0.9179,0,0,0,0
70.128,0.9179,0,0,0,0
70.163,0.9179,0,0,0,0
70.196,0.9179,0,0,0,0
70.229,0.9179,0,0,0,0
70.264,0.9179,0,0,0,0
70.298,0.9179,0,0,0,0
70.328,0.9179,0,0,0,0
70.362,0.9179,0,0,0,0
70.399,0.9179,0,0,0,0
70.432,0.9179,0,0,0,0
70.466,0.9179,0,0,0,0
70.499,0.9179,0,0,0,0
70.528,0.9179,0,0,0,0
70.563,0.9179,0,0,0,0
70.597,0.9179,0,0,0,0
70.629,0.9179,0,0,0,0
70.666,0.9179,0,0,0,0
70.699,0.9179,0,0,0,0
70.733,0.9179,0,0,0,0
70.765,0.9179,0,0,0,0
70.798,0.9179,0,0,0,0
70.828,0.9179,0,0,0,0
70.865,0.9179,0,0,0,0
70.899,0.9179,0,0,0,0
70.928,0.9179,0,0,0,0
70.962,0.9179,0,0,0,0
70.996,0.9179,0,0,0,0
71.032,0.9179,0,0,0,0
71.065,0.9179,0,0,0,0
71.096,0.9179,0,0,0,0
71.131,0.9179,0,0,0,0
71.165,0.9179,0,0,0,0
71.199,0.9179,0,0,0,0
71.233,0.9179,0,0,0,0
71.265,0.9179,0,0,0,0
71.298,0.9179,0,0,0,0
71.330,0.9179,0,0,0,0
71.366,0.9179,0,0,0,0
71.396,0.9179,0,0,0,0
71.432,0.9179,0,0,0,0
71.465,0.9179,0,0,0,0
71.499,0.9179,0,0,0,0
71.535,0.9179,0,0,0,0
71.564,0.9179,0,0,0,0
71.597,0.9179,0,0,0,0
71.632,0.9179,0,0,0,0
71.664,0.9179,0,0,0,0
71.696,0.9179,0,0,0,0
71.729,0.9179,0,0,0,0
71.768,0.9179,0,0,0,0
71.798,0.9179,0,0,0,0
71.832,0.9179,0,0,0,0
71.865,0.9179,0,0,0,0
71.896,0.9179,0,0,0,0
71.930,0.9179,0,0,0,0
71.962,0.9179,0,0,0,0
71.998,0.9179,0,0,0,0
72.029,0.9179,0,0,0,0
72.064,0.9179,0,0,0,0
72.097,0.9179,0,0,0,0
72.131,0.9179,0,0,0,0
72.162,0.9179,0,0,0,0
72.197,0.9179,0,0,0,0
72.233,0.9179,0,0,0,0
72.263,0.9179,0,0,0,0
72.301,0.9179,0,0,0,0
72.329,0.9179,0,0,0,0
72.363,0.9179,0,0,0,0
72.396,0.9179,0,0,0,0
72.431,0.9179,0,0,0,0
72.465,0.9179,0,0,0,0
72.499,0.9179,0,0,0,0
72.531,0.9179,0,0,0,0
72.561,0.9179,0,0,0,0
72.597,0.9179,0,0,0,0
72.642,0.9179,0,0,0,0
72.657,0.9179,0,0,0,0
72.698,0.9179,0,0,0,0
72.732,0.9179,0,0,0,0
72.768,0.9179,0,0,0,0
72.797,0.9179,0,0,0,0
72.830,0.9179,0,0,0,0
72.865,0.9179,0,0,0,0
72.898,0.9179,0,0,0,0
72.929,0.9179,0,0,0,0
72.962,0.9179,0,0,0,0
72.999,0.9179,0,0,0,0
73.027,0.9179,0,0,0,0
73.062,0.9179,0,0,0,0
73.097,0.9179,0,0,0,0
73.129,0.9179,0,0,0,0
73.165,0.9179,0,0,0,0
73.200,0.9179,0,0,0,0
73.228,0.9179,0,0,0,0
73.265,0.9179,0,0,0,0
73.299,0.9179,0,0,0,0
73.331,0.9179,0,0,0,0
73.365,0.9179,0,0,0,0
73.397,0.9179,0,0,0,0
73.430,0.9179,0,0,0,0
73.463,0.9179,0,0,0,0
73.496,0.9179,0,0,0,0
73.531,0.9179,0,0,0,0
73.565,0.9179,0,0,0,0
73.597,0.9179,0,0,0,0
73.631,0.9179,0,0,0,0
73.665,0.9179,0,0,0,0
73.697,0.9179,0,0,0,0
73.730,0.9179,0,0,0,0
73.766,0.9179,0,0,0,0
73.800,0.9179,0,0,0,0
73.830,0.9179,0,0,0,0
73.863,0.9179,0,0,0,0
73.897,0.9179,0,0,0,0
73.929,0.9179,0,0,0,0
73.963,0.9179,0,0,0,0
73.997,0.9179,0,0,0,0
74.031,0.9179,0,0,0,0
74.064,0.9179,0,0,0,0
74.095,0.9179,0,0,0,0
74.129,0.9179,0,0,0,0
74.163,0.9179,0,0,0,0
74.197,0.9179,0,0,0,0
74.228,0.9179,0,0,0,0
74.264,0.9179,0,0,0,0
74.298,0.9179,0,0,0,0
74.330,0.9179,0,0,0,0
74.362,0.9179,0,0,0,0
74.395,0.9179,0,0,0,0
74.430,0.9179,0,0,0,0
74.462,0.9179,0,0,0,0
74.496,0.9179,0,0,0,0
74.532,0.9179,0,0,0,0
74.565,0.9179,0,0,0,0
74.599,0.9179,0,0,0,0
74.631,0.9179,0,0,0,0
74.666,0.9179,0,0,0,0
74.698,0.9179,0,0,0,0
74.731,0.9179,0,0,0,0
74.763,0.9179,0,0,0,0
74.796,0.9179,0,0,0,0
74.828,0.9179,0,0,0,0
74.864,0.9179,0,0,0,0
74.897,0.9179,0,0,0,0
74.931,0.9179,0,0,0,0
74.963,0.9179,0,0,0,0
74.997,0.9179,0,0,0,0
75.030,0.9179,0,0,0,0
75.066,0.9179,0,0,0,0
75.097,0.9179,0,0,0,0
75.133,0.9180,0,0,0,0
75.163,0.9180,0,0,0,0
75.196,0.9180,0,0,0,0
75.233,0.9180,0,0,0,0
75.265,0.9180,0,0,0,0
75.300,0.9180,0,0,0,0
75.327,0.9180,0,0,0,0
75.361,0.9180,0,0,0,0
75.396,0.9180,0,0,0,0
75.431,0.9180,0,0,0,0
75.462,0.9180,0,0,0,0
75.499,0.9180,0,0,0,0
75.529,0.9180,0,0,0,0
75.565,0.9180,0,0,0,0
75.600,0.9180,0,0,0,0
75.633,0.9180,0,0,0,0
75.663,0.9180,0,0,0,0
75.700,0.9180,0,0,0,0
75.729,0.9180,0,0,0,0
75.765,0.9180,0,0,0,0
75.800,0.9180,0,0,0,0
75.832,0.9180,0,0,0,0
75.863,0.9180,0,0,0,0
75.897,0.9180,0,0,0,0
75.931,0.9180,0,0,0,0
75.965,0.9180,0,0,0,0
75.996,0.9180,0,0,0,0
76.032,0.9180,0,0,0,0
76.065,0.9180,0,0,0,0
76.096,0.9180,0,0,0,0
76.132,0.9180,0,0,0,0
76.163,0.9180,0,0,0,0
76.196,0.9180,0,0,0,0
76.233,0.9180,0,0,0,0
76.263,0.9180,0,0,0,0
76.302,0.9180,0,0,0,0
76.331,0.9180,0,0,0,0
76.363,0.9180,0,0,0,0
76.398,0.9180,0,0,0,0
76.430,0.9180,0,0,0,0
76.463,0.9180,0,0,0,0
76.498,0.9180,0,0,0,0
76.530,0.9180,0,0,0,0
76.565,0.9180,0,0,0,0
76.597,0.9180,0,0,0,0
76.631,0.9180,0,0,0,0
76.665,0.9180,0,0,0,0
76.699,0.9180,0,0,0,0
76.731,0.9180,0,0,0,0
76.763,0.9180,0,0,0,0
76.796,0.9180,0,0,0,0
76.828,0.9180,0,0,0,0
76.861,0.9180,0,0,0,0
76.902,0.9180,0,0,0,0
76.928,0.9180,0,0,0,0
76.965,0.9180,0,0,0,0
76.999,0.9180,0,0,0,0
77.029,0.9180,0,0,0,0
77.065,0.9180,0,0,0,0
77.096,0.9180,0,0,0,0
77.133,0.9180,0,0,0,0
77.164,0.9180,0,0,0,0
77.196,0.9180,0,0,0,0
77.232,0.9180,0,0,0,0
77.262,0.9180,0,0,0,0
77.295,0.9180,0,0,0,0
77.328,0.9180,0,0,0,0
77.365,0.9180,0,0,0,0
77.398,0.9180,0,0,0,0
77.430,0.9180,0,0,0,0
77.465,0.9180,0,0,0,0
77.499,0.9180,0,0,0,0
77.531,0.9180,0,0,0,0
77.561,0.9180,0,0,0,0
77.600,0.9180,0,0,0,0
77.629,0.9180,0,0,0,0
77.661,0.9180,0,0,0,0
77.700,0.9180,0,0,0,0
77.729,0.9180,0,0,0,0
77.764,0.9180,0,0,0,0
77.800,0.9180,0,0,0,0
77.832,0.9180,0,0,0,0
77.862,0.9180,0,0,0,0
77.902,0.9180,0,0,0,0
77.931,0.9180,0,0,0,0
77.964,0.9180,0,0,0,0
77.997,0.9180,0,0,0,0
78.033,0.9180,0,0,0,0
78.063,0.9180,0,0,0,0
78.095,0.9180,0,0,0,0
78.131,0.9180,0,0,0,0
78.166,0.9180,0,0,0,0
78.196,0.9180,0,0,0,0
78.234,0.9180,0,0,0,0
78.264,0.9180,0,0,0,0
78.298,0.9180,0,0,0,0
78.336,0.9180,0,0,0,0
78.365,0.9180,0,0,0,0
78.398,0.9180,0,0,0,0
78.433,0.9180,0,0,0,0
78.464,0.9180,0,0,0,0
78.500,0.9180,0,0,0,0
78.530,0.9180,0,0,0,0
78.566,0.9180,0,0,0,0
78.600,0.9180,0,0,0,0
78.631,0.9180,0,0,0,0
78.663,0.9180,0,0,0,0
78.700,0.9180,0,0,0,0
78.731,0.9180,0,0,0,0
78.762,0.9180,0,0,0,0
78.796,0.9180,0,0,0,0
78.833,0.9180,0,0,0,0
78.866,0.9180,0,0,0,0
78.898,0.9180,0,0,0,0
78.929,0.9180,0,0,0,0
78.966,0.9180,0,0,0,0
78.998,0.9180,0,0,0,0
79.028,0.9180,0,0,0,0
79.065,0.9180,0,0,0,0
79.101,0.9180,0,0,0,0
79.131,0.9180,0,0,0,0
79.168,0.9180,0,0,0,0
79.196,0.9180,0,0,0,0
79.233,0.9180,0,0,0,0
79.265,0.9180,0,0,0,0
79.294,0.9180,0,0,0,0
79.327,0.9180,0,0,0,0
79.361,0.9180,0,0,0,0
79.398,0.9180,0,0,0,0
79.433,0.9180,0,0,0,0
79.460,0.9180,0,0,0,0
79.495,0.9180,0,0,0,0
79.532,0.9180,0,0,0,0
79.563,0.9180,0,0,0,0
79.598,0.9180,0,0,0,0
79.628,0.9180,0,0,0,0
79.666,0.9180,0,0,0,0
79.698,0.9180,0,0,0,0
79.730,0.9180,0,0,0,0
79.764,0.9180,0,0,0,0
79.794,0.9180,0,0,0,0
79.832,0.9180,0,0,0,0
79.862,0.9180,0,0,0,0
79.897,0.9180,0,0,0,0
79.929,0.9180,0,0,0,0
79.965,0.9180,0,0,0,0
79.995,0.9180,0,0,0,0
80.034,0.9180,0,0,0,0
80.062,0.9180,0,0,0,0
80.095,0.9180,0,0,0,0
80.131,0.9180,0,0,0,0
80.162,0.9180,0,0,0,0
80.198,0.9180,0,0,0,0
80.231,0.9180,0,0,0,0
80.267,0.9180,0,0,0,0
80.299,0.9180,0,0,0,0
80.328,0.9180,0,0,0,0
80.359,0.9180,0,0,0,0
80.401,0.9180,0,0,0,0
80.431,0.9180,0,0,0,0
80.464,0.9180,0,0,0,0
80.497,0.9180,0,0,0,0
80.531,0.9180,0,0,0,0
80.564,0.9180,0,0,0,0
80.596,0.9180,0,0,0,0
80.627,0.9180,0,0,0,0
80.666,0.9180,0,0,0,0
80.698,0.9180,0,0,0,0
80.732,0.9180,0,0,0,0
80.757,0.9180,0,0,0,0
80.799,0.9180,0,0,0,0
80.828,0.9180,0,0,0,0
80.866,0.9180,0,0,0,0
80.898,0.9180,0,0,0,0
80.931,0.9180,0,0,0,0
80.965,0.9180,0,0,0,0
80.996,0.9180,0,0,0,0
81.032,0.9180,0,0,0,0
81.063,0.9180,0,0,0,0
81.098,0.9180,0,0,0,0
81.132,0.9180,0,0,0,0
81.163,0.9180,0,0,0,0
81.198,0.9180,0,0,0,0
81.220,0.9180,0,0,0,0
81.263,0.9180,0,0,0,0
81.295,0.9180,0,0,0,0
81.328,0.9180,0,0,0,0
81.361,0.9180,0,0,0,0
81.396,0.9180,0,0,0,0
81.429,0.9180,0,0,0,0
81.462,0.9180,0,0,0,0
81.495,0.9180,0,0,0,0
81.530,0.9180,0,0,0,0
81.564,0.9180,0,0,0,0
81.596,0.9180,0,0,0,0
81.633,0.9180,0,0,0,0
81.661,0.9180,0,0,0,0
81.699,0.9180,0,0,0,0
81.734,0.9180,0,0,0,0
81.766,0.9180,0,0,0,0
81.795,0.9180,0,0,0,0
81.829,0.9180,0,0,0,0
81.866,0.9180,0,0,0,0
81.900,0.9180,0,0,0,0
81.930,0.9180,0,0,0,0
81.962,0.9180,0,0,0,0
81.995,0.9180,0,0,0,0
82.032,0.9180,0,0,0,0
82.062,0.9180,0,0,0,0
82.100,0.9180,0,0,0,0
82.129,0.9180,0,0,0,0
82.163,0.9180,0,0,0,0
82.196,0.9180,0,0,0,0
82.232,0.9180,0,0,0,0
82.262,0.9180,0,0,0,0
82.300,0.9180,0,0,0,0
82.328,0.9180,0,0,0,0
82.361,0.9180,0,0,0,0
82.398,0.9180,0,0,0,0
82.428,0.9180,0,0,0,0
82.468,0.9180,0,0,0,0
82.498,0.9180,0,0,0,0
82.531,0.9180,0,0,0,0
82.566,0.9180,0,0,0,0
82.597,0.9180,0,0,0,0
82.628,0.9180,0,0,0,0
82.663,0.9180,0,0,0,0
82.698,0.9180,0,0,0,0
82.729,0.9180,0,0,0,0
82.764,0.9180,0,0,0,0
82.797,0.9180,0,0,0,0
82.832,0.9180,0,0,0,0
82.863,0.9180,0,0,0,0
82.894,0.9181,0,0,0,0
82.932,0.9181,0,0,0,0
82.963,0.9181,0,0,0,0
82.997,0.9181,0,0,0,0
83.028,0.9181,0,0,0,0
83.065,0.9181,0,0,0,0
83.099,0.9181,0,0,0,0
83.128,0.9181,0,0,0,0
83.163,0.9181,0,0,0,0
83.201,0.9181,0,0,0,0
83.232,0.9181,0,0,0,0
83.263,0.9181,0,0,0,0
83.299,0.9181,0,0,0,0
83.330,0.9181,0,0,0,0
83.361,0.9181,0,0,0,0
83.401,0.9181,0,0,0,0
83.430,0.9181,0,0,0,0
83.465,0.9181,0,0,0,0
83.499,0.9181,0,0,0,0
83.529,0.9181,0,0,0,0
83.565,0.9181,0,0,0,0
83.598,0.9181,0,0,0,0
83.629,0.9181,0,0,0,0
83.667,0.9181,0,0,0,0
83.699,0.9181,0,0,0,0
83.729,0.9181,0,0,0,0
83.762,0.9181,0,0,0,0
83.795,0.9181,0,0,0,0
83.832,0.9181,0,0,0,0
83.865,0.9181,0,0,0,0
83.897,0.9181,0,0,0,0
83.929,0.9181,0,0,0,0
83.965,0.9181,0,0,0,0
83.995,0.9181,0,0,0,0
84.030,0.9181,0,0,0,0
84.061,0.9181,0,0,0,0
84.099,0.9181,0,0,0,0
84.128,0.9181,0,0,0,0
84.163,0.9181,0,0,0,0
84.196,0.9181,0,0,0,0
84.231,0.9181,0,0,0,0
84.266,0.9181,0,0,0,0
84.299,0.9181,0,0,0,0
84.330,0.9181,0,0,0,0
84.363,0.9181,0,0,0,0
84.397,0.9181,0,0,0,0
84.433,0.9181,0,0,0,0
84.463,0.9181,0,0,0,0
84.494,0.9181,0,0,0,0
84.530,0.9181,0,0,0,0
84.565,0.9181,0,0,0,0
84.599,0.9181,0,0,0,0
84.630,0.9181,0,0,0,0
84.666,0.9181,0,0,0,0
84.695,0.9181,0,0,0,0
84.733,0.9181,0,0,0,0
84.762,0.9181,0,0,0,0
84.795,0.9181,0,0,0,0
84.828,0.9181,0,0,0,0
84.862,0.9181,0,0,0,0
84.902,0.9181,0,0,0,0
84.928,0.9181,0,0,0,0
84.965,0.9181,0,0,0,0
84.999,0.9181,0,0,0,0
85.029,0.9181,0,0,0,0
85.068,0.9181,0,0,0,0
85.097,0.9181,0,0,0,0
85.133,0.9181,0,0,0,0
85.162,0.9181,0,0,0,0
85.201,0.9181,0,0,0,0
85.230,0.9181,0,0,0,0
85.265,0.9181,0,0,0,0
85.300,0.9181,0,0,0,0
85.331,0.9181,0,0,0,0
85.362,0.9181,0,0,0,0
85.395,0.9181,0,0,0,0
85.432,0.9181,0,0,0,0
85.463,0.9181,0,0,0,0
85.495,0.9181,0,0,0,0
85.530,0.9181,0,0,0,0
85.562,0.9181,0,0,0,0
85.600,0.9181,0,0,0,0
85.631,0.9181,0,0,0,0
85.662,0.9181,0,0,0,0
85.700,0.9181,0,0,0,0
85.729,0.9181,0,0,0,0
85.767,0.9181,0,0,0,0
85.797,0.9181,0,0,0,0
85.831,0.9181,0,0,0,0
85.867,0.9181,0,0,0,0
85.898,0.9181,0,0,0,0
85.933,0.9181,0,0,0,0
85.964,0.9181,0,0,0,0
85.995,0.9181,0,0,0,0
86.033,0.9181,0,0,0,0
86.055,0.9181,0,0,0,0
86.096,0.9181,0,0,0,0
86.131,0.9181,0,0,0,0
86.165,0.9181,0,0,0,0
86.199,0.9181,0,0,0,0
86.232,0.9181,0,0,0,0
86.265,0.9181,0,0,0,0
86.298,0.9181,0,0,0,0
86.331,0.9181,0,0,0,0
86.361,0.9181,0,0,0,0
86.394,0.9181,0,0,0,0
86.432,0.9181,0,0,0,0
86.464,0.9181,0,0,0,0
86.497,0.9181,0,0,0,0
86.533,0.9181,0,0,0,0
86.562,0.9181,0,0,0,0
86.599,0.9181,0,0,0,0
86.633,0.9181,0,0,0,0
86.664,0.9181,0,0,0,0
86.700,0.9181,0,0,0,0
86.729,0.9181,0,0,0,0
86.763,0.9181,0,0,0,0
86.798,0.9181,0,0,0,0
86.828,0.9181,0,0,0,0
86.870,0.9181,0,0,0,0
86.899,0.9181,0,0,0,0
86.929,0.9181,0,0,0,0
86.964,0.9181,0,0,0,0
86.998,0.9181,0,0,0,0
87.033,0.9181,0,0,0,0
87.063,0.9181,0,0,0,0
87.097,0.9181,0,0,0,0
87.132,0.9181,0,0,0,0
87.163,0.9181,0,0,0,0
87.201,0.9181,0,0,0,0
87.230,0.9181,0,0,0,0
87.263,0.9181,0,0,0,0
87.296,0.9181,0,0,0,0
87.332,0.9181,0,0,0,0
87.362,0.9181,0,0,0,0
87.402,0.9181,0,0,0,0
87.432,0.9181,0,0,0,0
87.462,0.9181,0,0,0,0
87.500,0.9181,0,0,0,0
87.528,0.9181,0,0,0,0
87.568,0.9181,0,0,0,0
87.598,0.9181,0,0,0,0
87.629,0.9181,0,0,0,0
87.665,0.9181,0,0,0,0
87.699,0.9181,0,0,0,0
87.728,0.9181,0,0,0,0
87.768,0.9181,0,0,0,0
87.798,0.9181,0,0,0,0
87.828,0.9181,0,0,0,0
87.865,0.9181,0,0,0,0
87.898,0.9181,0,0,0,0
87.933,0.9181,0,0,0,0
87.963,0.9181,0,0,0,0
88.003,0.9181,0,0,0,0
88.032,0.9181,0,0,0,0
88.062,0.9181,0,0,0,0
88.100,0.9181,0,0,0,0
88.129,0.9181,0,0,0,0
88.161,0.9181,0,0,0,0
88.199,0.9181,0,0,0,0
88.233,0.9181,0,0,0,0
88.263,0.9181,0,0,0,0
88.299,0.9181,0,0,0,0
88.329,0.9181,0,0,0,0
88.364,0.9181,0,0,0,0
88.399,0.9181,0,0,0,0
88.428,0.9181,0,0,0,0
88.462,0.9181,0,0,0,0
88.500,0.9181,0,0,0,0
88.530,0.9181,0,0,0,0
88.563,0.9181,0,0,0,0
88.596,0.9181,0,0,0,0
88.631,0.9181,0,0,0,0
88.666,0.9181,0,0,0,0
88.695,0.9181,0,0,0,0
88.733,0.9181,0,0,0,0
88.763,0.9181,0,0,0,0
88.794,0.9181,0,0,0,0
88.830,0.9181,0,0,0,0
88.865,0.9181,0,0,0,0
88.899,0.9181,0,0,0,0
88.929,0.9181,0,0,0,0
88.963,0.9181,0,0,0,0
88.997,0.9181,0,0,0,0
89.028,0.9181,0,0,0,0
89.061,0.9181,0,0,0,0
89.095,0.9181,0,0,0,0
89.133,0.9181,0,0,0,0
89.162,0.9181,0,0,0,0
89.200,0.9181,0,0,0,0
89.229,0.9181,0,0,0,0
89.268,0.9181,0,0,0,0
89.298,0.9181,0,0,0,0
89.332,0.9181,0,0,0,0
89.361,0.9181,0,0,0,0
89.402,0.9181,0,0,0,0
89.431,0.9181,0,0,0,0
89.463,0.9181,0,0,0,0
89.500,0.9181,0,0,0,0
89.530,0.9181,0,0,0,0
89.566,0.9181,0,0,0,0
89.596,0.9181,0,0,0,0
89.632,0.9181,0,0,0,0
89.667,0.9181,0,0,0,0
89.698,0.9181,0,0,0,0
89.727,0.9181,0,0,0,0
89.762,0.9181,0,0,0,0
89.802,0.9181,0,0,0,0
89.832,0.9181,0,0,0,0
89.863,0.9181,0,0,0,0
89.902,0.9181,0,0,0,0
89.932,0.9181,0,0,0,0
89.963,0.9181,0,0,0,0
89.995,0.9181,0,0,0,0
90.031,0.9181,0,0,0,0
90.061,0.9181,0,0,0,0
90.101,0.9181,0,0,0,0
90.129,0.9181,0,0,0,0
90.165,0.9181,0,0,0,0
90.199,0.9181,0,0,0,0
90.228,0.9181,0,0,0,0
90.261,0.9181,0,0,0,0
90.298,0.9181,0,0,0,0
90.328,0.9181,0,0,0,0
90.366,0.9181,0,0,0,0
90.398,0.9181,0,0,0,0
90.431,0.9181,0,0,0,0
90.462,0.9181,0,0,0,0
90.498,0.9181,0,0,0,0
90.529,0.9181,0,0,0,0
90.565,0.9181,0,0,0,0
90.595,0.9181,0,0,0,0
90.629,0.9181,0,0,0,0
90.662,0.9181,0,0,0,0
90.695,0.9181,0,0,0,0
90.730,0.9181,0,0,0,0
90.766,0.9181,0,0,0,0
90.796,0.9181,0,0,0,0
90.831,0.9181,0,0,0,0
90.861,0.9181,0,0,0,0
90.902,0.9181,0,0,0,0
90.932,0.9181,0,0,0,0
90.964,0.9181,0,0,0,0
90.995,0.9181,0,0,0,0
91.031,0.9181,0,0,0,0
91.062,0.9181,0,0,0,0
91.097,0.9181,0,0,0,0
91.129,0.9181,0,0,0,0
91.165,0.9181,0,0,0,0
91.198,0.9181,0,0,0,0
91.229,0.9181,0,0,0,0
91.267,0.9181,0,0,0,0
91.299,0.9181,0,0,0,0
91.330,0.9181,0,0,0,0
91.361,0.9181,0,0,0,0
91.399,0.9181,0,0,0,0
91.428,0.9181,0,0,0,0
91.461,0.9181,0,0,0,0
91.494,0.9181,0,0,0,0
91.533,0.9181,0,0,0,0
91.564,0.9181,0,0,0,0
91.599,0.9181,0,0,0,0
91.628,0.9181,0,0,0,0
91.665,0.9181,0,0,0,0
91.695,0.9181,0,0,0,0
91.732,0.9181,0,0,0,0
91.765,0.9181,0,0,0,0
91.798,0.9181,0,0,0,0
91.830,0.9181,0,0,0,0
91.865,0.9181,0,0,0,0
91.899,0.9181,0,0,0,0
91.928,0.9181,0,0,0,0
91.965,0.9181,0,0,0,0
91.997,0.9181,0,0,0,0
92.031,0.9181,0,0,0,0
92.067,0.9181,0,0,0,0
92.096,0.9181,0,0,0,0
92.134,0.9181,0,0,0,0
92.154,0.9181,0,0,0,0
92.189,0.9181,0,0,0,0
92.231,0.9181,0,0,0,0
92.265,0.9181,0,0,0,0
92.297,0.9181,0,0,0,0
92.330,0.9181,0,0,0,0
92.362,0.9181,0,0,0,0
92.394,0.9181,0,0,0,0
92.431,0.9181,0,0,0,0
92.454,0.9181,0,0,0,0
92.497,0.9181,0,0,0,0
92.532,0.9181,0,0,0,0
92.565,0.9181,0,0,0,0
92.595,0.9181,0,0,0,0
92.630,0.9181,0,0,0,0
92.662,0.9181,0,0,0,0
92.696,0.9181,0,0,0,0
92.729,0.9181,0,0,0,0
92.765,0.9181,0,0,0,0
92.795,0.9181,0,0,0,0
92.832,0.9181,0,0,0,0
92.854,0.9181,0,0,0,0
92.899,0.9181,0,0,0,0
92.921,0.9181,0,0,0,0
92.964,0.9181,0,0,0,0
92.996,0.9181,0,0,0,0
93.028,0.9181,0,0,0,0
93.064,0.9181,0,0,0,0
93.096,0.9181,0,0,0,0
93.132,0.9181,0,0,0,0
93.162,0.9181,0,0,0,0
93.198,0.9181,0,0,0,0
93.233,0.9181,0,0,0,0
93.266,0.9181,0,0,0,0
93.298,0.9181,0,0,0,0
93.328,0.9182,0,0,0,0
93.364,0.9182,0,0,0,0
93.395,0.9182,0,0,0,0
93.429,0.9182,0,0,0,0
93.466,0.9182,0,0,0,0
93.499,0.9182,0,0,0,0
93.527,0.9182,0,0,0,0
93.568,0.9182,0,0,0,0
93.598,0.9182,0,0,0,0
93.630,0.9182,0,0,0,0
93.662,0.9182,0,0,0,0
93.703,0.9182,0,0,0,0
93.733,0.9182,0,0,0,0
93.763,0.9182,0,0,0,0
93.802,0.9182,0,0,0,0
93.831,0.9182,0,0,0,0
93.862,0.9182,0,0,0,0
93.900,0.9182,0,0,0,0
93.931,0.9182,0,0,0,0
93.964,0.9182,0,0,0,0
93.998,0.9182,0,0,0,0
94.029,0.9182,0,0,0,0
94.061,0.9182,0,0,0,0
94.098,0.9182,0,0,0,0
94.128,0.9182,0,0,0,0
94.161,0.9182,0,0,0,0
94.197,0.9182,0,0,0,0
94.227,0.9182,0,0,0,0
94.270,0.9182,0,0,0,0
94.295,0.9182,0,0,0,0
94.328,0.9182,0,0,0,0
94.364,0.9182,0,0,0,0
94.399,0.9182,0,0,0,0
94.432,0.9182,0,0,0,0
94.461,0.9182,0,0,0,0
94.496,0.9182,0,0,0,0
94.535,0.9182,0,0,0,0
94.567,0.9182,0,0,0,0
94.599,0.9182,0,0,0,0
94.633,0.9182,0,0,0,0
94.665,0.9182,0,0,0,0
94.697,0.9182,0,0,0,0
94.730,0.9182,0,0,0,0
94.767,0.9182,0,0,0,0
94.799,0.9182,0,0,0,0
94.833,0.9182,0,0,0,0
94.865,0.9182,0,0,0,0
94.898,0.9182,0,0,0,0
94.928,0.9182,0,0,0,0
94.963,0.9182,0,0,0,0
94.997,0.9182,0,0,0,0
95.033,0.9182,0,0,0,0
95.065,0.9182,0,0,0,0
95.095,0.9182,0,0,0,0
95.130,0.9182,0,0,0,0
95.165,0.9182,0,0,0,0
95.199,0.9182,0,0,0,0
95.229,0.9182,0,0,0,0
95.261,0.9182,0,0,0,0
95.298,0.9182,0,0,0,0
95.320,0.9182,0,0,0,0
95.359,0.9182,0,0,0,0
95.400,0.9182,0,0,0,0
95.428,0.9182,0,0,0,0
95.467,0.9182,0,0,0,0
95.501,0.9182,0,0,0,0
95.530,0.9182,0,0,0,0
95.565,0.9182,0,0,0,0
95.595,0.9182,0,0,0,0
95.631,0.9182,0,0,0,0
95.663,0.9182,0,0,0,0
95.699,0.9182,0,0,0,0
95.732,0.9182,0,0,0,0
95.765,0.9182,0,0,0,0
95.794,0.9182,0,0,0,0
95.834,0.9182,0,0,0,0
95.866,0.9182,0,0,0,0
95.899,0.9182,0,0,0,0
95.928,0.9182,0,0,0,0
95.963,0.9182,0,0,0,0
95.994,0.9182,0,0,0,0
96.028,0.9182,0,0,0,0
96.063,0.9182,0,0,0,0
96.095,0.9182,0,0,0,0
96.130,0.9182,0,0,0,0
96.164,0.9182,0,0,0,0
96.198,0.9182,0,0,0,0
96.231,0.9182,0,0,0,0
96.265,0.9182,0,0,0,0
96.298,0.9182,0,0,0,0
96.328,0.9182,0,0,0,0
96.364,0.9182,0,0,0,0
96.397,0.9182,0,0,0,0
96.429,0.9182,0,0,0,0
96.463,0.9182,0,0,0,0
96.499,0.9182,0,0,0,0
96.530,0.9182,0,0,0,0
96.565,0.9182,0,0,0,0
96.598,0.9182,0,0,0,0
96.633,0.9182,0,0,0,0
96.665,0.9182,0,0,0,0
96.698,0.9182,0,0,0,0
96.731,0.9182,0,0,0,0
96.766,0.9182,0,0,0,0
96.798,0.9182,0,0,0,0
96.831,0.9182,0,0,0,0
96.866,0.9182,0,0,0,0
96.898,0.9182,0,0,0,0
96.932,0.9182,0,0,0,0
96.963,0.9182,0,0,0,0
96.995,0.9182,0,0,0,0
97.028,0.9182,0,0,0,0
97.063,0.9182,0,0,0,0
97.099,0.9182,0,0,0,0
97.130,0.9182,0,0,0,0
97.166,0.9182,0,0,0,0
97.196,0.9182,0,0,0,0
97.231,0.9182,0,0,0,0
97.265,0.9182,0,0,0,0
97.297,0.9182,0,0,0,0
97.332,0.9182,0,0,0,0
97.365,0.9182,0,0,0,0
97.397,0.9182,0,0,0,0
97.430,0.9182,0,0,0,0
97.464,0.9182,0,0,0,0
97.497,0.9182,0,0,0,0
97.532,0.9182,0,0,0,0
97.564,0.9182,0,0,0,0
97.596,0.9182,0,0,0,0
97.631,0.9182,0,0,0,0
97.663,0.9182,0,0,0,0
97.696,0.9182,0,0,0,0
97.732,0.9182,0,0,0,0
97.763,0.9182,0,0,0,0
97.799,0.9182,0,0,0,0
97.834,0.9182,0,0,0,0
97.865,0.9182,0,0,0,0
97.901,0.9182,0,0,0,0
97.931,0.9182,0,0,0,0
97.962,0.9182,0,0,0,0
98.003,0.9182,0,0,0,0
98.029,0.9182,0,0,0,0
98.067,0.9182,0,0,0,0
98.096,0.9182,0,0,0,0
98.136,0.9182,0,0,0,0
98.165,0.9182,0,0,0,0
98.199,0.9182,0,0,0,0
98.229,0.9182,0,0,0,0
98.262,0.9182,0,0,0,0
98.295,0.9182,0,0,0,0
98.334,0.9182,0,0,0,0
98.363,0.9182,0,0,0,0
98.395,0.9182,0,0,0,0
98.433,0.9182,0,0,0,0
98.469,0.9182,0,0,0,0
98.497,0.9182,0,0,0,0
98.530,0.9182,0,0,0,0
98.562,0.9182,0,0,0,0
98.597,0.9182,0,0,0,0
98.631,0.9182,0,0,0,0
98.662,0.9182,0,0,0,0
98.695,0.9182,0,0,0,0
98.733,0.9182,0,0,0,0
98.765,0.9182,0,0,0,0
98.795,0.9182,0,0,0,0
98.834,0.9182,0,0,0,0
98.866,0.9182,0,0,0,0
98.899,0.9182,0,0,0,0
98.930,0.9182,0,0,0,0
98.961,0.9182,0,0,0,0
99.001,0.9182,0,0,0,0
99.032,0.9182,0,0,0,0
99.062,0.9182,0,0,0,0
99.099,0.9182,0,0,0,0
99.130,0.9182,0,0,0,0
99.164,0.9182,0,0,0,0
99.198,0.9182,0,0,0,0
99.229,0.9182,0,0,0,0
99.262,0.9182,0,0,0,0
99.296,0.9182,0,0,0,0
99.333,0.9182,0,0,0,0
99.363,0.9182,0,0,0,0
99.400,0.9182,0,0,0,0
99.430,0.9182,0,0,0,0
99.466,0.9182,0,0,0,0
99.497,0.9182,0,0,0,0
99.531,0.9182,0,0,0,0
99.566,0.9182,0,0,0,0
99.596,0.9182,0,0,0,0
99.635,0.9182,0,0,0,0
99.663,0.9182,0,0,0,0
99.694,0.9182,0,0,0,0
99.731,0.9182,0,0,0,0
99.766,0.9182,0,0,0,0
99.796,0.9182,0,0,0,0
99.836,0.9182,0,0,0,0
99.866,0.9182,0,0,0,0
99.896,0.9182,0,0,0,0
99.928,0.9182,0,0,0,0
99.964,0.9182,0,0,0,0
99.999,0.9182,0,0,0,0
100.029,0.9182,0,0,0,0
100.065,0.9182,0,0,0,0
100.099,0.9182,0,0,0,0
100.129,0.9182,0,0,0,0
100.167,0.9182,0,0,0,0
100.196,0.9182,0,0,0,0
100.235,0.9182,0,0,0,0
100.264,0.9182,0,0,0,0
100.301,0.9182,0,0,0,0
100.332,0.9182,0,0,0,0
100.361,0.9182,0,0,0,0
100.404,0.9182,0,0,0,0
100.428,0.9182,0,0,0,0
100.461,0.9182,0,0,0,0
100.497,0.9182,0,0,0,0
100.532,0.9182,0,0,0,0
100.562,0.9182,0,0,0,0
100.601,0.9182,0,0,0,0
100.632,0.9182,0,0,0,0
100.662,0.9182,0,0,0,0
100.700,0.9182,0,0,0,0
100.729,0.9182,0,0,0,0
100.768,0.9182,0,0,0,0
100.797,0.9182,0,0,0,0
100.828,0.9182,0,0,0,0
100.865,0.9182,0,0,0,0
100.899,0.9182,0,0,0,0
100.929,0.9182,0,0,0,0
100.962,0.9182,0,0,0,0
100.999,0.9182,0,0,0,0
101.031,0.9182,0,0,0,0
101.062,0.9182,0,0,0,0
101.102,0.9182,0,0,0,0
101.131,0.9182,0,0,0,0
101.163,0.9182,0,0,0,0
101.196,0.9182,0,0,0,0
101.230,0.9182,0,0,0,0
101.262,0.9182,0,0,0,0
101.302,0.9182,0,0,0,0
101.329,0.9182,0,0,0,0
101.362,0.9182,0,0,0,0
101.395,0.9182,0,0,0,0
101.429,0.9182,0,0,0,0
101.465,0.9182,0,0,0,0
101.499,0.9182,0,0,0,0
101.529,0.9182,0,0,0,0
101.565,0.9182,0,0,0,0
101.591,0.9182,0,0,0,0
101.632,0.9182,0,0,0,0
101.663,0.9182,0,0,0,0
101.696,0.9182,0,0,0,0
101.731,0.9182,0,0,0,0
101.762,0.9182,0,0,0,0
101.799,0.9182,0,0,0,0
101.834,0.9182,0,0,0,0
101.866,0.9182,0,0,0,0
101.895,0.9182,0,0,0,0
101.931,0.9182,0,0,0,0
101.964,0.9182,0,0,0,0
101.994,0.9182,0,0,0,0
102.032,0.9182,0,0,0,0
102.063,0.9182,0,0,0,0
102.101,0.9182,0,0,0,0
102.130,0.9182,0,0,0,0
102.163,0.9182,0,0,0,0
102.195,0.9182,0,0,0,0
102.231,0.9182,0,0,0,0
102.266,0.9182,0,0,0,0
102.296,0.9182,0,0,0,0
102.335,0.9182,0,0,0,0
102.365,0.9182,0,0,0,0
102.397,0.9182,0,0,0,0
102.432,0.9182,0,0,0,0
102.461,0.9182,0,0,0,0
102.500,0.9182,0,0,0,0
102.528,0.9182,0,0,0,0
102.562,0.9182,0,0,0,0
102.599,0.9182,0,0,0,0
102.630,0.9182,0,0,0,0
102.662,0.9182,0,0,0,0
102.697,0.9182,0,0,0,0
102.731,0.9182,0,0,0,0
102.766,0.9182,0,0,0,0
102.796,0.9182,0,0,0,0
102.834,0.9182,0,0,0,0
102.866,0.9182,0,0,0,0
102.896,0.9182,0,0,0,0
102.934,0.9182,0,0,0,0
102.964,0.9182,0,0,0,0
103.000,0.9182,0,0,0,0
103.031,0.9182,0,0,0,0
103.066,0.9182,0,0,0,0
103.095,0.9182,0,0,0,0
103.131,0.9182,0,0,0,0
103.162,0.9182,0,0,0,0
103.199,0.9182,0,0,0,0
103.230,0.9182,0,0,0,0
103.266,0.9182,0,0,0,0
103.297,0.9182,0,0,0,0
103.329,0.9182,0,0,0,0
103.365,0.9182,0,0,0,0
103.399,0.9182,0,0,0,0
103.431,0.9182,0,0,0,0
103.462,0.9182,0,0,0,0
103.496,0.9182,0,0,0,0
103.533,0.9182,0,0,0,0
103.566,0.9182,0,0,0,0
103.600,0.9182,0,0,0,0
103.629,0.9182,0,0,0,0
103.665,0.9182,0,0,0,0
103.694,0.9182,0,0,0,0
103.734,0.9182,0,0,0,0
103.763,0.9182,0,0,0,0
103.797,0.9182,0,0,0,0
103.833,0.9182,0,0,0,0
103.865,0.9182,0,0,0,0
103.898,0.9182,0,0,0,0
103.928,0.9182,0,0,0,0
103.963,0.9182,0,0,0,0
103.996,0.9182,0,0,0,0
104.031,0.9182,0,0,0,0
104.066,0.9182,0,0,0,0
104.095,0.9182,0,0,0,0
104.130,0.9182,0,0,0,0
104.164,0.9182,0,0,0,0
104.199,0.9182,0,0,0,0
104.232,0.9182,0,0,0,0
104.260,0.9182,0,0,0,0
104.296,0.9182,0,0,0,0
104.332,0.9182,0,0,0,0
104.365,0.9182,0,0,0,0
104.399,0.9182,0,0,0,0
104.432,0.9182,0,0,0,0
104.468,0.9182,0,0,0,0
104.495,0.9182,0,0,0,0
104.535,0.9182,0,0,0,0
104.563,0.9182,0,0,0,0
104.603,0.9182,0,0,0,0
104.631,0.9182,0,0,0,0
104.666,0.9182,0,0,0,0
104.699,0.9182,0,0,0,0
104.728,0.9182,0,0,0,0
104.770,0.9182,0,0,0,0
104.799,0.9182,0,0,0,0
104.828,0.9182,0,0,0,0
104.863,0.9182,0,0,0,0
104.901,0.9182,0,0,0,0
104.929,0.9182,0,0,0,0
104.964,0.9182,0,0,0,0
104.997,0.9182,0,0,0,0
105.030,0.9182,0,0,0,0
105.062,0.9182,0,0,0,0
105.101,0.9182,0,0,0,0
105.129,0.9182,0,0,0,0
105.166,0.9182,0,0,0,0
105.197,0.9182,0,0,0,0
105.237,0.9182,0,0,0,0
105.262,0.9182,0,0,0,0
105.295,0.9182,0,0,0,0
105.330,0.9182,0,0,0,0
105.363,0.9182,0,0,0,0
105.395,0.9182,0,0,0,0
105.432,0.9182,0,0,0,0
105.466,0.9182,0,0,0,0
105.500,0.9182,0,0,0,0
105.529,0.9182,0,0,0,0
105.563,0.9182,0,0,0,0
105.601,0.9182,0,0,0,0
105.630,0.9182,0,0,0,0
105.664,0.9182,0,0,0,0
105.697,0.9182,0,0,0,0
105.732,0.9182,0,0,0,0
105.765,0.9182,0,0,0,0
105.795,0.9180,0,0,0,0
105.829,0.9172,0,0,0,0
105.867,0.9157,0,0,0,0
105.896,0.9147,0,0,0,0
105.933,0.9120,2,5,5,2
105.965,0.9102,2,5,5,2
105.997,0.9061,2,5,5,2
106.032,0.9013,2,5,5,2
106.067,0.8964,2,5,5,2
106.096,0.8940,2,5,5,2
106.135,0.8893,2,5,5,2
106.167,0.8851,2,5,5,2
106.196,0.8830,2,5,5,2
106.232,0.8787,2,5,5,2
106.262,0.8765,2,5,5,2
106.299,0.8717,2,5,5,2
106.332,0.8664,2,5,5,2
106.364,0.8635,2,5,5,2
106.398,0.8574,2,5,5,2
106.427,0.8508,2,5,5,2
106.469,0.8438,2,5,5,2
106.498,0.8402,2,5,5,2
106.529,0.8325,2,5,5,2
106.565,0.8286,2,5,5,2
106.599,0.8206,2,5,5,2
106.629,0.8127,2,5,5,2
106.665,0.8088,2,5,5,2
106.698,0.8013,2,5,5,2
106.732,0.7944,2,5,5,2
106.762,0.7912,2,5,5,2
106.800,0.7855,2,5,5,2
106.829,0.7805,2,5,5,2
106.861,0.7783,2,5,5,2
106.899,0.7745,2,5,5,2
106.929,0.7713,2,5,5,2
106.971,0.7688,2,5,5,2
106.995,0.7677,2,5,5,2
107.034,0.7659,2,5,5,2
107.064,0.7651,2,5,5,2
107.095,0.7639,2,5,5,2
107.133,0.7629,2,5,5,2
107.163,0.7626,2,5,5,2
107.198,0.7620,2,5,5,2
107.228,0.7615,2,5,5,2
107.261,0.7614,2,5,5,2
107.297,0.7611,2,5,5,2
107.332,0.7610,2,5,5,2
107.363,0.7609,2,5,5,2
107.400,0.7608,2,5,5,2
107.429,0.7607,2,5,5,2
107.463,0.7607,2,5,5,2
107.496,0.7753,2,5,5,2
107.532,0.7893,2,5,5,2
107.563,0.7999,2,5,5,2
107.595,0.8094,2,5,5,2
107.629,0.8093,2,5,5,2
107.662,0.8093,2,5,5,2
107.697,0.8093,2,5,5,2
107.728,0.8093,2,5,5,2
107.765,0.8093,2,5,5,2
107.799,0.8092,2,5,5,2
107.830,0.8092,2,5,5,2
107.864,0.8092,2,5,5,2
107.897,0.8092,2,5,5,2
107.932,0.8091,2,5,5,2
107.962,0.8091,2,5,5,2
107.997,0.8091,2,5,5,2
108.030,0.8090,2,5,5,2
108.057,0.8090,2,5,5,2
108.098,0.7966,2,5,5,2
108.130,0.7851,2,5,5,2
108.167,0.7700,2,5,5,2
108.197,0.7565,2,5,5,2
108.235,0.7565,2,5,5,2
108.265,0.7565,2,5,5,2
108.298,0.7564,2,5,5,2
108.328,0.7564,2,5,5,2
108.367,0.7564,2,5,5,2
108.398,0.7563,2,5,5,2
108.429,0.7563,2,5,5,2
108.462,0.7563,2,5,5,2
108.501,0.7563,2,5,5,2
108.530,0.7563,2,5,5,2
108.565,0.7563,2,5,5,2
108.597,0.7562,2,5,5,2
108.632,0.7562,2,5,5,2
108.662,0.7562,2,5,5,2
108.702,0.7562,2,5,5,2
108.731,0.7562,2,5,5,2
108.764,0.7562,2,5,5,2
108.796,0.7562,2,5,5,2
108.831,0.7561,2,5,5,2
108.867,0.7561,2,5,5,2
108.897,0.7561,2,5,5,2
108.932,0.7561,2,5,5,2
108.962,0.7561,2,5,5,2
109.001,0.7561,2,5,5,2
109.030,0.7561,2,5,5,2
109.065,0.7561,2,5,5,2
109.098,0.7561,2,5,5,2
109.129,0.7561,2,5,5,2
109.165,0.7561,2,5,5,2
109.195,0.7560,2,5,5,2
109.235,0.7560,0,0,0,0
109.261,0.7560,0,0,0,0
109.302,0.7560,0,0,0,0
109.332,0.7560,0,0,0,0
109.363,0.7560,0,0,0,0
109.400,0.7560,0,0,0,0
109.430,0.7560,0,0,0,0
109.465,0.7560,0,0,0,0
109.498,0.7560,0,0,0,0
109.527,0.7560,0,0,0,0
109.565,0.7560,0,0,0,0
109.598,0.7560,0,0,0,0
109.633,0.7560,0,0,0,0
109.663,0.7560,0,0,0,0
109.703,0.7560,0,0,0,0
109.733,0.7560,0,0,0,0
109.762,0.7560,0,0,0,0
109.800,0.7560,0,0,0,0
109.829,0.7560,0,0,0,0
109.865,0.7560,0,0,0,0
109.898,0.7560,0,0,0,0
109.928,0.7560,0,0,0,0
109.965,0.7560,0,0,0,0
109.998,0.7556,0,0,0,0
110.032,0.7547,0,0,0,0
110.062,0.7540,0,0,0,0
110.101,0.7518,2,5,5,2
110.132,0.7486,2,5,5,2
110.165,0.7468,2,5,5,2
110.199,0.7430,2,5,5,2
110.229,0.7391,2,5,5,2
110.270,0.7354,2,5,5,2
110.299,0.7336,2,5,5,2
110.328,0.7303,2,5,5,2
110.365,0.7288,2,5,5,2
110.398,0.7265,2,5,5,2
110.432,0.7251,2,5,5,2
110.463,0.7249,2,5,5,2
110.502,0.7254,2,5,5,2
110.528,0.7272,2,5,5,2
110.561,0.7285,2,5,5,2
110.595,0.7321,2,5,5,2
110.635,0.7366,2,5,5,2
110.665,0.7392,2,5,5,2
110.698,0.7451,2,5,5,2
110.733,0.7517,2,5,5,2
110.763,0.7550,2,5,5,2
110.798,0.7616,2,5,5,2
110.828,0.7679,2,5,5,2
110.868,0.7736,2,5,5,2
110.897,0.7762,2,5,5,2
110.936,0.7809,2,5,5,2
110.965,0.7829,2,5,5,2
111.000,0.7866,2,5,5,2
111.030,0.7896,2,5,5,2
111.065,0.7910,2,5,5,2
111.098,0.7940,2,5,5,2
111.128,0.7971,2,5,5,2
111.161,0.7989,2,5,5,2
111.194,0.8028,2,5,5,2
111.230,0.8072,2,5,5,2
111.263,0.8097,2,5,5,2
111.298,0.8151,2,5,5,2
111.331,0.8210,2,5,5,2
111.365,0.8241,2,5,5,2
111.396,0.8308,2,5,5,2
111.428,0.8378,2,5,5,2
111.461,0.8414,2,5,5,2
111.494,0.8489,2,5,5,2
111.530,0.8563,2,5,5,2
111.566,0.8600,2,5,5,2
111.600,0.8668,2,5,5,2
111.628,0.8730,2,5,5,2
111.668,0.8786,2,5,5,2
111.695,0.8811,2,5,5,2
111.733,0.8856,2,5,5,2
111.766,0.8894,2,5,5,2
111.797,0.8911,2,5,5,2
111.831,0.8941,2,5,5,2
111.862,0.8954,2,5,5,2
111.898,0.8976,2,5,5,2
111.931,0.8995,2,5,5,2
111.967,0.9011,2,5,5,2
111.997,0.9017,2,5,5,2
112.030,0.9029,2,5,5,2
112.062,0.9034,2,5,5,2
112.103,0.9042,2,5,5,2
112.130,0.9050,2,5,5,2
112.169,0.9056,2,5,5,2
112.197,0.9058,2,5,5,2
112.235,0.9063,2,5,5,2
112.265,0.9065,2,5,5,2
112.302,0.9069,2,5,5,2
112.331,0.9073,2,5,5,2
112.363,0.9075,2,5,5,2
112.396,0.9078,2,5,5,2
112.429,0.9081,2,5,5,2
112.462,0.9082,2,5,5,2
112.502,0.9082,2,5,5,2
112.531,0.9076,2,5,5,2
112.565,0.9071,2,5,5,2
112.596,0.9053,2,5,5,2
112.635,0.9027,2,5,5,2
112.663,0.9011,2,5,5,2
112.698,0.8972,2,5,5,2
112.732,0.8926,2,5,5,2
112.765,0.8900,2,5,5,2
112.799,0.8842,2,5,5,2
112.829,0.8778,2,5,5,2
112.868,0.8710,2,5,5,2
112.896,0.8674,2,5,5,2
112.936,0.8599,2,5,5,2
112.963,0.8560,2,5,5,2
113.000,0.8478,2,5,5,2
113.029,0.8394,2,5,5,2
113.065,0.8351,2,5,5,2
113.096,0.8262,2,5,5,2
113.127,0.8172,2,5,5,2
113.168,0.8081,2,5,5,2
113.197,0.8035,2,5,5,2
113.231,0.7942,2,5,5,2
113.266,0.7849,2,5,5,2
113.297,0.7802,2,5,5,2
113.330,0.7710,2,5,5,2
113.365,0.7665,2,5,5,2
113.396,0.7577,2,5,5,2
113.430,0.7491,2,5,5,2
113.463,0.7449,2,5,5,2
113.497,0.7365,2,5,5,2
113.532,0.7281,2,5,5,2
113.565,0.7238,2,5,5,2
113.596,0.7152,2,5,5,2
113.628,0.7066,2,5,5,2
113.662,0.7022,2,5,5,2
113.700,0.6934,2,5,5,2
113.733,0.6845,1,6,6,1
113.762,0.6800,1,6,6,1
113.796,0.6708,1,6,6,1
113.831,0.6616,1,6,6,1
113.861,0.6570,1,6,6,1
113.895,0.6477,1,6,6,1
113.932,0.6383,1,6,6,1
113.960,0.6335,1,6,6,1
114.001,0.6240,1,6,6,1
114.031,0.6144,1,6,6,1
114.065,0.6096,1,6,6,1
114.100,0.5998,1,6,6,1
114.127,0.5901,1,6,6,1
114.167,0.5804,1,6,6,1
114.196,0.5755,1,6,6,1
114.231,0.5658,1,6,6,1
114.267,0.5561,1,6,6,1
114.295,0.5513,1,6,6,1
114.334,0.5415,1,6,6,1
114.365,0.5366,1,6,6,1
114.396,0.5267,1,6,6,1
114.431,0.5168,1,6,6,1
114.463,0.5119,1,6,6,1
114.501,0.5019,1,6,6,1
114.529,0.4919,1,6,6,1
114.567,0.4819,1,6,6,1
114.600,0.4770,1,6,6,1
114.630,0.4671,1,6,6,1
114.666,0.4572,0,7,7,0
114.696,0.4523,0,7,7,0
114.728,0.4424,0,7,7,0
114.764,0.4375,0,7,7,0
114.796,0.4275,0,7,7,0
114.834,0.4174,0,7,7,0
114.865,0.4124,0,7,7,0
114.896,0.4023,0,7,7,0
114.927,0.3922,0,7,7,0
114.964,0.3872,0,7,7,0
114.998,0.3771,0,7,7,0
115.029,0.3669,0,7,7,0
115.061,0.3617,0,7,7,0
115.100,0.3509,0,7,7,0
115.128,0.3400,0,7,7,0
115.161,0.3345,0,7,7,0
115.196,0.3236,0,7,7,0
115.228,0.3128,0,7,7,0
115.261,0.3075,0,7,7,0
115.300,0.2969,0,7,7,0
115.329,0.2865,0,7,7,0
115.368,0.2765,0,7,7,0
115.396,0.2715,0,7,7,0
115.429,0.2617,0,7,7,0
115.463,0.2569,0,7,7,0
115.499,0.2472,0,7,7,0
115.528,0.2376,0,7,7,0
115.561,0.2330,0,7,7,0
115.601,0.2245,0,7,7,0
115.628,0.2172,0,7,7,0
115.662,0.2141,0,7,7,0
115.697,0.2091,0,7,7,0
115.729,0.2056,0,7,7,0
115.764,0.2044,0,7,7,0
115.796,0.2028,0,7,7,0
115.833,0.2023,0,7,7,0
115.864,0.2023,0,7,7,0
115.895,0.2027,0,7,7,0
115.929,0.2034,0,7,7,0
115.963,0.2038,0,7,7,0
115.997,0.2047,0,7,7,0
116.033,0.2054,0,7,7,0
116.066,0.2061,0,7,7,0
116.097,0.2064,0,7,7,0
116.136,0.2067,0,7,7,0
116.166,0.2069,0,7,7,0
116.200,0.2071,0,7,7,0
116.228,0.2071,0,7,7,0
116.263,0.2071,0,7,7,0
116.299,0.2071,0,7,7,0
116.333,0.2070,0,7,7,0
116.365,0.2069,0,7,7,0
116.394,0.2068,0,7,7,0
116.432,0.2067,0,7,7,0
116.462,0.2066,0,7,7,0
116.498,0.2066,0,7,7,0
116.528,0.2065,0,7,7,0
116.564,0.2065,0,7,7,0
116.598,0.2065,0,7,7,0
116.632,0.2065,0,7,7,0
116.666,0.2065,0,7,7,0
116.695,0.2065,0,7,7,0
116.732,0.2065,0,7,7,0
116.762,0.2065,0,7,7,0
116.797,0.2065,0,0,0,0
116.833,0.2065,0,0,0,0
116.866,0.2066,0,0,0,0
116.900,0.2066,0,0,0,0
116.928,0.2066,0,0,0,0
116.964,0.2066,0,0,0,0
116.998,0.2066,0,0,0,0
117.032,0.2066,0,0,0,0
117.061,0.2066,0,0,0,0
117.099,0.2067,0,0,0,0
117.128,0.2067,0,0,0,0
117.162,0.2067,0,0,0,0
117.197,0.2067,0,0,0,0
117.231,0.2067,0,0,0,0
117.265,0.2067,0,0,0,0
117.300,0.2067,0,0,0,0
117.333,0.2067,0,0,0,0
117.361,0.2067,0,0,0,0
117.396,0.2067,0,0,0,0
117.433,0.2067,0,0,0,0
117.467,0.2067,0,0,0,0
117.500,0.2068,0,0,0,0
117.530,0.2068,0,0,0,0
117.565,0.2068,0,0,0,0
117.599,0.2068,0,0,0,0
117.634,0.2068,0,0,0,0
117.661,0.2068,0,0,0,0
117.696,0.2068,0,0,0,0
117.734,0.2068,0,0,0,0
117.768,0.2068,0,0,0,0
117.798,0.2068,0,0,0,0
117.833,0.2068,0,0,0,0
117.861,0.2068,0,0,0,0
117.895,0.2068,0,0,0,0
117.931,0.2069,0,0,0,0
117.966,0.2069,0,0,0,0
117.996,0.2069,0,0,0,0
118.032,0.2074,0,0,0,0
118.065,0.2081,0,0,0,0
118.094,0.2107,0,7,7,0
118.129,0.2148,0,7,7,0
118.162,0.2173,0,7,7,0
118.197,0.2236,0,7,7,0
118.233,0.2309,0,7,7,0
118.267,0.2388,0,7,7,0
118.296,0.2429,0,7,7,0
118.332,0.2514,0,7,7,0
118.362,0.2557,0,7,7,0
118.398,0.2645,0,7,7,0
118.433,0.2727,0,7,7,0
118.467,0.2795,0,7,7,0
118.500,0.2824,0,7,7,0
118.528,0.2870,0,7,7,0
118.566,0.2902,0,7,7,0
118.597,0.2913,0,7,7,0
118.630,0.2928,0,7,7,0
118.667,0.2934,0,7,7,0
118.700,0.2936,0,7,7,0
118.733,0.2946,0,7,7,0
118.767,0.2966,0,7,7,0
118.794,0.2980,0,7,7,0
118.832,0.3018,0,7,7,0
118.861,0.3041,0,7,7,0
118.896,0.3099,0,7,7,0
118.934,0.3167,0,7,7,0
118.965,0.3204,0,7,7,0
118.994,0.3284,0,7,7,0
119.028,0.3367,0,7,7,0
119.064,0.3410,0,7,7,0
119.100,0.3497,0,7,7,0
119.127,0.3584,0,7,7,0
119.172,0.3670,0,7,7,0
119.199,0.3712,0,7,7,0
119.234,0.3797,0,7,7,0
119.263,0.3839,0,7,7,0
119.298,0.3923,0,7,7,0
119.327,0.4006,0,7,7,0
119.366,0.4047,0,7,7,0
119.395,0.4130,0,7,7,0
119.431,0.4211,0,7,7,0
119.467,0.4291,0,7,7,0
119.496,0.4330,0,7,7,0
119.531,0.4409,0,7,7,0
119.566,0.4449,0,7,7,0
119.596,0.4529,0,7,7,0
119.631,0.4609,1,6,6,1
119.665,0.4649,1,6,6,1
119.699,0.4731,1,6,6,1
119.733,0.4812,1,6,6,1
119.763,0.4852,1,6,6,1
119.801,0.4933,1,6,6,1
119.831,0.5015,1,6,6,1
119.864,0.5055,1,6,6,1
119.898,0.5136,1,6,6,1
119.932,0.5217,1,6,6,1
119.966,0.5297,1,6,6,1
119.996,0.5337,1,6,6,1
120.034,0.5416,1,6,6,1
120.064,0.5456,1,6,6,1
120.094,0.5536,1,6,6,1
120.130,0.5616,1,6,6,1
120.165,0.5656,1,6,6,1
120.199,0.5736,1,6,6,1
120.229,0.5817,1,6,6,1
120.265,0.5857,1,6,6,1
120.294,0.5938,1,6,6,1
120.334,0.6019,1,6,6,1
120.365,0.6059,1,6,6,1
120.402,0.6140,1,6,6,1
120.429,0.6220,1,6,6,1
120.465,0.6260,1,6,6,1
120.500,0.6341,1,6,6,1
120.532,0.6422,1,6,6,1
120.567,0.6501,1,6,6,1
120.597,0.6540,1,6,6,1
120.632,0.6619,1,6,6,1
120.662,0.6659,1,6,6,1
120.696,0.6738,2,5,5,2
120.730,0.6818,2,5,5,2
120.765,0.6857,2,5,5,2
120.799,0.6937,2,5,5,2
120.834,0.7016,2,5,5,2
120.867,0.7096,2,5,5,2
120.894,0.7135,2,5,5,2
120.930,0.7213,2,5,5,2
120.967,0.7292,2,5,5,2
120.997,0.7330,2,5,5,2
121.041,0.7409,2,5,5,2
121.063,0.7448,2,5,5,2
121.098,0.7527,2,5,5,2
121.129,0.7607,2,5,5,2
121.161,0.7646,2,5,5,2
121.200,0.7725,2,5,5,2
121.229,0.7804,2,5,5,2
121.265,0.7844,2,5,5,2
121.294,0.7923,2,5,5,2
121.332,0.8002,2,5,5,2
121.362,0.8040,2,5,5,2
121.397,0.8115,2,5,5,2
121.428,0.8186,2,5,5,2
121.463,0.8219,2,5,5,2
121.497,0.8281,2,5,5,2
121.531,0.8337,2,5,5,2
121.566,0.8363,2,5,5,2
121.600,0.8410,2,5,5,2
121.632,0.8453,2,5,5,2
121.666,0.8491,2,5,5,2
121.696,0.8508,2,5,5,2
121.731,0.8540,2,5,5,2
121.766,0.8568,2,5,5,2
121.799,0.8581,2,5,5,2
121.833,0.8606,2,5,5,2
121.866,0.8628,2,5,5,2
121.899,0.8638,2,5,5,2
121.934,0.8657,2,5,5,2
121.964,0.8666,2,5,5,2
121.997,0.8683,2,5,5,2
122.033,0.8699,2,5,5,2
122.061,0.8706,2,5,5,2
122.099,0.8720,2,5,5,2
122.133,0.8733,2,5,5,2
122.168,0.8746,2,5,5,2
122.197,0.8752,2,5,5,2
122.231,0.8763,2,5,5,2
122.265,0.8769,2,5,5,2
122.298,0.8780,2,5,5,2
122.333,0.8790,2,5,5,2
122.362,0.8795,2,5,5,2
122.398,0.8804,2,5,5,2
122.431,0.8813,2,5,5,2
122.465,0.8818,2,5,5,2
122.499,0.8826,2,5,5,2
122.533,0.8834,2,5,5,2
122.566,0.8842,2,5,5,2
122.594,0.8846,2,5,5,2
122.630,0.8854,2,5,5,2
122.661,0.8857,2,5,5,2
122.699,0.8864,2,5,5,2
122.732,0.8871,2,5,5,2
122.768,0.8877,2,5,5,2
122.799,0.8881,2,5,5,2
122.829,0.8887,2,5,5,2
122.862,0.8890,2,5,5,2
122.900,0.8896,2,5,5,2
122.932,0.8902,2,5,5,2
122.963,0.8904,2,5,5,2
122.999,0.8910,2,5,5,2
123.030,0.8915,2,5,5,2
123.061,0.8918,0,0,0,0
123.100,0.8923,0,0,0,0
123.130,0.8928,0,0,0,0
123.164,0.8930,0,0,0,0
123.198,0.8935,0,0,0,0
123.234,0.8939,0,0,0,0
123.265,0.8941,0,0,0,0
123.294,0.8946,0,0,0,0
123.328,0.8950,0,0,0,0
123.365,0.8952,0,0,0,0
123.399,0.8956,0,0,0,0
123.430,0.8961,0,0,0,0
123.466,0.8965,0,0,0,0
123.497,0.8967,0,0,0,0
123.532,0.8970,0,0,0,0
123.562,0.8972,0,0,0,0
123.601,0.8976,0,0,0,0
123.630,0.8980,0,0,0,0
123.665,0.8982,0,0,0,0
123.699,0.8985,0,0,0,0
123.729,0.8989,0,0,0,0
123.763,0.8991,0,0,0,0
123.798,0.8994,0,0,0,0
123.829,0.8998,0,0,0,0
123.865,0.8999,0,0,0,0
123.894,0.9003,0,0,0,0
123.928,0.9006,0,0,0,0
123.964,0.9008,0,0,0,0
124.000,0.9011,0,0,0,0
124.031,0.9015,0,0,0,0
124.065,0.9016,0,0,0,0
124.098,0.9019,0,0,0,0
124.133,0.9023,0,0,0,0
124.167,0.9026,0,0,0,0
124.195,0.9027,0,0,0,0
124.237,0.9030,0,0,0,0
124.265,0.9032,0,0,0,0
124.298,0.9035,0,0,0,0
124.323,0.9037,0,0,0,0
124.360,0.9040,0,0,0,0
124.397,0.9043,0,0,0,0
124.432,0.9045,0,0,0,0
124.462,0.9047,0,0,0,0
124.501,0.9050,0,0,0,0
124.530,0.9053,0,0,0,0
124.565,0.9054,0,0,0,0
124.599,0.9057,0,0,0,0
124.631,0.9060,0,0,0,0
124.662,0.9061,0,0,0,0
124.701,0.9064,0,0,0,0
124.732,0.9066,0,0,0,0
124.764,0.9068,0,0,0,0
124.799,0.9070,0,0,0,0
124.830,0.9073,0,0,0,0
124.865,0.9074,0,0,0,0
124.900,0.9077,0,0,0,0
124.930,0.9079,0,0,0,0
124.967,0.9082,0,0,0,0
124.995,0.9083,0,0,0,0
125.035,0.9085,0,0,0,0
125.064,0.9086,0,0,0,0
125.095,0.9088,0,0,0,0
125.132,0.9091,0,0,0,0
125.162,0.9092,0,0,0,0
125.198,0.9094,0,0,0,0
125.230,0.9096,0,0,0,0
125.267,0.9098,0,0,0,0
125.298,0.9099,0,0,0,0
125.329,0.9101,0,0,0,0
125.367,0.9103,0,0,0,0
125.399,0.9104,0,0,0,0
125.427,0.9106,0,0,0,0
125.462,0.9106,0,0,0,0
125.496,0.9108,0,0,0,0
125.528,0.9110,0,0,0,0
125.562,0.9111,0,0,0,0
125.598,0.9112,0,0,0,0
125.628,0.9114,0,0,0,0
125.665,0.9115,0,0,0,0
125.700,0.9116,0,0,0,0
125.729,0.9117,0,0,0,0
125.764,0.9118,0,0,0,0
125.799,0.9120,0,0,0,0
125.828,0.9121,0,0,0,0
125.861,0.9121,0,0,0,0
125.900,0.9123,0,0,0,0
125.933,0.9124,0,0,0,0
125.966,0.9125,0,0,0,0
125.995,0.9126,0,0,0,0
126.031,0.9127,0,0,0,0
126.063,0.9127,0,0,0,0
126.095,0.9128,0,0,0,0
126.130,0.9129,0,0,0,0
126.165,0.9130,0,0,0,0
126.198,0.9131,0,0,0,0
126.232,0.9131,0,0,0,0
126.268,0.9132,0,0,0,0
126.298,0.9133,0,0,0,0
126.333,0.9133,0,0,0,0
126.366,0.9134,0,0,0,0
126.399,0.9135,0,0,0,0
126.432,0.9135,0,0,0,0
126.465,0.9136,0,0,0,0
126.499,0.9136,0,0,0,0
126.536,0.9137,0,0,0,0
126.563,0.9137,0,0,0,0
126.601,0.9135,0,0,0,0
126.632,0.9129,0,0,0,0
126.661,0.9122,0,0,0,0
126.701,0.9104,2,5,5,2
126.730,0.9076,2,5,5,2
126.765,0.9059,2,5,5,2
126.799,0.9019,2,5,5,2
126.830,0.8970,2,5,5,2
126.861,0.8943,2,5,5,2
126.901,0.8883,2,5,5,2
126.927,0.8817,2,5,5,2
126.968,0.8746,2,5,5,2
126.998,0.8709,2,5,5,2
127.033,0.8632,2,5,5,2
127.062,0.8592,2,5,5,2
127.101,0.8508,2,5,5,2
127.127,0.8421,2,5,5,2
127.162,0.8377,2,5,5,2
127.196,0.8287,2,5,5,2
127.233,0.8195,2,5,5,2
127.263,0.8149,2,5,5,2
127.302,0.8057,2,5,5,2
127.328,0.7967,2,5,5,2
127.367,0.7874,2,5,5,2
127.399,0.7828,2,5,5,2
127.433,0.7736,2,5,5,2
127.467,0.7645,2,5,5,2
127.497,0.7600,2,5,5,2
127.531,0.7512,2,5,5,2
127.567,0.7427,2,5,5,2
127.600,0.7385,2,5,5,2
127.634,0.7300,2,5,5,2
127.662,0.7257,2,5,5,2
127.700,0.7171,2,5,5,2
127.733,0.7083,2,5,5,2
127.765,0.7039,2,5,5,2
127.803,0.6950,2,5,5,2
127.833,0.6859,1,6,6,1
127.862,0.6814,1,6,6,1
127.897,0.6721,1,6,6,1
127.931,0.6629,1,6,6,1
127.961,0.6582,1,6,6,1
127.996,0.6488,1,6,6,1
128.033,0.6393,1,6,6,1
128.067,0.6298,1,6,6,1
128.098,0.6251,1,6,6,1
128.134,0.6155,1,6,6,1
128.160,0.6201,1,6,6,1
128.198,0.6224,1,6,6,1
128.232,0.6212,1,6,6,1
128.265,0.6237,1,6,6,1
128.299,0.6192,1,6,6,1
128.333,0.6132,1,6,6,1
128.362,0.6106,1,6,6,1
128.397,0.5996,1,6,6,1
128.432,0.5886,1,6,6,1
128.466,0.5777,1,6,6,1
128.500,0.5723,1,6,6,1
128.528,0.5614,1,6,6,1
128.563,0.5560,1,6,6,1
128.599,0.5450,1,6,6,1
128.633,0.5340,1,6,6,1
128.667,0.5231,1,6,6,1
128.694,0.5177,1,6,6,1
128.729,0.5068,1,6,6,1
128.765,0.5014,1,6,6,1
128.799,0.4905,0,7,7,0
128.832,0.4795,0,7,7,0
128.866,0.4687,0,7,7,0
128.900,0.4633,0,7,7,0
128.927,0.4524,0,7,7,0
128.962,0.4470,0,7,7,0
128.998,0.4361,0,7,7,0
129.035,0.4225,0,7,7,0
129.061,0.4146,0,7,7,0
129.095,0.3998,0,7,7,0
129.130,0.3841,0,7,7,0
129.166,0.3728,0,7,7,0
129.199,0.3555,0,7,7,0
129.227,0.3388,0,7,7,0
129.269,0.3280,0,7,7,0
129.297,0.3226,0,7,7,0
129.332,0.3120,0,7,7,0
129.366,0.3015,0,7,7,0
129.400,0.2964,0,7,7,0
129.434,0.2861,0,7,7,0
129.464,0.2810,0,7,7,0
129.499,0.2712,0,7,7,0
129.528,0.2624,0,7,7,0
129.565,0.2585,0,7,7,0
129.598,0.2517,0,7,7,0
129.632,0.2465,0,7,7,0
129.666,0.2427,0,7,7,0
129.700,0.2413,0,7,7,0
129.734,0.2394,0,7,7,0
129.761,0.2391,0,7,7,0
129.797,0.2399,0,7,7,0
129.833,0.2426,0,7,7,0
129.866,0.2447,0,7,7,0
129.899,0.2503,0,7,7,0
129.934,0.2573,0,7,7,0
129.962,0.2612,0,7,7,0
129.997,0.2696,0,7,7,0
130.032,0.2784,0,7,7,0
130.067,0.2872,0,7,7,0
130.100,0.2916,0,7,7,0
130.134,0.3004,0,7,7,0
130.162,0.3047,0,7,7,0
130.198,0.3135,0,7,7,0
130.235,0.3220,0,7,7,0
130.267,0.3302,0,7,7,0
130.300,0.3343,0,7,7,0
130.334,0.3424,0,7,7,0
130.362,0.3464,0,7,7,0
130.398,0.3544,0,7,7,0
130.433,0.3624,0,7,7,0
130.467,0.3703,0,7,7,0
130.496,0.3742,0,7,7,0
130.530,0.3820,0,7,7,0
130.565,0.3859,0,7,7,0
130.600,0.3939,0,7,7,0
130.633,0.4019,0,7,7,0
130.667,0.4099,0,7,7,0
130.700,0.4138,0,7,7,0
130.730,0.4218,0,7,7,0
130.767,0.4298,0,7,7,0
130.801,0.4337,0,7,7,0
130.829,0.4417,0,7,7,0
130.869,0.4497,0,7,7,0
130.895,0.4536,0,7,7,0
130.933,0.4616,1,6,6,1
130.966,0.4696,1,6,6,1
130.996,0.4736,1,6,6,1
131.032,0.4816,1,6,6,1
131.067,0.4896,1,6,6,1
131.095,0.4936,1,6,6,1
131.129,0.5017,1,6,6,1
131.165,0.5057,1,6,6,1
131.199,0.5139,1,6,6,1
131.229,0.5221,1,6,6,1
131.264,0.5262,1,6,6,1
131.299,0.5345,1,6,6,1
131.329,0.5427,1,6,6,1
131.366,0.5468,1,6,6,1
131.394,0.5550,1,6,6,1
131.428,0.5631,1,6,6,1
131.466,0.5672,1,6,6,1
131.495,0.5753,1,6,6,1
131.530,0.5834,1,6,6,1
131.561,0.5874,1,6,6,1
131.597,0.5954,1,6,6,1
131.632,0.6034,1,6,6,1
131.666,0.6113,1,6,6,1
131.699,0.6153,1,6,6,1
131.733,0.6232,1,6,6,1
131.767,0.6311,1,6,6,1
131.795,0.6351,1,6,6,1
131.831,0.6430,1,6,6,1
131.862,0.6470,1,6,6,1
131.896,0.6550,1,6,6,1
131.932,0.6629,1,6,6,1
131.966,0.6669,1,6,6,1
131.999,0.6750,2,5,5,2
132.033,0.6830,2,5,5,2
132.067,0.6910,2,5,5,2
132.098,0.6950,2,5,5,2
132.133,0.7029,2,5,5,2
132.167,0.7108,2,5,5,2
132.195,0.7147,2,5,5,2
132.230,0.7226,2,5,5,2
132.265,0.7265,2,5,5,2
132.300,0.7345,2,5,5,2
132.334,0.7424,2,5,5,2
132.361,0.7464,2,5,5,2
132.398,0.7544,2,5,5,2
132.433,0.7623,2,5,5,2
132.466,0.7701,2,5,5,2
132.499,0.7740,2,5,5,2
132.527,0.7819,2,5,5,2
132.565,0.7858,2,5,5,2
132.598,0.7936,2,5,5,2
132.632,0.8015,2,5,5,2
132.666,0.8091,2,5,5,2
132.699,0.8127,2,5,5,2
132.734,0.8196,2,5,5,2
132.766,0.8258,2,5,5,2
132.795,0.8288,2,5,5,2
132.828,0.8341,2,5,5,2
132.860,0.8366,2,5,5,2
132.900,0.8412,2,5,5,2
132.933,0.8452,2,5,5,2
132.965,0.8471,2,5,5,2
133.000,0.8504,2,5,5,2
133.029,0.8535,2,5,5,2
133.065,0.8549,2,5,5,2
133.099,0.8574,2,5,5,2
133.130,0.8597,2,5,5,2
133.164,0.8608,2,5,5,2
133.196,0.8628,2,5,5,2
133.228,0.8646,2,5,5,2
133.261,0.8654,2,5,5,2
133.296,0.8670,2,5,5,2
133.331,0.8685,2,5,5,2
133.364,0.8692,2,5,5,2
133.395,0.8705,2,5,5,2
133.428,0.8718,2,5,5,2
133.461,0.8724,2,5,5,2
133.500,0.8735,2,5,5,2
133.534,0.8746,2,5,5,2
133.563,0.8752,2,5,5,2
133.596,0.8762,2,5,5,2
133.629,0.8772,2,5,5,2
133.663,0.8776,2,5,5,2
133.696,0.8785,2,5,5,2
133.729,0.8794,2,5,5,2
133.762,0.8798,2,5,5,2
133.801,0.8806,2,5,5,2
133.831,0.8814,2,5,5,2
133.864,0.8818,2,5,5,2
133.896,0.8826,2,5,5,2
133.929,0.8833,2,5,5,2
133.961,0.8836,2,5,5,2
133.994,0.8843,2,5,5,2
134.032,0.8850,2,5,5,2
134.066,0.8856,2,5,5,2
134.096,0.8859,2,5,5,2
134.133,0.8865,2,5,5,2
134.162,0.8868,2,5,5,2
134.200,0.8874,2,5,5,2
134.228,0.8880,2,5,5,2
134.263,0.8883,2,5,5,2
134.299,0.8888,0,0,0,0
134.333,0.8893,0,0,0,0
134.365,0.8896,0,0,0,0
134.395,0.8901,0,0,0,0
134.430,0.8906,0,0,0,0
134.465,0.8908,0,0,0,0
134.499,0.8913,0,0,0,0
134.530,0.8917,0,0,0,0
134.563,0.8919,0,0,0,0
134.597,0.8924,0,0,0,0
134.628,0.8928,0,0,0,0
134.668,0.8932,0,0,0,0
134.697,0.8935,0,0,0,0
134.735,0.8939,0,0,0,0
134.765,0.8941,0,0,0,0
134.795,0.8945,0,0,0,0
134.830,0.8949,0,0,0,0
134.861,0.8951,0,0,0,0
134.898,0.8954,0,0,0,0
134.928,0.8958,0,0,0,0
134.962,0.8960,0,0,0,0
134.997,0.8964,0,0,0,0
135.028,0.8968,0,0,0,0
135.061,0.8969,0,0,0,0
135.096,0.8973,0,0,0,0
135.132,0.8977,0,0,0,0
135.163,0.8978,0,0,0,0
135.202,0.8982,0,0,0,0
135.230,0.8985,0,0,0,0
135.265,0.8987,0,0,0,0
135.294,0.8990,0,0,0,0
135.335,0.8994,0,0,0,0
135.366,0.8997,0,0,0,0
135.398,0.8999,0,0,0,0
135.433,0.9002,0,0,0,0
135.465,0.9004,0,0,0,0
135.499,0.9007,0,0,0,0
135.531,0.9010,0,0,0,0
135.562,0.9012,0,0,0,0
135.595,0.9015,0,0,0,0
135.630,0.9018,0,0,0,0
135.667,0.9021,0,0,0,0
135.697,0.9022,0,0,0,0
135.730,0.9025,0,0,0,0
135.765,0.9027,0,0,0,0
135.800,0.9030,0,0,0,0
135.831,0.9033,0,0,0,0
135.863,0.9034,0,0,0,0
135.898,0.9037,0,0,0,0
135.933,0.9040,0,0,0,0
135.961,0.9041,0,0,0,0
136.002,0.9044,0,0,0,0
136.032,0.9046,0,0,0,0
136.062,0.9048,0,0,0,0
136.099,0.9050,0,0,0,0
136.131,0.9053,0,0,0,0
136.162,0.9054,0,0,0,0
136.196,0.9057,0,0,0,0
136.228,0.9059,0,0,0,0
136.263,0.9060,0,0,0,0
136.298,0.9063,0,0,0,0
136.328,0.9065,0,0,0,0
136.361,0.9066,0,0,0,0
136.398,0.9068,0,0,0,0
136.429,0.9070,0,0,0,0
136.466,0.9072,0,0,0,0
136.494,0.9074,0,0,0,0
136.528,0.9076,0,0,0,0
136.565,0.9077,0,0,0,0
136.599,0.9079,0,0,0,0
136.633,0.9081,0,0,0,0
136.663,0.9081,0,0,0,0
136.696,0.9083,0,0,0,0
136.731,0.9085,0,0,0,0
136.768,0.9087,0,0,0,0
136.797,0.9088,0,0,0,0
136.830,0.9089,0,0,0,0
136.866,0.9091,0,0,0,0
136.901,0.9092,0,0,0,0
136.930,0.9093,0,0,0,0
136.962,0.9094,0,0,0,0
137.002,0.9095,0,0,0,0
137.029,0.9097,0,0,0,0
137.064,0.9097,0,0,0,0
137.100,0.9099,0,0,0,0
137.129,0.9100,0,0,0,0
137.160,0.9101,0,0,0,0
137.200,0.9102,0,0,0,0
137.229,0.9103,0,0,0,0
137.264,0.9104,0,0,0,0
137.299,0.9105,0,0,0,0
137.334,0.9106,0,0,0,0
137.364,0.9106,0,0,0,0
137.397,0.9107,0,0,0,0
137.436,0.9108,0,0,0,0
137.464,0.9109,0,0,0,0
137.500,0.9110,0,0,0,0
137.529,0.9110,0,0,0,0
137.561,0.9111,0,0,0,0
137.596,0.9112,0,0,0,0
137.633,0.9113,0,0,0,0
137.665,0.9113,0,0,0,0
137.699,0.9114,0,0,0,0
137.731,0.9114,0,0,0,0
137.761,0.9115,0,0,0,0
137.801,0.9115,0,0,0,0
137.830,0.9116,0,0,0,0
137.866,0.9117,0,0,0,0
137.898,0.9117,0,0,0,0
137.933,0.9117,0,0,0,0
137.961,0.9118,0,0,0,0
137.995,0.9118,0,0,0,0
138.027,0.9119,0,0,0,0
138.067,0.9119,0,0,0,0
138.096,0.9120,0,0,0,0
138.136,0.9120,0,0,0,0
138.167,0.9120,0,0,0,0
138.199,0.9121,0,0,0,0
138.230,0.9121,0,0,0,0
138.262,0.9121,0,0,0,0
138.294,0.9122,0,0,0,0
138.331,0.9122,0,0,0,0
138.366,0.9122,0,0,0,0
138.397,0.9122,0,0,0,0
138.431,0.9123,0,0,0,0
138.462,0.9123,0,0,0,0
138.501,0.9123,0,0,0,0
138.531,0.9124,0,0,0,0
138.566,0.9124,0,0,0,0
138.600,0.9124,0,0,0,0
138.631,0.9124,0,0,0,0
138.663,0.9124,0,0,0,0
138.696,0.9125,0,0,0,0
138.733,0.9125,0,0,0,0
138.765,0.9125,0,0,0,0
138.800,0.9125,0,0,0,0
138.831,0.9125,0,0,0,0
138.861,0.9126,0,0,0,0
138.902,0.9126,0,0,0,0
138.932,0.9126,0,0,0,0
138.963,0.9126,0,0,0,0
138.997,0.9126,0,0,0,0
139.033,0.9126,0,0,0,0
139.065,0.9126,0,0,0,0
139.100,0.9127,0,0,0,0
139.133,0.9127,0,0,0,0
139.165,0.9127,0,0,0,0
139.196,0.9127,0,0,0,0
139.229,0.9127,0,0,0,0
139.267,0.9127,0,0,0,0
139.298,0.9127,0,0,0,0
139.328,0.9127,0,0,0,0
139.365,0.9128,0,0,0,0
139.400,0.9128,0,0,0,0
139.431,0.9128,0,0,0,0
139.462,0.9128,0,0,0,0
139.496,0.9128,0,0,0,0
139.533,0.9128,0,0,0,0
139.563,0.9128,0,0,0,0
139.599,0.9128,0,0,0,0
139.632,0.9128,0,0,0,0
139.662,0.9128,0,0,0,0
139.695,0.9128,0,0,0,0
139.734,0.9129,0,0,0,0
139.763,0.9129,0,0,0,0
139.802,0.9129,0,0,0,0
139.832,0.9129,0,0,0,0
139.863,0.9129,0,0,0,0
139.900,0.9129,0,0,0,0
139.931,0.9129,0,0,0,0
139.961,0.9129,0,0,0,0
139.994,0.9129,0,0,0,0
140.031,0.9129,0,0,0,0
140.062,0.9129,0,0,0,0
140.098,0.9129,0,0,0,0
140.129,0.9129,0,0,0,0
140.166,0.9129,0,0,0,0
140.200,0.9129,0,0,0,0
140.229,0.9129,0,0,0,0
140.265,0.9130,0,0,0,0
140.298,0.9130,0,0,0,0
140.334,0.9130,0,0,0,0
140.365,0.9130,0,0,0,0
140.394,0.9130,0,0,0,0
140.428,0.9130,0,0,0,0
140.463,0.9130,0,0,0,0
140.498,0.9130,0,0,0,0
140.527,0.9130,0,0,0,0
140.562,0.9130,0,0,0,0
140.596,0.9130,0,0,0,0
140.631,0.9130,0,0,0,0
140.665,0.9130,0,0,0,0
140.698,0.9130,0,0,0,0
140.734,0.9130,0,0,0,0
140.762,0.9130,0,0,0,0
140.796,0.9130,0,0,0,0
140.832,0.9130,0,0,0,0
140.868,0.9130,0,0,0,0
140.900,0.9130,0,0,0,0
140.929,0.9130,0,0,0,0
140.961,0.9130,0,0,0,0
140.999,0.9130,0,0,0,0
141.034,0.9130,0,0,0,0
141.061,0.9131,0,0,0,0
141.095,0.9131,0,0,0,0
141.128,0.9131,0,0,0,0
141.166,0.9131,0,0,0,0
141.198,0.9131,0,0,0,0
141.229,0.9131,0,0,0,0
141.263,0.9131,0,0,0,0
141.300,0.9131,0,0,0,0
141.331,0.9131,0,0,0,0
141.363,0.9131,0,0,0,0
141.397,0.9131,0,0,0,0
141.428,0.9131,0,0,0,0
141.467,0.9131,0,0,0,0
141.496,0.9131,0,0,0,0
141.528,0.9131,0,0,0,0
141.565,0.9131,0,0,0,0
141.595,0.9131,0,0,0,0
141.627,0.9131,0,0,0,0
141.663,0.9131,0,0,0,0
141.698,0.9131,0,0,0,0
141.729,0.9131,0,0,0,0
141.766,0.9131,0,0,0,0
141.795,0.9131,0,0,0,0
141.835,0.9131,0,0,0,0
141.866,0.9131,0,0,0,0
141.895,0.9131,0,0,0,0
141.932,0.9131,0,0,0,0
141.961,0.9131,0,0,0,0
141.996,0.9131,0,0,0,0
142.033,0.9131,0,0,0,0
142.066,0.9131,0,0,0,0
142.100,0.9131,0,0,0,0
142.133,0.9131,0,0,0,0
142.161,0.9131,0,0,0,0
142.203,0.9132,0,0,0,0
142.233,0.9132,0,0,0,0
142.264,0.9132,0,0,0,0
142.298,0.9132,0,0,0,0
142.333,0.9132,0,0,0,0
142.367,0.9132,0,0,0,0
142.396,0.9132,0,0,0,0
142.431,0.9132,0,0,0,0
142.461,0.9132,0,0,0,0
142.494,0.9132,0,0,0,0
142.528,0.9132,0,0,0,0
142.564,0.9132,0,0,0,0
142.599,0.9132,0,0,0,0
142.633,0.9132,0,0,0,0
142.666,0.9132,0,0,0,0
142.694,0.9132,0,0,0,0
142.728,0.9132,0,0,0,0
142.761,0.9132,0,0,0,0
142.796,0.9132,0,0,0,0
142.832,0.9132,0,0,0,0
142.868,0.9132,0,0,0,0
142.898,0.9132,0,0,0,0
142.931,0.9132,0,0,0,0
142.965,0.9132,0,0,0,0
142.998,0.9132,0,0,0,0
143.032,0.9132,0,0,0,0
143.068,0.9132,0,0,0,0
143.098,0.9132,0,0,0,0
143.134,0.9132,0,0,0,0
143.167,0.9132,0,0,0,0
143.196,0.9132,0,0,0,0
143.231,0.9132,0,0,0,0
143.267,0.9132,0,0,0,0
143.296,0.9132,0,0,0,0
143.330,0.9132,0,0,0,0
143.365,0.9132,0,0,0,0
143.399,0.9132,0,0,0,0
143.432,0.9132,0,0,0,0
143.466,0.9132,0,0,0,0
143.494,0.9132,0,0,0,0
143.531,0.9132,0,0,0,0
143.561,0.9132,0,0,0,0
143.594,0.9132,0,0,0,0
143.629,0.9133,0,0,0,0
143.663,0.9133,0,0,0,0
143.698,0.9133,0,0,0,0
143.733,0.9133,0,0,0,0
143.767,0.9133,0,0,0,0
143.800,0.9133,0,0,0,0
143.833,0.9133,0,0,0,0
143.861,0.9133,0,0,0,0
143.898,0.9133,0,0,0,0
143.933,0.9133,0,0,0,0
143.967,0.9133,0,0,0,0
143.994,0.9133,0,0,0,0
144.027,0.9133,0,0,0,0
144.063,0.9133,0,0,0,0
144.097,0.9133,0,0,0,0
144.133,0.9133,0,0,0,0
144.160,0.9133,0,0,0,0
144.193,0.9133,0,0,0,0
144.229,0.9133,0,0,0,0
144.265,0.9133,0,0,0,0
144.296,0.9133,0,0,0,0
144.332,0.9133,0,0,0,0
144.357,0.9133,0,0,0,0
144.397,0.9133,0,0,0,0
144.428,0.9133,0,0,0,0
144.466,0.9133,0,0,0,0
144.498,0.9133,0,0,0,0
144.533,0.9133,0,0,0,0
144.562,0.9133,0,0,0,0
144.598,0.9133,0,0,0,0
144.630,0.9133,0,0,0,0
144.665,0.9133,0,0,0,0
144.699,0.9133,0,0,0,0
144.733,0.9133,0,0,0,0
144.762,0.9133,0,0,0,0
144.798,0.9133,0,0,0,0
144.832,0.9133,0,0,0,0
144.866,0.9133,0,0,0,0
144.900,0.9133,0,0,0,0
144.933,0.9133,0,0,0,0
144.961,0.9133,0,0,0,0
144.995,0.9133,0,0,0,0
145.031,0.9133,0,0,0,0
145.066,0.9133,0,0,0,0
145.100,0.9133,0,0,0,0
145.133,0.9133,0,0,0,0
145.166,0.9133,0,0,0,0
145.199,0.9133,0,0,0,0
145.233,0.9133,0,0,0,0
145.266,0.9133,0,0,0,0
145.296,0.9133,0,0,0,0
145.328,0.9133,0,0,0,0
145.366,0.9133,0,0,0,0
145.397,0.9133,0,0,0,0
145.433,0.9133,0,0,0,0
145.465,0.9134,0,0,0,0
145.494,0.9134,0,0,0,0
145.534,0.9134,0,0,0,0
145.566,0.9134,0,0,0,0
145.596,0.9134,0,0,0,0
145.634,0.9134,0,0,0,0
145.663,0.9134,0,0,0,0
145.696,0.9134,0,0,0,0
145.733,0.9134,0,0,0,0
145.766,0.9134,0,0,0,0
145.798,0.9134,0,0,0,0
145.828,0.9134,0,0,0,0
145.862,0.9134,0,0,0,0
145.895,0.9134,0,0,0,0
145.928,0.9134,0,0,0,0
145.964,0.9134,0,0,0,0
145.999,0.9134,0,0,0,0
146.029,0.9134,0,0,0,0
146.065,0.9134,0,0,0,0
146.099,0.9134,0,0,0,0
146.133,0.9134,0,0,0,0
146.162,0.9134,0,0,0,0
146.195,0.9134,0,0,0,0
146.232,0.9134,0,0,0,0
146.263,0.9134,0,0,0,0
146.298,0.9134,0,0,0,0
146.332,0.9134,0,0,0,0
146.365,0.9134,0,0,0,0
146.400,0.9134,0,0,0,0
146.430,0.9134,0,0,0,0
146.466,0.9134,0,0,0,0
146.499,0.9134,0,0,0,0
146.533,0.9134,0,0,0,0
146.567,0.9134,0,0,0,0
146.601,0.9134,0,0,0,0
146.630,0.9134,0,0,0,0
146.665,0.9134,0,0,0,0
146.699,0.9134,0,0,0,0
146.732,0.9134,0,0,0,0
146.766,0.9134,0,0,0,0
146.795,0.9134,0,0,0,0
146.831,0.9134,0,0,0,0
146.862,0.9134,0,0,0,0
146.895,0.9134,0,0,0,0
146.931,0.9134,0,0,0,0
146.965,0.9134,0,0,0,0
146.999,0.9134,0,0,0,0
147.032,0.9134,0,0,0,0
147.066,0.9134,0,0,0,0
147.100,0.9134,0,0,0,0
147.129,0.9134,0,0,0,0
147.165,0.9134,0,0,0,0
147.200,0.9134,0,0,0,0
147.233,0.9134,0,0,0,0
147.267,0.9134,0,0,0,0
147.297,0.9134,0,0,0,0
147.333,0.9134,0,0,0,0
147.366,0.9134,0,0,0,0
147.399,0.9134,0,0,0,0
147.433,0.9134,0,0,0,0
147.466,0.9134,0,0,0,0
147.495,0.9134,0,0,0,0
147.531,0.9134,0,0,0,0
147.561,0.9134,0,0,0,0
147.596,0.9134,0,0,0,0
147.630,0.9134,0,0,0,0
147.665,0.9134,0,0,0,0
147.699,0.9134,0,0,0,0
147.729,0.9134,0,0,0,0
147.767,0.9134,0,0,0,0
147.796,0.9134,0,0,0,0
147.820,0.9134,0,0,0,0
147.865,0.9134,0,0,0,0
147.896,0.9134,0,0,0,0
147.927,0.9134,0,0,0,0
147.966,0.9135,0,0,0,0
147.999,0.9135,0,0,0,0
148.032,0.9135,0,0,0,0
148.067,0.9135,0,0,0,0
148.096,0.9135,0,0,0,0
148.133,0.9135,0,0,0,0
148.161,0.9135,0,0,0,0
148.198,0.9135,0,0,0,0
148.234,0.9135,0,0,0,0
148.268,0.9135,0,0,0,0
148.296,0.9135,0,0,0,0
148.331,0.9135,0,0,0,0
148.366,0.9135,0,0,0,0
148.400,0.9135,0,0,0,0
148.433,0.9135,0,0,0,0
148.466,0.9135,0,0,0,0
148.501,0.9135,0,0,0,0
148.528,0.9135,0,0,0,0
148.563,0.9135,0,0,0,0
148.598,0.9135,0,0,0,0
148.632,0.9135,0,0,0,0
148.667,0.9135,0,0,0,0
148.697,0.9135,0,0,0,0
148.733,0.9135,0,0,0,0
148.766,0.9135,0,0,0,0
148.799,0.9135,0,0,0,0
148.833,0.9135,0,0,0,0
148.866,0.9135,0,0,0,0
148.894,0.9135,0,0,0,0
148.929,0.9135,0,0,0,0
148.965,0.9135,0,0,0,0
149.000,0.9135,0,0,0,0
149.033,0.9135,0,0,0,0
149.067,0.9135,0,0,0,0
149.100,0.9135,0,0,0,0
149.128,0.9135,0,0,0,0
149.164,0.9135,0,0,0,0
149.199,0.9135,0,0,0,0
149.233,0.9135,0,0,0,0
149.266,0.9135,0,0,0,0
149.295,0.9135,0,0,0,0
149.331,0.9135,0,0,0,0
149.366,0.9135,0,0,0,0
149.400,0.9135,0,0,0,0
149.433,0.9135,0,0,0,0
149.467,0.9135,0,0,0,0
149.494,0.9135,0,0,0,0
149.531,0.9135,0,0,0,0
149.567,0.9135,0,0,0,0
149.599,0.9135,0,0,0,0
149.633,0.9135,0,0,0,0
149.667,0.9135,0,0,0,0
149.696,0.9135,0,0,0,0
149.731,0.9135,0,0,0,0
149.766,0.9135,0,0,0,0
149.800,0.9135,0,0,0,0
149.829,0.9135,0,0,0,0
149.862,0.9135,0,0,0,0
149.897,0.9135,0,0,0,0
149.932,0.9135,0,0,0,0
149.967,0.9135,0,0,0,0
150.000,0.9135,0,0,0,0
150.028,0.9135,0,0,0,0
150.063,0.9135,0,0,0,0
150.098,0.9135,0,0,0,0
150.134,0.9135,0,0,0,0
150.163,0.9135,0,0,0,0
150.197,0.9135,0,0,0,0
150.232,0.9135,0,0,0,0
150.267,0.9135,0,0,0,0
150.295,0.9135,0,0,0,0
150.329,0.9135,0,0,0,0
150.363,0.9135,0,0,0,0
150.399,0.9135,0,0,0,0
150.428,0.9135,0,0,0,0
150.463,0.9135,0,0,0,0
150.498,0.9135,0,0,0,0
150.533,0.9135,0,0,0,0
150.565,0.9135,0,0,0,0
150.599,0.9135,0,0,0,0
150.633,0.9135,0,0,0,0
150.668,0.9135,0,0,0,0
150.698,0.9135,0,0,0,0
150.733,0.9135,0,0,0,0
150.767,0.9135,0,0,0,0
150.798,0.9135,0,0,0,0
150.828,0.9135,0,0,0,0
150.862,0.9135,0,0,0,0
150.900,0.9135,0,0,0,0
150.933,0.9135,0,0,0,0
150.966,0.9135,0,0,0,0
151.000,0.9135,0,0,0,0
151.028,0.9135,0,0,0,0
151.065,0.9135,0,0,0,0
151.099,0.9135,0,0,0,0
151.133,0.9135,0,0,0,0
151.161,0.9135,0,0,0,0
151.198,0.9135,0,0,0,0
151.233,0.9135,0,0,0,0
151.267,0.9135,0,0,0,0
151.294,0.9135,0,0,0,0
151.330,0.9135,0,0,0,0
151.365,0.9135,0,0,0,0
151.399,0.9135,0,0,0,0
151.433,0.9135,0,0,0,0
151.466,0.9135,0,0,0,0
151.500,0.9135,0,0,0,0
151.536,0.9135,0,0,0,0
151.565,0.9135,0,0,0,0
151.599,0.9135,0,0,0,0
151.633,0.9135,0,0,0,0
151.667,0.9135,0,0,0,0
151.694,0.9135,0,0,0,0
151.728,0.9135,0,0,0,0
151.763,0.9135,0,0,0,0
151.799,0.9135,0,0,0,0
151.834,0.9135,0,0,0,0
151.863,0.9136,0,0,0,0
151.897,0.9136,0,0,0,0
151.932,0.9136,0,0,0,0
151.966,0.9136,0,0,0,0
151.999,0.9136,0,0,0,0
152.032,0.9136,0,0,0,0
152.068,0.9136,0,0,0,0
152.097,0.9136,0,0,0,0
152.131,0.9136,0,0,0,0
152.166,0.9136,0,0,0,0
152.201,0.9136,0,0,0,0
152.234,0.9136,0,0,0,0
152.262,0.9136,0,0,0,0
152.298,0.9136,0,0,0,0
152.328,0.9136,0,0,0,0
152.361,0.9136,0,0,0,0
152.395,0.9136,0,0,0,0
152.430,0.9136,0,0,0,0
152.465,0.9136,0,0,0,0
152.499,0.9136,0,0,0,0
152.532,0.9136,0,0,0,0
152.566,0.9136,0,0,0,0
152.594,0.9136,0,0,0,0
152.629,0.9136,0,0,0,0
152.663,0.9136,0,0,0,0
152.698,0.9136,0,0,0,0
152.735,0.9136,0,0,0,0
152.764,0.9136,0,0,0,0
152.798,0.9136,0,0,0,0
152.832,0.9136,0,0,0,0
152.865,0.9136,0,0,0,0
152.899,0.9136,0,0,0,0
152.933,0.9136,0,0,0,0
152.966,0.9136,0,0,0,0
152.995,0.9136,0,0,0,0
153.031,0.9136,0,0,0,0
153.066,0.9136,0,0,0,0
153.100,0.9136,0,0,0,0
153.133,0.9136,0,0,0,0
153.161,0.9136,0,0,0,0
153.195,0.9136,0,0,0,0
153.227,0.9136,0,0,0,0
153.268,0.9136,0,0,0,0
153.296,0.9136,0,0,0,0
153.335,0.9136,0,0,0,0
153.367,0.9136,0,0,0,0
153.399,0.9136,0,0,0,0
153.430,0.9136,0,0,0,0
153.461,0.9136,0,0,0,0
153.501,0.9136,0,0,0,0
153.531,0.9136,0,0,0,0
153.565,0.9136,0,0,0,0
153.599,0.9136,0,0,0,0
153.631,0.9136,0,0,0,0
153.663,0.9136,0,0,0,0
153.695,0.9136,0,0,0,0
153.731,0.9136,0,0,0,0
153.762,0.9136,0,0,0,0
153.801,0.9136,0,0,0,0
153.828,0.9136,0,0,0,0
153.863,0.9136,0,0,0,0
153.898,0.9136,0,0,0,0
153.933,0.9136,0,0,0,0
153.962,0.9136,0,0,0,0
153.999,0.9136,0,0,0,0
154.034,0.9136,0,0,0,0
154.065,0.9136,0,0,0,0
154.094,0.9136,0,0,0,0
154.135,0.9136,0,0,0,0
154.165,0.9136,0,0,0,0
154.196,0.9136,0,0,0,0
154.228,0.9136,0,0,0,0
154.264,0.9136,0,0,0,0
154.299,0.9136,0,0,0,0
154.330,0.9136,0,0,0,0
154.361,0.9136,0,0,0,0
154.402,0.9136,0,0,0,0
154.432,0.9136,0,0,0,0
154.463,0.9136,0,0,0,0
154.499,0.9136,0,0,0,0
154.529,0.9136,0,0,0,0
154.562,0.9136,0,0,0,0
154.598,0.9136,0,0,0,0
154.627,0.9136,0,0,0,0
154.664,0.9136,0,0,0,0
154.699,0.9136,0,0,0,0
154.729,0.9136,0,0,0,0
154.765,0.9136,0,0,0,0
154.798,0.9136,0,0,0,0
154.827,0.9136,0,0,0,0
154.864,0.9136,0,0,0,0
154.898,0.9136,0,0,0,0
154.932,0.9136,0,0,0,0
154.966,0.9136,0,0,0,0
155.000,0.9136,0,0,0,0
155.028,0.9136,0,0,0,0
155.065,0.9136,0,0,0,0
155.099,0.9136,0,0,0,0
155.132,0.9136,0,0,0,0
155.166,0.9136,0,0,0,0
155.199,0.9136,0,0,0,0
155.233,0.9136,0,0,0,0
155.267,0.9136,0,0,0,0
155.297,0.9136,0,0,0,0
155.328,0.9136,0,0,0,0
155.360,0.9136,0,0,0,0
155.402,0.9136,0,0,0,0
155.434,0.9136,0,0,0,0
155.466,0.9136,0,0,0,0
155.495,0.9136,0,0,0,0
155.528,0.9136,0,0,0,0
155.565,0.9136,0,0,0,0
155.594,0.9136,0,0,0,0
155.629,0.9136,0,0,0,0
155.662,0.9136,0,0,0,0
155.698,0.9136,0,0,0,0
155.733,0.9136,0,0,0,0
155.762,0.9136,0,0,0,0
155.798,0.9136,0,0,0,0
155.829,0.9136,0,0,0,0
155.865,0.9136,0,0,0,0
155.899,0.9136,0,0,0,0
155.933,0.9136,0,0,0,0
155.968,0.9136,0,0,0,0
155.996,0.9136,0,0,0,0
156.029,0.9136,0,0,0,0
156.065,0.9136,0,0,0,0
156.099,0.9136,0,0,0,0
156.133,0.9136,0,0,0,0
156.163,0.9136,0,0,0,0
156.199,0.9136,0,0,0,0
156.230,0.9136,0,0,0,0
156.266,0.9136,0,0,0,0
156.299,0.9136,0,0,0,0
156.332,0.9136,0,0,0,0
156.366,0.9136,0,0,0,0
156.394,0.9136,0,0,0,0
156.428,0.9136,0,0,0,0
156.465,0.9136,0,0,0,0
156.501,0.9136,0,0,0,0
156.531,0.9136,0,0,0,0
156.566,0.9136,0,0,0,0
156.594,0.9136,0,0,0,0
156.629,0.9136,0,0,0,0
156.661,0.9136,0,0,0,0
156.700,0.9136,0,0,0,0
156.734,0.9136,0,0,0,0
156.767,0.9136,0,0,0,0
156.795,0.9136,0,0,0,0
156.830,0.9136,0,0,0,0
156.865,0.9136,0,0,0,0
156.900,0.9136,0,0,0,0
156.928,0.9136,0,0,0,0
156.964,0.9136,0,0,0,0
156.999,0.9136,0,0,0,0
157.028,0.9136,0,0,0,0
157.061,0.9136,0,0,0,0
157.097,0.9136,0,0,0,0
157.127,0.9136,0,0,0,0
157.161,0.9136,0,0,0,0
157.198,0.9136,0,0,0,0
157.229,0.9136,0,0,0,0
157.267,0.9136,0,0,0,0
157.298,0.9136,0,0,0,0
157.327,0.9136,0,0,0,0
157.363,0.9136,0,0,0,0
157.398,0.9136,0,0,0,0
157.428,0.9136,0,0,0,0
157.462,0.9136,0,0,0,0
157.496,0.9136,0,0,0,0
157.534,0.9136,0,0,0,0
157.565,0.9136,0,0,0,0
157.599,0.9136,0,0,0,0
157.628,0.9136,0,0,0,0
157.662,0.9136,0,0,0,0
157.697,0.9136,0,0,0,0
157.732,0.9136,0,0,0,0
157.766,0.9136,0,0,0,0
157.801,0.9136,0,0,0,0
157.830,0.9136,0,0,0,0
157.866,0.9136,0,0,0,0
157.899,0.9136,0,0,0,0
157.933,0.9136,0,0,0,0
157.966,0.9136,0,0,0,0
158.000,0.9136,0,0,0,0
158.028,0.9136,0,0,0,0
158.064,0.9136,0,0,0,0
158.098,0.9136,0,0,0,0
158.133,0.9136,0,0,0,0
158.167,0.9136,0,0,0,0
158.200,0.9136,0,0,0,0
158.228,0.9136,0,0,0,0
158.265,0.9136,0,0,0,0
158.299,0.9136,0,0,0,0
158.333,0.9136,0,0,0,0
158.366,0.9136,0,0,0,0
158.394,0.9136,0,0,0,0
158.428,0.9136,0,0,0,0
158.465,0.9136,0,0,0,0
158.498,0.9136,0,0,0,0
158.533,0.9136,0,0,0,0
158.567,0.9136,0,0,0,0
158.600,0.9136,0,0,0,0
158.627,0.9136,0,0,0,0
158.665,0.9136,0,0,0,0
158.699,0.9136,0,0,0,0
158.732,0.9136,0,0,0,0
158.766,0.9136,0,0,0,0
158.801,0.9136,0,0,0,0
158.829,0.9136,0,0,0,0
158.866,0.9136,0,0,0,0
158.899,0.9136,0,0,0,0
158.933,0.9136,0,0,0,0
158.961,0.9136,0,0,0,0
158.996,0.9136,0,0,0,0
159.031,0.9136,0,0,0,0
159.068,0.9136,0,0,0,0
159.097,0.9136,0,0,0,0
159.132,0.9136,0,0,0,0
159.165,0.9136,0,0,0,0
159.199,0.9136,0,0,0,0
159.232,0.9136,0,0,0,0
159.266,0.9136,0,0,0,0
159.300,0.9136,0,0,0,0
159.328,0.9136,0,0,0,0
159.364,0.9136,0,0,0,0
159.399,0.9136,0,0,0,0
159.434,0.9136,0,0,0,0
159.463,0.9136,0,0,0,0
159.497,0.9136,0,0,0,0
159.531,0.9136,0,0,0,0
159.566,0.9136,0,0,0,0
159.600,0.9136,0,0,0,0
159.630,0.9136,0,0,0,0
159.666,0.9136,0,0,0,0
159.700,0.9136,0,0,0,0
159.728,0.9136,0,0,0,0
159.763,0.9136,0,0,0,0
159.797,0.9136,0,0,0,0
159.834,0.9136,0,0,0,0
159.864,0.9136,0,0,0,0
159.898,0.9136,0,0,0,0
159.932,0.9136,0,0,0,0
159.966,0.9136,0,0,0,0
159.999,0.9136,0,0,0,0
160.032,0.9136,0,0,0,0
160.063,0.9136,0,0,0,0
160.095,0.9136,0,0,0,0
160.131,0.9136,0,0,0,0
160.161,0.9136,0,0,0,0
160.202,0.9136,0,0,0,0
160.231,0.9136,0,0,0,0
160.262,0.9136,0,0,0,0
160.295,0.9136,0,0,0,0
160.332,0.9136,0,0,0,0
160.363,0.9136,0,0,0,0
160.398,0.9136,0,0,0,0
160.429,0.9136,0,0,0,0
160.466,0.9136,0,0,0,0
160.500,0.9136,0,0,0,0
160.530,0.9136,0,0,0,0
160.565,0.9136,0,0,0,0
160.598,0.9136,0,0,0,0
160.633,0.9136,0,0,0,0
160.667,0.9137,0,0,0,0
160.694,0.9137,0,0,0,0
160.730,0.9137,0,0,0,0
160.761,0.9137,0,0,0,0
160.795,0.9137,0,0,0,0
160.828,0.9137,0,0,0,0
160.862,0.9137,0,0,0,0
160.896,0.9137,0,0,0,0
160.933,0.9137,0,0,0,0
160.963,0.9137,0,0,0,0
160.998,0.9137,0,0,0,0
161.033,0.9137,0,0,0,0
161.066,0.9137,0,0,0,0
161.100,0.9137,0,0,0,0
161.129,0.9137,0,0,0,0
161.166,0.9137,0,0,0,0
161.197,0.9137,0,0,0,0
161.229,0.9137,0,0,0,0
161.264,0.9137,0,0,0,0
161.298,0.9137,0,0,0,0
161.332,0.9137,0,0,0,0
161.365,0.9137,0,0,0,0
161.400,0.9137,0,0,0,0
161.428,0.9137,0,0,0,0
161.465,0.9137,0,0,0,0
161.500,0.9137,0,0,0,0
161.533,0.9137,0,0,0,0
161.567,0.9137,0,0,0,0
161.601,0.9137,0,0,0,0
161.633,0.9137,0,0,0,0
161.662,0.9137,0,0,0,0
161.699,0.9137,0,0,0,0
161.733,0.9137,0,0,0,0
161.767,0.9137,0,0,0,0
161.794,0.9137,0,0,0,0
161.829,0.9137,0,0,0,0
161.863,0.9137,0,0,0,0
161.897,0.9137,0,0,0,0
161.933,0.9137,0,0,0,0
161.968,0.9137,0,0,0,0
161.995,0.9137,0,0,0,0
162.031,0.9137,0,0,0,0
162.066,0.9137,0,0,0,0
162.099,0.9137,0,0,0,0
162.132,0.9137,0,0,0,0
162.166,0.9137,0,0,0,0
162.194,0.9137,0,0,0,0
162.228,0.9137,0,0,0,0
162.263,0.9137,0,0,0,0
162.298,0.9137,0,0,0,0
162.334,0.9137,0,0,0,0
162.362,0.9137,0,0,0,0
162.395,0.9137,0,0,0,0
162.430,0.9137,0,0,0,0
162.465,0.9137,0,0,0,0
162.499,0.9137,0,0,0,0
162.533,0.9137,0,0,0,0
162.566,0.9137,0,0,0,0
162.600,0.9137,0,0,0,0
162.629,0.9137,0,0,0,0
162.665,0.9137,0,0,0,0
162.699,0.9137,0,0,0,0
162.734,0.9137,0,0,0,0
162.767,0.9137,0,0,0,0
162.800,0.9137,0,0,0,0
162.828,0.9137,0,0,0,0
162.863,0.9137,0,0,0,0
162.900,0.9137,0,0,0,0
162.933,0.9137,0,0,0,0
162.967,0.9137,0,0,0,0
162.994,0.9137,0,0,0,0
163.033,0.9137,0,0,0,0
163.062,0.9137,0,0,0,0
163.093,0.9137,0,0,0,0
163.126,0.9137,0,0,0,0
163.162,0.9137,0,0,0,0
163.196,0.9137,0,0,0,0
163.230,0.9137,0,0,0,0
163.266,0.9137,0,0,0,0
163.296,0.9137,0,0,0,0
163.331,0.9137,0,0,0,0
163.365,0.9137,0,0,0,0
163.399,0.9137,0,0,0,0
163.434,0.9137,0,0,0,0
163.462,0.9137,0,0,0,0
163.498,0.9137,0,0,0,0
163.535,0.9137,0,0,0,0
163.565,0.9137,0,0,0,0
163.600,0.9137,0,0,0,0
163.631,0.9137,0,0,0,0
163.666,0.9137,0,0,0,0
163.700,0.9137,0,0,0,0
163.732,0.9137,0,0,0,0
163.765,0.9137,0,0,0,0
163.793,0.9137,0,0,0,0
163.830,0.9137,0,0,0,0
163.867,0.9137,0,0,0,0
163.900,0.9137,0,0,0,0
163.928,0.9137,0,0,0,0
163.961,0.9137,0,0,0,0
163.995,0.9137,0,0,0,0
164.030,0.9137,0,0,0,0
164.067,0.9137,0,0,0,0
164.095,0.9137,0,0,0,0
164.129,0.9137,0,0,0,0
164.165,0.9137,0,0,0,0
164.200,0.9137,0,0,0,0
164.233,0.9137,0,0,0,0
164.261,0.9137,0,0,0,0
164.303,0.9137,0,0,0,0
164.333,0.9137,0,0,0,0
164.363,0.9137,0,0,0,0
164.398,0.9137,0,0,0,0
164.432,0.9137,0,0,0,0
164.460,0.9137,0,0,0,0
164.494,0.9137,0,0,0,0
164.530,0.9137,0,0,0,0
164.567,0.9137,0,0,0,0
164.594,0.9137,0,0,0,0
164.629,0.9137,0,0,0,0
164.662,0.9137,0,0,0,0
164.700,0.9137,0,0,0,0
164.730,0.9137,0,0,0,0
164.763,0.9137,0,0,0,0
164.799,0.9137,0,0,0,0
164.831,0.9137,0,0,0,0
164.863,0.9137,0,0,0,0
164.896,0.9137,0,0,0,0
164.933,0.9137,0,0,0,0
164.964,0.9137,0,0,0,0
164.999,0.9137,0,0,0,0
165.030,0.9137,0,0,0,0
165.062,0.9137,0,0,0,0
165.095,0.9137,0,0,0,0
165.131,0.9137,0,0,0,0
165.162,0.9137,0,0,0,0
165.201,0.9137,0,0,0,0
165.231,0.9137,0,0,0,0
165.262,0.9137,0,0,0,0
165.295,0.9137,0,0,0,0
165.328,0.9137,0,0,0,0
165.362,0.9137,0,0,0,0
165.399,0.9137,0,0,0,0
165.431,0.9137,0,0,0,0
165.464,0.9137,0,0,0,0
165.500,0.9137,0,0,0,0
165.532,0.9137,0,0,0,0
165.564,0.9137,0,0,0,0
165.600,0.9137,0,0,0,0
165.630,0.9137,0,0,0,0
165.664,0.9137,0,0,0,0
165.697,0.9137,0,0,0,0
165.733,0.9137,0,0,0,0
165.765,0.9137,0,0,0,0
165.794,0.9137,0,0,0,0
165.829,0.9137,0,0,0,0
165.866,0.9137,0,0,0,0
165.898,0.9137,0,0,0,0
165.928,0.9137,0,0,0,0
165.962,0.9137,0,0,0,0
165.998,0.9137,0,0,0,0
166.030,0.9137,0,0,0,0
166.063,0.9137,0,0,0,0
166.099,0.9137,0,0,0,0
166.130,0.9137,0,0,0,0
166.166,0.9137,0,0,0,0
166.201,0.9137,0,0,0,0
166.229,0.9137,0,0,0,0
166.265,0.9137,0,0,0,0
166.298,0.9137,0,0,0,0
166.336,0.9137,0,0,0,0
166.364,0.9137,0,0,0,0
166.398,0.9137,0,0,0,0
166.432,0.9137,0,0,0,0
166.465,0.9137,0,0,0,0
166.500,0.9137,0,0,0,0
166.533,0.9137,0,0,0,0
166.563,0.9137,0,0,0,0
166.600,0.9137,0,0,0,0
166.632,0.9137,0,0,0,0
166.663,0.9137,0,0,0,0
166.699,0.9137,0,0,0,0
166.730,0.9137,0,0,0,0
166.760,0.9137,0,0,0,0
166.802,0.9137,0,0,0,0
166.832,0.9137,0,0,0,0
166.863,0.9137,0,0,0,0
166.894,0.9137,0,0,0,0
166.931,0.9137,0,0,0,0
166.961,0.9137,0,0,0,0
167.000,0.9137,0,0,0,0
167.031,0.9137,0,0,0,0
167.061,0.9137,0,0,0,0
167.094,0.9137,0,0,0,0
167.133,0.9137,0,0,0,0
167.164,0.9137,0,0,0,0
167.200,0.9137,0,0,0,0
167.231,0.9137,0,0,0,0
167.263,0.9137,0,0,0,0
167.299,0.9137,0,0,0,0
167.330,0.9137,0,0,0,0
167.361,0.9137,0,0,0,0
167.398,0.9137,0,0,0,0
167.428,0.9137,0,0,0,0
167.461,0.9137,0,0,0,0
167.495,0.9137,0,0,0,0
167.532,0.9137,0,0,0,0
167.563,0.9137,0,0,0,0
167.599,0.9137,0,0,0,0
167.629,0.9137,0,0,0,0
167.663,0.9137,0,0,0,0
167.697,0.9137,0,0,0,0
167.733,0.9137,0,0,0,0
167.760,0.9137,0,0,0,0
167.794,0.9137,0,0,0,0
167.830,0.9137,0,0,0,0
167.865,0.9137,0,0,0,0
167.901,0.9137,0,0,0,0
167.933,0.9137,0,0,0,0
167.967,0.9137,0,0,0,0
167.996,0.9137,0,0,0,0
168.030,0.9137,0,0,0,0
168.067,0.9137,0,0,0,0
168.094,0.9137,0,0,0,0
168.133,0.9137,0,0,0,0
168.167,0.9137,0,0,0,0
168.199,0.9137,0,0,0,0
168.235,0.9137,0,0,0,0
168.265,0.9137,0,0,0,0
168.300,0.9137,0,0,0,0
168.328,0.9137,0,0,0,0
168.363,0.9137,0,0,0,0
168.401,0.9137,0,0,0,0
168.435,0.9137,0,0,0,0
168.461,0.9137,0,0,0,0
168.496,0.9137,0,0,0,0
168.530,0.9137,0,0,0,0
168.562,0.9137,0,0,0,0
168.599,0.9137,0,0,0,0
168.630,0.9137,0,0,0,0
168.661,0.9137,0,0,0,0
168.700,0.9137,0,0,0,0
168.730,0.9137,0,0,0,0
168.764,0.9137,0,0,0,0
168.798,0.9137,0,0,0,0
168.828,0.9137,0,0,0,0
168.863,0.9137,0,0,0,0
168.899,0.9137,0,0,0,0
168.930,0.9137,0,0,0,0
168.966,0.9137,0,0,0,0
168.996,0.9137,0,0,0,0
169.031,0.9137,0,0,0,0
169.062,0.9137,0,0,0,0
169.101,0.9137,0,0,0,0
169.129,0.9137,0,0,0,0
169.166,0.9137,0,0,0,0
169.195,0.9137,0,0,0,0
169.236,0.9137,0,0,0,0
169.267,0.9137,0,0,0,0
169.299,0.9137,0,0,0,0
169.329,0.9137,0,0,0,0
169.361,0.9137,0,0,0,0
169.394,0.9137,0,0,0,0
169.431,0.9137,0,0,0,0
169.462,0.9137,0,0,0,0
169.496,0.9137,0,0,0,0
169.532,0.9137,0,0,0,0
169.561,0.9137,0,0,0,0
169.596,0.9137,0,0,0,0
169.633,0.9137,0,0,0,0
169.663,0.9137,0,0,0,0
169.700,0.9137,0,0,0,0
169.732,0.9137,0,0,0,0
169.761,0.9137,0,0,0,0
169.802,0.9137,0,0,0,0
169.832,0.9137,0,0,0,0
169.863,0.9137,0,0,0,0
169.894,0.9137,0,0,0,0
169.928,0.9137,0,0,0,0
169.968,0.9137,0,0,0,0
169.999,0.9137,0,0,0,0
170.030,0.9137,0,0,0,0
170.061,0.9137,0,0,0,0
170.094,0.9137,0,0,0,0
170.131,0.9137,0,0,0,0
170.162,0.9137,0,0,0,0
170.197,0.9137,0,0,0,0
170.233,0.9137,0,0,0,0
170.265,0.9137,0,0,0,0
170.300,0.9137,0,0,0,0
170.331,0.9137,0,0,0,0
170.361,0.9137,0,0,0,0
170.400,0.9137,0,0,0,0
170.432,0.9137,0,0,0,0
170.467,0.9137,0,0,0,0
170.498,0.9137,0,0,0,0
170.533,0.9137,0,0,0,0
170.567,0.9137,0,0,0,0
170.595,0.9137,0,0,0,0
170.631,0.9137,0,0,0,0
170.663,0.9137,0,0,0,0
170.696,0.9137,0,0,0,0
170.730,0.9137,0,0,0,0
170.765,0.9137,0,0,0,0
170.799,0.9137,0,0,0,0
170.834,0.9137,0,0,0,0
170.863,0.9137,0,0,0,0
170.897,0.9137,0,0,0,0
170.932,0.9137,0,0,0,0
170.966,0.9137,0,0,0,0
170.999,0.9137,0,0,0,0
171.032,0.9137,0,0,0,0
171.060,0.9137,0,0,0,0
171.096,0.9137,0,0,0,0
171.131,0.9137,0,0,0,0
171.166,0.9137,0,0,0,0
171.199,0.9137,0,0,0,0
171.233,0.9137,0,0,0,0
171.266,0.9137,0,0,0,0
171.297,0.9137,0,0,0,0
171.333,0.9137,0,0,0,0
171.363,0.9137,0,0,0,0
171.397,0.9137,0,0,0,0
171.432,0.9137,0,0,0,0
171.466,0.9137,0,0,0,0
171.500,0.9137,0,0,0,0
171.533,0.9137,0,0,0,0
171.561,0.9137,0,0,0,0
171.597,0.9137,0,0,0,0
171.627,0.9137,0,0,0,0
171.667,0.9137,0,0,0,0
171.700,0.9137,0,0,0,0
171.733,0.9137,0,0,0,0
171.761,0.9137,0,0,0,0
171.796,0.9137,0,0,0,0
171.833,0.9137,0,0,0,0
171.867,0.9137,0,0,0,0
171.894,0.9137,0,0,0,0
171.928,0.9137,0,0,0,0
171.963,0.9137,0,0,0,0
171.998,0.9137,0,0,0,0
172.031,0.9137,0,0,0,0
172.065,0.9137,0,0,0,0
172.100,0.9137,0,0,0,0
172.134,0.9137,0,0,0,0
172.160,0.9137,0,0,0,0
172.196,0.9137,0,0,0,0
172.232,0.9137,0,0,0,0
172.267,0.9137,0,0,0,0
172.294,0.9137,0,0,0,0
172.330,0.9137,0,0,0,0
172.365,0.9137,0,0,0,0
172.399,0.9137,0,0,0,0
172.432,0.9137,0,0,0,0
172.466,0.9137,0,0,0,0
172.501,0.9137,0,0,0,0
172.530,0.9137,0,0,0,0
172.565,0.9137,0,0,0,0
172.599,0.9137,0,0,0,0
172.633,0.9137,0,0,0,0
172.666,0.9137,0,0,0,0
172.695,0.9137,0,0,0,0
172.733,0.9137,0,0,0,0
172.762,0.9137,0,0,0,0
172.800,0.9137,0,0,0,0
172.827,0.9137,0,0,0,0
172.868,0.9137,0,0,0,0
172.896,0.9137,0,0,0,0
172.934,0.9137,0,0,0,0
172.964,0.9137,0,0,0,0
172.995,0.9137,0,0,0,0
173.034,0.9137,0,0,0,0
173.065,0.9137,0,0,0,0
173.094,0.9137,0,0,0,0
173.129,0.9137,0,0,0,0
173.167,0.9137,0,0,0,0
173.198,0.9137,0,0,0,0
173.227,0.9137,0,0,0,0
173.268,0.9137,0,0,0,0
173.298,0.9137,0,0,0,0
173.333,0.9137,0,0,0,0
173.363,0.9137,0,0,0,0
173.399,0.9137,0,0,0,0
173.427,0.9137,0,0,0,0
173.462,0.9137,0,0,0,0
173.498,0.9137,0,0,0,0
173.529,0.9137,0,0,0,0
173.564,0.9137,0,0,0,0
173.599,0.9137,0,0,0,0
173.632,0.9137,0,0,0,0
173.667,0.9137,0,0,0,0
173.697,0.9137,0,0,0,0
173.732,0.9137,0,0,0,0
173.766,0.9137,0,0,0,0
173.800,0.9137,0,0,0,0
173.833,0.9137,0,0,0,0
173.868,0.9137,0,0,0,0
173.897,0.9137,0,0,0,0
173.932,0.9137,0,0,0,0
173.963,0.9137,0,0,0,0
173.997,0.9137,0,0,0,0
174.031,0.9137,0,0,0,0
174.065,0.9137,0,0,0,0
174.100,0.9137,0,0,0,0
174.128,0.9137,0,0,0,0
174.169,0.9137,0,0,0,0
174.199,0.9137,0,0,0,0
174.228,0.9137,0,0,0,0
174.269,0.9137,0,0,0,0
174.295,0.9137,0,0,0,0
174.333,0.9137,0,0,0,0
174.361,0.9137,0,0,0,0
174.397,0.9137,0,0,0,0
174.429,0.9137,0,0,0,0
174.460,0.9137,0,0,0,0
174.501,0.9137,0,0,0,0
174.531,0.9137,0,0,0,0
174.562,0.9137,0,0,0,0
174.596,0.9137,0,0,0,0
174.633,0.9137,0,0,0,0
174.667,0.9137,0,0,0,0
174.700,0.9137,0,0,0,0
174.728,0.9137,0,0,0,0
174.766,0.9137,0,0,0,0
174.797,0.9137,0,0,0,0
174.831,0.9137,0,0,0,0
174.866,0.9137,0,0,0,0
174.899,0.9137,0,0,0,0
174.928,0.9137,0,0,0,0
174.962,0.9137,0,0,0,0
174.997,0.9137,0,0,0,0
175.027,0.9137,0,0,0,0
175.061,0.9137,0,0,0,0
175.096,0.9137,0,0,0,0
175.131,0.9137,0,0,0,0
175.167,0.9137,0,0,0,0
175.196,0.9137,0,0,0,0
175.229,0.9137,0,0,0,0
175.265,0.9137,0,0,0,0
175.295,0.9137,0,0,0,0
175.328,0.9137,0,0,0,0
175.366,0.9137,0,0,0,0
175.395,0.9137,0,0,0,0
175.433,0.9137,0,0,0,0
175.465,0.9137,0,0,0,0
175.496,0.9137,0,0,0,0
175.528,0.9137,0,0,0,0
175.560,0.9137,0,0,0,0
175.595,0.9137,0,0,0,0
175.632,0.9137,0,0,0,0
175.662,0.9137,0,0,0,0
175.695,0.9137,0,0,0,0
175.733,0.9137,0,0,0,0
175.765,0.9137,0,0,0,0
175.797,0.9137,0,0,0,0
175.832,0.9137,0,0,0,0
175.867,0.9137,0,0,0,0
175.900,0.9137,0,0,0,0
175.930,0.9137,0,0,0,0
175.958,0.9137,0,0,0,0
175.999,0.9137,0,0,0,0
176.032,0.9137,0,0,0,0
176.062,0.9137,0,0,0,0
176.095,0.9137,0,0,0,0
176.129,0.9137,0,0,0,0
176.166,0.9137,0,0,0,0
176.197,0.9137,0,0,0,0
176.233,0.9137,0,0,0,0
176.266,0.9137,0,0,0,0
176.297,0.9137,0,0,0,0
176.331,0.9137,0,0,0,0
176.366,0.9137,0,0,0,0
176.394,0.9137,0,0,0,0
176.429,0.9137,0,0,0,0
176.464,0.9137,0,0,0,0
176.500,0.9137,0,0,0,0
176.530,0.9137,0,0,0,0
176.565,0.9137,0,0,0,0
176.598,0.9137,0,0,0,0
176.632,0.9137,0,0,0,0
176.667,0.9137,0,0,0,0
176.700,0.9137,0,0,0,0
176.729,0.9137,0,0,0,0
176.766,0.9137,0,0,0,0
176.800,0.9137,0,0,0,0
176.834,0.9137,0,0,0,0
176.862,0.9137,0,0,0,0
176.899,0.9137,0,0,0,0
176.928,0.9137,0,0,0,0
176.962,0.9137,0,0,0,0
176.997,0.9137,0,0,0,0
177.034,0.9137,0,0,0,0
177.067,0.9137,0,0,0,0
177.095,0.9137,0,0,0,0
177.130,0.9137,0,0,0,0
177.165,0.9137,0,0,0,0
177.199,0.9137,0,0,0,0
177.232,0.9137,0,0,0,0
177.268,0.9137,0,0,0,0
177.299,0.9137,0,0,0,0
177.328,0.9137,0,0,0,0
177.363,0.9137,0,0,0,0
177.397,0.9137,0,0,0,0
177.433,0.9137,0,0,0,0
177.466,0.9137,0,0,0,0
177.500,0.9137,0,0,0,0
177.528,0.9137,0,0,0,0
177.566,0.9137,0,0,0,0
177.599,0.9137,0,0,0,0
177.633,0.9137,0,0,0,0
177.667,0.9137,0,0,0,0
177.695,0.9137,0,0,0,0
177.729,0.9137,0,0,0,0
177.765,0.9137,0,0,0,0
177.801,0.9137,0,0,0,0
177.829,0.9137,0,0,0,0
177.864,0.9137,0,0,0,0
177.899,0.9137,0,0,0,0
177.933,0.9137,0,0,0,0
177.967,0.9137,0,0,0,0
177.994,0.9137,0,0,0,0
178.029,0.9137,0,0,0,0
178.066,0.9137,0,0,0,0
178.094,0.9137,0,0,0,0
178.128,0.9137,0,0,0,0
178.163,0.9137,0,0,0,0
178.198,0.9137,0,0,0,0
178.233,0.9137,0,0,0,0
178.267,0.9137,0,0,0,0
178.296,0.9137,0,0,0,0
178.332,0.9137,0,0,0,0
178.367,0.9137,0,0,0,0
178.400,0.9137,0,0,0,0
178.433,0.9137,0,0,0,0
178.467,0.9137,0,0,0,0
178.497,0.9137,0,0,0,0
178.532,0.9137,0,0,0,0
178.566,0.9137,0,0,0,0
178.594,0.9137,0,0,0,0
178.629,0.9137,0,0,0,0
178.666,0.9137,0,0,0,0
178.694,0.9137,0,0,0,0
178.730,0.9137,0,0,0,0
178.765,0.9137,0,0,0,0
178.799,0.9137,0,0,0,0
178.832,0.9137,0,0,0,0
178.865,0.9137,0,0,0,0
178.900,0.9137,0,0,0,0
178.933,0.9137,0,0,0,0
178.962,0.9137,0,0,0,0
178.999,0.9137,0,0,0,0
179.034,0.9137,0,0,0,0
179.061,0.9137,0,0,0,0
179.097,0.9137,0,0,0,0
179.131,0.9137,0,0,0,0
179.165,0.9137,0,0,0,0
179.198,0.9137,0,0,0,0
179.232,0.9137,0,0,0,0
179.265,0.9137,0,0,0,0
179.300,0.9137,0,0,0,0
179.331,0.9137,0,0,0,0
179.367,0.9137,0,0,0,0
179.400,0.9137,0,0,0,0
179.428,0.9137,0,0,0,0
179.464,0.9137,0,0,0,0
179.499,0.9137,0,0,0,0
179.530,0.9137,0,0,0,0
179.565,0.9137,0,0,0,0
179.599,0.9137,0,0,0,0
179.634,0.9137,0,0,0,0
179.663,0.9137,0,0,0,0
179.693,0.9137,0,0,0,0
179.729,0.9137,0,0,0,0
179.765,0.9137,0,0,0,0
179.799,0.9137,0,0,0,0
179.829,0.9137,0,0,0,0
179.866,0.9137,0,0,0,0
179.898,0.9137,0,0,0,0
179.931,0.9137,0,0,0,0
179.966,0.9137,0,0,0,0
180.000,0.9137,0,0,0,0
180.033,0.9137,0,0,0,0
180.066,0.9137,0,0,0,0
180.096,0.9137,0,0,0,0
180.131,0.9137,0,0,0,0
180.166,0.9137,0,0,0,0
180.200,0.9137,0,0,0,0
180.227,0.9137,0,0,0,0
180.264,0.9137,0,0,0,0
180.300,0.9137,0,0,0,0
180.329,0.9137,0,0,0,0
180.365,0.9137,0,0,0,0
180.400,0.9137,0,0,0,0
180.432,0.9137,0,0,0,0
180.467,0.9137,0,0,0,0
180.495,0.9137,0,0,0,0
180.531,0.9137,0,0,0,0
180.562,0.9137,0,0,0,0
180.594,0.9137,0,0,0,0
180.629,0.9137,0,0,0,0
180.665,0.9137,0,0,0,0
180.699,0.9137,0,0,0,0
180.733,0.9137,0,0,0,0
180.766,0.9137,0,0,0,0
180.799,0.9137,0,0,0,0
180.834,0.9137,0,0,0,0
180.862,0.9137,0,0,0,0
180.899,0.9137,0,0,0,0
180.935,0.9137,0,0,0,0
180.965,0.9137,0,0,0,0
181.000,0.9137,0,0,0,0
181.033,0.9137,0,0,0,0
181.062,0.9137,0,0,0,0
181.097,0.9137,0,0,0,0
181.133,0.9137,0,0,0,0
181.163,0.9137,0,0,0,0
181.196,0.9137,0,0,0,0
181.232,0.9137,0,0,0,0
181.266,0.9137,0,0,0,0
181.299,0.9137,0,0,0,0
181.333,0.9137,0,0,0,0
181.367,0.9137,0,0,0,0
181.398,0.9137,0,0,0,0
181.433,0.9137,0,0,0,0
181.465,0.9137,0,0,0,0
181.497,0.9137,0,0,0,0
181.532,0.9137,0,0,0,0
181.565,0.9137,0,0,0,0
181.599,0.9137,0,0,0,0
181.633,0.9137,0,0,0,0
181.661,0.9137,0,0,0,0
181.698,0.9137,0,0,0,0
181.732,0.9137,0,0,0,0
181.766,0.9137,0,0,0,0
181.800,0.9137,0,0,0,0
181.834,0.9137,0,0,0,0
181.862,0.9137,0,0,0,0
181.897,0.9137,0,0,0,0
181.933,0.9137,0,0,0,0
181.961,0.9137,0,0,0,0
181.995,0.9137,0,0,0,0
182.031,0.9137,0,0,0,0
182.066,0.9137,0,0,0,0
182.100,0.9137,0,0,0,0
182.133,0.9137,0,0,0,0
182.166,0.9137,0,0,0,0
182.194,0.9137,0,0,0,0
182.230,0.9137,0,0,0,0
182.266,0.9137,0,0,0,0
182.300,0.9137,0,0,0,0
182.334,0.9137,0,0,0,0
182.366,0.9137,0,0,0,0
182.398,0.9137,0,0,0,0
182.428,0.9137,0,0,0,0
182.463,0.9137,0,0,0,0
182.496,0.9137,0,0,0,0
182.531,0.9137,0,0,0,0
182.566,0.9137,0,0,0,0
182.597,0.9137,0,0,0,0
182.632,0.9137,0,0,0,0
182.664,0.9137,0,0,0,0
182.700,0.9137,0,0,0,0
182.729,0.9137,0,0,0,0
182.765,0.9137,0,0,0,0
182.799,0.9137,0,0,0,0
182.833,0.9137,0,0,0,0
182.866,0.9137,0,0,0,0
182.895,0.9137,0,0,0,0
182.932,0.9137,0,0,0,0
182.961,0.9137,0,0,0,0
182.995,0.9137,0,0,0,0
183.029,0.9137,0,0,0,0
183.065,0.9137,0,0,0,0
183.099,0.9137,0,0,0,0
183.132,0.9137,0,0,0,0
183.161,0.9137,0,0,0,0
183.198,0.9137,0,0,0,0
183.233,0.9137,0,0,0,0
183.267,0.9137,0,0,0,0
183.300,0.9137,0,0,0,0
183.327,0.9137,0,0,0,0
183.363,0.9137,0,0,0,0
183.400,0.9137,0,0,0,0
183.434,0.9137,0,0,0,0
183.461,0.9137,0,0,0,0
183.496,0.9137,0,0,0,0
183.531,0.9137,0,0,0,0
183.567,0.9137,0,0,0,0
183.599,0.9137,0,0,0,0
183.629,0.9137,0,0,0,0
183.663,0.9137,0,0,0,0
183.696,0.9137,0,0,0,0
183.729,0.9137,0,0,0,0
183.762,0.9137,0,0,0,0
183.800,0.9137,0,0,0,0
183.832,0.9137,0,0,0,0
183.861,0.9137,0,0,0,0
183.901,0.9137,0,0,0,0
183.930,0.9137,0,0,0,0
183.964,0.9137,0,0,0,0
183.999,0.9137,0,0,0,0
184.029,0.9137,0,0,0,0
184.066,0.9137,0,0,0,0
184.097,0.9137,0,0,0,0
184.132,0.9137,0,0,0,0
184.163,0.9137,0,0,0,0
184.199,0.9137,0,0,0,0
184.231,0.9137,0,0,0,0
184.261,0.9137,0,0,0,0
184.301,0.9137,0,0,0,0
184.332,0.9137,0,0,0,0
184.363,0.9137,0,0,0,0
184.396,0.9137,0,0,0,0
184.433,0.9137,0,0,0,0
184.464,0.9137,0,0,0,0
184.499,0.9137,0,0,0,0
184.530,0.9137,0,0,0,0
184.560,0.9137,0,0,0,0
184.601,0.9137,0,0,0,0
184.631,0.9137,0,0,0,0
184.666,0.9137,0,0,0,0
184.694,0.9137,0,0,0,0
184.730,0.9137,0,0,0,0
184.761,0.9137,0,0,0,0
184.798,0.9137,0,0,0,0
184.829,0.9137,0,0,0,0
184.863,0.9137,0,0,0,0
184.897,0.9137,0,0,0,0
184.932,0.9137,0,0,0,0
184.966,0.9137,0,0,0,0
185.000,0.9137,0,0,0,0
185.028,0.9137,0,0,0,0
185.065,0.9137,0,0,0,0
185.099,0.9137,0,0,0,0
185.134,0.9137,0,0,0,0
185.160,0.9137,0,0,0,0
185.196,0.9137,0,0,0,0
185.231,0.9137,0,0,0,0
185.265,0.9137,0,0,0,0
185.295,0.9137,0,0,0,0
185.329,0.9137,0,0,0,0
185.362,0.9137,0,0,0,0
185.399,0.9137,0,0,0,0
185.429,0.9137,0,0,0,0
185.463,0.9137,0,0,0,0
185.496,0.9137,0,0,0,0
185.531,0.9137,0,0,0,0
185.561,0.9137,0,0,0,0
185.596,0.9137,0,0,0,0
185.632,0.9137,0,0,0,0
185.661,0.9137,0,0,0,0
185.694,0.9137,0,0,0,0
185.728,0.9137,0,0,0,0
185.761,0.9137,0,0,0,0
185.799,0.9137,0,0,0,0
185.832,0.9137,0,0,0,0
185.866,0.9137,0,0,0,0
185.900,0.9137,0,0,0,0
185.929,0.9137,0,0,0,0
185.966,0.9137,0,0,0,0
186.001,0.9137,0,0,0,0
186.029,0.9137,0,0,0,0
186.065,0.9137,0,0,0,0
186.100,0.9137,0,0,0,0
186.134,0.9137,0,0,0,0
186.162,0.9137,0,0,0,0
186.198,0.9137,0,0,0,0
186.227,0.9137,0,0,0,0
186.261,0.9137,0,0,0,0
186.296,0.9137,0,0,0,0
186.330,0.9137,0,0,0,0
186.366,0.9137,0,0,0,0
186.400,0.9137,0,0,0,0
186.429,0.9137,0,0,0,0
186.464,0.9137,0,0,0,0
186.499,0.9137,0,0,0,0
186.533,0.9137,0,0,0,0
186.565,0.9137,0,0,0,0
186.597,0.9137,0,0,0,0
186.631,0.9137,0,0,0,0
186.662,0.9137,0,0,0,0
186.701,0.9137,0,0,0,0
186.722,0.9137,0,0,0,0
186.765,0.9137,0,0,0,0
186.798,0.9137,0,0,0,0
186.829,0.9137,0,0,0,0
186.863,0.9137,0,0,0,0
186.897,0.9137,0,0,0,0
186.930,0.9137,0,0,0,0
186.966,0.9137,0,0,0,0
186.998,0.9137,0,0,0,0
187.034,0.9137,0,0,0,0
187.065,0.9137,0,0,0,0
187.094,0.9137,0,0,0,0
187.129,0.9137,0,0,0,0
187.166,0.9137,0,0,0,0
187.197,0.9137,0,0,0,0
187.232,0.9137,0,0,0,0
187.265,0.9137,0,0,0,0
187.300,0.9137,0,0,0,0
187.331,0.9137,0,0,0,0
187.362,0.9137,0,0,0,0
187.401,0.9137,0,0,0,0
187.431,0.9137,0,0,0,0
187.462,0.9137,0,0,0,0
187.494,0.9137,0,0,0,0
187.531,0.9137,0,0,0,0
187.562,0.9137,0,0,0,0
187.602,0.9137,0,0,0,0
187.632,0.9137,0,0,0,0
187.663,0.9137,0,0,0,0
187.700,0.9137,0,0,0,0
187.732,0.9137,0,0,0,0
187.766,0.9137,0,0,0,0
187.794,0.9137,0,0,0,0
187.834,0.9137,0,0,0,0
187.864,0.9137,0,0,0,0
187.899,0.9137,0,0,0,0
187.930,0.9137,0,0,0,0
187.961,0.9137,0,0,0,0
188.003,0.9137,0,0,0,0
188.032,0.9137,0,0,0,0
188.062,0.9137,0,0,0,0
188.099,0.9137,0,0,0,0
188.130,0.9137,0,0,0,0
188.161,0.9137,0,0,0,0
188.201,0.9137,0,0,0,0
188.230,0.9137,0,0,0,0
188.263,0.9137,0,0,0,0
188.300,0.9137,0,0,0,0
188.331,0.9137,0,0,0,0
188.362,0.9137,0,0,0,0
188.397,0.9137,0,0,0,0
188.433,0.9137,0,0,0,0
188.464,0.9137,0,0,0,0
188.497,0.9137,0,0,0,0
188.534,0.9137,0,0,0,0
188.565,0.9137,0,0,0,0
188.594,0.9137,0,0,0,0
188.629,0.9137,0,0,0,0
188.667,0.9137,0,0,0,0
188.698,0.9137,0,0,0,0
188.727,0.9137,0,0,0,0
188.762,0.9137,0,0,0,0
188.799,0.9137,0,0,0,0
188.829,0.9137,0,0,0,0
188.865,0.9137,0,0,0,0
188.899,0.9137,0,0,0,0
188.928,0.9137,0,0,0,0
188.962,0.9137,0,0,0,0
188.998,0.9137,0,0,0,0
189.027,0.9137,0,0,0,0
189.066,0.9137,0,0,0,0
189.095,0.9137,0,0,0,0
189.130,0.9137,0,0,0,0
189.164,0.9137,0,0,0,0
189.198,0.9137,0,0,0,0
189.234,0.9137,0,0,0,0
189.262,0.9137,0,0,0,0
189.296,0.9137,0,0,0,0
189.333,0.9137,0,0,0,0
189.364,0.9137,0,0,0,0
189.399,0.9137,0,0,0,0
189.433,0.9137,0,0,0,0
189.467,0.9137,0,0,0,0
189.501,0.9137,0,0,0,0
189.527,0.9137,0,0,0,0
189.564,0.9137,0,0,0,0
189.600,0.9137,0,0,0,0
189.633,0.9137,0,0,0,0
189.661,0.9137,0,0,0,0
189.697,0.9137,0,0,0,0
189.732,0.9137,0,0,0,0
189.766,0.9137,0,0,0,0
189.800,0.9137,0,0,0,0
189.828,0.9137,0,0,0,0
189.865,0.9137,0,0,0,0
189.899,0.9137,0,0,0,0
189.932,0.9137,0,0,0,0
189.968,0.9137,0,0,0,0
189.997,0.9137,0,0,0,0
190.032,0.9137,0,0,0,0
190.066,0.9137,0,0,0,0
190.099,0.9137,0,0,0,0
190.128,0.9137,0,0,0,0
190.164,0.9137,0,0,0,0
190.199,0.9137,0,0,0,0
190.233,0.9137,0,0,0,0
190.267,0.9137,0,0,0,0
190.295,0.9137,0,0,0,0
190.330,0.9137,0,0,0,0
190.360,0.9137,0,0,0,0
190.395,0.9137,0,0,0,0
190.433,0.9137,0,0,0,0
190.462,0.9137,0,0,0,0
190.494,0.9137,0,0,0,0
190.529,0.9137,0,0,0,0
190.568,0.9137,0,0,0,0
190.599,0.9137,0,0,0,0
190.628,0.9137,0,0,0,0
190.669,0.9137,0,0,0,0
190.700,0.9137,0,0,0,0
190.730,0.9137,0,0,0,0
190.959,0.9137,0,0,0,0
191.012,0.9137,0,0,0,0
191.028,0.9137,0,0,0,0
191.063,0.9137,0,0,0,0
191.096,0.9137,0,0,0,0
191.128,0.9137,0,0,0,0
191.163,0.9137,0,0,0,0
191.197,0.9137,0,0,0,0
191.229,0.9137,0,0,0,0
191.260,0.9137,0,0,0,0
191.294,0.9137,0,0,0,0
191.332,0.9137,0,0,0,0
191.363,0.9137,0,0,0,0
191.395,0.9137,0,0,0,0
191.428,0.9137,0,0,0,0
191.460,0.9137,0,0,0,0
191.497,0.9137,0,0,0,0
191.525,0.9137,0,0,0,0
191.566,0.9137,0,0,0,0
191.595,0.9137,0,0,0,0
191.631,0.9137,0,0,0,0
191.665,0.9137,0,0,0,0
191.698,0.9137,0,0,0,0
191.731,0.9137,0,0,0,0
191.765,0.9137,0,0,0,0
191.793,0.9137,0,0,0,0
191.830,0.9137,0,0,0,0
191.871,0.9137,0,0,0,0
191.912,0.9137,0,0,0,0
191.929,0.9137,0,0,0,0
191.968,0.9137,0,0,0,0
192.001,0.9137,0,0,0,0
192.030,0.9137,0,0,0,0
192.071,0.9137,0,0,0,0
192.103,0.9137,0,0,0,0
192.131,0.9137,0,0,0,0
192.165,0.9137,0,0,0,0
192.191,0.9137,0,0,0,0
192.226,0.9137,0,0,0,0
192.260,0.9137,0,0,0,0
192.293,0.9137,0,0,0,0
192.332,0.9137,0,0,0,0
192.365,0.9137,0,0,0,0
192.398,0.9137,0,0,0,0
192.431,0.9137,0,0,0,0
192.466,0.9137,0,0,0,0
192.495,0.9137,0,0,0,0
192.530,0.9137,0,0,0,0
192.567,0.9137,0,0,0,0
192.596,0.9137,0,0,0,0
192.632,0.9137,0,0,0,0
192.661,0.9137,0,0,0,0
192.695,0.9137,0,0,0,0
192.730,0.9137,0,0,0,0
192.764,0.9137,0,0,0,0
192.798,0.9137,0,0,0,0
192.830,0.9137,0,0,0,0
192.864,0.9137,0,0,0,0
192.897,0.9137,0,0,0,0
192.928,0.9137,0,0,0,0
192.960,0.9137,0,0,0,0
192.993,0.9137,0,0,0,0
193.032,0.9137,0,0,0,0
193.065,0.9137,0,0,0,0
193.096,0.9137,0,0,0,0
193.130,0.9137,0,0,0,0
193.164,0.9137,0,0,0,0
193.197,0.9137,0,0,0,0
193.230,0.9137,0,0,0,0
193.263,0.9137,0,0,0,0
193.297,0.9137,0,0,0,0
193.330,0.9137,0,0,0,0
193.363,0.9137,0,0,0,0
193.397,0.9137,0,0,0,0
193.429,0.9137,0,0,0,0
193.460,0.9137,0,0,0,0
193.498,0.9137,0,0,0,0
193.531,0.9137,0,0,0,0
193.564,0.9137,0,0,0,0
193.596,0.9137,0,0,0,0
193.630,0.9137,0,0,0,0
193.663,0.9137,0,0,0,0
193.696,0.9137,0,0,0,0
193.728,0.9137,0,0,0,0
193.760,0.9137,0,0,0,0
193.793,0.9137,0,0,0,0
193.826,0.9137,0,0,0,0
193.861,0.9137,0,0,0,0
193.896,0.9137,0,0,0,0
193.931,0.9137,0,0,0,0
193.965,0.9137,0,0,0,0
193.997,0.9137,0,0,0,0
194.030,0.9137,0,0,0,0
194.062,0.9137,0,0,0,0
194.095,0.9137,0,0,0,0
194.127,0.9137,0,0,0,0
194.166,0.9137,0,0,0,0
194.199,0.9137,0,0,0,0
194.231,0.9137,0,0,0,0
194.264,0.9137,0,0,0,0
194.298,0.9137,0,0,0,0
194.331,0.9137,0,0,0,0
194.365,0.9137,0,0,0,0
194.397,0.9137,0,0,0,0
194.430,0.9137,0,0,0,0
194.464,0.9137,0,0,0,0
194.496,0.9137,0,0,0,0
194.530,0.9137,0,0,0,0
194.564,0.9137,0,0,0,0
194.597,0.9137,0,0,0,0
194.630,0.9137,0,0,0,0
194.662,0.9137,0,0,0,0
194.696,0.9137,0,0,0,0
194.729,0.9137,0,0,0,0
194.762,0.9137,0,0,0,0
194.795,0.9137,0,0,0,0
194.828,0.9137,0,0,0,0
194.861,0.9137,0,0,0,0
194.893,0.9137,0,0,0,0
194.932,0.9137,0,0,0,0
194.965,0.9137,0,0,0,0
194.997,0.9137,0,0,0,0
195.029,0.9137,0,0,0,0
195.061,0.9137,0,0,0,0
195.094,0.9137,0,0,0,0
195.132,0.9137,0,0,0,0
195.165,0.9137,0,0,0,0
195.197,0.9137,0,0,0,0
195.230,0.9137,0,0,0,0
195.263,0.9137,0,0,0,0
195.296,0.9137,0,0,0,0
195.332,0.9137,0,0,0,0
195.361,0.9137,0,0,0,0
195.397,0.9137,0,0,0,0
195.432,0.9137,0,0,0,0
195.466,0.9137,0,0,0,0
195.493,0.9137,0,0,0,0
195.529,0.9137,0,0,0,0
195.565,0.9137,0,0,0,0
195.599,0.9137,0,0,0,0
195.635,0.9137,0,0,0,0
195.660,0.9137,0,0,0,0
195.695,0.9137,0,0,0,0
195.731,0.9137,0,0,0,0
195.765,0.9137,0,0,0,0
195.799,0.9137,0,0,0,0
195.827,0.9137,0,0,0,0
195.862,0.9137,0,0,0,0
195.896,0.9137,0,0,0,0
195.931,0.9137,0,0,0,0
195.963,0.9137,0,0,0,0
195.996,0.9137,0,0,0,0
196.029,0.9137,0,0,0,0
196.063,0.9137,0,0,0,0
196.096,0.9137,0,0,0,0
196.129,0.9137,0,0,0,0
196.164,0.9137,0,0,0,0
196.198,0.9137,0,0,0,0
196.229,0.9137,0,0,0,0
196.263,0.9137,0,0,0,0
196.297,0.9137,0,0,0,0
196.330,0.9137,0,0,0,0
196.362,0.9137,0,0,0,0
196.395,0.9137,0,0,0,0
196.427,0.9137,0,0,0,0
196.465,0.9137,0,0,0,0
196.497,0.9137,0,0,0,0
196.532,0.9137,0,0,0,0
196.560,0.9137,0,0,0,0
196.596,0.9137,0,0,0,0
196.632,0.9137,0,0,0,0
196.666,0.9137,0,0,0,0
196.695,0.9137,0,0,0,0
196.730,0.9137,0,0,0,0
196.765,0.9137,0,0,0,0
196.799,0.9137,0,0,0,0
196.833,0.9137,0,0,0,0
196.861,0.9137,0,0,0,0
196.894,0.9137,0,0,0,0
196.932,0.9137,0,0,0,0
196.965,0.9137,0,0,0,0
196.995,0.9137,0,0,0,0
197.032,0.9137,0,0,0,0
197.062,0.9137,0,0,0,0
197.093,0.9137,0,0,0,0
197.131,0.9137,0,0,0,0
197.162,0.9137,0,0,0,0
197.199,0.9137,0,0,0,0
197.230,0.9137,0,0,0,0
197.260,0.9137,0,0,0,0
197.299,0.9137,0,0,0,0
197.330,0.9137,0,0,0,0
197.363,0.9137,0,0,0,0
197.395,0.9137,0,0,0,0
197.432,0.9137,0,0,0,0
197.464,0.9137,0,0,0,0
197.495,0.9137,0,0,0,0
197.533,0.9137,0,0,0,0
197.565,0.9137,0,0,0,0
197.596,0.9137,0,0,0,0
197.629,0.9137,0,0,0,0
197.660,0.9137,0,0,0,0
197.698,0.9137,0,0,0,0
197.729,0.9137,0,0,0,0
197.766,0.9137,0,0,0,0
197.797,0.9137,0,0,0,0
197.829,0.9137,0,0,0,0
197.860,0.9137,0,0,0,0
197.898,0.9137,0,0,0,0
197.929,0.9137,0,0,0,0
197.966,0.9137,0,0,0,0
197.997,0.9137,0,0,0,0
198.029,0.9137,0,0,0,0
198.066,0.9137,0,0,0,0
198.097,0.9137,0,0,0,0
198.129,0.9137,0,0,0,0
198.160,0.9137,0,0,0,0
198.198,0.9137,0,0,0,0
198.228,0.9137,0,0,0,0
198.266,0.9137,0,0,0,0
198.298,0.9137,0,0,0,0
198.328,0.9137,0,0,0,0
198.366,0.9137,0,0,0,0
198.398,0.9137,0,0,0,0
198.429,0.9137,0,0,0,0
198.460,0.9137,0,0,0,0
198.498,0.9137,0,0,0,0
198.529,0.9137,0,0,0,0
198.561,0.9137,0,0,0,0
198.599,0.9137,0,0,0,0
198.631,0.9137,0,0,0,0
198.662,0.9137,0,0,0,0
198.693,0.9137,0,0,0,0
198.731,0.9137,0,0,0,0
198.762,0.9137,0,0,0,0
198.793,0.9137,0,0,0,0
198.827,0.9137,0,0,0,0
198.864,0.9137,0,0,0,0
198.895,0.9137,0,0,0,0
198.935,0.9137,0,0,0,0
198.964,0.9137,0,0,0,0
198.997,0.9137,0,0,0,0
199.030,0.9137,0,0,0,0
199.062,0.9137,0,0,0,0
199.099,0.9137,0,0,0,0
199.131,0.9137,0,0,0,0
199.163,0.9137,0,0,0,0
199.196,0.9137,0,0,0,0
199.229,0.9137,0,0,0,0
199.261,0.9137,0,0,0,0
199.299,0.9137,0,0,0,0
199.331,0.9137,0,0,0,0
199.363,0.9137,0,0,0,0
199.394,0.9137,0,0,0,0
199.432,0.9137,0,0,0,0
199.463,0.9137,0,0,0,0
199.494,0.9137,0,0,0,0
199.531,0.9137,0,0,0,0
199.561,0.9137,0,0,0,0
199.598,0.9137,0,0,0,0
199.630,0.9137,0,0,0,0
199.660,0.9137,0,0,0,0
199.698,0.9137,0,0,0,0
199.729,0.9137,0,0,0,0
199.761,0.9137,0,0,0,0
199.798,0.9137,0,0,0,0
199.831,0.9137,0,0,0,0
199.865,0.9137,0,0,0,0
199.898,0.9137,0,0,0,0
199.930,0.9137,0,0,0,0
199.962,0.9137,0,0,0,0
199.994,0.9137,0,0,0,0
200.032,0.9137,0,0,0,0
200.063,0.9137,0,0,0,0
200.099,0.9137,0,0,0,0
200.130,0.9137,0,0,0,0
200.160,0.9137,0,0,0,0
200.198,0.9137,0,0,0,0
200.229,0.9137,0,0,0,0
200.265,0.9137,0,0,0,0
200.297,0.9137,0,0,0,0
200.327,0.9137,0,0,0,0
200.365,0.9137,0,0,0,0
200.397,0.9137,0,0,0,0
200.427,0.9137,0,0,0,0
200.466,0.9137,0,0,0,0
200.497,0.9137,0,0,0,0
200.527,0.9137,0,0,0,0
200.565,0.9137,0,0,0,0
200.596,0.9137,0,0,0,0
200.633,0.9137,0,0,0,0
200.665,0.9137,0,0,0,0
200.695,0.9137,0,0,0,0
200.732,0.9137,0,0,0,0
200.763,0.9137,0,0,0,0
200.794,0.9137,0,0,0,0
200.831,0.9137,0,0,0,0
200.862,0.9137,0,0,0,0
200.900,0.9137,0,0,0,0
200.931,0.9137,0,0,0,0
200.962,0.9137,0,0,0,0
200.999,0.9137,0,0,0,0
201.031,0.9137,0,0,0,0
201.062,0.9137,0,0,0,0
201.094,0.9137,0,0,0,0
201.132,0.9137,0,0,0,0
201.162,0.9137,0,0,0,0
201.199,0.9137,0,0,0,0
201.230,0.9137,0,0,0,0
201.260,0.9137,0,0,0,0
201.299,0.9137,0,0,0,0
201.330,0.9137,0,0,0,0
201.361,0.9137,0,0,0,0
201.398,0.9137,0,0,0,0
201.430,0.9137,0,0,0,0
201.460,0.9137,0,0,0,0
201.498,0.9137,0,0,0,0
201.529,0.9137,0,0,0,0
201.561,0.9137,0,0,0,0
201.599,0.9137,0,0,0,0
201.630,0.9137,0,0,0,0
201.660,0.9137,0,0,0,0
201.698,0.9137,0,0,0,0
201.728,0.9137,0,0,0,0
201.766,0.9137,0,0,0,0
201.798,0.9137,0,0,0,0
201.830,0.9137,0,0,0,0
201.862,0.9137,0,0,0,0
201.900,0.9137,0,0,0,0
201.931,0.9137,0,0,0,0
201.961,0.9137,0,0,0,0
201.998,0.9137,0,0,0,0
202.029,0.9137,0,0,0,0
202.062,0.9137,0,0,0,0
202.097,0.9137,0,0,0,0
202.129,0.9137,0,0,0,0
202.166,0.9137,0,0,0,0
202.197,0.9137,0,0,0,0
202.228,0.9137,0,0,0,0
202.265,0.9137,0,0,0,0
202.296,0.9137,0,0,0,0
202.333,0.9137,0,0,0,0
202.365,0.9137,0,0,0,0
202.395,0.9137,0,0,0,0
202.432,0.9137,0,0,0,0
202.465,0.9137,0,0,0,0
202.494,0.9137,0,0,0,0
202.531,0.9137,0,0,0,0
202.563,0.9137,0,0,0,0
202.594,0.9137,0,0,0,0
202.632,0.9137,0,0,0,0
202.663,0.9137,0,0,0,0
202.699,0.9137,0,0,0,0
202.731,0.9137,0,0,0,0
202.762,0.9137,0,0,0,0
202.799,0.9137,0,0,0,0
202.830,0.9137,0,0,0,0
202.861,0.9137,0,0,0,0
202.899,0.9137,0,0,0,0
202.930,0.9137,0,0,0,0
202.960,0.9137,0,0,0,0
202.998,0.9137,0,0,0,0
203.031,0.9137,0,0,0,0
203.061,0.9137,0,0,0,0
203.099,0.9137,0,0,0,0
203.130,0.9137,0,0,0,0
203.160,0.9137,0,0,0,0
203.197,0.9137,0,0,0,0
203.228,0.9137,0,0,0,0
203.260,0.9137,0,0,0,0
203.298,0.9137,0,0,0,0
203.329,0.9137,0,0,0,0
203.366,0.9137,0,0,0,0
203.398,0.9137,0,0,0,0
203.429,0.9137,0,0,0,0
203.466,0.9137,0,0,0,0
203.497,0.9137,0,0,0,0
203.529,0.9137,0,0,0,0
203.560,0.9137,0,0,0,0
203.598,0.9137,0,0,0,0
203.629,0.9137,0,0,0,0
203.666,0.9137,0,0,0,0
203.697,0.9137,0,0,0,0
203.728,0.9137,0,0,0,0
203.765,0.9137,0,0,0,0
203.796,0.9137,0,0,0,0
203.827,0.9137,0,0,0,0
203.865,0.9137,0,0,0,0
203.896,0.9137,0,0,0,0
203.928,0.9137,0,0,0,0
203.965,0.9137,0,0,0,0
203.996,0.9137,0,0,0,0
204.033,0.9137,0,0,0,0
204.065,0.9137,0,0,0,0
204.095,0.9137,0,0,0,0
204.133,0.9137,0,0,0,0
204.165,0.9137,0,0,0,0
204.195,0.9137,0,0,0,0
204.232,0.9137,0,0,0,0
204.263,0.9137,0,0,0,0
204.294,0.9137,0,0,0,0
204.332,0.9137,0,0,0,0
204.364,0.9137,0,0,0,0
204.394,0.9137,0,0,0,0
204.432,0.9137,0,0,0,0
204.463,0.9137,0,0,0,0
204.494,0.9137,0,0,0,0
204.531,0.9137,0,0,0,0
204.563,0.9137,0,0,0,0
204.595,0.9137,0,0,0,0
204.632,0.9137,0,0,0,0
204.663,0.9137,0,0,0,0
204.693,0.9137,0,0,0,0
204.731,0.9137,0,0,0,0
204.762,0.9137,0,0,0,0
204.799,0.9137,0,0,0,0
204.831,0.9137,0,0,0,0
204.862,0.9137,0,0,0,0
204.899,0.9137,0,0,0,0
204.930,0.9137,0,0,0,0
204.961,0.9137,0,0,0,0
204.999,0.9137,0,0,0,0
205.029,0.9137,0,0,0,0
205.061,0.9137,0,0,0,0
205.098,0.9137,0,0,0,0
205.129,0.9137,0,0,0,0
205.166,0.9137,0,0,0,0
205.197,0.9137,0,0,0,0
205.227,0.9137,0,0,0,0
205.260,0.9137,0,0,0,0
205.296,0.9137,0,0,0,0
205.330,0.9137,0,0,0,0
205.365,0.9137,0,0,0,0
205.398,0.9137,0,0,0,0
205.430,0.9137,0,0,0,0
205.463,0.9137,0,0,0,0
205.496,0.9137,0,0,0,0
205.527,0.9137,0,0,0,0
205.565,0.9137,0,0,0,0
205.596,0.9137,0,0,0,0
205.627,0.9137,0,0,0,0
205.665,0.9137,0,0,0,0
205.695,0.9137,0,0,0,0
205.732,0.9137,0,0,0,0
205.763,0.9137,0,0,0,0
205.793,0.9137,0,0,0,0
205.831,0.9137,0,0,0,0
205.862,0.9137,0,0,0,0
205.899,0.9137,0,0,0,0
205.931,0.9137,0,0,0,0
205.961,0.9137,0,0,0,0
205.999,0.9137,0,0,0,0
206.031,0.9137,0,0,0,0
206.063,0.9137,0,0,0,0
206.094,0.9137,0,0,0,0
206.132,0.9137,0,0,0,0
206.164,0.9137,0,0,0,0
206.194,0.9137,0,0,0,0
206.231,0.9137,0,0,0,0
206.263,0.9137,0,0,0,0
206.294,0.9137,0,0,0,0
206.332,0.9137,0,0,0,0
206.363,0.9137,0,0,0,0
206.393,0.9137,0,0,0,0
206.431,0.9137,0,0,0,0
206.463,0.9137,0,0,0,0
206.493,0.9137,0,0,0,0
206.532,0.9137,0,0,0,0
206.563,0.9137,0,0,0,0
206.594,0.9137,0,0,0,0
206.631,0.9137,0,0,0,0
206.662,0.9137,0,0,0,0
206.699,0.9137,0,0,0,0
206.730,0.9137,0,0,0,0
206.761,0.9137,0,0,0,0
206.799,0.9137,0,0,0,0
206.830,0.9137,0,0,0,0
206.861,0.9137,0,0,0,0
206.898,0.9137,0,0,0,0
206.929,0.9137,0,0,0,0
206.960,0.9137,0,0,0,0
206.998,0.9137,0,0,0,0
207.029,0.9137,0,0,0,0
207.061,0.9137,0,0,0,0
207.098,0.9137,0,0,0,0
207.129,0.9137,0,0,0,0
207.166,0.9137,0,0,0,0
207.198,0.9137,0,0,0,0
207.229,0.9137,0,0,0,0
207.261,0.9137,0,0,0,0
207.298,0.9137,0,0,0,0
207.329,0.9137,0,0,0,0
207.365,0.9137,0,0,0,0
207.396,0.9137,0,0,0,0
207.433,0.9137,0,0,0,0
207.465,0.9137,0,0,0,0
207.496,0.9137,0,0,0,0
207.528,0.9137,0,0,0,0
207.565,0.9137,0,0,0,0
207.596,0.9137,0,0,0,0
207.627,0.9137,0,0,0,0
207.665,0.9137,0,0,0,0
207.696,0.9137,0,0,0,0
207.728,0.9137,0,0,0,0
207.765,0.9137,0,0,0,0
207.796,0.9137,0,0,0,0
207.832,0.9137,0,0,0,0
207.864,0.9137,0,0,0,0
207.894,0.9137,0,0,0,0
207.932,0.9137,0,0,0,0
207.965,0.9137,0,0,0,0
207.996,0.9137,0,0,0,0
208.027,0.9137,0,0,0,0
208.065,0.9137,0,0,0,0
208.095,0.9137,0,0,0,0
208.127,0.9137,0,0,0,0
208.165,0.9137,0,0,0,0
208.195,0.9137,0,0,0,0
208.233,0.9137,0,0,0,0
208.264,0.9137,0,0,0,0
208.294,0.9137,0,0,0,0
208.332,0.9137,0,0,0,0
208.363,0.9137,0,0,0,0
208.395,0.9137,0,0,0,0
208.432,0.9137,0,0,0,0
208.464,0.9137,0,0,0,0
208.497,0.9137,0,0,0,0
208.528,0.9137,0,0,0,0
208.565,0.9137,0,0,0,0
208.595,0.9137,0,0,0,0
208.632,0.9137,0,0,0,0
208.663,0.9137,0,0,0,0
208.694,0.9137,0,0,0,0
208.732,0.9137,0,0,0,0
208.764,0.9137,0,0,0,0
208.796,0.9137,0,0,0,0
208.833,0.9137,0,0,0,0
208.865,0.9137,0,0,0,0
208.894,0.9137,0,0,0,0
208.931,0.9137,0,0,0,0
208.963,0.9137,0,0,0,0
208.993,0.9137,0,0,0,0
209.031,0.9137,0,0,0,0
209.063,0.9137,0,0,0,0
209.093,0.9137,0,0,0,0
209.131,0.9137,0,0,0,0
209.163,0.9137,0,0,0,0
209.194,0.9137,0,0,0,0
209.232,0.9137,0,0,0,0
209.263,0.9137,0,0,0,0
209.295,0.9137,0,0,0,0
209.332,0.9137,0,0,0,0
209.362,0.9137,0,0,0,0
209.393,0.9137,0,0,0,0
209.432,0.9137,0,0,0,0
209.463,0.9137,0,0,0,0
209.494,0.9137,0,0,0,0
209.531,0.9137,0,0,0,0
209.562,0.9137,0,0,0,0
209.594,0.9137,0,0,0,0
209.632,0.9137,0,0,0,0
209.663,0.9137,0,0,0,0
209.694,0.9137,0,0,0,0
209.732,0.9137,0,0,0,0
209.762,0.9137,0,0,0,0
209.799,0.9137,0,0,0,0
209.830,0.9137,0,0,0,0
209.862,0.9137,0,0,0,0
209.894,0.9137,0,0,0,0
209.932,0.9137,0,0,0,0
209.963,0.9137,0,0,0,0
209.995,0.9137,0,0,0,0
210.032,0.9137,0,0,0,0
210.063,0.9137,0,0,0,0
210.095,0.9137,0,0,0,0
210.133,0.9137,0,0,0,0
210.165,0.9137,0,0,0,0
210.195,0.9137,0,0,0,0
210.232,0.9137,0,0,0,0
210.263,0.9137,0,0,0,0
210.294,0.9137,0,0,0,0
210.331,0.9137,0,0,0,0
210.363,0.9137,0,0,0,0
210.394,0.9137,0,0,0,0
210.431,0.9137,0,0,0,0
210.462,0.9137,0,0,0,0
210.494,0.9137,0,0,0,0
210.532,0.9137,0,0,0,0
210.563,0.9137,0,0,0,0
210.595,0.9137,0,0,0,0
210.633,0.9137,0,0,0,0
210.664,0.9137,0,0,0,0
210.695,0.9137,0,0,0,0
210.733,0.9137,0,0,0,0
210.764,0.9137,0,0,0,0
210.795,0.9137,0,0,0,0
210.833,0.9137,0,0,0,0
210.865,0.9137,0,0,0,0
210.896,0.9137,0,0,0,0
210.927,0.9137,0,0,0,0
210.964,0.9137,0,0,0,0
210.995,0.9137,0,0,0,0
211.027,0.9137,0,0,0,0
211.065,0.9137,0,0,0,0
211.094,0.9137,0,0,0,0
211.132,0.9137,0,0,0,0
211.163,0.9137,0,0,0,0
211.194,0.9137,0,0,0,0
211.232,0.9137,0,0,0,0
211.265,0.9137,0,0,0,0
211.298,0.9137,0,0,0,0
211.328,0.9137,0,0,0,0
211.366,0.9137,0,0,0,0
211.397,0.9137,0,0,0,0
211.428,0.9137,0,0,0,0
211.465,0.9137,0,0,0,0
211.496,0.9137,0,0,0,0
211.527,0.9137,0,0,0,0
211.565,0.9137,0,0,0,0
211.595,0.9137,0,0,0,0
211.632,0.9137,0,0,0,0
211.664,0.9137,0,0,0,0
211.695,0.9137,0,0,0,0
211.733,0.9137,0,0,0,0
211.766,0.9137,0,0,0,0
211.802,0.9137,0,0,0,0
211.833,0.9137,0,0,0,0
211.865,0.9137,0,0,0,0
211.896,0.9137,0,0,0,0
211.927,0.9137,0,0,0,0
211.965,0.9137,0,0,0,0
211.996,0.9137,0,0,0,0
212.027,0.9137,0,0,0,0
212.064,0.9137,0,0,0,0
212.096,0.9137,0,0,0,0
212.133,0.9137,0,0,0,0
212.165,0.9137,0,0,0,0
212.196,0.9137,0,0,0,0
212.227,0.9137,0,0,0,0
212.265,0.9137,0,0,0,0
212.297,0.9137,0,0,0,0
212.329,0.9137,0,0,0,0
212.366,0.9137,0,0,0,0
212.397,0.9137,0,0,0,0
212.427,0.9137,0,0,0,0
212.465,0.9137,0,0,0,0
212.497,0.9137,0,0,0,0
212.527,0.9137,0,0,0,0
212.565,0.9137,0,0,0,0
212.596,0.9137,0,0,0,0
212.633,0.9137,0,0,0,0
212.664,0.9137,0,0,0,0
212.694,0.9137,0,0,0,0
212.732,0.9137,0,0,0,0
212.764,0.9137,0,0,0,0
212.793,0.9137,0,0,0,0
212.832,0.9137,0,0,0,0
212.863,0.9137,0,0,0,0
212.893,0.9137,0,0,0,0
212.931,0.9137,0,0,0,0
212.962,0.9137,0,0,0,0
212.999,0.9137,0,0,0,0
213.031,0.9137,0,0,0,0
213.061,0.9137,0,0,0,0
213.099,0.9137,0,0,0,0
213.131,0.9137,0,0,0,0
213.162,0.9137,0,0,0,0
213.199,0.9137,0,0,0,0
213.230,0.9137,0,0,0,0
213.261,0.9137,0,0,0,0
213.299,0.9137,0,0,0,0
213.329,0.9137,0,0,0,0
213.360,0.9137,0,0,0,0
213.398,0.9137,0,0,0,0
213.429,0.9137,0,0,0,0
213.460,0.9137,0,0,0,0
213.498,0.9137,0,0,0,0
213.529,0.9137,0,0,0,0
213.560,0.9137,0,0,0,0
213.598,0.9137,0,0,0,0
213.629,0.9137,0,0,0,0
213.660,0.9137,0,0,0,0
213.698,0.9137,0,0,0,0
213.729,0.9137,0,0,0,0
213.765,0.9137,0,0,0,0
213.797,0.9137,0,0,0,0
213.827,0.9137,0,0,0,0
213.866,0.9137,0,0,0,0
213.897,0.9137,0,0,0,0
213.928,0.9137,0,0,0,0
213.966,0.9137,0,0,0,0
213.999,0.9137,0,0,0,0
214.034,0.9137,0,0,0,0
214.065,0.9137,0,0,0,0
214.094,0.9137,0,0,0,0
214.129,0.9137,0,0,0,0
214.163,0.9137,0,0,0,0
214.194,0.9137,0,0,0,0
214.232,0.9137,0,0,0,0
214.264,0.9137,0,0,0,0
214.294,0.9137,0,0,0,0
214.331,0.9137,0,0,0,0
214.361,0.9137,0,0,0,0
214.398,0.9137,0,0,0,0
214.428,0.9137,0,0,0,0
214.465,0.9137,0,0,0,0
214.496,0.9137,0,0,0,0
214.533,0.9137,0,0,0,0
214.565,0.9137,0,0,0,0
214.596,0.9137,0,0,0,0
214.627,0.9137,0,0,0,0
214.662,0.9137,0,0,0,0
214.694,0.9137,0,0,0,0
214.731,0.9137,0,0,0,0
214.762,0.9137,0,0,0,0
214.798,0.9137,0,0,0,0
214.829,0.9137,0,0,0,0
214.866,0.9137,0,0,0,0
214.897,0.9137,0,0,0,0
214.927,0.9137,0,0,0,0
214.965,0.9137,0,0,0,0
214.996,0.9137,0,0,0,0
215.027,0.9137,0,0,0,0
215.065,0.9137,0,0,0,0
215.096,0.9137,0,0,0,0
215.128,0.9137,0,0,0,0
215.165,0.9137,0,0,0,0
215.196,0.9137,0,0,0,0
215.233,0.9137,0,0,0,0
215.264,0.9137,0,0,0,0
215.296,0.9137,0,0,0,0
215.331,0.9137,0,0,0,0
215.366,0.9137,0,0,0,0
215.399,0.9137,0,0,0,0
215.431,0.9137,0,0,0,0
215.463,0.9137,0,0,0,0
215.495,0.9137,0,0,0,0
215.532,0.9137,0,0,0,0
215.565,0.9137,0,0,0,0
215.595,0.9137,0,0,0,0
215.627,0.9137,0,0,0,0
215.665,0.9137,0,0,0,0
215.695,0.9137,0,0,0,0
215.733,0.9137,0,0,0,0
215.765,0.9137,0,0,0,0
215.798,0.9137,0,0,0,0
215.832,0.9137,0,0,0,0
215.865,0.9137,0,0,0,0
215.897,0.9137,0,0,0,0
215.930,0.9137,0,0,0,0
215.962,0.9137,0,0,0,0
215.993,0.9137,0,0,0,0
216.031,0.9137,0,0,0,0
216.063,0.9137,0,0,0,0
216.093,0.9137,0,0,0,0
216.132,0.9137,0,0,0,0
216.163,0.9137,0,0,0,0
216.194,0.9137,0,0,0,0
216.231,0.9137,0,0,0,0
216.265,0.9137,0,0,0,0
216.299,0.9137,0,0,0,0
216.332,0.9137,0,0,0,0
216.364,0.9137,0,0,0,0
216.397,0.9137,0,0,0,0
216.430,0.9137,0,0,0,0
216.461,0.9137,0,0,0,0
216.498,0.9137,0,0,0,0
216.529,0.9137,0,0,0,0
216.560,0.9137,0,0,0,0
216.598,0.9137,0,0,0,0
216.628,0.9137,0,0,0,0
216.666,0.9137,0,0,0,0
216.698,0.9137,0,0,0,0
216.730,0.9137,0,0,0,0
216.761,0.9137,0,0,0,0
216.798,0.9137,0,0,0,0
216.830,0.9137,0,0,0,0
216.860,0.9137,0,0,0,0
216.898,0.9137,0,0,0,0
216.930,0.9137,0,0,0,0
216.961,0.9137,0,0,0,0
216.999,0.9137,0,0,0,0
217.032,0.9137,0,0,0,0
217.064,0.9137,0,0,0,0
217.096,0.9137,0,0,0,0
217.128,0.9137,0,0,0,0
217.160,0.9137,0,0,0,0
217.198,0.9137,0,0,0,0
217.230,0.9137,0,0,0,0
217.262,0.9137,0,0,0,0
217.293,0.9137,0,0,0,0
217.331,0.9137,0,0,0,0
217.362,0.9137,0,0,0,0
217.399,0.9137,0,0,0,0
217.432,0.9137,0,0,0,0
217.463,0.9137,0,0,0,0
217.494,0.9137,0,0,0,0
217.531,0.9137,0,0,0,0
217.563,0.9137,0,0,0,0
217.598,0.9137,0,0,0,0
217.630,0.9137,0,0,0,0
217.662,0.9137,0,0,0,0
217.699,0.9137,0,0,0,0
217.732,0.9137,0,0,0,0
217.764,0.9137,0,0,0,0
217.794,0.9137,0,0,0,0
217.832,0.9137,0,0,0,0
217.864,0.9137,0,0,0,0
217.894,0.9137,0,0,0,0
217.932,0.9137,0,0,0,0
217.965,0.9137,0,0,0,0
217.996,0.9137,0,0,0,0
218.028,0.9137,0,0,0,0
218.066,0.9137,0,0,0,0
218.096,0.9137,0,0,0,0
218.128,0.9137,0,0,0,0
218.160,0.9137,0,0,0,0
218.198,0.9137,0,0,0,0
218.229,0.9137,0,0,0,0
218.260,0.9137,0,0,0,0
218.297,0.9137,0,0,0,0
218.329,0.9137,0,0,0,0
218.366,0.9137,0,0,0,0
218.398,0.9137,0,0,0,0
218.428,0.9137,0,0,0,0
218.466,0.9137,0,0,0,0
218.498,0.9137,0,0,0,0
218.530,0.9137,0,0,0,0
218.562,0.9137,0,0,0,0
218.600,0.9137,0,0,0,0
218.632,0.9137,0,0,0,0
218.664,0.9137,0,0,0,0
218.694,0.9137,0,0,0,0
218.732,0.9137,0,0,0,0
218.763,0.9137,0,0,0,0
218.793,0.9137,0,0,0,0
218.831,0.9137,0,0,0,0
218.863,0.9137,0,0,0,0
218.895,0.9137,0,0,0,0
218.932,0.9137,0,0,0,0
218.965,0.9137,0,0,0,0
218.994,0.9137,0,0,0,0
219.032,0.9137,0,0,0,0
219.063,0.9137,0,0,0,0
219.094,0.9137,0,0,0,0
219.132,0.9137,0,0,0,0
219.165,0.9137,0,0,0,0
219.195,0.9137,0,0,0,0
219.227,0.9137,0,0,0,0
219.265,0.9137,0,0,0,0
219.296,0.9137,0,0,0,0
219.328,0.9137,0,0,0,0
219.366,0.9137,0,0,0,0
219.397,0.9137,0,0,0,0
219.428,0.9137,0,0,0,0
219.466,0.9137,0,0,0,0
219.498,0.9137,0,0,0,0
219.528,0.9137,0,0,0,0
219.566,0.9137,0,0,0,0
219.598,0.9137,0,0,0,0
219.629,0.9137,0,0,0,0
219.661,0.9137,0,0,0,0
219.699,0.9137,0,0,0,0
219.731,0.9137,0,0,0,0
219.761,0.9137,0,0,0,0
219.798,0.9137,0,0,0,0
219.830,0.9137,0,0,0,0
219.861,0.9137,0,0,0,0
219.899,0.9137,0,0,0,0
219.931,0.9137,0,0,0,0
219.962,0.9137,0,0,0,0
219.999,0.9137,0,0,0,0
220.031,0.9137,0,0,0,0
220.062,0.9137,0,0,0,0
220.093,0.9137,0,0,0,0
220.132,0.9137,0,0,0,0
220.163,0.9137,0,0,0,0
220.194,0.9137,0,0,0,0
220.232,0.9137,0,0,0,0
220.263,0.9137,0,0,0,0
220.294,0.9137,0,0,0,0
220.331,0.9137,0,0,0,0
220.363,0.9137,0,0,0,0
220.394,0.9137,0,0,0,0
220.433,0.9137,0,0,0,0
220.465,0.9137,0,0,0,0
220.497,0.9137,0,0,0,0
220.530,0.9137,0,0,0,0
220.565,0.9137,0,0,0,0
220.597,0.9137,0,0,0,0
220.628,0.9137,0,0,0,0
220.660,0.9137,0,0,0,0
220.699,0.9137,0,0,0,0
220.731,0.9137,0,0,0,0
220.764,0.9137,0,0,0,0
220.799,0.9137,0,0,0,0
220.829,0.9137,0,0,0,0
220.863,0.9137,0,0,0,0
220.894,0.9137,0,0,0,0
220.935,0.9137,0,0,0,0
220.964,0.9137,0,0,0,0
220.994,0.9137,0,0,0,0
221.033,0.9137,0,0,0,0
221.061,0.9137,0,0,0,0
221.099,0.9137,0,0,0,0
221.133,0.9137,0,0,0,0
221.162,0.9137,0,0,0,0
221.198,0.9137,0,0,0,0
221.234,0.9137,0,0,0,0
221.265,0.9137,0,0,0,0
221.298,0.9137,0,0,0,0
221.329,0.9137,0,0,0,0
221.365,0.9137,0,0,0,0
221.396,0.9137,0,0,0,0
221.432,0.9137,0,0,0,0
221.464,0.9137,0,0,0,0
221.497,0.9137,0,0,0,0
221.532,0.9137,0,0,0,0
221.561,0.9137,0,0,0,0
221.598,0.9137,0,0,0,0
221.630,0.9137,0,0,0,0
221.661,0.9137,0,0,0,0
221.698,0.9137,0,0,0,0
221.730,0.9137,0,0,0,0
221.762,0.9137,0,0,0,0
221.800,0.9137,0,0,0,0
221.832,0.9137,0,0,0,0
221.863,0.9137,0,0,0,0
221.893,0.9137,0,0,0,0
221.932,0.9137,0,0,0,0
221.964,0.9137,0,0,0,0
221.995,0.9137,0,0,0,0
222.033,0.9137,0,0,0,0
222.065,0.9137,0,0,0,0
222.096,0.9137,0,0,0,0
222.129,0.9137,0,0,0,0
222.160,0.9137,0,0,0,0
222.198,0.9137,0,0,0,0
222.231,0.9137,0,0,0,0
222.261,0.9137,0,0,0,0
222.299,0.9137,0,0,0,0
222.330,0.9137,0,0,0,0
222.361,0.9137,0,0,0,0
222.399,0.9137,0,0,0,0
222.430,0.9137,0,0,0,0
222.461,0.9137,0,0,0,0
222.499,0.9137,0,0,0,0
222.531,0.9137,0,0,0,0
222.563,0.9137,0,0,0,0
222.595,0.9137,0,0,0,0
222.627,0.9137,0,0,0,0
222.665,0.9137,0,0,0,0
222.695,0.9137,0,0,0,0
222.733,0.9137,0,0,0,0
222.765,0.9137,0,0,0,0
222.796,0.9137,0,0,0,0
222.828,0.9137,0,0,0,0
222.865,0.9137,0,0,0,0
222.896,0.9137,0,0,0,0
222.927,0.9137,0,0,0,0
222.966,0.9137,0,0,0,0
222.997,0.9137,0,0,0,0
223.028,0.9137,0,0,0,0
223.066,0.9137,0,0,0,0
223.098,0.9137,0,0,0,0
223.128,0.9137,0,0,0,0
223.160,0.9137,0,0,0,0
223.198,0.9137,0,0,0,0
223.228,0.9137,0,0,0,0
223.265,0.9137,0,0,0,0
223.298,0.9137,0,0,0,0
223.330,0.9137,0,0,0,0
223.361,0.9137,0,0,0,0
223.399,0.9137,0,0,0,0
223.431,0.9137,0,0,0,0
223.462,0.9137,0,0,0,0
223.498,0.9137,0,0,0,0
223.532,0.9137,0,0,0,0
223.565,0.9137,0,0,0,0
223.595,0.9137,0,0,0,0
223.633,0.9137,0,0,0,0
223.664,0.9137,0,0,0,0
223.694,0.9137,0,0,0,0
223.732,0.9137,0,0,0,0
223.763,0.9137,0,0,0,0
223.793,0.9137,0,0,0,0
223.832,0.9137,0,0,0,0
223.864,0.9137,0,0,0,0
223.895,0.9137,0,0,0,0
223.933,0.9137,0,0,0,0
223.965,0.9137,0,0,0,0
223.995,0.9137,0,0,0,0
224.032,0.9137,0,0,0,0
224.064,0.9137,0,0,0,0
224.096,0.9137,0,0,0,0
224.128,0.9137,0,0,0,0
224.165,0.9137,0,0,0,0
224.196,0.9137,0,0,0,0
224.227,0.9137,0,0,0,0
224.266,0.9137,0,0,0,0
224.298,0.9137,0,0,0,0
224.329,0.9137,0,0,0,0
224.360,0.9137,0,0,0,0
224.398,0.9137,0,0,0,0
224.429,0.9137,0,0,0,0
224.460,0.9137,0,0,0,0
224.498,0.9137,0,0,0,0
224.530,0.9137,0,0,0,0
224.561,0.9137,0,0,0,0
224.599,0.9137,0,0,0,0
224.630,0.9137,0,0,0,0
224.661,0.9137,0,0,0,0
224.699,0.9137,0,0,0,0
224.731,0.9137,0,0,0,0
224.763,0.9137,0,0,0,0
224.794,0.9137,0,0,0,0
224.832,0.9137,0,0,0,0
224.861,0.9137,0,0,0,0
224.898,0.9137,0,0,0,0
224.929,0.9137,0,0,0,0
224.960,0.9137,0,0,0,0
224.999,0.9138,0,0,0,0
225.028,0.9138,0,0,0,0
225.064,0.9138,0,0,0,0
225.095,0.9138,0,0,0,0
225.132,0.9138,0,0,0,0
225.164,0.9138,0,0,0,0
225.195,0.9138,0,0,0,0
225.232,0.9138,0,0,0,0
225.265,0.9138,0,0,0,0
225.298,0.9138,0,0,0,0
225.330,0.9138,0,0,0,0
225.360,0.9138,0,0,0,0
225.398,0.9138,0,0,0,0
225.428,0.9138,0,0,0,0
225.465,0.9138,0,0,0,0
225.496,0.9138,0,0,0,0
225.528,0.9138,0,0,0,0
225.562,0.9138,0,0,0,0
225.599,0.9138,0,0,0,0
225.631,0.9138,0,0,0,0
225.663,0.9138,0,0,0,0
225.693,0.9138,0,0,0,0
225.732,0.9138,0,0,0,0
225.763,0.9138,0,0,0,0
225.795,0.9138,0,0,0,0
225.828,0.9138,0,0,0,0
225.862,0.9138,0,0,0,0
225.896,0.9138,0,0,0,0
225.928,0.9138,0,0,0,0
225.966,0.9138,0,0,0,0
225.998,0.9138,0,0,0,0
226.028,0.9138,0,0,0,0
226.066,0.9138,0,0,0,0
226.098,0.9138,0,0,0,0
226.129,0.9138,0,0,0,0
226.161,0.9138,0,0,0,0
226.194,0.9138,0,0,0,0
226.226,0.9138,0,0,0,0
226.264,0.9138,0,0,0,0
226.295,0.9138,0,0,0,0
226.329,0.9138,0,0,0,0
226.366,0.9138,0,0,0,0
226.394,0.9138,0,0,0,0
226.427,0.9138,0,0,0,0
226.463,0.9138,0,0,0,0
226.496,0.9138,0,0,0,0
226.526,0.9138,0,0,0,0
226.563,0.9138,0,0,0,0
226.596,0.9138,0,0,0,0
226.632,0.9138,0,0,0,0
226.661,0.9138,0,0,0,0
226.697,0.9138,0,0,0,0
226.732,0.9138,0,0,0,0
226.761,0.9138,0,0,0,0
226.800,0.9138,0,0,0,0
226.830,0.9138,0,0,0,0
226.860,0.9138,0,0,0,0
226.898,0.9138,0,0,0,0
226.927,0.9138,0,0,0,0
226.966,0.9138,0,0,0,0
226.996,0.9138,0,0,0,0
227.033,0.9138,0,0,0,0
227.063,0.9138,0,0,0,0
227.098,0.9138,0,0,0,0
227.129,0.9138,0,0,0,0
227.162,0.9138,0,0,0,0
227.195,0.9138,0,0,0,0
227.234,0.9138,0,0,0,0
227.263,0.9138,0,0,0,0
227.298,0.9138,0,0,0,0
227.333,0.9138,0,0,0,0
227.361,0.9138,0,0,0,0
227.397,0.9138,0,0,0,0
227.427,0.9138,0,0,0,0
227.465,0.9138,0,0,0,0
227.497,0.9138,0,0,0,0
227.530,0.9138,0,0,0,0
227.562,0.9138,0,0,0,0
227.599,0.9138,0,0,0,0
227.631,0.9138,0,0,0,0
227.665,0.9138,0,0,0,0
227.697,0.9138,0,0,0,0
227.729,0.9138,0,0,0,0
227.761,0.9138,0,0,0,0
227.799,0.9138,0,0,0,0
227.830,0.9138,0,0,0,0
227.862,0.9138,0,0,0,0
227.894,0.9138,0,0,0,0
227.932,0.9138,0,0,0,0
227.964,0.9138,0,0,0,0
227.995,0.9138,0,0,0,0
228.032,0.9138,0,0,0,0
228.064,0.9138,0,0,0,0
228.095,0.9138,0,0,0,0
228.127,0.9138,0,0,0,0
228.164,0.9138,0,0,0,0
228.196,0.9138,0,0,0,0
228.227,0.9138,0,0,0,0
228.265,0.9138,0,0,0,0
228.296,0.9138,0,0,0,0
228.327,0.9138,0,0,0,0
228.366,0.9138,0,0,0,0
228.397,0.9138,0,0,0,0
228.427,0.9138,0,0,0,0
228.466,0.9138,0,0,0,0
228.496,0.9138,0,0,0,0
228.528,0.9138,0,0,0,0
228.566,0.9138,0,0,0,0
228.598,0.9138,0,0,0,0
228.628,0.9138,0,0,0,0
228.667,0.9138,0,0,0,0
228.698,0.9138,0,0,0,0
228.729,0.9138,0,0,0,0
228.760,0.9138,0,0,0,0
228.798,0.9138,0,0,0,0
228.830,0.9138,0,0,0,0
228.862,0.9138,0,0,0,0
228.894,0.9138,0,0,0,0
228.932,0.9138,0,0,0,0
228.963,0.9138,0,0,0,0
228.994,0.9138,0,0,0,0
229.033,0.9138,0,0,0,0
229.065,0.9138,0,0,0,0
229.096,0.9138,0,0,0,0
229.127,0.9138,0,0,0,0
229.163,0.9138,0,0,0,0
229.194,0.9138,0,0,0,0
229.228,0.9138,0,0,0,0
229.262,0.9138,0,0,0,0
229.300,0.9138,0,0,0,0
229.331,0.9138,0,0,0,0
229.361,0.9138,0,0,0,0
229.396,0.9138,0,0,0,0
229.430,0.9138,0,0,0,0
229.461,0.9138,0,0,0,0
229.497,0.9138,0,0,0,0
229.532,0.9138,0,0,0,0
229.560,0.9138,0,0,0,0
229.600,0.9138,0,0,0,0
229.628,0.9138,0,0,0,0
229.665,0.9138,0,0,0,0
229.697,0.9138,0,0,0,0
229.728,0.9138,0,0,0,0
229.766,0.9138,0,0,0,0
229.795,0.9138,0,0,0,0
229.832,0.9138,0,0,0,0
229.863,0.9138,0,0,0,0
229.895,0.9138,0,0,0,0
229.928,0.9138,0,0,0,0
229.962,0.9138,0,0,0,0
229.999,0.9138,0,0,0,0
230.032,0.9138,0,0,0,0
230.062,0.9138,0,0,0,0
230.099,0.9138,0,0,0,0
230.130,0.9138,0,0,0,0
230.162,0.9138,0,0,0,0
230.193,0.9138,0,0,0,0
230.232,0.9138,0,0,0,0
230.263,0.9138,0,0,0,0
230.295,0.9138,0,0,0,0
230.327,0.9138,0,0,0,0
230.365,0.9138,0,0,0,0
230.396,0.9138,0,0,0,0
230.427,0.9138,0,0,0,0
230.465,0.9138,0,0,0,0
230.496,0.9138,0,0,0,0
230.528,0.9138,0,0,0,0
230.566,0.9138,0,0,0,0
230.597,0.9138,0,0,0,0
230.628,0.9138,0,0,0,0
230.665,0.9138,0,0,0,0
230.698,0.9138,0,0,0,0
230.731,0.9138,0,0,0,0
230.763,0.9138,0,0,0,0
230.795,0.9138,0,0,0,0
230.827,0.9138,0,0,0,0
230.865,0.9138,0,0,0,0
230.894,0.9138,0,0,0,0
230.932,0.9138,0,0,0,0
230.964,0.9138,0,0,0,0
230.995,0.9138,0,0,0,0
231.027,0.9138,0,0,0,0
231.065,0.9138,0,0,0,0
231.096,0.9138,0,0,0,0
231.127,0.9138,0,0,0,0
231.165,0.9138,0,0,0,0
231.197,0.9138,0,0,0,0
231.228,0.9138,0,0,0,0
231.266,0.9138,0,0,0,0
231.297,0.9138,0,0,0,0
231.327,0.9138,0,0,0,0
231.365,0.9138,0,0,0,0
231.395,0.9138,0,0,0,0
231.427,0.9138,0,0,0,0
231.466,0.9138,0,0,0,0
231.498,0.9138,0,0,0,0
231.529,0.9138,0,0,0,0
231.566,0.9138,0,0,0,0
231.598,0.9138,0,0,0,0
231.629,0.9138,0,0,0,0
231.660,0.9138,0,0,0,0
231.699,0.9138,0,0,0,0
231.731,0.9138,0,0,0,0
231.762,0.9138,0,0,0,0
231.799,0.9138,0,0,0,0
231.831,0.9138,0,0,0,0
231.861,0.9138,0,0,0,0
231.898,0.9138,0,0,0,0
231.929,0.9138,0,0,0,0
231.962,0.9138,0,0,0,0
231.999,0.9138,0,0,0,0
232.031,0.9138,0,0,0,0
232.062,0.9138,0,0,0,0
232.099,0.9138,0,0,0,0
232.131,0.9138,0,0,0,0
232.162,0.9138,0,0,0,0
232.194,0.9138,0,0,0,0
232.232,0.9138,0,0,0,0
232.264,0.9138,0,0,0,0
232.295,0.9138,0,0,0,0
232.327,0.9138,0,0,0,0
232.365,0.9138,0,0,0,0
232.396,0.9138,0,0,0,0
232.427,0.9138,0,0,0,0
232.465,0.9138,0,0,0,0
232.496,0.9138,0,0,0,0
232.528,0.9138,0,0,0,0
232.561,0.9138,0,0,0,0
232.593,0.9138,0,0,0,0
232.630,0.9138,0,0,0,0
232.666,0.9138,0,0,0,0
232.696,0.9138,0,0,0,0
232.732,0.9138,0,0,0,0
232.764,0.9138,0,0,0,0
232.796,0.9138,0,0,0,0
232.828,0.9138,0,0,0,0
232.860,0.9138,0,0,0,0
232.898,0.9138,0,0,0,0
232.929,0.9138,0,0,0,0
232.960,0.9138,0,0,0,0
232.998,0.9138,0,0,0,0
233.030,0.9138,0,0,0,0
233.061,0.9138,0,0,0,0
233.099,0.9138,0,0,0,0
233.131,0.9138,0,0,0,0
233.161,0.9138,0,0,0,0
233.199,0.9138,0,0,0,0
233.230,0.9138,0,0,0,0
233.261,0.9138,0,0,0,0
233.299,0.9138,0,0,0,0
233.332,0.9138,0,0,0,0
233.363,0.9138,0,0,0,0
233.394,0.9138,0,0,0,0
233.432,0.9138,0,0,0,0
233.463,0.9138,0,0,0,0
233.493,0.9138,0,0,0,0
233.531,0.9138,0,0,0,0
233.565,0.9138,0,0,0,0
233.596,0.9138,0,0,0,0
233.628,0.9138,0,0,0,0
233.666,0.9138,0,0,0,0
233.698,0.9138,0,0,0,0
233.728,0.9138,0,0,0,0
233.765,0.9138,0,0,0,0
233.796,0.9138,0,0,0,0
233.828,0.9138,0,0,0,0
233.866,0.9138,0,0,0,0
233.897,0.9138,0,0,0,0
233.928,0.9138,0,0,0,0
233.965,0.9138,0,0,0,0
233.997,0.9138,0,0,0,0
234.028,0.9138,0,0,0,0
234.066,0.9138,0,0,0,0
234.098,0.9138,0,0,0,0
234.129,0.9138,0,0,0,0
234.160,0.9138,0,0,0,0
234.198,0.9138,0,0,0,0
234.230,0.9138,0,0,0,0
234.261,0.9138,0,0,0,0
234.299,0.9138,0,0,0,0
234.330,0.9138,0,0,0,0
234.362,0.9138,0,0,0,0
234.399,0.9138,0,0,0,0
234.431,0.9138,0,0,0,0
234.462,0.9138,0,0,0,0
234.499,0.9138,0,0,0,0
234.530,0.9138,0,0,0,0
234.561,0.9138,0,0,0,0
234.599,0.9138,0,0,0,0
234.631,0.9138,0,0,0,0
234.661,0.9138,0,0,0,0
234.699,0.9138,0,0,0,0
234.732,0.9138,0,0,0,0
234.764,0.9138,0,0,0,0
234.794,0.9138,0,0,0,0
234.832,0.9138,0,0,0,0
234.865,0.9138,0,0,0,0
234.895,0.9138,0,0,0,0
234.932,0.9138,0,0,0,0
234.963,0.9138,0,0,0,0
234.994,0.9138,0,0,0,0
235.031,0.9138,0,0,0,0
235.062,0.9138,0,0,0,0
235.093,0.9138,0,0,0,0
235.132,0.9138,0,0,0,0
235.163,0.9138,0,0,0,0
235.193,0.9138,0,0,0,0
235.231,0.9138,0,0,0,0
235.262,0.9138,0,0,0,0
235.294,0.9138,0,0,0,0
235.327,0.9138,0,0,0,0
235.366,0.9138,0,0,0,0
235.399,0.9138,0,0,0,0
235.431,0.9138,0,0,0,0
235.464,0.9138,0,0,0,0
235.497,0.9138,0,0,0,0
235.529,0.9138,0,0,0,0
235.561,0.9138,0,0,0,0
235.595,0.9138,0,0,0,0
235.623,0.9138,0,0,0,0
235.661,0.9138,0,0,0,0
235.698,0.9138,0,0,0,0
235.729,0.9138,0,0,0,0
235.766,0.9138,0,0,0,0
235.798,0.9138,0,0,0,0
235.828,0.9138,0,0,0,0
235.860,0.9138,0,0,0,0
235.898,0.9138,0,0,0,0
235.930,0.9138,0,0,0,0
235.962,0.9138,0,0,0,0
235.999,0.9138,0,0,0,0
236.032,0.9138,0,0,0,0
236.063,0.9138,0,0,0,0
236.095,0.9138,0,0,0,0
236.127,0.9138,0,0,0,0
236.165,0.9138,0,0,0,0
236.195,0.9138,0,0,0,0
236.233,0.9138,0,0,0,0
236.265,0.9138,0,0,0,0
236.296,0.9138,0,0,0,0
236.328,0.9138,0,0,0,0
236.366,0.9138,0,0,0,0
236.397,0.9138,0,0,0,0
236.427,0.9138,0,0,0,0
236.466,0.9138,0,0,0,0
236.498,0.9138,0,0,0,0
236.529,0.9138,0,0,0,0
236.561,0.9138,0,0,0,0
236.598,0.9138,0,0,0,0
236.629,0.9138,0,0,0,0
236.666,0.9138,0,0,0,0
236.698,0.9138,0,0,0,0
236.730,0.9138,0,0,0,0
236.761,0.9138,0,0,0,0
236.798,0.9138,0,0,0,0
236.829,0.9138,0,0,0,0
236.860,0.9138,0,0,0,0
236.899,0.9138,0,0,0,0
236.931,0.9138,0,0,0,0
236.962,0.9138,0,0,0,0
236.994,0.9138,0,0,0,0
237.032,0.9138,0,0,0,0
237.064,0.9138,0,0,0,0
237.095,0.9138,0,0,0,0
237.132,0.9138,0,0,0,0
237.164,0.9138,0,0,0,0
237.194,0.9138,0,0,0,0
237.232,0.9138,0,0,0,0
237.265,0.9138,0,0,0,0
237.296,0.9138,0,0,0,0
237.327,0.9138,0,0,0,0
237.365,0.9138,0,0,0,0
237.397,0.9138,0,0,0,0
237.428,0.9138,0,0,0,0
237.466,0.9138,0,0,0,0
237.498,0.9138,0,0,0,0
237.529,0.9138,0,0,0,0
237.560,0.9138,0,0,0,0
237.597,0.9138,0,0,0,0
237.629,0.9138,0,0,0,0
237.662,0.9138,0,0,0,0
237.693,0.9138,0,0,0,0
237.731,0.9138,0,0,0,0
237.762,0.9138,0,0,0,0
237.799,0.9138,0,0,0,0
237.830,0.9138,0,0,0,0
237.861,0.9138,0,0,0,0
237.899,0.9138,0,0,0,0
237.931,0.9138,0,0,0,0
237.962,0.9138,0,0,0,0
237.999,0.9138,0,0,0,0
238.031,0.9138,0,0,0,0
238.062,0.9138,0,0,0,0
238.093,0.9138,0,0,0,0
238.131,0.9138,0,0,0,0
238.163,0.9138,0,0,0,0
238.194,0.9138,0,0,0,0
238.232,0.9138,0,0,0,0
238.264,0.9138,0,0,0,0
238.294,0.9138,0,0,0,0
238.332,0.9138,0,0,0,0
238.363,0.9138,0,0,0,0
238.393,0.9138,0,0,0,0
238.433,0.9138,0,0,0,0
238.465,0.9138,0,0,0,0
238.496,0.9138,0,0,0,0
238.527,0.9138,0,0,0,0
238.564,0.9138,0,0,0,0
238.595,0.9138,0,0,0,0
238.628,0.9138,0,0,0,0
238.666,0.9138,0,0,0,0
238.695,0.9138,0,0,0,0
238.731,0.9138,0,0,0,0
238.763,0.9138,0,0,0,0
238.799,0.9138,0,0,0,0
238.830,0.9138,0,0,0,0
238.860,0.9138,0,0,0,0
238.897,0.9138,0,0,0,0
238.929,0.9138,0,0,0,0
238.961,0.9138,0,0,0,0
238.999,0.9138,0,0,0,0
239.030,0.9138,0,0,0,0
239.061,0.9138,0,0,0,0
239.098,0.9138,0,0,0,0
239.129,0.9138,0,0,0,0
239.162,0.9138,0,0,0,0
239.193,0.9138,0,0,0,0
239.232,0.9138,0,0,0,0
239.263,0.9138,0,0,0,0
239.294,0.9138,0,0,0,0
239.332,0.9138,0,0,0,0
239.365,0.9138,0,0,0,0
239.395,0.9138,0,0,0,0
239.427,0.9138,0,0,0,0
239.465,0.9138,0,0,0,0
239.495,0.9138,0,0,0,0
239.533,0.9138,0,0,0,0
239.565,0.9138,0,0,0,0
239.596,0.9138,0,0,0,0
239.627,0.9138,0,0,0,0
239.666,0.9138,0,0,0,0
239.696,0.9138,0,0,0,0
239.728,0.9138,0,0,0,0
239.760,0.9138,0,0,0,0
239.798,0.9138,0,0,0,0
239.830,0.9138,0,0,0,0
239.861,0.9138,0,0,0,0
239.899,0.9138,0,0,0,0
239.930,0.9138,0,0,0,0
239.962,0.9138,0,0,0,0
239.999,0.9138,0,0,0,0
240.032,0.9138,0,0,0,0
240.062,0.9138,0,0,0,0
240.094,0.9138,0,0,0,0
240.132,0.9138,0,0,0,0
240.164,0.9138,0,0,0,0
240.195,0.9138,0,0,0,0
240.233,0.9138,0,0,0,0
240.264,0.9138,0,0,0,0
240.295,0.9138,0,0,0,0
240.333,0.9138,0,0,0,0
240.365,0.9138,0,0,0,0
240.395,0.9138,0,0,0,0
240.427,0.9138,0,0,0,0
240.465,0.9138,0,0,0,0
240.496,0.9138,0,0,0,0
240.527,0.9138,0,0,0,0
240.565,0.9138,0,0,0,0
240.596,0.9138,0,0,0,0
240.627,0.9138,0,0,0,0
240.665,0.9138,0,0,0,0
240.698,0.9138,0,0,0,0
240.729,0.9138,0,0,0,0
240.766,0.9138,0,0,0,0
240.798,0.9138,0,0,0,0
240.829,0.9138,0,0,0,0
240.860,0.9138,0,0,0,0
240.897,0.9138,0,0,0,0
240.929,0.9138,0,0,0,0
240.960,0.9138,0,0,0,0
240.998,0.9138,0,0,0,0
241.030,0.9138,0,0,0,0
241.061,0.9138,0,0,0,0
241.098,0.9138,0,0,0,0
241.130,0.9138,0,0,0,0
241.161,0.9138,0,0,0,0
241.198,0.9138,0,0,0,0
241.230,0.9138,0,0,0,0
241.261,0.9138,0,0,0,0
241.299,0.9138,0,0,0,0
241.330,0.9138,0,0,0,0
241.361,0.9138,0,0,0,0
241.399,0.9138,0,0,0,0
241.431,0.9138,0,0,0,0
241.462,0.9138,0,0,0,0
241.499,0.9138,0,0,0,0
241.531,0.9138,0,0,0,0
241.561,0.9138,0,0,0,0
241.599,0.9138,0,0,0,0
241.632,0.9138,0,0,0,0
241.662,0.9138,0,0,0,0
241.694,0.9138,0,0,0,0
241.732,0.9138,0,0,0,0
241.764,0.9138,0,0,0,0
241.796,0.9138,0,0,0,0
241.832,0.9138,0,0,0,0
241.864,0.9138,0,0,0,0
241.895,0.9138,0,0,0,0
241.927,0.9138,0,0,0,0
241.965,0.9138,0,0,0,0
241.997,0.9138,0,0,0,0
242.028,0.9138,0,0,0,0
242.066,0.9138,0,0,0,0
242.098,0.9138,0,0,0,0
242.130,0.9138,0,0,0,0
242.162,0.9138,0,0,0,0
242.199,0.9138,0,0,0,0
242.230,0.9138,0,0,0,0
242.261,0.9138,0,0,0,0
242.299,0.9138,0,0,0,0
242.331,0.9138,0,0,0,0
242.361,0.9138,0,0,0,0
242.399,0.9138,0,0,0,0
242.430,0.9138,0,0,0,0
242.460,0.9138,0,0,0,0
242.499,0.9138,0,0,0,0
242.531,0.9138,0,0,0,0
242.562,0.9138,0,0,0,0
242.600,0.9138,0,0,0,0
242.632,0.9138,0,0,0,0
242.663,0.9138,0,0,0,0
242.694,0.9138,0,0,0,0
242.732,0.9138,0,0,0,0
242.765,0.9138,0,0,0,0
242.796,0.9138,0,0,0,0
242.827,0.9138,0,0,0,0
242.865,0.9138,0,0,0,0
242.896,0.9138,0,0,0,0
242.927,0.9138,0,0,0,0
242.965,0.9138,0,0,0,0
242.996,0.9138,0,0,0,0
243.027,0.9138,0,0,0,0
243.065,0.9138,0,0,0,0
243.096,0.9138,0,0,0,0
243.127,0.9138,0,0,0,0
243.165,0.9138,0,0,0,0
243.196,0.9138,0,0,0,0
243.227,0.9138,0,0,0,0
243.265,0.9138,0,0,0,0
243.296,0.9138,0,0,0,0
243.327,0.9138,0,0,0,0
243.365,0.9138,0,0,0,0
243.396,0.9138,0,0,0,0
243.428,0.9138,0,0,0,0
243.461,0.9138,0,0,0,0
243.498,0.9138,0,0,0,0
243.529,0.9138,0,0,0,0
243.566,0.9138,0,0,0,0
243.598,0.9138,0,0,0,0
243.628,0.9138,0,0,0,0
243.660,0.9138,0,0,0,0
243.698,0.9138,0,0,0,0
243.730,0.9138,0,0,0,0
243.761,0.9138,0,0,0,0
243.798,0.9138,0,0,0,0
243.829,0.9138,0,0,0,0
243.860,0.9138,0,0,0,0
243.898,0.9138,0,0,0,0
243.929,0.9138,0,0,0,0
243.961,0.9138,0,0,0,0
243.999,0.9138,0,0,0,0
244.030,0.9138,0,0,0,0
244.061,0.9138,0,0,0,0
244.100,0.9138,0,0,0,0
244.131,0.9138,0,0,0,0
244.162,0.9138,0,0,0,0
244.200,0.9138,0,0,0,0
244.231,0.9138,0,0,0,0
244.261,0.9138,0,0,0,0
244.299,0.9138,0,0,0,0
244.333,0.9138,0,0,0,0
244.361,0.9138,0,0,0,0
244.395,0.9138,0,0,0,0
244.431,0.9138,0,0,0,0
244.466,0.9138,0,0,0,0
244.498,0.9138,0,0,0,0
244.530,0.9138,0,0,0,0
244.562,0.9138,0,0,0,0
244.594,0.9138,0,0,0,0
244.632,0.9138,0,0,0,0
244.664,0.9138,0,0,0,0
244.694,0.9138,0,0,0,0
244.731,0.9138,0,0,0,0
244.763,0.9138,0,0,0,0
244.800,0.9138,0,0,0,0
244.832,0.9138,0,0,0,0
244.866,0.9138,0,0,0,0
244.894,0.9138,0,0,0,0
244.927,0.9138,0,0,0,0
244.964,0.9138,0,0,0,0
244.994,0.9138,0,0,0,0
245.031,0.9138,0,0,0,0
245.064,0.9138,0,0,0,0
245.095,0.9138,0,0,0,0
245.133,0.9138,0,0,0,0
245.165,0.9138,0,0,0,0
245.197,0.9138,0,0,0,0
245.228,0.9138,0,0,0,0
245.266,0.9138,0,0,0,0
245.300,0.9138,0,0,0,0
245.329,0.9138,0,0,0,0
245.363,0.9138,0,0,0,0
245.397,0.9138,0,0,0,0
245.429,0.9138,0,0,0,0
245.461,0.9138,0,0,0,0
245.498,0.9138,0,0,0,0
245.530,0.9138,0,0,0,0
245.561,0.9138,0,0,0,0
245.599,0.9138,0,0,0,0
245.630,0.9138,0,0,0,0
245.661,0.9138,0,0,0,0
245.699,0.9138,0,0,0,0
245.730,0.9138,0,0,0,0
245.760,0.9138,0,0,0,0
245.798,0.9138,0,0,0,0
245.831,0.9138,0,0,0,0
245.862,0.9138,0,0,0,0
245.900,0.9138,0,0,0,0
245.931,0.9138,0,0,0,0
245.964,0.9138,0,0,0,0
245.995,0.9138,0,0,0,0
246.033,0.9138,0,0,0,0
246.065,0.9138,0,0,0,0
246.095,0.9138,0,0,0,0
246.127,0.9138,0,0,0,0
246.165,0.9138,0,0,0,0
246.196,0.9138,0,0,0,0
246.227,0.9138,0,0,0,0
246.266,0.9138,0,0,0,0
246.298,0.9138,0,0,0,0
246.328,0.9138,0,0,0,0
246.366,0.9138,0,0,0,0
246.398,0.9138,0,0,0,0
246.428,0.9138,0,0,0,0
246.460,0.9138,0,0,0,0
246.498,0.9138,0,0,0,0
246.529,0.9138,0,0,0,0
246.566,0.9138,0,0,0,0
246.598,0.9138,0,0,0,0
246.629,0.9138,0,0,0,0
246.660,0.9138,0,0,0,0
246.698,0.9138,0,0,0,0
246.729,0.9138,0,0,0,0
246.762,0.9138,0,0,0,0
246.799,0.9138,0,0,0,0
246.831,0.9138,0,0,0,0
246.862,0.9138,0,0,0,0
246.899,0.9138,0,0,0,0
246.930,0.9138,0,0,0,0
246.962,0.9138,0,0,0,0
247.000,0.9138,0,0,0,0
247.031,0.9138,0,0,0,0
247.062,0.9138,0,0,0,0
247.099,0.9138,0,0,0,0
247.132,0.9138,0,0,0,0
247.163,0.9138,0,0,0,0
247.194,0.9138,0,0,0,0
247.232,0.9138,0,0,0,0
247.264,0.9138,0,0,0,0
247.295,0.9138,0,0,0,0
247.332,0.9138,0,0,0,0
247.364,0.9138,0,0,0,0
247.395,0.9138,0,0,0,0
247.427,0.9138,0,0,0,0
247.465,0.9138,0,0,0,0
247.496,0.9138,0,0,0,0
247.528,0.9138,0,0,0,0
247.560,0.9138,0,0,0,0
247.599,0.9138,0,0,0,0
247.631,0.9138,0,0,0,0
247.662,0.9138,0,0,0,0
247.699,0.9138,0,0,0,0
247.730,0.9138,0,0,0,0
247.760,0.9138,0,0,0,0
247.798,0.9138,0,0,0,0
247.830,0.9138,0,0,0,0
247.861,0.9138,0,0,0,0
247.899,0.9138,0,0,0,0
247.930,0.9138,0,0,0,0
247.961,0.9138,0,0,0,0
247.994,0.9138,0,0,0,0
248.030,0.9138,0,0,0,0
248.063,0.9138,0,0,0,0
248.099,0.9138,0,0,0,0
248.131,0.9138,0,0,0,0
248.163,0.9138,0,0,0,0
248.195,0.9138,0,0,0,0
248.227,0.9138,0,0,0,0
248.265,0.9138,0,0,0,0
248.297,0.9138,0,0,0,0
248.330,0.9138,0,0,0,0
248.361,0.9138,0,0,0,0
248.399,0.9138,0,0,0,0
248.430,0.9138,0,0,0,0
248.461,0.9138,0,0,0,0
248.499,0.9138,0,0,0,0
248.530,0.9138,0,0,0,0
248.560,0.9138,0,0,0,0
248.598,0.9138,0,0,0,0
248.630,0.9138,0,0,0,0
248.661,0.9138,0,0,0,0
248.699,0.9138,0,0,0,0
248.732,0.9138,0,0,0,0
248.763,0.9138,0,0,0,0
248.800,0.9138,0,0,0,0
248.831,0.9138,0,0,0,0
248.862,0.9138,0,0,0,0
248.900,0.9138,0,0,0,0
248.931,0.9138,0,0,0,0
248.962,0.9138,0,0,0,0
248.994,0.9138,0,0,0,0
249.032,0.9138,0,0,0,0
249.063,0.9138,0,0,0,0
249.094,0.9138,0,0,0,0
249.132,0.9138,0,0,0,0
249.163,0.9138,0,0,0,0
249.194,0.9138,0,0,0,0
249.232,0.9138,0,0,0,0
249.265,0.9138,0,0,0,0
249.295,0.9138,0,0,0,0
249.333,0.9138,0,0,0,0
249.365,0.9138,0,0,0,0
249.397,0.9138,0,0,0,0
249.430,0.9138,0,0,0,0
249.462,0.9138,0,0,0,0
249.493,0.9138,0,0,0,0
249.532,0.9138,0,0,0,0
249.563,0.9138,0,0,0,0
249.595,0.9138,0,0,0,0
249.627,0.9138,0,0,0,0
249.665,0.9138,0,0,0,0
249.696,0.9138,0,0,0,0
249.727,0.9138,0,0,0,0
249.765,0.9138,0,0,0,0
249.797,0.9138,0,0,0,0
249.828,0.9138,0,0,0,0
249.866,0.9138,0,0,0,0
249.897,0.9138,0,0,0,0
249.929,0.9138,0,0,0,0
249.960,0.9138,0,0,0,0
249.998,0.9138,0,0,0,0
250.031,0.9138,0,0,0,0
250.063,0.9138,0,0,0,0
250.094,0.9138,0,0,0,0
250.133,0.9138,0,0,0,0
250.165,0.9138,0,0,0,0
250.194,0.9138,0,0,0,0
250.232,0.9138,0,0,0,0
250.263,0.9138,0,0,0,0
250.295,0.9138,0,0,0,0
250.327,0.9138,0,0,0,0
250.365,0.9138,0,0,0,0
250.396,0.9138,0,0,0,0
250.427,0.9138,0,0,0,0
250.466,0.9138,0,0,0,0
250.498,0.9138,0,0,0,0
250.529,0.9138,0,0,0,0
250.562,0.9138,0,0,0,0
250.594,0.9138,0,0,0,0
250.632,0.9138,0,0,0,0
250.664,0.9138,0,0,0,0
250.695,0.9138,0,0,0,0
250.727,0.9138,0,0,0,0
250.765,0.9138,0,0,0,0
250.797,0.9138,0,0,0,0
250.830,0.9138,0,0,0,0
250.861,0.9138,0,0,0,0
250.899,0.9138,0,0,0,0
250.931,0.9138,0,0,0,0
250.961,0.9138,0,0,0,0
250.999,0.9138,0,0,0,0
251.031,0.9138,0,0,0,0
251.062,0.9138,0,0,0,0
251.099,0.9138,0,0,0,0
251.132,0.9138,0,0,0,0
251.160,0.9138,0,0,0,0
251.195,0.9138,0,0,0,0
251.232,0.9138,0,0,0,0
251.265,0.9138,0,0,0,0
251.294,0.9138,0,0,0,0
251.327,0.9138,0,0,0,0
251.365,0.9138,0,0,0,0
251.396,0.9138,0,0,0,0
251.429,0.9138,0,0,0,0
251.461,0.9138,0,0,0,0
251.499,0.9138,0,0,0,0
251.532,0.9138,0,0,0,0
251.563,0.9138,0,0,0,0
251.599,0.9138,0,0,0,0
251.630,0.9138,0,0,0,0
251.661,0.9138,0,0,0,0
251.698,0.9138,0,0,0,0
251.731,0.9138,0,0,0,0
251.765,0.9138,0,0,0,0
251.798,0.9138,0,0,0,0
251.831,0.9138,0,0,0,0
251.865,0.9138,0,0,0,0
251.899,0.9138,0,0,0,0
251.931,0.9138,0,0,0,0
251.963,0.9138,0,0,0,0
251.997,0.9138,0,0,0,0
252.028,0.9138,0,0,0,0
252.066,0.9138,0,0,0,0
252.098,0.9138,0,0,0,0
252.128,0.9138,0,0,0,0
252.166,0.9138,0,0,0,0
252.198,0.9138,0,0,0,0
252.228,0.9138,0,0,0,0
252.266,0.9138,0,0,0,0
252.297,0.9138,0,0,0,0
252.328,0.9138,0,0,0,0
252.360,0.9138,0,0,0,0
252.399,0.9138,0,0,0,0
252.431,0.9138,0,0,0,0
252.462,0.9138,0,0,0,0
252.494,0.9138,0,0,0,0
252.532,0.9138,0,0,0,0
252.564,0.9138,0,0,0,0
252.594,0.9138,0,0,0,0
252.632,0.9138,0,0,0,0
252.664,0.9138,0,0,0,0
252.695,0.9138,0,0,0,0
252.732,0.9138,0,0,0,0
252.763,0.9138,0,0,0,0
252.794,0.9138,0,0,0,0
252.831,0.9138,0,0,0,0
252.863,0.9138,0,0,0,0
252.894,0.9138,0,0,0,0
252.933,0.9138,0,0,0,0
252.964,0.9138,0,0,0,0
252.994,0.9138,0,0,0,0
253.032,0.9138,0,0,0,0
253.064,0.9138,0,0,0,0
253.096,0.9138,0,0,0,0
253.128,0.9138,0,0,0,0
253.166,0.9138,0,0,0,0
253.197,0.9138,0,0,0,0
253.228,0.9138,0,0,0,0
253.266,0.9138,0,0,0,0
253.299,0.9138,0,0,0,0
253.330,0.9138,0,0,0,0
253.361,0.9138,0,0,0,0
253.398,0.9138,0,0,0,0
253.429,0.9138,0,0,0,0
253.461,0.9138,0,0,0,0
253.498,0.9138,0,0,0,0
253.529,0.9138,0,0,0,0
253.560,0.9138,0,0,0,0
253.599,0.9138,0,0,0,0
253.630,0.9138,0,0,0,0
253.662,0.9138,0,0,0,0
253.699,0.9138,0,0,0,0
253.731,0.9138,0,0,0,0
253.761,0.9138,0,0,0,0
253.799,0.9138,0,0,0,0
253.831,0.9138,0,0,0,0
253.863,0.9138,0,0,0,0
253.894,0.9138,0,0,0,0
253.931,0.9138,0,0,0,0
253.963,0.9138,0,0,0,0
253.994,0.9138,0,0,0,0
254.032,0.9138,0,0,0,0
254.063,0.9138,0,0,0,0
254.094,0.9138,0,0,0,0
254.131,0.9138,0,0,0,0
254.162,0.9138,0,0,0,0
254.193,0.9138,0,0,0,0
254.231,0.9138,0,0,0,0
254.263,0.9138,0,0,0,0
254.296,0.9138,0,0,0,0
254.329,0.9138,0,0,0,0
254.365,0.9138,0,0,0,0
254.395,0.9138,0,0,0,0
254.433,0.9138,0,0,0,0
254.465,0.9138,0,0,0,0
254.497,0.9138,0,0,0,0
254.529,0.9138,0,0,0,0
254.561,0.9138,0,0,0,0
254.600,0.9138,0,0,0,0
254.632,0.9138,0,0,0,0
254.663,0.9138,0,0,0,0
254.694,0.9138,0,0,0,0
254.733,0.9138,0,0,0,0
254.765,0.9138,0,0,0,0
254.798,0.9138,0,0,0,0
254.832,0.9138,0,0,0,0
254.865,0.9138,0,0,0,0
254.896,0.9138,0,0,0,0
254.927,0.9138,0,0,0,0
254.965,0.9138,0,0,0,0
254.996,0.9138,0,0,0,0
255.028,0.9138,0,0,0,0
255.066,0.9138,0,0,0,0
255.099,0.9138,0,0,0,0
255.129,0.9138,0,0,0,0
255.166,0.9138,0,0,0,0
255.197,0.9138,0,0,0,0
255.227,0.9138,0,0,0,0
255.265,0.9138,0,0,0,0
255.296,0.9138,0,0,0,0
255.332,0.9138,0,0,0,0
255.365,0.9138,0,0,0,0
255.398,0.9138,0,0,0,0
255.431,0.9138,0,0,0,0
255.464,0.9138,0,0,0,0
255.495,0.9138,0,0,0,0
255.533,0.9138,0,0,0,0
255.565,0.9138,0,0,0,0
255.597,0.9138,0,0,0,0
255.630,0.9138,0,0,0,0
255.662,0.9138,0,0,0,0
255.694,0.9138,0,0,0,0
255.733,0.9138,0,0,0,0
255.766,0.9138,0,0,0,0
255.798,0.9138,0,0,0,0
255.830,0.9138,0,0,0,0
255.867,0.9138,0,0,0,0
255.900,0.9138,0,0,0,0
255.932,0.9138,0,0,0,0
255.960,0.9138,0,0,0,0
255.995,0.9138,0,0,0,0
256.031,0.9138,0,0,0,0
256.063,0.9138,0,0,0,0
256.100,0.9138,0,0,0,0
256.127,0.9138,0,0,0,0
256.166,0.9138,0,0,0,0
256.196,0.9138,0,0,0,0
256.233,0.9138,0,0,0,0
256.263,0.9138,0,0,0,0
256.294,0.9138,0,0,0,0
256.330,0.9138,0,0,0,0
256.366,0.9138,0,0,0,0
256.395,0.9138,0,0,0,0
256.431,0.9138,0,0,0,0
256.465,0.9138,0,0,0,0
256.497,0.9138,0,0,0,0
256.532,0.9138,0,0,0,0
256.565,0.9138,0,0,0,0
256.595,0.9138,0,0,0,0
256.630,0.9138,0,0,0,0
256.663,0.9138,0,0,0,0
256.694,0.9138,0,0,0,0
256.732,0.9138,0,0,0,0
256.765,0.9138,0,0,0,0
256.798,0.9138,0,0,0,0
256.829,0.9138,0,0,0,0
256.861,0.9138,0,0,0,0
256.899,0.9138,0,0,0,0
256.928,0.9138,0,0,0,0
256.965,0.9138,0,0,0,0
256.997,0.9138,0,0,0,0
257.027,0.9138,0,0,0,0
257.066,0.9138,0,0,0,0
257.098,0.9138,0,0,0,0
257.128,0.9138,0,0,0,0
257.166,0.9138,0,0,0,0
257.198,0.9138,0,0,0,0
257.229,0.9138,0,0,0,0
257.266,0.9138,0,0,0,0
257.299,0.9138,0,0,0,0
257.330,0.9138,0,0,0,0
257.362,0.9138,0,0,0,0
257.399,0.9138,0,0,0,0
257.431,0.9138,0,0,0,0
257.462,0.9138,0,0,0,0
257.499,0.9138,0,0,0,0
257.529,0.9138,0,0,0,0
257.562,0.9138,0,0,0,0
257.595,0.9138,0,0,0,0
257.632,0.9138,0,0,0,0
257.664,0.9138,0,0,0,0
257.695,0.9138,0,0,0,0
257.727,0.9138,0,0,0,0
257.766,0.9138,0,0,0,0
257.798,0.9138,0,0,0,0
257.830,0.9138,0,0,0,0
257.863,0.9138,0,0,0,0
257.899,0.9138,0,0,0,0
257.928,0.9138,0,0,0,0
257.961,0.9138,0,0,0,0
257.995,0.9138,0,0,0,0
258.033,0.9138,0,0,0,0
258.065,0.9138,0,0,0,0
258.098,0.9138,0,0,0,0
258.132,0.9138,0,0,0,0
258.163,0.9138,0,0,0,0
258.197,0.9138,0,0,0,0
258.233,0.9138,0,0,0,0
258.264,0.9138,0,0,0,0
258.294,0.9138,0,0,0,0
258.333,0.9138,0,0,0,0
258.362,0.9138,0,0,0,0
258.398,0.9138,0,0,0,0
258.432,0.9138,0,0,0,0
258.461,0.9138,0,0,0,0
258.499,0.9138,0,0,0,0
258.528,0.9138,0,0,0,0
258.565,0.9138,0,0,0,0
258.595,0.9138,0,0,0,0
258.627,0.9138,0,0,0,0
258.666,0.9138,0,0,0,0
258.696,0.9138,0,0,0,0
258.732,0.9138,0,0,0,0
258.764,0.9138,0,0,0,0
258.797,0.9138,0,0,0,0
258.831,0.9138,0,0,0,0
258.863,0.9138,0,0,0,0
258.893,0.9138,0,0,0,0
258.931,0.9138,0,0,0,0
258.963,0.9138,0,0,0,0
258.995,0.9138,0,0,0,0
259.033,0.9138,0,0,0,0
259.065,0.9138,0,0,0,0
259.095,0.9138,0,0,0,0
259.127,0.9138,0,0,0,0
259.161,0.9138,0,0,0,0
259.196,0.9138,0,0,0,0
259.228,0.9138,0,0,0,0
259.268,0.9138,0,0,0,0
259.294,0.9138,0,0,0,0
259.318,0.9138,0,0,0,0
259.360,0.9138,0,0,0,0
259.384,0.9138,0,0,0,0
259.430,0.9138,0,0,0,0
259.462,0.9138,0,0,0,0
259.501,0.9138,0,0,0,0
259.531,0.9138,0,0,0,0
259.565,0.9138,0,0,0,0
259.597,0.9138,0,0,0,0
259.630,0.9138,0,0,0,0
259.665,0.9138,0,0,0,0
259.696,0.9138,0,0,0,0
259.728,0.9138,0,0,0,0
259.766,0.9138,0,0,0,0
259.798,0.9138,0,0,0,0
259.830,0.9138,0,0,0,0
259.861,0.9138,0,0,0,0
259.896,0.9138,0,0,0,0
259.930,0.9138,0,0,0,0
259.962,0.9138,0,0,0,0
259.994,0.9138,0,0,0,0
260.034,0.9138,0,0,0,0
260.367,0.9138,0,0,0,0
260.410,0.9138,0,0,0,0
260.439,0.9138,0,0,0,0
260.472,0.9138,0,0,0,0
260.506,0.9138,0,0,0,0
260.541,0.9138,0,0,0,0
260.573,0.9138,0,0,0,0
260.607,0.9138,0,0,0,0
260.640,0.9138,0,0,0,0
260.673,0.9138,0,0,0,0
260.705,0.9138,0,0,0,0
260.739,0.9138,0,0,0,0
260.773,0.9138,0,0,0,0
260.806,0.9138,0,0,0,0
260.841,0.9138,0,0,0,0
260.875,0.9138,0,0,0,0
260.905,0.9138,0,0,0,0
260.939,0.9138,0,0,0,0
260.972,0.9138,0,0,0,0
261.003,0.9138,0,0,0,0
261.042,0.9138,0,0,0,0
261.073,0.9138,0,0,0,0
261.109,0.9138,0,0,0,0
261.137,0.9138,0,0,0,0
261.170,0.9138,0,0,0,0
261.207,0.9138,0,0,0,0
261.238,0.9138,0,0,0,0
261.275,0.9138,0,0,0,0
261.305,0.9138,0,0,0,0
261.341,0.9138,0,0,0,0
261.372,0.9138,0,0,0,0
261.404,0.9138,0,0,0,0
261.436,0.9138,0,0,0,0
261.470,0.9138,0,0,0,0
261.503,0.9138,0,0,0,0
261.537,0.9138,0,0,0,0
261.571,0.9138,0,0,0,0
261.603,0.9138,0,0,0,0
261.641,0.9138,0,0,0,0
261.674,0.9138,0,0,0,0
261.705,0.9138,0,0,0,0
261.736,0.9138,0,0,0,0
261.773,0.9138,0,0,0,0
261.805,0.9138,0,0,0,0
261.836,0.9138,0,0,0,0
261.872,0.9138,0,0,0,0
261.904,0.9138,0,0,0,0
261.942,0.9138,0,0,0,0
261.973,0.9138,0,0,0,0
262.003,0.9138,0,0,0,0
262.040,0.9138,0,0,0,0
262.072,0.9138,0,0,0,0
262.103,0.9138,0,0,0,0
262.140,0.9138,0,0,0,0
262.173,0.9138,0,0,0,0
262.205,0.9138,0,0,0,0
262.237,0.9138,0,0,0,0
262.276,0.9138,0,0,0,0
262.308,0.9138,0,0,0,0
262.339,0.9138,0,0,0,0
262.371,0.9138,0,0,0,0
262.403,0.9138,0,0,0,0
262.442,0.9138,0,0,0,0
262.475,0.9138,0,0,0,0
262.506,0.9138,0,0,0,0
262.538,0.9138,0,0,0,0
262.575,0.9138,0,0,0,0
262.607,0.9138,0,0,0,0
262.638,0.9138,0,0,0,0
262.670,0.9138,0,0,0,0
262.707,0.9138,0,0,0,0
262.739,0.9138,0,0,0,0
262.770,0.9138,0,0,0,0
262.807,0.9138,0,0,0,0
262.839,0.9138,0,0,0,0
262.870,0.9138,0,0,0,0
262.907,0.9138,0,0,0,0
262.938,0.9138,0,0,0,0
262.969,0.9138,0,0,0,0
263.006,0.9138,0,0,0,0
263.038,0.9138,0,0,0,0
263.070,0.9138,0,0,0,0
263.108,0.9138,0,0,0,0
263.139,0.9138,0,0,0,0
263.170,0.9138,0,0,0,0
263.207,0.9138,0,0,0,0
263.238,0.9138,0,0,0,0
263.269,0.9138,0,0,0,0
263.307,0.9138,0,0,0,0
263.339,0.9138,0,0,0,0
263.371,0.9138,0,0,0,0
263.408,0.9138,0,0,0,0
263.441,0.9138,0,0,0,0
263.472,0.9138,0,0,0,0
263.504,0.9138,0,0,0,0
263.541,0.9138,0,0,0,0
263.574,0.9138,0,0,0,0
263.606,0.9138,0,0,0,0
263.638,0.9138,0,0,0,0
263.669,0.9138,0,0,0,0
263.708,0.9138,0,0,0,0
263.740,0.9138,0,0,0,0
263.771,0.9138,0,0,0,0
263.808,0.9138,0,0,0,0
263.841,0.9138,0,0,0,0
263.873,0.9138,0,0,0,0
263.905,0.9138,0,0,0,0
263.941,0.9138,0,0,0,0
263.973,0.9138,0,0,0,0
264.007,0.9138,0,0,0,0
264.041,0.9138,0,0,0,0
264.075,0.9138,0,0,0,0
264.108,0.9138,0,0,0,0
264.142,0.9138,0,0,0,0
264.175,0.9138,0,0,0,0
264.206,0.9138,0,0,0,0
264.239,0.9138,0,0,0,0
264.272,0.9138,0,0,0,0
264.303,0.9138,0,0,0,0
264.342,0.9138,0,0,0,0
264.373,0.9138,0,0,0,0
264.405,0.9138,0,0,0,0
264.436,0.9138,0,0,0,0
264.475,0.9138,0,0,0,0
264.507,0.9138,0,0,0,0
264.539,0.9138,0,0,0,0
264.570,0.9138,0,0,0,0
264.608,0.9138,0,0,0,0
264.640,0.9138,0,0,0,0
264.671,0.9138,0,0,0,0
264.708,0.9138,0,0,0,0
264.739,0.9138,0,0,0,0
264.771,0.9138,0,0,0,0
264.808,0.9138,0,0,0,0
264.841,0.9138,0,0,0,0
264.873,0.9138,0,0,0,0
264.905,0.9138,0,0,0,0
264.936,0.9138,0,0,0,0
264.973,0.9138,0,0,0,0
265.006,0.9138,0,0,0,0
265.038,0.9138,0,0,0,0
265.072,0.9138,0,0,0,0
265.106,0.9138,0,0,0,0
265.140,0.9138,0,0,0,0
265.173,0.9138,0,0,0,0
265.205,0.9138,0,0,0,0
265.236,0.9138,0,0,0,0
265.276,0.9138,0,0,0,0
265.303,0.9138,0,0,0,0
265.342,0.9138,0,0,0,0
265.372,0.9138,0,0,0,0
265.408,0.9138,0,0,0,0
265.439,0.9138,0,0,0,0
265.470,0.9138,0,0,0,0
265.507,0.9138,0,0,0,0
265.539,0.9138,0,0,0,0
265.572,0.9138,0,0,0,0
265.609,0.9138,0,0,0,0
265.641,0.9138,0,0,0,0
265.673,0.9138,0,0,0,0
265.706,0.9138,0,0,0,0
265.737,0.9138,0,0,0,0
265.775,0.9138,0,0,0,0
265.808,0.9138,0,0,0,0
265.840,0.9138,0,0,0,0
265.873,0.9138,0,0,0,0
265.905,0.9138,0,0,0,0
265.938,0.9138,0,0,0,0
265.970,0.9138,0,0,0,0
266.003,0.9138,0,0,0,0
266.036,0.9138,0,0,0,0
266.075,0.9138,0,0,0,0
266.108,0.9138,0,0,0,0
266.140,0.9138,0,0,0,0
266.172,0.9138,0,0,0,0
266.203,0.9138,0,0,0,0
266.242,0.9138,0,0,0,0
266.273,0.9138,0,0,0,0
266.305,0.9138,0,0,0,0
266.336,0.9138,0,0,0,0
266.373,0.9138,0,0,0,0
266.406,0.9138,0,0,0,0
266.437,0.9138,0,0,0,0
266.469,0.9138,0,0,0,0
266.508,0.9138,0,0,0,0
266.540,0.9138,0,0,0,0
266.573,0.9138,0,0,0,0
266.604,0.9138,0,0,0,0
266.641,0.9138,0,0,0,0
266.673,0.9138,0,0,0,0
266.705,0.9138,0,0,0,0
266.742,0.9138,0,0,0,0
266.774,0.9138,0,0,0,0
266.805,0.9138,0,0,0,0
266.841,0.9138,0,0,0,0
266.873,0.9138,0,0,0,0
266.905,0.9138,0,0,0,0
266.937,0.9138,0,0,0,0
266.975,0.9138,0,0,0,0
267.006,0.9138,0,0,0,0
267.038,0.9138,0,0,0,0
267.075,0.9138,0,0,0,0
267.108,0.9138,0,0,0,0
267.140,0.9138,0,0,0,0
267.172,0.9138,0,0,0,0
267.204,0.9138,0,0,0,0
267.242,0.9138,0,0,0,0
267.275,0.9138,0,0,0,0
267.307,0.9138,0,0,0,0
267.335,0.9138,0,0,0,0
267.374,0.9138,0,0,0,0
267.406,0.9138,0,0,0,0
267.439,0.9138,0,0,0,0
267.472,0.9138,0,0,0,0
267.504,0.9138,0,0,0,0
267.537,0.9138,0,0,0,0
267.570,0.9138,0,0,0,0
267.609,0.9138,0,0,0,0
267.637,0.9138,0,0,0,0
267.675,0.9138,0,0,0,0
267.709,0.9138,0,0,0,0
267.741,0.9138,0,0,0,0
267.774,0.9138,0,0,0,0
267.807,0.9138,0,0,0,0
267.841,0.9138,0,0,0,0
267.875,0.9138,0,0,0,0
267.909,0.9138,0,0,0,0
267.942,0.9138,0,0,0,0
267.970,0.9138,0,0,0,0
268.003,0.9138,0,0,0,0
268.036,0.9138,0,0,0,0
268.070,0.9138,0,0,0,0
268.104,0.9138,0,0,0,0
268.137,0.9138,0,0,0,0
268.176,0.9138,0,0,0,0
268.208,0.9138,0,0,0,0
268.237,0.9138,0,0,0,0
268.270,0.9138,0,0,0,0
268.303,0.9138,0,0,0,0
268.337,0.9138,0,0,0,0
268.371,0.9138,0,0,0,0
268.405,0.9138,0,0,0,0
268.438,0.9138,0,0,0,0
268.471,0.9138,0,0,0,0
268.504,0.9138,0,0,0,0
268.537,0.9138,0,0,0,0
268.571,0.9138,0,0,0,0
268.604,0.9138,0,0,0,0
268.638,0.9138,0,0,0,0
268.671,0.9138,0,0,0,0
268.704,0.9138,0,0,0,0
268.736,0.9138,0,0,0,0
268.775,0.9138,0,0,0,0
268.804,0.9138,0,0,0,0
268.837,0.9138,0,0,0,0
268.876,0.9138,0,0,0,0
268.908,0.9138,0,0,0,0
268.942,0.9138,0,0,0,0
268.975,0.9138,0,0,0,0
269.008,0.9138,0,0,0,0
269.037,0.9138,0,0,0,0
269.071,0.9138,0,0,0,0
269.105,0.9138,0,0,0,0
269.139,0.9138,0,0,0,0
269.172,0.9138,0,0,0,0
269.205,0.9138,0,0,0,0
269.238,0.9138,0,0,0,0
269.270,0.9138,0,0,0,0
269.305,0.9138,0,0,0,0
269.338,0.9138,0,0,0,0
269.371,0.9138,0,0,0,0
269.405,0.9138,0,0,0,0
269.437,0.9138,0,0,0,0
269.470,0.9138,0,0,0,0
269.504,0.9138,0,0,0,0
269.538,0.9138,0,0,0,0
269.571,0.9138,0,0,0,0
269.605,0.9138,0,0,0,0
269.638,0.9138,0,0,0,0
269.671,0.9138,0,0,0,0
269.704,0.9138,0,0,0,0
269.737,0.9138,0,0,0,0
269.771,0.9138,0,0,0,0
269.804,0.9138,0,0,0,0
269.839,0.9138,0,0,0,0
269.871,0.9138,0,0,0,0
269.904,0.9138,0,0,0,0
269.936,0.9138,0,0,0,0
269.971,0.9138,0,0,0,0
270.006,0.9138,0,0,0,0
270.040,0.9138,0,0,0,0
270.074,0.9138,0,0,0,0
270.108,0.9138,0,0,0,0
270.140,0.9138,0,0,0,0
270.173,0.9138,0,0,0,0
270.206,0.9138,0,0,0,0
270.239,0.9138,0,0,0,0
270.275,0.9138,0,0,0,0
270.304,0.9138,0,0,0,0
270.337,0.9138,0,0,0,0
270.370,0.9138,0,0,0,0
270.403,0.9138,0,0,0,0
270.441,0.9138,0,0,0,0
270.473,0.9138,0,0,0,0
270.503,0.9138,0,0,0,0
270.536,0.9138,0,0,0,0
270.572,0.9138,0,0,0,0
270.607,0.9138,0,0,0,0
270.641,0.9138,0,0,0,0
270.676,0.9138,0,0,0,0
270.706,0.9138,0,0,0,0
270.740,0.9138,0,0,0,0
270.773,0.9138,0,0,0,0
270.808,0.9138,0,0,0,0
270.843,0.9138,0,0,0,0
270.877,0.9138,0,0,0,0
270.912,0.9138,0,0,0,0
270.939,0.9138,0,0,0,0
270.973,0.9138,0,0,0,0
271.008,0.9138,0,0,0,0
271.042,0.9138,0,0,0,0
271.076,0.9138,0,0,0,0
271.109,0.9138,0,0,0,0
271.142,0.9138,0,0,0,0
271.175,0.9138,0,0,0,0
271.208,0.9138,0,0,0,0
271.240,0.9138,0,0,0,0
271.274,0.9138,0,0,0,0
271.308,0.9138,0,0,0,0
271.342,0.9138,0,0,0,0
271.376,0.9138,0,0,0,0
271.408,0.9138,0,0,0,0
271.441,0.9138,0,0,0,0
271.475,0.9138,0,0,0,0
271.509,0.9138,0,0,0,0
271.544,0.9138,0,0,0,0
271.577,0.9138,0,0,0,0
271.610,0.9138,0,0,0,0
271.643,0.9138,0,0,0,0
271.677,0.9138,0,0,0,0
271.710,0.9138,0,0,0,0
271.743,0.9138,0,0,0,0
271.776,0.9138,0,0,0,0
271.809,0.9138,0,0,0,0
271.843,0.9138,0,0,0,0
271.876,0.9138,0,0,0,0
271.910,0.9138,0,0,0,0
271.942,0.9138,0,0,0,0
271.976,0.9138,0,0,0,0
272.009,0.9138,0,0,0,0
272.042,0.9138,0,0,0,0
272.076,0.9138,0,0,0,0
272.109,0.9138,0,0,0,0
272.142,0.9138,0,0,0,0
272.176,0.9138,0,0,0,0
272.211,0.9138,0,0,0,0
272.239,0.9138,0,0,0,0
272.278,0.9138,0,0,0,0
272.311,0.9138,0,0,0,0
272.343,0.9138,0,0,0,0
272.377,0.9138,0,0,0,0
272.406,0.9138,0,0,0,0
272.439,0.9138,0,0,0,0
272.474,0.9138,0,0,0,0
272.507,0.9138,0,0,0,0
272.540,0.9138,0,0,0,0
272.575,0.9138,0,0,0,0
272.609,0.9138,0,0,0,0
272.642,0.9138,0,0,0,0
272.675,0.9138,0,0,0,0
272.708,0.9138,0,0,0,0
272.742,0.9138,0,0,0,0
272.775,0.9138,0,0,0,0
272.810,0.9138,0,0,0,0
272.840,0.9138,0,0,0,0
272.873,0.9138,0,0,0,0
272.907,0.9138,0,0,0,0
272.939,0.9138,0,0,0,0
272.978,0.9138,0,0,0,0
273.010,0.9138,0,0,0,0
273.044,0.9138,0,0,0,0
273.075,0.9138,0,0,0,0
273.109,0.9138,0,0,0,0
273.142,0.9138,0,0,0,0
273.175,0.9138,0,0,0,0
273.209,0.9138,0,0,0,0
273.243,0.9138,0,0,0,0
273.276,0.9138,0,0,0,0
273.310,0.9138,0,0,0,0
273.343,0.9138,0,0,0,0
273.376,0.9138,0,0,0,0
273.409,0.9138,0,0,0,0
273.442,0.9138,0,0,0,0
273.475,0.9138,0,0,0,0
273.510,0.9138,0,0,0,0
273.539,0.9138,0,0,0,0
273.577,0.9138,0,0,0,0
273.606,0.9138,0,0,0,0
273.644,0.9138,0,0,0,0
273.675,0.9138,0,0,0,0
273.708,0.9138,0,0,0,0
273.743,0.9138,0,0,0,0
273.777,0.9138,0,0,0,0
273.810,0.9138,0,0,0,0
273.843,0.9138,0,0,0,0
273.875,0.9138,0,0,0,0
273.907,0.9138,0,0,0,0
273.940,0.9138,0,0,0,0
273.975,0.9138,0,0,0,0
274.011,0.9138,0,0,0,0
274.045,0.9138,0,0,0,0
274.075,0.9138,0,0,0,0
274.110,0.9138,0,0,0,0
274.142,0.9138,0,0,0,0
274.178,0.9138,0,0,0,0
274.209,0.9138,0,0,0,0
274.243,0.9138,0,0,0,0
274.278,0.9138,0,0,0,0
274.307,0.9138,0,0,0,0
274.340,0.9138,0,0,0,0
274.375,0.9138,0,0,0,0
274.409,0.9138,0,0,0,0
274.442,0.9138,0,0,0,0
274.476,0.9138,0,0,0,0
274.506,0.9138,0,0,0,0
274.544,0.9138,0,0,0,0
274.576,0.9138,0,0,0,0
274.609,0.9138,0,0,0,0
274.642,0.9138,0,0,0,0
274.673,0.9138,0,0,0,0
274.711,0.9138,0,0,0,0
274.743,0.9138,0,0,0,0
274.776,0.9138,0,0,0,0
274.807,0.9138,0,0,0,0
274.840,0.9138,0,0,0,0
274.877,0.9138,0,0,0,0
274.910,0.9138,0,0,0,0
274.942,0.9138,0,0,0,0
274.974,0.9138,0,0,0,0
275.008,0.9138,0,0,0,0
275.043,0.9138,0,0,0,0
275.078,0.9138,0,0,0,0
275.112,0.9138,0,0,0,0
275.143,0.9138,0,0,0,0
275.173,0.9138,0,0,0,0
275.209,0.9138,0,0,0,0
275.243,0.9138,0,0,0,0
275.277,0.9138,0,0,0,0
275.311,0.9138,0,0,0,0
275.344,0.9138,0,0,0,0
275.377,0.9138,0,0,0,0
275.406,0.9138,0,0,0,0
275.440,0.9138,0,0,0,0
275.475,0.9138,0,0,0,0
275.511,0.9138,0,0,0,0
275.544,0.9138,0,0,0,0
275.574,0.9138,0,0,0,0
275.607,0.9138,0,0,0,0
275.644,0.9138,0,0,0,0
275.673,0.9138,0,0,0,0
275.708,0.9138,0,0,0,0
275.743,0.9138,0,0,0,0
275.777,0.9138,0,0,0,0
275.811,0.9138,0,0,0,0
275.844,0.9138,0,0,0,0
275.877,0.9138,0,0,0,0
275.911,0.9138,0,0,0,0
275.939,0.9138,0,0,0,0
275.973,0.9138,0,0,0,0
276.009,0.9138,0,0,0,0
276.043,0.9138,0,0,0,0
276.072,0.9138,0,0,0,0
276.107,0.9138,0,0,0,0
276.143,0.9138,0,0,0,0
276.172,0.9138,0,0,0,0
276.206,0.9138,0,0,0,0
276.240,0.9138,0,0,0,0
276.274,0.9138,0,0,0,0
276.308,0.9138,0,0,0,0
276.342,0.9138,0,0,0,0
276.376,0.9138,0,0,0,0
276.410,0.9138,0,0,0,0
276.443,0.9138,0,0,0,0
276.477,0.9138,0,0,0,0
276.506,0.9138,0,0,0,0
276.542,0.9138,0,0,0,0
276.577,0.9138,0,0,0,0
276.607,0.9138,0,0,0,0
276.643,0.9138,0,0,0,0
276.677,0.9138,0,0,0,0
276.712,0.9138,0,0,0,0
276.743,0.9138,0,0,0,0
276.778,0.9138,0,0,0,0
276.811,0.9138,0,0,0,0
276.840,0.9138,0,0,0,0
276.876,0.9138,0,0,0,0
276.906,0.9138,0,0,0,0
276.939,0.9138,0,0,0,0
276.977,0.9138,0,0,0,0
277.011,0.9138,0,0,0,0
277.040,0.9138,0,0,0,0
277.075,0.9138,0,0,0,0
277.109,0.9138,0,0,0,0
277.144,0.9138,0,0,0,0
277.177,0.9138,0,0,0,0
277.211,0.9138,0,0,0,0
277.240,0.9138,0,0,0,0
277.277,0.9138,0,0,0,0
277.311,0.9138,0,0,0,0
277.343,0.9138,0,0,0,0
277.376,0.9138,0,0,0,0
277.409,0.9138,0,0,0,0
277.442,0.9138,0,0,0,0
277.475,0.9138,0,0,0,0
277.509,0.9138,0,0,0,0
277.542,0.9138,0,0,0,0
277.575,0.9138,0,0,0,0
277.607,0.9138,0,0,0,0
277.639,0.9138,0,0,0,0
277.677,0.9138,0,0,0,0
277.710,0.9138,0,0,0,0
277.742,0.9138,0,0,0,0
277.774,0.9138,0,0,0,0
277.806,0.9138,0,0,0,0
277.839,0.9138,0,0,0,0
277.877,0.9138,0,0,0,0
277.908,0.9138,0,0,0,0
277.939,0.9138,0,0,0,0
277.976,0.9138,0,0,0,0
278.008,0.9138,0,0,0,0
278.039,0.9138,0,0,0,0
278.077,0.9138,0,0,0,0
278.109,0.9138,0,0,0,0
278.142,0.9138,0,0,0,0
278.175,0.9138,0,0,0,0
278.207,0.9138,0,0,0,0
278.240,0.9138,0,0,0,0
278.272,0.9138,0,0,0,0
278.311,0.9138,0,0,0,0
278.344,0.9138,0,0,0,0
278.377,0.9138,0,0,0,0
278.409,0.9138,0,0,0,0
278.442,0.9138,0,0,0,0
278.478,0.9138,0,0,0,0
278.511,0.9138,0,0,0,0
278.540,0.9138,0,0,0,0
278.573,0.9138,0,0,0,0
278.608,0.9138,0,0,0,0
278.643,0.9138,0,0,0,0
278.677,0.9138,0,0,0,0
278.710,0.9138,0,0,0,0
278.744,0.9138,0,0,0,0
278.778,0.9138,0,0,0,0
278.812,0.9138,0,0,0,0
278.844,0.9138,0,0,0,0
278.875,0.9138,0,0,0,0
278.911,0.9138,0,0,0,0
278.939,0.9138,0,0,0,0
278.972,0.9138,0,0,0,0
279.013,0.9138,0,0,0,0
279.040,0.9138,0,0,0,0
279.072,0.9138,0,0,0,0
279.111,0.9138,0,0,0,0
279.144,0.9138,0,0,0,0
279.178,0.9138,0,0,0,0
279.211,0.9138,0,0,0,0
279.241,0.9138,0,0,0,0
279.275,0.9138,0,0,0,0
279.310,0.9138,0,0,0,0
279.344,0.9138,0,0,0,0
279.373,0.9138,0,0,0,0
279.409,0.9138,0,0,0,0
279.444,0.9138,0,0,0,0
279.474,0.9138,0,0,0,0
279.510,0.9138,0,0,0,0
279.541,0.9138,0,0,0,0
279.575,0.9138,0,0,0,0
279.610,0.9138,0,0,0,0
279.642,0.9138,0,0,0,0
279.677,0.9138,0,0,0,0
279.710,0.9138,0,0,0,0
279.744,0.9138,0,0,0,0
279.773,0.9138,0,0,0,0
279.806,0.9138,0,0,0,0
279.836,0.9138,0,0,0,0
279.926,0.9138,0,0,0,0
279.957,0.9138,0,0,0,0
279.968,0.9138,0,0,0,0
280.007,0.9138,0,0,0,0
280.049,0.9138,0,0,0,0
280.172,0.9138,0,0,0,0
280.194,0.9138,0,0,0,0
280.228,0.9138,0,0,0,0
280.260,0.9138,0,0,0,0
280.294,0.9138,0,0,0,0
280.330,0.9138,0,0,0,0
280.360,0.9138,0,0,0,0
280.400,0.9138,0,0,0,0
280.430,0.9138,0,0,0,0
280.458,0.9138,0,0,0,0
280.500,0.9138,0,0,0,0
280.533,0.9138,0,0,0,0
280.565,0.9138,0,0,0,0
280.600,0.9138,0,0,0,0
280.633,0.9138,0,0,0,0
280.665,0.9138,0,0,0,0
280.696,0.9138,0,0,0,0
280.728,0.9138,0,0,0,0
280.760,0.9138,0,0,0,0
280.796,0.9138,0,0,0,0
280.833,0.9138,0,0,0,0
280.863,0.9138,0,0,0,0
280.894,0.9138,0,0,0,0
280.931,0.9138,0,0,0,0
280.962,0.9138,0,0,0,0
281.295,0.9138,0,0,0,0
281.332,0.9138,0,0,0,0
281.367,0.9138,0,0,0,0
281.397,0.9138,0,0,0,0
281.431,0.9138,0,0,0,0
281.464,0.9138,0,0,0,0
281.498,0.9138,0,0,0,0
281.531,0.9138,0,0,0,0
281.567,0.9138,0,0,0,0
281.599,0.9138,0,0,0,0
281.634,0.9138,0,0,0,0
281.664,0.9138,0,0,0,0
281.698,0.9138,0,0,0,0
281.732,0.9138,0,0,0,0
281.764,0.9138,0,0,0,0
281.797,0.9138,0,0,0,0
281.831,0.9138,0,0,0,0
281.867,0.9138,0,0,0,0
281.898,0.9138,0,0,0,0
281.931,0.9138,0,0,0,0
281.968,0.9138,0,0,0,0
282.005,0.9138,0,0,0,0
282.030,0.9138,0,0,0,0
282.061,0.9138,0,0,0,0
282.093,0.9138,0,0,0,0
282.134,0.9138,0,0,0,0
282.164,0.9138,0,0,0,0
282.204,0.9138,0,0,0,0
282.230,0.9138,0,0,0,0
282.266,0.9138,0,0,0,0
282.297,0.9138,0,0,0,0
282.331,0.9138,0,0,0,0
282.366,0.9138,0,0,0,0
282.399,0.9138,0,0,0,0
282.432,0.9138,0,0,0,0
282.465,0.9138,0,0,0,0
282.498,0.9138,0,0,0,0
282.531,0.9138,0,0,0,0
282.564,0.9138,0,0,0,0
282.597,0.9138,0,0,0,0
282.630,0.9138,0,0,0,0
282.668,0.9138,0,0,0,0
282.701,0.9138,0,0,0,0
282.733,0.9138,0,0,0,0
282.764,0.9138,0,0,0,0
282.801,0.9138,0,0,0,0
282.835,0.9138,0,0,0,0
282.865,0.9138,0,0,0,0
282.898,0.9138,0,0,0,0
282.931,0.9138,0,0,0,0
282.965,0.9138,0,0,0,0
283.002,0.9138,0,0,0,0
283.030,0.9138,0,0,0,0
283.066,0.9138,0,0,0,0
283.097,0.9138,0,0,0,0
283.134,0.9138,0,0,0,0
283.165,0.9138,0,0,0,0
283.196,0.9138,0,0,0,0
283.234,0.9138,0,0,0,0
283.265,0.9138,0,0,0,0
283.298,0.9138,0,0,0,0
283.334,0.9138,0,0,0,0
283.367,0.9138,0,0,0,0
283.398,0.9138,0,0,0,0
283.431,0.9138,0,0,0,0
283.463,0.9138,0,0,0,0
283.499,0.9138,0,0,0,0
283.531,0.9138,0,0,0,0
283.565,0.9138,0,0,0,0
283.602,0.9138,0,0,0,0
283.635,0.9138,0,0,0,0
283.663,0.9138,0,0,0,0
283.696,0.9138,0,0,0,0
283.733,0.9138,0,0,0,0
283.765,0.9138,0,0,0,0
283.803,0.9138,0,0,0,0
283.828,0.9138,0,0,0,0
283.869,0.9138,0,0,0,0
283.896,0.9138,0,0,0,0
283.930,0.9138,0,0,0,0
283.966,0.9138,0,0,0,0
283.997,0.9138,0,0,0,0
284.027,0.9138,0,0,0,0
284.059,0.9138,0,0,0,0
284.100,0.9138,0,0,0,0
284.135,0.9138,0,0,0,0
284.170,0.9138,0,0,0,0
284.208,0.9138,0,0,0,0
284.225,0.9138,0,0,0,0
284.264,0.9138,0,0,0,0
284.308,0.9138,0,0,0,0
284.334,0.9138,0,0,0,0
284.375,0.9138,0,0,0,0
284.403,0.9138,0,0,0,0
284.428,0.9138,0,0,0,0
284.463,0.9138,0,0,0,0
284.499,0.9138,0,0,0,0
284.528,0.9138,0,0,0,0
284.567,0.9138,0,0,0,0
284.610,0.9138,0,0,0,0
284.639,0.9138,0,0,0,0
284.674,0.9138,0,0,0,0
284.707,0.9138,0,0,0,0
284.740,0.9138,0,0,0,0
284.776,0.9138,0,0,0,0
284.809,0.9138,0,0,0,0
284.842,0.9138,0,0,0,0
284.875,0.9138,0,0,0,0
284.909,0.9138,0,0,0,0
284.942,0.9138,0,0,0,0
284.975,0.9138,0,0,0,0
285.006,0.9138,0,0,0,0
285.041,0.9138,0,0,0,0
285.072,0.9138,0,0,0,0
285.106,0.9138,0,0,0,0
285.139,0.9138,0,0,0,0
285.177,0.9138,0,0,0,0
285.212,0.9138,0,0,0,0
285.243,0.9138,0,0,0,0
285.270,0.9138,0,0,0,0
285.307,0.9138,0,0,0,0
285.341,0.9138,0,0,0,0
285.375,0.9138,0,0,0,0
285.407,0.9138,0,0,0,0
285.439,0.9138,0,0,0,0
285.472,0.9138,0,0,0,0
285.508,0.9138,0,0,0,0
285.543,0.9138,0,0,0,0
285.578,0.9138,0,0,0,0
285.605,0.9138,0,0,0,0
285.641,0.9138,0,0,0,0
285.676,0.9138,0,0,0,0
285.709,0.9138,0,0,0,0
285.740,0.9138,0,0,0,0
285.777,0.9138,0,0,0,0
285.808,0.9138,0,0,0,0
285.840,0.9138,0,0,0,0
285.876,0.9138,0,0,0,0
285.907,0.9138,0,0,0,0
285.939,0.9138,0,0,0,0
285.976,0.9138,0,0,0,0
286.009,0.9138,0,0,0,0
286.043,0.9138,0,0,0,0
286.074,0.9138,0,0,0,0
286.106,0.9138,0,0,0,0
286.440,0.9138,0,0,0,0
286.488,0.9138,0,0,0,0
286.512,0.9138,0,0,0,0
286.545,0.9138,0,0,0,0
286.581,0.9138,0,0,0,0
286.612,0.9138,0,0,0,0
286.647,0.9138,0,0,0,0
286.679,0.9138,0,0,0,0
286.713,0.9138,0,0,0,0
286.759,0.9138,0,0,0,0
286.780,0.9138,0,0,0,0
286.814,0.9138,0,0,0,0
286.840,0.9138,0,0,0,0
286.880,0.9138,0,0,0,0
286.913,0.9138,0,0,0,0
286.954,0.9138,0,0,0,0
286.978,0.9138,0,0,0,0
287.004,0.9138,0,0,0,0
287.040,0.9138,0,0,0,0
287.077,0.9138,0,0,0,0
287.112,0.9138,0,0,0,0
287.143,0.9138,0,0,0,0
287.181,0.9138,0,0,0,0
287.232,0.9138,0,0,0,0
287.314,0.9138,0,0,0,0
287.368,0.9138,0,0,0,0
287.410,0.9138,0,0,0,0
287.429,0.9138,0,0,0,0
287.470,0.9138,0,0,0,0
287.508,0.9138,0,0,0,0
287.530,0.9138,0,0,0,0
287.569,0.9138,0,0,0,0
287.596,0.9138,0,0,0,0
287.665,0.9138,0,0,0,0
287.706,0.9138,0,0,0,0
287.732,0.9138,0,0,0,0
287.773,0.9138,0,0,0,0
287.807,0.9138,0,0,0,0
287.840,0.9138,0,0,0,0
287.874,0.9138,0,0,0,0
287.907,0.9138,0,0,0,0
287.942,0.9138,0,0,0,0
287.975,0.9138,0,0,0,0
287.999,0.9138,0,0,0,0
288.038,0.9138,0,0,0,0
288.077,0.9138,0,0,0,0
288.099,0.9138,0,0,0,0
288.142,0.9138,0,0,0,0
288.166,0.9138,0,0,0,0
288.210,0.9138,0,0,0,0
288.233,0.9138,0,0,0,0
288.275,0.9138,0,0,0,0
288.299,0.9138,0,0,0,0
288.341,0.9138,0,0,0,0
288.365,0.9138,0,0,0,0
288.407,0.9138,0,0,0,0
288.432,0.9138,0,0,0,0
288.476,0.9138,0,0,0,0
288.808,0.9138,0,0,0,0
288.846,0.9138,0,0,0,0
288.879,0.9138,0,0,0,0
288.911,0.9138,0,0,0,0
288.944,0.9138,0,0,0,0
288.979,0.9138,0,0,0,0
289.012,0.9138,0,0,0,0
289.044,0.9138,0,0,0,0
289.076,0.9138,0,0,0,0
289.112,0.9138,0,0,0,0
289.146,0.9138,0,0,0,0
289.176,0.9138,0,0,0,0
289.213,0.9138,0,0,0,0
289.241,0.9138,0,0,0,0
289.277,0.9138,0,0,0,0
289.311,0.9138,0,0,0,0
289.342,0.9138,0,0,0,0
289.376,0.9138,0,0,0,0
289.406,0.9138,0,0,0,0
289.445,0.9138,0,0,0,0
289.480,0.9138,0,0,0,0
289.510,0.9138,0,0,0,0
289.544,0.9138,0,0,0,0
289.578,0.9138,0,0,0,0
289.611,0.9138,0,0,0,0
289.648,0.9138,0,0,0,0
289.674,0.9138,0,0,0,0
289.708,0.9138,0,0,0,0
289.746,0.9138,0,0,0,0
289.780,0.9138,0,0,0,0
289.813,0.9138,0,0,0,0
289.845,0.9138,0,0,0,0
289.877,0.9138,0,0,0,0
289.911,0.9138,0,0,0,0
289.948,0.9138,0,0,0,0
289.979,0.9138,0,0,0,0
290.016,0.9138,0,0,0,0
290.045,0.9138,0,0,0,0
290.076,0.9138,0,0,0,0
290.113,0.9138,0,0,0,0
290.148,0.9138,0,0,0,0
290.169,0.9138,0,0,0,0
290.211,0.9138,0,0,0,0
290.246,0.9138,0,0,0,0
290.277,0.9138,0,0,0,0
290.312,0.9138,0,0,0,0
290.345,0.9138,0,0,0,0
290.382,0.9138,0,0,0,0
290.413,0.9138,0,0,0,0
290.447,0.9138,0,0,0,0
290.479,0.9138,0,0,0,0
290.514,0.9138,0,0,0,0
290.546,0.9138,0,0,0,0
290.577,0.9138,0,0,0,0
290.613,0.9138,0,0,0,0
290.648,0.9138,0,0,0,0
290.681,0.9138,0,0,0,0
290.710,0.9138,0,0,0,0
290.744,0.9138,0,0,0,0
290.779,0.9138,0,0,0,0
290.813,0.9138,0,0,0,0
290.846,0.9138,0,0,0,0
290.879,0.9138,0,0,0,0
290.909,0.9138,0,0,0,0
290.947,0.9138,0,0,0,0
290.969,0.9138,0,0,0,0
291.014,0.9138,0,0,0,0
291.044,0.9138,0,0,0,0
291.078,0.9138,0,0,0,0
291.113,0.9138,0,0,0,0
291.149,0.9138,0,0,0,0
291.170,0.9138,0,0,0,0
291.215,0.9138,0,0,0,0
291.243,0.9138,0,0,0,0
291.280,0.9138,0,0,0,0
291.310,0.9138,0,0,0,0
291.344,0.9138,0,0,0,0
291.378,0.9138,0,0,0,0
291.410,0.9138,0,0,0,0
291.444,0.9138,0,0,0,0
291.477,0.9138,0,0,0,0
291.512,0.9138,0,0,0,0
291.545,0.9138,0,0,0,0
291.577,0.9138,0,0,0,0
291.610,0.9138,0,0,0,0
291.646,0.9138,0,0,0,0
291.677,0.9138,0,0,0,0
291.709,0.9138,0,0,0,0
291.743,0.9138,0,0,0,0
291.779,0.9138,0,0,0,0
291.810,0.9138,0,0,0,0
291.847,0.9138,0,0,0,0
291.871,0.9138,0,0,0,0
291.911,0.9138,0,0,0,0
291.936,0.9138,0,0,0,0
291.978,0.9138,0,0,0,0
292.007,0.9138,0,0,0,0
292.051,0.9138,0,0,0,0
292.072,0.9138,0,0,0,0
292.111,0.9138,0,0,0,0
292.143,0.9138,0,0,0,0
292.176,0.9138,0,0,0,0
292.212,0.9138,0,0,0,0
292.246,0.9138,0,0,0,0
292.277,0.9138,0,0,0,0
292.312,0.9138,0,0,0,0
292.336,0.9138,0,0,0,0
292.377,0.9138,0,0,0,0
292.401,0.9138,0,0,0,0
292.443,0.9138,0,0,0,0
292.479,0.9138,0,0,0,0
292.506,0.9138,0,0,0,0
292.547,0.9138,0,0,0,0
292.577,0.9138,0,0,0,0
292.613,0.9138,0,0,0,0
292.645,0.9138,0,0,0,0
292.679,0.9138,0,0,0,0
292.713,0.9138,0,0,0,0
292.746,0.9138,0,0,0,0
292.780,0.9138,0,0,0,0
292.813,0.9138,0,0,0,0
292.836,0.9138,0,0,0,0
292.881,0.9138,0,0,0,0
292.908,0.9138,0,0,0,0
292.944,0.9138,0,0,0,0
292.978,0.9138,0,0,0,0
293.035,0.9138,0,0,0,0
293.067,0.9138,0,0,0,0
293.101,0.9138,0,0,0,0
293.138,0.9138,0,0,0,0
293.170,0.9138,0,0,0,0
293.204,0.9138,0,0,0,0
293.235,0.9138,0,0,0,0
293.268,0.9138,0,0,0,0
293.306,0.9138,0,0,0,0
293.337,0.9138,0,0,0,0
293.369,0.9138,0,0,0,0
293.403,0.9138,0,0,0,0
293.434,0.9138,0,0,0,0
293.470,0.9138,0,0,0,0
293.492,0.9138,0,0,0,0
293.536,0.9138,0,0,0,0
293.570,0.9138,0,0,0,0
293.603,0.9138,0,0,0,0
293.636,0.9138,0,0,0,0
293.668,0.9138,0,0,0,0
293.702,0.9138,0,0,0,0
293.735,0.9138,0,0,0,0
293.771,0.9138,0,0,0,0
293.801,0.9138,0,0,0,0
293.840,0.9138,0,0,0,0
293.861,0.9138,0,0,0,0
293.906,0.9138,0,0,0,0
293.934,0.9138,0,0,0,0
293.973,0.9138,0,0,0,0
294.003,0.9138,0,0,0,0
294.039,0.9138,0,0,0,0
294.075,0.9138,0,0,0,0
294.102,0.9138,0,0,0,0
294.140,0.9138,0,0,0,0
294.169,0.9138,0,0,0,0
294.205,0.9138,0,0,0,0
294.236,0.9138,0,0,0,0
294.266,0.9138,0,0,0,0
294.304,0.9138,0,0,0,0
294.335,0.9138,0,0,0,0
294.369,0.9138,0,0,0,0
294.407,0.9138,0,0,0,0
294.440,0.9138,0,0,0,0
294.470,0.9138,0,0,0,0
294.503,0.9138,0,0,0,0
294.537,0.9138,0,0,0,0
294.569,0.9138,0,0,0,0
294.607,0.9138,0,0,0,0
294.635,0.9138,0,0,0,0
294.671,0.9138,0,0,0,0
294.702,0.9138,0,0,0,0
294.751,0.9138,0,0,0,0
294.780,0.9138,0,0,0,0
294.808,0.9138,0,0,0,0
294.851,0.9138,0,0,0,0
294.883,0.9138,0,0,0,0
294.919,0.9138,0,0,0,0
294.953,0.9138,0,0,0,0
294.986,0.9138,0,0,0,0
295.018,0.9138,0,0,0,0
295.050,0.9138,0,0,0,0
295.074,0.9138,0,0,0,0
295.118,0.9138,0,0,0,0
295.142,0.9138,0,0,0,0
295.182,0.9138,0,0,0,0
295.219,0.9138,0,0,0,0
295.253,0.9138,0,0,0,0
295.301,0.9138,0,0,0,0
295.334,0.9138,0,0,0,0
295.366,0.9138,0,0,0,0
295.403,0.9138,0,0,0,0
295.431,0.9138,0,0,0,0
295.467,0.9138,0,0,0,0
295.500,0.9138,0,0,0,0
295.536,0.9138,0,0,0,0
295.559,0.9138,0,0,0,0
295.597,0.9138,0,0,0,0
295.624,0.9138,0,0,0,0
295.666,0.9138,0,0,0,0
295.703,0.9138,0,0,0,0
295.754,0.9138,0,0,0,0
295.779,0.9138,0,0,0,0
295.820,0.9138,0,0,0,0
295.852,0.9138,0,0,0,0
295.889,0.9138,0,0,0,0
295.921,0.9138,0,0,0,0
295.954,0.9138,0,0,0,0
295.986,0.9138,0,0,0,0
296.020,0.9138,0,0,0,0
296.053,0.9138,0,0,0,0
296.087,0.9138,0,0,0,0
296.116,0.9138,0,0,0,0
296.156,0.9138,0,0,0,0
296.188,0.9138,0,0,0,0
296.223,0.9138,0,0,0,0
296.253,0.9138,0,0,0,0
296.286,0.9138,0,0,0,0
296.322,0.9138,0,0,0,0
296.353,0.9138,0,0,0,0
296.385,0.9138,0,0,0,0
296.423,0.9138,0,0,0,0
296.454,0.9138,0,0,0,0
296.486,0.9138,0,0,0,0
296.521,0.9138,0,0,0,0
296.555,0.9138,0,0,0,0
296.593,0.9138,0,0,0,0
296.623,0.9138,0,0,0,0
296.653,0.9138,0,0,0,0
296.687,0.9138,0,0,0,0
296.719,0.9138,0,0,0,0
296.758,0.9138,0,0,0,0
296.788,0.9138,0,0,0,0
296.820,0.9138,0,0,0,0
296.858,0.9138,0,0,0,0
296.891,0.9138,0,0,0,0
296.924,0.9138,0,0,0,0
296.952,0.9138,0,0,0,0
296.990,0.9138,0,0,0,0
297.021,0.9138,0,0,0,0
297.057,0.9138,0,0,0,0
297.089,0.9138,0,0,0,0
297.121,0.9138,0,0,0,0
297.155,0.9138,0,0,0,0
297.191,0.9138,0,0,0,0
297.223,0.9138,0,0,0,0
297.255,0.9138,0,0,0,0
297.293,0.9138,0,0,0,0
297.321,0.9138,0,0,0,0
297.356,0.9138,0,0,0,0
297.387,0.9138,0,0,0,0
297.418,0.9138,0,0,0,0
297.457,0.9138,0,0,0,0
297.488,0.9138,0,0,0,0
297.522,0.9138,0,0,0,0
297.558,0.9138,0,0,0,0
297.589,0.9138,0,0,0,0
297.622,0.9138,0,0,0,0
297.654,0.9138,0,0,0,0
297.691,0.9138,0,0,0,0
297.722,0.9138,0,0,0,0
297.756,0.9138,0,0,0,0
297.787,0.9138,0,0,0,0
297.819,0.9138,0,0,0,0
297.858,0.9138,0,0,0,0
297.887,0.9138,0,0,0,0
297.923,0.9138,0,0,0,0
297.958,0.9138,0,0,0,0
297.992,0.9138,0,0,0,0
298.023,0.9138,0,0,0,0
298.051,0.9138,0,0,0,0
298.093,0.9138,0,0,0,0
298.133,0.9138,0,0,0,0
298.161,0.9138,0,0,0,0
298.198,0.9138,0,0,0,0
298.230,0.9138,0,0,0,0
298.261,0.9138,0,0,0,0
298.296,0.9138,0,0,0,0
298.327,0.9138,0,0,0,0
298.368,0.9138,0,0,0,0
298.387,0.9138,0,0,0,0
298.434,0.9138,0,0,0,0
298.463,0.9138,0,0,0,0
298.498,0.9138,0,0,0,0
298.554,0.9138,0,0,0,0
298.587,0.9138,0,0,0,0
298.616,0.9138,0,0,0,0
298.653,0.9138,0,0,0,0
298.684,0.9138,0,0,0,0
298.714,0.9138,0,0,0,0
298.753,0.9138,0,0,0,0
298.775,0.9138,0,0,0,0
298.819,0.9138,0,0,0,0
298.844,0.9138,0,0,0,0
298.883,0.9138,0,0,0,0
298.907,0.9138,0,0,0,0
298.950,0.9138,0,0,0,0
298.986,0.9138,0,0,0,0
299.017,0.9138,0,0,0,0
299.052,0.9138,0,0,0,0
299.075,0.9138,0,0,0,0
299.120,0.9138,0,0,0,0
299.142,0.9138,0,0,0,0
299.184,0.9138,0,0,0,0
299.209,0.9138,0,0,0,0
299.253,0.9138,0,0,0,0
299.276,0.9138,0,0,0,0
299.316,0.9138,0,0,0,0
299.351,0.9138,0,0,0,0
299.374,0.9138,0,0,0,0
299.421,0.9138,0,0,0,0
299.451,0.9138,0,0,0,0
299.487,0.9138,0,0,0,0
299.516,0.9138,0,0,0,0
299.554,0.9138,0,0,0,0
299.575,0.9138,0,0,0,0
299.618,0.9138,0,0,0,0
299.651,0.9138,0,0,0,0
299.685,0.9138,0,0,0,0
299.719,0.9138,0,0,0,0
299.754,0.9138,0,0,0,0
299.784,0.9138,0,0,0,0
299.819,0.9138,0,0,0,0
299.854,0.9138,0,0,0,0
299.876,0.9138,0,0,0,0
299.918,0.9138,0,0,0,0
299.949,0.9138,0,0,0,0
299.985,0.9138,0,0,0,0
300.017,0.9138,0,0,0,0
300.049,0.9138,0,0,0,0
300.085,0.9138,0,0,0,0
300.120,0.9138,0,0,0,0
300.148,0.9138,0,0,0,0
300.187,0.9138,0,0,0,0
300.217,0.9138,0,0,0,0
300.252,0.9138,0,0,0,0
300.289,0.9138,0,0,0,0
300.317,0.9138,0,0,0,0
300.352,0.9138,0,0,0,0
300.389,0.9138,0,0,0,0
300.419,0.9138,0,0,0,0
300.450,0.9138,0,0,0,0
300.485,0.9138,0,0,0,0
300.516,0.9138,0,0,0,0
300.549,0.9138,0,0,0,0
300.583,0.9138,0,0,0,0
300.618,0.9138,0,0,0,0
300.688,0.9138,0,0,0,0
300.707,0.9138,0,0,0,0
300.731,0.9138,0,0,0,0
300.763,0.9138,0,0,0,0
300.797,0.9138,0,0,0,0
300.829,0.9138,0,0,0,0
300.864,0.9138,0,0,0,0
300.900,0.9138,0,0,0,0
300.929,0.9138,0,0,0,0
300.963,0.9138,0,0,0,0
300.999,0.9138,0,0,0,0
301.023,0.9138,0,0,0,0
301.051,0.9138,0,0,0,0
301.098,0.9138,0,0,0,0
301.128,0.9138,0,0,0,0
301.166,0.9138,0,0,0,0
301.197,0.9138,0,0,0,0
301.231,0.9138,0,0,0,0
301.262,0.9138,0,0,0,0
301.294,0.9138,0,0,0,0
301.330,0.9138,0,0,0,0
301.361,0.9138,0,0,0,0
301.399,0.9138,0,0,0,0
301.428,0.9138,0,0,0,0
301.464,0.9138,0,0,0,0
301.498,0.9138,0,0,0,0
301.528,0.9138,0,0,0,0
301.565,0.9138,0,0,0,0
301.597,0.9138,0,0,0,0
301.631,0.9138,0,0,0,0
301.692,0.9138,0,0,0,0
301.710,0.9138,0,0,0,0
301.741,0.9138,0,0,0,0
301.772,0.9138,0,0,0,0
301.808,0.9138,0,0,0,0
301.841,0.9138,0,0,0,0
301.872,0.9138,0,0,0,0
301.909,0.9138,0,0,0,0
301.941,0.9138,0,0,0,0
301.975,0.9138,0,0,0,0
302.009,0.9138,0,0,0,0
302.043,0.9138,0,0,0,0
302.072,0.9138,0,0,0,0
302.108,0.9138,0,0,0,0
302.140,0.9138,0,0,0,0
302.176,0.9138,0,0,0,0
302.208,0.9138,0,0,0,0
302.242,0.9138,0,0,0,0
302.275,0.9138,0,0,0,0
302.310,0.9138,0,0,0,0
302.341,0.9138,0,0,0,0
302.376,0.9138,0,0,0,0
302.407,0.9138,0,0,0,0
302.443,0.9138,0,0,0,0
302.472,0.9138,0,0,0,0
302.508,0.9138,0,0,0,0
302.539,0.9138,0,0,0,0
302.571,0.9138,0,0,0,0
302.613,0.9138,0,0,0,0
302.634,0.9138,0,0,0,0
302.675,0.9138,0,0,0,0
302.708,0.9138,0,0,0,0
302.742,0.9138,0,0,0,0
302.775,0.9138,0,0,0,0
302.808,0.9138,0,0,0,0
302.842,0.9138,0,0,0,0
302.876,0.9138,0,0,0,0
302.909,0.9138,0,0,0,0
302.941,0.9138,0,0,0,0
302.974,0.9138,0,0,0,0
303.006,0.9138,0,0,0,0
303.042,0.9138,0,0,0,0
303.071,0.9138,0,0,0,0
303.109,0.9138,0,0,0,0
303.141,0.9138,0,0,0,0
303.175,0.9138,0,0,0,0
303.205,0.9138,0,0,0,0
303.237,0.9138,0,0,0,0
303.273,0.9138,0,0,0,0
303.306,0.9138,0,0,0,0
303.339,0.9138,0,0,0,0
303.371,0.9138,0,0,0,0
303.406,0.9138,0,0,0,0
303.438,0.9138,0,0,0,0
303.473,0.9138,0,0,0,0
303.508,0.9138,0,0,0,0
303.537,0.9138,0,0,0,0
303.575,0.9138,0,0,0,0
303.607,0.9138,0,0,0,0
303.638,0.9138,0,0,0,0
303.675,0.9138,0,0,0,0
303.705,0.9138,0,0,0,0
303.741,0.9138,0,0,0,0
303.775,0.9138,0,0,0,0
303.806,0.9138,0,0,0,0
303.837,0.9138,0,0,0,0
303.873,0.9138,0,0,0,0
303.907,0.9138,0,0,0,0
303.938,0.9138,0,0,0,0
303.975,0.9138,0,0,0,0
304.007,0.9138,0,0,0,0
304.039,0.9138,0,0,0,0
304.076,0.9138,0,0,0,0
304.107,0.9138,0,0,0,0
304.138,0.9138,0,0,0,0
304.175,0.9138,0,0,0,0
304.209,0.9138,0,0,0,0
304.241,0.9138,0,0,0,0
304.274,0.9138,0,0,0,0
304.309,0.9138,0,0,0,0
304.338,0.9138,0,0,0,0
304.374,0.9138,0,0,0,0
304.408,0.9138,0,0,0,0
304.440,0.9138,0,0,0,0
304.476,0.9138,0,0,0,0
304.507,0.9138,0,0,0,0
304.543,0.9138,0,0,0,0
304.573,0.9138,0,0,0,0
304.610,0.9138,0,0,0,0
304.641,0.9138,0,0,0,0
304.672,0.9138,0,0,0,0
304.709,0.9138,0,0,0,0
304.742,0.9138,0,0,0,0
304.773,0.9138,0,0,0,0
304.805,0.9138,0,0,0,0
304.842,0.9138,0,0,0,0
304.875,0.9138,0,0,0,0
304.906,0.9138,0,0,0,0
304.938,0.9138,0,0,0,0
304.975,0.9138,0,0,0,0
305.008,0.9138,0,0,0,0
305.039,0.9138,0,0,0,0
305.077,0.9138,0,0,0,0
305.109,0.9138,0,0,0,0
305.143,0.9138,0,0,0,0
305.171,0.9138,0,0,0,0
305.207,0.9138,0,0,0,0
305.239,0.9138,0,0,0,0
305.276,0.9138,0,0,0,0
305.309,0.9138,0,0,0,0
305.341,0.9138,0,0,0,0
305.371,0.9138,0,0,0,0
305.408,0.9138,0,0,0,0
305.441,0.9138,0,0,0,0
305.472,0.9138,0,0,0,0
305.508,0.9138,0,0,0,0
305.542,0.9138,0,0,0,0
305.573,0.9138,0,0,0,0
305.610,0.9138,0,0,0,0
305.641,0.9138,0,0,0,0
305.672,0.9138,0,0,0,0
305.708,0.9138,0,0,0,0
305.740,0.9138,0,0,0,0
305.775,0.9138,0,0,0,0
305.805,0.9138,0,0,0,0
305.842,0.9138,0,0,0,0
305.874,0.9138,0,0,0,0
305.904,0.9138,0,0,0,0
305.939,0.9138,0,0,0,0
305.972,0.9138,0,0,0,0
306.007,0.9138,0,0,0,0
306.041,0.9138,0,0,0,0
306.077,0.9138,0,0,0,0
306.108,0.9138,0,0,0,0
306.140,0.9138,0,0,0,0
306.173,0.9138,0,0,0,0
306.206,0.9138,0,0,0,0
306.240,0.9138,0,0,0,0
306.271,0.9138,0,0,0,0
306.304,0.9138,0,0,0,0
306.341,0.9138,0,0,0,0
306.375,0.9138,0,0,0,0
306.408,0.9138,0,0,0,0
306.439,0.9138,0,0,0,0
306.476,0.9138,0,0,0,0
306.507,0.9138,0,0,0,0
306.537,0.9138,0,0,0,0
306.574,0.9138,0,0,0,0
306.609,0.9138,0,0,0,0
306.640,0.9138,0,0,0,0
306.672,0.9138,0,0,0,0
306.700,0.9138,0,0,0,0
306.738,0.9138,0,0,0,0
306.774,0.9138,0,0,0,0
306.808,0.9138,0,0,0,0
306.840,0.9138,0,0,0,0
306.875,0.9138,0,0,0,0
306.909,0.9138,0,0,0,0
306.938,0.9138,0,0,0,0
306.976,0.9138,0,0,0,0
307.008,0.9138,0,0,0,0
307.041,0.9138,0,0,0,0
307.074,0.9138,0,0,0,0
307.107,0.9138,0,0,0,0
307.143,0.9138,0,0,0,0
307.174,0.9138,0,0,0,0
307.207,0.9138,0,0,0,0
307.242,0.9138,0,0,0,0
307.273,0.9138,0,0,0,0
307.309,0.9138,0,0,0,0
307.338,0.9138,0,0,0,0
307.375,0.9138,0,0,0,0
307.409,0.9138,0,0,0,0
307.439,0.9138,0,0,0,0
307.474,0.9138,0,0,0,0
307.509,0.9138,0,0,0,0
307.540,0.9138,0,0,0,0
307.574,0.9138,0,0,0,0
307.606,0.9138,0,0,0,0
307.641,0.9138,0,0,0,0
307.673,0.9138,0,0,0,0
307.707,0.9138,0,0,0,0
307.742,0.9138,0,0,0,0
307.776,0.9138,0,0,0,0
307.807,0.9138,0,0,0,0
307.842,0.9138,0,0,0,0
307.873,0.9138,0,0,0,0
307.910,0.9138,0,0,0,0
307.943,0.9138,0,0,0,0
307.975,0.9138,0,0,0,0
308.006,0.9138,0,0,0,0
308.041,0.9138,0,0,0,0
308.073,0.9138,0,0,0,0
308.110,0.9138,0,0,0,0
308.142,0.9138,0,0,0,0
308.176,0.9138,0,0,0,0
308.206,0.9138,0,0,0,0
308.241,0.9138,0,0,0,0
308.272,0.9138,0,0,0,0
308.307,0.9138,0,0,0,0
308.341,0.9138,0,0,0,0
308.371,0.9138,0,0,0,0
308.409,0.9138,0,0,0,0
308.443,0.9138,0,0,0,0
308.476,0.9138,0,0,0,0
308.505,0.9138,0,0,0,0
308.543,0.9138,0,0,0,0
308.576,0.9138,0,0,0,0
308.604,0.9138,0,0,0,0
308.643,0.9138,0,0,0,0
308.675,0.9138,0,0,0,0
308.705,0.9138,0,0,0,0
308.740,0.9138,0,0,0,0
308.776,0.9138,0,0,0,0
308.805,0.9138,0,0,0,0
308.843,0.9138,0,0,0,0
308.875,0.9138,0,0,0,0
308.905,0.9138,0,0,0,0
309.239,0.9138,0,0,0,0
309.279,0.9138,0,0,0,0
309.298,0.9138,0,0,0,0
309.332,0.9138,0,0,0,0
309.665,0.9138,0,0,0,0
309.706,0.9138,0,0,0,0
309.716,0.9138,0,0,0,0
309.748,0.9138,0,0,0,0
309.779,0.9138,0,0,0,0
309.815,0.9138,0,0,0,0
309.847,0.9138,0,0,0,0
309.882,0.9138,0,0,0,0
309.914,0.9138,0,0,0,0
309.948,0.9138,0,0,0,0
309.980,0.9138,0,0,0,0
310.013,0.9138,0,0,0,0
310.047,0.9138,0,0,0,0
310.081,0.9138,0,0,0,0
310.115,0.9138,0,0,0,0
310.147,0.9138,0,0,0,0
310.182,0.9138,0,0,0,0
310.415,0.9138,0,0,0,0
310.458,0.9138,0,0,0,0
310.489,0.9138,0,0,0,0
310.521,0.9138,0,0,0,0
310.555,0.9138,0,0,0,0
310.587,0.9138,0,0,0,0
310.621,0.9138,0,0,0,0
310.656,0.9138,0,0,0,0
310.689,0.9138,0,0,0,0
310.719,0.9138,0,0,0,0
310.753,0.9138,0,0,0,0
310.786,0.9138,0,0,0,0
310.821,0.9138,0,0,0,0
310.856,0.9138,0,0,0,0
310.889,0.9138,0,0,0,0
310.926,0.9138,0,0,0,0
310.958,0.9138,0,0,0,0
310.989,0.9138,0,0,0,0
311.021,0.9138,0,0,0,0
311.052,0.9138,0,0,0,0
311.090,0.9138,0,0,0,0
311.119,0.9138,0,0,0,0
311.157,0.9138,0,0,0,0
311.187,0.9138,0,0,0,0
311.225,0.9138,0,0,0,0
311.252,0.9138,0,0,0,0
311.288,0.9138,0,0,0,0
311.319,0.9138,0,0,0,0
311.356,0.9138,0,0,0,0
311.386,0.9138,0,0,0,0
311.419,0.9138,0,0,0,0
311.456,0.9138,0,0,0,0
311.487,0.9138,0,0,0,0
311.519,0.9138,0,0,0,0
311.557,0.9138,0,0,0,0
311.587,0.9138,0,0,0,0
311.624,0.9138,0,0,0,0
311.653,0.9138,0,0,0,0
311.691,0.9138,0,0,0,0
311.722,0.9138,0,0,0,0
311.753,0.9138,0,0,0,0
311.790,0.9138,0,0,0,0
311.819,0.9138,0,0,0,0
311.854,0.9138,0,0,0,0
311.890,0.9138,0,0,0,0
311.925,0.9138,0,0,0,0
311.952,0.9138,0,0,0,0
311.988,0.9138,0,0,0,0
312.022,0.9138,0,0,0,0
312.056,0.9138,0,0,0,0
312.090,0.9138,0,0,0,0
312.124,0.9138,0,0,0,0
312.158,0.9138,0,0,0,0
312.187,0.9138,0,0,0,0
312.222,0.9138,0,0,0,0
312.256,0.9138,0,0,0,0
312.290,0.9138,0,0,0,0
312.325,0.9138,0,0,0,0
312.354,0.9138,0,0,0,0
312.389,0.9138,0,0,0,0
