time,halfW01,d0,d1,d2,d3
2.931,0.7885,2,5,5,2
0.333,0.7855,2,5,5,2
0.365,0.7854,2,5,5,2
0.398,0.7851,2,5,5,2
0.433,0.7850,2,5,5,2
0.466,0.7848,2,5,5,2
0.498,0.7846,2,5,5,2
0.536,0.7844,2,5,5,2
0.564,0.7843,2,5,5,2
0.598,0.7841,2,5,5,2
0.632,0.7841,2,5,5,2
0.665,0.7839,2,5,5,2
0.698,0.7838,2,5,5,2
0.732,0.7838,2,5,5,2
0.765,0.7837,2,5,5,2
0.798,0.7836,2,5,5,2
0.831,0.7836,2,5,5,2
0.865,0.7836,2,5,5,2
0.898,0.7836,2,5,5,2
0.931,0.7836,2,5,5,2
0.965,0.7836,2,5,5,2
0.998,0.7836,2,5,5,2
1.032,0.7836,2,5,5,2
1.065,0.7837,2,5,5,2
1.098,0.7837,2,5,5,2
1.132,0.7838,2,5,5,2
1.182,0.7839,2,5,5,2
1.198,0.7840,2,5,5,2
1.232,0.7840,2,5,5,2
1.265,0.7842,2,5,5,2
1.299,0.7843,2,5,5,2
1.332,0.7844,2,5,5,2
1.365,0.7846,0,0,0,0
1.398,0.7848,0,0,0,0
1.432,0.7849,0,0,0,0
1.465,0.7851,0,0,0,0
1.498,0.7853,0,0,0,0
1.532,0.7854,0,0,0,0
1.565,0.7857,0,0,0,0
1.598,0.7860,0,0,0,0
1.632,0.7861,0,0,0,0
1.666,0.7864,0,0,0,0
1.699,0.7867,0,0,0,0
1.732,0.7869,0,0,0,0
1.766,0.7872,0,0,0,0
1.800,0.7875,0,0,0,0
1.833,0.7877,0,0,0,0
1.866,0.7880,0,0,0,0
1.900,0.7884,0,0,0,0
1.933,0.7886,0,0,0,0
1.967,0.7890,0,0,0,0
1.999,0.7894,0,0,0,0
2.032,0.7895,0,0,0,0
2.066,0.7900,0,0,0,0
2.099,0.7904,0,0,0,0
2.132,0.7906,0,0,0,0
2.165,0.7910,0,0,0,0
2.199,0.7915,0,0,0,0
2.232,0.7917,0,0,0,0
2.265,0.7921,0,0,0,0
2.299,0.7926,0,0,0,0
2.332,0.7928,0,0,0,0
2.365,0.7933,0,0,0,0
2.398,0.7938,0,0,0,0
2.431,0.7940,0,0,0,0
2.465,0.7945,0,0,0,0
2.499,0.7950,0,0,0,0
2.532,0.7953,0,0,0,0
2.565,0.7958,0,0,0,0
2.599,0.7963,0,0,0,0
2.631,0.7966,0,0,0,0
2.665,0.7971,0,0,0,0
2.698,0.7977,0,0,0,0
2.732,0.7979,0,0,0,0
2.765,0.7985,0,0,0,0
2.798,0.7990,0,0,0,0
2.832,0.7993,0,0,0,0
2.865,0.7999,0,0,0,0
2.898,0.8004,0,0,0,0
2.932,0.8007,0,0,0,0
2.965,0.8013,0,0,0,0
2.998,0.8019,0,0,0,0
3.032,0.8022,0,0,0,0
3.065,0.8028,0,0,0,0
3.098,0.8033,0,0,0,0
3.132,0.8036,0,0,0,0
3.165,0.8042,0,0,0,0
3.198,0.8048,0,0,0,0
3.231,0.8051,0,0,0,0
3.265,0.8057,0,0,0,0
3.298,0.8063,0,0,0,0
3.332,0.8066,0,0,0,0
3.365,0.8072,0,0,0,0
3.398,0.8078,0,0,0,0
3.432,0.8081,0,0,0,0
3.465,0.8088,0,0,0,0
3.498,0.8094,0,0,0,0
3.532,0.8097,0,0,0,0
3.565,0.8103,0,0,0,0
3.598,0.8109,0,0,0,0
3.631,0.8112,0,0,0,0
3.665,0.8118,0,0,0,0
3.698,0.8124,0,0,0,0
3.732,0.8127,0,0,0,0
3.765,0.8133,0,0,0,0
3.798,0.8139,0,0,0,0
3.832,0.8142,0,0,0,0
3.865,0.8148,0,0,0,0
3.898,0.8154,0,0,0,0
3.931,0.8157,0,0,0,0
3.965,0.8162,0,0,0,0
3.998,0.8168,0,0,0,0
4.032,0.8171,0,0,0,0
4.065,0.8177,0,0,0,0
4.098,0.8183,0,0,0,0
4.131,0.8186,0,0,0,0
4.165,0.8192,0,0,0,0
4.198,0.8197,0,0,0,0
4.232,0.8200,0,0,0,0
4.265,0.8206,0,0,0,0
4.299,0.8212,0,0,0,0
4.332,0.8215,0,0,0,0
4.366,0.8220,0,0,0,0
4.398,0.8226,0,0,0,0
4.431,0.8229,0,0,0,0
4.465,0.8234,0,0,0,0
4.498,0.8240,0,0,0,0
4.532,0.8243,0,0,0,0
4.565,0.8248,0,0,0,0
4.598,0.8254,0,0,0,0
4.632,0.8257,0,0,0,0
4.665,0.8262,0,0,0,0
4.699,0.8268,0,0,0,0
4.731,0.8270,0,0,0,0
4.765,0.8276,0,0,0,0
4.799,0.8281,0,0,0,0
4.831,0.8284,0,0,0,0
4.865,0.8289,0,0,0,0
4.898,0.8294,0,0,0,0
4.931,0.8297,0,0,0,0
4.965,0.8302,0,0,0,0
4.998,0.8307,0,0,0,0
5.032,0.8309,0,0,0,0
5.065,0.8315,0,0,0,0
5.099,0.8320,0,0,0,0
5.131,0.8322,0,0,0,0
5.165,0.8327,0,0,0,0
5.198,0.8332,0,0,0,0
5.232,0.8334,0,0,0,0
5.265,0.8339,0,0,0,0
5.298,0.8344,0,0,0,0
5.332,0.8346,0,0,0,0
5.365,0.8351,0,0,0,0
5.398,0.8356,0,0,0,0
5.431,0.8358,0,0,0,0
5.465,0.8363,0,0,0,0
5.498,0.8367,0,0,0,0
5.531,0.8370,0,0,0,0
5.565,0.8374,0,0,0,0
5.598,0.8378,0,0,0,0
5.631,0.8381,0,0,0,0
5.665,0.8385,0,0,0,0
5.699,0.8389,0,0,0,0
5.732,0.8391,0,0,0,0
5.765,0.8395,0,0,0,0
5.798,0.8400,0,0,0,0
5.832,0.8402,0,0,0,0
5.865,0.8406,0,0,0,0
5.899,0.8410,0,0,0,0
5.931,0.8412,0,0,0,0
5.965,0.8416,0,0,0,0
5.998,0.8420,0,0,0,0
6.031,0.8422,0,0,0,0
6.065,0.8426,0,0,0,0
6.098,0.8430,0,0,0,0
6.132,0.8431,0,0,0,0
6.166,0.8435,0,0,0,0
6.198,0.8439,0,0,0,0
6.231,0.8441,0,0,0,0
6.265,0.8444,0,0,0,0
6.298,0.8448,0,0,0,0
6.332,0.8450,0,0,0,0
6.365,0.8453,0,0,0,0
6.398,0.8457,0,0,0,0
6.432,0.8459,0,0,0,0
6.465,0.8462,0,0,0,0
6.498,0.8466,0,0,0,0
6.531,0.8467,0,0,0,0
6.565,0.8471,0,0,0,0
6.598,0.8474,0,0,0,0
6.631,0.8476,0,0,0,0
6.665,0.8479,0,0,0,0
6.698,0.8482,0,0,0,0
6.731,0.8484,0,0,0,0
6.765,0.8487,0,0,0,0
6.798,0.8490,0,0,0,0
6.831,0.8491,0,0,0,0
6.865,0.8494,0,0,0,0
6.898,0.8497,0,0,0,0
6.931,0.8499,0,0,0,0
6.965,0.8502,0,0,0,0
6.998,0.8505,0,0,0,0
7.032,0.8506,0,0,0,0
7.065,0.8509,0,0,0,0
7.098,0.8512,0,0,0,0
7.132,0.8513,0,0,0,0
7.165,0.8516,0,0,0,0
7.198,0.8519,0,0,0,0
7.232,0.8520,0,0,0,0
7.265,0.8523,0,0,0,0
7.298,0.8526,0,0,0,0
7.332,0.8527,0,0,0,0
7.365,0.8529,0,0,0,0
7.398,0.8532,0,0,0,0
7.432,0.8533,0,0,0,0
7.465,0.8536,0,0,0,0
7.498,0.8538,0,0,0,0
7.532,0.8540,0,0,0,0
7.565,0.8542,0,0,0,0
7.598,0.8544,0,0,0,0
7.632,0.8546,0,0,0,0
7.665,0.8548,0,0,0,0
7.698,0.8550,0,0,0,0
7.732,0.8551,0,0,0,0
7.765,0.8554,0,0,0,0
7.798,0.8556,0,0,0,0
7.832,0.8557,0,0,0,0
7.865,0.8559,0,0,0,0
7.898,0.8562,0,0,0,0
7.932,0.8563,0,0,0,0
7.965,0.8565,0,0,0,0
7.999,0.8567,0,0,0,0
8.031,0.8568,0,0,0,0
8.065,0.8570,0,0,0,0
8.098,0.8572,0,0,0,0
8.132,0.8573,0,0,0,0
8.165,0.8575,0,0,0,0
8.198,0.8577,0,0,0,0
8.232,0.8578,0,0,0,0
8.265,0.8580,0,0,0,0
8.298,0.8582,0,0,0,0
8.332,0.8583,0,0,0,0
8.365,0.8585,0,0,0,0
8.398,0.8587,0,0,0,0
8.432,0.8588,0,0,0,0
8.465,0.8590,0,0,0,0
8.499,0.8592,0,0,0,0
8.532,0.8593,0,0,0,0
8.565,0.8595,0,0,0,0
8.598,0.8597,0,0,0,0
8.632,0.8598,0,0,0,0
8.665,0.8599,0,0,0,0
8.698,0.8601,0,0,0,0
8.731,0.8602,0,0,0,0
8.766,0.8604,0,0,0,0
8.799,0.8606,0,0,0,0
8.832,0.8606,0,0,0,0
8.865,0.8608,0,0,0,0
8.898,0.8610,0,0,0,0
8.932,0.8611,0,0,0,0
8.965,0.8614,0,0,0,0
8.998,0.8617,0,0,0,0
9.032,0.8618,0,0,0,0
9.065,0.8621,0,0,0,0
9.098,0.8624,0,0,0,0
9.132,0.8626,0,0,0,0
9.165,0.8629,0,0,0,0
9.198,0.8632,0,0,0,0
9.232,0.8633,0,0,0,0
9.265,0.8636,0,0,0,0
9.299,0.8639,0,0,0,0
9.332,0.8640,0,0,0,0
9.365,0.8643,0,0,0,0
9.399,0.8646,0,0,0,0
9.432,0.8648,0,0,0,0
9.465,0.8650,0,0,0,0
9.498,0.8653,0,0,0,0
9.532,0.8655,0,0,0,0
9.565,0.8658,0,0,0,0
9.598,0.8660,0,0,0,0
9.631,0.8662,0,0,0,0
9.665,0.8665,0,0,0,0
9.698,0.8668,0,0,0,0
9.732,0.8669,0,0,0,0
9.765,0.8672,0,0,0,0
9.798,0.8675,0,0,0,0
9.832,0.8676,0,0,0,0
9.865,0.8679,0,0,0,0
9.898,0.8682,0,0,0,0
9.932,0.8683,0,0,0,0
9.965,0.8686,0,0,0,0
9.998,0.8689,0,0,0,0
10.032,0.8690,0,0,0,0
10.065,0.8693,0,0,0,0
10.098,0.8695,0,0,0,0
10.132,0.8697,0,0,0,0
10.165,0.8700,0,0,0,0
10.198,0.8702,0,0,0,0
10.231,0.8704,0,0,0,0
10.265,0.8706,0,0,0,0
10.299,0.8709,0,0,0,0
10.332,0.8711,0,0,0,0
10.365,0.8713,0,0,0,0
10.399,0.8716,0,0,0,0
10.433,0.8717,0,0,0,0
10.465,0.8720,0,0,0,0
10.498,0.8723,0,0,0,0
10.532,0.8724,0,0,0,0
10.566,0.8727,0,0,0,0
10.599,0.8730,0,0,0,0
10.632,0.8731,0,0,0,0
10.666,0.8734,0,0,0,0
10.700,0.8736,0,0,0,0
10.734,0.8739,0,0,0,0
10.767,0.8741,0,0,0,0
10.801,0.8743,0,0,0,0
10.834,0.8746,0,0,0,0
10.867,0.8747,0,0,0,0
10.900,0.8750,0,0,0,0
10.933,0.8753,0,0,0,0
10.967,0.8754,0,0,0,0
10.999,0.8757,0,0,0,0
11.032,0.8758,0,0,0,0
11.066,0.8761,0,0,0,0
11.099,0.8764,0,0,0,0
11.132,0.8765,0,0,0,0
11.166,0.8768,0,0,0,0
11.199,0.8770,0,0,0,0
11.233,0.8772,0,0,0,0
11.266,0.8775,0,0,0,0
11.299,0.8777,0,0,0,0
11.332,0.8779,0,0,0,0
11.365,0.8781,0,0,0,0
11.399,0.8784,0,0,0,0
11.432,0.8785,0,0,0,0
11.465,0.8788,0,0,0,0
11.498,0.8791,0,0,0,0
11.532,0.8792,0,0,0,0
11.565,0.8795,0,0,0,0
11.598,0.8798,0,0,0,0
11.632,0.8799,0,0,0,0
11.665,0.8802,0,0,0,0
11.698,0.8805,0,0,0,0
11.731,0.8806,0,0,0,0
11.765,0.8809,0,0,0,0
11.798,0.8811,0,0,0,0
11.832,0.8813,0,0,0,0
11.865,0.8816,0,0,0,0
11.898,0.8818,0,0,0,0
11.931,0.8820,0,0,0,0
11.965,0.8822,0,0,0,0
11.998,0.8825,0,0,0,0
12.031,0.8827,0,0,0,0
12.065,0.8829,0,0,0,0
12.098,0.8832,0,0,0,0
12.131,0.8834,0,0,0,0
12.165,0.8836,0,0,0,0
12.198,0.8839,0,0,0,0
12.231,0.8841,0,0,0,0
12.265,0.8843,0,0,0,0
12.298,0.8846,0,0,0,0
12.332,0.8848,0,0,0,0
12.365,0.8850,0,0,0,0
12.399,0.8853,0,0,0,0
12.431,0.8855,0,0,0,0
12.466,0.8857,0,0,0,0
12.501,0.8860,0,0,0,0
12.532,0.8862,0,0,0,0
12.565,0.8864,0,0,0,0
12.599,0.8867,0,0,0,0
12.632,0.8869,0,0,0,0
12.665,0.8872,0,0,0,0
12.699,0.8874,0,0,0,0
12.732,0.8876,0,0,0,0
12.765,0.8879,0,0,0,0
12.798,0.8882,0,0,0,0
12.832,0.8883,0,0,0,0
12.866,0.8886,0,0,0,0
12.898,0.8889,0,0,0,0
12.932,0.8890,0,0,0,0
12.965,0.8893,0,0,0,0
12.999,0.8896,0,0,0,0
13.032,0.8897,0,0,0,0
13.066,0.8900,0,0,0,0
13.099,0.8903,0,0,0,0
13.132,0.8905,0,0,0,0
13.165,0.8908,0,0,0,0
13.198,0.8911,0,0,0,0
13.232,0.8912,0,0,0,0
13.265,0.8915,0,0,0,0
13.299,0.8918,0,0,0,0
13.332,0.8919,0,0,0,0
13.366,0.8922,0,0,0,0
13.399,0.8925,0,0,0,0
13.432,0.8927,0,0,0,0
13.465,0.8930,0,0,0,0
13.499,0.8933,0,0,0,0
13.532,0.8934,0,0,0,0
13.565,0.8937,0,0,0,0
13.599,0.8940,0,0,0,0
13.632,0.8942,0,0,0,0
13.666,0.8945,0,0,0,0
13.699,0.8948,0,0,0,0
13.732,0.8949,0,0,0,0
13.765,0.8952,0,0,0,0
13.798,0.8955,0,0,0,0
13.832,0.8957,0,0,0,0
13.866,0.8960,0,0,0,0
13.899,0.8961,0,0,0,0
13.932,0.8959,0,0,0,0
13.966,0.8956,0,0,0,0
13.999,0.8948,0,0,0,0
14.033,0.8934,0,0,0,0
14.067,0.8919,2,5,5,2
14.100,0.8915,2,5,5,2
14.133,0.8917,2,5,5,2
14.167,0.8919,2,5,5,2
14.200,0.8922,2,5,5,2
14.234,0.8925,2,5,5,2
14.266,0.8926,2,5,5,2
14.299,0.8929,2,5,5,2
14.332,0.8931,2,5,5,2
14.366,0.8934,2,5,5,2
14.399,0.8937,2,5,5,2
14.433,0.8944,2,5,5,2
14.466,0.8952,2,5,5,2
14.499,0.8976,2,5,5,2
14.532,0.8994,2,5,5,2
14.565,0.9009,2,5,5,2
14.598,0.9019,2,5,5,2
14.632,0.9022,2,5,5,2
14.665,0.9024,2,5,5,2
14.698,0.9026,2,5,5,2
14.731,0.9027,2,5,5,2
14.765,0.9030,2,5,5,2
14.798,0.9034,2,5,5,2
14.831,0.9035,2,5,5,2
14.865,0.9038,2,5,5,2
14.898,0.9042,2,5,5,2
14.931,0.9043,2,5,5,2
14.965,0.9046,2,5,5,2
14.998,0.9050,2,5,5,2
15.032,0.9051,2,5,5,2
15.065,0.9054,2,5,5,2
15.098,0.9058,2,5,5,2
15.131,0.9059,2,5,5,2
15.165,0.9062,2,5,5,2
15.198,0.9066,2,5,5,2
15.232,0.9067,2,5,5,2
15.265,0.9070,2,5,5,2
15.298,0.9074,2,5,5,2
15.332,0.9075,2,5,5,2
15.364,0.9078,2,5,5,2
15.398,0.9082,2,5,5,2
15.432,0.9083,2,5,5,2
15.465,0.9087,2,5,5,2
15.498,0.9091,2,5,5,2
15.531,0.9092,2,5,5,2
15.565,0.9095,0,0,0,0
15.598,0.9099,0,0,0,0
15.631,0.9100,0,0,0,0
15.664,0.9104,0,0,0,0
15.698,0.9107,0,0,0,0
15.731,0.9109,0,0,0,0
15.765,0.9112,0,0,0,0
15.798,0.9115,0,0,0,0
15.831,0.9117,0,0,0,0
15.865,0.9120,0,0,0,0
15.898,0.9123,0,0,0,0
15.931,0.9125,0,0,0,0
15.965,0.9128,0,0,0,0
15.998,0.9132,0,0,0,0
16.031,0.9133,0,0,0,0
16.065,0.9136,0,0,0,0
16.099,0.9140,0,0,0,0
16.132,0.9141,0,0,0,0
16.165,0.9145,0,0,0,0
16.199,0.9148,0,0,0,0
16.231,0.9150,0,0,0,0
16.265,0.9153,0,0,0,0
16.299,0.9156,0,0,0,0
16.332,0.9158,0,0,0,0
16.365,0.9161,0,0,0,0
16.398,0.9164,0,0,0,0
16.431,0.9166,0,0,0,0
16.465,0.9169,0,0,0,0
16.498,0.9173,0,0,0,0
16.531,0.9174,0,0,0,0
16.565,0.9178,0,0,0,0
16.598,0.9181,0,0,0,0
16.631,0.9183,0,0,0,0
16.665,0.9186,0,0,0,0
16.698,0.9189,0,0,0,0
16.731,0.9191,0,0,0,0
16.765,0.9194,0,0,0,0
16.798,0.9197,0,0,0,0
16.832,0.9199,0,0,0,0
16.864,0.9202,0,0,0,0
16.899,0.9206,0,0,0,0
16.931,0.9207,0,0,0,0
16.965,0.9211,0,0,0,0
16.999,0.9214,0,0,0,0
17.032,0.9216,0,0,0,0
17.065,0.9219,0,0,0,0
17.099,0.9222,0,0,0,0
17.132,0.9224,0,0,0,0
17.165,0.9227,0,0,0,0
17.199,0.9230,0,0,0,0
17.232,0.9232,0,0,0,0
17.266,0.9235,0,0,0,0
17.298,0.9240,0,0,0,0
17.332,0.9242,0,0,0,0
17.366,0.9243,0,0,0,0
17.398,0.9238,0,0,0,0
17.432,0.9224,0,0,0,0
17.465,0.9200,2,5,5,2
17.498,0.9162,2,5,5,2
17.532,0.9111,2,5,5,2
17.565,0.9084,2,5,5,2
17.599,0.9059,2,5,5,2
17.632,0.9043,2,5,5,2
17.665,0.9038,2,5,5,2
17.698,0.9035,2,5,5,2
17.732,0.9037,2,5,5,2
17.765,0.9040,2,5,5,2
17.799,0.9044,2,5,5,2
17.832,0.9047,2,5,5,2
17.865,0.9059,2,5,5,2
17.898,0.9100,2,5,5,2
17.932,0.9141,2,5,5,2
17.965,0.9182,2,5,5,2
17.999,0.9219,2,5,5,2
18.032,0.9246,2,5,5,2
18.065,0.9256,2,5,5,2
18.099,0.9259,2,5,5,2
18.132,0.9261,2,5,5,2
18.166,0.9264,2,5,5,2
18.199,0.9267,2,5,5,2
18.232,0.9269,2,5,5,2
18.265,0.9272,2,5,5,2
18.298,0.9275,2,5,5,2
18.332,0.9286,2,5,5,2
18.365,0.9300,2,5,5,2
18.398,0.9314,2,5,5,2
18.432,0.9324,2,5,5,2
18.465,0.9331,2,5,5,2
18.499,0.9334,2,5,5,2
18.532,0.9336,2,5,5,2
18.566,0.9339,2,5,5,2
18.599,0.9342,2,5,5,2
18.632,0.9343,2,5,5,2
18.665,0.9346,2,5,5,2
18.699,0.9349,2,5,5,2
18.732,0.9350,2,5,5,2
18.765,0.9353,2,5,5,2
18.799,0.9356,2,5,5,2
18.832,0.9357,2,5,5,2
18.865,0.9360,2,5,5,2
18.898,0.9363,2,5,5,2
18.932,0.9365,2,5,5,2
18.965,0.9367,2,5,5,2
18.999,0.9370,2,5,5,2
19.032,0.9371,2,5,5,2
19.065,0.9374,0,0,0,0
19.099,0.9377,0,0,0,0
19.132,0.9378,0,0,0,0
19.165,0.9381,0,0,0,0
19.199,0.9384,0,0,0,0
19.232,0.9385,0,0,0,0
19.265,0.9388,0,0,0,0
19.298,0.9390,0,0,0,0
19.332,0.9392,0,0,0,0
19.366,0.9394,0,0,0,0
19.399,0.9397,0,0,0,0
19.433,0.9398,0,0,0,0
19.465,0.9401,0,0,0,0
19.498,0.9403,0,0,0,0
19.532,0.9404,0,0,0,0
19.566,0.9407,0,0,0,0
19.599,0.9409,0,0,0,0
19.633,0.9412,0,0,0,0
19.666,0.9413,0,0,0,0
19.700,0.9415,0,0,0,0
19.733,0.9418,0,0,0,0
19.767,0.9419,0,0,0,0
19.800,0.9421,0,0,0,0
19.833,0.9424,0,0,0,0
19.867,0.9425,0,0,0,0
19.900,0.9427,0,0,0,0
19.933,0.9428,0,0,0,0
19.966,0.9430,0,0,0,0
20.000,0.9433,0,0,0,0
20.034,0.9435,0,0,0,0
20.066,0.9436,0,0,0,0
20.099,0.9438,0,0,0,0
20.132,0.9439,0,0,0,0
20.165,0.9441,0,0,0,0
20.198,0.9443,0,0,0,0
20.232,0.9444,0,0,0,0
20.265,0.9446,0,0,0,0
20.298,0.9448,0,0,0,0
20.331,0.9449,0,0,0,0
20.365,0.9451,0,0,0,0
20.399,0.9453,0,0,0,0
20.432,0.9454,0,0,0,0
20.465,0.9456,0,0,0,0
20.498,0.9458,0,0,0,0
20.532,0.9459,0,0,0,0
20.565,0.9461,0,0,0,0
20.598,0.9462,0,0,0,0
20.631,0.9463,0,0,0,0
20.665,0.9465,0,0,0,0
20.698,0.9467,0,0,0,0
20.731,0.9467,0,0,0,0
20.765,0.9469,0,0,0,0
20.798,0.9471,0,0,0,0
20.831,0.9472,0,0,0,0
20.865,0.9473,0,0,0,0
20.898,0.9475,0,0,0,0
20.932,0.9475,0,0,0,0
20.964,0.9477,0,0,0,0
20.998,0.9478,0,0,0,0
21.031,0.9479,0,0,0,0
21.064,0.9481,0,0,0,0
21.098,0.9482,0,0,0,0
21.131,0.9483,0,0,0,0
21.165,0.9484,0,0,0,0
21.198,0.9485,0,0,0,0
21.231,0.9486,0,0,0,0
21.265,0.9487,0,0,0,0
21.298,0.9488,0,0,0,0
21.331,0.9489,0,0,0,0
21.364,0.9490,0,0,0,0
21.399,0.9491,0,0,0,0
21.432,0.9492,0,0,0,0
21.465,0.9493,0,0,0,0
21.498,0.9494,0,0,0,0
21.531,0.9495,0,0,0,0
21.565,0.9496,0,0,0,0
21.598,0.9497,0,0,0,0
21.632,0.9497,0,0,0,0
21.665,0.9498,0,0,0,0
21.699,0.9498,0,0,0,0
21.732,0.9497,0,0,0,0
21.765,0.9492,0,0,0,0
21.798,0.9480,0,0,0,0
21.832,0.9472,0,0,0,0
21.865,0.9448,2,5,5,2
21.898,0.9416,2,5,5,2
21.931,0.9397,2,5,5,2
21.965,0.9352,2,5,5,2
21.998,0.9300,2,5,5,2
22.031,0.9272,2,5,5,2
22.065,0.9210,2,5,5,2
22.098,0.9142,2,5,5,2
22.131,0.9107,2,5,5,2
22.165,0.9032,2,5,5,2
22.198,0.8953,2,5,5,2
22.231,0.8913,2,5,5,2
22.265,0.8829,2,5,5,2
22.298,0.8743,2,5,5,2
22.332,0.8699,2,5,5,2
22.365,0.8610,2,5,5,2
22.399,0.8521,2,5,5,2
22.431,0.8478,2,5,5,2
22.465,0.8392,2,5,5,2
22.498,0.8309,2,5,5,2
22.531,0.8270,2,5,5,2
22.565,0.8196,2,5,5,2
22.598,0.8128,2,5,5,2
22.632,0.8098,2,5,5,2
22.665,0.8047,2,5,5,2
22.698,0.8009,2,5,5,2
22.732,0.7996,2,5,5,2
22.765,0.7981,2,5,5,2
22.798,0.7983,2,5,5,2
22.831,0.7989,2,5,5,2
22.865,0.8013,2,5,5,2
22.898,0.8050,2,5,5,2
22.932,0.8072,2,5,5,2
22.965,0.8126,2,5,5,2
22.998,0.8186,2,5,5,2
23.031,0.8218,2,5,5,2
23.065,0.8280,2,5,5,2
23.098,0.8339,2,5,5,2
23.132,0.8366,2,5,5,2
23.165,0.8412,2,5,5,2
23.198,0.8445,2,5,5,2
23.232,0.8457,2,5,5,2
23.265,0.8467,2,5,5,2
23.298,0.8463,2,5,5,2
23.331,0.8456,2,5,5,2
23.365,0.8431,2,5,5,2
23.399,0.8394,2,5,5,2
23.432,0.8371,2,5,5,2
23.465,0.8319,2,5,5,2
23.499,0.8259,2,5,5,2
23.532,0.8226,2,5,5,2
23.565,0.8155,2,5,5,2
23.599,0.8079,2,5,5,2
23.632,0.8039,2,5,5,2
23.665,0.7956,2,5,5,2
23.698,0.7870,2,5,5,2
23.732,0.7826,2,5,5,2
23.765,0.7736,2,5,5,2
23.799,0.7643,2,5,5,2
23.832,0.7597,2,5,5,2
23.866,0.7507,2,5,5,2
23.898,0.7422,2,5,5,2
23.932,0.7382,2,5,5,2
23.965,0.7308,2,5,5,2
23.998,0.7243,2,5,5,2
24.032,0.7214,2,5,5,2
24.065,0.7161,1,6,6,1
24.098,0.7117,1,6,6,1
24.132,0.7098,1,6,6,1
24.166,0.7064,1,6,6,1
24.198,0.7037,1,6,6,1
24.232,0.7026,1,6,6,1
24.265,0.7007,1,6,6,1
24.299,0.6992,1,6,6,1
24.332,0.6986,1,6,6,1
24.365,0.6976,1,6,6,1
24.398,0.6968,1,6,6,1
24.432,0.6965,1,6,6,1
24.465,0.6960,1,6,6,1
24.498,0.6957,1,6,6,1
24.532,0.6956,1,6,6,1
24.566,0.6953,1,6,6,1
24.599,0.6952,1,6,6,1
24.632,0.6951,1,6,6,1
24.665,0.6950,1,6,6,1
24.700,0.6950,1,6,6,1
24.732,0.6949,1,6,6,1
24.766,0.6949,1,6,6,1
24.799,0.6949,1,6,6,1
24.832,0.6948,1,6,6,1
24.866,0.6948,1,6,6,1
24.899,0.6948,1,6,6,1
24.932,0.6948,1,6,6,1
24.965,0.6947,1,6,6,1
24.999,0.6947,1,6,6,1
25.032,0.6948,1,6,6,1
25.066,0.6949,1,6,6,1
25.100,0.6950,1,6,6,1
25.134,0.6951,1,6,6,1
25.167,0.6951,1,6,6,1
25.200,0.6952,1,6,6,1
25.233,0.6953,1,6,6,1
25.267,0.6954,0,0,0,0
25.300,0.6955,0,0,0,0
25.334,0.6956,0,0,0,0
25.367,0.6956,0,0,0,0
25.400,0.6957,0,0,0,0
25.433,0.6958,0,0,0,0
25.466,0.6959,0,0,0,0
25.498,0.6960,0,0,0,0
25.531,0.6960,0,0,0,0
25.565,0.6961,0,0,0,0
25.599,0.6962,0,0,0,0
25.631,0.6963,0,0,0,0
25.665,0.6964,0,0,0,0
25.698,0.6965,0,0,0,0
25.731,0.6965,0,0,0,0
25.765,0.6966,0,0,0,0
25.799,0.6967,0,0,0,0
25.832,0.6968,0,0,0,0
25.865,0.6969,0,0,0,0
25.898,0.6970,0,0,0,0
25.931,0.6970,0,0,0,0
25.965,0.6971,0,0,0,0
25.999,0.6972,0,0,0,0
26.031,0.6973,0,0,0,0
26.065,0.6974,0,0,0,0
26.098,0.6975,0,0,0,0
26.132,0.6975,0,0,0,0
26.165,0.6976,0,0,0,0
26.198,0.6977,0,0,0,0
26.232,0.6978,0,0,0,0
26.265,0.6979,0,0,0,0
26.299,0.6980,0,0,0,0
26.332,0.6980,0,0,0,0
26.365,0.6981,0,0,0,0
26.398,0.6982,0,0,0,0
26.432,0.6983,0,0,0,0
26.466,0.6984,0,0,0,0
26.499,0.6985,0,0,0,0
26.532,0.6985,0,0,0,0
26.566,0.6986,0,0,0,0
26.599,0.6987,0,0,0,0
26.632,0.6987,0,0,0,0
26.665,0.6988,0,0,0,0
26.698,0.6989,0,0,0,0
26.731,0.6990,0,0,0,0
26.765,0.6991,0,0,0,0
26.799,0.6992,0,0,0,0
26.832,0.6992,0,0,0,0
26.866,0.6993,0,0,0,0
26.898,0.6994,0,0,0,0
26.932,0.6994,0,0,0,0
26.965,0.6995,0,0,0,0
26.999,0.6996,0,0,0,0
27.032,0.6997,0,0,0,0
27.065,0.6998,0,0,0,0
27.098,0.6998,0,0,0,0
27.132,0.6999,0,0,0,0
27.165,0.7000,0,0,0,0
27.199,0.7001,0,0,0,0
27.232,0.7001,0,0,0,0
27.265,0.7002,0,0,0,0
27.298,0.7003,0,0,0,0
27.332,0.7003,0,0,0,0
27.365,0.7004,0,0,0,0
27.399,0.7005,0,0,0,0
27.432,0.7005,0,0,0,0
27.466,0.7006,0,0,0,0
27.498,0.7007,0,0,0,0
27.532,0.7007,0,0,0,0
27.565,0.7008,0,0,0,0
27.599,0.7009,0,0,0,0
27.632,0.7009,0,0,0,0
27.665,0.7010,0,0,0,0
27.699,0.7011,0,0,0,0
27.732,0.7011,0,0,0,0
27.766,0.7012,0,0,0,0
27.799,0.7013,0,0,0,0
27.832,0.7013,0,0,0,0
27.866,0.7014,0,0,0,0
27.900,0.7014,0,0,0,0
27.933,0.7015,0,0,0,0
27.967,0.7016,0,0,0,0
28.000,0.7016,0,0,0,0
28.032,0.7017,0,0,0,0
28.066,0.7017,0,0,0,0
28.099,0.7018,0,0,0,0
28.134,0.7020,0,0,0,0
28.167,0.7025,0,0,0,0
28.200,0.7027,0,0,0,0
28.233,0.7026,0,0,0,0
28.267,0.7019,0,0,0,0
28.299,0.7007,0,0,0,0
28.332,0.6999,0,0,0,0
28.366,0.6999,0,0,0,0
28.400,0.7000,0,0,0,0
28.432,0.7000,0,0,0,0
28.466,0.7001,0,0,0,0
28.498,0.7002,0,0,0,0
28.531,0.7002,0,0,0,0
28.565,0.7003,0,0,0,0
28.598,0.7004,0,0,0,0
28.632,0.7004,0,0,0,0
28.665,0.7005,0,0,0,0
28.698,0.7005,0,0,0,0
28.732,0.7006,0,0,0,0
28.765,0.7006,0,0,0,0
28.799,0.7019,0,0,0,0
28.831,0.7034,0,0,0,0
28.865,0.7038,0,0,0,0
28.898,0.7029,0,0,0,0
28.931,0.7005,1,6,6,1
28.965,0.6993,1,6,6,1
28.998,0.6993,1,6,6,1
29.032,0.6994,1,6,6,1
29.065,0.6994,1,6,6,1
29.099,0.6995,1,6,6,1
29.132,0.6995,1,6,6,1
29.165,0.6998,1,6,6,1
29.198,0.7017,1,6,6,1
29.232,0.7037,1,6,6,1
29.265,0.7043,1,6,6,1
29.298,0.7034,1,6,6,1
29.331,0.7009,1,6,6,1
29.365,0.6969,1,6,6,1
29.398,0.6915,1,6,6,1
29.432,0.6898,1,6,6,1
29.465,0.6899,1,6,6,1
29.498,0.6899,1,6,6,1
29.531,0.6900,1,6,6,1
29.565,0.6900,1,6,6,1
29.598,0.6901,1,6,6,1
29.631,0.6901,1,6,6,1
29.665,0.6901,1,6,6,1
29.698,0.6902,1,6,6,1
29.731,0.6902,1,6,6,1
29.765,0.6903,1,6,6,1
29.798,0.6903,1,6,6,1
29.831,0.6903,1,6,6,1
29.865,0.6904,1,6,6,1
29.898,0.6903,1,6,6,1
29.931,0.6899,1,6,6,1
29.965,0.6890,1,6,6,1
29.998,0.6874,1,6,6,1
30.031,0.6854,1,6,6,1
30.065,0.6824,1,6,6,1
30.098,0.6789,1,6,6,1
30.131,0.6750,1,6,6,1
30.165,0.6714,1,6,6,1
30.199,0.6684,1,6,6,1
30.232,0.6681,1,6,6,1
30.265,0.6679,1,6,6,1
30.298,0.6678,1,6,6,1
30.332,0.6677,1,6,6,1
30.365,0.6671,1,6,6,1
30.398,0.6634,1,6,6,1
30.432,0.6554,1,6,6,1
30.465,0.6459,1,6,6,1
30.498,0.6628,1,6,6,1
30.531,0.6786,1,6,6,1
30.565,0.6930,1,6,6,1
30.598,0.7058,1,6,6,1
30.632,0.7171,1,6,6,1
30.665,0.7269,1,6,6,1
30.698,0.7350,1,6,6,1
30.732,0.7416,1,6,6,1
30.765,0.7466,1,6,6,1
30.798,0.7500,1,6,6,1
30.832,0.7517,1,6,6,1
30.865,0.7518,1,6,6,1
30.898,0.7503,1,6,6,1
30.932,0.7472,1,6,6,1
30.965,0.7424,1,6,6,1
30.998,0.7360,1,6,6,1
31.032,0.7280,1,6,6,1
31.065,0.7185,1,6,6,1
31.099,0.7073,1,6,6,1
31.132,0.6948,1,6,6,1
31.165,0.6808,1,6,6,1
31.198,0.6651,1,6,6,1
31.232,0.6549,1,6,6,1
31.265,0.6711,1,6,6,1
31.299,0.6857,1,6,6,1
31.332,0.6979,1,6,6,1
31.365,0.7079,1,6,6,1
31.398,0.7141,1,6,6,1
31.432,0.7162,1,6,6,1
31.465,0.7177,1,6,6,1
31.499,0.7177,1,6,6,1
31.532,0.7177,1,6,6,1
31.565,0.7177,1,6,6,1
31.600,0.7177,1,6,6,1
31.632,0.7167,1,6,6,1
31.666,0.7149,1,6,6,1
31.699,0.7091,1,6,6,1
31.732,0.7091,1,6,6,1
31.767,0.7091,1,6,6,1
31.800,0.6950,1,6,6,1
31.832,0.6819,1,6,6,1
31.866,0.6669,1,6,6,1
31.899,0.6567,1,6,6,1
31.932,0.6688,1,6,6,1
31.966,0.6840,1,6,6,1
31.998,0.6974,1,6,6,1
32.032,0.7095,1,6,6,1
32.066,0.7203,1,6,6,1
32.098,0.7292,1,6,6,1
32.131,0.7367,1,6,6,1
32.165,0.7426,1,6,6,1
32.198,0.7468,1,6,6,1
32.231,0.7495,1,6,6,1
32.265,0.7505,1,6,6,1
32.298,0.7500,1,6,6,1
32.332,0.7478,1,6,6,1
32.365,0.7439,1,6,6,1
32.398,0.7384,1,6,6,1
32.432,0.7314,1,6,6,1
32.465,0.7228,1,6,6,1
32.499,0.7124,1,6,6,1
32.532,0.7008,1,6,6,1
32.565,0.6877,1,6,6,1
32.598,0.6729,1,6,6,1
32.631,0.6568,1,6,6,1
32.664,0.6504,1,6,6,1
32.698,0.6626,1,6,6,1
32.731,0.6734,1,6,6,1
32.765,0.6827,1,6,6,1
32.798,0.6881,1,6,6,1
32.831,0.6924,1,6,6,1
32.865,0.6958,1,6,6,1
32.898,0.6983,1,6,6,1
32.932,0.7004,1,6,6,1
32.965,0.7021,1,6,6,1
32.998,0.7036,1,6,6,1
33.032,0.7056,1,6,6,1
33.065,0.7057,1,6,6,1
33.098,0.7057,1,6,6,1
33.131,0.7057,1,6,6,1
33.165,0.6842,1,6,6,1
33.199,0.6919,1,6,6,1
33.231,0.6958,1,6,6,1
33.265,0.6972,1,6,6,1
33.298,0.6981,1,6,6,1
33.331,0.6984,1,6,6,1
33.365,0.6986,1,6,6,1
33.398,0.6985,1,6,6,1
33.432,0.6985,1,6,6,1
33.465,0.6984,1,6,6,1
33.498,0.6984,1,6,6,1
33.531,0.6995,1,6,6,1
33.565,0.7018,1,6,6,1
33.598,0.7045,1,6,6,1
33.631,0.7063,1,6,6,1
33.664,0.7066,1,6,6,1
33.698,0.7054,1,6,6,1
33.731,0.7026,1,6,6,1
33.765,0.6983,1,6,6,1
33.799,0.6922,1,6,6,1
33.832,0.6849,1,6,6,1
33.865,0.6760,1,6,6,1
33.898,0.6653,1,6,6,1
33.931,0.6538,1,6,6,1
33.965,0.6455,1,6,6,1
33.998,0.6416,1,6,6,1
34.031,0.6413,1,6,6,1
34.065,0.6408,1,6,6,1
34.098,0.6402,1,6,6,1
34.132,0.6400,1,6,6,1
34.165,0.6395,1,6,6,1
34.198,0.6391,1,6,6,1
34.231,0.6406,1,6,6,1
34.265,0.6423,1,6,6,1
34.298,0.6496,1,6,6,1
34.331,0.6573,1,6,6,1
34.365,0.6646,1,6,6,1
34.398,0.6715,1,6,6,1
34.431,0.6773,1,6,6,1
34.465,0.6775,1,6,6,1
34.499,0.6774,1,6,6,1
34.531,0.6774,1,6,6,1
34.565,0.6773,1,6,6,1
34.599,0.6773,1,6,6,1
34.632,0.6656,1,6,6,1
34.665,0.6694,1,6,6,1
34.698,0.6738,1,6,6,1
34.732,0.6782,1,6,6,1
34.765,0.6793,1,6,6,1
34.798,0.6801,1,6,6,1
34.831,0.6801,1,6,6,1
34.865,0.6802,1,6,6,1
34.898,0.6802,1,6,6,1
34.931,0.6802,1,6,6,1
34.965,0.6803,1,6,6,1
34.998,0.6807,1,6,6,1
35.032,0.6811,1,6,6,1
35.065,0.6824,1,6,6,1
35.098,0.6845,1,6,6,1
35.131,0.6859,1,6,6,1
35.165,0.6894,1,6,6,1
35.198,0.6936,1,6,6,1
35.231,0.6960,1,6,6,1
35.265,0.7015,1,6,6,1
35.298,0.7075,2,5,5,2
35.332,0.7107,2,5,5,2
35.365,0.7178,2,5,5,2
35.398,0.7259,2,5,5,2
35.431,0.7309,2,5,5,2
35.465,0.7408,2,5,5,2
35.498,0.7506,2,5,5,2
35.532,0.7550,2,5,5,2
35.565,0.7633,2,5,5,2
35.599,0.7708,2,5,5,2
35.632,0.7740,2,5,5,2
35.665,0.7795,2,5,5,2
35.698,0.7833,2,5,5,2
35.732,0.7847,2,5,5,2
35.765,0.7861,2,5,5,2
35.798,0.7859,2,5,5,2
35.832,0.7854,2,5,5,2
35.865,0.7830,2,5,5,2
35.898,0.7792,2,5,5,2
35.932,0.7769,2,5,5,2
35.965,0.7724,2,5,5,2
35.998,0.7671,2,5,5,2
36.032,0.7642,2,5,5,2
36.065,0.7578,2,5,5,2
36.098,0.7508,2,5,5,2
36.132,0.7471,2,5,5,2
36.166,0.7394,2,5,5,2
36.199,0.7317,2,5,5,2
36.232,0.7279,2,5,5,2
36.265,0.7203,2,5,5,2
36.299,0.7128,1,6,6,1
36.332,0.7091,1,6,6,1
36.365,0.7015,1,6,6,1
36.399,0.6938,1,6,6,1
36.432,0.6899,1,6,6,1
36.465,0.6818,1,6,6,1
36.499,0.6736,1,6,6,1
36.532,0.6695,1,6,6,1
36.565,0.6611,1,6,6,1
36.598,0.6529,1,6,6,1
36.632,0.6489,1,6,6,1
36.665,0.6411,1,6,6,1
36.699,0.6338,1,6,6,1
36.732,0.6301,1,6,6,1
36.766,0.6236,1,6,6,1
36.799,0.6177,1,6,6,1
36.833,0.6128,1,6,6,1
36.866,0.6112,1,6,6,1
36.900,0.6073,1,6,6,1
36.933,0.6062,1,6,6,1
36.966,0.6026,1,6,6,1
36.999,0.5994,1,6,6,1
37.032,0.5981,1,6,6,1
37.066,0.5953,1,6,6,1
37.099,0.5929,1,6,6,1
37.132,0.5919,1,6,6,1
37.167,0.5900,1,6,6,1
37.199,0.5883,1,6,6,1
37.232,0.5875,1,6,6,1
37.266,0.5860,1,6,6,1
37.299,0.5847,1,6,6,1
37.332,0.5840,1,6,6,1
37.365,0.5829,1,6,6,1
37.398,0.5820,1,6,6,1
37.431,0.5816,1,6,6,1
37.464,0.5808,1,6,6,1
37.498,0.5802,1,6,6,1
37.532,0.5799,1,6,6,1
37.565,0.5794,1,6,6,1
37.598,0.5791,1,6,6,1
37.632,0.5789,1,6,6,1
37.665,0.5786,1,6,6,1
37.699,0.5783,1,6,6,1
37.732,0.5782,1,6,6,1
37.765,0.5780,1,6,6,1
37.798,0.5779,1,6,6,1
37.832,0.5778,1,6,6,1
37.865,0.5777,1,6,6,1
37.898,0.5775,1,6,6,1
37.931,0.5775,1,6,6,1
37.965,0.5774,1,6,6,1
37.998,0.5773,1,6,6,1
38.031,0.5772,1,6,6,1
38.065,0.5771,1,6,6,1
38.098,0.5771,1,6,6,1
38.131,0.5770,1,6,6,1
38.164,0.5769,1,6,6,1
38.198,0.5769,1,6,6,1
38.231,0.5768,1,6,6,1
38.265,0.5767,1,6,6,1
38.298,0.5767,0,0,0,0
38.331,0.5766,0,0,0,0
38.365,0.5766,0,0,0,0
38.398,0.5765,0,0,0,0
38.432,0.5765,0,0,0,0
38.465,0.5764,0,0,0,0
38.498,0.5764,0,0,0,0
38.532,0.5763,0,0,0,0
38.565,0.5763,0,0,0,0
38.599,0.5762,0,0,0,0
38.632,0.5762,0,0,0,0
38.665,0.5762,0,0,0,0
38.698,0.5761,0,0,0,0
38.731,0.5761,0,0,0,0
38.765,0.5761,0,0,0,0
38.799,0.5760,0,0,0,0
38.831,0.5760,0,0,0,0
38.865,0.5760,0,0,0,0
38.898,0.5759,0,0,0,0
38.931,0.5759,0,0,0,0
38.965,0.5759,0,0,0,0
38.998,0.5758,0,0,0,0
39.032,0.5758,0,0,0,0
39.065,0.5758,0,0,0,0
39.098,0.5758,0,0,0,0
39.132,0.5757,0,0,0,0
39.165,0.5757,0,0,0,0
39.199,0.5757,0,0,0,0
39.232,0.5757,0,0,0,0
39.265,0.5756,0,0,0,0
39.298,0.5756,0,0,0,0
39.331,0.5756,0,0,0,0
39.365,0.5756,0,0,0,0
39.398,0.5756,0,0,0,0
39.431,0.5755,0,0,0,0
39.465,0.5755,0,0,0,0
39.498,0.5755,0,0,0,0
39.531,0.5755,0,0,0,0
39.565,0.5755,0,0,0,0
39.599,0.5754,0,0,0,0
39.632,0.5754,0,0,0,0
39.666,0.5754,0,0,0,0
39.699,0.5754,0,0,0,0
39.732,0.5754,0,0,0,0
39.765,0.5754,0,0,0,0
39.799,0.5754,0,0,0,0
39.831,0.5753,0,0,0,0
39.865,0.5753,0,0,0,0
39.898,0.5753,0,0,0,0
39.931,0.5753,0,0,0,0
39.965,0.5753,0,0,0,0
39.998,0.5753,0,0,0,0
40.031,0.5753,0,0,0,0
40.065,0.5752,0,0,0,0
40.098,0.5752,0,0,0,0
40.131,0.5752,0,0,0,0
40.165,0.5752,0,0,0,0
40.198,0.5752,0,0,0,0
40.232,0.5752,0,0,0,0
40.265,0.5752,0,0,0,0
40.298,0.5752,0,0,0,0
40.331,0.5751,0,0,0,0
40.365,0.5751,0,0,0,0
40.398,0.5751,0,0,0,0
40.432,0.5751,0,0,0,0
40.465,0.5751,0,0,0,0
40.498,0.5751,0,0,0,0
40.532,0.5751,0,0,0,0
40.565,0.5751,0,0,0,0
40.598,0.5750,0,0,0,0
40.632,0.5750,0,0,0,0
40.665,0.5750,0,0,0,0
40.698,0.5750,0,0,0,0
40.731,0.5750,0,0,0,0
40.765,0.5748,0,0,0,0
40.798,0.5743,0,0,0,0
40.832,0.5739,0,0,0,0
40.865,0.5725,0,0,0,0
40.898,0.5705,1,6,6,1
40.932,0.5692,1,6,6,1
40.966,0.5659,1,6,6,1
40.999,0.5617,1,6,6,1
41.032,0.5592,1,6,6,1
41.065,0.5543,1,6,6,1
41.098,0.5492,1,6,6,1
41.132,0.5466,1,6,6,1
41.165,0.5410,1,6,6,1
41.198,0.5351,1,6,6,1
41.231,0.5321,1,6,6,1
41.265,0.5261,1,6,6,1
41.298,0.5202,1,6,6,1
41.332,0.5173,1,6,6,1
41.365,0.5117,1,6,6,1
41.398,0.5064,1,6,6,1
41.432,0.5038,1,6,6,1
41.465,0.4988,0,7,7,0
41.498,0.4938,0,7,7,0
41.532,0.4913,0,7,7,0
41.565,0.4858,0,7,7,0
41.598,0.4800,0,7,7,0
41.632,0.4769,0,7,7,0
41.665,0.4701,0,7,7,0
41.699,0.4629,0,7,7,0
41.731,0.4591,0,7,7,0
41.765,0.4512,0,7,7,0
41.798,0.4432,0,7,7,0
41.832,0.4392,0,7,7,0
41.866,0.4315,0,7,7,0
41.898,0.4243,0,7,7,0
41.932,0.4210,0,7,7,0
41.965,0.4150,0,7,7,0
41.998,0.4096,0,7,7,0
42.032,0.4070,0,7,7,0
42.065,0.4021,0,7,7,0
42.099,0.3978,0,7,7,0
42.132,0.3958,0,7,7,0
42.165,0.3925,0,7,7,0
42.199,0.3898,0,7,7,0
42.232,0.3887,0,7,7,0
42.265,0.3871,0,7,7,0
42.299,0.3867,0,7,7,0
42.332,0.3870,0,7,7,0
42.365,0.3887,0,7,7,0
42.398,0.3919,0,7,7,0
42.432,0.3941,0,7,7,0
42.465,0.3994,0,7,7,0
42.498,0.4057,0,7,7,0
42.533,0.4092,0,7,7,0
42.565,0.4169,0,7,7,0
42.599,0.4256,0,7,7,0
42.632,0.4300,0,7,7,0
42.665,0.4391,0,7,7,0
42.698,0.4484,0,7,7,0
42.732,0.4530,0,7,7,0
42.765,0.4623,0,7,7,0
42.798,0.4715,0,7,7,0
42.831,0.4761,0,7,7,0
42.865,0.4853,0,7,7,0
42.898,0.4943,1,6,6,1
42.932,0.4987,1,6,6,1
42.965,0.5075,1,6,6,1
42.998,0.5157,1,6,6,1
43.032,0.5195,1,6,6,1
43.065,0.5264,1,6,6,1
43.098,0.5325,1,6,6,1
43.132,0.5351,1,6,6,1
43.165,0.5397,1,6,6,1
43.199,0.5434,1,6,6,1
43.232,0.5450,1,6,6,1
43.265,0.5479,1,6,6,1
43.299,0.5508,1,6,6,1
43.332,0.5522,1,6,6,1
43.365,0.5555,1,6,6,1
43.399,0.5594,1,6,6,1
43.432,0.5616,1,6,6,1
43.465,0.5667,1,6,6,1
43.499,0.5724,1,6,6,1
43.532,0.5754,1,6,6,1
43.565,0.5818,1,6,6,1
43.599,0.5882,1,6,6,1
43.632,0.5913,1,6,6,1
43.665,0.5972,1,6,6,1
43.698,0.6025,1,6,6,1
43.732,0.6049,1,6,6,1
43.766,0.6091,1,6,6,1
43.799,0.6126,1,6,6,1
43.832,0.6141,1,6,6,1
43.866,0.6165,1,6,6,1
43.900,0.6184,1,6,6,1
43.934,0.6198,1,6,6,1
43.967,0.6204,1,6,6,1
44.000,0.6212,1,6,6,1
44.033,0.6215,1,6,6,1
44.066,0.6220,1,6,6,1
44.099,0.6222,1,6,6,1
44.132,0.6222,1,6,6,1
44.167,0.6221,1,6,6,1
44.200,0.6215,1,6,6,1
44.233,0.6210,1,6,6,1
44.267,0.6194,1,6,6,1
44.300,0.6170,1,6,6,1
44.333,0.6139,1,6,6,1
44.366,0.6120,1,6,6,1
44.400,0.6079,1,6,6,1
44.433,0.6030,1,6,6,1
44.467,0.6003,1,6,6,1
44.500,0.5943,1,6,6,1
44.532,0.5912,1,6,6,1
44.565,0.5848,1,6,6,1
44.599,0.5784,1,6,6,1
44.632,0.5753,1,6,6,1
44.665,0.5694,1,6,6,1
44.698,0.5641,1,6,6,1
44.732,0.5616,1,6,6,1
44.765,0.5572,1,6,6,1
44.798,0.5535,1,6,6,1
44.831,0.5518,1,6,6,1
44.865,0.5490,1,6,6,1
44.898,0.5468,1,6,6,1
44.932,0.5458,1,6,6,1
44.965,0.5443,1,6,6,1
44.998,0.5431,1,6,6,1
45.031,0.5427,1,6,6,1
45.065,0.5420,1,6,6,1
45.099,0.5415,1,6,6,1
45.132,0.5413,1,6,6,1
45.165,0.5408,1,6,6,1
45.198,0.5401,1,6,6,1
45.231,0.5395,1,6,6,1
45.265,0.5381,1,6,6,1
45.299,0.5360,1,6,6,1
45.331,0.5347,1,6,6,1
45.365,0.5316,1,6,6,1
45.398,0.5278,1,6,6,1
45.432,0.5257,1,6,6,1
45.465,0.5212,1,6,6,1
45.498,0.5166,1,6,6,1
45.532,0.5143,1,6,6,1
45.565,0.5098,1,6,6,1
45.599,0.5056,1,6,6,1
45.631,0.5037,1,6,6,1
45.665,0.5002,1,6,6,1
45.698,0.4973,1,6,6,1
45.732,0.4960,1,6,6,1
45.765,0.4938,1,6,6,1
45.799,0.4921,1,6,6,1
45.832,0.4914,1,6,6,1
45.865,0.4903,1,6,6,1
45.899,0.4894,1,6,6,1
45.932,0.4892,1,6,6,1
45.965,0.4889,1,6,6,1
45.998,0.4887,0,7,7,0
46.032,0.4887,0,7,7,0
46.065,0.4887,0,7,7,0
46.098,0.4888,1,6,6,1
46.132,0.4889,1,6,6,1
46.165,0.4891,1,6,6,1
46.198,0.4892,1,6,6,1
46.232,0.4893,1,6,6,1
46.265,0.4894,1,6,6,1
46.298,0.4896,1,6,6,1
46.332,0.4897,1,6,6,1
46.365,0.4898,1,6,6,1
46.398,0.4899,1,6,6,1
46.432,0.4899,1,6,6,1
46.465,0.4900,1,6,6,1
46.498,0.4901,1,6,6,1
46.532,0.4901,1,6,6,1
46.565,0.4902,1,6,6,1
46.598,0.4903,1,6,6,1
46.632,0.4903,1,6,6,1
46.665,0.4903,1,6,6,1
46.699,0.4904,1,6,6,1
46.732,0.4904,1,6,6,1
46.765,0.4904,1,6,6,1
46.799,0.4905,0,0,0,0
46.832,0.4905,0,0,0,0
46.865,0.4905,0,0,0,0
46.899,0.4906,0,0,0,0
46.932,0.4906,0,0,0,0
46.965,0.4906,0,0,0,0
46.998,0.4906,0,0,0,0
47.032,0.4906,0,0,0,0
47.066,0.4907,0,0,0,0
47.099,0.4907,0,0,0,0
47.132,0.4907,0,0,0,0
47.166,0.4907,0,0,0,0
47.200,0.4908,0,0,0,0
47.233,0.4908,0,0,0,0
47.267,0.4908,0,0,0,0
47.300,0.4908,0,0,0,0
47.333,0.4909,0,0,0,0
47.363,0.4909,0,0,0,0
47.400,0.4909,0,0,0,0
47.435,0.4909,0,0,0,0
47.466,0.4909,0,0,0,0
47.500,0.4910,0,0,0,0
47.539,0.4910,0,0,0,0
47.561,0.4910,0,0,0,0
47.602,0.4910,0,0,0,0
47.633,0.4910,0,0,0,0
47.666,0.4911,0,0,0,0
47.700,0.4911,0,0,0,0
47.737,0.4911,0,0,0,0
47.766,0.4911,0,0,0,0
47.799,0.4911,0,0,0,0
47.840,0.4912,0,0,0,0
47.866,0.4912,0,0,0,0
47.900,0.4912,0,0,0,0
47.933,0.4912,0,0,0,0
47.966,0.4912,0,0,0,0
48.004,0.4912,0,0,0,0
48.033,0.4912,0,0,0,0
48.065,0.4913,0,0,0,0
48.111,0.4913,0,0,0,0
48.127,0.4913,0,0,0,0
48.166,0.4913,0,0,0,0
48.199,0.4913,0,0,0,0
48.241,0.4914,0,0,0,0
48.258,0.4914,0,0,0,0
48.301,0.4914,0,0,0,0
48.335,0.4914,0,0,0,0
48.370,0.4914,0,0,0,0
48.398,0.4914,0,0,0,0
48.431,0.4914,0,0,0,0
48.467,0.4915,0,0,0,0
48.500,0.4915,0,0,0,0
48.532,0.4915,0,0,0,0
48.565,0.4915,0,0,0,0
48.599,0.4915,0,0,0,0
48.634,0.4915,0,0,0,0
48.670,0.4915,0,0,0,0
48.699,0.4916,0,0,0,0
48.732,0.4916,0,0,0,0
48.765,0.4916,0,0,0,0
48.801,0.4916,0,0,0,0
48.832,0.4916,0,0,0,0
48.872,0.4916,0,0,0,0
48.899,0.4916,0,0,0,0
48.931,0.4917,0,0,0,0
48.966,0.4917,0,0,0,0
48.999,0.4917,0,0,0,0
49.032,0.4917,0,0,0,0
49.065,0.4917,0,0,0,0
49.099,0.4917,0,0,0,0
49.132,0.4917,0,0,0,0
49.165,0.4917,0,0,0,0
49.200,0.4918,0,0,0,0
49.232,0.4918,0,0,0,0
49.267,0.4917,0,0,0,0
49.299,0.4915,0,0,0,0
49.332,0.4913,0,0,0,0
49.367,0.4907,0,0,0,0
49.399,0.4900,0,0,0,0
49.432,0.4895,0,0,0,0
49.465,0.4885,0,0,0,0
49.501,0.4874,0,0,0,0
49.534,0.4861,0,0,0,0
49.565,0.4854,0,0,0,0
49.600,0.4840,0,0,0,0
49.631,0.4833,0,0,0,0
49.665,0.4822,0,0,0,0
49.699,0.4815,0,0,0,0
49.731,0.4811,0,0,0,0
49.766,0.4804,0,0,0,0
49.798,0.4796,0,0,0,0
49.833,0.4791,0,0,0,0
49.865,0.4781,0,0,0,0
49.898,0.4768,0,0,0,0
49.935,0.4754,0,0,0,0
49.966,0.4745,0,0,0,0
49.998,0.4727,0,7,7,0
50.035,0.4707,0,7,7,0
50.065,0.4697,0,7,7,0
50.101,0.4680,0,7,7,0
50.132,0.4673,0,7,7,0
50.165,0.4662,0,7,7,0
50.199,0.4657,0,7,7,0
50.232,0.4656,0,7,7,0
50.268,0.4658,0,7,7,0
50.300,0.4665,0,7,7,0
50.332,0.4670,0,7,7,0
50.368,0.4683,0,7,7,0
50.398,0.4699,0,7,7,0
50.431,0.4708,0,7,7,0
50.465,0.4727,0,7,7,0
50.498,0.4746,0,7,7,0
50.534,0.4765,0,7,7,0
50.567,0.4773,0,7,7,0
50.598,0.4789,0,7,7,0
50.634,0.4804,0,7,7,0
50.667,0.4810,0,7,7,0
50.701,0.4822,0,7,7,0
50.733,0.4827,0,7,7,0
50.765,0.4836,0,7,7,0
50.801,0.4843,0,7,7,0
50.833,0.4847,0,7,7,0
50.866,0.4853,0,7,7,0
50.903,0.4858,0,7,7,0
50.933,0.4860,0,7,7,0
50.965,0.4864,0,7,7,0
51.000,0.4867,0,7,7,0
51.032,0.4869,0,7,7,0
51.065,0.4872,0,7,7,0
51.099,0.4874,0,7,7,0
51.131,0.4876,0,7,7,0
51.165,0.4879,0,7,7,0
51.198,0.4881,0,7,7,0
51.232,0.4882,0,7,7,0
51.266,0.4885,0,7,7,0
51.298,0.4888,0,7,7,0
51.332,0.4889,0,7,7,0
51.365,0.4892,0,7,7,0
51.398,0.4894,0,7,7,0
51.435,0.4897,0,7,7,0
51.466,0.4898,0,7,7,0
51.499,0.4901,0,7,7,0
51.531,0.4902,0,7,7,0
51.567,0.4904,0,7,7,0
51.601,0.4907,0,0,0,0
51.631,0.4908,0,0,0,0
51.665,0.4910,0,0,0,0
51.698,0.4912,0,0,0,0
51.734,0.4914,0,0,0,0
51.764,0.4915,0,0,0,0
51.798,0.4917,0,0,0,0
51.834,0.4919,0,0,0,0
51.864,0.4920,0,0,0,0
51.898,0.4921,0,0,0,0
51.931,0.4922,0,0,0,0
51.966,0.4924,0,0,0,0
51.998,0.4925,0,0,0,0
52.031,0.4925,0,0,0,0
52.066,0.4927,0,0,0,0
52.101,0.4928,0,0,0,0
52.134,0.4928,0,0,0,0
52.167,0.4929,0,0,0,0
52.199,0.4930,0,0,0,0
52.231,0.4930,0,0,0,0
52.264,0.4931,0,0,0,0
52.300,0.4931,0,0,0,0
52.332,0.4931,0,0,0,0
52.365,0.4932,0,0,0,0
52.398,0.4932,0,0,0,0
52.431,0.4932,0,0,0,0
52.467,0.4932,0,0,0,0
52.498,0.4932,0,0,0,0
52.531,0.4932,0,0,0,0
52.567,0.4933,0,0,0,0
52.598,0.4933,0,0,0,0
52.633,0.4932,0,0,0,0
52.665,0.4932,0,0,0,0
52.701,0.4932,0,0,0,0
52.732,0.4932,0,0,0,0
52.766,0.4932,0,0,0,0
52.798,0.4932,0,0,0,0
52.832,0.4932,0,0,0,0
52.867,0.4932,0,0,0,0
52.898,0.4931,0,0,0,0
52.932,0.4931,0,0,0,0
52.965,0.4931,0,0,0,0
52.999,0.4931,0,0,0,0
53.034,0.4930,0,0,0,0
53.067,0.4930,0,0,0,0
53.101,0.4930,0,0,0,0
53.134,0.4929,0,0,0,0
53.165,0.4929,0,0,0,0
53.198,0.4929,0,0,0,0
53.233,0.4929,0,0,0,0
53.265,0.4928,0,0,0,0
53.300,0.4928,0,0,0,0
53.327,0.4928,0,0,0,0
53.365,0.4927,0,0,0,0
53.398,0.4927,0,0,0,0
53.434,0.4927,0,0,0,0
53.466,0.4926,0,0,0,0
53.501,0.4926,0,0,0,0
53.531,0.4926,0,0,0,0
53.566,0.4925,0,0,0,0
53.598,0.4925,0,0,0,0
53.631,0.4925,0,0,0,0
53.665,0.4924,0,0,0,0
53.699,0.4924,0,0,0,0
53.731,0.4924,0,0,0,0
53.765,0.4924,0,0,0,0
53.799,0.4923,0,0,0,0
53.832,0.4923,0,0,0,0
53.865,0.4923,0,0,0,0
53.898,0.4922,0,0,0,0
53.931,0.4922,0,0,0,0
53.967,0.4922,0,0,0,0
53.999,0.4921,0,0,0,0
54.032,0.4921,0,0,0,0
54.066,0.4921,0,0,0,0
54.100,0.4920,0,0,0,0
54.134,0.4920,0,0,0,0
54.167,0.4920,0,0,0,0
54.199,0.4920,0,0,0,0
54.233,0.4920,0,0,0,0
54.265,0.4919,0,0,0,0
54.300,0.4919,0,0,0,0
54.334,0.4919,0,0,0,0
54.365,0.4918,0,0,0,0
54.398,0.4918,0,0,0,0
54.431,0.4918,0,0,0,0
54.467,0.4918,0,0,0,0
54.499,0.4917,0,0,0,0
54.531,0.4917,0,0,0,0
54.567,0.4917,0,0,0,0
54.600,0.4917,0,0,0,0
54.633,0.4916,0,0,0,0
54.667,0.4916,0,0,0,0
54.700,0.4916,0,0,0,0
54.731,0.4916,0,0,0,0
54.765,0.4916,0,0,0,0
54.798,0.4915,0,0,0,0
54.831,0.4915,0,0,0,0
54.865,0.4915,0,0,0,0
54.901,0.4915,0,0,0,0
54.932,0.4915,0,0,0,0
54.965,0.4914,0,0,0,0
54.999,0.4914,0,0,0,0
55.033,0.4914,0,0,0,0
55.067,0.4914,0,0,0,0
55.098,0.4914,0,0,0,0
55.131,0.4914,0,0,0,0
55.167,0.4913,0,0,0,0
55.200,0.4913,0,0,0,0
55.231,0.4913,0,0,0,0
55.265,0.4913,0,0,0,0
55.301,0.4913,0,0,0,0
55.336,0.4912,0,0,0,0
55.365,0.4912,0,0,0,0
55.398,0.4912,0,0,0,0
55.431,0.4912,0,0,0,0
55.467,0.4912,0,0,0,0
55.499,0.4912,0,0,0,0
55.532,0.4912,0,0,0,0
55.565,0.4911,0,0,0,0
55.599,0.4911,0,0,0,0
55.632,0.4911,0,0,0,0
55.665,0.4911,0,0,0,0
55.698,0.4911,0,0,0,0
55.734,0.4911,0,0,0,0
55.765,0.4911,0,0,0,0
55.798,0.4911,0,0,0,0
55.831,0.4910,0,0,0,0
55.865,0.4910,0,0,0,0
55.898,0.4910,0,0,0,0
55.931,0.4910,0,0,0,0
55.964,0.4910,0,0,0,0
55.998,0.4910,0,0,0,0
56.032,0.4910,0,0,0,0
56.069,0.4910,0,0,0,0
56.102,0.4910,0,0,0,0
56.130,0.4909,0,0,0,0
56.165,0.4909,0,0,0,0
56.198,0.4909,0,0,0,0
56.232,0.4909,0,0,0,0
56.266,0.4909,0,0,0,0
56.300,0.4909,0,0,0,0
56.333,0.4909,0,0,0,0
56.365,0.4909,0,0,0,0
56.400,0.4909,0,0,0,0
56.431,0.4909,0,0,0,0
56.467,0.4909,0,0,0,0
56.498,0.4908,0,0,0,0
56.532,0.4908,0,0,0,0
56.566,0.4908,0,0,0,0
56.599,0.4908,0,0,0,0
56.632,0.4908,0,0,0,0
56.665,0.4908,0,0,0,0
56.698,0.4908,0,0,0,0
56.733,0.4908,0,0,0,0
56.765,0.4908,0,0,0,0
56.798,0.4908,0,0,0,0
56.831,0.4908,0,0,0,0
56.864,0.4908,0,0,0,0
56.900,0.4908,0,0,0,0
56.932,0.4908,0,0,0,0
56.963,0.4908,0,0,0,0
56.999,0.4908,0,0,0,0
57.034,0.4907,0,0,0,0
57.065,0.4907,0,0,0,0
57.098,0.4907,0,0,0,0
57.131,0.4907,0,0,0,0
57.165,0.4907,0,0,0,0
57.201,0.4907,0,0,0,0
57.234,0.4907,0,0,0,0
57.265,0.4907,0,0,0,0
57.298,0.4907,0,0,0,0
57.331,0.4907,0,0,0,0
57.365,0.4907,0,0,0,0
57.400,0.4907,0,0,0,0
57.431,0.4907,0,0,0,0
57.467,0.4907,0,0,0,0
57.498,0.4907,0,0,0,0
57.534,0.4907,0,0,0,0
57.565,0.4907,0,0,0,0
57.599,0.4907,0,0,0,0
57.631,0.4907,0,0,0,0
57.664,0.4907,0,0,0,0
57.698,0.4907,0,0,0,0
57.731,0.4907,0,0,0,0
57.767,0.4907,0,0,0,0
57.798,0.4907,0,0,0,0
57.834,0.4907,0,0,0,0
57.867,0.4906,0,0,0,0
57.900,0.4906,0,0,0,0
57.932,0.4906,0,0,0,0
57.968,0.4906,0,0,0,0
57.998,0.4906,0,0,0,0
58.034,0.4906,0,0,0,0
58.065,0.4906,0,0,0,0
58.098,0.4906,0,0,0,0
58.131,0.4906,0,0,0,0
58.169,0.4906,0,0,0,0
58.200,0.4906,0,0,0,0
58.231,0.4906,0,0,0,0
58.265,0.4906,0,0,0,0
58.301,0.4906,0,0,0,0
58.334,0.4906,0,0,0,0
58.370,0.4906,0,0,0,0
58.400,0.4906,0,0,0,0
58.434,0.4906,0,0,0,0
58.465,0.4906,0,0,0,0
58.498,0.4906,0,0,0,0
58.531,0.4906,0,0,0,0
58.571,0.4906,0,0,0,0
58.601,0.4906,0,0,0,0
58.631,0.4906,0,0,0,0
58.665,0.4906,0,0,0,0
58.698,0.4906,0,0,0,0
58.731,0.4906,0,0,0,0
58.771,0.4906,0,0,0,0
58.798,0.4906,0,0,0,0
58.833,0.4906,0,0,0,0
58.864,0.4906,0,0,0,0
58.898,0.4906,0,0,0,0
58.931,0.4906,0,0,0,0
58.964,0.4906,0,0,0,0
59.000,0.4906,0,0,0,0
59.034,0.4906,0,0,0,0
59.066,0.4906,0,0,0,0
59.098,0.4906,0,0,0,0
59.131,0.4906,0,0,0,0
59.165,0.4906,0,0,0,0
59.199,0.4906,0,0,0,0
59.232,0.4906,0,0,0,0
59.264,0.4906,0,0,0,0
59.298,0.4906,0,0,0,0
59.334,0.4906,0,0,0,0
59.366,0.4906,0,0,0,0
59.398,0.4906,0,0,0,0
59.432,0.4906,0,0,0,0
59.466,0.4906,0,0,0,0
59.500,0.4906,0,0,0,0
59.532,0.4906,0,0,0,0
59.565,0.4906,0,0,0,0
59.598,0.4906,0,0,0,0
59.631,0.4906,0,0,0,0
59.667,0.4906,0,0,0,0
59.698,0.4906,0,0,0,0
59.732,0.4906,0,0,0,0
59.765,0.4906,0,0,0,0
59.799,0.4906,0,0,0,0
59.832,0.4906,0,0,0,0
59.867,0.4906,0,0,0,0
59.898,0.4906,0,0,0,0
59.931,0.4906,0,0,0,0
59.966,0.4906,0,0,0,0
60.000,0.4905,0,0,0,0
60.033,0.4905,0,0,0,0
60.065,0.4905,0,0,0,0
60.098,0.4905,0,0,0,0
60.131,0.4905,0,0,0,0
60.165,0.4905,0,0,0,0
60.199,0.4905,0,0,0,0
60.233,0.4905,0,0,0,0
60.266,0.4905,0,0,0,0
60.298,0.4905,0,0,0,0
60.332,0.4905,0,0,0,0
60.365,0.4905,0,0,0,0
60.400,0.4905,0,0,0,0
60.432,0.4905,0,0,0,0
60.466,0.4905,0,0,0,0
60.499,0.4905,0,0,0,0
60.533,0.4905,0,0,0,0
60.565,0.4905,0,0,0,0
60.598,0.4905,0,0,0,0
60.634,0.4905,0,0,0,0
60.664,0.4905,0,0,0,0
60.698,0.4905,0,0,0,0
60.734,0.4905,0,0,0,0
60.766,0.4905,0,0,0,0
60.798,0.4905,0,0,0,0
60.834,0.4905,0,0,0,0
60.865,0.4905,0,0,0,0
60.898,0.4905,0,0,0,0
60.931,0.4905,0,0,0,0
60.964,0.4905,0,0,0,0
61.001,0.4905,0,0,0,0
61.035,0.4904,0,0,0,0
61.068,0.4904,0,0,0,0
61.100,0.4904,0,0,0,0
61.132,0.4904,0,0,0,0
61.166,0.4904,0,0,0,0
61.196,0.4904,0,0,0,0
61.232,0.4904,0,0,0,0
61.265,0.4904,0,0,0,0
61.298,0.4904,0,0,0,0
61.332,0.4904,0,0,0,0
61.365,0.4904,0,0,0,0
61.401,0.4904,0,0,0,0
61.432,0.4904,0,0,0,0
61.464,0.4904,0,0,0,0
61.498,0.4904,0,0,0,0
61.533,0.4903,0,0,0,0
61.565,0.4903,0,0,0,0
61.598,0.4903,0,0,0,0
61.633,0.4903,0,0,0,0
61.666,0.4903,0,0,0,0
61.699,0.4903,0,0,0,0
61.731,0.4903,0,0,0,0
61.768,0.4903,0,0,0,0
61.802,0.4903,0,0,0,0
61.832,0.4903,0,0,0,0
61.866,0.4902,0,0,0,0
61.898,0.4902,0,0,0,0
61.931,0.4902,0,0,0,0
61.965,0.4902,0,0,0,0
62.003,0.4902,0,0,0,0
62.031,0.4902,0,0,0,0
62.064,0.4902,0,0,0,0
62.098,0.4902,0,0,0,0
62.131,0.4902,0,0,0,0
62.165,0.4901,0,0,0,0
62.198,0.4901,0,0,0,0
62.235,0.4901,0,0,0,0
62.266,0.4901,0,0,0,0
62.298,0.4901,0,0,0,0
62.332,0.4901,0,0,0,0
62.365,0.4900,0,0,0,0
62.399,0.4900,0,0,0,0
62.431,0.4900,0,0,0,0
62.465,0.4900,0,0,0,0
62.500,0.4900,0,0,0,0
62.531,0.4900,0,0,0,0
62.567,0.4899,0,0,0,0
62.600,0.4899,0,0,0,0
62.632,0.4899,0,0,0,0
62.666,0.4899,0,0,0,0
62.698,0.4898,0,0,0,0
62.734,0.4898,0,0,0,0
62.766,0.4898,0,0,0,0
62.799,0.4898,0,0,0,0
62.831,0.4898,0,0,0,0
62.865,0.4897,0,0,0,0
62.899,0.4897,0,0,0,0
62.932,0.4897,0,0,0,0
62.966,0.4897,0,0,0,0
62.998,0.4896,0,0,0,0
63.031,0.4896,0,0,0,0
63.067,0.4896,0,0,0,0
63.100,0.4895,0,0,0,0
63.133,0.4895,0,0,0,0
63.164,0.4895,0,0,0,0
63.200,0.4894,0,0,0,0
63.233,0.4894,0,0,0,0
63.264,0.4894,0,0,0,0
63.300,0.4893,0,0,0,0
63.333,0.4893,0,0,0,0
63.366,0.4893,0,0,0,0
63.398,0.4892,0,0,0,0
63.434,0.4892,0,0,0,0
63.466,0.4892,0,0,0,0
63.498,0.4891,0,0,0,0
63.534,0.4891,0,0,0,0
63.565,0.4890,0,0,0,0
63.598,0.4890,0,0,0,0
63.632,0.4890,0,0,0,0
63.665,0.4889,0,0,0,0
63.701,0.4889,0,0,0,0
63.731,0.4888,0,0,0,0
63.767,0.4888,0,0,0,0
63.798,0.4887,0,0,0,0
63.834,0.4887,0,0,0,0
63.867,0.4886,0,0,0,0
63.900,0.4886,0,0,0,0
63.931,0.4885,0,0,0,0
63.967,0.4885,0,0,0,0
63.998,0.4884,0,0,0,0
64.031,0.4884,0,0,0,0
64.066,0.4883,0,0,0,0
64.098,0.4882,0,0,0,0
64.134,0.4881,0,0,0,0
64.167,0.4881,0,0,0,0
64.199,0.4880,0,0,0,0
64.231,0.4880,0,0,0,0
64.266,0.4879,0,0,0,0
64.300,0.4878,0,0,0,0
64.331,0.4878,0,0,0,0
64.366,0.4877,0,0,0,0
64.399,0.4876,0,0,0,0
64.434,0.4875,0,0,0,0
64.465,0.4875,0,0,0,0
64.498,0.4874,0,0,0,0
64.534,0.4873,0,0,0,0
64.567,0.4872,0,0,0,0
64.601,0.4871,0,0,0,0
64.634,0.4870,0,0,0,0
64.667,0.4870,0,0,0,0
64.700,0.4869,0,0,0,0
64.731,0.4868,0,0,0,0
64.767,0.4867,0,0,0,0
64.798,0.4866,0,0,0,0
64.837,0.4864,0,0,0,0
64.867,0.4864,0,0,0,0
64.898,0.4863,0,0,0,0
64.934,0.4861,0,0,0,0
64.964,0.4861,0,0,0,0
64.999,0.4859,0,0,0,0
65.031,0.4859,0,0,0,0
65.065,0.4857,0,0,0,0
65.101,0.4856,0,0,0,0
65.132,0.4855,0,0,0,0
65.165,0.4854,0,0,0,0
65.201,0.4852,0,0,0,0
65.233,0.4851,0,0,0,0
65.264,0.4850,0,0,0,0
65.300,0.4848,0,0,0,0
65.331,0.4847,0,0,0,0
65.364,0.4846,0,0,0,0
65.400,0.4844,0,0,0,0
65.432,0.4843,0,0,0,0
65.464,0.4841,0,0,0,0
65.501,0.4840,0,0,0,0
65.532,0.4839,0,0,0,0
65.565,0.4837,0,0,0,0
65.599,0.4835,0,0,0,0
65.632,0.4834,0,0,0,0
65.664,0.4832,0,0,0,0
65.700,0.4830,0,0,0,0
65.732,0.4829,0,0,0,0
65.765,0.4827,0,0,0,0
65.798,0.4825,0,0,0,0
65.832,0.4824,0,0,0,0
65.865,0.4822,0,0,0,0
65.898,0.4819,0,0,0,0
65.931,0.4818,0,0,0,0
65.967,0.4816,0,0,0,0
65.998,0.4814,0,0,0,0
66.033,0.4811,0,0,0,0
66.065,0.4810,0,0,0,0
66.098,0.4808,0,0,0,0
66.134,0.4805,0,0,0,0
66.166,0.4804,0,0,0,0
66.198,0.4801,0,0,0,0
66.231,0.4800,0,0,0,0
66.266,0.4797,0,0,0,0
66.299,0.4795,0,0,0,0
66.332,0.4794,0,0,0,0
66.365,0.4791,0,0,0,0
66.401,0.4788,0,0,0,0
66.432,0.4787,0,0,0,0
66.465,0.4784,0,0,0,0
66.500,0.4781,0,0,0,0
66.532,0.4780,0,0,0,0
66.565,0.4777,0,0,0,0
66.598,0.4774,0,0,0,0
66.632,0.4772,0,0,0,0
66.665,0.4770,0,0,0,0
66.701,0.4767,0,0,0,0
66.733,0.4765,0,0,0,0
66.764,0.4762,0,0,0,0
66.800,0.4759,0,0,0,0
66.832,0.4757,0,0,0,0
66.865,0.4754,0,0,0,0
66.899,0.4751,0,0,0,0
66.931,0.4750,0,0,0,0
66.965,0.4747,0,0,0,0
67.000,0.4743,0,0,0,0
67.031,0.4742,0,0,0,0
67.068,0.4739,0,0,0,0
67.099,0.4738,0,0,0,0
67.131,0.4738,0,0,0,0
67.165,0.4737,0,0,0,0
67.198,0.4736,0,0,0,0
67.234,0.4736,0,0,0,0
67.262,0.4735,0,0,0,0
67.298,0.4735,0,0,0,0
67.331,0.4734,0,0,0,0
67.365,0.4733,0,0,0,0
67.398,0.4733,0,0,0,0
67.432,0.4732,0,0,0,0
67.467,0.4732,0,0,0,0
67.499,0.4731,0,0,0,0
67.534,0.4730,0,0,0,0
67.565,0.4730,0,0,0,0
67.598,0.4729,0,0,0,0
67.633,0.4730,0,0,0,0
67.667,0.4731,0,0,0,0
67.698,0.4735,0,0,0,0
67.733,0.4737,0,0,0,0
67.766,0.4741,0,0,0,0
67.798,0.4745,0,0,0,0
67.831,0.4746,0,0,0,0
67.869,0.4749,0,0,0,0
67.898,0.4751,0,0,0,0
67.932,0.4752,0,0,0,0
67.965,0.4753,0,0,0,0
67.998,0.4754,0,0,0,0
68.031,0.4755,0,0,0,0
68.071,0.4755,0,0,0,0
68.102,0.4755,0,0,0,0
68.133,0.4755,0,0,0,0
68.165,0.4754,0,0,0,0
68.201,0.4754,0,0,0,0
68.231,0.4753,0,0,0,0
68.265,0.4751,0,0,0,0
68.298,0.4750,0,0,0,0
68.334,0.4748,0,0,0,0
68.365,0.4747,0,0,0,0
68.399,0.4745,0,0,0,0
68.431,0.4744,0,0,0,0
68.465,0.4742,0,0,0,0
68.498,0.4739,0,0,0,0
68.531,0.4738,0,0,0,0
68.565,0.4736,0,0,0,0
68.598,0.4734,0,0,0,0
68.632,0.4733,0,0,0,0
68.665,0.4731,0,0,0,0
68.698,0.4729,0,0,0,0
68.731,0.4728,0,0,0,0
68.767,0.4726,0,0,0,0
68.799,0.4725,0,0,0,0
68.832,0.4724,0,0,0,0
68.866,0.4722,0,0,0,0
68.901,0.4721,0,0,0,0
68.933,0.4720,0,0,0,0
68.966,0.4718,0,0,0,0
68.999,0.4717,0,0,0,0
69.032,0.4716,0,0,0,0
69.067,0.4715,0,0,0,0
69.101,0.4714,0,0,0,0
69.131,0.4713,0,0,0,0
69.166,0.4712,0,0,0,0
69.200,0.4711,0,0,0,0
69.233,0.4710,0,0,0,0
69.265,0.4709,0,0,0,0
69.298,0.4708,0,0,0,0
69.331,0.4708,0,0,0,0
69.365,0.4707,0,0,0,0
69.398,0.4706,0,0,0,0
69.433,0.4705,0,0,0,0
69.465,0.4704,0,0,0,0
69.499,0.4704,0,0,0,0
69.532,0.4703,0,0,0,0
69.564,0.4702,0,0,0,0
69.600,0.4702,0,0,0,0
69.634,0.4701,0,0,0,0
69.664,0.4700,0,0,0,0
69.698,0.4700,0,0,0,0
69.731,0.4699,0,0,0,0
69.764,0.4699,0,0,0,0
69.799,0.4698,0,0,0,0
69.832,0.4698,0,0,0,0
69.865,0.4697,0,0,0,0
69.899,0.4696,0,0,0,0
69.934,0.4696,0,0,0,0
69.967,0.4696,0,0,0,0
70.000,0.4695,0,0,0,0
70.033,0.4695,0,0,0,0
70.066,0.4694,0,0,0,0
70.098,0.4694,0,0,0,0
70.132,0.4693,0,0,0,0
70.165,0.4693,0,0,0,0
70.198,0.4692,0,0,0,0
70.234,0.4692,0,0,0,0
70.267,0.4692,0,0,0,0
70.299,0.4691,0,0,0,0
70.331,0.4691,0,0,0,0
70.365,0.4691,0,0,0,0
70.399,0.4690,0,0,0,0
70.433,0.4690,0,0,0,0
70.467,0.4690,0,0,0,0
70.500,0.4689,0,0,0,0
70.532,0.4689,0,0,0,0
70.566,0.4689,0,0,0,0
70.599,0.4688,0,0,0,0
70.633,0.4688,0,0,0,0
70.666,0.4688,0,0,0,0
70.699,0.4687,0,0,0,0
70.732,0.4687,0,0,0,0
70.765,0.4687,0,0,0,0
70.798,0.4687,0,0,0,0
70.834,0.4686,0,0,0,0
70.864,0.4686,0,0,0,0
70.898,0.4686,0,0,0,0
70.933,0.4686,0,0,0,0
70.964,0.4686,0,0,0,0
70.998,0.4685,0,0,0,0
71.031,0.4685,0,0,0,0
71.065,0.4685,0,0,0,0
71.099,0.4685,0,0,0,0
71.131,0.4685,0,0,0,0
71.165,0.4684,0,0,0,0
71.198,0.4684,0,0,0,0
71.231,0.4684,0,0,0,0
71.265,0.4684,0,0,0,0
71.300,0.4684,0,0,0,0
71.332,0.4683,0,0,0,0
71.364,0.4683,0,0,0,0
71.400,0.4683,0,0,0,0
71.431,0.4683,0,0,0,0
71.467,0.4683,0,0,0,0
71.503,0.4683,0,0,0,0
71.531,0.4683,0,0,0,0
71.564,0.4682,0,0,0,0
71.598,0.4682,0,0,0,0
71.631,0.4682,0,0,0,0
71.665,0.4682,0,0,0,0
71.698,0.4682,0,0,0,0
71.731,0.4682,0,0,0,0
71.764,0.4682,0,0,0,0
71.800,0.4681,0,0,0,0
71.833,0.4681,0,0,0,0
71.867,0.4681,0,0,0,0
71.898,0.4681,0,0,0,0
71.934,0.4681,0,0,0,0
71.967,0.4681,0,0,0,0
72.000,0.4681,0,0,0,0
72.031,0.4681,0,0,0,0
72.068,0.4681,0,0,0,0
72.101,0.4681,0,0,0,0
72.131,0.4680,0,0,0,0
72.164,0.4680,0,0,0,0
72.198,0.4680,0,0,0,0
72.231,0.4680,0,0,0,0
72.267,0.4680,0,0,0,0
72.298,0.4680,0,0,0,0
72.334,0.4680,0,0,0,0
72.365,0.4680,0,0,0,0
72.400,0.4680,0,0,0,0
72.431,0.4680,0,0,0,0
72.467,0.4680,0,0,0,0
72.499,0.4680,0,0,0,0
72.531,0.4680,0,0,0,0
72.568,0.4680,0,0,0,0
72.598,0.4679,0,0,0,0
72.631,0.4679,0,0,0,0
72.666,0.4679,0,0,0,0
72.698,0.4679,0,0,0,0
72.733,0.4679,0,0,0,0
72.765,0.4679,0,0,0,0
72.799,0.4679,0,0,0,0
72.831,0.4679,0,0,0,0
72.865,0.4679,0,0,0,0
72.898,0.4679,0,0,0,0
72.934,0.4679,0,0,0,0
72.965,0.4679,0,0,0,0
72.998,0.4679,0,0,0,0
73.033,0.4679,0,0,0,0
73.065,0.4679,0,0,0,0
73.098,0.4679,0,0,0,0
73.136,0.4679,0,0,0,0
73.165,0.4679,0,0,0,0
73.198,0.4679,0,0,0,0
73.232,0.4679,0,0,0,0
73.264,0.4679,0,0,0,0
73.298,0.4679,0,0,0,0
73.331,0.4679,0,0,0,0
73.365,0.4679,0,0,0,0
73.398,0.4679,0,0,0,0
73.431,0.4679,0,0,0,0
73.468,0.4679,0,0,0,0
73.500,0.4679,0,0,0,0
73.531,0.4679,0,0,0,0
73.565,0.4679,0,0,0,0
73.599,0.4679,0,0,0,0
73.632,0.4679,0,0,0,0
73.665,0.4679,0,0,0,0
73.698,0.4678,0,0,0,0
73.732,0.4678,0,0,0,0
73.767,0.4678,0,0,0,0
73.800,0.4678,0,0,0,0
73.833,0.4678,0,0,0,0
73.867,0.4678,0,0,0,0
73.898,0.4678,0,0,0,0
73.931,0.4678,0,0,0,0
73.965,0.4678,0,0,0,0
73.998,0.4679,0,0,0,0
74.034,0.4683,0,0,0,0
74.066,0.4687,0,0,0,0
74.099,0.4703,1,6,6,1
74.131,0.4715,1,6,6,1
74.167,0.4747,1,6,6,1
74.198,0.4791,1,6,6,1
74.234,0.4842,1,6,6,1
74.266,0.4870,1,6,6,1
74.299,0.4928,1,6,6,1
74.334,0.4984,1,6,6,1
74.367,0.5011,1,6,6,1
74.400,0.5060,1,6,6,1
74.431,0.5082,1,6,6,1
74.465,0.5122,1,6,6,1
74.499,0.5155,1,6,6,1
74.532,0.5169,1,6,6,1
74.565,0.5193,1,6,6,1
74.598,0.5211,1,6,6,1
74.632,0.5218,1,6,6,1
74.665,0.5229,1,6,6,1
74.698,0.5235,1,6,6,1
74.732,0.5236,1,6,6,1
74.765,0.5231,1,6,6,1
74.798,0.5218,1,6,6,1
74.831,0.5208,1,6,6,1
74.864,0.5181,1,6,6,1
74.898,0.5145,1,6,6,1
74.931,0.5125,1,6,6,1
74.965,0.5078,1,6,6,1
75.001,0.5029,1,6,6,1
75.031,0.5004,1,6,6,1
75.065,0.4956,1,6,6,1
75.098,0.4914,1,6,6,1
75.131,0.4895,1,6,6,1
75.164,0.4868,1,6,6,1
75.198,0.4855,1,6,6,1
75.234,0.4856,1,6,6,1
75.267,0.4862,1,6,6,1
75.299,0.4887,1,6,6,1
75.332,0.4905,1,6,6,1
75.366,0.4952,1,6,6,1
75.400,0.5010,1,6,6,1
75.433,0.5042,1,6,6,1
75.465,0.5114,1,6,6,1
75.498,0.5191,1,6,6,1
75.531,0.5231,1,6,6,1
75.567,0.5315,1,6,6,1
75.600,0.5402,1,6,6,1
75.633,0.5489,1,6,6,1
75.666,0.5533,1,6,6,1
75.698,0.5622,1,6,6,1
75.734,0.5710,1,6,6,1
75.767,0.5753,1,6,6,1
75.798,0.5842,1,6,6,1
75.834,0.5930,1,6,6,1
75.864,0.5974,1,6,6,1
75.898,0.6061,1,6,6,1
75.931,0.6105,1,6,6,1
75.967,0.6194,1,6,6,1
75.998,0.6283,1,6,6,1
76.031,0.6327,1,6,6,1
76.064,0.6416,1,6,6,1
76.101,0.6504,1,6,6,1
76.133,0.6548,1,6,6,1
76.165,0.6636,1,6,6,1
76.198,0.6721,1,6,6,1
76.231,0.6761,1,6,6,1
76.267,0.6837,1,6,6,1
76.300,0.6906,1,6,6,1
76.331,0.6938,2,5,5,2
76.364,0.6995,2,5,5,2
76.398,0.7045,2,5,5,2
76.431,0.7068,2,5,5,2
76.465,0.7107,2,5,5,2
76.498,0.7141,2,5,5,2
76.531,0.7156,2,5,5,2
76.567,0.7182,2,5,5,2
76.599,0.7204,2,5,5,2
76.631,0.7213,2,5,5,2
76.665,0.7229,2,5,5,2
76.699,0.7243,2,5,5,2
76.732,0.7249,2,5,5,2
76.765,0.7259,2,5,5,2
76.800,0.7267,2,5,5,2
76.834,0.7274,2,5,5,2
76.864,0.7276,2,5,5,2
76.898,0.7281,2,5,5,2
76.931,0.7284,2,5,5,2
76.964,0.7288,2,5,5,2
77.001,0.7291,2,5,5,2
77.032,0.7292,2,5,5,2
77.064,0.7295,2,5,5,2
77.098,0.7297,2,5,5,2
77.132,0.7298,2,5,5,2
77.165,0.7300,2,5,5,2
77.198,0.7302,2,5,5,2
77.231,0.7303,2,5,5,2
77.264,0.7304,2,5,5,2
77.300,0.7306,2,5,5,2
77.331,0.7307,2,5,5,2
77.369,0.7308,2,5,5,2
77.399,0.7309,2,5,5,2
77.433,0.7310,2,5,5,2
77.466,0.7311,2,5,5,2
77.498,0.7313,2,5,5,2
77.534,0.7314,2,5,5,2
77.571,0.7315,2,5,5,2
77.600,0.7316,2,5,5,2
77.631,0.7316,2,5,5,2
77.665,0.7318,2,5,5,2
77.698,0.7319,0,0,0,0
77.734,0.7320,0,0,0,0
77.767,0.7320,0,0,0,0
77.798,0.7321,0,0,0,0
77.832,0.7322,0,0,0,0
77.865,0.7323,0,0,0,0
77.898,0.7324,0,0,0,0
77.931,0.7324,0,0,0,0
77.964,0.7325,0,0,0,0
78.001,0.7326,0,0,0,0
78.034,0.7327,0,0,0,0
78.066,0.7328,0,0,0,0
78.098,0.7329,0,0,0,0
78.133,0.7329,0,0,0,0
78.167,0.7330,0,0,0,0
78.199,0.7331,0,0,0,0
78.231,0.7331,0,0,0,0
78.264,0.7332,0,0,0,0
78.300,0.7333,0,0,0,0
78.333,0.7333,0,0,0,0
78.367,0.7334,0,0,0,0
78.398,0.7334,0,0,0,0
78.434,0.7335,0,0,0,0
78.467,0.7335,0,0,0,0
78.498,0.7336,0,0,0,0
78.531,0.7336,0,0,0,0
78.565,0.7337,0,0,0,0
78.598,0.7337,0,0,0,0
78.634,0.7338,0,0,0,0
78.664,0.7338,0,0,0,0
78.698,0.7339,0,0,0,0
78.731,0.7339,0,0,0,0
78.767,0.7339,0,0,0,0
78.799,0.7340,0,0,0,0
78.831,0.7340,0,0,0,0
78.865,0.7343,0,0,0,0
78.899,0.7351,0,0,0,0
78.933,0.7357,0,0,0,0
78.964,0.7375,2,5,5,2
78.998,0.7401,2,5,5,2
79.034,0.7435,2,5,5,2
79.066,0.7454,2,5,5,2
79.098,0.7499,2,5,5,2
79.133,0.7523,2,5,5,2
79.166,0.7578,2,5,5,2
79.197,0.7639,2,5,5,2
79.233,0.7704,2,5,5,2
79.265,0.7738,2,5,5,2
79.298,0.7808,2,5,5,2
79.331,0.7843,2,5,5,2
79.367,0.7913,2,5,5,2
79.394,0.7980,2,5,5,2
79.431,0.8012,2,5,5,2
79.464,0.8073,2,5,5,2
79.501,0.8128,2,5,5,2
79.533,0.8177,2,5,5,2
79.565,0.8200,2,5,5,2
79.596,0.8242,2,5,5,2
79.631,0.8261,2,5,5,2
79.667,0.8295,2,5,5,2
79.698,0.8325,2,5,5,2
79.732,0.8339,2,5,5,2
79.764,0.8363,2,5,5,2
79.798,0.8384,2,5,5,2
79.831,0.8393,2,5,5,2
79.867,0.8410,2,5,5,2
79.900,0.8424,2,5,5,2
79.931,0.8430,2,5,5,2
79.967,0.8442,2,5,5,2
79.999,0.8451,2,5,5,2
80.032,0.8456,2,5,5,2
80.064,0.8463,2,5,5,2
80.101,0.8470,2,5,5,2
80.133,0.8476,2,5,5,2
80.167,0.8478,2,5,5,2
80.202,0.8482,2,5,5,2
80.232,0.8483,2,5,5,2
80.268,0.8482,2,5,5,2
80.300,0.8476,2,5,5,2
80.334,0.8463,2,5,5,2
80.365,0.8454,2,5,5,2
80.402,0.8431,2,5,5,2
80.432,0.8416,2,5,5,2
80.465,0.8384,2,5,5,2
80.498,0.8350,2,5,5,2
80.531,0.8332,2,5,5,2
80.565,0.8297,2,5,5,2
80.603,0.8265,2,5,5,2
80.631,0.8249,2,5,5,2
80.666,0.8220,2,5,5,2
80.698,0.8194,2,5,5,2
80.731,0.8182,2,5,5,2
80.767,0.8161,2,5,5,2
80.798,0.8142,2,5,5,2
80.833,0.8126,2,5,5,2
80.867,0.8119,2,5,5,2
80.900,0.8107,2,5,5,2
80.933,0.8096,2,5,5,2
80.964,0.8092,2,5,5,2
80.998,0.8084,2,5,5,2
81.031,0.8080,2,5,5,2
81.065,0.8074,2,5,5,2
81.099,0.8067,2,5,5,2
81.133,0.8058,2,5,5,2
81.164,0.8052,2,5,5,2
81.198,0.8037,2,5,5,2
81.231,0.8027,2,5,5,2
81.265,0.8004,2,5,5,2
81.300,0.7977,2,5,5,2
81.331,0.7964,2,5,5,2
81.365,0.7936,2,5,5,2
81.398,0.7910,2,5,5,2
81.432,0.7897,2,5,5,2
81.467,0.7874,2,5,5,2
81.499,0.7852,2,5,5,2
81.532,0.7843,2,5,5,2
81.565,0.7825,2,5,5,2
81.599,0.7809,2,5,5,2
81.633,0.7802,2,5,5,2
81.666,0.7790,2,5,5,2
81.699,0.7780,2,5,5,2
81.731,0.7775,2,5,5,2
81.765,0.7767,2,5,5,2
81.801,0.7760,2,5,5,2
81.833,0.7757,2,5,5,2
81.867,0.7752,2,5,5,2
81.900,0.7747,2,5,5,2
81.934,0.7742,2,5,5,2
81.966,0.7738,2,5,5,2
81.998,0.7727,2,5,5,2
82.031,0.7720,2,5,5,2
82.065,0.7700,2,5,5,2
82.098,0.7674,2,5,5,2
82.131,0.7659,2,5,5,2
82.165,0.7627,2,5,5,2
82.198,0.7594,2,5,5,2
82.231,0.7578,2,5,5,2
82.267,0.7546,2,5,5,2
82.299,0.7517,2,5,5,2
82.333,0.7490,2,5,5,2
82.364,0.7478,2,5,5,2
82.400,0.7455,2,5,5,2
82.433,0.7435,2,5,5,2
82.466,0.7427,2,5,5,2
82.498,0.7411,2,5,5,2
82.534,0.7398,2,5,5,2
82.566,0.7392,2,5,5,2
82.601,0.7382,2,5,5,2
82.631,0.7377,2,5,5,2
82.667,0.7369,2,5,5,2
82.700,0.7363,2,5,5,2
82.732,0.7360,2,5,5,2
82.766,0.7356,2,5,5,2
82.798,0.7352,2,5,5,2
82.831,0.7350,2,5,5,2
82.865,0.7347,2,5,5,2
82.900,0.7345,2,5,5,2
82.933,0.7343,2,5,5,2
82.965,0.7342,2,5,5,2
82.998,0.7341,2,5,5,2
83.031,0.7340,2,5,5,2
83.065,0.7339,2,5,5,2
83.098,0.7338,2,5,5,2
83.131,0.7338,2,5,5,2
83.167,0.7337,2,5,5,2
83.199,0.7337,2,5,5,2
83.232,0.7336,2,5,5,2
83.264,0.7336,2,5,5,2
83.298,0.7335,2,5,5,2
83.331,0.7335,2,5,5,2
83.365,0.7335,2,5,5,2
83.398,0.7334,2,5,5,2
83.431,0.7334,2,5,5,2
83.464,0.7333,2,5,5,2
83.498,0.7333,2,5,5,2
83.533,0.7333,0,0,0,0
83.565,0.7333,0,0,0,0
83.599,0.7332,0,0,0,0
83.634,0.7332,0,0,0,0
83.666,0.7332,0,0,0,0
83.699,0.7331,0,0,0,0
83.732,0.7331,0,0,0,0
83.766,0.7331,0,0,0,0
83.798,0.7330,0,0,0,0
83.831,0.7330,0,0,0,0
83.866,0.7330,0,0,0,0
83.900,0.7330,0,0,0,0
83.933,0.7329,0,0,0,0
83.966,0.7329,0,0,0,0
83.998,0.7329,0,0,0,0
84.034,0.7329,0,0,0,0
84.066,0.7328,0,0,0,0
84.098,0.7328,0,0,0,0
84.132,0.7328,0,0,0,0
84.166,0.7328,0,0,0,0
84.198,0.7327,0,0,0,0
84.235,0.7327,0,0,0,0
84.267,0.7327,0,0,0,0
84.300,0.7327,0,0,0,0
84.331,0.7327,0,0,0,0
84.364,0.7326,0,0,0,0
84.398,0.7326,0,0,0,0
84.435,0.7326,0,0,0,0
84.467,0.7326,0,0,0,0
84.499,0.7326,0,0,0,0
84.531,0.7326,0,0,0,0
84.565,0.7325,0,0,0,0
84.600,0.7325,0,0,0,0
84.638,0.7325,0,0,0,0
84.665,0.7325,0,0,0,0
84.698,0.7325,0,0,0,0
84.732,0.7324,0,0,0,0
84.767,0.7324,0,0,0,0
84.800,0.7324,0,0,0,0
84.832,0.7324,0,0,0,0
84.866,0.7324,0,0,0,0
84.900,0.7324,0,0,0,0
84.932,0.7324,0,0,0,0
84.965,0.7323,0,0,0,0
84.998,0.7323,0,0,0,0
85.034,0.7323,0,0,0,0
85.066,0.7323,0,0,0,0
85.100,0.7323,0,0,0,0
85.132,0.7323,0,0,0,0
85.165,0.7323,0,0,0,0
85.198,0.7322,0,0,0,0
85.231,0.7322,0,0,0,0
85.267,0.7322,0,0,0,0
85.299,0.7322,0,0,0,0
85.334,0.7322,0,0,0,0
85.367,0.7322,0,0,0,0
85.398,0.7322,0,0,0,0
85.433,0.7322,0,0,0,0
85.465,0.7321,0,0,0,0
85.500,0.7321,0,0,0,0
85.532,0.7321,0,0,0,0
85.564,0.7321,0,0,0,0
85.599,0.7321,0,0,0,0
85.632,0.7321,0,0,0,0
85.668,0.7321,0,0,0,0
85.700,0.7321,0,0,0,0
85.733,0.7321,0,0,0,0
85.764,0.7320,0,0,0,0
85.798,0.7320,0,0,0,0
85.833,0.7320,0,0,0,0
85.865,0.7320,0,0,0,0
85.898,0.7320,0,0,0,0
85.932,0.7320,0,0,0,0
85.966,0.7320,0,0,0,0
85.998,0.7320,0,0,0,0
86.031,0.7320,0,0,0,0
86.067,0.7320,0,0,0,0
86.099,0.7319,0,0,0,0
86.134,0.7319,0,0,0,0
86.164,0.7319,0,0,0,0
86.201,0.7319,0,0,0,0
86.234,0.7319,0,0,0,0
86.266,0.7319,0,0,0,0
86.298,0.7319,0,0,0,0
86.336,0.7319,0,0,0,0
86.369,0.7319,0,0,0,0
86.399,0.7318,0,0,0,0
86.433,0.7318,0,0,0,0
86.465,0.7318,0,0,0,0
86.499,0.7318,0,0,0,0
86.532,0.7318,0,0,0,0
86.565,0.7318,0,0,0,0
86.600,0.7318,0,0,0,0
86.632,0.7318,0,0,0,0
86.661,0.7318,0,0,0,0
86.700,0.7318,0,0,0,0
86.733,0.7317,0,0,0,0
86.767,0.7317,0,0,0,0
86.798,0.7317,0,0,0,0
86.834,0.7317,0,0,0,0
86.863,0.7317,0,0,0,0
86.900,0.7317,0,0,0,0
86.931,0.7317,0,0,0,0
86.968,0.7317,0,0,0,0
86.998,0.7317,0,0,0,0
87.032,0.7317,0,0,0,0
87.067,0.7317,0,0,0,0
87.100,0.7316,0,0,0,0
87.132,0.7316,0,0,0,0
87.164,0.7316,0,0,0,0
87.201,0.7316,0,0,0,0
87.233,0.7316,0,0,0,0
87.265,0.7316,0,0,0,0
87.298,0.7316,0,0,0,0
87.331,0.7316,0,0,0,0
87.365,0.7316,0,0,0,0
87.398,0.7315,0,0,0,0
87.433,0.7315,0,0,0,0
87.470,0.7315,0,0,0,0
87.498,0.7315,0,0,0,0
87.531,0.7315,0,0,0,0
87.566,0.7315,0,0,0,0
87.598,0.7315,0,0,0,0
87.632,0.7315,0,0,0,0
87.664,0.7315,0,0,0,0
87.700,0.7315,0,0,0,0
87.733,0.7314,0,0,0,0
87.766,0.7314,0,0,0,0
87.798,0.7314,0,0,0,0
87.831,0.7314,0,0,0,0
87.866,0.7314,0,0,0,0
87.901,0.7314,0,0,0,0
87.933,0.7314,0,0,0,0
87.968,0.7314,0,0,0,0
88.000,0.7314,0,0,0,0
88.032,0.7314,0,0,0,0
88.064,0.7313,0,0,0,0
88.098,0.7313,0,0,0,0
88.132,0.7313,0,0,0,0
88.168,0.7313,0,0,0,0
88.200,0.7313,0,0,0,0
88.232,0.7313,0,0,0,0
88.265,0.7313,0,0,0,0
88.299,0.7313,0,0,0,0
88.331,0.7313,0,0,0,0
88.365,0.7313,0,0,0,0
88.399,0.7312,0,0,0,0
88.431,0.7312,0,0,0,0
88.468,0.7312,0,0,0,0
88.500,0.7312,0,0,0,0
88.531,0.7312,0,0,0,0
88.567,0.7312,0,0,0,0
88.598,0.7312,0,0,0,0
88.634,0.7312,0,0,0,0
88.665,0.7312,0,0,0,0
88.698,0.7311,0,0,0,0
88.732,0.7311,0,0,0,0
88.764,0.7311,0,0,0,0
88.799,0.7311,0,0,0,0
88.831,0.7311,0,0,0,0
88.864,0.7311,0,0,0,0
88.898,0.7311,0,0,0,0
88.934,0.7311,0,0,0,0
88.967,0.7311,0,0,0,0
89.001,0.7310,0,0,0,0
89.032,0.7310,0,0,0,0
89.065,0.7310,0,0,0,0
89.098,0.7310,0,0,0,0
89.132,0.7310,0,0,0,0
89.166,0.7310,0,0,0,0
89.201,0.7310,0,0,0,0
89.232,0.7310,0,0,0,0
89.265,0.7310,0,0,0,0
89.298,0.7309,0,0,0,0
89.332,0.7309,0,0,0,0
89.365,0.7309,0,0,0,0
89.401,0.7309,0,0,0,0
89.432,0.7309,0,0,0,0
89.465,0.7309,0,0,0,0
89.498,0.7309,0,0,0,0
89.534,0.7309,0,0,0,0
89.565,0.7308,0,0,0,0
89.598,0.7308,0,0,0,0
89.633,0.7308,0,0,0,0
89.665,0.7308,0,0,0,0
89.699,0.7308,0,0,0,0
89.734,0.7308,0,0,0,0
89.767,0.7308,0,0,0,0
89.798,0.7308,0,0,0,0
89.834,0.7307,0,0,0,0
89.864,0.7307,0,0,0,0
89.898,0.7306,0,0,0,0
89.934,0.7304,0,0,0,0
89.965,0.7304,0,0,0,0
89.998,0.7303,0,0,0,0
90.031,0.7303,0,0,0,0
90.068,0.7302,0,0,0,0
90.099,0.7302,0,0,0,0
90.131,0.7302,0,0,0,0
90.167,0.7301,0,0,0,0
90.198,0.7301,0,0,0,0
90.231,0.7301,0,0,0,0
90.267,0.7301,0,0,0,0
90.299,0.7301,0,0,0,0
90.332,0.7301,0,0,0,0
90.365,0.7289,0,0,0,0
90.398,0.7253,2,5,5,2
90.431,0.7224,2,5,5,2
90.465,0.7136,2,5,5,2
90.501,0.7008,2,5,5,2
90.533,0.6848,2,5,5,2
90.565,0.6777,2,5,5,2
90.598,0.6766,2,5,5,2
90.631,0.6760,2,5,5,2
90.665,0.6751,2,5,5,2
90.705,0.6744,2,5,5,2
90.732,0.6742,2,5,5,2
90.766,0.6740,2,5,5,2
90.803,0.6740,2,5,5,2
90.832,0.6740,2,5,5,2
90.865,0.6742,2,5,5,2
90.898,0.6745,2,5,5,2
90.931,0.6746,2,5,5,2
90.965,0.6750,2,5,5,2
90.998,0.6754,2,5,5,2
91.031,0.6756,2,5,5,2
91.065,0.6760,2,5,5,2
91.099,0.6764,2,5,5,2
91.132,0.6766,2,5,5,2
91.165,0.6771,2,5,5,2
91.198,0.6775,2,5,5,2
91.231,0.6777,2,5,5,2
91.265,0.6781,2,5,5,2
91.298,0.6785,2,5,5,2
91.333,0.6789,2,5,5,2
91.364,0.6791,2,5,5,2
91.398,0.6795,2,5,5,2
91.433,0.6797,2,5,5,2
91.466,0.6800,2,5,5,2
91.498,0.6803,2,5,5,2
91.533,0.6805,2,5,5,2
91.567,0.6808,0,0,0,0
91.599,0.6810,0,0,0,0
91.631,0.6812,0,0,0,0
91.665,0.6814,0,0,0,0
91.698,0.6816,0,0,0,0
91.733,0.6817,0,0,0,0
91.765,0.6819,0,0,0,0
91.798,0.6821,0,0,0,0
91.832,0.6822,0,0,0,0
91.865,0.6824,0,0,0,0
91.898,0.6825,0,0,0,0
91.932,0.6826,0,0,0,0
91.965,0.6827,0,0,0,0
91.999,0.6828,0,0,0,0
92.032,0.6828,0,0,0,0
92.065,0.6829,0,0,0,0
92.098,0.6830,0,0,0,0
92.133,0.6831,0,0,0,0
92.167,0.6831,0,0,0,0
92.198,0.6832,0,0,0,0
92.231,0.6832,0,0,0,0
92.265,0.6835,0,0,0,0
92.298,0.6845,0,0,0,0
92.331,0.6851,0,0,0,0
92.365,0.6861,0,0,0,0
92.399,0.6870,0,0,0,0
92.433,0.6875,0,0,0,0
92.466,0.6884,0,0,0,0
92.500,0.6893,0,0,0,0
92.532,0.6898,0,0,0,0
92.565,0.6907,0,0,0,0
92.601,0.6915,0,0,0,0
92.631,0.6919,0,0,0,0
92.665,0.6927,0,0,0,0
92.698,0.6935,0,0,0,0
92.731,0.6939,0,0,0,0
92.767,0.6946,0,0,0,0
92.798,0.6953,0,0,0,0
92.831,0.6957,0,0,0,0
92.865,0.6964,0,0,0,0
92.898,0.6971,0,0,0,0
92.931,0.6974,0,0,0,0
92.965,0.6980,0,0,0,0
92.998,0.6986,0,0,0,0
93.032,0.6990,0,0,0,0
93.067,0.6995,0,0,0,0
93.101,0.7001,0,0,0,0
93.127,0.7004,0,0,0,0
93.164,0.7010,0,0,0,0
93.198,0.7015,0,0,0,0
93.231,0.7018,0,0,0,0
93.265,0.7023,0,0,0,0
93.299,0.7028,0,0,0,0
93.332,0.7030,0,0,0,0
93.365,0.7035,0,0,0,0
93.398,0.7039,0,0,0,0
93.431,0.7042,0,0,0,0
93.467,0.7046,0,0,0,0
93.499,0.7050,0,0,0,0
93.532,0.7052,0,0,0,0
93.565,0.7056,0,0,0,0
93.598,0.7060,0,0,0,0
93.632,0.7062,0,0,0,0
93.667,0.7066,0,0,0,0
93.701,0.7070,0,0,0,0
93.734,0.7073,0,0,0,0
93.766,0.7075,0,0,0,0
93.799,0.7078,0,0,0,0
93.831,0.7080,0,0,0,0
93.865,0.7083,0,0,0,0
93.900,0.7087,0,0,0,0
93.937,0.7090,0,0,0,0
93.965,0.7091,0,0,0,0
93.999,0.7094,0,0,0,0
94.031,0.7095,0,0,0,0
94.064,0.7098,0,0,0,0
94.100,0.7101,0,0,0,0
94.131,0.7102,0,0,0,0
94.167,0.7105,0,0,0,0
94.201,0.7107,0,0,0,0
94.231,0.7109,0,0,0,0
94.265,0.7111,0,0,0,0
94.298,0.7113,0,0,0,0
94.334,0.7116,0,0,0,0
94.365,0.7117,0,0,0,0
94.400,0.7119,0,0,0,0
94.433,0.7121,0,0,0,0
94.464,0.7122,0,0,0,0
94.500,0.7124,0,0,0,0
94.531,0.7125,0,0,0,0
94.564,0.7127,0,0,0,0
94.598,0.7129,0,0,0,0
94.632,0.7130,0,0,0,0
94.665,0.7131,0,0,0,0
94.698,0.7133,0,0,0,0
94.732,0.7134,0,0,0,0
94.765,0.7136,0,0,0,0
94.798,0.7137,0,0,0,0
94.832,0.7138,0,0,0,0
94.865,0.7139,0,0,0,0
94.899,0.7141,0,0,0,0
94.931,0.7142,0,0,0,0
94.964,0.7143,0,0,0,0
95.001,0.7144,0,0,0,0
95.033,0.7146,0,0,0,0
95.066,0.7146,0,0,0,0
95.100,0.7148,0,0,0,0
95.133,0.7149,0,0,0,0
95.167,0.7150,0,0,0,0
95.200,0.7151,0,0,0,0
95.233,0.7152,0,0,0,0
95.266,0.7152,0,0,0,0
95.298,0.7154,0,0,0,0
95.331,0.7154,0,0,0,0
95.366,0.7155,0,0,0,0
95.401,0.7156,0,0,0,0
95.434,0.7157,0,0,0,0
95.465,0.7158,0,0,0,0
95.499,0.7159,0,0,0,0
95.531,0.7159,0,0,0,0
95.565,0.7160,0,0,0,0
95.600,0.7161,0,0,0,0
95.632,0.7161,0,0,0,0
95.665,0.7162,0,0,0,0
95.699,0.7163,0,0,0,0
95.731,0.7163,0,0,0,0
95.767,0.7164,0,0,0,0
95.799,0.7165,0,0,0,0
95.832,0.7165,0,0,0,0
95.867,0.7166,0,0,0,0
95.898,0.7167,0,0,0,0
95.932,0.7167,0,0,0,0
95.965,0.7168,0,0,0,0
95.998,0.7168,0,0,0,0
96.033,0.7168,0,0,0,0
96.064,0.7178,0,0,0,0
96.098,0.7208,2,5,5,2
96.131,0.7242,2,5,5,2
96.166,0.7267,2,5,5,2
96.198,0.7276,2,5,5,2
96.232,0.7304,2,5,5,2
96.265,0.7376,2,5,5,2
96.298,0.7433,2,5,5,2
96.332,0.7474,2,5,5,2
96.365,0.7499,2,5,5,2
96.399,0.7508,2,5,5,2
96.435,0.7499,2,5,5,2
96.465,0.7477,2,5,5,2
96.498,0.7438,2,5,5,2
96.531,0.7382,2,5,5,2
96.567,0.7304,2,5,5,2
96.599,0.7267,2,5,5,2
96.633,0.7359,2,5,5,2
96.665,0.7432,2,5,5,2
96.698,0.7489,2,5,5,2
96.734,0.7535,2,5,5,2
96.769,0.7562,2,5,5,2
96.798,0.7570,2,5,5,2
96.834,0.7563,2,5,5,2
96.865,0.7542,2,5,5,2
96.901,0.7500,2,5,5,2
96.931,0.7448,2,5,5,2
96.967,0.7371,2,5,5,2
96.998,0.7290,2,5,5,2
97.031,0.7295,2,5,5,2
97.067,0.7295,2,5,5,2
97.101,0.7295,2,5,5,2
97.131,0.7571,2,5,5,2
97.165,0.7561,2,5,5,2
97.198,0.7535,2,5,5,2
97.234,0.7488,2,5,5,2
97.266,0.7430,2,5,5,2
97.298,0.7357,2,5,5,2
97.331,0.7302,2,5,5,2
97.364,0.7274,2,5,5,2
97.401,0.7284,2,5,5,2
97.434,0.7284,2,5,5,2
97.465,0.7284,2,5,5,2
97.498,0.7284,2,5,5,2
97.533,0.7284,2,5,5,2
97.565,0.7284,2,5,5,2
97.598,0.7284,2,5,5,2
97.631,0.7290,2,5,5,2
97.665,0.7311,2,5,5,2
97.698,0.7331,2,5,5,2
97.733,0.7335,2,5,5,2
97.765,0.7323,2,5,5,2
97.800,0.7294,2,5,5,2
97.833,0.7251,2,5,5,2
97.865,0.7232,2,5,5,2
97.898,0.7346,2,5,5,2
97.931,0.7446,2,5,5,2
97.967,0.7536,2,5,5,2
97.998,0.7599,2,5,5,2
98.034,0.7653,2,5,5,2
98.066,0.7686,2,5,5,2
98.099,0.7703,2,5,5,2
98.132,0.7704,2,5,5,2
98.165,0.7689,2,5,5,2
98.198,0.7657,2,5,5,2
98.231,0.7609,2,5,5,2
98.267,0.7538,2,5,5,2
98.298,0.7484,2,5,5,2
98.331,0.7492,2,5,5,2
98.364,0.7483,2,5,5,2
98.398,0.7459,2,5,5,2
98.434,0.7413,2,5,5,2
98.466,0.7358,2,5,5,2
98.498,0.7287,2,5,5,2
98.534,0.7196,2,5,5,2
98.565,0.7140,2,5,5,2
98.600,0.7112,2,5,5,2
98.631,0.7111,2,5,5,2
98.665,0.7111,2,5,5,2
98.698,0.7111,2,5,5,2
98.731,0.7111,2,5,5,2
98.765,0.7110,2,5,5,2
98.801,0.7110,2,5,5,2
98.833,0.7110,2,5,5,2
98.867,0.7110,2,5,5,2
98.898,0.7109,2,5,5,2
98.931,0.7109,2,5,5,2
98.964,0.7109,2,5,5,2
98.998,0.7264,2,5,5,2
99.031,0.7264,2,5,5,2
99.065,0.7263,2,5,5,2
99.098,0.7263,2,5,5,2
99.133,0.7263,2,5,5,2
99.167,0.7277,2,5,5,2
99.198,0.7314,2,5,5,2
99.231,0.7373,2,5,5,2
99.267,0.7428,2,5,5,2
99.298,0.7461,2,5,5,2
99.331,0.7480,2,5,5,2
99.367,0.7483,2,5,5,2
99.401,0.7493,2,5,5,2
99.431,0.7563,2,5,5,2
99.464,0.7623,2,5,5,2
99.500,0.7670,2,5,5,2
99.531,0.7695,2,5,5,2
99.567,0.7706,2,5,5,2
99.598,0.7700,2,5,5,2
99.632,0.7678,2,5,5,2
99.667,0.7635,2,5,5,2
99.698,0.7584,2,5,5,2
99.731,0.7512,2,5,5,2
99.766,0.7420,2,5,5,2
99.798,0.7320,2,5,5,2
99.833,0.7231,2,5,5,2
99.865,0.7281,2,5,5,2
99.899,0.7319,2,5,5,2
99.931,0.7341,2,5,5,2
99.968,0.7347,2,5,5,2
99.996,0.7339,2,5,5,2
100.031,0.7313,2,5,5,2
100.067,0.7288,2,5,5,2
100.098,0.7371,2,5,5,2
100.134,0.7452,2,5,5,2
100.167,0.7509,2,5,5,2
100.200,0.7550,2,5,5,2
100.234,0.7575,2,5,5,2
100.267,0.7583,2,5,5,2
100.299,0.7577,2,5,5,2
100.332,0.7553,2,5,5,2
100.368,0.7511,2,5,5,2
100.400,0.7455,2,5,5,2
100.432,0.7387,2,5,5,2
100.464,0.7301,2,5,5,2
100.500,0.7323,2,5,5,2
100.532,0.7387,2,5,5,2
100.565,0.7439,2,5,5,2
100.599,0.7474,2,5,5,2
100.631,0.7493,2,5,5,2
100.667,0.7496,2,5,5,2
100.699,0.7482,2,5,5,2
100.732,0.7453,2,5,5,2
100.768,0.7403,2,5,5,2
100.800,0.7341,2,5,5,2
100.834,0.7262,2,5,5,2
100.865,0.7267,2,5,5,2
100.898,0.7267,2,5,5,2
100.933,0.7267,2,5,5,2
100.965,0.7267,2,5,5,2
100.998,0.7496,2,5,5,2
101.031,0.7484,2,5,5,2
101.065,0.7455,2,5,5,2
101.098,0.7411,2,5,5,2
101.131,0.7350,2,5,5,2
101.165,0.7276,2,5,5,2
101.198,0.7255,2,5,5,2
101.231,0.7255,2,5,5,2
101.264,0.7254,2,5,5,2
101.300,0.7254,2,5,5,2
101.331,0.7254,2,5,5,2
101.365,0.7254,2,5,5,2
101.402,0.7253,2,5,5,2
101.441,0.7255,2,5,5,2
101.474,0.7262,2,5,5,2
101.500,0.7264,2,5,5,2
101.534,0.7254,2,5,5,2
101.565,0.7230,2,5,5,2
101.598,0.7190,2,5,5,2
101.634,0.7128,2,5,5,2
101.667,0.7056,2,5,5,2
101.698,0.6974,2,5,5,2
101.731,0.6873,2,5,5,2
101.764,0.6755,2,5,5,2
101.800,0.6613,2,5,5,2
101.833,0.6469,2,5,5,2
101.867,0.6563,2,5,5,2
101.898,0.6708,2,5,5,2
101.931,0.6851,2,5,5,2
101.965,0.6938,2,5,5,2
101.998,0.6968,2,5,5,2
102.033,0.6964,2,5,5,2
102.064,0.6962,2,5,5,2
102.101,0.6958,2,5,5,2
102.134,0.6954,2,5,5,2
102.167,0.6953,2,5,5,2
102.198,0.6950,2,5,5,2
102.231,0.6948,2,5,5,2
102.267,0.6946,2,5,5,2
102.299,0.6943,2,5,5,2
102.334,0.6941,2,5,5,2
102.365,0.6941,2,5,5,2
102.398,0.6939,2,5,5,2
102.432,0.6938,2,5,5,2
102.465,0.6793,2,5,5,2
102.501,0.6793,2,5,5,2
102.534,0.6792,2,5,5,2
102.566,0.6791,2,5,5,2
102.600,0.6791,2,5,5,2
102.633,0.6791,2,5,5,2
102.665,0.6790,2,5,5,2
102.698,0.6790,2,5,5,2
102.734,0.6789,2,5,5,2
102.767,0.6789,2,5,5,2
102.798,0.6789,2,5,5,2
102.831,0.6789,2,5,5,2
102.867,0.6764,2,5,5,2
102.900,0.6676,2,5,5,2
102.933,0.6573,2,5,5,2
102.964,0.6419,2,5,5,2
102.998,0.6508,2,5,5,2
103.031,0.6645,2,5,5,2
103.066,0.6772,2,5,5,2
103.099,0.6877,2,5,5,2
103.133,0.6971,2,5,5,2
103.166,0.7045,2,5,5,2
103.199,0.7105,2,5,5,2
103.231,0.7150,2,5,5,2
103.265,0.7160,2,5,5,2
103.298,0.7160,2,5,5,2
103.331,0.7160,2,5,5,2
103.366,0.7159,2,5,5,2
103.399,0.7159,2,5,5,2
103.431,0.7159,2,5,5,2
103.464,0.7159,2,5,5,2
103.498,0.7158,2,5,5,2
103.534,0.7158,2,5,5,2
103.567,0.7158,2,5,5,2
103.598,0.7158,2,5,5,2
103.631,0.7158,2,5,5,2
103.665,0.7157,2,5,5,2
103.698,0.7157,2,5,5,2
103.731,0.7157,2,5,5,2
103.767,0.7157,2,5,5,2
103.800,0.7156,2,5,5,2
103.834,0.7156,2,5,5,2
103.865,0.7156,2,5,5,2
103.899,0.7156,2,5,5,2
103.932,0.7156,2,5,5,2
103.965,0.7155,2,5,5,2
103.998,0.7155,2,5,5,2
104.035,0.7155,2,5,5,2
104.067,0.7155,2,5,5,2
104.098,0.7155,2,5,5,2
104.131,0.7154,2,5,5,2
104.165,0.7154,2,5,5,2
104.198,0.7154,2,5,5,2
104.236,0.7154,0,0,0,0
104.268,0.7154,0,0,0,0
104.301,0.7153,0,0,0,0
104.331,0.7153,0,0,0,0
104.365,0.7153,0,0,0,0
104.398,0.7153,0,0,0,0
104.431,0.7153,0,0,0,0
104.467,0.7152,0,0,0,0
104.501,0.7152,0,0,0,0
104.531,0.7152,0,0,0,0
104.564,0.7152,0,0,0,0
104.598,0.7151,0,0,0,0
104.632,0.7151,0,0,0,0
104.665,0.7151,0,0,0,0
104.698,0.7151,0,0,0,0
104.733,0.7151,0,0,0,0
104.767,0.7150,0,0,0,0
104.798,0.7150,0,0,0,0
104.831,0.7150,0,0,0,0
104.864,0.7150,0,0,0,0
104.898,0.7150,0,0,0,0
104.931,0.7149,0,0,0,0
104.965,0.7149,0,0,0,0
105.000,0.7149,0,0,0,0
105.032,0.7149,0,0,0,0
105.066,0.7149,0,0,0,0
105.100,0.7148,0,0,0,0
105.133,0.7148,0,0,0,0
105.166,0.7148,0,0,0,0
105.199,0.7148,0,0,0,0
105.232,0.7147,0,0,0,0
105.265,0.7147,0,0,0,0
105.298,0.7147,0,0,0,0
105.337,0.7147,0,0,0,0
105.367,0.7147,0,0,0,0
105.399,0.7146,0,0,0,0
105.432,0.7146,0,0,0,0
105.465,0.7146,0,0,0,0
105.498,0.7146,0,0,0,0
105.531,0.7146,0,0,0,0
105.565,0.7145,0,0,0,0
105.598,0.7145,0,0,0,0
105.631,0.7145,0,0,0,0
105.665,0.7145,0,0,0,0
105.698,0.7144,0,0,0,0
105.732,0.7144,0,0,0,0
105.764,0.7144,0,0,0,0
105.801,0.7144,0,0,0,0
105.833,0.7144,0,0,0,0
105.864,0.7143,0,0,0,0
105.900,0.7143,0,0,0,0
105.934,0.7143,0,0,0,0
105.965,0.7143,0,0,0,0
106.000,0.7143,0,0,0,0
106.033,0.7142,0,0,0,0
106.065,0.7142,0,0,0,0
106.098,0.7142,0,0,0,0
106.132,0.7142,0,0,0,0
106.164,0.7142,0,0,0,0
106.198,0.7141,0,0,0,0
106.231,0.7141,0,0,0,0
106.267,0.7141,0,0,0,0
106.300,0.7141,0,0,0,0
106.333,0.7141,0,0,0,0
106.366,0.7140,0,0,0,0
106.398,0.7140,0,0,0,0
106.431,0.7140,0,0,0,0
106.468,0.7140,0,0,0,0
106.499,0.7139,0,0,0,0
106.531,0.7139,0,0,0,0
106.568,0.7139,0,0,0,0
106.598,0.7139,0,0,0,0
106.632,0.7139,0,0,0,0
106.670,0.7138,0,0,0,0
106.701,0.7138,0,0,0,0
106.733,0.7138,0,0,0,0
106.765,0.7138,0,0,0,0
106.798,0.7137,0,0,0,0
106.831,0.7137,0,0,0,0
106.865,0.7137,0,0,0,0
106.900,0.7137,0,0,0,0
106.931,0.7137,0,0,0,0
106.964,0.7136,0,0,0,0
106.998,0.7136,0,0,0,0
107.034,0.7136,0,0,0,0
107.065,0.7136,0,0,0,0
107.098,0.7135,0,0,0,0
107.132,0.7135,0,0,0,0
107.165,0.7135,0,0,0,0
107.199,0.7135,0,0,0,0
107.231,0.7135,0,0,0,0
107.264,0.7134,0,0,0,0
107.298,0.7128,0,0,0,0
107.333,0.7102,2,5,5,2
107.367,0.7052,2,5,5,2
107.399,0.6987,2,5,5,2
107.432,0.6907,2,5,5,2
107.464,0.6813,2,5,5,2
107.498,0.6703,2,5,5,2
107.533,0.6568,2,5,5,2
107.565,0.6436,2,5,5,2
107.599,0.6486,2,5,5,2
107.633,0.6642,2,5,5,2
107.666,0.6784,2,5,5,2
107.698,0.6906,2,5,5,2
107.731,0.7019,2,5,5,2
107.765,0.7117,2,5,5,2
107.798,0.7199,2,5,5,2
107.833,0.7268,2,5,5,2
107.864,0.7316,2,5,5,2
107.898,0.7351,2,5,5,2
107.931,0.7370,2,5,5,2
107.967,0.7373,2,5,5,2
107.999,0.7380,2,5,5,2
108.031,0.7462,2,5,5,2
108.065,0.7529,2,5,5,2
108.101,0.7583,2,5,5,2
108.131,0.7615,2,5,5,2
108.164,0.7633,2,5,5,2
108.198,0.7635,2,5,5,2
108.235,0.7620,2,5,5,2
108.267,0.7594,2,5,5,2
108.301,0.7572,2,5,5,2
108.334,0.7549,2,5,5,2
108.364,0.7526,2,5,5,2
108.398,0.7505,2,5,5,2
108.431,0.7489,2,5,5,2
108.464,0.7479,2,5,5,2
108.500,0.7472,2,5,5,2
108.533,0.7469,2,5,5,2
108.565,0.7469,2,5,5,2
108.600,0.7469,2,5,5,2
108.631,0.7469,2,5,5,2
108.667,0.7613,2,5,5,2
108.696,0.7613,2,5,5,2
108.731,0.7613,2,5,5,2
108.764,0.7612,2,5,5,2
108.801,0.7612,2,5,5,2
108.835,0.7612,2,5,5,2
108.865,0.7612,2,5,5,2
108.898,0.7612,2,5,5,2
108.931,0.7612,2,5,5,2
108.965,0.7612,2,5,5,2
108.998,0.7612,2,5,5,2
109.033,0.7612,2,5,5,2
109.066,0.7612,2,5,5,2
109.098,0.7612,2,5,5,2
109.131,0.7603,2,5,5,2
109.165,0.7576,2,5,5,2
109.199,0.7522,2,5,5,2
109.234,0.7450,2,5,5,2
109.267,0.7366,2,5,5,2
109.300,0.7267,2,5,5,2
109.331,0.7261,2,5,5,2
109.365,0.7310,2,5,5,2
109.399,0.7343,2,5,5,2
109.434,0.7358,2,5,5,2
109.464,0.7358,2,5,5,2
109.500,0.7339,2,5,5,2
109.533,0.7306,2,5,5,2
109.566,0.7255,2,5,5,2
109.599,0.7305,2,5,5,2
109.632,0.7375,2,5,5,2
109.667,0.7429,2,5,5,2
109.701,0.7464,2,5,5,2
109.734,0.7480,2,5,5,2
109.766,0.7485,2,5,5,2
109.798,0.7470,2,5,5,2
109.831,0.7443,2,5,5,2
109.867,0.7392,2,5,5,2
109.898,0.7332,2,5,5,2
109.932,0.7255,2,5,5,2
109.964,0.7161,2,5,5,2
109.998,0.7193,2,5,5,2
110.034,0.7239,2,5,5,2
110.066,0.7269,2,5,5,2
110.098,0.7278,2,5,5,2
110.131,0.7278,2,5,5,2
110.166,0.7256,2,5,5,2
110.197,0.7220,2,5,5,2
110.231,0.7174,2,5,5,2
110.265,0.7130,2,5,5,2
110.298,0.7102,2,5,5,2
110.331,0.7080,2,5,5,2
110.367,0.7071,2,5,5,2
110.398,0.7062,2,5,5,2
110.431,0.7058,2,5,5,2
110.465,0.7051,2,5,5,2
110.503,0.7045,2,5,5,2
110.532,0.7042,2,5,5,2
110.567,0.7037,2,5,5,2
110.598,0.7033,2,5,5,2
110.631,0.7031,2,5,5,2
110.664,0.7130,2,5,5,2
110.698,0.7128,2,5,5,2
110.731,0.7127,2,5,5,2
110.765,0.7125,2,5,5,2
110.798,0.7123,2,5,5,2
110.834,0.7122,2,5,5,2
110.865,0.7121,2,5,5,2
110.899,0.7120,2,5,5,2
110.934,0.7119,2,5,5,2
110.965,0.7119,2,5,5,2
110.999,0.7125,2,5,5,2
111.031,0.7133,2,5,5,2
111.064,0.7147,2,5,5,2
111.100,0.7157,2,5,5,2
111.131,0.7161,2,5,5,2
111.165,0.7155,2,5,5,2
111.199,0.7133,2,5,5,2
111.232,0.7096,2,5,5,2
111.265,0.7044,2,5,5,2
111.298,0.7015,2,5,5,2
111.333,0.7101,2,5,5,2
111.364,0.7162,2,5,5,2
111.398,0.7213,2,5,5,2
111.431,0.7248,2,5,5,2
111.467,0.7269,2,5,5,2
111.499,0.7272,2,5,5,2
111.531,0.7260,2,5,5,2
111.568,0.7229,2,5,5,2
111.598,0.7189,2,5,5,2
111.631,0.7131,2,5,5,2
111.665,0.7056,2,5,5,2
111.699,0.7050,2,5,5,2
111.734,0.7095,2,5,5,2
111.766,0.7120,2,5,5,2
111.798,0.7131,2,5,5,2
111.832,0.7128,2,5,5,2
111.865,0.7109,2,5,5,2
111.898,0.7075,2,5,5,2
111.931,0.7026,2,5,5,2
111.964,0.7020,2,5,5,2
112.001,0.7120,2,5,5,2
112.033,0.7193,2,5,5,2
112.066,0.7252,2,5,5,2
112.098,0.7296,2,5,5,2
112.136,0.7328,2,5,5,2
112.165,0.7339,2,5,5,2
112.200,0.7335,2,5,5,2
112.234,0.7316,2,5,5,2
112.265,0.7282,2,5,5,2
112.298,0.7233,2,5,5,2
112.333,0.7164,2,5,5,2
112.364,0.7086,2,5,5,2
112.399,0.7090,2,5,5,2
112.431,0.7092,2,5,5,2
112.464,0.7080,2,5,5,2
112.501,0.7049,2,5,5,2
112.531,0.7009,2,5,5,2
112.564,0.6951,2,5,5,2
112.598,0.6878,2,5,5,2
112.633,0.6785,2,5,5,2
112.665,0.6685,2,5,5,2
112.699,0.6566,2,5,5,2
112.734,0.6426,2,5,5,2
112.766,0.6285,2,5,5,2
112.799,0.6160,2,5,5,2
112.833,0.6298,2,5,5,2
112.860,0.6395,2,5,5,2
112.898,0.6519,2,5,5,2
112.936,0.6622,2,5,5,2
112.970,0.6701,2,5,5,2
113.004,0.6764,2,5,5,2
113.033,0.6794,2,5,5,2
113.064,0.6807,2,5,5,2
113.098,0.6806,2,5,5,2
113.136,0.6806,2,5,5,2
113.168,0.6806,2,5,5,2
113.198,0.6806,2,5,5,2
113.235,0.6805,2,5,5,2
113.267,0.6805,2,5,5,2
113.298,0.6571,2,5,5,2
113.332,0.6571,2,5,5,2
113.366,0.6571,2,5,5,2
113.399,0.6570,2,5,5,2
113.431,0.6570,2,5,5,2
113.467,0.6570,2,5,5,2
113.498,0.6570,2,5,5,2
113.532,0.6570,2,5,5,2
113.567,0.6569,2,5,5,2
113.599,0.6569,2,5,5,2
113.631,0.6569,2,5,5,2
113.665,0.6569,2,5,5,2
113.700,0.6569,2,5,5,2
113.733,0.6568,2,5,5,2
113.765,0.6586,2,5,5,2
113.799,0.6637,2,5,5,2
113.832,0.6710,2,5,5,2
113.867,0.6771,2,5,5,2
113.900,0.6814,2,5,5,2
113.932,0.6842,2,5,5,2
113.968,0.6851,2,5,5,2
113.998,0.6852,2,5,5,2
114.031,0.6852,2,5,5,2
114.064,0.6852,2,5,5,2
114.098,0.6852,2,5,5,2
114.133,0.6851,2,5,5,2
114.165,0.6851,2,5,5,2
114.198,0.6851,2,5,5,2
114.232,0.6851,2,5,5,2
114.264,0.6851,2,5,5,2
114.300,0.6850,2,5,5,2
114.331,0.6850,2,5,5,2
114.364,0.6850,2,5,5,2
114.400,0.6850,2,5,5,2
114.433,0.6850,2,5,5,2
114.467,0.6849,2,5,5,2
114.501,0.6846,2,5,5,2
114.534,0.6842,2,5,5,2
114.565,0.6837,2,5,5,2
114.599,0.6831,2,5,5,2
114.634,0.6831,2,5,5,2
114.667,0.6831,2,5,5,2
114.698,0.6831,2,5,5,2
114.734,0.6831,2,5,5,2
114.765,0.6830,2,5,5,2
114.800,0.6830,2,5,5,2
114.831,0.6830,2,5,5,2
114.865,0.6830,2,5,5,2
114.901,0.6830,2,5,5,2
114.932,0.6829,0,0,0,0
114.964,0.6829,0,0,0,0
115.001,0.6829,0,0,0,0
115.034,0.6829,0,0,0,0
115.066,0.6829,0,0,0,0
115.100,0.6828,0,0,0,0
115.133,0.6828,0,0,0,0
115.164,0.6828,0,0,0,0
115.198,0.6828,0,0,0,0
115.234,0.6828,0,0,0,0
115.265,0.6828,0,0,0,0
115.298,0.6827,0,0,0,0
115.332,0.6827,0,0,0,0
115.366,0.6827,0,0,0,0
115.399,0.6827,0,0,0,0
115.431,0.6827,0,0,0,0
115.466,0.6826,0,0,0,0
115.501,0.6826,0,0,0,0
115.532,0.6826,0,0,0,0
115.566,0.6826,0,0,0,0
115.601,0.6826,0,0,0,0
115.631,0.6826,0,0,0,0
115.667,0.6825,0,0,0,0
115.698,0.6825,0,0,0,0
115.731,0.6825,0,0,0,0
115.767,0.6825,0,0,0,0
115.801,0.6825,0,0,0,0
115.832,0.6824,0,0,0,0
115.865,0.6824,0,0,0,0
115.898,0.6824,0,0,0,0
115.931,0.6824,0,0,0,0
115.967,0.6824,0,0,0,0
115.998,0.6824,0,0,0,0
116.034,0.6823,0,0,0,0
116.065,0.6823,0,0,0,0
116.100,0.6823,0,0,0,0
116.132,0.6823,0,0,0,0
116.165,0.6823,0,0,0,0
116.201,0.6822,0,0,0,0
116.231,0.6822,0,0,0,0
116.267,0.6822,0,0,0,0
116.298,0.6822,0,0,0,0
116.331,0.6822,0,0,0,0
116.367,0.6822,0,0,0,0
116.399,0.6821,0,0,0,0
116.431,0.6821,0,0,0,0
116.467,0.6821,0,0,0,0
116.498,0.6821,0,0,0,0
116.532,0.6821,0,0,0,0
116.574,0.6820,0,0,0,0
116.599,0.6820,0,0,0,0
116.632,0.6820,0,0,0,0
116.663,0.6820,0,0,0,0
116.698,0.6820,0,0,0,0
116.732,0.6820,0,0,0,0
116.765,0.6819,0,0,0,0
116.799,0.6819,0,0,0,0
116.832,0.6819,0,0,0,0
116.865,0.6819,0,0,0,0
116.898,0.6819,0,0,0,0
116.931,0.6819,0,0,0,0
116.967,0.6818,0,0,0,0
116.998,0.6818,0,0,0,0
117.031,0.6818,0,0,0,0
117.067,0.6818,0,0,0,0
117.098,0.6818,0,0,0,0
117.132,0.6818,0,0,0,0
117.167,0.6817,0,0,0,0
117.198,0.6817,0,0,0,0
117.232,0.6817,0,0,0,0
117.268,0.6817,0,0,0,0
117.300,0.6817,0,0,0,0
117.334,0.6817,0,0,0,0
117.366,0.6816,0,0,0,0
117.399,0.6815,0,0,0,0
117.432,0.6812,0,0,0,0
117.465,0.6800,0,0,0,0
117.500,0.6778,1,6,6,1
117.531,0.6762,1,6,6,1
117.565,0.6717,1,6,6,1
117.596,0.6648,1,6,6,1
117.632,0.6604,1,6,6,1
117.665,0.6501,1,6,6,1
117.698,0.6384,1,6,6,1
117.734,0.6347,1,6,6,1
117.764,0.6342,1,6,6,1
117.796,0.6333,1,6,6,1
117.833,0.6324,1,6,6,1
117.865,0.6320,1,6,6,1
117.898,0.6312,1,6,6,1
117.932,0.6309,1,6,6,1
117.966,0.6303,1,6,6,1
117.998,0.6301,1,6,6,1
118.031,0.6300,1,6,6,1
118.064,0.6301,1,6,6,1
118.100,0.6304,1,6,6,1
118.131,0.6306,1,6,6,1
118.167,0.6310,1,6,6,1
118.200,0.6314,1,6,6,1
118.234,0.6319,1,6,6,1
118.267,0.6322,1,6,6,1
118.299,0.6327,1,6,6,1
118.333,0.6332,1,6,6,1
118.367,0.6335,1,6,6,1
118.398,0.6340,1,6,6,1
118.434,0.6345,1,6,6,1
118.467,0.6348,1,6,6,1
118.500,0.6353,1,6,6,1
118.532,0.6356,1,6,6,1
118.565,0.6361,1,6,6,1
118.599,0.6365,1,6,6,1
118.634,0.6370,1,6,6,1
118.665,0.6372,1,6,6,1
118.701,0.6376,1,6,6,1
118.732,0.6378,1,6,6,1
118.766,0.6379,0,0,0,0
118.801,0.6377,0,0,0,0
118.831,0.6374,0,0,0,0
118.866,0.6368,0,0,0,0
118.900,0.6360,0,0,0,0
118.933,0.6356,0,0,0,0
118.966,0.6349,0,0,0,0
119.000,0.6344,0,0,0,0
119.031,0.6342,0,0,0,0
119.065,0.6341,0,0,0,0
119.101,0.6341,0,0,0,0
119.131,0.6342,0,0,0,0
119.164,0.6344,0,0,0,0
119.198,0.6347,0,0,0,0
119.231,0.6349,0,0,0,0
119.267,0.6352,0,0,0,0
119.300,0.6356,0,0,0,0
119.333,0.6358,0,0,0,0
119.366,0.6362,0,0,0,0
119.400,0.6366,0,0,0,0
119.431,0.6369,0,0,0,0
119.467,0.6373,0,0,0,0
119.501,0.6377,0,0,0,0
119.534,0.6381,0,0,0,0
119.566,0.6383,0,0,0,0
119.598,0.6386,0,0,0,0
119.627,0.6388,0,0,0,0
119.665,0.6392,0,0,0,0
119.698,0.6395,0,0,0,0
119.732,0.6397,0,0,0,0
119.764,0.6400,0,0,0,0
119.801,0.6403,0,0,0,0
119.832,0.6404,0,0,0,0
119.865,0.6407,0,0,0,0
119.899,0.6413,0,0,0,0
119.934,0.6421,0,0,0,0
119.967,0.6425,0,0,0,0
120.000,0.6432,0,0,0,0
120.033,0.6439,0,0,0,0
120.065,0.6442,0,0,0,0
120.098,0.6448,0,0,0,0
120.132,0.6451,0,0,0,0
120.165,0.6457,0,0,0,0
120.199,0.6463,0,0,0,0
120.232,0.6465,0,0,0,0
120.265,0.6470,0,0,0,0
120.298,0.6476,0,0,0,0
120.333,0.6478,0,0,0,0
120.365,0.6483,0,0,0,0
120.400,0.6487,0,0,0,0
120.434,0.6492,0,0,0,0
120.467,0.6494,0,0,0,0
120.499,0.6498,0,0,0,0
120.532,0.6500,0,0,0,0
120.565,0.6504,0,0,0,0
120.599,0.6508,0,0,0,0
120.635,0.6511,0,0,0,0
120.665,0.6513,0,0,0,0
120.701,0.6516,0,0,0,0
120.733,0.6520,0,0,0,0
120.765,0.6521,0,0,0,0
120.798,0.6524,0,0,0,0
120.836,0.6528,0,0,0,0
120.865,0.6529,0,0,0,0
120.899,0.6532,0,0,0,0
120.933,0.6533,0,0,0,0
120.964,0.6536,0,0,0,0
121.000,0.6539,0,0,0,0
121.036,0.6541,0,0,0,0
121.065,0.6542,0,0,0,0
121.098,0.6545,0,0,0,0
121.131,0.6546,0,0,0,0
121.165,0.6548,0,0,0,0
121.198,0.6551,0,0,0,0
121.238,0.6553,0,0,0,0
121.266,0.6554,0,0,0,0
121.301,0.6556,0,0,0,0
121.331,0.6557,0,0,0,0
121.364,0.6559,0,0,0,0
121.398,0.6561,0,0,0,0
121.433,0.6563,0,0,0,0
121.464,0.6563,0,0,0,0
121.501,0.6565,0,0,0,0
121.532,0.6566,0,0,0,0
121.564,0.6568,0,0,0,0
121.601,0.6569,0,0,0,0
121.633,0.6571,0,0,0,0
121.665,0.6572,0,0,0,0
121.698,0.6573,0,0,0,0
121.733,0.6575,0,0,0,0
121.764,0.6576,0,0,0,0
121.800,0.6577,0,0,0,0
121.832,0.6578,0,0,0,0
121.866,0.6579,0,0,0,0
121.898,0.6581,0,0,0,0
121.931,0.6581,0,0,0,0
121.967,0.6583,0,0,0,0
121.999,0.6584,0,0,0,0
122.033,0.6585,0,0,0,0
122.067,0.6586,0,0,0,0
122.098,0.6587,0,0,0,0
122.132,0.6588,0,0,0,0
122.164,0.6589,0,0,0,0
122.199,0.6590,0,0,0,0
122.234,0.6591,0,0,0,0
122.266,0.6591,0,0,0,0
122.301,0.6593,0,0,0,0
122.332,0.6593,0,0,0,0
122.365,0.6594,0,0,0,0
122.398,0.6597,0,0,0,0
122.431,0.6599,0,0,0,0
122.466,0.6604,0,0,0,0
122.498,0.6611,0,0,0,0
122.531,0.6614,0,0,0,0
122.565,0.6622,0,0,0,0
122.599,0.6630,0,0,0,0
122.631,0.6634,0,0,0,0
122.665,0.6641,0,0,0,0
122.698,0.6646,0,0,0,0
122.734,0.6650,0,0,0,0
122.765,0.6652,0,0,0,0
122.798,0.6656,0,0,0,0
122.831,0.6658,0,0,0,0
122.865,0.6660,0,0,0,0
122.898,0.6663,0,0,0,0
122.931,0.6664,0,0,0,0
122.965,0.6666,0,0,0,0
123.001,0.6667,0,0,0,0
123.033,0.6668,0,0,0,0
123.060,0.6668,0,0,0,0
123.098,0.6669,0,0,0,0
123.131,0.6669,0,0,0,0
123.164,0.6670,0,0,0,0
123.200,0.6670,0,0,0,0
123.232,0.6670,0,0,0,0
123.267,0.6670,0,0,0,0
123.300,0.6669,0,0,0,0
123.332,0.6669,0,0,0,0
123.365,0.6669,0,0,0,0
123.398,0.6668,0,0,0,0
123.433,0.6668,0,0,0,0
123.468,0.6668,0,0,0,0
123.499,0.6667,0,0,0,0
123.531,0.6667,0,0,0,0
123.567,0.6666,0,0,0,0
123.599,0.6666,0,0,0,0
123.631,0.6665,0,0,0,0
123.667,0.6665,0,0,0,0
123.700,0.6664,0,0,0,0
123.731,0.6664,0,0,0,0
123.767,0.6663,0,0,0,0
123.798,0.6663,0,0,0,0
123.834,0.6662,0,0,0,0
123.867,0.6662,0,0,0,0
123.898,0.6661,0,0,0,0
123.931,0.6661,0,0,0,0
123.967,0.6661,0,0,0,0
123.998,0.6660,0,0,0,0
124.034,0.6660,0,0,0,0
124.069,0.6660,0,0,0,0
124.099,0.6659,0,0,0,0
124.131,0.6659,0,0,0,0
124.164,0.6659,0,0,0,0
124.200,0.6658,0,0,0,0
124.231,0.6658,0,0,0,0
124.272,0.6658,0,0,0,0
124.298,0.6657,0,0,0,0
124.331,0.6657,0,0,0,0
124.364,0.6657,0,0,0,0
124.400,0.6657,0,0,0,0
124.431,0.6656,0,0,0,0
124.467,0.6656,0,0,0,0
124.498,0.6656,0,0,0,0
124.534,0.6656,0,0,0,0
124.564,0.6656,0,0,0,0
124.598,0.6655,0,0,0,0
124.631,0.6655,0,0,0,0
124.667,0.6655,0,0,0,0
124.699,0.6655,0,0,0,0
124.731,0.6655,0,0,0,0
124.765,0.6655,0,0,0,0
124.798,0.6654,0,0,0,0
124.831,0.6654,0,0,0,0
124.865,0.6654,0,0,0,0
124.901,0.6654,0,0,0,0
124.933,0.6654,0,0,0,0
124.964,0.6654,0,0,0,0
124.998,0.6654,0,0,0,0
125.032,0.6654,0,0,0,0
125.066,0.6653,0,0,0,0
125.098,0.6653,0,0,0,0
125.134,0.6651,0,0,0,0
125.166,0.6650,0,0,0,0
125.198,0.6647,0,0,0,0
125.231,0.6645,0,0,0,0
125.267,0.6639,0,0,0,0
125.299,0.6631,0,0,0,0
125.332,0.6627,0,0,0,0
125.367,0.6616,0,0,0,0
125.399,0.6605,0,0,0,0
125.431,0.6598,0,0,0,0
125.465,0.6584,0,0,0,0
125.498,0.6570,0,0,0,0
125.535,0.6557,0,0,0,0
125.567,0.6550,0,0,0,0
125.599,0.6538,0,0,0,0
125.632,0.6532,0,0,0,0
125.664,0.6522,0,0,0,0
125.698,0.6513,0,0,0,0
125.733,0.6506,0,0,0,0
125.764,0.6504,0,0,0,0
125.798,0.6503,0,0,0,0
125.831,0.6504,0,0,0,0
125.864,0.6514,0,0,0,0
125.898,0.6531,1,6,6,1
125.931,0.6543,1,6,6,1
125.964,0.6573,1,6,6,1
125.999,0.6611,1,6,6,1
126.035,0.6655,2,5,5,2
126.064,0.6680,2,5,5,2
126.100,0.6733,2,5,5,2
126.132,0.6762,2,5,5,2
126.164,0.6825,2,5,5,2
126.200,0.6890,2,5,5,2
126.232,0.6925,2,5,5,2
126.265,0.6995,2,5,5,2
126.298,0.7065,2,5,5,2
126.331,0.7099,2,5,5,2
126.366,0.7164,2,5,5,2
126.399,0.7225,2,5,5,2
126.434,0.7281,2,5,5,2
126.465,0.7308,2,5,5,2
126.499,0.7360,2,5,5,2
126.533,0.7412,2,5,5,2
126.565,0.7438,2,5,5,2
126.598,0.7493,2,5,5,2
126.634,0.7549,2,5,5,2
126.665,0.7578,2,5,5,2
126.698,0.7637,2,5,5,2
126.732,0.7667,2,5,5,2
126.767,0.7727,2,5,5,2
126.798,0.7784,2,5,5,2
126.831,0.7812,2,5,5,2
126.867,0.7864,2,5,5,2
126.899,0.7911,2,5,5,2
126.932,0.7933,2,5,5,2
126.964,0.7973,2,5,5,2
127.000,0.8009,2,5,5,2
127.034,0.8040,2,5,5,2
127.064,0.8054,2,5,5,2
127.098,0.8079,2,5,5,2
127.132,0.8091,2,5,5,2
127.166,0.8111,2,5,5,2
127.198,0.8129,2,5,5,2
127.234,0.8144,2,5,5,2
127.265,0.8150,2,5,5,2
127.300,0.8162,2,5,5,2
127.331,0.8168,2,5,5,2
127.364,0.8177,2,5,5,2
127.400,0.8185,2,5,5,2
127.431,0.8189,2,5,5,2
127.467,0.8196,2,5,5,2
127.499,0.8201,2,5,5,2
127.532,0.8204,2,5,5,2
127.568,0.8208,2,5,5,2
127.600,0.8213,2,5,5,2
127.634,0.8216,2,5,5,2
127.664,0.8218,2,5,5,2
127.698,0.8221,2,5,5,2
127.733,0.8222,2,5,5,2
127.765,0.8225,2,5,5,2
127.799,0.8227,2,5,5,2
127.831,0.8228,2,5,5,2
127.867,0.8230,2,5,5,2
127.899,0.8231,2,5,5,2
127.931,0.8231,2,5,5,2
127.968,0.8232,2,5,5,2
127.999,0.8233,2,5,5,2
128.031,0.8233,2,5,5,2
128.066,0.8234,2,5,5,2
128.101,0.8234,2,5,5,2
128.128,0.8235,2,5,5,2
128.165,0.8235,2,5,5,2
128.199,0.8236,2,5,5,2
128.233,0.8237,2,5,5,2
128.264,0.8237,0,0,0,0
128.300,0.8238,0,0,0,0
128.332,0.8239,0,0,0,0
128.367,0.8241,0,0,0,0
128.400,0.8243,0,0,0,0
128.431,0.8231,0,0,0,0
128.466,0.8192,2,5,5,2
128.498,0.8122,2,5,5,2
128.533,0.8010,2,5,5,2
128.565,0.7892,2,5,5,2
128.598,0.7947,2,5,5,2
128.631,0.7988,2,5,5,2
128.667,0.8014,2,5,5,2
128.699,0.8020,2,5,5,2
128.735,0.8008,2,5,5,2
128.767,0.8093,2,5,5,2
128.798,0.8232,2,5,5,2
128.834,0.8373,2,5,5,2
128.866,0.8482,2,5,5,2
128.899,0.8573,2,5,5,2
128.931,0.8644,2,5,5,2
128.967,0.8702,2,5,5,2
128.998,0.8736,2,5,5,2
129.032,0.8755,2,5,5,2
129.067,0.8752,2,5,5,2
129.098,0.8732,2,5,5,2
129.131,0.8693,2,5,5,2
129.167,0.8665,2,5,5,2
129.199,0.8751,2,5,5,2
129.231,0.8821,2,5,5,2
129.266,0.8876,2,5,5,2
129.301,0.8910,2,5,5,2
129.326,0.8923,2,5,5,2
129.364,0.8920,2,5,5,2
129.399,0.8895,2,5,5,2
129.432,0.8852,2,5,5,2
129.465,0.8791,2,5,5,2
129.498,0.8748,2,5,5,2
129.531,0.8864,2,5,5,2
129.566,0.8963,2,5,5,2
129.598,0.9034,2,5,5,2
129.632,0.9094,2,5,5,2
129.665,0.9130,2,5,5,2
129.698,0.9148,2,5,5,2
129.734,0.9146,2,5,5,2
129.765,0.9128,2,5,5,2
129.798,0.9088,2,5,5,2
129.831,0.9033,2,5,5,2
129.865,0.8953,2,5,5,2
129.898,0.8856,2,5,5,2
129.932,0.8743,2,5,5,2
129.965,0.8628,2,5,5,2
129.998,0.8626,2,5,5,2
130.034,0.8601,2,5,5,2
130.066,0.8562,2,5,5,2
130.098,0.8504,2,5,5,2
130.131,0.8429,2,5,5,2
130.165,0.8330,2,5,5,2
130.200,0.8209,2,5,5,2
130.234,0.8071,2,5,5,2
130.267,0.7925,2,5,5,2
130.300,0.7833,2,5,5,2
130.334,0.7910,2,5,5,2
130.365,0.7970,2,5,5,2
130.399,0.8048,2,5,5,2
130.434,0.8123,2,5,5,2
130.464,0.8174,2,5,5,2
130.498,0.8179,2,5,5,2
130.535,0.8182,2,5,5,2
130.565,0.8175,2,5,5,2
130.598,0.8162,2,5,5,2
130.631,0.8155,2,5,5,2
130.665,0.8142,2,5,5,2
130.699,0.8129,2,5,5,2
130.737,0.8118,2,5,5,2
130.768,0.8112,2,5,5,2
130.798,0.8102,2,5,5,2
130.832,0.8098,2,5,5,2
130.864,0.8089,2,5,5,2
130.899,0.8082,2,5,5,2
130.937,0.8076,2,5,5,2
130.967,0.7997,2,5,5,2
131.000,0.7993,2,5,5,2
131.033,0.7991,2,5,5,2
131.067,0.7987,2,5,5,2
131.100,0.7989,2,5,5,2
131.137,0.7987,2,5,5,2
131.166,0.7988,2,5,5,2
131.198,0.7993,2,5,5,2
131.232,0.7997,2,5,5,2
131.266,0.8001,2,5,5,2
131.301,0.8001,2,5,5,2
131.332,0.7999,2,5,5,2
131.365,0.7994,2,5,5,2
131.398,0.7984,2,5,5,2
131.431,0.7977,2,5,5,2
131.468,0.7959,2,5,5,2
131.501,0.7934,2,5,5,2
131.533,0.7918,2,5,5,2
131.565,0.7880,2,5,5,2
131.600,0.7866,2,5,5,2
131.633,0.7862,2,5,5,2
131.665,0.7817,2,5,5,2
131.698,0.7737,2,5,5,2
131.729,0.7636,2,5,5,2
131.763,0.7510,2,5,5,2
131.798,0.7450,2,5,5,2
131.832,0.7602,2,5,5,2
131.865,0.7730,2,5,5,2
131.900,0.7849,2,5,5,2
131.931,0.7940,2,5,5,2
131.965,0.8019,2,5,5,2
131.999,0.8082,2,5,5,2
132.034,0.8260,2,5,5,2
132.064,0.8402,2,5,5,2
132.098,0.8541,2,5,5,2
132.132,0.8654,2,5,5,2
132.167,0.8752,2,5,5,2
132.199,0.8815,2,5,5,2
132.231,0.8859,2,5,5,2
132.267,0.8881,2,5,5,2
132.298,0.8877,2,5,5,2
132.331,0.8858,2,5,5,2
132.366,0.8808,2,5,5,2
132.398,0.8737,2,5,5,2
132.431,0.8655,2,5,5,2
132.465,0.8539,2,5,5,2
132.500,0.8396,2,5,5,2
132.531,0.8256,2,5,5,2
132.565,0.8343,2,5,5,2
132.598,0.8434,2,5,5,2
132.631,0.8500,2,5,5,2
132.668,0.8556,2,5,5,2
132.700,0.8585,2,5,5,2
132.732,0.8592,2,5,5,2
132.765,0.8583,2,5,5,2
132.799,0.8554,2,5,5,2
132.832,0.8504,2,5,5,2
132.866,0.8464,2,5,5,2
132.898,0.8532,2,5,5,2
132.934,0.8585,2,5,5,2
132.964,0.8611,2,5,5,2
133.000,0.8623,2,5,5,2
133.032,0.8615,2,5,5,2
133.068,0.8583,2,5,5,2
133.098,0.8539,2,5,5,2
133.132,0.8471,2,5,5,2
133.165,0.8387,2,5,5,2
133.201,0.8270,2,5,5,2
133.231,0.8161,2,5,5,2
133.264,0.8018,2,5,5,2
133.298,0.7857,2,5,5,2
133.331,0.7725,2,5,5,2
133.367,0.7663,2,5,5,2
133.398,0.7658,2,5,5,2
133.432,0.7656,2,5,5,2
133.466,0.7651,2,5,5,2
133.501,0.7647,2,5,5,2
133.531,0.7645,2,5,5,2
133.564,0.7641,2,5,5,2
133.598,0.7638,2,5,5,2
133.634,0.8129,2,5,5,2
133.666,0.8129,2,5,5,2
133.698,0.8111,2,5,5,2
133.734,0.8038,2,5,5,2
133.766,0.7966,2,5,5,2
133.801,0.7856,2,5,5,2
133.832,0.7745,2,5,5,2
133.865,0.7615,2,5,5,2
133.898,0.7547,2,5,5,2
133.932,0.7536,2,5,5,2
133.967,0.7535,2,5,5,2
133.998,0.7533,2,5,5,2
134.034,0.7532,2,5,5,2
134.065,0.7532,2,5,5,2
134.098,0.7532,2,5,5,2
134.131,0.7533,2,5,5,2
134.165,0.7535,2,5,5,2
134.198,0.7552,2,5,5,2
134.233,0.7558,2,5,5,2
134.265,0.7556,2,5,5,2
134.299,0.7547,2,5,5,2
134.331,0.7549,2,5,5,2
134.365,0.7553,2,5,5,2
134.400,0.7557,2,5,5,2
134.432,0.7558,2,5,5,2
134.465,0.7560,2,5,5,2
134.500,0.7560,2,5,5,2
134.532,0.7558,2,5,5,2
134.565,0.7554,2,5,5,2
134.598,0.7547,2,5,5,2
134.631,0.7543,2,5,5,2
134.667,0.7533,2,5,5,2
134.698,0.7521,2,5,5,2
134.733,0.7506,2,5,5,2
134.766,0.7498,2,5,5,2
134.798,0.7480,2,5,5,2
134.831,0.7470,2,5,5,2
134.864,0.7449,2,5,5,2
134.900,0.7425,2,5,5,2
134.931,0.7413,2,5,5,2
134.967,0.7453,2,5,5,2
134.999,0.7528,2,5,5,2
135.031,0.7568,2,5,5,2
135.068,0.7651,2,5,5,2
135.100,0.7738,2,5,5,2
135.132,0.7782,2,5,5,2
135.164,0.7874,2,5,5,2
135.199,0.7969,2,5,5,2
135.234,0.8066,2,5,5,2
135.265,0.8115,2,5,5,2
135.298,0.8212,2,5,5,2
135.334,0.8308,2,5,5,2
135.369,0.8355,2,5,5,2
135.402,0.8444,2,5,5,2
135.431,0.8486,2,5,5,2
135.464,0.8566,2,5,5,2
135.499,0.8638,2,5,5,2
135.532,0.8672,2,5,5,2
135.568,0.8735,2,5,5,2
135.601,0.8794,2,5,5,2
135.632,0.8823,2,5,5,2
135.667,0.8878,2,5,5,2
135.699,0.8933,2,5,5,2
135.734,0.8989,2,5,5,2
135.769,0.9016,2,5,5,2
135.799,0.9073,2,5,5,2
135.832,0.9102,2,5,5,2
135.865,0.9159,2,5,5,2
135.898,0.9215,2,5,5,2
135.934,0.9269,2,5,5,2
135.971,0.9295,2,5,5,2
135.998,0.9344,2,5,5,2
136.031,0.9367,2,5,5,2
136.066,0.9409,2,5,5,2
136.098,0.9448,2,5,5,2
136.131,0.9466,2,5,5,2
136.170,0.9503,2,5,5,2
136.198,0.9540,2,5,5,2
136.231,0.9560,2,5,5,2
136.267,0.9599,2,5,5,2
136.298,0.9640,2,5,5,2
136.334,0.9682,2,5,5,2
136.371,0.9702,2,5,5,2
136.400,0.9742,2,5,5,2
136.431,0.9760,2,5,5,2
136.467,0.9796,2,5,5,2
136.499,0.9833,2,5,5,2
136.531,0.9852,2,5,5,2
136.565,0.9887,2,5,5,2
136.598,0.9918,2,5,5,2
136.631,0.9934,2,5,5,2
136.664,0.9967,2,5,5,2
136.699,1.0000,2,5,5,2
136.731,1.0000,2,5,5,2
136.767,1.0000,2,5,5,2
136.801,1.0000,2,5,5,2
136.832,1.0000,2,5,5,2
136.864,1.0000,2,5,5,2
136.898,1.0000,2,5,5,2
136.932,1.0000,2,5,5,2
136.964,1.0000,2,5,5,2
137.000,1.0000,2,5,5,2
137.031,1.0000,2,5,5,2
137.066,1.0000,2,5,5,2
137.098,1.0000,2,5,5,2
137.131,1.0000,2,5,5,2
137.166,1.0000,2,5,5,2
137.200,1.0000,2,5,5,2
137.232,1.0000,2,5,5,2
137.264,1.0000,2,5,5,2
137.298,1.0000,2,5,5,2
137.334,1.0000,2,5,5,2
137.366,1.0000,2,5,5,2
137.398,1.0000,2,5,5,2
137.434,0.9973,2,5,5,2
137.465,0.9945,2,5,5,2
137.498,0.9883,2,5,5,2
137.534,0.9806,2,5,5,2
137.565,0.9762,2,5,5,2
137.599,0.9670,2,5,5,2
137.631,0.9622,2,5,5,2
137.664,0.9525,2,5,5,2
137.701,0.9430,2,5,5,2
137.731,0.9384,2,5,5,2
137.764,0.9297,2,5,5,2
137.800,0.9219,2,5,5,2
137.832,0.9184,2,5,5,2
137.865,0.9123,2,5,5,2
137.898,0.9072,2,5,5,2
137.931,0.9050,2,5,5,2
137.967,0.9013,2,5,5,2
137.998,0.8982,2,5,5,2
138.033,0.8954,2,5,5,2
138.065,0.8943,2,5,5,2
138.101,0.8925,2,5,5,2
138.134,0.8915,2,5,5,2
138.165,0.8912,2,5,5,2
138.198,0.8911,2,5,5,2
138.234,0.8915,2,5,5,2
138.264,0.8918,2,5,5,2
138.298,0.8926,2,5,5,2
138.331,0.8930,2,5,5,2
138.367,0.8938,2,5,5,2
138.398,0.8946,2,5,5,2
138.433,0.8949,2,5,5,2
138.464,0.8955,2,5,5,2
138.498,0.8960,2,5,5,2
138.534,0.8961,2,5,5,2
138.565,0.8961,2,5,5,2
138.596,0.8958,2,5,5,2
138.631,0.8954,2,5,5,2
138.667,0.8944,2,5,5,2
138.699,0.8929,2,5,5,2
138.734,0.8910,2,5,5,2
138.764,0.8900,2,5,5,2
138.800,0.8879,2,5,5,2
138.832,0.8867,2,5,5,2
138.865,0.8841,2,5,5,2
138.898,0.8809,2,5,5,2
138.931,0.8791,2,5,5,2
138.966,0.8747,2,5,5,2
138.998,0.8695,2,5,5,2
139.033,0.8635,2,5,5,2
139.065,0.8602,2,5,5,2
139.099,0.8531,2,5,5,2
139.131,0.8493,2,5,5,2
139.167,0.8413,2,5,5,2
139.198,0.8327,2,5,5,2
139.234,0.8237,2,5,5,2
139.266,0.8191,2,5,5,2
139.298,0.8096,2,5,5,2
139.334,0.7999,2,5,5,2
139.365,0.7950,2,5,5,2
139.402,0.7849,2,5,5,2
139.434,0.7748,2,5,5,2
139.465,0.7697,2,5,5,2
139.498,0.7594,2,5,5,2
139.533,0.7493,2,5,5,2
139.565,0.7443,2,5,5,2
139.605,0.7343,2,5,5,2
139.631,0.7293,2,5,5,2
139.665,0.7196,2,5,5,2
139.698,0.7100,2,5,5,2
139.731,0.7053,2,5,5,2
139.766,0.6958,1,6,6,1
139.798,0.6863,1,6,6,1
139.831,0.6815,1,6,6,1
139.865,0.6717,1,6,6,1
139.898,0.6618,1,6,6,1
139.932,0.6568,1,6,6,1
139.965,0.6467,1,6,6,1
140.000,0.6365,1,6,6,1
140.036,0.6265,1,6,6,1
140.067,0.6215,1,6,6,1
140.098,0.6115,1,6,6,1
140.131,0.6065,1,6,6,1
140.165,0.5965,1,6,6,1
140.198,0.5866,1,6,6,1
140.231,0.5817,1,6,6,1
140.265,0.5719,1,6,6,1
140.299,0.5623,1,6,6,1
140.331,0.5575,1,6,6,1
140.367,0.5483,1,6,6,1
140.400,0.5395,1,6,6,1
140.433,0.5354,1,6,6,1
140.465,0.5273,1,6,6,1
140.498,0.5196,1,6,6,1
140.534,0.5123,1,6,6,1
140.565,0.5087,1,6,6,1
140.598,0.5016,1,6,6,1
140.632,0.4980,1,6,6,1
140.666,0.4908,1,6,6,1
140.699,0.4834,1,6,6,1
140.734,0.4759,0,7,7,0
140.765,0.4721,0,7,7,0
140.800,0.4641,0,7,7,0
140.834,0.4556,0,7,7,0
140.866,0.4513,0,7,7,0
140.900,0.4420,0,7,7,0
140.931,0.4372,0,7,7,0
140.965,0.4271,0,7,7,0
141.000,0.4166,0,7,7,0
141.031,0.4113,0,7,7,0
141.065,0.4004,0,7,7,0
141.100,0.3895,0,7,7,0
141.131,0.3843,0,7,7,0
141.167,0.3750,0,7,7,0
141.198,0.3673,0,7,7,0
141.234,0.3615,0,7,7,0
141.265,0.3594,0,7,7,0
141.298,0.3565,0,7,7,0
141.331,0.3557,0,7,7,0
141.366,0.3550,0,7,7,0
141.398,0.3549,0,7,7,0
141.433,0.3548,0,7,7,0
141.466,0.3546,0,7,7,0
141.498,0.3537,0,7,7,0
141.533,0.3529,0,7,7,0
141.565,0.3526,0,7,7,0
141.598,0.3521,0,7,7,0
141.633,0.3519,0,7,7,0
141.665,0.3525,0,7,7,0
141.700,0.3542,0,7,7,0
141.731,0.3554,0,7,7,0
141.766,0.3576,0,7,7,0
141.800,0.3593,0,7,7,0
141.831,0.3600,0,7,7,0
141.865,0.3602,0,7,7,0
141.898,0.3596,0,7,7,0
141.931,0.3593,0,7,7,0
141.966,0.3587,0,7,7,0
141.998,0.3590,0,7,7,0
142.029,0.3594,0,7,7,0
142.065,0.3609,0,7,7,0
142.098,0.3630,0,7,7,0
142.131,0.3646,0,7,7,0
142.164,0.3672,0,7,7,0
142.198,0.3707,0,7,7,0
142.229,0.3728,0,7,7,0
142.265,0.3776,0,7,7,0
142.300,0.3828,0,7,7,0
142.331,0.3858,0,7,7,0
142.365,0.3925,0,7,7,0
142.398,0.3991,0,7,7,0
142.433,0.4024,0,7,7,0
142.465,0.4091,0,7,7,0
142.499,0.4154,0,7,7,0
142.531,0.4183,0,7,7,0
142.566,0.4248,0,7,7,0
142.600,0.4325,0,7,7,0
142.632,0.4367,0,7,7,0
142.665,0.4457,0,7,7,0
142.701,0.4550,0,7,7,0
142.732,0.4598,0,7,7,0
142.765,0.4693,0,7,7,0
142.798,0.4788,0,7,7,0
142.833,0.4836,0,7,7,0
142.865,0.4928,0,7,7,0
142.900,0.5018,0,7,7,0
142.931,0.5061,0,7,7,0
142.966,0.5145,1,6,6,1
142.998,0.2110,0,0,0,0
143.031,0.2109,0,0,0,0
143.065,0.2106,0,0,0,0
143.098,0.2100,0,0,0,0
143.133,0.2093,0,0,0,0
143.164,0.2090,0,0,0,0
143.200,0.2083,0,0,0,0
143.234,0.2076,0,0,0,0
143.265,0.2070,0,0,0,0
143.298,0.2057,0,0,0,0
143.332,0.2049,0,0,0,0
143.365,0.2030,0,0,0,0
143.400,0.2008,0,0,0,0
143.431,0.1992,0,0,0,0
143.467,0.1971,0,0,0,0
143.498,0.1956,0,0,0,0
143.531,0.1939,0,0,0,0
143.567,0.1922,0,0,0,0
143.599,0.1911,10,0,0,0
143.631,0.1893,10,0,0,0
143.666,0.1879,10,0,0,0
143.700,0.1866,10,0,0,0
143.734,0.1895,10,0,0,0
143.767,0.1947,10,0,0,0
143.800,0.2006,10,0,0,0
143.832,0.2025,10,0,0,0
143.865,0.2049,10,0,0,0
143.899,0.2050,10,0,0,0
143.931,0.2030,10,0,0,0
143.966,0.2016,10,0,0,0
144.000,0.1996,10,0,0,0
144.034,0.1990,10,0,0,0
144.065,0.1998,0,0,0,0
144.100,0.2002,0,0,0,0
144.131,0.1999,0,0,0,0
144.166,0.1990,0,0,0,0
144.198,0.1975,0,0,0,0
144.233,0.1953,0,7,7,0
144.265,0.1943,0,7,7,0
144.300,0.1940,0,7,7,0
144.331,0.1939,0,7,7,0
144.368,0.1936,0,7,7,0
144.398,0.1934,0,7,7,0
144.434,0.1913,0,7,7,0
144.465,0.1886,0,7,7,0
144.500,0.1849,0,7,7,0
144.531,0.1813,0,7,7,0
144.567,0.1769,0,7,7,0
144.599,0.1726,0,7,7,0
144.633,0.1679,0,7,7,0
144.666,0.1665,0,7,7,0
144.698,0.1667,0,7,7,0
144.733,0.1671,0,7,7,0
144.765,0.1673,0,7,7,0
144.798,0.1678,0,7,7,0
144.834,0.1683,0,7,7,0
144.865,0.1686,0,7,7,0
144.898,0.1691,0,7,7,0
144.931,0.1694,0,7,7,0
144.966,0.1700,0,7,7,0
144.998,0.1707,0,7,7,0
145.034,0.1715,0,7,7,0
145.065,0.1718,0,7,7,0
145.100,0.1733,0,7,7,0
145.131,0.1741,0,7,7,0
145.164,0.1774,0,7,7,0
145.198,0.1828,0,7,7,0
145.233,0.1860,0,7,7,0
145.265,0.1929,0,7,7,0
145.299,0.2006,0,7,7,0
145.334,0.2087,0,7,7,0
145.366,0.2131,0,7,7,0
145.398,0.2215,0,7,7,0
145.431,0.2260,0,7,7,0
145.465,0.2346,0,7,7,0
145.501,0.2430,0,7,7,0
145.531,0.2471,0,7,7,0
145.567,0.2552,0,7,7,0
145.598,0.2628,0,7,7,0
145.634,0.2701,0,7,7,0
145.665,0.2736,0,7,7,0
145.700,0.2806,0,7,7,0
145.734,0.2875,0,7,7,0
145.764,0.2909,0,7,7,0
145.800,0.2977,0,7,7,0
145.831,0.3012,0,7,7,0
145.867,0.3083,0,7,7,0
145.899,0.3154,0,7,7,0
145.931,0.3190,0,7,7,0
145.967,0.3264,0,7,7,0
145.998,0.3339,0,7,7,0
146.033,0.3377,0,7,7,0
146.065,0.3453,0,7,7,0
146.098,0.3529,0,7,7,0
146.131,0.3567,0,7,7,0
146.165,0.3644,0,7,7,0
146.198,0.3720,0,7,7,0
146.233,0.3758,0,7,7,0
146.267,0.3836,0,7,7,0
146.298,0.3913,0,7,7,0
146.333,0.3952,0,0,0,0
146.365,0.4029,0,0,0,0
146.398,0.4107,0,0,0,0
146.434,0.4184,0,0,0,0
146.464,0.4222,0,0,0,0
146.499,0.4298,0,0,0,0
146.532,0.4336,0,0,0,0
146.565,0.4412,0,0,0,0
146.598,0.4485,0,0,0,0
146.632,0.4520,0,0,0,0
146.664,0.4585,0,0,0,0
146.701,0.4644,0,0,0,0
146.731,0.4671,0,0,0,0
146.765,0.4721,0,0,0,0
146.801,0.4764,0,0,0,0
146.832,0.4783,0,0,0,0
146.868,0.4820,0,0,0,0
146.901,0.4855,0,0,0,0
146.932,0.4873,0,0,0,0
146.967,0.4911,0,0,0,0
146.998,0.4952,0,0,0,0
147.031,0.4974,0,0,0,0
147.065,0.5022,0,0,0,0
147.100,0.5073,0,0,0,0
147.132,0.5099,0,0,0,0
147.167,0.5150,0,0,0,0
147.201,0.5198,0,0,0,0
147.231,0.5222,0,0,0,0
147.267,0.5265,0,0,0,0
147.298,0.5304,0,0,0,0
147.334,0.5338,0,0,0,0
147.365,0.5354,0,0,0,0
147.398,0.8534,2,5,5,2
147.432,0.8557,2,5,5,2
147.468,0.8597,2,5,5,2
147.498,0.8632,2,5,5,2
147.532,0.8647,2,5,5,2
147.567,0.8674,2,5,5,2
147.598,0.8697,2,5,5,2
147.634,0.8717,2,5,5,2
147.664,0.8726,2,5,5,2
147.700,0.8742,2,5,5,2
147.731,0.8749,2,5,5,2
147.764,0.8763,2,5,5,2
147.800,0.8775,2,5,5,2
147.832,0.8780,2,5,5,2
147.866,0.8791,2,5,5,2
147.898,0.8801,2,5,5,2
147.931,0.8806,2,5,5,2
147.967,0.8815,2,5,5,2
148.001,0.8824,2,5,5,2
148.033,0.8829,2,5,5,2
148.065,0.8837,2,5,5,2
148.098,0.8846,2,5,5,2
148.133,0.8850,2,5,5,2
148.165,0.8858,2,5,5,2
148.201,0.8866,2,5,5,2
148.232,0.8870,2,5,5,2
148.264,0.8880,2,5,5,2
148.298,0.8888,2,5,5,2
148.333,0.8893,2,5,5,2
148.365,0.8895,2,5,5,2
148.397,0.8900,2,5,5,2
148.432,0.8904,2,5,5,2
148.468,0.8915,2,5,5,2
148.498,0.8930,2,5,5,2
148.532,0.8939,2,5,5,2
148.564,0.8957,2,5,5,2
148.600,0.8976,2,5,5,2
148.631,0.8985,2,5,5,2
148.667,0.9000,2,5,5,2
148.699,0.9011,2,5,5,2
148.732,0.9015,2,5,5,2
148.765,0.9019,2,5,5,2
148.801,0.9018,2,5,5,2
148.833,0.9015,2,5,5,2
148.865,0.9005,2,5,5,2
148.900,0.8990,2,5,5,2
148.932,0.8980,2,5,5,2
148.965,0.8958,2,5,5,2
148.998,0.8931,2,5,5,2
149.031,0.8916,2,5,5,2
149.065,0.8884,2,5,5,2
149.096,0.8848,2,5,5,2
149.132,0.8829,2,5,5,2
149.164,0.8790,2,5,5,2
149.198,0.8749,2,5,5,2
149.231,0.8727,2,5,5,2
149.266,0.8684,2,5,5,2
149.299,0.8639,2,5,5,2
149.332,0.8617,2,5,5,2
149.367,0.8573,2,5,5,2
149.399,0.8530,2,5,5,2
149.431,0.8509,2,5,5,2
149.465,0.8469,2,5,5,2
149.500,0.8431,2,5,5,2
149.532,0.8413,2,5,5,2
149.564,0.8381,2,5,5,2
149.600,0.8352,2,5,5,2
149.631,0.8340,2,5,5,2
149.665,0.8317,2,5,5,2
149.701,0.8299,2,5,5,2
149.734,0.8285,2,5,5,2
149.766,0.8279,2,5,5,2
149.799,0.8270,2,5,5,2
149.831,0.8268,2,5,5,2
149.867,0.8264,2,5,5,2
149.904,0.8264,2,5,5,2
149.931,0.8265,2,5,5,2
149.964,0.8267,2,5,5,2
150.001,0.8270,2,5,5,2
150.031,0.8272,2,5,5,2
150.067,0.8275,2,5,5,2
150.099,0.8279,2,5,5,2
150.131,0.8280,2,5,5,2
150.165,0.8283,2,5,5,2
150.199,0.8285,2,5,5,2
150.234,0.8286,2,5,5,2
150.266,0.8286,2,5,5,2
150.298,0.8286,2,5,5,2
150.333,0.8287,2,5,5,2
150.365,0.8287,2,5,5,2
150.398,0.8288,2,5,5,2
150.434,0.8289,2,5,5,2
150.464,0.8290,2,5,5,2
150.498,0.8291,2,5,5,2
150.531,0.8292,2,5,5,2
150.566,0.8292,2,5,5,2
150.600,0.8292,2,5,5,2
150.633,0.8291,2,5,5,2
150.664,0.8288,2,5,5,2
150.700,0.8283,2,5,5,2
150.731,0.8279,0,0,0,0
150.766,0.8270,0,0,0,0
150.801,0.8257,0,0,0,0
150.833,0.8250,0,0,0,0
150.865,0.8231,2,5,5,2
150.899,0.8209,1,6,6,1
150.931,0.8197,1,6,6,1
150.967,0.8170,1,6,6,1
150.998,0.8139,1,6,6,1
151.032,0.8122,1,6,6,1
151.065,0.8084,1,6,6,1
151.098,0.8040,1,6,6,1
151.133,0.7993,1,6,6,1
151.164,0.7972,1,6,6,1
151.198,0.7921,1,6,6,1
151.233,0.7898,1,6,6,1
151.264,0.7836,1,6,6,1
151.299,0.7764,1,6,6,1
151.331,0.7728,1,6,6,1
151.364,0.7645,1,6,6,1
151.401,0.7558,1,6,6,1
151.434,0.7465,1,6,6,1
151.465,0.7420,1,6,6,1
151.501,0.7322,1,6,6,1
151.533,0.7275,1,6,6,1
151.568,0.7173,1,6,6,1
151.600,0.7070,1,6,6,1
151.633,0.7020,1,6,6,1
151.665,0.6915,1,6,6,1
151.698,0.6808,1,6,6,1
151.731,0.6758,1,6,6,1
151.766,0.6651,1,6,6,1
151.801,0.6545,1,6,6,1
151.831,0.6494,1,6,6,1
151.865,0.6388,1,6,6,1
151.898,0.6284,1,6,6,1
151.931,0.6235,1,6,6,1
151.967,0.6133,1,6,6,1
151.998,0.6033,1,6,6,1
152.031,0.5986,1,6,6,1
152.067,0.5889,1,6,6,1
152.098,0.5793,1,6,6,1
152.131,0.5748,1,6,6,1
152.164,0.5654,1,6,6,1
152.200,0.5562,1,6,6,1
152.232,0.5520,1,6,6,1
152.267,0.5436,1,6,6,1
152.299,0.5355,0,7,7,0
152.331,0.5318,0,7,7,0
152.365,0.5243,0,7,7,0
152.398,0.3317,0,0,0,0
152.433,0.3276,0,0,0,0
152.464,0.3193,0,0,0,0
152.501,0.3112,0,0,0,0
152.535,0.3031,0,0,0,0
152.568,0.2991,0,0,0,0
152.598,0.2911,0,0,0,0
152.631,0.2871,0,0,0,0
152.665,0.2792,0,0,0,0
152.700,0.2712,0,0,0,0
152.732,0.2673,0,0,0,0
152.768,0.2594,0,0,0,0
152.800,0.2515,0,0,0,0
152.833,0.2476,0,0,0,0
152.865,0.2397,0,0,0,0
152.898,0.2319,0,0,0,0
152.933,0.2243,0,0,0,0
152.964,0.2205,0,0,0,0
153.001,0.2129,0,0,0,0
153.033,0.2091,0,0,0,0
153.066,0.2020,0,0,0,0
153.100,0.1957,0,0,0,0
153.132,0.1928,0,0,0,0
153.168,0.1880,0,0,0,0
153.200,0.1844,0,0,0,0
153.232,0.1831,0,0,0,0
153.264,0.1814,0,0,0,0
153.301,0.1808,0,0,0,0
153.333,0.1812,0,0,0,0
153.366,0.1817,0,0,0,0
153.399,0.1831,0,0,0,0
153.432,0.1840,0,0,0,0
153.467,0.1860,0,0,0,0
153.501,0.1881,0,0,0,0
153.531,0.1891,0,0,0,0
153.565,0.1911,0,0,0,0
153.599,0.1928,0,0,0,0
153.633,0.1936,0,0,0,0
153.667,0.1950,0,0,0,0
153.699,0.1960,0,0,0,0
153.731,0.1964,0,0,0,0
153.764,0.1970,0,0,0,0
153.798,0.1973,0,0,0,0
153.831,0.1974,0,0,0,0
153.865,0.1975,0,0,0,0
153.898,0.1974,0,0,0,0
153.931,0.1973,0,0,0,0
153.967,0.1970,0,0,0,0
153.999,0.1968,0,0,0,0
154.031,0.1966,0,0,0,0
154.066,0.1963,0,0,0,0
154.098,0.1960,0,0,0,0
154.131,0.1959,0,0,0,0
154.165,0.1957,0,0,0,0
154.198,0.1955,0,0,0,0
154.234,0.1953,0,0,0,0
154.266,0.1953,0,0,0,0
154.298,0.1952,0,0,0,0
154.331,0.1951,0,0,0,0
154.364,0.1951,0,0,0,0
154.400,0.1950,0,0,0,0
154.431,0.1950,0,0,0,0
154.467,0.1950,0,0,0,0
154.498,0.1950,0,0,0,0
154.534,0.1950,0,0,0,0
154.565,0.1950,0,0,0,0
154.599,0.1951,0,0,0,0
154.631,0.1952,0,0,0,0
154.664,0.3986,0,7,7,0
154.700,0.4011,0,7,7,0
154.731,0.4021,0,7,7,0
154.765,0.4040,0,7,7,0
154.798,0.4055,0,7,7,0
154.831,0.4061,0,7,7,0
154.867,0.4072,0,7,7,0
154.899,0.4080,0,7,7,0
154.932,0.4083,0,7,7,0
154.967,0.4088,0,7,7,0
154.998,0.4063,0,7,7,0
155.031,0.3951,0,7,7,0
155.067,0.2239,0,0,0,0
155.100,0.2276,0,0,0,0
155.132,0.2282,0,0,0,0
155.165,0.2302,0,0,0,0
155.200,0.2331,0,0,0,0
155.231,0.2343,0,0,0,0
155.264,0.2362,0,0,0,0
155.300,0.2371,0,0,0,0
155.331,0.2387,0,0,0,0
155.365,0.2414,0,0,0,0
155.400,0.2431,0,0,0,0
155.432,0.2436,0,0,0,0
155.464,0.2438,0,0,0,0
155.498,0.2432,0,0,0,0
155.533,0.2423,0,0,0,0
155.565,0.2406,0,0,0,0
155.598,0.2385,0,0,0,0
155.634,0.2366,0,0,0,0
155.665,0.2356,0,0,0,0
155.698,0.2337,0,0,0,0
155.734,0.2319,0,0,0,0
155.770,0.2311,0,0,0,0
155.801,0.2297,0,0,0,0
155.834,0.2286,0,0,0,0
155.866,0.2282,0,0,0,0
155.899,0.2277,0,0,0,0
155.931,0.2276,0,0,0,0
155.964,0.2277,0,0,0,0
156.000,0.2283,0,0,0,0
156.031,0.2288,0,0,0,0
156.065,0.2299,0,0,0,0
156.101,0.2310,0,0,0,0
156.132,0.2313,0,0,0,0
156.168,0.2321,0,0,0,0
156.200,0.2326,0,0,0,0
156.233,0.2323,0,0,0,0
156.264,0.2322,0,0,0,0
156.300,0.2325,0,0,0,0
156.334,0.2325,0,0,0,0
156.367,0.2325,0,0,0,0
156.399,0.2321,0,0,0,0
156.431,0.2319,0,0,0,0
156.466,0.2312,0,0,0,0
156.498,0.2305,0,0,0,0
156.534,0.2298,0,0,0,0
156.565,0.2295,0,0,0,0
156.598,0.2288,0,0,0,0
156.631,0.2285,0,0,0,0
156.664,0.2279,0,0,0,0
156.699,0.2274,0,0,0,0
156.733,0.2272,0,0,0,0
156.765,0.2268,0,0,0,0
156.800,0.2265,0,0,0,0
156.832,0.2264,0,0,0,0
156.864,0.2262,0,0,0,0
156.898,0.2260,0,0,0,0
156.931,0.2259,0,0,0,0
156.964,0.2257,0,0,0,0
157.001,0.2255,0,0,0,0
157.032,0.2254,0,0,0,0
157.065,0.2250,0,0,0,0
157.099,0.2246,0,0,0,0
157.131,0.2244,0,0,0,0
157.164,0.2239,0,0,0,0
157.198,0.2234,0,0,0,0
157.234,0.2227,0,0,0,0
157.265,0.2224,0,0,0,0
157.298,0.2218,0,0,0,0
157.331,0.2215,0,0,0,0
157.364,0.2209,0,0,0,0
157.400,0.2203,0,0,0,0
157.432,0.2200,0,0,0,0
157.464,0.2195,0,0,0,0
157.500,0.2191,0,0,0,0
157.531,0.2188,0,0,0,0
157.565,0.2184,0,0,0,0
157.598,0.2179,0,0,0,0
157.632,0.2177,0,0,0,0
157.664,0.2172,0,0,0,0
157.698,0.2168,0,0,0,0
157.733,0.2165,0,0,0,0
157.764,0.2164,0,0,0,0
157.798,0.2169,0,0,0,0
157.835,0.2182,0,0,0,0
157.865,0.2193,0,0,0,0
157.900,0.2225,0,0,0,0
157.934,0.2270,0,0,0,0
157.966,0.2297,0,0,0,0
157.999,0.2360,0,0,0,0
158.031,0.2395,0,0,0,0
158.064,0.2473,0,0,0,0
158.099,0.2556,0,0,0,0
158.132,0.2599,0,0,0,0
158.164,0.2687,0,0,0,0
158.198,0.2775,0,0,0,0
158.231,0.2819,0,0,0,0
158.267,0.2907,0,0,0,0
158.298,0.2992,0,0,0,0
158.331,0.3034,0,0,0,0
158.365,0.3118,0,0,0,0
158.401,0.3199,0,0,0,0
158.432,0.3239,0,0,0,0
158.464,0.3319,0,0,0,0
158.500,0.3397,0,0,0,0
158.531,0.3435,0,0,0,0
158.565,0.3513,0,0,0,0
158.598,0.3589,0,0,0,0
158.631,0.3627,0,0,0,0
158.667,0.3704,0,0,0,0
158.698,0.3782,0,0,0,0
158.731,0.3820,0,0,0,0
158.766,0.3898,0,0,0,0
158.798,0.3977,0,0,0,0
158.831,0.4016,0,0,0,0
158.865,0.4096,0,0,0,0
158.898,0.4176,0,0,0,0
158.934,0.4255,0,0,0,0
158.967,0.4295,0,0,0,0
158.998,0.4376,0,0,0,0
159.034,0.4456,0,0,0,0
159.066,0.4496,0,0,0,0
159.098,0.4577,0,0,0,0
159.131,0.4618,0,0,0,0
159.167,0.4701,0,0,0,0
159.199,0.4784,0,0,0,0
159.231,0.4826,0,0,0,0
159.268,0.4910,0,0,0,0
159.298,0.4995,0,0,0,0
159.331,0.5037,0,0,0,0
159.366,0.5118,0,0,0,0
159.404,0.5195,0,0,0,0
159.432,0.5231,0,0,0,0
159.465,0.5296,0,0,0,0
159.498,0.5354,0,0,0,0
159.531,0.5379,0,0,0,0
159.567,0.5422,0,0,0,0
159.598,0.5457,0,0,0,0
159.634,0.5484,0,0,0,0
159.666,0.5495,0,0,0,0
159.698,0.5512,0,0,0,0
159.731,0.5518,0,0,0,0
159.767,0.5527,0,0,0,0
159.798,0.5532,0,0,0,0
159.834,0.5534,0,0,0,0
159.865,0.5534,0,0,0,0
159.898,0.6837,1,6,6,1
159.931,0.6825,1,6,6,1
159.966,0.6803,1,6,6,1
159.998,0.6781,1,6,6,1
160.033,0.6771,1,6,6,1
160.065,0.6755,1,6,6,1
160.097,0.6742,1,6,6,1
160.133,0.6737,1,6,6,1
160.165,0.6730,1,6,6,1
160.198,0.6725,1,6,6,1
160.231,0.6723,1,6,6,1
160.264,0.6722,1,6,6,1
160.298,0.6722,1,6,6,1
160.333,0.6722,1,6,6,1
160.366,0.6723,1,6,6,1
160.400,0.6724,1,6,6,1
160.431,0.6725,1,6,6,1
160.465,0.6727,1,6,6,1
160.499,0.6728,1,6,6,1
160.532,0.6729,1,6,6,1
160.568,0.6725,1,6,6,1
160.598,0.6715,1,6,6,1
160.631,0.6708,1,6,6,1
160.667,0.6691,1,6,6,1
160.698,0.6670,1,6,6,1
160.731,0.6658,1,6,6,1
160.765,0.6633,1,6,6,1
160.798,0.6607,1,6,6,1
160.831,0.6593,1,6,6,1
160.864,0.6565,1,6,6,1
160.900,0.6537,1,6,6,1
160.931,0.6523,1,6,6,1
160.966,0.6495,1,6,6,1
160.998,0.6467,1,6,6,1
161.031,0.6454,1,6,6,1
161.065,0.6428,1,6,6,1
161.101,0.6403,1,6,6,1
161.132,0.6390,1,6,6,1
161.164,0.6373,1,6,6,1
161.201,0.6356,1,6,6,1
161.236,0.6340,1,6,6,1
161.264,0.6332,1,6,6,1
161.298,0.6316,1,6,6,1
161.331,0.6309,1,6,6,1
161.364,0.6295,1,6,6,1
161.401,0.6281,1,6,6,1
161.433,0.6268,1,6,6,1
161.467,0.6262,1,6,6,1
161.498,0.6250,1,6,6,1
161.531,0.6244,1,6,6,1
161.566,0.6232,1,6,6,1
161.598,0.6221,1,6,6,1
161.633,0.6211,1,6,6,1
161.665,0.6206,1,6,6,1
161.698,0.6195,1,6,6,1
161.731,0.6190,1,6,6,1
161.768,0.6178,1,6,6,1
161.799,0.6165,1,6,6,1
161.831,0.6159,1,6,6,1
161.864,0.6147,1,6,6,1
161.899,0.6134,1,6,6,1
161.933,0.6128,1,6,6,1
161.967,0.6116,1,6,6,1
162.002,0.6105,1,6,6,1
162.037,0.6093,1,6,6,1
162.066,0.6088,1,6,6,1
162.098,0.6074,1,6,6,1
162.132,0.6066,1,6,6,1
162.166,0.6049,1,6,6,1
162.200,0.6031,1,6,6,1
162.231,0.6021,1,6,6,1
162.267,0.6003,1,6,6,1
162.299,0.5984,1,6,6,1
162.331,0.5975,1,6,6,1
162.367,0.5957,1,6,6,1
162.398,0.5941,1,6,6,1
162.435,0.5926,1,6,6,1
162.465,0.5919,1,6,6,1
162.499,0.5908,1,6,6,1
162.531,0.5903,1,6,6,1
162.567,0.5895,1,6,6,1
162.599,0.5890,1,6,6,1
162.631,0.5888,1,6,6,1
162.664,0.5887,1,6,6,1
162.698,0.5889,1,6,6,1
162.732,0.5890,1,6,6,1
162.765,0.5891,1,6,6,1
162.798,0.5889,1,6,6,1
162.834,0.5886,1,6,6,1
162.867,0.5884,1,6,6,1
162.899,0.5881,1,6,6,1
162.933,0.5879,1,6,6,1
162.967,0.5877,1,6,6,1
163.001,0.5875,1,6,6,1
163.032,0.5875,1,6,6,1
163.065,0.5875,1,6,6,1
163.101,0.5877,1,6,6,1
163.131,0.5878,1,6,6,1
163.167,0.5881,1,6,6,1
163.199,0.5884,1,6,6,1
163.233,0.5887,1,6,6,1
163.265,0.5892,1,6,6,1
163.298,0.5891,1,6,6,1
163.333,0.5889,1,6,6,1
163.365,0.5881,1,6,6,1
163.398,0.5871,0,0,0,0
163.436,0.5860,0,0,0,0
163.464,0.5854,0,0,0,0
163.500,0.5843,0,0,0,0
163.532,0.5837,0,0,0,0
163.567,0.5827,0,0,0,0
163.598,0.5818,0,0,0,0
163.632,0.5814,0,0,0,0
163.665,0.5807,0,0,0,0
163.698,0.5802,0,0,0,0
163.731,0.5800,0,0,0,0
163.766,0.5797,0,0,0,0
163.798,0.5796,0,0,0,0
163.833,0.5797,0,0,0,0
163.865,0.5798,0,0,0,0
163.898,0.5801,0,0,0,0
163.931,0.5801,0,0,0,0
163.966,0.5800,0,0,0,0
163.998,0.5799,0,0,0,0
164.033,0.5798,0,0,0,0
164.065,0.5798,0,0,0,0
164.098,0.5797,0,0,0,0
164.131,0.5798,0,0,0,0
164.165,0.5798,0,0,0,0
164.201,0.5800,0,0,0,0
164.233,0.5802,0,0,0,0
164.265,0.5803,0,0,0,0
164.298,0.5806,0,0,0,0
164.332,0.5807,0,0,0,0
164.365,0.5810,0,0,0,0
164.398,0.5812,0,0,0,0
164.434,0.5815,0,0,0,0
164.462,0.5816,0,0,0,0
164.501,0.5818,0,0,0,0
164.533,0.5818,0,0,0,0
164.564,0.5819,0,0,0,0
164.598,0.5820,0,0,0,0
164.632,0.5820,0,0,0,0
164.665,0.5820,0,0,0,0
164.701,0.5820,0,0,0,0
164.731,0.5820,0,0,0,0
164.767,0.5819,0,0,0,0
164.800,0.5820,0,0,0,0
164.832,0.5820,0,0,0,0
164.865,0.5820,0,0,0,0
164.900,0.5822,0,0,0,0
164.933,0.5823,0,0,0,0
164.964,0.5824,0,0,0,0
164.998,0.5826,0,0,0,0
165.034,0.5828,0,0,0,0
165.065,0.5829,0,0,0,0
165.098,0.5832,0,0,0,0
165.132,0.5834,0,0,0,0
165.167,0.5837,0,0,0,0
165.199,0.5840,0,0,0,0
165.232,0.5842,0,0,0,0
165.268,0.5845,0,0,0,0
165.300,0.5849,0,0,0,0
165.334,0.5852,0,0,0,0
165.367,0.5853,0,0,0,0
165.401,0.5855,0,0,0,0
165.431,0.5856,0,0,0,0
165.469,0.5858,0,0,0,0
165.498,0.5859,0,0,0,0
165.531,0.5859,0,0,0,0
165.566,0.5859,0,0,0,0
165.600,0.5857,0,0,0,0
165.633,0.5856,0,0,0,0
165.665,0.5853,0,0,0,0
165.700,0.5848,0,0,0,0
165.731,0.5846,0,0,0,0
165.764,0.5839,0,0,0,0
165.800,0.5831,0,0,0,0
165.832,0.5827,0,0,0,0
165.867,0.5818,0,0,0,0
165.900,0.5807,0,0,0,0
165.933,0.5801,0,0,0,0
165.966,0.5790,0,0,0,0
165.998,0.5777,0,0,0,0
166.034,0.5764,0,0,0,0
166.065,0.5757,0,0,0,0
166.100,0.5744,0,0,0,0
166.134,0.5730,0,0,0,0
166.164,0.5723,0,0,0,0
166.200,0.5709,0,0,0,0
166.232,0.5703,0,0,0,0
166.264,0.5689,0,0,0,0
166.301,0.5676,0,0,0,0
166.333,0.5663,0,0,0,0
166.367,0.5657,0,0,0,0
166.400,0.5644,0,0,0,0
166.433,0.5638,0,0,0,0
166.464,0.5626,0,0,0,0
166.501,0.5614,0,0,0,0
166.532,0.5608,0,0,0,0
166.565,0.5596,0,0,0,0
166.598,0.5584,0,0,0,0
166.631,0.5578,0,0,0,0
166.665,0.5566,0,0,0,0
166.698,0.5555,0,0,0,0
166.731,0.5549,0,0,0,0
166.767,0.5539,0,0,0,0
166.799,0.5528,0,0,0,0
166.831,0.5523,0,0,0,0
166.868,0.5513,0,0,0,0
166.899,0.5504,0,0,0,0
166.932,0.5500,0,0,0,0
166.964,0.5491,0,0,0,0
167.000,0.5483,0,0,0,0
167.032,0.5479,0,0,0,0
167.065,0.5471,0,0,0,0
167.100,0.5464,0,0,0,0
167.133,0.5457,0,0,0,0
167.164,0.5453,0,0,0,0
167.199,0.5447,0,0,0,0
167.232,0.5443,0,0,0,0
167.265,0.5437,0,0,0,0
167.298,0.5430,0,0,0,0
167.331,0.5427,0,0,0,0
167.367,0.5420,0,0,0,0
167.398,0.5420,0,0,0,0
167.431,0.5422,0,0,0,0
167.467,0.5428,0,0,0,0
167.498,0.5438,0,0,0,0
167.533,0.5449,0,0,0,0
167.566,0.5454,0,0,0,0
167.599,0.5466,0,0,0,0
167.632,0.5471,0,0,0,0
167.665,0.5482,0,0,0,0
167.698,0.5491,0,0,0,0
167.733,0.5501,0,0,0,0
167.765,0.5507,0,0,0,0
167.797,0.5522,0,0,0,0
167.833,0.5530,0,0,0,0
167.865,0.5546,1,6,6,1
167.898,0.5562,1,6,6,1
167.931,0.5570,1,6,6,1
167.964,0.5584,1,6,6,1
167.998,0.5597,1,6,6,1
168.034,0.5607,1,6,6,1
168.066,0.5611,1,6,6,1
168.098,0.5619,1,6,6,1
168.131,0.5622,1,6,6,1
168.165,0.5626,1,6,6,1
168.198,0.5629,1,6,6,1
168.231,0.5630,1,6,6,1
168.267,0.5632,1,6,6,1
168.298,0.5632,1,6,6,1
168.331,0.5633,1,6,6,1
168.365,0.5633,1,6,6,1
168.398,0.5629,1,6,6,1
168.434,0.5622,1,6,6,1
168.465,0.5618,1,6,6,1
168.498,0.5609,1,6,6,1
168.534,0.5603,1,6,6,1
168.567,0.5601,1,6,6,1
168.598,0.5600,1,6,6,1
168.631,0.5602,1,6,6,1
168.665,0.5607,1,6,6,1
168.700,0.5611,1,6,6,1
168.732,0.5614,1,6,6,1
168.765,0.5620,1,6,6,1
168.800,0.5630,1,6,6,1
168.832,0.5635,1,6,6,1
168.866,0.5648,1,6,6,1
168.900,0.5662,0,0,0,0
168.933,0.5669,0,0,0,0
168.965,0.5684,1,6,6,1
168.998,0.5699,1,6,6,1
169.031,0.5707,1,6,6,1
169.067,0.5721,1,6,6,1
169.100,0.5735,1,6,6,1
169.131,0.5742,1,6,6,1
169.165,0.5756,1,6,6,1
169.198,0.5770,1,6,6,1
169.231,0.5776,1,6,6,1
169.265,0.5790,1,6,6,1
169.299,0.5802,1,6,6,1
169.332,0.5809,1,6,6,1
169.368,0.5821,1,6,6,1
169.398,0.5833,1,6,6,1
169.431,0.5839,1,6,6,1
169.464,0.5850,1,6,6,1
169.500,0.5860,1,6,6,1
169.531,0.5864,1,6,6,1
169.568,0.5874,1,6,6,1
169.599,0.5883,1,6,6,1
169.631,0.5887,1,6,6,1
169.666,0.5897,1,6,6,1
169.698,0.5907,1,6,6,1
169.733,0.5912,1,6,6,1
169.767,0.5924,1,6,6,1
169.800,0.5936,1,6,6,1
169.834,0.5949,1,6,6,1
169.867,0.5956,1,6,6,1
169.898,0.5968,1,6,6,1
169.932,0.5974,1,6,6,1
169.965,0.5986,1,6,6,1
169.998,0.5997,1,6,6,1
170.031,0.6002,0,0,0,0
170.065,0.6012,0,0,0,0
170.098,0.6021,0,0,0,0
170.131,0.6025,0,0,0,0
170.167,0.6032,0,0,0,0
170.200,0.6039,0,0,0,0
170.231,0.6042,0,0,0,0
170.264,0.6048,0,0,0,0
170.300,0.6054,0,0,0,0
170.332,0.6042,0,0,0,0
170.365,0.5993,1,6,6,1
170.398,0.5925,1,6,6,1
170.431,0.5841,1,6,6,1
170.465,0.5744,1,6,6,1
170.501,0.5933,1,6,6,1
170.533,0.6120,1,6,6,1
170.564,0.6290,1,6,6,1
170.598,0.6455,1,6,6,1
170.631,0.6609,1,6,6,1
170.667,0.6753,1,6,6,1
170.700,0.6869,1,6,6,1
170.731,0.6971,1,6,6,1
170.767,0.7065,1,6,6,1
170.798,0.7133,1,6,6,1
170.832,0.7196,1,6,6,1
170.865,0.7238,1,6,6,1
170.899,0.7266,1,6,6,1
170.931,0.7279,1,6,6,1
170.966,0.7373,1,6,6,1
171.000,0.7467,1,6,6,1
171.032,0.7539,1,6,6,1
171.067,0.7598,1,6,6,1
171.099,0.7633,1,6,6,1
171.131,0.7658,2,5,5,2
171.165,0.7660,2,5,5,2
171.198,0.7643,2,5,5,2
171.232,0.7612,2,5,5,2
171.267,0.7546,2,5,5,2
171.298,0.7455,2,5,5,2
171.335,0.7327,2,5,5,2
171.365,0.7220,2,5,5,2
171.398,0.7066,2,5,5,2
171.431,0.6920,2,5,5,2
171.467,0.6723,2,5,5,2
171.498,0.6534,2,5,5,2
171.531,0.6375,2,5,5,2
171.565,0.6440,2,5,5,2
171.599,0.6490,2,5,5,2
171.634,0.6526,2,5,5,2
171.664,0.6543,2,5,5,2
171.700,0.6547,1,6,6,1
171.730,0.6536,1,6,6,1
171.764,0.6510,1,6,6,1
171.800,0.6465,1,6,6,1
171.833,0.6409,1,6,6,1
171.865,0.6343,1,6,6,1
171.898,0.6256,1,6,6,1
171.933,0.6154,1,6,6,1
171.966,0.6040,1,6,6,1
172.000,0.5906,1,6,6,1
172.034,0.5840,1,6,6,1
172.067,0.5827,1,6,6,1
172.098,0.5796,1,6,6,1
172.134,0.5751,1,6,6,1
172.168,0.5847,1,6,6,1
172.198,0.5934,1,6,6,1
172.233,0.6022,1,6,6,1
172.264,0.6087,1,6,6,1
172.298,0.6145,1,6,6,1
172.337,0.6192,1,6,6,1
172.361,0.6213,1,6,6,1
172.398,0.6210,1,6,6,1
172.431,0.6208,1,6,6,1
172.465,0.5731,1,6,6,1
172.500,0.5833,1,6,6,1
172.537,0.5894,1,6,6,1
172.568,0.5914,1,6,6,1
172.598,0.5925,1,6,6,1
172.634,0.5919,1,6,6,1
172.666,0.5916,1,6,6,1
172.698,0.5909,1,6,6,1
172.738,0.5904,1,6,6,1
172.765,0.5902,1,6,6,1
172.798,0.5897,1,6,6,1
172.832,0.5895,1,6,6,1
172.868,0.5892,1,6,6,1
172.899,0.5890,1,6,6,1
172.932,0.5890,1,6,6,1
172.965,0.5888,1,6,6,1
172.998,0.5886,1,6,6,1
173.032,0.5886,1,6,6,1
173.064,0.5887,1,6,6,1
173.098,0.5888,1,6,6,1
173.131,0.5888,1,6,6,1
173.166,0.5888,1,6,6,1
173.200,0.5889,1,6,6,1
173.231,0.5890,1,6,6,1
173.265,0.5891,1,6,6,1
173.298,0.5886,1,6,6,1
173.332,0.5855,1,6,6,1
173.364,0.5789,1,6,6,1
173.401,0.5676,1,6,6,1
173.431,0.5570,1,6,6,1
173.465,0.5441,1,6,6,1
173.498,0.5578,1,6,6,1
173.533,0.5731,1,6,6,1
173.565,0.5847,1,6,6,1
173.598,0.5953,1,6,6,1
173.633,0.6056,1,6,6,1
173.666,0.6126,1,6,6,1
173.698,0.6172,1,6,6,1
173.733,0.6227,1,6,6,1
173.764,0.6239,1,6,6,1
173.799,0.6244,1,6,6,1
173.832,0.6257,1,6,6,1
173.865,0.6243,1,6,6,1
173.899,0.6223,1,6,6,1
173.931,0.6206,1,6,6,1
173.964,0.6173,1,6,6,1
173.999,0.6155,1,6,6,1
174.034,0.6162,1,6,6,1
174.065,0.6168,1,6,6,1
174.099,0.6178,1,6,6,1
174.134,0.6187,1,6,6,1
174.165,0.6190,1,6,6,1
174.198,0.6194,1,6,6,1
174.234,0.6194,1,6,6,1
174.266,0.6193,1,6,6,1
174.298,0.6190,1,6,6,1
174.333,0.6188,1,6,6,1
174.359,0.6189,1,6,6,1
174.398,0.6194,1,6,6,1
174.433,0.6196,1,6,6,1
174.466,0.6197,1,6,6,1
174.498,0.6196,1,6,6,1
174.534,0.6193,1,6,6,1
174.565,0.6192,1,6,6,1
174.598,0.6186,1,6,6,1
174.632,0.6179,1,6,6,1
174.664,0.6162,1,6,6,1
174.700,0.6134,1,6,6,1
174.731,0.6088,1,6,6,1
174.766,0.6022,1,6,6,1
174.798,0.5946,1,6,6,1
174.831,0.5857,1,6,6,1
174.864,0.5920,1,6,6,1
174.899,0.6010,1,6,6,1
174.934,0.6083,1,6,6,1
174.965,0.6163,1,6,6,1
175.001,0.6217,1,6,6,1
175.031,0.6276,1,6,6,1
175.067,0.6310,1,6,6,1
175.099,0.6327,1,6,6,1
175.131,0.6364,1,6,6,1
175.165,0.6371,1,6,6,1
175.200,0.6343,1,6,6,1
175.232,0.6324,1,6,6,1
175.264,0.6290,1,6,6,1
175.301,0.6034,1,6,6,1
175.332,0.6027,1,6,6,1
175.369,0.6012,1,6,6,1
175.400,0.5999,1,6,6,1
175.431,0.5992,1,6,6,1
175.465,0.5980,1,6,6,1
175.501,0.5969,1,6,6,1
175.531,0.5965,1,6,6,1
175.564,0.5958,1,6,6,1
175.601,0.5949,1,6,6,1
175.631,0.5946,1,6,6,1
175.668,0.5952,1,6,6,1
175.698,0.5956,1,6,6,1
175.731,0.5966,1,6,6,1
175.765,0.5962,1,6,6,1
175.800,0.5957,1,6,6,1
175.831,0.5955,1,6,6,1
175.867,0.5950,1,6,6,1
175.899,0.5947,1,6,6,1
175.933,0.5948,1,6,6,1
175.964,0.5955,1,6,6,1
175.998,0.5973,1,6,6,1
176.033,0.5985,1,6,6,1
176.065,0.6020,1,6,6,1
176.098,0.6065,1,6,6,1
176.131,0.6092,1,6,6,1
176.167,0.6152,1,6,6,1
176.198,0.6222,1,6,6,1
176.234,0.6297,1,6,6,1
176.264,0.6337,1,6,6,1
176.300,0.6421,1,6,6,1
176.331,0.6464,1,6,6,1
176.367,0.6555,1,6,6,1
176.398,0.6648,1,6,6,1
176.432,0.6696,1,6,6,1
176.467,0.6791,1,6,6,1
176.501,0.6882,1,6,6,1
176.533,0.6926,1,6,6,1
176.565,0.7004,1,6,6,1
176.599,0.7070,2,5,5,2
176.632,0.7097,2,5,5,2
176.665,0.7139,2,5,5,2
176.699,0.7165,2,5,5,2
176.731,0.7172,2,5,5,2
176.766,0.7175,2,5,5,2
176.798,0.7164,2,5,5,2
176.833,0.7153,2,5,5,2
176.867,0.7122,2,5,5,2
176.898,0.7079,1,6,6,1
176.932,0.7055,1,6,6,1
176.967,0.6997,1,6,6,1
177.001,0.6933,1,6,6,1
177.034,0.6862,1,6,6,1
177.067,0.6824,1,6,6,1
177.101,0.6745,1,6,6,1
177.131,0.6703,1,6,6,1
177.165,0.6616,1,6,6,1
177.198,0.6526,1,6,6,1
177.233,0.6479,1,6,6,1
177.266,0.6384,1,6,6,1
177.298,0.6285,1,6,6,1
177.334,0.6186,1,6,6,1
177.365,0.6136,1,6,6,1
177.400,0.6034,1,6,6,1
177.431,0.5982,1,6,6,1
177.467,0.5880,1,6,6,1
177.498,0.5778,1,6,6,1
177.534,0.5675,1,6,6,1
177.567,0.5622,1,6,6,1
177.598,0.5522,1,6,6,1
177.634,0.5421,1,6,6,1
177.664,0.5371,1,6,6,1
177.698,0.5275,1,6,6,1
177.731,0.5229,1,6,6,1
177.766,0.5140,1,6,6,1
177.798,0.5053,1,6,6,1
177.831,0.5011,1,6,6,1
177.866,0.4926,1,6,6,1
177.898,0.4842,1,6,6,1
177.934,0.4758,0,7,7,0
177.965,0.4717,0,7,7,0
177.996,0.4633,0,7,7,0
178.033,0.4550,0,7,7,0
178.065,0.4509,0,7,7,0
178.101,0.4426,0,7,7,0
178.131,0.4385,0,7,7,0
178.165,0.4300,0,7,7,0
178.196,0.4215,0,7,7,0
178.232,0.4172,0,7,7,0
178.264,0.4081,0,7,7,0
178.300,0.3984,0,7,7,0
178.331,0.3933,0,7,7,0
178.365,0.3825,0,7,7,0
178.400,0.3710,0,7,7,0
178.434,0.3591,0,7,7,0
178.466,0.3531,0,7,7,0
178.499,0.3409,0,7,7,0
178.531,0.3348,0,7,7,0
178.567,0.3225,0,7,7,0
178.601,0.3104,0,7,7,0
178.633,0.2985,0,7,7,0
178.665,0.2927,0,7,7,0
178.700,0.2812,0,7,7,0
178.731,0.2756,0,7,7,0
178.767,0.2643,0,7,7,0
178.803,0.2533,0,7,7,0
178.833,0.2429,0,7,7,0
178.864,0.2381,0,7,7,0
178.901,0.2294,0,7,7,0
178.932,0.2257,0,7,7,0
178.967,0.2195,0,7,7,0
179.004,0.2149,0,7,7,0
179.034,0.2119,0,7,7,0
179.064,0.2109,0,7,7,0
179.100,0.2097,0,7,7,0
179.132,0.2095,0,7,7,0
179.164,0.2096,0,7,7,0
179.204,0.2102,0,7,7,0
179.233,0.2108,0,7,7,0
179.264,0.2118,0,7,7,0
179.301,0.2128,0,7,7,0
179.331,0.2135,0,7,7,0
179.366,0.2145,0,7,7,0
179.398,0.2153,0,7,7,0
179.433,0.2167,0,7,7,0
179.466,0.2177,0,7,7,0
179.498,0.2187,0,7,7,0
179.533,0.2195,0,7,7,0
179.565,0.2201,0,7,7,0
179.601,0.2204,0,7,7,0
179.631,0.2204,0,7,7,0
179.665,0.2201,0,7,7,0
179.698,0.2195,0,7,7,0
179.731,0.2186,0,7,7,0
179.765,0.2174,0,7,7,0
179.800,0.2158,0,7,7,0
179.831,0.2142,0,7,7,0
179.865,0.2121,0,7,7,0
179.898,0.2119,0,7,7,0
179.931,0.2115,0,7,7,0
179.964,0.2108,0,7,7,0
179.998,0.2097,0,7,7,0
180.032,0.2084,0,7,7,0
180.065,0.2067,0,7,7,0
180.098,0.2047,0,7,7,0
180.134,0.2023,0,7,7,0
180.164,0.1999,0,7,7,0
180.201,0.1968,0,7,7,0
180.233,0.1958,0,7,7,0
180.266,0.1992,0,7,7,0
180.298,0.2021,0,7,7,0
180.331,0.2048,0,7,7,0
180.366,0.2073,0,7,7,0
180.399,0.2091,0,7,7,0
180.433,0.2105,0,7,7,0
180.467,0.2117,0,7,7,0
180.500,0.2126,0,7,7,0
180.532,0.2132,0,7,7,0
180.565,0.2139,0,7,7,0
180.601,0.2144,0,7,7,0
180.633,0.2149,0,7,7,0
180.667,0.2152,0,7,7,0
180.699,0.2155,0,7,7,0
180.731,0.2156,0,7,7,0
180.764,0.2157,0,7,7,0
180.800,0.2157,0,7,7,0
180.827,0.2157,0,7,7,0
180.867,0.2158,0,7,7,0
180.899,0.2158,0,7,7,0
180.933,0.2158,0,7,7,0
180.967,0.2158,0,7,7,0
181.001,0.2160,0,7,7,0
181.033,0.2165,0,7,7,0
181.066,0.2165,0,7,7,0
181.098,0.2165,0,7,7,0
181.132,0.2165,0,7,7,0
181.166,0.2152,0,7,7,0
181.201,0.2152,0,7,7,0
181.233,0.2152,0,7,7,0
181.268,0.2152,0,7,7,0
181.300,0.2152,0,7,7,0
181.332,0.2152,0,7,7,0
181.365,0.2152,0,7,7,0
181.398,0.2150,0,7,7,0
181.435,0.2144,0,0,0,0
181.467,0.2130,0,0,0,0
181.500,0.2112,0,7,7,0
181.533,0.2091,0,7,7,0
181.565,0.2067,0,7,7,0
181.600,0.2066,0,7,7,0
181.633,0.2066,0,7,7,0
181.666,0.2066,0,7,7,0
181.698,0.2066,0,7,7,0
181.731,0.2065,0,7,7,0
181.764,0.2065,0,7,7,0
181.800,0.2065,0,7,7,0
181.831,0.2065,0,7,7,0
181.867,0.2065,0,7,7,0
181.901,0.2065,0,7,7,0
181.934,0.2064,0,7,7,0
181.967,0.2064,0,7,7,0
181.999,0.2064,0,7,7,0
182.032,0.2064,0,7,7,0
182.065,0.2064,0,7,7,0
182.098,0.2064,0,7,7,0
182.132,0.2064,0,7,7,0
182.165,0.2064,0,7,7,0
182.199,0.2063,0,7,7,0
182.231,0.2063,0,7,7,0
182.264,0.2063,0,7,7,0
182.299,0.2063,0,7,7,0
182.336,0.2063,0,7,7,0
182.366,0.2063,0,7,7,0
182.400,0.2062,0,7,7,0
182.433,0.2062,0,7,7,0
182.464,0.2062,0,7,7,0
182.501,0.2062,0,7,7,0
182.533,0.2062,0,7,7,0
182.565,0.2062,0,7,7,0
182.598,0.2062,0,0,0,0
182.631,0.2062,0,0,0,0
182.664,0.2061,0,0,0,0
182.701,0.2061,0,0,0,0
182.732,0.2061,0,0,0,0
182.767,0.2061,0,0,0,0
182.798,0.2061,0,0,0,0
182.831,0.2061,0,0,0,0
182.865,0.2061,0,0,0,0
182.900,0.2061,0,0,0,0
182.932,0.2060,0,0,0,0
182.965,0.2060,0,0,0,0
183.000,0.2060,0,0,0,0
183.031,0.2060,0,0,0,0
183.070,0.2060,0,0,0,0
183.098,0.2060,0,0,0,0
183.131,0.2060,0,0,0,0
183.166,0.2060,0,0,0,0
183.198,0.2060,0,0,0,0
183.231,0.2059,0,0,0,0
183.264,0.2059,0,0,0,0
183.298,0.2059,0,0,0,0
183.331,0.2059,0,0,0,0
183.365,0.2059,0,0,0,0
183.399,0.2059,0,0,0,0
183.431,0.2059,0,0,0,0
183.466,0.2059,0,0,0,0
183.498,0.2059,0,0,0,0
183.531,0.2058,0,0,0,0
183.564,0.2058,0,0,0,0
183.598,0.2058,0,0,0,0
183.631,0.2058,0,0,0,0
183.662,0.2058,0,0,0,0
183.698,0.2058,0,0,0,0
183.733,0.2058,0,0,0,0
183.765,0.2058,0,0,0,0
183.800,0.2058,0,0,0,0
183.831,0.2058,0,0,0,0
183.865,0.2058,0,0,0,0
183.898,0.2057,0,0,0,0
183.931,0.2057,0,0,0,0
183.967,0.2057,0,0,0,0
184.000,0.2057,0,0,0,0
184.031,0.2057,0,0,0,0
184.063,0.2057,0,0,0,0
184.099,0.2057,0,0,0,0
184.132,0.2057,0,0,0,0
184.165,0.2057,0,0,0,0
184.198,0.2057,0,0,0,0
184.231,0.2057,0,0,0,0
184.264,0.2056,0,0,0,0
184.300,0.2056,0,0,0,0
184.331,0.2056,0,0,0,0
184.364,0.2056,0,0,0,0
184.398,0.2056,0,0,0,0
184.431,0.2056,0,0,0,0
184.468,0.2056,0,0,0,0
184.500,0.2056,0,0,0,0
184.533,0.2056,0,0,0,0
184.565,0.2056,0,0,0,0
184.599,0.2056,0,0,0,0
184.631,0.2056,0,0,0,0
184.670,0.2056,0,0,0,0
184.698,0.2055,0,0,0,0
184.734,0.2055,0,0,0,0
184.767,0.2055,0,0,0,0
184.799,0.2055,0,0,0,0
184.832,0.2055,0,0,0,0
184.865,0.2055,0,0,0,0
184.898,0.2055,0,0,0,0
184.932,0.2055,0,0,0,0
184.968,0.2055,0,0,0,0
185.000,0.2055,0,0,0,0
185.033,0.2055,0,0,0,0
185.065,0.2055,0,0,0,0
185.098,0.2055,0,0,0,0
185.132,0.2055,0,0,0,0
185.167,0.2055,0,0,0,0
185.199,0.2055,0,0,0,0
185.231,0.2054,0,0,0,0
185.265,0.2054,0,0,0,0
185.298,0.2054,0,0,0,0
185.336,0.2054,0,0,0,0
185.365,0.2054,0,0,0,0
185.398,0.2054,0,0,0,0
185.433,0.2054,0,0,0,0
185.467,0.2054,0,0,0,0
185.498,0.2054,0,0,0,0
185.531,0.2054,0,0,0,0
185.565,0.2054,0,0,0,0
185.598,0.2054,0,0,0,0
185.631,0.2054,0,0,0,0
185.667,0.2054,0,0,0,0
185.699,0.2054,0,0,0,0
185.734,0.2054,0,0,0,0
185.766,0.2054,0,0,0,0
185.798,0.2054,0,0,0,0
185.831,0.2054,0,0,0,0
185.864,0.2053,0,0,0,0
185.898,0.2053,0,0,0,0
185.931,0.2053,0,0,0,0
185.966,0.2053,0,0,0,0
185.998,0.2053,0,0,0,0
186.033,0.2053,0,0,0,0
186.064,0.2053,0,0,0,0
186.100,0.2053,0,0,0,0
186.133,0.2053,0,0,0,0
186.166,0.2053,0,0,0,0
186.198,0.2053,0,0,0,0
186.231,0.2053,0,0,0,0
186.265,0.2053,0,0,0,0
186.298,0.2053,0,0,0,0
186.331,0.2053,0,0,0,0
186.365,0.2053,0,0,0,0
186.398,0.2053,0,0,0,0
186.434,0.2053,0,0,0,0
186.466,0.2053,0,0,0,0
186.498,0.2053,0,0,0,0
186.533,0.2053,0,0,0,0
186.565,0.2053,0,0,0,0
186.598,0.2053,0,0,0,0
186.633,0.2053,0,0,0,0
186.664,0.2053,0,0,0,0
186.698,0.2052,0,0,0,0
186.734,0.2052,0,0,0,0
186.766,0.2052,0,0,0,0
186.798,0.2052,0,0,0,0
186.831,0.2052,0,0,0,0
186.864,0.2052,0,0,0,0
186.898,0.2052,0,0,0,0
186.931,0.2052,0,0,0,0
186.965,0.2052,0,0,0,0
186.999,0.2052,0,0,0,0
187.031,0.2052,0,0,0,0
187.065,0.2053,0,0,0,0
187.098,0.2056,0,0,0,0
187.132,0.2060,0,0,0,0
187.165,0.2064,0,0,0,0
187.198,0.2066,0,0,0,0
187.231,0.2066,0,0,0,0
187.267,0.2066,0,0,0,0
187.298,0.2066,0,0,0,0
187.333,0.2066,0,0,0,0
187.364,0.2066,0,0,0,0
187.398,0.2066,0,0,0,0
187.431,0.2066,0,0,0,0
187.465,0.2066,0,0,0,0
187.498,0.2066,0,0,0,0
187.533,0.2066,0,0,0,0
187.565,0.2066,0,0,0,0
187.600,0.2066,0,0,0,0
187.634,0.2066,0,0,0,0
187.667,0.2066,0,0,0,0
187.698,0.2066,0,0,0,0
187.731,0.2066,0,0,0,0
187.767,0.2066,0,0,0,0
187.798,0.2066,0,0,0,0
187.834,0.2066,0,0,0,0
187.864,0.2066,0,0,0,0
187.898,0.2066,0,0,0,0
187.932,0.2066,0,0,0,0
187.964,0.2066,0,0,0,0
188.001,0.2066,0,0,0,0
188.031,0.2066,0,0,0,0
188.064,0.2066,0,0,0,0
188.099,0.2066,0,0,0,0
188.131,0.2066,0,0,0,0
188.165,0.2066,0,0,0,0
188.198,0.2066,0,0,0,0
188.231,0.2066,0,0,0,0
188.265,0.2067,0,0,0,0
188.300,0.2070,0,0,0,0
188.332,0.2074,0,0,0,0
188.368,0.2092,0,7,7,0
188.398,0.2123,0,7,7,0
188.431,0.2145,0,7,7,0
188.466,0.2198,0,7,7,0
188.498,0.2264,0,7,7,0
188.534,0.2339,0,7,7,0
188.564,0.2381,0,7,7,0
188.598,0.2466,0,7,7,0
188.631,0.2512,0,7,7,0
188.665,0.2604,0,7,7,0
188.699,0.2697,0,7,7,0
188.731,0.2745,0,7,7,0
188.764,0.2838,0,7,7,0
188.799,0.2928,0,7,7,0
188.831,0.2972,0,7,7,0
188.864,0.3054,0,7,7,0
188.898,0.3128,0,7,7,0
188.934,0.3191,0,7,7,0
188.964,0.3219,0,7,7,0
189.001,0.3266,0,7,7,0
189.031,0.3286,0,7,7,0
189.065,0.3321,0,7,7,0
189.101,0.3354,0,7,7,0
189.133,0.3389,0,7,7,0
189.166,0.3409,0,7,7,0
189.199,0.3455,0,7,7,0
189.231,0.3481,0,7,7,0
189.267,0.3541,0,7,7,0
189.298,0.3610,0,7,7,0
189.333,0.3647,0,7,7,0
189.365,0.3726,0,7,7,0
189.398,0.3807,0,7,7,0
189.431,0.3848,0,7,7,0
189.465,0.3929,0,7,7,0
189.498,0.4006,0,7,7,0
189.535,0.4078,0,7,7,0
189.566,0.4112,0,7,7,0
189.598,0.4175,0,7,7,0
189.632,0.4204,0,7,7,0
189.664,0.4257,0,7,7,0
189.698,0.4303,0,7,7,0
189.734,0.4347,0,7,7,0
189.765,0.4370,0,7,7,0
189.801,0.4418,0,7,7,0
189.833,0.4445,0,7,7,0
189.864,0.4504,0,7,7,0
189.898,0.4569,0,7,7,0
189.934,0.4639,0,7,7,0
189.965,0.4676,0,7,7,0
190.001,0.4755,0,7,7,0
190.034,0.4837,1,6,6,1
190.064,0.4880,1,6,6,1
190.100,0.4967,1,6,6,1
190.131,0.5012,1,6,6,1
190.167,0.5104,1,6,6,1
190.199,0.5193,1,6,6,1
190.231,0.5236,1,6,6,1
190.265,0.5317,1,6,6,1
190.300,0.5390,1,6,6,1
190.336,0.5455,1,6,6,1
190.365,0.5483,1,6,6,1
190.398,0.5535,1,6,6,1
190.432,0.5558,1,6,6,1
190.468,0.5600,1,6,6,1
190.500,0.5639,1,6,6,1
190.538,0.5681,1,6,6,1
190.565,0.5704,1,6,6,1
190.598,0.5756,1,6,6,1
190.631,0.5786,1,6,6,1
190.665,0.5849,1,6,6,1
190.699,0.5919,1,6,6,1
190.732,0.5959,1,6,6,1
190.766,0.6039,1,6,6,1
190.801,0.6124,1,6,6,1
190.831,0.6170,1,6,6,1
190.864,0.6258,1,6,6,1
190.900,0.6347,1,6,6,1
190.931,0.6392,1,6,6,1
190.964,0.6479,1,6,6,1
191.000,0.6563,1,6,6,1
191.032,0.6602,1,6,6,1
191.068,0.6676,1,6,6,1
191.099,0.6742,1,6,6,1
191.134,0.6800,1,6,6,1
191.166,0.6826,1,6,6,1
191.198,0.6870,1,6,6,1
191.232,0.6890,1,6,6,1
191.267,0.6923,1,6,6,1
191.300,0.6950,1,6,6,1
191.332,0.6961,1,6,6,1
191.364,0.6979,1,6,6,1
191.398,0.6993,1,6,6,1
191.434,0.7002,1,6,6,1
191.464,0.7006,1,6,6,1
191.499,0.7011,1,6,6,1
191.534,0.7014,1,6,6,1
191.564,0.7015,1,6,6,1
191.598,0.7015,1,6,6,1
191.633,0.7015,1,6,6,1
191.664,0.7014,1,6,6,1
191.700,0.7012,1,6,6,1
191.731,0.7011,1,6,6,1
191.765,0.7005,1,6,6,1
191.801,0.6995,1,6,6,1
191.831,0.6988,1,6,6,1
191.864,0.6966,1,6,6,1
191.898,0.6937,1,6,6,1
191.931,0.6919,1,6,6,1
191.967,0.6876,1,6,6,1
192.001,0.6826,1,6,6,1
192.031,0.6800,1,6,6,1
192.067,0.6746,1,6,6,1
192.100,0.6694,1,6,6,1
192.132,0.6669,1,6,6,1
192.165,0.6623,1,6,6,1
192.200,0.6581,1,6,6,1
192.233,0.6562,1,6,6,1
192.263,0.6528,1,6,6,1
192.298,0.6500,1,6,6,1
192.334,0.6476,1,6,6,1
192.365,0.6466,1,6,6,1
192.398,0.6448,1,6,6,1
192.432,0.6441,1,6,6,1
192.467,0.6429,1,6,6,1
192.500,0.6420,1,6,6,1
192.534,0.6413,1,6,6,1
192.565,0.6410,1,6,6,1
192.598,0.6406,1,6,6,1
192.634,0.6403,1,6,6,1
192.665,0.6402,1,6,6,1
192.698,0.6400,1,6,6,1
192.734,0.6400,1,6,6,1
192.765,0.6400,1,6,6,1
192.801,0.6401,1,6,6,1
192.834,0.6404,1,6,6,1
192.865,0.6408,1,6,6,1
192.900,0.6423,1,6,6,1
192.931,0.6434,1,6,6,1
192.965,0.6465,1,6,6,1
193.000,0.6507,1,6,6,1
193.031,0.6532,1,6,6,1
193.067,0.6589,1,6,6,1
193.099,0.6655,1,6,6,1
193.131,0.6691,1,6,6,1
193.166,0.6768,1,6,6,1
193.198,0.6851,1,6,6,1
193.233,0.6892,1,6,6,1
193.267,0.6976,1,6,6,1
193.298,0.7055,1,6,6,1
193.334,0.7129,1,6,6,1
193.371,0.7164,1,6,6,1
193.398,0.7227,2,5,5,2
193.433,0.7282,2,5,5,2
193.464,0.7306,2,5,5,2
193.499,0.7349,2,5,5,2
193.533,0.7386,2,5,5,2
193.571,0.7401,2,5,5,2
193.598,0.7428,2,5,5,2
193.631,0.7440,2,5,5,2
193.668,0.7459,2,5,5,2
193.698,0.7474,2,5,5,2
193.733,0.7480,2,5,5,2
193.765,0.7489,2,5,5,2
193.798,0.7497,2,5,5,2
193.832,0.7501,2,5,5,2
193.865,0.7509,2,5,5,2
193.901,0.7520,2,5,5,2
193.931,0.7527,2,5,5,2
193.967,0.7547,2,5,5,2
193.998,0.7575,2,5,5,2
194.033,0.7612,2,5,5,2
194.067,0.7633,2,5,5,2
194.098,0.7678,2,5,5,2
194.131,0.7702,2,5,5,2
194.166,0.7749,2,5,5,2
194.198,0.7794,2,5,5,2
194.233,0.7816,2,5,5,2
194.265,0.7856,2,5,5,2
194.298,0.7893,2,5,5,2
194.334,0.7924,2,5,5,2
194.366,0.7938,2,5,5,2
194.398,0.7963,2,5,5,2
194.435,0.7984,2,5,5,2
194.465,0.7994,2,5,5,2
194.498,0.8009,2,5,5,2
194.531,0.8016,2,5,5,2
194.568,0.8027,2,5,5,2
194.598,0.8035,2,5,5,2
194.633,0.8039,2,5,5,2
194.667,0.8044,2,5,5,2
194.699,0.8048,2,5,5,2
194.732,0.8049,2,5,5,2
194.767,0.8051,2,5,5,2
194.798,0.8052,2,5,5,2
194.834,0.8052,2,5,5,2
194.864,0.8051,2,5,5,2
194.899,0.8051,2,5,5,2
194.933,0.8049,2,5,5,2
194.967,0.8048,2,5,5,2
194.998,0.8047,2,5,5,2
195.033,0.8046,2,5,5,2
195.066,0.8044,2,5,5,2
195.098,0.8042,2,5,5,2
195.134,0.8039,2,5,5,2
195.164,0.8038,2,5,5,2
195.198,0.8036,2,5,5,2
195.233,0.8035,2,5,5,2
195.267,0.8033,2,5,5,2
195.298,0.8031,2,5,5,2
195.334,0.8029,2,5,5,2
195.365,0.8028,2,5,5,2
195.398,0.8026,2,5,5,2
195.434,0.8024,2,5,5,2
195.466,0.8023,2,5,5,2
195.500,0.8021,0,0,0,0
195.531,0.8020,0,0,0,0
195.567,0.8019,0,0,0,0
195.600,0.8017,0,0,0,0
195.634,0.8016,0,0,0,0
195.665,0.8015,0,0,0,0
195.700,0.8013,0,0,0,0
195.731,0.8013,0,0,0,0
195.765,0.8011,0,0,0,0
195.799,0.8010,0,0,0,0
195.832,0.8010,0,0,0,0
195.867,0.8008,0,0,0,0
195.898,0.8007,0,0,0,0
195.933,0.8007,0,0,0,0
195.967,0.8006,0,0,0,0
195.998,0.8005,0,0,0,0
196.031,0.8004,0,0,0,0
196.066,0.8003,0,0,0,0
196.098,0.8002,0,0,0,0
196.133,0.8002,0,0,0,0
196.168,0.8001,0,0,0,0
196.198,0.8000,0,0,0,0
196.234,0.7999,0,0,0,0
196.267,0.7999,0,0,0,0
196.298,0.7998,0,0,0,0
196.333,0.7998,0,0,0,0
196.365,0.7997,0,0,0,0
196.401,0.7997,0,0,0,0
196.434,0.7996,0,0,0,0
196.464,0.7996,0,0,0,0
196.500,0.7995,0,0,0,0
196.534,0.7994,0,0,0,0
196.567,0.7994,0,0,0,0
196.600,0.7994,0,0,0,0
196.632,0.7993,0,0,0,0
196.665,0.7993,0,0,0,0
196.698,0.7992,0,0,0,0
196.734,0.7992,0,0,0,0
196.765,0.7992,0,0,0,0
196.800,0.7991,0,0,0,0
196.835,0.7991,0,0,0,0
196.867,0.7991,0,0,0,0
196.900,0.7990,0,0,0,0
196.931,0.7990,0,0,0,0
196.967,0.7990,0,0,0,0
196.998,0.7990,0,0,0,0
197.031,0.7989,0,0,0,0
197.065,0.7989,0,0,0,0
197.100,0.7989,0,0,0,0
197.133,0.7989,0,0,0,0
197.164,0.7988,0,0,0,0
197.198,0.7988,0,0,0,0
197.233,0.7988,0,0,0,0
197.264,0.7988,0,0,0,0
197.301,0.7987,0,0,0,0
197.331,0.7987,0,0,0,0
197.364,0.7989,0,0,0,0
197.399,0.7995,0,0,0,0
197.434,0.8008,0,0,0,0
197.465,0.8017,0,0,0,0
197.498,0.8044,2,5,5,2
197.531,0.8062,2,5,5,2
197.566,0.8105,2,5,5,2
197.598,0.8158,2,5,5,2
197.631,0.8187,2,5,5,2
197.666,0.8253,2,5,5,2
197.701,0.8326,2,5,5,2
197.733,0.8405,2,5,5,2
197.767,0.8446,2,5,5,2
197.800,0.8532,2,5,5,2
197.833,0.8623,2,5,5,2
197.864,0.8670,2,5,5,2
197.898,0.8765,2,5,5,2
197.934,0.8864,2,5,5,2
197.964,0.8914,2,5,5,2
197.998,0.9016,2,5,5,2
198.033,0.9068,2,5,5,2
198.067,0.9169,2,5,5,2
198.100,0.9266,2,5,5,2
198.131,0.9313,2,5,5,2
198.165,0.9400,2,5,5,2
198.200,0.9480,2,5,5,2
198.232,0.9517,2,5,5,2
198.265,0.9585,2,5,5,2
198.300,0.9645,2,5,5,2
198.332,0.9672,2,5,5,2
198.365,0.9721,2,5,5,2
198.398,0.9763,2,5,5,2
198.431,0.9781,2,5,5,2
198.464,0.9814,2,5,5,2
198.501,0.9841,2,5,5,2
198.532,0.9852,2,5,5,2
198.566,0.9872,2,5,5,2
198.598,0.9888,2,5,5,2
198.631,0.9895,2,5,5,2
198.665,0.9905,2,5,5,2
198.698,0.9914,2,5,5,2
198.732,0.9917,2,5,5,2
198.764,0.9921,2,5,5,2
198.800,0.9924,2,5,5,2
198.834,0.9926,2,5,5,2
198.865,0.9926,2,5,5,2
198.898,0.9926,2,5,5,2
198.932,0.9925,2,5,5,2
198.966,0.9924,2,5,5,2
198.999,0.9923,2,5,5,2
199.034,0.9921,2,5,5,2
199.067,0.9919,2,5,5,2
199.100,0.9916,2,5,5,2
199.135,0.9913,2,5,5,2
199.164,0.9912,2,5,5,2
199.198,0.9908,2,5,5,2
199.232,0.9907,2,5,5,2
199.265,0.9903,2,5,5,2
199.298,0.9900,2,5,5,2
199.332,0.9898,2,5,5,2
199.365,0.9894,2,5,5,2
199.400,0.9891,2,5,5,2
199.432,0.9889,2,5,5,2
199.465,0.9885,2,5,5,2
199.499,0.9881,2,5,5,2
199.532,0.9880,2,5,5,2
199.567,0.9876,2,5,5,2
199.599,0.9872,0,0,0,0
199.637,0.9869,0,0,0,0
199.675,0.9866,0,0,0,0
199.709,0.9864,0,0,0,0
199.738,0.9861,0,0,0,0
199.765,0.9859,0,0,0,0
199.801,0.9856,0,0,0,0
199.838,0.9854,0,0,0,0
199.866,0.9852,0,0,0,0
199.900,0.9849,0,0,0,0
199.931,0.9848,0,0,0,0
199.964,0.9845,0,0,0,0
200.001,0.9843,0,0,0,0
200.034,0.9840,0,0,0,0
200.065,0.9839,0,0,0,0
200.101,0.9836,0,0,0,0
200.131,0.9835,0,0,0,0
200.165,0.9832,0,0,0,0
200.199,0.9830,0,0,0,0
200.232,0.9829,0,0,0,0
200.267,0.9826,0,0,0,0
200.299,0.9824,0,0,0,0
200.331,0.9823,0,0,0,0
200.365,0.9820,0,0,0,0
200.398,0.9813,0,0,0,0
200.431,0.9811,0,0,0,0
200.465,0.9813,0,0,0,0
200.501,0.9817,0,0,0,0
200.534,0.9820,0,0,0,0
200.566,0.9822,0,0,0,0
200.598,0.9823,0,0,0,0
200.631,0.9824,0,0,0,0
200.665,0.9824,0,0,0,0
200.698,0.9824,0,0,0,0
200.731,0.9823,0,0,0,0
200.767,0.9822,0,0,0,0
200.800,0.9821,0,0,0,0
200.834,0.9820,0,0,0,0
200.865,0.9820,0,0,0,0
200.898,0.9818,0,0,0,0
200.931,0.9818,0,0,0,0
200.967,0.9816,0,0,0,0
200.999,0.9815,0,0,0,0
201.033,0.9814,0,0,0,0
201.066,0.9813,0,0,0,0
201.101,0.9811,0,0,0,0
201.132,0.9810,0,0,0,0
201.166,0.9809,0,0,0,0
201.200,0.9807,0,0,0,0
201.234,0.9805,0,0,0,0
201.264,0.9804,0,0,0,0
201.298,0.9803,0,0,0,0
201.332,0.9803,0,0,0,0
201.365,0.9803,0,0,0,0
201.398,0.9803,0,0,0,0
201.433,0.9804,0,0,0,0
201.464,0.9805,0,0,0,0
201.500,0.9806,0,0,0,0
201.531,0.9806,0,0,0,0
201.567,0.9806,0,0,0,0
201.601,0.9804,0,0,0,0
201.634,0.9801,0,0,0,0
201.667,0.9799,0,0,0,0
201.700,0.9794,0,0,0,0
201.732,0.9791,0,0,0,0
201.765,0.9784,0,0,0,0
201.801,0.9777,0,0,0,0
201.834,0.9769,0,0,0,0
201.865,0.9765,0,0,0,0
201.898,0.9758,0,0,0,0
201.931,0.9755,0,0,0,0
201.968,0.9749,0,0,0,0
202.000,0.9744,0,0,0,0
202.033,0.9741,0,0,0,0
202.065,0.9739,0,0,0,0
202.098,0.9738,0,0,0,0
202.132,0.9739,0,0,0,0
202.165,0.9740,0,0,0,0
202.199,0.9741,0,0,0,0
202.233,0.9741,0,0,0,0
202.266,0.9742,0,0,0,0
202.301,0.9742,0,0,0,0
202.331,0.9742,0,0,0,0
202.367,0.9743,0,0,0,0
202.400,0.9744,0,0,0,0
202.432,0.9744,0,0,0,0
202.464,0.9746,0,0,0,0
202.500,0.9747,0,0,0,0
202.531,0.9748,0,0,0,0
202.567,0.9749,0,0,0,0
202.601,0.9751,0,0,0,0
202.631,0.9752,0,0,0,0
202.666,0.9754,0,0,0,0
202.698,0.9756,0,0,0,0
202.731,0.9757,0,0,0,0
202.767,0.9760,0,0,0,0
202.798,0.9762,0,0,0,0
202.832,0.9763,0,0,0,0
202.866,0.9765,0,0,0,0
202.898,0.9767,0,0,0,0
202.934,0.9769,0,0,0,0
202.965,0.9770,0,0,0,0
202.998,0.9773,0,0,0,0
203.034,0.9774,0,0,0,0
203.067,0.9775,0,0,0,0
203.098,0.9777,0,0,0,0
203.131,0.9778,0,0,0,0
203.164,0.9780,0,0,0,0
203.198,0.9781,0,0,0,0
203.231,0.9782,0,0,0,0
203.268,0.9784,0,0,0,0
203.298,0.9785,0,0,0,0
203.332,0.9786,0,0,0,0
203.367,0.9787,0,0,0,0
203.398,0.9788,0,0,0,0
203.434,0.9789,0,0,0,0
203.471,0.9789,0,0,0,0
203.501,0.9790,0,0,0,0
203.531,0.9790,0,0,0,0
203.565,0.9791,0,0,0,0
203.598,0.9792,0,0,0,0
203.634,0.9792,0,0,0,0
203.665,0.9792,0,0,0,0
203.698,0.9793,0,0,0,0
203.733,0.9793,0,0,0,0
203.764,0.9793,0,0,0,0
203.799,0.9793,0,0,0,0
203.834,0.9793,0,0,0,0
203.866,0.9793,0,0,0,0
203.898,0.9793,0,0,0,0
203.934,0.9793,0,0,0,0
203.965,0.9793,0,0,0,0
203.998,0.9793,0,0,0,0
204.033,0.9793,0,0,0,0
204.065,0.9793,0,0,0,0
204.100,0.9792,0,0,0,0
204.132,0.9792,0,0,0,0
204.164,0.9792,0,0,0,0
204.201,0.9792,0,0,0,0
204.232,0.9791,0,0,0,0
204.265,0.9791,0,0,0,0
204.298,0.9791,0,0,0,0
204.332,0.9790,0,0,0,0
204.365,0.9790,0,0,0,0
204.401,0.9789,0,0,0,0
204.433,0.9789,0,0,0,0
204.467,0.9789,0,0,0,0
204.498,0.9788,0,0,0,0
204.531,0.9788,0,0,0,0
204.564,0.9787,0,0,0,0
204.598,0.9787,0,0,0,0
204.631,0.9787,0,0,0,0
204.667,0.9786,0,0,0,0
204.699,0.9792,0,0,0,0
204.731,0.9803,0,0,0,0
204.767,0.9811,0,0,0,0
204.798,0.9807,0,0,0,0
204.834,0.9792,2,5,5,2
204.865,0.9781,2,5,5,2
204.898,0.9752,2,5,5,2
204.932,0.9734,2,5,5,2
204.967,0.9688,2,5,5,2
204.998,0.9639,2,5,5,2
205.033,0.9612,2,5,5,2
205.067,0.9552,2,5,5,2
205.100,0.9483,2,5,5,2
205.131,0.9446,2,5,5,2
205.167,0.9369,2,5,5,2
205.199,0.9290,2,5,5,2
205.231,0.9250,2,5,5,2
205.266,0.9171,2,5,5,2
205.300,0.9092,2,5,5,2
205.331,0.9052,2,5,5,2
205.365,0.8971,2,5,5,2
205.398,0.8887,2,5,5,2
205.434,0.8801,2,5,5,2
205.467,0.8758,2,5,5,2
205.498,0.8668,2,5,5,2
205.533,0.8621,2,5,5,2
205.566,0.8526,2,5,5,2
205.598,0.8427,2,5,5,2
205.634,0.8328,2,5,5,2
205.664,0.8277,2,5,5,2
205.698,0.8174,2,5,5,2
205.731,0.8122,2,5,5,2
205.767,0.8017,2,5,5,2
205.800,0.7915,2,5,5,2
205.831,0.7865,2,5,5,2
205.867,0.7771,2,5,5,2
205.900,0.7686,2,5,5,2
205.931,0.7647,2,5,5,2
205.966,0.7576,2,5,5,2
205.998,0.7515,2,5,5,2
206.032,0.7488,2,5,5,2
206.067,0.7442,2,5,5,2
206.098,0.7404,2,5,5,2
206.134,0.7374,2,5,5,2
206.166,0.7361,2,5,5,2
206.198,0.7340,2,5,5,2
206.233,0.7323,1,6,6,1
206.264,0.7315,1,6,6,1
206.299,0.7295,1,6,6,1
206.334,0.7269,1,6,6,1
206.367,0.7253,1,6,6,1
206.398,0.7215,1,6,6,1
206.434,0.7167,1,6,6,1
206.464,0.7140,1,6,6,1
206.499,0.7080,1,6,6,1
206.532,0.7046,1,6,6,1
206.565,0.6972,1,6,6,1
206.599,0.6893,1,6,6,1
206.632,0.6852,1,6,6,1
206.666,0.6770,1,6,6,1
206.696,0.6691,1,6,6,1
206.734,0.6616,1,6,6,1
206.764,0.6581,1,6,6,1
206.797,0.6517,1,6,6,1
206.833,0.6488,1,6,6,1
206.868,0.6436,1,6,6,1
206.898,0.6393,1,6,6,1
206.933,0.6374,1,6,6,1
206.966,0.6342,1,6,6,1
206.999,0.6317,1,6,6,1
207.032,0.6306,1,6,6,1
207.065,0.6287,1,6,6,1
207.098,0.6266,1,6,6,1
207.133,0.6254,1,6,6,1
207.167,0.6225,1,6,6,1
207.200,0.6187,1,6,6,1
207.232,0.6165,1,6,6,1
207.265,0.6114,1,6,6,1
207.301,0.6054,1,6,6,1
207.332,0.6021,1,6,6,1
207.367,0.5953,1,6,6,1
207.396,0.5883,1,6,6,1
207.432,0.5848,1,6,6,1
207.466,0.5781,1,6,6,1
207.500,0.5719,1,6,6,1
207.532,0.5690,1,6,6,1
207.567,0.5639,1,6,6,1
207.600,0.5595,1,6,6,1
207.632,0.5576,1,6,6,1
207.665,0.5543,1,6,6,1
207.701,0.5517,1,6,6,1
207.733,0.5507,1,6,6,1
207.768,0.5490,1,6,6,1
207.799,0.5478,1,6,6,1
207.831,0.5474,1,6,6,1
207.865,0.5468,1,6,6,1
207.898,0.5465,1,6,6,1
207.934,0.5464,1,6,6,1
207.966,0.5464,1,6,6,1
207.998,0.5466,1,6,6,1
208.034,0.5468,1,6,6,1
208.066,0.5469,1,6,6,1
208.100,0.5473,1,6,6,1
208.133,0.5476,1,6,6,1
208.166,0.5478,1,6,6,1
208.198,0.5481,1,6,6,1
208.231,0.5483,1,6,6,1
208.264,0.5486,1,6,6,1
208.300,0.5489,1,6,6,1
208.332,0.5491,1,6,6,1
208.365,0.5493,1,6,6,1
208.399,0.5496,1,6,6,1
208.434,0.5498,1,6,6,1
208.468,0.5499,1,6,6,1
208.500,0.5501,1,6,6,1
208.532,0.5502,1,6,6,1
208.564,0.5503,1,6,6,1
208.598,0.5505,1,6,6,1
208.631,0.5505,1,6,6,1
208.664,0.5506,1,6,6,1
208.700,0.5507,1,6,6,1
208.732,0.5508,1,6,6,1
208.766,0.5509,1,6,6,1
208.798,0.5510,0,0,0,0
208.834,0.5510,0,0,0,0
208.864,0.5511,0,0,0,0
208.898,0.5511,0,0,0,0
208.931,0.5512,0,0,0,0
208.965,0.5512,0,0,0,0
209.001,0.5513,0,0,0,0
209.034,0.5513,0,0,0,0
209.065,0.5513,0,0,0,0
209.098,0.5514,0,0,0,0
209.131,0.5514,0,0,0,0
209.165,0.5514,0,0,0,0
209.198,0.5515,0,0,0,0
209.232,0.5515,0,0,0,0
209.267,0.5490,1,6,6,1
209.299,0.5466,1,6,6,1
209.331,0.5463,1,6,6,1
209.367,0.5456,1,6,6,1
209.398,0.5447,1,6,6,1
209.431,0.5442,1,6,6,1
209.467,0.5432,1,6,6,1
209.499,0.5423,1,6,6,1
209.533,0.5418,1,6,6,1
209.565,0.5409,1,6,6,1
209.600,0.5402,1,6,6,1
209.631,0.5398,1,6,6,1
209.664,0.5393,1,6,6,1
209.699,0.5389,1,6,6,1
209.731,0.5387,1,6,6,1
209.765,0.5386,1,6,6,1
209.798,0.5387,1,6,6,1
209.834,0.5390,1,6,6,1
209.866,0.5392,1,6,6,1
209.900,0.5395,1,6,6,1
209.931,0.5396,1,6,6,1
209.967,0.5398,1,6,6,1
210.000,0.5400,1,6,6,1
210.032,0.5401,1,6,6,1
210.065,0.5405,1,6,6,1
210.098,0.5409,1,6,6,1
210.133,0.5412,1,6,6,1
210.166,0.5417,1,6,6,1
210.201,0.5423,1,6,6,1
210.234,0.5428,1,6,6,1
210.267,0.5431,1,6,6,1
210.300,0.5436,0,0,0,0
210.333,0.5442,0,0,0,0
210.366,0.5444,0,0,0,0
210.399,0.5449,0,0,0,0
210.432,0.5451,0,0,0,0
210.464,0.5456,0,0,0,0
210.498,0.5460,0,0,0,0
210.531,0.5462,0,0,0,0
210.564,0.5465,0,0,0,0
210.599,0.5469,0,0,0,0
210.631,0.5471,0,0,0,0
210.664,0.5474,0,0,0,0
210.701,0.5476,0,0,0,0
210.733,0.5479,0,0,0,0
210.767,0.5480,0,0,0,0
210.800,0.5482,0,0,0,0
210.831,0.5483,0,0,0,0
210.867,0.5485,0,0,0,0
210.898,0.5487,0,0,0,0
210.933,0.5487,0,0,0,0
210.968,0.5489,0,0,0,0
210.998,0.5490,0,0,0,0
211.032,0.5490,0,0,0,0
211.067,0.5491,0,0,0,0
211.099,0.5492,0,0,0,0
211.134,0.5492,0,0,0,0
211.165,0.5492,0,0,0,0
211.199,0.5488,0,0,0,0
211.234,0.5482,0,0,0,0
211.267,0.5477,0,0,0,0
211.298,0.5463,0,0,0,0
211.337,0.5445,1,6,6,1
211.365,0.5436,1,6,6,1
211.398,0.5416,1,6,6,1
211.433,0.5406,1,6,6,1
211.467,0.5387,1,6,6,1
211.498,0.5370,1,6,6,1
211.531,0.5362,1,6,6,1
211.566,0.5348,1,6,6,1
211.598,0.5340,1,6,6,1
211.634,0.5339,1,6,6,1
211.666,0.5342,1,6,6,1
211.698,0.5358,1,6,6,1
211.731,0.5371,1,6,6,1
211.767,0.5408,1,6,6,1
211.798,0.5457,1,6,6,1
211.833,0.5486,1,6,6,1
211.865,0.5553,1,6,6,1
211.898,0.5629,1,6,6,1
211.931,0.5670,1,6,6,1
211.965,0.5756,1,6,6,1
211.999,0.5847,1,6,6,1
212.034,0.5941,1,6,6,1
212.064,0.5988,1,6,6,1
212.100,0.6080,1,6,6,1
212.133,0.6122,1,6,6,1
212.165,0.6200,1,6,6,1
212.199,0.6264,1,6,6,1
212.231,0.6289,1,6,6,1
212.267,0.6324,1,6,6,1
212.298,0.6338,1,6,6,1
212.332,0.6337,1,6,6,1
212.365,0.6320,1,6,6,1
212.401,0.6286,1,6,6,1
212.432,0.6263,1,6,6,1
212.465,0.6206,1,6,6,1
212.499,0.6136,1,6,6,1
212.533,0.6057,1,6,6,1
212.565,0.6015,1,6,6,1
212.601,0.5925,1,6,6,1
212.632,0.5877,1,6,6,1
212.667,0.5780,1,6,6,1
212.701,0.5682,1,6,6,1
212.734,0.5582,1,6,6,1
212.767,0.5533,1,6,6,1
212.798,0.5434,1,6,6,1
212.831,0.5386,1,6,6,1
212.867,0.5288,1,6,6,1
212.899,0.5190,1,6,6,1
212.931,0.5142,1,6,6,1
212.967,0.5043,1,6,6,1
212.999,0.4945,1,6,6,1
213.031,0.4896,0,7,7,0
213.066,0.4797,0,7,7,0
213.099,0.4698,0,7,7,0
213.131,0.4648,0,7,7,0
213.164,0.4549,0,7,7,0
213.200,0.4449,0,7,7,0
213.231,0.4400,0,7,7,0
213.267,0.4300,0,7,7,0
213.300,0.4201,0,7,7,0
213.334,0.4102,0,7,7,0
213.367,0.4053,0,7,7,0
213.399,0.3953,0,7,7,0
213.431,0.3901,0,7,7,0
213.464,0.3792,0,7,7,0
213.499,0.3681,0,7,7,0
213.531,0.3626,0,7,7,0
213.565,0.3513,0,7,7,0
213.600,0.3401,0,7,7,0
213.634,0.3290,0,7,7,0
213.664,0.3236,0,7,7,0
213.698,0.3127,0,7,7,0
213.733,0.3021,0,7,7,0
213.766,0.2969,0,7,7,0
213.800,0.2864,0,7,7,0
213.832,0.2812,0,7,7,0
213.866,0.2707,0,7,7,0
213.898,0.2604,0,7,7,0
213.934,0.2503,0,7,7,0
213.967,0.2454,0,7,7,0
213.999,0.2362,0,7,7,0
214.031,0.2320,0,7,7,0
214.067,0.2247,0,7,7,0
214.100,0.2190,0,7,7,0
214.133,0.2150,0,7,7,0
214.167,0.2135,0,7,7,0
214.199,0.2116,0,7,7,0
214.232,0.2110,0,7,7,0
214.265,0.2107,0,7,7,0
214.301,0.2110,0,7,7,0
214.334,0.2117,0,7,7,0
214.367,0.2122,0,7,7,0
214.400,0.2131,0,7,7,0
214.432,0.2136,0,7,7,0
214.464,0.2144,0,7,7,0
214.500,0.2151,0,7,7,0
214.531,0.2154,0,7,7,0
214.567,0.2158,0,7,7,0
214.598,0.2160,0,7,7,0
214.631,0.2161,0,7,7,0
214.664,0.2162,0,7,7,0
214.700,0.2161,0,7,7,0
214.732,0.2161,0,7,7,0
214.764,0.2160,0,7,7,0
214.800,0.2159,0,7,7,0
214.832,0.2159,0,7,7,0
214.864,0.2157,0,7,7,0
214.900,0.2157,0,7,7,0
214.931,0.2156,0,7,7,0
214.967,0.2156,0,7,7,0
214.999,0.2155,0,7,7,0
215.031,0.2155,0,7,7,0
215.066,0.2155,0,7,7,0
215.099,0.2155,0,7,7,0
215.133,0.2155,0,7,7,0
215.165,0.2155,0,7,7,0
215.200,0.2155,0,0,0,0
215.232,0.2155,0,0,0,0
215.265,0.2155,0,0,0,0
215.300,0.2156,0,0,0,0
215.331,0.2156,0,0,0,0
215.364,0.2156,0,0,0,0
215.398,0.2156,0,0,0,0
215.431,0.2156,0,0,0,0
215.464,0.2156,0,0,0,0
215.501,0.2156,0,0,0,0
215.533,0.2156,0,0,0,0
215.565,0.2156,0,0,0,0
215.598,0.2156,0,0,0,0
215.631,0.2156,0,0,0,0
215.666,0.2156,0,0,0,0
215.698,0.2156,0,0,0,0
215.734,0.2156,0,0,0,0
215.918,0.2156,0,0,0,0
216.251,0.2156,0,0,0,0
216.542,0.2156,0,0,0,0
216.568,0.2156,0,0,0,0
216.609,0.2156,0,0,0,0
216.641,0.2156,0,0,0,0
216.674,0.2156,0,0,0,0
216.707,0.2156,0,0,0,0
216.741,0.2156,0,0,0,0
216.775,0.2156,0,0,0,0
216.808,0.2156,0,0,0,0
216.842,0.2156,0,0,0,0
216.872,0.2156,0,0,0,0
216.907,0.2156,0,0,0,0
216.941,0.2156,0,0,0,0
216.971,0.2156,0,0,0,0
217.009,0.2156,0,0,0,0
217.039,0.2156,0,0,0,0
217.075,0.2156,0,0,0,0
217.107,0.2156,0,0,0,0
217.141,0.2156,0,0,0,0
217.175,0.2156,0,0,0,0
217.207,0.2156,0,0,0,0
217.240,0.2156,0,0,0,0
217.274,0.2156,0,0,0,0
217.308,0.2156,0,0,0,0
217.341,0.2156,0,0,0,0
217.374,0.2156,0,0,0,0
217.405,0.2156,0,0,0,0
217.441,0.2156,0,0,0,0
217.475,0.2156,0,0,0,0
217.509,0.2156,0,0,0,0
217.540,0.2156,0,0,0,0
217.574,0.2156,0,0,0,0
217.608,0.2156,0,0,0,0
217.639,0.2156,0,0,0,0
217.673,0.2156,0,0,0,0
217.703,0.2156,0,0,0,0
